法人番号,法人名,都道府県,市区町村,番地,郵便番号
1010401132290,株式会社栗清デザイン,兵庫県,加古川市,別府町別府８３３番地の１パレ・ロワイヤル別府９０３号,6750122
1140001011155,ミツレフーズ株式会社,兵庫県,加古川市,平岡町一色西２丁目９９番地,6750117
1140001022895,ＳＲＩエンジニアリング株式会社,兵庫県,加古川市,野口町水足１９６０番地,6750019
1140001024875,株式会社ノブ,兵庫県,加古川市,西神吉町大国２４５番地の５,6750044
1140001032201,株式会社信玄,兵庫県,加古川市,別府町東町２５−１,6750135
1140001034569,株式会社碓氷商店,兵庫県,加古川市,加古川町北在家２００６番地,6750031
1140001034981,シマブンテック株式会社,兵庫県,加古川市,尾上町池田１８８４番地の１,6750023
1140001036012,株式会社アモール,兵庫県,加古川市,平岡町新在家２丁目２７７番地,6750101
1140001042423,アイワ農機株式会社,兵庫県,加古川市,野口町良野１５０９番地,6750017
1140001042448,朝日コンクリート工業株式会社,兵庫県,加古川市,別府町新野辺１２５０番地の１,6750131
1140001042456,株式会社亜米里庵,兵庫県,加古川市,尾上町池田８３番地の１４,6750023
1140001042480,株式会社イズミオートセンター,兵庫県,加古川市,加古川町河原９８番地,6750067
1140001042489,株式会社一蔵,兵庫県,加古川市,平荘町里３８１−１,6751232
1140001042497,井上石油株式会社,兵庫県,加古川市,平岡町一色３３６番地の５,6750115
1140001042506,株式会社イワケ容器,兵庫県,加古川市,尾上町長田２４５番地１,6750024
1140001042514,池本石油販売株式会社,兵庫県,加古川市,志方町投松３６６番地の１,6750313
1140001042530,エイコー株式会社,兵庫県,加古川市,志方町成井１１０番地の３,6750334
1140001042539,尾上ロープ加工株式会社,兵庫県,加古川市,尾上町今福１２８番地,6750027
1140001042547,オメガオイル株式会社,兵庫県,加古川市,尾上町養田１５２９番地の１,6750025
1140001042555,尾上開発株式会社,兵庫県,加古川市,尾上町安田４９９番地の１,6750021
1140001042563,小川不動産開発株式会社,兵庫県,加古川市,加古川町河原４６８番地の６,6750067
1140001042588,加古川蔬菜株式会社,兵庫県,加古川市,野口町野口５３１番地の１,6750012
1140001042596,株式会社加古川組,兵庫県,加古川市,加古川町本町１７２番地の１,6750037
1140001042605,株式会社エス・ケー・エス,兵庫県,加古川市,尾上町今福５０１番地の７,6750027
1140001042613,株式会社エクステリア兵庫,兵庫県,加古川市,野口町坂元３２９番地の５３,6750018
1140001042621,株式会社エフエムコーポレーシヨン,兵庫県,加古川市,志方町志方町１４８４番地,6750321
1140001042638,大崎青果株式会社,兵庫県,加古川市,野口町長砂７０７番地,6750016
1140001042646,株式会社大西自動車,兵庫県,加古川市,平岡町高畑２６３番地の１,6750103
1140001042654,大村株式会社,兵庫県,加古川市,加古川町溝之口５６０番地,6750064
1140001042662,株式会社岡田屋商店,兵庫県,加古川市,加古川町本町２５番地の５,6750037
1140001042670,株式会社近畿技研,兵庫県,加古川市,加古川町備後字東代２３番地１５,6750032
1140001042679,岸本青果株式会社,兵庫県,加古川市,志方町横大路１１８５番地の１,6750332
1140001042687,北野電機株式会社,兵庫県,加古川市,別府町宮田町９番地,6750132
1140001042712,共立商事株式会社,兵庫県,加古川市,野口町野口１１８番地,6750012
1140001042729,クラウン商事株式会社,兵庫県,加古川市,平岡町高畑５２０番地の１７,6750103
1140001042737,栗山電機株式会社,兵庫県,加古川市,志方町細工所５５７番地,6750303
1140001042753,宏栄鉄工株式会社,兵庫県,加古川市,別府町新野辺北町５丁目９４番地の１,6750121
1140001042778,株式会社コスモバード,兵庫県,加古川市,野口町良野３３９番地の２,6750017
1140001042794,株式会社コニパック,兵庫県,加古川市,米田町平津３５０番地の６,6750054
1140001042803,株式会社加古川ビル,兵庫県,加古川市,加古川町寺家町６６番地の３,6750066
1140001042811,籠谷木材株式会社,兵庫県,加古川市,加古川町粟津２５３番地の４,6750039
1140001042828,株式会社関西エンジニアリング,兵庫県,加古川市,加古川町稲屋１１０７番地の４,6750034
1140001042836,加藤商事株式会社,兵庫県,加古川市,加古川町平野２４番地の１,6750063
1140001042844,株式会社かながわ,兵庫県,加古川市,加古川町本町１１５番地の７,6750037
1140001042852,カピル開発株式会社,兵庫県,加古川市,加古川町溝之口５０７番地,6750064
1140001042860,株式会社川口商店,兵庫県,加古川市,加古川町寺家町３７９番地の１,6750066
1140001042869,小林商事株式会社,兵庫県,加古川市,加古川町寺家町４０番地,6750066
1140001042877,株式会社コヤマテクノ,兵庫県,加古川市,平岡町一色西２丁目３１４番地,6750117
1140001042885,株式会社斉藤工務店,兵庫県,加古川市,西神吉町大国７２３番地の４２,6750044
1140001042893,株式会社山陽開発,兵庫県,加古川市,野口町良野１７６２番地,6750017
1140001042902,株式会社三和アート,兵庫県,加古川市,加古川町篠原町１０４番地の２,6750065
1140001042927,志方建設株式会社,兵庫県,加古川市,志方町上冨木５６８番地の３,6750314
1140001042935,株式会社新生商会,兵庫県,加古川市,野口町北野字白池６９２番地の２５,6750011
1140001042943,株式会社シブタニ,兵庫県,加古川市,野口町北野８４８番地の２,6750011
1140001042951,株式会社三建,兵庫県,加古川市,加古川町溝之口５８４番地,6750064
1140001042968,株式会社サクライ,兵庫県,加古川市,平岡町中野２０６番地,6750113
1140001042984,株式会社サンテツク,兵庫県,加古川市,八幡町中西条１０９３番地の１３,6751205
1140001043000,株式会社詳文館,兵庫県,加古川市,加古川町河原２１１番地の１,6750067
1140001043009,昭和木材株式会社,兵庫県,加古川市,尾上町養田３丁目６番地,6750025
1140001043025,株式会社ジャパニーズ・ドリーム・リアライゼーション,兵庫県,加古川市,東神吉町神吉１０８１番地の１,6750057
1140001043033,神和機械株式会社,兵庫県,加古川市,別府町新野辺７６７番地の５,6750131
1140001043041,杉本水道株式会社,兵庫県,加古川市,野口町野口５１５番地の１,6750012
1140001043058,株式会社セーラー,兵庫県,加古川市,志方町成井４８６番地の６,6750334
1140001043066,株式会社ソーイングマルエ,兵庫県,加古川市,別府町新野辺北町６丁目５番地,6750121
1140001043090,大一電機工業株式会社,兵庫県,加古川市,加古川町大野１１５５番地の１,6750061
1140001043099,大黒商事株式会社,兵庫県,加古川市,加古川町寺家町５６番地の６,6750066
1140001043108,大成産業株式会社,兵庫県,加古川市,加古川町寺家町５６番地,6750066
1140001043116,株式会社ダイチ,兵庫県,加古川市,加古川町木村５８７番地の４,6750038
1140001043124,太陽海陸運輸株式会社,兵庫県,加古川市,別府町新野辺２９７３番地,6750131
1140001043132,株式会社大和工務店,兵庫県,加古川市,尾上町養田１４１３番地の１,6750025
1140001043140,高砂電機材料株式会社,兵庫県,加古川市,神野町西之山４４１番地,6750007
1140001043149,多木商事株式会社,兵庫県,加古川市,別府町緑町１番地,6750124
1140001043157,多木物産株式会社,兵庫県,加古川市,別府町緑町２番地,6750124
1140001043165,株式会社Ｔ．Ｌ．Ａ．Ｍ,兵庫県,加古川市,別府町石町８９番地−１０２,6750127
1140001043173,株式会社田代工務店,兵庫県,加古川市,八幡町中西条２６０番地,6751205
1140001043181,株式会社ダックスオート,兵庫県,加古川市,野口町水足１６２６番地の５３,6750019
1140001043198,株式会社スナオ,兵庫県,加古川市,野口町北野５０番地の１,6750011
1140001043207,株式会社ナインユニティ,兵庫県,加古川市,志方町志方町１５３８番地の１,6750321
1140001043215,株式会社中谷工業,兵庫県,加古川市,西神吉町大国６５番地の１,6750044
1140001043223,中村義一建材株式会社,兵庫県,加古川市,別府町本町１丁目１７番地の１,6750126
1140001043231,株式会社西海醤油店,兵庫県,加古川市,加古川町木村２９４番地の４,6750038
1140001043248,株式会社日産設備,兵庫県,加古川市,野口町水足５１５番地の３,6750019
1140001043256,株式会社ごくらくや,兵庫県,加古川市,加古川町備後竹ハナ２９９番地,6750032
1140001043264,ネクスト・ワン株式会社,兵庫県,加古川市,加古川町粟津８０５番地の３,6750039
1140001043272,株式会社中央建設,兵庫県,加古川市,西神吉町辻２９２番地の１,6750046
1140001043289,株式会社天神組,兵庫県,加古川市,加古川町寺家町１１番地の１,6750066
1140001043297,株式会社トーコーテック,兵庫県,加古川市,神野町石守７２９番地の２,6750005
1140001043306,東城自動車工業株式会社,兵庫県,加古川市,米田町平津６８０番地の１,6750054
1140001043322,株式会社トップライフ,兵庫県,加古川市,野口町野口２８６番地の１東加古川ハイタウンＡ４０２,6750012
1140001043330,株式会社ハリマエアコン,兵庫県,加古川市,西神吉町鼎１７２番地の１,6750047
1140001043339,株式会社ハリマスポーツセンターセブンボウル,兵庫県,加古川市,野口町坂元１３８番地,6750018
1140001043347,播磨ハウジング株式会社,兵庫県,加古川市,加古川町粟津２３５番地,6750039
1140001043355,株式会社ビイ・エス・シイ,兵庫県,加古川市,平岡町新在家１１３６,6750101
1140001043363,光化成株式会社,兵庫県,加古川市,平岡町土山４８２番地の３,6750104
1140001043371,姫伸電設株式会社,兵庫県,加古川市,野口町水足１２５２,6750019
1140001043388,株式会社兵庫電商,兵庫県,加古川市,尾上町池田２０４３番地２,6750023
1140001043396,株式会社兵庫センイ・ソックス,兵庫県,加古川市,東神吉町升田１１５５番地,6750051
1140001043405,ハウス木工株式会社,兵庫県,加古川市,上荘町国包８１８番地の２,6751213
1140001043413,株式会社長谷川商店,兵庫県,加古川市,尾上町池田１０２番地の１,6750023
1140001043421,株式会社ハンズ丸十,兵庫県,加古川市,加古川町中津４４８番地の１,6750068
1140001043438,株式会社畑滝製作所,兵庫県,加古川市,上荘町国包３１２番地１,6751213
1140001043446,株式会社はなふさ住研,兵庫県,加古川市,尾上町口里６０９番地の１,6750022
1140001043454,株式会社ハマダ,兵庫県,加古川市,平岡町新在家１丁目２６０番地の１０,6750101
1140001043470,株式会社兵庫リフォーム,兵庫県,加古川市,平岡町新在家２丁目２７１番地の３,6750101
1140001043487,株式会社ファースト・ワン,兵庫県,加古川市,尾上町池田４７５−２,6750023
1140001043495,株式会社福谷建設,兵庫県,加古川市,平荘町小畑３３８番地の１,6751235
1140001043504,藤沢精工株式会社,兵庫県,加古川市,尾上町養田字養田開拓１５２９番地の８,6750025
1140001043512,株式会社藤本モータース,兵庫県,加古川市,尾上町今福３６０番地の１,6750027
1140001043520,株式会社不動産流通センター,兵庫県,加古川市,平岡町新在家１丁目２５６番地の１４,6750101
1140001043529,株式会社プレリア,兵庫県,加古川市,加古川町粟津２２５番地,6750039
1140001043537,株式会社兵生商会,兵庫県,加古川市,平岡町新在家７５２番地の４６,6750101
1140001043545,豊栄開発株式会社,兵庫県,加古川市,東神吉町神吉１０３７番地の１,6750057
1140001043553,株式会社ホーム流通サービス,兵庫県,加古川市,加古川町寺家町６６番地の１,6750066
1140001043561,株式会社ホンダ東城,兵庫県,加古川市,米田町平津６６２番地,6750054
1140001043578,緑園ハウジング株式会社,兵庫県,加古川市,尾上町長田５１７番地の２９,6750024
1140001043586,マスダ道路株式会社,兵庫県,加古川市,別府町西脇１６２番地,6750125
1140001043594,株式会社松尾刃物製作所,兵庫県,加古川市,八幡町船町１０５番地,6751206
1140001043603,播磨電材株式会社,兵庫県,加古川市,加古川町本町２９４番地の８,6750037
1140001043628,株式会社ＭＭＷ,兵庫県,加古川市,加古川町溝之口１７１番地の１,6750064
1140001043636,三木興産株式会社,兵庫県,加古川市,東神吉町西井ノ口２８５番地の２,6750055
1140001043644,株式会社三島塗建工業,兵庫県,加古川市,平荘町一本松５２３番地,6751236
1140001043660,株式会社ミヤシタ,兵庫県,加古川市,志方町岡１３７番地の５,6750311
1140001043669,ミヤマ電化株式会社,兵庫県,加古川市,尾上町安田１０２番地の２,6750021
1140001043677,株式会社名貴,兵庫県,加古川市,加古川町篠原町１３番地の４,6750065
1140001043685,株式会社明展,兵庫県,加古川市,八幡町宗佐３２９番地の４,6751201
1140001043693,メディカルコンタクトレンズ株式会社,兵庫県,加古川市,加古川町寺家町３６番地の１３,6750066
1140001043710,株式会社安川商店,兵庫県,加古川市,平岡町二俣７８５番地の１,6750111
1140001043719,株式会社山菱,兵庫県,加古川市,八幡町上西条１０９９番地の５,6751204
1140001043727,株式会社山田商店,兵庫県,加古川市,神野町西条６４４番地,6750009
1140001043735,株式会社ローヤルタクシー,兵庫県,加古川市,尾上町長田２４６番地の１,6750024
1140001043743,株式会社ヤマワキ,兵庫県,加古川市,加古川町篠原町１３番地の４,6750065
1140001043751,弓削建設株式会社,兵庫県,加古川市,平荘町西山７１１番地の１,6751234
1140001043768,吉村商事株式会社,兵庫県,加古川市,平岡町新在家２７０番地の９,6750101
1140001043776,株式会社淮田商店,兵庫県,加古川市,加古川町篠原町８１番地の１,6750065
1140001043784,若松商事株式会社,兵庫県,加古川市,平岡町新在家２丁目２６５番地の１,6750101
1140001043792,株式会社リードイン,兵庫県,加古川市,加古川町友沢１６５番地の１,6750035
1140001043842,印南米穀株式会社,兵庫県,加古川市,米田町平津４９１番地の２,6750054
1140001044353,国際エアフレイト株式会社,兵庫県,加古川市,尾上町養田１２９８番地１,6750025
1140001044361,株式会社さくら住建,兵庫県,加古川市,尾上町安田４３９番地の１,6750021
1140001044394,巴製缶株式会社,兵庫県,加古川市,尾上町養田１５２４−１,6750025
1140001044452,菱神産業株式会社,兵庫県,加古川市,加古川町北在家５５０番地の１０,6750031
1140001044519,株式会社旭光,兵庫県,加古川市,平岡町新在家２２４３番地の９６,6750101
1140001044683,株式会社レック,兵庫県,加古川市,野口町水足工業団地内,6750019
1140001044717,株式会社近畿ハウス,兵庫県,加古川市,尾上町養田１４９２番地の２,6750025
1140001044733,株式会社ファインシステム,兵庫県,加古川市,加古川町平野１８５番地の１,6750063
1140001044741,株式会社ういんくホーム,兵庫県,加古川市,平岡町土山１２２４番地の６,6750104
1140001044766,株式会社新和測器,兵庫県,加古川市,加古川町北在家７９０番地の４,6750031
1140001044774,株式会社サイエンスワーク,兵庫県,加古川市,別府町新野辺１４７番地の５,6750131
1140001044808,株式会社環境プランテック,兵庫県,加古川市,尾上町養田１５２４番地の１ＫＰＴビル,6750025
1140001044989,株式会社北條製あん,兵庫県,加古川市,加古川町溝之口５５６番地の６,6750064
1140001044997,株式会社三和製作所,兵庫県,加古川市,加古川町篠原町１６０番地の１４,6750065
1140001045005,株式会社サニー・エース,兵庫県,加古川市,加古川町大野１１４番地の１,6750061
1140001045046,大日塗装工業株式会社,兵庫県,加古川市,平岡町新在家２丁目２７４番地１５,6750101
1140001045137,株式会社ＦＲＰ関西,兵庫県,加古川市,別府町元町１５６番地,6750134
1140001045145,株式会社ウイル,兵庫県,加古川市,別府町別府６８２−６,6750122
1140001045178,株式会社有神,兵庫県,加古川市,別府町別府８９１番地第３２９川辺ビル,6750122
1140001045186,株式会社ＳＡＫＵＭＩ,兵庫県,加古川市,別府町新野辺１２００−２３,6750131
1140001045194,株式会社小万,兵庫県,加古川市,平岡町中野１９０番地,6750113
1140001045211,株式会社兵庫ジェーシービー,兵庫県,加古川市,八幡町野村８５３番地の３,6751202
1140001045244,株式会社デジタルプリプレスセンター,兵庫県,加古川市,平岡町西谷字大割２３番地の３,6750102
1140001045260,株式会社いっぽ,兵庫県,加古川市,尾上町長田８５番地,6750024
1140001045269,日清プラントサービス株式会社,兵庫県,加古川市,尾上町池田２１８４番地,6750023
1140001045285,株式会社マルチメディアテクノロジー,兵庫県,加古川市,加古川町南備後３８０番地の１,6750033
1140001045293,株式会社サンシャイン,兵庫県,加古川市,志方町上冨木６７２番地の１,6750314
1140001045327,株式会社ゴシキ,兵庫県,加古川市,東神吉町西井ノ口谷田２７１番地の２,6750055
1140001045343,株式会社阪神水道,兵庫県,加古川市,神野町西条１１３８番地の３,6750009
1140001045351,ユーテック株式会社,兵庫県,加古川市,野口町北野７４１番地の１,6750011
1140001045401,株式会社あじでり,兵庫県,加古川市,加古川町北在家２５１８番地,6750031
1140001045426,株式会社ケイステーション,兵庫県,加古川市,野口町長砂８２３番地の１,6750016
1140001045434,株式会社アイエム工業,兵庫県,加古川市,尾上町口里６０６番地,6750022
1140001045442,株式会社ジー・ベスト,兵庫県,加古川市,別府町新野辺北町８丁目２８−１,6750121
1140001045459,株式会社アメニティ・プランニング,兵庫県,加古川市,尾上町池田７７４番地,6750023
1140001045509,株式会社翔建,兵庫県,加古川市,東神吉町出河原８３８番地の１,6750052
1140001045525,株式会社芝武大阪,兵庫県,加古川市,平岡町高畑２８５番地,6750103
1140001045541,株式会社小林,兵庫県,加古川市,平岡町新在家８３番地の１３,6750101
1140001045566,株式会社ふくふく,兵庫県,加古川市,西神吉町鼎５７５番地の１,6750047
1140001045624,成平工業株式会社,兵庫県,加古川市,野口町北野１２７８番地の３５,6750011
1140001045632,株式会社ＭＩ・コーポレーション,兵庫県,加古川市,平岡町一色５９７番地の５ルイシャトレ東加古川３０１号,6750115
1140001045640,株式会社播神工業,兵庫県,加古川市,別府町朝日町５６番地の２,6750123
1140001045657,株式会社ふぁーみんサポート東はりま,兵庫県,加古川市,平荘町神木４４番地,6751222
1140001045665,株式会社コラット,兵庫県,加古川市,加古川町西河原１６番地の８,6750036
1140001045698,一心技工株式会社,兵庫県,加古川市,別府町新野辺北町８丁目３６番地の２,6750121
1140001045723,株式会社ライズシステム,兵庫県,加古川市,別府町西脇９１番地の５,6750125
1140001045731,株式会社ライズステップ,兵庫県,加古川市,野口町古大内４２６番地の７,6750014
1140001045748,株式会社Ｉ．Ｊ．Ｃ,兵庫県,加古川市,志方町廣尾１２２４番地,6750312
1140001045797,株式会社ルート構造設計事務所,兵庫県,加古川市,加古川町中津８２０番地の１,6750068
1140001045806,Ｔｒｉｎｉｔｙ株式会社,兵庫県,加古川市,神野町石守６５４−６７,6750005
1140001045814,Ｊ．ＡＵＴＯ株式会社,兵庫県,加古川市,別府町元町１１１番地,6750134
1140001045830,株式会社ガーデンハウス,兵庫県,加古川市,加古川町河原３５番地の２７,6750067
1140001045847,タチバナ自動車株式会社,兵庫県,加古川市,野口町野口８９番地の２,6750012
1140001045855,メグインターナショナル株式会社,兵庫県,加古川市,野口町北野７２３番地の１ソファレサンシャイン１−１０２号,6750011
1140001045871,株式会社ウェルネススポーツクラブ加古川,兵庫県,加古川市,加古川町寺家町３７２番地３,6750066
1140001045896,株式会社エコ・ルート,兵庫県,加古川市,米田町平津３２５番地の３,6750054
1140001045905,株式会社禍福終始,兵庫県,加古川市,平岡町一色６６７番地の６,6750115
1140001045913,シバテック株式会社,兵庫県,加古川市,神野町石守５７５番地の１６,6750005
1140001045954,株式会社ＳＥＣ,兵庫県,加古川市,野口町野口１２９番地の９４,6750012
1140001045987,株式会社イーグル保険サービス,兵庫県,加古川市,野口町坂元１００１番地,6750018
1140001046003,トータルＩＴソリューションズ株式会社,兵庫県,加古川市,平岡町新在家９４６−９,6750101
1140001046028,株式会社コロンビア,兵庫県,加古川市,尾上町安田２３２番地１,6750021
1140001046036,株式会社ルート,兵庫県,加古川市,平岡町新在家７５２番地の４６東加古川ハイタウンＢ２０９号,6750101
1140001046044,株式会社カピマート,兵庫県,加古川市,加古川町篠原町２１番地の８,6750065
1140001046052,播州自動車株式会社,兵庫県,加古川市,平岡町山之上２６０番地,6750112
1140001046060,株式会社マテリアル,兵庫県,加古川市,神野町西条１４２１番地の４,6750009
1140001046069,株式会社プレア,兵庫県,加古川市,野口町良野１７８１番地,6750017
1140001046077,株式会社国際進学教育研究社,兵庫県,加古川市,加古川町篠原町９番１号ＯＫビル５階,6750065
1140001046119,別府タクシー株式会社,兵庫県,加古川市,別府町西脇２丁目６番地,6750125
1140001046135,三喜株式会社,兵庫県,加古川市,神野町神野４１４番地の１４,6750003
1140001046143,成美産業株式会社,兵庫県,加古川市,志方町高畑５９２番地,6750304
1140001046151,株式会社ユニウェル,兵庫県,加古川市,平岡町新在家１丁目２６３,6750101
1140001046192,株式会社ファイン,兵庫県,加古川市,別府町石町７４番地の３,6750127
1140001046201,コナカエステート株式会社,兵庫県,加古川市,平岡町新在家１１９番地の２,6750101
1140001046250,株式会社ハタヤマ,兵庫県,加古川市,加古川町平野１８番地の２０,6750063
1140001046259,株式会社エルフ,兵庫県,加古川市,加古川町本町２３番２−６０２,6750037
1140001046275,株式会社アシストウェア,兵庫県,加古川市,西神吉町岸５３６番地の６５,6750045
1140001046283,Ｂｅｓｔ　Ｃａｒｓ　Ｔｒａｄｉｎｇ株式会社,兵庫県,加古川市,八幡町宗佐５３７番地の１,6751201
1140001046291,株式会社ソレイユ,兵庫県,加古川市,加古川町平野１８１番地,6750063
1140001046300,株式会社ＴＭＳ,兵庫県,加古川市,西神吉町中西２０７番地の７,6750043
1140001046309,株式会社タートルハウス,兵庫県,加古川市,野口町長砂７５７−３,6750016
1140001046341,株式会社ＩＣ．ハリマ,兵庫県,加古川市,西神吉町大国６９３番地の１９,6750044
1140001046382,山本不動産管理株式会社,兵庫県,加古川市,別府町新野辺７８８番地,6750131
1140001046390,株式会社ＴＵプランニング,兵庫県,加古川市,平荘町西山２７２番地,6751234
1140001046440,サンソニック兵庫株式会社,兵庫県,加古川市,加古川町木村５４１番地の１２,6750038
1140001046449,ライズ株式会社,兵庫県,加古川市,加古川町粟津１０６８番地,6750039
1140001046457,秀栄設計株式会社,兵庫県,加古川市,加古川町溝之口１７０番地の１Ｄ−スクウェア加古川３０８号,6750064
1140001046465,仲盛商事株式会社,兵庫県,加古川市,平岡町土山３９０番地平岡団地２３−３０２号,6750104
1140001057025,ＴＳプランニング株式会社,兵庫県,加古川市,野口町水足５２５番地の１３,6750019
1140001057033,ＩＢＮリスクコンサルティング株式会社,兵庫県,加古川市,加古川町篠原町５９番地の３,6750065
1140001057347,アングラーズドリーム株式会社,兵庫県,加古川市,野口町長砂１１７３番地の１,6750016
1140001086461,はりま紙商株式会社,兵庫県,加古川市,尾上町池田字池田開拓１８９７番地８,6750023
1140001086610,ベスト株式会社,兵庫県,加古川市,八幡町中西条３９９番地,6751205
1140001086701,株式会社三優テック,兵庫県,加古川市,加古川町大野２８２番地の４,6750061
1140001087583,株式会社創和,兵庫県,加古川市,新神野３丁目１９番１４号,6750008
1140001087872,株式会社ＫＭＳ,兵庫県,加古川市,加古川町稲屋８３３番地の２４,6750034
1140001087947,株式会社柴田工業,兵庫県,加古川市,野口町北野１２６１−１０１,6750011
1140001088672,佐藤ホーム株式会社,兵庫県,加古川市,加古川町南備後３２４番地の１９,6750033
1140001088714,株式会社ＢｅＣｌｏｕｄ,兵庫県,加古川市,野口町良野６０番地の２３,6750017
1140001088912,株式会社真心フーズ,兵庫県,加古川市,加古川町河原１７８番地の１,6750067
1140001089101,株式会社中田建設,兵庫県,加古川市,野口町野口７７２番地の４,6750012
1140001089407,株式会社Ｇｒｅｅｎ　Ｌｅａｆ,兵庫県,加古川市,東神吉町西井ノ口字富士元６００番地１,6750055
1140001089464,株式会社ライン,兵庫県,加古川市,上荘町都染２５８番地,6751216
1140001089555,加古川ブレード株式会社,兵庫県,加古川市,尾上町養田１５３３番地,6750025
1140001090455,スディング株式会社,兵庫県,加古川市,尾上町池田１６７９番地の４,6750023
1140001090587,株式会社アイオライト,兵庫県,加古川市,加古川町美乃利３８０番地の２７,6750062
1140001091841,株式会社フォレストワン,兵庫県,加古川市,野口町良野６４３番地の１２,6750017
1140001092286,開成電気工業株式会社,兵庫県,加古川市,加古川町稲屋４９５番地,6750034
1140001092690,株式会社ＰＥＡＣＥ,兵庫県,加古川市,別府町新野辺北町６丁目６６番地,6750121
1140001093152,株式会社リッチファースト,兵庫県,加古川市,平岡町新在家１３８５番地の２,6750101
1140001093383,株式会社ＥＣＯアシスト,兵庫県,加古川市,平岡町新在家２丁目２６４番地の１５,6750101
1140001096072,株式会社みらいエステート,兵庫県,加古川市,東神吉町神吉１２０３番地２,6750057
1140001096394,株式会社大西鳶工,兵庫県,加古川市,野口町北野５５５,6750011
1140001096436,株式会社アドミックプラス,兵庫県,加古川市,加古川町大野１１５２番地Ｌ．Ｂ．Ｉ東ビル３階,6750061
1140001096774,株式会社エフ＆ディー,兵庫県,加古川市,尾上町養田４３１番地の８,6750025
1140001097938,株式会社ＣＡＮ　ＢＥ,兵庫県,加古川市,米田町平津７３３番地の３３,6750054
1140001097970,ＥＬＭ株式会社,兵庫県,加古川市,野口町北野６９２−１１,6750011
1140001097987,株式会社ケイアイエステート,兵庫県,加古川市,加古川町友沢２５４番地の１,6750035
1140001098168,株式会社ＯＫＤ,兵庫県,加古川市,野口町水足１２３番地の２６,6750019
1140001098606,株式会社アップライト,兵庫県,加古川市,志方町西中２２７番地の１,6750346
1140001098969,ＫＯＹＯ　Ａｓｓｉｓｔ株式会社,兵庫県,加古川市,神野町西条５８０番地,6750009
1140001099372,水田印刷株式会社,兵庫県,加古川市,加古川町粟津３９９番地の１,6750039
1140001099430,錦商事株式会社,兵庫県,加古川市,野口町水足９３２−２,6750019
1140001099562,株式会社バンズ,兵庫県,加古川市,新神野６丁目２２−３,6750008
1140001100503,ｃｒｅＸ株式会社,兵庫県,加古川市,志方町山中２８９番地の１,6750336
1140001100817,株式会社クズナズン,兵庫県,加古川市,上荘町都染４９４番地の１,6751216
1140001101105,株式会社アイユー,兵庫県,加古川市,尾上町旭１丁目２７番地,6750026
1140001101212,株式会社プエブロ,兵庫県,加古川市,平岡町二俣８５６番地の１３,6750111
1140001101419,グッドサークル株式会社,兵庫県,加古川市,野口町坂元北３丁目３９番地の２,6750010
1140001101963,株式会社あおい住宅販売,兵庫県,加古川市,別府町別府９７４番地の１パルネ吉野１０３号室,6750122
1140001102086,株式会社フタガワ伊万里,兵庫県,加古川市,平岡町二俣２４９番地１,6750111
1140001103217,株式会社ランドフォール,兵庫県,加古川市,平岡町土山１０番地の１０ミツヤビル２Ｆ,6750104
1140001103596,株式会社杉本工業,兵庫県,加古川市,尾上町口里４７９−１−１００２,6750022
1140001103646,株式会社神庭設備工業,兵庫県,加古川市,別府町新野辺北町８丁目７６番地の１,6750121
1140001103794,株式会社町おこしエネルギー,兵庫県,加古川市,平岡町新在家１３７９番地の１,6750101
1140001104165,Ｆｕｔｕｌｏ　Ｅｓｔｒｅｌｌａ株式会社,兵庫県,加古川市,加古川町寺家町３７２番地３,6750066
1140001104561,株式会社ＭｉＣｒｅｗ,兵庫県,加古川市,加古川町溝之口７９番地の７,6750064
1140001105221,ショウエイテック株式会社,兵庫県,加古川市,尾上町養田１２８２−１１,6750025
1140001105320,関西ＥＮＧ株式会社,兵庫県,加古川市,別府町新野辺３２７０番地,6750131
1140001105361,ＧＥクリエイト株式会社,兵庫県,加古川市,平岡町一色東２丁目４８７番地の４,6750116
1140001105659,株式会社ミュージックカラー音楽教室,兵庫県,加古川市,野口町良野６１１番地の２,6750017
1140001105857,株式会社塚本工業,兵庫県,加古川市,加古川町寺家町１１番地の１２アルファステイツ加古川駅南１１０４号,6750066
1140001105881,株式会社北神商会,兵庫県,加古川市,志方町細工所１０５４番地の２,6750303
1140001106509,株式会社ＬＴ,兵庫県,加古川市,尾上町安田５５１番地の１５,6750021
1140001107580,株式会社食道楽,兵庫県,加古川市,加古川町木村１０５番地の７,6750038
1140001107804,株式会社Ｆｅａｔ,兵庫県,加古川市,平岡町新在家６６番地の１スカイパレス１０５号,6750101
1140001108240,昭和インターナショナル株式会社,兵庫県,加古川市,平岡町新在家１１９番地の２,6750101
1140001108802,株式会社エフトップ,兵庫県,加古川市,平岡町つつじ野１番地の１８２,6750105
1140001108868,株式会社にじのわ,兵庫県,加古川市,尾上町口里４０番１１号浜の宮ビル２０３号,6750022
1140001110196,株式会社柴田損害鑑定事務所,兵庫県,加古川市,平岡町新在家２丁目２６６−１０−６０１,6750101
1140001110353,株式会社ＮＫ工業,兵庫県,加古川市,別府町朝日町７,6750123
1140001110386,株式会社オオニシ,兵庫県,加古川市,別府町元町１９２番地,6750134
1140001110519,株式会社ラビット児童福祉会,兵庫県,加古川市,野口町長砂４９−８,6750016
1140001111161,株式会社セカンドハンド,兵庫県,加古川市,野口町北野５６９番地の２,6750011
1140001112242,株式会社翔栄鉄工,兵庫県,加古川市,志方町原７６番地の３,6750335
1140001112440,井上鉄工株式会社,兵庫県,加古川市,志方町西牧２９９番地,6750331
1140001112589,株式会社ＤＲＥＡＭ　ＢＡＳＥ５５,兵庫県,加古川市,尾上町池田６４２,6750023
1140001112911,フジ鋼業株式会社,兵庫県,加古川市,野口町水足北浦１４４２−１,6750019
1140001113034,株式会社ＴＮコンサルティング,兵庫県,加古川市,加古川町西河原１６５番地の４,6750036
1140001113224,株式会社オフィス左近,兵庫県,加古川市,東神吉町升田１１８２番地の１,6750051
1140001113249,加古川オートグラス株式会社,兵庫県,加古川市,加古川町本町３０２番地の１,6750037
1140001113257,株式会社ＴＨＥ　ＣＯＭＰＡＮＹ,兵庫県,加古川市,平岡町一色西２丁目２０３−２−１０２,6750117
1140001114783,株式会社谷口組,兵庫県,加古川市,別府町新野辺北町３丁目５０番地の６,6750121
1140001115294,株式会社Ｊｅｔｌｉｎｅ,兵庫県,加古川市,尾上町今福４６５番地の１,6750027
1140001116061,株式会社大濱海苔店,兵庫県,加古川市,尾上町池田８３番地の１,6750023
1140001116086,株式会社タナカ内装,兵庫県,加古川市,平岡町二俣２４番地の１,6750111
1140001116986,株式会社ＭＩＸ　ＣＡＲＳ,兵庫県,加古川市,加古川町北在家２２３２番地,6750031
1140001117043,株式会社トップランアカデミー,兵庫県,加古川市,平岡町一色９３番地,6750115
1140001117076,株式会社ＫＳランディングス,兵庫県,加古川市,八幡町中西条１０７７−２,6751205
1140001117489,Ｎ企画株式会社,兵庫県,加古川市,平岡町二俣９０５番地の１４７,6750111
1140001118264,株式会社ｉｌｏ,兵庫県,加古川市,加古川町粟津６２番地の５,6750039
1140001118553,ＦＢクリエイツ株式会社,兵庫県,加古川市,加古川町篠原町１３番地スカイシービル,6750065
1140001119378,加古川冷熱株式会社,兵庫県,加古川市,平岡町新在家１７４５番地の３４３,6750101
1140001119626,株式会社Ｌｅａｐ,兵庫県,加古川市,加古川町寺家町１７３番地の１,6750066
1140001120113,株式会社稗田建設,兵庫県,加古川市,志方町大澤１２１７番地,6750301
1140001120253,ＡＭＷ株式会社,兵庫県,加古川市,志方町廣尾３８２番地,6750312
1140001120369,セワ株式会社,兵庫県,加古川市,神野町神野１１６１番地１,6750003
1140001120880,株式会社ＷＥＳＴ　ＢＬＵＥ,兵庫県,加古川市,東神吉町神吉９９５番地,6750057
1140001121276,株式会社Ｌａｕｎｄｌｙｗｏｒｋｓ,兵庫県,加古川市,野口町長砂２８５番地の１６,6750016
1140001121458,長安工業株式会社,兵庫県,加古川市,西神吉町宮前４３４−３,6750041
1140001121771,株式会社Ｓ−Ｌｉｆｅ,兵庫県,加古川市,野口町良野１６１５番地,6750017
1140001122010,株式会社ＴＲＩＰＬＥ　ＯＮＥ,兵庫県,加古川市,平岡町高畑５５０番８号,6750103
1140001122571,株式会社南都開発,兵庫県,加古川市,加古川町溝之口５０７番地,6750064
1140001123157,株式会社Ｈａｐｐｙ　Ｓｍｉｌｅ,兵庫県,加古川市,平岡町新在家２５１３番地の３,6750101
1140001123322,株式会社ＷｉｎＤｕｃｅ,兵庫県,加古川市,平岡町高畑７２７番地の１、Ｂ１号,6750103
1140001124122,株式会社ブライトサービスジャパン,兵庫県,加古川市,平荘町里８９８−４,6751232
1140001124163,株式会社ＳｈｉＡｒｅａｌｌ,兵庫県,加古川市,別府町新野辺１２００番地の２３,6750131
1140001124469,株式会社川崎建築,兵庫県,加古川市,野口町古大内１５番地の１６,6750014
1140001124898,株式会社和希コンサルタント,兵庫県,加古川市,平岡町新在家３丁目２８５番地の１８,6750101
1140001125038,株式会社Ｒｅｖｉｓｅ,兵庫県,加古川市,加古川町美乃利１１８−２,6750062
1140001125112,株式会社タカラ,兵庫県,加古川市,加古川町稲屋４４４番地４,6750034
1140001125178,株式会社ＳＡＮＫＡＫＵ,兵庫県,加古川市,加古川町溝之口５７８番１号,6750064
1140001125401,株式会社ＷＡＫＡ,兵庫県,加古川市,平岡町新在家２丁目２７０番地の１１ラブローテ東加古川２Ｆ,6750101
1140001125491,株式会社マルアイ店舗保有,兵庫県,加古川市,神野町神野２２５番地１,6750003
1140001125599,株式会社想侑,兵庫県,加古川市,加古川町北在家６７４番地の１,6750031
1140001126416,株式会社Ｋ‐ｓｔｕｄｉｏ,兵庫県,加古川市,東神吉町升田１５１,6750051
1140001127166,株式会社介護デジタル研究所,兵庫県,加古川市,平岡町新在家６００番地の６,6750101
1140001128032,株式会社シンフーズ,兵庫県,加古川市,志方町横大路６６番地の２,6750332
1140001128040,株式会社ＴＩＲＥＭＡＸ,兵庫県,加古川市,米田町平津４１番地の６,6750054
1140001128057,播磨不動産株式会社,兵庫県,加古川市,野口町良野１５２４番地,6750017
1140001128123,株式会社アンジュリーナ,兵庫県,加古川市,志方町西山２３３番地の１,6750333
1140001128412,木村興業株式会社,兵庫県,加古川市,野口町北野１２９５番地の１,6750011
1140001128924,株式会社フィリア,兵庫県,加古川市,米田町平津１４３番地の３,6750054
1140001129121,株式会社八・光龍,兵庫県,加古川市,八幡町下村８９０番地の１,6751203
1140001129492,タスクポータル株式会社,兵庫県,加古川市,平岡町新在家５８９番地の１ラ・カーサ・ミーア２０３号,6750101
1140001129518,株式会社ＫＢＭ配送,兵庫県,加古川市,尾上町養田１４８９番地,6750025
1140001130517,スローライフ株式会社,兵庫県,加古川市,加古川町寺家町６２１ＪＡビル２Ｆ,6750066
1140001130731,株式会社日本の古酒蔵,兵庫県,加古川市,野口町良野１０２１番地,6750017
1140001130780,株式会社永井水産,兵庫県,加古川市,東神吉町神吉１７１７番地の４,6750057
1140001130946,株式会社エスニカ,兵庫県,加古川市,加古川町南備後２５番地の１,6750033
1140001131201,株式会社レジェンド,兵庫県,加古川市,別府町本町１丁目３１番地の１サーパス別府３０３号,6750126
1140001131242,株式会社片岡総建,兵庫県,加古川市,加古川町木村７５４番地の４７,6750038
1140001131523,株式会社フジデン,兵庫県,加古川市,平岡町土山４１４番地の２,6750104
1140001131589,株式会社ＫＭ,兵庫県,加古川市,平岡町土山６８７番地の５,6750104
1140001131837,株式会社ＲＡＹＳ,兵庫県,加古川市,東神吉町西井ノ口６２３番地の５,6750055
1140001132050,ニクノ株式会社,兵庫県,加古川市,志方町志方町１５３８番地の１,6750321
1140001132117,株式会社ＳＳＭ,兵庫県,加古川市,平岡町新在家７１６−１４東加古川ヤングビル３０６号室,6750101
1140001132372,株式会社ＫＣＮ,兵庫県,加古川市,加古川町中津１５５−１１,6750068
1140001132728,株式会社シャリネタ,兵庫県,加古川市,東神吉町神吉１３３９番地の１,6750057
1140001132868,株式会社アクタライズ,兵庫県,加古川市,加古川町中津２１９番地の２１,6750068
1140001132983,株式会社Ｈｏｋｋａｉｄｏ　ｓｎｏｗ　ｆａｃｔｏｒｙ,兵庫県,加古川市,志方町東中３４７−２,6750306
1140001133081,株式会社ＳＨＩＲＯＯＫＡ,兵庫県,加古川市,加古川町稲屋１００９番地５,6750034
1140001134063,株式会社Ｋｚアーキデザイン,兵庫県,加古川市,米田町平津２７番地の２,6750054
1140001134261,株式会社ＴＹ,兵庫県,加古川市,尾上町池田１６９９番地の２,6750023
1140001135193,株式会社ケーエスエンジニアリング,兵庫県,加古川市,加古川町木村７０９番地の２,6750038
1140001135367,株式会社アンダードッグ,兵庫県,加古川市,平岡町新在家２丁目２６８番地の１２セピアハウス１階,6750101
1140001135771,株式会社住田商店東店,兵庫県,加古川市,平岡町高畑１５７番地の１,6750103
1140001136200,株式会社想努,兵庫県,加古川市,平岡町新在家１４９番地の７パレードビル２Ｆ,6750101
1140001136720,株式会社ハナセレモ,兵庫県,加古川市,野口町水足１−８,6750019
1140001136745,株式会社豪己,兵庫県,加古川市,西神吉町岸５２２番地の１サザンスクエア加古川５０１号,6750045
1140001137248,株式会社尚建築,兵庫県,加古川市,平荘町養老２２８番地の２,6751231
1140001137719,株式会社キャピタルグリット,兵庫県,加古川市,平岡町新在家１３８８番地の１,6750101
1140001137917,インフラクト株式会社,兵庫県,加古川市,加古川町溝之口７６９番地ミキアネックスビル１Ｆ,6750064
1140001138709,ＰＬＵＳ　Ｇａｒａｇｅ株式会社,兵庫県,加古川市,八幡町宗佐６３６番地の１,6751201
1140001138972,株式会社マーチン,兵庫県,加古川市,平岡町高畑１５１番地５エルエスビル１０３,6750103
1140001139269,株式会社３３９,兵庫県,加古川市,尾上町今福１６０番地の３リベール加古川南３０６号,6750027
1140001139442,株式会社ＡＩＲＣＲＡ,兵庫県,加古川市,野口町二屋３１７番地の８,6750013
1140001140094,株式会社ＨＡＬグループ,兵庫県,加古川市,野口町長砂１２９９番地の１２,6750016
1140001140219,ＳＡＩＳＥＩ不動産株式会社,兵庫県,加古川市,尾上町口里８１６番地２,6750022
1140001140508,ＭＡＲＢＬＥ‐ｃｏｒｅｐｌｕｓ株式会社,兵庫県,加古川市,山手１丁目２１番６−１号,6750002
1140001141407,Ｋ２ＰＲＳ株式会社,兵庫県,加古川市,加古川町寺家町６２１番地ＪＡビル２Ｆ,6750066
1140001141885,ＳｍｉＬａｎｄ株式会社,兵庫県,加古川市,平岡町新在家１００５番地,6750101
1140001142041,株式会社らたやホーム,兵庫県,加古川市,野口町北野１１６１−８,6750011
1140002035946,株式会社秀豊,兵庫県,加古川市,尾上町長田２４８番地の１,6750024
1140002036696,株式会社マツオ,兵庫県,加古川市,加古川町木村２０番地の１２,6750038
1140002038354,株式会社兵庫トレーディング,兵庫県,加古川市,八幡町野村字ズヘノ上８５２−７,6751202
1140003021185,株式会社ＳＵＮＰＬＡＣＥ,兵庫県,加古川市,西神吉町岸６８４番地の８,6750045
1230001016896,株式会社ＹＥＳ,兵庫県,加古川市,別府町別府６８３番地の５,6750122
1480001010619,株式会社ＫＥＳ,兵庫県,加古川市,尾上町池田７６８−６,6750023
2010001223266,株式会社コスモライフ,兵庫県,加古川市,加古川町備後３５８番地の１,6750032
2010401145812,株式会社コスモライフ,兵庫県,加古川市,加古川町備後３５８番地の１,6750032
2020001099755,日本社会基盤投資株式会社,兵庫県,加古川市,別府町別府７７０,6750122
2021001067999,株式会社剛之輔,兵庫県,加古川市,志方町高畑６０４番地３,6750304
2120001106666,神鋼エア・ウォーター・ガス株式会社,兵庫県,加古川市,尾上町池田１９０８番地４,6750023
2120001162593,ＩＢＮスターファイナンシャルグループ株式会社,兵庫県,加古川市,加古川町篠原町５９番地の３,6750065
2120001169119,株式会社Ｐｒｉｍａ　Ｌｕｃｅ,兵庫県,加古川市,平岡町新在家２５６２−３４,6750101
2120001189975,株式会社ＳＩＢ,兵庫県,加古川市,加古川町寺家町６２１番地,6750066
2120001200584,株式会社ＨＡＪＩＭＥコーポレーション,兵庫県,加古川市,西神吉町岸１９５番地の１,6750045
2120001245919,フードメディック株式会社,兵庫県,加古川市,東神吉町西井ノ口８１６番地の１１,6750055
2140001007301,株式会社グローバル,兵庫県,加古川市,平岡町新在家１１００番地の１,6750101
2140001017366,オリエントマーブル株式会社,兵庫県,加古川市,平岡町高畑４８４番地の８,6750103
2140001021046,住宅夢工房株式会社,兵庫県,加古川市,加古川町南備後２０６番地,6750033
2140001027951,サンセリテ株式会社,兵庫県,加古川市,野口町北野１２０７番地の２０４,6750011
2140001033801,ＢＢＡインベストメント株式会社,兵庫県,加古川市,平岡町新在家１丁目２６０番地の１５,6750101
2140001037629,株式会社モデル,兵庫県,加古川市,平岡町新在家８７４番地７,6750101
2140001037736,エス・ケー・トレーディング株式会社,兵庫県,加古川市,八幡町野村８５６−１,6751202
2140001042414,青木組株式会社,兵庫県,加古川市,野口町坂元６４７番地,6750018
2140001042422,株式会社アイテック,兵庫県,加古川市,尾上町養田１４９７の３,6750025
2140001042430,明石文化トーヨー住器株式会社,兵庫県,加古川市,志方町永室７１３番地,6750347
2140001042439,旭株式会社,兵庫県,加古川市,平岡町新在家８９３番地の１,6750101
2140001042455,株式会社アミモト,兵庫県,加古川市,平岡町一色東３丁目２８番地,6750116
2140001042463,株式会社アルタリコ,兵庫県,加古川市,野口町水足５２５番地の１６,6750019
2140001042471,株式会社池田塗装店,兵庫県,加古川市,加古川町寺家町３１番地の１,6750066
2140001042488,株式会社市川築炉,兵庫県,加古川市,尾上町養田１４９７の３,6750025
2140001042496,井上化成株式会社,兵庫県,加古川市,東神吉町天下原１０６番地の１,6750058
2140001042505,今津産業株式会社,兵庫県,加古川市,尾上町長田５１７番地,6750024
2140001042513,株式会社池田商店,兵庫県,加古川市,尾上町池田１８３３番地,6750023
2140001042521,株式会社上埜,兵庫県,加古川市,八幡町宗佐１４２２番地の２,6751201
2140001042546,小原ラジエーター株式会社,兵庫県,加古川市,米田町船頭３９０番地の８,6750053
2140001042554,株式会社尾上ゴルフセンター,兵庫県,加古川市,尾上町安田４９９番地の１,6750021
2140001042579,株式会社加古川製作所,兵庫県,加古川市,上荘町薬栗３２６番地,6751217
2140001042587,東レＫＰフィルム株式会社,兵庫県,加古川市,野口町古大内５１０番地,6750014
2140001042595,株式会社加古川家具センター,兵庫県,加古川市,加古川町寺家町３３８番地の１,6750066
2140001042620,株式会社エフ・エル・エス,兵庫県,加古川市,加古川町大野１００９番地の３,6750061
2140001042629,エレックス株式会社,兵庫県,加古川市,平岡町高畑３９２番地の１,6750103
2140001042637,オークラ輸送機株式会社,兵庫県,加古川市,野口町古大内９００番地,6750014
2140001042645,大西工業株式会社,兵庫県,加古川市,神野町西条７９０番地の１,6750009
2140001042653,大廣建設株式会社,兵庫県,加古川市,平岡町新在家２丁目２６７番地の１１,6750101
2140001042661,岡田電工株式会社,兵庫県,加古川市,東神吉町升田８４４番地,6750051
2140001042678,株式会社岸本サービス,兵庫県,加古川市,平荘町養老１６６番地の１,6751231
2140001042686,株式会社喜多農機,兵庫県,加古川市,東神吉町神吉９３９番地の３,6750057
2140001042703,協伸マテック株式会社,兵庫県,加古川市,野口町水足１３８１番地の２,6750019
2140001042711,株式会社キョーリ,兵庫県,加古川市,加古川町北在家２６０９番地,6750031
2140001042728,クラウン・ソツクス株式会社,兵庫県,加古川市,西神吉町大国１４０番地,6750044
2140001042744,ケイ・テイ・メンテナンス株式会社,兵庫県,加古川市,加古川町粟津４３５番地の７,6750039
2140001042760,株式会社神戸デイベロツプ,兵庫県,加古川市,加古川町溝之口５７２番地,6750064
2140001042785,株式会社後藤商店,兵庫県,加古川市,平岡町新在家１０２２番地,6750101
2140001042802,加古川物流株式会社,兵庫県,加古川市,別府町西脇２丁目６番地,6750125
2140001042810,株式会社籠谷棉行,兵庫県,加古川市,神野町西条９４５番地,6750009
2140001042819,加古川合同運送株式会社,兵庫県,加古川市,野口町北野４７６番地の１,6750011
2140001042827,関西医療株式会社,兵庫県,加古川市,加古川町備後３９４番地,6750032
2140001042835,株式会社佳秀不動産,兵庫県,加古川市,野口町良野１６０４番地,6750017
2140001042843,カンノ空調株式会社,兵庫県,加古川市,新神野３丁目８番１２号,6750008
2140001042876,五陽園株式会社,兵庫県,加古川市,尾上町養田５２７番地,6750025
2140001042892,山陽開発株式会社,兵庫県,加古川市,上荘町井ノ口９２５番地,6751212
2140001042901,山陽建設株式会社,兵庫県,加古川市,志方町野尻１８６,6750302
2140001042918,株式会社シード・トレーデイング,兵庫県,加古川市,志方町細工所２７５番地,6750303
2140001042926,しき島商事株式会社,兵庫県,加古川市,別府町緑町２番地,6750124
2140001042942,株式会社新聞システム,兵庫県,加古川市,加古川町木村７４５番地の５,6750038
2140001042967,株式会社さくら恒産,兵庫県,加古川市,加古川町粟津１６６番地,6750039
2140001042975,株式会社佐々木興産,兵庫県,加古川市,別府町石町９８番地,6750127
2140001042983,三徳建設株式会社,兵庫県,加古川市,加古川町平野４２番地の１,6750063
2140001043008,株式会社ジュエル水主,兵庫県,加古川市,加古川町北在家７２０番地の９,6750031
2140001043016,株式会社松竹酒舗,兵庫県,加古川市,野口町坂元３０９番１,6750018
2140001043024,株式会社ジャパンエス・ジイ,兵庫県,加古川市,東神吉町砂部１７１番地,6750056
2140001043040,杉村電気株式会社,兵庫県,加古川市,平岡町山之上２４８番地,6750112
2140001043049,清起株式会社,兵庫県,加古川市,神野町福留５４４番地,6750004
2140001043057,株式会社セイムコーポレイション,兵庫県,加古川市,西神吉町岸１５２番地の３,6750045
2140001043065,株式会社とくら,兵庫県,加古川市,加古川町稲屋２０番地の４,6750034
2140001043073,株式会社創美,兵庫県,加古川市,加古川町大野１４３３番地,6750061
2140001043081,大栄工業株式会社,兵庫県,加古川市,八幡町宗佐１２７７番地の１,6751201
2140001043098,大建エンジニアリング株式会社,兵庫県,加古川市,平岡町新在家４８８番地の１５,6750101
2140001043107,大成工材株式会社,兵庫県,加古川市,東神吉町神吉１０８７番地の１,6750057
2140001043115,株式会社大粧企画,兵庫県,加古川市,志方町成井１８９番地,6750334
2140001043123,太陽住宅株式会社,兵庫県,加古川市,加古川町溝之口５１０番地の３１,6750064
2140001043131,株式会社ダイワ設備,兵庫県,加古川市,野口町良野５９２番地の１,6750017
2140001043172,高松興業株式会社,兵庫県,加古川市,平荘町山角１３５番地の１,6751221
2140001043180,株式会社タット企画,兵庫県,加古川市,平岡町一色西２丁目３６９番地の１,6750117
2140001043197,株式会社タナカレイダン,兵庫県,加古川市,志方町横大路９３９番地の２,6750332
2140001043206,株式会社奈央,兵庫県,加古川市,加古川町稲屋９７１番地の７,6750034
2140001043239,西日本東洋株式会社,兵庫県,加古川市,米田町平津５３６番地の４,6750054
2140001043247,日進機工株式会社,兵庫県,加古川市,尾上町養田１５７６番地,6750025
2140001043263,ネクストガス株式会社,兵庫県,加古川市,加古川町粟津８０５番地の３,6750039
2140001043271,玉垣運送株式会社,兵庫県,加古川市,志方町投松２７６番地２,6750313
2140001043288,株式会社電研,兵庫県,加古川市,東神吉町神吉８２３番地の１９３,6750057
2140001043313,株式会社東洋造成総合開発,兵庫県,加古川市,平岡町二俣８７７番地,6750111
2140001043338,播磨繊維株式会社,兵庫県,加古川市,志方町原１０３６番地,6750335
2140001043354,株式会社ハリマ流通センター,兵庫県,加古川市,東神吉町升田１１５５番地,6750051
2140001043362,株式会社ビアンテミカド,兵庫県,加古川市,加古川町篠原町２３番地の１６,6750065
2140001043379,株式会社兵庫タイムス本社,兵庫県,加古川市,野口町良野２２６番地,6750017
2140001043395,株式会社兵庫製作所,兵庫県,加古川市,尾上町池田１９４５番地の２,6750023
2140001043404,株式会社はうす・ぷらん,兵庫県,加古川市,東神吉町神吉４０９番地の８,6750057
2140001043412,長谷川興産株式会社,兵庫県,加古川市,加古川町粟津１１３番地,6750039
2140001043420,橋本商事株式会社,兵庫県,加古川市,尾上町池田１８５番地,6750023
2140001043437,株式会社ハタ製作所,兵庫県,加古川市,上荘町国包６００番地,6751213
2140001043445,ハナフサ株式会社,兵庫県,加古川市,神野町西条５９５番地,6750009
2140001043453,浜田商事株式会社,兵庫県,加古川市,野口町長砂７０７番地,6750016
2140001043461,株式会社バンレン,兵庫県,加古川市,志方町上冨木５１番地,6750314
2140001043494,福田運輸株式会社,兵庫県,加古川市,志方町西中１１１−１,6750346
2140001043503,株式会社不二商会,兵庫県,加古川市,別府町新野辺北町５丁目９８番地,6750121
2140001043511,株式会社フジモトプレス,兵庫県,加古川市,別府町別府７６１番地,6750122
2140001043528,株式会社フナハラ,兵庫県,加古川市,加古川町平野字関根１０６番地,6750063
2140001043536,ヘイアンケミカル株式会社,兵庫県,加古川市,加古川町溝之口１８５番地の２,6750064
2140001043544,ベンリ商事株式会社,兵庫県,加古川市,野口町北野字白池６９３番地の２,6750011
2140001043552,株式会社ホームプラザ,兵庫県,加古川市,米田町平津４７１番地の１,6750054
2140001043560,細川建設株式会社,兵庫県,加古川市,東神吉町神吉８２３番地,6750057
2140001043569,前川建設株式会社,兵庫県,加古川市,野口町良野１５０６番地,6750017
2140001043577,株式会社前田商店,兵庫県,加古川市,平荘町小畑１０２５番地,6751235
2140001043593,松本砕石株式会社,兵庫県,加古川市,志方町細工所１１３０番地の２４,6750303
2140001043602,株式会社まん徳,兵庫県,加古川市,加古川町寺家町３２０番地,6750066
2140001043610,株式会社松本システム研究所,兵庫県,加古川市,西神吉町岸５８５番地３,6750045
2140001043619,丸幸鉄工株式会社,兵庫県,加古川市,尾上町口里字ソブソブ６７０番地２３,6750022
2140001043627,丸高建設工業株式会社,兵庫県,加古川市,東神吉町西井ノ口８７４番地,6750055
2140001043635,株式会社三浦鉄筋,兵庫県,加古川市,東神吉町升田８９２番地の７,6750051
2140001043643,ミズノテック株式会社,兵庫県,加古川市,加古川町本町１９番地の２９,6750037
2140001043651,ミナミニット株式会社,兵庫県,加古川市,平荘町小畑１２００番地の１,6751235
2140001043668,株式会社宮永商店,兵庫県,加古川市,志方町細工所１１０番地の１,6750303
2140001043676,村上輪業株式会社,兵庫県,加古川市,加古川町木村９６番地,6750038
2140001043684,明昭工業株式会社,兵庫県,加古川市,平岡町高畑１３８番地４,6750103
2140001043692,大通商事株式会社,兵庫県,加古川市,平岡町土山７５３番地の２１,6750104
2140001043701,株式会社森商店,兵庫県,加古川市,加古川町溝之口２３９番地の１,6750064
2140001043718,株式会社やぶの地所,兵庫県,加古川市,東神吉町神吉６０８番地の９７,6750057
2140001043726,ヤマトー株式会社,兵庫県,加古川市,東神吉町神吉１７４番地の７,6750057
2140001043734,ロイヤルカンパニー株式会社,兵庫県,加古川市,平岡町一色西２丁目２０１番地,6750117
2140001043750,株式会社友立,兵庫県,加古川市,加古川町粟津４１９番地の１,6750039
2140001043767,株式会社ヨシモト,兵庫県,加古川市,野口町野口１０１番地の１０,6750012
2140001043775,株式会社ワイダ,兵庫県,加古川市,加古川町篠原町８１番地の１,6750065
2140001043783,和光ハウジング株式会社,兵庫県,加古川市,上荘町薬栗４１９番地,6751217
2140001043791,株式会社リカーショップ神野,兵庫県,加古川市,別府町新野辺２５５４番地,6750131
2140001043800,株式会社リバーヘッズ,兵庫県,加古川市,平岡町西谷８３番地,6750102
2140001043924,山陽液化ガス株式会社,兵庫県,加古川市,尾上町長田６４番地の４,6750024
2140001044237,株式会社ホクヨウ,兵庫県,加古川市,西神吉町岸２８１番地の４,6750045
2140001044369,昭和フェルト株式会社,兵庫県,加古川市,野口町良野９６７番地の１,6750017
2140001044534,株式会社コスモゴルフ,兵庫県,加古川市,平岡町新在家１３７５番地の５,6750101
2140001044666,株式会社アイビーシー,兵庫県,加古川市,別府町新野辺北町６丁目３８番地,6750121
2140001044682,ＩＢＮホールディングス株式会社,兵庫県,加古川市,加古川町篠原町５９番地の３,6750065
2140001044708,グローバル電子株式会社,兵庫県,加古川市,平岡町中野８６１番地の１,6750113
2140001044732,株式会社椿館,兵庫県,加古川市,尾上町口里８１６番地２,6750022
2140001044757,ＳＩＣ株式会社,兵庫県,加古川市,尾上町養田４３１番地の８,6750025
2140001044765,株式会社エコ・ジャパン,兵庫県,加古川市,平荘町上原６１６番地,6751224
2140001044798,有機アグロ株式会社,兵庫県,加古川市,別府町新野辺３０６２番地,6750131
2140001044815,株式会社匠陽,兵庫県,加古川市,加古川町北在家２４６３,6750031
2140001044996,大洋化成株式会社,兵庫県,加古川市,野口町野口竹ノ下２３２,6750012
2140001045004,ＢＡＮ−ＢＡＮネットワークス株式会社,兵庫県,加古川市,加古川町粟津２６番地の２,6750039
2140001045020,尾上三光石油株式会社,兵庫県,加古川市,尾上町池田７３６番地１,6750023
2140001045202,株式会社原田乳販,兵庫県,加古川市,野口町水足字東代１２３番地の１８,6750019
2140001045219,株式会社Ｇａｒａｍｅ,兵庫県,加古川市,尾上町養田７４６番地の１０,6750025
2140001045292,タカセホーム株式会社,兵庫県,加古川市,加古川町北在家２０４８番地,6750031
2140001045301,中部クレーン工業株式会社,兵庫県,加古川市,加古川町西河原３６番地の９,6750036
2140001045326,株式会社パールトップ,兵庫県,加古川市,西神吉町岸３４７番地の１,6750045
2140001045342,関西住建株式会社,兵庫県,加古川市,加古川町北在家２４６８番地,6750031
2140001045350,Ｔ．Ｒ．Ｓ株式会社,兵庫県,加古川市,東神吉町神吉９４５番地の８,6750057
2140001045367,株式会社フロンティア,兵庫県,加古川市,西神吉町中西１５５番地の６,6750043
2140001045375,株式会社ウィズライフ,兵庫県,加古川市,平岡町新在家２５９５番地の２２,6750101
2140001045383,株式会社サン・メンテック,兵庫県,加古川市,上荘町薬栗８９４番１,6751217
2140001045391,アルト株式会社,兵庫県,加古川市,志方町志方町９１９番地の４,6750321
2140001045409,エフ・メディカル株式会社,兵庫県,加古川市,野口町長砂４３８番地,6750016
2140001045417,株式会社北野と．北野,兵庫県,加古川市,野口町野口１−９,6750012
2140001045425,和食技研株式会社,兵庫県,加古川市,上荘町薬栗８９０番地の１,6751217
2140001045441,株式会社テクノシステム,兵庫県,加古川市,加古川町大野４５３番地の２,6750061
2140001045466,Ｔ＆Ｃエステート株式会社,兵庫県,加古川市,米田町平津２４３番地１,6750054
2140001045474,兵庫不動産センター株式会社,兵庫県,加古川市,平岡町土山１２１５番地の１,6750104
2140001045482,株式会社兆屋本店,兵庫県,加古川市,平岡町土山１１０４番地の２,6750104
2140001045508,株式会社フィリーズギャラリー,兵庫県,加古川市,平岡町新在家１４９番地の７パレードビル２Ｆ,6750101
2140001045516,株式会社フクテック,兵庫県,加古川市,八幡町野村８０番地２,6751202
2140001045540,春名工業株式会社,兵庫県,加古川市,西神吉町岸４６６番地の１,6750045
2140001045549,株式会社ゼネラル,兵庫県,加古川市,志方町志方町１３７３番地の１,6750321
2140001045581,大樽システム株式会社,兵庫県,加古川市,平岡町新在家２１２１−５,6750101
2140001045607,株式会社ＣＯＮＴＩＮＥＮＴＡＬ,兵庫県,加古川市,野口町北野１番地の１ローズヴィラ東加古川９２３号,6750011
2140001045615,株式会社イワモト,兵庫県,加古川市,米田町船頭５３５番地の１７,6750053
2140001045631,株式会社アズテック,兵庫県,加古川市,野口町北野４７０番地の３,6750011
2140001045648,株式会社ＵＮＩＴＹ,兵庫県,加古川市,野口町野口１２９−１２１,6750012
2140001045656,株式会社友好,兵庫県,加古川市,神野町神野１０７１番地の６,6750003
2140001045664,株式会社ドリカムパートナー,兵庫県,加古川市,加古川町南備後３０５番地の１,6750033
2140001045706,株式会社大晃物産,兵庫県,加古川市,志方町志方町１６２２番地の１,6750321
2140001045714,株式会社シイ企画,兵庫県,加古川市,加古川町寺家町４７番地の６,6750066
2140001045730,株式会社タクミ住建,兵庫県,加古川市,加古川町木村１０３番地の１,6750038
2140001045755,株式会社東洋メディカル,兵庫県,加古川市,尾上町口里７０１番地の２５,6750022
2140001045805,株式会社マイクロ・マキシマム,兵庫県,加古川市,平岡町土山５７９番地１６,6750104
2140001045813,株式会社フィルマｊｐ,兵庫県,加古川市,加古川町粟津１６０−１,6750039
2140001045838,株式会社平尾通商,兵庫県,加古川市,平岡町新在家２丁目２８０番地１３（２０１号）,6750101
2140001045846,株式会社ＴＨＩＮＫ,兵庫県,加古川市,加古川町寺家町３５２番地の４,6750066
2140001045862,株式会社エムワイ企画,兵庫県,加古川市,米田町平津７０２番地１,6750054
2140001045870,株式会社ラフィーネ,兵庫県,加古川市,神野町石守６５４番地の２０７,6750005
2140001045879,高翔技建株式会社,兵庫県,加古川市,平岡町新在家４９７番地の４ベルトピア東加古川１０３,6750101
2140001045887,スカイシードソフトウェア株式会社,兵庫県,加古川市,神野町西条７６１番地の７９,6750009
2140001045920,ハリマシステムクリエイト株式会社,兵庫県,加古川市,平岡町一色西２丁目９８番地の１,6750117
2140001045953,株式会社アカツキコーポレーション,兵庫県,加古川市,野口町野口４０２番地の２２,6750012
2140001045961,株式会社ボルクスジャパン,兵庫県,加古川市,加古川町南備後２５番地,6750033
2140001045978,株式会社橋本新聞舗,兵庫県,加古川市,神野町神野８０５番地の２,6750003
2140001045986,株式会社光和興業,兵庫県,加古川市,新神野３丁目２７番５−４０２号,6750008
2140001045994,グローバル・エスエフ株式会社,兵庫県,加古川市,加古川町粟津１０６０番地,6750039
2140001046019,株式会社ＩＭＧ,兵庫県,加古川市,西神吉町大国６９３番地の１９,6750044
2140001046027,株式会社理信工業,兵庫県,加古川市,上荘町都台１丁目２３番地の４,6751215
2140001046035,株式会社Ｍ．Ｌａｂ,兵庫県,加古川市,東神吉町神吉１１２３番地１,6750057
2140001046068,株式会社アドバンスクリエイト,兵庫県,加古川市,野口町水足１０７８番地の８,6750019
2140001046076,株式会社ヴォイス神戸,兵庫県,加古川市,平岡町二俣８８番地の１６,6750111
2140001046084,株式会社ＹＮサービス,兵庫県,加古川市,加古川町中津５５３番地の１０,6750068
2140001046092,株式会社ナオ,兵庫県,加古川市,志方町原２１５番地の１,6750335
2140001046101,株式会社ＫＦ,兵庫県,加古川市,加古川町河原６９番地の１,6750067
2140001046118,株式会社道清,兵庫県,加古川市,平荘町山角５３４番地の１,6751221
2140001046134,株式会社ダイリン,兵庫県,加古川市,野口町坂井１２３番地,6750015
2140001046150,株式会社ｍａｎｙ−Ｆ,兵庫県,加古川市,平岡町新在家１７４５番地の７,6750101
2140001046159,株式会社鷲地所,兵庫県,加古川市,尾上町口里８１４番地の２４,6750022
2140001046209,株式会社昌輝,兵庫県,加古川市,野口町坂元北１丁目２６番地の２,6750010
2140001046225,株式会社ホームセレクション,兵庫県,加古川市,別府町別府６７０番地の１,6750122
2140001046241,株式会社若宮土木興業,兵庫県,加古川市,別府町新野辺北町１丁目１番,6750121
2140001046258,株式会社稀代タイヤ,兵庫県,加古川市,神野町福留５８６番地の１,6750004
2140001046282,Ｃａｒｓ＆Ｐａｒｔｓ株式会社,兵庫県,加古川市,八幡町宗佐字杖ノ上５３７番１,6751201
2140001046299,株式会社クレスト,兵庫県,加古川市,加古川町篠原町１０３番地の５,6750065
2140001046308,株式会社Ｌｉｎデザイン事務所,兵庫県,加古川市,西神吉町岸３６８,6750045
2140001046324,株式会社ネオ・インターナショナル,兵庫県,加古川市,平岡町一色西２丁目２５６番地,6750117
2140001046340,株式会社住田商店,兵庫県,加古川市,加古川町寺家町７番地の１,6750066
2140001046349,株式会社ＪａｍＨｏｍｅエステート,兵庫県,加古川市,野口町良野４１４番地の１,6750017
2140001046365,戸部商事株式会社,兵庫県,加古川市,平岡町土山３２５番地の１,6750104
2140001046407,株式会社サンヒルズ,兵庫県,加古川市,尾上町口里７２４番地の３,6750022
2140001046415,株式会社ｅ‐Ｒｏｕｎｄ,兵庫県,加古川市,別府町新野辺北町３丁目７９−３,6750121
2140001046431,株式会社ハセガワ,兵庫県,加古川市,米田町平津５９４番地,6750054
2140001046448,株式会社ミシマ,兵庫県,加古川市,加古川町稲屋８４１番地の５８,6750034
2140001046456,多木物流株式会社,兵庫県,加古川市,別府町緑町１番地,6750124
2140001046464,株式会社島田工業,兵庫県,加古川市,西神吉町岸８１９番地の４,6750045
2140001047256,株式会社高砂栄船,兵庫県,加古川市,尾上町養田２３９番地の１,6750025
2140001057239,株式会社ＭＹロジスティック,兵庫県,加古川市,尾上町口里５１４番地の１,6750022
2140001057255,株式会社Ｂｒｅａｔｈ,兵庫県,加古川市,別府町新野辺北町３丁目５１番地の５,6750121
2140001062115,株式会社加古川ヤマトヤシキ友の会,兵庫県,加古川市,加古川町篠原町２１番地の８,6750065
2140001077823,株式会社エフティークラフト,兵庫県,加古川市,野口町良野１０１８番地の２,6750017
2140001087590,株式会社エス＆ケイ,兵庫県,加古川市,平荘町小畑６０８番地の５,6751235
2140001087608,株式会社タカタン,兵庫県,加古川市,加古川町粟津６６１番地の６,6750039
2140001087896,株式会社ヤマックス,兵庫県,加古川市,尾上町今福２１５番地の１−１０２号,6750027
2140001088457,株式会社弥生木工,兵庫県,加古川市,八幡町宗佐字上畑７２２番１,6751201
2140001089645,株式会社ソプラ・クリエーション,兵庫県,加古川市,神野町石守４１７番地１,6750005
2140001089827,株式会社アドバンテクノ,兵庫県,加古川市,尾上町養田６９４番地の１西野ビル２０３号,6750025
2140001090025,株式会社シンユーシステム,兵庫県,加古川市,加古川町寺家町６２１ＪＡビル２Ｆ,6750066
2140001090082,株式会社ゴルフライフ,兵庫県,加古川市,別府町西脇２丁目６番地,6750125
2140001090669,インフィニティプランニング株式会社,兵庫県,加古川市,米田町平津４４９番地の７,6750054
2140001090727,株式会社プレッジ,兵庫県,加古川市,加古川町北在家６７３番地の１,6750031
2140001091080,株式会社ベスト,兵庫県,加古川市,加古川町粟津２５８番地の９,6750039
2140001091221,株式会社弥栄,兵庫県,加古川市,平岡町一色西１丁目８２番地,6750117
2140001092418,株式会社オーテック,兵庫県,加古川市,野口町長砂２０番地の１サニーハイツ加古川参号棟４０６号,6750016
2140001092698,株式会社谷崎不動産事務所,兵庫県,加古川市,別府町朝日町７番地,6750123
2140001093366,株式会社ＧｌｏｂａｌＡｒｒｏｗｓ,兵庫県,加古川市,平岡町新在家３０５−２,6750101
2140001093481,株式会社クロテック,兵庫県,加古川市,別府町新野辺２７６８番地,6750131
2140001093580,株式会社明石ちくわ,兵庫県,加古川市,野口町長砂８２３番地の１,6750016
2140001093688,アイ設計株式会社,兵庫県,加古川市,尾上町安田７８９番地の２,6750021
2140001094307,株式会社ワイケイ,兵庫県,加古川市,平岡町新在家１１９２番地の２１４,6750101
2140001094488,株式会社ブルーアース,兵庫県,加古川市,加古川町西河原９７−１−１０７,6750036
2140001094810,株式会社ＭＡＲＫＳ,兵庫県,加古川市,東神吉町西井ノ口５８７,6750055
2140001094827,株式会社ユニオンアルファ,兵庫県,加古川市,野口町坂元３２９番地の６０,6750018
2140001095164,株式会社Ｄ・Ｅ・Ｂ,兵庫県,加古川市,野口町坂元１１０番地,6750018
2140001095239,株式会社ＫＫコンサルティング,兵庫県,加古川市,加古川町北在家５５２番地の１２,6750031
2140001095429,株式会社リベロワン,兵庫県,加古川市,尾上町池田４８７番地の１４,6750023
2140001095726,株式会社六甲かわら,兵庫県,加古川市,野口町水足２０２８番３,6750019
2140001095858,株式会社アンビエイツ,兵庫県,加古川市,尾上町池田２７４番地の４,6750023
2140001095932,株式会社ミライザ・プロデュース,兵庫県,加古川市,野口町北野９９１番地の５５,6750011
2140001097516,株式会社グリーンマネジメント,兵庫県,加古川市,平岡町新在家１１９２番地の１３３,6750101
2140001098010,株式会社Ｍ＆Ｋ,兵庫県,加古川市,平岡町新在家５８７番地の１,6750101
2140001098670,ウエスト・ライン株式会社,兵庫県,加古川市,別府町新野辺北町２丁目２６番,6750121
2140001099735,株式会社ＫＳプランニング,兵庫県,加古川市,加古川町大野２２６番地の１,6750061
2140001100196,株式会社もりた,兵庫県,加古川市,平岡町土山１１１０番地の１１１,6750104
2140001100287,西暖パレット株式会社,兵庫県,加古川市,志方町畑１１２３番地の２,6750341
2140001100824,株式会社タイズロジスティクス,兵庫県,加古川市,八幡町野村８４６番地の８株式会社ＴＩＥＳ内,6751202
2140001101277,株式会社長友運輸,兵庫県,加古川市,志方町志方町１６６１番地の２０,6750321
2140001101384,株式会社バリュー,兵庫県,加古川市,加古川町河原２０４番２号,6750067
2140001101426,株式会社ＥＩＫＯＵ,兵庫県,加古川市,平岡町新在家９２９番地の３０,6750101
2140001101566,ＬＣホールディングス株式会社,兵庫県,加古川市,東神吉町砂部１４０番地の２,6750056
2140001101987,株式会社ますふく,兵庫県,加古川市,志方町志方町１４４１番地の３,6750321
2140001102077,株式会社ファストカット,兵庫県,加古川市,加古川町寺家町３３３番地の２,6750066
2140001103406,株式会社まいぷれ加古川,兵庫県,加古川市,加古川町寺家町４５,6750066
2140001103629,エボルオ株式会社,兵庫県,加古川市,平岡町一色東２丁目４８７番地の４,6750116
2140001103991,株式会社クレバリー・テクニカル,兵庫県,加古川市,別府町新野辺１１９番地の１,6750131
2140001104619,株式会社ジージー・シーシー,兵庫県,加古川市,別府町新野辺北町３丁目６３番２号,6750121
2140001104874,株式会社アイメンテ,兵庫県,加古川市,別府町新野辺２５７４番地,6750131
2140001104965,株式会社ＦＲＯＧ,兵庫県,加古川市,野口町二屋１２９番地の１,6750013
2140001105303,株式会社フォーシーズンフーズ,兵庫県,加古川市,加古川町西河原９７番地の７サンロイヤル加古川リバージュＩＩ号館１１１３号,6750036
2140001105856,株式会社トータルヘルスサポート,兵庫県,加古川市,尾上町旭１丁目２７番地,6750026
2140001106771,株式会社翔,兵庫県,加古川市,野口町野口２８６番地の１東加古川ハイタウンＡ−３１６号,6750012
2140001107010,株式会社ＹｏｓｈｉＹｏｓｈｉ,兵庫県,加古川市,尾上町安田４８５番地の２３,6750021
2140001107480,株式会社小野田興業,兵庫県,加古川市,新神野６丁目２１番１３号,6750008
2140001107613,丸新重量株式会社,兵庫県,加古川市,尾上町口里４７９番地の１Ｍプラザ加古川五番館８０８号,6750022
2140001107811,株式会社つみき,兵庫県,加古川市,野口町北野８５０番地の８,6750011
2140001108297,株式会社まなべ屋,兵庫県,加古川市,別府町新野辺２５６４番地,6750131
2140001109650,華園商事株式会社,兵庫県,加古川市,野口町古大内５８１番地の２,6750014
2140001109840,株式会社ウェルシー,兵庫県,加古川市,平岡町新在家２０３６番地の６,6750101
2140001110674,株式会社きたむら,兵庫県,加古川市,加古川町粟津４１０番地の２,6750039
2140001110930,帝神志方ミート株式会社,兵庫県,加古川市,志方町志方町４４５番地,6750321
2140001110996,維新トランス株式会社,兵庫県,加古川市,別府町別府９１１番地の１,6750122
2140001111251,株式会社章栄,兵庫県,加古川市,加古川町北在家２６９５番地３階,6750031
2140001111573,株式会社オカモト,兵庫県,加古川市,山手２丁目９番１６号,6750002
2140001111581,株式会社Ｒｉｂｅｒｏ,兵庫県,加古川市,平岡町新在家１７１９番地の１,6750101
2140001111730,ＵＫＩ　ＭＯＮＯＬＵＣＫ株式会社,兵庫県,加古川市,八幡町野村１６６番地の１,6751202
2140001112654,株式会社緑電気工業,兵庫県,加古川市,平岡町中野井堀６２２番地の１,6750113
2140001113487,株式会社ＨＡＤＡＧＹＭ,兵庫県,加古川市,平岡町新在家６５３番地の１コテラックビル２階,6750101
2140001113677,株式会社しぎたに,兵庫県,加古川市,平岡町つつじ野２東加古川つつじ野アベニュー１７,6750105
2140001113834,株式会社Ｋ’ｚ　ＡＵＴＯ,兵庫県,加古川市,尾上町口里４９８番地の１,6750022
2140001114592,グレース株式会社,兵庫県,加古川市,平岡町高畑５５０番地の８,6750103
2140001114667,株式会社ニーズラボ,兵庫県,加古川市,八幡町下村１４１５,6751203
2140001114849,株式会社ウィンドプロテック,兵庫県,加古川市,平岡町新在家２丁目２６６番地の１７レインボーコア３階３１０号室,6750101
2140001115021,株式会社ひで松,兵庫県,加古川市,野口町古大内１２５番地の４,6750014
2140001115319,隆和株式会社,兵庫県,加古川市,尾上町今福３７７番地の４,6750027
2140001115384,株式会社エンブルーム,兵庫県,加古川市,加古川町北在家２１２５番地,6750031
2140001117942,株式会社総建,兵庫県,加古川市,尾上町口里１０４番地の７,6750022
2140001118346,ＮＷ　Ｊａｐａｎ株式会社,兵庫県,加古川市,八幡町宗佐５１０番地,6751201
2140001118899,株式会社田中建設,兵庫県,加古川市,加古川町溝之口５−７−１０５,6750064
2140001118924,Ｓ−Ｂｒａｎｄ株式会社,兵庫県,加古川市,平岡町新在家１丁目２６３番地の１ＨＫビル４Ｆ,6750101
2140001119022,Ｎ＆Ｋ株式会社,兵庫県,加古川市,東神吉町天下原５６６番地,6750058
2140001120095,マイアーズ・ジャパン株式会社,兵庫県,加古川市,加古川町友沢３８９番地の５,6750035
2140001120450,株式会社ｅｉｇｈｔ,兵庫県,加古川市,東神吉町升田８８２番地,6750051
2140001120789,株式会社ナカガワ,兵庫県,加古川市,加古川町粟津７７１番地の８,6750039
2140001121077,株式会社ＴＩＭ,兵庫県,加古川市,東神吉町神吉１０８７番地の１,6750057
2140001121192,松川株式会社,兵庫県,加古川市,加古川町粟津１２５番地,6750039
2140001121325,株式会社サルス,兵庫県,加古川市,神野町石守１４５９番地の１７,6750005
2140001121424,株式会社ますふくフーズ,兵庫県,加古川市,志方町志方町１４４１番地の３,6750321
2140001121572,株式会社Ｃ．ＲＡＦＴ,兵庫県,加古川市,東神吉町西井ノ口６１１番地の１,6750055
2140001121911,株式会社コルヌコピア,兵庫県,加古川市,尾上町安田８３８番地,6750021
2140001122356,株式会社ＭＯＮＯＲＥＳ,兵庫県,加古川市,別府町新野辺２００６番地の３,6750131
2140001122389,ＡＭＣ　Ｒａｃｉｎｇ株式会社,兵庫県,加古川市,神野町石守７５３番地の９,6750005
2140001122579,株式会社関山設備,兵庫県,加古川市,東神吉町西井ノ口２２９番地の２４,6750055
2140001122703,株式会社Ｍ・Ｋワークス,兵庫県,加古川市,東神吉町砂部３４７番地ドルチェ１０６号,6750056
2140001123651,株式会社ハッピーライフケア,兵庫県,加古川市,加古川町溝之口５０７番地サンライズ加古川１Ｆ,6750064
2140001123750,エスティー関西株式会社,兵庫県,加古川市,平荘町西山３２番１,6751234
2140001123841,株式会社ＦＯＯＤ　ＭＥＤＩＡ　ＪＡＰＡＮ,兵庫県,加古川市,平岡町新在家１丁目２５７−２ブレーンビル２階東側,6750101
2140001124567,株式会社ＹＵＫＩＤＯＲＩ,兵庫県,加古川市,志方町上冨木６６８番地,6750314
2140001124906,株式会社想,兵庫県,加古川市,平荘町山角５６番地の１,6751221
2140001126035,株式会社かとう不動産,兵庫県,加古川市,平岡町新在家１３７２番地の２１,6750101
2140001126167,株式会社かあむ,兵庫県,加古川市,加古川町平野３３０番地,6750063
2140001126357,株式会社豊岡バイオガスエナジー,兵庫県,加古川市,平岡町高畑６１９番地の７,6750103
2140001126778,株式会社ＴＴ　ｐｒｏｄｕｃｅ,兵庫県,加古川市,尾上町口里４４１番地の８,6750022
2140001127058,株式会社ＳＫＯｃｏ,兵庫県,加古川市,野口町良野１２番地の１,6750017
2140001127636,株式会社森建築工房,兵庫県,加古川市,上荘町都台１丁目１８番地の１,6751215
2140001127702,株式会社システムズカンサイ,兵庫県,加古川市,尾上町口里４８０番地,6750022
2140001128031,てるてるランド株式会社,兵庫県,加古川市,東神吉町出河原７３３番地の３０,6750052
2140001128097,株式会社一岡興業,兵庫県,加古川市,志方町原９番地の１,6750335
2140001128428,株式会社ダイスセンス,兵庫県,加古川市,平岡町新在家３丁目２８１番地アドニス２１、１Ｆ３号,6750101
2140001128898,株式会社竹田建設,兵庫県,加古川市,平岡町高畑７８６番地の７,6750103
2140001128956,株式会社はりま営農組合,兵庫県,加古川市,上荘町井ノ口９２９−１０,6751212
2140001129608,株式会社坂田総合造園,兵庫県,加古川市,八幡町下村８６７番地の２,6751203
2140001129624,内藤商事株式会社,兵庫県,加古川市,東神吉町神吉６０８番地の１５９,6750057
2140001129723,株式会社ツーランスクイズ,兵庫県,加古川市,野口町長砂２３３番地の２３,6750016
2140001130607,株式会社イーファ,兵庫県,加古川市,加古川町北在家２４８２番地,6750031
2140001130821,株式会社Ｇｏｏｄ　Ｌｉｆｅ,兵庫県,加古川市,東神吉町西井ノ口５８１番地の１サライブビル１０１,6750055
2140001131308,株式会社尾幌ソーラーグレージング発電所,兵庫県,加古川市,平岡町新在家１３７９番地の１,6750101
2140001131563,株式会社Ｃｏｃｏ　Ｌｅ　ｃｉｅｌ＆サバンナメイツ,兵庫県,加古川市,別府町本町１丁目６０番地,6750126
2140001131720,ポラリスグローパートナーズ株式会社,兵庫県,加古川市,野口町坂元北２丁目６２−３,6750010
2140001131836,株式会社五島建築,兵庫県,加古川市,加古川町美乃利３１０番地の５９,6750062
2140001131951,ｃｏｃｏ　Ｒ株式会社,兵庫県,加古川市,平岡町新在家８１５番地の２,6750101
2140001132842,株式会社Ｄｒｅａｍ　ｃｏｍｅ　ｔｒｕｅ,兵庫県,加古川市,野口町良野６８６−３,6750017
2140001133262,株式会社Ｋｉｔａｋｙｕ,兵庫県,加古川市,別府町西脇７１番地の１,6750125
2140001133840,株式会社兼美,兵庫県,加古川市,別府町新野辺５７４番地の３２６,6750131
2140001133915,匠エンジニアリング株式会社,兵庫県,加古川市,加古川町平野７９番地の３ネオハイツ加古川９０１号,6750063
2140001133948,株式会社グランデル,兵庫県,加古川市,上荘町都染５０１番地の１,6751216
2140001135358,ＹＭＣ株式会社,兵庫県,加古川市,平岡町新在家２丁目２７７番地の８,6750101
2140001135911,濱本不動産株式会社,兵庫県,加古川市,新神野７丁目４番１２号新神野ビル,6750008
2140001136166,株式会社ｍａｉａｓａｕｒａ,兵庫県,加古川市,平岡町西谷６０番地の１,6750102
2140001136430,株式会社ラフィングライフ,兵庫県,加古川市,平岡町二俣８８４番地の９,6750111
2140001136892,ツービー株式会社,兵庫県,加古川市,平岡町土山３２５番地の１,6750104
2140001137858,株式会社ハレルヤプランニング,兵庫県,加古川市,西神吉町岸５２２番地の１−１４０３号,6750045
2140001138749,Ｈｙｏｒｅｉホールディングス株式会社,兵庫県,加古川市,米田町平津４７４番地の１,6750054
2140001139160,株式会社ＬＵＮＯＡＩＲ,兵庫県,加古川市,平岡町一色西２丁目２０４番地ぷらーざきくや１０４号,6750117
2140001139292,株式会社ステラ,兵庫県,加古川市,米田町平津７３２−９４,6750054
2140001139409,株式会社ＧＴＢ,兵庫県,加古川市,平岡町土山１２７番地の６,6750104
2140001139697,剣精工株式会社,兵庫県,加古川市,野口町坂井２３８−６,6750015
2140001139805,株式会社ヤマネクト,兵庫県,加古川市,平岡町一色西１丁目７９番地の９,6750117
2140001139838,株式会社バウテック,兵庫県,加古川市,野口町北野４７−１,6750011
2140001140110,ＭＡＲＩＮＡ株式会社,兵庫県,加古川市,加古川町本町６００−２階２０１号室,6750037
2140001140985,株式会社雅,兵庫県,加古川市,別府町新野辺３６８Ｇ棟１４,6750131
2140001141488,ワイルドフロント株式会社,兵庫県,加古川市,加古川町木村４８２番地の５,6750038
2140001141760,株式会社すまいるＨｕｇ,兵庫県,加古川市,野口町水足１−８,6750019
2140001141827,エバーグリーン株式会社,兵庫県,加古川市,尾上町安田６３７番地,6750021
2140001141991,株式会社功庵,兵庫県,加古川市,八幡町船町２０番地,6751206
2140001142214,株式会社ＯＴＯＧＡＳＨＩ‐ＷＯＲＫＳ,兵庫県,加古川市,野口町野口７８１番地の１１,6750012
2140001142494,株式会社金澤興業,兵庫県,加古川市,別府町本町１丁目４番地エンブレイス加古川別府５０４号,6750126
2140002035235,株式会社アクトワン,兵庫県,加古川市,八幡町中西条９２３番地の５,6751205
2140002036844,株式会社柳川製作所,兵庫県,加古川市,野口町水足１７９番地の１３,6750019
2140002038915,株式会社和泉組,兵庫県,加古川市,神野町石守３丁目３８番地,6750005
2140002038972,株式会社カドタ,兵庫県,加古川市,別府町新野辺１４７番地の５,6750131
2140002039005,株式会社Ｇｒｏａｓ,兵庫県,加古川市,平岡町新在家字風呂之下９２９−３０、２Ｆ,6750101
2140003006243,株式会社芝本糸店,兵庫県,加古川市,加古川町粟津１６６番地,6750039
2140003009675,株式会社一ＧＯＡ一,兵庫県,加古川市,加古川町北在家３０７−１,6750031
2180001139066,安易貿易株式会社,兵庫県,加古川市,八幡町野村８０７番地の４,6751202
2190001013889,株式会社ビリーフ,兵庫県,加古川市,加古川町溝之口２５９番地４,6750064
3010401119906,株式会社コスモライフ,兵庫県,加古川市,加古川町備後３５８番地の１,6750032
3120001192400,株式会社ＧＲＡＮＤ　ＶＡＧＵＥ,兵庫県,加古川市,加古川町北在家７３４番地の２,6750031
3120901031384,ＬＤクリエイト株式会社,兵庫県,加古川市,平岡町新在家２丁目２６６番地の１,6750101
3130001023835,株式会社ニッケライフ,兵庫県,加古川市,加古川町本町２３９番地の１,6750037
3130001043172,株式会社中竹,兵庫県,加古川市,加古川町河原３８２−７,6750067
3140001007639,株式会社国際トラベル,兵庫県,加古川市,別府町緑町２番地,6750124
3140001017200,日本油脂工業株式会社,兵庫県,加古川市,尾上町養田１８３番地の１５,6750025
3140001033610,株式会社タイガーテックス,兵庫県,加古川市,別府町別府８３１番地の３第１５サンライズイトウ３０２号,6750122
3140001035128,株式会社田中介護支援サービス事業所,兵庫県,加古川市,平岡町土山６５番地の９５,6750104
3140001036753,株式会社みらい,兵庫県,加古川市,加古川町平野２４番地の５,6750063
3140001037413,株式会社リラックスコア,兵庫県,加古川市,平岡町つつじ野２番地の１１,6750105
3140001042413,愛運輸株式会社,兵庫県,加古川市,野口町水足１５１９番地の１,6750019
3140001042421,株式会社アーバンテック,兵庫県,加古川市,八幡町上西条１１５８番地の２０,6751204
3140001042438,株式会社アスコム加古川,兵庫県,加古川市,八幡町野村８５３番地の６,6751202
3140001042454,株式会社天春鉄工所,兵庫県,加古川市,尾上町養田１５３２−２,6750025
3140001042462,粟津ビル株式会社,兵庫県,加古川市,加古川町粟津３３９番地,6750039
3140001042470,イケダ工業株式会社,兵庫県,加古川市,平岡町中野１３４番地の３,6750113
3140001042479,株式会社イズミ,兵庫県,加古川市,平岡町高畑５９５番地の１７,6750103
3140001042487,インターナショナルサービス株式会社,兵庫県,加古川市,東神吉町砂部１６６番地の３,6750056
3140001042504,株式会社イノベックス,兵庫県,加古川市,平岡町新在家４３９番地の１,6750101
3140001042520,ウエダオフィスシステム株式会社,兵庫県,加古川市,東神吉町神吉８２３番地の３０,6750057
3140001042529,梅本実業株式会社,兵庫県,加古川市,別府町西脇字皆作８０番,6750125
3140001042537,永大建設株式会社,兵庫県,加古川市,加古川町北在家２００６番地,6750031
3140001042545,株式会社おはらや,兵庫県,加古川市,新神野８丁目６番２３号,6750008
3140001042553,織辺自動車工業株式会社,兵庫県,加古川市,野口町良野１０番地の１,6750017
3140001042561,株式会社おちあい,兵庫県,加古川市,尾上町池田３２７番地,6750023
3140001042578,加古川電材株式会社,兵庫県,加古川市,尾上町安田１１１番地の４,6750021
3140001042586,加古川ブラスト工業株式会社,兵庫県,加古川市,米田町平津３８１番地,6750054
3140001042594,株式会社加古川コトブキ,兵庫県,加古川市,加古川町粟津２２９番地の１,6750039
3140001042611,ＳＧステンレス工業株式会社,兵庫県,加古川市,八幡町下村字北河１２４４番地,6751203
3140001042628,株式会社エル・アイ・シー,兵庫県,加古川市,志方町横大路３０２−２,6750332
3140001042636,オークラサービス株式会社,兵庫県,加古川市,野口町古大内９００番地,6750014
3140001042644,株式会社大西食品,兵庫県,加古川市,野口町水足１３０番地,6750019
3140001042652,株式会社大弘工務店,兵庫県,加古川市,神野町神野１３５１番地の２,6750003
3140001042660,岡田産業株式会社,兵庫県,加古川市,野口町野口１３番地の１,6750012
3140001042669,株式会社キーファー,兵庫県,加古川市,尾上町口里８１４番地の３８,6750022
3140001042677,株式会社岸本建設工業,兵庫県,加古川市,平荘町磐１０１０番地の１,6751226
3140001042693,木下運輸株式会社,兵庫県,加古川市,別府町西脇２丁目６番地,6750125
3140001042702,株式会社共伸測量設計,兵庫県,加古川市,野口町坂元６２０番地の１,6750018
3140001042710,協立興産株式会社,兵庫県,加古川市,平岡町中野２１１番地の１,6750113
3140001042719,久後石油株式会社,兵庫県,加古川市,神野町西之山８５番地の１,6750007
3140001042727,株式会社グリーン開発,兵庫県,加古川市,平岡町新在家４３５番地,6750101
3140001042735,株式会社グルメサービス,兵庫県,加古川市,野口町長砂７９９番地,6750016
3140001042743,株式会社ケーティ・プレテック,兵庫県,加古川市,西神吉町岸１００番地の１,6750045
3140001042776,株式会社コスモ技研,兵庫県,加古川市,平岡町新在家２丁目２７３番地の２モリタトレードビル４Ｆ,6750101
3140001042792,胡中食品株式会社,兵庫県,加古川市,平岡町二俣６８８番地の２,6750111
3140001042801,株式会社加古川ボイラ整備所,兵庫県,加古川市,尾上町養田１３７２番地の１,6750025
3140001042818,陰山メリヤス株式会社,兵庫県,加古川市,志方町西中２２１番地,6750346
3140001042850,カネモト製菓株式会社,兵庫県,加古川市,平岡町土山１２２１番地の３,6750104
3140001042867,小林自動車塗装株式会社,兵庫県,加古川市,加古川町西河原７８番地の１,6750036
3140001042875,小村産業株式会社,兵庫県,加古川市,平岡町西谷北側１２６番地,6750102
3140001042883,三栄ホーム株式会社,兵庫県,加古川市,加古川町北在家２９７番地の１,6750031
3140001042891,山陽映画株式会社,兵庫県,加古川市,加古川町粟津５２０番地の７,6750039
3140001042900,株式会社山陽土地,兵庫県,加古川市,志方町志方町１４６５番地の３,6750321
3140001042925,神姫興業株式会社,兵庫県,加古川市,平岡町土山７５３番地の１３,6750104
3140001042933,株式会社伸成工業,兵庫県,加古川市,平岡町二俣１４番地の９,6750111
3140001042941,株式会社新日本ゴルフ製作所,兵庫県,加古川市,八幡町野村８４−３,6751202
3140001042958,三幸道路株式会社,兵庫県,加古川市,加古川町稲屋２１２番地の７,6750034
3140001042974,山水土地建物株式会社,兵庫県,加古川市,米田町平津３１５番地の１,6750054
3140001042982,株式会社サンタク,兵庫県,加古川市,加古川町大野１２１６番地の１,6750061
3140001042990,株式会社サンファミリー,兵庫県,加古川市,八幡町宗佐６８番１,6751201
3140001042999,正栄建設株式会社,兵庫県,加古川市,尾上町安田３３１−１,6750021
3140001043007,株式会社新陽,兵庫県,加古川市,平岡町高畑４８４番地の８,6750103
3140001043015,株式会社信陽ケミカル,兵庫県,加古川市,上荘町薬栗１６９番地の３,6751217
3140001043023,株式会社昌和建設,兵庫県,加古川市,平岡町新在家９２４番地の９,6750101
3140001043031,シンワ産業株式会社,兵庫県,加古川市,尾上町養田１１６９番地の１,6750025
3140001043048,清惠産業株式会社,兵庫県,加古川市,野口町良野３８８番地の５,6750017
3140001043064,株式会社戦略会計住野,兵庫県,加古川市,加古川町粟津７４０番地の４,6750039
3140001043072,創成喜株式会社,兵庫県,加古川市,尾上町長田４５番地の２,6750024
3140001043080,株式会社大栄商会,兵庫県,加古川市,米田町平津４０１番地の２,6750054
3140001043089,第一通信建設株式会社,兵庫県,加古川市,加古川町美乃利１５２番地の１,6750062
3140001043122,大日技工コンサルタント株式会社,兵庫県,加古川市,加古川町粟津１１７番地の２,6750039
3140001043147,株式会社高島石油店,兵庫県,加古川市,新神野８丁目５番１７号,6750008
3140001043155,株式会社田口建設,兵庫県,加古川市,平荘町新中山３４番地,6751223
3140001043163,株式会社高橋組,兵庫県,加古川市,平荘町磐２５番地の３,6751226
3140001043171,高松鉄工所株式会社,兵庫県,加古川市,加古川町北在家１６５番地,6750031
3140001043188,株式会社谷口,兵庫県,加古川市,尾上町養田１４８８番地,6750025
3140001043196,株式会社谷商会,兵庫県,加古川市,東神吉町神吉４４８番地の１,6750057
3140001043205,株式会社ドリム,兵庫県,加古川市,加古川町篠原町１９番地,6750065
3140001043221,株式会社なかむら,兵庫県,加古川市,平岡町新在家１１０６番地の１２,6750101
3140001043246,日新産業株式会社,兵庫県,加古川市,加古川町寺家町６６−３,6750066
3140001043262,株式会社ネオコネクション,兵庫県,加古川市,加古川町寺家町３７番地の７,6750066
3140001043270,株式会社玉置電工,兵庫県,加古川市,別府町新野辺１４９番１,6750131
3140001043279,土山産業株式会社,兵庫県,加古川市,西神吉町岸２８１番地の６,6750045
3140001043287,株式会社テイエルブイ,兵庫県,加古川市,野口町長砂８８１番地,6750016
3140001043295,トーアス株式会社,兵庫県,加古川市,野口町水足１５７５番地,6750019
3140001043304,東西肥料株式会社,兵庫県,加古川市,別府町港町１番地の２,6750136
3140001043320,株式会社都市設計コンサルタンツ,兵庫県,加古川市,加古川町北在家４５４番地の１,6750031
3140001043337,ハリマ食品株式会社,兵庫県,加古川市,野口町水足１７９番地の１２,6750019
3140001043345,播磨ナショナル販売株式会社,兵庫県,加古川市,加古川町本町１４６番地の７,6750037
3140001043378,兵庫グンゼ株式会社,兵庫県,加古川市,東神吉町神吉１１２０番地,6750057
3140001043386,兵庫産業株式会社,兵庫県,加古川市,上荘町見土呂３６４番地の２,6751214
3140001043403,株式会社ハウジング山一,兵庫県,加古川市,平岡町新在家２丁目２７１番地の３,6750101
3140001043411,阪神合同ガス株式会社,兵庫県,加古川市,野口町良野９５７番地,6750017
3140001043428,株式会社播州家,兵庫県,加古川市,山手２丁目３０番８号,6750002
3140001043436,白光機器株式会社,兵庫県,加古川市,平岡町中野５８１番地の１,6750113
3140001043444,株式会社ハナデン,兵庫県,加古川市,上荘町国包７７２番地の１,6751213
3140001043452,株式会社浜工務店,兵庫県,加古川市,尾上町池田１７７０番地の１,6750023
3140001043460,株式会社はら,兵庫県,加古川市,野口町野口５３１番地の１,6750012
3140001043469,兵庫ニツト株式会社,兵庫県,加古川市,平荘町里５５１番地の１,6751232
3140001043485,株式会社平野不動産,兵庫県,加古川市,平岡町新在家１丁目２５７番地の１５,6750101
3140001043493,株式会社フクデン,兵庫県,加古川市,平岡町二俣１００５番地,6750111
3140001043502,富士川商事株式会社,兵庫県,加古川市,野口町北野６９０番地の１,6750011
3140001043510,富士物産株式会社,兵庫県,加古川市,平岡町新在家３丁目２８９番地の５,6750101
3140001043519,株式会社不動住建,兵庫県,加古川市,平岡町二俣７５３番地の１,6750111
3140001043527,株式会社舟坂組,兵庫県,加古川市,加古川町河原１７４番地の１,6750067
3140001043535,株式会社フロムファースト,兵庫県,加古川市,平岡町新在家１３８０番地の１,6750101
3140001043543,株式会社ベル,兵庫県,加古川市,加古川町寺家町３６３番地の２,6750066
3140001043551,株式会社ホームケアー関西,兵庫県,加古川市,加古川町備後３８５番地の４,6750032
3140001043568,株式会社前川計算センター,兵庫県,加古川市,加古川町木村２０番地の１,6750038
3140001043576,前田不動産株式会社,兵庫県,加古川市,八幡町上西条２９番地の２,6751204
3140001043584,誠建設株式会社,兵庫県,加古川市,野口町北野１２９５番地の１,6750011
3140001043592,松上建設株式会社,兵庫県,加古川市,尾上町養田３５２番地の１２,6750025
3140001043601,株式会社松浦,兵庫県,加古川市,尾上町安田字坂部４４３番地,6750021
3140001043618,マルキ株式会社,兵庫県,加古川市,平岡町西谷字南割１８５番地の１,6750102
3140001043634,株式会社三浦,兵庫県,加古川市,別府町新野辺北町７丁目１２４番地の７,6750121
3140001043642,ミズタ印刷株式会社,兵庫県,加古川市,加古川町粟津３９３番地,6750039
3140001043667,ミヤナガ産業株式会社,兵庫県,加古川市,志方町細工所１１０番地の１,6750303
3140001043675,株式会社ムラカミ,兵庫県,加古川市,東神吉町出河原３８３番地の１,6750052
3140001043683,株式会社メイジ商事,兵庫県,加古川市,平岡町一色７２６番地の１８,6750115
3140001043691,株式会社メンズマルコ,兵庫県,加古川市,加古川町本町３６２番地,6750037
3140001043700,森下住宅建設株式会社,兵庫県,加古川市,平岡町新在家２丁目２７１番地の８,6750101
3140001043709,株式会社八木商店,兵庫県,加古川市,野口町野口６８７−５６番地,6750012
3140001043717,株式会社八幡電機製作所,兵庫県,加古川市,八幡町上西条１１４９番地,6751204
3140001043725,株式会社ヤマシタ建装,兵庫県,加古川市,加古川町友沢４２０番地の３,6750035
3140001043741,株式会社タケフジ,兵庫県,加古川市,加古川町南備後１３７番地の１１,6750033
3140001043758,株式会社ユメサキ,兵庫県,加古川市,平岡町新在家６９番地の４,6750101
3140001043774,株式会社ライズ,兵庫県,加古川市,加古川町溝之口３５０番地の９,6750064
3140001043782,和光物流株式会社,兵庫県,加古川市,尾上町旭３丁目１５番地の２,6750026
3140001043790,株式会社リオカンパニー,兵庫県,加古川市,平岡町新在家１０３番地の７,6750101
3140001043799,株式会社リバービュウテイ,兵庫県,加古川市,平岡町西谷８３番地,6750102
3140001044401,株式会社日和,兵庫県,加古川市,平岡町中野２００番地の４,6750113
3140001044673,株式会社ホクセツ,兵庫県,加古川市,加古川町美乃利３番地の１,6750062
3140001044707,株式会社ニーズ,兵庫県,加古川市,八幡町下村１４１５,6751203
3140001044806,株式会社凌駕,兵庫県,加古川市,東神吉町砂部字土江３２３番地１,6750056
3140001044822,株式会社星光産業,兵庫県,加古川市,野口町水足８２７番地の１８,6750019
3140001044896,株式会社富山建設,兵庫県,加古川市,平岡町新在家７３番地の５,6750101
3140001045011,株式会社アップフィールド,兵庫県,加古川市,野口町長砂８５７−１,6750016
3140001045052,株式会社司篤工業,兵庫県,加古川市,尾上町養田１５４５番地の２,6750025
3140001045060,株式会社シルバーバックス,兵庫県,加古川市,加古川町河原２５５番地の１,6750067
3140001045119,三幸建設株式会社,兵庫県,加古川市,平荘町一本松６３７番地の５,6751236
3140001045135,株式会社明友建設,兵庫県,加古川市,上荘町都台３丁目２番６号,6751215
3140001045168,株式会社マイム兵庫,兵庫県,加古川市,東神吉町天下原３３３番地の４,6750058
3140001045176,株式会社三笠工業,兵庫県,加古川市,東神吉町神吉５１１番地の１０,6750057
3140001045184,Ｍ−ｃａｔｓ株式会社,兵庫県,加古川市,加古川町南備後３８０番地の１,6750033
3140001045192,株式会社庄司圭介アトリエ一級建築士事務所,兵庫県,加古川市,加古川町美乃利４１０番地の４,6750062
3140001045234,シャーロックホームズ株式会社,兵庫県,加古川市,平荘町養老６２４番地の３,6751231
3140001045242,株式会社磯ビル,兵庫県,加古川市,八幡町下村１３５３番地,6751203
3140001045267,株式会社マルチメディアロジスティック,兵庫県,加古川市,加古川町溝之口１７１番地の１,6750064
3140001045291,チーム・ジャム株式会社,兵庫県,加古川市,別府町別府５５９番地の１３,6750122
3140001045300,株式会社ドリームパートナーズ,兵庫県,加古川市,加古川町粟津１０８６番地,6750039
3140001045325,ライフワークス株式会社,兵庫県,加古川市,尾上町今福２８番地の５,6750027
3140001045358,ＫＩテック株式会社,兵庫県,加古川市,東神吉町神吉８３番地,6750057
3140001045366,株式会社アートスペース裕,兵庫県,加古川市,平岡町二俣６５１番地の２０,6750111
3140001045374,株式会社アイ・エム・ディー,兵庫県,加古川市,加古川町美乃利３１０番地の９,6750062
3140001045399,カート株式会社,兵庫県,加古川市,平岡町一色西２丁目１１４番地の１,6750117
3140001045408,ナチュラルクローバージャパン株式会社,兵庫県,加古川市,尾上町口里２９７番地の１,6750022
3140001045440,株式会社揖龍,兵庫県,加古川市,加古川町南備後５１番地の７,6750033
3140001045457,株式会社アーチメディカル,兵庫県,加古川市,野口町水足１８５１番地の２,6750019
3140001045473,フジネットワークス株式会社,兵庫県,加古川市,加古川町備後３５８番地の１,6750032
3140001045515,泰誠株式会社,兵庫県,加古川市,八幡町野村字南山６１４番２１,6751202
3140001045523,敬愛キッチンテック株式会社,兵庫県,加古川市,西神吉町岸６７０番地の２,6750045
3140001045531,株式会社エルモリヤ,兵庫県,加古川市,平荘町里４３５番地,6751232
3140001045556,株式会社ＯＴＴＯ,兵庫県,加古川市,平岡町一色西１丁目１１８番地プレステージ東加古川ＩＩ−５０１号,6750117
3140001045572,株式会社ｍｉｌｏｏｋ,兵庫県,加古川市,加古川町北在家２２１４番地,6750031
3140001045614,第一試験学院株式会社,兵庫県,加古川市,加古川町友沢１６４番地の４７,6750035
3140001045655,株式会社松下計算センター,兵庫県,加古川市,米田町平津７２７番地の３,6750054
3140001045663,株式会社宮崎建設,兵庫県,加古川市,尾上町養田２１５番地の１,6750025
3140001045688,株式会社エコグリーン,兵庫県,加古川市,尾上町養田１５７番地の２,6750025
3140001045705,株式会社板垣設計事務所,兵庫県,加古川市,東神吉町神吉６５１番地の１８６,6750057
3140001045713,株式会社宮野精肉店,兵庫県,加古川市,加古川町篠原町２１番地の８,6750065
3140001045754,アルケミスト株式会社,兵庫県,加古川市,別府町新野辺北町２丁目１８９番地の４,6750121
3140001045779,株式会社ロジステック,兵庫県,加古川市,上荘町国包６３２番地の１０,6751213
3140001045804,株式会社へるぷさーびす翔,兵庫県,加古川市,野口町野口１３−１岡田ビル２０２Ｂ,6750012
3140001045845,株式会社アシスト,兵庫県,加古川市,加古川町稲屋１２９番地の１、１階,6750034
3140001045952,株式会社医薬品流通総合機構,兵庫県,加古川市,平岡町山之上６８４番地の６３,6750112
3140001045977,株式会社Ｓ．Ｋミート,兵庫県,加古川市,志方町志方町１２００番地の２,6750321
3140001045985,株式会社加古川専売所,兵庫県,加古川市,米田町平津４６番地の１８,6750054
3140001046001,株式会社ウエストヒルコーポレーション,兵庫県,加古川市,加古川町篠原町２１−８カピルビル３階,6750065
3140001046026,株式会社アパマンセンター,兵庫県,加古川市,平岡町新在家３丁目２８５番地の８,6750101
3140001046034,株式会社ナインワーカーズ,兵庫県,加古川市,平岡町二俣５０９番１号,6750111
3140001046075,株式会社ビー・エフイー・ハリマ,兵庫県,加古川市,東神吉町升田１７５番地,6750051
3140001046083,株式会社本田商会,兵庫県,加古川市,尾上町安田５４８番地の５,6750021
3140001046091,株式会社リバーウエスト,兵庫県,加古川市,加古川町稲屋１１０４番地の２９,6750034
3140001046100,株式会社ありがとうサービス,兵庫県,加古川市,野口町二屋１１５番１号,6750013
3140001046133,株式会社ならの木不動産,兵庫県,加古川市,平岡町新在家７１６−１４−２０２,6750101
3140001046166,株式会社ケィ・ヴィ酒販橘家,兵庫県,加古川市,野口町野口５１３番地の２,6750012
3140001046174,株式会社スペースワンダイニング,兵庫県,加古川市,平岡町新在家２丁目２７０番地の９,6750101
3140001046199,Ｓｅｖｅｎ　Ｌｉｆｅ株式会社,兵庫県,加古川市,野口町長砂９９８番地３１３,6750016
3140001046208,メッセンジャーエクスプレス株式会社,兵庫県,加古川市,平岡町新在家１４５８番地１,6750101
3140001046224,株式会社ウィンフォレスト,兵庫県,加古川市,平岡町高畑２１３番地の４・２Ｆ,6750103
3140001046240,株式会社若宮,兵庫県,加古川市,別府町新野辺北町１丁目１番,6750121
3140001046273,株式会社Ｎｅｗ　Ａｇｅ,兵庫県,加古川市,西神吉町岸７１６番地の９８,6750045
3140001046307,清田運輸株式会社,兵庫県,加古川市,加古川町稲屋４３２番地１４,6750034
3140001046331,株式会社ソルトパワー,兵庫県,加古川市,加古川町中津２４２番地の２,6750068
3140001046356,スカイジャパンエナジー株式会社,兵庫県,加古川市,東神吉町神吉６５１番地の１９３,6750057
3140001046364,株式会社清水設計工房,兵庫県,加古川市,野口町坂井７７番地の４,6750015
3140001046380,株式会社福優美装,兵庫県,加古川市,東神吉町西井ノ口６０１番１号−１０２,6750055
3140001046397,株式会社コンサルプラス,兵庫県,加古川市,野口町良野１７５９,6750017
3140001046406,上路Ｓｔｙｌｅ株式会社,兵庫県,加古川市,別府町別府７１７番地１,6750122
3140001046414,株式会社手芸の丸十山陽,兵庫県,加古川市,加古川町中津４４８番地の１,6750068
3140001046439,株式会社ＭＩＯ,兵庫県,加古川市,尾上町池田２３８４番地の５,6750023
3140001046455,株式会社Ｓｐｈｅｒｉｃａｌ　Ｄｙｎａｍｉｃｓ　Ｃｏｎｓｕｌｔｉｎｇ,兵庫県,加古川市,加古川町篠原町９番１号ＯＫビル５階,6750065
3140001046463,三誠設備工業株式会社,兵庫県,加古川市,加古川町北在家７６１番地の７,6750031
3140001047131,ルークスター不動産販売株式会社,兵庫県,加古川市,野口町良野１５２４番地,6750017
3140001057196,株式会社シミズテック,兵庫県,加古川市,平岡町高畑４５２−６６,6750103
3140001058673,株式会社ケイ・テイ興産,兵庫県,加古川市,尾上町池田８３０番地の３,6750023
3140001064408,株式会社協和アトラクト,兵庫県,加古川市,西神吉町辻５２５,6750046
3140001065785,株式会社ウイングジャパン,兵庫県,加古川市,平岡町土山２１５番地の１,6750104
3140001066412,塩山メリヤス株式会社,兵庫県,加古川市,志方町横大路３０２番地の２,6750332
3140001086253,株式会社ＪＯＨメディカルプランニング,兵庫県,加古川市,加古川町溝之口２８８番地の５,6750064
3140001086352,株式会社ロジテム・イワキ,兵庫県,加古川市,尾上町口里６０６番地,6750022
3140001086385,株式会社ｈｉｒｏ−ａｓｓｉｓｔ,兵庫県,加古川市,平岡町山之上６６１番１号,6750112
3140001086451,株式会社ミヤモト,兵庫県,加古川市,別府町新野辺北町６丁目７５番地,6750121
3140001086848,株式会社ＫＨロジコム,兵庫県,加古川市,山手３丁目２８番６号,6750002
3140001087037,株式会社トップ理容,兵庫県,加古川市,別府町別府９１８番地の１２,6750122
3140001088316,シャインドリーム株式会社,兵庫県,加古川市,加古川町粟津１０１２,6750039
3140001088811,株式会社ＡＸＩＳＳ,兵庫県,加古川市,野口町野口２８６番地の１東加古川ハイタウンＡ−１３１４号,6750012
3140001089495,株式会社三和製作所,兵庫県,加古川市,加古川町本町２８９番地,6750037
3140001089867,株式会社メディホ,兵庫県,加古川市,加古川町粟津２６２番地の３,6750039
3140001090247,株式会社吾菱,兵庫県,加古川市,別府町新野辺３２２５番,6750131
3140001090890,株式会社エーイー,兵庫県,加古川市,野口町良野２４６−１２,6750017
3140001091113,グッド・サブ・レジデンス株式会社,兵庫県,加古川市,野口町古大内２９９番地の９,6750014
3140001091674,株式会社ノタックス,兵庫県,加古川市,尾上町養田１３７２番２,6750025
3140001091848,株式会社サンテック・トレーディング,兵庫県,加古川市,神野町石守６５４番地の１２２,6750005
3140001091988,株式会社スリーアローズ,兵庫県,加古川市,野口町長砂９７８番地の１第一明姫マンション１−Ｅ,6750016
3140001093101,株式会社ヨシキ,兵庫県,加古川市,東神吉町升田１７６６番地,6750051
3140001093539,株式会社８０００,兵庫県,加古川市,尾上町養田１４２３番地の６,6750025
3140001093571,堂垣工業株式会社,兵庫県,加古川市,山手３丁目２５番１号,6750002
3140001093613,株式会社Ｈｅｃ,兵庫県,加古川市,平岡町一色西１丁目６５−１０１,6750117
3140001094314,株式会社ヤマトテック,兵庫県,加古川市,尾上町長田３８６番地の１ルヴェデュソレイユ２０２号,6750024
3140001094883,株式会社石原電工,兵庫県,加古川市,平岡町土山１５４−１１,6750104
3140001095171,株式会社タルイ,兵庫県,加古川市,西神吉町西村３２４番地の５,6750042
3140001095568,株式会社井野工業,兵庫県,加古川市,西神吉町大国６５番地の１駒川ハイツ１０３号,6750044
3140001095650,株式会社クレインハウジング,兵庫県,加古川市,野口町長砂８１８、２Ａ,6750016
3140001095667,株式会社エリオス,兵庫県,加古川市,加古川町木村１１２−４−６０２,6750038
3140001095709,株式会社ネオアグロ,兵庫県,加古川市,平荘町小畑８６３番地,6751235
3140001096062,株式会社けんしん,兵庫県,加古川市,加古川町溝之口７３番地の９,6750064
3140001096302,株式会社加来工業,兵庫県,加古川市,野口町坂井７９番１０,6750015
3140001096665,株式会社イッセイ建設,兵庫県,加古川市,野口町北野１２１４番地の８,6750011
3140001097390,株式会社次元,兵庫県,加古川市,山手３丁目２５番３号,6750002
3140001098546,株式会社大西住設,兵庫県,加古川市,野口町水足５１９番地の２,6750019
3140001098827,アリーナール・トレーディング株式会社,兵庫県,加古川市,八幡町野村８０７番地の４,6751202
3140001098959,株式会社サンコーグリーンファーム,兵庫県,加古川市,加古川町北在家２２４２,6750031
3140001099180,株式会社桜宝山堂,兵庫県,加古川市,東神吉町神吉１２５０番地の２,6750057
3140001099263,株式会社ｉ−ｆｏｏｄ　ｊａｐａｎ,兵庫県,加古川市,加古川町北在家７６２−８,6750031
3140001099585,株式会社かご屋,兵庫県,加古川市,加古川町木村４８２番地の５,6750038
3140001099775,鈴木工業株式会社,兵庫県,加古川市,野口町古大内３４９番地の３１,6750014
3140001100443,株式会社イーグルホールディングス,兵庫県,加古川市,加古川町河原２７７番地の１,6750067
3140001100781,株式会社アクトライズ,兵庫県,加古川市,加古川町寺家町４７番地の１,6750066
3140001101004,株式会社大和貿易,兵庫県,加古川市,加古川町寺家町４７番地の６,6750066
3140001102308,ｉ．ｆ．ｍ．ｓ株式会社,兵庫県,加古川市,加古川町友沢１０７番地の３,6750035
3140001102530,株式会社十誉工業,兵庫県,加古川市,志方町投松３番地の２,6750313
3140001102828,株式会社明和設備工業所,兵庫県,加古川市,野口町坂元８７番地,6750018
3140001104048,株式会社ユーアイサービス,兵庫県,加古川市,加古川町美乃利１１３番地の１６,6750062
3140001104535,株式会社凱,兵庫県,加古川市,尾上町口里４１９番地の３８,6750022
3140001104618,ハクシン工業株式会社,兵庫県,加古川市,別府町西町２１番地,6750133
3140001104667,株式会社ＫＩＲＡ,兵庫県,加古川市,加古川町美乃利１６２番地の１,6750062
3140001105046,株式会社森規工業,兵庫県,加古川市,尾上町長田７１−７,6750024
3140001105310,株式会社ミドルビレッジ,兵庫県,加古川市,加古川町溝之口３５９番地,6750064
3140001105558,株式会社エーアール工業,兵庫県,加古川市,志方町原２１５番地の３,6750335
3140001107133,株式会社ハンズ,兵庫県,加古川市,平岡町高畑３９２番地の２８,6750103
3140001107439,吉田電気工事株式会社,兵庫県,加古川市,野口町北野７２４−７,6750011
3140001107793,株式会社喜久屋ホーム,兵庫県,加古川市,尾上町安田７７０番地の４,6750021
3140001108016,株式会社フラップアップ・ケイ,兵庫県,加古川市,加古川町篠原２１番８号,6750000
3140001108040,心笑株式会社,兵庫県,加古川市,東神吉町西井ノ口６２３−４,6750055
3140001108131,ミズホデンキ株式会社,兵庫県,加古川市,加古川町稲屋１６０番地,6750034
3140001108313,株式会社ベアーズインベストメント,兵庫県,加古川市,平岡町二俣６８３番地の３,6750111
3140001109526,株式会社大喜,兵庫県,加古川市,八幡町宗佐１５６８番地の１,6751201
3140001110161,株式会社ＳＩＣＨＥＲ,兵庫県,加古川市,加古川町備後３３５番地,6750032
3140001110434,株式会社エムティエンジニア,兵庫県,加古川市,東神吉町西井ノ口２７３番地の１,6750055
3140001110797,株式会社光,兵庫県,加古川市,野口町良野７８８番地の１,6750017
3140001111028,株式会社パラレルワールド,兵庫県,加古川市,野口町北野５８７番地の７,6750011
3140001111143,やまだや株式会社,兵庫県,加古川市,平岡町一色５９４番３,6750115
3140001111390,ＩＣＣ株式会社,兵庫県,加古川市,新神野３丁目２７番５−４０１号,6750008
3140001111465,株式会社ケイシン,兵庫県,加古川市,平岡町新在家１３８４番地の４,6750101
3140001111507,株式会社ストーリア,兵庫県,加古川市,平岡町新在家６００番地の４,6750101
3140001111580,株式会社神建,兵庫県,加古川市,別府町別府９７１番地の６ヴィラ司１０２号,6750122
3140001112174,株式会社ぐうたら,兵庫県,加古川市,平岡町一色７９３番地の６,6750115
3140001112414,株式会社木味土味,兵庫県,加古川市,平岡町高畑８０１番地の１４,6750103
3140001112422,株式会社メジャーエステート,兵庫県,加古川市,平岡町二俣９０５番地の５,6750111
3140001112819,株式会社加古川まちづくり舎,兵庫県,加古川市,加古川町寺家町３６３−４,6750066
3140001113098,株式会社ＶｅｒｔＥＸ　ｃｒｅａｔｅ,兵庫県,加古川市,野口町良野１５２４アーク平野Ａ−１,6750017
3140001113536,株式会社カテトス,兵庫県,加古川市,別府町新野辺北町３丁目８１番地の１６,6750121
3140001114492,株式会社俺たちエースワン,兵庫県,加古川市,別府町別府８３８番地の１,6750122
3140001114939,株式会社ａｎｄ　Ｌｅａｄ,兵庫県,加古川市,野口町長砂９８１番地の３ディアエスタ・ミオ加古川南２０３号,6750016
3140001116514,株式会社ＪＵＬＩＡ　ＪＡＰＡＮ,兵庫県,加古川市,野口町坂元北４丁目１１番地の１,6750010
3140001116737,ゼロテック株式会社,兵庫県,加古川市,平岡町土山４４７番地の２,6750104
3140001116761,株式会社鴨建,兵庫県,加古川市,加古川町美乃利２７５−１,6750062
3140001117181,Ｓｔｙｌｅ株式会社,兵庫県,加古川市,尾上町今福２１５番地１メゾン尾上の松１０６号室,6750027
3140001117974,株式会社奏和測量設計,兵庫県,加古川市,志方町横大路１１７０番地の１,6750332
3140001118130,オニギリワークス株式会社,兵庫県,加古川市,尾上町養田１３７８番地,6750025
3140001118592,株式会社ＡＲＡホーム,兵庫県,加古川市,平岡町新在家１丁目２６０番地の１５,6750101
3140001118642,株式会社ブンワークス,兵庫県,加古川市,加古川町稲屋５０番地の６２,6750034
3140001119153,株式会社グレイトフル,兵庫県,加古川市,志方町大沢７７８番地の９,6750000
3140001120400,ｔｅｄ株式会社,兵庫県,加古川市,神野町日岡苑１８番地の５,6750006
3140001121035,ＴＹＳｔｏｃｋ株式会社,兵庫県,加古川市,加古川町稲屋５番地の４,6750034
3140001121695,株式会社エムテック,兵庫県,加古川市,加古川町木村２２番地の２,6750038
3140001121712,株式会社ＭＶメディカル,兵庫県,加古川市,平岡町新在家３０２農機ビル,6750101
3140001122297,八角ホールディングス株式会社,兵庫県,加古川市,加古川町南備後４５番地の１,6750033
3140001122479,株式会社Ｖａｒｍｓ,兵庫県,加古川市,加古川町南備後３０５番地１,6750033
3140001122702,ＷＫＷｇｒｏｕｐ株式会社,兵庫県,加古川市,西神吉町岸５８８番地の９,6750045
3140001123007,株式会社スマイルクローバー,兵庫県,加古川市,西神吉町岸５８８番地の５,6750045
3140001123122,株式会社Ｉｍｐｒｏｖｅ,兵庫県,加古川市,加古川町平野３３３番地ミキハウス１０２,6750063
3140001123155,株式会社ダイゼン,兵庫県,加古川市,尾上町養田４２３番地の１９,6750025
3140001123304,株式会社加古川温泉みとろ荘,兵庫県,加古川市,上荘町井ノ口５２０番地,6751212
3140001123469,株式会社松下電気商会,兵庫県,加古川市,平岡町高畑８０１番地の８,6750103
3140001123576,株式会社ＶＯＯＳＴ,兵庫県,加古川市,加古川町寺家町３５２−４,6750066
3140001123601,株式会社ＺＥＲＯ　ｃｏｎｓｔｒｕｃｔｉｏｎ,兵庫県,加古川市,別府町石町８６,6750127
3140001124178,株式会社えがふる,兵庫県,加古川市,尾上町安田９２０,6750021
3140001124797,ＡＬＢＡ　Ｉｎｎｏｖａｔｉｏｎ株式会社,兵庫県,加古川市,加古川町美乃利１３−１７,6750062
3140001124954,株式会社えん,兵庫県,加古川市,東神吉町神吉９３８番地の５,6750057
3140001125696,株式会社ＫＡＺＵ,兵庫県,加古川市,野口町坂井３１６番地,6750015
3140001125993,株式会社Ｌｉｆｅ　Ｓｔｙｌｅ,兵庫県,加古川市,野口町坂井１２０番地の７,6750015
3140001126083,株式会社ＮＥＷ　ＡＮＴＩＱＵＥ　ＣＬＵＢ１９６０,兵庫県,加古川市,別府町石町６番地の３グレイス６,6750127
3140001126471,株式会社Ｎ‐ｒａｂｂｉｔ　Ｓｐｏｒｔｓ,兵庫県,加古川市,加古川町篠原町５０番地の７,6750065
3140001127049,株式会社Ｙ’ｓ　ｃｏｍｐａｎｙ,兵庫県,加古川市,加古川町稲屋９７１番地の４,6750034
3140001127890,株式会社東播販売センター,兵庫県,加古川市,東神吉町神吉８２３番地の８２,6750057
3140001127981,オンリーワン工業株式会社,兵庫県,加古川市,野口町長砂３６１番地の２０,6750016
3140001128146,株式会社オクシデント,兵庫県,加古川市,東神吉町西井ノ口６６９−１５,6750055
3140001128641,株式会社三輪設備,兵庫県,加古川市,野口町北野１２１４−１２,6750011
3140001128682,株式会社エムスタイル,兵庫県,加古川市,野口町水足６７２番地２,6750019
3140001128732,株式会社Ｌｉｎｏ,兵庫県,加古川市,別府町新野辺北町１丁目４３番地の８,6750121
3140001128963,株式会社ＭＤＳ,兵庫県,加古川市,別府町別府８５８番地の２ロワイヤル別府ＩＩー５０３号,6750122
3140001130218,株式会社エイチ,兵庫県,加古川市,東神吉町升田１６９３番地の７,6750051
3140001130267,株式会社ｎｉｃｏ　ｇｏｒｉ,兵庫県,加古川市,尾上町池田７８１番地の１７,6750023
3140001130548,株式会社町おこしパートナー,兵庫県,加古川市,平岡町新在家１３７９番地の１,6750101
3140001131232,株式会社ＲＹＳＭＯ,兵庫県,加古川市,平岡町土山１２６番地の３,6750104
3140001131851,株式会社魁明工業,兵庫県,加古川市,加古川町友沢３１番地の７,6750035
3140001132676,ライムライト株式会社,兵庫県,加古川市,加古川町木村１４３番地の１３,6750038
3140001132957,株式会社Ｖｉｃｅｌｌａ,兵庫県,加古川市,平岡町新在家８７６番地の４,6750101
3140001133022,株式会社Ｃｉｒｒｕｓ,兵庫県,加古川市,尾上町口里６５１番地の１１,6750022
3140001133170,Ｏｃｔ’１株式会社,兵庫県,加古川市,志方町投松１５６番地,6750313
3140001133237,株式会社ユアム,兵庫県,加古川市,加古川町本町６８番地の１,6750037
3140001133328,エースリー株式会社,兵庫県,加古川市,野口町良野７７３番地の１３,6750017
3140001134474,株式会社ウェルシーインベスト,兵庫県,加古川市,平岡町新在家２０３６番地の６,6750101
3140001134714,株式会社垣内総合ハウス,兵庫県,加古川市,加古川町西河原９７番地の７サンロイヤル加古川リバージュＩＩ号館７０５号,6750036
3140001134986,株式会社ＡＫｉＴＡ,兵庫県,加古川市,上荘町国包６１１番地の１,6751213
3140001135472,ＲｏＷｍａｎ株式会社,兵庫県,加古川市,加古川町稲屋３１４番地の７,6750034
3140001135480,株式会社ＳｏＩＬ,兵庫県,加古川市,平岡町新在家８７１番地の８,6750101
3140001135836,株式会社Ｌ・Ａ・Ｍ,兵庫県,加古川市,尾上町長田５１３番地,6750024
3140001136124,株式会社グランフィールド,兵庫県,加古川市,加古川町稲屋３３７番地の７,6750034
3140001136371,株式会社ＴＲＵＥ　ＮＯＲＴＨ,兵庫県,加古川市,米田町平津６７１−１５,6750054
3140001136520,株式会社ＫＤＣソリューションズ,兵庫県,加古川市,加古川町河原１９９番地の９,6750067
3140001137048,株式会社暁月,兵庫県,加古川市,東神吉町天下原２２１−９,6750058
3140001137064,株式会社ＫＯＹＡ,兵庫県,加古川市,加古川町稲屋８０９番地３,6750034
3140001137287,株式会社匠心架装,兵庫県,加古川市,加古川町中津３３番地の１２,6750068
3140001137923,株式会社トップランＳＴ,兵庫県,加古川市,平岡町一色９３番地,6750115
3140001138120,アストリア・パートナーズ株式会社,兵庫県,加古川市,野口町北野９番地の５５,6750011
3140001138203,株式会社サンハーツ,兵庫県,加古川市,尾上町池田１８４２−４,6750023
3140001138970,株式会社ハイジ薬局,兵庫県,加古川市,加古川町寺家町５０番地の３ローレルコート加古川ザ・レジデンス８０２号,6750066
3140001139218,オシデザイン株式会社,兵庫県,加古川市,加古川町北在家２７２３番地センタービル１階１０８,6750031
3140001139432,株式会社リサイクルカンパニーＫＡＫＯＧＡＷＡ,兵庫県,加古川市,平荘町養老２３１,6751231
3140001140092,株式会社東釧路蓄電所,兵庫県,加古川市,平岡町新在家１３７９番地の１,6750101
3140001140217,株式会社桑原工業,兵庫県,加古川市,尾上町長田５１７番地の１８３,6750024
3140001140324,ＲＥＬＡＩＲ株式会社,兵庫県,加古川市,西神吉町岸６４７番地の４,6750045
3140001140547,ふくふく不動産株式会社,兵庫県,加古川市,尾上町口里８４−７,6750022
3140001140563,株式会社ニシヤマシーン,兵庫県,加古川市,加古川町西河原５番地の９,6750036
3140001140828,株式会社愛真,兵庫県,加古川市,平岡町土山１番地の１３,6750104
3140001140836,株式会社ＤＡＩＳＨＩＮ,兵庫県,加古川市,平岡町新在家６６８番地の４,6750101
3140001141173,株式会社ｉｎｕｔｏ．,兵庫県,加古川市,平荘町里１１３７−２２,6751232
3140001141181,株式会社マナ,兵庫県,加古川市,米田町平津４９５番地の３,6750054
3140001141594,株式会社眞形工業,兵庫県,加古川市,別府町新野辺５７４番地の３３５,6750131
3140001141603,株式会社おのえの松ディベロップメント,兵庫県,加古川市,尾上町旭１丁目４９番地の３,6750026
3140001142213,株式会社カネヒロ,兵庫県,加古川市,加古川町稲屋２８０番地の９,6750034
3140001142576,コアエステート株式会社,兵庫県,加古川市,別府町新野辺北町３丁目５０番地の６,6750121
3140002027710,株式会社マックスプラン,兵庫県,加古川市,加古川町中津８１４番地の７,6750068
3140002033221,双葉テクノス株式会社,兵庫県,加古川市,東神吉町神吉３９９番地の１２,6750057
3140002036199,株式会社ＴＳコーポレーション,兵庫県,加古川市,加古川町粟津４６８番地,6750039
3140003008544,株式会社グリーンドラゴン,兵庫県,加古川市,尾上町口里２０９番地の２５,6750022
3140003014526,株式会社嘉祥,兵庫県,加古川市,加古川町北在家２２０６番地,6750031
3180301006056,株式会社大昇,兵庫県,加古川市,米田町平津３９２番地６,6750054
3370001040286,再エネ日本電力株式会社,兵庫県,加古川市,平岡町新在家１３７９番地の１,6750101
4120003010864,ロノズカンパニー株式会社,兵庫県,加古川市,平岡町土山４４−３,6750104
4140001024385,株式会社神戸西インター自動車学校,兵庫県,加古川市,尾上町養田１５６０番地,6750025
4140001024451,株式会社クールウェッジ,兵庫県,加古川市,加古川町木村２４６番地の４,6750038
4140001031893,ＫＴＫ総合開発株式会社,兵庫県,加古川市,神野町西条１３１１番地の９,6750009
4140001035119,立花漁網船具株式会社,兵庫県,加古川市,山手２丁目２５番２２号,6750002
4140001037131,株式会社テクノハード,兵庫県,加古川市,野口町水足１９２６−３,6750019
4140001037560,ＳＫプランドゥ株式会社,兵庫県,加古川市,別府町新野辺１１５０番地の１２,6750131
4140001040787,エムズケーライン株式会社,兵庫県,加古川市,平岡町高畑６７６番地の２４,6750103
4140001042412,株式会社アイ・エス・ピー,兵庫県,加古川市,加古川町北在家６０９番地の２８,6750031
4140001042420,株式会社愛飛,兵庫県,加古川市,志方町志方町１４８４番地,6750321
4140001042437,アジアテレコムアプライアンス株式会社,兵庫県,加古川市,加古川町粟津７３３番地の５新星貿易ビル内,6750039
4140001042445,アサヒ物産株式会社,兵庫県,加古川市,西神吉町岸１３４番地の３,6750045
4140001042453,株式会社アプコ,兵庫県,加古川市,野口町水足１７１番地の１,6750019
4140001042461,株式会社淡路建設工業,兵庫県,加古川市,別府町新野辺１４６５番地の１,6750131
4140001042478,礒野酒造株式会社,兵庫県,加古川市,西神吉町大国２９７番地の１,6750044
4140001042494,株式会社いちわか,兵庫県,加古川市,加古川町本町４６番地の９,6750037
4140001042503,株式会社イナサン,兵庫県,加古川市,加古川町平野７９番地の３,6750063
4140001042511,岩見建設株式会社,兵庫県,加古川市,尾上町口里８６番地の１３１,6750022
4140001042528,宇野工業株式会社,兵庫県,加古川市,別府町新野辺北町１丁目１５番地の６,6750121
4140001042536,株式会社エイチイーシー,兵庫県,加古川市,平岡町新在家２丁目２７４番地の８,6750101
4140001042544,株式会社オプテカルシーファイブ,兵庫県,加古川市,東神吉町神吉８２３番地の７５,6750057
4140001042569,株式会社加印民商会館,兵庫県,加古川市,野口町良野１７０７番地,6750017
4140001042577,加古川商興株式会社,兵庫県,加古川市,別府町石町８９番地−１０２,6750127
4140001042585,加古川バス株式会社,兵庫県,加古川市,尾上町池田１８３２番地の１,6750023
4140001042593,加古川金属工業株式会社,兵庫県,加古川市,東神吉町神吉２４８番地,6750057
4140001042610,株式会社エステート朱鷺,兵庫県,加古川市,加古川町本町５８６番地の２５,6750037
4140001042627,株式会社エル・エル・ディ・ダイドー,兵庫県,加古川市,野口町良野１０７番地,6750017
4140001042635,オークラ工業株式会社,兵庫県,加古川市,尾上町養田１３７８番地,6750025
4140001042643,株式会社大谷美装,兵庫県,加古川市,別府町新野辺２７１４番地,6750131
4140001042651,株式会社大林,兵庫県,加古川市,野口町長砂１１６４番地,6750016
4140001042668,加古川タクシー株式会社,兵庫県,加古川市,野口町長砂８１８番地,6750016
4140001042676,株式会社岸本組,兵庫県,加古川市,上荘町都染６２６番地の８,6751216
4140001042684,北重量工事株式会社,兵庫県,加古川市,西神吉町大国８０３番地,6750044
4140001042692,株式会社キ・ボン,兵庫県,加古川市,加古川町寺家町６５番地の１,6750066
4140001042701,株式会社協伸,兵庫県,加古川市,野口町水足１５１９番地の２,6750019
4140001042726,株式会社グリーン・エンタープライズ,兵庫県,加古川市,別府町新野辺３０６１番地,6750131
4140001042734,株式会社黒田商店,兵庫県,加古川市,米田町船頭３９０番地,6750053
4140001042759,株式会社神戸ベローズ,兵庫県,加古川市,平岡町高畑６０２番地の１,6750103
4140001042767,株式会社コーヨーテック,兵庫県,加古川市,加古川町北在家２４６３番地,6750031
4140001042775,株式会社コスモ開発,兵庫県,加古川市,別府町別府７１３番地の５,6750122
4140001042783,株式会社五東社,兵庫県,加古川市,尾上町池田７６４番地の２,6750023
4140001042791,株式会社小玉工務店,兵庫県,加古川市,加古川町北在家２２４５番地,6750031
4140001042800,小林種苗株式会社,兵庫県,加古川市,加古川町粟津４０４番地,6750039
4140001042817,環境化学工業株式会社,兵庫県,加古川市,尾上町安田４９９番地の１,6750021
4140001042825,関西かねもり株式会社,兵庫県,加古川市,平岡町新在家２１３−１,6750101
4140001042841,株式会社カノコ,兵庫県,加古川市,加古川町篠原町１４番地の６,6750065
4140001042858,釜谷紙業株式会社,兵庫県,加古川市,加古川町木村８５番地の１,6750038
4140001042866,小林レッカー工事株式会社,兵庫県,加古川市,西条山手１丁目８番３７号,6750001
4140001042874,株式会社駒場総業,兵庫県,加古川市,別府町新野辺９０番地の５８,6750131
4140001042890,サンマリーン株式会社,兵庫県,加古川市,平岡町一色７９７番地の２４４,6750115
4140001042899,株式会社三洋ビル,兵庫県,加古川市,野口町良野１５０６番地,6750017
4140001042908,株式会社澤田水道設備,兵庫県,加古川市,志方町上冨木７９１番地,6750314
4140001042916,ジーアンドティ株式会社,兵庫県,加古川市,尾上町養田４３１番地の８,6750025
4140001042932,進皎不動産株式会社,兵庫県,加古川市,尾上町安田９２３番地,6750021
4140001042940,株式会社七榮,兵庫県,加古川市,尾上町安田３００番地の１,6750021
4140001042949,株式会社しもかわリスペクト,兵庫県,加古川市,新神野４丁目１８番２−２号,6750008
4140001042957,株式会社サンコー土地建物,兵庫県,加古川市,加古川町北在家２２４２番地,6750031
4140001042965,株式会社坂本工業所,兵庫県,加古川市,別府町西脇９８番地の１,6750125
4140001042973,山水産業株式会社,兵庫県,加古川市,米田町平津３１１番地サンスイプラザ１０５号,6750054
4140001042981,佐藤商事株式会社,兵庫県,加古川市,尾上町養田１６０番地の１,6750025
4140001043014,神陽技研株式会社,兵庫県,加古川市,野口町二屋２７２番地,6750013
4140001043030,城山開発株式会社,兵庫県,加古川市,志方町野尻８０８番地の１,6750302
4140001043039,鈴木鍛工株式会社,兵庫県,加古川市,平岡町高畑３５０番地の１,6750103
4140001043047,株式会社住若,兵庫県,加古川市,別府町新野辺２９７３番地,6750131
4140001043055,株式会社西宝,兵庫県,加古川市,尾上町口里７６５番地の１,6750022
4140001043071,総業開発株式会社,兵庫県,加古川市,平岡町新在家１８３番地の１,6750101
4140001043096,株式会社大工産,兵庫県,加古川市,平岡町一色西１丁目２７８−１,6750117
4140001043105,株式会社大尚,兵庫県,加古川市,平岡町中野２４９番地の１,6750113
4140001043113,大昭建設株式会社,兵庫県,加古川市,加古川町粟津２５３番地の２９,6750039
4140001043121,株式会社大同工務店,兵庫県,加古川市,野口町良野１０７番地,6750017
4140001043138,高砂興産株式会社,兵庫県,加古川市,西神吉町鼎７番地,6750047
4140001043146,株式会社高砂コンピューターサービス,兵庫県,加古川市,加古川町本町３６０番地の５,6750037
4140001043154,株式会社高田造園土木,兵庫県,加古川市,加古川町大野１０９７番地の１,6750061
4140001043170,株式会社高山自動車サービス,兵庫県,加古川市,西神吉町宮前８６３番地の４０,6750041
4140001043187,株式会社タナカ,兵庫県,加古川市,平岡町新在家２丁目２６８番地の６,6750101
4140001043195,ダルマヤ酒類株式会社,兵庫県,加古川市,尾上町養田７２５番地の６,6750025
4140001043212,株式会社ナカオストアー,兵庫県,加古川市,志方町上冨木１２０番地の６１,6750314
4140001043237,ニシタ米穀株式会社,兵庫県,加古川市,別府町新野辺１２４７番地,6750131
4140001043245,株式会社ニツケ機械製作所,兵庫県,加古川市,米田町船頭４４０番地,6750053
4140001043253,日本編物株式会社,兵庫県,加古川市,東神吉町升田１１９７番地,6750051
4140001043261,日本ラウンドコンピューター株式会社,兵庫県,加古川市,神野町西条１５０１番地の１,6750009
4140001043278,土山住宅株式会社,兵庫県,加古川市,平岡町土山１２１８番地の９,6750104
4140001043286,株式会社デイリーマート,兵庫県,加古川市,平岡町新在家３０５番地の２,6750101
4140001043294,トーア工芸株式会社,兵庫県,加古川市,八幡町船町２３７番地の１,6751206
4140001043311,株式会社トータル,兵庫県,加古川市,別府町新野辺北町４丁目６０番地,6750121
4140001043328,株式会社とみや不動産,兵庫県,加古川市,加古川町北在家２６８７番地,6750031
4140001043336,播磨石油株式会社,兵庫県,加古川市,平岡町高畑字下リ８８番地の１,6750103
4140001043352,播磨薬品株式会社,兵庫県,加古川市,尾上町養田１５７５番地,6750025
4140001043377,兵庫紙管製造株式会社,兵庫県,加古川市,神野町石守１０９２番地の１,6750005
4140001043385,株式会社兵庫コンピューターセンター,兵庫県,加古川市,加古川町粟津２５８番地の８,6750039
4140001043393,株式会社兵庫不動産販売,兵庫県,加古川市,加古川町溝之口５１０番地の３３,6750064
4140001043402,株式会社パーソナルコーポレーション,兵庫県,加古川市,平岡町新在家９７番地の１,6750101
4140001043410,播水工業株式会社,兵庫県,加古川市,神野町神野１５５番地の１,6750003
4140001043419,株式会社橋本建設,兵庫県,加古川市,東神吉町神吉１８３５番地の１,6750057
4140001043427,株式会社播州生コン,兵庫県,加古川市,八幡町下村１２３３番地の１,6751203
4140001043435,博興工業株式会社,兵庫県,加古川市,別府町元町１１１番地,6750134
4140001043451,株式会社馬場鉄工所,兵庫県,加古川市,平岡町二俣２３９番地の１,6750111
4140001043476,株式会社廣川電機製作所,兵庫県,加古川市,野口町野口６３４番地,6750012
4140001043484,拓毅建設株式会社,兵庫県,加古川市,上荘町国包８６２番地,6751213
4140001043501,富士コンピュータ株式会社,兵庫県,加古川市,加古川町稲屋７９０番地の１,6750034
4140001043518,株式会社不動産評価システムズ,兵庫県,加古川市,加古川町北在家２２４０番地,6750031
4140001043534,株式会社プロト,兵庫県,加古川市,八幡町宗佐１４４０番地の３,6751201
4140001043542,別府鉄道株式会社,兵庫県,加古川市,別府町緑町８番地,6750124
4140001043550,株式会社宝美堂,兵庫県,加古川市,平岡町新在家１丁目２６０番地の１,6750101
4140001043559,株式会社星川工業,兵庫県,加古川市,東神吉町升田６９８番地の７,6750051
4140001043567,株式会社ホンダ加古川,兵庫県,加古川市,尾上町養田６４４番地,6750025
4140001043575,前田興産工業株式会社,兵庫県,加古川市,八幡町上西条２９番地の２,6751204
4140001043583,牧田興業株式会社,兵庫県,加古川市,別府町新野辺２９９５番地,6750131
4140001043600,マツオカフーズ株式会社,兵庫県,加古川市,志方町横大路１４５番地１,6750332
4140001043609,松本精工株式会社,兵庫県,加古川市,志方町横大路６４７番地,6750332
4140001043617,株式会社マルアイ,兵庫県,加古川市,神野町神野２２５番地１,6750003
4140001043625,株式会社ゼロ・ワン・ゼロ,兵庫県,加古川市,加古川町篠原町１１１番地,6750065
4140001043633,株式会社三浦鉄工所,兵庫県,加古川市,米田町平津４０５番地の１,6750054
4140001043666,宮宅建材工業株式会社,兵庫県,加古川市,平岡町二俣２７０番地の１,6750111
4140001043674,株式会社無限自動車,兵庫県,加古川市,志方町投松７３８番地,6750313
4140001043682,株式会社明治住建,兵庫県,加古川市,平岡町新在家３丁目２８８番地の１０,6750101
4140001043690,株式会社恵,兵庫県,加古川市,平岡町新在家６８８番地の１９,6750101
4140001043708,株式会社ヤング住研,兵庫県,加古川市,米田町平津４６６番地の７,6750054
4140001043716,株式会社プロティア工房,兵庫県,加古川市,神野町石守４６２番地の１３１,6750005
4140001043724,山兼工業株式会社,兵庫県,加古川市,志方町志方町１０６９番地の３,6750321
4140001043732,レーク商事株式会社,兵庫県,加古川市,加古川町寺家町３２番地,6750066
4140001043740,株式会社大條,兵庫県,加古川市,加古川町中津４６３番地の１,6750068
4140001043757,ユニバーサルフーズ株式会社,兵庫県,加古川市,米田町平津４７４番地の１,6750054
4140001043765,株式会社吉原建設,兵庫県,加古川市,東神吉町神吉２２３番地,6750057
4140001043773,株式会社ＹＫ商会,兵庫県,加古川市,加古川町粟津４６９番地の１,6750039
4140001043781,和宏ベンダー株式会社,兵庫県,加古川市,平岡町高畑５３８番地の１,6750103
4140001043798,エコーハウス株式会社,兵庫県,加古川市,野口町長砂１１４１番地の１サニー長砂荘２０２号,6750016
4140001044268,マルハル工業株式会社,兵庫県,加古川市,西神吉町大国８４６番地の１,6750044
4140001044656,ユウキ建設株式会社,兵庫県,加古川市,平岡町新在家２０７３番地の１,6750101
4140001044680,株式会社エーベック,兵庫県,加古川市,野口町坂元３２９番地の５３,6750018
4140001044689,株式会社ウェルネス・ライフ,兵庫県,加古川市,上荘町小野９６７番地,6751218
4140001044714,株式会社タック,兵庫県,加古川市,平岡町山之上５７５番地の８,6750112
4140001044730,株式会社シンメン不動産,兵庫県,加古川市,西神吉町宮前８２１番地の１０１,6750041
4140001044739,株式会社マリヤアドバンス,兵庫県,加古川市,加古川町粟津７７１番地の１,6750039
4140001044788,株式会社コーナン,兵庫県,加古川市,野口町良野１５２４番地,6750017
4140001044813,株式会社ツタヤ電機,兵庫県,加古川市,西神吉町岸５６４番地の１０,6750045
4140001044821,兵庫住設株式会社,兵庫県,加古川市,別府町新野辺北町４丁目１番地の１,6750121
4140001044994,拓住建株式会社,兵庫県,加古川市,平岡町新在家２２１２番１５,6750101
4140001045019,株式会社六甲農場,兵庫県,加古川市,八幡町野村６１６番３１,6751202
4140001045043,株式会社兵庫建設,兵庫県,加古川市,志方町原２６３番地,6750335
4140001045051,株式会社ＮＴトラスト,兵庫県,加古川市,尾上町安田７６９番地の１加古川シティビル３０３号室,6750021
4140001045068,テクノワークス株式会社,兵庫県,加古川市,東神吉町神吉７３８番地の１,6750057
4140001045159,株式会社小河鉄工所,兵庫県,加古川市,加古川町溝之口２７４番地の６,6750064
4140001045167,松村株式会社,兵庫県,加古川市,志方町西牧３００番地,6750331
4140001045175,モーデ・トリコ株式会社,兵庫県,加古川市,志方町西牧２１９番地,6750331
4140001045209,新明和工作株式会社,兵庫県,加古川市,尾上町養田字上寺２５６番地,6750025
4140001045225,株式会社創武,兵庫県,加古川市,尾上町口里８１４番地の５１−１−１０３,6750022
4140001045233,サニーハウジング株式会社,兵庫県,加古川市,平岡町新在家３丁目２８１番地の８,6750101
4140001045241,株式会社エコアス,兵庫県,加古川市,野口町良野１５２４番地,6750017
4140001045274,株式会社Ａｎｓｗｅｒ,兵庫県,加古川市,加古川町溝之口字案内５０７番地,6750064
4140001045282,ユニバーサル産業株式会社,兵庫県,加古川市,米田町平津４７４番地の１,6750054
4140001045299,株式会社三共防水工事,兵庫県,加古川市,平荘町山角５０番地の１,6751221
4140001045332,京本塗装工業株式会社,兵庫県,加古川市,神野町神野１２５番地の１,6750003
4140001045349,株式会社ハリマ調剤薬局,兵庫県,加古川市,加古川町寺家町４８番７号,6750066
4140001045357,株式会社ＨＡＮＧ　ＬＯＯＳＥ,兵庫県,加古川市,加古川町友沢４１５番地の４,6750035
4140001045381,株式会社ＳＥＢＡ,兵庫県,加古川市,野口町長砂７０７番地,6750016
4140001045415,株式会社ヤマセイ,兵庫県,加古川市,別府町新野辺２２５１番地,6750131
4140001045423,株式会社小原土木工業,兵庫県,加古川市,野口町長砂２８８番地の１０,6750016
4140001045431,株式会社マルシゲ産業,兵庫県,加古川市,野口町長砂９６６番地１,6750016
4140001045448,株式会社前田ポンプ商会,兵庫県,加古川市,西神吉町鼎９３番地の２,6750047
4140001045456,株式会社ＨＡＲＵエンタープライズ,兵庫県,加古川市,平岡町一色西２丁目５番地,6750117
4140001045497,上野建設株式会社,兵庫県,加古川市,志方町横大路８６番地の１,6750332
4140001045530,酒井塗装株式会社,兵庫県,加古川市,神野町石守１丁目９４番地,6750005
4140001045588,株式会社高見電化サービス,兵庫県,加古川市,上荘町薬栗６６番地の２,6751217
4140001045605,株式会社クレド,兵庫県,加古川市,野口町水足５６番地の１１,6750019
4140001045621,株式会社国健ライン,兵庫県,加古川市,加古川町河原３６５番地の１２,6750067
4140001045662,ＢＬＵＥ　ＳＥＶＥＮ株式会社,兵庫県,加古川市,野口町長砂９９８番地３１３,6750016
4140001045670,新太株式会社,兵庫県,加古川市,平岡町土山８７７番地の２６,6750104
4140001045687,グリーンシステム株式会社,兵庫県,加古川市,東神吉町出河原４３９番地の１,6750052
4140001045695,株式会社ライフクリエイト,兵庫県,加古川市,米田町船頭５２３番地の５,6750053
4140001045704,株式会社ＴＭコーポレーション,兵庫県,加古川市,尾上町池田１６３７番地の１,6750023
4140001045729,株式会社トロピカーナコウベ,兵庫県,加古川市,尾上町旭１丁目６番地,6750026
4140001045737,株式会社一心コーポレーション,兵庫県,加古川市,野口町野口大仏１２９番地の５６,6750012
4140001045745,株式会社ＳＨＯＥＩ,兵庫県,加古川市,志方町高畑１０３３番地の１,6750304
4140001045761,株式会社ケーコーポレーション,兵庫県,加古川市,上荘町国包３１２番地の１,6751213
4140001045778,株式会社ＹＡＭＡＳＹＯ,兵庫県,加古川市,尾上町長田２２０番地の２６,6750024
4140001045786,神戸アーネスト株式会社,兵庫県,加古川市,西神吉町岸１５５番地の４２,6750045
4140001045794,株式会社美肌堂,兵庫県,加古川市,平岡町新在家１４９番地の７パレードビル２０１号,6750101
4140001045811,株式会社ＭＪＣ,兵庫県,加古川市,尾上町養田５２２番地の５,6750025
4140001045844,金城設備工業株式会社,兵庫県,加古川市,平岡町一色西２丁目２４０番地,6750117
4140001045860,株式会社神商会,兵庫県,加古川市,加古川町粟津５４６番地の９,6750039
4140001045877,株式会社佐野組,兵庫県,加古川市,尾上町養田１３１７番地の１,6750025
4140001045885,株式会社クロスロード,兵庫県,加古川市,野口町長砂８３０−１,6750016
4140001045910,株式会社北義,兵庫県,加古川市,尾上町池田４０４番地の５,6750023
4140001045919,株式会社清田運送,兵庫県,加古川市,加古川町稲屋４３２番地の１４,6750034
4140001045943,株式会社シーティーエス,兵庫県,加古川市,加古川町溝之口６４番地の４,6750064
4140001045968,株式会社奈電,兵庫県,加古川市,平荘町一本松５４０−１,6751236
4140001045976,株式会社ＫＣＭＪ,兵庫県,加古川市,平岡町土山５０９番地の１,6750104
4140001045984,株式会社ＳＩフォーム,兵庫県,加古川市,尾上町口里２０１番地の３,6750022
4140001045992,株式会社フレッシュピックル,兵庫県,加古川市,神野町西之山３８４番地の１,6750007
4140001046000,高島食品機械株式会社,兵庫県,加古川市,野口町水足９５８−４,6750019
4140001046017,株式会社エムアンドエヌ,兵庫県,加古川市,平岡町新在家１丁目２５８番の１,6750101
4140001046025,株式会社ＦＤＤ,兵庫県,加古川市,加古川町友沢２７２番地,6750035
4140001046033,中兵庫営繕建築株式会社,兵庫県,加古川市,加古川町大野６３０番地の５,6750061
4140001046066,株式会社たまがっど,兵庫県,加古川市,平岡町一色西２丁目２５４番地の１,6750117
4140001046108,株式会社アクトメディカルサポート,兵庫県,加古川市,加古川町北在家２７０７番地,6750031
4140001046124,株式会社ＫＭＴ,兵庫県,加古川市,尾上町池田８３番地の４８,6750023
4140001046132,株式会社オンリー,兵庫県,加古川市,平荘町池尻４２番地,6751233
4140001046181,株式会社デイサービスセンターうららか,兵庫県,加古川市,別府町新野辺３０３３番地,6750131
4140001046207,株式会社ステイＧ,兵庫県,加古川市,加古川町平野４４９番地の１,6750063
4140001046223,ユナイテッドトレーディング株式会社,兵庫県,加古川市,八幡町宗佐５２７,6751201
4140001046248,株式会社ミズタ工業,兵庫県,加古川市,尾上町安田５９１番地の７,6750021
4140001046264,株式会社美広社,兵庫県,加古川市,加古川町中津８９５番地の１,6750068
4140001046272,株式会社山興,兵庫県,加古川市,加古川町西河原１６番地の５,6750036
4140001046322,株式会社青木電気設備,兵庫県,加古川市,別府町別府６７０番地の５,6750122
4140001046355,アール・エー株式会社,兵庫県,加古川市,平岡町新在家９４６−９,6750101
4140001046388,株式会社ＧＲＡＺＩＥ,兵庫県,加古川市,平岡町新在家１４６３番地の１,6750101
4140001046405,ＩＭＭトレード株式会社,兵庫県,加古川市,平岡町新在家７５２番地の４６東加古川ハイタウンＢ−２０９号,6750101
4140001046421,株式会社ライノー,兵庫県,加古川市,野口町長砂１１６４番地,6750016
4140001046438,株式会社ルーメスト,兵庫県,加古川市,平岡町新在家２丁目２６４番地の２０,6750101
4140001046446,株式会社天将,兵庫県,加古川市,加古川町大野１７６番地の２,6750061
4140001046454,株式会社宝コーポレーション,兵庫県,加古川市,神野町石守１２６５番地,6750005
4140001046470,株式会社グローリア,兵庫県,加古川市,加古川町備後字田中６７番１,6750032
4140001047114,株式会社ベーシック,兵庫県,加古川市,平荘町里５５１番地の１,6751232
4140001047163,株式会社ＡＭＯグループ,兵庫県,加古川市,加古川町北在家２４４４番地大日加古川ビル１階,6750031
4140001057278,株式会社ひょうご粒子線メディカルサポート,兵庫県,加古川市,加古川町溝之口７７０番地オーエムパーキングビル１０２号,6750064
4140001060819,原田繊維株式会社,兵庫県,加古川市,米田町船頭４４０番地,6750053
4140001061560,株式会社ホリデー,兵庫県,加古川市,尾上町池田８５０番地の６８,6750023
4140001067418,ジョルナーレ株式会社,兵庫県,加古川市,米田町平津６５５番地,6750054
4140001067442,Ｈ．Ｆ．Ｇ株式会社,兵庫県,加古川市,尾上町養田２５１番地１,6750025
4140001067491,株式会社戸来和,兵庫県,加古川市,平岡町土山７１４番地の４コンソラーレＣ棟２０３号,6750104
4140001067541,株式会社Ｙ−ｐｌａｎｎｉｎｇ,兵庫県,加古川市,加古川町北在家２５１４番地,6750031
4140001077549,ＪＳ　ＡＵＴＯ株式会社,兵庫県,加古川市,八幡町野村８４６番地の９８,6751202
4140001081724,大豊食堂株式会社,兵庫県,加古川市,野口町古大内２２７番地の７,6750014
4140001086970,株式会社前田屋,兵庫県,加古川市,平岡町高畑字辻ヶ内３３１番１,6750103
4140001086987,株式会社Ｋａｎａｅ　Ｌｉｎｅ,兵庫県,加古川市,米田町船頭５０４番地の３８,6750053
4140001087606,イマヅ庭芸株式会社,兵庫県,加古川市,米田町平津２７６番地の１,6750054
4140001087969,志元株式会社,兵庫県,加古川市,別府町別府８２６番地の１,6750122
4140001088447,株式会社ツルタテクノ,兵庫県,加古川市,野口町水足１７８７番地の４,6750019
4140001088686,株式会社ＨＧＦ,兵庫県,加古川市,西神吉町岸５０番地の１,6750045
4140001088703,株式会社ＩＳＹＵプランニング,兵庫県,加古川市,東神吉町神吉１７０番地の３,6750057
4140001088991,株式会社ＨＯＵＳＥ,兵庫県,加古川市,野口町長砂１３３０番地の１９,6750016
4140001089767,株式会社ランドマークプロパティ,兵庫県,加古川市,尾上町安田９２３番地,6750021
4140001090188,オークス株式会社,兵庫県,加古川市,野口町水足１２３７番地,6750019
4140001090691,株式会社宮下組生コン,兵庫県,加古川市,上荘町都染７１４番地の２,6751216
4140001090725,エム・システムズ株式会社,兵庫県,加古川市,加古川町大野４１３番地の３,6750061
4140001090907,フジ鋼業株式会社,兵庫県,加古川市,野口町水足北浦１４４２−１,6750019
4140001091640,株式会社デルフィニトレーディング,兵庫県,加古川市,平岡町二俣６５１番地の２ジークレフ加古川東５１３号,6750111
4140001091995,株式会社ベルデ,兵庫県,加古川市,東神吉町砂部字外田４４５番地の９,6750056
4140001092093,株式会社クロダ空調,兵庫県,加古川市,平岡町土山１１７番地の２２,6750104
4140001092374,信空自動車株式会社,兵庫県,加古川市,別府町東町１０番地,6750135
4140001092390,サンウォーター株式会社,兵庫県,加古川市,加古川町備後３５８番地の１,6750032
4140001092738,株式会社エスアールディー,兵庫県,加古川市,平岡町一色西１丁目６５−１０１,6750117
4140001093868,ヨシイ建設株式会社,兵庫県,加古川市,加古川町北在家５５１番地の８,6750031
4140001094008,栄工業株式会社,兵庫県,加古川市,別府町新野辺２２０６番地,6750131
4140001094098,株式会社Ｓｈｉｍａ設備,兵庫県,加古川市,西神吉町岸１７０−１−３０３,6750045
4140001094429,株式会社ケイ・エム企画,兵庫県,加古川市,加古川町粟津３４１番地,6750039
4140001094651,株式会社タカミ,兵庫県,加古川市,上荘町都台２丁目５番地の１４,6751215
4140001094973,フィナンシャル・アシストパートナーズ株式会社,兵庫県,加古川市,加古川町寺家町１７３番地１６,6750066
4140001095030,株式会社フーズプレミアム,兵庫県,加古川市,野口町長砂７９９番地,6750016
4140001095229,株式会社ＴＦＵ,兵庫県,加古川市,平岡町新在家２丁目２６６番地の４,6750101
4140001095352,株式会社フルリール,兵庫県,加古川市,別府町別府９４１番地の１,6750122
4140001095757,株式会社井上組,兵庫県,加古川市,別府町新野辺北町４丁目９６番地の３,6750121
4140001095897,株式会社公文塗装店,兵庫県,加古川市,尾上町養田１丁目８４番地の５,6750025
4140001096623,株式会社アイアンドロード,兵庫県,加古川市,尾上町池田１８３３番地,6750023
4140001096664,ＥＭＢＲＡＺＡ株式会社,兵庫県,加古川市,別府町西脇１６３番地の６,6750125
4140001096937,株式会社新星トラフィック,兵庫県,加古川市,尾上町今福４６５番地の１,6750027
4140001097142,株式会社クリア,兵庫県,加古川市,加古川町備後７７番地の２,6750032
4140001097209,株式会社ジェイライカ,兵庫県,加古川市,加古川町友沢３９５番地の１,6750035
4140001097514,株式会社大福商店,兵庫県,加古川市,志方町志方町１２７０番地,6750321
4140001098132,宏栄工業株式会社,兵庫県,加古川市,野口町北野８６４番地の５,6750011
4140001098248,株式会社寿松,兵庫県,加古川市,野口町長砂９７６番地の１サーパス加古川７０２号,6750016
4140001098272,株式会社東加古川第二発電所,兵庫県,加古川市,平岡町西谷９７番地,6750102
4140001098842,金澤開興株式会社,兵庫県,加古川市,東神吉町砂部３５４番地の９７,6750056
4140001099080,株式会社希翔,兵庫県,加古川市,別府町新野辺北町３丁目６５番地の１０,6750121
4140001099436,株式会社東加古川第四発電所,兵庫県,加古川市,平岡町西谷９７番地,6750102
4140001099584,株式会社青谷,兵庫県,加古川市,加古川町大野１０８５番地の２,6750061
4140001100525,株式会社ＭＲＤ,兵庫県,加古川市,加古川町西河原６２番地,6750036
4140001100913,株式会社あＬｉｎｋ,兵庫県,加古川市,加古川町篠原町１５８−１宮下ビル１階南,6750065
4140001101143,株式会社サンヨーパック,兵庫県,加古川市,新神野７丁目６番２０号,6750008
4140001101226,株式会社アイ・スタッフ,兵庫県,加古川市,加古川町粟津７３３−５石野ビル２Ｆ,6750039
4140001102513,Ｂｅａｔｓ株式会社,兵庫県,加古川市,加古川町平野１６番地の８,6750063
4140001102521,プロンテック株式会社,兵庫県,加古川市,尾上町口里６６４番地の６,6750022
4140001102728,株式会社小西建工,兵庫県,加古川市,尾上町養田２３９番地１０号,6750025
4140001102744,株式会社ＤｒｅａｍＬｏｏｐ,兵庫県,加古川市,神野町石守３丁目７６番地の１,6750005
4140001103098,株式会社Ｉ・ＴＯＳ,兵庫県,加古川市,尾上町旭３丁目１番地の１,6750026
4140001103924,株式会社ニッショー・エレック,兵庫県,加古川市,野口町北野１７９番地の８,6750011
4140001103932,株式会社ハリマオークション,兵庫県,加古川市,加古川町篠原町１０３番地の１１−２０２,6750065
4140001104047,株式会社オー・エム,兵庫県,加古川市,野口町長砂１４３番地の１,6750016
4140001104245,株式会社石井組,兵庫県,加古川市,尾上町養田２丁目８０番地,6750025
4140001104410,チェリーブロッサム株式会社,兵庫県,加古川市,野口町良野１５８２番地大溝オフィス１階,6750017
4140001105268,株式会社のぞみ商事,兵庫県,加古川市,野口町坂元５９１番地の１１,6750018
4140001105375,ミヤコ株式会社,兵庫県,加古川市,志方町志方町１６５５番地の１,6750321
4140001105945,株式会社Ｎｉｓｈｉｄａ,兵庫県,加古川市,平岡町二俣６５９番地の７リアラス東加古川９１０号,6750111
4140001106167,株式会社聖真工業,兵庫県,加古川市,別府町新野辺５７４番地の１３５,6750131
4140001106175,株式会社ホープガーデナー,兵庫県,加古川市,尾上町口里３６０−７,6750022
4140001107017,株式会社ＴｅｋｕＴｅｋｕ,兵庫県,加古川市,尾上町安田７６９番地１加古川シティビル１０２,6750021
4140001107677,株式会社ミートリンク,兵庫県,加古川市,志方町志方町１３０６番地,6750321
4140001107867,アスク株式会社,兵庫県,加古川市,尾上町口里１番地の３,6750022
4140001108023,株式会社ワイズアロー,兵庫県,加古川市,加古川町粟津９０番地の２,6750039
4140001108188,株式会社ＨｕｍａｒＡｎｉｍａｌｓ,兵庫県,加古川市,平岡町山之上６８４番地の１１城の宮県営住宅２−５０６号,6750112
4140001108205,トラシメッコジャパン株式会社,兵庫県,加古川市,志方町高畑１０３６番地の７,6750304
4140001108270,株式会社ケイアイプランニング,兵庫県,加古川市,志方町岡５０４番地の１,6750311
4140001108287,株式会社ハリマ,兵庫県,加古川市,平岡町新在家１７４５番地の２５４,6750101
4140001108700,株式会社エーファースト,兵庫県,加古川市,加古川町北在家７８３番地の１,6750031
4140001108717,株式会社アサヒ電機産業,兵庫県,加古川市,加古川町稲屋１３１番地の３,6750034
4140001108907,株式会社ＮＢＫｉ,兵庫県,加古川市,別府町新野辺１１９番地の８,6750131
4140001108989,株式会社竹一工務店,兵庫県,加古川市,志方町志方町１５５５番地の３,6750321
4140001109665,株式会社冨工務店,兵庫県,加古川市,別府町別府７７６番地の１,6750122
4140001110012,株式会社Ｋテック,兵庫県,加古川市,平岡町一色７５５番地の５,6750115
4140001110219,大成プランニング株式会社,兵庫県,加古川市,尾上町長田５１７番地の３８,6750024
4140001110953,株式会社テクノ・オカダ,兵庫県,加古川市,上荘町国包２０５番地の６,6751213
4140001111068,株式会社大福電気,兵庫県,加古川市,加古川町平野４１９番地,6750063
4140001111126,ノアてっく株式会社,兵庫県,加古川市,野口町水足２０２０番地の７,6750019
4140001111720,株式会社Ｔ＆Ｋ,兵庫県,加古川市,尾上町口里４０番地の６１,6750022
4140001111786,株式会社Ｈｏｍｅ　Ｌａｂｏ,兵庫県,加古川市,平岡町西谷１７番地の２５,6750102
4140001111877,株式会社ＳＧＣ,兵庫県,加古川市,尾上町口里７３６番地の２６,6750022
4140001112017,株式会社健将社,兵庫県,加古川市,野口町長砂１９６番地の１２,6750016
4140001112124,Ｓｅａｔｈｒｏｕｇｈ株式会社,兵庫県,加古川市,野口町北野９８９番地の５,6750011
4140001112421,株式会社ミライホーム,兵庫県,加古川市,尾上町安田１３０番地の７,6750021
4140001112529,株式会社いつくしむ,兵庫県,加古川市,平岡町中野２１１番地の１,6750113
4140001112660,株式会社Ｎ・Ｄ・Ａ,兵庫県,加古川市,別府町新野辺北町２丁目１６７番地ハイユニメントＦ号,6750121
4140001113345,喜多山建工株式会社,兵庫県,加古川市,平岡町一色６０８番地の１ＣＡＳＡいけざわ１０６号,6750115
4140001113592,株式会社スパイラル,兵庫県,加古川市,志方町横大路８２５番地の４,6750332
4140001113601,礒野エアテック株式会社,兵庫県,加古川市,東神吉町神吉８２１番地の４,6750057
4140001113989,株式会社Ｓｃｒｕｍ,兵庫県,加古川市,上荘町都台１丁目１１番地の８,6751215
4140001114021,株式会社Ｃｈｒｏｍａ,兵庫県,加古川市,野口町良野６８６番地の１５,6750017
4140001114434,株式会社エクステリア大木本,兵庫県,加古川市,平岡町二俣２５９番地の１,6750111
4140001114665,株式会社Ｌｅｅ−Ｌｅｅ−Ｌｅｅ,兵庫県,加古川市,尾上町養田１６番地の４,6750025
4140001114681,陽水株式会社,兵庫県,加古川市,別府町別府９１５番地の１１,6750122
4140001114731,株式会社トモシア,兵庫県,加古川市,尾上町口里１６３番地の１１,6750022
4140001114863,あい工房株式会社,兵庫県,加古川市,加古川町寺家町９番地の１４,6750066
4140001114954,株式会社山久電気,兵庫県,加古川市,別府町新野辺北町１丁目５５番地の１,6750121
4140001115011,株式会社ドミール,兵庫県,加古川市,加古川町南備後３７８番地の１,6750033
4140001115457,株式会社Ｆｕ−Ｔｅｃｈ,兵庫県,加古川市,野口町坂元北４丁目１１番地１,6750010
4140001115886,株式会社ＵＴ企画,兵庫県,加古川市,尾上町長田５１７番地の３３,6750024
4140001117445,株式会社ＮＡＧＡＴＡ工業,兵庫県,加古川市,別府町新野辺２６９７番地,6750131
4140001117726,株式会社兵庫機械,兵庫県,加古川市,志方町高畑１０３６番地の７,6750304
4140001118146,株式会社セルフイメージ,兵庫県,加古川市,加古川町北在家５５０番地の１０,6750031
4140001118914,株式会社Ｓｔａｒ　ＭＩＬＥ,兵庫県,加古川市,加古川町溝之口９３番地の１５,6750064
4140001119061,株式会社Ｌａｆｆｙ,兵庫県,加古川市,平岡町新在家２丁目２７０−１,6750101
4140001119086,株式会社トラスト工業,兵庫県,加古川市,平岡町土山４１４番地の２,6750104
4140001119144,株式会社翔運輸,兵庫県,加古川市,西神吉町岸２８４番地,6750045
4140001119235,株式会社Ｔｉｍｅ　Ｊａｐａｎ,兵庫県,加古川市,志方町廣尾１１１０番地,6750312
4140001119516,株式会社Ａｄｖａｎｃｅ,兵庫県,加古川市,加古川町河原１１４番地の８,6750067
4140001119739,株式会社ＢＬＡＵＥＲ,兵庫県,加古川市,加古川町篠原町８３番地の２加古川駅前スカイハイツ２０６号,6750065
4140001120168,株式会社ｓｍａｌｌ　ｓｍｉｌｅ,兵庫県,加古川市,加古川町溝之口７８８番地,6750064
4140001120928,株式会社ＴＳ　ｃｏｍｐａｎｙ,兵庫県,加古川市,西神吉町宮前６２７番地,6750041
4140001121827,株式会社カナメ,兵庫県,加古川市,志方町西牧１６０番地の１,6750331
4140001122296,株式会社八角校,兵庫県,加古川市,加古川町南備後４５番地の１,6750033
4140001122552,株式会社コーメイ,兵庫県,加古川市,加古川町中津６２７番地の５,6750068
4140001122817,株式会社バロン,兵庫県,加古川市,志方町細工所１０９６番地の１８,6750303
4140001123030,株式会社川崎トレーディング,兵庫県,加古川市,加古川町溝之口７６４番地ＹＡＮＡＧＡＷＡ・ＢＬＤＧ．ＩＩ２−Ｂ,6750064
4140001123311,株式会社杉浦工業,兵庫県,加古川市,加古川町備後３０５番地の９,6750032
4140001123410,株式会社ピオネロ,兵庫県,加古川市,加古川町粟津４２０番地の８,6750039
4140001123492,株式会社好田工業,兵庫県,加古川市,志方町志方町１５８６−５,6750321
4140001124045,株式会社グラウス,兵庫県,加古川市,別府町別府７０２番地３−２０２号,6750122
4140001124210,昭和工業株式会社,兵庫県,加古川市,加古川町友沢４４８番地の２０,6750035
4140001124466,株式会社ＧＭＳ,兵庫県,加古川市,上荘町国包４２番地の１,6751213
4140001124508,株式会社共創,兵庫県,加古川市,平岡町高畑５３８番地の１,6750103
4140001124656,株式会社パインホーム,兵庫県,加古川市,平岡町中野８３９番地の３,6750113
4140001125480,Ｒｅ　Ｂｉｒｔｈ株式会社,兵庫県,加古川市,野口町坂元５７９番地,6750018
4140001126132,株式会社ソレアード,兵庫県,加古川市,野口町坂元６８番地の１上月ビル３０１号室,6750018
4140001127213,株式会社パワフルポスト加古川,兵庫県,加古川市,加古川町粟津１１０７番地,6750039
4140001127221,株式会社たけいさお,兵庫県,加古川市,平岡町新在家１１３９番地の３デュオプレステージ東加古川駅前４０２,6750101
4140001127766,エヌエス・ジャパン兵庫株式会社,兵庫県,加古川市,加古川町北在家２４６２番地西海ビル２Ｆ,6750031
4140001128459,株式会社オールスタート,兵庫県,加古川市,平岡町高畑１５１番地の５,6750103
4140001128640,株式会社ハコ住む,兵庫県,加古川市,加古川町稲屋７１２,6750034
4140001129614,株式会社ＣＣ,兵庫県,加古川市,平岡町新在家３丁目２８２番地の５東加古川ハイツ２０３号,6750101
4140001129812,ウェルスみらい株式会社,兵庫県,加古川市,野口町野口１６０番地の７,6750012
4140001129878,株式会社かんの不動産,兵庫県,加古川市,神野町西条１１３９番地の３,6750009
4140001130992,Ｔｈｒｅｅ‐Ｐｉｅｃｅ株式会社,兵庫県,加古川市,上荘町都染６８８番地１,6751216
4140001131165,株式会社ライド,兵庫県,加古川市,尾上町養田１３９８番地の１０,6750025
4140001131727,株式会社あかつき不動産,兵庫県,加古川市,平岡町新在家４５７番地の１、３−Ａ,6750101
4140001132758,株式会社クロレ,兵庫県,加古川市,加古川町溝之口５０７番地,6750064
4140001133046,株式会社マツヤ,兵庫県,加古川市,加古川町友沢３２８番地,6750035
4140001133467,株式会社ＲＩＴＡ,兵庫県,加古川市,米田町平津４１０−３８,6750054
4140001134663,別所工業株式会社,兵庫県,加古川市,上荘町都台１丁目２２番地の５,6751215
4140001136156,ＳＯＬＯＮＴ株式会社,兵庫県,加古川市,西神吉町鼎１４９５番地,6750047
4140001136271,株式会社オール,兵庫県,加古川市,米田町平津２２４番地の１,6750054
4140001136593,株式会社カコガワークス,兵庫県,加古川市,野口町長砂７５７−３,6750016
4140001136825,株式会社タノシクト,兵庫県,加古川市,平岡町新在家２１６７−８,6750101
4140001136833,株式会社エフエムディ,兵庫県,加古川市,平岡町二俣６５１番地の２,6750111
4140001136908,アンベルス株式会社,兵庫県,加古川市,加古川町寺家町６０６番地,6750066
4140001136932,Ｓ＆Ｓ株式会社,兵庫県,加古川市,志方町投松２５５番地の１,6750313
4140001136973,イシカワ株式会社,兵庫県,加古川市,野口町野口２７１番地の１０,6750012
4140001136981,株式会社ミライズ,兵庫県,加古川市,志方町志方町１５８６−５,6750321
4140001137633,株式会社ＴＥＡＤＡ,兵庫県,加古川市,加古川町北在家２２１９番地の２,6750031
4140001137690,株式会社Ｒａｐｐｏｒｔ,兵庫県,加古川市,平岡町土山２３０番地の５,6750104
4140001138607,Ｍａｒｅ株式会社,兵庫県,加古川市,野口町古大内４９９番地の１４,6750014
4140001138994,株式会社Ｒｅ．ｄｉａｎｔ,兵庫県,加古川市,加古川町稲屋８９番地の１,6750034
4140001139415,ＲＥインベストメント株式会社,兵庫県,加古川市,平岡町新在家８２１番地の３,6750101
4140001139456,いちかホーム株式会社,兵庫県,加古川市,加古川町粟津４３８番地の２,6750039
4140001139885,株式会社ＡＹＴ,兵庫県,加古川市,西神吉町鼎２９３番地の２,6750047
4140001140190,株式会社紙舟,兵庫県,加古川市,東神吉町西井ノ口３７−１,6750055
4140001140364,株式会社Ｈ．Ｓ．Ｃ．,兵庫県,加古川市,平岡町山之上５０１番地の５,6750112
4140001140562,株式会社ＣｏＣｏ　Ｌｉｎｋ,兵庫県,加古川市,平岡町二俣６５１番地の２ジークレフ加古川東８１１号,6750111
4140001140819,株式会社ポニー,兵庫県,加古川市,野口町良野１５３３−１２,6750017
4140001141305,株式会社Ｓｕｎｎｙハウス,兵庫県,加古川市,加古川町北在家２５９６番地,6750031
4140001141569,神姫興和アークライズ株式会社,兵庫県,加古川市,平岡町土山７５３番地の１３,6750104
4140001142220,ポンタエレクトロニクス株式会社,兵庫県,加古川市,平岡町新在家９２４番地の９,6750101
4140001142360,株式会社ものがたり,兵庫県,加古川市,尾上町養田１１０番地の６,6750025
4140002035803,株式会社コレクト,兵庫県,加古川市,志方町西中２２７番地の１,6750346
4140003006935,株式会社わかば,兵庫県,加古川市,東神吉町升田８５５番地,6750051
4140005009969,株式会社八幡営農,兵庫県,加古川市,八幡町船町１６番地,6751206
4180003016988,盛興商事株式会社,兵庫県,加古川市,八幡町野村字南山６１４−２１,6751202
4250001002710,ＩＢＮリスクマネジメント株式会社,兵庫県,加古川市,加古川町篠原町５９番地の３,6750065
4490001002331,丸岡海運株式会社,兵庫県,加古川市,別府町東町１６０番地の１,6750135
5120001089990,株式会社丸佐商店,兵庫県,加古川市,加古川町粟津２１５番地の８,6750039
5120001117743,株式会社サンレーベル,兵庫県,加古川市,平岡町高畑５３１番地の１７,6750103
5120001177622,株式会社東亜パッケージ企画,兵庫県,加古川市,八幡町宗佐８０番地の３,6751201
5140001004411,株式会社旭屋,兵庫県,加古川市,平岡町新在家２丁目２７３−５,6750101
5140001012835,株式会社近畿工業,兵庫県,加古川市,野口町良野１５３３番地ゴールドメゾン良野３０２号,6750017
5140001013453,株式会社大成金属工業所,兵庫県,加古川市,尾上町養田１５６８番地の１,6750025
5140001017314,株式会社エンクラービジネス,兵庫県,加古川市,平岡町新在家１３７０−２レジデンス・ピラージュ２０２号,6750101
5140001023155,華通商事株式会社,兵庫県,加古川市,八幡町野村８０７番地,6751202
5140001026736,株式会社エフ・エム・ケイ,兵庫県,加古川市,別府町別府字せいろ９１８番地３,6750122
5140001033807,株式会社エコリーフ,兵庫県,加古川市,野口町坂元６８−１上月ビル２０１号,6750018
5140001037337,株式会社ケー・エフ工業,兵庫県,加古川市,野口町北野１３１４番地の２９,6750011
5140001037527,株式会社Ｔ−ｗｏｒｋ,兵庫県,加古川市,平岡町土山１１１０番地の１０３,6750104
5140001040803,株式会社真音,兵庫県,加古川市,尾上町長田５１７番地の９０,6750024
5140001040811,株式会社関山,兵庫県,加古川市,志方町投松４２１番地１,6750313
5140001042411,アイエンジニアリング株式会社,兵庫県,加古川市,野口町北野１２７９番地の１４,6750011
5140001042428,株式会社明石屋建具製作所,兵庫県,加古川市,八幡町宗佐８２９番地の１,6751201
5140001042460,株式会社アロイテック,兵庫県,加古川市,平荘町小畑４７７番地,6751235
5140001042477,石田陸運株式会社,兵庫県,加古川市,尾上町養田４７８番地の１,6750025
5140001042485,株式会社イトウ商会,兵庫県,加古川市,平岡町山之上６００番地の１,6750112
5140001042493,株式会社インテリア明石木工,兵庫県,加古川市,野口町長砂９７番地の８６,6750016
5140001042502,株式会社イヌイホーム,兵庫県,加古川市,野口町二屋２番地の１,6750013
5140001042510,株式会社いろは,兵庫県,加古川市,加古川町粟津７９７番地,6750039
5140001042519,株式会社上田タイル,兵庫県,加古川市,野口町二屋２８４番地の４５,6750013
5140001042535,株式会社栄樹園,兵庫県,加古川市,志方町山中８９番地の２,6750336
5140001042543,株式会社オフィスナカタニ,兵庫県,加古川市,別府町新野辺２８５１番地,6750131
5140001042592,加古川コンクリート工業株式会社,兵庫県,加古川市,加古川町本町１０７番地の１２,6750037
5140001042601,加古川製氷冷蔵株式会社,兵庫県,加古川市,加古川町寺家町字將軍１６６番地の３,6750066
5140001042618,株式会社エヌシー技工,兵庫県,加古川市,加古川町河原３４８番地の１,6750067
5140001042626,株式会社エルアンドジー,兵庫県,加古川市,平岡町新在家１１７番地,6750101
5140001042634,株式会社オオガキテック,兵庫県,加古川市,別府町西脇７１番地の１,6750125
5140001042642,大谷商事株式会社,兵庫県,加古川市,野口町古大内５３８番地,6750014
5140001042659,岡田酒造株式会社,兵庫県,加古川市,野口町良野１０３１番地,6750017
5140001042667,株式会社加古川食鳥,兵庫県,加古川市,野口町長砂７０７番地,6750016
5140001042691,株式会社木下製作所,兵庫県,加古川市,尾上町養田４２６番地の１,6750025
5140001042700,共栄染色株式会社,兵庫県,加古川市,米田町平津６９８番地の１,6750054
5140001042709,株式会社共友建設,兵庫県,加古川市,上荘町国包３９７番地の２,6751213
5140001042717,清田莫大小株式会社,兵庫県,加古川市,上荘町小野９１６番地の２,6751218
5140001042733,黒崎水道建設株式会社,兵庫県,加古川市,加古川町木村１１８番地の３,6750038
5140001042766,神戸屋スポーツ株式会社,兵庫県,加古川市,加古川町寺家町１７３番地の１,6750066
5140001042799,小林農芸株式会社,兵庫県,加古川市,加古川町粟津４０４番地,6750039
5140001042808,株式会社関工エンジニア,兵庫県,加古川市,野口町水足９４２番地の１,6750019
5140001042824,株式会社関西トータルシステム,兵庫県,加古川市,野口町良野３６０番地の２,6750017
5140001042832,関西テレホンサービス株式会社,兵庫県,加古川市,平岡町中野２１２番地の５万葉ハイツ１５０８,6750113
5140001042840,株式会社加納測量,兵庫県,加古川市,野口町良野１５５９番地,6750017
5140001042849,株式会社カネツボ,兵庫県,加古川市,平岡町土山６２３番地の１,6750104
5140001042857,釜谷商事株式会社,兵庫県,加古川市,加古川町木村９４番地の２,6750038
5140001042865,株式会社ライフアート,兵庫県,加古川市,加古川町平野７９番地の１１,6750063
5140001042873,株式会社小南,兵庫県,加古川市,尾上町口里１６１番地の４,6750022
5140001042881,神戸釜谷紙業株式会社,兵庫県,加古川市,加古川町木村８５番地の１,6750038
5140001042898,山陽プラスチック株式会社,兵庫県,加古川市,加古川町北在家２３６０番地,6750031
5140001042907,株式会社澤田建設,兵庫県,加古川市,志方町志方町５６８番地の２,6750321
5140001042923,株式会社北燿,兵庫県,加古川市,野口町野口１番地の９,6750012
5140001042948,株式会社しもかわ,兵庫県,加古川市,加古川町寺家町３５４番地の４,6750066
5140001042964,サンキマリンサービス株式会社,兵庫県,加古川市,加古川町寺家町４７−１ファーミンインテリジェントビル３階,6750066
5140001042972,三協実業株式会社,兵庫県,加古川市,米田町平津３１５番地の１山水ビル３階,6750054
5140001042980,株式会社サンデン,兵庫県,加古川市,野口町野口１２９番地の９４,6750012
5140001042989,株式会社佐野製作所,兵庫県,加古川市,野口町水足字十二町４９０番地,6750019
5140001042997,株式会社ジヨイ,兵庫県,加古川市,加古川町粟津７８４番地の１,6750039
5140001043005,株式会社手芸の丸十,兵庫県,加古川市,加古川町中津４４８番地の１,6750068
5140001043013,株式会社秀光,兵庫県,加古川市,尾上町長田１５番地の１,6750024
5140001043021,ジョーワオート株式会社,兵庫県,加古川市,加古川町木村４９８番地の１,6750038
5140001043038,株式会社ステーションファイナンス,兵庫県,加古川市,別府町別府５５７番地,6750122
5140001043054,株式会社セイコー,兵庫県,加古川市,志方町廣尾１１１０番地,6750312
5140001043062,株式会社瀬戸,兵庫県,加古川市,志方町志方町１５３９番地の４,6750321
5140001043079,株式会社外柵流通センター,兵庫県,加古川市,上荘町都台３丁目４番地の１４,6751215
5140001043087,第一住販株式会社,兵庫県,加古川市,西神吉町中西１５５番地の６,6750043
5140001043104,ダイシン株式会社,兵庫県,加古川市,志方町永室７５番地の１,6750347
5140001043112,大真興産株式会社,兵庫県,加古川市,平岡町新在家字岸ノ下１３５５番地の１,6750101
5140001043137,多木化学株式会社,兵庫県,加古川市,別府町緑町２番地,6750124
5140001043145,多木酒造株式会社,兵庫県,加古川市,別府町本町１丁目３番地,6750126
5140001043161,株式会社高橋工務店,兵庫県,加古川市,加古川町河原３５９番地の７,6750067
5140001043186,田中運送商事株式会社,兵庫県,加古川市,東神吉町神吉６９６番地の３,6750057
5140001043194,株式会社田中鉄工所,兵庫県,加古川市,志方町西山１２５番地の１,6750333
5140001043211,長井紙業株式会社,兵庫県,加古川市,東神吉町天下原２４７番地の２,6750058
5140001043236,ニシカワ食品株式会社,兵庫県,加古川市,野口町長砂７９９番地,6750016
5140001043252,日豊建設株式会社,兵庫県,加古川市,尾上町口里４９５番地の６,6750022
5140001043260,株式会社日本石材,兵庫県,加古川市,加古川町粟津１１７番地の２,6750039
5140001043269,株式会社大進建設,兵庫県,加古川市,加古川町中津４６４番地の１,6750068
5140001043277,株式会社都藤商店,兵庫県,加古川市,平岡町高畑４８５番地の１,6750103
5140001043302,東神倉庫株式会社,兵庫県,加古川市,東神吉町神吉１６４０番地,6750057
5140001043310,東播トーヨー株式会社,兵庫県,加古川市,別府町西脇２丁目６５番地,6750125
5140001043327,株式会社トモダ,兵庫県,加古川市,加古川町寺家町７６番地の２,6750066
5140001043343,播磨鉄建株式会社,兵庫県,加古川市,野口町野口６８７番地の７７,6750012
5140001043368,株式会社日の出,兵庫県,加古川市,尾上町今福５６５番地,6750027
5140001043376,兵庫造園土木株式会社,兵庫県,加古川市,八幡町宗佐３７番地の１,6751201
5140001043384,株式会社兵庫アンテナサービス,兵庫県,加古川市,加古川町粟津７９３番地の１６,6750039
5140001043418,株式会社一,兵庫県,加古川市,別府町別府７１１番地の８,6750122
5140001043426,播州土地開発株式会社,兵庫県,加古川市,尾上町口里８０１番地の１,6750022
5140001043434,株式会社ハンドインハンド,兵庫県,加古川市,加古川町溝之口５１０番地の５２,6750064
5140001043442,株式会社畑宗建具製作所,兵庫県,加古川市,加古川町粟津７２３番地,6750039
5140001043450,馬場鋼業株式会社,兵庫県,加古川市,平岡町二俣２３９番地の７,6750111
5140001043459,林工芸印刷株式会社,兵庫県,加古川市,加古川町粟津７９０番地の４,6750039
5140001043467,兵庫住宅センター株式会社,兵庫県,加古川市,加古川町北在家２０１１番地,6750031
5140001043475,株式会社平岡やまと,兵庫県,加古川市,平岡町二俣１００５番地,6750111
5140001043483,株式会社ビルダータナカ,兵庫県,加古川市,加古川町木村７１５番地の１,6750038
5140001043491,フェルマックス株式会社,兵庫県,加古川市,平岡町高畑西ヶ原下ノ段３５３番８,6750103
5140001043500,株式会社扶桑宝飾,兵庫県,加古川市,野口町野口１４８番地の２２,6750012
5140001043509,株式会社富士土木興業,兵庫県,加古川市,加古川町寺家町３５２番地の７,6750066
5140001043517,藤原電気水道株式会社,兵庫県,加古川市,志方町志方町１１３２番地の１,6750321
5140001043533,株式会社プログレヤマダ,兵庫県,加古川市,加古川町寺家町１１１番地,6750066
5140001043558,株式会社北斗システム,兵庫県,加古川市,野口町水足１９３０番地の１,6750019
5140001043566,堀機工株式会社,兵庫県,加古川市,野口町野口６８７番地の５８,6750012
5140001043574,株式会社まえだ,兵庫県,加古川市,八幡町上西条１１１２番地の１,6751204
5140001043582,誠住建株式会社,兵庫県,加古川市,野口町北野１２９５番地の１,6750011
5140001043590,株式会社松岡組,兵庫県,加古川市,平荘町小畑９９７番地,6751235
5140001043599,株式会社マツオカ,兵庫県,加古川市,野口町水足字十二町４８１番地の１,6750019
5140001043632,株式会社マルヤマ建設,兵庫県,加古川市,平岡町新在家２７７番地の２,6750101
5140001043640,株式会社水川建築事務所,兵庫県,加古川市,加古川町平野５１７番地,6750063
5140001043657,三宅建設株式会社,兵庫県,加古川市,加古川町大野１２１６番地の１,6750061
5140001043665,株式会社宮宅建設,兵庫県,加古川市,尾上町長田５２６番地の１８,6750024
5140001043673,株式会社ムサシ,兵庫県,加古川市,神野町神野３７５番地の１,6750003
5140001043681,株式会社明治住販,兵庫県,加古川市,平岡町新在家３丁目２８８番地の１０,6750101
5140001043698,株式会社森岡興業,兵庫県,加古川市,野口町良野２５１番地の５,6750017
5140001043715,やはた陸送株式会社,兵庫県,加古川市,八幡町下村７６番地,6751203
5140001043731,株式会社山本興業,兵庫県,加古川市,別府町新野辺北町２丁目８番地,6750121
5140001043748,ユウキ産業株式会社,兵庫県,加古川市,八幡町野村１６６番地の１,6751202
5140001043756,株式会社ユニバル,兵庫県,加古川市,志方町上冨木６５７番地の３,6750314
5140001043764,吉野運送株式会社,兵庫県,加古川市,別府町別府７８９番地,6750122
5140001043772,株式会社ワイ・エム,兵庫県,加古川市,加古川町寺家町３５４番地の４,6750066
5140001043780,和幸産業株式会社,兵庫県,加古川市,平岡町新在家２５１３番地の３,6750101
5140001043789,株式会社和富久,兵庫県,加古川市,加古川町中津５６１番地の３,6750068
5140001043797,株式会社リンデンバーム,兵庫県,加古川市,加古川町粟津２５３番地,6750039
5140001043806,レーク観光開発株式会社,兵庫県,加古川市,加古川町木村１４２番地の２,6750038
5140001044011,大協建設株式会社,兵庫県,加古川市,野口町北野４７番地の１,6750011
5140001044218,株式会社フジイ,兵庫県,加古川市,志方町東中２３０番地１,6750306
5140001044622,株式会社ふくま,兵庫県,加古川市,山手３丁目１０番２５号,6750002
5140001044630,株式会社神戸物産,兵庫県,加古川市,加古川町平野１２５番１,6750063
5140001044671,日本ハウス産業株式会社,兵庫県,加古川市,平岡町新在家２１７４番地６,6750101
5140001044688,松下ハウジング株式会社,兵庫県,加古川市,神野町石守１０６３番地の５,6750005
5140001044705,株式会社ユウキ,兵庫県,加古川市,平岡町新在家２１０８番地の１３,6750101
5140001044721,株式会社バッカス,兵庫県,加古川市,西神吉町岸１３４番地の３,6750045
5140001044754,株式会社日本釣技協会,兵庫県,加古川市,加古川町溝之口５１０番地の３１寺本ビル４階,6750064
5140001044820,丸十物産株式会社,兵庫県,加古川市,野口町坂井６５番地の１,6750015
5140001044993,株式会社協和建築設計事務所,兵庫県,加古川市,上荘町国包７７７番地の６,6751213
5140001045018,株式会社エィ・ゼットコーポレーション,兵庫県,加古川市,加古川町木村５３８番地の９,6750038
5140001045067,鴻池建設株式会社,兵庫県,加古川市,東神吉町神吉８２１番地,6750057
5140001045100,黒潮管工株式会社,兵庫県,加古川市,加古川町友沢４６９番地の９０,6750035
5140001045117,グローバルワーカー株式会社,兵庫県,加古川市,平岡町新在家２７６番地の１０,6750101
5140001045133,住栄工業株式会社,兵庫県,加古川市,野口町坂元北２丁目３４番地,6750010
5140001045166,株式会社スタイル,兵庫県,加古川市,野口町長砂６４４番地の１９,6750016
5140001045174,株式会社里見工務店,兵庫県,加古川市,新神野７丁目２県住加古川住宅４号棟２０３号,6750008
5140001045199,株式会社中川調剤薬局,兵庫県,加古川市,加古川町平野５３７番地の２,6750063
5140001045216,シーブリーズ株式会社,兵庫県,加古川市,平岡町二俣８５８番地の５,6750111
5140001045224,株式会社ほがらか,兵庫県,加古川市,野口町野口２７１番地の１３,6750012
5140001045249,株式会社アップデザイン,兵庫県,加古川市,加古川町寺家町１５９番地の２,6750066
5140001045265,西日本振興企業融資企画株式会社,兵庫県,加古川市,加古川町篠原町５９番地の３,6750065
5140001045273,株式会社トーヨーエンジ,兵庫県,加古川市,加古川町美乃利４０番地の７,6750062
5140001045281,カマダ工業株式会社,兵庫県,加古川市,加古川町稲屋４５１番地の１,6750034
5140001045323,住協工業株式会社,兵庫県,加古川市,別府町西脇１１４番地,6750125
5140001045348,株式会社光陽,兵庫県,加古川市,加古川町備後３７１番地の３,6750032
5140001045389,株式会社ＬＶＲ,兵庫県,加古川市,野口町長砂６３２番地の１０,6750016
5140001045406,株式会社フロンティア,兵庫県,加古川市,野口町野口３５番地の１,6750012
5140001045439,株式会社兵神自動車,兵庫県,加古川市,野口町水足５３９番地の８,6750019
5140001045447,株式会社メディケート,兵庫県,加古川市,加古川町本町１４１番地の２,6750037
5140001045455,株式会社日和,兵庫県,加古川市,別府町新野辺北町５丁目１０５番地,6750121
5140001045463,株式会社サイキ,兵庫県,加古川市,野口町北野６３２番地の１,6750011
5140001045488,株式会社センテナリアン,兵庫県,加古川市,加古川町中津６５５番地の２２,6750068
5140001045496,株式会社ツーリストインサンシャイン,兵庫県,加古川市,平岡町新在家６１５番地の１,6750101
5140001045521,ユニテンしすてむず株式会社,兵庫県,加古川市,野口町水足８２７番地の２０,6750019
5140001045538,ＴａＳＣ　Ｐｌｕｓ株式会社,兵庫県,加古川市,米田町船頭６２４,6750053
5140001045546,株式会社アサヒレイテックス,兵庫県,加古川市,野口町北野字白ケ池６９４番地１,6750011
5140001045562,成稜株式会社,兵庫県,加古川市,加古川町本町３６３番地,6750037
5140001045620,藤建工業株式会社,兵庫県,加古川市,志方町畑５４４番地,6750341
5140001045629,株式会社システム・アイ,兵庫県,加古川市,平荘町磐２１３番地,6751226
5140001045645,大黒工業株式会社,兵庫県,加古川市,尾上町養田１丁目９８番地,6750025
5140001045661,大前清掃株式会社,兵庫県,加古川市,加古川町備後３０１番地,6750032
5140001045678,株式会社宗和,兵庫県,加古川市,野口町北野７１番地の５,6750011
5140001045686,株式会社ハーツネクスト,兵庫県,加古川市,野口町良野２４２番地の８,6750017
5140001045703,スコットランドモーター株式会社,兵庫県,加古川市,加古川町粟津１０８,6750039
5140001045728,株式会社はりま義肢製作所,兵庫県,加古川市,西神吉町辻３１５−４,6750046
5140001045736,株式会社アーク,兵庫県,加古川市,加古川町寺家町４７番地の６,6750066
5140001045744,株式会社写真の双葉,兵庫県,加古川市,加古川町北在家２５５４番地,6750031
5140001045752,株式会社Ａ．Ｓ．Ｅ．,兵庫県,加古川市,東神吉町神吉８２３番地の５７,6750057
5140001045760,株式会社ＲＥＬＳ,兵庫県,加古川市,別府町新野辺１２５４番地の２,6750131
5140001045777,株式会社インセンス,兵庫県,加古川市,野口町坂井１０９番地の１,6750015
5140001045785,株式会社エレガンス・モア,兵庫県,加古川市,平岡町新在家７５２番地の４６東加古川ハイタウンＢ−１３０２号,6750101
5140001045793,翔飛工業株式会社,兵庫県,加古川市,八幡町上西条１０５２−２,6751204
5140001045810,株式会社エスタリオ,兵庫県,加古川市,別府町新野辺北町６丁目１１２番地,6750121
5140001045843,株式会社アカシカ,兵庫県,加古川市,平岡町新在家２５３９番地の６,6750101
5140001045851,セントラル工商株式会社,兵庫県,加古川市,尾上町池田８３０番地の７７,6750023
5140001045884,株式会社三晃加誠グループ,兵庫県,加古川市,加古川町粟津１６７−７,6750039
5140001045901,株式会社ビリーブフォース,兵庫県,加古川市,加古川町河原１１５番地の１リベール加古川シティＷＥＳＴ１１２号,6750067
5140001045934,喜多山設備工業株式会社,兵庫県,加古川市,加古川町稲屋４３６番地の５,6750034
5140001045942,株式会社七陽,兵庫県,加古川市,八幡町宗佐６９８番地,6751201
5140001045950,株式会社ＵＲＡＢＥ,兵庫県,加古川市,野口町坂井１０６番地の３,6750015
5140001045967,御影造園土木株式会社,兵庫県,加古川市,尾上町今福２１９番地の１５,6750027
5140001045983,株式会社高砂回漕,兵庫県,加古川市,尾上町養田２３９番地の１,6750025
5140001046016,株式会社ＮＢＫ,兵庫県,加古川市,別府町新野辺１１９番地の８,6750131
5140001046049,加古川管工事株式会社,兵庫県,加古川市,加古川町稲屋１０２９番地の８,6750034
5140001046057,株式会社英コーポレーション,兵庫県,加古川市,平岡町二俣７６０番地の１０コーポ東加古川１−Ａ号,6750111
5140001046065,株式会社プラス・ワン,兵庫県,加古川市,別府町新野辺北町６丁目１００番地１,6750121
5140001046081,本岡産業株式会社,兵庫県,加古川市,八幡町下村１６２１番地の１１,6751203
5140001046098,株式会社ハリック,兵庫県,加古川市,別府町新野辺２１７５番地,6750131
5140001046107,株式会社Ｗａｃｈｔ,兵庫県,加古川市,山手３丁目１６番２１号,6750002
5140001046123,株式会社平尾運送,兵庫県,加古川市,平岡町新在家２丁目２８０番地１３（２０１号）,6750101
5140001046131,株式会社ＴＯＰ４０１,兵庫県,加古川市,加古川町平野３１６番地,6750063
5140001046172,株式会社フルイケ,兵庫県,加古川市,平岡町土山２番地の８０プレステージ明石西ＩＩＩ−５０１号,6750104
5140001046180,株式会社サンライズ,兵庫県,加古川市,平岡町新在家１丁目２６３番地１,6750101
5140001046189,株式会社クレイン,兵庫県,加古川市,平荘町里１０７９番地,6751232
5140001046197,株式会社リッキーカンパニー,兵庫県,加古川市,志方町志方町１３０６,6750321
5140001046206,株式会社ふくふく,兵庫県,加古川市,別府町石町１１番地１２,6750127
5140001046214,株式会社ＯＲＩＧＩＮ中本,兵庫県,加古川市,尾上町長田２３６番地の１３,6750024
5140001046230,株式会社ＫＹＳプランニング,兵庫県,加古川市,平岡町高畑４７番地,6750103
5140001046263,株式会社大地,兵庫県,加古川市,平岡町新在家８９６番地の１ファミールマンション１０８号,6750101
5140001046271,株式会社ナスク,兵庫県,加古川市,平岡町中野５７９番地の３,6750113
5140001046288,株式会社オリエナ,兵庫県,加古川市,加古川町平野１２０番地の１,6750063
5140001046296,夢育株式会社,兵庫県,加古川市,東神吉町神吉６０８番地の１９２,6750057
5140001046313,株式会社エアーシールド,兵庫県,加古川市,平荘町養老４８１番地の１,6751231
5140001046338,株式会社Ｄ・Ｈ・Ｉ,兵庫県,加古川市,加古川町溝之口２０８番地の６,6750064
5140001046362,株式会社わくわく,兵庫県,加古川市,加古川町粟津６９８番地,6750039
5140001046370,株式会社森恒商事,兵庫県,加古川市,東神吉町西井ノ口６０１−１,6750055
5140001046404,株式会社神戸唐唐亭,兵庫県,加古川市,野口町良野１５４３番地,6750017
5140001046420,株式会社岸田工業,兵庫県,加古川市,野口町良野５０３番地の１,6750017
5140001046429,株式会社ゆうひ,兵庫県,加古川市,平岡町新在家９９２番地の４,6750101
5140001046437,株式会社エムズコーポレーション,兵庫県,加古川市,尾上町口里５１番地の６７,6750022
5140001046445,株式会社ステラ,兵庫県,加古川市,加古川町木村５６番地の１５,6750038
5140001047121,フジコーポ株式会社,兵庫県,加古川市,野口町坂元５２２番地の１,6750018
5140001054687,ＨＹコーポレーション株式会社,兵庫県,加古川市,新神野４丁目７番１８号,6750008
5140001067524,ひまわり商事株式会社,兵庫県,加古川市,別府町新野辺３００４番地,6750131
5140001067557,株式会社秀光ソーラー,兵庫県,加古川市,尾上町長田１５番地の１,6750024
5140001067714,株式会社清か米農園,兵庫県,加古川市,西神吉町鼎７９４番地,6750047
5140001067763,株式会社遠藤メソッド,兵庫県,加古川市,野口町良野５７６番地の３３,6750017
5140001087019,株式会社旭住建,兵庫県,加古川市,尾上町今福２１５番地の１−１０１号,6750027
5140001087043,株式会社コトブキヤ,兵庫県,加古川市,加古川町篠原町２１番地の８,6750065
5140001087654,株式会社Ｙ・Ｓクリーンテック,兵庫県,加古川市,別府町新野辺北町８丁目３６番地の１,6750121
5140001087687,株式会社勝惠,兵庫県,加古川市,平岡町新在家２５１３番地の３,6750101
5140001088090,株式会社ニュートランスポート,兵庫県,加古川市,野口町北野６９３番地４,6750011
5140001088149,株式会社グッドジョブ,兵庫県,加古川市,加古川町北在家２２８５番地,6750031
5140001088603,ハリマ化成株式会社,兵庫県,加古川市,野口町水足６７１番地の４,6750019
5140001088826,株式会社我流工房,兵庫県,加古川市,加古川町稲屋９２４番地の１,6750034
5140001089460,株式会社金広商事,兵庫県,加古川市,志方町高畑９８２番地の２６,6750304
5140001089477,株式会社芝武物流,兵庫県,加古川市,平岡町高畑２８５番地,6750103
5140001089782,イーアルファ株式会社,兵庫県,加古川市,志方町西中２２７番地１,6750346
5140001090047,株式会社タクミ運送,兵庫県,加古川市,八幡町宗佐７８６番地の６,6751201
5140001091094,株式会社さくらホーム,兵庫県,加古川市,野口町古大内３０２番地の２,6750014
5140001091144,藤田興業株式会社,兵庫県,加古川市,尾上町養田３４５番地の２４,6750025
5140001091359,Ｙｏｒｉ−ｓｏｉ株式会社,兵庫県,加古川市,野口町良野３７５番地の２１,6750017
5140001091383,マルセイ機工株式会社,兵庫県,加古川市,野口町北野７４５−１,6750011
5140001091417,株式会社長谷川,兵庫県,加古川市,山手３丁目２９番１２号,6750002
5140001092373,株式会社ジャスト・フォー・ユー,兵庫県,加古川市,尾上町安田１１３番地の６,6750021
5140001092448,フォーリーブスパートナーズ株式会社,兵庫県,加古川市,加古川町美乃利５２３番地の１０,6750062
5140001093446,株式会社エーオーアール,兵庫県,加古川市,加古川町中津７２４番地の６,6750068
5140001093768,株式会社あっぷる,兵庫県,加古川市,平岡町高畑８８番地の１,6750103
5140001093776,株式会社山田溶接工業,兵庫県,加古川市,平岡町高畑６７９−１６,6750103
5140001093891,株式会社志フードサービス,兵庫県,加古川市,野口町良野１５２４アーク平野Ａ−３,6750017
5140001094147,株式会社ＳＫ企画,兵庫県,加古川市,加古川町粟津４２０番地の８,6750039
5140001094444,株式会社ジェイ・ライン,兵庫県,加古川市,野口町坂井１１４番地の１７,6750015
5140001094915,株式会社美咲ハウジング,兵庫県,加古川市,野口町坂井３２番地の３,6750015
5140001095013,株式会社ＫＫＴ,兵庫県,加古川市,神野町石守１０８５番地の１,6750005
5140001095442,株式会社鐵功,兵庫県,加古川市,神野町神野６２３番地,6750003
5140001095847,万千金属株式会社,兵庫県,加古川市,上荘町都染６８８番地１,6751216
5140001096317,ミリングセンター近畿株式会社,兵庫県,加古川市,東神吉町天下原４２３番地の２,6750058
5140001096655,株式会社カーサブランカ,兵庫県,加古川市,平岡町新在家２３４番地,6750101
5140001097232,株式会社ＫＡＲＡＫＡＲＡ,兵庫県,加古川市,西神吉町中西１５３番地の８,6750043
5140001097785,ふたばハウジング株式会社,兵庫県,加古川市,加古川町粟津７９３番地の１１,6750039
5140001098536,株式会社オーディンプランニング,兵庫県,加古川市,加古川町稲屋８１７番地の１８,6750034
5140001098940,株式会社上里塗装,兵庫県,加古川市,西神吉町宮前４４８番地の５,6750041
5140001099146,未来家不動産株式会社,兵庫県,加古川市,野口町良野６０３番地の１,6750017
5140001099435,株式会社東加古川第三発電所,兵庫県,加古川市,平岡町西谷９７番地,6750102
5140001099550,株式会社Ｊ　ｔｅｃ,兵庫県,加古川市,加古川町南備後１５番地の３,6750033
5140001099864,株式会社グータン,兵庫県,加古川市,尾上町口里４９５番地の６,6750022
5140001100078,かこっとん株式会社,兵庫県,加古川市,志方町高畑７４１番地の１,6750304
5140001100177,株式会社タグスカイ,兵庫県,加古川市,志方町横大路３４９番地の２,6750332
5140001100920,株式会社長友建設,兵庫県,加古川市,志方町志方町１６６１番地の２０,6750321
5140001101142,株式会社サンファイン,兵庫県,加古川市,平岡町山之上６１１番地,6750112
5140001101555,株式会社イシモト,兵庫県,加古川市,東神吉町神吉９３５−６,6750057
5140001101654,株式会社Ｆ−ｔｒｉｂｅ,兵庫県,加古川市,野口町野口９４番地の４,6750012
5140001102140,三幸地建株式会社,兵庫県,加古川市,尾上町口里４９５番地の７３,6750022
5140001102322,株式会社姫路特装,兵庫県,加古川市,野口町長砂８４７番地の２,6750016
5140001103378,株式会社クロスライン,兵庫県,加古川市,別府町新野辺北町７丁目７８番地の３,6750121
5140001103650,株式会社Ｅｍｐａｔｈｙ,兵庫県,加古川市,野口町北野７３９番地の８,6750011
5140001103667,株式会社グッドホーム,兵庫県,加古川市,加古川町溝之口３０７番地の２,6750064
5140001103725,株式会社ＭＡＭＡコンタクト,兵庫県,加古川市,平岡町新在家１５８８−２１アビエスメディカルモール２Ｆ,6750101
5140001103840,株式会社ティケィシー商事,兵庫県,加古川市,加古川町篠原町１０３番地の９ディアコート７０１号,6750065
5140001103923,曜運輸重量株式会社,兵庫県,加古川市,東神吉町西井ノ口３７７番地の２,6750055
5140001104021,アロマハウジング株式会社,兵庫県,加古川市,別府町別府７０８−７,6750122
5140001104632,株式会社ミヤテクニカル,兵庫県,加古川市,野口町良野８１０番地の１,6750017
5140001104756,株式会社田原工業,兵庫県,加古川市,野口町坂井１５０番地の１,6750015
5140001105259,伊東建設株式会社,兵庫県,加古川市,米田町平津１７５番地の１,6750054
5140001105374,かこでん株式会社,兵庫県,加古川市,加古川町備後５３番地の７,6750032
5140001105795,株式会社Ｍａｔｓｕｏｋａ,兵庫県,加古川市,尾上町池田６２４番地の８０,6750023
5140001105944,ＦＵＮ　ＣＬＵＢ株式会社,兵庫県,加古川市,加古川町木村１５０番地の１１,6750038
5140001106075,大英管工株式会社,兵庫県,加古川市,上荘町見土呂２３８番地,6751214
5140001106174,ユウアイ企画株式会社,兵庫県,加古川市,野口町良野１０３３番地の１,6750017
5140001106323,松本左官工業株式会社,兵庫県,加古川市,尾上町長田２３９番地の１８,6750024
5140001106604,株式会社上野設備,兵庫県,加古川市,尾上町養田２０９番地の７,6750025
5140001107321,株式会社ＮＯＶＥ,兵庫県,加古川市,別府町新野辺北町８丁目３１−２,6750121
5140001107404,Ｄ．Ｄｏｏｒｓ株式会社,兵庫県,加古川市,尾上町長田１５２番地の１,6750024
5140001107453,株式会社Ｌｉｋｅｌｙ,兵庫県,加古川市,加古川町篠原町７０番地,6750065
5140001107734,エンヂ株式会社,兵庫県,加古川市,東神吉町神吉１７７８番地の１の２,6750057
5140001108451,株式会社ヒラヤマ,兵庫県,加古川市,尾上町安田２８５番地の１,6750021
5140001108724,株式会社ｇｒｏｗ,兵庫県,加古川市,加古川町本町１９番地の２９,6750037
5140001108864,株式会社三和商事,兵庫県,加古川市,平岡町新在家字岸の下１３５５番地１２,6750101
5140001109607,株式会社アトランティックコンサルタント,兵庫県,加古川市,上荘町井ノ口６６０番地,6751212
5140001109879,ｕｎｉｏｎｅ株式会社,兵庫県,加古川市,野口町北野９９１番地の３０１,6750011
5140001110226,株式会社宏建,兵庫県,加古川市,米田町平津２７番地の２,6750054
5140001110300,株式会社ＷＯＬＰＨＩＮ,兵庫県,加古川市,加古川町粟津３２３番地の７,6750039
5140001110382,天貴株式会社,兵庫県,加古川市,平岡町新在家９２９番地の３０,6750101
5140001110531,株式会社ＮＡＫＡＭＵＲＡ,兵庫県,加古川市,加古川町寺家町３２２番地の１１サニーハイツＫＴ２０１,6750066
5140001111026,株式会社ＨＹグローバル,兵庫県,加古川市,平岡町新在家７１６番地の１４東加古川ヤングビル３０６,6750101
5140001112123,ＳＨＩＳＵＲＵ株式会社,兵庫県,加古川市,野口町北野９８９番地の５,6750011
5140001112239,株式会社きっずＴＲＥＥ,兵庫県,加古川市,神野町石守１丁目２２番地の１,6750005
5140001112321,株式会社トラストカンパニー,兵庫県,加古川市,加古川町粟津７６７−１,6750039
5140001112354,株式会社ケイコーポレーション,兵庫県,加古川市,尾上町池田１８３２番地の１,6750023
5140001112412,株式会社グランドパートナー,兵庫県,加古川市,加古川町備後１０５番地の１,6750032
5140001112577,株式会社ＳＡＱＲＡＦ,兵庫県,加古川市,加古川町南備後８２番地,6750033
5140001112668,大空運送株式会社,兵庫県,加古川市,西神吉町岸７１６番地の１１３,6750045
5140001112932,株式会社ファビュラスアイ,兵庫県,加古川市,米田町平津３１５番地の１,6750054
5140001113567,株式会社ＮＴＦサービス,兵庫県,加古川市,尾上町養田１３６０−１,6750025
5140001113575,株式会社播磨乃,兵庫県,加古川市,野口町坂元６８−１上月ビル２０１号,6750018
5140001113583,株式会社ドローントラベル,兵庫県,加古川市,新神野５丁目２番３３号,6750008
5140001113740,株式会社Ｈ・Ｇ・Ｆ,兵庫県,加古川市,平岡町二俣６５１番地の２ジークレフ加古川東３０６号,6750111
5140001113765,ＴＫ株式会社,兵庫県,加古川市,西神吉町岸１１３番地の１,6750045
5140001113856,株式会社児玉メンテナンス,兵庫県,加古川市,野口町坂井９５番地の２,6750015
5140001113864,株式会社ＨＫ,兵庫県,加古川市,加古川町溝之口６２４番地,6750064
5140001114342,株式会社モアライセンス,兵庫県,加古川市,別府町新野辺北町７丁目３５−１０５,6750121
5140001114474,株式会社ＡＯ,兵庫県,加古川市,尾上町養田２３９番地の１,6750025
5140001115051,Ｌ．Ｇ．Ｍ株式会社,兵庫県,加古川市,野口町長砂６１７番地の１０,6750016
5140001115712,株式会社大松,兵庫県,加古川市,神野町石守１９７３番地,6750005
5140001115836,株式会社ＲｅｎＨｏｍｅ,兵庫県,加古川市,尾上町長田６３−３,6750024
5140001115935,しょうがいサポートオフィス株式会社,兵庫県,加古川市,東神吉町西井ノ口３２番地の７,6750055
5140001116693,株式会社アグリ技術研究所,兵庫県,加古川市,加古川町寺家町４７番地の６,6750066
5140001116751,株式会社Ｍｏｌｉｖｅ８８,兵庫県,加古川市,別府町新野辺北町２丁目６２番,6750121
5140001117023,株式会社アトラス不動産,兵庫県,加古川市,加古川町溝之口６２３ハッピーコート加古川３０８号,6750064
5140001117469,わがまちファンド株式会社,兵庫県,加古川市,加古川町北在家２０５２番地,6750031
5140001117691,株式会社オー・エス・エム,兵庫県,加古川市,尾上町旭１丁目３３番地の５５,6750026
5140001117907,株式会社森川工業,兵庫県,加古川市,別府町新野辺２７１４,6750131
5140001117931,株式会社Ｇｅｎｔｉａｎ,兵庫県,加古川市,平岡町山之上６６１番１号,6750112
5140001117956,株式会社明日香珈琲店,兵庫県,加古川市,平岡町新在家４６２,6750101
5140001118293,株式会社日和,兵庫県,加古川市,米田町平津４５４番地の２,6750054
5140001118698,勇進株式会社,兵庫県,加古川市,八幡町野村８０７−４,6751202
5140001118748,株式会社シェア,兵庫県,加古川市,東神吉町天下原２０６−５,6750058
5140001119721,株式会社マハロハウジング,兵庫県,加古川市,野口町野口１０１番地の１０,6750012
5140001119845,株式会社ＩＫＣ,兵庫県,加古川市,加古川町本町４８番地の１,6750037
5140001119911,アップワード株式会社,兵庫県,加古川市,野口町良野８３６番地の４,6750017
5140001120043,株式会社ＡＩサービス,兵庫県,加古川市,神野町神野１３６８番地の１,6750003
5140001120225,株式会社高商,兵庫県,加古川市,野口町長砂９９８番地,6750016
5140001120398,株式会社ミヤテック,兵庫県,加古川市,加古川町中津１９９番地の８,6750068
5140001121297,株式会社ウェルドジャパン,兵庫県,加古川市,八幡町上西条４５５番地の１,6751204
5140001121470,株式会社Ｓｈｉｎｂｉ　Ｐｉｐｉｎｇ,兵庫県,加古川市,別府町新野辺北町７丁目７番地グレイスエクセレンス１０４号,6750121
5140001121495,株式会社松野鑑定事務所,兵庫県,加古川市,加古川町北在家２５４７番地,6750031
5140001121867,株式会社介護のおしごと相談窓口,兵庫県,加古川市,平岡町新在家６１５−１イオン加古川店３Ｆ,6750101
5140001122551,株式会社スプレッドスペース,兵庫県,加古川市,加古川町篠原町１３番地３,6750065
5140001122584,スマイルライフサービス株式会社,兵庫県,加古川市,野口町長砂２２０番地の１８,6750016
5140001123343,株式会社フジワラオートモービル,兵庫県,加古川市,神野町神野６９６番地の１,6750003
5140001123599,株式会社ネクストステージ,兵庫県,加古川市,野口町長砂９９８番地日光ハイツ加古川壱番館１００３号,6750016
5140001123707,株式会社コーチングプロジェクト,兵庫県,加古川市,東神吉町天下原３−１,6750058
5140001123764,株式会社優伸,兵庫県,加古川市,野口町野口１４８番地の２２,6750012
5140001124085,株式会社Ｈｉｖｅ,兵庫県,加古川市,平岡町新在家６０５番地の５,6750101
5140001124969,株式会社イズヤペイント,兵庫県,加古川市,平岡町新在家４９５番地１−１０５号,6750101
5140001125455,株式会社出口工業所,兵庫県,加古川市,志方町細工所１０５８番地の２,6750303
5140001125538,ウォーターワークスイヌイ株式会社,兵庫県,加古川市,平岡町一色西１丁目３５番地,6750117
5140001125587,吉田設備株式会社,兵庫県,加古川市,加古川町北在家４５４番地の５,6750031
5140001126214,株式会社赤木不動産開発,兵庫県,加古川市,加古川町粟津７１０番地の３,6750039
5140001126742,株式会社ヴィクトワール,兵庫県,加古川市,野口町北野５９９番地,6750011
5140001126817,株式会社ＮＯＶＡ　ＤＥＰＯＲＴＡＲＥ,兵庫県,加古川市,加古川町北在家４８３−７,6750031
5140001126858,ライフチャンネル株式会社,兵庫県,加古川市,加古川町中津５１５番地の２８,6750068
5140001127039,八角コンサルティング株式会社,兵庫県,加古川市,加古川町南備後４５番１号,6750033
5140001127179,株式会社フドウ,兵庫県,加古川市,加古川町北在家６９９番地の３,6750031
5140001127823,株式会社ユリージア,兵庫県,加古川市,加古川町友沢４８番地の１,6750035
5140001128284,ＦＡＭＩＡＳＵ株式会社,兵庫県,加古川市,東神吉町西井ノ口５８７,6750055
5140001128615,株式会社笑店,兵庫県,加古川市,尾上町養田１５４５番地の２,6750025
5140001128623,株式会社東播テクノサービス,兵庫県,加古川市,平岡町土山４２１番地の２５１,6750104
5140001128846,株式会社ＹＵＳＥＲＡ,兵庫県,加古川市,平岡町土山１１１０番地１０９号,6750104
5140001129084,株式会社Ｋ’ｓ　Ｗｏｒｋｓ,兵庫県,加古川市,野口町水足３３３番地の２２０,6750019
5140001129332,ＮＫ警備株式会社,兵庫県,加古川市,平岡町新在家２丁目２７９番地の１スカイプラザ４階Ｅ号,6750101
5140001130050,株式会社ＭＫグループ,兵庫県,加古川市,上荘町国包３２０番地の１,6751213
5140001130579,株式会社Ｈｉｄｅｋｉ,兵庫県,加古川市,加古川町河原１２番地の５,6750067
5140001130785,株式会社エスエヌコーポレーション,兵庫県,加古川市,別府町新野辺２０８８番地,6750131
5140001130983,中田自動車解体株式会社,兵庫県,加古川市,平岡町西谷１０６番地,6750102
5140001131008,株式会社フロントフィールド,兵庫県,加古川市,野口町二屋３３８番地の８,6750013
5140001131098,エスターク株式会社,兵庫県,加古川市,加古川町稲屋７０７番地の２,6750034
5140001131833,株式会社ホームキーパー,兵庫県,加古川市,加古川町稲屋７９０−１,6750034
5140001132220,株式会社ワイズマルシェ,兵庫県,加古川市,別府町新野辺２５４３番地,6750131
5140001133573,株式会社とよとみ,兵庫県,加古川市,平岡町新在家１１９２−１０２,6750101
5140001133623,株式会社ＭＵＳＵＢＩ,兵庫県,加古川市,新神野６丁目１９番１５号,6750008
5140001133805,株式会社鐵巧,兵庫県,加古川市,八幡町中西条４２４番地,6751205
5140001134324,株式会社Ｙ　Ｉ　ＣＯＲＲＥＣＴ,兵庫県,加古川市,平岡町新在家１４５７番地の１０,6750101
5140001134828,株式会社あにまーと,兵庫県,加古川市,加古川町中津９０４番地の１,6750068
5140001134860,バード縁株式会社,兵庫県,加古川市,平岡町西谷２０１番地の５,6750102
5140001135289,株式会社アンビルドサービス,兵庫県,加古川市,加古川町寺家町６０６番地,6750066
5140001135719,株式会社堀田技建工業,兵庫県,加古川市,尾上町口里４７９−１−１２０１,6750022
5140001135974,株式会社大浦商店,兵庫県,加古川市,平岡町新在家２丁目２６４番地の２,6750101
5140001136221,株式会社Ｈａｐｐｉｎｅｓｓ,兵庫県,加古川市,平荘町山角４３１番地の４,6751221
5140001136246,株式会社クローバー,兵庫県,加古川市,尾上町安田５５９番地の１４,6750021
5140001136584,株式会社ＣＩＳ,兵庫県,加古川市,加古川町河原４６番地の１８,6750067
5140001137244,株式会社Ｎｏｓｔａｌｇｉａ,兵庫県,加古川市,神野町石守１１５０番地,6750005
5140001137599,株式会社永原商店,兵庫県,加古川市,尾上町養田１５４５番地の２,6750025
5140001137995,株式会社メルカート,兵庫県,加古川市,平岡町新在家２丁目２６８番地の１２セピアハウス１階,6750101
5140001138457,株式会社加古川電総,兵庫県,加古川市,別府町新野辺２１８０番地,6750131
5140001139001,株式会社テテ,兵庫県,加古川市,神野町西条１２８８番地の２,6750009
5140001139414,株式会社はるいろ,兵庫県,加古川市,西神吉町宮前８１６番地の１,6750041
5140001139760,株式会社Ｔａｋａｉｃｈｉ,兵庫県,加古川市,平岡町山之上６２０−１,6750112
5140001140066,株式会社サンワテクノ,兵庫県,加古川市,加古川町中津７９３番地の６,6750068
5140001140132,プライムエステート株式会社,兵庫県,加古川市,尾上町旭１丁目２９番地の２,6750026
5140001140628,株式会社ＡＣＴ,兵庫県,加古川市,加古川町溝之口７６番地の７,6750064
5140001140677,株式会社Ｋ．Ｍリンクス,兵庫県,加古川市,尾上町口里５１３番地の７,6750022
5140001140801,株式会社ＮＩＦＬＡ不動産,兵庫県,加古川市,別府町新野辺北町５丁目９７イスタナｔｙ１０２号室,6750121
5140001140900,株式会社クレアーレ,兵庫県,加古川市,平岡町新在家１９１７番地の１,6750101
5140001141114,株式会社エヌテック,兵庫県,加古川市,加古川町南備後１７５−３,6750033
5140001141865,株式会社岡崎工業,兵庫県,加古川市,加古川町友沢４０番地の６,6750035
5140001142021,株式会社ａｎｄ　Ｔｅｄｄｙ,兵庫県,加古川市,平岡町一色６２６番地の２２,6750115
5140001142129,株式会社ウェルビーイング,兵庫県,加古川市,加古川町平野２４番地の５,6750063
5140001142186,株式会社ＨＩＲＯ,兵庫県,加古川市,西神吉町中西５２番地の３,6750043
5140002035653,漢那興産株式会社,兵庫県,加古川市,別府町西脇８４番地の１,6750125
5140002037864,ナガサワ食品株式会社,兵庫県,加古川市,平岡町高畑４９０番地１,6750103
5140003017691,株式会社右腕,兵庫県,加古川市,加古川町河原４６８番地の５４,6750067
5140003020522,Ｅｖｅｒリゾート株式会社,兵庫県,加古川市,加古川町北在家２６８１番地,6750031
5240001052565,株式会社西脇産業,兵庫県,加古川市,平岡町一色７９７−２２,6750115
5260001017533,源株式会社,兵庫県,加古川市,尾上町口里３３番地の１浜の宮荘１３号,6750022
6010001132439,コーケンコーポレーション株式会社,兵庫県,加古川市,加古川町寺家町３５２番地の４,6750066
6120001133665,ざこば市場株式会社,兵庫県,加古川市,米田町平津７３２番地の１１５,6750054
6120001238126,株式会社Ｊ　Ｓｔｙｌｅ　Ｌｏｇｉｓｔｉｃｓ,兵庫県,加古川市,野口町水足字下代８２７番地１６,6750019
6140001016488,株式会社テルマックス,兵庫県,加古川市,尾上町養田１８３番地の１５,6750025
6140001023047,前川工業株式会社,兵庫県,加古川市,野口町水足１番地の３０,6750019
6140001027642,岡村システム設計株式会社,兵庫県,加古川市,加古川町西河原３６番地の３,6750036
6140001031330,株式会社住まいる不動産,兵庫県,加古川市,加古川町木村１２５番地の１１,6750038
6140001032477,神戸ライフパートナーズ株式会社,兵庫県,加古川市,野口町北野６６６番１号,6750011
6140001037971,株式会社ミタリ,兵庫県,加古川市,加古川町稲屋３３２番地の１２,6750034
6140001038029,株式会社ＴＭＫ,兵庫県,加古川市,平荘町小畑２６９番地１,6751235
6140001042427,株式会社アカシテックス,兵庫県,加古川市,平岡町一色東１丁目６番地,6750116
6140001042435,朝野建設株式会社,兵庫県,加古川市,加古川町南備後１５７番地の１,6750033
6140001042443,旭工業株式会社,兵庫県,加古川市,加古川町粟津５５番地の３,6750039
6140001042468,株式会社イグザコーポレーション,兵庫県,加古川市,米田町平津３１３番地の６,6750054
6140001042476,株式会社伊佐四郎商店,兵庫県,加古川市,平岡町土山４８３番地の１,6750104
6140001042484,株式会社一栄興業,兵庫県,加古川市,平岡町新在家２５１３番地の３,6750101
6140001042492,株式会社インテリアタダシ,兵庫県,加古川市,別府町新野辺１２７９番地の３,6750131
6140001042501,株式会社井上商店,兵庫県,加古川市,加古川町河原４７２番地の１０５,6750067
6140001042518,株式会社上建,兵庫県,加古川市,志方町志方町１２２９番地の１,6750321
6140001042534,永伸工業株式会社,兵庫県,加古川市,米田町平津５３６番地の４,6750054
6140001042542,株式会社オフィスアイランド,兵庫県,加古川市,加古川町粟津７１０番地の３,6750039
6140001042550,オリエントハウジング株式会社,兵庫県,加古川市,加古川町粟津４３７番地の２,6750039
6140001042559,株式会社オノエ,兵庫県,加古川市,尾上町長田４０９番地の２,6750024
6140001042567,株式会社加印建設会館,兵庫県,加古川市,加古川町粟津３２７番地の６,6750039
6140001042583,加古川商工開発株式会社,兵庫県,加古川市,加古川町溝之口８００番地,6750064
6140001042591,株式会社加古川技術,兵庫県,加古川市,加古川町北在家７３０番地の１３,6750031
6140001042600,加古川再開発ビル株式会社,兵庫県,加古川市,加古川町溝之口５０７番地,6750064
6140001042609,株式会社エスティーコピー,兵庫県,加古川市,野口町良野３４８番地の１,6750017
6140001042617,株式会社エッチ・ピー・エス,兵庫県,加古川市,東神吉町砂部字外田４４５番地の９,6750056
6140001042625,株式会社エミネント,兵庫県,加古川市,野口町北野１番地の１−７１９号,6750011
6140001042633,株式会社大浦ミート,兵庫県,加古川市,志方町志方町１３０６番地,6750321
6140001042641,尾上生コン株式会社,兵庫県,加古川市,尾上町養田１５７７番地,6750025
6140001042658,株式会社オカダ,兵庫県,加古川市,平岡町二俣３７２番地の３,6750111
6140001042666,岡本商事株式会社,兵庫県,加古川市,米田町平津３１３番地の６,6750054
6140001042682,株式会社銀座屋,兵庫県,加古川市,加古川町寺家町１４１番地,6750066
6140001042690,喜多陸運株式会社,兵庫県,加古川市,尾上町長田３７３番地の６,6750024
6140001042699,共栄通商株式会社,兵庫県,加古川市,西神吉町岸１００番地の１,6750045
6140001042708,株式会社共優,兵庫県,加古川市,平岡町新在家１４６２番地の１,6750101
6140001042732,株式会社グリーンマート,兵庫県,加古川市,平岡町新在家２１９４番地の２,6750101
6140001042740,株式会社ケイエイジー,兵庫県,加古川市,別府町中島町４６番地,6750128
6140001042749,株式会社ケンちゃんハウス,兵庫県,加古川市,野口町長砂９７８番地の１,6750016
6140001042757,株式会社神戸住研,兵庫県,加古川市,平岡町新在家１３７５番地の５,6750101
6140001042765,株式会社洸陽,兵庫県,加古川市,野口町良野５４２番地の１,6750017
6140001042781,株式会社ごんた,兵庫県,加古川市,加古川町溝之口５９９番地の３,6750064
6140001042798,小林設備株式会社,兵庫県,加古川市,東神吉町天下原３６番地の１,6750058
6140001042856,株式会社神川鉄工所,兵庫県,加古川市,平岡町中野２１１番地の１,6750113
6140001042864,株式会社川守組,兵庫県,加古川市,加古川町西河原１６５番地の１,6750036
6140001042872,株式会社駒川工務店,兵庫県,加古川市,米田町平津３２５番地３,6750054
6140001042880,株式会社興隆産業,兵庫県,加古川市,西神吉町宮前６２７番地,6750041
6140001042889,サムニット株式会社,兵庫県,加古川市,平荘町里１６３番地,6751232
6140001042897,株式会社山陽テクノ,兵庫県,加古川市,別府町新野辺３１１４番地,6750131
6140001042930,株式会社新神野建設,兵庫県,加古川市,神野町西条４１６番地３,6750009
6140001042939,株式会社システム・ジャパン,兵庫県,加古川市,東神吉町神吉６９６番地の１５,6750057
6140001042947,株式会社下窪鉄工所,兵庫県,加古川市,平岡町高畑１２０番地の１,6750103
6140001042955,株式会社栄設備,兵庫県,加古川市,平岡町中野６７７番地の１,6750113
6140001042988,サノ株式会社,兵庫県,加古川市,野口町水足４９０番地,6750019
6140001043004,株式会社春光堂,兵庫県,加古川市,平岡町中野２１１番地の１,6750113
6140001043037,株式会社スペースプランニング,兵庫県,加古川市,野口町二屋２番地の１,6750013
6140001043045,株式会社スマイル,兵庫県,加古川市,野口町北野字白池６９７番地の１,6750011
6140001043053,株式会社清光社,兵庫県,加古川市,西神吉町宮前７１１−２,6750041
6140001043061,株式会社千代木工,兵庫県,加古川市,八幡町宗佐８２２番地の１,6751201
6140001043078,株式会社ソフィアオートクラブ,兵庫県,加古川市,志方町細工所８５７番地の１,6750303
6140001043094,株式会社大光,兵庫県,加古川市,平荘町小畑４４８番地,6751235
6140001043111,株式会社タイセイ,兵庫県,加古川市,野口町長砂１０２２番地の２,6750016
6140001043136,多木興業株式会社,兵庫県,加古川市,別府町緑町２番地,6750124
6140001043144,瀧川工業株式会社,兵庫県,加古川市,平岡町中野２１１番地の１,6750113
6140001043152,株式会社高田建設,兵庫県,加古川市,八幡町下村１２３３番地の１,6751203
6140001043160,株式会社高橋正産業,兵庫県,加古川市,平荘町養老４２５番地,6751231
6140001043169,株式会社タカラブネのぐち,兵庫県,加古川市,平岡町新在家１１２６番地の２５,6750101
6140001043177,建部工業株式会社,兵庫県,加古川市,別府町新野辺新堀通１２７４番地の１,6750131
6140001043185,田中繊維株式会社,兵庫県,加古川市,西神吉町鼎１２３番地の１,6750047
6140001043193,株式会社田中工務店,兵庫県,加古川市,平岡町一色７９７番地の２７０,6750115
6140001043202,株式会社ドライブイン・こまのつめ,兵庫県,加古川市,志方町大澤１０３８番地,6750301
6140001043210,株式会社ナガオカ薬局,兵庫県,加古川市,平岡町新在家２５２番地の３,6750101
6140001043219,中西刃物株式会社,兵庫県,加古川市,平荘町山角８６０番地の１,6751221
6140001043235,西川自動車株式会社,兵庫県,加古川市,平荘町里５３８番地の１,6751232
6140001043243,日光石材株式会社,兵庫県,加古川市,志方町畑２２２番地,6750341
6140001043268,株式会社タマオキ,兵庫県,加古川市,加古川町河原１９７番地の１,6750067
6140001043276,株式会社ツカサ電工,兵庫県,加古川市,加古川町稲屋４５９番地の１,6750034
6140001043284,テイエルブイインターナショナル株式会社,兵庫県,加古川市,野口町長砂８８１番地,6750016
6140001043318,株式会社トクラ設計事務所,兵庫県,加古川市,東神吉町出河原５３６番地の１,6750052
6140001043334,播磨共販石油株式会社,兵庫県,加古川市,尾上町養田４２４番地の１,6750025
6140001043342,播磨電材株式会社,兵庫県,加古川市,加古川町本町２９４番地の８,6750037
6140001043350,株式会社播磨ホンダ販売,兵庫県,加古川市,加古川町本町６００番地,6750037
6140001043359,株式会社東北風,兵庫県,加古川市,尾上町養田１３８９番地１,6750025
6140001043367,日名工業株式会社,兵庫県,加古川市,野口町水足１４４２番地,6750019
6140001043375,姫路陸送株式会社,兵庫県,加古川市,新神野６丁目２６番１３号,6750008
6140001043383,株式会社兵庫オートセンター,兵庫県,加古川市,山手３丁目３６番１７号,6750002
6140001043400,株式会社ノムラ,兵庫県,加古川市,平岡町新在家２丁目２７０番地の８,6750101
6140001043409,株式会社白馬,兵庫県,加古川市,志方町原字高丸南９５８番地の２,6750335
6140001043433,バンドー・ショルツ株式会社,兵庫県,加古川市,平岡町土山字コモ池ノ内６４８番地,6750104
6140001043458,株式会社林建材店,兵庫県,加古川市,尾上町池田開拓１９５１番地,6750023
6140001043466,株式会社下村,兵庫県,加古川市,平岡町新在家１３６番地の１,6750101
6140001043482,株式会社平田機械製作所,兵庫県,加古川市,志方町志方町１４８６番地の１,6750321
6140001043490,ファルコン株式会社,兵庫県,加古川市,加古川町本町１７７番地の１３,6750037
6140001043508,藤田水設株式会社,兵庫県,加古川市,野口町水足１９５６番地,6750019
6140001043516,株式会社藤原製作所,兵庫県,加古川市,野口町長砂８８１番地,6750016
6140001043524,播州自動車工業株式会社,兵庫県,加古川市,平岡町山之上２６０番地,6750112
6140001043557,北条機工株式会社,兵庫県,加古川市,加古川町粟津４５８番地の１,6750039
6140001043565,堀江スレート株式会社,兵庫県,加古川市,加古川町粟津２５番地の７,6750039
6140001043573,株式会社マエダ,兵庫県,加古川市,加古川町寺家町３２５番地の２,6750066
6140001043581,株式会社まごころケアー研究センター,兵庫県,加古川市,平岡町新在家２丁目２７１番地の１,6750101
6140001043598,株式会社松尾一級建築士構造事務所,兵庫県,加古川市,八幡町船町１１８番地の１,6751206
6140001043607,株式会社マツモト,兵庫県,加古川市,別府町別府７８４番地,6750122
6140001043615,株式会社まつよし,兵庫県,加古川市,西神吉町大国６６５番地の１,6750044
6140001043623,株式会社マルズミ化成,兵庫県,加古川市,平岡町高畑３５３番８,6750103
6140001043631,まる茂産業株式会社,兵庫県,加古川市,加古川町北在家２５９３番地,6750031
6140001043648,ミツヤ設計株式会社,兵庫県,加古川市,加古川町北在家７８７番地の２,6750031
6140001043664,宮下住宅株式会社,兵庫県,加古川市,加古川町大野２８３番地の５,6750061
6140001043680,明成エンジニアリング株式会社,兵庫県,加古川市,加古川町北在家２７２３番地,6750031
6140001043689,明和商事株式会社,兵庫県,加古川市,加古川町粟津７７６番地,6750039
6140001043697,株式会社モノポリス森下組,兵庫県,加古川市,野口町野口１３４番地の１０,6750012
6140001043706,八重興産株式会社,兵庫県,加古川市,別府町別府７１２番地の５,6750122
6140001043714,株式会社ヤザワ,兵庫県,加古川市,平岡町一色西２丁目８３番地の２,6750117
6140001043722,株式会社山口電機,兵庫県,加古川市,米田町船頭５２３番地の１,6750053
6140001043730,株式会社山本組,兵庫県,加古川市,八幡町下村６５６番地の３,6751203
6140001043739,株式会社ロム,兵庫県,加古川市,東神吉町神吉１６９８番地,6750057
6140001043763,株式会社ヨシノブ,兵庫県,加古川市,平荘町磐字東谷１２２２番地の２５,6751226
6140001043771,株式会社吉川財務相談室,兵庫県,加古川市,加古川町粟津７８４番地の１,6750039
6140001043788,株式会社らんちたいむ,兵庫県,加古川市,神野町福留３７０番地の１,6750004
6140001043796,株式会社リック,兵庫県,加古川市,平岡町新在家５９４番地の４,6750101
6140001043805,緑地建設株式会社,兵庫県,加古川市,尾上町池田１５６２番地の１,6750023
6140001044002,木庭運送株式会社,兵庫県,加古川市,尾上町養田１５６２番地の１,6750025
6140001044670,アールイーコム株式会社,兵庫県,加古川市,加古川町北在家２４７９番地,6750031
6140001044679,株式会社エクステリア甲栄,兵庫県,加古川市,加古川町河原１１５番地の１リベール加古川シテイウェスト２０２号,6750067
6140001044695,株式会社ニューライフ,兵庫県,加古川市,平荘町池尻５１４番地,6751233
6140001044720,松本設備株式会社,兵庫県,加古川市,別府町別府９１２番地の３,6750122
6140001044729,株式会社ボーサイサービス,兵庫県,加古川市,加古川町南備後７８番地３２,6750033
6140001044761,株式会社喜多商店,兵庫県,加古川市,野口町長砂８２３番地の１,6750016
6140001044786,株式会社ビービー,兵庫県,加古川市,加古川町寺家町３５２番地の７,6750066
6140001044811,エスマック株式会社,兵庫県,加古川市,平岡町新在家岸の下１１２４−１,6750101
6140001044828,株式会社ワールドリネンサービス,兵庫県,加古川市,尾上町長田１０７番地の１,6750024
6140001045017,友宏宅建株式会社,兵庫県,加古川市,平岡町新在家２丁目２７９番地の１,6750101
6140001045041,株式会社坂本ＥＮＧ,兵庫県,加古川市,尾上町養田１５３９番地の１,6750025
6140001045181,株式会社大雄,兵庫県,加古川市,平岡町新在家９９７−１１,6750101
6140001045231,関西ガードシステム株式会社,兵庫県,加古川市,加古川町稲屋２０２番４,6750034
6140001045256,株式会社Ｖ８ＡＵＴＯ,兵庫県,加古川市,加古川町寺家町４７−６,6750066
6140001045272,株式会社クリエイティブ・ブレイン,兵庫県,加古川市,尾上町長田２０８番地の９,6750024
6140001045297,誠心興業株式会社,兵庫県,加古川市,志方町廣尾２６４番地,6750312
6140001045314,株式会社ダイシン,兵庫県,加古川市,尾上町安田１１１番地の４,6750021
6140001045363,株式会社タカモク,兵庫県,加古川市,加古川町大野１００５番地,6750061
6140001045421,株式会社レッド・ピュア,兵庫県,加古川市,志方町西牧９４４番地の１,6750331
6140001045438,ダイケン工業株式会社,兵庫県,加古川市,平岡町高畑４７１番地の１,6750103
6140001045446,株式会社加古川環境サービス,兵庫県,加古川市,別府町新野辺１５２５番地２,6750131
6140001045470,伊庭貿易株式会社,兵庫県,加古川市,上荘町見土呂字丸山８５４番３３,6751214
6140001045479,株式会社ウイングコーポレーション,兵庫県,加古川市,加古川町寺家町３６２番１−２,6750066
6140001045495,株式会社３連福,兵庫県,加古川市,米田町平津３８１番地,6750054
6140001045504,株式会社エムテック,兵庫県,加古川市,平岡町一色７３５−２１ドール東畑３０５号,6750115
6140001045512,株式会社アイルズホーム,兵庫県,加古川市,平岡町新在家４５６番地の５,6750101
6140001045520,Ｔ・Ｈ・Ｓ通信工業株式会社,兵庫県,加古川市,野口町長砂１８７番地エトワールＩ−１０６号,6750016
6140001045529,株式会社Ｎｏｅ,兵庫県,加古川市,東神吉町神吉５８２−４５,6750057
6140001045537,株式会社マエダ,兵庫県,加古川市,平岡町新在家２丁目２６９番地の１,6750101
6140001045586,エムネット空調株式会社,兵庫県,加古川市,米田町平津４２６番地の４,6750054
6140001045594,株式会社ライフサポーター,兵庫県,加古川市,別府町石町８０番地,6750127
6140001045603,株式会社ケイユウ,兵庫県,加古川市,平岡町新在家２５１番地の４,6750101
6140001045628,株式会社クレシェンド,兵庫県,加古川市,加古川町平野２４番地の１加古川グリーンシティＦー１００１号,6750063
6140001045644,株式会社アーバンダイショウ,兵庫県,加古川市,志方町細工所１１１８番地の１３,6750303
6140001045652,株式会社アンリミテッド,兵庫県,加古川市,加古川町粟津４１９−１早瀬ビル,6750039
6140001045669,株式会社じゃあそれで堂,兵庫県,加古川市,加古川町美乃利１３０番地の１０,6750062
6140001045685,ＡＺアルファ株式会社,兵庫県,加古川市,志方町西中２２７番地１,6750346
6140001045693,ビッドブレーン株式会社,兵庫県,加古川市,尾上町安田５９６番地の３,6750021
6140001045702,株式会社ダイサダミート,兵庫県,加古川市,志方町志方町５３６番地の１,6750321
6140001045710,株式会社カノン,兵庫県,加古川市,尾上町口里８１４番地の１１,6750022
6140001045743,株式会社アローズ,兵庫県,加古川市,平岡町山之上６８４−３３−１４Ａ−４０４,6750112
6140001045751,株式会社ヨシテック,兵庫県,加古川市,八幡町宗佐字一ヶ谷５７４番１,6751201
6140001045768,株式会社泰成,兵庫県,加古川市,平荘町池尻５１７番地,6751233
6140001045776,株式会社サイエンスホーム,兵庫県,加古川市,加古川町木村５９１番地の１９,6750038
6140001045784,株式会社ＨＹｃｏｍｐａｎｙ,兵庫県,加古川市,尾上町池田１７１１番地の１ビックウェーブ２０１号,6750023
6140001045801,株式会社エフ電工,兵庫県,加古川市,志方町東飯坂７３番地の２,6750344
6140001045818,株式会社才心,兵庫県,加古川市,上荘町国包３７０番地,6751213
6140001045842,株式会社ＪＯＦ,兵庫県,加古川市,野口町良野１０４番地の３３,6750017
6140001045859,株式会社トップラン,兵庫県,加古川市,尾上町旭２丁目２４番地,6750026
6140001045867,株式会社絆心,兵庫県,加古川市,尾上町口里４０番地１１浜の宮ビル１０５号,6750022
6140001045875,株式会社エンマインド,兵庫県,加古川市,加古川町北在家２９７番地の１,6750031
6140001045883,株式会社磯田電気設備,兵庫県,加古川市,西神吉町岸２６３番地の２０,6750045
6140001045909,株式会社ロマンスＫＯＢＥ,兵庫県,加古川市,加古川町平野２４−１・Ａ１２０４,6750063
6140001045917,株式会社アールアンドエイ,兵庫県,加古川市,神野町神野５０番地の２,6750003
6140001045925,株式会社レイズシステム,兵庫県,加古川市,別府町元町８８番地,6750134
6140001045941,株式会社Ａ−ＳＹＳＴＥＭ,兵庫県,加古川市,神野町西之山２８３番地の１,6750007
6140001045966,株式会社エコ阪神,兵庫県,加古川市,平荘町西山字池新田５２０番地の１,6751234
6140001045974,但馬鍼灸整骨院株式会社,兵庫県,加古川市,新神野７丁目１番１８号,6750008
6140001045982,株式会社キヨタ,兵庫県,加古川市,上荘町薬栗８番地３,6751217
6140001046007,株式会社香観光,兵庫県,加古川市,平岡町中野１３２番地の５,6750113
6140001046015,トップフーズ・サービス株式会社,兵庫県,加古川市,野口町長砂９０１番地,6750016
6140001046023,株式会社Ａ・Ｂ・Ｃ商店,兵庫県,加古川市,平荘町山角３０９番地,6751221
6140001046048,ｅサポート株式会社,兵庫県,加古川市,尾上町旭２丁目８番地の１,6750026
6140001046056,株式会社ＫＡＣ,兵庫県,加古川市,平岡町一色西２丁目２０７番地,6750117
6140001046064,株式会社ぱーちん一家,兵庫県,加古川市,平岡町新在家１丁目２５５番地の１,6750101
6140001046097,中小企業保険機構株式会社,兵庫県,加古川市,加古川町篠原町５９番地の３,6750065
6140001046114,株式会社エム・ケイ・ケイ,兵庫県,加古川市,八幡町野村字蟹草６１６番地４４,6751202
6140001046122,日向メンテナンス株式会社,兵庫県,加古川市,尾上町池田１５１５番地の１０,6750023
6140001046147,安田エンジニアリング株式会社,兵庫県,加古川市,志方町志方町４７１番地の１１,6750321
6140001046163,株式会社ミナトコーポレーション,兵庫県,加古川市,別府町別府９９２番地の７,6750122
6140001046171,木下商事株式会社,兵庫県,加古川市,別府町西脇２丁目６番地,6750125
6140001046188,休所株式会社,兵庫県,加古川市,尾上町口里１８６番地,6750022
6140001046262,株式会社セイラー,兵庫県,加古川市,東神吉町砂部２５３番地の１,6750056
6140001046279,株式会社勇気,兵庫県,加古川市,野口町良野１０３１番地４−２０２号,6750017
6140001046287,株式会社ワイスタイル,兵庫県,加古川市,加古川町木村３６２番地の３１,6750038
6140001046304,株式会社エス・キュービック,兵庫県,加古川市,加古川町北在家２０４６−１,6750031
6140001046312,株式会社タカロジスティクス,兵庫県,加古川市,尾上町安田９５番地の５,6750021
6140001046337,株式会社神戸井相田牧場,兵庫県,加古川市,上荘町井ノ口５９４番地,6751212
6140001046345,株式会社八角,兵庫県,加古川市,加古川町南備後４５番地の１,6750033
6140001046353,株式会社神姫システム,兵庫県,加古川市,加古川町備後１０２番地の４,6750032
6140001046403,株式会社ニューゲート,兵庫県,加古川市,平荘町養老１８１番地の２,6751231
6140001046411,株式会社手芸の丸十山陰,兵庫県,加古川市,加古川町中津４４８番地の１,6750068
6140001046428,株式会社カーメンテナンスＯＫＡＤＡ,兵庫県,加古川市,上荘町都染６９７番地の３,6751216
6140001046436,株式会社芝武兵庫,兵庫県,加古川市,平岡町高畑２８５番地,6750103
6140001046444,株式会社ソシオイノベーション,兵庫県,加古川市,西神吉町岸１３１番地１,6750045
6140001046469,株式会社エッセンス,兵庫県,加古川市,平岡町山之上６８４番地の３８城の宮第１住宅４−２０１号,6750112
6140001047087,株式会社ケープラン,兵庫県,加古川市,野口町北野５５０番地の１,6750011
6140001047211,株式会社甲斐工業,兵庫県,加古川市,加古川町稲屋７４９−４,6750034
6140001057235,株式会社兵庫企画,兵庫県,加古川市,平岡町新在家１８３番地の１,6750101
6140001086325,ハマダホールディングス株式会社,兵庫県,加古川市,尾上町池田８５０番地の６８,6750023
6140001086390,株式会社ハロー,兵庫県,加古川市,野口町北野１２０７番地の２０３,6750011
6140001086696,株式会社ウィズ,兵庫県,加古川市,野口町野口５８−１,6750012
6140001086853,株式会社七福インターナショナル,兵庫県,加古川市,別府町石町６番地の５,6750127
6140001086928,株式会社拓興業,兵庫県,加古川市,加古川町平野２４番地の１,6750063
6140001087001,株式会社Ａｕｒａ,兵庫県,加古川市,別府町別府８９１番地川辺ビル２０５号,6750122
6140001087521,株式会社二川,兵庫県,加古川市,平岡町二俣５５６番地,6750111
6140001087629,株式会社ＴＮＫ田中接骨院,兵庫県,加古川市,加古川町中津８７４番地の２,6750068
6140001087942,株式会社ヤズダニトレーディング,兵庫県,加古川市,加古川町本町２１番地の１６、１Ｆ,6750037
6140001087983,株式会社Ｆｕｊｉｉ,兵庫県,加古川市,加古川町寺家町１６２番地,6750066
6140001088065,株式会社ＢＵＳＩＮＥＳＳ　ＣＲＥＡＴＥＳ,兵庫県,加古川市,平岡町新在家１１９２−４８０,6750101
6140001088197,株式会社しん,兵庫県,加古川市,野口町良野４３１番地２７,6750017
6140001088684,株式会社ワイズ,兵庫県,加古川市,野口町長砂１０７０番地,6750016
6140001089781,株式会社ひいらぎ総合サービス,兵庫県,加古川市,尾上町安田９０３,6750021
6140001090145,ＴＧアルバ株式会社,兵庫県,加古川市,別府町西脇３丁目１９番地,6750125
6140001091449,株式会社ウィルディホーム,兵庫県,加古川市,加古川町河原２３３番地の６ウィルディコートＩＩ−１０１号,6750067
6140001091977,株式会社ＩＭＡＧＥ　ＣＲＥＡＴＩＯＮ　ＡＧＥＮＣＹ,兵庫県,加古川市,平岡町新在家１丁目２６０番１５号ＳＡｉｉＢＬＤ２Ｆ,6750101
6140001092323,小川開発株式会社,兵庫県,加古川市,加古川町河原４６８番地の６,6750067
6140001092604,株式会社河本新聞舗,兵庫県,加古川市,加古川町溝之口７８０番地,6750064
6140001092835,エヌテクノ・サービス株式会社,兵庫県,加古川市,加古川町本町１９番地の２９,6750037
6140001093180,光和瓦株式会社,兵庫県,加古川市,志方町高畑９６７番地１,6750304
6140001093247,株式会社隠居屋,兵庫県,加古川市,平岡町新在家１０００番地,6750101
6140001093767,株式会社春山機械,兵庫県,加古川市,志方町志方町７６,6750321
6140001094146,ＳＲ工業株式会社,兵庫県,加古川市,尾上町安田７５０番地,6750021
6140001094360,株式会社Ｉ．ＴＥＣ,兵庫県,加古川市,加古川町溝之口５０７番地,6750064
6140001094476,株式会社ウェルスエンジニアリング,兵庫県,加古川市,平岡町一色４番地の６,6750115
6140001094542,株式会社ジュネス,兵庫県,加古川市,加古川町中津２４６番地の３,6750068
6140001094724,株式会社ＳＴＡＲ,兵庫県,加古川市,八幡町野村８５６番地の１,6751202
6140001095565,株式会社ハッピーライフストア,兵庫県,加古川市,尾上町長田１４３番地の６０,6750024
6140001095986,株式会社かついち,兵庫県,加古川市,米田町平津４７４番地の１,6750054
6140001096448,株式会社新和,兵庫県,加古川市,野口町野口１３番地の１,6750012
6140001097644,株式会社ＡＷＥＳＯＭＥ,兵庫県,加古川市,加古川町粟津３８２,6750039
6140001098270,株式会社東加古川第一発電所,兵庫県,加古川市,平岡町西谷９７番地,6750102
6140001099475,株式会社ＷＩＬＬＨＯＵＳＥ,兵庫県,加古川市,八幡町宗佐１１０３番地１,6751201
6140001099491,株式会社ライフエナジー,兵庫県,加古川市,平岡町二俣７８２番地３鈴木ビル３Ｆ,6750111
6140001100556,株式会社Ｈｏｍｅｙ　Ｓｐａｃｅ,兵庫県,加古川市,加古川町大野１０７２番地の５,6750061
6140001100589,株式会社エクスワークス,兵庫県,加古川市,野口町水足２０５２番地の４,6750019
6140001101026,真和工業株式会社,兵庫県,加古川市,野口町長砂２８８番地の１１,6750016
6140001101141,株式会社マツオ,兵庫県,加古川市,加古川町美乃利３１番地の８,6750062
6140001101323,株式会社みらいと,兵庫県,加古川市,平岡町新在家２丁目２７２番地の８,6750101
6140001101570,神戸肉推進機構株式会社,兵庫県,加古川市,志方町志方町４９４番地の２,6750321
6140001101851,株式会社ｃｏｎｆｉａｎｃｅｃｏｅｕｒ,兵庫県,加古川市,西神吉町岸５２番地,6750045
6140001101868,株式会社ライズ,兵庫県,加古川市,山手３丁目２２番６号,6750002
6140001102081,株式会社ライトハウス,兵庫県,加古川市,野口町坂井５２番地の１１,6750015
6140001102180,三六弁当株式会社,兵庫県,加古川市,平岡町二俣７６２番地の８,6750111
6140001102511,株式会社Ｄｅｎｔ　Ｈａｒｉｍａ,兵庫県,加古川市,加古川町寺家町２５番地６,6750066
6140001103105,株式会社寺畜,兵庫県,加古川市,西神吉町鼎１番地の１,6750047
6140001103303,岩崎ダクト鈑金株式会社,兵庫県,加古川市,東神吉町升田１８０７,6750051
6140001103749,株式会社ふくすけ,兵庫県,加古川市,八幡町中西条４９７番地の１,6751205
6140001103848,株式会社ダイオー,兵庫県,加古川市,加古川町溝之口５０７番地,6750064
6140001104103,株式会社アップルＴＲＥＥ,兵庫県,加古川市,野口町水足１１８６番地,6750019
6140001104152,株式会社東加古川第六発電所,兵庫県,加古川市,平岡町西谷９７番地,6750102
6140001104219,株式会社３Ｒ関西ウエスト,兵庫県,加古川市,別府町新野辺２８９９番地,6750131
6140001104540,株式会社ケイゾウ,兵庫県,加古川市,別府町朝日町３８番地の１０,6750123
6140001104870,株式会社ソレイユ,兵庫県,加古川市,平岡町山之上６８４番地の３８城の宮第１住宅５Ａ−５０４号,6750112
6140001105002,株式会社アトラクト,兵庫県,加古川市,別府町新野辺５７５番地の６,6750131
6140001105217,株式会社山本工務店,兵庫県,加古川市,米田町平津４５０−１２,6750054
6140001105729,株式会社ボディワークテラピー,兵庫県,加古川市,加古川町篠原町１０３番地の９ディアコート７０１号,6750065
6140001105794,株式会社下田興業,兵庫県,加古川市,加古川町西河原１０５番地の１、Ｉ−３０６,6750036
6140001105869,株式会社クリティカル・ウイング,兵庫県,加古川市,平岡町一色西２丁目３６８番地１４,6750117
6140001106124,株式会社千翔工業,兵庫県,加古川市,加古川町河原３５３番地の１プレステージ加古川ＶＩ−４０２号,6750067
6140001106215,株式会社エスビーイノベーション,兵庫県,加古川市,志方町高畑１０３６番地の７,6750304
6140001106223,株式会社ブレイン会計,兵庫県,加古川市,加古川町寺家町３５２−７フジビル４Ｆ,6750066
6140001107279,株式会社カヨテラス,兵庫県,加古川市,尾上町安田６０の１０,6750021
6140001107576,Ｃ．Ｌ．ガーデン株式会社,兵庫県,加古川市,加古川町大野５１１番地の５,6750061
6140001107907,株式会社Ｄ’ｓ　Ｓｙｓｔｅｍ,兵庫県,加古川市,平岡町高畑６２４番５号,6750103
6140001108335,株式会社ｍ．ｈ．ｋ．ｔ,兵庫県,加古川市,平岡町二俣１番地,6750111
6140001108368,株式会社２ｎｄ　Ｆｉｅｌｄ,兵庫県,加古川市,加古川町北在家７６２番地の８,6750031
6140001108764,株式会社平山機工,兵庫県,加古川市,尾上町安田２８５番地の１,6750021
6140001108814,株式会社モストホーム,兵庫県,加古川市,別府町別府６７０ー２,6750122
6140001109060,株式会社サティス,兵庫県,加古川市,新神野７丁目６番２０号,6750008
6140001109317,株式会社あいき,兵庫県,加古川市,平岡町二俣８番地の１,6750111
6140001109333,株式会社フタガワ,兵庫県,加古川市,平岡町二俣２４９番地１,6750111
6140001109952,株式会社直井建装,兵庫県,加古川市,別府町新野辺北町５丁目３８番地の２,6750121
6140001110068,株式会社フォアパディ,兵庫県,加古川市,加古川町寺家町１７７番１５,6750066
6140001110076,ＧｅｏＳａｌｅｓ　Ｊａｐａｎ株式会社,兵庫県,加古川市,平岡町高畑３５３番地１,6750103
6140001110877,株式会社ハリマクリエイト,兵庫県,加古川市,平岡町二俣７８２番地の３,6750111
6140001110910,株式会社ＧＡＲＥ,兵庫県,加古川市,平岡町新在家１３８番地,6750101
6140001111504,株式会社フリーフォックス,兵庫県,加古川市,平岡町高畑９８−１２,6750103
6140001111561,株式会社ジェーアンドシー,兵庫県,加古川市,平岡町新在家１４５−１クリンピアＹ３０３号室,6750101
6140001111652,株式会社リック,兵庫県,加古川市,野口町坂元６８番地の１上月ビル３０１号室,6750018
6140001111966,加古川建工株式会社,兵庫県,加古川市,別府町新野辺２９９０,6750131
6140001112031,華心総業株式会社,兵庫県,加古川市,加古川町大野５５４番地の１４,6750061
6140001112147,フォレスト興産株式会社,兵庫県,加古川市,平岡町新在家３丁目２８５番地の２０,6750101
6140001112353,株式会社大野工業,兵庫県,加古川市,加古川町友沢１８−１,6750035
6140001112452,株式会社エイル,兵庫県,加古川市,加古川町木村１４３番地の１３,6750038
6140001112642,株式会社サポート,兵庫県,加古川市,八幡町上西条１１５８番地の１５,6751204
6140001113013,株式会社ＬＩＳＧ,兵庫県,加古川市,加古川町寺家町１５５番地の５,6750066
6140001113343,株式会社森田建設,兵庫県,加古川市,志方町志方町４９７番地の３,6750321
6140001113384,株式会社一心,兵庫県,加古川市,東神吉町升田６２３番地の２０,6750051
6140001114110,株式会社リフォレスト,兵庫県,加古川市,野口町野口５１８番地の１１,6750012
6140001114325,株式会社ｅｎｊｏｂ,兵庫県,加古川市,加古川町北在家２００８番地の２ロタス北在家Ａ号,6750031
6140001114556,株式会社ギガ,兵庫県,加古川市,加古川町中津４４８番地の１,6750068
6140001114589,株式会社アークトリニティ,兵庫県,加古川市,加古川町粟津７３７番地の３アークトリニティＩ−１０１号,6750039
6140001114944,株式会社ｓｔａｎｄ　ｏｕｔ,兵庫県,加古川市,平岡町八反田６０番地の１,6750114
6140001115067,株式会社ＫＦＧテック,兵庫県,加古川市,加古川町稲屋４３３番地,6750034
6140001115315,株式会社ユーティーメンテナンス,兵庫県,加古川市,野口町二屋３０５番地８,6750013
6140001115364,株式会社ファサード,兵庫県,加古川市,加古川町本町５１１番地,6750037
6140001115496,Ｋｕｎｉ　Ｄｅｓｉｇｎ　Ｆｉｒｍ株式会社,兵庫県,加古川市,東神吉町西井ノ口４２６番地の６,6750055
6140001116313,タイセイネオン株式会社,兵庫県,加古川市,野口町長砂１０２２番地の１,6750016
6140001116445,株式会社豊田建業,兵庫県,加古川市,尾上町養田１４３９番地の１,6750025
6140001116494,株式会社ＫＩＣＨＩＪＩＲＯ,兵庫県,加古川市,平岡町新在家２丁目２７３番地２モリタトレードビル４０７号室,6750101
6140001116610,株式会社イージー,兵庫県,加古川市,平岡町新在家２丁目２７８番地の２０,6750101
6140001116890,株式会社オールメイク,兵庫県,加古川市,平岡町高畑１５１番地の５,6750103
6140001117179,前田興商株式会社,兵庫県,加古川市,別府町別府９６５番地の８,6750122
6140001117583,株式会社婚活物語,兵庫県,加古川市,東神吉町升田７０９番地の９,6750051
6140001118243,株式会社ＭＯＮＡコレクション,兵庫県,加古川市,米田町平津４３９−７−１１０２,6750054
6140001118490,株式会社ａｘｉｓ,兵庫県,加古川市,野口町二屋２８４番地の５,6750013
6140001118788,共栄工業株式会社,兵庫県,加古川市,別府町本町１丁目４番地エンブレイス加古川別府２０４号,6750126
6140001118953,株式会社いろは,兵庫県,加古川市,尾上町今福１９番地の５,6750027
6140001119415,株式会社グッドプランニング,兵庫県,加古川市,平岡町二俣７８２番地の３鈴木ビル３階,6750111
6140001119489,ＤＰＭ株式会社,兵庫県,加古川市,加古川町粟津１１１８,6750039
6140001119646,株式会社ＨＥＸＹＬ,兵庫県,加古川市,野口町良野１１６番地の１コトブキビル３０１,6750017
6140001119729,オクシン工業株式会社,兵庫県,加古川市,尾上町池田１７８３番地の１,6750023
6140001120050,株式会社山本興業,兵庫県,加古川市,上荘町都台１丁目２７番地の１３,6751215
6140001120224,株式会社ＩＤＦ,兵庫県,加古川市,加古川町粟津３１２番地の７、２階,6750039
6140001120736,共栄ペックス株式会社,兵庫県,加古川市,平岡町新在家２丁目２６７番地の１１,6750101
6140001120752,株式会社タテヤマ,兵庫県,加古川市,別府町新野辺北町２丁目１８９番地の２,6750121
6140001120934,株式会社ＳＫＭ,兵庫県,加古川市,野口町坂井１５０番地の１,6750015
6140001121081,株式会社木下電工,兵庫県,加古川市,尾上町池田１８３６番地の１０,6750023
6140001121222,株式会社上田工業,兵庫県,加古川市,神野町福留７５５番地の１２,6750004
6140001121544,株式会社暁美,兵庫県,加古川市,神野町石守１１７５番地の７,6750005
6140001121577,株式会社ＭＯＪＹＵ,兵庫県,加古川市,東神吉町西井ノ口３７５番地の１パルスビル２０２号室,6750055
6140001121874,株式会社ＣＯＮＮＥＣＴＩＯＮ　ＴＯＯＬ,兵庫県,加古川市,加古川町平野４００,6750063
6140001122212,株式会社北吉商店,兵庫県,加古川市,平岡町新在家８０２番地の４７,6750101
6140001122336,株式会社Ａ．Ｃ．Ｓ,兵庫県,加古川市,神野町石守３１３番地の３０,6750005
6140001123318,株式会社ＯＨＲ,兵庫県,加古川市,野口町二屋２６５−１ヨーロピアン野口１１０号,6750013
6140001123391,株式会社サンウッド,兵庫県,加古川市,平岡町新在家４９７−５,6750101
6140001123821,株式会社ゼブラグリーンズ,兵庫県,加古川市,志方町原７５９−１,6750335
6140001124398,株式会社母とむすめ,兵庫県,加古川市,志方町原８６５番地,6750335
6140001124662,株式会社Ｓｔｉｅｒ,兵庫県,加古川市,神野町福留１丁目７９番地,6750004
6140001124869,株式会社アールエステート,兵庫県,加古川市,平岡町新在家４７１番地の１,6750101
6140001125017,株式会社ぺスカ,兵庫県,加古川市,野口町北野１３１０−３４,6750011
6140001125223,ＴＲＥＫ株式会社,兵庫県,加古川市,加古川町河原３５９番地の７,6750067
6140001125413,株式会社ＤＯＮ,兵庫県,加古川市,平岡町二俣８番地の１,6750111
6140001125719,株式会社ココアス,兵庫県,加古川市,野口町水足１番地の８,6750019
6140001125792,株式会社田中工業,兵庫県,加古川市,志方町原８７０番地,6750335
6140001125933,株式会社ハーモニアス計算センター,兵庫県,加古川市,加古川町粟津５７０番地,6750039
6140001126097,株式会社はっこう,兵庫県,加古川市,尾上町口里７５３−１３,6750022
6140001126295,株式会社みらいマーケティング本舗,兵庫県,加古川市,平岡町新在家５１４番地の１９号,6750101
6140001126799,株式会社一二三,兵庫県,加古川市,新神野１丁目１１番７号,6750008
6140001126808,株式会社映空大建設,兵庫県,加古川市,西神吉町辻２５５番地１,6750046
6140001127640,大谷工業株式会社,兵庫県,加古川市,別府町新野辺１４２９番地の１４９,6750131
6140001127698,株式会社ＣＯＣＯＩＥ’工房,兵庫県,加古川市,平岡町高畑４−１,6750103
6140001128052,株式会社Ｋｅｙ　Ｓｐａｃｅ,兵庫県,加古川市,加古川町溝之口７４９番地,6750064
6140001128176,株式会社アトリエ・エトー,兵庫県,加古川市,野口町坂元北５丁目１３番地の１,6750010
6140001128366,株式会社コッコラーレ,兵庫県,加古川市,加古川町溝之口１２４番地の１０,6750064
6140001128515,株式会社ゆうり機械工具,兵庫県,加古川市,加古川町稲屋２８０番地の７,6750034
6140001128754,株式会社コルデ,兵庫県,加古川市,野口町良野１０４０番地の７,6750017
6140001129141,株式会社ＳＡＳ商事,兵庫県,加古川市,加古川町中津８４５番地の３,6750068
6140001130025,西村工業株式会社,兵庫県,加古川市,山手１丁目１６５０番地４９,6750002
6140001130132,株式会社満天堂,兵庫県,加古川市,尾上町今福３７９番地の３,6750027
6140001130173,株式会社アイ・トランスポート,兵庫県,加古川市,野口町良野１５２４番地,6750017
6140001130578,株式会社末広,兵庫県,加古川市,野口町坂元北２丁目７６番地,6750010
6140001131650,株式会社菊理,兵庫県,加古川市,野口町良野１２１番地の４６,6750017
6140001131915,株式会社ＣｏＣｏ住まいる不動産,兵庫県,加古川市,別府町別府９７４−１−１０３,6750122
6140001131997,株式会社いっぽ,兵庫県,加古川市,平岡町高畑４６２番地の４９,6750103
6140001132525,ＪＭ．Ａｒｔｅｃ株式会社,兵庫県,加古川市,尾上町今福３４１番地の１６,6750027
6140001132657,株式会社エムズプランニング,兵庫県,加古川市,加古川町備後５０番地の１１,6750032
6140001132946,株式会社真織,兵庫県,加古川市,平岡町一色６０番地の６、２Ｆ,6750115
6140001133060,フロンティア株式会社,兵庫県,加古川市,加古川町寺家町１９番地の１,6750066
6140001133218,株式会社クロステック不動産,兵庫県,加古川市,別府町別府６８２−６,6750122
6140001133952,株式会社ライフアンドセーフティー,兵庫県,加古川市,加古川町平野２４番地の１加古川グリーンシティＤ−４１２号,6750063
6140001134249,株式会社島谷商事,兵庫県,加古川市,加古川町篠原町１６番地の１０,6750065
6140001134546,株式会社Ａｄｖａｎ,兵庫県,加古川市,平岡町土山１０３３番地の１１,6750104
6140001134711,アールエス株式会社,兵庫県,加古川市,平岡町山之上６８４−３８−７Ａ−１０４,6750112
6140001134926,株式会社スリーハウス,兵庫県,加古川市,平岡町新在家１１９２番地の３１９,6750101
6140001134983,株式会社ＦＭＥ,兵庫県,加古川市,上荘町都染５４３番地の４,6751216
6140001135528,株式会社大康建設,兵庫県,加古川市,尾上町長田４４８番地の２,6750024
6140001135742,株式会社マース,兵庫県,加古川市,別府町本町１丁目４番地エンブレイス加古川別府１２０３号,6750126
6140001135817,株式会社ライズアイ,兵庫県,加古川市,神野町石守３丁目３８番地,6750005
6140001135858,株式会社ルーツファクトリー,兵庫県,加古川市,加古川町本町２１番地の５アルファステイツ加古川本町１２０１号,6750037
6140001136047,株式会社みらいキャリアラボ,兵庫県,加古川市,加古川町大野３７１番地の５,6750061
6140001136410,株式会社ｅｎ　ｃａｒｅ,兵庫県,加古川市,尾上町口里１５６番地の４,6750022
6140001136617,株式会社山球,兵庫県,加古川市,尾上町口里３２９番地の４,6750022
6140001136872,キタヒラ株式会社,兵庫県,加古川市,平岡町二俣９０５番地の１０６,6750111
6140001136897,株式会社ＨＡＲＥ　Ｄｅｓｉｇｎ,兵庫県,加古川市,加古川町粟津５１番地の１,6750039
6140001137516,株式会社ＰＬＵＳ　Ｑ,兵庫県,加古川市,加古川町木村６６９番地の１１,6750038
6140001138002,株式会社杉昇,兵庫県,加古川市,尾上町口里８１４番地の１８,6750022
6140001138035,株式会社ＮＥＯ,兵庫県,加古川市,尾上町口里５３４番地の１５,6750022
6140001138803,株式会社吉田相続遺言サポート,兵庫県,加古川市,平岡町新在家３丁目２８５番地の１１,6750101
6140001138844,長谷川電機株式会社,兵庫県,加古川市,尾上町養田１５２４番地の１巴ビル２Ｆ−Ｃ,6750025
6140001139082,株式会社リガーレウェルフェア,兵庫県,加古川市,志方町上冨木１５１番地２,6750314
6140001139149,株式会社さかい,兵庫県,加古川市,平岡町新在家７１６−９−５０５,6750101
6140001139355,Ｎｉｋｓｅｎ　Ｈｕｉｓ株式会社,兵庫県,加古川市,加古川町寺家町６５番地の１グローバル加古川８０４号,6750066
6140001139636,株式会社フーチャーエイト,兵庫県,加古川市,志方町志方町１２５８番地の２,6750321
6140001139735,株式会社兵庫不動産サービス,兵庫県,加古川市,加古川町友沢３９０番地の１ベル友沢Ａ２０２,6750035
6140001140643,協伸ヴェルテクノ株式会社,兵庫県,加古川市,野口町水足１３８１番地の３,6750019
6140001140701,株式会社愛,兵庫県,加古川市,東神吉町神吉２３７番地の３,6750057
6140001140973,株式会社みらい保険パートナーズ,兵庫県,加古川市,野口町良野１１６番地１,6750017
6140001141146,兵庫不動産株式会社,兵庫県,加古川市,新神野３丁目５番１５号,6750008
6140001141229,心澪株式会社,兵庫県,加古川市,加古川町友沢３８２番地の３,6750035
6140001141518,株式会社青いくま,兵庫県,加古川市,平岡町一色５９７番地の５ルイシャトレ東加古川６０７号,6750115
6140001142251,株式会社ＲＥＡＬ　Ｐｌｕｓ　Ｏｎｅ,兵庫県,加古川市,平岡町二俣７５９番地の３２,6750111
6140001142334,株式会社ムラカワ工業,兵庫県,加古川市,平岡町新在家９１８−１−２０２,6750101
6140001142383,株式会社翔生都,兵庫県,加古川市,別府町元町１４５番地,6750134
6140001142417,株式会社ＭＥＡＬ　ＨＵＢ,兵庫県,加古川市,加古川町平野１２５番１,6750063
6140002036485,ＤＣＴコンサルティング株式会社,兵庫県,加古川市,加古川町溝之口５５３番地の３,6750064
6140002036849,株式会社山下製作所,兵庫県,加古川市,尾上町養田１５２８番地の７,6750025
6140002038936,株式会社ＣＯＣＯ−ＷＡ,兵庫県,加古川市,野口町長砂６２９番地の８,6750016
7010401123648,ＫＹＫ　Ｔｒａｄｉｎｇ株式会社,兵庫県,加古川市,平岡町高畑１５１番地の５ＬＳビル２０３号室,6750103
7120001055198,宏栄スプリング工業株式会社,兵庫県,加古川市,平岡町山之上１５３番地,6750112
7120001202015,インカ商事株式会社,兵庫県,加古川市,平岡町高畑２０７番地の１エクセル東加古川弐番館６０２号,6750103
7120001224876,Ｍ＆Ｍアセット株式会社,兵庫県,加古川市,平岡町新在家４７１−１,6750101
7140001038424,株式会社弘栄,兵庫県,加古川市,上荘町都染６６７番地の３４,6751216
7140001042418,株式会社アイティー,兵庫県,加古川市,加古川町寺家町３１番地の１,6750066
7140001042434,株式会社秋田仏檀店,兵庫県,加古川市,上荘町国包３４０番地の４,6751213
7140001042442,株式会社アサヒヤ,兵庫県,加古川市,加古川町寺家町３４０番地の１,6750066
7140001042450,旭電工機器株式会社,兵庫県,加古川市,加古川町本町１２７番地の１,6750037
7140001042459,株式会社アライ,兵庫県,加古川市,尾上町旭１丁目４８番地の１８,6750026
7140001042475,石川建設株式会社,兵庫県,加古川市,平岡町一色７９７番地の２６７,6750115
7140001042491,株式会社ホームファクトリー山福,兵庫県,加古川市,加古川町木村６６１番地の４,6750038
7140001042500,株式会社いぬい楽器,兵庫県,加古川市,加古川町篠原町２１番地の８,6750065
7140001042509,株式会社岩崎設計,兵庫県,加古川市,野口町坂井２１６−１,6750015
7140001042525,内田株式会社,兵庫県,加古川市,加古川町本町３３８番地の２,6750037
7140001042533,シー・エム・ピー株式会社,兵庫県,加古川市,平岡町高畑５２０番地の１７,6750103
7140001042558,株式会社尾上ガス,兵庫県,加古川市,尾上町池田１５６０番地,6750023
7140001042582,株式会社加古川塾,兵庫県,加古川市,加古川町中津５７８番地の１,6750068
7140001042590,加古川ガス株式会社,兵庫県,加古川市,加古川町平野５０１番地,6750063
7140001042599,株式会社加古川産業会館,兵庫県,加古川市,加古川町寺家町６２１番地,6750066
7140001042608,株式会社エス・ティー・エス,兵庫県,加古川市,加古川町溝之口５６６番地,6750064
7140001042616,株式会社エムズライン,兵庫県,加古川市,東神吉町西井ノ口２８５番地の２,6750055
7140001042624,エムテック株式会社,兵庫県,加古川市,加古川町本町１９番地の２９,6750037
7140001042649,大西産商株式会社,兵庫県,加古川市,加古川町粟津２７２番地の８,6750039
7140001042657,株式会社岡崎建設,兵庫県,加古川市,加古川町粟津５５９番地の６,6750039
7140001042665,株式会社オクノ,兵庫県,加古川市,八幡町下村１６２１番地,6751203
7140001042673,株式会社キシケン,兵庫県,加古川市,加古川町北在家４０９番地の５,6750031
7140001042681,岸本鉄工株式会社,兵庫県,加古川市,野口町水足１６０番地,6750019
7140001042707,共優住建株式会社,兵庫県,加古川市,平岡町新在家１４６２番地の１,6750101
7140001042715,株式会社玉泉堂,兵庫県,加古川市,加古川町北在家６５３番地,6750031
7140001042723,国鳥繊維工業株式会社,兵庫県,加古川市,加古川町粟津４１９番地の３,6750039
7140001042731,株式会社グリーンハリマ,兵庫県,加古川市,別府町新野辺１３１６番地の３,6750131
7140001042756,上月産業株式会社,兵庫県,加古川市,野口町坂元３３番地の１,6750018
7140001042764,株式会社コーポレーションマツバラ,兵庫県,加古川市,別府町本町２丁目５２番地,6750126
7140001042789,株式会社コトブキコーポレーション,兵庫県,加古川市,加古川町北在家２４８２番地,6750031
7140001042806,株式会社神吉商店,兵庫県,加古川市,東神吉町神吉１６４０番地,6750057
7140001042822,陰山実業株式会社,兵庫県,加古川市,志方町西中２１０番地,6750346
7140001042830,株式会社関西技研,兵庫県,加古川市,加古川町北在家２７２３番地,6750031
7140001042839,株式会社片村建設,兵庫県,加古川市,野口町野口５５７番地の７,6750012
7140001042855,株式会社神川工務店,兵庫県,加古川市,加古川町粟津２５３番地の２９,6750039
7140001042863,株式会社カワハラ,兵庫県,加古川市,野口町野口３９９番地の３,6750012
7140001042871,株式会社小林住設,兵庫県,加古川市,野口町北野１１６１番地の３２,6750011
7140001042888,サンマート株式会社,兵庫県,加古川市,加古川町粟津２５３番地,6750039
7140001042896,三陽修整株式会社,兵庫県,加古川市,平岡町山之上６１１番地,6750112
7140001042905,株式会社サンワ住研,兵庫県,加古川市,平岡町新在家２１２番地の１,6750101
7140001042913,新栄警備保障株式会社,兵庫県,加古川市,加古川町北在家２５５５番地,6750031
7140001042921,株式会社ジー・エム・シー,兵庫県,加古川市,別府町緑町２番地,6750124
7140001042938,システム機器工業株式会社,兵庫県,加古川市,八幡町野村２３８番地の２,6751202
7140001042946,株式会社新原工務店,兵庫県,加古川市,野口町水足３４８番地の１,6750019
7140001042954,三興繊維工業株式会社,兵庫県,加古川市,志方町永室７１３番地,6750347
7140001042962,三交美商株式会社,兵庫県,加古川市,加古川町美乃利４０９番地の２９,6750062
7140001042979,山昇電機株式会社,兵庫県,加古川市,別府町西脇７６−４,6750125
7140001042987,株式会社三田屋加古川店,兵庫県,加古川市,加古川町篠原町２１番地の８,6750065
7140001042995,株式会社寿苑,兵庫県,加古川市,野口町良野１１０番地の１,6750017
7140001043003,ＳＨＯＷＡ　ＧＲＯＵＰ株式会社,兵庫県,加古川市,平岡町新在家１１７番地,6750101
7140001043011,神友企業株式会社,兵庫県,加古川市,平岡町新在家字二丁目２８０番６,6750101
7140001043028,株式会社城山種鶏場,兵庫県,加古川市,志方町岡５０４番地の１,6750311
7140001043036,株式会社シンワ,兵庫県,加古川市,尾上町旭１丁目７番地,6750026
7140001043044,株式会社スペースジャム,兵庫県,加古川市,加古川町寺家町２５−１,6750066
7140001043052,株式会社清光堂製版,兵庫県,加古川市,加古川町本町４３番地の１,6750037
7140001043060,誠和印刷株式会社,兵庫県,加古川市,尾上町養田２９０番地の１,6750025
7140001043069,株式会社創建工務店,兵庫県,加古川市,志方町細工所１０３６番地の４,6750303
7140001043077,株式会社ソフィア加古川,兵庫県,加古川市,別府町新野辺北町８丁目５番地,6750121
7140001043085,第一住器株式会社,兵庫県,加古川市,志方町廣尾６２２番地の１,6750312
7140001043093,株式会社大喜土木,兵庫県,加古川市,八幡町宗佐７３３番地,6751201
7140001043102,株式会社大建住宅,兵庫県,加古川市,平岡町新在家１３７５番地の５,6750101
7140001043110,株式会社大真空,兵庫県,加古川市,野口町水足１７９番地の６,6750019
7140001043135,株式会社高井組,兵庫県,加古川市,加古川町平野１０３番地の６,6750063
7140001043143,滝川メインテナンス株式会社,兵庫県,加古川市,平岡町中野２１１番地の１,6750113
7140001043151,株式会社竹田工務店,兵庫県,加古川市,別府町宮田町５１番地,6750132
7140001043184,株式会社タナカコンフォート,兵庫県,加古川市,東神吉町神吉６９６番地の３,6750057
7140001043201,株式会社トライ,兵庫県,加古川市,志方町西中２２１番地,6750346
7140001043218,中日本工業株式会社,兵庫県,加古川市,平岡町一色西１丁目７４番地の２,6750117
7140001043226,株式会社ニーズ,兵庫県,加古川市,神野町西条１４２９番地,6750009
7140001043234,錦建設株式会社,兵庫県,加古川市,野口町水足９３２番地４,6750019
7140001043250,ニッサンフーズ株式会社,兵庫県,加古川市,米田町平津４７４番地の１,6750054
7140001043267,株式会社玉井鉄工所,兵庫県,加古川市,八幡町宗佐字香山１５６８番地の３,6751201
7140001043275,中央殖産株式会社,兵庫県,加古川市,平岡町新在家１丁目２５７番地の４,6750101
7140001043291,寺坂電機株式会社,兵庫県,加古川市,米田町平津６７１番地の１,6750054
7140001043300,株式会社東京パピヨン,兵庫県,加古川市,野口町水足２０４４番地の５,6750019
7140001043309,株式会社東播建設,兵庫県,加古川市,平荘町山角１１２番地の１,6751221
7140001043317,斗久來建設株式会社,兵庫県,加古川市,加古川町稲屋２０番地の３,6750034
7140001043325,株式会社トミキ,兵庫県,加古川市,西神吉町鼎６７２番地,6750047
7140001043341,播磨電工株式会社,兵庫県,加古川市,加古川町粟津３３番地の３,6750039
7140001043366,株式会社ビツグ産業,兵庫県,加古川市,加古川町粟津７８４番地の１,6750039
7140001043390,株式会社ビューティータカハシ,兵庫県,加古川市,加古川町粟津４５０番地,6750039
7140001043399,野口協同産業株式会社,兵庫県,加古川市,野口町北野１１５４番地の６,6750011
7140001043408,博伸工業株式会社,兵庫県,加古川市,別府町西町２１番地,6750133
7140001043416,阪神スリーボンド株式会社,兵庫県,加古川市,東神吉町砂部２７５番地の１,6750056
7140001043424,播州設備株式会社,兵庫県,加古川市,加古川町木村５０７番地の１,6750038
7140001043440,株式会社コービン,兵庫県,加古川市,神野町日岡苑１６番地の３３,6750006
7140001043449,株式会社花房工業所,兵庫県,加古川市,神野町西条６２８番地の２,6750009
7140001043465,ハリノ伸線株式会社,兵庫県,加古川市,野口町野口２８６の１ハイタウンＡ−３０１,6750012
7140001043473,株式会社ヒライ,兵庫県,加古川市,志方町志方町１２００番地の２,6750321
7140001043481,株式会社廣瀬鉄工,兵庫県,加古川市,志方町西中３３３番地,6750346
7140001043498,株式会社扶桑,兵庫県,加古川市,加古川町木村４７４番地の５,6750038
7140001043531,船橋建設株式会社,兵庫県,加古川市,野口町良野４０７番地,6750017
7140001043564,堀印刷株式会社,兵庫県,加古川市,西神吉町大国５５７番地の１,6750044
7140001043572,株式会社マインズ,兵庫県,加古川市,平岡町新在家２０６５番地１００,6750101
7140001043580,前畑重機興業株式会社,兵庫県,加古川市,尾上町池田２３７４番地,6750023
7140001043597,株式会社松岡米穀,兵庫県,加古川市,加古川町美乃利４３０番地の１,6750062
7140001043606,株式会社松本工務店,兵庫県,加古川市,野口町二屋３３６番地,6750013
7140001043614,株式会社松本儀商店,兵庫県,加古川市,志方町西飯坂１１２番地の１,6750345
7140001043622,株式会社丸十,兵庫県,加古川市,八幡町上西条３０６番地の２３５,6751204
7140001043630,株式会社マルモト製作所,兵庫県,加古川市,八幡町宗佐１４４９番地の１,6751201
7140001043647,三越産業レジコン株式会社,兵庫県,加古川市,野口町古大内５３８番地,6750014
7140001043671,株式会社美和組,兵庫県,加古川市,加古川町本町２９５番地,6750037
7140001043688,明和交通株式会社,兵庫県,加古川市,加古川町寺家町１７２番地の１,6750066
7140001043696,元田外柵産業株式会社,兵庫県,加古川市,上荘町都台３丁目４番地の１４,6751215
7140001043713,株式会社やすむら,兵庫県,加古川市,野口町野口７９５番地の１１,6750012
7140001043721,山一電設株式会社,兵庫県,加古川市,加古川町粟津１０９０番地,6750039
7140001043738,株式会社六甲サービスセンター,兵庫県,加古川市,加古川町木村８２番地,6750038
7140001043754,ユニオンサービス株式会社,兵庫県,加古川市,東神吉町神吉６５１番地の２０１,6750057
7140001043770,株式会社米澤商店,兵庫県,加古川市,志方町志方町１５５３番地,6750321
7140001043779,和興建設株式会社,兵庫県,加古川市,野口町坂元５７１番地の２１,6750018
7140001043787,株式会社和田企業,兵庫県,加古川市,上荘町都台１丁目１９番地の１６,6751215
7140001043795,株式会社リカーハウス,兵庫県,加古川市,八幡町宗佐７５６番地の１,6751201
7140001043804,株式会社流機,兵庫県,加古川市,平岡町新在家１丁目２６２番地の８,6750101
7140001044042,株式会社ダイサン,兵庫県,加古川市,加古川町木村１２０番地の１,6750038
7140001044430,株式会社グローバルスタッフ,兵庫県,加古川市,平岡町新在家２７６番地の１０,6750101
7140001044728,株式会社シンリク,兵庫県,加古川市,尾上町池田１８７４番地の５,6750023
7140001044736,株式会社オール,兵庫県,加古川市,加古川町北在家８２６番地,6750031
7140001044744,株式会社ジー・エス・アイ,兵庫県,加古川市,別府町本町１丁目４番地,6750126
7140001044769,ゼットハウジング株式会社,兵庫県,加古川市,加古川町粟津４３７番地の２,6750039
7140001044785,株式会社加古川運動公園市民スポーツサービス,兵庫県,加古川市,別府町新野辺１５２５番地２,6750131
7140001044793,株式会社廣コーポレーション,兵庫県,加古川市,加古川町備後３３５番地の１,6750032
7140001044802,株式会社クラフトデンタル,兵庫県,加古川市,別府町新野辺３１５０番地,6750131
7140001044983,村上設備工業株式会社,兵庫県,加古川市,平岡町新在家１９０６番地,6750101
7140001044991,株式会社グリーンズ,兵庫県,加古川市,野口町野口６８７番地の６６,6750012
7140001045024,西嶋政株式会社,兵庫県,加古川市,加古川町溝之口６３１番地,6750064
7140001045040,株式会社岡本建築設計事務所,兵庫県,加古川市,東神吉町西井ノ口４９９番地,6750055
7140001045073,株式会社オリンピアコーポレーション,兵庫県,加古川市,加古川町粟津７８０番地,6750039
7140001045098,金億観光株式会社,兵庫県,加古川市,東神吉町神吉６２７番地１,6750057
7140001045148,創和貿易株式会社,兵庫県,加古川市,加古川町木村５１０番地,6750038
7140001045172,優安株式会社,兵庫県,加古川市,別府町石町８０番地,6750127
7140001045206,株式会社ナカタ農商,兵庫県,加古川市,野口町坂井２９７番地,6750015
7140001045214,株式会社ベスト創美,兵庫県,加古川市,八幡町中西条１０９３番地の１１,6751205
7140001045239,株式会社メイサン,兵庫県,加古川市,野口町北野９９１番地の１８１,6750011
7140001045271,株式会社ネクストサービス,兵庫県,加古川市,尾上町池田７４１番地の２,6750023
7140001045288,エスボート株式会社,兵庫県,加古川市,加古川町河原１７３番地の１１,6750067
7140001045313,オークラＨＲＳ株式会社,兵庫県,加古川市,野口町古大内９００番地,6750014
7140001045354,株式会社薬都富山薬品,兵庫県,加古川市,野口町水足１２３５番地の１,6750019
7140001045362,株式会社プリンセス,兵庫県,加古川市,野口町良野１１７番地１,6750017
7140001045379,株式会社ジャック,兵庫県,加古川市,尾上町養田１３７２−２,6750025
7140001045404,株式会社Ｋ．Ｐ．Ｔ,兵庫県,加古川市,加古川町平野２４−１−Ｇ−２０２,6750063
7140001045412,株式会社アシストワン,兵庫県,加古川市,八幡町野村６９３番地の３,6751202
7140001045461,株式会社イーサポート,兵庫県,加古川市,野口町北野１３１４番地の４６,6750011
7140001045494,株式会社高陽,兵庫県,加古川市,志方町西牧３２５番地の１,6750331
7140001045528,株式会社大一工業兵庫,兵庫県,加古川市,平岡町新在家２丁目２７９番地１,6750101
7140001045536,株式会社つくし,兵庫県,加古川市,平岡町一色東２丁目２２番地,6750116
7140001045552,株式会社ライフクリエイト,兵庫県,加古川市,野口町良野１７６３,6750017
7140001045560,株式会社シーテクノワークス,兵庫県,加古川市,志方町永室７１５番地の１,6750347
7140001045569,株式会社企業パートナー,兵庫県,加古川市,加古川町北在家２６４６番地,6750031
7140001045577,ルミナスホーム株式会社,兵庫県,加古川市,別府町新野辺４７０番地の８,6750131
7140001045585,株式会社鎌谷興業,兵庫県,加古川市,野口町長砂９９８番地,6750016
7140001045602,株式会社すまいる・介護,兵庫県,加古川市,加古川町粟津７４０−４,6750039
7140001045627,株式会社樽屋,兵庫県,加古川市,尾上町池田２０７番地,6750023
7140001045676,株式会社須磨谷鉄工所,兵庫県,加古川市,平岡町土山字称宣ヶ市９０９番地の２８,6750104
7140001045718,株式会社プランスペース,兵庫県,加古川市,加古川町平野５１７番地,6750063
7140001045775,株式会社統一,兵庫県,加古川市,平岡町八反田６０番地の１,6750114
7140001045791,株式会社叢叢,兵庫県,加古川市,野口町北野７３３番地の２グランデージＩＩ番館１０２号,6750011
7140001045800,クロロス・ジャパン株式会社,兵庫県,加古川市,尾上町安田６３７番地,6750021
7140001045809,株式会社ＢＲＩＤＧＥＳＴＯＮＥ　ＴＲＡＤＩＮＧ　ＣＯ,兵庫県,加古川市,志方町上冨木字請山１２０番地の２０４,6750314
7140001045833,株式会社ドッグアシストジャパン,兵庫県,加古川市,別府町朝日町３８番の１０,6750123
7140001045858,株式会社こっとんてーる,兵庫県,加古川市,加古川町木村２２７番地,6750038
7140001045882,株式会社春夏秋冬集団,兵庫県,加古川市,野口町古大内３０２番地の２,6750014
7140001045899,株式会社大山,兵庫県,加古川市,平岡町新在家１９２６番地の６８,6750101
7140001045940,株式会社エフスタイル,兵庫県,加古川市,八幡町下村１１２５番地の１,6751203
7140001045949,株式会社コモエスタカサ加古川,兵庫県,加古川市,神野町西之山１６３番地,6750007
7140001045957,三愛貿易株式会社,兵庫県,加古川市,西神吉町岸５８５番地の２,6750045
7140001045965,竹内音楽事務所ＭＩＣ株式会社,兵庫県,加古川市,上荘町国包１０５４番地の２,6751213
7140001045998,兵庫総合販売株式会社,兵庫県,加古川市,野口町野口１２９番地の１１８Ａビル３Ｆ,6750012
7140001046006,ディサイド株式会社,兵庫県,加古川市,加古川町篠原町１番地の１０,6750065
7140001046022,株式会社坂本鉄工,兵庫県,加古川市,別府町新野辺２８９９番地,6750131
7140001046039,株式会社マルアイホームズ,兵庫県,加古川市,加古川町木村１９４番地１,6750038
7140001046055,株式会社ジェイアイカーズ,兵庫県,加古川市,尾上町口里７２３−１−１１０,6750022
7140001046096,株式会社大浦牧場,兵庫県,加古川市,志方町志方町２９４番地の１,6750321
7140001046105,株式会社カノンサービス,兵庫県,加古川市,尾上町口里８１４番地の１１,6750022
7140001046146,株式会社ミヤサキ,兵庫県,加古川市,神野町西条１０９４−１,6750009
7140001046154,株式会社ＩＣトレード,兵庫県,加古川市,西神吉町岸３７１番地の１７,6750045
7140001046170,株式会社Ｎ−ＦＡＣＴＯＲＹ,兵庫県,加古川市,別府町新野辺北町７丁目２番地,6750121
7140001046195,ＥＴＳ　ＪＡＰＡＮ株式会社,兵庫県,加古川市,平岡町二俣５３１番地の１６,6750111
7140001046204,ＳＨＯＷＡ　ＨＯＭＥ株式会社,兵庫県,加古川市,平岡町新在家１１７番地,6750101
7140001046212,株式会社将棋屋,兵庫県,加古川市,別府町本町１丁目８番地,6750126
7140001046261,シオンプランニング株式会社,兵庫県,加古川市,加古川町美乃利１０２番地の６,6750062
7140001046278,ＩＢＮファイナンシャルプランニング株式会社,兵庫県,加古川市,加古川町篠原町５９番地の３,6750065
7140001046303,株式会社ＴＡＩＧＡ,兵庫県,加古川市,東神吉町西井ノ口５８１−１−２０１,6750055
7140001046352,井上鉄工株式会社,兵庫県,加古川市,志方町西牧７番地の３,6750331
7140001046377,ＨＴＳ株式会社,兵庫県,加古川市,別府町西町５８番地の４,6750133
7140001046402,株式会社オフィスエヌ・ケイ,兵庫県,加古川市,加古川町本町３０８番地の１,6750037
7140001046410,株式会社手芸の丸十瀬戸,兵庫県,加古川市,加古川町中津４４８番地の１,6750068
7140001046419,株式会社マエダフーズ,兵庫県,加古川市,平荘町山角１１９−３,6751221
7140001046435,株式会社ＢＡＴＳＵＧＵＮ,兵庫県,加古川市,東神吉町西井ノ口６６９番地の１,6750055
7140001046451,スマイルデンタルケア株式会社,兵庫県,加古川市,加古川町備後６２−１−４０１,6750032
7140001046468,オカアスローリー株式会社,兵庫県,加古川市,野口町北野８４９番地の６,6750011
7140001057250,株式会社芝武商事,兵庫県,加古川市,平岡町高畑２８５番地,6750103
7140001060774,ハマダコンフェクト株式会社,兵庫県,加古川市,尾上町池田８５０番地の６８,6750023
7140001062770,シーアイシーデータ株式会社,兵庫県,加古川市,東神吉町西井ノ口６６１番地の９,6750055
7140001067332,株式会社ＦＯＫビジネスサポート,兵庫県,加古川市,加古川町大野１５５７番地１,6750061
7140001067448,株式会社アクティブジャパン,兵庫県,加古川市,別府町西町５８番地５,6750133
7140001067547,株式会社大伸,兵庫県,加古川市,加古川町美乃利３５０番地の２０,6750062
7140001077298,株式会社オージーエヌ,兵庫県,加古川市,神野町西之山８５６番地の１,6750007
7140001086811,丸永産業株式会社,兵庫県,加古川市,野口町北野９９１番地の１２８,6750011
7140001086869,株式会社弘商事,兵庫県,加古川市,八幡町宗佐６３３番地の４,6751201
7140001086992,株式会社オンリー・ワン,兵庫県,加古川市,加古川町粟津５９８番地の１４,6750039
7140001087082,トランジシャル株式会社,兵庫県,加古川市,平岡町土山３２５番地の１,6750104
7140001087339,株式会社二川ホールディングス,兵庫県,加古川市,平岡町二俣２４９番地１,6750111
7140001088122,株式会社エイト,兵庫県,加古川市,野口町水足１７８７番地の４,6750019
7140001088964,株式会社洋美研工房,兵庫県,加古川市,別府町別府９９７番地の１５,6750122
7140001089203,株式会社アシスト,兵庫県,加古川市,加古川町木村１４２番地の２,6750038
7140001089335,株式会社プントワークス,兵庫県,加古川市,加古川町寺家町４３１番地の１,6750066
7140001089517,株式会社ＹＡＮＥＳＥＫＯ,兵庫県,加古川市,加古川町粟津８１９−１,6750039
7140001089566,株式会社ＥＲＧ,兵庫県,加古川市,加古川町平野４１４番地,6750063
7140001089921,総合メンテナンス株式会社,兵庫県,加古川市,別府町別府７１３−５,6750122
7140001090227,株式会社柴田板金,兵庫県,加古川市,志方町上冨木６１２番地の５４,6750314
7140001090235,株式会社ともの湯,兵庫県,加古川市,加古川町南備後字松葉３１５番地の１,6750033
7140001090400,株式会社ケイ・サウス,兵庫県,加古川市,野口町良野６１１番地の１,6750017
7140001090490,株式会社ＡＥＭエンジニア,兵庫県,加古川市,野口町北野４７番地の５,6750011
7140001090796,株式会社三角組,兵庫県,加古川市,尾上町安田３２１番地１,6750021
7140001091407,株式会社クジラックス,兵庫県,加古川市,別府町別府８４４番地の１メゾンスペリオール１Ｆ,6750122
7140001091745,株式会社フィールドアップ,兵庫県,加古川市,加古川町河原４４４番地の５７,6750067
7140001092173,株式会社ハウス・ステーシヨン,兵庫県,加古川市,加古川町平野２８５番地の２,6750063
7140001092586,株式会社共伸電装,兵庫県,加古川市,尾上町旭１丁目３８番地の１,6750026
7140001092990,ＺｅａＬ株式会社,兵庫県,加古川市,加古川町寺家町４１番地の４リベール加古川駅前プレシャスコート５０３号,6750066
7140001093064,株式会社しき島ガスワン,兵庫県,加古川市,別府町港町１番地の２,6750136
7140001093155,株式会社掌,兵庫県,加古川市,加古川町南備後１３７番地の１１,6750033
7140001093295,東蘭貿易株式会社,兵庫県,加古川市,尾上町安田８９１番地,6750021
7140001093411,株式会社Ｗｉｎｇ,兵庫県,加古川市,平岡町中野２５０番地の２,6750113
7140001093683,株式会社加古川ベース,兵庫県,加古川市,山手３丁目１０番８号,6750002
7140001094459,株式会社ＮＡＯ,兵庫県,加古川市,尾上町養田１１７４番地の１,6750025
7140001094475,ＡＦＣ株式会社,兵庫県,加古川市,加古川町木村５２９番地の５,6750038
7140001094896,株式会社オーセンティック不動産,兵庫県,加古川市,加古川町北在家２２３０番地,6750031
7140001094913,株式会社タナカ総合設計コンサルタント,兵庫県,加古川市,加古川町粟津５７９番地１,6750039
7140001095390,株式会社さくら住設,兵庫県,加古川市,上荘町国包４３４番地,6751213
7140001095663,株式会社バーリィ,兵庫県,加古川市,加古川町木村６７７番地の１１,6750038
7140001095770,株式会社藤野建築,兵庫県,加古川市,上荘町小野８１１番地の１７,6751218
7140001096281,株式会社ＮＥＸＴ　ＩＮＮＯＶＡＴＩＯＮ,兵庫県,加古川市,野口町野口５２６番地の２,6750012
7140001096620,株式会社リアライフ,兵庫県,加古川市,加古川町平野２４番地の１Ｇ棟２０１号,6750063
7140001096884,株式会社フジ技工,兵庫県,加古川市,野口町北野９１１番地の６,6750011
7140001097387,株式会社誠品稲美,兵庫県,加古川市,加古川町大野１０６７番地の１０,6750061
7140001097412,絆エッセンス株式会社,兵庫県,加古川市,志方町成井５１８番地,6750334
7140001097569,株式会社Ｌｉｎｋ,兵庫県,加古川市,加古川町溝之口２８８番地の５,6750064
7140001097957,株式会社ありもとでんき,兵庫県,加古川市,尾上町旭１丁目３８番地の１,6750026
7140001098352,リーガルアドバイザーズ株式会社,兵庫県,加古川市,加古川町本町１７７番地の４,6750037
7140001098699,株式会社セルテック,兵庫県,加古川市,加古川町河原３４８−５,6750067
7140001098988,株式会社ケイエスエスグループ,兵庫県,加古川市,加古川町美乃利４４７−５,6750062
7140001099004,株式会社エステートパートナーズ,兵庫県,加古川市,尾上町安田２８３番地の６,6750021
7140001099251,株式会社ビーシーパイン,兵庫県,加古川市,平岡町土山８６番地の１−２０２号,6750104
7140001099532,株式会社山清建設,兵庫県,加古川市,平岡町山之上６６６−５,6750112
7140001099747,株式会社ＣＲＥＡＭ,兵庫県,加古川市,平岡町新在家８９２−１,6750101
7140001100621,株式会社片山商店,兵庫県,加古川市,志方町原３２９番地の３,6750335
7140001101140,株式会社カナウ,兵庫県,加古川市,尾上町養田１３９６番地の２,6750025
7140001101207,株式会社アゲイン,兵庫県,加古川市,西神吉町岸６０４番地の２０,6750045
7140001101339,株式会社ラフ・カンパニー,兵庫県,加古川市,加古川町木村１０５番地１２,6750038
7140001101405,株式会社原口工業,兵庫県,加古川市,平岡町新在家１３６２番地の１ロワイヤル森田５０３号,6750101
7140001101883,株式会社羽代タイル,兵庫県,加古川市,加古川町中津７９５−６,6750068
7140001101966,前川電気工業株式会社,兵庫県,加古川市,平荘町里字前郷３１７番地,6751232
7140001102270,Ａアルファ株式会社,兵庫県,加古川市,志方町西中２２７番地の１,6750346
7140001103005,株式会社テクノ総合コンサルティング,兵庫県,加古川市,尾上町安田１９９−１シャルヴィ加古川１１１号,6750021
7140001103228,株式会社ワンディレクション,兵庫県,加古川市,野口町野口７４５−１−２０１,6750012
7140001103277,株式会社ダンショウ・ホールディングス,兵庫県,加古川市,志方町志方町１２１５番地の１,6750321
7140001103913,宝殿土地株式会社,兵庫県,加古川市,米田町平津３５２番地の２,6750054
7140001104060,和宏エステート株式会社,兵庫県,加古川市,平岡町高畑５３８番地の１,6750103
7140001104151,株式会社東加古川第五発電所,兵庫県,加古川市,平岡町西谷９７番地,6750102
7140001104275,株式会社Ｓ＆Ｆ　ＰＡＲＴＮＥＲＳ,兵庫県,加古川市,新神野６丁目２番１号,6750008
7140001104787,株式会社まつでん,兵庫県,加古川市,加古川町西河原７５番地の４,6750036
7140001104936,株式会社アーキテック不動産,兵庫県,加古川市,別府町別府７１７番地の１,6750122
7140001105240,株式会社内田牧場,兵庫県,加古川市,上荘町井ノ口１０１番地の２,6751212
7140001105323,株式会社Ｓｉｎ　Ｔａｍａｇａｋｉ　ＥＮ,兵庫県,加古川市,志方町西牧１６０−１,6750331
7140001106288,株式会社グレイトフルパートナーズ,兵庫県,加古川市,米田町平津３０６番地の２,6750054
7140001106882,株式会社肉工房瑞光,兵庫県,加古川市,志方町志方町５３０番地の１,6750321
7140001107187,株式会社スギオ,兵庫県,加古川市,野口町二屋３６０番地の１７,6750013
7140001107427,株式会社ホットスタッフ加古川,兵庫県,加古川市,平岡町土山１２１５番地１,6750104
7140001108482,株式会社ＰＲＥＸ,兵庫県,加古川市,八幡町宗佐１１８８番地の１,6751201
7140001109183,株式会社加古川ヤマトヤシキ,兵庫県,加古川市,加古川町篠原町２１番地の８,6750065
7140001109704,小坂鉄筋工業株式会社,兵庫県,加古川市,東神吉町神吉６０８番地の１３７,6750057
7140001110158,株式会社Ｒｏｙａｌ　Ａｃａｄｅｍｙ　Ｔａｋａｔａ,兵庫県,加古川市,東神吉町神吉８２３番地３０号,6750057
7140001110397,クレア株式会社,兵庫県,加古川市,平岡町一色西２丁目１１４−１,6750117
7140001110562,長嶋建設株式会社,兵庫県,加古川市,野口町二屋２３番地の１２,6750013
7140001111189,正基興業株式会社,兵庫県,加古川市,尾上町池田１５１０番地の１３,6750023
7140001111271,株式会社Ｌｉｂｅｔｔ,兵庫県,加古川市,加古川町寺家町３５４番地の４,6750066
7140001111916,株式会社日岡山学校給食サービス,兵庫県,加古川市,加古川町大野１５３０番地１５,6750061
7140001112261,株式会社ＳＯＯＩ,兵庫県,加古川市,野口町北野１２０７番地の２０３,6750011
7140001112658,株式会社リシン,兵庫県,加古川市,加古川町木村２０番地の１前川ビル１階,6750038
7140001113268,株式会社エム建設,兵庫県,加古川市,平岡町二俣８７２番地の３,6750111
7140001113920,株式会社高石塗装,兵庫県,加古川市,平岡町一色東２丁目２２番地,6750116
7140001115017,株式会社ＡＲＩＡ,兵庫県,加古川市,別府町新野辺北町８丁目３１−２,6750121
7140001117021,株式会社Ｍ．ｃｕｂｉｃ,兵庫県,加古川市,西神吉町宮前８２１番地の６５,6750041
7140001117046,株式会社加古川ミートセンター,兵庫県,加古川市,志方町志方町５３３番地,6750321
7140001117070,株式会社カムイクリエイト,兵庫県,加古川市,野口町長砂１２７番地の８,6750016
7140001117153,ＩＴＡＭ株式会社,兵庫県,加古川市,米田町平津４７８−２,6750054
7140001117789,株式会社ＦＷ兵庫,兵庫県,加古川市,加古川町木村５５番地１,6750038
7140001118952,ハナブサ総建株式会社,兵庫県,加古川市,尾上町養田１５７番地の２尾上グリーンハイツＥ棟１０３号,6750025
7140001119067,株式会社陸建,兵庫県,加古川市,神野町神野１３２３番地の４,6750003
7140001119232,株式会社Ｃｏｃｃｉｎｅｌｌｅ,兵庫県,加古川市,野口町古大内３８１番７,6750014
7140001119513,株式会社Ｍ−ｓｅｃｕｒｉｔｙ,兵庫県,加古川市,尾上町長田４０９番地４,6750024
7140001120000,オペレーターサービス株式会社,兵庫県,加古川市,尾上町養田３５２番地の３４,6750025
7140001120537,株式会社セレーネ,兵庫県,加古川市,加古川町友沢１０番地の１５,6750035
7140001120628,株式会社あいきプラント,兵庫県,加古川市,平岡町二俣８番地の１,6750111
7140001120660,株式会社コネクトヒアリング,兵庫県,加古川市,西神吉町岸１５５番地の４,6750045
7140001120735,株式会社ＤＣテレマ,兵庫県,加古川市,加古川町北在家２２６３番地読売井上ビル３階,6750031
7140001120867,株式会社織井建鉄,兵庫県,加古川市,加古川町中津８３４番地の４,6750068
7140001120883,株式会社朝凪,兵庫県,加古川市,加古川町大野１１６５番地の１,6750061
7140001120909,株式会社ベアーズリアルエステート,兵庫県,加古川市,平岡町二俣６８３番地の３,6750111
7140001121188,ナガサワ食品株式会社,兵庫県,加古川市,平岡町高畑４９０番地１,6750103
7140001121460,株式会社Ｊｅｒｉｃｈｏ,兵庫県,加古川市,加古川町友沢３９８番地の１,6750035
7140001121659,株式会社トーア・トラスト,兵庫県,加古川市,尾上町旭１丁目１３番地,6750026
7140001121881,株式会社ＡＨＷ,兵庫県,加古川市,神野町神野７３３番地,6750003
7140001122384,株式会社ＫＩＣＯ,兵庫県,加古川市,加古川町篠原町２１番８号,6750065
7140001122401,株式会社近藤建設,兵庫県,加古川市,別府町東町５番地の２リバーハイツ２０１号室,6750135
7140001122896,株式会社ＴＥＬＥ　ＳＫＹ,兵庫県,加古川市,加古川町友沢４１５番地の４,6750035
7140001123127,株式会社Ｆｒｅｅ　Ｓｔｙｌｅ,兵庫県,加古川市,野口町北野７３４番地の３３,6750011
7140001123432,栄寿陸運株式会社,兵庫県,加古川市,志方町志方町５３６番地の１,6750321
7140001123853,株式会社信和エンジニア,兵庫県,加古川市,平岡町土山１０番地の１０ミツヤビル,6750104
7140001124307,株式会社ＬＨ．ｗｏｒｋｓ,兵庫県,加古川市,加古川町粟津１０７６番地,6750039
7140001124389,株式会社マザーフーズカンパニー,兵庫県,加古川市,加古川町寺家町３４５マーレ加古川駅前タワー１３０１号,6750066
7140001124554,誠栄ホーム株式会社,兵庫県,加古川市,野口町野口２８３番地,6750012
7140001125115,株式会社ＯｎｅＬｏｇｉ,兵庫県,加古川市,平荘町里３８１番地の１,6751232
7140001126261,株式会社Ｔ‐ｔｅｃ,兵庫県,加古川市,平荘町磐１０２９番地,6751226
7140001126559,株式会社イーコートテック,兵庫県,加古川市,尾上町口里４９５番地の１８,6750022
7140001127045,株式会社高田建設工業,兵庫県,加古川市,加古川町大野３００番地の１,6750061
7140001127466,ＩＮＦＩＮＥＸ株式会社,兵庫県,加古川市,加古川町溝之口７５３番地兵庫住宅ビル１階,6750064
7140001127904,たなか不動産株式会社,兵庫県,加古川市,野口町二屋４０−１４,6750013
7140001127929,ｊｉｚａｉ株式会社,兵庫県,加古川市,東神吉町天下原５３番地の１,6750058
7140001127978,株式会社はしま,兵庫県,加古川市,米田町船頭３９０番地の１,6750053
7140001128365,株式会社ラルゴ,兵庫県,加古川市,加古川町溝之口１２４番地の１０,6750064
7140001128968,株式会社ｍｏＮ,兵庫県,加古川市,加古川町溝之口７２８番地ミキシティビル１Ｆ,6750064
7140001129058,ハリマプランニング株式会社,兵庫県,加古川市,尾上町養田１５７５番地,6750025
7140001129297,株式会社関西総建,兵庫県,加古川市,平荘町小畑９９９番地の１,6751235
7140001129735,株式会社セキュリティつばさ,兵庫県,加古川市,加古川町溝之口２２１番地の６エトワールシャトーＩＩ１階,6750064
7140001129743,株式会社アイカー,兵庫県,加古川市,神野町石守６５４番地の６９,6750005
7140001130057,株式会社Ｇｌｏｗ,兵庫県,加古川市,加古川町木村５４８番地の９,6750038
7140001130437,外事部株式会社,兵庫県,加古川市,尾上町長田５１７番地の４１,6750024
7140001130494,株式会社アイケーエム,兵庫県,加古川市,野口町坂元北２丁目９０番地,6750010
7140001130726,ｙ’ｓｗｏｒｋｓ株式会社,兵庫県,加古川市,加古川町河原３５９−７,6750067
7140001130767,アロー電工株式会社,兵庫県,加古川市,加古川町粟津７１０番地の３アイランドビル１０１,6750039
7140001130940,株式会社アルク,兵庫県,加古川市,平岡町高畑２２４番地の７,6750103
7140001131344,株式会社Ｒ．Ｉ,兵庫県,加古川市,東神吉町神吉６５１番地の９８,6750057
7140001131781,株式会社タカマツ,兵庫県,加古川市,平荘町小畑４１７番地の２,6751235
7140001131807,株式会社ＧＭＡ,兵庫県,加古川市,別府町新野辺１２４３番地の２,6750131
7140001131831,株式会社遊山,兵庫県,加古川市,平岡町新在家７１６番地の９,6750101
7140001132004,株式会社ＡＳＤ,兵庫県,加古川市,野口町坂井１５７番地の８,6750015
7140001132020,株式会社センターライト,兵庫県,加古川市,加古川町篠原町５００番地リヴェール加古川駅前８０２,6750065
7140001132094,株式会社Ｒｉｖｅｒ　Ｆｉｅｌｄ,兵庫県,加古川市,加古川町木村４９９−８,6750038
7140001132334,株式会社ＲＥＧパートナーズ,兵庫県,加古川市,平岡町新在家１５２０番地,6750101
7140001132623,コネクトメゾット株式会社,兵庫県,加古川市,加古川町美乃利２８２番地の２７,6750062
7140001133217,株式会社Ｗｏｎｄｅｒ　ｗａｌｌ,兵庫県,加古川市,野口町野口１２９番地の１４８野口ハイツ峰２０１号,6750012
7140001133497,株式会社Ｈｉｂｉｓｓ,兵庫県,加古川市,加古川町篠原町１３番地スカイシービル,6750065
7140001133670,株式会社Ｋ‐ｔｅｃｈｎｏ,兵庫県,加古川市,神野町西条９９７番地の１,6750009
7140001133712,株式会社Ａｍｅｎｉｔｙ‐Ｐｌａｎｎｉｎｇ,兵庫県,加古川市,尾上町池田７７４番地,6750023
7140001134818,加古川レーク株式会社,兵庫県,加古川市,神野町石守７０番２,6750005
7140001135873,株式会社タクシープロファクトリー,兵庫県,加古川市,米田町平津６８９−１７−１,6750054
7140001136608,株式会社ボディショップマスイ,兵庫県,加古川市,野口町北野７１−１,6750011
7140001136764,株式会社Ｍｙ　Ｐｌｅａｓｕｒｅ,兵庫県,加古川市,加古川町粟津４０８番地の１,6750039
7140001137028,株式会社ハトメ,兵庫県,加古川市,野口町良野１５４５番地,6750017
7140001137218,株式会社アオハル不動産販売,兵庫県,加古川市,加古川町溝之口１５１番地の１エンブレイス加古川５１３号,6750064
7140001137341,株式会社優松ロジテム,兵庫県,加古川市,別府町新野辺１３０２番地の４,6750131
7140001138125,株式会社ＢＯＮＩＴＯＳ,兵庫県,加古川市,尾上町池田１６６４番地の１,6750023
7140001138620,Ｗ‐ｋｅｙ株式会社,兵庫県,加古川市,平岡町土山１８６番地の１,6750104
7140001138645,株式会社Ｒ’ｓ,兵庫県,加古川市,加古川町稲屋９８４番地の４０,6750034
7140001138810,株式会社藤村工業,兵庫県,加古川市,野口町長砂３７０番地１０,6750016
7140001138876,タイセイホールディングス株式会社,兵庫県,加古川市,東神吉町神吉１０８７番地の１,6750057
7140001139429,株式会社ａｒｔｉｌｉｂ,兵庫県,加古川市,平岡町新在家１丁目２５２番地の５,6750101
7140001139610,スカイマシナリー株式会社,兵庫県,加古川市,加古川町備後１１０−１,6750032
7140001139998,株式会社斗栄工業,兵庫県,加古川市,尾上町養田１丁目８３番地の３,6750025
7140001140270,株式会社ＲＵＲＡＬ　ＷＯＲＫＳ,兵庫県,加古川市,尾上町安田５７４番地の１３,6750021
7140001140337,株式会社ＦＬＡＶＩＥＲ,兵庫県,加古川市,東神吉町神吉１５９−１,6750057
7140001140758,株式会社しばたけフーズ,兵庫県,加古川市,平岡町高畑２８５,6750103
7140001141566,株式会社セント,兵庫県,加古川市,東神吉町天下原３２８番地の３,6750058
7140001141946,すりーぴーす株式会社,兵庫県,加古川市,野口町野口５１８番地の１１,6750012
7140001142151,株式会社Ｉｎｔｅｇｒｉｔｙ　Ｐａｒｔｎｅｒｓ,兵庫県,加古川市,平岡町中野５８１番地の１２,6750113
7140001142416,株式会社ＢＲＩＤＧＥ　ＯＦ　ＴＥＣＨ,兵庫県,加古川市,尾上町今福３３３番地の２,6750027
7140001142531,株式会社Ｋｒｅｓｔ,兵庫県,加古川市,加古川町南備後８２番地の４１,6750033
7140002035759,弘洋定温運輸株式会社,兵庫県,加古川市,尾上町養田６９４番地の１,6750025
7140002035932,株式会社柴田機工,兵庫県,加古川市,西神吉町大国１０７番地の３,6750044
7140002038712,ハヴフーズ株式会社,兵庫県,加古川市,志方町横大路１４５番地１,6750332
7140002038786,株式会社やまさき教材,兵庫県,加古川市,加古川町美乃利３１０番地の３,6750062
8010001213542,朴沐株式会社,兵庫県,加古川市,八幡町野村６１４番地の２１,6751202
8011001092737,株式会社フォーリーフクローバー,兵庫県,加古川市,別府町新野辺２２４８番地,6750131
8120001127095,株式会社Ｂｅｓｔｌｅｄ,兵庫県,加古川市,尾上町長田２３９番地の１７,6750024
8120001206246,株式会社ニッポウトランス,兵庫県,加古川市,尾上町今福３７３番地の１,6750027
8140001027649,株式会社Ｌｅａｆ　Ｈｏｕｓｅ,兵庫県,加古川市,東神吉町西井ノ口８４２番地の１,6750055
8140001031667,株式会社エヴァ,兵庫県,加古川市,神野町西条１２０４番地の３,6750009
8140001035230,内藤ユニホーム株式会社,兵庫県,加古川市,平岡町土山１２２１番地の１８,6750104
8140001035239,ＮＦ管理株式会社,兵庫県,加古川市,平岡町高畑５２０番地の１６,6750103
8140001035676,株式会社ワーク,兵庫県,加古川市,加古川町北在家２１０８番地,6750031
8140001042409,アオエス警備保障株式会社,兵庫県,加古川市,平岡町新在家８０番地の１１,6750101
8140001042417,株式会社アイ設計工房,兵庫県,加古川市,加古川町北在家２５７５番地,6750031
8140001042425,株式会社アクアテック,兵庫県,加古川市,野口町長砂７９９番地,6750016
8140001042433,株式会社アクティブ,兵庫県,加古川市,尾上町今福１６８番地の４,6750027
8140001042441,株式会社旭ホームサービス,兵庫県,加古川市,別府町別府７０５番地の１,6750122
8140001042458,アメロイド化工機株式会社,兵庫県,加古川市,平岡町土山７５３番地の１４,6750104
8140001042466,株式会社イオカトーヨー住器,兵庫県,加古川市,平荘町小畑１０番地の３,6751235
8140001042474,イカリ株式会社,兵庫県,加古川市,志方町横大路８７８番地,6750332
8140001042490,株式会社一成,兵庫県,加古川市,上荘町薬栗２７番地の１,6751217
8140001042499,稲岡鉄工株式会社,兵庫県,加古川市,志方町横大路４３５番地の５,6750332
8140001042508,株式会社岩崎商店,兵庫県,加古川市,加古川町溝之口７２０番地,6750064
8140001042516,株式会社魚市總本店,兵庫県,加古川市,加古川町寺家町６６番地の８,6750066
8140001042524,株式会社宇田建設,兵庫県,加古川市,神野町石守１２７１番地の１,6750005
8140001042532,永光産業株式会社,兵庫県,加古川市,平岡町高畑３９２番地の１,6750103
8140001042540,株式会社オノダ,兵庫県,加古川市,神野町西条５８５番地,6750009
8140001042549,株式会社オリエント,兵庫県,加古川市,野口町良野５０４番地の２,6750017
8140001042557,尾上建設株式会社,兵庫県,加古川市,尾上町口里１０４番地の６,6750022
8140001042565,岡本観光株式会社,兵庫県,加古川市,加古川町篠原町９番地の１,6750065
8140001042573,加古川中央畜産荷受株式会社,兵庫県,加古川市,志方町志方町５３３番地,6750321
8140001042598,株式会社ＭＡＲＵＥＩ,兵庫県,加古川市,野口町長砂字大塚８１３番地の１,6750016
8140001042607,エスケー株式会社,兵庫県,加古川市,加古川町木村１４０番地の８,6750038
8140001042615,株式会社エスユージーアイ電工,兵庫県,加古川市,平岡町山之上２４８番地,6750112
8140001042623,株式会社エムジェイケイ,兵庫県,加古川市,加古川町篠原町１３番地の４,6750065
8140001042648,大西事務株式会社,兵庫県,加古川市,尾上町今福４０５番地２号,6750027
8140001042656,沖島工業株式会社,兵庫県,加古川市,平岡町新在家１５８８番地の８２,6750101
8140001042664,株式会社岡田商事,兵庫県,加古川市,八幡町宗佐字杖ノ上５３８−１,6751201
8140001042672,近畿建設株式会社,兵庫県,加古川市,東神吉町神吉１４１２番地の１,6750057
8140001042680,株式会社キシモトテック,兵庫県,加古川市,平荘町山角６３２番地,6751221
8140001042689,株式会社北秀,兵庫県,加古川市,志方町横大路１７７番地,6750332
8140001042697,株式会社イフプランニング,兵庫県,加古川市,平岡町新在家７１６番地の１４（東加古川ヤングビル２０３号）,6750101
8140001042706,株式会社京屋,兵庫県,加古川市,加古川町篠原町８７番地の９,6750065
8140001042714,協永電機株式会社,兵庫県,加古川市,加古川町美乃利４７２番地,6750062
8140001042722,窪田株式会社,兵庫県,加古川市,平荘町小畑７番地,6751235
8140001042730,株式会社クルーズ,兵庫県,加古川市,上荘町国包７７７番地の６,6751213
8140001042747,株式会社啓文堂印刷所,兵庫県,加古川市,加古川町粟津３０１番地の３,6750039
8140001042755,上月自動車株式会社,兵庫県,加古川市,野口町坂元６７番地の１,6750018
8140001042771,弘和ハウス株式会社,兵庫県,加古川市,平荘町山角２３４番２９,6751221
8140001042796,株式会社コフジ建設,兵庫県,加古川市,志方町原２６３番地の２,6750335
8140001042805,加古商事株式会社,兵庫県,加古川市,加古川町粟津３０９番地,6750039
8140001042813,加古土木測量設計株式会社,兵庫県,加古川市,加古川町粟津４９８番地,6750039
8140001042821,株式会社加古川自動車教習所,兵庫県,加古川市,山手１丁目１番１号,6750002
8140001042838,株式会社角乃家建設,兵庫県,加古川市,平荘町山角５１６番地の１,6751221
8140001042887,サンエム電機株式会社,兵庫県,加古川市,野口町北野３７番地の１,6750011
8140001042895,山陽実業株式会社,兵庫県,加古川市,野口町良野５８８番地の２,6750017
8140001042904,株式会社澤木商店,兵庫県,加古川市,加古川町平野４４８番地,6750063
8140001042912,株式会社ジェイエイエス,兵庫県,加古川市,加古川町溝之口７３３番地,6750064
8140001042920,株式会社ジーエムシー,兵庫県,加古川市,別府町新野辺北町３丁目６番地,6750121
8140001042937,株式会社静谷測量設計,兵庫県,加古川市,加古川町備後９０番地の１,6750032
8140001042945,株式会社ＳＩＣ,兵庫県,加古川市,加古川町備後３３５番地,6750032
8140001042953,サン工業株式会社,兵庫県,加古川市,上荘町小野字堂山３４９番１,6751218
8140001042961,株式会社サンコープランニング,兵庫県,加古川市,加古川町北在家２２４２番地,6750031
8140001042978,サンサンニツト株式会社,兵庫県,加古川市,西神吉町大国１４０番地,6750044
8140001042986,札馬砕石工業株式会社,兵庫県,加古川市,西神吉町宮前８２１番地の７４,6750041
8140001042994,株式会社サマン,兵庫県,加古川市,加古川町粟津７８４番地の１,6750039
8140001043002,正和資材株式会社,兵庫県,加古川市,加古川町稲屋５９９番地,6750034
8140001043010,株式会社住建,兵庫県,加古川市,平岡町新在家７１６番地の８東加古川ハイタウンＤ−１１４号,6750101
8140001043027,株式会社ジョブラン・ミヤナガ,兵庫県,加古川市,加古川町河原２８１番地の１,6750067
8140001043035,株式会社新和開発,兵庫県,加古川市,志方町岡１７０番地,6750311
8140001043043,株式会社スノーラ,兵庫県,加古川市,平岡町二俣９０５番地の８１,6750111
8140001043051,株式会社清家総合事務所,兵庫県,加古川市,別府町別府７３６番地の１２,6750122
8140001043068,株式会社創久住研,兵庫県,加古川市,平岡町一色東１丁目４３２番地の１,6750116
8140001043076,株式会社ソフトリーム,兵庫県,加古川市,平岡町新在家１１９２番地の２７７,6750101
8140001043092,大興ヂーゼル工業株式会社,兵庫県,加古川市,野口町坂元１１０番地,6750018
8140001043101,株式会社大黒自動車,兵庫県,加古川市,平岡町西谷１８１番地の８,6750102
8140001043118,大同住宅販売株式会社,兵庫県,加古川市,野口町良野１０７番地,6750017
8140001043126,太陽商事株式会社,兵庫県,加古川市,加古川町溝之口５１０番地の３１,6750064
8140001043134,株式会社フリースピン,兵庫県,加古川市,志方町志方町９１９番地の４,6750321
8140001043142,多木建材株式会社,兵庫県,加古川市,別府町緑町２番地,6750124
8140001043150,株式会社滝川製作所,兵庫県,加古川市,平岡町中野２１１番地の１,6750113
8140001043159,高橋電気株式会社,兵庫県,加古川市,加古川町大野９８９番地の３,6750061
8140001043167,株式会社高松商会,兵庫県,加古川市,別府町新野辺３２４２番地,6750131
8140001043175,株式会社ダスキンユニオン,兵庫県,加古川市,野口町坂元３２９番地の６０,6750018
8140001043183,株式会社タテワキモータース,兵庫県,加古川市,志方町上冨木２５７番地の１,6750314
8140001043191,田中電機水道株式会社,兵庫県,加古川市,加古川町寺家町２７番地の２,6750066
8140001043209,株式会社中井住建,兵庫県,加古川市,野口町北野４７番地の１,6750011
8140001043217,永田ビル株式会社,兵庫県,加古川市,加古川町北在家２００６番地,6750031
8140001043225,株式会社那智,兵庫県,加古川市,東神吉町神吉１４３９番地の１,6750057
8140001043233,株式会社西近畿乾,兵庫県,加古川市,野口町野口６８７番地の６７,6750012
8140001043241,株式会社日商,兵庫県,加古川市,平岡町二俣７５３番地の１,6750111
8140001043258,株式会社日輪電興,兵庫県,加古川市,野口町良野６３４番地の１,6750017
8140001043274,千代田繊維工業株式会社,兵庫県,加古川市,志方町永室２１９番地の１,6750347
8140001043290,株式会社圓陣,兵庫県,加古川市,尾上町今福４６２番地の１,6750027
8140001043299,株式会社統合経営,兵庫県,加古川市,加古川町北在家２２５５番地,6750031
8140001043308,株式会社東播清掃,兵庫県,加古川市,尾上町養田１４８６番地の１,6750025
8140001043316,都倉建設工業株式会社,兵庫県,加古川市,平荘町上原５１番地,6751224
8140001043324,トモエ繊維株式会社,兵庫県,加古川市,志方町永室１７０番地,6750347
8140001043332,播磨加工サービス株式会社,兵庫県,加古川市,志方町原８４５番地の３,6750335
8140001043349,株式会社播磨設計コンサルタント,兵庫県,加古川市,野口町良野１５８０番地,6750017
8140001043357,株式会社日岡商事,兵庫県,加古川市,野口町良野１５４８番地,6750017
8140001043365,株式会社久山商会,兵庫県,加古川市,平岡町土山５２３番地の２,6750104
8140001043373,株式会社三経オフィスサポート,兵庫県,加古川市,加古川町寺家町１５５番地の６,6750066
8140001043381,株式会社兵庫実業,兵庫県,加古川市,野口町野口１８番地の１,6750012
8140001043398,株式会社ネツレン・加古川,兵庫県,加古川市,上荘町都染字中川上７４５番,6751216
8140001043407,株式会社バァーリーミート,兵庫県,加古川市,志方町志方町５１７番地,6750321
8140001043415,株式会社長谷川土木,兵庫県,加古川市,志方町西牧２４６番地の１,6750331
8140001043423,播州瓦工業株式会社,兵庫県,加古川市,野口町坂元１２６番地の１１,6750018
8140001043431,ネクスト商事株式会社,兵庫県,加古川市,加古川町粟津８０５番地の３,6750039
8140001043448,ハナフサ産業株式会社,兵庫県,加古川市,八幡町中西条４１０番地,6751205
8140001043456,浜の宮産業株式会社,兵庫県,加古川市,尾上町池田１５６２番地の１,6750023
8140001043464,株式会社ハリソンホージヤリー,兵庫県,加古川市,平荘町小畑７番地,6751235
8140001043472,広株式会社,兵庫県,加古川市,志方町西中５００番地の１,6750346
8140001043480,ピロンシステム株式会社,兵庫県,加古川市,野口町二屋１０８番地の１,6750013
8140001043497,福萬電機工業株式会社,兵庫県,加古川市,八幡町下村５１番地,6751203
8140001043506,株式会社フジデン,兵庫県,加古川市,平岡町土山４１４番地の１,6750104
8140001043514,株式会社藤原,兵庫県,加古川市,尾上町口里７３６番地の７,6750022
8140001043530,株式会社船曳住宅,兵庫県,加古川市,八幡町宗佐１４６８番地の３,6751201
8140001043539,平成建設株式会社,兵庫県,加古川市,尾上町池田４０１番地,6750023
8140001043547,宝殿石油販売株式会社,兵庫県,加古川市,西神吉町岸９３番地の１,6750045
8140001043555,株式会社ほうらい電気,兵庫県,加古川市,平岡町中野６８４番地の６,6750113
8140001043563,本灘酒造株式会社,兵庫県,加古川市,野口町良野１７２番地の１,6750017
8140001043571,前川造園土木株式会社,兵庫県,加古川市,平荘町里５６２番地,6751232
8140001043596,松浦空調工業株式会社,兵庫県,加古川市,加古川町美乃利４７３番地の３,6750062
8140001043613,松本鉄工株式会社,兵庫県,加古川市,志方町横大路６４６番地,6750332
8140001043638,株式会社三木商店,兵庫県,加古川市,平岡町土山１１１０番地の２,6750104
8140001043654,株式会社ミヤコ,兵庫県,加古川市,加古川町篠原町１３番地の４,6750065
8140001043662,株式会社宮下組,兵庫県,加古川市,上荘町都染７１４番地の２,6751216
8140001043679,株式会社明姫食品,兵庫県,加古川市,別府町新野辺北町５丁目９８番地,6750121
8140001043687,明和工業株式会社,兵庫県,加古川市,平岡町二俣２７８番地,6750111
8140001043695,基電工株式会社,兵庫県,加古川市,加古川町北在家２２２７番地,6750031
8140001043712,安田塗装工業株式会社,兵庫県,加古川市,加古川町稲屋８８９番地の１０,6750034
8140001043720,山内印刷株式会社,兵庫県,加古川市,加古川町美乃利４０２番地の１,6750062
8140001043729,株式会社山田屋,兵庫県,加古川市,別府町新野辺１４２９番地の４２,6750131
8140001043737,株式会社ロイヤル,兵庫県,加古川市,米田町平津３１１番地サンスイプラザ１０５号,6750054
8140001043753,ユニオン精機株式会社,兵庫県,加古川市,平岡町山之上１７０番地,6750112
8140001043761,株式会社吉田工務店,兵庫県,加古川市,西神吉町岸５８５番地の３,6750045
8140001043778,株式会社ライトサービス,兵庫県,加古川市,平岡町西谷８３番地,6750102
8140001043786,株式会社陰山不動産鑑定,兵庫県,加古川市,野口町良野１１５番地の３,6750017
8140001043803,株式会社陵南,兵庫県,加古川市,加古川町中津５６６番地の１,6750068
8140001044041,株式会社大幸ホーム開発,兵庫県,加古川市,尾上町安田６５０番地の３,6750021
8140001044140,長峰工業株式会社,兵庫県,加古川市,尾上町池田６４３番地の４,6750023
8140001044339,株式会社かとう住研,兵庫県,加古川市,平岡町新在家１３７２番地の２１,6750101
8140001044355,株式会社コマツ,兵庫県,加古川市,野口町野口１１９番地の２４,6750012
8140001044537,株式会社古田建築設計事務所,兵庫県,加古川市,平岡町新在家１１９２番地の４４,6750101
8140001044644,株式会社明希,兵庫県,加古川市,八幡町野村字蟹草６１６番地４４,6751202
8140001044669,株式会社林田組,兵庫県,加古川市,東神吉町天下原１４５番地の２０,6750058
8140001044677,但陽ビジネスサービス株式会社,兵庫県,加古川市,加古川町平野３６７番地,6750063
8140001044693,中恒テック株式会社,兵庫県,加古川市,別府町新野辺３１０７番地,6750131
8140001044735,日本フーズ株式会社,兵庫県,加古川市,米田町平津４７４番地の１,6750054
8140001044751,株式会社藤本事務所,兵庫県,加古川市,尾上町長田２５５−３,6750024
8140001044776,株式会社スプレム,兵庫県,加古川市,米田町平津３９２番地６０,6750054
8140001044784,株式会社ツヅキ産商,兵庫県,加古川市,加古川町本町１８１番地の５,6750037
8140001044826,創栄工業株式会社,兵庫県,加古川市,山手３丁目２８番９号,6750002
8140001044990,株式会社サイワハウス,兵庫県,加古川市,別府町別府９１６番地の１,6750122
8140001045064,株式会社和香葉,兵庫県,加古川市,米田町平津３１５番地の１,6750054
8140001045188,ハリマペーパーテック株式会社,兵庫県,加古川市,別府町西脇２丁目３４番地,6750125
8140001045262,株式会社ジェイ・シー・エヌ,兵庫県,加古川市,加古川町木村１番７号,6750038
8140001045287,日本フィールドサービス株式会社,兵庫県,加古川市,西神吉町鼎８４８,6750047
8140001045295,株式会社ミッション２１,兵庫県,加古川市,加古川町河原３４２番地の５,6750067
8140001045304,株式会社エフアンドシー,兵庫県,加古川市,平岡町新在家３丁目２８９番地の８,6750101
8140001045312,株式会社諏訪設計,兵庫県,加古川市,野口町水足１９２６番地の３,6750019
8140001045329,丸一住宅株式会社,兵庫県,加古川市,平荘町山角２３４番地の２９,6751221
8140001045337,株式会社エレクトリックシップ,兵庫県,加古川市,平岡町二俣７６２番地の１０,6750111
8140001045361,株式会社井上電気,兵庫県,加古川市,別府町本町２丁目８８番地,6750126
8140001045378,ロイヤル自動車販売株式会社,兵庫県,加古川市,志方町高畑２４４番地の２,6750304
8140001045403,ナチュラル・ファイブ株式会社,兵庫県,加古川市,別府町東町２５番地の１,6750135
8140001045411,Ｓｔｕｄｉｏ花言葉株式会社,兵庫県,加古川市,尾上町長田５１７−８１,6750024
8140001045428,株式会社シン,兵庫県,加古川市,野口町北野１３２１番地の１,6750011
8140001045436,株式会社東殖,兵庫県,加古川市,東神吉町神吉６５１番地の１９６,6750057
8140001045444,株式会社久保電器,兵庫県,加古川市,東神吉町出河原２４６番地の１９,6750052
8140001045452,株式会社豊國,兵庫県,加古川市,野口町北野１２９４番地の４,6750011
8140001045460,株式会社明石家ガード,兵庫県,加古川市,加古川町大野１１５２,6750061
8140001045469,ケーズ・ライフ株式会社,兵庫県,加古川市,尾上町池田１５５番地の７,6750023
8140001045477,株式会社Ａｂｉｋｉ,兵庫県,加古川市,野口町水足９３２番地４,6750019
8140001045493,株式会社アイ．ティ．テック,兵庫県,加古川市,加古川町中津８４５番地の８,6750068
8140001045519,株式会社Ｋ・Ｈ工業,兵庫県,加古川市,別府町新野辺１９３番地の１,6750131
8140001045527,株式会社ジョイコンサルティング,兵庫県,加古川市,野口町良野７０１番地の１,6750017
8140001045568,株式会社マート商会,兵庫県,加古川市,野口町長砂字村前３０３番２,6750016
8140001045576,株式会社竹内工作所,兵庫県,加古川市,平岡町高畑６２１番地の５,6750103
8140001045584,株式会社ライフ・アフラント,兵庫県,加古川市,尾上町池田１５１５番地の２１,6750023
8140001045592,播磨エンジニアリング株式会社,兵庫県,加古川市,別府町別府５３０番地の４,6750122
8140001045659,株式会社慎鉄工業,兵庫県,加古川市,加古川町西河原３６番地の３グランプレステージ加古川ＩＩＩ−２１５号,6750036
8140001045667,株式会社サンイーグル,兵庫県,加古川市,加古川町稲屋１７０番地の７,6750034
8140001045683,ナカタ工業株式会社,兵庫県,加古川市,尾上町養田１９１番地の２１,6750025
8140001045709,株式会社ヤマシゲ,兵庫県,加古川市,別府町新野辺２２５１番地,6750131
8140001045733,株式会社登製作所,兵庫県,加古川市,野口町良野２３５番地の１１,6750017
8140001045766,株式会社佐野商店,兵庫県,加古川市,尾上町今福５８８−２,6750027
8140001045799,株式会社日鉄リフォーム,兵庫県,加古川市,別府町新野辺北町５丁目１０８番地の３,6750121
8140001045816,株式会社コーシン,兵庫県,加古川市,加古川町寺家町６２番地の７−９０４,6750066
8140001045857,株式会社久遠,兵庫県,加古川市,八幡町宗佐１０２８番地の１,6751201
8140001045865,株式会社森下興産,兵庫県,加古川市,平岡町新在家１丁目２６３番地の５,6750101
8140001045898,株式会社プリズム,兵庫県,加古川市,加古川町中津４４３番地の４,6750068
8140001045907,アァートヒル殖産株式会社,兵庫県,加古川市,野口町良野５８番地の１,6750017
8140001045931,株式会社京都ロジテック,兵庫県,加古川市,尾上町池田１６４６番地２,6750023
8140001045948,株式会社ヒデテクノ,兵庫県,加古川市,尾上町口里４９２番地の１の３０５号,6750022
8140001045964,株式会社さくら設備,兵庫県,加古川市,平岡町一色西１丁目３５番地,6750117
8140001045980,株式会社リタニアルバイオサイエンス,兵庫県,加古川市,別府町新野辺北町２丁目２６番地,6750121
8140001045989,エフ・アルク株式会社,兵庫県,加古川市,野口町北野１３４番地の１４,6750011
8140001046005,株式会社エフコック,兵庫県,加古川市,志方町横大路１４５番地１,6750332
8140001046013,株式会社ティアイエス,兵庫県,加古川市,野口町野口１３−１,6750012
8140001046021,株式会社みなと住建,兵庫県,加古川市,平岡町中野８００番地の８,6750113
8140001046038,株式会社朝日環境,兵庫県,加古川市,加古川町大野９２番地ハイツＫ２０１,6750061
8140001046046,株式会社マザーテーブル,兵庫県,加古川市,平岡町高畑５２０番１８号,6750103
8140001046062,松岡建築株式会社,兵庫県,加古川市,加古川町稲屋９７１番地の６９,6750034
8140001046070,株式会社エネルギーステーション,兵庫県,加古川市,加古川町篠原町１６８番地の８,6750065
8140001046079,アロー株式会社,兵庫県,加古川市,加古川町稲屋９９５番地の２,6750034
8140001046087,株式会社Ｈｅａｒｔ　ｄｅ　Ｍｏｔｔｏ,兵庫県,加古川市,平荘町西山２６１番地の３,6751234
8140001046112,株式会社ミサキ・ホーム,兵庫県,加古川市,平岡町新在家２丁目２６８番地の１,6750101
8140001046129,株式会社マキト廣樹園土木,兵庫県,加古川市,野口町二屋２０８番地の１２,6750013
8140001046161,株式会社みらい,兵庫県,加古川市,加古川町本町４６５番地,6750037
8140001046178,株式会社れんばい,兵庫県,加古川市,加古川町寺家町１６番地,6750066
8140001046186,株式会社レストランドリーム,兵庫県,加古川市,西神吉町鼎７０５番地の１,6750047
8140001046194,株式会社ジェイエルサービス,兵庫県,加古川市,尾上町養田１４９７の３,6750025
8140001046203,株式会社ＡＬＣ,兵庫県,加古川市,野口町北野１２８９番地の２,6750011
8140001046252,政岡工業株式会社,兵庫県,加古川市,志方町横大路１５４番地の１,6750332
8140001046260,株式会社ジャニス,兵庫県,加古川市,平岡町新在家２丁目２６６番１７−３１０,6750101
8140001046269,株式会社ｂｕｄ,兵庫県,加古川市,上荘町小野７１２番地の２０,6751218
8140001046285,株式会社寿産業,兵庫県,加古川市,野口町野口１−１５,6750012
8140001046302,株式会社エコプラスワン,兵庫県,加古川市,野口町水足２４５番地の１,6750019
8140001046335,株式会社外林ウエルネスサポート,兵庫県,加古川市,東神吉町神吉７０８番地の４,6750057
8140001046384,株式会社テイクケア,兵庫県,加古川市,平岡町新在家１５７３番地の１,6750101
8140001046418,株式会社高砂機型,兵庫県,加古川市,加古川町稲屋４８１番地の４,6750034
8140001046434,株式会社しげ真,兵庫県,加古川市,野口町長砂３７７番地の６,6750016
8140001046450,株式会社コトワクルーズ,兵庫県,加古川市,野口町良野２４２−１９,6750017
8140001046459,日清メタリックス株式会社,兵庫県,加古川市,尾上町養田２５５番地の４,6750025
8140001046467,株式会社柳田,兵庫県,加古川市,八幡町野村５８１番地の７、５８１番地の８,6751202
8140001047192,株式会社シンキング,兵庫県,加古川市,東神吉町神吉８２３−２５３,6750057
8140001050221,特殊電極株式会社,兵庫県,加古川市,平岡町土山８９９番地の５,6750104
8140001057191,株式会社ＤＯＴカンパニー,兵庫県,加古川市,八幡町上西条９９２番地,6751204
8140001057299,株式会社市岡,兵庫県,加古川市,加古川町本町８６番地の１０,6750037
8140001058033,株式会社エムエーサービス,兵庫県,加古川市,加古川町篠原町２１番地の８,6750065
8140001064403,株式会社エス・エス,兵庫県,加古川市,尾上町安田２８９番地１,6750021
8140001065814,株式会社ドゥープ,兵庫県,加古川市,加古川町大野７２５−１,6750061
8140001066234,Ｇ・タイム株式会社,兵庫県,加古川市,尾上町安田６７０番地の５,6750021
8140001067364,株式会社ビッグ,兵庫県,加古川市,加古川町木村７５番地の１,6750038
8140001067661,Ｊサービス株式会社,兵庫県,加古川市,尾上町池田７６９番地の１,6750023
8140001076159,鴨川産業株式会社,兵庫県,加古川市,加古川町寺家町２４４番地の４１,6750066
8140001077792,株式会社ライフサポート上田,兵庫県,加古川市,平岡町高畑１４６番地の３,6750103
8140001086455,株式会社コウキ,兵庫県,加古川市,別府町宮田町５０−１,6750132
8140001086546,プルーフ株式会社,兵庫県,加古川市,加古川町平野３１番地の８,6750063
8140001086769,株式会社みまもりジャパン,兵庫県,加古川市,志方町山中１１０番地の２,6750336
8140001087296,株式会社ウェブクック,兵庫県,加古川市,平岡町山之上６８４番地の９２,6750112
8140001087924,千春開発株式会社,兵庫県,加古川市,尾上町旭２丁目７７番地,6750026
8140001088063,株式会社ＰＦ　Ｊａｐａｎ,兵庫県,加古川市,加古川町稲屋１０７６番地の６,6750034
8140001088146,株式会社ウィンサポート,兵庫県,加古川市,平岡町高畑２１３番地４,6750103
8140001088559,株式会社ケイエスアール,兵庫県,加古川市,野口町良野６１１番地の２,6750017
8140001088963,縁美株式会社,兵庫県,加古川市,加古川町平野３３３番地ミキハウス１０１,6750063
8140001089482,株式会社ヤマト電設,兵庫県,加古川市,平岡町高畑６３８番地の１９,6750103
8140001089508,株式会社Ｐｌｕｓ・Ｆ,兵庫県,加古川市,野口町長砂８５７番地の１,6750016
8140001092552,株式会社東洋バー,兵庫県,加古川市,加古川町平野１８５番地の１,6750063
8140001092908,株式会社アクアクララユニオン,兵庫県,加古川市,野口町坂元３２９番地の６０,6750018
8140001093179,株式会社吉祥,兵庫県,加古川市,加古川町北在家２２０６番地,6750031
8140001093724,株式会社創伸,兵庫県,加古川市,米田町船頭５１４番地の３２,6750053
8140001095349,株式会社Ｇｒｏｗｔｈ,兵庫県,加古川市,平岡町新在家２丁目２７０番地の９,6750101
8140001095753,株式会社ＫＡＩＳＥＩ,兵庫県,加古川市,平岡町一色１７番地１,6750115
8140001096495,株式会社ＬＥＡＤ,兵庫県,加古川市,平荘町池尻３０４番地,6751233
8140001096504,株式会社凛,兵庫県,加古川市,尾上町養田１３７２番２,6750025
8140001097361,株式会社タカフジ,兵庫県,加古川市,別府町新野辺２８２７,6750131
8140001097469,株式会社エムズ,兵庫県,加古川市,加古川町木村８１番地の７,6750038
8140001097741,株式会社加古川トータルサービス,兵庫県,加古川市,別府町別府９７４番地４,6750122
8140001097799,株式会社イナバ工業,兵庫県,加古川市,新神野２丁目１３番２０号,6750008
8140001097816,株式会社わっしょい,兵庫県,加古川市,野口町二屋３４８,6750013
8140001097898,株式会社永光設備,兵庫県,加古川市,加古川町粟津１４５番地の１１,6750039
8140001097997,株式会社クロスオーバー,兵庫県,加古川市,米田町平津７３２番地の１１５,6750054
8140001099333,株式会社聖和デンタル,兵庫県,加古川市,別府町新野辺３１５０番地クラフトビル３０３号,6750131
8140001099366,株式会社メディカルケア,兵庫県,加古川市,加古川町稲屋１２６番地,6750034
8140001099580,株式会社ＮＰＣプラント,兵庫県,加古川市,尾上町口里４８１−１,6750022
8140001100001,株式会社Ｒａｐｐｏｒｔ,兵庫県,加古川市,加古川町寺家町４５加古川産業会館ＪＡビル,6750066
8140001100422,株式会社ＳＢＴ,兵庫県,加古川市,野口町長砂１０２３番地の３,6750016
8140001101016,株式会社パシオネ,兵庫県,加古川市,尾上町安田１９９番地１,6750021
8140001101354,株式会社創建社,兵庫県,加古川市,志方町野尻７８７−１,6750302
8140001102055,株式会社オッグ,兵庫県,加古川市,尾上町養田２丁目５７番地の１,6750025
8140001102360,株式会社明幸,兵庫県,加古川市,尾上町池田字池田開拓１８０３番２,6750023
8140001103631,株式会社山脇電機,兵庫県,加古川市,西神吉町西村３９１番地の５,6750042
8140001103895,株式会社ブランニューワン,兵庫県,加古川市,東神吉町神吉８８４−１,6750057
8140001104464,株式会社アリアソニト,兵庫県,加古川市,加古川町大野１３４２,6750061
8140001104497,株式会社サブジェクト工業,兵庫県,加古川市,志方町横大路５８番地の１,6750332
8140001104737,株式会社モピルン,兵庫県,加古川市,平岡町新在家１７４５番地の５５,6750101
8140001104951,株式会社ティーエヌエム,兵庫県,加古川市,加古川町大野９７０番地の３,6750061
8140001105537,株式会社ＳＫプラント,兵庫県,加古川市,志方町上冨木４７０番地の３,6750314
8140001105743,株式会社ＳＥＩＫＯ,兵庫県,加古川市,尾上町池田２８３番地の１,6750023
8140001105891,株式会社クリエイトセブン,兵庫県,加古川市,上荘町都染４５３番地,6751216
8140001106163,アジア貿易株式会社,兵庫県,加古川市,志方町投松１７３番地の４,6750313
8140001106493,株式会社ピーエスアール,兵庫県,加古川市,志方町大宗３２１番地の１,6750305
8140001106551,ライフチャンネル株式会社,兵庫県,加古川市,加古川町中津２５３番地の８,6750068
8140001106642,株式会社エル,兵庫県,加古川市,加古川町溝之口６１８番地,6750064
8140001107698,株式会社メディカルアシスト,兵庫県,加古川市,八幡町下村１４８５番地の１,6751203
8140001108829,株式会社結,兵庫県,加古川市,平岡町新在家１４６８−３,6750101
8140001109224,株式会社ＫＯＵＫＥＮ,兵庫県,加古川市,加古川町美乃利１６２番地の１,6750062
8140001109257,株式会社コモンライン,兵庫県,加古川市,加古川町溝之口３３番地の７,6750064
8140001109579,株式会社ＯＦＦＩＣＥ　Ｃａｒ−ＤＯ,兵庫県,加古川市,加古川町稲屋６５３番地の２,6750034
8140001109587,株式会社ＨＡＩＲ　ＤＥＳＩＧＮ　ＺＥＲＯ,兵庫県,加古川市,別府町新野辺２１４２番地,6750131
8140001109604,Ａ＆Ｎ株式会社,兵庫県,加古川市,加古川町備後２３６番地の１,6750032
8140001110355,株式会社ブックワン加古川,兵庫県,加古川市,尾上町安田４６１番地の１,6750021
8140001110594,ネオトライ株式会社,兵庫県,加古川市,加古川町稲屋４０９番地の３,6750034
8140001111312,株式会社ホーネスト,兵庫県,加古川市,加古川町平野２４番地の１加古川グリーンシティＥ−１２０２号,6750063
8140001111576,フジ加工株式会社,兵庫県,加古川市,西神吉町大国１４０番地の１,6750044
8140001111700,ドリームエコチェーン株式会社,兵庫県,加古川市,加古川町粟津１０６０番地,6750039
8140001111808,ワールドカーズオートモービル株式会社,兵庫県,加古川市,野口町北野１２３８番地の１１,6750011
8140001112005,松岡建設株式会社,兵庫県,加古川市,野口町良野１５２４アーク平野Ａ−６,6750017
8140001112013,栗理婆株式会社,兵庫県,加古川市,上荘町小野７２４番地の１１,6751218
8140001112442,株式会社ＯＤＳ,兵庫県,加古川市,東神吉町神吉１７７８番地の１の３,6750057
8140001112483,株式会社Ｏｎｅ−Ｐｌａｎ　Ｉｎｃ,兵庫県,加古川市,平岡町山之上６６１番１号,6750112
8140001112681,通用資源株式会社,兵庫県,加古川市,八幡町野村８０７−４,6751202
8140001112979,株式会社ＲＡＩＭＵ,兵庫県,加古川市,加古川町溝之口１７６番地の１,6750064
8140001113242,ｐａｄｄｙ　ｆｉｅｌｄ株式会社,兵庫県,加古川市,平荘町山角４４７,6751221
8140001113309,株式会社倉,兵庫県,加古川市,東神吉町升田９６５−１,6750051
8140001113597,株式会社廣瀬建設工業,兵庫県,加古川市,神野町石守５５番地,6750005
8140001113713,ジョイスリー株式会社,兵庫県,加古川市,平岡町新在家２丁目２７３番地の２モリタトレードビル４Ｆ,6750101
8140001114637,株式会社ねこの手ラボ,兵庫県,加古川市,加古川町北在家２５６６番地の２０２,6750031
8140001114686,フロントリバー株式会社,兵庫県,加古川市,野口町良野１５０６番地,6750017
8140001114711,ＫＳ・クリエイト株式会社,兵庫県,加古川市,平岡町一色西２丁目９７番１,6750117
8140001115008,Ｈａｒｉｍａ　Ｅｎｔｅｒｐｒｉｓｅ株式会社,兵庫県,加古川市,尾上町養田１５７５番地,6750025
8140001115387,株式会社ＩｍｐａｃｔＢｉｚＣｏｒｐｏｒａｔｉｏｎ,兵庫県,加古川市,加古川町溝之口１５７番地の１,6750064
8140001115486,株式会社曉,兵庫県,加古川市,志方町志方町１６６１番地の２０,6750321
8140001115577,株式会社咲良,兵庫県,加古川市,平岡町高畑５８７番地の５,6750103
8140001115602,株式会社わらびもち,兵庫県,加古川市,平岡町一色西２丁目３７３−３,6750117
8140001116435,株式会社サクラ,兵庫県,加古川市,加古川町篠原町２１−８カピル２１ヤマトヤシキ２Ｆ,6750065
8140001116501,株式会社ＴＫ−ＴＥＣ,兵庫県,加古川市,尾上町安田５６３番地の８,6750021
8140001116518,株式会社永進フレックス,兵庫県,加古川市,東神吉町神吉８３番地,6750057
8140001117094,株式会社Ｙ−ｃｏｎｎｅｃｔ,兵庫県,加古川市,野口町長砂１２７０番地の２,6750016
8140001117326,Ｎｅｗ　Ｌｉｆｅ株式会社,兵庫県,加古川市,加古川町西河原１６６−１１,6750036
8140001117482,株式会社藤原建設,兵庫県,加古川市,志方町東飯坂３９６番地の１,6750344
8140001117615,株式会社三村電気工業,兵庫県,加古川市,西神吉町大国７１４番地,6750044
8140001118027,東播ＢＬＡＳＴ株式会社,兵庫県,加古川市,尾上町養田１３９８番地の３,6750025
8140001118233,株式会社たじまじ,兵庫県,加古川市,平岡町高畑４９０−１,6750103
8140001118613,株式会社たかみくらファーム,兵庫県,加古川市,志方町横大路３８１番地の１,6750332
8140001119891,株式会社Ｊ＆Ｗ,兵庫県,加古川市,加古川町寺家町３５２−４−２階,6750066
8140001120503,キョーシンテクノ株式会社,兵庫県,加古川市,野口町長砂１３４８番地の７,6750016
8140001120528,播州美術株式会社,兵庫県,加古川市,野口町北野１２６１番地の５６,6750011
8140001121105,株式会社ヘルスギルド,兵庫県,加古川市,野口町古大内９５番地の１１,6750014
8140001122012,株式会社アンプラントカゴタニ,兵庫県,加古川市,加古川町寺家町６０６番地,6750066
8140001122210,株式会社堀河塗装,兵庫県,加古川市,尾上町長田５２８番地の１０８,6750024
8140001122631,株式会社ＰｏｉｓｏｎＧａｍｅｓ,兵庫県,加古川市,尾上町池田６２４番地の１０５,6750023
8140001122672,株式会社薩真建装,兵庫県,加古川市,西神吉町鼎１４９−２,6750047
8140001122796,株式会社コントレイル,兵庫県,加古川市,野口町良野６０番地の２０,6750017
8140001122953,株式会社パルプンテ,兵庫県,加古川市,野口町北野１２１０番地の２３,6750011
8140001123002,株式会社ＰｏｓｔＦｅｅｄ,兵庫県,加古川市,平岡町二俣６５９番地の７リアラス東加古川６０２,6750111
8140001123927,株式会社Ｇｒａｃｅ,兵庫県,加古川市,野口町良野１５４７番地,6750017
8140001123943,トータルロジスティック関西株式会社,兵庫県,加古川市,加古川町稲屋９７１番地の３５,6750034
8140001123984,智世興産株式会社,兵庫県,加古川市,平岡町土山１２１６番地１,6750104
8140001124108,株式会社吉永定成,兵庫県,加古川市,尾上町今福３５１番地,6750027
8140001124669,株式会社コマガワ開発,兵庫県,加古川市,米田町平津３２５番地３,6750054
8140001124735,株式会社ＮＡＫＡＳＨＩＭＡ,兵庫県,加古川市,別府町石町２２番地の１,6750127
8140001125469,株式会社ＩＷＳＫ,兵庫県,加古川市,平岡町新在家２１９９番地の２９,6750101
8140001125972,株式会社Ｍｅｉｋｉ　Ｈｏｕｓｉｎｇ,兵庫県,加古川市,別府町朝日町６５番２,6750123
8140001126244,株式会社Ｋ‐ＴＥＣ,兵庫県,加古川市,尾上町養田１２４２番地の１５松本ハイツ東１０２号,6750025
8140001126475,株式会社フジテック,兵庫県,加古川市,別府町新野辺北町１丁目５０番地の２,6750121
8140001126731,ＳＥＫＩＹＡＭＡサービス株式会社,兵庫県,加古川市,志方町投松４２１番地１,6750313
8140001126764,エイチタスシー株式会社,兵庫県,加古川市,野口町水足９３番地,6750019
8140001127011,シュレーダー商会株式会社,兵庫県,加古川市,加古川町友沢２３５番地の５,6750035
8140001127325,井上建築株式会社,兵庫県,加古川市,加古川町粟津４７１番地の１,6750039
8140001127928,ＢＥ　ＫＩＮＤ　ＨＯＬＤＩＮＧＳ株式会社,兵庫県,加古川市,尾上町養田１４９７の３,6750025
8140001127993,ａｍｉｃｉｓ株式会社,兵庫県,加古川市,加古川町寺家町４０番地２６,6750066
8140001128364,株式会社ヴィーヴォ,兵庫県,加古川市,加古川町溝之口１２４番地の１０,6750064
8140001128620,株式会社Ｐｅａ　Ｂｅｒｒｙ,兵庫県,加古川市,平岡町土山６０番地の２リベール土山Ｉ−３１１号,6750104
8140001128793,株式会社マックスボディサポート,兵庫県,加古川市,上荘町薬栗２８７番地の３,6751217
8140001128901,株式会社ＴＭＢコーポレーション,兵庫県,加古川市,加古川町中津２３７番地の８,6750068
8140001130007,株式会社新井工房,兵庫県,加古川市,志方町志方町６６６番地の１,6750321
8140001130089,株式会社令和ケミカル,兵庫県,加古川市,尾上町口里６２２番地の５,6750022
8140001130196,株式会社ＥＣＬＡＴ,兵庫県,加古川市,野口町二屋３３６番地の１,6750013
8140001130766,オーティ株式会社ＴＯＧＥ,兵庫県,加古川市,野口町水足１２５６番地,6750019
8140001131005,美建塗装株式会社,兵庫県,加古川市,加古川町粟津４３７−１−１階,6750039
8140001131285,株式会社高山工業,兵庫県,加古川市,米田町平津５９２番地の２,6750054
8140001131599,株式会社Ｒｕｎｉｔ,兵庫県,加古川市,東神吉町神吉１４９８−１,6750057
8140001131806,株式会社ＡＡＹＵＳＨＭＡ,兵庫県,加古川市,加古川町溝之口６５番地の３,6750064
8140001131938,株式会社ａ‐ＰＲＯＤＵＣＴ,兵庫県,加古川市,東神吉町西井ノ口１１７番地の６,6750055
8140001132366,株式会社Ｆｏｒｅｓｔ　ｐｌｕｓ,兵庫県,加古川市,志方町志方町１７５４番地の１,6750321
8140001132531,株式会社プレシャス,兵庫県,加古川市,加古川町寺家町２４４番地の４５,6750066
8140001132647,ＩＮＵＩ　ＨＯＬＤＩＮＧＳ株式会社,兵庫県,加古川市,野口町二屋２番地の１,6750013
8140001134932,おおきに株式会社,兵庫県,加古川市,平荘町里５２０番地の２,6751232
8140001135682,えごま農園株式会社,兵庫県,加古川市,平岡町新在家２３８９番地,6750101
8140001135831,株式会社ＢＲＡＶＥ,兵庫県,加古川市,尾上町池田１７２６番地の１,6750023
8140001135872,株式会社ｆｉｒｓｔ,兵庫県,加古川市,平岡町高畑４５１番地４,6750103
8140001136623,株式会社ホームメイク,兵庫県,加古川市,西神吉町岸５８−１サンレジデンス１−１０２,6750045
8140001137092,株式会社ダンデライオンブラザーズ,兵庫県,加古川市,加古川町寺家町１６５番地プランドール加古川寺家町１Ｆ,6750066
8140001138306,株式会社ナインスハウス,兵庫県,加古川市,尾上町池田６４２番地播磨第二ビル２Ｆ,6750023
8140001138545,株式会社ＩＳＡＣＫ,兵庫県,加古川市,加古川町大野６４２番地の１,6750061
8140001139931,真正電工株式会社,兵庫県,加古川市,尾上町池田４３６番地の２,6750023
8140001140427,株式会社ＴＭＫグローバルフーズ,兵庫県,加古川市,加古川町寺家町３３２−１エスビル２Ｆ,6750066
8140001140988,株式会社佐伯,兵庫県,加古川市,加古川町稲屋２７９番地の６,6750034
8140001141152,株式会社Ｓａｎｋｏ　Ｒｏｂｏｔｉｃｓ,兵庫県,加古川市,加古川町南備後１４９番地の３１,6750033
8140002034082,株式会社Ｄ・Ｓあさひ加古川,兵庫県,加古川市,加古川町粟津７１０番地の３,6750039
8140002035543,株式会社加古川農産センター,兵庫県,加古川市,野口町長砂７０７番地,6750016
8140002035824,株式会社榊工機,兵庫県,加古川市,東神吉町升田７６７番地の４,6750051
8140002035873,三洋プロジェクトホールディングス株式会社,兵庫県,加古川市,加古川町北在家２６４６番地,6750031
8140002036038,株式会社ゼンニチ,兵庫県,加古川市,野口町野口６８７番地の７０,6750012
8140002036401,株式会社ビリーブ,兵庫県,加古川市,志方町志方町７４２番地１,6750321
8140002036657,株式会社ホームネット,兵庫県,加古川市,別府町石町７４番地の３,6750127
8140002038224,ワールドライン株式会社,兵庫県,加古川市,志方町上冨木７９２−１,6750314
8290001087579,オーブ株式会社,兵庫県,加古川市,東神吉町神吉９６５番地の５,6750057
9010001092416,株式会社ワンピース,兵庫県,加古川市,尾上町安田４４３番地の１,6750021
9011801035786,ＣＡＭＥＬ株式会社,兵庫県,加古川市,上荘町国包７０４番５号,6751213
9060001023135,株式会社シンエイ,兵庫県,加古川市,野口町良野１８８番地の７,6750017
9120001174475,株式会社未来創研,兵庫県,加古川市,尾上町長田１３６番地の３,6750024
9120001185051,株式会社ジェムネット,兵庫県,加古川市,志方町原１０４９番地の１,6750335
9122001035269,株式会社永銘商事,兵庫県,加古川市,加古川町稲屋１０８３番地の８,6750034
9140001001784,株式会社スオウ,兵庫県,加古川市,別府町西町２２番地,6750133
9140001008078,三輪貨物自動車株式会社,兵庫県,加古川市,尾上町池田２２１７番地の２,6750023
9140001024298,株式会社ヒラセツ,兵庫県,加古川市,志方町志方町１６３４番地３,6750321
9140001031930,コンプライド株式会社,兵庫県,加古川市,尾上町安田１０６番地の２２,6750021
9140001037878,株式会社ＭＳＣ,兵庫県,加古川市,別府町別府５８０番地の１,6750122
9140001038091,ウエスト・プラス株式会社,兵庫県,加古川市,別府町新野辺北町２丁目２６番,6750121
9140001042424,株式会社青山商店,兵庫県,加古川市,志方町志方町４３２番地の２,6750321
9140001042432,株式会社秋田木材,兵庫県,加古川市,八幡町宗佐３２０番地,6751201
9140001042440,株式会社アステック,兵庫県,加古川市,加古川町寺家町５４番地の２,6750066
9140001042449,株式会社旭産業社,兵庫県,加古川市,加古川町木村３０１番地の２,6750038
9140001042457,歩信栄建設株式会社,兵庫県,加古川市,野口町水足１９５６番地の１,6750019
9140001042465,株式会社アルファ,兵庫県,加古川市,志方町上冨木５１２番地の６,6750314
9140001042481,株式会社泉興産,兵庫県,加古川市,野口町長砂１２８７番地,6750016
9140001042515,株式会社うを市寅峰,兵庫県,加古川市,野口町良野２４２番地の８,6750017
9140001042523,上野技術サービス株式会社,兵庫県,加古川市,加古川町粟津２６２番地の５,6750039
9140001042548,大村産業株式会社,兵庫県,加古川市,加古川町溝之口４１０番地の１,6750064
9140001042556,尾上産業株式会社,兵庫県,加古川市,尾上町養田１５７７番地,6750025
9140001042580,加古川交通株式会社,兵庫県,加古川市,加古川町本町２６番地の１,6750037
9140001042597,株式会社加川,兵庫県,加古川市,加古川町河原４６８番地の６,6750067
9140001042606,株式会社エスカコーポレーション,兵庫県,加古川市,野口町長砂６２９番地の８,6750016
9140001042630,株式会社オー・エス・コーポレーション,兵庫県,加古川市,平岡町山之上２２９番地の１,6750112
9140001042639,株式会社大路ホーム,兵庫県,加古川市,尾上町今福４１５番地の７,6750027
9140001042647,大西石油株式会社,兵庫県,加古川市,平岡町二俣６８７番地の１,6750111
9140001042655,大森商事株式会社,兵庫県,加古川市,西神吉町宮前６２４番地,6750041
9140001042663,株式会社オクダ楽器店,兵庫県,加古川市,加古川町篠原町１４番地の３,6750065
9140001042671,キンキ産業株式会社,兵庫県,加古川市,志方町上冨木６５７番地の３,6750314
9140001042705,協同液化石油ガス株式会社,兵庫県,加古川市,加古川町粟津８０５番地の３,6750039
9140001042713,株式会社共栄清掃,兵庫県,加古川市,平岡町西谷１７５番地の４,6750102
9140001042721,国広木工株式会社,兵庫県,加古川市,上荘町国包１０４番地,6751213
9140001042738,栗山塗料工業株式会社,兵庫県,加古川市,平岡町土山字手先１１３８番の３,6750104
9140001042746,京阪実業株式会社,兵庫県,加古川市,加古川町溝之口５１０番地の３１,6750064
9140001042754,株式会社無添加ライフ,兵庫県,加古川市,野口町北野１２１７番地の３,6750011
9140001042762,株式会社神戸非破壊検査,兵庫県,加古川市,野口町北野６９２番地の１,6750011
9140001042770,弘和建設株式会社,兵庫県,加古川市,上荘町見土呂１０７番地,6751214
9140001042779,株式会社コスモライフ,兵庫県,加古川市,加古川町備後３５８番地の１,6750032
9140001042787,株式会社伍大,兵庫県,加古川市,平岡町新在家１７３７番地の１,6750101
9140001042804,株式会社加古川美津和電器商会,兵庫県,加古川市,平岡町新在家２丁目２７４番地の１４,6750101
9140001042812,株式会社カゴタニ園芸,兵庫県,加古川市,加古川町粟津２５３番地の９,6750039
9140001042820,加古川水産株式会社,兵庫県,加古川市,尾上町長田１１１番地,6750024
9140001042829,株式会社関西電機工業所,兵庫県,加古川市,神野町福留９３８番地,6750004
9140001042845,株式会社金川精米所,兵庫県,加古川市,加古川町粟津３８９番地,6750039
9140001042853,株式会社神木,兵庫県,加古川市,平荘町山角１９３番地,6751221
9140001042861,川種建設株式会社,兵庫県,加古川市,尾上町養田６３２番地の１,6750025
9140001042878,株式会社小山土木測量事務所,兵庫県,加古川市,加古川町木村６８９番地,6750038
9140001042886,齊藤設備工業株式会社,兵庫県,加古川市,八幡町宗佐６６番地の１,6751201
9140001042894,株式会社サンヨーエクステリア,兵庫県,加古川市,加古川町美乃利５７３番地の１,6750062
9140001042903,三和建設株式会社,兵庫県,加古川市,西神吉町岸１４３番地の２,6750045
9140001042911,株式会社三和鈑金製作所,兵庫県,加古川市,別府町西脇字皆作７５番地,6750125
9140001042928,ＭＴ食品株式会社,兵庫県,加古川市,志方町志方町４４５番地,6750321
9140001042936,システムフーズ株式会社,兵庫県,加古川市,東神吉町神吉８２３番地の１２,6750057
9140001042944,株式会社柴田興業運輸,兵庫県,加古川市,八幡町野村４８２番地の１,6751202
9140001042952,株式会社三晃アルミ,兵庫県,加古川市,八幡町下村１３４５番地の３,6751203
9140001042960,三光美建株式会社,兵庫県,加古川市,上荘町都台１丁目１２番地の４,6751215
9140001042969,桜井設備工業株式会社,兵庫県,加古川市,神野町石守字下ノ岡４１７番地の６,6750005
9140001042985,株式会社札馬興業,兵庫県,加古川市,西神吉町宮前８２１番地の７４,6750041
9140001042993,サンハリマ株式会社,兵庫県,加古川市,平荘町里５５１番地の１,6751232
9140001043001,株式会社ファーストアロー,兵庫県,加古川市,加古川町中津５７８番地の１,6750068
9140001043034,伸和工業株式会社,兵庫県,加古川市,別府町西脇１２１番地の１,6750125
9140001043042,株式会社杉本企設,兵庫県,加古川市,加古川町北在家２６７番地,6750031
9140001043050,株式会社正起,兵庫県,加古川市,東神吉町神吉４７２番地の１,6750057
9140001043059,株式会社清和設備,兵庫県,加古川市,尾上町池田２０４３番地の１,6750023
9140001043067,総合検査株式会社,兵庫県,加古川市,神野町石守１２６８番地の１,6750005
9140001043075,株式会社ソフトテック,兵庫県,加古川市,野口町北野４６８番地の２０,6750011
9140001043083,株式会社大栄ビル,兵庫県,加古川市,加古川町寺家町５６番地,6750066
9140001043109,大成肥料株式会社,兵庫県,加古川市,別府町石町４７番地,6750127
9140001043117,株式会社ダイツウ,兵庫県,加古川市,平岡町土山７５３番地の２１,6750104
9140001043133,株式会社ダ・カーポイムラ,兵庫県,加古川市,平岡町高畑５３５番地の１,6750103
9140001043141,高勢建設株式会社,兵庫県,加古川市,平岡町高畑字北田５４４番１０,6750103
9140001043166,株式会社高松商店,兵庫県,加古川市,加古川町篠原町３００番地,6750065
9140001043174,田代建装株式会社,兵庫県,加古川市,新神野２丁目５番３号,6750008
9140001043182,橘硝子工業株式会社,兵庫県,加古川市,野口町古大内４４３番地の１,6750014
9140001043190,谷口産業株式会社,兵庫県,加古川市,志方町志方町１１８１番地の９,6750321
9140001043199,株式会社鳥市食品,兵庫県,加古川市,平岡町新在家６１５番地の１,6750101
9140001043216,株式会社中谷不動産,兵庫県,加古川市,尾上町旭１丁目４９番地の３,6750026
9140001043224,中村重機商事株式会社,兵庫県,加古川市,加古川町南備後４２番地の１,6750033
9140001043232,西浦建設株式会社,兵庫県,加古川市,野口町二屋３２９番地の１,6750013
9140001043240,株式会社日建,兵庫県,加古川市,志方町志方町１１８１番地の９,6750321
9140001043249,チェリー加古川販売株式会社,兵庫県,加古川市,尾上町安田３３５番地の１,6750021
9140001043257,日本産業株式会社,兵庫県,加古川市,米田町平津４７４番地の１,6750054
9140001043265,株式会社ネットワーク,兵庫県,加古川市,加古川町木村４８２番地の５,6750038
9140001043298,東海三好工業株式会社,兵庫県,加古川市,平岡町一色西１丁目２１６番地の２９,6750117
9140001043307,株式会社トータル企画ＭＡＳＡＫＩ,兵庫県,加古川市,上荘町都台１丁目２０番地の８,6751215
9140001043315,株式会社徳屋,兵庫県,加古川市,志方町原２１５番地の１,6750335
9140001043323,株式会社トータルリース,兵庫県,加古川市,平荘町小畑６０８−６,6751235
9140001043331,播磨観光株式会社,兵庫県,加古川市,西神吉町宮前８１０番地の２,6750041
9140001043356,日岡観光開発株式会社,兵庫県,加古川市,神野町西之山８５６番地の１,6750007
9140001043372,姫路ホーム株式会社,兵庫県,加古川市,加古川町北在家２０４７番地,6750031
9140001043380,株式会社健康ライフ,兵庫県,加古川市,野口町北野１２１７番地の３,6750011
9140001043389,兵庫フスマ株式会社,兵庫県,加古川市,西神吉町岸８３５番地の５,6750045
9140001043397,兵庫千寿産業株式会社,兵庫県,加古川市,西神吉町西村１２８番地の４,6750042
9140001043406,株式会社ハーベスト,兵庫県,加古川市,加古川町寺家町３５７番地,6750066
9140001043414,株式会社長谷川運輸,兵庫県,加古川市,志方町横大路６４０番地の２,6750332
9140001043422,株式会社播州建機,兵庫県,加古川市,加古川町備後１０９番地の３,6750032
9140001043430,橋工芸株式会社,兵庫県,加古川市,尾上町池田７４０番地の３,6750023
9140001043447,株式会社ハナフサ,兵庫県,加古川市,八幡町中西条１０４番地の１,6751205
9140001043455,株式会社車検システム,兵庫県,加古川市,別府町新野辺１４２９番地の７,6750131
9140001043463,株式会社ハリソン,兵庫県,加古川市,平荘町小畑７番地,6751235
9140001043471,兵冷商事株式会社,兵庫県,加古川市,米田町平津４７４番地の１,6750054
9140001043496,深谷商事株式会社,兵庫県,加古川市,別府町別府９５６番地の５,6750122
9140001043505,株式会社藤田電機工業所,兵庫県,加古川市,尾上町養田７１２番地の１０,6750025
9140001043513,株式会社フジヤ號,兵庫県,加古川市,加古川町北在家２０５５番地,6750031
9140001043521,株式会社二川工業製作所,兵庫県,加古川市,平岡町二俣２４９番地１,6750111
9140001043538,株式会社平荘建設,兵庫県,加古川市,加古川町寺家町３５２番地の７,6750066
9140001043546,報徳産業株式会社,兵庫県,加古川市,加古川町大野１０８番地の２,6750061
9140001043554,法楽屋高見製菓株式会社,兵庫県,加古川市,上荘町小野３２０番地の１,6751218
9140001043562,株式会社ホテル一宮,兵庫県,加古川市,加古川町篠原町１５７番地,6750065
9140001043570,前島食品株式会社,兵庫県,加古川市,米田町平津６５５番地,6750054
9140001043579,株式会社前田通商,兵庫県,加古川市,米田町平津６８１番地の９,6750054
9140001043595,株式会社松浦建設,兵庫県,加古川市,西神吉町辻２４１番地,6750046
9140001043604,松成鉄工株式会社,兵庫県,加古川市,尾上町池田２０００番の１,6750023
9140001043612,松本繊維株式会社,兵庫県,加古川市,志方町西牧２３番地の１,6750331
9140001043620,丸果加古川青果株式会社,兵庫県,加古川市,野口町長砂７０７番地,6750016
9140001043629,株式会社まるぶん,兵庫県,加古川市,西条山手２丁目９番１号,6750001
9140001043637,三木自動車販売株式会社,兵庫県,加古川市,神野町西条１５０１番地の１,6750009
9140001043645,株式会社ミシマ総合土木,兵庫県,加古川市,野口町水足６８４番地の３,6750019
9140001043661,株式会社宮下工務店,兵庫県,加古川市,加古川町大野３０２番地の３,6750061
9140001043686,株式会社明豊社,兵庫県,加古川市,八幡町野村５８２番地の１６,6751202
9140001043711,株式会社安田商店,兵庫県,加古川市,加古川町本町３２４番地の７,6750037
9140001043728,株式会社ヤマト技研,兵庫県,加古川市,平岡町新在家２８８番地の９,6750101
9140001043736,株式会社ローヤルビルディング,兵庫県,加古川市,尾上町長田２４６番地の１,6750024
9140001043744,山脇食品株式会社,兵庫県,加古川市,野口町長砂７０７番地,6750016
9140001043752,豊屋産業株式会社,兵庫県,加古川市,加古川町河原２８１番地の１,6750067
9140001043760,株式会社よしだ,兵庫県,加古川市,加古川町中津６８２番地の１,6750068
9140001043769,米澤鉄工株式会社,兵庫県,加古川市,平岡町土山７５３番地１６,6750104
9140001043785,ワシオ株式会社,兵庫県,加古川市,志方町高畑９６１番地の９,6750304
9140001043793,株式会社リーパー,兵庫県,加古川市,別府町別府６７９番地の３,6750122
9140001043950,株式会社オプト技研,兵庫県,加古川市,東神吉町砂部２７８番地の１４,6750056
9140001044701,大掛精機株式会社,兵庫県,加古川市,尾上町口里５７８番地の７,6750022
9140001044734,株式会社ワールドアシスト,兵庫県,加古川市,加古川町北在家１２０番地の３,6750031
9140001044742,株式会社建部電気工事,兵庫県,加古川市,別府町新野辺北町２丁目８６番地の２,6750121
9140001044750,株式会社アグリバックス,兵庫県,加古川市,野口町長砂９８８番地,6750016
9140001044775,株式会社三和ライン,兵庫県,加古川市,平岡町高畑３３６−１,6750103
9140001044809,株式会社兵庫桂,兵庫県,加古川市,加古川町友沢１６５番地の１,6750035
9140001044817,株式会社相愛,兵庫県,加古川市,志方町投松２５８番地の２,6750313
9140001044998,株式会社イーグル,兵庫県,加古川市,加古川町河原２７７番地の１,6750067
9140001045014,株式会社エコシス,兵庫県,加古川市,別府町新野辺１１５０番地の５,6750131
9140001045071,関西ワークス株式会社,兵庫県,加古川市,西神吉町中西２−２,6750043
9140001045154,東機産業株式会社,兵庫県,加古川市,加古川町北在家７０５番地の１０,6750031
9140001045170,株式会社立兼,兵庫県,加古川市,志方町高畑４８６番地の４,6750304
9140001045195,西山燐寸株式会社,兵庫県,加古川市,平岡町新在家８９５番地の１,6750101
9140001045212,株式会社不動産夢工房,兵庫県,加古川市,平岡町新在家１丁目２５６番地の１４,6750101
9140001045220,株式会社チタン信栄,兵庫県,加古川市,加古川町溝之口５１０番地の３３加古川駅前第一ビル４階,6750064
9140001045237,株式会社津崎板金,兵庫県,加古川市,別府町新野辺５３３番地の１,6750131
9140001045245,株式会社信陽メディックス,兵庫県,加古川市,上荘町国包１０８３番地の１,6751213
9140001045253,株式会社祐,兵庫県,加古川市,平岡町二俣７６２−１０,6750111
9140001045294,株式会社ケイ・アイ・ツウ,兵庫県,加古川市,東神吉町神吉字小判４４５番地の１,6750057
9140001045303,ＤＨＩ株式会社,兵庫県,加古川市,加古川町粟津１１１６,6750039
9140001045328,株式会社あおば,兵庫県,加古川市,志方町志方町１６６０番地の１３,6750321
9140001045344,株式会社明播,兵庫県,加古川市,別府町新野辺北町３丁目２３番地,6750121
9140001045360,グレースマリー・ワールド株式会社,兵庫県,加古川市,加古川町粟津１００８番地,6750039
9140001045369,エイム研究所株式会社,兵庫県,加古川市,平岡町新在家１９０１番地の２,6750101
9140001045402,株式会社クワタ電機,兵庫県,加古川市,新神野６丁目２４番８号,6750008
9140001045410,株式会社ヒュウ・テック,兵庫県,加古川市,野口町野口７９５番地の１,6750012
9140001045435,株式会社森田計算サポート,兵庫県,加古川市,志方町西牧２７５番地,6750331
9140001045443,株式会社なのはな,兵庫県,加古川市,野口町北野１１５７番地の２９,6750011
9140001045468,株式会社ケイエスリンテン,兵庫県,加古川市,平岡町西谷字大割２３番地の３,6750102
9140001045476,株式会社平田重機,兵庫県,加古川市,志方町上冨木１番地の６,6750314
9140001045484,株式会社母絵夢,兵庫県,加古川市,新神野８丁目５番１６号,6750008
9140001045518,株式会社アクトトータルプランニング,兵庫県,加古川市,加古川町北在家２７０７番地,6750031
9140001045526,株式会社芝武,兵庫県,加古川市,平岡町高畑２８５番地,6750103
9140001045534,シキナ理研株式会社,兵庫県,加古川市,別府町新野辺北町５丁目３５番地の１,6750121
9140001045567,株式会社ジュータック,兵庫県,加古川市,加古川町北在家２７２３番地センタービル,6750031
9140001045583,株式会社播陽,兵庫県,加古川市,志方町上冨木１９番地の２,6750314
9140001045600,神戸ミートパッカー株式会社,兵庫県,加古川市,野口町北野６６６番１号,6750011
9140001045609,株式会社柴田興業所,兵庫県,加古川市,尾上町長田５２番地の８,6750024
9140001045625,株式会社ニューズ・システム,兵庫県,加古川市,上荘町都台３丁目１６番地の１０,6751215
9140001045641,株式会社藤田金属,兵庫県,加古川市,八幡町野村７９４番地の２,6751202
9140001045658,トモカ株式会社,兵庫県,加古川市,尾上町今福２１５番地の１,6750027
9140001045666,株式会社フリースペース,兵庫県,加古川市,加古川町平野３３３番地ミキハウス１階,6750063
9140001045690,株式会社万永興業,兵庫県,加古川市,別府町新野辺北町７丁目５３番地,6750121
9140001045716,株式会社サクマ,兵庫県,加古川市,野口町水足５１０番地の３,6750019
9140001045732,リタバンク株式会社,兵庫県,加古川市,尾上町口里２７７−２,6750022
9140001045740,株式会社リディア,兵庫県,加古川市,別府町新野辺北町６丁目１１２番地,6750121
9140001045757,株式会社ユニフォーム専科昴,兵庫県,加古川市,平岡町土山６９９番地の１８,6750104
9140001045765,株式会社インテリアグロウ,兵庫県,加古川市,野口町水足７０５番地の１,6750019
9140001045807,株式会社マスダフーズ,兵庫県,加古川市,加古川町大野１００９番地の１,6750061
9140001045831,株式会社プロテックス,兵庫県,加古川市,西神吉町岸６２４番地の５,6750045
9140001045864,株式会社ニシダ電気,兵庫県,加古川市,別府町別府５５６番地の１,6750122
9140001045880,松田産業株式会社,兵庫県,加古川市,平岡町一色７３２番地の１０,6750115
9140001045897,東亜オートガス野口株式会社,兵庫県,加古川市,野口町長砂８６５番地の５,6750016
9140001045914,株式会社グランディール,兵庫県,加古川市,平岡町一色７９３番地の５,6750115
9140001045922,ジェイツーワン株式会社,兵庫県,加古川市,加古川町木村５０番地の３,6750038
9140001045939,株式会社進学塾キャンパス,兵庫県,加古川市,野口町良野１７１１番地パ−ク西山３０４,6750017
9140001045947,株式会社櫻井水設,兵庫県,加古川市,東神吉町神吉７６１番地の２,6750057
9140001045971,株式会社ムラヨシ電気,兵庫県,加古川市,西神吉町大国９７８番地,6750044
9140001045988,株式会社神戸新聞東播販売センター,兵庫県,加古川市,東神吉町神吉８２３番地の８２,6750057
9140001045996,ベース株式会社,兵庫県,加古川市,加古川町寺家町６２−７セレッソコート加古川３０３号室,6750066
9140001046004,関西アスパック株式会社,兵庫県,加古川市,野口町北野９番地３７,6750011
9140001046012,株式会社神戸Ｈ．Ｄ,兵庫県,加古川市,加古川町北在家２７２３番地センタービル５Ｆ,6750031
9140001046029,株式会社ファニチャーハウス,兵庫県,加古川市,平岡町新在家１丁目２６０−１５,6750101
9140001046045,株式会社岡本工業,兵庫県,加古川市,西神吉町岸６５０番地の１２,6750045
9140001046078,グローバルファクトリー株式会社,兵庫県,加古川市,野口町水足５１０−５,6750019
9140001046103,株式会社ＫＭ企画,兵庫県,加古川市,平岡町新在家１００３番地の２,6750101
9140001046136,第一出版株式会社,兵庫県,加古川市,加古川町友沢１６４番地の４７,6750035
9140001046160,株式会社ライフサポート・ワシ,兵庫県,加古川市,尾上町口里８１４番地の２４,6750022
9140001046185,株式会社エースマリンサービス,兵庫県,加古川市,野口町二屋８８番地の１,6750013
9140001046202,東播建築工藝株式会社,兵庫県,加古川市,加古川町平野４２６番地,6750063
9140001046210,株式会社ファームかんの,兵庫県,加古川市,神野町神野６９０番地の１,6750003
9140001046243,株式会社神洋,兵庫県,加古川市,加古川町稲屋４０６番地の１４,6750034
9140001046268,株式会社ヤマモトガレージ,兵庫県,加古川市,野口町良野８１６番地の１,6750017
9140001046301,株式会社黒川鉄工,兵庫県,加古川市,別府町新野辺２７６８番地,6750131
9140001046318,近畿空衛管材株式会社,兵庫県,加古川市,加古川町中津２００番地の３,6750068
9140001046334,株式会社大西新聞舗,兵庫県,加古川市,加古川町木村７４５−５,6750038
9140001046342,株式会社Ｔ，Ｓ，Ｂ,兵庫県,加古川市,東神吉町神吉８２３番地の２６６,6750057
9140001046350,株式会社ナインティー・ワン,兵庫県,加古川市,野口町二屋１００番地の１,6750013
9140001046359,ダイショーシナプス株式会社,兵庫県,加古川市,尾上町養田１３９４番地の２,6750025
9140001046367,三光クリーン株式会社,兵庫県,加古川市,上荘町都台１丁目１２番地の５,6751215
9140001046375,株式会社ＧＲＯＷ,兵庫県,加古川市,平岡町土山６５番地の４７,6750104
9140001046383,株式会社ホウト,兵庫県,加古川市,加古川町北在家２６８１番地,6750031
9140001046400,株式会社マイルド,兵庫県,加古川市,東神吉町神吉５２８番地の４,6750057
9140001046409,株式会社手芸の丸十京滋,兵庫県,加古川市,加古川町中津４４８番地の１,6750068
9140001046417,岩堀コンツイン株式会社,兵庫県,加古川市,加古川町河原４１１番地の１３,6750067
9140001046425,株式会社ワコウ塗装工業,兵庫県,加古川市,平岡町山之上６８４番地３８号４Ａ−１０２,6750112
9140001046441,株式会社Ｈ・Ｙ・Ｃ,兵庫県,加古川市,尾上町安田５７１番地の２２,6750021
9140001046458,三幸工産株式会社,兵庫県,加古川市,加古川町南備後８２番地の２５,6750033
9140001046466,ハル住建株式会社,兵庫県,加古川市,平岡町二俣８７７番地,6750111
9140001047076,株式会社ラウーゼ,兵庫県,加古川市,東神吉町神吉１７２番地の１２,6750057
9140001047118,株式会社エムプラン,兵庫県,加古川市,加古川町北在家２４７１番地,6750031
9140001047274,株式会社ラビットホーム,兵庫県,加古川市,加古川町溝之口５０７番地サンライズ加古川１０６号,6750064
9140001057273,株式会社フジヒロ,兵庫県,加古川市,加古川町木村１２０番地の７,6750038
9140001062488,健洋海運建設株式会社,兵庫県,加古川市,平岡町山之上２９３番地の７,6750112
9140001065532,日本共済株式会社,兵庫県,加古川市,加古川町河原３３３番地の１,6750067
9140001066084,株式会社尾上酒販,兵庫県,加古川市,加古川町南備後１７６番地の１,6750033
9140001067545,株式会社山一,兵庫県,加古川市,野口町古大内３３２番地の１１,6750014
9140001067594,アクティホーム株式会社,兵庫県,加古川市,八幡町下村１２７２番地,6751203
9140001067628,株式会社ＡＺアシスト,兵庫県,加古川市,志方町上冨木２５７番地の１,6750314
9140001067719,株式会社エクス・シー・エー,兵庫県,加古川市,加古川町篠原町１３番地スカイシービル２階,6750065
9140001077742,岡本商事株式会社,兵庫県,加古川市,米田町平津３１３番地の７,6750054
9140001077882,株式会社アーネスト,兵庫県,加古川市,平岡町新在家１４９番地の７パレードビル３０２号,6750101
9140001086396,株式会社ブリッジ,兵庫県,加古川市,平岡町新在家１９３７番地の１６,6750101
9140001086537,株式会社山彦フーズ,兵庫県,加古川市,上荘町国包８８２番地の１,6751213
9140001086644,株式会社花梨,兵庫県,加古川市,加古川町篠原町２１番地の８,6750065
9140001086743,株式会社翔設備,兵庫県,加古川市,別府町別府６２９番地の１,6750122
9140001086867,株式会社ミュウ,兵庫県,加古川市,別府町新野辺北町３丁目５６番地の２,6750121
9140001086917,株式会社ワイズ・グリーンフーズ,兵庫県,加古川市,野口町長砂１０７０番地,6750016
9140001087477,エール・ニツト株式会社,兵庫県,加古川市,志方町大宗２５８番地,6750305
9140001087650,株式会社カーサリファイン,兵庫県,加古川市,加古川町北在家２０２５番地,6750031
9140001088260,株式会社伊藤測量,兵庫県,加古川市,尾上町養田１３８６番地の６,6750025
9140001088269,ＫＨプラント株式会社,兵庫県,加古川市,加古川町大野２８１番地の１６,6750061
9140001088483,株式会社ＹＫクリエイト,兵庫県,加古川市,八幡町中西条４２４番地,6751205
9140001089234,株式会社オールＡ,兵庫県,加古川市,加古川町美乃利３８０番地の３３,6750062
9140001089309,株式会社リタ,兵庫県,加古川市,平岡町新在家１４９番地の７パレードビル２Ｆ,6750101
9140001089572,里の杜株式会社,兵庫県,加古川市,神野町西条１０２３番地,6750009
9140001090209,株式会社ＨＩＳ,兵庫県,加古川市,加古川町粟津１０６８番地,6750039
9140001090737,小南運送株式会社,兵庫県,加古川市,平岡町一色３８２番地,6750115
9140001091108,株式会社ブックワン,兵庫県,加古川市,尾上町安田４６１番地の１,6750021
9140001091264,株式会社スマイル,兵庫県,加古川市,加古川町木村７０８番地,6750038
9140001091743,株式会社ミヤ・テクノサポート,兵庫県,加古川市,上荘町都台２丁目２番地の２０,6751215
9140001091859,株式会社エリアプロ,兵庫県,加古川市,別府町本町２丁目５１番地,6750126
9140001092270,株式会社トータルケア,兵庫県,加古川市,加古川町北在家６７４番地の２,6750031
9140001092304,株式会社ＭＡＸ　ＪＡＰＡＮ,兵庫県,加古川市,別府町別府５３０番地の７,6750122
9140001092477,株式会社島田工務店,兵庫県,加古川市,加古川町河原２８１番地の９,6750067
9140001094184,株式会社戌亥鉄工所,兵庫県,加古川市,野口町長砂２２０番地の７,6750016
9140001094192,株式会社ＡＭＰ,兵庫県,加古川市,加古川町木村７２７番地ベル・アーバニティ加古川ＩＩ１０１号,6750038
9140001094713,Ｃｈａｒｍｉｎｇ　Ｈａｐｐｙ商事株式会社,兵庫県,加古川市,西神吉町宮前８２１番地の４３,6750041
9140001094795,濱脇工業株式会社,兵庫県,加古川市,平岡町中野２４９番地の１,6750113
9140001095265,株式会社加古川総合サービス,兵庫県,加古川市,尾上町今福４４５番地の１２,6750027
9140001095959,株式会社オートサービス,兵庫県,加古川市,平岡町新在家９４６−９,6750101
9140001096726,株式会社エステック,兵庫県,加古川市,加古川町西河原３４番地グランプレステージ加古川８１１号,6750036
9140001097022,加古川バスツーリスト株式会社,兵庫県,加古川市,尾上町池田１８３２番地の２,6750023
9140001097716,パーソナルプロダクツ株式会社,兵庫県,加古川市,野口町良野７５６番地の１１,6750017
9140001098821,株式会社Ｎ・Ｇ・Ｏ,兵庫県,加古川市,加古川町中津５９９番地の１三島ビル４階４０５号,6750068
9140001098887,ベルデック工業株式会社,兵庫県,加古川市,別府町新野辺２８５４番地,6750131
9140001098994,株式会社関西リビング,兵庫県,加古川市,加古川町寺家町４７番地の６ベルデモール加古川４Ｂ,6750066
9140001100677,株式会社ＨＡＲＵＫＡ,兵庫県,加古川市,平岡町新在家７０２−３−７１３,6750101
9140001100850,株式会社雅,兵庫県,加古川市,西神吉町岸７７０番地,6750045
9140001101023,株式会社デイサービス花環,兵庫県,加古川市,加古川町粟津６０５−２８,6750039
9140001101312,株式会社ユニオントラスト,兵庫県,加古川市,尾上町長田５１７番地の３３,6750024
9140001101502,株式会社高倉工業,兵庫県,加古川市,野口町野口４２０番地の１０,6750012
9140001101568,株式会社大だいこ,兵庫県,加古川市,野口町北野６９番地の２,6750011
9140001101691,株式会社隆興重量設備,兵庫県,加古川市,東神吉町天下原３１５番地,6750058
9140001102087,株式会社ＭＤ　ＣＵＲＥ,兵庫県,加古川市,神野町西条６７１番地の１,6750009
9140001102673,恵比須工業株式会社,兵庫県,加古川市,加古川町友沢４９６番地の６６,6750035
9140001103382,株式会社芝本商店,兵庫県,加古川市,加古川町備後３３５番地,6750032
9140001103721,株式会社美澄,兵庫県,加古川市,野口町良野２３５番地の２１,6750017
9140001104083,関西不動産本舗株式会社,兵庫県,加古川市,加古川町篠原町３００番地リトハ加古川Ｃ棟１Ｆ,6750065
9140001104471,株式会社ＳＡＺＡＮ,兵庫県,加古川市,平岡町一色西２丁目２５４番地の１,6750117
9140001104653,株式会社西川工業,兵庫県,加古川市,野口町野口１番地の１６,6750012
9140001104843,株式会社兵庫陸運,兵庫県,加古川市,尾上町今福４６５番地の１,6750027
9140001104942,株式会社イケダスチールプラント,兵庫県,加古川市,別府町新野辺３０４３番地,6750131
9140001105008,株式会社水足営農,兵庫県,加古川市,野口町水足１３１０番地,6750019
9140001105049,株式会社ハイスン,兵庫県,加古川市,神野町日岡苑１６番地の３４,6750006
9140001105057,株式会社共栄電工,兵庫県,加古川市,加古川町美乃利１６９番地の８,6750062
9140001105321,株式会社エンマインドサービス,兵庫県,加古川市,加古川町北在家２７９番地,6750031
9140001105536,株式会社誉組,兵庫県,加古川市,平荘町小畑１２２５番地の１,6751235
9140001106170,株式会社ブロード・ヴァレイ,兵庫県,加古川市,野口町良野７８５番地,6750017
9140001106451,藤田電設株式会社,兵庫県,加古川市,志方町上冨木７９４番地の７,6750314
9140001106567,やき笑フードサービス株式会社,兵庫県,加古川市,別府町別府７０５番地の１,6750122
9140001106658,株式会社３５８,兵庫県,加古川市,別府町別府５７１番地の１６,6750122
9140001107029,株式会社グレース,兵庫県,加古川市,加古川町粟津２６８番地の２,6750039
9140001107441,株式会社ウェルグリット,兵庫県,加古川市,平岡町一色西１丁目１番地の１,6750117
9140001107482,株式会社日本レイベック,兵庫県,加古川市,野口町北野４７番地１,6750011
9140001107986,株式会社原田鉄工所,兵庫県,加古川市,志方町投松２６４番地,6750313
9140001108002,株式会社Ｗｉｔｈ　Ｙｏｕ,兵庫県,加古川市,志方町投松１９９番地,6750313
9140001108051,株式会社ｉ−ＫＯＷＡ,兵庫県,加古川市,平岡町中野６２４番地の１,6750113
9140001108324,株式会社アカウンティングサポート,兵庫県,加古川市,加古川町本町１０８番地の１６,6750037
9140001108563,株式会社パタリロ・ルシウェル＆Ｆｒｉｅｎｄｓ,兵庫県,加古川市,別府町本町１丁目６０番地,6750126
9140001109660,株式会社岩脇電機エンジニアリング,兵庫県,加古川市,平荘町山角６７６番地,6751221
9140001109792,荒池電気株式会社,兵庫県,加古川市,尾上町池田３５０−１,6750023
9140001110437,響運送株式会社,兵庫県,加古川市,別府町新野辺２００６−３,6750131
9140001110899,株式会社松木組,兵庫県,加古川市,米田町船頭２７６番地の１,6750053
9140001111245,株式会社エタニティ,兵庫県,加古川市,尾上町安田６６番地の１２,6750021
9140001111451,株式会社タケダ,兵庫県,加古川市,平荘町西山２５９番地の９,6751234
9140001111534,株式会社エルホーム,兵庫県,加古川市,加古川町美乃利１３０番地１４,6750062
9140001111848,株式会社ＰＲＩＮＣＩＰＬＥ,兵庫県,加古川市,平岡町二俣７８２番地の３鈴木ビル３０２号,6750111
9140001112268,株式会社開西エース,兵庫県,加古川市,八幡町下村５０９−１２,6751203
9140001112466,株式会社そーさー,兵庫県,加古川市,平岡町新在家８７６番地の８,6750101
9140001112490,株式会社圭真工業,兵庫県,加古川市,上荘町小野２８６番地の２,6751218
9140001112697,株式会社匠工業,兵庫県,加古川市,加古川町南備後３１４番地の３,6750033
9140001112821,株式会社トラスティア,兵庫県,加古川市,野口町北野１２２９番地の４２,6750011
9140001113241,株式会社九菱,兵庫県,加古川市,加古川町南備後６６番地の６,6750033
9140001113786,株式会社ＲＤＰ,兵庫県,加古川市,平岡町新在家６５１番地の２,6750101
9140001114421,株式会社ヤマワキ,兵庫県,加古川市,加古川町中津７８１番地の１,6750068
9140001114479,株式会社森製作所,兵庫県,加古川市,野口町北野６９４番地の３,6750011
9140001114578,株式会社美咲不動産管理,兵庫県,加古川市,野口町坂井３２番地の３,6750015
9140001114669,株式会社神野台学校給食サービス,兵庫県,加古川市,神野町神野１５６番地の１,6750003
9140001114710,株式会社ＹＰＴ,兵庫県,加古川市,尾上町養田５０７番地の１,6750025
9140001114859,株式会社ａｒｋ,兵庫県,加古川市,尾上町旭１丁目２９番地の２,6750026
9140001115007,株式会社壬生桂木,兵庫県,加古川市,野口町野口２７１番地の１０,6750012
9140001115535,株式会社ケイ・リンクム,兵庫県,加古川市,野口町二屋３６７番１１号,6750013
9140001115881,藤正興産株式会社,兵庫県,加古川市,平岡町高畑２７３番地の１２ビラ依藤３０１号,6750103
9140001116434,株式会社オプトメカテック,兵庫県,加古川市,平岡町西谷１３４番地の６,6750102
9140001116665,ハナホーム株式会社,兵庫県,加古川市,別府町別府９９７番地の１５,6750122
9140001116723,ハヤトホーム株式会社,兵庫県,加古川市,加古川町木村４３番地,6750038
9140001116764,株式会社Ｆｏｏｔ　Ｒｉｓｅ,兵庫県,加古川市,野口町野口５８番地の１,6750012
9140001117011,株式会社エーアンドエス・コンサルティング,兵庫県,加古川市,尾上町安田１５８番地の６,6750021
9140001117036,株式会社れもん,兵庫県,加古川市,野口町水足１５５６−６,6750019
9140001117119,株式会社ＭＡＳＡＭＡＸ,兵庫県,加古川市,平岡町西谷１３５番地の６,6750102
9140001118595,ＡＩＫコーポレーション株式会社,兵庫県,加古川市,野口町古大内４９９番地の１４,6750014
9140001118620,バーンクリエイト株式会社,兵庫県,加古川市,加古川町中津６１０番地の３コンシェール加古川２０２号,6750068
9140001118769,龍建商事株式会社,兵庫県,加古川市,山手３丁目１９番地７,6750002
9140001119593,株式会社ＰＬＡＳ　Ｗａｍ,兵庫県,加古川市,野口町坂井５番地の１,6750015
9140001119651,株式会社ＳＵＧＯＭｏＲＩ,兵庫県,加古川市,平岡町新在家１丁目２６０−１５,6750101
9140001119809,株式会社タカナガ商店,兵庫県,加古川市,平岡町二俣９０８番地の８,6750111
9140001120007,ｐｌｅａｓａｎｔ　ｄａｙｓ株式会社,兵庫県,加古川市,神野町石守４３３番地２,6750005
9140001120114,株式会社伊藤管工,兵庫県,加古川市,野口町長砂６８３番地１０２号,6750016
9140001120262,やさしいほん株式会社,兵庫県,加古川市,志方町志方町１３１２番地,6750321
9140001120279,株式会社ハートフルコミュニケーションズ,兵庫県,加古川市,神野町神野６８２番地の２,6750003
9140001120361,株式会社ＷＥＫＥＴ,兵庫県,加古川市,加古川町粟津４９８,6750039
9140001120493,株式会社０７８,兵庫県,加古川市,平岡町新在家１９５１番地の１２,6750101
9140001120865,株式会社大誠工業,兵庫県,加古川市,野口町北野８４９番地の１３,6750011
9140001121368,株式会社ミムラフーズ,兵庫県,加古川市,西神吉町岸２８４番地,6750045
9140001121946,株式会社葉菜味,兵庫県,加古川市,東神吉町出河原８４９番地,6750052
9140001122283,株式会社ｓｉｌｔａ,兵庫県,加古川市,加古川町備後３３番地の５,6750032
9140001122952,インテリアサカタ株式会社,兵庫県,加古川市,平岡町新在家３丁目２９２番地の１１,6750101
9140001123728,株式会社伸洋,兵庫県,加古川市,平岡町高畑３９２番地の３５,6750103
9140001123760,株式会社フードカルチャー,兵庫県,加古川市,野口町野口６８７番地の７０,6750012
9140001123892,株式会社ＳＡＫＩＧＡＫＥ,兵庫県,加古川市,加古川町溝之口５７８番１号,6750064
9140001124016,エイチコネクト株式会社,兵庫県,加古川市,加古川町木村７５４番地の１３,6750038
9140001124164,株式会社コベスト,兵庫県,加古川市,米田町平津５９０−１,6750054
9140001124437,株式会社島徳,兵庫県,加古川市,尾上町口里７０１番地の２８,6750022
9140001124643,株式会社ＡｉＬＵＳ,兵庫県,加古川市,加古川町寺家町３６２番地の１ビアンテじけまち３Ｆ,6750066
9140001125609,株式会社ユナイト,兵庫県,加古川市,平岡町土山６８８番地の１,6750104
9140001125699,株式会社山岡庭園,兵庫県,加古川市,上荘町薬栗１７６番地の１,6751217
9140001126004,株式会社ＢＩＧ　ＷＥＳＴ,兵庫県,加古川市,加古川町寺家町１４２番地の１,6750066
9140001126243,株式会社八木建設,兵庫県,加古川市,別府町新野辺５７４番地３１１,6750131
9140001126375,株式会社ＴＭＣ,兵庫県,加古川市,加古川町備後７７番地の２,6750032
9140001126458,株式会社ＷＳ,兵庫県,加古川市,加古川町稲屋７９０番地の１−３Ｆ１２,6750034
9140001127134,エイトワイ保険サービス株式会社,兵庫県,加古川市,平岡町つつじ野１−７４,6750105
9140001127274,株式会社シーフィールド,兵庫県,加古川市,尾上町池田３８４番地,6750023
9140001127340,ＴｒｕｓＴ　ｆａｍｉｌｙ株式会社,兵庫県,加古川市,野口町古大内４９９番地の１４,6750014
9140001127431,リアンエステート株式会社,兵庫県,加古川市,別府町別府９８６番地１１,6750122
9140001127687,株式会社ＯＷＬファクトリー,兵庫県,加古川市,野口町坂井４６−１−４０１,6750015
9140001127893,株式会社四葉産業,兵庫県,加古川市,加古川町篠原町１６２番地の１,6750065
9140001127935,株式会社Ｌｉｆｅ　ｕｐ,兵庫県,加古川市,加古川町溝之口２６０番地の５,6750064
9140001128074,株式会社ＳＯＥＩ,兵庫県,加古川市,野口町北野７５０番地の２１,6750011
9140001128330,株式会社Ｌｉｅｎｅｓｓ,兵庫県,加古川市,別府町新野辺北町１丁目７番地,6750121
9140001128363,株式会社プリモテゾーロ,兵庫県,加古川市,加古川町溝之口１２４番地の１０,6750064
9140001128512,株式会社ＫＡＷＡＢＥ,兵庫県,加古川市,新神野３丁目１番１３号,6750008
9140001128792,株式会社ヒロトミ,兵庫県,加古川市,東神吉町西井ノ口３７７番地の２,6750055
9140001129411,加古川食肉販売株式会社,兵庫県,加古川市,志方町志方町５３３番地,6750321
9140001129642,株式会社エコロード,兵庫県,加古川市,平岡町新在家３０２番地農機ビル,6750101
9140001129873,おたいちアミューズ株式会社,兵庫県,加古川市,加古川町溝之口２５９番地の１,6750064
9140001129907,株式会社Ｍｏｌｃａ,兵庫県,加古川市,平岡町中野１６７番地の１,6750113
9140001130567,株式会社二川畜産,兵庫県,加古川市,平岡町二俣２４９番地の１,6750111
9140001130708,株式会社町おこしエナジー,兵庫県,加古川市,平岡町新在家１３７９番地の１,6750101
9140001130939,株式会社トップリーフ,兵庫県,加古川市,平岡町新在家９２９番地の３０,6750101
9140001131210,コッコレケア株式会社,兵庫県,加古川市,新神野６丁目８番１９号,6750008
9140001131251,株式会社Ｃｅｎｔｅｒｖａｌｌｅｙ,兵庫県,加古川市,加古川町中津６８番地の１７,6750068
9140001131508,株式会社Ｂｅｌｌｅ　Ｃｒｅａｔｉｏｎ,兵庫県,加古川市,加古川町稲屋７０番地８,6750034
9140001131689,株式会社ジプライド,兵庫県,加古川市,加古川町中津２１９番地の２１,6750068
9140001132480,株式会社アスクラス,兵庫県,加古川市,加古川町北在家２４４７番地,6750031
9140001132588,西関工業株式会社,兵庫県,加古川市,加古川町粟津３０１番地の９,6750039
9140001132712,株式会社ＹＴＳ,兵庫県,加古川市,加古川町中津６８８番地の１,6750068
9140001132828,株式会社Ｏｎｅｎｅｓｓ,兵庫県,加古川市,平岡町一色５２２番地の４,6750115
9140001133495,株式会社アキラ建匠,兵庫県,加古川市,東神吉町西井ノ口３７５番地の２,6750055
9140001133792,株式会社ＨＫホーム,兵庫県,加古川市,米田町平津２７番地の２,6750054
9140001133818,株式会社ＴＣホールディングス,兵庫県,加古川市,平岡町土山４２１番地の２５１,6750104
9140001134659,株式会社リブリーフ,兵庫県,加古川市,志方町永室３８７−１,6750347
9140001134725,Ｒｏｂｉｎ株式会社,兵庫県,加古川市,別府町新野辺北町７丁目１０４番地の３,6750121
9140001134832,株式会社ケアマスター,兵庫県,加古川市,尾上町安田６０５番地の５,6750021
9140001135013,株式会社ＵＰＡコンサルティング,兵庫県,加古川市,加古川町本町４１７番地の７,6750037
9140001135062,株式会社みずなみ,兵庫県,加古川市,平岡町土山１５９番地の２,6750104
9140001136630,株式会社ＩＢＮビジネスサポートセンター,兵庫県,加古川市,加古川町篠原町５９番地の３,6750065
9140001136861,株式会社Ｋ‐Ｒｉｓｅ,兵庫県,加古川市,八幡町中西条９２３番地の５,6751205
9140001136993,株式会社橘建設,兵庫県,加古川市,野口町野口３４番地,6750012
9140001137570,株式会社ＧＴ．ＴＲＡＤＩＮＧ,兵庫県,加古川市,別府町本町２丁目５２−１４,6750126
9140001137711,株式会社Ｈｉｂｉｓｓ　Ｃｒｅａｔｅｓ,兵庫県,加古川市,野口町良野１５８２番地,6750017
9140001138016,株式会社マイオ,兵庫県,加古川市,東神吉町神吉５９１番地の５１,6750057
9140001138338,畠中工業株式会社,兵庫県,加古川市,平岡町土山８９８番地の１,6750104
9140001138791,株式会社ＧＵＮＡＴＳＵ,兵庫県,加古川市,加古川町溝之口１５１−１エンブレイス加古川５１６,6750064
9140001139294,穂ノ花株式会社,兵庫県,加古川市,西神吉町大国９２番４号,6750044
9140001140161,ＢＦトレーディング株式会社,兵庫県,加古川市,八幡町宗佐字市場４６７番地−１,6751201
9140001140426,株式会社幸’Ｓ,兵庫県,加古川市,野口町古大内３７８番地３５,6750014
9140001140632,ＮＫｇｌｏｂａｌ株式会社,兵庫県,加古川市,尾上町今福２５１番地の５,6750027
9140001140665,株式会社秋翼,兵庫県,加古川市,上荘町国包６１９番地１,6751213
9140001140954,株式会社カナイ重建,兵庫県,加古川市,尾上町池田１８１８番地の１５,6750023
9140001141011,株式会社イルミナス,兵庫県,加古川市,平岡町新在家２丁目２６５−２邦栄ビル２階,6750101
9140001141119,株式会社ＹＫ,兵庫県,加古川市,平岡町一色東２丁目７２番地,6750116
9140001141218,株式会社にじまる,兵庫県,加古川市,平岡町高畑８０１番地の１０,6750103
9140001141259,株式会社めぐみ,兵庫県,加古川市,平岡町土山５９８番地の５,6750104
9140001141408,株式会社ＮＥＸＩＡ,兵庫県,加古川市,東神吉町天下原７３番地の１,6750058
9140001141564,株式会社オト・ランドロード,兵庫県,加古川市,加古川町寺家町６２１ＪＡビル２Ｆ,6750066
9140001141928,株式会社桜花,兵庫県,加古川市,米田町平津１３８番地の４、Ｃ−１０８号,6750054
9140001142273,株式会社仲田,兵庫県,加古川市,上荘町小野７１２番地５３,6751218
9140001142422,株式会社木村設備,兵庫県,加古川市,平岡町高畑２３４番地の２０,6750103
9140002036004,株式会社スタンダード商会,兵庫県,加古川市,山手３丁目１０番２３号,6750002
9140002037051,株式会社ＯＳＡエンジニアリング,兵庫県,加古川市,東神吉町升田８６４番地の５,6750051
9140002037472,株式会社エヌ・ディ・シー,兵庫県,加古川市,野口町野口１８１番地７,6750012
9140002038207,株式会社レストバリュ,兵庫県,加古川市,野口町水足１８１８番地の２０,6750019
9140002038215,株式会社セルフ,兵庫県,加古川市,別府町新野辺２０８６番地,6750131
9140003016434,株式会社ＴＭＫコンサルティング,兵庫県,加古川市,野口町坂元北４丁目３０番地の１,6750010
9140005009171,株式会社印南食品,兵庫県,加古川市,西神吉町岸８０２番地,6750045
9180001107900,株式会社コトブキ,兵庫県,加古川市,神野町福留７５７番地の１２,6750004
