法人番号,法人名,都道府県,市区町村,番地,郵便番号
1010001141436,ＳＴＥＰ　ＧＡＯＭＥＩ株式会社,兵庫県,姫路市,夢前町菅生澗１５２１番地,6712134
1011601012786,株式会社藤朋,兵庫県,姫路市,網干区坂上４８８番地４−３０５号,6711223
1012401018809,株式会社メロウ,兵庫県,姫路市,紺屋町５０番地,6700924
1120001008178,株式会社東海屋,兵庫県,姫路市,白浜町字万代新開甲９１２番地の８,6728023
1120001128455,株式会社エスケーテクノ,兵庫県,姫路市,南条４３０番地,6700952
1120001138669,株式会社ＵＣカンパニー,兵庫県,姫路市,新在家中の町１７−１７,6700094
1120001138891,株式会社Ｎｅｔｒｉｐ,兵庫県,姫路市,飾磨区構４丁目５２番地１,6728071
1120001142753,株式会社レイワーク,兵庫県,姫路市,飯田１丁目１０９番地キャッスルコート飯田５０３,6700974
1120001165548,株式会社ルート関西,兵庫県,姫路市,飾磨区今在家１４３０番地１０,6728079
1120001178327,株式会社モクラボ,兵庫県,姫路市,安富町三森４２１番地３,6712411
1120001201658,株式会社ヒューマンフィールエフシー,兵庫県,姫路市,西二階町５６番地,6700901
1120001205535,開進個別スクール株式会社,兵庫県,姫路市,東山５２４番地,6728014
1120001213240,株式会社ＡＲＩＡ,兵庫県,姫路市,八代東光寺町１２番１０−３０３号,6700873
1120001243948,株式会社ハピネスゲート,兵庫県,姫路市,夢前町前之庄２３５−２,6712103
1120001247684,ミカド株式会社,兵庫県,姫路市,花田町一本松９３番地２,6710253
1120101035130,ＥＭＦジャパン株式会社,兵庫県,姫路市,網干区高田３８１番地,6711226
1120901027995,株式会社ＰＩＣ教育企画,兵庫県,姫路市,大塩町３８番地１,6710101
1130001046672,株式会社大一リアライズ,兵庫県,姫路市,太市中１０２番地,6712233
1140001029916,オーレック株式会社,兵庫県,姫路市,下手野１丁目２１１番地１,6700063
1140001037448,株式会社なると,兵庫県,姫路市,的形町的形２１５番２,6710111
1140001037679,株式会社エム・ティーテック,兵庫県,姫路市,広畑区正門通３丁目４番地,6711116
1140001038751,株式会社今酢屋,兵庫県,姫路市,北条口２丁目８５番地ポレスタ−姫路ザ・レジデンス４０７,6700935
1140001038958,株式会社エントランス,兵庫県,姫路市,飾磨区今在家３丁目１０５番地２,6728079
1140001039774,株式会社カナモト建設,兵庫県,姫路市,玉手１丁目７２番地,6700985
1140001040815,ウエヤク株式会社,兵庫県,姫路市,飾磨区恵美酒２３０番地永田第５ビル１Ｆ,6728057
1140001043900,株式会社五光興産,兵庫県,姫路市,飾西２２１番地１,6712216
1140001057446,アークハリマ株式会社,兵庫県,姫路市,花田町加納原田７７１番地の１,6710252
1140001057454,株式会社ＩＣＳ,兵庫県,姫路市,飾磨区野田町２２番地,6728040
1140001057470,愛地ガラス株式会社,兵庫県,姫路市,南条１丁目３４番地,6700952
1140001057495,青山実業株式会社,兵庫県,姫路市,夢前町護持２６９番地の１,6712136
1140001057504,株式会社アイワ工業,兵庫県,姫路市,広畑区長町２丁目１１４番地の１,6711125
1140001057512,赤井化学株式会社,兵庫県,姫路市,楠町１５５番地,6700826
1140001057561,株式会社アサシヲ,兵庫県,姫路市,夢前町置本３２７番地１６,6712122
1140001057578,株式会社旭加工,兵庫県,姫路市,岡田字城ノ元４９９番地６,6700982
1140001057586,株式会社旭測器,兵庫県,姫路市,飾西５１９番の１,6712216
1140001057594,アサヒ食品株式会社,兵庫県,姫路市,飯田４５６番地の３,6700974
1140001057628,株式会社阿二商店,兵庫県,姫路市,広畑区北河原町１２番地,6711111
1140001057644,阿比野建設株式会社,兵庫県,姫路市,広畑区正門通４丁目３番地３,6711116
1140001057652,天野機器株式会社,兵庫県,姫路市,白国１丁目２番１５号,6700808
1140001057660,歩産業株式会社,兵庫県,姫路市,新在家１丁目１０番３号,6700095
1140001057669,株式会社アルコ・サンレオ,兵庫県,姫路市,御国野町深志野９５０番地,6710231
1140001057677,株式会社アルファ工房,兵庫県,姫路市,広畑区西夢前台５丁目２２５番地,6711103
1140001057685,有馬建設株式会社,兵庫県,姫路市,阿保乙４１番地３,6700944
1140001057693,五百城ニュートリイ株式会社,兵庫県,姫路市,亀山２丁目１８３番地,6700973
1140001057702,株式会社飯塚運動具店,兵庫県,姫路市,広畑区東新町１丁目３４番地,6711121
1140001057710,株式会社イー・ワイ・イー・プランニング,兵庫県,姫路市,下手野４丁目６番２０号,6700063
1140001057735,イシイ防災株式会社,兵庫県,姫路市,船津町５２７２−１３５,6792101
1140001057768,伊藤建設工業株式会社,兵庫県,姫路市,花田町勅旨１７９番地,6710254
1140001057776,株式会社苺屋,兵庫県,姫路市,北平野５丁目５番８号,6700893
1140001057792,株式会社市橋,兵庫県,姫路市,飾磨区細江１２６１番地の８,6728064
1140001057818,井上電機株式会社,兵庫県,姫路市,飾磨区思案橋１０８番地,6728075
1140001057826,株式会社犬賀工務店,兵庫県,姫路市,飾磨区中野田４丁目１９番地の１５,6728045
1140001057834,株式会社稲葉鉄工,兵庫県,姫路市,上手野４００番地の２,6700065
1140001057842,株式会社インペックス,兵庫県,姫路市,佃町１９番地ライオンズマンション姫路市役所前２０１号室,6728049
1140001057850,石本工業株式会社,兵庫県,姫路市,保城８２番地,6700804
1140001057875,株式会社ウィング,兵庫県,姫路市,広畑区蒲田２丁目４９番地１,6711102
1140001057891,ウエノ興産株式会社,兵庫県,姫路市,飾磨区今在家１０７３番地の３,6728079
1140001057900,株式会社植村,兵庫県,姫路市,亀井町３８番地,6700925
1140001057909,株式会社鵜飼鉄工所,兵庫県,姫路市,阿保甲５６８番地,6700944
1140001057917,内海印刷株式会社,兵庫県,姫路市,白国５丁目８番４号,6700808
1140001057925,梅岡株式会社,兵庫県,姫路市,北条口２丁目１０６番地,6700935
1140001057933,瓜本産業株式会社,兵庫県,姫路市,網干区坂出２１６番地３,6711228
1140001057958,衛生管理株式会社,兵庫県,姫路市,大津区天満２７６番地の６,6711143
1140001057982,株式会社栄和,兵庫県,姫路市,四郷町本郷字金市５１番地１文化シャッター株式会社姫路工場内,6710243
1140001057990,株式会社エコー,兵庫県,姫路市,駅前町３４４番地,6700927
1140001057999,株式会社エス・エフ・シー,兵庫県,姫路市,飾磨区三宅１丁目７４番地,6728048
1140001058007,株式会社エトウ,兵庫県,姫路市,網干区垣内東町１８８番地,6711252
1140001058015,株式会社榎工業所,兵庫県,姫路市,林田町林田１３３番地,6794206
1140001058023,株式会社エフ・エムワークス,兵庫県,姫路市,城東町五軒屋４番地の２６,6700849
1140001058048,株式会社エル,兵庫県,姫路市,呉服町２５番地,6700923
1140001058064,株式会社オーエム設計室,兵庫県,姫路市,城北新町１丁目１１番３１号,6700883
1140001058072,岡上運輸株式会社,兵庫県,姫路市,広畑区長町１丁目１８番地の１,6711125
1140001058080,株式会社おおぎビル,兵庫県,姫路市,西新在家１丁目２番１７号,6700096
1140001058089,大塩設備工業株式会社,兵庫県,姫路市,大塩町８９１番地の３,6710101
1140001058097,オーシャンウエスト株式会社,兵庫県,姫路市,坂元町６４番地,6700016
1140001058106,太田紙器工業株式会社,兵庫県,姫路市,豊富町御蔭１１９６番地,6792122
1140001058114,株式会社大谷塗料店,兵庫県,姫路市,岡田３６番地,6700982
1140001058122,大西設備工業株式会社,兵庫県,姫路市,飾磨区今在家字西荒新田１０５２番地の９,6728079
1140001058130,オーム電気エンジニアリング株式会社,兵庫県,姫路市,広峰２丁目４番１１号,6700882
1140001058155,株式会社岡常歯車製作所,兵庫県,姫路市,神田町１丁目１７番地,6700991
1140001058163,株式会社オガハラ,兵庫県,姫路市,飾磨区今在家６丁目２１６番地の１,6728079
1140001058171,株式会社オクムラ,兵庫県,姫路市,増位本町２丁目１２番１０号,6700807
1140001058196,株式会社小野設計,兵庫県,姫路市,神子岡前１丁目２番１号神子岡エイト,6700055
1140001058205,株式会社小原組,兵庫県,姫路市,田寺東３丁目７番１９号,6700081
1140001058213,関栄運輸株式会社,兵庫県,姫路市,広畑区本町１丁目３３番地,6711114
1140001058221,株式会社開拓建設,兵庫県,姫路市,広畑区東夢前台４丁目５番地の２,6711101
1140001058246,株式会社笠岡工務店,兵庫県,姫路市,飾磨区英賀乙３２番地の３,6728078
1140001058262,関西商品株式会社,兵庫県,姫路市,大黒壱丁町７３番地,6700853
1140001058270,株式会社関西フーズ,兵庫県,姫路市,町坪１７９番地の９,6700984
1140001058287,神崎殖産株式会社,兵庫県,姫路市,北条口３丁目２２番地,6700935
1140001058295,株式会社カシタニ,兵庫県,姫路市,飯田３丁目１０２番地,6700974
1140001058312,株式会社カトーテクノ,兵庫県,姫路市,広畑区吾妻町１丁目３５番地の３,6711154
1140001058320,株式会社加藤南測量事務所,兵庫県,姫路市,三左衛門堀東の町１０２番地,6700949
1140001058337,株式会社叶工業所,兵庫県,姫路市,白浜町甲８５０番地６,6728023
1140001058353,株式会社金田鉄骨,兵庫県,姫路市,飾磨区中島５５３番地の１,6728035
1140001058361,カネヨ食品工業株式会社,兵庫県,姫路市,西新在家３丁目１６番８号,6700096
1140001058386,株式会社川口自動車塗装工場,兵庫県,姫路市,花田町一本松１１６番地の３,6710253
1140001058394,株式会社カワシマヤ,兵庫県,姫路市,城東町京口台２５番地,6700845
1140001058411,苅谷建設株式会社,兵庫県,姫路市,広畑区清水町２丁目８番地の７,6711113
1140001058428,近畿ガス株式会社,兵庫県,姫路市,四郷町山脇１０６番３,6710248
1140001058436,菊池興業株式会社,兵庫県,姫路市,広畑区才１２５８番地,6711104
1140001058444,キンキパツク株式会社,兵庫県,姫路市,白浜町乙６８番地の６,6728023
1140001058452,岸建工株式会社,兵庫県,姫路市,飾磨区三宅１丁目１６８番地,6728048
1140001058469,株式会社吉兆建設,兵庫県,姫路市,井ノ口５９番地,6700983
1140001058477,キタノデンキ株式会社,兵庫県,姫路市,広畑区本町２丁目６４番地,6711114
1140001058485,株式会社北村工務店,兵庫県,姫路市,神子岡前１丁目１番１５号,6700055
1140001058493,株式会社北山建設,兵庫県,姫路市,白浜町宇佐崎北３丁目３８８番地,6728013
1140001058510,木村水産株式会社,兵庫県,姫路市,東延末５丁目６３番地,6700965
1140001058519,共栄産業株式会社,兵庫県,姫路市,駅前町２２７番地,6700927
1140001058527,旭栄鋳造株式会社,兵庫県,姫路市,網干区坂出１５５番地,6711228
1140001058535,株式会社共伸電機製作所,兵庫県,姫路市,網干区坂上２７３番地,6711223
1140001058543,協明プラスチツク株式会社,兵庫県,姫路市,西夢前台３丁目４３番地,6712214
1140001058551,共楽商事株式会社,兵庫県,姫路市,駅前町２９４番地,6700927
1140001058568,キャッスル産業株式会社,兵庫県,姫路市,城北新町３丁目１番１５−３０６号西山団地,6700883
1140001058576,株式会社ギャラリー・モア,兵庫県,姫路市,飾磨区中野田２丁目１２６番地,6728045
1140001058584,窪商運株式会社,兵庫県,姫路市,広畑区蒲田１丁目７番地,6711102
1140001058592,株式会社クルー,兵庫県,姫路市,土山東の町１３番６号,6700995
1140001058618,株式会社くろがね工作所,兵庫県,姫路市,野里２４３番地,6700811
1140001058626,株式会社サザンツリー,兵庫県,姫路市,飾西３３０番地,6712216
1140001058634,株式会社クロダ圧送工事,兵庫県,姫路市,継１８２番地の６,6728004
1140001058642,株式会社黒田製作所,兵庫県,姫路市,飾磨区構１０８６番地３,6728071
1140001058650,蔵前電機株式会社,兵庫県,姫路市,京口町１６９番地,6700851
1140001058659,株式会社ケーアール運輸,兵庫県,姫路市,下手野５丁目２３番３８号,6700063
1140001058667,虹技ロール株式会社,兵庫県,姫路市,大津区勘兵衛町４丁目１番地,6711132
1140001058675,株式会社啓豊建設,兵庫県,姫路市,飾磨区細江２１１０番地,6728064
1140001058683,株式会社ケンゾー技研,兵庫県,姫路市,別所町佐土８８６番地,6710224
1140001058691,株式会社興亜,兵庫県,姫路市,船津町２２８番地の１,6792101
1140001058709,株式会社交管,兵庫県,姫路市,別所町別所４丁目７７番地,6710221
1140001058717,虹技ブロワ株式会社,兵庫県,姫路市,大津区勘兵衛町４丁目１番地,6711132
1140001058725,晃進建設株式会社,兵庫県,姫路市,広畑区東新町３丁目２１番地,6711121
1140001058733,株式会社コウシヨウ,兵庫県,姫路市,東雲町２丁目２番地の６,6700046
1140001058741,興南開発株式会社,兵庫県,姫路市,川西２１３番地の２,6712212
1140001058758,株式会社神戸三共,兵庫県,姫路市,網干区大江島古川町１１２番地,6711233
1140001058766,河本建設株式会社,兵庫県,姫路市,花田町加納原田５８２番地１,6710252
1140001058774,株式会社光陽,兵庫県,姫路市,広畑区東夢前台４丁目１６番地,6711101
1140001058782,興陽精機株式会社,兵庫県,姫路市,白浜町乙３４１番地の３,6728023
1140001058790,株式会社興和,兵庫県,姫路市,安田４丁目１０２番地,6700955
1140001058799,広嶺商事株式会社,兵庫県,姫路市,広峰１丁目２番１５号,6700882
1140001058808,国際東洋物産株式会社,兵庫県,姫路市,神屋町２丁目３２番地,6700836
1140001058816,株式会社御座候,兵庫県,姫路市,阿保甲６１１番地の１,6700944
1140001058824,コスモメディカル株式会社,兵庫県,姫路市,広畑区小坂１３６番地１,6711156
1140001058832,後藤電材株式会社,兵庫県,姫路市,豊富町御蔭字堤ノ下１１９４番地,6792122
1140001058840,小谷産業株式会社,兵庫県,姫路市,御国野町御着１２８番地の１４,6710232
1140001058849,株式会社コトブキハウス,兵庫県,姫路市,古二階町３番地,6700936
1140001058857,株式会社古西商店,兵庫県,姫路市,刀出８２４番地,6712241
1140001058865,小林建築株式会社,兵庫県,姫路市,飾磨区英賀宮町１丁目３９番地,6728080
1140001058873,株式会社小林宝飾,兵庫県,姫路市,八代緑ケ丘町１番８号,6700886
1140001058898,山陽アルミ工業株式会社,兵庫県,姫路市,飾西７４７番地の４７,6712216
1140001058915,株式会社山陽総合鑑定,兵庫県,姫路市,東延末２丁目１６６番地,6700965
1140001058923,山陽産業株式会社,兵庫県,姫路市,奥山１６０番地,6728003
1140001058931,山陽種苗株式会社,兵庫県,姫路市,神屋町６丁目６５番地,6700836
1140001058956,山陽油脂工業株式会社,兵庫県,姫路市,幸町５８番地,6700835
1140001058964,三榮開発株式会社,兵庫県,姫路市,安田４丁目３５番地,6700955
1140001058980,サンエス石膏株式会社,兵庫県,姫路市,神屋町４丁目２２番地,6700836
1140001058989,株式会社サーブ,兵庫県,姫路市,大塩町汐咲１丁目８番地１,6710102
1140001058997,三輝株式会社,兵庫県,姫路市,飾磨区妻鹿１８１６番地の１,6728031
1140001059005,株式会社サカイ,兵庫県,姫路市,網干区新在家１２４３番地の７,6711234
1140001059013,サカエ自動車株式会社,兵庫県,姫路市,市之郷町４丁目１６番地の３,6700943
1140001059021,株式会社三光亭,兵庫県,姫路市,西新在家１丁目２番１５号,6700096
1140001059038,サンキシステム株式会社,兵庫県,姫路市,大津区長松４８０番地,6711144
1140001059046,株式会社サクハラ,兵庫県,姫路市,亀山１丁目１００番地,6700973
1140001059062,株式会社三協住宅,兵庫県,姫路市,大津区天満６０９番地の９,6711143
1140001059079,株式会社サンサン,兵庫県,姫路市,白浜町甲６０８番地,6728023
1140001059104,株式会社サンシャインサービス,兵庫県,姫路市,青山南４丁目７番２９号,6712223
1140001059112,株式会社サンテェム,兵庫県,姫路市,飾磨区細江１１１番地,6728064
1140001059129,株式会社サニクリーン姫路,兵庫県,姫路市,木場前中町３０番地,6728018
1140001059137,株式会社サンビーム,兵庫県,姫路市,飾磨区細江６６３番地の２,6728064
1140001059145,株式会社サプライ真,兵庫県,姫路市,田寺５丁目３番２８号,6700086
1140001059153,サンユー株式会社,兵庫県,姫路市,三左衛門堀西の町６５番地,6700940
1140001059178,三和スチール工業株式会社,兵庫県,姫路市,飾磨区今在家１１４６番地,6728079
1140001059194,株式会社サロン・ド・レイ,兵庫県,姫路市,御立北２丁目６番７号,6700071
1140001059203,株式会社ジェイ・イー・シー,兵庫県,姫路市,土山７丁目７番１５号,6700996
1140001059211,シンエイ機工株式会社,兵庫県,姫路市,南条２丁目５２番地,6700952
1140001059228,株式会社シーケンス,兵庫県,姫路市,小姓町９２番地,6700043
1140001059236,塩谷興産株式会社,兵庫県,姫路市,飾磨区構２丁目１０２番地,6728071
1140001059252,株式会社神広工務店,兵庫県,姫路市,神子岡前１丁目９番４１号,6700055
1140001059260,株式会社シカウラ,兵庫県,姫路市,広畑区西夢前台４丁目６８番地,6711103
1140001059277,株式会社シキシマ,兵庫県,姫路市,御国野町御着５６６番地,6710232
1140001059285,飾東電機株式会社,兵庫県,姫路市,飾東町佐良和４２５番地の１,6710217
1140001059302,株式会社神姫メンテナンス,兵庫県,姫路市,城東町１０７番地の５,6700841
1140001059310,株式会社真生技建,兵庫県,姫路市,大津区北天満町１０４番地の２,6711142
1140001059319,姫路燐寸株式会社,兵庫県,姫路市,白浜町乙４８３番地,6728023
1140001059327,株式会社システムワーク,兵庫県,姫路市,南今宿３番１０号,6700054
1140001059343,新日本住建株式会社,兵庫県,姫路市,辻井５丁目５番３３号,6700083
1140001059368,清水石油株式会社,兵庫県,姫路市,広畑区西夢前台４丁目３１番地,6711103
1140001059376,株式会社シミズパックス,兵庫県,姫路市,城見台２丁目１１１１番地の２３４,6700803
1140001059384,株式会社シマヤ,兵庫県,姫路市,飾磨区思案橋６０番地,6728075
1140001059418,住宅流通サービス株式会社,兵庫県,姫路市,東雲町５丁目６番地４,6700046
1140001059426,ショーワグローブ株式会社,兵庫県,姫路市,砥堀５６５番地,6700802
1140001059434,株式会社情報伝送システム,兵庫県,姫路市,国府寺町１８番地,6700852
1140001059442,株式会社ショーワパッケージ,兵庫県,姫路市,飾東町豊国１００９番地２９,6710219
1140001059450,株式会社ショーワ,兵庫県,姫路市,飾磨区恵美酒２５４番地の２,6728057
1140001059475,株式会社朱明堂,兵庫県,姫路市,二階町９１番地,6700922
1140001059483,株式会社シンワ工業,兵庫県,姫路市,大津区真砂町３２番地の２,6711134
1140001059491,しらさぎ観光バス株式会社,兵庫県,姫路市,市川台３丁目３番地,6700822
1140001059517,株式会社スイス,兵庫県,姫路市,飾磨区玉地７９７番地,6728052
1140001059533,株式会社菅本土木,兵庫県,姫路市,西中島３１番地の１３,6700805
1140001059541,鈴木木材株式会社,兵庫県,姫路市,砥堀２２５−１,6700802
1140001059566,正光美術株式会社,兵庫県,姫路市,北新在家３丁目１０番１５号,6700091
1140001059590,西播環境整備株式会社,兵庫県,姫路市,広畑区蒲田１丁目１５１６番地の７,6711102
1140001059599,西播不動産興業株式会社,兵庫県,姫路市,網干区垣内南町２４０番地の４,6711255
1140001059608,誠和工業株式会社,兵庫県,姫路市,広畑区西夢前台８丁目３０番地の２,6711103
1140001059616,成和電子工業株式会社,兵庫県,姫路市,白浜町宇佐崎南１丁目５１番地,6728022
1140001059632,株式会社セキュリティ,兵庫県,姫路市,砥堀１１０番地の１,6700802
1140001059640,瀬戸産業株式会社,兵庫県,姫路市,南条１３番地の１,6700952
1140001059649,株式会社セブンジャパン,兵庫県,姫路市,本町２１４番地城南ビル３階,6700012
1140001059665,双栄工業株式会社,兵庫県,姫路市,花田町加納原田５０１番地の３,6710252
1140001059673,総合住研株式会社,兵庫県,姫路市,実法寺６１４番地,6712244
1140001059681,株式会社創真,兵庫県,姫路市,土山東の町１３番６号,6700995
1140001059698,株式会社辰己ハウスサービス,兵庫県,姫路市,辻井１丁目２番２２号,6700083
1140001059707,第一安全工業株式会社,兵庫県,姫路市,市之郷１２６９番地の１,6700943
1140001059715,第一ゴルフ株式会社,兵庫県,姫路市,五軒邸３丁目４５番地,6700854
1140001059731,株式会社大晃,兵庫県,姫路市,飾磨区中浜町３丁目１３８番地,6728085
1140001059748,大寛建設株式会社,兵庫県,姫路市,東山７６０番地の１,6728014
1140001059756,大共工業株式会社,兵庫県,姫路市,大津区西土井７番地の１７,6711141
1140001059764,株式会社大宣,兵庫県,姫路市,北今宿２丁目４番４１号,6700057
1140001059772,株式会社大成企画,兵庫県,姫路市,南駅前町８２番地,6700962
1140001059780,太成ハウジング株式会社,兵庫県,姫路市,飾東町庄１７８番地の６,6710218
1140001059789,株式会社大翔,兵庫県,姫路市,広畑区東新町１丁目２１番地４,6711121
1140001059797,ダイセル網干産業株式会社,兵庫県,姫路市,網干区新在家１２３９番地,6711234
1140001059806,大同通信工業株式会社,兵庫県,姫路市,北平野台町２番２９号,6700895
1140001059814,高砂機鋼株式会社,兵庫県,姫路市,土山東の町８番１５号,6700995
1140001059830,株式会社大豊,兵庫県,姫路市,飾磨区加茂南７８５番地,6728069
1140001059839,株式会社ダイマツ,兵庫県,姫路市,城見町２２番地の１,6700831
1140001059847,太陽開発産業株式会社,兵庫県,姫路市,延末１丁目９０番地,6700966
1140001059863,大和株式会社,兵庫県,姫路市,網干区新在家３３４番地,6711234
1140001059871,大和瓦産業株式会社,兵庫県,姫路市,四郷町明田７５番地の７,6710245
1140001059888,大和薬品株式会社,兵庫県,姫路市,北条口１丁目５９番地,6700935
1140001059896,竹内建設株式会社,兵庫県,姫路市,飾東町北野２２０番地,6710202
1140001059905,株式会社武工務店,兵庫県,姫路市,三条町１丁目１４番地,6700953
1140001059913,タカシマ自動機株式会社,兵庫県,姫路市,四郷町明田７５番地の８,6710245
1140001059921,竹田建設株式会社,兵庫県,姫路市,砥堀４５５番地の１,6700802
1140001059938,株式会社タカハシ,兵庫県,姫路市,綿町７６番地,6700921
1140001059946,株式会社高浜呉服店,兵庫県,姫路市,広畑区東新町３丁目１４番地,6711121
1140001059954,株式会社工デザイン,兵庫県,姫路市,広畑区蒲田３丁目１２０番地,6711102
1140001059962,シンロテック株式会社,兵庫県,姫路市,北条１０６６番地８,6700947
1140001059979,株式会社ダック,兵庫県,姫路市,元町９８番地,6700049
1140001059987,株式会社竜野興業,兵庫県,姫路市,四郷町見野５３８番地の２,6710244
1140001059995,株式会社技威,兵庫県,姫路市,市之郷１２６８番地８,6700000
1140001060004,谷井運輸株式会社,兵庫県,姫路市,神田町２丁目１１番地,6700991
1140001060012,田中苦汁株式会社,兵庫県,姫路市,安田１丁目６番地,6700955
1140001060053,株式会社中央商事,兵庫県,姫路市,福沢町１４８番地,6700992
1140001060078,ジャパンベンダー株式会社,兵庫県,姫路市,飾磨区構５丁目３５,6728071
1140001060086,株式会社筒井工務店,兵庫県,姫路市,白浜町宇佐崎中１丁目２４３番地１,6728021
1140001060094,株式会社堤瓦店,兵庫県,姫路市,網干区垣内西町２１３３番地,6711256
1140001060103,ツボサカエナジー株式会社,兵庫県,姫路市,安田４丁目８３番地,6700955
1140001060111,株式会社つばめや,兵庫県,姫路市,駅前町２２２番地,6700927
1140001060136,株式会社電化推進サービス,兵庫県,姫路市,北条１７２番地,6700947
1140001060144,株式会社デコ・フォルテ,兵庫県,姫路市,家島町真浦２１３６番地の３３,6720101
1140001060152,株式会社テック・ジャパン,兵庫県,姫路市,双葉町２４番地,6700832
1140001060169,寺前電機株式会社,兵庫県,姫路市,三条町１丁目７８番地,6700953
1140001060177,東亜製鎖株式会社,兵庫県,姫路市,白浜町乙３６２番地,6728023
1140001060185,東晃建設株式会社,兵庫県,姫路市,豊富町豊富３５６４番地,6792123
1140001060193,株式会社東京日東社,兵庫県,姫路市,東山５２４番地,6728014
1140001060202,株式会社トイ写真店,兵庫県,姫路市,河間町８４番地の２,6700001
1140001060210,東邦電気工事株式会社,兵庫県,姫路市,山野井町１２８番地の４,6700021
1140001060219,東洋運輸株式会社,兵庫県,姫路市,市之郷町４丁目２４番地,6700943
1140001060235,東洋住研株式会社,兵庫県,姫路市,飾磨区細江５２０番地３１,6728064
1140001060251,東和産業株式会社,兵庫県,姫路市,立町１９番地,6700903
1140001060268,株式会社トップマネジメントサービス,兵庫県,姫路市,船橋町２丁目１番地の３,6700048
1140001060276,トミクラ産業株式会社,兵庫県,姫路市,花田町高木２０９番地の１,6710256
1140001060284,株式会社富屋,兵庫県,姫路市,広畑区東新町３丁目１４７番地,6711121
1140001060292,株式会社トリコロールイリエ,兵庫県,姫路市,花田町上原田３０７番地の３,6710251
1140001060301,株式会社東洋機械製作所,兵庫県,姫路市,北新在家２丁目１８番２７号,6700091
1140001060318,永井産業株式会社,兵庫県,姫路市,北条宮の町３８５番地,6700948
1140001060334,中川金属工業株式会社,兵庫県,姫路市,御国野町御着字五反坪２番地,6710232
1140001060342,株式会社ナカジマ,兵庫県,姫路市,紺屋町４４番地,6700924
1140001060350,中城産業株式会社,兵庫県,姫路市,野里東同心町３番１５号,6700863
1140001060359,株式会社仲田倉庫,兵庫県,姫路市,新在家２丁目２番３号,6700095
1140001060367,株式会社ナカノ,兵庫県,姫路市,苫編４１２番地の１,6700986
1140001060383,中原倉庫株式会社,兵庫県,姫路市,辻井３丁目５番６０号,6700083
1140001060391,中村建設株式会社,兵庫県,姫路市,飾磨区三宅３丁目３１番地,6728048
1140001060400,株式会社中山商会,兵庫県,姫路市,花田町加納原田９０９番地の１,6710252
1140001060417,株式会社ナビゲーター,兵庫県,姫路市,御国野町国分寺４７６番地,6710234
1140001060425,鳴瀬窯業株式会社,兵庫県,姫路市,林田町林田８３番地,6794206
1140001060433,株式会社二木商店,兵庫県,姫路市,林田町林谷５７４番地の３,6794221
1140001060441,西尾塗装工業株式会社,兵庫県,姫路市,南今宿６番８号,6700054
1140001060466,株式会社西直,兵庫県,姫路市,手柄字山の前３５番地,6700972
1140001060474,西日本産業株式会社,兵庫県,姫路市,土山４丁目１０番４１号,6700996
1140001060482,トウワインフラテックス株式会社,兵庫県,姫路市,四郷町本郷２２０番地,6710243
1140001060490,株式会社西山自動車,兵庫県,姫路市,花田町一本松２３１番地の２,6710253
1140001060499,日興空調工業株式会社,兵庫県,姫路市,広畑区吾妻町１丁目６７番地２,6711154
1140001060508,日姫興産株式会社,兵庫県,姫路市,紺屋町５１番地,6700924
1140001060516,日製興産株式会社,兵庫県,姫路市,土山東の町１４番１０号,6700995
1140001060524,姫路興産株式会社,兵庫県,姫路市,豊富町豊富７００番地,6792123
1140001060532,株式会社日進サーベー,兵庫県,姫路市,山田町西山田１８４番地２,6792115
1140001060540,日正不動産株式会社,兵庫県,姫路市,五軒邸２丁目４８番地,6700854
1140001060549,日東ホンダ株式会社,兵庫県,姫路市,網干区新在家１４１５番地の２,6711234
1140001060557,株式会社山三,兵庫県,姫路市,船丘町３００番地１,6700034
1140001060565,株式会社日本観光旅行社,兵庫県,姫路市,御立西１丁目１１番２２号,6700074
1140001060573,日本システムサイエンス株式会社,兵庫県,姫路市,南町６３番地,6700912
1140001060598,日本選鋼株式会社,兵庫県,姫路市,飾磨区中島２９４６番地,6728035
1140001060607,株式会社ニューヒメジ,兵庫県,姫路市,網干区高田３６１番地１,6711226
1140001060615,乃木総合建設株式会社,兵庫県,姫路市,飾磨区妻鹿１３６７番地の２,6728031
1140001060623,株式会社ノバ,兵庫県,姫路市,城北本町５番２７号,6700884
1140001060631,株式会社ノリムネ,兵庫県,姫路市,飾磨区中島３２４５番地,6728035
1140001060656,株式会社白都,兵庫県,姫路市,阿保甲７５３番地１,6700944
1140001060664,株式会社白鷺,兵庫県,姫路市,豊富町豊富３９０４番地の２０,6792123
1140001060672,株式会社ハクロ建設,兵庫県,姫路市,南条４３０番地,6700952
1140001060680,株式会社白鷺堂本舗,兵庫県,姫路市,保城６３６番地の５,6700804
1140001060689,株式会社バンザイサービス姫路,兵庫県,姫路市,飾東町豊国９７７−４,6710219
1140001060697,株式会社長谷川新聞舖,兵庫県,姫路市,西今宿６丁目２１番１６号,6700061
1140001060706,羽柴産業株式会社,兵庫県,姫路市,福沢町１４８番地,6700992
1140001060722,株式会社ハクロ工務店,兵庫県,姫路市,兼田９２８番地の４,6728001
1140001060730,播州土地株式会社,兵庫県,姫路市,五軒邸３丁目２０番地,6700854
1140001060755,花影建設株式会社,兵庫県,姫路市,飾東町豊国２０番地の１,6710219
1140001060771,株式会社浜田運送,兵庫県,姫路市,白浜町乙２２１番地の５,6728023
1140001060788,株式会社浜本研二商店,兵庫県,姫路市,広畑区末広町３丁目５番地,6711115
1140001060796,林建設株式会社,兵庫県,姫路市,実法寺４３１番地の３,6712244
1140001060805,株式会社ハルウェイ,兵庫県,姫路市,南今宿３番３０号,6700054
1140001060813,株式会社原田硝子店,兵庫県,姫路市,東辻井２丁目１番７号,6700084
1140001060846,ハリマ共和物産株式会社,兵庫県,姫路市,飾東町庄３１３番地,6710218
1140001060870,株式会社播磨ライフサービス,兵庫県,姫路市,南新在家１番１号,6700093
1140001060887,姫路今津青果株式会社,兵庫県,姫路市,久保町８８番地,6700916
1140001060904,姫路港木材株式会社,兵庫県,姫路市,網干区垣内東町１５４番地,6711252
1140001060912,姫路ガス株式会社,兵庫県,姫路市,東今宿３丁目９番６号,6700056
1140001060920,株式会社姫路建築事務所,兵庫県,姫路市,市之郷９０２番地,6700943
1140001060929,株式会社姫路カワサキ,兵庫県,姫路市,延末２４５番地の６,6700966
1140001060937,株式会社姫路葬祭センター,兵庫県,姫路市,野里９５２番地の９,6700811
1140001060945,姫路新建材株式会社,兵庫県,姫路市,飾磨区恵美酒２９３番地の５,6728057
1140001060961,株式会社姫路松竹座,兵庫県,姫路市,白銀町７７番地,6700902
1140001060978,姫路テクノ株式会社,兵庫県,姫路市,中地３５０番地１,6700976
1140001060986,株式会社姫路テント,兵庫県,姫路市,実法寺３３４番地１,6712244
1140001060994,姫路中央漬物株式会社,兵庫県,姫路市,飯田字湯田４８８番地,6700974
1140001061002,姫路ナシヨナル西販売株式会社,兵庫県,姫路市,土山６丁目４番５号,6700996
1140001061010,株式会社姫路飯店,兵庫県,姫路市,阿保乙３０１番地アルファスマート東姫路駅５０３号,6700944
1140001061019,株式会社姫路ホンダ,兵庫県,姫路市,保城９３７番地の１０,6700804
1140001061027,株式会社姫路鍍金工業所,兵庫県,姫路市,北条字北河原９７８番地,6700947
1140001061035,姫路メタリコン株式会社,兵庫県,姫路市,飾磨区構１１３９番地,6728071
1140001061043,姫路屋ライスセンター株式会社,兵庫県,姫路市,西中島３０５番地の７,6700805
1140001061051,株式会社姫路ロッジ白馬,兵庫県,姫路市,北条梅原町１４５番地,6700945
1140001061068,光工業株式会社,兵庫県,姫路市,大津区勘兵衛町４丁目３４番地２,6711132
1140001061084,株式会社ヒツジヤ,兵庫県,姫路市,二階町９３番地,6700922
1140001061092,株式会社日之出食堂,兵庫県,姫路市,南畝町１丁目４１番地コーポ日之出５０２,6700961
1140001061118,株式会社姫大・コーポレーション,兵庫県,姫路市,南今宿５番３号,6700054
1140001061126,株式会社姫昌,兵庫県,姫路市,林田町林谷９２２番地,6794221
1140001061134,兵庫エルビー株式会社,兵庫県,姫路市,飾磨区妻鹿１７３２番地,6728031
1140001061142,兵庫紙パルプ株式会社,兵庫県,姫路市,網干区浜田１３２０番地１１,6711242
1140001061159,ヒョウゴ電器株式会社,兵庫県,姫路市,城北新町２丁目１番２３号,6700883
1140001061167,兵庫フォークリフト株式会社,兵庫県,姫路市,兼田４１４番地の１,6728001
1140001061175,兵庫ベンダ工業株式会社,兵庫県,姫路市,網干区浜田１５５５番地１６,6711242
1140001061183,兵紙運輸株式会社,兵庫県,姫路市,豊富町豊富２３６５番地３,6792123
1140001061191,株式会社兵分商事,兵庫県,姫路市,広畑区正門通４丁目１０番地の８,6711116
1140001061200,株式会社平井商店,兵庫県,姫路市,東雲町３丁目１番地,6700046
1140001061209,廣瀬造園土木株式会社,兵庫県,姫路市,岡田４５９番地の１,6700982
1140001061217,平田産業株式会社,兵庫県,姫路市,城見台３丁目１１１１番地１３７,6700803
1140001061225,株式会社廣納鉄筋,兵庫県,姫路市,京町１丁目１４番地９,6700824
1140001061233,株式会社ヒロネット,兵庫県,姫路市,広畑区本町１丁目２３番地,6711114
1140001061241,廣畑共栄株式会社,兵庫県,姫路市,広畑区北野町２丁目５９番地,6711112
1140001061258,株式会社ヒロヤ,兵庫県,姫路市,飾磨区三宅２丁目２６番地,6728048
1140001061274,株式会社ブンカ,兵庫県,姫路市,花田町加納原田７６９番地の１,6710252
1140001061282,株式会社福岡商店,兵庫県,姫路市,山田町南山田４７４番地,6792113
1140001061290,株式会社福光ビル,兵庫県,姫路市,白銀町４１番地,6700902
1140001061299,株式会社福島建設,兵庫県,姫路市,林田町林谷７７７番地の３,6794221
1140001061308,株式会社文化堂,兵庫県,姫路市,二階町２６番地,6700922
1140001061316,株式会社文化テント装備,兵庫県,姫路市,大津区天神町１丁目４２番地の８,6711131
1140001061324,株式会社福原組,兵庫県,姫路市,大津区真砂町２５番地,6711134
1140001061332,株式会社福本商事本店,兵庫県,姫路市,別所町別所６５９番地,6710221
1140001061340,ふくよし食品株式会社,兵庫県,姫路市,飾磨区須加２９４番地,6728063
1140001061349,株式会社藤井電工,兵庫県,姫路市,飾磨区英賀春日町２丁目５３番地,6728092
1140001061357,富士高速印刷株式会社,兵庫県,姫路市,林田町上伊勢９６２番地の３,6794232
1140001061373,富士スチール工業株式会社,兵庫県,姫路市,西脇１０５９番地の２,6712234
1140001061381,株式会社フジデン,兵庫県,姫路市,白鳥台２丁目２０番１３号,6712245
1140001061398,株式会社藤原工業所,兵庫県,姫路市,木場前中町３番地,6728018
1140001061415,富士冷蔵株式会社,兵庫県,姫路市,延末４７２番地,6700966
1140001061423,株式会社フタバ商会,兵庫県,姫路市,飾東町庄２５番地の６,6710218
1140001061472,株式会社ペドデンタルサービス,兵庫県,姫路市,南駅前町４番地,6700962
1140001061480,株式会社ヘルシーライフ,兵庫県,姫路市,白鳥台３丁目２１番２５号,6712245
1140001061497,株式会社ホウセイ,兵庫県,姫路市,広畑区東新町３丁目２０番地,6711121
1140001061506,北條燐寸株式会社,兵庫県,姫路市,飾磨区英賀西町２丁目４３番地,6728088
1140001061514,株式会社豊洋商会,兵庫県,姫路市,京町１丁目２７８番地の２,6700824
1140001061522,北伸電設株式会社,兵庫県,姫路市,網干区新在家１３７３番地,6711234
1140001061530,株式会社本城建設,兵庫県,姫路市,東夢前台３丁目１２８番地の１,6700064
1140001061539,株式会社ボツシユ,兵庫県,姫路市,白浜町寺家２丁目６４番地の１,6728012
1140001061547,本田冷蔵株式会社,兵庫県,姫路市,網干区高田３５５番地,6711226
1140001061555,株式会社ホワイト,兵庫県,姫路市,青山西４丁目２番１号,6712224
1140001061571,前田建設株式会社,兵庫県,姫路市,花田町小川３４３番地の３,6710255
1140001061596,株式会社マコト,兵庫県,姫路市,本町６８番地,6700012
1140001061605,株式会社雅人,兵庫県,姫路市,福中町２６番地の２,6700017
1140001061613,株式会社増田商事,兵庫県,姫路市,網干区新在家１４３７番地,6711234
1140001061621,株式会社マツイ,兵庫県,姫路市,白浜町寺家１丁目１１０番地１,6728012
1140001061638,松建株式会社,兵庫県,姫路市,網干区垣内南町１９７０番地,6711255
1140001061646,株式会社松田器械店,兵庫県,姫路市,十二所前町８５番地,6700911
1140001061654,株式会社マトノ製菓舗,兵庫県,姫路市,神屋町４丁目４１番地,6700836
1140001061662,松本工業株式会社,兵庫県,姫路市,広畑区西蒲田１０１７番地の８,6711107
1140001061670,株式会社松本商事,兵庫県,姫路市,網干区浜田１１８番地の１,6711242
1140001061687,マルヱ醤油株式会社,兵庫県,姫路市,大津区長松４９２番地,6711144
1140001061695,株式会社丸五商会,兵庫県,姫路市,飾磨区野田町１２番地の２,6728040
1140001061704,株式会社マルシン,兵庫県,姫路市,広畑区正門通４丁目３番地の５,6711116
1140001061712,丸三商工株式会社,兵庫県,姫路市,飾磨区御幸２５番地,6728056
1140001061720,株式会社丸徳,兵庫県,姫路市,忍町８番地,6700917
1140001061729,丸二運送株式会社,兵庫県,姫路市,花田町一本松８３番地の１,6710253
1140001061737,丸八工業株式会社,兵庫県,姫路市,実法寺６６番地１,6712244
1140001061745,マルモ自動車株式会社,兵庫県,姫路市,西延末字塚原１００番地,6700971
1140001061761,三木簡易ガス株式会社,兵庫県,姫路市,飾磨区中島３００１番地,6728035
1140001061778,株式会社御国,兵庫県,姫路市,御国野町国分寺３８２番地,6710234
1140001061794,三鈴工業株式会社,兵庫県,姫路市,広畑区小松町４丁目４８番地,6711152
1140001061836,ミヤケ株式会社,兵庫県,姫路市,飾東町庄宮前２７１−１,6710218
1140001061844,宮川工業株式会社,兵庫県,姫路市,広畑区吾妻町１丁目２８番地,6711154
1140001061852,宮武鉄工株式会社,兵庫県,姫路市,網干区浜田１５７９番地,6711242
1140001061860,株式会社宮本組,兵庫県,姫路市,飾磨区英賀宮町１丁目１７番地,6728080
1140001061869,株式会社三輪,兵庫県,姫路市,南町６３番地,6700912
1140001061885,株式会社村上ハウジング,兵庫県,姫路市,白国１丁目１６番５号,6700808
1140001061893,株式会社村山建設工業,兵庫県,姫路市,白浜町甲４０２番地,6728023
1140001061910,株式会社明電社,兵庫県,姫路市,手柄１丁目１番地ファーストイン手柄２０４号,6700972
1140001061919,妻鹿電機株式会社,兵庫県,姫路市,飾磨区細江２２１１番地,6728064
1140001061927,株式会社メディック,兵庫県,姫路市,飾磨区下野田３丁目２５７番地,6728044
1140001061968,株式会社森下工務店,兵庫県,姫路市,白浜町乙８１８番地の４,6728023
1140001061976,株式会社森鉄工所,兵庫県,姫路市,若菜町１丁目２０番地の１７,6700941
1140001061984,株式会社ヤン,兵庫県,姫路市,北条口２丁目７６番地,6700935
1140001061992,株式会社八木工務店,兵庫県,姫路市,御立中８丁目８番１８号,6700073
1140001062000,八木産業機器研究開発株式会社,兵庫県,姫路市,辻井７丁目２番５２号,6700083
1140001062025,株式会社安野産業,兵庫県,姫路市,御国野町深志野９５０番地,6710231
1140001062033,株式会社安室組コーポレーション,兵庫県,姫路市,上手野４２１番地,6700065
1140001062041,矢野建材株式会社,兵庫県,姫路市,広畑区末広町１丁目２４番地,6711115
1140001062058,ヤマコーソーイング株式会社,兵庫県,姫路市,北平野１丁目３番３３号,6700893
1140001062066,株式会社山口商店,兵庫県,姫路市,飾磨区野田町４３番地,6728040
1140001062074,株式会社ヤマサン,兵庫県,姫路市,豊富町豊富３７２０番地の２,6792123
1140001062082,ヤマサ食品株式会社,兵庫県,姫路市,東延末４１９番地,6700965
1140001062090,株式会社ヤマダ,兵庫県,姫路市,飾磨区細江６７８番地の３,6728064
1140001062099,山田産業株式会社,兵庫県,姫路市,網干区新在家５４２番地,6711234
1140001062108,大和ビルメンテナンス株式会社,兵庫県,姫路市,飾磨区中島９６６番地,6728035
1140001062124,山野印刷株式会社,兵庫県,姫路市,岡田４７９番地,6700982
1140001062132,株式会社山根洋服店,兵庫県,姫路市,立町３４番地,6700903
1140001062140,山本鑿泉水道株式会社,兵庫県,姫路市,龍野町６丁目３６番地,6700032
1140001062149,山本ホンダ販売株式会社,兵庫県,姫路市,花田町小川９５番１,6710255
1140001062165,有協電設株式会社,兵庫県,姫路市,砥堀４７番地の１,6700802
1140001062173,雪姫食品株式会社,兵庫県,姫路市,延末２９５番地姫路中央卸売市場内,6700966
1140001062181,株式会社Ｌａｎｄ１３６,兵庫県,姫路市,花田町高木８０番地,6710256
1140001062198,ヨコタワークセンター株式会社,兵庫県,姫路市,別所町佐土３丁目９７番地,6710224
1140001062207,ヨシカワ株式会社,兵庫県,姫路市,青山３丁目１０番７号,6712222
1140001062231,株式会社読宣ＷＥＳＴ,兵庫県,姫路市,飾磨区野田町２０番地,6728040
1140001062248,株式会社ライトハウス,兵庫県,姫路市,辻井１丁目３番１６号,6700083
1140001062256,ワールドエネルギーシステム株式会社,兵庫県,姫路市,呉服町２４番地,6700923
1140001062264,株式会社和興,兵庫県,姫路市,広峰１丁目６番２１号,6700882
1140001062280,株式会社ワンステップ,兵庫県,姫路市,北条口２丁目６６番地,6700935
1140001062306,株式会社理創化研,兵庫県,姫路市,網干区北新在家２５０番地,6711235
1140001062322,菱姫商事株式会社,兵庫県,姫路市,北条１１２８番地の２,6700947
1140001062330,竜和電機株式会社,兵庫県,姫路市,大津区天神町１丁目４７番地の１２,6711131
1140001062347,株式会社ロエン,兵庫県,姫路市,花影町１丁目２０番地,6700047
1140001062355,株式会社ローレル化成,兵庫県,姫路市,宮西町１丁目５番地,6700837
1140001062363,板家建設株式会社,兵庫県,姫路市,夢前町前之庄２１４７番地１,6712103
1140001062396,セリカワ石油株式会社,兵庫県,姫路市,夢前町置本４５６番地９,6712122
1140001062405,壷坂酒造株式会社,兵庫県,姫路市,夢前町前之庄１４１８番地の１,6712103
1140001062413,株式会社永安林業,兵庫県,姫路市,夢前町菅生澗１４６８番地の１,6712134
1140001062421,バードヒル夢前株式会社,兵庫県,姫路市,夢前町新庄６６５番地,6712102
1140001062438,前川建設株式会社,兵庫県,姫路市,香寺町田野９３５番地１,6792153
1140001062446,株式会社邸ホームズアンドガーデンズ,兵庫県,姫路市,夢前町菅生澗１３２０番地の２３,6712134
1140001062454,夢前農機株式会社,兵庫県,姫路市,夢前町塩田字中内１０１番地の１６,6712112
1140001062462,安積造船建設株式会社,兵庫県,姫路市,家島町真浦４５番地,6720101
1140001062470,株式会社板倉石油店,兵庫県,姫路市,家島町宮１０６６番地,6720102
1140001062479,天晴水産株式会社,兵庫県,姫路市,家島町坊勢６９７番地の５６,6720103
1140001062487,株式会社ケンコー,兵庫県,姫路市,家島町真浦１３１７番地,6720101
1140001062495,三栄海運建設株式会社,兵庫県,姫路市,家島町真浦１１３４番地,6720101
1140001062504,神力海運建設株式会社,兵庫県,姫路市,家島町真浦４９番地の３,6720101
1140001062512,橘建設株式会社,兵庫県,姫路市,家島町宮９２６番地の８,6720102
1140001062529,橋野工業株式会社,兵庫県,姫路市,家島町真浦１２９７番地,6720101
1140001062545,報湾建設株式会社,兵庫県,姫路市,家島町真浦２４０７番地１,6720101
1140001062553,株式会社村角海運,兵庫県,姫路市,家島町真浦１２０４番地,6720101
1140001062561,若宮海運建設株式会社,兵庫県,姫路市,家島町真浦５７５番地の１,6720101
1140001062578,株式会社関西リベラル,兵庫県,姫路市,余部区上余部１４４番１,6711262
1140001062586,株式会社キャリアネット,兵庫県,姫路市,南町１番地,6700912
1140001062594,株式会社フヨウコーポレーション,兵庫県,姫路市,五軒邸４丁目３６番地,6700854
1140001062603,株式会社東原運輸,兵庫県,姫路市,北原１８２番１,6728002
1140001062611,株式会社リフォーム兵庫,兵庫県,姫路市,東今宿３丁目１１番２号,6700056
1140001062628,株式会社ビッグ,兵庫県,姫路市,飾東町豊国１０２６番地,6710219
1140001062644,株式会社辰己企画,兵庫県,姫路市,辻井１丁目１番２３号,6700083
1140001062660,株式会社ぬうびじょん,兵庫県,姫路市,飾磨区三宅１丁目１３８番地,6728048
1140001062677,株式会社マシンソル,兵庫県,姫路市,東延末１丁目４番地,6700965
1140001062685,株式会社丸専,兵庫県,姫路市,西新在家２丁目９番１２号,6700096
1140001062693,株式会社プランニングアート,兵庫県,姫路市,東延末４丁目６０番地タイホービル東延末４Ｆ,6700965
1140001062702,株式会社ハヤマテック,兵庫県,姫路市,広畑区正門通１丁目５番地の９,6711116
1140001062710,株式会社堀尾自動車部品,兵庫県,姫路市,西庄甲２３６番地の２,6700981
1140001062719,株式会社竹内工業,兵庫県,姫路市,広畑区蒲田１丁目１４４番地,6711102
1140001062727,フィールド開発株式会社,兵庫県,姫路市,岡田５７９番地３,6700982
1140001062735,株式会社城北,兵庫県,姫路市,保城２２３番地の５,6700804
1140001062768,株式会社光商,兵庫県,姫路市,飾磨区細江１３０４番地,6728064
1140001062792,株式会社マルセイ,兵庫県,姫路市,飾磨区妻鹿９７９番地の１,6728031
1140001063106,株式会社サクセス,兵庫県,姫路市,広畑区末広町１５０４番地,6700000
1140001063163,山陽開発株式会社,兵庫県,姫路市,新在家中の町１２番１４号,6700094
1140001063221,株式会社やぶの,兵庫県,姫路市,北今宿２丁目４番４０号,6700057
1140001063246,株式会社クリエーショントゥモロー,兵庫県,姫路市,北新在家３丁目８番１号,6700091
1140001063378,株式会社大塚ジオマ,兵庫県,姫路市,香寺町中仁野５１番地１,6792143
1140001063386,河鹿電機株式会社,兵庫県,姫路市,船津町４０３０番地１,6792101
1140001063394,神崎総業株式会社,兵庫県,姫路市,香寺町香呂９４番地の７,6792151
1140001063485,スピードキング株式会社,兵庫県,姫路市,神屋町４丁目１２番地,6700836
1140001063493,棚原森林株式会社,兵庫県,姫路市,香寺町恒屋１９９０番地,6792165
1140001063510,テラマエ設備工業株式会社,兵庫県,姫路市,三左衛門堀東の町１４番地,6700949
1140001063535,中川道路土木株式会社,兵庫県,姫路市,香寺町広瀬１１２番地１２,6792142
1140001063551,ニチボウ株式会社,兵庫県,姫路市,安田４丁目４１番地９,6700955
1140001063725,橋本株式会社,兵庫県,姫路市,香寺町溝口１１８８番地１,6792161
1140001063733,株式会社ハーバル・シーズン,兵庫県,姫路市,北平野６丁目１番８号,6700893
1140001063741,ヤマトスチール株式会社,兵庫県,姫路市,大津区吉美３８０番地,6711133
1140001063758,播州吉川輸送株式会社,兵庫県,姫路市,飾磨区細江１２９２番地の１,6728064
1140001063790,株式会社テクノエイドケアセンター姫路,兵庫県,姫路市,青山５丁目１０番１９号,6712222
1140001063808,東亜フーズ株式会社,兵庫県,姫路市,高岡新町５番１８号,6700062
1140001063824,関西サイエンスクリエイト株式会社,兵庫県,姫路市,安田４丁目３３番６号,6700955
1140001063832,株式会社西播プラント,兵庫県,姫路市,花田町小川７６２番地１７,6710255
1140001063840,株式会社三木商店,兵庫県,姫路市,延末１丁目６６番地,6700966
1140001063849,株式会社関西ポートリー,兵庫県,姫路市,豊富町神谷２２７９番地,6792121
1140001063865,株式会社浅海建設,兵庫県,姫路市,町坪４０９番地の１,6700984
1140001063881,株式会社水源,兵庫県,姫路市,四郷町山脇２８３番地,6710248
1140001063907,株式会社サン・メタル,兵庫県,姫路市,白浜町神田２丁目８２番地の２,6728011
1140001063915,株式会社リブライフ,兵庫県,姫路市,岡田７２３番地１,6700982
1140001063956,株式会社モリシタ・アット・リフォーム,兵庫県,姫路市,東辻井１丁目８番３５号,6700084
1140001063980,株式会社さくら,兵庫県,姫路市,御国野町深志野２１７−１,6710231
1140001063989,株式会社ラ・カサコーポレーション,兵庫県,姫路市,南条２丁目１２７番地,6700952
1140001063997,株式会社ＭＩＴＳＵＹＡ,兵庫県,姫路市,岡田３５０番地１,6700982
1140001064005,株式会社ファインシステム,兵庫県,姫路市,東延末１丁目１５８番地１,6700965
1140001064013,株式会社幸楽,兵庫県,姫路市,香寺町溝口２２５番地２０５,6792161
1140001064021,株式会社プロテックス,兵庫県,姫路市,北原字峠東６９２番地,6728002
1140001064038,株式会社Ｍ交通,兵庫県,姫路市,西庄１４３番地の１,6700981
1140001064046,株式会社トリニティー,兵庫県,姫路市,阿保甲８７４番地２,6700944
1140001064054,物流ネットワーク関西株式会社,兵庫県,姫路市,四郷町見野５１１番地の４,6710244
1140001064062,ＲＣ構造建設株式会社,兵庫県,姫路市,北条宮の町１６１番地,6700948
1140001064070,株式会社あいえる,兵庫県,姫路市,野里新町５番３２号,6700862
1140001064095,エヌ・ケイ・ケイ株式会社,兵庫県,姫路市,安富町狭戸１１７番地,6712423
1140001064112,株式会社橋本興業,兵庫県,姫路市,安富町長野６５番地の８,6712421
1140001064120,山崎仲川建工株式会社,兵庫県,姫路市,安富町長野２０番地,6712421
1140001064145,株式会社プラスパーサービス,兵庫県,姫路市,網干区垣内南町２６４番地５,6711255
1140001064153,株式会社ワークシップ,兵庫県,姫路市,四郷町坂元１００番地の１,6710246
1140001064161,株式会社フィールドワン,兵庫県,姫路市,香寺町溝口２２５番地９８,6792161
1140001064178,アールテック株式会社,兵庫県,姫路市,城東町竹之門２１番地１,6700848
1140001064186,株式会社メディカル・ソリューション,兵庫県,姫路市,西脇２４４番地５,6712234
1140001064194,株式会社日勢,兵庫県,姫路市,白浜町宇佐崎北３丁目３４０番地,6728013
1140001064203,株式会社ケイ・ティー・エス,兵庫県,姫路市,西中島４１６番地８,6700805
1140001064211,株式会社ワカモト食品,兵庫県,姫路市,飾磨区構４丁目４４番地,6728071
1140001064236,株式会社アクション,兵庫県,姫路市,網干区新在家１４３９番地１６大谷ビル,6711234
1140001064244,株式会社ティーオーエム兵庫,兵庫県,姫路市,飾磨区英賀西町２丁目６８番地,6728088
1140001064269,株式会社おぐに,兵庫県,姫路市,余部区下余部４０３番地１,6711261
1140001064285,ｅ・スマイルデザイン株式会社,兵庫県,姫路市,亀山２丁目２２２番地,6700973
1140001064302,株式会社ウエスイ設備,兵庫県,姫路市,網干区興浜１３４４番地４,6711241
1140001064319,株式会社安井安栄堂,兵庫県,姫路市,福中町１２番地,6700017
1140001064327,丸徳産業株式会社,兵庫県,姫路市,大津区真砂町１番地２,6711134
1140001064335,株式会社ヤマグチ建工,兵庫県,姫路市,夢前町宮置８５８番地１４,6712121
1140001064343,株式会社ギヤテック,兵庫県,姫路市,飾磨区妻鹿１５１３番地１０,6728031
1140001064376,株式会社Ｇｏｏｄｎｅｓｓ　Ｃｏｒｐｏｒａｔｉｏｎ,兵庫県,姫路市,北条１丁目１１３番地ミヤビビル,6700947
1140001064392,株式会社南極,兵庫県,姫路市,南駅前町８２番地（南極ビル）,6700962
1140001064418,株式会社ビジネスライフ・デザイン,兵庫県,姫路市,広畑区北河原町７８番地１−１０２号,6711111
1140001064426,株式会社プラスワン,兵庫県,姫路市,青山西４丁目１１番２６号,6712224
1140001064442,株式会社新遊商事,兵庫県,姫路市,南条１丁目１２４番地,6700952
1140001064450,株式会社八木不動産,兵庫県,姫路市,安田４丁目１５番地,6700955
1140001064459,サンソー精工株式会社,兵庫県,姫路市,青山北１丁目１番２号,6712221
1140001064467,株式会社ＴＳ商事,兵庫県,姫路市,白浜町甲８５０番地１６,6728023
1140001064475,株式会社ラサンブレ,兵庫県,姫路市,塩町１０番地,6700904
1140001064483,株式会社鈴木板金工業,兵庫県,姫路市,船津町御立１２７８番地,6792101
1140001064491,株式会社ＦＴＣ,兵庫県,姫路市,佃町１９番５０４号,6728049
1140001064500,株式会社レックホーム・エージェンシー,兵庫県,姫路市,北夢前台１丁目１１９番地,6700075
1140001064509,株式会社山田環境管理,兵庫県,姫路市,家島町宮１８１７番地３１,6720102
1140001064517,株式会社アーティーズ,兵庫県,姫路市,飾西５８５番地の２,6712216
1140001064525,アトリエベス株式会社,兵庫県,姫路市,市之郷町１丁目１４番地,6700943
1140001064533,株式会社ミナト建築,兵庫県,姫路市,辻井６丁目９−２３,6700083
1140001064541,あかね産興株式会社,兵庫県,姫路市,辻井８丁目２番４６号,6700083
1140001064566,株式会社クニハラ興産,兵庫県,姫路市,飾西７４７番地２４,6712216
1140001064590,テイク株式会社,兵庫県,姫路市,西大寿台４番２２号,6700897
1140001064599,株式会社Ａ＆Ａ,兵庫県,姫路市,八代東光寺町１４番１９号,6700873
1140001064608,株式会社ゼネラル,兵庫県,姫路市,伊伝居７７番地,6700871
1140001064624,株式会社Ｃ・ＳＹＳＴＥＭ,兵庫県,姫路市,広畑区蒲田１丁目７４番地,6711102
1140001064640,株式会社ウィルネクスト,兵庫県,姫路市,綿町１２５カワモトビル３階,6700921
1140001064649,株式会社孝陽,兵庫県,姫路市,保城２２番地１２,6700804
1140001064657,株式会社Ｙ．Ｓ．Ｃ,兵庫県,姫路市,書写１０７０−１−５−１０５,6712201
1140001064665,株式会社ＪＹＳホールディングス,兵庫県,姫路市,白浜町宇佐崎南１丁目６８番１,6728022
1140001064673,株式会社西村,兵庫県,姫路市,飾磨区都倉２丁目２８番地２,6728046
1140001064681,株式会社セイバン興産,兵庫県,姫路市,安富町長野２５７番地４,6712421
1140001064698,株式会社シンシアネット,兵庫県,姫路市,広峰１丁目２番１６号,6700882
1140001064715,株式会社歩創建,兵庫県,姫路市,四郷町坂元２９番地７,6710246
1140001064731,共栄商事株式会社,兵庫県,姫路市,勝原区下太田３１５番地,6711201
1140001064748,株式会社エキスパート・センケン,兵庫県,姫路市,延末３８２番地６,6700966
1140001064756,株式会社ウメダ,兵庫県,姫路市,四郷町山脇３２３番地２,6710248
1140001064764,株式会社泰辰,兵庫県,姫路市,北条梅原町２２番地２,6700945
1140001064772,アイエス建設株式会社,兵庫県,姫路市,南条４２８番地,6700952
1140001064780,株式会社オクノフーズ,兵庫県,姫路市,梅ケ谷町１１番１１号,6700894
1140001064789,株式会社姫路阪神補聴器センター,兵庫県,姫路市,豊沢町２６番地,6700964
1140001064797,アンサー株式会社,兵庫県,姫路市,広畑区西蒲田３６９番地１０,6711107
1140001064806,株式会社ドリームアクト,兵庫県,姫路市,勝原区勝原町６１番地６,6711212
1140001064814,株式会社エレワーク,兵庫県,姫路市,四郷町見野１２番地,6710244
1140001064822,株式会社活魚物語,兵庫県,姫路市,東山２１１番地の７,6728014
1140001064830,株式会社ブライス,兵庫県,姫路市,阿保乙２７０番地３,6700944
1140001064839,Ｈ．Ｔ．Ｇ工業株式会社,兵庫県,姫路市,的形町的形１８１３番地２３,6710111
1140001064847,株式会社まつむら,兵庫県,姫路市,五郎右衛門邸８１番地２,6700857
1140001064855,ケニックス株式会社,兵庫県,姫路市,北条口２丁目１５番地小山ビル５０１,6700935
1140001064871,スリーエイチ株式会社,兵庫県,姫路市,駅前町２７１番地,6700927
1140001064888,株式会社Ｃ・Ｓ・Ｎ,兵庫県,姫路市,西今宿２丁目４６１番地９７,6700061
1140001064896,株式会社西川貫,兵庫県,姫路市,別所町別所１丁目６３番地,6710221
1140001064905,アイ・エンタープライズ株式会社,兵庫県,姫路市,岡田３５４番地バルビゾン１０１号,6700982
1140001064921,株式会社スプリング,兵庫県,姫路市,白鳥台１丁目２１番２４号,6712245
1140001064938,株式会社魁西,兵庫県,姫路市,飾磨区中島２丁目２７番地２,6728035
1140001064946,三井エステート株式会社,兵庫県,姫路市,南駅前町８２番地,6700962
1140001064954,株式会社大翔警備保障,兵庫県,姫路市,広畑区東新町１丁目２１番地４,6711121
1140001064962,株式会社武田産業,兵庫県,姫路市,東駅前町４０番地,6700926
1140001064979,株式会社ＮＡＫＡＴＡ,兵庫県,姫路市,船津町２７０２番地,6792101
1140001064987,株式会社ハヤシビル,兵庫県,姫路市,南畝町２丁目１３７番地,6700961
1140001064995,株式会社リフォームしそうの森,兵庫県,姫路市,大津区天満１６４番地の１８,6711143
1140001065003,株式会社ＩＺＵＭＩ　ＧＯＬＦ,兵庫県,姫路市,大津区恵美酒町１丁目６６番地３,6711136
1140001065011,Ｎ’Ｓデザイン工房株式会社,兵庫県,姫路市,広畑区東新町３丁目１４６番地１０,6711121
1140001065028,株式会社エビス,兵庫県,姫路市,大塩町４０２番地９,6710101
1140001065036,大越貿易株式会社,兵庫県,姫路市,西新町１２３番地２０,6700033
1140001065052,株式会社ジブフーズ,兵庫県,姫路市,南今宿１番２５号,6700054
1140001065060,株式会社プロフィット,兵庫県,姫路市,別所町北宿９４５番地の１,6710223
1140001065077,株式会社ＫＯＭＡＴＳＵコンサルティング,兵庫県,姫路市,北平野５丁目６番３７号,6700893
1140001065093,株式会社和光,兵庫県,姫路市,土山４丁目１番３１号,6700996
1140001065102,レスト柳井株式会社,兵庫県,姫路市,北平野奥垣内７番１号,6700892
1140001065110,株式会社ＨＥＲＡ,兵庫県,姫路市,書写１０１９番地５６５,6712201
1140001065119,株式会社ニッショー・エステート,兵庫県,姫路市,飾磨区城南町３丁目６３番地,6728083
1140001065127,株式会社Ｄｕａｌ　Ｃｏｒｅ,兵庫県,姫路市,三左衛門堀西の町６１番地（３０２号）,6700940
1140001065135,株式会社エネルギーステーション,兵庫県,姫路市,安田４丁目５６番,6700955
1140001065143,株式会社松崎,兵庫県,姫路市,野里９５１番地,6700811
1140001065151,株式会社オクムラ,兵庫県,姫路市,飾磨区英賀保駅前町３１番地１,6728091
1140001065168,株式会社ＲＤ・ＪＡＰＡＮ,兵庫県,姫路市,八代７４４番地の６,6700872
1140001065176,株式会社マスモト酒店,兵庫県,姫路市,阿保乙１９０番地１,6700944
1140001065184,株式会社わたなべ,兵庫県,姫路市,的形町福泊４９３番地１,6710112
1140001065218,株式会社瀬戸内ハウス,兵庫県,姫路市,広畑区西夢前台６丁目２番地,6711103
1140001065259,平成工業株式会社,兵庫県,姫路市,飾磨区英賀甲１９３７番地７,6728078
1140001065267,株式会社Ｌａ．Ａｎｇｅｌｉｎａ,兵庫県,姫路市,大黒壱丁町１４番地３Ｆ,6700853
1140001065275,株式会社ウエストデータプロ,兵庫県,姫路市,飾磨区阿成鹿古３６番２号,6728038
1140001065283,株式会社菊井ビル,兵庫県,姫路市,北条宮の町３９２番地,6700948
1140001065309,株式会社フィール・ザ・グリーン,兵庫県,姫路市,書写７１０番地１,6712201
1140001065317,株式会社奥平紙器,兵庫県,姫路市,南車崎２丁目８番１０号,6700053
1140001065325,株式会社筒井工業,兵庫県,姫路市,飾磨区英賀宮町２丁目７１番地４,6728080
1140001065333,株式会社エンプロス,兵庫県,姫路市,平野町１８番地,6700933
1140001065358,レーベンスマイスター株式会社,兵庫県,姫路市,安田４丁目３１番地１５,6700955
1140001065366,大協建材株式会社,兵庫県,姫路市,大津区新町２丁目４７番地,6711135
1140001065374,株式会社ＤＡＩＧＯ,兵庫県,姫路市,鍛冶町４６番地,6700002
1140001065390,株式会社グレースファーム,兵庫県,姫路市,安田３丁目４０番地,6700955
1140001065399,株式会社クネヒト,兵庫県,姫路市,大津区平松２３７番地８,6711145
1140001065408,株式会社フリーテクノス,兵庫県,姫路市,四郷町東阿保１４０５番地,6710247
1140001065424,さかき原建築工房株式会社,兵庫県,姫路市,飾磨区阿成植木１００３番地,6728030
1140001065432,株式会社エムズファーマシー,兵庫県,姫路市,砥堀２３６番地１,6700802
1140001065440,コウヨウアクティブ株式会社,兵庫県,姫路市,継３１９番地１１,6728004
1140001065449,株式会社有本設計,兵庫県,姫路市,北条口４丁目３９番地,6700935
1140001065465,株式会社日本住宅管理サービス,兵庫県,姫路市,飾磨区清水２丁目１番地,6728051
1140001065473,ランディック株式会社,兵庫県,姫路市,城東町京口台１０５番地,6700845
1140001065481,株式会社自然エネルギー有効利用研究所,兵庫県,姫路市,新在家本町６丁目１０番１６号,6700092
1140001065498,株式会社青空,兵庫県,姫路市,井ノ口２５−４,6700983
1140001065507,Ｍ−ｓｔｙｌｅ株式会社,兵庫県,姫路市,西今宿３丁目１３番１５号,6700061
1140001065523,株式会社先駆,兵庫県,姫路市,香寺町香呂６８３番地３,6792151
1140001065548,株式会社Ｔｉｔａｎ,兵庫県,姫路市,町坪南町１番地サンエクレールＡ１０１,6700989
1140001065556,株式会社五陸,兵庫県,姫路市,飾磨区矢倉町２丁目２０番地,6728093
1140001065564,エムアールワン株式会社,兵庫県,姫路市,山吹２丁目１３番２３号,6700085
1140001065572,株式会社幸田社寺建築,兵庫県,姫路市,田寺東２丁目２２番２８号,6700081
1140001065589,株式会社ベストスタッフ,兵庫県,姫路市,網干区和久５１０番地２グランエストビル１Ｆ,6711227
1140001065606,河知電気通信株式会社,兵庫県,姫路市,玉手４５４番地１２,6700985
1140001065647,株式会社モバチュー,兵庫県,姫路市,苫編南２丁目３６０番地１,6700987
1140001065655,イーグルアイ株式会社,兵庫県,姫路市,北今宿３丁目１２番３２号,6700057
1140001065663,姫路西部生コン株式会社,兵庫県,姫路市,大津区勘兵衛町４丁目３５番地の１,6711132
1140001065671,株式会社Ｋ．Ｍ．Ｄｅｃｉｓｉｏｎ,兵庫県,姫路市,飾磨区阿成渡場２６４番地１,6728039
1140001065688,株式会社アイレックス,兵庫県,姫路市,飾磨区三宅３丁目１３番地,6728048
1140001065696,株式会社知福木材,兵庫県,姫路市,安富町長野２７１番地２,6712421
1140001065713,株式会社フォーユー,兵庫県,姫路市,飾磨区中島１丁目５４２番地１,6728035
1140001065721,株式会社ジャパンビルデン,兵庫県,姫路市,二階町７７番地,6700922
1140001065738,株式会社城洋商事,兵庫県,姫路市,白浜町宇佐崎南１丁目６８番１,6728022
1140001065746,株式会社アキシノ,兵庫県,姫路市,広畑区吾妻町２丁目２２番地４,6711154
1140001065754,株式会社ハマノインシュアランス,兵庫県,姫路市,青山北１丁目２番地９北青山ビル１−Ｂ,6712221
1140001065762,株式会社みどり環境総合技術研究所,兵庫県,姫路市,朝日町６５番地１,6700934
1140001065770,株式会社ビックホーム,兵庫県,姫路市,飾磨区野田町１２７番地,6728040
1140001065779,株式会社アンゼンコーポレーション,兵庫県,姫路市,忍町７５番地,6700917
1140001065787,株式会社ＪＵＮ　ＨＯＭＥ,兵庫県,姫路市,飾磨区英賀宮台１番地１,6728089
1140001065795,アビオス・エンジニアリング株式会社,兵庫県,姫路市,安田４丁目８０番地アビックス駅南大路７Ｆ,6700955
1140001065804,株式会社ジョイント,兵庫県,姫路市,東延末１丁目１７番４０５,6700965
1140001065812,株式会社金谷興業,兵庫県,姫路市,飾磨区上野田５丁目１５２番地,6728043
1140001065829,株式会社フューチャーステップス,兵庫県,姫路市,大黒壱丁町３６番地,6700853
1140001065845,株式会社オフィスＲｙｕ,兵庫県,姫路市,玉手１丁目２０４番地１,6700985
1140001065853,株式会社ＳＰＩＲＩＴ,兵庫県,姫路市,白浜町宇佐崎北２丁目２８１番地１,6728013
1140001065861,株式会社ｅｎプランニング,兵庫県,姫路市,飾磨区英賀保駅前町１番地１０２,6728091
1140001065878,株式会社エムテック,兵庫県,姫路市,北条口２丁目１０７番地,6700935
1140001065886,住空間建築設計株式会社,兵庫県,姫路市,市之郷町３丁目１番地１３,6700943
1140001065894,株式会社ＭＺＯホールディングス,兵庫県,姫路市,亀山２２２番地６,6700973
1140001065911,株式会社シスター薬局,兵庫県,姫路市,飾磨区阿成鹿古２８２番地１,6728038
1140001065928,関西ホワイトサービス株式会社,兵庫県,姫路市,上手野字山吹２９８番１,6700065
1140001065936,株式会社揚羽蝶,兵庫県,姫路市,田寺１丁目１０番２１号,6700086
1140001065944,株式会社コロニアルフーズ,兵庫県,姫路市,紺屋町７７番地,6700924
1140001065952,藤田工業株式会社,兵庫県,姫路市,林田町林谷５９１番地２,6794221
1140001065960,株式会社河原商会,兵庫県,姫路市,大津区天神町２丁目１２２番地１,6711131
1140001065969,株式会社元祖生姜醤油たれおでん,兵庫県,姫路市,御国野町御着６５３番地４,6710232
1140001065977,株式会社播州総合保険事務所,兵庫県,姫路市,広峰１丁目１０番３−２号,6700882
1140001065985,株式会社リトーアイエム,兵庫県,姫路市,玉手６３６番地１,6700985
1140001065993,株式会社かげつ,兵庫県,姫路市,白浜町甲３１０番地,6728023
1140001066001,株式会社三共メンテック,兵庫県,姫路市,本町６８番地,6700012
1140001066018,株式会社ヒメジネオン,兵庫県,姫路市,大黒壱丁町４４番地,6700853
1140001066026,株式会社ノースフィールド,兵庫県,姫路市,立町１２番地北野ビル２階,6700903
1140001066034,株式会社好事家,兵庫県,姫路市,南条４３７番地１,6700952
1140001066059,イグレット株式会社,兵庫県,姫路市,駅前町２９４番地,6700927
1140001066067,株式会社スリーエー,兵庫県,姫路市,飾磨区山崎５１３番地,6728097
1140001066075,オノウエ商事株式会社,兵庫県,姫路市,夢前町菅生澗４６４番地,6712134
1140001066083,建物管理株式会社,兵庫県,姫路市,鍵町１２番地,6700009
1140001066100,株式会社博裕,兵庫県,姫路市,白浜町神田２丁目８２番地４,6728011
1140001066109,株式会社細川米国資金運用研究所,兵庫県,姫路市,広畑区才１２９番地１エバーグリーン夢前台４０４,6711104
1140001066117,株式会社シカマ,兵庫県,姫路市,飾磨区恵美酒８９番地１０,6728057
1140001066133,株式会社岩本自動車,兵庫県,姫路市,土山６丁目６番２１号,6700996
1140001066141,株式会社優気,兵庫県,姫路市,広畑区城山町２番７城山ビル３０２号,6711108
1140001066158,株式会社リアルアート,兵庫県,姫路市,飯田１丁目１３番地,6700974
1140001066166,株式会社日本リンショウ,兵庫県,姫路市,南車崎１丁目４番１３号,6700053
1140001066174,株式会社クラッチ,兵庫県,姫路市,大津区西土井２３９番地１０,6711141
1140001066182,株式会社サクセスプロデュース,兵庫県,姫路市,夢前町菅生澗１９７４−１３０,6712134
1140001066199,株式会社ナカムラ建工,兵庫県,姫路市,花田町高木３７９番地１,6710256
1140001066208,株式会社ダイコウ塗装店,兵庫県,姫路市,手柄１丁目１３０番地８,6700972
1140001066216,株式会社金豚食品,兵庫県,姫路市,幸町４６番地,6700835
1140001066224,株式会社エックスワン,兵庫県,姫路市,飾磨区英賀甲１９３３番地２,6728078
1140001066232,株式会社オズクリエイト,兵庫県,姫路市,東駅前町３９,6700926
1140001066240,マックスシステム株式会社,兵庫県,姫路市,花田町高木３０番地１,6710256
1140001067338,中国不動産株式会社,兵庫県,姫路市,土山６丁目４番５号,6700996
1140001067461,株式会社アルカンシエル,兵庫県,姫路市,青山５丁目１７番１号,6712222
1140001067528,株式会社リブプラウド,兵庫県,姫路市,青山西２丁目１７番２５号,6712224
1140001067593,株式会社ＩＴデザイン,兵庫県,姫路市,飾西６９２番地７,6712216
1140001067643,カンリクＥＸＰＲＥＳＳ関西株式会社,兵庫県,姫路市,石倉９４６番地６１,6712231
1140001077659,株式会社エステート・１,兵庫県,姫路市,青山西４丁目２番１号ホワイト青山５０２号,6712224
1140001077857,株式会社福田商事,兵庫県,姫路市,東山１３５７番地１,6728014
1140001086338,株式会社Ｍ’ｓクルー,兵庫県,姫路市,東今宿１丁目１４３５番地８−１０１,6700056
1140001086387,株式会社ＨＡＹＡＢＡＲＡ,兵庫県,姫路市,白浜町甲１３１３番地,6728023
1140001086668,神姫観光ホールディングス株式会社,兵庫県,姫路市,保城字大岩ノ下３３８番地の１,6700804
1140001086726,株式会社大岡鉄工所,兵庫県,姫路市,青山６丁目１２番１号,6712222
1140001086759,株式会社パンセ,兵庫県,姫路市,船橋町３丁目１７３番地７,6700048
1140001086775,ＭＩプロモート株式会社,兵庫県,姫路市,下寺町７９番地,6700932
1140001086874,株式会社ＮＫＳ運輸機工,兵庫県,姫路市,保城３４４番地,6700804
1140001086940,株式会社花御堂,兵庫県,姫路市,城東町９７番地８,6700841
1140001087055,キャスターシップ株式会社,兵庫県,姫路市,西今宿６丁目２番２２号,6700061
1140001087088,株式会社うみのほし英賀保,兵庫県,姫路市,飾磨区鎌倉町３５番地２,6728094
1140001087303,株式会社コーエイ,兵庫県,姫路市,北今宿１丁目８番２０号,6700057
1140001087344,株式会社アイシン,兵庫県,姫路市,夢前町寺２０９８番地３１,6712116
1140001087526,株式会社ナカシマエナジー,兵庫県,姫路市,阿保甲８７８番地,6700944
1140001087798,株式会社Ｇｒａｓｓ,兵庫県,姫路市,野里上野町２丁目８−２２,6700814
1140001088235,三幸地所株式会社,兵庫県,姫路市,八家１４９番地４,6728015
1140001088400,株式会社あさひ土地,兵庫県,姫路市,東延末１丁目１５５番地,6700965
1140001088425,株式会社いなせや,兵庫県,姫路市,書写８７９番地２１５,6712201
1140001088549,株式会社クローバー住建,兵庫県,姫路市,飾磨区下野田１丁目１３５番地,6728044
1140001088581,株式会社アートレス,兵庫県,姫路市,玉手１丁目１番地パレ・ロワイヤル玉手ＩＩ２０５,6700985
1140001088598,株式会社仁友不動産,兵庫県,姫路市,土山２丁目１３番２６号八秀ビル１０５号,6700996
1140001088623,株式会社ＭＡＲＵＴＡＫＥ,兵庫県,姫路市,神子岡前２丁目１７−２５,6700055
1140001088722,株式会社ＮＥＥＤＳ２４,兵庫県,姫路市,網干区垣内西町１９９２番地２２,6711256
1140001088796,株式会社藤原,兵庫県,姫路市,東今宿６丁目１５番２７号,6700056
1140001088887,株式会社澤田工務店,兵庫県,姫路市,広畑区西蒲田８３番地,6711107
1140001088978,株式会社ノベル,兵庫県,姫路市,継５３２番地１,6728004
1140001089134,株式会社十字堂,兵庫県,姫路市,網干区新在家１２８７番地１２,6711234
1140001089183,テクノサポート関西株式会社,兵庫県,姫路市,飾磨区鎌倉町５６番地１ＪＡハイツ中屋１０２号室,6728094
1140001089373,株式会社シャトー,兵庫県,姫路市,北八代１丁目１０番１９号,6700877
1140001089720,株式会社ＵＭＵ,兵庫県,姫路市,北条永良町２２番地モクビル２Ｆ,6700946
1140001089852,株式会社三ツ星建設,兵庫県,姫路市,飾東町佐良和８７番地１,6710217
1140001089893,株式会社メディカルリサーチジャパン,兵庫県,姫路市,古二階町１０２番地富強第三ビル,6700936
1140001089902,株式会社イザ,兵庫県,姫路市,飾磨区中野田１丁目５５番地１,6728045
1140001090001,株式会社わんわんワルツ,兵庫県,姫路市,飾磨区天神２６番地,6728061
1140001090067,北條トラスト株式会社,兵庫県,姫路市,広畑区西蒲田６６番地,6711107
1140001090208,良真スチール株式会社,兵庫県,姫路市,広畑区則直１０番地７,6711105
1140001090967,株式会社ＬＴＣ,兵庫県,姫路市,四郷町明田７５番地５４,6710245
1140001091040,株式会社ジャパンテクノサービス,兵庫県,姫路市,千代田町８６１番地９,6700993
1140001091338,株式会社白鷺電設,兵庫県,姫路市,飾磨区英賀東町１丁目６１番地１,6728087
1140001091494,株式会社ＯＮＥ　ＳＴＥＰ,兵庫県,姫路市,野里５６５番地１０,6700811
1140001091874,株式会社フリンプ,兵庫県,姫路市,御立西３丁目１２番２６号,6700074
1140001091973,三元貿易株式会社,兵庫県,姫路市,伊伝居１１９番１１号,6700871
1140001092071,株式会社Ｓｍｉｌｅ個別指導,兵庫県,姫路市,夢前町前之庄１１４４番地１,6712103
1140001092105,株式会社ＣＴＳ,兵庫県,姫路市,上手野３２０番地の８,6700065
1140001092154,株式会社長谷川整備レンタル,兵庫県,姫路市,四郷町明田１９番地１,6710245
1140001092162,株式会社日本クリエーティブ・サービス,兵庫県,姫路市,大津区西土井３２７番地８号,6711141
1140001092229,株式会社Ｍ・Ｔコーポレーション,兵庫県,姫路市,的形町的形１７６６−２７,6710111
1140001092393,株式会社トモエンタープライズ,兵庫県,姫路市,飾磨区中島６３５番地１永田第３ビル,6728035
1140001092468,株式会社チタンドットコム,兵庫県,姫路市,町坪１８７−２,6700984
1140001092526,株式会社カンセック,兵庫県,姫路市,大善町１５番地,6700833
1140001092600,株式会社アスエー,兵庫県,姫路市,岩端町１１２番地４,6700028
1140001092732,株式会社Ｃｕｔｅ　Ｃｒｏｓｓ,兵庫県,姫路市,苫編南２丁目３６０番地１−３０１号,6700987
1140001092765,株式会社オーナーズプラン,兵庫県,姫路市,花田町小川９１７番地５,6710255
1140001092872,エー・サプライ株式会社,兵庫県,姫路市,西夢前台３丁目２４番地２階,6712214
1140001092906,株式会社関西プレナム,兵庫県,姫路市,野里９１番３,6700811
1140001092947,株式会社松本薫アトリエ,兵庫県,姫路市,夢前町護持７６４番地１,6712136
1140001093103,株式会社藍靼,兵庫県,姫路市,花田町高木２１,6710256
1140001093227,株式会社Ｓｅａ−Ｓｕｎ,兵庫県,姫路市,保城６６６番地９,6700804
1140001093276,株式会社ラポールＬＩＮＥ,兵庫県,姫路市,仁豊野９４３番地３６１,6700801
1140001093359,株式会社リライフ,兵庫県,姫路市,北原２８８番地１,6728002
1140001093400,兵庫住建販売株式会社,兵庫県,姫路市,土山６丁目４番５号,6700996
1140001093409,株式会社ウェーブフォース,兵庫県,姫路市,広畑区西蒲田１１２番地１,6711107
1140001093441,アースメタル株式会社,兵庫県,姫路市,西延末１６８番地１,6700971
1140001093540,株式会社聖翔ＬＩＮＥ,兵庫県,姫路市,別所町小林６１６番地,6710222
1140001093581,株式会社菜の花インダストリー,兵庫県,姫路市,奥山３２０番地,6728003
1140001093631,亜唯美株式会社,兵庫県,姫路市,香寺町中屋１１４番地１１,6792144
1140001093722,株式会社一成設備,兵庫県,姫路市,香寺町田野３５２,6792153
1140001093739,株式会社ステッラート,兵庫県,姫路市,栗山町１７４番地２,6700954
1140001093747,株式会社イズム・ゼロ,兵庫県,姫路市,西夢前台１丁目５８番地,6712214
1140001093813,株式会社ジャパンビットシステム,兵庫県,姫路市,小姓町３５−１船場西ビル２階２号,6700043
1140001093854,ＣＨＡＩＮＯＮ株式会社,兵庫県,姫路市,的形町福泊４５５番地,6710112
1140001093870,株式会社オフィスカワチ,兵庫県,姫路市,安田４丁目６３番地５Ｆ,6700955
1140001093912,株式会社ペパレス第二製作所,兵庫県,姫路市,亀井町９８ＰＰＬＳ本社ビル１Ｆ,6700925
1140001094092,株式会社れとろのーむ,兵庫県,姫路市,広峰２丁目６番５号,6700882
1140001094175,忠嗣防水技研株式会社,兵庫県,姫路市,伊伝居４７４−５,6700871
1140001094183,株式会社関西ルクス,兵庫県,姫路市,辻井７丁目９番６号,6700083
1140001094200,株式会社中匠,兵庫県,姫路市,緑台２丁目２９番２号,6712247
1140001094308,ヤマニ水産株式会社,兵庫県,姫路市,白浜町甲８４１番地の３６,6728023
1140001094687,株式会社スカイエステート,兵庫県,姫路市,飾磨区細江２６６９番地,6728064
1140001094935,株式会社Ｓｍａｒｔ　ｐｌｕｓ,兵庫県,姫路市,北条口１丁目２４番地金澤ビル３Ｆ,6700935
1140001094968,株式会社光と水,兵庫県,姫路市,勝原区朝日谷１６０番地３０,6711204
1140001094984,株式会社フィザリックス,兵庫県,姫路市,南今宿８番２号,6700054
1140001095017,株式会社翔陽商事,兵庫県,姫路市,御立西６丁目８−２,6700074
1140001095198,株式会社アライズ,兵庫県,姫路市,広畑区西夢前台６丁目５,6711103
1140001095256,株式会社ＭＰＨ,兵庫県,姫路市,南条１丁目７２番地４,6700952
1140001095272,株式会社ＰＡＣＥＦＥＬＩＣＥ,兵庫県,姫路市,南畝町１丁目４１番地,6700961
1140001095289,株式会社太津商店,兵庫県,姫路市,大津区新町２丁目１２番地,6711135
1140001095594,塚川工業株式会社,兵庫県,姫路市,広畑区大町２丁目３３番地,6711155
1140001095710,株式会社藤田建設,兵庫県,姫路市,白浜町乙４０４番地３,6728023
1140001095743,株式会社ＲＵＳＨ,兵庫県,姫路市,北条宮の町２２４番地戸越ビル１Ｆ,6700948
1140001095768,株式会社エソール,兵庫県,姫路市,青山西２丁目２５番１３号,6712224
1140001095990,株式会社ＮＣコーポレーション,兵庫県,姫路市,北新在家２丁目１番１８号,6700091
1140001096345,株式会社大西電工,兵庫県,姫路市,広畑区蒲田３丁目５３番地１,6711102
1140001096378,株式会社エスシー八木,兵庫県,姫路市,土山２丁目１４番６号,6700996
1140001096411,株式会社ＨＩＭＥＪＩ相続コンサルティング,兵庫県,姫路市,阿保乙１６番地,6700944
1140001096592,株式会社保険工房Ｍ＆Ｋ,兵庫県,姫路市,飾磨区構１丁目３番地,6728071
1140001096642,株式会社福本建具店,兵庫県,姫路市,書写１０１９番地３３０,6712201
1140001096675,株式会社神崎工業,兵庫県,姫路市,飯田４７９番地１,6700974
1140001096700,田中電機株式会社,兵庫県,姫路市,野里寺町５３番地,6700867
1140001096964,株式会社小西測量,兵庫県,姫路市,豊富町神谷９４番地１,6792121
1140001097194,株式会社ヒロノ,兵庫県,姫路市,田寺２丁目４番１５号,6700086
1140001097228,株式会社ＫＯＳＡＥＬ,兵庫県,姫路市,南駅前町９４番地山上ビル３階,6700962
1140001097285,株式会社ミナミ,兵庫県,姫路市,西庄甲１１１番地１,6700981
1140001097533,大希興業株式会社,兵庫県,姫路市,安富町長野３０６番地１,6712421
1140001097772,株式会社姫路サイン工業,兵庫県,姫路市,楠町９８番地,6700826
1140001097814,インターナショナルキッズハウス株式会社,兵庫県,姫路市,南車崎１丁目１番３５号,6700053
1140001097921,株式会社高橋商事,兵庫県,姫路市,飾磨区中島３３４８番地,6728035
1140001098011,株式会社関西日貿商事,兵庫県,姫路市,網干区宮内１３３番地１,6711222
1140001098226,兵庫電力株式会社,兵庫県,姫路市,網干区大江島８０５,6711231
1140001098259,株式会社エム・ジーコーポレーション,兵庫県,姫路市,青山西５丁目１番２１号,6712224
1140001098291,株式会社大栄介護グループ,兵庫県,姫路市,四郷町上鈴１３１番地,6710241
1140001098399,株式会社ファインスライド,兵庫県,姫路市,苫編南２丁目３６２番地１ロワイヤル英賀保２０５号室,6700987
1140001098861,株式会社ＳＫプラン,兵庫県,姫路市,書写２６０４番地１８,6712201
1140001098952,株式会社タクミステーション,兵庫県,姫路市,延末４５０番地１,6700966
1140001099034,株式会社エヌホームズ,兵庫県,姫路市,車崎２丁目１番１１号,6700058
1140001099174,株式会社兄弟商事,兵庫県,姫路市,苫編１０９番地,6700986
1140001099182,株式会社Ｌｉｖｉｎｇ,兵庫県,姫路市,琴岡町２７２番地１,6700035
1140001099240,株式会社中西組,兵庫県,姫路市,勝原区山戸１番地,6711214
1140001099307,株式会社建築工房ふぁむ,兵庫県,姫路市,花田町小川１０５０番地３,6710255
1140001099348,株式会社Ｓ−ＬＩＦＥ,兵庫県,姫路市,二階町３４番地,6700922
1140001099364,スイバント・テクノロジー株式会社,兵庫県,姫路市,白浜町寺家２丁目１０６番地１,6728012
1140001099414,株式会社ＩＷＭＴ,兵庫県,姫路市,飾磨区野田町１９８,6728040
1140001099513,ニコ株式会社,兵庫県,姫路市,御立中３丁目１番１３号,6700073
1140001099604,滲透工業姫路株式会社,兵庫県,姫路市,夢前町寺１３９５番地,6712116
1140001099711,株式会社プラスアルファ,兵庫県,姫路市,広畑区正門通３丁目９番地８,6711116
1140001099868,にしかわ創建株式会社,兵庫県,姫路市,香寺町香呂２１０番地,6792151
1140001100098,株式会社大慶海産,兵庫県,姫路市,網干区興浜２０９３番地１３３,6711241
1140001100131,株式会社くりはら,兵庫県,姫路市,大津区新町１丁目２７南棟,6711135
1140001100206,株式会社エスフォーイー,兵庫県,姫路市,神子岡前１丁目８番２０号,6700055
1140001100305,株式会社Ｓ‐ｃｏｎｎ,兵庫県,姫路市,実法寺字五反田５９番地１,6712244
1140001100486,株式会社Ｂａｓｅ４,兵庫県,姫路市,二階町７９番地,6700922
1140001100619,株式会社喜鳥家ＣＫ,兵庫県,姫路市,飾磨区構１丁目８６,6728071
1140001100924,株式会社大和不動産,兵庫県,姫路市,安田４丁目３１番地３,6700955
1140001101187,真改株式会社,兵庫県,姫路市,夢前町菅生澗６５番地８,6712134
1140001101311,株式会社南工業,兵庫県,姫路市,網干区北新在家９２番地３,6711235
1140001101427,株式会社山之内楽農倶楽部,兵庫県,姫路市,夢前町山之内甲６１９番地,6712101
1140001101435,株式会社メルテック,兵庫県,姫路市,北原４９６番地７,6728002
1140001101484,株式会社日本設備設計,兵庫県,姫路市,花田町勅旨１７５−１,6710254
1140001101625,株式会社３ＲＩＳＥ,兵庫県,姫路市,野里上野町２丁目８−２２,6700814
1140001101633,株式会社スミレケア,兵庫県,姫路市,勝原区下太田２８２番地５,6711201
1140001101856,株式会社ｗｉｔｈ,兵庫県,姫路市,山田町南山田１０９３番地３,6792113
1140001102061,株式会社ＳＥＮＹＯ,兵庫県,姫路市,北条梅原町１６７番地ワンダーボックス北条３−Ｂ号室,6700945
1140001102499,トクア株式会社,兵庫県,姫路市,青山４丁目２５番２５号,6712222
1140001102549,太子タクシー株式会社,兵庫県,姫路市,上手野２７７番地の２,6700065
1140001102656,株式会社シャイニング,兵庫県,姫路市,夢前町寺９番地,6712116
1140001102664,株式会社ライオンズ不動産,兵庫県,姫路市,飾西６０番地の１,6712216
1140001102879,株式会社ワタナベ,兵庫県,姫路市,別所町北宿６１６番地,6710223
1140001103027,株式会社メディシエイト,兵庫県,姫路市,花田町加納原田８７７番地４５,6710252
1140001103332,アクティブレイン株式会社,兵庫県,姫路市,飾磨区鎌倉町９番地,6728094
1140001103349,株式会社久保設備,兵庫県,姫路市,大津区西土井２７４番地３,6711141
1140001103357,株式会社アイシス,兵庫県,姫路市,龍野町６丁目２０番地１,6700032
1140001103497,株式会社アクションプラス,兵庫県,姫路市,庄田１２７番地２,6700951
1140001103555,株式会社井上建築,兵庫県,姫路市,勝原区宮田３４３番地７,6711213
1140001103935,Ｂｒｉｌｌａｒｅ株式会社,兵庫県,姫路市,白銀町８番地,6700902
1140001103984,株式会社共立,兵庫県,姫路市,東今宿３丁目５番２０号,6700056
1140001104017,神田巧業株式会社,兵庫県,姫路市,土山３丁目３番２８号１１０１号,6700996
1140001104025,株式会社ゆずりはパートナー,兵庫県,姫路市,飾磨区中野田１丁目２１番地,6728045
1140001104041,株式会社ＡＳＳＥＴ　ＩＮＣＲＥＡＳＥ,兵庫県,姫路市,綿町１３５番地エスコート姫路ザ・レジデンス８０２号,6700921
1140001104314,ルーティッド株式会社,兵庫県,姫路市,香寺町香呂５０番地１５メゾン池田２Ｆ−Ｂ,6792151
1140001104603,株式会社菅塗装工業,兵庫県,姫路市,広畑区西蒲田１６２番地５,6711107
1140001104768,株式会社１１６,兵庫県,姫路市,勝原区宮田２３番地１,6711213
1140001104867,株式会社ＫＩＳ工業,兵庫県,姫路市,飾磨区今在家３丁目２９番地５,6728079
1140001105238,株式会社一井組,兵庫県,姫路市,御立中７丁目８番３９−３号,6700073
1140001105254,藤本総建株式会社,兵庫県,姫路市,飾磨区今在家３丁目７９番地４,6728079
1140001105262,株式会社ＮＫｔｅｃｈｎｏ,兵庫県,姫路市,大津区真砂町３１−４,6711134
1140001105287,株式会社中嶋不動産,兵庫県,姫路市,安田４丁目６３番地ハクロビル,6700955
1140001105741,株式会社トータル・スチール,兵庫県,姫路市,広畑区蒲田４丁目２１１番地,6711102
1140001105832,株式会社ライフテックサービス,兵庫県,姫路市,飾磨区加茂４１４番地９,6728074
1140001105997,株式会社ＳＭＤ,兵庫県,姫路市,千代田町７４０番地１,6700993
1140001106046,株式会社Ｗｏｒｋ　ｓｉｔｙ,兵庫県,姫路市,安田４丁目３１番地１５第二アカデミービル３Ｆ,6700955
1140001106062,セントアイランド株式会社,兵庫県,姫路市,亀山２０９番地５,6700973
1140001106095,株式会社田中組,兵庫県,姫路市,網干区和久２番地３,6711227
1140001106120,株式会社広富工業,兵庫県,姫路市,車崎１丁目２番３−２０６号Ａ,6700058
1140001106161,ＫＫプロジェクト株式会社,兵庫県,姫路市,幸町７４番地,6700835
1140001106401,株式会社ウエスト建設コンサルタント,兵庫県,姫路市,飾西６０番地の２,6712216
1140001106434,株式会社優雅産業,兵庫県,姫路市,千代田町７４０番地２姫路西スカイハイツ７１１号,6700993
1140001106450,株式会社エニシンク,兵庫県,姫路市,山吹１丁目１０番３３号サンモリッツ山吹Ａ２０２号,6700085
1140001106459,株式会社なお原工務店,兵庫県,姫路市,夢前町前之庄７６６番地３５,6712103
1140001106533,株式会社エフコーポレーション,兵庫県,姫路市,別所町家具町１６８番１,6710225
1140001106574,株式会社弘興業,兵庫県,姫路市,大黒壱丁町９４番地,6700853
1140001106715,株式会社ＳＥＲＯ,兵庫県,姫路市,宮西町４丁目１５番地１,6700837
1140001106839,株式会社千葉金属,兵庫県,姫路市,田寺３丁目５番１９号,6700086
1140001107168,株式会社フジサンライズ,兵庫県,姫路市,花田町勅旨１３５番地２４,6710254
1140001107399,かみや不動産株式会社,兵庫県,姫路市,東辻井２丁目４番１８号,6700084
1140001107465,株式会社為国製作所,兵庫県,姫路市,網干区坂上３９２−５,6711223
1140001107572,株式会社コネクト,兵庫県,姫路市,西庄甲３８１番地２,6700981
1140001107713,株式会社魚路,兵庫県,姫路市,南駅前町１２７番地１,6700962
1140001108001,株式会社米井,兵庫県,姫路市,書写１７３番地４,6712201
1140001108067,株式会社金沢工業,兵庫県,姫路市,香寺町中村７４５番地１,6792166
1140001108414,株式会社二木工務店,兵庫県,姫路市,飾磨区細江７０９番地,6728064
1140001108612,株式会社鈴木商業,兵庫県,姫路市,花田町高木１９７番４号,6710256
1140001108728,株式会社貫義,兵庫県,姫路市,五軒邸４丁目６２番地２,6700854
1140001108752,株式会社ワイズホーム,兵庫県,姫路市,東延末２丁目１５０番地,6700965
1140001108810,株式会社ウシオ住設,兵庫県,姫路市,二階町７９番地,6700922
1140001108884,株式会社蒼船,兵庫県,姫路市,東延末５丁目８２番地５,6700965
1140001108991,株式会社レストランド,兵庫県,姫路市,佃町２５番地,6728049
1140001109008,株式会社ビルドプラス,兵庫県,姫路市,南条５１１番地ｎａｎａ’ｓＢＬＤ２Ｆ,6700952
1140001109107,ＶＡＳＴＬＡＮＤ株式会社,兵庫県,姫路市,御国野町御着３４９番地２号,6710232
1140001109263,株式会社リブラ,兵庫県,姫路市,梅ケ谷町５番５号,6700894
1140001109461,株式会社内海空調,兵庫県,姫路市,田寺東１丁目１１番１０号,6700081
1140001109486,株式会社ＭＡＴＳＵＯ３Ｄ,兵庫県,姫路市,南新在家９番７号,6700093
1140001109511,株式会社Ｈ＆Ｋ,兵庫県,姫路市,岩端町１２９番地白岡ビル１階,6700028
1140001109569,株式会社オカダ内装店,兵庫県,姫路市,飾磨区今在家２丁目５３番地,6728079
1140001109602,株式会社カーサ,兵庫県,姫路市,飾磨区阿成植木８３７番地,6728030
1140001109627,株式会社なだニューセンター,兵庫県,姫路市,白浜町甲３０９番地,6728023
1140001109635,株式会社ＴＹフーズ,兵庫県,姫路市,元塩町５５番地,6700937
1140001109742,株式会社牛尾板金,兵庫県,姫路市,南条１丁目６９番地,6700952
1140001109998,株式会社アドーブ・オブ・セイント,兵庫県,姫路市,北条永良町２５４番地,6700946
1140001110031,株式会社ｍｅｓ,兵庫県,姫路市,打越１９６番地５,6712246
1140001110171,株式会社スマイリープラス,兵庫県,姫路市,南条１丁目１２０番地,6700952
1140001110279,株式会社テクノリペア,兵庫県,姫路市,林田町林谷５７８番地１,6794221
1140001110345,株式会社オーセンティック,兵庫県,姫路市,飾東町志吹１９３,6710216
1140001110394,株式会社アクティブクリエイト,兵庫県,姫路市,林田町中構２５−１,6794203
1140001110502,株式会社タナカコーポレーション,兵庫県,姫路市,塩町１２２番地３,6700904
1140001110576,株式会社高建運輸,兵庫県,姫路市,飾磨区妻鹿３８８番地９,6728031
1140001110634,Ｎ＆Ｍ　ＥＳＴＡＴＥ株式会社,兵庫県,姫路市,広畑区夢前町３丁目１番地１９トナリエメディカル姫路夢前川１階１０３,6711122
1140001110717,株式会社兵庫県ちごゆり會,兵庫県,姫路市,五軒邸４丁目８４番地,6700854
1140001110766,株式会社アンドジーコーポレーション,兵庫県,姫路市,香寺町須加院２４６番地６,6792132
1140001110849,株式会社まろん,兵庫県,姫路市,御立西２丁目１−３５,6700074
1140001110881,株式会社アオイ,兵庫県,姫路市,勝原区山戸８９番地,6711214
1140001110907,株式会社ミヤビ．ライトカーゴ,兵庫県,姫路市,四郷町見野５１１番地１０,6710244
1140001110980,愛姫農園株式会社,兵庫県,姫路市,砥堀２３５番地４,6700802
1140001111046,株式会社グラッチェ,兵庫県,姫路市,北条１丁目４８−１１ＯＭＯＲＩビル４０２,6700947
1140001111087,株式会社亜維興業,兵庫県,姫路市,奥山３３１番地５,6728003
1140001111145,株式会社中村工務店,兵庫県,姫路市,南今宿８番５号,6700054
1140001111211,株式会社ＭＡＥＫＡＷＡ　ＩＮＴＥＧＲＡＴＥ,兵庫県,姫路市,安田４丁目６４番地,6700955
1140001111962,株式会社コンブリオ,兵庫県,姫路市,飾磨区山崎９９９番地,6728097
1140001112093,株式会社ＣＯＹＯＴＥ,兵庫県,姫路市,千代田町５７９番地,6700993
1140001112119,株式会社トーラス,兵庫県,姫路市,坊主町５９番地,6700011
1140001112390,株式会社ロアゾー・ブラウ,兵庫県,姫路市,船津町３１４７番地９,6792101
1140001112531,株式会社輝起工業,兵庫県,姫路市,飾磨区今在家１４２７番地７,6728079
1140001112548,株式会社ピッコロッソ,兵庫県,姫路市,豊沢町１５番地１,6700964
1140001112597,株式会社イトウ塗装,兵庫県,姫路市,広畑区清水町１丁目５３番地,6711113
1140001112804,株式会社ライズ,兵庫県,姫路市,御立西６丁目８番４号,6700074
1140001112820,株式会社ＤＡＩＫＥＮ,兵庫県,姫路市,夢前町置本５９１番地８,6712122
1140001112894,ＮＫマネジメント株式会社,兵庫県,姫路市,西新在家３丁目５番１４号,6700096
1140001112993,株式会社梅垣工業,兵庫県,姫路市,継６４９番地４,6728004
1140001113397,オンリーワンハウジング株式会社,兵庫県,姫路市,継６０番地２０,6728004
1140001113538,河田建設株式会社,兵庫県,姫路市,兼田８１３番地８２,6728001
1140001113546,株式会社ＴＵＤＵ,兵庫県,姫路市,市川橋通２丁目１８,6700825
1140001113645,株式会社オフィス一ノ瀬,兵庫県,姫路市,別所町小林４９６番地,6710222
1140001113777,株式会社すがお,兵庫県,姫路市,神子岡前１丁目４番３号,6700055
1140001114156,株式会社Ｋｓエンジニアリング,兵庫県,姫路市,南条３丁目１１８番地５,6700952
1140001114263,株式会社ＴＮＣ,兵庫県,姫路市,東辻井４丁目１番７−８０５号,6700084
1140001114346,泰洋商事株式会社,兵庫県,姫路市,北条口４丁目２８番地,6700935
1140001114544,株式会社ジョイ＆ムーヴ,兵庫県,姫路市,網干区坂上３８２−１３,6711223
1140001114593,株式会社Ｌｉｂ,兵庫県,姫路市,駅前町３３１番地ペシュ駅前ＩＩＩビル３階,6700927
1140001114833,株式会社スタリオン,兵庫県,姫路市,白銀町５４番地ＳＴＥＬＬＡ白銀７０２,6700902
1140001114916,甲陽株式会社,兵庫県,姫路市,北条４４８番地９−３１２号,6700947
1140001114998,株式会社ＦＯＣ,兵庫県,姫路市,南駅前町１８番地２−Ａ,6700962
1140001115039,株式会社アルファベットクラブ,兵庫県,姫路市,町坪４４１番地１,6700984
1140001115105,泰平工業株式会社,兵庫県,姫路市,船津町３０７２番地１,6792101
1140001115138,日東建物株式会社,兵庫県,姫路市,東山５２４番地,6728014
1140001115328,株式会社チュウバン,兵庫県,姫路市,大津区勘兵衛町１丁目３２番地,6711132
1140001115402,株式会社ＳＢＳ,兵庫県,姫路市,網干区新在家２０８８番地１０,6711234
1140001115550,シンチェン株式会社,兵庫県,姫路市,二階町７８,6700922
1140001115583,株式会社ＭＡＫＥｐｌｕｓ,兵庫県,姫路市,飾磨区阿成植木８３６番地Ｂ号,6728030
1140001115666,Ｌｅｓ　ａｉｌｅｓ株式会社,兵庫県,姫路市,青山西４丁目１２番１７号,6712224
1140001115690,山本ＧＫ株式会社,兵庫県,姫路市,網干区坂上３５５番地１１,6711223
1140001115716,株式会社ＡＮＮＥＸ,兵庫県,姫路市,網干区新在家５８６番地の５,6711234
1140001116020,株式会社みこも,兵庫県,姫路市,駅前町３３６番地,6700927
1140001116111,株式会社クロム,兵庫県,姫路市,魚町２２番地パルティールＩＩ８階,6700905
1140001116243,株式会社バイヤーセレクト,兵庫県,姫路市,飾磨区細江２４１０番地２,6728064
1140001116524,株式会社クローバーエステート,兵庫県,姫路市,飾磨区下野田１丁目１３５番地,6728044
1140001116549,株式会社Ｃｕ　ｌｉｆｅ,兵庫県,姫路市,野里５５番地１,6700811
1140001116689,株式会社ＧＲＡＮＤ,兵庫県,姫路市,勝原区熊見３８７番地１２,6711211
1140001116805,コヨミ塗工株式会社,兵庫県,姫路市,飾磨区今在家１４２６番地１７,6728079
1140001116838,株式会社ＴＨＫ　ｒｅｓｅａｒｃｈ,兵庫県,姫路市,琴岡町２８９−３コーポフクイ３０３,6700035
1140001116846,株式会社石真,兵庫県,姫路市,安富町安志６００番地３１８,6712401
1140001116904,株式会社岡本,兵庫県,姫路市,勝原区大谷３９７番地６,6711205
1140001116945,芝浜株式会社,兵庫県,姫路市,東延末２丁目１５８番地,6700965
1140001117010,三浦防水株式会社,兵庫県,姫路市,上手野９５−１,6700065
1140001117448,株式会社ヒロテック,兵庫県,姫路市,西庄４８番地１,6700981
1140001117547,ＴＴＶ　ＪＡＰＡＮ貿易株式会社,兵庫県,姫路市,花田町勅旨１３０番地８,6710254
1140001117605,株式会社ＡＴＴＡＣＫ,兵庫県,姫路市,白浜町丙４５１番地３３,6728023
1140001117687,株式会社Ａｍｉｒｏ,兵庫県,姫路市,土山東の町１１−１６,6700995
1140001117695,株式会社Ｆｉｔｍｉｋｏ,兵庫県,姫路市,広畑区西蒲田３７番地２,6711107
1140001117729,株式会社ＣＯＥＵＲ　ＰＲＯＪＥＴＳ,兵庫県,姫路市,書写７０１番地４,6712201
1140001117935,株式会社金木犀舎,兵庫県,姫路市,西二階町１２０番地西松屋きものビル６階,6700901
1140001118090,株式会社Ｋａｌｍｉａ,兵庫県,姫路市,五郎右衛門邸３６番地,6700857
1140001118157,株式会社ＬＩＦＥ　ＵＰ,兵庫県,姫路市,大津区天神町１丁目１２４番地２,6711131
1140001118289,株式会社朝霧,兵庫県,姫路市,塩町１１２番地フェリーチェ塩町２階２０１号室,6700904
1140001118297,ＰＡＩＲ−Ｌａｂ株式会社,兵庫県,姫路市,北条永良町２３番地ＡＲＢＲＥ、Ｂ−５,6700946
1140001118355,株式会社リレイション,兵庫県,姫路市,琴岡町２７４番地３琴岡ビル１０９号,6700035
1140001118446,株式会社ＢｙＡｙ,兵庫県,姫路市,西今宿２丁目５番１７号,6700061
1140001118462,株式会社Ｄ　ｔｅｃ　Ａ　ｍｅｔａｌ,兵庫県,姫路市,青山北３丁目２９番１６号,6712221
1140001118611,株式会社晟＿金属,兵庫県,姫路市,花田町加納原田４０１番地１,6710252
1140001118685,株式会社ＩＳＧ,兵庫県,姫路市,書写１０１９番地９１,6712201
1140001118719,株式会社宏建,兵庫県,姫路市,飾磨区城南町３丁目１番地４,6728083
1140001118768,株式会社野村総建,兵庫県,姫路市,広畑区蒲田４５２番地１４,6711102
1140001118818,株式会社弘徳,兵庫県,姫路市,大塩町２０４２番２,6710101
1140001118933,株式会社ＡＩＲ．Ｃ,兵庫県,姫路市,本町１２７番地,6700012
1140001119023,株式会社Ｒｅｂｅｒａ,兵庫県,姫路市,飾磨区英賀東町１丁目２９番地,6728087
1140001119064,株式会社Ｗｏｒｌｄ　Ｍ,兵庫県,姫路市,飾磨区下野田１丁目１９番地ビコーズ１０２,6728044
1140001119106,株式会社アカキリン,兵庫県,姫路市,忍町１１９番地１階Ｄ室,6700917
1140001119188,株式会社金澤電設,兵庫県,姫路市,余部区上川原１６番地４,6711263
1140001119353,株式会社ビーバープランニング,兵庫県,姫路市,南町６３番地,6700912
1140001119444,おかもと株式会社,兵庫県,姫路市,白浜町寺家２丁目６９番地４,6728012
1140001119460,株式会社ＪＣＡ　Ｃｏｒｐｏｒａｔｉｏｎ,兵庫県,姫路市,御国野町国分寺８５７番地５,6710234
1140001119601,株式会社カツハラ薬局,兵庫県,姫路市,竹田町２３番地,6700013
1140001119667,三裕工業株式会社,兵庫県,姫路市,城見台１丁目１１１１番地９１,6700803
1140001119675,株式会社吉田,兵庫県,姫路市,西今宿５丁目４番２７号,6700061
1140001120006,株式会社ふなこし,兵庫県,姫路市,元塩町５０番地,6700937
1140001120443,株式会社タナカ商事,兵庫県,姫路市,宮上町１丁目６１番地ビッグフォレスト宮上１０３,6700823
1140001120542,パレハ・フィールド株式会社,兵庫県,姫路市,砥堀７６番地７・１Ｆ１０１号室,6700802
1140001120609,株式会社スキママネジメント,兵庫県,姫路市,三左衛門堀東の町７６番地リーガルビル２−Ｂ,6700949
1140001120666,株式会社ラ・フォリア,兵庫県,姫路市,飾磨区都倉２丁目５１番地２,6728046
1140001120864,Ａｓ　ｙｏｕ株式会社,兵庫県,姫路市,東山１７５番地１６,6728014
1140001120955,株式会社ＳＡＮＫＩ,兵庫県,姫路市,宮西町４丁目４１番地,6700837
1140001121094,株式会社オーニシ,兵庫県,姫路市,元町９３番地１グラジオ元町１００３号,6700049
1140001121128,株式会社ＦＯＲ．ＣＥ,兵庫県,姫路市,花田町一本松４０１番地７,6710253
1140001121160,株式会社ＡＯＩ　ｃｏｒｐｏｒａｔｉｏｎ,兵庫県,姫路市,勝原区宮田８番１１レントキューブ宮田１Ｆ,6711213
1140001121268,株式会社木村メディカルサービス,兵庫県,姫路市,北新在家１丁目９番１８号,6700091
1140001121516,株式会社Ｇ−ＳＴＹＬＥ,兵庫県,姫路市,船津町５２４５番地４３,6792101
1140001121532,フェイクエンド株式会社,兵庫県,姫路市,飾磨区中野田２丁目８７番地,6728045
1140001121573,株式会社ＭＲ,兵庫県,姫路市,香寺町溝口４８９番地３,6792161
1140001121656,株式会社橋本組,兵庫県,姫路市,町坪６２９番地８,6700984
1140001121904,株式会社大響,兵庫県,姫路市,夢前町前之庄字金山４１６７番１８,6712103
1140001121953,株式会社Ｂｌｕｅ　Ｐｒｉｎｔ　Ｃｏｍｐａｎｙ,兵庫県,姫路市,白浜町寺家２丁目７３番地,6728012
1140001122183,株式会社ＫＵＫＵＲＡＳ,兵庫県,姫路市,久保町８０番地,6700916
1140001122209,株式会社きらり,兵庫県,姫路市,広畑区小松町１丁目６３番地３８,6711152
1140001122357,株式会社Ｒ＆Ｋ,兵庫県,姫路市,城北新町２丁目１７番７号,6700883
1140001122497,Ｒｅｃｏｒｄ株式会社,兵庫県,姫路市,網干区新在家５６９番地,6711234
1140001122588,大西プランニング株式会社,兵庫県,姫路市,新在家４丁目５番２３号,6700095
1140001122596,大西ホールディングス株式会社,兵庫県,姫路市,南駅前町９１番地８−１３０４号,6700962
1140001122885,株式会社モーニング・グローリー,兵庫県,姫路市,岡田３５０番地１ジヴェルニー岡田９０２号,6700982
1140001122902,株式会社雄綺技建,兵庫県,姫路市,砥堀９１３番地８,6700802
1140001123297,株式会社Ｌｕｌｌ,兵庫県,姫路市,南駅前町８７番地リンクスビル２階,6700962
1140001123306,株式会社ＨＯＮＥＹ,兵庫県,姫路市,忍町５７番地,6700917
1140001123330,株式会社はり屋ｃｏｍｐａｎｙ,兵庫県,姫路市,広畑区小松町２丁目６番地１３,6711152
1140001123355,日本ビーム株式会社,兵庫県,姫路市,飾磨区上野田３丁目２５番地,6728043
1140001123504,株式会社吉本重機,兵庫県,姫路市,飾磨区中島３３９５番地,6728035
1140001123578,株式会社熊水設備,兵庫県,姫路市,新在家１丁目１２番１０号,6700095
1140001123586,内海総建株式会社,兵庫県,姫路市,別所町佐土１丁目９８番地１,6710224
1140001123710,株式会社Ｋ．Ｔ．Ｍ,兵庫県,姫路市,砥堀１１３５番地１８,6700802
1140001123719,Ｆ’ｓＮＥＸＴ株式会社,兵庫県,姫路市,神屋町３丁目４４番地１北野ビル３Ｆ,6700836
1140001123801,ひめじ手柄山ＰＦＩ株式会社,兵庫県,姫路市,網干区新在家１２６１番地の１２,6711234
1140001123917,ＫＭＫ株式会社,兵庫県,姫路市,二階町９９番地１,6700922
1140001123982,株式会社折,兵庫県,姫路市,南条１丁目６９番地２Ｆ,6700952
1140001124023,株式会社Ｏ−Ｇ　ＣＲＥＡＴＥ,兵庫県,姫路市,手柄１丁目１０６番地４,6700972
1140001124527,株式会社リフォーム・エイト,兵庫県,姫路市,三左衛門堀東の町３４番地,6700949
1140001124543,ｔｉｖｅｒ　ｍａｒｋｅｔｉｎｇ株式会社,兵庫県,姫路市,山田町南山田５番地２,6792113
1140001124642,株式会社ティスラム,兵庫県,姫路市,田寺東４丁目１４番２７号,6700081
1140001124691,株式会社Ｓｏｌ,兵庫県,姫路市,西中島１２−４ロワイヤル花の北７０５,6700805
1140001124766,株式会社広畑不動産,兵庫県,姫路市,広畑区西夢前台６丁目２２番地,6711103
1140001124832,株式会社まえ畑,兵庫県,姫路市,魚町１２４,6700905
1140001124956,株式会社ユース不動産,兵庫県,姫路市,安田４丁目４１番地４,6700955
1140001124964,株式会社ＭＹ,兵庫県,姫路市,北平野台町５番１０号,6700895
1140001125228,株式会社森弘工業,兵庫県,姫路市,飾磨区阿成植木６４０番地,6728030
1140001125260,株式会社ＩＣ,兵庫県,姫路市,上大野６丁目５番１３号,6700896
1140001125269,株式会社Ｔｆｒｅｅｃ,兵庫県,姫路市,飾磨区野田町６２番地１,6728040
1140001125376,ナカタ硝建株式会社,兵庫県,姫路市,北原６８２番地７,6728002
1140001125426,株式会社たにけんＨＯＭＥ,兵庫県,姫路市,下手野４丁目３番３２号,6700063
1140001125450,株式会社ＡＳＵＷＡＹ,兵庫県,姫路市,飾磨区山崎１７３番地,6728097
1140001125483,株式会社タイセイコーポレーション,兵庫県,姫路市,花田町上原田５１３−１,6710251
1140001125764,株式会社リビング＆ケア・レプロス,兵庫県,姫路市,大塩町９２１番地６,6710101
1140001125888,株式会社ユーガ,兵庫県,姫路市,網干区浜田３９８番地１,6711242
1140001125905,株式会社ＵＮＩ,兵庫県,姫路市,北条口２丁目６９番地ＭＷビル２Ｆ,6700935
1140001126028,セレスタ株式会社,兵庫県,姫路市,東今宿３丁目５番２５号姫路ガスビル３０２,6700056
1140001126052,株式会社ボンシック・ホーム,兵庫県,姫路市,佃町８７番地,6728049
1140001126135,ＳＯＲＡ株式会社,兵庫県,姫路市,四郷町上鈴２５０番地２,6710241
1140001126300,株式会社ＫＥＮＣＨＩＫＵ‐ＹＡ．２４,兵庫県,姫路市,広畑区本町３丁目５７６番地コーポ西宮２Ｆ東,6711114
1140001126325,株式会社ラフラン,兵庫県,姫路市,西八代町１３番８号,6700876
1140001126424,株式会社Ｌｅｏｎ,兵庫県,姫路市,保城４７７−４,6700804
1140001126580,株式会社Ｍｙ　Ｈｏｕｓｅ,兵庫県,姫路市,下手野４丁目１３番６７−６号,6700063
1140001126663,株式会社アルクリエイト,兵庫県,姫路市,四郷町東阿保１１３６番地５,6710247
1140001126845,株式会社きよ春,兵庫県,姫路市,飾磨区上野田２丁目１６番地,6728043
1140001127389,株式会社Ｏｕｉ,兵庫県,姫路市,安田４丁目４６番地１０,6700955
1140001127455,株式会社シリコンウェルネス,兵庫県,姫路市,飾磨区構５丁目１１１番地５,6728071
1140001127513,弘盛産業株式会社,兵庫県,姫路市,飾磨区英賀東町１丁目６６番地,6728087
1140001127612,株式会社プラスワン,兵庫県,姫路市,白鳥台３丁目２４番１３号,6712245
1140001127868,邦和建工株式会社,兵庫県,姫路市,新在家本町１丁目５番５号,6700092
1140001128197,吉本工業株式会社,兵庫県,姫路市,大津区天神町２丁目１６６番地４,6711131
1140001128230,株式会社トウカ,兵庫県,姫路市,田寺５丁目７番４８号,6700086
1140001128263,ＭＫエンジニアリング株式会社,兵庫県,姫路市,砥堀６８５番地１,6700802
1140001128445,株式会社ひろはた動物病院,兵庫県,姫路市,広畑区早瀬町１丁目４番地,6711151
1140001128841,株式会社高橋総合事務所,兵庫県,姫路市,東延末３丁目１８番地,6700965
1140001128932,株式会社Ｅｔｏｉｌｅ,兵庫県,姫路市,花田町上原田５７９番地,6710251
1140001128965,株式会社アートオブウォー,兵庫県,姫路市,飾磨区清水２丁目１１３番地,6728051
1140001129022,ＷＯＲＬＤＷＩＤＥ　ＳＯＢＡ　ＪＡＰＡＮ株式会社,兵庫県,姫路市,東辻井３丁目３番１０−２０３号ロイヤルステイツ東辻井,6700084
1140001129286,株式会社大和興業,兵庫県,姫路市,延末３８７番地１フレグランス延末１０１,6700966
1140001129311,株式会社Ｎ２,兵庫県,姫路市,野里寺町６番地,6700867
1140001129385,株式会社クラリティ・デュアルワークス,兵庫県,姫路市,忍町１０３番地,6700917
1140001129609,株式会社日豊商事,兵庫県,姫路市,西夢前台２丁目１５番地,6712214
1140001129666,田守建設株式会社,兵庫県,姫路市,夢前町塩田１１７番地,6712112
1140001129708,株式会社ＮＫアシスト,兵庫県,姫路市,福中町３７番地ル・サーダ福中町１階,6700017
1140001129807,株式会社ＨＩＳＥＮＳＥ,兵庫県,姫路市,亀井町３３番地,6700925
1140001129880,旭ネクシス株式会社,兵庫県,姫路市,忍町６７番地１,6700917
1140001130005,株式会社ｏｆｆｉｃｅみかん,兵庫県,姫路市,久保町３２番地１４号,6700916
1140001130046,株式会社ＨＯＰＥ,兵庫県,姫路市,継２２３番地１０,6728004
1140001130236,株式会社Ｓｈｏｐ・Ｋ,兵庫県,姫路市,花田町高木２３２番地４,6710256
1140001130269,株式会社ソルステラ,兵庫県,姫路市,飾磨区細江２１３番地４１,6728064
1140001130319,株式会社クワトロエンタープライズ,兵庫県,姫路市,田寺東３丁目１２番１０号,6700081
1140001130509,株式会社奥田重機,兵庫県,姫路市,飾磨区妻鹿１４９８番地１,6728031
1140001130525,株式会社ＴＫＨ,兵庫県,姫路市,岡田３５０番地１ジヴェルニー岡田９０３,6700982
1140001130558,株式会社ＭＡＲＵＯ,兵庫県,姫路市,網干区浜田７４番地４,6711242
1140001130624,Ｔ・Ｓコンストラクション株式会社,兵庫県,姫路市,青山西５丁目９番１２号,6712224
1140001130756,株式会社ＴＴＳ,兵庫県,姫路市,飾磨区妻鹿１６０番地ＮＪＳメゾネットＣ号,6728031
1140001130847,株式会社ＫＲＫ,兵庫県,姫路市,呉服町４０番地,6700923
1140001130905,株式会社新光,兵庫県,姫路市,的形町福泊４９０番地１,6710112
1140001130913,株式会社サンポラリス,兵庫県,姫路市,香寺町田野７５８番地の２,6792153
1140001130954,株式会社ＦＳＫ,兵庫県,姫路市,佃町１９番地ライオンズマンション３０２号,6728049
1140001131077,株式会社Ｏ．Ｆ．Ａ,兵庫県,姫路市,博労町４８番地−３０１,6700906
1140001131218,株式会社ＬＳＲ,兵庫県,姫路市,花田町加納原田７７５番地６,6710252
1140001131226,株式会社マサル電設,兵庫県,姫路市,保城７８６番地１９,6700804
1140001131275,株式会社よりそい,兵庫県,姫路市,飾東町北山２８２番地３,6710212
1140001131408,株式会社北川興産,兵庫県,姫路市,広畑区才６２９番地２,6711104
1140001131457,ＡＣ　ＨＩＭＥＪＩ株式会社,兵庫県,姫路市,安田４丁目３６番地,6700955
1140001131473,株式会社ＥＭＡ,兵庫県,姫路市,佃町１番地１ＯＡ．ＦＬＡＴ２０１,6728049
1140001131671,株式会社プロスペリティ・プラス,兵庫県,姫路市,三左衛門堀西の町１４番地,6700940
1140001131738,株式会社Ａｄｏｆａｉｔｈ,兵庫県,姫路市,広畑区末広町２丁目２番地,6711115
1140001132034,株式会社土井,兵庫県,姫路市,西二階町１０８番地,6700901
1140001132042,株式会社カワイ電設,兵庫県,姫路市,西庄甲４１１番地５,6700981
1140001132455,ＲＥＧＯＬＩＴＨ株式会社,兵庫県,姫路市,東雲町２丁目１１番地４パレロワイヤル東雲７０４号,6700046
1140001132513,株式会社ＺＥＥＫ,兵庫県,姫路市,東辻井３丁目８−１１ＤｉｏＭｉｏ東辻井１０２号,6700084
1140001132620,株式会社ヤクボ塗装,兵庫県,姫路市,日出町２丁目７番地１３,6700942
1140001132661,株式会社姫路産業,兵庫県,姫路市,余部区上余部８９８番地１,6711262
1140001132694,株式会社ＭＯＶＥＯＮ,兵庫県,姫路市,東辻井４丁目５番２４号,6700084
1140001132802,株式会社ＭＹ,兵庫県,姫路市,広畑区末広町１丁目４１番地４,6711115
1140001132926,株式会社Ｓｏｕｔｈ　Ｎｉｎｅ,兵庫県,姫路市,琴岡町２６６番地２３船場ラボビル１階,6700035
1140001132942,株式会社丙成フード,兵庫県,姫路市,大津区勘兵衛町１丁目１１４番地２,6711132
1140001133032,株式会社ＬＩＮＫ　ＨＯＭＥ’Ｓ,兵庫県,姫路市,大黒壱丁町８３番地シエリア姫路城東１１０２,6700853
1140001133073,株式会社ＤＡＩＳＨＩＮ,兵庫県,姫路市,安富町皆河５６番地,6712415
1140001133239,株式会社ＣＳＡ,兵庫県,姫路市,田寺８丁目８番２８号,6700086
1140001133528,福東興業株式会社,兵庫県,姫路市,広畑区北河原町７８−１北河原マンション２号棟４０１号室,6711111
1140001133651,ＤｉＤｉＧｏ　Ｇｌｏｂａｌ株式会社,兵庫県,姫路市,緑台２丁目７番地８号,6712247
1140001133701,株式会社ＵＤ,兵庫県,姫路市,飾磨区城南町２丁目１番地５０１,6728083
1140001133940,株式会社フロムワンズコーポレーション,兵庫県,姫路市,辻井８丁目２番４６号,6700083
1140001133949,株式会社Ｋ’ｓ　ＧｒｅｅＮ,兵庫県,姫路市,夢前町山之内戊４０７番地,6712101
1140001133981,株式会社多田姫路,兵庫県,姫路市,広畑区西夢前台５丁目１７４番地,6711103
1140001134179,株式会社ＪＯＣＫ　ＲＯＣＫ,兵庫県,姫路市,南条２丁目１１３番地,6700952
1140001134427,株式会社ＴＯＰ,兵庫県,姫路市,広畑区西蒲田１１７７番地１０,6711107
1140001135086,株式会社夢大,兵庫県,姫路市,小姓町３５番地１船場西ビル４１１,6700043
1140001135185,株式会社ＢＵＲＡＩ,兵庫県,姫路市,白浜町宇佐崎北３丁目３４６番地１,6728013
1140001135292,株式会社ＧＥＡＲ,兵庫県,姫路市,豊富町豊富２４０６番地８,6792123
1140001135400,株式会社今井ＣＴ,兵庫県,姫路市,広畑区才６１２番地５,6711104
1140001135656,インカムプライム株式会社,兵庫県,姫路市,飯田３丁目９９番地１５,6700974
1140001135722,友和電設株式会社,兵庫県,姫路市,南新在家８番６号,6700093
1140001136035,株式会社Ｒａｙ　Ｃｏｎｓｕｌｔｉｎｇ,兵庫県,姫路市,安田２丁目７５番地西浦ビル３階３号室,6700955
1140001136051,株式会社ＬＴ,兵庫県,姫路市,青山北１丁目１６番５号,6712221
1140001136191,ＧＭＳ株式会社,兵庫県,姫路市,駅前町２４１番地フェスタビル北館３Ｆ,6700927
1140001136316,株式会社ＣＯＣＯ,兵庫県,姫路市,書写９５３番地１３,6712201
1140001136415,株式会社善コーポレーション,兵庫県,姫路市,中地２０３番地,6700976
1140001136464,株式会社迎賓堂,兵庫県,姫路市,安田４丁目１０２番地,6700955
1140001136539,株式会社アルテミア,兵庫県,姫路市,余部区下余部２６８番地９,6711261
1140001136869,ケーエムズ株式会社,兵庫県,姫路市,北条４３２番地１６−７０２号室,6700947
1140001136902,株式会社石田電機工業,兵庫県,姫路市,飾磨区若宮町２０番地１,6728095
1140001136919,河原工業株式会社,兵庫県,姫路市,四郷町山脇４５０番地２０,6710248
1140001137314,株式会社阿部工業,兵庫県,姫路市,飾磨区清水１１２飾磨サンハイツ１階１０１号室,6728051
1140001137355,株式会社エイトｐｌｕｓ,兵庫県,姫路市,田寺東３丁目１２番１０号２階,6700081
1140001137371,ＯＰＥＮ株式会社,兵庫県,姫路市,南車崎２丁目１番１２号エバーグリーン車崎６０３号,6700053
1140001137388,サムジング株式会社,兵庫県,姫路市,三条町１丁目７４番地,6700953
1140001137421,柳田設備工業株式会社,兵庫県,姫路市,飾磨区今在家９４２番地,6728079
1140001137611,株式会社ＹＡＭ,兵庫県,姫路市,広畑区高浜町２丁目２９番地２,6711153
1140001137710,セーフ・モード株式会社,兵庫県,姫路市,大津区天神町２丁目７４番地１,6711131
1140001137982,株式会社ＹＮホーム,兵庫県,姫路市,網干区新在家３４４番地１５,6711234
1140001137990,株式会社バズエステート,兵庫県,姫路市,飾磨区構１丁目１１０番地,6728071
1140001138015,アイルート株式会社,兵庫県,姫路市,広畑区蒲田２２２番地６,6711102
1140001138064,株式会社マサキプラントサービス,兵庫県,姫路市,苫編１１０番地４,6700986
1140001138072,よしい電気株式会社,兵庫県,姫路市,神子岡前２丁目１６番２１号,6700055
1140001138147,株式会社ＣｈｒｏｍａＷａｙ,兵庫県,姫路市,網干区田井７６番地６,6711221
1140001138436,株式会社丙成ライフ,兵庫県,姫路市,大津区勘兵衛町１丁目１１４番地２,6711132
1140001138452,株式会社Ｔ’ｓＬＩＮＥ,兵庫県,姫路市,南町７６姫路城陽ビル４Ｆコワーキングスペースｍｏｃｃｏ姫路内,6700912
1140001138551,株式会社姫路高圧,兵庫県,姫路市,大津区北天満町１４１番地３,6711142
1140001138576,株式会社ＪＡＳホールディングス,兵庫県,姫路市,三左衛門堀西の町４４,6700940
1140001138634,株式会社エターナル,兵庫県,姫路市,北条口２丁目３９−１−６０１,6700935
1140001139120,株式会社Ｋｎｉｎｅ,兵庫県,姫路市,夢前町宮置３９６番地９４,6712121
1140001139194,株式会社プラスワン,兵庫県,姫路市,飾磨区阿成中垣内１５番地２,6728058
1140001139252,株式会社ＫＡＴＡＤＡ,兵庫県,姫路市,本町２２４番地,6700012
1140001139715,株式会社Ｍｏｎｔ　Ｂｌａｎｃ,兵庫県,姫路市,苫編４０５−１−１０２,6700986
1140001140078,フーセイ産業株式会社,兵庫県,姫路市,四郷町本郷３１６番地２,6710243
1140001140227,姫路キャピタル株式会社,兵庫県,姫路市,書写１０１９番地１４５プラザ加茂２階北端,6712201
1140001140235,和田商事株式会社,兵庫県,姫路市,北平野南の町３番４５号,6700887
1140001140400,株式会社モスグリーン,兵庫県,姫路市,白国４丁目１２番３２号,6700808
1140001140425,株式会社ジェイファイト,兵庫県,姫路市,青山西２丁目２５番３号ハーフタイムリゾート青山１Ｆ,6712224
1140001140441,株式会社ＮｏｒｉＰｌｕｓ,兵庫県,姫路市,夢前町寺２０５６番地２９,6712116
1140001140714,株式会社クリア,兵庫県,姫路市,大津区天神町２丁目６２番地２堤ハイツ１０２,6711131
1140001140838,株式会社アールエナ,兵庫県,姫路市,大塩町１７７９番地,6710101
1140001141150,株式会社スマイルライフ,兵庫県,姫路市,安田４丁目４９番１１−２０３号,6700955
1140001141423,ｎａｔｕｒａｌ９株式会社,兵庫県,姫路市,西庄甲６７１番地８,6700981
1140001141497,株式会社なんばプラニングジャパン,兵庫県,姫路市,広畑区正門通４丁目４−２−ＬＭ−９０２,6711116
1140001141571,株式会社ｆｕｕ,兵庫県,姫路市,三左衛門堀東の町８７番地バレンシア三左衛門４０１,6700949
1140001141588,Ｆｕｒｔｈｅｒ　Ｗｅｌｌｎｅｓｓ株式会社,兵庫県,姫路市,勝原区山戸１２３番地４,6711214
1140001141712,株式会社アルトロフーズ,兵庫県,姫路市,白浜町丙１４１番地３−２０５,6728023
1140001141919,株式会社ＴＡＤＡ,兵庫県,姫路市,魚町１１６番地１−１０１号,6700905
1140001141943,株式会社メルシー,兵庫県,姫路市,野里東町８番９号,6700861
1140001142108,ＮＯＶＡ　ＢＡＳＥ株式会社,兵庫県,姫路市,手柄１丁目５７番地,6700972
1140001142231,株式会社Ｌｅｅｌａ,兵庫県,姫路市,御立東１丁目１９番４６−１号,6700072
1140002047801,株式会社リンク,兵庫県,姫路市,亀井町９３番地,6700925
1140002048114,株式会社川崎製作所,兵庫県,姫路市,白浜町寺家１丁目２０１番地,6728012
1140002048667,株式会社メディ・ケアグリーンさかい,兵庫県,姫路市,飾西４２０番地の２,6712216
1140002049839,パチュリコスメテック株式会社,兵庫県,姫路市,飾磨区三宅１丁目１０４番地プレステージＩＩＩ１００１号,6728048
1140002049987,株式会社西日本エステート,兵庫県,姫路市,飾磨区今在家５丁目５１番地,6728079
1140002050094,株式会社オーカワ,兵庫県,姫路市,飾東町豊国３１２番地３,6710219
1140002050276,株式会社播磨時報社,兵庫県,姫路市,安田４丁目３３番地９,6700955
1140002050697,株式会社フジサービス,兵庫県,姫路市,夢前町山冨１５６番地１７,6712123
1140002050747,アイエムイー株式会社,兵庫県,姫路市,三条町１丁目３１番地,6700953
1140002051118,株式会社三七一商店,兵庫県,姫路市,白浜町乙３７５番地の１,6728023
1140002051704,株式会社山栄産業,兵庫県,姫路市,相野３７４番地３,6712232
1140002053072,株式会社テクノエンジ,兵庫県,姫路市,継１５０番地１３,6728004
1140002053535,株式会社ダイシン,兵庫県,姫路市,南車崎２丁目５番２５号,6700053
1140002054293,株式会社栄登,兵庫県,姫路市,広畑区則直１２７番地１０,6711105
1140003007440,株式会社一九,兵庫県,姫路市,飾磨区今在家北２丁目８３番地,6728090
1140005013180,広告燐寸株式会社,兵庫県,姫路市,白浜町丙４８４番地,6728023
1160001020930,株式会社Ｃｏｍｆｏｒｔ,兵庫県,姫路市,御立西１丁目１２番４３号,6700074
1180001128375,株式会社ＣＥＦテクノソリューションズ,兵庫県,姫路市,南町６３ミツワビル３階,6700912
1180001139100,カンリクＥＸＰＲＥＳＳ岡山株式会社,兵庫県,姫路市,相野８６番地６,6712232
1180001142203,株式会社愼,兵庫県,姫路市,飾磨区英賀保駅前町５２番地,6728091
1260001029895,株式会社龍樹,兵庫県,姫路市,香寺町中仁野３１２番地１,6792143
1290001077157,株式会社ライジングジャパン,兵庫県,姫路市,飾磨区清水２丁目１０３番地２０１,6728051
1290801017403,株式会社ＫＡＸＩＮ,兵庫県,姫路市,白浜町宇佐崎南２丁目３２番,6728022
1440001001852,株式会社ビー・シー・二十一,兵庫県,姫路市,市之郷西野々８４１番地,6700943
1440001005556,株式会社フェアウェイカンパニー,兵庫県,姫路市,大津区吉美３８０番地,6711133
1470001014430,株式会社南陽,兵庫県,姫路市,野里２０３番地１,6700811
1500001010855,エージィロム株式会社,兵庫県,姫路市,材木町１５番地３ロワイヤル船場２０１号,6700025
2010401112779,株式会社徳山ゴルフ,兵庫県,姫路市,楠町９９番地５,6700826
2010601056082,株式会社クローバー,兵庫県,姫路市,飾東町佐良和２１５番地２３,6710217
2011101064740,スカイジャパンシステム株式会社,兵庫県,姫路市,東夢前台３丁目６２番地,6700064
2011401021838,中友株式会社,兵庫県,姫路市,四郷町見野８９２番地３,6710244
2020001035339,シムテック株式会社,兵庫県,姫路市,野里９５１の６７,6700811
2020001077100,アイランドライナー株式会社,兵庫県,姫路市,白浜町宇佐崎北１丁目１５８番地,6728013
2040001117366,ウイング株式会社,兵庫県,姫路市,広畑区東新町３丁目８５番地,6711121
2120001124271,株式会社アモン,兵庫県,姫路市,土山５丁目７番２２号山名ビル２０１,6700996
2120001134642,コスギ商事株式会社,兵庫県,姫路市,御国野町御着１１５０番地２,6710232
2120001193424,株式会社ｅＭカンパニー,兵庫県,姫路市,田寺東２丁目３０番１２号,6700081
2120001211292,株式会社コンフォートスペース,兵庫県,姫路市,飾磨区都倉１丁目３０番地,6728046
2120001239598,株式会社ディクセル,兵庫県,姫路市,西二階町５６番地,6700901
2120101050698,株式会社宮本,兵庫県,姫路市,別所町佐土２丁目７番地５,6710224
2130001048916,株式会社アグリポピュレイションジャパン,兵庫県,姫路市,夢前町菅生澗１３５１番地,6712134
2140001010643,株式会社フタバ,兵庫県,姫路市,元町６３番地２−７０４,6700049
2140001028371,株式会社ロイヤルパーク,兵庫県,姫路市,広畑区西蒲田８１１番地の１,6711107
2140001034386,株式会社明石高速,兵庫県,姫路市,白浜町宇佐崎北１丁目１５９番地,6728013
2140001039393,株式会社サンミラクル,兵庫県,姫路市,打越字寺谷１３５２番地７８,6712246
2140001040401,株式会社関西建設,兵庫県,姫路市,山吹１丁目１１番５２号ＴＫビル３０２号,6700085
2140001040517,株式会社泰眞建設,兵庫県,姫路市,林田町六九谷１７０番地４,6794211
2140001043890,株式会社エグゼ,兵庫県,姫路市,国府寺町１８番地,6700852
2140001046398,株式会社サウンドスパイス,兵庫県,姫路市,北今宿１丁目６番１５号,6700057
2140001057429,株式会社アイエンジー,兵庫県,姫路市,飾磨区清水１２６番地（ベルローゼビル内）,6728051
2140001057437,株式会社アイエム電子,兵庫県,姫路市,広畑区才１００８番地１,6711104
2140001057445,アーキテック株式会社,兵庫県,姫路市,広畑区北野町２丁目１９番地,6711112
2140001057453,アイシーエス姫路市ウエルフエアー株式会社,兵庫県,姫路市,飾磨区上野田２丁目８８番地,6728043
2140001057478,株式会社アートワン,兵庫県,姫路市,北新在家２丁目２０番１１号,6700091
2140001057486,株式会社アーバントランスポート,兵庫県,姫路市,飾磨区今在家４丁目６４番地の３,6728079
2140001057503,愛林興業株式会社,兵庫県,姫路市,飾磨区恵美酒２９４番地の３,6728057
2140001057511,株式会社アカイ,兵庫県,姫路市,南条２丁目６５番地,6700952
2140001057528,株式会社アクセス・ジャパン,兵庫県,姫路市,花田町加納原田５８３番地の１７,6710252
2140001057536,株式会社赤ちゃん堂,兵庫県,姫路市,二階町１５番地,6700922
2140001057544,アグリテクノサーチ株式会社,兵庫県,姫路市,土山６丁目５番１２号,6700996
2140001057552,株式会社明日香,兵庫県,姫路市,十二所前町１０８番地,6700911
2140001057560,株式会社アスコット,兵庫県,姫路市,広畑区小松町１丁目５０番地,6711152
2140001057569,アステム建設株式会社,兵庫県,姫路市,安田１丁目６２番地,6700955
2140001057577,アサヒ興産株式会社,兵庫県,姫路市,網干区福井４５番地,6711225
2140001057585,旭紙工株式会社,兵庫県,姫路市,神屋町２丁目６６番地,6700836
2140001057593,株式会社アサヒ商会,兵庫県,姫路市,市川台１丁目１０４番地,6700822
2140001057602,旭ホームズ株式会社,兵庫県,姫路市,広畑区吾妻町２丁目２４番地の１,6711154
2140001057610,株式会社安積コーポレーション,兵庫県,姫路市,延末２８番地,6700966
2140001057619,株式会社アドスポーツ,兵庫県,姫路市,東辻井２丁目６番３７号,6700084
2140001057635,網干産業株式会社,兵庫県,姫路市,大津区吉美６６１番地,6711133
2140001057643,株式会社アビノ,兵庫県,姫路市,広畑区正門通４丁目３番地３,6711116
2140001057668,株式会社アルコシステム,兵庫県,姫路市,立町８２番地,6700903
2140001057676,株式会社アルフアー,兵庫県,姫路市,鍵町１２番地,6700009
2140001057684,アルプス土地株式会社,兵庫県,姫路市,飾磨区中島６３３番地１の１,6728035
2140001057692,プランツビレッジ株式会社,兵庫県,姫路市,新在家本町５丁目９番２号,6700092
2140001057718,池下産業株式会社,兵庫県,姫路市,綿町１４６番地,6700921
2140001057726,池田熔接工業株式会社,兵庫県,姫路市,網干区新在家２０５７番地の１,6711234
2140001057734,株式会社石井農機具店,兵庫県,姫路市,飯田４９１番地の１６,6700974
2140001057742,株式会社イセダ印刷,兵庫県,姫路市,定元町４番地の２,6700994
2140001057750,イサム観光株式会社,兵庫県,姫路市,花田町小川１１４６番地１,6710255
2140001057759,株式会社井沢鉄工所,兵庫県,姫路市,大塩町４９８番地の１,6710101
2140001057767,株式会社伊藤技研興業,兵庫県,姫路市,大津区天神町２丁目１４７番地の２,6711131
2140001057783,株式会社一心住建,兵庫県,姫路市,五軒邸１丁目１番地,6700854
2140001057809,株式会社井上Ｋ建設,兵庫県,姫路市,飾磨区構４丁目３０１番地,6728071
2140001057817,株式会社井上書林,兵庫県,姫路市,大野町５３番地の３,6700868
2140001057825,株式会社井上マーク製作所,兵庫県,姫路市,大津区平松２２５番地の１,6711145
2140001057833,株式会社イノヴェーションズ,兵庫県,姫路市,白浜町寺家１丁目９８番地,6728012
2140001057858,イワサキ工業株式会社,兵庫県,姫路市,網干区浜田９番地の５,6711242
2140001057866,岩元興業株式会社,兵庫県,姫路市,南町１１番地,6700912
2140001057874,株式会社牛肉商但馬屋,兵庫県,姫路市,楠町９９番地５,6700826
2140001057908,ヴァルハラマネージメント株式会社,兵庫県,姫路市,忍町８４番地,6700917
2140001057924,宇部産業株式会社,兵庫県,姫路市,古二階町５２番地,6700936
2140001057932,株式会社うめや,兵庫県,姫路市,小姓町３０番地,6700043
2140001057940,株式会社エーアイシステム,兵庫県,姫路市,下手野４丁目６番２０号,6700063
2140001057957,株式会社栄進,兵庫県,姫路市,手柄１丁目８番地,6700972
2140001057965,エイト工業株式会社,兵庫県,姫路市,広畑区鶴町１丁目１６番地の２,6711124
2140001057973,株式会社ウエストオーツモ,兵庫県,姫路市,網干区大江島８３番地１,6711231
2140001057981,株式会社エイユー住販,兵庫県,姫路市,飾磨区都倉２丁目６７番地,6728046
2140001057998,株式会社エス・アイ,兵庫県,姫路市,石倉２６番地の３,6712231
2140001058006,株式会社エンゼル楽器社,兵庫県,姫路市,青山西１丁目８番５号,6712224
2140001058014,株式会社エヌ・エー・シィー,兵庫県,姫路市,辻井３丁目４番１５号,6700083
2140001058022,株式会社エフインテリヤ工芸,兵庫県,姫路市,新在家本町５丁目９番１号,6700092
2140001058030,株式会社愛媛土建,兵庫県,姫路市,飯田４８３番地,6700974
2140001058047,株式会社エムワイパーソナルセンター,兵庫県,姫路市,北条宮の町４１１番地,6700948
2140001058055,株式会社オーエーネットワーク,兵庫県,姫路市,北条永良町２７５番地,6700946
2140001058063,株式会社大出不動産,兵庫県,姫路市,白浜町乙８７１番地の２,6728023
2140001058071,株式会社岡銀,兵庫県,姫路市,二階町８８番地,6700922
2140001058105,株式会社オートサービス前田,兵庫県,姫路市,広畑区長町１丁目５４番地,6711125
2140001058113,株式会社大谷断熱工業,兵庫県,姫路市,広畑区蒲田４丁目６１番地,6711102
2140001058121,大野水道工業株式会社,兵庫県,姫路市,下手野３丁目２番６号,6700063
2140001058138,大森商事株式会社,兵庫県,姫路市,南町３３番地,6700912
2140001058146,株式会社岡崎稔商店,兵庫県,姫路市,延末２９５番地姫路中央卸売市場内,6700966
2140001058154,株式会社緒方土木工業,兵庫県,姫路市,飾磨区中浜町１丁目４９番地,6728085
2140001058162,株式会社オカベマシーナリー,兵庫県,姫路市,飾磨区英賀字浜新田乙１４番地の４,6728078
2140001058170,岡本鉄建株式会社,兵庫県,姫路市,大津区勘兵衛町１丁目２７番地,6711132
2140001058179,小川食品株式会社,兵庫県,姫路市,北条宮の町２３３番地,6700948
2140001058187,株式会社お茶のなるせ,兵庫県,姫路市,大野町７７番地の２,6700868
2140001058204,株式会社オバタ塗装店,兵庫県,姫路市,余部区上余部７２番地の２,6711262
2140001058212,株式会社魁,兵庫県,姫路市,城北本町１６番１０号,6700884
2140001058220,株式会社貝藤商会,兵庫県,姫路市,飾磨区妻鹿１７１８番地の１,6728031
2140001058229,カギの１１０番株式会社,兵庫県,姫路市,市川橋通２丁目４９番地の２,6700825
2140001058237,株式会社関西エンジニアリング,兵庫県,姫路市,飾磨区野田町１６９番地,6728040
2140001058253,株式会社関西クリエイティブ,兵庫県,姫路市,飾磨区構１０７３番地の１２,6728071
2140001058261,株式会社貸衣裳高砂屋本店,兵庫県,姫路市,本町１２５番地,6700012
2140001058278,株式会社関西リセール,兵庫県,姫路市,豊富町御蔭５００番地５５,6792122
2140001058286,堅木株式会社,兵庫県,姫路市,夢前町又坂４番地１,6712115
2140001058294,株式会社カスタニ,兵庫県,姫路市,八代東光寺町４番１２号,6700873
2140001058303,株式会社錺工房,兵庫県,姫路市,西新町１６０番地,6700033
2140001058328,勝間設備株式会社,兵庫県,姫路市,網干区浜田２１１番地の２,6711242
2140001058336,株式会社加納興業,兵庫県,姫路市,花田町加納原田４２１番地１０,6710252
2140001058344,株式会社兼崎鉄工所,兵庫県,姫路市,飾磨区中島２９９番地,6728035
2140001058352,株式会社金田組,兵庫県,姫路市,城東町６３番地,6700841
2140001058360,カネミツフーズ株式会社,兵庫県,姫路市,城東町竹之門１２番地京口ハイツ２０１,6700848
2140001058369,株式会社カマタニ,兵庫県,姫路市,御国野町国分寺７８番地,6710234
2140001058377,亀山造園土木株式会社,兵庫県,姫路市,小利木町１０番地の２,6700022
2140001058385,河建株式会社,兵庫県,姫路市,飾東町佐良和４５０番地の１０,6710217
2140001058393,株式会社ガラスセンター井上,兵庫県,姫路市,飾磨区今在家１０１７番地の２,6728079
2140001058402,苅野株式会社,兵庫県,姫路市,北条口２丁目２６番地,6700935
2140001058410,株式会社河本商店,兵庫県,姫路市,広畑区西蒲田２７３番地の１,6711107
2140001058419,株式会社近畿アクティブ,兵庫県,姫路市,南条１丁目１２番地,6700952
2140001058427,近畿環境保全株式会社,兵庫県,姫路市,四郷町山脇９２０番地,6710248
2140001058443,キンキテレコム株式会社,兵庫県,姫路市,北今宿１丁目９番１３号,6700057
2140001058451,金扇運輸株式会社,兵庫県,姫路市,御国野町西御着５２６番地の１,6710233
2140001058468,株式会社北爪工業,兵庫県,姫路市,辻井５丁目５番１１号,6700083
2140001058476,北野産業株式会社,兵庫県,姫路市,神屋町３丁目３７番地の４,6700836
2140001058484,株式会社キタムラ,兵庫県,姫路市,飾磨区中島３４０８,6728035
2140001058492,株式会社北山工商,兵庫県,姫路市,林田町久保１８４番地７,6794201
2140001058501,株式会社杵屋,兵庫県,姫路市,二階町９５番地,6700922
2140001058526,協永電業株式会社,兵庫県,姫路市,苫編南２丁目４３番地,6700987
2140001058534,協伸製鎖株式会社,兵庫県,姫路市,白浜町甲７９１番地の１,6728023
2140001058567,株式会社清角コーポレーシヨン,兵庫県,姫路市,保城１１５０番地,6700804
2140001058575,株式会社キャリオン,兵庫県,姫路市,西駅前町３８番地,6700913
2140001058591,株式会社熊田造園,兵庫県,姫路市,白浜町乙３０番地の７,6728023
2140001058600,クラウン商事株式会社,兵庫県,姫路市,北平野１丁目１２番１１号,6700893
2140001058609,株式会社グリーンボウル,兵庫県,姫路市,広畑区長町１丁目１番地,6711125
2140001058617,黒木製鎖株式会社,兵庫県,姫路市,白浜町丙６１２番地,6728023
2140001058625,株式会社呉島組土木興業,兵庫県,姫路市,飾磨区英賀春日町２丁目６８番地の５,6728092
2140001058633,株式会社黒田エンジニアリング,兵庫県,姫路市,飾磨区中野田２丁目２０番地,6728045
2140001058641,黒田昆布株式会社,兵庫県,姫路市,玉手字針ノ木３８６番地,6700985
2140001058658,経営情報システム株式会社,兵庫県,姫路市,東延末５丁目３４番地２,6700965
2140001058666,虹技サービス株式会社,兵庫県,姫路市,大津区勘兵衛町４丁目１番地,6711132
2140001058682,株式会社建創,兵庫県,姫路市,青山西３丁目６番３号,6712224
2140001058690,株式会社建築設計フジモト,兵庫県,姫路市,飾東町庄１９番地の７,6710218
2140001058699,光栄産業株式会社,兵庫県,姫路市,北条１丁目４０８番５,6700947
2140001058732,株式会社小井住モータース,兵庫県,姫路市,白浜町丙２８８番地,6728023
2140001058740,甲南興業株式会社,兵庫県,姫路市,豊富町御蔭１１７番地,6792122
2140001058757,宏博産業株式会社,兵庫県,姫路市,花田町小川１１６２番地の１,6710255
2140001058765,株式会社高本計算センター,兵庫県,姫路市,白銀町７０番地,6700902
2140001058781,光洋製瓦株式会社,兵庫県,姫路市,船津町５２４１番地の５,6792101
2140001058798,株式会社コウリヨー,兵庫県,姫路市,保城１５０番地の３,6700804
2140001058807,株式会社国際ゴルフ,兵庫県,姫路市,南今宿２番３４号,6700054
2140001058823,株式会社小島屋,兵庫県,姫路市,山野井町１２５番地,6700021
2140001058831,ゴダイ産業株式会社,兵庫県,姫路市,別所町北宿９３２番地の１,6710223
2140001058848,壽電気設備工事株式会社,兵庫県,姫路市,西今宿３丁目９番３１号,6700061
2140001058856,小西製畳株式会社,兵庫県,姫路市,勝原区宮田６１番地の１,6711213
2140001058864,株式会社コンピューター計算センター,兵庫県,姫路市,城北新町１丁目１１番３１号,6700883
2140001058880,株式会社駒田新建材綜合センター,兵庫県,姫路市,増位本町１丁目３番１２号,6700807
2140001058897,エス・イー株式会社,兵庫県,姫路市,西庄甲６６番地２,6700981
2140001058906,エミス株式会社,兵庫県,姫路市,駅前町２７番地,6700927
2140001058914,サンヨーコンピューター印刷株式会社,兵庫県,姫路市,網干区新在家７１５番地,6711234
2140001058922,山陽色素株式会社,兵庫県,姫路市,延末８１番地,6700966
2140001058930,山陽殖産株式会社,兵庫県,姫路市,八代宮前町１１番８号,6700885
2140001058939,株式会社山陽損害保険事務所,兵庫県,姫路市,飾磨区加茂南８２０番地,6728069
2140001058947,山陽不動産株式会社,兵庫県,姫路市,立町８５番地,6700903
2140001058963,株式会社サンエイコーポレーション,兵庫県,姫路市,三左衛門堀東の町７１番地,6700949
2140001058988,齊藤物流株式会社,兵庫県,姫路市,土山２丁目１２番３８号,6700996
2140001059012,株式会社三光システム,兵庫県,姫路市,飾磨区構４丁目３３番地,6728071
2140001059020,株式会社サンコート,兵庫県,姫路市,総社本町３３番地,6700015
2140001059029,株式会社三幸被服,兵庫県,姫路市,西二階町４１番地,6700901
2140001059037,咲新興業株式会社,兵庫県,姫路市,飾磨区恵美酒１４７番地,6728057
2140001059053,株式会社三共,兵庫県,姫路市,元塩町７３番地,6700937
2140001059061,株式会社三協商会,兵庫県,姫路市,青山西４丁目１１番２６号,6712224
2140001059078,津田物産株式会社,兵庫県,姫路市,八代東光寺町３番３号,6700873
2140001059086,サソーグラインドスポーツ株式会社,兵庫県,姫路市,北条梅原町１４０番地,6700945
2140001059094,株式会社佐治工務店,兵庫県,姫路市,西中島３９８番地の１,6700805
2140001059103,株式会社三昌,兵庫県,姫路市,四郷町山脇字丁田１５０番地１,6710248
2140001059111,佐藤設備工業株式会社,兵庫県,姫路市,余部区下余部３２３番地の１,6711261
2140001059128,佐野興産株式会社,兵庫県,姫路市,花田町加納原田２２５番地,6710252
2140001059144,株式会社サンフリーダム,兵庫県,姫路市,大津区天神町１丁目４６番地,6711131
2140001059152,株式会社サンユー,兵庫県,姫路市,砥堀４４番地１,6700802
2140001059160,株式会社サライ,兵庫県,姫路市,林田町久保３９番地,6794201
2140001059169,三和建設株式会社,兵庫県,姫路市,平野町４３番地,6700933
2140001059185,三和タクシー株式会社,兵庫県,姫路市,白国１丁目１番１０号,6700808
2140001059227,株式会社ジーク,兵庫県,姫路市,田井台１番地の１１,6712211
2140001059235,シオタニ株式会社,兵庫県,姫路市,飾磨区構２丁目１０２番地,6728071
2140001059243,株式会社四季,兵庫県,姫路市,辻井４丁目１１番４６号,6700083
2140001059251,新光興産株式会社,兵庫県,姫路市,市之郷町３丁目２６番地,6700943
2140001059268,神姫観光株式会社,兵庫県,姫路市,北条口１丁目１７番地,6700935
2140001059292,株式会社シグマ,兵庫県,姫路市,豊富町御蔭１５５４番地,6792122
2140001059301,株式会社飾磨電装,兵庫県,姫路市,飾磨区構字西飯田新田１１４９番地の４,6728071
2140001059318,シスコムエンジニアリング株式会社,兵庫県,姫路市,飾磨区都倉３丁目２６番地,6728046
2140001059326,株式会社システムライフ,兵庫県,姫路市,花影町４丁目６番地８,6700047
2140001059334,實光電機株式会社,兵庫県,姫路市,保城８６８番地の１,6700804
2140001059367,清水産業株式会社,兵庫県,姫路市,船津町５２８９番地の１４,6792101
2140001059375,株式会社清水＿工所,兵庫県,姫路市,飾磨区加茂１８５番地,6728074
2140001059383,株式会社島根ビル,兵庫県,姫路市,梅ケ谷町１７番１３号,6700894
2140001059391,昭栄興業株式会社,兵庫県,姫路市,白浜町甲２１０番地の３,6728023
2140001059409,株式会社城西商事,兵庫県,姫路市,本町６８番地,6700012
2140001059417,株式会社ジョイントコーポレーション,兵庫県,姫路市,三左衛門堀西の町１３５番地,6700940
2140001059425,株式会社ジユエリートダカ,兵庫県,姫路市,増位新町１丁目２１番地−１１０２,6700806
2140001059433,株式会社ハバス・ベイ,兵庫県,姫路市,飾磨区上野田５丁目１２６番地２,6728043
2140001059441,株式会社昭和設計亊務所,兵庫県,姫路市,立町７６番地滝川ビル内,6700903
2140001059466,株式会社ジュントスコーポレーション,兵庫県,姫路市,白浜町宇佐崎中１丁目２２番地,6728021
2140001059482,株式会社神和会,兵庫県,姫路市,飾磨区玉地７５６番地の５,6728052
2140001059490,株式会社しらさぎ苑,兵庫県,姫路市,飾磨区妻鹿８４６番地,6728031
2140001059499,伸和鉄工株式会社,兵庫県,姫路市,飾磨区細江１２１１番地の４,6728064
2140001059508,白浜電機株式会社,兵庫県,姫路市,白浜町乙４６３番地,6728023
2140001059516,株式会社水交社,兵庫県,姫路市,大黒壱丁町３９番地,6700853
2140001059524,株式会社アイエスイー,兵庫県,姫路市,書写９０６番地５,6712201
2140001059532,杉本建設株式会社,兵庫県,姫路市,飾東町豊国３８番地,6710219
2140001059540,株式会社鈴木ねぢ製作所,兵庫県,姫路市,飾磨区中野田２丁目６２番地,6728045
2140001059549,すまいるホーム株式会社,兵庫県,姫路市,豊沢町６０番地,6700964
2140001059557,株式会社聖輝,兵庫県,姫路市,花田町高木３７番地,6710256
2140001059565,株式会社正衡社,兵庫県,姫路市,野里上野町１丁目６番２３号,6700814
2140001059573,株式会社清希建材,兵庫県,姫路市,飾磨区恵美酒３２５番地の１２,6728057
2140001059581,株式会社星住産,兵庫県,姫路市,白浜町寺家２丁目９１番地の５,6728012
2140001059607,成臨興業株式会社,兵庫県,姫路市,広畑区西夢前台８丁目５番地,6711103
2140001059615,株式会社ＨＡＩ−ＤＵＯＮＧ,兵庫県,姫路市,南条４３７番地１,6700952
2140001059623,関興業株式会社,兵庫県,姫路市,飯田字三和６３５の３,6700974
2140001059631,株式会社セキュリティハウス神姫,兵庫県,姫路市,市川橋通２丁目４９番地２,6700825
2140001059648,船場印刷株式会社,兵庫県,姫路市,定元町４番地の２,6700994
2140001059656,株式会社ライズアップ,兵庫県,姫路市,東辻井２丁目９番１５号,6700084
2140001059664,株式会社千里商事,兵庫県,姫路市,呉服町５８番地,6700923
2140001059672,株式会社創芸社,兵庫県,姫路市,土山３丁目２番２４号,6700996
2140001059680,創器建設株式会社,兵庫県,姫路市,坊主町１０４番地,6700011
2140001059689,宗和建設株式会社,兵庫県,姫路市,花田町上原田３３番地の４,6710251
2140001059697,空地産業株式会社,兵庫県,姫路市,呉服町８番地,6700923
2140001059714,第一クリーニング株式会社,兵庫県,姫路市,網干区大江島１１３番地,6711231
2140001059722,ダイネン株式会社,兵庫県,姫路市,飾磨区中島３００１番地,6728035
2140001059739,株式会社大源エンジニアリング,兵庫県,姫路市,三左衛門堀東の町２２番地フラーリッシュ輝２０１号,6700949
2140001059747,大健産業株式会社,兵庫県,姫路市,南駅前町６４番地,6700962
2140001059771,大成金属株式会社,兵庫県,姫路市,飾磨区今在家５丁目１１０番地の１,6728079
2140001059788,大セメ運輸株式会社,兵庫県,姫路市,飾磨区中島６２１番地,6728035
2140001059796,大昭産業株式会社,兵庫県,姫路市,呉服町３０番地,6700923
2140001059821,株式会社ダイテック,兵庫県,姫路市,北条梅原町２７１番地,6700945
2140001059838,株式会社タウン編集室,兵庫県,姫路市,安田４丁目３３番地の９,6700955
2140001059846,大洋興業株式会社,兵庫県,姫路市,広畑区東新町３丁目１０３番地,6711121
2140001059854,株式会社タイヨウデンシ,兵庫県,姫路市,三条町１丁目３番地,6700953
2140001059862,株式会社ダイリン,兵庫県,姫路市,白浜町甲８３９番地,6728023
2140001059870,株式会社１１７メンバーズ,兵庫県,姫路市,古二階町６３番地,6700936
2140001059879,株式会社大和ストライクライト,兵庫県,姫路市,網干区新在家３３４番地,6711234
2140001059887,株式会社大龍,兵庫県,姫路市,伊伝居８６番地,6700871
2140001059895,タケウチアイディー株式会社,兵庫県,姫路市,網干区新在家８３６番地,6711234
2140001059912,高島紙器株式会社,兵庫県,姫路市,網干区大江島６３７番地の１,6711231
2140001059937,たけのこ地所株式会社,兵庫県,姫路市,勝原区熊見５番地の３,6711211
2140001059945,株式会社高場鉄工所,兵庫県,姫路市,飾磨区中島１丁目３４７番地,6728035
2140001059961,株式会社タクミホーム,兵庫県,姫路市,白浜町宇佐崎北２丁目２１５番地の１,6728013
2140001059978,立岩印刷株式会社,兵庫県,姫路市,神屋町５丁目９３番地,6700836
2140001059986,多田農機販売株式会社,兵庫県,姫路市,坂田町１７番地,6700931
2140001059994,タチバナ土地株式会社,兵庫県,姫路市,市川橋通２丁目３０番地,6700825
2140001060003,株式会社多津利起,兵庫県,姫路市,網干区高田３６１番地の１,6711226
2140001060011,株式会社田中鉄工所,兵庫県,姫路市,延末３７７番地の１,6700966
2140001060028,株式会社玉野商店,兵庫県,姫路市,船津町３６９３番地,6792101
2140001060036,株式会社樽栄商店,兵庫県,姫路市,北平野台町１番３号,6700895
2140001060044,治水ヒューム管工業株式会社,兵庫県,姫路市,古二階町５２番地,6700936
2140001060052,中央自動車工業株式会社,兵庫県,姫路市,延末２５６番地,6700966
2140001060060,株式会社長久鉄工所,兵庫県,姫路市,網干区垣内南町３７２番地,6711255
2140001060069,千代田レイヤー株式会社,兵庫県,姫路市,飾磨区英賀西町１丁目２９番地,6728088
2140001060077,ツカサ精工株式会社,兵庫県,姫路市,別所町北宿１１０１番地の１,6710223
2140001060085,株式会社辻鉄工所,兵庫県,姫路市,勝原区丁１５２番地の３,6711203
2140001060093,ツタヒデ工業株式会社,兵庫県,姫路市,豊富町御蔭５００番地２,6792122
2140001060102,株式会社ツボサカ,兵庫県,姫路市,手柄１９５番地,6700972
2140001060110,坪田産業株式会社,兵庫県,姫路市,亀井町１０８番地,6700925
2140001060119,株式会社ティ・オー・シー,兵庫県,姫路市,北条梅原町２２９番地,6700945
2140001060127,株式会社テイー・ジー・ベー,兵庫県,姫路市,辻井９丁目６番１２号,6700083
2140001060143,株式会社テクノフジコー,兵庫県,姫路市,飾磨区英賀宮町１丁目４２番地,6728080
2140001060151,鉄港運輸株式会社,兵庫県,姫路市,飾磨区細江９９１番地の１,6728064
2140001060168,マンドー電気通信株式会社,兵庫県,姫路市,北条宮の町８８番地,6700948
2140001060184,株式会社東郷,兵庫県,姫路市,花田町上原田１４番地の１,6710251
2140001060192,東京電機工業株式会社,兵庫県,姫路市,網干区新在家３５５番地の２,6711234
2140001060218,東洋ウオーターロツク工業株式会社,兵庫県,姫路市,御国野町国分寺５２４番地の３,6710234
2140001060226,トーヨーカセイ株式会社,兵庫県,姫路市,青山３丁目１３番１号,6712222
2140001060234,東洋事務器工業株式会社,兵庫県,姫路市,市之郷町４丁目８番地,6700943
2140001060242,株式会社東洋プレハブ,兵庫県,姫路市,継１６３番地の１,6728004
2140001060250,東和建設株式会社,兵庫県,姫路市,大津区新町２丁目４７番地,6711135
2140001060259,株式会社トキワテック,兵庫県,姫路市,青山１丁目３６番１４号,6712222
2140001060267,トップマンナガタ教材株式会社,兵庫県,姫路市,飾磨区阿成１番地７,6728037
2140001060275,株式会社ドミール姫路,兵庫県,姫路市,三左衛門堀西の町２３番地,6700940
2140001060283,株式会社トモヤ,兵庫県,姫路市,木場十八反町１番地,6728017
2140001060300,株式会社鳥行,兵庫県,姫路市,忍町９６番地,6700917
2140001060317,株式会社ナガイシートメタル,兵庫県,姫路市,別所町別所１８４７番地,6710221
2140001060325,株式会社中尾薬局,兵庫県,姫路市,広畑区小坂２７４番地の５,6711156
2140001060341,ナガサダ工業株式会社,兵庫県,姫路市,南八代町１９番１２号,6700875
2140001060358,永田青果株式会社,兵庫県,姫路市,木場前中町２２番地１,6728018
2140001060366,株式会社ナカチュー,兵庫県,姫路市,砥堀４９３番地,6700802
2140001060374,中野製鎖工業株式会社,兵庫県,姫路市,別所町佐土９１３番地２７,6710224
2140001060382,株式会社高橋商店,兵庫県,姫路市,綿町７６番地,6700921
2140001060390,中村キーセンター株式会社,兵庫県,姫路市,城東町京口台１１番地,6700845
2140001060399,株式会社中山設備工業,兵庫県,姫路市,南畝町１丁目６８番地,6700961
2140001060424,株式会社成瀬松壽園,兵庫県,姫路市,御立北３丁目７８９,6700071
2140001060432,二幸防水塗装工業株式会社,兵庫県,姫路市,名古山町１番５号,6700051
2140001060449,株式会社ニシグチ,兵庫県,姫路市,岡田４８３番地,6700982
2140001060457,西芝エンジニアリング株式会社,兵庫県,姫路市,網干区浜田１０００番地,6711242
2140001060465,株式会社ニシタニ,兵庫県,姫路市,神子岡前３丁目２番６号,6700055
2140001060473,株式会社Ｊａｐａｎ　Ｆｌｏｗｅｒ　Ｔｒａｄｉｎｇ,兵庫県,姫路市,御国野町深志野３００番地,6710231
2140001060481,株式会社ニシハリマ宇部,兵庫県,姫路市,飾磨区中島３０５９番地の１３,6728035
2140001060498,日宏株式会社,兵庫県,姫路市,書写１０１９番地６３５,6712201
2140001060507,日管工業株式会社,兵庫県,姫路市,刀出８０９番地,6712241
2140001060523,日伸運輸株式会社,兵庫県,姫路市,豊沢町１３７番地姫路センタービル９階,6700964
2140001060531,日新精機株式会社,兵庫県,姫路市,船津町５３１５番地の７,6792101
2140001060572,日本製氷株式会社,兵庫県,姫路市,久保町１２８番地,6700916
2140001060589,日本フエルト工業株式会社,兵庫県,姫路市,城東町１８０番地,6700841
2140001060597,株式会社日本財務,兵庫県,姫路市,南駅前町９１−１０,6700962
2140001060606,ニュース株式会社,兵庫県,姫路市,駅前町２４２番地,6700927
2140001060622,野田実業株式会社,兵庫県,姫路市,亀井町２５番地,6700925
2140001060630,則武運送株式会社,兵庫県,姫路市,白浜町宇佐崎南２丁目１３番地の２,6728022
2140001060639,株式会社ハウジングタイホー,兵庫県,姫路市,東延末４丁目７０番地,6700965
2140001060647,株式会社バウハウス,兵庫県,姫路市,砥堀１２４番地,6700802
2140001060671,はくろ観光バス株式会社,兵庫県,姫路市,西庄１４３番地の１,6700981
2140001060688,株式会社萩原萬商店,兵庫県,姫路市,北条口２丁目６０番地,6700935
2140001060696,株式会社長谷川鑑定事務所,兵庫県,姫路市,豊沢町１５６番地姫路アドバンスビル７階,6700964
2140001060705,羽柴観光株式会社,兵庫県,姫路市,福沢町１４８番地,6700992
2140001060713,橋本産業株式会社,兵庫県,姫路市,余部区上余部２５番地の１,6711262
2140001060721,播州倉庫株式会社,兵庫県,姫路市,別所町北宿８５９番地の１,6710223
2140001060746,八田石材株式会社,兵庫県,姫路市,網干区大江島古川町１２０番地,6711233
2140001060754,万能金属株式会社,兵庫県,姫路市,飾磨区大浜３２番地,6728062
2140001060762,播備株式会社,兵庫県,姫路市,継字辰巳端３５２番地,6728004
2140001060770,株式会社ハマダ,兵庫県,姫路市,網干区新在家１２６１番地の１２,6711234
2140001060795,株式会社林機工,兵庫県,姫路市,網干区新在家１２８１番地,6711234
2140001060812,原田工業株式会社,兵庫県,姫路市,飾磨区上野田３丁目２５番地,6728043
2140001060820,株式会社原田製作所,兵庫県,姫路市,大津区勘兵衛町２丁目６４番地,6711132
2140001060829,ハリマ株式会社,兵庫県,姫路市,網干区和久４４１番地の６,6711227
2140001060837,ハリマ興産株式会社,兵庫県,姫路市,元塩町８９番地,6700937
2140001060845,株式会社播磨リビング新聞社,兵庫県,姫路市,安田１丁目５８番地４,6700955
2140001060853,ハリマ設備工業株式会社,兵庫県,姫路市,網干区大江島字家中１０１番地,6711231
2140001060878,姫路アーバン開発株式会社,兵庫県,姫路市,野里寺町３９番地,6700867
2140001060886,姫路エンターロップ株式会社,兵庫県,姫路市,網干区高田３９番地の１,6711226
2140001060894,姫路鋼管株式会社,兵庫県,姫路市,玉手４３７番地３,6700985
2140001060903,姫路ケーブルテレビ株式会社,兵庫県,姫路市,豊沢町１３５番地姫路大同生命ビル７階,6700964
2140001060911,姫路環境整備株式会社,兵庫県,姫路市,四郷町上鈴２６４番地１,6710241
2140001060928,株式会社姫路グリーンホテル,兵庫県,姫路市,坂元町１００番地,6700016
2140001060936,姫路青産株式会社,兵庫県,姫路市,下手野２丁目１０番１８号,6700063
2140001060952,株式会社姫路自動車工作所,兵庫県,姫路市,北原７７６番地の３,6728002
2140001060960,姫路住設建材株式会社,兵庫県,姫路市,林田町下伊勢５７５番地,6794233
2140001060969,姫路ヂィーゼル工業株式会社,兵庫県,姫路市,花田町加納原田字栗蔵敷８８番地の５,6710252
2140001060977,姫路電気通信工事株式会社,兵庫県,姫路市,西庄乙６１番地５,6700981
2140001060993,姫路中央冷蔵株式会社,兵庫県,姫路市,白浜町甲１９２０番地６０,6728023
2140001061018,株式会社姫路分析,兵庫県,姫路市,飾磨区英賀春日町２丁目８の２,6728092
2140001061026,ヒメモク運送株式会社,兵庫県,姫路市,網干区興浜字西沖２１１３番地の８,6711241
2140001061034,株式会社姫路メタルアート,兵庫県,姫路市,西夢前台１丁目７１番地の１,6712214
2140001061042,株式会社姫路屋商事,兵庫県,姫路市,新在家３丁目９番１号,6700095
2140001061067,株式会社ヒカリ,兵庫県,姫路市,嵐山町４番地,6700029
2140001061075,株式会社ビジネスマシンサービス,兵庫県,姫路市,東夢前台３丁目３９番地３,6700064
2140001061083,株式会社日高パーキング,兵庫県,姫路市,東駅前町９５番地,6700926
2140001061091,日野建設興業株式会社,兵庫県,姫路市,西脇８５１番地,6712234
2140001061109,ヒメガス住宅株式会社,兵庫県,姫路市,東今宿３丁目５番２５号,6700056
2140001061117,ヒメデン株式会社,兵庫県,姫路市,飾磨区英賀甲１９４５番地の４,6728078
2140001061133,株式会社兵庫,兵庫県,姫路市,飾磨区恵美酒３０９番地,6728057
2140001061174,株式会社兵庫不動産鑑定所,兵庫県,姫路市,安田２丁目７５番地,6700955
2140001061190,株式会社ヒョービ,兵庫県,姫路市,南今宿３番２１号南今宿ビル,6700054
2140001061199,平井商事株式会社,兵庫県,姫路市,忍町１１４番地,6700917
2140001061208,廣瀬株式会社,兵庫県,姫路市,北条口３丁目１９番地,6700935
2140001061216,株式会社広築,兵庫県,姫路市,広畑区正門通４丁目１０番地の１１,6711116
2140001061224,株式会社広納興業,兵庫県,姫路市,飾東町豊国２０２番地,6710219
2140001061232,株式会社平野時計本店,兵庫県,姫路市,二階町７２番地,6700922
2140001061249,広畑日産自動車株式会社,兵庫県,姫路市,飾磨区英賀甲１９４０番地,6728078
2140001061257,株式会社ひろや,兵庫県,姫路市,飯田３丁目２４９番地,6700974
2140001061273,フェロー計測株式会社,兵庫県,姫路市,広畑区吾妻町１丁目１６番３,6711154
2140001061281,株式会社福岡建設,兵庫県,姫路市,御立中６丁目７番２号,6700073
2140001061298,福島株式会社,兵庫県,姫路市,五軒邸２丁目１１番地,6700854
2140001061307,福電株式会社,兵庫県,姫路市,飾磨区妻鹿１９８５番地の１,6728031
2140001061315,株式会社フクトクテクノス,兵庫県,姫路市,御国野町御着３５８番地,6710232
2140001061323,株式会社福永微生物研究所,兵庫県,姫路市,船津町２７０５番地,6792101
2140001061331,福本通信株式会社,兵庫県,姫路市,花田町上原田６３１番地,6710251
2140001061356,株式会社扶蘇興業,兵庫県,姫路市,豊富町豊富３４５１番地の３,6792123
2140001061364,富士樂器株式会社,兵庫県,姫路市,網干区新在家１３８４番地の１１,6711234
2140001061372,株式会社富士自動車工業,兵庫県,姫路市,花田町勅旨４２６番地,6710254
2140001061380,株式会社藤澤服装店,兵庫県,姫路市,二階町７５番地,6700922
2140001061389,株式会社藤田商店,兵庫県,姫路市,岩端町６３番地,6700028
2140001061414,フジライト工業株式会社,兵庫県,姫路市,広畑区末広町１丁目３３番地,6711115
2140001061439,株式会社フリーメディック,兵庫県,姫路市,東山２０５番地の１,6728014
2140001061447,株式会社プラスワン,兵庫県,姫路市,同心町３６番地２,6700856
2140001061455,株式会社明翔保険企画,兵庫県,姫路市,北今宿１丁目６番２８号,6700057
2140001061463,株式会社平和堂運動具店,兵庫県,姫路市,二階町６７番地,6700922
2140001061471,株式会社ベストワークス,兵庫県,姫路市,田寺東４丁目１３番２１号,6700081
2140001061496,株式会社鳳正,兵庫県,姫路市,飾磨区英賀清水町１丁目１６番地,6728084
2140001061505,北條製＿株式会社,兵庫県,姫路市,福沢町９３番地,6700992
2140001061538,株式会社ホンダ四輪販売山陽,兵庫県,姫路市,東今宿３丁目６番６号,6700056
2140001061546,株式会社穂積綿行,兵庫県,姫路市,南新在家１番１号,6700093
2140001061554,株式会社堀尾商店,兵庫県,姫路市,花影町３丁目２番地,6700047
2140001061562,株式会社マーキュリー設計,兵庫県,姫路市,広畑区西夢前台５丁目３６番地８,6711103
2140001061570,株式会社マエダ楽器店,兵庫県,姫路市,二階町４３番地,6700922
2140001061579,前田電工株式会社,兵庫県,姫路市,飾磨区加茂南８１６番地の１０,6728069
2140001061587,株式会社マエハラ,兵庫県,姫路市,北今宿３丁目１６番５７号,6700057
2140001061595,株式会社牧組,兵庫県,姫路市,広畑区吾妻町２丁目２１番地,6711154
2140001061604,株式会社増位タクシー,兵庫県,姫路市,北平野２丁目１番４８号,6700893
2140001061612,増田青果株式会社,兵庫県,姫路市,八代本町１丁目１６番２２号,6700874
2140001061620,株式会社まさや,兵庫県,姫路市,佃町７０番地の１,6728049
2140001061629,松尾金物株式会社,兵庫県,姫路市,土山３丁目７番２３号,6700996
2140001061637,株式会社マツウラ,兵庫県,姫路市,飾磨区付城１丁目４１８番地,6728082
2140001061645,松田鋼管株式会社,兵庫県,姫路市,八家１３５３番地,6728015
2140001061653,株式会社松田昌水産,兵庫県,姫路市,白浜町甲３４７番地の９,6728023
2140001061661,松本興産ビル株式会社,兵庫県,姫路市,飾磨区三宅３丁目５０番地,6728048
2140001061678,株式会社マモリ,兵庫県,姫路市,飾磨区阿成１０８９番地,6728037
2140001061694,マルカ興産株式会社,兵庫県,姫路市,亀井町９２番地,6700925
2140001061703,株式会社マルシン,兵庫県,姫路市,宮上町２丁目５２番地,6700823
2140001061728,株式会社丸長,兵庫県,姫路市,飾東町清住４６６番地,6710205
2140001061744,株式会社まりも企画,兵庫県,姫路市,神子岡前１丁目９番４１号２Ｆ２０４号,6700055
2140001061752,株式会社丸山工務店,兵庫県,姫路市,飾磨区恵美酒３０９番地の３,6728057
2140001061769,株式会社あっぷる,兵庫県,姫路市,古二階町６３番地,6700936
2140001061777,三木建良株式会社,兵庫県,姫路市,飾磨区英賀乙８４番地の２９,6728078
2140001061785,御国野運輸株式会社,兵庫県,姫路市,御国野町御着字横田４４４番地の３,6710232
2140001061802,株式会社水本機械製作所,兵庫県,姫路市,白浜町宇佐崎南１丁目２７番地,6728022
2140001061810,ミタチパッケージ株式会社,兵庫県,姫路市,東今宿１丁目３番３号,6700056
2140001061819,株式会社三喜,兵庫県,姫路市,飾磨区加茂１９８番地１ネオハイツ姫路１２１６号,6728074
2140001061827,湊ハマ株式会社,兵庫県,姫路市,立町２１番地,6700903
2140001061835,明星タクシー株式会社,兵庫県,姫路市,仁豊野１３３番地の２,6700801
2140001061843,都屋クリーニング株式会社,兵庫県,姫路市,南畝町１丁目４８番地,6700961
2140001061851,株式会社宮澤,兵庫県,姫路市,神屋町３丁目５１番地,6700836
2140001061868,三輪電機株式会社,兵庫県,姫路市,網干区坂上１５８番地の７,6711223
2140001061876,睦商事株式会社,兵庫県,姫路市,豊富町豊富２４０６番地の８,6792123
2140001061884,株式会社村上建築設計室,兵庫県,姫路市,元塩町１２０番地,6700937
2140001061892,株式会社ムラハラ,兵庫県,姫路市,幸町４９番地,6700835
2140001061901,株式会社メイシンコーポレーター,兵庫県,姫路市,東延末３丁目４番地,6700965
2140001061926,株式会社メンショウ,兵庫県,姫路市,白浜町甲８４１番地の３７,6728023
2140001061950,モンテレオーネ株式会社,兵庫県,姫路市,花田町小川８３０番地の１,6710255
2140001061959,株式会社森川組,兵庫県,姫路市,飾磨区英賀宮町２丁目１７７番地,6728080
2140001061967,森下工房株式会社,兵庫県,姫路市,伊伝居７４番地６,6700871
2140001061975,森田自動車工業株式会社,兵庫県,姫路市,延末１丁目９番地,6700966
2140001061983,株式会社森山洋服店,兵庫県,姫路市,網干区新在家５６５番地,6711234
2140001061991,八家工業株式会社,兵庫県,姫路市,八家１３０３番地,6728015
2140001062008,株式会社焼肉力,兵庫県,姫路市,飾磨区細江６２８番地,6728064
2140001062016,安井産業株式会社,兵庫県,姫路市,四郷町上鈴２６０番地の１,6710241
2140001062024,ヤスナサービスエンジニアリング株式会社,兵庫県,姫路市,北条梅原町２７１番地,6700945
2140001062032,安室建設株式会社,兵庫県,姫路市,白鳥台１丁目３１番１０号,6712245
2140001062040,株式会社ヤナギ,兵庫県,姫路市,亀山２６８番地,6700973
2140001062057,株式会社山幸組,兵庫県,姫路市,北平野南の町１７番２６号,6700887
2140001062065,山口精工株式会社,兵庫県,姫路市,広畑区蒲田１６６２番地の１,6711102
2140001062081,ヤマサ商事株式会社,兵庫県,姫路市,夢前町置本３２７番地１６,6712122
2140001062098,アップクリエイト株式会社,兵庫県,姫路市,町田７４番地,6712217
2140001062107,ヤマダ物流株式会社,兵庫県,姫路市,広畑区高浜町４丁目１番地の２５,6711153
2140001062123,株式会社ヤマノ,兵庫県,姫路市,神子岡前１丁目４番３３号,6700055
2140001062131,株式会社山根鉄工所,兵庫県,姫路市,広畑区大町２丁目５０番地,6711155
2140001062148,山本板金工業株式会社,兵庫県,姫路市,飯田４６０番地,6700974
2140001062164,友好商事株式会社,兵庫県,姫路市,下手野１丁目４番２６号,6700063
2140001062172,油研化学株式会社,兵庫県,姫路市,実法寺８１０,6712244
2140001062180,株式会社ユニゾンナカジマ,兵庫県,姫路市,紺屋町４４番地,6700924
2140001062189,株式会社洋行,兵庫県,姫路市,兼田４１１−１１,6728001
2140001062197,横田木材株式会社,兵庫県,姫路市,西庄甲４０６番地,6700981
2140001062214,株式会社吉田組,兵庫県,姫路市,広畑区正門通３丁目６番の２,6711116
2140001062230,株式会社読売ＤＣ,兵庫県,姫路市,北条２３４番地１７,6700947
2140001062239,株式会社ワイケー・サービス,兵庫県,姫路市,岡田２５６番地１クリエイションビル,6700982
2140001062247,ライト内燃機工業株式会社,兵庫県,姫路市,御国野町西御着４７６番地３,6710233
2140001062263,株式会社和建,兵庫県,姫路市,東山７６０番地の１,6728014
2140001062288,株式会社ワタナベ,兵庫県,姫路市,神屋町２丁目２５番地２,6700836
2140001062296,株式会社ラパサービス,兵庫県,姫路市,野里３４６番地,6700811
2140001062305,力丸自動車株式会社,兵庫県,姫路市,田寺３丁目８番４３号,6700086
2140001062313,株式会社立容電設,兵庫県,姫路市,飾磨区構５丁目５４番地,6728071
2140001062321,燎建設株式会社,兵庫県,姫路市,田井台２番地の８７,6712211
2140001062338,株式会社ルブラン,兵庫県,姫路市,伊伝居４２番地の１,6700871
2140001062346,株式会社ローズグループ,兵庫県,姫路市,青山西２丁目２４番１号,6712224
2140001062354,株式会社ロペ積木,兵庫県,姫路市,西二階町１５番地,6700901
2140001062370,株式会社エムティシー,兵庫県,姫路市,書写２４２１番地１,6712201
2140001062387,株式会社嵯峨山工務店,兵庫県,姫路市,夢前町寺７８番地１,6712116
2140001062395,清和電機株式会社,兵庫県,姫路市,夢前町前之庄２１１７番地３,6712103
2140001062404,中国爆砕西播工事株式会社,兵庫県,姫路市,夢前町莇野４１８番地の１,6712106
2140001062412,株式会社中西木工,兵庫県,姫路市,夢前町置本４８０番地の３,6712122
2140001062420,則政建設株式会社,兵庫県,姫路市,夢前町前之庄３２６４番地の２,6712103
2140001062429,株式会社兵庫歯研,兵庫県,姫路市,夢前町新庄８１５番地,6712102
2140001062437,株式会社本譲,兵庫県,姫路市,夢前町護持字才ゲ１２６番地の６,6712136
2140001062445,シスメックスメディカ株式会社,兵庫県,姫路市,夢前町宮置３２３の３,6712121
2140001062461,安積海運株式会社,兵庫県,姫路市,家島町真浦２３１番地の４,6720101
2140001062486,熊本建設株式会社,兵庫県,姫路市,家島町真浦１９２１番地,6720101
2140001062494,株式会社小林商事,兵庫県,姫路市,家島町坊勢６９７番地の５２,6720103
2140001062503,株式会社シンワ,兵庫県,姫路市,西新在家２丁目５番１８号,6700096
2140001062511,株式会社宝建設,兵庫県,姫路市,家島町宮８７０番地,6720102
2140001062528,長谷川海運建設株式会社,兵庫県,姫路市,家島町宮１１６１番地の２,6720102
2140001062536,幅砂海運建設株式会社,兵庫県,姫路市,家島町真浦６０７番地,6720101
2140001062544,宝来建設工業株式会社,兵庫県,姫路市,家島町坊勢１８１番地,6720103
2140001062552,村岡石油株式会社,兵庫県,姫路市,家島町宮１１５９番地の１,6720102
2140001062569,株式会社クニテル,兵庫県,姫路市,忍町８７番地,6700917
2140001062577,常栄工業株式会社,兵庫県,姫路市,大津区勘兵衛町２丁目２０３番地８,6711132
2140001062585,西日本電力開発株式会社,兵庫県,姫路市,呉服町１９番地,6700923
2140001062593,株式会社フィールドエンジニア,兵庫県,姫路市,南条２丁目１２４番地,6700952
2140001062602,株式会社大建興業,兵庫県,姫路市,夢前町宮置９７１番地,6712121
2140001062619,株式会社エキスパート・タクヨー,兵庫県,姫路市,夢前町山之内字河原谷甲６５１番２１,6712101
2140001062627,株式会社ウェストジャパンカンパニー,兵庫県,姫路市,北今宿２丁目１９４番地の３,6700057
2140001062651,株式会社関西専管工業,兵庫県,姫路市,四郷町明田７５番地の２０,6710245
2140001062668,株式会社キヨスクオペレーションサービス姫路,兵庫県,姫路市,東駅前町２４番地,6700926
2140001062676,株式会社ティー・エム・シー,兵庫県,姫路市,飾磨区中島６２１番地,6728035
2140001062684,エコ工房株式会社,兵庫県,姫路市,花田町加納原田１２６番地１,6710252
2140001062692,株式会社ハマダコム,兵庫県,姫路市,網干区新在家１２６１番地の１２,6711234
2140001062701,株式会社ホンダレンタカー兵庫,兵庫県,姫路市,東今宿３丁目９番１５号,6700056
2140001062726,株式会社スコール,兵庫県,姫路市,飾磨区中野田２丁目６５１番地２−１０３,6728045
2140001062742,株式会社サラトジャンククリエイト,兵庫県,姫路市,北条宮の町１５７番地,6700948
2140001062750,マシマ環境株式会社,兵庫県,姫路市,大津区勘兵衛町２丁目２５８番地,6711132
2140001062759,株式会社アスタム,兵庫県,姫路市,飾磨区三宅１丁目１５８番地,6728048
2140001062767,株式会社テクニカルアート兵庫,兵庫県,姫路市,三左衛門堀西の町２０５番地の２,6700940
2140001062775,株式会社エス・アンド・エスシステムズ,兵庫県,姫路市,飾磨区下野田２丁目３１３番地１,6728044
2140001062965,株式会社西村風晃園,兵庫県,姫路市,朝日町６５番地,6700934
2140001063105,ソニアワークス株式会社,兵庫県,姫路市,東辻井３丁目３番２３号,6700084
2140001063138,株式会社ガーデン兵庫,兵庫県,姫路市,東今宿３丁目１１番２号,6700056
2140001063146,株式会社タウシステム,兵庫県,姫路市,網干区垣内東町１３５番地,6711252
2140001063179,株式会社ライブホーム販売,兵庫県,姫路市,飾磨区野田町１２７番地高田姫路南ビル３−Ｂ,6728040
2140001063195,株式会社シスコ,兵庫県,姫路市,三左衛門堀西の町９９番地アルファステイツ三左衛門堀西の町６０２,6700940
2140001063212,株式会社ナショナルコーポレーション,兵庫県,姫路市,飾磨区阿成鹿古３３６番地２,6728038
2140001063220,マルタ産業株式会社,兵庫県,姫路市,船津町４０１５番地,6792101
2140001063237,ティエムシイ株式会社,兵庫県,姫路市,飾東町山崎１３５１番地,6710207
2140001063245,株式会社三住,兵庫県,姫路市,辻井３丁目６番３３号,6700083
2140001063253,株式会社毎日事業社,兵庫県,姫路市,南畝町２丁目３１番地,6700961
2140001063311,アポロテック株式会社,兵庫県,姫路市,香寺町須加院３２７番地１,6792132
2140001063336,株式会社上田菓子舗,兵庫県,姫路市,香寺町広瀬４６７番地の２,6792142
2140001063377,株式会社オフィスメイト,兵庫県,姫路市,香寺町相坂９００番地,6792154
2140001063385,金川工業株式会社,兵庫県,姫路市,香寺町広瀬４０２番地,6792142
2140001063410,キンキサイン株式会社,兵庫県,姫路市,豊沢町１５６番地姫路アドバンスビル,6700964
2140001063427,株式会社香寺設備サービス,兵庫県,姫路市,香寺町香呂１９７番地１,6792151
2140001063435,株式会社香茶園,兵庫県,姫路市,香寺町香呂５８７番地１,6792151
2140001063443,アドバンス株式会社,兵庫県,姫路市,豊沢町１５６番地姫路アドバンスビル,6700964
2140001063567,株式会社リンクス,兵庫県,姫路市,香寺町中仁野２９７番地の１,6792143
2140001063682,株式会社西日本ロジックス,兵庫県,姫路市,白浜町甲８４０番地の１０,6728023
2140001063690,株式会社兵庫中央環研,兵庫県,姫路市,香寺町中寺１５番地の１,6792164
2140001063724,株式会社大栄商店,兵庫県,姫路市,飾磨区恵美酒３０９番地,6728057
2140001063732,株式会社ＰＯＥＭ,兵庫県,姫路市,別所町佐土５４７,6710224
2140001063740,株式会社姫路ユーエヌシー,兵庫県,姫路市,飾磨区中島３０５９番地の１３,6728035
2140001063749,株式会社ＣＳ管理会社,兵庫県,姫路市,呉服町７０番地,6700923
2140001063773,株式会社テック．エムディ,兵庫県,姫路市,栗山町１７２番地の２,6700954
2140001063807,株式会社御幸苑,兵庫県,姫路市,駅前町２３２番地,6700927
2140001063848,株式会社エヴァテント,兵庫県,姫路市,飾磨区妻鹿１８１５−３,6728031
2140001063864,株式会社タカミツ,兵庫県,姫路市,玉手１丁目１９５番地,6700985
2140001063880,株式会社姫路タコピア,兵庫県,姫路市,駅前町１８８番地１,6700927
2140001063914,ジェイアンドエム株式会社,兵庫県,姫路市,夢前町菅生澗１３５５番地,6712134
2140001063930,株式会社ライフアイ,兵庫県,姫路市,飾西５８８番地の４,6712216
2140001063947,株式会社アーバンホーム,兵庫県,姫路市,東雲町５丁目１３−１,6700046
2140001063955,ＬＩＧＡＲＥ株式会社,兵庫県,姫路市,西新町１３５番地５０６,6700033
2140001063963,株式会社サンクレスト,兵庫県,姫路市,夢前町高長２９４番地の３,6712117
2140001063971,株式会社ユーセル,兵庫県,姫路市,広畑区西夢前台７丁目１６１番地,6711103
2140001063988,株式会社新光住建,兵庫県,姫路市,田寺１丁目１番１号,6700086
2140001064037,株式会社システムネオ,兵庫県,姫路市,大津区大津町４丁目２番地の３５,6711146
2140001064045,株式会社アイナリー,兵庫県,姫路市,御国野町御着４２０番地１,6710232
2140001064053,家島採石株式会社,兵庫県,姫路市,家島町宮２１６５番地の１４,6720102
2140001064086,株式会社ケンジン,兵庫県,姫路市,南条１丁目１２６番地,6700952
2140001064094,株式会社アンジー,兵庫県,姫路市,安富町安志１２７８番地の１,6712401
2140001064103,株式会社信和テック,兵庫県,姫路市,安富町長野２０３番地の１,6712421
2140001064144,株式会社レリスト,兵庫県,姫路市,西中島３０７番地８,6700805
2140001064160,ペルソンヌクール株式会社,兵庫県,姫路市,辻井８丁目６番１５号,6700083
2140001064169,株式会社アートランド,兵庫県,姫路市,南今宿８番９号,6700054
2140001064185,株式会社ビビッド,兵庫県,姫路市,飾磨区都倉１丁目１０７−１,6728046
2140001064202,エムフードシステム株式会社,兵庫県,姫路市,南条４１４番地,6700952
2140001064210,株式会社ニューテック,兵庫県,姫路市,広畑区城山町１４００番地８２,6711108
2140001064219,株式会社メイトエンジニアリング,兵庫県,姫路市,網干区興浜９０７番地１４６,6711241
2140001064227,株式会社大和建設,兵庫県,姫路市,飾磨区阿成１３番地１６,6728037
2140001064243,株式会社トラスティ・プラン,兵庫県,姫路市,南条１丁目３１番地１,6700952
2140001064251,株式会社ミトク,兵庫県,姫路市,船橋町５丁目１番地クリンピア船橋７０４,6700048
2140001064268,株式会社ダビデ,兵庫県,姫路市,十二所前町１０８番地１アメニティライオン十二所前９０５,6700911
2140001064276,イー・ドリーム株式会社,兵庫県,姫路市,飾磨区恵美酒１４２番地１,6728057
2140001064292,株式会社マックスサービス,兵庫県,姫路市,御国野町深志野２１７−１,6710231
2140001064301,株式会社ユメサキ配管,兵庫県,姫路市,上手野３９７番地１,6700065
2140001064318,株式会社コーソン,兵庫県,姫路市,下手野１丁目１１番３１号,6700063
2140001064326,株式会社アルコン,兵庫県,姫路市,飾磨区須加１５番地,6728063
2140001064334,株式会社豊,兵庫県,姫路市,網干区津市場４９３番地２,6711224
2140001064350,株式会社エスケイパン,兵庫県,姫路市,飾東町豊国４６９−１,6710219
2140001064359,株式会社カシワギ保険サービス,兵庫県,姫路市,北平野１丁目７番６号,6700893
2140001064367,株式会社いとう,兵庫県,姫路市,飾磨区英賀１９３７番地の５,6728078
2140001064383,株式会社メンテック兵庫,兵庫県,姫路市,広畑区西蒲田２４１番地９,6711107
2140001064391,株式会社小林製麺所,兵庫県,姫路市,安富町名坂３５６番地５,6712412
2140001064400,株式会社ビーワン,兵庫県,姫路市,夢前町山之内乙４６０番地,6712101
2140001064409,株式会社ガラスメディカルサービス,兵庫県,姫路市,東辻井２丁目１番３号,6700084
2140001064417,株式会社亜細亜コーポレーション,兵庫県,姫路市,本町１７３番地,6700012
2140001064425,株式会社ＧＯＴＴＡ,兵庫県,姫路市,網干区福井１番地１,6711225
2140001064458,株式会社ナック,兵庫県,姫路市,阿保乙３７４番地１,6700944
2140001064474,株式会社こうのとり介護サービス,兵庫県,姫路市,梅ケ谷町２番１７号グリーンハイツ梅ケ谷,6700894
2140001064490,株式会社コニシ,兵庫県,姫路市,土山４丁目１４番２７号,6700996
2140001064516,株式会社ケイツー,兵庫県,姫路市,継２２５番地１１,6728004
2140001064532,株式会社はじめ興産,兵庫県,姫路市,福中町７１番地,6700017
2140001064540,株式会社舛田工業,兵庫県,姫路市,大津区真砂町１１８番地の２,6711134
2140001064557,株式会社ワイ・ケイ２１,兵庫県,姫路市,網干区津市場７３９番地の４６,6711224
2140001064565,マルモフード株式会社,兵庫県,姫路市,御国野町御着１００７番地１７,6710232
2140001064573,株式会社ウィルシード,兵庫県,姫路市,北平野南の町１８番３１号,6700887
2140001064581,株式会社伸共建設,兵庫県,姫路市,木場１３８１番地１,6728016
2140001064607,株式会社リュウシン電工,兵庫県,姫路市,広畑区高浜町２丁目２１番地１,6711153
2140001064615,株式会社中井設備,兵庫県,姫路市,飾東町小原新２０１番地１,6710201
2140001064623,熊田工業株式会社,兵庫県,姫路市,飾磨区妻鹿１０３９番地,6728031
2140001064656,株式会社アバンサール,兵庫県,姫路市,飾磨区今在家北２丁目５２番地,6728090
2140001064664,株式会社いいづかホールディングス,兵庫県,姫路市,市之郷町３丁目１番地２,6700943
2140001064697,株式会社クライネラゲールハンズ,兵庫県,姫路市,青山６丁目１２番９号,6712222
2140001064706,株式会社松尾学院進学ゼミナール,兵庫県,姫路市,呉服町７０番地,6700923
2140001064730,株式会社高浜建設,兵庫県,姫路市,広畑区東新町３丁目１４５番地の１５,6711121
2140001064739,株式会社カロス,兵庫県,姫路市,飾磨区細江１２０番地,6728064
2140001064747,株式会社植村倉庫,兵庫県,姫路市,上手野３８９番地２,6700065
2140001064763,株式会社Ｏｂ　ａｎｄ　Ｔ,兵庫県,姫路市,幸町９１番地１,6700835
2140001064796,株式会社家島屋,兵庫県,姫路市,兼田２５１番地１２,6728001
2140001064805,株式会社ケイディ,兵庫県,姫路市,東延末２丁目６７番地,6700965
2140001064813,中井産業株式会社,兵庫県,姫路市,飾磨区構１１２１番地１,6728071
2140001064821,株式会社レッドドア,兵庫県,姫路市,亀井町４３ＣＡＭＥＬビル２Ｆ,6700925
2140001064838,川平電機株式会社,兵庫県,姫路市,広畑区長町２丁目１３９番地,6711125
2140001064846,株式会社大福井,兵庫県,姫路市,広畑区本町３丁目５８５番地,6711114
2140001064862,フォレスト株式会社,兵庫県,姫路市,飾西７３５番地１,6712216
2140001064870,株式会社グランツ２１,兵庫県,姫路市,御国野町御着４４８番地,6710232
2140001064879,株式会社ビッグサニー,兵庫県,姫路市,青山１丁目１２番２３号,6712222
2140001064887,株式会社ミグニヨンヌ,兵庫県,姫路市,飾磨区三宅１丁目５２番地,6728048
2140001064895,株式会社アイエスオフィス,兵庫県,姫路市,的形町的形１７７８番地１サンパティック的形１００３号,6710111
2140001064904,株式会社神吉興業,兵庫県,姫路市,的形町的形１７６２番地の４８,6710111
2140001064912,株式会社十二所土地,兵庫県,姫路市,安田４丁目４９番地１３シャトー睦１０３,6700955
2140001064920,株式会社ＷＥＳＴＡＩＬ,兵庫県,姫路市,花田町加納原田８６１番地２,6710252
2140001064929,株式会社大久商事,兵庫県,姫路市,石倉１５８番地１,6712231
2140001064945,株式会社高島工務店,兵庫県,姫路市,飾磨区下野田４丁目６４４番地,6728044
2140001064953,株式会社グローバルメディアグループ,兵庫県,姫路市,佃町７９,6728049
2140001064961,株式会社ひかり,兵庫県,姫路市,東今宿２丁目７−１６ＭＳビル１階,6700056
2140001064978,株式会社勝好ホーム,兵庫県,姫路市,小利木町３０番地,6700022
2140001064994,株式会社ニッタイ,兵庫県,姫路市,御立東４丁目１番２号,6700072
2140001065002,イエローツリー株式会社,兵庫県,姫路市,飾磨区恵美酒１４３番地２キャッスルコート飾磨弐番館５０１,6728057
2140001065010,株式会社エクステリア藤原,兵庫県,姫路市,亀山１丁目６１番地,6700973
2140001065019,株式会社エコネット,兵庫県,姫路市,玉手４丁目１２２,6700985
2140001065027,ファイバーズジャパン株式会社,兵庫県,姫路市,書写１０１９番地６２７,6712201
2140001065035,未輝建設工業株式会社,兵庫県,姫路市,的形町的形１７５８番地,6710111
2140001065043,株式会社カインドハート,兵庫県,姫路市,保城１６７番地１グローバル姫路野里４０１号,6700804
2140001065068,北爪電工株式会社,兵庫県,姫路市,下手野４丁目５８８番地７４,6700063
2140001065076,卯城総合建築株式会社,兵庫県,姫路市,夢前町芦田２０３番地,6712133
2140001065084,ガイア株式会社,兵庫県,姫路市,南車崎１丁目４番１２号,6700053
2140001065092,株式会社セントカンパニー,兵庫県,姫路市,西今宿３丁目１番２０−７０１号リベールシティ姫路ＷＥＳＴ,6700061
2140001065118,株式会社愛中道社,兵庫県,姫路市,北条梅原町５０番地,6700945
2140001065126,株式会社エイ・ペックス,兵庫県,姫路市,西二階町２９番地クレヨンビル２階,6700901
2140001065134,株式会社アイテック,兵庫県,姫路市,的形町福泊２１５番地１,6710112
2140001065175,株式会社大恵地所,兵庫県,姫路市,夢前町古知之庄１０８２番地,6712113
2140001065183,株式会社姫新,兵庫県,姫路市,飾磨区今在家３丁目１４番地２,6728079
2140001065191,ライトイヤー株式会社,兵庫県,姫路市,白銀町３番地,6700902
2140001065200,株式会社宗安海運,兵庫県,姫路市,家島町真浦２２４１番地,6720101
2140001065209,株式会社福永,兵庫県,姫路市,飾磨区妻鹿１０３０番地,6728031
2140001065217,株式会社ハタナカ,兵庫県,姫路市,四郷町山脇９５番地３,6710248
2140001065233,八幡コーポレーション株式会社,兵庫県,姫路市,東今宿３丁目１１番２号,6700056
2140001065258,株式会社明将,兵庫県,姫路市,坂元町７２番地ＡＮＧＥＬＯ坂元町５２５,6700016
2140001065266,スペースワークス株式会社,兵庫県,姫路市,西今宿４丁目９番６号,6700061
2140001065290,株式会社フジワラ水道,兵庫県,姫路市,飾磨区下野田３丁目２０９番地９,6728044
2140001065308,株式会社エムズワークス,兵庫県,姫路市,北条梅原町２４６番地,6700945
2140001065316,株式会社三輪不動産,兵庫県,姫路市,大津区天満１１１６番地,6711143
2140001065324,株式会社アート・テックス,兵庫県,姫路市,御国野町御着１０１０番地７,6710232
2140001065332,株式会社海星,兵庫県,姫路市,網干区北新在家１７９番地１０２号,6711235
2140001065357,株式会社口元建設,兵庫県,姫路市,仁豊野９４５番地２１６,6700801
2140001065373,株式会社大功,兵庫県,姫路市,飾磨区英賀宮町２丁目３番地,6728080
2140001065381,山陽タクシー株式会社,兵庫県,姫路市,神和町４８番地,6700834
2140001065407,株式会社石原管工業,兵庫県,姫路市,飾磨区今在家北３丁目１０３番地,6728090
2140001065423,株式会社キシモト,兵庫県,姫路市,四郷町東阿保６４６番地,6710247
2140001065431,株式会社ＡＭＢＩＴＩＯＮ,兵庫県,姫路市,土山２丁目１１番１６号,6700996
2140001065448,株式会社ＭＩＴ,兵庫県,姫路市,白浜町宇佐崎北３丁目３０５番地１,6728013
2140001065456,株式会社島田断熱工業,兵庫県,姫路市,大津区真砂町１３９番地３,6711134
2140001065472,株式会社エス・ワイプランニング,兵庫県,姫路市,東延末１丁目５６番地３０３,6700965
2140001065497,構谷工業株式会社,兵庫県,姫路市,飾磨区今在家２丁目９０番地の１,6728079
2140001065506,ＥＢＩＮＡ建設運送株式会社,兵庫県,姫路市,青山西２丁目１１番１５−５０３号,6712224
2140001065539,株式会社アール,兵庫県,姫路市,豊沢町１０５−１０１,6700964
2140001065555,ハリマサイエンス株式会社,兵庫県,姫路市,勝原区大谷４０２番地３,6711205
2140001065563,西日本ライフ株式会社,兵庫県,姫路市,夢前町前之庄１０４２番地,6712103
2140001065571,株式会社ダイデントラスト,兵庫県,姫路市,北条宮の町２５７番地,6700948
2140001065588,株式会社コウキフーズ,兵庫県,姫路市,飯田５１４番地１５,6700974
2140001065596,株式会社Ｋ・Ｃコーポレーション,兵庫県,姫路市,飾磨区英賀清水町３丁目８７番地２０,6728084
2140001065605,株式会社濱本総本店,兵庫県,姫路市,坂田町１５５番地,6700931
2140001065613,株式会社ウチマコーポレーション,兵庫県,姫路市,東延末４丁目３６−２,6700965
2140001065621,株式会社クボタプレシジョン,兵庫県,姫路市,広畑区西蒲田１６７８,6711107
2140001065646,アイデックスデザイン株式会社,兵庫県,姫路市,東延末４１９番地,6700965
2140001065654,株式会社泉平,兵庫県,姫路市,白浜町甲８４１番地４７,6728023
2140001065662,株式会社４８テック,兵庫県,姫路市,勝原区熊見４２０番地７,6711211
2140001065670,株式会社東原畜産,兵庫県,姫路市,野里二本松５１番地,6700811
2140001065679,株式会社ケンソーメディカル,兵庫県,姫路市,野里５０９番地７,6700811
2140001065687,ＡＣＣ株式会社,兵庫県,姫路市,琴岡町２７４番地３琴岡ビル,6700035
2140001065704,株式会社カラコム,兵庫県,姫路市,書写３１０番地,6712201
2140001065720,ハリマヤ興産株式会社,兵庫県,姫路市,白銀町４３番地,6700902
2140001065729,株式会社こだま不動産,兵庫県,姫路市,土山東の町１３番６号４Ｆ,6700995
2140001065737,株式会社日本電気通信システム,兵庫県,姫路市,書写２６９６番地２,6712201
2140001065761,株式会社ケイ・オフィス,兵庫県,姫路市,飾磨区構１丁目８６番地,6728071
2140001065778,株式会社菓子工房ファミーユ,兵庫県,姫路市,大津区新町１丁目７８番地,6711135
2140001065794,株式会社西村,兵庫県,姫路市,神田町２丁目９番地２,6700991
2140001065803,株式会社菖蒲測量設計,兵庫県,姫路市,書写２５４０番地５,6712201
2140001065811,安積精肉店株式会社,兵庫県,姫路市,米田町１５番地１船場東ビル１階１２号,6700042
2140001065828,株式会社ＺＡＩＮＡＴＨ,兵庫県,姫路市,飾磨区西浜町３丁目１６番地,6728086
2140001065836,株式会社内田商会,兵庫県,姫路市,下寺町１２５番１−３０５号,6700932
2140001065844,株式会社ミューズ,兵庫県,姫路市,西今宿４丁目１番１８号,6700061
2140001065852,エコジャンクション株式会社,兵庫県,姫路市,駅前町２４２番地,6700927
2140001065860,株式会社ＭＪｏｆｆｉｃｅ,兵庫県,姫路市,南駅前町１８番地,6700962
2140001065869,株式会社清和興業,兵庫県,姫路市,勝原区勝原町４番地４０,6711212
2140001065877,株式会社ドレッシー,兵庫県,姫路市,西夢前台２丁目７２番地,6712214
2140001065885,朝日姫路企画株式会社,兵庫県,姫路市,飾磨区加茂１９８番地１ネオハイツ３０１号,6728074
2140001065893,株式会社ＪＥＳＬ,兵庫県,姫路市,魚町５５番地處今日庵ビル５０１号室,6700905
2140001065902,株式会社ＫＡＮＡＹＡＭＡ,兵庫県,姫路市,同心町８７番地,6700856
2140001065919,株式会社エルザクライス,兵庫県,姫路市,下手野１丁目１１０番地１,6700063
2140001065927,株式会社フェアリースタッフ,兵庫県,姫路市,坂田町１５番地,6700931
2140001065935,株式会社あさひ,兵庫県,姫路市,夢前町置本４６１番地９,6712122
2140001065943,株式会社立花建設,兵庫県,姫路市,神屋町２丁目３６番地アルファステイツ神屋町ＩＩ８０７号,6700836
2140001065968,株式会社クローバー,兵庫県,姫路市,南駅前町１２５番地,6700962
2140001065984,ＬＯＧＨＡＵＳ株式会社,兵庫県,姫路市,八家１３０３番地の１,6728015
2140001065992,ワコウ建設株式会社,兵庫県,姫路市,安田３丁目１１０番地,6700955
2140001066000,株式会社Ｏｎｅ　Ｐｉｅｃｅ,兵庫県,姫路市,実法寺７９３番地２,6712244
2140001066009,山手興産株式会社,兵庫県,姫路市,町坪１７６番地１６,6700984
2140001066033,株式会社白鳥城,兵庫県,姫路市,打越５３０番地３６,6712246
2140001066041,海東商社株式会社,兵庫県,姫路市,保城字河原１１５１番地,6700804
2140001066058,株式会社ツタエル,兵庫県,姫路市,栗山町１２６番地,6700954
2140001066066,株式会社宏延,兵庫県,姫路市,余部区上余部字東川田２５番地の１,6711262
2140001066074,株式会社高山商店,兵庫県,姫路市,本町６８番地４,6700012
2140001066082,ＮＥＥＤエンジニアリング株式会社,兵庫県,姫路市,別所町別所１８９５番地エクレールＡ２０２,6710221
2140001066090,株式会社ｓｔａｒ　ｃｈｉｐ,兵庫県,姫路市,栗山町１７４番地２,6700954
2140001066099,株式会社ルーク,兵庫県,姫路市,本町２２７番地,6700012
2140001066116,株式会社東亜興山,兵庫県,姫路市,家島町宮２１６５番地の４,6720102
2140001066124,株式会社ＧＲＥＥＤ,兵庫県,姫路市,城北新町３丁目１番１３−２０１号,6700883
2140001066132,株式会社ウォームアップ,兵庫県,姫路市,広畑区才１０５２番地１３,6711104
2140001066140,株式会社創盛,兵庫県,姫路市,東延末３丁目１番地,6700965
2140001066149,ペイントホーム株式会社,兵庫県,姫路市,北条宮の町１３５番地,6700948
2140001066157,東亜ノンウーヴェンマシナリー株式会社,兵庫県,姫路市,白浜町寺家２丁目１５２番地１,6728012
2140001066165,株式会社ｏｆｆｉｃｅ・ＨＡＭＭＥＲ,兵庫県,姫路市,飾東町庄３４１番地１,6710218
2140001066173,株式会社中央精機,兵庫県,姫路市,東延末２丁目３５番地,6700965
2140001066181,サントク保障サービス株式会社,兵庫県,姫路市,飾磨区中島１６７６番地,6728035
2140001066215,株式会社コンセンサス,兵庫県,姫路市,香寺町矢田部６１４番地２,6792155
2140001066223,株式会社タカシマ産業,兵庫県,姫路市,西庄甲２０番地の３,6700981
2140001066231,株式会社ミヤキュー,兵庫県,姫路市,飾磨区英賀清水町２丁目１７番地,6728084
2140001067386,株式会社ライトウィング,兵庫県,姫路市,呉服町４５番地高瀬ビル３Ｆ,6700923
2140001067403,株式会社アイスタイル,兵庫県,姫路市,飯田３丁目１１６番地,6700974
2140001067460,株式会社ケンコム,兵庫県,姫路市,神屋町４丁目５５番地,6700836
2140001067469,株式会社ダイナ,兵庫県,姫路市,城東町野田１番地３、１階南,6700844
2140001067510,株式会社ワールドアクセス,兵庫県,姫路市,保城７１７番地８,6700804
2140001067527,株式会社ＹＵＫＩＡ,兵庫県,姫路市,飾磨区城南町１丁目９番地,6728083
2140001067568,高圧ガス保安教育センター株式会社,兵庫県,姫路市,北新在家３丁目１番１８号,6700091
2140001067592,株式会社ＳＫＹ,兵庫県,姫路市,坂元町８番地,6700016
2140001067700,株式会社姫路キャブレター工業,兵庫県,姫路市,飾東町豊国３６−１,6710219
2140001077559,株式会社ハピネス,兵庫県,姫路市,坊主町４７番地,6700011
2140001077699,株式会社恵美酒,兵庫県,姫路市,飾磨区恵美酒２７０番地,6728057
2140001077781,石原電器株式会社,兵庫県,姫路市,家島町宮１６３５番地３９,6720102
2140001077815,株式会社産有,兵庫県,姫路市,野里２４９番地の１,6700811
2140001077848,パーキング・システム販売株式会社,兵庫県,姫路市,飾磨区恵美酒４２２番地の５,6728057
2140001077872,株式会社アール・ホーム,兵庫県,姫路市,大津区天神町２丁目１５９番地３,6711131
2140001077880,株式会社アロハウエルネス倶楽部,兵庫県,姫路市,網干区新在家１２８７番地１１,6711234
2140001086345,株式会社千寿コーポレーション,兵庫県,姫路市,四郷町坂元９５番地,6710246
2140001086378,株式会社Ａ．Ｄ．Ｄ,兵庫県,姫路市,八代緑ケ丘町３番６号,6700886
2140001086386,神姫バスツアーズ株式会社,兵庫県,姫路市,西駅前町１番地,6700913
2140001086452,河岸商事株式会社,兵庫県,姫路市,別所町別所１９１０番地,6710221
2140001086782,山博建設株式会社,兵庫県,姫路市,飾東町庄７０５番地,6710218
2140001086790,株式会社ヤンジ,兵庫県,姫路市,城東町７９番地４９,6700841
2140001086840,株式会社アートインターナショナルオフィス,兵庫県,姫路市,大津区平松２３７番地１０,6711145
2140001086907,株式会社アキメディカルサービス,兵庫県,姫路市,町田１０番地３,6712217
2140001086989,株式会社イーサプライ,兵庫県,姫路市,網干区新在家１３７５番地２５,6711234
2140001087079,株式会社大山工業,兵庫県,姫路市,網干区浜田８１６番地１０,6711242
2140001087120,株式会社アール,兵庫県,姫路市,網干区宮内２３１番地５,6711222
2140001087178,三浦建築株式会社,兵庫県,姫路市,飾磨区矢倉町２丁目１０番地,6728093
2140001087203,株式会社ゴーイング,兵庫県,姫路市,飾東町山崎６８０番地１,6710207
2140001087285,株式会社Ｎｅｘｔ,兵庫県,姫路市,安富町長野１５０番地の１,6712421
2140001087327,アスゲン製薬株式会社,兵庫県,姫路市,青山１４５７番地の２２３,6712222
2140001087814,株式会社姫商,兵庫県,姫路市,仁豊野９４３番地,6700801
2140001088052,株式会社ｎａ　ｎａ　Ｋ,兵庫県,姫路市,余部区上余部６８９番地２０,6711262
2140001088135,株式会社福岡設計,兵庫県,姫路市,実法寺７３３番地の６,6712244
2140001088168,株式会社楽々,兵庫県,姫路市,家島町坊勢７８２番地,6720103
2140001088424,株式会社ヒロハタ,兵庫県,姫路市,広畑区長町１丁目４４,6711125
2140001088498,株式会社和興建設,兵庫県,姫路市,安富町狭戸８３０番地１,6712423
2140001088837,株式会社イノベーション・アイ,兵庫県,姫路市,大黒壱丁町３１番地大黒ビル２Ｆ,6700853
2140001088853,株式会社大幸組,兵庫県,姫路市,東山４５４番地１２,6728014
2140001089059,プレシャス株式会社,兵庫県,姫路市,西庄甲１３９−１,6700981
2140001089117,株式会社田中建築,兵庫県,姫路市,豊富町豊富１６８８番地１,6792123
2140001089249,エージーディーピー株式会社,兵庫県,姫路市,花田町小川２５２−１,6710255
2140001089273,株式会社バンリュー２,兵庫県,姫路市,楠町９９番地５,6700826
2140001089422,株式会社大和ＥＮＧ,兵庫県,姫路市,北原５６３番地１１,6728002
2140001089760,株式会社カウンタークロックワイズ,兵庫県,姫路市,飾磨区阿成渡場２９３番地,6728039
2140001089793,株式会社ＭＡＸ２５,兵庫県,姫路市,四郷町見野５８７番地２９,6710244
2140001089991,株式会社歩歩,兵庫県,姫路市,夢前町前之庄２９３３番地２,6712103
2140001090000,蓬萌株式会社,兵庫県,姫路市,北条口５丁目９１番地,6700935
2140001090149,株式会社ＧＲＡＮＤ　ＮｉＫＥ,兵庫県,姫路市,飾磨区上野田６丁目１０３,6728043
2140001090454,株式会社Ｇｒａｎ　Ｈｏｍｅｓ,兵庫県,姫路市,西駅前町３５番地１,6700913
2140001090652,株式会社ジャックテイル,兵庫県,姫路市,広畑区才７０２番地１−１０６,6711104
2140001090660,株式会社エイトテクノ,兵庫県,姫路市,別所町別所１番地３７,6710221
2140001090776,株式会社ＷＯＲＥ,兵庫県,姫路市,花田町加納原田１２６番地２,6710252
2140001090801,株式会社風土木,兵庫県,姫路市,安富町長野３７３番地１,6712421
2140001090834,株式会社うららか,兵庫県,姫路市,紺屋町１２番地大砂ビル３Ｆ,6700924
2140001090917,株式会社スカイタッチ,兵庫県,姫路市,上手野２８番地１,6700065
2140001090925,ヘイセイハウジング株式会社,兵庫県,姫路市,飾磨区野田町１５３番地,6728040
2140001091064,株式会社Ｄａｒｔｓ,兵庫県,姫路市,豊沢町２４番地,6700964
2140001091097,株式会社工房マツオカ,兵庫県,姫路市,下手野２丁目１６番１５号,6700063
2140001091238,株式会社キャスト,兵庫県,姫路市,白浜町宇佐崎中１丁目２５１番地,6728021
2140001091650,再生資源研究機構株式会社,兵庫県,姫路市,材木町１５番地３ロワイヤル船場１階,6700025
2140001091766,兵庫西防水工事株式会社,兵庫県,姫路市,大塩町２２０６番地２５,6710101
2140001091849,株式会社レップス,兵庫県,姫路市,香寺町溝口１１４５番地,6792161
2140001092095,株式会社ワンズ,兵庫県,姫路市,菅生台１９７番地,6712243
2140001092459,株式会社ファーストシステム,兵庫県,姫路市,白浜町寺家２丁目１０番地１,6728012
2140001092483,シティーイノベーション株式会社,兵庫県,姫路市,忍町１６７番地,6700917
2140001092491,株式会社山本ウイング５１,兵庫県,姫路市,林田町松山７０９番地,6794212
2140001092566,株式会社ＳＨＡＭＯ,兵庫県,姫路市,南今宿８−３０甲南ビル１Ｆ１０１,6700054
2140001092640,株式会社グラスト,兵庫県,姫路市,南条２丁目３９番地,6700952
2140001092946,株式会社シー・エム・ディー,兵庫県,姫路市,大津区天満２０３１番地,6711143
2140001093036,株式会社太陽,兵庫県,姫路市,下手野６丁目２番１４号,6700063
2140001093291,株式会社ヴェルフォレイ,兵庫県,姫路市,御国野町御着３１５番地１,6710232
2140001093390,株式会社サステイナビリティデザイン,兵庫県,姫路市,二階町７９番地,6700922
2140001093408,株式会社大千,兵庫県,姫路市,夢前町新庄４３７番地２,6712102
2140001093515,株式会社ＴＯＴＯＦＡＲＭ,兵庫県,姫路市,五軒邸４丁目１０１番地,6700854
2140001093564,Ｌ’ＥＣＲＩＮ株式会社,兵庫県,姫路市,飾磨区構１０４９−２１,6728071
2140001093572,株式会社プロシード,兵庫県,姫路市,四郷町山脇１０６番地１,6710248
2140001093597,株式会社ネクスノード,兵庫県,姫路市,四郷町本郷３８２番１,6710243
2140001093936,株式会社前建,兵庫県,姫路市,亀山１９９番地１,6700973
2140001094018,株式会社ｄｉｎｎｏ,兵庫県,姫路市,飾磨区中浜町１丁目８７番地,6728085
2140001094257,株式会社ノバハウス,兵庫県,姫路市,城北本町５番２７号,6700884
2140001094397,エヌエス技研株式会社,兵庫県,姫路市,安田４丁目６４番地,6700955
2140001094579,株式会社フォーネスト,兵庫県,姫路市,網干区宮内１１６番地,6711222
2140001094629,株式会社フェリーチェ,兵庫県,姫路市,飾磨区三宅１丁目１２５番地パレ・ロワイヤル三宅１００２号室,6728048
2140001094645,ＷＩＮ．Ｊ．Ｋ株式会社,兵庫県,姫路市,苫編南１丁目１３４番地,6700987
2140001094802,株式会社セレモニーステージ白鷺,兵庫県,姫路市,花田町加納原田５８８−７,6710252
2140001094942,龍の夢株式会社,兵庫県,姫路市,西二階町９６番地１ネバーランド姫路１１０１号,6700901
2140001095230,株式会社スフィーダ,兵庫県,姫路市,飾磨区構１丁目１５７番地サンハイツ２０６号室,6728071
2140001095263,株式会社サンピース,兵庫県,姫路市,亀山２３１番地２,6700973
2140001095321,株式会社Ｂ．Ｇ．Ｔ,兵庫県,姫路市,香寺町中寺２０４番地２９,6792164
2140001095346,今村建設株式会社,兵庫県,姫路市,飾磨区英賀西町１丁目５番地,6728088
2140001095420,株式会社ＴＡＮＳＥＮＳＥ,兵庫県,姫路市,飾磨区富士見ケ丘町４番地１３,6728098
2140001095511,ＴＭＲ株式会社,兵庫県,姫路市,花田町勅旨２００番地,6710254
2140001095536,株式会社イーシス,兵庫県,姫路市,香寺町須加院３３８番地８４,6792132
2140001095668,株式会社ひろ,兵庫県,姫路市,上手野１６番地１９,6700065
2140001095742,株式会社アランジェ,兵庫県,姫路市,夢前町古知之庄５４１番地１,6712113
2140001095759,株式会社ＯＮＥ　ＬＩＧＨＴ,兵庫県,姫路市,白浜町神田２丁目５番地の２,6728011
2140001096055,株式会社エコロニスタ,兵庫県,姫路市,岡田６３２−１,6700982
2140001096435,大日通商株式会社,兵庫県,姫路市,余部区下余部１０１番３,6711261
2140001096534,株式会社加納コネクト,兵庫県,姫路市,砥堀３３９番地６,6700802
2140001096550,株式会社好田板金工業,兵庫県,姫路市,北原４９３番地１５,6728002
2140001096609,株式会社Ｍ’ｓプランニング,兵庫県,姫路市,城東町４９２番地１０,6700841
2140001096617,株式会社杏,兵庫県,姫路市,手柄１丁目５０番地,6700972
2140001096625,株式会社デンズＥＣＯワーク,兵庫県,姫路市,井ノ口３６番地３,6700983
2140001096666,株式会社木村工務店,兵庫県,姫路市,飾磨区英賀西町２丁目１１６番地,6728088
2140001096749,株式会社千成家,兵庫県,姫路市,飾磨区中島庄助新田３３５０番地,6728035
2140001096781,株式会社バンエイ,兵庫県,姫路市,飾東町塩崎２８２番地３,6710211
2140001096996,株式会社竹内組,兵庫県,姫路市,御立西２丁目２番１７号,6700074
2140001097136,中勝株式会社,兵庫県,姫路市,豊沢町６,6700964
2140001097227,株式会社クライアンツメガマックス,兵庫県,姫路市,下手野３丁目５番３８号,6700063
2140001097235,株式会社リフォームテクト,兵庫県,姫路市,飾磨区山崎台４２−２,6728096
2140001097490,株式会社大健ホーム,兵庫県,姫路市,勝原区大谷２８４番地の３,6711205
2140001097689,株式会社Ｌｉｂｒａｒｙ　Ｈｏｍｅｓ,兵庫県,姫路市,南畝町２丁目９７番地,6700961
2140001097813,株式会社ＬＵＣＩＡ,兵庫県,姫路市,下手野２丁目１４番１７号,6700063
2140001097846,はりま陸送株式会社,兵庫県,姫路市,安田２丁目５２番地プレステージ姫路ラフィーネ２０３号,6700955
2140001098547,大前設備株式会社,兵庫県,姫路市,白鳥台１丁目２番９号,6712245
2140001098885,株式会社河本,兵庫県,姫路市,白浜町甲８４１番地３５,6728023
2140001098919,株式会社みんなの会社,兵庫県,姫路市,石倉２１番地３,6712231
2140001098976,株式会社ロックブロス,兵庫県,姫路市,西今宿１丁目１１番１８号,6700061
2140001099149,株式会社音ごころ補聴器,兵庫県,姫路市,町田５８番地５,6712217
2140001099859,株式会社ＰＢＪホールディングス,兵庫県,姫路市,飾磨区上野田６丁目５８番地,6728043
2140001099990,株式会社ウッドギャラリー,兵庫県,姫路市,船津町１９９２番地１,6792101
2140001100048,株式会社アクロポリス,兵庫県,姫路市,野里３９２番地,6700811
2140001100097,株式会社はるかエステート,兵庫県,姫路市,佃町９番地グリーンパークビル３０１,6728049
2140001100378,株式会社あかつき建築設計,兵庫県,姫路市,砥堀１３６番地１,6700802
2140001100403,アウルインターナショナル株式会社,兵庫県,姫路市,手柄１丁目４１,6700972
2140001100428,株式会社ハートエナジー,兵庫県,姫路市,手柄１丁目１３４番地,6700972
2140001100452,サンレックスカンパニー株式会社,兵庫県,姫路市,南町６３番地ミツワビル,6700912
2140001100502,株式会社ミズタニ鉄研工作所,兵庫県,姫路市,実法寺７８２番地６,6712244
2140001100535,株式会社源次郎,兵庫県,姫路市,白銀町９４番地白銀クリスタルビル１階,6700902
2140001100618,株式会社ハヤシシーリング,兵庫県,姫路市,岡田５５９,6700982
2140001100782,バリアファーマシー株式会社,兵庫県,姫路市,網干区垣内南町２５６−７,6711255
2140001100873,株式会社ニッタ,兵庫県,姫路市,花田町高木９９番地,6710256
2140001100915,株式会社ＤＣユニバーサル,兵庫県,姫路市,南駅前町１６番地,6700962
2140001100980,株式会社シンコーポレーション,兵庫県,姫路市,広畑区西蒲田１５９３番地Ａ１０１,6711107
2140001101005,株式会社わらいや,兵庫県,姫路市,北条口１丁目６１番地,6700935
2140001101244,クルックタウン株式会社,兵庫県,姫路市,飾磨区西浜町３丁目９６番地,6728086
2140001101252,株式会社Ｋ．Ｏ．インターナショナル,兵庫県,姫路市,保城４４０番地６,6700804
2140001101343,株式会社キャリー・スター,兵庫県,姫路市,飾磨区今在家５丁目１１０番地１０,6728079
2140001101509,株式会社Ｒａｄｉａｎｔ,兵庫県,姫路市,呉服町２４番地,6700923
2140001101599,株式会社ベアズガーデンインターナショナルスクール,兵庫県,姫路市,田寺東２丁目１７番１４号,6700081
2140001101665,株式会社Ｎｅｘｔ　Ｓｔａｇｅ,兵庫県,姫路市,御立中４丁目２番１０号,6700073
2140001101780,株式会社姫商ライン,兵庫県,姫路市,夢前町宮置２番地２２,6712121
2140001102028,株式会社ＫＩＺＵＫＩ,兵庫県,姫路市,白浜町宇佐崎北３丁目４８７番地３,6728013
2140001102283,株式会社福とらすと,兵庫県,姫路市,勝原区大谷１０３番地,6711205
2140001102291,株式会社ＨＩＳＡＹＡ,兵庫県,姫路市,飾磨区蓼野町１８９番地,6728072
2140001102309,安東塗装店株式会社,兵庫県,姫路市,増位新町１丁目２４番地、６０８号,6700806
2140001102507,藤野設備株式会社,兵庫県,姫路市,飾磨区堀川町９０番地,6728025
2140001102655,株式会社ＲＥＮ,兵庫県,姫路市,町坪５３８番地,6700984
2140001102762,株式会社フィールドヴィレッジ,兵庫県,姫路市,飾磨区中野田４丁目７２番地１,6728045
2140001102845,大江運輸株式会社,兵庫県,姫路市,飾磨区清水３丁目７４番地２,6728051
2140001102886,ＡＳ企画株式会社,兵庫県,姫路市,飾磨区城南町２丁目５番地ロワイヤル英賀保駅前７０２号,6728083
2140001103034,株式会社エイチピープラス,兵庫県,姫路市,梅ケ谷町１番２８−１号,6700894
2140001103133,株式会社アクセルプライムマッチ,兵庫県,姫路市,安田３丁目１２番地１サンヒルズ壱番館１１０２,6700955
2140001103166,株式会社グランドフードホールミート,兵庫県,姫路市,楠町９９番地５,6700826
2140001103216,株式会社スタニング,兵庫県,姫路市,香寺町須加院２番地８１０,6792132
2140001103257,株式会社Ｇｏｌｄｅｎｅｒ　Ｈｉｒｓｃｈ,兵庫県,姫路市,仁豊野２４８番地１,6700801
2140001103281,株式会社くるみ,兵庫県,姫路市,花田町上原田１９０番地１,6710251
2140001103356,株式会社オフィスＫｉｃｈｉ,兵庫県,姫路市,飾磨区阿成植木１００３番地,6728030
2140001103604,株式会社ＲＡ−ＭＥＮ　ＭＡＳＴＥＲ,兵庫県,姫路市,飾西１１−７−１０１,6712216
2140001103686,株式会社オフィスくるみ,兵庫県,姫路市,飾磨区恵美酒１１７番地１４,6728057
2140001103926,株式会社産業工学エンジニアリング,兵庫県,姫路市,安富町長野１７７番地１,6712421
2140001103934,株式会社太陽,兵庫県,姫路市,勝原区下太田６３３番地１６１,6711201
2140001103959,株式会社蓮技建,兵庫県,姫路市,飾磨区中島８０４番地１永田第２ビル１０２,6728035
2140001104214,セントラム株式会社,兵庫県,姫路市,安田１丁目５７番地,6700955
2140001104239,株式会社西播工業,兵庫県,姫路市,広畑区東新町２丁目５５番地２,6711121
2140001104296,ＨＰホールディング株式会社,兵庫県,姫路市,飾東町庄５７番地２,6710218
2140001104544,株式会社Ｍ’ｓサービス,兵庫県,姫路市,広畑区西夢前台５丁目２３６番地１,6711103
2140001104882,株式会社神建,兵庫県,姫路市,八代宮前町１５番１４号,6700885
2140001104949,株式会社ＴＡＮＡＫＡ,兵庫県,姫路市,小姓町３５番地１,6700043
2140001105006,夢前ニツト株式会社,兵庫県,姫路市,夢前町前之庄１１２６番地の１,6712103
2140001105237,旭株式会社,兵庫県,姫路市,飾磨区英賀乙９番地１,6728078
2140001105352,株式会社ｗｏｏｄ．ｂｒｅａｔｈ,兵庫県,姫路市,網干区新在家３３７番地,6711234
2140001105518,株式会社ＲＹＯＳＥＩ,兵庫県,姫路市,勝原区下太田２７２番地３,6711201
2140001105666,株式会社都建築,兵庫県,姫路市,広畑区西蒲田２１０番地１２,6711107
2140001105749,株式会社森伸工業,兵庫県,姫路市,飾磨区英賀宮町２丁目１０６番地,6728080
2140001105757,姫路かもめ屋株式会社,兵庫県,姫路市,下寺町１３９番地,6700932
2140001105781,株式会社北条,兵庫県,姫路市,北条宮の町４１２番地,6700948
2140001105872,株式会社彼方,兵庫県,姫路市,塩町１１３番地シエスタ姫路５０６号室,6700904
2140001106004,ＩＭＬ商会株式会社,兵庫県,姫路市,網干区福井字四反田町７６番地６,6711225
2140001106029,株式会社清由,兵庫県,姫路市,白浜町神田２丁目８２番地４,6728011
2140001106086,株式会社オフィス領木,兵庫県,姫路市,中地４３４番地３,6700976
2140001106219,イクサス株式会社,兵庫県,姫路市,飾磨区阿成鹿古３３７番地２,6728038
2140001106301,株式会社ライディス,兵庫県,姫路市,飾磨区今在家５丁目３１番地２,6728079
2140001106318,株式会社ｙｏｕ．ホーム,兵庫県,姫路市,花田町小川１１１５番地４,6710255
2140001106409,株式会社大成警備サービス,兵庫県,姫路市,夢前町古知之庄１０８４番地４,6712113
2140001106672,株式会社アンジュ,兵庫県,姫路市,広畑区才７５番１６,6711104
2140001106680,株式会社イエナビジャパン,兵庫県,姫路市,庄田３５番地１,6700951
2140001106879,株式会社テック,兵庫県,姫路市,網干区大江島古川町１１２番地,6711233
2140001106929,株式会社ピーエスルーチェ,兵庫県,姫路市,鍛冶町２６番地,6700002
2140001107027,株式会社ＮＡＤＡエステート,兵庫県,姫路市,白浜町甲４０２番地２８３,6728023
2140001107150,株式会社Ｆ＆Ｃオフィス,兵庫県,姫路市,北条１丁目２２７番地８３,6700947
2140001107571,株式会社光百年,兵庫県,姫路市,大塩町１４７番地４,6710101
2140001107679,ウェストトレーディング株式会社,兵庫県,姫路市,土山２丁目１２番１３号ディアコート１０１,6700996
2140001107695,ベランド株式会社,兵庫県,姫路市,飾磨区今在家北２丁目９０番地２,6728090
2140001107836,株式会社ＭｉｒａｉＸ,兵庫県,姫路市,飾磨区今在家６丁目４６番地５,6728079
2140001107927,中上海運株式会社,兵庫県,姫路市,家島町真浦１０３５番地２,6720101
2140001108066,株式会社太勇,兵庫県,姫路市,網干区福井６７番地１,6711225
2140001108173,株式会社御崎建設,兵庫県,姫路市,田寺５丁目７番１号,6700086
2140001108256,株式会社スマートマンパワー,兵庫県,姫路市,平野町４３番地,6700933
2140001108421,株式会社手柄食品,兵庫県,姫路市,御国野町深志野４３１番地の１,6710231
2140001108520,株式会社Ｙ’ｓオート,兵庫県,姫路市,西今宿３丁目８−１３,6700061
2140001108669,株式会社ＯＲテック,兵庫県,姫路市,広畑区吾妻町２丁目４７番地,6711154
2140001108719,スザキペイント株式会社,兵庫県,姫路市,中地２７番地１,6700976
2140001109007,ＭＧＡＩＮ株式会社,兵庫県,姫路市,北新在家２丁目１２番５号,6700091
2140001109114,株式会社ｇｌａｄ,兵庫県,姫路市,飯田２丁目３０番地,6700974
2140001109196,株式会社Ｃｌｕｓｔｅｒ,兵庫県,姫路市,大津区恵美酒町２丁目４４番地１,6711136
2140001109361,株式会社プライベートショップモク,兵庫県,姫路市,北条永良町２２番地,6700946
2140001109378,株式会社花音,兵庫県,姫路市,白浜町乙７３９番地２−７０６号,6728023
2140001109758,株式会社村上塗装工業,兵庫県,姫路市,東今宿４丁目６番１２号,6700056
2140001109774,株式会社マエデン,兵庫県,姫路市,東夢前台１丁目３番地２９,6700064
2140001109857,永井殖産株式会社,兵庫県,姫路市,呉服町７０番地呉服町菊屋ビル２階,6700923
2140001109989,株式会社広貴殖産,兵庫県,姫路市,新在家本町３丁目７番９号,6700092
2140001110047,株式会社セイコウシャ,兵庫県,姫路市,北条永良町２２０番地,6700946
2140001110105,真工業株式会社,兵庫県,姫路市,書写１２６３番地２６,6712201
2140001110162,ＨＯＭＣＯ　Ｊ＆Ｖ株式会社,兵庫県,姫路市,花田町勅旨４２６番地１,6710254
2140001110311,株式会社デンズＥｃｏワーク,兵庫県,姫路市,飾磨区加茂３５１番地１,6728074
2140001110591,株式会社ＥＡＲ,兵庫県,姫路市,駅前町３３１番地,6700927
2140001110831,株式会社ＣＲＡＣＥＥＤ,兵庫県,姫路市,四郷町本郷３７７番地１,6710243
2140001110906,株式会社タツカワ工業,兵庫県,姫路市,井ノ口４５０番地,6700983
2140001111094,株式会社サークルスター,兵庫県,姫路市,二階町７番地サウンドビジネスビル４Ｆ,6700922
2140001111111,株式会社マキシード,兵庫県,姫路市,御立西１丁目１６番地５,6700074
2140001111152,株式会社８ｃ,兵庫県,姫路市,飾磨区加茂４１４番地７,6728074
2140001111664,株式会社サウスウインド,兵庫県,姫路市,木場１１８０番地,6728016
2140001111788,株式会社姫路機工,兵庫県,姫路市,夢前町莇野１９７０番地１,6712106
2140001111796,株式会社兵庫動画ファクトリー,兵庫県,姫路市,西二階町１２０番地西松屋きものビル,6700901
2140001111805,トヨバンク株式会社,兵庫県,姫路市,大津区天神町２丁目４１,6711131
2140001111838,株式会社夢進レンタカー,兵庫県,姫路市,夢前町前之庄１１６５番地,6712103
2140001112051,大塚工業株式会社,兵庫県,姫路市,勝原区勝原町５８番地１８,6711212
2140001112340,はりま家守舎株式会社,兵庫県,姫路市,南町７６番地姫路城陽ビル４階,6700912
2140001112448,株式会社カワグチＭａｒｉｎｅ,兵庫県,姫路市,野里堀留町１７番１０号,6700866
2140001112464,株式会社Ｖｉｖｒｅ,兵庫県,姫路市,安富町安志８８２番地２,6712401
2140001112480,株式会社播州機械,兵庫県,姫路市,福沢町１３番地高田ビル２Ｆ,6700992
2140001112596,株式会社ワン・バイ・ワン,兵庫県,姫路市,飾東町八重畑９６２番地１,6710208
2140001112695,株式会社あやとり,兵庫県,姫路市,四郷町東阿保７４２番地１,6710247
2140001113099,株式会社Ｔ．Ｓ．Ｌ．,兵庫県,姫路市,飾磨区今在家１１２５番地,6728079
2140001113248,株式会社庭彩,兵庫県,姫路市,西今宿６丁目１４番４０号,6700061
2140001113297,株式会社コンビニクラブ,兵庫県,姫路市,夢前町寺９番地,6712116
2140001113413,株式会社ブルーミングホーム,兵庫県,姫路市,岡田１５０番地４,6700982
2140001113454,ＩＶＹホールディング株式会社,兵庫県,姫路市,土山１丁目４番８号,6700996
2140001113545,株式会社ＹＯＲＩＭＡＳＡ,兵庫県,姫路市,青山西２丁目２３番２６号,6712224
2140001113586,横田技研株式会社,兵庫県,姫路市,飾磨区中島３４７６番地,6728035
2140001113735,ＶＡＺ空調株式会社,兵庫県,姫路市,飾磨区中島１丁目３１７番１,6728035
2140001113883,株式会社くらし,兵庫県,姫路市,白国１丁目２番１５号２棟６０１号,6700808
2140001113891,株式会社ＫＳｒｏｏｆ,兵庫県,姫路市,相野３７９−１,6712232
2140001113966,株式会社ＴＯＰＲＯＡＤ,兵庫県,姫路市,忍町１１５番地,6700917
2140001114139,株式会社大作工業,兵庫県,姫路市,保城９８５番地３,6700804
2140001114196,株式会社ｕｎｉｃｏ．,兵庫県,姫路市,亀井町９２マルカビル２Ｆ,6700925
2140001114279,ハイエイト株式会社,兵庫県,姫路市,飾磨区宮１２５番地,6728055
2140001114353,清流建設株式会社,兵庫県,姫路市,飯田２丁目８２番地,6700974
2140001114675,株式会社ナカシマパワーソリューション,兵庫県,姫路市,阿保甲８７８番地,6700944
2140001114972,ＣＯＳＡＹホールディングス株式会社,兵庫県,姫路市,網干区大江島６７４番地,6711231
2140001114989,株式会社ＲＯＯ,兵庫県,姫路市,飾磨区恵美酒４２２番地５,6728057
2140001115038,モリサ株式会社,兵庫県,姫路市,四郷町見野１０６９番地,6710244
2140001115104,ボディショップシミズ株式会社,兵庫県,姫路市,花田町加納原田８６番地１,6710252
2140001115211,株式会社ライクイン,兵庫県,姫路市,広畑区本町４丁目７２９番地,6711114
2140001115310,株式会社復興,兵庫県,姫路市,飾磨区英賀清水町２丁目５番地,6728084
2140001115376,株式会社ティエッチジー,兵庫県,姫路市,飯田２丁目１８８番地,6700974
2140001115434,市川機設株式会社,兵庫県,姫路市,飾東町庄７２２−１０,6710218
2140001115731,株式会社大翔建設,兵庫県,姫路市,南条５６３番地,6700952
2140001115888,株式会社ひじり,兵庫県,姫路市,飾磨区加茂２番地１,6728074
2140001116127,ビアンコ株式会社,兵庫県,姫路市,苫編南２丁目３６３番地１ロワイヤル英賀保五番館４０３,6700987
2140001116143,株式会社タカハシ商店,兵庫県,姫路市,花田町小川５９５番地１,6710255
2140001116234,創・庭・建・美タカシン株式会社,兵庫県,姫路市,安富町安志１００１番地,6712401
2140001116399,株式会社ＬＩＢＥＲＴＥ,兵庫県,姫路市,飾磨区構５丁目２４３番地３,6728071
2140001116416,株式会社タニテックワークス,兵庫県,姫路市,安富町三森４２６番地３,6712411
2140001116481,ＹＭテクノ株式会社,兵庫県,姫路市,網干区大江島１００番地１７,6711231
2140001116671,岩見工業株式会社,兵庫県,姫路市,飾磨区英賀宮町１丁目１番地,6728080
2140001116705,ライフベース株式会社,兵庫県,姫路市,広畑区大町３丁目６３番地,6711155
2140001116960,株式会社リーガルファーム,兵庫県,姫路市,塩町６番地,6700904
2140001117042,マストベンダーテクニカル株式会社,兵庫県,姫路市,花田町高木２１２−１,6710256
2140001117075,株式会社ＫＥＩＳＨＩＮ,兵庫県,姫路市,国府寺町１８ＨａＴＢＬＤ２Ｆ,6700852
2140001117224,エスケーホールディングス株式会社,兵庫県,姫路市,亀山２３１番地２,6700973
2140001117240,ＢｉｚＬｉｎｋｓ株式会社,兵庫県,姫路市,南町６３番地,6700912
2140001117257,株式会社筒井塗装,兵庫県,姫路市,飾磨区今在家６丁目１２０−３,6728079
2140001117265,株式会社Ａｉｌｅ＆ｃｌｏｃｈｅｔｔｅ,兵庫県,姫路市,西脇４００,6712234
2140001117298,株式会社エリアシ,兵庫県,姫路市,忍町２４,6700917
2140001117389,株式会社ＤＥ．ＬＩＮＥＲ,兵庫県,姫路市,夢前町宮置９５５番地,6712121
2140001117463,株式会社ユウケン,兵庫県,姫路市,香寺町中寺２９９番地１４,6792164
2140001117496,株式会社姫路大正,兵庫県,姫路市,東延末３丁目３７番地中川ビル７０１,6700965
2140001117612,株式会社マキノファクトリー,兵庫県,姫路市,栗山町１３６番地,6700954
2140001117802,フューチャースカイ株式会社,兵庫県,姫路市,御立東４丁目３０番８号,6700072
2140001117884,株式会社開眼塾,兵庫県,姫路市,豊沢町１１３番地,6700964
2140001118148,田家工業株式会社,兵庫県,姫路市,亀山１丁目５９番地グローバル姫路南７０４,6700973
2140001118247,株式会社姫路築炉,兵庫県,姫路市,飾磨区下野田４丁目１８１番地１,6728044
2140001118420,株式会社カナザワ,兵庫県,姫路市,町坪１４１番地５,6700984
2140001118560,株式会社関西警備,兵庫県,姫路市,花田町一本松２４１番地１,6710253
2140001118610,株式会社インテグリス,兵庫県,姫路市,大津区西土井１２６番地２２,6711141
2140001118643,株式会社キンモクセイ,兵庫県,姫路市,野里５９０番地１６,6700811
2140001118651,株式会社Ｋ・Ｍ・Ｋ,兵庫県,姫路市,飾磨区恵美酒３９７番地１ネオハイツ姫路・飾磨３０３号,6728057
2140001118759,株式会社山富工業,兵庫県,姫路市,白浜町宇佐崎北１丁目１４６番地１,6728013
2140001118932,株式会社振角自動車,兵庫県,姫路市,広畑区才７４８番地,6711104
2140001118957,株式会社アイテック,兵庫県,姫路市,香寺町相坂２９９番地,6792154
2140001119096,株式会社日本医商,兵庫県,姫路市,飾磨区阿成植木１１２５番地２,6728030
2140001119113,Ｕｌｕ’ｓ株式会社,兵庫県,姫路市,北条宮の町５７２番地２７,6700948
2140001119170,株式会社シェノン,兵庫県,姫路市,白国１丁目２番１５号,6700808
2140001119187,株式会社オフィス・オズ,兵庫県,姫路市,野里１９９番地１メゾン・セラヴィー野里,6700811
2140001119195,株式会社白鷺ホールディングス,兵庫県,姫路市,塩町１１８番地,6700904
2140001119360,株式会社木下不動産,兵庫県,姫路市,市川台１丁目１０６番地１,6700822
2140001119410,株式会社Ｋｏｏｄｙ,兵庫県,姫路市,飾磨区野田町１７１番地リベール姫路駅南Ｉ７０１号室,6728040
2140001119501,株式会社ＫＭＣ,兵庫県,姫路市,南町３８番地,6700912
2140001119567,株式会社ａｎｕｅｎｕｅ,兵庫県,姫路市,広畑区東新町１丁目３２米田第一ビル１０５号,6711121
2140001119666,株式会社ＯＨＮＯ,兵庫県,姫路市,花田町加納原田５１０番地２０,6710252
2140001119690,株式会社ＧＲＡＮＤ　ＺＡＰＰＡ,兵庫県,姫路市,石倉５４番地７,6712231
2140001119765,株式会社Ａｒｔ−ＵＬＵ,兵庫県,姫路市,夢前町新庄４６５番地１,6712102
2140001119872,株式会社河野総建,兵庫県,姫路市,広畑区清水町３丁目３２７番地１,6711113
2140001119897,株式会社ファーストプレイス,兵庫県,姫路市,山吹１丁目１１番５２号ＦＰビル２Ｆ,6700085
2140001119996,株式会社ホームウエスト,兵庫県,姫路市,飾磨区蓼野町９２番地３,6728072
2140001120260,ＮＥＸＩＡ商事株式会社,兵庫県,姫路市,十二所前町１０８番地１アメニティライオン６０５号,6700911
2140001120368,株式会社ツボサカ商事,兵庫県,姫路市,香寺町中村７４５番地１５,6792166
2140001120401,株式会社倭工業,兵庫県,姫路市,飾東町唐端新１０８番地１,6710214
2140001120533,株式会社Ｋ’ｓ　ｉｎｎｏｖａｔｉｏｎ,兵庫県,姫路市,山吹１丁目７番９号,6700085
2140001120995,株式会社日進建装,兵庫県,姫路市,青山西１丁目１４番１２７号,6712224
2140001121119,株式会社Ｗｅｓｔ　Ｒｉｖｅｒ,兵庫県,姫路市,南条３丁目１１０番地の１,6700952
2140001121341,株式会社Ｍ−ＳＴＹＬＥ,兵庫県,姫路市,新在家本町４丁目８番１４号,6700092
2140001121382,ＴＫＮＯＴＴ株式会社,兵庫県,姫路市,飾磨区英賀保駅前町５番地２マノワール２０１,6728091
2140001121473,ＨＫ株式会社,兵庫県,姫路市,四郷町本郷２３８番地,6710243
2140001121655,株式会社鷲月企画,兵庫県,姫路市,大津区長松１３４番地４,6711144
2140001121663,株式会社ＷｏｒｋＳ,兵庫県,姫路市,花田町一本松２４番地１,6710253
2140001121738,株式会社ＮＵＫコーポレーション,兵庫県,姫路市,余部区上余部１０８９−３,6711262
2140001121944,ａコンサルティング株式会社,兵庫県,姫路市,新在家本町１丁目４番１６号,6700092
2140001121952,株式会社臻,兵庫県,姫路市,広畑区西蒲田１６８６番地,6711107
2140001122018,株式会社田中工業所,兵庫県,姫路市,飾磨区今在家１４３８番地１,6728079
2140001122216,エム・アール工商株式会社,兵庫県,姫路市,城見台２丁目１１１１番地３０７,6700803
2140001122455,株式会社ＲｉＺＥＬ,兵庫県,姫路市,青山北３丁目１３番１２号,6712221
2140001122562,株式会社明工業,兵庫県,姫路市,白鳥台３丁目３３番１６号,6712245
2140001122595,大西グループ株式会社,兵庫県,姫路市,南駅前町９１番地８−１３０４号,6700962
2140001122736,株式会社ＳＨＩＰ,兵庫県,姫路市,駅前町２２２,6700927
2140001122752,コガネブリュワリー株式会社,兵庫県,姫路市,南町７６番地姫路城陽ビル４階,6700912
2140001122868,無人航空機登録講習機関監査協会株式会社,兵庫県,姫路市,御立中４丁目６番５号,6700073
2140001122892,井上電設株式会社,兵庫県,姫路市,飾磨区英賀東町１丁目３６番地４,6728087
2140001122950,株式会社ＯＵＩ,兵庫県,姫路市,安田４丁目４６番地１０,6700955
2140001122959,ＹＯＵ株式会社,兵庫県,姫路市,大塩町宮前２８番地,6710103
2140001123115,シェアリングバンカー株式会社,兵庫県,姫路市,青山１丁目１−６,6712222
2140001123164,株式会社Ｎ−ＬＩＶＩＮＧ,兵庫県,姫路市,南新在家２０番５号,6700093
2140001123206,株式会社大和,兵庫県,姫路市,安富町長野３８８番地９アピアやすとみ３１９,6712421
2140001123296,株式会社スマイルチェイン,兵庫県,姫路市,花田町加納原田７０７番地４,6710252
2140001123478,株式会社ヒロケンＴＥＣ,兵庫県,姫路市,兼田３７番地２０５号,6728001
2140001123585,宏鼎商事株式会社,兵庫県,姫路市,実法寺７２７番地,6712244
2140001123676,株式会社十字堂,兵庫県,姫路市,網干区新在家１２８７番地６,6711234
2140001123899,株式会社太洋物産,兵庫県,姫路市,実法寺６０番地,6712244
2140001124039,株式会社ＭＳＤ,兵庫県,姫路市,飾東町豊国５０番地６,6710219
2140001124360,株式会社オフィスパートナー,兵庫県,姫路市,緑台１丁目２８番１８号,6712247
2140001124385,兵庫油圧株式会社,兵庫県,姫路市,飾磨区構４丁目４６番地,6728071
2140001124468,株式会社中井工業,兵庫県,姫路市,大塩町２９０番地５９,6710101
2140001124583,株式会社ｉ−ｄｏ　ＪＰ,兵庫県,姫路市,綿町１２２番地,6700921
2140001124815,株式会社ＷＳクリエイト,兵庫県,姫路市,岩端町９８番地７,6700028
2140001124971,株式会社隆和,兵庫県,姫路市,佃町１９番地ライオンズマンション市役所前１４０４,6728049
2140001125094,ＫＥＩＴＯ商事株式会社,兵庫県,姫路市,四郷町上鈴２１３番地４,6710241
2140001125128,株式会社堀商店,兵庫県,姫路市,花田町加納原田５８８−８,6710252
2140001125219,株式会社オフィスＭ．Ｍ,兵庫県,姫路市,忍町１７２番地１ワコーレ姫路クロススクエア４０１号,6700917
2140001125268,姫東株式会社,兵庫県,姫路市,安田４丁目３０番地１０,6700955
2140001125284,株式会社八幡造園,兵庫県,姫路市,広畑区本町３丁目５７６番地,6711114
2140001125508,ＹＵＲＩサポート株式会社,兵庫県,姫路市,安田４丁目１７番地４階,6700955
2140001125870,株式会社２６ＷＯＲＫＳ,兵庫県,姫路市,東今宿１丁目５番１０−６０１号ネオハイツ今宿Ａ棟,6700056
2140001125879,株式会社田中製作所,兵庫県,姫路市,飾磨区中島３丁目１６１番地ビレッジ中島２０２号,6728035
2140001125895,株式会社ａｔｅｌｉｅｒ９,兵庫県,姫路市,砥堀７７９番地２,6700802
2140001125904,株式会社翼工業,兵庫県,姫路市,広畑区西蒲田８４２番地,6711107
2140001126101,３Ｆ株式会社,兵庫県,姫路市,西駅前町２５番地２階,6700913
2140001126150,株式会社アンズトラスト,兵庫県,姫路市,三条町１丁目４９番地,6700953
2140001126274,株式会社メディカルスタッフ,兵庫県,姫路市,飾東町庄８２番地１２,6710218
2140001126539,株式会社Ｄｒｅ,兵庫県,姫路市,大津区新町２丁目１８番地,6711135
2140001126621,株式会社Ｎホールディングス,兵庫県,姫路市,飾東町豊国７０番地,6710219
2140001126745,株式会社Ｉｎｔｅｒｉｏｒ　ＫＵＲＯＤＡ,兵庫県,姫路市,片田町９番地ミツワビルＩＩ１階１号室,6700045
2140001126885,株式会社Ｏ．Ｋ不動産,兵庫県,姫路市,飾磨区清水３丁目７０番地,6728051
2140001127462,ワットエバー株式会社,兵庫県,姫路市,栗山町１４５番地１,6700954
2140001127677,株式会社西木電工,兵庫県,姫路市,飾磨区英賀西町２丁目８０番地２,6728088
2140001127826,株式会社ＳＯＧＡ,兵庫県,姫路市,夢前町菅生澗９７４番地８,6712134
2140001127883,株式会社官崎建設,兵庫県,姫路市,香寺町中寺２５９番地２,6792164
2140001127900,株式会社赤松スチールプラント,兵庫県,姫路市,大津区恵美酒町１丁目２７番地３,6711136
2140001127990,株式会社Ｄｉｏｎ,兵庫県,姫路市,二階町７３番地３Ｆ,6700922
2140001128015,ミキト＆パートナーズ株式会社,兵庫県,姫路市,網干区坂上５９番地１０,6711223
2140001128106,エイチプラスナイン株式会社,兵庫県,姫路市,広畑区夢前町３丁目１番地１９−１０１,6711122
2140001128262,株式会社コーナス,兵庫県,姫路市,花田町勅旨３２０番地６,6710254
2140001128279,株式会社森元建築,兵庫県,姫路市,飾磨区玉地１丁目７１−１０１,6728052
2140001128353,株式会社ゴルフスタジオ２４,兵庫県,姫路市,五軒邸３丁目４５番地,6700854
2140001128444,株式会社ジーネクスト,兵庫県,姫路市,下手野２丁目１０番１号,6700063
2140001128485,株式会社ネクストサーベイ,兵庫県,姫路市,夢前町神種５６７番地,6712105
2140001128527,株式会社コモンアイ,兵庫県,姫路市,豊富町豊富３３８３−１,6792123
2140001128642,株式会社ゆにわ,兵庫県,姫路市,北条１丁目２８５,6700947
2140001128650,株式会社Ｂ．Ｈ,兵庫県,姫路市,岡田１５０番地４,6700982
2140001128709,高原塗装店株式会社,兵庫県,姫路市,飾磨区恵美酒３４番地８,6728057
2140001128964,株式会社新陵管財,兵庫県,姫路市,広畑区吾妻町１丁目２６番地３,6711154
2140001129005,株式会社ＣＩＴＲＯＮ,兵庫県,姫路市,飾磨区構４丁目４８−２０２,6728071
2140001129095,株式会社ＴＯＰＡＺ,兵庫県,姫路市,飾東町庄２８番地７,6710218
2140001129244,株式会社Ａ　ｐｈｏｔｏ　ｗｏｒｋｓ,兵庫県,姫路市,伊伝居４８２番地４アルファステイツ城北伊伝居１００３号,6700871
2140001129401,株式会社折口塗装,兵庫県,姫路市,東今宿２丁目５番８号,6700056
2140001129590,株式会社ココレッジ,兵庫県,姫路市,南畝町２丁目１３７番地,6700961
2140001129830,株式会社こじま設備,兵庫県,姫路市,五軒邸１丁目５１番地,6700854
2140001129847,ＹＵ‐ＫＹＯ建設株式会社,兵庫県,姫路市,勝原区勝山町１３３番地４５４,6711202
2140001130144,株式会社ＦＲＯＮＴＩＥＲ,兵庫県,姫路市,名古山町１３番１２号,6700051
2140001130202,ｉＭＯソリューションズ株式会社,兵庫県,姫路市,相野１６８番地,6712232
2140001130458,谷口工業株式会社,兵庫県,姫路市,田寺７丁目９番１１号エクレール田寺Ａ棟１０３,6700086
2140001130838,株式会社大和青果,兵庫県,姫路市,白浜町甲１９２０番地５４,6728023
2140001131340,株式会社光運,兵庫県,姫路市,勝原区大谷７番地４プーロフォンターナＢ２０１,6711205
2140001131349,株式会社セルプイーグレ,兵庫県,姫路市,夢前町寺１００８番地,6712116
2140001131497,株式会社Ｉ．ｓｏｌａｒｅ,兵庫県,姫路市,広畑区北野町１丁目３５番地５４,6711112
2140001131571,Ｅｐｉｃ　Ｌｉｆｅ　Ｄｅｓｉｇｎｓ株式会社,兵庫県,姫路市,西延末２１９番地１,6700971
2140001131646,秀栄工業株式会社,兵庫県,姫路市,飾磨区細江４６９番地レジデンス飾磨１−Ａ,6728064
2140001131794,山口設備株式会社,兵庫県,姫路市,緑台１丁目４−７,6712247
2140001131976,株式会社エィシック,兵庫県,姫路市,安田３丁目１１８番地３,6700955
2140001131992,株式会社Ｓ．ＴＲＵＳＴ,兵庫県,姫路市,城東町６０番地９,6700841
2140001132033,Ｓｙｎｅｒｇｙ．株式会社,兵庫県,姫路市,飾磨区野田町９５−３第１ニシキビル１Ｆ東,6728040
2140001132058,株式会社アールエム,兵庫県,姫路市,書写２２１６番地４,6712201
2140001132108,石原農園株式会社,兵庫県,姫路市,飾東町八重畑７１２番地,6710208
2140001132173,株式会社Ｚ　ｃｏｍｍｕｎｉｃａｔｉｏｎ,兵庫県,姫路市,飾磨区三宅１丁目１２５番地パレロワイヤル三宅４０４,6728048
2140001132256,トップキンメタル株式会社,兵庫県,姫路市,飾東町唐端新８８番地,6710214
2140001132421,株式会社Ｋ‐Ｆａｍｉｌｙ,兵庫県,姫路市,栗山町９０番地１００１号,6700954
2140001132487,株式会社ＴＮＫホールディングス,兵庫県,姫路市,書写７１７番地,6712201
2140001132743,株式会社Ｕｎｉｔｙ　Ｎｅｔ,兵庫県,姫路市,飾磨区阿成鹿古３９６番地カサミラドール２０３号室,6728038
2140001133106,株式会社ハイスペース,兵庫県,姫路市,御立西６丁目３番４１号,6700074
2140001133254,株式会社ＶＥＲＳＥ　ＤＥＳＩＧＮ,兵庫県,姫路市,城東町野田二丁目２番地,6700844
2140001133270,株式会社ＭＤ＆Ｍ　Ｇｒｏｕｐ,兵庫県,姫路市,庄田９４−５,6700951
2140001133304,株式会社富舜,兵庫県,姫路市,四郷町東阿保５０７番地１４６,6710247
2140001133353,株式会社ＶＥＲＴＥＸ　ＤＲＩＶＥ,兵庫県,姫路市,八代３９２番地２,6700872
2140001133361,ホームメンテナンス株式会社,兵庫県,姫路市,野里４４４番地１,6700811
2140001133907,株式会社インフィニティ,兵庫県,姫路市,四郷町明田９３４番地３５,6710245
2140001133972,株式会社プラスゲート,兵庫県,姫路市,阿保甲３７１番地１,6700944
2140001133997,株式会社ピグモ,兵庫県,姫路市,飾磨区英賀保駅前町６７番地−１１０２,6728091
2140001134120,株式会社松尾学院,兵庫県,姫路市,駅前町２４２番地ＩＭＡＧＥ２１ビル４階,6700927
2140001134203,株式会社レルカ,兵庫県,姫路市,城見町８０番地,6700831
2140001134376,株式会社ＮＡＲＵＭＩ,兵庫県,姫路市,土山２丁目７番１０号,6700996
2140001134459,ＭＩＮＡＭＩ　Ｓ’ＴＩＬＥ株式会社,兵庫県,姫路市,北平野南の町２番１２号,6700887
2140001134566,株式会社Ｌｉｇｈｔ,兵庫県,姫路市,十二所前町５クリスタルビル７階,6700911
2140001134731,株式会社山本,兵庫県,姫路市,勝原区朝日谷６００番地４３,6711204
2140001134987,コストラスト株式会社,兵庫県,姫路市,広畑区西夢前台５丁目１３４番地,6711103
2140001135044,神南通商株式会社,兵庫県,姫路市,山田町南山田１９３番地１３,6792113
2140001135283,株式会社享鷹,兵庫県,姫路市,御立中３丁目９番２７号,6700073
2140001135309,株式会社修成建設,兵庫県,姫路市,広畑区長町２丁目１２３番地,6711125
2140001135325,株式会社Ｌｉｅｎ,兵庫県,姫路市,別所町北宿８３０番地２２,6710223
2140001135390,株式会社インテリアナサダ,兵庫県,姫路市,白国５丁目７番１１号,6700808
2140001135647,株式会社アスライト,兵庫県,姫路市,増位本町２丁目１２番２号Ａｃａｃｉａビル,6700807
2140001135655,株式会社Ｍｉｒａｉ．Ｋ,兵庫県,姫路市,広畑区才５０３番地２,6711104
2140001135696,株式会社ＹＳ,兵庫県,姫路市,林田町下構１１７番地−１Ｆ,6794202
2140001135713,株式会社ＫＧケミカル,兵庫県,姫路市,豊富町神谷１２９番地３,6792121
2140001135770,株式会社るんエンターテイメント,兵庫県,姫路市,市川台１丁目１０６−１,6700822
2140001135853,株式会社Ｂｅｅ　Ｇｒｅｅｎ　Ｇａｒｄｅｎ,兵庫県,姫路市,上手野４１５−１,6700065
2140001136133,Ｂｅｌｌ株式会社,兵庫県,姫路市,本町１２７番地大手前ダイネンＢＬＤ．ＩＩ３階,6700012
2140001136158,株式会社エルザマーケティング,兵庫県,姫路市,下手野１丁目１１０番地１,6700063
2140001136364,株式会社ＧＧＲ,兵庫県,姫路市,田寺８丁目３番１６号,6700086
2140001136389,株式会社太廣,兵庫県,姫路市,田寺４丁目３番３４号,6700086
2140001136645,株式会社ＭＩＮＡ姫路,兵庫県,姫路市,西中島４３３−１７,6700805
2140001136769,中株式会社,兵庫県,姫路市,東延末１丁目８４番地姫路マンション５０３号,6700965
2140001136975,株式会社高原設計,兵庫県,姫路市,夢前町古知之庄６５７番地２０,6712113
2140001137032,シリュウフーズ株式会社,兵庫県,姫路市,西今宿３丁目１６番８号,6700061
2140001137049,福永産業株式会社,兵庫県,姫路市,四郷町本郷３１６番地１,6710243
2140001137305,ＨＥＷＳ株式会社,兵庫県,姫路市,網干区浜田１６３２番地１,6711242
2140001137412,株式会社楓葉,兵庫県,姫路市,魚町１２０番地ＢＯＯＲＩＮＢＬＤ４Ｆ,6700905
2140001137437,Ｍｉｉｎａ　Ｖｏｒｓｃｈｌａｇ株式会社,兵庫県,姫路市,相野１番地１,6712232
2140001137494,株式会社イルミエ,兵庫県,姫路市,香寺町中寺２５９番地４６,6792164
2140001137511,株式会社ＳＴＭ,兵庫県,姫路市,香寺町田野１０４２番地３２,6792153
2140001137800,株式会社知多,兵庫県,姫路市,的形町的形１７５８番地１,6710111
2140001137882,株式会社東政,兵庫県,姫路市,大津区勘兵衛町２丁目５７番地の３,6711132
2140001137908,株式会社電建,兵庫県,姫路市,大津区天神町２丁目４５−２,6711131
2140001138352,株式会社ビオラス,兵庫県,姫路市,飾東町佐良和１９２番地３,6710217
2140001138360,株式会社ＡＬＬ‐ｍａｉｎ,兵庫県,姫路市,呉服町２２番地,6700923
2140001138435,株式会社ＯＬＩＪＯＮ,兵庫県,姫路市,亀井町３８番地,6700925
2140001138468,株式会社大輝工業,兵庫県,姫路市,打越７４２番地,6712246
2140001138682,株式会社沙也板金,兵庫県,姫路市,豊富町甲丘３丁目１６９３番地１６アーバンコンフォート１４１１,6792124
2140001138930,株式会社ＮＩＮＥ,兵庫県,姫路市,八代宮前町１５番７号,6700885
2140001139029,株式会社たち花,兵庫県,姫路市,飾磨区阿成植木８５５番地３アナセテラスＴ,6728030
2140001139053,株式会社藤原左官工芸,兵庫県,姫路市,兼田８１３番地７１,6728001
2140001139210,株式会社杉本建築板金,兵庫県,姫路市,大津区平松６７番地１,6711145
2140001139326,株式会社アターブル,兵庫県,姫路市,飾磨区清水２丁目１１３番地,6728051
2140001139441,株式会社ＭＫＲ,兵庫県,姫路市,飾磨区野田町１２７番地高田姫路南ビル５階,6728040
2140001139458,株式会社ＮＥＸＴＥＩＧＨＴ,兵庫県,姫路市,安富町字末広４８６−２,6700000
2140001139516,株式会社Ｒ＆Ｃｏ．,兵庫県,姫路市,西中島２８０番地５光晴ビル３階,6700805
2140001139565,Ｌ．ＴＲＵＳＴ　ＨＯＬＤＩＮＧＳ株式会社,兵庫県,姫路市,朝日町５４番地,6700934
2140001139730,株式会社兵庫ミライト,兵庫県,姫路市,打越５０番地１,6712246
2140001139879,株式会社ミンテック,兵庫県,姫路市,余部区下余部３０８番地７,6711261
2140001139945,株式会社ＨＡＲＥＬ,兵庫県,姫路市,町坪６１１番地４,6700984
2140001140267,株式会社松助,兵庫県,姫路市,古二階町７番地２０１,6700936
2140001140275,株式会社ウエスト姫路,兵庫県,姫路市,三左衛門堀西の町３９番地１,6700940
2140001140630,株式会社Ｎ警備保障,兵庫県,姫路市,白浜町甲２１０番地３,6728023
2140001140754,ＴＡＬＩＮＫ株式会社,兵庫県,姫路市,広畑区蒲田１丁目１６番,6711102
2140001140928,池上不動産株式会社,兵庫県,姫路市,別所町別所４８５番地３,6710221
2140001140960,株式会社夢竜,兵庫県,姫路市,花田町小川７３４番地１,6710255
2140001141067,株式会社ＫＡＴＯホールディングス,兵庫県,姫路市,大津区新町２丁目５８番地,6711135
2140001141249,株式会社Ｔａｘｉｓ,兵庫県,姫路市,栗山町１１８番地ＴＨＥＭＵＳＥＫＵＲＩＹＡＭＡ２０６,6700954
2140001141397,株式会社ＤＬＨ,兵庫県,姫路市,飾磨区清水２番地１,6728051
2140001141406,株式会社参輪工業,兵庫県,姫路市,仁豊野１６５番地５,6700801
2140001141579,株式会社小野工業,兵庫県,姫路市,広畑区高浜町２丁目５０番地２アルジェント１０１,6711153
2140001141620,株式会社Ｔｒｕｆｅｒａ,兵庫県,姫路市,砥堀１１６番地４,6700802
2140001141785,株式会社ネオコン,兵庫県,姫路市,別所町北宿６４２番地１,6710223
2140001141843,株式会社ＲＡＰＰＯＲＴ,兵庫県,姫路市,安田４丁目１４４番地プレサンスロジェ姫路５０４,6700955
2140001141942,株式会社ＬＯＮ商会,兵庫県,姫路市,網干区津市場１７番地１０,6711224
2140001142024,株式会社リミヤ,兵庫県,姫路市,飾磨区英賀清水町２丁目１７番地,6728084
2140001142271,株式会社晴奨,兵庫県,姫路市,琴岡町２７４番地３琴岡ビル２Ｆ３号,6700035
2140001142379,株式会社くにみ探偵事務所,兵庫県,姫路市,市之郷１４５３番地４,6700943
2140001142395,ベーシック株式会社,兵庫県,姫路市,白浜町丙６１４番地１,6728023
2140002032331,株式会社愛晃興産,兵庫県,姫路市,北条１丁目２８３番９の１,6700947
2140002047239,株式会社赤松電機,兵庫県,姫路市,広畑区吾妻町３丁目２番地２,6711154
2140002047445,株式会社井沢ハイテック,兵庫県,姫路市,新在家本町６丁目８番９号,6700092
2140002047692,株式会社エスティー産業,兵庫県,姫路市,飾磨区中島３３６４番地,6728035
2140002047750,株式会社兵庫スズキ,兵庫県,姫路市,広畑区蒲田３４番地３,6711102
2140002047890,岡田興産株式会社,兵庫県,姫路市,岡田４７９番地,6700982
2140002049061,株式会社写真十色,兵庫県,姫路市,亀山１丁目３５番地１,6700973
2140002050275,株式会社エスジー・パッコ,兵庫県,姫路市,阿保甲４０３番地,6700944
2140002050746,株式会社イクティス姫路,兵庫県,姫路市,飾磨区恵美酒２７０番地,6728057
2140002051034,円山産業株式会社,兵庫県,姫路市,北条１０３３番地,6700947
2140002051273,株式会社クレオーラ,兵庫県,姫路市,呉服町６０番地,6700923
2140002051587,株式会社美洸,兵庫県,姫路市,五軒邸３丁目２８番地,6700854
2140002052164,浦上化成株式会社,兵庫県,姫路市,実法寺５８８番地,6712244
2140002053385,リバシィ株式会社,兵庫県,姫路市,名古山町３１９番地１,6700051
2140002054004,株式会社コーボー,兵庫県,姫路市,白浜町宇佐崎北１丁目１８２番地,6728013
2140002054425,株式会社福商,兵庫県,姫路市,夢前町菅生澗４８５番,6712134
2140003007068,株式会社谷田商店,兵庫県,姫路市,二階町１１０番地,6700922
2140003013157,姫路プラスター株式会社,兵庫県,姫路市,増位本町２丁目２番１２号,6700807
2140003019138,ＨＯＮＳＨＵ　ＥＮＴＥＲＰＲＩＳＥＳ株式会社,兵庫県,姫路市,飾磨区今在家１４０５番地１,6728079
2140003019377,株式会社リバティブ,兵庫県,姫路市,大津区天神町１丁目１１１番地３,6711131
2260001020878,株式会社中国建機,兵庫県,姫路市,岡田５７９番地３,6700982
2260001034498,株式会社はなまる空調,兵庫県,姫路市,飾東町佐良和１４４番地１０,6710217
2290001092700,株式会社江戸屋ＷＡＲＡ,兵庫県,姫路市,田寺東２丁目４５番３号,6700081
2290801012345,パークマネジメント株式会社,兵庫県,姫路市,豊富町神谷字大蔵１４３４番地,6792121
2430001055527,株式会社ＹＯＳＨＩＤＡ　ＳＶ,兵庫県,姫路市,広畑区正門通３丁目６番の２,6711116
2430001084393,株式会社ガーネットベースインターナショナルジャパン,兵庫県,姫路市,飾磨区蓼野町１２０番地,6728072
2470001017614,株式会社ＹＤＫ,兵庫県,姫路市,宮上町２丁目５２番地,6700823
2470001019593,株式会社ＦｏｏＢｅ．,兵庫県,姫路市,広畑区西蒲田２２１番地２,6711107
3010001135709,ＥＣＯアライブ株式会社,兵庫県,姫路市,南町６３番地ミツワビル２０１,6700912
3010001139899,株式会社フォーカルデザイン,兵庫県,姫路市,安富町杤原４４２,6712414
3010401073657,ＳＩＶＥＸアルファ株式会社,兵庫県,姫路市,千代田町７３１番地の１,6700993
3010501030558,株式会社Ｅｑｕｉｒｉｓｅ,兵庫県,姫路市,青山西２丁目１７番２５号,6712224
3010601032512,株式会社エヌケイサーベイング,兵庫県,姫路市,車崎１丁目２番３−２０５号Ａ,6700058
3040001129336,株式会社山屋,兵庫県,姫路市,綱干区浜田１１８−１,6700000
3120001117588,株式会社光,兵庫県,姫路市,夢前町寺１７０４番地２−１Ｆ,6712116
3120001143510,株式会社アースウィンド・アドバイザーズ,兵庫県,姫路市,南町６３番地ミツワビル,6700912
3120001173326,株式会社あい・くりっく,兵庫県,姫路市,飾磨区清水１４６番地２０１,6728051
3120001180784,株式会社ＣＡＬＭＯ,兵庫県,姫路市,下手野２丁目１４番１７号,6700063
3120001262764,Ｋ’ｓランディングインターナショナル株式会社,兵庫県,姫路市,飾磨区中島１丁目４３９ファミールメゾン１０２,6728035
3120101051811,株式会社ｐｉｏｎｅｅｒ,兵庫県,姫路市,中地２６９番地１ハイツ中屋敷３０１,6700976
3120101057692,津和商事株式会社,兵庫県,姫路市,保城６２０−１−１棟１３０４,6700804
3120901014182,リンザイ株式会社,兵庫県,姫路市,広畑区末広町３丁目１５３１番地４,6711115
3140001026300,株式会社全国医療関連技能審査機構,兵庫県,姫路市,豊沢町６８番地,6700964
3140001037660,株式会社チェリー,兵庫県,姫路市,五軒邸４丁目８４,6700854
3140001038576,栄藤電気株式会社,兵庫県,姫路市,花影町３丁目１番地５,6700047
3140001038601,揖保川共栄株式会社,兵庫県,姫路市,船橋町４丁目１番地,6700048
3140001038923,株式会社青柳家具店,兵庫県,姫路市,町坪１７６番地１ホーユウパレス姫路２０７号,6700984
3140001040458,播磨空調株式会社,兵庫県,姫路市,飾磨区城南町２丁目１１番地ネオハイツ姫路城南町１０１,6728083
3140001040788,株式会社ジョイサービス,兵庫県,姫路市,安富町安志６００番地６０,6712401
3140001043816,株式会社昭商事,兵庫県,姫路市,広畑区才２０９番地２,6711104
3140001045787,テック・グループ株式会社,兵庫県,姫路市,広畑区早瀬町１丁目３８−１,6711151
3140001054466,株式会社Ｂ．Ｔ．Ｐ,兵庫県,姫路市,土山５丁目６番４０号,6700996
3140001057428,葵交通株式会社,兵庫県,姫路市,西庄字八町甲１０２番地,6700981
3140001057444,アイ建築工房株式会社,兵庫県,姫路市,夢前町菅生澗９３１番地５,6712134
3140001057452,ソフラ株式会社,兵庫県,姫路市,飾磨区三宅２丁目１１番地,6728048
3140001057460,株式会社アイソッキ,兵庫県,姫路市,北平野３丁目４番２６号,6700893
3140001057469,株式会社ＬＬＳ,兵庫県,姫路市,飾磨区上野田２丁目２９番地,6728043
3140001057477,株式会社和泉屋,兵庫県,姫路市,増位本町１丁目３番２０号,6700807
3140001057485,アイベステクノ株式会社,兵庫県,姫路市,北原１１３３番地の１,6728002
3140001057510,アゲイン株式会社,兵庫県,姫路市,飾磨区今在家７丁目９９番地,6728079
3140001057519,株式会社アクエレナ,兵庫県,姫路市,北今宿２丁目２１２番地の３,6700057
3140001057535,株式会社エコフロンティア,兵庫県,姫路市,網干区新在家１３６７番地グランシャトウ新在家３Ｆ,6711234
3140001057568,株式会社アサダテック,兵庫県,姫路市,飾東町庄１１８番地,6710218
3140001057576,株式会社アシベ,兵庫県,姫路市,北条口３丁目３７番地,6700935
3140001057584,株式会社アサヒ製作所,兵庫県,姫路市,飾東町八重畑字無所ノ下５９６番地の２,6710208
3140001057592,株式会社アサヒ商事,兵庫県,姫路市,南条３丁目１１８番地の６,6700952
3140001057618,株式会社アド広研,兵庫県,姫路市,中地３６３番地の１,6700976
3140001057634,株式会社網干造船所,兵庫県,姫路市,網干区大江島８０５番地,6711231
3140001057642,阿部電機株式会社,兵庫県,姫路市,市之郷町１丁目１１番地,6700943
3140001057659,株式会社あゆむ建設,兵庫県,姫路市,保城１３番地１,6700804
3140001057675,株式会社アルデバラン,兵庫県,姫路市,安田３丁目１０３番地の２,6700955
3140001057683,荒彦運輸株式会社,兵庫県,姫路市,大津区天神町２丁目８１番地の２,6711131
3140001057691,株式会社イオク,兵庫県,姫路市,市川橋通２丁目８番地,6700825
3140001057700,イーヅカ株式会社,兵庫県,姫路市,丸尾町３番地の２,6700827
3140001057709,株式会社１１７,兵庫県,姫路市,古二階町６３番地,6700936
3140001057717,伊賀産業株式会社,兵庫県,姫路市,下手野１丁目８番１０号,6700063
3140001057725,株式会社池田屋,兵庫県,姫路市,西駅前町４３番地,6700913
3140001057733,イシイ産業株式会社,兵庫県,姫路市,夢前町宮置５４３番地３,6712121
3140001057741,いせ商事株式会社,兵庫県,姫路市,東今宿３丁目８番８号,6700056
3140001057758,井澤電工株式会社,兵庫県,姫路市,西庄甲２４９番地の１,6700981
3140001057766,株式会社イトウキカイ,兵庫県,姫路市,田寺東４丁目１８番８号,6700081
3140001057774,株式会社一高,兵庫県,姫路市,青山西２丁目２０番１−１０５号,6712224
3140001057790,株式会社板文友の会,兵庫県,姫路市,綿町６７番地,6700921
3140001057808,井上印刷株式会社,兵庫県,姫路市,坂元町１２７番地,6700016
3140001057816,井上醤油株式会社,兵庫県,姫路市,飾西４４４番地の１,6712216
3140001057824,株式会社イノウエプラスチック,兵庫県,姫路市,別所町家具町１２６番地の１０,6710225
3140001057840,株式会社いぶき建材,兵庫県,姫路市,余部区上余部３８５番地の１,6711262
3140001057849,株式会社今津一勝堂,兵庫県,姫路市,飯田３丁目１０４番地６,6700974
3140001057857,岩井屋株式会社,兵庫県,姫路市,二階町４４番地,6700922
3140001057865,株式会社イワミ石材興業,兵庫県,姫路市,手柄１丁目４８番地,6700972
3140001057873,ヴイ・エール建設株式会社,兵庫県,姫路市,林田町六九谷１７０番地の３,6794211
3140001057898,上野木材工業株式会社,兵庫県,姫路市,網干区浜田１５９４番地１,6711242
3140001057915,内海板金工業株式会社,兵庫県,姫路市,広畑区大町１丁目１５番地,6711155
3140001057931,梅田電機株式会社,兵庫県,姫路市,青山１丁目３８番７号,6712222
3140001057948,エイコー工業株式会社,兵庫県,姫路市,飾磨区須加２９４番地姫路ポートセンタービル４０３号,6728063
3140001057956,株式会社エイシン,兵庫県,姫路市,大野町２７番地,6700868
3140001057972,エィビーシー植樹園株式会社,兵庫県,姫路市,飾磨区妻鹿１６５番地,6728031
3140001057980,栄友産業株式会社,兵庫県,姫路市,別所町佐土１丁目８番,6710224
3140001057997,株式会社Ａ・Ｃ・Ｍ,兵庫県,姫路市,大塩町２８６番地の１,6710101
3140001058005,株式会社エス・プランニング,兵庫県,姫路市,塩町１９３番地,6700904
3140001058013,株式会社エッチ・エイ・シ都市建築事務所,兵庫県,姫路市,東雲町５丁目４番地,6700046
3140001058021,株式会社エンバイシス,兵庫県,姫路市,手柄２丁目１２１番地,6700972
3140001058038,株式会社エムアンドエム,兵庫県,姫路市,広畑区蒲田３４番地の３,6711102
3140001058046,株式会社Ｍａｓｕｄａビジネスコンサルタンツ,兵庫県,姫路市,北条宮の町４１１番地,6700948
3140001058054,株式会社エルデベルグ平井,兵庫県,姫路市,土山東の町１３番１１号,6700995
3140001058087,株式会社大川石材,兵庫県,姫路市,四郷町山脇８３番地,6710248
3140001058095,株式会社大砂工務店,兵庫県,姫路市,紺屋町１０番地,6700924
3140001058104,株式会社大塚貿易,兵庫県,姫路市,花田町高木１９４番地の４,6710256
3140001058112,大谷倉庫株式会社,兵庫県,姫路市,紺屋町１０番地,6700924
3140001058120,株式会社大野製材所,兵庫県,姫路市,龍野町２丁目５番地１,6700032
3140001058129,大政木材株式会社,兵庫県,姫路市,網干区浜田１５８６番地,6711242
3140001058137,株式会社大村製材所,兵庫県,姫路市,網干区新在家５９８番地,6711234
3140001058145,岡崎産業株式会社,兵庫県,姫路市,白浜町甲７８１番地の１,6728023
3140001058186,株式会社小田仏壇店,兵庫県,姫路市,網干区興浜１３６６番地の３,6711241
3140001058194,小野建工株式会社,兵庫県,姫路市,石倉８０４番地,6712231
3140001058203,株式会社オフ開発,兵庫県,姫路市,安田１丁目９番地,6700955
3140001058211,株式会社織田正商店,兵庫県,姫路市,白浜町甲１９２０番地５４,6728023
3140001058228,株式会社掛谷商店,兵庫県,姫路市,東延末１丁目９１番地,6700965
3140001058236,関西エステート株式会社,兵庫県,姫路市,東辻井１丁目１１番１８号,6700084
3140001058269,霞末＿工株式会社,兵庫県,姫路市,御国野町御着３７１番地の５,6710232
3140001058285,春日商亊株式会社,兵庫県,姫路市,古二階町４１番地,6700936
3140001058302,株式会社加集工務店,兵庫県,姫路市,日出町２丁目９番地,6700942
3140001058310,株式会社かんとう,兵庫県,姫路市,土山６丁目６番３−１号,6700996
3140001058319,株式会社カタイテック,兵庫県,姫路市,網干区垣内南町１４４１番地の１,6711255
3140001058327,株式会社勝原薬局,兵庫県,姫路市,神屋町６丁目８２番地２,6700836
3140001058335,株式会社カナイ,兵庫県,姫路市,網干区新在家６４５番地,6711234
3140001058343,株式会社金川自動車,兵庫県,姫路市,白国１丁目６番１２号,6700808
3140001058351,カネダ工業株式会社,兵庫県,姫路市,広畑区本町２丁目６２番地の１,6711114
3140001058376,株式会社かめや,兵庫県,姫路市,市川橋通２丁目３２番地,6700825
3140001058384,株式会社河内鉄工所,兵庫県,姫路市,飾磨区阿成渡場９３２番地の２,6728039
3140001058392,川崎乾物株式会社,兵庫県,姫路市,野里７６番地２,6700811
3140001058401,株式会社カルテック,兵庫県,姫路市,広畑区西蒲田８４１番地,6711107
3140001058434,キンキスチール株式会社,兵庫県,姫路市,広畑区西蒲田１６６１番地,6711107
3140001058442,株式会社近畿電話サービス,兵庫県,姫路市,飾西１０８番地の２６,6712216
3140001058450,株式会社喜久和住建,兵庫県,姫路市,飾磨区野田町１５７番２,6728040
3140001058475,北野建設株式会社,兵庫県,姫路市,広畑区北野町２丁目３４番地,6711112
3140001058483,株式会社キタハラ,兵庫県,姫路市,広畑区西夢前台５丁目１７５番地,6711103
3140001058500,木下興産株式会社,兵庫県,姫路市,小姓町３５番地の１,6700043
3140001058509,株式会社木村組,兵庫県,姫路市,砥堀１０６３番地の１０,6700802
3140001058517,共営食品株式会社,兵庫県,姫路市,網干区大江島４１番地,6711231
3140001058525,共栄電設株式会社,兵庫県,姫路市,奥山３４１番地の１,6728003
3140001058541,株式会社協同テクノス,兵庫県,姫路市,飾磨区中島２０７１番地,6728035
3140001058558,株式会社極東,兵庫県,姫路市,白浜町甲７７６番地,6728023
3140001058574,株式会社きよみ美容院,兵庫県,姫路市,東駅前町４１番地,6700926
3140001058608,株式会社グリーンハウス,兵庫県,姫路市,青山北３丁目１７番１号,6712221
3140001058616,グローリーフレンドリー株式会社,兵庫県,姫路市,下手野１丁目３番１号,6700063
3140001058624,呉島建設株式会社,兵庫県,姫路市,広畑区鶴町２丁目１９番地の１,6711124
3140001058640,株式会社クロダ銀泉堂,兵庫県,姫路市,砥堀６３９番地１,6700802
3140001058681,株式会社オーエムジャパン,兵庫県,姫路市,北条４３２番地の２,6700947
3140001058707,株式会社広建,兵庫県,姫路市,大黒壱丁町３６番地,6700853
3140001058715,株式会社鋼建塗工,兵庫県,姫路市,玉手４丁目１２２番地,6700985
3140001058723,株式会社光晴重機,兵庫県,姫路市,飾磨区細江１３１１番地,6728064
3140001058731,株式会社幸嶋興業,兵庫県,姫路市,大津区真砂町３８番地の１９,6711134
3140001058756,Ｋクリーン株式会社,兵庫県,姫路市,花田町高木７０番地７,6710256
3140001058764,甲明産業株式会社,兵庫県,姫路市,継２０２番地の４,6728004
3140001058772,鋼盛株式会社,兵庫県,姫路市,網干区興浜１３３０番地の４,6711241
3140001058789,株式会社光輪,兵庫県,姫路市,飾磨区都倉３丁目２８番地,6728046
3140001058797,株式会社ゴールドバツグ,兵庫県,姫路市,辻井６丁目１０番５号,6700083
3140001058806,株式会社ＲＡＹ,兵庫県,姫路市,網干区新在家１３８５番地１１,6711234
3140001058814,株式会社五行冷熱興産,兵庫県,姫路市,中地字中地後４９２番地５,6700976
3140001058822,ダイナックス工業株式会社,兵庫県,姫路市,白浜町宇佐崎南１丁目６１の３,6728022
3140001058830,琴丘産業株式会社,兵庫県,姫路市,実法寺５８２番地,6712244
3140001058839,小谷運送株式会社,兵庫県,姫路市,山田町南山田５０３番地の１,6792113
3140001058847,株式会社寿自動車整備,兵庫県,姫路市,西今宿３丁目８番１１号,6700061
3140001058855,株式会社小西工務店,兵庫県,姫路市,北八代１丁目１２番１５号,6700877
3140001058863,株式会社コンパックス,兵庫県,姫路市,辻井８丁目８番３９号,6700083
3140001058871,小林電工株式会社,兵庫県,姫路市,東今宿３丁目１０番１７号,6700056
3140001058888,株式会社山陽,兵庫県,姫路市,亀山２３１番地２,6700973
3140001058896,山陽運輸株式会社,兵庫県,姫路市,北条口２丁目１８番地,6700935
3140001058905,山陽企業株式会社,兵庫県,姫路市,京口町３２番地小野ビル２階,6700851
3140001058913,三洋建設工業株式会社,兵庫県,姫路市,大津区勘兵衛町３丁目１番地の１,6711132
3140001058938,株式会社山陽友の会,兵庫県,姫路市,南町１番地株式会社山陽百貨店内,6700912
3140001058946,山陽ビジネスプロモート株式会社,兵庫県,姫路市,西中島４２６番地の３ハイネスＳＢ１０１号室,6700805
3140001058954,サンヨーマックス株式会社,兵庫県,姫路市,飾磨区英賀甲１９４５番地の１,6728078
3140001058962,ニッシンセントラル株式会社,兵庫県,姫路市,網干区興浜２１１３番地の６,6711241
3140001058970,株式会社サイエンス,兵庫県,姫路市,御国野町御着３８５番地の４,6710232
3140001058979,株式会社ＳＦＳ,兵庫県,姫路市,広畑区正門通３丁目９番地の８,6711116
3140001059003,株式会社サンコー,兵庫県,姫路市,増位新町２丁目１９番地,6700806
3140001059011,三光石油株式会社,兵庫県,姫路市,飾磨区鎌倉町５５番地,6728094
3140001059028,サンケーフーズ株式会社,兵庫県,姫路市,北条宮の町２３３番地,6700948
3140001059036,株式会社三機サービス,兵庫県,姫路市,阿保甲５７６番地１,6700944
3140001059044,株式会社サカノ,兵庫県,姫路市,書写２５６７番地の１,6712201
3140001059052,坂元電気株式会社,兵庫県,姫路市,飾磨区構１丁目１９３番地,6728071
3140001059060,三協商事株式会社,兵庫県,姫路市,木場１１７０番地,6728016
3140001059069,株式会社佐倉,兵庫県,姫路市,山吹２丁目１２−１２,6700085
3140001059077,桜貿易株式会社,兵庫県,姫路市,東延末１丁目４番地,6700965
3140001059085,株式会社サン総業,兵庫県,姫路市,辻井２丁目４番３０号,6700083
3140001059093,サンシン工業株式会社,兵庫県,姫路市,土山２丁目１３番１号,6700996
3140001059102,株式会社三商,兵庫県,姫路市,呉服町１５番地,6700923
3140001059127,株式会社サニーテック,兵庫県,姫路市,三左衛門堀西の町１３５番地,6700940
3140001059135,株式会社サンフーズ,兵庫県,姫路市,阿保甲６１１番地の１,6700944
3140001059151,株式会社サンマリノナカジマ,兵庫県,姫路市,二階町３５番地,6700922
3140001059168,三和機工株式会社,兵庫県,姫路市,御国野町深志野３１番地,6710231
3140001059192,株式会社澤田棉行,兵庫県,姫路市,西今宿３丁目９番１０号,6700061
3140001059201,株式会社ジェイエイチエル,兵庫県,姫路市,魚町７６番地５０２,6700905
3140001059226,シェール計測株式会社,兵庫県,姫路市,白浜町甲３９０番地の１,6728023
3140001059234,塩谷工業株式会社,兵庫県,姫路市,飾磨区恵美酒２５０番地の５,6728057
3140001059242,株式会社ジオマップ,兵庫県,姫路市,北条梅原町５０番地,6700945
3140001059250,株式会社新高工業,兵庫県,姫路市,広畑区才７６０番地の３,6711104
3140001059259,株式会社進行堂,兵庫県,姫路市,西夢前台１丁目７８番地の３,6712214
3140001059283,株式会社重光,兵庫県,姫路市,保城字河原１１５１番地,6700804
3140001059291,新姫不動産株式会社,兵庫県,姫路市,林田町下伊勢１２６番地,6794233
3140001059300,株式会社飾磨タイヤー工業所,兵庫県,姫路市,飾磨区細江２５２６番地,6728064
3140001059309,株式会社新生興業,兵庫県,姫路市,飾磨区構１１１１番地,6728071
3140001059317,株式会社シスコム,兵庫県,姫路市,神屋町４丁目９５番地,6700836
3140001059325,株式会社システムフォーリネン,兵庫県,姫路市,井ノ口１５８番地の１,6700983
3140001059333,株式会社シテイライフ,兵庫県,姫路市,南今宿１番３号プラザハイツ２０３号,6700054
3140001059341,新日本設計株式会社,兵庫県,姫路市,神屋町４丁目２２番地,6700836
3140001059358,株式会社新張木材工業所,兵庫県,姫路市,竹田町９番地,6700013
3140001059366,清水産業株式会社,兵庫県,姫路市,延末２９５番地,6700966
3140001059382,株式会社島中組,兵庫県,姫路市,網干区新在家９３１番地の４,6711234
3140001059390,正栄興産株式会社,兵庫県,姫路市,白浜町甲４００番地,6728023
3140001059399,ショーエイリース株式会社,兵庫県,姫路市,広畑区蒲田５丁目９７番地,6711102
3140001059408,伸陽造園石材株式会社,兵庫県,姫路市,飾磨区今在家１０６６番地の１０,6728079
3140001059424,照来塗料株式会社,兵庫県,姫路市,飾磨区今在家１４４０番地の１０,6728079
3140001059440,株式会社昭和設備,兵庫県,姫路市,東夢前台２丁目２６番地,6700064
3140001059457,昭和瀝青工業株式会社,兵庫県,姫路市,北条口４丁目２６番地,6700935
3140001059473,ジャパンメンブレンテクノロジー株式会社,兵庫県,姫路市,下手野３丁目５番６号,6700063
3140001059481,株式会社白井ビル,兵庫県,姫路市,東雲町２丁目２番地６,6700046
3140001059498,親和自動車株式会社,兵庫県,姫路市,花田町加納原田７２０番地の３,6710252
3140001059507,白浜住宅株式会社,兵庫県,姫路市,白浜町乙８７１番地の２,6728023
3140001059515,株式会社城山ホールディングス,兵庫県,姫路市,飾東町豊国２８９番地の１,6710219
3140001059523,株式会社スコア,兵庫県,姫路市,西延末８６番地の１,6700971
3140001059556,セイエイ運輸株式会社,兵庫県,姫路市,広畑区富士町１番地３７,6711123
3140001059572,正幸堂印刷株式会社,兵庫県,姫路市,飾磨区中島１３１３番地の１,6728035
3140001059580,正昇建設工業株式会社,兵庫県,姫路市,西今宿６丁目９番６号,6700061
3140001059589,西播科学株式会社,兵庫県,姫路市,広畑区大町３丁目６１番地,6711155
3140001059597,西播電機株式会社,兵庫県,姫路市,岡田４９９番地の８,6700982
3140001059606,株式会社セイワ,兵庫県,姫路市,別所町佐土１２９１番地,6710224
3140001059614,清和産業株式会社,兵庫県,姫路市,八代宮前町１２番７号,6700885
3140001059630,株式会社セカンドハウス,兵庫県,姫路市,大塩町３９５番地の１,6710101
3140001059639,株式会社せんたく工房,兵庫県,姫路市,東今宿１丁目５番１４号,6700056
3140001059647,株式会社セブン,兵庫県,姫路市,本町２１４番地,6700012
3140001059663,株式会社セルビハウジング,兵庫県,姫路市,青山３丁目２５番１７号,6712222
3140001059671,総合自動車株式会社,兵庫県,姫路市,岡田４８４番地,6700982
3140001059688,ソーラーハウス株式会社,兵庫県,姫路市,東辻井２丁目９番１５号,6700084
3140001059705,大栄塗装工業株式会社,兵庫県,姫路市,福沢町４１番地,6700992
3140001059713,第一キャピタル株式会社,兵庫県,姫路市,南畝町２丁目３１番地,6700961
3140001059721,第一商事株式会社,兵庫県,姫路市,市川橋通１丁目１３番地,6700825
3140001059738,太広産業株式会社,兵庫県,姫路市,広畑区鶴町２丁目１番地,6711124
3140001059754,大協株式会社,兵庫県,姫路市,佃町２６番地１城陽ビル,6728049
3140001059770,株式会社大成化研,兵庫県,姫路市,土山東の町１番２号,6700995
3140001059779,大成鉄工株式会社,兵庫県,姫路市,別所町佐土１００５番地の２５,6710224
3140001059787,株式会社大樹,兵庫県,姫路市,阿保甲７４番地,6700944
3140001059795,対城産業株式会社,兵庫県,姫路市,平野町４１番地,6700933
3140001059820,大拓電気株式会社,兵庫県,姫路市,青山北３丁目２５０番地の１,6712221
3140001059829,株式会社ダイバン,兵庫県,姫路市,広畑区正門通４丁目３番地６,6711116
3140001059845,株式会社タイヨウ,兵庫県,姫路市,花田町一本松４３９番地,6710253
3140001059853,株式会社大佑殖産,兵庫県,姫路市,古二階町１０３番地,6700936
3140001059861,株式会社ダイワ,兵庫県,姫路市,大津区平松２２３番地,6711145
3140001059894,株式会社タケウチ,兵庫県,姫路市,飾磨区城南町１丁目６５番地,6728083
3140001059928,タカタニ株式会社,兵庫県,姫路市,北条口５丁目４５番地,6700935
3140001059936,株式会社高富興産,兵庫県,姫路市,広畑区吾妻町３丁目１３番地,6711154
3140001059944,高畠金属工業株式会社,兵庫県,姫路市,岡田字辷石２２番地の２,6700982
3140001059960,高見土木建築株式会社,兵庫県,姫路市,幸町７２番地,6700835
3140001059969,株式会社タカラヤ,兵庫県,姫路市,南駅前町８７番地,6700962
3140001059977,株式会社田島屋,兵庫県,姫路市,西庄甲９６番地５,6700981
3140001059985,龍田紡績株式会社,兵庫県,姫路市,東延末２６４番地,6700965
3140001060002,株式会社田寺造林組合,兵庫県,姫路市,田寺７丁目２番３１号,6700086
3140001060010,株式会社タニグチ機工,兵庫県,姫路市,広畑区大町１丁目５９番地,6711155
3140001060027,雅ロジスティクス株式会社,兵庫県,姫路市,船津町３６９３番地,6792101
3140001060035,株式会社田村木材,兵庫県,姫路市,花田町小川９８５番地の６,6710255
3140001060043,株式会社ちぐさや,兵庫県,姫路市,駅前町３３７番地,6700927
3140001060051,中央商事株式会社,兵庫県,姫路市,飾磨区細江１１２番地,6728064
3140001060068,千代田商事株式会社,兵庫県,姫路市,中地字杉田４２１番地の１,6700976
3140001060076,司建機産業株式会社,兵庫県,姫路市,広畑区長町１丁目２２番地,6711125
3140001060084,株式会社辻川鉄工所,兵庫県,姫路市,飾磨区構１０７６番地の３,6728071
3140001060101,椿野化工株式会社,兵庫県,姫路市,広畑区吾妻町１丁目４７番地２,6711154
3140001060126,ティケィシィ株式会社,兵庫県,姫路市,八代緑ケ丘町９７１番９１の２,6700886
3140001060134,株式会社電交社,兵庫県,姫路市,東雲町５丁目６番地の２,6700046
3140001060142,株式会社テクノファーム,兵庫県,姫路市,書写１３５３番地,6712201
3140001060150,手柄包装株式会社,兵庫県,姫路市,東延末２丁目８８番地,6700965
3140001060167,アールシー食品株式会社,兵庫県,姫路市,青山北２丁目１４−２２,6712221
3140001060183,株式会社東海,兵庫県,姫路市,中地３９８番地３,6700976
3140001060191,東京改装工事株式会社,兵庫県,姫路市,西今宿８丁目１１番５号,6700061
3140001060209,東風商事株式会社,兵庫県,姫路市,書写３２４番地,6712201
3140001060217,株式会社稲友,兵庫県,姫路市,本町６８番地,6700012
3140001060225,株式会社東洋建設工業,兵庫県,姫路市,広畑区吾妻町３丁目２３番地,6711154
3140001060258,常盤電機株式会社,兵庫県,姫路市,北今宿２丁目４番１号,6700057
3140001060274,株式会社トモエ電気工業所,兵庫県,姫路市,広畑区才１０３０番地の１,6711104
3140001060290,ドリーム開発株式会社,兵庫県,姫路市,龍野町５丁目１４,6700032
3140001060299,トラミッドハウジング株式会社,兵庫県,姫路市,東延末３丁目３７番地中川ビル２０１号,6700965
3140001060308,株式会社尚山建機リース,兵庫県,姫路市,家島町真浦２１３９番地１,6720101
3140001060316,株式会社永井組,兵庫県,姫路市,南畝町１丁目６１番地,6700961
3140001060324,株式会社永尾不動産,兵庫県,姫路市,本町６８番地,6700012
3140001060332,中川工業株式会社,兵庫県,姫路市,花田町勅旨２４５番地の２,6710254
3140001060340,株式会社中筋鉄建,兵庫県,姫路市,青山北２丁目３３番１２号,6712221
3140001060349,株式会社那木商会,兵庫県,姫路市,西中島４３３番地の１１,6700805
3140001060357,株式会社中塚木材商店,兵庫県,姫路市,飾磨区恵美酒２６０番地,6728057
3140001060365,中谷自動車株式会社,兵庫県,姫路市,花田町加納原田１０８番地４,6710252
3140001060373,株式会社中野工務店,兵庫県,姫路市,仁豊野１６９番地１,6700801
3140001060381,長久株式会社,兵庫県,姫路市,南新在家１９番２２号,6700093
3140001060398,株式会社中山金属興業,兵庫県,姫路市,広畑区西蒲田１５５５番地,6711107
3140001060407,姫路灘菊酒造株式会社,兵庫県,姫路市,手柄１丁目１２１番地,6700972
3140001060431,二幸堂株式会社,兵庫県,姫路市,二階町２３番地,6700922
3140001060456,西川メディカルサプライ株式会社,兵庫県,姫路市,花田町一本松１６５番地の１,6710253
3140001060464,西田建設株式会社,兵庫県,姫路市,豊富町豊富３４０３番地３,6792123
3140001060472,西日本建材工業株式会社,兵庫県,姫路市,岡田２４９番地,6700982
3140001060480,株式会社西播磨,兵庫県,姫路市,飾磨区妻鹿１６０２番地の４,6728031
3140001060489,西山工機株式会社,兵庫県,姫路市,大津区天神町１丁目７７番地,6711131
3140001060497,株式会社ニツク,兵庫県,姫路市,亀井町７９番地,6700925
3140001060514,株式会社ニツサン,兵庫県,姫路市,立町１９番地,6700903
3140001060522,株式会社ニッセイテクノス,兵庫県,姫路市,別所町佐土６２１番地,6710224
3140001060539,株式会社日昇建設,兵庫県,姫路市,京口町４８番地,6700851
3140001060547,株式会社日東社,兵庫県,姫路市,東山５２４番地,6728014
3140001060563,日本高速印刷株式会社,兵庫県,姫路市,岡田４７９番地,6700982
3140001060571,日本製鎖株式会社,兵庫県,姫路市,白浜町乙８３９番地,6728023
3140001060596,日本機動建設株式会社,兵庫県,姫路市,広畑区蒲田３丁目１６０番地,6711102
3140001060613,ノアインドアステージ株式会社,兵庫県,姫路市,東山５２４番地,6728014
3140001060621,野田観光株式会社,兵庫県,姫路市,亀井町２５番地,6700925
3140001060638,神姫バス不動産株式会社,兵庫県,姫路市,土山１丁目３番８号,6700996
3140001060654,播姫工業株式会社,兵庫県,姫路市,広畑区才８５２番地の２,6711104
3140001060662,株式会社博洋,兵庫県,姫路市,飾磨区清水３丁目８５番地,6728051
3140001060679,株式会社ハクロ書房,兵庫県,姫路市,亀山２６８番地,6700973
3140001060687,株式会社萩原重機,兵庫県,姫路市,飾磨区英賀清水町２丁目９−１,6728084
3140001060695,長谷川工業株式会社,兵庫県,姫路市,延末３７８番地の１,6700966
3140001060704,株式会社パシフイックイーグル・ジャパン,兵庫県,姫路市,新在家本町６丁目５番７号,6700092
3140001060712,橋本造園土木株式会社,兵庫県,姫路市,手柄１４２番地の３,6700972
3140001060720,播州建材株式会社,兵庫県,姫路市,南畝町２丁目５３番地,6700961
3140001060737,株式会社初井,兵庫県,姫路市,二階町３４番地,6700922
3140001060745,株式会社畑地清掃,兵庫県,姫路市,延末１丁目６番地,6700966
3140001060753,株式会社花井近畿工業,兵庫県,姫路市,花田町一本松２４１番地の１,6710253
3140001060778,株式会社濱中技建,兵庫県,姫路市,花田町加納原田７１９番地の３,6710252
3140001060786,株式会社浜野中水産,兵庫県,姫路市,飾磨区阿成鹿古１６０番地,6728038
3140001060794,株式会社ハヤシ,兵庫県,姫路市,二階町３７番地,6700922
3140001060803,株式会社はやのや,兵庫県,姫路市,神和町２２,6700834
3140001060811,ハラダエンジニアリング株式会社,兵庫県,姫路市,中地５８番地５,6700976
3140001060836,はりま興業株式会社,兵庫県,姫路市,別所町佐土２丁目６０番地３,6710224
3140001060844,播磨高周波工業株式会社,兵庫県,姫路市,広畑区吾妻町１丁目８２番地,6711154
3140001060852,株式会社播磨紙粧,兵庫県,姫路市,八家１２９０番地,6728015
3140001060860,株式会社はりまテント製作所,兵庫県,姫路市,東夢前台３丁目１１４番地,6700064
3140001060869,株式会社播磨屋茶舗,兵庫県,姫路市,西今宿１丁目１２番７号,6700061
3140001060877,株式会社姫路エービーシー商会,兵庫県,姫路市,城北新町１丁目８番２２号,6700883
3140001060885,姫路印刷株式会社,兵庫県,姫路市,野里東町５番７号,6700861
3140001060893,姫路港運株式会社,兵庫県,姫路市,飾磨区中島３３９８番地３,6728035
3140001060902,姫路開発興業株式会社,兵庫県,姫路市,広畑区大町１丁目５８番地,6711155
3140001060910,姫路科学株式会社,兵庫県,姫路市,手柄２丁目１２１番地,6700972
3140001060927,姫路グリーンクラブ株式会社,兵庫県,姫路市,北条１丁目７８番地,6700947
3140001060943,姫路振興株式会社,兵庫県,姫路市,元塩町８９番地,6700937
3140001060951,みきや乳業株式会社,兵庫県,姫路市,白浜町甲２２１８番地,6728023
3140001060968,姫路東芝電子部品株式会社,兵庫県,姫路市,網干区浜田１０００番地,6711242
3140001060976,姫路畜産荷受株式会社,兵庫県,姫路市,東郷町大縄場１４５１番地の５,6700821
3140001060984,株式会社姫路電装,兵庫県,姫路市,西今宿３丁目５番１１号,6700061
3140001060992,株式会社姫路中央市場,兵庫県,姫路市,久保町８３番地,6700916
3140001061000,姫路苗枠製造株式会社,兵庫県,姫路市,白浜町丙４６６番地の２１,6728023
3140001061009,株式会社姫路ハウス,兵庫県,姫路市,西今宿６丁目１７番３号,6700061
3140001061017,姫路光建設株式会社,兵庫県,姫路市,網干区新在家１２４３番地,6711234
3140001061033,株式会社姫路モトヤ,兵庫県,姫路市,下寺町６１番地,6700932
3140001061041,姫路ヤクルト販売株式会社,兵庫県,姫路市,西今宿２丁目９番８号,6700061
3140001061058,株式会社ビ・エイブル,兵庫県,姫路市,神子岡前１丁目１１番１５号,6700055
3140001061066,株式会社樋口商店,兵庫県,姫路市,白浜町丙１７３番地の７,6728023
3140001061074,株式会社ビジネストラベル,兵庫県,姫路市,白浜町丙６−１,6728023
3140001061082,日高食品工業株式会社,兵庫県,姫路市,花田町勅旨３０番１,6710254
3140001061090,株式会社ＨＩＮＯ,兵庫県,姫路市,西脇８５１番地,6712234
3140001061099,株式会社ヒメアミ,兵庫県,姫路市,豊富町豊富２３９２番地,6792123
3140001061108,株式会社木楽家,兵庫県,姫路市,飾磨区恵美酒２６０番地,6728057
3140001061116,ひめしんリース株式会社,兵庫県,姫路市,十二所前町１０５番地,6700911
3140001061124,株式会社ヒメプラ,兵庫県,姫路市,北条４４８番地８,6700947
3140001061140,兵庫県食料品株式会社,兵庫県,姫路市,久保町５３番地,6700916
3140001061149,兵庫新光建設株式会社,兵庫県,姫路市,広畑区才８１５番地の６,6711104
3140001061157,株式会社姫路スミセ,兵庫県,姫路市,飾磨区恵美酒３０９番地,6728057
3140001061165,株式会社兵庫西朝日事業センター,兵庫県,姫路市,宮西町３丁目１３番地,6700837
3140001061173,ひょうご埠頭株式会社,兵庫県,姫路市,飾磨区細江１２８２番地,6728064
3140001061181,兵庫冷熱工業株式会社,兵庫県,姫路市,飾磨区構１丁目１０６番地,6728071
3140001061198,株式会社平岡不動産,兵庫県,姫路市,大津区天神町２丁目７２番地,6711131
3140001061207,広鉱技建株式会社,兵庫県,姫路市,広畑区長町１丁目１２番地,6711125
3140001061215,株式会社平田工務店,兵庫県,姫路市,広畑区小坂１２６番地の２,6711156
3140001061223,株式会社ヒラノ,兵庫県,姫路市,網干区浜田１２２３番地の２２,6711242
3140001061231,平野石油株式会社,兵庫県,姫路市,広畑区西夢前台５丁目２３８番地,6711103
3140001061256,株式会社広嶺木材,兵庫県,姫路市,上大野１丁目１２番５０号,6700896
3140001061264,株式会社フィールド,兵庫県,姫路市,別所町別所５８６番地,6710221
3140001061272,株式会社ファミリーハウスデリ,兵庫県,姫路市,下手野４丁目１０番５号,6700063
3140001061289,福井タクシー株式会社,兵庫県,姫路市,土山３丁目２番２６号,6700996
3140001061297,株式会社文化設備,兵庫県,姫路市,城東町１０４番地の３,6700841
3140001061314,フカツ機械販売株式会社,兵庫県,姫路市,四郷町坂元３９番地の３,6710246
3140001061339,株式会社福吉組,兵庫県,姫路市,飾磨区清水２丁目１０３番地,6728051
3140001061347,藤井商事株式会社,兵庫県,姫路市,広畑区正門通１丁目８番１７号,6711116
3140001061355,フジ工業株式会社,兵庫県,姫路市,大津区天神町２丁目１３９番地の２,6711131
3140001061363,富士建設株式会社,兵庫県,姫路市,豊富町豊富３４０３番地の３,6792123
3140001061371,富士産業株式会社,兵庫県,姫路市,増位本町１丁目１３４番地１,6700807
3140001061388,藤田石油株式会社,兵庫県,姫路市,山田町西山田２１４番地の１,6792115
3140001061396,富士物産株式会社,兵庫県,姫路市,広畑区正門通４丁目８番地,6711116
3140001061405,株式会社伏見堂,兵庫県,姫路市,西二階町７８番地,6700901
3140001061413,フジリース株式会社,兵庫県,姫路市,飯田３丁目２４３番地７,6700974
3140001061421,株式会社二神建築事務所,兵庫県,姫路市,安田４丁目１００番地,6700955
3140001061446,株式会社プレスト,兵庫県,姫路市,保城１１２番地,6700804
3140001061454,株式会社フルハウス,兵庫県,姫路市,元塩町１３６番地１シティハウス姫路１１０６号,6700937
3140001061462,株式会社平和自動車工業所,兵庫県,姫路市,別所町北宿字堂田１０９９番地の１,6710223
3140001061470,株式会社Ｂｅｓｔ・Ｈｏｕｓｅ,兵庫県,姫路市,書写２７０２番地５,6712201
3140001061487,株式会社ホーキ,兵庫県,姫路市,神和町７０番地,6700834
3140001061495,株式会社エスケーテック,兵庫県,姫路市,大津区勘兵衛町１丁目８７番地１,6711132
3140001061504,株式会社豊翔,兵庫県,姫路市,西二階町５６番地ハイツ西二階町７０１号室,6700901
3140001061520,宝隆建設株式会社,兵庫県,姫路市,飾磨区上野田６丁目１２０番地,6728043
3140001061529,株式会社星の館,兵庫県,姫路市,二階町８８番地,6700922
3140001061537,株式会社本店かもめ屋,兵庫県,姫路市,西二階町１０８番地,6700901
3140001061545,本玉精版印刷株式会社,兵庫県,姫路市,白国１丁目６番１０号,6700808
3140001061553,堀江運送株式会社,兵庫県,姫路市,網干区興浜字西沖２０９７番地の２,6711241
3140001061561,堀忠水産株式会社,兵庫県,姫路市,白浜町甲８４１番地の３５,6728023
3140001061578,前田食品株式会社,兵庫県,姫路市,下手野５丁目２３番１号,6700063
3140001061594,株式会社萬起建設,兵庫県,姫路市,大塩町２２０７番地,6710101
3140001061628,松岡商事株式会社,兵庫県,姫路市,市川橋通２丁目４１番地の１,6700825
3140001061652,株式会社マッチボックス,兵庫県,姫路市,高岡新町４番７号,6700062
3140001061660,松本運輸株式会社,兵庫県,姫路市,四郷町見野字岸ノ上５１１番地の１０,6710244
3140001061669,松本商事株式会社,兵庫県,姫路市,勝原区山戸２２０番地の３,6711214
3140001061677,株式会社マネジメントブレイン,兵庫県,姫路市,白銀町７０番地,6700902
3140001061710,マルサン商事株式会社,兵庫県,姫路市,南条２丁目１４５番地,6700952
3140001061719,株式会社丸武,兵庫県,姫路市,広畑区正門通４丁目１番地の７,6711116
3140001061743,丸平ハウジング株式会社,兵庫県,姫路市,坂田町２２番地,6700931
3140001061751,大川株式会社,兵庫県,姫路市,駅前町３４５番地,6700927
3140001061768,株式会社三木組,兵庫県,姫路市,北条宮の町２７１番地,6700948
3140001061792,株式会社水上タクシー,兵庫県,姫路市,城北新町２丁目１４番１５号,6700883
3140001061801,株式会社溝端商店,兵庫県,姫路市,網干区北新在家３７番地,6711235
3140001061818,株式会社道本組,兵庫県,姫路市,飾磨区堀川町１１１番地,6728025
3140001061826,ミナト電機工業株式会社,兵庫県,姫路市,飾磨区入船町２番４,6728076
3140001061834,明星観光株式会社,兵庫県,姫路市,立町８１番地,6700903
3140001061842,株式会社三宅歯車製作所,兵庫県,姫路市,飾磨区大浜３７番地,6728062
3140001061850,株式会社三好屋青果,兵庫県,姫路市,延末２９５番地,6700966
3140001061859,ミヤモト機工株式会社,兵庫県,姫路市,飾磨区高町１丁目１０６番地の１４,6728081
3140001061867,ミライ株式会社,兵庫県,姫路市,千代田町八木７２１番地,6700993
3140001061875,ムツミ商事株式会社,兵庫県,姫路市,青山４丁目２４番８号,6712222
3140001061883,株式会社村上機械店,兵庫県,姫路市,平野町５０番地,6700933
3140001061891,株式会社室辰商店,兵庫県,姫路市,飾磨区玉地１３番地,6728052
3140001061900,メイセイ産業株式会社,兵庫県,姫路市,広畑区西夢前台７丁目８３−２番地,6711103
3140001061909,株式会社明拓建設,兵庫県,姫路市,御立北１丁目１１番１５号,6700071
3140001061917,妻鹿興商株式会社,兵庫県,姫路市,白浜町甲４０２番地,6728023
3140001061925,株式会社メゾン白浜,兵庫県,姫路市,八代宮前町１６番８号,6700885
3140001061958,森川合板株式会社,兵庫県,姫路市,東雲町１丁目２４番地,6700046
3140001061974,株式会社モリタ,兵庫県,姫路市,白鳥台２丁目１５番２８号,6712245
3140001061982,株式会社森本組,兵庫県,姫路市,網干区新在家１２５１番地の３,6711234
3140001061990,株式会社八木,兵庫県,姫路市,安田４丁目１５番地,6700955
3140001062007,八家土地興産株式会社,兵庫県,姫路市,木場前七反町３９番地,6728019
3140001062023,株式会社八瀬鉄工所,兵庫県,姫路市,花田町勅旨字橋爪９０番地,6710254
3140001062031,株式会社矢島産業,兵庫県,姫路市,下手野１丁目７番５９号,6700063
3140001062048,株式会社ヤナツクス,兵庫県,姫路市,立町８８番地,6700903
3140001062056,株式会社山元,兵庫県,姫路市,楠町１０７番地,6700826
3140001062072,山喜不動産株式会社,兵庫県,姫路市,四郷町明田８３番地の１,6710245
3140001062080,ヤマサ設備工業株式会社,兵庫県,姫路市,網干区和久３８７番地の５,6711227
3140001062089,株式会社山田,兵庫県,姫路市,白浜町甲８３６番地の１,6728023
3140001062097,ヤマト建鉱株式会社,兵庫県,姫路市,飾磨区下野田２８２番地の３,6728044
3140001062114,株式会社山忠材木店,兵庫県,姫路市,飾東町庄５１番地の５,6710218
3140001062122,ヤマトコーポレーション株式会社,兵庫県,姫路市,飾磨区中野田２丁目７０番地,6728045
3140001062130,株式会社山根商店,兵庫県,姫路市,城東町毘沙門２３番地,6700842
3140001062139,石田砿油株式会社,兵庫県,姫路市,家島町真浦２９２番地の４,6720101
3140001062155,株式会社山村設備商会,兵庫県,姫路市,白浜町甲２１５４番地,6728023
3140001062163,友好エステート株式会社,兵庫県,姫路市,元塩町３８番地１ロワイヤル元塩町９０１号,6700937
3140001062171,株式会社佑和開発設計事務所,兵庫県,姫路市,西夢前台３丁目３８番地の１,6712214
3140001062188,株式会社夢屋,兵庫県,姫路市,東雲町５丁目８番地の１,6700046
3140001062196,株式会社横田塗料店,兵庫県,姫路市,飾磨区御幸３番地,6728056
3140001062205,吉岡興業株式会社,兵庫県,姫路市,西二階町４５番地３０２号,6700901
3140001062221,株式会社好美商店,兵庫県,姫路市,西夢前台２丁目９６番地,6712214
3140001062254,株式会社ワイマック,兵庫県,姫路市,網干区北新在家２４５番地,6711235
3140001062262,株式会社ワーラム商会,兵庫県,姫路市,北条１丁目１１７番地シティライフ北条１０４号,6700947
3140001062270,和光産業株式会社,兵庫県,姫路市,広畑区本町５丁目６０８番地,6711114
3140001062279,株式会社ラ・シード,兵庫県,姫路市,飾磨区中島９３６番地,6728035
3140001062287,株式会社和田設計,兵庫県,姫路市,勝原区大谷４０３−１１,6711205
3140001062295,株式会社ラボ,兵庫県,姫路市,琴岡町２６６番地２３,6700035
3140001062304,株式会社りかあしょっぷいとう,兵庫県,姫路市,山吹２丁目１５番３０号,6700085
3140001062312,立商ディーリング株式会社,兵庫県,姫路市,久保町１０８番地,6700916
3140001062329,菱和運輸株式会社,兵庫県,姫路市,飾磨区須加２５０番地,6728063
3140001062345,株式会社ＨＮプロパティサービス,兵庫県,姫路市,青山西１丁目４番５号,6712224
3140001062353,株式会社六字屋,兵庫県,姫路市,白浜町甲１９２０番地５４姫路市中央卸売市場内,6728023
3140001062361,有坂運送株式会社,兵庫県,姫路市,飾東町豊国字上川尻７３５−１,6710219
3140001062378,株式会社ジェイシック,兵庫県,姫路市,夢前町護持１３６４番地６９２,6712136
3140001062386,株式会社サン,兵庫県,姫路市,夢前町前之庄２９３３番地の２,6712103
3140001062394,株式会社スヤマ,兵庫県,姫路市,夢前町置本８２番地３３,6712122
3140001062403,株式会社チエリータウン,兵庫県,姫路市,夢前町前之庄１３９０番地,6712103
3140001062411,永富工業株式会社,兵庫県,姫路市,夢前町菅生澗８３１番地,6712134
3140001062428,氷室建設株式会社,兵庫県,姫路市,夢前町山冨１１２番地の２,6712123
3140001062436,株式会社ホクト,兵庫県,姫路市,夢前町玉田２７３番地１１,6712124
3140001062452,株式会社夢前自工,兵庫県,姫路市,夢前町山之内庚１７１番地の１,6712101
3140001062469,株式会社家島ドック,兵庫県,姫路市,家島町真浦３１７番地の１５,6720101
3140001062485,北浦建材株式会社,兵庫県,姫路市,家島町真浦４２４番地の１,6720101
3140001062502,柴田海運建設株式会社,兵庫県,姫路市,家島町真浦２４８１番地,6720101
3140001062519,株式会社ナカムラ,兵庫県,姫路市,家島町宮１０３１番地,6720102
3140001062527,伯昌汽船株式会社,兵庫県,姫路市,家島町宮９７７番地,6720102
3140001062543,宝祥海運建設株式会社,兵庫県,姫路市,家島町真浦２３４３番地,6720101
3140001062551,導海運株式会社,兵庫県,姫路市,家島町宮１０７６番地,6720102
3140001062568,株式会社慶貴,兵庫県,姫路市,南畝町２丁目９７番地,6700961
3140001062584,株式会社平野屋住建,兵庫県,姫路市,平野町３３番地,6700933
3140001062592,株式会社カズキ建設,兵庫県,姫路市,飾東町豊国１２０番地,6710219
3140001062601,株式会社アイデック,兵庫県,姫路市,佃町６８番地,6728049
3140001062626,株式会社元気丸,兵庫県,姫路市,下手野２丁目１４番１７−５０５号,6700063
3140001062642,しらさぎ生コン株式会社,兵庫県,姫路市,御国野町国分寺５９６番地１,6710234
3140001062650,ニューハリマ株式会社,兵庫県,姫路市,青山３丁目７３９番地の１,6712222
3140001062659,株式会社山本,兵庫県,姫路市,網干区興浜２０９３番地の１３３,6711241
3140001062667,株式会社フクモト,兵庫県,姫路市,別所町佐土１丁目１７３,6710224
3140001062675,株式会社フロンティアコーポレーション,兵庫県,姫路市,大津区吉美２９１,6711133
3140001062683,株式会社姫路ティ・エム・オー二十一,兵庫県,姫路市,本町６８番地,6700012
3140001062691,上智株式会社,兵庫県,姫路市,香寺町中寺１９２番地１,6792164
3140001062700,菅原乳業株式会社,兵庫県,姫路市,宮西町４丁目２２番地,6700837
3140001062717,株式会社姫路シティＦＭ２１,兵庫県,姫路市,本町６８番地,6700012
3140001062725,株式会社アヅミ,兵庫県,姫路市,下手野１丁目２２０−１,6700063
3140001062733,山口精工株式会社,兵庫県,姫路市,別所町別所１丁目５番地,6710221
3140001062741,三光塗装工業株式会社,兵庫県,姫路市,白鳥台２丁目３番１９号,6712245
3140001062758,株式会社開興園,兵庫県,姫路市,網干区浜田１２２３番地の２２,6711242
3140001062766,株式会社パッション企画,兵庫県,姫路市,花影町４丁目９番地,6700047
3140001062774,株式会社キズキコーポレーション,兵庫県,姫路市,下手野１丁目８番１０号,6700063
3140001063095,株式会社オートワークス姫路中央,兵庫県,姫路市,野里１３７番地１,6700811
3140001063104,株式会社日触エンジニアリングサービス,兵庫県,姫路市,網干区興浜字西沖９９２番地の５,6711241
3140001063178,株式会社大原ショッピング,兵庫県,姫路市,安田３丁目５０番地,6700955
3140001063228,大盛建設工業株式会社,兵庫県,姫路市,別所町家具町３０番地２,6710225
3140001063244,株式会社オハカヤ・ドット・コム,兵庫県,姫路市,下手野３丁目１２番１０号来法寺内,6700063
3140001063285,株式会社ホームドゥヨシダ,兵庫県,姫路市,広畑区西夢前台５丁目１７５番地の１,6711103
3140001063335,株式会社インテリアみぞぐち,兵庫県,姫路市,香寺町土師８５８番地の１,6792163
3140001063541,西山山林株式会社,兵庫県,姫路市,香寺町土師４７１番地,6792163
3140001063665,山崎モータース株式会社,兵庫県,姫路市,香寺町溝口８４１番地の２,6792161
3140001063673,裕斗建設興業株式会社,兵庫県,姫路市,香寺町溝口７７７番地１,6792161
3140001063681,姫路鋼材株式会社,兵庫県,姫路市,白浜町甲７７０番地,6728023
3140001063715,株式会社ハリマテック,兵庫県,姫路市,城見台４丁目１番地の８,6700803
3140001063731,滝野開発工業株式会社,兵庫県,姫路市,千代田町７４０番地の１１,6700993
3140001063764,株式会社ドルフィン・エクスプレス,兵庫県,姫路市,夢前町宮置９５５番地,6712121
3140001063772,株式会社テクニカルワークス,兵庫県,姫路市,飾磨区阿成植木６４０番地メイプルヴィレッジ２０３号,6728030
3140001063789,株式会社ユーテック,兵庫県,姫路市,中地南町１４３番地,6700975
3140001063797,株式会社ＫＯＷＡ,兵庫県,姫路市,下手野５丁目６番５号,6700063
3140001063822,株式会社いけのやフーズ,兵庫県,姫路市,香寺町中仁野１４７番地の１,6792143
3140001063839,富士燐寸販売株式会社,兵庫県,姫路市,白浜町丙１７１番地,6728023
3140001063847,株式会社Ｖ＆Ｆ,兵庫県,姫路市,夢前町古瀬畑３１５番地の１,6712132
3140001063888,株式会社Ｔ．Ｃ．Ｐ,兵庫県,姫路市,東夢前台１丁目３番３０号,6700064
3140001063913,株式会社エイム,兵庫県,姫路市,飾磨区構５丁目１５８番地の１,6728071
3140001063946,株式会社Ｖ＆Ｆ,兵庫県,姫路市,手柄浜田３７５番地の１,6700972
3140001063962,株式会社楽山,兵庫県,姫路市,砥堀３４１番地の３,6700802
3140001063970,株式会社ジニアスコーポレーション,兵庫県,姫路市,勝原区宮田１０番地７,6711213
3140001063979,株式会社ワールドサービス,兵庫県,姫路市,大塩町６５１番地３９,6710101
3140001063987,株式会社家木工務店,兵庫県,姫路市,林田町山田５１番地,6794213
3140001063995,フジテクノ株式会社,兵庫県,姫路市,相野３７４番地３,6712232
3140001064003,株式会社幸秀工業,兵庫県,姫路市,大津区平松１２１番地１,6711145
3140001064028,呑田工業株式会社,兵庫県,姫路市,網干区坂出２５１番地４,6711228
3140001064044,株式会社三城ホーム,兵庫県,姫路市,飾磨区加茂３６３番地の１,6728074
3140001064052,株式会社Ｉ．Ｓ．Ｃ,兵庫県,姫路市,勝原区大谷３１６番地１０,6711205
3140001064060,株式会社ライフステージ,兵庫県,姫路市,書写台３丁目２番地,6712203
3140001064077,株式会社ダイネンヒューマンｐｌｕｓ,兵庫県,姫路市,本町２４０番地大手前ダイネンＢＬＤ．５階,6700012
3140001064093,株式会社安志石油,兵庫県,姫路市,安富町安志１０４９番地の１,6712401
3140001064102,株式会社三建興業,兵庫県,姫路市,安富町三坂５５１番地の１,6712425
3140001064119,株式会社宮脇建設運輸,兵庫県,姫路市,安富町長野２８３番地,6712421
3140001064143,株式会社サンビクリエーション,兵庫県,姫路市,書写８０２番地１４,6712201
3140001064151,株式会社ナイス総合保険事務所,兵庫県,姫路市,飾磨区中島６４７番地３,6728035
3140001064168,株式会社興和商事,兵庫県,姫路市,河間町２３番１−２０１,6700001
3140001064176,株式会社トゥエルヴ,兵庫県,姫路市,八代東光寺町７番８号,6700873
3140001064192,株式会社ウェールズジャパン,兵庫県,姫路市,西今宿３丁目１６番２２号,6700061
3140001064201,エイト経営企画株式会社,兵庫県,姫路市,忍町１０３番地,6700917
3140001064226,株式会社福中総合サービス,兵庫県,姫路市,福中町３４番地,6700017
3140001064242,パイオニアメタルパーツ株式会社,兵庫県,姫路市,花田町加納原田９０６番地,6710252
3140001064250,株式会社ライフサポート桝本,兵庫県,姫路市,網干区垣内中町２３３番地,6711253
3140001064259,株式会社環境保全サービス,兵庫県,姫路市,飾磨区中島字宝来３０６７番地の１７,6728035
3140001064267,株式会社チャプターワン,兵庫県,姫路市,田寺８丁目１３番４３−２０１号スカイハイツ田寺,6700086
3140001064275,株式会社アロマリ,兵庫県,姫路市,坊主町６８−４,6700011
3140001064283,株式会社フロムファーストプラン,兵庫県,姫路市,大津区吉美３７０番地１,6711133
3140001064291,株式会社遊楽舎,兵庫県,姫路市,香寺町溝口２０５番地,6792161
3140001064309,株式会社Ａｇａｉｎ．,兵庫県,姫路市,飾磨区清水２丁目２９,6728051
3140001064325,株式会社Ｖａｒｉｏｕｓ,兵庫県,姫路市,砥堀１６３番地１,6700802
3140001064341,株式会社和義工業,兵庫県,姫路市,四郷町本郷９４番地１,6710243
3140001064358,成裕カーゴ株式会社,兵庫県,姫路市,白国４丁目１４番８号,6700808
3140001064366,株式会社伊藤運輸,兵庫県,姫路市,飾磨区英賀１９２６番地の９,6728078
3140001064374,株式会社植野商店,兵庫県,姫路市,玉手２丁目４５６番地,6700985
3140001064390,株式会社Ａｓｓｏｃｉｅ,兵庫県,姫路市,新在家本町５丁目６番２２号,6700092
3140001064416,株式会社フォレスト,兵庫県,姫路市,広畑区西夢前台５丁目１４６,6711103
3140001064424,株式会社海創,兵庫県,姫路市,継２７３番地１１号,6728004
3140001064432,株式会社ＨＣＳ,兵庫県,姫路市,広峰１丁目５番１２号,6700882
3140001064440,株式会社プロスペリティ,兵庫県,姫路市,北平野２丁目１番５０号,6700893
3140001064449,株式会社ＷｉｔｈＤｅｓｉｇｎ−Ｙｕｕｋｉ,兵庫県,姫路市,広畑区西蒲田１２０７番地２４,6711107
3140001064457,株式会社マーブル,兵庫県,姫路市,西庄６番地１ビーライン松本１０３号,6700981
3140001064465,オリオン企画株式会社,兵庫県,姫路市,辻井８丁目８番２６号,6700083
3140001064473,株式会社ＫＯＴＯコーポレーション,兵庫県,姫路市,飾磨区野田町２８番地２,6728040
3140001064481,株式会社ＴＳカンパニー,兵庫県,姫路市,広畑区北河原町６８番地,6711111
3140001064498,アサヒマーク株式会社,兵庫県,姫路市,坂元町１２５番地,6700016
3140001064507,株式会社クワちゃんハウス,兵庫県,姫路市,安富町名坂４２０番地１,6712412
3140001064515,株式会社リンクサポート,兵庫県,姫路市,朝日町８番地,6700934
3140001064523,ワイキ技建株式会社,兵庫県,姫路市,総社本町１５９番地,6700015
3140001064531,株式会社松本保険事務所,兵庫県,姫路市,北条梅原町２７１番地,6700945
3140001064556,株式会社デンタルスタジオ大谷,兵庫県,姫路市,東雲町１丁目４５番地ＭＣビル３階,6700046
3140001064564,株式会社高坂瓦工業,兵庫県,姫路市,夢前町前之庄１１９９番地７,6712103
3140001064572,株式会社アステック・ランド・ソリューション,兵庫県,姫路市,新在家２丁目６−１−３０４,6700095
3140001064597,株式会社山中大佛堂,兵庫県,姫路市,手柄１８８番地２,6700972
3140001064614,株式会社ＡＰＨ外語学院,兵庫県,姫路市,元塩町５１番地,6700937
3140001064630,Ｈａｓｈｉ・クリエイト株式会社,兵庫県,姫路市,白鳥台３丁目８番２５号,6712245
3140001064639,株式会社建築現場派遣,兵庫県,姫路市,元塩町１２０番地,6700937
3140001064647,トラステッド株式会社,兵庫県,姫路市,広畑区本町３丁目５９５番地５,6711114
3140001064655,株式会社姫大,兵庫県,姫路市,元町７５番地１１,6700049
3140001064671,株式会社赤松製作所,兵庫県,姫路市,大津区勘兵衛町１丁目４番地１,6711132
3140001064688,株式会社セカンドサービス,兵庫県,姫路市,飾磨区今在家北２丁目５７番地１,6728090
3140001064696,株式会社キーボード,兵庫県,姫路市,豊富町豊富２３９２番地,6792123
3140001064713,株式会社ココモ,兵庫県,姫路市,神屋町２丁目２５番地２,6700836
3140001064738,株式会社リアルライフ,兵庫県,姫路市,野里１９９番地１メゾン・セラヴィー野里,6700811
3140001064746,株式会社三坂工業,兵庫県,姫路市,北今宿２丁目３４７−４,6700057
3140001064762,ルミナスジャパン株式会社,兵庫県,姫路市,延末２８６番地８,6700966
3140001064770,昂明建設株式会社,兵庫県,姫路市,東雲町４丁目２番地１,6700046
3140001064779,ハクロマシナリー株式会社,兵庫県,姫路市,飾磨区中島３丁目３４２番地,6728035
3140001064795,株式会社ラーメンドリーム,兵庫県,姫路市,広畑区西夢前台８丁目２６番地,6711103
3140001064812,株式会社姫路保険プランナー,兵庫県,姫路市,飾磨区若宮町１６番地２,6728095
3140001064820,株式会社松本,兵庫県,姫路市,野里９１４番地５,6700811
3140001064829,株式会社瀬戸電機工作所,兵庫県,姫路市,広畑区大町３丁目３１番地,6711155
3140001064837,株式会社はなまる,兵庫県,姫路市,四郷町東阿保７４２番地１,6710247
3140001064845,株式会社ヤマグチ,兵庫県,姫路市,北平野台町５番１０号,6700895
3140001064853,株式会社敬愛,兵庫県,姫路市,大津区天満４２１番地４,6711143
3140001064878,株式会社オレンジナイトグループ,兵庫県,姫路市,飾磨区中島２丁目１０番地,6728035
3140001064886,株式会社エー・ワイ,兵庫県,姫路市,青山北２丁目１８番９号,6712221
3140001064894,株式会社ｐｏｐ．ｍ,兵庫県,姫路市,土山３丁目３番１０号３０３号室,6700996
3140001064903,平本工業株式会社,兵庫県,姫路市,飾磨区中島字川尻新田下３２２３番地,6728035
3140001064911,株式会社アートルーフ,兵庫県,姫路市,網干区新在家５８６番地の５１Ｆ,6711234
3140001064928,アイサン株式会社,兵庫県,姫路市,網干区興浜４１０−６７,6711241
3140001064936,株式会社瓢亭,兵庫県,姫路市,福中町９７番地パレロワイヤル白鷺３０１,6700017
3140001064944,株式会社木成,兵庫県,姫路市,土山５丁目５番９号,6700996
3140001064960,株式会社ハーテック,兵庫県,姫路市,大津区天神町１丁目４１番地５,6711131
3140001064969,株式会社Ｄ＆４,兵庫県,姫路市,町坪３９９番地７,6700984
3140001064977,株式会社伝心望,兵庫県,姫路市,塩町１７１番地,6700904
3140001064985,株式会社ＤｉｏＭｉｏ,兵庫県,姫路市,市之郷１４５３番地４,6700943
3140001065001,株式会社オースターフーズ,兵庫県,姫路市,広畑区長町１丁目４３番地,6711125
3140001065026,株式会社ワンダーハウス,兵庫県,姫路市,夢前町菅生澗１５２１番地,6712134
3140001065034,シンプルネットインターナショナルグループ株式会社,兵庫県,姫路市,西新在家１丁目２番１５号,6700096
3140001065042,株式会社ジェイエスピー,兵庫県,姫路市,飾磨区今在家北３丁目８９番地,6728090
3140001065059,株式会社ｈａｔａ,兵庫県,姫路市,南条２丁目１２７番地,6700952
3140001065067,株式会社みなとのてんらんかい,兵庫県,姫路市,広畑区早瀬町３丁目１８番地２,6711151
3140001065083,株式会社ＩＨＭトレーディング,兵庫県,姫路市,飾磨区細江９６４番地６,6728064
3140001065100,株式会社アスライフ,兵庫県,姫路市,神子岡前３丁目２番３号,6700055
3140001065109,株式会社ＯＴＭ,兵庫県,姫路市,白浜町丙４８２番地７,6728023
3140001065117,株式会社土井地所,兵庫県,姫路市,米田町１５番地の１船場東ビル１階,6700042
3140001065141,株式会社美よしコーポレーション,兵庫県,姫路市,安田４丁目９６番地,6700955
3140001065166,株式会社福居ハイツ,兵庫県,姫路市,下手野３丁目７番１３号,6700063
3140001065174,丸二開発株式会社,兵庫県,姫路市,亀山１９４番地６,6700973
3140001065199,株式会社アライ殖産,兵庫県,姫路市,豊富町豊富２２５２番地,6792123
3140001065208,株式会社ブレーンズ,兵庫県,姫路市,網干区大江島８０番地,6711231
3140001065216,株式会社Ａｐｏｌｌｏ,兵庫県,姫路市,新在家本町５丁目３番１６号,6700092
3140001065224,株式会社姫路アグリコーポレーション,兵庫県,姫路市,青山西１丁目４番５−２０１号,6712224
3140001065232,株式会社ウィップ,兵庫県,姫路市,白浜町甲２１７６番地１,6728023
3140001065240,株式会社就栄コーポレーション,兵庫県,姫路市,別所町佐土８１３番地２５,6710224
3140001065257,株式会社家具の遠山,兵庫県,姫路市,網干区北新在家３４番地,6711235
3140001065273,株式会社姫路農機サービス,兵庫県,姫路市,四郷町見野５１１番地１２,6710244
3140001065281,株式会社Ｈ．Ｒコンサルタント,兵庫県,姫路市,大津区天満３７６番地３,6711143
3140001065298,株式会社アワーフィールド,兵庫県,姫路市,御立東３丁目１５番２号,6700072
3140001065307,株式会社ＳＤモバイル,兵庫県,姫路市,飾東町豊国２８９番地１,6710219
3140001065315,株式会社エステート壮夢,兵庫県,姫路市,青山西４丁目２番１号,6712224
3140001065323,株式会社オアシス,兵庫県,姫路市,飾磨区三宅２丁目７番地,6728048
3140001065331,株式会社ライブシーク,兵庫県,姫路市,飾磨区三宅１丁目３１番地,6728048
3140001065348,株式会社アメニティ,兵庫県,姫路市,西八代町３番１号,6700876
3140001065364,株式会社グラヴィスジャパン,兵庫県,姫路市,手柄２丁目１０３番地,6700972
3140001065372,株式会社ＱＵＡＬＩＴＹ,兵庫県,姫路市,東雲町５丁目６番地の３,6700046
3140001065380,株式会社ラリック,兵庫県,姫路市,安田４丁目５３番地２１,6700955
3140001065389,株式会社ミキテック,兵庫県,姫路市,広畑区則直１５２番地７,6711105
3140001065397,株式会社リンク,兵庫県,姫路市,飾磨区中野田２丁目５番地,6728045
3140001065414,株式会社ミルテック,兵庫県,姫路市,御国野町御着４４８番地,6710232
3140001065422,株式会社ＵＮＩＧＡＭＥ保険事務所,兵庫県,姫路市,仁豊野６０９番地,6700801
3140001065439,株式会社Ｓｕ．ｉｎｃ,兵庫県,姫路市,飾磨区上野田３丁目８１番地３,6728043
3140001065447,株式会社Ｙ．Ｄ．コーポレーション,兵庫県,姫路市,広畑区西夢前台４丁目７０番地,6711103
3140001065455,株式会社サクシード,兵庫県,姫路市,忍町６７番地１、１５０１号,6700917
3140001065471,株式会社舞の華,兵庫県,姫路市,飾磨区玉地１丁目７３番地,6728052
3140001065496,株式会社サントー,兵庫県,姫路市,飾磨区清水２丁目３８番地,6728051
3140001065505,株式会社ロトス,兵庫県,姫路市,東山２０９番地１,6728014
3140001065513,オノテクノ株式会社,兵庫県,姫路市,豊富町豊富３７８１番地,6792123
3140001065538,株式会社ＨＰＳＴＹＬＥ,兵庫県,姫路市,辻井１丁目１１番２３号,6700083
3140001065554,サンテック株式会社,兵庫県,姫路市,阿保乙１４９番地１,6700944
3140001065562,ゴダイ株式会社,兵庫県,姫路市,綿町１０４番地スクエアビル２Ｆ,6700921
3140001065570,株式会社兵庫マリン,兵庫県,姫路市,飾磨区今在家３丁目１０３番地,6728079
3140001065587,株式会社ベルニール,兵庫県,姫路市,南条６１８番地,6700952
3140001065595,中川工業株式会社,兵庫県,姫路市,大津区長松４７２番地,6711144
3140001065604,大徳商事株式会社,兵庫県,姫路市,土山７丁目７−１５,6700996
3140001065612,株式会社さんぽ道,兵庫県,姫路市,東夢前台３丁目６８番地１,6700064
3140001065620,株式会社モリグチ,兵庫県,姫路市,御立東５丁目５番５号,6700072
3140001065629,株式会社大黒,兵庫県,姫路市,家島町坊勢６９４番地５４,6720103
3140001065637,株式会社Ｋｙｏｓｈｉｎ,兵庫県,姫路市,広峰１丁目５番１２号,6700882
3140001065645,株式会社脩悠,兵庫県,姫路市,西今宿１丁目２番２−８０１号,6700061
3140001065653,ホットケア株式会社,兵庫県,姫路市,京口町７０番地,6700851
3140001065661,株式会社吉川一座,兵庫県,姫路市,南八代町１７番４号シルクヴェール南八代３０３号室,6700875
3140001065678,翼ホーム株式会社,兵庫県,姫路市,飾磨区野田町９５番地３,6728040
3140001065694,株式会社プライド・ケイ,兵庫県,姫路市,大津区平松３１０番地６,6711145
3140001065703,株式会社エイトジャパン,兵庫県,姫路市,北条永良町２２番地,6700946
3140001065728,植田電気株式会社,兵庫県,姫路市,夢前町塚本２２２番地３９,6712135
3140001065744,株式会社ロードクリエイト,兵庫県,姫路市,玉手６２０番地１,6700985
3140001065760,株式会社ヤヨイグローバルインク,兵庫県,姫路市,小姓町３５番地１,6700043
3140001065769,株式会社アサヒ,兵庫県,姫路市,野里２８６番地１,6700811
3140001065777,株式会社近畿電温サービスセンター,兵庫県,姫路市,大津区吉美６７０番地,6711133
3140001065793,Ｒｅクリエイト株式会社,兵庫県,姫路市,東駅前町６３番地エスリード姫路１３Ｆ−０１,6700926
3140001065802,株式会社リョウケン,兵庫県,姫路市,阿保乙４３番地,6700944
3140001065810,株式会社ｔｏｍｏコーポレーション,兵庫県,姫路市,井ノ口４４３番地２４,6700983
3140001065819,株式会社ＷＥＥＤ,兵庫県,姫路市,梅ケ谷町２０番９５号,6700894
3140001065827,株式会社ＮＤＣ,兵庫県,姫路市,大津区天満１９２番地６,6711143
3140001065835,大日株式会社,兵庫県,姫路市,余部区下余部１２３−１,6711261
3140001065843,株式会社オールグリーン,兵庫県,姫路市,上手野７９番地３,6700065
3140001065851,株式会社大津保険事務所,兵庫県,姫路市,大津区天満２８１番地４,6711143
3140001065884,株式会社竹忠,兵庫県,姫路市,飾磨区今在家４丁目６３番地３,6728079
3140001065892,パナソニック液晶ディスプレイ株式会社,兵庫県,姫路市,飾磨区妻鹿日田町１番６,6728033
3140001065901,株式会社オーエムテック,兵庫県,姫路市,井ノ口１８３番地１,6700983
3140001065918,株式会社中島保険事務所,兵庫県,姫路市,林田町六九谷３７番地１,6794211
3140001065926,テイクホールディングス株式会社,兵庫県,姫路市,花田町小川１６４番地１,6710255
3140001065934,株式会社エイコーホーム,兵庫県,姫路市,飾磨区清水３丁目８０番地,6728051
3140001065942,株式会社ふぁみりー住宅,兵庫県,姫路市,仁豊野６０９−１,6700801
3140001065950,株式会社神戸,兵庫県,姫路市,北平野２丁目６０１番地４,6700893
3140001065959,株式会社アイソテクノサポート,兵庫県,姫路市,飾磨区西浜町２丁目１３番地３,6728086
3140001065967,株式会社紅葉,兵庫県,姫路市,飾磨区上野田５丁目２０５番地１のＢ,6728043
3140001065975,株式会社ＭＡＮＡＧＥＲｓ,兵庫県,姫路市,辻井６丁目１７番２８号,6700083
3140001065991,株式会社ＢＥＳＢＩＲ,兵庫県,姫路市,西駅前町２１番地キャッスルコート西駅前ビル３Ｆ,6700913
3140001066008,株式会社グラフクリエーション,兵庫県,姫路市,大黒壱丁町３１番地,6700853
3140001066016,株式会社アトアル,兵庫県,姫路市,綿町１４２番地,6700921
3140001066024,株式会社下村酒造店,兵庫県,姫路市,安富町安志９５７番地,6712401
3140001066032,関西アグリフーズ株式会社,兵庫県,姫路市,西夢前台２丁目６８番地,6712214
3140001066040,株式会社千山閣,兵庫県,姫路市,久保町５７,6700916
3140001066049,株式会社ＹＫＣ,兵庫県,姫路市,西新町１０９番地,6700033
3140001066057,株式会社希望,兵庫県,姫路市,網干区垣内西町１７４８番地,6711256
3140001066073,ＷＤＢシステムズ株式会社,兵庫県,姫路市,豊沢町７９番地,6700964
3140001066081,株式会社ＮＳエンジニア,兵庫県,姫路市,勝原区下太田３２８番地５,6711201
3140001066098,株式会社ルーチェ,兵庫県,姫路市,網干区新在家１４３９番地１６,6711234
3140001066115,株式会社Ｈｉｓｒｏｏｍ,兵庫県,姫路市,相野６０８番地,6712232
3140001066123,株式会社きたなか,兵庫県,姫路市,城北新町２丁目１７番７号,6700883
3140001066148,株式会社ポーシェガーデン,兵庫県,姫路市,大津区天神町２丁目７８番地,6711131
3140001066156,株式会社あかねホーム,兵庫県,姫路市,北原７番地２９,6728002
3140001066164,株式会社ユキモト塗装工業,兵庫県,姫路市,飾磨区西浜町２丁目５２番地３,6728086
3140001066172,株式会社虹,兵庫県,姫路市,北今宿３丁目１２番３０号,6700057
3140001066180,山特テクノス株式会社,兵庫県,姫路市,飾磨区中島１６７６番地,6728035
3140001066189,株式会社本家癒し屋,兵庫県,姫路市,飾磨区英賀保駅前町１番地,6728091
3140001066206,株式会社クールジャパン,兵庫県,姫路市,南今宿２番３７,6700054
3140001066222,株式会社恵比寿,兵庫県,姫路市,仁豊野１７９番地１２,6700801
3140001067451,グリーンテクノ株式会社,兵庫県,姫路市,花田町高木３０番地１,6710256
3140001067476,竹川会計株式会社,兵庫県,姫路市,南今宿７番１４号,6700054
3140001067559,株式会社修麒,兵庫県,姫路市,飾磨区細江７２７番地１,6728064
3140001067567,くるみ技研株式会社,兵庫県,姫路市,山田町南山田１００１番地,6792113
3140001067609,株式会社サン工業,兵庫県,姫路市,飾磨区妻鹿１７２番地２,6728031
3140001067625,ｍａｋｉｋａ株式会社,兵庫県,姫路市,的形町的形１７７８番地１,6710111
3140001067633,国際交通株式会社,兵庫県,姫路市,久保町１６１番地,6700916
3140001067699,株式会社ＪＩＭＯＣ．,兵庫県,姫路市,京町２丁目２８９番地２,6700824
3140001067732,株式会社ｉｓｔ,兵庫県,姫路市,大塩町４８７番地４、１０１号室,6710101
3140001074423,エルスリーグローバル株式会社,兵庫県,姫路市,中地字中屋敷２８１,6700976
3140001077723,株式会社セレーノ,兵庫県,姫路市,土山７丁目９番８号,6700996
3140001077822,株式会社Ｂ’ｓ　ｃｏｍｐａｎｙ,兵庫県,姫路市,駅前町２６３番地,6700927
3140001077905,ＳＡＩ経営総研株式会社,兵庫県,姫路市,神子岡前４丁目１番１１号,6700055
3140001086154,株式会社はやしお,兵庫県,姫路市,楠町１４５−１,6700826
3140001086328,株式会社中尾商事,兵庫県,姫路市,兼田１９０番地６,6728001
3140001086641,株式会社白鳥給食センター,兵庫県,姫路市,打越１３３９番地,6712246
3140001086682,三ツ星住建株式会社,兵庫県,姫路市,南条２丁目３９番地第一平成ビル１階,6700952
3140001086955,株式会社ＩＨＭ,兵庫県,姫路市,東延末３丁目３番地１,6700965
3140001086971,株式会社ロッツオブジョイ,兵庫県,姫路市,花田町勅旨３２１番地１,6710254
3140001087012,株式会社アーチスト社,兵庫県,姫路市,飾磨区矢倉町１丁目１０１番地３,6728093
3140001087086,株式会社アリカタ,兵庫県,姫路市,豊富町御蔭１２５８番地１,6792122
3140001087202,アスタ株式会社,兵庫県,姫路市,飾磨区細江４６４番地６,6728064
3140001087251,株式会社エントワールド,兵庫県,姫路市,京口町４８番地,6700851
3140001087524,株式会社ケアセット,兵庫県,姫路市,大津区恵美酒町１丁目８４番地１サンメゾン恵美酒２０２号,6711136
3140001087689,株式会社サンリーフ,兵庫県,姫路市,書写４４番３号,6712201
3140001087697,中川調剤株式会社,兵庫県,姫路市,飯田３丁目２４２番地の９,6700974
3140001087714,株式会社イマール,兵庫県,姫路市,飾磨区加茂１９８番地１,6728074
3140001087722,富庄トラストパートナーズ株式会社,兵庫県,姫路市,田寺東３丁目６番１２号,6700081
3140001087937,株式会社三旺シーリング,兵庫県,姫路市,飾磨区今在家６丁目１５６番地２,6728079
3140001088051,株式会社Ａｒｉｅ,兵庫県,姫路市,白浜町乙５４８番地２２,6728023
3140001088225,しらさぎ化粧品株式会社,兵庫県,姫路市,飾東町山崎１２８３番地,6710207
3140001088241,株式会社Ｄａｈｌｉａ,兵庫県,姫路市,北今宿２丁目１番地１０,6700057
3140001088415,株式会社ＢＫＤ,兵庫県,姫路市,南条２丁目６３番地,6700952
3140001088852,株式会社三都住設,兵庫県,姫路市,東山３２６番地３,6728014
3140001089256,株式会社アイポート,兵庫県,姫路市,花田町勅旨３１７番地１,6710254
3140001089280,株式会社ＡＫ商事,兵庫県,姫路市,東夢前台３丁目６８番地３,6700064
3140001089520,株式会社エッチアンドエス,兵庫県,姫路市,広峰１丁目５番１２号梶浦ビル３０１号,6700882
3140001089545,ＴＭＪ株式会社,兵庫県,姫路市,新在家４丁目１番３号,6700095
3140001089586,株式会社ＦＯＲ　ＴＨＥ　ＷＯＲＬＤ,兵庫県,姫路市,船丘町２９０番地３,6700034
3140001089628,株式会社きっかけ,兵庫県,姫路市,広畑区吾妻町３丁目２９番地８ライフガーデン吾妻参番館９０２号,6711154
3140001089710,タナカハウス株式会社,兵庫県,姫路市,南条１丁目４５番地,6700952
3140001089719,株式会社柳井工業,兵庫県,姫路市,飾磨区鎌倉町４９番地,6728094
3140001089768,株式会社ＮＩＯＫＡ観光グループ,兵庫県,姫路市,書写１１９９番地３,6712201
3140001089842,株式会社成建,兵庫県,姫路市,東今宿３丁目６−１２,6700056
3140001089875,ＡＧＹ株式会社,兵庫県,姫路市,三条町２丁目４７,6728041
3140001089958,株式会社ＤＥＥＮ　ＴＲＡＤＩＮＧ,兵庫県,姫路市,林田町久保１６１番地１０,6794201
3140001090131,株式会社ライズ,兵庫県,姫路市,安田４丁目３１番４号,6700955
3140001090354,株式会社コンテント,兵庫県,姫路市,継４１３番地２２,6728004
3140001090676,株式会社ブルーローズ,兵庫県,姫路市,国府寺町５６番地,6700852
3140001090817,株式会社誠和住宅,兵庫県,姫路市,青山２６１番地,6712222
3140001090981,株式会社ミツワ不動産,兵庫県,姫路市,片田町１２番地,6700045
3140001091344,ステアーズ不動産株式会社,兵庫県,姫路市,勝原区宮田６４番地１,6711213
3140001091427,未来テクノ株式会社,兵庫県,姫路市,白浜町乙５５１番地１６,6728023
3140001091542,株式会社吉正,兵庫県,姫路市,御立西４丁目３番１９号,6700074
3140001091798,ｎｏａｒｕ株式会社,兵庫県,姫路市,船津町４０１１番地,6792101
3140001091856,株式会社アイウタンテ,兵庫県,姫路市,的形町的形１３５５番地１,6710111
3140001091897,株式会社ＫＯＢＡ・ＦＡＲＭ,兵庫県,姫路市,林田町六九谷３４番地３,6794211
3140001092037,日本反射器工業株式会社,兵庫県,姫路市,白浜町甲７８１番地１,6728023
3140001092061,シティハウスサービス株式会社,兵庫県,姫路市,土山東の町１３番６号,6700995
3140001092136,株式会社川崎機設,兵庫県,姫路市,大津区長松１５１番地１４,6711144
3140001092235,エムシス株式会社,兵庫県,姫路市,伊伝居７４番地６,6700871
3140001092383,ＫＯＭＡＫＵＳＡぷらすｄｅｓｉｇｎ株式会社,兵庫県,姫路市,北八代２丁目２番２２号,6700877
3140001092689,株式会社伊藤商店,兵庫県,姫路市,梅ケ谷町２２番１３−８号,6700894
3140001092763,株式会社福島鋼業,兵庫県,姫路市,飾磨区今在家７丁目１８番地２,6728079
3140001093019,西播プラントシステム株式会社,兵庫県,姫路市,勝原区丁８１番９,6711203
3140001093134,株式会社Ｇ−ライズ,兵庫県,姫路市,土山４丁目３−７,6700996
3140001093150,株式会社アイズワーク,兵庫県,姫路市,四郷町見野字西垣内６６６番地の１,6710244
3140001093200,下江設備株式会社,兵庫県,姫路市,勝原区下太田３２８番地３,6711201
3140001093373,ｙｏｉｙａｓａ−ｓｏｆｔ株式会社,兵庫県,姫路市,白浜町甲２１８０番地３,6728023
3140001093522,けあぶらんどやまさき株式会社,兵庫県,姫路市,夢前町菅生澗１５０７番地８,6712134
3140001093638,株式会社プロジェクトＡ,兵庫県,姫路市,的形町的形１４５５番地,6710111
3140001093662,株式会社インサイトラボ,兵庫県,姫路市,大津区大津町１丁目３１番地６３,6711146
3140001093670,株式会社愛海,兵庫県,姫路市,魚町２３番地魚町クリスタルビル３Ｆ,6700905
3140001093679,株式会社ＢＡＳＡＬＡ,兵庫県,姫路市,元町９８番地サンプラネット姫路船場１Ｆ,6700049
3140001093712,株式会社西本プランニング,兵庫県,姫路市,飾磨区上野田４丁目２５４番地プロニティＮ１０３号室,6728043
3140001093803,株式会社Ｒｅａｃｈ　ｆｏｒ　ｔｈｅ　ｓｔａｒｓ,兵庫県,姫路市,飾磨区上野田２丁目１６番地,6728043
3140001093935,株式会社ＴＲＵＳＴ　ＳＹＳＴＥＭ,兵庫県,姫路市,三左衛門堀西の町４４番地,6700940
3140001094223,アシストライフ株式会社,兵庫県,姫路市,阿保乙２２８番地１,6700944
3140001094578,株式会社サブロク,兵庫県,姫路市,花田町一本松３８７,6710253
3140001094644,幸寿株式会社,兵庫県,姫路市,延末４５０番地１グラジオ姫路駅ウエストクリスタル２０８号室,6700966
3140001094693,姫路興産株式会社,兵庫県,姫路市,元町７５番地の１１,6700049
3140001094801,株式会社ストーン・ベル,兵庫県,姫路市,網干区垣内中町１２−５,6711253
3140001095056,株式会社シフォンドール,兵庫県,姫路市,北条宮の町５８４番地６,6700948
3140001095089,桂商事株式会社,兵庫県,姫路市,忍町２０６番地,6700917
3140001095155,株式会社ＲＯＣＫＨＥＡＲＴ,兵庫県,姫路市,夢前町塩田１３６−４,6712112
3140001095312,株式会社あかつきネットワークサービス,兵庫県,姫路市,市之郷町１丁目９,6700943
3140001095444,株式会社創風舎,兵庫県,姫路市,鍵町１２番地ベルハイツ白鷺６０２号,6700009
3140001095717,株式会社村上ファーム,兵庫県,姫路市,夢前町前之庄１６６４番地,6712103
3140001095898,株式会社お陽さまソーラーサービス,兵庫県,姫路市,飾磨区中野田１丁目５９番地三快マンション３０３号室,6728045
3140001095989,株式会社フォーマ,兵庫県,姫路市,西八代町１３番９号,6700876
3140001095997,株式会社新生コーポレーション,兵庫県,姫路市,実法寺７９８番地１,6712244
3140001096095,株式会社鱧兆,兵庫県,姫路市,夢前町置本３２７番地１６,6712122
3140001096228,株式会社服部建設,兵庫県,姫路市,御立中６丁目４番１１−１２号,6700073
3140001096269,大興不動産株式会社,兵庫県,姫路市,四郷町東阿保１２１７番地１,6710247
3140001096310,株式会社まるせん,兵庫県,姫路市,南条字高田３８２番地,6700952
3140001096368,株式会社弓岡建築工房,兵庫県,姫路市,山田町牧野４７９番地１,6792114
3140001096517,株式会社チヨダ,兵庫県,姫路市,安田４丁目２２番地,6700955
3140001096624,株式会社レカルト,兵庫県,姫路市,市川橋通１丁目１番地,6700825
3140001096715,株式会社縁,兵庫県,姫路市,八代本町１丁目１０番２３号,6700874
3140001097424,株式会社エコセンター,兵庫県,姫路市,三条町１丁目５番地,6700953
3140001097622,日本保険エージェンシー株式会社,兵庫県,姫路市,南駅前町９１−１０,6700962
3140001097647,バリバリアシスト株式会社,兵庫県,姫路市,広畑区才８０９−５,6711104
3140001097671,株式会社ビックアイランド,兵庫県,姫路市,忍町９６番地,6700917
3140001097754,ＧＩＡＮＥＸ株式会社,兵庫県,姫路市,勝原区宮田５３１番地１,6711213
3140001097903,株式会社のぎ保育園,兵庫県,姫路市,勝原区丁１３３番地５６４,6711203
3140001097952,ＷｅｂｒｙＯｎｅ株式会社,兵庫県,姫路市,飾磨区阿成鹿古７７３番地５,6728038
3140001097985,株式会社サクシード,兵庫県,姫路市,山田町西山田７０５番地４４,6792115
3140001098091,上口建設工業株式会社,兵庫県,姫路市,広畑区早瀬町２丁目１９番地３,6711151
3140001098208,株式会社複合材料創造研究所,兵庫県,姫路市,田寺東３丁目１６番１１号,6700081
3140001098364,株式会社ＴＡＧ,兵庫県,姫路市,飾磨区細江２５４０番地,6728064
3140001098488,株式会社井上殖産,兵庫県,姫路市,栗山町１２６番地イノウエビル,6700954
3140001098513,株式会社大倭,兵庫県,姫路市,飾磨区上野田４丁目３３５番地５,6728043
3140001098579,クロッカス株式会社,兵庫県,姫路市,飾磨区清水１７６番地,6728051
3140001098752,株式会社太陽,兵庫県,姫路市,忍町１１９番地１Ｆ,6700917
3140001098884,英照テック株式会社,兵庫県,姫路市,飾磨区今在家６４７番地１,6728079
3140001098975,株式会社ＭＴフロンティア,兵庫県,姫路市,南今宿２番３９号,6700054
3140001098983,株式会社明和プラントエンジニアリング,兵庫県,姫路市,木場前中町１７番地,6728018
3140001099032,ナイスリー株式会社,兵庫県,姫路市,網干区新在家１３７５番地２５,6711234
3140001099148,株式会社ＴＯＭエステート,兵庫県,姫路市,久保町２０番地,6700916
3140001099164,伊藤エンジニアリング株式会社,兵庫県,姫路市,西夢前台３丁目３２番地１,6712214
3140001099189,株式会社命の木,兵庫県,姫路市,魚町１００番地柳川ビル３階,6700905
3140001099288,株式会社ｅｍ,兵庫県,姫路市,佃町８２リッチウォーク佃町西側,6728049
3140001099494,株式会社植田工業,兵庫県,姫路市,大津区勘兵衛町１丁目７７番地の２,6711132
3140001099800,株式会社東影建築設計事務所,兵庫県,姫路市,辻井２丁目３番５０号,6700083
3140001099841,株式会社池内商事,兵庫県,姫路市,夢前町莇野２１２３番地１,6712106
3140001099908,株式会社新輝電設,兵庫県,姫路市,豊富町御蔭１５０９番地,6792122
3140001099916,株式会社ＭＧＭＣ,兵庫県,姫路市,勝原区勝原町１６番地８,6711212
3140001099998,株式会社板谷ペイント,兵庫県,姫路市,夢前町糸田５９４番地３,6712114
3140001100063,株式会社ヴェック,兵庫県,姫路市,飾磨区上野田５丁目１３０番地,6728043
3140001100402,株式会社ワンダーボックス,兵庫県,姫路市,北条梅原町９１番地,6700945
3140001100419,アヤノファミリーサービス株式会社,兵庫県,姫路市,勝原区熊見１７番地２７,6711211
3140001100427,株式会社ハンズ,兵庫県,姫路市,西駅前町８８キャスパビル２０３号,6700913
3140001100451,株式会社浦川工業,兵庫県,姫路市,木場十八反町３５−３,6728017
3140001100518,株式会社勇晴,兵庫県,姫路市,安富町名坂１２７番地１７,6712412
3140001100526,株式会社Ｅｒｆｏｌｇ,兵庫県,姫路市,花田町高木１５６,6710256
3140001100550,グリーンホームテック株式会社,兵庫県,姫路市,下手野４丁目６番２０号,6700063
3140001100641,株式会社オール,兵庫県,姫路市,飾磨区上野田１丁目１番地１,6728043
3140001100749,株式会社山本海運,兵庫県,姫路市,飯田１丁目３０番地１,6700974
3140001100798,ジャパンコンサルティングファーム株式会社,兵庫県,姫路市,白浜町宇佐崎北３丁目４５０番地,6728013
3140001100864,株式会社ＹＮ住設,兵庫県,姫路市,御国野町深志野２３番地５,6710231
3140001100906,株式会社伸央,兵庫県,姫路市,西今宿４丁目２番１５号,6700061
3140001100930,株式会社アイエスディ,兵庫県,姫路市,柿山伏６２番地,6700037
3140001101210,株式会社下谷フーズ,兵庫県,姫路市,東郷町１４５１番地５,6700821
3140001101350,株式会社一希コーポレーション,兵庫県,姫路市,宮西町３丁目１１番地８０３,6700837
3140001101648,株式会社エレジニア,兵庫県,姫路市,飾東町豊国７８番地の１,6710219
3140001101706,株式会社稲田屋,兵庫県,姫路市,東辻井４丁目５番８号,6700084
3140001101714,株式会社ＡｄｄＶｅｎｔｕｒｅ,兵庫県,姫路市,広畑区西夢前台４丁目６７番地,6711103
3140001102043,株式会社前田装飾,兵庫県,姫路市,北原２８４−１,6728002
3140001102142,マサキ工業株式会社,兵庫県,姫路市,網干区宮内２２９番地５ウスキハイツ２０３号室,6711222
3140001102159,株式会社グッドアップ,兵庫県,姫路市,夢前町護持１３６４番地１１５９,6712136
3140001102316,株式会社Ｋ−ＣＯＭＰＡＳＳ,兵庫県,姫路市,車崎１丁目８番３３号,6700058
3140001102654,株式会社安楽電工,兵庫県,姫路市,広畑区蒲田５丁目１６５番地１,6711102
3140001102679,株式会社創松,兵庫県,姫路市,土山７丁目９番１９号サンスーシ１０２号,6700996
3140001102910,株式会社安積,兵庫県,姫路市,東延末３丁目５６番地、３２４号,6700965
3140001102935,株式会社ライフサポートＳｉｅｇ．,兵庫県,姫路市,花田町勅旨１７５番地１フラワーヴィレッジ茉琴１０７号,6710254
3140001102992,株式会社喜楽,兵庫県,姫路市,鍛冶町１８−１,6700002
3140001103223,株式会社梶原建築設計事務所,兵庫県,姫路市,南町７６番地姫路城陽ビル４階,6700912
3140001103256,株式会社姫路カメラ,兵庫県,姫路市,保城３番地２,6700804
3140001103306,ＴＧテック株式会社,兵庫県,姫路市,北今宿１丁目６番２６号,6700057
3140001103355,あさひ産業株式会社,兵庫県,姫路市,東延末５丁目５２,6700965
3140001103561,株式会社ＦＰＪ,兵庫県,姫路市,本町１７５番地姫路本町開発ビル２階,6700012
3140001103702,株式会社土井嗣郎商店,兵庫県,姫路市,大津区平松４１５番地２,6711145
3140001103743,株式会社くるま屋スピッツ,兵庫県,姫路市,広畑区西夢前台４丁目７２番地,6711103
3140001103768,株式会社ｉＰＬＵＳ,兵庫県,姫路市,飾磨区中野田２丁目１６５番地,6728045
3140001103792,株式会社サンエー開発,兵庫県,姫路市,片田町９番１,6700045
3140001103966,株式会社難波工業,兵庫県,姫路市,広畑区西蒲田１６６５番地,6711107
3140001104304,播倉管財株式会社,兵庫県,姫路市,別所町北宿８５９番地の１,6710223
3140001104485,株式会社大東商事,兵庫県,姫路市,井ノ口４４３番地２７,6700983
3140001104543,株式会社桜の木,兵庫県,姫路市,大津区天神町２丁目４４番地シェーンシュロス１０４号,6711131
3140001104659,シンワフドウ株式会社,兵庫県,姫路市,大津区勘兵衛町２丁目２４６番４,6711132
3140001104865,株式会社辻本ナノアーク,兵庫県,姫路市,神子岡前２丁目１１番３号,6700055
3140001104948,株式会社大地,兵庫県,姫路市,東今宿１丁目１番２２−５０１号,6700056
3140001104964,株式会社ナナラプランニング,兵庫県,姫路市,八代７５６番地１１,6700872
3140001105095,株式会社エス・ティー・エイチ・インターナショナル,兵庫県,姫路市,元町６８番地９,6700049
3140001105319,キャリアリンクファクトリー株式会社,兵庫県,姫路市,豊沢町１３７番地,6700964
3140001105574,株式会社クワトロワークス,兵庫県,姫路市,飾磨区下野田１丁目３３番地,6728044
3140001105616,株式会社ＡＲＩＭＡ　Ｉｎｖｅｓｔｍｅｎｔ,兵庫県,姫路市,伊伝居５番地１０,6700871
3140001105855,株式会社ベクター,兵庫県,姫路市,北平野４丁目２番１号,6700893
3140001106069,株式会社ヤマモトタイル,兵庫県,姫路市,三条町１丁目４４番地,6700953
3140001106382,株式会社デイホーム・矢倉,兵庫県,姫路市,飾磨区矢倉町１丁目１６番地１,6728093
3140001106408,ゴダイホールディングス株式会社,兵庫県,姫路市,綿町１０４番地スクエアビル２Ｆ,6700921
3140001106589,株式会社ビックアイランド,兵庫県,姫路市,西庄甲１５５番地９,6700981
3140001106606,株式会社Ｃｒｏｓｓ　Ｌｉｎｅ　Ｔｒａｎｓｐｏｒｔ,兵庫県,姫路市,飾東町豊国３３番地３号,6710219
3140001106770,株式会社姫森工業,兵庫県,姫路市,大津区平松３９７番地２０,6711145
3140001106779,株式会社Ａ＆Ｓ工業,兵庫県,姫路市,大津区天神町２丁目１４３番地２,6711131
3140001107091,株式会社ａ．ｋ．ａ　ｃｏｓｍｅｔｉｃｓ,兵庫県,姫路市,北条永良町１９８番地１,6700946
3140001107240,株式会社快惺工業,兵庫県,姫路市,西今宿１丁目８番３６号セイカーサＩＩ−Ａ号室,6700061
3140001107323,株式会社アイサンクス,兵庫県,姫路市,下寺町１４３番地,6700932
3140001107422,ヒューマンリソースマネジメント株式会社,兵庫県,姫路市,飾磨区清水５１番地８０３,6728051
3140001107694,旭建工株式会社,兵庫県,姫路市,飾磨区妻鹿２０１番地３,6728031
3140001107851,株式会社大孝,兵庫県,姫路市,網干区興浜２０９３番地１３３,6711241
3140001107918,株式会社ワンネス,兵庫県,姫路市,飾磨区加茂南７８６番地８６,6728069
3140001108073,株式会社大成技建興業,兵庫県,姫路市,御国野町深志野２２番地６,6710231
3140001108172,株式会社ＢＲＡＮＤ　ＮＥＷ−Ｋ,兵庫県,姫路市,白浜町宇佐崎北２丁目１７２−３,6728013
3140001108239,株式会社エブリィライン,兵庫県,姫路市,夢前町前之庄７６０番地４８,6712103
3140001108247,株式会社Ｄｏｔｔｉａｍｏ,兵庫県,姫路市,北条梅原町２番地１,6700945
3140001108255,株式会社Ｌｉｎｋｐｌｕｓ,兵庫県,姫路市,岡田３３３番地１,6700982
3140001108370,ＣＭＳ株式会社,兵庫県,姫路市,玉手４丁目３５番地,6700985
3140001108643,グランメソッド株式会社,兵庫県,姫路市,元塩町１０１番地ワコーレ姫路オーナーズレジデンス５１０号,6700937
3140001108750,株式会社ＴＲガレージ,兵庫県,姫路市,花田町小川２４６番地,6710255
3140001108973,まつやま農園株式会社,兵庫県,姫路市,林田町松山２２５番地３,6794212
3140001109063,株式会社康建,兵庫県,姫路市,飾磨区中島４０７番地,6728035
3140001109146,株式会社めん工房ハシモト,兵庫県,姫路市,東雲町３丁目１番地の６,6700046
3140001109311,バタフライカヤックス株式会社,兵庫県,姫路市,西庄甲３２５番地,6700981
3140001109352,株式会社ハジメガカンジン,兵庫県,姫路市,田寺東１丁目６番２３号,6700081
3140001109501,株式会社ノードブリッジ,兵庫県,姫路市,城見台４丁目３番地７,6700803
3140001109567,佑宝株式会社,兵庫県,姫路市,飾磨区思案橋８９番地,6728075
3140001109699,株式会社エーライズ,兵庫県,姫路市,飾磨区中野田２丁目５番地,6728045
3140001109716,株式会社永田建築,兵庫県,姫路市,豊富町豊富３３６番地２,6792123
3140001109807,ａ．テック．ホーム株式会社,兵庫県,姫路市,東辻井３丁目３番２４号,6700084
3140001109963,株式会社ハリマ道路施設,兵庫県,姫路市,御国野町国分寺７４３番地２０,6710234
3140001109996,株式会社ワーク・ライフデザイン,兵庫県,姫路市,南町７６番地姫路城陽ビル４Ｆ,6700912
3140001110054,株式会社上月,兵庫県,姫路市,白銀町６番地,6700902
3140001110426,株式会社曽賀建設,兵庫県,姫路市,飾磨区今在家１０６５番地１０,6728079
3140001110681,桑原興業株式会社,兵庫県,姫路市,上手野２１５番地２,6700065
3140001110715,株式会社ケイハチマルサン,兵庫県,姫路市,網干区和久５３３番地２５,6711227
3140001110905,株式会社ウエモト,兵庫県,姫路市,四郷町見野９２１番地１,6710244
3140001111069,株式会社まこと,兵庫県,姫路市,西中島３８７番地５,6700805
3140001111184,株式会社ＭＣＬ,兵庫県,姫路市,林田町久保７番地４,6794201
3140001111382,コンパスローズ株式会社,兵庫県,姫路市,飾磨区構２丁目１４３番地１−２Ｆ,6728071
3140001111473,株式会社ＫＮＯＴ,兵庫県,姫路市,小姓町３５番地１船場西ビル１階１２号,6700043
3140001111597,株式会社Ｊ．Ｉ．Ｎ,兵庫県,姫路市,飯田５２８番地,6700974
3140001111655,株式会社Ｋ＆Ｃ,兵庫県,姫路市,飾磨区阿成植木１０８９番地,6728030
3140001111837,ヴァイスデンタルラボ株式会社,兵庫県,姫路市,東今宿２丁目６番１９号あづみマンション２０２号,6700056
3140001112034,バズーカーズ株式会社,兵庫県,姫路市,書写台１丁目１３番地１,6712203
3140001112083,株式会社ファイ,兵庫県,姫路市,西中島２０８番地４サンワプラザ花北９０１号,6700805
3140001112298,株式会社ねこバス亭,兵庫県,姫路市,田寺５丁目４番３４号プラザセレッソ１０２,6700086
3140001112364,株式会社ＳＡＭＵＲＡＩ,兵庫県,姫路市,広畑区東新町１丁目３７番地,6711121
3140001112406,株式会社杉商,兵庫県,姫路市,大津区恵美酒町２丁目１０１番地１４,6711136
3140001112546,株式会社ＹＣユニット,兵庫県,姫路市,亀井町５２アウトリバーマンション４０２号,6700925
3140001112595,ＩＳＫプランニング株式会社,兵庫県,姫路市,福沢町１３７番地−５０５,6700992
3140001112728,株式会社ＮＡＲＡコーポレーション,兵庫県,姫路市,御国野町深志野１４３番地,6710231
3140001112777,株式会社ＭＯＭＯ,兵庫県,姫路市,苫編６５８番地,6700986
3140001112793,株式会社メガ,兵庫県,姫路市,白浜町宇佐崎南２丁目３０番地,6728022
3140001112901,株式会社まうなケア,兵庫県,姫路市,兼田８１３番地１６８,6728001
3140001113123,白鷺測量設計株式会社,兵庫県,姫路市,総社本町４８番地,6700015
3140001113206,アイエスソリューション株式会社,兵庫県,姫路市,井ノ口４４３−２６,6700983
3140001113445,株式会社ＥＩＮＡＧＡ,兵庫県,姫路市,飾磨区高町１丁目３４３番地,6728081
3140001113511,株式会社大西ビル,兵庫県,姫路市,東辻井２丁目６番４０号,6700084
3140001113619,株式会社ユウケン,兵庫県,姫路市,飾磨区加茂１４０番地５,6728074
3140001113684,ティエムジャパン株式会社,兵庫県,姫路市,広畑区本町２丁目６０番地２号,6711114
3140001113841,ＷＨＩＴＥ　ＨＥＡＲＴ　ＬＡＮＥ株式会社,兵庫県,姫路市,八代緑ケ丘町１３番２３号,6700886
3140001113890,Ｎｉｃｈｅ建築設計株式会社,兵庫県,姫路市,立町５５番地日興ビル３０１号,6700903
3140001114154,株式会社プティブルー,兵庫県,姫路市,大塩町宮前１７番地,6710103
3140001114435,ＣＯＳＡＹ不動産株式会社,兵庫県,姫路市,網干区大江島６７４番地,6711231
3140001114518,株式会社住まい工房ふらっと,兵庫県,姫路市,花田町上原田５−４,6710251
3140001114550,神明株式会社,兵庫県,姫路市,北原３６０−１８,6728002
3140001114575,ミマス不動産株式会社,兵庫県,姫路市,木場１３６０番地,6728016
3140001114583,株式会社本部電気,兵庫県,姫路市,網干区浜田４０８番地４,6711242
3140001114674,株式会社ナカシマ,兵庫県,姫路市,阿保甲８７８番地,6700944
3140001114682,株式会社Ｓｏｕｌ＆Ｉｎｔｅｌｌｉｇｅｎｃｅ,兵庫県,姫路市,余部区上余部２２８−１,6711262
3140001114798,株式会社城山,兵庫県,姫路市,飾東町豊国２８９番地１,6710219
3140001115037,株式会社ＩＫＵＳＬ,兵庫県,姫路市,網干区浜田４０３番地モーメントスフェリセス１６、１０５号室,6711242
3140001115061,株式会社ＴＫＧ玩具,兵庫県,姫路市,広畑区東新町２丁目３６番地サンヒルズ五番館２０２号,6711121
3140001115111,岡本青果株式会社,兵庫県,姫路市,白浜町甲１９２０番地５４姫路市中央卸売市場内,6728023
3140001115391,株式会社プロフィット,兵庫県,姫路市,中地南町１４３番地,6700975
3140001115425,グッドフォーチュンスタッフィング株式会社,兵庫県,姫路市,三左衛門堀東の町３０−３０８,6700949
3140001115557,株式会社ＲＩＳＥ,兵庫県,姫路市,忍町２１０番地カルム白鷺１０−１０,6700917
3140001115722,株式会社ネイチャーワークス,兵庫県,姫路市,西延末３０５番地１０,6700971
3140001115986,株式会社ＤＯＯＯＮ,兵庫県,姫路市,御立中２丁目１０番７号,6700073
3140001115994,株式会社ＯＮＥ　ＴＥＡＭ,兵庫県,姫路市,魚町１８大生プライドビル２Ｆ,6700905
3140001116084,マツモト工業株式会社,兵庫県,姫路市,田寺東２丁目２８番１号,6700081
3140001116431,一工務店株式会社,兵庫県,姫路市,飾磨区中島４１４番地８８,6728035
3140001116448,株式会社フジテクニカル,兵庫県,姫路市,香寺町犬飼８６９番地９５,6792131
3140001116480,ＫＪ株式会社,兵庫県,姫路市,大津区勘兵衛町２丁目２０３番３,6711132
3140001116497,ダヴィンチキャピタル株式会社,兵庫県,姫路市,飾磨区恵美酒８９番地１０飾磨ＭＩＳＴＲＡＬビル,6728057
3140001116506,株式会社クリーンエコテック,兵庫県,姫路市,実法寺６０番地１,6712244
3140001116530,株式会社ＢＥＳＴ　ＪＯＢｓ,兵庫県,姫路市,網干区和久５１０番地２グランエストビル１Ｆ,6711227
3140001116596,株式会社ＡＧ．Ｗｏｒｋｓ,兵庫県,姫路市,本町１６７番地アルファステイツ姫路本町４０２号,6700012
3140001116613,株式会社ＴＲＫ,兵庫県,姫路市,飾磨区今在家６丁目５９番地２,6728079
3140001116638,株式会社ウエストフィールド,兵庫県,姫路市,広畑区才９２５番地１２,6711104
3140001116893,株式会社ジャパン・ソリスト,兵庫県,姫路市,飾東町庄３０８番地６−１,6710218
3140001117000,Ｙａｍａｄａ　Ｐｏｗｅｒ　Ｕｎｉｔ株式会社,兵庫県,姫路市,飾磨区清水１７２番地サンテデーレしかま２０２号室,6728051
3140001117082,株式会社ＭＩＳＡＫＩホールディングス,兵庫県,姫路市,四郷町上鈴１９７番地６,6710241
3140001117207,株式会社ナカシマ,兵庫県,姫路市,西二階町５６番地２０１,6700901
3140001117272,株式会社ｂｅａｕｔｅ,兵庫県,姫路市,北平野１丁目１３番６号,6700893
3140001117355,株式会社祥雲工芸,兵庫県,姫路市,東山１４３７番地,6728014
3140001117388,和田開発株式会社,兵庫県,姫路市,香寺町犬飼８７１番地２０,6792131
3140001117405,株式会社植村地所,兵庫県,姫路市,西二階町１１７番地,6700901
3140001117628,株式会社ネクストルームエージェント,兵庫県,姫路市,白浜町乙６８番地５,6728023
3140001117644,株式会社ＵＰ　ＳＯＯＮ,兵庫県,姫路市,香寺町犬飼６６３番地２,6792131
3140001117719,グリーンオリジン株式会社,兵庫県,姫路市,紺屋町５９番地,6700924
3140001117850,弘真建設株式会社,兵庫県,姫路市,勝原区下太田２７３番地２,6711201
3140001117917,リアン株式会社,兵庫県,姫路市,網干区和久４７１番地ＵＴＯＢＬＤ２０１,6711227
3140001117933,株式会社ビーアールエー,兵庫県,姫路市,飾磨区都倉３丁目３２番地１Ｆ,6728046
3140001118080,海星建設工業株式会社,兵庫県,姫路市,東今宿２丁目１番２６号,6700056
3140001118139,株式会社Ｎ−ＥＳＴＡＴＥ,兵庫県,姫路市,三条町１丁目４７番地,6700953
3140001118196,ウェルデイリィ株式会社,兵庫県,姫路市,飾磨区野田町６１番地１,6728040
3140001118262,株式会社陽葵,兵庫県,姫路市,大津区吉美７６３番地１,6711133
3140001119161,株式会社ＨＥＲＯ,兵庫県,姫路市,飾磨区玉地１丁目７１−１０２,6728052
3140001119178,株式会社タムラインダストリーズ,兵庫県,姫路市,駅前町３４３番地,6700927
3140001119186,株式会社フロンティア不動産販売,兵庫県,姫路市,飾磨区構４丁目１３５番地,6728071
3140001119376,株式会社ＬＥＡＶＥＳ,兵庫県,姫路市,五軒邸４丁目１２６番地,6700854
3140001119491,矢野商事株式会社,兵庫県,姫路市,飾磨区清水３丁目２６番地,6728051
3140001119772,株式会社千樹,兵庫県,姫路市,勝原区山戸１６７番地４北川ビル３階,6711214
3140001120061,株式会社マオ不動産,兵庫県,姫路市,山野井町１４４番地１,6700021
3140001120227,コーヨー住建株式会社,兵庫県,姫路市,増位本町１丁目６番５号３階,6700807
3140001120350,株式会社Ｆ．Ｃ．Ｓ,兵庫県,姫路市,石倉８０１番地２,6712231
3140001120607,株式会社ＲＥＶＥＬ,兵庫県,姫路市,御国野町深志野６６２番地,6710231
3140001120706,株式会社松ヶ下事務所,兵庫県,姫路市,林田町松山８１４番地,6794212
3140001120788,ＷＡＣＨＳＴＵＭ株式会社,兵庫県,姫路市,山田町西山田６９８番地６,6792115
3140001121340,株式会社Ｕ−ＭＳＲ,兵庫県,姫路市,青山３丁目３６番７号,6712222
3140001121365,株式会社六輝,兵庫県,姫路市,大津区天神町２丁目１４８番地１６,6711131
3140001121472,株式会社Ｋ＆М,兵庫県,姫路市,嵐山町１４番地７,6700029
3140001121563,株式会社ジュエル,兵庫県,姫路市,市之郷１４５３番地２,6700000
3140001121704,株式会社楽生,兵庫県,姫路市,中地南町２６番地７,6700975
3140001121737,姫路不動産販売株式会社,兵庫県,姫路市,綿町１１９番地,6700921
3140001121803,トーシン株式会社,兵庫県,姫路市,北条口３丁目１７番地２,6700935
3140001122041,ヘルシースマイル株式会社,兵庫県,姫路市,白国４丁目５番１１号,6700808
3140001122215,株式会社ミカゲテック,兵庫県,姫路市,飾東町佐良和１９４番地５,6710217
3140001122256,株式会社Ｋｉｄｓ　Ｓｍｉｌｅ,兵庫県,姫路市,豊富町神谷９４８番地,6792121
3140001122355,株式会社ＡＮ電工,兵庫県,姫路市,広畑区蒲田５丁目１６５番地１,6711102
3140001122446,株式会社八星ファシリティ,兵庫県,姫路市,飾東町豊国３９９番地,6710219
3140001122454,株式会社ＧｉＶＥ,兵庫県,姫路市,青山北３丁目１３番１２号,6712221
3140001122520,ＳｗｅｅｔＳｕｍｍｅｒ株式会社,兵庫県,姫路市,車崎１丁目５番１１−４０３号,6700058
3140001122594,大西ヒルズ株式会社,兵庫県,姫路市,南駅前町９１番地８−１３０４号,6700962
3140001122628,ハピネスサービス株式会社,兵庫県,姫路市,青山南２丁目２番２２号,6712223
3140001122883,株式会社吉田水道,兵庫県,姫路市,白浜町甲７４５−２,6728023
3140001122917,株式会社秀栄基礎,兵庫県,姫路市,飾磨区細江７７８番地Ａ,6728064
3140001122933,株式会社ＡＦＴＳＲ,兵庫県,姫路市,下寺町１１４番地下寺町ビル４階,6700932
3140001123031,ＫＲＫシステム株式会社,兵庫県,姫路市,飾磨区中島３３３９番地,6728035
3140001123106,株式会社ヒロ,兵庫県,姫路市,塩町７番地,6700904
3140001123139,沖代工業株式会社,兵庫県,姫路市,北条口５丁目２２番地,6700935
3140001123213,株式会社ＯｆｆｉｃｅＫ,兵庫県,姫路市,延末４５０番地１グラジオ姫路駅ウエストクリスタル６０１,6700966
3140001123320,株式会社寺田建築,兵庫県,姫路市,玉手１丁目４８番地２,6700985
3140001123502,株式会社剛建組,兵庫県,姫路市,青山西３丁目１１番２７号,6712224
3140001123642,誠真興業株式会社,兵庫県,姫路市,夢前町前之庄１番地５５,6712103
3140001123758,幸和工業株式会社,兵庫県,姫路市,余部区上余部７３１番地１,6711262
3140001124062,株式会社ＢＡＲＢＡ,兵庫県,姫路市,飾磨区城南町３丁目３番地２,6728083
3140001124070,共和テック株式会社,兵庫県,姫路市,家島町真浦１９８８番地,6720101
3140001124104,株式会社大進テック,兵庫県,姫路市,広畑区西蒲田６０４番地１,6711107
3140001124450,株式会社高島工業,兵庫県,姫路市,飾磨区阿成植木１０４９番地,6728030
3140001124467,株式会社ＳＲＮ,兵庫県,姫路市,花田町小川５９５番地１,6710255
3140001124517,メジャーホーム株式会社,兵庫県,姫路市,広畑区蒲田５丁目１６５番地２,6711102
3140001124913,ＳＳ食品株式会社,兵庫県,姫路市,網干区新在家１３７０−２０,6711234
3140001125093,株式会社白井工業,兵庫県,姫路市,船津町１０４２番地,6792101
3140001125449,株式会社中井建設,兵庫県,姫路市,御立東３丁目２１番２７号,6700072
3140001125597,株式会社平成不動産,兵庫県,姫路市,龍野町５丁目７番地１,6700032
3140001125754,株式会社輝ほーむ,兵庫県,姫路市,東延末４丁目１０３−２,6700965
3140001125903,橋本電装株式会社,兵庫県,姫路市,広畑区西蒲田３４５番地１,6711107
3140001125911,株式会社エイトシステム,兵庫県,姫路市,阿保乙３８６番地１,6700944
3140001126208,株式会社オバタ,兵庫県,姫路市,香寺町須加院６９番地,6792132
3140001126216,株式会社ジュン工務店,兵庫県,姫路市,飾磨区上野田３丁目１１９,6728043
3140001126331,株式会社ＰＨＪ,兵庫県,姫路市,飾磨区中島３４５６,6728035
3140001126587,株式会社ＳｉＫ,兵庫県,姫路市,駅前町３２９番地,6700927
3140001126711,株式会社ヒローズ,兵庫県,姫路市,兼田８５７番地４,6728001
3140001126851,ｓａｎｓｙｏ株式会社,兵庫県,姫路市,八代緑ケ丘町１２番２３号,6700886
3140001126959,株式会社Ｋｏｋｏｎａ,兵庫県,姫路市,駅前町３４５番地,6700927
3140001127016,株式会社ＳＡＫＵＲＡ,兵庫県,姫路市,市川橋通１丁目１７番地１−２０１,6700825
3140001127040,株式会社安室塗研,兵庫県,姫路市,香寺町須加院３３８番地２１２,6792132
3140001127164,株式会社ＴＫＵ,兵庫県,姫路市,書写２３４２番地４,6712201
3140001127321,株式会社ストロベリー,兵庫県,姫路市,香寺町中仁野１１２番地,6792143
3140001127338,株式会社ＥＡＲＬ,兵庫県,姫路市,北条１丁目７９番地宮崎ビル３０２号室,6700947
3140001127346,株式会社ファーストグループ,兵庫県,姫路市,北条宮の町４１２番地ＭＩＳＴＲＡＬ北条宮の町２０２,6700948
3140001127437,Ｇ・Ｃ・Ａ株式会社,兵庫県,姫路市,御立東２丁目３０番１６号,6700072
3140001127511,株式会社ＭＩＫＡＴＡ,兵庫県,姫路市,城見台３丁目１１１１番地８６,6700803
3140001127569,株式会社松村工業,兵庫県,姫路市,大津区勘兵衛町２丁目１１１番地,6711132
3140001127593,株式会社プライベートセレモニー,兵庫県,姫路市,勝原区山戸１６６番地２,6711214
3140001127899,株式会社ＳＳＪ,兵庫県,姫路市,安田４丁目５３番地２１湯浅ビル３０２,6700955
3140001127924,大工後藤株式会社,兵庫県,姫路市,八代７７９番地１８,6700872
3140001128006,エスワイ・エステート株式会社,兵庫県,姫路市,網干区和久１２５番地１６,6711227
3140001128088,株式会社花信,兵庫県,姫路市,飾磨区上野田４丁目３３６番地３,6728043
3140001128121,株式会社井翔,兵庫県,姫路市,飾磨区今在家３丁目２６６番地２,6728079
3140001128162,株式会社ＳＥＹＫＹＯ,兵庫県,姫路市,飾磨区妻鹿７７０番地３,6728031
3140001128187,ＢＯＮＤ株式会社,兵庫県,姫路市,広畑区西蒲田８１１番地１,6711107
3140001128591,千真庭匠株式会社,兵庫県,姫路市,四郷町山脇２２４−１,6710248
3140001128617,株式会社赤松,兵庫県,姫路市,青山西１丁目４番５号ヒョウゴナカムラ本社ビル１０５,6712224
3140001128699,株式会社あかね會,兵庫県,姫路市,城東町野田１番地５,6700844
3140001128889,株式会社メディフォワード,兵庫県,姫路市,二階町８０,6700922
3140001128930,株式会社ハクロ,兵庫県,姫路市,書写字梅垣内１７４６番地１,6712201
3140001128971,株式会社古江建設,兵庫県,姫路市,青山南２丁目２番３号,6712223
3140001128996,株式会社令和防災,兵庫県,姫路市,的形町的形３８９３番地２６,6710111
3140001129020,株式会社ＩＮＦＩＮＩＴＹ,兵庫県,姫路市,忍町１７２番地１ワコーレ姫路クロススクエア９０３,6700917
3140001129053,株式会社イベントファクトリー,兵庫県,姫路市,飾磨区中野田２丁目２９番地,6728045
3140001129086,アイル株式会社,兵庫県,姫路市,安田４丁目８８番地,6700955
3140001129111,アスザックス株式会社,兵庫県,姫路市,小姓町３５番地１の２７、２階４号,6700043
3140001129202,太田産業株式会社,兵庫県,姫路市,八代７４２番地７,6700872
3140001129235,姫路警備保障株式会社,兵庫県,姫路市,名古山町１１番３７号,6700051
3140001129243,株式会社ＮＥＯ‐ＴＥＣ,兵庫県,姫路市,広畑区正門通４丁目４番地５ロワイヤル広畑５０３号,6711116
3140001129342,株式会社ＴＨＡＩ　ＡＮ,兵庫県,姫路市,花田町加納原田９５１番地８,6710252
3140001129367,株式会社グリーンエステート,兵庫県,姫路市,木場１２６２番地１,6728016
3140001129400,株式会社ｉＯ,兵庫県,姫路市,飾磨区清水１２６番地２,6728051
3140001129499,株式会社べんざいてん,兵庫県,姫路市,西夢前台３丁目１５番地,6712214
3140001129648,株式会社サンテックジャパン,兵庫県,姫路市,勝原区下太田２２２番地１プラ・ディオビル２階,6711201
3140001130052,株式会社ＳＩＲＯ,兵庫県,姫路市,大津区勘兵衛町１丁目２７番地,6711132
3140001130069,キシモトデザイン株式会社,兵庫県,姫路市,香寺町中仁野６５５番地４,6792143
3140001130077,株式会社天野綜合設備,兵庫県,姫路市,岡田４３８番地１,6700982
3140001130093,株式会社ＣＨＡＩＮ,兵庫県,姫路市,白浜町丙４９３番地３０,6728023
3140001130151,株式会社ＡＧ工業,兵庫県,姫路市,大寿台１丁目１番７号,6700898
3140001130416,株式会社銘希商事,兵庫県,姫路市,西夢前台２丁目１５番地,6712214
3140001130424,オハイアリイ株式会社,兵庫県,姫路市,別所町別所３丁目１２３番地１,6710221
3140001130449,Ｋ８株式会社,兵庫県,姫路市,北条口２丁目８１番地２,6700935
3140001130457,株式会社シン,兵庫県,姫路市,大津区勘兵衛町２丁目２２８番地,6711132
3140001130481,株式会社ＷＫＴ,兵庫県,姫路市,飾磨区清水７４番地２,6728051
3140001130523,株式会社Ｙ＆Ｋｃｈｅｆｓ,兵庫県,姫路市,辻井１丁目３番４４−５号,6700083
3140001130572,エフピーパートナーズ株式会社,兵庫県,姫路市,飾西３８番地１,6712216
3140001130845,株式会社ＶＡＮＲＯＣＫ,兵庫県,姫路市,南新在家２０番２８号,6700093
3140001130944,株式会社Ｉ．Ｒ．Ｏ,兵庫県,姫路市,南条５００番地,6700952
3140001130985,株式会社ＮＫプラントテクノ,兵庫県,姫路市,網干区新在家１４３６番地１ＤＡＩＫＩ網干ビル２０１号室,6711234
3140001130993,株式会社ツバキ建設,兵庫県,姫路市,豊富町豊富２７２６番地１,6792123
3140001131034,株式会社ＲＹＯＭＡ,兵庫県,姫路市,白浜町宇佐崎北１丁目５５番地２,6728013
3140001131224,株式会社苣木工業,兵庫県,姫路市,飾磨区西浜町１丁目１０番地,6728086
3140001131298,ノアフェリス株式会社,兵庫県,姫路市,東山５２４番地,6728014
3140001131356,株式会社ＯＫＵＭＵＲＡ　Ｓｅｃｕｒｉｔｙ,兵庫県,姫路市,北平野南の町３番３５号,6700887
3140001131439,株式会社Ｂａｒｊａｃ,兵庫県,姫路市,田寺東４丁目２６番３号,6700081
3140001131447,ＩＫ　ＴＲＡＤＩＮＧ株式会社,兵庫県,姫路市,大塩町１４１−４,6710101
3140001131496,株式会社神戸新聞しかま専売所,兵庫県,姫路市,亀山１８４番地の７,6700973
3140001131505,株式会社シンハライト,兵庫県,姫路市,広畑区則直９８番地２７,6711105
3140001131694,株式会社ＧＥＮＪＩ,兵庫県,姫路市,花影町２丁目１１−６ルークレジデンスｎｕｅｖｅ８０４,6700047
3140001131703,株式会社ＡＴＨＬＩＳＳ,兵庫県,姫路市,御立北１丁目１０番３号,6700071
3140001131744,株式会社ｆｅｓｔｏｒｉａ,兵庫県,姫路市,香寺町犬飼４４１番地３,6792131
3140001131785,エスケイ会計事務所株式会社,兵庫県,姫路市,飾磨区恵美酒３１０番地,6728057
3140001131868,株式会社ＬＩＦＩＸ,兵庫県,姫路市,広畑区東新町３丁目１４７番地グレイス夢前川２Ｆ,6711121
3140001131983,株式会社山陽,兵庫県,姫路市,飾磨区構２丁目１３８番地シャーメゾン構２０３,6728071
3140001132123,株式会社Ｔ２Ｇ,兵庫県,姫路市,東雲町２丁目１３番地３,6700046
3140001132148,株式会社エム,兵庫県,姫路市,中地６８７番地３,6700976
3140001132338,株式会社Ａｖｅｎｇｅｒｓ,兵庫県,姫路市,北原３６２番地１,6728002
3140001132354,ＳｔｒａｄａＷｏｒｋｓ株式会社,兵庫県,姫路市,豊富町御蔭２５０−６６,6792122
3140001132420,株式会社ＭＯＹ,兵庫県,姫路市,飾磨区高町１丁目２９５番地１,6728081
3140001132767,Ｌｅｇｒａｎｄｃｉｅｌ株式会社,兵庫県,姫路市,広畑区蒲田５丁目２１番地６,6711102
3140001132908,株式会社千代工業,兵庫県,姫路市,勝原区宮田５４５番地１３,6711213
3140001132940,株式会社エクステリア西川,兵庫県,姫路市,飾西１１番地６,6712216
3140001132949,株式会社ｓｔａｒｋ,兵庫県,姫路市,宮西町３丁目２０番地,6700837
3140001133063,干支株式会社,兵庫県,姫路市,継６０番地８,6728004
3140001133212,株式会社ニッコウ自動車,兵庫県,姫路市,林田町六九谷１７８番地３,6794211
3140001133229,株式会社ＵＳ,兵庫県,姫路市,網干区坂出１４−５,6711228
3140001133360,株式会社オフィスらっちょ,兵庫県,姫路市,東山２４７番地５,6728014
3140001133518,株式会社兜,兵庫県,姫路市,土山東の町７−１５,6700995
3140001133583,株式会社リンク,兵庫県,姫路市,西二階町２２番地,6700901
3140001133724,株式会社至誠警備保障,兵庫県,姫路市,城北新町１丁目１１番３１号,6700883
3140001133930,株式会社ＭＩＮＤ‐ＫＶＥＬＬ,兵庫県,姫路市,紺屋町６７エーコービル,6700924
3140001134292,株式会社ＮＩＴＴＯ,兵庫県,姫路市,網干区新在家９２９番地１,6711234
3140001134359,株式会社Ｌｉｆｅ　Ｔｉｍｅ,兵庫県,姫路市,刀出１０番地の３,6712241
3140001134631,株式会社愛Ｉサービス,兵庫県,姫路市,白浜町甲１３１１番地４,6728023
3140001134763,株式会社トラノアトランスポート,兵庫県,姫路市,青山北１丁目２３番９号,6712221
3140001134796,株式会社ＳＨＩＲＡＳＡＧＩエンターテインメント,兵庫県,姫路市,勝原区熊見３８３番地,6711211
3140001134813,株式会社タン・リエ,兵庫県,姫路市,土山５丁目４４１番地２,6700996
3140001135316,株式会社コネクトハーツ,兵庫県,姫路市,青山西２丁目２６番１４号インタービレッジ青山三番館Ｂ,6712224
3140001135349,株式会社大志工業,兵庫県,姫路市,大津区長松３０５番地２９,6711144
3140001135530,株式会社ベアエイトホールディングス,兵庫県,姫路市,安田４丁目１６９番地ＭＩＳＴＲＡＬ姫路駅前ＶＩＩＩ安田,6700955
3140001135571,株式会社ＩＣ,兵庫県,姫路市,飯田２丁目８８ひめこう房ビル西側入口２階,6700974
3140001135670,ＭＪ技研株式会社,兵庫県,姫路市,西二階町１２０番地,6700901
3140001135737,株式会社Ｓｃｉ＆Ｖｅｓｔ,兵庫県,姫路市,飾磨区阿成中垣内９９２番２号,6728058
3140001135860,ＢＵＲＫＥＧＯＬＦ　ＪＰ株式会社,兵庫県,姫路市,飾磨区野田町９５番地３第１ニシキビル１Ｆ,6728040
3140001135984,ＭａｓｓｉｏＴＮ株式会社,兵庫県,姫路市,白浜町寺家２丁目１４７番地２,6728012
3140001136099,株式会社さくらレーベン,兵庫県,姫路市,花田町小川１７６番地,6710255
3140001136272,株式会社ｐｌｕｓ　ｏｎｅ,兵庫県,姫路市,中地南町３０,6700975
3140001136446,株式会社迂回,兵庫県,姫路市,忍町２１番地,6700917
3140001136628,マルチコム株式会社,兵庫県,姫路市,飾磨区妻鹿１３６０番地１３,6728031
3140001136735,株式会社ＴＫパートナーズ,兵庫県,姫路市,勝原区熊見１２１番地１,6711211
3140001136834,株式会社ウォンパートナーズ,兵庫県,姫路市,飾磨区英賀西町２丁目７２番地スマイルパレスＢ,6728088
3140001136982,株式会社ＺｅｎＺａｉ,兵庫県,姫路市,東延末２丁目２４番地アークビル１Ｆ,6700965
3140001137072,株式会社ケイ＆ケイ,兵庫県,姫路市,白浜町甲２１６９番地５,6728023
3140001137171,株式会社ルミナス電力,兵庫県,姫路市,呉服町２７番地,6700923
3140001137205,株式会社ミライトサポート,兵庫県,姫路市,花田町高木１０９番地１,6710256
3140001137378,株式会社夢咲屋,兵庫県,姫路市,夢前町杉之内１７４−２,6712111
3140001137452,株式会社播磨メンテナンス,兵庫県,姫路市,飾西１０番地２,6712216
3140001137733,株式会社ＭＧ,兵庫県,姫路市,継５５番地２７,6728004
3140001137824,株式会社ＧＡＲＡＧＥ４２,兵庫県,姫路市,白国４丁目９−１１アゼリア２０１号室,6700808
3140001137956,株式会社ｄｅ　ｌｉａｉｓｏｎ,兵庫県,姫路市,大塩町１８８−１,6710101
3140001137972,株式会社アルゴ,兵庫県,姫路市,下手野５丁目２３番４４−２号,6700063
3140001138013,株式会社Ｂｕｉｌｄ　Ｃｏｎｎｅｃｔ,兵庫県,姫路市,広畑区西蒲田１６６５番地,6711107
3140001138112,株式会社ＹＵＷＡ,兵庫県,姫路市,新在家３丁目２番３６号,6700095
3140001138129,株式会社西影畜産,兵庫県,姫路市,夢前町新庄１１２９番地１,6712102
3140001138269,ベル・ガーデン株式会社,兵庫県,姫路市,岩端町７５番地２,6700028
3140001138343,株式会社Ｓｏｌｔｉ　ｅｓｔ,兵庫県,姫路市,梅ケ谷町７番１号,6700894
3140001138351,Ｙｏｕｔｏｐｉａ株式会社,兵庫県,姫路市,忍町１７２番地１−９０２号,6700917
3140001138401,株式会社Ｒｏｏｆｅｒ’ｓ,兵庫県,姫路市,豊富町豊富４４７番地１,6792123
3140001138450,雅工業株式会社,兵庫県,姫路市,広畑区北河原町７６番地５北河原マンション５棟２０２号,6711111
3140001138459,株式会社ＦＩＶＥ,兵庫県,姫路市,駅前町２６６番地,6700927
3140001138467,誠真エンジニアリング株式会社,兵庫県,姫路市,飾磨区英賀西町１丁目１８番地,6728088
3140001138665,株式会社タカマツ,兵庫県,姫路市,北平野南の町４番４１号,6700887
3140001138698,株式会社悠トラフィック,兵庫県,姫路市,東山４８１番地７,6728014
3140001138715,株式会社ななつ星,兵庫県,姫路市,立町１４番地クリスタルビル１Ｆ,6700903
3140001138731,株式会社Ｋ＆Ｗｉｌｌ,兵庫県,姫路市,総社本町１５９番地,6700015
3140001139192,株式会社ＲａｉｌＨｏｍｅ,兵庫県,姫路市,大津区天神町２丁目３９番地１フォレスト１０１号室,6711131
3140001139283,播磨合同協力株式会社,兵庫県,姫路市,井ノ口４０５番地１ガレージロタス井ノ口３号室,6700983
3140001139531,株式会社ＮＥＸＵＳ　ＧＬＯＢＡＬ　ＴＲＡＤＩＮＧ,兵庫県,姫路市,勝原区宮田５８８−３−２Ｆ,6711213
3140001140159,株式会社ＡＬＩ　ＧＡＲＡＧＥ７２,兵庫県,姫路市,白国４丁目７−３８・２階１３号,6700808
3140001140530,株式会社千金,兵庫県,姫路市,本町２２４番地,6700012
3140001140992,株式会社川上,兵庫県,姫路市,北条５８４番地１３,6700947
3140001141256,株式会社ＫＹＳＴ,兵庫県,姫路市,飾磨区構３丁目５１４番地,6728071
3140001141306,株式会社アンビエンス,兵庫県,姫路市,上手野１７３番地１Ｃ号室,6700065
3140001141322,株式会社ＨＩＢＩ,兵庫県,姫路市,八代東光寺町１４番８号,6700873
3140001141330,株式会社高橋不動産,兵庫県,姫路市,五軒邸２丁目３２番地,6700854
3140001141396,株式会社マンケイブ,兵庫県,姫路市,東延末５丁目６３番地,6700965
3140001141495,株式会社不動産コンサル,兵庫県,姫路市,御国野町国分寺７６６−６,6710234
3140001141545,株式会社興洋商事,兵庫県,姫路市,飾磨区今在家１１４０番地５,6728079
3140001141586,株式会社緑開発,兵庫県,姫路市,飾磨区妻鹿７９１番地の１０,6728031
3140001141636,株式会社ＫＳＫテック,兵庫県,姫路市,東山５４６番地１,6728014
3140001141652,中村工業株式会社,兵庫県,姫路市,大塩町７８２番地１３,6710101
3140001141966,Ｅｌｅｍｕｅ．株式会社,兵庫県,姫路市,神屋町２丁目２０−２ジュネス神屋町３０２,6700836
3140001142270,株式会社Ｙ．Ｋ．Ｐａｒｔｎｅｒｓ,兵庫県,姫路市,辻井９丁目１１番８号,6700083
3140001142312,株式会社ビューポイント,兵庫県,姫路市,網干区和久３４４番地１−１１０５号,6711227
3140001142320,株式会社田中設備,兵庫県,姫路市,夢前町宮置７０１番地１,6712121
3140001142337,株式会社ＭＩＺＵ,兵庫県,姫路市,広峰１丁目５番１２号,6700882
3140001142444,株式会社横内商店,兵庫県,姫路市,町坪４３６番地４,6700984
3140001142485,株式会社ｍｃｃ,兵庫県,姫路市,福中町６９番地,6700017
3140001142568,株式会社宮脇機工,兵庫県,姫路市,網干区興浜９０７番地１３３,6711241
3140002048649,株式会社サンケイ,兵庫県,姫路市,広畑区吾妻町１丁目７６番地,6711154
3140002048772,株式会社ジャスト・ケア,兵庫県,姫路市,豊沢町２４番地,6700964
3140002048822,株式会社シンエイ,兵庫県,姫路市,四郷町東阿保字下新田１０１０の７７,6710247
3140002049473,株式会社寿宝興業,兵庫県,姫路市,網干区興浜１４７９番地１,6711241
3140002049762,株式会社東京ファイナンス,兵庫県,姫路市,忍町８７番地,6700917
3140002049812,株式会社トップ工業,兵庫県,姫路市,継１６３番地４,6728004
3140002050381,ＰＨＡ株式会社,兵庫県,姫路市,青山西１丁目９番１０号,6712224
3140002050786,オーエイハウジング株式会社,兵庫県,姫路市,飾磨区野田町１５３番地,6728040
3140002051413,株式会社山田屋制服,兵庫県,姫路市,紺屋町３０番地,6700924
3140002053715,アプリコット株式会社,兵庫県,姫路市,飾磨区上野田２丁目８０番地,6728043
3140003007001,梶原株式会社,兵庫県,姫路市,大塩町４５７番地,6710101
3140003007414,株式会社ティーエッチエスサポート,兵庫県,姫路市,夢前町山冨４０番地,6712123
3140003009708,いえしまコンシェルジュ株式会社,兵庫県,姫路市,家島町宮１０９番１６,6720102
3140003012199,株式会社なかにし,兵庫県,姫路市,龍野町１丁目７番地１,6700032
3140003015350,株式会社ＫＲＭ,兵庫県,姫路市,飾磨区野田町１２７番地高田姫路南ビル５階,6728040
3140005015150,株式会社夢米,兵庫県,姫路市,夢前町高長３０６番地１,6712117
3190001030792,炬佳國際貿易株式会社,兵庫県,姫路市,林田町八幡４５８,6794215
3260001008617,日本ガイア株式会社,兵庫県,姫路市,香寺町中寺３８０番地,6792164
3260001009210,株式会社クリーン興産,兵庫県,姫路市,飾磨区中島字宝来３０６７番地の１７,6728035
3260001025744,株式会社タマデン,兵庫県,姫路市,北条４４８番地９エイジングコート姫路４０６号,6700947
3290001017755,株式会社舞鶴フーズ,兵庫県,姫路市,飾磨区構２丁目１２番地,6728071
3290801009241,株式会社ジャパンパーク＆リゾート,兵庫県,姫路市,豊富町神谷字大蔵１４３４番地,6792121
4010001199257,新日本開発ホールディングス株式会社,兵庫県,姫路市,飾磨区中島３０５９番地２,6728035
4010401084364,株式会社ファインドア,兵庫県,姫路市,田寺東４丁目１４−１７,6700081
4010401144606,株式会社ブリアンジェ,兵庫県,姫路市,余部区下余部９０番地３,6711261
4021001027002,株式会社テクノスクリエイト,兵庫県,姫路市,夢前町寺１８２４番地２０,6712116
4030001031707,ＷＤＢ機能化学株式会社,兵庫県,姫路市,豊沢町７９番地,6700964
4120001140291,ＤＡＩＳＹＯＵ株式会社,兵庫県,姫路市,花影町１丁目４１番地,6700047
4120001179553,株式会社Ｙ‐ＰＲＯＪＥＣＴ,兵庫県,姫路市,継２５４番地２５,6728004
4120001195377,株式会社ＧＥＮＴＬＥ,兵庫県,姫路市,魚町１１５番地,6700905
4120001201572,株式会社ＣＧ本部,兵庫県,姫路市,別所町小林２６６−１０,6710222
4120001202835,源生貿易株式会社,兵庫県,姫路市,夢前町塩田１８４番地２メゾネット南都４,6712112
4120001202942,ＭＡＫＡＮＡ　ＪＡＰＡＮ株式会社,兵庫県,姫路市,南町６３番地ミツワビル３Ｆ,6700912
4120001224094,メガロドン株式会社,兵庫県,姫路市,城北新町２丁目１０番３２−４号,6700883
4120101020542,株式会社第一ゴルフサービスショップ,兵庫県,姫路市,五軒邸３丁目４５番地,6700854
4120101052222,株式会社Ｙｓｎｇ,兵庫県,姫路市,南畝町１丁目４１番地,6700961
4120901014388,株式会社アイディ,兵庫県,姫路市,緑台２丁目１０番１１号,6712247
4130001055893,株式会社ＦＩＮＤｉｔ,兵庫県,姫路市,西新町１２０番地１１,6700033
4140001013545,高橋産業株式会社,兵庫県,姫路市,広畑区蒲田５丁目１２番地２,6711102
4140001026407,株式会社金諾フーズ,兵庫県,姫路市,実法寺３４０番地１,6712244
4140001029013,エヌジーエヌ株式会社,兵庫県,姫路市,北今宿１丁目９番１３号,6700057
4140001030243,株式会社宏隆産業,兵庫県,姫路市,岡町２３番地岡町中村コープ３０８号,6700026
4140001037890,株式会社メディアプラン,兵庫県,姫路市,飾磨区細江１７５番地エンブレイス姫路６０３,6728064
4140001038138,株式会社ＩＳＴＣ,兵庫県,姫路市,飾磨区中島３００１番地,6728035
4140001038154,株式会社ケイズ,兵庫県,姫路市,白銀町１８番地日本生命姫路白銀町ビル７Ｆ,6700902
4140001039391,株式会社ディ・グレイス,兵庫県,姫路市,八代宮前町１４番６号,6700885
4140001040630,株式会社ＩＳコーポレーション,兵庫県,姫路市,香寺町中仁野３９８番の３,6792143
4140001040795,株式会社Ｎプレイン,兵庫県,姫路市,辻井６丁目１７番１号,6700083
4140001040820,株式会社交邦,兵庫県,姫路市,勝原区朝日谷４４８番地の３,6711204
4140001044235,鵬和興産株式会社,兵庫県,姫路市,東山１２５７,6728014
4140001045118,スカイジャパン株式会社,兵庫県,姫路市,東夢前台３丁目６２番地,6700064
4140001045472,株式会社ＭＣＳ,兵庫県,姫路市,大津区天神町１丁目４７番地１３,6711131
4140001057303,株式会社オンリーワン,兵庫県,姫路市,栗山町１２６番地,6700954
4140001057427,葵鋼業株式会社,兵庫県,姫路市,広畑区大町１丁目４６番地,6711155
4140001057435,株式会社アイエヌケー,兵庫県,姫路市,夢前町野畑２２２番地の１,6712137
4140001057451,株式会社アース,兵庫県,姫路市,東辻井１丁目１番６号,6700084
4140001057468,アート開発株式会社,兵庫県,姫路市,南今宿５番１６号,6700054
4140001057476,株式会社アイテック,兵庫県,姫路市,栗山町１７４番地１フジイビル２−１号,6700954
4140001057484,株式会社アーベスト,兵庫県,姫路市,東延末１丁目８９番地２,6700965
4140001057492,青山サービス株式会社,兵庫県,姫路市,青山西４丁目２番１号,6712224
4140001057501,アーリー株式会社,兵庫県,姫路市,田寺東１丁目４番１３号,6700081
4140001057518,株式会社アクアリサーチ,兵庫県,姫路市,安田４丁目８９番地,6700955
4140001057526,株式会社赤鹿地所,兵庫県,姫路市,辻井１丁目１番２３号,6700083
4140001057534,アキツ建設株式会社,兵庫県,姫路市,広畑区北河原町５９番地,6711111
4140001057542,赤松電機工業株式会社,兵庫県,姫路市,飾磨区山崎１５９番地の２,6728097
4140001057550,株式会社あすか,兵庫県,姫路市,二階町１９番地,6700922
4140001057559,飛鳥土地株式会社,兵庫県,姫路市,辻井５丁目９番９号,6700083
4140001057567,株式会社アステック,兵庫県,姫路市,実法寺１０５番地,6712244
4140001057575,株式会社アサヒ,兵庫県,姫路市,西今宿１丁目４番１号,6700061
4140001057583,株式会社アサヒギャランテック,兵庫県,姫路市,豊富町御蔭字刈又山３３５２番地の７６,6792122
4140001057617,株式会社安全自動車工作所,兵庫県,姫路市,土山２丁目１２番３３号,6700996
4140001057633,網干興産株式会社,兵庫県,姫路市,網干区新在家２０７５番地の３８,6711234
4140001057641,株式会社ポップジョイ西姫路,兵庫県,姫路市,網干区津市場２２１番地,6711224
4140001057658,アユミ工業株式会社,兵庫県,姫路市,別所町家具町６０番地,6710225
4140001057674,株式会社有田組,兵庫県,姫路市,飾東町山崎１２３１番地,6710207
4140001057682,株式会社アルバータダイニング,兵庫県,姫路市,白国１丁目５番１７号,6700808
4140001057690,株式会社いおい,兵庫県,姫路市,二階町７４番地,6700922
4140001057699,家島建設株式会社,兵庫県,姫路市,飾磨区三宅２丁目５９番地,6728048
4140001057708,株式会社飯田電気,兵庫県,姫路市,花田町加納原田３８９番地,6710252
4140001057732,株式会社いすい装芸,兵庫県,姫路市,大塩町８５３番地の６,6710101
4140001057740,石崎興業株式会社,兵庫県,姫路市,大津区勘兵衛町１丁目１４８番地３,6711132
4140001057757,井沢エンジニアリング株式会社,兵庫県,姫路市,大塩町４９８番地の１,6710101
4140001057765,株式会社井藤工務店,兵庫県,姫路市,豊富町神谷１２８８番地,6792121
4140001057773,株式会社イトケン,兵庫県,姫路市,田寺６丁目６−２３,6700086
4140001057781,株式会社市川電機製作所,兵庫県,姫路市,花田町一本松字市の坪２３４番地,6710253
4140001057798,株式会社エスコンストラクション,兵庫県,姫路市,白浜町甲４０２番地の３５０,6728023
4140001057807,株式会社インテルナパリー,兵庫県,姫路市,網干区北新在家３５番地,6711235
4140001057815,株式会社井上自動車工業所,兵庫県,姫路市,幸町１８５番地,6700835
4140001057823,井上ビル株式会社,兵庫県,姫路市,北条２３４番地１７,6700947
4140001057831,株式会社稲田商会,兵庫県,姫路市,広畑区東新町３丁目１４０番地の９,6711121
4140001057856,岩井青果株式会社,兵庫県,姫路市,忍町１８番地,6700917
4140001057864,岩見建設工業株式会社,兵庫県,姫路市,北原字コモラ４４９番地の１,6728002
4140001057872,株式会社魚栄,兵庫県,姫路市,網干区興浜９０７番地,6711241
4140001057880,株式会社ウエダ,兵庫県,姫路市,飾東町山崎５４５番地の２,6710207
4140001057889,株式会社ヴァントランスポート,兵庫県,姫路市,飾磨区野田町２０番地,6728040
4140001057897,上野畳株式会社,兵庫県,姫路市,花田町勅旨３３２番地の１,6710254
4140001057906,株式会社ウエルハーモニー,兵庫県,姫路市,砥堀５６５番地,6700802
4140001057914,株式会社ウッドジャパン,兵庫県,姫路市,西庄甲３５０番地,6700981
4140001057922,宇野建設株式会社,兵庫県,姫路市,大津区西土井１９３番地の１２,6711141
4140001057930,梅津機設工業株式会社,兵庫県,姫路市,新在家本町６丁目４番３７号,6700092
4140001057947,株式会社エイコウ,兵庫県,姫路市,白浜町宇佐崎南１丁目２９番地,6728022
4140001057955,栄家タイル株式会社,兵庫県,姫路市,御国野町御着１１８９番地,6710232
4140001057963,株式会社エイド,兵庫県,姫路市,緑台２丁目４番６−１０１号,6712247
4140001057971,エイビーシー燐寸株式会社,兵庫県,姫路市,白浜町甲３１０番地,6728023
4140001057988,栄和電機株式会社,兵庫県,姫路市,町坪字山田１１７番地,6700984
4140001058004,株式会社エスピーシー,兵庫県,姫路市,元塩町１４４番地,6700937
4140001058012,株式会社エッセンフーズ,兵庫県,姫路市,亀山３６０番地,6700973
4140001058020,エンパイアエステート株式会社,兵庫県,姫路市,東今宿１丁目５番１８号,6700056
4140001058029,株式会社江鮒フアミリーセンター,兵庫県,姫路市,豊富町甲丘４丁目２番地の２,6792124
4140001058037,株式会社エムアンドエム食品,兵庫県,姫路市,東郷町１４５１番地１,6700821
4140001058045,エムティフーズ株式会社,兵庫県,姫路市,青山西４丁目２番１号,6712224
4140001058053,株式会社エル・ディ・エヌ,兵庫県,姫路市,神子岡前３丁目３番６号,6700055
4140001058061,大一倉庫株式会社,兵庫県,姫路市,神田町３丁目５番地,6700991
4140001058078,株式会社大加戸工務店,兵庫県,姫路市,宮上町１丁目１３６番地,6700823
4140001058086,大河建設株式会社,兵庫県,姫路市,網干区垣内本町２２０６番地,6711257
4140001058094,株式会社大下水道設備商会,兵庫県,姫路市,広畑区西夢前台５丁目１６５番地,6711103
4140001058103,大塚ファンド株式会社,兵庫県,姫路市,西新在家２丁目１４番２６号,6700096
4140001058111,株式会社ノバック,兵庫県,姫路市,北条１丁目９２番地,6700947
4140001058136,株式会社大盛建材工業所,兵庫県,姫路市,土山４丁目６番１０号,6700996
4140001058144,株式会社岡崎組,兵庫県,姫路市,林田町六九谷９０７番地の３,6794211
4140001058152,株式会社岡田電器商会,兵庫県,姫路市,飾磨区清水１２０番地,6728051
4140001058160,株式会社オクノ時計宝石店,兵庫県,姫路市,西二階町１０１番地,6700901
4140001058177,株式会社奥村モータース,兵庫県,姫路市,宮西町２丁目２２番地,6700837
4140001058185,越智電気設備株式会社,兵庫県,姫路市,伊伝居９８番地の７マンション藤１０２号,6700871
4140001058193,小野高速印刷株式会社,兵庫県,姫路市,平野町６２番地,6700933
4140001058210,オリエンタルホーム株式会社,兵庫県,姫路市,国府寺町３３番地の１,6700852
4140001058227,角谷建設株式会社,兵庫県,姫路市,飾東町八重畑９８７番地の４,6710208
4140001058235,関西医薬株式会社,兵庫県,姫路市,広畑区高浜町４丁目３番地の３,6711153
4140001058251,関西建築工房株式会社,兵庫県,姫路市,保城４８２番地,6700804
4140001058268,関西鐵工建設株式会社,兵庫県,姫路市,北条口３丁目２２番地,6700935
4140001058276,プレイスマスター株式会社,兵庫県,姫路市,北今宿２丁目１番３５号,6700057
4140001058284,株式会社神崎組,兵庫県,姫路市,北条口３丁目２２番地,6700935
4140001058292,株式会社ガスセンタータルヒロ,兵庫県,姫路市,元塩町１３５番地,6700937
4140001058334,桂電機株式会社,兵庫県,姫路市,古二階町２５番地,6700936
4140001058342,金川サービス株式会社,兵庫県,姫路市,飾磨区構２丁目２５番地,6728071
4140001058350,株式会社カナダエンジニアリング,兵庫県,姫路市,勝原区宮田６５番地１５,6711213
4140001058359,株式会社カネミツ食品,兵庫県,姫路市,市川橋通１丁目７番地,6700825
4140001058367,上津運輸株式会社,兵庫県,姫路市,広畑区正門通４丁目５番地,6711116
4140001058375,神畑養魚株式会社,兵庫県,姫路市,南町９番地,6700912
4140001058383,川石産業株式会社,兵庫県,姫路市,手柄１４８番地,6700972
4140001058391,川崎土地建物株式会社,兵庫県,姫路市,白浜町甲２０８８番地,6728023
4140001058400,川竹工業株式会社,兵庫県,姫路市,下手野１丁目９番５号,6700063
4140001058409,株式会社カワモト石油,兵庫県,姫路市,広畑区蒲田５２９番地,6711102
4140001058417,近畿エアコン物流株式会社,兵庫県,姫路市,南条１０番地の２,6700952
4140001058425,株式会社キング号電機工業所,兵庫県,姫路市,西二階町７０番地,6700901
4140001058433,キンキ三広株式会社,兵庫県,姫路市,飾磨区構５丁目１０９番地,6728071
4140001058441,近畿厨房株式会社,兵庫県,姫路市,辻井１丁目８番８号,6700083
4140001058458,岸本木材株式会社,兵庫県,姫路市,網干区垣内東町１５５番地,6711252
4140001058466,株式会社北島ベルト,兵庫県,姫路市,西庄甲２７４番地の２,6700981
4140001058474,木谷化成資材株式会社,兵庫県,姫路市,御立東５丁目５番３号,6700072
4140001058482,株式会社北美容室,兵庫県,姫路市,亀井町４５番地,6700925
4140001058490,北村油脂商事株式会社,兵庫県,姫路市,花田町加納原田１３４番地の２,6710252
4140001058499,木下工業株式会社,兵庫県,姫路市,飾磨区矢倉町１丁目５８番地,6728093
4140001058508,株式会社木原モータース,兵庫県,姫路市,西今宿１丁目４番３３号,6700061
4140001058516,共栄開発株式会社,兵庫県,姫路市,広畑区東夢前台４丁目１１１番地,6711101
4140001058532,株式会社飾磨地方卸売市場,兵庫県,姫路市,飾磨区須加字須加町２１３番地の２,6728063
4140001058549,協和技研株式会社,兵庫県,姫路市,夢前町新庄１２９８番地,6712102
4140001058557,協和塗装工業株式会社,兵庫県,姫路市,飾磨区今在家１０５９番地３３,6728079
4140001058598,株式会社グレイステクニカル,兵庫県,姫路市,下手野６丁目２番３０号,6700063
4140001058615,株式会社教栄社,兵庫県,姫路市,網干区和久４４１番地の７,6711227
4140001058623,株式会社クロサキ,兵庫県,姫路市,平野町５７番地,6700933
4140001058631,株式会社グラントハウス,兵庫県,姫路市,飾磨区細江２５２０番地,6728064
4140001058656,株式会社経営開発センター,兵庫県,姫路市,豊沢町１３５番地,6700964
4140001058672,計測システム株式会社,兵庫県,姫路市,手柄三和４７番５号,6700972
4140001058680,株式会社ケイワイウィンズ,兵庫県,姫路市,南新在家９番１０号,6700093
4140001058689,株式会社建拓,兵庫県,姫路市,白浜町宇佐崎中１丁目２４３番地,6728021
4140001058697,宏栄化成株式会社,兵庫県,姫路市,余部区上余部３３番地,6711262
4140001058714,コーケン資材株式会社,兵庫県,姫路市,安田３丁目１０８番地の１,6700955
4140001058722,工成建設株式会社,兵庫県,姫路市,網干区大江島６７４番地,6711231
4140001058739,河野運送株式会社,兵庫県,姫路市,白浜町甲８４１番地４０,6728023
4140001058747,河野トラック株式会社,兵庫県,姫路市,白浜町丙１５２番地の１,6728023
4140001058763,孔明建設株式会社,兵庫県,姫路市,書写１２９１番地の３,6712201
4140001058771,株式会社光明商店,兵庫県,姫路市,亀井町７８番地,6700925
4140001058805,株式会社国際会館,兵庫県,姫路市,飾磨区野田町９５番地１第２ニシキビル５階,6728040
4140001058813,五協建設株式会社,兵庫県,姫路市,栗山町８５番地,6700954
4140001058821,コスモトラスト株式会社,兵庫県,姫路市,飾磨区矢倉町２丁目２４番地,6728093
4140001058838,株式会社琴食品,兵庫県,姫路市,飾磨区構２丁目１４番地,6728071
4140001058846,壽食品株式会社,兵庫県,姫路市,阿保乙３３６番地１,6700944
4140001058854,株式会社こにし,兵庫県,姫路市,白浜町丙４５０番地の８,6728023
4140001058862,株式会社コバック,兵庫県,姫路市,車崎２丁目１１番１１号,6700058
4140001058870,株式会社小林松濤園,兵庫県,姫路市,二階町６６番地,6700922
4140001058879,株式会社小松材木店,兵庫県,姫路市,土山２丁目１２番１０号,6700996
4140001058887,是川ホンダ販売株式会社,兵庫県,姫路市,大津区天満２５６番地の１,6711143
4140001058895,山陽アメニティサービス株式会社,兵庫県,姫路市,南町１番地,6700912
4140001058904,山陽観光株式会社,兵庫県,姫路市,福沢町１４８番地,6700992
4140001058912,山陽建設株式会社,兵庫県,姫路市,飾磨区英賀清水町３丁目１２３番地,6728084
4140001058920,山陽給食株式会社,兵庫県,姫路市,大津区真砂町２３番地,6711134
4140001058929,株式会社サンヨー住販,兵庫県,姫路市,余部区上余部２５９番地の１,6711262
4140001058937,株式会社サンヨーテック,兵庫県,姫路市,安田４丁目５２番地１５,6700955
4140001058945,株式会社サンヨー保険事務所,兵庫県,姫路市,大津区天神町１丁目４２番地１３,6711131
4140001058953,山陽ビルド工業株式会社,兵庫県,姫路市,白鳥台１丁目３１番１５号,6712245
4140001058961,サンエース株式会社,兵庫県,姫路市,御国野町深志野９５０番地,6710231
4140001058978,株式会社サイカ,兵庫県,姫路市,駅前町３１８番地,6700927
4140001058986,斎藤産業株式会社,兵庫県,姫路市,手柄字浜田３４８番地の１,6700972
4140001058994,サン・アロイ商事株式会社,兵庫県,姫路市,増位本町１丁目３番２０号,6700807
4140001059010,榮産業株式会社,兵庫県,姫路市,西夢前台２丁目３番地,6712214
4140001059019,株式会社サンコウ照明,兵庫県,姫路市,玉手２丁目７３番地７,6700985
4140001059027,境野印刷株式会社,兵庫県,姫路市,的形町的形１２５１番地,6710111
4140001059035,株式会社サクシード三晶建設,兵庫県,姫路市,飾磨区細江６５３番地,6728064
4140001059043,株式会社坂谷商店,兵庫県,姫路市,的形町的形１７５６番地の１０,6710111
4140001059068,三五屋商事株式会社,兵庫県,姫路市,飾磨区構３丁目４１１番地の４,6728071
4140001059076,さくら建創株式会社,兵庫県,姫路市,辻井８丁目１６番８号,6700083
4140001059092,三新運輸株式会社,兵庫県,姫路市,飾磨区細江字浜万才１２９８番地,6728064
4140001059101,株式会社サンソフト,兵庫県,姫路市,西庄字クボリ甲１２８番地,6700981
4140001059118,サントクコンピユータサービス株式会社,兵庫県,姫路市,飾磨区中島１５４７番地１,6728035
4140001059150,株式会社サンマルコ,兵庫県,姫路市,本町６８番地,6700012
4140001059159,サンレイ株式会社,兵庫県,姫路市,書写１０１９番地１４５プラザ加茂２Ｆ,6712201
4140001059167,三和興産株式会社,兵庫県,姫路市,広畑区本町１丁目３３番地,6711114
4140001059175,株式会社佐和産業,兵庫県,姫路市,保城８９４番地３,6700804
4140001059183,株式会社ミタチ,兵庫県,姫路市,豊富町御蔭６５５番地の３５,6792122
4140001059200,株式会社進永,兵庫県,姫路市,市川橋通１丁目２４番地,6700825
4140001059209,株式会社シンエイコーポレーション,兵庫県,姫路市,木場前七反町２０番地,6728019
4140001059217,株式会社ジェイ・ティ,兵庫県,姫路市,中地南町１４５番地,6700975
4140001059225,新栄木材株式会社,兵庫県,姫路市,飾磨区構１１１５番地の２,6728071
4140001059233,株式会社塩津建設,兵庫県,姫路市,大津区真砂町２４番地の２,6711134
4140001059241,株式会社しいぷらす,兵庫県,姫路市,飾磨区三宅１丁目１０１番地,6728048
4140001059258,株式会社新興書房,兵庫県,姫路市,北条口１丁目４,6700935
4140001059266,親香機鋼株式会社,兵庫県,姫路市,宮西町１丁目１３番地の１,6700837
4140001059274,株式会社飾西電工,兵庫県,姫路市,土山６丁目５番８号,6700996
4140001059282,株式会社シキトウサービス,兵庫県,姫路市,飾東町八重畑９７３番地,6710208
4140001059290,株式会社神姫美装,兵庫県,姫路市,北条梅原町１１０番地,6700945
4140001059308,進精鋼業株式会社,兵庫県,姫路市,別所町佐土１０３７番地,6710224
4140001059316,株式会社新生鉄工所,兵庫県,姫路市,飾磨区中島３４１３番地,6728035
4140001059324,株式会社システムハウス・グローバル,兵庫県,姫路市,南条神の前１０番２,6700952
4140001059340,新日本環境エンジニアリング株式会社,兵庫県,姫路市,飾磨区中島３０５９番地２新日本開発株式会社内,6728035
4140001059349,株式会社晋武開発,兵庫県,姫路市,広畑区長町１丁目８０番地３,6711125
4140001059365,株式会社清水製材所,兵庫県,姫路市,広畑区才１０３４番地,6711104
4140001059373,株式会社清水電気設備,兵庫県,姫路市,名古山町３１８番７号,6700051
4140001059381,株式会社島田商店,兵庫県,姫路市,飾磨区中島２丁目８３９番地の２,6728035
4140001059415,株式会社彰徳,兵庫県,姫路市,山吹１丁目１番１１号,6700085
4140001059423,翔和興商株式会社,兵庫県,姫路市,飾磨区今在家１１２５番地,6728079
4140001059431,株式会社城北マイカーセンター,兵庫県,姫路市,北平野２丁目１０番３７号,6700893
4140001059448,株式会社はやしの,兵庫県,姫路市,御国野町御着３１５番地の１,6710232
4140001059456,昭和リース株式会社,兵庫県,姫路市,白浜町宇佐崎南１丁目１０番地,6728022
4140001059464,株式会社写真のフタバ,兵庫県,姫路市,御立中４丁目６番１０号,6700073
4140001059472,株式会社ジョブメイト,兵庫県,姫路市,北条２３４番地１７,6700947
4140001059480,白井設備工業株式会社,兵庫県,姫路市,北原１１３９番地の１,6728002
4140001059489,株式会社しらさぎ,兵庫県,姫路市,元塩町２６番地,6700937
4140001059506,白浜設備工業株式会社,兵庫県,姫路市,白浜町甲常盤新開７８８番地の２３,6728023
4140001059514,株式会社城山ビジネス,兵庫県,姫路市,飾東町豊国２８９番地の１,6710219
4140001059522,株式会社スガオ,兵庫県,姫路市,青山５丁目３番２６号,6712222
4140001059530,菅原土木株式会社,兵庫県,姫路市,下手野６丁目３番１４号,6700063
4140001059539,株式会社すし宗,兵庫県,姫路市,南町５８番地,6700912
4140001059547,株式会社スポーツマン,兵庫県,姫路市,白銀町１３番地,6700902
4140001059563,株式会社星光損保センター,兵庫県,姫路市,三条町１丁目５４番地,6700953
4140001059571,精機工業株式会社,兵庫県,姫路市,川西１４２番地の１,6712212
4140001059588,株式会社西部開発,兵庫県,姫路市,岡田３５０番地の１,6700982
4140001059596,西部電工株式会社,兵庫県,姫路市,広畑区鶴町２丁目３１番地,6711124
4140001059605,ＳＥＩＹＯ株式会社,兵庫県,姫路市,別所町別所２丁目１４７番地,6710221
4140001059621,株式会社世光電気,兵庫県,姫路市,御立中３丁目１２番２９号,6700073
4140001059638,石海株式会社,兵庫県,姫路市,網干区和久５０９番地の１,6711227
4140001059646,株式会社全日本塗装工業連合会,兵庫県,姫路市,飾磨区今在家５丁目１０５番地,6728079
4140001059662,株式会社プライオリティー,兵庫県,姫路市,白銀町４５番地（プレスビル３Ｆ）,6700902
4140001059687,株式会社ソイルアンドライフコンサルタント,兵庫県,姫路市,八代本町１丁目９番１６号,6700874
4140001059704,大栄商運株式会社,兵庫県,姫路市,四郷町本郷２６７番地１,6710243
4140001059720,第一化学工業株式会社,兵庫県,姫路市,北平野６丁目１番２号,6700893
4140001059737,大興総業株式会社,兵庫県,姫路市,飾磨区三宅３丁目１４番地,6728048
4140001059745,大建工業株式会社,兵庫県,姫路市,飾磨区細江１１７番地,6728064
4140001059753,大喜皮革株式会社,兵庫県,姫路市,花田町高木字山本２８０番地,6710256
4140001059761,株式会社大新,兵庫県,姫路市,白銀町１０番地,6700902
4140001059786,株式会社大神モーター,兵庫県,姫路市,町坪５７９番地の１,6700984
4140001059811,株式会社竹川鉄工所,兵庫県,姫路市,西今宿１丁目３番３５号,6700061
4140001059828,株式会社大成自動車,兵庫県,姫路市,砥堀３４８番地１,6700802
4140001059836,大宝薬品株式会社,兵庫県,姫路市,西夢前台２丁目３８番地,6712214
4140001059844,株式会社大洋,兵庫県,姫路市,山吹２丁目１１番１２号,6700085
4140001059852,大裕商事株式会社,兵庫県,姫路市,伊伝居４２番地の１,6700871
4140001059860,株式会社大和,兵庫県,姫路市,書写２０８１番地の３,6712201
4140001059877,大和産商株式会社,兵庫県,姫路市,網干区新在家３３４番地,6711234
4140001059885,大和美術印刷株式会社,兵庫県,姫路市,網干区新在家１２７５番地,6711234
4140001059893,高尾製粉製麺株式会社,兵庫県,姫路市,打越１１番地１,6712246
4140001059902,株式会社竹内ハウジング,兵庫県,姫路市,東夢前台２丁目３０番地１,6700064
4140001059910,株式会社高倉商店,兵庫県,姫路市,伊伝居３７番地の４,6700871
4140001059919,株式会社竹田家具,兵庫県,姫路市,御国野町御着字七反田７７１番地の１,6710232
4140001059927,竹田テント装備株式会社,兵庫県,姫路市,本町２０５番地,6700012
4140001059935,株式会社高野鋸加工所,兵庫県,姫路市,田寺４丁目３番１８号,6700086
4140001059951,株式会社高原商店,兵庫県,姫路市,城東町毘沙門２１番地,6700842
4140001059968,株式会社多川商事,兵庫県,姫路市,西今宿３丁目１番９号（今宿ハイツ２０５号）,6700061
4140001060001,株式会社タツレン,兵庫県,姫路市,飾磨区中島１３５８番地,6728035
4140001060018,株式会社タピックス,兵庫県,姫路市,白鳥台３丁目３３番１６号,6712245
4140001060026,玉田工業株式会社,兵庫県,姫路市,田寺１丁目７番５号,6700086
4140001060034,タムラシステム株式会社,兵庫県,姫路市,飾磨区今在家３丁目２７８番地,6728079
4140001060042,株式会社竹善,兵庫県,姫路市,北条９５３番地,6700947
4140001060059,株式会社フジオカ,兵庫県,姫路市,北条梅原町２６４番地,6700945
4140001060075,中播住宅設備株式会社,兵庫県,姫路市,御国野町御着３１７番地の４,6710232
4140001060083,株式会社ツジケン,兵庫県,姫路市,野里４３１番地の３,6700811
4140001060091,津田牧乳株式会社,兵庫県,姫路市,網干区津市場７９８番地,6711224
4140001060100,津の村塗装株式会社,兵庫県,姫路市,広畑区東新町３丁目９４番地の１,6711121
4140001060109,株式会社坪田工務店,兵庫県,姫路市,北今宿１丁目５番３号,6700057
4140001060117,株式会社ティアイエー,兵庫県,姫路市,網干区新在家１３７１番地１６,6711234
4140001060125,株式会社テイク,兵庫県,姫路市,飾磨区城南町１丁目３８番地,6728083
4140001060158,天マ屋実業株式会社,兵庫県,姫路市,白浜町甲４００番地の１４,6728023
4140001060166,寺西工業株式会社,兵庫県,姫路市,夢前町置本７１番地の１,6712122
4140001060174,東英建設株式会社,兵庫県,姫路市,保城２２３番地の４,6700804
4140001060199,東芝エレベータプロダクツ株式会社,兵庫県,姫路市,網干区浜田１０００番地,6711242
4140001060208,東邦建材株式会社,兵庫県,姫路市,名古山町７番１１号,6700051
4140001060216,株式会社トーヨー,兵庫県,姫路市,別所町別所５丁目１００番地アヴニール１０１,6710221
4140001060224,株式会社宝島砿産,兵庫県,姫路市,駅前町２２２番地姫路駅前第１ビル３Ｆ,6700927
4140001060257,常盤堂製菓株式会社,兵庫県,姫路市,船津町１７８８番地,6792101
4140001060265,株式会社鳥取ミュージック放送,兵庫県,姫路市,本町６８番地,6700012
4140001060273,株式会社巴産業,兵庫県,姫路市,御立北２丁目９４６番地の１６,6700071
4140001060281,株式会社友久建設,兵庫県,姫路市,飾磨区阿成植木１０１７番地,6728030
4140001060307,株式会社内藤電機商会,兵庫県,姫路市,飾磨区中島４９５番地,6728035
4140001060323,中尾鉄工株式会社,兵庫県,姫路市,御国野町御着１番地の７,6710232
4140001060331,株式会社中川,兵庫県,姫路市,東延末２丁目１２６番地,6700965
4140001060348,中島地所株式会社,兵庫県,姫路市,亀山１８９番地の５,6700973
4140001060356,株式会社中田建築事務所,兵庫県,姫路市,北今宿２丁目５番５号,6700057
4140001060364,株式会社永谷建設,兵庫県,姫路市,白国２丁目１２番１１号,6700808
4140001060372,株式会社ナカネ工作所,兵庫県,姫路市,別所町別所１８０５番地,6710221
4140001060389,株式会社中村運輸工業,兵庫県,姫路市,飾磨区上野田２丁目５５番地,6728043
4140001060397,株式会社中山建設,兵庫県,姫路市,大津区平松２７６番地の３,6711145
4140001060406,株式会社ナショナルフーズ,兵庫県,姫路市,白浜町丙６５番地６,6728023
4140001060414,浪速産業株式会社,兵庫県,姫路市,白浜町甲３０９番地,6728023
4140001060422,株式会社ナルセ,兵庫県,姫路市,下手野１丁目１番４７号,6700063
4140001060447,西神崎木材株式会社,兵庫県,姫路市,北条口３丁目２２番地,6700935
4140001060455,西川創建株式会社,兵庫県,姫路市,御立東３丁目１８番１２号,6700072
4140001060471,西日本土地開発株式会社,兵庫県,姫路市,五軒邸４丁目１４０番地,6700854
4140001060488,株式会社二条建設工業,兵庫県,姫路市,北平野２丁目１６番１号,6700893
4140001060496,株式会社ニチエー,兵庫県,姫路市,亀山１８８番地の１,6700973
4140001060505,日光テクニカ株式会社,兵庫県,姫路市,飾磨区中島３１２６番地の１,6728035
4140001060521,日製電機株式会社,兵庫県,姫路市,土山東の町１４番１０号,6700995
4140001060538,日章興産株式会社,兵庫県,姫路市,白鳥台２丁目３番１９号,6712245
4140001060546,日東紙工株式会社,兵庫県,姫路市,東山２番地の３,6728014
4140001060554,日電製鎖株式会社,兵庫県,姫路市,白浜町甲３５５番地,6728023
4140001060570,株式会社日本造園緑地交社,兵庫県,姫路市,南車崎１丁目３番３６号,6700053
4140001060579,日本電研工業株式会社,兵庫県,姫路市,御国野町御着字長寄２６６番地,6710232
4140001060587,日本バインダー工業株式会社,兵庫県,姫路市,白浜町甲７８４番地の２３,6728023
4140001060612,ネットジャパン株式会社,兵庫県,姫路市,西庄甲１４５番地３,6700981
4140001060629,株式会社のむら木材,兵庫県,姫路市,別所町家具町１１８番地,6710225
4140001060637,ハイクラスドリンク株式会社,兵庫県,姫路市,飾磨区中島庄助新田３３５０番地,6728035
4140001060653,バンガード株式会社,兵庫県,姫路市,朝日町４７番地,6700934
4140001060678,ハクロ商事株式会社,兵庫県,姫路市,本町４６番地の２,6700012
4140001060686,株式会社ハクロプレシジョン,兵庫県,姫路市,大津区勘兵衛町１丁目４４番地,6711132
4140001060694,株式会社ハセガワ,兵庫県,姫路市,千代田町八木７２１番地,6700993
4140001060703,株式会社阪和新報,兵庫県,姫路市,東延末４丁目７０番地,6700965
4140001060711,株式会社橋本製麺,兵庫県,姫路市,東雲町３丁目１番地の６,6700046
4140001060728,播州電業株式会社,兵庫県,姫路市,西夢前台３丁目２６番地,6712214
4140001060736,ばんしんリース株式会社,兵庫県,姫路市,東駅前町８０番地,6700926
4140001060744,はとタクシー株式会社,兵庫県,姫路市,南駅前町９８番地,6700962
4140001060752,株式会社パナウイングおおつ,兵庫県,姫路市,大津区天神町１丁目３４番地の２,6711131
4140001060760,株式会社花文恵,兵庫県,姫路市,飾磨区野田町４７番地,6728040
4140001060769,株式会社ハマサ電機商会,兵庫県,姫路市,網干区新在家５３８番地,6711234
4140001060785,株式会社浜野商店,兵庫県,姫路市,飾磨区阿成植木７６６番地,6728030
4140001060793,ハヤカワエレクトロニクス株式会社,兵庫県,姫路市,西延末４２２番地,6700971
4140001060802,株式会社林田鐵工,兵庫県,姫路市,白浜町宇佐崎南１丁目２３番地,6728022
4140001060810,株式会社原田光明堂,兵庫県,姫路市,米田町１０番地,6700042
4140001060835,播磨広告株式会社,兵庫県,姫路市,網干区和久４４１番地の６,6711227
4140001060851,株式会社播磨サービス商会,兵庫県,姫路市,飾磨区加茂東７４２番地の７,6728070
4140001060868,ハリマメツキ工業株式会社,兵庫県,姫路市,飾磨区今在家１１１８番地の１５,6728079
4140001060876,姫路ウォーターフロント株式会社,兵庫県,姫路市,大塩町２０３５番地の４,6710101
4140001060884,姫路運送株式会社,兵庫県,姫路市,白浜町甲１９２０番地５４,6728023
4140001060892,姫路合同貨物自動車株式会社,兵庫県,姫路市,城東町清水６番地,6700843
4140001060901,姫路合同食品株式会社,兵庫県,姫路市,飾磨区御幸２３番地,6728056
4140001060918,姫路機電株式会社,兵庫県,姫路市,玉手４丁目１２４番地,6700985
4140001060926,姫路魚類株式会社,兵庫県,姫路市,白浜町甲１９２０番地５４,6728023
4140001060934,姫路精機工業株式会社,兵庫県,姫路市,宮上町１丁目２２１番地,6700823
4140001060942,姫路紙工株式会社,兵庫県,姫路市,白浜町丙１７０番地,6728023
4140001060950,姫路サンソ工業株式会社,兵庫県,姫路市,大津区勘兵衛町３丁目１番３,6711132
4140001060959,株式会社姫路商工,兵庫県,姫路市,広畑区西蒲田６２９番地,6711107
4140001060967,姫路鍜造株式会社,兵庫県,姫路市,別所町北宿１０５６番地,6710223
4140001060975,姫路電機材料株式会社,兵庫県,姫路市,玉手１丁目１４６番地,6700985
4140001060991,姫路立山サツシ販賣株式会社,兵庫県,姫路市,砥堀１２３番地,6700802
4140001061008,姫路伯耆酪農商事株式会社,兵庫県,姫路市,神和町７０番地,6700834
4140001061016,姫路文化サービス株式会社,兵庫県,姫路市,北条１丁目２２７番地７１,6700947
4140001061024,姫路プレハブ住宅株式会社,兵庫県,姫路市,梅ケ谷町１番３２号,6700894
4140001061032,姫路三菱自動車販売株式会社,兵庫県,姫路市,花田町一本松字深田８９番地,6710253
4140001061040,株式会社ひめじや,兵庫県,姫路市,本町２２７番地６０１号,6700012
4140001061049,株式会社姫路ロジスティクス,兵庫県,姫路市,北条宮の町３８５番地,6700948
4140001061057,ＢＳ西日本テック株式会社,兵庫県,姫路市,飾磨区細江１２８０番地,6728064
4140001061065,株式会社びん建築事務所,兵庫県,姫路市,書写１０１９番地の２４,6712201
4140001061073,株式会社ビジネスサービス,兵庫県,姫路市,西今宿２丁目４番６号,6700061
4140001061098,日の丸冷蔵株式会社,兵庫県,姫路市,白浜町宇佐崎南１丁目６５番地１,6728022
4140001061107,姫建機材株式会社,兵庫県,姫路市,別所町北宿１０２４番地,6710223
4140001061123,姫菱テクニカ株式会社,兵庫県,姫路市,千代田町８４０番地,6700993
4140001061131,兵庫Ａ・Ｖ株式会社,兵庫県,姫路市,飾磨区英賀西町１丁目８番地,6728088
4140001061148,兵庫産業株式会社,兵庫県,姫路市,元塩町１１８番地,6700937
4140001061156,株式会社兵庫住宅サービス,兵庫県,姫路市,梅ケ谷町２番１７号,6700894
4140001061164,株式会社兵庫西財務計算センター,兵庫県,姫路市,綿町７２番地,6700921
4140001061172,株式会社西宮カーゴ姫路,兵庫県,姫路市,四郷町本郷１６４番地の１,6710243
4140001061180,兵庫ヤマト株式会社,兵庫県,姫路市,安田４丁目４３番地の８,6700955
4140001061197,株式会社平岡設計,兵庫県,姫路市,伊伝居５２９番地の６,6700871
4140001061206,株式会社ヒロケン,兵庫県,姫路市,飾東町庄１０２番地の１,6710218
4140001061214,ビルダース山本株式会社,兵庫県,姫路市,広畑区正門通４丁目３番地４,6711116
4140001061222,株式会社平田屋,兵庫県,姫路市,紺屋町５９番地,6700924
4140001061247,広畑ターミナル株式会社,兵庫県,姫路市,広畑区富士町１番地,6711123
4140001061255,平松工業株式会社,兵庫県,姫路市,大津区真砂町３８番地の３,6711134
4140001061263,株式会社フアームエスト,兵庫県,姫路市,南畝町２丁目７６ハッピーコート駅前８０３,6700961
4140001061271,株式会社フアミリーサービス,兵庫県,姫路市,千代田町８４０番地,6700993
4140001061288,株式会社福井タイヤ商会,兵庫県,姫路市,神屋町６丁目７２番地,6700836
4140001061305,株式会社フクダ,兵庫県,姫路市,辻井８丁目６番１４号,6700083
4140001061313,株式会社福田工務店,兵庫県,姫路市,木場１４１０番地の８,6728016
4140001061370,富士紙工株式会社,兵庫県,姫路市,白国５丁目１６番３３号,6700808
4140001061379,株式会社藤沢一級建築事務所,兵庫県,姫路市,飾磨区亀山７６番地,6728047
4140001061387,株式会社富士築炉工務店,兵庫県,姫路市,飾磨区英賀宮町２丁目１番地,6728080
4140001061395,株式会社藤橋商店,兵庫県,姫路市,余部区下余部６４３番地,6711261
4140001061420,福興産業株式会社,兵庫県,姫路市,網干区大江島７６０番地,6711231
4140001061429,株式会社フミヤ,兵庫県,姫路市,紺屋町６２番地,6700924
4140001061437,株式会社ブルーム,兵庫県,姫路市,飾東町庄３１３番地,6710218
4140001061453,株式会社プランニング・パツク,兵庫県,姫路市,辻井１丁目２番２２号,6700083
4140001061461,株式会社アート技研工業,兵庫県,姫路市,飾磨区上野田２丁目２８番地,6728043
4140001061486,ホンエイ電機株式会社,兵庫県,姫路市,北条梅原町１６３番地,6700945
4140001061494,株式会社宝橘,兵庫県,姫路市,白浜町甲７９２番地,6728023
4140001061503,株式会社寳角ギヤー,兵庫県,姫路市,花田町勅旨４２６番地の１,6710254
4140001061511,株式会社ＨＯＵＭＩ,兵庫県,姫路市,北条口１丁目３１−５Ｆ,6700935
4140001061528,株式会社ホソノテック,兵庫県,姫路市,林田町六九谷９６６番地の１,6794211
4140001061536,株式会社ホンド建設,兵庫県,姫路市,広畑区東新町２丁目６４番地の２,6711121
4140001061544,株式会社ホンダ販売姫路,兵庫県,姫路市,飾磨区中島１１１８番地の２,6728035
4140001061552,株式会社ホリエ,兵庫県,姫路市,野里上野町１丁目１４番８号,6700814
4140001061569,前田機工株式会社,兵庫県,姫路市,飾磨区英賀字浜新田乙５０番地の１,6728078
4140001061577,前田自動車整備株式会社,兵庫県,姫路市,広畑区長町１丁目６１番地,6711125
4140001061593,マキウラ鋼業株式会社,兵庫県,姫路市,飾磨区英賀字東浜甲１９６０番地の５,6728078
4140001061602,増栄工業株式会社,兵庫県,姫路市,飾磨区加茂１９２番地,6728074
4140001061610,マザックアイティ株式会社,兵庫県,姫路市,白銀町４３番地,6700902
4140001061619,株式会社正光,兵庫県,姫路市,夢前町前之庄１３９０番地,6712103
4140001061627,松尾建設株式会社,兵庫県,姫路市,林田町下伊勢５９０番地,6794233
4140001061635,株式会社松井鉄工所,兵庫県,姫路市,白浜町寺家１丁目１１７番地,6728012
4140001061651,松田土木工業株式会社,兵庫県,姫路市,広畑区小松町２丁目４６番地,6711152
4140001061676,まねき食品株式会社,兵庫県,姫路市,北条９５３番地,6700947
4140001061684,株式会社圓尾建設,兵庫県,姫路市,飾磨区細江２１１０番地,6728064
4140001061692,マルケー運輸株式会社,兵庫県,姫路市,本町６８番地２９０Ｅ１０１,6700012
4140001061701,株式会社丸共商店,兵庫県,姫路市,白浜町丙１５３番地８,6728023
4140001061718,株式会社丸田運送,兵庫県,姫路市,白浜町宇佐崎北１丁目１５８番地,6728013
4140001061726,株式会社まるたや,兵庫県,姫路市,白銀町３７番地,6700902
4140001061734,マルハウス株式会社,兵庫県,姫路市,青山西４丁目２番１号,6712224
4140001061750,まるよし土地株式会社,兵庫県,姫路市,田寺東３丁目２４番３５号,6700081
4140001061759,株式会社三浦消防,兵庫県,姫路市,龍野町１丁目１番地の２,6700032
4140001061775,三木食品株式会社,兵庫県,姫路市,木場前七反町２８番地,6728019
4140001061783,株式会社御国堂,兵庫県,姫路市,御国野町御着７８５番地の４,6710232
4140001061791,株式会社溝口商店,兵庫県,姫路市,土山２丁目１３番２６−１０１号,6700996
4140001061800,株式会社水野グラビア印刷,兵庫県,姫路市,広畑区西蒲田１３３７番地の６７,6711107
4140001061809,三立エンジニアリング株式会社,兵庫県,姫路市,豊富町御蔭６５５番地の３５,6792122
4140001061817,株式会社三ツ星住建,兵庫県,姫路市,白国４丁目１１番３３号,6700808
4140001061833,株式会社ミュージック・スティション・カンパニー,兵庫県,姫路市,増位本町２丁目１２番１０号姫路サティ内,6700807
4140001061841,株式会社三宅卓三商店,兵庫県,姫路市,中地４１番地の３,6700976
4140001061858,宮本興産株式会社,兵庫県,姫路市,北平野３丁目７番５８号,6700893
4140001061874,むつみ株式会社,兵庫県,姫路市,市之郷１２５３番１,6700943
4140001061890,村角工業株式会社,兵庫県,姫路市,元町６１番地,6700049
4140001061899,明建産業株式会社,兵庫県,姫路市,大黒壱丁町１４番地,6700853
4140001061908,名城米穀株式会社,兵庫県,姫路市,大津区天満２３４番地の５,6711143
4140001061932,株式会社エムシーエンジニアリング,兵庫県,姫路市,青山５丁目９番１号,6712222
4140001061940,株式会社木創,兵庫県,姫路市,飾磨区英賀東町１丁目４番地,6728087
4140001061949,株式会社モトヤマ,兵庫県,姫路市,広畑区高浜町１丁目９１番地,6711153
4140001061957,株式会社森川工務店,兵庫県,姫路市,土山７丁目６番１０号,6700996
4140001061965,森測量株式会社,兵庫県,姫路市,飾磨区恵美酒１３７番地の１１,6728057
4140001061973,株式会社モリタ,兵庫県,姫路市,広畑区小坂１６４番地の２０,6711156
4140001061998,株式会社八家製作所,兵庫県,姫路市,八家１２８５番地,6728015
4140001062022,株式会社安田商店,兵庫県,姫路市,西延末１６４番地の２,6700971
4140001062039,柳内鉄工株式会社,兵庫県,姫路市,御国野町御着字深見１８７番地,6710232
4140001062047,矢野商事株式会社,兵庫県,姫路市,飾磨区加茂東７３７番地の１,6728070
4140001062055,山内木材株式会社,兵庫県,姫路市,玉手３９１番地,6700985
4140001062063,株式会社山口工業所,兵庫県,姫路市,西今宿１丁目７番２６号,6700061
4140001062088,株式会社ヤマト,兵庫県,姫路市,広畑区鶴町２丁目３５番地,6711124
4140001062105,大和チエン工業株式会社,兵庫県,姫路市,四郷町山脇１３８番地,6710248
4140001062113,株式会社山忠工務店,兵庫県,姫路市,飾磨区細江８２２番地,6728064
4140001062121,株式会社山田屋履物店,兵庫県,姫路市,紺屋町３８番地,6700924
4140001062138,株式会社山本サービス,兵庫県,姫路市,広畑区北野町２丁目４４番地の２,6711112
4140001062146,株式会社山本土木興業,兵庫県,姫路市,別所町佐土３２番地の１,6710224
4140001062162,ユーエス電気株式会社,兵庫県,姫路市,飾磨区中島３３８０番地,6728035
4140001062170,株式会社有楽庁,兵庫県,姫路市,四郷町見野４７８番地の１,6710244
4140001062187,夢前ハウジング株式会社,兵庫県,姫路市,広畑区西夢前台８丁目３番地,6711103
4140001062195,横田石油株式会社,兵庫県,姫路市,飾磨区恵美酒１４７番地,6728057
4140001062212,株式会社ヨシダ建工,兵庫県,姫路市,飾磨区三宅２丁目６７番地,6728048
4140001062229,余部建材株式会社,兵庫県,姫路市,飾西４１０番地,6712216
4140001062245,株式会社頼昌堂,兵庫県,姫路市,青山南４丁目８番４３号,6712223
4140001062261,株式会社ワールドリカーヨシダ,兵庫県,姫路市,田寺東２丁目３９番１５号,6700081
4140001062278,株式会社鷲尾建築設計事務所,兵庫県,姫路市,飾磨区野田町１５７番地の１,6728040
4140001062286,ラッキー工芸株式会社,兵庫県,姫路市,朝日町５４番地,6700934
4140001062294,株式会社綿町パーキング,兵庫県,姫路市,綿町８３番地,6700921
4140001062303,臨海建設工業株式会社,兵庫県,姫路市,延末８６番地の５,6700966
4140001062336,株式会社ルックワン,兵庫県,姫路市,飾磨区鎌倉町９番地,6728094
4140001062344,レンタ・リース船山株式会社,兵庫県,姫路市,船津町１９２１番地,6792101
4140001062352,株式会社ロイヤルプロモーション,兵庫県,姫路市,飾磨区野田町１８６番地の２,6728040
4140001062360,株式会社旭テクノロジー,兵庫県,姫路市,青山西４丁目４番１号,6712224
4140001062369,株式会社エムエステック,兵庫県,姫路市,夢前町糸田４００番地,6712114
4140001062377,株式会社きぬがさ,兵庫県,姫路市,夢前町宮置４９８,6712121
4140001062393,進路砕石工業株式会社,兵庫県,姫路市,夢前町古瀬畑字東山３３６番地,6712132
4140001062410,中一建設株式会社,兵庫県,姫路市,夢前町寺１１２番地,6712116
4140001062419,株式会社昇産業,兵庫県,姫路市,夢前町菅生澗５１８番地の４,6712134
4140001062427,ヒメジ理化株式会社,兵庫県,姫路市,夢前町杉之内１７番地,6712111
4140001062435,株式会社ホーメー,兵庫県,姫路市,広畑区才１２９番地の１,6711104
4140001062443,宗実建設株式会社,兵庫県,姫路市,夢前町戸倉１５３番地,6712131
4140001062451,株式会社夢前給食,兵庫県,姫路市,夢前町寺１７６２番地の４,6712116
4140001062468,家島石材販売株式会社,兵庫県,姫路市,家島町真浦５２２番地の４４,6720101
4140001062476,株式会社尾野興業,兵庫県,姫路市,家島町宮２１６５番地の１５,6720102
4140001062492,高洋海運建設株式会社,兵庫県,姫路市,家島町宮９３０番地,6720102
4140001062501,伸興工業株式会社,兵庫県,姫路市,家島町坊勢５５５番地,6720103
4140001062518,中田建設株式会社,兵庫県,姫路市,田寺２丁目８番２４号,6700086
4140001062534,日の本海運株式会社,兵庫県,姫路市,家島町真浦７３５番地,6720101
4140001062542,坊勢貨物株式会社,兵庫県,姫路市,家島町坊勢６９４番地の３５,6720103
4140001062550,株式会社丸高,兵庫県,姫路市,家島町宮９６４番地の２,6720102
4140001062567,株式会社加藤建築事務所,兵庫県,姫路市,南今宿３番１９号,6700054
4140001062583,株式会社ウィルコーポレイション,兵庫県,姫路市,飾磨区中野田１丁目２１番地,6728045
4140001062600,株式会社篠崎建材,兵庫県,姫路市,花田町加納原田３９５番地の１,6710252
4140001062609,虹技ファウンドリー株式会社,兵庫県,姫路市,大津区勘兵衛町４丁目１番地,6711132
4140001062625,伸誠工業株式会社,兵庫県,姫路市,別所町家具町４８番地,6710225
4140001062633,株式会社アスカ,兵庫県,姫路市,花田町一本松１番地の１,6710253
4140001062641,サンショウ株式会社,兵庫県,姫路市,車崎２丁目２番１８号,6700058
4140001062658,株式会社キョードーワークス,兵庫県,姫路市,中地４１番地,6700976
4140001062666,ビオラホーム株式会社,兵庫県,姫路市,飾磨区城南町３丁目４６番地,6728083
4140001062674,株式会社エーシー総合設計,兵庫県,姫路市,飾磨区今在家６丁目８２番地,6728079
4140001062682,株式会社盛商,兵庫県,姫路市,町坪北ノ町１７番地２,6700984
4140001062690,株式会社ゲルゾ,兵庫県,姫路市,駅前町２１０番地,6700927
4140001062708,アサヒゴルフクラブ姫路株式会社,兵庫県,姫路市,夢前町新庄６６５番地,6712102
4140001062724,株式会社フォン,兵庫県,姫路市,本町２４０番地大手前ダイネンＢＬＤ．８Ｆ,6700012
4140001062732,関西陸運株式会社,兵庫県,姫路市,相野８６番地６,6712232
4140001062740,株式会社大洋テック,兵庫県,姫路市,広畑区東新町３丁目１０３番地,6711121
4140001062749,株式会社きぬや,兵庫県,姫路市,網干区北新在家１５７番地,6711235
4140001062757,株式会社大聖住宅,兵庫県,姫路市,網干区興浜１１４３番地の１,6711241
4140001062765,山中鉄工株式会社,兵庫県,姫路市,山田町西山田４０９番地,6792115
4140001063103,株式会社フラクト,兵庫県,姫路市,八代緑ケ丘町１３番２１号,6700886
4140001063144,株式会社ナカイ綜合事務所,兵庫県,姫路市,東駅前町７０番地,6700926
4140001063185,関西タイヤリサイクル株式会社,兵庫県,姫路市,広畑区富士町１番地,6711123
4140001063210,株式会社キンダイ,兵庫県,姫路市,南駅前町６４番地,6700962
4140001063227,小林カプセル株式会社,兵庫県,姫路市,山吹２丁目５番２５号,6700085
4140001063243,株式会社エブリディ,兵庫県,姫路市,西新在家１丁目５２９番地の１,6700096
4140001063251,株式会社あんじんさん,兵庫県,姫路市,福沢町１７１番地,6700992
4140001063284,株式会社ソレックス関西,兵庫県,姫路市,夢前町古知之庄１９８番地,6712113
4140001063350,エバー興産株式会社,兵庫県,姫路市,香寺町須加院７３番地,6792132
4140001063375,岡田組建設株式会社,兵庫県,姫路市,香寺町溝口２６８番地の１,6792161
4140001063391,カサナミ建装株式会社,兵庫県,姫路市,香寺町中寺２５８番地５１,6792164
4140001063441,株式会社スミヨシ創建,兵庫県,姫路市,飾磨区今在家１３５１番地の１７地先,6728079
4140001063508,株式会社ツボサカ精工,兵庫県,姫路市,香寺町中村７４５番地１５,6792166
4140001063524,ナカイ営研株式会社,兵庫県,姫路市,古二階町７７番地−１４０３,6700936
4140001063565,株式会社ウェイク,兵庫県,姫路市,書写１０１９番地３３,6712201
4140001063664,株式会社ヤスサカ,兵庫県,姫路市,香寺町岩部３６１番地,6792141
4140001063689,姫路船場無盡株式会社,兵庫県,姫路市,南町１０番地,6700912
4140001063714,世紀開発株式会社,兵庫県,姫路市,東延末４丁目８０番地,6700965
4140001063722,竹敬株式会社,兵庫県,姫路市,広畑区早瀬町２丁目１３番地の３,6711151
4140001063739,株式会社キタカワ,兵庫県,姫路市,北条宮の町１３７番地,6700948
4140001063755,イーエス・テクノロジー株式会社,兵庫県,姫路市,飯田７７９番地,6700974
4140001063763,株式会社イセダ商会,兵庫県,姫路市,広畑区大町３丁目３８番地,6711155
4140001063788,株式会社ニシカワ,兵庫県,姫路市,青山西２丁目５番２号,6712224
4140001063796,株式会社アットデリバー,兵庫県,姫路市,勝原区宮田５０番地の６,6711213
4140001063805,株式会社馬越鉄工所,兵庫県,姫路市,家島町坊勢６６番地,6720103
4140001063813,株式会社マツバラ,兵庫県,姫路市,飾磨区城南町３丁目７１番地,6728083
4140001063870,株式会社夢前リース,兵庫県,姫路市,広畑区蒲田３４番地の３,6711102
4140001063879,ビバサンズ株式会社,兵庫県,姫路市,龍野町２丁目５番地の３,6700032
4140001063920,アウル株式会社,兵庫県,姫路市,飾磨区城南町３丁目２４番地１,6728083
4140001063937,株式会社西建設,兵庫県,姫路市,阿保乙１７４番地７,6700944
4140001063978,サンケータリング株式会社,兵庫県,姫路市,延末５番地１,6700966
4140001064002,株式会社ジャスト・ライフ,兵庫県,姫路市,田寺東４丁目１７番１７号,6700081
4140001064010,ＹＢＳ株式会社,兵庫県,姫路市,広畑区正門通３丁目６番の２,6711116
4140001064019,株式会社北条土地建物,兵庫県,姫路市,南条６１８番地,6700952
4140001064027,菅本建設株式会社,兵庫県,姫路市,林田町六九谷９６５番地３,6794211
4140001064035,株式会社モクハン,兵庫県,姫路市,飾磨区英賀東町１丁目５番地,6728087
4140001064043,株式会社アクセス,兵庫県,姫路市,北今宿２丁目６−４８グランディーオーズ３Ｆ−１,6700057
4140001064051,株式会社クエスション,兵庫県,姫路市,広畑区才１３４番地の１,6711104
4140001064076,株式会社ケイアイ技建,兵庫県,姫路市,広畑区才６８番地の１,6711104
4140001064084,姫路パークマネジメント株式会社,兵庫県,姫路市,豊富町神谷字大蔵１４３４番地,6792121
4140001064092,東元興産株式会社,兵庫県,姫路市,林田町下構１０１番地７,6794202
4140001064101,三条建設株式会社,兵庫県,姫路市,安富町植木野４７８番地,6712426
4140001064118,宮本建設株式会社,兵庫県,姫路市,安富町安志１１２３番地の１,6712401
4140001064126,テクノ水星株式会社,兵庫県,姫路市,青山３丁目１０番２号,6712222
4140001064134,株式会社ニューマテリアル兵庫,兵庫県,姫路市,東今宿３丁目１１番２号,6700056
4140001064142,新基工業株式会社,兵庫県,姫路市,飾磨区中島字庄助新田３４２９番地３,6728035
4140001064150,株式会社ミヤワキテック,兵庫県,姫路市,大津区勘兵衛町２丁目２２６番地,6711132
4140001064159,株式会社ウシオ,兵庫県,姫路市,香寺町田野３６１番地,6792153
4140001064175,株式会社中島メンテナンスサービス,兵庫県,姫路市,広畑区小松町３丁目６８番地４,6711152
4140001064183,株式会社ヒロ建築,兵庫県,姫路市,大津区平松５３番地,6711145
4140001064191,株式会社日新,兵庫県,姫路市,田寺６丁目１１番２４号,6700086
4140001064200,株式会社シンワ・サービス,兵庫県,姫路市,飾磨区加茂３５１−１,6728074
4140001064209,株式会社ピーアール・セブン,兵庫県,姫路市,西駅前町３４番地,6700913
4140001064217,表瓦株式会社,兵庫県,姫路市,御国野町深志野３８番地,6710231
4140001064241,株式会社播州卸問屋,兵庫県,姫路市,余部区上余部８８番地７５,6711262
4140001064266,株式会社山陽テクノブレイン,兵庫県,姫路市,網干区坂上３１６番地の７開発ビル２階,6711223
4140001064274,株式会社アトリエ・ムク,兵庫県,姫路市,勝原区宮田１７３番地２,6711213
4140001064282,高田製菓株式会社,兵庫県,姫路市,千代田町８１９番地,6700993
4140001064308,サムシング日栄株式会社,兵庫県,姫路市,飾磨区今在家７丁目９９番地,6728079
4140001064316,株式会社アクアクリーン,兵庫県,姫路市,飾磨区今在家１０４８番地１,6728079
4140001064340,株式会社アイコン,兵庫県,姫路市,飾磨区都倉１丁目１０３番地,6728046
4140001064349,株式会社ワイズメディカルサービス,兵庫県,姫路市,北平野５丁目１３番４号,6700893
4140001064357,大成機械株式会社,兵庫県,姫路市,豊富町豊富７００番地,6792123
4140001064365,株式会社ノブタ開発地所,兵庫県,姫路市,北今宿２丁目４−４１,6700057
4140001064373,株式会社グランドホールディングス,兵庫県,姫路市,西新在家２丁目１３番１６号,6700096
4140001064381,大英株式会社,兵庫県,姫路市,本町１３６番地ＫＪビルＩＩＩ,6700012
4140001064407,親和ビジネス株式会社,兵庫県,姫路市,東山１７７番地の１,6728014
4140001064415,株式会社柳川保険事務所,兵庫県,姫路市,飾磨区構３丁目５８４番地１,6728071
4140001064423,株式会社シティクリエイト,兵庫県,姫路市,手柄１丁目８１番地の３,6700972
4140001064431,株式会社ＩＴセキュリティー,兵庫県,姫路市,飾磨区矢倉町１丁目７４番地３,6728093
4140001064448,株式会社オスティナートハウジング,兵庫県,姫路市,栗山町１２６番地,6700954
4140001064464,株式会社創建,兵庫県,姫路市,総社本町１５９番地,6700015
4140001064480,株式会社ライブハウス,兵庫県,姫路市,田寺東４丁目７番１０号,6700081
4140001064489,ライフメイト株式会社,兵庫県,姫路市,白浜町宇佐崎北３丁目４８７番地３,6728013
4140001064497,株式会社ＦｒｏｍＶｉＶｉ,兵庫県,姫路市,西今宿３丁目９番１７号,6700061
4140001064506,タカラ印刷株式会社,兵庫県,姫路市,飯田２１７番地,6700974
4140001064530,株式会社アモーレ,兵庫県,姫路市,二階町３４番地アモーレ二階町５０１号,6700922
4140001064539,株式会社ニューコス,兵庫県,姫路市,南駅前町９４山上ビル５０３号室,6700962
4140001064547,株式会社エコファースト,兵庫県,姫路市,辻井７丁目１番１５号,6700083
4140001064588,株式会社武藤,兵庫県,姫路市,砥堀１１７番地１,6700802
4140001064596,株式会社ワイズグループ,兵庫県,姫路市,安田４丁目４９番地,6700955
4140001064605,株式会社リメッセコーポレーション,兵庫県,姫路市,緑台２丁目４−６,6712247
4140001064613,株式会社ケイブル,兵庫県,姫路市,網干区新在家８７２番地,6711234
4140001064621,株式会社アゲイン,兵庫県,姫路市,四郷町見野８２４−１,6710244
4140001064646,株式会社ＭＫ−ＳＡＴ,兵庫県,姫路市,飾磨区上野田３丁目１２８番地,6728043
4140001064654,株式会社ホープネイチャー,兵庫県,姫路市,飾磨区下野田２丁目４２４番地１,6728044
4140001064662,ストーク土地株式会社,兵庫県,姫路市,神屋町３丁目４４番地,6700836
4140001064670,株式会社グルポ,兵庫県,姫路市,井ノ口２７５番地１,6700983
4140001064704,株式会社アルシュ,兵庫県,姫路市,三左衛門堀西の町６９番地,6700940
4140001064712,日芳建設株式会社,兵庫県,姫路市,広畑区東新町３丁目２０番地,6711121
4140001064729,株式会社ＧＯＯＤ　ＷＡＹ　ＪＡＰＡＮ,兵庫県,姫路市,御国野町深志野２１７−１,6710231
4140001064737,株式会社アールエス,兵庫県,姫路市,御立西６丁目４番３号,6700074
4140001064745,株式会社ナダコウ,兵庫県,姫路市,北条梅原町６２番地,6700945
4140001064753,津田設計株式会社,兵庫県,姫路市,飾磨区下野田４丁目６４５番地,6728044
4140001064803,株式会社マサエンタープライズ,兵庫県,姫路市,亀井町２５番地,6700925
4140001064811,株式会社ＣＳテクノサービス,兵庫県,姫路市,北条梅原町１３５番地,6700945
4140001064828,株式会社ボードビル,兵庫県,姫路市,御立中７丁目２番３７号,6700073
4140001064836,株式会社タナカ,兵庫県,姫路市,亀井町６６番地タナカビル,6700925
4140001064852,ＳＨＯＵＫＩ株式会社,兵庫県,姫路市,三左衛門堀西の町６１番地２０１号,6700940
4140001064860,株式会社ＮＳ,兵庫県,姫路市,青山西４丁目１４番３−２号,6712224
4140001064877,株式会社三鈴,兵庫県,姫路市,飾磨区中島２０７１番地,6728035
4140001064885,株式会社サンブリッヂ,兵庫県,姫路市,御国野町御着６６７番地２,6710232
4140001064893,株式会社赤松設備,兵庫県,姫路市,西今宿７丁目１番１６号,6700061
4140001064902,株式会社ＡＩＭＪＡＰＡＮ,兵庫県,姫路市,花田町加納原田１２６番地１,6710252
4140001064910,株式会社広文,兵庫県,姫路市,豊沢町１０８番地,6700964
4140001064919,株式会社きたなかコーポレーション,兵庫県,姫路市,花田町高木１３０番地１,6710256
4140001064935,株式会社ショウ設備,兵庫県,姫路市,大津区勘兵衛町１丁目８７番地３,6711132
4140001064943,株式会社Ｃａｒ　Ｆｕｔｕｒｅ　Ｃ２,兵庫県,姫路市,西今宿２丁目２−２６,6700061
4140001064951,株式会社ＫＲＳ,兵庫県,姫路市,青山南４丁目９番７号,6712223
4140001064968,株式会社ヤマノ・アセット・マネジメント,兵庫県,姫路市,神子岡前１丁目４番３３号,6700055
4140001064976,しんきエンジェルハート株式会社,兵庫県,姫路市,北条口１丁目１７番地,6700935
4140001064984,株式会社エクセレントアーツ,兵庫県,姫路市,車崎２丁目２番７号トーヨートレイディングビル,6700058
4140001064992,株式会社ヴィホゥー,兵庫県,姫路市,北条宮の町２５５番地リベール姫路サウスフィールド２０３号,6700948
4140001065000,株式会社トータル・プロデュース誠和産業,兵庫県,姫路市,御国野町国分寺７７６番地２,6710234
4140001065009,株式会社メゾンドフロマージュ,兵庫県,姫路市,飾磨区今在家４丁目２４番地１,6728079
4140001065017,株式会社播磨製凾,兵庫県,姫路市,書写１１３９番地,6712201
4140001065033,株式会社Ｋ＆Ｊ,兵庫県,姫路市,久保町１２９番地２リッチキャッスル２０２号,6700916
4140001065041,株式会社イワキ,兵庫県,姫路市,総社本町３５番地,6700015
4140001065058,株式会社Ｕ−ＷＯＲＫＳ,兵庫県,姫路市,大津区真砂町２番地１,6711134
4140001065074,株式会社テルミック,兵庫県,姫路市,白浜町甲２１４６番地１,6728023
4140001065082,株式会社山本,兵庫県,姫路市,野里上野町１丁目１１番地２２号,6700814
4140001065090,株式会社ジーエム,兵庫県,姫路市,豊沢町１６１番地,6700964
4140001065099,株式会社碧,兵庫県,姫路市,塩町１１８番地,6700904
4140001065108,株式会社マジックナイト,兵庫県,姫路市,白鳥台２丁目１２番２０号,6712245
4140001065116,株式会社まちづくり姫路,兵庫県,姫路市,下寺町４３番地,6700932
4140001065124,まりも化粧品株式会社,兵庫県,姫路市,青山南４丁目７番１号,6712223
4140001065132,株式会社クランプ,兵庫県,姫路市,広畑区東新町１丁目２１番地４,6711121
4140001065140,株式会社Ｚｅｇｎｙａ,兵庫県,姫路市,城東町清水１２番地９−４０４号,6700843
4140001065149,牡丹吉株式会社,兵庫県,姫路市,神屋町３丁目１５番地,6700836
4140001065157,株式会社新林田運輸,兵庫県,姫路市,林田町下構１０５番地３,6794202
4140001065165,株式会社治田電工,兵庫県,姫路市,網干区津市場２１８５番地,6711224
4140001065173,リマックス株式会社,兵庫県,姫路市,広畑区北河原町５８番地,6711111
4140001065181,株式会社コウメイ,兵庫県,姫路市,夢前町山冨１−２,6712123
4140001065207,株式会社ケイ＆アイシステム,兵庫県,姫路市,別所町佐土２丁目１７４番地,6710224
4140001065215,株式会社Ｇ＆Ｇ,兵庫県,姫路市,船丘町２９０番３−２０３号,6700034
4140001065223,株式会社南陽,兵庫県,姫路市,飾磨区城南町３丁目４番３号,6728083
4140001065231,株式会社岡設計事務所,兵庫県,姫路市,白浜町宇佐崎中１丁目２３１番地,6728021
4140001065256,スケッチブック株式会社,兵庫県,姫路市,豊富町御蔭５８５番地８９,6792122
4140001065264,株式会社ワイアンドワイ,兵庫県,姫路市,駅前町３１６番地,6700927
4140001065272,株式会社金山水道土木,兵庫県,姫路市,広畑区蒲田１丁目６１番地,6711102
4140001065289,株式会社豊由,兵庫県,姫路市,南八代町３番２号,6700875
4140001065297,株式会社ＷＡＴＡＮＡＢＥ,兵庫県,姫路市,的形町福泊４９０番地１,6710112
4140001065306,株式会社甘音屋,兵庫県,姫路市,広畑区蒲田５丁目２００番地,6711102
4140001065314,株式会社プラネットシステムジャパン,兵庫県,姫路市,神和町１２２番地,6700834
4140001065322,株式会社Ｄｒ．Ｓｕｐｌｉ,兵庫県,姫路市,香寺町香呂１０８番地１,6792151
4140001065339,株式会社ニシリク,兵庫県,姫路市,夢前町前之庄８１０番地１７６,6712103
4140001065347,株式会社ランドマーク,兵庫県,姫路市,東延末３丁目１番地１,6700965
4140001065355,株式会社スタティック,兵庫県,姫路市,飾東町豊国８４番地１,6710219
4140001065363,株式会社イノセット,兵庫県,姫路市,大津区恵美酒町１丁目８４番地１サンメゾン恵美酒２０１号,6711136
4140001065371,株式会社てるてる電気,兵庫県,姫路市,西庄甲２５番地３,6700981
4140001065388,株式会社手塚商店,兵庫県,姫路市,網干区新在家１３６４番地の１１,6711234
4140001065396,池上工業株式会社,兵庫県,姫路市,東山４２２番地４,6728014
4140001065405,株式会社オー・エヌ・イー,兵庫県,姫路市,家島町真浦６０２番地,6720101
4140001065413,株式会社森鉄工所,兵庫県,姫路市,中地３６番地１,6700976
4140001065438,株式会社ブーム,兵庫県,姫路市,白浜町丙５６４番地２７,6728023
4140001065454,グラント株式会社,兵庫県,姫路市,白浜町甲８４９番地３,6728023
4140001065462,株式会社静かな向かい風,兵庫県,姫路市,夢前町菅生澗１５６８番地５,6712134
4140001065470,播磨エナジック株式会社,兵庫県,姫路市,林田町林谷９４６番地４７,6794221
4140001065487,アスカシステム株式会社,兵庫県,姫路市,書写２５３０番地９,6712201
4140001065504,株式会社サンワイド,兵庫県,姫路市,北今宿２丁目４番５９号,6700057
4140001065512,関西トラクタートレーディング株式会社,兵庫県,姫路市,飾東町塩崎９１７番地,6710211
4140001065520,ピーエムジェイ株式会社,兵庫県,姫路市,幸町１４０番地,6700835
4140001065529,株式会社アートスタイル,兵庫県,姫路市,飾磨区都倉３丁目１２番地,6728046
4140001065537,株式会社サンクランド,兵庫県,姫路市,別所町佐土６１４番地,6710224
4140001065545,株式会社ＳＡＹＯＮＯ,兵庫県,姫路市,田寺東３丁目２８番５号,6700081
4140001065553,株式会社ＥＣＯＭＯＷｉｎｇ,兵庫県,姫路市,栗山町１２５番地,6700954
4140001065578,株式会社オリオンエンタープライズ,兵庫県,姫路市,飾磨区加茂２１５番地２９,6728074
4140001065586,株式会社キョウドウ,兵庫県,姫路市,飾磨区中島２０７１番地,6728035
4140001065594,株式会社チカラ,兵庫県,姫路市,網干区高田５６２番地,6711226
4140001065603,ボン株式会社,兵庫県,姫路市,古二階町５４番地,6700936
4140001065636,株式会社Ｋ＆Ｋシステム,兵庫県,姫路市,白浜町寺家１丁目１８３番地,6728012
4140001065644,株式会社神戸新聞飾磨,兵庫県,姫路市,余部区上余部１０９３番地,6711262
4140001065652,株式会社ＣＲＹＳＴＡＬ　ＣＯＭＰＡＮＹ,兵庫県,姫路市,南畝町２丁目１３７番第２ハヤシビル１Ｆ,6700961
4140001065660,株式会社ＦＵＫＵＹＡ,兵庫県,姫路市,大津区大津町２丁目５番,6711146
4140001065677,トーヨー技研株式会社,兵庫県,姫路市,御国野町御着６４５番地,6710232
4140001065685,株式会社リメイク姫路キャストワン,兵庫県,姫路市,飾磨区清水１丁目５１番地２０３号,6728051
4140001065693,西日本工測株式会社,兵庫県,姫路市,坂元町１０８番地,6700016
4140001065702,株式会社アップル,兵庫県,姫路市,飾磨区中野田１丁目７番地,6728045
4140001065710,株式会社イトウメタル,兵庫県,姫路市,飾磨区今在家１３５１番地５１,6728079
4140001065719,株式会社国際福祉都市太陽,兵庫県,姫路市,打越５３０番地１７,6712246
4140001065727,株式会社エブリイホープ,兵庫県,姫路市,坂田町４４番地４Ｆ,6700931
4140001065735,株式会社小川冷機,兵庫県,姫路市,砥堀２３５番地７,6700802
4140001065743,株式会社のびのび,兵庫県,姫路市,神子岡前４丁目１番３１号,6700055
4140001065768,株式会社日章不動産,兵庫県,姫路市,広畑区西蒲田１１２番地１,6711107
4140001065776,西兵庫物流株式会社,兵庫県,姫路市,相野９３５番地３６,6712232
4140001065784,株式会社ライフクリエーション,兵庫県,姫路市,田寺東１丁目３番２７号,6700081
4140001065792,株式会社ユートピア建材,兵庫県,姫路市,夢前町寺１５２番地８３,6712116
4140001065801,株式会社Ｋ＆Ｊ,兵庫県,姫路市,綿町１４２番地,6700921
4140001065818,株式会社山建工業,兵庫県,姫路市,白鳥台３丁目７番１９号,6712245
4140001065826,ワールド・ミュージックファン・セメタリー株式会社,兵庫県,姫路市,三左衛門堀西の町２０７番地,6700940
4140001065842,株式会社エスエムケイ,兵庫県,姫路市,砥堀２１５番地,6700802
4140001065850,株式会社誠心不動産,兵庫県,姫路市,御立中４丁目６番５号,6700073
4140001065867,Ｍ’ｚ　Ｃｏｎｓｕｌｔｉｎｇ株式会社,兵庫県,姫路市,飾磨区玉地９２番地,6728052
4140001065875,エスアイ・マテック株式会社,兵庫県,姫路市,野里９５１番地６７,6700811
4140001065883,株式会社駱駝倶楽部,兵庫県,姫路市,佃町３６番地,6728049
4140001065891,株式会社イノウエデンカ,兵庫県,姫路市,飾磨区中浜町２丁目５０番地,6728085
4140001065900,株式会社アートブライダルひめじ,兵庫県,姫路市,西中島４３３番地１７,6700805
4140001065909,アークレザージャパン株式会社,兵庫県,姫路市,飾東町庄１３５番地６,6710218
4140001065925,株式会社セーフティ産業,兵庫県,姫路市,飾磨区今在家２丁目１３４,6728079
4140001065933,株式会社石本工業,兵庫県,姫路市,大津区天神町２丁目５３番地１,6711131
4140001065941,ケーテック株式会社,兵庫県,姫路市,的形町的形１８０６番地１,6710111
4140001065958,株式会社諏訪商会,兵庫県,姫路市,御国野町西御着４６１番地１,6710233
4140001065974,ミツワ機工株式会社,兵庫県,姫路市,大野町１４番地,6700868
4140001065982,株式会社ウォーターシステム,兵庫県,姫路市,飾磨区阿成鹿古３７６番地,6728038
4140001065990,ライズ・ライン株式会社,兵庫県,姫路市,白浜町宇佐崎北２丁目８５番地１,6728013
4140001065999,株式会社スタンダードプレコーション,兵庫県,姫路市,西中島２６５番地,6700805
4140001066007,サンヨー株式会社,兵庫県,姫路市,本町６８番地,6700012
4140001066023,伸和メンテック株式会社,兵庫県,姫路市,白浜町甲８３７番地１,6728023
4140001066048,株式会社シンワ,兵庫県,姫路市,安富町長野９５番地２,6712421
4140001066056,株式会社アクアシステム,兵庫県,姫路市,別所町小林２７１番地１８,6710222
4140001066080,株式会社ＷＡＲＭＴＨ,兵庫県,姫路市,白浜町乙３９４−３白浜ショップモール,6728023
4140001066089,株式会社前川建築設計室,兵庫県,姫路市,安田４丁目６４番地,6700955
4140001066097,株式会社モッチリィノ,兵庫県,姫路市,広畑区北野町１丁目１４−１,6711112
4140001066106,株式会社ライカマジック,兵庫県,姫路市,砥堀１９番地１３,6700802
4140001066114,株式会社レッツメディカルサービス,兵庫県,姫路市,飾磨区阿成鹿古３７５番地,6728038
4140001066130,株式会社姫路ベンダー,兵庫県,姫路市,広畑区大町１丁目２２番地,6711155
4140001066147,株式会社Ｊａｃ,兵庫県,姫路市,阿保乙３９２番地６,6700944
4140001066155,株式会社ＡＲＫ商事,兵庫県,姫路市,網干区垣内南町１８６０−５,6711255
4140001066163,株式会社中野築炉工業,兵庫県,姫路市,大津区勘兵衛町２丁目２３５番地９,6711132
4140001066188,ＭＶＰ株式会社,兵庫県,姫路市,新在家本町５丁目５９８番地１１７,6700092
4140001066196,コスモロードシステム株式会社,兵庫県,姫路市,福居町１６番地,6700855
4140001066205,株式会社空,兵庫県,姫路市,岡田４３番地８,6700982
4140001066213,藤和工業株式会社,兵庫県,姫路市,岡町２３番地岡町中村コーポ２０４号,6700026
4140001066221,株式会社伊藤工業,兵庫県,姫路市,大津区勘兵衛町２丁目２２２番地４,6711132
4140001066238,株式会社トコム,兵庫県,姫路市,南駅前町７８番地,6700962
4140001067459,夢前興産株式会社,兵庫県,姫路市,田寺東２丁目２９番１６号,6700081
4140001067467,株式会社神戸新聞田寺専売所,兵庫県,姫路市,田寺６丁目３番２８号,6700086
4140001067608,株式会社イワモトワークエージェンシー,兵庫県,姫路市,久保町６４番地明将コーポ４０６,6700916
4140001067665,株式会社カーズワールド,兵庫県,姫路市,北条口３丁目２番地,6700935
4140001067681,株式会社福寅,兵庫県,姫路市,紺屋町４４番地中島エリートビル西側１階,6700924
4140001067748,株式会社白鷺霊園,兵庫県,姫路市,豊富町豊富３９０４番地１３,6792123
4140001074232,株式会社バルド,兵庫県,姫路市,西延末４１１番地１,6700971
4140001076484,株式会社ＣＦＬ,兵庫県,姫路市,阿保甲８４７番地,6700944
4140001077854,株式会社ヒューマン・ライフ,兵庫県,姫路市,山野井町１２８番地,6700021
4140001077895,株式会社一徳,兵庫県,姫路市,飾磨区構５丁目１２０番地,6728071
4140001086319,株式会社加古川商会,兵庫県,姫路市,飾磨区英賀１９２６番地の８,6728078
4140001086401,株式会社ＣＲＬ,兵庫県,姫路市,安田４丁目６３番地ハクロビル４Ｆ,6700955
4140001086500,株式会社植木設備工業,兵庫県,姫路市,玉手２丁目８２番地１,6700985
4140001086616,株式会社霧島,兵庫県,姫路市,広畑区鶴町２丁目２５番地−１Ｆ,6711124
4140001086665,株式会社ＡＰＣ,兵庫県,姫路市,大塩町２０５４番地５８,6710101
4140001086764,株式会社ネクスティ,兵庫県,姫路市,本町６８番地,6700012
4140001086839,株式会社ケーエス工業,兵庫県,姫路市,野里４６９番地１０,6700811
4140001086855,シンライズ株式会社,兵庫県,姫路市,広畑区則直３５番地２５,6711105
4140001086921,株式会社グリーンラベル,兵庫県,姫路市,車崎１丁目１７３６番地３,6700058
4140001087060,株式会社ダイケイ,兵庫県,姫路市,東今宿１丁目５−１１−１０６,6700056
4140001087135,株式会社ＫＵＳＵＤＡ,兵庫県,姫路市,飾東町豊国８４番地１,6710219
4140001087184,株式会社リライアンス・テクノロジー,兵庫県,姫路市,飾磨区阿成植木８３７番地,6728030
4140001087341,トップリカー株式会社,兵庫県,姫路市,阿保乙１９０番地１,6700944
4140001087382,太陽建機株式会社,兵庫県,姫路市,船津町５３１１番地４８,6792101
4140001087523,株式会社アシスト総合サービス,兵庫県,姫路市,玉手３丁目４６１番地,6700985
4140001087829,株式会社イエロー,兵庫県,姫路市,飾磨区思案橋１６番地,6728075
4140001088075,株式会社ヒューネットサービス,兵庫県,姫路市,北今宿２丁目５−２１,6700057
4140001088463,株式会社ユーリシステム,兵庫県,姫路市,広畑区正門通２丁目９番地１０,6711116
4140001088496,ワンライディング・インターナショナル株式会社,兵庫県,姫路市,飾磨区英賀宮町１丁目１５番地１,6728080
4140001088653,株式会社榊経営会計事務所,兵庫県,姫路市,東延末３丁目５０番地姫路駅南マークビル３階,6700965
4140001088884,西播磨木材株式会社,兵庫県,姫路市,安富町三森４２１番地３,6712411
4140001088901,株式会社盛岡工業,兵庫県,姫路市,花田町勅旨１０１番地８,6710254
4140001089189,株式会社イラド,兵庫県,姫路市,辻井５丁目４番２０号,6700083
4140001089239,株式会社クラカンパニー,兵庫県,姫路市,呉服町４８ハトヤ第１ビル２Ｆ,6700923
4140001089296,株式会社Ｒｅ．,兵庫県,姫路市,飾磨区野田町９５番地１,6728040
4140001089321,株式会社赤松圧送,兵庫県,姫路市,夢前町前之庄１１４０番地１,6712103
4140001089552,株式会社アヴァンティ・ペレ,兵庫県,姫路市,花田町高木８０番地,6710256
4140001089610,株式会社ＨＤＵアカデミックサービス,兵庫県,姫路市,上大野７丁目２番１号,6700896
4140001089627,株式会社アイエスサービス,兵庫県,姫路市,広畑区蒲田３丁目９２,6711102
4140001089759,株式会社天照,兵庫県,姫路市,町坪４０９番地１,6700984
4140001089890,スマートケア株式会社,兵庫県,姫路市,国府寺町８番地,6700852
4140001090072,株式会社ＮＣＴＥＣ,兵庫県,姫路市,御立東６丁目９番３１号,6700072
4140001090130,株式会社ガッシュ,兵庫県,姫路市,安田４丁目３１番４号,6700955
4140001090147,株式会社市村産業,兵庫県,姫路市,夢前町宮置２１５番地７,6712121
4140001090196,株式会社トリアーナ,兵庫県,姫路市,日出町２丁目１９番地,6700942
4140001090329,株式会社大雄,兵庫県,姫路市,西今宿７丁目７番４号,6700061
4140001090452,一建築株式会社,兵庫県,姫路市,石倉１８４番地１,6712231
4140001090493,ナノジークスジャパン株式会社,兵庫県,姫路市,新在家本町３丁目９番１９号,6700092
4140001090592,株式会社ＫＭＣ,兵庫県,姫路市,青山３丁目２９番１号,6712222
4140001090618,株式会社フィットライフ近畿,兵庫県,姫路市,青山４丁目１１番２号,6712222
4140001090634,株式会社ティーエッチエス販売,兵庫県,姫路市,夢前町山冨４０番地,6712123
4140001090816,株式会社Ｍワーカー,兵庫県,姫路市,東夢前台３丁目１２９番地,6700064
4140001090931,株式会社ハウステック,兵庫県,姫路市,白浜町甲２１１９番地１,6728023
4140001091095,アットライフ株式会社,兵庫県,姫路市,飾東町庄２３７番地９,6710218
4140001091285,株式会社ＥｃｏＲｉｎｇ　ＳＮＧ,兵庫県,姫路市,御国野町御着３５２番地,6710232
4140001091293,エーティージー株式会社,兵庫県,姫路市,豊沢町９９番地,6700964
4140001091302,Ｐａｓ　ａ　Ｐａｓ株式会社,兵庫県,姫路市,御立西６丁目１番１号,6700074
4140001091830,仁厚貿易株式会社,兵庫県,姫路市,御立中８丁目１２番３−２０１号,6700073
4140001091896,株式会社Ｋ．Ｋ．Ｓ,兵庫県,姫路市,別所町別所２丁目５５番地,6710221
4140001092069,ハリマキハン株式会社,兵庫県,姫路市,広畑区東新町２丁目７−１−２Ａ,6711121
4140001092102,株式会社カンキョーパーソンズ,兵庫県,姫路市,大津区西土井２７８番地８,6711141
4140001092275,株式会社クリエイツ,兵庫県,姫路市,飾磨区上野田６丁目１０２番地１,6728043
4140001092366,株式会社ジー・ディ・アイ研究所,兵庫県,姫路市,兼田６３番地５−２０３号,6728001
4140001092779,株式会社森田商事,兵庫県,姫路市,広畑区鶴町２丁目２０,6711124
4140001092812,株式会社カインド,兵庫県,姫路市,飾磨区中島２３９７番地７,6728035
4140001092911,株式会社鹿子木プラント工業,兵庫県,姫路市,北原２３０番地６,6728002
4140001092960,株式会社ソフィア,兵庫県,姫路市,広畑区本町２丁目６０番地２号,6711114
4140001093042,丸英株式会社,兵庫県,姫路市,小姓町３５番地１,6700043
4140001093067,神富電設株式会社,兵庫県,姫路市,豊富町神谷２６２番地,6792121
4140001093100,株式会社Ｅｌｉｆｅ,兵庫県,姫路市,八代宮前町１７番１７号,6700885
4140001093199,株式会社もくもく,兵庫県,姫路市,大塩町１９６５番地１４０,6710101
4140001093728,株式会社リプロダクションサポート,兵庫県,姫路市,別所町別所２丁目１１２番地,6710221
4140001093777,株式会社萩原工務店,兵庫県,姫路市,豊富町御蔭３３５３番地１１５,6792122
4140001093785,株式会社フィールド,兵庫県,姫路市,相野９２７番地の１２２,6712232
4140001093819,株式会社レックスＧＣインターナショナル,兵庫県,姫路市,東延末１丁目５６番地プレステージ姫路駅前センタープレイス９０３,6700965
4140001093959,株式会社ファインミート,兵庫県,姫路市,船津町４００４番地１,6792101
4140001094065,株式会社大産商事,兵庫県,姫路市,御国野町西御着４９２番地,6710233
4140001094239,株式会社イケウチカンパニー,兵庫県,姫路市,夢前町莇野２０６７番地,6712106
4140001094305,株式会社共生,兵庫県,姫路市,夢前町山冨１７６番地９,6712123
4140001094734,株式会社ひょうご住宅サービス,兵庫県,姫路市,亀山２２２番地６,6700973
4140001094759,株式会社日博建設,兵庫県,姫路市,網干区興浜１２１５番地６,6711241
4140001094932,改発建設株式会社,兵庫県,姫路市,神屋町６丁目１５番地,6700836
4140001094957,株式会社保田工事,兵庫県,姫路市,広畑区才８０８番地１３,6711104
4140001094981,杉崎建設株式会社,兵庫県,姫路市,町田１４７番地７,6712217
4140001095204,株式会社ＴＳＵＲＵＳＨＯ,兵庫県,姫路市,花田町高木１番地２,6710256
4140001095261,姫路リビングパートナーズ株式会社,兵庫県,姫路市,元町１０７−３,6700049
4140001095294,株式会社イマジネコーポレーション,兵庫県,姫路市,大津区恵美酒町１丁目１１４番地サンコーポＢ２０２号,6711136
4140001095311,株式会社あかつき,兵庫県,姫路市,市之郷町１丁目９,6700943
4140001095377,サンダ印刷株式会社,兵庫県,姫路市,飾東町庄５７番地２,6710218
4140001095443,株式会社ハマコー商会,兵庫県,姫路市,城見台１丁目１１１１番地１１５,6700803
4140001095815,株式会社クマヒロ,兵庫県,姫路市,御立西３丁目１４−３２マウントハイツ２６号,6700074
4140001096053,株式会社ビッグ・ベアー,兵庫県,姫路市,西二階町２９番地２−１クレヨンビル５Ｆ,6700901
4140001096235,橋本創健株式会社,兵庫県,姫路市,梅ケ谷町２４−３０,6700894
4140001096268,吉田商事株式会社,兵庫県,姫路市,豊富町御蔭５５５番地２０,6792122
4140001096490,ウォーターテック株式会社,兵庫県,姫路市,豊富町豊富１７９２番地,6792123
4140001096524,株式会社ナカヤ,兵庫県,姫路市,飾磨区中島７８３番地,6728035
4140001096573,株式会社清輝,兵庫県,姫路市,花田町加納原田７６８−１フレシールメゾンＡ棟１０１号,6710252
4140001096648,株式会社ＺＥＲＯＩＮ,兵庫県,姫路市,飾磨区今在家６４７番地の１,6728079
4140001096879,株式会社ＧＡＢＡ,兵庫県,姫路市,飾磨区今在家６４９−２,6728079
4140001097258,株式会社イービジョン,兵庫県,姫路市,網干区垣内東町１８８番地,6711252
4140001097547,株式会社ＩＭＡＮＩＳＨＩ,兵庫県,姫路市,岡田１５６番地５樹々岡田Ｂ棟,6700982
4140001097555,株式会社ワイティリーガル,兵庫県,姫路市,北条１丁目２８５番地１０,6700947
4140001097860,株式会社アップデート,兵庫県,姫路市,北条２８７番地６島根ビル３階北中号室,6700947
4140001098025,株式会社リードワン,兵庫県,姫路市,南今宿４番１８号ラ・ベリーザ１０２号,6700054
4140001098099,株式会社明光創建,兵庫県,姫路市,神子岡前１丁目２番１号神子岡エイト８Ｆ,6700055
4140001098140,株式会社にしむら,兵庫県,姫路市,広畑区西夢前台４丁目５７番地,6711103
4140001098198,株式会社アイセイ,兵庫県,姫路市,広畑区長町１丁目７６番地,6711125
4140001098347,ヤマト設備工業株式会社,兵庫県,姫路市,網干区北新在家９０番地,6711235
4140001098470,ファイブ株式会社,兵庫県,姫路市,駅前町２７７−２,6700927
4140001098512,アンダーグラウンド株式会社,兵庫県,姫路市,西延末１５６番地７,6700971
4140001098594,株式会社創心館,兵庫県,姫路市,勝原区宮田６４８番地,6711213
4140001098611,株式会社パール,兵庫県,姫路市,夢前町山冨５０番地１,6712123
4140001098636,感動会社楽通株式会社,兵庫県,姫路市,三条町２丁目１３,6728041
4140001098669,株式会社三和藤商店,兵庫県,姫路市,白浜町甲１９２０番地５４,6728023
4140001098801,株式会社山本,兵庫県,姫路市,豊富町神谷９１２番地,6792121
4140001098859,株式会社ウシオ物流,兵庫県,姫路市,飾東町佐良和９１４,6710217
4140001098941,福龍建設株式会社,兵庫県,姫路市,林田町下構９番地４,6794202
4140001098966,兵庫アイル株式会社,兵庫県,姫路市,岡田１０４番地１第２手柄マンションブランシェ５０１号,6700982
4140001099130,株式会社ＭＡＫＥＢＯＸ,兵庫県,姫路市,東駅前町３９番地２階,6700926
4140001099568,株式会社ふたばこどもセンター,兵庫県,姫路市,城見台４丁目１２番地５,6700803
4140001099725,株式会社ジーニアス,兵庫県,姫路市,西庄乙４８番１、１階,6700981
4140001099733,株式会社チョップスティック,兵庫県,姫路市,駅前町２３８番地１,6700927
4140001099766,成田商事株式会社,兵庫県,姫路市,保城１１５１番地８,6700804
4140001099808,株式会社ウィステリア,兵庫県,姫路市,城東町京口台１４番地,6700845
4140001099907,株式会社船場サービス,兵庫県,姫路市,町坪４５３番地,6700984
4140001100021,株式会社アズール建設,兵庫県,姫路市,広畑区長町２丁目１１４番地１,6711125
4140001100087,株式会社ファリーナック,兵庫県,姫路市,苫編南２丁目１８−２,6700987
4140001100153,株式会社早川工業,兵庫県,姫路市,勝原区丁４５１番地１０,6711203
4140001100161,株式会社キャンモアエステート,兵庫県,姫路市,飾磨区英賀清水町２丁目１４番地,6728084
4140001100236,株式会社ヨシミウイニング,兵庫県,姫路市,福沢町９８番地,6700992
4140001100401,株式会社ウィステリア,兵庫県,姫路市,野里上野町１丁目８番６号,6700814
4140001100731,株式会社ジャパンクリエイトＦ,兵庫県,姫路市,安田４丁目５３番地２１湯浅ビル４０２号,6700955
4140001100780,株式会社太洋開発,兵庫県,姫路市,飾磨区三宅１丁目８番地２,6728048
4140001100995,株式会社慶和メディカルサービス,兵庫県,姫路市,伊伝居６１２番地１,6700871
4140001101011,株式会社逢和,兵庫県,姫路市,北平野南の町１１番１２号,6700887
4140001101201,トータルエス株式会社,兵庫県,姫路市,白鳥台３丁目２２番２号,6712245
4140001101399,株式会社姫路ヴィクトリーナ,兵庫県,姫路市,白銀町８６番地,6700902
4140001101449,Ｃｉｔｒｉｎｇ株式会社,兵庫県,姫路市,大津区恵美酒町１丁目２４番地１,6711136
4140001101820,親愛工業株式会社,兵庫県,姫路市,広畑区西蒲田４１６−３,6711107
4140001102133,株式会社シモケン,兵庫県,姫路市,飾磨区玉地２５番地,6728052
4140001102678,株式会社Ｆ．ａｌｌｓ,兵庫県,姫路市,東雲町４丁目６番地３,6700046
4140001102711,株式会社豊建工,兵庫県,姫路市,豊富町豊富８６５番地１,6792123
4140001102760,株式会社兼子商事,兵庫県,姫路市,飾磨区中浜町３丁目１６１番地４,6728085
4140001102851,株式会社Ｓｈｕｏｎｅｓｉｌｋ,兵庫県,姫路市,飾磨区加茂２１０番地１０ナオハイツ１０１,6728074
4140001103346,株式会社青芳塗装,兵庫県,姫路市,中地６４０番地３,6700976
4140001103420,株式会社豊岡運輸,兵庫県,姫路市,飾磨区中島３４０６番地,6728035
4140001103817,株式会社リバースヴィレッジ,兵庫県,姫路市,網干区大江島８０５,6711231
4140001103833,株式会社ラフノール,兵庫県,姫路市,広畑区西夢前台５丁目１８２番地,6711103
4140001103866,株式会社ＲＥＩＴＯ,兵庫県,姫路市,東延末２丁目８０番地,6700965
4140001104138,エコ・グループ株式会社,兵庫県,姫路市,町田１７７番地の１,6712217
4140001104484,株式会社Ｇｒｅｅｎ,兵庫県,姫路市,佃町９番地グリーンパークビル２０１,6728049
4140001104575,株式会社ヒライコーポレーション,兵庫県,姫路市,花田町高木２１,6710256
4140001104633,株式会社忠盛丸,兵庫県,姫路市,増位新町１丁目８番地１藤和しらさぎタウンＢ棟９０１号,6700806
4140001104732,株式会社アセットビルディング,兵庫県,姫路市,大津区天満１７２８番地,6711143
4140001104897,株式会社エイトアドバンス,兵庫県,姫路市,手柄１２５番地３,6700972
4140001104914,株式会社フィールドジャパン,兵庫県,姫路市,安田４丁目３５番地カトウビル４階,6700955
4140001105029,株式会社ウッドライフ,兵庫県,姫路市,大津区勘兵衛町１丁目２４番地２３,6711132
4140001105061,株式会社ＰＩＮＫ　ＤＲＡＧＯＮ,兵庫県,姫路市,飾磨区野田町９５番地１第２ニシキビル５階,6728040
4140001105086,株式会社快晴,兵庫県,姫路市,白浜町乙４６３番地,6728023
4140001105227,株式会社Ｌｉｍｋｓ,兵庫県,姫路市,南駅前町８７番地,6700962
4140001105235,Ｂｅｌｌｅ　ｌｕｍｉｅｒｅ株式会社,兵庫県,姫路市,花田町小川１０３１番地１,6710255
4140001105292,株式会社ＳＣＦコンサルティング,兵庫県,姫路市,西八代町７番２９−１０３号,6700876
4140001105367,村岡商会株式会社,兵庫県,姫路市,鷹匠町乙２番地２,6700024
4140001105391,株式会社ニシカワ工業,兵庫県,姫路市,飾磨区今在家１４０９−１,6728079
4140001105730,株式会社ミサキクリーン,兵庫県,姫路市,宮上町２丁目３５番地１,6700823
4140001105739,株式会社ＫＯＺＯ,兵庫県,姫路市,飾磨区阿成植木１００３番地２Ｆ,6728030
4140001105920,香箔堂株式会社,兵庫県,姫路市,飾磨区英賀乙１５番地１,6728078
4140001105937,株式会社小野,兵庫県,姫路市,佃町１５番地２,6728049
4140001106084,中川ステン加工株式会社,兵庫県,姫路市,夢前町宮置７９６番地１,6712121
4140001106282,株式会社Ｒ’ｓ,兵庫県,姫路市,西新在家２丁目１４番１０号,6700096
4140001106373,インドシナ日本株式会社,兵庫県,姫路市,別所町北宿１０２４番地,6710223
4140001106489,株式会社栄太呂,兵庫県,姫路市,飾磨区英賀保駅前町８１番地,6728091
4140001106506,株式会社サンエナジー,兵庫県,姫路市,野里２０３番地１,6700811
4140001106539,株式会社ＢＩＳＥＡＲＣＨ,兵庫県,姫路市,飾磨区阿成渡場３２０番地,6728039
4140001106571,株式会社ミナミダ,兵庫県,姫路市,広畑区蒲田１丁目１０１番地,6711102
4140001106654,株式会社丸繁興業,兵庫県,姫路市,花田町上原田１０８番地２１,6710251
4140001106720,株式会社櫻井コンサルティング,兵庫県,姫路市,西庄甲６８７番地２,6700981
4140001106860,横田不動産株式会社,兵庫県,姫路市,勝原区山戸５１２,6711214
4140001106910,株式会社Ｙ’ｓ　Ｃｌｅａｎ　Ｓｏｌｕｔｉｏｎ,兵庫県,姫路市,御立西３丁目１１番２０−７号,6700074
4140001106943,株式会社ブルーランス,兵庫県,姫路市,的形町的形１７７８番地１サンパティック的形５１８,6710111
4140001107132,株式会社ＳＰカンパニー,兵庫県,姫路市,朝日町５８番地メゾンそれいゆ２Ａ,6700934
4140001107446,山下コンサルティング株式会社,兵庫県,姫路市,別所町小林６２２番地,6710222
4140001107561,株式会社攻,兵庫県,姫路市,南駅前町３２番地,6700962
4140001108080,オーエヌ通商株式会社,兵庫県,姫路市,阿保甲１７０番地２,6700944
4140001108378,株式会社コゾリテ,兵庫県,姫路市,亀山１丁目１８３番地３,6700973
4140001108477,株式会社ＳＴＡＮＬＡＹ,兵庫県,姫路市,野里寺町４６番地,6700867
4140001108502,株式会社ＮＡＩ’Ａ,兵庫県,姫路市,駅前町２２２姫路駅前第一ビル６階,6700927
4140001108642,株式会社ベルーフウエルド,兵庫県,姫路市,玉手４丁目５４−３,6700985
4140001108782,株式会社姫風,兵庫県,姫路市,延末２４５番地６,6700966
4140001108881,株式会社ビート・ロック,兵庫県,姫路市,新在家本町４丁目１１番２０号,6700092
4140001109211,株式会社井上鋼建,兵庫県,姫路市,安田２丁目８６番地,6700955
4140001109293,株式会社Ｙ−ｗｉｔｈ,兵庫県,姫路市,白浜町甲３２０番地３,6728023
4140001109302,ＡＰ事業サポート株式会社,兵庫県,姫路市,飾磨区加茂４１４番地７,6728074
4140001109327,株式会社ＢＲＥＥＤ,兵庫県,姫路市,亀山１丁目１７４番地,6700973
4140001109335,安富ロジスティックス株式会社,兵庫県,姫路市,安富町長野１５２番地３,6712421
4140001109426,株式会社花八喜,兵庫県,姫路市,安田４丁目１５番地,6700955
4140001109533,ｗｇ＆ｅ株式会社,兵庫県,姫路市,御国野町西御着５８２番地,6710233
4140001109541,株式会社ＤＨＤ,兵庫県,姫路市,豊富町豊富３９０３番地１０７,6792123
4140001109574,株式会社もく保育園,兵庫県,姫路市,北条梅原町２７５番地,6700945
4140001109608,ＭＺＯ商事株式会社,兵庫県,姫路市,亀山２２２番地６,6700973
4140001109946,株式会社暁商会,兵庫県,姫路市,山田町多田７５１番地３,6792111
4140001110045,株式会社清澄の里,兵庫県,姫路市,飾磨区構９１８番地,6728071
4140001110251,株式会社水野工芸,兵庫県,姫路市,塩町１０４番地,6700904
4140001110458,株式会社ビッグ２,兵庫県,姫路市,飾磨区上野田２丁目７３番,6728043
4140001110516,株式会社ＳＫ企画,兵庫県,姫路市,広畑区高浜町２丁目５４番地の２,6711153
4140001110581,株式会社牧野組,兵庫県,姫路市,四郷町東阿保１１４７番地７,6710247
4140001110607,トランスポーター株式会社,兵庫県,姫路市,白浜町宇佐崎北３丁目２５番地,6728013
4140001110755,株式会社ＭＩＺＵＳＥ,兵庫県,姫路市,四郷町坂元２１１番地１,6710246
4140001110788,株式会社メテオール,兵庫県,姫路市,新在家本町３丁目１２番１７号,6700092
4140001110821,株式会社オアシス,兵庫県,姫路市,飾磨区都倉１丁目２２番地,6728046
4140001111142,株式会社播建,兵庫県,姫路市,南畝町２丁目１１４番地,6700961
4140001111150,株式会社松建,兵庫県,姫路市,広畑区早瀬町１丁目７６番地,6711151
4140001111191,株式会社竜,兵庫県,姫路市,生野町１６番地,6700007
4140001111415,Ｔ・Ｍ・Ｇ株式会社,兵庫県,姫路市,飾磨区今在家北３丁目１５０番地３,6728090
4140001111522,株式会社ミヤビ．ロジスティクス,兵庫県,姫路市,四郷町見野字岸ノ上５１１番地の１０,6710244
4140001111571,株式会社ワンダーウォール,兵庫県,姫路市,広畑区蒲田２丁目２番地３,6711102
4140001111596,株式会社オール．イノベーション,兵庫県,姫路市,岡田３５０番地１,6700982
4140001111951,Ｐｏｎｏ株式会社,兵庫県,姫路市,安田１丁目５７番地ＭＩＳＴＲＡＬ姫路駅南６０１号室,6700955
4140001112082,株式会社ビジネスクリエイト,兵庫県,姫路市,広畑区西夢前台７丁目１５番地１,6711103
4140001112140,株式会社ハクファーマシー,兵庫県,姫路市,香寺町中仁野１６５番地１０,6792143
4140001112371,エヌリンクス株式会社,兵庫県,姫路市,北条宮の町２２４番地戸越ビル２階,6700948
4140001112405,株式会社吉建,兵庫県,姫路市,実法寺５８７番地１,6712244
4140001112438,株式会社リーフ,兵庫県,姫路市,香寺町須加院３３８−４１６,6792132
4140001112586,株式会社ＭＡＨＡＬＯ,兵庫県,姫路市,大津区新町１丁目１０番地７,6711135
4140001112652,のした不動産株式会社,兵庫県,姫路市,佃町９番地グリーンパークビル３０２号室,6728049
4140001112743,播但工業株式会社,兵庫県,姫路市,花田町一本松２４１番地１,6710253
4140001112826,株式会社Ｋａｚｕ,兵庫県,姫路市,花田町高木１３０番地１,6710256
4140001112900,株式会社ＧＳＹ,兵庫県,姫路市,白浜町乙５４６番地１０,6728023
4140001112909,Ｒｅ，ｍａＫｅ株式会社,兵庫県,姫路市,別所町北宿５１６番地,6710223
4140001113171,株式会社レイズ工業,兵庫県,姫路市,飯田５２８,6700974
4140001113254,株式会社デンタルクレンリネス研究所,兵庫県,姫路市,中地４６８番地３,6700976
4140001113287,優陽建設株式会社,兵庫県,姫路市,飾東町八重畑１２６６番地,6710208
4140001113295,株式会社知春,兵庫県,姫路市,岡田３５４番地１,6700982
4140001113337,メイナド南条株式会社,兵庫県,姫路市,南条４２７番地,6700952
4140001113915,株式会社ハウス・ワン,兵庫県,姫路市,青山６丁目２９番２７号,6712222
4140001114211,ＫＩＮＫＩＳＴＥＥＬ．Ｔ株式会社,兵庫県,姫路市,大津区勘兵衛町２丁目７１番地２,6711132
4140001114343,Ｎ・フィールド株式会社,兵庫県,姫路市,神田町２丁目２番地,6700991
4140001114376,株式会社ＨＴＥ,兵庫県,姫路市,飾磨区英賀清水町１丁目３１番地２,6728084
4140001114467,株式会社ザビエルパートナーズ,兵庫県,姫路市,白浜町乙２５番地１６,6728023
4140001114566,株式会社Ｇｅｅｋ　Ｏｕｔ,兵庫県,姫路市,苫編３２３番地,6700986
4140001114657,姫路リース株式会社,兵庫県,姫路市,白浜町甲７７０番地,6728023
4140001114756,株式会社Ｒ　ＢｌｏｓｓｏＭ,兵庫県,姫路市,飾磨区英賀乙４３番地２,6728078
4140001114797,株式会社エスディーモバイル,兵庫県,姫路市,飾東町豊国２８９番地１,6710219
4140001115102,Ｍｉｔａｉ株式会社,兵庫県,姫路市,広畑区正門通３丁目６番の２,6711116
4140001115176,株式会社姫宮実業,兵庫県,姫路市,的形町的形２３１５−２,6710111
4140001115201,株式会社Ｍ・Ｋ・Ｒ,兵庫県,姫路市,書写２４５４番地５,6712201
4140001115515,株式会社ＴＡＫＡＷＯ,兵庫県,姫路市,十二所前町１０６番地阿部ビル２Ｆ,6700911
4140001115630,日本テクノバディ株式会社,兵庫県,姫路市,福沢町４７番地福沢ビル２０３,6700992
4140001115655,煌成工業株式会社,兵庫県,姫路市,夢前町護持１３６４番地２４,6712136
4140001115762,株式会社ヒロノクラフト,兵庫県,姫路市,西今宿１丁目６番１４号,6700061
4140001115779,株式会社ＲＡＳＮＩＭＯ,兵庫県,姫路市,久保町８０番地,6700916
4140001115894,株式会社有前,兵庫県,姫路市,御国野町国分寺８５８−１７,6710234
4140001116075,坊勢輝汽船株式会社,兵庫県,姫路市,飾磨区須加２９４（ポートセンタービル内）,6728063
4140001116083,株式会社ホクシン,兵庫県,姫路市,網干区津市場２１４６番地,6711224
4140001116273,株式会社ＬＤｎｅｘｔ,兵庫県,姫路市,新在家本町６丁目２番地２４,6700092
4140001116620,株式会社ＳＡＩＮＯ,兵庫県,姫路市,飾磨区恵美酒１５０番地アートマンション１０１号室,6728057
4140001116711,株式会社ＫＩＭ,兵庫県,姫路市,飾磨区妻鹿１８１６番地,6728031
4140001116967,株式会社ＴＥＡＭ　ＥＮ,兵庫県,姫路市,夢前町戸倉４７８番地,6712131
4140001116991,株式会社命成塗装店,兵庫県,姫路市,千代田町８０６番地９,6700993
4140001117148,林田乳業株式会社,兵庫県,姫路市,林田町上構９５番地２,6794204
4140001117370,株式会社もみの木,兵庫県,姫路市,別所町北宿１１３０番地５,6710223
4140001117387,株式会社あかつきホームライフ,兵庫県,姫路市,船津町１３８１番地５,6792101
4140001117404,株式会社松陰工業,兵庫県,姫路市,北原２２４番地２,6728002
4140001117494,幸和商事株式会社,兵庫県,姫路市,土山２丁目４番１４号,6700996
4140001117684,株式会社陸雲会,兵庫県,姫路市,西中島７６番地３，２０２,6700805
4140001117809,株式会社にしじまスクール,兵庫県,姫路市,辻井７丁目１４番２２号,6700083
4140001117932,株式会社Ｃａｓｔｌｅ　ｄｏｏｒ,兵庫県,姫路市,船橋町２丁目６番地６,6700048
4140001118071,日鉄ビジネスサービス瀬戸内株式会社,兵庫県,姫路市,広畑区正門通４丁目９番地の６,6711116
4140001118220,株式会社ホウギ,兵庫県,姫路市,下手野３丁目１２番１０号,6700063
4140001118294,株式会社多聞天,兵庫県,姫路市,勝原区宮田１６２番地１,6711213
4140001118591,株式会社オデックス,兵庫県,姫路市,白浜町甲２１２７番地４,6728023
4140001118609,藤岡重機株式会社,兵庫県,姫路市,田寺東２丁目４３番２０号,6700081
4140001118658,エコギャラリー株式会社,兵庫県,姫路市,北原５６３番地１１,6728002
4140001118757,株式会社ＭＡＨＫ,兵庫県,姫路市,西今宿２丁目４番６号東側,6700061
4140001118872,株式会社丸の内電力,兵庫県,姫路市,網干区垣内東町１５５番地,6711252
4140001118906,株式会社栄達,兵庫県,姫路市,総社本町２１４番地,6700015
4140001119227,株式会社ＫＬＡＳＳＹ,兵庫県,姫路市,別所町小林６１３番地１,6710222
4140001119383,株式会社てんま,兵庫県,姫路市,大津区天神町１丁目４２番地６,6711131
4140001119474,株式会社Ｃｌｏｕｄ　Ｎｉｎｅ,兵庫県,姫路市,勝原区朝日谷２７４番地８,6711204
4140001119854,株式会社北出創建,兵庫県,姫路市,網干区興浜５３５番地１,6711241
4140001119870,株式会社ｓｈｏｗ　ｍｕｓｔ　ｇｏ　ｏｎ,兵庫県,姫路市,白浜町丙４８２番地４７,6728023
4140001120044,株式会社秋田組,兵庫県,姫路市,白浜町宇佐崎北１丁目１４８番地２,6728013
4140001120052,株式会社エヌシステム,兵庫県,姫路市,香寺町溝口７９３番地,6792161
4140001120267,株式会社ＡＴＣ,兵庫県,姫路市,飯田７２４番地６,6700974
4140001120399,株式会社第一エステート,兵庫県,姫路市,東延末２丁目９０番地,6700965
4140001120481,株式会社Ｅｃｏ　Ｒｉｎｇ　Ｊａｐａｎ　Ｈｏｌｄｉｎｇｓ,兵庫県,姫路市,御国野町御着３５２番地,6710232
4140001120498,和興産業株式会社,兵庫県,姫路市,飾磨区城南町２丁目４４番地,6728083
4140001120770,株式会社オージェント,兵庫県,姫路市,網干区大江島８番地４８,6711231
4140001121083,株式会社ＳＫ工業,兵庫県,姫路市,大津区平松２１番地２４,6711145
4140001121091,株式会社ヤマオカ設備,兵庫県,姫路市,緑台１丁目２１番２３号,6712247
4140001121389,株式会社Ｌｅｔ’ｓ　ｓｕｐｐｏｒｔ,兵庫県,姫路市,南町６３ミツワビル１Ｆ,6700912
4140001121463,ＥａｒｔｈＶｉｌｌａｇｅ株式会社,兵庫県,姫路市,土山２丁目１３番２６号八秀ビル１０３,6700996
4140001121521,ＭＨＳ株式会社,兵庫県,姫路市,古二階町９５番地,6700936
4140001121570,株式会社川商,兵庫県,姫路市,西延末２３４番地１,6700971
4140001121851,株式会社ＲＩＯ,兵庫県,姫路市,市川台３丁目２９番地,6700822
4140001121918,株式会社スチールアーツ,兵庫県,姫路市,花田町加納原田５４１番地７,6710252
4140001122024,株式会社Ｌ’ａｔｅｌｉｅｒ　Ｈｉｔｏｍｉ,兵庫県,姫路市,忍町１９８番地,6700917
4140001122131,株式会社藤田産業,兵庫県,姫路市,書写１０１９番地１６４,6712201
4140001122148,株式会社エイチワイプラス,兵庫県,姫路市,御立中４丁目１番１０号,6700073
4140001122214,株式会社アイテラス,兵庫県,姫路市,飾磨区中野田１丁目２１番地,6728045
4140001122247,株式会社こじま電工,兵庫県,姫路市,市之郷町４丁目１８番１Ｆ,6700943
4140001122395,日東インベストメント株式会社,兵庫県,姫路市,東山５２４番地,6728014
4140001122593,大西フォース株式会社,兵庫県,姫路市,南駅前町９１番地８−１３０４号,6700962
4140001122684,株式会社Ｃｈａｉｎ　Ｃｏｌｏｒｓ,兵庫県,姫路市,飾磨区恵美酒２２２番地１メゾン前田４０２号,6728057
4140001122916,Ｈｅｉｊｉ株式会社,兵庫県,姫路市,東今宿４丁目５番８号,6700056
4140001123088,株式会社カジクマ,兵庫県,姫路市,広畑区高浜町３丁目６９番地４,6711153
4140001123113,哲建装株式会社,兵庫県,姫路市,飾西７４１番地１０９,6712216
4140001123245,株式会社イケウチ,兵庫県,姫路市,下寺町１１０番地,6700932
4140001123303,株式会社シカンスイ,兵庫県,姫路市,飾磨区中島３丁目３７番地,6728035
4140001123699,株式会社ＥＱＸＩＡ,兵庫県,姫路市,御国野町御着１０４８番地４,6710232
4140001123781,株式会社和音,兵庫県,姫路市,大塩町汐咲３丁目１２番地１７,6710102
4140001123914,株式会社カトウテック,兵庫県,姫路市,白浜町神田２丁目８５番地,6728011
4140001124400,株式会社ＡＫＡＲＩ　ＰＡＩＮＴ　ＯＮＥ,兵庫県,姫路市,広畑区西蒲田１５３−５,6711107
4140001124532,株式会社ｓａｌｏｎ　ｄｅ　ｐｌａｉｓａｎｔ,兵庫県,姫路市,勝原区朝日谷１７３番地５,6711204
4140001125126,株式会社中通国際,兵庫県,姫路市,飾磨区今在家１１４０番地５,6728079
4140001125134,ノアグループホールディングス株式会社,兵庫県,姫路市,東山５２４番地,6728014
4140001125274,ひとよし株式会社,兵庫県,姫路市,西今宿３丁目１９番２８号,6700061
4140001125472,株式会社シャフト,兵庫県,姫路市,忍町１６９番地藤原ビル３階,6700917
4140001125489,株式会社マルデン,兵庫県,姫路市,網干区高田２６７番地１,6711226
4140001125506,株式会社吉松,兵庫県,姫路市,東夢前台１丁目３番地８９,6700064
4140001125547,未来Ｔａｂｌｅ株式会社,兵庫県,姫路市,青山北１丁目１６番５号,6712221
4140001125596,株式会社ＺＥＲＯＬＩＮＥ　Ｇ,兵庫県,姫路市,山吹１丁目１番２７号,6700085
4140001125860,株式会社ＭＴＳ,兵庫県,姫路市,小姓町１６番地,6700043
4140001126099,信和貿易株式会社,兵庫県,姫路市,花田町高木３５３番地１,6710256
4140001126149,株式会社ふじた,兵庫県,姫路市,花田町上原田１３９番地１６,6710251
4140001126223,株式会社八幡不動産,兵庫県,姫路市,苫編南２丁目６番地,6700987
4140001126231,株式会社Ｌｕｍｉｅｒｅ,兵庫県,姫路市,四郷町坂元１８２番地６,6710246
4140001126529,株式会社玉越板金,兵庫県,姫路市,玉手２丁目３５３番地６,6700985
4140001126553,株式会社ＴＯ　ＴＨＥ　ＴＡＢＬＥ,兵庫県,姫路市,井ノ口４５０番地７２,6700983
4140001126693,株式会社住成ホーム,兵庫県,姫路市,南町６３番地ミツワビル,6700912
4140001126743,株式会社国光ガス設備,兵庫県,姫路市,田寺５丁目７番４８号,6700086
4140001126990,エスケーリビング株式会社,兵庫県,姫路市,保城２０番１８号,6700804
4140001127007,株式会社ａｍａ．,兵庫県,姫路市,土山東の町１５番７号,6700995
4140001127015,株式会社かいはつ,兵庫県,姫路市,花田町勅旨１９８番地,6710254
4140001127048,山本鉄工所株式会社,兵庫県,姫路市,家島町坊勢６１番地,6720103
4140001127139,株式会社ＩアンドＣ,兵庫県,姫路市,広畑区蒲田４丁目１２６５番地,6711102
4140001127510,株式会社ＶＩＬＬＡＧＥ,兵庫県,姫路市,白国１丁目２１番６号,6700808
4140001127626,株式会社ＳＧ２,兵庫県,姫路市,花田町小川９７５番地４,6710255
4140001127642,ＴＫＴ株式会社,兵庫県,姫路市,北今宿２丁目３番１９号パティオタカタ１０１号,6700057
4140001127659,株式会社ナカテック,兵庫県,姫路市,飾東町唐端新１番地,6710214
4140001127849,株式会社Ｌｕｎｏｎ　ｌｅ　Ｍｉｅｕｘ,兵庫県,姫路市,福沢町１３番地,6700992
4140001127857,株式会社あんじゅ,兵庫県,姫路市,青山１丁目２５番５号,6712222
4140001127915,株式会社Ｔ＆Ｍ,兵庫県,姫路市,砥堀８０１番地８,6700802
4140001127948,Ｄ．ｇｒａｐｈ株式会社,兵庫県,姫路市,東駅前町１００番地１２０６号,6700926
4140001127997,株式会社Ｋ．Ｇ,兵庫県,姫路市,夢前町寺９番地２８フローリッシュＩ４０１号,6712116
4140001128310,フローレスレジン株式会社,兵庫県,姫路市,網干区北新在家１０８番地,6711235
4140001128574,株式会社荒瀬工業,兵庫県,姫路市,保城５１２番地５,6700804
4140001128616,株式会社ｕｎｉｃｏｒｎ,兵庫県,姫路市,福中町４番地,6700017
4140001128649,株式会社１４０,兵庫県,姫路市,岡田１５０番地４,6700982
4140001128681,株式会社ＹＧＣ,兵庫県,姫路市,野里８５１番地１サニーパレス花北２０７号,6700811
4140001128772,株式会社ワイズ,兵庫県,姫路市,御国野町深志野６７７番地５,6710231
4140001128780,株式会社円九不動産,兵庫県,姫路市,白国２丁目１１番１８号,6700808
4140001128913,株式会社シンセイハイテック,兵庫県,姫路市,西庄甲３２８番地３，らくらくビル３階南,6700981
4140001129069,株式会社かぶと,兵庫県,姫路市,花田町一本松２９５番地２,6710253
4140001129119,株式会社ｓｏｌ,兵庫県,姫路市,亀井町２３番地,6700925
4140001129176,株式会社ＮＥＸＴ,兵庫県,姫路市,夢前町古知之庄１０６７番地１,6712113
4140001129341,株式会社ＮＫコンストラクション,兵庫県,姫路市,坂元町７２番地エリツィン坂元町５２５号室,6700016
4140001129374,ｃｏｎｔｉｎｅｎｔ株式会社,兵庫県,姫路市,綿町１４６,6700921
4140001129473,株式会社ＭａｒＣ,兵庫県,姫路市,忍町１００Ｂビル２階,6700917
4140001129639,株式会社Ｋｅｉｍ,兵庫県,姫路市,飾磨区富士見ケ丘町１７番地４,6728098
4140001129647,甲南タクシー株式会社,兵庫県,姫路市,豊富町御蔭１１０番地１,6792122
4140001129688,株式会社愛商事,兵庫県,姫路市,青山３丁目７番２２号,6712222
4140001129738,株式会社イワサキ,兵庫県,姫路市,西今宿６丁目４番２−２号,6700061
4140001129820,株式会社ＨＲＳ,兵庫県,姫路市,花田町勅旨４０４番地３,6710254
4140001129845,株式会社サービスシステムズ,兵庫県,姫路市,呉服町５８番地２Ｆ,6700923
4140001130448,株式会社テクノフルール,兵庫県,姫路市,東今宿３丁目９番１７−８０３号メゾン中村東今宿,6700056
4140001130506,株式会社昴建設,兵庫県,姫路市,北条永良町１６番地,6700946
4140001130571,株式会社特電ホールディングス,兵庫県,姫路市,中地字早瀬６９４番地,6700976
4140001130695,株式会社Ｂｅｌｆｉｎｅ,兵庫県,姫路市,阿保甲１２０番地アルファスマート東姫路８０２,6700944
4140001130720,株式会社ひかり製作所,兵庫県,姫路市,青山３丁目３番１号,6712222
4140001130844,Ｐｈｏｅｎｉｘ株式会社,兵庫県,姫路市,庄田８６番地１,6700951
4140001130877,株式会社サンクリアサービス,兵庫県,姫路市,北平野５丁目１４番６−２号,6700893
4140001130984,株式会社ＣＨＡＩＮＯＮ,兵庫県,姫路市,魚町４０番地ダイキビルＩＩ４Ｆ,6700905
4140001131306,株式会社ＡＳ設備,兵庫県,姫路市,城北新町１丁目１番２２号,6700883
4140001131454,株式会社オールマーケット,兵庫県,姫路市,安富町瀬川３９６番地,6712424
4140001131462,株式会社三木プランニング,兵庫県,姫路市,城北新町１丁目９番１２号,6700883
4140001131644,株式会社光栄設備,兵庫県,姫路市,飾磨区中島１１３９番地４４,6728035
4140001131735,株式会社パイルドライバー,兵庫県,姫路市,網干区垣内東町１８８番地,6711252
4140001131768,株式会社ＹＡＳＨＩＯ　ＧＯＬＤ,兵庫県,姫路市,高尾町８２番地１ワコーレ姫路ゲートプレイス９０２号,6700915
4140001131900,株式会社Ａ,兵庫県,姫路市,飾東町夕陽ケ丘４１番地,6710215
4140001132048,株式会社Ｎ．Ｌｉｎｋ,兵庫県,姫路市,博労町１２７番地朝日プラザ船場１０１号,6700906
4140001132056,株式会社ＶＥＫＴＯＲ　ＭＡＮＡＧＥＭＥＮＴ．ＨＤ,兵庫県,姫路市,飯田３丁目２１９−１,6700974
4140001132106,株式会社ぴたっとまくら,兵庫県,姫路市,西二階町８番地キング号ビル１Ｆ,6700901
4140001132130,株式会社ミヤモト電機,兵庫県,姫路市,白浜町神田２丁目３９番地１,6728011
4140001132205,株式会社もっち,兵庫県,姫路市,勝原区山戸３５６番地３,6711214
4140001132221,株式会社西本工業,兵庫県,姫路市,勝原区朝日谷４５９番地１３４,6711204
4140001132279,西和電気株式会社,兵庫県,姫路市,夢前町置本４５２番地１,6712122
4140001132428,都エステート株式会社,兵庫県,姫路市,飾磨区野田町１５３番地,6728040
4140001132709,株式会社大貫建築,兵庫県,姫路市,兼田８１３番地１５６,6728001
4140001132824,株式会社Ｌｙｒｉｙｏｎ,兵庫県,姫路市,竹田町１７番地,6700013
4140001132898,株式会社実建設,兵庫県,姫路市,御国野町西御着５９６番地２,6710233
4140001132980,アットジョブズ株式会社,兵庫県,姫路市,飾東町庄３１３番地,6710218
4140001133178,坂藤建築工房株式会社,兵庫県,姫路市,林田町林田１４３番地,6794206
4140001133260,株式会社Ｎ２ホールディングス,兵庫県,姫路市,広畑区才１５−１８,6711104
4140001133418,株式会社ＫＴＸアーキラボ,兵庫県,姫路市,船丘町２９８番地２,6700034
4140001133434,株式会社福永金属,兵庫県,姫路市,田寺東２丁目３３番１７号,6700081
4140001133500,株式会社尼子,兵庫県,姫路市,書写２２７５番地,6712201
4140001133574,株式会社ＧｒｅｅｎＶｉｎｔａｇｅ,兵庫県,姫路市,夢前町寺３５４−５２,6712116
4140001133582,株式会社システム７８,兵庫県,姫路市,名古山町３番４８号,6700051
4140001133748,にじいろハッピー株式会社,兵庫県,姫路市,大津区恵美酒町１丁目１０８番地２,6711136
4140001133888,Ｔａｔｓｕ・アセット株式会社,兵庫県,姫路市,御立西３丁目１４番２０号,6700074
4140001133962,株式会社白鷺,兵庫県,姫路市,広畑区北野町２丁目２７番地,6711112
4140001134143,株式会社ＴＭＳ,兵庫県,姫路市,上大野５丁目１４番３号,6700896
4140001134176,株式会社ＳＩＫホーム,兵庫県,姫路市,中地７２０番地１,6700976
4140001134291,株式会社ＡＬＶＥ,兵庫県,姫路市,東延末１丁目７９番地,6700965
4140001134424,株式会社クールフィンジャパン,兵庫県,姫路市,青山西２丁目１８番５５号,6712224
4140001134837,株式会社ＨＥＰ,兵庫県,姫路市,西延末２７９番地２,6700971
4140001135208,株式会社ＡＷＥ,兵庫県,姫路市,増位新町１丁目２４番地ミラキタシティ姫路１００６,6700806
4140001135298,株式会社ハープクリエイト,兵庫県,姫路市,東辻井３丁目３番５１号,6700084
4140001135307,中央電機株式会社,兵庫県,姫路市,飾磨区堀川町２４番地１,6728025
4140001135372,神戸総建株式会社,兵庫県,姫路市,勝原区朝日谷２７９番地８,6711204
4140001135380,株式会社ワダイ,兵庫県,姫路市,南今宿８−３０−６０３号,6700054
4140001135406,株式会社Ｈａｎａ　Ｂａｎ,兵庫県,姫路市,網干区福井１１８番地,6711225
4140001135579,株式会社ｃｏｍｐａｓｓ,兵庫県,姫路市,魚町１３番シャトードゥホワイトビル４階ＥＦ号,6700905
4140001135595,株式会社マルフジ,兵庫県,姫路市,梅ケ谷町２番１７グリーンハイツ梅ケ谷,6700894
4140001135629,株式会社みなとプロパティ・マネジメント,兵庫県,姫路市,広畑区東新町３丁目１３５番地,6711121
4140001135703,北部クリーンセンター株式会社,兵庫県,姫路市,夢前町菅生澗８７８番地６６,6712134
4140001135711,株式会社正悠マリン,兵庫県,姫路市,家島町坊勢６９１番地９,6720103
4140001135736,株式会社ｔｏｍｏｎｉ,兵庫県,姫路市,保城１６３番地４,6700804
4140001135752,エーティステム株式会社,兵庫県,姫路市,城北新町２丁目１４−１４、３Ｆ,6700883
4140001135777,株式会社一真,兵庫県,姫路市,町坪１９番地５,6700984
4140001135819,株式会社カンキョーマネジメント,兵庫県,姫路市,広畑区早瀬町２丁目４６番地２,6711151
4140001135835,株式会社ＳＭＩＬＥＸＩＡ,兵庫県,姫路市,東雲町１丁目２５番地,6700046
4140001135851,株式会社旭サステナブル,兵庫県,姫路市,青山西４丁目４番１号,6712224
4140001135959,株式会社ＫＷＣ,兵庫県,姫路市,飾磨区細江２３０３,6728064
4140001136008,株式会社豊一住設,兵庫県,姫路市,継２８９番地４プレッソ姫路東２棟２０２号室,6728004
4140001136016,株式会社ｂｅ　ｍｕｓｔ,兵庫県,姫路市,八代本町１丁目１０番２３号,6700874
4140001136180,株式会社Ｇ‐ＰＲＩＭＥ,兵庫県,姫路市,豊富町豊富８７４番地１,6792123
4140001136222,株式会社スマイルカンパニー,兵庫県,姫路市,御立北３丁目８−１８,6700071
4140001136247,株式会社Ｔｏ　ｄｒｅａｍ,兵庫県,姫路市,二階町１８ＡＮＧＥＲＯ二階町２３３号,6700922
4140001136263,株式会社ＲＵＳＨ　ＥＸＰＲＥＳＳ,兵庫県,姫路市,北条宮の町２２４番地戸越ビル２Ｆ,6700948
4140001136321,株式会社オフィスリュバン,兵庫県,姫路市,白銀町７５番地,6700902
4140001136370,株式会社丸大,兵庫県,姫路市,飾磨区上野田５丁目１２７番地１,6728043
4140001136395,相中株式会社,兵庫県,姫路市,御立東１丁目１８−８,6700072
4140001136437,株式会社河田工務店,兵庫県,姫路市,網干区宮内３７５番地１,6711222
4140001136445,ＩＢＫエンタープライズ株式会社,兵庫県,姫路市,広畑区大町３丁目５４番地,6711155
4140001136569,株式会社ＧＡＣＨＩ,兵庫県,姫路市,船橋町６丁目１２−３,6700048
4140001136924,株式会社風興業,兵庫県,姫路市,田寺５丁目３番６７号カンフォートやすむろ２０２,6700086
4140001137014,株式会社ＫＯＵＫＥＮ,兵庫県,姫路市,勝原区大谷２９−５,6711205
4140001137237,株式会社Ｔｓｕｔｓｕ　Ｕｒａｕｒａ,兵庫県,姫路市,飾磨区妻鹿１３８０,6728031
4140001137385,株式会社Ｂ＆ａｄ,兵庫県,姫路市,北条口３丁目３３番地デュオプレステージ姫路駅前８０４号,6700935
4140001137402,株式会社エムサポート,兵庫県,姫路市,飾磨区構５丁目３４番地ハイツ竹っ娘１０１,6728071
4140001137468,株式会社時恒,兵庫県,姫路市,飾磨区妻鹿３７３番地,6728031
4140001137617,株式会社ミツバ,兵庫県,姫路市,別所町小林１６２番地の１,6710222
4140001137625,株式会社スエヒロ,兵庫県,姫路市,大塩町９７４番地１０,6710101
4140001137864,株式会社三ツ野建装,兵庫県,姫路市,広畑区末広町１丁目５番地,6711115
4140001138004,株式会社ＭＫグループ,兵庫県,姫路市,玉手２丁目３６３番地,6700985
4140001138037,株式会社イー・コンフォート,兵庫県,姫路市,福沢町８５番地プチメゾンＳＥＮＢＡ２０１号,6700992
4140001138078,株式会社ＲＩＭＩＣ,兵庫県,姫路市,飾磨区中島１０１３番地２１,6728035
4140001138144,株式会社貴商,兵庫県,姫路市,広畑区西夢前台５丁目１０３番地,6711103
4140001138276,株式会社Ｐａｕｌ　ｅｔ　Ｃｒｅａｍ,兵庫県,姫路市,広畑区西蒲田４８１番地５,6711107
4140001138409,株式会社三英鋼機,兵庫県,姫路市,広畑区蒲田５丁目７６番地,6711102
4140001138771,株式会社岸下,兵庫県,姫路市,白浜町神田２丁目９番地３,6728011
4140001138912,株式会社Ｎｅｏ　Ｃｙｃｌｅ,兵庫県,姫路市,石倉１５８番地１,6712231
4140001139035,株式会社たのシニア,兵庫県,姫路市,広畑区長町１丁目８０番地３武本ビル５０３号,6711125
4140001139142,株式会社ＴＫスタイル,兵庫県,姫路市,元町９３番地１−９０１号,6700049
4140001139472,株式会社泰樹リサイクル,兵庫県,姫路市,夢前町高長５１９番,6712117
4140001139530,エルバ株式会社,兵庫県,姫路市,北条永良町２９９番地,6700946
4140001139753,株式会社ぱる不動産,兵庫県,姫路市,勝原区山戸１０９−１グローブキリ１０７,6711214
4140001139844,株式会社ＬＫ．,兵庫県,姫路市,広畑区長町１丁目２９番地,6711125
4140001139877,株式会社西部マシナリー,兵庫県,姫路市,飾磨区細江２３２番地１２,6728064
4140001139935,株式会社広畑自動車硝子,兵庫県,姫路市,中地南町１３７番地,6700975
4140001140100,ＨＩＮＡ株式会社,兵庫県,姫路市,安田４丁目１７番地高田ビル５階,6700955
4140001140232,株式会社ＨＡＫＵＲＯ　ＭＩＹＡＢＩ,兵庫県,姫路市,花田町上原田３４番地６,6710251
4140001140240,株式会社ｙｕｚｅｎ,兵庫県,姫路市,呉服町３３ＷＯＦビル４Ｆ,6700923
4140001140455,株式会社Ｒａｕｍ,兵庫県,姫路市,増位新町１丁目８番地１しらさぎハイタウンＢ棟１１０９号,6700806
4140001140513,アルチザンマネジメント株式会社,兵庫県,姫路市,大津区天満２９６番地１５,6711143
4140001140620,株式会社ホムラボ,兵庫県,姫路市,飾磨区玉地１丁目７番地メゾンサカタ１Ｆ,6728052
4140001140760,株式会社ＴＴＭひめじ,兵庫県,姫路市,大津区北天満町６５フーパーハウス１０１,6711142
4140001140926,株式会社スミケン,兵庫県,姫路市,飾磨区今在家１３５１番地１７,6728079
4140001141131,株式会社Ｆｌａｔ　Ｓｐａｃｅ,兵庫県,姫路市,野里３２８番地１,6700811
4140001141263,株式会社ジオニックメタル,兵庫県,姫路市,広畑区西蒲田８４１番地,6711107
4140001141420,株式会社Ｒｅｆｌａｍｅ,兵庫県,姫路市,砥堀６９４番地１７,6700802
4140001141437,株式会社ＡＳ,兵庫県,姫路市,広畑区才６９３−１,6711104
4140001141676,株式会社エスケープランニング,兵庫県,姫路市,川西１７７番地１２,6712212
4140001141684,オフィス３１０株式会社,兵庫県,姫路市,花田町加納原田８７１番地７,6710252
4140001141734,株式会社ＰＬＵＳ　ＯＮＥ,兵庫県,姫路市,神子岡前２丁目５番１２号,6700055
4140001141890,株式会社ホットスタッフ姫路,兵庫県,姫路市,御国野町御着６９９番地１,6710232
4140001141949,日本譽株式会社,兵庫県,姫路市,下寺町１２６番地１,6700932
4140001141973,株式会社黒谷工業,兵庫県,姫路市,北原７番地９６,6728002
4140001142006,株式会社ＺＥＲＯ　ＰＲＯＤＵＣＴＩＯＮ,兵庫県,姫路市,立町５５番地日興ビル,6700903
4140001142096,Ｍ．Ｔ‐ＳＨＯＰ株式会社,兵庫県,姫路市,飾磨区阿成鹿古３４６番地スパークラー阿成１号,6728038
4140001142113,株式会社ヤマト,兵庫県,姫路市,飾磨区都倉１丁目１００番地３０１,6728046
4140001142138,株式会社成鉄,兵庫県,姫路市,飾磨区英賀宮町１丁目１４番地１,6728080
4140001142278,姫路三洋株式会社,兵庫県,姫路市,北条口３丁目３７番地,6700935
4140001142385,株式会社ＡＣＥ,兵庫県,姫路市,安田４丁目１６９番地ＭＩＳＴＲＡＬ姫路駅前ＶＩＩＩ安田１号室,6700955
4140001142609,株式会社ＴＮｏｒｔｈ,兵庫県,姫路市,大津区大津町１丁目１６番地,6711146
4140002047798,株式会社大亀,兵庫県,姫路市,林田町下伊勢６０８番地,6794233
4140002048243,株式会社ＴＭＳ,兵庫県,姫路市,五軒邸２丁目２９番地,6700854
4140002049456,株式会社真改工業,兵庫県,姫路市,勝原区宮田１０番地７,6711213
4140002049596,株式会社トータルサポート,兵庫県,姫路市,青山５丁目６番５号,6712222
4140002050595,株式会社フクミ,兵庫県,姫路市,飾磨区英賀乙７２番地８７,6728078
4140002052245,大福建設工業株式会社,兵庫県,姫路市,庄田１４０番地１,6700951
4140002052815,株式会社テクノリンク,兵庫県,姫路市,北条９７８番地,6700947
4140002053623,株式会社八代興業,兵庫県,姫路市,飾東町佐良和３番地の３,6710217
4140002053961,株式会社ＰＬＡＩＳＩＲ,兵庫県,姫路市,広畑区東新町１丁目８３番地１,6711121
4140002053978,福永工業株式会社,兵庫県,姫路市,豊富町豊富１４８０番地の１,6792123
4140002054365,株式会社相互住建,兵庫県,姫路市,広畑区早瀬町２丁目８５番地,6711151
4140003007074,株式会社隆,兵庫県,姫路市,豊富町御蔭４５５番地１,6792122
4140003007215,株式会社加藤地所,兵庫県,姫路市,安田４丁目３５番地,6700955
4140003010516,播磨基礎電源株式会社,兵庫県,姫路市,北平野南の町１３番５８号,6700887
4140003012776,株式会社ＨａＭｏｎＤ,兵庫県,姫路市,飾磨区今在家７丁目７４番地,6728079
4140003013080,グリーンフォーム株式会社,兵庫県,姫路市,飾磨区構５丁目８４番地,6728071
4140003018419,株式会社シラサギ,兵庫県,姫路市,町坪１４１番地５,6700984
4250001002644,株式会社新山口カンツリー倶楽部,兵庫県,姫路市,楠町９９番地５,6700826
4260001009878,株式会社パートナーズ,兵庫県,姫路市,白浜町甲４７０番地３０,6728023
4260001024621,珈琲まめ工房株式会社,兵庫県,姫路市,余部区上余部５４５番地１,6711262
4260001037334,株式会社ＷＡＶＹ,兵庫県,姫路市,継２０６番地４ロイヤルコーポ白浜２０３号,6728004
4290001058591,株式会社Ｏｎｅ’ｓＯＮＥ,兵庫県,姫路市,東延末３丁目８番地,6700965
4290001065613,株式会社ＡＹＳパートナーズ,兵庫県,姫路市,飾磨区細江６２９番地１,6728064
4290001081288,ＫＰＬ株式会社,兵庫県,姫路市,相野８６番地６,6712232
4330001019993,神田ビジネスソリューション株式会社,兵庫県,姫路市,神田町３丁目６番地,6700991
5010001205336,株式会社ニチギワールド,兵庫県,姫路市,東延末４丁目７３番地,6700965
5010501042403,パインツリー株式会社,兵庫県,姫路市,町坪１４１番地７,6700984
5010701020299,萬國貿易株式会社,兵庫県,姫路市,田寺３丁目４番３号ローズハイツ２０２号,6700086
5020001106319,株式会社Ｓｙｎｅｒｇｏｓ,兵庫県,姫路市,飾磨区高町２丁目２５８番地の２,6728081
5030001109799,エイ・クローバー株式会社,兵庫県,姫路市,飾磨区中野田２丁目５番地,6728045
5060001025473,株式会社フクタミ,兵庫県,姫路市,福沢町１１,6700992
5070002011141,ＭＺＯパンドゥミ株式会社,兵庫県,姫路市,亀山２２２番地６,6700973
5120001042017,大森管材株式会社,兵庫県,姫路市,飾磨区西浜町２丁目２９番地６,6728086
5120001121365,株式会社日本オロジー,兵庫県,姫路市,三左衛門堀西の町６１番地,6700940
5120001170825,株式会社エクセレントライフ,兵庫県,姫路市,広畑区西蒲田８４２番地,6711107
5120001210060,株式会社花材や本舗,兵庫県,姫路市,別所町小林２６６−１０,6710222
5120001263422,株式会社ＥＥＹＡＮ,兵庫県,姫路市,玉手４丁目７２番地２,6700985
5120101029806,株式会社Ｊヌードルコーポレーション,兵庫県,姫路市,飾西４６７番地,6712216
5120101031183,株式会社プラ・デイオ,兵庫県,姫路市,勝原区下太田２２２番地１,6711201
5120901030228,株式会社インデックス,兵庫県,姫路市,北今宿２丁目４番地５２,6700057
5120901031069,株式会社エコジャパン・２１,兵庫県,姫路市,夢前町菅生澗１３５１,6712134
5120901032034,株式会社レールクリエイティブサービス,兵庫県,姫路市,白浜町寺家２丁目１５２番地１,6728012
5140001014047,不二総業株式会社,兵庫県,姫路市,市川橋通１丁目１３番地,6700825
5140001036867,株式会社プラトゥー,兵庫県,姫路市,広畑区吾妻町１丁目３５番地の３,6711154
5140001040217,タケモト保険株式会社,兵庫県,姫路市,中地４８番地３,6700976
5140001040290,株式会社大輝,兵庫県,姫路市,林田町奥佐見２番地３,6794223
5140001040456,株式会社栄フードファクトリー,兵庫県,姫路市,御立東６丁目１４−７,6700072
5140001040555,株式会社ＦＰＣ,兵庫県,姫路市,三左衛門堀西の町９９番地、５０３号,6700940
5140001040605,インテグラル株式会社,兵庫県,姫路市,大津区真砂町３８番地１９,6711134
5140001040646,株式会社アルマック姫路,兵庫県,姫路市,網干区新在家５９１番地２,6711234
5140001040729,株式会社マツヒロ,兵庫県,姫路市,仁豊野９４３番地２０９,6700801
5140001044762,福喜建設株式会社,兵庫県,姫路市,木場１１９４番地１,6728016
5140001046387,株式会社グッドテイク,兵庫県,姫路市,忍町２１０番地カルム白鷺２１６号,6700917
5140001057434,株式会社アイエヌ,兵庫県,姫路市,飾磨区恵美酒２６０番地,6728057
5140001057442,株式会社青木商店,兵庫県,姫路市,上大野１丁目１２番５３号,6700896
5140001057459,株式会社愛善住器具工業,兵庫県,姫路市,西今宿２丁目４番３号,6700061
5140001057467,北雄建設工業株式会社,兵庫県,姫路市,飾磨区妻鹿１３６９番地,6728031
5140001057475,株式会社アートテック,兵庫県,姫路市,田寺東４丁目１番１８号,6700081
5140001057491,青山建設株式会社,兵庫県,姫路市,青山３丁目３５番５号,6712222
5140001057500,青山木材株式会社,兵庫県,姫路市,青山西２丁目２６番１１号,6712224
5140001057509,株式会社アール・ビー・エヌ,兵庫県,姫路市,飾磨区中島３０５９番地の２０,6728035
5140001057517,株式会社アコール,兵庫県,姫路市,飾磨区構４丁目１４０番地,6728071
5140001057525,株式会社アカシカハウス,兵庫県,姫路市,辻井１丁目１番２３号,6700083
5140001057533,株式会社アクティブプランニング,兵庫県,姫路市,北今宿３丁目２番７号,6700057
5140001057541,赤松産業株式会社,兵庫県,姫路市,西夢前台２丁目６６番地,6712214
5140001057558,アスカ設備商会株式会社,兵庫県,姫路市,北原４０６−１,6728002
5140001057566,浅田化学工業株式会社,兵庫県,姫路市,飾磨区宮１８０番地,6728055
5140001057582,アサヒ給湯産業株式会社,兵庫県,姫路市,白浜町乙２４番地の３,6728023
5140001057590,朝日新聞姫路販売株式会社,兵庫県,姫路市,宮西町３丁目１３番地,6700837
5140001057608,株式会社東興業所,兵庫県,姫路市,飾磨区中島字庄助新田３３２５番地,6728035
5140001057616,株式会社アジュナリー,兵庫県,姫路市,北条宮の町２１０番地１,6700948
5140001057624,株式会社アドヨーク,兵庫県,姫路市,飾磨区構５丁目１０７番地の２,6728071
5140001057632,株式会社網干魚定市場,兵庫県,姫路市,網干区新在家１２７２番地の５,6711234
5140001057640,網干部品株式会社,兵庫県,姫路市,網干区津市場５０３番地２,6711224
5140001057649,アマダ産業株式会社,兵庫県,姫路市,千代田町７２０番地,6700993
5140001057657,株式会社アメリカヤ,兵庫県,姫路市,御立中２丁目１番５号,6700073
5140001057665,株式会社新井商会,兵庫県,姫路市,大津区勘兵衛町４丁目３３番地の１,6711132
5140001057673,安立防災株式会社,兵庫県,姫路市,幸町３１番地,6700835
5140001057681,株式会社太郎茶屋,兵庫県,姫路市,佃町６５番地,6728049
5140001057698,株式会社イースタン,兵庫県,姫路市,井ノ口４４３番地の２７,6700983
5140001057707,飯田石油株式会社,兵庫県,姫路市,白国１丁目６番２０号,6700808
5140001057715,池上株式会社,兵庫県,姫路市,東延末１丁目３１番地,6700965
5140001057723,パナソニックエレクトリックワークス池田電機株式会社,兵庫県,姫路市,西延末３９７番地の１,6700971
5140001057731,株式会社一四一,兵庫県,姫路市,青山北１丁目２番１７号,6712221
5140001057748,株式会社石野善,兵庫県,姫路市,綿町８５番地,6700921
5140001057756,株式会社伊勢屋本店,兵庫県,姫路市,延末３番地５,6700966
5140001057772,株式会社インドアーまえかわ,兵庫県,姫路市,市川台１丁目３３番地,6700822
5140001057789,株式会社板文,兵庫県,姫路市,綿町６７番地,6700921
5140001057822,井上板金工業株式会社,兵庫県,姫路市,飾磨区妻鹿１７２１番地の２,6728031
5140001057830,株式会社稲商,兵庫県,姫路市,山田町西山田２１番地１,6792115
5140001057839,インフォミーム株式会社,兵庫県,姫路市,西今宿３丁目６番３号,6700061
5140001057847,株式会社今熊,兵庫県,姫路市,辻井１丁目１２番２０号マインドハイツ辻井１０２号,6700083
5140001057855,入江工業株式会社,兵庫県,姫路市,網干区興浜９０７番地の２８５,6711241
5140001057871,株式会社岩山組,兵庫県,姫路市,野里７６番地の２,6700811
5140001057896,上野紙料株式会社,兵庫県,姫路市,飾磨区今在家字東荒新田１０７３番地の３,6728079
5140001057905,株式会社ウイル,兵庫県,姫路市,北条永良町５３番地,6700946
5140001057913,株式会社歌崎建設,兵庫県,姫路市,飾磨区阿成植木１０４１番地,6728030
5140001057921,株式会社内海電子工業,兵庫県,姫路市,船津町５２４５番地の３１,6792101
5140001057938,中国電通株式会社,兵庫県,姫路市,土山６丁目４番５号,6700996
5140001057954,英國屋株式会社,兵庫県,姫路市,西夢前台２丁目５７番地１号,6712214
5140001057962,エース消毒株式会社,兵庫県,姫路市,博労町９３番１,6700906
5140001057987,栄和産業株式会社,兵庫県,姫路市,広畑区長町１丁目９５番地の２,6711125
5140001057995,江口防水布工業株式会社,兵庫県,姫路市,西二階町１０４番地,6700901
5140001058003,株式会社エンジニアリングモリサキ,兵庫県,姫路市,大津区天満３９４番地の４,6711143
5140001058011,株式会社エッグライフ福永,兵庫県,姫路市,豊富町豊富２２５８番地,6792123
5140001058028,株式会社海老名組,兵庫県,姫路市,飾磨区妻鹿８９９番地２,6728031
5140001058044,株式会社エムティ・エンタープライズ,兵庫県,姫路市,実法寺６３１番地の１,6712244
5140001058052,エラサービス株式会社,兵庫県,姫路市,飾東町塩崎字下川原６５９番地の１,6710211
5140001058069,株式会社オールワーキング,兵庫県,姫路市,広畑区蒲田５丁目１４８番地,6711102
5140001058077,株式会社扇土建,兵庫県,姫路市,香寺町岩部３６７番地１,6792141
5140001058093,オアシス造園土木株式会社,兵庫県,姫路市,網干区垣内本町２１４９番地,6711257
5140001058102,大槻電機株式会社,兵庫県,姫路市,大津区新町２丁目４０番地の３,6711135
5140001058110,株式会社オー．デー．シー,兵庫県,姫路市,飾磨区恵美酒１０８番地,6728057
5140001058119,株式会社大野,兵庫県,姫路市,御国野町国分寺７０２番地,6710234
5140001058127,株式会社オービツク,兵庫県,姫路市,飾磨区構４丁目１６番地,6728071
5140001058135,株式会社ＯＭＯＲＩ,兵庫県,姫路市,飾磨区中島１２９７番地の２,6728035
5140001058151,岡田電器株式会社,兵庫県,姫路市,下手野１丁目２１１番地の１,6700063
5140001058176,オクムラボート販売株式会社,兵庫県,姫路市,的形町的形２０１３番地,6710111
5140001058184,小田殖産株式会社,兵庫県,姫路市,豊富町御蔭１２５２番地,6792122
5140001058226,株式会社冠婚葬祭こころの会,兵庫県,姫路市,広畑区高浜町２丁目２９番地の２,6711153
5140001058234,関西オート整備株式会社,兵庫県,姫路市,京町２丁目１１番地,6700824
5140001058242,株式会社関西コーヒー,兵庫県,姫路市,大津区恵美酒町２丁目５４番地,6711136
5140001058250,関西検査株式会社,兵庫県,姫路市,白浜町寺家２丁目１５０番地の５,6728012
5140001058259,株式会社関西サツシ,兵庫県,姫路市,飾磨区高町２丁目３２１番地の２,6728081
5140001058267,株式会社関西電子計測,兵庫県,姫路市,豊富町御蔭３２７８番地の１３,6792122
5140001058275,関西美術工芸株式会社,兵庫県,姫路市,今宿１８１９番地の１,6700052
5140001058283,株式会社フラッシュエイト,兵庫県,姫路市,神子岡前１丁目９番４１号ビラステップ２０４号,6700055
5140001058300,株式会社樫本興産,兵庫県,姫路市,忍町８７番地,6700917
5140001058309,株式会社加藤,兵庫県,姫路市,若菜町２丁目２９番地,6700941
5140001058317,カトウ商事株式会社,兵庫県,姫路市,南今宿８番９号,6700054
5140001058325,株式会社割烹悠,兵庫県,姫路市,五軒邸４丁目１４２番地,6700854
5140001058333,株式会社カツラ自動車販売,兵庫県,姫路市,保城４５６番地の６,6700804
5140001058341,株式会社金梅,兵庫県,姫路市,花田町高木５０番地,6710256
5140001058358,株式会社金本,兵庫県,姫路市,花田町高木４４５番地の１,6710256
5140001058366,神澤通商株式会社,兵庫県,姫路市,白浜町宇佐崎南２丁目３０番地,6728022
5140001058374,神畑産業株式会社,兵庫県,姫路市,南町１０番地,6700912
5140001058382,株式会社香山商店,兵庫県,姫路市,御国野町深志野１８８番地の１,6710231
5140001058390,川崎興産株式会社,兵庫県,姫路市,白浜町甲２０８８番地,6728023
5140001058399,唐津機工株式会社,兵庫県,姫路市,田寺１丁目３番８号,6700086
5140001058408,河部鋸刃工業株式会社,兵庫県,姫路市,青山５丁目１４番６号,6712222
5140001058416,株式会社企広,兵庫県,姫路市,青山西２丁目２３番１号,6712224
5140001058424,近畿興業株式会社,兵庫県,姫路市,飾磨区鎌倉町５７番地の１,6728094
5140001058432,株式会社キンキサンコー,兵庫県,姫路市,飾磨区構５丁目１０９番地,6728071
5140001058440,近畿鋳材株式会社,兵庫県,姫路市,土山東の町１番１３号,6700995
5140001058457,株式会社岸本クレーン,兵庫県,姫路市,的形町的形１３５５番地,6710111
5140001058473,北野機械株式会社,兵庫県,姫路市,土山２丁目２番４３号,6700996
5140001058481,株式会社鈴木金属,兵庫県,姫路市,御国野町御着１８１番地１４,6710232
5140001058498,衣川製鎖工業株式会社,兵庫県,姫路市,四郷町東阿保２６７番地,6710247
5140001058507,株式会社銀ビルストアー,兵庫県,姫路市,南町３１番地,6700912
5140001058531,協伸株式会社,兵庫県,姫路市,花田町高木３０番地の１,6710256
5140001058548,協和鋼業株式会社,兵庫県,姫路市,飾磨区清水３丁目２６番地,6728051
5140001058556,共立興業株式会社,兵庫県,姫路市,飾磨区妻鹿１４２０番地８,6728031
5140001058564,清川建設株式会社,兵庫県,姫路市,野里２５番地６,6700811
5140001058580,楠田運送株式会社,兵庫県,姫路市,御立西２丁目７番９号,6700074
5140001058597,株式会社クリエート開発,兵庫県,姫路市,御立西２丁目６番１９号,6700074
5140001058606,株式会社グリーンハウス,兵庫県,姫路市,山田町多田１１３２番地の１２,6792111
5140001058614,グローリー株式会社,兵庫県,姫路市,下手野１丁目３番１号,6700063
5140001058622,株式会社アトラスジャパン関西,兵庫県,姫路市,川西１７番地の３,6712212
5140001058639,栗田建設株式会社,兵庫県,姫路市,広畑区本町２丁目５５番地,6711114
5140001058663,株式会社ケイケイ商会,兵庫県,姫路市,小姓町３５番地の１,6700043
5140001058671,虹技物流機工株式会社,兵庫県,姫路市,大津区勘兵衛町４丁目１番地,6711132
5140001058688,株式会社ケント,兵庫県,姫路市,三左衛門堀西の町６１番地,6700940
5140001058705,株式会社幸印社,兵庫県,姫路市,延末３７５番地１,6700966
5140001058721,光晴工業株式会社,兵庫県,姫路市,打越２０番地１,6712246
5140001058738,株式会社コアテックシステム,兵庫県,姫路市,大津区天神町２丁目７８番地,6711131
5140001058746,株式会社興南商会,兵庫県,姫路市,飾磨区下野田５９７番地の１,6728044
5140001058754,株式会社神戸医療事務センター,兵庫県,姫路市,豊沢町６８番地,6700964
5140001058762,神戸大和ハカリ株式会社,兵庫県,姫路市,飾磨区下野田２６１番地,6728044
5140001058770,株式会社光明建設,兵庫県,姫路市,井ノ口字寄谷４６９番地の４１,6700983
5140001058779,幸友開発株式会社,兵庫県,姫路市,飾磨区中島１丁目３０１番地,6728035
5140001058787,株式会社香山建築,兵庫県,姫路市,広畑区正門通１丁目８番地の４,6711116
5140001058795,晃和電気株式会社,兵庫県,姫路市,南車崎２丁目３番３４号,6700053
5140001058804,国際観光株式会社,兵庫県,姫路市,神屋町２丁目３２番地,6700836
5140001058812,株式会社コクピットトレンド,兵庫県,姫路市,辻井３丁目１２１２番地の１,6700083
5140001058820,株式会社小嶋興業,兵庫県,姫路市,勝原区朝日谷２５０番地,6711204
5140001058829,株式会社ゴトウ・アズ・プランニング,兵庫県,姫路市,豊富町御蔭５００番地９３,6792122
5140001058837,近藤燐寸株式会社,兵庫県,姫路市,的形町的形１５７３番地,6710111
5140001058845,壽産業株式会社,兵庫県,姫路市,広畑区東新町１丁目４９番地,6711121
5140001058853,株式会社コドモ屋,兵庫県,姫路市,北新在家２丁目１３番２３号,6700091
5140001058861,株式会社呉服えり新,兵庫県,姫路市,呉服町４５番地,6700923
5140001058878,株式会社駒田製材所,兵庫県,姫路市,西中島２２番地の５,6700805
5140001058886,是川設備工業株式会社,兵庫県,姫路市,太市中６７０番地,6712233
5140001058894,山陽塩業株式会社,兵庫県,姫路市,安田１丁目６番地,6700955
5140001058903,株式会社山陽工務店,兵庫県,姫路市,西中島４３３−１３番地,6700805
5140001058911,山陽器材株式会社,兵庫県,姫路市,飾磨区構５丁目１５８番地,6728071
5140001058936,山陽電機材株式会社,兵庫県,姫路市,北条宮の町１５３番地,6700948
5140001058944,山陽ホーム株式会社,兵庫県,姫路市,立町８５番地,6700903
5140001058952,株式会社サンヨープロセス,兵庫県,姫路市,飾磨区中野田２丁目１３５番地,6728045
5140001058960,三栄印刷株式会社,兵庫県,姫路市,網干区高田６６番地の１,6711226
5140001058969,株式会社三英建築設計事務所,兵庫県,姫路市,北今宿２丁目１番３５号瀬川ビル２階,6700057
5140001058977,サンオイル株式会社,兵庫県,姫路市,白浜町丙１７１番地,6728023
5140001058985,株式会社齊藤製作所,兵庫県,姫路市,別所町佐土１０６９番地の１,6710224
5140001058993,株式会社サンエム,兵庫県,姫路市,東郷町１４４９−７,6700821
5140001059018,株式会社山晃商会,兵庫県,姫路市,砥堀１４０番地の２２,6700802
5140001059026,株式会社坂井鉄工所,兵庫県,姫路市,網干区新在家１２４３番地の７,6711234
5140001059034,崎塩興業株式会社,兵庫県,姫路市,花田町高木分町９０番地の８,6710256
5140001059050,株式会社坂本商店,兵庫県,姫路市,西駅前町４９番地,6700913
5140001059067,三五屋青果株式会社,兵庫県,姫路市,白浜町甲１９２０番地５４,6728023
5140001059075,さくら警備保障株式会社,兵庫県,姫路市,安田４丁目７１番地,6700955
5140001059083,三晴工業株式会社,兵庫県,姫路市,西庄２１７番地の１,6700981
5140001059091,三相電機株式会社,兵庫県,姫路市,青山北１丁目１番１号,6712221
5140001059100,三実機械株式会社,兵庫県,姫路市,飾磨区中島３４２０番地,6728035
5140001059109,佐藤精機株式会社,兵庫県,姫路市,余部区下余部２４０番地の６,6711261
5140001059125,サンノー株式会社,兵庫県,姫路市,林田町上伊勢１１７番地,6794232
5140001059133,株式会社さのや,兵庫県,姫路市,東延末１丁目４６番地,6700965
5140001059158,株式会社サンワイ,兵庫県,姫路市,飾磨区英賀宮町１丁目６４番地,6728080
5140001059182,株式会社サワダインダストリ,兵庫県,姫路市,白浜町乙５４５番地,6728023
5140001059190,サン立地開発建設株式会社,兵庫県,姫路市,北条１丁目１１３番地ミヤビビル,6700947
5140001059199,澤西建設株式会社,兵庫県,姫路市,飾磨区須加１６番地,6728063
5140001059208,株式会社シンエイエステート,兵庫県,姫路市,飾磨区英賀東町１丁目６７番地,6728087
5140001059216,株式会社神栄産業,兵庫県,姫路市,木場１１９５番地,6728016
5140001059224,株式会社ジェイム,兵庫県,姫路市,飾磨区英賀東町１丁目３３番地,6728087
5140001059232,株式会社ジェダイ,兵庫県,姫路市,東今宿４丁目１番８号,6700056
5140001059240,株式会社ジエビツク,兵庫県,姫路市,青山北１丁目１０番１５号,6712221
5140001059257,しんこう出版株式会社,兵庫県,姫路市,西今宿１丁目９番８号,6700061
5140001059265,神姫警備保障株式会社,兵庫県,姫路市,中地南町３４番地,6700975
5140001059273,株式会社飾西測量,兵庫県,姫路市,飾西２７４番地,6712216
5140001059281,神姫逓送株式会社,兵庫県,姫路市,花田町上原田字長戸手３３６番５,6710251
5140001059298,飾磨整備株式会社,兵庫県,姫路市,飾磨区今在家１０１７番地の５,6728079
5140001059307,株式会社シンセイ,兵庫県,姫路市,三条町１丁目９番地,6700953
5140001059356,新姫路商事株式会社,兵庫県,姫路市,豊沢町１０８番地,6700964
5140001059364,株式会社しみず,兵庫県,姫路市,飾東町豊国５４番地の１,6710219
5140001059372,株式会社シモザトコーポレーション,兵庫県,姫路市,三条町２丁目２２番地,6728041
5140001059380,島田石油株式会社,兵庫県,姫路市,城東町毘沙門１８番地,6700842
5140001059397,株式会社正栄通商,兵庫県,姫路市,木場十八反町３５番地の４,6728017
5140001059406,株式会社章グラ,兵庫県,姫路市,兼田２２６番地の２,6728001
5140001059414,株式会社消設,兵庫県,姫路市,花田町加納原田２５２番地の２,6710252
5140001059422,城南建材株式会社,兵庫県,姫路市,広畑区東夢前台４丁目１０１番地,6711101
5140001059430,株式会社城洋,兵庫県,姫路市,白浜町宇佐崎南１丁目６８番１,6728022
5140001059447,昭和重車輌整備株式会社,兵庫県,姫路市,飾磨区今在家１０７８番地,6728079
5140001059455,住友建設株式会社,兵庫県,姫路市,八代３５３番地の１４,6700872
5140001059463,株式会社リビューティフル,兵庫県,姫路市,土山６丁目３番８号,6700996
5140001059505,株式会社白濱製パン所,兵庫県,姫路市,白浜町甲４０２番地の６７,6728023
5140001059513,信和油圧工業株式会社,兵庫県,姫路市,御国野町御着１２８番地の７,6710232
5140001059546,株式会社スペースデザイン三和,兵庫県,姫路市,城見町１７７番地,6700831
5140001059554,株式会社住吉興産,兵庫県,姫路市,飾磨区今在家字近藤新田１３５１番地の１７地先,6728079
5140001059562,株式会社清交倶楽部,兵庫県,姫路市,下寺町４３番地姫路商工会議所内,6700932
5140001059579,株式会社誠心堂書店,兵庫県,姫路市,八代３７１番地の８,6700872
5140001059595,株式会社セイフティサービス,兵庫県,姫路市,白浜町宇佐崎北１丁目１３番地,6728013
5140001059604,セーヨー産業株式会社,兵庫県,姫路市,御立西２丁目１番１７号,6700074
5140001059620,株式会社全甲シール印刷所,兵庫県,姫路市,白浜町甲２９４番地８,6728023
5140001059629,セキスイハイム山陽株式会社,兵庫県,姫路市,岡田７２３番地１,6700982
5140001059637,株式会社瀬戸内ホーム,兵庫県,姫路市,青山６丁目２５番５号,6712222
5140001059653,株式会社せんばはまや,兵庫県,姫路市,博労町１５２番地,6700906
5140001059661,全陸運輸株式会社,兵庫県,姫路市,飾東町庄３４２番地１,6710218
5140001059678,相建工業株式会社,兵庫県,姫路市,相野９３３番地の４８,6712232
5140001059703,大栄建設株式会社,兵庫県,姫路市,飾磨区英賀清水町２丁目２０番地,6728084
5140001059728,株式会社大健,兵庫県,姫路市,南駅前町６４番地,6700962
5140001059736,大広整備株式会社,兵庫県,姫路市,広畑区長町１丁目１９番地,6711125
5140001059752,株式会社大吉商事,兵庫県,姫路市,飾磨区東堀１７番地,6728054
5140001059769,大成開発株式会社,兵庫県,姫路市,八家１２７５番地６,6728015
5140001059777,株式会社大成商会,兵庫県,姫路市,琴岡町２７４番地,6700035
5140001059785,株式会社大設,兵庫県,姫路市,広畑区蒲田４丁目１４０番地,6711102
5140001059793,株式会社大昌汽缶工業,兵庫県,姫路市,北条梅原町１２９２番地,6700945
5140001059802,大同カロライズ工業株式会社,兵庫県,姫路市,飾磨区中島４１４番地,6728035
5140001059827,株式会社ダイネンエコソリューション,兵庫県,姫路市,本町２４０番地,6700012
5140001059835,太平産業株式会社,兵庫県,姫路市,林田町林谷９１９番地の４,6794221
5140001059843,株式会社太陽,兵庫県,姫路市,打越１３３９番地,6712246
5140001059851,太陽紙工株式会社,兵庫県,姫路市,別所町北宿１１５６番地の１,6710223
5140001059868,大和建材株式会社,兵庫県,姫路市,広畑区吾妻町１丁目６１番地,6711154
5140001059876,ダイワ産業株式会社,兵庫県,姫路市,飾磨区細江７２１番地,6728064
5140001059892,高岡タクシー株式会社,兵庫県,姫路市,上手野２７７番地の２,6700065
5140001059926,株式会社竹田電機製作所,兵庫県,姫路市,大津区吉美３８８番地,6711133
5140001059934,竹中商事株式会社,兵庫県,姫路市,北条字野田井１０６６番地,6700947
5140001059942,タカハシ自動車工業株式会社,兵庫県,姫路市,神屋町３丁目３番地の２,6700836
5140001059950,株式会社竹弘建設,兵庫県,姫路市,花田町勅旨４７番地の３,6710254
5140001059975,田染設備工業株式会社,兵庫県,姫路市,船橋町４丁目３番地の１７,6700048
5140001059983,株式会社タツカワグラビア,兵庫県,姫路市,花田町一本松５７番地,6710253
5140001059991,橘建設株式会社,兵庫県,姫路市,北条１０６２番地,6700947
5140001060000,株式会社辰美屋クリーニング,兵庫県,姫路市,網干区和久４８０番地の２,6711227
5140001060009,株式会社タニグチ,兵庫県,姫路市,豊富町御蔭１１１０番地の２,6792122
5140001060025,タマチ株式会社,兵庫県,姫路市,朝日町１８番地,6700934
5140001060033,株式会社田村グラビヤ,兵庫県,姫路市,別所町北宿１１４０番地の１,6710223
5140001060041,株式会社千秋建設,兵庫県,姫路市,南今宿８番２号,6700054
5140001060066,千代田金属工業株式会社,兵庫県,姫路市,阿保甲４０３番地の３,6700944
5140001060074,株式会社地塩,兵庫県,姫路市,大塩町４３８番地,6710101
5140001060082,株式会社辻井モータース,兵庫県,姫路市,北今宿１丁目７番２７号,6700057
5140001060090,株式会社土田商店,兵庫県,姫路市,西駅前町６０番地,6700913
5140001060099,角田製鎖株式会社,兵庫県,姫路市,飾磨区阿成渡場１０２６番地,6728039
5140001060116,株式会社ツートク,兵庫県,姫路市,土山６丁目１番１２号,6700996
5140001060140,株式会社テクノスジャパン,兵庫県,姫路市,北条９７８番地,6700947
5140001060157,株式会社天マ屋,兵庫県,姫路市,白浜町甲４００番地の１４,6728023
5140001060165,株式会社寺谷自動車,兵庫県,姫路市,広畑区正門通１丁目３番地の３,6711116
5140001060173,東栄機工株式会社,兵庫県,姫路市,大津区勘兵衛町２丁目８６番地の２,6711132
5140001060181,東亜食品工業株式会社,兵庫県,姫路市,御国野町深志野７５９番地の３,6710231
5140001060198,東芝運輸株式会社,兵庫県,姫路市,網干区浜田字西宅地７１０番地,6711242
5140001060207,東梅建設株式会社,兵庫県,姫路市,三条町２丁目５０,6728041
5140001060223,株式会社東洋工営,兵庫県,姫路市,白浜町甲５４７番地,6728023
5140001060231,東洋シップサプライ株式会社,兵庫県,姫路市,飾磨区妻鹿１３６８番地の１,6728031
5140001060248,東洋理研工業株式会社,兵庫県,姫路市,飾磨区恵美酒３３７番地１,6728057
5140001060256,常盤産業株式会社,兵庫県,姫路市,青山１丁目３６番１４号,6712222
5140001060264,トダカ商事株式会社,兵庫県,姫路市,佃町１番地の１,6728049
5140001060297,株式会社トルネードジャパン,兵庫県,姫路市,飾磨区三宅３丁目３０３番地の５,6728048
5140001060306,内藤機械株式会社,兵庫県,姫路市,下手野１丁目９番６号,6700063
5140001060314,永岡商事株式会社,兵庫県,姫路市,網干区垣内南町１８６２番地の２,6711255
5140001060330,株式会社斗南設計ａｒｃｈｉｔｅｃｔ　ｏｆｆｉｃｅ,兵庫県,姫路市,元塩町１１８番地,6700937
5140001060347,中島電機株式会社,兵庫県,姫路市,白浜町丙４６６番地の１,6728023
5140001060355,中塚商事株式会社,兵庫県,姫路市,大津区勘兵衛町１丁目１４１番地,6711132
5140001060363,株式会社ナカタニ,兵庫県,姫路市,白浜町寺家２丁目２６番５号,6728012
5140001060388,株式会社ナカムラ,兵庫県,姫路市,別所町北宿９０５番地,6710223
5140001060396,中山興業株式会社,兵庫県,姫路市,飾磨区城南町２丁目４４番地,6728083
5140001060405,株式会社ナショナルアメニティ,兵庫県,姫路市,東今宿１９９２番地,6700000
5140001060413,株式会社浪速工藝社,兵庫県,姫路市,香寺町犬飼８６９番地８９,6792131
5140001060446,西興物産株式会社,兵庫県,姫路市,飾磨区中浜町２丁目５１番地,6728085
5140001060454,株式会社西川建築設計事務所,兵庫県,姫路市,西今宿３丁目１２番１号,6700061
5140001060479,株式会社西堀商事,兵庫県,姫路市,安田４丁目４２番地１３,6700955
5140001060487,西村鉄工株式会社,兵庫県,姫路市,飾磨区中島５６２番地６,6728035
5140001060495,日栄建設工業株式会社,兵庫県,姫路市,広畑区蒲田５丁目１７１５番地,6711102
5140001060504,日光通販株式会社,兵庫県,姫路市,飾東町豊国字城山１１６３番地の３８,6710219
5140001060512,株式会社ニッケンリフォーム,兵庫県,姫路市,栗山町１２６番地イノウエビル７Ｆ,6700954
5140001060520,日生塗工株式会社,兵庫県,姫路市,広畑区長町１丁目４９番地の２,6711125
5140001060529,日新ゴルフ株式会社,兵庫県,姫路市,広畑区吾妻町２丁目３５番地,6711154
5140001060545,日東コンピューターサービス株式会社,兵庫県,姫路市,西駅前町７３番地,6700913
5140001060561,株式会社日逢クレジット,兵庫県,姫路市,東山２０５番地,6728014
5140001060578,株式会社日本通商,兵庫県,姫路市,十二所前町１７番地,6700911
5140001060594,ニチリン・サービス株式会社,兵庫県,姫路市,別所町佐土１１１８番地,6710224
5140001060628,株式会社ノムラ,兵庫県,姫路市,地内町２７番地,6700044
5140001060636,株式会社パークヒルズカントリークラブ,兵庫県,姫路市,青山１４６４番地,6712222
5140001060652,株式会社ハクエイ・コーポレーション,兵庫県,姫路市,飾磨区三宅１丁目２６番地,6728048
5140001060677,株式会社白鷺陣屋,兵庫県,姫路市,若菜町２丁目１８番地,6700941
5140001060685,株式会社白鷺ビル,兵庫県,姫路市,魚町３１番地,6700905
5140001060693,株式会社長谷川,兵庫県,姫路市,仁豊野４５３番地の３,6700801
5140001060719,株式会社播州コンサルタント,兵庫県,姫路市,砥堀２４番地の４,6700802
5140001060727,播州トーヨー住器株式会社,兵庫県,姫路市,継野々上１６３番地の４,6728004
5140001060743,株式会社ハッチー,兵庫県,姫路市,東延末５丁目１２番地,6700965
5140001060751,八陽物産株式会社,兵庫県,姫路市,北平野４丁目１１番１７号,6700893
5140001060768,株式会社ハマサキ事務,兵庫県,姫路市,飾東町庄２６１番地３,6710218
5140001060776,浜谷印刷株式会社,兵庫県,姫路市,白浜町丙４８２番地,6728023
5140001060784,濱野製鎖株式会社,兵庫県,姫路市,白浜町宇佐崎南１丁目３７番地,6728022
5140001060792,ハヤカワ電線工業株式会社,兵庫県,姫路市,西延末４２２番地,6700971
5140001060818,株式会社はらだ建築設計事務所,兵庫県,姫路市,飾磨区阿成植木１００３番地,6728030
5140001060826,春奈商事株式会社,兵庫県,姫路市,野里字南河原１８７番地,6700811
5140001060834,株式会社播磨広告社,兵庫県,姫路市,八代東光寺町１６番３２号,6700873
5140001060842,播磨建装株式会社,兵庫県,姫路市,西延末３５６番地の６,6700971
5140001060859,播磨地所株式会社,兵庫県,姫路市,古二階町５２番地,6700936
5140001060867,播磨メディカル株式会社,兵庫県,姫路市,飾磨区思案橋９６番地,6728075
5140001060875,姫路大阪生コンクリート株式会社,兵庫県,姫路市,飾磨区中島字宝来３０５９番地の７,6728035
5140001060883,姫路インザイ株式会社,兵庫県,姫路市,豊富町神谷１３２０番地の１,6792121
5140001060891,姫路海運株式会社,兵庫県,姫路市,八家１５５番地,6728015
5140001060909,姫路技研株式会社,兵庫県,姫路市,新在家１丁目１０番２号,6700095
5140001060925,株式会社姫路キヤッスルホテル,兵庫県,姫路市,三左衛門堀西の町２１０番地,6700940
5140001060933,姫路倉庫運輸株式会社,兵庫県,姫路市,別所町別所１丁目４３番地,6710221
5140001060941,株式会社姫路洗管,兵庫県,姫路市,大津区北天満町１４１番地の３,6711142
5140001060958,姫路商運株式会社,兵庫県,姫路市,夢前町宮置２番地２２,6712121
5140001060966,姫路ダイサン株式会社,兵庫県,姫路市,北条梅原町１１０番地,6700945
5140001060974,姫路テーラー株式会社,兵庫県,姫路市,中地３４５番地の１１,6700976
5140001060990,姫路鐵鋼リフアイン株式会社,兵庫県,姫路市,飾磨区中島１５９８番地,6728035
5140001060999,株式会社姫路農産流通センター,兵庫県,姫路市,手柄３０番地の１,6700972
5140001061023,姫路パルプ鉄工株式会社,兵庫県,姫路市,豊富町豊富２２８８番地,6792123
5140001061048,姫路臨海興業株式会社,兵庫県,姫路市,飾磨区細江１２８７番地,6728064
5140001061056,株式会社ピーエス,兵庫県,姫路市,忍町１０１番地（ＳＰビル４階）,6700917
5140001061064,株式会社東山建設,兵庫県,姫路市,飾磨区野田町１番地,6728040
5140001061080,株式会社ビックシステムコンサル,兵庫県,姫路市,青山西４丁目２番１号,6712224
5140001061089,株式会社人丸かばん店,兵庫県,姫路市,綿町９５番地,6700921
5140001061106,姫高電機株式会社,兵庫県,姫路市,飯田４９１番地の１２,6700974
5140001061122,株式会社ヒメフジ,兵庫県,姫路市,御国野町国分寺７７４番地の１,6710234
5140001061139,株式会社兵庫機工,兵庫県,姫路市,飾東町豊国字仲田７９０番地,6710219
5140001061155,株式会社兵庫商事,兵庫県,姫路市,町坪４９番地の５,6700984
5140001061163,日向土木興業株式会社,兵庫県,姫路市,飾磨区阿成植木１１０５番地,6728030
5140001061171,兵庫ビデオ株式会社,兵庫県,姫路市,朝日町５０番地,6700934
5140001061188,株式会社ビューテイーカルダン,兵庫県,姫路市,青山北１丁目１７番６号,6712221
5140001061196,株式会社平岡建商,兵庫県,姫路市,大津区恵美酒町２丁目１５番地,6711136
5140001061205,株式会社博起,兵庫県,姫路市,香寺町恒屋７２５番地１,6792165
5140001061221,平田板金工業株式会社,兵庫県,姫路市,網干区興浜字西沖２１１３番地の７,6711241
5140001061238,株式会社ヒロハタ技研,兵庫県,姫路市,飾磨区英賀宮町１丁目４５番地の３,6728080
5140001061246,株式会社広畑自動車学校,兵庫県,姫路市,広畑区小坂１８０番地,6711156
5140001061254,平正土木工業株式会社,兵庫県,姫路市,余部区上川原３７番地の１０,6711263
5140001061262,株式会社ＡＰＳカーライフ兵庫,兵庫県,姫路市,山吹１丁目１１８５番地,6700085
5140001061279,株式会社福岡工務店,兵庫県,姫路市,福中町５番地,6700017
5140001061287,株式会社福井商店,兵庫県,姫路市,飾磨区栄町８番地の１,6728053
5140001061295,福助木工株式会社,兵庫県,姫路市,宮西町４丁目８番地,6700837
5140001061304,深澤機械工業株式会社,兵庫県,姫路市,青山北２丁目３番１６号,6712221
5140001061312,株式会社フクトク,兵庫県,姫路市,御国野町御着３５８番地,6710232
5140001061320,株式会社福永重機,兵庫県,姫路市,城東町清水１番地,6700843
5140001061337,株式会社フクヨシ興産,兵庫県,姫路市,飾磨区恵美酒２１３番地,6728057
5140001061345,株式会社フジオカ建設,兵庫県,姫路市,広畑区高浜町３丁目２８番地,6711153
5140001061353,フジコー株式会社,兵庫県,姫路市,北条１０８０番地２,6700947
5140001061361,株式会社富士観光,兵庫県,姫路市,御立東５丁目２番９号,6700072
5140001061378,株式会社藤商,兵庫県,姫路市,飾磨区下野田２丁目４２０番地の６,6728044
5140001061386,株式会社藤徳食品,兵庫県,姫路市,駅前町２１０番地,6700927
5140001061394,富士ボウル株式会社,兵庫県,姫路市,広畑区吾妻町１丁目３４番地,6711154
5140001061403,株式会社藤正食品,兵庫県,姫路市,手柄１丁目１００番地,6700972
5140001061436,株式会社フルーツバスケツト,兵庫県,姫路市,白浜町丙１５３番地８,6728023
5140001061444,株式会社プリンス殖産,兵庫県,姫路市,三左衛門堀西の町１９９番地の３,6700940
5140001061452,株式会社フレンドリーリサイクラー,兵庫県,姫路市,広畑区蒲田２１５番地,6711102
5140001061460,平和建設株式会社,兵庫県,姫路市,阿保乙４０２番地２,6700944
5140001061469,株式会社ベストコンサル,兵庫県,姫路市,北条宮の町２５８番地木下ビル３０１号,6700948
5140001061477,株式会社寺内鉄工所,兵庫県,姫路市,東延末４丁目１１９番地,6700965
5140001061485,宝榮興産株式会社,兵庫県,姫路市,八代富士才町３５２番地の４,6700872
5140001061502,株式会社宝角合金製作所,兵庫県,姫路市,飾磨区中島１３４５番地の２,6728035
5140001061519,パンセ株式会社,兵庫県,姫路市,土山東の町１３番６号,6700995
5140001061527,株式会社細野組,兵庫県,姫路市,林田町林田９６番地の２,6794206
5140001061535,ホンダ上田販売株式会社,兵庫県,姫路市,飾磨区野田町１２３番地,6728040
5140001061543,株式会社ポッポ,兵庫県,姫路市,飾磨区今在家４丁目５番地,6728079
5140001061551,株式会社本丸青果,兵庫県,姫路市,延末２９５番地,6700966
5140001061568,マエカワテイスト株式会社,兵庫県,姫路市,土山６丁目４番１号,6700996
5140001061576,株式会社前田財務会計受託センター,兵庫県,姫路市,神子岡前１丁目１１番５号,6700055
5140001061592,株式会社マキイ医科器械,兵庫県,姫路市,書写６８番地,6712201
5140001061601,株式会社牧野建設,兵庫県,姫路市,田寺３丁目１番１０号,6700086
5140001061626,松岡瓦産業株式会社,兵庫県,姫路市,船津町２２５２番地の４,6792101
5140001061634,株式会社萬代商店,兵庫県,姫路市,栗山町１７０番地リベール栗山１０１,6700954
5140001061642,株式会社松島,兵庫県,姫路市,福沢町１３番地,6700992
5140001061650,マツダ電機株式会社,兵庫県,姫路市,東雲町５丁目４番地の１,6700046
5140001061659,株式会社マツモト,兵庫県,姫路市,広畑区蒲田５５番地２,6711102
5140001061667,株式会社松本製作所,兵庫県,姫路市,飾東町八重畑５８３番地の８,6710208
5140001061675,株式会社マツヤアートワークス,兵庫県,姫路市,船丘町２９８番地の２日新ビル,6700034
5140001061691,株式会社丸幸,兵庫県,姫路市,白銀町９１番地,6700902
5140001061700,株式会社マルキヨウ,兵庫県,姫路市,二階町３３番地１,6700922
5140001061709,丸進事務機販売株式会社,兵庫県,姫路市,広畑区正門通４丁目３番地の５,6711116
5140001061717,株式会社丸伝,兵庫県,姫路市,広峰１丁目５番１８号,6700882
5140001061725,株式会社丸常植田運送店,兵庫県,姫路市,花田町勅旨字深田１５番地の１,6710254
5140001061733,株式会社丸二電装,兵庫県,姫路市,大津区吉美３５０番地の１０,6711133
5140001061741,株式会社丸姫建設,兵庫県,姫路市,阿保乙３１０番地３,6700944
5140001061766,株式会社三樹建築事務所,兵庫県,姫路市,飾磨区付城１丁目２６５番地１,6728082
5140001061774,三木商事株式会社,兵庫県,姫路市,木場十八反町２７番地,6728017
5140001061790,水口運輸株式会社,兵庫県,姫路市,林田町六九谷１７８番地の２,6794211
5140001061799,株式会社水田鉄工所,兵庫県,姫路市,飾磨区細江６５７番地の１,6728064
5140001061808,ミツキ産業株式会社,兵庫県,姫路市,網干区浜田１０００番地の７５,6711242
5140001061816,三ツ星製作株式会社,兵庫県,姫路市,林田町上伊勢３００番地,6794232
5140001061824,株式会社三七一,兵庫県,姫路市,継野々上１６３番地の４,6728004
5140001061832,三松建機株式会社,兵庫県,姫路市,八代緑ケ丘町１２番２３号,6700886
5140001061857,株式会社ミヤフジ,兵庫県,姫路市,北今宿２丁目４番５２号,6700057
5140001061865,宮脇建設株式会社,兵庫県,姫路市,飾磨区妻鹿１８７５番地の６,6728031
5140001061873,武蔵野観光株式会社,兵庫県,姫路市,魚町１８番地,6700905
5140001061898,明姫開発株式会社,兵庫県,姫路市,南畝町２丁目５３番地,6700961
5140001061915,明和株式会社,兵庫県,姫路市,白浜町甲８４１番地の３７,6728023
5140001061931,株式会社モア・クリエイト,兵庫県,姫路市,増位新町１丁目８番地の１,6700806
5140001061956,森川株式会社,兵庫県,姫路市,広畑区東夢前台４丁目１６番地,6711101
5140001061964,森石油販売株式会社,兵庫県,姫路市,南八代町２０番１２号,6700875
5140001061972,森澤電工株式会社,兵庫県,姫路市,勝原区山戸１０８番地,6711214
5140001061980,株式会社森本,兵庫県,姫路市,青山北１丁目１８番２２号,6712221
5140001061989,ヤヱガキ醗酵技研株式会社,兵庫県,姫路市,林田町六九谷６８１番地,6794211
5140001061997,株式会社ヤギシン,兵庫県,姫路市,南畝町１丁目３４番地,6700961
5140001062013,株式会社ヤスイ,兵庫県,姫路市,西新在家２丁目１３番１６号,6700096
5140001062021,株式会社安田商会,兵庫県,姫路市,飾磨区中島６２１番地,6728035
5140001062046,柳川鉱泉株式会社,兵庫県,姫路市,亀山２６８番地,6700973
5140001062054,株式会社山一包材,兵庫県,姫路市,西夢前台２丁目１番地,6712214
5140001062062,山縣工業株式会社,兵庫県,姫路市,飾磨区中浜町２丁目６２番地の１,6728085
5140001062079,株式会社山崎屋,兵庫県,姫路市,網干区垣内南町１４４１番地の６,6711255
5140001062087,株式会社ヤマジョー,兵庫県,姫路市,町田４番地の３,6712217
5140001062104,やまと食品工業株式会社,兵庫県,姫路市,西庄乙２９番地,6700981
5140001062112,株式会社山長,兵庫県,姫路市,広畑区小坂９４番地の１,6711156
5140001062129,山西被服株式会社,兵庫県,姫路市,東駅前町６１番地,6700926
5140001062137,山本興業株式会社,兵庫県,姫路市,白浜町丙１７１番地,6728023
5140001062145,株式会社山本正建設工業,兵庫県,姫路市,網干区福井四反田町８３番地の６,6711225
5140001062153,株式会社山南電気工業所,兵庫県,姫路市,東今宿３丁目２番３６号,6700056
5140001062178,ユニオン商事株式会社,兵庫県,姫路市,勝原区下太田２２２番地１,6711201
5140001062203,株式会社ヨカワ,兵庫県,姫路市,南条神の前１番地,6700952
5140001062211,吉田産業株式会社,兵庫県,姫路市,広畑区本町４丁目７２３番地の１,6711114
5140001062236,ライオン・ビル株式会社,兵庫県,姫路市,綿町１４６番地,6700921
5140001062252,株式会社ライフシャイン,兵庫県,姫路市,広畑区才１番地,6711104
5140001062260,株式会社ワールドビジネス,兵庫県,姫路市,土山６丁目９番７号,6700996
5140001062269,わかば紙器株式会社,兵庫県,姫路市,玉手４２９番地,6700985
5140001062285,株式会社ワン・ツー・スリー,兵庫県,姫路市,飾磨区構５丁目１９８番地,6728071
5140001062293,株式会社ランドマーク,兵庫県,姫路市,飾東町庄６３０番地,6710218
5140001062302,株式会社リキ,兵庫県,姫路市,飾磨区阿成中垣内１０７４番地の１,6728058
5140001062310,立建設株式会社,兵庫県,姫路市,西延末２６９番地の６,6700971
5140001062319,菱榮商事株式会社,兵庫県,姫路市,飾磨区須加２５０番地,6728063
5140001062335,ルカ・ステインドグラス株式会社,兵庫県,姫路市,御立北２丁目１番１６号,6700071
5140001062343,レックス工業株式会社,兵庫県,姫路市,勝原区宮田３０６番地,6711213
5140001062351,ロイヤルエステート株式会社,兵庫県,姫路市,大塩町２１２５番地,6710101
5140001062368,エイコー電機株式会社,兵庫県,姫路市,夢前町新庄１５５番地３,6712102
5140001062376,北岡建設株式会社,兵庫県,姫路市,夢前町前之庄３９２９番地の２,6712103
5140001062392,新兵庫総合警備保障株式会社,兵庫県,姫路市,夢前町古瀬畑３１５番地の１,6712132
5140001062401,株式会社竹中ＨＯＵＳＥ,兵庫県,姫路市,西新町１３５番地５０６,6700033
5140001062418,株式会社クリエート・エコ,兵庫県,姫路市,夢前町菅生澗５３４番地の４,6712134
5140001062426,株式会社姫路書写ゴルフ場,兵庫県,姫路市,夢前町山富１３番地の２,6700000
5140001062434,株式会社ふるさと,兵庫県,姫路市,夢前町前之庄１６６４番地の３４,6712103
5140001062450,株式会社夢前,兵庫県,姫路市,夢前町前之庄１１７０番地の１,6712103
5140001062459,株式会社洋麺亭さんれも,兵庫県,姫路市,夢前町置本１８５番地の４,6712122
5140001062467,家島貨物株式会社,兵庫県,姫路市,家島町真浦５８９番地の１８,6720101
5140001062475,株式会社大山,兵庫県,姫路市,家島町宮２１６５番地の２,6720102
5140001062483,岸本電機株式会社,兵庫県,姫路市,家島町真浦２３７５番地,6720101
5140001062491,株式会社ゴウダマテツク,兵庫県,姫路市,家島町真浦２番地６０,6720101
5140001062500,新岡建設海運株式会社,兵庫県,姫路市,家島町真浦１２６１番地の２,6720101
5140001062509,太基建材株式会社,兵庫県,姫路市,家島町真浦２２４６番地の１,6720101
5140001062517,徳神海運株式会社,兵庫県,姫路市,家島町真浦２２６３番地の９,6720101
5140001062525,日新砕石株式会社,兵庫県,姫路市,家島町宮２１６５番地の４,6720102
5140001062533,播磨巧事株式会社,兵庫県,姫路市,家島町宮１６３５番地の５９,6720102
5140001062541,坊勢汽船株式会社,兵庫県,姫路市,家島町坊勢５１番地,6720103
5140001062558,やまは工業株式会社,兵庫県,姫路市,家島町坊勢１７５番地の２,6720103
5140001062566,株式会社マックス,兵庫県,姫路市,飯田２丁目５番地,6700974
5140001062574,株式会社セラ・テクノ関西,兵庫県,姫路市,勝原区宮田４０３番地,6711213
5140001062582,株式会社オフィスサービス,兵庫県,姫路市,元塩町６０番地,6700937
5140001062590,夢菱電機株式会社,兵庫県,姫路市,夢前町前之庄１１２８番地１,6712103
5140001062599,ヒロテクス株式会社,兵庫県,姫路市,御立中５丁目１２番５号,6700073
5140001062608,株式会社黎明,兵庫県,姫路市,別所町佐土新２７１番地,6710226
5140001062616,北昇建設株式会社,兵庫県,姫路市,別所町別所７３番地の９,6710221
5140001062624,株式会社水野建設,兵庫県,姫路市,書写６９８番地の８,6712201
5140001062640,レオ建設株式会社,兵庫県,姫路市,花田町高木１０９番地の７,6710256
5140001062649,株式会社松山建設,兵庫県,姫路市,北条永良町１１０番地,6700946
5140001062657,オリジンサービス株式会社,兵庫県,姫路市,山吹２丁目１１番１２号,6700085
5140001062665,株式会社レイズパーク,兵庫県,姫路市,網干区福井１番地１,6711225
5140001062673,株式会社ディー・エヌ・エヌ,兵庫県,姫路市,飾磨区中島３００１番地,6728035
5140001062681,株式会社ヤギファーマシー,兵庫県,姫路市,広畑区夢前町１丁目２番地,6711122
5140001062707,三木ガス販売株式会社,兵庫県,姫路市,木場１１７０番地,6728016
5140001062715,株式会社アクアバイオジャパン,兵庫県,姫路市,白浜町神田２丁目１２番地,6728011
5140001062731,森工務店株式会社,兵庫県,姫路市,林田町六九谷８６９番地の４,6794211
5140001062748,株式会社川口組,兵庫県,姫路市,阿保乙１７３番地,6700944
5140001062756,株式会社サンワコンストラクト,兵庫県,姫路市,東延末５丁目４７番地,6700965
5140001062764,株式会社ゼストコーポレーション,兵庫県,姫路市,南条４３４番地,6700952
5140001062772,株式会社兵庫確認検査機構,兵庫県,姫路市,南条４２６番地２,6700952
5140001062780,株式会社川上食品開発,兵庫県,姫路市,夢前町菅生澗１６０番地の２２６,6712134
5140001062789,株式会社アール・テックモリト,兵庫県,姫路市,飾磨区阿成１６番地の２９,6728037
5140001063085,前田海運株式会社,兵庫県,姫路市,家島町坊勢１１４番地,6720103
5140001063110,大和軌道製造株式会社,兵庫県,姫路市,大津区吉美３８０番地,6711133
5140001063135,株式会社アスク,兵庫県,姫路市,広畑区西夢前台４丁目２５３番地,6711103
5140001063143,株式会社エイ・ティー・ジー,兵庫県,姫路市,網干区新在家１３８９番地,6711234
5140001063176,株式会社東武急運,兵庫県,姫路市,東延末１丁目１２６番地,6700965
5140001063201,株式会社姫路観光,兵庫県,姫路市,広畑区吾妻町２丁目２１番地,6711154
5140001063218,株式会社茨木金属商会,兵庫県,姫路市,広畑区大町３丁目５４番地,6711155
5140001063226,大阪いづみ運輸株式会社,兵庫県,姫路市,白浜町宇佐崎南２丁目２２番地,6728022
5140001063250,西播商事株式会社,兵庫県,姫路市,飾磨区中島字宝来３０６７番地の８,6728035
5140001063267,株式会社シーテック,兵庫県,姫路市,飾磨区清水３丁目８０,6728051
5140001063275,株式会社クリーンアートファクト,兵庫県,姫路市,東延末４丁目６０クリーンアートビル,6700965
5140001063283,株式会社紫光,兵庫県,姫路市,香寺町田野９８４番地,6792153
5140001063300,アマノ自動車株式会社,兵庫県,姫路市,香寺町中仁野１５５番地,6792143
5140001063333,株式会社イワタ技建,兵庫県,姫路市,香寺町行重１１８番地の１,6792152
5140001063341,梅本建設株式会社,兵庫県,姫路市,香寺町土師１１８７番地,6792163
5140001063358,株式会社エルアイエンジニアリング,兵庫県,姫路市,香寺町中寺４番地１,6792164
5140001063382,株式会社大野工業,兵庫県,姫路市,香寺町須加院３３８番地３６０,6792132
5140001063424,香呂整備株式会社,兵庫県,姫路市,香寺町岩部４９４番地,6792141
5140001063432,株式会社香寺メディカルサプライ,兵庫県,姫路市,香寺町犬飼５００番地,6792131
5140001063440,株式会社香寺ハーブ・ガーデン,兵庫県,姫路市,香寺町矢田部６８９番地の１,6792155
5140001063564,株式会社橋本建設,兵庫県,姫路市,香寺町恒屋１５４８番地１,6792165
5140001063572,播但精機株式会社,兵庫県,姫路市,香寺町香呂５３番地,6792151
5140001063580,姫路第一鋼業株式会社,兵庫県,姫路市,豊富町御蔭６５５番地３２,6792122
5140001063647,株式会社三木,兵庫県,姫路市,香寺町須加院２４６番地４,6792132
5140001063713,株式会社ハピネスライフ,兵庫県,姫路市,船津町５２９２番地３７,6792101
5140001063721,株式会社ナダック,兵庫県,姫路市,白浜町神田２丁目５番地の２,6728011
5140001063746,株式会社世輝,兵庫県,姫路市,広畑区才６８番地１,6711104
5140001063762,株式会社ＮＯｘ,兵庫県,姫路市,朝日町４３番地,6700934
5140001063779,株式会社旭パック,兵庫県,姫路市,南駅前町１８番地熱田ビル,6700962
5140001063787,株式会社ワンリバー,兵庫県,姫路市,南町２９番地,6700912
5140001063812,ソーシングプラン株式会社,兵庫県,姫路市,飾磨区野田町１８６番地２,6728040
5140001063829,株式会社ニースラボラトリーズ,兵庫県,姫路市,御立西１丁目１２番１０号,6700074
5140001063845,八幡エンジニアリング株式会社,兵庫県,姫路市,青山４丁目２７番２４号,6712222
5140001063853,株式会社テクノス,兵庫県,姫路市,広畑区才６８番地の１,6711104
5140001063878,株式会社メリットサービス,兵庫県,姫路市,香寺町岩部４２０番地,6792141
5140001063886,リザルトデザイン株式会社,兵庫県,姫路市,飾磨区三宅１丁目２６番地,6728048
5140001063894,株式会社トラストワークスジャパン,兵庫県,姫路市,忍町１０１番地ＳＰビル３Ｆ,6700917
5140001063903,株式会社フォー・ブロス,兵庫県,姫路市,飾磨区中野田１丁目４８番地の１ソフィアビル１０２号,6728045
5140001063928,株式会社丸山建築,兵庫県,姫路市,町田四ツ塚２８１番地２,6712217
5140001063944,株式会社サンライト,兵庫県,姫路市,三条町１丁目４４番地,6700953
5140001063960,富士殖産株式会社,兵庫県,姫路市,飾磨区細江２２５０大山ビル２Ｆ,6728064
5140001063969,株式会社エコリング,兵庫県,姫路市,御国野町御着３５２番地,6710232
5140001063977,株式会社モリシタ・アット・ホーム,兵庫県,姫路市,山吹２丁目１２番３０号,6700085
5140001063993,シンエイ株式会社,兵庫県,姫路市,北条１０３３番地の１,6700947
5140001064034,神戸通商株式会社,兵庫県,姫路市,阿保甲７５９番地の１,6700944
5140001064050,和建設工業株式会社,兵庫県,姫路市,網干区坂上１３番地の４,6711223
5140001064059,株式会社アワヤ,兵庫県,姫路市,飾西６２２番地の１,6712216
5140001064091,株式会社まるげい,兵庫県,姫路市,実法寺３１０番地の８,6712244
5140001064100,株式会社小坂興業,兵庫県,姫路市,安富町長野字整理１５２番地の３,6712421
5140001064125,株式会社フジコウ,兵庫県,姫路市,安富町植木野８６番地,6712426
5140001064133,株式会社Ｓｕｎｎｙ　Ｄａｙｓ,兵庫県,姫路市,南今宿３番２３号,6700054
5140001064158,株式会社シンワ精密,兵庫県,姫路市,三条町２丁目５１番地２,6728041
5140001064166,ＩＣＥ　ＢＬＵＥ株式会社,兵庫県,姫路市,飾磨区上野田５丁目２０２番地,6728043
5140001064174,株式会社サンフレックス,兵庫県,姫路市,城東町京口台７４番地−２０２号,6700845
5140001064182,光成興業株式会社,兵庫県,姫路市,飾磨区細江２３２番地１０,6728064
5140001064199,株式会社クリスタルライズ,兵庫県,姫路市,東今宿３丁目２番１１号,6700056
5140001064208,ヤハタホールディング株式会社,兵庫県,姫路市,東今宿３丁目１１番２号,6700056
5140001064216,関西瀝青工業株式会社,兵庫県,姫路市,川西４９番地の１,6712212
5140001064240,コーラルハウジング株式会社,兵庫県,姫路市,広畑区早瀬町２丁目２６番地の２,6711151
5140001064249,株式会社Ｈｉｇｈｅｒ　ｐｏｗｅｒ,兵庫県,姫路市,市之郷町４丁目１２番地３,6700943
5140001064257,株式会社マーケットマネジメント,兵庫県,姫路市,飾磨区山崎２６７番地２,6728097
5140001064298,株式会社マルサン工業,兵庫県,姫路市,広畑区長町１丁目６５番地,6711125
5140001064307,株式会社和高住宅,兵庫県,姫路市,辻井１丁目６番２号,6700083
5140001064315,株式会社神戸新聞播磨販売,兵庫県,姫路市,白浜町乙８３９番地の２,6728023
5140001064348,株式会社ファーマシー来夢,兵庫県,姫路市,青山西１丁目８−５,6712224
5140001064356,株式会社Ｔ・Ｍオイルサービス,兵庫県,姫路市,家島町坊勢５２６番地,6720103
5140001064364,株式会社クレアトーレ,兵庫県,姫路市,砥堀１１７６番２５号,6700802
5140001064372,山本部品株式会社,兵庫県,姫路市,林田町上伊勢１１３７番地４,6794232
5140001064389,株式会社ヴェルデハウス,兵庫県,姫路市,飾磨区矢倉町１丁目７４番地,6728093
5140001064397,日鉄物流広畑株式会社,兵庫県,姫路市,広畑区正門通４丁目９番地の６,6711116
5140001064406,株式会社Ｇテック,兵庫県,姫路市,八代本町２丁目１３番１号,6700874
5140001064414,株式会社港栄産業,兵庫県,姫路市,大津区恵美酒町２丁目７５番地１,6711136
5140001064439,株式会社スペースプランニング,兵庫県,姫路市,野里４３３番地３,6700811
5140001064447,丸株式会社,兵庫県,姫路市,八代緑ケ丘町１１番１２号,6700886
5140001064455,株式会社ピットロードエム,兵庫県,姫路市,安富町安志９１２番地,6712401
5140001064471,株式会社リアルリンクス,兵庫県,姫路市,勝原区山戸２１番地７,6711214
5140001064488,株式会社安土企画,兵庫県,姫路市,太市中７８６番地,6712233
5140001064496,大洲工業株式会社,兵庫県,姫路市,大津区真砂町６５番地の１１,6711134
5140001064513,株式会社フロンティア,兵庫県,姫路市,大津区真砂町７８−２,6711134
5140001064538,株式会社ナカムラ画材店,兵庫県,姫路市,本町２２５番地,6700012
5140001064546,飯田建設株式会社,兵庫県,姫路市,飾東町北山１５０番地１,6710212
5140001064554,株式会社ティーエッチエス,兵庫県,姫路市,夢前町山冨４０番地,6712123
5140001064562,株式会社ナカシマオート整備,兵庫県,姫路市,木場前中町１７番地,6728018
5140001064570,株式会社Ｒ．Ｓ．Ｋ,兵庫県,姫路市,飾東町山崎１３５１番地,6710207
5140001064579,株式会社エム・テック,兵庫県,姫路市,大津区天神町２丁目４５番地の２平岡ビル２Ｆ,6711131
5140001064587,株式会社タツミ,兵庫県,姫路市,飯田２丁目１６８番地,6700974
5140001064595,株式会社プラットホーム,兵庫県,姫路市,北条梅原町１１７番地,6700945
5140001064612,株式会社エクステリア松本,兵庫県,姫路市,御国野町深志野２２番地１,6710231
5140001064620,株式会社曽我保険,兵庫県,姫路市,飾磨区上野田５丁目１３４番地,6728043
5140001064629,中央エンジニアリング株式会社,兵庫県,姫路市,飾東町庄６１番地３,6710218
5140001064637,新光燐寸工業株式会社,兵庫県,姫路市,東山４５４番地,6728014
5140001064645,株式会社牧野書店,兵庫県,姫路市,城東町野田１番地３,6700844
5140001064653,株式会社ひろさか,兵庫県,姫路市,塩町１４６−１０２,6700904
5140001064661,株式会社平塚自動車,兵庫県,姫路市,実法寺字甲ノ町３４５番地の９,6712244
5140001064678,松岡クラフト株式会社,兵庫県,姫路市,保城１１５０番地,6700804
5140001064686,株式会社エーピーピーホープ,兵庫県,姫路市,網干区新在家２０７５番地５５,6711234
5140001064694,東京エンジニアリング株式会社,兵庫県,姫路市,岩端町１１２番地４,6700028
5140001064703,株式会社三木商店,兵庫県,姫路市,大津区天満１５４３番地４,6711143
5140001064711,株式会社三貴商事,兵庫県,姫路市,飾磨区上野田４丁目２６３番地,6728043
5140001064752,株式会社鷹,兵庫県,姫路市,広畑区西蒲田１９９番地１１,6711107
5140001064760,株式会社エイチエムエー,兵庫県,姫路市,豊富町甲丘３丁目１６９３番地１６アーバンコンフォート２１３,6792124
5140001064769,株式会社アイエスジー,兵庫県,姫路市,白浜町寺家２丁目１０８番地１２,6728012
5140001064793,株式会社木谷商店,兵庫県,姫路市,広畑区北野町２丁目２０番地４,6711112
5140001064802,株式会社プロスナップ,兵庫県,姫路市,安田２丁目７５西浦ビル３Ｆ２号,6700955
5140001064810,株式会社アイデク,兵庫県,姫路市,岡田１０４番地１−２−７０７,6700982
5140001064819,輝光ライブフード株式会社,兵庫県,姫路市,北条２５２番地１３グラジオ姫路駅南インペリアル９０５号,6700947
5140001064827,株式会社桜食堂,兵庫県,姫路市,網干区垣内東町６５番地,6711252
5140001064835,株式会社ＦＵＫＵＳＨＩＮ,兵庫県,姫路市,野里堀留町６７５番地７,6700866
5140001064843,株式会社マエダ,兵庫県,姫路市,野里新町２番４３号,6700862
5140001064851,株式会社ゲットアップ,兵庫県,姫路市,余部区上余部２３５番地１０,6711262
5140001064868,株式会社理広,兵庫県,姫路市,福沢町１０６番地,6700992
5140001064884,株式会社こばやし商店,兵庫県,姫路市,飾東町豊国４３０番地１,6710219
5140001064892,株式会社弁天堂,兵庫県,姫路市,栗山町１２５番地,6700954
5140001064918,流通リアルエステート株式会社,兵庫県,姫路市,飾磨区蓼野町１０２番地,6728072
5140001064926,株式会社ＹＮプランニング,兵庫県,姫路市,南町７６,6700912
5140001064942,株式会社鳳山,兵庫県,姫路市,飾磨区中浜町２丁目８１番地２,6728085
5140001064959,株式会社トランスポート千税,兵庫県,姫路市,白鳥台１丁目７番１７号,6712245
5140001064967,株式会社タツミテック,兵庫県,姫路市,広畑区城山町１４００番地８２,6711108
5140001064975,インフォ・プランニング株式会社,兵庫県,姫路市,飾磨区野田町１５３番地,6728040
5140001064983,株式会社夢前創業,兵庫県,姫路市,夢前町杉之内５７９番地２１,6712111
5140001064991,株式会社ほっとほーむ,兵庫県,姫路市,御国野町国分寺３５番地１１,6710234
5140001065008,株式会社ひまわりコンタクト,兵庫県,姫路市,南今宿３番６号,6700054
5140001065016,株式会社Ｔ＆Ｋエステート,兵庫県,姫路市,広畑区才１１３３番地,6711104
5140001065024,株式会社エイチツーエー,兵庫県,姫路市,東駅前町６１番地,6700926
5140001065040,株式会社ランドスケープ・アーキテクチャー,兵庫県,姫路市,飾磨区阿成鹿古２８８番地阿成プラザ１０３号,6728038
5140001065049,株式会社ＳＧ,兵庫県,姫路市,飾磨区細江１７５番地,6728064
5140001065057,株式会社アイ・ティー・スリー,兵庫県,姫路市,栗山町１４９番地,6700954
5140001065073,株式会社親輝興産,兵庫県,姫路市,網干区浜田２３９番地４８,6711242
5140001065081,株式会社ＰＧＳサポート,兵庫県,姫路市,的形町的形１１７７番地２３,6710111
5140001065098,ボルテック株式会社,兵庫県,姫路市,北今宿１丁目６番２６号,6700057
5140001065107,株式会社ユナ・ブランズ,兵庫県,姫路市,夢前町寺１０６−１,6712116
5140001065123,東栄興業株式会社,兵庫県,姫路市,大津区新町１丁目２７番地,6711135
5140001065131,株式会社扇屋,兵庫県,姫路市,西二階町１１７番地,6700901
5140001065148,株式会社京永,兵庫県,姫路市,飾磨区加茂３５１番地１,6728074
5140001065156,株式会社アルファ,兵庫県,姫路市,坂元町１２２番地,6700016
5140001065197,株式会社エスティー・クリエイティブ,兵庫県,姫路市,別所町小林４６１番地,6710222
5140001065206,株式会社マインズ,兵庫県,姫路市,東延末２丁目２４番地アークビル１Ｆ,6700965
5140001065222,ＩＮＯＡＳ株式会社,兵庫県,姫路市,南条２丁目３９番地第一平成ビル１階,6700952
5140001065230,株式会社成美産業,兵庫県,姫路市,西延末３５６番地１０,6700971
5140001065239,株式会社リニアルサービス,兵庫県,姫路市,南駅前町６７番,6700962
5140001065255,株式会社ＫＲＫ,兵庫県,姫路市,飾磨区三宅３丁目２６−３０２,6728048
5140001065263,株式会社ＬＯＧ,兵庫県,姫路市,飾磨区今在家北３丁目７９番地,6728090
5140001065288,株式会社アイ・ダクト,兵庫県,姫路市,青山西４丁目１１番２６号,6712224
5140001065296,株式会社ＴＳＤ,兵庫県,姫路市,北今宿３丁目１２番３０号,6700057
5140001065305,株式会社ＪＲＣ,兵庫県,姫路市,本町６８番地１７０大手前第一ビル１０２号,6700012
5140001065313,株式会社車工房的之,兵庫県,姫路市,広畑区吾妻町２丁目２７番地,6711154
5140001065354,株式会社ユー・ハウス,兵庫県,姫路市,南条３丁目１１０番地の１,6700952
5140001065362,株式会社マーチ,兵庫県,姫路市,北条口３丁目１６番地,6700935
5140001065370,あさひ海運株式会社,兵庫県,姫路市,家島町真浦６４４番地１,6720101
5140001065395,株式会社米田ビル,兵庫県,姫路市,広畑区北野町１丁目９番地２,6711112
5140001065420,株式会社アルホップ管財,兵庫県,姫路市,増位新町２丁目１５番地１花の北ハイツＣ−２０６,6700806
5140001065429,ハッピーホーム株式会社,兵庫県,姫路市,網干区高田３６５番地,6711226
5140001065437,株式会社西田商会,兵庫県,姫路市,豊富町豊富３６８８番地１,6792123
5140001065445,株式会社老人ホーム太陽園,兵庫県,姫路市,打越１３３９番地,6712246
5140001065453,株式会社後藤青果,兵庫県,姫路市,白浜町甲１９２０番地５４姫路市中央卸売市場内,6728023
5140001065461,株式会社Ｋｏｍｐａｓｓ,兵庫県,姫路市,苫編３８３番地１,6700986
5140001065478,株式会社イーテック,兵庫県,姫路市,香寺町須加院１６０番地,6792132
5140001065494,株式会社ロザリア,兵庫県,姫路市,広畑区才８３９番地１０,6711104
5140001065503,株式会社グローバル・トランスポート,兵庫県,姫路市,香寺町中仁野２６１番地８,6792143
5140001065511,那由他株式会社,兵庫県,姫路市,勝原区熊見１２８番地,6711211
5140001065528,小川農園株式会社,兵庫県,姫路市,船津町４０１５番地,6792101
5140001065536,株式会社クリエイト,兵庫県,姫路市,神子岡前１丁目８番２０号,6700055
5140001065544,江口電機株式会社,兵庫県,姫路市,広畑区蒲田３丁目１７番地,6711102
5140001065560,株式会社四万十テクノロジー,兵庫県,姫路市,青山西２丁目６番１２号,6712224
5140001065569,株式会社エープラン,兵庫県,姫路市,中地６８７番地３,6700976
5140001065585,兵運紙業株式会社,兵庫県,姫路市,豊富町豊富２３６５番地３,6792123
5140001065593,株式会社山下商事,兵庫県,姫路市,飾磨区城南町２丁目５番地ロワイヤル英賀保駅前４０６号,6728083
5140001065610,ＭｉｃｈｉｙｏＳｔｙｌｅ株式会社,兵庫県,姫路市,土山東の町１３番３号鈴枝ビル３０３,6700995
5140001065619,株式会社グッドハート,兵庫県,姫路市,総社本町２１４番地,6700015
5140001065627,株式会社ワダックス,兵庫県,姫路市,京口町７０,6700851
5140001065635,エコフィード西日本株式会社,兵庫県,姫路市,香寺町香呂３４−４,6792151
5140001065643,株式会社カワムラ,兵庫県,姫路市,広畑区則直１０４,6711105
5140001065651,株式会社豊誠総合保険事務所,兵庫県,姫路市,別所町佐土７９８番地１７,6710224
5140001065676,株式会社シャングリラ商事,兵庫県,姫路市,中地南町１４０,6700975
5140001065692,株式会社井野工業,兵庫県,姫路市,飾磨区矢倉町２丁目１５番地１２,6728093
5140001065701,株式会社日本エナジー,兵庫県,姫路市,東延末１丁目７１番地,6700965
5140001065718,株式会社アースエコシステム,兵庫県,姫路市,白鳥台３丁目２−７,6712245
5140001065734,株式会社オフィス野田,兵庫県,姫路市,飾磨区玉地２２番地,6728052
5140001065742,株式会社Ｃ．Ｏ．Ｏ,兵庫県,姫路市,南条４０８番地２,6700952
5140001065750,株式会社松平商会,兵庫県,姫路市,西中島７３番地２０,6700805
5140001065759,株式会社コンセント,兵庫県,姫路市,白国２丁目１４番１号,6700808
5140001065775,株式会社日本エコメルツ,兵庫県,姫路市,飾磨区中島字大森新田梅２９８５番地２０,6728035
5140001065791,木下電工株式会社,兵庫県,姫路市,広畑区蒲田２丁目２番地１,6711102
5140001065800,株式会社昌栄産業,兵庫県,姫路市,飾磨区妻鹿１６９３番地,6728031
5140001065809,エネック株式会社,兵庫県,姫路市,四郷町中鈴２９番地,6710242
5140001065825,株式会社ＥＲＥ,兵庫県,姫路市,南条２丁目１２４番地,6700952
5140001065833,株式会社旬美コーポレーション,兵庫県,姫路市,魚町７６番地ＢＭＫビル,6700905
5140001065841,株式会社福崎青果,兵庫県,姫路市,手柄１０２番地１,6700972
5140001065858,株式会社クウエイ,兵庫県,姫路市,田寺東２丁目２８番５号,6700081
5140001065866,株式会社コトブキ,兵庫県,姫路市,八代６８５番地の４,6700872
5140001065874,株式会社シンテック,兵庫県,姫路市,玉手４丁目１２２番地,6700985
5140001065882,ロジスティクスＨＡＴＡ株式会社,兵庫県,姫路市,綿町６９番地,6700921
5140001065890,株式会社サンレイ冷機システム,兵庫県,姫路市,東山３２７番地１,6728014
5140001065899,株式会社和みケアサポート,兵庫県,姫路市,香寺町中屋１５９番地,6792144
5140001065908,株式会社トウショウ,兵庫県,姫路市,北原１８２番１,6728002
5140001065916,株式会社エイテック,兵庫県,姫路市,飾磨区玉地１丁目９９番地サンハイツ１０１,6728052
5140001065924,株式会社Ｌ．Ｐ．Ｍ．,兵庫県,姫路市,忍町２１０番地,6700917
5140001065949,レミエル株式会社,兵庫県,姫路市,広畑区西夢前台５丁目２２８番地,6711103
5140001065957,株式会社松本,兵庫県,姫路市,楠町９９番地３,6700826
5140001065965,株式会社神戸新聞姫路白書専売所,兵庫県,姫路市,六角字城ノ下１００番地１,6712242
5140001065973,株式会社ＧＫコーポレーション,兵庫県,姫路市,勝原区熊見６２番地１１,6711211
5140001065998,株式会社黄色いクジラ,兵庫県,姫路市,飾磨区英賀甲１９５９番地の５,6728078
5140001066014,株式会社富天,兵庫県,姫路市,飾磨区鎌倉町２番地６,6728094
5140001066030,株式会社ハルナエンタープライズ,兵庫県,姫路市,古二階町１０８番地サンヒルズ古二階町３０２号,6700936
5140001066039,株式会社唐々本舗,兵庫県,姫路市,南条３丁目１３７番地３,6700952
5140001066055,株式会社ボックス,兵庫県,姫路市,飾磨区今在家７丁目８９番地,6728079
5140001066063,姫路建材株式会社,兵庫県,姫路市,白浜町甲７７０番地,6728023
5140001066071,しらさぎ警備株式会社,兵庫県,姫路市,飾磨区妻鹿１６１０番地９,6728031
5140001066096,ホワイト株式会社,兵庫県,姫路市,飯田５２８番地,6700974
5140001066105,大雅建設株式会社,兵庫県,姫路市,別所町北宿１３０７,6710223
5140001066113,株式会社サンヨー住器,兵庫県,姫路市,北原２８８番地１,6728002
5140001066121,株式会社スイートガーデン・ホームズ,兵庫県,姫路市,西中島４１９番４,6700805
5140001066146,株式会社ＲＥＡＳＯＮ,兵庫県,姫路市,網干区新在家１３８５番地の１１,6711234
5140001066154,株式会社ケイメックス,兵庫県,姫路市,南条１０番地２前田ビル３Ｆ,6700952
5140001066162,株式会社アイリー,兵庫県,姫路市,土山２丁目３番５号,6700996
5140001066170,株式会社ＭＩＳＴＲＡＬ,兵庫県,姫路市,北条口４丁目３７番地ミストラル北条口ＩＩ８０２号,6700935
5140001066179,三陽商事株式会社,兵庫県,姫路市,安富町安志２６１番地,6712401
5140001066187,株式会社Ｋ．Ｓ．ＥＮＧ,兵庫県,姫路市,大津区天満６６４番地２６,6711143
5140001066195,株式会社ろーいん,兵庫県,姫路市,網干区垣内東町１２９番地,6711252
5140001066204,株式会社山地整骨院,兵庫県,姫路市,白国１丁目１番７号,6700808
5140001066220,グラウンドゼロ株式会社,兵庫県,姫路市,手柄１９１番地,6700972
5140001066229,７８株式会社,兵庫県,姫路市,城北新町１丁目１番１５号,6700883
5140001066237,綜合電気保安協会株式会社,兵庫県,姫路市,城東町京口台５０番地,6700845
5140001067607,株式会社グロースネット,兵庫県,姫路市,南条１丁目９４番地２,6700952
5140001077762,株式会社濱野工機,兵庫県,姫路市,安富町長野１５０番地の１,6712421
5140001077837,株式会社レジェンド,兵庫県,姫路市,林田町下伊勢５９０番地１,6794233
5140001086383,株式会社兵庫大地の会,兵庫県,姫路市,夢前町宮置９１８番地,6712121
5140001086573,株式会社こまや,兵庫県,姫路市,魚町８２番地,6700905
5140001086648,株式会社西部テック,兵庫県,姫路市,飾東町夕陽ケ丘３９番地,6710215
5140001086739,株式会社信和ダイニング,兵庫県,姫路市,飾磨区構１丁目８５番地,6728071
5140001086920,株式会社フナモコーポレーション,兵庫県,姫路市,福沢町１６２番地,6700992
5140001087051,株式会社ヤマダ総建,兵庫県,姫路市,船津町１７３１番地５,6792101
5140001087290,ＡＤＺツール株式会社,兵庫県,姫路市,北八代１丁目１９番２７号,6700877
5140001087349,株式会社Ｄｒｅａｍ　Ｕｐ　Ｇａｔｅ,兵庫県,姫路市,岡田５８番地１,6700982
5140001087456,株式会社ファインプレイス,兵庫県,姫路市,安田１丁目３３番地ビューティフルライフ８０３号,6700955
5140001087514,株式会社ティーアイティー,兵庫県,姫路市,町坪４０９番地１,6700984
5140001087737,コスモテック株式会社,兵庫県,姫路市,飾磨区構２丁目２８番地,6728071
5140001087753,中央開発株式会社,兵庫県,姫路市,東紺屋町１４番地,
5140001087761,株式会社ヒロ,兵庫県,姫路市,野里８５９−４,6700811
5140001087786,株式会社キースマイル,兵庫県,姫路市,岡田１８９番地８,6700982
5140001087992,けいせつライフサポート株式会社,兵庫県,姫路市,飾磨区上野田６丁目１０２番地１,6728043
5140001088157,大新工業株式会社,兵庫県,姫路市,御立西２丁目８番５号,6700074
5140001088181,株式会社モアヒューマン,兵庫県,姫路市,八家１６６番地２,6728015
5140001088405,株式会社大和家,兵庫県,姫路市,南条１丁目６番地クラスターＢＬＤ３Ｆ,6700952
5140001088586,株式会社Ｌｏｎｇ　Ｂｅａｃｈ,兵庫県,姫路市,駅前町２２２番地駅前第１ビル３Ｆ,6700927
5140001088900,株式会社ｅｂａｉｎ　ｊａｐａｎ,兵庫県,姫路市,東延末１丁目３８番地,6700965
5140001089147,秋元建設工業株式会社,兵庫県,姫路市,夢前町古瀬畑２６９番地１２,6712132
5140001089444,株式会社エム・シイ,兵庫県,姫路市,書写１８３番地１４,6712201
5140001089642,株式会社バンリュー３,兵庫県,姫路市,楠町９９番地５,6700826
5140001089774,サビエ株式会社,兵庫県,姫路市,町坪１９番地１,6700984
5140001090022,株式会社天真,兵庫県,姫路市,飾磨区中島３４１５番地,6728035
5140001090088,廣隆株式会社,兵庫県,姫路市,飾磨区都倉２丁目１３１番地,6728046
5140001090113,株式会社スズキ販売新兵庫,兵庫県,姫路市,青山２丁目３番１号,6712222
5140001090336,株式会社西日本ガーデン,兵庫県,姫路市,花影町１丁目４０,6700047
5140001090617,株式会社Ｔａｉｋｙｏ,兵庫県,姫路市,豊沢町１２７番地,6700964
5140001090625,株式会社ＤＳ．アートテック,兵庫県,姫路市,北平野２丁目１番４１号,6700893
5140001090633,株式会社近畿エンジニアリング,兵庫県,姫路市,広畑区西夢前台５丁目２８７番地,6711103
5140001090781,株式会社深水,兵庫県,姫路市,的形町的形２３６２,6710111
5140001090889,株式会社こだち,兵庫県,姫路市,城北新町１丁目５番３３号,6700883
5140001090947,インタセクトグローバルソリューションズ株式会社,兵庫県,姫路市,東延末３丁目１２番地,6700965
5140001091433,株式会社モノクオリア・デザイン,兵庫県,姫路市,安田４丁目５１−３シティ安田３０１号,6700955
5140001091466,幸進工業株式会社,兵庫県,姫路市,花田町小川９８５番地２,6710255
5140001091482,株式会社バンリュー４,兵庫県,姫路市,楠町９９番地５,6700826
5140001091549,株式会社Ｍ’ｓ,兵庫県,姫路市,四郷町本郷３１６番地２,6710243
5140001091565,株式会社ドリームワーク,兵庫県,姫路市,青山西１丁目４番６号,6712224
5140001091862,Ｂｉｇｌｏｖｅ＆ｓｔａｔｅｌｅｓｓ株式会社,兵庫県,姫路市,飾磨区下野田２丁目４５３番地３モアークレスト１−Ｂ,6728044
5140001091895,株式会社リモーレ,兵庫県,姫路市,別所町別所７００番地,6710221
5140001092357,株式会社中野,兵庫県,姫路市,的形町的形１２８６番地,6710111
5140001092365,ＴＫＲ電気株式会社,兵庫県,姫路市,別所町小林６１５番地,6710222
5140001092654,株式会社ヴェックエモーション,兵庫県,姫路市,飾磨区上野田５丁目１３０番地,6728043
5140001092695,株式会社ケイアール,兵庫県,姫路市,別所町北宿１３０７番地２Ｆ,6710223
5140001092729,株式会社Ｔ．Ｏ　Ｐｌａｎｎｉｎｇ,兵庫県,姫路市,飾磨区阿成１６番地９１,6728037
5140001092811,株式会社幸盛建工,兵庫県,姫路市,南今宿５番１６号,6700054
5140001092927,株式会社原田光明堂,兵庫県,姫路市,米田町１０番地,6700042
5140001092943,株式会社姫路デリカ,兵庫県,姫路市,南条１丁目３２番地,6700952
5140001093090,株式会社中田設計,兵庫県,姫路市,辻井７丁目１８番１６号,6700083
5140001093198,株式会社Ｏｒｇａ　Ｌｉｆｅ,兵庫県,姫路市,北新在家２丁目８番１−３１５号藤和ライブタウン新在家,6700091
5140001093727,ＺＵＮＤ　ＵＳＡ株式会社,兵庫県,姫路市,飾磨区下野田１丁目１７９番地,6728044
5140001093859,株式会社フジオ工業,兵庫県,姫路市,飾磨区英賀宮町１丁目４７番地１０,6728080
5140001094048,株式会社ＫＲＳ,兵庫県,姫路市,北平野６丁目８番１９号,6700893
5140001094205,株式会社政コーポレーション,兵庫県,姫路市,御立東４丁目１３番９号,6700072
5140001094238,株式会社アップターン,兵庫県,姫路市,日出町３丁目７番地２姫路シティハイツ３０３,6700942
5140001094312,株式会社未来図,兵庫県,姫路市,中地南町１００番地サンコーエイビル１階,6700975
5140001094394,株式会社アイホーム,兵庫県,姫路市,西中島２９５番地１,6700805
5140001094626,株式会社グランライフ,兵庫県,姫路市,網干区新在家１３７３番地１２,6711234
5140001094642,株式会社うんとん,兵庫県,姫路市,山吹２丁目９番１６−４号,6700085
5140001094774,家島産業株式会社,兵庫県,姫路市,家島町真浦５２２番地４６,6720101
5140001094972,三原工業株式会社,兵庫県,姫路市,余部区上余部１４０番地１,6711262
5140001094989,紅日企画株式会社,兵庫県,姫路市,新在家３丁目４番９−３０３号,6700095
5140001095293,アスプラス株式会社,兵庫県,姫路市,網干区坂出２４−５,6711228
5140001095517,株式会社ＨＡＲＩＭＡＤＯ,兵庫県,姫路市,北条１丁目３８６番地１,6700947
5140001095649,和牛マスター株式会社,兵庫県,姫路市,東郷町１４５１番地５,6700821
5140001095871,株式会社ビズアシスト,兵庫県,姫路市,飾東町豊国３４５番地１,6710219
5140001096060,株式会社将希建設,兵庫県,姫路市,広畑区西蒲田４１６番地,6711107
5140001096325,株式会社ヒラヤマ,兵庫県,姫路市,町田１６６番地６,6712217
5140001096366,株式会社クオリンク,兵庫県,姫路市,東夢前台３丁目１３４番地１,6700064
5140001096498,株式会社濱田誠二事務所,兵庫県,姫路市,南車崎２丁目４番１３号,6700053
5140001096614,株式会社澤田,兵庫県,姫路市,仁豊野６２５番地,6700801
5140001097133,株式会社兵庫オフィスマネジメント,兵庫県,姫路市,広畑区蒲田５１４番地,6711102
5140001097595,株式会社岡田左官,兵庫県,姫路市,書写２５４１番地５,6712201
5140001097678,株式会社キオラ,兵庫県,姫路市,田寺東１丁目５番５号,6700081
5140001097686,株式会社未来空間,兵庫県,姫路市,苫編南２丁目１８番地２,6700987
5140001098024,ライズアップ姫路株式会社,兵庫県,姫路市,広畑区才３０３番地１,6711104
5140001098775,株式会社宮田組,兵庫県,姫路市,宮上町１丁目１２５番地２,6700823
5140001098858,株式会社みらいサポート,兵庫県,姫路市,西今宿８丁目９５１番３,6700061
5140001099096,株式会社神戸ＥＴセンター,兵庫県,姫路市,東郷町１４５１番地５和牛マスター食肉センター４階,6700821
5140001099138,株式会社さかがみ,兵庫県,姫路市,飾磨区城南町３丁目４６番地,6728083
5140001099369,一水化成株式会社,兵庫県,姫路市,南町６３番地,6700912
5140001099377,株式会社レデナクリエイト,兵庫県,姫路市,栗山町１２６番地イノウエビル３階,6700954
5140001099410,アシストケア株式会社,兵庫県,姫路市,的形町的形１７６８番地２５ｐｒｅｎｄｒｅ的形１０２号,6710111
5140001099559,株式会社ＡＴＥ−ＬＩＮＫ,兵庫県,姫路市,南町８番地,6700912
5140001099666,株式会社ｅ−ｃｒｅｓｔ,兵庫県,姫路市,別所町小林５２５番地２,6710222
5140001099724,天威国際株式会社,兵庫県,姫路市,保城５７９−５,6700804
5140001099889,千家塗装株式会社,兵庫県,姫路市,白鳥台３丁目２６番１２号,6712245
5140001099947,株式会社花澤商店,兵庫県,姫路市,上手野字山吹２４１,6700065
5140001100012,株式会社コンフォートサービス,兵庫県,姫路市,飾磨区都倉１丁目３０番地,6728046
5140001100020,株式会社ＭＣＳ,兵庫県,姫路市,東延末３丁目５６番地クラウンヒルズ姫路３１４,6700965
5140001100210,ハイフィールズコーポレーション株式会社,兵庫県,姫路市,四郷町上鈴３２０番地,6710241
5140001100433,株式会社オーガパートナーズ,兵庫県,姫路市,十二所前町２９番地リベグラード姫路ベルスイート１００５号室,6700911
5140001100466,株式会社ＡＶＡＮＺＡＲ,兵庫県,姫路市,延末２９５番地,6700966
5140001100730,株式会社ＫＯＯＬ,兵庫県,姫路市,安田４丁目３１番地４,6700955
5140001100904,株式会社ワン・プランニング,兵庫県,姫路市,青山西２丁目３番２１号,6712224
5140001101084,株式会社スマラクト,兵庫県,姫路市,御国野町御着３０７番地,6710232
5140001101191,株式会社リッチハーベスト,兵庫県,姫路市,下手野２丁目５番１７号,6700063
5140001101200,株式会社西村商会,兵庫県,姫路市,飾磨区都倉３丁目６番地,6728046
5140001101209,株式会社リーテック,兵庫県,姫路市,岡田４４番地１０,6700982
5140001101217,株式会社オリーブ自動車,兵庫県,姫路市,白浜町甲７１５番地１,6728023
5140001101530,株式会社ＣＵＩＲ,兵庫県,姫路市,四郷町東阿保６０９番地１,6710247
5140001101638,みらい環境資源株式会社,兵庫県,姫路市,広畑区才１１４１番地１ファンシーココレイト２０１,6711104
5140001101720,株式会社ミヤビ．トランスポート,兵庫県,姫路市,四郷町見野５１１番地１０,6710244
5140001101745,ＵＭホールディングス株式会社,兵庫県,姫路市,久保町１１９番地,6700916
5140001101902,高興株式会社,兵庫県,姫路市,坂田町１番地１,6700931
5140001102025,株式会社夢ガーデン,兵庫県,姫路市,夢前町寺４０５番地３,6712116
5140001102248,株式会社アイコンサルティング,兵庫県,姫路市,飾磨区上野田１丁目２６番地１,6728043
5140001102289,株式会社剛腕堂,兵庫県,姫路市,町田１３５番地,6712217
5140001102339,上山コンサルティング株式会社,兵庫県,姫路市,西二階町１９番地１,6700901
5140001102355,株式会社四方路組,兵庫県,姫路市,安富町安志１０７４番地,6712401
5140001102446,株式会社創建ライフサービス,兵庫県,姫路市,青山３丁目１１−１ロイヤルヒルズ青山５０７号,6712222
5140001102578,ヤバタイ国ＴＶ株式会社,兵庫県,姫路市,飾磨区妻鹿８５０番地,6728031
5140001102867,株式会社姫路不動ビル,兵庫県,姫路市,綿町１１９番地,6700921
5140001102982,株式会社姫翔,兵庫県,姫路市,飾磨区鎌倉町２番地２,6728094
5140001103097,株式会社ＬＵＶ,兵庫県,姫路市,南今宿４番１号,6700054
5140001103130,株式会社プレーマ,兵庫県,姫路市,書写１０５３番地,6712201
5140001103304,株式会社ケイデザイン,兵庫県,姫路市,飾磨区妻鹿１４２０番地１,6728031
5140001103337,株式会社新鋼,兵庫県,姫路市,豊富町御蔭１７７番地２,6792122
5140001103403,株式会社リバース,兵庫県,姫路市,飾磨区今在家１４０５番１,6728079
5140001103469,株式会社Ｎｓｙｓｔｅｍ,兵庫県,姫路市,野里８５５番地４,6700811
5140001103873,株式会社一意専心,兵庫県,姫路市,山吹１丁目７番９号,6700085
5140001103915,Ｃ−ｓｔａｒ株式会社,兵庫県,姫路市,延末２８６番地８,6700966
5140001104005,株式会社ＡＯＹＡＭＡ　ＴＲＡＤＥＲＳ,兵庫県,姫路市,青山西５丁目８番１号,6712224
5140001104062,株式会社ジェイカンパニー,兵庫県,姫路市,大寿台２丁目９番１号,6700898
5140001104252,株式会社大信貴,兵庫県,姫路市,東夢前台１丁目３４４番地１８,6700064
5140001104260,イルナス株式会社,兵庫県,姫路市,青山北３丁目４０番２７号,6712221
5140001104319,株式会社Ｗｉｌｌ　ｂａｈｎ,兵庫県,姫路市,飾磨区下野田１丁目１７５番地,6728044
5140001104500,株式会社三光ソレイユ,兵庫県,姫路市,飾磨区御幸６９番地,6728056
5140001104509,オリーブリーガルサービス株式会社,兵庫県,姫路市,安田４丁目１２８番地すずビル４階,6700955
5140001104657,株式会社Ａｉｏ,兵庫県,姫路市,田寺８丁目１４−８,6700086
5140001104707,株式会社やまや鯛焼き本舗,兵庫県,姫路市,山田町牧野４８９番地５,6792114
5140001104871,伸光建設株式会社,兵庫県,姫路市,青山南３丁目１２番７号,6712223
5140001104888,ＩＴ通商株式会社,兵庫県,姫路市,坊主町６８番地４,6700011
5140001105060,株式会社ＴＰＳ,兵庫県,姫路市,久保町１３９番地,6700916
5140001105077,株式会社心工業,兵庫県,姫路市,北夢前台１丁目８５番地,6700075
5140001105093,株式会社志水組,兵庫県,姫路市,東今宿６丁目１４番４７−１０１号,6700056
5140001105242,株式会社一羽,兵庫県,姫路市,城東町野田１番６の９,6700844
5140001105300,株式会社ＴｉｅｓｏｆＢｌｕｅ,兵庫県,姫路市,青山５丁目１０番１号,6712222
5140001105424,山本機工株式会社,兵庫県,姫路市,大津区勘兵衛町２丁目８６番地１,6711132
5140001105639,株式会社ｔｒｉｐ　ａ・Ｌａｐｏ,兵庫県,姫路市,網干区大江島寺前町２０番地ヴェルジェエフ１Ｆ,6711232
5140001105688,株式会社ＩＳＳ池田組,兵庫県,姫路市,西庄甲５１９番地１,6700981
5140001105787,株式会社高田工業,兵庫県,姫路市,飾磨区中野田２丁目１４９番地−１０１号,6728045
5140001105861,株式会社しらくにホールディング,兵庫県,姫路市,白国４丁目３番１８号,6700808
5140001105878,シンセイプランテック株式会社,兵庫県,姫路市,手柄２丁目２番地１,6700972
5140001105960,株式会社アドバンス,兵庫県,姫路市,網干区垣内西町１９７６番地１,6711256
5140001105993,株式会社ＢｕｙＡ,兵庫県,姫路市,三条町１丁目４３番地１,6700953
5140001106050,ベル・プランニング株式会社,兵庫県,姫路市,坂元町７２番地ＡＮＧＥＬＯ坂元町５２５,6700016
5140001106232,株式会社ＦＳＫ,兵庫県,姫路市,香寺町香呂３４番地３,6792151
5140001106538,はりま緑化株式会社,兵庫県,姫路市,家島町真浦２４５７番地,6720101
5140001106653,クマヒロ株式会社,兵庫県,姫路市,書写７３−１,6712201
5140001106744,株式会社Ｎはうす,兵庫県,姫路市,野里慶雲寺前町８番３０号,6700813
5140001107032,株式会社ダブルウッド,兵庫県,姫路市,伊伝居４３９番地,6700871
5140001107057,株式会社ケミＩＤ５,兵庫県,姫路市,広畑区東新町３丁目１３２番地,6711121
5140001107239,株式会社リベルテ,兵庫県,姫路市,広畑区鶴町１丁目１０番地２,6711124
5140001107412,株式会社井原工業,兵庫県,姫路市,大津区平松２３３番地１６,6711145
5140001107445,株式会社サポートキャン,兵庫県,姫路市,小姓町３５番地１船場西ビル２階５号,6700043
5140001107684,株式会社オオヤ,兵庫県,姫路市,白浜町乙８６０番地,6728023
5140001107775,株式会社Ｒ＆Ｈ,兵庫県,姫路市,白浜町丙３９７番地,6728023
5140001108022,株式会社松本建材,兵庫県,姫路市,網干区垣内南町１４７８番地１,6711255
5140001108039,株式会社ハリニシ,兵庫県,姫路市,本町６８番地１７０大手前第１ビル２Ｆ,6700012
5140001108047,ライフバリュー株式会社,兵庫県,姫路市,梅ケ谷町１９番２８号,6700894
5140001108121,株式会社ＥＶＯＬＶＥ,兵庫県,姫路市,飾磨区英賀清水町２丁目２０番地,6728084
5140001108435,株式会社青山クリエイト,兵庫県,姫路市,安田３丁目１１６番地ハッピーコート駅南大路４０２号,6700955
5140001108534,株式会社フジワラ工業,兵庫県,姫路市,広畑区大町３丁目２７番地,6711155
5140001108699,株式会社優善,兵庫県,姫路市,南駅前町１０４番地,6700962
5140001108732,株式会社ひめな,兵庫県,姫路市,西二階町４８番地,6700901
5140001108906,株式会社埴岡製作所,兵庫県,姫路市,安富町植木野４７番地１,6712426
5140001109128,株式会社ＴＡＩＳＡＮ,兵庫県,姫路市,飾磨区細江１６８番地１２,6728064
5140001109391,株式会社ＳＫサービス,兵庫県,姫路市,飾磨区構１丁目１７番地,6728071
5140001109739,近藤工業株式会社,兵庫県,姫路市,広畑区蒲田６９８番地１４,6711102
5140001109945,株式会社ＨＥＮＮＥＳＳＩＳ,兵庫県,姫路市,岡田１４６番地２,6700982
5140001110267,ソラーレハウス株式会社,兵庫県,姫路市,御立西５丁目１３番１３号,6700074
5140001110275,株式会社山下塗装,兵庫県,姫路市,飾磨区今在家６丁目２９番地１３,6728079
5140001110449,株式会社阿吽,兵庫県,姫路市,岡田５５６,6700982
5140001110515,株式会社カセローレモントジャポン,兵庫県,姫路市,東辻井３丁目６番２５号,6700084
5140001110721,株式会社さくらんぼ,兵庫県,姫路市,広畑区才１,6711104
5140001110762,株式会社アプテイル,兵庫県,姫路市,北条５５７番地２,6700947
5140001110977,株式会社クアン,兵庫県,姫路市,西駅前町６２,6700913
5140001111075,立成株式会社,兵庫県,姫路市,野里９３０番地２,6700811
5140001111133,Ｌ’Ｃｏｃｏｏｎ株式会社,兵庫県,姫路市,南条５２７番地２Ｚａ−ｇＢＬＤ２階,6700952
5140001111372,株式会社ウィングテック,兵庫県,姫路市,阿保甲９番地３ソレイユ東姫路２０４,6700944
5140001111389,株式会社ラウレア,兵庫県,姫路市,川西台２６番地,6712213
5140001111455,株式会社明徳経営,兵庫県,姫路市,田寺東３丁目９番１６号,6700081
5140001111521,ヤンコーポレーション株式会社,兵庫県,姫路市,小姓町３５番地１船場西ビル５０３,6700043
5140001111711,株式会社ゼロアクト,兵庫県,姫路市,田寺５丁目３番１０号,6700086
5140001111728,株式会社ＭＡＳＡＴＯ　ｒｅｓｔａｕｒａｎｔ　ｃｒｅａｔｅ,兵庫県,姫路市,山吹１丁目７番９号,6700085
5140001111868,株式会社井上建設,兵庫県,姫路市,飾磨区加茂東１０５番地１３,6728070
5140001111926,ワーズ・ワース株式会社,兵庫県,姫路市,野里９０７番地７,6700811
5140001111991,株式会社ＺＡＲＤ,兵庫県,姫路市,飾磨区城南町３丁目５０−１,6728083
5140001112206,株式会社イッコウ組,兵庫県,姫路市,城東町毘沙門３１番地ビレッジハウス城東１号棟３０１号,6700842
5140001112370,大森どうぶつ病院株式会社,兵庫県,姫路市,広畑区小坂８２番地２３,6711156
5140001112379,株式会社Ｇｅｍａｆｅｅ,兵庫県,姫路市,三左衛門堀東の町８７番,6700949
5140001112560,株式会社Ｔ　Ｉ　Ｃｏｒｐｏｒａｔｉｏｎ,兵庫県,姫路市,平野町５８番地クロサキビル３階,6700933
5140001112742,株式会社ミックス,兵庫県,姫路市,大津区天満２９２番地２,6711143
5140001112957,株式会社オルディネ,兵庫県,姫路市,安富町安志６００番地６０,6712401
5140001113096,ＳＥＫＩＮＯ　Ｃ＆Ｍ株式会社,兵庫県,姫路市,北八代１丁目１４番１７号,6700877
5140001113162,株式会社かがやき,兵庫県,姫路市,町田１６６番地６,6712217
5140001113237,株式会社瑞慶山造園,兵庫県,姫路市,飾磨区鎌倉町３６番地４,6728094
5140001113435,日本不動産開発株式会社,兵庫県,姫路市,勝原区丁１８２番地２０,6711203
5140001113476,株式会社ＫＯＤＡ,兵庫県,姫路市,東延末１丁目６９番地,6700965
5140001113492,株式会社ｂｌｏｏｍ,兵庫県,姫路市,網干区田井７８番地１,6711221
5140001113807,アイアールジー株式会社,兵庫県,姫路市,四郷町中鈴１１３番地１１,6710242
5140001113914,株式会社宇久塗建,兵庫県,姫路市,広畑区西夢前台５丁目１３５番地,6711103
5140001113922,株式会社大翔ライン,兵庫県,姫路市,花田町高木１３６−１,6710256
5140001113963,株式会社ＥＸムラズミ,兵庫県,姫路市,下手野５丁目１９番４３号,6700063
5140001113971,株式会社ＨＫＫ,兵庫県,姫路市,元町９３番地１グラジオ元町４０３号,6700049
5140001114152,株式会社ＧＲＯＷ,兵庫県,姫路市,広畑区西夢前台５丁目２７５番地,6711103
5140001114326,株式会社平田精密,兵庫県,姫路市,白浜町丙１７３−１,6728023
5140001114458,株式会社ＧＯＭＩ,兵庫県,姫路市,飾磨区清水３丁目１９,6728051
5140001114796,株式会社城山コミュニケーションズ,兵庫県,姫路市,飾東町豊国２８９番地１,6710219
5140001114813,株式会社ＴＲＵＳＴＥＱ,兵庫県,姫路市,兼田６５番地５,6728001
5140001114879,シンキ商事株式会社,兵庫県,姫路市,南条４３４番地,6700952
5140001115019,Ａｍｉｃａｌ．株式会社,兵庫県,姫路市,御立東４丁目２２番９号,6700072
5140001115464,株式会社中村興業,兵庫県,姫路市,飾磨区玉地１丁目７番地,6728052
5140001115506,株式会社だるま,兵庫県,姫路市,継７４番地１ロジュマン継２０２,6728004
5140001115539,株式会社デンクー,兵庫県,姫路市,的形町的形２８２番地３,6710111
5140001115869,株式会社一成,兵庫県,姫路市,山吹２丁目１２番５号,6700085
5140001116074,株式会社姫路ウェルメンテ,兵庫県,姫路市,上手野２４１番地１,6700065
5140001116149,高野塗装店株式会社,兵庫県,姫路市,広畑区東夢前台４丁目９６番地３,6711101
5140001116322,株式会社ＮＡＩＴＥＸ,兵庫県,姫路市,岩端町８０番地２２,6700028
5140001116371,ダイケイ株式会社,兵庫県,姫路市,東今宿１丁目５番１１−１０６号,6700056
5140001116594,株式会社ＴＳＵＫＡＭＯＴＯ,兵庫県,姫路市,飾磨区中野田４丁目１１６番地３６,6728045
5140001116677,株式会社兵庫リビングＰＤ,兵庫県,姫路市,東延末１丁目１５番地,6700965
5140001116735,シートメタルワークス株式会社,兵庫県,姫路市,飾磨区構５丁目１９１番地,6728071
5140001116850,株式会社ＵＮＩＴＥ,兵庫県,姫路市,駅前町２２９,6700927
5140001116875,ユージン・ウォーターワークス株式会社,兵庫県,姫路市,日出町３丁目２４番地１０,6700942
5140001116900,株式会社姫路宝蔵,兵庫県,姫路市,本町６８番地家老屋敷館いの屋敷,6700012
5140001116990,株式会社友商店,兵庫県,姫路市,別所町北宿９１１番地１,6710223
5140001116999,株式会社大久保板金,兵庫県,姫路市,夢前町置本５１４番地１２,6712122
5140001117072,株式会社アクアリスタ,兵庫県,姫路市,書写２６４８番地１コーホービル３Ｆ−４,6712201
5140001117114,ＢＣＭサポート株式会社,兵庫県,姫路市,飾磨区細江９９５番地,6728064
5140001117304,株式会社Ｓｕｍｉｋａ,兵庫県,姫路市,三左衛門堀東の町９３北条アルシュビル１０５,6700949
5140001117452,株式会社エイチツー,兵庫県,姫路市,岡田３５２番地１１,6700982
5140001117543,船津金融株式会社,兵庫県,姫路市,船津町１８６番屋敷,6792101
5140001117667,株式会社ＲＩＣ,兵庫県,姫路市,大黒壱丁町４４番地,6700853
5140001117873,株式会社ノリヤス,兵庫県,姫路市,夢前町前之庄１０４２番地,6712103
5140001117923,株式会社ミネテック,兵庫県,姫路市,勝原区朝日谷３１１番地５,6711204
5140001117964,小川塗装株式会社,兵庫県,姫路市,神屋町５丁目３４番地,6700836
5140001118079,株式会社ＳＨＩＮＷＡ,兵庫県,姫路市,龍野町４丁目８番,6700032
5140001118137,株式会社ＡＩプランニング,兵庫県,姫路市,飾磨区妻鹿東海町５８番地,6728032
5140001118186,株式会社モアコム,兵庫県,姫路市,飾磨区構１丁目３９番地１,6728071
5140001118228,松岡福祉事業株式会社,兵庫県,姫路市,北平野南の町１６番２２号シャルマンＳ＆Ｔ１０２号,6700887
5140001118302,株式会社ＬＩＮＫ,兵庫県,姫路市,広畑区蒲田４丁目６３番地６,6711102
5140001118500,濱中スレッズ株式会社,兵庫県,姫路市,白浜町甲７７０番地,6728023
5140001118681,下野鉄工所株式会社,兵庫県,姫路市,別所町佐土１００５番地１,6710224
5140001118764,株式会社Ａｒｒｏｗｓ,兵庫県,姫路市,飾磨区中野田４丁目７番地３０,6728045
5140001118797,株式会社フォートレスハリマ,兵庫県,姫路市,延末３２４番地,6700966
5140001118970,株式会社Ｚｏｎｅ　ｉｔ,兵庫県,姫路市,大津区吉美８３１番地１,6711133
5140001118987,株式会社川崎海苔,兵庫県,姫路市,野里７６番地２,6700811
5140001119143,Ｅ−Ｓｍｉｌｅ株式会社,兵庫県,姫路市,書写１０１９−５６１,6712201
5140001119382,株式会社ＳＵＭＡＩ情報館,兵庫県,姫路市,西庄甲１５５番９,6700981
5140001119408,株式会社ＨＤＴ,兵庫県,姫路市,下手野４丁目４番２１号,6700063
5140001119473,株式会社寺福インターナショナル,兵庫県,姫路市,大塩町６５番地３,6710101
5140001119507,株式会社森下設備,兵庫県,姫路市,広畑区西夢前台７丁目９８番地,6711103
5140001119614,株式会社フクナカ不動産,兵庫県,姫路市,福中町３９番地福中第一ビル１階,6700017
5140001119622,株式会社小幡鉄工所,兵庫県,姫路市,別所町別所１丁目６０番地,6710221
5140001119663,株式会社Ｕｎｉｖｅｒｓａｌ　Ｄｅｓｉｇｎ,兵庫県,姫路市,飾磨区下野田４丁目６８０番地１,6728044
5140001119804,株式会社アスターテ,兵庫県,姫路市,千代田町７４０番地２,6700993
5140001120035,重続株式会社,兵庫県,姫路市,土山４丁目７番１３号,6700996
5140001120241,株式会社Ｐｒｏｐ　Ｃｏｎｓｕｌｔｉｎｇ,兵庫県,姫路市,新在家本町５丁目４番１１号,6700092
5140001120407,株式会社八木富,兵庫県,姫路市,東山２４３番地２,6728014
5140001120530,株式会社ひめじん,兵庫県,姫路市,南条５２５,6700952
5140001120588,株式会社川飛,兵庫県,姫路市,栗山町１６７番地,6700954
5140001120662,株式会社栄登工業,兵庫県,姫路市,広畑区早瀬町１丁目７５番地３,6711151
5140001120860,Ｇ７株式会社,兵庫県,姫路市,飾西６５０番地７,6712216
5140001120927,ダイコー株式会社,兵庫県,姫路市,御国野町御着２８７番地,6710232
5140001121009,株式会社Ｎａｓｋｅｙ,兵庫県,姫路市,大塩町汐咲１丁目２９番地６,6710102
5140001121082,株式会社藤野設備工業,兵庫県,姫路市,飾磨区堀川町８５番地３,6728025
5140001121108,正真株式会社,兵庫県,姫路市,白浜町甲４０２番地３８５,6728023
5140001121132,西建株式会社,兵庫県,姫路市,飾磨区阿成６番地６,6728037
5140001121207,株式会社Ｔ・Ａ・Ｋ,兵庫県,姫路市,上手野２５４番地,6700065
5140001121223,株式会社戸城,兵庫県,姫路市,白浜町甲２１１３番地１,6728023
5140001121306,株式会社モカハウス不動産,兵庫県,姫路市,東今宿４丁目６番１２号珈琲館ビル１Ｆ,6700056
5140001121388,株式会社Ｍ−ＥＮＧ,兵庫県,姫路市,書写１０１９番地１９１ハイツ中尾６,6712201
5140001121413,株式会社恵工業,兵庫県,姫路市,広畑区西蒲田１７０７番地１０４号,6711107
5140001121479,株式会社宮崎電気,兵庫県,姫路市,勝原区丁９９−５,6711203
5140001121578,シャムロック工業株式会社,兵庫県,姫路市,別所町小林３７３番地,6710222
5140001121586,株式会社利健塗装,兵庫県,姫路市,大津区天神町１丁目１１３番地１,6711131
5140001121652,株式会社ＨＡシステム,兵庫県,姫路市,青山６丁目４０番５９号,6712222
5140001121875,株式会社マエデン,兵庫県,姫路市,東夢前台１丁目３番地２９,6700064
5140001121982,株式会社Ｔ・Ｎコーポレーション,兵庫県,姫路市,西今宿８丁目６番１４号,6700061
5140001122048,株式会社太川住建,兵庫県,姫路市,家島町宮１１２５番地,6720102
5140001122221,シューテック株式会社,兵庫県,姫路市,豊富町豊富２２０５番地,6792123
5140001122270,株式会社ＭＡＥＤＡ,兵庫県,姫路市,仁豊野６１６番地３,6700801
5140001122279,株式会社ホリディインヴィラ,兵庫県,姫路市,勝原区下太田２２２番地１,6711201
5140001122345,株式会社津坂板金,兵庫県,姫路市,継２２６番地８,6728004
5140001122403,ＧｒａｎＰｒｏｐｅｒｔｙＭａｎａｇｅｍｅｎｔ株式会社,兵庫県,姫路市,西駅前町３５番地１−２Ｆ,6700913
5140001122592,大西ユース株式会社,兵庫県,姫路市,新在家４丁目５番２３号,6700095
5140001122626,一笑健命株式会社,兵庫県,姫路市,野里９１３番地１,6700811
5140001122799,株式会社メタルプロダクション,兵庫県,姫路市,豊富町豊富３１１８−１,6792123
5140001122808,株式会社ルーチェ,兵庫県,姫路市,花田町勅旨３３４番地５,6710254
5140001123194,株式会社Ｔｈｉｒｄ　Ｐｒｏｊｅｃｔ,兵庫県,姫路市,東山２７６−１,6728014
5140001123203,株式会社アダプト,兵庫県,姫路市,神子岡前４丁目３番２４号,6700055
5140001123228,株式会社シロラボ,兵庫県,姫路市,飾磨区中島庄助新田３３５０,6728035
5140001123310,株式会社アール,兵庫県,姫路市,大津区真砂町１０８番地１,6711134
5140001123351,株式会社三原色,兵庫県,姫路市,玉手３丁目５７１番地１,6700985
5140001123450,株式会社日本切子,兵庫県,姫路市,紺屋町５９番地,6700924
5140001123491,株式会社アイエスディ,兵庫県,姫路市,安田４丁目４７番地８,6700955
5140001123640,株式会社はりまぴあ,兵庫県,姫路市,大津区天満４６７−９,6711143
5140001123855,株式会社アンジェリス,兵庫県,姫路市,坂元町１２７番地坂元ビル１階,6700016
5140001123888,株式会社桃李,兵庫県,姫路市,香寺町恒屋１０１５番地１,6792165
5140001123954,ドラゴンフライＲ＆Ｉ株式会社,兵庫県,姫路市,網干区余子浜１２６,6711254
5140001123962,こぐま保険株式会社,兵庫県,姫路市,香寺町中仁野６０４番地,6792143
5140001124184,株式会社関西サポート工業,兵庫県,姫路市,市之郷町３丁目１番地,6700943
5140001124234,株式会社ｎｅｘｕｓ　ｆｉｔ,兵庫県,姫路市,別所町佐土２丁目８３番地,6710224
5140001124275,アーツ株式会社,兵庫県,姫路市,夢前町玉田２７３−１２−１,6712124
5140001124325,株式会社エムズ食販,兵庫県,姫路市,白浜町甲７４４番地５,6728023
5140001124382,カナガワ総合保険サービス株式会社,兵庫県,姫路市,青山西２丁目２３−９サンハイツ青山２０２号,6712224
5140001124481,橘瓦株式会社,兵庫県,姫路市,林田町下伊勢３０８番地,6794233
5140001124515,株式会社宮下フェンス,兵庫県,姫路市,勝原区熊見２１１番地１,6711211
5140001124523,ＵＴｐａｉｎｔ株式会社,兵庫県,姫路市,四郷町山脇３２３番地２,6710248
5140001124572,株式会社新井建築,兵庫県,姫路市,夢前町寺３５４番地３１,6712116
5140001124580,バリバリ通商株式会社,兵庫県,姫路市,飾磨区今在家北２丁目５２番地,6728090
5140001124878,株式会社ＭＯＰ,兵庫県,姫路市,飾磨区堀川町１６番地ガレージロタス上野田０３号室,6728025
5140001124985,株式会社井口工業,兵庫県,姫路市,総社本町１６２,6700015
5140001125026,株式会社エスト,兵庫県,姫路市,保城６４７番地,6700804
5140001125100,株式会社ＡＧＡテック,兵庫県,姫路市,飾磨区英賀西町２丁目７番地,6728088
5140001125372,Ｂｕ株式会社,兵庫県,姫路市,白浜町甲２２０３番地４−１０２号,6728023
5140001125414,株式会社Ｒｉｍ’ｓＦａｃｔｏｒｙ．,兵庫県,姫路市,花田町上原田１７０番地１,6710251
5140001125447,株式会社ｍｏｒｅ,兵庫県,姫路市,田寺東１丁目１９番５号,6700081
5140001125463,株式会社西川左官,兵庫県,姫路市,豊富町御蔭２１６４番地２,6792122
5140001125612,株式会社東亜マネジメント,兵庫県,姫路市,白浜町寺家２丁目１５２番地１,6728012
5140001125884,株式会社マプリ,兵庫県,姫路市,辻井８丁目２番１７号,6700083
5140001126486,株式会社ＫＰＬＵＳ,兵庫県,姫路市,飾磨区中野田１丁目２１番地,6728045
5140001126528,株式会社ＢＲＥＡＫ　ＪＡＰＡＮ　Ｃｏ．,兵庫県,姫路市,北条梅原町１３００−１,6700945
5140001126544,株式会社ＭＣ,兵庫県,姫路市,香寺町須加院８６８番地,6792132
5140001126750,株式会社レヴェル・ワン,兵庫県,姫路市,北条梅原町９１番地ワンダーボックスビル３階,6700945
5140001127030,そう株式会社,兵庫県,姫路市,岡田２４６番地１,6700982
5140001127311,株式会社光家,兵庫県,姫路市,勝原区下太田３２６番地５,6711201
5140001127393,株式会社ｓ．ｌ．ｄ,兵庫県,姫路市,町坪３９２番地５,6700984
5140001127880,株式会社互縁,兵庫県,姫路市,白浜町丙６１２番地６１,6728023
5140001127922,株式会社ｃｏｌｏｒｓ,兵庫県,姫路市,飾東町佐良和１０７番地５,6710217
5140001127947,株式会社Ｓｉｇｎ,兵庫県,姫路市,伊伝居３番地４ＭＡＧＩＸ３０１,6700871
5140001127988,株式会社パートナーズ,兵庫県,姫路市,香寺町久畑４８８番地,6792167
5140001128045,株式会社益栄精密工作所,兵庫県,姫路市,打越２３番地２,6712246
5140001128111,株式会社ＲＭＢ,兵庫県,姫路市,飾磨区矢倉町２丁目１９番地１,6728093
5140001128136,株式会社Ｕｌｌｏｗ,兵庫県,姫路市,小利木町４７番地,6700022
5140001128391,株式会社オープラスエス,兵庫県,姫路市,北条口３丁目８８,6700935
5140001128598,株式会社共生,兵庫県,姫路市,新在家本町３丁目１１−１４−１,6700092
5140001128771,ＴＯＪＩ工事株式会社,兵庫県,姫路市,白浜町丙１４１番地７,6728023
5140001128813,株式会社ベアズガーデン,兵庫県,姫路市,田寺東２丁目１７番１４号,6700081
5140001128953,株式会社Ｂ．Ｈパートナーズ,兵庫県,姫路市,岡田１５０番地４,6700982
5140001128986,株式会社共喜屋,兵庫県,姫路市,本町６８番地,6700012
5140001129150,株式会社明日晴,兵庫県,姫路市,飾磨区富士見ケ丘町１０−９,6728098
5140001129233,株式会社どんぱっち,兵庫県,姫路市,佃町３６番地,6728049
5140001129423,株式会社ロングラン,兵庫県,姫路市,勝原区熊見１２番地３,6711211
5140001129464,株式会社ＢＥＮ．ＳＰＯＲＴＳ,兵庫県,姫路市,西二階町１１８番地,6700901
5140001129654,株式会社Ｂｅｓｔ　Ｆａｍｉｌｙ,兵庫県,姫路市,御立中４丁目６番８号,6700073
5140001129670,株式会社姫路高圧ホース,兵庫県,姫路市,宮上町２丁目４０番地,6700823
5140001129679,株式会社ｌｅｆｕＤｅｓｉｇｎ,兵庫県,姫路市,夢前町寺１８１１番地,6712116
5140001129687,泰幸クリエイト株式会社,兵庫県,姫路市,船津町２５２４番地,6792101
5140001129778,株式会社大森企画,兵庫県,姫路市,大善町１０３番地,6700833
5140001129794,株式会社Ｍ．Ｔ．Ｃ,兵庫県,姫路市,四郷町上鈴３２９番地２,6710241
5140001129836,大安株式会社,兵庫県,姫路市,城見台２丁目１１１１番地３１５,6700803
5140001130182,株式会社アールテック,兵庫県,姫路市,御国野町国分寺２０７番地１,6710234
5140001130389,株式会社青田建築,兵庫県,姫路市,船津町２５８４番地２,6792101
5140001130430,株式会社ＮＴＥＣコーポレーション,兵庫県,姫路市,広畑区正門通４丁目１０番地６,6711116
5140001130447,株式会社喜多,兵庫県,姫路市,飾磨区中野田２丁目１６４番地,6728045
5140001130728,ＡＮサービス株式会社,兵庫県,姫路市,花田町加納原田９４８番地１１,6710252
5140001130760,株式会社ＮＩＫＡＩＤＯＵ,兵庫県,姫路市,飾磨区中島４１４番地４９４,6728035
5140001130802,ＹＭＧチェア株式会社,兵庫県,姫路市,大津区平松４１０番地８,6711145
5140001130884,株式会社久和,兵庫県,姫路市,南条２丁目５６−２,6700952
5140001131057,株式会社ＤＮコーポレーション,兵庫県,姫路市,東山１２４５番地,6728014
5140001131222,株式会社ＰＬＵＳ,兵庫県,姫路市,別所町別所５４４番地,6710221
5140001131296,アーバンハウス株式会社,兵庫県,姫路市,網干区大江島寺前町１０９番地,6711232
5140001131387,株式会社紘和,兵庫県,姫路市,花田町高木字上ノ倉１８８番地の１,6710256
5140001131478,株式会社オートガレージタイヨー,兵庫県,姫路市,三条町２丁目４１番地,6728041
5140001131552,株式会社天昇工業,兵庫県,姫路市,上手野３８０番地錦アトリオ１０４,6700065
5140001131577,株式会社ＢＵＹＩＮＧ　Ｙ．Ｋ,兵庫県,姫路市,林田町上伊勢１１３７番地１４,6794232
5140001131676,侍ｉｓｍほけん株式会社,兵庫県,姫路市,神子岡前１丁目２番１号神子岡エイト２０１,6700055
5140001131734,株式会社フォレストヴァレー,兵庫県,姫路市,飾磨区妻鹿１５３０番地５,6728031
5140001131908,ｓｅｕｍｉｅ株式会社,兵庫県,姫路市,広畑区西夢前台４丁目７２番地,6711103
5140001132022,＿喜株式会社,兵庫県,姫路市,井ノ口５９番地１０,6700983
5140001132105,株式会社Ｒｅｍａｋｅ．Ｆｉｒｓｔ,兵庫県,姫路市,亀山２丁目４０番地,6700973
5140001132245,株式会社ＭＩＲＡＩＮＡＪＩ,兵庫県,姫路市,別所町佐土新７７６番地,6710226
5140001132410,株式会社ＴＣ,兵庫県,姫路市,市之郷町２丁目３０番地５,6700943
5140001132682,ＫＬＩＮＫ株式会社,兵庫県,姫路市,上大野１丁目１−１６オーキッドコート１０１号室,6700896
5140001132856,ＫＯＢＡＹＡＳＨＩ株式会社,兵庫県,姫路市,苫編４２番地１,6700986
5140001132914,エイチツーユー株式会社,兵庫県,姫路市,神子岡前３丁目６番１３号,6700055
5140001133053,株式会社喜友名,兵庫県,姫路市,南車崎１丁目１番３２号,6700053
5140001133061,グランフロント株式会社,兵庫県,姫路市,西庄甲１６７番地１,6700981
5140001133169,株式会社佳納,兵庫県,姫路市,広畑区蒲田４丁目２１９番地,6711102
5140001133185,株式会社Ｒｅｅ．ＲＡＩＳ,兵庫県,姫路市,飾東町佐良和１０５番地１,6710217
5140001133326,株式会社Ａｎｎｙ　ｏｎ．,兵庫県,姫路市,飾磨区玉地１丁目２９番地タマチノビル,6728052
5140001133441,株式会社ＡＰＯＧＥＥ,兵庫県,姫路市,安田１丁目５７番ＭＩＳＴＲＡＬ姫路南１０９号,6700955
5140001133540,株式会社ＣＬＧコンサルティングサービス,兵庫県,姫路市,飾磨区阿成１３番地７５,6728037
5140001133598,株式会社咲良,兵庫県,姫路市,飾磨区阿成渡場２６６番地,6728039
5140001133648,株式会社エムエスカンパニー,兵庫県,姫路市,土山２丁目６−２,6700996
5140001133706,ナジブ株式会社,兵庫県,姫路市,御国野町国分寺５８３番地１国分寺連棟,6710234
5140001133763,株式会社ＩＸＯＭＥＩＳ,兵庫県,姫路市,飾磨区蓼野町１１６番地３,6728072
5140001133912,株式会社広畑工房,兵庫県,姫路市,相野３５８番地１,6712232
5140001133929,株式会社新興マネジメント,兵庫県,姫路市,二階町１８ＡＮＧＥＲＯ二階町２０６,6700922
5140001133937,株式会社メモリーパートナーズ,兵庫県,姫路市,安田２丁目７５番地西浦ビル３−１号,6700955
5140001134010,トコアスクホールディングス株式会社,兵庫県,姫路市,飾磨区中島３２４５番地,6728035
5140001134167,株式会社Ｂｌｉｓｓｆｕｌ　Ｎｅｓｔ,兵庫県,姫路市,東延末１丁目２４番地,6700965
5140001134332,株式会社Ｅ’ｓＢ．Ｌ．Ｓ,兵庫県,姫路市,豊富町豊富１５７５番地,6792123
5140001134349,株式会社キヅケル,兵庫県,姫路市,嵐山町１９番地６−３Ｆ,6700029
5140001134456,株式会社ディール,兵庫県,姫路市,広畑区長町１丁目８０番地３武本ビル４０２,6711125
5140001134464,株式会社クプラス,兵庫県,姫路市,安田４丁目４９番１１,6700955
5140001134588,株式会社ｓｏｌａ,兵庫県,姫路市,六角５４４番地１,6712242
5140001134605,株式会社Ｃｏｃｏ’ｎ,兵庫県,姫路市,勝原区熊見９１クリーンピア京見１０４,6711211
5140001134662,株式会社うえの,兵庫県,姫路市,山田町北山田５９６番地１,6792112
5140001134712,株式会社ケーイット,兵庫県,姫路市,東辻井３丁目３番５７号,6700084
5140001134778,株式会社ＨＰＫ,兵庫県,姫路市,飾磨区英賀清水町３丁目９２番地,6728084
5140001135033,株式会社ウェルメディカル,兵庫県,姫路市,南駅前町７５番地イルソーレ南駅前２０２,6700962
5140001135363,株式会社Ａｇｕｒｉ,兵庫県,姫路市,青山西１丁目６番８号Ａ１０５,6712224
5140001135495,株式会社桜輝,兵庫県,姫路市,神田町１丁目１２番地２０３,6700991
5140001135636,株式会社Ａファーム,兵庫県,姫路市,夢前町杉之内１７,6712111
5140001135693,株式会社川添工務店,兵庫県,姫路市,岡田５２７番地３,6700982
5140001135735,株式会社赤城エンジニアリング,兵庫県,姫路市,四郷町東阿保１３００番地８,6710247
5140001135834,株式会社Ｍｅｌｌｏｗ,兵庫県,姫路市,花影町３丁目７−２,6700047
5140001136320,株式会社サード・プレイス,兵庫県,姫路市,鷹匠町４１番地鷹匠荘１Ｆ東,6700024
5140001136378,株式会社ＯＮＥ　ＨＯＭＥＳ,兵庫県,姫路市,安田４丁目１６９番地,6700955
5140001137260,藤吉企画株式会社,兵庫県,姫路市,網干区高田３６５番地５、２Ｆ,6711226
5140001137640,ルミエール株式会社,兵庫県,姫路市,南畝町２丁目５０番地,6700961
5140001137698,株式会社勝巳建設,兵庫県,姫路市,白国２丁目３２５番地１,6700808
5140001137723,株式会社中建,兵庫県,姫路市,町坪１５番地４,6700984
5140001137913,株式会社ＭＴ建設,兵庫県,姫路市,花田町勅旨１３０番地１,6710254
5140001138060,株式会社ｍｔｂ,兵庫県,姫路市,北条口１丁目４５番地ハリマコーポラス２階,6700935
5140001138077,株式会社ＯＫＵＭＵＲＡ,兵庫県,姫路市,南条２丁目１２４番地,6700952
5140001138127,株式会社ＥＭＺＥＱ,兵庫県,姫路市,神田町２丁目７番地１キャッスルコート神田町１００１号,6700991
5140001138151,未来製作株式会社,兵庫県,姫路市,書写２２１６番地４,6712201
5140001138424,晴々株式会社,兵庫県,姫路市,北八代１丁目３−１,6700877
5140001138432,Ｅｓｃｏｒｔ株式会社,兵庫県,姫路市,田寺東３丁目２５番１８号,6700081
5140001138639,Ｓ．企画株式会社,兵庫県,姫路市,土山４丁目６番１０号,6700996
5140001138944,株式会社ｃｉｍｅ,兵庫県,姫路市,網干区新在家５０１番地,6711234
5140001139042,株式会社ナカノクレーン工業,兵庫県,姫路市,広畑区西蒲田２３０番地２１,6711107
5140001139059,泰星フィルム日本株式会社,兵庫県,姫路市,安田３丁目１０８−１安田タウンプラザ８０３,6700955
5140001139240,株式会社ブルー翔,兵庫県,姫路市,阿保乙３６７番地１,6700944
5140001139356,株式会社創樹会メディカルサポート,兵庫県,姫路市,岡田５８４番地５,6700982
5140001139430,株式会社ＳＥＩＫＡグループ,兵庫県,姫路市,井ノ口４６９−４０,6700983
5140001139562,ＮＣカワニシ株式会社,兵庫県,姫路市,飾磨区上野田６丁目１００番地２,6728043
5140001139570,株式会社Ｎ．Ｓ,兵庫県,姫路市,勝原区熊見３７２番地１９,6711211
5140001139736,株式会社家島ライナー,兵庫県,姫路市,家島町真浦５９０番地７,6720101
5140001139876,ＭＡＲＩＮＯ株式会社,兵庫県,姫路市,花田町高木１６７番地,6710256
5140001139934,ＫＮ株式会社,兵庫県,姫路市,花田町加納原田９４８番地１９,6710252
5140001139959,中尾技術開発株式会社,兵庫県,姫路市,砥堀１３１２番地１,6700802
5140001140025,小野商店株式会社,兵庫県,姫路市,東夢前台３丁目８０番地１０１号,6700064
5140001140198,株式会社レーヴ,兵庫県,姫路市,御国野町深志野１４１−４,6710231
5140001140207,株式会社パライス,兵庫県,姫路市,四郷町上鈴１１０番地２,6710241
5140001140215,株式会社鶴屋,兵庫県,姫路市,南畝町１丁目９５番地,6700961
5140001140223,岸本商事株式会社,兵庫県,姫路市,四郷町東阿保１３９４番地２,6710247
5140001140280,株式会社Ｉ．Ｓ．Ｄ．,兵庫県,姫路市,大津区天神町２丁目３８番地３,6711131
5140001140371,ニシプロパティマネジメント株式会社,兵庫県,姫路市,城東町野田１番地８ワコーレ姫路京口マークス３０３,6700844
5140001140388,株式会社Ｂｅｌｏｎｇ,兵庫県,姫路市,北条１丁目４８番地５ヤングビル５階,6700947
5140001140396,株式会社姫リノ不動産,兵庫県,姫路市,別所町佐土２丁目２０番地,6710224
5140001140487,株式会社三晃堂,兵庫県,姫路市,夢前町前之庄１８７番地,6712103
5140001140512,株式会社六和電気,兵庫県,姫路市,砥堀３１３番地１１,6700802
5140001140561,くすのき株式会社,兵庫県,姫路市,広峰１丁目４−５０,6700882
5140001140743,株式会社ウィズライフ,兵庫県,姫路市,忍町１３６番地,6700917
5140001140875,株式会社ＶＩＶＡＮＴ,兵庫県,姫路市,朝日町２３２番地３,6700934
5140001141246,株式会社Ｍｏｌｓｉａ,兵庫県,姫路市,飾磨区蓼野町１番地,6728072
5140001141262,株式会社ＯＭＯＲＩファミリー,兵庫県,姫路市,飾磨区中島５３４番地１,6728035
5140001141270,株式会社ヒューマンシステム,兵庫県,姫路市,魚町１１５番地ＢＷビル１３−２Ｆ−Ａ,6700905
5140001141312,株式会社Ｉ‐ｄｅａ,兵庫県,姫路市,広畑区長町２丁目１４０番地２,6711125
5140001141378,株式会社長水設計,兵庫県,姫路市,飾磨区清水２丁目５番地岩崎ビル３Ｆ西,6728051
5140001141444,株式会社コンサル三河,兵庫県,姫路市,山田町南山田１９３番地２,6792113
5140001141840,Ｇ７株式会社,兵庫県,姫路市,市川橋通１丁目２９番地３,6700825
5140001141881,株式会社クリーンアース,兵庫県,姫路市,御国野町国分寺１７３番地１８,6710234
5140001142013,株式会社鳥居電気,兵庫県,姫路市,佃町１２番地２０７,6728049
5140001142137,株式会社ＬＩＦＩＸ,兵庫県,姫路市,忍町６７番地１ウエリス姫路２０２,6700917
5140001142178,株式会社広商,兵庫県,姫路市,砥堀８４２番地１７,6700802
5140001142228,株式会社リンカイ,兵庫県,姫路市,延末８６番地５,6700966
5140001142343,株式会社ニシテック,兵庫県,姫路市,的形町的形３９８０番地１７,6710111
5140001142566,株式会社エイトレック,兵庫県,姫路市,花田町加納原田５４４番地２１,6710252
5140002032436,株式会社ＳＨＩＲＡＩ,兵庫県,姫路市,青山北１丁目２番９号,6712221
5140002047120,株式会社ＩＳＤ,兵庫県,姫路市,飾磨区構４丁目５５番地,6728071
5140002047995,株式会社関西インシュアランスオフィス,兵庫県,姫路市,玉手３丁目６０３番地,6700985
5140002048341,株式会社クローバー印刷,兵庫県,姫路市,岡田４７９番地,6700982
5140002048671,株式会社ザ・ガード,兵庫県,姫路市,上手野３２０番地の８,6700065
5140002049851,株式会社鳥本建具店,兵庫県,姫路市,花田町加納原田２９１番地の１,6710252
5140002050314,ひめきゅうホールディングス株式会社,兵庫県,姫路市,千代田町７３１番地の１,6700993
5140002050917,ｍａｔｓｕｕｒａ株式会社,兵庫県,姫路市,四郷町東阿保１３９１番地２,6710247
5140002051510,株式会社よしだ展創,兵庫県,姫路市,飾磨区三宅２丁目７５番地,6728048
5140002051576,株式会社和広,兵庫県,姫路市,飾磨区上野田５丁目１１９番地,6728043
5140002051634,レインズインベストメント株式会社,兵庫県,姫路市,飾磨区思案橋１７番地,6728075
5140002051733,株式会社長谷川造園土木,兵庫県,姫路市,夢前町菅生澗１５４０番地４,6712134
5140002053184,株式会社久斗鉄工所,兵庫県,姫路市,夢前町菅生澗１７３２番地１,6712134
5140002053993,リヅナ株式会社,兵庫県,姫路市,広畑区大町３丁目３６番地,6711155
5140002062739,株式会社ＤＫＦ,兵庫県,姫路市,東今宿１丁目４番３号　サングレース東今宿２０１,6700056
5140003006959,株式会社イワサ,兵庫県,姫路市,飾磨区英賀西町２丁目９９番地,6728088
5140003007445,株式会社あおい,兵庫県,姫路市,白国４丁目９番１１号アゼリア２０８号,6700808
5140003008105,株式会社ティアラ,兵庫県,姫路市,駅前町２３４番地,6700927
5140003009185,株式会社ｔｕｒｔｌｅ,兵庫県,姫路市,広峰２丁目１番２号,6700882
5140003012255,株式会社クロダ架設,兵庫県,姫路市,広畑区長町２丁目５６−６,6711125
5140003014020,株式会社令和,兵庫県,姫路市,北条宮の町２５８番地,6700948
5140003014540,株式会社Ａｄｒｏａｉｇ,兵庫県,姫路市,東延末３丁目４番地クリーンピア南大路時計台３０３,6700965
5180001146373,ＱＨ株式会社,兵庫県,姫路市,南町５５番地,6700912
5180301021862,光夢商運株式会社,兵庫県,姫路市,夢前町護持１３６４番地５５５,6712136
5240001046682,株式会社ボトル君,兵庫県,姫路市,飾磨区野田町１８６番地２,6728040
5260001038959,株式会社フルベジポ,兵庫県,姫路市,東夢前台１丁目３４５番地１,6700064
5270001002872,株式会社サンハート,兵庫県,姫路市,町田５８番地１,6712217
6010001116945,株式会社ＫＩコミュニケーションズ,兵庫県,姫路市,野里新町２番４０号,6700862
6010601037153,株式会社ラグアスジャパン,兵庫県,姫路市,八代本町２丁目１番１号,6700874
6010701036385,株式会社グローバルネットワーク,兵庫県,姫路市,城北新町１丁目１３番１０号,6700883
6011101062939,スカイジャパン株式会社,兵庫県,姫路市,東夢前台３丁目６２番地,6700064
6011301011596,信武商事株式会社,兵庫県,姫路市,花田町勅旨９９番地,6710254
6011301019383,株式会社ＲＥＯＮ,兵庫県,姫路市,余部区下余部６３７−１,6711261
6011501019646,ＡＬＬＯＣＡＲＥ株式会社,兵庫県,姫路市,阿保甲４１番地２,6700944
6030001150620,Ａ‐ＳＴＹＬＥ株式会社,兵庫県,姫路市,増位新町１丁目８番地の１藤和しらさぎハイタウンＢ棟店４,6700806
6120001005344,株式会社早蕨,兵庫県,姫路市,白浜町甲２１３５番地３,6728023
6120001053509,株式会社アクティブシステム,兵庫県,姫路市,本町２２７番地ザクセン姫路４０２,6700012
6120001145165,株式会社Ｔｒｕｔｈ,兵庫県,姫路市,東辻井３丁目３−１５,6700084
6120001166830,株式会社ＣＥＬＥＢ,兵庫県,姫路市,駅前町２５０番地１,6700927
6120001182670,株式会社美銀,兵庫県,姫路市,夢前町新庄１３５１番地２８,6712102
6120001185632,株式会社ＳＮＧ,兵庫県,姫路市,北条宮の町２５８番地木下ビル４０２,6700948
6120001274055,磊信株式会社,兵庫県,姫路市,車崎１丁目２−３エバーグリーン今宿Ａ棟１１７号,6700058
6130001062871,株式会社ＪＮＥＸ,兵庫県,姫路市,広畑区長町２丁目１２５番地１、２０６号,6711125
6130001079164,東田産業株式会社,兵庫県,姫路市,城東町清水１０番地京口団地１４号棟４０１,6700843
6140001008337,神東出版印刷株式会社,兵庫県,姫路市,飾東町塩崎５２１,6710211
6140001023303,株式会社ティック,兵庫県,姫路市,阿保乙２２８番地１,6700944
6140001027923,株式会社アルファメデイックス,兵庫県,姫路市,御立中２丁目１２番１１号,6700073
6140001029366,株式会社クラッセ,兵庫県,姫路市,城東町野田１番地３、１階北,6700844
6140001038210,株式会社ネクストマネジメント,兵庫県,姫路市,夢前町菅生澗１１６−２,6712134
6140001040117,株式会社ニシダ装飾,兵庫県,姫路市,東夢前台３丁目１１６番地１,6700064
6140001044191,株式会社ミワ,兵庫県,姫路市,的形町的形７７５番地の５２,6710111
6140001045990,株式会社日本ｔｏＶＩＥＴ．ＮＡＭ,兵庫県,姫路市,四郷町上鈴２１３番地１,6710241
6140001046964,高見設備株式会社,兵庫県,姫路市,花田町加納原田７３２番地１０,6710252
6140001057425,株式会社相生商店,兵庫県,姫路市,田寺東４丁目１０番１８号,6700081
6140001057441,株式会社アーキセクション,兵庫県,姫路市,東今宿１丁目５番１４号,6700056
6140001057458,愛三自動車株式会社,兵庫県,姫路市,花田町一本松１６９番地の１,6710253
6140001057466,株式会社アイテク,兵庫県,姫路市,庄田９４番地の１,6700951
6140001057474,株式会社アイテック,兵庫県,姫路市,北条２３４番地１７読売ＤＣビル４階,6700947
6140001057482,アーベス株式会社,兵庫県,姫路市,広畑区西夢前台６丁目７７番地,6711103
6140001057490,青山観光株式会社,兵庫県,姫路市,青山１４６４番地,6712222
6140001057508,株式会社アール都市建築研究所,兵庫県,姫路市,東辻井３丁目８番１９号,6700084
6140001057516,株式会社アクア・トゥエンティーワン,兵庫県,姫路市,刀出８０９番地,6712241
6140001057524,株式会社アカシカ住宅,兵庫県,姫路市,辻井１丁目２番２２号,6700083
6140001057532,アクティガード株式会社,兵庫県,姫路市,延末１丁目２５番地,6700966
6140001057540,株式会社英賀保薬局,兵庫県,姫路市,飾磨区英賀春日町２丁目７番地の４,6728092
6140001057549,株式会社浅井商店,兵庫県,姫路市,飾磨区都倉２丁目４９番地,6728046
6140001057557,株式会社トップ工業,兵庫県,姫路市,継１６５番地１,6728004
6140001057581,旭機設株式会社,兵庫県,姫路市,御国野町御着深見１８１番地の１３,6710232
6140001057607,朝日リース株式会社,兵庫県,姫路市,西延末１０２番地４,6700971
6140001057631,株式会社アピア商会,兵庫県,姫路市,新在家本町２丁目２番１５号,6700092
6140001057648,株式会社天川運送,兵庫県,姫路市,御国野町御着２６８番地の４,6710232
6140001057664,株式会社新井商店,兵庫県,姫路市,大津区新町１丁目９０番地の４,6711135
6140001057680,株式会社アルファ,兵庫県,姫路市,飾磨区三宅２丁目３番地,6728048
6140001057689,有元電子サービス株式会社,兵庫県,姫路市,花田町小川６１４番地,6710255
6140001057697,イージーアールジヤパン株式会社,兵庫県,姫路市,白浜町丙６１２番地,6728023
6140001057706,株式会社飯塚鐵鋼,兵庫県,姫路市,別所町北宿１０２９番地の４,6710223
6140001057722,井口食品株式会社,兵庫県,姫路市,網干区興浜５２５番地の１,6711241
6140001057730,株式会社池本装飾,兵庫県,姫路市,八家１２７２番地の２６,6728015
6140001057739,株式会社石川商店,兵庫県,姫路市,楠町１４５番地,6700826
6140001057747,伊勢田薬品株式会社,兵庫県,姫路市,本町６８番地,6700012
6140001057755,株式会社石丸商会,兵庫県,姫路市,網干区垣内東町１９０番地,6711252
6140001057763,イトーセキュリティーサービス株式会社,兵庫県,姫路市,広畑区長町２丁目５７番地,6711125
6140001057771,井藤鉄工株式会社,兵庫県,姫路市,豊富町神谷１１６６番地１,6792121
6140001057796,株式会社いちむら,兵庫県,姫路市,塩町１８７番地,6700904
6140001057805,株式会社インテリアなかの,兵庫県,姫路市,玉手２丁目４３２番地,6700985
6140001057813,株式会社井上組,兵庫県,姫路市,飾磨区細江２６２０番地,6728064
6140001057854,今村産業株式会社,兵庫県,姫路市,飾磨区恵美酒４１４番地,6728057
6140001057862,岩澤建設株式会社,兵庫県,姫路市,北平野１丁目１２番２９号,6700893
6140001057870,株式会社岩本土木興業,兵庫県,姫路市,北条宮の町８番地,6700948
6140001057879,株式会社ウエダ,兵庫県,姫路市,亀井町６９番地,6700925
6140001057887,株式会社ウエダ電工,兵庫県,姫路市,西今宿７丁目６番８号,6700061
6140001057895,上野商事株式会社,兵庫県,姫路市,橋之町１５番地,6700008
6140001057904,株式会社魚義,兵庫県,姫路市,安田３丁目５０番地,6700955
6140001057912,株式会社鵜鷹商店,兵庫県,姫路市,四郷町見野６７２番地１,6710244
6140001057920,株式会社内海商店,兵庫県,姫路市,鷹匠町乙２２番地,6700024
6140001057929,梅澤糧穀株式会社,兵庫県,姫路市,飾磨区中島３丁目５１番地,6728035
6140001057945,エイ・エム・シー株式会社,兵庫県,姫路市,東延末２丁目１５８番地,6700965
6140001057953,永建工業株式会社,兵庫県,姫路市,網干区垣内南町１８６２番地の２,6711255
6140001057961,エアシステム株式会社,兵庫県,姫路市,阿保乙１５９番地の１,6700944
6140001057986,映和技研株式会社,兵庫県,姫路市,飾磨区中島１０９５番地,6728035
6140001058002,エステイトワン株式会社,兵庫県,姫路市,北条口４丁目３７番地ミストラル北条口ＩＩ８０２号,6700935
6140001058010,株式会社榮藤鐵工所,兵庫県,姫路市,林田町松山６７２番地３,6794212
6140001058019,エフ・エー・エンジニアリング株式会社,兵庫県,姫路市,本町６８番地,6700012
6140001058027,株式会社江渕工業所,兵庫県,姫路市,大津区天神町２丁目１１番地,6711131
6140001058035,株式会社エム・エス・シー,兵庫県,姫路市,大津区天満３９４番地の４,6711143
6140001058051,株式会社ヱリサ,兵庫県,姫路市,二階町２４番地,6700922
6140001058068,応緑株式会社,兵庫県,姫路市,京町１丁目１１番地,6700824
6140001058084,大川工業株式会社,兵庫県,姫路市,御国野町御着１８１番地の１８,6710232
6140001058092,大阪屋ランドリー株式会社,兵庫県,姫路市,飾磨区中島２７４０番地,6728035
6140001058101,株式会社大塚殖産,兵庫県,姫路市,飾磨区構３丁目４７６番地,6728071
6140001058118,株式会社鳳建設,兵庫県,姫路市,佃町５３番地,6728049
6140001058126,株式会社大橋自動車,兵庫県,姫路市,花田町加納原田３３５番地,6710252
6140001058134,オオモリ工業株式会社,兵庫県,姫路市,砥堀８１番地５,6700802
6140001058142,株式会社プレビュー,兵庫県,姫路市,新在家２丁目５番８,6700095
6140001058150,株式会社岡田商会,兵庫県,姫路市,広畑区大町１丁目２１番２,6711155
6140001058159,岡野食品ホールディングス株式会社,兵庫県,姫路市,御国野町国分寺３９１番地,6710234
6140001058167,岡本海洋建設株式会社,兵庫県,姫路市,広畑区高浜町３丁目７８番地,6711153
6140001058175,岡村ゼミナール株式会社,兵庫県,姫路市,北八代１丁目７番２号,6700877
6140001058183,株式会社西岡商店,兵庫県,姫路市,久保町８１番地,6700916
6140001058191,尾上工業株式会社,兵庫県,姫路市,古二階町９番地,6700936
6140001058200,株式会社オフィスジュン,兵庫県,姫路市,神子岡前１丁目９番４１号３Ｆ　３０１号,6700055
6140001058209,ジホーキ株式会社,兵庫県,姫路市,大津区天神町１丁目４７−１１,6711131
6140001058217,開成工業株式会社,兵庫県,姫路市,阿保甲８０１番地１,6700944
6140001058233,株式会社カジ,兵庫県,姫路市,大津区新町２丁目５７番地,6711135
6140001058241,株式会社関西ガーデン,兵庫県,姫路市,北条永良町６１番地,6700946
6140001058258,株式会社関西自動車教習所,兵庫県,姫路市,仁豊野五丁目５２０番地,6700801
6140001058266,関西電装機器株式会社,兵庫県,姫路市,花田町一本松字川原田１７２番地の１,6710253
6140001058274,株式会社関西プラント建設,兵庫県,姫路市,大津区勘兵衛町１丁目１０１番地,6711132
6140001058282,株式会社関西リッケン,兵庫県,姫路市,飾磨区今在家６４７番地１,6728079
6140001058290,株式会社シイバス,兵庫県,姫路市,飾磨区英賀春日町２丁目３１番地の３,6728092
6140001058299,株式会社梶間商店,兵庫県,姫路市,井ノ口２０７番地の８,6700983
6140001058316,株式会社加藤製作所,兵庫県,姫路市,白浜町宇佐崎南１丁目４３番地,6728022
6140001058332,株式会社桂スチール,兵庫県,姫路市,久保町１６５番地,6700916
6140001058340,カネイチ株式会社,兵庫県,姫路市,飾磨区英賀西町１丁目６１番地２,6728088
6140001058349,株式会社金沢土地,兵庫県,姫路市,飾磨区中浜町３丁目９５番地の１,6728085
6140001058357,兼姫工業株式会社,兵庫県,姫路市,別所町家具町１２６番地の４,6710225
6140001058365,構井建設株式会社,兵庫県,姫路市,御国野町深志野８００番地の１６,6710231
6140001058373,株式会社神畑,兵庫県,姫路市,南町９番地,6700912
6140001058381,株式会社加山新聞舖,兵庫県,姫路市,御立西２丁目７番１３号,6700074
6140001058398,川陶株式会社,兵庫県,姫路市,保城３３５番地１,6700804
6140001058407,川端商事株式会社,兵庫県,姫路市,東辻井２丁目９番１５号,6700084
6140001058431,株式会社技研サービス,兵庫県,姫路市,広畑区正門通４丁目１０番地の８,6711116
6140001058448,近畿ビルド株式会社,兵庫県,姫路市,片田町１２番地,6700045
6140001058456,岸本工業株式会社,兵庫県,姫路市,飾東町八重畑５５８番地の１,6710208
6140001058464,株式会社北川土建,兵庫県,姫路市,町田２５３番地,6712217
6140001058472,北野運輸株式会社,兵庫県,姫路市,神屋町３丁目３７番地の４,6700836
6140001058480,株式会社書写,兵庫県,姫路市,書写１０１９番地の４,6712201
6140001058489,株式会社北村商店,兵庫県,姫路市,延末２９５番地姫路中央卸売市場内,6700966
6140001058497,絹川建工株式会社,兵庫県,姫路市,飾磨区中島２８７番地,6728035
6140001058506,木原産業株式会社,兵庫県,姫路市,的形町的形１２２９番地の１,6710111
6140001058522,株式会社共栄産業,兵庫県,姫路市,別所町別所２丁目１５２番地,6710221
6140001058530,京口乳業株式会社,兵庫県,姫路市,京口町１０６番地,6700851
6140001058539,協同建設株式会社,兵庫県,姫路市,白浜町乙７８０番地の１０,6728023
6140001058547,共和計器株式会社,兵庫県,姫路市,西庄甲２８９番地の４,6700981
6140001058555,共立瓦産業株式会社,兵庫県,姫路市,四郷町山脇１３２番地,6710248
6140001058563,旭陽化学工業株式会社,兵庫県,姫路市,網干区福井４５番地,6711225
6140001058571,株式会社清野商店,兵庫県,姫路市,福沢町２３番地,6700992
6140001058588,株式会社クマガワ,兵庫県,姫路市,飾磨区中島３４４３番地,6728035
6140001058605,株式会社グレート,兵庫県,姫路市,飾磨区野田町４０番地,6728040
6140001058621,株式会社黒河兄弟店,兵庫県,姫路市,阿保乙１５３番地,6700944
6140001058638,クロダ建材株式会社,兵庫県,姫路市,飾磨区今在家字近藤新田,6728079
6140001058646,クラフトジヤパン株式会社,兵庫県,姫路市,北条口２丁目６９番地,6700935
6140001058662,株式会社ケーエム商会,兵庫県,姫路市,青山西２丁目７番１６号,6712224
6140001058687,株式会社ケスハウス,兵庫県,姫路市,南条４２５番地,6700952
6140001058695,株式会社弘栄,兵庫県,姫路市,花田町上原田１１６番地１６,6710251
6140001058704,公益興産株式会社,兵庫県,姫路市,東駅前町３８番地,6700926
6140001058712,工芸フジオ株式会社,兵庫県,姫路市,飾東町八重畑３８５番地の３,6710208
6140001058737,株式会社興電社,兵庫県,姫路市,飾磨区中島１１９３番地の１,6728035
6140001058745,株式会社高野建工,兵庫県,姫路市,夢前町山冨１５番地５４,6712123
6140001058753,しらさぎ産業株式会社,兵庫県,姫路市,飾磨区妻鹿１６１０番地９,6728031
6140001058778,豪友交易株式会社,兵庫県,姫路市,北平野南の町３番２９号,6700887
6140001058786,向陽株式会社,兵庫県,姫路市,飾磨区山崎台８６番地,6728096
6140001058794,株式会社公和観光,兵庫県,姫路市,京口１０４番地,6700000
6140001058811,国土開発株式会社,兵庫県,姫路市,福沢町１４８番地,6700992
6140001058828,株式会社コンドウ,兵庫県,姫路市,大塩町５７９番地１３,6710101
6140001058836,株式会社ＮＯＡコーポレーション,兵庫県,姫路市,豊富町御蔭５００番地９３,6792122
6140001058844,寿製茶株式会社,兵庫県,姫路市,大野町７７番地の２,6700868
6140001058852,株式会社児玉地所,兵庫県,姫路市,北条永良町５０番地１,6700946
6140001058860,コンビ株式会社,兵庫県,姫路市,飾磨区天神５８番地,6728061
6140001058869,株式会社小林写真館,兵庫県,姫路市,京口町３０番地,6700851
6140001058877,株式会社駒,兵庫県,姫路市,駅前町２５１番地,6700927
6140001058902,株式会社山陽工作所,兵庫県,姫路市,広畑区大町２丁目３１番地の１,6711155
6140001058919,山陽シール工業株式会社,兵庫県,姫路市,砥堀４３８番地１,6700802
6140001058935,山陽特殊製鋼株式会社,兵庫県,姫路市,飾磨区中島字一文字３００７番地,6728035
6140001058951,株式会社山陽百貨店,兵庫県,姫路市,南町１番地,6700912
6140001058968,三栄建設株式会社,兵庫県,姫路市,南新在家２１番１２−６０８号,6700093
6140001058992,株式会社サンオブサンワールド,兵庫県,姫路市,御国野町御着７４５番地,6710232
6140001059000,株式会社サンコウ,兵庫県,姫路市,南条３丁目５番地,6700952
6140001059009,三光建設工業株式会社,兵庫県,姫路市,勝原区宮田５１９番地の５,6711213
6140001059017,株式会社三興商会,兵庫県,姫路市,立町２０番地,6700903
6140001059025,三恵電業株式会社,兵庫県,姫路市,飾磨区今在家７丁目４８番１号,6728079
6140001059033,坂上住設株式会社,兵庫県,姫路市,飾磨区城南町３丁目４６番地,6728083
6140001059041,株式会社サコタ,兵庫県,姫路市,辻井７丁目１６番３０号,6700083
6140001059058,三協工業株式会社,兵庫県,姫路市,飾磨区細江１８９コーポ楡１階１０１号,6728064
6140001059074,さくら交通株式会社,兵庫県,姫路市,飯田４５３番地の２,6700974
6140001059082,株式会社三創,兵庫県,姫路市,城東町京口台１４８番地,6700845
6140001059099,株式会社丸政,兵庫県,姫路市,大津区天満野田３５０番地,6711143
6140001059108,株式会社茶道具なるせ,兵庫県,姫路市,大野町１番地,6700868
6140001059116,山特工業株式会社,兵庫県,姫路市,飾磨区中島１６７６番地,6728035
6140001059149,株式会社ザム姫路,兵庫県,姫路市,本町２１３番地,6700012
6140001059157,株式会社サンワ,兵庫県,姫路市,飾磨区清水１３４番地,6728051
6140001059165,株式会社サンロイヤル,兵庫県,姫路市,余部区下余部３１４番地の３,6711261
6140001059173,株式会社さりげなく,兵庫県,姫路市,大善町７５番地,6700833
6140001059181,株式会社サラト,兵庫県,姫路市,北条宮の町１７２番地,6700948
6140001059198,アサヒ損保サービス株式会社,兵庫県,姫路市,白浜町乙２４番地の３,6728023
6140001059207,信栄運輸株式会社,兵庫県,姫路市,花田町勅旨字西川原４２６番地の８,6710254
6140001059223,株式会社新栄ビルサービス,兵庫県,姫路市,北条宮の町２１９番地,6700948
6140001059231,株式会社シーツー,兵庫県,姫路市,四郷町本郷２７８番地,6710243
6140001059248,神興海運株式会社,兵庫県,姫路市,広畑区大町１丁目４１番地,6711155
6140001059256,株式会社新興書房サービスセンター,兵庫県,姫路市,駅前町２６５番地,6700927
6140001059264,株式会社神姫空調サービス,兵庫県,姫路市,保城５７３番地の４,6700804
6140001059272,神姫Ｂｉｚプロデュース株式会社,兵庫県,姫路市,北条口１丁目１７番地,6700935
6140001059280,株式会社四季食品,兵庫県,姫路市,東延末４１９番地（ヤマサオフィスビル１Ｆ）,6700965
6140001059289,神姫バス株式会社,兵庫県,姫路市,北条口１丁目１７番地,6700935
6140001059297,飾磨建設株式会社,兵庫県,姫路市,飾磨区英賀清水町３丁目８７番地,6728084
6140001059306,株式会社シンセイ,兵庫県,姫路市,手柄字浜田３４６番地,6700972
6140001059322,株式会社システムクライアント,兵庫県,姫路市,広畑区才１０９６番地の１,6711104
6140001059330,株式会社信州家,兵庫県,姫路市,紺屋町９１番地,6700924
6140001059339,株式会社新日本興産,兵庫県,姫路市,辻井４丁目９番１０号,6700083
6140001059347,株式会社しのはら産業,兵庫県,姫路市,飾磨区妻鹿１７１０番地,6728031
6140001059355,柴原商事株式会社,兵庫県,姫路市,東辻井４丁目１０番２０号,6700084
6140001059371,シモザト鋼業株式会社,兵庫県,姫路市,三条町２丁目３８番地,6728041
6140001059388,株式会社カモダ米穀,兵庫県,姫路市,砥堀１７７番地の１,6700802
6140001059396,秀栄株式会社,兵庫県,姫路市,町田６１番地,6712217
6140001059413,株式会社十全会,兵庫県,姫路市,飾磨区玉地７５６番地の５,6728052
6140001059421,株式会社松南化成,兵庫県,姫路市,余部区下余部１１８番地の１,6711261
6140001059438,昭和地所株式会社,兵庫県,姫路市,安田４丁目３５番地,6700955
6140001059446,株式会社章和工務店,兵庫県,姫路市,飾磨区阿成鹿古７６６番地の２,6728038
6140001059462,株式会社殖豊,兵庫県,姫路市,西今宿１丁目１２番２０号,6700061
6140001059470,株式会社ジャパックス,兵庫県,姫路市,東延末１丁目１４８番地,6700965
6140001059487,シンワ建設株式会社,兵庫県,姫路市,大津区勘兵衛町２丁目２４６番４,6711132
6140001059504,株式会社白浜工業所,兵庫県,姫路市,白浜町甲５４７番地,6728023
6140001059512,日本東日商事株式会社,兵庫県,姫路市,飾東町八重畑５５３番地,6710208
6140001059520,株式会社スイム,兵庫県,姫路市,東延末３丁目５０姫路駅南マークビル１Ｆ,6700965
6140001059529,株式会社菅原商会,兵庫県,姫路市,北条梅原町５０番地,6700945
6140001059537,株式会社鈴木サービス工場,兵庫県,姫路市,砥堀１００３番地の３,6700802
6140001059553,株式会社住本鉄工所,兵庫県,姫路市,広畑区長町１丁目６３番地,6711125
6140001059561,株式会社セイコウ,兵庫県,姫路市,延末８６番地５,6700966
6140001059586,株式会社セイバー,兵庫県,姫路市,御国野町深志野９５０番地,6710231
6140001059603,西陽管工株式会社,兵庫県,姫路市,飾磨区阿成植木１１０９番地,6728030
6140001059611,誠和建材工業株式会社,兵庫県,姫路市,名古山町１２番２０号,6700051
6140001059628,株式会社前後前,兵庫県,姫路市,南条１丁目１２６番地,6700952
6140001059636,瀬戸内海苔株式会社,兵庫県,姫路市,福沢町１６８番地,6700992
6140001059644,妹尾印刷株式会社,兵庫県,姫路市,西今宿１丁目２番２０号,6700061
6140001059652,株式会社セフティーニジュウヨン,兵庫県,姫路市,阿保甲４５９番地３,6700944
6140001059677,相交ライフ株式会社,兵庫県,姫路市,阿保甲６３６番地の１,6700944
6140001059685,双商株式会社,兵庫県,姫路市,飾磨区中島字相生梅２１７２番地の１,6728035
6140001059693,株式会社ソネヤ,兵庫県,姫路市,南畝町１丁目３３番地,6700961
6140001059702,株式会社大栄興産,兵庫県,姫路市,四郷町見野７４５番地,6710244
6140001059710,第一交通株式会社,兵庫県,姫路市,飾磨区妻鹿喜多町８６７番地,6728031
6140001059719,名城酒造株式会社,兵庫県,姫路市,豊富町豊富２２２２番地の５,6792123
6140001059727,ダイアナ商事株式会社,兵庫県,姫路市,砥堀６４５番地の１,6700802
6140001059735,株式会社ＭＯＶＥＭＥＮＴ,兵庫県,姫路市,東辻井４丁目２番４３号,6700084
6140001059743,大姫技建株式会社,兵庫県,姫路市,飾東町豊国１０２６番地,6710219
6140001059751,大姫産業株式会社,兵庫県,姫路市,町田８番地,6712217
6140001059768,株式会社大成計算センター,兵庫県,姫路市,本町６８番地の１７０,6700012
6140001059776,大聖商事株式会社,兵庫県,姫路市,大津区天神町１丁目１８番地の２,6711131
6140001059784,株式会社太子産業,兵庫県,姫路市,上手野２５８番地の１,6700065
6140001059801,株式会社大登工業,兵庫県,姫路市,余部区上余部６番地７,6711262
6140001059818,高島工業株式会社,兵庫県,姫路市,飾磨区上野田２丁目４９番地,6728043
6140001059826,大日建設株式会社,兵庫県,姫路市,花田町高木１６６番地１,6710256
6140001059842,大御幸ビル株式会社,兵庫県,姫路市,駅前町２６７番地,6700927
6140001059850,大洋産業株式会社,兵庫県,姫路市,白浜町宇佐崎中１丁目２００番地,6728021
6140001059859,株式会社ダイヤモンドストーン,兵庫県,姫路市,御国野町御着９８５番地２,6710232
6140001059867,大和開発株式会社,兵庫県,姫路市,飾磨区阿成２４番地３,6728037
6140001059875,大和産業株式会社,兵庫県,姫路市,網干区新在家３３４番地,6711234
6140001059891,株式会社高岡温泉満月城,兵庫県,姫路市,福沢町１４８番地,6700992
6140001059900,株式会社竹内酒店,兵庫県,姫路市,大津区天神町２丁目７４番地の１,6711131
6140001059909,タケキタムセン株式会社,兵庫県,姫路市,飾磨区玉地１丁目５１番地,6728052
6140001059917,株式会社タカタ,兵庫県,姫路市,福沢町４７番地,6700992
6140001059925,株式会社高田事務所,兵庫県,姫路市,御国野町国分寺１４０番地,6710234
6140001059933,竹中商工株式会社,兵庫県,姫路市,西延末１６８番地の１,6700971
6140001059941,株式会社タカハシ産業,兵庫県,姫路市,豊富町豊富３９０４番地の２０,6792123
6140001059958,株式会社高本商店,兵庫県,姫路市,西夢前台２丁目５８番地,6712214
6140001059966,高山建設株式会社,兵庫県,姫路市,大津区平松１５７番地,6711145
6140001059974,但馬工業株式会社,兵庫県,姫路市,御立中６丁目２番１０号,6700073
6140001059982,たつかわ株式会社,兵庫県,姫路市,東延末２丁目１５８番地,6700965
6140001059990,田中燐寸株式会社,兵庫県,姫路市,飾磨区加茂南８０４番地３,6728069
6140001059999,株式会社たぢま屋,兵庫県,姫路市,山吹１丁目２番４１号,6700085
6140001060008,株式会社田中クツシタ,兵庫県,姫路市,別所町北宿９６９番地の１,6710223
6140001060016,田靡製麺株式会社,兵庫県,姫路市,八代本町１丁目１０番２３号,6700874
6140001060024,玉越工業株式会社,兵庫県,姫路市,林田町林谷８０６番地,6794221
6140001060040,株式会社ダルマヤ,兵庫県,姫路市,琴岡町２８９番地の３,6700035
6140001060057,中央ホンダ販売株式会社,兵庫県,姫路市,西庄１０９番地,6700981
6140001060073,株式会社ちろりん村,兵庫県,姫路市,城東町９０番地の１５,6700841
6140001060081,株式会社辻一平商店,兵庫県,姫路市,白銀町４３番地,6700902
6140001060098,株式会社綱嶋工業所,兵庫県,姫路市,宮上町２丁目３８番地,6700823
6140001060107,坪田糸株式会社,兵庫県,姫路市,古二階町９８番地,6700936
6140001060123,株式会社ディーワン,兵庫県,姫路市,勝原区丁２２１番地の６,6711203
6140001060156,株式会社出水清商店,兵庫県,姫路市,千代田町７２５番地１,6700993
6140001060164,株式会社寺尾製粉所,兵庫県,姫路市,福本町１５番地,6700004
6140001060172,アルファアディション株式会社,兵庫県,姫路市,御国野町御着４４８番地,6710232
6140001060180,東亜商事株式会社,兵庫県,姫路市,広畑区吾妻町１丁目６８番地,6711154
6140001060197,株式会社東神観光,兵庫県,姫路市,広畑区鶴町１丁目４８番地１,6711124
6140001060222,東洋経済調査株式会社,兵庫県,姫路市,五軒邸４丁目８４番地,6700854
6140001060230,東洋総合設備株式会社,兵庫県,姫路市,別所町別所４丁目７７番地,6710221
6140001060239,トーヨーハウジング株式会社,兵庫県,姫路市,中地南町１４４,6700975
6140001060247,東洋冷機株式会社,兵庫県,姫路市,砥堀１０８７番地,6700802
6140001060255,常盤工業株式会社,兵庫県,姫路市,白浜町甲５６２番地,6728023
6140001060288,株式会社富山商店,兵庫県,姫路市,飾磨区上野田２丁目６３番地,6728043
6140001060305,株式会社内藤広告社,兵庫県,姫路市,本町６８番地,6700012
6140001060313,株式会社永岡組,兵庫県,姫路市,網干区垣内南町１８６２番地の９,6711255
6140001060321,中一魚株式会社,兵庫県,姫路市,飾磨区須加２０１番地,6728063
6140001060346,株式会社中島産業,兵庫県,姫路市,飾東町塩崎４２８番地,6710211
6140001060354,株式会社中塚小児車工業所,兵庫県,姫路市,小姓町９２番地,6700043
6140001060362,長田電設工業株式会社,兵庫県,姫路市,広畑区東夢前台４丁目１０９番地,6711101
6140001060370,中野工業株式会社,兵庫県,姫路市,広畑区東新町２丁目７８番地,6711121
6140001060387,株式会社ナカムラ,兵庫県,姫路市,国府寺町７２番地,6700852
6140001060395,中安工業株式会社,兵庫県,姫路市,飾磨区中島９５０番地,6728035
6140001060404,株式会社名定工作所,兵庫県,姫路市,西今宿１丁目１１番２０号,6700061
6140001060420,株式会社並木,兵庫県,姫路市,東延末１丁目７９番地,6700965
6140001060429,株式会社なるみハウジング,兵庫県,姫路市,玉手１丁目１５３番地,6700985
6140001060437,株式会社ニシオ,兵庫県,姫路市,網干区垣内西町２１００番地,6711256
6140001060461,株式会社西嶋工務店,兵庫県,姫路市,大津区天神町２丁目７３番地の５,6711131
6140001060478,株式会社西原建設,兵庫県,姫路市,飾磨区中野田４丁目３８番地,6728045
6140001060486,株式会社西松屋チェーン,兵庫県,姫路市,飾東町庄２６６番地の１,6710218
6140001060494,株式会社ニチエイ興商,兵庫県,姫路市,野里２９４番地１,6700811
6140001060503,株式会社日鋼スチール,兵庫県,姫路市,大津区勘兵衛町１丁目８７番地７,6711132
6140001060511,株式会社日建住宅,兵庫県,姫路市,山吹１丁目１１番４３号,6700085
6140001060528,株式会社日新ガス,兵庫県,姫路市,八家１３０３番地,6728015
6140001060544,日東総業株式会社,兵庫県,姫路市,大津区真砂町１３０番地,6711134
6140001060552,日拓電設工業株式会社,兵庫県,姫路市,北条梅原町６０−２,6700945
6140001060560,ニッポウ興産株式会社,兵庫県,姫路市,飾磨区野田町１５７番地２,6728040
6140001060569,日産チエリー姫路東販売株式会社,兵庫県,姫路市,飾東町豊国３６番地の１,6710219
6140001060577,日本セラム株式会社,兵庫県,姫路市,延末４６６番地,6700966
6140001060585,日本ナツト株式会社,兵庫県,姫路市,白浜町甲７７０番地,6728023
6140001060593,日輪機工株式会社,兵庫県,姫路市,別所町佐土１１１８番地,6710224
6140001060602,株式会社アートビジネスコンサルティング,兵庫県,姫路市,飾磨区三宅１丁目１９２番地,6728048
6140001060610,株式会社ネオ,兵庫県,姫路市,南条１丁目４０番地,6700952
6140001060619,株式会社のしや,兵庫県,姫路市,古二階町１１５番地,6700936
6140001060627,株式会社野間商店,兵庫県,姫路市,本町１３４番地,6700012
6140001060643,ハイデッキ株式会社,兵庫県,姫路市,広畑区大町１丁目６７番地,6711155
6140001060651,株式会社ハクエイ工業,兵庫県,姫路市,飾東町八重畑５８３番地２５,6710208
6140001060668,ハクロ機械設計株式会社,兵庫県,姫路市,本町１７５番地（開発ビル４階）,6700012
6140001060676,株式会社ハクロ設備,兵庫県,姫路市,別所町別所３丁目２０２番地,6710221
6140001060684,白鷺ニット工業株式会社,兵庫県,姫路市,東延末３丁目１２番地,6700965
6140001060692,株式会社播石,兵庫県,姫路市,大津区恵美酒町２丁目８１番地,6711136
6140001060701,西川建材株式会社,兵庫県,姫路市,南条３丁目１１０番地の１,6700952
6140001060718,播州基礎興業株式会社,兵庫県,姫路市,北条４３２番地の２,6700947
6140001060734,播州メリヤス株式会社,兵庫県,姫路市,古二階町１２３番地,6700936
6140001060742,畑崎建設株式会社,兵庫県,姫路市,伊伝居４８３番地,6700871
6140001060750,播調運輸株式会社,兵庫県,姫路市,野里９４７番地,6700811
6140001060759,株式会社英製帽所,兵庫県,姫路市,河間町４９番地,6700001
6140001060767,濱熊蒲鉾株式会社,兵庫県,姫路市,飾磨区妻鹿９９４番地,6728031
6140001060775,株式会社浜田自工,兵庫県,姫路市,白浜町甲９１２番地１７,6728023
6140001060783,濱中ナツト株式会社,兵庫県,姫路市,白浜町甲７７０番地,6728023
6140001060791,播陽証券株式会社,兵庫県,姫路市,亀井町５３番地,6700925
6140001060800,林田ガス株式会社,兵庫県,姫路市,林田町新町１１８５番地,6794205
6140001060809,春木商店株式会社,兵庫県,姫路市,今宿１５７７番地,6700052
6140001060817,株式会社ハリックス,兵庫県,姫路市,宮上町１丁目１１８番地,6700823
6140001060833,ハリマ工業株式会社,兵庫県,姫路市,神子岡前３丁目１１番７号,6700055
6140001060841,播磨コンクリート工業株式会社,兵庫県,姫路市,木場十八反町２０番地,6728017
6140001060858,播磨地質開發株式会社,兵庫県,姫路市,城北新町１丁目８番２５号,6700883
6140001060866,播磨プレスコート株式会社,兵庫県,姫路市,白浜町甲４０２番地,6728023
6140001060890,姫路エレベーター販売株式会社,兵庫県,姫路市,坂田町３６番地,6700931
6140001060899,株式会社姫路交通公園,兵庫県,姫路市,町田９７番地,6712217
6140001060908,ランドサット測量株式会社,兵庫県,姫路市,東延末３丁目１８番地,6700965
6140001060932,姫路再開発ビル株式会社,兵庫県,姫路市,西駅前町８８番地,6700913
6140001060940,株式会社姫路サンキ,兵庫県,姫路市,飾東町塩崎５２１番地,6710211
6140001060981,株式会社ビック・ワーク,兵庫県,姫路市,青山西５丁目１番２１号,6712224
6140001060998,姫路トラツク運輸株式会社,兵庫県,姫路市,広畑区才５８９番地の７,6711104
6140001061006,姫路ナブコ株式会社,兵庫県,姫路市,飾磨区三宅１丁目７４番地,6728048
6140001061014,株式会社姫路ポートセンター,兵庫県,姫路市,飾磨区須加２９４番地,6728063
6140001061030,姫路木管工業株式会社,兵庫県,姫路市,大善町２４番地,6700833
6140001061047,株式会社姫路リアルティー,兵庫県,姫路市,南条字高田４２５番地Ｒビル,6700952
6140001061055,姫路糧食株式会社,兵庫県,姫路市,別所町佐土３丁目９番地,6710224
6140001061096,日の丸運輸株式会社,兵庫県,姫路市,白浜町宇佐崎南１丁目６５番地１,6728022
6140001061105,株式会社姫科エンジニアリング,兵庫県,姫路市,手柄２丁目１２１番地,6700972
6140001061113,姫信ビジネスサービス株式会社,兵庫県,姫路市,十二所前町１０５番地,6700911
6140001061138,兵庫県観光事業株式会社,兵庫県,姫路市,魚町１１２番地,6700905
6140001061146,兵庫製紙株式会社,兵庫県,姫路市,豊富町豊富２２８８番地,6792123
6140001061154,兵庫セフティ株式会社,兵庫県,姫路市,井ノ口３９６番地の８,6700983
6140001061162,兵庫断熱株式会社,兵庫県,姫路市,大津区新町２丁目２２番地の１,6711135
6140001061170,株式会社兵庫分析センター,兵庫県,姫路市,広畑区正門通４丁目１０番地の８,6711116
6140001061187,株式会社瓢たん,兵庫県,姫路市,駅前町２５１番地,6700927
6140001061195,株式会社平井工業,兵庫県,姫路市,飾磨区中島３１８番地の１,6728035
6140001061212,株式会社平島鉄工所,兵庫県,姫路市,網干区浜田１６０５番地の２,6711242
6140001061229,平錦建設株式会社,兵庫県,姫路市,下寺町１０１番地,6700932
6140001061237,広畑鋼板工業株式会社,兵庫県,姫路市,広畑区正門通４丁目９番地の６,6711116
6140001061245,広畑石油株式会社,兵庫県,姫路市,広畑区長町２丁目１３１番地,6711125
6140001061253,窪商物流株式会社,兵庫県,姫路市,広畑区蒲田１丁目７番地,6711102
6140001061261,株式会社廣屋羅紗店,兵庫県,姫路市,北条口２丁目２３番地,6700935
6140001061278,株式会社福栄商会,兵庫県,姫路市,木場１４２０番地,6728016
6140001061286,株式会社福井室内装備,兵庫県,姫路市,北平野３丁目４番３２号,6700893
6140001061294,株式会社福崎商店,兵庫県,姫路市,広畑区西蒲田３５２番地,6711107
6140001061328,福本製パン株式会社,兵庫県,姫路市,西延末７番地の１,6700971
6140001061352,株式会社ふじい百貨,兵庫県,姫路市,網干区新在家１２９６番地の１,6711234
6140001061360,富士機工株式会社,兵庫県,姫路市,広畑区東新町３丁目１１９番地の１,6711121
6140001061369,富士製罐株式会社,兵庫県,姫路市,飾磨区今在家１１４２番地,6728079
6140001061377,株式会社富士商会,兵庫県,姫路市,福沢町８２番地,6700992
6140001061385,富士タクシー株式会社,兵庫県,姫路市,広畑区吾妻町１丁目３４番地,6711154
6140001061393,株式会社冨貴,兵庫県,姫路市,忍町８７番地,6700917
6140001061410,株式会社フジユニオン,兵庫県,姫路市,花影町１丁目４番地,6700047
6140001061419,株式会社武徳,兵庫県,姫路市,古二階町１１０番地,6700936
6140001061427,船木運送株式会社,兵庫県,姫路市,白浜町宇佐崎北２丁目２８１番地の７,6728013
6140001061435,株式会社フリード,兵庫県,姫路市,城見台２丁目１１１１番地の２２４,6700803
6140001061443,株式会社ディライズ,兵庫県,姫路市,飾磨区細江１６０番地６,6728064
6140001061468,ベストウツド工業株式会社,兵庫県,姫路市,山田町多田３０６番地,6792111
6140001061476,株式会社ペルゴ,兵庫県,姫路市,中地１８８番地の１,6700976
6140001061492,坊垣測量建設株式会社,兵庫県,姫路市,林田町上伊勢１１３６番地の１８,6794232
6140001061518,株式会社北条組,兵庫県,姫路市,大津区勘兵衛町１丁目１０９番地,6711132
6140001061526,株式会社本山成,兵庫県,姫路市,南駅前町９４番地,6700962
6140001061542,株式会社本田商店,兵庫県,姫路市,網干区高田３６１番地の１,6711226
6140001061550,株式会社本町パーキング,兵庫県,姫路市,東雲町６丁目３番地３,6700046
6140001061559,株式会社堀建築設計事務所,兵庫県,姫路市,南畝町１丁目６１番地永井ビル３階,6700961
6140001061567,前川設備工業株式会社,兵庫県,姫路市,書写１２８０番地の１,6712201
6140001061575,株式会社マインド・サービス,兵庫県,姫路市,神子岡前１丁目１１番１１号,6700055
6140001061583,株式会社毎日舍蓄音器店,兵庫県,姫路市,駅前町２５７番地,6700927
6140001061591,株式会社マキ,兵庫県,姫路市,安田４丁目４９番地,6700955
6140001061600,巻野工業株式会社,兵庫県,姫路市,飾磨区英賀宮町２丁目１０２番地,6728080
6140001061609,株式会社正徳,兵庫県,姫路市,白浜町甲１９２０番地２７,6728023
6140001061617,株式会社まさみ建設,兵庫県,姫路市,大塩町１２６番地４,6710101
6140001061625,株式会社松岡化成,兵庫県,姫路市,四郷町本郷３１６番地の１,6710243
6140001061633,松尾電子機器株式会社,兵庫県,姫路市,西庄甲３０５番地の８,6700981
6140001061641,松崎建設株式会社,兵庫県,姫路市,庄田１８５番地の１,6700951
6140001061666,株式会社松本グラビア,兵庫県,姫路市,豊富町神谷８８３番地,6792121
6140001061674,株式会社舞フーズ田中,兵庫県,姫路市,三左衛門堀東の町１番地,6700949
6140001061682,株式会社丸尾計画事務所,兵庫県,姫路市,小姓町１６番地,6700043
6140001061690,マルイ鍍金工業株式会社,兵庫県,姫路市,白浜町甲４０２番地,6728023
6140001061699,丸嘉木材株式会社,兵庫県,姫路市,幸町９８番地,6700835
6140001061708,シェルビーフーズ株式会社,兵庫県,姫路市,網干区興浜２０９３番地の１３３,6711241
6140001061716,株式会社マルジョーアンドウエフク,兵庫県,姫路市,花田町小川５４０番地,6710255
6140001061724,丸龍食品工業株式会社,兵庫県,姫路市,飾磨区細江２００３番地,6728064
6140001061749,丸義繊維株式会社,兵庫県,姫路市,藤ケ台１番１５号,6700066
6140001061757,株式会社三浦商店,兵庫県,姫路市,網干区垣内南町１５１２番地,6711255
6140001061765,三木化学工業株式会社,兵庫県,姫路市,広畑区蒲田５丁目２１０番地,6711102
6140001061773,株式会社みき正,兵庫県,姫路市,西二階町６番地,6700901
6140001061781,御国商事株式会社,兵庫県,姫路市,御国野町国分寺１０１番地,6710234
6140001061798,水田商事株式会社,兵庫県,姫路市,二階町８４番地,6700922
6140001061807,三井紙工株式会社,兵庫県,姫路市,花田町勅旨４２６番地の１２,6710254
6140001061823,株式会社美津和電器商会,兵庫県,姫路市,本町６８番地,6700012
6140001061831,株式会社ミノル土地,兵庫県,姫路市,東延末５丁目７４手柄ビル,6700965
6140001061848,宮下設備産業株式会社,兵庫県,姫路市,兼田５２９番地の１,6728001
6140001061856,株式会社雅建設,兵庫県,姫路市,飾磨区妻鹿東海町７４番地,6728032
6140001061880,村井製菓株式会社,兵庫県,姫路市,小利木町１番地,6700022
6140001061889,株式会社室田製作所,兵庫県,姫路市,飾磨区玉地７７５番地,6728052
6140001061897,株式会社明功ビル,兵庫県,姫路市,四郷町見野１０６９番地１,6710244
6140001061906,株式会社明城製作所,兵庫県,姫路市,西今宿１丁目１１番５５号,6700061
6140001061914,株式会社メール,兵庫県,姫路市,中地３６３番地の１,6700976
6140001061922,株式会社恵精機,兵庫県,姫路市,花田町勅旨４２６番地の１１,6710254
6140001061939,毛利木材株式会社,兵庫県,姫路市,飾磨区今在家１０７３番地,6728079
6140001061947,望月海運株式会社,兵庫県,姫路市,飾磨区須加２６１番地,6728063
6140001061955,森興業株式会社,兵庫県,姫路市,幸町１９５番地２,6700835
6140001061963,株式会社モリシン,兵庫県,姫路市,田寺東４丁目１３番１０号,6700081
6140001061971,森山美術印刷株式会社,兵庫県,姫路市,坂元町６０番地,6700016
6140001061988,ヤヱガキ酒造株式会社,兵庫県,姫路市,林田町六九谷６８１番地,6794211
6140001061996,株式会社八木建築設計事務所,兵庫県,姫路市,岡町２５番地,6700026
6140001062012,柳生商事株式会社,兵庫県,姫路市,白国３丁目１６番３号,6700808
6140001062020,ヤスダ産業株式会社,兵庫県,姫路市,白浜町甲８４１番地の３４,6728023
6140001062029,株式会社安原商店,兵庫県,姫路市,飾磨区阿成鹿古３８３番地,6728038
6140001062037,八橋プレハブ株式会社,兵庫県,姫路市,白浜町宇佐崎北２丁目１７２番地,6728013
6140001062045,柳原眼鏡株式会社,兵庫県,姫路市,北条口３丁目８６,6700935
6140001062053,ヤマイチ建設株式会社,兵庫県,姫路市,飾磨区中島８０４番地の１,6728035
6140001062061,株式会社山口運送,兵庫県,姫路市,保城１１５１番地の５,6700804
6140001062086,株式会社ヤマショー,兵庫県,姫路市,安田４丁目４８番地の１,6700955
6140001062103,大和商事株式会社,兵庫県,姫路市,大津区吉美３８０番地,6711133
6140001062128,株式会社山根建設,兵庫県,姫路市,広畑区小松町３丁目８２番地,6711152
6140001062136,山本建設株式会社,兵庫県,姫路市,花影町４丁目９番地,6700047
6140001062144,株式会社山本塗装店,兵庫県,姫路市,中地６２６番地,6700976
6140001062152,山本ワイ建設株式会社,兵庫県,姫路市,手柄３６番地の１,6700972
6140001062160,ヤヨイ建設株式会社,兵庫県,姫路市,青山３丁目１０番２号,6712222
6140001062169,祐本医科器械株式会社,兵庫県,姫路市,呉服町７番地,6700923
6140001062193,横田ガス株式会社,兵庫県,姫路市,飾磨区恵美酒１４７番地,6728057
6140001062202,株式会社ヨコヤマ,兵庫県,姫路市,西二階町２０番地,6700901
6140001062210,錦メンテナンス株式会社,兵庫県,姫路市,白浜町甲２４８２番地,6728023
6140001062219,株式会社吉野畳店,兵庫県,姫路市,大黒壱丁町５１番地,6700853
6140001062227,よのもと観光株式会社,兵庫県,姫路市,広畑区才３２２番地の１１,6711104
6140001062235,株式会社メモリアル,兵庫県,姫路市,古二階町１４５番地,6700936
6140001062243,株式会社ワークス・ワン,兵庫県,姫路市,広畑区鶴町２丁目２５番地,6711124
6140001062251,ライフ・ガード株式会社,兵庫県,姫路市,三左衛門堀西の町５１番地,6700940
6140001062268,株式会社和光製作所,兵庫県,姫路市,大津区勘兵衛町１丁目１５８番地４,6711132
6140001062276,株式会社若松蒲鉾,兵庫県,姫路市,飾磨区妻鹿８７１番地の１,6728031
6140001062284,株式会社ラディッシュ,兵庫県,姫路市,田寺８丁目１３番地４７,6700086
6140001062292,株式会社わたなべ美容院,兵庫県,姫路市,御国野町国分寺５３６番地の２,6710234
6140001062301,リアルホーム株式会社,兵庫県,姫路市,田寺６１８番地３,
6140001062318,リフリート株式会社,兵庫県,姫路市,土山東の町２−１０,6700995
6140001062334,株式会社ルクス,兵庫県,姫路市,豊富町御蔭７０３番地,6792122
6140001062342,株式会社飛鳥コーポレーション,兵庫県,姫路市,辻井５丁目９番９号,6700083
6140001062359,株式会社アイキャッチ,兵庫県,姫路市,夢前町前之庄１４１２番地,6712103
6140001062367,株式会社上山旅館,兵庫県,姫路市,夢前町塩田２８７番地,6712112
6140001062375,株式会社カネヒロ,兵庫県,姫路市,夢前町寺１６０２番地の１,6712116
6140001062383,恒和興産株式会社,兵庫県,姫路市,夢前町護持１３６４番地の７５７,6712136
6140001062391,株式会社夢クリーン,兵庫県,姫路市,夢前町寺２０９８番地３１,6712116
6140001062400,株式会社タケデン,兵庫県,姫路市,夢前町莇野１２２番地,6712106
6140001062417,株式会社西尾鉄工所,兵庫県,姫路市,西新在家３丁目１４番８号,6700096
6140001062425,株式会社姫路グリーン建設,兵庫県,姫路市,夢前町寺１３３番地の１,6712116
6140001062433,株式会社藤原建設,兵庫県,姫路市,夢前町山之内戊１３２番地の２,6712101
6140001062441,道岡建設株式会社,兵庫県,姫路市,夢前町前之庄３８３８番地,6712103
6140001062458,夢前急送株式会社,兵庫県,姫路市,夢前町前之庄３０１６番地１,6712103
6140001062474,瑛徳建設海運株式会社,兵庫県,姫路市,家島町真浦４９番地の１,6720101
6140001062482,金栄海運株式会社,兵庫県,姫路市,家島町真浦６１０番地,6720101
6140001062490,高速いえしま株式会社,兵庫県,姫路市,家島町真浦５７１番地,6720101
6140001062499,株式会社新大野造船所,兵庫県,姫路市,家島町宮９２６番地,6720102
6140001062524,日伸海運株式会社,兵庫県,姫路市,家島町真浦２９１番地,6720101
6140001062540,芳成建設工業株式会社,兵庫県,姫路市,家島町真浦２１５１番地の７,6720101
6140001062549,松島砕石工業株式会社,兵庫県,姫路市,家島町宮２１６５番地の７,6720102
6140001062557,山下採石工業株式会社,兵庫県,姫路市,家島町宮２１６５番地の９,6720102
6140001062565,姫路自動車学校株式会社,兵庫県,姫路市,飾磨区恵美酒１０８番地,6728057
6140001062573,株式会社サン・エイド,兵庫県,姫路市,西新在家２丁目３番４号,6700096
6140001062581,株式会社北技建,兵庫県,姫路市,飾磨区清水１２２番地,6728051
6140001062607,株式会社ビジョンクエスト,兵庫県,姫路市,古二階町８０番地,6700936
6140001062615,加藤電気株式会社,兵庫県,姫路市,飾磨区妻鹿東海町１番地の１１,6728032
6140001062623,勇紀建設工業株式会社,兵庫県,姫路市,飾磨区妻鹿１３６９番地,6728031
6140001062631,姫路電子株式会社,兵庫県,姫路市,白浜町乙３４１番地,6728023
6140001062656,株式会社ウイキャン,兵庫県,姫路市,中地４３１番４,6700976
6140001062672,株式会社ユーアイファーマシー,兵庫県,姫路市,南駅前町１００番姫路パラシオ第２ビル３Ｆ,6700962
6140001062680,株式会社フューチャープラン,兵庫県,姫路市,坂元町１２２番地,6700016
6140001062689,株式会社辰巳屋,兵庫県,姫路市,白浜町宇佐崎南２丁目６４番地,6728022
6140001062697,株式会社ＤＳ,兵庫県,姫路市,御立中４丁目１４番７号,6700073
6140001062714,株式会社黒岩,兵庫県,姫路市,青山北３丁目２８番３３号,6712221
6140001062730,株式会社夢創,兵庫県,姫路市,安田１丁目５番地クレヨンビル８０３,6700955
6140001062739,株式会社ダイン,兵庫県,姫路市,大津区新町１丁目７８番地の２,6711135
6140001062747,株式会社ビューズ,兵庫県,姫路市,南新在家１９番２３号,6700093
6140001062771,株式会社金田製革所,兵庫県,姫路市,御国野町西御着６１２番地,6710233
6140001062788,株式会社秋,兵庫県,姫路市,南今宿８番３０号,6700054
6140001063092,株式会社西日本ファーム,兵庫県,姫路市,林田町下伊勢４２６番地,6794233
6140001063225,株式会社引越家マック,兵庫県,姫路市,飾磨区下野田１丁目１２８番地,6728044
6140001063290,株式会社シーエムアイ,兵庫県,姫路市,飾磨区中島４９８番地,6728035
6140001063308,株式会社アイ・エス・ケイ,兵庫県,姫路市,香寺町中仁野２６１番地の２,6792143
6140001063316,市川特殊鋼株式会社,兵庫県,姫路市,香寺町恒屋１５３０番地,6792165
6140001063324,株式会社岩本建設,兵庫県,姫路市,香寺町田野１０４４番地の３４,6792153
6140001063332,株式会社岩井組,兵庫県,姫路市,香寺町須加院字南保喜６番地４,6792132
6140001063456,サンエス工業株式会社,兵庫県,姫路市,飾磨区恵美酒２５０番地５,6728057
6140001063514,株式会社デービー精工,兵庫県,姫路市,香寺町溝口字蔵の前１１２７番地,6792161
6140001063588,株式会社藤尾木工,兵庫県,姫路市,香寺町香呂５９１番地,6792151
6140001063596,プラスワン株式会社,兵庫県,姫路市,香寺町中仁野２６１番地の８,6792143
6140001063670,株式会社ヤスイセラミックス甍,兵庫県,姫路市,香寺町土師７５６番地１,6792163
6140001063695,株式会社Ｍカンパニー,兵庫県,姫路市,北今宿１丁目７番２６号,6700057
6140001063712,株式会社三東,兵庫県,姫路市,大津区天神町１丁目４番地１,6711131
6140001063720,江間忠ウッドベース姫路株式会社,兵庫県,姫路市,網干区浜田１５９０番地,6711242
6140001063729,株式会社実力派家庭教師,兵庫県,姫路市,河間町３８番地２,6700001
6140001063737,株式会社アクエス,兵庫県,姫路市,飾磨区構４丁目１３７番地１,6728071
6140001063745,株式会社エアーテック,兵庫県,姫路市,北条梅原町１５４番地,6700945
6140001063753,株式会社ケー・キャップス,兵庫県,姫路市,御立中５丁目４番８号,6700073
6140001063761,株式会社Ｐ・Ｘ,兵庫県,姫路市,宮西町２丁目２番地の２,6700837
6140001063778,日新海運株式会社,兵庫県,姫路市,飯田３丁目７番地,6700974
6140001063786,株式会社播磨プロアシスト,兵庫県,姫路市,書写台２丁目７番地の１２,6712203
6140001063811,株式会社Ｔ・Ｓ・Ｋ,兵庫県,姫路市,辻井６丁目１７番２８号,6700083
6140001063844,虹技株式会社,兵庫県,姫路市,大津区勘兵衛町４丁目１番地,6711132
6140001063860,株式会社ラグラン,兵庫県,姫路市,飾磨区蓼野町１３２番地,6728072
6140001063877,株式会社ハルミ,兵庫県,姫路市,網干区興浜２１１３番地１０,6711241
6140001063885,株式会社サンセイクリエイトセンター,兵庫県,姫路市,岩端町１２５番地,6700028
6140001063902,株式会社シンテック,兵庫県,姫路市,飾磨区英賀東町１丁目６７番地,6728087
6140001063919,ふじや金物株式会社,兵庫県,姫路市,田井台２番地の９５,6712211
6140001063927,株式会社アート・ヴィレッジ,兵庫県,姫路市,大津区天神町２丁目４４番地シェーンシュロス１階,6711131
6140001063935,株式会社モリ総合設備,兵庫県,姫路市,書写２４７２番地の７,6712201
6140001063943,日電工株式会社,兵庫県,姫路市,広畑区蒲田５丁目１５６番地,6711102
6140001063951,株式会社フレンドリー,兵庫県,姫路市,御立西２丁目６番１９号,6700074
6140001063976,株式会社坂榮建設,兵庫県,姫路市,飾磨区英賀東町１丁目５８番地,6728087
6140001063992,株式会社モバチュー,兵庫県,姫路市,石倉２１番地３,6712231
6140001064000,株式会社出口工業,兵庫県,姫路市,飾西４７番地の４,6712216
6140001064009,新井建設株式会社,兵庫県,姫路市,勝原区宮田６４０番地の２,6711213
6140001064017,株式会社Ａ・ＴＥＣ,兵庫県,姫路市,網干区新在家３２４番地の３３,6711234
6140001064025,株式会社三光煙火製造所,兵庫県,姫路市,大津区天満１１０５番地の１,6711143
6140001064033,株式会社ＪＯＢＣＡＳＴ,兵庫県,姫路市,駅前町２２２姫路駅前第一ビル３Ｆ,6700927
6140001064058,株式会社ウエルネスコスモ,兵庫県,姫路市,井ノ口１６８番地５,6700983
6140001064082,株式会社ワークプラン,兵庫県,姫路市,砥堀７６番地７,6700802
6140001064090,株式会社ＳＡＬＯＯＮ７,兵庫県,姫路市,西延末９０番地１,6700971
6140001064099,株式会社廣運,兵庫県,姫路市,安富町安志１２３２番地の３,6712401
6140001064116,まつもと合成株式会社,兵庫県,姫路市,安富町狭戸７５５番地の１,6712423
6140001064124,株式会社バンフィールド,兵庫県,姫路市,安富町植木野５７番地の９,6712426
6140001064132,株式会社セシルリサーチ,兵庫県,姫路市,白浜町甲７７０番地,6728023
6140001064140,共生運輸株式会社,兵庫県,姫路市,白浜町宇佐崎南２丁目１０番,6728022
6140001064149,株式会社イー・テックインターナショナル,兵庫県,姫路市,三左衛門堀西の町２０７番地,6700940
6140001064157,株式会社アアルト,兵庫県,姫路市,東辻井２丁目９番１５号,6700084
6140001064165,株式会社イオスコンサルティング,兵庫県,姫路市,広畑区蒲田１丁目１４３番地,6711102
6140001064181,株式会社カナイＣａｒｅ,兵庫県,姫路市,網干区新在家１３８２番地２,6711234
6140001064215,株式会社喜多工業,兵庫県,姫路市,的形町的形１８０７番地の３,6710111
6140001064223,株式会社殖産不動産,兵庫県,姫路市,土山東の町１３番地３,6700995
6140001064256,株式会社アップル,兵庫県,姫路市,呉服町３１番地,6700923
6140001064264,株式会社森川総建,兵庫県,姫路市,北平野６丁目１番１,6700893
6140001064272,株式会社ＨＩＭＥＫＡＮホールディングス,兵庫県,姫路市,豊沢町１３５番地大同生命ビル１１０１号,6700964
6140001064297,株式会社松原工業,兵庫県,姫路市,飾磨区須加６８番地１,6728063
6140001064306,株式会社信佑,兵庫県,姫路市,土山３丁目３番２８−８０１号,6700996
6140001064314,株式会社ワークアシスト,兵庫県,姫路市,広畑区東新町３丁目１４５−１５タカハマビル１Ｆ,6711121
6140001064330,株式会社ステージ,兵庫県,姫路市,書写１６３番地７,6712201
6140001064347,ＣｏｏｌＪａｐａｎＥｘｐｏ株式会社,兵庫県,姫路市,北八代１丁目７番２号,6700877
6140001064355,ＭＩＳＡＫＩインダストリー株式会社,兵庫県,姫路市,南条３９６番地,6700952
6140001064363,日章機工株式会社,兵庫県,姫路市,西中島３４１番地５,6700805
6140001064371,株式会社水和,兵庫県,姫路市,飾磨区細江２６８４番地,6728064
6140001064388,株式会社アシスト兵庫,兵庫県,姫路市,西今宿３丁目５番６号,6700061
6140001064396,株式会社山口プランニング,兵庫県,姫路市,網干区余子浜１２７番地,6711254
6140001064413,マルモ食品株式会社,兵庫県,姫路市,四郷町山脇１４番地,6710248
6140001064421,株式会社クラスター,兵庫県,姫路市,南条１丁目６番地クラスターＢＬＤ３Ｆ,6700952
6140001064438,関西メンテナンス株式会社,兵庫県,姫路市,城見町２１番地,6700831
6140001064446,中播建設株式会社,兵庫県,姫路市,仁豊野５５３番地１,6700801
6140001064479,株式会社アイプランニング,兵庫県,姫路市,御国野町御着９８５番地２,6710232
6140001064487,株式会社ＯＲＩＫＥＮ,兵庫県,姫路市,飾磨区英賀甲１９５１番地,6728078
6140001064504,株式会社あぼしクリーンシステム,兵庫県,姫路市,網干区網干浜４番地１,6711236
6140001064512,株式会社ビックスマイル,兵庫県,姫路市,飾磨区下野田２丁目４８０番２０号,6728044
6140001064529,株式会社プレジール,兵庫県,姫路市,飾東町庄１２９番地２,6710218
6140001064537,株式会社サンイエ．トラスト,兵庫県,姫路市,砥堀３４番地７,6700802
6140001064553,城南整備株式会社,兵庫県,姫路市,四郷町東阿保１０８８番地４,6710247
6140001064561,株式会社きれい・ねっと,兵庫県,姫路市,塩町９１番地,6700904
6140001064578,株式会社真成カンパニー,兵庫県,姫路市,飾磨区構５丁目２２番地１０,6728071
6140001064586,カンサイ株式会社,兵庫県,姫路市,白浜町甲２１０番地３,6728023
6140001064594,株式会社アペックスグループ,兵庫県,姫路市,土山７丁目７番１５号高田ビル３Ｆ,6700996
6140001064603,株式会社松尾工業,兵庫県,姫路市,大津区長松７４番地１１,6711144
6140001064611,株式会社大晴,兵庫県,姫路市,飾磨区細江宮前９６２番地,6728064
6140001064636,株式会社姫路食品加工,兵庫県,姫路市,飾磨区清水２丁目８,6728051
6140001064644,株式会社ｉｓｌｅ,兵庫県,姫路市,辻井１丁目１１番２０号,6700083
6140001064652,株式会社大貫堂印房,兵庫県,姫路市,神屋町４丁目８８番地,6700836
6140001064660,ＡＭＡコーポレーション株式会社,兵庫県,姫路市,網干区新在家１３６５番地２,6711234
6140001064669,株式会社てんじく,兵庫県,姫路市,土山７丁目８番１６号,6700996
6140001064685,株式会社姫路樹脂化研,兵庫県,姫路市,別所町佐土１丁目５９−１,6710224
6140001064710,株式会社東山電機製作所,兵庫県,姫路市,夢前町前之庄７８３番地１,6712103
6140001064735,株式会社夢前カントリー倶楽部,兵庫県,姫路市,夢前町新庄６６５番地,6712102
6140001064743,山陽アルミ建材株式会社,兵庫県,姫路市,実法寺５２４番地１,6712244
6140001064768,株式会社明石電工,兵庫県,姫路市,網干区坂上１０４番地の３,6711223
6140001064776,株式会社Ａグループアクシフメント,兵庫県,姫路市,忍町２１０番地,6700917
6140001064784,兵庫菅公学生服株式会社,兵庫県,姫路市,玉手６１８番１,6700985
6140001064792,株式会社シンカイ,兵庫県,姫路市,伊伝居７６番地１０,6700871
6140001064801,株式会社アトリエ千異多,兵庫県,姫路市,野里４４９番地,6700811
6140001064818,株式会社ブルーエス,兵庫県,姫路市,家島町真浦１９１４番地４１,6720101
6140001064826,株式会社エイチ・ティー・エム,兵庫県,姫路市,豊沢町１５６姫路アドバンスビル９Ｆ,6700964
6140001064842,グローリーメカトロニクス株式会社,兵庫県,姫路市,下手野１丁目３番１号,6700063
6140001064850,ＡＣ産業株式会社,兵庫県,姫路市,白浜町宇佐崎北３丁目３５１,6728013
6140001064859,グローリーテクニカルソリューションズ株式会社,兵庫県,姫路市,下手野１丁目３番１号,6700063
6140001064867,ケイアールディー株式会社,兵庫県,姫路市,川西１６７番地１３,6712212
6140001064875,株式会社イーキュースリーデザインユニット,兵庫県,姫路市,書写８７９番地５５,6712201
6140001064909,株式会社フクトミ,兵庫県,姫路市,飾東町小原新７７番地,6710201
6140001064933,株式会社丸金商店,兵庫県,姫路市,網干区新在家２１０４番地の３,6711234
6140001064958,株式会社ワン・トゥー・ワン,兵庫県,姫路市,花田町上原田５１３−２,6710251
6140001064966,株式会社セイコー自動車,兵庫県,姫路市,香寺町溝口９６０番地１,6792161
6140001064974,ダイカンフーズ株式会社,兵庫県,姫路市,白浜町甲４３２番地１,6728023
6140001064982,強電気設備株式会社,兵庫県,姫路市,大津区天神町２丁目１３０番地クレモナハイツＡ−１０１号,6711131
6140001064990,株式会社聖徳,兵庫県,姫路市,白浜町神田２丁目１３番地３,6728011
6140001064999,株式会社アサヒブライト,兵庫県,姫路市,白浜町神田２丁目６９番地１,6728011
6140001065023,株式会社Ｊ・Ｍ・Ｃコーポレーション,兵庫県,姫路市,砥堀１２１５番地３７,6700802
6140001065031,株式会社ユニフォームブティックアム,兵庫県,姫路市,野里１１番地２,6700811
6140001065048,株式会社ＣＡＮＤ,兵庫県,姫路市,朝日町５４番地,6700934
6140001065064,株式会社和南,兵庫県,姫路市,広畑区西蒲田６４２番地１,6711107
6140001065072,株式会社Ｏｆｆｉｃｅ　ＯＳＵＧＩ,兵庫県,姫路市,飾磨区中浜町３丁目１３６番地,6728085
6140001065089,株式会社ｉｏｊｉｊａ,兵庫県,姫路市,飾磨区阿成１６番地３５,6728037
6140001065097,株式会社藤,兵庫県,姫路市,飾磨区細江４５８番地２,6728064
6140001065106,株式会社廣洋,兵庫県,姫路市,幸町１８１番地,6700835
6140001065114,株式会社関西器設,兵庫県,姫路市,広畑区西夢前台５丁目２１４,6711103
6140001065122,ＭＫＳ株式会社,兵庫県,姫路市,仁豊野９４３番地２８０,6700801
6140001065130,株式会社ＳｏｕｌＣｒｅａｔｅ,兵庫県,姫路市,坂元町１２０番地,6700016
6140001065139,株式会社伊吹塗装,兵庫県,姫路市,広畑区才３１番地２,6711104
6140001065147,妻鹿工業株式会社,兵庫県,姫路市,的形町的形１７６８番地２９,6710111
6140001065155,株式会社西原解体興業,兵庫県,姫路市,広畑区東新町２丁目４４番地１,6711121
6140001065163,タツボーファッション株式会社,兵庫県,姫路市,東延末２６４番地,6700965
6140001065171,株式会社賀計はし,兵庫県,姫路市,飾磨区下野田３丁目２５４番地,6728044
6140001065196,株式会社海誠,兵庫県,姫路市,阿保甲８４１番地,6700944
6140001065205,株式会社コンフォート,兵庫県,姫路市,飾磨区今在家６４７番地１,6728079
6140001065221,株式会社アリュミュール,兵庫県,姫路市,南畝町１丁目４７番地,6700961
6140001065238,株式会社平田建設,兵庫県,姫路市,広畑区蒲田７０４番地３,6711102
6140001065254,岩崎メカニカルエンジ株式会社,兵庫県,姫路市,飾磨区阿成植木７７２番地,6728030
6140001065262,ハードバンク株式会社,兵庫県,姫路市,網干区興浜１４７９番地１,6711241
6140001065270,株式会社ソイキューブ,兵庫県,姫路市,花田町勅旨４２６番地６,6710254
6140001065279,株式会社三栄ハウジング,兵庫県,姫路市,十二所前町６３番オーシャンドリームビル４Ｆ,6700911
6140001065287,株式会社マツイ,兵庫県,姫路市,城東町清水１０−１４−１０１,6700843
6140001065304,トウブツ株式会社,兵庫県,姫路市,書写１６４２番地１,6712201
6140001065312,株式会社森下誉樹事務所,兵庫県,姫路市,南八代町２０番４３号,6700875
6140001065320,菅本工業株式会社,兵庫県,姫路市,林田町下構２２４番地３,6794202
6140001065329,株式会社Ｋ・Ｍ・Ｃ,兵庫県,姫路市,書写２４５４番地５,6712201
6140001065337,株式会社デイリー印刷,兵庫県,姫路市,飾東町庄５７番地２,6710218
6140001065345,株式会社八木産業,兵庫県,姫路市,南今宿５番３号,6700054
6140001065353,ＥＮＴソリューションズ株式会社,兵庫県,姫路市,網干区浜田１６１６番地１,6711242
6140001065361,エーデル・アイ株式会社,兵庫県,姫路市,山田町西山田６８３番地１,6792115
6140001065386,株式会社齊藤社寺設計室,兵庫県,姫路市,飾磨区須加９番地,6728063
6140001065394,株式会社グリーンひょうご西,兵庫県,姫路市,船津町５２７５番地１０,6792101
6140001065403,播州運送建設株式会社,兵庫県,姫路市,車崎１丁目２番９−１２０号エバーグリーン今宿Ｂ棟,6700058
6140001065411,株式会社喜鳥家,兵庫県,姫路市,飾磨区構１丁目８６,6728071
6140001065444,株式会社ＮＫコーポレーション,兵庫県,姫路市,青山４丁目２０番２４号,6712222
6140001065452,株式会社ヨリトミ,兵庫県,姫路市,飾東町豊国１５番地１,6710219
6140001065460,株式会社牛寅食品,兵庫県,姫路市,野里５１３番地の６,6700811
6140001065477,株式会社セキュリティ７８,兵庫県,姫路市,飾磨区阿成植木６１６番地,6728030
6140001065485,株式会社ヒューマン・あい・ランド,兵庫県,姫路市,船津町３９０６番地,6792101
6140001065493,株式会社Ｙｓ,兵庫県,姫路市,青山１丁目２７番２３号,6712222
6140001065502,株式会社Ｃ．Ｏ．Ｔ,兵庫県,姫路市,南今宿４番１号,6700054
6140001065510,グラッツェ株式会社,兵庫県,姫路市,下手野２丁目１４番１７−１０２号バレルビラ,6700063
6140001065519,Ｐ−Ｂｒａｉｎ株式会社,兵庫県,姫路市,北条４３２番地２北条北住宅１１０７号,6700947
6140001065527,株式会社ジョリープラン,兵庫県,姫路市,田寺８丁目１６番７号,6700086
6140001065535,株式会社ケイ・ケイネットワーク,兵庫県,姫路市,神子岡前１丁目８番２０号,6700055
6140001065543,セルテック株式会社,兵庫県,姫路市,南条５７８−２,6700952
6140001065551,株式会社オーケーエム,兵庫県,姫路市,飾磨区野田町９５番地１第２ニシキビル４階中号室,6728040
6140001065576,株式会社エルビーフィールズ,兵庫県,姫路市,藤ケ台８番７号,6700066
6140001065584,若菜塗工株式会社,兵庫県,姫路市,北平野南の町１３番３０号,6700887
6140001065592,株式会社ル・レーヴ,兵庫県,姫路市,飾磨区阿成鹿古６番地,6728038
6140001065601,株式会社西日本ロジ,兵庫県,姫路市,御国野町深志野１８８番地の１,6710231
6140001065634,株式会社色工務店,兵庫県,姫路市,船津町１６５２−１,6792101
6140001065642,株式会社ＨＩＬＯ,兵庫県,姫路市,忍町１６０番地,6700917
6140001065650,株式会社トラストアップ,兵庫県,姫路市,御国野町深志野２１７−１,6710231
6140001065659,近畿テクノサービス株式会社,兵庫県,姫路市,苫編５２番地２,6700986
6140001065667,株式会社宝鷹商事,兵庫県,姫路市,飾磨区構４丁目３番地４,6728071
6140001065675,株式会社姫路交通,兵庫県,姫路市,東今宿１丁目４番４０号,6700056
6140001065683,株式会社イーテック,兵庫県,姫路市,阿保３６６−１−２−１０２,6700944
6140001065691,株式会社ジョーイホーム,兵庫県,姫路市,青山西１丁目８番１号,6712224
6140001065700,株式会社ワダスポーツ,兵庫県,姫路市,網干区坂上１０２番地３,6711223
6140001065709,株式会社壽コーポレーション,兵庫県,姫路市,玉手１丁目１８４−２,6700985
6140001065717,株式会社ベル・コーポレーション,兵庫県,姫路市,岡田５９４番地１,6700982
6140001065725,株式会社フレンド,兵庫県,姫路市,坂元町６４番地,6700016
6140001065733,株式会社キョウデン,兵庫県,姫路市,別所町別所９７８番地の１,6710221
6140001065766,隆商会株式会社,兵庫県,姫路市,飾東町北山７番地１,6710212
6140001065774,株式会社レストラトゥール,兵庫県,姫路市,紺屋町２３番地,6700924
6140001065782,株式会社シーク,兵庫県,姫路市,御国野町国分寺７５０番地３,6710234
6140001065790,うえる株式会社,兵庫県,姫路市,書写２７２２番地３,6712201
6140001065799,花山鋼業株式会社,兵庫県,姫路市,飾磨区中島３２６０番地,6728035
6140001065808,株式会社サンヴェール,兵庫県,姫路市,田寺６丁目８番３５号,6700086
6140001065816,株式会社ケイプラン,兵庫県,姫路市,夢前町宮置３９６番地９２,6712121
6140001065824,株式会社Ｒ．Ａ．Ｗ,兵庫県,姫路市,城東町清水１２番地,6700843
6140001065832,株式会社ＮＣＣ,兵庫県,姫路市,広畑区城山町１４００番地８２,6711108
6140001065840,株式会社御吉兆,兵庫県,姫路市,大塩町汐咲２丁目２４番地,6710102
6140001065849,株式会社レイヤーサービス,兵庫県,姫路市,大黒壱丁町５８番地−２Ｆ６号,6700853
6140001065857,株式会社ユーフィー,兵庫県,姫路市,城東町野田１番地１２京口センター内,6700844
6140001065865,株式会社コスモコンパス,兵庫県,姫路市,北今宿３丁目６番３号山名ビル１Ｆ,6700057
6140001065873,株式会社ホテル・アルファーワン・クリエーションズ,兵庫県,姫路市,南駅前町９１番５,6700962
6140001065881,Ｔｈｒｅｅ　Ｅ−ＴＥＣ株式会社,兵庫県,姫路市,鍛冶町５番地,6700002
6140001065907,ハクロ福株式会社,兵庫県,姫路市,城東町９７番地３１,6700841
6140001065915,株式会社地域活力総合研究所,兵庫県,姫路市,増位新町１丁目１９番地２アルファステイツ野里１３０３号,6700806
6140001065923,株式会社ゼロワン,兵庫県,姫路市,三左衛門堀東の町９０番地,6700949
6140001065931,株式会社ＺＥＲＯイン,兵庫県,姫路市,飾磨区加茂３５１番地１,6728074
6140001065956,株式会社インフィニティ,兵庫県,姫路市,網干区興浜１４７９番地１,6711241
6140001065964,株式会社姫路．ｃｏｍ,兵庫県,姫路市,手柄１丁目１０６番地２,6700972
6140001065972,あかつき環境建設株式会社,兵庫県,姫路市,保城５７９−５,6700804
6140001065980,株式会社ＮＡＭＡＳＴＥ　ＢＯＵＥＫＩ,兵庫県,姫路市,飾磨区中島３３７５番地,6728035
6140001065997,セイコープリンティング株式会社,兵庫県,姫路市,八代本町２丁目２番２９号,6700874
6140001066021,英株式会社,兵庫県,姫路市,東延末３丁目４番地,6700965
6140001066046,株式会社ビジネスパートナー,兵庫県,姫路市,本町１２７番地,6700012
6140001066054,株式会社つばすサンクリーン,兵庫県,姫路市,北平野２丁目１２番２２号,6700893
6140001066062,株式会社ＨＧＳ,兵庫県,姫路市,白鳥台２丁目２４番９号,6712245
6140001066070,株式会社ＹＫテクノマシン,兵庫県,姫路市,土山東の町１２番１２号−２０１,6700995
6140001066079,株式会社オオギヤ,兵庫県,姫路市,大津区西土井３３３番地４,6711141
6140001066087,サンキュー・ホームズ株式会社,兵庫県,姫路市,御立中３丁目１番３７−１０８号,6700073
6140001066095,ＹＡＭＡＱ株式会社,兵庫県,姫路市,船津町３９６０番地３,6792101
6140001066112,株式会社クライアンツビルディング,兵庫県,姫路市,本町１２７番地,6700012
6140001066120,株式会社エム・エヌ・テック,兵庫県,姫路市,飾東町塩崎９３２番地２,6710211
6140001066137,アイ防災株式会社,兵庫県,姫路市,西庄甲１４５番地１,6700981
6140001066145,株式会社ＲＥＩＲＩ,兵庫県,姫路市,西延末８９番地の１,6700971
6140001066153,株式会社デイサービスクラシオン,兵庫県,姫路市,亀山１丁目１７７番地,6700973
6140001066161,株式会社アグリ香寺,兵庫県,姫路市,香寺町田野２８番地,6792153
6140001066178,株式会社サンテック,兵庫県,姫路市,網干区田井２１５番地６,6711221
6140001066203,株式会社フジワラ電工,兵庫県,姫路市,西今宿３丁目１６番２１号,6700061
6140001066211,美々掃研株式会社,兵庫県,姫路市,砥堀２７番３号,6700802
6140001066228,株式会社クイーン・ドール,兵庫県,姫路市,飾磨区阿成１６番地４２,6728037
6140001066236,株式会社Ｐｅａｃｅ　Ｃｒａｆｔ,兵庫県,姫路市,野里４５８番地２０,6700811
6140001067341,アップライトシステム株式会社,兵庫県,姫路市,広畑区高浜町１丁目７０番地の３,6711153
6140001067473,株式会社アクティブテクノ,兵庫県,姫路市,四郷町本郷４１２番地１,6710243
6140001067507,エフアーキテクツ株式会社,兵庫県,姫路市,西庄甲３２７番地６,6700981
6140001067515,株式会社ＭＴＫエンジニアリング,兵庫県,姫路市,三左衛門堀西の町５４番地,6700940
6140001067663,株式会社グローバル工業,兵庫県,姫路市,御国野町御着６６８番地,6710232
6140001067770,株式会社チェシル,兵庫県,姫路市,平野町５２番地,6700933
6140001076714,山陽石材株式会社,兵庫県,姫路市,勝原区朝日谷字一本松山６０３番地,6711204
6140001077571,デスモス株式会社,兵庫県,姫路市,北条１丁目７９番地,6700947
6140001077729,陽向株式会社,兵庫県,姫路市,安田４丁目１７番地,6700955
6140001077844,株式会社森電テック,兵庫県,姫路市,飾磨区三和町７番地,6728036
6140001086382,株式会社大栄製作所,兵庫県,姫路市,四郷町本郷３０２番地１,6710243
6140001086457,株式会社エージェント・Ｓ,兵庫県,姫路市,手柄１丁目５番地,6700972
6140001086515,株式会社ハレクラニハウス,兵庫県,姫路市,琴岡町２７４番地琴岡ビル１−８号,6700035
6140001086580,株式会社細川土地,兵庫県,姫路市,飾磨区矢倉町１丁目７１番地,6728093
6140001086671,株式会社ゼンリョク,兵庫県,姫路市,岩端町１１２番地の４,6700028
6140001086829,株式会社パブリック,兵庫県,姫路市,西中島７３番地２０,6700805
6140001086845,株式会社クニヒサ企画,兵庫県,姫路市,御立中４丁目２−１３,6700073
6140001086903,株式会社コルム,兵庫県,姫路市,飾磨区英賀清水町３丁目３１番地４,6728084
6140001086985,株式会社大黒堂,兵庫県,姫路市,飾磨区今在家北１丁目７５番地２,6728090
6140001087109,株式会社しらさぎ鑑定所,兵庫県,姫路市,白銀町５３番地,6700902
6140001087281,株式会社ケアカンパニー,兵庫県,姫路市,南畝町１丁目４番地,6700961
6140001087760,ワークテック株式会社,兵庫県,姫路市,御立西２丁目７番９号,6700074
6140001087777,株式会社大和,兵庫県,姫路市,大津区平松２２３番地,6711145
6140001087810,株式会社希電設,兵庫県,姫路市,広畑区東新町３丁目９６番地４クリーンピア広畑東新町５０４号,6711121
6140001087868,株式会社水環境コンディニア,兵庫県,姫路市,勝原区朝日谷３８８番地,6711204
6140001087901,株式会社ＳＳＳ,兵庫県,姫路市,広畑区正門通３丁目９番地８,6711116
6140001088115,株式会社ｍａｍｏｒｉ,兵庫県,姫路市,安田４丁目１６５−１−８０５,6700955
6140001088271,山登工業株式会社,兵庫県,姫路市,白浜町甲３５５番地,6728023
6140001088296,株式会社ななみ居宅介護事業所,兵庫県,姫路市,東山７５番地９,6728014
6140001088370,株式会社リノワイズ,兵庫県,姫路市,安田４丁目４２番地１３,6700955
6140001088429,株式会社手柄山,兵庫県,姫路市,北条永良町１７５番地アパルト永良川２０１,6700946
6140001088635,株式会社アルファ・クラフト,兵庫県,姫路市,南今宿８−３０,6700054
6140001088643,株式会社齋木産業,兵庫県,姫路市,広畑区本町２丁目５９番地,6711114
6140001088750,株式会社ライフ・アップ,兵庫県,姫路市,神子岡前１丁目９番４１号,6700055
6140001089022,株式会社ｂｉｓ・１０４,兵庫県,姫路市,飾磨区上野田６丁目９１−１０１,6728043
6140001089047,日本管財管理株式会社,兵庫県,姫路市,御国野町御着６６８番地,6710232
6140001089113,プライマリー株式会社,兵庫県,姫路市,岩端町９３番地２,6700028
6140001089154,株式会社ひなた,兵庫県,姫路市,夢前町塩田１３７番地４,6712112
6140001089402,株式会社モダン・ユー・カインド網干,兵庫県,姫路市,網干区垣内南町２０００番地,6711255
6140001089427,株式会社ナガイ住設,兵庫県,姫路市,北今宿２丁目６番１４号メゾンジエルメＭ３０３号,6700057
6140001089641,夕雲舎株式会社,兵庫県,姫路市,忍町１０６番地,6700917
6140001089848,株式会社Ｍｅｅ　Ｃｒｏｓｓ,兵庫県,姫路市,網干区和久３４７番地１２,6711227
6140001089872,株式会社夢花,兵庫県,姫路市,飾磨区妻鹿１０１９番地,6728031
6140001089930,株式会社オフィス管理サービス,兵庫県,姫路市,御国野町御着３３５番地,6710232
6140001090319,株式会社ＨＡＲＡコーポレーション,兵庫県,姫路市,田寺７丁目７番１号,6700086
6140001090327,株式会社Ｓｍｉｌｅ,兵庫県,姫路市,広畑区正門通１丁目８番地１０,6711116
6140001090368,株式会社藤,兵庫県,姫路市,御国野町国分寺７７４番地１,6710234
6140001090483,七洋船舶管理株式会社,兵庫県,姫路市,飾磨区細江浜万才１３１０,6728064
6140001090756,株式会社富士麺業,兵庫県,姫路市,豊富町豊富字中川原２２２２番地,6792123
6140001090780,株式会社アトリエ・オクノ,兵庫県,姫路市,西二階町３３番地,6700901
6140001090863,株式会社ティーアールエステート,兵庫県,姫路市,野里１４−８,6700811
6140001090938,大山ビル株式会社,兵庫県,姫路市,飾磨区加茂１７２番地３,6728074
6140001091119,株式会社Ｅｃｏ　Ｋａｎｓａｉ,兵庫県,姫路市,延末１番地,6700966
6140001091218,株式会社Ｔ＆Ｔサービス,兵庫県,姫路市,西二階町１５番地,6700901
6140001091242,株式会社コウケン,兵庫県,姫路市,緑台１丁目１０番１１号,6712247
6140001091259,株式会社タフロード,兵庫県,姫路市,香寺町恒屋２２７０番地１,6792165
6140001091291,株式会社Ｔ．Ｔ．Ｋ,兵庫県,姫路市,香寺町須加院１６０番地,6792132
6140001091390,株式会社Ｂ＆Ｂ　ＴＲＡＤＩＮＧ,兵庫県,姫路市,林田町林谷６０８番地１,6794221
6140001091556,関西設備興業株式会社,兵庫県,姫路市,広畑区才１２９番地１,6711104
6140001091622,株式会社Ｃ＆Ｍ,兵庫県,姫路市,白国１丁目１４−１７,6700808
6140001091688,株式会社石倉農産,兵庫県,姫路市,石倉８３５番地１,6712231
6140001091746,株式会社播州住建,兵庫県,姫路市,花田町勅旨１０１番地１９,6710254
6140001091754,株式会社ミキエナジー,兵庫県,姫路市,勝原区山戸２１７番地,6711214
6140001091878,三輪物流株式会社,兵庫県,姫路市,東山１−１−１０２,6728014
6140001092100,株式会社Ｓｔｕｄｉｏ２１５１,兵庫県,姫路市,市川台１丁目１２９番地４,6700822
6140001092182,株式会社ペパレス製作所,兵庫県,姫路市,亀井町９８ＰＰＬＳ本社ビル３Ｆ,6700925
6140001092364,株式会社神戸新聞姫路中央販売,兵庫県,姫路市,大黒壱丁町３番地,6700853
6140001092901,株式会社Ｙ’ｓＣｏｍｐａｎｙ,兵庫県,姫路市,船丘町２９０番地３船丘ビル２０２,6700034
6140001093057,株式会社広優,兵庫県,姫路市,勝原区熊見４８１番地２７,6711211
6140001093115,ジオファーマシー株式会社,兵庫県,姫路市,香寺町香呂５０番地１５メゾン池田２Ｆ−Ａ,6792151
6140001093197,株式会社ぼっちゃん,兵庫県,姫路市,土山７丁目６番２５号,6700996
6140001093222,株式会社Ｈ＆Ｈアカンパニー,兵庫県,姫路市,西駅前町８８番地キャスパ１２９号,6700913
6140001093338,株式会社風の谷,兵庫県,姫路市,網干区田井２２３,6711221
6140001093346,株式会社溝口銀行,兵庫県,姫路市,香寺町溝口６０２番地の１,6792161
6140001093833,株式会社Ｊ,兵庫県,姫路市,五軒邸４丁目１番地,6700854
6140001093858,株式会社無限,兵庫県,姫路市,飾磨区阿成鹿古３３８番地１,6728038
6140001094113,利興株式会社,兵庫県,姫路市,飾東町唐端新７３番地２,6710214
6140001094138,株式会社ファーストペンギン,兵庫県,姫路市,大善町７０番地,6700833
6140001094245,株式会社セナレザー,兵庫県,姫路市,花田町小川字長谷１１５２番地１１,6710255
6140001094344,株式会社匠潜建,兵庫県,姫路市,北原５９４番地３,6728002
6140001094352,株式会社Ｆ・Ｌｅａｄ,兵庫県,姫路市,余部区上川原４００番地１,6711263
6140001094633,カネミツホールデングス株式会社,兵庫県,姫路市,市川橋通１丁目７番地,6700825
6140001094674,あさひケアサービス株式会社,兵庫県,姫路市,網干区垣内東町１５４番地,6711252
6140001094740,株式会社スズキサービスショップ大津,兵庫県,姫路市,大津区天神町２丁目１０１番地,6711131
6140001094781,株式会社明神綜合建設,兵庫県,姫路市,夢前町神種６６１番地１,6712105
6140001094939,ブルーシーデザイン株式会社,兵庫県,姫路市,打越字宮ノ前７１９番地１,6712246
6140001095004,株式会社Ｋ’ｓクリエーション,兵庫県,姫路市,飯田１丁目１７４番地グローバル姫路南ＩＩ１０３号,6700974
6140001095020,株式会社ベルメイク,兵庫県,姫路市,広畑区西夢前台５丁目３０８番地,6711103
6140001095037,株式会社大栄,兵庫県,姫路市,飾磨区思案橋９９番地１,6728075
6140001095078,株式会社ＹＤＢ,兵庫県,姫路市,御立西５丁目１０番２９号,6700074
6140001095111,株式会社千富プロジェクト,兵庫県,姫路市,大津区天満３４８番地８,6711143
6140001095144,株式会社ＥＱＵＡＬ,兵庫県,姫路市,八家１２７７番地８,6728015
6140001095219,株式会社大西技建,兵庫県,姫路市,豊富町豊富１１７９番地,6792123
6140001095318,株式会社応緑青山,兵庫県,姫路市,青山１丁目２２番５号,6712222
6140001095441,株式会社エムエーコンサルティング,兵庫県,姫路市,北平野２丁目１２番２０号,6700893
6140001095656,株式会社なぎさ住研,兵庫県,姫路市,広畑区東新町３丁目９５番地１,6711121
6140001095739,株式会社みつヴィレッジ,兵庫県,姫路市,網干区大江島８０５番地,6711231
6140001095747,株式会社セカンドオピニオン,兵庫県,姫路市,広畑区蒲田４７６番地,6711102
6140001095838,株式会社ＢＡＲＣＡＲＯＬＥ,兵庫県,姫路市,林田町上伊勢１１３９番地１００,6794232
6140001095879,株式会社ＷＯＲＬＤ　ＳＨＩＰ,兵庫県,姫路市,栗山町６番地−３０６号,6700954
6140001095929,サウンドウェイブ株式会社,兵庫県,姫路市,書写台２丁目２１番地６,6712203
6140001096076,株式会社エコリングリシャイン,兵庫県,姫路市,南畝町２丁目５０番地オーパスビル１階西側,6700961
6140001096308,岡野食品産業株式会社,兵庫県,姫路市,御国野町国分寺３９１番地,6710234
6140001096464,株式会社ライジングサン,兵庫県,姫路市,勝原区下太田３３２番地１２,6711201
6140001096778,株式会社結商,兵庫県,姫路市,飾磨区細江６７７番地,6728064
6140001097025,株式会社辻幸,兵庫県,姫路市,網干区大江島８２番地１,6711231
6140001097082,アイベスエナジー草津株式会社,兵庫県,姫路市,北原１１３３番地の１,6728002
6140001097231,株式会社関西マシンアンドコントロール,兵庫県,姫路市,広畑区西夢前台７丁目２９番地,6711103
6140001097537,株式会社ＡＴＥＬＩＥＲ　ＴＡＣＴ,兵庫県,姫路市,北条１丁目７５番地,6700947
6140001097636,株式会社ラディエンスジャパン,兵庫県,姫路市,白浜町宇佐崎北２丁目２８番地６,6728013
6140001097669,株式会社はる,兵庫県,姫路市,亀山２５７番地４,6700973
6140001097867,株式会社いぶき,兵庫県,姫路市,御国野町深志野１８−２,6710231
6140001097974,株式会社Ｔｉｅ　Ｅａｒ,兵庫県,姫路市,白浜町宇佐崎南２丁目３６番地２,6728022
6140001098080,カキヤイタリピアット株式会社,兵庫県,姫路市,田寺１丁目１０番９号,6700086
6140001098097,山陽塗装工業株式会社,兵庫県,姫路市,青山南４丁目４番７号,6712223
6140001098122,株式会社ソング,兵庫県,姫路市,大津区恵美酒町１丁目８４番地,6711136
6140001098221,はりま電力株式会社,兵庫県,姫路市,大津区平松２２３番地,6711145
6140001098262,株式会社Ｓｋｙ　Ｈｏｍｅｓ,兵庫県,姫路市,東駅前町７７番地,6700926
6140001098428,株式会社ＤＥＣＯ　Ｗｏｒｋｓ,兵庫県,姫路市,香寺町溝口１２５８番地５,6792161
6140001098460,株式会社ワールドブリッジ,兵庫県,姫路市,岡田３５０番地１,6700982
6140001098725,株式会社江藤保温板金,兵庫県,姫路市,広畑区小松町３丁目６４番地１０,6711152
6140001099145,アイビー工業株式会社,兵庫県,姫路市,町田字蟹作り９−１−１０２号,6712217
6140001099418,株式会社エムス・テック,兵庫県,姫路市,幸町１５２番地,6700835
6140001099640,株式会社木南研磨工業所,兵庫県,姫路市,花田町加納原田８８番地１,6710252
6140001100201,株式会社北詰商事,兵庫県,姫路市,白浜町宇佐崎中１丁目２４番地２,6728021
6140001100390,株式会社友美堂,兵庫県,姫路市,土山５丁目６番３３−２０１号奥野ビル,6700996
6140001100432,株式会社廣岡工業,兵庫県,姫路市,広畑区大町２丁目２６番地,6711155
6140001100845,株式会社喜び屋,兵庫県,姫路市,飾磨区英賀清水町２丁目７０番地１,6728084
6140001100944,Ｃａｒｅ　Ｌｉｆｔ株式会社,兵庫県,姫路市,夢前町前之庄７８３番地１,6712103
6140001101075,株式会社エグチ,兵庫県,姫路市,白浜町宇佐崎中２丁目５９７番地１,6728021
6140001101100,株式会社メディアエフェクト,兵庫県,姫路市,山野井町２１−２,6700021
6140001101133,万路貿易株式会社,兵庫県,姫路市,北新在家１丁目４番地１７号,6700091
6140001101356,株式会社櫻建設,兵庫県,姫路市,飾磨区都倉１丁目１番地４,6728046
6140001101612,西川建設工業株式会社,兵庫県,姫路市,八代東光寺町１５番１７号,6700873
6140001101769,株式会社グローバル企画,兵庫県,姫路市,的形町的形１７６８−６１,6710111
6140001102271,株式会社ＳＤＲ,兵庫県,姫路市,広畑区東夢前台４丁目１３５番地２,6711101
6140001102412,株式会社ＬＬＥ,兵庫県,姫路市,広畑区東新町２丁目７３番地１,6711121
6140001102668,ルーツ株式会社,兵庫県,姫路市,野里１７６番地１,6700811
6140001102676,ハラ・アーネストフーズ株式会社,兵庫県,姫路市,市川橋通１丁目２番地,6700825
6140001102718,株式会社グリーンライト,兵庫県,姫路市,飾磨区加茂東９７番地,6728070
6140001102940,株式会社ＥＭＩＮＡ,兵庫県,姫路市,梅ケ谷町６番８号,6700894
6140001103088,株式会社レアストエンジメンテ,兵庫県,姫路市,広畑区小松町３丁目５１番地３,6711152
6140001103113,株式会社Ａｃａｃｉａ,兵庫県,姫路市,増位本町２丁目１２番２号Ａｃａｃｉａビル,6700807
6140001103170,株式会社エヌテック,兵庫県,姫路市,東山１３３５番地８,6728014
6140001103229,ライト造園株式会社,兵庫県,姫路市,広畑区吾妻町２丁目７番地,6711154
6140001103237,パワーホーム姫路株式会社,兵庫県,姫路市,網干区興浜２１１１番地,6711241
6140001103261,高船電工株式会社,兵庫県,姫路市,御立西３丁目２番３号,6700074
6140001103278,ランドホールディングス株式会社,兵庫県,姫路市,南駅前町９１番地８ネバーランド姫路駅前１３０４号,6700962
6140001103360,株式会社Ｍａｓｕｄａアセットマネジメント,兵庫県,姫路市,北条宮の町４１１番地,6700948
6140001103369,株式会社ＴＥＲＵＫＯＵ,兵庫県,姫路市,飾磨区英賀春日町２丁目４４番地１,6728092
6140001103410,株式会社Ｔ．Ｍハウジング,兵庫県,姫路市,大黒壱丁町８３番シエリア姫路城東１１０２,6700853
6140001103419,株式会社馬籠商事,兵庫県,姫路市,書写８７９番地１６５,6712201
6140001103443,株式会社レイジークス,兵庫県,姫路市,打越６７４番地２,6712246
6140001103518,ＰＤＣ株式会社,兵庫県,姫路市,北平野２丁目９番３０号ヒルサイドテラス北平野２０３,6700893
6140001103542,株式会社サニーハート,兵庫県,姫路市,飾磨区今在家４丁目２２番地,6728079
6140001103708,株式会社川渕工業,兵庫県,姫路市,広畑区才１３４番地１,6711104
6140001103963,株式会社蔦製作所,兵庫県,姫路市,飾東町塩崎７１４番地１,6710211
6140001104202,株式会社ＦＦＴサポート,兵庫県,姫路市,広畑区西夢前台８丁目３０番地１,6711103
6140001104243,コトラ株式会社,兵庫県,姫路市,亀山１丁目２２８−１,6700973
6140001104292,株式会社プラティーク,兵庫県,姫路市,西今宿６丁目１３番１１号,6700061
6140001104359,株式会社アイナチュール,兵庫県,姫路市,飯田３丁目１１６番地,6700974
6140001104391,インフィニティダイナー株式会社,兵庫県,姫路市,立町４番地立町クリスタルビル２Ｆ,6700903
6140001104598,株式会社ＦＴＣ．ＦＵＣＯＮ,兵庫県,姫路市,神屋町５丁目３５番地１,6700836
6140001104615,株式会社ＡＴ商会,兵庫県,姫路市,飾磨区細江字南浜砂８９０番地１,6728064
6140001104656,株式会社ロゴスアーツ,兵庫県,姫路市,元町７５−１１元町東ビル１階,6700049
6140001104796,株式会社オフィスぜん,兵庫県,姫路市,的形町的形１７６２番地１,6710111
6140001104887,ウツミシステム株式会社,兵庫県,姫路市,岡田１０４番地１−８０１号,6700982
6140001105225,株式会社ＴＥＲＭＥ,兵庫県,姫路市,野里２０３番地１,6700811
6140001105381,株式会社重続建設,兵庫県,姫路市,三条町１丁目７２−１０２,6700953
6140001105398,株式会社Ｒａｃｔｉｖ,兵庫県,姫路市,飾磨区上野田４丁目２０１番２,6728043
6140001105423,株式会社ＩＴＳＵＫＩ,兵庫県,姫路市,豊富町甲丘３丁目１６９３番地１６アーバンコンフォート９０３,6792124
6140001105514,株式会社尾高商店,兵庫県,姫路市,大津区恵美酒町１丁目１０４番地１,6711136
6140001105547,株式会社ＩＷＹ,兵庫県,姫路市,白浜町神田１丁目１１番地３,6728011
6140001105605,株式会社Ｃｏｌｏｒ,兵庫県,姫路市,元町９３番地１グラジオ元町プレミアム９０４号,6700049
6140001105654,ヤマモトワークス株式会社,兵庫県,姫路市,飾磨区都倉１丁目５０３番地２,6728046
6140001105695,株式会社三井工業,兵庫県,姫路市,勝原区熊見２７３番地４,6711211
6140001105745,株式会社美研プラスワン,兵庫県,姫路市,二階町９２番地,6700922
6140001105778,松浦工業株式会社,兵庫県,姫路市,広畑区西蒲田１６５２番地,6711107
6140001105836,株式会社おちこち,兵庫県,姫路市,砥堀１６３番地１,6700802
6140001106041,株式会社大壮商会,兵庫県,姫路市,豊富町豊富３８６１番地１,6792123
6140001106090,株式会社オクト工業,兵庫県,姫路市,御立中７丁目５番８号,6700073
6140001106108,株式会社Ｂ−ｗｏｒｋ,兵庫県,姫路市,田寺東３丁目７番３５号,6700081
6140001106181,Ａｒｏｗｓ株式会社,兵庫県,姫路市,東山８５番地１,6728014
6140001106396,株式会社ケイウッズ,兵庫県,姫路市,岡田３５０番地１,6700982
6140001106702,Ａｇｕ株式会社,兵庫県,姫路市,紺屋町８７番地,6700924
6140001106776,株式会社田中牧場,兵庫県,姫路市,山畑新田３７１番地２,6700036
6140001106867,株式会社悠希工業,兵庫県,姫路市,広畑区西蒲田１７８３番地１,6711107
6140001106990,株式会社コモンベース,兵庫県,姫路市,飾磨区英賀西町２丁目１２１番地,6728088
6140001107122,株式会社リブ産業,兵庫県,姫路市,勝原区大谷３９９番地１プチＫハウス２０３,6711205
6140001107436,株式会社スマートホールディングス,兵庫県,姫路市,大寿台２丁目５番１６号,6700898
6140001107626,ワイズ企画株式会社,兵庫県,姫路市,白浜町寺家１丁目２１２番地４−２０３号,6728012
6140001107683,株式会社ＦＯＲＥＳＴＡ,兵庫県,姫路市,南駅前町８７番地,6700962
6140001107741,株式会社岡蔵,兵庫県,姫路市,北平野南の町９番１号,6700887
6140001107790,株式会社ネクストステージ,兵庫県,姫路市,高尾町７３番地１,6700915
6140001107799,株式会社ケイテック,兵庫県,姫路市,香寺町岩部２６３番地１,6792141
6140001107857,アットスタッフ株式会社,兵庫県,姫路市,飾東町庄３１３番地,6710218
6140001108021,株式会社福商,兵庫県,姫路市,飾磨区今在家３丁目２５３番地４,6728079
6140001108129,株式会社アルティマ,兵庫県,姫路市,西中島６４番地,6700805
6140001108178,株式会社関西テクノス,兵庫県,姫路市,米田町１５番地１船場東ビル１階２３号,6700042
6140001108203,ナチュラルフィールド株式会社,兵庫県,姫路市,野里慶雲寺前町４番３６号,6700813
6140001108483,株式会社ラクセル・コーポレーション,兵庫県,姫路市,飾東町庄３９１番地５,6710218
6140001108533,株式会社森田建設,兵庫県,姫路市,東今宿３丁目９番地１ライオンズマンション姫路東今宿６０８号,6700056
6140001108806,株式会社ガーデンライフパートナー,兵庫県,姫路市,西八代町１２−１２,6700876
6140001108863,株式会社アドバンサービス,兵庫県,姫路市,広畑区西夢前台７丁目８３−２,6711103
6140001109085,株式会社サンライズｎ,兵庫県,姫路市,福中町２９番地,6700017
6140001109102,株式会社小西工業,兵庫県,姫路市,四郷町東阿保９０３番地１３,6710247
6140001109168,ＯｎｅＰｉｅｃｅＧｒｏｕｐ株式会社,兵庫県,姫路市,実法寺７９３−２,6712244
6140001109564,株式会社しんみサポート,兵庫県,姫路市,広畑区則直９８番地２７,6711105
6140001109589,ハヤカワインターナショナルジャパン株式会社,兵庫県,姫路市,西延末４２２番地,6700971
6140001109614,日本インフラ調査設計株式会社,兵庫県,姫路市,三条町１丁目５７番地マハロ三条町Ｅ棟,6700953
6140001109738,株式会社アイメックス,兵庫県,姫路市,別所町別所１６４２番地１,6710221
6140001109861,株式会社ＨＩＴＯＴＯＫＩ,兵庫県,姫路市,二階町１８ＡＮＧＥＲＯ二階町,6700922
6140001109936,株式会社ムラタ機工,兵庫県,姫路市,大津区天満６９７番地６,6711143
6140001109944,ビットワイズ株式会社,兵庫県,姫路市,別所町北宿９４５番地１,6710223
6140001109993,株式会社小林商事,兵庫県,姫路市,夢前町糸田１９０番地,6712114
6140001110209,株式会社ＲＩＤＥ,兵庫県,姫路市,北条１丁目１１３番地ミヤビビル１階,6700947
6140001110266,株式会社アンジュリーク,兵庫県,姫路市,飾磨区中浜町１丁目５８番地,6728085
6140001110357,株式会社ホロポノ,兵庫県,姫路市,野里９５１番地８６,6700811
6140001110407,株式会社姫路エンジニア,兵庫県,姫路市,網干区新在家２０２３番地７８,6711234
6140001110514,ＮＳＢＨ株式会社,兵庫県,姫路市,広畑区正門通４丁目９番地の６,6711116
6140001110530,ショウナンシステム株式会社,兵庫県,姫路市,飾磨区中島４１４番地４７３,6728035
6140001110563,株式会社ＪＹメタル,兵庫県,姫路市,大塩町２１６５番地２,6710101
6140001110720,株式会社ケイテック,兵庫県,姫路市,飾磨区中島６１２番地１,6728035
6140001110753,ソニド・デル・コラソン株式会社,兵庫県,姫路市,飾磨区富士見ケ丘町１５番地５,6728098
6140001110778,株式会社赤松タイヤー工業所,兵庫県,姫路市,広畑区鶴町１丁目１８番地,6711124
6140001110885,株式会社深見工業,兵庫県,姫路市,別所町家具町１３５番地の２,6710225
6140001110927,株式会社はるかな,兵庫県,姫路市,勝原区山戸３５６番地３,6711214
6140001111207,株式会社はりま屋,兵庫県,姫路市,花田町小川９７８番地４,6710255
6140001111413,株式会社建築工房いろは,兵庫県,姫路市,広畑区西蒲田１０９５番地１,6711107
6140001111660,株式会社シティトレジャー,兵庫県,姫路市,南今宿２番３７,6700054
6140001111735,株式会社にじいろ,兵庫県,姫路市,飾磨区中島３１１０番地,6728035
6140001112015,株式会社ＥＺＥＫ,兵庫県,姫路市,相野３１０番地１,6712232
6140001112097,株式会社ミライズ,兵庫県,姫路市,広畑区東新町１丁目１１番地,6711121
6140001112337,株式会社ミライズ,兵庫県,姫路市,南畝町１丁目２８番地２,6700961
6140001112403,株式会社ＡＧＲ,兵庫県,姫路市,広畑区正門通３丁目９番地１２,6711116
6140001112469,株式会社ｍｉｌｅｓｔｏｎｅ,兵庫県,姫路市,田寺東２丁目２４番６号,6700081
6140001112626,株式会社岩城総業,兵庫県,姫路市,飾磨区中島１１３９番地４３,6728035
6140001112898,株式会社アンメリーデザイン,兵庫県,姫路市,四郷町東阿保７９０番地３,6710247
6140001112964,創電工業株式会社,兵庫県,姫路市,勝原区朝日谷７６番地１,6711204
6140001113046,トモロ株式会社,兵庫県,姫路市,花田町高木１５４−１,6710256
6140001113054,株式会社電吉,兵庫県,姫路市,的形町福泊１１６番地１５,6710112
6140001113228,福神工業株式会社,兵庫県,姫路市,網干区興浜９番地５,6711241
6140001113319,アソワン株式会社,兵庫県,姫路市,新在家本町４丁目８番８号,6700092
6140001113442,ｇｒｏｗ株式会社,兵庫県,姫路市,田寺東２丁目３１番１号,6700081
6140001113467,株式会社ＡｆｆｉｔｔｏＺｅｒｏ,兵庫県,姫路市,南畝町１丁目４１番地,6700961
6140001113797,株式会社ＧＲＩＴ,兵庫県,姫路市,白浜町甲３０９番地,6728023
6140001114102,株式会社夢創社,兵庫県,姫路市,四郷町山脇６４８番地１,6710248
6140001114127,株式会社ＲＩＶＡ　ＲＩＳＥ,兵庫県,姫路市,飾磨区構５丁目１０８番地１Ｆ,6728071
6140001114143,株式会社フラット,兵庫県,姫路市,神子岡前１丁目９番１１号,6700055
6140001114151,株式会社ＥＳＤ,兵庫県,姫路市,広畑区小松町２丁目１４番地５,6711152
6140001114168,株式会社姫路Ｏ．Ｓ．Ｋ．,兵庫県,姫路市,北平野２丁目１２番１６号,6700893
6140001114218,Ｓｅｖｅｎ株式会社,兵庫県,姫路市,東延末３丁目５６ＨＳ１１２,6700965
6140001114473,株式会社サイドフィールド,兵庫県,姫路市,飾磨区細江９７番地２−８０１号,6728064
6140001114894,株式会社ＹＴＢ,兵庫県,姫路市,広畑区西夢前台５丁目２９０番地,6711103
6140001115001,株式会社キーワードラボ,兵庫県,姫路市,田井台２番地２７,6712211
6140001115141,株式会社ＣＯＬＯＲ　ＷＯＲＫＳ,兵庫県,姫路市,田寺２丁目８番２５号,6700086
6140001115166,株式会社Ｈｉｅｌｓａ,兵庫県,姫路市,山吹１丁目１１番３９号,6700085
6140001115348,株式会社ＮＡＴ’ｓエージェンシー,兵庫県,姫路市,飾磨区英賀東町１丁目２９番地,6728087
6140001115372,野村ビジネスパートナーズ株式会社,兵庫県,姫路市,南条４６５番地,6700952
6140001115389,ＳＯＬ株式会社,兵庫県,姫路市,飾磨区今在家３丁目２７９番地,6728079
6140001115414,株式会社Ｍ−ＳＥＥＤ,兵庫県,姫路市,東今宿２丁目６番８号,6700056
6140001115422,株式会社たかお広告社,兵庫県,姫路市,白浜町甲６７６番地,6728023
6140001115785,株式会社ＮＯＲＩＹＡＳＵ,兵庫県,姫路市,東今宿１丁目５番１１−１００６号,6700056
6140001115843,グッドライド西日本株式会社,兵庫県,姫路市,砥堀４０３番地,6700802
6140001116008,株式会社ナカムラフードサプライ,兵庫県,姫路市,北今宿２丁目６番５５号,6700057
6140001116387,株式会社カナデホーム,兵庫県,姫路市,広畑区西夢前台６丁目３９番地１０３号,6711103
6140001116461,株式会社フォーマック,兵庫県,姫路市,福沢町１３７番地５０５,6700992
6140001116585,エムズエンジニア株式会社,兵庫県,姫路市,林田町中構１１８番地１,6794203
6140001116651,株式会社ゆず,兵庫県,姫路市,夢前町古瀬畑２３７番地,6712132
6140001116734,株式会社タハラ,兵庫県,姫路市,東山１３９４番地３,6728014
6140001116841,株式会社Ｔ−Ｏ　ＳＩＤＥ,兵庫県,姫路市,神子岡前１丁目２番１号神子岡エイト８Ｆ,6700055
6140001116965,大内食品株式会社,兵庫県,姫路市,別所町北宿１０５６番地,6710223
6140001117014,株式会社ＤＤＫ,兵庫県,姫路市,東夢前台３丁目８０番地ゆめさきコーポ１０３,6700064
6140001117071,株式会社佐保田設備,兵庫県,姫路市,香寺町田野４８番地１,6792153
6140001117261,株式会社スポリパアンドエンターテインメント,兵庫県,姫路市,紺屋町５１番地日姫興産ビル４階,6700924
6140001117534,株式会社西村塗装,兵庫県,姫路市,的形町的形１７６２番地５３,6710111
6140001117609,株式会社Ｓｉｌｌｙ,兵庫県,姫路市,広畑区夢前町１丁目１番地１−１階１３−Ｂ,6711122
6140001117633,株式会社リーペ,兵庫県,姫路市,網干区興浜６２７番地４,6711241
6140001117658,株式会社Ｙ−３,兵庫県,姫路市,山田町牧野４８９番地５,6792114
6140001117773,株式会社ＤＡＮ,兵庫県,姫路市,城東町野田２番地２京口第２団地９棟３０５号,6700844
6140001117807,株式会社ビジネスサポートＳＯＯＪＵ,兵庫県,姫路市,飾磨区野田町１７０番地プレステージ野田町２０３,6728040
6140001118111,株式会社ワークス,兵庫県,姫路市,飾磨区中島８０４番地１永田第２ビル１０２号,6728035
6140001118227,株式会社澪央,兵庫県,姫路市,白浜町甲４０２番地４３９,6728023
6140001118292,株式会社Ｎグループ,兵庫県,姫路市,大津区平松３１０番地１３,6711145
6140001118301,株式会社ＷＥＬＴＥＣ,兵庫県,姫路市,的形町的形７８７番地３３,6710111
6140001119217,ノアインベストメント株式会社,兵庫県,姫路市,東山５２４番地,6728014
6140001119316,株式会社兵庫管財,兵庫県,姫路市,御国野町御着９７８番地２,6710232
6140001119472,株式会社鬼若,兵庫県,姫路市,木場１３９６,6728016
6140001119605,株式会社ＭＡＴＳＵ,兵庫県,姫路市,広畑区北野町１丁目１７番地,6711112
6140001119869,株式会社岩本組,兵庫県,姫路市,網干区大江島１２４番地８,6711231
6140001119885,このはな株式会社,兵庫県,姫路市,香寺町土師１０１２番地,6792163
6140001119893,株式会社五色,兵庫県,姫路市,香寺町須加院３３８番地３８２,6792132
6140001119935,株式会社ＫＦＫＩ,兵庫県,姫路市,西夢前台３丁目４７,6712214
6140001119984,株式会社惠水導,兵庫県,姫路市,大津区天満９６４番地１１,6711143
6140001120034,木崎空調株式会社,兵庫県,姫路市,御国野町深志野１３７番地７,6710231
6140001120109,ナカチューミライフ株式会社,兵庫県,姫路市,西庄甲３８３番地１,6700981
6140001120265,株式会社ルミライズ,兵庫県,姫路市,飾東町佐良和２１５番地１１,6710217
6140001120356,株式会社Ｌｙｃｋａ,兵庫県,姫路市,飾磨区矢倉町１丁目１４番地,6728093
6140001120397,山本造船所株式会社,兵庫県,姫路市,家島町宮１９９０番地,6720102
6140001120488,株式会社グランエステート,兵庫県,姫路市,綿町１４２番地,6700921
6140001120661,株式会社ｏｎｅｓｐｅｃｉａｌ,兵庫県,姫路市,飾磨区須加２３０番地２,6728063
6140001120686,株式会社ユウホ,兵庫県,姫路市,大塩町７３番地５,6710101
6140001120744,株式会社ミズキコーポレーション,兵庫県,姫路市,刀出５９９番地１,6712241
6140001120793,Ｒｏｓｅｎ　Ｒｅｖｅ株式会社,兵庫県,姫路市,広畑区西夢前台７丁目７６番地,6711103
6140001120843,株式会社ミーナ,兵庫県,姫路市,飾磨区蓼野町４４番地,6728072
6140001120983,株式会社Ｋｎｅｃｔｏ,兵庫県,姫路市,広畑区長町１丁目２９番地,6711125
6140001121073,株式会社ＭＹＵ,兵庫県,姫路市,魚町４５番地まつびしビル３階３号室,6700905
6140001121148,ＣＯＮｅＹ　Ｃｒｅａｔｉｖｅ株式会社,兵庫県,姫路市,西延末４０３番地,6700971
6140001121214,株式会社カドフジ,兵庫県,姫路市,本町６８番地２４の１,6700012
6140001121263,三光建設株式会社,兵庫県,姫路市,飾磨区妻鹿３８４番地３,6728031
6140001121271,株式会社ワイズ経営,兵庫県,姫路市,飾磨区上野田５丁目１９６番地,6728043
6140001121437,ＡＴＳホールディングス株式会社,兵庫県,姫路市,土山６丁目５番１２号,6700996
6140001121825,株式会社ｉＤｅａｒ,兵庫県,姫路市,亀山２丁目１６７番地４０,6700973
6140001122220,株式会社さぎさわ,兵庫県,姫路市,夢前町山冨１５番地８４,6712123
6140001122245,株式会社Ｒ．Ｔ．Ｈ,兵庫県,姫路市,大津区恵美酒町１丁目１１７番１号,6711136
6140001122410,藤田設備工業株式会社,兵庫県,姫路市,夢前町護持２０６番地４２,6712136
6140001122476,つなげる株式会社,兵庫県,姫路市,下寺町１１４番地下寺町ビル５Ｆ,6700932
6140001122534,株式会社共生,兵庫県,姫路市,飾磨区中島字宝来３０５９番地の２３,6728035
6140001122591,大西ファースト株式会社,兵庫県,姫路市,新在家４丁目５番２３号,6700095
6140001122600,ＣｈｏＢｉｔＬｉｎｋｓ株式会社,兵庫県,姫路市,大津区平松９番地４,6711145
6140001122864,株式会社ｍｉｙａｂｉ,兵庫県,姫路市,保城４００番地５,6700804
6140001122914,株式会社ＳＫＹ,兵庫県,姫路市,本町１２７番地大手前ダイネンＢＬＤＩＩ３階,6700012
6140001122922,株式会社ゆずのか,兵庫県,姫路市,飾磨区細江１２２８番地,6728064
6140001122971,Ｔｒｅｅｓ株式会社,兵庫県,姫路市,的形町福泊３４４−４,6710112
6140001123268,株式会社Ｋ．Ｏテック,兵庫県,姫路市,広畑区蒲田１丁目９４番地１０３,6711102
6140001123301,株式会社カスタムショップノムラ,兵庫県,姫路市,飾磨区都倉２丁目１１９番地,6728046
6140001123474,株式会社ツカガワテック,兵庫県,姫路市,網干区高田１７番地２,6711226
6140001123524,株式会社繋,兵庫県,姫路市,東駅前町７６番地山田ビル２階,6700926
6140001123540,株式会社ＳＡＨＳ,兵庫県,姫路市,八代６９０−８,6700872
6140001123607,株式会社エイチティサービス,兵庫県,姫路市,西新町１２３番地,6700033
6140001123706,株式会社ＪＵＮ,兵庫県,姫路市,飾磨区上野田３丁目１１９番地,6728043
6140001124027,株式会社Ｅｍａｊｕｎ,兵庫県,姫路市,辻井８丁目６番２６号,6700083
6140001124092,株式会社北谷建設,兵庫県,姫路市,田寺７丁目２番１号,6700086
6140001124200,株式会社ＨＬＧＢ　ＳＴＵＤＩＯ,兵庫県,姫路市,香寺町須加院３３８番地２６５,6792132
6140001124233,株式会社ｃｏｃｏｒｏ,兵庫県,姫路市,香寺町中仁野３２８番地３,6792143
6140001124290,株式会社コスモフーズ,兵庫県,姫路市,塩町１４８番地相生ビル１階,6700904
6140001124357,株式会社ティードリーム,兵庫県,姫路市,青山西４丁目１１番２６号,6712224
6140001124571,株式会社黒田住建,兵庫県,姫路市,白浜町丙４８４番地５３−３０４号,6728023
6140001124753,株式会社ｇｅｎｅｒａｌ　ｍｅｒｃｈａｎｔ,兵庫県,姫路市,苫編６２８番地１,6700986
6140001124951,株式会社Ｈａｒｄ　Ｂｏｏｋ　Ｌａｂｏ,兵庫県,姫路市,駅前町３１９番地,6700927
6140001124976,株式会社扶桑,兵庫県,姫路市,飾磨区大浜１８番地,6728062
6140001125454,株式会社ＳＴＯ,兵庫県,姫路市,継１９３番地,6728004
6140001125644,株式会社ＳＵＭＯＭＩＴ,兵庫県,姫路市,本町２３３岸田ビル,6700012
6140001125917,株式会社中島工業,兵庫県,姫路市,東今宿３丁目５番２０号今村店舗２Ｆ東,6700056
6140001126213,株式会社Ｔｅａｍ　Ｒｅｖｏ,兵庫県,姫路市,阿保甲２１６番地１、２階,6700944
6140001126394,泰進建設株式会社,兵庫県,姫路市,南条１０番地２Ｔ−ＢＬＤ南条３階３０１号室,6700952
6140001126477,株式会社フィットネス芸人,兵庫県,姫路市,網干区垣内本町１５３１番地３,6711257
6140001126527,株式会社三期テクニカ,兵庫県,姫路市,別所町北宿１０７６番地３−２,6710223
6140001126535,株式会社Ｓｍｉｌｅ　Ｗｏｏｄ工房,兵庫県,姫路市,大津区吉美２１１番地４,6711133
6140001126849,株式会社ＦＵＪＩ　ＴＲＵＳＴ,兵庫県,姫路市,岡町５番地,6700026
6140001126923,ゆずきレンタカーリース株式会社,兵庫県,姫路市,広畑区西蒲田５４６番地１９,6711107
6140001126997,株式会社瀬戸内商事,兵庫県,姫路市,御立西２丁目６番２０号Ｆ御立ビル２０２号室,6700074
6140001127112,株式会社アークス,兵庫県,姫路市,東延末４丁目８１番地,6700965
6140001127252,株式会社ＨＡＮＡＴＥＣ,兵庫県,姫路市,書写１０１９番地５７０,6712201
6140001127426,株式会社三九,兵庫県,姫路市,宮西町４丁目４１番地,6700837
6140001127649,株式会社ジュニア,兵庫県,姫路市,広畑区小坂３０３番地４,6711156
6140001127839,株式会社ＫＳ開発,兵庫県,姫路市,青山西４丁目１４番２−１,6712224
6140001127855,ＳＫＹＬＡＢ株式会社,兵庫県,姫路市,香寺町恒屋１０４６番地１,6792165
6140001127888,株式会社井上動物病院,兵庫県,姫路市,神田町２丁目１０番地,6700991
6140001128143,株式会社ゼロイチ,兵庫県,姫路市,塩町１９３番地アチーブ英真２０１,6700904
6140001128300,株式会社Ｔｏｒｔｕｅ,兵庫県,姫路市,西新在家３丁目６番２６号,6700096
6140001128374,株式会社ＴＭＤ,兵庫県,姫路市,田寺１丁目７番５号,6700086
6140001128457,株式会社西村電設,兵庫県,姫路市,香寺町土師西狭間１１８７,6792163
6140001128614,株式会社ＴＫＣ,兵庫県,姫路市,夢前町護持１３６４番地１６３,6712136
6140001128746,株式会社ＫＯＭＩＫＥＮ,兵庫県,姫路市,白浜町甲２４７６番地１,6728023
6140001129042,株式会社ＱＵＢＥＬ,兵庫県,姫路市,広畑区小松町３丁目６番地１,6711152
6140001129083,株式会社Ｊｏｙ　Ｗｏｒｌｄ,兵庫県,姫路市,城見台３丁目９番地５,6700803
6140001129315,株式会社ＫＨテック,兵庫県,姫路市,福中町３６番地スミヨン福中町４階,6700017
6140001129356,株式会社Ｒｅ‐ｍａｋｅ,兵庫県,姫路市,飾磨区城南町１丁目５３番地ル・クプルプラースＩＩ１０３,6728083
6140001129406,株式会社坂井ポンプ,兵庫県,姫路市,網干区浜田１００４番地３０,6711242
6140001129463,株式会社豐広,兵庫県,姫路市,香寺町溝口４８８番地２０,6792161
6140001129604,株式会社トライサード,兵庫県,姫路市,手柄３９９番地,6700972
6140001129661,株式会社うめ鉄工業,兵庫県,姫路市,飾磨区阿成植木９４０,6728030
6140001130090,株式会社秋武工業,兵庫県,姫路市,勝原区下太田３２８番地１３,6711201
6140001130165,株式会社アイテック,兵庫県,姫路市,豊富町甲丘３丁目９４番地１,6792124
6140001130347,株式会社さくらコーポレーション,兵庫県,姫路市,楠町１２６,6700826
6140001130363,セイカリサーチ株式会社,兵庫県,姫路市,飾磨区入船町１番地,6728076
6140001130818,株式会社ＳＥＬＦＲＥＥ,兵庫県,姫路市,飾磨区城南町１丁目１３番地４,6728083
6140001130859,株式会社日の出,兵庫県,姫路市,飾磨区下野田４丁目５３５番地,6728044
6140001130941,株式会社ＩＴＡ,兵庫県,姫路市,飾磨区西浜町１丁目６番地１,6728086
6140001130990,株式会社ｋｉｘ,兵庫県,姫路市,南畝町２丁目１３７番地第２ハヤシビル１階,6700961
6140001131048,清瀬興業株式会社,兵庫県,姫路市,青山南２丁目６番１３号,6712223
6140001131205,株式会社ＪＡＵ,兵庫県,姫路市,打越３８８番地３,6712246
6140001131312,株式会社ジュラ,兵庫県,姫路市,広畑区蒲田５１４番地,6711102
6140001131519,株式会社リミレス,兵庫県,姫路市,三左衛門堀西の町４０番地サンザ・デ・ヤシキＭ−３号,6700940
6140001131626,株式会社Ｍ・Ｃｒａｆｔ,兵庫県,姫路市,栗山町１２６番地イノウエビル１Ａ,6700954
6140001131782,株式会社ナカジ設備,兵庫県,姫路市,広畑区才７３番地８,6711104
6140001131808,株式会社ＳＫ　Ｆｒｅｅ,兵庫県,姫路市,飾磨区中野田３丁目４４番地,6728045
6140001131948,伯虎株式会社,兵庫県,姫路市,花田町上原田２番地１−２Ｆ,6710251
6140001132054,ＹＵＫ株式会社,兵庫県,姫路市,的形町的形１９３３番地,6710111
6140001132252,ヴィリオン株式会社,兵庫県,姫路市,大塩町１９７７番地１４ラフェスタ大塩１００１,6710101
6140001132459,Ｇｒｏｗ株式会社,兵庫県,姫路市,上手野１１３番地２,6700065
6140001132665,株式会社ＩＮＴＥＲＩＯＲ　ＳＴＹＬＩＮＧ　ＳＡＬＯＮ,兵庫県,姫路市,下手野３丁目１７番１８号,6700063
6140001133044,株式会社ＨＯＭＥ,兵庫県,姫路市,十二所前町８５番地ＭＫ．ＦＯＲＴ,6700911
6140001133283,株式会社優貴防犯設備,兵庫県,姫路市,南条２丁目８７−２０１,6700952
6140001133374,株式会社ルウキー,兵庫県,姫路市,保城９０１番地４,6700804
6140001133408,株式会社ＡＫＯＮＩＲ・ＣＯＳＭＥＴＩＣＳ,兵庫県,姫路市,広畑区西蒲田３４番地６,6711107
6140001133481,株式会社みかえる学園,兵庫県,姫路市,書写２４２９番地,6712201
6140001133498,株式会社アイスは別腹,兵庫県,姫路市,北条口２丁目６９番地ＭＷビル２Ｆ,6700935
6140001133606,株式会社英泉,兵庫県,姫路市,南町１１番地キャピタルｉ姫路２Ｆ,6700912
6140001133762,株式会社笑顔の源カンパニー,兵庫県,姫路市,飾磨区下野田２丁目４８０−２０,6728044
6140001134075,株式会社ＴＭＡコバヤシ,兵庫県,姫路市,夢前町寺３５４番地５２,6712116
6140001134447,株式会社聡志電設,兵庫県,姫路市,仁豊野９４３番地２３５,6700801
6140001134562,株式会社大和,兵庫県,姫路市,安田３丁目２６番地９０３,6700955
6140001134620,株式会社マツモト林業,兵庫県,姫路市,余部区上余部７３８番地１１,6711262
6140001134629,株式会社ルビコン,兵庫県,姫路市,本町２３９サンワプラザ大手前通２０２号室,6700012
6140001134653,株式会社ａｉ,兵庫県,姫路市,北今宿３丁目１７番３−５号,6700057
6140001134959,株式会社ＴＨＳキャリア,兵庫県,姫路市,夢前町山冨４０番地,6712123
6140001135016,株式会社Ｅｎ　Ｄｅｓｉｇｎ,兵庫県,姫路市,花田町一本松９０番地１,6710253
6140001135065,モズ株式会社,兵庫県,姫路市,御国野町御着２８７番地,6710232
6140001135131,ＧＲＥＥＮ　ＲＯＯＭ　ＷＯＲＫＳ株式会社,兵庫県,姫路市,西中島３１−１２−Ａ−１０３,6700805
6140001135172,株式会社ＴＲＤ,兵庫県,姫路市,花田町加納原田４３７−３,6710252
6140001135197,株式会社Ｂｉｚサポ,兵庫県,姫路市,飾磨区英賀西町２丁目７番地,6728088
6140001135569,株式会社ゼブラファーム姫路,兵庫県,姫路市,余部区下余部１６２−１,6711261
6140001136022,株式会社花森家,兵庫県,姫路市,同心町６４番地１９,6700856
6140001136039,株式会社シンスター,兵庫県,姫路市,広畑区才１２９−１−８１１室,6711104
6140001136220,株式会社ＲＭＫ,兵庫県,姫路市,飾磨区野田町１２７番地高田姫路南ビル５階,6728040
6140001136591,Ｈｅｎｓｏｎ株式会社,兵庫県,姫路市,白鳥台１丁目１９番２８号,6712245
6140001136749,株式会社Ａｏｉ,兵庫県,姫路市,書写台３丁目５７番地,6712203
6140001136773,株式会社川口興業,兵庫県,姫路市,余部区上余部２１８番地５,6711262
6140001136914,株式会社岸上組,兵庫県,姫路市,網干区坂上３１７−５−１０３,6711223
6140001136955,株式会社オカダ,兵庫県,姫路市,東今宿６丁目１３番５号,6700056
6140001137210,株式会社アリス,兵庫県,姫路市,飾磨区城南町３丁目６７番地プリムローズ英賀保２０５,6728083
6140001137631,株式会社平原工業,兵庫県,姫路市,飾磨区細江７７８番地Ｂ,6728064
6140001137755,株式会社志方工業,兵庫県,姫路市,城東町清水１６番地京口団地２棟１０７号,6700843
6140001137862,ＪＨ　ＴＲＡＤＩＮＧ株式会社,兵庫県,姫路市,香寺町香呂５２番地５ＣＨｏｕｓｅ２０１,6792151
6140001138316,株式会社Ｐ＆Ｔ,兵庫県,姫路市,福中町３４番地,6700017
6140001138415,株式会社北播サービス,兵庫県,姫路市,増位新町２丁目４２番地,6700806
6140001138563,株式会社三木冷熱設備,兵庫県,姫路市,梅ケ谷町１７番２７号,6700894
6140001138902,パイオニアミック精工株式会社,兵庫県,姫路市,花田町加納原田９０６番地,6710252
6140001139157,株式会社ウッドテール,兵庫県,姫路市,白浜町神田２丁目５番地１,6728011
6140001139198,株式会社ＳＰＩＬＬ　ＳＴＡＧＥ,兵庫県,姫路市,夢前町菅生澗１５４０−３,6712134
6140001139264,株式会社森吉電工,兵庫県,姫路市,飾磨区英賀宮町２丁目６４番地３,6728080
6140001139388,株式会社こころ調剤薬局,兵庫県,姫路市,飾磨区三宅１丁目１９２番地,6728048
6140001139462,株式会社ＮＫＳホールディングス,兵庫県,姫路市,別所町別所１８０５番地,6710221
6140001139495,株式会社リアルビレッジ,兵庫県,姫路市,飾磨区英賀宮台１−１,6728089
6140001139867,河野不動産株式会社,兵庫県,姫路市,白浜町宇佐崎北３丁目２５番地,6728013
6140001139875,株式会社竹村商事,兵庫県,姫路市,飾磨区大浜３２,6728062
6140001140206,井上商店株式会社,兵庫県,姫路市,飾磨区山崎２７９番地,6728097
6140001140222,株式会社ミゾグチ,兵庫県,姫路市,広畑区早瀬町３丁目２６番地,6711151
6140001140346,株式会社清水製作所,兵庫県,姫路市,飾磨区今在家１１２８番地４,6728079
6140001140437,エムズスペース株式会社,兵庫県,姫路市,東山５２４番地,6728014
6140001140461,ＭＥＧＵＲＩ製薬株式会社,兵庫県,姫路市,飾磨区三宅３丁目２６第１圭秀舎ビル２０２号,6728048
6140001140503,株式会社和栄,兵庫県,姫路市,網干区高田２５７番地,6711226
6140001140718,Ｌ．Ｆ．Ｃ株式会社,兵庫県,姫路市,八代緑ケ丘町１３番２３号,6700886
6140001141328,株式会社ＤＥＮ　ＤＥＳＩＧＮ,兵庫県,姫路市,香寺町土師西狭間１１８７,6792163
6140001141344,株式会社ＲＴクリエイト,兵庫県,姫路市,大津区西土井２０番地５,6711141
6140001141526,リノワン不動産株式会社,兵庫県,姫路市,北今宿２丁目１番１０号,6700057
6140001141575,株式会社名定エンジニアリング,兵庫県,姫路市,夢前町新庄１３９３番地１,6712102
6140001141583,株式会社ＶＥＴ・ＭＩＳ‐ＨＵＢ,兵庫県,姫路市,野里５６９番地の１,6700811
6140001141732,ＨＡＮＡ　ＡＳＳＥＴ株式会社,兵庫県,姫路市,西新在家３丁目４番８号,6700096
6140001141947,株式会社ＷＩＬＬ　ｔｏ　ＷＡＹ,兵庫県,姫路市,栗山町１１１番地１ＭＩＳＴＲＡＬ栗山町６０３号室,6700954
6140001141996,株式会社Ｔａｋａｔａ　Ｄｅｎｋｉ,兵庫県,姫路市,網干区新在家１４３７番地９,6711234
6140001142177,株式会社ＭＩＤＡＳ,兵庫県,姫路市,久保町２１番地末広ビル２階,6700916
6140001142185,株式会社角田ホールディングス,兵庫県,姫路市,呉服町２７番地,6700923
6140001142284,株式会社栄絢サービス,兵庫県,姫路市,広畑区蒲田３丁目６２番地１,6711102
6140001142482,株式会社暮らし百貨,兵庫県,姫路市,山田町西山田１９６番地,6792115
6140002019936,株式会社安住館,兵庫県,姫路市,東山１４２７番地,6728014
6140002025694,株式会社関西テクノサービス,兵庫県,姫路市,御国野町御着１０３１番地１１,6710232
6140002038481,ＴＭＳ神戸株式会社,兵庫県,姫路市,西今宿２丁目１番１０号,6700061
6140002038663,株式会社トラストマシン,兵庫県,姫路市,南条４３４番地２Ｆ,6700952
6140002047607,株式会社ウチダ電機産業,兵庫県,姫路市,木場前中町１７番地,6728018
6140002047805,株式会社Ｈ＆Ｃ,兵庫県,姫路市,城北本町１６番１１号,6700884
6140002048126,株式会社川西電気,兵庫県,姫路市,飾東町塩崎８１５番地の６,6710211
6140002048555,株式会社コンドウ住建,兵庫県,姫路市,広畑区高浜町３丁目９２番地,6711153
6140002049363,株式会社ＷＩＴＨ,兵庫県,姫路市,土山東の町１３番６号,6700995
6140002049850,株式会社鳥本電設,兵庫県,姫路市,青山４丁目２３番５号,6712222
6140002050131,株式会社長谷川建工,兵庫県,姫路市,御立西５丁目４番１９号,6700074
6140002050528,株式会社フラップゼロ,兵庫県,姫路市,飾磨区宮４１番地,6728055
6140002050544,株式会社プーレまつもと,兵庫県,姫路市,網干区興浜２０９３番地の１３３,6711241
6140002052391,株式会社光商マテリアル,兵庫県,姫路市,飾磨区細江１３０４番地,6728064
6140002052417,株式会社アンド,兵庫県,姫路市,白浜町甲３５２番地の１,6728023
6140002052813,株式会社オール,兵庫県,姫路市,神和町９番地１,6700834
6140002053357,株式会社仙洲,兵庫県,姫路市,上手野３８０番地,6700065
6140002054140,創一建設株式会社,兵庫県,姫路市,田寺東２丁目２９番１６号,6700081
6140003006958,株式会社飯塚,兵庫県,姫路市,坂田町１３６番地,6700931
6140003009894,株式会社ワンパレード,兵庫県,姫路市,岡田３３３番地３,6700982
6140003013203,クロノス株式会社,兵庫県,姫路市,広畑区高浜町１丁目５４番地ファーストイン広畑１階,6711153
6140003013293,サンクスホーム株式会社,兵庫県,姫路市,市川台１丁目１０６番地１ＢＳＳビル３Ｆ,6700822
6140003018144,Ｋ＆ＲＥＡＬプロパティ株式会社,兵庫県,姫路市,伊伝居６４５番地５,6700871
6150001025348,株式会社ＷＡＹＳコンサルティング,兵庫県,姫路市,書写２８９−６−１０２,6712201
6220001011431,ラクトシステム株式会社,兵庫県,姫路市,飾磨区野田町６１番地１,6728040
6260001025130,株式会社ＵＲ通商,兵庫県,姫路市,東山１４３７番地,6728014
6400001005118,株式会社Ｍ＆Ｙエステート,兵庫県,姫路市,大津区大津町１丁目１６番地１大津ライフマンション３０５号,6711146
7010001134797,株式会社成長企業研究所,兵庫県,姫路市,田寺東１丁目１９番５号,6700081
7010001195360,株式会社ストック,兵庫県,姫路市,飾磨区妻鹿７９１番地の１０,6728031
7011001090865,Ｒｅｍｅｌｔ　Ｓｏｕｒｃｅｓ−Ｊａｐａｎ株式会社,兵庫県,姫路市,飾磨区中浜町３丁目１８１番地３,6728085
7011201007074,株式会社やすらぎ農業,兵庫県,姫路市,古二階町７７番地ワコーレ姫路ザ・スイート１００１号,6700936
7020001140200,アクセス株式会社,兵庫県,姫路市,広畑区東新町２丁目１３番地１,6711121
7120001043640,株式会社三晃自動車運輸商会,兵庫県,姫路市,石倉９４６番地６１,6712231
7120001141956,株式会社重伸,兵庫県,姫路市,東駅前町８８番地,6700926
7120001170385,日本航産株式会社,兵庫県,姫路市,林田町中山下２０番地４,6794214
7120001208128,ポポ・ケセラセラ株式会社,兵庫県,姫路市,新在家１丁目２−２１,6700095
7120001275218,株式会社ミヤパレスワン,兵庫県,姫路市,三左衛門堀東の町７６番地リーガルビル３−Ａ,6700949
7120101029762,株式会社春光,兵庫県,姫路市,飾磨区英賀清水町１丁目６５番地２,6728084
7120903004327,株式会社アシダ,兵庫県,姫路市,香寺町香呂５０−１７,6792151
7130001051535,株式会社三和グループ,兵庫県,姫路市,林田町林谷２０番地３,6794221
7140001026404,トリニティフェニックス株式会社,兵庫県,姫路市,御国野町国分寺２０８番地１,6710234
7140001029101,株式会社日本サンドシステム,兵庫県,姫路市,保城６２番地の６,6700804
7140001032625,大川港運株式会社,兵庫県,姫路市,大塩町５６７番地１０,6710101
7140001033425,株式会社高瀬フードサービス,兵庫県,姫路市,飯田６２７番地５号,6700974
7140001033557,ＥＰＲ株式会社,兵庫県,姫路市,砥堀８００番地３,6700802
7140001040660,株式会社家族葬安心さぽーとせんたー,兵庫県,姫路市,北今宿２丁目４番４３号,6700057
7140001045437,株式会社Ｓａｌｏｏｎ　ｃｒｅａｔｉｖｅ　ａｇｅｎｃｙ,兵庫県,姫路市,西延末８９−１,6700971
7140001046113,集株式会社,兵庫県,姫路市,余部区上川原１１７−３,6711263
7140001047004,株式会社リンクス,兵庫県,姫路市,中地４４番地２,6700976
7140001057424,株式会社アイ,兵庫県,姫路市,五軒邸４丁目７９番地,6700854
7140001057432,株式会社アオイ設備工業,兵庫県,姫路市,勝原区朝日谷６５１番地の１,6711204
7140001057440,株式会社アイ建装,兵庫県,姫路市,西延末４２１番地,6700971
7140001057449,石川システムエンジニアリング株式会社,兵庫県,姫路市,土山７丁目６番２２号,6700996
7140001057457,株式会社アーサーチヤネル,兵庫県,姫路市,岡町４０番地の２２,6700026
7140001057465,株式会社アイテイテック,兵庫県,姫路市,飾東町豊国２９０番地の２,6710219
7140001057473,青田商運株式会社,兵庫県,姫路市,山田町多田８１４番地の５,6792111
7140001057481,株式会社アーバン印刷,兵庫県,姫路市,北新在家２丁目２０番６号,6700091
7140001057498,青山貿易株式会社,兵庫県,姫路市,青山１４６４番地,6712222
7140001057507,愛和電工株式会社,兵庫県,姫路市,八代緑ケ丘町７番４１号,6700886
7140001057523,株式会社明石建設,兵庫県,姫路市,栗山町２９番地,6700954
7140001057531,株式会社あくと,兵庫県,姫路市,南畝町１丁目４１番地,6700961
7140001057548,株式会社亜細亜貴金属,兵庫県,姫路市,土山７丁目９番３号,6700996
7140001057556,アスカ建設株式会社,兵庫県,姫路市,南条２１番地の１,6700952
7140001057572,浅野工業株式会社,兵庫県,姫路市,白鳥台２丁目４−１７,6712245
7140001057580,株式会社旭建装,兵庫県,姫路市,西今宿５丁目８番８号,6700061
7140001057589,朝日スポンヂ工業株式会社,兵庫県,姫路市,大善町８０番地,6700833
7140001057597,株式会社朝日電機製作所,兵庫県,姫路市,宮西町４丁目１１番地の１,6700837
7140001057606,旭燐寸株式会社,兵庫県,姫路市,東山１２４５番地,6728014
7140001057614,アジヤ商事株式会社,兵庫県,姫路市,飾東町清住４０５番地,6710205
7140001057639,網干塗料株式会社,兵庫県,姫路市,広畑区長町１丁目４９番地の２,6711125
7140001057655,アメリカングランドパシフィック株式会社,兵庫県,姫路市,南駅前町９３番地西川ビル,6700962
7140001057671,株式会社デュアルアクト,兵庫県,姫路市,南今宿２番３７,6700054
7140001057696,イーグレット株式会社,兵庫県,姫路市,東延末３丁目１２番地,6700965
7140001057705,飯塚造園土木株式会社,兵庫県,姫路市,岡田３９１番地,6700982
7140001057713,株式会社池内商店,兵庫県,姫路市,手柄１丁目２５番地,6700972
7140001057721,イケダ企画株式会社,兵庫県,姫路市,上手野４１５番地の１,6700065
7140001057738,石川産業株式会社,兵庫県,姫路市,土山７丁目６番２２号,6700996
7140001057746,イセダ車輌株式会社,兵庫県,姫路市,砥堀１１５番地の１,6700802
7140001057754,株式会社石本商店,兵庫県,姫路市,白銀町７９番地,6700902
7140001057762,株式会社伊藤興業,兵庫県,姫路市,飾磨区英賀１９２６番地の７,6728078
7140001057770,伊藤電気株式会社,兵庫県,姫路市,花影町３丁目１番地,6700047
7140001057779,株式会社市川ショッピングプラザ,兵庫県,姫路市,西二階町４５番地３０２号,6700901
7140001057787,株式会社インテックスオノエ,兵庫県,姫路市,南条６３７番地,6700952
7140001057804,株式会社イチロウ産業,兵庫県,姫路市,北新在家２丁目２０番１１号,6700091
7140001057812,株式会社井上ガス,兵庫県,姫路市,坂元町５８番地,6700016
7140001057820,株式会社井上鉄工所,兵庫県,姫路市,網干区浜田１２８７番地の１０,6711242
7140001057829,揖南振興株式会社,兵庫県,姫路市,網干区垣内本町４１８番地,6711257
7140001057837,株式会社ワイズテック,兵庫県,姫路市,飾磨区加茂２９４番地１,6728074
7140001057845,株式会社今井地所,兵庫県,姫路市,材木町２６番地,6700025
7140001057853,今村エンタープライズ株式会社,兵庫県,姫路市,飾磨区恵美酒４１４番地,6728057
7140001057878,株式会社ウヱダ,兵庫県,姫路市,田井台１番地の１６,6712211
7140001057894,株式会社上野商会,兵庫県,姫路市,東雲町１丁目４７番地,6700046
7140001057903,株式会社魚よし,兵庫県,姫路市,余部区上余部２２８番地の３,6711262
7140001057911,株式会社牛尾組,兵庫県,姫路市,飾磨区英賀東町２丁目３番地の２,6728087
7140001057928,梅沢食品株式会社,兵庫県,姫路市,飾磨区清水１丁目３４番地,6728051
7140001057936,株式会社浦岡製作所,兵庫県,姫路市,豊富町豊富３６０５番地,6792123
7140001057952,株式会社永宏商事,兵庫県,姫路市,仁豊野５４８番地２,6700801
7140001057960,エイシン建設株式会社,兵庫県,姫路市,船津町４０４０番地の２,6792101
7140001057977,株式会社エィペックス・キョクヨー,兵庫県,姫路市,飾磨区中島３２４６番地,6728035
7140001057985,永和工業株式会社,兵庫県,姫路市,西脇６８９番地の１,6712234
7140001057993,株式会社エキスパート,兵庫県,姫路市,北新在家２丁目１２番５号,6700091
7140001058001,株式会社アビックス,兵庫県,姫路市,広畑区正門通４丁目３番地３,6711116
7140001058018,株式会社エヌ・ワイ・エヌ,兵庫県,姫路市,田寺１丁目２番１１号サンパティック田寺Ｂ−２０１,6700086
7140001058034,株式会社エム・アール・シー,兵庫県,姫路市,城東町五軒屋３番地６,6700849
7140001058042,株式会社エム情報センター,兵庫県,姫路市,北今宿２丁目５番２２号,6700057
7140001058059,オーエス産業株式会社,兵庫県,姫路市,伊伝居４４８番地の１２,6700871
7140001058075,株式会社岡崎衡器製作所,兵庫県,姫路市,船橋町２丁目５９番地,6700048
7140001058083,株式会社三井実業,兵庫県,姫路市,八代３５３番地の１４,6700872
7140001058091,株式会社大阪日東社,兵庫県,姫路市,東山５２４番地,6728014
7140001058109,株式会社大津,兵庫県,姫路市,西庄甲１０２番地,6700981
7140001058117,大手前自動車工業株式会社,兵庫県,姫路市,城東町毘沙門８番地,6700842
7140001058141,株式会社ウィル・ビー,兵庫県,姫路市,名古山町１１番３９号,6700051
7140001058158,株式会社奥野組,兵庫県,姫路市,八家１３０３番地の３,6728015
7140001058166,岡本鋼業株式会社,兵庫県,姫路市,飾磨区今在家１１１３番地の６,6728079
7140001058182,株式会社小田製材所,兵庫県,姫路市,豊富町御蔭１２５２番地,6792122
7140001058190,株式会社尾上製作所,兵庫県,姫路市,船津町４６０３番地の２,6792101
7140001058199,小野電器株式会社,兵庫県,姫路市,網干区垣内中町１３３番地,6711253
7140001058208,株式会社おやつの店キムラヤ,兵庫県,姫路市,辻井３丁目５番１７号,6700083
7140001058216,株式会社開成,兵庫県,姫路市,林田町林田９６番地,6794206
7140001058232,環境管理株式会社,兵庫県,姫路市,勝原区熊見３番地５,6711211
7140001058257,関西産業株式会社,兵庫県,姫路市,北新在家２丁目５番１７号,6700091
7140001058265,関西電業株式会社,兵庫県,姫路市,御立西６丁目８番１０号,6700074
7140001058273,株式会社関西物流,兵庫県,姫路市,土山東の町２番１６号,6700995
7140001058281,梶浦住宅株式会社,兵庫県,姫路市,広峰１丁目５番１２号,6700882
7140001058298,鹿島設備産業株式会社,兵庫県,姫路市,野里慶雲寺前町１２番１号,6700813
7140001058307,株式会社カンダ,兵庫県,姫路市,紺屋町６１番地,6700924
7140001058315,加藤コンサルタント株式会社,兵庫県,姫路市,広畑区吾妻町１丁目３５番地の３,6711154
7140001058323,勝建設株式会社,兵庫県,姫路市,東今宿２丁目７番９号,6700056
7140001058331,株式会社かつら,兵庫県,姫路市,博労町１２６番地,6700906
7140001058348,株式会社金澤商店,兵庫県,姫路市,北条口１丁目２４番地,6700935
7140001058356,株式会社金福商店,兵庫県,姫路市,花田町高木４０９番地１,6710256
7140001058364,株式会社賀美華,兵庫県,姫路市,西夢前台２丁目１２０番地,6712214
7140001058372,株式会社ライジンテック,兵庫県,姫路市,北条宮の町２３３番地,6700948
7140001058389,株式会社川上鉄工,兵庫県,姫路市,網干区新在家３６３番地の２７,6711234
7140001058397,株式会社カワジリ工業,兵庫県,姫路市,広畑区早瀬町２丁目８９番地,6711151
7140001058406,河部精密工業株式会社,兵庫県,姫路市,西今宿１丁目３番１２号,6700061
7140001058414,株式会社キーワード,兵庫県,姫路市,田寺東２丁目２９番１７号,6700081
7140001058422,義功実業株式会社,兵庫県,姫路市,継５６０番地の１,6728004
7140001058430,菊水産業株式会社,兵庫県,姫路市,御国野町御着字東大門６７９番地,6710232
7140001058455,株式会社キシモト,兵庫県,姫路市,玉手４丁目９３番地,6700985
7140001058463,株式会社北川製作所,兵庫県,姫路市,町田１６８番地の２,6712217
7140001058496,衣川機械製鎖株式会社,兵庫県,姫路市,飾磨区阿成渡場１１０２番地の５,6728039
7140001058505,銀ビル興産株式会社,兵庫県,姫路市,南町３１番地,6700912
7140001058513,株式会社キョーエイ・インターナショナル,兵庫県,姫路市,安田４丁目４７番地の８朝日ビル３Ｆ,6700955
7140001058521,共栄住設株式会社,兵庫県,姫路市,岡田７２０番地の１,6700982
7140001058546,共和運輸工業株式会社,兵庫県,姫路市,飾磨区城南町２丁目４４番地,6728083
7140001058554,株式会社共立機械商会,兵庫県,姫路市,西夢前台２丁目９１番地,6712214
7140001058562,極東電機株式会社,兵庫県,姫路市,高尾町３４番地,6700915
7140001058570,キヤニオン製靴株式会社,兵庫県,姫路市,林田町上構３３８番地の１,6794204
7140001058595,株式会社クリエイト,兵庫県,姫路市,苫編２２４番地,6700986
7140001058604,株式会社クレアチオ,兵庫県,姫路市,飾磨区構４丁目１４０番地,6728071
7140001058620,黒木工業株式会社,兵庫県,姫路市,広畑区吾妻町１丁目５６番地,6711154
7140001058629,株式会社黒田商店,兵庫県,姫路市,南町４０番地,6700912
7140001058637,黒田機械金属株式会社,兵庫県,姫路市,山吹２丁目１２番１６号,6700085
7140001058653,株式会社グランママ姫路,兵庫県,姫路市,増位本町１丁目４番１７号,6700807
7140001058678,株式会社警備ひゃく,兵庫県,姫路市,飾磨区下野田２丁目３１３番地１,6728044
7140001058686,建設機械土木株式会社,兵庫県,姫路市,飾磨区英賀西町２丁目７番地,6728088
7140001058694,株式会社宏榮,兵庫県,姫路市,余部区下余部１１１番地の１,6711261
7140001058703,光栄メディア通信株式会社,兵庫県,姫路市,南今宿８番２２号,6700054
7140001058711,株式会社弘研エンジニアリング,兵庫県,姫路市,飾磨区蓼野町１７３番地,6728072
7140001058728,光伸テクニカル株式会社,兵庫県,姫路市,飾磨区上野田６丁目１５番地,6728043
7140001058736,株式会社合田建機舶用,兵庫県,姫路市,家島町真浦２１３９番地１,6720101
7140001058744,株式会社河野クレーン,兵庫県,姫路市,白浜町丙３５９番地の４,6728023
7140001058760,株式会社広文社,兵庫県,姫路市,堺町３番地,6700014
7140001058777,宏陽軽金属株式会社,兵庫県,姫路市,飾磨区英賀甲１９３０番地の１,6728078
7140001058785,広陽電業株式会社,兵庫県,姫路市,大津区平松５６番地の４,6711145
7140001058819,株式会社コスモ,兵庫県,姫路市,飾磨区中島１丁目２３６番地,6728035
7140001058827,五大株式会社,兵庫県,姫路市,古二階町１３５番地,6700936
7140001058835,後藤ボイラー工業株式会社,兵庫県,姫路市,林田町下伊勢４１８番地の１３５,6794233
7140001058851,株式会社コトブキヤ,兵庫県,姫路市,亀井町６５番地,6700925
7140001058868,こばやし石油株式会社,兵庫県,姫路市,山吹１丁目６番３８号,6700085
7140001058876,株式会社小平工業,兵庫県,姫路市,飾磨区妻鹿１４２０番地の１,6728031
7140001058884,株式会社コムハウスコーポレーション,兵庫県,姫路市,書写６７０番地の１,6712201
7140001058901,株式会社山陽計装,兵庫県,姫路市,飯田２丁目３０７番地の３５,6700974
7140001058934,株式会社三陽電工,兵庫県,姫路市,広畑区北野町１丁目４８番地の６,6711112
7140001058942,山陽ハウス株式会社,兵庫県,姫路市,国府寺町６１番地,6700852
7140001058959,三榮株式会社,兵庫県,姫路市,四郷町本郷金市５１番地の１,6710243
7140001058967,株式会社三栄建装,兵庫県,姫路市,下手野５丁目２４番３号,6700063
7140001058975,三栄被服株式会社,兵庫県,姫路市,岩端町８０番地,6700028
7140001058983,齊藤興産株式会社,兵庫県,姫路市,土山２丁目１２番３８号,6700996
7140001059016,栄商事株式会社,兵庫県,姫路市,広畑区東新町１丁目３８番地,6711121
7140001059032,坂上建設株式会社,兵庫県,姫路市,飾磨区城南町３丁目４６番地,6728083
7140001059049,株式会社阪本工務店,兵庫県,姫路市,勝原区宮田３６番地の２０,6711213
7140001059065,姫路魚市場株式会社,兵庫県,姫路市,白浜町甲８４１番地３５,6728023
7140001059073,さくらい工業株式会社,兵庫県,姫路市,御国野町御着五反坪８番地,6710232
7140001059081,株式会社三星,兵庫県,姫路市,白浜町宇佐崎北１丁目１６０番地,6728013
7140001059098,三進食品株式会社,兵庫県,姫路市,飯田３丁目１１５番地,6700974
7140001059115,サントクテック株式会社,兵庫県,姫路市,飾磨区中島１６７６番地,6728035
7140001059123,株式会社サンデック,兵庫県,姫路市,本町１７２番地,6700012
7140001059148,株式会社サンミッシェル,兵庫県,姫路市,紺屋町７３番地,6700924
7140001059156,株式会社三和,兵庫県,姫路市,忍町１０６番地,6700917
7140001059180,株式会社サンワ商會,兵庫県,姫路市,東延末２丁目５８番地,6700965
7140001059197,株式会社三和美容商会,兵庫県,姫路市,野里東町８番６号,6700861
7140001059206,株式会社ジエイ・エム・ビー,兵庫県,姫路市,平野町３７番地（アシヤ印刷株式会社内）,6700933
7140001059214,株式会社ジェイ教育システムズ,兵庫県,姫路市,東延末１丁目１番地,6700965
7140001059230,株式会社シーズコーポレーション,兵庫県,姫路市,城東町６４番地の１,6700841
7140001059239,ジーピーエム株式会社,兵庫県,姫路市,千代田町７３１番地の１,6700993
7140001059247,株式会社資興,兵庫県,姫路市,西延末１７６番地の１,6700971
7140001059255,神興産業株式会社,兵庫県,姫路市,北条口３丁目２２番地,6700935
7140001059263,神姫バスオール株式会社,兵庫県,姫路市,土山１丁目３番８号,6700996
7140001059271,株式会社神姫建設,兵庫県,姫路市,林田町下伊勢６２９番地,6794233
7140001059296,飾磨金属工業株式会社,兵庫県,姫路市,飾磨区中島字真鶴砂田１３１１番地の２,6728035
7140001059305,繁盛不動産株式会社,兵庫県,姫路市,西庄甲２６１番地の１,6700981
7140001059313,株式会社宍粟住建,兵庫県,姫路市,大津区天満１６４番地の１８,6711143
7140001059321,株式会社システム企画,兵庫県,姫路市,南条１丁目７２番地の４,6700952
7140001059338,新日本開発株式会社,兵庫県,姫路市,飾磨区中島３０５９番地２,6728035
7140001059346,株式会社シノハラ,兵庫県,姫路市,飾磨区妻鹿１７１０番地,6728031
7140001059354,株式会社柴田通信工業,兵庫県,姫路市,飾磨区御幸４３番地,6728056
7140001059370,株式会社清水住宅,兵庫県,姫路市,飾磨区矢倉町２丁目１７番地,6728093
7140001059379,島電工業株式会社,兵庫県,姫路市,勝原区下太田５６５番地１,6711201
7140001059387,株式会社ジュン,兵庫県,姫路市,白浜町宇佐崎北１丁目１８７番地,6728013
7140001059395,正栄産業株式会社,兵庫県,姫路市,飾磨区中浜町２丁目５１番地,6728085
7140001059404,新陽建設株式会社,兵庫県,姫路市,広畑区西蒲田１５６０番地,6711107
7140001059420,城南紙業株式会社,兵庫県,姫路市,楠町９５番地,6700826
7140001059429,城陽建設株式会社,兵庫県,姫路市,伊伝居４８３番地,6700871
7140001059445,株式会社エブナゴルフセンター,兵庫県,姫路市,豊富町豊富１４５２番地,6792123
7140001059453,昭和薬品株式会社,兵庫県,姫路市,城東町竹之門２１番地,6700848
7140001059461,株式会社植活造園,兵庫県,姫路市,花田町一本松２４１番地１,6710253
7140001059478,株式会社新和,兵庫県,姫路市,勝原区丁９９番地の５,6711203
7140001059486,シンワ機器株式会社,兵庫県,姫路市,岩端町４２番地,6700028
7140001059511,株式会社シラヤ,兵庫県,姫路市,大塩町汐咲１丁目２０番地８,6710102
7140001059528,株式会社菅原歯科商会,兵庫県,姫路市,御立西３丁目２番３号,6700074
7140001059536,株式会社須々木工務店,兵庫県,姫路市,御国野町御着１０４８番地の３,6710232
7140001059544,株式会社砂村工務店,兵庫県,姫路市,豊富町豊富３９３２番地２,6792123
7140001059552,株式会社スミモト,兵庫県,姫路市,広畑区高浜町１丁目７２番地,6711153
7140001059560,株式会社清晃建設,兵庫県,姫路市,北夢前台１丁目５２番地１,6700075
7140001059585,株式会社ＳＥＩＢＵ,兵庫県,姫路市,大津区勘兵衛町１丁目１４３番地,6711132
7140001059593,株式会社西播自動車教習所,兵庫県,姫路市,西今宿６丁目１番２５号,6700061
7140001059602,株式会社セーム,兵庫県,姫路市,飾磨区西浜町１丁目４２番地２,6728086
7140001059610,正和警備株式会社,兵庫県,姫路市,西庄甲２９３番地の１,6700981
7140001059619,株式会社センコー,兵庫県,姫路市,飾磨区三宅１丁目７４番地,6728048
7140001059627,株式会社千石地所,兵庫県,姫路市,白銀町１０３番地,6700902
7140001059643,セントラルマイクロメーション株式会社,兵庫県,姫路市,飾磨区構３丁目４８６番地,6728071
7140001059651,株式会社船場作業,兵庫県,姫路市,広畑区大町１丁目３８番地,6711155
7140001059668,株式会社ソーゴー,兵庫県,姫路市,北条梅原町９番地の２,6700945
7140001059676,株式会社相互木材センター,兵庫県,姫路市,飾磨区中浜町１丁目３３−１,6728085
7140001059684,株式会社創設計事務所,兵庫県,姫路市,東延末３丁目８番地,6700965
7140001059701,株式会社大央計算センター,兵庫県,姫路市,元塩町１４６番地,6700937
7140001059718,第一住研株式会社,兵庫県,姫路市,綿町１３２番地（播建ビル）,6700921
7140001059726,第一燐寸工業株式会社,兵庫県,姫路市,白浜町甲８３９番地,6728023
7140001059775,ダイサン印刷株式会社,兵庫県,姫路市,西延末７３番地１,6700971
7140001059783,大伸開発株式会社,兵庫県,姫路市,北条１丁目７８番地,6700947
7140001059791,株式会社大勝上田組,兵庫県,姫路市,広畑区西蒲田６３４番地１,6711107
7140001059809,株式会社大徳,兵庫県,姫路市,青山１丁目２３番２０号,6712222
7140001059817,株式会社高砂屋,兵庫県,姫路市,米田町５０番地,6700042
7140001059825,株式会社大日工業所,兵庫県,姫路市,亀山１８７番１２,6700973
7140001059833,太平産業株式会社,兵庫県,姫路市,飾磨区英賀清水町３丁目８９番地,6728084
7140001059866,株式会社大陸,兵庫県,姫路市,綿町１１０番地,6700921
7140001059874,株式会社大和材木店,兵庫県,姫路市,野里８６２番地,6700811
7140001059882,大和電機株式会社,兵庫県,姫路市,飾磨区恵美酒４０５番地,6728057
7140001059890,株式会社タカオ,兵庫県,姫路市,白国２丁目１番３３号,6700808
7140001059899,竹内興産株式会社,兵庫県,姫路市,神子岡前１丁目５番６号,6700055
7140001059908,瀧北木材工業株式会社,兵庫県,姫路市,網干区新在家１２９９番地,6711234
7140001059916,株式会社タカシロ,兵庫県,姫路市,山田町北山田１１４番地の２,6792112
7140001059924,株式会社高田紙袋店,兵庫県,姫路市,忍町３３番地,6700917
7140001059932,竹中鋼管株式会社,兵庫県,姫路市,西延末１６８番地の１,6700971
7140001059940,株式会社ティー・エム・ピー,兵庫県,姫路市,福沢町３６番地,6700992
7140001059957,株式会社高松測量事務所,兵庫県,姫路市,広畑区清水町３丁目３３３番地,6711113
7140001059965,株式会社高吉運送,兵庫県,姫路市,南条１丁目１３０番地,6700952
7140001059973,株式会社ダスキン播磨,兵庫県,姫路市,南新在家１番１号,6700093
7140001059981,株式会社タツクス姫路,兵庫県,姫路市,飾磨区中島１丁目３０１番地,6728035
7140001059998,タツミ産業株式会社,兵庫県,姫路市,飾磨区英賀甲１９４４番地の２,6728078
7140001060007,田中建設株式会社,兵庫県,姫路市,青山南４丁目９番１５号,6712223
7140001060023,タマーズ株式会社,兵庫県,姫路市,花田町勅旨２００番地,6710254
7140001060031,タムラ技研株式会社,兵庫県,姫路市,網干区新在家７１５番地,6711234
7140001060056,中央塗装工業株式会社,兵庫県,姫路市,広畑区蒲田１６２１番地,6711102
7140001060072,チルソンシステム株式会社,兵庫県,姫路市,三条町１丁目１４番地,6700953
7140001060089,蔦機械金属株式会社,兵庫県,姫路市,土山１丁目４番８号,6700996
7140001060106,株式会社坪田設計,兵庫県,姫路市,井ノ口４５０番地１０,6700983
7140001060114,株式会社鶴田設計,兵庫県,姫路市,安田４丁目５８番地アカデミービル５Ｆ,6700955
7140001060122,株式会社ティ・アンド・ティ,兵庫県,姫路市,駅前町２５０番地,6700927
7140001060130,株式会社ティファニー,兵庫県,姫路市,千代田町６１６番地,6700993
7140001060139,テクノクロカワ株式会社,兵庫県,姫路市,御国野町国分寺６３７番地の３,6710234
7140001060147,手柄食品株式会社,兵庫県,姫路市,御国野町深志野４３１番地の１,6710231
7140001060155,株式会社デントラスト,兵庫県,姫路市,勝原区山戸１２３番地４,6711214
7140001060163,株式会社寺尾組,兵庫県,姫路市,北条永良町１６５番地,6700946
7140001060171,寺脇産業株式会社,兵庫県,姫路市,実法寺６７番地の１,6712244
7140001060188,東郷塗装株式会社,兵庫県,姫路市,野里１４番地の８,6700811
7140001060196,東西興業株式会社,兵庫県,姫路市,飾磨区中野田２丁目９２番地,6728045
7140001060205,株式会社トータルビジネス,兵庫県,姫路市,青山西４丁目２番１−４１３号,6712224
7140001060213,株式会社土井不動産,兵庫県,姫路市,車崎１丁目７番１−１０１号ヤクシコート六番館,6700058
7140001060238,株式会社東陽鉄工所,兵庫県,姫路市,余部区上余部８８番地の１１４,6711262
7140001060246,東洋冷熱工業株式会社,兵庫県,姫路市,南条３丁目２番地,6700952
7140001060262,株式会社トントン,兵庫県,姫路市,青山西４丁目２番１−１０８号,6712224
7140001060270,株式会社斗南設計,兵庫県,姫路市,元塩町１１８番地,6700937
7140001060279,株式会社トミタ製作所,兵庫県,姫路市,的形町的形２４５３番地,6710111
7140001060287,株式会社トヤマ,兵庫県,姫路市,鍛冶町１８番地の２,6700002
7140001060304,ナイトウ株式会社,兵庫県,姫路市,船津町１７３３番地,6792101
7140001060312,株式会社中岡工務店,兵庫県,姫路市,西今宿６丁目１４番３６号,6700061
7140001060320,株式会社永井写真店,兵庫県,姫路市,総社本町１５６番地２,6700015
7140001060345,株式会社中嶋コーポレーション,兵庫県,姫路市,打越１３１１番地の１,6712246
7140001060353,株式会社中塚住建,兵庫県,姫路市,亀山２丁目２２２番地,6700973
7140001060386,株式会社なかむら,兵庫県,姫路市,二階町３８番地,6700922
7140001060394,株式会社中村ポンプ,兵庫県,姫路市,飾磨区三宅１丁目５番地,6728048
7140001060403,株式会社ナサダ,兵庫県,姫路市,阿保甲１番地の１,6700944
7140001060436,株式会社にしおか,兵庫県,姫路市,京口町８７番地,6700851
7140001060444,株式会社ニシキ,兵庫県,姫路市,飾磨区野田町９５番地の１,6728040
7140001060460,西芝電機株式会社,兵庫県,姫路市,網干区浜田１０００番地,6711242
7140001060469,株式会社西日本企画,兵庫県,姫路市,川西５６番地の２,6712212
7140001060477,西兵庫警備保障株式会社,兵庫県,姫路市,飾磨区阿成中垣内１０７９番地の３,6728058
7140001060485,株式会社西松屋商事,兵庫県,姫路市,西二階町１２０番地,6700901
7140001060502,日興建設株式会社,兵庫県,姫路市,飾磨区加茂東５１９番地,6728070
7140001060510,日化商事株式会社,兵庫県,姫路市,宮上町２丁目１７番地１,6700823
7140001060519,日征通信株式会社,兵庫県,姫路市,北平野６丁目９番５７号,6700893
7140001060527,日伸鋼業株式会社,兵庫県,姫路市,網干区興浜２１１３番地の６,6711241
7140001060535,日新電工株式会社,兵庫県,姫路市,神屋町２丁目５９番地の２,6700836
7140001060543,日大工業株式会社,兵庫県,姫路市,飾磨区中島４１４番地,6728035
7140001060551,日特商事株式会社,兵庫県,姫路市,砥堀３２１番地,6700802
7140001060568,日本ガス株式会社,兵庫県,姫路市,飾磨区上野田１丁目５１番地,6728043
7140001060576,株式会社日本写真ニユース,兵庫県,姫路市,西今宿３丁目１８３番地,6700061
7140001060584,日本農林株式会社,兵庫県,姫路市,城北本町１１番２４号,6700884
7140001060601,日本ポリマー工業株式会社,兵庫県,姫路市,網干区興浜２１１４番地,6711241
7140001060618,野里電設株式会社,兵庫県,姫路市,河間町３７番地,6700001
7140001060634,パイオニア精工株式会社,兵庫県,姫路市,花田町加納原田９０６番地,6710252
7140001060642,株式会社ハイテック,兵庫県,姫路市,五軒邸３丁目８０番地,6700854
7140001060650,株式会社ハング,兵庫県,姫路市,南条４３６番地,6700952
7140001060659,株式会社ハガフオトスタジオ,兵庫県,姫路市,本町２３５番地,6700012
7140001060667,白鷺工事株式会社,兵庫県,姫路市,飾東町庄字二反田１７８番地の１０,6710218
7140001060675,ハクロスチール株式会社,兵庫県,姫路市,飾磨区英賀乙３９番地１,6728078
7140001060683,白鷺特殊鋼株式会社,兵庫県,姫路市,飾磨区英賀字浜新田乙４４番の１,6728078
7140001060691,株式会社橋一級建築士事務所,兵庫県,姫路市,城北新町２丁目１３番３０号,6700883
7140001060700,橋爪産業株式会社,兵庫県,姫路市,元塩町１４４番地,6700937
7140001060725,播州石材株式会社,兵庫県,姫路市,大津区恵美酒町２丁目８１番地,6711136
7140001060741,株式会社八盛,兵庫県,姫路市,的形町的形３９８０番地の４,6710111
7140001060758,英建設工業株式会社,兵庫県,姫路市,南条４０７番地,6700952
7140001060766,株式会社濱口商店,兵庫県,姫路市,手柄１７６番地,6700972
7140001060782,濱中ナット販売株式会社,兵庫県,姫路市,白浜町甲７７０番地,6728023
7140001060799,株式会社林書林,兵庫県,姫路市,土山２丁目１４番２２号,6700996
7140001060824,原鐵工株式会社,兵庫県,姫路市,別所町佐土９７５番地,6710224
7140001060840,株式会社アースシネマズ,兵庫県,姫路市,駅前町２７番地,6700927
7140001060849,株式会社播磨,兵庫県,姫路市,林田町下伊勢字坊上５７０番地,6794233
7140001060857,播磨電機工業株式会社,兵庫県,姫路市,広畑区清水町３丁目３３８番地,6711113
7140001060881,株式会社フェスタ,兵庫県,姫路市,駅前町２４１番地,6700927
7140001060898,株式会社姫路計算センター,兵庫県,姫路市,坂田町１０番地,6700931
7140001060907,姫路観光バス株式会社,兵庫県,姫路市,東今宿１丁目４番４０号,6700056
7140001060915,姫路エコテック株式会社,兵庫県,姫路市,白浜町甲８４１番地の４９,6728023
7140001060931,姫路ジーエス電池販売株式会社,兵庫県,姫路市,市川橋通１丁目３１番地の２,6700825
7140001060948,姫路産業株式会社,兵庫県,姫路市,緑台１丁目２１番１９号,6712247
7140001060956,姫路住セ生コン株式会社,兵庫県,姫路市,飾磨区恵美酒３０９番地,6728057
7140001060972,姫路トーヨー株式会社,兵庫県,姫路市,広畑区鶴町１丁目１６番地の１,6711124
7140001060980,姫路タクシー株式会社,兵庫県,姫路市,市之郷８０９番地の１,6700943
7140001060989,株式会社飯塚物流,兵庫県,姫路市,別所町北宿１０３１番地の１,6710223
7140001060997,株式会社姫路トラスト,兵庫県,姫路市,西新町１２３番地,6700033
7140001061005,姫路浪速運輸株式会社,兵庫県,姫路市,飾磨区入船町１番地の２,6728076
7140001061013,株式会社姫路ポートサービス,兵庫県,姫路市,飾磨区須加２６１番地,6728063
7140001061021,株式会社姫路発條製作所,兵庫県,姫路市,岡田字下柳９７番地の３,6700982
7140001061054,姫路菱光コンクリート株式会社,兵庫県,姫路市,大津区勘兵衛町４丁目３５番地の１,6711132
7140001061070,光電機工業株式会社,兵庫県,姫路市,田寺東２丁目３２番６号,6700081
7140001061079,ひだか建設株式会社,兵庫県,姫路市,太市中９２１番地の５,6712233
7140001061087,一星商事株式会社,兵庫県,姫路市,御国野町国分寺７１６番地４,6710234
7140001061095,株式会社サンイースト,兵庫県,姫路市,四郷町明田７５番地５４,6710245
7140001061104,ヒメケイ教育サービス株式会社,兵庫県,姫路市,阿保甲４９９番地の１,6700944
7140001061120,株式会社姫太郎,兵庫県,姫路市,飾磨区今在家１０５８番地,6728079
7140001061129,ひまわりメニューサービス株式会社,兵庫県,姫路市,南条６番地,6700952
7140001061137,兵庫企業株式会社,兵庫県,姫路市,網干区余子浜４１７番地,6711254
7140001061153,兵庫設計株式会社,兵庫県,姫路市,別所町佐土８５４番地,6710224
7140001061186,兵信リース株式会社,兵庫県,姫路市,増位新町１丁目１６番地,6700806
7140001061194,平位興業株式会社,兵庫県,姫路市,飾磨区細江１２２８番地,6728064
7140001061203,廣内工業株式会社,兵庫県,姫路市,飯田３丁目９８番地１,6700974
7140001061228,株式会社平野組,兵庫県,姫路市,広畑区蒲田５丁目１７１５番地,6711102
7140001061236,広畑運輸株式会社,兵庫県,姫路市,飾磨区細江１３０５番地,6728064
7140001061244,株式会社サンアール・広畑,兵庫県,姫路市,飾磨区英賀宮台５１番地,6728089
7140001061252,株式会社広畑部品,兵庫県,姫路市,広畑区長町１丁目９８番地,6711125
7140001061269,株式会社フィッシュ,兵庫県,姫路市,白浜町甲９１２番地の１８,6728023
7140001061277,株式会社フクエイ機械,兵庫県,姫路市,飾磨区山崎台２番地,6728096
7140001061285,株式会社福井製作所,兵庫県,姫路市,西今宿３丁目９番３３号,6700061
7140001061293,福千工業株式会社,兵庫県,姫路市,夢前町野畑５５０番地４,6712137
7140001061302,株式会社フクサヤ,兵庫県,姫路市,広畑区末広町３丁目４番地の２,6711115
7140001061310,福東建材工業株式会社,兵庫県,姫路市,幸町８１番地,6700835
7140001061327,福松建設株式会社,兵庫県,姫路市,香寺町犬飼５３１番地４,6792131
7140001061335,株式会社富強,兵庫県,姫路市,玉手６１８番地１,6700985
7140001061343,株式会社フジオカ,兵庫県,姫路市,新在家本町５丁目９番１号,6700092
7140001061351,株式会社藤井ポンプ製作所,兵庫県,姫路市,豊富町豊富３１４３番地１,6792123
7140001061368,株式会社富士川商事,兵庫県,姫路市,三条町１丁目６８番地,6700953
7140001061376,株式会社不二商,兵庫県,姫路市,琴岡町２７４番地,6700035
7140001061392,株式会社藤永塗料店,兵庫県,姫路市,五軒邸１丁目２１番地,6700854
7140001061401,フジプレアム株式会社,兵庫県,姫路市,飾西３８番地１,6712216
7140001061418,株式会社フジワラ,兵庫県,姫路市,西夢前台１丁目５６番地,6712214
7140001061426,株式会社フタミ,兵庫県,姫路市,白鳥台３丁目３１番２７号,6712245
7140001061459,ヘイワ建装株式会社,兵庫県,姫路市,飾磨区三宅１丁目４５番地,6728048
7140001061475,株式会社ベンハウス,兵庫県,姫路市,南条６３７番地,6700952
7140001061483,株式会社ベルファイブ,兵庫県,姫路市,飾磨区上野田６丁目９０番地３,6728043
7140001061491,坊垣建設株式会社,兵庫県,姫路市,打越５０番地の１,6712246
7140001061500,株式会社ボーサイシステム,兵庫県,姫路市,坂田町４４番地,6700931
7140001061509,神姫トラストホープ株式会社,兵庫県,姫路市,花田町一本松字牛塚１番地の１,6710253
7140001061517,宝来実業株式会社,兵庫県,姫路市,砥堀２８１番地の４,6700802
7140001061525,株式会社本家田中,兵庫県,姫路市,忍町１８８番地,6700917
7140001061533,星屋電工株式会社,兵庫県,姫路市,大津区吉美２１６番地の２,6711133
7140001061541,株式会社ウイング,兵庫県,姫路市,東辻井３丁目３番１５−３０５号,6700084
7140001061558,株式会社ホリオロアール,兵庫県,姫路市,飾磨区玉地８０番地の３,6728052
7140001061566,前川産業株式会社,兵庫県,姫路市,広畑区鶴町１丁目１４番地,6711124
7140001061574,株式会社前田青果,兵庫県,姫路市,延末２９５番地,6700966
7140001061582,毎日ガスセンター株式会社,兵庫県,姫路市,白浜町丙４９１番地の１４,6728023
7140001061590,前原石油株式会社,兵庫県,姫路市,青山北１丁目２番３号,6712221
7140001061616,株式会社マス・ブレーン,兵庫県,姫路市,土山５丁目６番３３−２０３号,6700996
7140001061624,マツオ工業株式会社,兵庫県,姫路市,白鳥台１丁目２５番１３号,6712245
7140001061632,松井チェーン工業株式会社,兵庫県,姫路市,白浜町甲７８４番地の５,6728023
7140001061649,松田道路株式会社,兵庫県,姫路市,花田町加納原田５６８番地の１２,6710252
7140001061657,松原海運株式会社,兵庫県,姫路市,田寺４丁目１４番１３号,6700086
7140001061665,松本建設株式会社,兵庫県,姫路市,実法寺３３９番地,6712244
7140001061707,丸信鉱油株式会社,兵庫県,姫路市,飾磨区英賀清水町１丁目１番地,6728084
7140001061715,株式会社丸正,兵庫県,姫路市,西新在家２丁目４番３２号,6700096
7140001061731,丸二海産株式会社,兵庫県,姫路市,八家１２８５番地３３,6728015
7140001061748,まる美や株式会社,兵庫県,姫路市,二階町４５番地,6700922
7140001061756,三浦建設株式会社,兵庫県,姫路市,豊富町御蔭１８１９番地の２,6792122
7140001061764,御蔭興建株式会社,兵庫県,姫路市,豊富町御蔭１３６０番地の２,6792122
7140001061772,株式会社みか＿ほクッキングセンター,兵庫県,姫路市,岡田６９３番地１８,6700982
7140001061780,御國色素株式会社,兵庫県,姫路市,御国野町国分寺１３８番地の１,6710234
7140001061789,株式会社ミズケン,兵庫県,姫路市,白浜町丙４６６番地２,6728023
7140001061797,水田合金株式会社,兵庫県,姫路市,飾磨区細江６４６番地,6728064
7140001061806,道上建設株式会社,兵庫県,姫路市,大津区天満２３２番地の１１,6711143
7140001061814,株式会社三ツ葉,兵庫県,姫路市,楠町６１番地１,6700826
7140001061822,光輪ダイカスト株式会社,兵庫県,姫路市,飾磨区今在家１１３７番地の３,6728079
7140001061830,株式会社ミノル堂,兵庫県,姫路市,小姓町８５番地の８,6700043
7140001061839,株式会社三宅貞商店,兵庫県,姫路市,白銀町３８番地,6700902
7140001061863,株式会社宮本住建,兵庫県,姫路市,白浜町甲２１１０番地の２,6728023
7140001061871,三輪電機興業株式会社,兵庫県,姫路市,城東町６０番地の１,6700841
7140001061888,株式会社村田組,兵庫県,姫路市,広畑区高浜町１丁目１０７番地,6711153
7140001061896,株式会社明晃,兵庫県,姫路市,幸町９７番地,6700835
7140001061913,株式会社明陽塗装,兵庫県,姫路市,広畑区長町２丁目１０７番地の３,6711125
7140001061921,株式会社メガネのナカムラ,兵庫県,姫路市,飾磨区蓼野町９０番地,6728072
7140001061938,株式会社毛利商事,兵庫県,姫路市,白浜町寺家２丁目１５５番地,6728012
7140001061962,株式会社モリス,兵庫県,姫路市,本町１７９番地,6700012
7140001061970,株式会社森書店,兵庫県,姫路市,飾磨区英賀春日町２丁目１番地の１８,6728092
7140001061979,株式会社森本,兵庫県,姫路市,東駅前町８８番地,6700926
7140001061987,ヤヱガキジャパン株式会社,兵庫県,姫路市,林田町六九谷６８１番地,6794211
7140001061995,株式会社やぎ楽器,兵庫県,姫路市,神屋町２丁目２１番地１,6700836
7140001062003,八木商事株式会社,兵庫県,姫路市,玉手４５１番地,6700985
7140001062011,柳生建設株式会社,兵庫県,姫路市,飾磨区今在家２丁目６０番地,6728079
7140001062028,株式会社ヤスヒラ,兵庫県,姫路市,西庄甲１０８番地,6700981
7140001062036,矢沢重機建設株式会社,兵庫県,姫路市,御立東１丁目２６番１１号,6700072
7140001062060,株式会社山勝,兵庫県,姫路市,梅ケ谷町１２番４９号,6700894
7140001062069,株式会社山口屋,兵庫県,姫路市,幸町９７番地,6700835
7140001062077,山崎重機仮設株式会社,兵庫県,姫路市,御国野町深志野６７１番地,6710231
7140001062093,山田工業株式会社,兵庫県,姫路市,飾磨区加茂南８２０番地,6728069
7140001062102,山手自動車整備株式会社,兵庫県,姫路市,野里２４７番地の１,6700811
7140001062110,大和メンテナンス株式会社,兵庫県,姫路市,飾磨区中野田２丁目６９番地,6728045
7140001062127,株式会社山中製作所,兵庫県,姫路市,飾東町北山３５８番地,6710212
7140001062135,株式会社ヤマモト,兵庫県,姫路市,安田４丁目４４番地の４,6700955
7140001062143,山本産業株式会社,兵庫県,姫路市,北条永良町１３８番地,6700946
7140001062151,株式会社山本モータース,兵庫県,姫路市,網干区新在家２０４１番地,6711234
7140001062168,株式会社ユーティーシー,兵庫県,姫路市,西二階町９８番地,6700901
7140001062176,株式会社サンエー建材,兵庫県,姫路市,夢前町寺２３７０番地３８,6712116
7140001062184,ユニワールド株式会社,兵庫県,姫路市,広畑区正門通３丁目９番地４,6711116
7140001062192,株式会社よこぜき,兵庫県,姫路市,南町１２番地,6700912
7140001062201,株式会社横溝測量設計,兵庫県,姫路市,町坪２１２番地の２,6700984
7140001062218,吉野産業株式会社,兵庫県,姫路市,北条８２８番地,6700947
7140001062234,株式会社ＭＡＸＩＳ,兵庫県,姫路市,安田４丁目３２番地の８,6700955
7140001062242,株式会社ワイソンズ,兵庫県,姫路市,玉手４５１番地,6700985
7140001062250,株式会社ライフエスコート,兵庫県,姫路市,的形町的形１０８６番地,6710111
7140001062283,株式会社和田圓,兵庫県,姫路市,広峰１丁目２番１６号,6700882
7140001062300,株式会社リアルセンター,兵庫県,姫路市,城見台２丁目１１１１番地３７３,6700803
7140001062317,株式会社リベルテ,兵庫県,姫路市,苫編南１丁目４４番地,6700987
7140001062325,菱南電装株式会社,兵庫県,姫路市,亀山１８６番地の８,6700973
7140001062341,マルイチ運輸株式会社,兵庫県,姫路市,青山３丁目１０番７号,6712222
7140001062358,株式会社ロワヰヤル大和,兵庫県,姫路市,飾磨区今在家２丁目７０番地,6728079
7140001062366,株式会社宇鷹建設,兵庫県,姫路市,夢前町置本４５２番地の１,6712122
7140001062382,光陽プラスチック株式会社,兵庫県,姫路市,夢前町宮置３６２番地の３,6712121
7140001062390,サニー産業株式会社,兵庫県,姫路市,夢前町菅生澗４６１番地の８,6712134
7140001062408,ドリーム観光バス株式会社,兵庫県,姫路市,夢前町杉之内３９７番地の４,6712111
7140001062416,西尾産業株式会社,兵庫県,姫路市,西新在家３丁目１４番８号,6700096
7140001062424,ハマックス株式会社,兵庫県,姫路市,夢前町寺字南代４７３番地２,6712116
7140001062440,丸幸土地株式会社,兵庫県,姫路市,夢前町古知之庄１０６８番地６,6712113
7140001062465,家島観光産業株式会社,兵庫県,姫路市,家島町宮８５番地,6720102
7140001062473,永壽海運株式会社,兵庫県,姫路市,家島町真浦１３３番地の１,6720101
7140001062481,株式会社片山建設,兵庫県,姫路市,家島町真浦２１３６番地の３３,6720101
7140001062498,坂本鉄工株式会社,兵庫県,姫路市,家島町真浦５２２番地の２３,6720101
7140001062515,天神海運株式会社,兵庫県,姫路市,家島町真浦４１番地の１,6720101
7140001062531,株式会社畑野造船所,兵庫県,姫路市,家島町真浦２９２番地,6720101
7140001062548,松浦海運株式会社,兵庫県,姫路市,家島町宮１４１２番地の１２,6720102
7140001062556,山二産業株式会社,兵庫県,姫路市,家島町坊勢１４４番地,6720103
7140001062572,株式会社ケイビー,兵庫県,姫路市,北条梅原町１５３番地の２,6700945
7140001062580,株式会社水明堂,兵庫県,姫路市,北平野南の町１５番４６号,6700887
7140001062589,吉田畳産業株式会社,兵庫県,姫路市,広畑区小松町４丁目７番地の５,6711152
7140001062597,ユニタスファーイースト株式会社,兵庫県,姫路市,花田町高木１０８番地,6710256
7140001062614,株式会社睦商興,兵庫県,姫路市,網干区浜田１２２３番地の２２,6711242
7140001062622,株式会社ＩＤＯグループ,兵庫県,姫路市,西夢前台２丁目８番地,6712214
7140001062630,株式会社座右,兵庫県,姫路市,下手野４丁目１３番５５号,6700063
7140001062655,株式会社ケーアイ工業,兵庫県,姫路市,青山３丁目２０番６号,6712222
7140001062663,株式会社正峰建設,兵庫県,姫路市,夢前町杉之内１６８番地,6712111
7140001062671,株式会社浜野コンピュータセンター,兵庫県,姫路市,安田４丁目４８番地３,6700955
7140001062688,七福水株式会社,兵庫県,姫路市,飾磨区矢倉町２丁目２５番地,6728093
7140001062696,大善建設株式会社,兵庫県,姫路市,飯田４８８番地,6700974
7140001062705,株式会社プレジャーライフ,兵庫県,姫路市,打越１３９７番地,6712246
7140001062713,株式会社ケイ・アンド・アイ,兵庫県,姫路市,広畑区吾妻町１丁目３４番地,6711154
7140001062738,イーグレひめじ管理株式会社,兵庫県,姫路市,本町６８番２９０,6700012
7140001062746,株式会社イッシンコーポレーション,兵庫県,姫路市,実法寺１０４番地の２,6712244
7140001062754,プラティーヌ株式会社,兵庫県,姫路市,御国野町国分寺７７１番地の３,6710234
7140001062762,株式会社ゼストホーム,兵庫県,姫路市,南条４３４番地,6700952
7140001062779,株式会社小川堂安芸国,兵庫県,姫路市,勝原区朝日谷５７５番地の１,6711204
7140001063100,アス総合企画株式会社,兵庫県,姫路市,三左衛門堀西の町７０−１０２,6700940
7140001063117,近畿丸製ナット株式会社,兵庫県,姫路市,飾磨区中島相生梅２１７４番地,6728035
7140001063232,東和工業株式会社,兵庫県,姫路市,土山３丁目７番４−７０１号,6700996
7140001063240,株式会社関本コーポレーション,兵庫県,姫路市,飾磨区英賀清水町３丁目１２３番地,6728084
7140001063249,株式会社フレックス,兵庫県,姫路市,広畑区西夢前台７丁目７２番地,6711103
7140001063257,株式会社ノムコーポレーション,兵庫県,姫路市,城見台３丁目７３番地,6700803
7140001063307,株式会社アイコーポレーション,兵庫県,姫路市,野里２０１番地３ノースリバー２Ｆ,6700811
7140001063323,株式会社イマイ,兵庫県,姫路市,香寺町中仁野２６１番地の２,6792143
7140001063364,大富建設株式会社,兵庫県,姫路市,香寺町香呂４６９番地１,6792151
7140001063430,株式会社興和建設,兵庫県,姫路市,香寺町中屋１４３番地の１,6792144
7140001063439,株式会社康進,兵庫県,姫路市,香寺町溝口字京次９９２番地の１,6792161
7140001063554,株式会社ニッセイテクノ,兵庫県,姫路市,香寺町香呂５２番地５,6792151
7140001063562,株式会社パル・コーポレーション,兵庫県,姫路市,香寺町溝口１１５７番地４,6792161
7140001063645,ミナミ電工株式会社,兵庫県,姫路市,飾東町豊国７８番地の１,6710219
7140001063686,株式会社モダンタイムス,兵庫県,姫路市,北原５１２番地２１,6728002
7140001063694,株式会社ディヴァージョン,兵庫県,姫路市,西中島４３３番地,6700805
7140001063744,キョーリンフード工業株式会社,兵庫県,姫路市,南町９番地,6700912
7140001063769,株式会社クローズアップ,兵庫県,姫路市,夢前町山之内甲５４３番地,6712101
7140001063777,株式会社オンリーポジション,兵庫県,姫路市,飾磨区英賀春日町２丁目４５番地２グランドゥール２０３,6728092
7140001063785,株式会社テイクアップ,兵庫県,姫路市,飾磨区山崎台８番地,6728096
7140001063843,株式会社サポート・アンドムーヴ,兵庫県,姫路市,的形町的形１７７８番地の１サンパティック的形９０５号,6710111
7140001063876,株式会社アクロス,兵庫県,姫路市,書写２２８１番地,6712201
7140001063884,株式会社浜長保険センター,兵庫県,姫路市,白浜町乙２２１番地の５,6728023
7140001063892,株式会社網干小林ミシン商会,兵庫県,姫路市,網干区新在家１３４９番地,6711234
7140001063934,スリーコアピラー株式会社,兵庫県,姫路市,東延末１丁目２４Ｆビルハイツ１０２,6700965
7140001063942,株式会社ヤスギコーポレーション,兵庫県,姫路市,別所町別所５５２番地,6710221
7140001063950,株式会社丸真材木店,兵庫県,姫路市,飾磨区英賀東町１丁目６１番地,6728087
7140001063967,株式会社ケン・ホテルマネジメント姫路,兵庫県,姫路市,南駅前町１００番,6700962
7140001063975,株式会社ＫＳプランニング,兵庫県,姫路市,五軒邸３丁目８０番地,6700854
7140001063983,大和テック株式会社,兵庫県,姫路市,飾磨区中島９６６番地,6728035
7140001064008,株式会社磯丸,兵庫県,姫路市,飾磨区都倉２丁目５３番地の１,6728046
7140001064016,株式会社ハーモニー,兵庫県,姫路市,八代７５５番地の９,6700872
7140001064024,株式会社城見機工,兵庫県,姫路市,城見町７１番地,6700831
7140001064032,株式会社こよね,兵庫県,姫路市,亀山１９１番地の１ロワイヤル亀山６０１,6700973
7140001064040,株式会社イワクニ,兵庫県,姫路市,刀出１３４番地４,6712241
7140001064049,ＹＥＳ株式会社,兵庫県,姫路市,忍町８７番地,6700917
7140001064098,グラン化学株式会社,兵庫県,姫路市,安富町狭戸８５３番地の１,6712423
7140001064107,株式会社東陽工作所,兵庫県,姫路市,安富町塩野２３８番地,6712422
7140001064148,株式会社Ｅ．Ｂ．Ｓ,兵庫県,姫路市,夢前町前之庄４７９番地,6712103
7140001064156,株式会社ＲｅｌａｘＲｏｏｍ,兵庫県,姫路市,田寺東２丁目２７番４号,6700081
7140001064172,株式会社Ｔｈｅ　Ｄｉｓｃｕｓ,兵庫県,姫路市,書写１１１０番地１,6712201
7140001064180,株式会社信領電設,兵庫県,姫路市,北平野４丁目６番２０号,6700893
7140001064189,株式会社アウル,兵庫県,姫路市,飾磨区三宅３丁目１７番地グローバル姫路三宅５０１号,6728048
7140001064206,株式会社ワールド・ユー,兵庫県,姫路市,飾磨区上野田３丁目１１９番地,6728043
7140001064214,株式会社ヴェルデ・プラス,兵庫県,姫路市,大津区長松１０６番地,6711144
7140001064222,株式会社リアルトラスト,兵庫県,姫路市,南畝町２３番地１,6700961
7140001064230,株式会社明石時計,兵庫県,姫路市,神屋町２丁目１番地の４,6700836
7140001064239,株式会社ステップアップ,兵庫県,姫路市,御国野町国分寺７６０番地Ａ−１０５,6710234
7140001064247,株式会社ビーエスエス,兵庫県,姫路市,城東町毘沙門２６番地,6700842
7140001064255,兵庫エコクリーン開発株式会社,兵庫県,姫路市,飾磨区中島３００１番地,6728035
7140001064263,株式会社グスク・サポーティング,兵庫県,姫路市,北条永良町２２２−５０３,6700946
7140001064271,株式会社こきん,兵庫県,姫路市,飾東町北野１８４−１,6710202
7140001064288,株式会社ケアショップニシキ姫路,兵庫県,姫路市,飾磨区英賀宮町２丁目１２２番地１,6728080
7140001064296,株式会社齊藤地研,兵庫県,姫路市,増位本町２丁目７番３号,6700807
7140001064313,株式会社アイ．ワールドカンパニー,兵庫県,姫路市,豊沢町８２パレーブランシェ８０３,6700964
7140001064321,株式会社昇竜軒本舗,兵庫県,姫路市,保城５１２番地７,6700804
7140001064346,株式会社福喜工業,兵庫県,姫路市,香寺町須加院２３２番地２１,6792132
7140001064362,株式会社ハピネスライフ,兵庫県,姫路市,飾磨区蓼野町１３５番地,6728072
7140001064370,大日電機株式会社,兵庫県,姫路市,大津区西土井２８９番地の１９,6711141
7140001064379,株式会社ワークアシスト,兵庫県,姫路市,安田１丁目９番地,6700955
7140001064387,株式会社五軒邸,兵庫県,姫路市,増位新町１丁目８番地２Ａ−９０２,6700806
7140001064395,株式会社藤商会,兵庫県,姫路市,土山２丁目３番５号,6700996
7140001064404,株式会社フジタ製缶,兵庫県,姫路市,花田町小川１０３１番地１,6710255
7140001064412,株式会社ＨＡＭＡＳＡＫＩ,兵庫県,姫路市,勝原区山戸９番地３,6711214
7140001064420,株式会社竹内組,兵庫県,姫路市,広畑区北河原町４番地１,6711111
7140001064429,セイブ商事株式会社,兵庫県,姫路市,飾磨区阿成植木４７４番地,6728030
7140001064437,株式会社スチームプロフィット,兵庫県,姫路市,広畑区西蒲田１５２０番地,6711107
7140001064445,株式会社ＧＮＰ企画,兵庫県,姫路市,御立西３丁目１３番３号,6700074
7140001064461,株式会社ひいらぎ電設,兵庫県,姫路市,北条梅原町２０６番地,6700945
7140001064494,ヒラカワ株式会社,兵庫県,姫路市,大津区天神町１丁目１１６番地３,6711131
7140001064536,石畑機械株式会社,兵庫県,姫路市,御国野町国分寺７４６番地１３,6710234
7140001064544,クロス株式会社,兵庫県,姫路市,豊沢町６０番地,6700964
7140001064552,株式会社日本エナジー研究所,兵庫県,姫路市,豊富町御蔭４１４番地２,6792122
7140001064569,株式会社大興,兵庫県,姫路市,広畑区正門通４丁目９番地４,6711116
7140001064585,株式会社ＫＳコーポレーション,兵庫県,姫路市,土山６丁目６番４号,6700996
7140001064610,株式会社祐庵,兵庫県,姫路市,飾磨区今在家９４８番地２,6728079
7140001064619,石田石油興業株式会社,兵庫県,姫路市,下手野３丁目１１番１４号,6700063
7140001064643,株式会社あゆみ,兵庫県,姫路市,網干区浜田９６番地,6711242
7140001064651,株式会社ヒロトランスポート,兵庫県,姫路市,保城字河原１１５１番地,6700804
7140001064676,株式会社Ｒｏｕｌｅｔｔｅ,兵庫県,姫路市,小利木町４３番地,6700022
7140001064684,株式会社リリブエムワン,兵庫県,姫路市,町坪５３番地,6700984
7140001064692,株式会社コンサイド,兵庫県,姫路市,下手野３丁目５番２１号,6700063
7140001064701,株式会社ファースト,兵庫県,姫路市,飾磨区清水１６８番地,6728051
7140001064726,株式会社ワイズリード,兵庫県,姫路市,千代田町８６１番地の９,6700993
7140001064734,ミズムジャパン株式会社,兵庫県,姫路市,北条４４８番地８,6700947
7140001064742,株式会社大志土地,兵庫県,姫路市,飾磨区上野田２丁目８３番地,6728043
7140001064759,株式会社ＳＡＫＵＲＡ,兵庫県,姫路市,岡田２６７−１,6700982
7140001064767,株式会社アイテクシス,兵庫県,姫路市,大津区西土井１１６番地１３,6711141
7140001064775,株式会社アイヘアー,兵庫県,姫路市,城北本町１５番２９,6700884
7140001064783,株式会社吉井建築事務所,兵庫県,姫路市,林田町六九谷６４３番地,6794211
7140001064791,株式会社マサユキ建工,兵庫県,姫路市,大善町２８番地１,6700833
7140001064800,株式会社ＨＩＲＯＳＥ,兵庫県,姫路市,南条１８８番地,6700952
7140001064817,株式会社関西住宅総合開発,兵庫県,姫路市,南条６３番地１,6700952
7140001064825,株式会社リサ,兵庫県,姫路市,飾磨区英賀春日町１丁目４５番地１,6728092
7140001064874,株式会社エーエスジェイ,兵庫県,姫路市,別所町別所１丁目２５,6710221
7140001064882,青山交通株式会社,兵庫県,姫路市,青山１丁目２２番８号,6712222
7140001064899,株式会社マルコウ,兵庫県,姫路市,京口町９１ジュネス京口４０１号,6700851
7140001064908,株式会社スタッグ,兵庫県,姫路市,南八代町１５番５号,6700875
7140001064916,株式会社忍工業,兵庫県,姫路市,白浜町丙４２６番地,6728023
7140001064924,株式会社ほけん商店,兵庫県,姫路市,西延末４２０番地５,6700971
7140001064932,Ｓ．Ｂ．Ｂ．株式会社,兵庫県,姫路市,香寺町広瀬２７６番地１,6792142
7140001064965,株式会社マネジメント研究所,兵庫県,姫路市,青山３丁目１０番２号,6712222
7140001064973,株式会社ＫＩＳ,兵庫県,姫路市,御国野町深志野４５−１,6710231
7140001064981,株式会社オフィシャルサポート,兵庫県,姫路市,栗山町１２６番地,6700954
7140001064998,株式会社イオ・コーポレーション,兵庫県,姫路市,勝原区朝日谷２８７番地１,6711204
7140001065006,アイアス株式会社,兵庫県,姫路市,十二所前町１１番地サンワビル３Ｆ,6700911
7140001065014,株式会社レクセス,兵庫県,姫路市,香寺町中屋２４番地１,6792144
7140001065022,株式会社Ｓｅｒｅｎｄｉｐｉｔｙ,兵庫県,姫路市,北条梅原町７９番地１,6700945
7140001065030,株式会社ケリー,兵庫県,姫路市,西二階町１２０番地西松屋ビル５階,6700901
7140001065039,株式会社Ｋｅｉ　Ｍｕｓｉｃ　Ｓｔｒｅｅｔ,兵庫県,姫路市,福沢町１１番地,6700992
7140001065047,株式会社全商,兵庫県,姫路市,南町７林ビル４Ｆ,6700912
7140001065063,株式会社ＳＥＩＫＯハウジング,兵庫県,姫路市,双葉町１２１番地エメラルド雅ＩＩＩ１０３,6700832
7140001065071,株式会社エコスマイル,兵庫県,姫路市,飾磨区上野田６丁目５８,6728043
7140001065088,株式会社ＷＩＳＴ,兵庫県,姫路市,安田４丁目３５番地カトウビル５階西側,6700955
7140001065096,株式会社天翔,兵庫県,姫路市,保城字東垣内８８７番地５,6700804
7140001065105,株式会社アイシー設備,兵庫県,姫路市,手柄１丁目３３番地,6700972
7140001065113,株式会社グリーン・エッジ,兵庫県,姫路市,花田町小川字山中８４８番地１,6710255
7140001065138,玉山建設株式会社,兵庫県,姫路市,勝原区丁２０番地１,6711203
7140001065146,株式会社スローライフ,兵庫県,姫路市,別所町佐土４７１番地１０,6710224
7140001065154,株式会社播州屋,兵庫県,姫路市,西庄甲３５９番地１１,6700981
7140001065162,株式会社フロンティア,兵庫県,姫路市,安田４丁目１６８番地１,6700955
7140001065170,株式会社双樹コーポレーション,兵庫県,姫路市,北条口４丁目５番地,6700935
7140001065179,株式会社ＢＡＳＩＣ,兵庫県,姫路市,飾磨区阿成鹿古３５１番地１,6728038
7140001065187,株式会社シンフォニー,兵庫県,姫路市,広畑区東新町３丁目３０番地１,6711121
7140001065195,株式会社イー・リラックス,兵庫県,姫路市,別所町別所２丁目６６番地,6710221
7140001065212,江浦興業株式会社,兵庫県,姫路市,白浜町甲７８８番地１２３,6728023
7140001065220,株式会社グラフ,兵庫県,姫路市,網干区垣内南町２１２９番地,6711255
7140001065229,彩喜株式会社,兵庫県,姫路市,北今宿２丁目４番地４１姫路ビジネスビル５Ｆ−Ｂ,6700057
7140001065237,株式会社ＰＲＩＭＥ　ＰＲＯＪＥＣＴ,兵庫県,姫路市,野里新町６番２１号,6700862
7140001065261,株式会社稲葉マシナリー,兵庫県,姫路市,林田町下伊勢３６番地の１,6794233
7140001065278,３２サーティーツー株式会社,兵庫県,姫路市,飾磨区英賀清水町３丁目２５番地２,6728084
7140001065286,株式会社原設備工業,兵庫県,姫路市,別所町佐土２丁目１１５番地,6710224
7140001065294,株式会社ピーシーマネジメントエーマックス,兵庫県,姫路市,西延末４２０番地の５,6700971
7140001065303,株式会社ユケン,兵庫県,姫路市,西今宿８丁目１１番２９号,6700061
7140001065328,株式会社さくら産業,兵庫県,姫路市,御国野町深志野２１７−１,6710231
7140001065336,株式会社ＩＢＡ,兵庫県,姫路市,京町３丁目５番地,6700824
7140001065344,株式会社藤原総合保険,兵庫県,姫路市,南新在家１９番１９号,6700093
7140001065352,株式会社リリアーレ,兵庫県,姫路市,二階町１０９番地２谷田ビル２Ｆ,6700922
7140001065360,アドレンズ・ジャパン株式会社,兵庫県,姫路市,山田町多田８５７番地,6792111
7140001065377,株式会社Ｒ・ｉｎｃｏｎｔｒｏ,兵庫県,姫路市,書写１６３２番地１,6712201
7140001065385,株式会社マインドワープ,兵庫県,姫路市,大津区天神町１丁目６０番地２,6711131
7140001065402,株式会社ジークリエーション,兵庫県,姫路市,野里５６１番地２,6700811
7140001065410,進栄重機株式会社,兵庫県,姫路市,広畑区吾妻町２丁目３５番地,6711154
7140001065419,株式会社ＣＩＰＨＥＲ,兵庫県,姫路市,城見台２丁目１１１１番地２７２,6700803
7140001065427,小倉印刷株式会社,兵庫県,姫路市,花田町一本松４０１番地１,6710253
7140001065443,株式会社サンキョウシティ,兵庫県,姫路市,網干区大江島古川町１１２番地,6711233
7140001065451,明祥建設株式会社,兵庫県,姫路市,飾磨区若宮町２５番地２,6728095
7140001065476,株式会社タイヨーエステート,兵庫県,姫路市,西庄甲３２８番地３,6700981
7140001065484,株式会社オフィスドットライン,兵庫県,姫路市,飾磨区三宅１丁目４１番地,6728048
7140001065492,株式会社遊具診断姫路,兵庫県,姫路市,下手野２丁目１９番４１号,6700063
7140001065534,株式会社萬利産業,兵庫県,姫路市,神子岡前１丁目８番２０号,6700055
7140001065542,タスクエイト株式会社,兵庫県,姫路市,忍町８７番地カシモトビル４Ｆ,6700917
7140001065550,株式会社ＰＥＧＡＳＥ　ＥＳＴＡＴＥ,兵庫県,姫路市,幸町２０４番地,6700835
7140001065583,株式会社ＡＭＯＮ,兵庫県,姫路市,土山５丁目７番２２号山名ビル２０２,6700996
7140001065591,株式会社ホームクリニック,兵庫県,姫路市,網干区浜田１５６７番地６,6711242
7140001065600,サイバーフーズ株式会社,兵庫県,姫路市,駅前町３２５番地コジマビル２階,6700927
7140001065609,株式会社ＫＳ興業,兵庫県,姫路市,飾磨区今在家５丁目１１０番地１０,6728079
7140001065617,ＡＴ＆Ｔ株式会社,兵庫県,姫路市,神子岡前１丁目８番２０号,6700055
7140001065625,株式会社フラッシュ,兵庫県,姫路市,中地６８７番地３,6700976
7140001065633,株式会社ダイシン,兵庫県,姫路市,西脇１０５９番地２,6712234
7140001065641,株式会社ＭＳＤホールディングス,兵庫県,姫路市,呉服町７０番地,6700923
7140001065666,株式会社竹内住設,兵庫県,姫路市,広畑区蒲田１丁目１４４番地,6711102
7140001065674,株式会社三誠,兵庫県,姫路市,東今宿３丁目６番７号,6700056
7140001065682,株式会社原田商事,兵庫県,姫路市,飾磨区上野田３丁目２５番地,6728043
7140001065690,株式会社ＴＲＤ,兵庫県,姫路市,国府寺町１５番地,6700852
7140001065699,株式会社グリッド,兵庫県,姫路市,御立東２丁目７番２２号,6700072
7140001065708,株式会社くるる,兵庫県,姫路市,書写２６０４番１５号,6712201
7140001065716,マルキコーポレーション株式会社,兵庫県,姫路市,広畑区東新町１丁目３０,6711121
7140001065724,株式会社Ｍ’ｓ　Ｃｏｍｐａｎｙ,兵庫県,姫路市,苫編南２丁目３６２番地１−４０１,6700987
7140001065740,株式会社エーワコレクト,兵庫県,姫路市,北条宮の町２２８番地リベール姫路駅前ＩＩ５０２号,6700948
7140001065757,株式会社又一コーポレーション,兵庫県,姫路市,下手野５丁目８番３号,6700063
7140001065765,株式会社銘木熊谷,兵庫県,姫路市,南条２丁目１２２,6700952
7140001065781,株式会社ＤＡＩＪＵ,兵庫県,姫路市,大津区天満３９９番地１,6711143
7140001065807,株式会社魚崎設計,兵庫県,姫路市,田寺１丁目２番７号,6700086
7140001065823,株式会社シャイニー,兵庫県,姫路市,飾磨区加茂２１５番地２９,6728074
7140001065831,株式会社花菖蒲,兵庫県,姫路市,三条町２丁目８−１,6728041
7140001065848,株式会社ウィンゲート,兵庫県,姫路市,飾磨区若宮町２８番地１,6728095
7140001065856,株式会社コマツ,兵庫県,姫路市,阿保８４４番地,6700944
7140001065864,株式会社ギャラリー華姫,兵庫県,姫路市,辻井５丁目３番３号,6700083
7140001065872,株式会社プラスカンパニー,兵庫県,姫路市,米屋町２０番地,6700003
7140001065880,エイテックジャパン株式会社,兵庫県,姫路市,日出町３丁目２４番地１０,6700942
7140001065889,株式会社ＣＲＥＡＭ,兵庫県,姫路市,亀井町３７番地ＣＲＥＡＭビル２Ｆ,6700925
7140001065914,株式会社西田工業,兵庫県,姫路市,御国野町深志野８００番地１,6710231
7140001065922,株式会社ハートホーム,兵庫県,姫路市,城東町野田１番地６,6700844
7140001065930,株式会社アイビー,兵庫県,姫路市,飾磨区清水２丁目１２７番地,6728051
7140001065939,株式会社明輝,兵庫県,姫路市,御国野町西御着６１２番地２４,6710233
7140001065955,株式会社ユカリフードシステムズ,兵庫県,姫路市,藤ケ台８番７号,6700066
7140001065963,株式会社ＢＩＧ　ＵＰ,兵庫県,姫路市,塩町１７１番地,6700904
7140001065971,株式会社大野建装,兵庫県,姫路市,北平野１丁目５番２３号,6700893
7140001066004,株式会社シャイニングスター,兵庫県,姫路市,豊富町甲丘３丁目１６９３番地１６,6792124
7140001066012,株式会社クローバー,兵庫県,姫路市,青山西４丁目５番１５号,6712224
7140001066020,株式会社ジャパンファーマーズヤード,兵庫県,姫路市,西延末４０２番地,6700971
7140001066029,吉田真皮化成株式会社,兵庫県,姫路市,花田町高木４４１番地,6710256
7140001066045,株式会社ＲＩＶＥＲ,兵庫県,姫路市,御国野町国分寺１７４−３,6710234
7140001066053,ＫＯＹＯＬＩＮＫＳ株式会社,兵庫県,姫路市,増位本町１丁目６番５号,6700807
7140001066061,しらさぎタクシー株式会社,兵庫県,姫路市,四郷町山脇２１３番地の１,6710248
7140001066078,株式会社ＨＰＣ,兵庫県,姫路市,青山西２丁目９番１４号,6712224
7140001066086,株式会社三栄建物管理,兵庫県,姫路市,東延末５丁目７４番地手柄ビル２階,6700965
7140001066094,キーメディア株式会社,兵庫県,姫路市,北今宿３丁目１０番２２号,6700057
7140001066103,株式会社鉄進工業,兵庫県,姫路市,上大野４丁目４９４番１,6700896
7140001066111,ユーチャート株式会社,兵庫県,姫路市,野里中町５番３０号,6700864
7140001066128,あすなろコンサル株式会社,兵庫県,姫路市,広畑区清水町３丁目３２７番地１,6711113
7140001066136,株式会社ロールプレイングゲーム,兵庫県,姫路市,駅前町２２２番地姫路駅前第一ビル,6700927
7140001066144,株式会社神崎工業,兵庫県,姫路市,香寺町相坂梨子谷５７８番地２,6792154
7140001066152,株式会社応援しよう東北,兵庫県,姫路市,若菜町１丁目２５番地２１,6700941
7140001066160,株式会社ＮＥＸＴ,兵庫県,姫路市,書写２３２７番地１,6712201
7140001066169,株式会社ヴィーダフル,兵庫県,姫路市,神屋町６丁目８１番地の４,6700836
7140001066177,株式会社菅原,兵庫県,姫路市,北条梅原町５０番地,6700945
7140001066185,株式会社エムケイ・サポート,兵庫県,姫路市,三左衛門堀東の町７６番地リーガルビル１−Ｂ,6700949
7140001066193,株式会社ノア,兵庫県,姫路市,阿保乙３９２番地の１４,6700944
7140001066202,青山タクシー株式会社,兵庫県,姫路市,白国１丁目１番１０号,6700808
7140001066210,ＡＲＴテクノ株式会社,兵庫県,姫路市,東夢前台１丁目３番地の３０,6700064
7140001066219,株式会社ｎａｔｕｒｅ,兵庫県,姫路市,北新在家１丁目１２番１２号,6700091
7140001066227,株式会社関西電機製作所,兵庫県,姫路市,琴岡町２８４番地３,6700035
7140001066235,株式会社ウィットサービス,兵庫県,姫路市,阿保甲１７６番地４,6700944
7140001067357,株式会社シャイン,兵庫県,姫路市,大津区真砂町２４番地２,6711134
7140001067415,株式会社キシモト,兵庫県,姫路市,北今宿２丁目３４７−４,6700057
7140001067472,株式会社姫路浜正,兵庫県,姫路市,広畑区西蒲田１６９０番地,6711107
7140001067605,株式会社ワビト,兵庫県,姫路市,苫編１０５番地７,6700986
7140001067704,一進工業株式会社,兵庫県,姫路市,飾磨区妻鹿１８３８番地７,6728031
7140001077579,アクティブプラス株式会社,兵庫県,姫路市,飾磨区英賀保駅前町５２番地,6728091
7140001077595,株式会社ＡＰトレード,兵庫県,姫路市,河間町３２番地,6700001
7140001077694,株式会社ＮＫＴ,兵庫県,姫路市,土山３丁目６−１２メゾン中村１−１−３号室,6700996
7140001077785,株式会社ジオニス,兵庫県,姫路市,中地３０３番地２,6700976
7140001077843,株式会社ミヤケコーポレーション,兵庫県,姫路市,飾磨区阿成植木１０４０番地３,6728030
7140001086605,建竜株式会社,兵庫県,姫路市,西今宿４丁目５番１５号,6700061
7140001086646,東住ファシリティーズ株式会社,兵庫県,姫路市,飾磨区構２丁目１４０番地,6728071
7140001086687,株式会社ポニーファーマシー,兵庫県,姫路市,豊富町御蔭１３９１番地５,6792122
7140001086860,株式会社いろどり,兵庫県,姫路市,城見台１丁目１１１１番地６９,6700803
7140001087025,株式会社大東,兵庫県,姫路市,林田町下伊勢４１番地１,6794233
7140001087207,株式会社福正,兵庫県,姫路市,白浜町甲２１４５番地１,6728023
7140001087223,株式会社ピュア,兵庫県,姫路市,双葉町１１６番地,6700832
7140001087363,関西環境科学株式会社,兵庫県,姫路市,飾西６６番地３,6712216
7140001087446,エストライン株式会社,兵庫県,姫路市,博労町８６番地,6700906
7140001087561,株式会社マザーアース,兵庫県,姫路市,野里９６１番地,6700811
7140001087875,株式会社エンクル,兵庫県,姫路市,御国野町御着４１６番地１１,6710232
7140001087900,株式会社カーショップ・トップラン,兵庫県,姫路市,保城４５６番地６,6700804
7140001087917,株式会社エコ・ラージ,兵庫県,姫路市,東山３９０番地１９,6728014
7140001087958,株式会社Ｎ．Ｓ技研,兵庫県,姫路市,飾磨区加茂３３４番地２５,6728074
7140001088106,株式会社藤原組,兵庫県,姫路市,広畑区則直９０番地２,6711105
7140001088295,株式会社ゼロイン,兵庫県,姫路市,飾磨区加茂３５１番地１,6728074
7140001088320,日本メカトロニクスエンジニアリング株式会社,兵庫県,姫路市,西脇１０５９番地２,6712234
7140001088361,株式会社くまさん,兵庫県,姫路市,大津区恵美酒町１丁目８４番地サンメゾン恵美酒２０２号,6711136
7140001088493,株式会社ヴィヴィアンウォーター,兵庫県,姫路市,岡田３５０番地１,6700982
7140001088741,株式会社田中開発企画,兵庫県,姫路市,広畑区高浜町１丁目２４番地６,6711153
7140001088766,ｅＣＮＥＣＴ株式会社,兵庫県,姫路市,勝原区山戸１０８番地,6711214
7140001088774,株式会社トリニティーワークス,兵庫県,姫路市,花田町加納原田６３４番地４,6710252
7140001088857,瀬戸内海産株式会社,兵庫県,姫路市,佃町７９,6728049
7140001088997,株式会社ティーアンドケイ,兵庫県,姫路市,白浜町甲２１３５番地３,6728023
7140001089095,株式会社ラフ,兵庫県,姫路市,東延末１丁目５番地姫路駅南タイホービル６階,6700965
7140001089293,株式会社ｂｉｔｔｅｒ　ｗｏｏｄ,兵庫県,姫路市,相野２０１番地,6712232
7140001089368,株式会社幸和電気,兵庫県,姫路市,青山西２丁目１４番３６号,6712224
7140001089624,株式会社Ａｎｚｙ,兵庫県,姫路市,北条梅原町１３００番地１,6700945
7140001089673,株式会社ＺＵＮＤ　ＦＡＣＴＯＲＹ,兵庫県,姫路市,飾磨区下野田１丁目１７９番地,6728044
7140001089772,株式会社ＫＵＲＵＭＡＤＯ,兵庫県,姫路市,網干区新在家１３８１番地,6711234
7140001090086,株式会社ＥＬＡＮ,兵庫県,姫路市,東延末３丁目５０番地姫路駅南マークビル３階,6700965
7140001090367,株式会社壱建設,兵庫県,姫路市,広畑区才２１１番地１,6711104
7140001090615,株式会社ＪＰアドバンス,兵庫県,姫路市,花田町上原田２３８番地１Ｓ２１０,6710251
7140001090714,株式会社アシェラ,兵庫県,姫路市,安田４丁目５０−２,6700955
7140001091456,株式会社ビルドテック,兵庫県,姫路市,山田町多田３０６番地,6792111
7140001091943,株式会社雅商店,兵庫県,姫路市,千代田町７４０番地２姫路西スカイハイツ７１１号,6700993
7140001092074,じゅうたす株式会社,兵庫県,姫路市,西中島１４番地８,6700805
7140001092108,株式会社イワミ産業,兵庫県,姫路市,香寺町相坂８９５番地,6792154
7140001092207,株式会社アシスト１,兵庫県,姫路市,西庄３８７番地セントレージ２０４号,6700981
7140001092438,モンテカルロ株式会社,兵庫県,姫路市,的形町的形１８６４番地,6710111
7140001092454,株式会社アールエイチ,兵庫県,姫路市,広畑区才１０９２番地２,6711104
7140001092520,株式会社エステートＡ,兵庫県,姫路市,的形町的形１４５７−４,6710111
7140001092652,株式会社高田シェービング,兵庫県,姫路市,四郷町上鈴３２０番地,6710241
7140001092660,株式会社エターナルグロウ,兵庫県,姫路市,広畑区東新町１丁目２７番地１０１号,6711121
7140001092834,株式会社一善,兵庫県,姫路市,大塩町９８６番地３,6710101
7140001092900,株式会社智進,兵庫県,姫路市,東山１４３７番地,6728014
7140001093171,株式会社ステップ建設,兵庫県,姫路市,大津区平松８番地６,6711145
7140001093329,株式会社プランニング・パック一級建築士事務所,兵庫県,姫路市,辻井１丁目２番２２号,6700083
7140001093361,中尾調剤薬局株式会社,兵庫県,姫路市,広畑区早瀬町１丁目４２番地,6711151
7140001093766,株式会社濱田,兵庫県,姫路市,飾磨区英賀東町１丁目３５番地,6728087
7140001093824,株式会社福井,兵庫県,姫路市,東今宿５丁目２番１５号,6700056
7140001093840,株式会社植友造園土木,兵庫県,姫路市,北条宮の町２５７番地２階２０３号室,6700948
7140001093907,株式会社スミノ,兵庫県,姫路市,飾磨区中野田３丁目９８番地１,6728045
7140001093948,株式会社ケー・エム,兵庫県,姫路市,実法寺７１番地,6712244
7140001093972,株式会社姫路高正,兵庫県,姫路市,飾磨区構５丁目２０１番地,6728071
7140001093989,株式会社名田屋,兵庫県,姫路市,広畑区末広町３丁目１５０７番地,6711115
7140001093997,株式会社Ｌ−ｆｌｏｗ,兵庫県,姫路市,砥堀６７０番地１,6700802
7140001094203,株式会社アートクリーンジャパン,兵庫県,姫路市,花田町加納原田７９９番地６,6710252
7140001094211,株式会社アニマシオン,兵庫県,姫路市,飾西６３８番地１ノース青山１Ｆ,6712216
7140001094649,日興物流株式会社,兵庫県,姫路市,城見町１４番地,6700831
7140001094764,隼工房株式会社,兵庫県,姫路市,飾磨区英賀清水町３丁目９９,6728084
7140001094830,株式会社エスポワールコーポレーション,兵庫県,姫路市,広畑区小松町２丁目６６番地６９,6711152
7140001094987,株式会社ＹＯＵ,兵庫県,姫路市,大津区真砂町３８番地の８,6711134
7140001095036,株式会社Ｄ．Ｍ．Ｙ．,兵庫県,姫路市,青山西４丁目２番１号ホワイト青山ビル２１１,6712224
7140001095242,株式会社イース,兵庫県,姫路市,五郎右衛門邸８１番地３２,6700857
7140001095300,株式会社ＵＯＸ,兵庫県,姫路市,飾磨区中島６０３番地１,6728035
7140001095382,ＩＲＯ株式会社,兵庫県,姫路市,飾磨区上野田６丁目３１番地２,6728043
7140001095408,株式会社ａｄａｋｅｎ,兵庫県,姫路市,別所町小林２９２番地,6710222
7140001095705,石原施工株式会社,兵庫県,姫路市,北条永良町２１７番地,6700946
7140001095804,株式会社Ｉｎｎｏｖａｔｉｏｎ,兵庫県,姫路市,飾磨区阿成植木１０２２番地,6728030
7140001095853,株式会社コンシェルジュ,兵庫県,姫路市,安田４丁目３５番地,6700955
7140001095903,株式会社しらさぎアスコン,兵庫県,姫路市,飾磨区今在家１１２０番１,6728079
7140001096174,ＮＥＥＤテック株式会社,兵庫県,姫路市,飾磨区中野田４丁目７番地３０,6728045
7140001096307,株式会社オカノベーカリー,兵庫県,姫路市,御国野町国分寺３９１番地,6710234
7140001096356,株式会社大光電機,兵庫県,姫路市,夢前町宮置３９６番地７１,6712121
7140001096397,株式会社ＡＳＣＯＭ,兵庫県,姫路市,飾磨区今在家４丁目２４番地１０３,6728079
7140001096430,アーバンライフビューシ株式会社,兵庫県,姫路市,南条２０２番地,6700952
7140001096678,株式会社ハヤノ,兵庫県,姫路市,魚町１６番地,6700905
7140001096686,ウィルフーズ株式会社,兵庫県,姫路市,飾磨区中野田１丁目２１番地,6728045
7140001096835,株式会社Ｌ．Ｃ．Ａ．,兵庫県,姫路市,駅前町２９４番地,6700927
7140001096934,トップエステート株式会社,兵庫県,姫路市,広畑区蒲田３丁目１７４番地３,6711102
7140001096950,株式会社播磨喜水,兵庫県,姫路市,阿保甲８７８番地,6700944
7140001097189,株式会社ウェルネス兵庫,兵庫県,姫路市,三左衛門堀西の町２０６番地,6700940
7140001097346,株式会社ファルコン,兵庫県,姫路市,御国野町西御着４９２番地,6710233
7140001097362,株式会社ＹＪクリエイト,兵庫県,姫路市,八代本町２丁目２番２９号,6700874
7140001097404,株式会社スクーデリア・カーサ,兵庫県,姫路市,南条４２８番地ロッキーコートナカヤ３０７号,6700952
7140001097445,株式会社＿原,兵庫県,姫路市,網干区垣内東町１２５番地２,6711252
7140001097503,株式会社ＫＪホールディングス,兵庫県,姫路市,白浜町宇佐崎南１丁目５４番地２,6728022
7140001097585,ジェーシーエス株式会社,兵庫県,姫路市,広畑区正門通１丁目２番,6711116
7140001097833,株式会社ユーセイ,兵庫県,姫路市,上手野２７４番１,6700065
7140001097981,万里株式会社,兵庫県,姫路市,西新在家３丁目８番１２号,6700096
7140001098088,株式会社癒し部,兵庫県,姫路市,緑台１丁目１１番１０号,6712247
7140001098245,株式会社旭パワーマネジメント,兵庫県,姫路市,青山西５丁目１番２１号,6712224
7140001098674,株式会社アズマ,兵庫県,姫路市,四郷町山脇６１６−２,6710248
7140001098708,彩成商事株式会社,兵庫県,姫路市,余部区上川原１８７番地１２,6711263
7140001098765,中橋株式会社,兵庫県,姫路市,上手野３８７−１,6700065
7140001099111,株式会社ＰＬＵＳ,兵庫県,姫路市,三左衛門堀東の町７６番地リーガルビル２−Ｂ,6700949
7140001099227,株式会社みやおか,兵庫県,姫路市,坂田町１２７番地,6700931
7140001099301,ユーワホーム株式会社,兵庫県,姫路市,飾磨区妻鹿１０１７番地１１,6728031
7140001099318,株式会社オフィス９７３,兵庫県,姫路市,博労町１２７−８０２,6700906
7140001099409,株式会社ビュベール,兵庫県,姫路市,南畝町１丁目４７番地,6700961
7140001099557,株式会社アクセス,兵庫県,姫路市,大津区天神町２丁目５５番地１,6711131
7140001099607,株式会社小幡,兵庫県,姫路市,御国野町国分寺１７５番地１,6710234
7140001099854,株式会社えむはうす,兵庫県,姫路市,北条宮の町４１１番地,6700948
7140001099904,姫路ふたば保険コンサルタント株式会社,兵庫県,姫路市,飾磨区英賀保駅前町７１,6728091
7140001099961,株式会社ユーライト,兵庫県,姫路市,北条９８６番地１９,6700947
7140001100101,株式会社ＡＲＥ,兵庫県,姫路市,飾磨区恵美酒１０８番地,6728057
7140001100398,エムホープ株式会社,兵庫県,姫路市,紺屋町４４番地,6700924
7140001100555,株式会社タカシマビル,兵庫県,姫路市,飾磨区下野田３丁目２３０番地１,6728044
7140001100654,株式会社バンリューゴルフ,兵庫県,姫路市,楠町９９番地５,6700826
7140001100704,鴻運国際貿易株式会社,兵庫県,姫路市,網干区新在家１３０６番６,6711234
7140001100992,株式会社飛石重機,兵庫県,姫路市,安富町狭戸５５２番地,6712423
7140001101058,株式会社茉莉花,兵庫県,姫路市,御国野町御着１１７−１,6710232
7140001101198,株式会社健新,兵庫県,姫路市,林田町久保１１５番地１,6794201
7140001101223,ジェイマックス株式会社,兵庫県,姫路市,土山東の町１番２号,6700995
7140001101314,株式会社菊花商事,兵庫県,姫路市,福中町２８,6700017
7140001101330,株式会社雪景,兵庫県,姫路市,飾磨区英賀東町２丁目１０９番地２,6728087
7140001101363,株式会社グランドワークス,兵庫県,姫路市,苫編南２丁目４１番地,6700987
7140001101537,株式会社ＧＲＡＮＶＩＡ　ＫＵＷＡＴＡ　ＣＡＰＩＴＡＬ,兵庫県,姫路市,御国野町御着３５２番地,6710232
7140001101636,株式会社ＨＡＤＡ　ＢＡＳＥ,兵庫県,姫路市,北原２３４番地５,6728002
7140001101784,株式会社高木組,兵庫県,姫路市,青山６丁目４２番３０号,6712222
7140001101850,株式会社ＪＭＭＯＴ,兵庫県,姫路市,白国４丁目３−１８,6700808
7140001101891,株式会社心建設,兵庫県,姫路市,広畑区早瀬町２丁目２８番地２,6711151
7140001102097,ノアファシリティーズ株式会社,兵庫県,姫路市,東山５２４番地,6728014
7140001102163,株式会社エヌ・ケーテック,兵庫県,姫路市,豊富町御蔭１０２４番地,6792122
7140001102171,タマコンサルティング株式会社,兵庫県,姫路市,土山東の町１３番６号グリーンホームビル１Ｆ,6700995
7140001102205,株式会社花園,兵庫県,姫路市,青山３丁目３１番１号インタービレッジ青山二番館１１１,6712222
7140001102304,株式会社千代屋商店,兵庫県,姫路市,手柄１丁目８１番地４,6700972
7140001102394,日土開発株式会社,兵庫県,姫路市,北條５１０番地の５,6700000
7140001102576,おかだメディカルサービス株式会社,兵庫県,姫路市,神子岡前３丁目１２番１７号,6700055
7140001102618,Ｆ美装株式会社,兵庫県,姫路市,白鳥台３丁目２０番２０号,6712245
7140001102650,株式会社プラスティー,兵庫県,姫路市,飾東町庄１７番地１１,6710218
7140001102659,株式会社ｉ　ｄｅｓｉｇｎ,兵庫県,姫路市,飾東町佐良和６５番地３,6710217
7140001102691,株式会社Ｌｅｅ　Ｖｉｎｉｎｇ,兵庫県,姫路市,本町６８番地平和不動産ビル１階西,6700012
7140001102808,株式会社Ｏ．Ｄ．Ａ,兵庫県,姫路市,南町７６姫路城陽ビル３階,6700912
7140001102923,浦口電気株式会社,兵庫県,姫路市,広畑区北野町１丁目２２番地３,6711112
7140001103021,ライフスター株式会社,兵庫県,姫路市,御立西２丁目７番４号,6700074
7140001103293,株式会社トータルビューティーサロン,兵庫県,姫路市,北新在家２丁目１９番１７−１号,6700091
7140001103335,株式会社大護,兵庫県,姫路市,夢前町前之庄４３４１番地,6712103
7140001103640,株式会社鳴本機工,兵庫県,姫路市,書写１０１９番地６１４,6712201
7140001103715,ＪＭ兵庫株式会社,兵庫県,姫路市,広畑区正門通４丁目３番地３,6711116
7140001103946,株式会社佐藤工業,兵庫県,姫路市,網干区田井２２２番地１５,6711221
7140001103970,株式会社彩晄エステート,兵庫県,姫路市,野里１９９番地１メゾン・セラヴィー野里,6700811
7140001104168,ＪＶＣＣｊａｐａｎ株式会社,兵庫県,姫路市,安田１丁目６番地,6700955
7140001104572,株式会社貴誓,兵庫県,姫路市,林田町口佐見１３５番地の６,6794222
7140001104580,株式会社ワンハート,兵庫県,姫路市,書写１７１７番地２,6712201
7140001104597,ＢＲＡＩＮＳ株式会社,兵庫県,姫路市,東山１３７番地９,6728014
7140001104993,打浪工業株式会社,兵庫県,姫路市,打越１７２７番地,6712246
7140001105348,株式会社ミキ製作所,兵庫県,姫路市,飾磨区今在家９４５番地,6728079
7140001105471,株式会社Ｇ,兵庫県,姫路市,二階町１８ＡＮＧＥＲＯ二階町,6700922
7140001105562,株式会社高丘,兵庫県,姫路市,大津区天満９５０番地１６,6711143
7140001105570,株式会社ＳＫスタイル,兵庫県,姫路市,継３４８番地５,6728004
7140001105629,恵美酒鉄工株式会社,兵庫県,姫路市,飾磨区恵美酒３９９番地３−９０３,6728057
7140001105645,株式会社ｔｒｉｐヘアメイクＭＩＯ,兵庫県,姫路市,東山２７６番地１,6728014
7140001105983,株式会社ヤマグチ,兵庫県,姫路市,別所町別所４丁目５６番地５,6710221
7140001106164,株式会社前實,兵庫県,姫路市,花田町高木３２５−２,6710256
7140001106214,株式会社森建,兵庫県,姫路市,北条梅原町９４番地,6700945
7140001106395,恭真建設株式会社,兵庫県,姫路市,広畑区蒲田４丁目２０２番地,6711102
7140001106420,株式会社シンテック,兵庫県,姫路市,菅生台５番地３,6712243
7140001106437,株式会社ＭＰＳ,兵庫県,姫路市,増位新町１丁目８番地２Ａ−１１０,6700806
7140001106552,株式会社関西美装,兵庫県,姫路市,田寺１丁目３番３号,6700086
7140001106627,ｃｌａｎ株式会社,兵庫県,姫路市,御国野町国分寺２３１番地４,6710234
7140001106668,ＨＫ−ＴＲＵＳＴ株式会社,兵庫県,姫路市,豊富町豊富４１２−１,6792123
7140001106767,コージープレイス株式会社,兵庫県,姫路市,飾磨区付城２丁目１３番地１,6728082
7140001106783,株式会社アースライブ,兵庫県,姫路市,豊沢町１３５番地,6700964
7140001106809,株式会社グレース,兵庫県,姫路市,西今宿３丁目１５番１０号,6700061
7140001106833,株式会社Ｂａｌａｎｃｅ,兵庫県,姫路市,飾磨区構４丁目１３８−１,6728071
7140001106899,光伸株式会社,兵庫県,姫路市,広畑区高浜町２丁目４１番地,6711153
7140001107022,株式会社ＴＭＫ,兵庫県,姫路市,御立中５丁目７−５,6700073
7140001107071,株式会社ＭＴＣ,兵庫県,姫路市,西新町１６２番地,6700033
7140001107286,株式会社有田電気設備,兵庫県,姫路市,飾磨区英賀宮台１０番地,6728089
7140001107344,誠興業株式会社,兵庫県,姫路市,辻井２丁目１番１２号,6700083
7140001107468,株式会社左官ＫＯＭＡ,兵庫県,姫路市,豊富町御蔭１４９６番地,6792122
7140001107690,株式会社Ｒｅ−Ｌ,兵庫県,姫路市,材木町３番地２,6700025
7140001107765,株式会社エルダー,兵庫県,姫路市,飾磨区阿成渡場９３６番地１６,6728039
7140001107798,株式会社エミリオ,兵庫県,姫路市,西延末５番１６,6700971
7140001107831,森本商店株式会社,兵庫県,姫路市,白浜町甲９１２番地１４,6728023
7140001107872,株式会社藤川空調,兵庫県,姫路市,飾磨区阿成１６−５０,6728037
7140001107922,株式会社トラスト,兵庫県,姫路市,久保町２１番地２階,6700916
7140001107996,株式会社ＳＱＨＯＯ,兵庫県,姫路市,北今宿２丁目４番５２号,6700057
7140001108037,株式会社はるばる,兵庫県,姫路市,亀井町９４番地,6700925
7140001108094,株式会社ｗｏｒｋ　ｏｕｔ,兵庫県,姫路市,苫編９５番地２,6700986
7140001108160,株式会社新井工業,兵庫県,姫路市,大津区勘兵衛町１丁目１１番地８,6711132
7140001108235,株式会社麺匠播磨屋,兵庫県,姫路市,打越１４番地１,6712246
7140001108400,元天リテール株式会社,兵庫県,姫路市,駅前町３３７番地廣瀬ビル３階,6700927
7140001108425,Ｍプラスホールディングス株式会社,兵庫県,姫路市,飾磨区英賀宮町１丁目１７番地,6728080
7140001108516,株式会社コンフォートプロポーザル,兵庫県,姫路市,飾磨区都倉１丁目３０番地,6728046
7140001108755,株式会社Ｊ＆Ｙ,兵庫県,姫路市,塩町８７番地日経ビル５階,6700904
7140001108929,株式会社サイタ,兵庫県,姫路市,中地６８７番地３,6700976
7140001108945,株式会社ＮＯＯＥ．ＴＯＫＹＯ,兵庫県,姫路市,飾西６８２番地の９,6712216
7140001108994,株式会社Ｐａｏ　Ｈｏｍｅｓ,兵庫県,姫路市,東延末１丁目５番地１−Ａ号,6700965
7140001109142,株式会社竹内設備工業,兵庫県,姫路市,四郷町中鈴１１３番地８,6710242
7140001109159,株式会社ＴＡＫ,兵庫県,姫路市,花田町上原田２４４番地２０４,6710251
7140001109266,株式会社石井商会,兵庫県,姫路市,香寺町田野３３番地１,6792153
7140001109662,株式会社桑名設備,兵庫県,姫路市,飾磨区山崎２０８番地,6728097
7140001109794,株式会社ＺＥＲＯ,兵庫県,姫路市,飾磨区中浜町３丁目１３６番地,6728085
7140001109852,株式会社ＡＫＩ,兵庫県,姫路市,三条町１丁目４８−１,6700953
7140001110067,畿内情報サービス株式会社,兵庫県,姫路市,飾東町豊国１１５９番地２,6710219
7140001110166,株式会社ノア不動産,兵庫県,姫路市,飾磨区上野田３丁目１１９番地,6728043
7140001110281,高島商事株式会社,兵庫県,姫路市,飾磨区中野田２丁目１７７番地１,6728045
7140001110348,ＹＭＴ株式会社,兵庫県,姫路市,白浜町宇佐崎南１丁目５０番地,6728022
7140001110356,濱重コーポレーション株式会社,兵庫県,姫路市,白浜町甲７７０番地,6728023
7140001110620,株式会社リネージュ,兵庫県,姫路市,飾磨区加茂１９８番地１−１２１３,6728074
7140001110645,株式会社クエストホーム,兵庫県,姫路市,広畑区才２０７番地３,6711104
7140001110785,森源商事株式会社,兵庫県,姫路市,米田町１５番１号船場東ビル５号室,6700042
7140001111420,株式会社ミキ,兵庫県,姫路市,八家１２６２番地２４,6728015
7140001111718,株式会社繁栄社,兵庫県,姫路市,飾東町庄９７番地３,6710218
7140001111932,株式会社Ｍコンフィアンス,兵庫県,姫路市,青山１丁目２２番１７号,6712222
7140001111973,株式会社フライステージ,兵庫県,姫路市,辻井６丁目１０の２サンコーポラス２０２,6700083
7140001112055,株式会社コンフォートメンテナンス,兵庫県,姫路市,飾磨区都倉１丁目３０番地,6728046
7140001112096,Ｎプランニング株式会社,兵庫県,姫路市,飾磨区妻鹿１１２９番地１,6728031
7140001112229,株式会社高尾電気商会,兵庫県,姫路市,大塩町２０８５番地１８,6710101
7140001112253,西武リフォーム株式会社,兵庫県,姫路市,飾磨区構２丁目１４３番地１,6728071
7140001112294,株式会社ニューステップ,兵庫県,姫路市,網干区宮内４０番地９,6711222
7140001112360,株式会社田中鉄工所,兵庫県,姫路市,飾磨区恵美酒３９９番地３ロワイヤル飾磨６０４号,6728057
7140001112542,株式会社ヨシタロウ,兵庫県,姫路市,神田町２丁目７番地１、１００３,6700991
7140001112567,株式会社Ｔｅｎ,兵庫県,姫路市,勝原区大谷８１番地１０,6711205
7140001112666,株式会社ＲＣＳ,兵庫県,姫路市,青山南４丁目７番６号,6712223
7140001112757,サーパス株式会社,兵庫県,姫路市,船橋町５丁目７番地１アルファステイツ船場ＩＩ６０２号,6700048
7140001112930,株式会社ＴＮＫ,兵庫県,姫路市,花田町小川９６５番地,6710255
7140001113417,株式会社ＯＳダイニング,兵庫県,姫路市,北条口２丁目６６番地,6700935
7140001113458,山崎興業株式会社,兵庫県,姫路市,花田町高木５５８番地７,6710256
7140001113565,中根工業株式会社,兵庫県,姫路市,東山１番地１フレンドＭ東山３０２,6728014
7140001113623,株式会社友喜産業,兵庫県,姫路市,的形町的形６１０番地３,6710111
7140001113656,株式会社クールダディ,兵庫県,姫路市,相野９２７番地４３,6712232
7140001113796,株式会社プラスコーポレーション,兵庫県,姫路市,飾東町唐端新７３番地４０,6710214
7140001113945,株式会社ループリング,兵庫県,姫路市,八家１６２番地５,6728015
7140001113953,インドネシア貿易会株式会社,兵庫県,姫路市,南畝町１丁目４１番地ＡＮＧＥＬＯ姫路駅前７０２号,6700961
7140001114002,株式会社ブルースタージャパン,兵庫県,姫路市,阿保乙３６７番地１,6700944
7140001114010,株式会社リヴァ・ファシリティーズ,兵庫県,姫路市,北条口２丁目７番地,6700935
7140001114150,株式会社エナジーライフ,兵庫県,姫路市,飾磨区山崎５３９番地,6728097
7140001114167,株式会社クリーンマスター,兵庫県,姫路市,飾磨区英賀春日町２丁目４５番地２グランドゥール１０１,6728092
7140001114258,株式会社兵庫食品科学研究所,兵庫県,姫路市,東郷町１４５１番地５,6700821
7140001114365,株式会社ＫＳ,兵庫県,姫路市,大津区平松４６番地４,6711145
7140001114398,株式会社友結,兵庫県,姫路市,四郷町坂元１３番地,6710246
7140001114489,株式会社トータルサポート,兵庫県,姫路市,書写２６９６番地２,6712201
7140001114778,Ｅｔｅｒｎａｌ株式会社,兵庫県,姫路市,実法寺１４２番地１,6712244
7140001114919,株式会社コジマトラックライン,兵庫県,姫路市,的形町的形１２２９番地６,6710111
7140001115058,はだしの家．株式会社,兵庫県,姫路市,夢前町前之庄３１２６番地３,6712103
7140001115066,株式会社サインカンパニー,兵庫県,姫路市,広畑区本町２丁目１番地,6711114
7140001115082,株式会社西川商店,兵庫県,姫路市,網干区新在家３４４番地８,6711234
7140001115108,株式会社スペース電機,兵庫県,姫路市,飾磨区玉地１丁目３２番地野田ビル２階,6728052
7140001115181,株式会社シントテック,兵庫県,姫路市,網干区興浜９０７番地１３３,6711241
7140001115636,株式会社ほおのき,兵庫県,姫路市,南条１丁目１１１番地−１０４号,6700952
7140001115941,株式会社みそら住宅サービス,兵庫県,姫路市,飾磨区中野田２丁目１６番地３０１号,6728045
7140001115974,株式会社インクリース,兵庫県,姫路市,飾磨区野田町１７１番地リベール姫路駅南Ｉ−７０１号室,6728040
7140001116097,株式会社クレスト,兵庫県,姫路市,西新在家３丁目１７番３号,6700096
7140001116106,株式会社華泉,兵庫県,姫路市,青山西２丁目２５番３号,6712224
7140001116163,株式会社常葉不動産,兵庫県,姫路市,神和町９−１コジマビル２０２号,6700834
7140001116386,株式会社ｆｌｏｒｉａ,兵庫県,姫路市,飾磨区英賀西町３丁目１５−４英賀西テナント１０４号,6728088
7140001116428,株式会社Ｓ．Ｎ．Ｏ．Ｗ．,兵庫県,姫路市,別所町北宿１０９５番地２,6710223
7140001116502,株式会社Ｂｅｅ’Ｓ,兵庫県,姫路市,城北新町１丁目１１−１５,6700883
7140001116824,株式会社ＹＬＳ,兵庫県,姫路市,別所町別所１丁目６３番地,6710221
7140001116997,株式会社Ｓ−ＤＥＮ,兵庫県,姫路市,広畑区蒲田２丁目６６番地３,6711102
7140001117087,株式会社ＰＬＡＮ１,兵庫県,姫路市,北条宮の町５７２,6700948
7140001117161,株式会社ルリア,兵庫県,姫路市,広畑区蒲田２丁目８７,6711102
7140001117574,株式会社ＭＳＣ,兵庫県,姫路市,飾磨区今在家北２丁目５２番地,6728090
7140001117665,株式会社Ｔｒｕｓｔ　Ｏｎｅ,兵庫県,姫路市,御立東１丁目２５番８号,6700072
7140001117698,株式会社Ｆｉｒｍａｍｅｎｔ,兵庫県,姫路市,田寺東２丁目２９番２８号,6700081
7140001117839,山本建装株式会社,兵庫県,姫路市,飾磨区中島３３９０番地２,6728035
7140001117938,株式会社ｉＭｕｓ,兵庫県,姫路市,香寺町須加院２番地４０,6792132
7140001117970,株式会社エイト,兵庫県,姫路市,北平野南の町２番３９号,6700887
7140001117987,株式会社ネクストデザイン,兵庫県,姫路市,青山１丁目２５番３号,6712222
7140001118151,株式会社クローバル,兵庫県,姫路市,飾磨区高町２丁目３０５番地１,6728081
7140001118242,株式会社エイチアットワイ,兵庫県,姫路市,野里堀留町１番８号,6700866
7140001118283,株式会社フジ美建,兵庫県,姫路市,白銀町３番地３階,6700902
7140001118309,株式会社Ｆ＆Ｌ,兵庫県,姫路市,飾磨区構５丁目２４３番地３,6728071
7140001118408,西播ホールディングス株式会社,兵庫県,姫路市,飾磨区中島字宝来３０６７番地の８,6728035
7140001118424,株式会社ひぐち住建,兵庫県,姫路市,飾磨区阿成鹿古２０３番地,6728038
7140001118614,株式会社ピエーヌ,兵庫県,姫路市,別所町別所１丁目６３番地,6710221
7140001118639,株式会社ソライロ,兵庫県,姫路市,新在家本町５丁目４番１１号,6700092
7140001118936,株式会社ありがとう,兵庫県,姫路市,白浜町乙５１４番地,6728023
7140001119026,株式会社Ｌｕａｎａ,兵庫県,姫路市,西八代町７番２９−１０３号アルファステイツ城乾西八代,6700876
7140001119109,株式会社ミカシマ,兵庫県,姫路市,上手野１４５番地３,6700065
7140001119281,株式会社Ｓｕｎ　Ｃｌｉｍｂ,兵庫県,姫路市,飾磨区加茂３５４番地１,6728074
7140001119422,株式会社わんこむ,兵庫県,姫路市,苫編南２丁目３６０番地１朝日プラザ姫路サバーブＩＩ２０２号室,6700987
7140001119488,株式会社Ｇ−ｃｒｅａｔｅ,兵庫県,姫路市,琴岡町２７４番地３．２０３号,6700035
7140001119620,株式会社しらさぎホーム,兵庫県,姫路市,福中町８１番地１０２,6700017
7140001119983,株式会社アールエス,兵庫県,姫路市,飾磨区富士見ケ丘町１５番地２８,6728098
7140001120017,株式会社ＭＡ,兵庫県,姫路市,宮西町２丁目３８番地１,6700837
7140001120025,株式会社ＥＢＴＩＳＡＭ,兵庫県,姫路市,御国野町国分寺７２６番地１,6710234
7140001120041,株式会社喃風,兵庫県,姫路市,別所町小林１６２番地の１,6710222
7140001120289,株式会社ＧＡＯＮ,兵庫県,姫路市,東雲町６丁目１番地の２ファイブビル１・２階,6700046
7140001120314,株式会社村上機設,兵庫県,姫路市,広畑区則直８２番地１１,6711105
7140001120479,鵬和開発株式会社,兵庫県,姫路市,東山１２６０番地,6728014
7140001120743,株式会社健伸堂,兵庫県,姫路市,東延末５丁目６８−２,6700965
7140001120792,Ｋａｎｂｅｉ　Ｆｉｎａｎｃｉａｌ　Ａｇｅｎｃｙ株式会社,兵庫県,姫路市,広畑区西夢前台７丁目７６番地,6711103
7140001120966,株式会社飯田住建,兵庫県,姫路市,飾磨区今在家６丁目８８番地,6728079
7140001120982,株式会社ＹＭＥ,兵庫県,姫路市,飾磨区中島３丁目２４番地オレンジベースＢ号,6728035
7140001121056,株式会社ＬＡＵＲＯ,兵庫県,姫路市,飾磨区今在家７丁目１００番地,6728079
7140001121064,株式会社姫大アシスト,兵庫県,姫路市,大塩町２０４２番２,6710101
7140001121080,森の冒険塾株式会社,兵庫県,姫路市,豊富町豊富１９３８番地２,6792123
7140001121246,株式会社ＳＥＭＢＲＡＮＤＯ,兵庫県,姫路市,辻井８丁目７番１８号,6700083
7140001121353,株式会社あんしんガード,兵庫県,姫路市,亀山３０６番地,6700973
7140001121452,株式会社藤正電工,兵庫県,姫路市,保城７８２番地８,6700804
7140001121510,株式会社えいぎょうコンサルティング,兵庫県,姫路市,飾磨区中島７６２−１アジュール飾磨１０３号,6728035
7140001121642,株式会社ｙ’ｓ　ｖｉｃｔｏｒｙ,兵庫県,姫路市,下手野４丁目１０番１１号,6700063
7140001121667,株式会社サステナブルプランツ,兵庫県,姫路市,夢前町宮置９０９番地１,6712121
7140001121774,ＹＳ．ｔｅｃ株式会社,兵庫県,姫路市,四郷町東阿保９５３番地１２,6710247
7140001121782,株式会社響尾,兵庫県,姫路市,網干区高田３６５,6711226
7140001121799,株式会社ヒラキ建設,兵庫県,姫路市,飾磨区中島２８７番地,6728035
7140001121857,株式会社繁也工業,兵庫県,姫路市,白浜町丙６１２番地,6728023
7140001122013,株式会社バルジ,兵庫県,姫路市,香寺町土師１０７２番地,6792163
7140001122070,株式会社白鷺鉄建工業,兵庫県,姫路市,御立西３丁目５番３号,6700074
7140001122228,株式会社Ｎｅｘｔ　Ｄｏｏｒ,兵庫県,姫路市,飾磨区構５丁目４３番地１,6728071
7140001122302,株式会社さんさん堂,兵庫県,姫路市,飾磨区上野田４丁目２７１番地２,6728043
7140001122327,株式会社アイズ,兵庫県,姫路市,北条宮の町２５８番地キノシタビル４０２,6700948
7140001122590,大西フィル株式会社,兵庫県,姫路市,新在家４丁目５番２３号,6700095
7140001122748,株式会社ネクサス,兵庫県,姫路市,勝原区熊見３６５番地１８,6711211
7140001122806,大運株式会社,兵庫県,姫路市,網干区和久５８５番地,6711227
7140001123044,株式会社高砂技建,兵庫県,姫路市,四郷町見野１３９番地１,6710244
7140001123110,株式会社Ｋ−Ｇｕ,兵庫県,姫路市,飾磨区今在家３丁目３００番地１,6728079
7140001123119,株式会社ワイズグローバル,兵庫県,姫路市,安富町皆河１０９５番地,6712415
7140001123192,株式会社ルガール,兵庫県,姫路市,岡田６４０番地８,6700982
7140001123250,株式会社ノリアキテック,兵庫県,姫路市,飾磨区須加２６７番地２,6728063
7140001123291,一心，ｉｓｓｈｉｎ株式会社,兵庫県,姫路市,花田町加納原田９４番地１７,6710252
7140001123309,株式会社信工,兵庫県,姫路市,網干区田井７２番地１０,6711221
7140001123358,株式会社岡田電気,兵庫県,姫路市,石倉８０１番地３,6712231
7140001123390,株式会社共伸電機工業所,兵庫県,姫路市,網干区新在家２０２３番地１６４,6711234
7140001123589,Ｉｎｆｏｒｍａｒｅｓｓ株式会社,兵庫県,姫路市,白浜町甲８４９番地５,6728023
7140001123597,アフィット株式会社,兵庫県,姫路市,花影町４丁目１４番地,6700047
7140001123671,株式会社サブライズ,兵庫県,姫路市,広畑区長町１丁目８０番地３武本ビル２Ｆ,6711125
7140001123721,株式会社ａｄｖａｎｃｅ,兵庫県,姫路市,香寺町中仁野６７７番地２,6792143
7140001123969,株式会社広築ホールディングス,兵庫県,姫路市,広畑区正門通４丁目１０番地１１,6711116
7140001124059,ＨＴＷ株式会社,兵庫県,姫路市,久保町５３,6700916
7140001124133,株式会社アドティブ,兵庫県,姫路市,町坪５５９−２,6700984
7140001124174,株式会社タカラ食健,兵庫県,姫路市,西夢前台２丁目３８番地,6712214
7140001124315,株式会社ＩＮＦ,兵庫県,姫路市,広畑区蒲田３１７番地３,6711102
7140001124496,株式会社みつや,兵庫県,姫路市,北条永良町６３番地,6700946
7140001124595,津田機工株式会社,兵庫県,姫路市,北条永良町１１９番地,6700946
7140001124728,株式会社スパイクモビリティ,兵庫県,姫路市,西延末２８４番地の１,6700971
7140001124777,株式会社西播重量,兵庫県,姫路市,勝原区熊見４４８番地,6711211
7140001125024,株式会社ＲＥＩ,兵庫県,姫路市,飾磨区英賀清水町１丁目２２番地−２０２号,6728084
7140001125239,ＭｉＲｉｚｅ株式会社,兵庫県,姫路市,香寺町香呂９０番地６,6792151
7140001125255,Ｖｉｔａｌｉｚｅ株式会社,兵庫県,姫路市,町坪３９２番地５,6700984
7140001125429,株式会社ＭＩＹＵＫＩ,兵庫県,姫路市,幸町１３１番地,6700835
7140001125692,株式会社ＭＫＰ,兵庫県,姫路市,野里上野町２丁目８番６５号,6700814
7140001125742,株式会社レポーソ,兵庫県,姫路市,玉手３丁目４１１番地２,6700985
7140001125924,株式会社Ａｊｕｉ,兵庫県,姫路市,三左衛門堀西の町１４１番地センシブルハウス３０５号,6700940
7140001125973,株式会社ｇｒａｃｅ・ｐｌｕｓ,兵庫県,姫路市,砥堀３４番地７,6700802
7140001126014,酒谷工業株式会社,兵庫県,姫路市,網干区新在家２６４番地５５,6711234
7140001126138,株式会社ワードワーク,兵庫県,姫路市,南町７６番地,6700912
7140001126237,株式会社３２１,兵庫県,姫路市,勝原区熊見２７３番地４,6711211
7140001126286,株式会社Ｇ．ｓｐａｃｅ,兵庫県,姫路市,砥堀１１７６番地２４,6700802
7140001126344,エコリラボ株式会社,兵庫県,姫路市,田寺東３丁目３３番１号,6700081
7140001126419,株式会社小林工務店,兵庫県,姫路市,広畑区才６６６番地１７,6711104
7140001126534,株式会社ｅｍｓ,兵庫県,姫路市,飾磨区今在家北３丁目６２番地,6728090
7140001126591,株式会社アトリエ・マイスター,兵庫県,姫路市,宮上町２丁目１８番地３,6700823
7140001126617,株式会社西尾工業,兵庫県,姫路市,北原４５０番地７,6728002
7140001126716,松下工業株式会社,兵庫県,姫路市,飾磨区細江６９１番地１７,6728064
7140001126815,松原工業株式会社,兵庫県,姫路市,広畑区早瀬町１丁目６３番地１ＫＩグリーンハイツ１０１号,6711151
7140001126906,克成建設株式会社,兵庫県,姫路市,夢前町神種９８番地１,6712105
7140001126947,株式会社まるごとサポート空,兵庫県,姫路市,網干区田井７８番地１,6711221
7140001127020,株式会社まさみ商事,兵庫県,姫路市,西延末２１９番地１,6700971
7140001127185,株式会社Ｒｏｏｔｓ,兵庫県,姫路市,城東町竹之門１２番地京口ハイツ３０１,6700848
7140001127326,株式会社リナクル,兵庫県,姫路市,広畑区本町２丁目６４番地,6711114
7140001127664,株式会社総栄,兵庫県,姫路市,花田町勅旨９３番地８,6710254
7140001127706,株式会社ザデイ,兵庫県,姫路市,下寺町１４０番地エンブレイス姫路下寺町１０７,6700932
7140001127788,株式会社佐工務店,兵庫県,姫路市,山吹２丁目９番１６−１号,6700085
7140001127870,株式会社ケイシステム,兵庫県,姫路市,花田町高木３９９番地１,6710256
7140001128217,インテリア山崎株式会社,兵庫県,姫路市,花田町上原田２１番地２,6710251
7140001128290,株式会社栗岡測量,兵庫県,姫路市,白鳥台３丁目１３４３番地６１４,6712245
7140001128299,姫路ＩＫサービス株式会社,兵庫県,姫路市,伊伝居９番地２,6700871
7140001128423,株式会社五常,兵庫県,姫路市,東延末２丁目８１番地１津田ハイツ２０１,6700965
7140001128448,株式会社サニーパック,兵庫県,姫路市,白浜町甲２１９６番地２,6728023
7140001128480,株式会社ＢＡＬＡＮＣＥ　ＮＩＮＥ,兵庫県,姫路市,豊富町御蔭１９４２番地５,6792122
7140001128497,株式会社Ｃｒｏｓｓ　Ｃｏｎｄｉｔｉｏｎ,兵庫県,姫路市,飾磨区恵美酒４２３−５,6728057
7140001128506,株式会社北川工業,兵庫県,姫路市,夢前町寺４０５番地２,6712116
7140001128530,株式会社クラフト,兵庫県,姫路市,刀出３５９番地,6712241
7140001128588,隆希株式会社,兵庫県,姫路市,西今宿６丁目２−２２−９０１,6700061
7140001128596,株式会社ＮＳ商事,兵庫県,姫路市,東山３５７番地１４,6728014
7140001128613,株式会社Ｐｕｓｈｉｎｇ　ｆｏｒｗａｒｄ,兵庫県,姫路市,北原５６８番地１−６０６,6728002
7140001128679,株式会社ＲＫエステート,兵庫県,姫路市,三左衛門堀西の町６１番地ＫＭ８８ビル２０１,6700940
7140001128869,株式会社八大,兵庫県,姫路市,上大野１丁目５番１５号,6700896
7140001128877,株式会社未采,兵庫県,姫路市,北原５０４番５０,6728002
7140001129322,ＯＳＳ株式会社,兵庫県,姫路市,岡町５番地,6700026
7140001129405,株式会社ＫＴＵ,兵庫県,姫路市,神屋町６丁目８２番地２,6700836
7140001129561,株式会社ＬＩＬＹ,兵庫県,姫路市,飾磨区加茂東７４２番地９・２Ｆ,6728070
7140001129636,株式会社電博堂,兵庫県,姫路市,西脇７４６番地,6712234
7140001129660,株式会社ＴＡＣＫ,兵庫県,姫路市,網干区高田１４番地１４,6711226
7140001129883,株式会社トータルムーヴ,兵庫県,姫路市,飾磨区堀川町９０番地５,6728025
7140001129941,株式会社ｅｖｏｌｖｅ　ｇｒｏｕｐ,兵庫県,姫路市,大津区天満５９３−３,6711143
7140001129974,スポーツＡＣＥ株式会社,兵庫県,姫路市,北八代１丁目７番２号,6700877
7140001130008,株式会社Ｒｉｓｅ,兵庫県,姫路市,大津区吉美８３２番地２,6711133
7140001130040,ＮＳハートフルサービス瀬戸内株式会社,兵庫県,姫路市,広畑区正門通４丁目９番地の６,6711116
7140001130222,株式会社ＭＲＯコンサルティング,兵庫県,姫路市,南駅前町６３番地クリスタルビル３０１,6700962
7140001130305,ａｎｎｅｘ株式会社,兵庫県,姫路市,苫編南２丁目３６３番地１ロワイヤル英賀保五番館４０３,6700987
7140001130387,玉井工業株式会社,兵庫県,姫路市,広畑区高浜町１丁目２９番地,6711153
7140001130503,株式会社ｓｔｕｄｉｏ　Ｈ,兵庫県,姫路市,飾磨区清水６２番地の１,6728051
7140001130643,フジタカ工業株式会社,兵庫県,姫路市,夢前町古知之庄２０７番地６,6712113
7140001130718,株式会社ＤＵＲＯ１１,兵庫県,姫路市,神屋町３丁目１５番地クリーンピア神屋町２０６号,6700836
7140001130759,Ｋ‐ＡＰＥＸ株式会社,兵庫県,姫路市,四郷町山脇３３９番地２,6710248
7140001130858,株式会社おひさま,兵庫県,姫路市,西中島５２番地１,6700805
7140001130957,ＢＬＵＥ　ＷＡＴＥＲ　Ｊａｐａｎ株式会社,兵庫県,姫路市,小利木町２４番地２,6700022
7140001131014,株式会社イセダ屋,兵庫県,姫路市,綿町１０４番地スクエアビル２Ｆ,6700921
7140001131121,株式会社ユタカ,兵庫県,姫路市,奥山３０６番地１,6728003
7140001131261,株式会社Ｉ’ｍｅ　ｃｌｏｓｅｔ,兵庫県,姫路市,勝原区勝山町１３３番地３７５,6711202
7140001131377,東陽貿易株式会社,兵庫県,姫路市,飾磨区下野田２丁目４５７番地１ハイツガルム２−Ｄ,6728044
7140001131402,ユーアイフィールド株式会社,兵庫県,姫路市,夢前町高長３８９番地,6712117
7140001131658,サウスルポン株式会社,兵庫県,姫路市,北条８８２番地,6700947
7140001131699,株式会社ＢＡＮＤＥ,兵庫県,姫路市,飾磨区阿成２２番地８,6728037
7140001131864,株式会社瀧井工業,兵庫県,姫路市,玉手２丁目３７１番地,6700985
7140001131988,新星株式会社,兵庫県,姫路市,広畑区蒲田１０−３,6711102
7140001132086,株式会社ＳＯＬＰＨＡＳ,兵庫県,姫路市,西八代町７番２９号,6700876
7140001132326,株式会社ラフリロ,兵庫県,姫路市,継６７番地８,6728004
7140001132391,株式会社協大,兵庫県,姫路市,亀山３２４番地北門西端,6700973
7140001132425,株式会社ＬＩＰＳ・ＡＳＳＩＳＴ,兵庫県,姫路市,北原４５番地５０,6728002
7140001132549,株式会社ノア,兵庫県,姫路市,飾磨区阿成植木３９７番地,6728030
7140001132656,株式会社海翔,兵庫県,姫路市,飾磨区今在家７丁目２０番地３,6728079
7140001132689,株式会社謳歌,兵庫県,姫路市,駅前町２６２,6700927
7140001132813,株式会社ＡＸＩＥＥＤ,兵庫県,姫路市,魚町１８番地大生プライドビル２０２号,6700905
7140001133002,株式会社ＤｉａＭｏｎｄ,兵庫県,姫路市,網干区興浜６８９番地９,6711241
7140001133101,株式会社Ｉｎｆｉｎｉｔｙ,兵庫県,姫路市,魚町３３番地シャトードゥゴールド６Ｆ,6700905
7140001133241,株式会社プレアデスオークション,兵庫県,姫路市,本町２０２番地,6700012
7140001133448,住一株式会社,兵庫県,姫路市,飾磨区英賀西町１丁目６９番地,6728088
7140001133506,株式会社ｈａｔｓｕｋｏｉ,兵庫県,姫路市,相野９２７番地１２８,6712232
7140001133745,株式会社ＢＥＳＴ　ＣＨＡＲＭ,兵庫県,姫路市,網干区和久５１０番地２グランエストビル１Ｆ,6711227
7140001133778,株式会社トリニティ姫路,兵庫県,姫路市,東今宿２丁目３番６号,6700056
7140001133794,株式会社ＩＬａｓｉｃ,兵庫県,姫路市,駅前町３４１番地福富ビル４階,6700927
7140001133828,嘉恒株式会社,兵庫県,姫路市,大津区真砂町９番地３,6711134
7140001133860,株式会社ＴＡＳＨＩトレーディング,兵庫県,姫路市,香寺町香呂５２番地５,6792151
7140001133984,株式会社ペットプラン,兵庫県,姫路市,安富町末広２０５番地１,6712413
7140001134009,株式会社元氣,兵庫県,姫路市,塩町３５番地,6700904
7140001134074,株式会社ワイト,兵庫県,姫路市,大津区勘兵衛町１丁目３５番地２,6711132
7140001134090,株式会社やまだ,兵庫県,姫路市,網干区坂出２３１番地１７,6711228
7140001134181,白鷺観光株式会社,兵庫県,姫路市,小姓町３５番地の１,6700043
7140001134223,株式会社杉建,兵庫県,姫路市,四郷町上鈴２８１番地１,6710241
7140001134363,株式会社ｚａｋｉｇｒａｐｈ,兵庫県,姫路市,岡田６１７−１,6700982
7140001134413,株式会社エスペーロ・ホールディングス,兵庫県,姫路市,青山北２丁目３３番１２号,6712221
7140001134561,株式会社ＥＳＪ,兵庫県,姫路市,福中町８６番地２階Ａ号室,6700017
7140001134586,ＣＢレンタリース株式会社,兵庫県,姫路市,五郎右衛門邸７１番地,6700857
7140001134603,株式会社アベリア,兵庫県,姫路市,駅前町２７１番地姫路駅前メディカルガーデン４階,6700927
7140001134710,株式会社Ｒｉｎｃ,兵庫県,姫路市,南町７６番地,6700912
7140001134834,株式会社ＫＫフーズ,兵庫県,姫路市,打越３６２番１,6712246
7140001135064,株式会社ＡＳクリエイト,兵庫県,姫路市,田寺２丁目２番２７号,6700086
7140001135122,株式会社ＡＩ,兵庫県,姫路市,砥堀２３５番地１,6700802
7140001135147,株式会社アクシズ,兵庫県,姫路市,東雲町１丁目４５番地ＭＣビル４階,6700046
7140001135295,株式会社ファーストホーム,兵庫県,姫路市,飾磨区中野田２丁目１０３番地カサ・ヴィアーレ１０２号室,6728045
7140001135915,株式会社オフィス村瀬,兵庫県,姫路市,坂元町１２番地,6700016
7140001136178,株式会社ｍｅｔａ　ｅａｒｔｈ,兵庫県,姫路市,岩端町１５６番地５,6700028
7140001136211,株式会社ミライズ,兵庫県,姫路市,青山西５丁目１番２１号２０２,6712224
7140001136665,ＳＹＮＣ株式会社,兵庫県,姫路市,書写９６２番地１１,6712201
7140001136913,株式会社ＫＳＤ,兵庫県,姫路市,車崎３丁目３番２号,6700058
7140001136995,株式会社ＬＩＴＡ,兵庫県,姫路市,手柄３７２番地１,6700972
7140001137077,株式会社エスティー・ハロー,兵庫県,姫路市,南駅前町８７番地リンクスビル１Ｆ,6700962
7140001137192,株式会社桝野組,兵庫県,姫路市,車崎２丁目１１番１７号,6700058
7140001137226,株式会社喜多豊,兵庫県,姫路市,飾磨区阿成植木１０２２番地,6728030
7140001137713,エフテック株式会社,兵庫県,姫路市,西夢前台１丁目２３番地１７,6712214
7140001137762,株式会社ふれあいサポート,兵庫県,姫路市,夢前町菅生澗９１２番地の８,6712134
7140001137952,株式会社電工房エレオ,兵庫県,姫路市,三条町２丁目３６番,6728041
7140001137993,株式会社Ｋｈａｃｋ,兵庫県,姫路市,北夢前台２丁目２９番地,6700075
7140001138018,株式会社ＥＳＰＲＡＳＳ,兵庫県,姫路市,忍町４５番地−１０１号,6700917
7140001138141,株式会社采苑,兵庫県,姫路市,元町６１番地５パレシェーヌデクールＩ２０１号,6700049
7140001138637,株式会社ＬＩＮＫ,兵庫県,姫路市,田寺８丁目１３番３０−４０２号,6700086
7140001138686,株式会社ＴＡＫＡＹＯ　ＳＴＲＥＥＴ,兵庫県,姫路市,白浜町寺家１丁目５５番地,6728012
7140001138760,株式会社西川設備,兵庫県,姫路市,別所町佐土５８８−１８,6710224
7140001138802,株式会社ＡｕｆＬｕｍｅｎ,兵庫県,姫路市,広畑区西蒲田２０番地２コンシェル姫路西２０１号室,6711107
7140001138819,株式会社三ツ星不動産流通,兵庫県,姫路市,佃町８２番地,6728049
7140001138901,株式会社Ｍｉｒｅｌａ,兵庫県,姫路市,大津区恵美酒町１丁目１０８番地２,6711136
7140001138950,株式会社ＨＩＡ,兵庫県,姫路市,本町６８番地２９０イーグレひめじ１Ｆ,6700012
7140001139065,株式会社アーテリースタッフ,兵庫県,姫路市,飾東町佐良和４２５番地１,6710217
7140001139115,株式会社ＢＩＫＯＴＳＵＳＥＩＤＯ　ＰＡＲＩＳ,兵庫県,姫路市,安田４丁目３９番地,6700955
7140001139305,株式会社興正,兵庫県,姫路市,飾磨区妻鹿１４２０番地８,6728031
7140001139354,ａｋコネクト株式会社,兵庫県,姫路市,書写１０５８番地４書写マンションＡ１０４,6712201
7140001139486,株式会社島本屋,兵庫県,姫路市,安田２丁目５４番地,6700955
7140001139619,ドリームハウス株式会社,兵庫県,姫路市,土山６丁目６番１号,6700996
7140001139668,ＴＳＳ株式会社,兵庫県,姫路市,東延末２６４番地,6700965
7140001139858,株式会社Ｆｒｅａｋ　Ｆｒｅｅｋｓ,兵庫県,姫路市,継４２４番地６,6728004
7140001140056,株式会社Ｓｔｅｌｌａｒｉｓ　ＨＤ,兵庫県,姫路市,神田町２丁目９番地２,6700991
7140001140163,株式会社ビー,兵庫県,姫路市,東辻井１丁目９番２４号,6700084
7140001140394,株式会社近藤金属,兵庫県,姫路市,北条４３２番地１６グラジオ姫路駅前ＩＩ１００１,6700947
7140001140601,おぐら測量株式会社,兵庫県,姫路市,辻井７丁目９番８号,6700083
7140001140667,株式会社ゼノテクノス,兵庫県,姫路市,飾磨区堀川町３４番地,6728025
7140001140931,株式会社ＣＡＮｆｏｏｄ,兵庫県,姫路市,西今宿１丁目４７４−１,6700061
7140001141005,株式会社ジェット,兵庫県,姫路市,南条５４１番地,6700952
7140001141153,株式会社ＶｉＶｉｆｙ,兵庫県,姫路市,辻井４丁目６番１２号−１０３,6700083
7140001141161,株式会社Ｇｏ　ｂｅｙｏｎｄ,兵庫県,姫路市,飾磨区下野田３丁目１６０番地５,6728044
7140001141203,株式会社新井パーツ商会,兵庫県,姫路市,花田町小川５７２番地４,6710255
7140001141260,株式会社Ｂ‐ｍａｓｓ,兵庫県,姫路市,別所町別所１８７７,6710221
7140001141269,株式会社スカイテック,兵庫県,姫路市,夢前町菅生澗１７６３番地１,6712134
7140001141302,株式会社アルティメイト,兵庫県,姫路市,白浜町乙８４８番地２,6728023
7140001141574,株式会社Ｃ・カーター,兵庫県,姫路市,飾磨区英賀宮町２丁目６８番地２,6728080
7140001141608,株式会社Ｈｏｐｅはりま,兵庫県,姫路市,安田２丁目５２番地プレステージ姫路ラフィーネ２０３号,6700955
7140001141657,株式会社ＫＲＪ,兵庫県,姫路市,相野８６番地６,6712232
7140001141681,イーテック株式会社,兵庫県,姫路市,南今宿１番地３インタービレッジ南今宿２０４号,6700054
7140001141772,株式会社共伸,兵庫県,姫路市,御国野町国分寺５９番地１,6710234
7140001141789,株式会社Ｏｐｔｉｅ,兵庫県,姫路市,二階町１８ＡＮＧＥＲＯ二階町２１０,6700922
7140001141822,株式会社ＴＵＮＡＧＵＹＡ,兵庫県,姫路市,苫編２０６番地１１,6700986
7140001141938,株式会社ＥＮＴＯＡ,兵庫県,姫路市,二階町１８番地ＡＮＧＥＲＯ二階町２６０,6700922
7140001141987,株式会社あぼしまちみらい舎,兵庫県,姫路市,網干区興浜７２番地,6711241
7140001142003,株式会社アークコート,兵庫県,姫路市,夢前町護持４番地２,6712136
7140001142184,株式会社ランドキャプチャ,兵庫県,姫路市,南車崎２丁目３番４８号三幸ビル２Ｆ,6700053
7140001142242,株式会社Ｂｉｂｉ,兵庫県,姫路市,北平野５丁目１４番８号,6700893
7140001142374,株式会社つくし,兵庫県,姫路市,岩端町１５番地,6700028
7140001142424,株式会社スリーアローズ,兵庫県,姫路市,辻井８丁目７番３４号,6700083
7140001142498,株式会社Ｄ‐ＨＤ　Ｇｒｏｕｐ,兵庫県,姫路市,南車崎１丁目６番１８号ジラソーレＩ３Ｆ−Ｓ,6700053
7140002004391,株式会社ａｃｃｅｐｔ＿枝,兵庫県,姫路市,西庄甲６５番地５,6700981
7140002033060,株式会社Ｋ・プランニング,兵庫県,姫路市,余部区上余部７４７番地５,6711262
7140002033119,株式会社ヒメジグローブ,兵庫県,姫路市,林田町下伊勢字坊上５７２番地２,6794233
7140002033903,株式会社友設備工業,兵庫県,姫路市,城東町五軒屋４番地４５,6700849
7140002036402,エープライド株式会社,兵庫県,姫路市,白浜町宇佐崎南２丁目９２番地,6728022
7140002039009,株式会社ＣＢＳ山陽,兵庫県,姫路市,別所町北宿１０２４番地,6710223
7140002049791,しらさぎ青果株式会社,兵庫県,姫路市,白浜町甲１９２０番地５４,6728023
7140002050790,株式会社報友ホーム,兵庫県,姫路市,田寺７丁目４番５号,6700086
7140002051112,株式会社みどり商事,兵庫県,姫路市,西今宿３丁目１９番３１号,6700061
7140002051418,株式会社きものやまなか,兵庫県,姫路市,吉田町１０番地１,6700031
7140002051723,サンヨーホーム株式会社,兵庫県,姫路市,夢前町護持１３６４番地の４２８,6712136
7140002052317,光テクノ株式会社,兵庫県,姫路市,中地２５８番地,6700976
7140002053389,株式会社ＮＫアルミ,兵庫県,姫路市,香寺町犬飼８６９番地８９,6792131
7140002053471,株式会社グリーンコーポレーション,兵庫県,姫路市,北条永良町２５４番地,6700946
7140002053975,協栄熱学株式会社,兵庫県,姫路市,飾磨区構１１５１番地１,6728071
7140002054288,株式会社Ａ２ＮＥＸＴ,兵庫県,姫路市,書写２３１７番地６,6712201
7140003012311,株式会社オフィスモカ,兵庫県,姫路市,阿保甲７５番地,6700944
7180001133865,協和プランニング工業株式会社,兵庫県,姫路市,土山５丁目７番２２号山名ビル２０２号,6700996
7210001019359,株式会社ジャパン・キッチン・エフ,兵庫県,姫路市,飾磨区上野田２丁目５０番地,6728043
7240001062793,株式会社ＢＳＳ姫路,兵庫県,姫路市,白国１丁目３−１,6700808
7290801018494,株式会社ＦＲＩＥＮＤ　ＲＩＮＧ,兵庫県,姫路市,飾磨区妻鹿１７６８番地１,6728031
8010001094314,日本グラファイトファイバー株式会社,兵庫県,姫路市,広畑区富士町１番地,6711123
8010401172512,岡野食品株式会社,兵庫県,姫路市,御国野町国分寺３８７番地１,6710234
8010601043307,株式会社Ｋ＆ＨＴ,兵庫県,姫路市,夢前町菅生澗１６０番地４８３,6712134
8010601050138,空間測量サービス株式会社,兵庫県,姫路市,柿山伏１８番地,6700037
8011603002795,株式会社Ｅ−ＫＯＮ,兵庫県,姫路市,嵐山町６番地８,6700029
8020001006466,地球製粉株式会社,兵庫県,姫路市,山野井町１４１番７,6700021
8030001099872,シーテック株式会社,兵庫県,姫路市,呉服町４０番地,6700923
8120001007074,株式会社エムテック,兵庫県,姫路市,網干区坂出７６番地,6711228
8120001055123,姫路タンクターミナル株式会社,兵庫県,姫路市,大津区吉美４２９番地４,6711133
8120001075303,一水化成株式会社,兵庫県,姫路市,北条梅原町２７１番地新ヤスナビル６Ｆ,6700945
8120001138183,株式会社Ｍ＆Ｍ,兵庫県,姫路市,飾東町塩崎７１６番地の１,6710211
8120001154890,株式会社Ｒｅｇｅｎｃｅ,兵庫県,姫路市,東延末２丁目１１４−２０２,6700965
8120001173809,株式会社ジェネシスプロモーション,兵庫県,姫路市,大塩町汐咲３丁目７−３,6710102
8120001189391,株式会社おさるの森,兵庫県,姫路市,西庄乙１２６,6700981
8120001192370,花井福祉株式会社,兵庫県,姫路市,田井台２番地８１,6712211
8120001194788,ダイハツインフィニアース姫路株式会社,兵庫県,姫路市,広畑区富士町１２番地８,6711123
8120001212260,富弘商事株式会社,兵庫県,姫路市,城東町清水１２番地京口団地９棟２０２号,6700843
8120001227168,株式会社Ａｑｕａ,兵庫県,姫路市,北条宮の町４１２番地ＭＩＳＴＲＡＬ北条宮の町２０２,6700948
8120001244444,株式会社ハヤシ商事,兵庫県,姫路市,中地６７４番地２,6700976
8120001254633,株式会社藤,兵庫県,姫路市,南町６３番地ミツワビル１階,6700912
8120001260747,ＧＳＹ株式会社,兵庫県,姫路市,花田町高木３５３,6710256
8140001002602,みなと運輸株式會社,兵庫県,姫路市,白浜町宇佐崎南２丁目７６番地,6728022
8140001013392,株式会社セントラルサクセス,兵庫県,姫路市,飾磨区構３丁目４８６番地,6728071
8140001030710,株式会社フォーリアン,兵庫県,姫路市,四郷町坂元１７１番地１,6710246
8140001034216,神戸技建工業株式会社,兵庫県,姫路市,花田町加納原田９４−２０,6710252
8140001038497,株式会社フクミズ,兵庫県,姫路市,飾磨区城南町１丁目６７番地１,6728083
8140001038927,アルパイン兵庫販売株式会社,兵庫県,姫路市,中地４１番３号,6700976
8140001039719,株式会社オフィスサラト,兵庫県,姫路市,北条宮の町１５７番地,6700948
8140001039801,サラトコーポレーション株式会社,兵庫県,姫路市,北条宮の町１５７番地,6700948
8140001040577,株式会社エルザホールディングス,兵庫県,姫路市,下手野１丁目１１０番地１,6700063
8140001042202,株式会社ホワイトウイング,兵庫県,姫路市,新在家本町６丁目７番１３号,6700092
8140001043704,株式会社森本興業,兵庫県,姫路市,広畑区才１２１５−２,6711104
8140001045832,株式会社コスモフーズ,兵庫県,姫路市,花田町加納原田７６６番地１,6710252
8140001045840,株式会社エイチアールシー,兵庫県,姫路市,書写６１番地９,6712201
8140001046104,株式会社大宝商会,兵庫県,姫路市,飾磨区構４丁目３番地４,6728071
8140001054767,株式会社パークエンジ,兵庫県,姫路市,山吹１丁目６番６７−４号,6700085
8140001057423,株式会社愛,兵庫県,姫路市,青山南４丁目７番２９号,6712223
8140001057448,株式会社アイグリーン,兵庫県,姫路市,飾磨区恵美酒２９４番地３,6728057
8140001057456,ＩＣＳメディアリサーチ株式会社,兵庫県,姫路市,飾磨区野田町２２番地,6728040
8140001057464,株式会社アオツウ,兵庫県,姫路市,青山西２丁目７番１３号,6712224
8140001057472,青田シヤーリング株式会社,兵庫県,姫路市,船津町４６１９番地,6792101
8140001057489,青山開発株式会社,兵庫県,姫路市,青山１４６４番地,6712222
8140001057497,青山タクシー株式会社,兵庫県,姫路市,青山３丁目３５番５号,6712222
8140001057506,株式会社アイランドコーポレーション,兵庫県,姫路市,大塩町２２０６番地シティハイム大塩１０２,6710101
8140001057514,株式会社アコースティク・デザイン・ラボラトリー,兵庫県,姫路市,南車崎２丁目１番１２−２０９号エバグリーン車崎２階,6700053
8140001057522,株式会社赤鹿建設,兵庫県,姫路市,辻井１丁目１番２３号,6700083
8140001057530,株式会社アキタ,兵庫県,姫路市,書写１７４１番地１,6712201
8140001057539,株式会社ア・カンパニー,兵庫県,姫路市,駅前町３１８番地,6700927
8140001057555,アサカ運輸株式会社,兵庫県,姫路市,飾磨区英賀東町１丁目４２番地,6728087
8140001057571,株式会社アスノ,兵庫県,姫路市,飾磨区上野田２丁目１０番地,6728043
8140001057588,朝日自動車株式会社,兵庫県,姫路市,琴岡町２６６番地,6700035
8140001057596,旭電工株式会社,兵庫県,姫路市,新在家中の町６番１８号,6700094
8140001057605,旭木材株式会社,兵庫県,姫路市,網干区大江島６５５番地,6711231
8140001057613,アシヤ印刷株式会社,兵庫県,姫路市,平野町３７番地,6700933
8140001057621,株式会社アヅチ工業,兵庫県,姫路市,上手野２０６番地,6700065
8140001057638,網干塗装工業株式会社,兵庫県,姫路市,網干区大江島７９番地の１,6711231
8140001057654,株式会社アメニティワールド,兵庫県,姫路市,古二階町６３番地,6700936
8140001057662,株式会社アラオ建設,兵庫県,姫路市,御国野町深志野８１２番地の１,6710231
8140001057670,有川革嚢工業株式会社,兵庫県,姫路市,御国野町西御着６１０番地,6710233
8140001057687,株式会社有本歯科商店,兵庫県,姫路市,南今宿７番８号,6700054
8140001057704,飯塚製缶株式会社,兵庫県,姫路市,打越１３４７番地８７,6712246
8140001057712,株式会社池内瓦,兵庫県,姫路市,花田町上原田字五反田３５５−１,6710251
8140001057720,イケダ株式会社,兵庫県,姫路市,田寺２丁目４番３１号,6700086
8140001057729,株式会社イケモク,兵庫県,姫路市,飾磨区英賀東町１丁目４番地,6728087
8140001057737,石川工業株式会社,兵庫県,姫路市,広畑区小松町３丁目６６番地の４,6711152
8140001057745,株式会社イシダスタジオ,兵庫県,姫路市,本町６８番地,6700012
8140001057753,石本産業株式会社,兵庫県,姫路市,東山１２２４番地,6728014
8140001057778,一谷建興株式会社,兵庫県,姫路市,大津区恵美酒町２丁目５０番地１,6711136
8140001057786,株式会社イトデンエンジニアリング,兵庫県,姫路市,西庄甲１５５番地１,6700981
8140001057803,株式会社インテリア・エル,兵庫県,姫路市,田寺７丁目５番５６−２０４号,6700086
8140001057811,井上建材株式会社,兵庫県,姫路市,網干区新在家１３２０番地の２,6711234
8140001057828,稲川食品産業株式会社,兵庫県,姫路市,坊主町４４番地の２,6700011
8140001057844,株式会社今栄花樹園,兵庫県,姫路市,青山西２丁目１８番地１,6712224
8140001057852,株式会社今立商店,兵庫県,姫路市,忍町５１番地,6700917
8140001057860,株式会社イワサキ,兵庫県,姫路市,飾磨区下野田１丁目１５番地シャトレ２１、１０２号,6728044
8140001057869,岩松テクノ株式会社,兵庫県,姫路市,兼田２６３番地,6728001
8140001057877,株式会社ウエスト神姫,兵庫県,姫路市,西駅前町１番地,6700913
8140001057893,上野敷物株式会社,兵庫県,姫路市,田寺６丁目４番１０号,6700086
8140001057902,上村特電株式会社,兵庫県,姫路市,中地字早瀬６９４番地,6700976
8140001057910,碓井合成株式会社,兵庫県,姫路市,保城４９４番地,6700804
8140001057943,株式会社エーアンドイー,兵庫県,姫路市,網干区高田１３６番地,6711226
8140001057951,栄興サツシ建材株式会社,兵庫県,姫路市,西脇５１３番地１,6712234
8140001057976,テレネット株式会社,兵庫県,姫路市,豊富町御蔭５８５番地８９,6792122
8140001057984,栄和工業株式会社,兵庫県,姫路市,大津区勘兵衛町１丁目１５８番地の８,6711132
8140001057992,株式会社エコシステム,兵庫県,姫路市,花田町加納原田１２６番地１,6710252
8140001058017,株式会社エヌテック,兵庫県,姫路市,飾磨区野田町５０番地,6728040
8140001058041,株式会社エム・シイ・ネット,兵庫県,姫路市,飾磨区矢倉町１丁目１６番地１,6728093
8140001058058,株式会社オーエスエス,兵庫県,姫路市,岡町５番地,6700026
8140001058066,株式会社尾池機械製作所,兵庫県,姫路市,大津区勘兵衛町４丁目３５番地の２７,6711132
8140001058074,岡川食品株式会社,兵庫県,姫路市,大津区長松１４６番地３,6711144
8140001058090,株式会社大塩屋,兵庫県,姫路市,白浜町甲４７０番地,6728023
8140001058099,株式会社オオツカ,兵庫県,姫路市,青山南４丁目１２番３６号,6712223
8140001058108,株式会社オウチ写真場,兵庫県,姫路市,福中町１０５番地,6700017
8140001058116,株式会社大坪鉄工所,兵庫県,姫路市,網干区浜田１５５５番地１７,6711242
8140001058124,株式会社大西畳店,兵庫県,姫路市,白銀町７０番地,6700902
8140001058140,株式会社大山木工,兵庫県,姫路市,亀山３０１番地,6700973
8140001058149,ビー・コンフォート株式会社,兵庫県,姫路市,北条梅原町１３０３番地２,6700945
8140001058157,オーシーエス株式会社,兵庫県,姫路市,西今宿２丁目１番１０号,6700061
8140001058165,オカモト株式会社,兵庫県,姫路市,嵐山町２１番地４,6700029
8140001058173,岡村英才学園株式会社,兵庫県,姫路市,増位新町２丁目４７番地,6700806
8140001058181,小田安全硝子株式会社,兵庫県,姫路市,京町１丁目６２番地,6700824
8140001058198,株式会社尾下プロセス,兵庫県,姫路市,南条４１５番地,6700952
8140001058223,株式会社カイヤマグチ,兵庫県,姫路市,飾西６０番地の２,6712216
8140001058248,関西国土開発株式会社,兵庫県,姫路市,坂元町１２０番地,6700016
8140001058272,関西ビジネスフォーム株式会社,兵庫県,姫路市,岡田４７９番地,6700982
8140001058280,株式会社関西レスト,兵庫県,姫路市,東辻井４丁目４番２６号,6700084
8140001058289,神崎木材工業株式会社,兵庫県,姫路市,北条口３丁目２２番地,6700935
8140001058297,株式会社ＫＡＪＩＷＡＲＡ,兵庫県,姫路市,白浜町宇佐崎南１丁目５４番地２,6728022
8140001058330,株式会社勝好商事,兵庫県,姫路市,小利木町３０番地,6700022
8140001058347,金澤機械株式会社,兵庫県,姫路市,飾磨区中島１３０９番地,6728035
8140001058355,兼田木材株式会社,兵庫県,姫路市,土山２丁目１１番１２号,6700996
8140001058363,株式会社華鳳,兵庫県,姫路市,本町１７４番地,6700012
8140001058396,ＫＷＳ管理株式会社,兵庫県,姫路市,延末２９５番地姫路市中央卸売市場内,6700966
8140001058421,近畿エステート株式会社,兵庫県,姫路市,田寺７丁目５番３０号,6700086
8140001058446,株式会社近畿物流センター,兵庫県,姫路市,花田町一本松１２５番地の１,6710253
8140001058454,株式会社岸野鐵工所,兵庫県,姫路市,広畑区吾妻町１丁目８４番地,6711154
8140001058462,北風商事株式会社,兵庫県,姫路市,飾東町山崎１２７４番地１１,6710207
8140001058470,木谷運送株式会社,兵庫県,姫路市,延末２９５番地,6700966
8140001058487,株式会社きたむら楽器,兵庫県,姫路市,増位新町２丁目１２番地,6700806
8140001058495,株式会社紀の国屋商事,兵庫県,姫路市,飾磨区亀山４２番地の１,6728047
8140001058504,木場工業株式会社,兵庫県,姫路市,白浜町宇佐崎北３丁目４５番地の１,6728013
8140001058512,木村屋食品株式会社,兵庫県,姫路市,中地字シヤカ堂３２９番地,6700976
8140001058520,共栄産業株式会社,兵庫県,姫路市,西新在家３丁目８番１２号,6700096
8140001058529,共栄メタル株式会社,兵庫県,姫路市,船津町５３１３番地の４,6792101
8140001058537,株式会社協同公司,兵庫県,姫路市,駅前町２２７番地,6700927
8140001058545,株式会社協和,兵庫県,姫路市,田寺５丁目５番８号,6700086
8140001058553,共和測量設計株式会社,兵庫県,姫路市,神子岡前３丁目３番６号,6700055
8140001058561,旭東電機株式会社,兵庫県,姫路市,網干区興浜１１８７番地,6711241
8140001058578,株式会社日下部,兵庫県,姫路市,坂田町１５６番地,6700931
8140001058594,セルメディック株式会社,兵庫県,姫路市,東延末３丁目３番地の１,6700965
8140001058603,株式会社クラウド,兵庫県,姫路市,西延末１４４番地の２,6700971
8140001058611,株式会社グローバル,兵庫県,姫路市,飾磨区英賀東町１丁目１６番地２,6728087
8140001058628,黒田商事株式会社,兵庫県,姫路市,飾磨区構１０８６番地３,6728071
8140001058636,株式会社クロダ技研,兵庫県,姫路市,大塩町２２０６番地の１０７,6710101
8140001058644,株式会社グラニュー食品,兵庫県,姫路市,増位本町１丁目７番１０号,6700807
8140001058652,株式会社車谷商店,兵庫県,姫路市,飾磨区清水５７番地の５,6728051
8140001058660,ケーエスフーズ株式会社,兵庫県,姫路市,白浜町甲１９２０番地２７,6728023
8140001058677,株式会社鶏北測量設計,兵庫県,姫路市,網干区浜田２３８番地の１１,6711242
8140001058693,コーエイ株式会社,兵庫県,姫路市,岡田８０番地,6700982
8140001058702,廣栄武道具株式会社,兵庫県,姫路市,北今宿１丁目８番１３号,6700057
8140001058710,株式会社コオク,兵庫県,姫路市,琴岡町２８８番地の８,6700035
8140001058719,株式会社コーセー,兵庫県,姫路市,網干区高田３６１番地の１,6711226
8140001058727,高速不動産株式会社,兵庫県,姫路市,米田町１５番地の１,6700042
8140001058735,こえづか衣料株式会社,兵庫県,姫路市,広畑区東新町１丁目２２番地,6711121
8140001058743,株式会社リバレントエンターテインメント,兵庫県,姫路市,立町４６番地イノヤビル２Ｆ,6700903
8140001058751,幸平産業株式会社,兵庫県,姫路市,白浜町宇佐崎北３丁目４５番地の１,6728013
8140001058768,株式会社光明兼光本店,兵庫県,姫路市,飾磨区構５丁目１９８番地,6728071
8140001058784,光陽実業株式会社,兵庫県,姫路市,新在家本町２丁目４番２４号,6700092
8140001058792,コウライヤ株式会社,兵庫県,姫路市,飾磨区清水２丁目７４番地,6728051
8140001058818,株式会社越田組,兵庫県,姫路市,城北本町１３番５号,6700884
8140001058826,株式会社コンサルタント関西,兵庫県,姫路市,広畑区吾妻町１丁目３５番地の３,6711154
8140001058834,後藤ダイカスト株式会社,兵庫県,姫路市,船津町５２７９番地,6792101
8140001058859,小西ブロツク興業株式会社,兵庫県,姫路市,大津区勘兵衛町２丁目２６２−２,6711132
8140001058867,小林産業株式会社,兵庫県,姫路市,市之郷字長堤１２６８番２,6700000
8140001058883,株式会社小松モータース,兵庫県,姫路市,土山１丁目３番６号,6700996
8140001058891,株式会社山陽,兵庫県,姫路市,東郷町４３番地,6700821
8140001058900,山陽工具株式会社,兵庫県,姫路市,花田町加納原田５０４番地の１,6710252
8140001058909,山陽起業株式会社,兵庫県,姫路市,北条字川原前９８６番地,6700947
8140001058917,山陽製粉株式会社,兵庫県,姫路市,北条口２丁目１８番地,6700935
8140001058933,山陽タイヤ販売株式会社,兵庫県,姫路市,五郎右衛門邸２７番地,6700857
8140001058941,山陽デリバリーサービス株式会社,兵庫県,姫路市,阿保字長瀬甲５０２番３,6700944
8140001058958,サン株式会社,兵庫県,姫路市,安田１丁目６番地,6700955
8140001058966,三成化学株式会社,兵庫県,姫路市,飾東町庄１９１番地１,6710218
8140001058974,サンエイ物産株式会社,兵庫県,姫路市,飾磨区今在家１０７８番地２,6728079
8140001058982,齊藤鋼材株式会社,兵庫県,姫路市,土山２丁目１２番３８号,6700996
8140001058999,株式会社三幸,兵庫県,姫路市,木場１１７０番地,6728016
8140001059007,三光開発株式会社,兵庫県,姫路市,網干区坂上１４３番地の２,6711223
8140001059015,酒井サッシ販売株式会社,兵庫県,姫路市,広畑区西蒲田５７５番地の３,6711107
8140001059023,坂井電工株式会社,兵庫県,姫路市,幸町７０番地の１,6700835
8140001059031,株式会社酒木商店,兵庫県,姫路市,大津区平松４３０番地の４,6711145
8140001059056,三協建設株式会社,兵庫県,姫路市,飯田３丁目１１７番地,6700974
8140001059072,株式会社桜井工務店,兵庫県,姫路市,書写１０６６番地,6712201
8140001059089,株式会社姫路環境開発,兵庫県,姫路市,飾磨区中島字宝来３０６７番地の１７,6728035
8140001059097,株式会社サン測量設計,兵庫県,姫路市,南八代町１４番２６号,6700875
8140001059114,株式会社三徳,兵庫県,姫路市,網干区新在家２９７番地１１２,6711234
8140001059122,株式会社三電社,兵庫県,姫路市,西新在家２丁目６番２２号,6700096
8140001059130,株式会社親和,兵庫県,姫路市,網干区田井１６０番地の６,6711221
8140001059139,株式会社三福養鶏場,兵庫県,姫路市,大塩町７９１番地の１,6710101
8140001059147,株式会社サムソン姫路メンテナンス,兵庫県,姫路市,広畑区西蒲田１５２０番地,6711107
8140001059163,株式会社サンライフ,兵庫県,姫路市,保城２３３−６,6700804
8140001059188,サワダ精密株式会社,兵庫県,姫路市,広畑区吾妻町１丁目３９番地,6711154
8140001059196,佐和鍍金工業株式会社,兵庫県,姫路市,保城７５３番地,6700804
8140001059205,株式会社ジェイアンドケー,兵庫県,姫路市,本町６８番地,6700012
8140001059213,株式会社伸英建築設計事務所,兵庫県,姫路市,西夢前台２丁目６８番地,6712214
8140001059221,株式会社ジエイ・ビー,兵庫県,姫路市,福沢町１０６番地,6700992
8140001059238,株式会社塩谷組,兵庫県,姫路市,花田町一本松２７９番地,6710253
8140001059246,株式会社信光,兵庫県,姫路市,八代富士才町７３９番地,6700872
8140001059254,株式会社新興精機製作所,兵庫県,姫路市,阿保甲６３６番地の１,6700944
8140001059262,神姫フードサービス株式会社,兵庫県,姫路市,北条口１丁目１７番地,6700935
8140001059279,神姫商工株式会社,兵庫県,姫路市,御国野町国分寺字牛塚５３番地,6710234
8140001059287,株式会社新建築,兵庫県,姫路市,野里４４９番地,6700811
8140001059295,飾磨交通株式会社,兵庫県,姫路市,飾磨区清水３丁目２０番地,6728051
8140001059312,神星商事株式会社,兵庫県,姫路市,青山西２丁目１１番２９号２０１,6712224
8140001059320,ヒメジギコー株式会社,兵庫県,姫路市,飾磨区妻鹿７９１番地の１０,6728031
8140001059329,仁寿園造園緑地株式会社,兵庫県,姫路市,白浜町乙２０番地の５,6728023
8140001059337,株式会社新日本芸術ライフ,兵庫県,姫路市,北平野２丁目１８番１２５号,6700893
8140001059353,株式会社柴田商会,兵庫県,姫路市,東駅前町３１番地,6700926
8140001059361,株式会社棉屋,兵庫県,姫路市,船丘町２９６番地,6700034
8140001059378,株式会社シマダ,兵庫県,姫路市,丸尾町１２２番地の３,6700827
8140001059403,株式会社住研岩成,兵庫県,姫路市,小利木町２２番地の２,6700022
8140001059428,昭洋電工株式会社,兵庫県,姫路市,飾磨区蓼野町２０６番地,6728072
8140001059436,株式会社消防装備,兵庫県,姫路市,四郷町東阿保１３８８番地１,6710247
8140001059444,昭和駆除株式会社,兵庫県,姫路市,東辻井４丁目９番２号,6700084
8140001059460,ＯＧＵＮＩ株式会社,兵庫県,姫路市,西今宿２丁目１番１０号,6700061
8140001059469,株式会社ジャパン通商,兵庫県,姫路市,綿町１３２番地播建ビル,6700921
8140001059477,株式会社シロ,兵庫県,姫路市,飾磨区亀山１１６番地,6728047
8140001059485,株式会社伸和技研,兵庫県,姫路市,白浜町宇佐崎中３丁目６２番地,6728021
8140001059502,伸和不動産株式会社,兵庫県,姫路市,下手野４丁目１３番７２号,6700063
8140001059535,株式会社鈴木工業,兵庫県,姫路市,上手野字山吹２８０番地,6700065
8140001059543,株式会社スタジオなあーの,兵庫県,姫路市,勝原区下太田２９１番地の２,6711201
8140001059551,住徳建設株式会社,兵庫県,姫路市,飾磨区構１丁目１１５番地の１,6728071
8140001059568,株式会社高濱商店,兵庫県,姫路市,広畑区大町１丁目５６番地,6711155
8140001059576,セイソウ産業株式会社,兵庫県,姫路市,城東町６３番地,6700841
8140001059584,株式会社セイブ,兵庫県,姫路市,飾磨区山崎１０３番地１,6728097
8140001059592,株式会社西播倉庫,兵庫県,姫路市,御立西４丁目６番２号,6700074
8140001059618,株式会社全環,兵庫県,姫路市,大津区真砂町９４番地２,6711134
8140001059642,株式会社フィールネットワーク,兵庫県,姫路市,岩端町１２２番地１,6700028
8140001059659,株式会社セラヴィック,兵庫県,姫路市,玉手６０８番地の１,6700985
8140001059667,株式会社装建,兵庫県,姫路市,豊富町御蔭３３５３番地の１１,6792122
8140001059675,株式会社綜合殿天守閣,兵庫県,姫路市,飾磨区中島字南通４７５番地の１,6728035
8140001059683,ソーシン工業株式会社,兵庫県,姫路市,広畑区蒲田１丁目１４１番地,6711102
8140001059691,素心株式会社,兵庫県,姫路市,紺屋町５１番地,6700924
8140001059700,大栄運輸株式会社,兵庫県,姫路市,広畑区鶴町２丁目７番地,6711124
8140001059709,第一工業株式会社,兵庫県,姫路市,保城４７４番地,6700804
8140001059717,第一設備管理株式会社,兵庫県,姫路市,飾磨区構１丁目１４８番地の１,6728071
8140001059725,第一ビルダー株式会社,兵庫県,姫路市,東辻井４丁目４番２６号,6700084
8140001059733,大幸興業株式会社,兵庫県,姫路市,東山５０３番地の１,6728014
8140001059741,株式会社泰宏土地,兵庫県,姫路市,福沢町６５番地１,6700992
8140001059758,大協製作株式会社,兵庫県,姫路市,太市中７６４番地５,6712233
8140001059766,太成株式会社,兵庫県,姫路市,飾東町庄１７８番地の６,6710218
8140001059782,大進工業コーポレーション株式会社,兵庫県,姫路市,大善町４９番地,6700833
8140001059790,株式会社大商姫路,兵庫県,姫路市,南条１丁目１２５番地,6700952
8140001059799,大通運輸建設株式会社,兵庫県,姫路市,林田町下構１１１番地の１,6794202
8140001059808,株式会社大地計画,兵庫県,姫路市,北条梅原町５０番地,6700945
8140001059824,株式会社ダイネン産業,兵庫県,姫路市,飾磨区中島３００１番地,6728035
8140001059832,太平工材株式会社,兵庫県,姫路市,飾磨区細江１２１０番地１,6728064
8140001059857,タイヨーライダー株式会社,兵庫県,姫路市,飾磨区阿成１１０２番地の１０,6728037
8140001059865,大和インキュベーション株式会社,兵庫県,姫路市,網干区新在家３３４番地,6711234
8140001059873,大和工業株式会社,兵庫県,姫路市,大津区吉美３８０番地,6711133
8140001059881,株式会社ダイワ商会,兵庫県,姫路市,白浜町甲２１５７番地,6728023
8140001059898,竹内機械株式会社,兵庫県,姫路市,保城２２１番地の１０,6700804
8140001059907,株式会社高木電機,兵庫県,姫路市,神屋町５丁目７番地,6700836
8140001059931,武田商事株式会社,兵庫県,姫路市,米屋町８番地,6700003
8140001059948,高浩株式会社,兵庫県,姫路市,飯田９９番地の６,6700974
8140001059956,株式会社ＪＩＰシステム,兵庫県,姫路市,林田町下伊勢５７５番地,6794233
8140001059972,株式会社ダスキン姫路,兵庫県,姫路市,書写２６５５番地の１,6712201
8140001059980,タテコー株式会社,兵庫県,姫路市,四郷町本郷１４８番地,6710243
8140001059989,大悠建設株式会社,兵庫県,姫路市,四郷町坂元１５２番地８,6710246
8140001059997,辰巳工業株式会社,兵庫県,姫路市,飾磨区中島１３５８番地,6728035
8140001060014,株式会社タナビキ,兵庫県,姫路市,北今宿１丁目８番１１号,6700057
8140001060030,株式会社田村合金鋳造所,兵庫県,姫路市,青山北３丁目１８番１号,6712221
8140001060047,秩父興産株式会社,兵庫県,姫路市,本町６８番地,6700012
8140001060055,中央電工株式会社,兵庫県,姫路市,飾東町庄６１番地３,6710218
8140001060063,中播電設株式会社,兵庫県,姫路市,亀山２丁目１６３番地の５,6700973
8140001060071,株式会社シーエスシー兵庫,兵庫県,姫路市,書写字北向ヒ河原１０１９番地の５７４,6712201
8140001060088,都藤木材株式会社,兵庫県,姫路市,西今宿３丁目１１番５号,6700061
8140001060096,株式会社常一商事,兵庫県,姫路市,新在家本町５丁目８番８号,6700092
8140001060105,株式会社翼通信工業所,兵庫県,姫路市,市之郷町２丁目４２番地の２,6700943
8140001060113,株式会社ツレカワ薬局,兵庫県,姫路市,船丘町２９８番地２,6700034
8140001060138,テクノ管財株式会社,兵庫県,姫路市,四郷町坂元１８９番地,6710246
8140001060146,手柄産業株式会社,兵庫県,姫路市,東延末２丁目１１８番地,6700965
8140001060162,株式会社テラオカ,兵庫県,姫路市,的形町的形１５０８番地の２,6710111
8140001060170,株式会社寺本建築設計事務所,兵庫県,姫路市,野里上野町１丁目１番６号３０２,6700814
8140001060179,株式会社東亜染織,兵庫県,姫路市,新在家本町５丁目１番２４号,6700092
8140001060195,株式会社土井造園,兵庫県,姫路市,広畑区吾妻町１丁目２３番地,6711154
8140001060212,エイワ・テック株式会社,兵庫県,姫路市,西延末６０番１８,6700971
8140001060220,東洋開発株式会社,兵庫県,姫路市,市川橋通２丁目１８番地,6700825
8140001060237,東洋テック姫路株式会社,兵庫県,姫路市,西二階町１番地,6700901
8140001060245,夢前工業所株式会社,兵庫県,姫路市,安富町植木野４７−１,6712426
8140001060253,株式会社徳原商店,兵庫県,姫路市,岡田９２番地の１,6700982
8140001060261,都市興産株式会社,兵庫県,姫路市,北今宿２丁目４番４１号,6700057
8140001060278,株式会社冨田組,兵庫県,姫路市,網干区津市場３４０番地の４,6711224
8140001060286,株式会社豊崎商店,兵庫県,姫路市,花田町小川１０６２番地の１,6710255
8140001060294,トリスター産業株式会社,兵庫県,姫路市,白鳥台１丁目２１番１９号,6712245
8140001060303,株式会社ナイスワン,兵庫県,姫路市,青山南４丁目６番６号,6712223
8140001060311,株式会社永井興産,兵庫県,姫路市,花田町一本松２６０番地１,6710253
8140001060360,中津紙器工業株式会社,兵庫県,姫路市,龍野町１丁目６番地,6700032
8140001060369,株式会社ナガノ,兵庫県,姫路市,木場前七反町３９番地,6728019
8140001060377,糸屋中之島株式会社,兵庫県,姫路市,飾磨区中島字宝来３０５９番地の７,6728035
8140001060385,株式会社ナカモト,兵庫県,姫路市,飾磨区下野田２丁目４２４番地の１,6728044
8140001060393,中村板金工業株式会社,兵庫県,姫路市,増位本町１丁目３番１４号,6700807
8140001060402,株式会社中利商店,兵庫県,姫路市,飾磨区今在家４丁目２３番地,6728079
8140001060419,株式会社ナマオ音楽事務所,兵庫県,姫路市,車崎１丁目２番３−２０７号エバーグリーン今宿,6700058
8140001060435,株式会社西尾アルミ,兵庫県,姫路市,花田町加納原田９０５番地,6710252
8140001060443,株式会社西浦商会,兵庫県,姫路市,西駅前町３０番地,6700913
8140001060451,西川礦油株式会社,兵庫県,姫路市,綿町１２６番地,6700921
8140001060476,株式会社九州西日本日東社,兵庫県,姫路市,東山５２４番地,6728014
8140001060484,株式会社西松屋,兵庫県,姫路市,西二階町１２０番地,6700901
8140001060501,日興運輸株式会社,兵庫県,姫路市,木場前中町１０番地,6728018
8140001060526,日進興業株式会社,兵庫県,姫路市,神屋町２丁目１７番地,6700836
8140001060534,にっしんシステム株式会社,兵庫県,姫路市,広畑区長町２丁目１０９番地,6711125
8140001060542,日東運輸株式会社,兵庫県,姫路市,飾磨区思案橋５５番地,6728075
8140001060559,株式会社クラフトコミュニティー,兵庫県,姫路市,北条口２丁目６９番地,6700935
8140001060567,株式会社日本技術センター,兵庫県,姫路市,東延末４丁目７３番地,6700965
8140001060575,ニッピ商事株式会社,兵庫県,姫路市,野里上野町１丁目６番２９号,6700814
8140001060583,日本断熱エアシステム株式会社,兵庫県,姫路市,阿保乙１５９番地の１,6700944
8140001060591,日本ラミー株式会社,兵庫県,姫路市,飾磨区中野田２丁目３１番地,6728045
8140001060600,日本ビジネス株式会社,兵庫県,姫路市,立町８２番地,6700903
8140001060609,株式会社ヌーベルアンプレシヨン,兵庫県,姫路市,西新在家３丁目８番４８号,6700096
8140001060617,株式会社のざと家具,兵庫県,姫路市,伊伝居４４８番地,6700871
8140001060625,株式会社野部精機製作所,兵庫県,姫路市,林田町下構１８４番地の２,6794202
8140001060633,株式会社彩路,兵庫県,姫路市,西夢前台３丁目２４番地,6712214
8140001060641,バートシステム株式会社,兵庫県,姫路市,南畝町２丁目５３番地,6700961
8140001060658,株式会社白東燐寸製造所,兵庫県,姫路市,白浜町丙４６６番地,6728023
8140001060666,白鷺運輸株式会社,兵庫県,姫路市,苫編字池の下９５番地の２,6700986
8140001060674,株式会社ハクロン製作所,兵庫県,姫路市,町田２６３番地の３,6712217
8140001060682,白鷺畜産食商株式会社,兵庫県,姫路市,久保町８５番地,6700916
8140001060690,株式会社播水,兵庫県,姫路市,南条２丁目５０番地,6700952
8140001060708,播信保証株式会社,兵庫県,姫路市,南駅前町１１０番地,6700962
8140001060716,株式会社播昭,兵庫県,姫路市,城北本町５番３０号,6700884
8140001060724,株式会社バンス,兵庫県,姫路市,城北本町７番８号,6700884
8140001060732,播州調味料株式会社,兵庫県,姫路市,野里９４８番地,6700811
8140001060740,畑謙運輸株式会社,兵庫県,姫路市,四郷町坂元１００番地の１,6710246
8140001060749,株式会社ハトヤ,兵庫県,姫路市,北条口５丁目８番地,6700935
8140001060757,株式会社パナホーム兵庫,兵庫県,姫路市,三左衛門堀西の町２０５番地の２,6700940
8140001060765,浜一水産株式会社,兵庫県,姫路市,延末２９５番地,6700966
8140001060773,株式会社浜田機械,兵庫県,姫路市,下寺町８番地,6700932
8140001060781,濱中産業株式会社,兵庫県,姫路市,白浜町甲７７０番地,6728023
8140001060798,林船舶株式会社,兵庫県,姫路市,網干区大江島８２７番地の７,6711231
8140001060807,株式会社原工務店,兵庫県,姫路市,飾磨区中浜町３丁目１９０番地,6728085
8140001060815,株式会社原田工務店,兵庫県,姫路市,土山２丁目１３番１７号,6700996
8140001060823,原田特殊鋼株式会社,兵庫県,姫路市,大津区勘兵衛町２丁目５６番地,6711132
8140001060831,播磨運輸株式会社,兵庫県,姫路市,網干区高田６６番地の２,6711226
8140001060848,播磨倉庫株式会社,兵庫県,姫路市,網干区高田６０番地の２,6711226
8140001060856,播磨食糧工業株式会社,兵庫県,姫路市,飾磨区英賀清水町１丁目５番地,6728084
8140001060864,株式会社播磨灘,兵庫県,姫路市,白浜町甲９１２番地の１８,6728023
8140001060880,株式会社ＪＦＴ姫路生花,兵庫県,姫路市,御国野町深志野３００番地,6710231
8140001060897,姫路港サイロ株式会社,兵庫県,姫路市,北条口２丁目１８番地（宮本ビル）,6700935
8140001060906,株式会社ヒメジ菓機,兵庫県,姫路市,野里上野町２丁目８番２５号,6700814
8140001060914,株式会社姫路建設会館,兵庫県,姫路市,三条町１丁目３１番地,6700953
8140001060922,姫路金型研究所株式会社,兵庫県,姫路市,白浜町甲７７０番地,6728023
8140001060930,株式会社シーアイ・ジャパン,兵庫県,姫路市,駅前町６０番地,6700927
8140001060939,株式会社姫路シール,兵庫県,姫路市,東山１２４４番地１,6728014
8140001060955,姫路船舶食品株式会社,兵庫県,姫路市,飾磨区妻鹿１５３０番地の４,6728031
8140001060971,姫路ダイヤ株式会社,兵庫県,姫路市,東延末１丁目１２４番地,6700965
8140001060988,株式会社アイプランニング,兵庫県,姫路市,福沢町３番地,6700992
8140001060996,株式会社ＩＤＣ,兵庫県,姫路市,宮西町２丁目８番地,6700837
8140001061012,姫路ハウスサービス株式会社,兵庫県,姫路市,南条１丁目１３３番地,6700952
8140001061020,姫路不動産株式会社,兵庫県,姫路市,綿町１１９番地,6700921
8140001061029,株式会社姫路三木自動車,兵庫県,姫路市,大津区勘兵衛町１丁目８６番地,6711132
8140001061037,株式会社姫路ミヤコ,兵庫県,姫路市,呉服町３９番地,6700923
8140001061061,ステーション開発株式会社,兵庫県,姫路市,土山東の町２−１０永和ビル２階,6700995
8140001061078,株式会社ビテク,兵庫県,姫路市,西今宿３丁目１７番２号,6700061
8140001061086,ビツト情報システム株式会社,兵庫県,姫路市,北平野３丁目７番５６号,6700893
8140001061094,株式会社旭ノ本金属工業所,兵庫県,姫路市,花田町小川９９５番地,6710255
8140001061103,ヒメゴー建設株式会社,兵庫県,姫路市,市川橋通２丁目４４番地,6700825
8140001061128,株式会社ヒメヤク,兵庫県,姫路市,仁豊野６１３番地４,6700801
8140001061136,兵庫空調設備株式会社,兵庫県,姫路市,土山東の町１０番１号,6700995
8140001061144,株式会社兵庫県臨床検査研究所,兵庫県,姫路市,青山西５丁目６番２号,6712224
8140001061152,兵庫酸素株式会社,兵庫県,姫路市,下手野１丁目８番１０号,6700063
8140001061160,兵庫電通株式会社,兵庫県,姫路市,広畑区北河原町８２番地,6711111
8140001061169,株式会社兵庫バンケットプロデュース,兵庫県,姫路市,今宿１７３６番地３,6700052
8140001061177,兵庫木材株式会社,兵庫県,姫路市,網干区浜田１６３２番地１,6711242
8140001061185,兵信ビジネスサービス株式会社,兵庫県,姫路市,増位新町１丁目１６番地,6700806
8140001061193,日吉建設株式会社,兵庫県,姫路市,大塩町２１１番地の８,6710101
8140001061202,平井酒類販売株式会社,兵庫県,姫路市,増位新町１丁目２４番地,6700806
8140001061210,株式会社平新実業,兵庫県,姫路市,三左衛門堀東の町５８番地,6700949
8140001061219,株式会社平田自動車,兵庫県,姫路市,飯田字湯田４５７番地,6700974
8140001061227,株式会社平野工務店,兵庫県,姫路市,御立中８丁目５番１号,6700073
8140001061235,廣畑印刷株式会社,兵庫県,姫路市,広畑区吾妻町２丁目４１番地,6711154
8140001061243,広畑産業株式会社,兵庫県,姫路市,広畑区高浜町１丁目８７番地,6711153
8140001061268,株式会社フードウイング,兵庫県,姫路市,白浜町甲８４１番地の３６,6728023
8140001061276,株式会社フクイオート,兵庫県,姫路市,土山３丁目２番２６号,6700996
8140001061284,福井綜建株式会社,兵庫県,姫路市,南今宿５番２０号,6700054
8140001061292,株式会社フクスイ,兵庫県,姫路市,勝原区宮田５０５番地,6711213
8140001061334,株式会社フクヤ,兵庫県,姫路市,十二所前町９７番地,6700911
8140001061342,富士青写真工業株式会社,兵庫県,姫路市,綿町１４１番地,6700921
8140001061367,株式会社フジカワキカイ,兵庫県,姫路市,城見町６３番地,6700831
8140001061375,フジスポーツ株式会社,兵庫県,姫路市,広畑区吾妻町３丁目２番地の１,6711154
8140001061391,株式会社フジタニ,兵庫県,姫路市,延末２９５番地姫路市中央卸売市場内,6700966
8140001061400,富士ブレード株式会社,兵庫県,姫路市,青山北１丁目１５番１４号,6712221
8140001061409,ブンショウ株式会社,兵庫県,姫路市,東今宿３丁目９番１９号,6700056
8140001061425,双葉電機産業株式会社,兵庫県,姫路市,阿保甲２５８番地４,6700944
8140001061433,株式会社ブルーエム,兵庫県,姫路市,広畑区蒲田１丁目８８番地,6711102
8140001061474,株式会社紅本陣,兵庫県,姫路市,東延末５丁目８９番地,6700965
8140001061516,株式会社宝耒,兵庫県,姫路市,福中町４５番地,6700017
8140001061524,北斗測量設計株式会社,兵庫県,姫路市,北夢前台１丁目１４６番地,6700075
8140001061532,本勝築炉株式会社,兵庫県,姫路市,東山１３９７番地５,6728014
8140001061540,株式会社ホンダ商会,兵庫県,姫路市,大津区勘兵衛町１丁目１０４番地,6711132
8140001061557,株式会社ホワイトシティ,兵庫県,姫路市,二階町８８番地,6700922
8140001061565,前川推進建設株式会社,兵庫県,姫路市,書写１７３番地の１,6712201
8140001061573,前田総業株式会社,兵庫県,姫路市,的形町的形１７６８番地の６３,6710111
8140001061581,毎日警備保障株式会社,兵庫県,姫路市,大津区天神町１丁目４６番地の９,6711131
8140001061598,まこと設備工業株式会社,兵庫県,姫路市,飾西７２３番地の３,6712216
8140001061607,株式会社マセック,兵庫県,姫路市,北条永良町６４番地,6700946
8140001061615,桝野興業株式会社,兵庫県,姫路市,飾磨区英賀東町２丁目１２１番地５,6728087
8140001061623,松尾印刷株式会社,兵庫県,姫路市,別所町小林４９４番地,6710222
8140001061656,松原運輸株式会社,兵庫県,姫路市,飾磨区今在家１１０５番地の１,6728079
8140001061672,松本薬品株式会社,兵庫県,姫路市,野里慶雲寺前町１４番７号,6700813
8140001061680,丸魚水産株式会社,兵庫県,姫路市,白浜町甲１９２０番地５４,6728023
8140001061689,マルイ電設株式会社,兵庫県,姫路市,書写２６９６番地１５,6712201
8140001061697,丸果筒井青果株式会社,兵庫県,姫路市,久保町５３番地,6700916
8140001061706,株式会社マルシエ,兵庫県,姫路市,下寺町１０９番地１−８０４,6700932
8140001061714,丸信食品株式会社,兵庫県,姫路市,飾磨区英賀清水町１丁目１番地,6728084
8140001061722,株式会社マルタカ砿油,兵庫県,姫路市,飾東町庄３３０番地の３,6710218
8140001061763,美樹工業株式会社,兵庫県,姫路市,北条９５１番地１,6700947
8140001061788,株式会社モスエ,兵庫県,姫路市,土山６丁目２番２１号,6700996
8140001061796,株式会社焼肉の牛太,兵庫県,姫路市,楠町１１３番地,6700826
8140001061805,株式会社ミズノ,兵庫県,姫路市,網干区興浜９０７番地の１３７,6711241
8140001061813,株式会社みちのく,兵庫県,姫路市,南町５番地,6700912
8140001061821,ミドリ安全姫路株式会社,兵庫県,姫路市,飾磨区加茂太の前２２８番地,6728074
8140001061854,株式会社ミヤホーム,兵庫県,姫路市,保城２１６番地２,6700804
8140001061862,株式会社宮本設備,兵庫県,姫路市,白国１丁目２０番３号,6700808
8140001061870,株式会社三輪新商店,兵庫県,姫路市,網干区新在家５３９の１番地,6711234
8140001061879,株式会社宗行,兵庫県,姫路市,神屋町５丁目８９番地,6700836
8140001061895,株式会社明建,兵庫県,姫路市,花田町加納原田９４番地１５,6710252
8140001061904,名城警備保障株式会社,兵庫県,姫路市,御立西１丁目１８番１号,6700074
8140001061912,株式会社メイプルコミュニケーションズ,兵庫県,姫路市,小姓町８５番地,6700043
8140001061945,望月工業株式会社,兵庫県,姫路市,大津区吉美７７６番地,6711133
8140001061953,森内興産株式会社,兵庫県,姫路市,別所町小林字加茂２８９番地２,6710222
8140001061961,森川電化株式会社,兵庫県,姫路市,網干区新在家１２９９番地,6711234
8140001061978,諸富興業株式会社,兵庫県,姫路市,飾磨区恵美酒字野手１０８番地,6728057
8140001061986,ヤヱガキフード＆システム株式会社,兵庫県,姫路市,林田町六九谷６８１番地,6794211
8140001061994,株式会社ヤカグループ,兵庫県,姫路市,白浜町甲８４１番地４５,6728023
8140001062002,株式会社八家住研,兵庫県,姫路市,八家１３０３番地の１,6728015
8140001062010,株式会社ヤギパツクス,兵庫県,姫路市,手柄５３番地１,6700972
8140001062019,株式会社安田工作所,兵庫県,姫路市,勝原区宮田１４７番地の１４,6711213
8140001062027,株式会社安野鉄工,兵庫県,姫路市,御国野町深志野９５０番地,6710231
8140001062035,株式会社安山クリーンサービス,兵庫県,姫路市,網干区浜田１３２０番地の１３,6711242
8140001062043,株式会社ヤナギタニ,兵庫県,姫路市,白浜町神田２丁目５５番地,6728011
8140001062051,八幡建設測量株式会社,兵庫県,姫路市,飾磨区中島１２６４番地の１,6728035
8140001062068,山口フェンス工業株式会社,兵庫県,姫路市,上手野１００番地の１,6700065
8140001062076,株式会社山崎金網製作所,兵庫県,姫路市,阿保甲３００番地１,6700944
8140001062118,株式会社ヤマトヤシキ,兵庫県,姫路市,二階町５５番地,6700922
8140001062126,山根機工株式会社,兵庫県,姫路市,飾磨区上野田３丁目１２１番地,6728043
8140001062134,株式会社ヤマハ藤田,兵庫県,姫路市,本町１５５番地,6700012
8140001062142,株式会社山本酒店,兵庫県,姫路市,古二階町８８番地,6700936
8140001062150,山本パッケージ株式会社,兵庫県,姫路市,花田町勅旨字下川２３３番地の１,6710254
8140001062159,株式会社やよい,兵庫県,姫路市,古二階町３番地,6700936
8140001062167,友善生コンクリート株式会社,兵庫県,姫路市,別所町別所９８２番地,6710221
8140001062175,株式会社ユニーク,兵庫県,姫路市,大津区新町１丁目５５番地,6711135
8140001062191,株式会社横川自動車,兵庫県,姫路市,飾磨区上野田１丁目３番地,6728043
8140001062200,株式会社横野商店,兵庫県,姫路市,博労町１７１番地,6700906
8140001062209,株式会社吉坂建設,兵庫県,姫路市,御立西５丁目１０番２３号,6700074
8140001062217,株式会社よしの建築設計事務所,兵庫県,姫路市,北条永良町２６０番地,6700946
8140001062233,頼安製鋼株式会社,兵庫県,姫路市,保城８０４番地の１,6700804
8140001062241,ワイケイ産業株式会社,兵庫県,姫路市,網干区坂出１７３番地,6711228
8140001062258,ワールド技研工業株式会社,兵庫県,姫路市,豊富町神谷３０３５番地,6792121
8140001062266,渡辺プロセス株式会社,兵庫県,姫路市,花田町勅旨９４番地の２,6710254
8140001062274,株式会社若月工作所,兵庫県,姫路市,西脇４５１番地の１,6712234
8140001062290,渡辺金属工業株式会社,兵庫県,姫路市,南八代町９番１２号,6700875
8140001062299,株式会社ラリー,兵庫県,姫路市,飾磨区今在家北１丁目６３番地,6728090
8140001062308,Ｎ＆Ｔコーポレーション株式会社,兵庫県,姫路市,延末３７５番地１,6700966
8140001062316,株式会社リバテック,兵庫県,姫路市,増位新町１丁目２１番地野里マンション１００８号,6700806
8140001062324,株式会社梁山泊,兵庫県,姫路市,五軒邸２丁目２番地,6700854
8140001062332,株式会社リリースポイント,兵庫県,姫路市,東山２０５番地の１,6728014
8140001062340,株式会社レオミュージックサービス,兵庫県,姫路市,飾磨区上野田３丁目１３２番地,6728043
8140001062349,ロードテック株式会社,兵庫県,姫路市,飾磨区上野田５丁目１１９番地,6728043
8140001062357,鷺城観光株式会社,兵庫県,姫路市,北平野５丁目１３番２７号,6700893
8140001062365,フローリッシュいわさき株式会社,兵庫県,姫路市,夢前町寺９番地の６７,6712116
8140001062381,株式会社コウユウ,兵庫県,姫路市,夢前町大字又坂字下川原１００番地,6700000
8140001062398,株式会社大洋,兵庫県,姫路市,書写１０１９番地５６６,6712201
8140001062415,株式会社難波石油,兵庫県,姫路市,夢前町前之庄１１４４番地の４,6712103
8140001062423,株式会社ハチノ,兵庫県,姫路市,夢前町又坂１０２番地,6712115
8140001062431,株式会社福山建設,兵庫県,姫路市,夢前町菅生澗１番地の２４,6712134
8140001062448,株式会社山之内工機,兵庫県,姫路市,夢前町山之内丙３番地の３,6712101
8140001062464,株式会社アラト,兵庫県,姫路市,城見台２丁目１１１１番地２１９,6700803
8140001062480,勝丸海運建設株式会社,兵庫県,姫路市,家島町真浦２４１２番地,6720101
8140001062497,株式会社坂下工務店,兵庫県,姫路市,家島町宮１８１７番地の３０,6720102
8140001062506,大栄汽船株式会社,兵庫県,姫路市,家島町坊勢８０８番地,6720103
8140001062514,天栄興業株式会社,兵庫県,姫路市,家島町坊勢４８５番地の８,6720103
8140001062522,西島採石株式会社,兵庫県,姫路市,家島町真浦２５１９番地,6720101
8140001062530,株式会社八光,兵庫県,姫路市,家島町真浦５８３番地,6720101
8140001062539,ふたば商事株式会社,兵庫県,姫路市,家島町宮９７４番地の２,6720102
8140001062547,株式会社前田鉄工所,兵庫県,姫路市,家島町坊勢６９７番地,6720103
8140001062555,山一興業株式会社,兵庫県,姫路市,家島町坊勢８４番地,6720103
8140001062563,株式会社邦和建設,兵庫県,姫路市,夢前町前之庄６６番地,6712103
8140001062571,株式会社エールコーポレーション,兵庫県,姫路市,増位新町１丁目８番地の４ハイムシェーンブルグ９０１,6700806
8140001062588,白鷺精工株式会社,兵庫県,姫路市,別所町北宿６２７番地の３,6710223
8140001062596,株式会社英光,兵庫県,姫路市,夢前町高長２９４番地,6712117
8140001062605,株式会社三光パイプ,兵庫県,姫路市,西延末１６８番地１,6700971
8140001062613,株式会社ユニオンデータ,兵庫県,姫路市,北条宮の町２８７番地の６島根ビル４階,6700948
8140001062621,株式会社レーベンスクラフト,兵庫県,姫路市,飾磨区中野田２丁目７７番地,6728045
8140001062638,株式会社Ｃ・Ｐ・Ｒ,兵庫県,姫路市,東延末４丁目１０２番地,6700965
8140001062646,株式会社エモーショナル総合事務所,兵庫県,姫路市,三左衛門堀東の町９３番地,6700949
8140001062654,ハリマ産業エコテック株式会社,兵庫県,姫路市,網干区浜田１２２３番地の１０,6711242
8140001062670,Ｒｙｕホーム株式会社,兵庫県,姫路市,西延末２６９番地の６,6700971
8140001062687,日本交通共済総合保障株式会社,兵庫県,姫路市,北条宮の町３１番地,6700948
8140001062704,株式会社アセット,兵庫県,姫路市,北条１０６６番地８,6700947
8140001062712,株式会社トラベル日旅,兵庫県,姫路市,安田４丁目３５番地カトウビル２階,6700955
8140001062720,株式会社姫路シーエーティーヴィ,兵庫県,姫路市,西夢前台１丁目１２０番地,6712214
8140001062737,株式会社北陸クリーンエナジー,兵庫県,姫路市,三左衛門堀東の町２２番地,6700949
8140001062745,ハクロ物流株式会社,兵庫県,姫路市,飾磨区英賀乙４４番の１,6728078
8140001062753,株式会社エム・シイ・レント,兵庫県,姫路市,飾磨区矢倉町１丁目１６番地１,6728093
8140001062761,株式会社アイキャン,兵庫県,姫路市,古二階町６３番地,6700936
8140001062786,株式会社ひかり技研,兵庫県,姫路市,広畑区蒲田１丁目５８番地,6711102
8140001062794,株式会社海幸館,兵庫県,姫路市,東延末４１９番地,6700965
8140001062935,株式会社タイヨー環境サービス,兵庫県,姫路市,豊富町豊富３１７１番地,6792123
8140001062943,中央食品株式会社,兵庫県,姫路市,広畑区西蒲田６８番地,6711107
8140001063074,桂海運株式会社,兵庫県,姫路市,家島町坊勢５２番地の１,6720103
8140001063099,Ｓｃｈｏｏｌ太惠株式会社,兵庫県,姫路市,大津区長松９２番地の１１,6711144
8140001063108,フマキラートータルサービス株式会社,兵庫県,姫路市,栗山町１２６番地,6700954
8140001063124,株式会社エス・エス・ケイ,兵庫県,姫路市,花田町小川２８０番３,6710255
8140001063207,株式会社久松産業,兵庫県,姫路市,伊伝居６番地の１,6700871
8140001063215,株式会社ヒメブンコーポレーション,兵庫県,姫路市,別所町北宿９０５番地,6710223
8140001063223,株式会社保険審査センター,兵庫県,姫路市,東延末１丁目１４０番地,6700965
8140001063231,株式会社オフィス公和,兵庫県,姫路市,土山５丁目７番２２号,6700996
8140001063248,株式会社建築計画研究所,兵庫県,姫路市,大津区天神町１丁目４５番地の９,6711131
8140001063264,西日本マジックパール株式会社,兵庫県,姫路市,夢前町前之庄１５４４番地,6712103
8140001063603,フジタ住研株式会社,兵庫県,姫路市,香寺町相坂９４４番地,6792154
8140001063611,株式会社福山通商,兵庫県,姫路市,豊富町豊富字野上西通７２１番地の１,6792123
8140001063677,グレンバラ美術館株式会社,兵庫県,姫路市,町田１２０番地,6712217
8140001063685,株式会社アサヒプロダクツ,兵庫県,姫路市,西今宿１丁目２番５号,6700061
8140001063693,株式会社日本住宅サービス,兵庫県,姫路市,飾磨区清水２丁目１番地,6728051
8140001063719,日本ビオス株式会社,兵庫県,姫路市,勝原区宮田９９番地２７,6711213
8140001063735,株式会社エクラン,兵庫県,姫路市,木場１１７０番地,6728016
8140001063743,株式会社姫路ヤマパック,兵庫県,姫路市,林田町六九谷５８９番地,6794211
8140001063751,園田建設株式会社,兵庫県,姫路市,岡田３５０番地の１,6700982
8140001063784,株式会社ジェダン,兵庫県,姫路市,北条口３丁目３７番地アシベビル２階,6700935
8140001063792,株式会社ミック,兵庫県,姫路市,坂田町４６番地,6700931
8140001063859,須鎗株式会社,兵庫県,姫路市,西夢前台２丁目１２３番地,6712214
8140001063867,株式会社浦岡土木興業,兵庫県,姫路市,豊富町豊富３４２４番地の４,6792123
8140001063900,株式会社スタンレーグループ,兵庫県,姫路市,飾磨区清水３丁目６４番地,6728051
8140001063925,株式会社ショーエイ,兵庫県,姫路市,飾磨区今在家６丁目２８番地の３,6728079
8140001063933,株式会社関西トラスト,兵庫県,姫路市,南条４３４番地,6700952
8140001063941,株式会社Ｗｏｒｋ　Ｗｅａｒ　Ｊａｐａｎ,兵庫県,姫路市,飾磨区若宮町４５番地,6728095
8140001063958,住宅診断センター株式会社,兵庫県,姫路市,南駅前町１２５番地,6700962
8140001063982,神戸イーワールド株式会社,兵庫県,姫路市,勝原区大谷３７８番地２５,6711205
8140001064007,グリーンホーム・アドバンス株式会社,兵庫県,姫路市,佃町９番地グリーンパークビル２０１,6728049
8140001064015,株式会社岩商,兵庫県,姫路市,白浜町甲１２７７番地の１,6728023
8140001064023,株式会社キャンアイコーポレーション,兵庫県,姫路市,飾磨区阿成植木５６２番地の１４,6728030
8140001064064,株式会社ウェストウイング,兵庫県,姫路市,飾磨区中島起シ５７３番地の１,6728035
8140001064072,姫路ボデー工業株式会社,兵庫県,姫路市,花田町勅旨字西河原４２６番地の３,6710254
8140001064080,株式会社立建コーポレーション,兵庫県,姫路市,岡町１８番地サンビル３Ｆ,6700026
8140001064089,株式会社グローバルソーシング,兵庫県,姫路市,国府寺町１５番地黒田ビル１Ｆ,6700852
8140001064097,株式会社北村工業,兵庫県,姫路市,安富町安志９０１番地,6712401
8140001064106,株式会社知福造園,兵庫県,姫路市,安富町名坂６４６番地１,6712412
8140001064114,株式会社藤田鉄工,兵庫県,姫路市,安富町植木野７４７番地,6712426
8140001064122,山陽化学株式会社,兵庫県,姫路市,安富町狭戸１１７番地,6712423
8140001064139,株式会社スターライト,兵庫県,姫路市,岩端町２００番地１７,6700028
8140001064155,株式会社ポジット原田企画,兵庫県,姫路市,北平野６丁目８番２号,6700893
8140001064163,株式会社ヒメユキＣＳ,兵庫県,姫路市,別所町小林１６２番地の１,6710222
8140001064171,株式会社播磨食品開発,兵庫県,姫路市,土山東の町１３番３号鈴枝ビル３０２,6700995
8140001064196,株式会社姫路スポーツ振興,兵庫県,姫路市,広畑区東新町２丁目２番地,6711121
8140001064205,株式会社ＺＥＴ,兵庫県,姫路市,別所町佐土１丁目１８２番地,6710224
8140001064213,株式会社ルネ・デュー,兵庫県,姫路市,飾磨区英賀清水町３丁目２４番地２,6728084
8140001064221,株式会社たか屋,兵庫県,姫路市,東今宿３丁目２番１１号,6700056
8140001064238,茂見電工株式会社,兵庫県,姫路市,飾磨区加茂東７４３番地の１７,6728070
8140001064246,株式会社福壽堂本店,兵庫県,姫路市,広畑区本町６丁目６９６番地,6711114
8140001064254,新生通商株式会社,兵庫県,姫路市,勝原区山戸２１１番地,6711214
8140001064279,株式会社アクセスライン,兵庫県,姫路市,安田４丁目４２−１３ＲＥＮＯＷＩＳＥＢＬＤ３Ｆ,6700955
8140001064295,株式会社みぞぐち薬局,兵庫県,姫路市,香寺町溝口４９２番地７,6792161
8140001064312,株式会社ＹＢＭ,兵庫県,姫路市,南畝町２丁目１３９−２０２,6700961
8140001064320,株式会社藤・コーポレーション,兵庫県,姫路市,土山２丁目３番５号,6700996
8140001064329,株式会社Ｋａｚｕシヴィルエンジニアリング,兵庫県,姫路市,御立西５丁目１４番５４号,6700074
8140001064337,株式会社ストライブ,兵庫県,姫路市,網干区大江島古川町１３１,6711233
8140001064353,株式会社セブンインターナショナルアソシエイツ,兵庫県,姫路市,勝原区宮田１１６番地１,6711213
8140001064361,株式会社メディカルオフィスヒラタ,兵庫県,姫路市,広畑区東新町１丁目３０番地,6711121
8140001064378,株式会社グラスワン,兵庫県,姫路市,栗山町１７４番地２,6700954
8140001064436,株式会社エニシング,兵庫県,姫路市,大津区天神町２丁目１２４番地２,6711131
8140001064444,株式会社アップワン,兵庫県,姫路市,豊富町豊富８５３番地,6792123
8140001064452,株式会社アクティム兵庫中央,兵庫県,姫路市,北平野台町１番２号,6700895
8140001064460,株式会社フォトンコンピュータシステム,兵庫県,姫路市,広畑区清水町２丁目１０番地の６,6711113
8140001064485,株式会社東陽サービス,兵庫県,姫路市,安富町塩野２３７番地２,6712422
8140001064493,柴田塗装株式会社,兵庫県,姫路市,飾磨区恵美酒２４１番地１−３０４号,6728057
8140001064502,株式会社信和,兵庫県,姫路市,網干区高田３８番の１,6711226
8140001064510,株式会社ＭｅｔａｌＷｏｒｋｓ,兵庫県,姫路市,網干区興浜９０７番地２１４,6711241
8140001064527,株式会社ハーズデザインアソシエイツ,兵庫県,姫路市,飾磨区阿成鹿古２８８番地阿成プラザ１０３号,6728038
8140001064535,株式会社カラツ住販,兵庫県,姫路市,広畑区鶴町１丁目７番地,6711124
8140001064543,株式会社Ｐｌｕｔｏ,兵庫県,姫路市,網干区田井１０６番地１,6711221
8140001064551,小林ホールディングス株式会社,兵庫県,姫路市,東今宿３丁目１０番１７号,6700056
8140001064576,株式会社ハウスインフォ,兵庫県,姫路市,安田４丁目４９−１１Ｈｉ２−３Ｆ,6700955
8140001064584,株式会社明豊,兵庫県,姫路市,西今宿８丁目１００１,6700061
8140001064592,株式会社アーク,兵庫県,姫路市,大津区北天満町１６４番地,6711142
8140001064601,パラディック工業株式会社,兵庫県,姫路市,白鳥台２丁目２３番１１号,6712245
8140001064618,株式会社クニタケ商会,兵庫県,姫路市,青山南４丁目１６番１号,6712223
8140001064626,株式会社バンブー,兵庫県,姫路市,駅前町２８６番,6700927
8140001064634,株式会社インテリア橋本,兵庫県,姫路市,飾西２６６番地４,6712216
8140001064642,藤原建設株式会社,兵庫県,姫路市,城北新町１丁目１４番６号,6700883
8140001064650,株式会社パラレル・アンド・スターズ,兵庫県,姫路市,飾磨区清水９５番地１,6728051
8140001064659,株式会社東洋彫刻製作所,兵庫県,姫路市,夢前町置本５９１番地９,6712122
8140001064667,株式会社姫路耐火工業,兵庫県,姫路市,飾磨区中島４１４番地２７９,6728035
8140001064675,株式会社播磨ネット,兵庫県,姫路市,南駅前町６４番地,6700962
8140001064683,株式会社明三,兵庫県,姫路市,保城２１９番地の７,6700804
8140001064691,株式会社Ｇ　ＴＥＣ,兵庫県,姫路市,網干区余子浜７９番地１１,6711254
8140001064700,株式会社イートラスト,兵庫県,姫路市,西延末２２５番地の１,6700971
8140001064709,株式会社美布乃,兵庫県,姫路市,綿町１００番地,6700921
8140001064717,株式会社マーキュリー,兵庫県,姫路市,豊富町御蔭１５０９番地,6792122
8140001064725,株式会社アルデバラン２１,兵庫県,姫路市,安田３丁目１０３番地の２,6700955
8140001064741,株式会社有馬不動産,兵庫県,姫路市,伊伝居６番地１,6700871
8140001064766,網干丸共株式会社,兵庫県,姫路市,網干区興浜２０９３番地１３３,6711241
8140001064774,ナムラコーポレーション株式会社,兵庫県,姫路市,亀山１９６番地の１２,6700973
8140001064782,株式会社キンキネオン,兵庫県,姫路市,夢前町寺１７０４番地の２,6712116
8140001064799,アイベス興産株式会社,兵庫県,姫路市,北原１１４０番地１,6728002
8140001064808,株式会社神戸ベル商,兵庫県,姫路市,安富町名坂１２００番地,6712412
8140001064816,株式会社ＧＲＡＣＥＡＧＥ,兵庫県,姫路市,夢前町護持２０６番地の３６,6712136
8140001064840,株式会社三洸観光,兵庫県,姫路市,御国野町御着３６３番地の５,6710232
8140001064857,株式会社本間鐵工所,兵庫県,姫路市,大津区真砂町３８番地４４,6711134
8140001064873,株式会社須貝コーポレーション,兵庫県,姫路市,広畑区鶴町１丁目１２番地,6711124
8140001064881,株式会社ＡＮＮＥ’Ｓ　ＨＯＵＳＥ,兵庫県,姫路市,飾磨区恵美酒２２８番地１−７０５号,6728057
8140001064907,株式会社一心不乱,兵庫県,姫路市,東延末１丁目１１３番地,6700965
8140001064915,株式会社明昇工業,兵庫県,姫路市,白浜町乙８２０番地３,6728023
8140001064923,株式会社玉屋,兵庫県,姫路市,飾磨区亀山１０９番地,6728047
8140001064948,株式会社アルテミス,兵庫県,姫路市,駅前町３４５番地みき正駅前ビル４Ｆ,6700927
8140001064956,株式会社かみなり屋,兵庫県,姫路市,飾磨区恵美酒１４３番地１,6728057
8140001064964,株式会社ヒメトサービス,兵庫県,姫路市,土山４丁目１番３０号,6700996
8140001064972,株式会社アデッツァ,兵庫県,姫路市,飾磨区阿成鹿古３８９番地ＬｉｖｅＴｏｗｎＡ２０１号,6728038
8140001064989,ヨシカワコーポレーション株式会社,兵庫県,姫路市,青山３丁目１０番７号,6712222
8140001064997,ＩＣＴ株式会社,兵庫県,姫路市,東雲町５丁目６番２号,6700046
8140001065005,株式会社大姫神創,兵庫県,姫路市,飾磨区阿成３−２,6728037
8140001065013,株式会社タカタ金属,兵庫県,姫路市,網干区興浜１１３７番地１,6711241
8140001065046,株式会社エイコウ,兵庫県,姫路市,四郷町明田６７２番地３,6710245
8140001065070,株式会社グランロッソ,兵庫県,姫路市,広畑区小松町２丁目７５番地,6711152
8140001065112,タナカ工業株式会社,兵庫県,姫路市,城東町１１２番地３,6700841
8140001065120,株式会社ワイジェイグループ,兵庫県,姫路市,西今宿３丁目６２９−１,6700061
8140001065129,株式会社Ｓｉｅｇ．小西,兵庫県,姫路市,豊富町神谷２９９番地４,6792121
8140001065145,株式会社エム・ジーワールド,兵庫県,姫路市,広畑区才７６８番地４,6711104
8140001065153,株式会社スキルアップ,兵庫県,姫路市,岡田３５０番地の１,6700982
8140001065178,株式会社アトリエ・エイト,兵庫県,姫路市,三左衛門堀東の町３４番地,6700949
8140001065186,足立工業株式会社,兵庫県,姫路市,飾磨区今在家北２丁目３２番地の２,6728090
8140001065194,アーバントラスト株式会社,兵庫県,姫路市,網干区大江島寺前町１０９番地,6711232
8140001065211,株式会社サラ・コーポレーション,兵庫県,姫路市,東延末３丁目３番１号,6700965
8140001065228,株式会社テクノス８,兵庫県,姫路市,白国３丁目１４番１３号,6700808
8140001065244,株式会社ゼット工業,兵庫県,姫路市,伊伝居７６番地１０,6700871
8140001065252,日鉄神鋼メタルリファイン株式会社,兵庫県,姫路市,広畑区富士町１番地,6711123
8140001065260,株式会社ハローバンク,兵庫県,姫路市,飾西６０番地の１,6712216
8140001065277,株式会社真断熱,兵庫県,姫路市,下手野４丁目６番５０号,6700063
8140001065285,株式会社４０２,兵庫県,姫路市,飾西４１番地１メゾン唐々,6712216
8140001065293,株式会社ケイズメタル,兵庫県,姫路市,玉手４丁目２８番地,6700985
8140001065302,株式会社兵庫アグリメイト,兵庫県,姫路市,大津区大津町１丁目３６番地,6711146
8140001065310,株式会社丸佑開発,兵庫県,姫路市,飾磨区妻鹿１３９３番地,6728031
8140001065327,星工株式会社,兵庫県,姫路市,船津町５２６９番地９,6792101
8140001065335,株式会社アサ・ヌーアップ,兵庫県,姫路市,北条梅原町２６番地４,6700945
8140001065343,姫山観光株式会社,兵庫県,姫路市,城北本町１１番２４号,6700884
8140001065351,戎資材株式会社,兵庫県,姫路市,忍町２１０番地,6700917
8140001065368,株式会社トレンドワークス,兵庫県,姫路市,北原５３６番地５,6728002
8140001065376,株式会社アイカワ,兵庫県,姫路市,花田町勅旨３２６番地８,6710254
8140001065384,ＳｅｉｋｏｕＬｏｇｉｓｔＥ株式会社,兵庫県,姫路市,延末３２１番２０３号,6700966
8140001065392,株式会社和光企画,兵庫県,姫路市,余部区上余部７１２番地１,6711262
8140001065401,フェニックス電機株式会社,兵庫県,姫路市,豊富町御蔭７０３番地,6792122
8140001065418,株式会社勇臣,兵庫県,姫路市,北今宿２丁目３番１９号パティオ高田２０３,6700057
8140001065426,株式会社松居測量,兵庫県,姫路市,飾磨区構３丁目５５７番地４,6728071
8140001065434,株式会社現代環境,兵庫県,姫路市,飾東町八重畑１２５２番地５,6710208
8140001065442,メイコー工業株式会社,兵庫県,姫路市,広畑区西夢前台８丁目３番地,6711103
8140001065450,Ｊプランニング株式会社,兵庫県,姫路市,八代７１２番地,6700872
8140001065467,株式会社ベストパートナーズ,兵庫県,姫路市,網干区興浜１８１番地,6711241
8140001065483,株式会社フカツ,兵庫県,姫路市,四郷町坂元３９９番地１,6710246
8140001065491,株式会社聡明建設,兵庫県,姫路市,東山３９０番地１,6728014
8140001065500,株式会社コムコム,兵庫県,姫路市,安富町長野１５２番地１,6712421
8140001065517,株式会社セーフティー,兵庫県,姫路市,青山６丁目２５番１６号,6712222
8140001065525,株式会社ＭＴＣ,兵庫県,姫路市,広畑区東夢前台４丁目８番地,6711101
8140001065533,協栄プランニング株式会社,兵庫県,姫路市,神子岡前１丁目８番２０号,6700055
8140001065541,株式会社川旗,兵庫県,姫路市,緑台２丁目２１番１３号,6712247
8140001065582,Ｔ＆Ｋ企画株式会社,兵庫県,姫路市,飾磨区細江２６２５番地,6728064
8140001065599,菱南ホールディングス株式会社,兵庫県,姫路市,亀山１８６番地８,6700973
8140001065608,株式会社ごんベえ,兵庫県,姫路市,綿町１２２番地,6700921
8140001065616,株式会社ダイシン工業,兵庫県,姫路市,御国野町西御着６１９−１,6710233
8140001065624,森蔭建設株式会社,兵庫県,姫路市,白浜町乙７３９番地２−６０３号,6728023
8140001065632,Ｍ’ｓ　ｆｉｌｅ株式会社,兵庫県,姫路市,西庄甲３６番地５,6700981
8140001065649,株式会社デジテック,兵庫県,姫路市,飾磨区西浜町２丁目６２−１,6728086
8140001065665,株式会社ルゥコンサルティング,兵庫県,姫路市,手柄２丁目５８番地,6700972
8140001065681,大興共栄不動産株式会社,兵庫県,姫路市,安田１丁目２８番地,6700955
8140001065698,平畑工業株式会社,兵庫県,姫路市,青山６丁目３９番２−１０１号プレステージ姫路青山ＩＩ,6712222
8140001065723,株式会社Ｋ・Ｋ・Ｃ,兵庫県,姫路市,御立西５丁目１６番１０号,6700074
8140001065731,株式会社永井実業,兵庫県,姫路市,四郷町東阿保１８１番地１,6710247
8140001065748,株式会社スタート・ラボ,兵庫県,姫路市,下手野２丁目１４番１７号バレルビラ１０５号,6700063
8140001065756,株式会社小春,兵庫県,姫路市,東今宿３丁目４番１０号,6700056
8140001065764,三喜産業株式会社,兵庫県,姫路市,田寺２丁目４番６号,6700086
8140001065780,株式会社千足工業,兵庫県,姫路市,網干区新在家２０２３番地１５７,6711234
8140001065789,みずほ開発株式会社,兵庫県,姫路市,土山東の町３番１０号,6700995
8140001065797,株式会社ＥＣＯＭ　ＪＡＰＡＮ,兵庫県,姫路市,網干区興浜２０９３−１３３,6711241
8140001065806,株式会社玉岡マテリアル,兵庫県,姫路市,飾磨区中島字相生梅２１７２番地の１,6728035
8140001065822,株式会社シン・フジ,兵庫県,姫路市,的形町的形７８７番地３５,6710111
8140001065830,株式会社プライム,兵庫県,姫路市,香寺町溝口２２５番地１５１,6792161
8140001065839,株式会社橋本工業,兵庫県,姫路市,広畑区吾妻町１丁目３２番地,6711154
8140001065847,株式会社八葉建設,兵庫県,姫路市,四郷町坂元４２番地１,6710246
8140001065863,株式会社ギャラリー２４,兵庫県,姫路市,御立東３丁目１４番５号,6700072
8140001065871,株式会社コードバン,兵庫県,姫路市,花田町小川１１３０番地,6710255
8140001065888,エスケーシーテクノ株式会社,兵庫県,姫路市,夢前町菅生澗７４番地２８,6712134
8140001065896,株式会社匠設計,兵庫県,姫路市,広畑区小松町３丁目４７番地４,6711152
8140001065905,株式会社トラストファイナンシャルプランニング,兵庫県,姫路市,北条１丁目１１３番地ミヤビビル１階,6700947
8140001065913,株式会社アプローズ,兵庫県,姫路市,宮上町１丁目９３番地１２,6700823
8140001065921,株式会社Ｉｎｎｏｃｅｎｔ,兵庫県,姫路市,北今宿２丁目２番８号コージーコートＭ１０１,6700057
8140001065938,株式会社ディアテクノ,兵庫県,姫路市,北条永良町２４６番地２０１号,6700946
8140001065946,是川不動産株式会社,兵庫県,姫路市,大津区西土井１６０番地２,6711141
8140001065954,エコリードイノベーション株式会社,兵庫県,姫路市,玉手４５８番地１,6700985
8140001065962,株式会社エーイーテクノ,兵庫県,姫路市,広畑区蒲田５丁目１９２番地,6711102
8140001065970,株式会社ジャパンアイテムコーポレーション,兵庫県,姫路市,土山４丁目４番１０号,6700996
8140001065979,アット・イーズ株式会社,兵庫県,姫路市,野里上野町１丁目１番５号,6700814
8140001065995,株式会社Ｊ．ＦＡＣＴＯＲ,兵庫県,姫路市,花田町高木１９６番地２１,6710256
8140001066003,Ｆ・Ｋ８５３株式会社,兵庫県,姫路市,飾磨区阿成１６番地４１,6728037
8140001066011,株式会社納得住宅姫路,兵庫県,姫路市,西延末１１７番地２１,6700971
8140001066028,株式会社高嶋建工,兵庫県,姫路市,安田２丁目７５西浦ビル３−１号室,6700955
8140001066036,株式会社アイザック,兵庫県,姫路市,刀出１番地２,6712241
8140001066044,株式会社総合電工,兵庫県,姫路市,龍野町６丁目３９番地,6700032
8140001066060,株式会社アイビーエス,兵庫県,姫路市,飾磨区妻鹿１６１０番地９,6728031
8140001066069,株式会社ＷＴＴ,兵庫県,姫路市,本町１３６番地ＭＴビル５階,6700012
8140001066110,株式会社エコフィール８８,兵庫県,姫路市,東延末３丁目３７番地,6700965
8140001066127,株式会社ＴＫＭコーポレーション,兵庫県,姫路市,砥堀９６４番地,6700802
8140001066151,株式会社エアリス,兵庫県,姫路市,安富町名坂１２００番地,6712412
8140001066176,株式会社福井鉄工所,兵庫県,姫路市,亀山１８７番地１１,6700973
8140001066184,株式会社冨田ビジネスコンサルティング,兵庫県,姫路市,飾磨区野田町１２７番地高田姫路南ビル５階,6728040
8140001066192,アドバンス・テクノ株式会社,兵庫県,姫路市,夢前町山之内甲４７３番６,6712101
8140001066218,株式会社マリアージュ,兵庫県,姫路市,岡町４０番６−４１０,6700026
8140001066226,株式会社グランディール,兵庫県,姫路市,坂元町８２番地,6700016
8140001067422,株式会社ＨＥＩＴＡ,兵庫県,姫路市,呉服町５９番地,6700923
8140001067455,株式会社ジェイワールド,兵庫県,姫路市,夢前町前之庄みどり丘一丁目８１０番１０１,6712103
8140001067521,株式会社ワールドパル,兵庫県,姫路市,飾西６３８番地１,6712216
8140001067629,株式会社ターザンスタジオ,兵庫県,姫路市,北条梅原町８５番地リゾティ北条３０７号室,6700945
8140001077438,０１株式会社,兵庫県,姫路市,書写１６４２番地１,6712201
8140001077628,株式会社エヴァンジェリストジャパンプロダクト,兵庫県,姫路市,中地南町８２番地１,6700975
8140001077652,株式会社龍美,兵庫県,姫路市,南条２丁目４６番地,6700952
8140001077768,株式会社グッドアイランド,兵庫県,姫路市,飾磨区構５丁目１６９番地２,6728071
8140001077850,株式会社アセンド,兵庫県,姫路市,広畑区正門通１丁目６番地１２,6711116
8140001086406,株式会社Ｋ−アドバンス,兵庫県,姫路市,的形町的形１７８３番地１７,6710111
8140001086447,株式会社Ｋａｎｓａｉ,兵庫県,姫路市,打越１３５２番地４３,6712246
8140001086471,株式会社Ｏｎｌｙ　Ｏｎｅ,兵庫県,姫路市,下手野５丁目１８番１０号,6700063
8140001086579,訪問看護エンゼル株式会社,兵庫県,姫路市,香寺町須加院３３８番地３１６,6792132
8140001086983,株式会社ＪｉＪｉ,兵庫県,姫路市,四郷町山脇６７５スプリングコート２０１,6710248
8140001087148,株式会社プラントネットワークプロ,兵庫県,姫路市,青山４丁目２３番１号,6712222
8140001087313,株式会社ＣＥＮＴＵＲＩＵＭ,兵庫県,姫路市,花田町高木４３４番地１,6710256
8140001087412,株式会社川棚,兵庫県,姫路市,宮上町２丁目５２番地,6700823
8140001087577,株式会社そとま装舎,兵庫県,姫路市,継４１３番地９,6728004
8140001087585,株式会社ヤマトヤシキリテイリング,兵庫県,姫路市,二階町５５番地,6700922
8140001087684,株式会社プライムクリエイト,兵庫県,姫路市,西延末４２０番地５,6700971
8140001087817,Ｌｉｆｅ　Ｌａｂｏ株式会社,兵庫県,姫路市,飾磨区中島３丁目３７番地ーＡ,6728035
8140001087890,御着産業株式会社,兵庫県,姫路市,御国野町御着３５１番地,6710232
8140001088088,西兵庫不動産株式会社,兵庫県,姫路市,神子岡前１丁目９番４１号,6700055
8140001088162,株式会社セイワ,兵庫県,姫路市,飾磨区阿成植木１００３番地,6728030
8140001088187,株式会社ＡＱＵＡ,兵庫県,姫路市,北今宿２丁目２番８号,6700057
8140001088237,株式会社Ａｍｅｌｉ　Ｔｒｉｎｉｔｅ,兵庫県,姫路市,駅前町３２９番地,6700927
8140001088377,ちびっこ忍者企画株式会社,兵庫県,姫路市,本町６８番地２９０メゾン・ド・イーグレ２０６,6700012
8140001088708,株式会社ＫＦＵ,兵庫県,姫路市,神屋町３丁目１５番地クリーンピア神屋町８０３,6700836
8140001088765,株式会社オフィス亜紀,兵庫県,姫路市,町坪５６１番地,6700984
8140001088798,株式会社タヴィラジオ,兵庫県,姫路市,東今宿３丁目２番３６号,6700056
8140001088831,株式会社プレジデンツビジョン,兵庫県,姫路市,白浜町宇佐崎北３丁目４５０番地,6728013
8140001089004,アスケア株式会社,兵庫県,姫路市,下手野５丁目２３番４７号,6700063
8140001089037,ＯＷＬ株式会社,兵庫県,姫路市,名古山町１３番１２号,6700051
8140001089103,株式会社アクア・マネキン紹介所,兵庫県,姫路市,飾磨区加茂１３４−７Ｂ−２０１,6728074
8140001089227,株式会社オオハラ,兵庫県,姫路市,飾磨区下野田２丁目４５４番地２,6728044
8140001089318,株式会社オフィスアール,兵庫県,姫路市,駅前町２３２番地,6700927
8140001089375,株式会社エムフレックス,兵庫県,姫路市,飾西２８０番地１２,6712216
8140001089383,株式会社Ｋプランニング,兵庫県,姫路市,北平野台町３番６号,6700895
8140001089813,ロファール株式会社,兵庫県,姫路市,網干区福井１３８番地３,6711225
8140001089879,小西技研工業株式会社,兵庫県,姫路市,豊富町神谷１２９番地３,6792121
8140001089920,株式会社ＫＵＲＯＤＡ,兵庫県,姫路市,大津区西土井２７８番地８,6711141
8140001089929,株式会社神戸電設姫路,兵庫県,姫路市,飾東町庄６０３番地６,6710218
8140001090184,株式会社スタープラチナ・キャピタル・マネジメント,兵庫県,姫路市,南駅前町１８番地,6700962
8140001090250,ＵＩトランスポート株式会社,兵庫県,姫路市,花田町加納原田８５番地５,6710252
8140001090283,株式会社重伸サービス,兵庫県,姫路市,網干区北新在家２０２番地,6711235
8140001090366,株式会社イサカ,兵庫県,姫路市,兼田字石田４２０番地１,6728001
8140001090424,株式会社ビーライズ,兵庫県,姫路市,砥堀８６番地１,6700802
8140001090440,株式会社ｉＴＭ京極,兵庫県,姫路市,白浜町甲２１０番地４,6728023
8140001090572,株式会社キャッスルホーム,兵庫県,姫路市,飾東町豊国１５番地５,6710219
8140001090597,株式会社ナルキ,兵庫県,姫路市,東山３３２番地６,6728014
8140001090655,株式会社Ｍ＆Ｓコーポレーション,兵庫県,姫路市,飾磨区恵美酒２７０,6728057
8140001090671,株式会社防災ワークス,兵庫県,姫路市,三条町２丁目２３番地,6728041
8140001090696,エッジトレーディング株式会社,兵庫県,姫路市,広畑区東新町２丁目１４番地,6711121
8140001090754,ＳＥテック株式会社,兵庫県,姫路市,南条４１３番地,6700952
8140001090795,株式会社Ｊテック,兵庫県,姫路市,宮西町２丁目２−２,6700837
8140001090911,株式会社ナチュラルライフ,兵庫県,姫路市,白浜町宇佐崎北２丁目１７３番地,6728013
8140001090944,株式会社的形設備工業,兵庫県,姫路市,的形町的形１７５８番地３７,6710111
8140001091232,株式会社カラーハウス,兵庫県,姫路市,飾西７４１番地１００,6712216
8140001091281,株式会社キッシンカロセリー,兵庫県,姫路市,花田町加納原田３９６番地３,6710252
8140001091397,株式会社プログレス,兵庫県,姫路市,元町７５番地１１元町東ビル３０７,6700049
8140001091406,株式会社タイガーテックス,兵庫県,姫路市,四郷町東阿保１２１１番地の１,6710247
8140001091463,株式会社吉田マリーン,兵庫県,姫路市,亀山３９１番地,6700973
8140001091554,播州防水塗装株式会社,兵庫県,姫路市,広畑区才１２９番地１,6711104
8140001091562,株式会社百太郎,兵庫県,姫路市,北条梅原町１２７番地３,6700945
8140001091760,三和保険総合ネットサービス株式会社,兵庫県,姫路市,東辻井２丁目１番５号,6700084
8140001092230,株式会社來和実,兵庫県,姫路市,北条口２丁目１２番地,6700935
8140001092255,サンキ株式会社,兵庫県,姫路市,飾磨区構４丁目１６番地ロイヤルシャトー手柄南５０７,6728071
8140001092338,藤本工業株式会社,兵庫県,姫路市,飾磨区阿成植木６２１番地３,6728030
8140001092503,株式会社藤井設備,兵庫県,姫路市,苫編南２丁目３５５番地３,6700987
8140001092899,グランフィー株式会社,兵庫県,姫路市,山吹２丁目１２番４０号,6700085
8140001092973,御蔭金属株式会社,兵庫県,姫路市,豊富町御蔭１４７０番地,6792122
8140001093030,ゆい・まぁる株式会社,兵庫県,姫路市,阿保甲６７１番地１,6700944
8140001093055,株式会社Ｙ’ｓテック,兵庫県,姫路市,広畑区正門通２丁目８−１０,6711116
8140001093063,株式会社Ｇｒｅｅｎ,兵庫県,姫路市,東延末３丁目５６番地３１７,6700965
8140001093105,株式会社Ｌｅａｄ,兵庫県,姫路市,名古山町８番２８号リバーオーク１０２,6700051
8140001093204,株式会社やわらぎ,兵庫県,姫路市,的形町的形１３６９番地３,6710111
8140001093253,株式会社サンレフ,兵庫県,姫路市,飾磨区加茂１９８番地１ネオハイツ姫路８０７号室,6728074
8140001093278,株式会社彩智,兵庫県,姫路市,花田町小川５５番地３,6710255
8140001093377,株式会社大勝,兵庫県,姫路市,四郷町東阿保６０９番地１,6710247
8140001093708,株式会社フクナガ,兵庫県,姫路市,船津町５２７９番地３７,6792101
8140001093765,株式会社えんどう,兵庫県,姫路市,六角６８−１,6712242
8140001093947,株式会社キレイニ,兵庫県,姫路市,飾磨区須加２番地,6728063
8140001094301,株式会社ベルイストワール,兵庫県,姫路市,飾東町豊国６３６番地,6710219
8140001094350,エーワイ工業株式会社,兵庫県,姫路市,飾磨区英賀東町１丁目５３番地７,6728087
8140001094466,株式会社三共建設,兵庫県,姫路市,飾磨区中島１７６９番地,6728035
8140001094664,株式会社エルエステート,兵庫県,姫路市,広畑区正門通２丁目１０番地,6711116
8140001094697,住本商事株式会社,兵庫県,姫路市,広畑区末広町３丁目１５１８番地,6711115
8140001094771,株式会社神姫タクシー姫路,兵庫県,姫路市,保城字大岩ノ下３３８番地の１,6700804
8140001095084,株式会社律栄,兵庫県,姫路市,四郷町本郷３１４番地,6710243
8140001095126,賃貸管理サポート株式会社,兵庫県,姫路市,城北新町１丁目２番１１号,6700883
8140001095373,株式会社ワイドレンジ,兵庫県,姫路市,安田４丁目３１−１５,6700955
8140001095480,株式会社Ｇｌａｍ,兵庫県,姫路市,広畑区西夢前台４丁目１１４番地,6711103
8140001095563,株式会社花谷工業,兵庫県,姫路市,城北新町１丁目１１番３１号,6700883
8140001095646,株式会社ヒメユキシステム,兵庫県,姫路市,別所町小林１６２番地の１,6710222
8140001095852,ＢＡＮＫ　ＯＦ　ＦＯＯＤＳ株式会社,兵庫県,姫路市,神子岡前２丁目１−２,6700055
8140001095860,株式会社真晴,兵庫県,姫路市,坂田町９０番地,6700931
8140001095919,株式会社金澤鉄工,兵庫県,姫路市,広畑区才２７７番地１０,6711104
8140001096181,株式会社ＴＡＴＳＵＫＡＷＡ,兵庫県,姫路市,神屋町５丁目１０番地,6700836
8140001096611,株式会社エーアールジー,兵庫県,姫路市,東雲町２丁目１３番地３,6700046
8140001096859,株式会社ＪＴ‐ｓｅｎｉｏｒ,兵庫県,姫路市,香寺町田野１０１７番地４５,6792153
8140001096917,クリーン薬局株式会社,兵庫県,姫路市,白銀町３７番地,6700902
8140001096941,大翔土地建物管理株式会社,兵庫県,姫路市,土山東の町１３番６号,6700995
8140001096974,エスアイアート株式会社,兵庫県,姫路市,飾磨区玉地１丁目３１番地西崎ハイツ１０１号,6728052
8140001097031,株式会社フミヤ,兵庫県,姫路市,紺屋町５８番地,6700924
8140001097205,株式会社Ｌｅｆｔ,兵庫県,姫路市,飾磨区中野田４丁目７番地５２,6728045
8140001097238,株式会社日榮,兵庫県,姫路市,西新在家１丁目５番２６号,6700096
8140001097279,株式会社パワードリーム,兵庫県,姫路市,白国１丁目１番１８号,6700808
8140001097485,Ｊｕｎウェルチェア株式会社,兵庫県,姫路市,辻井８丁目２番４０号,6700083
8140001097584,アクティブ株式会社,兵庫県,姫路市,南八代町１−９−５０１,6700875
8140001097634,株式会社フロリアン・ジャパン,兵庫県,姫路市,御国野町深志野３００番地,6710231
8140001097700,株式会社ＫＡＴＳＵ　ＡＲＴ−ＷＯＲＫＳ,兵庫県,姫路市,飾磨区矢倉町２丁目８番地,6728093
8140001097865,株式会社花もん屋,兵庫県,姫路市,書写６５４番地１,6712201
8140001097915,株式会社福島土木,兵庫県,姫路市,林田町下構９８番地,6794202
8140001098161,株式会社三星興産,兵庫県,姫路市,南今宿８番３０号（７０４）,6700054
8140001098319,株式会社ヤマサキテック,兵庫県,姫路市,玉手１丁目１０７番地,6700985
8140001098327,株式会社大和物産,兵庫県,姫路市,実法寺３４０番地１,6712244
8140001098698,株式会社関西工業,兵庫県,姫路市,北今宿１丁目７番２６号,6700057
8140001098806,木村工業株式会社,兵庫県,姫路市,広畑区西蒲田１５５５番地,6711107
8140001098847,株式会社ライジング,兵庫県,姫路市,三条町１丁目２７番地,6700953
8140001098863,株式会社ハーベスト,兵庫県,姫路市,網干区新在家１２６１番地の１２,6711234
8140001098921,株式会社ＭＩＲＡＩＳＥプランニング,兵庫県,姫路市,土山７丁目７番１５号,6700996
8140001098995,株式会社秋田商店,兵庫県,姫路市,飾磨区中島２９６番地１,6728035
8140001099036,クリエイティブワークス株式会社,兵庫県,姫路市,青山西２丁目１１番１３−１１４号,6712224
8140001099184,株式会社白樺訪問看護ステーション,兵庫県,姫路市,伊伝居４４４番地１,6700871
8140001099548,株式会社ハブファン,兵庫県,姫路市,白銀町７９番地３Ｆ,6700902
8140001099564,株式会社アトリエフリーダム,兵庫県,姫路市,大津区平松３９番地１０,6711145
8140001099721,株式会社ザナテック,兵庫県,姫路市,安田４丁目３３番９号,6700955
8140001099829,株式会社Ｙ’ｓＴＥＣｃｏｒｐｏｒａｔｉｏｎ,兵庫県,姫路市,香寺町中仁野４６８番地１０,6792143
8140001099911,株式会社ＳＡＭ,兵庫県,姫路市,四郷町見野９９０番地,6710244
8140001099969,株式会社池田総建,兵庫県,姫路市,白浜町甲４０２番１１６,6728023
8140001100109,株式会社Ｔ−ＳＴＹＬＥ,兵庫県,姫路市,四郷町上鈴９８番地２,6710241
8140001100133,株式会社志幸開発,兵庫県,姫路市,野里２５番地６,6700811
8140001100240,株式会社ユーテック,兵庫県,姫路市,広畑区西夢前台７丁目１６１番地,6711103
8140001100281,Ａｎｓｗｅｒ株式会社,兵庫県,姫路市,御立西２丁目６番２２号,6700074
8140001100430,株式会社プロ酒場,兵庫県,姫路市,駅前町３０１番地,6700927
8140001100463,株式会社美和ハウス,兵庫県,姫路市,飾磨区中島３丁目１５１番地,6728035
8140001100554,株式会社ＮＹｄ,兵庫県,姫路市,飾磨区構５丁目７４番地１,6728071
8140001100678,株式会社ＨＩＲＯＯＫＡ　ＦＯＯＤ　ＭＡＲＫＥＴ,兵庫県,姫路市,忍町１６７番地,6700917
8140001100728,高橋産業株式会社,兵庫県,姫路市,花田町加納原田７９１番地１,6710252
8140001100736,ＡＳハリマアルビオン株式会社,兵庫県,姫路市,南今宿８番２８号,6700054
8140001100884,本田金属株式会社,兵庫県,姫路市,広畑区長町１丁目８０番地３武本ビル２Ｆ,6711125
8140001100967,株式会社三栄電機,兵庫県,姫路市,保城９４３番地４,6700804
8140001101180,近畿ライフサポート株式会社,兵庫県,姫路市,北条口３丁目４４番地１ワコーレ姫路城巽テラス１２０３,6700935
8140001101214,株式会社リノライフ,兵庫県,姫路市,安田４丁目３３−１,6700955
8140001101321,株式会社マエダ,兵庫県,姫路市,白浜町寺家２丁目４−２,6728012
8140001101338,株式会社クローバー,兵庫県,姫路市,飾磨区構２丁目４７番地エ・パ・スウィール１０２号,6728071
8140001101404,株式会社平沼工業,兵庫県,姫路市,飾磨区英賀清水町３丁目９２番地,6728084
8140001101437,株式会社丸蔵,兵庫県,姫路市,玉手４丁目７４番地,6700985
8140001102014,株式会社サガヤマ,兵庫県,姫路市,夢前町寺１１番地４,6712116
8140001102162,エスダクト株式会社,兵庫県,姫路市,佃町６２番地Ａ３０１,6728049
8140001102170,株式会社ＦＯＨＡＮＡ,兵庫県,姫路市,飾磨区中島１０３９番地,6728035
8140001102369,株式会社上村ダクト,兵庫県,姫路市,飾磨区加茂１８８番地１２,6728074
8140001102377,株式会社Ｆｕｕ,兵庫県,姫路市,飾磨区加茂２９３番地３,6728074
8140001102559,株式会社ケーズサポート,兵庫県,姫路市,青山南４丁目９番２１号,6712223
8140001102600,株式会社北勝,兵庫県,姫路市,白浜町甲２０８０番地５,6728023
8140001102633,株式会社整理整頓,兵庫県,姫路市,飾磨区恵美酒２１３錦ビル,6728057
8140001102699,株式会社関西テック,兵庫県,姫路市,網干区興浜１１４９番地５,6711241
8140001102749,株式会社ＬＩＢＥＲＴＹ,兵庫県,姫路市,塩町５５番地,6700904
8140001102963,株式会社Ｆ．Ｅ,兵庫県,姫路市,白国４丁目１４番１０号,6700808
8140001102971,株式会社ケイズネット,兵庫県,姫路市,広畑区東新町１丁目３２番地,6711121
8140001103342,株式会社ＨＡＫＵＲＯ,兵庫県,姫路市,白銀町８６番地,6700902
8140001103474,株式会社Ｗトラスト,兵庫県,姫路市,安富町安志１２１０番地２,6712401
8140001103755,株式会社清水旅館,兵庫県,姫路市,広畑区清水町１丁目２１番地,6711113
8140001103887,株式会社リトルバレー,兵庫県,姫路市,勝原区宮田６０８番地,6711213
8140001103929,株式会社ＫＤＩ,兵庫県,姫路市,四郷町本郷３０１番１号,6710243
8140001103953,株式会社井寄不動産,兵庫県,姫路市,安田４丁目６４番地,6700955
8140001104068,株式会社斉藤築炉,兵庫県,姫路市,川西５番地６,6712212
8140001104613,株式会社セベス,兵庫県,姫路市,飾磨区構３丁目４９番地,6728071
8140001104753,ＩＭＫ株式会社,兵庫県,姫路市,木場前中町７８番地,6728018
8140001104877,タニダ創建株式会社,兵庫県,姫路市,豊富町御蔭３３５３番地２７,6792122
8140001104976,株式会社ピュアランド,兵庫県,姫路市,中地南町９８番地１,6700975
8140001105165,株式会社暖真建設,兵庫県,姫路市,広畑区蒲田５丁目７１番地,6711102
8140001105470,株式会社ＳＡＮＰＯＵ,兵庫県,姫路市,東辻井３丁目３番１８号,6700084
8140001105660,株式会社愛ハート,兵庫県,姫路市,飾磨区亀山１１９番地,6728047
8140001105669,株式会社ブラーボデザイン,兵庫県,姫路市,東山５２４番地,6728014
8140001105693,株式会社ダイネンマテリアル,兵庫県,姫路市,飾磨区中島２９８５番地１９,6728035
8140001105751,株式会社セーフティ・ファースト,兵庫県,姫路市,藤ケ台９番１３号,6700066
8140001105768,株式会社オーエヌ・コーポレーション,兵庫県,姫路市,南条４２５番地ＢＳＳ南条ビル１階,6700952
8140001105784,株式会社ｆｕ‐ｋａ,兵庫県,姫路市,別所町佐土３丁目１２２番地,6710224
8140001105859,株式会社ヒューマンアレンジ,兵庫県,姫路市,城東町野田１番地１２,6700844
8140001105999,株式会社山三コーポレーション,兵庫県,姫路市,立町４６番地イノヤビル２Ｆ,6700903
8140001106048,株式会社ニシキビル,兵庫県,姫路市,飾磨区堀川町２１番地,6728025
8140001106279,みそらフィールサプライ株式会社,兵庫県,姫路市,保城２０８番地４,6700804
8140001106411,株式会社アトリエクーズ,兵庫県,姫路市,豊沢町２２７番地２Ｆ,6700964
8140001106428,株式会社さくら,兵庫県,姫路市,余部区下余部３４８番地７,6711261
8140001106436,ライジング株式会社,兵庫県,姫路市,書写２３１１番地８,6712201
8140001106601,株式会社インターリンク,兵庫県,姫路市,東山６７番地５,6728014
8140001106618,株式会社姫路コアラ,兵庫県,姫路市,田寺１丁目９番５号舞ハウス１０１,6700086
8140001106733,Ｓフロンティア株式会社,兵庫県,姫路市,飾磨区三宅１丁目７０番地１,6728048
8140001106832,林鉄工株式会社,兵庫県,姫路市,広畑区吾妻町２丁目３７番地２,6711154
8140001106972,株式会社新井組,兵庫県,姫路市,上手野２９番地２,6700065
8140001107079,株式会社光進,兵庫県,姫路市,青山３丁目３番１号,6712222
8140001107137,株式会社岩松,兵庫県,姫路市,飾磨区英賀春日町１丁目７番２号,6728092
8140001107145,株式会社ＮＭＴ,兵庫県,姫路市,東延末２丁目１１４番地サクラメント姫路駅南１１０３,6700965
8140001107203,因幡給食株式会社,兵庫県,姫路市,御国野町御着１２８番地,6710232
8140001107244,株式会社ＫＯ企画,兵庫県,姫路市,飾磨区野田町１６４番地第１８９川辺ビル,6728040
8140001107392,株式会社ＣＰＳ,兵庫県,姫路市,市川台３丁目１４番地１５,6700822
8140001107418,株式会社はりま,兵庫県,姫路市,東郷町１４４９−７,6700821
8140001107616,株式会社ＫＩＭＵＲＡ,兵庫県,姫路市,町坪５６６番地２,6700984
8140001107764,株式会社ベネフィット,兵庫県,姫路市,南町７６番地姫路城陽ビル５階,6700912
8140001108044,建築工房もりさき株式会社,兵庫県,姫路市,安富町安志６００番地１２５,6712401
8140001108176,樋口板金株式会社,兵庫県,姫路市,安田４丁目５３番地２１湯浅ビル１Ｆ,6700955
8140001108234,株式会社桂鋼産,兵庫県,姫路市,忍町２０６番地,6700917
8140001108424,株式会社優翔,兵庫県,姫路市,網干区垣内南町２１６６番地,6711255
8140001108721,株式会社Ｒｏｏｍ,兵庫県,姫路市,別所町別所５丁目９０番２,6710221
8140001108754,株式会社岡田工務店,兵庫県,姫路市,家島町坊勢１８２番地６,6720103
8140001108795,株式会社後藤工業,兵庫県,姫路市,書写１０２３番地１４,6712201
8140001108837,株式会社メイト自動車商会,兵庫県,姫路市,砥堀４０３番地,6700802
8140001108894,株式会社山容,兵庫県,姫路市,博労町４８番地ＯＮＥＬＩＧＨＴ２０１,6700906
8140001109042,株式会社シティトレジャー１,兵庫県,姫路市,南条１丁目９７番地,6700952
8140001109208,ＨＫＴ株式会社,兵庫県,姫路市,四郷町坂元１８８番地,6710246
8140001109273,株式会社ｄｏｏｒ,兵庫県,姫路市,兼田５４１,6728001
8140001109463,株式会社えん家,兵庫県,姫路市,幸町１４０番地,6700835
8140001109694,株式会社Ｇａｒｄｅｎ　ｈｏｕｓｅ,兵庫県,姫路市,御国野町深志野１２１４番地,6710231
8140001109810,株式会社アビィーホーム,兵庫県,姫路市,栗山町１１１番地２,6700954
8140001110165,株式会社ティーアール,兵庫県,姫路市,下手野３丁目１３番１号,6700063
8140001110207,ライフワークデザイン株式会社,兵庫県,姫路市,広畑区西夢前台４丁目２３６番地,6711103
8140001110264,株式会社ＳＴＡＲ,兵庫県,姫路市,城北本町１１番２０号,6700884
8140001110421,株式会社八犬,兵庫県,姫路市,苫編３０４番地,6700986
8140001110438,株式会社日本科学エンジニアリング,兵庫県,姫路市,六角５４３−３,6712242
8140001110578,ＴＬＣリース株式会社,兵庫県,姫路市,夢前町前之庄８１０番地１７６,6712103
8140001110719,株式会社コネクト,兵庫県,姫路市,夢前町置本４０６番地１７,6712122
8140001110792,上田電工株式会社,兵庫県,姫路市,安富町安志１０６０番地,6712401
8140001110875,株式会社真結美工業,兵庫県,姫路市,余部区上川原３７番地３７,6711263
8140001110933,株式会社アオゾラリード,兵庫県,姫路市,東延末１丁目４東亜ビル２Ｆ,6700965
8140001111221,燃料配送サービス株式会社,兵庫県,姫路市,飯田７９５番地,6700974
8140001111634,株式会社山塗,兵庫県,姫路市,飾磨区上野田２丁目５番地２,6728043
8140001111659,明融産業株式会社,兵庫県,姫路市,花田町高木３１９番地,6710256
8140001111691,株式会社ＦＬＡＰ,兵庫県,姫路市,香寺町田野１３０６−３,6792153
8140001111766,ゆう株式会社,兵庫県,姫路市,岡田２４６−１,6700982
8140001111832,株式会社ルミライズ・ファーマ,兵庫県,姫路市,白銀町４１番地,6700902
8140001111972,株式会社ＤｅｎＤｅｎ,兵庫県,姫路市,白鳥台３丁目２４番１９号,6712245
8140001111989,株式会社Ｂｒｅｔｈ,兵庫県,姫路市,玉手４丁目１２,6700985
8140001112087,株式会社Ｎｏｗ　Ｐｌｕｓ,兵庫県,姫路市,青山西５丁目１番２１号,6712224
8140001112129,株式会社Ｒ’ｓ,兵庫県,姫路市,飾東町北山４６７番地,6710212
8140001112145,株式会社エスアール,兵庫県,姫路市,北条口２丁目１８番地宮本ビル５階,6700935
8140001112153,株式会社ＡＣＥ　ＦＯＲＭ,兵庫県,姫路市,下手野２丁目４−３,6700063
8140001112161,株式会社ＷＴＣ,兵庫県,姫路市,駅前町２４１番地フェスタビル北館６階,6700927
8140001112186,株式会社サスティナＣ,兵庫県,姫路市,御国野町国分寺１３９番地５,6710234
8140001112293,株式会社エイアールケイ,兵庫県,姫路市,勝原区大谷３５６番地６,6711205
8140001112351,株式会社荒池建築工芸,兵庫県,姫路市,野里慶雲寺前町３番３号,6700813
8140001112806,株式会社ＥＮＤＡＩ,兵庫県,姫路市,安田２丁目７５番地西浦ビル３Ｆ−２,6700955
8140001112970,リライアンス株式会社,兵庫県,姫路市,飾磨区今在家７丁目１５番地６,6728079
8140001113093,株式会社ひめりん,兵庫県,姫路市,本町６８番地,6700012
8140001113127,真紀商事株式会社,兵庫県,姫路市,御立西３丁目１１番２２号,6700074
8140001113168,株式会社添田電工,兵庫県,姫路市,別所町小林１０７番地８,6710222
8140001113192,金寛工業株式会社,兵庫県,姫路市,広畑区長町２丁目６６番地１,6711125
8140001113523,株式会社ライフエンカレッジ,兵庫県,姫路市,西今宿６丁目２番２２−３０９号,6700061
8140001113580,株式会社輝工業,兵庫県,姫路市,網干区北新在家７８番２,6711235
8140001113614,株式会社トランキムケーティーケー,兵庫県,姫路市,宮上町１丁目１６６番地１,6700823
8140001113655,株式会社令和建設,兵庫県,姫路市,東雲町５丁目１３−１−３０２,6700046
8140001113663,株式会社伊賀工業,兵庫県,姫路市,勝原区宮田７２５番地２９,6711213
8140001113696,株式会社泰然,兵庫県,姫路市,広畑区鶴町１丁目１２番地,6711124
8140001114083,株式会社ヘリテージ,兵庫県,姫路市,福中町５１番地,6700017
8140001114141,株式会社ＧＪエステート,兵庫県,姫路市,三条町１丁目４３番地１,6700953
8140001114166,株式会社ｔｒｕｓｔ　ｗｏｒｋ,兵庫県,姫路市,庄田５８番地２,6700951
8140001114182,ＴＫひめじ株式会社,兵庫県,姫路市,佃町７番地,6728049
8140001114232,株式会社Ｓｕｐｅｒ４,兵庫県,姫路市,立町２９番地１濱田ビル,6700903
8140001114389,株式会社ＥＤＧＥ,兵庫県,姫路市,西八代町１１番２３−４０４号,6700876
8140001114397,株式会社真意,兵庫県,姫路市,町坪３９３番地１,6700984
8140001114471,エムダイヤ株式会社,兵庫県,姫路市,別所町別所３丁目７９番地,6710221
8140001114488,株式会社Ｙ・Ｔ　Ｔｒｕｓｔ,兵庫県,姫路市,書写２３２８番地８,6712201
8140001114521,株式会社ＧＭＣ,兵庫県,姫路市,北条宮の町３４２番地,6700948
8140001114629,株式会社サンケ,兵庫県,姫路市,魚町４９番地ＨＷビル２・３階,6700905
8140001114851,北條総合建築株式会社,兵庫県,姫路市,広畑区才４７０番地１１,6711104
8140001114876,株式会社ケイエムテック,兵庫県,姫路市,花田町上原田１１６番地１２,6710251
8140001114884,株式会社ウォーターリンクス,兵庫県,姫路市,阿保甲８７８番地,6700944
8140001114950,株式会社Ｒ,兵庫県,姫路市,庄田９５番地１,6700951
8140001115065,株式会社ケンソーメンテナンス,兵庫県,姫路市,野里５０９番地７,6700811
8140001115156,株式会社Ｍ’ｓＡＣ,兵庫県,姫路市,東延末２丁目２４番地ア−クビル２Ｆ,6700965
8140001115189,株式会社サカタカーシステム,兵庫県,姫路市,御立中６丁目１番２３号,6700073
8140001115247,西森モータース株式会社,兵庫県,姫路市,網干区垣内西町１９８４番地５,6711256
8140001115362,株式会社ＴＭＢＯ,兵庫県,姫路市,北条１丁目２２７番地７,6700947
8140001115379,アンドクロス株式会社,兵庫県,姫路市,西庄２１番地５,6700981
8140001115734,株式会社イニッツィオケイ,兵庫県,姫路市,飾磨区上野田５丁目２０１番地,6728043
8140001115742,株式会社ＷＯＦ,兵庫県,姫路市,砥堀１１６１番地５,6700802
8140001115767,株式会社六甲冷熱,兵庫県,姫路市,白浜町甲２１０番地３,6728023
8140001115791,株式会社成徳ＢＩＦＲＯＳＴ,兵庫県,姫路市,網干区新在家１３８５番地２４,6711234
8140001115940,ユーワ不動産株式会社,兵庫県,姫路市,飾磨区妻鹿１０１７番地１１,6728031
8140001116187,株式会社クオリア,兵庫県,姫路市,南畝町２丁目３１番地,6700961
8140001116204,ＲＫクリエイト株式会社,兵庫県,姫路市,広峰２丁目１−８,6700882
8140001116245,ウエルス通商株式会社,兵庫県,姫路市,網干区津市場５−３,6711224
8140001116253,株式会社ＤＥＣ,兵庫県,姫路市,仁豊野６０７番地１,6700801
8140001116402,株式会社トラスト,兵庫県,姫路市,野里２９４番地１,6700811
8140001116443,株式会社アスナ開発,兵庫県,姫路市,亀山１丁目８７番地,6700973
8140001116484,株式会社ケアサービス神姫,兵庫県,姫路市,青山１丁目３５番５号,6712222
8140001116757,株式会社Ａｒｒｏｚ−Ｔｅｃ,兵庫県,姫路市,東今宿１丁目１番１０号,6700056
8140001116807,ニシカワ管工株式会社,兵庫県,姫路市,飾磨区上野田３丁目１３３番地,6728043
8140001116889,株式会社ｕｌｕ−ｍａｎａ,兵庫県,姫路市,余部区下余部５３４番地,6711261
8140001117004,株式会社ＫＢＳ,兵庫県,姫路市,四郷町見野９９２番地１３,6710244
8140001117045,株式会社フォアクリエイト,兵庫県,姫路市,広畑区西蒲田８４１番地,6711107
8140001117078,琳派株式会社,兵庫県,姫路市,船丘町２９０−３船丘ビル２０１号,6700034
8140001117243,株式会社Ｙ’ｓ　Ｄｅｓｉｇｎ,兵庫県,姫路市,夢前町前之庄１２３５番地６,6712103
8140001117350,ネクストステージ株式会社,兵庫県,姫路市,夢前町護持４８番地２,6712136
8140001117689,株式会社零和,兵庫県,姫路市,城北新町１丁目５番３８号,6700883
8140001117929,姫路潜水工業株式会社,兵庫県,姫路市,飾磨区構１０３１番地１２,6728071
8140001118332,株式会社ナインデザイン,兵庫県,姫路市,飾磨区妻鹿３３９番地,6728031
8140001118365,株式会社ＤＲＭ,兵庫県,姫路市,東雲町３丁目８番地,6700046
8140001118398,株式会社桜電工,兵庫県,姫路市,四郷町東阿保３６６,6710247
8140001118539,株式会社Ｓｔｅｌｌａ．,兵庫県,姫路市,飾磨区城南町１丁目７０番地の１クリーンピア英賀保１０１号,6728083
8140001118621,株式会社晃成,兵庫県,姫路市,国府寺町１８−２０１号,6700852
8140001118654,株式会社福嶋興業,兵庫県,姫路市,保城３番地１,6700804
8140001118687,株式会社オールズ,兵庫県,姫路市,広畑区高浜町３丁目８８−１,6711153
8140001118729,株式会社ＦＵＴＵＲＥ,兵庫県,姫路市,花田町小川７５６番地１,6710255
8140001118877,株式会社クリエイションもりた,兵庫県,姫路市,花田町加納原田７４８番地１０,6710252
8140001118943,株式会社ｎｅｏ　ｉｎｎｏＶａｔｏｒ,兵庫県,姫路市,飾東町庄２３４番地６,6710218
8140001119009,株式会社ＴＥ・ＷＯＲＫＳ,兵庫県,姫路市,夢前町寺２３７０番地２７,6712116
8140001119264,株式会社ネオリンクス,兵庫県,姫路市,仁豊野９４３番地２０９,6700801
8140001119413,株式会社イチミヤ,兵庫県,姫路市,豊富町御蔭１４９０番地,6792122
8140001119446,株式会社ＫＡＩＥＭ,兵庫県,姫路市,三条町１丁目７１番地,6700953
8140001119529,株式会社エンブリッジ,兵庫県,姫路市,飾磨区上野田２丁目５６番地,6728043
8140001119594,株式会社ＫＥＹＲＯＮ,兵庫県,姫路市,石倉字採石場,6712231
8140001119685,株式会社親和エステート,兵庫県,姫路市,亀山２丁目５９番地,6700973
8140001119801,ソノサキニン株式会社,兵庫県,姫路市,別所町別所１６７１番地７,6710221
8140001119867,船場不動産株式会社,兵庫県,姫路市,南車崎２丁目７番４−１０２号,6700053
8140001119875,株式会社楠田技建,兵庫県,姫路市,阿保甲４２９番地１,6700944
8140001119933,株式会社Ｈａｒｕｈｉｔｏ,兵庫県,姫路市,田寺３丁目１０番３号,6700086
8140001120098,株式会社ＫＡＩテック,兵庫県,姫路市,東辻井２丁目８番４５号山田ビル２０６号室,6700084
8140001120131,株式会社ヨコタ・ライス,兵庫県,姫路市,神子岡前２丁目５番１１号,6700055
8140001120271,株式会社ヤマシタ海運,兵庫県,姫路市,千代田町７４０番地２姫路西スカイハイツ６０３,6700993
8140001120305,株式会社ＲＩＳＩＮＧ,兵庫県,姫路市,城東町京口台７４番地京口駅前ビル３０３号室,6700845
8140001120569,ＡＲＢ株式会社,兵庫県,姫路市,片田町９番地ミツヤビルＩＩ２−２,6700045
8140001120767,株式会社和田産業,兵庫県,姫路市,花田町高木４３番地１,6710256
8140001120817,株式会社バースディ,兵庫県,姫路市,花田町小川８３０番地１,6710255
8140001120908,株式会社結輪,兵庫県,姫路市,北条口３丁目４１番地ＴＫＤ北条口５０１号,6700935
8140001121055,株式会社ＬＡＧＦ,兵庫県,姫路市,四郷町東阿保５０７番地１４９,6710247
8140001121154,金山株式会社,兵庫県,姫路市,十二所前町１１４番地ル・ポール十二所前町３０１号,6700911
8140001121162,株式会社みなとビル管理,兵庫県,姫路市,余部区下余部３３２番地５,6711261
8140001121328,株式会社Ｔ−ＷＥＳＴ,兵庫県,姫路市,飾磨区西浜町３丁目８９番地２,6728086
8140001121625,株式会社ｋｅｙ,兵庫県,姫路市,豊富町神谷３１０８番地４,6792121
8140001121658,株式会社ＢＲＩＧＨＴ,兵庫県,姫路市,庄田１３９番地,6700951
8140001121690,株式会社カリス,兵庫県,姫路市,安田４丁目８８番地姫路新興ビル４０１号,6700955
8140001121724,株式会社ＨＲＴ,兵庫県,姫路市,西庄甲３１０番地１０,6700981
8140001121765,株式会社ＡＳＥＬＳＩＡ,兵庫県,姫路市,東今宿１丁目５番１１号,6700056
8140001121781,株式会社ＳＤＢ,兵庫県,姫路市,飯田７６６番地４,6700974
8140001121831,株式会社ＢＡＬＡＮＣＥＤＥＳＩＧＮ,兵庫県,姫路市,広畑区鶴町１丁目１０番地２,6711124
8140001121880,株式会社西良建設,兵庫県,姫路市,白国４丁目１１番３３号,6700808
8140001122094,株式会社天馬トラベル,兵庫県,姫路市,大津区天満３５３番地３,6711143
8140001122103,事務所織田株式会社,兵庫県,姫路市,広畑区北野町２丁目１番地ロワイヤル京見橋２０２,6711112
8140001122128,株式会社Ｎｅｗｅｌｌ,兵庫県,姫路市,延末１丁目１３,6700966
8140001122383,株式会社ｍｅｒｃ．,兵庫県,姫路市,神屋町３丁目２８番地ＹＳビル１０２号,6700836
8140001122607,株式会社フォーベル,兵庫県,姫路市,広畑区東新町１丁目４０日曜大工センタービル２Ｆ,6711121
8140001122763,株式会社ＺＡＩＭＯＫＵ−ＹＡ,兵庫県,姫路市,土山５丁目３番３３号,6700996
8140001122854,株式会社リライズ,兵庫県,姫路市,飾磨区須加４１番地４,6728063
8140001123233,梅澤工業株式会社,兵庫県,姫路市,網干区大江島９９−１,6711231
8140001123282,ガーデンテクノ株式会社,兵庫県,姫路市,飾磨区中島１丁目１３３番地,6728035
8140001123290,株式会社ヤマト防水工業,兵庫県,姫路市,八家１３２５番地,6728015
8140001123316,株式会社シリウスオートパーツ,兵庫県,姫路市,大津区恵美酒町２丁目２４番地３,6711136
8140001123398,株式会社タオパラダイム,兵庫県,姫路市,西今宿１丁目６番１４号,6700061
8140001123456,新開大建設株式会社,兵庫県,姫路市,大津区天満３９９番地１,6711143
8140001123571,株式会社ニシムラ,兵庫県,姫路市,飾磨区構５丁目１６３番地５,6728071
8140001123753,株式会社Ｋａｒｅｉｎａ,兵庫県,姫路市,久保町８０番地,6700916
8140001123836,Ｒファクトリー株式会社,兵庫県,姫路市,船津町１７５６番地,6792101
8140001123844,株式会社見守りサポート,兵庫県,姫路市,安田４丁目６３番地,6700955
8140001124017,株式会社万葉舎,兵庫県,姫路市,本町１２７番地大手前ダイネンＢＬＤ．ＩＩ３階,6700012
8140001124074,株式会社伊藤,兵庫県,姫路市,北条宮の町２５８番地キノシタビル４０２,6700948
8140001124181,株式会社ハマダグループ,兵庫県,姫路市,網干区新在家１２６１番地の１２,6711234
8140001124248,株式会社アルル,兵庫県,姫路市,飾磨区中浜町２丁目１５番地,6728085
8140001124388,株式会社ＡＰＯＬＬＯ,兵庫県,姫路市,飾磨区妻鹿１８２６番地,6728031
8140001124396,株式会社山本塗装,兵庫県,姫路市,書写２６９０−１,6712201
8140001124446,株式会社Ｋ’ｓ．ＣＲＡＦＴ,兵庫県,姫路市,北条梅原町１４６番地４,6700945
8140001124594,株式会社ディアマンテ,兵庫県,姫路市,飾磨区清水１２２番地,6728051
8140001124710,株式会社アミユズ,兵庫県,姫路市,飾磨区都倉１丁目３７番地,6728046
8140001124719,プロビュートジャパン株式会社,兵庫県,姫路市,北条宮の町３８５番地永井ビル３階,6700948
8140001124900,リアルコネクト株式会社,兵庫県,姫路市,南今宿５番３号八木ビルＩＩ３０７号室,6700054
8140001124958,株式会社小西設計事務所,兵庫県,姫路市,勝原区宮田７番地４,6711213
8140001124966,株式会社榮,兵庫県,姫路市,東駅前町１００番地姫路ザ．レジデンス１５０６号,6700926
8140001125097,株式会社竜門建設,兵庫県,姫路市,八家１２９０−１,6728015
8140001125543,株式会社ＦＣ・プラン,兵庫県,姫路市,飾磨区栄町７番地２Ｆ,6728053
8140001125618,株式会社ＹＵ‐ＰＲＯＤＵＣＴ,兵庫県,姫路市,保城４２４番地２,6700804
8140001125634,ＤＡＩＡ株式会社,兵庫県,姫路市,北条１丁目２６６番地４ポレスター北条７０１号,6700947
8140001125824,株式会社ＭＩＲＡＩＥ,兵庫県,姫路市,広畑区西夢前台５丁目２９４番地,6711103
8140001126236,株式会社田中自動車整備,兵庫県,姫路市,広畑区正門通１丁目５番地３,6711116
8140001126319,株式会社中塚水設,兵庫県,姫路市,下手野６丁目７番３−４号,6700063
8140001126376,株式会社Ｙ’ｓ,兵庫県,姫路市,西今宿１丁目８番６−３号樹々たかおかＦ棟,6700061
8140001126442,株式会社ＧＩＮＧＯＮ,兵庫県,姫路市,飾磨区細江８０６番地７,6728064
8140001126541,やまだ屋株式会社,兵庫県,姫路市,広畑区才９１５番地１,6711104
8140001126574,Ｇｌｏｂａｌ　Ｔｒａｄｉｎｇ株式会社,兵庫県,姫路市,北平野６丁目１−６６スカイコート姫路２０３,6700893
8140001126640,株式会社ＫＡＫＥＨＡＳＨＩ計算センター,兵庫県,姫路市,北条宮の町４１４番地,6700948
8140001126673,株式会社川本・高田保険工房,兵庫県,姫路市,花田町加納原田４４９番地１,6710252
8140001126772,株式会社中村屋,兵庫県,姫路市,香寺町中村２９番地,6792166
8140001126797,株式会社山崎地所,兵庫県,姫路市,勝原区勝山町１３３番地６３５,6711202
8140001126995,株式会社ＵＮＩＣＯ,兵庫県,姫路市,中地南町８２番地１,6700975
8140001127069,株式会社金俊,兵庫県,姫路市,花田町高木３４６番地,6710256
8140001127283,秦野工業株式会社,兵庫県,姫路市,花田町小川９７６−１,6710255
8140001127663,株式会社ＯＬＯＣＯ,兵庫県,姫路市,上大野１丁目１２番２４号,6700896
8140001127795,株式会社ファーメディカル,兵庫県,姫路市,青山西４丁目５番２３号,6712224
8140001127853,株式会社アンカサンク,兵庫県,姫路市,井ノ口４４３番地１７,6700983
8140001127861,株式会社アスカ,兵庫県,姫路市,安田４丁目１６９番,6700955
8140001128034,株式会社ヒメジマーク製作所,兵庫県,姫路市,飾磨区中島３１２６番地１,6728035
8140001128174,株式会社ガレージオフィス,兵庫県,姫路市,上手野２６３番地１,6700065
8140001128380,株式会社山七,兵庫県,姫路市,北平野１丁目１２番１１号,6700893
8140001128471,フクシア株式会社,兵庫県,姫路市,北今宿３丁目７番４１号,6700057
8140001128546,岡村特殊金属株式会社,兵庫県,姫路市,御国野町御着火山２２,6710232
8140001128604,株式会社おかもと農園,兵庫県,姫路市,兼田５９５番地,6728001
8140001128736,ほこれる株式会社,兵庫県,姫路市,飾磨区亀山４５番地,6728047
8140001128967,株式会社ＡＬＡ,兵庫県,姫路市,広畑区西蒲田８９３番地,6711107
8140001129040,Ｒｅ・Ｌｉｆｅ不動産株式会社,兵庫県,姫路市,東辻井１丁目１１番２７号望城ハイツ１階,6700084
8140001129197,ビッグウエスト株式会社,兵庫県,姫路市,東山６８６番地７,6728014
8140001129288,株式会社ＦＵＪＩＷＡＲＡ,兵庫県,姫路市,夢前町山之内戊１８２番地１,6712101
8140001129420,株式会社ＮＴＥＣホールディングス,兵庫県,姫路市,広畑区正門通４丁目１０番地６,6711116
8140001129453,株式会社藤本環境テック,兵庫県,姫路市,飾磨区英賀宮台８番地,6728089
8140001129560,株式会社ＡＬＵＫＳ,兵庫県,姫路市,飾磨区加茂東７４２番地９,6728070
8140001129635,株式会社ハヤテック,兵庫県,姫路市,飾磨区阿成渡場２７５番地,6728039
8140001129643,株式会社ＮＡＫＡＺＡＫＩ　ＣＯＦＦＥＥ　ＲＯＡＳＴＥＲ,兵庫県,姫路市,野里東同心町５番１０号,6700863
8140001129817,Ｅａｃｋｓ株式会社,兵庫県,姫路市,二階町１８番地２１１,6700922
8140001130163,株式会社出雲バイオマス発電,兵庫県,姫路市,伊伝居６番地１,6700871
8140001130353,株式会社大化,兵庫県,姫路市,南町７６番地姫路城陽ビル４階,6700912
8140001130510,株式会社クローバー,兵庫県,姫路市,白浜町甲４０２番地１３８,6728023
8140001130717,株式会社輝翔,兵庫県,姫路市,安富町瀬川６１番地,6712424
8140001130989,ヨシデン株式会社,兵庫県,姫路市,大津区天神町２丁目１６６番地４,6711131
8140001131021,株式会社ＲＪＴ,兵庫県,姫路市,八代宮前町１５番１号,6700885
8140001131079,株式会社風和カンパニー,兵庫県,姫路市,保城１６３番地４,6700804
8140001131228,株式会社フィルメント英夢,兵庫県,姫路市,飾磨区富士見ケ丘町１５番地１４,6728098
8140001131293,株式会社あおば不動産,兵庫県,姫路市,市川橋通１丁目３０番地３,6700825
8140001131310,ＨＡＸ株式会社,兵庫県,姫路市,本町１２７番地大手前ダイネンＢＬＤ．ＩＩ３階,6700012
8140001131335,ＬＵＭＢＥＲ　ＦＩＶＥ株式会社,兵庫県,姫路市,西今宿１丁目２番２−２０２号,6700061
8140001131343,株式会社エコリングＣＳ,兵庫県,姫路市,御国野町御着３５２番地,6710232
8140001131392,株式会社Ａｚｕ,兵庫県,姫路市,増位新町１丁目８番地３シャトーブランシェ３０６号,6700806
8140001131500,株式会社ｕｌｕ　ａｎｅｌａ,兵庫県,姫路市,青山北２丁目１４番２０号,6712221
8140001131608,株式会社ＺＥＲＯ,兵庫県,姫路市,久保町８１番地,6700916
8140001131756,株式会社三村製作所,兵庫県,姫路市,夢前町菅生澗１６１番地１２７,6712134
8140001131896,株式会社荒木経営サポート,兵庫県,姫路市,飾磨区今在家６丁目１０８番地１,6728079
8140001131970,株式会社アソビー,兵庫県,姫路市,御立中８丁目１０番２５号,6700073
8140001131987,恒一株式会社,兵庫県,姫路市,中地６７４番地２,6700976
8140001132168,Ｑ．Ｓ．Ｔ株式会社,兵庫県,姫路市,東延末２７０番地１,6700965
8140001132259,株式会社オーセンティック,兵庫県,姫路市,手柄４番地４,6700972
8140001132358,株式会社セーフティコーポレーション,兵庫県,姫路市,網干区大江島４０３番地１,6711231
8140001132432,株式会社ティナ,兵庫県,姫路市,飾磨区三宅２丁目５４番地ハイツマエダＩＩ４０１,6728048
8140001132688,株式会社ユーアイ,兵庫県,姫路市,駅前町２２９,6700927
8140001132746,六甲アソシエイツ株式会社,兵庫県,姫路市,田寺東４丁目１９番１７号,6700081
8140001133100,株式会社Ｍ・Ｒ・Ｅ,兵庫県,姫路市,岡田８４番地５,6700982
8140001133190,株式会社ＮＫソリューション,兵庫県,姫路市,福中町３７番地,6700017
8140001133356,株式会社ノイエステート,兵庫県,姫路市,元町７５番地１１,6700049
8140001133406,Ｓｏｅａｓｙ　Ｊａｐａｎ株式会社,兵庫県,姫路市,東夢前台３丁目６２番地,6700064
8140001133538,株式会社ＮＮＴ,兵庫県,姫路市,東辻井３丁目４番１４号,6700084
8140001133554,株式会社姫油脂,兵庫県,姫路市,網干区新在家１３２０番地６８,6711234
8140001133570,Ｍｉｒａコンサルティング株式会社,兵庫県,姫路市,三左衛門堀東の町７６番地リーガルビル３−Ｂ,6700949
8140001133760,株式会社大福工業,兵庫県,姫路市,広畑区蒲田２丁目６７番地３,6711102
8140001133884,Ｌｕｃｋ株式会社,兵庫県,姫路市,飾磨区妻鹿９８７番地２８,6728031
8140001133918,株式会社工房いとまき,兵庫県,姫路市,野里３２８番地１,6700811
8140001134008,株式会社もとまち不動産,兵庫県,姫路市,元町７５番地１１元町東ビル２階９号室,6700049
8140001134016,株式会社ＢＥＮＧＫＵＬＵ　ＢＩＯ　ＥＮＥＲＧＩ,兵庫県,姫路市,大寿台２丁目９番１号,6700898
8140001134528,赤穂板金株式会社,兵庫県,姫路市,勝原区朝日谷４５９番地７８,6711204
8140001134569,タマケンテック株式会社,兵庫県,姫路市,勝原区下太田２９０番地１,6711201
8140001134610,ユニファースト株式会社,兵庫県,姫路市,飾磨区清水２丁目５岩崎ビル２Ｆ,6728051
8140001134651,株式会社メトラクション,兵庫県,姫路市,南町６３ミツワビル１−４階,6700912
8140001134726,株式会社Ｔ＆Ｃ　ｔｒａｄｉｎｇ,兵庫県,姫路市,保城１１５１番地の５,6700804
8140001134800,味の世界株式会社,兵庫県,姫路市,野里９５１番地の３４,6700811
8140001135146,ＡｓＴ　ｄｅｓｉｇｎ　ｗｏｒｋｓ株式会社,兵庫県,姫路市,三左衛門堀東の町１３５番地２階,6700949
8140001135253,株式会社ステップワン,兵庫県,姫路市,野里５６３番地２,6700811
8140001135261,株式会社ｔｏｘｉｃ,兵庫県,姫路市,中地南町２６−７,6700975
8140001135294,株式会社ｉｍｍｙｕａ,兵庫県,姫路市,田寺東２丁目２９番１６号,6700081
8140001135311,ランドリード株式会社,兵庫県,姫路市,青山４丁目２２−２−３０３,6712222
8140001135427,株式会社ヘルス＆クラッシー,兵庫県,姫路市,御立中１丁目１番２１号,6700073
8140001135526,株式会社アースリッチ川村,兵庫県,姫路市,船津町２５７６−１,6792101
8140001135600,株式会社ｂｅｒｒｙ’ｓ,兵庫県,姫路市,船津町８１９−１,6792101
8140001135633,ｈａｊｉｍｅ株式会社,兵庫県,姫路市,野里４４４−１野里ＨＭハウス６号室,6700811
8140001135749,株式会社Ｒ‐ｍａｋｅ,兵庫県,姫路市,別所町家具町１７０番地,6710225
8140001135914,株式会社プライムバイ,兵庫県,姫路市,北今宿２丁目４番１３号,6700057
8140001136169,株式会社ＧＩ,兵庫県,姫路市,大津区北天満町９番地,6711142
8140001136334,ＫＯＴＯ３Ｄ株式会社,兵庫県,姫路市,南町６３番地,6700912
8140001136367,エムエスエイチアール株式会社,兵庫県,姫路市,駅前町２４１番地フェスタビル北館３Ｆ,6700927
8140001136400,株式会社ジーベック,兵庫県,姫路市,下手野５丁目２３番４４−２号,6700063
8140001136680,株式会社夢之前,兵庫県,姫路市,三左衛門堀西の町６５番地,6700940
8140001136813,株式会社ＲＥＣＯＮ,兵庫県,姫路市,飾磨区構４丁目１２７番地,6728071
8140001136838,株式会社アップトレンド,兵庫県,姫路市,田寺東２丁目１０番１７−６０１号,6700081
8140001136920,株式会社播星工業,兵庫県,姫路市,広畑区西蒲田１８４番地１１,6711107
8140001137076,フォトン・バイオ・アイ株式会社,兵庫県,姫路市,飾磨区都倉２丁目７５番地２,6728046
8140001137225,未来デザイン株式会社,兵庫県,姫路市,元町１１３−１元町西ビル２０９,6700049
8140001137290,株式会社パワーズリンク,兵庫県,姫路市,飾東町八重畑５５８−２,6710208
8140001137365,株式会社ライフベーシック,兵庫県,姫路市,四郷町本郷３３９番１ｂｌｉｎｋ四郷２０５号,6710243
8140001137530,株式会社こめきち,兵庫県,姫路市,勝原区丁９９−５,6711203
8140001137613,ソフラホールディングス株式会社,兵庫県,姫路市,飾磨区三宅２丁目１１番地,6728048
8140001137695,株式会社蒼誉,兵庫県,姫路市,東駅前町６３番地エスリード姫路１３Ｆ−０１,6700926
8140001137737,株式会社国神建設,兵庫県,姫路市,勝原区丁１８２番地２４,6711203
8140001137943,Ｌｕｃｋｙ　Ｓｈｅｅｐ株式会社,兵庫県,姫路市,塩町９９番地英ビル,6700904
8140001138074,ＹＢＳドーム株式会社,兵庫県,姫路市,広畑区正門通３丁目６番の２,6711116
8140001138124,株式会社Ｍｕ　ＳＰＯＲＴＳ　ＣＬＵＢ．,兵庫県,姫路市,飾磨区構２丁目８９−２０５,6728071
8140001138231,株式会社ｄｕｕｔｉｎｄａ,兵庫県,姫路市,網干区垣内中町６２番地,6711253
8140001138735,株式会社西島商事,兵庫県,姫路市,家島町真浦２５１９番地,6720101
8140001138801,絆ファースト株式会社,兵庫県,姫路市,書写３８５番地２４,6712201
8140001138990,ＥＮＲＥＩＳ株式会社,兵庫県,姫路市,香寺町土師５１６番地１,6792163
8140001139106,センストーン興産株式会社,兵庫県,姫路市,忍町６７番地１ウエリス姫路１５０２,6700917
8140001139188,株式会社将栄工務店,兵庫県,姫路市,西夢前台２丁目６４番地,6712214
8140001139246,株式会社ｎｏｎａｍｅ　ＢＯＵＴＩＱＵＥ,兵庫県,姫路市,広畑区高浜町３丁目６９番地４,6711153
8140001139345,株式会社家ログ,兵庫県,姫路市,久保町１５５番地,6700916
8140001139618,株式会社コサカ工業,兵庫県,姫路市,網干区津市場２２６４番地,6711224
8140001139683,株式会社Ｇセキュリティ,兵庫県,姫路市,青山西３丁目１１番２７号,6712224
8140001139741,嘉木株式会社,兵庫県,姫路市,忍町１１９番地荒井ビル３階Ａ室,6700917
8140001139766,ホオコーファーム株式会社,兵庫県,姫路市,林田町中山下１０６番地１,6794214
8140001139832,株式会社ＳＯＷＧＥＮ,兵庫県,姫路市,阿保甲７８番地３,6700944
8140001139865,株式会社ＳＢＩ,兵庫県,姫路市,四郷町山脇５６１−１,6710248
8140001139898,株式会社Ｂｅ　Ｃｏｏｌ,兵庫県,姫路市,呉服町４８番地ハトヤビル１階,6700923
8140001139923,株式会社ＧＡＴＥ,兵庫県,姫路市,飾磨区栄町１２番地１,6728053
8140001139972,株式会社ＯＴＩＵＮＡ,兵庫県,姫路市,西庄甲２９６−１５,6700981
8140001139989,株式会社ヨツバ,兵庫県,姫路市,楠町８４番地,6700826
8140001140006,株式会社Ｍｉｎｅ,兵庫県,姫路市,元町７５番地１１元町東ビル１階１５号,6700049
8140001140022,株式会社８ｗｉｌｌ,兵庫県,姫路市,飾磨区山崎台４２番地２,6728096
8140001140088,株式会社ＮＩＣＯ,兵庫県,姫路市,北原２４４番地１,6728002
8140001140369,ＬＵＸＥＮ　ＳＯＬＡＲ　ＪＡＰＡＮ株式会社,兵庫県,姫路市,東夢前台３丁目６２番地,6700064
8140001140419,株式会社ＦＵＫＬＥＹ,兵庫県,姫路市,京町１丁目１４０３−９,6700824
8140001140492,株式会社あやはべる,兵庫県,姫路市,網干区田井６９番地２０,6711221
8140001140658,株式会社一,兵庫県,姫路市,立町４１番地２Ｆ,6700903
8140001140740,Ａｎｄ　Ｙａｍａｔｏ株式会社,兵庫県,姫路市,大津区吉美３８０番地,6711133
8140001140823,株式会社兵庫県米ぬか運送,兵庫県,姫路市,東雲町２丁目１２−８−６０１,6700046
8140001140880,株式会社ＮＡＶＩＧＡＴＯＲ,兵庫県,姫路市,飾西台２７番地６３,6712215
8140001140922,株式会社Ｎ‐ＰＲＯ,兵庫県,姫路市,若菜町２丁目１１番地,6700941
8140001141103,株式会社菱伸,兵庫県,姫路市,魚町４５,6700905
8140001141417,ティエフテック株式会社,兵庫県,姫路市,高尾町５８番地,6700915
8140001141697,株式会社大島食鳥,兵庫県,姫路市,久保町８４−５０２,6700916
8140001141854,株式会社ＧＥＡＲ　ＵＰ,兵庫県,姫路市,安田４丁目４９―１３シャトウ睦３０１号室,6700955
8140001141904,株式会社メドケアフォレスト,兵庫県,姫路市,勝原区熊見２４番地３,6711211
8140001141945,株式会社ＴＣＧＣ,兵庫県,姫路市,本町２２４番地,6700012
8140001141978,ＢＳ株式会社,兵庫県,姫路市,宮上町１丁目９３−１０,6700823
8140001142010,株式会社グローリー・ワーク,兵庫県,姫路市,飯田１丁目１８番地ロイヤル三宝２０１,6700974
8140001142027,株式会社和寧,兵庫県,姫路市,夢前町寺２３４３番地５,6712116
8140001142076,株式会社日本播磨農業研究所,兵庫県,姫路市,実法寺４７１番地１,6712244
8140001142084,株式会社Ｋリボーンズ,兵庫県,姫路市,広畑区才１２９番１号,6711104
8140001142217,株式会社海恵海運,兵庫県,姫路市,家島町坊勢５５番地,6720103
8140001142381,株式会社ＳＫＴクリーンワークス,兵庫県,姫路市,飯田３丁目２４３番地１,6700974
8140001142489,株式会社後藤建設,兵庫県,姫路市,青山１丁目３９番６号,6712222
8140001142563,倶楽部鳳凰株式会社,兵庫県,姫路市,佃町３６番地２、１階,6728049
8140002034025,株式会社泰平測建,兵庫県,姫路市,二階町７７番地第一ＰＯＳＨビル２０２号,6700922
8140002038736,株式会社ＡＱＵＡ,兵庫県,姫路市,網干区大江島８番地３３,6711231
8140002047191,株式会社青山商会,兵庫県,姫路市,青山５丁目１０番１号,6712222
8140002047332,株式会社網干総合教育センター,兵庫県,姫路市,網干区高田８４番地の５,6711226
8140002048859,株式会社ジーワン,兵庫県,姫路市,博労町７２番地,6700906
8140002049485,株式会社タカハシ装飾,兵庫県,姫路市,五軒邸２丁目１４番地,6700854
8140002049758,株式会社東海ライフサポート,兵庫県,姫路市,広畑区正門通２丁目８番地１７,6711116
8140002050154,ＨＡＭ株式会社,兵庫県,姫路市,久保町１２７番地,6700916
8140002050253,株式会社原タクシー,兵庫県,姫路市,飾磨区恵美酒４２３番地１,6728057
8140002051169,株式会社エコセンター・ひめじ,兵庫県,姫路市,三条町１丁目５番地,6700953
8140002052869,株式会社ティーエーシー,兵庫県,姫路市,東今宿３丁目２番３６号,6700056
8140002053495,株式会社アートオブウォー,兵庫県,姫路市,飾磨区清水５１番地８０３,6728051
8140002053941,株式会社松村興業,兵庫県,姫路市,広畑区則直１８１番地の２０,6711105
8140002054106,株式会社ＴＲＵＳＴ　Ｇｒａｃｉａｓ,兵庫県,姫路市,駅前町２２５番地,6700927
8140002054287,株式会社赤錆コーポレーション,兵庫県,姫路市,夢前町杉之内２６８番地１,6712111
8140003011238,株式会社ファーストワンナップ,兵庫県,姫路市,家島町宮９９５,6720102
8140003011502,株式会社釣商事,兵庫県,姫路市,飾磨区玉地８０９−１−３０５,6728052
8140003015123,エクスプレスＡＩ株式会社,兵庫県,姫路市,飾磨区中島９２５番地２,6728035
8160001023720,グロワール株式会社,兵庫県,姫路市,南畝町２丁目５０番地,6700961
8240001046639,株式会社夢咲,兵庫県,姫路市,増位新町１丁目８番地２しらさぎハイタウンＡ棟１０１０,6700806
8290001066558,株式会社リシュコンサルティング,兵庫県,姫路市,北条口５丁目４０番地,6700935
8290003004474,イーティー株式会社,兵庫県,姫路市,網干区坂上５９番地１１,6711223
8470001013707,株式会社キャラバン,兵庫県,姫路市,広峰１丁目５番１２号,6700882
8480001011560,株式会社ライフ・アシスト,兵庫県,姫路市,南条２丁目３９番第一平成ビル４‐Ｂ号室,6700952
8500001011715,株式会社イノヤ,兵庫県,姫路市,南車崎１丁目４番１３号,6700053
9010601052744,株式会社シー・ラボ,兵庫県,姫路市,別所町北宿１０２４番地,6710223
9011001066888,株式会社ＥＶＡＮＧＥＬＩＳＴ　ＪＡＰＡＮ,兵庫県,姫路市,中地南町８２番地１,6700975
9011001160492,ＡＥＧＩＳ株式会社,兵庫県,姫路市,大津区天神町１丁目１０７,6711131
9013301041637,播州エナジー株式会社,兵庫県,姫路市,佃町３６番地２,6728049
9040001088519,ＡＭＩＲＩ　ＴＲＡＤＩＮＧ株式会社,兵庫県,姫路市,林田町下伊勢６０９番地,6794233
9080101020410,株式会社積誠庵,兵庫県,姫路市,林田町下構３０番地,6794202
9120001110793,株式会社ＡＸＩＳ　ｔｅｃｈｎｏｌｏｇｙ,兵庫県,姫路市,飾磨区山崎１８７番地,6728097
9120001118564,株式会社与太呂,兵庫県,姫路市,北条口１丁目１７番地,6700935
9120003022475,株式会社ＴＡＩＭＵＲ　ＴＲＡＤＩＮＧ,兵庫県,姫路市,別所町小林２６６−１０,6710222
9120101063347,株式会社ＭＯＯＮ,兵庫県,姫路市,飯田１丁目１２５,6700974
9120902002635,日の出塗装株式会社,兵庫県,姫路市,青山西４丁目７番７号,6712224
9122001034568,株式会社ＴＫＶ,兵庫県,姫路市,野里９５１番地１,6700811
9140001032490,維新男塾株式会社,兵庫県,姫路市,継６４２番地３,6728004
9140001038620,アーバン建設株式会社,兵庫県,姫路市,網干区大江島寺前町１０９番地,6711232
9140001038661,株式会社新光,兵庫県,姫路市,辻井８丁目８番３８号,6700083
9140001040287,株式会社トータルメンテナンス,兵庫県,姫路市,広畑区吾妻町１丁目１１番地１,6711154
9140001040469,株式会社野良黒本舗,兵庫県,姫路市,林田町六九谷３２３番地３,6794211
9140001042242,株式会社アヴィックス,兵庫県,姫路市,野里５１３番地１２,6700811
9140001045451,株式会社Ｊ・エール,兵庫県,姫路市,飾磨区妻鹿１９７４−２,6728031
9140001046152,株式会社　日笠,兵庫県,姫路市,網干区興浜４２番地,6711241
9140001046433,株式会社プライムナビ,兵庫県,姫路市,藤ケ台８番７号,6700066
9140001057430,アイエス機械株式会社,兵庫県,姫路市,飾磨区今在家１１２８番地の７,6728079
9140001057439,株式会社アイ・コーポレーション,兵庫県,姫路市,飯田４８３番地,6700974
9140001057455,アイ・ジー・シー株式会社,兵庫県,姫路市,四郷町山脇１０６番３,6710248
9140001057463,アイディックシステム株式会社,兵庫県,姫路市,手柄２丁目１１６番地,6700972
9140001057496,青山商事株式会社,兵庫県,姫路市,青山西１丁目３番３号,6712224
9140001057513,株式会社安藝運送,兵庫県,姫路市,広畑区長町２丁目１１５番地,6711125
9140001057521,株式会社アカギホーム,兵庫県,姫路市,御立東１丁目６番１号,6700072
9140001057538,アガホ自動車株式会社,兵庫県,姫路市,飾磨区英賀春日町２丁目５４番地,6728092
9140001057546,株式会社麻生,兵庫県,姫路市,兼田８４０番地の１,6728001
9140001057554,安全興業株式会社,兵庫県,姫路市,飾磨区今在家７丁目４５番地,6728079
9140001057562,アセス建設株式会社,兵庫県,姫路市,実法寺５６４番地,6712244
9140001057579,旭建鋼株式会社,兵庫県,姫路市,千代田町６１７番地,6700993
9140001057587,株式会社朝日測量設計事務所,兵庫県,姫路市,神屋町３丁目４４番地,6700836
9140001057595,朝日塗工株式会社,兵庫県,姫路市,田寺東３丁目１９番６号,6700081
9140001057604,株式会社朝日プリント社,兵庫県,姫路市,網干区和久５２９番地,6711227
9140001057620,株式会社アダチインテリア,兵庫県,姫路市,下寺町１１３番地,6700932
9140001057629,株式会社アニバーサリー,兵庫県,姫路市,駅前町２３２番地,6700927
9140001057637,網干酒類販売株式会社,兵庫県,姫路市,網干区高田３５１番地,6711226
9140001057645,アプライド・エンジニアリング株式会社,兵庫県,姫路市,北条梅原町２７１番地,6700945
9140001057653,株式会社アメニティー・サービック,兵庫県,姫路市,白浜町甲８５５番地の５,6728023
9140001057661,株式会社山陽ヒメジ,兵庫県,姫路市,飾磨区中島３０５９番地１６,6728035
9140001057678,株式会社アル・ページ,兵庫県,姫路市,飾磨区上野田６丁目３２番地,6728043
9140001057686,株式会社有本硝子加工所,兵庫県,姫路市,西中島５番地の３,6700805
9140001057694,イーグル産業株式会社,兵庫県,姫路市,花田町加納原田８１２番地,6710252
9140001057703,株式会社飯塚興産,兵庫県,姫路市,福沢町２番地,6700992
9140001057711,活魚かねと株式会社,兵庫県,姫路市,広畑区本町２丁目２０番地,6711114
9140001057728,幾野鋲螺工業株式会社,兵庫県,姫路市,白浜町甲４０２番地の３７０,6728023
9140001057736,株式会社アレッタ,兵庫県,姫路市,広畑区西夢前台７丁目１５５番地,6711103
9140001057744,石田産業株式会社,兵庫県,姫路市,飯田６２１番地の３,6700974
9140001057752,株式会社石本建設,兵庫県,姫路市,広畑区吾妻町２丁目２２番地の４,6711154
9140001057769,伊東産業株式会社,兵庫県,姫路市,豊富町豊富３０７２番地の１,6792123
9140001057777,株式会社一休,兵庫県,姫路市,林田町六九谷８４１番地の１,6794211
9140001057785,イトデン株式会社,兵庫県,姫路市,土山２丁目１３番４号,6700996
9140001057793,一冨士商事株式会社,兵庫県,姫路市,船津町１１６５番地４,6792101
9140001057802,株式会社インテリアこまだ,兵庫県,姫路市,増位本町１丁目３番１２号,6700807
9140001057810,株式会社井上工建,兵庫県,姫路市,別所町佐土字池田２５２番地の１,6710224
9140001057819,株式会社井上電設,兵庫県,姫路市,西延末２５３番地,6700971
9140001057827,株式会社井貫水道工業所,兵庫県,姫路市,勝原区熊見４１９番地の１,6711211
9140001057835,株式会社稲葉ビル,兵庫県,姫路市,土山２丁目１３番４０号,6700996
9140001057851,株式会社今田食品,兵庫県,姫路市,東今宿２丁目５番８号,6700056
9140001057868,岩見鉄工株式会社,兵庫県,姫路市,白浜町宇佐崎南１丁目４５番地,6728022
9140001057884,植田金属工業株式会社,兵庫県,姫路市,御国野町御着２６１番地の１,6710232
9140001057892,株式会社植野建築,兵庫県,姫路市,山田町南山田１１８７番地,6792113
9140001057901,植村商事株式会社,兵庫県,姫路市,東駅前町２０番地,6700926
9140001057918,内海建設株式会社,兵庫県,姫路市,青山１丁目２４番１号,6712222
9140001057950,株式会社栄弘設計測量事務所,兵庫県,姫路市,豊富町御蔭３３５３番地の７９,6792122
9140001057959,栄伸工業株式会社,兵庫県,姫路市,西今宿２丁目１番３４号,6700061
9140001057967,株式会社栄電社,兵庫県,姫路市,夢前町護持３６２番地１,6712136
9140001057991,株式会社エクステリア建材,兵庫県,姫路市,野里５１３番地１２,6700811
9140001058008,株式会社栄藤工務店,兵庫県,姫路市,神和町９番地２,6700834
9140001058024,戎電機産業株式会社,兵庫県,姫路市,名古山町１０番７号,6700051
9140001058032,株式会社エム・イー・シーエレクトロニクス,兵庫県,姫路市,神田町２丁目６番地,6700991
9140001058057,株式会社大岡酸素商会,兵庫県,姫路市,大津区勘兵衛町３丁目１番３,6711132
9140001058065,株式会社大浦組,兵庫県,姫路市,北平野５丁目５番７号,6700893
9140001058073,岡上興業株式会社,兵庫県,姫路市,広畑区大町１丁目３２番地,6711155
9140001058081,株式会社大北美松園,兵庫県,姫路市,東山８４番地の８,6728014
9140001058098,株式会社オーシャンドリーム,兵庫県,姫路市,十二所前町６４番地,6700911
9140001058107,株式会社大津茂興業,兵庫県,姫路市,大津区恵美酒町２丁目１０３番地の６,6711136
9140001058115,大谷皮革株式会社,兵庫県,姫路市,花田町高木８番地,6710256
9140001058123,大喜建設株式会社,兵庫県,姫路市,書写１０４９番地８,6712201
9140001058131,大道建設株式会社,兵庫県,姫路市,林田町下構１４９番地,6794202
9140001058148,株式会社オキヅカ測量設計事務所,兵庫県,姫路市,広畑区城山町２番地９,6711108
9140001058164,沖正海産物株式会社,兵庫県,姫路市,白浜町甲１９２０番地５４姫路市中央卸売市場内,6728023
9140001058172,奥村造船工業株式会社,兵庫県,姫路市,飾磨区中島３０００番地,6728035
9140001058189,おのえ株式会社,兵庫県,姫路市,龍野町１丁目３９番地,6700032
9140001058197,株式会社小野材木店,兵庫県,姫路市,飾磨区恵美酒２２６番地,6728057
9140001058206,小原直株式会社,兵庫県,姫路市,南畝町２丁目５３番地,6700961
9140001058214,株式会社快英社,兵庫県,姫路市,西延末１０１番地の１,6700971
9140001058222,株式会社カーネギー・ホール,兵庫県,姫路市,福中町１３番地,6700017
9140001058230,株式会社神久,兵庫県,姫路市,飾磨区中島１丁目１０５番地,6728035
9140001058239,関西合成樹脂工業株式会社,兵庫県,姫路市,市之郷１００９番地,6700000
9140001058247,株式会社ジェイ・アイ・シー,兵庫県,姫路市,北条梅原町１６７番地,6700945
9140001058255,株式会社関西総合緑地,兵庫県,姫路市,東山３９９番地,6728014
9140001058263,関西道路安全株式会社,兵庫県,姫路市,町坪４番地の２,6700984
9140001058271,株式会社関西ハウス工業,兵庫県,姫路市,安田４丁目５３番地の２１,6700955
9140001058288,神崎電設株式会社,兵庫県,姫路市,大黒壱丁町４１番地,6700853
9140001058296,ＡＫＪ物流株式会社,兵庫県,姫路市,飾磨区中島１３４３番地の２,6728035
9140001058313,片岡建材建設株式会社,兵庫県,姫路市,飾磨区思案橋９０番地の３,6728075
9140001058321,神田工業株式会社,兵庫県,姫路市,神田町３丁目６番地,6700991
9140001058338,株式会社加納土木,兵庫県,姫路市,網干区新在家２８１番地２０,6711234
9140001058346,株式会社金澤工務店,兵庫県,姫路市,飾磨区英賀清水町３丁目８７番地,6728084
9140001058354,株式会社金谷建設興業,兵庫県,姫路市,岩端町１８８番地,6700028
9140001058362,カンベ株式会社,兵庫県,姫路市,四郷町本郷１２８番地の６,6710243
9140001058379,カメルミシン工業株式会社,兵庫県,姫路市,亀井町４３番地,6700925
9140001058387,川口住建株式会社,兵庫県,姫路市,土山５丁目４番９号,6700996
9140001058395,株式会社河商,兵庫県,姫路市,飾東町庄２３８番地の２,6710218
9140001058404,株式会社川西銘木,兵庫県,姫路市,実法寺４６９番地１,6712244
9140001058412,株式会社瓦井組,兵庫県,姫路市,大津区吉美７７１番地,6711133
9140001058445,近畿物産株式会社,兵庫県,姫路市,八家１２７０番地の１,6728015
9140001058461,北浦商事株式会社,兵庫県,姫路市,飾磨区恵美酒３０９番地,6728057
9140001058478,株式会社キタブンコーポレーション,兵庫県,姫路市,飾磨区野田町１２７番地,6728040
9140001058486,喜多村工業用品株式会社,兵庫県,姫路市,阿保甲８１０番地,6700944
9140001058494,株式会社衣笠,兵庫県,姫路市,北条梅原町２４１番地,6700945
9140001058503,株式会社吉美,兵庫県,姫路市,大津区吉美２０７番地２,6711133
9140001058511,株式会社木村測量設計,兵庫県,姫路市,保城４６７番地の１,6700804
9140001058528,協栄不動産株式会社,兵庫県,姫路市,南町６３番地,6700912
9140001058544,株式会社キョーリン,兵庫県,姫路市,南町９番地,6700912
9140001058552,協和精工株式会社,兵庫県,姫路市,白浜町甲２１６１番地,6728023
9140001058560,旭東工業株式会社,兵庫県,姫路市,網干区興浜１１８７番地の１,6711241
9140001058569,株式会社キャットシステム,兵庫県,姫路市,広畑区東新町３丁目１４７番６号,6711121
9140001058577,株式会社キルン,兵庫県,姫路市,亀山１丁目１７番地の３,6700973
9140001058585,株式会社クボタ建材,兵庫県,姫路市,打越７１３番地の１,6712246
9140001058593,株式会社クリーンアート,兵庫県,姫路市,東延末４丁目６０番地,6700965
9140001058610,株式会社グローバル,兵庫県,姫路市,花田町高木中代４３番地の１,6710256
9140001058619,株式会社くろがね会館,兵庫県,姫路市,広畑区正門通３丁目４番地,6711116
9140001058627,黒田左官工芸株式会社,兵庫県,姫路市,坂田町１１３番地,6700931
9140001058635,黒田運輸株式会社,兵庫県,姫路市,飾東町豊国２４９番地の１,6710219
9140001058651,株式会社黒松電機製作所,兵庫県,姫路市,勝原区山戸１６６番地２,6711214
9140001058668,株式会社ケイシー建設,兵庫県,姫路市,御国野町国分寺１８４の４番地,6710234
9140001058676,レクスト株式会社,兵庫県,姫路市,山田町西山田６９８番地の６,6792115
9140001058701,光栄自動車整備株式会社,兵庫県,姫路市,車崎１丁目８番３３号,6700058
9140001058718,株式会社幸山,兵庫県,姫路市,総社本町１１番地,6700015
9140001058726,株式会社こーづき陶器,兵庫県,姫路市,南町１５番地,6700912
9140001058734,合同産業株式会社,兵庫県,姫路市,西庄字クボリ甲１２８番地,6700981
9140001058750,幸豊建設株式会社,兵庫県,姫路市,書写２６４８番地の１,6712201
9140001058759,株式会社神戸新聞姫路販売センター,兵庫県,姫路市,亀井町１１１番地,6700925
9140001058767,株式会社高馬鉄工建設,兵庫県,姫路市,船津町３９４９番地の２,6792101
9140001058775,株式会社甲洋,兵庫県,姫路市,実法寺２６１番地,6712244
9140001058783,株式会社幸陽商会,兵庫県,姫路市,飾磨区英賀東町２丁目７６番１,6728087
9140001058791,コオリン株式会社,兵庫県,姫路市,新在家本町５丁目１１番２号,6700092
9140001058817,株式会社御膳そば米納屋,兵庫県,姫路市,神屋町２丁目５３番地,6700836
9140001058833,株式会社後藤食品,兵庫県,姫路市,福沢町９５番地,6700992
9140001058841,株式会社エムエムディ,兵庫県,姫路市,御国野町国分寺４２番地の１,6710234
9140001058858,株式会社小西ビル,兵庫県,姫路市,五軒邸１丁目８５番地,6700854
9140001058866,株式会社小林製作所,兵庫県,姫路市,夢前町塚本９５番地１,6712135
9140001058874,小林パッキン株式会社,兵庫県,姫路市,夢前町宮置７０６番３,6712121
9140001058882,株式会社駒田プレカット,兵庫県,姫路市,西中島７番地の１,6700805
9140001058890,株式会社サンヨー,兵庫県,姫路市,飾東町庄１０７番地１,6710218
9140001058908,山陽汽工設備株式会社,兵庫県,姫路市,青山５丁目６番２号,6712222
9140001058916,株式会社山陽コーポレーション,兵庫県,姫路市,豊沢町２４番地,6700964
9140001058924,株式会社サンヨーセキュリティシステム,兵庫県,姫路市,飾磨区細江４６４番地の６,6728064
9140001058932,山陽ダイヤパーサーヴィス株式会社,兵庫県,姫路市,林田町林谷６９６番地の１００,6794221
9140001058957,山陽リース株式会社,兵庫県,姫路市,飾磨区玉地７５６番地の５,6728052
9140001058965,三栄化工株式会社,兵庫県,姫路市,幸町４９番地,6700835
9140001058973,サンエーホーム株式会社,兵庫県,姫路市,西中島２５６番地,6700805
9140001058981,株式会社サンエス電気設備,兵庫県,姫路市,増位本町１丁目７番４号,6700807
9140001058998,サンギ株式会社,兵庫県,姫路市,別所町家具町３５８番地７,6710225
9140001059006,山光運輸株式会社,兵庫県,姫路市,余部区上川原５４番地の７,6711263
9140001059039,株式会社サカショウ,兵庫県,姫路市,大津区天神町１丁目９１番地,6711131
9140001059063,株式会社サンキュー電業社,兵庫県,姫路市,広畑区東新町２丁目１３番地,6711121
9140001059071,株式会社サンクリエーション,兵庫県,姫路市,北条口５丁目６６番地,6700935
9140001059088,三星殖産株式会社,兵庫県,姫路市,花影町１丁目２０番地,6700047
9140001059096,株式会社佐々木塗装工業所,兵庫県,姫路市,飾磨区今在家６丁目２５番地,6728079
9140001059105,株式会社三翔土建,兵庫県,姫路市,書写２６０３番地の３,6712201
9140001059113,株式会社サンテクノ,兵庫県,姫路市,飾東町豊国１１６３番地の３８,6710219
9140001059138,株式会社サンホーム,兵庫県,姫路市,船丘町２９８番地日新ビル,6700034
9140001059154,株式会社ＳＢＣ,兵庫県,姫路市,花影町３丁目３番地１,6700047
9140001059162,株式会社サンワインテリア,兵庫県,姫路市,飾磨区加茂４１４番地の１,6728074
9140001059179,株式会社佐和設備,兵庫県,姫路市,保城７５３番地,6700804
9140001059187,三立製作株式会社,兵庫県,姫路市,飾東町大釜新７５０番地の１,6710204
9140001059195,株式会社サンワビル,兵庫県,姫路市,十二所前町１１番地,6700911
9140001059204,株式会社ジェイアンドエスフーズ,兵庫県,姫路市,砥堀３６３番地,6700802
9140001059212,株式会社新栄建設,兵庫県,姫路市,広畑区西夢前台８丁目３５番地,6711103
9140001059237,塩谷産業株式会社,兵庫県,姫路市,飾磨区恵美酒２５０番地の５,6728057
9140001059245,株式会社エムゴルフ,兵庫県,姫路市,下手野５丁目２３番５４号,6700063
9140001059253,伸光建設株式会社,兵庫県,姫路市,青山南３丁目１２番７号,6712223
9140001059261,神姫工業株式会社,兵庫県,姫路市,西脇２３９番地の１,6712234
9140001059286,神姫道路施設株式会社,兵庫県,姫路市,飾磨区構５丁目５９番地,6728071
9140001059294,飾磨海運株式会社,兵庫県,姫路市,飾磨区細江１３００番地,6728064
9140001059303,株式会社飾磨不動産,兵庫県,姫路市,広畑区西夢前台６丁目２２番地,6711103
9140001059311,新生産業株式会社,兵庫県,姫路市,実法寺７９８番地の１,6712244
9140001059344,株式会社新日本テレビスタジオ,兵庫県,姫路市,船丘町２９０番地の３船丘ビル２Ｆ,6700034
9140001059352,株式会社柴田商会,兵庫県,姫路市,白浜町丙３７１番地の１,6728023
9140001059369,株式会社清水商店,兵庫県,姫路市,東雲町２丁目１１番地,6700046
9140001059377,株式会社シマザワ,兵庫県,姫路市,御立西５丁目４番２２号,6700074
9140001059385,株式会社しもむら,兵庫県,姫路市,西二階町３６番地,6700901
9140001059393,株式会社昭栄商工,兵庫県,姫路市,船津町２８６０番地,6792101
9140001059402,進友興産株式会社,兵庫県,姫路市,小姓町３５番地１,6700043
9140001059410,株式会社伸洋サービス,兵庫県,姫路市,白浜町甲８４１番地３４,6728023
9140001059427,城陽電子工業株式会社,兵庫県,姫路市,三条町１丁目１０番地,6700953
9140001059443,株式会社昭和組,兵庫県,姫路市,御立中２丁目１２番２２号,6700073
9140001059451,株式会社昭和フォークリフト,兵庫県,姫路市,飾磨区今在家１０７８番地,6728079
9140001059476,株式会社趣味の装いたむら,兵庫県,姫路市,西二階町５０番地,6700901
9140001059492,しらさぎ建設株式会社,兵庫県,姫路市,飾磨区妻鹿１６９３番地,6728031
9140001059501,株式会社シルバーレザー,兵庫県,姫路市,網干区和久１１５番地の１,6711227
9140001059518,株式会社末広ミート,兵庫県,姫路市,忍町１１番地,6700917
9140001059526,株式会社菅長製材所,兵庫県,姫路市,朝日町２０番地,6700934
9140001059534,株式会社須川電気商会,兵庫県,姫路市,本町６８番地,6700012
9140001059542,スター工業株式会社,兵庫県,姫路市,阿保６９２番地,6700944
9140001059550,住徳工業株式会社,兵庫県,姫路市,御立西１丁目１番８号,6700074
9140001059559,株式会社清恒,兵庫県,姫路市,勝原区下太田２２２番地の１,6711201
9140001059567,株式会社セイコーマートひがしやま,兵庫県,姫路市,東山字黒口９番地の１,6728014
9140001059583,株式会社せいぶ,兵庫県,姫路市,土山５丁目３０６番地の３,6700996
9140001059591,西部セイコー株式会社,兵庫県,姫路市,御国野町深志野１８８番地の１,6710231
9140001059600,西播米穀株式会社,兵庫県,姫路市,東今宿２丁目６番２１号,6700056
9140001059617,清和木材株式会社,兵庫県,姫路市,網干区浜田１５８５番地,6711242
9140001059625,株式会社セキグチ,兵庫県,姫路市,別所町小林４０４番地の５,6710222
9140001059666,ソオイ産業株式会社,兵庫県,姫路市,四郷町東阿保１１６８番地の７,6710247
9140001059674,総合塗装株式会社,兵庫県,姫路市,飾磨区今在家５丁目１１１番地,6728079
9140001059682,株式会社創造社,兵庫県,姫路市,伊伝居３７番地,6700871
9140001059690,株式会社素交,兵庫県,姫路市,網干区興浜２０９３番地の１３３,6711241
9140001059699,株式会社ターン,兵庫県,姫路市,花田町一本松字川原田１７２番地の３,6710253
9140001059708,大一運輸株式会社,兵庫県,姫路市,飾磨区今在家字中葭林新田１１２５番地の１,6728079
9140001059716,株式会社第一測量設計事務所,兵庫県,姫路市,網干区余子浜４１８番地,6711254
9140001059724,第一不動産株式会社,兵庫県,姫路市,塩町３３番地,6700904
9140001059732,株式会社大浩運輸,兵庫県,姫路市,広畑区正門通２丁目１０番地の２,6711116
9140001059740,タイコー展装株式会社,兵庫県,姫路市,城見町１３番地,6700831
9140001059749,大黒物流株式会社,兵庫県,姫路市,大津区真砂町１４番地,6711134
9140001059757,株式会社大給組,兵庫県,姫路市,林田町林谷２０番地１,6794221
9140001059765,株式会社大成,兵庫県,姫路市,広畑区東新町１丁目２０番地２,6711121
9140001059773,福本重機運輸株式会社,兵庫県,姫路市,飾磨区妻鹿１６０７番地,6728031
9140001059781,大進運輸株式会社,兵庫県,姫路市,四郷町見野５１１番地の４,6710244
9140001059798,株式会社ダイトウ,兵庫県,姫路市,青山西１丁目４番５−２０５号,6712224
9140001059807,大同ハウジング株式会社,兵庫県,姫路市,三左衛門堀西の町１０８番地,6700940
9140001059815,株式会社竹迫組,兵庫県,姫路市,北平野南の町５番１８号,6700887
9140001059831,太豊工業株式会社,兵庫県,姫路市,飾磨区三宅３丁目４１番地,6728048
9140001059848,株式会社太陽コーポレーション姫路,兵庫県,姫路市,白浜町宇佐崎南１丁目６９番地,6728022
9140001059856,太陽鳩制服株式会社,兵庫県,姫路市,本町１３６番地ＫＪビルＩＩＩ,6700012
9140001059864,大和塩業株式会社,兵庫県,姫路市,四郷町明田８３番地の１,6710245
9140001059872,株式会社大和生研,兵庫県,姫路市,古二階町６３番地,6700936
9140001059880,大和住宅建設株式会社,兵庫県,姫路市,梅ケ谷町２０番９６号,6700894
9140001059889,株式会社大和屋商店,兵庫県,姫路市,福中町６３番地,6700017
9140001059897,竹内電機株式会社,兵庫県,姫路市,神子岡前１丁目５番６号,6700055
9140001059914,株式会社高島商店,兵庫県,姫路市,網干区新在家１３２１番地の１,6711234
9140001059922,株式会社高田組,兵庫県,姫路市,豊富町豊富３７２２番地,6792123
9140001059930,株式会社ＴＫＤ,兵庫県,姫路市,北条口３丁目４１番地,6700935
9140001059939,株式会社高橋組,兵庫県,姫路市,西夢前台２丁目４４番地,6712214
9140001059947,高浜酸素株式会社,兵庫県,姫路市,飾磨区思案橋９６番地,6728075
9140001059955,武光水産輸送株式会社,兵庫県,姫路市,藤ケ台５番６号,6700066
9140001059971,株式会社ダスキンハクロ,兵庫県,姫路市,城北新町１丁目１１番１０号,6700883
9140001059996,辰巳運輸株式会社,兵庫県,姫路市,飾磨区中島１３５８番地,6728035
9140001060005,谷井電装株式会社,兵庫県,姫路市,飾磨区今在家字葭林新田１１２５番地,6728079
9140001060013,田中美染株式会社,兵庫県,姫路市,神屋町６丁目８８番地,6700836
9140001060046,日新自動車工業株式会社,兵庫県,姫路市,花田町加納原田字豆田３９７の３,6710252
9140001060054,中央土木株式会社,兵庫県,姫路市,三条町２丁目３番地,6728041
9140001060062,中播自動車工業株式会社,兵庫県,姫路市,御国野町深志野７２９番地の１,6710231
9140001060070,株式会社千代田屋,兵庫県,姫路市,西二階町１０６番地,6700901
9140001060079,株式会社塚本電気設備,兵庫県,姫路市,御国野町御着７２１番地の６,6710232
9140001060087,株式会社筒井組,兵庫県,姫路市,井ノ口字石堤３３２番地の５,6700983
9140001060104,ツボサカ機鋼株式会社,兵庫県,姫路市,北今宿１丁目６番２６号,6700057
9140001060112,株式会社ツモロ,兵庫県,姫路市,田寺東４丁目２番８号,6700081
9140001060120,ティーエフエルジャパン株式会社,兵庫県,姫路市,御国野町西御着５９０番地１,6710233
9140001060129,株式会社ティピーシー,兵庫県,姫路市,飾磨区構４丁目１８０番地,6728071
9140001060137,株式会社日東ビジネスサービス,兵庫県,姫路市,西駅前町７３番地,6700913
9140001060145,電研メンテナンス株式会社,兵庫県,姫路市,飾磨区妻鹿１９８５番地の１,6728031
9140001060153,株式会社テック宝角,兵庫県,姫路市,東延末１丁目１８番地,6700965
9140001060161,デュプレックス株式会社,兵庫県,姫路市,小姓町８５番地,6700043
9140001060178,ＴＯＵＮ株式会社,兵庫県,姫路市,広畑区大町３丁目３６番地,6711155
9140001060186,とうかい産業株式会社,兵庫県,姫路市,宮西町３丁目５番地,6700837
9140001060194,株式会社トーシン,兵庫県,姫路市,飾磨区英賀宮町１丁目１５番地の５,6728080
9140001060203,土井鐵工株式会社,兵庫県,姫路市,御立北３丁目１６番１号,6700071
9140001060211,東北大和産商株式会社,兵庫県,姫路市,網干区新在家３３４番地,6711234
9140001060236,東洋タクシー株式会社,兵庫県,姫路市,辻井２丁目１番１０号,6700083
9140001060252,東和電気工事株式会社,兵庫県,姫路市,飯田２丁目５１番地の１,6700974
9140001060260,株式会社ときわ旅館,兵庫県,姫路市,広畑区末広町３丁目５番地の８,6711115
9140001060285,株式会社豊重工務店,兵庫県,姫路市,北条口４丁目１８番地,6700935
9140001060293,株式会社トラスト,兵庫県,姫路市,中地南町３４番地宝成ビル１階,6700975
9140001060302,トヨタカローラ姫路株式会社,兵庫県,姫路市,花田町一本松字深田９０番地の１,6710253
9140001060319,長尾食品株式会社,兵庫県,姫路市,延末２９５番地,6700966
9140001060327,株式会社中建興業,兵庫県,姫路市,兼田６０７番地の２,6728001
9140001060335,ナカガワ機械株式会社,兵庫県,姫路市,保城８０５番地の３,6700804
9140001060343,株式会社ナカシマテクノス,兵庫県,姫路市,阿保甲８７８番地,6700944
9140001060351,株式会社永田工務店,兵庫県,姫路市,白国３丁目４番５５号,6700808
9140001060368,なかの株式会社,兵庫県,姫路市,幸町７１番地,6700835
9140001060376,株式会社ヒメコン,兵庫県,姫路市,香寺町中仁野４４６番地,6792143
9140001060384,株式会社中原ミシン商会,兵庫県,姫路市,博労町１５１番地,6700906
9140001060392,株式会社中村鉄工所,兵庫県,姫路市,西新町１０８の３番地,6700033
9140001060418,株式会社鍋吉商店,兵庫県,姫路市,網干区新在家５１１番地,6711234
9140001060426,成田珈琲株式会社,兵庫県,姫路市,北条口５丁目３番地,6700935
9140001060434,株式会社ニカク,兵庫県,姫路市,駅前町２５５番地,6700927
9140001060442,西内商事株式会社,兵庫県,姫路市,三条町１丁目１番地の１,6700953
9140001060475,株式会社西日本住宅,兵庫県,姫路市,白鳥台２丁目４番１号,6712245
9140001060491,株式会社ニシヤマ,兵庫県,姫路市,大津区天満３６８番地１,6711143
9140001060500,日光金属工業株式会社,兵庫県,姫路市,青山北３丁目３３番１３号,6712221
9140001060509,株式会社ニッケンサーキュレーション,兵庫県,姫路市,飾磨区阿成１番地１,6728037
9140001060517,日正建創サービス株式会社,兵庫県,姫路市,五軒邸２丁目４８番地,6700854
9140001060533,日新産業株式会社,兵庫県,姫路市,広畑区長町２丁目１０９番地,6711125
9140001060541,株式会社日章屋,兵庫県,姫路市,御国野町御着２６９番地の１,6710232
9140001060558,日南建設株式会社,兵庫県,姫路市,西延末６０番地の１５,6700971
9140001060566,日本建設株式会社,兵庫県,姫路市,安田４丁目４７番地,6700955
9140001060582,株式会社日本テック,兵庫県,姫路市,広畑区正門通４丁目１０番地６,6711116
9140001060590,株式会社日本フエルトサービス,兵庫県,姫路市,本町６８番地糸吉ビル１０３号,6700012
9140001060599,日本テクノ株式会社,兵庫県,姫路市,呉服町１９番地,6700923
9140001060608,二和防災設備株式会社,兵庫県,姫路市,福沢町１３番地高田ビル,6700992
9140001060616,株式会社野路菊ビル,兵庫県,姫路市,東駅前町８４番地,6700926
9140001060632,ハンエイ建設株式会社,兵庫県,姫路市,飾磨区英賀乙５１番地１４,6728078
9140001060657,白東自動車工業株式会社,兵庫県,姫路市,白浜町宇佐崎北２丁目４０番地,6728013
9140001060665,白鷺印刷株式会社,兵庫県,姫路市,飾磨区三宅３丁目２７番地,6728048
9140001060673,白鷺クリーニング株式会社,兵庫県,姫路市,広畑区東夢前台４丁目９９番地,6711101
9140001060681,株式会社はくろタクシー,兵庫県,姫路市,西庄１４３番地の１,6700981
9140001060698,長谷川塗装株式会社,兵庫県,姫路市,網干区興浜８７６−９,6711241
9140001060707,播信ビジネスサービス株式会社,兵庫県,姫路市,南駅前町１１０番地,6700962
9140001060715,橋本ペイント株式会社,兵庫県,姫路市,実法寺３０６番地１,6712244
9140001060723,播州製鎖株式会社,兵庫県,姫路市,白浜町甲４０２番地の３７３,6728023
9140001060731,播州手延素麺株式会社,兵庫県,姫路市,五軒邸３丁目２０番地,6700854
9140001060748,株式会社幡中機械製作所,兵庫県,姫路市,飾磨区阿成中垣内１１１９番地の１,6728058
9140001060756,羽柴食品株式会社,兵庫県,姫路市,福沢町１４８番地,6700992
9140001060772,株式会社浜田海陸,兵庫県,姫路市,網干区浜田１５７５番地,6711242
9140001060780,濱中製鎖工業株式会社,兵庫県,姫路市,白浜町甲７７０番地,6728023
9140001060789,浜屋株式会社,兵庫県,姫路市,南畝町２丁目３１番地,6700961
9140001060806,株式会社健全館,兵庫県,姫路市,東延末２丁目１２６番地,6700965
9140001060814,原田鋼業株式会社,兵庫県,姫路市,網干区大江島古川町３２番地,6711233
9140001060822,原田電機株式会社,兵庫県,姫路市,市之郷町１丁目２０番地,6700943
9140001060830,播磨エヌ・ケー・ホーム株式会社,兵庫県,姫路市,綿町１０番地の２（第２不動ビル８階）,6700921
9140001060839,株式会社ハローメンテック,兵庫県,姫路市,保城１０番地の１,6700804
9140001060855,株式会社ハリマ食品,兵庫県,姫路市,白浜町甲３３９番地２２,6728023
9140001060863,播磨塗料工業株式会社,兵庫県,姫路市,土山７丁目６番３３号,6700996
9140001060871,株式会社ケイエフ,兵庫県,姫路市,東郷町１４４９番地の７,6700821
9140001060896,姫路興業株式会社,兵庫県,姫路市,神屋町３丁目１３番地,6700836
9140001060905,姫路建機株式会社,兵庫県,姫路市,飾磨区中島１丁目３０１番地,6728035
9140001060913,姫路企業株式会社,兵庫県,姫路市,十二所前町９１番地,6700911
9140001060921,姫路活魚株式会社,兵庫県,姫路市,延末１丁目５５番地プレサンスネオ姫路６０２号,6700966
9140001060938,株式会社姫路スイミングスクール,兵庫県,姫路市,南今宿２番５号,6700054
9140001060954,姫路三宮オイル株式会社,兵庫県,姫路市,花田町小川７０２番地の１,6710255
9140001060962,姫路城陽ビルヂング株式会社,兵庫県,姫路市,南町７６番地,6700912
9140001060970,姫路大同青果株式会社,兵庫県,姫路市,白浜町甲１９２０番地５４,6728023
9140001060979,株式会社姫路電業社,兵庫県,姫路市,飾磨区英賀東町１丁目２番地,6728087
9140001060987,姫路中央市場運輸株式会社,兵庫県,姫路市,白浜町甲１９２０番地５４,6728023
9140001060995,姫路中央運送株式会社,兵庫県,姫路市,白浜町宇佐崎南２丁目３１番地,6728022
9140001061003,姫路ナシヨナル東販売株式会社,兵庫県,姫路市,西延末８２番地,6700971
9140001061011,姫路ピーシーサービス株式会社,兵庫県,姫路市,飾磨区中島６５０番地,6728035
9140001061028,姫路木材倉庫株式会社,兵庫県,姫路市,網干区浜田１５７５番地,6711242
9140001061036,株式会社姫路南自動車学院,兵庫県,姫路市,白浜町宇佐崎中１丁目２００番地,6728021
9140001061052,姫路錬武株式会社,兵庫県,姫路市,今宿１１番地の５,6700052
9140001061060,株式会社美緒嶺,兵庫県,姫路市,嵐山町２２番地３メゾン嵐山Ｎ１０１,6700029
9140001061069,株式会社光産業,兵庫県,姫路市,手柄１６７番地の６,6700972
9140001061077,久盛不動産株式会社,兵庫県,姫路市,山野井町１４５番地の１,6700021
9140001061093,日陸興産株式会社,兵庫県,姫路市,白浜町宇佐崎南１丁目６５番地１,6728022
9140001061102,株式会社姫合オートサービス,兵庫県,姫路市,豊富町御蔭６５５番地の３６,6792122
9140001061110,姫銀信販株式会社,兵庫県,姫路市,西延末１１９番地,6700971
9140001061127,株式会社流通企画,兵庫県,姫路市,別所町小林１６２番地の１,6710222
9140001061135,株式会社兵庫公営施設管理センター,兵庫県,姫路市,田寺東２丁目３２番６号,6700081
9140001061143,兵庫研磨株式会社,兵庫県,姫路市,名古山町９番１０号,6700051
9140001061151,兵庫寝具株式会社,兵庫県,姫路市,的形町的形１４９７番地の６,6710111
9140001061201,平位商事株式会社,兵庫県,姫路市,新在家本町６丁目２番６号,6700092
9140001061218,株式会社兵庫日化サービス姫路,兵庫県,姫路市,砥堀８１番地５,6700802
9140001061226,株式会社ヒラノコーポレーシヨン,兵庫県,姫路市,飾磨区今在家２丁目８８０番地,6728079
9140001061234,株式会社広野＿工所,兵庫県,姫路市,西今宿１丁目３番１７号,6700061
9140001061242,広畑共同発電株式会社,兵庫県,姫路市,広畑区富士町１番地,6711123
9140001061250,広畑物産株式会社,兵庫県,姫路市,広畑区高浜町２丁目５６番地,6711153
9140001061259,株式会社広吉組,兵庫県,姫路市,大津区勘兵衛町１丁目３７番地,6711132
9140001061267,株式会社ブイティーアール三辰堂,兵庫県,姫路市,田寺東４丁目１７番１８号,6700081
9140001061275,株式会社フクイ,兵庫県,姫路市,別所町佐土５１７番地２,6710224
9140001061283,株式会社福岡洋服店,兵庫県,姫路市,福中町７１番地,6700017
9140001061291,株式会社福産,兵庫県,姫路市,野里５１３番地１２,6700811
9140001061300,福住株式会社,兵庫県,姫路市,神屋町２丁目４２番地の６,6700836
9140001061309,株式会社福亭,兵庫県,姫路市,亀井町７５番地,6700925
9140001061317,株式会社福田歯車製作所,兵庫県,姫路市,阿保甲６３６番地の１,6700944
9140001061325,福本運輸株式会社,兵庫県,姫路市,飾磨区細江東宮前９７５番地３,6728064
9140001061333,株式会社福本鉄工所,兵庫県,姫路市,大津区勘兵衛町２丁目７２番地,6711132
9140001061341,福山電機工業株式会社,兵庫県,姫路市,飾磨区英賀甲１９４５番地の４,6728078
9140001061358,株式会社藤光不動産,兵庫県,姫路市,河間町３８番地５,6700001
9140001061366,富士京不動産株式会社,兵庫県,姫路市,別所町北宿８１６番地の２,6710223
9140001061390,株式会社藤田電機商会,兵庫県,姫路市,城東町６４番地の１,6700841
9140001061399,株式会社藤原石油,兵庫県,姫路市,南新在家１９番１９号,6700093
9140001061416,株式会社藤原園,兵庫県,姫路市,飾東町小原４４５番地,6710209
9140001061449,ギケンクリエイティブ株式会社,兵庫県,姫路市,広畑区東新町１丁目７７番地１,6711121
9140001061457,株式会社平安閣,兵庫県,姫路市,駅前町３１７番地,6700927
9140001061465,平和鉄工株式会社,兵庫県,姫路市,白浜町乙３０８番地,6728023
9140001061473,株式会社ベネ,兵庫県,姫路市,城東町野田１番地の３,6700844
9140001061507,株式会社ぼうしや薬局,兵庫県,姫路市,駅前町２５９番地,6700927
9140001061515,株式会社オートリ,兵庫県,姫路市,広畑区長町１丁目９６番地の３,6711125
9140001061523,北斗エンタープライズ株式会社,兵庫県,姫路市,飾磨区阿成植木１１２１番地,6728030
9140001061548,株式会社ホテル六美,兵庫県,姫路市,飾西７４７番地の２４,6712216
9140001061556,ぼちぼち株式会社,兵庫県,姫路市,大塩町２２０６番地４８,6710101
9140001061572,株式会社エムケーコーポレーション,兵庫県,姫路市,阿保乙１４９番地１,6700944
9140001061589,前原製粉株式会社,兵庫県,姫路市,青山北３丁目１０番１号,6712221
9140001061614,株式会社マスダハーモ,兵庫県,姫路市,南車崎２丁目７番２３号,6700053
9140001061622,松井株式会社,兵庫県,姫路市,野里上野町１丁目８番５号,6700814
9140001061639,丸祥システム株式会社,兵庫県,姫路市,岡田６５７番地１,6700982
9140001061647,松田産業株式会社,兵庫県,姫路市,広畑区西蒲田１５１４番地,6711107
9140001061663,株式会社マツモトコーポレーション,兵庫県,姫路市,西新在家３丁目８番４１号,6700096
9140001061671,松本電業株式会社,兵庫県,姫路市,南今宿４番９号,6700054
9140001061688,マルイチ株式会社,兵庫県,姫路市,青山３丁目１０番７号,6712222
9140001061696,マルキタ建設株式会社,兵庫県,姫路市,林田町下構２２２番地の２,6794202
9140001061705,丸信株式会社,兵庫県,姫路市,飾磨区英賀清水町１丁目１番地,6728084
9140001061713,丸祥電器株式会社,兵庫県,姫路市,別所町佐土１００５番地２７,6710224
9140001061746,株式会社まるみ一商,兵庫県,姫路市,駅前町３４５番地,6700927
9140001061754,三枝株式会社,兵庫県,姫路市,田井台１番地の１１,6712211
9140001061770,三木産業株式会社,兵庫県,姫路市,木場１１７０番地,6728016
9140001061779,御國インキ工業株式会社,兵庫県,姫路市,御国野町国分寺３８５番地,6710234
9140001061787,三基姫路株式会社,兵庫県,姫路市,書写２８６６番地の１,6712201
9140001061795,株式会社水瀬製革所,兵庫県,姫路市,御国野町西御着５７０番地,6710233
9140001061820,光吉商事株式会社,兵庫県,姫路市,西新在家２丁目８番６号,6700096
9140001061829,株式会社ミノル製作所,兵庫県,姫路市,山吹２丁目１２番２１号,6700085
9140001061845,株式会社宮崎商店,兵庫県,姫路市,御国野町深志野１８８番地の１,6710231
9140001061853,株式会社宮田製綿所,兵庫県,姫路市,花田町小川８３８番地の１,6710255
9140001061861,宮本産業株式会社,兵庫県,姫路市,北条口２丁目１８番地,6700935
9140001061886,株式会社村上文房堂,兵庫県,姫路市,町田１５１番地１,6712217
9140001061894,ムラヤマ不動産開発株式会社,兵庫県,姫路市,白浜町甲４０２番地,6728023
9140001061911,銘茶問屋松涛園株式会社,兵庫県,姫路市,青山２丁目３番６号,6712222
9140001061928,メタレックス株式会社,兵庫県,姫路市,西新在家３丁目８番１２号,6700096
9140001061944,望月興業株式会社,兵庫県,姫路市,飾磨区中島相生梅２１７２番地の４,6728035
9140001061952,株式会社森井書房,兵庫県,姫路市,大津区天満字野田４１７番地,6711143
9140001061960,森川水産株式会社,兵庫県,姫路市,栗山町１１６番地パレロワイヤル栗山公園４０１,6700954
9140001061969,株式会社モリシタハウス,兵庫県,姫路市,山吹２丁目１２番３０号,6700085
9140001061985,八起工業株式会社,兵庫県,姫路市,飾磨区英賀字浜新田乙４４番地の２,6728078
9140001062001,株式会社八木自動車,兵庫県,姫路市,大津区天神町２丁目２７番地,6711131
9140001062018,株式会社ヤス測量設計,兵庫県,姫路市,白鳥台２丁目１２番３号,6712245
9140001062026,株式会社ヤスナ設計工房,兵庫県,姫路市,北条梅原町２７１番地,6700945
9140001062034,株式会社アンズエステイト,兵庫県,姫路市,南条２丁目４６番地,6700952
9140001062042,株式会社やなぎた,兵庫県,姫路市,網干区北新在家２４８番地,6711235
9140001062050,矢部建設株式会社,兵庫県,姫路市,青山西３丁目８番３号,6712224
9140001062059,山喜産業株式会社,兵庫県,姫路市,四郷町明田８３番地の１,6710245
9140001062075,株式会社ヤマサキ,兵庫県,姫路市,玉手１丁目１０７番地,6700985
9140001062083,株式会社エーエムシー,兵庫県,姫路市,飾磨区今在家４丁目３０５番地１,6728079
9140001062091,株式会社ヤマデン,兵庫県,姫路市,東夢前台１丁目３番地の３０,6700064
9140001062100,山田産業株式会社,兵庫県,姫路市,白浜町甲８４５番地,6728023
9140001062133,株式会社ヤマハ,兵庫県,姫路市,林田町上伊勢５１６番地,6794232
9140001062141,株式会社山本石材工業,兵庫県,姫路市,林田町下伊勢４１８番地１３０,6794233
9140001062158,株式会社山脇組,兵庫県,姫路市,飯田１丁目２４番地,6700974
9140001062166,株式会社友仁,兵庫県,姫路市,的形町的形１７６１番地の１５,6710111
9140001062174,湯河印刷株式会社,兵庫県,姫路市,飾磨区野田町９３番地,6728040
9140001062182,株式会社ユニバーサル工業,兵庫県,姫路市,西延末２３７番地５,6700971
9140001062199,横田瀝青興業株式会社,兵庫県,姫路市,飾磨区細江９９５番地,6728064
9140001062216,株式会社吉田鋳造所,兵庫県,姫路市,山畑新田１１１５番地,6700036
9140001062224,米澤電機株式会社,兵庫県,姫路市,大塩町２２０６番地の１１,6710101
9140001062232,依田建設株式会社,兵庫県,姫路市,網干区浜田２２７番地３,6711242
9140001062249,株式会社ライフ,兵庫県,姫路市,綿町１１９番地姫路不動ビル内,6700921
9140001062257,株式会社ワールド環境,兵庫県,姫路市,飾東町大釜新７４６番地,6710204
9140001062273,和光パッケージ株式会社,兵庫県,姫路市,飾磨区入船町２番地の６,6728076
9140001062281,和田株式会社,兵庫県,姫路市,別所町北宿９４６番地の１,6710223
9140001062298,ラプラスソフト株式会社,兵庫県,姫路市,四郷町山脇９１０番地の８,6710248
9140001062315,株式会社リバティー,兵庫県,姫路市,広畑区西夢前台４丁目２６９番地,6711103
9140001062323,菱貴電材株式会社,兵庫県,姫路市,中地４３４番地の３−５０８号,6700976
9140001062331,株式会社リライアンス,兵庫県,姫路市,北平野６丁目８番２５号,6700893
9140001062348,株式会社ローズリース,兵庫県,姫路市,二階町５５番地,6700922
9140001062356,株式会社浪漫珈琲倶楽部,兵庫県,姫路市,増位新町１丁目８番地の２,6700806
9140001062364,株式会社井寄建設,兵庫県,姫路市,夢前町菅生澗１５２１番地の２,6712134
9140001062372,株式会社大江自動車,兵庫県,姫路市,飾磨区構２丁目１１９番地,6728071
9140001062380,株式会社神月製作所,兵庫県,姫路市,夢前町又坂３番地,6712115
9140001062389,株式会社サンビーム,兵庫県,姫路市,夢前町前之庄２８９７番地の１,6712103
9140001062397,大吉住研株式会社,兵庫県,姫路市,夢前町前之庄１９８７番地の１０,6712103
9140001062414,名倉歯研株式会社,兵庫県,姫路市,夢前町糸田２９０番地の１,6712114
9140001062422,ハタダ建設株式会社,兵庫県,姫路市,夢前町寺８５９番地,6712116
9140001062430,福井電機株式会社,兵庫県,姫路市,夢前町莇野３８５番地の２,6712106
9140001062439,株式会社丸鹿,兵庫県,姫路市,夢前町前之庄１９９１番地,6712103
9140001062447,ヤマサ蒲鉾株式会社,兵庫県,姫路市,夢前町置本３２７番地１６,6712122
9140001062455,株式会社ユメックス,兵庫県,姫路市,夢前町糸田４００番地,6712114
9140001062463,株式会社荒木商店,兵庫県,姫路市,家島町坊勢７０１番地の９,6720103
9140001062471,株式会社ウメサキ,兵庫県,姫路市,家島町宮１６３５番地の６９,6720102
9140001062496,株式会社ＤＤＳ,兵庫県,姫路市,飯田３丁目２６８−２,6700974
9140001062505,住力海運建設株式会社,兵庫県,姫路市,延末３８７番地４,6700966
9140001062513,株式会社玉吉石油,兵庫県,姫路市,家島町真浦３９番地,6720101
9140001062521,鳴門海洋資源開発株式会社,兵庫県,姫路市,家島町真浦１３３６番地,6720101
9140001062538,株式会社富士建設,兵庫県,姫路市,家島町宮２１６５番地の３,6720102
9140001062546,前田石油株式会社,兵庫県,姫路市,家島町坊勢４２０番地,6720103
9140001062554,明盛海運建設株式会社,兵庫県,姫路市,家島町真浦２３９５番地,6720101
9140001062562,株式会社姫路中喜,兵庫県,姫路市,玉手３丁目６３７番地,6700985
9140001062579,株式会社日本メディカルセンター,兵庫県,姫路市,飾磨区三宅１丁目１９２番地,6728048
9140001062595,株式会社全商,兵庫県,姫路市,飾磨区付城２丁目１５２番地,6728082
9140001062604,株式会社キャルスネット,兵庫県,姫路市,夢前町護持１３６４番地の５１２,6712136
9140001062612,オンリー株式会社,兵庫県,姫路市,博労町９３番１,6700906
9140001062620,株式会社笹原建設,兵庫県,姫路市,白浜町甲２１００番地の４,6728023
9140001062637,株式会社アズハウス,兵庫県,姫路市,町田７２番地１,6712217
9140001062645,宗希建設株式会社,兵庫県,姫路市,北原１７９番地３,6728002
9140001062653,つばめ交通株式会社,兵庫県,姫路市,西庄１４３番地の１,6700981
9140001062661,株式会社信栄製作所,兵庫県,姫路市,四郷町本郷５１番地の１,6710243
9140001062678,株式会社アクトレス,兵庫県,姫路市,北原５７２番地,6728002
9140001062686,株式会社フジモト,兵庫県,姫路市,中地４３１番地,6700976
9140001062694,株式会社ヤマグチ工作機械販売,兵庫県,姫路市,飾磨区野田町４３番地,6728040
9140001062703,株式会社宮脇工業,兵庫県,姫路市,網干区大江島３９番地,6711231
9140001062711,株式会社ティー・オフィス・インターナショナル,兵庫県,姫路市,西延末１１３番地の５,6700971
9140001062728,株式会社モクハウス,兵庫県,姫路市,北条永良町２２番地,6700946
9140001062736,株式会社ニュースカイ,兵庫県,姫路市,飾磨区都倉１丁目１１０番地,6728046
9140001062752,株式会社マスターズワンダ,兵庫県,姫路市,白浜町寺家２丁目９２番地,6728012
9140001062769,株式会社オフィスサプライズ岸本商事,兵庫県,姫路市,広畑区蒲田３丁目１７４番地１,6711102
9140001062777,株式会社アクシス,兵庫県,姫路市,田寺１丁目１番１号,6700086
9140001062785,株式会社オーヴ,兵庫県,姫路市,飾磨区中島３４５３番地,6728035
9140001062793,株式会社ハート・ワン,兵庫県,姫路市,白浜町宇佐崎中２丁目５７７番地,6728021
9140001062851,株式会社清瀬工務店,兵庫県,姫路市,香寺町香呂５７番地,6792151
9140001063107,株式会社ケイワイ,兵庫県,姫路市,白浜町寺家２丁目４８番地の５,6728012
9140001063123,株式会社細野管工,兵庫県,姫路市,林田町下構１２５番地,6794202
9140001063131,株式会社エムケイワイ,兵庫県,姫路市,広畑区西蒲田３８７番地,6711107
9140001063189,東伸鉄工株式会社,兵庫県,姫路市,五軒邸３丁目２番地,6700854
9140001063206,トゥインクルジャパン株式会社,兵庫県,姫路市,城北本町３番１５−２号,6700884
9140001063222,株式会社大森商店,兵庫県,姫路市,白浜町甲１９２０番地５４姫路市中央卸売市場内,6728023
9140001063230,株式会社アイエフ,兵庫県,姫路市,夢前町寺１６０６番地の１,6712116
9140001063239,株式会社ＳＴＯＣ,兵庫県,姫路市,北条梅原町２２９番地,6700945
9140001063255,株式会社あかつき調剤薬局,兵庫県,姫路市,飾磨区清水５１番地の１,6728051
9140001063263,株式会社ＤＡＩＣＨＩ,兵庫県,姫路市,青山西１丁目１１番２４号,6712224
9140001063271,株式会社籠屋興産,兵庫県,姫路市,中地６０３番地,6700976
9140001063288,株式会社アスクホーム,兵庫県,姫路市,青山西４丁目２番１号,6712224
9140001063296,アジア商事株式会社,兵庫県,姫路市,香寺町広瀬２６１番地の４,6792142
9140001063362,大塚精工株式会社,兵庫県,姫路市,香寺町溝口８５１番地,6792161
9140001063404,株式会社アルミック,兵庫県,姫路市,刀出５９９番地１,6712241
9140001063437,株式会社香寺運輸,兵庫県,姫路市,香寺町中村５４８番地,6792166
9140001063461,株式会社ブティックシバタ,兵庫県,姫路市,香寺町香呂１２０番地１,6792151
9140001063577,姫路ナカミチ株式会社,兵庫県,姫路市,白鳥台２丁目１１番１７号,6712245
9140001063593,フジケア株式会社,兵庫県,姫路市,香寺町犬飼８６９番地の８８,6792131
9140001063684,株式会社サンテクノロジー,兵庫県,姫路市,飾磨区阿成鹿古３９３番地の２,6728038
9140001063692,株式会社ＫＥＮホームズ,兵庫県,姫路市,安田４丁目３９番地,6700955
9140001063718,宮崎流通株式会社,兵庫県,姫路市,東延末３丁目４０番地,6700965
9140001063726,株式会社ジップス,兵庫県,姫路市,宮西町２丁目２１番地,6700837
9140001063734,株式会社警備保障キンキシステム,兵庫県,姫路市,飾磨区加茂２９４番地の３,6728074
9140001063750,しらさぎ港業株式会社,兵庫県,姫路市,飾磨区妻鹿１６１０番地,6728031
9140001063759,株式会社防災センター,兵庫県,姫路市,坂田町４５番地,6700931
9140001063783,エス・エイチ株式会社,兵庫県,姫路市,白浜町甲８４１番地の３７,6728023
9140001063791,株式会社三共スチール,兵庫県,姫路市,飾磨区中島１７６９番地,6728035
9140001063800,オーエム電子株式会社,兵庫県,姫路市,安田４丁目５６番地,6700955
9140001063809,ビットワークス株式会社,兵庫県,姫路市,駅前町２６８番地,6700927
9140001063874,株式会社アルバコーポレーション,兵庫県,姫路市,南畝町２丁目７６,6700961
9140001063882,全日本順風堂株式会社,兵庫県,姫路市,御国野町深志野７０５番９号,6710231
9140001063908,エス・エッチ・シー株式会社,兵庫県,姫路市,花田町加納原田字一ノ坪１２６番地の２,6710252
9140001063916,株式会社神田鉄工,兵庫県,姫路市,木場前中町５１番地の５,6728018
9140001063924,株式会社エーアンドユー,兵庫県,姫路市,三左衛門堀西の町６５番地,6700940
9140001063932,株式会社サンヨーポリマー,兵庫県,姫路市,網干区大江島６１２番地の３,6711231
9140001063965,株式会社高山ケミカル,兵庫県,姫路市,花田町高木５３０番地６,6710256
9140001064014,株式会社大喜ホーム,兵庫県,姫路市,本町２２０番地,6700012
9140001064022,株式会社海組,兵庫県,姫路市,延末３８２番地の６,6700966
9140001064039,株式会社ディアス,兵庫県,姫路市,東延末１丁目２４Ｆビルハイツ１０２,6700965
9140001064055,株式会社マーベリック,兵庫県,姫路市,飾磨区構４丁目１３７番地１,6728071
9140001064088,株式会社インテック,兵庫県,姫路市,大津区西土井１７５番地１８,6711141
9140001064105,大善道路管理株式会社,兵庫県,姫路市,安富町長野２７９番地３,6712421
9140001064113,株式会社ヴィ・エール,兵庫県,姫路市,安富町安志１０４２番地の１,6712401
9140001064121,株式会社安富紙器,兵庫県,姫路市,安富町狭戸２００番地,6712423
9140001064138,株式会社ヤマダ環境サービス,兵庫県,姫路市,野里字二本松５１番地,6700811
9140001064154,株式会社ＧＲＯＷＩＮＧ　ＤＩＮＩＮＧ,兵庫県,姫路市,十二所前町７８番地ＧＯＬＤ　ＢＬＤＧ,6700911
9140001064162,株式会社アシスト,兵庫県,姫路市,飾磨区玉地１丁目６６番地−６０３号,6728052
9140001064179,株式会社熱血弁当,兵庫県,姫路市,的形町的形１２３８番地１５,6710111
9140001064187,拓多電機株式会社,兵庫県,姫路市,夢前町芦田３４２番地,6712133
9140001064195,株式会社シーメック関西,兵庫県,姫路市,日出町１丁目１５番地の２,6700942
9140001064220,株式会社スギタック,兵庫県,姫路市,辻井６丁目８番１０号,6700083
9140001064253,株式会社元天コーポレーション,兵庫県,姫路市,二階町６８番地,6700922
9140001064261,株式会社ＴＯＲＩＭＯＴＯ．Ｅ．Ｃ．インフォメーション,兵庫県,姫路市,青山４丁目２３番５号,6712222
9140001064278,株式会社はりま住研,兵庫県,姫路市,西新在家２丁目１３番１６号,6700096
9140001064286,株式会社播磨エコネットワーク,兵庫県,姫路市,網干区津市場２０４２番地８,6711224
9140001064294,株式会社和み,兵庫県,姫路市,苫編２０６番地４,6700986
9140001064303,フォローウインド株式会社,兵庫県,姫路市,夢前町菅生澗１３５５番地,6712134
9140001064311,藤原研工株式会社,兵庫県,姫路市,夢前町野畑４８８番地２,6712137
9140001064344,矢谷電気株式会社,兵庫県,姫路市,青山３丁目４番２９号,6712222
9140001064352,関西ディレクト株式会社,兵庫県,姫路市,御立東２丁目１４番２４号,6700072
9140001064360,株式会社みどり防災,兵庫県,姫路市,飾磨区阿成植木１０３２番地,6728030
9140001064377,株式会社西嶋設計,兵庫県,姫路市,大津区天神町２丁目７３番地の５,6711131
9140001064402,株式会社リオグループ,兵庫県,姫路市,飾磨区山崎５３９番地,6728097
9140001064410,株式会社飯塚電機,兵庫県,姫路市,神屋町４丁目９２番地,6700836
9140001064419,株式会社アーカーズプロ,兵庫県,姫路市,白浜町寺家２丁目８番地３,6728012
9140001064427,株式会社環空社,兵庫県,姫路市,四郷町東阿保１２２５番地１,6710247
9140001064451,株式会社ＳＴＵＤＹ　ＬＩＧＨＴ　Ｃｏｒｐｏｒａｔｉｏｎ,兵庫県,姫路市,岡町２３番地,6700026
9140001064476,ケイウッド工房株式会社,兵庫県,姫路市,豊富町神谷１２０８番地の８,6792121
9140001064484,株式会社ヒューチャーサイエンス,兵庫県,姫路市,飾磨区恵美酒８９番地１０,6728057
9140001064492,株式会社しおか,兵庫県,姫路市,飾磨区今在家５丁目３１番地３,6728079
9140001064501,株式会社ＮＥＧ,兵庫県,姫路市,飾磨区中島字高浜４１４−９５,6728035
9140001064518,株式会社ヱリショウ,兵庫県,姫路市,二階町１８番地,6700922
9140001064526,株式会社ウィルコン,兵庫県,姫路市,広畑区西夢前台５丁目３０６番地,6711103
9140001064542,リンクアップ株式会社,兵庫県,姫路市,網干区坂上３４２番地１,6711223
9140001064550,株式会社サーフマネジメント,兵庫県,姫路市,北平野１丁目７番１６号,6700893
9140001064559,三協建設工業株式会社,兵庫県,姫路市,飯田３丁目２１６−１姫路愛和ビル２階,6700974
9140001064567,株式会社アズマ,兵庫県,姫路市,四郷町見野８７６番地１３,6710244
9140001064575,株式会社ケイ・システム,兵庫県,姫路市,市之郷町４丁目１４番地の４,6700943
9140001064583,朝日海運建設株式会社,兵庫県,姫路市,飾磨区構３丁目５８４番地３,6728071
9140001064591,株式会社エステートサービス,兵庫県,姫路市,辻井１丁目１２番５−８０１号,6700083
9140001064600,株式会社カーショップＢｉｇ−１,兵庫県,姫路市,上手野３５９番地１,6700065
9140001064625,株式会社ナカニシ,兵庫県,姫路市,若菜町２丁目２５番地,6700941
9140001064658,株式会社明伸,兵庫県,姫路市,佃町９番地,6728049
9140001064666,株式会社トレイド,兵庫県,姫路市,飾磨区恵美酒８５番地２−２０３,6728057
9140001064674,株式会社じょんのび,兵庫県,姫路市,飾磨区玉地８０９−１クリーンピア山電飾磨駅東９０３号室,6728052
9140001064682,ゴールデン企画株式会社,兵庫県,姫路市,伊伝居１１０番地２,6700871
9140001064699,株式会社ＫＰＣ,兵庫県,姫路市,飾磨区細江１２０番地,6728064
9140001064716,株式会社えにし,兵庫県,姫路市,白鳥台１丁目２４番３号,6712245
9140001064724,株式会社Ａｉｋｏｕ,兵庫県,姫路市,飾磨区上野三丁目１２８番地,6700000
9140001064732,大古瀬工業株式会社,兵庫県,姫路市,夢前町杉之内１３４番地１,6712111
9140001064740,ミント株式会社,兵庫県,姫路市,城北新町１丁目１１番３１号,6700883
9140001064757,株式会社エルテック,兵庫県,姫路市,北条永良町２４６番地,6700946
9140001064765,株式会社アイエス,兵庫県,姫路市,紺屋町５０番地,6700924
9140001064773,株式会社レックス,兵庫県,姫路市,飾磨区中島３丁目２０番地２,6728035
9140001064823,株式会社雁木運輸,兵庫県,姫路市,北原２４４番地の６,6728002
9140001064848,株式会社フジプランテック,兵庫県,姫路市,菅生台１２番地１市営六角住宅７棟７２０２号,6712243
9140001064856,株式会社大伸,兵庫県,姫路市,飾磨区中島字川尻新田下３２２３番地,6728035
9140001064864,株式会社ヒューマンケア,兵庫県,姫路市,広畑区東新町２丁目６１番２サンフェニックス２１、１階,6711121
9140001064872,株式会社山季,兵庫県,姫路市,家島町宮９４２番地,6720102
9140001064880,株式会社ＭＩＸ,兵庫県,姫路市,北条宮の町２５７番地,6700948
9140001064889,株式会社テガラフーズ,兵庫県,姫路市,延末１丁目６６番地,6700966
9140001064897,株式会社Ｂｅ企画,兵庫県,姫路市,網干区新在家２９０番地２４,6711234
9140001064906,株式会社シンセリティサービス,兵庫県,姫路市,飾磨区中島１丁目４６３番地,6728035
9140001064914,陽福工業株式会社,兵庫県,姫路市,網干区浜田７１０番地,6711242
9140001064922,株式会社ナーシングホームのじぎく,兵庫県,姫路市,北平野１丁目５番７号,6700893
9140001064930,株式会社ひめじ総合園芸センター,兵庫県,姫路市,保城２２番地１０,6700804
9140001064939,株式会社高田ビルディング,兵庫県,姫路市,飾磨区野田町１２７番地,6728040
9140001064947,Ｔｃａｒｅ株式会社,兵庫県,姫路市,御国野町深志野８００番地４６,6710231
9140001064955,株式会社アクアプラス,兵庫県,姫路市,飾磨区構４丁目１４０番地,6728071
9140001064963,株式会社セイダイ,兵庫県,姫路市,御国野町国分寺３０２番地５,6710234
9140001064971,株式会社ドリーム,兵庫県,姫路市,飾磨区清水３丁目８０番地,6728051
9140001064988,丸新水産株式会社,兵庫県,姫路市,網干区興浜２０９３番地１３３,6711241
9140001064996,株式会社笑永舎,兵庫県,姫路市,網干区興浜１３４２番地１５,6711241
9140001065004,株式会社クラストホーム,兵庫県,姫路市,南町７番２,6700912
9140001065012,山一産業株式会社,兵庫県,姫路市,白浜町甲７２３番地６,6728023
9140001065029,株式会社ウェブマトリックス,兵庫県,姫路市,広畑区本町５丁目６０８−２,6711114
9140001065037,大輝建設株式会社,兵庫県,姫路市,井ノ口２６９番１,6700983
9140001065045,株式会社エルム開発,兵庫県,姫路市,勝原区勝山町１３３番地４５３,6711202
9140001065053,Ｋ−Ｊｕｎｃｔｉｏｎ株式会社,兵庫県,姫路市,別所町佐土２丁目１４１番地ハッピーロード佐土２０２号,6710224
9140001065061,株式会社コネクトコーポレーション,兵庫県,姫路市,豊沢町２４番地,6700964
9140001065078,株式会社アートアンドコンセプト,兵庫県,姫路市,名古山町９番１２号,6700051
9140001065086,アイ・コンストラクション株式会社,兵庫県,姫路市,福沢町３２番地,6700992
9140001065094,株式会社岩崎,兵庫県,姫路市,野里上野町１丁目１１番１５号,6700814
9140001065103,株式会社みどり不動産,兵庫県,姫路市,東延末４１９番地ヤマサオフィスビル２０１号,6700965
9140001065128,内海工業株式会社,兵庫県,姫路市,夢前町前之庄７５０番地１,6712103
9140001065136,株式会社関西ボンド,兵庫県,姫路市,広畑区西夢前台４丁目２３６番地,6711103
9140001065144,株式会社ＯＳ・ＵＰ,兵庫県,姫路市,玉手３丁目６３１番地,6700985
9140001065152,株式会社ＧＯＯＤ　ＪＯＢ,兵庫県,姫路市,御国野町深志野２１７−１,6710231
9140001065160,株式会社フォーリブ,兵庫県,姫路市,北平野１丁目３番２７号,6700893
9140001065169,株式会社ＴＣＳ,兵庫県,姫路市,西中島５４番地１,6700805
9140001065185,ＦＯＵＲ　ＳＥＡ　ＣＲＥＷＳ株式会社,兵庫県,姫路市,広畑区高浜町２丁目３２番地２,6711153
9140001065193,株式会社クリエイトホームズ,兵庫県,姫路市,西駅前町８８番地キャスパ１Ｆ,6700913
9140001065219,古西建設株式会社,兵庫県,姫路市,網干区余子浜２番地,6711254
9140001065227,上杉皮革株式会社,兵庫県,姫路市,花田町高木６番地,6710256
9140001065235,株式会社空,兵庫県,姫路市,神和町１１番地,6700834
9140001065243,株式会社エムエムケー４５,兵庫県,姫路市,西中島２８０−５光晴ビル２Ｆ,6700805
9140001065268,株式会社さくらビジネス,兵庫県,姫路市,福沢町１３番地高田ビル２階,6700992
9140001065276,株式会社橋本鐵工,兵庫県,姫路市,林田町八幡２１番地１,6794215
9140001065284,信栄海運建設株式会社,兵庫県,姫路市,家島町真浦６０６番地,6720101
9140001065292,株式会社タカネン,兵庫県,姫路市,香寺町香呂２１０番地１,6792151
9140001065301,株式会社豊栄総合物流,兵庫県,姫路市,御立西２丁目７番９号,6700074
9140001065318,株式会社住宅情報センター,兵庫県,姫路市,土山７丁目６番１０号,6700996
9140001065334,株式会社アクアライフ,兵庫県,姫路市,網干区浜田１５番地２,6711242
9140001065342,株式会社彩華,兵庫県,姫路市,大津区勘兵衛町２丁目１９７番地,6711132
9140001065350,株式会社フレスト,兵庫県,姫路市,飾磨区蓼野町１３３番地,6728072
9140001065359,株式会社兵庫リサイクル,兵庫県,姫路市,東延末２丁目６７,6700965
9140001065367,株式会社バサラダイニング,兵庫県,姫路市,飾磨区清水５１番地８０３,6728051
9140001065375,株式会社ハクロマーク製作所,兵庫県,姫路市,保城３３７番地１,6700804
9140001065391,株式会社大杜,兵庫県,姫路市,東山８４番地８,6728014
9140001065400,第二石油株式会社,兵庫県,姫路市,土山１丁目３番５号,6700996
9140001065409,ヤマト電気設備株式会社,兵庫県,姫路市,大津区天神町２丁目１３０番地,6711131
9140001065417,時代おくれのスマートハウス実行委員会株式会社,兵庫県,姫路市,阿保甲８４５番,6700944
9140001065425,株式会社福田興業,兵庫県,姫路市,野里９１４番地９,6700811
9140001065433,コージン開発株式会社,兵庫県,姫路市,東今宿３丁目６番１２号,6700056
9140001065441,株式会社ノーブランド,兵庫県,姫路市,岡田１０４−１第三手柄６０４,6700982
9140001065458,株式会社セイフ総合保険,兵庫県,姫路市,白鳥台３丁目２２番２４号,6712245
9140001065466,株式会社アレクシード,兵庫県,姫路市,網干区垣内東町１８８番地エトウビル１Ｆ,6711252
9140001065490,株式会社山通,兵庫県,姫路市,三条町１丁目３１番地,6700953
9140001065499,らいふ保険グループ株式会社,兵庫県,姫路市,広畑区西蒲田１８４３番地,6711107
9140001065508,坂上興産株式会社,兵庫県,姫路市,飾磨区城南町３丁目４６番地,6728083
9140001065516,株式会社スイートアグリ常盤,兵庫県,姫路市,山田町牧野２２２番地,6792114
9140001065524,Ｏ’ＰｒｏＣ株式会社,兵庫県,姫路市,白浜町丙６１２番地４５,6728023
9140001065540,株式会社ＳＹＫ,兵庫県,姫路市,御立西２丁目７番９号,6700074
9140001065557,株式会社Ｆｉｖｅ　Ｓｔａｒ,兵庫県,姫路市,忍町１７２番地１ワコーレ姫路クロススクエア９０１号,6700917
9140001065565,株式会社淺田自動車部品,兵庫県,姫路市,実法寺５１番地の１,6712244
9140001065573,株式会社Ｒ・Ｋ環境サービス,兵庫県,姫路市,城見町１１５番地,6700831
9140001065581,株式会社ＧＬＵ,兵庫県,姫路市,古二階町１７５番地,6700936
9140001065598,株式会社岩屋営農,兵庫県,姫路市,豊富町神谷１４８１番地,6792121
9140001065607,ジャンボパーキング株式会社,兵庫県,姫路市,南駅前町５７番地,6700962
9140001065615,株式会社三興テクニカ,兵庫県,姫路市,立町２０番地,6700903
9140001065623,ＮＩＳＳＨＡプレシジョン・アンド・テクノロジーズ株式会社,兵庫県,姫路市,余部区上余部５０番地,6711262
9140001065631,株式会社大塚眞一郎商店,兵庫県,姫路市,勝原区丁３０４番地２,6711203
9140001065648,株式会社フジ,兵庫県,姫路市,花田町勅旨１３５番地の１７,6710254
9140001065656,株式会社常施工,兵庫県,姫路市,保城５２０−１,6700804
9140001065664,株式会社紘宇運輸,兵庫県,姫路市,広畑区長町１丁目１８番地の１,6711125
9140001065689,株式会社佐竹工業,兵庫県,姫路市,岡田４８２番地１２,6700982
9140001065697,株式会社ＤＮＰプレシジョンデバイス姫路,兵庫県,姫路市,飾磨区妻鹿日田町１番７,6728033
9140001065706,株式会社ハイビスカスボートクラブ,兵庫県,姫路市,本町１５５番地,6700012
9140001065722,株式会社エムズアイ,兵庫県,姫路市,丸尾町１２番地４,6700827
9140001065730,阿部工業株式会社,兵庫県,姫路市,飯田３丁目９９番地３,6700974
9140001065739,株式会社アイ・システム,兵庫県,姫路市,土山７丁目９番地９,6700996
9140001065747,阪上板金株式会社,兵庫県,姫路市,南条３丁目１０９番地１,6700952
9140001065755,株式会社ブラス,兵庫県,姫路市,香寺町中仁野１０１番地２,6792143
9140001065763,株式会社アイアンドユー,兵庫県,姫路市,夢前町寺１０６番地２,6712116
9140001065788,株式会社ＭＩＤテクノ,兵庫県,姫路市,兼田３７番地,6728001
9140001065796,株式会社山田林業,兵庫県,姫路市,北平野南の町１３番５８号,6700887
9140001065821,長谷川興産株式会社,兵庫県,姫路市,別所町別所１７１８番地,6710221
9140001065838,株式会社ｇ・ｙ・ｃｏｒｐｏｒａｔｉｏｎ,兵庫県,姫路市,大津区天神町１丁目２０番地１,6711131
9140001065846,株式会社夢創建,兵庫県,姫路市,豊富町神谷５４５番地６,6792121
9140001065854,株式会社坂谷,兵庫県,姫路市,花田町勅旨３１７番地１,6710254
9140001065862,株式会社ライフクリエイト,兵庫県,姫路市,飾磨区三宅３丁目１５,6728048
9140001065870,株式会社イエナガ地所,兵庫県,姫路市,四郷町東阿保１１０２番地１,6710247
9140001065887,魚田商工株式会社,兵庫県,姫路市,白浜町甲８３０番地４,6728023
9140001065895,株式会社鶴鶴亭,兵庫県,姫路市,青山北２丁目１４−２２,6712221
9140001065904,株式会社エムシーコーポレーション,兵庫県,姫路市,青山５丁目９番１号,6712222
9140001065912,株式会社ＫＯＵＳＹＯ,兵庫県,姫路市,飾西７４８,6712216
9140001065920,株式会社サークル地所,兵庫県,姫路市,船丘町２９０番地３,6700034
9140001065953,株式会社ａｒｔｅ,兵庫県,姫路市,苫編南１丁目１４３番地,6700987
9140001065961,ワンテナーズトレーディング株式会社,兵庫県,姫路市,増位新町２丁目１９番地野里駅前ビル４０２号室,6700806
9140001065978,株式会社ラディエンス,兵庫県,姫路市,白浜町宇佐崎北２丁目２８番地６,6728013
9140001065986,ヒラカワ建設株式会社,兵庫県,姫路市,神子岡前１丁目９番１１号,6700055
9140001065994,株式会社ライムエステート,兵庫県,姫路市,勝原区熊見６１番地１グランドール勝原ＩＩ１Ｆ,6711211
9140001066002,モトリークルー株式会社,兵庫県,姫路市,飾磨区上野田５丁目２０２番地,6728043
9140001066010,株式会社加藤建築,兵庫県,姫路市,大塩町汐咲１丁目８番１−２階,6710102
9140001066019,パイオニア食品株式会社,兵庫県,姫路市,北新在家３丁目２番１６号,6700091
9140001066027,システムクリエイト株式会社,兵庫県,姫路市,駅前町２９１番地,6700927
9140001066035,株式会社プライム,兵庫県,姫路市,南駅前町６２番地,6700962
9140001066043,株式会社絆,兵庫県,姫路市,勝原区丁５１３番地２,6711203
9140001066051,株式会社トラスト介護グループ,兵庫県,姫路市,町田１３３番地１,6712217
9140001066076,株式会社五味屋,兵庫県,姫路市,駅前町２９９番地,6700927
9140001066101,株式会社Ａ．Ｈ．Ｌ,兵庫県,姫路市,飾磨区今在家北３丁目１１５番地,6728090
9140001066118,ＷＤＢ独歩株式会社,兵庫県,姫路市,豊沢町７９番地,6700964
9140001066126,株式会社ＳＫファシリティー,兵庫県,姫路市,豊沢町２４番地,6700964
9140001066134,株式会社ＺＡＰＰＡ,兵庫県,姫路市,石倉５４番地７,6712231
9140001066150,株式会社エコ・ワールド,兵庫県,姫路市,四郷町坂元１７１番地４,6710246
9140001066159,ロバスト・ジャパン株式会社,兵庫県,姫路市,二階町８０番地,6700922
9140001066167,株式会社Ｌｅｘｎ,兵庫県,姫路市,神子岡前１丁目６番３号,6700055
9140001066175,株式会社アリス・エ・レーヌ,兵庫県,姫路市,西庄甲３４８番地,6700981
9140001066183,株式会社キャッスルメディカ,兵庫県,姫路市,城北新町１丁目１１−２４−３０３,6700883
9140001066191,株式会社ドリーム,兵庫県,姫路市,夢前町前之庄３０１６番地１,6712103
9140001066200,株式会社デコ,兵庫県,姫路市,大塩町１７７３番地４,6710101
9140001066209,株式会社サンワ,兵庫県,姫路市,書写１０４９番地７,6712201
9140001066217,株式会社アズウィル,兵庫県,姫路市,南条１丁目６番地グローバルビル３Ｆ,6700952
9140001066233,アルク株式会社,兵庫県,姫路市,東雲町３丁目６番地東雲ロイヤルハイツビル１Ｆ,6700046
9140001066241,株式会社和田,兵庫県,姫路市,花田町高木４３番地１,6710256
9140001067339,株式会社ＫＦサポート,兵庫県,姫路市,三左衛門堀東の町７６番地リーガルビル１−Ａ,6700949
9140001067396,株式会社アイ企画,兵庫県,姫路市,西延末１１７番地１０,6700971
9140001067495,株式会社Ｋ＆Ｋ,兵庫県,姫路市,飾磨区矢倉町２丁目２１番地,6728093
9140001067504,株式会社ＳＭＡＲＴ,兵庫県,姫路市,坊主町８４番地,6700011
9140001067644,株式会社ＡＡＡサポート,兵庫県,姫路市,神屋町６丁目８９番地,6700836
9140001070202,株式会社フジタ,兵庫県,姫路市,広畑区蒲田４丁目１７５番地,6711102
9140001077585,株式会社シュガーインク,兵庫県,姫路市,東延末４丁目６０番地,6700965
9140001077610,株式会社アカマツ,兵庫県,姫路市,御立西１丁目１６番１０号,6700074
9140001077767,株式会社Ｌｉｐｓｕｓ,兵庫県,姫路市,四郷町東阿保５０７番地１７,6710247
9140001077874,株式会社バンリュー,兵庫県,姫路市,楠町９９番地５,6700826
9140001077890,株式会社エコソリューション,兵庫県,姫路市,広畑区東新町３丁目１４５−１５,6711121
9140001086487,ｉ−ＴＥＣ株式会社,兵庫県,姫路市,勝原区丁１３３番地２５２,6711203
9140001086520,淡路平和観音寺株式会社,兵庫県,姫路市,北今宿２丁目５番５号,6700057
9140001086990,中西不動産株式会社,兵庫県,姫路市,南駅前町８１番地,6700962
9140001087304,株式会社結い心,兵庫県,姫路市,城北本町３番２０−２０１号,6700884
9140001087502,株式会社コンサルティングファーム・ブレイン,兵庫県,姫路市,田寺２丁目４番３−２号,6700086
9140001087592,株式会社アシストケアサービス,兵庫県,姫路市,広畑区東新町１丁目３８番地３,6711121
9140001087618,クロダコーポレーション株式会社,兵庫県,姫路市,大塩町９４４番地１,6710101
9140001087691,株式会社ｅｖｅｒ,兵庫県,姫路市,四郷町坂元２７４−１,6710246
9140001087766,株式会社ブリスク,兵庫県,姫路市,久保町１３９番地,6700916
9140001087782,株式会社ペンワーク,兵庫県,姫路市,網干区田井２２３番地,6711221
9140001087898,株式会社ＬＯＴＵＳ,兵庫県,姫路市,南条１丁目２６番地,6700952
9140001087956,株式会社向洋,兵庫県,姫路市,夢前町寺８５９番地,6712116
9140001088624,上杉工業株式会社,兵庫県,姫路市,御国野町国分寺２３１番地４,6710234
9140001088822,プレゼンス株式会社,兵庫県,姫路市,広畑区蒲田２丁目８７番地,6711102
9140001088830,株式会社サイドライン,兵庫県,姫路市,亀山１８９番地５,6700973
9140001088839,大壮運輸株式会社,兵庫県,姫路市,四郷町東阿保１０９５番地１,6710247
9140001089184,株式会社スマートネクスト,兵庫県,姫路市,大寿台２丁目５番１６号,6700898
9140001089291,株式会社バース,兵庫県,姫路市,城北新町１丁目７番４４号,6700883
9140001089333,ミューズフル株式会社,兵庫県,姫路市,五軒邸４丁目３５番地ハイツ五軒邸１０２号室,6700854
9140001089358,エコバンクス株式会社,兵庫県,姫路市,飾磨区構２丁目１４０番地,6728071
9140001089606,株式会社徳侍郎,兵庫県,姫路市,亀山２丁目１８２番２,6700973
9140001089762,株式会社ストレートフォワード,兵庫県,姫路市,神子岡前１丁目４番３号,6700055
9140001090035,株式会社Ｒｅｌａｔｉｏｎ,兵庫県,姫路市,勝原区宮田５１８−５,6711213
9140001090191,株式会社申知,兵庫県,姫路市,福中町２３番地ハイツカンバラ３−Ａ,6700017
9140001090233,株式会社三晃プラント,兵庫県,姫路市,広畑区吾妻町１丁目４６番地,6711154
9140001090299,株式会社グローバルネット,兵庫県,姫路市,岡田３５０番地１,6700982
9140001090308,株式会社エバシ,兵庫県,姫路市,北今宿３丁目１６番３５号,6700057
9140001090340,株式会社ワイズ,兵庫県,姫路市,北条梅原町２４４番地２,6700945
9140001090381,株式会社防災サポート,兵庫県,姫路市,大塩町３７０番地５,6710101
9140001090571,株式会社サクセスサポートオフィス,兵庫県,姫路市,東辻井１丁目８番３５号,6700084
9140001090621,株式会社ＫＴ　ｃｏｎｓｔｒｕｃｔｉｏｎ,兵庫県,姫路市,飾磨区中島５２６番地５,6728035
9140001090695,株式会社ＧＦＩＡ,兵庫県,姫路市,大津区平松１４７番地２,6711145
9140001090976,株式会社三貴工業,兵庫県,姫路市,網干区浜田１５３番地４,6711242
9140001091009,ライフ・ネットワーク株式会社,兵庫県,姫路市,大塩町６５０番地１６,6710101
9140001091025,アグリファームＭＫ株式会社,兵庫県,姫路市,四郷町山脇１４番地,6710248
9140001091198,エヌ・ブレイブ株式会社,兵庫県,姫路市,相野２０１番地,6712232
9140001091207,株式会社ＬＥＥフードクリエイト,兵庫県,姫路市,北条宮の町２５５リベール姫路サウスフィールド２０５,6700948
9140001091347,株式会社ＨＵＪＹ,兵庫県,姫路市,林田町新町１１６６番地,6794205
9140001091413,株式会社星山機工,兵庫県,姫路市,別所町別所１丁目６３番地,6710221
9140001091421,株式会社ベスト・ケアー,兵庫県,姫路市,八代宮前町１５番２０号,6700885
9140001091438,アイジイシイ株式会社,兵庫県,姫路市,網干区北新在家１４３番地２,6711235
9140001091446,株式会社ファイトジョブ,兵庫県,姫路市,飾磨区中島５５３番地７,6728035
9140001091867,株式会社シンシア,兵庫県,姫路市,別所町小林３２３番地,6710222
9140001091917,株式会社未来,兵庫県,姫路市,飾磨区今在家１４４０番地１１,6728079
9140001091999,株式会社ティーズイノベーション,兵庫県,姫路市,網干区津市場２０３７番地３,6711224
9140001092361,Ｎ−ＳＴＹＬＥ株式会社,兵庫県,姫路市,西八代町１番２７−８０２号,6700876
9140001092411,夕凪海運株式会社,兵庫県,姫路市,家島町真浦２３０１番地,6720101
9140001092444,株式会社乾兵衛,兵庫県,姫路市,花田町小川４３番地５,6710255
9140001092659,株式会社姫路ペットサポート,兵庫県,姫路市,別所町北宿１４０２番地,6710223
9140001092915,株式会社Ｇｏｉｎｇ,兵庫県,姫路市,花田町上原田２２２−４,6710251
9140001092980,株式会社セブンプラス,兵庫県,姫路市,北条梅原町２４１番地,6700945
9140001093087,株式会社山陸運送,兵庫県,姫路市,安富町安志６００番地１０１,6712401
9140001093161,日本潤億嘉貿易株式会社,兵庫県,姫路市,元町７５番地１１元町東ビル２０６,6700049
9140001093236,株式会社ランドマーク・パートナーズ,兵庫県,姫路市,西二階町５９番地,6700901
9140001093475,倭風酔株式会社,兵庫県,姫路市,白浜町乙４７０番地３,6728023
9140001093541,ヒカリ株式会社,兵庫県,姫路市,網干区垣内西町１９７３番地４,6711256
9140001093640,株式会社エクセレントジョブ,兵庫県,姫路市,阿保８４４番地,6700944
9140001093731,エアーカムジャパン株式会社,兵庫県,姫路市,田寺東４丁目１８番７号,6700081
9140001093888,株式会社サンメディカルサポート,兵庫県,姫路市,飾磨区思案橋９６番地,6728075
9140001093905,株式会社ヨシリゾートワークス,兵庫県,姫路市,白浜町甲３９５番地７,6728023
9140001093987,株式会社エスアール,兵庫県,姫路市,香寺町須加院１３０番地１１,6792132
9140001094143,ソートフル株式会社,兵庫県,姫路市,南条６１４番地,6700952
9140001094481,ＪＫ姫路南ビル株式会社,兵庫県,姫路市,東延末４丁目７０番地,6700965
9140001094548,株式会社ＫＤＭエステート,兵庫県,姫路市,白国１丁目１２３番１８号,6700808
9140001094580,株式会社ＰＯＤ,兵庫県,姫路市,飾磨区都倉３丁目６番地,6728046
9140001094614,株式会社岡本,兵庫県,姫路市,香寺町溝口４７８−４,6792161
9140001094770,株式会社ＴＢＫ,兵庫県,姫路市,四郷町見野９９２番地１３,6710244
9140001094779,株式会社ＭＡＫＯＴＯ,兵庫県,姫路市,別所町小林３６５−１,6710222
9140001095364,インボックス株式会社,兵庫県,姫路市,飾東町塩崎１１８番地,6710211
9140001095505,株式会社コウベハット,兵庫県,姫路市,西今宿３丁目１２番３９号,6700061
9140001095645,株式会社ネクストステージ,兵庫県,姫路市,広畑区小松町２丁目５９番地２,6711152
9140001095760,株式会社良品生産,兵庫県,姫路市,四郷町山脇２８３番地,6710248
9140001096098,株式会社いわい工業,兵庫県,姫路市,忍町１７２−１−３０３,6700917
9140001096180,株式会社ダン・ド・リヨン,兵庫県,姫路市,十二所前町６６番地,6700911
9140001096362,株式会社カザリ,兵庫県,姫路市,船丘町２９３,6700034
9140001096395,姫路ベトナム語サービス株式会社,兵庫県,姫路市,網干区浜田４番地４,6711242
9140001096461,株式会社Ｄｒｅａｍ　Ｆａｃｔｏｒｙ,兵庫県,姫路市,増位新町１丁目１０番地花の北ハイツＥ棟２０２号,6700806
9140001096643,株式会社インプルーヴ,兵庫県,姫路市,飾磨区下野田１丁目１４６番地,6728044
9140001096676,株式会社Ｐｅｔｓ＆Ｈｕｍａｎｓ　Ｓｕｐｐｏｒｔ,兵庫県,姫路市,香寺町相坂３７３−２,6792154
9140001096767,スカイジャパンホールディングス株式会社,兵庫県,姫路市,東夢前台３丁目６２番地,6700064
9140001096916,伊東保温工業株式会社,兵庫県,姫路市,飾磨区妻鹿３９４番地６,6728031
9140001096932,株式会社トーシン食販,兵庫県,姫路市,船津町１２６８番地６,6792101
9140001096965,株式会社浦電機工事,兵庫県,姫路市,大津区勘兵衛町１丁目１番地９,6711132
9140001097006,株式会社鎌谷工業,兵庫県,姫路市,豊富町御蔭２５０番地４７,6792122
9140001097179,株式会社ＳＯＭＥ　ＬＩＮＥ,兵庫県,姫路市,豊沢町２４番地,6700964
9140001097212,カイオウ株式会社,兵庫県,姫路市,飾磨区中島３２４５番地,6728035
9140001097468,株式会社ナルヤコーポレーション,兵庫県,姫路市,阿保甲３８６番地１,6700944
9140001097617,株式会社青杜,兵庫県,姫路市,飾東町志吹３８１番地,6710216
9140001097699,株式会社富川,兵庫県,姫路市,飾磨区英賀甲１９５６番地２４,6728078
9140001097773,株式会社晟達,兵庫県,姫路市,安富町長野１６４番地１,6712421
9140001097939,株式会社ワールドアシスト,兵庫県,姫路市,飾磨区阿成植木１０２９番地,6728030
9140001098763,株式会社アドナインピクチャーズ,兵庫県,姫路市,小姓町３５番地１の２９船場西ビル２階６号,6700043
9140001098945,株式会社ミルコ,兵庫県,姫路市,書写２５３１番地６,6712201
9140001099027,サソーホールディングス株式会社,兵庫県,姫路市,北条梅原町１４５番地,6700945
9140001099134,ＳＤコンサル株式会社,兵庫県,姫路市,福沢町１３７番地５０５,6700992
9140001099191,春美国際貿易株式会社,兵庫県,姫路市,魚町３６番地幸和ビル３、２Ｆ−４号,6700905
9140001099258,株式会社ｂａ４ｃ,兵庫県,姫路市,佃町２６番地１城陽ビル３Ｆ,6728049
9140001099332,株式会社アライ・メディカルサポート,兵庫県,姫路市,安田４丁目５３番地１４,6700955
9140001099506,永和エステート株式会社,兵庫県,姫路市,花田町小川３７番地３,6710255
9140001099621,株式会社トラストパートナーズ,兵庫県,姫路市,西延末２７３番地３,6700971
9140001099638,美和産業株式会社,兵庫県,姫路市,上手野３８０番地錦アトリオ１０７,6700065
9140001099679,株式会社サイクルランドＤＥＰＯ,兵庫県,姫路市,飾磨区上野田１丁目２番,6728043
9140001099869,藤井空設株式会社,兵庫県,姫路市,北条宮の町１６２番地,6700948
9140001099910,株式会社ラフター,兵庫県,姫路市,花田町上原田５８３番地,6710251
9140001100025,株式会社ＮＡＫＡＳＨＩＭＡ,兵庫県,姫路市,四郷町山脇８３５番地,6710248
9140001100041,株式会社オフィスしもん,兵庫県,姫路市,西大寿台４番６号,6700897
9140001100470,株式会社皇紀,兵庫県,姫路市,野里５０２番地１−７０４,6700811
9140001100990,株式会社ＧＯＲＺ,兵庫県,姫路市,大津区勘兵衛町２丁目８６−２,6711132
9140001101122,株式会社日本サービス,兵庫県,姫路市,八代東光寺町１４番１９号,6700873
9140001101411,株式会社兵庫アクアテック,兵庫県,姫路市,打越５０番地１,6712246
9140001101485,株式会社垣内工業,兵庫県,姫路市,四郷町見野１０６２番地１,6710244
9140001101618,株式会社ビィエム,兵庫県,姫路市,西今宿１丁目３−１６,6700061
9140001101634,株式会社堀田土建,兵庫県,姫路市,豊富町豊富８９５番地１,6792123
9140001101766,ナリタコーポレーション株式会社,兵庫県,姫路市,岡田５０６番地２５,6700982
9140001102038,株式会社管栄テクノス,兵庫県,姫路市,広畑区西蒲田１１０４−１,6711107
9140001102260,株式会社ムロヤ,兵庫県,姫路市,網干区大江島１５番地,6711231
9140001102500,株式会社関西土地建物,兵庫県,姫路市,土山３丁目３番１０−４０２号万葉ハイツ,6700996
9140001102698,株式会社近畿ワークテック,兵庫県,姫路市,広畑区西夢前台５丁目２８７番地,6711103
9140001102748,ＺＵＮＤホールディングス株式会社,兵庫県,姫路市,野里３２７−１,6700811
9140001102772,近畿ＢＳ株式会社,兵庫県,姫路市,広畑区北野町２丁目８０番地３,6711112
9140001102806,株式会社ＰＬＳ,兵庫県,姫路市,野里９０２番地５ヴェルビュ野里２０１,6700811
9140001103093,株式会社みらいワークス,兵庫県,姫路市,福沢町３番地,6700992
9140001103325,株式会社アシスト,兵庫県,姫路市,白浜町宇佐崎北３丁目４５−１,6728013
9140001103457,株式会社和招縁,兵庫県,姫路市,塩町１７７番地アールビル１Ｆ,6700904
9140001103647,株式会社グランオートビレッジ,兵庫県,姫路市,広畑区吾妻町３丁目１３番地,6711154
9140001103837,株式会社建心,兵庫県,姫路市,土山７丁目９番４号,6700996
9140001104067,株式会社來住建設,兵庫県,姫路市,広畑区蒲田４丁目２１３番地２,6711102
9140001104240,滝川空調設備株式会社,兵庫県,姫路市,広畑区西夢前台４丁目５番地,6711103
9140001104389,株式会社ラフポケット,兵庫県,姫路市,東延末１丁目５番地姫路駅南タイホービル６階,6700965
9140001104604,株式会社くらすＯＮＥ,兵庫県,姫路市,下手野２丁目４−３ＫＵＲＡＳＵ−ＯＮＥ・ＢＬＤ１Ｆ,6700063
9140001104645,株式会社平山工機,兵庫県,姫路市,辻井６丁目１６番２１号,6700083
9140001104703,株式会社セイキ・ホームズ,兵庫県,姫路市,名古山町１番５号,6700051
9140001104934,株式会社ジーエムプラス,兵庫県,姫路市,広畑区高浜町２丁目５８番地４,6711153
9140001105024,株式会社ＨＥＡＲＴ　ＦＵＬＬ,兵庫県,姫路市,野里１９９番地１メゾン・セラヴィー野里,6700811
9140001105098,株式会社ペインターズ,兵庫県,姫路市,飯田３丁目２１９番地１,6700974
9140001105131,株式会社ロンド・ベル,兵庫県,姫路市,南八代町１４番１９号,6700875
9140001105164,はなぶさ産業株式会社,兵庫県,姫路市,白浜町宇佐崎北３丁目４８７番地１,6728013
9140001105255,株式会社北組,兵庫県,姫路市,夢前町前之庄１６３番地４,6712103
9140001105296,株式会社Ｉ’ｓグループ,兵庫県,姫路市,広畑区西蒲田８３９番地,6711107
9140001105420,株式会社フォルツァ,兵庫県,姫路市,北条口４丁目１０番地,6700935
9140001105692,ナカシマ塗装株式会社,兵庫県,姫路市,御立西６丁目４番６号,6700074
9140001105833,株式会社播州広告,兵庫県,姫路市,北条梅原町２４１番地,6700945
9140001105932,みあ音楽室株式会社,兵庫県,姫路市,山畑新田７４１番地,6700036
9140001106138,安川製瓦店株式会社,兵庫県,姫路市,四郷町山脇６０５番地,6710248
9140001106187,ヒョウモクコーポレーション株式会社,兵庫県,姫路市,広畑区高浜町１丁目４９番地１,6711153
9140001106336,アイルアートペイント株式会社,兵庫県,姫路市,御立西６丁目４番６号,6700074
9140001106393,株式会社ＭＡＲＵＴＡ,兵庫県,姫路市,花田町加納原田５８８番地２０,6710252
9140001106410,株式会社アビリティ,兵庫県,姫路市,西今宿５丁目１−３２,6700061
9140001106484,中嶋工業株式会社,兵庫県,姫路市,飾磨区阿成鹿古３７２番地１,6728038
9140001106600,株式会社カナウチ建設,兵庫県,姫路市,亀山１丁目８７番地,6700973
9140001106617,株式会社ＣＯＲＳＡ,兵庫県,姫路市,夢前町前之庄２００５番地２,6712103
9140001106674,株式会社八起,兵庫県,姫路市,北原３６２番地１,6728002
9140001106765,株式会社大江工業,兵庫県,姫路市,相野９１２番地５,6712232
9140001106856,株式会社栄福堂,兵庫県,姫路市,神和町１４６番地,6700834
9140001106906,株式会社ビリーブインターナショナル,兵庫県,姫路市,飾磨区加茂南８０５番地１９,6728069
9140001107111,シマダテック株式会社,兵庫県,姫路市,広畑区小松町４丁目１２番地,6711152
9140001107235,株式会社心音,兵庫県,姫路市,城北新町２丁目５番３２号,6700883
9140001107466,株式会社ＥＩＮＥ,兵庫県,姫路市,下手野５丁目２０番２１号,6700063
9140001107474,株式会社宮番匠一,兵庫県,姫路市,書写２９１５番地６,6712201
9140001107573,株式会社グリース,兵庫県,姫路市,西庄甲３８１番地２,6700981
9140001107689,株式会社プラス,兵庫県,姫路市,花田町勅旨４６番地２,6710254
9140001107846,株式会社ＳＹＯＳＨＩＮ,兵庫県,姫路市,飾東町庄２６３番地１２,6710218
9140001107978,陽康株式会社,兵庫県,姫路市,野里９５１番地８４,6700811
9140001108076,株式会社畦浦設計事務所,兵庫県,姫路市,青山北１丁目３番１２号,6712221
9140001108150,株式会社石川組,兵庫県,姫路市,飾磨区構１０７１番地６,6728071
9140001108381,株式会社エムプラス,兵庫県,姫路市,飾磨区英賀西町２丁目７番地,6728088
9140001108415,株式会社ＳＩＢ,兵庫県,姫路市,大津区天神町２丁目１４０番地１,6711131
9140001108423,株式会社アトラスメディカル,兵庫県,姫路市,飾磨区清水３丁目６４番地,6728051
9140001108547,Ｋ＆Ｙホールディングス株式会社,兵庫県,姫路市,飾磨区清水２丁目１０３番地２０１,6728051
9140001108720,株式会社高濱自動車,兵庫県,姫路市,広畑区長町２丁目１３４番地２,6711125
9140001108753,株式会社アイ不動産,兵庫県,姫路市,市之郷１４５３番地４,6700943
9140001108811,株式会社４ｓｑｕａｒｅ,兵庫県,姫路市,網干区興浜９０７番地５４７,6711241
9140001108869,株式会社ｇｒｅｅｎ　ｏｆｆｉｃｅ,兵庫県,姫路市,元町１１３−１、２０４,6700049
9140001108951,アイランドレジデンス株式会社,兵庫県,姫路市,亀山２０９番地５,6700973
9140001109198,株式会社ニュードア,兵庫県,姫路市,辻井６丁目１７番８号,6700083
9140001109215,株式会社リスター,兵庫県,姫路市,広畑区西蒲田１５８４番地,6711107
9140001109512,株式会社カジワラ設計,兵庫県,姫路市,花田町小川８３２番地４セカンドベースＤ号,6710255
9140001109743,株式会社クレアランド,兵庫県,姫路市,広峰１丁目４番３５号,6700882
9140001109925,株式会社Ｐａｉｎｔ　Ａｒｔ　Ｃｒｅａ,兵庫県,姫路市,北条梅原町９１番地,6700945
9140001110239,トウカイコーポレーション株式会社,兵庫県,姫路市,宮西町３丁目５番地,6700837
9140001110429,株式会社雄興業,兵庫県,姫路市,飾磨区都倉２丁目１２７番地３,6728046
9140001110643,株式会社アーキタイプス建築設計事務所,兵庫県,姫路市,安田４丁目３１番地９ヘッドオフィスビル１Ｆ,6700955
9140001111039,エーバンス株式会社,兵庫県,姫路市,西八代町七丁目２９番地アルファステイツ城乾西八代３０５,6700876
9140001111063,ＡＡマネジメント株式会社,兵庫県,姫路市,飯田１丁目１８２−１,6700974
9140001111393,株式会社明幸興産,兵庫県,姫路市,南町５６番地２階,6700912
9140001111468,株式会社テックいまがわ,兵庫県,姫路市,夢前町前之庄４２７０番地３,6712103
9140001111492,株式会社スリーウェイ,兵庫県,姫路市,飾磨区恵美酒３７０番地３第八恵美酒マンション５０１号,6728057
9140001111550,ウチマクリエイト株式会社,兵庫県,姫路市,東延末４丁目３６番地２,6700965
9140001111609,株式会社光希,兵庫県,姫路市,飾磨区細江９７番地２エンブレイス姫路飾磨３０４,6728064
9140001111666,株式会社Ｋ．Ｓ．Ｌ,兵庫県,姫路市,玉手４丁目７２番地２,6700985
9140001111699,株式会社リッシュ・ペイ,兵庫県,姫路市,飾東町豊国４１７番地,6710219
9140001112045,株式会社誠伸建設,兵庫県,姫路市,八代７９２番地７,6700872
9140001112078,株式会社グロー,兵庫県,姫路市,神子岡前４丁目３番１０号,6700055
9140001112152,株式会社ＫＨ,兵庫県,姫路市,下手野２丁目４−３,6700063
9140001112243,日本グロービズ株式会社,兵庫県,姫路市,四郷町山脇１４２番地１,6710248
9140001112350,株式会社小嶋塗料,兵庫県,姫路市,城見町７４番地,6700831
9140001112516,株式会社ガレージアイ,兵庫県,姫路市,西庄甲４８番地１０３,6700981
9140001112805,株式会社末広商会,兵庫県,姫路市,福沢町２９番地,6700992
9140001113068,株式会社なる瀬興産,兵庫県,姫路市,下手野１丁目１番４７号,6700063
9140001113200,株式会社木場工務店,兵庫県,姫路市,木場１４２０番地２,6728016
9140001113258,株式会社Ｒｏｏｍｏｓ,兵庫県,姫路市,北条１丁目４８番地８,6700947
9140001113266,株式会社ジニアスキッズ,兵庫県,姫路市,飾磨区城南町２丁目３６番地２,6728083
9140001113274,株式会社ＫＯＥＩ,兵庫県,姫路市,飾東町佐良和１９５番地１４,6710217
9140001113357,株式会社ＮＯＲＴＨ,兵庫県,姫路市,久保町２０番地−２Ｆ,6700916
9140001113365,株式会社毛利電設,兵庫県,姫路市,名古山町９番１０−１号,6700051
9140001113456,株式会社ＨＡＲ．Ｓｐｏｒｔｓ,兵庫県,姫路市,亀山２丁目４１番地,6700973
9140001113489,株式会社パークアシスト,兵庫県,姫路市,南条５７８番地２,6700952
9140001113547,株式会社平石鉄工所,兵庫県,姫路市,保城８６９番地１,6700804
9140001113571,リノライフサポート株式会社,兵庫県,姫路市,太市中６７５番地,6712233
9140001113662,株式会社森電工,兵庫県,姫路市,豊富町豊富１７５５番地５,6792123
9140001113720,アイ・エヌ・ユー株式会社,兵庫県,姫路市,飾磨区山崎台５８番地,6728096
9140001113729,株式会社ＭＳＫ．Ｅｎｇｉｎｅｅｒｉｎｇ,兵庫県,姫路市,四郷町本郷４１２番地１,6710243
9140001113778,株式会社ラ・ソール,兵庫県,姫路市,飾磨区蓼野町４８番地,6728072
9140001113811,大栄倉庫株式会社,兵庫県,姫路市,四郷町本郷２６７番地１,6710243
9140001113927,株式会社ウツミ,兵庫県,姫路市,広畑区大町１丁目１５番地,6711155
9140001114116,株式会社Ｕ−ＳＴＹＬＥ,兵庫県,姫路市,大津区西土井１９３番地１２,6711141
9140001114132,株式会社長谷川建材,兵庫県,姫路市,香寺町中屋８７番地１０,6792144
9140001114140,和電業株式会社,兵庫県,姫路市,飾東町清住３８８番地,6710205
9140001114173,株式会社吉田,兵庫県,姫路市,大塩町１９８７番地,6710101
9140001114413,株式会社シラサギマネージメント,兵庫県,姫路市,博労町３７番地,6700906
9140001114487,株式会社ウィンドウサービス,兵庫県,姫路市,飾西３９２番地１,6712216
9140001114611,ヤマキチエンジニアリング株式会社,兵庫県,姫路市,香寺町須加院１６０番地,6792132
9140001114677,株式会社インフラプラス,兵庫県,姫路市,阿保甲８７８番地,6700944
9140001114768,谷井商店株式会社,兵庫県,姫路市,北平野南の町８番２７号,6700887
9140001114792,株式会社白鷺不動産,兵庫県,姫路市,福中町８１番地１０１,6700017
9140001114850,ケイプ株式会社,兵庫県,姫路市,飾磨区中島８０４番地１永田第２ビル,6728035
9140001114941,株式会社船曳,兵庫県,姫路市,飾磨区今在家７丁目４７番地２,6728079
9140001115056,高見電設株式会社,兵庫県,姫路市,飾西４２１番地１１,6712216
9140001115064,株式会社大勇総建,兵庫県,姫路市,御国野町国分寺８３６番地３,6710234
9140001115147,株式会社アムナック,兵庫県,姫路市,龍野町５丁目３番地,6700032
9140001115329,株式会社アクール,兵庫県,姫路市,北条宮の町３７番地,6700948
9140001115411,ＡＩＯ　ＪＡＰＡＮ株式会社,兵庫県,姫路市,上手野３３８番地２,6700065
9140001115691,株式会社重伸トラスト,兵庫県,姫路市,広畑区長町１丁目１００番地,6711125
9140001115733,大谷機械設計株式会社,兵庫県,姫路市,砥堀２３番地１０,6700802
9140001115816,株式会社ネイチャーフィール,兵庫県,姫路市,余部区下余部５８９番地,6711261
9140001115964,株式会社サンタメディカル,兵庫県,姫路市,手柄１丁目２５番地,6700972
9140001116013,株式会社ＭＳＪ,兵庫県,姫路市,東雲町２丁目１１番地４パレ・ロワイヤル東雲１３０４,6700046
9140001116533,株式会社Ａｃｅ　Ｃｏｍｒａｄｅ,兵庫県,姫路市,神屋町２丁目４番地,6700836
9140001116541,濱武クレーン株式会社,兵庫県,姫路市,東山１３６１番地２,6728014
9140001116558,株式会社高和産業,兵庫県,姫路市,飾磨区清水８０番地明治グランドヒル飾磨駅前４０１,6728051
9140001116624,株式会社グリーンガーネット,兵庫県,姫路市,広畑区東新町３丁目１３５ロイヤルコーポ広畑５０１号室,6711121
9140001116640,サードファクター株式会社,兵庫県,姫路市,東延末４丁目３６番地２,6700965
9140001116789,株式会社フクイ,兵庫県,姫路市,飾磨区下野田１丁目１１１番地,6728044
9140001116896,株式会社Ｆｉｂｏｎａｃｃｉ,兵庫県,姫路市,南駅前町９１番地８ネバーランド姫路駅前７０２,6700962
9140001117044,ラインテック株式会社,兵庫県,姫路市,日出町２丁目１番地９,6700942
9140001117077,株式会社くろがねエンジニアリング,兵庫県,姫路市,広畑区西蒲田１６９０番地,6711107
9140001117127,にこやか株式会社,兵庫県,姫路市,八代東光寺町５番８号,6700873
9140001117556,株式会社ＰＨＲＡＳＥ,兵庫県,姫路市,豊沢町１０番地,6700964
9140001117580,Ｐａｄｍａ株式会社,兵庫県,姫路市,北条口５丁目６６番地３０１,6700935
9140001117647,株式会社クラスワン,兵庫県,姫路市,南畝町２０番地,6700961
9140001117787,株式会社ＴＭ経営プロダクション,兵庫県,姫路市,飾磨区今在家４丁目４３番地１−７０２,6728079
9140001117804,エコプラント株式会社,兵庫県,姫路市,三左衛門堀東の町７６番地リーガルビル３−Ｂ,6700949
9140001117845,株式会社ＲｉｔＦｉｓｉｃｏ,兵庫県,姫路市,東山５２４番地,6728014
9140001117903,株式会社Ｔｅａｍ　Ｙｅｓ,兵庫県,姫路市,四郷町山脇３４６番地７,6710248
9140001118083,株式会社Ｎ９．Ｇｒｏｕｐ,兵庫県,姫路市,亀井町８１番地,6700925
9140001118208,株式会社岡本不動産,兵庫県,姫路市,東山３９３番地,6728014
9140001118554,株式会社Ｇ‐Ｌｉｆｅ,兵庫県,姫路市,町田１６６番地２２,6712217
9140001118562,株式会社高度医療福祉サービス,兵庫県,姫路市,野里４３０番地６,6700811
9140001118777,高山サポート株式会社,兵庫県,姫路市,城北本町３番２０リベール姫路城北ウィングス７０４号,6700884
9140001118876,株式会社シープラス,兵庫県,姫路市,飾磨区英賀東町１丁目８３番地,6728087
9140001118934,株式会社山内工業,兵庫県,姫路市,網干区田井６９番地１９,6711221
9140001119214,株式会社Ａｙｕ−Ｒｕ,兵庫県,姫路市,城北新町１丁目１番１４号,6700883
9140001119511,株式会社ＯＭＯＲＯＺＡ,兵庫県,姫路市,飾磨区中島３丁目１６８番地,6728035
9140001119577,株式会社２ｎｄステージ,兵庫県,姫路市,安富町狭戸７６８番地１,6712423
9140001119767,株式会社ＫＩＮＧ,兵庫県,姫路市,林田町下構１１７,6794202
9140001119841,株式会社グレーヌ・ド・ジョワ,兵庫県,姫路市,元塩町１２１番地１ラルース元塩１０２,6700937
9140001120097,中島電気株式会社,兵庫県,姫路市,飾磨区中島８０４番地１永田第２ビル１０４号,6728035
9140001120254,姫路フーズ株式会社,兵庫県,姫路市,栗山町１６７番地,6700954
9140001120543,株式会社Ｈ．Ｙ,兵庫県,姫路市,八代宮前町９番２０号,6700885
9140001120659,株式会社あおし,兵庫県,姫路市,船津町４８３３番地１,6792101
9140001120700,株式会社Ｋａ−Ｗｏｏｄ,兵庫県,姫路市,神子岡前１丁目９番４１号ビラ・ステップＩＩＩ２０３,6700055
9140001120881,株式会社ファインコスト,兵庫県,姫路市,北平野２丁目１番３８号,6700893
9140001120972,株式会社Ｈａｎａｙｏｓｈｉ,兵庫県,姫路市,豊富町御蔭１５５３番地３,6792122
9140001121046,株式会社建築工房しん,兵庫県,姫路市,夢前町野畑２２４番地９,6712137
9140001121450,エイトコンサルタント株式会社,兵庫県,姫路市,船丘町２９０番地３（１Ｆ）,6700034
9140001121509,大雄工業株式会社,兵庫県,姫路市,下手野３丁目２１番２号,6700063
9140001121657,株式会社カナックス,兵庫県,姫路市,飾磨区矢倉町２丁目２９番地,6728093
9140001121979,株式会社ずっと,兵庫県,姫路市,飾磨区阿成鹿古７７３番地５,6728038
9140001122011,株式会社エス建材,兵庫県,姫路市,大津区恵美酒町２丁目１０１番地１４,6711136
9140001122218,株式会社アサヒクリエイト,兵庫県,姫路市,南条３丁目１１８番地６,6700952
9140001122226,ダイヨウ株式会社,兵庫県,姫路市,御国野町御着２８７番地,6710232
9140001122309,株式会社だいじ,兵庫県,姫路市,大野町５８番地,6700868
9140001122382,博邦創計株式会社,兵庫県,姫路市,忍町３ＭＩＳＴＲＡＬ姫路駅前Ｖ忍町９０８号,6700917
9140001122440,フューチャートレンド株式会社,兵庫県,姫路市,東延末３丁目１２番地,6700965
9140001122589,大西ムーブ株式会社,兵庫県,姫路市,新在家４丁目５番２３号,6700095
9140001122597,大西アセットマネジメント株式会社,兵庫県,姫路市,南駅前町９１番地８−１３０４号,6700962
9140001122812,株式会社ＲＥＧＡＬＯ．,兵庫県,姫路市,花田町小川１１３４番地３,6710255
9140001122853,マルテンコーポレーション株式会社,兵庫県,姫路市,野里５０９番地６,6700811
9140001122886,株式会社教林館,兵庫県,姫路市,青山西３丁目１０番４号,6712224
9140001122928,株式会社ミスタータイヤマンナカシマ,兵庫県,姫路市,花田町一本松３５２番地１,6710253
9140001122960,株式会社ＭＥＴＡＬ　ＧＲＯＷ,兵庫県,姫路市,御国野町御着１８１番地１４,6710232
9140001123034,株式会社ＶＡＳＥ,兵庫県,姫路市,広畑区東新町１丁目４２番地,6711121
9140001123059,株式会社パインヘリテージ,兵庫県,姫路市,岡田４７９番地,6700982
9140001123158,株式会社幸永,兵庫県,姫路市,香寺町溝口４９１番地１,6792161
9140001123323,志株式会社,兵庫県,姫路市,船津町１２９１番地２,6792101
9140001123463,ハヤブサ醸機株式会社,兵庫県,姫路市,四郷町見野５３５番地１,6710244
9140001123471,乾隆工業株式会社,兵庫県,姫路市,亀山２丁目８４番地,6700973
9140001123505,白株式会社,兵庫県,姫路市,飾磨区中野田２丁目９８番地１階,6728045
9140001123595,株式会社キッチンフィールサプライ,兵庫県,姫路市,佃町３６Ｏ−ＢＬＤＩＩＩ２Ｆ,6728049
9140001123752,株式会社ＮＴＨ,兵庫県,姫路市,四郷町見野８５０番地７,6710244
9140001123769,株式会社ダイネンフーズ,兵庫県,姫路市,本町２４０番地大手前ダイネンＢＬＤ．５階,6700012
9140001123835,株式会社角谷工業,兵庫県,姫路市,飾磨区中野田２丁目１６番地,6728045
9140001123868,株式会社島田工業,兵庫県,姫路市,書写１１５番地１８,6712201
9140001124453,株式会社ＴＡＧ,兵庫県,姫路市,西庄甲９６番地１,6700981
9140001124503,ジーエーティー株式会社,兵庫県,姫路市,白浜町甲４０２番地３２９,6728023
9140001124569,株式会社ＨＩＫＡＲＵペイント,兵庫県,姫路市,白鳥台１丁目２８番１９号,6712245
9140001124635,株式会社うさぎラボ,兵庫県,姫路市,飾磨区山崎２４１番地１,6728097
9140001124767,株式会社アルテック,兵庫県,姫路市,南町６３番地ミツワビル２階,6700912
9140001124981,株式会社ＭＯＮＯｓｔｙｌｅ,兵庫県,姫路市,飾磨区英賀甲１９５８番地４１,6728078
9140001125336,株式会社シラサギファーム,兵庫県,姫路市,西脇６３２番地,6712234
9140001125600,株式会社Ｒ．Ｓ．Ｌａｂ,兵庫県,姫路市,夢前町寺２０５６番地２９,6712116
9140001125815,株式会社Ｌｅａｆ,兵庫県,姫路市,呉服町７０番地,6700923
9140001126111,株式会社ＣＡＲ　ＢＯＤＹ　ＳＨＯＰ　ＫＡＺＵ,兵庫県,姫路市,豊富町御蔭１８６番地１,6792122
9140001126202,株式会社ファム工業,兵庫県,姫路市,花田町加納原田７７番地１３,6710252
9140001126251,株式会社木部工業,兵庫県,姫路市,勝原区朝日谷３０４番地１,6711204
9140001126276,株式会社伸テック,兵庫県,姫路市,東今宿６丁目７番６号,6700056
9140001126524,株式会社Ｎｅｘｔ　Ｉｎｎｏｖａｔｉｏｎ,兵庫県,姫路市,夢前町菅生澗７４番地３６,6712134
9140001126623,株式会社ＬＯＮＧ　ＱＵＡＮ,兵庫県,姫路市,四郷町山脇３４６番地７,6710248
9140001126771,ＮＯＴ株式会社,兵庫県,姫路市,兼田６０３番地,6728001
9140001126788,株式会社雅建設工業,兵庫県,姫路市,庄田６２番地２,6700951
9140001126895,株式会社ｗｉｔｈｅｅ,兵庫県,姫路市,花田町上原田６６９番地,6710251
9140001126937,株式会社日和産業,兵庫県,姫路市,御国野町国分寺字酉ノ前６５５番地１,6710234
9140001126986,株式会社岸田電機,兵庫県,姫路市,下手野４丁目８番７２号,6700063
9140001126994,株式会社コムフィー,兵庫県,姫路市,西新町１２５番地,6700033
9140001127142,株式会社赤鹿ホールディングス,兵庫県,姫路市,辻井１丁目１番２３号,6700083
9140001127381,株式会社ＺＥＲＯ,兵庫県,姫路市,市川橋通１丁目１番地,6700825
9140001127571,Ｇ‐ｃｏｎｓｔｒｕｃｔｉｏｎ株式会社,兵庫県,姫路市,車崎１丁目２番９−１２０号エバーグリーン今宿Ｂ棟,6700058
9140001127670,株式会社藤田,兵庫県,姫路市,御立中４丁目５番１号プラザ平松１０６,6700073
9140001128413,株式会社オールマイティ,兵庫県,姫路市,花田町高木２９０番地,6710256
9140001128462,維登株式会社,兵庫県,姫路市,琴岡町２７４番地３琴岡ビル２階１−１号室,6700035
9140001128529,株式会社Ｎｅｘｔ　ｉｎｎｏｖａｔｉｏｎ,兵庫県,姫路市,南町６５番地大手前ビル２階,6700912
9140001128594,株式会社トーエン,兵庫県,姫路市,北条宮の町２５７番地キノシタビル２０２,6700948
9140001128669,エムエーヒート株式会社,兵庫県,姫路市,香寺町須加院２番地５１３,6792132
9140001128693,株式会社ＳＯＬＥＩＬ,兵庫県,姫路市,忍町１９８番地,6700917
9140001128859,株式会社Ｍ．Ｋ　Ｒｅｌａｔｉｏｎｓ,兵庫県,姫路市,十二所前町５番地クリスタルビル６０１,6700911
9140001128891,菁泉国際株式会社,兵庫県,姫路市,飾磨区加茂東７３９番地１２,6728070
9140001129007,株式会社アイム,兵庫県,姫路市,四郷町山脇６２５番地５,6710248
9140001129064,株式会社ファームゲート,兵庫県,姫路市,岩端町８０番地１３,6700028
9140001129080,株式会社姫路屋,兵庫県,姫路市,飾東町豊国５４番地１,6710219
9140001129287,株式会社コダマロ,兵庫県,姫路市,広畑区大町１丁目４３番地１,6711155
9140001129295,株式会社石井油脂,兵庫県,姫路市,花田町高木３６番地２,6710256
9140001129345,株式会社Ｌｅａｐ,兵庫県,姫路市,広畑区長町１丁目２９番地,6711125
9140001129353,株式会社神戸新聞和田新聞舗,兵庫県,姫路市,広畑区小松町１丁目５１番地,6711152
9140001129816,ＩＧＡ．ＨＤ株式会社,兵庫県,姫路市,下手野３丁目１番１号,6700063
9140001130146,株式会社志道,兵庫県,姫路市,船津町１４５３番地１,6792101
9140001130501,株式会社ファーストプロ,兵庫県,姫路市,飾磨区山崎１００番地,6728097
9140001130559,株式会社Ｔ‐ＬＩＦＥ,兵庫県,姫路市,北平野２丁目９番１７号,6700893
9140001130930,株式会社あさひ,兵庫県,姫路市,御立東１丁目７番１２号,6700072
9140001131061,株式会社ＦＩＶＥ　ＳＴＡＲ,兵庫県,姫路市,御立中５丁目１０番８号,6700073
9140001131078,ＲＥＤ　ＨＯＴ　ＦＡＣＴＯＲＹ株式会社,兵庫県,姫路市,下手野１丁目８番１−１号,6700063
9140001131425,株式会社ｖｉｚｃｏｎｓｕｌｔ,兵庫県,姫路市,南町６３番地ミツワビル,6700912
9140001131433,株式会社ＲＳ,兵庫県,姫路市,白国３丁目１番３０−８０８号リベール白国,6700808
9140001131516,Ｍｉｌｉａｒｉｕｍ株式会社,兵庫県,姫路市,夢前町宮置３９６番地７２,6712121
9140001131549,株式会社山高,兵庫県,姫路市,西今宿５丁目４番２８号,6700061
9140001131598,株式会社悠,兵庫県,姫路市,飾磨区加茂北１８番地３,6728073
9140001131879,ソムタム株式会社,兵庫県,姫路市,阿保乙３９２番地７,6700944
9140001131895,株式会社ＮＥＧＩＣ,兵庫県,姫路市,飾磨区中浜町３丁目１４１番地グランバリエすくいがわＡ００２,6728085
9140001131953,株式会社ａｆｆｅｃｔｉｏｎ,兵庫県,姫路市,南新在家２０番１号,6700093
9140001131986,ＥＮＯＮ株式会社,兵庫県,姫路市,広畑区才１１６０番地１,6711104
9140001131994,株式会社ストライブＰＬＵＳ,兵庫県,姫路市,網干区大江島古川町１３１,6711233
9140001132084,株式会社晴の音,兵庫県,姫路市,坂田町１番地１サンヒルズ坂田町３０４,6700931
9140001132134,株式会社インテリア山口,兵庫県,姫路市,書写４０２番地１２,6712201
9140001132167,Ｃ．Ｏ．Ａ株式会社,兵庫県,姫路市,南町７６番地姫路城陽ビル４階,6700912
9140001132316,株式会社ジョイラボ,兵庫県,姫路市,西今宿１丁目１−１０,6700061
9140001132340,株式会社ＲｅＣＴ　Ｈｏｍｅｓ,兵庫県,姫路市,飾磨区恵美酒４２３番地５,6728057
9140001132407,株式会社Ｒｅ．ｍａｋｅ,兵庫県,姫路市,網干区興浜５８４番地６,6711241
9140001132415,株式会社みやびコンサルタント,兵庫県,姫路市,北条永良町４３番地６,6700946
9140001132563,株式会社ビートホーム,兵庫県,姫路市,車崎２丁目１番２２号,6700058
9140001132761,Ａｖａｎｃｅ株式会社,兵庫県,姫路市,飾磨区阿成下垣内１１３７番地２,6728059
9140001132794,株式会社Ｐｉｅｎａ,兵庫県,姫路市,東延末２丁目８０番地エスリード姫路セミリア４０３,6700965
9140001132836,ＬＥ株式会社,兵庫県,姫路市,丸尾町１２１番地１４・１Ｆ,6700827
9140001132885,株式会社Ｏｆｆｉｃｅ　Ｓａｔｏｃｏ,兵庫県,姫路市,北条２５２番地１３グラジオ姫路南インペリアル４０７号,6700947
9140001133017,株式会社エムケイ,兵庫県,姫路市,御立西３丁目２−３,6700074
9140001133479,株式会社リー・インパクト,兵庫県,姫路市,北条永良町１９８番地２,6700946
9140001133512,株式会社ＫＢ金属,兵庫県,姫路市,四郷町坂元１６２番地１,6710246
9140001133545,ワイトップ株式会社,兵庫県,姫路市,飾東町佐良和６５番地１１,6710217
9140001133958,株式会社ＡＧＲＩＣＨ,兵庫県,姫路市,豊富町御蔭９６０番地,6792122
9140001134114,ありありファーム株式会社,兵庫県,姫路市,千代田町７３１番地の１,6700993
9140001134337,株式会社ａｂａｓ,兵庫県,姫路市,白浜町甲２１４０,6728023
9140001134345,株式会社カエデ,兵庫県,姫路市,飾磨区英賀春日町１丁目４５番地１,6728092
9140001134353,Ｍ’ｓＨＲ株式会社,兵庫県,姫路市,駅前町２４１番地フェスタビル北館３Ｆ,6700927
9140001134493,株式会社弥栄,兵庫県,姫路市,飾磨区中島３丁目２４オレンジベースＡ号室,6728035
9140001134551,株式会社ＨＡＰ,兵庫県,姫路市,飾東町庄１１８番地,6710218
9140001134568,福永工業株式会社,兵庫県,姫路市,飾磨区中島１丁目４７８番地２,6728035
9140001134626,株式会社ひかりがほしい,兵庫県,姫路市,阿保甲８５１番地３,6700944
9140001134717,株式会社ヤマセン,兵庫県,姫路市,岩端町１３番地,6700028
9140001134840,株式会社都筑商会,兵庫県,姫路市,駅前町３５１番地ヒラノビル４階,6700927
9140001134997,ＦＴＳ株式会社,兵庫県,姫路市,勝原区下太田３２８番地５,6711201
9140001135079,株式会社エスアールシー,兵庫県,姫路市,中地７０６番地４０６号,6700976
9140001135153,株式会社Ｔａｓｋ　Ｌｉｆｅ　Ｐａｒｔｎｅｒ,兵庫県,姫路市,米屋町１３番地,6700003
9140001135483,Ｑ．Ｓ．Ｔ株式会社,兵庫県,姫路市,東延末２７０番地１,6700965
9140001135500,株式会社古澤産業,兵庫県,姫路市,香寺町広瀬２０７番地１,6792142
9140001135657,株式会社Ｆｉｌｅｒ,兵庫県,姫路市,五軒邸４丁目５０,6700854
9140001135715,株式会社レガロプラス,兵庫県,姫路市,広畑区西夢前台６丁目２番地２階,6711103
9140001135814,株式会社アドコンサル,兵庫県,姫路市,東延末３丁目４番地クリーンピア南大路時計台３０３,6700965
9140001135839,Ｂｅｓｔ　Ｑｕａｌｉｔｙ　Ｔｒａｄｅ株式会社,兵庫県,姫路市,飾磨区下野田２丁目４５３番地３,6728044
9140001135970,株式会社山田技工,兵庫県,姫路市,別所町別所９３１番地,6710221
9140001136317,ｅ‐ＰＯＲＴ株式会社,兵庫県,姫路市,勝原区丁９９−５,6711203
9140001136333,株式会社フォーサイトビジョン,兵庫県,姫路市,忍町６７番地１ウエリス姫路２０１,6700917
9140001136374,株式会社アールズ,兵庫県,姫路市,飾磨区妻鹿１６０８番地３,6728031
9140001136449,株式会社大松,兵庫県,姫路市,庄田８４番地,6700951
9140001136498,株式会社晃建,兵庫県,姫路市,広畑区西夢前台４丁目２５９番地１,6711103
9140001136556,株式会社リーフアップ,兵庫県,姫路市,朝日町９番地ビーフォレスト姫路ＥＡＳＴ１階,6700934
9140001136572,白井工業株式会社,兵庫県,姫路市,継３３２番地１,6728004
9140001136622,株式会社アクティブフューチャージャパン,兵庫県,姫路市,市川橋通２丁目２８番地１・２階,6700825
9140001136671,ＫＫＴ株式会社,兵庫県,姫路市,豊富町御蔭５００番地２,6792122
9140001136928,株式会社ＶＥＲＴＥＸ,兵庫県,姫路市,安富町安志８７９番地５,6712401
9140001137050,株式会社ＨＩＺＵＭＥ,兵庫県,姫路市,書写台３丁目１４９番地６,6712203
9140001137273,福成商事株式会社,兵庫県,姫路市,城東町清水１２番地京口団地９号棟２０１,6700843
9140001137785,株式会社ＹＳＨ総合研究所,兵庫県,姫路市,御立東３丁目９番１８号,6700072
9140001138008,須田ホールディングス株式会社,兵庫県,姫路市,北条口２丁目８５番地１１０３号,6700935
9140001138032,株式会社まなはる,兵庫県,姫路市,飾磨区上野田３丁目１１９,6728043
9140001138057,株式会社エスミライ,兵庫県,姫路市,大津区天満１６２３番地,6711143
9140001138115,株式会社西村ホールディングス,兵庫県,姫路市,辻井６丁目１７−６６,6700083
9140001138123,株式会社Ｒｅｄ　Ｐｉｎｅ,兵庫県,姫路市,城北新町１丁目１２番４号,6700883
9140001138197,株式会社三神,兵庫県,姫路市,夢前町前之庄９８５番地３,6712103
9140001138214,株式会社昭栄地所,兵庫県,姫路市,東雲町３丁目６番地東雲ロイヤルハイツビル４０１,6700046
9140001138247,株式会社ＭＫＫグループみらい観光開発,兵庫県,姫路市,山吹１丁目１１−３７,6700085
9140001138346,株式会社Ｃｌａｓｓｐｉａ,兵庫県,姫路市,南今宿８番３０号今宿甲南ビル１Ｆ,6700054
9140001138370,クレストペイント株式会社,兵庫県,姫路市,書写２６４８番地１コーホービル３０３,6712201
9140001138478,株式会社エコスタッフ,兵庫県,姫路市,白浜町甲４０２番地２２７,6728023
9140001138494,株式会社Ｌｅ　Ｌｉｅｎ,兵庫県,姫路市,駅前町３５０番地協同ビルディング７Ｆ,6700927
9140001138569,株式会社ｍｅｒｉＢＵＮ,兵庫県,姫路市,西八代町２番１０号,6700876
9140001138718,株式会社田中工業,兵庫県,姫路市,広畑区小坂１２０番地２５,6711156
9140001138734,株式会社ＳＴＹＬＥ　ＬＡＢ,兵庫県,姫路市,香寺町犬飼８番地３,6792131
9140001138767,株式会社宥和電気工事,兵庫県,姫路市,京口町１３３,6700851
9140001138783,株式会社クリエイティブ・クルー,兵庫県,姫路市,広畑区蒲田７０４番地３,6711102
9140001138800,株式会社Ｎキャリア,兵庫県,姫路市,野里慶雲寺前町８番２７号,6700813
9140001138841,株式会社アールテック,兵庫県,姫路市,京町２丁目１２番地２,6700824
9140001138981,株式会社小野牧場,兵庫県,姫路市,北条口２丁目３５番地ワコーレ姫路北条口１３０１号室,6700935
9140001139014,ＣＵＬＴＵＲＡ株式会社,兵庫県,姫路市,町坪南町３２番地１,6700989
9140001139105,株式会社大和リサーチ＆コンサルティング,兵庫県,姫路市,山田町南山田１１２８番地,6792113
9140001139121,株式会社ＳＥＯ,兵庫県,姫路市,飾磨区恵美酒８５番地２ナビオ姫路７０３,6728057
9140001139220,株式会社リアル不動産管理,兵庫県,姫路市,南畝町２３番地１,6700961
9140001139253,株式会社スガケン,兵庫県,姫路市,夢前町菅生澗８７８番地４２,6712134
9140001139360,株式会社和,兵庫県,姫路市,飾磨区妻鹿１７０番地３０,6728031
9140001139476,株式会社想ｅｎ．,兵庫県,姫路市,飯田７６６番地４,6700974
9140001139484,ＴＫホールディングス株式会社,兵庫県,姫路市,北条永良町１１９番地,6700946
9140001139526,株式会社Ｗｉｎｇｓ,兵庫県,姫路市,二階町１８番地４Ｆ,6700922
9140001139559,株式会社縁友不動産,兵庫県,姫路市,飾磨区今在家２丁目５３番地,6728079
9140001139757,株式会社ＲＡテックス,兵庫県,姫路市,太市中７８３番地,6712233
9140001139765,株式会社ブライトリンク,兵庫県,姫路市,二階町１８番地ＡＮＧＥＲＯ二階町２０７,6700922
9140001139831,株式会社綴未,兵庫県,姫路市,飾磨区下野田４丁目５２７番地２,6728044
9140001139897,エイトウッド株式会社,兵庫県,姫路市,夢前町護持１３６４番地５４８,6712136
9140001140104,株式会社ＫＡＩＲＩ,兵庫県,姫路市,青山３丁目７番２２号,6712222
9140001140285,サクラソリューション株式会社,兵庫県,姫路市,北条宮の町１６２番地,6700948
9140001140450,株式会社ＴＡＭＯ,兵庫県,姫路市,塩町１４６番地インタービレッジ塩町ＩＩ４階,6700904
9140001140558,アトリエココ株式会社,兵庫県,姫路市,飾磨区英賀東町２丁目９４番地１アメージングエステートＩＶＢ棟,6728087
9140001140582,エステーパーク株式会社,兵庫県,姫路市,玉手２丁目７５番地１８,6700985
9140001140764,株式会社建創,兵庫県,姫路市,広畑区西蒲田１０１６番地５,6711107
9140001140979,株式会社リベルテ,兵庫県,姫路市,飾東町佐良和７５−４,6710217
9140001141127,株式会社吉盛設備設計,兵庫県,姫路市,西中島２６８−１,6700805
9140001141309,Ｏｆｆｉｃｅ　Ｓａｔｏｗ株式会社,兵庫県,姫路市,勝原区熊見１２７番地５,6711211
9140001141688,株式会社慧和,兵庫県,姫路市,飾磨区英賀東町１丁目２６,6728087
9140001141721,株式会社マハナイム,兵庫県,姫路市,東雲町４丁目６番地２メゾン東雲６Ｃ,6700046
9140001141762,株式会社レイエス,兵庫県,姫路市,神子岡前４丁目１０番２０号,6700055
9140001141944,株式会社Ｋ,兵庫県,姫路市,本町２２４番地,6700012
9140001141977,株式会社ＬＡＣＫＳ,兵庫県,姫路市,土山７丁目７番１５号２階２−北号室,6700996
9140001142018,株式会社ＣＵＯＲＥ,兵庫県,姫路市,飾磨区阿成植木８３６番地Ｃ号,6728030
9140001142075,アーネストエアー株式会社,兵庫県,姫路市,広畑区西蒲田３６９番地５５,6711107
9140001142430,株式会社Ｎエステート,兵庫県,姫路市,龍野町３丁目６番地,6700032
9140002048123,株式会社カワノ,兵庫県,姫路市,丸尾町７番地１,6700827
9140002049146,株式会社ススキハウジング,兵庫県,姫路市,御国野町御着１０４８番地３,6710232
9140002049567,株式会社田中土木,兵庫県,姫路市,上手野３６５番地の７,6700065
9140002049765,株式会社ディープ・アグリ,兵庫県,姫路市,下手野１丁目１番４７号,6700063
9140002051267,株式会社モトセ,兵庫県,姫路市,西脇２３３番地,6712234
9140002051770,株式会社山之内,兵庫県,姫路市,夢前町又坂４５番地の１,6712115
9140002052802,株式会社ウイン,兵庫県,姫路市,西庄甲１１９番地,6700981
9140002053148,株式会社フローウィング,兵庫県,姫路市,香寺町野田２７番地１,6792162
9140002053395,株式会社エムテック,兵庫県,姫路市,相野８６番地６,6712232
9140002053404,株式会社福信,兵庫県,姫路市,京町２丁目１３番地の２,6700824
9140002053420,株式会社サポート光陽,兵庫県,姫路市,北条永良町１１５,6700946
9140002054047,株式会社河岸製作所,兵庫県,姫路市,別所町別所１９１０番地,6710221
9140002054451,株式会社ＬＥＭＯ,兵庫県,姫路市,青山西２丁目２６番１３号インタービレッジ青山三番館Ｄ号,6712224
9140003007292,株式会社横いち,兵庫県,姫路市,飾磨区恵美酒１４７番地,6728057
9140003012235,株式会社ＡＬＯＥ　ＤＥＣＯＲＡＴＩＶＥ　ＦＡＣＴＯＲＹ,兵庫県,姫路市,丸尾町８８番地２,6700827
9180001092201,株式会社プリロード．Ｗ,兵庫県,姫路市,北平野２丁目１番４１号,6700893
9180001126438,株式会社ＯＷＬ,兵庫県,姫路市,飾磨区都倉３丁目３２番地メゾンヒカリ６０３,6728046
9240001017036,株式会社ｆａｃｔｏｒ,兵庫県,姫路市,材木町３番地２,6700025
9470001020454,株式会社ＬＵＣＫＹ　ＬＡＮＤ,兵庫県,姫路市,余部区上川原１７６番地１,6711263
