法人番号,法人名,都道府県,市区町村,番地,郵便番号
1010001113402,すみれ保険株式会社,兵庫県,宝塚市,逆瀬川１丁目１３番１−７０１号,6650035
1010701021400,株式会社ＳＣアソシエイツ,兵庫県,宝塚市,湯本町９番５−７０８号,6650003
1011001104300,利和株式会社,兵庫県,宝塚市,湯本町３−１１−５１０,6650003
1020001017619,新明和ウエステック株式会社,兵庫県,宝塚市,新明和町１番１号,6650052
1120001005563,株式会社エイ・アイ・エム,兵庫県,宝塚市,平井４丁目２０番１７号,6650816
1120001028878,甲南精工株式会社,兵庫県,宝塚市,栄町１丁目１６番１５号,6650845
1120001052622,株式会社ＮＩＫＫＯ,兵庫県,宝塚市,口谷東１丁目５番１号リバティパレス５０１,6650812
1120001061607,大西不動産商事株式会社,兵庫県,宝塚市,仁川月見ガ丘３番４３号,6650067
1120001120577,株式会社アーテックジャパン,兵庫県,宝塚市,仁川北２丁目５−１−９０５号,6650061
1120001127283,株式会社ザ・グロース,兵庫県,宝塚市,中山桜台２丁目３番２号,6650877
1120001132944,株式会社ボトレー,兵庫県,宝塚市,山手台東５丁目２６番１号,6650887
1120001139931,株式会社ドリーム,兵庫県,宝塚市,仁川高丸３丁目１８番５号,6650063
1120001140492,カーギヤ工業株式会社,兵庫県,宝塚市,小浜２丁目１番２８号,6650827
1120001152967,株式会社輝陽,兵庫県,宝塚市,山手台東５丁目２６番１７号,6650887
1120001161976,株式会社山陰道,兵庫県,宝塚市,御殿山３丁目１９番１５号,6650841
1120001170218,株式会社シンクロニシティ,兵庫県,宝塚市,湯本町２番７号２０２,6650003
1120001173690,株式会社優能,兵庫県,宝塚市,仁川高丸１丁目１７番１５号,6650063
1120001177650,株式会社スパジオクリエイション,兵庫県,宝塚市,山本台３丁目１６番１号クレール宝塚ベルエール７１１号,6650885
1120001225467,ｐａｎｙａ芦屋ＦＣ株式会社,兵庫県,宝塚市,高司１丁目５番８−１０２号,6650051
1120001225946,株式会社ＡＥＭ,兵庫県,宝塚市,雲雀丘１丁目１１番２号,6650805
1120001231498,株式会社エスプレッセ,兵庫県,宝塚市,星の荘２７−１９バラード４４−２階,6650866
1120101035007,株式会社スマイシーギフト,兵庫県,宝塚市,すみれガ丘３丁目１番１号ラ・ビスタ宝塚ウエストウイングオクシア３０９号,6650847
1120101054873,株式会社ステラカデンテワン,兵庫県,宝塚市,中筋山手４丁目３番２号,6650875
1120101058404,ベスト株式会社,兵庫県,宝塚市,塔の町３番１０号,6650073
1120901007915,日本ホームクリエイト株式会社,兵庫県,宝塚市,雲雀丘山手１丁目１番７−５０２号,6650804
1120901019118,関西リサーチサービス株式会社,兵庫県,宝塚市,小林５丁目３番３−３０５号,6650034
1120901022476,株式会社花守花の座,兵庫県,宝塚市,中筋９丁目１番１６号,6650874
1120901027368,株式会社めん麺亭,兵庫県,宝塚市,高司５丁目１番５２号,6650051
1120901029554,株式会社オフィス３０８,兵庫県,宝塚市,玉瀬字大岩谷１番地の５９,6691231
1120901036039,株式会社ＩＴＭ,兵庫県,宝塚市,長尾台１丁目２番１号,6650807
1120901037029,株式会社スターライン,兵庫県,宝塚市,すみれガ丘３丁目５番１−１１３号,6650847
1120901047886,株式会社ブラックプール,兵庫県,宝塚市,安倉中５丁目１０番７号,6650822
1120902005397,株式会社ライフシード,兵庫県,宝塚市,栄町１丁目６番２号,6650845
1130001059245,株式会社ステイザファクトリー,兵庫県,宝塚市,御殿山２丁目１７番７号,6650841
1140001001197,株式会社オータニ,兵庫県,宝塚市,伊孑志４丁目４２番地７,6650033
1140001002303,株式会社浜仲,兵庫県,宝塚市,小浜２丁目１−３２,6650827
1140001011386,矢栄興産株式会社,兵庫県,宝塚市,中山寺２丁目６番６号,6650861
1140001018092,株式会社神戸グランド,兵庫県,宝塚市,湯本町１番４６号宝南ショップス北館１階,6650003
1140001022672,株式会社北斗Ｔｅｃｈｎｏｓ,兵庫県,宝塚市,湯本町１０番４５−４０２号,6650003
1140001029362,株式会社ジョイックス,兵庫県,宝塚市,雲雀丘２丁目１番３−２０１号室,6650805
1140001034255,株式会社イーリス,兵庫県,宝塚市,末成町２９番２号,6650044
1140001038009,株式会社福禄寿,兵庫県,宝塚市,武庫山１丁目１番３６号,6650005
1140001047604,イーエス・ハーネス株式会社,兵庫県,宝塚市,中州１丁目９番２１号,6650021
1140001050896,株式会社ビッグアップルジャパン,兵庫県,宝塚市,逆瀬台５丁目２１番２号,6650024
1140001069128,親和商事株式会社,兵庫県,宝塚市,安倉中２丁目１０番１５号,6650822
1140001072800,株式会社ドレス,兵庫県,宝塚市,中野町８番１号,6650056
1140001074268,株式会社ＦＡＴＥ,兵庫県,宝塚市,山本野里１丁目１番５１号,6650814
1140001074730,アイセッテマーレ株式会社,兵庫県,宝塚市,鹿塩１丁目３２２−１ロンシャン仁川２０１,6650054
1140001077931,株式会社アクト,兵庫県,宝塚市,すみれガ丘３丁目２番２−５０２号,6650847
1140001079300,株式会社クリエート不動産,兵庫県,宝塚市,伊孑志４丁目２番６８号,6650033
1140001079317,株式会社向陽フーズ,兵庫県,宝塚市,南口２丁目１３番３７号,6650011
1140001080695,株式会社中内土地建物,兵庫県,宝塚市,玉瀬字口添谷２７−１,6691231
1140001080729,株式会社やまとや,兵庫県,宝塚市,山手台西４丁目１２番１０号,6650886
1140001081140,愛晃産業株式会社,兵庫県,宝塚市,山本中２丁目１３番２号,6650883
1140001081149,株式会社茜興業,兵庫県,宝塚市,逆瀬台６丁目２番７号,6650024
1140001081157,朝日開発株式会社,兵庫県,宝塚市,小林４丁目８番２−１０２号,6650034
1140001081173,株式会社アプト,兵庫県,宝塚市,武庫山２丁目７番２２号,6650005
1140001081198,株式会社インターナショナルホーワ,兵庫県,宝塚市,金井町５５１番地の１,6650824
1140001081207,株式会社一麦,兵庫県,宝塚市,宝梅１丁目１２番７号,6650013
1140001081215,株式会社今里食品,兵庫県,宝塚市,高司５丁目１番５２号,6650051
1140001081223,株式会社ウィンズ,兵庫県,宝塚市,谷口町２番１６号,6650076
1140001081231,株式会社宇治鳥居,兵庫県,宝塚市,御殿山２丁目７番１６号,6650841
1140001081248,栄昭産業株式会社,兵庫県,宝塚市,御殿山３丁目８番２１号,6650841
1140001081272,株式会社エム・ケイ・ジェイ・メディアサービス,兵庫県,宝塚市,宮の町９番１６号,6650843
1140001081280,株式会社ナチュール・オーク,兵庫県,宝塚市,逆瀬川２丁目６番２２号,6650035
1140001081297,大塚物産株式会社,兵庫県,宝塚市,川面５丁目９番１７号,6650842
1140001081306,株式会社尾上工務店,兵庫県,宝塚市,旭町２丁目３番１８号,6650835
1140001081314,オフィスゼロ株式会社,兵庫県,宝塚市,宮の町１５番５号,6650843
1140001081322,海田工業株式会社,兵庫県,宝塚市,高司５丁目２番３６号,6650051
1140001081339,関西地質株式会社,兵庫県,宝塚市,売布３丁目４番１８号,6650852
1140001081355,株式会社金岡摂陽園,兵庫県,宝塚市,山本丸橋３丁目５５番地の２,6650815
1140001081371,株式会社川西製作所,兵庫県,宝塚市,高司１丁目２番９号,6650051
1140001081388,株式会社岸田組,兵庫県,宝塚市,中山寺１丁目１４番１６号,6650861
1140001081396,株式会社北久工務建材店,兵庫県,宝塚市,旭町１丁目１番１号,6650835
1140001081438,クニタ株式会社,兵庫県,宝塚市,仁川北３丁目５番１号,6650061
1140001081454,倉本建設株式会社,兵庫県,宝塚市,安倉北２丁目１９番８号,6650821
1140001081479,ゴールドライナー株式会社,兵庫県,宝塚市,御殿山１丁目５２番地,6650841
1140001081487,小阪不動興産株式会社,兵庫県,宝塚市,中山寺１丁目５番１８号,6650861
1140001081504,山英建設株式会社,兵庫県,宝塚市,安倉西４丁目６００番地,6650825
1140001081512,三賀株式会社,兵庫県,宝塚市,安倉南２丁目１０番１６号,6650823
1140001081520,株式会社阪上植木,兵庫県,宝塚市,山本中１丁目６番２５号,6650883
1140001081529,株式会社坂本建設,兵庫県,宝塚市,御所の前町２番１号,6650041
1140001081537,株式会社佐治商店,兵庫県,宝塚市,中山寺３丁目６番４５号,6650861
1140001081545,山陽塗装工業株式会社,兵庫県,宝塚市,駒の町３番１号,6650053
1140001081553,株式会社三和建設,兵庫県,宝塚市,小浜３丁目１１番１１号,6650827
1140001081561,株式会社ジェイエムコーポレーション,兵庫県,宝塚市,旭町１丁目１６番１６−６０１号,6650835
1140001081611,白窪商事株式会社,兵庫県,宝塚市,山本野里１丁目８番６号,6650814
1140001081636,フジトップ株式会社,兵庫県,宝塚市,星の荘２４番２６号,6650866
1140001081644,株式会社セント・プランニング,兵庫県,宝塚市,野上１丁目２番２２号,6650022
1140001081660,宝塚工芸株式会社,兵庫県,宝塚市,小林５丁目１番２５号,6650034
1140001081669,株式会社宝塚キムラヤ,兵庫県,宝塚市,武庫川町２番１号,6650844
1140001081677,株式会社宝塚サッシセンター,兵庫県,宝塚市,中州１丁目３番２１号,6650021
1140001081685,宝塚都市環境サービス株式会社,兵庫県,宝塚市,小浜１丁目２番１５号,6650827
1140001081693,株式会社宝塚森屋,兵庫県,宝塚市,旭町２丁目５番２７号,6650835
1140001081719,大宝警備株式会社,兵庫県,宝塚市,伊孑志４丁目４番１３号,6650033
1140001081727,株式会社システムギアビジョン,兵庫県,宝塚市,高司１丁目６番１１号,6650051
1140001081751,ダンシングピープル株式会社,兵庫県,宝塚市,逆瀬川１丁目１４番１８号,6650035
1140001081792,出口地所株式会社,兵庫県,宝塚市,栄町２丁目１番２号,6650845
1140001081826,内外醸機工業株式会社,兵庫県,宝塚市,安倉中２丁目１２番２７号,6650822
1140001081842,株式会社ナビ,兵庫県,宝塚市,安倉北２丁目１９番８号,6650821
1140001081850,ニシカワ化成株式会社,兵庫県,宝塚市,米谷１丁目２２番７号,6650831
1140001081875,株式会社ハイレックスコーポレーション,兵庫県,宝塚市,栄町１丁目１２番２８号,6650845
1140001081883,株式会社日本ブックス,兵庫県,宝塚市,逆瀬台４丁目４番３号,6650024
1140001081891,株式会社登松塗装,兵庫県,宝塚市,小林３丁目１０番４号,6650034
1140001081909,株式会社林興産,兵庫県,宝塚市,中山寺１丁目１４番５号,6650861
1140001081917,ハリマモータース株式会社,兵庫県,宝塚市,売布２丁目２番１４号,6650852
1140001081925,美創エンジニアリング株式会社,兵庫県,宝塚市,小林５丁目８番４５号,6650034
1140001081933,兵庫フジクリーン株式会社,兵庫県,宝塚市,安倉南１丁目１５番１５号,6650823
1140001081941,蛭川造園土木株式会社,兵庫県,宝塚市,山本野里１丁目１番５１号,6650814
1140001081958,株式会社フジエステート,兵庫県,宝塚市,仁川台７２番地,6650074
1140001081974,株式会社古川テニス企画,兵庫県,宝塚市,川面１丁目３番,6650842
1140001081982,株式会社ベストライフ,兵庫県,宝塚市,中筋１丁目２番２４号,6650874
1140001081990,株式会社寳玉園,兵庫県,宝塚市,安倉南１丁目１８番１８号,6650823
1140001082007,株式会社前中電工社,兵庫県,宝塚市,福井町２番４号,6650046
1140001082023,株式会社万苗園,兵庫県,宝塚市,平井１丁目１３番６号,6650816
1140001082048,株式会社ミクロインダストリー,兵庫県,宝塚市,山本東３丁目３番５号,6650881
1140001082056,南住設産業株式会社,兵庫県,宝塚市,泉町２５番１号,6650864
1140001082064,株式会社都園,兵庫県,宝塚市,湯本町５番３−２０５号,6650003
1140001082072,株式会社武庫川ベニヤ,兵庫県,宝塚市,安倉北３丁目６番２０号,6650821
1140001082080,株式会社銘品店はしもと,兵庫県,宝塚市,売布きよしガ丘２１番１号,6650855
1140001082089,株式会社諸岡建設,兵庫県,宝塚市,光明町１０番３号,6650045
1140001082097,株式会社矢野工務設計事務所,兵庫県,宝塚市,小林４丁目７番６９号,6650034
1140001082106,山口建設株式会社,兵庫県,宝塚市,高司１丁目１番１６号,6650051
1140001082122,株式会社ヤマト屋,兵庫県,宝塚市,野上６丁目１０番３号,6650022
1140001082139,株式会社優和事務所,兵庫県,宝塚市,金井町４番５４号,6650824
1140001082155,米田ジャパンゴルフ株式会社,兵庫県,宝塚市,大成町１番３０号,6650055
1140001082163,株式会社若水,兵庫県,宝塚市,湯本町９番２５号,6650003
1140001082171,リキッドコンテックス株式会社,兵庫県,宝塚市,花屋敷松ガ丘１９番１６号,6650801
1140001082188,株式会社阪上商店,兵庫県,宝塚市,花屋敷つつじガ丘３番１３号,6650803
1140001082213,株式会社ピバ・アナック,兵庫県,宝塚市,雲雀丘１丁目４番４３号,6650805
1140001082221,株式会社石田企画,兵庫県,宝塚市,平井３丁目７番３４号,6650816
1140001082254,株式会社みはら屋建装,兵庫県,宝塚市,安倉南１丁目６番１号,6650823
1140001082262,株式会社小山建築工房,兵庫県,宝塚市,中山桜台４丁目２番６号,6650877
1140001082270,株式会社岡工務店,兵庫県,宝塚市,泉ガ丘５番２９号,6650851
1140001082279,株式会社ホータスエンタープライズ,兵庫県,宝塚市,山本南３丁目５番５号,6650882
1140001082287,エビスガラス株式会社,兵庫県,宝塚市,安倉西２丁目４番２３号,6650825
1140001082295,システムギアプロダクツ株式会社,兵庫県,宝塚市,安倉南２丁目１４番１９号,6650823
1140001082304,株式会社松尾,兵庫県,宝塚市,長谷字手立４番地の１,6691204
1140001082312,株式会社シュウホー,兵庫県,宝塚市,谷口町１番１２号,6650076
1140001082320,株式会社データコムリサーチ,兵庫県,宝塚市,小林２丁目１０番４号,6650034
1140001082329,トータルサポート株式会社,兵庫県,宝塚市,小林４丁目７番７６−７０２号,6650034
1140001082337,株式会社松山土木,兵庫県,宝塚市,安倉北３丁目６番１６号,6650821
1140001082378,スタディオンシエル株式会社,兵庫県,宝塚市,栄町２丁目１番２号ソリオ２,6650845
1140001082386,井上通信株式会社,兵庫県,宝塚市,高司１丁目５番１３号,6650051
1140001082411,株式会社ワールドターン,兵庫県,宝塚市,安倉中４丁目１９番１０号,6650822
1140001082527,株式会社栄光,兵庫県,宝塚市,南口２丁目１４−３−２８０３,6650011
1140001082535,株式会社川南,兵庫県,宝塚市,川面２丁目１番３１号,6650842
1140001082551,株式会社浪速コーポレーション,兵庫県,宝塚市,安倉中５丁目５番１３号,6650822
1140001082576,柏洋商事株式会社,兵庫県,宝塚市,川面５丁目２番８号,6650842
1140001082584,株式会社新世代,兵庫県,宝塚市,すみれガ丘２丁目６番１５号,6650847
1140001082601,ヤマダ株式会社,兵庫県,宝塚市,清荒神１丁目２番３０−１１２号,6650836
1140001082626,泰成建設株式会社,兵庫県,宝塚市,安倉中２丁目１３番２号１Ｆ,6650822
1140001082650,株式会社エンジン,兵庫県,宝塚市,高司１丁目９番６−３０２号,6650051
1140001082659,内外機商株式会社,兵庫県,宝塚市,仁川高丸１丁目８番２号,6650063
1140001082683,株式会社作道,兵庫県,宝塚市,千種４丁目３番２号,6650072
1140001082691,株式会社オリエントシステム,兵庫県,宝塚市,中山五月台７丁目２番９１７号,6650871
1140001082700,株式会社Ｈａｐｐｉｎｅｓｓ,兵庫県,宝塚市,すみれガ丘３丁目５番２−１１６号,6650847
1140001082758,株式会社コンクイスタ,兵庫県,宝塚市,安倉中５丁目１番９号,6650822
1140001082766,株式会社風水環境システム研究所,兵庫県,宝塚市,中筋山手２丁目１０番３号,6650875
1140001082774,株式会社アイエイチエス,兵庫県,宝塚市,中筋８丁目２０番４号,6650874
1140001082782,宝塚ハーブ・エステート株式会社,兵庫県,宝塚市,中筋７丁目１番５号,6650874
1140001082824,伸美建築株式会社,兵庫県,宝塚市,山手台東２丁目９番２号,6650887
1140001082840,株式会社サンデータシステム,兵庫県,宝塚市,野上３丁目４番２５号,6650022
1140001082849,株式会社ＬａＬａウエスト,兵庫県,宝塚市,鶴の荘３番１０号,6650833
1140001082857,プロテック株式会社,兵庫県,宝塚市,谷口町２番３４号,6650076
1140001082873,ヘルパーステーション・ファミリー株式会社,兵庫県,宝塚市,月見山２丁目１１番５号,6650002
1140001082898,株式会社白井組,兵庫県,宝塚市,弥生町３番３号,6650826
1140001082915,エース・ビデオ株式会社,兵庫県,宝塚市,売布東の町２１番１号,6650867
1140001082923,株式会社ネットリンク,兵庫県,宝塚市,高司３丁目１番２４号アメニティＡＮ４０１,6650051
1140001082956,株式会社ガイア,兵庫県,宝塚市,大吹町１０番７号,6650057
1140001082964,株式会社アクト・プランニング,兵庫県,宝塚市,高司３丁目７番１２号,6650051
1140001082972,株式会社ハウスプラン匠,兵庫県,宝塚市,伊孑志１丁目６番３７−１０１号,6650033
1140001082989,株式会社レスタート,兵庫県,宝塚市,口谷西３丁目５０番地の１８,6650813
1140001082997,株式会社ＩＤ建築工房,兵庫県,宝塚市,中山桜台６丁目１０番２号,6650877
1140001083005,株式会社安楽工務店,兵庫県,宝塚市,安倉中５丁目１４番３号,6650822
1140001083013,阪神紙工株式会社,兵庫県,宝塚市,宝梅２丁目６番４７号,6650013
1140001083021,株式会社松浪総研,兵庫県,宝塚市,長尾台２丁目１２番１８号,6650807
1140001083054,株式会社ＦＯＲＥＳＴ,兵庫県,宝塚市,安倉中４丁目１６番６号,6650822
1140001083104,アルテミスファーマ株式会社,兵庫県,宝塚市,中筋５丁目１０番２３‐１０３号,6650874
1140001083153,株式会社リューコーポレーション,兵庫県,宝塚市,小浜３丁目１２番７号,6650827
1140001083178,株式会社Ｎ＆Ｋ,兵庫県,宝塚市,末成町１９番２３号,6650044
1140001083186,株式会社ハイプラスト,兵庫県,宝塚市,中筋山手３丁目１番６号,6650875
1140001083194,株式会社ユニテ,兵庫県,宝塚市,中山桜台４丁目２２番１０号,6650877
1140001083211,株式会社ＫＧプランニング,兵庫県,宝塚市,伊孑志４丁目２番６８号,6650033
1140001083228,グリーンプラス株式会社,兵庫県,宝塚市,安倉北３丁目４番２０号,6650821
1140001083285,株式会社ナルトシザー,兵庫県,宝塚市,安倉北２丁目１９番２３号,6650821
1140001083351,株式会社オフィス・イシダ,兵庫県,宝塚市,栄町２丁目１番１−Ｅ−１００３号,6650845
1140001083368,輝生会メディカルケアサービス株式会社,兵庫県,宝塚市,仁川北２丁目９番６８−５０２号,6650061
1140001083384,株式会社ジャスティス,兵庫県,宝塚市,青葉台２丁目１４番２２号,6650014
1140001083459,株式会社幸建設,兵庫県,宝塚市,大吹町３−１１−２０５,6650057
1140001083475,株式会社プランポート,兵庫県,宝塚市,野上１丁目５番１５号,6650022
1140001083491,株式会社フラワー・ガーデン・エクセル,兵庫県,宝塚市,山本東２丁目５番８号,6650881
1140001083590,株式会社春日ナーセリー,兵庫県,宝塚市,安倉北３丁目４番２０号,6650821
1140001083723,明徳建設株式会社,兵庫県,宝塚市,高松町２番４２号,6650043
1140001083731,株式会社フルリール,兵庫県,宝塚市,青葉台１丁目２１番２１号,6650014
1140001083748,株式会社クラフトワーク,兵庫県,宝塚市,中山五月台４丁目７番１３号,6650871
1140001083780,株式会社井本興業,兵庫県,宝塚市,川面字長尾山１５番３２７,6650848
1140001083789,株式会社進和商事,兵庫県,宝塚市,安倉中１丁目８番１６号,6650822
1140001083806,株式会社伊太利屋,兵庫県,宝塚市,雲雀丘２丁目１番３−２０３号,6650805
1140001083822,株式会社ＩＭＯデザイン,兵庫県,宝塚市,武庫川町４番３−７１１号,6650844
1140001083888,岩本建設株式会社,兵庫県,宝塚市,米谷２丁目１７番１１号,6650831
1140001083962,株式会社ＴＹコーポレーション,兵庫県,宝塚市,鹿塩１丁目８番２８号,6650054
1140001083979,株式会社塚本,兵庫県,宝塚市,鶴の荘９番３号,6650833
1140001084028,株式会社坂本ケアサービス,兵庫県,宝塚市,清荒神４丁目８番９号,6650836
1140001084060,株式会社サンダーコーポレーション,兵庫県,宝塚市,逆瀬台５丁目１５−７,6650024
1140001084077,株式会社グランレックス,兵庫県,宝塚市,雲雀丘３丁目３番４０号,6650805
1140001084093,株式会社アライ商会,兵庫県,宝塚市,弥生町４番１号,6650826
1140001084168,株式会社えにしずむ,兵庫県,宝塚市,鶴の荘２１番１２号,6650833
1140001084192,株式会社ＳＥＳＴＯ　ＳＥＮＳＯ,兵庫県,宝塚市,雲雀丘１丁目１３番８−２０３号,6650805
1140001084226,株式会社イー・イン・グ,兵庫県,宝塚市,安倉南１丁目１７番１８号,6650823
1140001084250,株式会社カワニシ,兵庫県,宝塚市,高司１丁目２番５号,6650051
1140001084259,株式会社泰弘企画,兵庫県,宝塚市,花屋敷荘園１丁目１９番１号,6650802
1140001084267,株式会社福祉リフォームｉネット,兵庫県,宝塚市,野上４丁目１０番７−１０１号,6650022
1140001084358,株式会社内谷,兵庫県,宝塚市,旭町１丁目１６番７号,6650835
1140001084416,株式会社Ｄｉｓｃｏｖｅｒｙ,兵庫県,宝塚市,安倉南１丁目１６番５,6650823
1140001084432,株式会社グランドエクステリア,兵庫県,宝塚市,山本野里２丁目４番２２号,6650814
1140001084440,株式会社上甲電設工業,兵庫県,宝塚市,安倉中６丁目９番８号,6650822
1140001084465,株式会社トラストテック,兵庫県,宝塚市,寿楽荘１４番２３号,6650012
1140001084473,株式会社宮川地所,兵庫県,宝塚市,宝梅１丁目３番３号,6650013
1140001084498,株式会社リフェイブ,兵庫県,宝塚市,仁川北２丁目１３番４６−４０６号,6650061
1140001084515,株式会社レイネット,兵庫県,宝塚市,中筋山手２丁目３番３２号,6650875
1140001086379,株式会社豊田放射線研究所,兵庫県,宝塚市,山手台東２丁目１０番２号,6650887
1140001086651,株式会社フットスタイル,兵庫県,宝塚市,中山桜台７丁目２番４号,6650877
1140001086817,ピースフルネット株式会社,兵庫県,宝塚市,武庫川町６番２２号,6650844
1140001087121,株式会社コラボズ,兵庫県,宝塚市,仁川北２丁目９番７−５０２号,6650061
1140001087187,株式会社ラッツレビィク,兵庫県,宝塚市,武庫川町２番２号,6650844
1140001087749,株式会社京フーズ,兵庫県,宝塚市,中筋７丁目９０番１,6650874
1140001088350,株式会社ピアタイム,兵庫県,宝塚市,売布４丁目１５番１８号めふアトリエ１０３,6650852
1140001088367,株式会社隆防水,兵庫県,宝塚市,安倉南１丁目２２番１１号,6650823
1140001088615,株式会社エムズビルド,兵庫県,宝塚市,中山五月台２丁目１０番１２号,6650871
1140001088895,株式会社オーディアム,兵庫県,宝塚市,口谷東３丁目６７番４２号,6650812
1140001089282,東洋株式会社,兵庫県,宝塚市,安倉中３丁目１３番１５号,6650822
1140001089480,株式会社介護タクシーやなか,兵庫県,宝塚市,川面４丁目９番１２号,6650842
1140001089530,株式会社サンライフ,兵庫県,宝塚市,逆瀬川１丁目１番１号,6650035
1140001090182,株式会社誠商会不動産管理,兵庫県,宝塚市,仁川月見ガ丘１番１６号,6650067
1140001090281,株式会社ＡＲリエゾン,兵庫県,宝塚市,米谷２丁目７番２４−１号,6650831
1140001090554,株式会社ＥＰＰ,兵庫県,宝塚市,鶴の荘９番１５号,6650833
1140001090645,株式会社バイクショップマサキ,兵庫県,宝塚市,末成町３８番６号,6650044
1140001090835,株式会社アースビジョン,兵庫県,宝塚市,中筋山手２丁目９番１８−１号,6650875
1140001091651,株式会社ネクストワン,兵庫県,宝塚市,山本野里１丁目５５番１,6650814
1140001091809,株式会社カモイケ商会,兵庫県,宝塚市,小林２丁目４番６−２号,6650034
1140001092484,株式会社ジュウサン,兵庫県,宝塚市,亀井町１０番５０号,6650047
1140001093532,株式会社ユタカ,兵庫県,宝塚市,雲雀丘３丁目１番３２号,6650805
1140001094893,株式会社マツダ技研,兵庫県,宝塚市,山本中３丁目６番２１号,6650883
1140001095108,株式会社みお,兵庫県,宝塚市,野上３丁目５番３３号,6650022
1140001095132,株式会社Ｌｉｆｅ　ｉｓ,兵庫県,宝塚市,川面５丁目２番８号,6650842
1140001095719,株式会社ドリームサポート,兵庫県,宝塚市,山本東３丁目１０番１号リーガルコート山本駅前１０２,6650881
1140001096196,株式会社ｔａプラス,兵庫県,宝塚市,川面５丁目４番１７号,6650842
1140001096329,株式会社Ｋｙ’ｓ工房,兵庫県,宝塚市,旭町２丁目６番１８号,6650835
1140001096551,株式会社サンクレール,兵庫県,宝塚市,中山寺１丁目１−８−２０８,6650861
1140001096576,株式会社セレクト,兵庫県,宝塚市,伊孑志３丁目８番２０号,6650033
1140001096691,株式会社菫画廊,兵庫県,宝塚市,中山桜台５丁目１５番１−１０２号,6650877
1140001096840,株式会社創宝道路,兵庫県,宝塚市,高司１丁目９番２６−１号,6650051
1140001097178,株式会社ブレス,兵庫県,宝塚市,中筋３丁目２−５,6650874
1140001097244,アイデアニュース株式会社,兵庫県,宝塚市,平井５丁目３番１号,6650816
1140001097483,心修管工株式会社,兵庫県,宝塚市,高司３丁目６番８−３号,6650051
1140001099042,株式会社ＰＥＡＫＳ,兵庫県,宝塚市,安倉南３丁目６番１２−１０５号,6650823
1140001099166,株式会社ティエフサポート,兵庫県,宝塚市,山本丸橋１丁目１４番３４号,6650815
1140001099315,山手投資経済研究所株式会社,兵庫県,宝塚市,山手台西２丁目７番１号,6650886
1140001099455,株式会社あたたかハウス宝塚,兵庫県,宝塚市,小林１丁目１番８号エルフォンテ平塚Ａ棟,6650034
1140001099505,株式会社奥工務店,兵庫県,宝塚市,高松町１４番１４−４号,6650043
1140001099554,株式会社工藤建築環境設計室,兵庫県,宝塚市,雲雀丘２丁目１番３号雲雀丘文化会館１０３号,6650805
1140001099983,Ｐ・Ｈ・Ｄ　ＮＥＧＩ　ＩＮＴＥＲＮＡＴＩＯＮＡＬ株式会社,兵庫県,宝塚市,宮の町７番５号,6650843
1140001100164,ＫＳＤエステート株式会社,兵庫県,宝塚市,社町８番３号,6650071
1140001100313,株式会社木村外工,兵庫県,宝塚市,伊孑志４丁目２番４７号,6650033
1140001100602,株式会社すみれリアルティ,兵庫県,宝塚市,旭町２丁目６番２７号,6650835
1140001100791,株式会社堺かつら,兵庫県,宝塚市,清荒神１丁目２番３０−４１０号,6650836
1140001101138,株式会社ＣＳＩ,兵庫県,宝塚市,中州１丁目９番５号,6650021
1140001101344,ナカニシガーデンズ株式会社,兵庫県,宝塚市,中筋１丁目１０番４号,6650874
1140001101402,ダイレクト・スペアパーツ・ジャパン株式会社,兵庫県,宝塚市,伊孑志３丁目１４−１−８０５,6650033
1140001103002,株式会社ゼンソー,兵庫県,宝塚市,山本丸橋２丁目１２７,6650815
1140001104231,アラキ住宅株式会社,兵庫県,宝塚市,山本野里２丁目４番１３号,6650814
1140001104776,レクシード株式会社,兵庫県,宝塚市,雲雀丘１丁目８番３４号,6650805
1140001105139,株式会社拓伸,兵庫県,宝塚市,泉ガ丘４番２４号,6650851
1140001106244,株式会社ファーチリ,兵庫県,宝塚市,平井１丁目１６番６号,6650816
1140001107267,エス建物管理株式会社,兵庫県,宝塚市,亀井町１２番５６号,6650047
1140001107473,小田建設株式会社,兵庫県,宝塚市,安倉南４丁目２０番１０号,6650823
1140001107721,株式会社Ｊ．カレッジ,兵庫県,宝塚市,逆瀬川１丁目２番１号,6650035
1140001108653,株式会社光栄製作所,兵庫県,宝塚市,高司４丁目３番２３号,6650051
1140001109734,株式会社ケンショウ,兵庫県,宝塚市,山本丸橋２丁目２４番,6650815
1140001109866,株式会社Ｐ．Ｓ．Ｐｌａｎｎｉｎｇ,兵庫県,宝塚市,雲雀丘１丁目８番３４号,6650805
1140001109932,株式会社グランリミット,兵庫県,宝塚市,雲雀丘山手２丁目１３番２号,6650804
1140001110114,株式会社六瑛社,兵庫県,宝塚市,宝梅２丁目９番３号,6650013
1140001110221,株式会社ＪＧＩＴＳ,兵庫県,宝塚市,山本中２丁目２番７号,6650883
1140001110667,株式会社ＡＳＵＢＵＩＬ,兵庫県,宝塚市,中山桜台６丁目１８番２−１０１９号,6650877
1140001111351,株式会社デジタルサポート,兵庫県,宝塚市,山本東２丁目５番１号,6650881
1140001111450,株式会社サナメイ,兵庫県,宝塚市,山手台東３丁目１１−１０,6650887
1140001111566,株式会社コンセプト,兵庫県,宝塚市,高司５丁目２番２０号アニメート仁川１階,6650051
1140001111665,株式会社ちしき,兵庫県,宝塚市,宝梅２丁目６番８９号宝梅アーバンライフ７１９号室,6650013
1140001111822,株式会社光建設,兵庫県,宝塚市,鶴の荘２２番１９号,6650833
1140001112201,株式会社ＧＵＲＵＪＩ,兵庫県,宝塚市,栄町２丁目１番１号ソリオ宝塚,6650845
1140001112366,株式会社西田工業,兵庫県,宝塚市,野上２丁目２番５９号,6650022
1140001112382,株式会社マテック,兵庫県,宝塚市,安倉中５丁目１０番１４−２０１号,6650822
1140001112622,株式会社ＺＯＮＯ,兵庫県,宝塚市,逆瀬台１丁目１１番２−５０７号,6650024
1140001112829,日東高圧化学工業株式会社,兵庫県,宝塚市,大成町１０番４３号,6650055
1140001112886,株式会社ＯＦＦＩＣＥ　ＣＲＥＡ,兵庫県,宝塚市,仁川北１丁目４番３６−１０８号,6650061
1140001113356,株式会社ベイポスティ,兵庫県,宝塚市,紅葉ガ丘２番３８号,6650006
1140001113463,株式会社ＳＵＰＥＲ　ＳＴＲＩＫＥ,兵庫県,宝塚市,安倉南４丁目３７番２１号,6650823
1140001113554,株式会社エーレポート,兵庫県,宝塚市,武庫川町５番２７藤和ホームズ弐番館９０２号室,6650844
1140001113612,株式会社ベリーマン,兵庫県,宝塚市,弥生町３番３号,6650826
1140001113744,株式会社ＲＡＩ,兵庫県,宝塚市,小林１丁目１８番１２号,6650034
1140001114057,株式会社島田,兵庫県,宝塚市,旭町２丁目８番８−１０１号,6650835
1140001114817,中本不動産株式会社,兵庫県,宝塚市,野上６丁目７番１２号,6650022
1140001114973,ＷＯＲＬＤ　ＶＩＬＬＡＧＥ株式会社,兵庫県,宝塚市,川面字長尾山１５番地の３５０−７,6650848
1140001115195,宜春商事株式会社,兵庫県,宝塚市,長寿ガ丘９番４号,6650001
1140001115617,株式会社ＯＨＬ,兵庫県,宝塚市,南口２丁目１４番３−４０２号,6650011
1140001116929,株式会社宝塚サニー新体操クラブ,兵庫県,宝塚市,桜ガ丘三丁目３３番地,6650846
1140001117480,あゆみ建築株式会社,兵庫県,宝塚市,逆瀬台４丁目５番８号,6650024
1140001118280,株式会社谷口調剤,兵庫県,宝塚市,中山桜台２丁目２番１号,6650877
1140001119262,株式会社ＨＢＡ,兵庫県,宝塚市,花屋敷つつじガ丘６番３９−１号,6650803
1140001119394,株式会社リビングサポート,兵庫県,宝塚市,南口２丁目１４−５,6650011
1140001119700,株式会社Ｙ．Ｍ　ｔｅｃｈ,兵庫県,宝塚市,美幸町１番８号,6650042
1140001120550,株式会社シーク,兵庫県,宝塚市,雲雀丘３丁目１６番１６号,6650805
1140001121870,Ｊａｍｍｙ　Ｉｎｄｕｓｔｒｙ’ｓ株式会社,兵庫県,宝塚市,すみれガ丘２丁目３番１−１００１号,6650847
1140001122051,株式会社美豊堂,兵庫県,宝塚市,逆瀬川２丁目１０番６２号,6650035
1140001122134,株式会社ｎｉｋｏ,兵庫県,宝塚市,安倉中５丁目１９番２７号,6650822
1140001122365,ＲＡＩＳＥ　ＪＡＰＡＮ株式会社,兵庫県,宝塚市,安倉西３丁目４４３−６,6650825
1140001122563,株式会社北摂エクステリア,兵庫県,宝塚市,平井１丁目８番１０号,6650816
1140001123421,株式会社ＢＧ,兵庫県,宝塚市,山本中３丁目６番１９号,6650883
1140001123966,株式会社オフィス・岳人,兵庫県,宝塚市,仁川月見ガ丘３番４４号,6650067
1140001124072,猫の手本舗株式会社,兵庫県,宝塚市,中州２丁目７番２３号,6650021
1140001124188,株式会社ジベル,兵庫県,宝塚市,光明町２−５−１０１,6650045
1140001124428,株式会社ミヤノホーム,兵庫県,宝塚市,中州１丁目３番３１号,6650021
1140001124452,川崎商事株式会社,兵庫県,宝塚市,仁川北１丁目２番１７号,6650061
1140001125748,株式会社敦盛メンテナンス,兵庫県,宝塚市,山本西３丁目１１番３−２０６号,6650884
1140001126218,株式会社Ｎｏｉｒ,兵庫県,宝塚市,中山桜台２丁目２１番１号,6650877
1140001126267,株式会社寿音,兵庫県,宝塚市,末成町２５番１５号,6650044
1140001126639,スリーエレメンツ株式会社,兵庫県,宝塚市,逆瀬川１丁目１番４３号,6650035
1140001127001,株式会社ペイシェンス,兵庫県,宝塚市,千種２丁目３番１０号,6650072
1140001127042,株式会社ゴードン,兵庫県,宝塚市,売布東の町２１番２２号,6650867
1140001127141,株式会社ＰＴＭ,兵庫県,宝塚市,寿楽荘２番１７−３０３号,6650012
1140001127307,株式会社一義建設,兵庫県,宝塚市,安倉中５丁目２３番７号,6650822
1140001127538,株式会社渡邊事務所,兵庫県,宝塚市,小林４丁目５−３５シャーメゾン宝塚１Ｆ,6650034
1140001128313,株式会社矢野,兵庫県,宝塚市,小浜３丁目６番８−２０４号,6650827
1140001128825,株式会社アセンブルデザイン,兵庫県,宝塚市,花屋敷荘園２丁目２番７号,6650802
1140001129328,株式会社ノルト,兵庫県,宝塚市,栄町３丁目３−３８宝塚ビル５０１号,6650845
1140001130277,株式会社Ｏｌｉｖｅ　Ｈｏｕｓｅ,兵庫県,宝塚市,中山台２丁目２０番３号,6650876
1140001131333,株式会社ＭＫ　Ｄｅｌｉｖｅｒ,兵庫県,宝塚市,小浜２丁目５−３５,6650827
1140001131432,カクノウ株式会社,兵庫県,宝塚市,小林５丁目９番５４号,6650034
1140001131647,株式会社Ｐｅｒｉ．,兵庫県,宝塚市,米谷１丁目１３番１号ワークヒルズ宝塚３０１,6650831
1140001132496,Ｓｔａｎｄｂｙ株式会社,兵庫県,宝塚市,南口１丁目４番２１号,6650011
1140001133437,株式会社いと,兵庫県,宝塚市,武庫山２丁目１１番２１号,6650005
1140001134419,ランドマリス株式会社,兵庫県,宝塚市,中山桜台４丁目９番１０号,6650877
1140001135037,ｅｎ‐ｃｏｕｎｔｅｒ株式会社,兵庫県,宝塚市,逆瀬川２丁目７番１７−２号,6650035
1140001135219,株式会社スロースカンパニー,兵庫県,宝塚市,小林４丁目７番５８号ホームクリエイトビル１、３０３号室,6650034
1140001135581,エコノ・リソース株式会社,兵庫県,宝塚市,川面５丁目１０−６１−１０４,6650842
1140001135598,株式会社ＡＸＩＳ,兵庫県,宝塚市,南ひばりガ丘１丁目１２番１−２０２号,6650811
1140001136084,株式会社インテグリティ,兵庫県,宝塚市,山手台東１丁目８番１０号,6650887
1140001136794,株式会社ＬＡＹ,兵庫県,宝塚市,平井町一丁目７番２２号カサブランカ１０３号室,6650816
1140001136860,Ｓ１セキュリティ株式会社,兵庫県,宝塚市,旭町３丁目２１番１０号,6650835
1140001137487,Ｃｒａｆｔｍａｎｓ‐Ｆａｒｍ株式会社,兵庫県,宝塚市,切畑字芋生根１７番地,6691241
1140001137537,株式会社Ｄシングス,兵庫県,宝塚市,中山桜台３丁目１１番３号,6650877
1140001137586,こにしいけ株式会社,兵庫県,宝塚市,雲雀丘１丁目２番９号,6650805
1140001137685,株式会社ＡＫＡＹＵＫＩ,兵庫県,宝塚市,御殿山２丁目８−３５,6650841
1140001138048,株式会社ＷＩＬＬ　Ｃ．Ｂ　ＤＥＳＩＧＮ,兵庫県,宝塚市,野上５丁目４番９０号,6650022
1140001138205,株式会社後藤クリエイト,兵庫県,宝塚市,高松町１−７２,6650043
1140001138502,株式会社バンクライト,兵庫県,宝塚市,光明町１８番１０号,6650045
1140001138832,Ｆエステート株式会社,兵庫県,宝塚市,米谷２丁目３番４号,6650831
1140001139285,株式会社Ｏｆｆｉｃｅ　Ｍａｒｙ＆Ｆｌｏｗｅｒ,兵庫県,宝塚市,栄町２丁目１番１−Ｗ−５０３号,6650845
1140001139517,ＣＯＲＳＯ　ＣＰＡ＆Ｐａｒｔｎｅｒｓ株式会社,兵庫県,宝塚市,山手台東５丁目５番２号,6650887
1140001139582,株式会社ティースリー,兵庫県,宝塚市,安倉西４丁目１番１０号,6650825
1140001139839,株式会社ＶＩＤＡ,兵庫県,宝塚市,安倉南１丁目１７番２０号ハロービズストレージ宝塚安倉南２号室,6650823
1140001140367,株式会社ＡＲＡＳ,兵庫県,宝塚市,花屋敷荘園３丁目５番７号,6650802
1140001140978,株式会社ＬＯＶＥＬ,兵庫県,宝塚市,小林４丁目７番７−４０３号,6650034
1140001141456,株式会社Ｒ,兵庫県,宝塚市,中山桜台７丁目１番１号,6650877
1140001141720,株式会社ＲＩＲＡＣＯ,兵庫県,宝塚市,月見山２丁目７番７号,6650002
1140001142033,真打株式会社,兵庫県,宝塚市,野上４丁目２番３号,6650022
1140001142149,株式会社横井計画,兵庫県,宝塚市,仁川高台１丁目８番５７号,6650062
1140001142157,Ｒｅ　Ｌｉｆｅ不動産株式会社,兵庫県,宝塚市,安倉南３丁目８番１１号レジデンス宝塚１０２号室,6650823
1140001142223,株式会社ライトテック,兵庫県,宝塚市,中筋１丁目９−１８セジュール中山１０２,6650874
1140002055168,株式会社セブンクリエーション,兵庫県,宝塚市,寿町９番１６号,6650865
1140003010857,ボヌール株式会社,兵庫県,宝塚市,鹿塩２丁目６番３号,6650054
1290001035065,株式会社ピュアツリー,兵庫県,宝塚市,末広町２番８号,6650031
1290001059551,株式会社ＳＦＹ,兵庫県,宝塚市,逆瀬川１丁目１３番１−７０１号,6650035
1290001107335,株式会社イノベーターズ,兵庫県,宝塚市,泉町６番６号,6650864
1340001016233,株式会社Ｗｅ−ｉｎｇ,兵庫県,宝塚市,長尾町５番３号,6650873
1370001023004,株式会社アクセル,兵庫県,宝塚市,高司４丁目４−７−４−６０９,6650051
1480001007185,株式会社エンショ,兵庫県,宝塚市,武庫川町４−３宝塚第１コーポラス５１４号,6650844
2010001166382,ＴＲＭ株式会社,兵庫県,宝塚市,鹿塩１丁目４番２９−６０３号,6650054
2010401127298,株式会社ナリゼン,兵庫県,宝塚市,清荒神１丁目１１−１清荒神市場内,6650836
2010401147420,株式会社アンテリック・ステーショナーズ,兵庫県,宝塚市,栄町３丁目１番１７号グリーンエクセル宝塚１０９,6650845
2013301027964,ひょうごエンジン株式会社,兵庫県,宝塚市,仁川北２丁目１２番３０−２号,6650061
2120001065292,昭和広告株式会社,兵庫県,宝塚市,中州２丁目９番９号,6650021
2120001067611,いちとみ商店株式会社,兵庫県,宝塚市,仁川北３丁目２番１６号,6650061
2120001074401,池芳商事株式会社,兵庫県,宝塚市,中山台１丁目６番２号,6650876
2120001077734,株式会社機央,兵庫県,宝塚市,逆瀬台５丁目２３番１５号,6650024
2120001079648,株式会社コロナルホーム,兵庫県,宝塚市,中山五月台３丁目５番５号,6650871
2120001108621,株式会社エクウス,兵庫県,宝塚市,梅野町４−２９−１５０１,6650004
2120001122102,株式会社Ａｃｔ’ｓ　Ｄｅｓｉｇｎ,兵庫県,宝塚市,中州１丁目３番１３号,6650021
2120001127984,株式会社ファニー,兵庫県,宝塚市,末成町３９番９号,6650044
2120001139022,株式会社ウェブフォーメーション,兵庫県,宝塚市,中筋３丁目５６番地の１−２１０号,6650874
2120001140839,株式会社アストラーレ,兵庫県,宝塚市,栄町３丁目１０番１２−１１１２号,6650845
2120001165225,株式会社ジャイロウォークコミュニケーションズ,兵庫県,宝塚市,野上１丁目１番８号,6650022
2120001165786,株式会社プロパティ・クリエーション,兵庫県,宝塚市,南口２丁目１４番３−１５０４号,6650011
2120001169168,株式会社親和,兵庫県,宝塚市,売布１丁目２６番１９号,6650852
2120001175843,株式会社ＩＨＴ,兵庫県,宝塚市,逆瀬川１丁目１５番１８−３０４号,6650035
2120001177963,株式会社サイバースター,兵庫県,宝塚市,武庫川町２番２号,6650844
2120001193795,秋美株式会社,兵庫県,宝塚市,雲雀丘１丁目８番３４号,6650805
2120001205807,株式会社ＮＥＸＴ　ＳＴＯＲＩＥＳ,兵庫県,宝塚市,栄町３丁目２−４３ＫＤＸ宝塚レジデンス１１０４,6650845
2120001208454,株式会社ＬＩ‐ＯＮ,兵庫県,宝塚市,中山台２丁目１４番１１−２号,6650876
2120001241793,Ｌｉｎｋｓ　Ａｓｓｅｔ　Ｍａｎａｇｅｍｅｎｔ株式会社,兵庫県,宝塚市,安倉北５丁目１６−１９,6650821
2120101008440,株式会社テクノアート,兵庫県,宝塚市,仁川北３丁目３番２１号,6650061
2120101024652,株式会社アドニス,兵庫県,宝塚市,逆瀬台３丁目１１番１−３０２号,6650024
2120101048123,ＳＩＲＩ株式会社,兵庫県,宝塚市,すみれガ丘３丁目１番１−６０２号,6650847
2120101052777,株式会社富士技研,兵庫県,宝塚市,安倉西４丁目３番４８号,6650825
2120101064558,株式会社ＫＡＣ,兵庫県,宝塚市,山本南１丁目３０番５−２号,6650882
2120901019496,共栄管工業株式会社,兵庫県,宝塚市,中山寺１丁目１番８−１０４号,6650861
2120901020090,株式会社吉野商店,兵庫県,宝塚市,逆瀬台４丁目１６番１１号,6650024
2120901028992,レインボープランズ株式会社,兵庫県,宝塚市,山本台２丁目３番１９号,6650885
2120901032144,株式会社究,兵庫県,宝塚市,川面６丁目４番１３号,6650842
2120901033968,株式会社ＴＵＲＮ　ＡＲＯＵＮＤ,兵庫県,宝塚市,雲雀丘山手２丁目１５−４０,6650804
2120901038991,株式会社ＹＧコンサルタント,兵庫県,宝塚市,売布きよしガ丘３番６号,6650855
2120901043439,株式会社ＯＲＬＡＮＤＯ,兵庫県,宝塚市,山手台東４丁目２０番２７号,6650887
2120901046474,アズ・ラポール株式会社,兵庫県,宝塚市,今里町１６−１８旭マンション１０２,6650862
2140001021806,株式会社オー・エム・カンパニー,兵庫県,宝塚市,野上１丁目５番１５−５０５号,6650022
2140001027456,株式会社モード,兵庫県,宝塚市,逆瀬台１丁目３逆瀬川マンションＣ棟３０８号,6650024
2140001028009,エポック財団株式会社,兵庫県,宝塚市,米谷１丁目１３番１号ワークヒルズ宝塚３０１,6650831
2140001030055,株式会社リズ兵庫,兵庫県,宝塚市,平井１丁目３０番１号,6650816
2140001032448,株式会社昭栄,兵庫県,宝塚市,安倉北３丁目９番４号,6650821
2140001033438,株式会社ジェイエルピー,兵庫県,宝塚市,雲雀丘２丁目１番３−２０１号室,6650805
2140001050020,樽谷本家株式会社,兵庫県,宝塚市,野上３丁目１番１７号,6650022
2140001055647,株式会社キューズユウ,兵庫県,宝塚市,売布１丁目２４番２８号,6650852
2140001067295,株式会社ゆめさぽーと,兵庫県,宝塚市,中筋山手２丁目５番５７号エフスタイル宝塚ビューテラス７０４号室,6650875
2140001070506,宮井ビル株式会社,兵庫県,宝塚市,塔の町３番８号,6650073
2140001071990,タイヨーストア株式会社,兵庫県,宝塚市,中州２丁目２番４１号,6650021
2140001074309,翼工業株式会社,兵庫県,宝塚市,野上１丁目２番２号２０２,6650022
2140001074358,株式会社ドリーム,兵庫県,宝塚市,南ひばりガ丘３丁目２４番１７号,6650811
2140001074382,株式会社とよえい,兵庫県,宝塚市,武庫山２丁目１９番１−６０４号,6650005
2140001074663,株式会社イーストフィールド,兵庫県,宝塚市,安倉南２丁目８番１号,6650823
2140001078012,伊丹電材株式会社,兵庫県,宝塚市,末成町３９番３号,6650044
2140001078524,総合陸運株式会社,兵庫県,宝塚市,長尾町５番３号,6650873
2140001079902,丸正不動産株式会社,兵庫県,宝塚市,中筋山手３丁目６番８号,6650875
2140001080001,リキッドコンサンド株式会社,兵庫県,宝塚市,宝松苑６番１１号,6650016
2140001080364,株式会社ＤＡＩＫＥＮ,兵庫県,宝塚市,亀井町１０−６３−６５８,6650047
2140001081148,株式会社秋田組,兵庫県,宝塚市,安倉中２丁目１３番２号,6650822
2140001081172,株式会社アベーラアンドカンパニー,兵庫県,宝塚市,南口１丁目１５番１４号,6650011
2140001081180,東洋精器工業株式会社,兵庫県,宝塚市,末成町７番３号,6650044
2140001081189,株式会社石田工務店,兵庫県,宝塚市,小浜３丁目５番１５号,6650827
2140001081197,伊藤建設株式会社,兵庫県,宝塚市,高司２丁目１６番１０号,6650051
2140001081214,株式会社イナブコ,兵庫県,宝塚市,伊孑志４丁目７番４９号,6650033
2140001081222,株式会社ウイング,兵庫県,宝塚市,小林５丁目８番５４号,6650034
2140001081230,株式会社ウィル,兵庫県,宝塚市,逆瀬川１丁目１４番６号,6650035
2140001081247,株式会社栄常園,兵庫県,宝塚市,中筋２丁目７番１２号,6650874
2140001081263,株式会社エヌケーイーエンタープライズ,兵庫県,宝塚市,中筋山手１丁目１２番９号,6650875
2140001081271,株式会社延命寺商店,兵庫県,宝塚市,南口２丁目１１番２号,6650011
2140001081288,大阪電具株式会社,兵庫県,宝塚市,安倉西３丁目８番１４号,6650825
2140001081296,株式会社邑智工業,兵庫県,宝塚市,宮の町３番２７号,6650843
2140001081305,株式会社岡田商会,兵庫県,宝塚市,高司１丁目４番４６号,6650051
2140001081313,株式会社ポレ・ポレ,兵庫県,宝塚市,社町１番６号,6650071
2140001081321,株式会社海成工業,兵庫県,宝塚市,栄町２丁目１−２ソリオ宝塚２−８Ｆ,6650845
2140001081338,関西電器販売株式会社,兵庫県,宝塚市,中山五月台４丁目１２番１６号,6650871
2140001081346,株式会社カスタム不動産,兵庫県,宝塚市,雲雀丘山手２丁目１１番３号,6650804
2140001081354,金岡造園緑地建設株式会社,兵庫県,宝塚市,山本野里２丁目１番４０号,6650814
2140001081362,株式会社金山組,兵庫県,宝塚市,鶴の荘２１番１６号,6650833
2140001081379,近畿精機株式会社,兵庫県,宝塚市,山本丸橋２丁目１４番１８号,6650815
2140001081387,株式会社キシダ,兵庫県,宝塚市,中山寺１丁目１４番１６号,6650861
2140001081395,北株式会社,兵庫県,宝塚市,雲雀丘１丁目１３番２９号,6650805
2140001081404,株式会社木本工務店,兵庫県,宝塚市,小林１丁目１１番１０号,6650034
2140001081412,共栄商事株式会社,兵庫県,宝塚市,仁川北３丁目４番８号,6650061
2140001081420,共菱建設株式会社,兵庫県,宝塚市,旭町２丁目８番８号,6650835
2140001081429,極東メタリコン工業株式会社,兵庫県,宝塚市,南ひばりガ丘２丁目１４番２２号,6650811
2140001081437,株式会社楠住建,兵庫県,宝塚市,安倉南１丁目１２番３号,6650823
2140001081453,株式会社クラモト,兵庫県,宝塚市,安倉北２丁目１９番８号,6650821
2140001081486,小阪酒販株式会社,兵庫県,宝塚市,川面４丁目１０番１号,6650842
2140001081494,株式会社小谷建設,兵庫県,宝塚市,中筋７丁目４番２号,6650874
2140001081536,三泉企業株式会社,兵庫県,宝塚市,花屋敷荘園３丁目５番１８号,6650802
2140001081544,株式会社サンヨー,兵庫県,宝塚市,雲雀丘１丁目６番２９号,6650805
2140001081577,株式会社システムグリーン,兵庫県,宝塚市,旭町１丁目６番２５号,6650835
2140001081593,株式会社松栄自動車,兵庫県,宝塚市,亀井町１０番２０号,6650047
2140001081610,シラクボ住研株式会社,兵庫県,宝塚市,梅野町１番２−１２０７号,6650004
2140001081627,株式会社青々園,兵庫県,宝塚市,山本南３丁目１２番１−７１６号,6650882
2140001081635,株式会社泉勘,兵庫県,宝塚市,宝梅２丁目２番２２号,6650013
2140001081651,株式会社そめの中村,兵庫県,宝塚市,福井町１７番３号,6650046
2140001081668,株式会社宝塚コミュニケーションスクエア,兵庫県,宝塚市,中州１丁目１５番２号,6650021
2140001081676,株式会社宝塚スイミングスクール,兵庫県,宝塚市,川面１丁目１７６番地,6650842
2140001081684,株式会社宝塚電業社,兵庫県,宝塚市,伊孑志３丁目２番２８号,6650033
2140001081692,株式会社宝塚べにや,兵庫県,宝塚市,売布２丁目５番１号,6650852
2140001081701,株式会社大源,兵庫県,宝塚市,中山寺３丁目１番２４号,6650861
2140001081726,大明社新聞広告株式会社,兵庫県,宝塚市,社町３番１６号,6650071
2140001081734,株式会社タケオ,兵庫県,宝塚市,栄町１丁目６番２−１０４,6650845
2140001081742,タカミ機械株式会社,兵庫県,宝塚市,鹿塩２丁目７番３号,6650054
2140001081750,タカラリサーチインスティテュート株式会社,兵庫県,宝塚市,伊孑志４丁目２番６０−６２１号,6650033
2140001081759,株式会社辰己建設,兵庫県,宝塚市,安倉北５丁目９３６番２号,6650821
2140001081767,株式会社筑前ビル,兵庫県,宝塚市,南口１丁目１４番１５号,6650011
2140001081775,株式会社千代田測量設計事務所,兵庫県,宝塚市,川面５丁目１０番２号,6650842
2140001081783,株式会社津田建築店,兵庫県,宝塚市,逆瀬川１丁目１番２９号,6650035
2140001081791,株式会社てくてく,兵庫県,宝塚市,山本中３丁目１７番４号,6650883
2140001081800,株式会社東亜電工,兵庫県,宝塚市,安倉南４丁目２０番１０号,6650823
2140001081809,東洋エステート株式会社,兵庫県,宝塚市,中山桜台７丁目５番１号,6650877
2140001081817,株式会社ともゑ,兵庫県,宝塚市,中山寺２丁目８番１号,6650861
2140001081825,株式会社内外,兵庫県,宝塚市,すみれガ丘２丁目８番１号,6650847
2140001081858,株式会社西村石材店,兵庫県,宝塚市,栄町１丁目９番２１号,6650845
2140001081866,日伸産業株式会社,兵庫県,宝塚市,千種４丁目１２番１６号,6650072
2140001081890,株式会社ノニヤ,兵庫県,宝塚市,栄町２丁目１番１号ソリオ１,6650845
2140001081899,株式会社伯和,兵庫県,宝塚市,小浜２丁目４番６号,6650827
2140001081924,株式会社光住宅,兵庫県,宝塚市,栄町１丁目１４番８号,6650845
2140001081932,株式会社姫之,兵庫県,宝塚市,栄町１丁目６−１花のみちセルカ１−１０２ｂ,6650845
2140001081949,株式会社ファミリーエイジェンシー,兵庫県,宝塚市,すみれガ丘３丁目３番２−１９１３号,6650847
2140001081957,不二株式会社,兵庫県,宝塚市,安倉南２丁目１４番２号,6650823
2140001081973,フレームポイント株式会社,兵庫県,宝塚市,旭町３丁目１０番１−５１０号,6650835
2140001081981,株式会社ベスタ,兵庫県,宝塚市,平井５丁目２番９号,6650816
2140001081998,宝和産業株式会社,兵庫県,宝塚市,安倉中１丁目９番６号,6650822
2140001082006,株式会社前川機電,兵庫県,宝塚市,中筋山手２丁目１０番２号,6650875
2140001082014,株式会社松下組,兵庫県,宝塚市,大成町１０番２９号,6650055
2140001082022,株式会社栄世商事,兵庫県,宝塚市,清荒神５丁目８４番地の３,6650836
2140001082030,株式会社丸三,兵庫県,宝塚市,武庫山２丁目１４番２４号,6650005
2140001082039,株式会社丸紅屋,兵庫県,宝塚市,湯本町１０番４３号,6650003
2140001082047,ミカミ機工株式会社,兵庫県,宝塚市,安倉南４丁目３５番９号,6650823
2140001082055,南設備工業株式会社,兵庫県,宝塚市,売布２丁目１３番２３号,6650852
2140001082063,株式会社宮崎牧場,兵庫県,宝塚市,伊孑志４丁目７番５１号,6650033
2140001082088,モンデンマネジメント株式会社,兵庫県,宝塚市,高司１丁目７番８号,6650051
2140001082105,株式会社山口紅葉堂,兵庫県,宝塚市,小浜３丁目４番１号,6650827
2140001082113,株式会社山下設備,兵庫県,宝塚市,宝梅３丁目３番１２号,6650013
2140001082121,山田不動産株式会社,兵庫県,宝塚市,鹿塩１丁目２番２０号,6650054
2140001082138,株式会社ユージ産業,兵庫県,宝塚市,美座２丁目２２番１３号,6650834
2140001082146,株式会社陽春園植物場,兵庫県,宝塚市,山本台１丁目６番３３号,6650885
2140001082154,吉村産業株式会社,兵庫県,宝塚市,安倉西２丁目１番４０−３１６号,6650825
2140001082162,株式会社和光運搬機製作所,兵庫県,宝塚市,高司５丁目３３番地２,6650051
2140001082179,株式会社ロイヤル紙工,兵庫県,宝塚市,逆瀬台６丁目１１番４号,6650024
2140001082187,株式会社若生商店,兵庫県,宝塚市,山本中２丁目２番２号,6650883
2140001082204,株式会社キー・ブリッジ,兵庫県,宝塚市,川面６丁目９番１６号,6650842
2140001082212,東邦システムサポート株式会社,兵庫県,宝塚市,栄町１丁目１番９−８０４号,6650845
2140001082220,株式会社ホービス,兵庫県,宝塚市,泉町２７番１０−１０１号,6650864
2140001082237,コムネットサービス株式会社,兵庫県,宝塚市,山本野里１丁目１−４０,6650814
2140001082245,株式会社クリエイティブ,兵庫県,宝塚市,湯本町２番５号,6650003
2140001082253,株式会社グローバルフーズ,兵庫県,宝塚市,口谷西３丁目１番２１号,6650813
2140001082261,株式会社ジヨ,兵庫県,宝塚市,中山寺１丁目１２番８号,6650861
2140001082278,株式会社グローバル商業研究所,兵庫県,宝塚市,安倉西４丁目１番９号,6650825
2140001082294,株式会社中央テック,兵庫県,宝塚市,中野町１６番１０号,6650056
2140001082303,株式会社木原青葉園,兵庫県,宝塚市,山本野里２丁目３番１８号,6650814
2140001082336,株式会社ミツミ企画,兵庫県,宝塚市,栄町２丁目１番１−Ｗ−９０３号,6650845
2140001082352,株式会社カナック工業,兵庫県,宝塚市,小浜２丁目１番２号,6650827
2140001082360,株式会社莉理花,兵庫県,宝塚市,湯本町３番１１−３０１号,6650003
2140001082377,シモダエンジニアリング株式会社,兵庫県,宝塚市,仁川高丸１丁目１６番１０号,6650063
2140001082393,株式会社宝塚美容健康研究所,兵庫県,宝塚市,すみれガ丘３丁目５番２−１５０６号,6650847
2140001082402,株式会社スパークルアーツ,兵庫県,宝塚市,武庫山２丁目４番７８−５０８号,6650005
2140001082542,株式会社シミズ総合コンサルタント,兵庫県,宝塚市,光ガ丘１丁目６番２８号,6650015
2140001082567,株式会社春日グリーンアシスト,兵庫県,宝塚市,口谷西１丁目２０番１号,6650813
2140001082583,株式会社Ａ１水道,兵庫県,宝塚市,星の荘１０番２０号,6650866
2140001082591,株式会社ＢＡＬ,兵庫県,宝塚市,小林４丁目６−１４,6650034
2140001082600,株式会社ウィル空間デザイン,兵庫県,宝塚市,逆瀬川１丁目１４番３９号,6650035
2140001082609,大阪プラントエンジニアリング株式会社,兵庫県,宝塚市,長寿ガ丘２２番２号,6650001
2140001082633,株式会社ＴＴプランニング,兵庫県,宝塚市,仁川北３丁目１２番１５号,6650061
2140001082666,株式会社テンナインズ,兵庫県,宝塚市,すみれガ丘３丁目６番１−１２０５号,6650847
2140001082682,阪本システムズ株式会社,兵庫県,宝塚市,平井２丁目２番１０号,6650816
2140001082690,株式会社ＭＩＮＯＬＵ,兵庫県,宝塚市,桜ガ丘２３番２１号,6650846
2140001082699,藏人土地株式会社,兵庫県,宝塚市,今里町１５番２号,6650862
2140001082708,株式会社シノブ工務店,兵庫県,宝塚市,星の荘１番１６号,6650866
2140001082724,株式会社渕上工業,兵庫県,宝塚市,安倉北２丁目１１番１号,6650821
2140001082740,デジタルリサーチ株式会社,兵庫県,宝塚市,ふじガ丘２５番５号,6650806
2140001082757,株式会社みの源中山店,兵庫県,宝塚市,中山五月台２丁目１１番６号,6650871
2140001082765,株式会社大芽重工業,兵庫県,宝塚市,安倉中５丁目１２番３３号,6650822
2140001082773,株式会社シエラコーポレーション,兵庫県,宝塚市,ゆずり葉台２丁目２番７号,6650025
2140001082781,株式会社ＮＫコーポレーション,兵庫県,宝塚市,すみれガ丘１丁目６番１−１１１０号,6650847
2140001082807,株式会社アイワンダーズ,兵庫県,宝塚市,売布２丁目２番１３号,6650852
2140001082815,株式会社カワタ巧輝,兵庫県,宝塚市,山本南２丁目９番１３−４０１号,6650882
2140001082823,株式会社ランアット,兵庫県,宝塚市,亀井町１０番３号,6650047
2140001082831,旭陽電材気機株式会社,兵庫県,宝塚市,小浜２丁目５番４０−３０７号,6650827
2140001082848,株式会社石原運送,兵庫県,宝塚市,旭町２丁目１４番８号,6650835
2140001082856,株式会社ホーナン,兵庫県,宝塚市,安倉北２丁目２０番１２号,6650821
2140001082864,株式会社ルーク,兵庫県,宝塚市,宝梅２丁目９番１３号,6650013
2140001082872,株式会社Ｃ．Ｃ　ｃｏｒｐ．,兵庫県,宝塚市,湯本町３番１１−４０３号,6650003
2140001082889,株式会社堀口水産,兵庫県,宝塚市,逆瀬川１丁目１３番１号,6650035
2140001082897,株式会社フォレスト,兵庫県,宝塚市,逆瀬川１丁目２番１−９０３号,6650035
2140001082906,株式会社吉田工務店,兵庫県,宝塚市,清荒神４丁目１７番９号,6650836
2140001082914,株式会社コーズ,兵庫県,宝塚市,安倉南４丁目９番３０号,6650823
2140001082922,株式会社Ｍ−プロジェクト,兵庫県,宝塚市,伊孑志２丁目１３番１２号,6650033
2140001082930,株式会社Ｓカンパニー,兵庫県,宝塚市,栄町２丁目１１番１号,6650845
2140001082947,株式会社田中植物園,兵庫県,宝塚市,山本丸橋１丁目１３番２号,6650815
2140001082955,ブライトスタッフ株式会社,兵庫県,宝塚市,雲雀丘２丁目４番４６号,6650805
2140001082963,株式会社オーク・デザイン,兵庫県,宝塚市,鹿塩２丁目６番２２号,6650054
2140001082971,キャラメルカフェ株式会社,兵庫県,宝塚市,安倉南１丁目２２−５,6650823
2140001082988,株式会社Ｌｉｆｅ−Ｓｔｙｌｅ　Ｂａｓｉｃ,兵庫県,宝塚市,山本西２丁目１１番１−３０３号,6650884
2140001082996,株式会社岡本俊人,兵庫県,宝塚市,中州２丁目１０番１１号,6650021
2140001083004,株式会社二和産業,兵庫県,宝塚市,すみれガ丘３丁目２番１−２１４号,6650847
2140001083012,株式会社Ｓｈａｕｇｈｎｅｓｓｙ,兵庫県,宝塚市,仁川高丸１丁目６番８号,6650063
2140001083029,株式会社アースフィール,兵庫県,宝塚市,山本中２丁目１５番８号,6650883
2140001083045,株式会社Ｃ＆Ｊ,兵庫県,宝塚市,中山桜台１丁目４番１号,6650877
2140001083053,株式会社広和機設,兵庫県,宝塚市,末成町３９番８号,6650044
2140001083061,檪ケアサービス株式会社,兵庫県,宝塚市,星の荘１５番７号,6650866
2140001083086,株式会社ＣＯＣＯＲＯ　ＳＵＰＰＯＲＴ,兵庫県,宝塚市,鹿塩１丁目４番２９−１１１号,6650054
2140001083094,株式会社ＥＧＳ,兵庫県,宝塚市,安倉中４丁目１９番３５号,6650822
2140001083103,株式会社建匠,兵庫県,宝塚市,御所の前町４番１８号,6650041
2140001083185,株式会社ＹＡＭＡＧＵＣＨＩ　ＯＦＦＩＣＥ,兵庫県,宝塚市,仁川高丸３丁目１６番２０号,6650063
2140001083243,ジェイプロジェクトチーム株式会社,兵庫県,宝塚市,月見山１丁目７番２３号,6650002
2140001083284,株式会社エムズ・オキナ,兵庫県,宝塚市,小林３丁目６番２３号,6650034
2140001083318,株式会社Ａｕｔｏ　Ｅｘｐｅｒｔ　Ｊａｐａｎ,兵庫県,宝塚市,長尾台２丁目６番１２−３号,6650807
2140001083334,ステイブル株式会社,兵庫県,宝塚市,千種３丁目５番１２号,6650072
2140001083359,株式会社くすのき住宅,兵庫県,宝塚市,売布２丁目１４番１４−７０８号,6650852
2140001083367,株式会社ＤＡＩＳＨＩＮ,兵庫県,宝塚市,亀井町１０番４７号,6650047
2140001083375,株式会社シーエルビー,兵庫県,宝塚市,伊孑志２丁目３番３２号,6650033
2140001083441,株式会社フィールグッド,兵庫県,宝塚市,安倉北３丁目５番３０号,6650821
2140001083474,山下木工株式会社,兵庫県,宝塚市,中山桜台６丁目１５番１−１４１３号,6650877
2140001083482,株式会社ＡＲＡＩコーポレーション,兵庫県,宝塚市,安倉南２丁目１０番１５号,6650823
2140001083490,株式会社ｏ．ｋ．ｄサービス,兵庫県,宝塚市,中筋２丁目１番２０号,6650874
2140001083532,Ｓ＆Ｈ株式会社,兵庫県,宝塚市,中山寺１丁目１５番４号,6650861
2140001083573,株式会社環球貿易,兵庫県,宝塚市,中山桜台２丁目１５番４号,6650877
2140001083607,アピア土地株式会社,兵庫県,宝塚市,逆瀬川１丁目１１番１号,6650035
2140001083615,株式会社千秋園,兵庫県,宝塚市,中筋１丁目８番２５号,6650874
2140001083623,株式会社ナカモリ,兵庫県,宝塚市,光明町１５番３１号,6650045
2140001083648,株式会社ナチュラル,兵庫県,宝塚市,逆瀬台３丁目１１番１−５０５号,6650024
2140001083656,株式会社宝匠,兵庫県,宝塚市,逆瀬川１丁目１１番１号,6650035
2140001083672,Ｙコーポレーション株式会社,兵庫県,宝塚市,売布１丁目２４番２７号,6650852
2140001083697,株式会社ティー・ユー・エス,兵庫県,宝塚市,栄町２丁目１１番１号,6650845
2140001083706,株式会社ＮＡＬＵ,兵庫県,宝塚市,栄町３丁目１０番１２−５１４号,6650845
2140001083722,株式会社大翔,兵庫県,宝塚市,伊孑志４丁目２番３５号,6650033
2140001083755,株式会社ｌｉｅｎｓ,兵庫県,宝塚市,湯本町６番８号,6650003
2140001083771,株式会社プラント,兵庫県,宝塚市,山本南１丁目３３番２３号,6650882
2140001083788,株式会社ピアスペース,兵庫県,宝塚市,川面６丁目９番１０号,6650842
2140001083887,株式会社いなか市場,兵庫県,宝塚市,御殿山４丁目２６番５号,6650841
2140001083904,株式会社ナウ企画,兵庫県,宝塚市,山本台３丁目９番１０号,6650885
2140001084010,株式会社ＲＩＣＨＩＥ,兵庫県,宝塚市,安倉中３丁目１１番１２号,6650822
2140001084019,株式会社ＮＴＫ,兵庫県,宝塚市,武庫山２丁目１５番３号,6650005
2140001084035,スターサイバーネット株式会社,兵庫県,宝塚市,山本野里１丁目５１番地の１,6650814
2140001084043,株式会社美容健康食品研究所,兵庫県,宝塚市,宝梅２丁目７番５−２０５号,6650013
2140001084118,米倉電気株式会社,兵庫県,宝塚市,大吹町１２番３５号,6650057
2140001084217,株式会社ｓｔｕｄｉｏ　Ｗｅｌｌ,兵庫県,宝塚市,高司１丁目２番９号,6650051
2140001084258,株式会社定井造園,兵庫県,宝塚市,安倉中１丁目８番１１号,6650822
2140001084274,末広住宅株式会社,兵庫県,宝塚市,千種３丁目７番２４号,6650072
2140001084316,ミロ・エンタープライズ株式会社,兵庫県,宝塚市,宝梅１丁目１１番８号,6650013
2140001084324,株式会社ナチュールハイム,兵庫県,宝塚市,山本南１丁目３９番１７号,6650882
2140001084357,株式会社美アシスト,兵庫県,宝塚市,山本中２丁目１３番４６号,6650883
2140001084398,株式会社Ｍ−ＴＥＣＨ,兵庫県,宝塚市,逆瀬台６丁目４番６号,6650024
2140001084415,株式会社アクセルアート,兵庫県,宝塚市,平井山荘１６番１５号,6650817
2140001084423,株式会社ホウリュウ松島建設匠,兵庫県,宝塚市,美座２丁目２２番６号,6650834
2140001084464,株式会社Ｅｎｇｉｎｅ,兵庫県,宝塚市,雲雀丘２丁目１２番４８号,6650805
2140001084472,株式会社相馬,兵庫県,宝塚市,仁川北３丁目１３番３号,6650061
2140001084480,株式会社ＶＩＯＮＡＳ,兵庫県,宝塚市,仁川北２丁目１０番１８−２号,6650061
2140001084489,太陽産業機器株式会社,兵庫県,宝塚市,寿町３番２４号,6650865
2140001084506,株式会社エス・クリエイション,兵庫県,宝塚市,中山五月台３丁目６番１号,6650871
2140001084514,株式会社ハイルーツ,兵庫県,宝塚市,武庫山１丁目２番１３−１号,6650005
2140001086758,株式会社ダイス,兵庫県,宝塚市,伊孑志３丁目１２番５号,6650033
2140001087013,株式会社サイクル,兵庫県,宝塚市,末成町７番１６号,6650044
2140001087533,株式会社凜コーポレーション,兵庫県,宝塚市,雲雀丘山手２丁目３番６号,6650804
2140001088127,株式会社夢みーる,兵庫県,宝塚市,武庫川町１番５−５０７号,6650844
2140001088481,ＧＧエンターテイメントサービス株式会社,兵庫県,宝塚市,仁川台１２０番地,6650074
2140001088507,株式会社ｅｃｌａｔ,兵庫県,宝塚市,長寿ガ丘１８番３３号,6650001
2140001088548,株式会社ロボティクス,兵庫県,宝塚市,平井４丁目２３番１５号,6650816
2140001088977,株式会社フロンティア,兵庫県,宝塚市,すみれガ丘３丁目３番２−１２２０号,6650847
2140001089414,株式会社アッシュ・ツリー,兵庫県,宝塚市,中山桜台２丁目１番１６−８０４号,6650877
2140001089587,株式会社マリオカンパニー,兵庫県,宝塚市,花屋敷松ガ丘８番６号,6650801
2140001089728,ヒロエンジニアリング株式会社,兵庫県,宝塚市,高司３丁目６番２９号,6650051
2140001089942,株式会社マキシマ,兵庫県,宝塚市,安倉西２丁目７番３号,6650825
2140001090181,株式会社伸栄ホールディングス,兵庫県,宝塚市,仁川北２丁目１番１５−１０７号,6650061
2140001090751,株式会社ＡＵＢＥ,兵庫県,宝塚市,ふじガ丘８番１３号,6650806
2140001091114,サムライスタイル株式会社,兵庫県,宝塚市,栄町１丁目１番９−７０４号,6650845
2140001091279,株式会社秋田建設,兵庫県,宝塚市,中筋５丁目５４番地の１,6650874
2140001091378,株式会社牟田口,兵庫県,宝塚市,中筋７丁目７７番地セントラル宝塚中山４０５,6650874
2140001091543,株式会社アルティア,兵庫県,宝塚市,山手台西４丁目１５番１号,6650886
2140001091980,株式会社ＤｒａｇｏｎＦｌｙ,兵庫県,宝塚市,栄町３丁目９番１７−７０４号,6650845
2140001092153,株式会社雅,兵庫県,宝塚市,泉町１６番１０号,6650864
2140001092351,株式会社ブライト・マアレ,兵庫県,宝塚市,中筋山手７丁目１６番１号,6650875
2140001092475,株式会社Ｅｄｗａｒｄ’ｓ　Ｃｏｒｐｏｒａｔｉｏｎ,兵庫県,宝塚市,高司２丁目１５番１８号,6650051
2140001092780,株式会社ＳＰＡＮＩＳＩＭＯ,兵庫県,宝塚市,花屋敷荘園３丁目１２番１０号,6650802
2140001093085,株式会社ＤＭ　ｓｈｅｅｔ　ｍｅｔａｌ,兵庫県,宝塚市,中山五月台２丁目８番１号,6650871
2140001093151,株式会社Ｃｏｃｏｔｉｅｒ,兵庫県,宝塚市,すみれガ丘１丁目９番１号,6650847
2140001093548,株式会社キリマ,兵庫県,宝塚市,雲雀丘山手１丁目１番６号,6650804
2140001093762,よし元文化社株式会社,兵庫県,宝塚市,小林２丁目１１番８号,6650034
2140001094075,株式会社Ｉ’ＭＳ,兵庫県,宝塚市,旭町３丁目８番４号,6650835
2140001094141,株式会社アトラクト,兵庫県,宝塚市,雲雀丘山手２丁目７番２３号,6650804
2140001094240,株式会社ペップラリー,兵庫県,宝塚市,ゆずり葉台２丁目５番２６号,6650025
2140001094439,株式会社Ｒｉｃｃｏ,兵庫県,宝塚市,野上４丁目１６番１号,6650022
2140001094612,ＳＨＩＮ．ＷＡ−ＴＥＣ株式会社,兵庫県,宝塚市,米谷１丁目１番１６号,6650831
2140001094892,三恵物産株式会社,兵庫県,宝塚市,長寿ガ丘１番１１号,6650001
2140001095445,株式会社一塗装,兵庫県,宝塚市,安倉中５丁目２１番３−２号,6650822
2140001095924,株式会社エムデザイン,兵庫県,宝塚市,月見山１丁目４番３９−７０９号,6650002
2140001096518,株式会社ＤＥＬＴＡ　ＴＨＩＮＫ,兵庫県,宝塚市,中山桜台１丁目９番７号,6650877
2140001097219,ＪＵＮＷＩＬＬ株式会社,兵庫県,宝塚市,中山台１丁目１０番１３号,6650876
2140001098555,はるかぜ不動産株式会社,兵庫県,宝塚市,ふじガ丘９番５号,6650806
2140001098646,株式会社あんしん不動産,兵庫県,宝塚市,寿町９番１６号,6650865
2140001099165,株式会社ＳＯＶＬＡ,兵庫県,宝塚市,大成町２番６号,6650055
2140001099198,株式会社晶ハウジング,兵庫県,宝塚市,武庫川町１番５−３２０２号,6650844
2140001099603,株式会社エステート阪上,兵庫県,宝塚市,山本野里１丁目１番２１号,6650814
2140001099611,株式会社辻六,兵庫県,宝塚市,山本丸橋１丁目７番３０号,6650815
2140001100270,株式会社エステート関西,兵庫県,宝塚市,山本台３丁目１６番１−５１８号,6650885
2140001100345,株式会社アップハート,兵庫県,宝塚市,仁川北３丁目１０番３４号,6650061
2140001100543,株式会社Ｐｒｉｍｅ　Ｓｍａｒｔ　Ｇｒｉｄ,兵庫県,宝塚市,鶴の荘９番１５号,6650833
2140001100626,株式会社コトーエコノ,兵庫県,宝塚市,中山台２丁目３番１６号,6650876
2140001101896,アルド無線株式会社,兵庫県,宝塚市,ふじガ丘２２番１１号,6650806
2140001101979,株式会社Ｏ２,兵庫県,宝塚市,小林２丁目１２番２８号井上小林ビル,6650034
2140001102085,株式会社ビルドーエアシステム,兵庫県,宝塚市,安倉中６丁目６番１８号,6650822
2140001102647,株式会社Ｆｏｒ　Ｙｏｕ,兵庫県,宝塚市,雲雀丘１丁目７番５２号,6650805
2140001102804,株式会社アセットアンドデザイン,兵庫県,宝塚市,千種３丁目１番１８号,6650072
2140001103141,株式会社福入,兵庫県,宝塚市,口谷東３丁目７番２５号,6650812
2140001103513,株式会社ユニオンジャパン,兵庫県,宝塚市,逆瀬台２丁目７番３号,6650024
2140001103810,株式会社ｌｉｂｒｅｔｚ,兵庫県,宝塚市,安倉西４丁目４番４号,6650825
2140001103835,株式会社鐘輝,兵庫県,宝塚市,宝梅２丁目６番８９−８２９号,6650013
2140001103851,株式会社Ｓ　Ｓ　Ｅ,兵庫県,宝塚市,口谷西１丁目７番１−３０２号,6650813
2140001104263,株式会社宝喜,兵庫県,宝塚市,川面２丁目３番１２号,6650842
2140001104404,株式会社アイビー,兵庫県,宝塚市,米谷１丁目１３番１号ワークヒルズ宝塚,6650831
2140001104420,株式会社オフィスアコード,兵庫県,宝塚市,千種２丁目８番１０１号,6650072
2140001104453,株式会社ｗｅｌｔｅｍｍａ,兵庫県,宝塚市,栄町１丁目９番１０号２階,6650845
2140001104742,株式会社淳建興機,兵庫県,宝塚市,伊孑志３丁目１５番４９−２０２号,6650033
2140001105377,株式会社喜久本鉄筋,兵庫県,宝塚市,高松町７−９,6650043
2140001106532,株式会社アシスト,兵庫県,宝塚市,安倉南３丁目３番１−３０４号,6650823
2140001106904,株式会社かいな,兵庫県,宝塚市,山本野里１丁目２番１９号,6650814
2140001107191,丸仁建装株式会社,兵庫県,宝塚市,安倉北３丁目９番４号,6650821
2140001107423,株式会社Ｋフロント,兵庫県,宝塚市,山本丸橋３丁目８番４３号,6650815
2140001107621,株式会社Ａ−Ｍｏｔｉｏｎ,兵庫県,宝塚市,中筋６丁目１８番６号,6650874
2140001107662,株式会社ＳＫＧ,兵庫県,宝塚市,山手台東１丁目１４番１５号,6650887
2140001107828,株式会社ｏｆｆｉｃｅ　ｎｅｘｔ　ｏｎｅ,兵庫県,宝塚市,中山桜台２丁目１番１６−９０６号,6650877
2140001108009,株式会社Ｗｏｒｌｄ　Ｔｅｒｒａｃｅ,兵庫県,宝塚市,高司２丁目１５−１１,6650051
2140001108363,株式会社Ｅｎｔｅｒｔａｉｎｍｅｎｔ　Ｄｏｇｓ,兵庫県,宝塚市,仁川高丸３丁目１６番１９号,6650063
2140001108438,株式会社３５１２,兵庫県,宝塚市,中筋５丁目１６番１２号,6650874
2140001109304,株式会社庭樹園,兵庫県,宝塚市,山本丸橋１丁目２番１７号,6650815
2140001109386,株式会社ブラウン,兵庫県,宝塚市,中山桜台５丁目１番６号,6650877
2140001109502,株式会社宝塚デザイン,兵庫県,宝塚市,すみれガ丘３丁目３番２−７２１号,6650847
2140001109543,スカイダーナ株式会社,兵庫県,宝塚市,ゆずり葉台２丁目５番２２号,6650025
2140001110121,株式会社ルアナカンパニー,兵庫県,宝塚市,中山桜台３丁目９番１６号,6650877
2140001110889,株式会社つくるて,兵庫県,宝塚市,千種３丁目５番５号,6650072
2140001111078,株式会社大晴,兵庫県,宝塚市,すみれガ丘２丁目２番１−３１１号,6650847
2140001111961,株式会社大光通商,兵庫県,宝塚市,逆瀬川１丁目１１番１号アピア２,6650035
2140001111994,株式会社お多福カンパニー,兵庫県,宝塚市,中山桜台４丁目５番７号,6650877
2140001112992,株式会社ＡＬＣＡＭＯＮＥ,兵庫県,宝塚市,雲雀丘２丁目６番３２号,6650805
2140001113000,株式会社グレース,兵庫県,宝塚市,泉ガ丘５−２２,6650851
2140001113108,株式会社サイナス,兵庫県,宝塚市,旭町１丁目１５番１４号,6650835
2140001113140,株式会社リーブラ,兵庫県,宝塚市,月見山２丁目４番２７号,6650002
2140001113256,株式会社ＴＯＮＹ’Ｓ,兵庫県,宝塚市,中筋５丁目１９番８−２０９号,6650874
2140001113330,株式会社ＭＮマネージメント,兵庫県,宝塚市,社町１４番６号,6650071
2140001113611,株式会社未来家コーポレーション,兵庫県,宝塚市,中山五月台３丁目７番１号,6650871
2140001114683,株式会社スマイル興業,兵庫県,宝塚市,山本丸橋２丁目１１番地の１,6650815
2140001114956,株式会社インタラクティブ,兵庫県,宝塚市,泉ガ丘３番６号,6650851
2140001115509,株式会社Ｋ・Ｆ,兵庫県,宝塚市,ゆずり葉台２丁目８番１号,6650025
2140001115673,株式会社チャーム,兵庫県,宝塚市,梅野町４番２９−９０９号,6650004
2140001116176,株式会社オーキャット,兵庫県,宝塚市,光明町２９番３号,6650045
2140001116721,株式会社えがおくらぶ,兵庫県,宝塚市,中筋５丁目１３番１５号ダーウィンビル３階,6650874
2140001117513,株式会社こころね,兵庫県,宝塚市,青葉台２丁目２番１２号,6650014
2140001118065,グッドラックサービス株式会社,兵庫県,宝塚市,高司５丁目５番２２号,6650051
2140001118890,株式会社増田測量設計,兵庫県,宝塚市,御所の前町９−１７,6650041
2140001118965,株式会社Ａｌｂａ　Ｒｏｓｓｏ,兵庫県,宝塚市,すみれガ丘２丁目１番１−１５１１号,6650847
2140001118973,株式会社パーフェクト・フラワー,兵庫県,宝塚市,中筋２丁目８番１５号,6650874
2140001119699,株式会社ラヴェリテ,兵庫県,宝塚市,安倉北３丁目５番６号,6650821
2140001120608,株式会社ＧＧフーズ,兵庫県,宝塚市,平井４丁目４番２３号,6650816
2140001120681,株式会社坂翔,兵庫県,宝塚市,口谷東２丁目６番３号,6650812
2140001121498,株式会社Ｏｆｆｉｃｅ　Ｎｐｌｕｓ,兵庫県,宝塚市,武庫山２丁目１５番１号,6650005
2140001121630,株式会社イワモト,兵庫県,宝塚市,米谷２丁目１７番１１号,6650831
2140001122190,南谷測地株式会社,兵庫県,宝塚市,小浜２丁目４番６号ＷＡＫＯビル４０５号,6650827
2140001122224,ＮＩＩ建築サービス株式会社,兵庫県,宝塚市,下佐曽利字山城１３番地,6691203
2140001122414,株式会社Ｇ−ＬＩＮＫ,兵庫県,宝塚市,安倉南２丁目８番１４号,6650823
2140001122604,株式会社比翔工業,兵庫県,宝塚市,口谷西３丁目５５番地の５,6650813
2140001122785,株式会社アルエット,兵庫県,宝塚市,すみれガ丘３丁目１番１−８０２号,6650847
2140001123016,株式会社Ｎｅｗ　Ｌｉｆｅ　Ｎｅｔｗｏｒｋ,兵庫県,宝塚市,千種１丁目８番２４号,6650072
2140001124559,らい株式会社,兵庫県,宝塚市,栄町２丁目１０番１７号,6650845
2140001124749,株式会社狗ノ國,兵庫県,宝塚市,宝梅２丁目６番５８−１０６号,6650013
2140001126803,株式会社Ｗｉｎｄｓ,兵庫県,宝塚市,平井山荘１２番１７号,6650817
2140001126811,まるくめ株式会社,兵庫県,宝塚市,大吹町１番１８号,6650057
2140001127116,株式会社ＴＨＥ４３,兵庫県,宝塚市,山手台西４丁目２７番１号,6650886
2140001128238,虎株式会社,兵庫県,宝塚市,山本野里１丁目１番５１号,6650814
2140001128626,蓮空株式会社,兵庫県,宝塚市,高松町１０番１８号,6650043
2140001129129,株式会社ユウアイ,兵庫県,宝塚市,鹿塩１丁目２番２０号,6650054
2140001129178,Ｓｕｎ　Ｌａｐｉｎ’ｓ株式会社,兵庫県,宝塚市,雲雀丘１丁目７番１９号,6650805
2140001129698,株式会社丹生八勝道,兵庫県,宝塚市,平井１丁目２１番９号,6650816
2140001130111,株式会社ＨＫシステムマネジメント,兵庫県,宝塚市,仁川北２丁目７番１号,6650061
2140001130813,株式会社ケイビックス,兵庫県,宝塚市,雲雀丘山手２丁目１５−４０,6650804
2140001130929,株式会社スカイ,兵庫県,宝塚市,山手台東５丁目３０番１号,6650887
2140001131126,株式会社Ｔ・ヤマモト,兵庫県,宝塚市,中山桜台４丁目６番４号,6650877
2140001131398,株式会社ＮＥＭＥＡ,兵庫県,宝塚市,山手台西２丁目１３番２号,6650886
2140001131423,株式会社ｕｎｎ,兵庫県,宝塚市,清荒神３丁目１番３号,6650836
2140001131877,株式会社ｍｏｉｋｏｔｉ,兵庫県,宝塚市,旭町３丁目２０番２２号,6650835
2140001131984,株式会社しぜんをちからに,兵庫県,宝塚市,御殿山２丁目６番４号,6650841
2140001132207,株式会社ＪＯＧ,兵庫県,宝塚市,光明町３０番７号,6650045
2140001132652,株式会社Ｕｎｉｔｅ　Ｆａｃｔｏｒｙ,兵庫県,宝塚市,宮の町８−２０,6650843
2140001132669,株式会社ＳＨＩＲＯ,兵庫県,宝塚市,中野町７番１号すみれマンション１０１号室,6650056
2140001132702,株式会社モアリス,兵庫県,宝塚市,山本台３丁目３番６号,6650885
2140001133213,株式会社ＧＦＥ,兵庫県,宝塚市,湯本町１番３９−２０６,6650003
2140001134491,株式会社宝塚メディック,兵庫県,宝塚市,中山桜台７丁目１０番８号,6650877
2140001134863,株式会社ノベリア・インベストメントマネジメント,兵庫県,宝塚市,千種３丁目５番１８号,6650072
2140001134954,株式会社セナレ,兵庫県,宝塚市,山手台東５丁目３２番７号,6650887
2140001134962,ｅコミュニケーション株式会社,兵庫県,宝塚市,山手台西４丁目１１番３号,6650886
2140001135028,株式会社ＬＡＲＩＭＡＲ,兵庫県,宝塚市,湯本町１−１エグゼ宝塚９０３,6650003
2140001135267,株式会社宝馬,兵庫県,宝塚市,切畑字長尾山五丁目１１５番２号１０３号,6650808
2140001135440,Ｈａｎａライフ株式会社,兵庫県,宝塚市,月見山２丁目３番４３−９０６号,6650002
2140001136281,株式会社アンドゥトロア,兵庫県,宝塚市,仁川北３丁目７番４３号,6650061
2140001136471,株式会社Ｆｉｔ　Ｐｌａｎ,兵庫県,宝塚市,逆瀬台１丁目１１番４−５１０号,6650024
2140001136703,株式会社ＴＲＩＮＬＥＴ,兵庫県,宝塚市,平井山荘１１番５号,6650817
2140001136777,株式会社ＰＡＳ,兵庫県,宝塚市,仁川高丸１丁目１３−２,6650063
2140001136934,株式会社ＩＲＩＺＥ,兵庫県,宝塚市,湯本町５番２１−５０２号,6650003
2140001137395,トリプルゆう株式会社,兵庫県,宝塚市,桜ガ丘１８番３５号,6650846
2140001138014,株式会社宝塚歌劇団,兵庫県,宝塚市,栄町１丁目１番５７号,6650845
2140001138699,株式会社シノビープラス,兵庫県,宝塚市,南口２丁目２番２８−５１３号,6650011
2140001138807,ＳＨＩＮＷＡ‐ＴＥＣ株式会社,兵庫県,宝塚市,安倉南２丁目１７番３０号,6650823
2140001139144,屋根内電気工業株式会社,兵庫県,宝塚市,小林３丁目１番２１号,6650034
2140001139417,株式会社かたりべ堂,兵庫県,宝塚市,野上１丁目１番８号まちかど農園ＰＯＳＴＯ内,6650022
2140001139887,株式会社ワンワン,兵庫県,宝塚市,弥生町５−１宝塚エリー１０５,6650826
2140001140341,株式会社典志,兵庫県,宝塚市,長寿ガ丘１７番２号,6650001
2140001141240,株式会社ＭＡメディカル,兵庫県,宝塚市,仁川北２丁目９番７２号,6650061
2140001141389,株式会社Ｂｏｗ,兵庫県,宝塚市,野上１丁目１−８,6650022
2140001142081,株式会社ＫＲＣ,兵庫県,宝塚市,栄町２丁目１番２号,6650845
2140001142528,株式会社田中,兵庫県,宝塚市,梅野町１番２−２０１１号,6650004
2140002026309,株式会社ケイエムシー,兵庫県,宝塚市,梅野町２番１８−３０７号,6650004
2140002066602,株式会社エス・アンド・エス,兵庫県,宝塚市,伊孑志３丁目１６番４６号山本ビル２階,6650033
2140002067501,長岡ビル管理株式会社,兵庫県,宝塚市,川面５丁目４番７号,6650842
2140003009080,株式会社Ｔ・Ｌ・Ｃ,兵庫県,宝塚市,口谷東１丁目１番１５号,6650812
2140003015120,株式会社駿駿堂,兵庫県,宝塚市,伊孑志２丁目９番３号,6650033
2160001004692,クルネ株式会社,兵庫県,宝塚市,中山桜台６丁目５番６号,6650877
2180001125116,株式会社Ｔｈｅ　ｗｉｎ,兵庫県,宝塚市,中山寺３丁目９番２号,6650861
2280001005191,株式会社日成建設,兵庫県,宝塚市,仁川北２丁目１２番３０−２号,6650061
2480001008331,パーチ株式会社,兵庫県,宝塚市,湯本町５番３号,6650003
3010001025769,西崎運輸商事株式会社,兵庫県,宝塚市,仁川高丸２丁目８番２３号,6650063
3010701012100,株式会社リーディングノート,兵庫県,宝塚市,御殿山２丁目８番２６号,6650841
3011001092535,ＮＰＢＣ＆Ａｓｓｏｃｉａｔｅｓ株式会社,兵庫県,宝塚市,南口２丁目１４−３ザ宝塚タワー２６１０号室,6650011
3011101060400,株式会社フリー,兵庫県,宝塚市,中筋山手２丁目９番２１号,6650875
3120001010413,株式会社スタート,兵庫県,宝塚市,泉ガ丘３番１号,6650851
3120001023019,株式会社北浜広告,兵庫県,宝塚市,川面４丁目１番８１−２０２号,6650842
3120001038371,サンライズ・グロー株式会社,兵庫県,宝塚市,逆瀬川１丁目１１番１４号,6650035
3120001045500,株式会社つぼ善商店,兵庫県,宝塚市,中山桜台１丁目５番８号,6650877
3120001078822,株式会社ケィ・ティ,兵庫県,宝塚市,栄町２丁目１−１ソリオ１・１Ｆ,6650845
3120001084449,中央不動産株式会社,兵庫県,宝塚市,月見山２丁目７番２１号,6650002
3120001102680,株式会社環境計画推進機構,兵庫県,宝塚市,すみれガ丘２丁目１番１−９１２号,6650847
3120001106319,株式会社ミット,兵庫県,宝塚市,武庫川町１番５−２８０１号,6650844
3120001133189,第一交易株式会社,兵庫県,宝塚市,雲雀丘２丁目１２番４０号,6650805
3120001133528,ＫＥＮ株式会社,兵庫県,宝塚市,光ガ丘２丁目２番４号,6650015
3120001133825,株式会社Ｊ‐ＮＥＸＴ,兵庫県,宝塚市,大吹町５番１８号,6650057
3120001142990,株式会社ＷＩＮＰＲＯ　ＥＮＥＲＧＹ,兵庫県,宝塚市,清荒神２丁目２−１８,6650836
3120001145622,株式会社ニステムコーポレーション,兵庫県,宝塚市,千種４丁目１０番１２号,6650072
3120001175082,ミューズ株式会社,兵庫県,宝塚市,花屋敷松ガ丘２３番５号,6650801
3120001186625,株式会社Ｒ．Ｙ．Ｐａｒｔｎｅｒｓ,兵庫県,宝塚市,湯本町９番１０−８０２号,6650003
3120001188563,株式会社ＭＹ企画,兵庫県,宝塚市,中山五月台１丁目１６番１号,6650871
3120001221984,株式会社ＮＤＰストラクチャー,兵庫県,宝塚市,武庫川町６番２５−２００６号,6650844
3120001222033,ライズ・ステージ株式会社,兵庫県,宝塚市,中山寺１丁目１番３−１０２号,6650861
3120001239449,株式会社Ａｂｉｌｉｔｙ　Ｄｅｓｉｇｎ　Ｏｆｆｉｃｅ,兵庫県,宝塚市,すみれガ丘２丁目２番１−１１１２号,6650847
3120001254811,株式会社ＡＫＡ,兵庫県,宝塚市,月見山２丁目４−５３,6650002
3120001255330,株式会社Ｌｉｂｅｒｔｙ　Ｅｖｏｌｕｔｉｏｎ,兵庫県,宝塚市,星の荘２９番１７号,6650866
3120901007541,株式会社トォータス,兵庫県,宝塚市,野上１丁目６番２５号,6650022
3120901018638,オーエス開発株式会社,兵庫県,宝塚市,光ガ丘２丁目２番１１号,6650015
3120901022251,豊富株式会社,兵庫県,宝塚市,中山桜台７丁目２番２号,6650877
3120901028752,株式会社タックビー,兵庫県,宝塚市,雲雀丘３丁目４番２８号,6650805
3120901045756,日本人材育成教育協会株式会社,兵庫県,宝塚市,清荒神１丁目１１番１号,6650836
3122001028889,株式会社オリヴィエ,兵庫県,宝塚市,雲雀丘山手２丁目４番６号,6650804
3130001015510,株式会社プー横丁,兵庫県,宝塚市,川面６丁目５番５−１０１号,6650842
3130001055374,株式会社坂栄,兵庫県,宝塚市,安倉南２丁目４番２６号,6650823
3140001002326,美交株式会社,兵庫県,宝塚市,南口１丁目６番２５号,6650011
3140001030054,株式会社燦生,兵庫県,宝塚市,雲雀丘２丁目５番２２号,6650805
3140001030839,株式会社ＥＳ研,兵庫県,宝塚市,仁川北２丁目１３番４６−３０４号,6650061
3140001032281,株式会社ＮＳサポート,兵庫県,宝塚市,梅野町１番１−３００７号,6650004
3140001032728,コンフィット株式会社,兵庫県,宝塚市,小林５丁目５−４７,6650034
3140001034245,株式会社オブリガード,兵庫県,宝塚市,雲雀丘２丁目４−３６−３０３,6650805
3140001047577,株式会社アライ商事,兵庫県,宝塚市,すみれガ丘２丁目３番１−８１１号,6650847
3140001051109,株式会社フランセ・オカノ,兵庫県,宝塚市,川面６丁目１番３号,6650842
3140001054144,株式会社弦々,兵庫県,宝塚市,逆瀬川１丁目１１番２０−１２０３号,6650035
3140001055340,株式会社Ｂｌｏｏｍｉｎｇ　Ｓｍｉｌｅ,兵庫県,宝塚市,山手台西４丁目２６番６号,6650886
3140001072170,クリエイト不動産販売株式会社,兵庫県,宝塚市,野上１丁目５番３号,6650022
3140001072856,株式会社大誠建設,兵庫県,宝塚市,安倉中３丁目１２番３８号,6650822
3140001074084,株式会社ＤｏＣＬＡＳＳ,兵庫県,宝塚市,湯本町９番１８−１６０４号,6650003
3140001077558,株式会社プラム,兵庫県,宝塚市,中州１丁目３番２０号,6650021
3140001079133,株式会社アシストコーポレーション,兵庫県,宝塚市,雲雀丘２丁目１番６号,6650805
3140001081139,株式会社アイコー,兵庫県,宝塚市,清荒神２丁目９番１号,6650836
3140001081155,株式会社角屋商店,兵庫県,宝塚市,栄町２丁目１番２号ソリオ２,6650845
3140001081163,アサヒ美建株式会社,兵庫県,宝塚市,安倉南３丁目１番８−１０１号,6650823
3140001081171,株式会社アトリエ芸樹,兵庫県,宝塚市,野上１丁目５番３１号,6650022
3140001081188,伊孑志土地株式会社,兵庫県,宝塚市,伊孑志１丁目５７番地,6650033
3140001081205,株式会社ひかり通工,兵庫県,宝塚市,清荒神３丁目１３番１２号,6650836
3140001081213,犬塚建設興業株式会社,兵庫県,宝塚市,高司２丁目１５番８号,6650051
3140001081238,梅鉢産業株式会社,兵庫県,宝塚市,中筋３丁目４２番地,6650874
3140001081262,株式会社エヌ・アール・エス,兵庫県,宝塚市,伊孑志１丁目６番３７−３０３号,6650033
3140001081270,株式会社エボリューション,兵庫県,宝塚市,泉町２１番１８号,6650864
3140001081279,株式会社オーガキ,兵庫県,宝塚市,川面５丁目５番１４号,6650842
3140001081287,大阪修縫株式会社,兵庫県,宝塚市,湯本町１番２３号,6650003
3140001081295,株式会社オーティーオー,兵庫県,宝塚市,山本台２丁目２番１３号,6650885
3140001081304,株式会社大山商会,兵庫県,宝塚市,御所の前町１４番１２号,6650041
3140001081312,株式会社小田切,兵庫県,宝塚市,伊孑志３丁目２番３０号,6650033
3140001081320,株式会社香月,兵庫県,宝塚市,仁川北２丁目５番１−１０２号,6650061
3140001081329,関西丸研株式会社,兵庫県,宝塚市,武庫川町５番２９号,6650844
3140001081337,関西電機総業株式会社,兵庫県,宝塚市,清荒神３丁目２番２０号,6650836
3140001081361,株式会社金谷建材店,兵庫県,宝塚市,小林４丁目１２番５号,6650034
3140001081386,株式会社近畿緑化,兵庫県,宝塚市,山本丸橋２丁目１１番１７号,6650815
3140001081394,喜多株式会社,兵庫県,宝塚市,川面１丁目１０番２号,6650842
3140001081403,木本工業株式会社,兵庫県,宝塚市,川面２丁目１番１１号,6650842
3140001081411,株式会社協栄,兵庫県,宝塚市,伊孑志４丁目２番１号,6650033
3140001081444,グリーニングサービス株式会社,兵庫県,宝塚市,弥生町３５８番地,6650826
3140001081452,株式会社シーユーエス,兵庫県,宝塚市,中筋山手２丁目１番４０号,6650875
3140001081493,株式会社後藤商店,兵庫県,宝塚市,小林４丁目７番８４号,6650034
3140001081502,三晃防疫株式会社,兵庫県,宝塚市,中筋８丁目７番２号,6650874
3140001081510,株式会社つくしや,兵庫県,宝塚市,安倉中５丁目１３番１号,6650822
3140001081519,栄レース株式会社,兵庫県,宝塚市,美幸町１０番５１号,6650042
3140001081527,坂西産業株式会社,兵庫県,宝塚市,安倉南４丁目３７番１１号,6650823
3140001081535,山水造園土木株式会社,兵庫県,宝塚市,平井５丁目６番１４号,6650816
3140001081551,株式会社サン・ラグーン,兵庫県,宝塚市,栄町１丁目１６番１８号,6650845
3140001081568,株式会社シー・ビー・エフ・スタジオ,兵庫県,宝塚市,雲雀丘１丁目４番１２−３０６号,6650805
3140001081576,株式会社至誠園,兵庫県,宝塚市,米谷１丁目６番３５号,6650831
3140001081592,株式会社翔栄,兵庫県,宝塚市,栄町２丁目１番１号ソリオＧＦ,6650845
3140001081601,ジャスト開発株式会社,兵庫県,宝塚市,すみれガ丘２丁目２番１−９１４号,6650847
3140001081618,株式会社菅屋,兵庫県,宝塚市,山本東３丁目９番４号,6650881
3140001081626,成晃開発株式会社,兵庫県,宝塚市,小林１丁目１４番２０号,6650034
3140001081634,株式会社西和園植物場,兵庫県,宝塚市,山本西１丁目１番７号,6650884
3140001081650,株式会社總和建設,兵庫県,宝塚市,安倉南４丁目２番２５号,6650823
3140001081659,株式会社宝塚公益社,兵庫県,宝塚市,旭町３丁目２２番４号,6650835
3140001081667,株式会社宝塚小包運送,兵庫県,宝塚市,旭町２丁目３番２６号,6650835
3140001081675,宝塚製パン株式会社,兵庫県,宝塚市,御殿山４丁目２６番１８号,6650841
3140001081683,株式会社宝塚ショッピングプラザ,兵庫県,宝塚市,小浜３丁目１４番２６号,6650827
3140001081709,株式会社大成警備,兵庫県,宝塚市,安倉中２丁目１３番２号１Ｆ,6650822
3140001081733,大和娯楽機株式会社,兵庫県,宝塚市,旭町１丁目４番３０号,6650835
3140001081741,株式会社竹林商会,兵庫県,宝塚市,高司１丁目６番１８−４０１号,6650051
3140001081758,株式会社タツミ企画,兵庫県,宝塚市,大原野字波坂１番地の６４,6691211
3140001081766,株式会社チエ,兵庫県,宝塚市,南口２丁目１４番３号,6650011
3140001081790,株式会社ティムス,兵庫県,宝塚市,中筋１丁目３番２５号,6650874
3140001081799,株式会社ライブ,兵庫県,宝塚市,川面５丁目２番１０号,6650842
3140001081808,東宝商事株式会社,兵庫県,宝塚市,平井２丁目７番４−１０２号,6650816
3140001081816,都宝産業株式会社,兵庫県,宝塚市,御所の前町１２番１７号,6650041
3140001081824,株式会社鳥友商店,兵庫県,宝塚市,逆瀬川１丁目２番１号,6650035
3140001081849,株式会社ニシ企画,兵庫県,宝塚市,千種４丁目２番１８号,6650072
3140001081857,株式会社西森組,兵庫県,宝塚市,大吹町６番３０号,6650057
3140001081865,日新開発株式会社,兵庫県,宝塚市,切畑字検見１番地の２,6691241
3140001081898,阪急田園バス株式会社,兵庫県,宝塚市,大原野字南大中８番地の１,6691211
3140001081907,株式会社はまゆう,兵庫県,宝塚市,雲雀丘山手２丁目６番２９号,6650804
3140001081915,株式会社針谷商店,兵庫県,宝塚市,山本丸橋１丁目１２番１５号,6650815
3140001081923,株式会社東山自動車工業所,兵庫県,宝塚市,小浜３丁目１２番１７号,6650827
3140001081931,雲雀株式会社,兵庫県,宝塚市,雲雀丘山手２丁目１０番１１号,6650804
3140001081948,株式会社フェック,兵庫県,宝塚市,中山五月台３丁目１番４号,6650871
3140001081956,ふくみや産業株式会社,兵庫県,宝塚市,逆瀬川１丁目２番１号アピアＩ（３階）,6650035
3140001081964,株式会社フジモト,兵庫県,宝塚市,伊孑志１丁目６番２号,6650033
3140001081972,株式会社プライマー,兵庫県,宝塚市,平井１丁目６番１号３０２号,6650816
3140001081980,株式会社ベアーズスタッフ,兵庫県,宝塚市,逆瀬台６丁目５番８号,6650024
3140001081989,株式会社宝北,兵庫県,宝塚市,大吹町１０番３号,6650057
3140001081997,株式会社宝樂荘,兵庫県,宝塚市,川面２丁目３番５号,6650842
3140001082021,株式会社マネット,兵庫県,宝塚市,安倉中２丁目５番４３号,6650822
3140001082038,丸富産業株式会社,兵庫県,宝塚市,美座２丁目２２番１６号,6650834
3140001082054,南建設株式会社,兵庫県,宝塚市,光明町１５番２２号,6650045
3140001082062,宮崎電気工業株式会社,兵庫県,宝塚市,中州２丁目１番１５号,6650021
3140001082070,武庫川金属工業株式会社,兵庫県,宝塚市,高司５丁目４番３０号,6650051
3140001082079,株式会社明宝緑地社,兵庫県,宝塚市,山本丸橋３丁目４番３号,6650815
3140001082095,株式会社八百善商店,兵庫県,宝塚市,南口２丁目１２番１２号,6650011
3140001082104,山口興産株式会社,兵庫県,宝塚市,高司１丁目１番１６号,6650051
3140001082112,株式会社山下設計,兵庫県,宝塚市,仁川うぐいす台２番１号,6650064
3140001082120,株式会社ヤマダ商店,兵庫県,宝塚市,安倉中２丁目１３番１７号,6650822
3140001082137,株式会社有宏商事,兵庫県,宝塚市,逆瀬台２丁目６番１号,6650024
3140001082153,株式会社ヨシムラ,兵庫県,宝塚市,小浜２丁目２番１号,6650827
3140001082161,株式会社ワールドミックス,兵庫県,宝塚市,宝松苑３番１号,6650016
3140001082178,株式会社ロアール,兵庫県,宝塚市,逆瀬川２丁目５番１８号,6650035
3140001082194,株式会社ファミリー・オート,兵庫県,宝塚市,高司４丁目４番７−Ａ６０７号,6650051
3140001082203,浦工株式会社,兵庫県,宝塚市,雲雀丘山手１丁目２番３０号,6650804
3140001082244,上野金属工業株式会社,兵庫県,宝塚市,雲雀丘３丁目９番１号,6650805
3140001082252,株式会社ジーフォース,兵庫県,宝塚市,平井３丁目７番３４号,6650816
3140001082269,株式会社関西ビテック,兵庫県,宝塚市,小浜２丁目５番２５号サンハイツ宝塚１１１１号,6650827
3140001082277,クレス株式会社,兵庫県,宝塚市,売布東の町１６番９号前田ビル,6650867
3140001082302,サンター商事株式会社,兵庫県,宝塚市,弥生町３番４号,6650826
3140001082310,株式会社ケー・ティー・ピー,兵庫県,宝塚市,高松町１４番２号,6650043
3140001082319,名出株式会社,兵庫県,宝塚市,雲雀丘３丁目４番１４号,6650805
3140001082327,株式会社協同企画サービス,兵庫県,宝塚市,南口１丁目１１番４号,6650011
3140001082335,東和産業株式会社,兵庫県,宝塚市,中州２丁目５番１３号,6650021
3140001082343,株式会社レガシー,兵庫県,宝塚市,高司１丁目１番１６号,6650051
3140001082351,株式会社船尾産業,兵庫県,宝塚市,栄町３丁目１番２５号,6650845
3140001082368,株式会社コンセプト,兵庫県,宝塚市,逆瀬台５丁目８番５号,6650024
3140001082376,関西工営株式会社,兵庫県,宝塚市,南口１丁目４番２２号,6650011
3140001082384,株式会社ノアトレーディング,兵庫県,宝塚市,寿町６番７号,6650865
3140001082392,株式会社フィリオインターナショナル,兵庫県,宝塚市,高司１丁目１番１６号,6650051
3140001082418,株式会社陽装,兵庫県,宝塚市,安倉中２丁目３番１３号,6650822
3140001082533,株式会社ギルド,兵庫県,宝塚市,小浜２丁目５番２５−１００１号,6650827
3140001082541,日本パルク株式会社,兵庫県,宝塚市,鹿塩１丁目２番２０号,6650054
3140001082558,株式会社ジョスラン・ファイナンシャル・プランニング,兵庫県,宝塚市,中山五月台２丁目１４番４号,6650871
3140001082574,株式会社南翠園,兵庫県,宝塚市,中筋２丁目８番１５号,6650874
3140001082582,株式会社水道社,兵庫県,宝塚市,口谷東３丁目８３番地の１,6650812
3140001082590,株式会社テナム,兵庫県,宝塚市,中筋７丁目１０番４号,6650874
3140001082599,株式会社朝日管財,兵庫県,宝塚市,伊孑志４丁目５番８号,6650033
3140001082608,丸内工業株式会社,兵庫県,宝塚市,山手台西２丁目５番６号,6650886
3140001082624,関西リフォーム株式会社,兵庫県,宝塚市,売布東の町１５番４号,6650867
3140001082632,株式会社ピープル,兵庫県,宝塚市,中筋山手２丁目７番３１号,6650875
3140001082640,株式会社Ｓ・Ｍ・Ｃ,兵庫県,宝塚市,安倉中４丁目１９番１０号,6650822
3140001082649,株式会社サンセイ,兵庫県,宝塚市,米谷１丁目１３番１号,6650831
3140001082665,トリプルビー商事株式会社,兵庫県,宝塚市,ふじガ丘２３−８,6650806
3140001082673,株式会社Ａｂｉｌｉｔｙ,兵庫県,宝塚市,逆瀬川１丁目８番３号万大ビル,6650035
3140001082681,株式会社進栄,兵庫県,宝塚市,栄町１丁目６番２号花のみちセルカ２番館１階,6650845
3140001082698,ガイアプロテクト株式会社,兵庫県,宝塚市,安倉北３丁目９番２号,6650821
3140001082707,株式会社ユーコー硝子,兵庫県,宝塚市,山本台１丁目１４番２２号,6650885
3140001082715,株式会社キングス,兵庫県,宝塚市,千種２丁目５番地１７,6650072
3140001082731,株式会社ナカムラオート,兵庫県,宝塚市,安倉中２丁目３番４号,6650822
3140001082756,デザインワークス株式会社,兵庫県,宝塚市,寿町８番１９号,6650865
3140001082772,株式会社スマート・エージェンシー,兵庫県,宝塚市,花屋敷荘園１丁目１３番２２号桜ハイツ２０２号,6650802
3140001082780,株式会社デンツ,兵庫県,宝塚市,雲雀丘３丁目１４番７号,6650805
3140001082789,株式会社一灯舎,兵庫県,宝塚市,安倉中５丁目１２番３１号,6650822
3140001082797,ビジネスバンク株式会社,兵庫県,宝塚市,伊孑志４丁目２番６８号宝塚アーバンライフＢ１,6650033
3140001082814,株式会社明皇,兵庫県,宝塚市,旭町２丁目２２番２７号,6650835
3140001082822,株式会社ポリアート,兵庫県,宝塚市,旭町３丁目２０番１号,6650835
3140001082830,ＳＭーＣＵＢＥ．Ａｓｓｏｃｉａｔｅｓ株式会社,兵庫県,宝塚市,売布４丁目８番５号,6650852
3140001082863,株式会社四季屋,兵庫県,宝塚市,泉町２９番３４号,6650864
3140001082871,石政石材株式会社,兵庫県,宝塚市,伊孑志３丁目１４番２９号,6650033
3140001082913,株式会社北摂装工,兵庫県,宝塚市,中筋山手１丁目１４番１６号,6650875
3140001082921,株式会社建神工務店,兵庫県,宝塚市,小林５丁目１番２３号,6650034
3140001082946,株式会社ロコス,兵庫県,宝塚市,平井１丁目７番２４号,6650816
3140001082962,株式会社Ｃｌａｓｓｉｃ,兵庫県,宝塚市,野上１丁目２番８号,6650022
3140001082970,株式会社ネクステージ,兵庫県,宝塚市,光ガ丘２丁目１３番６号,6650015
3140001082995,株式会社アール・ティ・シー,兵庫県,宝塚市,栄町１丁目１番９号,6650845
3140001083003,株式会社武田工業,兵庫県,宝塚市,末成町３２番１４号,6650044
3140001083011,株式会社デケイド,兵庫県,宝塚市,中筋山手２丁目５番１９号,6650875
3140001083028,ＮＯＢＵ’ｓ　Ｄｅｓｉｇｎ株式会社,兵庫県,宝塚市,山本中２丁目１５番８号,6650883
3140001083036,株式会社Ｔａｋｅ　ｉｔ　Ｅａｓｙ,兵庫県,宝塚市,売布東の町１６番３号,6650867
3140001083044,株式会社ナカムラ,兵庫県,宝塚市,野上３丁目１番９号,6650022
3140001083135,株式会社グリーンオーク,兵庫県,宝塚市,伊孑志１丁目５番１８号,6650033
3140001083143,株式会社アールエス・アール,兵庫県,宝塚市,野上２丁目５番６号,6650022
3140001083176,株式会社エル,兵庫県,宝塚市,青葉台１丁目２１番２９号,6650014
3140001083291,株式会社ハンシン,兵庫県,宝塚市,安倉西４丁目５９５番地,6650825
3140001083317,住本建設株式会社,兵庫県,宝塚市,旭町３丁目２１番１０号,6650835
3140001083333,株式会社中谷総合計画,兵庫県,宝塚市,雲雀丘２丁目５番３２号,6650805
3140001083341,株式会社ルカルカ,兵庫県,宝塚市,花屋敷つつじガ丘１３番２２号,6650803
3140001083408,株式会社ヤマグチデンキ,兵庫県,宝塚市,川面５丁目１６番３２号,6650842
3140001083416,株式会社戎屋,兵庫県,宝塚市,中州１丁目９番９号,6650021
3140001083589,株式会社井元製作所,兵庫県,宝塚市,向月町９番３号,6650832
3140001083671,株式会社イーテック,兵庫県,宝塚市,末成町１９番５１−４０６号,6650044
3140001083705,株式会社Ｍａｒｓ　ｉｎｔｅｒｎａｔｉｏｎａｌ,兵庫県,宝塚市,旭町２丁目６番２１号,6650835
3140001083713,株式会社ユートップ,兵庫県,宝塚市,山手台東１丁目９番５号,6650887
3140001083762,株式会社宝塚ガーデンアブリール,兵庫県,宝塚市,山本台３丁目１２番１５号,6650885
3140001083770,株式会社ニューサイト,兵庫県,宝塚市,南口１丁目８−２０南口ビル,6650011
3140001083779,Ｃｏｕ　Ｃｏｕ株式会社,兵庫県,宝塚市,仁川北３丁目７番３号,6650061
3140001083812,株式会社藤内メンテナンス,兵庫県,宝塚市,すみれガ丘３丁目６番１−３１２号,6650847
3140001083829,株式会社グラフトン,兵庫県,宝塚市,御殿山２丁目６番２７号,6650841
3140001083837,株式会社Ｃｏｗ　Ｃｏｗ工房,兵庫県,宝塚市,上佐曽利字久保ノ上８番地,6691202
3140001083845,タカラエンジニアリング株式会社,兵庫県,宝塚市,美座２丁目１５番１５号,6650834
3140001083861,株式会社エス・オー・エスコーポレーション,兵庫県,宝塚市,逆瀬川２丁目４番７−２０１号,6650035
3140001083952,株式会社コーラル,兵庫県,宝塚市,逆瀬台１丁目１１番１−６０１号,6650024
3140001083969,株式会社ＴＨ都市デザイン研究所,兵庫県,宝塚市,仁川台１６１番地の５,6650074
3140001083977,株式会社キサラギインベスト,兵庫県,宝塚市,千種３丁目１番１８号,6650072
3140001084026,株式会社遥セレモニー,兵庫県,宝塚市,安倉中２丁目６番１４号,6650822
3140001084034,ＩＳＯ株式会社,兵庫県,宝塚市,安倉西２丁目４−２２,6650825
3140001084050,野口＆パートナーズ・コンサルティング株式会社,兵庫県,宝塚市,逆瀬台４丁目７番１１号,6650024
3140001084059,株式会社きづきケアテック,兵庫県,宝塚市,中筋３丁目５８番地の１−２０１,6650874
3140001084100,株式会社リュータン商行,兵庫県,宝塚市,雲雀丘山手２丁目１５番２８−８０２号,6650804
3140001084182,Ｗ株式会社,兵庫県,宝塚市,中筋７丁目４番１号,6650874
3140001084224,株式会社ＮＥＲＶ,兵庫県,宝塚市,末成町１９番４４号グランデマーレ２０３,6650044
3140001084240,株式会社インペリアル,兵庫県,宝塚市,仁川北３丁目７番１４号,6650061
3140001084273,株式会社ＴＳＨすみれホールディングス,兵庫県,宝塚市,谷口町１番１０−２０２号,6650076
3140001084372,株式会社三心,兵庫県,宝塚市,末成町６番１０号,6650044
3140001084397,株式会社琢,兵庫県,宝塚市,中山桜台２丁目５番３号,6650877
3140001084406,株式会社ヤマダリアルエステート,兵庫県,宝塚市,小林２丁目８番１１,6650034
3140001084422,株式会社ＢＥＬＥＸ,兵庫県,宝塚市,武庫川町３−１８−４０２,6650844
3140001084439,株式会社ラフレシア,兵庫県,宝塚市,中山寺１丁目１１番１６号,6650861
3140001084447,スピーナインターナショナル株式会社,兵庫県,宝塚市,中山五月台３丁目７番１号,6650871
3140001084505,株式会社ＧＫコーポレーション,兵庫県,宝塚市,中州１丁目４番１９号,6650021
3140001086609,株式会社Ｍ＆Ａ宝塚,兵庫県,宝塚市,逆瀬台１丁目３番Ｂ−７０５号,6650024
3140001086757,株式会社津之国屋,兵庫県,宝塚市,安倉北２丁目６番１９号,6650821
3140001086864,ブロッサム・コーポレーション株式会社,兵庫県,宝塚市,山本東２丁目６番３５号,6650881
3140001087334,株式会社多言語ネットワーク,兵庫県,宝塚市,南口１丁目１０番２６号,6650011
3140001087656,株式会社リアル・パートナーズ,兵庫県,宝塚市,野上２丁目３番３４号アクティス逆瀬川野上二丁目１０２,6650022
3140001087763,株式会社アンファンカンパニー,兵庫県,宝塚市,中山寺１丁目７番５,6650861
3140001087870,株式会社阿歩里,兵庫県,宝塚市,金井町２番２,6650824
3140001088530,株式会社佐藤エンジニアリング,兵庫県,宝塚市,南口２丁目１３番８号,6650011
3140001088803,株式会社山喜,兵庫県,宝塚市,清荒神１丁目１１番１４号,6650836
3140001088836,アカダ器材株式会社,兵庫県,宝塚市,川面５丁目２番８号ハイネスクラウズ宝塚駅前３０７号室,6650842
3140001088992,株式会社クロスコム,兵庫県,宝塚市,川面２丁目４番５３号,6650842
3140001089314,株式会社Ｒａｉｎｂｏｗ,兵庫県,宝塚市,星の荘１８番２−１号,6650866
3140001089355,株式会社エスケーイー,兵庫県,宝塚市,山本丸橋２丁目１１番５号,6650815
3140001089446,株式会社ＭＵＫＵ,兵庫県,宝塚市,栄町２丁目１番１−Ｅ−５０２号,6650845
3140001090057,中山寺駅前ビル株式会社,兵庫県,宝塚市,中筋６丁目１番２０号中山寺駅前ビルＩＩＩ,6650874
3140001090148,株式会社Ｂ−ＬＩＮＥ,兵庫県,宝塚市,寿楽荘１６番３１−２号,6650012
3140001090610,ハッピース株式会社,兵庫県,宝塚市,小浜５丁目１３番１６号,6650827
3140001090668,株式会社エコサット,兵庫県,宝塚市,仁川高台１丁目１２番６７号,6650062
3140001091195,２８フードサービス株式会社,兵庫県,宝塚市,平井５丁目３番３８−１０５号,6650816
3140001092078,株式会社ハイファイブキッズ,兵庫県,宝塚市,中山桜台２丁目２−１ファミリーセンター４０１,6650877
3140001094132,株式会社テル測量,兵庫県,宝塚市,大原野字波坂１番地の６４,6691211
3140001094149,株式会社アタンティフ,兵庫県,宝塚市,雲雀丘３丁目４番１５号,6650805
3140001094207,株式会社ＮＣＳ,兵庫県,宝塚市,安倉北３丁目６番２０号,6650821
3140001094826,株式会社誠,兵庫県,宝塚市,桜ガ丘２番１９号,6650846
3140001094867,株式会社アーバンプロテクト,兵庫県,宝塚市,野上５丁目１−２７,6650022
3140001094933,株式会社アイアット夢,兵庫県,宝塚市,安倉南３丁目９−５,6650823
3140001095428,株式会社関組,兵庫県,宝塚市,旭町１丁目１１−１宝塚清荒神ヒルズ５１３号室,6650835
3140001095535,株式会社Ｄａｔｅｓ,兵庫県,宝塚市,中筋山手７丁目１３番１４号,6650875
3140001096343,株式会社深海,兵庫県,宝塚市,金井町４番地５４,6650824
3140001096806,ミチア通商株式会社,兵庫県,宝塚市,宝松苑１３番３６−１０２号,6650016
3140001097399,株式会社ｏｆｆｉｃｅ　ＫＦ,兵庫県,宝塚市,すみれガ丘３丁目１番１−７０６号,6650847
3140001097556,株式会社ＡＣＡ,兵庫県,宝塚市,山本中１丁目２番２号,6650883
3140001097688,株式会社ＮａｔｕｒａｌＧａｒｄｅｎ’ｓ,兵庫県,宝塚市,山本中３丁目１２番７号,6650883
3140001098141,新宝塚土地株式会社,兵庫県,宝塚市,藏人字西代８７８,6650000
3140001098298,株式会社シューエイキャピタル,兵庫県,宝塚市,鹿塩１丁目２番２０号,6650054
3140001099338,田園商事株式会社,兵庫県,宝塚市,宝梅２丁目７番６号,6650013
3140001099486,株式会社サウザンド,兵庫県,宝塚市,宮の町一丁目１１番地,6650843
3140001099750,株式会社すみれホームズ,兵庫県,宝塚市,栄町３丁目１番１７,6650845
3140001100138,株式会社コネクト,兵庫県,宝塚市,安倉西２丁目２番１号,6650825
3140001100311,株式会社イプシロン,兵庫県,宝塚市,高松町１６番１１号,6650043
3140001100947,株式会社３Ｈ−ｐｌｕｓ,兵庫県,宝塚市,南口１丁目７番１５号,6650011
3140001101037,株式会社プラムロック,兵庫県,宝塚市,小林１丁目１１番２４号,6650034
3140001101169,株式会社ＣＯＬＯＲＨＯＵＳＥ,兵庫県,宝塚市,美座２丁目１９番１０−４０１号,6650834
3140001101193,畠運送株式会社,兵庫県,宝塚市,売布東の町２１番３号,6650867
3140001101573,株式会社Ｌ．Ｂ．Ｓ,兵庫県,宝塚市,安倉西４丁目２５番１号,6650825
3140001102431,株式会社宝南,兵庫県,宝塚市,南口２丁目５番４８号,6650011
3140001102588,株式会社ＹＳ,兵庫県,宝塚市,中山桜台２丁目１番１６ツウィング宝塚中山弐番館８０８号,6650877
3140001103371,ボンエスポワール株式会社,兵庫県,宝塚市,武庫川町１番５−２３０５号,6650844
3140001103594,プラスワン株式会社,兵庫県,宝塚市,すみれガ丘２丁目３番１−９１１号,6650847
3140001103710,株式会社仁川エステート,兵庫県,宝塚市,仁川高丸２丁目２２番６号,6650063
3140001104329,株式会社宝塚アスコン,兵庫県,宝塚市,川面字長尾山１５番地,6650848
3140001104469,本田塾株式会社,兵庫県,宝塚市,中筋山手２丁目５番２４−１０２号,6650875
3140001104642,上西電気工業株式会社,兵庫県,宝塚市,高松町１４番５号,6650043
3140001104700,株式会社たてよこ,兵庫県,宝塚市,武庫山１丁目３番４１号,6650005
3140001104741,三喜株式会社,兵庫県,宝塚市,山手台東５丁目２７番１６号,6650887
3140001105145,株式会社ミット,兵庫県,宝塚市,山本野里１丁目５０番５号,6650814
3140001105715,株式会社ＳＴＪ,兵庫県,宝塚市,末成町２１番１０号,6650044
3140001105830,株式会社ｖｉｏｌａ,兵庫県,宝塚市,逆瀬台１丁目１１番４−１２１０号,6650024
3140001106341,株式会社アイ・リレーション,兵庫県,宝塚市,高司２丁目１９−２３アトリエガラージュ宝塚Ｅ号室,6650051
3140001106523,株式会社和田商事,兵庫県,宝塚市,安倉中６丁目５番１号,6650822
3140001106572,ペプコムファーマ株式会社,兵庫県,宝塚市,川面６丁目２１番５０号,6650842
3140001106845,株式会社アンデルンゼ,兵庫県,宝塚市,野上１丁目２番２号,6650022
3140001106894,株式会社マキコーポレーション,兵庫県,宝塚市,亀井町１２番５１号,6650047
3140001107364,株式会社ラジオテック,兵庫県,宝塚市,逆瀬川２丁目８番３８号,6650035
3140001107406,株式会社恒建,兵庫県,宝塚市,中山五月台７丁目２番１２０５号,6650871
3140001107975,株式会社清和,兵庫県,宝塚市,売布きよしガ丘５番１５号,6650855
3140001108164,株式会社ヒラツカ,兵庫県,宝塚市,高司５丁目１番８０号,6650051
3140001108412,株式会社湊志エンジニアリング,兵庫県,宝塚市,山手台東１丁目１３番６号,6650887
3140001108437,株式会社フォース,兵庫県,宝塚市,高司４丁目１番７号,6650051
3140001108453,ニノ・リアルティ株式会社,兵庫県,宝塚市,野上６丁目１４番１１−２号,6650022
3140001108536,株式会社ふぁんわくわーく,兵庫県,宝塚市,仁川宮西町４番３号,6650075
3140001108932,株式会社ＫＴＣ,兵庫県,宝塚市,栄町３丁目９番２１−４０２号,6650845
3140001109022,株式会社メディカリＪＰ,兵庫県,宝塚市,山手台東４丁目１７番１号,6650887
3140001109600,株式会社ウエストコーポレーション,兵庫県,宝塚市,高司１丁目７番４号,6650051
3140001110310,株式会社関建,兵庫県,宝塚市,光明町２−５−１０１,6650045
3140001110649,株式会社トモコム,兵庫県,宝塚市,梅野町１番２−３００５号,6650004
3140001112182,宝塚商事株式会社,兵庫県,宝塚市,清荒神３丁目４番１０号４０５号,6650836
3140001112356,株式会社イツキ,兵庫県,宝塚市,福井町３２−１２,6650046
3140001112389,トスメディカル株式会社,兵庫県,宝塚市,栄町２丁目１０番１４号宝塚新興産ビル５階,6650845
3140001113429,株式会社丸新建材,兵庫県,宝塚市,中筋９丁目８番３号,6650874
3140001113560,山極経営支援コンサルティング株式会社,兵庫県,宝塚市,すみれガ丘２丁目３番１−１００６号,6650847
3140001113577,株式会社和,兵庫県,宝塚市,長尾町８番１３−１００９号,6650873
3140001113825,株式会社シルバーリアルエステート,兵庫県,宝塚市,長尾町１４番２号,6650873
3140001114022,株式会社リテラリー,兵庫県,宝塚市,鹿塩２丁目１３番地１５号ブランユーカリ１０３号室,6650054
3140001114187,株式会社神戸福祉サービスセンター,兵庫県,宝塚市,寿楽荘１番３８−１０１号,6650012
3140001114724,株式会社ＭＩＴＴＳＵ,兵庫県,宝塚市,湯本町２番９−８０２号,6650003
3140001115573,株式会社アスライズ,兵庫県,宝塚市,大吹町７番２３号,6650057
3140001115747,株式会社ＧｅｎｅｒａｌＰｒｏｔｅｃｔ,兵庫県,宝塚市,安倉北２丁目７番５−１号,6650821
3140001115862,株式会社部活のみかた,兵庫県,宝塚市,逆瀬川１丁目１４番３９号,6650035
3140001115870,株式会社丸照タイル,兵庫県,宝塚市,中山桜台２丁目２８番１１号,6650877
3140001116092,株式会社エリーコーポレーション,兵庫県,宝塚市,山本丸橋２丁目１４番地の４１,6650815
3140001116258,株式会社ウォードエステート,兵庫県,宝塚市,泉町２５番地１,6650864
3140001116836,クレイススキルスラボ株式会社,兵庫県,宝塚市,山本東３丁目１４−７日の出第一ビルＭＥＤＩＣＵＳ１階,6650881
3140001117306,ＴＫ投資企画株式会社,兵庫県,宝塚市,仁川北１丁目１番２３−６０６号,6650061
3140001117371,友愛工業株式会社,兵庫県,宝塚市,栄町３丁目１番１７−１００６号,6650845
3140001117470,株式会社奥建設,兵庫県,宝塚市,口谷西２丁目３番２２号,6650813
3140001117693,株式会社スリーアロウズ,兵庫県,宝塚市,湯本町８番１８号,6650003
3140001117751,株式会社ブライテンリッチ,兵庫県,宝塚市,栄町２丁目２番１号ソリオ３（５階）,6650845
3140001118205,株式会社山口,兵庫県,宝塚市,山手台東５丁目１７番２号,6650887
3140001118799,株式会社運天園,兵庫県,宝塚市,安倉北２丁目２０番８号,6650821
3140001118824,株式会社かがやき,兵庫県,宝塚市,栄町２丁目１１番１０号,6650845
3140001119384,株式会社ＡｔＣｏｚｙ,兵庫県,宝塚市,波豆字湯谷掛１７番地,6691221
3140001119418,株式会社Ｃ−Ｘ,兵庫県,宝塚市,御殿山２丁目１６番１９−３号,6650841
3140001119467,株式会社ＳＴＫ,兵庫県,宝塚市,金井町４−５４−２０２,6650824
3140001119640,株式会社Ｋ−Ｃｌａｎ,兵庫県,宝塚市,伊孑志１丁目７番３９号,6650033
3140001119756,株式会社堤コーポレーション,兵庫県,宝塚市,逆瀬台１丁目１１番２−６０８号,6650024
3140001119806,株式会社アンダンテ,兵庫県,宝塚市,山手台東５丁目１２番１号,6650887
3140001119938,株式会社ａｄａｔｔｏ　ａｓｓｏｃｉａｔｅ,兵庫県,宝塚市,泉町２５番地１,6650864
3140001120160,株式会社博神防災,兵庫県,宝塚市,安倉北３丁目４番２０号１０１号,6650821
3140001120268,株式会社バルガ,兵庫県,宝塚市,長尾台１丁目１６番１３号,6650807
3140001120276,株式会社ＥＮＺОＯ,兵庫県,宝塚市,鹿塩１丁目６番６号プリマヴェーラ仁川２０２,6650054
3140001120508,株式会社ＣＳＹ,兵庫県,宝塚市,大吹町１２番５−２号,6650057
3140001120540,株式会社オリーブ,兵庫県,宝塚市,末広町１番１６−２号,6650031
3140001120623,株式会社モノクロ,兵庫県,宝塚市,ゆずり葉台２丁目３番９号,6650025
3140001121299,山本産業株式会社,兵庫県,宝塚市,高司２丁目１７番３１号,6650051
3140001121935,Ａｔｈｌｅｔｉｃ　Ｃｏｎｄｉｔｉｏｎｉｎｇ　Ｓｙｓｔｅｍｓ株式会社,兵庫県,宝塚市,すみれガ丘１丁目６番１−１０２号,6650847
3140001122396,株式会社デイズ,兵庫県,宝塚市,弥生町６番１号,6650826
3140001122867,株式会社Ｘｅｆｉｎｏ,兵庫県,宝塚市,仁川旭ガ丘９番１２号,6650065
3140001123915,株式会社Ａ．Ｓ．Ｓ,兵庫県,宝塚市,福井町３２−１７,6650046
3140001124087,株式会社ミライズ,兵庫県,宝塚市,仁川高台１丁目２番４号,6650062
3140001124905,ＪＬＰ株式会社,兵庫県,宝塚市,山本丸橋３丁目２番７−８０６号,6650815
3140001125192,スミアン株式会社,兵庫県,宝塚市,ふじガ丘４番,6650806
3140001125390,株式会社シーエスアール,兵庫県,宝塚市,宮の町１５−５荒神川ビル３０２,6650843
3140001125655,Ｍｆｇ株式会社,兵庫県,宝塚市,高松町１１−２８,6650043
3140001125928,株式会社筑紫野,兵庫県,宝塚市,清荒神３丁目１４番７号,6650836
3140001126455,株式会社Ｃｏｃｏｎａ,兵庫県,宝塚市,花屋敷つつじガ丘５番１５号,6650803
3140001126488,ウィンホールディングス株式会社,兵庫県,宝塚市,平井山荘２２番３号,6650817
3140001126694,今里ビル株式会社,兵庫県,宝塚市,中筋６丁目３番３号,6650874
3140001127230,株式会社ＡＺ,兵庫県,宝塚市,山手台東３丁目２番１号,6650887
3140001127239,株式会社フェローズ,兵庫県,宝塚市,仁川高台１丁目２番２５−３０２号,6650062
3140001127387,株式会社桃喜社,兵庫県,宝塚市,山手台西２丁目４番１号,6650886
3140001127494,株式会社ニコナ,兵庫県,宝塚市,中筋山手３丁目５番３号,6650875
3140001128204,株式会社Ｔａｍａｓｈｉｉ　Ｊａｐａｎ,兵庫県,宝塚市,仁川北２丁目９番１２−１０５号,6650061
3140001128526,株式会社ＡＳＫ,兵庫県,宝塚市,高司１丁目４番２８号,6650051
3140001129169,株式会社アストラルオーシャン,兵庫県,宝塚市,星の荘１８番１０−２Ｃ号室,6650866
3140001129359,株式会社ＴＥＩＳ,兵庫県,宝塚市,亀井町１０番６３号,6650047
3140001129375,株式会社ウエストリバー,兵庫県,宝塚市,口谷東３丁目６７番地４２,6650812
3140001130432,株式会社西光,兵庫県,宝塚市,安倉南２丁目４番２６号,6650823
3140001131100,株式会社昌興業,兵庫県,宝塚市,山本丸橋３丁目１３番１０号,6650815
3140001131348,株式会社ノムラ電気,兵庫県,宝塚市,光明町６番９号,6650045
3140001131595,グロースアライブ株式会社,兵庫県,宝塚市,中山桜台５丁目１５番１号ツウィング宝塚中山１番館６０１号,6650877
3140001132362,Ｆ＆Ａマネジメント株式会社,兵庫県,宝塚市,湯本町１０番４５−９０２号,6650003
3140001132726,ＴＭＲ株式会社,兵庫県,宝塚市,鶴の荘１５番７号,6650833
3140001132775,ＸＤＥＳＩＧＮ株式会社,兵庫県,宝塚市,切畑字長尾山５番地の６２９,6650808
3140001132809,株式会社パインブック,兵庫県,宝塚市,仁川旭ガ丘７番２５号,6650065
3140001133030,株式会社中筋地所,兵庫県,宝塚市,中筋１丁目７番７号,6650874
3140001133154,株式会社Ｈｏ‐ｋａｎ,兵庫県,宝塚市,中野町８番８号リリーフ宝塚１０１,6650056
3140001133261,株式会社Ｓａｍｍｋｅｙ,兵庫県,宝塚市,中山寺２丁目８番１５−２０２号,6650861
3140001133311,株式会社Ｌｉｆｅ　Ｄｅｓｉｇｎ,兵庫県,宝塚市,売布東の町１１番１０−４０５号,6650867
3140001133914,株式会社石山皮革製作所,兵庫県,宝塚市,泉町２５番２号ヴィラミナミ１−１０２,6650864
3140001134202,エヌテック株式会社,兵庫県,宝塚市,南口２丁目３−３,6650011
3140001134755,株式会社Ｕ‐ネクスト,兵庫県,宝塚市,栄町３丁目９番３７−７０３号,6650845
3140001135209,株式会社ユーアイ,兵庫県,宝塚市,平井山荘２２番３３号,6650817
3140001135902,株式会社ＹＯＺＡＮ,兵庫県,宝塚市,平井６丁目２番２１−４０４号,6650816
3140001136231,株式会社Ｌｕａｎａ,兵庫県,宝塚市,伊孑志３丁目３番１６号,6650033
3140001136685,株式会社ＩＮＦＲＡＫＵ,兵庫県,宝塚市,武庫川町６番２６−８０４号,6650844
3140001137163,株式会社ＣＡＲＥ　ＳＡＬＯＮ　ＧＲＯＵＰ,兵庫県,宝塚市,南口２丁目３番３５−１０３号,6650011
3140001137196,株式会社Ａｖｅｎｉｒ,兵庫県,宝塚市,安倉中５丁目２２番３−３０６号,6650822
3140001137312,株式会社ＨＩＣＡＳＡ,兵庫県,宝塚市,野上１丁目１番８号,6650022
3140001137353,株式会社ＭＫＹ,兵庫県,宝塚市,南口２丁目５番５４号宝塚シャンテリーハイツ１０１,6650011
3140001138418,株式会社インターシティ,兵庫県,宝塚市,青葉台１丁目２１番３０号,6650014
3140001138789,株式会社Ｈ‐Ｂｅａｕｔｅ,兵庫県,宝塚市,武庫川町１番５−１１０６号,6650844
3140001138995,株式会社ＥＶＯＬＶＥ,兵庫県,宝塚市,川面６丁目１７番１８号,6650842
3140001139069,株式会社Ｄ．Ｈ．Ｐ,兵庫県,宝塚市,米谷２丁目２番１１−２０８号,6650831
3140001139713,Ａｓｇａｒｄ株式会社,兵庫県,宝塚市,野上３丁目４番３４号,6650022
3140001139779,株式会社ＴＤＫ,兵庫県,宝塚市,安倉西２丁目６番３号,6650825
3140001139829,株式会社Ｍ’Ｓ　ｉｎｖｅｓｔｍｅｎｔ,兵庫県,宝塚市,仁川北３丁目７番１４号ペガサスビル４０２号室,6650061
3140001139903,セナト工業株式会社,兵庫県,宝塚市,亀井町８−５１−４,6650047
3140001140027,サンライズ株式会社,兵庫県,宝塚市,山本東３丁目１２番１４号１０１号室,6650881
3140001140902,株式会社Ａｕｒａｌｉｓ,兵庫県,宝塚市,高司４丁目４番７−Ｄ１０７号,6650051
3140001141090,株式会社Ｓａｒｔｏ,兵庫県,宝塚市,武庫川町６番２６−２１０１号,6650844
3140001141702,株式会社ＴＰＭ,兵庫県,宝塚市,栄町１丁目６番１−２０９２号,6650845
3140001141875,ＫＭ工業株式会社,兵庫県,宝塚市,山本南１丁目１８番７号,6650882
3140001141883,株式会社Ｋｅｙ’ｓ,兵庫県,宝塚市,山本丸橋１丁目１７番２０−２０４号,6650815
3140001142246,株式会社Ｓｔｏｃｋ　Ｈｏｍｅ　Ｄｅｓｉｇｎ,兵庫県,宝塚市,山本南２丁目１７−１８−４,6650882
3140002067822,ＨＯＫＵＳＥＴＳＵ株式会社,兵庫県,宝塚市,高司５丁目１番４４号,6650051
3140003008222,Ｐｒｏｐｒｉｅｔａｒｙ株式会社,兵庫県,宝塚市,川面２丁目３番５号,6650842
3140003008957,株式会社宝塚すみれ発電,兵庫県,宝塚市,野上１丁目１番８号,6650022
3140003015268,ソリッドスター株式会社,兵庫県,宝塚市,平井山荘４番５号,6650817
3150001009436,トータルシステム株式会社,兵庫県,宝塚市,旭町３丁目７番１−５０１号,6650835
4010401080058,株式会社Ｎａｖｉｓ,兵庫県,宝塚市,栄町３丁目１０番２０号,6650845
4012401011819,株式会社ヘイレックス・ジャパン,兵庫県,宝塚市,川面５丁目７−２ビューハイツ２０３号室,6650842
4040001080819,ジーニアスサーバー・テクノロジーズ株式会社,兵庫県,宝塚市,中山台１丁目１２番１２号,6650876
4120001009446,ＳＵＩＴＯ株式会社,兵庫県,宝塚市,山手台東５丁目３０番６号,6650887
4120001011063,株式会社丸善,兵庫県,宝塚市,武庫山２丁目１５番７号,6650005
4120001014578,蒲生中央建物株式会社,兵庫県,宝塚市,平井２丁目７番４号,6650816
4120001057569,株式会社日新企画開発,兵庫県,宝塚市,中山桜台３丁目７番１０号,6650877
4120001059945,アクトウエイ株式会社,兵庫県,宝塚市,千種３丁目１９−１,6650072
4120001071537,山秀商事株式会社,兵庫県,宝塚市,仁川旭ガ丘４番１号,6650065
4120001077575,山本商事株式会社,兵庫県,宝塚市,千種４丁目２０番１１号,6650072
4120001083904,高松土地株式会社,兵庫県,宝塚市,中山桜台２丁目３番２号,6650877
4120001100205,株式会社ファザーズ,兵庫県,宝塚市,仁川高丸２丁目９番６号,6650063
4120001117942,株式会社鐘菱総合経済研究所,兵庫県,宝塚市,山本台１丁目１５番２２号,6650885
4120001143352,株式会社ＭＩＲＥｊｏｕｌｅ,兵庫県,宝塚市,清荒神１丁目１１番２３号,6650836
4120001145638,株式会社ＴＳマネジメント,兵庫県,宝塚市,中筋山手４丁目２番２１号,6650875
4120001146504,株式会社メビウス社,兵庫県,宝塚市,中山五月台７丁目２番３１９号,6650871
4120001163557,求人広告の日本アドカスタム株式会社,兵庫県,宝塚市,山本西２丁目２番１−３０１号,6650884
4120001164233,万栄国際株式会社,兵庫県,宝塚市,中筋山手７丁目１７番６号,6650875
4120001166808,アックス株式会社,兵庫県,宝塚市,雲雀丘１丁目１３−２５,6650805
4120001177953,株式会社プライム・ディレクションズ,兵庫県,宝塚市,梅野町４番１９−４０１号,6650004
4120001183398,株式会社中尾企画,兵庫県,宝塚市,南ひばりガ丘３丁目３番１６号,6650811
4120001205326,株式会社ＰＲＡＧ,兵庫県,宝塚市,湯本町１番３７号,6650003
4120001207396,株式会社Ｊａｐａｎ　Ｃｏｎｎｅｃｔｉｅｓ,兵庫県,宝塚市,泉ガ丘１２番３０号,6650851
4120001208667,株式会社マル喜,兵庫県,宝塚市,清荒神１丁目１１番１号,6650836
4120001224929,Ｓｐｒｅａｄ株式会社,兵庫県,宝塚市,南口１丁目８−１クレール宝塚３０３号室,6650011
4120001260627,ＯＮＥ＆ＳＫＹ株式会社,兵庫県,宝塚市,金井町３−３−２階,6650824
4120001264751,翡翠鳳凰株式会社,兵庫県,宝塚市,雲雀丘３丁目４番４０号２Ｆ,6650805
4120001269486,株式会社元隆建設,兵庫県,宝塚市,鶴の荘２１−８,6650833
4120901006567,株式会社サンメディカルサプライ,兵庫県,宝塚市,中筋７丁目７３番地１,6650874
4120901023249,株式会社関西学研,兵庫県,宝塚市,小林２丁目１２番１０−２０３号,6650034
4120901023868,株式会社サンケミカル,兵庫県,宝塚市,清荒神１丁目１１番２３−３０３号,6650836
4120901028776,株式会社シンエイ管理,兵庫県,宝塚市,高司５丁目２番２０号,6650051
4120901030105,株式会社おうちやさん,兵庫県,宝塚市,安倉中５丁目１０番２７号,6650822
4120901030963,ＤＣＧＬ株式会社,兵庫県,宝塚市,川面６丁目４番１３号,6650842
4120901033479,株式会社ＰｉｎｅＴａｉｌ,兵庫県,宝塚市,南口２丁目３番１８号,6650011
4120901037868,株式会社キーンズカンパニー,兵庫県,宝塚市,中州１丁目２番１０号,6650021
4120901044807,ナインファイブ株式会社,兵庫県,宝塚市,平井３丁目１番３１号,6650816
4130001040037,株式会社トライアングルコーポレーション,兵庫県,宝塚市,社町１９番１０号,6650071
4140001020054,株式会社国際認証機関,兵庫県,宝塚市,ゆずり葉台３丁目１−１Ｄ２１３,6650025
4140001031118,株式会社萩原,兵庫県,宝塚市,御所の前町１４番４号,6650041
4140001048203,関西開発株式会社,兵庫県,宝塚市,売布東の町１０番２号,6650867
4140001055091,株式会社カレン,兵庫県,宝塚市,ゆずり葉台２丁目８番１４号,6650025
4140001064514,株式会社ラブノーツ,兵庫県,宝塚市,雲雀丘３丁目５番１９号,6650805
4140001068548,クリーニングやました株式会社,兵庫県,宝塚市,亀井町１１番４８号,6650047
4140001068985,伸光建設株式会社,兵庫県,宝塚市,美座１丁目４番５号,6650834
4140001071956,株式会社多計企画,兵庫県,宝塚市,野上２丁目５番６号,6650022
4140001072946,株式会社ラヴィング,兵庫県,宝塚市,仁川北２丁目１３番２０−１１２号,6650061
4140001074604,株式会社摂陽自動車販売,兵庫県,宝塚市,安倉西３丁目４番８号,6650825
4140001078786,阪神相互開発株式会社,兵庫県,宝塚市,雲雀丘３丁目４番８号,6650805
4140001079487,株式会社堤工務店,兵庫県,宝塚市,山本南３丁目２３番９号,6650882
4140001080057,宏栄電気工事株式会社,兵庫県,宝塚市,中山台２丁目５番１０号,6650876
4140001080734,株式会社スギケン,兵庫県,宝塚市,山手台東５丁目６番１４号,6650887
4140001081146,株式会社赤崎工務店,兵庫県,宝塚市,野上３丁目１３番６号,6650022
4140001081154,株式会社アジア測量設計,兵庫県,宝塚市,星の荘２５番６号,6650866
4140001081162,旭電氣建設株式会社,兵庫県,宝塚市,米谷１丁目２６番１０号,6650831
4140001081170,株式会社アドバンス,兵庫県,宝塚市,向月町２番２５号,6650832
4140001081187,株式会社アルコ,兵庫県,宝塚市,大原野字上ケ峯１３番地,6691211
4140001081195,株式会社石山建設,兵庫県,宝塚市,小浜３丁目１番２７号,6650827
4140001081204,株式会社一晃園,兵庫県,宝塚市,平井５丁目３番９号,6650816
4140001081212,井ノ迫運送株式会社,兵庫県,宝塚市,山本南１丁目１９番１４号,6650882
4140001081220,岩崎通信工業株式会社,兵庫県,宝塚市,泉町２２番１号,6650864
4140001081229,上原建材工業株式会社,兵庫県,宝塚市,星の荘３０番１２号,6650866
4140001081237,株式会社馬殿ビル,兵庫県,宝塚市,千種３丁目１４番３号,6650072
4140001081245,栄興商事株式会社,兵庫県,宝塚市,山本西１丁目６番９号,6650884
4140001081278,株式会社オーク,兵庫県,宝塚市,旭町２丁目２２番３号,6650835
4140001081286,大阪サプライ用品販売株式会社,兵庫県,宝塚市,逆瀬川２丁目８番８号,6650035
4140001081311,株式会社グラント,兵庫県,宝塚市,小浜３丁目６番５号,6650827
4140001081328,関西警備保障株式会社,兵庫県,宝塚市,伊孑志３丁目８番２０号,6650033
4140001081336,関西通信電線株式会社,兵庫県,宝塚市,高松町１３番３４号,6650043
4140001081352,株式会社カトリエーム,兵庫県,宝塚市,南口２丁目５番３４号,6650011
4140001081360,兼森興産株式会社,兵庫県,宝塚市,売布２丁目１４番３０号,6650852
4140001081369,株式会社河建コーポレーション,兵庫県,宝塚市,安倉中２丁目３番６号,6650822
4140001081377,株式会社企画制作紙ふうせん,兵庫県,宝塚市,安倉南１丁目１番３４号,6650823
4140001081385,金ごま本舗株式会社,兵庫県,宝塚市,山本中３丁目１９番２６号,6650883
4140001081402,株式会社キモト,兵庫県,宝塚市,小林３丁目１３番１９号,6650034
4140001081419,株式会社協同建設,兵庫県,宝塚市,川面３丁目１０番２２号,6650842
4140001081427,旭日興産株式会社,兵庫県,宝塚市,中筋１丁目５番２６号,6650874
4140001081443,株式会社グリーン宝塚,兵庫県,宝塚市,山本南３丁目２８番７号,6650882
4140001081468,株式会社厚生会,兵庫県,宝塚市,伊孑志３丁目１４番４８号,6650033
4140001081476,交洋ホームズ株式会社,兵庫県,宝塚市,中筋９丁目３９番２号,6650874
4140001081484,株式会社小瀬外装工業,兵庫県,宝塚市,安倉中５丁目２２番１６号,6650822
4140001081501,株式会社コロボックル,兵庫県,宝塚市,伊孑志２丁目３番３２号,6650033
4140001081518,株式会社栄屋,兵庫県,宝塚市,宮の町７−６−２０１,6650843
4140001081526,株式会社サカセ電化,兵庫県,宝塚市,逆瀬川１丁目１１番１号,6650035
4140001081542,株式会社山宝運輸,兵庫県,宝塚市,安倉南４丁目３２番１６号,6650823
4140001081550,株式会社サンルート,兵庫県,宝塚市,美座２丁目１５番１５号,6650834
4140001081559,株式会社ジェー・アイ・シー大阪,兵庫県,宝塚市,月見山２丁目１７番４号,6650002
4140001081567,株式会社ジェネラス,兵庫県,宝塚市,伊孑志１丁目６番４１号ジェネラス逆瀬川１Ｆ,6650033
4140001081583,株式会社ジヴェルニー,兵庫県,宝塚市,安倉南４丁目３番１９号,6650823
4140001081591,株式会社翔映舎,兵庫県,宝塚市,清荒神５丁目８２番地６,6650836
4140001081625,株式会社青香園,兵庫県,宝塚市,山本中１丁目８番１７号,6650883
4140001081658,株式会社宝塚温泉観光会館,兵庫県,宝塚市,湯本町８番１２号,6650003
4140001081666,宝塚岸田建設株式会社,兵庫県,宝塚市,三笠町８番１０号,6650863
4140001081674,株式会社宝塚砕石工業所,兵庫県,宝塚市,御殿山４丁目１番５号,6650841
4140001081682,株式会社宝塚出版,兵庫県,宝塚市,山本台１丁目１４番１０号,6650885
4140001081699,第一地質調査株式会社,兵庫県,宝塚市,ふじガ丘５番３号,6650806
4140001081708,株式会社ダイキホーム,兵庫県,宝塚市,中州１丁目１１番３号,6650021
4140001081716,株式会社大日,兵庫県,宝塚市,宮の町４番３１号,6650843
4140001081732,大和建設運輸株式会社,兵庫県,宝塚市,栄町３丁目３番６号,6650845
4140001081740,株式会社高はし,兵庫県,宝塚市,長尾台１丁目１３番６号,6650807
4140001081749,株式会社宝屋,兵庫県,宝塚市,安倉中１丁目４番１０号,6650822
4140001081757,株式会社建部会計不動産事務所,兵庫県,宝塚市,中州１丁目１１番１３号,6650021
4140001081765,丹揚商工株式会社,兵庫県,宝塚市,売布ガ丘９番１３号,6650853
4140001081773,中国化成工業株式会社,兵庫県,宝塚市,高司４丁目４番１号,6650051
4140001081781,株式会社塚本造園工務所,兵庫県,宝塚市,安倉南２丁目１９番６号,6650823
4140001081798,寺浦興産株式会社,兵庫県,宝塚市,栄町１丁目１２番２８号,6650845
4140001081823,株式会社鳥居商事,兵庫県,宝塚市,御殿山２丁目７番１６号,6650841
4140001081848,株式会社錦,兵庫県,宝塚市,栄町２丁目１番１号ソリオ１,6650845
4140001081856,株式会社西村植木,兵庫県,宝塚市,平井２丁目６番３４号,6650816
4140001081880,日本タスク警備株式会社,兵庫県,宝塚市,仁川北２丁目５番１−２０１号,6650061
4140001081897,株式会社萩野自動車工業所,兵庫県,宝塚市,小浜２丁目１番２４号,6650827
4140001081906,株式会社ぱぴよん,兵庫県,宝塚市,小林２丁目１２番１９号,6650034
4140001081922,ビビッド株式会社,兵庫県,宝塚市,大成町１番３１号,6650055
4140001081930,雲雀丘開発株式会社,兵庫県,宝塚市,中山寺１丁目１４番９号,6650861
4140001081939,株式会社平井萬樹園,兵庫県,宝塚市,平井５丁目９番７号,6650816
4140001081947,ファーメリージャパン株式会社,兵庫県,宝塚市,花屋敷荘園３丁目１２番３２号,6650802
4140001081955,株式会社福本重機工業,兵庫県,宝塚市,仁川旭ガ丘２番２８号,6650065
4140001081963,株式会社フジサカ,兵庫県,宝塚市,逆瀬台３丁目８番２号,6650024
4140001081988,株式会社宝喜園,兵庫県,宝塚市,米谷２丁目５番４号,6650831
4140001082004,宝明電子工業株式会社,兵庫県,宝塚市,高司４丁目３番３５号,6650051
4140001082020,まつ屋食品株式会社,兵庫県,宝塚市,逆瀬川１丁目１３番１号アピア３,6650035
4140001082029,株式会社丸河商店,兵庫県,宝塚市,売布東の町９番２０号,6650867
4140001082061,宮城レース株式会社,兵庫県,宝塚市,美幸町１０番５１号,6650042
4140001082078,明治土地株式会社,兵庫県,宝塚市,湯本町１番４号,6650003
4140001082086,株式会社売布建設,兵庫県,宝塚市,売布４丁目１２番３号,6650852
4140001082094,株式会社八百作商店,兵庫県,宝塚市,栄町１丁目１４番６号,6650845
4140001082103,山浦商事株式会社,兵庫県,宝塚市,小林３丁目８番４１号,6650034
4140001082111,山下水道工業株式会社,兵庫県,宝塚市,安倉北５丁目９３６番２号,6650821
4140001082128,株式会社ヤマモト技研工業,兵庫県,宝塚市,安倉中３丁目９番１８号,6650822
4140001082144,株式会社湯本電気商会,兵庫県,宝塚市,小浜３丁目１０番１２号,6650827
4140001082152,吉正建設株式会社,兵庫県,宝塚市,小浜２丁目５番１４号,6650827
4140001082169,株式会社リーファ,兵庫県,宝塚市,中筋６丁目１８番８号,6650874
4140001082193,宝塚山本ガーデン・クリエイティブ株式会社,兵庫県,宝塚市,山本東２丁目２番１号,6650881
4140001082202,株式会社昭平,兵庫県,宝塚市,小林２丁目１０−４サンパレス２１小林２Ｆ,6650034
4140001082210,アイソ・ワールド株式会社,兵庫県,宝塚市,野上４丁目１３番２０号,6650022
4140001082219,株式会社ルカ商,兵庫県,宝塚市,栄町１丁目６番１号,6650845
4140001082235,キャリアサポートジェイ株式会社,兵庫県,宝塚市,逆瀬川１丁目７番１６号,6650035
4140001082243,廣川電機エンジニアリング株式会社,兵庫県,宝塚市,月見山２丁目９番１１号,6650002
4140001082268,ニャンウェブ株式会社,兵庫県,宝塚市,花屋敷荘園４丁目７番９号,6650802
4140001082284,株式会社青春園,兵庫県,宝塚市,山本東２丁目１番８号,6650881
4140001082292,株式会社フェブ,兵庫県,宝塚市,宝梅１丁目６番１８号,6650013
4140001082301,旭通信株式会社,兵庫県,宝塚市,高司２丁目１７番３８号,6650051
4140001082318,日本医所株式会社,兵庫県,宝塚市,安倉中４丁目３番９号,6650822
4140001082342,株式会社Ｂｏｕｃｈｅｒｉｅ宝塚,兵庫県,宝塚市,逆瀬川１丁目２番１号,6650035
4140001082359,矢野建設株式会社,兵庫県,宝塚市,長寿ガ丘８番地の１１０,6650001
4140001082391,株式会社喜久屋,兵庫県,宝塚市,平井２丁目１番５号,6650816
4140001082400,株式会社リバー不動産,兵庫県,宝塚市,栄町２丁目１２番２号,6650845
4140001082409,株式会社アクロスブレイン,兵庫県,宝塚市,中山桜台３丁目８番２号,6650877
4140001082417,三企株式会社,兵庫県,宝塚市,中筋２丁目１１番１−１１１号,6650874
4140001082425,株式会社コペル,兵庫県,宝塚市,中山寺１丁目１５番１３号,6650861
4140001082532,株式会社ピィア・２１,兵庫県,宝塚市,旭町３丁目１番８−３０２号,6650835
4140001082549,株式会社サンボックス,兵庫県,宝塚市,安倉中２丁目１３番２号１Ｆ,6650822
4140001082557,株式会社ジョスラン,兵庫県,宝塚市,中山五月台２丁目１４番４号,6650871
4140001082565,ファーム株式会社,兵庫県,宝塚市,伊孑志２丁目９番２号,6650033
4140001082607,都市住建株式会社,兵庫県,宝塚市,川面５丁目１０番４３号,6650842
4140001082615,株式会社ヤノ技研,兵庫県,宝塚市,売布１丁目２５番１３号,6650852
4140001082631,日研システム株式会社,兵庫県,宝塚市,小浜３丁目１４番７号,6650827
4140001082648,株式会社Ｅｓｐｅｒａｎｚａ,兵庫県,宝塚市,小浜２丁目３番３０号,6650827
4140001082664,ジェイテック株式会社,兵庫県,宝塚市,光明町２番２−１０８号,6650045
4140001082672,株式会社ＰＲＩＴＳ,兵庫県,宝塚市,高司２丁目８番２号,6650051
4140001082680,株式会社ゲイン,兵庫県,宝塚市,すみれガ丘３丁目１番１−３１４号,6650847
4140001082689,株式会社藤久,兵庫県,宝塚市,すみれガ丘３丁目２番１−１１２１号,6650847
4140001082697,株式会社今里園芸,兵庫県,宝塚市,中筋４丁目３番４号,6650874
4140001082706,リックシステム株式会社,兵庫県,宝塚市,逆瀬川１丁目２番１−１００２号,6650035
4140001082722,山崎クリーンサービス株式会社,兵庫県,宝塚市,三笠町７番８号,6650863
4140001082747,株式会社システムギアトレーディング,兵庫県,宝塚市,光明町３０番１２号,6650045
4140001082755,株式会社ぽちかんぱにー,兵庫県,宝塚市,南口２丁目１４番３−２２０１号,6650011
4140001082763,高島不動産販売株式会社,兵庫県,宝塚市,伊孑志３丁目１４番２９号,6650033
4140001082796,株式会社アアク設計,兵庫県,宝塚市,野上１丁目２番７号,6650022
4140001082813,Ｍ−ｓｔｙｌｅ株式会社,兵庫県,宝塚市,山本南２丁目９番６号アーデル山本３０２号,6650882
4140001082821,株式会社ＲＹＵＳＥＩ,兵庫県,宝塚市,大原野字下林１４番地,6691211
4140001082854,エヌエムシステム株式会社,兵庫県,宝塚市,売布４丁目１５番１３号,6650852
4140001082862,株式会社Ｒｏｕｇｈ,兵庫県,宝塚市,雲雀丘２丁目３番３４−５０２号,6650805
4140001082879,株式会社杉村石匠,兵庫県,宝塚市,寿町４番３５号,6650865
4140001082887,株式会社アクセシオ,兵庫県,宝塚市,逆瀬川１丁目１番１−１３０３号,6650035
4140001082912,Ｏ−ＲＵＳＨインターナショナル株式会社,兵庫県,宝塚市,安倉中１丁目１４番５号,6650822
4140001082920,株式会社エム・ケイ運輸,兵庫県,宝塚市,高司１丁目１１番１８号,6650051
4140001082937,株式会社ケイ・フォース,兵庫県,宝塚市,光ガ丘１丁目１８番１２号,6650015
4140001082953,フジサン株式会社,兵庫県,宝塚市,米谷１丁目６番５号,6650831
4140001082978,株式会社ウェル,兵庫県,宝塚市,仁川北２丁目９番２号,6650061
4140001082986,すみれの花株式会社,兵庫県,宝塚市,川面５丁目１６番３９号,6650842
4140001082994,株式会社ココロよしざき動物病院,兵庫県,宝塚市,高司１丁目５番３号ドミール小林１Ｆ,6650051
4140001083002,株式会社ＳＥＴＯ,兵庫県,宝塚市,平井３丁目１３番４号,6650816
4140001083010,株式会社ウィルフィナンシャルコミュニケーションズ,兵庫県,宝塚市,逆瀬川１丁目１４番３９号,6650035
4140001083035,太平鉄工株式会社,兵庫県,宝塚市,泉ガ丘９番２号,6650851
4140001083043,日本体験学習研究センター株式会社,兵庫県,宝塚市,宝松苑７番１３号,6650016
4140001083051,株式会社大洋電気,兵庫県,宝塚市,中州２丁目１３番６号,6650021
4140001083076,ランドマーク株式会社,兵庫県,宝塚市,湯本町９番１２−１０１号,6650003
4140001083084,株式会社ＮＤＢ,兵庫県,宝塚市,御殿山４丁目８番７号,6650841
4140001083092,株式会社Ｔ−ＮＥＴ,兵庫県,宝塚市,南口２丁目１１番１６号１０２号,6650011
4140001083159,株式会社ｉｉｓ,兵庫県,宝塚市,青葉台１丁目２１番２３号,6650014
4140001083175,株式会社オフィスＫ−ＺＯＮＥ,兵庫県,宝塚市,山本野里２丁目２番２６号,6650814
4140001083200,株式会社ＴＭＧ１３,兵庫県,宝塚市,長尾台２丁目６番１３号,6650807
4140001083233,逆瀬川はうじんぐ株式会社,兵庫県,宝塚市,中州１丁目１５番３４号,6650021
4140001083357,株式会社ライトボックス０９,兵庫県,宝塚市,逆瀬台１丁目３番Ｂ−５０３号,6650024
4140001083365,株式会社キャン,兵庫県,宝塚市,中山台１丁目５番１５号,6650876
4140001083407,株式会社インプレス,兵庫県,宝塚市,雲雀丘１丁目５番２１−１０４号,6650805
4140001083448,株式会社ヴィーブル,兵庫県,宝塚市,中筋５丁目１３番２３号,6650874
4140001083464,株式会社ケィ・ジー・エス,兵庫県,宝塚市,雲雀丘３丁目１番４５号,6650805
4140001083472,ワールド工業株式会社,兵庫県,宝塚市,末成町３９番９号,6650044
4140001083480,株式会社ウッドベル,兵庫県,宝塚市,伊孑志１丁目５番１０号,6650033
4140001083506,株式会社フクニシ,兵庫県,宝塚市,安倉中４丁目１７番３号,6650822
4140001083522,株式会社ジェイ・フォワード,兵庫県,宝塚市,切畑字長尾山５番地の６２８,6650808
4140001083621,株式会社タックスブレイン,兵庫県,宝塚市,山手台西２丁目２６番１１号,6650886
4140001083679,株式会社ＳＫ,兵庫県,宝塚市,千種１丁目８番２７号,6650072
4140001083687,ＬＩＧＨＴ　ＵＰ　ＰＥＯＰＬＥ株式会社,兵庫県,宝塚市,山本野里２丁目４番９号,6650814
4140001083737,きしもと装飾株式会社,兵庫県,宝塚市,泉ガ丘３番１４号,6650851
4140001083745,株式会社黒田商店,兵庫県,宝塚市,中山台１丁目９番１号,6650876
4140001083761,株式会社ＭＥＧＵコーポレーション,兵庫県,宝塚市,小浜３丁目１番２７号,6650827
4140001083803,株式会社エストリアル,兵庫県,宝塚市,御所の前町１５番２０−２０１号,6650041
4140001083844,株式会社中島らも事務所,兵庫県,宝塚市,南ひばりガ丘１丁目１４番２号,6650811
4140001083860,株式会社高田郁事務所,兵庫県,宝塚市,逆瀬川２丁目９番１３号,6650035
4140001083893,株式会社小菅技術開発研究所,兵庫県,宝塚市,泉ガ丘６番３１号,6650851
4140001083919,株式会社近畿建設,兵庫県,宝塚市,安倉北３丁目５番１５号,6650821
4140001083943,株式会社スパンネット,兵庫県,宝塚市,安倉中５丁目２５番１号Ａ−１０１,6650822
4140001083951,株式会社ヨシトミ,兵庫県,宝塚市,すみれガ丘３丁目５番１−６０５号,6650847
4140001083968,株式会社月山コンストラクション,兵庫県,宝塚市,御所の前町４番１６号,6650041
4140001083976,株式会社ネイチャープランニング,兵庫県,宝塚市,大原野字上ケ峯１３番地,6691211
4140001083984,株式会社ライトハウス,兵庫県,宝塚市,鹿塩１丁目１番１４号,6650054
4140001084000,株式会社ポラリス,兵庫県,宝塚市,旭町３丁目９番１号,6650835
4140001084009,株式会社スター物流,兵庫県,宝塚市,中山五月台３丁目２番７号,6650871
4140001084025,株式会社エムアンドケイ,兵庫県,宝塚市,中州１丁目１３番２７号,6650021
4140001084033,株式会社田村工業,兵庫県,宝塚市,中野町６番６号,6650056
4140001084041,ＣＡＶＯＫ株式会社,兵庫県,宝塚市,すみれガ丘２丁目３−１−１００１,6650847
4140001084082,株式会社あたらし,兵庫県,宝塚市,仁川北２丁目８番４２号,6650061
4140001084165,株式会社野村商会,兵庫県,宝塚市,山本東２丁目６番３７号,6650881
4140001084215,株式会社宝誉金属,兵庫県,宝塚市,安倉西３丁目７番２号,6650825
4140001084231,株式会社フォロー,兵庫県,宝塚市,逆瀬川１丁目１１番１号アピア２−１Ｆ,6650035
4140001084280,株式会社イノベーションコンサルティング,兵庫県,宝塚市,中筋山手４丁目１番１３号,6650875
4140001084289,株式会社ヒロテック,兵庫県,宝塚市,逆瀬台５丁目１２番１０号,6650024
4140001084355,株式会社モス・ピンク,兵庫県,宝塚市,月見山１丁目１２番２２号,6650002
4140001084388,デジパット株式会社,兵庫県,宝塚市,安倉中１丁目７番２１号Ａ−１０１,6650822
4140001084396,株式会社縁八,兵庫県,宝塚市,高司５丁目４番３７号,6650051
4140001084421,株式会社ベンチャー,兵庫県,宝塚市,中山五月台１丁目１６番１０号,6650871
4140001084438,株式会社Ｒａｓｙ,兵庫県,宝塚市,山手台東１丁目６番５号,6650887
4140001084454,株式会社マキシム,兵庫県,宝塚市,中山台１丁目１９番５号,6650876
4140001084470,株式会社コインガーデン,兵庫県,宝塚市,中筋７丁目５番１２号,6650874
4140001084487,ａｓｔｏｎ株式会社,兵庫県,宝塚市,ふじガ丘８番１３号,6650806
4140001084495,出雲サービス株式会社,兵庫県,宝塚市,光ガ丘１丁目２番１６号,6650015
4140001084504,ＳＫ株式会社,兵庫県,宝塚市,千種１丁目８番２７号,6650072
4140001086649,株式会社リョーガ,兵庫県,宝塚市,中山台１丁目２２番１８号,6650876
4140001086673,株式会社サンエステート,兵庫県,宝塚市,鹿塩２丁目１１番３４号,6650054
4140001087011,株式会社インシュアランス・サポート,兵庫県,宝塚市,山手台東３丁目７番２号,6650887
4140001087151,株式会社ｔｅａｂａｎｏ,兵庫県,宝塚市,山手台東３丁目５番１号,6650887
4140001087507,Ｓ＆Ｈ株式会社,兵庫県,宝塚市,梅野町２番３７−６０２号,6650004
4140001088414,株式会社ＡＶＡＩＬ,兵庫県,宝塚市,口谷西３丁目６４番３号,6650813
4140001088439,株式会社セイシン建設,兵庫県,宝塚市,桜ガ丘１５番２２号,6650846
4140001088554,株式会社タツミテック自動車技術研究所,兵庫県,宝塚市,大原野字波坂１番地の６８,6691211
4140001089387,株式会社ＫＧＴ,兵庫県,宝塚市,高司２丁目１１番１２号,6650051
4140001090519,Ｕｃｈｉｄａ　Ａｇｅｎｃｙ株式会社,兵庫県,宝塚市,清荒神２丁目１９番２１号,6650836
4140001090956,株式会社宝塚建材,兵庫県,宝塚市,高司５丁目４番４３号,6650051
4140001091194,ＡＢＣステンレス株式会社,兵庫県,宝塚市,安倉南２丁目１４番３１号,6650823
4140001091351,ＣＵＴＥラボ株式会社,兵庫県,宝塚市,梅野町２番３９号,6650004
4140001092028,株式会社エンマプロジェクト,兵庫県,宝塚市,小浜５丁目１７番１０号,6650827
4140001092242,株式会社ＡＲＲＩＢＡ,兵庫県,宝塚市,御所の前町２番５号,6650041
4140001092993,株式会社フレンズ１４,兵庫県,宝塚市,すみれガ丘３丁目５番１−６０４号,6650847
4140001094552,岸田興産株式会社,兵庫県,宝塚市,仁川北２丁目６番１０号,6650061
4140001094767,ＥＭＪ株式会社,兵庫県,宝塚市,仁川旭ガ丘９番９号,6650065
4140001096103,株式会社リンクデザイン,兵庫県,宝塚市,高司５丁目１番４４号,6650051
4140001096607,株式会社日坂工務店,兵庫県,宝塚市,中山五月台３丁目２１番１７号,6650871
4140001097497,株式会社Ｓ．Ｍ．Ｋ企画,兵庫県,宝塚市,中野町１４番５号,6650056
4140001098537,株式会社雲雀,兵庫県,宝塚市,平井４丁目１９番１９号,6650816
4140001099287,株式会社ＮＳビジネスサポート,兵庫県,宝塚市,仁川北２丁目３番１１号,6650061
4140001099948,株式会社ＹＫホールディングス,兵庫県,宝塚市,長寿ガ丘１８番１３号,6650001
4140001100070,華陽テック株式会社,兵庫県,宝塚市,星の荘２７番１９号,6650866
4140001100095,株式会社ＴＫサービス,兵庫県,宝塚市,安倉中５丁目２３番７−１０２号,6650822
4140001100327,株式会社エイシアリンク,兵庫県,宝塚市,逆瀬台４丁目１０番１０号,6650024
4140001100392,株式会社Ｉ−ｈｅａｌｔｈ　ｃａｒｅ,兵庫県,宝塚市,千種３丁目２１番６号,6650072
4140001100483,加納建物管理株式会社,兵庫県,宝塚市,雲雀丘１丁目８番３３号,6650805
4140001101473,無塩ドットコム株式会社,兵庫県,宝塚市,栄町３丁目３−３８宝塚ビル５０１号,6650845
4140001101498,蛭川株式会社,兵庫県,宝塚市,山本野里１丁目１番５１号,6650814
4140001101597,株式会社阪神エース不動産,兵庫県,宝塚市,すみれガ丘１丁目７番１−１１０９号,6650847
4140001102884,株式会社エリアホームズ,兵庫県,宝塚市,伊孑志４丁目２番６８−１０３号,6650033
4140001102983,株式会社Ｆｌｏｗｅｒ,兵庫県,宝塚市,雲雀丘１丁目７番５２号,6650805
4140001103024,株式会社リバー建設,兵庫県,宝塚市,中州１丁目５番１−２０４号,6650021
4140001103271,株式会社イレブン,兵庫県,宝塚市,安倉中４丁目１９番１０号,6650822
4140001103676,松意景画株式会社,兵庫県,宝塚市,中筋６丁目１５番１８号,6650874
4140001103800,阪上マネジメント株式会社,兵庫県,宝塚市,口谷西３丁目６番１号,6650813
4140001103841,株式会社ワールドクラス,兵庫県,宝塚市,星の荘２７番１７号,6650866
4140001104030,イアフレド株式会社,兵庫県,宝塚市,すみれガ丘２丁目３番１−５０３号,6650847
4140001104550,株式会社ＧＩａｒＤＩＮＯ,兵庫県,宝塚市,仁川月見ガ丘５番２５号,6650067
4140001104600,株式会社イリス,兵庫県,宝塚市,すみれガ丘３丁目２番１号,6650847
4140001104617,さくら株式会社,兵庫県,宝塚市,栄町１丁目６番２号花のみちセルカ２番館３階,6650845
4140001105012,株式会社橋本工務店,兵庫県,宝塚市,向月町８番１０号,6650832
4140001105177,株式会社阪上,兵庫県,宝塚市,中筋６丁目５１番地,6650874
4140001105359,株式会社ライフサポート,兵庫県,宝塚市,安倉中３丁目１１番１２号,6650822
4140001105697,中川住設株式会社,兵庫県,宝塚市,旭町２丁目３番２３−５０３号,6650835
4140001106464,株式会社輝電工,兵庫県,宝塚市,逆瀬台１丁目１１番１−４０４号,6650024
4140001107116,株式会社六車造園土木,兵庫県,宝塚市,高松町６番１０号,6650043
4140001107462,株式会社エン・インターナショナル,兵庫県,宝塚市,御殿山３丁目１８番３５号,6650841
4140001107933,株式会社ブルーム,兵庫県,宝塚市,鹿塩２丁目１１番３４号,6650054
4140001110094,株式会社光,兵庫県,宝塚市,南ひばりガ丘３丁目１７番２２号,6650811
4140001110193,株式会社萌芽,兵庫県,宝塚市,小林４丁目６番１４号,6650034
4140001110417,株式会社ガースミュージック,兵庫県,宝塚市,逆瀬台３丁目２番１２号,6650024
4140001110508,株式会社ＤＹＭ,兵庫県,宝塚市,すみれガ丘２丁目２番１号,6650847
4140001110656,株式会社レクト,兵庫県,宝塚市,星の荘１番１６号,6650866
4140001110771,株式会社サンエスリフォーム,兵庫県,宝塚市,小林４丁目７−５８ホームクリエイトビルＩ、２０１号室,6650034
4140001110961,株式会社リクシー,兵庫県,宝塚市,高司１丁目１番１３号２Ｆ,6650051
4140001112116,ＧＥＮＥＲＡＬ　ＭＡＲＴ　ＪＡＰＡＮ株式会社,兵庫県,宝塚市,武庫川町６番２５−２４０６号,6650844
4140001112256,株式会社富士,兵庫県,宝塚市,南口２丁目１１番９号,6650011
4140001112388,株式会社Ｌｉｇｈｔ　Ｈｏｕｓｅ,兵庫県,宝塚市,雲雀丘３丁目１番１６号,6650805
4140001113114,株式会社ＥＸＰＬＯＲＤＯＭ,兵庫県,宝塚市,南口２丁目１１番８号１０１号室,6650011
4140001113205,ＭＴ．ＯＭＭＡＮＥＹ株式会社,兵庫県,宝塚市,逆瀬台５丁目２３番１２号,6650024
4140001113213,ＳＨＯＷＹＡ株式会社,兵庫県,宝塚市,大原野字北穴虫３番地の１２,6691211
4140001113551,株式会社西村電機,兵庫県,宝塚市,中山五月台６丁目１番２４−５０４号,6650871
4140001114104,株式会社ワールドバディーズ,兵庫県,宝塚市,南口２丁目１１番８号２０２号,6650011
4140001114145,株式会社ｃａｍｐ,兵庫県,宝塚市,売布きよしガ丘２０番１７号,6650855
4140001114203,ＹＧ設備工業株式会社,兵庫県,宝塚市,安倉南１丁目２２番１１号,6650823
4140001114260,株式会社吉川組,兵庫県,宝塚市,泉町１番２３号,6650864
4140001115639,株式会社Ｋ．Ｊ　Ｇｒｏｕｐ,兵庫県,宝塚市,小浜２丁目５番１９号西村ビル１Ｆ,6650827
4140001115861,株式会社ＫＩＴＴＡＮ,兵庫県,宝塚市,安倉南２丁目９番１号,6650823
4140001116018,株式会社Ｒｅｄ．ｃｎｐ,兵庫県,宝塚市,売布２丁目１２番２８号,6650852
4140001116315,ＳＴＥＬＬＡＲ＆Ｄ株式会社,兵庫県,宝塚市,仁川北２丁目７番１,6650061
4140001116926,株式会社ＫＳＫＳ,兵庫県,宝塚市,中山桜台２丁目２−１,6650877
4140001116983,株式会社縁宝,兵庫県,宝塚市,大原野字坂山２番地の３,6691211
4140001117172,高津建材株式会社,兵庫県,宝塚市,口谷西３丁目８４番地１０,6650813
4140001117767,株式会社ＰＡＣＥ工業,兵庫県,宝塚市,安倉南２丁目８番１２号,6650823
4140001117882,株式会社ディアコート不動産管理,兵庫県,宝塚市,小林４丁目２番２４号,6650034
4140001118682,ＥＭＵＣＲＥ株式会社,兵庫県,宝塚市,栄町１丁目６−２花のみち２番館１０２,6650845
4140001118732,株式会社ハッピーエクスプレス,兵庫県,宝塚市,平井山荘１１−１８−３０１,6650817
4140001118996,株式会社ｕｌｕ,兵庫県,宝塚市,小林５丁目４番３１−６０４号,6650034
4140001119292,株式会社岩本工務店,兵庫県,宝塚市,福井町２６番１７号,6650046
4140001119557,株式会社カズ,兵庫県,宝塚市,安倉西２丁目３番２８号,6650825
4140001120309,美ＢＯＲＮ株式会社,兵庫県,宝塚市,平井山荘３番３３号,6650817
4140001120639,株式会社タックスサポート,兵庫県,宝塚市,仁川月見ガ丘４番１８号,6650067
4140001120837,株式会社ＮＲＳ,兵庫県,宝塚市,山本台３丁目１６番１−１０１４号,6650885
4140001121694,株式会社ポテトスタイル,兵庫県,宝塚市,栄町３丁目１０番１２−１１１４号,6650845
4140001121744,株式会社川本建設,兵庫県,宝塚市,安倉西４丁目２７番６号,6650825
4140001122008,株式会社ヴェール,兵庫県,宝塚市,雲雀丘３丁目３番１３号,6650805
4140001122313,日緬総合サービス株式会社,兵庫県,宝塚市,花屋敷荘園３丁目４番１１号,6650802
4140001122874,株式会社木内グリーンエステート,兵庫県,宝塚市,山手台東３丁目１９番２号,6650887
4140001124029,株式会社政,兵庫県,宝塚市,中筋１丁目５番１５−２号,6650874
4140001124078,株式会社地方創生機構ウェストバリー,兵庫県,宝塚市,境野字横道山１−５,6691222
4140001124193,株式会社ＯＳＤ,兵庫県,宝塚市,大成町１０番３０号,6650055
4140001125349,株式会社将陽テック,兵庫県,宝塚市,逆瀬川１丁目６番１４号,6650035
4140001125357,株式会社ひだまり工務店,兵庫県,宝塚市,小浜５丁目９番１５号,6650827
4140001125968,株式会社プロスワン,兵庫県,宝塚市,中山桜台６丁目１５番１−１０３号,6650877
4140001126248,タニテック株式会社,兵庫県,宝塚市,紅葉ガ丘５番１３号,6650006
4140001126834,株式会社誠心,兵庫県,宝塚市,平井１丁目３０−１０,6650816
4140001126883,株式会社ＣＡＳＡ,兵庫県,宝塚市,中山桜台５丁目１番１号,6650877
4140001127064,株式会社ダイコーワークス,兵庫県,宝塚市,弥生町５番１‐１３２１号,6650826
4140001127353,株式会社ｉｎｔｕｉｔｉｏｎ,兵庫県,宝塚市,中筋８丁目６番１２−２０８号,6650874
4140001127865,株式会社誠心,兵庫県,宝塚市,南口２丁目１番３７−１０６号,6650011
4140001127972,株式会社Ｍｉｎｅ９,兵庫県,宝塚市,売布ガ丘４番６号,6650853
4140001128137,株式会社ナガイカンパニー,兵庫県,宝塚市,川面２丁目４番１０４号,6650842
4140001128558,株式会社翔龍建設,兵庫県,宝塚市,高司１丁目４番１３号,6650051
4140001128582,宝塚霊園グループ株式会社,兵庫県,宝塚市,御殿山４丁目２０番４３号,6650841
4140001129309,スカイビーズ株式会社,兵庫県,宝塚市,武庫川町６番２６−２００１号,6650844
4140001129556,株式会社スパイスカンパニー,兵庫県,宝塚市,中山桜台７丁目５番１１号,6650877
4140001130142,株式会社リーブル商会,兵庫県,宝塚市,宝松苑１２番２７号,6650016
4140001131181,株式会社ＦｉｖｅＯｎｅ,兵庫県,宝塚市,中山寺３丁目１０番１７号,6650861
4140001132262,株式会社ＡＢＣ,兵庫県,宝塚市,花屋敷荘園３丁目１２−１１,6650802
4140001132287,株式会社たむら不動産,兵庫県,宝塚市,今里町２４番２９号,6650862
4140001132312,株式会社ＯＫＢ,兵庫県,宝塚市,山本中３丁目１２番１号,6650883
4140001132618,株式会社そらしま,兵庫県,宝塚市,ふじガ丘２２番１２号,6650806
4140001132881,株式会社ＮＯＴ,兵庫県,宝塚市,高司３丁目１番２８号,6650051
4140001132907,株式会社Ｙ’ｚ,兵庫県,宝塚市,今里町１８番１８号,6650862
4140001133021,株式会社カラカラベース,兵庫県,宝塚市,山手台西４丁目２３番１１号,6650886
4140001133145,株式会社ＹＤカンパニー,兵庫県,宝塚市,中筋９丁目３９−２壱番館２Ｆ,6650874
4140001133186,株式会社コスミック,兵庫県,宝塚市,寿楽荘１７番１５号,6650012
4140001133896,株式会社ＭＩＲＡＩホールディングス,兵庫県,宝塚市,売布２丁目３番１６号,6650852
4140001134911,尚弘株式会社,兵庫県,宝塚市,湯本町９番５−１３０３号,6650003
4140001134952,株式会社ＳＯＵＥＩ,兵庫県,宝塚市,平井３丁目１８番３３号,6650816
4140001135174,株式会社レミシル,兵庫県,宝塚市,平井５丁目６番７号,6650816
4140001135281,株式会社ｃｌｉｍｂ,兵庫県,宝塚市,宝梅１丁目１０番１８号,6650013
4140001135562,株式会社ＡＲＡＴＡ,兵庫県,宝塚市,御殿山３丁目１２番２０号,6650841
4140001135661,株式会社颯建,兵庫県,宝塚市,花屋敷荘園３丁目８番５号,6650802
4140001135892,株式会社ＡＧＲＥＥ,兵庫県,宝塚市,武庫山１丁目１１番２１号,6650005
4140001136288,株式会社ＰＬＡＩＳＩＲ,兵庫県,宝塚市,山本東３丁目１０番１７号,6650881
4140001136783,Ｆ．ＳＫＹコーポレーション株式会社,兵庫県,宝塚市,売布自由ガ丘１番１２号,6650856
4140001137906,株式会社ＦＡＳＴ,兵庫県,宝塚市,逆瀬川１丁目６番１４号,6650035
4140001137996,株式会社ベルデ,兵庫県,宝塚市,小浜３丁目３番４号,6650827
4140001138045,ガスシステムデザイン株式会社,兵庫県,宝塚市,平井山荘２０番１９号,6650817
4140001138441,株式会社ＭＳＧ,兵庫県,宝塚市,安倉北２丁目１１番５号,6650821
4140001138813,ＡＣプランニング株式会社,兵庫県,宝塚市,中山桜台６丁目８番１３号,6650877
4140001138986,株式会社Ｓｗａｇ,兵庫県,宝塚市,山手台東５丁目９番４号,6650887
4140001139191,株式会社エイジア,兵庫県,宝塚市,逆瀬川１丁目１１番２８−６０１号,6650035
4140001139282,株式会社ＹＡＬＵＣＡ,兵庫県,宝塚市,清荒神５丁目１３番１１号,6650836
4140001139902,株式会社山崎造園,兵庫県,宝塚市,大吹町１１番１０号,6650057
4140001139943,マサミツメディカル株式会社,兵庫県,宝塚市,野上３丁目５番４１号,6650022
4140001140348,株式会社宝塚設備,兵庫県,宝塚市,武庫川町１番５号,6650844
4140001140372,株式会社２ｗｏｒｋｓ,兵庫県,宝塚市,逆瀬台１丁目７−１阪急逆瀬台マンション１０１,6650024
4140001141214,株式会社ＵＫ　Ｈｏｌｄｉｎｇｓ,兵庫県,宝塚市,逆瀬川２丁目７番１７−１号,6650035
4140001141478,株式会社ＪＳ,兵庫県,宝塚市,山本南３丁目９番１１号,6650882
4140001141965,株式会社はなまる,兵庫県,宝塚市,中山桜台７丁目５番５号,6650877
4140001142204,株式会社ＬＤＣ　Ｌａｂ,兵庫県,宝塚市,栄町１丁目１１番１−２０１号,6650845
4140002067846,株式会社ゲンテック,兵庫県,宝塚市,中筋２丁目１番２１号,6650874
4140002068183,株式会社ＩＬ　ＭＡＲＥ,兵庫県,宝塚市,末成町１９番４４号,6650044
4140003008601,株式会社ＮＡＧＯＭＩ,兵庫県,宝塚市,南ひばりガ丘３丁目３番１６号,6650811
4150001002530,株式会社矢満登,兵庫県,宝塚市,雲雀丘山手２丁目１６番１４号,6650804
4150001002919,株式会社グランド,兵庫県,宝塚市,湯本町１番４６号宝南ショップス北館２階,6650003
4280001004076,株式会社Ａ．Ｃ．Ｉ．,兵庫県,宝塚市,中山桜台７丁目２番２号,6650877
5010001092279,株式会社プロフィットリンク,兵庫県,宝塚市,清荒神１丁目１７番１６号,6650836
5010401159347,株式会社ＭＩＳＡ　ＤＥＳＩＧＮＳ,兵庫県,宝塚市,山手台東４丁目１７番１６号,6650887
5011401016835,株式会社ラフト,兵庫県,宝塚市,武庫山１丁目１４−３,6650005
5020001002716,株式会社ＣＭＨ,兵庫県,宝塚市,すみれガ丘２丁目３番１−１１０１号,6650847
5021001051356,株式会社ＯＮＥ４ＷＡＶＥ,兵庫県,宝塚市,東洋町１０番２号,6650032
5120001030269,株式会社石嶺建設,兵庫県,宝塚市,長尾台１丁目８番９号,6650807
5120001031705,株式会社マルハチ,兵庫県,宝塚市,宝梅２丁目６番２６−１４１６号,6650013
5120001031795,株式会社モリオート商会,兵庫県,宝塚市,中山桜台５丁目２番７号,6650877
5120001056875,中央ビルサービス株式会社,兵庫県,宝塚市,中山桜台３丁目７番１０号,6650877
5120001057510,株式会社日建開発システム,兵庫県,宝塚市,中山桜台３丁目７番１０号,6650877
5120001067294,株式会社ティーエッチピー,兵庫県,宝塚市,平井山荘７番１９号,6650817
5120001070240,邦英株式会社,兵庫県,宝塚市,仁川高丸１丁目１５−１０,6650063
5120001070348,株式会社ボックス,兵庫県,宝塚市,小林５丁目４−７−８０１,6650034
5120001081733,株式会社ジローフーヅ,兵庫県,宝塚市,すみれガ丘２丁目１番１−７０５号,6650847
5120001085552,常磐香料株式会社,兵庫県,宝塚市,武庫川町５番１５−１００６号,6650844
5120001094529,チフネ株式会社,兵庫県,宝塚市,山本南１丁目３番１８号,6650882
5120001117033,株式会社ＷＯＲＬＤ　ＬＯＵＮＧＥ,兵庫県,宝塚市,栄町２丁目３番１号,6650845
5120001118980,株式会社ディー・ブリッジ,兵庫県,宝塚市,逆瀬川１丁目１１番１号アピア２−３１４号,6650035
5120001119459,マック株式会社,兵庫県,宝塚市,雲雀丘１丁目９番２９号,6650805
5120001139580,株式会社ダイワ・トレーディング,兵庫県,宝塚市,雲雀丘１丁目３番５５,6650805
5120001140019,株式会社ＧＷトレーディング,兵庫県,宝塚市,寿楽荘１１番２２号,6650012
5120001147716,株式会社近畿ニット,兵庫県,宝塚市,武庫川町６番２６−２９０８号,6650844
5120001176351,株式会社ベストライフ,兵庫県,宝塚市,泉ガ丘５番２２号,6650851
5120001181178,株式会社ファイブナイン,兵庫県,宝塚市,小林５丁目４番３３−１０３号,6650034
5120001197298,株式会社ネクスト,兵庫県,宝塚市,大成町１０番５１号２階,6650055
5120001203304,株式会社ニューアスペクト,兵庫県,宝塚市,伊孑志３丁目８番２０号,6650033
5120001209020,株式会社デザインラボメルツ,兵庫県,宝塚市,中州１丁目３番２−４０３号,6650021
5120001215605,株式会社リブラ・カンパニー,兵庫県,宝塚市,平井６丁目１番４号,6650816
5120001231528,株式会社Ｔｈｅ　Ｆｉｒｍ,兵庫県,宝塚市,桜ガ丘２３番２１号,6650846
5120001260510,穿越株式会社,兵庫県,宝塚市,宝梅２丁目５番４号,6650013
5120001281515,株式会社ＳＫパートナー,兵庫県,宝塚市,中山五月台１丁目１７番中山五月台住宅１７号棟４０２号室,6650871
5120901017935,株式会社ツカサシステック,兵庫県,宝塚市,平井４丁目１８番６号,6650816
5120901019650,株式会社ジョイン・ビー,兵庫県,宝塚市,武庫川町５番２７−５０３号,6650844
5120901022596,株式会社アールピー,兵庫県,宝塚市,中筋８丁目２１番３８号,6650874
5120901028775,株式会社リンクス,兵庫県,宝塚市,高司５丁目２番２０号,6650051
5120901032439,株式会社ＧＴＥＣ,兵庫県,宝塚市,花屋敷松ガ丘２４番１８号,6650801
5120901035904,株式会社リンクステクノロジー,兵庫県,宝塚市,売布４丁目１−１２,6650852
5120901039558,美幸アセットマネジメント株式会社,兵庫県,宝塚市,平井山荘２０番３号,6650817
5120901047453,株式会社知伝徒,兵庫県,宝塚市,千種３丁目２２番１１号,6650072
5120901048674,株式会社Ａｓｕｋａ,兵庫県,宝塚市,平井２丁目１２番３０号,6650816
5122001027492,株式会社ＧＥＬ　ＣＯＭＰＡＮＹ,兵庫県,宝塚市,逆瀬台４丁目２番１１号,6650024
5140001022652,株式会社Ｍａｉｎｉｃｈｉ　ＭＪ　ｃｏｍ,兵庫県,宝塚市,紅葉ガ丘４番２８号,6650006
5140001033600,株式会社アスティ,兵庫県,宝塚市,宝梅３丁目３番３０号,6650013
5140001049002,株式会社サンペール,兵庫県,宝塚市,南口２丁目１４番３−１０８号,6650011
5140001049935,株式会社ドリーム不動産,兵庫県,宝塚市,月見山２丁目４番１６号,6650002
5140001051123,プロト・ジャックス株式会社,兵庫県,宝塚市,仁川台２３１番,6650074
5140001051973,リビィングスター株式会社,兵庫県,宝塚市,安倉北３丁目５番３０−２１６号,6650821
5140001053598,前田産業株式会社,兵庫県,宝塚市,花屋敷つつじガ丘６番２８−２０５号,6650803
5140001068679,株式会社ＴＲＭ,兵庫県,宝塚市,仁川高丸１丁目７番２１号,6650063
5140001072813,株式会社一学舎,兵庫県,宝塚市,安倉中３丁目６番１８号,6650822
5140001079065,株式会社友愛社,兵庫県,宝塚市,山手台東１丁目１８番１号,6650887
5140001079577,ハクエイ建設工業株式会社,兵庫県,宝塚市,花屋敷荘園２丁目５番７号,6650802
5140001079610,株式会社福畑商店,兵庫県,宝塚市,南ひばりガ丘２丁目１１番１５−３１７号,6650811
5140001079924,株式会社テクトリア,兵庫県,宝塚市,三笠町６番６号,6650863
5140001080353,株式会社ビッグ・ウェーブ,兵庫県,宝塚市,鹿塩２丁目６番１９号,6650054
5140001081070,株式会社オーツー,兵庫県,宝塚市,野上６丁目１０番５号,6650022
5140001081145,アイワ興産株式会社,兵庫県,宝塚市,福井町２７番９号,6650046
5140001081161,株式会社旭電工,兵庫県,宝塚市,小林４丁目７番６９号,6650034
5140001081178,株式会社新本組,兵庫県,宝塚市,亀井町１２番５６号,6650047
5140001081186,株式会社井熊,兵庫県,宝塚市,清荒神１丁目１２番２３号,6650836
5140001081211,乾総合開発株式会社,兵庫県,宝塚市,売布１丁目１５番２３号,6650852
5140001081228,株式会社ウエハラ,兵庫県,宝塚市,御所の前町５番１９号,6650041
5140001081236,株式会社内橋構造計画研究所,兵庫県,宝塚市,安倉中４丁目３番５号,6650822
5140001081244,榮晃産業株式会社,兵庫県,宝塚市,山本台１丁目１１番１８号,6650885
5140001081252,株式会社エアフォルク,兵庫県,宝塚市,川面５丁目１１番１８号,6650842
5140001081260,エム・エムコーポレーション株式会社,兵庫県,宝塚市,光ガ丘１丁目８番４１号,6650015
5140001081269,株式会社エビスシマダ,兵庫県,宝塚市,大原野字北宮本１１番地,6691211
5140001081285,株式会社大関寿し,兵庫県,宝塚市,光ガ丘１丁目１９番９号,6650015
5140001081293,株式会社王珠,兵庫県,宝塚市,大原野字塩ケ平８番地１,6691211
5140001081302,株式会社ＳＵＧＡ,兵庫県,宝塚市,売布１丁目４番１４号,6650852
5140001081319,株式会社オリエンタルファーマシィ,兵庫県,宝塚市,米谷２丁目２番３５号,6650831
5140001081327,関西興産株式会社,兵庫県,宝塚市,中野町６番６号,6650056
5140001081351,カツマタ産業株式会社,兵庫県,宝塚市,中山桜台３丁目１５番１２号,6650877
5140001081368,株式会社カミヤ,兵庫県,宝塚市,逆瀬川１丁目１３番１号,6650035
5140001081376,近畿技研株式会社,兵庫県,宝塚市,山本中３丁目６番３９号,6650883
5140001081418,株式会社キヨウシン,兵庫県,宝塚市,末成町３９番２２号,6650044
5140001081442,株式会社グリーンケミカル,兵庫県,宝塚市,寿楽荘１６番３１号,6650012
5140001081450,株式会社黒田製作所,兵庫県,宝塚市,福井町２３番７号,6650046
5140001081459,株式会社ケンコ,兵庫県,宝塚市,向月町１４番１３号,6650832
5140001081467,晃新株式会社,兵庫県,宝塚市,安倉北２丁目８番２７号,6650821
5140001081475,交洋住建株式会社,兵庫県,宝塚市,中筋９丁目３９番２号,6650874
5140001081491,株式会社コスモライフ,兵庫県,宝塚市,山本丸橋２丁目１５番３号２０２,6650815
5140001081500,五洋興産株式会社,兵庫県,宝塚市,安倉中５丁目２６番１３号,6650822
5140001081509,サードライフシステム株式会社,兵庫県,宝塚市,伊孑志１丁目７番１５号,6650033
5140001081517,株式会社酒井商店,兵庫県,宝塚市,野上１丁目２番１号,6650022
5140001081525,逆瀬川都市開発株式会社,兵庫県,宝塚市,逆瀬川１丁目１１番１アピア２,6650035
5140001081533,株式会社サンキュー・トーワ・デス,兵庫県,宝塚市,鹿塩１丁目１番２号,6650054
5140001081541,株式会社三宝,兵庫県,宝塚市,中筋山手１丁目１２番１３号,6650875
5140001081558,株式会社シンアイ,兵庫県,宝塚市,山本西２丁目２番２−３０１号,6650884
5140001081566,株式会社シーズ,兵庫県,宝塚市,伊孑志４丁目２番６０−２２６号,6650033
5140001081599,株式会社ジャイロ,兵庫県,宝塚市,逆瀬台１丁目１１番４号,6650024
5140001081616,株式会社ズイケイ,兵庫県,宝塚市,逆瀬川２丁目９番２１号,6650035
5140001081624,株式会社すや事務所,兵庫県,宝塚市,南ひばりガ丘１丁目５番１号,6650811
5140001081640,株式会社撰樹園,兵庫県,宝塚市,山本中２丁目１２番３号,6650883
5140001081649,株式会社創工,兵庫県,宝塚市,山手台西２丁目２６番地の８,6650886
5140001081673,株式会社宝塚造園,兵庫県,宝塚市,宮の町４番２３号,6650843
5140001081681,宝塚植林開発株式会社,兵庫県,宝塚市,中筋山手１丁目８番５号,6650875
5140001081707,株式会社大紀ハウス,兵庫県,宝塚市,中州１丁目１１番３号,6650021
5140001081715,タイトボール株式会社,兵庫県,宝塚市,川面２丁目２番３２号,6650842
5140001081723,株式会社大宝組,兵庫県,宝塚市,伊孑志４丁目４番１３号,6650033
5140001081731,大和金属工業株式会社,兵庫県,宝塚市,高松町１番８５号,6650043
5140001081748,株式会社タカラグリーン,兵庫県,宝塚市,塔の町３番１３４号,6650073
5140001081764,株式会社玉瀬建設,兵庫県,宝塚市,玉瀬字甚太夫垣内１４番地,6691231
5140001081772,株式会社中央水道,兵庫県,宝塚市,亀井町１１番３０号,6650047
5140001081806,株式会社道上ハウジング,兵庫県,宝塚市,中州１丁目２番１０号,6650021
5140001081814,トキワ自動車株式会社,兵庫県,宝塚市,中山台１丁目２２番３７号,6650876
5140001081822,株式会社鳥居,兵庫県,宝塚市,亀井町９番６１号,6650047
5140001081830,株式会社中武建設工業,兵庫県,宝塚市,大原野字下岡２１番地の１,6691211
5140001081847,株式会社仁川薬局,兵庫県,宝塚市,仁川北３丁目１０番３４号,6650061
5140001081855,西本造園創建株式会社,兵庫県,宝塚市,三笠町１番１１号,6650863
5140001081863,株式会社ニチゼン,兵庫県,宝塚市,平井２丁目１番１０号,6650816
5140001081888,株式会社ネバーランド,兵庫県,宝塚市,逆瀬川１丁目１番４６,6650035
5140001081921,株式会社びいどろ,兵庫県,宝塚市,清荒神３丁目１３番９号,6650836
5140001081938,平井不動産株式会社,兵庫県,宝塚市,平井５丁目８番１号,6650816
5140001081946,株式会社平野住建,兵庫県,宝塚市,雲雀丘１丁目２番１０号,6650805
5140001081954,株式会社フェスコン,兵庫県,宝塚市,中野町１４番１３号,6650056
5140001081979,株式会社富龍園,兵庫県,宝塚市,口谷東２丁目１０番６号,6650812
5140001081987,宝栄商事株式会社,兵庫県,宝塚市,栄町２丁目１番１−Ｗ−６０３号,6650845
5140001082011,マスダ商事株式会社,兵庫県,宝塚市,仁川北３丁目７番１２号,6650061
5140001082028,丸建材工業株式会社,兵庫県,宝塚市,伊孑志２丁目２番１７号,6650033
5140001082036,株式会社丸谷商会,兵庫県,宝塚市,高司５丁目２番１５号,6650051
5140001082060,美幸産業株式会社,兵庫県,宝塚市,美幸町１番３２号,6650042
5140001082069,武庫川興業株式会社,兵庫県,宝塚市,南口１丁目１０番４０号,6650011
5140001082077,株式会社明誠,兵庫県,宝塚市,御殿山２丁目３２番２号,6650841
5140001082093,株式会社ヤン,兵庫県,宝塚市,野上４丁目１２番１８号,6650022
5140001082102,山一ハウジング株式会社,兵庫県,宝塚市,すみれガ丘２丁目５番１−１号,6650847
5140001082127,株式会社心彩,兵庫県,宝塚市,平井１丁目２０番１号,6650816
5140001082135,弥生設備工業株式会社,兵庫県,宝塚市,鶴の荘２１番１２号,6650833
5140001082143,株式会社ユニレスト,兵庫県,宝塚市,雲雀丘山手２丁目１２番４３号,6650804
5140001082168,株式会社リーフ,兵庫県,宝塚市,伊孑志１丁目７−１５伊都ビル３０１,6650033
5140001082176,株式会社レイテックス,兵庫県,宝塚市,安倉西４丁目１５番１２号,6650825
5140001082184,株式会社六翔,兵庫県,宝塚市,中山五月台４丁目１２番１号,6650871
5140001082192,株式会社オクト,兵庫県,宝塚市,小林３丁目５番２５号,6650034
5140001082201,北大阪エステート株式会社,兵庫県,宝塚市,売布４丁目１番１２号,6650852
5140001082218,エーエスケー株式会社,兵庫県,宝塚市,売布きよしガ丘７番８号,6650855
5140001082226,株式会社食プラネット,兵庫県,宝塚市,中山寺１丁目１６番２１号,6650861
5140001082234,株式会社シー・シー・エス,兵庫県,宝塚市,中筋山手３丁目４番１６号,6650875
5140001082242,株式会社ケーシー・コルトン,兵庫県,宝塚市,高司１丁目７番８号,6650051
5140001082259,株式会社ライフアメニティープランニング,兵庫県,宝塚市,美幸町８番３号,6650042
5140001082267,株式会社宝屋,兵庫県,宝塚市,高司４丁目３番１０号,6650051
5140001082275,タイセイパルホーム株式会社,兵庫県,宝塚市,南口１丁目１番２号,6650011
5140001082291,株式会社ピーケーアイコンサルティング,兵庫県,宝塚市,安倉北３丁目５番１８号,6650821
5140001082309,株式会社日本エステック,兵庫県,宝塚市,平井山荘１３番２６号,6650817
5140001082333,株式会社宝塚動物霊園,兵庫県,宝塚市,御殿山４丁目２０番４３号,6650841
5140001082374,株式会社ウィル,兵庫県,宝塚市,栄町３丁目９番１７−４０４号,6650845
5140001082390,ＰＢＬ株式会社,兵庫県,宝塚市,中筋山手１丁目４番１０号,6650875
5140001082399,株式会社名湯舎,兵庫県,宝塚市,中筋３丁目３番１号,6650874
5140001082515,株式会社ホームマグ,兵庫県,宝塚市,売布東の町１５番４号,6650867
5140001082523,株式会社やまと環境研究所,兵庫県,宝塚市,逆瀬台１丁目５番１−５０８号,6650024
5140001082531,ロンジャパン株式会社,兵庫県,宝塚市,仁川北３丁目１３番２号,6650061
5140001082548,株式会社ＴＲ・ＣＯＭ,兵庫県,宝塚市,星の荘２９番１９号,6650866
5140001082572,株式会社メイエック,兵庫県,宝塚市,福井町２４番２５号大久保マンション２０３号,6650046
5140001082614,産経興業株式会社,兵庫県,宝塚市,鶴の荘２番３４号,6650833
5140001082639,宝塚特許管理事務所株式会社,兵庫県,宝塚市,雲雀丘１丁目７番１４号,6650805
5140001082663,ヤブサ空調機材株式会社,兵庫県,宝塚市,切畑字堂山１１,6691241
5140001082696,株式会社ビゼン,兵庫県,宝塚市,安倉南２丁目−１４番,6650823
5140001082705,マシタ産業株式会社,兵庫県,宝塚市,宝松苑１２番２９号,6650016
5140001082713,株式会社Ｈｏｕｓｅ＆Ｇａｒｄｅｎ　Ｅｂｉｓ,兵庫県,宝塚市,中筋山手５丁目５番３２号,6650875
5140001082721,アイテクノ株式会社,兵庫県,宝塚市,安倉北１丁目２０９５番地の１３,6650821
5140001082746,株式会社起光園,兵庫県,宝塚市,平井２丁目７番３０号,6650816
5140001082762,株式会社波勢,兵庫県,宝塚市,安倉南１丁目２０番２９号,6650823
5140001082770,株式会社クロス,兵庫県,宝塚市,高司１丁目３番１号２０１,6650051
5140001082779,株式会社もも,兵庫県,宝塚市,武庫川町５番４５−９０６号,6650844
5140001082795,株式会社笑顔のわ,兵庫県,宝塚市,高司１丁目４番１８−１号,6650051
5140001082804,株式会社講殿電気工事,兵庫県,宝塚市,平井１丁目１番１３号,6650816
5140001082812,株式会社ケー・アールコーポレーション,兵庫県,宝塚市,中野町１番１５号,6650056
5140001082820,クライオポンプサービス株式会社,兵庫県,宝塚市,逆瀬台６丁目１１番９号,6650024
5140001082829,株式会社Ｒｅａｌ　Ｖｏｉｃｅ,兵庫県,宝塚市,御殿山４丁目８番１９号,6650841
5140001082861,株式会社プロジェクトＫ,兵庫県,宝塚市,湯本町９番１２−９０２号,6650003
5140001082894,株式会社ＭＥＴＡＬＥＸ,兵庫県,宝塚市,逆瀬川１丁目１番１−７０６号,6650035
5140001082936,株式会社アークマネージメント,兵庫県,宝塚市,栄町２丁目１番２号ソリオ２,6650845
5140001082944,三英プラント株式会社,兵庫県,宝塚市,宝梅２丁目６番８９−４１３号,6650013
5140001082969,株式会社ナカシマ,兵庫県,宝塚市,光明町２９番２号,6650045
5140001082985,株式会社サンテックス,兵庫県,宝塚市,高司５丁目４番１４号,6650051
5140001082993,株式会社メジャースポーツ,兵庫県,宝塚市,平井山荘１１番１８−２０４号,6650817
5140001083018,株式会社ＴＹＭ,兵庫県,宝塚市,高司４丁目４番７−２−２０９号,6650051
5140001083034,株式会社サンセイテック,兵庫県,宝塚市,伊孑志３丁目１２番６−１号,6650033
5140001083042,株式会社エムティリーフ,兵庫県,宝塚市,仁川北３丁目１２番３８−３０２号,6650061
5140001083067,株式会社ササクラ,兵庫県,宝塚市,栄町２丁目１番１号,6650845
5140001083125,株式会社エスクリエイト,兵庫県,宝塚市,末成町２９番７号ファミールＭ１階,6650044
5140001083141,株式会社ＡＬＬ　ＷＩＮ,兵庫県,宝塚市,平井山荘２２番３号,6650817
5140001083158,株式会社アリオス,兵庫県,宝塚市,山手台西２丁目１番１号,6650886
5140001083208,株式会社サンファイブ８,兵庫県,宝塚市,すみれガ丘２丁目３番１号,6650847
5140001083232,逆瀬川住研株式会社,兵庫県,宝塚市,中州１丁目１５番２号,6650021
5140001083240,ウラノ株式会社,兵庫県,宝塚市,雲雀丘山手１丁目４番１５号,6650804
5140001083257,株式会社山生商店,兵庫県,宝塚市,清荒神４丁目１３番１７号,6650836
5140001083348,株式会社クロスロム,兵庫県,宝塚市,中筋山手３丁目６番１０号,6650875
5140001083380,株式会社ユニライフ,兵庫県,宝塚市,光明町２３番２３号サニーヴィラ小林２Ｆ,6650045
5140001083463,株式会社ワールドアソシエイト,兵庫県,宝塚市,雲雀丘１丁目６番５−１０５号,6650805
5140001083471,株式会社ウェルサイト,兵庫県,宝塚市,鹿塩１丁目３２３番地３,6650054
5140001083488,株式会社ナンワサービス,兵庫県,宝塚市,高司４丁目４番７号,6650051
5140001083587,株式会社タカラ,兵庫県,宝塚市,桜ガ丘１５番１８−３１８号,6650846
5140001083612,株式会社キモト司,兵庫県,宝塚市,中山五月台３丁目１番７号,6650871
5140001083620,株式会社ｍｉｃｈａｅｌ’ｓ,兵庫県,宝塚市,中州１丁目２番２２−４１２号,6650021
5140001083629,株式会社ラフネックス,兵庫県,宝塚市,小林５丁目４番７−７０２号,6650034
5140001083810,株式会社エミシア,兵庫県,宝塚市,栄町１丁目６番２号花のみちセルカ２番館１階,6650845
5140001083843,株式会社エントリー・スタッフ,兵庫県,宝塚市,高司３丁目７番１２号,6650051
5140001083851,ザ・ホビースタイルカンパニー株式会社,兵庫県,宝塚市,旭町１丁目１０番１７号,6650835
5140001083876,株式会社タルイ,兵庫県,宝塚市,小浜４丁目９番１７号,6650827
5140001083918,株式会社エスポワール,兵庫県,宝塚市,売布３丁目４番１号,6650852
5140001083926,株式会社内田新聞舗,兵庫県,宝塚市,売布東の町１２番３号,6650867
5140001083934,株式会社クローバークラブ,兵庫県,宝塚市,中山桜台４丁目１１番１号,6650877
5140001083950,株式会社Ｔｈｒｅｅ,兵庫県,宝塚市,小林２丁目８番１６−５０７号室,6650034
5140001084073,株式会社昭南産業,兵庫県,宝塚市,光ガ丘１丁目１１番１号,6650015
5140001084098,株式会社テルッツォ,兵庫県,宝塚市,野上１丁目１番８号,6650022
5140001084115,株式会社アサヒ建物サービス,兵庫県,宝塚市,安倉中１丁目１１番１２号,6650822
5140001084189,株式会社松意匠店,兵庫県,宝塚市,川面４丁目９−５,6650842
5140001084222,株式会社ワントップ,兵庫県,宝塚市,高司５丁目２−２０１Ｆ,6650051
5140001084230,ヒトミ株式会社,兵庫県,宝塚市,中筋山手７丁目１番１−２０４号,6650875
5140001084239,株式会社金胎,兵庫県,宝塚市,平井１丁目２１番９号,6650816
5140001084263,株式会社アスト,兵庫県,宝塚市,川面４丁目１番８５号,6650842
5140001084338,株式会社ゴトー,兵庫県,宝塚市,宮の町５番３号,6650843
5140001084354,株式会社スターブル,兵庫県,宝塚市,雲雀丘１丁目８番３４号,6650805
5140001084362,株式会社エースエンジ,兵庫県,宝塚市,亀井町３番１２号,6650047
5140001084420,株式会社タケウチ,兵庫県,宝塚市,山本丸橋２丁目１５番３号,6650815
5140001084445,ファイナンシャルワン株式会社,兵庫県,宝塚市,旭町１丁目１番１号,6650835
5140001084461,栗原ビル株式会社,兵庫県,宝塚市,山本南１丁目２０番７号,6650882
5140001084494,株式会社ＥＦＵ商事,兵庫県,宝塚市,逆瀬川１丁目８番３号,6650035
5140001084511,株式会社プラネット,兵庫県,宝塚市,栄町２丁目１−２ソリオ宝塚２−８Ｆ,6650845
5140001086318,株式会社ＳＡＭ’Ｓ,兵庫県,宝塚市,山本南１丁目３８番１８号,6650882
5140001086433,株式会社菖蒲,兵庫県,宝塚市,小浜３丁目９番２２号,6650827
5140001087555,株式会社ＴＡＫＥ,兵庫県,宝塚市,逆瀬川１丁目１番４３号,6650035
5140001088512,株式会社アユム,兵庫県,宝塚市,中山桜台４丁目２２番７号,6650877
5140001089106,株式会社ラテラル,兵庫県,宝塚市,すみれガ丘３丁目２番１−６１３号,6650847
5140001089304,売布産業株式会社,兵庫県,宝塚市,売布４丁目３番３０−２３１０号,6650852
5140001089329,株式会社一心コーポレーション,兵庫県,宝塚市,中山五月台６丁目１番１５−４０１号,6650871
5140001090071,株式会社Ｃｏｍｐａｔｅ,兵庫県,宝塚市,中山寺３丁目４番９号,6650861
5140001090187,株式会社花匠,兵庫県,宝塚市,安倉中５丁目１９番１２号,6650822
5140001090311,宝塚建匠株式会社,兵庫県,宝塚市,小浜５丁目１９番１号,6650827
5140001090393,株式会社オフィスヨシノ,兵庫県,宝塚市,末成町１８番８号,6650044
5140001090427,株式会社リッツネス,兵庫県,宝塚市,逆瀬川２丁目９番１０号,6650035
5140001090798,株式会社八弘,兵庫県,宝塚市,安倉西４丁目３番４８号,6650825
5140001091276,Ｄａｍａｙａ　Ｃｏｍｐａｎｙ株式会社,兵庫県,宝塚市,高司２丁目１７番６号,6650051
5140001091607,株式会社ＯＧＡＷＡ　ＣＯＮＣＥＲＴＯ,兵庫県,宝塚市,湯本町４−２５,6650003
5140001091714,バイオフィールド株式会社,兵庫県,宝塚市,桜ガ丘１５番１８−１０６号,6650846
5140001091722,株式会社ユーアイ,兵庫県,宝塚市,山手台東１丁目１８番１号,6650887
5140001092068,山川塗装株式会社,兵庫県,宝塚市,山手台東１丁目２番１−５１０号,6650887
5140001092852,株式会社上村技建,兵庫県,宝塚市,安倉南４丁目２０番１０−１０１号,6650823
5140001092869,ティラ・ユニバース株式会社,兵庫県,宝塚市,宮の町１１番３２号,6650843
5140001093578,株式会社ほたるの里,兵庫県,宝塚市,南口１丁目２番１９号,6650011
5140001093636,裕プランニング株式会社,兵庫県,宝塚市,中山五月台７丁目２番１２０４号,6650871
5140001094345,株式会社スマイルウィン,兵庫県,宝塚市,平井山荘２２番３号,6650817
5140001094403,株式会社ｅｌａｎ,兵庫県,宝塚市,中山五月台６丁目１番１３号,6650871
5140001094592,株式会社セイ建設,兵庫県,宝塚市,安倉南４丁目１０番２３−１０２号,6650823
5140001094667,株式会社キプラス,兵庫県,宝塚市,月見山１丁目１８番１号,6650002
5140001094907,株式会社ウィルスタジオ,兵庫県,宝塚市,逆瀬川１丁目１４番３９号,6650035
5140001095145,たからづかハウジング株式会社,兵庫県,宝塚市,ゆずり葉台２丁目１番１５号,6650025
5140001095608,ミラシオン株式会社,兵庫県,宝塚市,川面５丁目６−１−３０１,6650842
5140001095640,株式会社ＳＡＮサンクス,兵庫県,宝塚市,武庫川町６番２５−３２０１号,6650844
5140001095756,株式会社ブイロード,兵庫県,宝塚市,月見山１丁目８番１３号,6650002
5140001095814,岸本工業株式会社,兵庫県,宝塚市,清荒神１丁目８番１０−４０２号,6650836
5140001096119,株式会社ワンディアール,兵庫県,宝塚市,仁川北３丁目７番１号,6650061
5140001096259,株式会社マイハウス,兵庫県,宝塚市,福井町４番１８号,6650046
5140001096671,株式会社羽山金属,兵庫県,宝塚市,安倉中５丁目９番８号,6650822
5140001096944,株式会社田島組,兵庫県,宝塚市,小林２丁目９番２６号,6650034
5140001096960,ルプティパレ株式会社,兵庫県,宝塚市,雲雀丘１丁目１３番３４号,6650805
5140001097166,株式会社あかり,兵庫県,宝塚市,伊孑志３丁目１５番５４号,6650033
5140001097546,株式会社アイテック高島,兵庫県,宝塚市,紅葉ガ丘７番１３号,6650006
5140001097777,株式会社清和,兵庫県,宝塚市,川面１丁目７番９号,6650842
5140001097884,株式会社ｓｈＡＩＲｓ,兵庫県,宝塚市,山本南１丁目８番３号,6650882
5140001098767,サカモト株式会社,兵庫県,宝塚市,平井２丁目１２番１２号,6650816
5140001099179,テサラクト株式会社,兵庫県,宝塚市,すみれガ丘３丁目３番２−９１１号,6650847
5140001099311,株式会社ＷｉｌｌＢｅＴｈｅｒｅ,兵庫県,宝塚市,山本中３丁目１５番６号,6650883
5140001099484,株式会社Ｋ・Ｅマネージメント,兵庫県,宝塚市,売布きよしガ丘１３番２２号,6650855
5140001100053,株式会社森永重機,兵庫県,宝塚市,金井町４番９号,6650824
5140001100268,株式会社ＦＵＫＵ　ＨＯＵＳＥ,兵庫県,宝塚市,山本丸橋３丁目１３番５号,6650815
5140001100714,株式会社ユアーズサポート,兵庫県,宝塚市,すみれガ丘３丁目１番１−３１０号,6650847
5140001100722,株式会社那須源,兵庫県,宝塚市,雲雀丘２丁目３番５−１０５号,6650805
5140001101365,株式会社ＨｏｓｔＤｏｇ,兵庫県,宝塚市,武庫山２丁目４番４３ー２０４号,6650005
5140001101398,和不動産株式会社,兵庫県,宝塚市,売布２丁目２番１号,6650852
5140001102826,株式会社イーストクレセント,兵庫県,宝塚市,川面４丁目９番２３号,6650842
5140001103618,京橋パートナー株式会社,兵庫県,宝塚市,野上４丁目６番４号,6650022
5140001104764,株式会社大兵工業,兵庫県,宝塚市,安倉中５丁目１２番３３号,6650822
5140001105564,株式会社タカラ,兵庫県,宝塚市,旭町３丁目７番１−１０３号,6650835
5140001105622,Ｋ＆Ｍパートナーズ株式会社,兵庫県,宝塚市,すみれガ丘３丁目５番２−１５０５号,6650847
5140001106083,株式会社三宝商事,兵庫県,宝塚市,今里町１３番１８号,6650862
5140001106117,株式会社リシャールファクトリー,兵庫県,宝塚市,安倉中２丁目５番３５号,6650822
5140001106348,株式会社Ｔ＆Ｃ,兵庫県,宝塚市,安倉中１丁目９番９号,6650822
5140001107016,株式会社ｎｏｅｅ,兵庫県,宝塚市,雲雀丘１丁目１１番２９号,6650805
5140001107049,株式会社秋山商事,兵庫県,宝塚市,安倉南１丁目９番２１号,6650823
5140001107164,株式会社ヴィレサウス,兵庫県,宝塚市,南口２丁目９番３−５０３号,6650011
5140001107841,ワイズ総合管理株式会社,兵庫県,宝塚市,川面６丁目６番４号,6650842
5140001108014,株式会社シンワ,兵庫県,宝塚市,川面１丁目５番７号,6650842
5140001108195,株式会社ＳＥＶＥＮ,兵庫県,宝塚市,中野町１４番１４号,6650056
5140001108930,みつばウェルビーイング株式会社,兵庫県,宝塚市,伊孑志２丁目６番３号,6650033
5140001109631,株式会社クリエイト未来,兵庫県,宝塚市,米谷２丁目１３番２７−１号,6650831
5140001110192,徳勇総建株式会社,兵庫県,宝塚市,売布２丁目４番３号,6650852
5140001110622,株式会社ミヤビ建興,兵庫県,宝塚市,安倉西２丁目２番１３−３号,6650825
5140001110639,株式会社ＣＭＲ,兵庫県,宝塚市,南ひばりガ丘２丁目１１番１５−３０４号,6650811
5140001110804,株式会社植伸建設,兵庫県,宝塚市,平井５丁目１１番１８号,6650816
5140001110878,株式会社Ｓデザイン事務所,兵庫県,宝塚市,栄町１丁目６−１−１０１,6650845
5140001110911,株式会社Ａｒ,兵庫県,宝塚市,中山五月台３丁目７番１号（２Ｆ−１号室）,6650871
5140001111174,しろくま株式会社,兵庫県,宝塚市,仁川北２丁目１０番１２号,6650061
5140001111232,ワールドメタル株式会社,兵庫県,宝塚市,山本野里２丁目８−１０−１０５,6650814
5140001111653,株式会社ｆｏｌｌｏｗ−ｕｐ,兵庫県,宝塚市,宝梅１丁目１０番１７号,6650013
5140001112569,株式会社小平治エステート,兵庫県,宝塚市,小林１丁目１８番８号,6650034
5140001112858,同栄商事株式会社,兵庫県,宝塚市,栄町３丁目９−３−３０３,6650845
5140001113344,インターネットテクノロジー株式会社,兵庫県,宝塚市,山本野里１丁目４５番地の１ハイムプロミネンス宝塚５０２,6650814
5140001113501,株式会社集翠園,兵庫県,宝塚市,伊孑志１丁目６番２６号,6650033
5140001113749,株式会社宝和,兵庫県,宝塚市,小林１丁目１８番１６号,6650034
5140001113889,株式会社Ｏｆｆｉｃｅ　Ｈａｓｓｅｌ,兵庫県,宝塚市,仁川北３丁目４番１３号,6650061
5140001114020,大一建設株式会社,兵庫県,宝塚市,安倉北１丁目５番２４号,6650821
5140001114251,株式会社ＪＩＮエステート,兵庫県,宝塚市,中山桜台６丁目４番７号,6650877
5140001114359,Ｔｒｅｎｄ　Ｆｉｒｓｔ株式会社,兵庫県,宝塚市,雲雀丘山手２丁目５番１４号,6650804
5140001114425,株式会社ＤｔｏＤ,兵庫県,宝塚市,仁川北３丁目６番３号ジュエル仁川１０２号室,6650061
5140001114664,株式会社ＡＨＰ,兵庫県,宝塚市,武庫山２丁目１９番１−６０４号,6650005
5140001115142,株式会社向商建設,兵庫県,宝塚市,口谷東３丁目３０番地の８,6650812
5140001115183,フォレストハウス株式会社,兵庫県,宝塚市,小林２丁目１２番３２−６０３号,6650034
5140001116116,株式会社オギノ設備,兵庫県,宝塚市,安倉中３丁目５番２９号,6650822
5140001116818,株式会社ＬＩＮＣＬＥ,兵庫県,宝塚市,山本東３丁目６番１−１０４号,6650881
5140001116933,株式会社ＧＯＬＤ　ＨＩＬＬ,兵庫県,宝塚市,山本野里２丁目３番１２号,6650814
5140001117221,株式会社山本機工,兵庫県,宝塚市,安倉中１丁目１３番１１号,6650822
5140001117279,株式会社西和,兵庫県,宝塚市,金井町４番５４−２０４号,6650824
5140001117361,株式会社みどりまん,兵庫県,宝塚市,逆瀬川１丁目１３−２５カミヤビル２０１,6650035
5140001118129,株式会社ポートゲート,兵庫県,宝塚市,御殿山３丁目６番４−３０６号,6650841
5140001118236,株式会社テンカンパニー,兵庫県,宝塚市,泉ガ丘１４番１５号,6650851
5140001118459,株式会社１,兵庫県,宝塚市,光明町１０番１０号,6650045
5140001118863,ミモ株式会社,兵庫県,宝塚市,湯本町５番３号,6650003
5140001119127,Ａｍａｍｅ　Ａｓｓｏｃｉａｔｅ　Ｊａｐａｎ株式会社,兵庫県,宝塚市,逆瀬川１丁目４１７番地アピア２−３１４,6650035
5140001119829,株式会社ＥＩＣ,兵庫県,宝塚市,高松町２番３１号,6650043
5140001120638,株式会社カラフルライフ,兵庫県,宝塚市,仁川北３丁目７番１号,6650061
5140001120869,株式会社Ｗｅｂ広告,兵庫県,宝塚市,仁川台１７４,6650074
5140001121644,株式会社創進興業,兵庫県,宝塚市,弥生町６番１６号,6650826
5140001122031,株式会社ＲＥＮＯＶＡＴＥ,兵庫県,宝塚市,口谷西２丁目７−６,6650813
5140001122329,株式会社だるまやで,兵庫県,宝塚市,小林５丁目９番１１３号,6650034
5140001122618,株式会社大垣設備,兵庫県,宝塚市,売布自由ガ丘７番４号,6650856
5140001122964,株式会社ピオニア,兵庫県,宝塚市,南口１丁目１７番１３号リヒテール宝塚２０１号室,6650011
5140001123252,株式会社二宮工務店,兵庫県,宝塚市,ふじガ丘２７番１４号,6650806
5140001123731,ネオ・あどばんす株式会社,兵庫県,宝塚市,寿町８番１４−１０３号,6650865
5140001125158,株式会社グローバルアーカイブズ・総合コンサルタント,兵庫県,宝塚市,寿楽荘１５番１３号,6650012
5140001125422,株式会社ｇｒｏｖｅ,兵庫県,宝塚市,平井山荘１６番２４号,6650817
5140001125637,杉山運送株式会社,兵庫県,宝塚市,安倉中４丁目１７番２１号,6650822
5140001126602,株式会社カデンツァ企画,兵庫県,宝塚市,宝梅２丁目１番２３号,6650013
5140001127022,株式会社佐曽利園芸組合,兵庫県,宝塚市,上佐曽利字大垣内１６−１,6691202
5140001127550,株式会社トータス,兵庫県,宝塚市,高司５丁目１番６２号,6650051
5140001127781,ＭＯＲＲＩＺ　ＣＯＮＳＵＬＴＡＮＴ株式会社,兵庫県,宝塚市,口谷西３丁目１４番２１号,6650813
5140001128268,株式会社Ｂ．Ｃ．Ｊ,兵庫県,宝塚市,安倉北３丁目６番５号,6650821
5140001129299,共栄管理株式会社,兵庫県,宝塚市,中筋６丁目５番７号,6650874
5140001129415,株式会社ゴドテックス,兵庫県,宝塚市,山手台東２丁目９番８号,6650887
5140001129489,株式会社インテリアハウス・ヨシイ,兵庫県,宝塚市,安倉西２丁目５番２０号,6650825
5140001130521,株式会社八雲,兵庫県,宝塚市,口谷東２丁目６番６号,6650812
5140001130777,株式会社翔マネジメント,兵庫県,宝塚市,山手台東５丁目２７番５号,6650887
5140001130835,モトボウ株式会社,兵庫県,宝塚市,弥生町６番１９号,6650826
5140001132609,株式会社ＳＴ,兵庫県,宝塚市,口谷東１丁目５番１５−３０２号,6650812
5140001132906,株式会社Ｌｏｔｔａ,兵庫県,宝塚市,南ひばりガ丘１丁目１６番２０号,6650811
5140001133334,株式会社大雅興業,兵庫県,宝塚市,小林５丁目４−３６,6650034
5140001133747,株式会社Ｈｏｉｔｏｒａ,兵庫県,宝塚市,安倉中２丁目２番２号,6650822
5140001134274,ミヤビ株式会社,兵庫県,宝塚市,長尾町８番１３−７０９号,6650873
5140001134522,タカラ通信株式会社,兵庫県,宝塚市,長谷字北阿弥陀１６番地,6691204
5140001134729,株式会社徳商,兵庫県,宝塚市,高司４丁目４番７−３−１０５号,6650051
5140001134902,株式会社ｅ‐ｓｅａｓｏｎ,兵庫県,宝塚市,寿町５番４号,6650865
5140001135479,株式会社トライボスター,兵庫県,宝塚市,末成町３９番２３号,6650044
5140001135883,株式会社ｐｌａｃｅ・ｔｏ・ｃｏｎｎｅｃｔ,兵庫県,宝塚市,山本南１丁目３０番５−２号,6650882
5140001136295,株式会社ＳＵＳ,兵庫県,宝塚市,安倉中５丁目４番１０号,6650822
5140001136345,株式会社ＳＨＩＮｃｏｒｐｏｒａｔｉｏｎ,兵庫県,宝塚市,すみれガ丘３丁目５番２−１０１１号,6650847
5140001136353,株式会社チームユノケイ,兵庫県,宝塚市,栄町１丁目１３−９−１０３,6650845
5140001136675,株式会社ＫＴＮ,兵庫県,宝塚市,鹿塩１丁目６番１４号,6650054
5140001136816,栄コーポレーション株式会社,兵庫県,宝塚市,湯本町８番１８−１５０２号,6650003
5140001137095,ＡＦＲＩＴＸ株式会社,兵庫県,宝塚市,長尾台１丁目１６番５３号,6650807
5140001137582,宝塚住研株式会社,兵庫県,宝塚市,中州１丁目１５番３４号,6650021
5140001138003,株式会社ワンテリア,兵庫県,宝塚市,弥生町５−１宝塚エリー１０５,6650826
5140001138011,株式会社ＳＴＡ,兵庫県,宝塚市,平井４丁目５番１５号,6650816
5140001138309,ＴＥＮＴＥＮ株式会社,兵庫県,宝塚市,雲雀丘山手１丁目１５番１０号,6650804
5140001139661,株式会社ケイ・エステート,兵庫県,宝塚市,山手台東１丁目９番１号,6650887
5140001140421,株式会社アルベリア・シルカ,兵庫県,宝塚市,中山台１丁目２２番１号,6650876
5140001141386,株式会社オンザシップ,兵庫県,宝塚市,米谷２丁目７番２１号,6650831
5140001141527,株式会社優宝,兵庫県,宝塚市,中山五月台４丁目１０番１２号,6650871
5140001141568,株式会社麟泉,兵庫県,宝塚市,千種４丁目６番２号,6650072
5140001141758,株式会社惻隠坊,兵庫県,宝塚市,寿楽荘１番３３号,6650012
5140001141915,株式会社Ｂｌｕｅ　ｓｔａｒ,兵庫県,宝塚市,高司１丁目１−１３、１Ｆ,6650051
5260001027152,ケンコ王株式会社,兵庫県,宝塚市,清荒神１丁目１１番２３−２０１号,6650836
5280001008588,株式会社ｍｉｃａｔａ,兵庫県,宝塚市,仁川北３丁目６番３号ジュエル仁川１０２号室,6650061
6011101102793,唐風株式会社,兵庫県,宝塚市,伊孑志４丁目２−７５,6650033
6013301017458,アイタック株式会社,兵庫県,宝塚市,新明和町１番１号,6650052
6040001073507,株式会社テーガル,兵庫県,宝塚市,梅野町１−１−５１１,6650004
6120001007596,三協サービス株式会社,兵庫県,宝塚市,安倉西４丁目５番５号,6650825
6120001035077,株式会社サン・マリノインターナショナル,兵庫県,宝塚市,南ひばりガ丘１丁目１６番１７号,6650811
6120001046834,株式会社ビルト,兵庫県,宝塚市,武庫山２丁目２番２１号,6650005
6120001052254,株式会社大扇ビル,兵庫県,宝塚市,雲雀丘山手２丁目１５番５２号,6650804
6120001061057,株式会社内海興産,兵庫県,宝塚市,仁川月見ガ丘１５番１５号,6650067
6120001067913,株式会社トーコープリモ,兵庫県,宝塚市,中筋９丁目１番７号,6650874
6120001106365,株式会社行友ビル,兵庫県,宝塚市,ゆずり葉台２丁目１１番１１号,6650025
6120001123641,株式会社タクミ設計,兵庫県,宝塚市,雲雀丘２丁目３番５−１０６号,6650805
6120001126140,フューチャーブレインコンサルティング株式会社,兵庫県,宝塚市,社町７番１５号,6650071
6120001127808,アイ・コネクト株式会社,兵庫県,宝塚市,社町１２番６号,6650071
6120001155619,株式会社優雅,兵庫県,宝塚市,仁川月見ガ丘１２番４号,6650067
6120001161963,株式会社ＮＫコーポレーション,兵庫県,宝塚市,逆瀬台２丁目４番１号,6650024
6120001168901,株式会社イチゼン,兵庫県,宝塚市,平井４丁目１９番１９号,6650816
6120001175443,株式会社ベジットコーポレーション,兵庫県,宝塚市,小林１丁目１番８号エルフォンテＩＤ棟,6650034
6120001180121,株式会社マルモコーポレーション,兵庫県,宝塚市,高松町１４番１９号,6650043
6120001194006,株式会社ＫＵＭＡＧＵＭＩ,兵庫県,宝塚市,小浜３丁目５番１９号エスポアール小浜３０１号,6650827
6120001198262,株式会社アクシスマネジメント,兵庫県,宝塚市,泉ガ丘７番１４号,6650851
6120001199467,株式会社イーヴンシェア,兵庫県,宝塚市,旭町３丁目１０−１−５１０,6650835
6120001216296,株式会社ルーク,兵庫県,宝塚市,中州１丁目３番２０号,6650021
6120001220554,株式会社メディアエステート,兵庫県,宝塚市,長尾台１丁目７番１４号,6650807
6120001235115,ＪｏＪｏ＆Ｒ株式会社,兵庫県,宝塚市,山手台東３丁目２８番１号,6650887
6120001241567,株式会社ネクスト,兵庫県,宝塚市,栄町３丁目４番１−３０４号,6650845
6120001257530,株式会社リライク,兵庫県,宝塚市,逆瀬川１丁目１１番１−１６１号,6650035
6120001265764,株式会社ＭＩＳＯＯ,兵庫県,宝塚市,逆瀬台１丁目３番Ｃ−３０４号,6650024
6120002029904,株式会社鍵宗,兵庫県,宝塚市,仁川高丸１丁目１５番８号,6650063
6120002066971,株式会社ファイン・ロード,兵庫県,宝塚市,中山桜台２丁目３番２号,6650877
6120901024245,株式会社杉田製作所,兵庫県,宝塚市,中筋５丁目１３番１５号,6650874
6120901030177,株式会社Ｔ＆Ｙ,兵庫県,宝塚市,すみれガ丘２丁目３番１号ラ・ビスタ宝塚ラ・メゾン１００１号室,6650847
6120901030383,株式会社アムズ,兵庫県,宝塚市,米谷１丁目１３番１号３Ｆ,6650831
6120901038006,株式会社Ｍｉｌｌｉｏｎ　ｂｕｃｋｓ,兵庫県,宝塚市,中山寺１丁目１４番２２号,6650861
6120901044409,株式会社ＣＯＣＯ,兵庫県,宝塚市,安倉南１丁目２４番１１−１０５号,6650823
6120901045159,株式会社宝エステート,兵庫県,宝塚市,山手台西１丁目５番５号,6650886
6120902016877,株式会社ＭＡＲＩＭＯ,兵庫県,宝塚市,中筋４丁目１０番１−１０２号,6650874
6122001024448,中島株式会社,兵庫県,宝塚市,南口２丁目５番２４−６１０号,6650011
6130002009302,株式会社ヘルスアート,兵庫県,宝塚市,中山台１丁目２２番１号,6650876
6140001021125,株式会社エヌ・ケイ・ワイ,兵庫県,宝塚市,南口２丁目１４番３−２２０２号,6650011
6140001026710,株式会社アーバンメディカル,兵庫県,宝塚市,高司４丁目４番６７号,6650051
6140001033194,株式会社アーバンデザイン・システムズ,兵庫県,宝塚市,すみれガ丘２丁目５−１−Ｔ１７号,6650847
6140001037451,株式会社エムシャス,兵庫県,宝塚市,南口１丁目８番１８号,6650011
6140001051064,福徳興業株式会社,兵庫県,宝塚市,伊孑志２丁目１０番２８号,6650033
6140001054711,ｍｉｒａｉｅ株式会社,兵庫県,宝塚市,武庫山２丁目１６番１号,6650005
6140001066285,株式会社ウッディランド,兵庫県,宝塚市,栄町２丁目１０番１４号,6650845
6140001067804,旭株式会社,兵庫県,宝塚市,仁川高丸３丁目７番１２号,6650063
6140001068174,オー・エム商事株式会社,兵庫県,宝塚市,小林５丁目３番５５−６０１号,6650034
6140001081053,株式会社シンリュウトラスト,兵庫県,宝塚市,安倉中２丁目４番８号,6650822
6140001081152,安倉興産株式会社,兵庫県,宝塚市,安倉西４丁目１５番１２号,6650825
6140001081169,株式会社アドニスインターナショナル,兵庫県,宝塚市,中山桜台７丁目１０番７号,6650877
6140001081185,株式会社イクタ,兵庫県,宝塚市,千種１丁目１０番１０号,6650072
6140001081193,株式会社伊勢屋商店,兵庫県,宝塚市,清荒神１丁目１７番１８号,6650836
6140001081202,インターマート株式会社,兵庫県,宝塚市,山本中１丁目６番２６号,6650883
6140001081210,株式会社井上工務店,兵庫県,宝塚市,安倉南１丁目２２番１号,6650823
6140001081227,株式会社植田大和園,兵庫県,宝塚市,中筋山手４丁目３番６号,6650875
6140001081235,宇都宮電気株式会社,兵庫県,宝塚市,花屋敷松ガ丘１６番５号,6650801
6140001081243,株式会社エアーシップ音楽出版,兵庫県,宝塚市,安倉南１丁目１番３４号,6650823
6140001081251,株式会社エイチ・ディ・ピィ・デザインワーク,兵庫県,宝塚市,武庫山１丁目５番１１号,6650005
6140001081268,栄美寿造園株式会社,兵庫県,宝塚市,中筋４丁目９番３３号,6650874
6140001081284,株式会社オージーエヌ,兵庫県,宝塚市,川面５丁目１８番６号,6650842
6140001081292,大阪ホーム建材株式会社,兵庫県,宝塚市,大成町１０番４３号,6650055
6140001081301,大美株式会社,兵庫県,宝塚市,安倉中４丁目１番２１号,6650822
6140001081326,関西エス・テック株式会社,兵庫県,宝塚市,雲雀丘３丁目５番１７号,6650805
6140001081359,株式会社兼森,兵庫県,宝塚市,鶴の荘２番２０号,6650833
6140001081367,株式会社カマンタリ・ヴー,兵庫県,宝塚市,千種４丁目６番７号,6650072
6140001081383,株式会社近畿サニタリーサプライ,兵庫県,宝塚市,旭町２丁目２０番２号,6650835
6140001081391,株式会社岸本眼鏡時計店,兵庫県,宝塚市,仁川北３丁目３番９号,6650061
6140001081400,株式会社木下興業,兵庫県,宝塚市,伊孑志３丁目１６番２１号,6650033
6140001081425,株式会社共和電子製作所,兵庫県,宝塚市,高司４丁目３番３１号,6650051
6140001081441,クリエイト株式会社,兵庫県,宝塚市,青葉台２丁目１５番２１号,6650014
6140001081458,ケィ・ケィ・ビィ株式会社,兵庫県,宝塚市,川面４丁目７番４１号,6650842
6140001081474,宏陽産業株式会社,兵庫県,宝塚市,武庫山２丁目１番６号,6650005
6140001081482,株式会社黄金家,兵庫県,宝塚市,湯本町９番２７号,6650003
6140001081499,小松電気株式会社,兵庫県,宝塚市,中山寺３丁目２番１８号,6650861
6140001081508,株式会社サイトー,兵庫県,宝塚市,米谷２丁目２番２２号,6650831
6140001081516,株式会社三功カメラ,兵庫県,宝塚市,仁川北３丁目３番１０号,6650061
6140001081532,三協住設株式会社,兵庫県,宝塚市,弥生町３番１号,6650826
6140001081549,株式会社サンライズ,兵庫県,宝塚市,中山寺３丁目２番４号,6650861
6140001081573,色彩工芸株式会社,兵庫県,宝塚市,三笠町５番２１号,6650863
6140001081581,株式会社スクルージ,兵庫県,宝塚市,月見山１丁目１番１７号,6650002
6140001081598,株式会社シャイニング,兵庫県,宝塚市,安倉南１丁目９番４１号,6650823
6140001081607,ジー・ワイ建設タイヤ販売株式会社,兵庫県,宝塚市,中野町２０番１８号,6650056
6140001081623,住吉地所株式会社,兵庫県,宝塚市,南口１丁目１番２号,6650011
6140001081631,西部リース株式会社,兵庫県,宝塚市,中筋９丁目３７番地,6650874
6140001081648,株式会社創研,兵庫県,宝塚市,今里町１３番５号,6650862
6140001081664,宝塚化成株式会社,兵庫県,宝塚市,伊孑志４丁目７番９号,6650033
6140001081672,株式会社宝塚グランドプラザ,兵庫県,宝塚市,川面５丁目１８番６号,6650842
6140001081689,株式会社宝塚富士ベーカリー,兵庫県,宝塚市,宮の町９番８号,6650843
6140001081697,大栄興産株式会社,兵庫県,宝塚市,平井山荘４番２０号,6650817
6140001081706,株式会社大官組,兵庫県,宝塚市,旭町２丁目７番４号,6650835
6140001081722,大平建設株式会社,兵庫県,宝塚市,今里町２４番１１号,6650862
6140001081730,株式会社大輪運輸,兵庫県,宝塚市,安倉南１丁目１６番２０号,6650823
6140001081739,株式会社タカダヤ,兵庫県,宝塚市,仁川北３丁目７−６,6650061
6140001081747,株式会社タカラコスモス,兵庫県,宝塚市,売布２丁目３番１６号,6650852
6140001081755,株式会社ダッド,兵庫県,宝塚市,南口１丁目２番１４号,6650011
6140001081771,株式会社チュウオー,兵庫県,宝塚市,中筋１丁目９番３２号,6650874
6140001081788,ティ，ケー，タス工業株式会社,兵庫県,宝塚市,安倉南１丁目１８番１６号,6650823
6140001081796,デジタルコミュニケーション株式会社,兵庫県,宝塚市,栄町２丁目１−２ソリオ宝塚２−８Ｆ,6650845
6140001081813,株式会社時田,兵庫県,宝塚市,逆瀬川２丁目７番１２号,6650035
6140001081862,株式会社ニッシン,兵庫県,宝塚市,亀井町１０番７号,6650047
6140001081879,株式会社日本ダイボード,兵庫県,宝塚市,売布きよしガ丘５番１２号,6650855
6140001081895,ハイツ・オクダ株式会社,兵庫県,宝塚市,伊孑志２丁目３番３５号,6650033
6140001081912,ハヤツ産業株式会社,兵庫県,宝塚市,野上６丁目１１番２４号,6650022
6140001081920,株式会社ビーエージェイ,兵庫県,宝塚市,野上６丁目３番２２−３０６号,6650022
6140001081929,株式会社クリアライフ,兵庫県,宝塚市,宝梅１丁目１２番５４号,6650013
6140001081937,株式会社平石商店,兵庫県,宝塚市,高司５丁目１２６番地,6650051
6140001081945,株式会社平野工務店,兵庫県,宝塚市,山本西２丁目３番９−１０３号,6650884
6140001081961,富士造園土木株式会社,兵庫県,宝塚市,山本東２丁目６番１７号,6650881
6140001081986,宝栄興産株式会社,兵庫県,宝塚市,安倉南２丁目９番１２号,6650823
6140001081994,宝南木材株式会社,兵庫県,宝塚市,南口２丁目５番４８号,6650011
6140001082002,株式会社北極看板,兵庫県,宝塚市,伊孑志２丁目６番１５号,6650033
6140001082035,株式会社丸正,兵庫県,宝塚市,中筋山手１丁目１番３号,6650875
6140001082043,株式会社三浦模型,兵庫県,宝塚市,大原野字波坂１番地の１４５,6691211
6140001082051,みつば建設工業株式会社,兵庫県,宝塚市,高司３丁目１番２９号,6650051
6140001082068,株式会社ミロク,兵庫県,宝塚市,末広町１番３１号,6650031
6140001082076,明化殖産株式会社,兵庫県,宝塚市,雲雀丘１丁目１４番２３号,6650805
6140001082084,株式会社メディカル・サポート,兵庫県,宝塚市,南口２丁目１４番５−１２０３号,6650011
6140001082092,森田トレーディング株式会社,兵庫県,宝塚市,山本台２丁目１０番１０号,6650885
6140001082101,山内興業株式会社,兵庫県,宝塚市,伊孑志１丁目９番７−３０２号,6650033
6140001082118,株式会社てらす,兵庫県,宝塚市,安倉中５丁目２番３３号,6650822
6140001082142,ゆずり葉企業株式会社,兵庫県,宝塚市,ゆずり葉台３丁目３番７号,6650025
6140001082150,吉中油業株式会社,兵庫県,宝塚市,高司３丁目３番５号,6650051
6140001082167,株式会社和田木材,兵庫県,宝塚市,売布東の町１３番３３号,6650867
6140001082175,株式会社ル・パルファン,兵庫県,宝塚市,栄町２丁目１番１号ソリオＩ・１階,6650845
6140001082183,株式会社ロクス,兵庫県,宝塚市,仁川月見ガ丘１１番２号,6650067
6140001082191,スポック株式会社,兵庫県,宝塚市,月見山１丁目１０番１７号,6650002
6140001082209,株式会社伸栄興産,兵庫県,宝塚市,仁川北２丁目１番１５−１０７号,6650061
6140001082217,モリタ環境プラン株式会社,兵庫県,宝塚市,小林２丁目１２番１０−５０７号,6650034
6140001082225,サカイ機工株式会社,兵庫県,宝塚市,中州２丁目２番１０号,6650021
6140001082233,株式会社アイテーシー,兵庫県,宝塚市,亀井町９番４４号,6650047
6140001082258,株式会社ヒット神戸,兵庫県,宝塚市,安倉西４丁目４番２号,6650825
6140001082274,株式会社辻コーポレーション,兵庫県,宝塚市,雲雀丘山手２丁目１１番３号,6650804
6140001082282,株式会社此花工業所,兵庫県,宝塚市,仁川北１丁目１番５５号,6650061
6140001082308,株式会社ツェンティーワン,兵庫県,宝塚市,山本野里１丁目１番４８号,6650814
6140001082332,株式会社ユーロジェイスペース神戸,兵庫県,宝塚市,小林５丁目５番１９号,6650034
6140001082349,吉田オービット株式会社,兵庫県,宝塚市,仁川高台１丁目５番１８号,6650062
6140001082357,芝岡商事株式会社,兵庫県,宝塚市,栄町３丁目５番２号,6650845
6140001082365,株式会社フリーダム,兵庫県,宝塚市,雲雀丘１丁目９番８号２０５,6650805
6140001082398,株式会社日本環境開発総合研究所,兵庫県,宝塚市,長寿ガ丘１番２９号,6650001
6140001082423,株式会社サンライフジャパン,兵庫県,宝塚市,南口２丁目１４番３号,6650011
6140001082522,株式会社アマケイ,兵庫県,宝塚市,伊孑志４丁目４番７号,6650033
6140001082547,株式会社アップルオート,兵庫県,宝塚市,高司４丁目１番７号,6650051
6140001082588,フェスコジャパン株式会社,兵庫県,宝塚市,すみれガ丘１丁目７番１−２０９号,6650847
6140001082596,キーウエスト株式会社,兵庫県,宝塚市,山本野里１丁目１番５１号,6650814
6140001082605,株式会社パーツサプライセンター,兵庫県,宝塚市,仁川月見ガ丘８番２６号,6650067
6140001082621,株式会社栄興業,兵庫県,宝塚市,千種４丁目２番１２号,6650072
6140001082638,デグチパーキング株式会社,兵庫県,宝塚市,栄町２丁目１０番１７号,6650845
6140001082646,株式会社関通エージェンシー,兵庫県,宝塚市,長寿ガ丘５番１７号,6650001
6140001082654,株式会社コルペア,兵庫県,宝塚市,栄町１丁目１番９−２０３号,6650845
6140001082662,株式会社旭建築事務所,兵庫県,宝塚市,仁川高丸２丁目１９番６号,6650063
6140001082687,株式会社ツールボックス,兵庫県,宝塚市,中山桜台６丁目１５番１−２０２号,6650877
6140001082695,駒商株式会社,兵庫県,宝塚市,泉町１９番１０号,6650864
6140001082712,株式会社クイックサポート,兵庫県,宝塚市,伊孑志２丁目１番１号,6650033
6140001082720,吉貴建設株式会社,兵庫県,宝塚市,安倉西４丁目６４２番地,6650825
6140001082729,株式会社馬六商店,兵庫県,宝塚市,栄町１丁目６−１花のみちセルカ１−１０２ｂ,6650845
6140001082737,株式会社天美,兵庫県,宝塚市,野上３丁目９番２０号,6650022
6140001082778,株式会社シマザキ,兵庫県,宝塚市,社町１４番４号,6650071
6140001082786,株式会社ＨＳＪ・ホップ・ステップ・ジャンプ,兵庫県,宝塚市,花屋敷松ガ丘４番７号,6650801
6140001082803,株式会社Ｋ工房,兵庫県,宝塚市,中山五月台５丁目４番２号,6650871
6140001082811,株式会社ｇｒｏｏｖｅ,兵庫県,宝塚市,小浜３丁目１２番７号,6650827
6140001082836,建装ホームテック株式会社,兵庫県,宝塚市,千種２丁目８番１１８号,6650072
6140001082844,株式会社チャイナネット,兵庫県,宝塚市,すみれガ丘３丁目３番１−７０２号,6650847
6140001082860,株式会社エスアイ,兵庫県,宝塚市,泉町３４番６号,6650864
6140001082877,株式会社ウーバースペース,兵庫県,宝塚市,安倉南２丁目１５番１号,6650823
6140001082902,日本リアルティ株式会社,兵庫県,宝塚市,宝梅３丁目４番２６号,6650013
6140001082919,株式会社フルリール,兵庫県,宝塚市,社町１２番６号,6650071
6140001082935,株式会社高千穂電機,兵庫県,宝塚市,中筋３丁目５６番地の１,6650874
6140001082976,ＨｅａｖｅｎｌｙＭｕｓｉｃ株式会社,兵庫県,宝塚市,光明町２７番６号,6650045
6140001083000,株式会社川里商事,兵庫県,宝塚市,売布４丁目１５番９号,6650852
6140001083009,株式会社スマイルホーム,兵庫県,宝塚市,平井２丁目７−１１,6650816
6140001083017,株式会社バイオエナジージャパン,兵庫県,宝塚市,栄町２丁目１番２号,6650845
6140001083033,株式会社Ｒ．ｃｏｍｐａｎｙ,兵庫県,宝塚市,中山寺１丁目９番１３号,6650861
6140001083041,株式会社マテリアルテクノロジー,兵庫県,宝塚市,旭町２丁目１９番１号,6650835
6140001083058,ジーノズ・コンシェルジュサーヴィシーズ株式会社,兵庫県,宝塚市,長寿ガ丘２１番１７号ビューハイツ東棟Ｆ２,6650001
6140001083066,ボーター株式会社,兵庫県,宝塚市,口谷西１丁目７番１−２０３号,6650813
6140001083099,株式会社ビジネスコンサルティングプロモート,兵庫県,宝塚市,花屋敷荘園３丁目４番１１号,6650802
6140001083149,株式会社システムギアソフテック,兵庫県,宝塚市,光明町３０番１２号,6650045
6140001083157,東宝建設株式会社,兵庫県,宝塚市,伊孑志４丁目６番８号,6650033
6140001083223,株式会社世,兵庫県,宝塚市,安倉南３丁目１番１４号,6650823
6140001083248,株式会社つぼた,兵庫県,宝塚市,栄町１丁目１番９−１００１号,6650845
6140001083272,株式会社国際エジュケーションズ,兵庫県,宝塚市,ゆずり葉台２丁目１番４号,6650025
6140001083289,株式会社ホップツーリスト,兵庫県,宝塚市,湯本町７番１６,6650003
6140001083339,株式会社ホウライ建設,兵庫県,宝塚市,すみれガ丘３丁目６番１−１５１１号,6650847
6140001083363,株式会社関西緑化,兵庫県,宝塚市,山本台３丁目６番１号,6650885
6140001083438,株式会社平成緑化,兵庫県,宝塚市,安倉南１丁目１８番１８号,6650823
6140001083470,株式会社プラスワン,兵庫県,宝塚市,伊孑志３丁目１４番２８−１１６号,6650033
6140001083479,株式会社アスロワーク,兵庫県,宝塚市,光明町２６番２８号,6650045
6140001083512,株式会社まどか,兵庫県,宝塚市,清荒神１丁目８番１０号ファミール根津３０３,6650836
6140001083578,株式会社Ａ・Ｓ・Ｂ,兵庫県,宝塚市,安倉西３丁目７−２,6650825
6140001083611,コーエイテクノ株式会社,兵庫県,宝塚市,高司４丁目３番２３号,6650051
6140001083628,株式会社ｉｎｔｅｒ　ｍｅｄｉａ,兵庫県,宝塚市,小林２丁目７番３６−１０２号,6650034
6140001083636,株式会社宝匠ハウジング,兵庫県,宝塚市,中筋１丁目５番２６号,6650874
6140001083644,株式会社スリーチルドレン,兵庫県,宝塚市,光ガ丘１丁目８番５６号,6650015
6140001083685,株式会社ＭＩメディカル,兵庫県,宝塚市,雲雀丘山手１丁目４番１６号,6650804
6140001083702,武庫メンテナンス株式会社,兵庫県,宝塚市,口谷西３丁目５６番地の１７,6650813
6140001083735,株式会社ハッピージョブ,兵庫県,宝塚市,星の荘２９番１９号,6650866
6140001083743,株式会社ケー・アンド・アイ,兵庫県,宝塚市,南口２丁目１３番１８号,6650011
6140001083842,株式会社ハーモテックジャパン,兵庫県,宝塚市,雲雀丘山手１丁目１９番１２号,6650804
6140001083867,株式会社エンターギミック,兵庫県,宝塚市,仁川月見ガ丘１５番２２号,6650067
6140001083891,株式会社シゲテック,兵庫県,宝塚市,泉ガ丘４番８号,6650851
6140001083966,株式会社ＫＥＣ,兵庫県,宝塚市,平井３丁目３番７号,6650816
6140001084015,株式会社中山不動産,兵庫県,宝塚市,中筋１丁目１番６号,6650874
6140001084031,ストークゴルフ株式会社,兵庫県,宝塚市,平井５丁目６番２３号,6650816
6140001084072,株式会社宮本設計,兵庫県,宝塚市,野上１丁目２番７号,6650022
6140001084130,重冨工業株式会社,兵庫県,宝塚市,ゆずり葉台２丁目１４番１９号,6650025
6140001084139,株式会社明輝舎,兵庫県,宝塚市,中州１丁目１０−２０,6650021
6140001084171,アイビーシーコンサルティング株式会社,兵庫県,宝塚市,仁川北２丁目１３番４６−４０３,6650061
6140001084238,株式会社プレジール,兵庫県,宝塚市,雲雀丘１丁目８番３４号,6650805
6140001084279,株式会社Ｉｎｔｅｒ−ｌｉｎｋ,兵庫県,宝塚市,中筋５丁目１５番１号,6650874
6140001084295,株式会社ドリームライフ,兵庫県,宝塚市,伊孑志３丁目１６番３２号,6650033
6140001084320,株式会社ＳＩＮ,兵庫県,宝塚市,寿町６番１４−９号,6650865
6140001084361,株式会社スリー・アール,兵庫県,宝塚市,高司１丁目１２番２４−３０５号,6650051
6140001084411,ネットグラフサービス株式会社,兵庫県,宝塚市,安倉西４丁目５６０番地の１０,6650825
6140001084428,株式会社タカガワゴルフサービス,兵庫県,宝塚市,切畑字長尾山１９番１４号,6650808
6140001084460,株式会社エグゼ朋友,兵庫県,宝塚市,安倉北４丁目２番３号,6650821
6140001084469,ディアホーム株式会社,兵庫県,宝塚市,仁川月見ガ丘８番７号,6650067
6140001084510,株式会社ブライト,兵庫県,宝塚市,御殿山４丁目１５番３号,6650841
6140001086589,株式会社パッシブ,兵庫県,宝塚市,米谷２丁目２番２２号,6650831
6140001086944,株式会社マルケン,兵庫県,宝塚市,小浜３丁目２番７号,6650827
6140001087018,株式会社阿部興業,兵庫県,宝塚市,口谷西３丁目１３番１３号,6650813
6140001087166,株式会社Ｎｉｃｅ　Ｗｏｒｋ,兵庫県,宝塚市,安倉西２丁目４−２２,6650825
6140001087620,株式会社ＣＲ,兵庫県,宝塚市,中州１丁目３番２８号,6650021
6140001088189,株式会社グローリーパレスＩＭＺ,兵庫県,宝塚市,中筋７丁目２番２号,6650874
6140001088247,株式会社ティー・エイチ・エム,兵庫県,宝塚市,旭町３丁目２３番２５号,6650835
6140001089856,株式会社ＶｉＶｉ　Ｊｅｗｅｌ,兵庫県,宝塚市,すみれガ丘３丁目２番１−２０２号,6650847
6140001089947,株式会社プラットフィールド,兵庫県,宝塚市,安倉北２丁目１８番２７号,6650821
6140001089955,株式会社ウィンポイント,兵庫県,宝塚市,武庫川町５番３６−１１０１,6650844
6140001090517,株式会社ちおん,兵庫県,宝塚市,安倉南４丁目１９番５号,6650823
6140001090525,株式会社ワンステップ,兵庫県,宝塚市,仁川北２丁目１０番２９号１０３,6650061
6140001090640,株式会社タカケンホーム,兵庫県,宝塚市,安倉南２丁目１９−１６,6650823
6140001091325,株式会社Ｌｉｆｅ　Ｉｎｄｅｘ,兵庫県,宝塚市,仁川月見ガ丘２番４４号,6650067
6140001091440,株式会社ＦＯＬ,兵庫県,宝塚市,山手台西４丁目１０番８号,6650886
6140001092091,株式会社和コンパニーア,兵庫県,宝塚市,山本台３丁目７番１５号,6650885
6140001092232,株式会社ＯＬＬＩＥ　ＣＲＥＡＴＩＯＮ,兵庫県,宝塚市,紅葉ガ丘５番２６号,6650006
6140001092331,株式会社アグレ,兵庫県,宝塚市,小林４丁目７番３７−１号,6650034
6140001092380,株式会社ジェネシス,兵庫県,宝塚市,仁川北２丁目１３番２０−６１２号,6650061
6140001092463,株式会社ＢＩＧＢＥＡＲ,兵庫県,宝塚市,中野町２２番４０カリフォルニアドリーム１１４号室,6650056
6140001093172,シマテック株式会社,兵庫県,宝塚市,中筋山手５丁目６番５２号,6650875
6140001093593,株式会社グラストマイル,兵庫県,宝塚市,逆瀬台６丁目３番１号,6650024
6140001093651,株式会社Ｔｈｉｓ　Ｉｓ　Ｓｔｙｌｅ,兵庫県,宝塚市,栄町２丁目１０番２６号,6650845
6140001093866,株式会社空間創飾Ｍｉｒｏｋｕ,兵庫県,宝塚市,中野町２２番３１号,6650056
6140001094897,株式会社アルフィックス,兵庫県,宝塚市,山手台西２丁目３０番３号,6650886
6140001095152,株式会社武田建設,兵庫県,宝塚市,中野町２２−２６,6650056
6140001095227,青沼ホームテック株式会社,兵庫県,宝塚市,仁川高丸３丁目３番２６号,6650063
6140001095508,株式会社ｈａｎａ−ｔｏｍｏ,兵庫県,宝塚市,山手台西２丁目３２番５号,6650886
6140001095805,株式会社Ｌｉｅｎ,兵庫県,宝塚市,武庫川町６番２５号,6650844
6140001095854,株式会社グランデアイル,兵庫県,宝塚市,野上２丁目３番２５号,6650022
6140001096349,株式会社スサノオ・インベスト＆カンパニー,兵庫県,宝塚市,高司１丁目８番２０号,6650051
6140001096423,株式会社Ｔｅｒａｓｕ　ｌａｂ,兵庫県,宝塚市,すみれガ丘３丁目２番１−１２１８号,6650847
6140001096919,株式会社七福神,兵庫県,宝塚市,湯本町６番９号,6650003
6140001096943,株式会社ＡＬＬＥＺ,兵庫県,宝塚市,安倉南３丁目３番５−２０３号,6650823
6140001097074,株式会社住環境企画,兵庫県,宝塚市,山本中３丁目１番２１号,6650883
6140001097132,株式会社レジデンシャル不動産,兵庫県,宝塚市,南口１丁目６番２７号,6650011
6140001097371,株式会社逆瀬川不動産,兵庫県,宝塚市,伊孑志３丁目７番１２号,6650033
6140001097405,アイウェルネス株式会社,兵庫県,宝塚市,安倉中２丁目６番１７号,6650822
6140001097842,テークケア株式会社,兵庫県,宝塚市,米谷１丁目２５番２号,6650831
6140001098106,イデアソリューション株式会社,兵庫県,宝塚市,南口２丁目１４番５号,6650011
6140001098320,株式会社ＭＯＲＩＳＨＯＵ,兵庫県,宝塚市,安倉中１丁目１１番６号,6650822
6140001098386,株式会社インテルマザース,兵庫県,宝塚市,小林５丁目２番４７号,6650034
6140001098832,株式会社ラ・ビスタ宝塚住販,兵庫県,宝塚市,すみれガ丘２丁目５番１号,6650847
6140001098923,株式会社ＱｕＥＥＮ　ＥｙＥＳ,兵庫県,宝塚市,南口１丁目１６番４号,6650011
6140001098931,バラエンクリエイティブ株式会社,兵庫県,宝塚市,山本中２丁目１５番８号,6650883
6140001098980,株式会社ゆずり葉,兵庫県,宝塚市,ゆずり葉台２丁目３番５号,6650025
6140001099285,株式会社たいあん自動車,兵庫県,宝塚市,安倉西３丁目７番２号,6650825
6140001099310,東山パートナーズ株式会社,兵庫県,宝塚市,川面６丁目２１番５０号,6650842
6140001099715,株式会社ＲＥ地域計画,兵庫県,宝塚市,南口１丁目１０番６号,6650011
6140001100003,株式会社和栄舎,兵庫県,宝塚市,野上１丁目１番３号,6650022
6140001100242,西日本住友サービス株式会社,兵庫県,宝塚市,中州１丁目３番２０号,6650021
6140001100317,株式会社ＴｏｐＷｏｒｋｓ,兵庫県,宝塚市,梅野町３番２６号,6650004
6140001100804,司造園設計株式会社,兵庫県,宝塚市,中山五月台６丁目２番１３号,6650871
6140001100878,株式会社Ｙ’Ｓ　ＧＡＲＡＧＥ,兵庫県,宝塚市,小浜２丁目５番１９号西村ビル１Ｆ,6650827
6140001101505,ネクセンチュアコンサルティング株式会社,兵庫県,宝塚市,川面６丁目２１番２４号,6650842
6140001101595,株式会社アール・オー・エイチ,兵庫県,宝塚市,山本台３丁目１５番９号,6650885
6140001101629,株式会社とんぼＧｒｅｅｎ,兵庫県,宝塚市,長谷字道谷１−２２９,6691204
6140001101942,株式会社ＴＦＣ,兵庫県,宝塚市,鹿塩１丁目２３０番地の３,6650054
6140001102040,株式会社エムディプロビジョン,兵庫県,宝塚市,仁川高台２丁目３番１３号,6650062
6140001102057,株式会社ａｎｔ,兵庫県,宝塚市,仁川高丸１丁目１５番１５号,6650063
6140001102552,株式会社ホープライン,兵庫県,宝塚市,旭町３丁目７番１−２１２号,6650835
6140001102742,株式会社トゥモローデザイン,兵庫県,宝塚市,山手台東３丁目１４番４号,6650887
6140001102750,タカラ電機株式会社,兵庫県,宝塚市,山本西３丁目６番１０号,6650884
6140001102890,株式会社リノテックＥＲ,兵庫県,宝塚市,川面６丁目１２番９号,6650842
6140001103146,株式会社和,兵庫県,宝塚市,中山台１丁目１−８,6650876
6140001104251,株式会社山崎建装,兵庫県,宝塚市,金井町４番５３号ピュアサツキ１０３号,6650824
6140001104458,株式会社Ａ・Ｐコンサルタント,兵庫県,宝塚市,中山寺１丁目７番１２号,6650861
6140001104490,株式会社キープグリーン,兵庫県,宝塚市,中山五月台５丁目２番２０−５０１号,6650871
6140001104755,株式会社ケアプラス,兵庫県,宝塚市,小林２丁目６番４号ツインティ木本１０２号,6650034
6140001105159,株式会社Ｓ．Ｓ．Ｄ,兵庫県,宝塚市,湯本町５番３−３０５号,6650003
6140001105464,株式会社満商店,兵庫県,宝塚市,売布２丁目８番１２,6650852
6140001105976,株式会社新井興業,兵庫県,宝塚市,安倉南２丁目１０番１５号,6650823
6140001106058,株式会社メイシーズ,兵庫県,宝塚市,千種１丁目４番２０号,6650072
6140001106388,株式会社一豊,兵庫県,宝塚市,梅野町１番１−３１０８号,6650004
6140001106999,株式会社中宝,兵庫県,宝塚市,口谷西３丁目１６番１０号,6650813
6140001107832,株式会社ＯＫＵＴＥＣ,兵庫県,宝塚市,山手台東２丁目８番１３号,6650887
6140001107923,ｅＣｈａｉｎ　Ｔｅｃｈｎｏｌｏｇｙ　Ｊａｐａｎ株式会社,兵庫県,宝塚市,すみれガ丘３丁目５番２号ラ・ビスタ宝塚エスティオ２番館１０１０号,6650847
6140001108418,株式会社ＹＭＤ,兵庫県,宝塚市,安倉南４丁目２０番６号,6650823
6140001108442,株式会社ＥＮＤＡ　ＣＯＳＭＥＴＩＣＳ,兵庫県,宝塚市,中筋山手２丁目１０番１号,6650875
6140001109300,株式会社三佐和,兵庫県,宝塚市,栄町１丁目１８番２号,6650845
6140001110472,株式会社エイチシーマネジメント,兵庫県,宝塚市,平井山荘１１番１８−２０４号山本方,6650817
6140001110613,本間不動産株式会社,兵庫県,宝塚市,花屋敷荘園１丁目１番１４号,6650802
6140001110704,株式会社吉建設工業,兵庫県,宝塚市,中州１丁目５番１−２０４号,6650021
6140001110902,三亀管財株式会社,兵庫県,宝塚市,栄町１丁目１番１１号,6650845
6140001110968,株式会社マナファーレ,兵庫県,宝塚市,口谷西３丁目５８番地の３ダイアパレス４０１号,6650813
6140001111009,ＩＮＴＥＲＩＯＲ　ＤＩＳＫ株式会社,兵庫県,宝塚市,末成町２７−５−１０３,6650044
6140001111181,田中松壽園株式会社,兵庫県,宝塚市,安倉南４丁目１３番３８号,6650823
6140001112213,株式会社輝,兵庫県,宝塚市,泉ガ丘１番１１号,6650851
6140001113021,株式会社大島総業,兵庫県,宝塚市,中筋山手１丁目１４番６号,6650875
6140001113244,株式会社セキュアベースコンサルティング,兵庫県,宝塚市,山手台東２丁目１１番２号,6650887
6140001114176,アントク興産株式会社,兵庫県,宝塚市,花屋敷松ガ丘４番１３号,6650801
6140001114804,株式会社ＴＯＮＥ,兵庫県,宝塚市,逆瀬川１丁目１４番１７号ジャルダン参番館３０２号,6650035
6140001114952,株式会社ＢａａＳ,兵庫県,宝塚市,山本南１丁目３０番５−２号,6650882
6140001115083,株式会社ｍｏｍｐ,兵庫県,宝塚市,小林５丁目４番３１号１Ｆ,6650034
6140001115587,ＯＡＳＩＳ株式会社,兵庫県,宝塚市,売布東の町１０番６号,6650867
6140001115827,株式会社Ｆｌｅｅｋ,兵庫県,宝塚市,仁川高丸２丁目１１番１３号,6650063
6140001116065,株式会社安倉ライフ,兵庫県,宝塚市,安倉中３丁目６番６号,6650822
6140001116230,株式会社文之光,兵庫県,宝塚市,小林５丁目８番３１号,6650034
6140001116759,株式会社エスコム,兵庫県,宝塚市,山手台東１丁目２番１−５０５号,6650887
6140001117063,大成冷熱株式会社,兵庫県,宝塚市,御所の前町１５番２０号リバーサイド宝塚２０１号室,6650041
6140001117170,株式会社ダリアジェンヌ,兵庫県,宝塚市,上佐曽利字大瀬２３番地,6691202
6140001117278,株式会社和,兵庫県,宝塚市,栄町１丁目６番２号花のみちセルカ２番館１０３号,6650845
6140001117550,株式会社ルラシオ,兵庫県,宝塚市,栄町３丁目３番１０号,6650845
6140001117963,株式会社Ｐｒｉｍａｖｅｒａ,兵庫県,宝塚市,雲雀丘１丁目２番１１号,6650805
6140001118334,株式会社Ｂｌｏｏｍｉｎ,兵庫県,宝塚市,武庫川町１番５−１１０６号,6650844
6140001118540,株式会社Ｔ．ＤＡＮＫＥ,兵庫県,宝塚市,逆瀬台５丁目４番１号,6650024
6140001119010,宝塚ファーム株式会社,兵庫県,宝塚市,塔の町１番１３号,6650073
6140001119027,株式会社ロータス,兵庫県,宝塚市,すみれガ丘２丁目３番１−５０３号,6650847
6140001119299,株式会社ＳＴＮ,兵庫県,宝塚市,湯本町４−８,6650003
6140001119340,ＭｉｇｈｔｙＮｅｏ株式会社,兵庫県,宝塚市,花屋敷つつじガ丘９番８号,6650803
6140001119373,三木人財エンジニアリング株式会社,兵庫県,宝塚市,武庫山２丁目４番８９号,6650005
6140001119877,株式会社空鷹,兵庫県,宝塚市,雲雀丘山手２丁目１０番１１号,6650804
6140001120496,株式会社ゴスペルミニストリーＳ．Ｃ．Ａ,兵庫県,宝塚市,中筋１丁目１１番６−２号,6650874
6140001120538,株式会社ビズリンク,兵庫県,宝塚市,中筋８丁目１１番１２−１０４号,6650874
6140001120785,株式会社Ｓｌｅｅｐ　Ｐｒｏ．,兵庫県,宝塚市,仁川台１７４,6650074
6140001121965,株式会社クラウニー,兵庫県,宝塚市,清荒神２丁目２７番１８−１号,6650836
6140001122014,株式会社Ｇｅｍｓｔｏｎｅ,兵庫県,宝塚市,花屋敷荘園３丁目８番３号,6650802
6140001122071,株式会社藪内エステートラボ,兵庫県,宝塚市,南口２丁目５番３０号,6650011
6140001123160,株式会社ＩＲＯＤＯＲＩ,兵庫県,宝塚市,川面５丁目１０番３２号,6650842
6140001123210,アン・シャーリー株式会社,兵庫県,宝塚市,武庫川町３番１５号,6650844
6140001123334,株式会社芳樹園,兵庫県,宝塚市,口谷東１丁目２４番１号,6650812
6140001123755,株式会社兵庫ペイント,兵庫県,宝塚市,小林３丁目１０−８−１０２,6650034
6140001123994,昇和実業株式会社,兵庫県,宝塚市,すみれガ丘３丁目３番２−１１８号,6650847
6140001124621,株式会社みずたま不動産ＷＥＳＴ,兵庫県,宝塚市,仁川北３丁目７番１４号ペガサスビル４０２号室,6650061
6140001124860,株式会社ＶＡＮＱ,兵庫県,宝塚市,中山桜台２丁目２２番１号,6650877
6140001124902,株式会社テアレク,兵庫県,宝塚市,星の荘９番６号,6650866
6140001125371,宮本イオス株式会社,兵庫県,宝塚市,中筋山手２丁目９番２号,6650875
6140001125883,株式会社Ｎｏｖｏ,兵庫県,宝塚市,高司１丁目３番８号,6650051
6140001125900,株式会社カサブランカ,兵庫県,宝塚市,武庫川町１番５号,6650844
6140001126774,株式会社アドバンス,兵庫県,宝塚市,伊孑志２丁目１７番３０−１０１号,6650033
6140001127079,ｓｏｕｋｉ株式会社,兵庫県,宝塚市,泉ガ丘１２番２２号,6650851
6140001127376,株式会社光海,兵庫県,宝塚市,山本南１丁目３３番３−２０４号,6650882
6140001127467,株式会社プラットフォーム,兵庫県,宝塚市,鹿塩２丁目１番４−１０１号,6650054
6140001127509,株式会社Ｏｖｅｒ,兵庫県,宝塚市,泉町１９番１３号ハイツ後藤１階,6650864
6140001128192,株式会社ＰＬＡＮＥＴ,兵庫県,宝塚市,山手台東４丁目１７番１号,6650887
6140001128234,Ａｕｔｈｅｎｔｉｃ株式会社,兵庫県,宝塚市,高司５丁目２−１１,6650051
6140001128250,株式会社ＧＲＯＮＩＴＹ,兵庫県,宝塚市,小浜２丁目１番２号,6650827
6140001128333,株式会社ｐｌａｎ．ｄｏ．ｄｏ,兵庫県,宝塚市,山手台東５丁目２１番５号,6650887
6140001128440,株式会社Ｃｏｌｏｒ　Ｄａｙｓ,兵庫県,宝塚市,末成町１８番１−１号,6650044
6140001129273,株式会社みなと,兵庫県,宝塚市,長寿ガ丘１８番２１号,6650001
6140001129728,株式会社ＹＥＮＳＴＵＤＩＯ,兵庫県,宝塚市,中山五月台６丁目１番,6650871
6140001130462,株式会社ＵＳ,兵庫県,宝塚市,逆瀬川１丁目１１−１アピア２、３階３０５−１,6650035
6140001130917,株式会社Ａ．Ｆ．Ｃ．,兵庫県,宝塚市,山手台東５丁目１８番１７号,6650887
6140001131089,ミッキンホームサービス株式会社,兵庫県,宝塚市,南ひばりガ丘１丁目１４番１６号,6650811
6140001131304,おぜでん株式会社,兵庫県,宝塚市,売布２丁目１４番１３−６０７号,6650852
6140001131320,株式会社アートクリア,兵庫県,宝塚市,長尾台２丁目１５番１１号,6650807
6140001131659,株式会社宝塚相続手続センター,兵庫県,宝塚市,逆瀬川１丁目１１番１号アピア２、１階,6650035
6140001131832,Ｙ＆Ｊ株式会社,兵庫県,宝塚市,花屋敷荘園１丁目８番５号,6650802
6140001131849,株式会社ディアド,兵庫県,宝塚市,御殿山３丁目１３番２１号,6650841
6140001132905,株式会社メンテック関西,兵庫県,宝塚市,福井町３２番３９号,6650046
6140001133886,エフアンドアイ株式会社,兵庫県,宝塚市,雲雀丘１丁目９番２９号,6650805
6140001134199,株式会社鰻市,兵庫県,宝塚市,中山桜台７丁目２番２号,6650877
6140001134579,株式会社Ｍａｒｋｅｔｉｎｇ　Ｄｅｓｉｇｎ　Ｎｅｔｗｏｒｋ,兵庫県,宝塚市,武庫川町６−２５−２８０７,6650844
6140001134637,株式会社ＪＰｓｔａｎｃｅ,兵庫県,宝塚市,野上４丁目８−１５,6650022
6140001134918,株式会社ｉｓＭ,兵庫県,宝塚市,野上６丁目３番１−４１５号,6650022
6140001135024,株式会社Ｓ‐Ｔｅｃｈｎｏ,兵庫県,宝塚市,すみれガ丘２丁目１番２−３０８号,6650847
6140001135098,株式会社耀,兵庫県,宝塚市,高司３丁目１番８号,6650051
6140001135346,米谷クリエイト株式会社,兵庫県,宝塚市,米谷１丁目３番１９号,6650831
6140001135981,株式会社ＣＲＡＳ,兵庫県,宝塚市,川面５丁目１０番４０号,6650842
6140001136138,株式会社ＢＬＵＡＢＬＥ,兵庫県,宝塚市,社町２０番７号,6650071
6140001136716,株式会社ＨＫＬ,兵庫県,宝塚市,鹿塩２丁目３番１６−１０１号,6650054
6140001137276,株式会社Ｔｒｉ‐Ｄ　Ｔｒｙ,兵庫県,宝塚市,中野町６番５−５０２号,6650056
6140001137607,株式会社アルコクリエイト,兵庫県,宝塚市,仁川北３丁目７番３８号,6650061
6140001137747,株式会社信,兵庫県,宝塚市,すみれガ丘２丁目３番１−１０１２号,6650847
6140001138480,株式会社Ｔａｋａｒａ　Ｖａｌｕｅ,兵庫県,宝塚市,川面６丁目４番９号,6650842
6140001139140,株式会社ミニーログ,兵庫県,宝塚市,中山桜台６丁目８番１２号,6650877
6140001139322,株式会社ともよドリーム,兵庫県,宝塚市,南口１丁目１４番５号,6650011
6140001139413,株式会社ミラージュ,兵庫県,宝塚市,南口２丁目２番２８−４０３号,6650011
6140001139652,株式会社Ｔｅｎ,兵庫県,宝塚市,雲雀丘３丁目６番２４号,6650805
6140001140189,株式会社ｉＬＡＢＯ,兵庫県,宝塚市,塔の町３番１１−８号,6650073
6140001140255,株式会社山一,兵庫県,宝塚市,末成町３１番２４号グリーンハイツ１０３号,6650044
6140001140362,株式会社Ｒ‐１,兵庫県,宝塚市,安倉中１丁目１３−１８,6650822
6140001140560,株式会社ｗｏｏｈｏｏ,兵庫県,宝塚市,泉ガ丘１２番３０号,6650851
6140001140767,青空株式会社,兵庫県,宝塚市,山本野里１丁目２番１２号,6650814
6140001140833,株式会社ＬＩＮＥ流通,兵庫県,宝塚市,仁川高丸１丁目１７番１４号,6650063
6140001140916,株式会社イイコネクト,兵庫県,宝塚市,中山五月台５丁目２番１０−２０１号,6650871
6140001141245,ＶｉｌｌａＬｉｎｋ株式会社,兵庫県,宝塚市,千種１丁目６番９号,6650072
6140001141476,バーナーエンジニアリング株式会社,兵庫県,宝塚市,光明町３番１３号,6650045
6140001141567,株式会社Ｃｙｃｌａ,兵庫県,宝塚市,美幸町８−５,6650042
6140001142350,株式会社ＪＹエステート,兵庫県,宝塚市,小林５丁目１番３８号,6650034
6140001142400,株式会社ＳＫＲ,兵庫県,宝塚市,川面３丁目２−１５,6650842
6140002066540,宝英商事株式会社,兵庫県,宝塚市,南口１丁目４番２６号,6650011
6140002067571,株式会社ライフサービス,兵庫県,宝塚市,中州１丁目７番１０号,6650021
6140002067951,株式会社エバークリーン,兵庫県,宝塚市,高司５丁目１番４４号,6650051
6140002068248,株式会社ＡＢＣ建築工房,兵庫県,宝塚市,中筋５丁目１３番１５号,6650874
6140002068470,株式会社Ｆａｂｓｉｃ　Ｂｅａｕｔｙ　Ｉｎｔｅｒｎａｔｉｏｎａｌ,兵庫県,宝塚市,野上４丁目８番５５号,6650022
6140003016899,Ｏｃｔｅｔ株式会社,兵庫県,宝塚市,山本台３丁目５番１３号,6650885
6150001025835,株式会社Ｓｔａｒｔ　Ｇａｒｄｅｎ,兵庫県,宝塚市,中州１丁目４番２５号,6650021
7010001133527,株式会社エムズ,兵庫県,宝塚市,売布東の町２１番２２号,6650867
7010001190196,株式会社ＲＡＺＫＡ,兵庫県,宝塚市,山本野里２丁目４番１３号,6650814
7040001031356,株式会社てんてん企画,兵庫県,宝塚市,湯本町９番１２−４０２号,6650003
7120001029400,株式会社テクノ・コア,兵庫県,宝塚市,高司３丁目３番２０−４０５号,6650051
7120001037510,株式会社エム・カンパニー,兵庫県,宝塚市,社町１３番４号,6650071
7120001051619,久保田商事株式会社,兵庫県,宝塚市,清荒神４丁目１番１８号,6650836
7120001056865,株式会社中央ビル,兵庫県,宝塚市,中山桜台３丁目７番１０号,6650877
7120001059819,株式会社アイドマ,兵庫県,宝塚市,南口１丁目１５番２６号,6650011
7120001062780,株式会社木村機械技術亊務所,兵庫県,宝塚市,仁川高丸２丁目５番３８号,6650063
7120001076806,株式会社岳洋社,兵庫県,宝塚市,南口２丁目１０番５号,6650011
7120001083851,株式会社高市,兵庫県,宝塚市,寿楽荘４番２号,6650012
7120001089915,丸一綿業株式会社,兵庫県,宝塚市,南口１丁目６番３１−２０２号,6650011
7120001091301,山口照明株式会社,兵庫県,宝塚市,仁川高丸３丁目１６番２０号,6650063
7120001108220,ライトニング・アンド・カンパニー株式会社,兵庫県,宝塚市,梅野町２番１８宝塚ロジュマン南口２０５号,6650004
7120001112123,株式会社キーストーン,兵庫県,宝塚市,寿楽荘１３番１号,6650012
7120001113212,株式会社ＧＥマネージャーズ,兵庫県,宝塚市,雲雀丘１丁目７番１９号,6650805
7120001113749,株式会社笑絆建設,兵庫県,宝塚市,南ひばりガ丘１丁目８番１０号,6650811
7120001118673,株式会社日本アウトソーシング,兵庫県,宝塚市,南口２丁目１４番３号,6650011
7120001128094,ＮＢコンサルティング株式会社,兵庫県,宝塚市,山手台西２丁目２５番７号,6650886
7120001140256,イノハナ株式会社,兵庫県,宝塚市,小浜２丁目１番１９号,6650827
7120001170716,株式会社秀英カンパニー,兵庫県,宝塚市,雲雀丘２丁目５番６０−３０６号,6650805
7120001187074,株式会社キンダーガーデン,兵庫県,宝塚市,平井山荘１９−３,6650817
7120001204028,株式会社クイーンズダイナー,兵庫県,宝塚市,泉町２７番５号,6650864
7120001210182,株式会社ＩＴＡＹＡ,兵庫県,宝塚市,逆瀬台４丁目１６番３号,6650024
7120001212518,ＩＥＭ株式会社,兵庫県,宝塚市,末成町３９番３号,6650044
7120001212575,株式会社ＫＭＣ,兵庫県,宝塚市,栄町２丁目１番２号,6650845
7120001215719,株式会社顧客時間,兵庫県,宝塚市,武庫川町６番２５−２８０７号,6650844
7120001218762,株式会社和幸,兵庫県,宝塚市,仁川北２丁目１０番１２号,6650061
7120001248561,株式会社ヘリックスプラス,兵庫県,宝塚市,仁川台６３６−２３,6650074
7120001267727,ＬＳ桜株式会社,兵庫県,宝塚市,泉町４番２８号,6650864
7120001270508,株式会社ＨｉＮＴ,兵庫県,宝塚市,山手台東４丁目７番４号,6650887
7120001279755,株式会社ＭＩＲＡＫＯ,兵庫県,宝塚市,長谷字道谷１番地の１１６,6691204
7120101047814,株式会社プリームス,兵庫県,宝塚市,売布２丁目１４番１４号,6650852
7120901005203,アドバンソフト株式会社,兵庫県,宝塚市,すみれガ丘３丁目６番１−１３１４号,6650847
7120901010269,亜細亜物産株式会社,兵庫県,宝塚市,山手台東５丁目３０番６号,6650887
7120901030250,ＩＭＵ株式会社,兵庫県,宝塚市,小林３丁目６番８号アネックス２０１,6650034
7120901031075,株式会社デジタルアーツインスティテュート,兵庫県,宝塚市,武庫川町１番５−１８０４号,6650844
7120901036462,株式会社アイジー,兵庫県,宝塚市,平井山荘１８番６号,6650817
7120901037213,株式会社ウエスト・マウンテン,兵庫県,宝塚市,中山寺１丁目３番８号,6650861
7122001019851,平野島圖株式会社,兵庫県,宝塚市,すみれガ丘２丁目１番１−１０１０号,6650847
7130001050371,株式会社ナック,兵庫県,宝塚市,中山台１丁目３番９号,6650876
7130001065477,株式会社プロシード,兵庫県,宝塚市,大成町２番１７号サニーコート１０１,6650055
7140001023120,株式会社ウッドワン関西,兵庫県,宝塚市,泉町２５番１号,6650864
7140001029316,株式会社キュウダイ,兵庫県,宝塚市,宝梅２丁目４番２０号,6650013
7140001048225,株式会社関西住宅,兵庫県,宝塚市,中野町４番２０号クレストビル,6650056
7140001049330,ジヤパントラツク大阪株式会社,兵庫県,宝塚市,山本南１丁目１９番１３号,6650882
7140001068108,株式会社エスター,兵庫県,宝塚市,小林１丁目１番３９号,6650034
7140001069361,株式会社高島,兵庫県,宝塚市,逆瀬台２丁目７番３号,6650024
7140001070096,兵庫水道設備株式会社,兵庫県,宝塚市,谷口町２番１６号,6650076
7140001073801,株式会社成海食品,兵庫県,宝塚市,すみれガ丘３丁目５番２−１４２０号,6650847
7140001074452,メリーホーム株式会社,兵庫県,宝塚市,逆瀬川１丁目１番４８号,6650035
7140001074618,株式会社ＮＫグリーン,兵庫県,宝塚市,高司４丁目１番９号,6650051
7140001078172,近江住宅株式会社,兵庫県,宝塚市,逆瀬台１丁目１１番４−４１３号,6650024
7140001080756,株式会社阪神リース,兵庫県,宝塚市,中筋１丁目９−１８セジュール中山１０２,6650874
7140001080896,株式会社サンクリーン　フォースタッグ,兵庫県,宝塚市,南ひばりガ丘２丁目１３番１−１０９号,6650811
7140001081143,株式会社アートマン,兵庫県,宝塚市,光明町１番５−２０６号,6650045
7140001081151,株式会社秋義建設,兵庫県,宝塚市,小林４丁目７番４４号,6650034
7140001081168,株式会社アットホーム,兵庫県,宝塚市,逆瀬川１丁目７番１６号,6650035
7140001081176,株式会社アルッド,兵庫県,宝塚市,亀井町８番４７号,6650047
7140001081184,株式会社育種園,兵庫県,宝塚市,平井２丁目１４番１５号,6650816
7140001081192,株式会社石原,兵庫県,宝塚市,栄町３丁目１番１１−１１０１号,6650845
7140001081201,株式会社インターメースコーポレーション,兵庫県,宝塚市,千種１丁目１６番１４号,6650072
7140001081218,岩井株式会社,兵庫県,宝塚市,宝梅１丁目１２番４８号,6650013
7140001081226,株式会社上田屋,兵庫県,宝塚市,安倉南４丁目４番３７号,6650823
7140001081234,宇都宮建設株式会社,兵庫県,宝塚市,栄町２丁目１番２号,6650845
7140001081242,辻本乳業株式会社,兵庫県,宝塚市,口谷西３丁目６４番１号,6650813
7140001081267,胡興産株式会社,兵庫県,宝塚市,逆瀬台４丁目１３番５号,6650024
7140001081275,エルフィガロ株式会社,兵庫県,宝塚市,逆瀬川２丁目７番４９号,6650035
7140001081283,株式会社オー・シー・エス,兵庫県,宝塚市,青葉台１丁目１番４−２２２号,6650014
7140001081291,株式会社大阪ニュース,兵庫県,宝塚市,玉瀬字大岩谷１番地の１０７,6691231
7140001081300,大羽不動産株式会社,兵庫県,宝塚市,雲雀丘２丁目１番６号,6650805
7140001081309,株式会社岡本電機商会,兵庫県,宝塚市,平井２丁目７番１１号,6650816
7140001081325,株式会社カンズ,兵庫県,宝塚市,逆瀬川１丁目１１番１号,6650035
7140001081333,株式会社関西セールスプロモーション,兵庫県,宝塚市,仁川高台１丁目２番１０号,6650062
7140001081358,カノマックス株式会社,兵庫県,宝塚市,湯本町９番５−１８０５号,6650003
7140001081366,神谷興産株式会社,兵庫県,宝塚市,高司４丁目３番２７号,6650051
7140001081374,株式会社きく,兵庫県,宝塚市,安倉中５丁目１４番２１号,6650822
7140001081399,株式会社北野造園土木,兵庫県,宝塚市,安倉北２丁目１０番１２号,6650821
7140001081408,キムラシール株式会社,兵庫県,宝塚市,野上６丁目９番７号,6650022
7140001081416,株式会社京千,兵庫県,宝塚市,亀井町１２−４０,6650047
7140001081424,協和技研メンテナンス株式会社,兵庫県,宝塚市,中筋山手１丁目１４番４号,6650875
7140001081432,株式会社キャリー,兵庫県,宝塚市,高松町１番７３号,6650043
7140001081440,クマモト食品工業株式会社,兵庫県,宝塚市,武庫川町３番２０号,6650844
7140001081449,株式会社倉田工務店,兵庫県,宝塚市,小林５丁目９番８２号,6650034
7140001081457,株式会社ケーアンドワイ,兵庫県,宝塚市,雲雀丘１丁目１２番１０号,6650805
7140001081465,キャスト・オン株式会社,兵庫県,宝塚市,栄町３丁目１番２５号ノヴァンタ宝塚１０２,6650845
7140001081473,甲陽企業株式会社,兵庫県,宝塚市,仁川高台１丁目２番５０号,6650062
7140001081481,株式会社九重,兵庫県,宝塚市,安倉北２丁目１３番１３号,6650821
7140001081498,小林土地株式会社,兵庫県,宝塚市,小林１丁目３番１９号,6650034
7140001081507,株式会社サンエステート,兵庫県,宝塚市,栄町１丁目１６番１８号,6650845
7140001081523,三賀産業株式会社,兵庫県,宝塚市,湯本町７番６−２０２号,6650003
7140001081531,株式会社産業技術研究所,兵庫県,宝塚市,平井山荘２２番３３号,6650817
7140001081548,株式会社澤岡鐵工所,兵庫県,宝塚市,末成町３９番８号,6650044
7140001081556,株式会社リフレ三和建設,兵庫県,宝塚市,旭町３丁目２番１０号,6650835
7140001081564,株式会社シーエッチ建築工房,兵庫県,宝塚市,仁川北３丁目２番１２号,6650061
7140001081572,篠原管財株式会社,兵庫県,宝塚市,花屋敷つつじガ丘１１番１５号,6650803
7140001081589,株式会社シムラ,兵庫県,宝塚市,高司１丁目５番１３号,6650051
7140001081597,株式会社住宅センター,兵庫県,宝塚市,中筋山手２丁目５番４号ドルフ中山山手２０６号,6650875
7140001081606,株式会社伸和,兵庫県,宝塚市,中山五月台２丁目１２番１４号,6650871
7140001081630,株式会社西部,兵庫県,宝塚市,大吹町１番２６号,6650057
7140001081647,株式会社総建,兵庫県,宝塚市,米谷１丁目３５番４号,6650831
7140001081655,宝塚衛生株式会社,兵庫県,宝塚市,月見山２丁目９番１０号,6650002
7140001081663,宝塚観光開発株式会社,兵庫県,宝塚市,武庫山２丁目１３番９号,6650005
7140001081671,株式会社宝塚管理事務所,兵庫県,宝塚市,安倉北２丁目５番３５号,6650821
7140001081688,株式会社宝塚ボウリングセンター,兵庫県,宝塚市,南口２丁目５番３８号,6650011
7140001081696,宝塚緑化株式会社,兵庫県,宝塚市,山本中３丁目１２番７号,6650883
7140001081705,株式会社ダイコク,兵庫県,宝塚市,谷口町２番１号,6650076
7140001081713,大道建設株式会社,兵庫県,宝塚市,宮の町５番２０号,6650843
7140001081738,株式会社竹田土建,兵庫県,宝塚市,小浜２丁目１番５０号,6650827
7140001081746,株式会社タケワ建設,兵庫県,宝塚市,福井町２６番２６号,6650046
7140001081754,多田金属工業株式会社,兵庫県,宝塚市,高司５丁目３番３３号,6650051
7140001081762,株式会社田中植物園,兵庫県,宝塚市,山本丸橋１丁目１２番８号,6650815
7140001081779,株式会社津久司製菓,兵庫県,宝塚市,切畑字検見１番地,6691241
7140001081787,株式会社ティ・エム・ジィ,兵庫県,宝塚市,ゆずり葉台２丁目３番１２号,6650025
7140001081795,株式会社デザインオフィスクリエイト,兵庫県,宝塚市,仁川高丸２丁目２番１８号,6650063
7140001081812,東洋物産株式会社,兵庫県,宝塚市,伊孑志４丁目１番１号,6650033
7140001081820,豊田商事株式会社,兵庫県,宝塚市,伊孑志２丁目１２番２９号,6650033
7140001081829,株式会社長尾山,兵庫県,宝塚市,川面字長尾山１５番３２７,6650848
7140001081837,株式会社ナック,兵庫県,宝塚市,中山五月台７丁目１番５０８号,6650871
7140001081845,株式会社仁川ガスの店,兵庫県,宝塚市,駒の町３番５号,6650053
7140001081853,西日本エンタープライズ株式会社,兵庫県,宝塚市,仁川高台１丁目１０番７号,6650062
7140001081886,ニュートラル貿易株式会社,兵庫県,宝塚市,伊孑志３丁目８番２０号馬殿第一ビル３階３０１号,6650033
7140001081894,株式会社エフ・エス・ビィ,兵庫県,宝塚市,安倉中５丁目１５番９号,6650822
7140001081903,株式会社ハッピイヒル,兵庫県,宝塚市,安倉南２丁目３番１６号,6650823
7140001081911,株式会社林田工務店,兵庫県,宝塚市,小林３丁目６番２５号,6650034
7140001081928,株式会社菱光,兵庫県,宝塚市,長寿ガ丘１７番２５号,6650001
7140001081936,株式会社平岡,兵庫県,宝塚市,月見山１丁目１番１３号,6650002
7140001081969,株式会社プレーン,兵庫県,宝塚市,青葉台１丁目１４番２３号,6650014
7140001081977,フレックス株式会社,兵庫県,宝塚市,亀井町１０番６３−４５３号,6650047
7140001081985,ベル商事株式会社,兵庫県,宝塚市,山本台１丁目１２番１０号,6650885
7140001082001,北海造園土木株式会社,兵庫県,宝塚市,今里町２１番６号,6650862
7140001082026,丸伊商事株式会社,兵庫県,宝塚市,中山桜台６丁目１０番９号,6650877
7140001082034,株式会社丸進引越センター,兵庫県,宝塚市,中山五月台３丁目２番７号,6650871
7140001082042,三池電気工業株式会社,兵庫県,宝塚市,花屋敷松ガ丘２番２４号,6650801
7140001082067,株式会社宮村商会,兵庫県,宝塚市,逆瀬川２丁目６番１０号,6650035
7140001082083,株式会社メディアハウス,兵庫県,宝塚市,高司１丁目３番１号,6650051
7140001082100,株式会社山内,兵庫県,宝塚市,高松町４番７号,6650043
7140001082109,株式会社山新建設,兵庫県,宝塚市,今里町８５番地の４,6650862
7140001082117,株式会社山武,兵庫県,宝塚市,逆瀬台１丁目１１番３−８０１号,6650024
7140001082125,株式会社ヤマモ,兵庫県,宝塚市,仁川月見ガ丘２番６８号,6650067
7140001082133,株式会社山村屋,兵庫県,宝塚市,福井町１４番２号,6650046
7140001082141,ユカミ株式会社,兵庫県,宝塚市,雲雀丘１丁目１３番２９号,6650805
7140001082158,ワイズシステム株式会社,兵庫県,宝塚市,川面４丁目１番３６号,6650842
7140001082174,株式会社菱翔システム,兵庫県,宝塚市,泉町１５番１号,6650864
7140001082182,株式会社ローレルマネージメント,兵庫県,宝塚市,平井１丁目１４番１６号,6650816
7140001082190,旭塗装商事株式会社,兵庫県,宝塚市,中山桜台６丁目４番８号,6650877
7140001082199,作南殖産株式会社,兵庫県,宝塚市,中山台２丁目１番７号,6650876
7140001082216,株式会社テイエスミュージカルファンデーション,兵庫県,宝塚市,山手台東２丁目２番７号,6650887
7140001082224,株式会社メンテック,兵庫県,宝塚市,山本東１丁目１４番５号,6650881
7140001082232,株式会社津田吉,兵庫県,宝塚市,雲雀丘１丁目５番１４号,6650805
7140001082249,株式会社マウンテンロック,兵庫県,宝塚市,美座２丁目１５番９号,6650834
7140001082257,コスモ貿易株式会社,兵庫県,宝塚市,伊孑志３丁目１４番２８−５２１号,6650033
7140001082265,株式会社アスティス,兵庫県,宝塚市,売布２丁目１４番３０号,6650852
7140001082273,株式会社コーンズ・ジャパン,兵庫県,宝塚市,小林２丁目１２番３２−７０２号,6650034
7140001082281,株式会社アクセル,兵庫県,宝塚市,鹿塩１丁目２番２０号,6650054
7140001082298,株式会社エスエスサービス,兵庫県,宝塚市,米谷１丁目１２番３号,6650831
7140001082323,新明和工業株式会社,兵庫県,宝塚市,新明和町１番１号,6650052
7140001082331,株式会社インターゴルフ,兵庫県,宝塚市,野上２丁目４番９−２０５号,6650022
7140001082348,大国食品株式会社,兵庫県,宝塚市,末広町１番２４号,6650031
7140001082356,パン・アメリカン石油株式会社,兵庫県,宝塚市,野上２丁目２番３２号,6650022
7140001082364,株式会社Ｇ．Ｂ．Ｓ,兵庫県,宝塚市,三笠町３番６号,6650863
7140001082389,エアーキャップテレビ株式会社,兵庫県,宝塚市,中山五月台３丁目７番１号,6650871
7140001082406,株式会社シンワ建設,兵庫県,宝塚市,米谷１丁目１３番１号,6650831
7140001082422,横浜不動産株式会社,兵庫県,宝塚市,ゆずり葉台２丁目１０番１９号,6650025
7140001082521,勝栄商事株式会社,兵庫県,宝塚市,中州１丁目２番２４−４０７号,6650021
7140001082562,日本総合保険調査株式会社,兵庫県,宝塚市,口谷東１丁目５番１−４０２号,6650812
7140001082587,株式会社クリーンボーイ,兵庫県,宝塚市,鹿塩１丁目２１６番地の１仁川グリーンハイツ１０４号,6650054
7140001082595,株式会社泉建設,兵庫県,宝塚市,安倉中４丁目１９番３５号,6650822
7140001082612,新日本産業株式会社,兵庫県,宝塚市,花屋敷荘園３丁目８番７号,6650802
7140001082620,株式会社システムギアダイレクト,兵庫県,宝塚市,安倉中５丁目１１番１２号,6650822
7140001082645,大阪査定サービス株式会社,兵庫県,宝塚市,雲雀丘山手１丁目１番２３−１０１号,6650804
7140001082653,株式会社フジテクノガルバー,兵庫県,宝塚市,雲雀丘山手２丁目２１番３３号,6650804
7140001082686,株式会社宝塚労働事業団,兵庫県,宝塚市,泉町１０番１号,6650864
7140001082703,株式会社エクシードバリュー,兵庫県,宝塚市,栄町２丁目２番１号ソリオ３　４階,6650845
7140001082736,株式会社ママズケア,兵庫県,宝塚市,御殿山３丁目１３番２５号,6650841
7140001082752,株式会社ヤマブン,兵庫県,宝塚市,ゆずり葉台２丁目２番８号,6650025
7140001082769,Ｋ・Ｔ＆Ｃｏｍｐａｎｙ株式会社,兵庫県,宝塚市,宝松苑１３番３６−３１９号,6650016
7140001082777,株式会社セル・コーポレーション,兵庫県,宝塚市,光明町２２番７号,6650045
7140001082785,石田木材ワークス株式会社,兵庫県,宝塚市,御殿山４丁目１３番１５号,6650841
7140001082793,アイリージャパン株式会社,兵庫県,宝塚市,中山五月台５丁目２番５−１０１号,6650871
7140001082802,株式会社エス・エー,兵庫県,宝塚市,山本南２丁目９番１３−３０２号,6650882
7140001082819,ライナーズプラニング株式会社,兵庫県,宝塚市,平井山荘３番３−３０５号,6650817
7140001082835,株式会社フジックス,兵庫県,宝塚市,千種１丁目１２番２５号,6650072
7140001082884,株式会社シナプス,兵庫県,宝塚市,御殿山３丁目１６番１６号,6650841
7140001082901,株式会社佐藤企画,兵庫県,宝塚市,中山五月台５丁目６番１３号,6650871
7140001082934,株式会社シンセイオフィス,兵庫県,宝塚市,中筋２丁目７番２４号,6650874
7140001082959,株式会社ビービーエム,兵庫県,宝塚市,湯本町３番１１号,6650003
7140001082967,株式会社Ｋｏｂａｙａｓｈｉ,兵庫県,宝塚市,御殿山４丁目１８番２号,6650841
7140001082975,株式会社ソレト,兵庫県,宝塚市,紅葉ガ丘１３−１２,6650006
7140001082983,大新産業株式会社,兵庫県,宝塚市,光明町２３番１２号,6650045
7140001083016,株式会社ＣＣＷホールディングス,兵庫県,宝塚市,亀井町１０番６３−７０９号,6650047
7140001083024,株式会社アルク,兵庫県,宝塚市,中山台２丁目１５番１２号,6650876
7140001083040,エコミュ株式会社,兵庫県,宝塚市,小林２丁目１２番２５ー１１３号,6650034
7140001083057,株式会社石塚土木,兵庫県,宝塚市,宮の町５番２０号,6650843
7140001083098,株式会社堀内八郎兵衛,兵庫県,宝塚市,清荒神１丁目１１番２３号,6650836
7140001083107,株式会社地域ＩＣＴ研究所,兵庫県,宝塚市,宝梅１丁目１番４０号,6650013
7140001083131,株式会社ＬＥＥ食品,兵庫県,宝塚市,光ガ丘２丁目１６番８号,6650015
7140001083189,株式会社武蔵,兵庫県,宝塚市,山本台３丁目７番５号,6650885
7140001083197,株式会社レイコーポレーション,兵庫県,宝塚市,雲雀丘山手２丁目１５番１２号,6650804
7140001083222,株式会社芝匠,兵庫県,宝塚市,山本中１丁目１番１６号,6650883
7140001083239,株式会社ケイ・トゥ・ビィ,兵庫県,宝塚市,栄町３丁目６番７号,6650845
7140001083255,株式会社ＭＹＴ,兵庫県,宝塚市,安倉中３丁目１１番１２号,6650822
7140001083296,株式会社志光,兵庫県,宝塚市,南口１丁目１０番２９号,6650011
7140001083305,株式会社ＳＰＵ企画,兵庫県,宝塚市,小浜２丁目５番１９号,6650827
7140001083313,株式会社宝塚電機,兵庫県,宝塚市,川面５丁目１５番２８号,6650842
7140001083338,株式会社ナデシコ,兵庫県,宝塚市,仁川北２丁目１２番８号仁川北プレゾン５０２,6650061
7140001083346,株式会社中西宝南園,兵庫県,宝塚市,南ひばりガ丘３丁目１６番８号,6650811
7140001083362,株式会社アスゲット,兵庫県,宝塚市,平井５丁目９番１３−４号,6650816
7140001083395,プログレス不動産販売株式会社,兵庫県,宝塚市,中山寺１丁目１５番４号中山パインビル２階,6650861
7140001083437,サイエンス映像シンクプロダクション株式会社,兵庫県,宝塚市,逆瀬川１丁目１３番１号,6650035
7140001083445,株式会社タクト,兵庫県,宝塚市,中山五月台７丁目１番３０８号,6650871
7140001083486,株式会社創美建築事務所,兵庫県,宝塚市,伊孑志１丁目６−２５−１０２,6650033
7140001083528,株式会社ラヴォール,兵庫県,宝塚市,大成町２番６号,6650055
7140001083536,株式会社銀のステッキ,兵庫県,宝塚市,逆瀬川１丁目１番４６号,6650035
7140001083552,株式会社グリーンメープルケミカル,兵庫県,宝塚市,すみれガ丘３丁目５番１号,6650847
7140001083569,株式会社ＭＡＤＯＫＡ,兵庫県,宝塚市,武庫山２丁目１８番６号,6650005
7140001083593,株式会社酒井管工業,兵庫県,宝塚市,安倉中４丁目１０番５号,6650822
7140001083602,株式会社タカラ薬局,兵庫県,宝塚市,南口１丁目８番２９号,6650011
7140001083668,株式会社ビー・クール,兵庫県,宝塚市,泉町２１番１８号,6650864
7140001083676,株式会社ＳＣＪ,兵庫県,宝塚市,旭町３丁目２１番１０号,6650835
7140001083701,アイズアセット株式会社,兵庫県,宝塚市,寿楽荘１１番１４号,6650012
7140001083775,株式会社フォレスタコーポレーション,兵庫県,宝塚市,雲雀丘１丁目６番５−３０５号,6650805
7140001083809,株式会社キヨウリツ,兵庫県,宝塚市,仁川高台１丁目２番２５−２０３号,6650062
7140001083858,株式会社藤田設計,兵庫県,宝塚市,山手台東２丁目８番１０号,6650887
7140001083866,株式会社ケイエムエイ,兵庫県,宝塚市,中山桜台２丁目２４番８号,6650877
7140001083874,株式会社リッツケア,兵庫県,宝塚市,逆瀬台６丁目１２番６号,6650024
7140001083882,株式会社小川商事,兵庫県,宝塚市,宝梅３丁目４番３１号,6650013
7140001083890,株式会社山口プランニング,兵庫県,宝塚市,安倉中４丁目２番１７号,6650822
7140001083924,株式会社輝匠,兵庫県,宝塚市,中筋山手４丁目１番２９号,6650875
7140001083973,株式会社川面企画,兵庫県,宝塚市,川面４丁目９番５号,6650842
7140001084014,株式会社出口空調,兵庫県,宝塚市,宝松苑１３番３６−２０８号,6650016
7140001084039,株式会社トラストパーソンズ,兵庫県,宝塚市,中山寺１丁目１番１９号,6650861
7140001084146,株式会社真,兵庫県,宝塚市,中山寺２丁目８番１号カルム中山２０５号,6650861
7140001084162,株式会社マロン,兵庫県,宝塚市,千種２丁目８番９６号,6650072
7140001084204,株式会社ＨＯＷＡ,兵庫県,宝塚市,安倉南４丁目９番３０号,6650823
7140001084253,株式会社アイワ住宅サービス,兵庫県,宝塚市,仁川北２丁目１番１５−１０７号,6650061
7140001084294,仁川コーポ株式会社,兵庫県,宝塚市,逆瀬台３丁目８番１０号,6650024
7140001084328,株式会社コンプリート,兵庫県,宝塚市,光明町２９番３号エステート川西３０３号,6650045
7140001084344,株式会社ヴィヴィジャパン,兵庫県,宝塚市,川面５丁目１０番５号,6650842
7140001084369,株式会社天山,兵庫県,宝塚市,中山桜台２丁目３番７号,6650877
7140001084526,株式会社優和,兵庫県,宝塚市,中山五月台７丁目１番１０３号,6650871
7140001086332,サントロニクス株式会社,兵庫県,宝塚市,川面２丁目４番５１号,6650842
7140001086704,スタイル株式会社,兵庫県,宝塚市,売布３丁目３番９号,6650852
7140001086786,株式会社Ｓｔｙｌｅ−ＮＥＴ,兵庫県,宝塚市,安倉南１丁目２０番２７号,6650823
7140001087058,株式会社迫田,兵庫県,宝塚市,宮の町２番２号,6650843
7140001087487,株式会社パッケージコンサルティング,兵庫県,宝塚市,小浜２丁目５番２５号,6650827
7140001087512,株式会社ハンベエー,兵庫県,宝塚市,口谷東２丁目５番７号,6650812
7140001087669,株式会社はんぞう動物病院,兵庫県,宝塚市,山本中３丁目１１番６号,6650883
7140001087941,株式会社いむら,兵庫県,宝塚市,安倉北３丁目５番３０−５０２号,6650821
7140001088080,株式会社シェリー,兵庫県,宝塚市,中筋５丁目２０番１号,6650874
7140001088898,株式会社宝塚ライフケア,兵庫県,宝塚市,安倉中３丁目１０番１号,6650822
7140001089120,株式会社ユニテックスゴルフ,兵庫県,宝塚市,切畑字桜小場１９番地,6691241
7140001089145,株式会社ＩＢ　Ｅｎｔｅｒｔａｉｎｍｅｎｔ,兵庫県,宝塚市,花屋敷荘園３丁目１２番１１号,6650802
7140001089244,株式会社類,兵庫県,宝塚市,長寿ガ丘１７番１０号,6650001
7140001089715,株式会社ニューゲート,兵庫県,宝塚市,小林１丁目１６番１１号,6650034
7140001089855,ＴＭＥ株式会社,兵庫県,宝塚市,売布東の町１１番１０−６１４号,6650867
7140001090078,株式会社ヒューマンドリーム,兵庫県,宝塚市,梅野町５−７アジュール宝塚南口６０２号室,6650004
7140001090598,マフィス・ホールディングス株式会社,兵庫県,宝塚市,栄町１丁目１９番１４号,6650845
7140001091514,株式会社エスカルゴ,兵庫県,宝塚市,売布東の町２０番５号,6650867
7140001091646,株式会社ホームズメンテナンス,兵庫県,宝塚市,山手台東５丁目８番５号,6650887
7140001091670,株式会社プランニングはるなＪ,兵庫県,宝塚市,小林５丁目３番３１−４０５号,6650034
7140001091704,株式会社ケーイーエヌ,兵庫県,宝塚市,口谷東２丁目１４番１９号,6650812
7140001093089,株式会社ナセント,兵庫県,宝塚市,売布４丁目３番３０号,6650852
7140001094104,株式会社味蔵,兵庫県,宝塚市,光明町２２番５号,6650045
7140001094681,株式会社ＪＯＩＮＴ　ＶＩＳＩＯＮ　ＪＡＰＡＮ,兵庫県,宝塚市,栄町２丁目１番１−Ｅ−８０１号,6650845
7140001095481,株式会社Ｆｉｎｅ　Ｄｅｎｔａｌ,兵庫県,宝塚市,花屋敷荘園３丁目５番４号,6650802
7140001095944,株式会社谷口企画,兵庫県,宝塚市,中山台２丁目９番４号,6650876
7140001096323,酒井産業株式会社,兵庫県,宝塚市,雲雀丘山手２丁目１１８番地６号,6650804
7140001096455,株式会社花富,兵庫県,宝塚市,中山桜台２丁目２８番１６号,6650877
7140001096604,株式会社えるも,兵庫県,宝塚市,中筋７丁目７番−２０１号,6650874
7140001096785,ＫＴＪ株式会社,兵庫県,宝塚市,仁川旭ガ丘９番１２号,6650065
7140001097222,株式会社グランドテール,兵庫県,宝塚市,中山桜台７丁目５番６号,6650877
7140001097321,株式会社レアル,兵庫県,宝塚市,武庫川町６番２５−３１０７号,6650844
7140001097817,株式会社ＩＳＭ,兵庫県,宝塚市,南口２丁目５番４１号,6650011
7140001098773,株式会社タケダテック,兵庫県,宝塚市,山本野里１丁目２４番２８号,6650814
7140001098922,株式会社乾興産,兵庫県,宝塚市,中山五月台３丁目２３−８,6650871
7140001099490,株式会社サンヴィレッジ,兵庫県,宝塚市,逆瀬台１丁目３番Ｃ−５１１号,6650024
7140001099739,株式会社Ｙ．Ｍ．Ｋ．,兵庫県,宝塚市,伊孑志３丁目１２−２３,6650033
7140001100489,株式会社Ｐｌｕｓ　Ｋ,兵庫県,宝塚市,武庫山２丁目１５番４号,6650005
7140001102378,株式会社グレイド,兵庫県,宝塚市,御殿山４丁目２８番２６号,6650841
7140001103582,クオーレ株式会社,兵庫県,宝塚市,すみれガ丘２丁目１番１−９１２号,6650847
7140001103814,株式会社松田設備工業,兵庫県,宝塚市,口谷東１丁目２６番６号,6650812
7140001103954,株式会社館,兵庫県,宝塚市,小林５丁目８番５３号,6650034
7140001104044,株式会社Ｋ．Ａ．Ｍ,兵庫県,宝塚市,野上４丁目２１−２０,6650022
7140001104176,株式会社ＦＡ　ｗｏｒｋｓ,兵庫県,宝塚市,高司４丁目４番７−１−５０２号,6650051
7140001104746,イーブンアンドカンパニー株式会社,兵庫県,宝塚市,川面６丁目４番１３号,6650842
7140001105026,株式会社坂上コーポレーション,兵庫県,宝塚市,山本台３丁目１６番１−４０４号,6650885
7140001105612,株式会社Ｒ−ｉｎｄｕｓｔｒｙ,兵庫県,宝塚市,南ひばりガ丘３丁目１４番９−１０１号,6650811
7140001105876,宝塚設備保全株式会社,兵庫県,宝塚市,伊孑志４丁目１番６４号,6650033
7140001106057,株式会社中下鉄工建設,兵庫県,宝塚市,寿町５番４号,6650865
7140001106098,株式会社ＬＩＮＫ,兵庫県,宝塚市,口谷東１丁目１番１０−２０５号,6650812
7140001106338,株式会社タカラズカガーデナー,兵庫県,宝塚市,星の荘２３番１３号,6650866
7140001106684,Ｌｅｇｅｎｄａｒｙ　Ｊｏｋｅｒ株式会社,兵庫県,宝塚市,雲雀丘山手２丁目１１番１２号,6650804
7140001106866,株式会社ＴＳＳ,兵庫県,宝塚市,伊孑志３丁目１４番１−９０８号,6650033
7140001106874,マルチメディアサービス株式会社,兵庫県,宝塚市,光明町３番５−６０７号,6650045
7140001107030,株式会社ｋｏｍｔｅｃ,兵庫県,宝塚市,安倉西４丁目６４８−４,6650825
7140001107121,株式会社ＭＧアドバイザーズ,兵庫県,宝塚市,梅野町１番１−２８０５号,6650004
7140001107625,株式会社Ｆ・Ｊ建設,兵庫県,宝塚市,高司１丁目６番１８−５０３号,6650051
7140001108061,ＦＵＴＵＲＯ　ＩＮＮＯＶＡＴＩＯＮ株式会社,兵庫県,宝塚市,山本中３丁目１９番１８号,6650883
7140001108714,株式会社ＦＮＦ,兵庫県,宝塚市,売布東の町８番１９号,6650867
7140001108870,株式会社ジェーシー,兵庫県,宝塚市,野上４丁目１５−８右側,6650022
7140001108912,アイリスリアルエステート株式会社,兵庫県,宝塚市,仁川台２５４番地,6650074
7140001109241,株式会社櫻ウインズ,兵庫県,宝塚市,仁川台１７５,6650074
7140001109951,株式会社Ｃｏｒｎｅｒ　Ｖａｌｌｅｙ,兵庫県,宝塚市,野上４丁目１番１３号,6650022
7140001109976,トーライ株式会社,兵庫県,宝塚市,長尾町１番１６号,6650873
7140001110422,株式会社ユウアイ,兵庫県,宝塚市,鹿塩１丁目２番２１号,6650054
7140001110595,株式会社土にしたしむ会,兵庫県,宝塚市,栄町１丁目６番２号花のみちセルカ２番館１０３号,6650845
7140001110810,清水工業株式会社,兵庫県,宝塚市,福井町１８番１０号,6650046
7140001110901,株式会社シンクスマートコンサルティング,兵庫県,宝塚市,逆瀬川２丁目６番１０号,6650035
7140001111107,株式会社ホライズンインベストメントワークス,兵庫県,宝塚市,中山寺１丁目２番地１１号,6650861
7140001111503,メグライフ株式会社,兵庫県,宝塚市,安倉北３丁目５番３０号,6650821
7140001111817,株式会社シューテック,兵庫県,宝塚市,安倉南３丁目６番６−３０５号,6650823
7140001113490,星北顧問株式会社,兵庫県,宝塚市,南口１丁目６番１９号,6650011
7140001113747,ｏｎ　ｔｈｅ　ｒｏｃｋ株式会社,兵庫県,宝塚市,鹿塩１丁目１８番２−１０２号,6650054
7140001113788,愛満株式会社,兵庫県,宝塚市,中野町９番３１号,6650056
7140001114092,エフエムティー・ジャパン株式会社,兵庫県,宝塚市,月見山２丁目１８番１号,6650002
7140001114209,株式会社どうやま,兵庫県,宝塚市,中野町１番５号,6650056
7140001114357,西田プロパティ株式会社,兵庫県,宝塚市,安倉中１丁目８番１７号,6650822
7140001114753,株式会社オートワンマルイ,兵庫県,宝塚市,安倉中５丁目１１番３２号,6650822
7140001114828,株式会社フレディアホテルマネジメント,兵庫県,宝塚市,末成町２５番１４号,6650044
7140001115487,エス・シー・エム株式会社,兵庫県,宝塚市,仁川高丸３丁目１３番３０号,6650063
7140001115495,株式会社ＩＴＡ,兵庫県,宝塚市,逆瀬川１丁目１５番１８−３０４号,6650035
7140001115628,咲和鉱産株式会社,兵庫県,宝塚市,平井５丁目９番１２−１号,6650816
7140001115660,株式会社アクティ,兵庫県,宝塚市,小林１丁目１２番６号,6650034
7140001116064,株式会社中西正佳建築設計事務所,兵庫県,宝塚市,仁川北３丁目７番１４号ペガサスビル,6650061
7140001116312,株式会社結経舎,兵庫県,宝塚市,中山桜台３丁目５番１３号,6650877
7140001116329,株式会社ＰＡＤＲＥＳ,兵庫県,宝塚市,中山桜台７丁目２番２号,6650877
7140001116510,株式会社Ｙ’ｓナチュラルビューティー,兵庫県,宝塚市,南口１丁目８番２６号,6650011
7140001116956,株式会社太幸工業,兵庫県,宝塚市,高司３丁目４番５−３０３号,6650051
7140001117062,株式会社さくら,兵庫県,宝塚市,安倉西４丁目１１−９,6650825
7140001117293,株式会社クイダド,兵庫県,宝塚市,逆瀬川１丁目１−１９逆瀬川中井ビル２階,6650035
7140001117946,株式会社いそがわ組,兵庫県,宝塚市,星の荘３０番１０号,6650866
7140001118168,株式会社宗匠,兵庫県,宝塚市,高松町１５番１４号,6650043
7140001118267,株式会社Ｅ．Ｉ．マネジメント,兵庫県,宝塚市,中筋２丁目８番１５号,6650874
7140001118366,株式会社出口総合コンサルティング,兵庫県,宝塚市,御殿山３丁目１３番２０号,6650841
7140001118779,株式会社Ｂｅプラン,兵庫県,宝塚市,安倉中５丁目１番３号,6650822
7140001118960,株式会社システムＭ,兵庫県,宝塚市,中山五月台４丁目１１番１３号,6650871
7140001119034,株式会社ラ・グレーヌ,兵庫県,宝塚市,青葉台１丁目２１番１５号,6650014
7140001119785,堂脇工業株式会社,兵庫県,宝塚市,福井町２１番２２号,6650046
7140001119991,株式会社レーヴ,兵庫県,宝塚市,中野町１４番５号,6650056
7140001120826,株式会社ＹＴＴ研究所,兵庫県,宝塚市,南口１丁目５番１０号,6650011
7140001121213,株式会社ショウエイ工業,兵庫県,宝塚市,山本南１丁目１４番１９号,6650882
7140001121361,阪神検査株式会社,兵庫県,宝塚市,野上１丁目２番２号若葉荘２０６号室,6650022
7140001122500,株式会社エスアールエス,兵庫県,宝塚市,鹿塩２丁目５番１８号,6650054
7140001122624,株式会社花枝手,兵庫県,宝塚市,山本丸橋４丁目６５−１１,6650815
7140001122863,株式会社喜屋,兵庫県,宝塚市,川面１丁目２番８号,6650842
7140001122987,株式会社建装奄美,兵庫県,宝塚市,安倉南４丁目１２番８号,6650823
7140001123820,株式会社ＣＨＮ,兵庫県,宝塚市,青葉台１丁目１８番２３号,6650014
7140001124018,株式会社Ｍ,兵庫県,宝塚市,中筋５丁目１３−１９,6650874
7140001124281,ロレインクルー株式会社,兵庫県,宝塚市,中州２丁目１３番６号,6650021
7140001124364,Ｔ’ｓ　Ｆａｃｔｏｒｙ株式会社,兵庫県,宝塚市,山手台東４丁目１９番２号,6650887
7140001124455,株式会社トシモス,兵庫県,宝塚市,長尾台１丁目１６番１３号,6650807
7140001125899,株式会社アドネクスト,兵庫県,宝塚市,山手台西２丁目３０番８号,6650886
7140001125932,株式会社ＭＡＳＡＫＩ,兵庫県,宝塚市,末成町３９番２３号,6650044
7140001126121,株式会社オンシェア,兵庫県,宝塚市,逆瀬川１丁目８−３万大ビル２階,6650035
7140001126674,株式会社宝建装,兵庫県,宝塚市,光明町８番２９−１０１号,6650045
7140001127061,株式会社ハリテツ,兵庫県,宝塚市,弥生町５番１−１２７号,6650826
7140001127557,株式会社マグノリア,兵庫県,宝塚市,南口２丁目１３−３０−Ｄ,6650011
7140001127796,株式会社ＫＩＮＧ　ＣＬＥＡＮＥＲＳ,兵庫県,宝塚市,高司１丁目４番１１−２号,6650051
7140001128943,株式会社Ｃｕｎｉｃｕｌｕｓ,兵庫県,宝塚市,野上４丁目２番２１号,6650022
7140001129207,株式会社瀬口ＦＰ事務所,兵庫県,宝塚市,中山寺１丁目１番３−１０２号,6650861
7140001129826,Ｅｎｌｉｖｅｎ　Ｓｙｓｔｅｍ株式会社,兵庫県,宝塚市,雲雀丘山手２丁目１９番１０号,6650804
7140001130016,株式会社ナイアール,兵庫県,宝塚市,雲雀丘山手１丁目９番１２号,6650804
7140001130032,株式会社アールビーエム,兵庫県,宝塚市,山本南２丁目１７−１８山本南ライゼホビー６号,6650882
7140001130065,株式会社スパーク,兵庫県,宝塚市,武庫川町６番２６−３２０１号,6650844
7140001130395,株式会社若桜クリエイト,兵庫県,宝塚市,泉町１９番２８号,6650864
7140001131154,株式会社ちょこっと水族館,兵庫県,宝塚市,中筋３丁目２１−１,6650874
7140001132061,ひふみコンサルティング株式会社,兵庫県,宝塚市,武庫川町１−５−８０８,6650844
7140001132136,株式会社蘭,兵庫県,宝塚市,山手台東５丁目１８番１８号,6650887
7140001132268,株式会社ＲＥＦＲＡＩＮ,兵庫県,宝塚市,安倉中４丁目１３番１１号中所ハイツ１０３号室,6650822
7140001132400,株式会社ネイサ・イングリッシュ,兵庫県,宝塚市,社町７番８号,6650071
7140001132441,株式会社ＫＤＣ,兵庫県,宝塚市,御殿山２丁目２３番２６号,6650841
7140001132763,センツフェス株式会社,兵庫県,宝塚市,武庫山２丁目３番２２号,6650005
7140001132870,株式会社ＴＳＰ,兵庫県,宝塚市,すみれガ丘３丁目２番１−４１７号,6650847
7140001134306,フォローテック株式会社,兵庫県,宝塚市,安倉南１丁目１８番１０号,6650823
7140001134784,ＣＲＡＺＹＢＡＳＥ株式会社,兵庫県,宝塚市,安倉南１丁目４−１,6650823
7140001135254,株式会社Ｎａｔｕｒｅ　Ｓｕｇａｒ　Ｊａｐａｎ,兵庫県,宝塚市,雲雀丘山手２丁目１０−１１,6650804
7140001136104,株式会社ＳＫＲＧ,兵庫県,宝塚市,福井町２５番４号,6650046
7140001136335,株式会社リバースタート,兵庫県,宝塚市,山本丸橋３丁目２番７−５０２号,6650815
7140001136442,株式会社クラージュ,兵庫県,宝塚市,ふじガ丘１５番２号,6650806
7140001136640,株式会社不動産コンサルティング名田事務所,兵庫県,宝塚市,鹿塩１丁目７番４号,6650054
7140001137060,株式会社卵丸,兵庫県,宝塚市,小林５丁目９番１０５号,6650034
7140001137127,株式会社８５２８,兵庫県,宝塚市,千種２丁目２番３０号,6650072
7140001138983,株式会社オネスティ,兵庫県,宝塚市,野上１丁目１番８号,6650022
7140001139387,株式会社ＴＯＭＯＳ,兵庫県,宝塚市,安倉南１丁目１７番２０号,6650823
7140001139602,株式会社ｋａｒｃｈ総合サービス,兵庫県,宝塚市,安倉中５丁目１７−６−２,6650822
7140001139684,株式会社川面マンション,兵庫県,宝塚市,川面５丁目１０番３２−３０３号,6650842
7140001139890,株式会社桔梗,兵庫県,宝塚市,武庫川町４−８リベルテ宝塚３０１号室,6650844
7140001139965,株式会社ｆｏｒｃｅｓｓ,兵庫県,宝塚市,逆瀬川２丁目７番１７−１号,6650035
7140001140361,株式会社タイセイコーポレーション,兵庫県,宝塚市,安倉中２丁目１３番２号,6650822
7140001140766,株式会社清水クリーナー,兵庫県,宝塚市,末成町１２番１１−２号,6650044
7140001140832,株式会社ＣＲＥＳＴ,兵庫県,宝塚市,すみれガ丘３丁目５−１−１１０９,6650847
7140001141087,株式会社ルーチェラ,兵庫県,宝塚市,武庫川町１−３−２Ｆ,6650844
7140001141640,令和トラスト株式会社,兵庫県,宝塚市,安倉中２丁目６−２２−１０３号,6650822
7140001142317,メディアド・ワークス株式会社,兵庫県,宝塚市,中山桜台１丁目８番１号,6650877
7140002044413,株式会社アート不動産,兵庫県,宝塚市,鶴の荘１６番９号,6650833
7140002067182,株式会社トレテス,兵庫県,宝塚市,川面５丁目６番５−５０２号,6650842
7140002067595,リバーシティー株式会社,兵庫県,宝塚市,南口１丁目４番２６号,6650011
7140002068379,株式会社ＥＭＵ音,兵庫県,宝塚市,逆瀬川１丁目２番１号アピア１−１６５,6650035
7270001006574,株式会社戦略みらい,兵庫県,宝塚市,山手台西２丁目５番８号,6650886
8010401118341,エフアイエーサービシーズ株式会社,兵庫県,宝塚市,川面６丁目４番１３号,6650842
8011501014587,株式会社ＭＬＳ,兵庫県,宝塚市,栄町３丁目１０番２０−１２０１号,6650845
8120001012487,株式会社志賀紙工所,兵庫県,宝塚市,逆瀬台２丁目５番１号,6650024
8120001016653,株式会社大阪前川鋳工,兵庫県,宝塚市,ゆずり葉台２丁目４番１５号,6650025
8120001035694,中外産業株式会社,兵庫県,宝塚市,宝松苑１番７号,6650016
8120001036627,株式会社メリヤス会館,兵庫県,宝塚市,売布１丁目２８番８号,6650852
8120001037229,株式会社有田通商,兵庫県,宝塚市,光ガ丘２丁目２番４号,6650015
8120001042906,栗本機工株式会社,兵庫県,宝塚市,花屋敷荘園１丁目３番９号,6650802
8120001043532,佐野工芸株式会社,兵庫県,宝塚市,逆瀬台３丁目４番４号,6650024
8120001059909,株式会社アンサー,兵庫県,宝塚市,逆瀬台３丁目６番１７号,6650024
8120001061303,株式会社エキスパート,兵庫県,宝塚市,山手台西２丁目５番３号,6650886
8120001095788,株式会社ディクスブレイン,兵庫県,宝塚市,武庫山２丁目４番４５−６０２号,6650005
8120001138035,株式会社いっぽ一歩堂,兵庫県,宝塚市,野上１丁目５−１０−４０１Ａ,6650022
8120001153645,株式会社アポシーク,兵庫県,宝塚市,雲雀丘１丁目２番１１号,6650805
8120001167174,株式会社クオーレ,兵庫県,宝塚市,寿楽荘７番１１号,6650012
8120001171795,株式会社エスリンクス,兵庫県,宝塚市,山本西２丁目３番６号,6650884
8120001182108,株式会社ＩＫＥＨＯＲＩ,兵庫県,宝塚市,雲雀丘１丁目４番４号,6650805
8120001183122,株式会社ＰＯＮＴＯ,兵庫県,宝塚市,鹿塩１丁目２番２０号,6650054
8120001226095,株式会社リフレクション,兵庫県,宝塚市,山本中１丁目１１番２５号,6650883
8120001233967,ＳＢＣビジネスフォーサイト株式会社,兵庫県,宝塚市,山手台東３丁目７番２号,6650887
8120901011092,シグマ電機株式会社,兵庫県,宝塚市,中野町１１番１２号,6650056
8120901030720,株式会社Ｐｏｎｏｌｕｌｕ,兵庫県,宝塚市,すみれガ丘１丁目９番１号,6650847
8120901032130,株式会社ｏｎｅダース,兵庫県,宝塚市,南ひばりガ丘１丁目２１番１２号,6650811
8120901035562,株式会社ＡＭＩＯＮ　ＣＡＲＳ,兵庫県,宝塚市,雲雀丘３丁目７番２４号,6650805
8120901037922,株式会社セキュリア,兵庫県,宝塚市,安倉中４丁目１９番１０号,6650822
8120901038771,株式会社Ｎａｔｕｒａｌ　Ｇａｒｄｅｎ’ｓ,兵庫県,宝塚市,山本中３丁目１７番２号,6650883
8120901041189,株式会社ＫＵＫＵＬＣＡ,兵庫県,宝塚市,米谷１丁目１１番２１−１号,6650831
8122001020370,株式会社ヤチヨ,兵庫県,宝塚市,千種４丁目６番８号,6650072
8122001025436,リーガルコーチ株式会社,兵庫県,宝塚市,仁川北２丁目１番９号,6650061
8130001061764,スリーホーム株式会社,兵庫県,宝塚市,雲雀丘２丁目６番３６号,6650805
8140001010068,根津商事株式会社,兵庫県,宝塚市,野上５丁目３番２５号,6650022
8140001030231,株式会社ウォーター・インスティーチュート,兵庫県,宝塚市,宝松苑２５番３−３１１号,6650016
8140001033085,株式会社ミッチリーニ・ジャパン,兵庫県,宝塚市,雲雀丘山手２丁目７番２４号,6650804
8140001048785,株式会社小寺不動産,兵庫県,宝塚市,仁川高丸１丁目１４番１０号,6650063
8140001053901,株式会社ヤマヒロテクノサービス,兵庫県,宝塚市,高司５丁目１−４４,6650051
8140001068131,エバーグリーン開発株式会社,兵庫県,宝塚市,平井２丁目７番１３号,6650816
8140001071688,株式会社永和,兵庫県,宝塚市,花屋敷つつじガ丘７番２０号,6650803
8140001072174,株式会社オフィスブルームーン,兵庫県,宝塚市,伊孑志２丁目１７−１４,6650033
8140001073263,株式会社メンタル・コア,兵庫県,宝塚市,逆瀬台１丁目１１番,6650024
8140001073809,株式会社リブラ,兵庫県,宝塚市,安倉中４丁目１５番１８−２０５号,6650822
8140001074237,株式会社ＭＫＭ,兵庫県,宝塚市,伊孑志３丁目８番２０号馬殿第一ビル３０４号,6650033
8140001077297,株式会社共生,兵庫県,宝塚市,川面５丁目１０番２５−６１０号,6650842
8140001077561,株式会社エムテック,兵庫県,宝塚市,中筋６丁目１６番７号,6650874
8140001079062,株式会社Ｔ・Ｆコーポレーション,兵庫県,宝塚市,鶴の荘８番１８号,6650833
8140001079260,株式会社川西産直センター,兵庫県,宝塚市,山本丸橋２丁目１０８番地１,6650815
8140001080912,川口ビルデイング株式会社,兵庫県,宝塚市,雲雀丘２丁目３番５−１０１号,6650805
8140001081150,株式会社赤堀建設,兵庫県,宝塚市,小浜２丁目４番４号,6650827
8140001081167,株式会社アダチ,兵庫県,宝塚市,中野町１番１５号,6650056
8140001081175,株式会社亜蘭,兵庫県,宝塚市,南口２丁目１２番１１号,6650011
8140001081191,株式会社石田和装研究所,兵庫県,宝塚市,平井２丁目７番３７号,6650816
8140001081200,株式会社インターフェイス,兵庫県,宝塚市,星の荘５番６号,6650866
8140001081209,株式会社いづみや本舗,兵庫県,宝塚市,宮の町１０−８,6650843
8140001081217,今西翠景園株式会社,兵庫県,宝塚市,大原野字同道２９番地,6691211
8140001081225,株式会社ウエダ,兵庫県,宝塚市,売布山手町５番３号,6650854
8140001081258,株式会社円藤特殊合金製作所,兵庫県,宝塚市,雲雀丘山手２丁目１５番４５号,6650804
8140001081274,エルエーシー化粧品北販売株式会社,兵庫県,宝塚市,逆瀬川１丁目１３番２７号,6650035
8140001081282,株式会社扇屋プランニング,兵庫県,宝塚市,湯本町５番３−１０５号,6650003
8140001081299,大西電気設備株式会社,兵庫県,宝塚市,長尾町１１２番地の７,6650873
8140001081308,岡本食品株式会社,兵庫県,宝塚市,安倉南４丁目１１番３号,6650823
8140001081316,小原鉄工株式会社,兵庫県,宝塚市,南口１丁目６番３０号,6650011
8140001081332,関西砕石株式会社,兵庫県,宝塚市,川面字長尾山１５番地の３２９,6650848
8140001081340,関西ハウジング株式会社,兵庫県,宝塚市,南口２丁目１４番３番館１２０３,6650011
8140001081349,片岡工務店株式会社,兵庫県,宝塚市,安倉中４丁目１９番３２号,6650822
8140001081357,株式会社兼正,兵庫県,宝塚市,谷口町１番１２号,6650076
8140001081365,株式会社亀島長林園,兵庫県,宝塚市,山本南１丁目１９番８−２０２号,6650882
8140001081373,株式会社川南ファシリティズ,兵庫県,宝塚市,川面２丁目１番３１号,6650842
8140001081381,近畿サーヴィス株式会社,兵庫県,宝塚市,中山台１丁目１４番１２号,6650876
8140001081398,株式会社北宝塚モータース,兵庫県,宝塚市,境野字井手２２番地,6691222
8140001081415,株式会社教育振興ゼミセンター,兵庫県,宝塚市,中山桜台６丁目９番１２号,6650877
8140001081423,株式会社共楽園,兵庫県,宝塚市,平井２丁目７番２号,6650816
8140001081431,きよむね株式会社,兵庫県,宝塚市,売布東の町１６番３号,6650867
8140001081472,株式会社幸養園,兵庫県,宝塚市,山本丸橋４丁目１９番地の５,6650815
8140001081480,古月株式会社,兵庫県,宝塚市,雲雀丘山手１丁目２番３０号,6650804
8140001081489,株式会社コスモエンタープライズ,兵庫県,宝塚市,湯本町４番２５号,6650003
8140001081506,株式会社栽華園,兵庫県,宝塚市,山本中３丁目６番１３号,6650883
8140001081522,株式会社阪上自動車工業所,兵庫県,宝塚市,中山寺１丁目６番１７号,6650861
8140001081530,株式会社阪本畳店,兵庫県,宝塚市,光明町２８番１７号,6650045
8140001081539,株式会社皐月エンジニアリング,兵庫県,宝塚市,雲雀丘３丁目４番２８号,6650805
8140001081555,株式会社サンワファーストコンピューター,兵庫県,宝塚市,小浜３丁目１０番１５号,6650827
8140001081588,株式会社島家,兵庫県,宝塚市,栄町１丁目１番１号,6650845
8140001081596,住建不動産株式会社,兵庫県,宝塚市,光明町２２番２６号,6650045
8140001081605,株式会社寿樂園,兵庫県,宝塚市,安倉北５丁目１０４１番地の３,6650821
8140001081613,株式会社シンリュウ,兵庫県,宝塚市,安倉中２丁目４番８号,6650822
8140001081621,株式会社スピリッツ,兵庫県,宝塚市,大原野字栢ノ上２番地,6691211
8140001081638,株式会社セキワ,兵庫県,宝塚市,武庫山２丁目１１番１２号,6650005
8140001081646,株式会社ゼネラルコーポレーション,兵庫県,宝塚市,中山五月台１丁目１６番６号,6650871
8140001081654,株式会社かんなや,兵庫県,宝塚市,野上１丁目５番１０８号,6650022
8140001081662,株式会社宝塚コート・ハイツ,兵庫県,宝塚市,南口２丁目３番３５号,6650011
8140001081670,株式会社宝塚急配社,兵庫県,宝塚市,米谷１丁目９番１号,6650831
8140001081679,宝塚住宅サービス株式会社,兵庫県,宝塚市,川面５丁目１６番３９号,6650842
8140001081687,宝塚日本パトロール株式会社,兵庫県,宝塚市,伊孑志４丁目４番５号,6650033
8140001081695,株式会社エネルギーステーション,兵庫県,宝塚市,中山寺１丁目１１番１５号,6650861
8140001081704,大開自動車株式会社,兵庫県,宝塚市,安倉南２丁目１０番３２号,6650823
8140001081712,株式会社ダイトー,兵庫県,宝塚市,逆瀬台５丁目９番９号,6650024
8140001081720,大邦工業株式会社,兵庫県,宝塚市,小林４丁目９番２２号,6650034
8140001081729,大和エステイト株式会社,兵庫県,宝塚市,平井１丁目２番２４号,6650816
8140001081745,株式会社寶企画,兵庫県,宝塚市,星の荘１４番２３号,6650866
8140001081753,株式会社タジマ,兵庫県,宝塚市,中山寺２丁目８番１０号,6650861
8140001081761,株式会社谷井水道工業所,兵庫県,宝塚市,雲雀丘３丁目１番３９号,6650805
8140001081778,タカラクラフト株式会社,兵庫県,宝塚市,美座２丁目１５番１５号,6650834
8140001081786,株式会社ツルヤ,兵庫県,宝塚市,逆瀬川１丁目１３番１号,6650035
8140001081794,株式会社天津,兵庫県,宝塚市,中筋４丁目８番３号,6650874
8140001081828,南海産商株式会社,兵庫県,宝塚市,山本台３丁目２番１５号,6650885
8140001081836,株式会社灘井材木店,兵庫県,宝塚市,小林２丁目５番２５号,6650034
8140001081844,株式会社仁川工務店,兵庫県,宝塚市,仁川北２丁目１番２４号,6650061
8140001081852,西谷土建株式会社,兵庫県,宝塚市,境野字大道北３１番地の２,6691222
8140001081860,株式会社ニチコンサービス,兵庫県,宝塚市,逆瀬川１丁目１５番７号,6650035
8140001081869,株式会社ニッタ,兵庫県,宝塚市,川面３丁目１番９号,6650842
8140001081885,株式会社日本ライフサービス,兵庫県,宝塚市,伊孑志４丁目２番６８号,6650033
8140001081902,服部商事株式会社,兵庫県,宝塚市,売布ガ丘１２番９号,6650853
8140001081910,株式会社林製材所,兵庫県,宝塚市,下佐曽利字宝地１番地の１,6691203
8140001081919,株式会社ビー・オー・エム・サービス,兵庫県,宝塚市,川面６丁目５番１８号,6650842
8140001081927,株式会社久林工務店,兵庫県,宝塚市,口谷西１丁目３９番地の２,6650813
8140001081935,株式会社百花園,兵庫県,宝塚市,山本中１丁目１２番１２号,6650883
8140001081943,平塚建設株式会社,兵庫県,宝塚市,小林３丁目８番２７号,6650034
8140001081968,株式会社フューチャー,兵庫県,宝塚市,中山桜台７丁目５番１０号,6650877
8140001081976,プラス電機産業株式会社,兵庫県,宝塚市,御所の前町１０番５号,6650041
8140001081992,宝成エンジニアリング株式会社,兵庫県,宝塚市,安倉西２丁目３番９号,6650825
8140001082000,株式会社輔仁,兵庫県,宝塚市,野上２丁目４番２１号,6650022
8140001082017,株式会社松田ポンプ製作所,兵庫県,宝塚市,野上２丁目６番１４号,6650022
8140001082025,株式会社メディプロモート,兵庫県,宝塚市,向月町２０番１号,6650832
8140001082033,株式会社丸善商会,兵庫県,宝塚市,泉ガ丘７番１９号,6650851
8140001082041,株式会社丸山鳳林堂,兵庫県,宝塚市,南口２丁目１３番２７号,6650011
8140001082058,株式会社みはら,兵庫県,宝塚市,山本東１丁目３番２号,6650881
8140001082066,株式会社宮本工務設計事務所,兵庫県,宝塚市,野上１丁目２番３４号,6650022
8140001082074,株式会社村山工務店,兵庫県,宝塚市,安倉北１丁目１１番１２号,6650821
8140001082090,株式会社森口,兵庫県,宝塚市,星の荘２７番１２号,6650866
8140001082099,藪内建物株式会社,兵庫県,宝塚市,旭町１丁目１０番１０号,6650835
8140001082124,株式会社山久陸運,兵庫県,宝塚市,御所の前町１２番１号,6650041
8140001082132,山本守建設株式会社,兵庫県,宝塚市,高松町１５番１３号,6650043
8140001082140,株式会社ユキ建築事務所,兵庫県,宝塚市,小林５丁目１番２７号,6650034
8140001082149,株式会社吉田正樹建築事務所,兵庫県,宝塚市,光ガ丘１丁目１番７号,6650015
8140001082157,株式会社ワイ・ケイ・インターナショナル,兵庫県,宝塚市,仁川高丸２丁目９番６号,6650063
8140001082165,和田興産株式会社,兵庫県,宝塚市,高司１丁目３番８号,6650051
8140001082173,株式会社リバレ,兵庫県,宝塚市,中筋８丁目１２番２５号,6650874
8140001082181,株式会社ローラン,兵庫県,宝塚市,花屋敷松ガ丘３番２５号,6650801
8140001082198,株式会社デントフーズ,兵庫県,宝塚市,安倉南１丁目１７番１８号,6650823
8140001082215,株式会社エフエム宝塚,兵庫県,宝塚市,逆瀬川１丁目１１番１号,6650035
8140001082223,株式会社東部装建,兵庫県,宝塚市,大原野字井上３６番地の１,6691211
8140001082248,Ｏｆｆｉｃｅ　ＳＨＩＮＫＯＵ株式会社,兵庫県,宝塚市,中山桜台５丁目３番３号,6650877
8140001082264,株式会社ミヤマ,兵庫県,宝塚市,梅野町２番３７号,6650004
8140001082280,株式会社ヨシコアカツキ,兵庫県,宝塚市,南口２丁目１４番１−１号,6650011
8140001082314,株式会社宮本佳明建築設計事務所,兵庫県,宝塚市,湯本町４番２９号,6650003
8140001082330,株式会社ブランシュール,兵庫県,宝塚市,伊孑志１丁目４番４９号,6650033
8140001082363,株式会社櫻海,兵庫県,宝塚市,小林１丁目１３番８号,6650034
8140001082388,株式会社イニシオ・ライフサービス,兵庫県,宝塚市,中筋６丁目１番２０号中山寺駅前ビルＩＩＩ,6650874
8140001082396,株式会社都市クリエイトサービス,兵庫県,宝塚市,安倉北５丁目９５１番地の５,6650821
8140001082545,株式会社ベルデジャパン,兵庫県,宝塚市,谷口町２番１６号,6650076
8140001082553,株式会社日興電気商会,兵庫県,宝塚市,中山五月台２丁目１０番８号,6650871
8140001082561,株式会社アドバンスト・ビジネス,兵庫県,宝塚市,南ひばりガ丘１丁目２４番１６号,6650811
8140001082578,株式会社ジュリアス,兵庫県,宝塚市,湯本町１１番９−４０３,6650003
8140001082611,株式会社総研,兵庫県,宝塚市,売布東の町１６番３号,6650867
8140001082636,株式会社長澤建築,兵庫県,宝塚市,中州１丁目４番１９号,6650021
8140001082652,株式会社ライブリーヒカリ,兵庫県,宝塚市,栄町１丁目１４番８号ライブリービル１階,6650845
8140001082677,株式会社サンクチュアリーＡＮＮＥＸ,兵庫県,宝塚市,逆瀬川１丁目８番３号万大ビル２階,6650035
8140001082710,ティ・アール・シー株式会社,兵庫県,宝塚市,安倉南２丁目１９番２５号,6650823
8140001082719,株式会社ＩＫＥコンサルティング,兵庫県,宝塚市,すみれガ丘３丁目２番１号,6650847
8140001082727,株式会社アーキテック,兵庫県,宝塚市,山本野里２丁目１７番２４−１０２号,6650814
8140001082735,株式会社アイ・エムハウジング,兵庫県,宝塚市,中州１丁目１５番２０号,6650021
8140001082743,株式会社プラネット,兵庫県,宝塚市,栄町２丁目１−１ソリオ宝塚ＧＦ,6650845
8140001082776,ＭＩＺＯＹ株式会社,兵庫県,宝塚市,すみれガ丘３丁目５番２−３１５号,6650847
8140001082784,株式会社宝建,兵庫県,宝塚市,安倉南１丁目１５番１５号,6650823
8140001082801,株式会社楠見塗装,兵庫県,宝塚市,鹿塩２丁目６番３−２０１号,6650054
8140001082818,三和サービス株式会社,兵庫県,宝塚市,山本西３丁目１２番１−６０４号,6650884
8140001082842,株式会社スタジオミーシャ,兵庫県,宝塚市,平井５丁目３−４１,6650816
8140001082850,株式会社一食,兵庫県,宝塚市,高司３丁目３番２０−４０８号,6650051
8140001082859,株式会社アサヒ食品,兵庫県,宝塚市,金井町３番２号,6650824
8140001082867,株式会社カイダ,兵庫県,宝塚市,中筋６丁目１１番１３号,6650874
8140001082883,株式会社シマダ家具,兵庫県,宝塚市,雲雀丘１丁目６番３０号,6650805
8140001082891,株式会社エジソンパテント,兵庫県,宝塚市,仁川うぐいす台３番３３号,6650064
8140001082900,株式会社パースペクティブ,兵庫県,宝塚市,高司２丁目１１番７号,6650051
8140001082909,田野商事株式会社,兵庫県,宝塚市,末成町２９番１７号,6650044
8140001082917,株式会社信幸商会,兵庫県,宝塚市,清荒神２丁目２番８号,6650836
8140001082925,株式会社櫻不動産,兵庫県,宝塚市,中筋４丁目１１番２３号−１０１号,6650874
8140001082933,アイティ顧問株式会社,兵庫県,宝塚市,野上６丁目３番１０号−４１２号,6650022
8140001082958,株式会社ファーストライン,兵庫県,宝塚市,伊孑志１丁目７番３８号,6650033
8140001082966,株式会社Ｓｏｎｇ４Ｙｏｕ,兵庫県,宝塚市,野上５丁目１−２１号,6650022
8140001082999,ポルフィリオ株式会社,兵庫県,宝塚市,中州１丁目３番２１号逆瀬川ヒルズ１０２,6650021
8140001083007,グッドスタッフ株式会社,兵庫県,宝塚市,山本野里１丁目１番４８号,6650814
8140001083015,株式会社クレア,兵庫県,宝塚市,小林１丁目１４番１９号,6650034
8140001083048,スター物流株式会社,兵庫県,宝塚市,山本野里１丁目５１番地１,6650814
8140001083089,アクシスアートテック株式会社,兵庫県,宝塚市,逆瀬台１丁目１１アヴェルデ４番館１０４,6650024
8140001083122,株式会社ｅサポート,兵庫県,宝塚市,小林４丁目６番１４号,6650034
8140001083139,株式会社山田企画,兵庫県,宝塚市,仁川北３丁目７番４１号,6650061
8140001083188,株式会社フォーグッド,兵庫県,宝塚市,山本台３丁目１６番１−６１９号,6650885
8140001083196,株式会社グッドラック,兵庫県,宝塚市,南口１丁目１４番３３号,6650011
8140001083205,株式会社京月堂,兵庫県,宝塚市,山手台東１丁目２番１−３１８号,6650887
8140001083246,株式会社ホープ照明,兵庫県,宝塚市,福井町１５番２４号,6650046
8140001083320,株式会社Ｍ・Ｏ・Ｎ,兵庫県,宝塚市,川面３丁目２３番１２号,6650842
8140001083386,株式会社キャピタルラック,兵庫県,宝塚市,社町１３番４号,6650071
8140001083394,株式会社Ｇｒａｃｅ　Ｎｏｔｅ,兵庫県,宝塚市,清荒神４丁目１１番１６号,6650836
8140001083428,株式会社畳の高垣商店,兵庫県,宝塚市,紅葉ガ丘５番４３号宝塚ヒルズ１０２,6650006
8140001083436,株式会社リブコム,兵庫県,宝塚市,安倉中２丁目８番２０号,6650822
8140001083469,株式会社アーテックスラボラトリー,兵庫県,宝塚市,南口１丁目１０番７号,6650011
8140001083477,株式会社宝塚美創,兵庫県,宝塚市,旭町１丁目１０番１９号,6650835
8140001083601,ＴＭ株式会社,兵庫県,宝塚市,仁川旭ガ丘３番１２号,6650065
8140001083691,株式会社アイレスト,兵庫県,宝塚市,中筋１丁目３番２９号,6650874
8140001083717,株式会社Ｐ＆Ｋ,兵庫県,宝塚市,売布１丁目２９番２号,6650852
8140001083758,株式会社ＴＭプランニング,兵庫県,宝塚市,口谷東１丁目２０番１８号,6650812
8140001083808,株式会社グリーンターフ,兵庫県,宝塚市,福井町２５番２８号,6650046
8140001083840,株式会社フレイバーズ,兵庫県,宝塚市,平井４丁目５番５号,6650816
8140001083881,株式会社フェイム,兵庫県,宝塚市,清荒神５丁目７番３号,6650836
8140001083923,株式会社ＴＡＫＡＴＯＲＩ,兵庫県,宝塚市,武庫山２丁目４番２３−１１０４号,6650005
8140001083948,株式会社ボクラ,兵庫県,宝塚市,青葉台２丁目９番２１号,6650014
8140001083956,ＨＩＲＯ企画株式会社,兵庫県,宝塚市,光ガ丘１丁目１２番地の１６,6650015
8140001084005,英友緑建株式会社,兵庫県,宝塚市,寿町５番４号,6650865
8140001084062,Ｎ・Ｎ株式会社,兵庫県,宝塚市,小林２丁目１１番１６号,6650034
8140001084070,株式会社昭栄,兵庫県,宝塚市,逆瀬川２丁目４番７−２０２号,6650035
8140001084087,青山株式会社,兵庫県,宝塚市,光ガ丘１丁目９番５号,6650015
8140001084095,株式会社中嶋電設,兵庫県,宝塚市,安倉中６丁目２番２９号,6650822
8140001084112,株式会社めんこいちゃぺ,兵庫県,宝塚市,花屋敷荘園４丁目７番１１号,6650802
8140001084120,株式会社ホンダカーズ兵庫,兵庫県,宝塚市,武庫川町６番２４号,6650844
8140001084145,株式会社ハミックシステム,兵庫県,宝塚市,売布東の町１１番１０−７０２号,6650867
8140001084153,かもめすたじお株式会社,兵庫県,宝塚市,光ガ丘１丁目５番７号,6650015
8140001084161,バリュートレック株式会社,兵庫県,宝塚市,口谷東１丁目５番９号,6650812
8140001084194,株式会社ＨＭＴ,兵庫県,宝塚市,伊孑志３丁目１３番６号,6650033
8140001084211,ワイエムプラン株式会社,兵庫県,宝塚市,清荒神１丁目１１番１号,6650836
8140001084260,株式会社フェニックスコーポレーション,兵庫県,宝塚市,中筋５丁目１０番２５号,6650874
8140001084269,株式会社宝塚誠,兵庫県,宝塚市,宝梅１丁目１番２０号,6650013
8140001084285,株式会社ウェルスクエア,兵庫県,宝塚市,川面１丁目８番３０号,6650842
8140001084293,株式会社Ｔ・Ｋオフィス,兵庫県,宝塚市,武庫川町４番３−２０２号,6650844
8140001084310,ファミリアル不動産株式会社,兵庫県,宝塚市,安倉中３丁目９番１６号,6650822
8140001084319,株式会社ライフ・イノベーション,兵庫県,宝塚市,宝梅２丁目７番５−３０１号,6650013
8140001084343,ジェイ・ファースト株式会社,兵庫県,宝塚市,雲雀丘３丁目６番１７号,6650805
8140001084368,株式会社アイエル管理,兵庫県,宝塚市,月見山１丁目１３番２号,6650002
8140001084392,株式会社ササキ,兵庫県,宝塚市,旭町１丁目１４番１７号,6650835
8140001084418,株式会社ＪＭＳ,兵庫県,宝塚市,末成町１２番１３号,6650044
8140001084426,株式会社宝塚設計,兵庫県,宝塚市,栄町３丁目１番１７−１０６号,6650845
8140001084434,けやきヒルカントリークラブ株式会社,兵庫県,宝塚市,切畑字長尾山１９番１４号,6650808
8140001084459,株式会社Ｍ．Ｉ．Ｓ,兵庫県,宝塚市,旭町２丁目３番１８号,6650835
8140001084483,株式会社伸栄設備工業,兵庫県,宝塚市,向月町１番１２号,6650832
8140001084491,株式会社ＤＯＵＢＬＥ,兵庫県,宝塚市,野上１丁目５番１０号,6650022
8140001084500,株式会社衆我,兵庫県,宝塚市,仁川北３丁目９番２号,6650061
8140001084517,住宅宝庫居−ＳＨＯＰ株式会社,兵庫県,宝塚市,南口２丁目１４番５−２１０号,6650011
8140001084525,株式会社ＡＦＭＧ,兵庫県,宝塚市,武庫川町６番２６−３１０２号,6650844
8140001086521,株式会社岩田,兵庫県,宝塚市,小林１丁目９番１９号,6650034
8140001086942,株式会社幸英,兵庫県,宝塚市,光ガ丘１丁目１７番１９号,6650015
8140001087057,株式会社個別教育フォレスト,兵庫県,宝塚市,山本東３丁目１０番１号リーガルコート山本駅前１０２,6650881
8140001087668,株式会社ルマン,兵庫県,宝塚市,南口２丁目１２番１４号,6650011
8140001088550,株式会社アドリア,兵庫県,宝塚市,長尾町１７番６−３０５号,6650873
8140001088625,株式会社ｂｌａｎｃ,兵庫県,宝塚市,売布きよしガ丘１１番３号,6650855
8140001088889,株式会社若村,兵庫県,宝塚市,中山桜台４丁目１１番１６号,6650877
8140001089020,株式会社ＴＡＫＥ１,兵庫県,宝塚市,小林５丁目４番７−４０２号,6650034
8140001089243,株式会社スハラクライミングジム,兵庫県,宝塚市,旭町１丁目７番１７号,6650835
8140001089747,株式会社阪本地所,兵庫県,宝塚市,小林１丁目１６番１１号,6650034
8140001091686,株式会社成建,兵庫県,宝塚市,安倉北３丁目１番１９号,6650821
8140001092445,株式会社クリエビジョン,兵庫県,宝塚市,仁川北２丁目８番４号メゾン仁川２０２,6650061
8140001093088,株式会社ＭＩ,兵庫県,宝塚市,小浜２丁目５番４０−１０２号,6650827
8140001093402,株式会社サラダハウス,兵庫県,宝塚市,小林２丁目７番２４−３１２号,6650034
8140001093666,株式会社ＢＥＮＤ　ｏｆｆｉｃｅ,兵庫県,宝塚市,小浜２丁目５番４０−１０１１号,6650827
8140001094920,株式会社辻電,兵庫県,宝塚市,山手台東４丁目２０番２２号,6650887
8140001095183,笹原建設株式会社,兵庫県,宝塚市,安倉北３丁目５番３０号,6650821
8140001095225,大誠建設株式会社,兵庫県,宝塚市,口谷東１丁目１３番１−４号,6650812
8140001095670,株式会社サンクチュアリ,兵庫県,宝塚市,中山台２丁目９番４号,6650876
8140001096405,株式会社ＬＩＥＮ’Ｓ,兵庫県,宝塚市,山手台東５丁目２７番４号,6650887
8140001096900,株式会社明和,兵庫県,宝塚市,安倉中２丁目４番２号,6650822
8140001097254,株式会社ＳＴＹ,兵庫県,宝塚市,山本丸橋４丁目８番１１号,6650815
8140001097477,株式会社創−ｎｅｔｗｏｒｋｓ,兵庫県,宝塚市,すみれガ丘１丁目７番１号−３０１号室,6650847
8140001097592,エムズカーゴ株式会社,兵庫県,宝塚市,仁川月見ガ丘１４番１９号,6650067
8140001098351,ＮＩＴＴ　ＧＬＯＢＡＬ株式会社,兵庫県,宝塚市,末成町２１番４号,6650044
8140001098665,Ｐｉｎｏｔｙ株式会社,兵庫県,宝塚市,中山五月台２丁目１番３号,6650871
8140001098731,株式会社ＨＵＤＤＬＥ,兵庫県,宝塚市,宝梅３丁目４番３１号,6650013
8140001099416,株式会社ＭＫＭ恒産,兵庫県,宝塚市,中筋９丁目２番７号,6650874
8140001099762,株式会社コトブキ建装,兵庫県,宝塚市,中山台２丁目１番７号,6650876
8140001100538,株式会社ビジネスサポート,兵庫県,宝塚市,清荒神４丁目２３−１２,6650836
8140001100570,株式会社マルジン,兵庫県,宝塚市,安倉北３丁目９番４号,6650821
8140001100595,株式会社木野元工務店,兵庫県,宝塚市,泉町２５番１０号,6650864
8140001100802,胡株式会社,兵庫県,宝塚市,雲雀丘山手１丁目２番３０号,6650804
8140001101296,フォレスト株式会社,兵庫県,宝塚市,鹿塩２丁目７番１０号,6650054
8140001101429,株式会社ブリッジランド,兵庫県,宝塚市,中筋６丁目１３番２０号,6650874
8140001101610,株式会社ＳＫホーム,兵庫県,宝塚市,山本野里１丁目１２３番地の１、１０３,6650814
8140001101833,株式会社リヴェール,兵庫県,宝塚市,山本丸橋２丁目１０番９号,6650815
8140001102113,株式会社ディーエイチサポート,兵庫県,宝塚市,福井町３２番１７号,6650046
8140001102815,株式会社上野組,兵庫県,宝塚市,伊孑志１丁目４番４９号,6650033
8140001103516,株式会社岸田組,兵庫県,宝塚市,中筋山手２丁目１番３７号,6650875
8140001103945,陽だまり工房株式会社,兵庫県,宝塚市,旭町２丁目３番２３−３０５号,6650835
8140001104118,株式会社やまて,兵庫県,宝塚市,中筋山手３丁目７番１８号,6650875
8140001104233,株式会社イセキス,兵庫県,宝塚市,雲雀丘山手１丁目１番２８号,6650804
8140001104605,株式会社井上ＹＡ,兵庫県,宝塚市,青葉台２丁目１４番１７号,6650014
8140001105231,ヨネシマホールディング株式会社,兵庫県,宝塚市,千種４丁目１３番３０号,6650072
8140001105256,株式会社ＴｏｐＧｒｅｅｎ,兵庫県,宝塚市,逆瀬台１丁目７番１号阪急逆瀬台マンション１０１,6650024
8140001105776,株式会社未咲,兵庫県,宝塚市,売布２丁目２番３０号,6650852
8140001105883,株式会社下坂商店,兵庫県,宝塚市,泉町７番１３号,6650864
8140001106361,ブライトリンク株式会社,兵庫県,宝塚市,仁川月見ガ丘３番２号,6650067
8140001106386,尾崎建商株式会社,兵庫県,宝塚市,中山桜台７丁目１０番６号,6650877
8140001106907,宇田設備株式会社,兵庫県,宝塚市,山本野里１丁目２４番１７号,6650814
8140001107541,株式会社ティー・テック・ラボ,兵庫県,宝塚市,鹿塩１丁目４番２９−３１０号,6650054
8140001107624,コスモス投資研究所株式会社,兵庫県,宝塚市,仁川台１９番地,6650074
8140001108960,株式会社ＮＯＲＩＯＮ,兵庫県,宝塚市,ふじガ丘４番５号,6650806
8140001109521,株式会社ＩＹＤ,兵庫県,宝塚市,仁川月見ガ丘１５番２０号,6650067
8140001109554,株式会社プリレーヴジャパン,兵庫県,宝塚市,中野町１６番１９号,6650056
8140001109653,株式会社福亭,兵庫県,宝塚市,武庫川町４番１４号,6650844
8140001110198,株式会社黒澤産業,兵庫県,宝塚市,安倉南２丁目１４番２号,6650823
8140001110520,株式会社貼工,兵庫県,宝塚市,安倉南４丁目４番５号,6650823
8140001110652,ＣＭＣ株式会社,兵庫県,宝塚市,山手台東５丁目３２番４号,6650887
8140001110685,株式会社マイライフ,兵庫県,宝塚市,中山五月台４丁目７番１２号,6650871
8140001111007,株式会社センターヒルズ,兵庫県,宝塚市,雲雀丘２丁目１１番１０号,6650805
8140001111171,株式会社アメリア,兵庫県,宝塚市,湯本町９番１８号アメニティコート宝塚湯本２Ｆ,6650003
8140001113325,株式会社ピエスタ,兵庫県,宝塚市,野上４丁目２２番１−３０１号,6650022
8140001113837,株式会社オーガスタ,兵庫県,宝塚市,中山寺１丁目１１−１３プラスパ・カトウビル２階,6650861
8140001114100,株式会社グランリンクス,兵庫県,宝塚市,清荒神１丁目３番９号,6650836
8140001115107,株式会社英和,兵庫県,宝塚市,中筋６丁目６番２２号,6650874
8140001116195,株式会社宝膳,兵庫県,宝塚市,伊孑志３丁目１５番３号,6650033
8140001116286,株式会社千千,兵庫県,宝塚市,中山五月台７丁目１番１２０３号,6650871
8140001117152,アイリリーフ株式会社,兵庫県,宝塚市,ふじガ丘９番９号,6650806
8140001117631,都工業株式会社,兵庫県,宝塚市,小浜３丁目１４番２０号,6650827
8140001117920,株式会社ＡＶＯＣＡＤＯ,兵庫県,宝塚市,山手台西４丁目２７番１号,6650886
8140001118299,株式会社村田総建,兵庫県,宝塚市,中筋４丁目１０番１号,6650874
8140001118464,豊田建設株式会社,兵庫県,宝塚市,花屋敷つつじガ丘７番８号,6650803
8140001119545,株式会社ＺＩＧＺＡＧ,兵庫県,宝塚市,社町１３番１７号,6650071
8140001119553,株式会社清宝,兵庫県,宝塚市,米谷字清シ１番地,6650837
8140001119990,広神総合防災株式会社,兵庫県,宝塚市,高司５丁目５番３９号,6650051
8140001120412,スクリートレーディング株式会社,兵庫県,宝塚市,山手台西４丁目２８番２号,6650886
8140001120420,株式会社ＯＮＥ　ＦＯＲ　ＡＬＬ,兵庫県,宝塚市,すみれガ丘２丁目３番１号,6650847
8140001121022,Ｓｕｎ＆Ｌｉｇｈｔ株式会社,兵庫県,宝塚市,ゆずり葉台２丁目５番１１号,6650025
8140001121220,Ｔｏｋｅｎ株式会社,兵庫県,宝塚市,野上３丁目５番３６号フォンテーヌ逆瀬川１０３,6650022
8140001121617,株式会社ルピナス,兵庫県,宝塚市,南口２丁目１４番５−５０１号,6650011
8140001121757,株式会社陽陽,兵庫県,宝塚市,逆瀬台２丁目３番１１号１０１,6650024
8140001121906,株式会社ピーラン,兵庫県,宝塚市,米谷１丁目９番２１号,6650831
8140001122219,株式会社アイズ,兵庫県,宝塚市,小浜５丁目９番１１−３号,6650827
8140001122565,株式会社ヨシコーフーズ,兵庫県,宝塚市,光ガ丘２丁目３番１９号,6650015
8140001122912,株式会社裕喜電設,兵庫県,宝塚市,紅葉ガ丘１３番１７号,6650006
8140001123605,株式会社アンカーパートナーズ,兵庫県,宝塚市,野上１丁目２番１２号,6650022
8140001124272,株式会社大辻,兵庫県,宝塚市,中山桜台３丁目１６番１１号,6650877
8140001124727,株式会社ホットテラス,兵庫県,宝塚市,旭町１丁目１１番１−１００９号,6650835
8140001125056,株式会社高倉保温工業所,兵庫県,宝塚市,中山桜台６丁目１６番１−５０６号,6650877
8140001125080,株式会社Ｒｏｓｅｍａｒｙ,兵庫県,宝塚市,栄町１丁目１１−１,6650845
8140001125171,株式会社みらいえ,兵庫県,宝塚市,福井町２６番２２−１Ｆ,6650046
8140001125295,株式会社Ｔｒｕｃｋ　Ｐｒｏ,兵庫県,宝塚市,弥生町３番２号,6650826
8140001126525,株式会社ラヴィデボーテ,兵庫県,宝塚市,御殿山３丁目８番２８号,6650841
8140001126558,ＳｔａｒＬｉｎｋ株式会社,兵庫県,宝塚市,南口１丁目１６番２１号,6650011
8140001126855,株式会社ＫＮＨ,兵庫県,宝塚市,山本丸橋１丁目１２番６号,6650815
8140001126979,株式会社ｍｅｂａｅ,兵庫県,宝塚市,野上１丁目１番３号シャローム逆瀬川２階,6650022
8140001127630,株式会社ＨＡＣＨＩ,兵庫県,宝塚市,中筋２丁目１１番１−４０８号,6650874
8140001129123,株式会社ヒロ,兵庫県,宝塚市,山本丸橋１丁目６番１９号,6650815
8140001129296,株式会社４ａ．ｍ．,兵庫県,宝塚市,湯本町３番１１号メルヘン宝塚２０１,6650003
8140001129412,ＦＵＫＵＴＯ株式会社,兵庫県,宝塚市,鹿塩１丁目１番１０−６号,6650054
8140001130015,株式会社ＫＵＳＵ,兵庫県,宝塚市,湯本町９―１０―３０５,6650003
8140001130378,株式会社メラノレウカ,兵庫県,宝塚市,逆瀬川１丁目１１番１号アピア２−１４１,6650035
8140001130386,ＴＳＵＢＡＳＡ株式会社,兵庫県,宝塚市,山手台東５丁目２１番８号,6650887
8140001130519,株式会社宝翔,兵庫県,宝塚市,安倉南２丁目１８番１２号,6650823
8140001130898,アセント・デザイン株式会社,兵庫県,宝塚市,伊孑志４丁目２−６８Ｂ４・Ｂ５,6650033
8140001131038,株式会社ＢＥＸＥＲ,兵庫県,宝塚市,伊子志四丁目２番６８号アーバンライフ１０４,6650000
8140001131327,新生株式会社,兵庫県,宝塚市,山手台東３丁目２４番７号,6650887
8140001131979,株式会社陽向設備,兵庫県,宝塚市,末成町１９番９号,6650044
8140001132060,株式会社ＳｅｅｄＷｅｌｌ,兵庫県,宝塚市,宝松苑１２番１２号,6650016
8140001133513,フェニックスコンサルティング株式会社,兵庫県,宝塚市,仁川台２０７,6650074
8140001134098,株式会社アンプラウド,兵庫県,宝塚市,安倉西４丁目４番４号,6650825
8140001134511,株式会社ライアン,兵庫県,宝塚市,月見山１丁目１３番２５号,6650002
8140001136061,株式会社ＹＫＲＮ,兵庫県,宝塚市,雲雀丘１丁目４番４号,6650805
8140001136227,Ｓｔｏｎｅ　Ｈｏｕｓｅ株式会社,兵庫県,宝塚市,宮の町１３番１１号,6650843
8140001136375,株式会社三和会,兵庫県,宝塚市,栄町１丁目１８番２号,6650845
8140001136821,株式会社Ｔ‐ＳＨＯ会,兵庫県,宝塚市,安倉中４丁目１番５号,6650822
8140001137472,ＡＤＯＣＣＯ株式会社,兵庫県,宝塚市,山本西２丁目１１番１０号,6650884
8140001137902,株式会社ユニステップ,兵庫県,宝塚市,長尾町１番９号,6650873
8140001138413,笹原建物管理株式会社,兵庫県,宝塚市,安倉北３丁目５番３０号,6650821
8140001138917,株式会社Ｔｒｅａｓｕｒｅ,兵庫県,宝塚市,山本丸橋４丁目８０番地,6650815
8140001138966,株式会社ＷＡＴＡＢＥ,兵庫県,宝塚市,山手台東５丁目２６番１７号,6650887
8140001139147,株式会社ちからのたね,兵庫県,宝塚市,安倉中４丁目６番４号,6650822
8140001139675,株式会社ＬｕＭｅｔｉｓｓ,兵庫県,宝塚市,野上１丁目１−８,6650022
8140001140096,株式会社中下興産,兵庫県,宝塚市,泉町７番１６号,6650864
8140001140105,株式会社シンワ玩具,兵庫県,宝塚市,逆瀬川１丁目１３番１−８０６号,6650035
8140001140229,株式会社ＨＡＲＯＵ,兵庫県,宝塚市,三笠町６番２３号,6650863
8140001140930,株式会社ガークス,兵庫県,宝塚市,平井６丁目７番１７号,6650816
8140001141020,ビジネスフォワード株式会社,兵庫県,宝塚市,山手台西１丁目１番１号,6650886
8140001141078,つのぐみ株式会社,兵庫県,宝塚市,南口１丁目１６番６号,6650011
8140001141243,株式会社ＭＩＲＡＩ　ＦＲＯＮＴ,兵庫県,宝塚市,長寿ガ丘２１番２−１０２号,6650001
8140001141499,株式会社仁馬,兵庫県,宝塚市,大原野字下林１４,6691211
8140001141524,株式会社日本橋,兵庫県,宝塚市,川面字長尾山１５番３２７,6650848
8140001141565,太陽株式会社,兵庫県,宝塚市,山本野里１丁目２番１２号,6650814
8140001141706,株式会社ＴＥＲＡＬＥＣＴ不動産,兵庫県,宝塚市,中筋山手７丁目１８番８号,6650875
8140001142274,ディーカム株式会社,兵庫県,宝塚市,栄町２丁目１番２号ソリオ宝塚２−８Ｆ,6650845
8140001142571,株式会社Ｃｒａｎｅ,兵庫県,宝塚市,安倉中５丁目９番１３号,6650822
8140002066836,株式会社向月,兵庫県,宝塚市,中筋８丁目２０番４号,6650874
8140002067941,株式会社アジャックス,兵庫県,宝塚市,すみれガ丘３丁目１番１−８１１号,6650847
8140002068015,プロクシィ・サービス株式会社,兵庫県,宝塚市,青葉台２丁目７番３０号,6650014
8140003009851,株式会社アリー企画,兵庫県,宝塚市,山手台東５丁目１５番８号,6650887
8400001008465,株式会社銀河舎,兵庫県,宝塚市,山本西３丁目６番２１号,6650884
8430001049052,株式会社一陣,兵庫県,宝塚市,伊孑志４丁目２番６０−１０８号,6650033
9010001104088,株式会社エムズ,兵庫県,宝塚市,売布東の町２１番２２号,6650867
9010001120903,エクスプロージョン株式会社,兵庫県,宝塚市,中山寺３丁目５番１１号,6650861
9010901015574,株式会社ものがたり創造研究所,兵庫県,宝塚市,売布３丁目１５番３１−１２０号,6650852
9011101064305,株式会社クロスマインド,兵庫県,宝塚市,仁川北２丁目８番２８号,6650061
9011401012723,株式会社アデッソ,兵庫県,宝塚市,栄町３丁目４番１−１２０３号,6650845
9020001118186,易安株式会社,兵庫県,宝塚市,長尾台２丁目１８番２号,6650807
9040001084518,株式会社アドプラス,兵庫県,宝塚市,湯本町２−２０,6650003
9120001049999,タイセイ商事株式会社,兵庫県,宝塚市,高司１丁目４番２６号,6650051
9120001057473,西田相互株式会社,兵庫県,宝塚市,雲雀丘山手１丁目８番１号,6650804
9120001061293,株式会社エクサム,兵庫県,宝塚市,売布ガ丘１４番１６号,6650853
9120001073628,株式会社アズ・アソシエイツ,兵庫県,宝塚市,湯本町１０番４５−１００３号,6650003
9120001078866,株式会社経営企画センター,兵庫県,宝塚市,中山荘園１番３７−２−３０６号,6650868
9120001084550,株式会社土竹商店,兵庫県,宝塚市,山手台西２丁目１３番１２号,6650886
9120001125404,株式会社松本会計,兵庫県,宝塚市,雲雀丘２丁目６番４０号,6650805
9120001131385,株式会社ホーリーランドツーリストセンター,兵庫県,宝塚市,中州１丁目１５番２号,6650021
9120001131658,株式会社イーズ,兵庫県,宝塚市,仁川北１丁目４番２２号,6650061
9120001138521,株式会社ターンオーバー,兵庫県,宝塚市,社町１３番４号,6650071
9120001142572,株式会社ル・ソレイユ,兵庫県,宝塚市,泉町２６番１７号,6650864
9120001162570,株式会社健康保険支払基金,兵庫県,宝塚市,逆瀬台３丁目２番１４号,6650024
9120001167479,アカシヤ産業株式会社,兵庫県,宝塚市,小浜２丁目１番１９号,6650827
9120001171142,株式会社安積,兵庫県,宝塚市,中山桜台１丁目３番６号,6650877
9120001175688,株式会社エムケイサービス,兵庫県,宝塚市,桜ガ丘１１番１５号,6650846
9120001183204,株式会社村上テクニカル,兵庫県,宝塚市,中筋２丁目９番１２−３１１号,6650874
9120001188252,株式会社Ｄｏ　ＴＡＮＫ,兵庫県,宝塚市,山本台３丁目３番１号,6650885
9120001191504,株式会社ウィズクライムコンサルティング,兵庫県,宝塚市,武庫山２丁目１９番１−２０８号,6650005
9120001191834,株式会社ジェン,兵庫県,宝塚市,梅野町５番７−８０６号,6650004
9120001193392,株式会社万和,兵庫県,宝塚市,中山桜台４丁目４番８号,6650877
9120001216112,株式会社ＰＬＡＹＡＮＤＷＯＲＫ,兵庫県,宝塚市,野上５丁目４番５号,6650022
9120001225617,エッジコネクション株式会社,兵庫県,宝塚市,売布２丁目１４番１４−１１１号,6650852
9120001227745,株式会社ゼフォールマネジメント,兵庫県,宝塚市,雲雀丘１丁目７番１９号,6650805
9120001229733,株式会社森岡工業,兵庫県,宝塚市,売布２丁目１４番１４−３０４号,6650852
9120001232308,株式会社ユニグリント,兵庫県,宝塚市,安倉中５丁目１１番８−２０４号,6650822
9120001255507,株式会社３ｒｄ　ｐｌａｔｉｎａｍ．,兵庫県,宝塚市,川面４丁目１番５９−１号,6650842
9120001257858,株式会社ウォードデザイン,兵庫県,宝塚市,泉町２５番１号,6650864
9120001270241,宏潤株式会社,兵庫県,宝塚市,雲雀丘２丁目８番１４号,6650805
9120101026898,株式会社栄,兵庫県,宝塚市,旭町３丁目７番１号（８０５号）,6650835
9120101028969,大河興商株式会社,兵庫県,宝塚市,福井町１番４号,6650046
9120101028977,株式会社バイタルハウス,兵庫県,宝塚市,逆瀬川１丁目１−１９,6650035
9120101049239,株式会社Ｊスマイルズ,兵庫県,宝塚市,梅野町５番３４号ヴィローゼ宝塚南口１２０４号,6650004
9120101055971,株式会社ＮｅｘｔＲｅｎｏｖａｔｉｏｎ,兵庫県,宝塚市,安倉中４丁目１３番３３号セジュール西村１０２,6650822
9120101058330,株式会社ＪＴＮ,兵庫県,宝塚市,寿楽荘５番４号,6650012
9120901024044,株式会社シンコー,兵庫県,宝塚市,中山桜台２丁目２−１中山台ファミリーセンターパンジー内,6650877
9120901027336,株式会社リノウエスト,兵庫県,宝塚市,逆瀬川１丁目１４番２号,6650035
9120901031032,株式会社オフィスエム,兵庫県,宝塚市,寿町９番１０号,6650865
9120901033788,株式会社エール,兵庫県,宝塚市,中山寺１丁目６番６−１０４号,6650861
9120901035909,株式会社サン・スマイル・タック,兵庫県,宝塚市,野上６丁目５−４−３０２,6650022
9140001000885,株式会社ロータリービジネス,兵庫県,宝塚市,中筋８丁目２１番３８号,6650874
9140001032771,株式会社アーガイア,兵庫県,宝塚市,雲雀丘２丁目５−２２,6650805
9140001033613,株式会社Ｋ,兵庫県,宝塚市,小浜３丁目１番２７号,6650827
9140001047695,市山商事株式会社,兵庫県,宝塚市,宝松苑１２番２７号,6650016
9140001048784,株式会社小寺商店,兵庫県,宝塚市,栄町２丁目１０番２６−１１０６号,6650845
9140001050501,株式会社ニシナカ物流,兵庫県,宝塚市,弥生町３番２号,6650826
9140001051532,宮下電機株式会社,兵庫県,宝塚市,安倉北１丁目１１番１２号,6650821
9140001073270,株式会社大天商事,兵庫県,宝塚市,伊孑志３丁目１４−２８−３０８,6650033
9140001075465,株式会社キャリア・パーソナルサービス,兵庫県,宝塚市,中山桜台２丁目１３番１号,6650877
9140001081141,株式会社アーガス,兵庫県,宝塚市,仁川月見ガ丘８番７号,6650067
9140001081158,旭国際開発株式会社,兵庫県,宝塚市,長谷字道谷６番１５号,6691204
9140001081166,株式会社アートエクス,兵庫県,宝塚市,売布３丁目１４番１０号,6650852
9140001081174,株式会社アモイ石材,兵庫県,宝塚市,中筋６丁目１８番８号,6650874
9140001081199,株式会社インターネット,兵庫県,宝塚市,御殿山２丁目２５番３９号,6650841
9140001081208,株式会社一万田,兵庫県,宝塚市,川面５丁目１０番３８号,6650842
9140001081216,株式会社ティーアイ,兵庫県,宝塚市,梅野町１番１−１６０１号,6650004
9140001081232,株式会社シー・アイ・エス,兵庫県,宝塚市,伊孑志２丁目１７番３７号,6650033
9140001081240,海山コンクリート株式会社,兵庫県,宝塚市,小浜２丁目１番１９号,6650827
9140001081257,株式会社クラショウ,兵庫県,宝塚市,小林５丁目９番８２号,6650034
9140001081265,株式会社エヌティーエフ,兵庫県,宝塚市,中山五月台５丁目３番７号,6650871
9140001081281,株式会社大久保商会,兵庫県,宝塚市,御殿山３丁目２番１１号,6650841
9140001081315,株式会社オフィストゥーワン,兵庫県,宝塚市,山手台西２丁目２３番５号,6650886
9140001081323,株式会社カーライフ南国,兵庫県,宝塚市,安倉中３丁目８番２２号,6650822
9140001081331,関西グリーンライフ株式会社,兵庫県,宝塚市,安倉中５丁目１５番９号,6650822
9140001081348,カスミック情報システム株式会社,兵庫県,宝塚市,中山五月台６丁目１番１３−１０１号,6650871
9140001081356,株式会社かねいち,兵庫県,宝塚市,中筋８丁目１２番４０号,6650874
9140001081364,武田尾温泉株式会社,兵庫県,宝塚市,玉瀬字イヅリハ１番地の４４,6691231
9140001081372,カワナミテクノ株式会社,兵庫県,宝塚市,川面２丁目１番３１号,6650842
9140001081380,株式会社近畿総合インテリア,兵庫県,宝塚市,中筋９丁目１１番２７号,6650874
9140001081397,株式会社北出,兵庫県,宝塚市,米谷１丁目３８番１０号,6650831
9140001081406,株式会社木村工務店,兵庫県,宝塚市,福井町２７番５号,6650046
9140001081414,協英地所株式会社,兵庫県,宝塚市,高司１丁目１番１６号,6650051
9140001081430,株式会社キャピタルモーゲージ,兵庫県,宝塚市,伊孑志３丁目７番１２号,6650033
9140001081439,株式会社久保田総合鑑定,兵庫県,宝塚市,仁川台６５２番地の５,6650074
9140001081447,グローリー建設株式会社,兵庫県,宝塚市,南口１丁目８番１７号,6650011
9140001081463,ケイエス株式会社,兵庫県,宝塚市,高司４丁目３番２３号,6650051
9140001081471,株式会社神戸明電,兵庫県,宝塚市,末成町４０番７号,6650044
9140001081488,コンセントライフ株式会社,兵庫県,宝塚市,口谷西３丁目６２−１,6650813
9140001081496,株式会社寿不動産,兵庫県,宝塚市,栄町１丁目１６番１８号,6650845
9140001081505,株式会社蔵王レース,兵庫県,宝塚市,美幸町１０番５１号,6650042
9140001081538,株式会社さんしようや本家,兵庫県,宝塚市,清荒神１丁目１１番１５号,6650836
9140001081546,株式会社さや花,兵庫県,宝塚市,栄町２丁目１番２号,6650845
9140001081562,株式会社新営繕,兵庫県,宝塚市,平井１丁目１３番２９号,6650816
9140001081579,株式会社新地商店,兵庫県,宝塚市,山本東２丁目９番２号,6650881
9140001081587,下坂建設工業株式会社,兵庫県,宝塚市,南ひばりガ丘１丁目２４番１６号,6650811
9140001081595,住化テクノサービス株式会社,兵庫県,宝塚市,高司４丁目２番１号,6650051
9140001081604,春陽不動産株式会社,兵庫県,宝塚市,仁川北２丁目１３番２０−４１０号,6650061
9140001081612,白瀬浚渫興業株式会社,兵庫県,宝塚市,安倉中６丁目８番２３号,6650822
9140001081629,清樹園株式会社,兵庫県,宝塚市,星の荘２２番２３号,6650866
9140001081645,セントラルハウジング株式会社,兵庫県,宝塚市,川面４丁目７番４１号,6650842
9140001081653,ソリオ宝塚都市開発株式会社,兵庫県,宝塚市,栄町２丁目１番１号,6650845
9140001081661,宝塚高原ゴルフ株式会社,兵庫県,宝塚市,切畑字長尾山１４番地,6650808
9140001081678,宝塚酸友運送株式会社,兵庫県,宝塚市,中筋８丁目５番４号,6650874
9140001081686,宝塚土地住販株式会社,兵庫県,宝塚市,中州１丁目１６番５号,6650021
9140001081694,宝塚レコード株式会社,兵庫県,宝塚市,逆瀬川２丁目６番３１号,6650035
9140001081703,株式会社大晃建設,兵庫県,宝塚市,美幸町１番２８号,6650042
9140001081711,大伸産業株式会社,兵庫県,宝塚市,泉ガ丘４番２４号,6650851
9140001081736,株式会社タカ・コーポレーション,兵庫県,宝塚市,高司１丁目４番３５号,6650051
9140001081744,宝興産株式会社,兵庫県,宝塚市,仁川旭ガ丘１番５１号,6650065
9140001081760,株式会社タツミ測量設計事務所,兵庫県,宝塚市,大原野字波坂１番地の６４,6691211
9140001081777,株式会社つかさ,兵庫県,宝塚市,星の荘２７番１２号,6650866
9140001081793,株式会社テクノリサーチ,兵庫県,宝塚市,平井５丁目６番４号,6650816
9140001081802,株式会社東久,兵庫県,宝塚市,安倉中５丁目１番３号,6650822
9140001081819,株式会社豊川運輸,兵庫県,宝塚市,売布きよしガ丘９番１１号,6650855
9140001081827,株式会社内外緑建,兵庫県,宝塚市,山本丸橋１丁目１０番２３号,6650815
9140001081843,株式会社ナルト,兵庫県,宝塚市,川面５丁目１６番３９号,6650842
9140001081851,株式会社西商会,兵庫県,宝塚市,中州２丁目３番３８号,6650021
9140001081876,株式会社日本国際音楽企画,兵庫県,宝塚市,梅野町２番４号,6650004
9140001081892,野村造園土木株式会社,兵庫県,宝塚市,中山寺１丁目１５番１３号,6650861
9140001081901,株式会社ハタコ,兵庫県,宝塚市,南口２丁目１４番１−２号,6650011
9140001081918,株式会社比叡,兵庫県,宝塚市,雲雀丘１丁目１１番２号,6650805
9140001081942,平川産業株式会社,兵庫県,宝塚市,安倉中４丁目１３番３３号,6650822
9140001081950,株式会社フアミリーストアなかい,兵庫県,宝塚市,大原野字石保５８番地の４,6691211
9140001081959,株式会社フジコ,兵庫県,宝塚市,谷口町１番１８号,6650076
9140001081967,株式会社双葉ガーデン,兵庫県,宝塚市,山本南２丁目１１番２２号,6650882
9140001081975,株式会社プランジェイ,兵庫県,宝塚市,花屋敷荘園１丁目１２番６号,6650802
9140001081983,株式会社ベストライフ,兵庫県,宝塚市,雲雀丘山手２丁目１８番１号,6650804
9140001081991,株式会社宝泉,兵庫県,宝塚市,小林２丁目１０番１７号,6650034
9140001082008,株式会社万花園,兵庫県,宝塚市,山本東１丁目５番２６号,6650881
9140001082016,松田ポンプエンジニアリング株式会社,兵庫県,宝塚市,野上２丁目６番１４号,6650022
9140001082024,マミーサービス株式会社,兵庫県,宝塚市,伊孑志１丁目８番２７号,6650033
9140001082032,丸惣物産株式会社,兵庫県,宝塚市,伊孑志１丁目９番７−３０２号,6650033
9140001082049,株式会社ミソノ,兵庫県,宝塚市,逆瀬台２丁目９番２３号,6650024
9140001082057,ミナミ商事株式会社,兵庫県,宝塚市,三笠町４−１７,6650863
9140001082065,株式会社ミヤマ,兵庫県,宝塚市,中山台１丁目１９番５号,6650876
9140001082081,株式会社メイプルバレー,兵庫県,宝塚市,玉瀬字イヅリハ１番地の４５,6691231
9140001082107,株式会社ヤマグチ物流,兵庫県,宝塚市,山本南３丁目１番７−２０２号,6650882
9140001082115,山田エンジニアリング株式会社,兵庫県,宝塚市,亀井町１１番９号,6650047
9140001082131,株式会社古波蔵舗道,兵庫県,宝塚市,旭町２丁目２０番１９号,6650835
9140001082148,株式会社吉田産業,兵庫県,宝塚市,小林３丁目５番２５号,6650034
9140001082156,有楽調理食品株式会社,兵庫県,宝塚市,高松町２番１２号,6650043
9140001082164,株式会社蘭翠園,兵庫県,宝塚市,南口２丁目２番１５号,6650011
9140001082180,株式会社ロイヤル佐野,兵庫県,宝塚市,梅野町１番４６号宝塚ホテル４０７号,6650004
9140001082239,株式会社司設備,兵庫県,宝塚市,山本南１丁目２９番１−３０７号,6650882
9140001082247,川一株式会社,兵庫県,宝塚市,中筋山手３丁目３番２０号,6650875
9140001082255,株式会社大栄,兵庫県,宝塚市,鹿塩２丁目１２番１１号,6650054
9140001082288,近代産商株式会社,兵庫県,宝塚市,中筋山手３丁目７番１５号,6650875
9140001082296,株式会社五洋工業,兵庫県,宝塚市,仁川月見ガ丘３番５号,6650067
9140001082305,株式会社マルヨシ,兵庫県,宝塚市,安倉北３丁目５番６号,6650821
9140001082313,ジェイ・ホーム・ハンズ株式会社,兵庫県,宝塚市,中山桜台２丁目１番１６−２０８号,6650877
9140001082321,株式会社シーガル,兵庫県,宝塚市,安倉南１丁目１８番１８号,6650823
9140001082338,株式会社キングスアームス,兵庫県,宝塚市,千種２丁目５番１７号,6650072
9140001082362,株式会社きべ事務所,兵庫県,宝塚市,光ガ丘１丁目３番２２号,6650015
9140001082379,株式会社アーデント,兵庫県,宝塚市,小浜３丁目６番５号,6650827
9140001082387,汎光電気株式会社,兵庫県,宝塚市,逆瀬川１丁目１番４６号,6650035
9140001082395,株式会社東部,兵庫県,宝塚市,大原野字同道１７番地１,6691211
9140001082404,株式会社インテリアサポート山口,兵庫県,宝塚市,星の荘１９番２６号,6650866
9140001082412,株式会社元気の水本舗,兵庫県,宝塚市,小林２丁目３番３２号,6650034
9140001082528,和泉興産株式会社,兵庫県,宝塚市,雲雀丘山手１丁目１３番１４号,6650804
9140001082544,株式会社北田造園土木,兵庫県,宝塚市,星の荘２０番２１号,6650866
9140001082577,株式会社Ｂサナップ,兵庫県,宝塚市,山本台３丁目１６番１−３１７号,6650885
9140001082602,株式会社樹,兵庫県,宝塚市,逆瀬台３丁目３番地の７４０,6650024
9140001082627,株式会社グランテック,兵庫県,宝塚市,安倉南３丁目１番１２号,6650823
9140001082635,株式会社高山工業,兵庫県,宝塚市,駒の町３番６号,6650053
9140001082643,株式会社ユビキタスゲートインターナショナル,兵庫県,宝塚市,川面６丁目１４番１５号,6650842
9140001082651,株式会社ダイリン,兵庫県,宝塚市,雲雀丘山手２丁目１７−７,6650804
9140001082668,株式会社リイプス,兵庫県,宝塚市,栄町２丁目１番１−Ｅ−７０４号,6650845
9140001082684,株式会社やとや,兵庫県,宝塚市,仁川高丸３丁目１９番１号,6650063
9140001082726,株式会社オルドス,兵庫県,宝塚市,口谷東１丁目５番１号,6650812
9140001082742,株式会社ＰＬＡＴＺコーポレーション,兵庫県,宝塚市,小林２丁目７番２４−２１２号,6650034
9140001082750,株式会社ＲａｎｄＷ,兵庫県,宝塚市,栄町２丁目３番１号,6650845
9140001082759,株式会社創電舎,兵庫県,宝塚市,向月町１４番２７号,6650832
9140001082775,株式会社Ｅ＆Ｅ,兵庫県,宝塚市,野上４丁目２２番１−１０１号,6650022
9140001082783,株式会社リアン,兵庫県,宝塚市,売布東の町１１番１０号,6650867
9140001082791,株式会社Ｗｏｏｄｓ,兵庫県,宝塚市,伊孑志１丁目６番３８号,6650033
9140001082800,株式会社比嘉組,兵庫県,宝塚市,高松町５番１２号,6650043
9140001082809,株式会社ブリッジス,兵庫県,宝塚市,逆瀬台６丁目５番２０号,6650024
9140001082817,エス・ファイブ・マネジメント株式会社,兵庫県,宝塚市,宝梅２丁目１０番２号,6650013
9140001082858,株式会社ＬＵＸＴＩＳ,兵庫県,宝塚市,大吹町５番１１号,6650057
9140001082866,株式会社ワッツユニオン,兵庫県,宝塚市,旭町２丁目１０番３号,6650835
9140001082874,株式会社永吉工務店,兵庫県,宝塚市,中筋４丁目８番３４号,6650874
9140001082882,株式会社ミネルバ,兵庫県,宝塚市,すみれガ丘２丁目６番７号,6650847
9140001082890,ケイシンネット株式会社,兵庫県,宝塚市,美幸町８番２４号,6650042
9140001082899,株式会社スペースプラン,兵庫県,宝塚市,雲雀丘山手１丁目１８番１３号,6650804
9140001082908,インフォメーションオフィス株式会社,兵庫県,宝塚市,安倉中５丁目１４番２１号,6650822
9140001082916,株式会社エイチアイ企画,兵庫県,宝塚市,野上３丁目５番２４号,6650022
9140001082924,株式会社アートシティ,兵庫県,宝塚市,平井４丁目１５番６号,6650816
9140001082932,株式会社真心,兵庫県,宝塚市,口谷西１丁目２０番６号,6650813
9140001082940,コタファーム株式会社,兵庫県,宝塚市,中筋山手１丁目８番２８号,6650875
9140001082949,株式会社Ｔｒｕｓｔｙ　Ｊａｐａｎ,兵庫県,宝塚市,旭町１丁目１５番１４号,6650835
9140001082957,株式会社エフアイコーポレーション,兵庫県,宝塚市,すみれガ丘２丁目３番１−５０２号,6650847
9140001082973,株式会社キューコーポレーション,兵庫県,宝塚市,高司１丁目１番１６号,6650051
9140001083006,イベント６６株式会社,兵庫県,宝塚市,山本野里１丁目１番４８号,6650814
9140001083014,株式会社かみや,兵庫県,宝塚市,泉町１９番４０号光ハイツ,6650864
9140001083039,株式会社サンアーキテック,兵庫県,宝塚市,高司５丁目３−３３,6650051
9140001083047,株式会社バジリーニ,兵庫県,宝塚市,売布きよしガ丘１８番８号,6650855
9140001083055,株式会社フルーティワールド,兵庫県,宝塚市,逆瀬台６丁目１４番２１号,6650024
9140001083088,株式会社富田商店,兵庫県,宝塚市,境野字土道ノ橋３５番地の６,6691222
9140001083096,株式会社アースワーク,兵庫県,宝塚市,南口１丁目９番１２−１号,6650011
9140001083162,株式会社イデア・ビジネスクリエイト,兵庫県,宝塚市,売布１丁目２６番３号,6650852
9140001083170,新誠技建株式会社,兵庫県,宝塚市,亀井町１０番６３−１１０号,6650047
9140001083195,株式会社髪屋,兵庫県,宝塚市,中筋５丁目２０番８号,6650874
9140001083220,株式会社田口,兵庫県,宝塚市,旭町１丁目８番１０号,6650835
9140001083360,アース技研株式会社,兵庫県,宝塚市,安倉北３丁目９番３号,6650821
9140001083377,株式会社アイコーポレーション,兵庫県,宝塚市,宝梅２丁目８番１５号,6650013
9140001083427,株式会社宝華,兵庫県,宝塚市,湯本町６番２１号,6650003
9140001083484,株式会社ミヤビ設備工業所,兵庫県,宝塚市,長谷字北阿弥陀１６番地,6691204
9140001083542,株式会社サブスリーコンサルティング,兵庫県,宝塚市,御殿山２丁目５番５号,6650841
9140001083625,株式会社Ｆｉｎｅ　Ｐｅａｃｅ,兵庫県,宝塚市,伊孑志１丁目６番４１号,6650033
9140001083641,株式会社ミカドコーポレーション,兵庫県,宝塚市,中山桜台７丁目５番１号,6650877
9140001083699,株式会社テイクサイン,兵庫県,宝塚市,切畑字林畑１番地,6691241
9140001083716,株式会社生活工房ｄｏ,兵庫県,宝塚市,中山五月台５丁目２番１５−１０６号,6650871
9140001083740,株式会社Ｍ．Ｔ　ＦＩＥＬＤ,兵庫県,宝塚市,逆瀬川１丁目１１番１号,6650035
9140001083781,オフィス美座株式会社,兵庫県,宝塚市,鶴の荘９番１７号,6650833
9140001083807,株式会社ヒューマンテクノ阪神,兵庫県,宝塚市,泉町２７番１８号,6650864
9140001083856,株式会社ＦＡＮ,兵庫県,宝塚市,栄町３丁目９番１７−７０３号,6650845
9140001083914,株式会社若竹興産,兵庫県,宝塚市,米谷１丁目４０番２６号２０５号,6650831
9140001083930,株式会社アイムホーム,兵庫県,宝塚市,小浜２丁目１番２号井本ビル,6650827
9140001083988,株式会社岩月商事,兵庫県,宝塚市,すみれガ丘２丁目１番１−１５０２号,6650847
9140001083996,株式会社ＭＴサービス,兵庫県,宝塚市,小林１丁目４番８号,6650034
9140001084012,株式会社セキュリテ,兵庫県,宝塚市,御殿山２丁目６番２０号,6650841
9140001084020,昭和アルテック株式会社,兵庫県,宝塚市,高司１丁目８番２２号,6650051
9140001084037,株式会社ＢＩレギュレーション,兵庫県,宝塚市,売布３丁目４番３６号,6650852
9140001084061,株式会社東洋土壌受託,兵庫県,宝塚市,月見山１丁目１番１３号,6650002
9140001084086,株式会社ＡＢＣ不動産,兵庫県,宝塚市,安倉中１丁目１３番１８号,6650822
9140001084111,日本イデア株式会社,兵庫県,宝塚市,湯本町２番４−１０１号,6650003
9140001084128,株式会社さかでん,兵庫県,宝塚市,小林４丁目７番６９号,6650034
9140001084210,株式会社エフライフ,兵庫県,宝塚市,中山五月台７丁目２番７０４号,6650871
9140001084268,株式会社シンクメッド,兵庫県,宝塚市,すみれガ丘２丁目７番９号,6650847
9140001084292,株式会社遊研究所,兵庫県,宝塚市,高司３丁目５番２号,6650051
9140001084318,家のリフレッシュ工房ウエモト株式会社,兵庫県,宝塚市,宝松苑９番２−４０７号,6650016
9140001084441,株式会社つくし,兵庫県,宝塚市,宝梅２丁目７番１−３０４号,6650013
9140001084458,株式会社ダイタカ,兵庫県,宝塚市,武庫山１丁目８番１９号,6650005
9140001084482,イマサトグリーン株式会社,兵庫県,宝塚市,中筋１丁目９番２９号,6650874
9140001084499,ライズコーポレーション株式会社,兵庫県,宝塚市,仁川北２丁目１番１７号,6650061
9140001084532,東栄株式会社,兵庫県,宝塚市,すみれガ丘１丁目６番１−１４１１号,6650847
9140001086388,株式会社マクラス,兵庫県,宝塚市,小浜５丁目１番２号,6650827
9140001086859,株式会社玄米気分,兵庫県,宝塚市,末成町３９番２３号,6650044
9140001086966,ＮＲモーター商会株式会社,兵庫県,宝塚市,小浜４丁目７番９号,6650827
9140001087221,株式会社神農,兵庫県,宝塚市,逆瀬台５丁目１０番８号,6650024
9140001087394,株式会社創和クリエイト,兵庫県,宝塚市,御殿山２丁目２７番２４号,6650841
9140001087733,株式会社ＣＯＴＴＩＬＡＮＤ,兵庫県,宝塚市,武庫川町５番２７−１３０１号,6650844
9140001088005,株式会社ＹＡＳＵＤＡ,兵庫県,宝塚市,売布３丁目３番１２号,6650852
9140001088038,タカラサポート株式会社,兵庫県,宝塚市,逆瀬川１丁目１１番２０号１００５,6650035
9140001088137,株式会社Ｉ‐ｉｎｖｅｓｔｍｅｎｔ,兵庫県,宝塚市,小浜２丁目１番２号井本ビル,6650827
9140001088211,ソラン株式会社,兵庫県,宝塚市,山手台西４丁目１０番２号,6650886
9140001088384,株式会社アラテック,兵庫県,宝塚市,安倉中３丁目５番２７号,6650822
9140001088608,株式会社アイ・ステップ,兵庫県,宝塚市,泉町１５番５号,6650864
9140001088921,株式会社ワールドネットワーク,兵庫県,宝塚市,栄町２丁目１２番２０号,6650845
9140001088946,株式会社ビーホーム,兵庫県,宝塚市,鹿塩１丁目１−１０,6650054
9140001089341,株式会社Ｙｅ−Ｅｒ,兵庫県,宝塚市,御所の前町４番５号,6650041
9140001089399,株式会社ＳＯＧＡＢＥ,兵庫県,宝塚市,平井３丁目５番３号,6650816
9140001089424,株式会社ヒロ興産,兵庫県,宝塚市,小林４丁目６番５号,6650034
9140001089770,株式会社アトリエ４ｔｋ,兵庫県,宝塚市,南口１丁目６番２８号,6650011
9140001089779,株式会社小林商店,兵庫県,宝塚市,安倉中５丁目１９番１２号,6650822
9140001089845,株式会社ＴＹＡ,兵庫県,宝塚市,中山五月台２丁目１１番８号,6650871
9140001089853,株式会社作兵衛,兵庫県,宝塚市,中筋８丁目１９番７号,6650874
9140001090448,株式会社Ｈ＆Ｋ,兵庫県,宝塚市,中山五月台２丁目２０番９号,6650871
9140001090968,株式会社どっとスマイル,兵庫県,宝塚市,伊孑志２丁目１３番３号１０１号室,6650033
9140001091669,株式会社オータムバレーコーポレーション,兵庫県,宝塚市,仁川北３丁目７番４４号,6650061
9140001091933,株式会社ビュースファイン,兵庫県,宝塚市,清荒神５丁目１３番１２号,6650836
9140001092056,株式会社ネクストライン,兵庫県,宝塚市,安倉中３丁目３２−２,6650822
9140001092114,株式会社ＳＬＯＷ　ＬＩＦＥ　ＣＲＥＡＴＩＶＥ,兵庫県,宝塚市,月見山１丁目１番１３−５０１号,6650002
9140001092213,株式会社ダイエーエンジニアリング,兵庫県,宝塚市,安倉北５丁目１番２号,6650821
9140001092700,株式会社逆瀬川環境,兵庫県,宝塚市,小林３丁目９番４号,6650034
9140001092907,ブルースターヘルスケア株式会社,兵庫県,宝塚市,すみれガ丘１丁目９番１号,6650847
9140001093624,株式会社ブリッジヘッドコンサルティング,兵庫県,宝塚市,御殿山３丁目１３番２５号,6650841
9140001094432,株式会社ＳＡＳＩ,兵庫県,宝塚市,仁川北３丁目６番３号ジュエル仁川１０２号室,6650061
9140001094647,株式会社マイルド,兵庫県,宝塚市,武庫山２丁目１１番２１号,6650005
9140001094721,株式会社シンコー,兵庫県,宝塚市,小浜２丁目３番３０号,6650827
9140001095323,タカラ化成産業株式会社,兵庫県,宝塚市,すみれガ丘３丁目５番１−１１１３号,6650847
9140001095579,株式会社リライフパートナー,兵庫県,宝塚市,光ガ丘１丁目１４番４号,6650015
9140001095686,株式会社Ｋａｎａｋｏｇｉ　Ｋｅｎ,兵庫県,宝塚市,長尾台１丁目７番１６号,6650807
9140001095843,ＢＥＣ株式会社,兵庫県,宝塚市,光ガ丘１丁目１８番７号,6650015
9140001096560,工要電設株式会社,兵庫県,宝塚市,野上６丁目３番１−１０４号,6650022
9140001096619,株式会社ヴォルツ,兵庫県,宝塚市,高司３丁目８番２９号,6650051
9140001097410,株式会社ソーワン,兵庫県,宝塚市,伊孑志２丁目６番３号,6650033
9140001097451,株式会社ＤＡＩＴＯ,兵庫県,宝塚市,鶴の荘１２−３,6650833
9140001097550,株式会社コタニ,兵庫県,宝塚市,大原野字下林２４番地の１,6691211
9140001097609,株式会社友心,兵庫県,宝塚市,安倉中３丁目９番１８号,6650822
9140001097641,京都骨董オークション株式会社,兵庫県,宝塚市,中州１丁目２番７号,6650021
9140001097815,株式会社鈴蘭,兵庫県,宝塚市,長尾台２丁目１１番１６号,6650807
9140001097864,株式会社東江産業,兵庫県,宝塚市,末成町１１番３号,6650044
9140001099035,株式会社ジェイファーマシー,兵庫県,宝塚市,安倉南１丁目１７番２５号,6650823
9140001099373,株式会社コトブキホーム,兵庫県,宝塚市,中筋９丁目３番１−１０１号,6650874
9140001100842,株式会社ノアエステート,兵庫県,宝塚市,売布４丁目４番６７号,6650852
9140001101064,株式会社ＭＡＣＨＩＫＯ,兵庫県,宝塚市,逆瀬川１丁目１１番１８号,6650035
9140001101080,株式会社ＧＭＲ,兵庫県,宝塚市,ふじガ丘１５番２号,6650806
9140001101584,株式会社オキテック,兵庫県,宝塚市,平井１丁目９番５−１０２号,6650816
9140001102368,株式会社河野工務店,兵庫県,宝塚市,中山五月台６丁目１番２−２０２号,6650871
9140001102566,株式会社オフィス三進,兵庫県,宝塚市,中山五月台５丁目６番２０号,6650871
9140001102582,株式会社こもれび,兵庫県,宝塚市,小林２丁目１２番２８号井上小林ビル２Ｆ,6650034
9140001103069,株式会社うたた,兵庫県,宝塚市,末成町１９番１５号,6650044
9140001103481,宙トラディショナル株式会社,兵庫県,宝塚市,雲雀丘２丁目１番８号,6650805
9140001104892,トミーアセットマネジメント株式会社,兵庫県,宝塚市,武庫山２丁目１９番１−５０１号,6650005
9140001105800,株式会社ＳＡＮＤＳ,兵庫県,宝塚市,清荒神４丁目２１番３号,6650836
9140001105858,株式会社山崎電気,兵庫県,宝塚市,安倉南２丁目１７番３０号,6650823
9140001105957,株式会社Ｔ　ｓｔｏｒｍ,兵庫県,宝塚市,逆瀬川１丁目１５番６号,6650035
9140001106261,株式会社宝珠,兵庫県,宝塚市,雲雀丘１丁目１１番２号,6650805
9140001106311,株式会社健康マルシェ,兵庫県,宝塚市,高司１丁目１番１６号,6650051
9140001106443,株式会社ナガヒサ,兵庫県,宝塚市,千種１丁目４番１２号,6650072
9140001106781,株式会社オズフーズ,兵庫県,宝塚市,逆瀬台１丁目１１番２−４０４号,6650024
9140001107359,株式会社キレイユ,兵庫県,宝塚市,南ひばりガ丘３丁目２０番３号,6650811
9140001107367,株式会社ＳＡＮＪＩ,兵庫県,宝塚市,旭町２丁目２２番４３号,6650835
9140001107706,ＭＳ　ｐｌｕｓ株式会社,兵庫県,宝塚市,逆瀬台２丁目５番９号,6650024
9140001107854,日吉旅行株式会社,兵庫県,宝塚市,逆瀬川１丁目１番４６号ＭＴビル３０１号,6650035
9140001108506,株式会社ＹＵＴＡＫＡ,兵庫県,宝塚市,末広町２番３２−２号,6650031
9140001109405,株式会社グッディカンパニー,兵庫県,宝塚市,宝梅２丁目７番６−２０４号,6650013
9140001109933,ＳＡＩＴＯＨ株式会社,兵庫県,宝塚市,山本丸橋２丁目２０番地イスズハイツベル山本丸橋Ｂ−２０１,6650815
9140001110528,株式会社アスティ,兵庫県,宝塚市,宝梅３丁目３番３０号,6650013
9140001110577,株式会社カラコール,兵庫県,宝塚市,逆瀬川１丁目２番１号アピアＩ３６１号室,6650035
9140001110858,テックブリーズ株式会社,兵庫県,宝塚市,小浜３丁目１０番１３−２０３号,6650827
9140001110874,株式会社ナチュラルターフ,兵庫県,宝塚市,泉町１番２０−１０５号,6650864
9140001111047,シードリング株式会社,兵庫県,宝塚市,宝松苑１番６号,6650016
9140001111195,株式会社桜紬,兵庫県,宝塚市,すみれガ丘２丁目３番１−２０９号,6650847
9140001111625,宝塚牧場株式会社,兵庫県,宝塚市,高司１丁目８番３号,6650051
9140001111889,株式会社ＪＩＮワールド,兵庫県,宝塚市,中山桜台６丁目４番７号,6650877
9140001111906,株式会社ＪＫＳ,兵庫県,宝塚市,中筋山手６丁目１番１−４０７号,6650875
9140001111947,株式会社新橋電気,兵庫県,宝塚市,山本丸橋２丁目２０イスズハイツベル山本丸橋４０４,6650815
9140001111971,株式会社ＬａｎｄＬｏｒｄ,兵庫県,宝塚市,月見山２丁目７番１４号,6650002
9140001112136,株式会社サンホーム,兵庫県,宝塚市,伊孑志４丁目１番６４−１２９号Ｂ,6650033
9140001112326,株式会社紅スチール,兵庫県,宝塚市,山本丸橋２丁目１番７−１０５号,6650815
9140001112441,株式会社トヨタコーポレーション,兵庫県,宝塚市,山手台東２丁目１０番２号,6650887
9140001113134,株式会社新日本ツアーズ,兵庫県,宝塚市,中筋山手２丁目３番５号,6650875
9140001113183,株式会社Ｄ．Ｏ．Ｓシステムサービス,兵庫県,宝塚市,川面３丁目１４番１３号,6650842
9140001113431,株式会社Ｐｌｕｓ,兵庫県,宝塚市,中州１丁目１１番３号,6650021
9140001113555,株式会社ｍｙｓ,兵庫県,宝塚市,鹿塩１丁目２２７番地の１０,6650054
9140001113885,株式会社Ｏｋｕ−Ｓｐｏｒｔｓ,兵庫県,宝塚市,逆瀬川１丁目１３番１号アピア３Ｂ−２０５,6650035
9140001114082,株式会社Ａインテリアサービス,兵庫県,宝塚市,梅野町１番１,6650004
9140001114215,株式会社亮,兵庫県,宝塚市,口谷西３丁目１３番２号,6650813
9140001114735,株式会社ＲＥＯＷＬ,兵庫県,宝塚市,安倉南４丁目３７番２１号,6650823
9140001115345,株式会社ＮＳワークス,兵庫県,宝塚市,桜ガ丘１７−２１,6650846
9140001115386,株式会社ヒロノリコーポレーション,兵庫県,宝塚市,仁川高丸３丁目４番３号,6650063
9140001115601,アグリ・プロデュース株式会社,兵庫県,宝塚市,清荒神１丁目６番２号,6650836
9140001116269,株式会社ＲＥ美ＥＡＬ,兵庫県,宝塚市,山本野里２丁目９番３号,6650814
9140001117184,株式会社ｅ−ｆｕｌ,兵庫県,宝塚市,野上１丁目１番８号,6650022
9140001117408,崎村商事株式会社,兵庫県,宝塚市,中山五月台７丁目２サンハイツ宝塚五月台２０３,6650871
9140001117589,株式会社あむ,兵庫県,宝塚市,安倉北２丁目１４番１４−２号,6650821
9140001117928,株式会社カルムエール不動産,兵庫県,宝塚市,平井２丁目３番３号,6650816
9140001118224,株式会社ライフデザイナー,兵庫県,宝塚市,山手台東３丁目２６番２号,6650887
9140001118629,株式会社ＲＩＣ,兵庫県,宝塚市,中筋５丁目１０番２３−２０８号,6650874
9140001118686,株式会社Ｐｒａｉｓｅ,兵庫県,宝塚市,小林５丁目４番２４号,6650034
9140001119107,株式会社アルファブリッジ,兵庫県,宝塚市,中山桜台６丁目１８−２−３０９,6650877
9140001119305,Ｍ＆Ｈパートナーズ株式会社,兵庫県,宝塚市,中筋９丁目１１番２７号,6650874
9140001119395,株式会社ユーズワーク,兵庫県,宝塚市,仁川高丸３丁目９番７号,6650063
9140001119429,株式会社フィルムジカ,兵庫県,宝塚市,千種１丁目２番４１号,6650072
9140001119552,株式会社レッツ,兵庫県,宝塚市,伊孑志４丁目２番６０−７１８号,6650033
9140001119668,株式会社ＭＳＷ　ｍａｎａｇｅｍｅｎｔ,兵庫県,宝塚市,栄町１丁目１８番２号,6650845
9140001119734,株式会社坂上新聞舗,兵庫県,宝塚市,中筋６丁目１８−１３,6650874
9140001119742,クレービルド株式会社,兵庫県,宝塚市,花屋敷荘園１丁目１２番８−３０２号,6650802
9140001119783,津波設備株式会社,兵庫県,宝塚市,山本丸橋２丁目１１５番地の２サン・ルシール宝塚Ｂ棟３０５,6650815
9140001120106,ミューシグプラッツ株式会社,兵庫県,宝塚市,逆瀬台１丁目８番Ｄ−７０５号,6650024
9140001120618,株式会社まほほい,兵庫県,宝塚市,山手台西３丁目２番３４号,6650886
9140001121905,ＥＭＫコンサル株式会社,兵庫県,宝塚市,米谷１丁目９番２１号,6650831
9140001122333,株式会社ＳａＫ,兵庫県,宝塚市,山本南２丁目９番８号,6650882
9140001122399,山下重機株式会社,兵庫県,宝塚市,山本中３丁目１０番２５号,6650883
9140001122820,株式会社Ｒｉｚｏｎｉａ,兵庫県,宝塚市,御殿山４丁目２４番２号,6650841
9140001122829,ＸＲ　ｐａｄｄｌｅ株式会社,兵庫県,宝塚市,伊孑志１丁目７番４０号,6650033
9140001123447,株式会社彦右ヱ門,兵庫県,宝塚市,高司３丁目５番１７号,6650051
9140001124387,株式会社ハウミア,兵庫県,宝塚市,湯本町７番３号,6650003
9140001124908,池田ルーフホーム株式会社,兵庫県,宝塚市,安倉南４丁目３７番３号,6650823
9140001124924,ソレイユ電機株式会社,兵庫県,宝塚市,野上１丁目５番１０−２０５号,6650022
9140001125022,株式会社肉の外間,兵庫県,宝塚市,末成町３９番８号,6650044
9140001125534,株式会社８ｃｏｆｆｅｅ,兵庫県,宝塚市,安倉南１丁目１７番１４号,6650823
9140001126193,株式会社ＰＥＡＣＥ　ＯＮＥ,兵庫県,宝塚市,安倉北１丁目５番２４号,6650821
9140001126210,株式会社ＴＡＲＹ’Ｓ,兵庫県,宝塚市,寿町５番１８号,6650865
9140001127035,グリーンパーク宝塚株式会社,兵庫県,宝塚市,新明和町１番１号,6650052
9140001127191,株式会社ＳＨＩＲＯＱ,兵庫県,宝塚市,宝松苑３番２１号,6650016
9140001127282,株式会社ＳＵＮＺ,兵庫県,宝塚市,安倉西２丁目５番１２号,6650825
9140001127968,株式会社みずたま不動産ＥＡＳＴ,兵庫県,宝塚市,山本東３丁目８番１６号,6650881
9140001128124,株式会社ＭＩＩＭＵ,兵庫県,宝塚市,雲雀丘山手１丁目１４番４号,6650804
9140001128248,株式会社ＺＥＲＯ,兵庫県,宝塚市,小浜２丁目４番６号ＷＡＫＯビル４０１号,6650827
9140001128339,株式会社東光社,兵庫県,宝塚市,ゆずり葉台２丁目１０番２９号,6650025
9140001128504,株式会社塗り人建装,兵庫県,宝塚市,伊孑志３丁目１４番１−５０３号,6650033
9140001128727,株式会社サンコウ,兵庫県,宝塚市,雲雀丘１丁目１０番２４号,6650805
9140001128958,株式会社ユウセイ,兵庫県,宝塚市,高松町８番７号,6650043
9140001129469,株式会社ＭＪ,兵庫県,宝塚市,安倉北３丁目９番４号,6650821
9140001130443,株式会社菅建設,兵庫県,宝塚市,美幸町１番３４号エアロプレーン宝塚１階Ｂ号室,6650042
9140001130765,株式会社ＳＭＨ,兵庫県,宝塚市,逆瀬台１丁目７番１−１０１号,6650024
9140001131301,Ｂｅａｕｔｉｆｉｃａｔｉｏｎ株式会社,兵庫県,宝塚市,梅野町１番１号ジオタワー宝塚グランレジスＮ−２２１２,6650004
9140001132258,株式会社Ｌｙｋｋｅ,兵庫県,宝塚市,宝梅２丁目６番５８−４０３号,6650013
9140001132290,株式会社ワンアシスト,兵庫県,宝塚市,山本中１丁目１９番６号,6650883
9140001132381,株式会社ＫＵＭＡ’ｓＦｉｒｍ,兵庫県,宝塚市,山手台東４丁目２０番２３号,6650887
9140001132555,ドット・テラス株式会社,兵庫県,宝塚市,塔の町１番２４号,6650073
9140001132745,株式会社ＣＡＮＤＬＥ,兵庫県,宝塚市,中山寺１丁目１６−１８,6650861
9140001132811,株式会社ＳＡＷＡＤＡＫＯＧＹＯ,兵庫県,宝塚市,安倉西２丁目１番４０−３１２号,6650825
9140001133801,ＺＤＤ株式会社,兵庫県,宝塚市,すみれガ丘３丁目５番１−１１５号,6650847
9140001133842,株式会社Ｎ・ＷＯＲＫＳ．,兵庫県,宝塚市,中山五月台６丁目１番１５−３０４号,6650871
9140001133966,Ｗｈｉｔｅ　Ｆｉｅｌｄ株式会社,兵庫県,宝塚市,中筋山手２丁目６番１０号,6650875
9140001134304,株式会社ＡＲＡ,兵庫県,宝塚市,南口１丁目８番１９−４号,6650011
9140001134881,株式会社Ａｎｄ　Ｓｕｐｐｏｒｔ,兵庫県,宝塚市,米谷２丁目２番２４号,6650831
9140001135252,株式会社萬歳園,兵庫県,宝塚市,中筋６丁目１０番２号,6650874
9140001135392,株式会社麓,兵庫県,宝塚市,武庫川町６番２６−２２０４号,6650844
9140001136597,ディーク・ワン株式会社,兵庫県,宝塚市,高司５丁目６番９号,6650051
9140001137380,Ｐｒｉｍａ　Ｅｓｔａｔｅ株式会社,兵庫県,宝塚市,千種３丁目２０番１号,6650072
9140001138164,株式会社ＭｉｙａＢｉｓｏｕｓ．ｃｏ,兵庫県,宝塚市,南口２丁目１３番３０号ラルモニーＡ,6650011
9140001138263,株式会社ＳＩＮ‐ＥＩ,兵庫県,宝塚市,野上１丁目２番２５号,6650022
9140001138305,株式会社野村構造,兵庫県,宝塚市,野上１丁目１番８号,6650022
9140001138379,株式会社アールズ,兵庫県,宝塚市,南口２丁目９番３−１０２号,6650011
9140001138387,株式会社Ｍ’ｓＬＩＮＫ,兵庫県,宝塚市,中筋４丁目１０番１−３０３号,6650874
9140001138635,株式会社先端ＰＮＴ研究所,兵庫県,宝塚市,長寿ガ丘１５番１８号,6650001
9140001138817,株式会社涼月,兵庫県,宝塚市,御所の前町１４番９号,6650041
9140001138924,エターナルパートナーズ株式会社,兵庫県,宝塚市,宝梅２丁目６番５８−３０７号,6650013
9140001139328,株式会社Ｔｅｓｏｒｉａ,兵庫県,宝塚市,中山寺１丁目１４−１４,6650861
9140001140236,株式会社ＨＭ,兵庫県,宝塚市,雲雀丘３丁目４番１８号,6650805
9140001140351,株式会社Ｒｅｂｌｏｏｍ,兵庫県,宝塚市,青葉台１丁目１０番１３号,6650014
9140001141192,株式会社Ｓｏｌｅｉｇｈｔ,兵庫県,宝塚市,高松町２番６２−８１９号,6650043
9140001141473,株式会社ＦＩＮＦＯＲＴ,兵庫県,宝塚市,仁川台２０１−２,6650074
9140001141572,株式会社福家商会,兵庫県,宝塚市,武庫川町５番３６−１１０１,6650844
9140001142315,有楽調理食品株式会社,兵庫県,宝塚市,高松町２番１２号,6650043
9140002066570,株式会社ウィッツ,兵庫県,宝塚市,安倉中１丁目１３番１０号,6650822
9140002067148,株式会社ドゥーワークス,兵庫県,宝塚市,中山五月台４丁目９番５号,6650871
9140002067585,株式会社ラプトサウンド,兵庫県,宝塚市,中山荘園１番３７−２−２０２号,6650868
9140003010486,株式会社リオプログレス,兵庫県,宝塚市,宮の町１４−１２,6650843
9140003012367,株式会社空世宇,兵庫県,宝塚市,旭町１丁目１０−８,6650835
9150001017540,株式会社ＭＡＲＴＩＮ,兵庫県,宝塚市,逆瀬川２丁目１０番５号,6650035
9150001023092,株式会社グリーン・ラボ,兵庫県,宝塚市,小林４丁目６番１９号,6650034
9340001013256,株式会社ｐｅｇａｓｕｓ,兵庫県,宝塚市,山手台東２丁目１７−３,6650887
9360001026446,Ｎｅｒｏｓ株式会社,兵庫県,宝塚市,山手台東４丁目１７番１２号,6650887
