法人番号,法人名,都道府県,市区町村,番地,郵便番号
1010001150049,株式会社ＳＩＰ,兵庫県,尼崎市,武庫之荘３丁目２１番１６号,6610035
1010001194649,株式会社ダウンタウン,兵庫県,尼崎市,東園田町３丁目３８−９,6610953
1010001229165,株式会社ピースオート,兵庫県,尼崎市,武庫之荘８丁目２７番１４号,6610035
1010401053512,ダイセルバリューコーティング株式会社,兵庫県,尼崎市,神崎町１２番１号,6610964
1010401095991,株式会社品川パーツ,兵庫県,尼崎市,杭瀬南新町３丁目１番７号,6600822
1010401153881,株式会社吉川ビル,兵庫県,尼崎市,南武庫之荘８丁目１７番１８号３０３号室,6610033
1010701024626,株式会社ライチ,兵庫県,尼崎市,南塚口町７丁目１５番４号,6610012
1011001094161,株式会社スシ・プロ,兵庫県,尼崎市,潮江１丁目２番６号,6610976
1011101089185,株式会社Ｎｅｘｔ,兵庫県,尼崎市,七松町１丁目１番１０号,6600052
1021001032038,まるこう運輸株式会社,兵庫県,尼崎市,元浜町２丁目７番地の２,6600085
1120001046665,株式会社Ｕ・コムテック,兵庫県,尼崎市,東難波町３丁目２１−２８,6600892
1120001056086,新光電機株式会社,兵庫県,尼崎市,次屋２丁目１１番１号,6610965
1120001063339,株式会社テックジャム,兵庫県,尼崎市,南清水６番４号,6610985
1120001063669,株式会社紅梅荘,兵庫県,尼崎市,南武庫之荘３丁目２１番１０号,6610033
1120001085886,株式会社ア・テール・テテ,兵庫県,尼崎市,塚口町３丁目２５−１８−２０３,6610002
1120001092404,エスエムエスディーゼルスペアーズジャパン株式会社,兵庫県,尼崎市,武庫之荘７丁目１番２３号,6610035
1120001095695,エスイー工業株式会社,兵庫県,尼崎市,三反田町３丁目６番１０号,6610024
1120001100281,株式会社マトリス,兵庫県,尼崎市,武庫之荘西２丁目４９番１６−１０５号,6610034
1120001104027,ワイエスフィルタージャパン株式会社,兵庫県,尼崎市,尾浜町１丁目１３番２２号,6610022
1120001107145,株式会社ＨＡＬテック大阪,兵庫県,尼崎市,崇徳院３丁目８番地,6600071
1120001111709,株式会社ＴＢシステム,兵庫県,尼崎市,戸ノ内町２丁目１番４号,6610961
1120001112293,株式会社セイクリード,兵庫県,尼崎市,武庫之荘２丁目９番１−４０３号,6610035
1120001116195,株式会社エコーコーポレーション,兵庫県,尼崎市,戸ノ内町３丁目１５番,6610961
1120001118852,株式会社ブレーン,兵庫県,尼崎市,南塚口町３丁目１５番２３−１０２号,6610012
1120001122318,株式会社ヴァリュー・クリエーション,兵庫県,尼崎市,浜田町４丁目２６番地,6600062
1120001125361,Ｂｉｏｃｏｓｍ株式会社,兵庫県,尼崎市,道意町７丁目１番３号,6600083
1120001126442,株式会社ハウス・ナビ,兵庫県,尼崎市,若王寺３丁目３０番２４号,6610974
1120001126896,曽根不動産株式会社,兵庫県,尼崎市,建家町６０番地の１,6600871
1120001134362,イワタニガスエンジニアリング株式会社,兵庫県,尼崎市,大高洲町１０番地,6600842
1120001140261,株式会社スーパーコンセプト,兵庫県,尼崎市,東園田町１丁目７４番地の２,6610953
1120001142398,株式会社ＹＭＪ,兵庫県,尼崎市,東園田町６丁目１２０番地の５,6610953
1120001143347,株式会社Ｉ＆Ｌ,兵庫県,尼崎市,南塚口町２丁目１９−２若松ビル３０２,6610012
1120001143710,株式会社チスパ,兵庫県,尼崎市,元浜町１丁目２６番地の１,6600085
1120001162149,エスコム株式会社,兵庫県,尼崎市,昭和通４丁目１１７番地エスティ尼崎ビル７０３号,6600881
1120001167379,大阪イワタニ共同センター株式会社,兵庫県,尼崎市,大高洲町１０番地,6600842
1120001171265,株式会社アストエンジニック,兵庫県,尼崎市,武庫川町４丁目１７−１エクセル武庫川９０１,6600084
1120001174813,株式会社リンクハート,兵庫県,尼崎市,潮江１丁目２０番１号アミング潮江イースト４０１西Ｅ,6610976
1120001175035,株式会社西日本総合開発,兵庫県,尼崎市,南塚口町８丁目５１番１８−５０３号,6610012
1120001179622,凜キャピタル株式会社,兵庫県,尼崎市,武庫之荘５丁目４４番３号,6610035
1120001179812,株式会社福田グループ,兵庫県,尼崎市,東難波町５丁目１７番２３号第一住建尼崎ビル６０１号,6600892
1120001181025,株式会社ココメディカル,兵庫県,尼崎市,武庫町３丁目３番１６号,6610044
1120001186783,昌金属株式会社,兵庫県,尼崎市,末広町１丁目３番地の２,6600094
1120001198845,株式会社シアエス,兵庫県,尼崎市,東難波町５丁目８−２６アネスト尼崎７階Ａ号室,6600892
1120001205576,株式会社ケイワン,兵庫県,尼崎市,潮江５丁目２番１−１３１３号,6610976
1120001206186,株式会社Ｆ−ＴＥＣＨ,兵庫県,尼崎市,潮江５丁目７番２０号,6610976
1120001211640,株式会社ラピス,兵庫県,尼崎市,上ノ島町３丁目１０番２３号,6610014
1120001212449,株式会社ジェイカンパニー,兵庫県,尼崎市,戸ノ内町５丁目１０番３号,6610961
1120001217126,株式会社福壮,兵庫県,尼崎市,尾浜町１丁目２８番１１号２Ｆ,6610022
1120001219254,株式会社ａ．ｔ．ｅ．,兵庫県,尼崎市,神田中通２丁目２７−４７阪神ＯＮＯビル３Ｆ,6600884
1120001222951,株式会社ＡＧ,兵庫県,尼崎市,西立花町１丁目１番９号,6600054
1120001228627,株式会社ＮＹＴコンサルティング,兵庫県,尼崎市,富松町３丁目２３番５９号,6610003
1120001230681,株式会社ＬＥＸＹ　ＢＥＡＵＴＹ,兵庫県,尼崎市,南塚口町６丁目９番４４号,6610012
1120001230913,ＯＮＥ　ＰＩＥＣＥホールディングス株式会社,兵庫県,尼崎市,水堂町１丁目３４−２３,6610026
1120001235838,株式会社荒木興業,兵庫県,尼崎市,東七松町１丁目１５番５−１０５号,6600051
1120001239277,株式会社ＳｍｉｌｅＡｌｗａｙｓ,兵庫県,尼崎市,武庫豊町３丁目１２−２０−９０１,6610045
1120001244954,株式会社ＴＳＣトムソーヤクラブ,兵庫県,尼崎市,西立花町２丁目１番８号,6600054
1120001260118,株式会社フレックスレント,兵庫県,尼崎市,道意町５丁目４１番地１,6600083
1120001270918,株式会社Ｆｏｕｒｔｈ　Ｐｌａｃｅ,兵庫県,尼崎市,北竹谷町２丁目９６−２Ｂ号室,6600878
1120001274423,株式会社Ｕｎｉｖｅｒｓｅ,兵庫県,尼崎市,東難波町３丁目１９−５ディオブローネ１−３０５,6600892
1120101006734,株式会社ｔｏｒｉｏ　ｒｅａｌ　ｅｓｔａｔｅ,兵庫県,尼崎市,東園田町２丁目９２番地２ｔｏｒｉｏ東園田ビル２０２号,6610953
1120101034751,関西地所株式会社,兵庫県,尼崎市,潮江１丁目１４番１−６０７号,6610976
1120101046029,株式会社ペンギン薬局,兵庫県,尼崎市,御園町２４番地尼崎第一ビル４０２号,6600861
1120101066225,株式会社半熟思想,兵庫県,尼崎市,潮江１丁目４番２号アミング潮江プラストＡ棟１０２−２号室,6610976
1120901014151,株式会社中央設計,兵庫県,尼崎市,西難波町５丁目４番４号,6600893
1120901018169,アイアンドティテック株式会社,兵庫県,尼崎市,七松町３丁目２番２４号福本産業ビル３０１,6600052
1120901020414,株式会社協和,兵庫県,尼崎市,東海岸町１番地１４,6600843
1120901030917,プラスコート株式会社,兵庫県,尼崎市,田能６丁目９番９−２号,6610951
1120901030933,株式会社エクセルカナヤマ,兵庫県,尼崎市,塚口本町１丁目２番２９−９０３号,6610001
1120901031808,株式会社ナウ,兵庫県,尼崎市,北竹谷町３丁目１５３番地３０１号,6600878
1120901035973,株式会社イトー,兵庫県,尼崎市,戸ノ内町１丁目６番２５号,6610961
1120901044603,ＧＭＤ株式会社,兵庫県,尼崎市,南塚口町２丁目１番３−９２８号,6610012
1122001031952,ＡＢＣ株式会社,兵庫県,尼崎市,稲葉荘１丁目１５番８号−３Ｆ,6600064
1122002016829,株式会社ジンテック,兵庫県,尼崎市,田能２丁目６−１１,6610951
1130001040015,株式会社ＥＤＧＥ,兵庫県,尼崎市,稲葉荘２丁目２３−１ルネ武庫川６１６,6600064
1130001052365,Ｑ＆Ｚ株式会社,兵庫県,尼崎市,西立花町１丁目１０−３−４０３,6600054
1130001058627,株式会社ＨＡＲＵＫＩ,兵庫県,尼崎市,潮江１丁目３−１２−３１９,6610976
1140001018613,ディアイディ株式会社,兵庫県,尼崎市,東難波町２丁目９番２１号,6600892
1140001022400,株式会社神戸フォーラム,兵庫県,尼崎市,南武庫之荘７丁目６−１０、１階店舗,6610033
1140001023340,株式会社ＭＦＩ,兵庫県,尼崎市,築地５丁目３番１２号,6600858
1140001028703,株式会社ＮＯＤＥ,兵庫県,尼崎市,南塚口町２丁目３８番５号,6610012
1140001030337,株式会社ダイショウ,兵庫県,尼崎市,水堂町３丁目１番１８号日光ビル２Ｆ,6610026
1140001033224,Ｂｅａｕｔｉｆｕｌ　Ｒｉｓｉｎｇ　Ｓｔａｒｓ株式会社,兵庫県,尼崎市,水堂町４丁目４番２８号,6610026
1140001037712,株式会社ＨＡＮＡ　ＧＯＬＦ　ＳＰＯＲＴＳ,兵庫県,尼崎市,尾浜町３丁目３１番１３号,6610022
1140001041037,株式会社東海近畿クボタ,兵庫県,尼崎市,浜１丁目１番１号,6610967
1140001047281,尼崎鋼管株式会社,兵庫県,尼崎市,元浜町１丁目７２番地の１０,6600085
1140001047298,株式会社尼崎クリーンセンター,兵庫県,尼崎市,南武庫之荘９丁目４番１０号,6610033
1140001047323,株式会社尼崎ちきりや茶舗,兵庫県,尼崎市,神田北通６丁目１６８番地,6600883
1140001047331,株式会社ティー・エム・オー尼崎,兵庫県,尼崎市,神田中通４丁目８７番地尼崎中央四丁目ふれあいセンター内,6600884
1140001047348,尼崎不動産株式会社,兵庫県,尼崎市,富松町１丁目２番８号,6610003
1140001047356,尼崎南運輸株式会社,兵庫県,尼崎市,元浜町１丁目８３番,6600085
1140001047364,株式会社尼崎ラス製造所,兵庫県,尼崎市,長洲中通３丁目２３番２０号,6600802
1140001047372,株式会社アイアンドエイ,兵庫県,尼崎市,大物町１丁目１番１号,6600823
1140001047380,株式会社アイシン,兵庫県,尼崎市,南塚口町５丁目１４番１９号,6610012
1140001047389,株式会社アイテツク,兵庫県,尼崎市,南武庫之荘２丁目４番２３号,6610033
1140001047397,株式会社アイム,兵庫県,尼崎市,上ノ島町２丁目２番２２号,6610014
1140001047414,旭機電工業株式会社,兵庫県,尼崎市,武庫元町１丁目９番８−１０３号,6610043
1140001047422,株式会社旭生コン,兵庫県,尼崎市,東園田町７丁目５１番１号,6610953
1140001047430,株式会社アズマ商会,兵庫県,尼崎市,長洲東通１丁目９番２５号,6600801
1140001047439,安東精機株式会社,兵庫県,尼崎市,戸ノ内町３丁目２２番７号,6610961
1140001047447,株式会社クボタパイプテック,兵庫県,尼崎市,大浜町２丁目２６番地,6600095
1140001047455,株式会社アクテイ,兵庫県,尼崎市,神田南通１丁目１５番地,6600885
1140001047463,アカ音興管株式会社,兵庫県,尼崎市,梶ケ島１２番４号,6600821
1140001047471,株式会社阿川工業所,兵庫県,尼崎市,大西町３丁目１８番１５号,6610023
1140001047505,アトラス株式会社,兵庫県,尼崎市,東難波町５丁目３１番２０号,6600892
1140001047513,尼栄資材株式会社,兵庫県,尼崎市,鶴町５番地,6600092
1140001047521,アミング開発株式会社,兵庫県,尼崎市,潮江１丁目４番５号,6610976
1140001047538,尼産建設株式会社,兵庫県,尼崎市,栗山町２丁目１８番１１号,6610013
1140001047546,尼信リース株式会社,兵庫県,尼崎市,西本町北通３丁目９３番地,6600863
1140001047562,株式会社尼宝水道工業所,兵庫県,尼崎市,稲葉荘３丁目５番１０号,6600064
1140001047587,淡島建材株式会社,兵庫県,尼崎市,東難波町５丁目９番２４号,6600892
1140001047595,アルファ物産株式会社,兵庫県,尼崎市,南塚口町３丁目１６番７号,6610012
1140001047612,伊々田運輸機工株式会社,兵庫県,尼崎市,杭瀬南新町１丁目９番３号,6600822
1140001047629,株式会社いけ万,兵庫県,尼崎市,西長洲町３丁目３番３号,6600805
1140001047637,株式会社井嵜商会,兵庫県,尼崎市,武庫之荘１丁目２５番５号,6610035
1140001047645,イスズ電機株式会社,兵庫県,尼崎市,平左衛門町１８番地,6600087
1140001047661,イサミ建装株式会社,兵庫県,尼崎市,下坂部４丁目１番２５号,6610975
1140001047678,伊藤電機株式会社,兵庫県,尼崎市,昭和通８丁目２７１番地,6600881
1140001047686,株式会社イチノセインク,兵庫県,尼崎市,南武庫之荘９丁目１１番３６号,6610033
1140001047694,株式会社いづみ屋,兵庫県,尼崎市,立花町１丁目４番１３号,6610025
1140001047703,株式会社エムズ建物管理,兵庫県,尼崎市,西難波町４丁目１番３０号,6600893
1140001047711,株式会社井上信二郎商店,兵庫県,尼崎市,東園田町５丁目１１８番地の２,6610953
1140001047736,今西建設株式会社,兵庫県,尼崎市,南塚口町１丁目８番２０号,6610012
1140001047752,株式会社マル和,兵庫県,尼崎市,北初島町５６番地関西鉄工株式会社内,6600834
1140001047769,株式会社ウエストサイド,兵庫県,尼崎市,武庫之荘１丁目１１番５号,6610035
1140001047777,株式会社ウエダ・エンジニアリング,兵庫県,尼崎市,潮江１丁目１５番３号,6610976
1140001047785,上西産業株式会社,兵庫県,尼崎市,東本町４丁目１３番２号,6600824
1140001047810,内海電機株式会社,兵庫県,尼崎市,東初島町２番２８号,6600832
1140001047819,宇良組造園土木株式会社,兵庫県,尼崎市,南武庫之荘７丁目２３番１７号,6610033
1140001047827,栄光電器株式会社,兵庫県,尼崎市,次屋３丁目６番１５号,6610965
1140001047835,株式会社栄水化学,兵庫県,尼崎市,築地２丁目６番２５号,6600858
1140001047843,株式会社栄伸堂,兵庫県,尼崎市,名神町３丁目１２番２７号,6610021
1140001047942,株式会社エリート,兵庫県,尼崎市,西立花町２丁目３番２４号,6600054
1140001047950,大益金属株式会社,兵庫県,尼崎市,杭瀬南新町３丁目２番１号,6600822
1140001047967,大倉総業株式会社,兵庫県,尼崎市,上ノ島町３丁目１０番９号,6610014
1140001047975,大阪化成商事株式会社,兵庫県,尼崎市,次屋３丁目１４番１３号,6610965
1140001047983,大阪鋼灰株式会社,兵庫県,尼崎市,長洲中通１丁目１番１号,6600802
1140001047991,株式会社近畿コーデン防災,兵庫県,尼崎市,食満５丁目３番１号,6610982
1140001048008,大阪屋リース株式会社,兵庫県,尼崎市,道意町１丁目４９番地の４,6600083
1140001048024,大嵩工業株式会社,兵庫県,尼崎市,久々知西町２丁目７番２５号,6610978
1140001048032,株式会社大谷商会,兵庫県,尼崎市,竹谷町１丁目２１番地,6600876
1140001048040,株式会社オートリ技研,兵庫県,尼崎市,武庫之荘１丁目２９番１３号,6610035
1140001048057,株式会社大原塾,兵庫県,尼崎市,大庄西町２丁目６番２５号,6600077
1140001048065,株式会社大淀高圧,兵庫県,尼崎市,次屋３丁目６番２７号,6610965
1140001048081,株式会社岡崎建装,兵庫県,尼崎市,西難波町３丁目２番１４号,6600893
1140001048098,奥野実業株式会社,兵庫県,尼崎市,東園田町９丁目２４番地の２,6610953
1140001048107,株式会社岡本商店,兵庫県,尼崎市,神田南通２丁目４１番地,6600885
1140001048115,岡本電機株式会社,兵庫県,尼崎市,東本町３丁目２３番２号,6600824
1140001048123,株式会社岡村管理事務所,兵庫県,尼崎市,立花町２丁目２１番４号,6610025
1140001048131,株式会社オックス機械,兵庫県,尼崎市,西長洲町２丁目３番１１号,6600805
1140001048148,株式会社オリエント,兵庫県,尼崎市,東大物町１丁目５番１３号,6600828
1140001048164,株式会社カインド,兵庫県,尼崎市,南武庫之荘２丁目２７番２５号,6610033
1140001048172,株式会社垣内商店,兵庫県,尼崎市,潮江４丁目４番１号,6610976
1140001048197,関西興業株式会社,兵庫県,尼崎市,御園町３９番地,6600861
1140001048206,関西機械株式会社,兵庫県,尼崎市,上ノ島町３丁目１４番１９号,6610014
1140001048214,関西化学機械製作株式会社,兵庫県,尼崎市,南七松町２丁目９番７号,6600053
1140001048222,カンサイスチレン産業株式会社,兵庫県,尼崎市,南清水１２番１号,6610985
1140001048230,株式会社ＭＣエバテック,兵庫県,尼崎市,潮江１丁目２番６号,6610976
1140001048239,関西土木建設株式会社,兵庫県,尼崎市,西長洲町２丁目２６番１２号中央ビル５階,6600805
1140001048247,関西美装株式会社,兵庫県,尼崎市,食満２丁目２３番２３号,6610982
1140001048263,株式会社神崎高級工機製作所,兵庫県,尼崎市,猪名寺２丁目１８番１号,6610981
1140001048271,神崎土地振興株式会社,兵庫県,尼崎市,戸ノ内町３丁目１５番,6610961
1140001048296,株式会社勝部工務店,兵庫県,尼崎市,西難波町６丁目７番２９号,6600893
1140001048305,株式会社兼岡組,兵庫県,尼崎市,東塚口町２丁目３番４８号,6610011
1140001048313,株式会社金城重機工業,兵庫県,尼崎市,大物町１丁目１３番１号,6600823
1140001048321,株式会社金森商店,兵庫県,尼崎市,西長洲町２丁目１３番４号,6600805
1140001048346,河内建設工業株式会社,兵庫県,尼崎市,潮江４丁目３番１２号,6610976
1140001048362,カラタニエンジニアリング株式会社,兵庫県,尼崎市,玄番南之町４番地,6600873
1140001048370,柄谷倉庫物流株式会社,兵庫県,尼崎市,道意町６丁目４９番地,6600083
1140001048379,カワムラ建設株式会社,兵庫県,尼崎市,上ノ島町１丁目２番１１号,6610014
1140001048387,関西不動商事株式会社,兵庫県,尼崎市,小中島２丁目９番３号,6610972
1140001048395,近畿化工機株式会社,兵庫県,尼崎市,杭瀬北新町１丁目１１番１０−２０１号,6600815
1140001048404,株式会社菊田工務店,兵庫県,尼崎市,名神町３丁目１２番２４号,6610021
1140001048420,株式会社岸本吉二商店,兵庫県,尼崎市,塚口本町２丁目８番２５号,6610001
1140001048453,木村本店株式会社,兵庫県,尼崎市,長洲本通１丁目７番１６号,6600803
1140001048461,株式会社共栄建企,兵庫県,尼崎市,東難波町５丁目３番１０号,6600892
1140001048478,株式会社共益金属製作所,兵庫県,尼崎市,次屋２丁目１番１４号,6610965
1140001048486,株式会社協滋鉄工所,兵庫県,尼崎市,西長洲町１丁目２番１０号,6600805
1140001048503,協和開発株式会社,兵庫県,尼崎市,水堂町２丁目１９番１４号,6610026
1140001048511,株式会社共和電機工業所,兵庫県,尼崎市,長洲中通２丁目７番１１号,6600802
1140001048528,株式会社キャプテン,兵庫県,尼崎市,長洲西通１丁目８番２７号,6600807
1140001048536,桐越建設株式会社,兵庫県,尼崎市,道意町４丁目４９番地,6600083
1140001048560,久保工業株式会社,兵庫県,尼崎市,塚口町１丁目２４番地の５,6610002
1140001048569,株式会社クマイ,兵庫県,尼崎市,塚口本町２丁目２番２０号,6610001
1140001048602,株式会社桑山工務店,兵庫県,尼崎市,浜田町３丁目４２番地,6600062
1140001048619,ＳＥＣファーネス株式会社,兵庫県,尼崎市,潮江１丁目２番６号,6610976
1140001048627,株式会社ＳＹ‐ＦＯＲＥＳＴ,兵庫県,尼崎市,東園田町３丁目１２番地の４,6610953
1140001048643,幸栄建材株式会社,兵庫県,尼崎市,開明町２丁目１１番地,6600862
1140001048668,株式会社幸紀ビル,兵庫県,尼崎市,武庫之荘４丁目４番２０号,6610035
1140001048676,光青社株式会社,兵庫県,尼崎市,開明町２丁目３５番地,6600862
1140001048684,コウセンサービス株式会社,兵庫県,尼崎市,鶴町７番地２,6600092
1140001048692,甲東産業株式会社,兵庫県,尼崎市,昭和南通４丁目４５番地１,6600882
1140001048701,株式会社コアテック,兵庫県,尼崎市,西長洲町２丁目３番１１号,6600805
1140001048718,株式会社弘洋,兵庫県,尼崎市,尾浜町３丁目３番１７号,6610022
1140001048726,向陽自動車整備株式会社,兵庫県,尼崎市,西長洲町２丁目３０番１号,6600805
1140001048742,株式会社国際精密機械製作所,兵庫県,尼崎市,東塚口町２丁目４番６７号,6610011
1140001048750,小島化学工業株式会社,兵庫県,尼崎市,金楽寺町１丁目３番１号,6600806
1140001048767,琴浦産業株式会社,兵庫県,尼崎市,琴浦町４８番地,6600074
1140001048783,株式会社小寺商店,兵庫県,尼崎市,西高洲町２６番地の５,6600845
1140001048791,小西鉄工株式会社,兵庫県,尼崎市,西長洲町２丁目１４番５号,6600805
1140001048800,株式会社コマダ,兵庫県,尼崎市,南塚口町７丁目２０番５号,6610012
1140001048809,山栄工業株式会社,兵庫県,尼崎市,久々知３丁目２１番１６号,6610977
1140001048817,三栄産業株式会社,兵庫県,尼崎市,神崎町１２番２８号,6610964
1140001048825,株式会社佐伯工務店,兵庫県,尼崎市,富松町１丁目４８番９号,6610003
1140001048833,株式会社斉田商店,兵庫県,尼崎市,杭瀬南新町４丁目６番３６号,6600822
1140001048841,株式会社サカエ,兵庫県,尼崎市,道意町１丁目４９番地,6600083
1140001048858,栄設備工業株式会社,兵庫県,尼崎市,武庫之荘２丁目３１番５号,6610035
1140001048866,山洋工業株式会社,兵庫県,尼崎市,西立花町４丁目１５番２３号,6600054
1140001048874,株式会社三賀エンタプライズ,兵庫県,尼崎市,浜田町４丁目１３番地６,6600062
1140001048882,三輝建設株式会社,兵庫県,尼崎市,東大物町２丁目１番２５号,6600828
1140001048890,株式会社坂上鉄工所,兵庫県,尼崎市,東初島町２番地の４３,6600832
1140001048899,坂本軌道工業株式会社,兵庫県,尼崎市,大浜町２丁目１３番地の３,6600095
1140001048916,株式会社三共住宅,兵庫県,尼崎市,南武庫之荘２丁目１０番３３号,6610033
1140001048924,株式会社サン・クローバー,兵庫県,尼崎市,西長洲町３丁目１番６８号,6600805
1140001048932,株式会社桜製作所,兵庫県,尼崎市,田能６丁目１１番２号,6610951
1140001048940,株式会社佐々木工務店,兵庫県,尼崎市,東園田町１丁目８３番地１号,6610953
1140001048949,株式会社サンシステムライン,兵庫県,尼崎市,立花町１丁目２５番４３号,6610025
1140001048965,株式会社佐藤商店,兵庫県,尼崎市,次屋１丁目７番１８号,6610965
1140001048973,株式会社サントクミ,兵庫県,尼崎市,南塚口町２丁目１番３−１１７号,6610012
1140001048981,薩摩工業株式会社,兵庫県,尼崎市,久々知２丁目２４番１５号,6610977
1140001049006,株式会社サムソン大阪西メンテナンス,兵庫県,尼崎市,東難波町３丁目７番２９号,6600892
1140001049014,三洋海事株式会社,兵庫県,尼崎市,中在家町３丁目４４９番地,6600851
1140001049022,株式会社三友商会,兵庫県,尼崎市,神田中通７丁目２５１番地,6600884
1140001049047,三和食肉株式会社,兵庫県,尼崎市,建家町８６番地,6600871
1140001049071,株式会社ジェイオフィス,兵庫県,尼崎市,武庫之荘本町３丁目３番１号,6610031
1140001049105,株式会社新幸,兵庫県,尼崎市,七松町３丁目１３番１４号,6600052
1140001049113,新興鋼材株式会社,兵庫県,尼崎市,下坂部３丁目２１番１４号,6610975
1140001049138,新建設工業株式会社,兵庫県,尼崎市,額田町３番６号,6610962
1140001049146,株式会社新甲屋,兵庫県,尼崎市,水堂町４丁目１６番２０号,6610026
1140001049162,新生産業株式会社,兵庫県,尼崎市,武庫之荘１丁目１９番３号,6610035
1140001049170,新進化学株式会社,兵庫県,尼崎市,塚口町３丁目１番地の１,6610002
1140001049179,株式会社新東苑,兵庫県,尼崎市,東園田町６丁目３１番地の３,6610953
1140001049195,新日本電子材株式会社,兵庫県,尼崎市,南武庫之荘２丁目３３番１２−１０１号,6610033
1140001049204,株式会社篠原建設,兵庫県,尼崎市,武庫川町３丁目３８番地,6600084
1140001049220,株式会社渋谷商店,兵庫県,尼崎市,神田北通５丁目１３５番地,6600883
1140001049229,株式会社下川組,兵庫県,尼崎市,猪名寺１丁目３４番３号,6610981
1140001049237,清水産業株式会社,兵庫県,尼崎市,東園田町６丁目４３番地の７,6610953
1140001049245,株式会社真友,兵庫県,尼崎市,東本町３丁目６番地,6600824
1140001049253,株式会社昭永梱包,兵庫県,尼崎市,塚口本町５丁目３番１号ヤンマー（株）塚口工場内,6610001
1140001049278,株式会社住宅センター,兵庫県,尼崎市,塚口町４丁目２９番１４号,6610002
1140001049311,株式会社昭和商工,兵庫県,尼崎市,金楽寺町２丁目１９番６号,6600806
1140001049336,エスティーク株式会社,兵庫県,尼崎市,大庄中通２丁目３６番１−１０１号,6600075
1140001049344,株式会社シヤルム,兵庫県,尼崎市,南武庫之荘１丁目２３番２５−１０５号,6610033
1140001049352,株式会社しらかば,兵庫県,尼崎市,武庫元町２丁目１４番１２号,6610043
1140001049360,親和電機工業株式会社,兵庫県,尼崎市,潮江２丁目１７番２９号,6610976
1140001049377,佐々木工業株式会社,兵庫県,尼崎市,西立花町４丁目１５番２３号,6600054
1140001049385,株式会社スガノ,兵庫県,尼崎市,額田町１８番４５号,6610962
1140001049393,株式会社須崎組,兵庫県,尼崎市,東園田町９丁目３９番地４,6610953
1140001049402,ステンレスジョイント株式会社,兵庫県,尼崎市,平左衛門町１８番地３７,6600087
1140001049410,住精エンジニアリング株式会社,兵庫県,尼崎市,扶桑町１番１０号,6600891
1140001049419,株式会社スリーエスプラニング,兵庫県,尼崎市,富松町１丁目２１番１４号,6610003
1140001049427,正晃オート販売株式会社,兵庫県,尼崎市,栗山町１丁目２２番４０号,6610013
1140001049435,株式会社誠進産業,兵庫県,尼崎市,久々知西町２丁目３番２５号,6610978
1140001049443,生光電気株式会社,兵庫県,尼崎市,東桜木町３６番地,6600864
1140001049451,清風園住宅株式会社,兵庫県,尼崎市,下坂部２丁目１２番１３号,6610975
1140001049468,株式会社清和電設,兵庫県,尼崎市,南城内２０８番地の３,6600825
1140001049476,株式会社鮮魚三洋,兵庫県,尼崎市,富松町４丁目９番２２号,6610003
1140001049484,株式会社接合耐力試験技術センター,兵庫県,尼崎市,西高洲町９番地,6600845
1140001049501,株式会社セノオ商会,兵庫県,尼崎市,南塚口町２丁目１番１−１０２号塚口さんさんタウン１番館,6610012
1140001049518,株式会社双英理研,兵庫県,尼崎市,三反田町２丁目７番３７号,6610024
1140001049526,窓機オペレーター株式会社,兵庫県,尼崎市,武庫之荘東２丁目１０番３号,6610032
1140001049534,株式会社創和,兵庫県,尼崎市,南武庫之荘１２丁目１４−３５,6610033
1140001049542,園田工業株式会社,兵庫県,尼崎市,御園１丁目１６番２０号,6610984
1140001049550,株式会社園和建設,兵庫県,尼崎市,東園田町９丁目８番地の４,6610953
1140001049559,株式会社大栄,兵庫県,尼崎市,戸ノ内町５丁目６番１号,6610961
1140001049567,株式会社ダイエー商会,兵庫県,尼崎市,尾浜町３丁目２番２７号,6610022
1140001049575,株式会社第一計器製作所,兵庫県,尼崎市,大物町１丁目７番２号,6600823
1140001049583,第一舗道株式会社,兵庫県,尼崎市,水堂町４丁目２０番３号,6610026
1140001049591,大興産業株式会社,兵庫県,尼崎市,東難波町２丁目５番１６号,6600892
1140001049600,大興陸運株式会社,兵庫県,尼崎市,東初島町２番地の３７,6600832
1140001049609,大源化成工業株式会社,兵庫県,尼崎市,長洲東通３丁目２番９号,6600801
1140001049617,株式会社ダイカツプ,兵庫県,尼崎市,西長洲町３丁目１番７７号,6600805
1140001049625,大進株式会社,兵庫県,尼崎市,神田南通３丁目５７番地の３４セレーノ尼崎１１０３号,6600885
1140001049633,タイセイ産業株式会社,兵庫県,尼崎市,次屋２丁目２７番１６号,6610965
1140001049658,株式会社大進商会,兵庫県,尼崎市,元浜町４丁目１６番地,6600085
1140001049674,株式会社大通,兵庫県,尼崎市,立花町３丁目３５番１号,6610025
1140001049682,大同通運株式会社,兵庫県,尼崎市,長洲西通１丁目４番６号,6600807
1140001049699,株式会社ダイニ企画,兵庫県,尼崎市,南塚口町３丁目１２番１０号,6610012
1140001049708,株式会社真和物産,兵庫県,尼崎市,神田南通５丁目１３２番地,6600885
1140001049732,株式会社大福堂,兵庫県,尼崎市,神田南通２丁目４４番地,6600885
1140001049740,大丸食料工業株式会社,兵庫県,尼崎市,長洲中通３丁目１９番２１号,6600802
1140001049749,大洋紙業株式会社,兵庫県,尼崎市,長洲西通２丁目９番１５号,6600807
1140001049757,太陽メッキ株式会社,兵庫県,尼崎市,中浜町１９番地,6600091
1140001049765,ダイヤホーム株式会社,兵庫県,尼崎市,尾浜町２丁目３６番７号,6610022
1140001049781,大和肥料株式会社,兵庫県,尼崎市,浜１丁目２番３０号,6610967
1140001049798,株式会社武内製作所,兵庫県,尼崎市,杭瀬本町１丁目６番１４号,6600814
1140001049815,株式会社高真,兵庫県,尼崎市,塚口本町６丁目１番３号,6610001
1140001049823,株式会社高塚電業社,兵庫県,尼崎市,西難波町４丁目２番７号,6600893
1140001049831,高寺株式会社,兵庫県,尼崎市,武庫町２丁目１９番２０号,6610044
1140001049864,タキヤ株式会社,兵庫県,尼崎市,北大物町１６番７号,6600804
1140001049872,タカラ金属工業株式会社,兵庫県,尼崎市,戸ノ内町３丁目４番３０号,6610961
1140001049889,株式会社タッグプロセス,兵庫県,尼崎市,南城内２番地の１,6600825
1140001049906,株式会社ガスアンドリフォームたちばな,兵庫県,尼崎市,下坂部４丁目４番８号,6610975
1140001049922,株式会社タニコ,兵庫県,尼崎市,大庄西町２丁目２６番２４号,6600077
1140001049930,株式会社田中水道工業所,兵庫県,尼崎市,稲葉荘３丁目５番１０号,6600064
1140001049955,株式会社田端左官,兵庫県,尼崎市,栗山町１丁目１５番１３号,6610013
1140001049963,株式会社民田屋,兵庫県,尼崎市,杭瀬本町２丁目１１番１０号,6600814
1140001049996,中央鋼材株式会社,兵庫県,尼崎市,西本町２丁目５９番地,6600874
1140001050013,千代田商事株式会社,兵庫県,尼崎市,塚口町４丁目３３番地の４３,6610002
1140001050038,株式会社月城商運,兵庫県,尼崎市,額田町１８番４５号,6610962
1140001050046,株式会社辻水道工業所,兵庫県,尼崎市,元浜町４丁目２８番地,6600085
1140001050054,株式会社ツダ,兵庫県,尼崎市,西立花町２丁目１番１７号,6600054
1140001050062,株式会社つぼやモンテローザ,兵庫県,尼崎市,東園田町６丁目１１４番地の２７,6610953
1140001050079,株式会社テイエヌケイ,兵庫県,尼崎市,塚口本町１丁目６番６−１０６,6610001
1140001050087,株式会社データ・ギア,兵庫県,尼崎市,武庫之荘本町２丁目９番２０−５０１号,6610031
1140001050095,株式会社デンソー,兵庫県,尼崎市,戸ノ内町３丁目３３番１０号,6610961
1140001050104,株式会社鉄昌社,兵庫県,尼崎市,西本町２丁目９２番地,6600874
1140001050112,テレコム通信株式会社,兵庫県,尼崎市,尾浜町２丁目６番１７号,6610022
1140001050120,寺本運輸倉庫株式会社,兵庫県,尼崎市,南初島町１７番地,6600833
1140001050129,福栄肥料株式会社,兵庫県,尼崎市,昭和南通３丁目２６番地,6600882
1140001050137,東亜実業株式会社,兵庫県,尼崎市,長洲東通１丁目２番３０号,6600801
1140001050145,土井興産株式会社,兵庫県,尼崎市,南武庫之荘６丁目７番２３号,6610033
1140001050153,株式会社東伸エンジニアリング,兵庫県,尼崎市,南武庫之荘９丁目１１番３６号,6610033
1140001050186,株式会社塚口丸十質舗,兵庫県,尼崎市,南塚口町１丁目６番２２号,6610012
1140001050194,東洋装備株式会社,兵庫県,尼崎市,塚口町１丁目３３番地の９,6610002
1140001050203,東洋ビル管理株式会社,兵庫県,尼崎市,神田北通２丁目１６番地,6600883
1140001050211,株式会社東和,兵庫県,尼崎市,東海岸町１番地の４,6600843
1140001050236,株式会社塗装工業甲芸社,兵庫県,尼崎市,崇徳院２丁目４２番５,6600071
1140001050244,株式会社斗々匠,兵庫県,尼崎市,東園田町９丁目１６番地の８,6610953
1140001050252,株式会社トップワールド,兵庫県,尼崎市,久々知西町１丁目４番１１号,6610978
1140001050260,株式会社富清,兵庫県,尼崎市,東難波町５丁目１５番３号,6600892
1140001050293,株式会社トレビック,兵庫県,尼崎市,塚口町５丁目３７番地の１２,6610002
1140001050310,日本梱包作業株式会社,兵庫県,尼崎市,東園田町２丁目４３番２号,6610953
1140001050319,日本生薬株式会社,兵庫県,尼崎市,塚口町４丁目３２番地の３,6610002
1140001050327,日本スピンドル製造株式会社,兵庫県,尼崎市,潮江４丁目２番３０号,6610976
1140001050335,日本電子材料株式会社,兵庫県,尼崎市,西長洲町２丁目５番１３号,6600805
1140001050343,日本プリント配線工業株式会社,兵庫県,尼崎市,名神町１丁目１番１３号,6610021
1140001050351,内藤建設興業株式会社,兵庫県,尼崎市,久々知３丁目１１番１号,6610977
1140001050368,株式会社中井總組,兵庫県,尼崎市,常光寺４丁目１番２号,6600811
1140001050384,株式会社長瀬工業所,兵庫県,尼崎市,大浜町２丁目８番５号,6600095
1140001050392,株式会社ながすや,兵庫県,尼崎市,久々知西町１丁目１１番１９号,6610978
1140001050401,中塚商事株式会社,兵庫県,尼崎市,大庄北３丁目１４番８号,6600063
1140001050418,株式会社ナカノテック,兵庫県,尼崎市,南初島町１０番地１５１,6600833
1140001050426,株式会社ナカムラ,兵庫県,尼崎市,長洲本通１丁目１１番１０号,6600803
1140001050434,株式会社中村鉄工所,兵庫県,尼崎市,長洲中通２丁目１５番１６号,6600802
1140001050442,中山配管工業株式会社,兵庫県,尼崎市,水堂町３丁目７番１号,6610026
1140001050450,株式会社ナナミ,兵庫県,尼崎市,武庫之荘４丁目１０番７号,6610035
1140001050459,難波施設株式会社,兵庫県,尼崎市,東難波町２丁目８番８号,6600892
1140001050467,株式会社浪花洋瓦工業所,兵庫県,尼崎市,元浜町３丁目１番地,6600085
1140001050475,成田技研株式会社,兵庫県,尼崎市,南武庫之荘１丁目１９番２８号,6610033
1140001050483,株式会社にしいち,兵庫県,尼崎市,尾浜町２丁目２１番４０号,6610022
1140001050509,西原建設株式会社,兵庫県,尼崎市,東園田町９丁目３２番地の３,6610953
1140001050517,西村産業株式会社,兵庫県,尼崎市,道意町２丁目８番地,6600083
1140001050541,大洋商事株式会社,兵庫県,尼崎市,水堂町４丁目２０番２３号,6610026
1140001050558,株式会社日興商会,兵庫県,尼崎市,東難波町５丁目１０番３０号,6600892
1140001050574,日進工業株式会社,兵庫県,尼崎市,若王寺３丁目２０番２５号,6610974
1140001050599,株式会社新田鉄工所,兵庫県,尼崎市,三反田町３丁目１番７号,6610024
1140001050608,株式会社ニチユー,兵庫県,尼崎市,椎堂１丁目３番５号,6610952
1140001050616,株式会社ニューテック,兵庫県,尼崎市,道意町４丁目４６番地,6600083
1140001050640,株式会社野口鉄工所,兵庫県,尼崎市,次屋３丁目５番５６号,6610965
1140001050649,株式会社野田屋,兵庫県,尼崎市,武庫川町３丁目１１番地,6600084
1140001050673,阪神建工株式会社,兵庫県,尼崎市,田能３丁目１９番１７号,6610951
1140001050698,阪神住販株式会社,兵庫県,尼崎市,浜２丁目９番１３号,6610967
1140001050707,阪神塗装工業株式会社,兵庫県,尼崎市,名神町３丁目６番２１号,6610021
1140001050723,阪神ブレーキ工業株式会社,兵庫県,尼崎市,三反田町３丁目１番１２号,6610024
1140001050731,株式会社サンテクノ,兵庫県,尼崎市,長洲西通２丁目８番１２号,6600807
1140001050748,大阪丸進運輸株式会社,兵庫県,尼崎市,東園田町５丁目１０５番地の１,6610953
1140001050756,白雲石工業株式会社,兵庫県,尼崎市,元浜町４丁目７８番地,6600085
1140001050772,株式会社ハンシン,兵庫県,尼崎市,平左衛門町１８番地２５,6600087
1140001050780,株式会社橋詰,兵庫県,尼崎市,浜田町１丁目２４番地の１,6600062
1140001050806,株式会社畑中,兵庫県,尼崎市,東園田町２丁目１８４番地,6610953
1140001050814,パナス工業株式会社,兵庫県,尼崎市,道意町５丁目３０番地２４,6600083
1140001050822,株式会社ハマトー,兵庫県,尼崎市,南塚口町５丁目１２番１３号,6610012
1140001050839,株式会社ハロー,兵庫県,尼崎市,長洲中通３丁目１５番２３号,6600802
1140001050847,株式会社治商,兵庫県,尼崎市,開明町３丁目２６番地,6600862
1140001050855,パルモ株式会社,兵庫県,尼崎市,西本町２丁目９４番地,6600874
1140001050863,株式会社ビーエムプラント,兵庫県,尼崎市,西長洲町２丁目２５番２４号,6600805
1140001050871,株式会社ピアノセンター,兵庫県,尼崎市,水堂町４丁目１２番９号,6610026
1140001050888,光塗料株式会社,兵庫県,尼崎市,北竹谷町１丁目８番地,6600878
1140001050946,平瀬商事株式会社,兵庫県,尼崎市,大庄西町２丁目２１番８号,6600077
1140001050954,手造りひろた食品株式会社,兵庫県,尼崎市,立花町４丁目４番２１号,6610025
1140001050970,株式会社フジコー,兵庫県,尼崎市,大西町２丁目１２番１２号,6610023
1140001050979,不二検査株式会社,兵庫県,尼崎市,南武庫之荘９丁目１８番８号,6610033
1140001050987,不二石油株式会社,兵庫県,尼崎市,道意町６丁目３０番地,6600083
1140001050995,フジ商産株式会社,兵庫県,尼崎市,神田北通６丁目１５３番地,6600883
1140001051003,株式会社エフエスティ,兵庫県,尼崎市,塚口本町５丁目４番３６号,6610001
1140001051028,株式会社文永工業,兵庫県,尼崎市,水堂町２丁目３９番２３号,6610026
1140001051036,フォーユー建設株式会社,兵庫県,尼崎市,御園３丁目１２番１３号,6610984
1140001051044,株式会社ファミリービルメンテナンス,兵庫県,尼崎市,杭瀬北新町３丁目３番１２号,6600815
1140001051052,吹上製缶株式会社,兵庫県,尼崎市,金楽寺町１丁目６番５３号,6600806
1140001051069,株式会社福田博商店,兵庫県,尼崎市,大浜町１丁目４３番地,6600095
1140001051077,福山工業株式会社,兵庫県,尼崎市,元浜町５丁目９１番地,6600085
1140001051085,藤井鋼業株式会社,兵庫県,尼崎市,道意町６丁目２８番地,6600083
1140001051110,株式会社プラザエステート,兵庫県,尼崎市,東難波町５丁目２番２１号３Ｆ,6600892
1140001051119,株式会社古田一忠商会,兵庫県,尼崎市,武庫元町２丁目２１番３号,6610043
1140001051135,平和医療器株式会社,兵庫県,尼崎市,杭瀬南新町４丁目９番２３−１０２号,6600822
1140001051168,防災産業機材株式会社,兵庫県,尼崎市,西本町５丁目６６番地,6600874
1140001051184,豊和産業株式会社,兵庫県,尼崎市,南塚口町２丁目１番３−６１２号,6610012
1140001051201,株式会社ぼて,兵庫県,尼崎市,神田北通２丁目２２番地,6600883
1140001051218,株式会社堀井電気通信工事,兵庫県,尼崎市,口田中１丁目１１番１号,6610983
1140001051226,堀吉ビル株式会社,兵庫県,尼崎市,浜田町２丁目１７番地,6600062
1140001051250,毎日企業株式会社,兵庫県,尼崎市,神田中通２丁目１７番地,6600884
1140001051259,兵庫琵琶観光開発株式会社,兵庫県,尼崎市,西長洲町１丁目２番１０号,6600805
1140001051275,株式会社ます屋,兵庫県,尼崎市,神田中通５丁目１９３番地,6600884
1140001051291,松浦塗装工業株式会社,兵庫県,尼崎市,七松町１丁目２０番１７号,6600052
1140001051317,松永化成工業株式会社,兵庫県,尼崎市,南武庫之荘１２丁目１４番１８号,6610033
1140001051325,マテハンエンジ株式会社,兵庫県,尼崎市,七松町２丁目３番２５号,6600052
1140001051333,株式会社松元組,兵庫県,尼崎市,長洲本通１丁目１６番２７号,6600803
1140001051341,松本商工株式会社,兵庫県,尼崎市,南武庫之荘７丁目５番１４号,6610033
1140001051358,丸井工業株式会社,兵庫県,尼崎市,久々知３丁目２４番３５号,6610977
1140001051366,株式会社丸越,兵庫県,尼崎市,玄番北之町４２番地の８,6600872
1140001051374,株式会社丸清,兵庫県,尼崎市,東園田町６丁目１００番地の１,6610953
1140001051382,株式会社マルサ商店,兵庫県,尼崎市,建家町８８番地,6600871
1140001051399,株式会社マルダイ薬品,兵庫県,尼崎市,南塚口町３丁目２９番４２号,6610012
1140001051408,丸富住建株式会社,兵庫県,尼崎市,大庄北３丁目２９番２３号,6600063
1140001051416,株式会社マルヒメ,兵庫県,尼崎市,塚口本町１丁目１６番１５号,6610001
1140001051424,マルミヤ食品株式会社,兵庫県,尼崎市,上坂部３丁目１５番６号,6610979
1140001051432,株式会社丸山工業所,兵庫県,尼崎市,西高洲町２６番地の２,6600845
1140001051440,株式会社ミカ・コスメハウス,兵庫県,尼崎市,南塚口町３丁目９番１５号,6610012
1140001051449,株式会社ミクロ,兵庫県,尼崎市,西長洲町２丁目１７番１３号,6600805
1140001051465,御園土木株式会社,兵庫県,尼崎市,南武庫之荘１０丁目５９番１７−１０２号,6610033
1140001051473,三井工業株式会社,兵庫県,尼崎市,塚口町２丁目６番地の１−１０４号,6610002
1140001051481,三井鉄工株式会社,兵庫県,尼崎市,水堂町２丁目４０番５４号,6610026
1140001051507,株式会社峯工業所,兵庫県,尼崎市,南塚口町８丁目５９番１３号,6610012
1140001051523,ミユキ住宅販売株式会社,兵庫県,尼崎市,水堂町３丁目１番１８号,6610026
1140001051556,株式会社武庫川木村家,兵庫県,尼崎市,武庫川町３丁目７４番地の２,6600084
1140001051564,武庫商事株式会社,兵庫県,尼崎市,南武庫之荘８丁目２８番７号,6610033
1140001051572,株式会社武庫不動産,兵庫県,尼崎市,武庫元町１丁目２７番５号,6610043
1140001051589,株式会社村田電機製作所,兵庫県,尼崎市,金楽寺町２丁目１１番２５号,6600806
1140001051606,名神通商株式会社,兵庫県,尼崎市,東難波町１丁目３番２２号,6600892
1140001051622,株式会社メガネの太陽堂,兵庫県,尼崎市,東園田町５丁目４０番地の４,6610953
1140001051630,メリーポピンズ株式会社,兵庫県,尼崎市,南塚口町４丁目２番１６号,6610012
1140001051639,モトヨシ水産株式会社,兵庫県,尼崎市,潮江４丁目４番１号,6610976
1140001051647,株式会社モロキ,兵庫県,尼崎市,椎堂１丁目１７番２７号,6610952
1140001051663,株式会社モリタカ,兵庫県,尼崎市,南武庫之荘７丁目６番１０号,6610033
1140001051688,八木産業株式会社,兵庫県,尼崎市,崇徳院１丁目１３番地,6600071
1140001051696,株式会社安田組,兵庫県,尼崎市,大庄中通１丁目２３番地,6600075
1140001051705,八菱工業株式会社,兵庫県,尼崎市,武庫之荘８丁目１２番１８号,6610035
1140001051713,株式会社ヤブサ空調システムズ,兵庫県,尼崎市,北城内５１番地,6600826
1140001051721,山一電工株式会社,兵庫県,尼崎市,西長洲町２丁目２３番１号,6600805
1140001051738,株式会社山滋運輸,兵庫県,尼崎市,南清水３７番１４号,6610985
1140001051746,山庄株式会社,兵庫県,尼崎市,神田南通３丁目７７番地,6600885
1140001051754,山田工業株式会社,兵庫県,尼崎市,長洲中通２丁目３番９号,6600802
1140001051762,株式会社山田鉄工所,兵庫県,尼崎市,長洲中通２丁目８番８号,6600802
1140001051770,株式会社山本工業所,兵庫県,尼崎市,東初島町１１番地,6600832
1140001051779,株式会社やまもと吉,兵庫県,尼崎市,西長洲町２丁目１２番８号,6600805
1140001051787,山村サツシ販賣株式会社,兵庫県,尼崎市,猪名寺２丁目２０番１号,6610981
1140001051795,株式会社優智,兵庫県,尼崎市,東七松町１丁目５番１号,6600051
1140001051812,ユニオン工業株式会社,兵庫県,尼崎市,元浜町１丁目６２番地の１,6600085
1140001051845,株式会社ヨシウェルドカンパニー,兵庫県,尼崎市,次屋３丁目１８番１１号,6610965
1140001051853,株式会社吉田商店,兵庫県,尼崎市,北初島町１６番地の１２,6600834
1140001051861,株式会社吉村商店,兵庫県,尼崎市,潮江１丁目１３番９号,6610976
1140001051886,株式会社ＷＡＤＥＣＯ,兵庫県,尼崎市,名神町１丁目１２番９号,6610021
1140001051894,株式会社和建,兵庫県,尼崎市,東園田町２丁目８７番地の４,6610953
1140001051903,和光住宅株式会社,兵庫県,尼崎市,武庫之荘５丁目２４番２３号,6610035
1140001051928,株式会社渡辺甚吉商店,兵庫県,尼崎市,神田中通８丁目２７０番地,6600884
1140001051936,株式会社ラポール,兵庫県,尼崎市,南武庫之荘１丁目１４番８号,6610033
1140001051944,株式会社わらしべ,兵庫県,尼崎市,南塚口町５丁目２番１号,6610012
1140001051952,利光電気株式会社,兵庫県,尼崎市,塚口本町２丁目４０番２３号,6610001
1140001051960,山崎工機株式会社,兵庫県,尼崎市,西長洲町２丁目１番２９号,6600805
1140001051969,株式会社林重建設,兵庫県,尼崎市,塚口本町７丁目１４番３５号,6610001
1140001051977,龍愛商事株式会社,兵庫県,尼崎市,元浜町４丁目１９番地１,6600085
1140001052001,株式会社レックス・ライン,兵庫県,尼崎市,金楽寺町１丁目６番５７号,6600806
1140001052018,株式会社モリテック,兵庫県,尼崎市,七松町２丁目１６番６号,6600052
1140001052042,丸昌電機株式会社,兵庫県,尼崎市,西難波町３丁目１２番３号,6600893
1140001052067,ラッキーホーム株式会社,兵庫県,尼崎市,西本町４丁目３３番地の２−２０１号,6600874
1140001052091,株式会社キサ運輸,兵庫県,尼崎市,元浜町４丁目８８番地,6600085
1140001052100,ハオムス株式会社,兵庫県,尼崎市,常光寺３丁目２番１号,6600811
1140001052109,株式会社シリコンセンシングプロダクツ,兵庫県,尼崎市,扶桑町１番１０号,6600891
1140001052133,株式会社キクタ,兵庫県,尼崎市,道意町７丁目１９番地の１,6600083
1140001052141,中日本マルエス株式会社,兵庫県,尼崎市,鶴町７番地の８,6600092
1140001052158,株式会社中武不動産,兵庫県,尼崎市,常吉１丁目３番４号,6610042
1140001052182,株式会社ピー・オー・エム,兵庫県,尼崎市,南武庫之荘９丁目１７番２号,6610033
1140001052190,株式会社サージ・コア,兵庫県,尼崎市,西立花町３丁目１番１号,6600054
1140001052199,株式会社三和バネ,兵庫県,尼崎市,尾浜町１丁目９番８号,6610022
1140001052208,栄弘特殊硬業株式会社,兵庫県,尼崎市,久々知西町２丁目１４番１３号,6610978
1140001052240,ケン・メディカル株式会社,兵庫県,尼崎市,南武庫之荘１丁目２２番１８号,6610033
1140001052249,株式会社エス・エス・ティー,兵庫県,尼崎市,南塚口町２丁目１番２−２０１号,6610012
1140001052257,日本エアテック株式会社,兵庫県,尼崎市,常光寺３丁目２番１号,6600811
1140001052265,株式会社北隅興業,兵庫県,尼崎市,猪名寺１丁目３４番２４号,6610981
1140001052298,株式会社河本自動車整備,兵庫県,尼崎市,上坂部２丁目３４番１９号,6610979
1140001052307,株式会社エイワーク,兵庫県,尼崎市,南武庫之荘１丁目１３番１号,6610033
1140001052315,なにわ事務サービス株式会社,兵庫県,尼崎市,南塚口町２丁目１８番１４号,6610012
1140001052331,株式会社ジェイ・エム・アール,兵庫県,尼崎市,大高洲町９番地の２,6600842
1140001052348,Ｂｉｏ−ｅｎｅｒｇｙ株式会社,兵庫県,尼崎市,南七松町２丁目９番７号,6600053
1140001052356,御幣島倉庫株式会社,兵庫県,尼崎市,南武庫之荘３丁目２４番２０号,6610033
1140001052372,株式会社金剛コンテナ,兵庫県,尼崎市,杭瀬本町１丁目９番１４号,6600814
1140001052380,株式会社近畿経営情報センター,兵庫県,尼崎市,塚口町３丁目４０番地の７,6610002
1140001052414,関西アルフレッシュ株式会社,兵庫県,尼崎市,南竹谷町１丁目２６番地,6600875
1140001052430,天満電線株式会社,兵庫県,尼崎市,食満３丁目２５番１６号,6610982
1140001052447,株式会社エス・コンストラクション,兵庫県,尼崎市,西本町３丁目７４番地,6600874
1140001052455,株式会社エイチ・ディ・シー,兵庫県,尼崎市,塚口本町７丁目１２番１号,6610001
1140001052736,株式会社吉村鉄工所,兵庫県,尼崎市,次屋１丁目５番２６号,6610965
1140001052752,株式会社清家,兵庫県,尼崎市,瓦宮１丁目４番７号,6610971
1140001052760,株式会社カンパニール,兵庫県,尼崎市,稲葉荘１丁目４番１５号,6600064
1140001052802,株式会社ウイング,兵庫県,尼崎市,東園田町４丁目９５番１０号,6610953
1140001052810,株式会社ナイスクラン,兵庫県,尼崎市,栗山町２丁目１８番１４号,6610013
1140001052819,株式会社プライムワン,兵庫県,尼崎市,立花町１丁目２３番２６号,6610025
1140001052827,ロマーナ・インポート株式会社,兵庫県,尼崎市,稲葉元町３丁目１−１３,6600055
1140001052843,東邦カーボン株式会社,兵庫県,尼崎市,潮江１丁目２番６号,6610976
1140001052892,株式会社ジャスパ関西,兵庫県,尼崎市,南塚口町７丁目１７番１１号,6610012
1140001052901,株式会社フエア,兵庫県,尼崎市,下坂部３丁目１６番３号,6610975
1140001052942,東和化成工業株式会社,兵庫県,尼崎市,戸ノ内町５丁目１０番１０号,6610961
1140001052959,株式会社前田組,兵庫県,尼崎市,崇徳院１丁目１８番地,6600071
1140001052967,現代殖産株式会社,兵庫県,尼崎市,栗山町１丁目８番１０−３０５号,6610013
1140001052975,株式会社ロータス,兵庫県,尼崎市,武庫町２丁目８番２号,6610044
1140001053008,株式会社サンライズ,兵庫県,尼崎市,塚口町１丁目２２番地の９長光ビル,6610002
1140001053073,株式会社ふくとく,兵庫県,尼崎市,塚口町５丁目２１番地,6610002
1140001053115,アットリフォーム株式会社,兵庫県,尼崎市,大島１丁目１１番２６号,6600076
1140001053148,関西資材運輸株式会社,兵庫県,尼崎市,田能６丁目９番１２号,6610951
1140001053164,株式会社ラ・ビルベン,兵庫県,尼崎市,常光寺１丁目１１番１４号,6600811
1140001053180,さゆり食品株式会社,兵庫県,尼崎市,南武庫之荘６丁目５番１１号,6610033
1140001053197,株式会社山下建設,兵庫県,尼崎市,三反田町２丁目２０番１８号,6610024
1140001053214,株式会社谷本保険サービス,兵庫県,尼崎市,食満１丁目７番１６号,6610982
1140001053239,中村船舶株式会社,兵庫県,尼崎市,玄番北之町２６番地の１尼崎アーバンコンフォート１３０２,6600872
1140001053247,株式会社アトオ・エンジニアリング,兵庫県,尼崎市,食満２丁目１９番１５号,6610982
1140001053313,ホウケミカル株式会社,兵庫県,尼崎市,武庫町２丁目２番２５号,6610044
1140001053338,株式会社丸文不動産,兵庫県,尼崎市,東難波町３丁目５番２８号,6600892
1140001053346,株式会社リョウユウ,兵庫県,尼崎市,額田町１８番４５号,6610962
1140001053362,株式会社ソフィアスター,兵庫県,尼崎市,御園町３５番地,6600861
1140001053370,株式会社シグマプロシード,兵庫県,尼崎市,塚口町１丁目２３−５,6610002
1140001053379,株式会社慶実,兵庫県,尼崎市,南塚口町７丁目８番１０号１Ｆ,6610012
1140001053387,株式会社ワールドリンク,兵庫県,尼崎市,潮江５丁目７番４３号,6610976
1140001053395,株式会社東明産業,兵庫県,尼崎市,東難波町５丁目８番２０−１０１号,6600892
1140001053412,ヒューマンアクト株式会社,兵庫県,尼崎市,東難波町５丁目１８番５号,6600892
1140001053420,株式会社ケイ・ハート,兵庫県,尼崎市,神崎町１２番２８号,6610964
1140001053429,株式会社ジョイ,兵庫県,尼崎市,大庄北１丁目１３−１,6600063
1140001053437,タカラショップ株式会社,兵庫県,尼崎市,南塚口町５丁目１４番１２号,6610012
1140001053453,株式会社大和工業,兵庫県,尼崎市,武庫元町１丁目２７番９号,6610043
1140001053461,株式会社友行園芸場,兵庫県,尼崎市,武庫之荘８丁目１２番５号,6610035
1140001053478,株式会社盛和クリエイト,兵庫県,尼崎市,武庫之荘１丁目３２番１５号,6610035
1140001053486,ワイ・ケイプランニング株式会社,兵庫県,尼崎市,東難波町５丁目１７番１８号,6600892
1140001053494,株式会社鈴木設備,兵庫県,尼崎市,久々知２丁目２３番２２号,6610977
1140001053503,株式会社アイコム,兵庫県,尼崎市,武庫之荘３丁目１９番５号,6610035
1140001053528,カラー塗装株式会社,兵庫県,尼崎市,東難波町５丁目１５番１０号,6600892
1140001053552,内田工業株式会社,兵庫県,尼崎市,田能６丁目９番１７号,6610951
1140001053560,株式会社ジェイハウス,兵庫県,尼崎市,神田北通３丁目３８番地,6600883
1140001053569,株式会社ヒロムマシナリ,兵庫県,尼崎市,武庫之荘６丁目１番３２−６０３号,6610035
1140001053593,株式会社ＴＡＩＳＥＩ,兵庫県,尼崎市,水堂町２丁目２番１９号,6610026
1140001053619,ベストホーム・コンサルタント株式会社,兵庫県,尼崎市,南塚口町１丁目３番２１号,6610012
1140001053635,株式会社ＺｅｒｏＴｏＯｎｅ,兵庫県,尼崎市,尾浜町２丁目２３番１９号,6610022
1140001053643,株式会社ホウタスコーポレーション,兵庫県,尼崎市,武庫町１丁目５０番３号万和ビル４０６号室,6610044
1140001053668,株式会社ＨＩテクノ,兵庫県,尼崎市,戸ノ内町５丁目１０番１６号,6610961
1140001053684,株式会社ティプラン,兵庫県,尼崎市,東園田町４丁目１４８番地の２４,6610953
1140001053692,天七造園株式会社,兵庫県,尼崎市,塚口本町６丁目１５番６号,6610001
1140001053726,株式会社ＭＲＮ,兵庫県,尼崎市,東園田町５丁目１４１番地１アールビル１階,6610953
1140001053742,株式会社ワンダックス,兵庫県,尼崎市,塚口本町６丁目１５番８号,6610001
1140001053750,株式会社Ｋ．Ｉ．Ｔ　ＰＬＡＮ,兵庫県,尼崎市,武庫の里２丁目２４番２２号,6610041
1140001053759,株式会社武庫エンジニアリング,兵庫県,尼崎市,北城内４９番地,6600826
1140001053783,株式会社彩峰工業,兵庫県,尼崎市,田能２丁目４番１５号,6610951
1140001053791,株式会社タイヨーテック,兵庫県,尼崎市,道意町７丁目１９番地の１,6600083
1140001053809,株式会社ケイズプランニング,兵庫県,尼崎市,竹谷町２丁目７２番地,6600876
1140001053825,泉テック株式会社,兵庫県,尼崎市,東七松町１丁目１５番２０号,6600051
1140001053833,サンケイ新聞尼崎北販売株式会社,兵庫県,尼崎市,南塚口町２丁目１番２−１１９号,6610012
1140001053858,株式会社ＴＰＧＣ,兵庫県,尼崎市,武庫之荘４丁目１３番６号,6610035
1140001053866,アレカ・インダストリーズ株式会社,兵庫県,尼崎市,田能３丁目９番３３号,6610951
1140001053874,竹村栄建株式会社,兵庫県,尼崎市,水堂町４丁目１１番８号,6610026
1140001053882,株式会社ＫＢＳ創研,兵庫県,尼崎市,富松町３丁目１番５号,6610003
1140001053890,株式会社アツハラ,兵庫県,尼崎市,元浜町１丁目６７番地２,6600085
1140001053899,株式会社阪神テック,兵庫県,尼崎市,塚口町５丁目２６番地の２,6610002
1140001053908,株式会社攻房,兵庫県,尼崎市,東難波町２丁目１５番１９号,6600892
1140001053932,株式会社ホームワークサービス,兵庫県,尼崎市,武庫町２丁目４番８号,6610044
1140001053940,大同株式会社,兵庫県,尼崎市,昭和通１丁目１０番４号,6600881
1140001053949,芦屋ホンダ販売株式会社,兵庫県,尼崎市,武庫の里２丁目１番１２号,6610041
1140001053957,株式会社ニッコーボイラテック,兵庫県,尼崎市,今福２丁目６番４号,6600812
1140001053965,株式会社岸工業,兵庫県,尼崎市,次屋３丁目１８番２６号,6610965
1140001053981,株式会社鍵田商店,兵庫県,尼崎市,崇徳院２丁目５５番地,6600071
1140001053998,株式会社井上電機制御,兵庫県,尼崎市,武庫の里１丁目９番３号,6610041
1140001054006,株式会社三大,兵庫県,尼崎市,南城内１４５番地の２,6600825
1140001054022,株式会社軽貨ドットコム,兵庫県,尼崎市,東園田町７丁目１９番地の２５,6610953
1140001054030,北浦地所株式会社,兵庫県,尼崎市,猪名寺１丁目２５番５２号,6610981
1140001054039,株式会社メロディ,兵庫県,尼崎市,大庄中通１丁目２１番地,6600075
1140001054055,株式会社Ｒｏａｄ　ｏｆ　Ｍａｊｏｒ,兵庫県,尼崎市,東難波町５丁目６番２４号,6600892
1140001054063,株式会社Ｙテック,兵庫県,尼崎市,武庫之荘５丁目２６番９号,6610035
1140001054105,坂本建設株式会社,兵庫県,尼崎市,元浜町５丁目７１番地,6600085
1140001054121,株式会社テムジン,兵庫県,尼崎市,南竹谷町２丁目１番地,6600875
1140001054138,株式会社芥川造園土木,兵庫県,尼崎市,東園田町８丁目５６番地の３,6610953
1140001054146,株式会社げんき工房,兵庫県,尼崎市,東園田町３丁目８８番地の３６,6610953
1140001054162,株式会社アンツ,兵庫県,尼崎市,杭瀬寺島１丁目１０番１０号,6600813
1140001054170,株式会社ロイヤルファシリティ,兵庫県,尼崎市,東難波町４丁目２２番５号,6600892
1140001054195,株式会社Ｍ＆Ｍ,兵庫県,尼崎市,東園田町２丁目１７７番地,6610953
1140001054220,ニシノ化工機株式会社,兵庫県,尼崎市,昭和通１丁目１２番１６号,6600881
1140001054237,株式会社光輝,兵庫県,尼崎市,東難波町３丁目２４番１１−３号,6600892
1140001054245,株式会社エフ・コーポレーション,兵庫県,尼崎市,南塚口町３丁目１番１０号,6610012
1140001054253,ＴＫ工業株式会社,兵庫県,尼崎市,菜切山町７番地の２,6600073
1140001054261,株式会社琉陽サービス,兵庫県,尼崎市,額田町１７番３２−２０３号,6610962
1140001054278,株式会社タカプラ,兵庫県,尼崎市,南塚口町４丁目１番３０号,6610012
1140001054286,株式会社ジーテック,兵庫県,尼崎市,長洲中通２丁目４番２７号,6600802
1140001054294,株式会社リフォーム・エムプラスワン,兵庫県,尼崎市,猪名寺１丁目２３番１２号,6610981
1140001054303,株式会社上田芸能社,兵庫県,尼崎市,大庄中通１丁目３１番４−１Ｆ,6600075
1140001054311,株式会社Ｇａｉｎｉｎｇ　Ａｓｓｉｓｔ,兵庫県,尼崎市,尾浜町２丁目３６番７号,6610022
1140001054328,リビングセンター株式会社,兵庫県,尼崎市,七松町２丁目２‐１２,6600052
1140001054336,株式会社ＡＲＧ,兵庫県,尼崎市,武庫之荘６丁目２４番１１号セビーヌ武庫之荘１０４,6610035
1140001054344,株式会社エコロジーライフジャパン,兵庫県,尼崎市,武庫之荘本町３丁目１２番２０号,6610031
1140001054352,株式会社ジャパンラインズ,兵庫県,尼崎市,昭和南通５丁目７０番地,6600882
1140001054369,亜洲ニチロ株式会社,兵庫県,尼崎市,七松町２丁目７番２５号,6600052
1140001054377,株式会社向日葵企画,兵庫県,尼崎市,御園１丁目１８番１３号,6610984
1140001054385,株式会社濱商,兵庫県,尼崎市,長洲中通３丁目３番９号,6600802
1140001054402,株式会社桃光,兵庫県,尼崎市,武庫元町３丁目１２番１５号,6610043
1140001054410,株式会社中島住宅,兵庫県,尼崎市,尾浜町２丁目１６番１３号,6610022
1140001054419,株式会社ゆいまーる,兵庫県,尼崎市,長洲東通１丁目１１番３号,6600801
1140001054435,株式会社なごみネットワークス,兵庫県,尼崎市,杭瀬北新町２丁目８番５号,6600815
1140001054443,株式会社阿曽,兵庫県,尼崎市,建家町８５番地,6600871
1140001054451,株式会社ＳＪＫ,兵庫県,尼崎市,田能５丁目３番−１０,6610951
1140001054468,株式会社ｃｌｅａｒ,兵庫県,尼崎市,昭和通１丁目９番４１号,6600881
1140001054484,株式会社岩商,兵庫県,尼崎市,栗山町１丁目１９番２３号,6610013
1140001054501,株式会社スケール,兵庫県,尼崎市,南塚口町５丁目１５番１０号,6610012
1140001054518,アドバン工事株式会社,兵庫県,尼崎市,御園３５番地公大尼崎ビル５階Ａ号,6610984
1140001054526,株式会社ウエストフィールド,兵庫県,尼崎市,杭瀬南新町４丁目５番６−７０８号,6600822
1140001054534,株式会社下地組,兵庫県,尼崎市,久々知西町２丁目１４番２７号,6610978
1140001054550,株式会社エイティー,兵庫県,尼崎市,田能６丁目９番１７号,6610951
1140001054559,株式会社松原組,兵庫県,尼崎市,三反田町２丁目９番１５号,6610024
1140001054567,株式会社徳山総合保険事務所,兵庫県,尼崎市,御園３丁目２２番３号,6610984
1140001054575,株式会社ヒットコーポレーション,兵庫県,尼崎市,善法寺町１０番３号,6610973
1140001054591,株式会社エーエムエー,兵庫県,尼崎市,塚口町３丁目３８番地の５９,6610002
1140001054609,株式会社ワークス,兵庫県,尼崎市,潮江５丁目８番１−７０６号,6610976
1140001054625,尼建興業株式会社,兵庫県,尼崎市,瓦宮１丁目３番１０号,6610971
1140001054633,株式会社ニプロン,兵庫県,尼崎市,大浜町２丁目５７番地,6600095
1140001054641,株式会社阪神環境クリエート,兵庫県,尼崎市,西難波町４丁目６番２６−５０１号,6600893
1140001054666,株式会社サントマリシステム,兵庫県,尼崎市,潮江４丁目２番２号,6610976
1140001054674,山海屋株式会社,兵庫県,尼崎市,立花町４丁目１１番３０号,6610025
1140001054682,ユニオンビデオ株式会社,兵庫県,尼崎市,南武庫之荘２丁目８番１−１０５号,6610033
1140001054699,株式会社ヤエス建設,兵庫県,尼崎市,杭瀬本町１丁目１５番６号,6600814
1140001054708,株式会社スターオービット,兵庫県,尼崎市,塚口町１丁目３３番２６号,6610002
1140001054724,株式会社阪本,兵庫県,尼崎市,水堂町３丁目１８番７号,6610026
1140001054740,塩谷エムエス株式会社,兵庫県,尼崎市,若王寺３丁目１９番１号,6610974
1140001054749,株式会社ＮＮＢ,兵庫県,尼崎市,下坂部３丁目７番２２号,6610975
1140001054757,株式会社アートランド,兵庫県,尼崎市,東園田町９丁目３３番地の２,6610953
1140001054773,株式会社ユーカウ,兵庫県,尼崎市,南武庫之荘３丁目１６−９−１０２,6610033
1140001054823,株式会社キューブハウジング,兵庫県,尼崎市,南初島町８番地２４,6600833
1140001054848,株式会社西建産業,兵庫県,尼崎市,御園町３５番地ＹＫＦ尼崎駅前ビル９階,6600861
1140001054856,Ｍ’ＳＴＹＬＥ株式会社,兵庫県,尼崎市,武庫之荘２丁目１３番２０号,6610035
1140001054864,株式会社尼電メンテナンス,兵庫県,尼崎市,北大物町１番６号,6600804
1140001054872,吉岡電気工業株式会社,兵庫県,尼崎市,崇徳院３丁目５２番地２,6600071
1140001054880,グルメヤマオカ株式会社,兵庫県,尼崎市,今福２丁目３番４号,6600812
1140001054889,ＡＡＡ株式会社,兵庫県,尼崎市,建家町１０番地１−８０３,6600871
1140001054906,株式会社百寿会,兵庫県,尼崎市,杭瀬北新町１丁目１番２号,6600815
1140001054922,エナジーマート株式会社,兵庫県,尼崎市,神田北通３丁目３４番地,6600883
1140001054930,株式会社ＮＯＢ,兵庫県,尼崎市,昭和通５丁目１６１番地２、１階,6600881
1140001054947,日本山村硝子株式会社,兵庫県,尼崎市,西向島町１５番１,6600857
1140001054955,株式会社こころ音,兵庫県,尼崎市,昭和通７丁目２３４番地の８,6600881
1140001054963,株式会社Ａｚｕｒｅ,兵庫県,尼崎市,武庫之荘東１丁目１６番１号,6610032
1140001054971,株式会社キンジョウ,兵庫県,尼崎市,南武庫之荘７丁目１０番１４号,6610033
1140001054996,宏霞産業株式会社,兵庫県,尼崎市,武庫元町１丁目２６番１号,6610043
1140001055012,株式会社エースコンサルティング,兵庫県,尼崎市,東園田町４丁目１０１番７ナイトービル３０３号,6610953
1140001055020,株式会社あいあいトータルサポート,兵庫県,尼崎市,善法寺町１−１,6610973
1140001055029,リード株式会社,兵庫県,尼崎市,平左衛門町１８番地の４５,6600087
1140001055037,株式会社ミドリ電化,兵庫県,尼崎市,潮江１丁目１番５０号,6610976
1140001055045,株式会社ＦＵＮ　ＭＡＫＥＲ,兵庫県,尼崎市,浜田町３丁目５９番地,6600062
1140001055053,あくとれす株式会社,兵庫県,尼崎市,次屋１丁目１６−１−１０２号,6610965
1140001055061,シーボン化粧品阪神販売株式会社,兵庫県,尼崎市,南塚口町１丁目６番９号,6610012
1140001055103,株式会社満月,兵庫県,尼崎市,南塚口町１丁目１２番１８号,6610012
1140001055128,永渕重量株式会社,兵庫県,尼崎市,食満３丁目８番１−２０３,6610982
1140001055136,小野測量株式会社,兵庫県,尼崎市,南武庫之荘２丁目２４番２２−１０１号,6610033
1140001055169,エア・ウォーターＮＶ株式会社,兵庫県,尼崎市,中浜町１番地の８,6600091
1140001055177,東和化成株式会社,兵庫県,尼崎市,下坂部４丁目７番１０号,6610975
1140001055185,株式会社ガルダ,兵庫県,尼崎市,稲葉元町３丁目２０番２０号,6600055
1140001055193,株式会社アオノ興産,兵庫県,尼崎市,猪名寺１丁目２７番１５号,6610981
1140001055210,カラタニホールディングス株式会社,兵庫県,尼崎市,玄番南之町４番地,6600873
1140001055219,株式会社ＳＡＮＷＡ,兵庫県,尼崎市,昭和通８丁目２８８番地,6600881
1140001055227,株式会社雅,兵庫県,尼崎市,昭和通４丁目１３１番地,6600881
1140001055235,株式会社湯守,兵庫県,尼崎市,武庫之荘東２丁目２２番４号,6610032
1140001055243,富士建設株式会社,兵庫県,尼崎市,東海岸町１番地の１０８,6600843
1140001055251,株式会社Ｆｕｔｕｒｅ,兵庫県,尼崎市,潮江１丁目１５番３−１３０８号,6610976
1140001055268,株式会社食品館空港,兵庫県,尼崎市,塚口本町６丁目１１番１−１２１４号,6610001
1140001055276,株式会社サナ,兵庫県,尼崎市,神田中通２丁目２７番地−２,6600884
1140001055284,株式会社安心セレモニー,兵庫県,尼崎市,東園田町９丁目１６番１号,6610953
1140001055292,株式会社シェ・アサミ,兵庫県,尼崎市,武庫之荘９丁目１１番１６号,6610035
1140001055301,プロフィット株式会社,兵庫県,尼崎市,立花町４丁目１１番１２号,6610025
1140001055318,フルクラム株式会社,兵庫県,尼崎市,大庄中通１丁目１３番地の７,6600075
1140001055326,キューオーエル・パートナーズ株式会社,兵庫県,尼崎市,潮江１丁目１４番地１号−４０１号,6610976
1140001055334,株式会社ファーストマネージメント,兵庫県,尼崎市,南塚口町３丁目１２−７−３０３,6610012
1140001055342,ダイケン株式会社,兵庫県,尼崎市,田能４丁目１１番３８号,6610951
1140001055375,寿運輸株式会社,兵庫県,尼崎市,大物町２丁目２番１６号,6600823
1140001055383,株式会社正,兵庫県,尼崎市,南武庫之荘１丁目３番２１号,6610033
1140001055391,株式会社信和鉄工,兵庫県,尼崎市,元浜町５丁目８８番地,6600085
1140001055400,株式会社リハケア,兵庫県,尼崎市,武庫之荘４丁目３番１４号,6610035
1140001055417,アセットレンジ株式会社,兵庫県,尼崎市,開明町２丁目３４番地の１,6600862
1140001055425,株式会社シンキサービス,兵庫県,尼崎市,東塚口町２丁目４番５６号,6610011
1140001055458,日本ライティング株式会社,兵庫県,尼崎市,西長洲町２丁目５番３号,6600805
1140001055474,関西住宅流通株式会社,兵庫県,尼崎市,稲葉荘１丁目１番２号,6600064
1140001055490,株式会社仁川設備,兵庫県,尼崎市,田能６丁目２番１６号,6610951
1140001055508,株式会社ビビ,兵庫県,尼崎市,神田中通４丁目８６番地の４,6600884
1140001055516,株式会社ハンディマン５,兵庫県,尼崎市,上坂部３丁目５番１３号,6610979
1140001055524,株式会社Ｄａｎｋ　ｕ　ｗｅｌ,兵庫県,尼崎市,武庫元町１丁目２８番１８−２０３号,6610043
1140001055532,光輝インシュアランス株式会社,兵庫県,尼崎市,立花町１丁目１９番１号ケイズコートＩＩ,6610025
1140001055540,株式会社クレセント,兵庫県,尼崎市,瓦宮２丁目７番１９号,6610971
1140001055557,株式会社マルヴェリー,兵庫県,尼崎市,長洲西通１丁目３−２１,6600807
1140001055565,大善興業株式会社,兵庫県,尼崎市,東園田町９丁目８番１５号（６０３号室）,6610953
1140001055573,株式会社スマイルアカデミー,兵庫県,尼崎市,潮江１丁目２０番１−１０６号,6610976
1140001055581,株式会社めぐみ,兵庫県,尼崎市,武庫町３丁目１９番１４号,6610044
1140001055607,株式会社エイチエルエス,兵庫県,尼崎市,昭和南通５丁目９８番地キャッスル尼崎１階,6600882
1140001055615,株式会社大健工業,兵庫県,尼崎市,武庫元町１丁目１−１１,6610043
1140001055631,三和商事株式会社,兵庫県,尼崎市,南武庫之荘９丁目１７−１５−４１４,6610033
1140001055648,株式会社モルティマーニ,兵庫県,尼崎市,南武庫之荘４丁目９−６,6610033
1140001055656,株式会社政田工業,兵庫県,尼崎市,西高洲町２６番地の５,6600845
1140001055672,株式会社バックス,兵庫県,尼崎市,浜３丁目１２番２９号,6610967
1140001055680,株式会社Ｄ．Ａ．,兵庫県,尼崎市,武庫之荘２丁目８番８号,6610035
1140001055689,スマートプランニング株式会社,兵庫県,尼崎市,塚口町１丁目３２番地の４２,6610002
1140001055697,株式会社アルファライフ企画,兵庫県,尼崎市,栗山町２丁目１８番１１号,6610013
1140001055722,株式会社ポジティブライフ,兵庫県,尼崎市,立花町１丁目９番１９号,6610025
1140001055739,株式会社むつみ,兵庫県,尼崎市,東難波町３丁目３番１８号,6600892
1140001055755,株式会社シーキューブ,兵庫県,尼崎市,立花町３丁目９番１−５０１号,6610025
1140001055763,株式会社和心,兵庫県,尼崎市,東難波町３丁目１１番１８号,6600892
1140001055771,株式会社フォークローバ,兵庫県,尼崎市,西難波町１丁目５番１４−２０２号,6600893
1140001055788,株式会社コバルト,兵庫県,尼崎市,東難波町５丁目７番２０−７０１,6600892
1140001057099,株式会社Ｔａｋｅ７,兵庫県,尼崎市,武庫川町３丁目１６番地の１,6600084
1140001057198,株式会社Ｉブレイン,兵庫県,尼崎市,東園田町９丁目２４番地の５,6610953
1140001057306,株式会社トムズ・ワーカー,兵庫県,尼崎市,尾浜町１丁目８番１２号,6610022
1140001057339,株式会社ＳＡＢ,兵庫県,尼崎市,東難波町２丁目１３番２３号,6600892
1140001057405,富士基礎機械株式会社,兵庫県,尼崎市,南武庫之荘１２丁目２０番１８号,6610033
1140001066959,株式会社ＭＡＧＢＥＡＭ,兵庫県,尼崎市,南塚口町３丁目１４番３２号,6610012
1140001067387,株式会社咲くや,兵庫県,尼崎市,東桜木町１０２番地,6600864
1140001067503,ＨＹＳ株式会社,兵庫県,尼崎市,額田町２２番１４号,6610962
1140001067560,株式会社ＴＳコンストラクション,兵庫県,尼崎市,田能３丁目４番２２号,6610951
1140001067569,エフォート株式会社,兵庫県,尼崎市,南武庫之荘５丁目１０７番２,6610033
1140001067750,株式会社浜惣,兵庫県,尼崎市,大島２丁目２０番４号,6600076
1140001071868,ナノテクジャパン株式会社,兵庫県,尼崎市,西長洲町２丁目３０番１１号,6600805
1140001072742,株式会社Ｋ．Ｔビルド,兵庫県,尼崎市,三反田町２丁目１８−８−１０２号,6610024
1140001073030,株式会社ゲイントラスト,兵庫県,尼崎市,三反田町１丁目１番１０号シャリエ立花６０２号,6610024
1140001073146,株式会社タクミ,兵庫県,尼崎市,南武庫之荘１２丁目３番３号,6610033
1140001077618,株式会社クリアー興産,兵庫県,尼崎市,塚口町２丁目１８−３０８号,6610002
1140001077733,吉田興業株式会社,兵庫県,尼崎市,昭和南通４丁目６２番地,6600882
1140001077758,リチウム空調株式会社,兵庫県,尼崎市,久々知３丁目２５番１９号,6610977
1140001077790,株式会社サンユウ,兵庫県,尼崎市,塚口町６丁目６３番地２２,6610002
1140001078938,株式会社的場工務店,兵庫県,尼崎市,塚口町３丁目３８番地の７,6610002
1140001079861,株式会社光純,兵庫県,尼崎市,御園町２９番地,6600861
1140001080472,株式会社アイエイホーム,兵庫県,尼崎市,七松町３丁目１７番２０号エクセルコートＩＩ,6600052
1140001081859,株式会社ニッコウ,兵庫県,尼崎市,水堂町４丁目２０番２８号,6610026
1140001082246,株式会社ラフラ,兵庫県,尼崎市,大庄西町１丁目１９番４号,6600077
1140001082865,株式会社岡村設備工業所,兵庫県,尼崎市,南塚口町８丁目３２番２７号,6610012
1140001083483,株式会社さくら,兵庫県,尼崎市,武庫町３丁目３番２７号,6610044
1140001083517,株式会社ファインテックス,兵庫県,尼崎市,田能６丁目１１番４号,6610951
1140001083640,株式会社さくらリビングコーポレーション,兵庫県,尼崎市,武庫の里２丁目２４番２号,6610041
1140001083830,近畿調剤株式会社,兵庫県,尼崎市,潮江１丁目１５番３号,6610976
1140001083863,株式会社いろは,兵庫県,尼崎市,武庫之荘東１丁目８番１号２０１,6610032
1140001084052,株式会社日本経営総研,兵庫県,尼崎市,塚口町１丁目１８番地の１２号−８０２,6610002
1140001086494,株式会社サウザンドアローズ,兵庫県,尼崎市,東難波町５丁目１７番２６号ユニバーサルタワーズ２０２号,6600892
1140001086511,株式会社ドシリト,兵庫県,尼崎市,南武庫之荘５丁目１６番２２号メゾン武庫之荘３０２,6610033
1140001086585,株式会社Ｄ−Ｓｔａｒ,兵庫県,尼崎市,大庄北４丁目１１番６号,6600063
1140001086676,株式会社中村ホームペイント,兵庫県,尼崎市,武庫之荘５丁目１６番２０号,6610035
1140001086858,株式会社エービーシー,兵庫県,尼崎市,杭瀬本町２丁目２番１号,6600814
1140001087105,株式会社ＭＳＴ,兵庫県,尼崎市,大西町３丁目１７番２１号清和ビル４階,6610023
1140001087146,株式会社シビルプランニングマスター,兵庫県,尼崎市,玄番北之町２６番地の１尼崎アーバンコンフォート８０５,6600872
1140001087682,株式会社山本商会,兵庫県,尼崎市,名神町２丁目１２番１１号,6610021
1140001087724,株式会社ＡＲＴ　ＰＬＡＮ,兵庫県,尼崎市,武庫の里２丁目２４番２２号,6610041
1140001087831,テクノラボ株式会社,兵庫県,尼崎市,塚口本町７丁目１２番１５号,6610001
1140001088061,株式会社オーティ商会,兵庫県,尼崎市,尾浜町１丁目９番８号,6610022
1140001088177,株式会社岩本興産,兵庫県,尼崎市,南武庫之荘１丁目１９番９号アクト武庫之荘４階,6610033
1140001088219,株式会社アレグロ,兵庫県,尼崎市,塚口町１丁目１２番１７号,6610002
1140001088251,株式会社ホットスタッフ尼崎,兵庫県,尼崎市,昭和通３丁目９０番地１尼崎Ｋ．Ｒビルディング２階,6600881
1140001088318,株式会社利久,兵庫県,尼崎市,若王寺２丁目１４番２０号,6610974
1140001088334,株式会社Ｇテック,兵庫県,尼崎市,西長洲町２丁目５番６号,6600805
1140001088375,リニューホーム株式会社,兵庫県,尼崎市,西昆陽１丁目３番１号,6610047
1140001088474,株式会社松田楽器ピアノギャラリー,兵庫県,尼崎市,南塚口町２丁目１５番１０号,6610012
1140001088508,株式会社本間歯車製作所,兵庫県,尼崎市,中在家町２丁目２０５番６,6600851
1140001088524,Ｃｒｅｏ株式会社,兵庫県,尼崎市,南武庫之荘５丁目３番２２号,6610033
1140001088689,株式会社順將,兵庫県,尼崎市,名神町１丁目１２番５号,6610021
1140001088821,株式会社栄信産業,兵庫県,尼崎市,大庄北３丁目１４番１号,6600063
1140001089068,レイホーム株式会社,兵庫県,尼崎市,南武庫之荘１丁目２５番２１号,6610033
1140001089200,株式会社ＭＤＮプロダクション,兵庫県,尼崎市,南武庫之荘４丁目８番１０号,6610033
1140001089506,株式会社プランサ,兵庫県,尼崎市,南塚口町１丁目２６番２８号南塚口ビル本館３０１,6610012
1140001089514,ＷＩＴＨ　ｉ株式会社,兵庫県,尼崎市,三反田町１丁目１３番１号,6610024
1140001089547,株式会社アップル,兵庫県,尼崎市,南武庫之荘３丁目２３−１,6610033
1140001089654,株式会社ネクサス,兵庫県,尼崎市,東園田町６丁目９３番地の１３,6610953
1140001089753,株式会社嶋田工業,兵庫県,尼崎市,西昆陽１丁目１番１５号,6610047
1140001089778,株式会社甲東物産,兵庫県,尼崎市,南塚口町５丁目１５番１０号,6610012
1140001090199,株式会社フードファン,兵庫県,尼崎市,武庫之荘本町３丁目１１番１号,6610031
1140001090389,エフティーコンサルティング株式会社,兵庫県,尼崎市,潮江５丁目４番１９−１３０１号,6610976
1140001090414,株式会社Ｂｅｌｉｅｖｅ　ｙｏｕｒ　ｖｉｃｔｏｒｙ,兵庫県,尼崎市,稲葉荘１丁目２１−２３−３０４号室,6600064
1140001090513,株式会社ＵＦコンツエル,兵庫県,尼崎市,武庫之荘１丁目１−２,6610035
1140001090546,株式会社リヴシエ,兵庫県,尼崎市,金楽寺町１丁目６番５７号,6600806
1140001090620,株式会社ＹＭ企画,兵庫県,尼崎市,食満７丁目７番２５号,6610982
1140001090637,株式会社ｔｏｏ,兵庫県,尼崎市,西立花町４丁目１２−５,6600054
1140001090785,ポルトボヌール株式会社,兵庫県,尼崎市,立花町１丁目４番２号,6610025
1140001090810,株式会社ブティックマドンナ,兵庫県,尼崎市,武庫之荘２丁目１１番１１−１０１号,6610035
1140001091081,大物産業株式会社,兵庫県,尼崎市,北大物町１９番３９号,6600804
1140001091635,株式会社クランツハウス,兵庫県,尼崎市,武庫元町１丁目１８番２−１号,6610043
1140001091800,株式会社メディサス,兵庫県,尼崎市,東難波町３丁目１０番２０号,6600892
1140001091916,株式会社ロータス,兵庫県,尼崎市,南武庫之荘１丁目２９番３７−１０２号,6610033
1140001092278,株式会社マイティ,兵庫県,尼崎市,立花町１丁目１０番１７号,6610025
1140001092617,株式会社エルグリーン,兵庫県,尼崎市,富松町２丁目７番２２号ローズコート富松ＩＩ１０１号室,6610003
1140001092831,大三設備株式会社,兵庫県,尼崎市,武庫町２丁目４番１３号,6610044
1140001093004,株式会社心翔工業,兵庫県,尼崎市,金楽寺町２丁目３２番１０号１Ｆ,6600806
1140001093045,宗忠興業株式会社,兵庫県,尼崎市,南武庫之荘２丁目１２番２０号,6610033
1140001093202,株式会社ベッツサポート,兵庫県,尼崎市,大西町３丁目１番３４号,6610023
1140001093268,一商事株式会社,兵庫県,尼崎市,東難波町５丁目８−１９紀の国屋ビル４階,6600892
1140001093466,株式会社セイコーホームケア,兵庫県,尼崎市,東園田町６丁目１０７番地の１４,6610953
1140001093557,株式会社吉隆,兵庫県,尼崎市,神田北通３丁目２７番５号,6600883
1140001093656,ファースト工務店株式会社,兵庫県,尼崎市,東難波町５丁目７番１７号,6600892
1140001093895,株式会社尼崎建設,兵庫県,尼崎市,南竹谷町３丁目９番地の２,6600875
1140001094423,株式会社宮本石材,兵庫県,尼崎市,三反田町２丁目１５番３号,6610024
1140001094464,株式会社ヒロインターナショナル,兵庫県,尼崎市,上坂部３丁目１１番１−２２６号,6610979
1140001094497,株式会社佐藤板金工業,兵庫県,尼崎市,武庫之荘１丁目２０番４号,6610035
1140001094605,株式会社ケアハート,兵庫県,尼崎市,大庄北１丁目１２番９号,6600063
1140001094737,株式会社エス,兵庫県,尼崎市,南塚口町４丁目２番１号２０３,6610012
1140001094852,株式会社ＳＥＥＤ,兵庫県,尼崎市,潮江１丁目２１番１号２０５,6610976
1140001094919,株式会社リハケアサポート,兵庫県,尼崎市,武庫之荘４丁目３番１４号,6610035
1140001095000,株式会社吉建,兵庫県,尼崎市,瓦宮１丁目１８番７号,6610971
1140001095058,大同運送株式会社,兵庫県,尼崎市,長洲西通１丁目４番６号,6600807
1140001095066,皇漢堂ヘルスケア株式会社,兵庫県,尼崎市,長洲本通２丁目８番２７号,6600803
1140001095140,株式会社えにし,兵庫県,尼崎市,東難波町５丁目１８番９号,6600892
1140001095215,株式会社プラティーク,兵庫県,尼崎市,富松町２丁目３２番６号,6610003
1140001095371,株式会社早野工業,兵庫県,尼崎市,小中島１丁目１３番１６号,6610972
1140001095405,株式会社アクセル,兵庫県,尼崎市,武庫豊町３丁目３−３,6610045
1140001095413,株式会社エヌ・モード,兵庫県,尼崎市,久々知西町２丁目８番２８号,6610978
1140001095446,株式会社エムズ,兵庫県,尼崎市,大庄中通１丁目９３番地の３,6600075
1140001095636,株式会社アベニールイノベーション,兵庫県,尼崎市,武庫之荘６丁目１３番２８号,6610035
1140001095702,株式会社ＦＵＪＩ,兵庫県,尼崎市,杭瀬本町２丁目２０番８号,6600814
1140001095842,株式会社伊丹千秋屋,兵庫県,尼崎市,塚口町６丁目４１番地の１５,6610002
1140001096139,株式会社アトリエハウス,兵庫県,尼崎市,南武庫之荘７丁目２番１３号,6610033
1140001096205,シード株式会社,兵庫県,尼崎市,田能６丁目９番１５号,6610951
1140001096493,株式会社カーゴワッツ,兵庫県,尼崎市,蓬川荘園４６０番地の１,6600061
1140001096519,株式会社かのん,兵庫県,尼崎市,御園町２７番地の３さきタワーサンクタス尼崎駅前２６０４,6600861
1140001096766,株式会社ハーク,兵庫県,尼崎市,塚口町１丁目８番２号,6610002
1140001096931,永利ジャパン株式会社,兵庫県,尼崎市,田能３丁目９番７７号,6610951
1140001097112,株式会社ＹＫＴ,兵庫県,尼崎市,東難波町３丁目２３番２２号,6600892
1140001097129,株式会社ブイシーオー,兵庫県,尼崎市,常光寺１丁目９番１号,6600811
1140001097137,株式会社ヴォートル・ソレイユ,兵庫県,尼崎市,名神町１丁目１８番２５号,6610021
1140001097153,株式会社オフィスササベ５８,兵庫県,尼崎市,東園田町４丁目５８番地,6610953
1140001097211,株式会社ＲＥＡＲＡＩＺＥ,兵庫県,尼崎市,梶ケ島１番地の９,6600821
1140001097293,株式会社ワッション,兵庫県,尼崎市,武庫元町１丁目２２番１８号,6610043
1140001097302,株式会社チーム肉,兵庫県,尼崎市,神田北通１丁目７−１第２９ビル,6600883
1140001097327,株式会社コウエイ,兵庫県,尼崎市,小中島１丁目１９番９号１階,6610972
1140001097392,株式会社夢創不動産,兵庫県,尼崎市,南塚口町１丁目１２−８サウサービル５０１,6610012
1140001097418,株式会社彩群,兵庫県,尼崎市,東難波町４丁目２０番４号,6600892
1140001097475,株式会社トータルケアすぃーと,兵庫県,尼崎市,昭和通１丁目９番４５号,6600881
1140001097616,株式会社カンサイ,兵庫県,尼崎市,小中島３丁目８番６号,6610972
1140001097756,株式会社ジェイ・エフ・シー,兵庫県,尼崎市,次屋１丁目１５番３９号,6610965
1140001097789,株式会社寿絆設備,兵庫県,尼崎市,西難波町４丁目６−３０朝日プラザアペックスコート西難波８０２,6600893
1140001097822,株式会社Ｔ．Ｗ．Ｓ．,兵庫県,尼崎市,塚口本町１丁目２１番２２号,6610001
1140001097954,株式会社ＴＲＫ,兵庫県,尼崎市,東園田町４丁目１０１−７,6610953
1140001098028,株式会社エコーズエンターテインメント,兵庫県,尼崎市,名神町１丁目１２番１１号,6610021
1140001098358,株式会社八紘興産,兵庫県,尼崎市,南塚口町７丁目５番１９号,6610012
1140001098416,株式会社ＮＲワークス,兵庫県,尼崎市,武庫之荘本町２丁目１５番１２号,6610031
1140001098580,株式会社ＴＦカンパニー,兵庫県,尼崎市,浜３丁目１番１号,6610967
1140001098663,メディーリガーレ株式会社,兵庫県,尼崎市,口田中１丁目１２番７号,6610983
1140001098671,ベストの保険ＡＩＳ株式会社,兵庫県,尼崎市,東難波町４丁目１１番２４号,6600892
1140001098705,株式会社メディカルシップ,兵庫県,尼崎市,南武庫之荘２丁目２４番２７号,6610033
1140001098762,株式会社入江産商,兵庫県,尼崎市,尾浜町３丁目１７番１２号,6610022
1140001098886,株式会社米元工務店,兵庫県,尼崎市,道意町４丁目３９番地の４,6600083
1140001099026,株式会社ＤＹＣインターナショナル,兵庫県,尼崎市,南武庫之荘１丁目２９番１０号,6610033
1140001099100,株式会社トラスト長澤,兵庫県,尼崎市,猪名寺１丁目２４番７号,6610981
1140001099117,株式会社ＦＵＴＵＲＥ　ＥＮＥＲＧＹ　ＳＯＬＵＴＩＯＮ,兵庫県,尼崎市,南武庫之荘１丁目８番２４号ソラリスビル２Ｆ,6610033
1140001099199,慎誠株式会社,兵庫県,尼崎市,三反田町２丁目１９番７号,6610024
1140001099273,株式会社協栄コーポレーション,兵庫県,尼崎市,武庫之荘西２丁目３３番２２号,6610034
1140001099570,株式会社あけぼの産業,兵庫県,尼崎市,上坂部１丁目８番１−１０２０号,6610979
1140001099703,株式会社アトランティックプラス,兵庫県,尼崎市,神田北通３丁目３３番地,6600883
1140001099752,エム興業株式会社,兵庫県,尼崎市,大島３丁目２５番１４号,6600076
1140001099884,興亜電子株式会社,兵庫県,尼崎市,東園田町５丁目５９番１−７０１号,6610953
1140001100214,株式会社ＵＮＩＴＥＣ,兵庫県,尼崎市,武庫之荘９丁目１１番３２号,6610035
1140001100420,株式会社眞栄田建設,兵庫県,尼崎市,武庫元町２丁目２０番１６号,6610043
1140001100453,株式会社松誠館,兵庫県,尼崎市,武庫元町２丁目１９番２号ローヤル武庫元町第２ビル３階,6610043
1140001100627,株式会社イレブン,兵庫県,尼崎市,戸ノ内町３丁目３１番９号,6610961
1140001100908,株式会社エス・プロ・ワークス,兵庫県,尼崎市,西難波町３丁目３０番２号,6600893
1140001100949,株式会社隆,兵庫県,尼崎市,武庫之荘東１丁目２５番５−４１０号,6610032
1140001101006,株式会社富士川商事,兵庫県,尼崎市,神田南通４丁目１００番地の５,6600885
1140001101113,浅井電機エネルギー株式会社,兵庫県,尼崎市,次屋４丁目４番６号,6610965
1140001101393,株式会社エス,兵庫県,尼崎市,小中島１丁目２１番９号ルナビル園田１Ｆ,6610972
1140001101443,株式会社スカイ,兵庫県,尼崎市,南塚口町１丁目１２番８号,6610012
1140001101617,株式会社カナエ技建,兵庫県,尼崎市,道意町４丁目５３番地リンドマーク道意１０１号,6600083
1140001101658,株式会社ユアライン,兵庫県,尼崎市,南武庫之荘１丁目２２番２３号,6610033
1140001101848,株式会社インクデザイン,兵庫県,尼崎市,南塚口町２丁目１９−２若松ビル３Ｆ,6610012
1140001102029,株式会社ナカックス,兵庫県,尼崎市,杭瀬本町１丁目７番１４号,6600814
1140001102219,株式会社日向,兵庫県,尼崎市,杭瀬北新町１丁目４番１号,6600815
1140001102326,株式会社サキ工業,兵庫県,尼崎市,金楽寺町２丁目２０番２７号,6600806
1140001102367,株式会社中林工業,兵庫県,尼崎市,神崎町２６番１０号,6610964
1140001102383,株式会社ＭＥＴＡＬＷＯＲＫＳ．ＳＧ,兵庫県,尼崎市,西本町北通５丁目１３５番地の２,6600863
1140001102607,太陽開発株式会社,兵庫県,尼崎市,開明町２丁目４７番地の５,6600862
1140001102730,株式会社ふたごじてんしゃ,兵庫県,尼崎市,上ノ島町１丁目３９番１号,6610014
1140001102805,株式会社ＰＬＵＳ　ＩＮＮＯＶＡＴＩＯＮ,兵庫県,尼崎市,東難波町５丁目１７番２３号第一住建尼崎ビル６階,6600892
1140001102912,ウエストフード株式会社,兵庫県,尼崎市,七松町１丁目１１番４号,6600052
1140001102920,株式会社松築,兵庫県,尼崎市,七松町３丁目１４番２４号,6600052
1140001103183,株式会社クレアリッチ,兵庫県,尼崎市,南塚口町１丁目６番２０号ａＬａＣＡＳＥビル１Ｆ,6610012
1140001103431,成光サービス株式会社,兵庫県,尼崎市,北大物町８番９号,6600804
1140001103464,株式会社Ｓｈａｌｌ　Ｌｉｎｅ,兵庫県,尼崎市,西本町５丁目６６番地松下ビル,6600874
1140001103547,株式会社豊和ホールディングス,兵庫県,尼崎市,猪名寺２丁目２１番３２号,6610981
1140001103662,株式会社ＴＡＭ,兵庫県,尼崎市,西川２丁目８番３号,6610966
1140001103679,株式会社初瀬仮設工事,兵庫県,尼崎市,神崎町３６−１,6610964
1140001103745,株式会社西塗装,兵庫県,尼崎市,神田南通３丁目５７番地の３４,6600885
1140001103761,株式会社システムデザイン,兵庫県,尼崎市,三反田町２丁目１８番８−１０３号,6610024
1140001103976,株式会社リブプラス,兵庫県,尼崎市,西向島町４１,6600857
1140001104082,株式会社ワンアップ,兵庫県,尼崎市,塚口町６丁目４番地の１８,6610002
1140001104264,株式会社ゼロスタイル,兵庫県,尼崎市,七松町３丁目３−１３,6600052
1140001104322,株式会社シラタキカク,兵庫県,尼崎市,杭瀬北新町２丁目２番２７号,6600815
1140001105015,株式会社山神技研,兵庫県,尼崎市,神崎町２８番１５号,6610964
1140001105213,株式会社テンライズ,兵庫県,尼崎市,武庫川町３丁目６９番地グランリーヴァ９０２号,6600084
1140001105304,株式会社大利,兵庫県,尼崎市,武庫之荘本町３丁目１１番２０号,6610031
1140001105337,株式会社Ｈｏｎｅｓｔｙ,兵庫県,尼崎市,潮江４丁目２番５２号,6610976
1140001105535,株式会社阪神ロード,兵庫県,尼崎市,西高洲町１６番地１７,6600845
1140001105568,株式会社井上工業,兵庫県,尼崎市,高田町２番４７号,6610963
1140001105683,株式会社穂積鉄筋,兵庫県,尼崎市,大庄北１丁目１１番１１号,6600063
1140001105709,株式会社中曽マシナリー,兵庫県,尼崎市,戸ノ内町１丁目１番４６号,6610961
1140001105840,株式会社ショウワ住建,兵庫県,尼崎市,東難波町５丁目８番２６号,6600892
1140001105873,株式会社ＡＫＴＷ,兵庫県,尼崎市,富松町１丁目２７番１１号,6610003
1140001106038,株式会社ロピ,兵庫県,尼崎市,南塚口町７丁目２９番４１号,6610012
1140001106137,株式会社グラウンド,兵庫県,尼崎市,東桜木町２４番地の２,6600864
1140001106285,プロシード株式会社,兵庫県,尼崎市,稲葉荘４丁目１１番２８号,6600064
1140001106343,株式会社ラークド設備,兵庫県,尼崎市,大西町３丁目１７番３７号,6610023
1140001106426,株式会社フジヤマ,兵庫県,尼崎市,西川２丁目２８番９号,6610966
1140001106442,ステージクリエイション株式会社,兵庫県,尼崎市,武庫之荘本町１丁目１５番３０−６０３号,6610031
1140001107093,株式会社エクアプラス,兵庫県,尼崎市,西本町３丁目４番地,6600874
1140001107366,株式会社メカ・トロン,兵庫県,尼崎市,高田町８番５号,6610963
1140001107481,株式会社ディフェンサ,兵庫県,尼崎市,竹谷町１丁目１８−１−１３０５,6600876
1140001107671,株式会社仲村工業,兵庫県,尼崎市,東桜木町３８番３−１０５号,6600864
1140001107829,昭栄工業株式会社,兵庫県,尼崎市,南塚口町７丁目１３番４号,6610012
1140001108050,尼建商事株式会社,兵庫県,尼崎市,三反田町２丁目７番２６号,6610024
1140001108166,株式会社ＬＯＣＵＳ,兵庫県,尼崎市,南武庫之荘１丁目２３番１号,6610033
1140001108372,株式会社ダイシン建装,兵庫県,尼崎市,水明町３０,6600082
1140001108380,株式会社オレンジハート,兵庫県,尼崎市,神田北通４丁目５８番地エコービル２０１号,6600883
1140001108471,株式会社ＣＫＭ,兵庫県,尼崎市,南武庫之荘５丁目２５番１１−３０４号,6610033
1140001109040,株式会社ユニクシー,兵庫県,尼崎市,七松町１丁目３番１−９０７号,6600052
1140001109057,鴻洋株式会社,兵庫県,尼崎市,神田北通３丁目２７番地の５,6600883
1140001109255,株式会社喜琉,兵庫県,尼崎市,長洲本通１丁目２番７号,6600803
1140001109288,株式会社ＮＢ,兵庫県,尼崎市,水明町１番地第三水明共伸事務所１号,6600082
1140001109445,アップ・グレード株式会社,兵庫県,尼崎市,大庄中通１丁目３番１号,6600075
1140001109825,株式会社真栄建装,兵庫県,尼崎市,口田中１丁目１５番８号,6610983
1140001109924,野山機工株式会社,兵庫県,尼崎市,食満３丁目８番１−７１０号,6610982
1140001110023,株式会社とよかわ,兵庫県,尼崎市,大庄西町２丁目２５番８号,6600077
1140001110064,株式会社セジオール,兵庫県,尼崎市,三反田町１丁目１４番７号,6610024
1140001110080,株式会社さくら,兵庫県,尼崎市,昭和通３丁目９５番地アマックスビルＢ１Ｆ,6600881
1140001110122,株式会社Ｖｏｒ−ｔｅｃｈ,兵庫県,尼崎市,南武庫之荘４丁目１２番１１号,6610033
1140001110163,株式会社Ｂａｒｎｏｎｏ,兵庫県,尼崎市,塚口町１丁目１番地の３,6610002
1140001110436,株式会社太平洋運送,兵庫県,尼崎市,久々知西町１丁目１０番２５号,6610978
1140001110758,株式会社シンテンス,兵庫県,尼崎市,南武庫之荘１１丁目２番１号,6610033
1140001110816,株式会社ワイティエフ,兵庫県,尼崎市,西向島町１１１番地,6600857
1140001110865,株式会社藤原工業,兵庫県,尼崎市,大西町３丁目１番１４号,6610023
1140001111129,株式会社ひなたの風,兵庫県,尼崎市,富松町３丁目２番１６号,6610003
1140001111153,株式会社ＡＲＴ,兵庫県,尼崎市,大西町１丁目７番１３号,6610023
1140001111343,興隆建設株式会社,兵庫県,尼崎市,南武庫之荘１丁目２３番１３号,6610033
1140001111401,ＨＡＳＥＧＡＷＡ株式会社,兵庫県,尼崎市,潮江１丁目４番２−２０５号,6610976
1140001111500,株式会社トゥルーリ,兵庫県,尼崎市,東難波町５丁目５番２号,6600892
1140001111558,Ｗｅｓｔ　Ｖｉｌｌａｇｅ　ＪＡＰＡＮ株式会社,兵庫県,尼崎市,塚口本町７丁目２０番１３号,6610001
1140001111814,株式会社Ｊ＆Ｋ,兵庫県,尼崎市,神崎町２２番２７号,6610964
1140001112250,鋼製技建株式会社,兵庫県,尼崎市,小中島１丁目１７番２２号,6610972
1140001112358,株式会社佑誠防水,兵庫県,尼崎市,杭瀬本町３丁目３−４０,6600814
1140001112498,株式会社ＦＡＲＯ,兵庫県,尼崎市,瓦宮２丁目１２番４１号カーサ・グランデ１０４,6610971
1140001112721,株式会社ＴａｂｅＴａｂｉ,兵庫県,尼崎市,東園田町６丁目４６番地の１−２−５０２,6610953
1140001112770,室蘭ｒｅｓｏｒｔ株式会社,兵庫県,尼崎市,御園町５番地,6600861
1140001113174,株式会社神坂,兵庫県,尼崎市,尾浜町１丁目３１番２１号,6610022
1140001113265,株式会社ｍｏｕｔｏｎ,兵庫県,尼崎市,次屋３丁目２番３号シャルム五反田１０２,6610965
1140001113496,アオ管財株式会社,兵庫県,尼崎市,田能３丁目１７番２０号,6610951
1140001113521,大阪住建株式会社,兵庫県,尼崎市,久々知１丁目５番７号,6610977
1140001113604,株式会社蝉丸,兵庫県,尼崎市,西本町６丁目３７番地ハイツフォーティセブン１Ｆ,6600874
1140001113661,株式会社Ｒ８８,兵庫県,尼崎市,御園１丁目４番５−３０５号,6610984
1140001113686,株式会社ライズサービス,兵庫県,尼崎市,西昆陽１丁目１５番１号,6610047
1140001113769,株式会社葵不動産,兵庫県,尼崎市,神田北通６丁目１８４−８,6600883
1140001113819,株式会社向江興業,兵庫県,尼崎市,浜田町５丁目３６番地の３,6600062
1140001113827,株式会社セレストポイント,兵庫県,尼崎市,東難波町４丁目１０番２２号,6600892
1140001113918,株式会社ＡＫ,兵庫県,尼崎市,名神町１丁目１４番２４号ＡｃｈｔＨＩＫ名神町ウエストｗ−０４号室,6610021
1140001113950,株式会社ｂｌｕｅ　ｐｉｎｅ．,兵庫県,尼崎市,猪名寺２丁目１０番４１号,6610981
1140001114016,株式会社ＸＩＡＯＮ,兵庫県,尼崎市,潮江４丁目２番５２号,6610976
1140001114222,株式会社三原設備,兵庫県,尼崎市,東園田町２丁目１０番地の１,6610953
1140001114494,株式会社桑原工業,兵庫県,尼崎市,戸ノ内町６丁目８−５,6610961
1140001114585,株式会社ａｍａｃｒａｆｔ,兵庫県,尼崎市,大庄川田町７番地,6600072
1140001114643,株式会社昭成建設,兵庫県,尼崎市,水堂町４丁目１７−３０−Ｄ号,6610026
1140001114701,株式会社アスピレーション,兵庫県,尼崎市,尾浜町２丁目３６番６号イトウビル２０１号室,6610022
1140001114908,舞鶴ファーマシー株式会社,兵庫県,尼崎市,御園町２４番地尼崎第一ビル４０２号,6600861
1140001114965,株式会社栄商事,兵庫県,尼崎市,蓬川町３０２番地の１６−２１０号,6600081
1140001115055,株式会社平和塗装,兵庫県,尼崎市,戸ノ内町３丁目３１番９号,6610961
1140001115071,Ｌａ−ｇｏｍ株式会社,兵庫県,尼崎市,竹谷町２丁目１８３番地リベル２２２号,6600876
1140001115096,株式会社石原設備,兵庫県,尼崎市,食満７丁目１９番２８号,6610982
1140001115336,ライフ・サポーターズ株式会社,兵庫県,尼崎市,稲葉荘２丁目２番２０号,6600064
1140001115567,株式会社ＳＵＮコーポレーション,兵庫県,尼崎市,潮江２丁目２６番９−２号,6610976
1140001115682,株式会社ＧＬ−ＷＥＳＴ,兵庫県,尼崎市,南清水３９−１−２０１,6610985
1140001115864,日南工業株式会社,兵庫県,尼崎市,西難波町１丁目３番２０号,6600893
1140001115906,ワールド工業株式会社,兵庫県,尼崎市,丸島町１０番地の３,6600086
1140001115939,株式会社三恵工作所,兵庫県,尼崎市,南武庫之荘９丁目１８番３１号,6610033
1140001115955,株式会社タイヨー,兵庫県,尼崎市,水堂町３丁目１５番１９号,6610026
1140001116177,フジコウサン株式会社,兵庫県,尼崎市,瓦宮１丁目４番７号,6610971
1140001116318,カプセラ製薬株式会社,兵庫県,尼崎市,金楽寺町１丁目５番１号９０４号室,6600806
1140001116425,ヨロシックス株式会社,兵庫県,尼崎市,戸ノ内町５丁目７番１３号,6610961
1140001116631,株式会社コウシュウ,兵庫県,尼崎市,潮江３丁目１６番２０号,6610976
1140001116788,株式会社西川空設,兵庫県,尼崎市,名神町２丁目１９番３４号,6610021
1140001116912,三栄商事株式会社,兵庫県,尼崎市,立花町２丁目２２番１６号,6610025
1140001117027,株式会社ラボスタ,兵庫県,尼崎市,次屋３丁目１６番１号,6610965
1140001117035,株式会社有村工建,兵庫県,尼崎市,田能１丁目６番１２号,6610951
1140001117118,Ｎａｔｕｒａｌ　Ｇｒａｃｅ　Ｊａｐａｎ株式会社,兵庫県,尼崎市,神崎町３０番１２号,6610964
1140001117381,株式会社辻本鈑金工業,兵庫県,尼崎市,戸ノ内町２丁目３番３４号,6610961
1140001117506,株式会社フェニックス,兵庫県,尼崎市,常松２丁目７番１３号,6610046
1140001117571,株式会社ファーマシーセンター,兵庫県,尼崎市,御園町２４番地尼崎第一ビル４０２号,6600861
1140001117761,株式会社ファーマシーヒルズ,兵庫県,尼崎市,御園町２４番地尼崎第一ビル４０２号,6600861
1140001117786,液化硝子産業株式会社,兵庫県,尼崎市,潮江１丁目１６番１号,6610976
1140001117893,株式会社ウエスト総業,兵庫県,尼崎市,稲葉荘２丁目１１番１０号,6600064
1140001118132,株式会社ＴＳ工業,兵庫県,尼崎市,丸島町５番地,6600086
1140001118181,信陽建装株式会社,兵庫県,尼崎市,高田町２番１０号,6610963
1140001118306,株式会社エデン,兵庫県,尼崎市,東園田町５丁目１１９番地宮本ビル,6610953
1140001118371,中武商事株式会社,兵庫県,尼崎市,富松町２丁目１３番２６号,6610003
1140001118495,株式会社ホールネス,兵庫県,尼崎市,立花町２丁目１１番９号,6610025
1140001118834,マメゾンタナカ株式会社,兵庫県,尼崎市,金楽寺町２丁目２３番４号,6600806
1140001119196,アルテマウェポン株式会社,兵庫県,尼崎市,大島２丁目２番１０号,6600076
1140001119295,ａｃｒｏ株式会社,兵庫県,尼崎市,蓬川町１６番地,6600081
1140001119436,ファーマシーインベストメント株式会社,兵庫県,尼崎市,御園町２４番地尼崎第一ビル４０２号,6600861
1140001119543,株式会社中野商事,兵庫県,尼崎市,潮江５丁目２番１５−１４０８号,6610976
1140001120105,ＥＭＰトレード株式会社,兵庫県,尼崎市,西大物町１０番７号,6600827
1140001120138,株式会社アクロアシスト,兵庫県,尼崎市,西難波町３丁目２０番１２−１号,6600893
1140001120229,株式会社星遊,兵庫県,尼崎市,建家町８５番地,6600871
1140001120393,株式会社ＬＩＦＥ　ＳＨＩＦＴ,兵庫県,尼崎市,南塚口町２丁目２６番３号,6610012
1140001120559,株式会社ＦｒｅｅＴ,兵庫県,尼崎市,武庫之荘１丁目２番１５号ハイステージ武庫之荘３０７号,6610035
1140001120567,株式会社松上,兵庫県,尼崎市,東園田町５丁目５９−１ハイム高木１３１−５１６号室,6610953
1140001120625,株式会社Ｔ−ＷＩＳＥ,兵庫県,尼崎市,西本町４丁目１６番地,6600874
1140001121061,輝電機株式会社,兵庫県,尼崎市,塚口町６丁目４１番地の１２,6610002
1140001121334,ひかり雄盛株式会社,兵庫県,尼崎市,昭和南通７丁目１７７番地の９,6600882
1140001121433,隈部株式会社,兵庫県,尼崎市,御園１丁目８番２５−３０１号,6610984
1140001121524,株式会社ＴＮＴ,兵庫県,尼崎市,塚口本町６丁目４番１４号オプス塚口１０３,6610001
1140001121854,Ｍ’ｓ　ｅａｒｘ株式会社,兵庫県,尼崎市,北城内５９番地２,6600826
1140001121862,株式会社ＫＡＭＩＫＩ,兵庫県,尼崎市,三反田町１丁目２番２７号,6610024
1140001121895,コアファーマシー株式会社,兵庫県,尼崎市,御園町２４番地尼崎第一ビル４０２号,6600861
1140001121945,株式会社ＫＡＭＯＳＩＫＡ,兵庫県,尼崎市,名神町２丁目１３番１８号,6610021
1140001121986,株式会社クレセール,兵庫県,尼崎市,長洲本通１丁目６番１７−８０１号,6600803
1140001122019,株式会社ＴＯＧＬ,兵庫県,尼崎市,武庫元町１丁目２７−５,6610043
1140001122035,株式会社阪神建物サービス,兵庫県,尼崎市,水堂町２丁目８番９−３号,6610026
1140001122175,株式会社益田設備,兵庫県,尼崎市,杭瀬北新町３丁目２０−６７,6600815
1140001122332,株式会社大和興業,兵庫県,尼崎市,中在家町３丁目４５５番,6600851
1140001122431,株式会社良和,兵庫県,尼崎市,上ノ島町１丁目２９番２号,6610014
1140001122448,株式会社セワーズ,兵庫県,尼崎市,西難波町２丁目２６番２８号,6600893
1140001122506,株式会社キクチ設備,兵庫県,尼崎市,尾浜町３丁目３１番３−４号,6610022
1140001122530,株式会社ケアエンリッチメント,兵庫県,尼崎市,武庫之荘西２丁目４８番６号,6610034
1140001122704,ＩＦＡオフィスＴＲＵＳＴ株式会社,兵庫県,尼崎市,西難波町６丁目１０番２６号Ｂ,6600893
1140001122720,ＨＩＢＡＮＡＳ株式会社,兵庫県,尼崎市,次屋３丁目１８番１２号,6610965
1140001122737,ＥＹＨ株式会社,兵庫県,尼崎市,南塚口町２丁目１６番１号,6610012
1140001122786,株式会社ｉｎｔｈｅｔａｉｌ,兵庫県,尼崎市,大西町１丁目１２番８号,6610023
1140001122860,株式会社真島組,兵庫県,尼崎市,椎堂１丁目２４番２０−２号,6610952
1140001122893,株式会社カイト,兵庫県,尼崎市,栗山町２丁目１５番３２号,6610013
1140001122968,株式会社ＬＥＯＴＥＣ,兵庫県,尼崎市,蓬川町３０２番地の１６ザ・ガーデネスクシティアクア館７０５,6600081
1140001123231,株式会社Ｌ−Ｉｓｔ,兵庫県,尼崎市,富松町２丁目１８番２−２号,6610003
1140001123272,株式会社ＳＯ建技功,兵庫県,尼崎市,田能４丁目１４番２３号,6610951
1140001123487,株式会社ヤマテック,兵庫県,尼崎市,南塚口町１丁目２６番２８号南塚口ビル本館４０１,6610012
1140001123520,ビジョンプランニング株式会社,兵庫県,尼崎市,塚口本町１丁目３２番１８号,6610001
1140001123693,松岡運送株式会社,兵庫県,尼崎市,昭和通７丁目２３６番３号弘末ビル３階,6600881
1140001123727,株式会社リケイズ,兵庫県,尼崎市,塚口町４丁目５０番地の１,6610002
1140001123909,株式会社アルクリモデル,兵庫県,尼崎市,武庫之荘１丁目２番１５号,6610035
1140001124064,株式会社Ｉｒｉｓ,兵庫県,尼崎市,杭瀬北新町３丁目１番１４号,6600815
1140001124304,株式会社Ｌｉｂｅｒｔｙ,兵庫県,尼崎市,田能５丁目３番４−９号,6610951
1140001124312,株式会社タケテック,兵庫県,尼崎市,玄番南之町５番地,6600873
1140001124485,株式会社ＯＣ,兵庫県,尼崎市,道意町５丁目３６番地,6600083
1140001124683,株式会社リンクス,兵庫県,尼崎市,戸ノ内町３丁目６−３６ＡＺＴＯ戸ノ内町Ｅ棟２号,6610961
1140001124824,株式会社ＭＥＤ,兵庫県,尼崎市,立花町４丁目２番１８−２０３,6610025
1140001124907,株式会社トレンド,兵庫県,尼崎市,口田中１丁目１１番１３−１０２号,6610983
1140001125442,株式会社華和利Ｍｏｎｏ,兵庫県,尼崎市,杭瀬本町１丁目２７番３号,6600814
1140001125525,株式会社エルトラスト,兵庫県,尼崎市,塚口本町３丁目３番２号,6610001
1140001125649,株式会社ミライ・グローバル,兵庫県,尼崎市,名神町１丁目１８番２５号,6610021
1140001126003,ＯＮＥ　ＢＲＩＧＨＴ　ＪＡＰＡＮ株式会社,兵庫県,尼崎市,東難波町４丁目１７番２１号,6600892
1140001126309,株式会社キックオフ,兵庫県,尼崎市,開明町２丁目１１番地神鋼建設ビル３階３０１号,6600862
1140001126597,株式会社７４,兵庫県,尼崎市,南武庫之荘３丁目２２番２号,6610033
1140001126787,株式会社前田工業,兵庫県,尼崎市,長洲中通２丁目１６番４号,6600802
1140001126804,株式会社ＭＩＬＡＩＱＳ,兵庫県,尼崎市,南塚口町１丁目３０−１１Ｍ＆Ｐビルディング１０１,6610012
1140001126812,株式会社レージョン,兵庫県,尼崎市,武庫元町３丁目５番５−７０６号,6610043
1140001126911,株式会社西舟,兵庫県,尼崎市,東難波町３丁目５−１−３０１,6600892
1140001127018,ＭＯＳＴ株式会社,兵庫県,尼崎市,御園町３５マルト尼崎ビル６Ｂ,6600861
1140001127075,株式会社ＳＥＬＦ　ＤＥＳＩＧＮ,兵庫県,尼崎市,水堂町３丁目１番２１号,6610026
1140001127249,株式会社Ａｐｒｉｃｕｓ,兵庫県,尼崎市,東園田町５丁目５９番地の１,6610953
1140001127653,株式会社ニューバード,兵庫県,尼崎市,道意町６丁目２８番地７,6600083
1140001127802,株式会社ＣＵサービス,兵庫県,尼崎市,栗山町２丁目３番６号,6610013
1140001127884,株式会社Ｓｕｎｎｙ　Ｓｐａｃｅ,兵庫県,尼崎市,潮江１丁目５番１−１４０７号,6610976
1140001127934,株式会社山根内装,兵庫県,尼崎市,大庄西町１丁目６番８号,6600077
1140001127975,株式会社クラシスマイ,兵庫県,尼崎市,次屋３丁目１５番地の２０,6610965
1140001128016,株式会社Ｈ．Ｓ,兵庫県,尼崎市,開明町１丁目６４番地の９,6600862
1140001128049,株式会社イチオシ,兵庫県,尼崎市,若王子一丁目１２番３号,6600000
1140001128065,株式会社サカエ,兵庫県,尼崎市,若王寺２丁目２５番５号,6610974
1140001128379,株式会社ＳＫネット,兵庫県,尼崎市,杭瀬南新町２丁目５番１−１０３号,6600822
1140001128395,株式会社ＵＵＵＲＡ工務店,兵庫県,尼崎市,御園町３５番地４階,6600861
1140001128585,セイオウビルメンテナンス株式会社,兵庫県,尼崎市,神田南通３丁目６３番地１−Ｂ,6600885
1140001128833,株式会社心美,兵庫県,尼崎市,東難波町３丁目１６−５（２Ｆ）,6600892
1140001128858,株式会社後藤建設,兵庫県,尼崎市,大庄西町２丁目３４−３５,6600077
1140001128998,株式会社一華美術,兵庫県,尼崎市,名神町１丁目１１番１号アビロード名神１１０号室,6610021
1140001129071,朝来商事株式会社,兵庫県,尼崎市,金楽寺町１丁目４番３０−１０５,6600806
1140001129105,株式会社ｓｅｅｄ,兵庫県,尼崎市,長洲本通２丁目９番６０号,6600803
1140001129113,創生テック株式会社,兵庫県,尼崎市,潮江１丁目１１番１−１３０６号,6610976
1140001129170,株式会社松尾モータープール,兵庫県,尼崎市,瓦宮２丁目３４番５号,6610971
1140001129575,ＯＦＹＣアドバンス株式会社,兵庫県,尼崎市,大西町１丁目６番３号,6610023
1140001129682,株式会社ＧＬＯＲＩＡ,兵庫県,尼崎市,西立花町２丁目１２番１６−２０１号,6600054
1140001129699,株式会社テラス井上,兵庫県,尼崎市,長洲中通２丁目１３番１７号,6600802
1140001129996,株式会社かぁちゃん弁当,兵庫県,尼崎市,大西町１丁目２番２０号大塚マンション１−３,6610023
1140001130186,株式会社ＴＡＹ　ＮＧＵＹＥＮ,兵庫県,尼崎市,武庫町３丁目１１番２４号２０３号室,6610044
1140001130203,フジタ技建株式会社,兵庫県,尼崎市,小中島３丁目１−３,6610972
1140001130293,株式会社ａｉｌｅ,兵庫県,尼崎市,南七松町２丁目８番４号,6600053
1140001130302,株式会社ＥＭＩ不動産,兵庫県,尼崎市,立花町２丁目６番２３号Ｋハイツ立花北１Ｆ,6610025
1140001130376,金川経営コンサルティング株式会社,兵庫県,尼崎市,東園田町９丁目２５番地の５−２０５号,6610953
1140001130418,株式会社ＲＯＸ,兵庫県,尼崎市,食満３丁目１４番８号,6610982
1140001130450,株式会社平右衛門,兵庫県,尼崎市,瓦宮１丁目８番３１号,6610971
1140001130681,株式会社カガ,兵庫県,尼崎市,御園町２４番地尼崎第一ビル４０２号,6600861
1140001130855,株式会社ＩＤＥＡＬ,兵庫県,尼崎市,小中島２丁目１０番１０−６０２号,6610972
1140001131011,原建装株式会社,兵庫県,尼崎市,食満３丁目１８番１１−１０２号,6610982
1140001131044,ＩＳＡＭＩ株式会社,兵庫県,尼崎市,西難波五丁目２番３１号ＴＳ西難波３Ｆ,6600000
1140001131127,ハウスドクター株式会社,兵庫県,尼崎市,額田町１２番２２号,6610962
1140001131770,株式会社阪神住設,兵庫県,尼崎市,武庫之荘本町２丁目２１番１−１０３号,6610031
1140001131853,株式会社ブランドビオ,兵庫県,尼崎市,七松町３丁目１５番７号,6600052
1140001131894,株式会社Ａｎｉｍｏ,兵庫県,尼崎市,大庄北２丁目１９番１号,6600063
1140001132018,株式会社ＴＡＴＳＵＳＡＫＩ,兵庫県,尼崎市,崇徳院２丁目１４４番地の２,6600071
1140001132100,アイランド株式会社,兵庫県,尼崎市,御園町２４番地尼崎第一ビル４０２号,6600861
1140001132166,ベスト企画株式会社,兵庫県,尼崎市,東大物町２丁目６番２０号ＡＲＫ２２−１０１号室,6600828
1140001132265,ＫＴＣ株式会社,兵庫県,尼崎市,昭和通４丁目１１８番地ダイアパレス北側２Ｆ２０７,6600881
1140001132281,株式会社ヒロエンタープライズ,兵庫県,尼崎市,上ノ島町１丁目２１番６号Ｃ号,6610014
1140001132447,株式会社ウェストヒルズグローバル,兵庫県,尼崎市,塚口町１丁目１８番２０号,6610002
1140001132587,株式会社キミノウタ,兵庫県,尼崎市,七松町２丁目６番１４号,6600052
1140001132760,株式会社東幹,兵庫県,尼崎市,西難波町１丁目５番７号川島マンション１Ｄ号,6600893
1140001132959,株式会社治誠,兵庫県,尼崎市,南塚口町３丁目２７番４−７０４号,6610012
1140001133057,株式会社ＣＡＲＲＹ．Ｊ,兵庫県,尼崎市,東園田町６丁目３３番地の１３,6610953
1140001133156,株式会社グロツー,兵庫県,尼崎市,長洲西通１丁目３番１４−６０３号,6600807
1140001133271,平田重量株式会社,兵庫県,尼崎市,西難波町２丁目２９番１３号,6600893
1140001133478,株式会社的場工務店,兵庫県,尼崎市,口田中２丁目１番１−２号,6610983
1140001133635,尼崎ハイトラスト株式会社,兵庫県,尼崎市,金楽寺町２丁目２番３３号,6600806
1140001133726,株式会社ＣＲＯＳＳ,兵庫県,尼崎市,食満５丁目２７番１６号,6610982
1140001134014,株式会社カラク,兵庫県,尼崎市,東園田町６丁目５２番地の１,6610953
1140001134121,クイーントラスト株式会社,兵庫県,尼崎市,杭瀬南新町２丁目６番４３号,6600822
1140001134146,株式会社アテナスタイル,兵庫県,尼崎市,南武庫之荘３丁目２４番２０号,6610033
1140001134336,株式会社ケーユー,兵庫県,尼崎市,立花町１丁目２０番１８号３階,6610025
1140001134377,友起建設株式会社,兵庫県,尼崎市,金楽寺町２丁目２８番１２号,6600806
1140001134385,株式会社ＵＮＩＯＮ,兵庫県,尼崎市,上坂部２丁目２０番２４号,6610979
1140001134591,エーピーパートナーズ株式会社,兵庫県,尼崎市,塚口町３丁目３８番地の７,6610002
1140001134633,株式会社松本工業,兵庫県,尼崎市,上ノ島町２丁目１−２４,6610014
1140001134682,株式会社歩防災,兵庫県,尼崎市,武庫町４丁目１０番４−２号,6610044
1140001134798,株式会社アルツリスト,兵庫県,尼崎市,南武庫之荘１丁目１６番６号,6610033
1140001134807,阪神Ｃｌｅａｒ　Ｔｅ’Ｋ株式会社,兵庫県,尼崎市,道意町２丁目１８−１リュミエール道意３０４号室,6600083
1140001134880,株式会社伊原解業,兵庫県,尼崎市,道意町６丁目９番地の１０,6600083
1140001135210,株式会社竹真総合,兵庫県,尼崎市,西本町３丁目１０１番地,6600874
1140001135268,株式会社エヌカルテット,兵庫県,尼崎市,水明町２番４号,6600082
1140001135334,株式会社Ｙｏｕ　ｔｗｏ,兵庫県,尼崎市,南武庫之荘１丁目２８番３１号,6610033
1140001135391,株式会社ＧＹＯＰＬＡＮ,兵庫県,尼崎市,塚口町１丁目２７番地の５,6610002
1140001135838,株式会社尼崎コンサルティング,兵庫県,尼崎市,塚口町６丁目３４番地の２９,6610002
1140001135887,株式会社ブルーバック,兵庫県,尼崎市,南塚口町２丁目１番３−６０９号,6610012
1140001135937,株式会社Ｒａｃｔｏｒｙ　ＡｄＷｏｒｋｓ,兵庫県,尼崎市,上ノ島町３丁目１５−３,6610014
1140001136118,株式会社みつばハウス,兵庫県,尼崎市,昭和通４丁目１１７,6600881
1140001136142,株式会社一つ一つ,兵庫県,尼崎市,武庫之荘６丁目１４番２１号,6610035
1140001136209,株式会社ＹＯＲＯＫＯＢＩ,兵庫県,尼崎市,立花町１丁目５−１３,6610025
1140001136241,ＩＴ企画株式会社,兵庫県,尼崎市,七松町３丁目２番１４号,6600052
1140001136290,ＷＢＰ商事株式会社,兵庫県,尼崎市,東難波町５丁目３０−１７アスパイア七番館８Ｆ,6600892
1140001136489,Ｆｉｏｕｒｉｓｈ株式会社,兵庫県,尼崎市,西難波町４丁目６番２６号,6600893
1140001136514,株式会社Ｐｉｔｔｏ,兵庫県,尼崎市,東園田町４丁目１６２−１８,6610953
1140001136654,株式会社からあげ,兵庫県,尼崎市,塚口本町１丁目３１番３号,6610001
1140001136662,株式会社エースフロンティア,兵庫県,尼崎市,塚口町１丁目２８番地の６,6610002
1140001136737,株式会社ロク,兵庫県,尼崎市,若王寺１丁目１２番３号,6610974
1140001136811,株式会社ＣｏｃｏＫｕｒａ　Ｗｏｒｋｓ,兵庫県,尼崎市,南武庫之荘１丁目２２番２４号,6610033
1140001136992,ＫＴＫ　Ｇｌｏｂａｌ株式会社,兵庫県,尼崎市,神田南通３丁目７５番地,6600885
1140001137280,株式会社せいのお,兵庫県,尼崎市,南武庫之荘１丁目５番３号,6610033
1140001137545,ラズライト不動産株式会社,兵庫県,尼崎市,椎堂１丁目１０番１号,6610952
1140001137628,株式会社エルジェイ,兵庫県,尼崎市,神田中通３丁目５９,6600884
1140001137669,秀工業株式会社,兵庫県,尼崎市,金楽寺町２丁目１１番１４号,6600806
1140001137677,株式会社松村設備工業,兵庫県,尼崎市,武庫之荘西２丁目４９番８−３１０号,6610034
1140001137966,株式会社Ｆｌｏｕ,兵庫県,尼崎市,下坂部２丁目１６番１３号,6610975
1140001137999,株式会社双樹苑,兵庫県,尼崎市,南武庫之荘１０丁目５−１Ｃ号室,6610033
1140001138097,株式会社ｃｏｐａｉｎ,兵庫県,尼崎市,西難波町４丁目６−２６−５１０号,6600893
1140001138295,株式会社ＯＲＯＲＡ,兵庫県,尼崎市,東塚口町１丁目１５番１,6610011
1140001138378,株式会社シオンコーポレーション,兵庫県,尼崎市,富松町３丁目２０番３４号,6610003
1140001138650,ＡＶＯＬ　Ｊａｐａｎ株式会社,兵庫県,尼崎市,塚口町１丁目２２番地の９,6610002
1140001138700,株式会社Ｌａ　ｖｉｅ,兵庫県,尼崎市,上坂部３丁目７番１０号アミューズ日進３０１,6610979
1140001138766,株式会社ＣＯＣＯ,兵庫県,尼崎市,大庄中通３丁目８番地の１１,6600075
1140001138808,ＹＭＲオート株式会社,兵庫県,尼崎市,築地２丁目１０番７号,6600858
1140001138857,ピュアドリーム電設株式会社,兵庫県,尼崎市,若王寺２丁目２番１２号,6610974
1140001138865,株式会社Ｒ．Ｋ．Ｓ,兵庫県,尼崎市,水堂町１丁目２２番２−２号,6610026
1140001139129,株式会社ハイクリエイト,兵庫県,尼崎市,神田中通２丁目２７−４８隆商ビル２−２０１,6600884
1140001139178,株式会社Ｒｅｎｅｓｔｉａ,兵庫県,尼崎市,西立花町１丁目１−９−２０１,6600054
1140001139260,株式会社メゾン,兵庫県,尼崎市,西難波町１丁目９番１５号,6600893
1140001139302,株式会社Ｎａｇａｔａ,兵庫県,尼崎市,下坂部４丁目７番４号,6610975
1140001139459,株式会社プレザントパス,兵庫県,尼崎市,水堂町２丁目３５番１２号,6610026
1140001139599,株式会社本多商店,兵庫県,尼崎市,琴浦町１１１番地,6600074
1140001139806,トラストリング株式会社,兵庫県,尼崎市,西向島町１１１番地４,6600857
1140001139888,ベルバリューホールディングス株式会社,兵庫県,尼崎市,七松町１丁目２番１号フェスタ立花北館４０１Ｂ,6600052
1140001139913,株式会社ＴＣＯサポート,兵庫県,尼崎市,東園田町５丁目５９番４号２Ａ号室,6610953
1140001140012,株式会社Ｎｙｘ,兵庫県,尼崎市,次屋１丁目１２番１号,6610965
1140001140029,株式会社Ｌａｎｋａ　Ｌａｎｄｙ　Ｊａｐａｎ,兵庫県,尼崎市,富松町３丁目７番１７号,6610003
1140001140086,株式会社ＲＵＵＢＯ,兵庫県,尼崎市,久々知１丁目１２番１２レジデンス塚口１０７,6610977
1140001140301,株式会社Ｍ’ｓ　ｍａｓｔｅｒ．ｐ,兵庫県,尼崎市,若王寺２丁目８番５−４０３号,6610974
1140001140458,株式会社スパークルムーン,兵庫県,尼崎市,上坂部３丁目３４番１４−２号レジエス塚口南Ｉ３０２号,6610979
1140001140466,ＮｅｗｓＮｙｘ株式会社,兵庫県,尼崎市,西向島町１１１番地の４,6600857
1140001140615,株式会社ＧｏｏｄＣｌａｓｓ,兵庫県,尼崎市,南塚口町７丁目１５−４ラフマート南塚口（Ｂ）,6610012
1140001140631,株式会社くまホーム,兵庫県,尼崎市,西難波町４丁目７番１７−７１２号,6600893
1140001140656,戸田工業株式会社,兵庫県,尼崎市,東浜町６番地８,6600844
1140001140672,株式会社Ｆｅｎｉｍｏ,兵庫県,尼崎市,大庄中通２丁目６１番地８,6600075
1140001140805,株式会社Ａ‐ＭＯ＆リタ,兵庫県,尼崎市,上坂部１丁目８番２−１５０９号,6610979
1140001140929,Ｋａｆｕｕ　Ｖｉｓｉｏｎ株式会社,兵庫県,尼崎市,長洲本通１丁目１４番５４号,6600803
1140001141183,株式会社ＯＬＧＡＴＩＯ,兵庫県,尼崎市,口田中１丁目５番３号,6610983
1140001141266,モアネクスト株式会社,兵庫県,尼崎市,塚口町１丁目３番地の５,6610002
1140001141282,株式会社ホーク,兵庫県,尼崎市,南塚口町１丁目３０番１１号,6610012
1140001141381,エフプラス株式会社,兵庫県,尼崎市,築地４丁目２番１８号,6600858
1140001141415,株式会社エスゴル,兵庫県,尼崎市,昭和通１丁目８番１号山口マンション１Ｆ,6600881
1140001141464,ｕｐ　Ｂｅａｔ株式会社,兵庫県,尼崎市,上ノ島町１丁目２８番５−２号,6610014
1140001141729,日本橋東Ａ株式会社,兵庫県,尼崎市,東園田町９丁目１５番地の２,6610953
1140001141794,ＢＯＯＴ‐ＢＢ株式会社,兵庫県,尼崎市,武庫之荘６丁目１番７号,6610035
1140001141811,株式会社リライブホールディングス,兵庫県,尼崎市,東難波町５丁目８リアライズ尼崎２Ａ,6600892
1140001141992,株式会社ＥＹＡＮ,兵庫県,尼崎市,西難波町５丁目５番２０−２０６号,6600893
1140001142025,Ｓｅｐｔｅｍ１０株式会社,兵庫県,尼崎市,神田南通１丁目８番２号,6600885
1140001142058,株式会社ダイコウ,兵庫県,尼崎市,久々知西町２丁目７番２５号,6610978
1140001142173,ＧＥＮＳＥＫＩ　ｌａｂ．株式会社,兵庫県,尼崎市,大庄北４丁目２番１２−４１１号,6600063
1140001142215,ＧＳＰ　ＬＡＢ株式会社,兵庫県,尼崎市,若王寺３丁目１９番１号,6610974
1140001142264,株式会社ＳＵＮ　ＦＩＲＳＴ,兵庫県,尼崎市,瓦宮１丁目６−１８ドミールたかはし１０３,6610971
1140001142355,株式会社ＮＥＯＥ,兵庫県,尼崎市,杭瀬北新町４丁目１０−６−２０３,6600815
1140001142363,株式会社Ｌｉｎｏ　Ｗｏｒｋｓ,兵庫県,尼崎市,杭瀬本町１丁目６番１７号グリーンハイツ３０２,6600814
1140001142479,株式会社ＤＲＥＡＭ,兵庫県,尼崎市,琴浦町１４番地の２,6600074
1140001142561,株式会社ミライズ,兵庫県,尼崎市,東難波町５丁目１７番２３号第一住建尼崎ビル４０３,6600892
1140002027134,株式会社ハウジング建設,兵庫県,尼崎市,猪名寺１丁目１５−１−Ａ,6610981
1140002039856,株式会社アルステット建材,兵庫県,尼崎市,水堂町３丁目１番２１号−４Ｆ,6610026
1140002040236,株式会社オーエム商事,兵庫県,尼崎市,西難波町２丁目１２番１８号,6600893
1140002040657,株式会社ＫＵＴＡＮ,兵庫県,尼崎市,下坂部２丁目４番１６号,6610975
1140002041201,株式会社ＮＥＸＴ　ＬＥＶＥＬ,兵庫県,尼崎市,東難波町４丁目１２番１０号,6600892
1140002042257,株式会社ビスタ,兵庫県,尼崎市,下坂部２丁目１２番２０号,6610975
1140002042471,トラストワン瀬藤不動産株式会社,兵庫県,尼崎市,南武庫之荘１丁目２０番３号ラフィーネ武庫之荘５階,6610033
1140002042901,株式会社盛鉄工所,兵庫県,尼崎市,額田町１番１８号,6610962
1140002043387,株式会社ミナモト,兵庫県,尼崎市,武庫之荘東２丁目３３番１７号サンセリテ１源１０１号,6610032
1140002043536,株式会社シガタニ,兵庫県,尼崎市,下坂部４丁目１０番１号,6610975
1140002044179,株式会社ナルト工業,兵庫県,尼崎市,大庄西町１丁目２８番１２号,6600077
1140002044476,株式会社スマート,兵庫県,尼崎市,大庄西町２丁目２２番３０−２０５号,6600077
1140002044765,株式会社ヤスカワ,兵庫県,尼崎市,西長洲町２丁目３番５号,6600805
1140002045623,株式会社エルマート,兵庫県,尼崎市,武庫元町１丁目２９番３号,6610043
1140002045706,株式会社宝殿,兵庫県,尼崎市,元浜町２丁目５４番地,6600085
1140003009024,株式会社Ｋ．Ｉ．Ｍ,兵庫県,尼崎市,西御園町１１９番地の３第一寺町ビル５０２号,6600868
1140003012184,株式会社リガーレ,兵庫県,尼崎市,南武庫之荘９丁目１８番２１号,6610033
1140003015419,１ＢＲＡＮＤ株式会社,兵庫県,尼崎市,稲葉元町１丁目３番５号メビウスガーデン３号棟,6600055
1150001016970,ホクリード株式会社,兵庫県,尼崎市,神田北通６丁目１５９番地の６−７０３号,6600883
1150001019692,株式会社サンコービルド,兵庫県,尼崎市,西難波町１丁目５番７号,6600893
1180001131726,株式会社Ｔ‐ＳＴＹＬＥ,兵庫県,尼崎市,杭瀬本町３丁目２番３６−８０１号,6600814
1180301016197,日新製鋼ステンレス鋼管株式会社,兵庫県,尼崎市,鶴町１番地,6600092
1200001036666,株式会社ユニバーサル重建,兵庫県,尼崎市,三反田町３丁目６番３０号,6610024
1360001018434,株式会社東方健康美,兵庫県,尼崎市,塚口町１丁目２２番地の９,6610002
1370001002627,インプレッション株式会社,兵庫県,尼崎市,長洲西通１丁目３番２６号尼崎ステーションビル２０２号,6600807
2010401110428,株式会社アイ’ズ・クリエイチャー,兵庫県,尼崎市,潮江１丁目３番１２−１４１３号,6610976
2010403023173,カシオペイアコンサルティング株式会社,兵庫県,尼崎市,下坂部４丁目１０番３号,6610975
2020001154551,Ｂｌｕｅ　Ｈｅｒｔｓ株式会社,兵庫県,尼崎市,西長洲町３丁目７番４６号,6600805
2020001157505,株式会社ウィーズ,兵庫県,尼崎市,御園町２４番５０２,6600861
2030001131517,株式会社早坂外装,兵庫県,尼崎市,額田町１０−２８−１０３号,6610962
2120001027516,三興食品工業株式会社,兵庫県,尼崎市,名神町２丁目１５番５号,6610021
2120001043397,近藤不動産株式会社,兵庫県,尼崎市,南塚口町１丁目８番１５号,6610012
2120001047043,富士温調株式会社,兵庫県,尼崎市,潮江４丁目２番２号,6610976
2120001057042,株式会社近畿グローバ,兵庫県,尼崎市,昭和通４丁目１２５番地の１−６０２号,6600881
2120001082148,鈴木産業株式会社,兵庫県,尼崎市,杭瀬北新町４丁目１０番１０号,6600815
2120001083294,大栄ゴム株式会社,兵庫県,尼崎市,元浜町１丁目４５番地,6600085
2120001086561,ニッシンコーポレーション株式会社,兵庫県,尼崎市,潮江５丁目８番３０号,6610976
2120001108860,株式会社キィ・ファースト,兵庫県,尼崎市,稲葉荘１丁目２４−２３,6600064
2120001122597,株式会社明紀エンジニアリング,兵庫県,尼崎市,尾浜町２丁目２１番２５号,6610022
2120001123117,株式会社エムズ建装,兵庫県,尼崎市,南塚口町５丁目１５−２７,6610012
2120001126251,株式会社プラスクロス,兵庫県,尼崎市,西難波町３丁目２４番１０号,6600893
2120001130427,株式会社ラスティ,兵庫県,尼崎市,杭瀬南新町４丁目４番８−８０６号,6600822
2120001133157,株式会社ルフトヴァッサーグローバル,兵庫県,尼崎市,杭瀬南新町４丁目６番２−７０３号,6600822
2120001135211,株式会社ＤＯＬＬ　ＯＳＡＫＡ,兵庫県,尼崎市,神田中通３丁目３１番地,6600884
2120001135830,株式会社ウレシン,兵庫県,尼崎市,大庄川田町３２番地,6600072
2120001136696,株式会社グロースカンパニー,兵庫県,尼崎市,南塚口町８丁目３番３９号,6610012
2120001154541,株式会社緑香,兵庫県,尼崎市,上ノ島町１丁目２１番１５号,6610014
2120001162684,株式会社Ｋｓｐｅｃ,兵庫県,尼崎市,西大物町１２番５５−２７１０号,6600827
2120001166636,株式会社Ｆ．Ｓ　Ｃｏｍｐａｎｙ,兵庫県,尼崎市,上ノ島町２丁目１番２４号,6610014
2120001167849,株式会社アクトリゾート,兵庫県,尼崎市,御園町５番地,6600861
2120001168145,スリーポイント株式会社,兵庫県,尼崎市,中在家町４丁目５０４番地,6600851
2120001171966,株式会社メビウス,兵庫県,尼崎市,杭瀬本町２丁目２３−２３−３Ｆ,6600814
2120001173467,株式会社ＤＯＬＰＨＩＮ　ＳＵＰＰＯＲＴ,兵庫県,尼崎市,戸ノ内町５丁目４番７−３１０号,6610961
2120001178169,株式会社ミクロブ,兵庫県,尼崎市,道意町７丁目１番３尼崎リサーチ・インキュベーションセンター,6600083
2120001184019,株式会社関西クリーンサービス,兵庫県,尼崎市,長洲中通１丁目１番７号,6600802
2120001187863,株式会社フリーダム,兵庫県,尼崎市,杭瀬本町１丁目８番１号,6600814
2120001190207,株式会社ラポート,兵庫県,尼崎市,杭瀬北新町１丁目１番１２号,6600815
2120001191667,近畿新電力株式会社,兵庫県,尼崎市,大西町３丁目２番２９号,6610023
2120001202226,株式会社亀虎サービス,兵庫県,尼崎市,神崎町４０番１−１０６号,6610964
2120001204750,シオノギキャリア開発センター株式会社,兵庫県,尼崎市,戸ノ内８２９番地の１,6600000
2120001205030,株式会社ＣＲＯＧＯ,兵庫県,尼崎市,杭瀬本町１丁目１８番１２号,6600814
2120001205716,ジェイアイテック株式会社,兵庫県,尼崎市,西昆陽２丁目２２番１号ソレイユ武庫川３０１号,6610047
2120001207381,クラウン不動産管理株式会社,兵庫県,尼崎市,立花町４丁目４番１６号,6610025
2120001212480,株式会社ＷｉＬＬｉＸ,兵庫県,尼崎市,杭瀬南新町２丁目５−１−３０２号,6600822
2120001218783,株式会社イクシム,兵庫県,尼崎市,神崎町２５番８号,6610964
2120001220376,株式会社フィルユニオンジャパン,兵庫県,尼崎市,食満７丁目２７番４号２階,6610982
2120001226745,株式会社Ｌａｐｏｃｈｅ,兵庫県,尼崎市,浜２丁目１番１号,6610967
2120001230433,株式会社ＡＺ,兵庫県,尼崎市,七松町１丁目１０番１４号,6600052
2120001234252,スターランニング株式会社,兵庫県,尼崎市,武庫之荘２丁目２４番６−１号,6610035
2120001239152,株式会社だいなん,兵庫県,尼崎市,長洲中通２丁目３−１４,6600802
2120001273498,アトリエ薬局株式会社,兵庫県,尼崎市,立花町１丁目１３番１０号,6610025
2120101021047,株式会社ビザージュ,兵庫県,尼崎市,大西町３丁目１７番２４号,6610023
2120101050104,株式会社ヤマショク,兵庫県,尼崎市,西昆陽３丁目４０番１号,6610047
2120101050319,株式会社エヌアールエスサービス,兵庫県,尼崎市,杭瀬南新町２丁目７番１８号松本マンションＩＩＩ１階１０１,6600822
2120101068245,株式会社Ｇｅｎｕｉｎｅ,兵庫県,尼崎市,尾浜町３丁目３１番１３号,6610022
2120901015149,株式会社三起,兵庫県,尼崎市,大庄川田町５３番地の６,6600072
2120901024298,株式会社セーフクリーンサービス,兵庫県,尼崎市,東園田町２丁目５７シュヴァリエ園田４０５号,6610953
2120901028324,株式会社サンユー,兵庫県,尼崎市,道意町６丁目３５番地,6600083
2120901028737,株式会社シーアンドイー,兵庫県,尼崎市,食満５丁目２０番１−６０８号,6610982
2120901031534,株式会社トータルプラン,兵庫県,尼崎市,東園田町５丁目１０９番１０号,6610953
2120901032359,トラストオイル株式会社,兵庫県,尼崎市,西本町１丁目４４番,6600874
2120901036921,株式会社ＳＡＮＹＵ,兵庫県,尼崎市,西難波町２丁目１０番２０号,6600893
2120901039073,株式会社Ｊ−ＮＥＸＴ,兵庫県,尼崎市,七松町２丁目８番１１号,6600052
2120901041351,株式会社エヌ・ケー,兵庫県,尼崎市,西難波町１丁目１６番１２号,6600893
2122002012133,株式会社アクティブソリューションズ,兵庫県,尼崎市,潮江５丁目２番１−２０１７号,6610976
2130001043371,株式会社グリーンアース,兵庫県,尼崎市,猪名寺１丁目１５番５号,6610981
2130001049286,Ｇｒａｉｎｇｅｒ　Ａｓｉａ　Ｐａｃｉｆｉｃ株式会社,兵庫県,尼崎市,竹谷町２丁目１８３番地リベル３Ｆ,6600876
2140001023133,株式会社神戸コミュニティ・エクスチェンジ,兵庫県,尼崎市,大西町１丁目１４番５０号,6610023
2140001025781,Ｒ　Ｍｅｎｔｅｃｈ株式会社,兵庫県,尼崎市,東浜町６−８,6600844
2140001031887,株式会社三笑堂,兵庫県,尼崎市,東七松町１丁目４番９号,6600051
2140001032241,株式会社コムワールド,兵庫県,尼崎市,武庫豊町３丁目４番１−３１０号,6610045
2140001037430,樂膳株式会社,兵庫県,尼崎市,下坂部２丁目２３番２号,6610975
2140001040979,開田建設株式会社,兵庫県,尼崎市,昭和南通５丁目６９番１号アミックビル３階,6600882
2140001047297,尼崎貨物運送株式会社,兵庫県,尼崎市,久々知１丁目５番１５号,6610977
2140001047306,尼崎産業株式会社,兵庫県,尼崎市,東桜木町９４番地,6600864
2140001047314,株式会社ダイエイ水産,兵庫県,尼崎市,潮江４丁目４番１号,6610976
2140001047322,株式会社Ａｍａｄｅｎ,兵庫県,尼崎市,平左衛門町１８番地の２６,6600087
2140001047330,尼崎城内土地株式会社,兵庫県,尼崎市,武庫元町１丁目３０番１６号,6610043
2140001047339,株式会社尼崎とり政,兵庫県,尼崎市,潮江４丁目４番１号,6610976
2140001047347,尼崎埠頭株式会社,兵庫県,尼崎市,鶴町５番地,6600092
2140001047355,尼崎ミナト電機株式会社,兵庫県,尼崎市,昭和通８丁目２７４番地,6600881
2140001047363,尼崎陸海運輸株式会社,兵庫県,尼崎市,東海岸町地先,6600843
2140001047371,アイエスプラン株式会社,兵庫県,尼崎市,水堂町３丁目１６番９号,6610026
2140001047405,株式会社柴田商会,兵庫県,尼崎市,西難波町３丁目２５番２３号,6600893
2140001047413,旭建設株式会社,兵庫県,尼崎市,西桜木町１４番地,6600865
2140001047421,株式会社朝日塗料店,兵庫県,尼崎市,久々知西町１丁目６番１号,6610978
2140001047438,安藤金網株式会社,兵庫県,尼崎市,尾浜町３丁目１８番８号,6610022
2140001047454,株式会社アキツ,兵庫県,尼崎市,塚口町１丁目１１番地の３,6610002
2140001047462,秋田テープ工業株式会社,兵庫県,尼崎市,潮江２丁目４番１２号,6610976
2140001047470,株式会社アクロスコーポレイション,兵庫県,尼崎市,武庫之荘２丁目３番１号,6610035
2140001047487,安全タクシー株式会社,兵庫県,尼崎市,名神町２丁目１９番３５号,6610021
2140001047495,株式会社アドビック,兵庫県,尼崎市,戸ノ内町３丁目２９番３号,6610961
2140001047504,株式会社アトリエリップスティック,兵庫県,尼崎市,大物町１丁目１４番１４号,6600823
2140001047512,株式会社アンビル,兵庫県,尼崎市,東園田町３丁目４７番地の５,6610953
2140001047520,株式会社天城建材センター,兵庫県,尼崎市,西高洲町１６番地の２２,6600845
2140001047529,中部運輸倉庫株式会社,兵庫県,尼崎市,西向島町９３番４,6600857
2140001047545,尼信ビル株式会社,兵庫県,尼崎市,西本町北通３丁目９３番地,6600863
2140001047561,株式会社アマノメカニックサービスセンター,兵庫県,尼崎市,久々知１丁目２７番１０号,6610977
2140001047578,株式会社安楽園本店,兵庫県,尼崎市,杭瀬本町１丁目１６番１号,6600814
2140001047586,株式会社あらしよ,兵庫県,尼崎市,次屋１丁目１６番２１号,6610965
2140001047611,株式会社イイダ,兵庫県,尼崎市,杭瀬南新町１丁目９番３号,6600822
2140001047652,磯田鉄工株式会社,兵庫県,尼崎市,西高洲町２６番地の４,6600845
2140001047660,泉興業株式会社,兵庫県,尼崎市,東七松町１丁目１５番２０号,6600051
2140001047685,井筒建設株式会社,兵庫県,尼崎市,立花町３丁目４番１７号,6610025
2140001047693,株式会社伊丹鍍金工業所,兵庫県,尼崎市,猪名寺１丁目９番２０号,6610981
2140001047710,株式会社井上建設,兵庫県,尼崎市,神田中通８丁目２８０番地,6600884
2140001047719,猪名寺重機工業株式会社,兵庫県,尼崎市,猪名寺１丁目１番１３号,6610981
2140001047751,株式会社岩田商店,兵庫県,尼崎市,潮江４丁目４番１号,6610976
2140001047768,ウエザーベン株式会社,兵庫県,尼崎市,武庫町１丁目３５番地１８号,6610044
2140001047776,株式会社ウエダ,兵庫県,尼崎市,高田町１６番１号,6610963
2140001047826,ウラベ電気工業株式会社,兵庫県,尼崎市,竹谷町２丁目８４番地,6600876
2140001047842,栄新産業株式会社,兵庫県,尼崎市,長洲西通１丁目３番２６号,6600807
2140001047850,株式会社エイチビーハウジング,兵庫県,尼崎市,三反田町３丁目１２番１３号,6610024
2140001047859,株式会社栄和総合,兵庫県,尼崎市,武庫町１丁目１５番９号,6610044
2140001047891,株式会社エステート塚口,兵庫県,尼崎市,上ノ島町１丁目１番１０号,6610014
2140001047900,株式会社エティックテクノ,兵庫県,尼崎市,大浜町２丁目６１番地,6600095
2140001047909,ニシコン株式会社,兵庫県,尼崎市,元浜町１丁目７４番地,6600085
2140001047925,エフティ工業株式会社,兵庫県,尼崎市,食満２丁目１９番１６号,6610982
2140001047933,株式会社エミール,兵庫県,尼崎市,上ノ島町１丁目１５番１号,6610014
2140001047941,株式会社エリート,兵庫県,尼崎市,武庫豊町３丁目１２番３号,6610045
2140001047958,大岸建設株式会社,兵庫県,尼崎市,久々知西町２丁目２番６号,6610978
2140001047966,オオカワ装飾株式会社,兵庫県,尼崎市,立花町２丁目１７番２２号,6610025
2140001047974,大阪織物株式会社,兵庫県,尼崎市,南塚口町１丁目６番９号,6610012
2140001047990,株式会社宏和不動産,兵庫県,尼崎市,浜２丁目１０番１０号,6610967
2140001047999,大阪熱管理工業株式会社,兵庫県,尼崎市,潮江１丁目２０番１号アミング潮江２０−１号棟４０１西Ｃ１,6610976
2140001048007,大坂屋物産株式会社,兵庫県,尼崎市,南七松町１丁目３番７号,6600053
2140001048015,大島商事株式会社,兵庫県,尼崎市,道意町５丁目７番地,6600083
2140001048031,大谷住建株式会社,兵庫県,尼崎市,南武庫之荘１丁目２５番１４号,6610033
2140001048048,大野伝導機工株式会社,兵庫県,尼崎市,南武庫之荘２丁目２４番２７号,6610033
2140001048064,大村テント株式会社,兵庫県,尼崎市,浜田町５丁目５３番地,6600062
2140001048080,岡崎開発株式会社,兵庫県,尼崎市,金楽寺町２丁目１８番１３号,6600806
2140001048089,岡田開発株式会社,兵庫県,尼崎市,水明町３３番地,6600082
2140001048097,株式会社奥田薬品,兵庫県,尼崎市,道意町６丁目３６番地の２,6600083
2140001048106,株式会社岡本工務店,兵庫県,尼崎市,東七松町１丁目１番８号,6600051
2140001048114,株式会社岡本電気工事,兵庫県,尼崎市,上坂部３丁目２８番３号,6610979
2140001048122,奥村金属工業株式会社,兵庫県,尼崎市,久々知１丁目８番１４号,6610977
2140001048130,オド金属株式会社,兵庫県,尼崎市,道意町４丁目３９番地,6600083
2140001048139,株式会社オフィス村尾,兵庫県,尼崎市,富松町１丁目２６番３３パレ武庫之荘富松の杜２０８号,6610003
2140001048147,尾浜プレス株式会社,兵庫県,尼崎市,尾浜町１丁目１４番２３号,6610022
2140001048155,折野電設株式会社,兵庫県,尼崎市,大庄西町２丁目２２番３０−３０５号,6600077
2140001048163,株式会社甲斐製作所,兵庫県,尼崎市,三反田町３丁目４番３１号,6610024
2140001048171,株式会社カーリバー,兵庫県,尼崎市,大庄西町４丁目２５番４号,6600077
2140001048213,関西化工機株式会社,兵庫県,尼崎市,下坂部２丁目５番２５号,6610975
2140001048221,株式会社関西スギヤマ,兵庫県,尼崎市,下坂部４丁目４番２８号,6610975
2140001048254,関西銘板株式会社,兵庫県,尼崎市,次屋３丁目６番２４号,6610965
2140001048287,加藤工機株式会社,兵庫県,尼崎市,南清水３８番１０号,6610985
2140001048320,カネムラ刺繍株式会社,兵庫県,尼崎市,今福１丁目１番３０−３０１号,6600812
2140001048329,株式会社カムイ環境,兵庫県,尼崎市,武庫之荘東２丁目２８番１９号,6610032
2140001048337,株式会社亀田洋服店,兵庫県,尼崎市,御園町３９番地,6600861
2140001048353,カワシン株式会社,兵庫県,尼崎市,東園田町３丁目５７番地の９,6610953
2140001048386,株式会社キンキ・エーエルシー工業,兵庫県,尼崎市,尾浜町１丁目８番２号,6610022
2140001048394,近畿興産株式会社,兵庫県,尼崎市,西立花町２丁目２７番１号,6600054
2140001048403,株式会社菊池工務店,兵庫県,尼崎市,武庫之荘４丁目１３番１１号,6610035
2140001048411,菊村建設株式会社,兵庫県,尼崎市,七松町３丁目１５番３号,6600052
2140001048428,株式会社北村水道建設,兵庫県,尼崎市,潮江１丁目２１番１号,6610976
2140001048436,株式会社木戸コンピユーター会計事務所,兵庫県,尼崎市,武庫元町１丁目２７番１８号,6610043
2140001048444,株式会社木下組開發工業,兵庫県,尼崎市,稲葉元町３丁目２番６号,6600055
2140001048452,株式会社木村商店,兵庫県,尼崎市,三反田町３丁目５番２９号,6610024
2140001048460,株式会社共栄設備,兵庫県,尼崎市,戸ノ内町２丁目１２番６号,6610961
2140001048469,共栄電器工業株式会社,兵庫県,尼崎市,杭瀬北新町１丁目１６番１号,6600815
2140001048477,株式会社キョーエキ工業,兵庫県,尼崎市,潮江２丁目１番５４号,6610976
2140001048485,共進電機工業株式会社,兵庫県,尼崎市,金楽寺町２丁目１１番１０号,6600806
2140001048493,郷土警備保障株式会社,兵庫県,尼崎市,建家町１０８番地,6600871
2140001048502,株式会社キョーワエンタープライズ,兵庫県,尼崎市,東園田町９丁目１７番地の１８,6610953
2140001048510,協和築炉工業株式会社,兵庫県,尼崎市,北初島町１６番７号,6600834
2140001048519,株式会社魚幸水産,兵庫県,尼崎市,立花町１丁目１６番１１号,6610025
2140001048551,グンゼグリーン株式会社,兵庫県,尼崎市,若王寺１丁目２５番１９号,6610974
2140001048568,クボニ運送株式会社,兵庫県,尼崎市,昭和通２丁目９番１１−５０６号,6600881
2140001048584,クローバーパッケージ株式会社,兵庫県,尼崎市,次屋３丁目５番１３号,6610965
2140001048592,株式会社グレテック,兵庫県,尼崎市,長洲東通２丁目１１番３０号,6600801
2140001048601,株式会社グランママ兵庫,兵庫県,尼崎市,武庫の里１丁目１６番８−１０１号,6610041
2140001048618,株式会社国際情報アカデミー,兵庫県,尼崎市,久々知２丁目６番７号,6610977
2140001048634,株式会社健綜合研究所,兵庫県,尼崎市,若王寺２丁目３７番２号,6610974
2140001048642,宏栄興産株式会社,兵庫県,尼崎市,杭瀬本町２丁目１３番１４号矢冨ビル３階,6600814
2140001048667,コーケンテック株式会社,兵庫県,尼崎市,元浜町１丁目４４番地３,6600085
2140001048700,小出紙業株式会社,兵庫県,尼崎市,稲葉荘４丁目２１番１２号,6600064
2140001048717,交洋モールド株式会社,兵庫県,尼崎市,築地２丁目１２番１８号,6600858
2140001048725,株式会社甲陽センター,兵庫県,尼崎市,武庫豊町３丁目９番１１号,6610045
2140001048774,寿冷蔵株式会社,兵庫県,尼崎市,東難波町１丁目５番２９号,6600892
2140001048782,小寺住宅株式会社,兵庫県,尼崎市,常光寺１丁目２９番２０号,6600811
2140001048790,株式会社小西電気,兵庫県,尼崎市,猪名寺１丁目１８番１７号,6610981
2140001048799,西日本コベルコ建機株式会社,兵庫県,尼崎市,丸島町４６番地の１,6600086
2140001048808,山映工業株式会社,兵庫県,尼崎市,西川２丁目８番１号,6610966
2140001048816,三栄石油株式会社,兵庫県,尼崎市,下坂部４丁目１１番１号,6610975
2140001048824,株式会社三栄ライフ,兵庫県,尼崎市,武庫元町１丁目２２番１４号,6610043
2140001048849,サカエ建総工業株式会社,兵庫県,尼崎市,大西町２丁目２番２６号,6610023
2140001048857,三興自動車整備株式会社,兵庫県,尼崎市,西立花町２丁目１８番２１号,6600054
2140001048865,三興殖産株式会社,兵庫県,尼崎市,神田北通６丁目１６９番地,6600883
2140001048873,三幸土地建物株式会社,兵庫県,尼崎市,栗山町１丁目１８番１号,6610013
2140001048881,嵯峨興産株式会社,兵庫県,尼崎市,武庫之荘５丁目３６番３８号,6610035
2140001048898,サカモト建設株式会社,兵庫県,尼崎市,東園田町５丁目２１番地の１９,6610953
2140001048907,三協工業株式会社,兵庫県,尼崎市,東本町４丁目６２番地の１,6600824
2140001048923,株式会社サンクロード,兵庫県,尼崎市,武庫元町１丁目２２番１６号,6610043
2140001048948,三山産業株式会社,兵庫県,尼崎市,開明町２丁目４７番地の５,6600862
2140001048956,株式会社さんしやいん,兵庫県,尼崎市,南塚口町２丁目１番３−６１２号,6610012
2140001048980,株式会社さつまオートセンター,兵庫県,尼崎市,西難波町３丁目２５番１８号,6600893
2140001048989,株式会社佐野建築設計事務所,兵庫県,尼崎市,杭瀬南新町４丁目７番２３号,6600822
2140001048997,三豊興産株式会社,兵庫県,尼崎市,南塚口町８丁目１４番１１号,6610012
2140001049013,三洋工業株式会社,兵庫県,尼崎市,尾浜町２丁目２７番１号,6610022
2140001049038,サンワ基礎工業株式会社,兵庫県,尼崎市,武庫元町２丁目４番１０号,6610043
2140001049046,三和食品株式会社,兵庫県,尼崎市,玄番北之町２６番地の１尼崎アーバンコンフォート７１１号,6600872
2140001049054,三和電器株式会社,兵庫県,尼崎市,建家町８３番地,6600871
2140001049062,株式会社サルパ・ジヤパン,兵庫県,尼崎市,三反田町３丁目１２番９号,6610024
2140001049087,新栄土木株式会社,兵庫県,尼崎市,丸島町２０番地,6600086
2140001049112,神鋼鋼線工業株式会社,兵庫県,尼崎市,中浜町１０番地１,6600091
2140001049120,シンクエンジニアリング株式会社,兵庫県,尼崎市,東難波町３丁目２７番１０号,6600892
2140001049129,株式会社新興熔販社,兵庫県,尼崎市,南武庫之荘７丁目２０番２４号,6610033
2140001049137,新関西菱光株式会社,兵庫県,尼崎市,大高洲町５番地,6600842
2140001049145,株式会社信貴土木,兵庫県,尼崎市,東園田町４丁目１４６番地の６,6610953
2140001049153,新響株式会社,兵庫県,尼崎市,神田中通４丁目１１９番地,6600884
2140001049161,伸正産業株式会社,兵庫県,尼崎市,武庫之荘２丁目１８番３号,6610035
2140001049178,株式会社新住宅,兵庫県,尼崎市,塚口町５丁目２１番地の２,6610002
2140001049186,株式会社実践ヨガチヤレンヂライフ,兵庫県,尼崎市,南塚口町２丁目３５番１７号,6610012
2140001049194,新日本産業株式会社,兵庫県,尼崎市,西難波町６丁目７番２６号,6600893
2140001049211,株式会社シンパシィ・ユニオン,兵庫県,尼崎市,南武庫之荘１丁目１７番２６号エクセレント武庫之荘４０１,6610033
2140001049236,株式会社清水石材,兵庫県,尼崎市,武庫町１丁目３５番１７号,6610044
2140001049252,株式会社昇栄工作所,兵庫県,尼崎市,潮江５丁目７番１６号,6610976
2140001049269,庄司鉄工株式会社,兵庫県,尼崎市,大浜町２丁目１９番地,6600095
2140001049285,株式会社常備,兵庫県,尼崎市,杭瀬南新町１丁目７番２１号,6600822
2140001049293,株式会社ジョイフル・ジャパン,兵庫県,尼崎市,塚口町１丁目２５番地の７,6610002
2140001049302,昌和興業株式会社,兵庫県,尼崎市,東園田町５丁目１２４番地の６,6610953
2140001049310,株式会社昭和設備,兵庫県,尼崎市,昭和通９丁目３３０番地の４,6600881
2140001049327,株式会社春風堂書店,兵庫県,尼崎市,西難波町６丁目１３番１３号,6600893
2140001049343,株式会社城江商店,兵庫県,尼崎市,小中島２丁目１１番１６号,6610972
2140001049351,株式会社信和工業所,兵庫県,尼崎市,戸ノ内町５丁目３番１４号,6610961
2140001049368,株式会社オーク商事,兵庫県,尼崎市,大庄北２丁目４番１１号,6600063
2140001049376,笹原電機株式会社,兵庫県,尼崎市,西川１丁目９番４号,6610966
2140001049384,株式会社杉建興業,兵庫県,尼崎市,東園田町８丁目８６番地の１２,6610953
2140001049401,スタンダードオートサービス株式会社,兵庫県,尼崎市,杭瀬北新町４丁目４番２１号,6600815
2140001049434,株式会社青雲舎,兵庫県,尼崎市,東難波町４丁目２１番３５−２０７号,6600892
2140001049442,盛晃販売株式会社,兵庫県,尼崎市,東園田町４丁目２６番地の９−２０５号,6610953
2140001049459,株式会社成和,兵庫県,尼崎市,南塚口町７丁目２０番１７号,6610012
2140001049467,静和住宅株式会社,兵庫県,尼崎市,塚口町６丁目２４番地の４,6610002
2140001049475,株式会社関本組,兵庫県,尼崎市,長洲本通２丁目９番２７号,6600803
2140001049483,セト工業株式会社,兵庫県,尼崎市,食満３丁目１番１６号,6610982
2140001049491,株式会社摂津清運,兵庫県,尼崎市,東塚口町２丁目４番２７号,6610011
2140001049509,株式会社全阪神観光交通社,兵庫県,尼崎市,潮江１丁目２８番１１号,6610976
2140001049517,相栄産業株式会社,兵庫県,尼崎市,常光寺３丁目８番２号,6600811
2140001049525,株式会社総合防水,兵庫県,尼崎市,戸ノ内町２丁目１番１９号,6610961
2140001049533,株式会社総武,兵庫県,尼崎市,南塚口町７丁目２４番１号ティーグル２４南塚口２Ｆ,6610012
2140001049566,株式会社大永商会,兵庫県,尼崎市,久々知西町２丁目２番４号,6610978
2140001049582,第一不動産株式会社,兵庫県,尼崎市,七松町３丁目１７番２０号,6600052
2140001049590,株式会社大晃製作所,兵庫県,尼崎市,西川２丁目３６番１号,6610966
2140001049599,株式会社大興保険事務所,兵庫県,尼崎市,富松町４丁目３３番２号,6610003
2140001049616,株式会社大喜商会,兵庫県,尼崎市,食満１丁目８番８号,6610982
2140001049624,株式会社大進,兵庫県,尼崎市,武庫之荘４丁目１１番１２号,6610035
2140001049632,株式会社大三温泉,兵庫県,尼崎市,建家町９７番地,6600871
2140001049649,株式会社大産建設,兵庫県,尼崎市,東難波町５丁目１７番２３号,6600892
2140001049657,大進住宅株式会社,兵庫県,尼崎市,南塚口町３丁目１２番１７号,6610012
2140001049673,大昭工業株式会社,兵庫県,尼崎市,潮江５丁目９番１９号,6610976
2140001049681,大東精機株式会社,兵庫県,尼崎市,東初島町２番地２６,6600832
2140001049715,大日精工株式会社,兵庫県,尼崎市,戸ノ内町５丁目１番１７号,6610961
2140001049723,大日電気工業株式会社,兵庫県,尼崎市,下坂部４丁目１番２８号,6610975
2140001049731,株式会社ダイフクエステート,兵庫県,尼崎市,南武庫之荘１丁目１８番１０号,6610033
2140001049748,株式会社大陽製作所,兵庫県,尼崎市,塚口本町５丁目２番３４号,6610001
2140001049764,ダイヤテック株式会社,兵庫県,尼崎市,東園田町２丁目８８番４号,6610953
2140001049772,大和軽合金株式会社,兵庫県,尼崎市,御園町２４尼崎第一ビル４０６号室,6600861
2140001049780,株式会社タケ,兵庫県,尼崎市,金楽寺町２丁目２番４７号,6600806
2140001049789,株式会社ダイレクト住販,兵庫県,尼崎市,南武庫之荘３丁目４番２４号,6610033
2140001049797,竹内電機株式会社,兵庫県,尼崎市,次屋３丁目１１番２３号,6610965
2140001049814,高瀬味噌販売株式会社,兵庫県,尼崎市,潮江４丁目４番１号,6610976
2140001049822,株式会社田口商事,兵庫県,尼崎市,田能５丁目１番３号,6610951
2140001049830,武富土地建設株式会社,兵庫県,尼崎市,武庫之荘１丁目５番１号,6610035
2140001049839,株式会社高橋商会,兵庫県,尼崎市,小中島３丁目１６番２１号,6610972
2140001049847,株式会社タクマ,兵庫県,尼崎市,武庫豊町２丁目４番４７−２０１号,6610045
2140001049863,株式会社崇快製作所,兵庫県,尼崎市,西昆陽３丁目１１番３号,6610047
2140001049871,株式会社宝工務店,兵庫県,尼崎市,戸ノ内町３丁目３２番２０号,6610961
2140001049896,株式会社ホンダカーズ尼崎,兵庫県,尼崎市,昭和通２丁目１３番１号,6600881
2140001049905,株式会社立花環境設備,兵庫県,尼崎市,南初島町８番地の１９１,6600833
2140001049913,株式会社立原商会,兵庫県,尼崎市,西本町３丁目１１６番地,6600874
2140001049921,株式会社田中,兵庫県,尼崎市,潮江４丁目４番１号,6610976
2140001049938,株式会社谷組,兵庫県,尼崎市,今福２丁目３番２８号,6600812
2140001049946,田辺産業株式会社,兵庫県,尼崎市,南武庫之荘２丁目２７番２６号,6610033
2140001049954,株式会社田渕建材店,兵庫県,尼崎市,大島２丁目５番１２号,6600076
2140001049970,樽岡石油株式会社,兵庫県,尼崎市,築地１丁目１番１７号,6600858
2140001049979,株式会社ＨＯＵＳＥ　ＮＥＴ,兵庫県,尼崎市,南塚口町１丁目１番１６号,6610012
2140001049995,株式会社中央自動車鈑金工業所,兵庫県,尼崎市,名神町３丁目１２番１３号,6610021
2140001050004,株式会社兆大美装社,兵庫県,尼崎市,西川２丁目４３番３号,6610966
2140001050029,株式会社塚口倉庫,兵庫県,尼崎市,次屋２丁目１７番２０号,6610965
2140001050045,株式会社辻喜家具店,兵庫県,尼崎市,神田中通３丁目３１番地,6600884
2140001050053,株式会社辻吉,兵庫県,尼崎市,潮江３丁目１番３号,6610976
2140001050061,株式会社常吉工業,兵庫県,尼崎市,常吉１丁目２０番３号,6610042
2140001050078,株式会社箕面止々呂美温泉,兵庫県,尼崎市,名神町３丁目３番１３号,6610021
2140001050103,テック・プランニング株式会社,兵庫県,尼崎市,西難波町５丁目４番２７号,6600893
2140001050111,株式会社テラコー,兵庫県,尼崎市,富松町４丁目２９番３号,6610003
2140001050128,スターコンピューターサービス株式会社,兵庫県,尼崎市,元浜町４丁目７８番地,6600085
2140001050152,株式会社東伸,兵庫県,尼崎市,御園３丁目２２番３号,6610984
2140001050177,東洋計器興業株式会社,兵庫県,尼崎市,尾浜町３丁目２７番６号,6610022
2140001050193,東洋精機株式会社,兵庫県,尼崎市,長洲本通１丁目１４番３７号,6600803
2140001050202,東洋ビニール工業株式会社,兵庫県,尼崎市,立花町１丁目１９番９号,6610025
2140001050227,株式会社独美,兵庫県,尼崎市,七松町１丁目３番１−２６０５号,6600052
2140001050235,塗装ワールド株式会社,兵庫県,尼崎市,上坂部３丁目１番７号,6610979
2140001050243,特許機器株式会社,兵庫県,尼崎市,南初島町１０番地１３３,6600833
2140001050251,株式会社大一皇漢堂,兵庫県,尼崎市,長洲本通２丁目８番２７号,6600803
2140001050268,トマト不動産株式会社,兵庫県,尼崎市,武庫之荘８丁目８番１０号,6610035
2140001050292,株式会社虎政,兵庫県,尼崎市,潮江４丁目４番１号,6610976
2140001050318,日本サーマルエンジニアリング株式会社,兵庫県,尼崎市,西高洲町１６番地４４,6600845
2140001050334,日本ダクトサービス株式会社,兵庫県,尼崎市,大庄北１丁目１３番７号,6600063
2140001050342,株式会社ＮＰＨ,兵庫県,尼崎市,武庫之荘４丁目１０番５号,6610035
2140001050350,ナイス株式会社,兵庫県,尼崎市,北大物町２０番１号,6600804
2140001050359,株式会社ナカオカ,兵庫県,尼崎市,久々知西町２丁目３番２３号,6610978
2140001050367,南海精機株式会社,兵庫県,尼崎市,次屋３丁目１７番２１号,6610965
2140001050383,中惣株式会社,兵庫県,尼崎市,常光寺４丁目１番２号,6600811
2140001050391,株式会社中島商店,兵庫県,尼崎市,潮江５丁目６番１０号,6610976
2140001050417,中西商事株式会社,兵庫県,尼崎市,杭瀬本町２丁目２３番１−１００号ハイツ中庄,6600814
2140001050425,株式会社長嶺商会,兵庫県,尼崎市,西川２丁目４４番１−７１４号,6610966
2140001050458,株式会社浪花壽司,兵庫県,尼崎市,神田中通３丁目３０番地,6600884
2140001050474,南陽興産株式会社,兵庫県,尼崎市,南塚口町８丁目４４番８号,6610012
2140001050482,株式会社西尾製作所,兵庫県,尼崎市,猪名寺３丁目３番２７号,6610981
2140001050490,西川金属工業株式会社,兵庫県,尼崎市,次屋３丁目１７番２２号,6610965
2140001050499,西根工業株式会社,兵庫県,尼崎市,富松町１丁目２２番４号,6610003
2140001050516,株式会社西村,兵庫県,尼崎市,汐町３番地,6600866
2140001050524,株式会社西山,兵庫県,尼崎市,潮江４丁目４番１号,6610976
2140001050532,日栄化工株式会社,兵庫県,尼崎市,武庫之荘本町３丁目１９番２２号,6610031
2140001050540,株式会社タカツ,兵庫県,尼崎市,西立花町３丁目６番７号,6600054
2140001050549,株式会社尼松米類酒販,兵庫県,尼崎市,今福２丁目５番１号,6600812
2140001050557,日光産業株式会社,兵庫県,尼崎市,水堂町３丁目１番１８号,6610026
2140001050565,日建スチール株式会社,兵庫県,尼崎市,潮江１丁目２番６号,6610976
2140001050581,株式会社日進電機工業所,兵庫県,尼崎市,浜３丁目２０番１４号,6610967
2140001050598,日電サービス株式会社,兵庫県,尼崎市,西立花町５丁目５番３号,6600054
2140001050607,株式会社ビー・ピー・アンド・ピー,兵庫県,尼崎市,立花町４丁目３番２３号,6610025
2140001050631,根津工業株式会社,兵庫県,尼崎市,金楽寺町２丁目１２番１５号,6600806
2140001050672,株式会社阪神機器,兵庫県,尼崎市,浜１丁目７番３０号,6610967
2140001050697,阪神商事株式会社,兵庫県,尼崎市,大庄北５丁目２番１号,6600063
2140001050706,阪神電機株式会社,兵庫県,尼崎市,西長洲町２丁目４番７号,6600805
2140001050714,阪神防疫株式会社,兵庫県,尼崎市,武庫之荘５丁目２５番１０号,6610035
2140001050747,株式会社ハートフィルム,兵庫県,尼崎市,神崎町１２番２８号,6610964
2140001050755,株式会社バアル企画,兵庫県,尼崎市,稲葉荘３丁目７番１号,6600064
2140001050788,板東設備工業株式会社,兵庫県,尼崎市,尾浜町２丁目２３−１１,6610022
2140001050796,株式会社畠山鉄筋工作所,兵庫県,尼崎市,三反田町２丁目１３番１１号,6610024
2140001050805,株式会社波多野,兵庫県,尼崎市,高田町７番１８号,6610963
2140001050813,株式会社はなせ,兵庫県,尼崎市,杭瀬本町１丁目８番１３号,6600814
2140001050821,浜田化学株式会社,兵庫県,尼崎市,東海岸町１番地の４,6600843
2140001050838,株式会社早水組,兵庫県,尼崎市,食満２丁目２４番１５号,6610982
2140001050846,原設備工業株式会社,兵庫県,尼崎市,三反田町１丁目１１番２１号,6610024
2140001050854,ハリマ食品株式会社,兵庫県,尼崎市,食満２丁目１２番１５号,6610982
2140001050862,株式会社ピアコーポレーション,兵庫県,尼崎市,武庫元町１丁目２９番４号,6610043
2140001050879,株式会社東出製作所,兵庫県,尼崎市,潮江３丁目８番８号,6610976
2140001050887,光住研株式会社,兵庫県,尼崎市,西立花町４丁目８番７号,6600054
2140001050912,日乃出商事株式会社,兵庫県,尼崎市,稲葉荘１丁目２６番１０号,6600064
2140001050920,株式会社日向製作所,兵庫県,尼崎市,潮江１丁目１１番１−１７０１号,6610976
2140001050929,株式会社ヒューマニューシステム,兵庫県,尼崎市,神田中通６丁目２２８番地,6600884
2140001050961,株式会社平目製作所,兵庫県,尼崎市,西長洲町２丁目３０番２０号,6600805
2140001050978,富士穀粉株式会社,兵庫県,尼崎市,西難波町２丁目１１番３７号,6600893
2140001051002,藤田工業株式会社,兵庫県,尼崎市,杭瀬南新町２丁目１１番１８号,6600822
2140001051010,富士放電工業株式会社,兵庫県,尼崎市,昭和通１丁目４番１６号,6600881
2140001051019,藤本工業株式会社,兵庫県,尼崎市,東初島町２番地の４６,6600832
2140001051035,フアイブ工業株式会社,兵庫県,尼崎市,東難波町４丁目６番２号,6600892
2140001051043,フアミリーランド株式会社,兵庫県,尼崎市,西桜木町１１番地,6600865
2140001051051,フコク機械工業株式会社,兵庫県,尼崎市,西長洲町１丁目３番４１号,6600805
2140001051068,福田土木工業株式会社,兵庫県,尼崎市,大浜町２丁目１１番地,6600095
2140001051076,株式会社福本建設,兵庫県,尼崎市,崇徳院２丁目１番地の２,6600071
2140001051084,扶桑興業株式会社,兵庫県,尼崎市,南塚口町２丁目１７番１−４１１号,6610012
2140001051092,冨士運輸株式会社,兵庫県,尼崎市,稲葉元町２丁目１８番２１号,6600055
2140001051101,株式会社ブレイズ,兵庫県,尼崎市,神崎町３０番２０号,6610964
2140001051126,プレチュア株式会社,兵庫県,尼崎市,塚口町１丁目１８番地の１７,6610002
2140001051142,別所電線株式会社,兵庫県,尼崎市,潮江２丁目１１番５号,6610976
2140001051167,株式会社防災サービス,兵庫県,尼崎市,三反田町３丁目４番３０号,6610024
2140001051200,株式会社ボンテン,兵庫県,尼崎市,南塚口町１丁目７番３号,6610012
2140001051209,株式会社宇野,兵庫県,尼崎市,南武庫之荘３丁目１５番２６号,6610033
2140001051225,堀本商事株式会社,兵庫県,尼崎市,浜田町２丁目１２６番地,6600062
2140001051241,株式会社ＹＭＥ関西,兵庫県,尼崎市,西本町１丁目６８番地の２,6600874
2140001051258,株式会社マクモプラン,兵庫県,尼崎市,南武庫之荘１丁目１９番２６号サークルＦビル６Ｆ,6610033
2140001051282,株式会社松岡建築設計事務所,兵庫県,尼崎市,塚口町３丁目２８番地の５,6610002
2140001051290,株式会社松浦電気商会,兵庫県,尼崎市,開明町１丁目５４番地,6600862
2140001051308,株式会社松崎製作所,兵庫県,尼崎市,上ノ島町２丁目２２番１１号,6610014
2140001051316,株式会社松永,兵庫県,尼崎市,大庄北３丁目３１番１３号,6600063
2140001051324,株式会社マトバ,兵庫県,尼崎市,今福１丁目１番２８−１０９号,6600812
2140001051340,松本酒類食品株式会社,兵庫県,尼崎市,南塚口町３丁目１９番２１号,6610012
2140001051357,株式会社マルエイ住宅,兵庫県,尼崎市,立花町２丁目２番２号,6610025
2140001051365,丸越商事株式会社,兵庫県,尼崎市,昭和通８丁目２７３番地の１,6600881
2140001051373,株式会社丸善,兵庫県,尼崎市,東園田町３丁目７７番地の７,6610953
2140001051381,株式会社丸善設計,兵庫県,尼崎市,東難波町１丁目３番１−２０６号,6600892
2140001051398,株式会社丸長木材商会,兵庫県,尼崎市,塚口町２丁目３７番地の９,6610002
2140001051407,マルタ食品株式会社,兵庫県,尼崎市,西難波町４丁目９番２１号,6600893
2140001051423,株式会社丸宮金属製作所,兵庫県,尼崎市,久々知西町２丁目７番３６号,6610978
2140001051464,みその食品株式会社,兵庫県,尼崎市,口田中１丁目２５番８号,6610983
2140001051472,満尾工業株式会社,兵庫県,尼崎市,上坂部２丁目１９番２号,6610979
2140001051480,株式会社みかた建築事務所,兵庫県,尼崎市,大西町３丁目１７番２０号,6610023
2140001051489,三菱電機マイコン機器ソフトウエア株式会社,兵庫県,尼崎市,猪名寺２丁目５番１号,6610981
2140001051522,宮城観光株式会社,兵庫県,尼崎市,富松町２丁目２８番１８号,6610003
2140001051530,株式会社ミヨシ商店,兵庫県,尼崎市,西難波町１丁目１０番３号,6600893
2140001051547,みらい設計株式会社,兵庫県,尼崎市,七松町３丁目３番１３号,6600052
2140001051571,株式会社武庫之荘グリーン,兵庫県,尼崎市,武庫之荘東１丁目８番２５号,6610032
2140001051588,株式会社ムラタ,兵庫県,尼崎市,次屋１丁目１９番７号,6610965
2140001051596,明生興産株式会社,兵庫県,尼崎市,猪名寺１丁目２１番４３−２０１号,6610981
2140001051605,株式会社名神自工,兵庫県,尼崎市,名神町２丁目１９番１号,6610021
2140001051613,株式会社明和,兵庫県,尼崎市,神田北通３丁目３６番地の２,6600883
2140001051621,目堅産業株式会社,兵庫県,尼崎市,浜２丁目５番２９号,6610967
2140001051638,株式会社元町住宅,兵庫県,尼崎市,武庫元町１丁目２２番２号,6610043
2140001051646,モリエフーズ株式会社,兵庫県,尼崎市,南武庫之荘３丁目２１番６号,6610033
2140001051654,モリ建設工業株式会社,兵庫県,尼崎市,上坂部２丁目２４番３３号,6610979
2140001051670,森田住宅株式会社,兵庫県,尼崎市,東園田町５丁目４１番地,6610953
2140001051679,森善珈琲株式会社,兵庫県,尼崎市,戸ノ内町３丁目２９番３号,6610961
2140001051687,八木建設工業株式会社,兵庫県,尼崎市,塚口本町１丁目３２番１号,6610001
2140001051695,安田金属株式会社,兵庫県,尼崎市,平左衛門町１８番地の４０,6600087
2140001051712,矢野電設工業株式会社,兵庫県,尼崎市,東本町１丁目４０番２号,6600824
2140001051720,山一商事株式会社,兵庫県,尼崎市,南竹谷町１丁目４４番地の５２,6600875
2140001051729,山口電気工事株式会社,兵庫県,尼崎市,東七松町２丁目２番１０号,6600051
2140001051737,山惣株式会社,兵庫県,尼崎市,常光寺４丁目１番２号,6600811
2140001051753,やまと海運株式会社,兵庫県,尼崎市,尾浜町２丁目３７番２５号,6610022
2140001051761,株式会社ヤマダ電機,兵庫県,尼崎市,若王寺３丁目４番１号,6610974
2140001051778,山本食品株式会社,兵庫県,尼崎市,猪名寺１丁目３２番２３号,6610981
2140001051811,株式会社ユニオン,兵庫県,尼崎市,立花町１丁目２３番２２号１０４,6610025
2140001051828,株式会社友紀,兵庫県,尼崎市,南塚口町１丁目１５番５号,6610012
2140001051836,吉井理研株式会社,兵庫県,尼崎市,戸ノ内町３丁目３１番１９号,6610961
2140001051844,吉川商事株式会社,兵庫県,尼崎市,西長洲町２丁目２番５３号,6600805
2140001051852,株式会社吉田善三郎商店,兵庫県,尼崎市,神田北通６丁目１７４番地,6600883
2140001051860,ワイズ株式会社,兵庫県,尼崎市,瓦宮２丁目１８番１８号,6610971
2140001051869,株式会社ライオン,兵庫県,尼崎市,神田中通３丁目６０番地,6600884
2140001051877,株式会社ワイ・ハウス,兵庫県,尼崎市,西長洲町２丁目２６番１２号,6600805
2140001051885,株式会社ラオム,兵庫県,尼崎市,南塚口町１丁目８番２０号,6610012
2140001051893,株式会社和氣,兵庫県,尼崎市,下坂部４丁目１１番５号,6610975
2140001051902,和光硝子工業株式会社,兵庫県,尼崎市,七松町３丁目２２番２３号,6600052
2140001051910,株式会社湧川鉄工所,兵庫県,尼崎市,戸ノ内町５丁目１番１０号,6610961
2140001051935,株式会社ラポート,兵庫県,尼崎市,大島２丁目３５番３８号,6600076
2140001051943,株式会社ラ・ルージュ,兵庫県,尼崎市,東本町４丁目４７番地,6600824
2140001051976,株式会社龍王製作所,兵庫県,尼崎市,南清水３７番９号,6610985
2140001051984,菱彩テクニカ株式会社,兵庫県,尼崎市,塚口本町８丁目１番１号,6610001
2140001052000,株式会社連都,兵庫県,尼崎市,東園田町５丁目１１９番地５,6610953
2140001052017,株式会社ロックビレッジオート,兵庫県,尼崎市,南塚口町７丁目３番１７号,6610012
2140001052033,株式会社エアロスペースナガノ,兵庫県,尼崎市,東難波町３丁目２２番２６号,6600892
2140001052058,株式会社総和建設,兵庫県,尼崎市,南武庫之荘４丁目１６番１０号福田ビル３階,6610033
2140001052074,株式会社ゴールデンプラン,兵庫県,尼崎市,東海岸町１３−２,6600843
2140001052082,ラップス株式会社,兵庫県,尼崎市,戸ノ内町３丁目２６番１３号,6610961
2140001052099,岸田精密工業株式会社,兵庫県,尼崎市,元浜町４丁目８５番地の１,6600085
2140001052116,株式会社飯尾,兵庫県,尼崎市,西川１丁目１番１８号,6610966
2140001052124,株式会社ア・パル,兵庫県,尼崎市,長洲本通２丁目１番１号フォーラムランジェ,6600803
2140001052149,竹本工業株式会社,兵庫県,尼崎市,武庫之荘本町３丁目８番１０号,6610031
2140001052157,精工タイムレコーダー株式会社,兵庫県,尼崎市,塚口町１丁目２番地の４昌平ビル,6610002
2140001052165,リハウス工業株式会社,兵庫県,尼崎市,昭和通２丁目３番７号,6600881
2140001052181,株式会社重井工業,兵庫県,尼崎市,稲葉荘２丁目２０番３号,6600064
2140001052198,松本塗工株式会社,兵庫県,尼崎市,南塚口町３丁目２９番３８号,6610012
2140001052207,株式会社ナジャ,兵庫県,尼崎市,南武庫之荘５丁目１０番７号,6610033
2140001052215,株式会社ぼんあに,兵庫県,尼崎市,立花町１丁目１６番９号,6610025
2140001052248,株式会社ダイケイ,兵庫県,尼崎市,北大物町５番６号,6600804
2140001052256,株式会社永和,兵庫県,尼崎市,東海岸町１番地の２６,6600843
2140001052272,株式会社シーエフエックス,兵庫県,尼崎市,椎堂１丁目１７番１０号,6610952
2140001052280,株式会社フジテクノサービス,兵庫県,尼崎市,昭和通２丁目７番１号ニューアルカイックビル６階,6600881
2140001052289,株式会社アスク・ジャパン,兵庫県,尼崎市,南武庫之荘１丁目１６番３号,6610033
2140001052297,株式会社清川ビルマネジメント,兵庫県,尼崎市,神田中通５丁目１８２番地,6600884
2140001052306,株式会社ニットー,兵庫県,尼崎市,塚口町１丁目１４番７号,6610002
2140001052314,祥和通商株式会社,兵庫県,尼崎市,南武庫之荘３丁目２２番２０号,6610033
2140001052322,株式会社エス・オー・プロモーション,兵庫県,尼崎市,神田南通４丁目１１３番地の３,6600885
2140001052339,株式会社アップルコーポレイション,兵庫県,尼崎市,七松町１丁目３番１−１４８号,6600052
2140001052355,アズミック株式会社,兵庫県,尼崎市,富松町１丁目１３番１８号,6610003
2140001052371,株式会社イケダ,兵庫県,尼崎市,大島３丁目２８番２１号,6600076
2140001052388,株式会社萬寿商店,兵庫県,尼崎市,潮江４丁目４番１号,6610976
2140001052413,アーバンクレスト株式会社,兵庫県,尼崎市,南塚口町８丁目１７番２号,6610012
2140001052421,株式会社エー・スタイルロジ,兵庫県,尼崎市,南塚口町８丁目４５番１０号,6610012
2140001052446,株式会社インベックス,兵庫県,尼崎市,栗山町２丁目１７番７号,6610013
2140001052826,株式会社エムズテクノロジー,兵庫県,尼崎市,南塚口町３丁目５番６−２０８号,6610012
2140001052859,株式会社日本環境資源開発,兵庫県,尼崎市,道意町７丁目１番地の３,6600083
2140001052900,株式会社ニットク,兵庫県,尼崎市,東園田町７丁目１１番地−１東園田団地６−２０４,6610953
2140001052909,巧西工業株式会社,兵庫県,尼崎市,今福２丁目１１番３８−９号,6600812
2140001052917,株式会社アプローズ不動産販売,兵庫県,尼崎市,武庫之荘２丁目２１番１６号,6610035
2140001053007,株式会社キューブロジテック,兵庫県,尼崎市,南塚口町８丁目４６番２号,6610012
2140001053023,株式会社サプリームジャパン,兵庫県,尼崎市,西大物町１２番５５−１１０９号,6600827
2140001053031,株式会社関西ワオー,兵庫県,尼崎市,南武庫之荘１丁目８番２４号,6610033
2140001053056,アキシン株式会社,兵庫県,尼崎市,東七松町１丁目９番２０号,6600051
2140001053064,株式会社第一国土環境開発,兵庫県,尼崎市,南武庫之荘５丁目１０番２７号,6610033
2140001053072,アーリーゲット株式会社,兵庫県,尼崎市,富松町３丁目２番９号,6610003
2140001053080,シントーサービス株式会社,兵庫県,尼崎市,南塚口町６丁目１０番７３号,6610012
2140001053089,株式会社コスミックダイン,兵庫県,尼崎市,東難波町３丁目１７番１号,6600892
2140001053097,株式会社タカラサービス,兵庫県,尼崎市,次屋３丁目３番２１号,6610965
2140001053106,ゼロ精工株式会社,兵庫県,尼崎市,南初島町１０番１３５号,6600833
2140001053122,株式会社アンクルハーレー,兵庫県,尼崎市,開明町２丁目１１番地神鋼建設ビル内,6600862
2140001053147,株式会社セイコー食品,兵庫県,尼崎市,道意町６丁目４番地,6600083
2140001053171,エア・リキード工業ガス株式会社,兵庫県,尼崎市,南塚口町４丁目３番２３号,6610012
2140001053205,愛和不動産株式会社,兵庫県,尼崎市,上坂部３丁目１１番１号,6610979
2140001053221,サントムーン株式会社,兵庫県,尼崎市,御園町３５番,6600861
2140001053246,株式会社Ｙ．Ｋ,兵庫県,尼崎市,大島１丁目２４番５２号,6600076
2140001053262,株式会社アサヒＬ＆Ｃ,兵庫県,尼崎市,西向島町１５番６号,6600857
2140001053270,株式会社クラウドライン,兵庫県,尼崎市,食満３丁目８−１−７０２,6610982
2140001053287,株式会社フジタ,兵庫県,尼崎市,東難波町５丁目１９番３３号,6600892
2140001053329,株式会社レリカム,兵庫県,尼崎市,潮江１丁目２８番１１号,6610976
2140001053337,株式会社基住,兵庫県,尼崎市,西昆陽１丁目３０番１１号,6610047
2140001053345,第一産業株式会社,兵庫県,尼崎市,東園田町２丁目１４番地の４,6610953
2140001053353,株式会社メイセイトランスポート,兵庫県,尼崎市,水堂町２丁目２９番２６号,6610026
2140001053378,株式会社シーエイ,兵庫県,尼崎市,田能６丁目７番１５号,6610951
2140001053386,株式会社永和電機,兵庫県,尼崎市,猪名寺２丁目１７番７号,6610981
2140001053411,株式会社わだ,兵庫県,尼崎市,元浜町２丁目３８番地３,6600085
2140001053428,株式会社島田設備,兵庫県,尼崎市,東本町４丁目７９番地,6600824
2140001053436,グッドウィルホーム株式会社,兵庫県,尼崎市,南武庫之荘４丁目２１番３０号セレニティ松井ビル２階,6610033
2140001053452,株式会社エース設備,兵庫県,尼崎市,武庫之荘本町３丁目２２番２７−１０２号,6610031
2140001053477,株式会社ベトナムフロンティア,兵庫県,尼崎市,宮内町１丁目３４番地,6600877
2140001053485,株式会社大浜資材,兵庫県,尼崎市,大浜町１丁目１８番地２,6600095
2140001053493,株式会社アメニティサービス,兵庫県,尼崎市,食満７丁目２９番地４１,6610982
2140001053510,株式会社大稔工業,兵庫県,尼崎市,善法寺町１番１９号,6610973
2140001053519,株式会社アイベスト,兵庫県,尼崎市,七松町３丁目２番１４号,6600052
2140001053527,株式会社立装,兵庫県,尼崎市,三反田町２丁目７−４４,6610024
2140001053535,株式会社キンソービル管理,兵庫県,尼崎市,西立花町３丁目１６番５５号ダイドーメゾン立花西２１５,6600054
2140001053543,株式会社美里,兵庫県,尼崎市,大島２丁目１０番１５号,6600076
2140001053551,株式会社合同警備保障,兵庫県,尼崎市,大庄北２丁目２２番１３号,6600063
2140001053568,株式会社服薬コンプライアンス研究所,兵庫県,尼崎市,塚口町３丁目８番地の７,6610002
2140001053576,株式会社ケアコム,兵庫県,尼崎市,武庫川町３丁目６５番地の３,6600084
2140001053584,株式会社オンライン,兵庫県,尼崎市,田能３丁目１０番４号,6610951
2140001053592,阪神技研サービス株式会社,兵庫県,尼崎市,杭瀬北新町１丁目６番６号,6600815
2140001053601,株式会社ジェイテクノ,兵庫県,尼崎市,武庫元町２丁目９番２３号,6610043
2140001053618,株式会社ループプロテクト,兵庫県,尼崎市,武庫之荘東２丁目３番２２号,6610032
2140001053626,橋本建装株式会社,兵庫県,尼崎市,次屋３丁目１４番２４号,6610965
2140001053642,株式会社梵,兵庫県,尼崎市,武庫之荘３丁目８番１３号,6610035
2140001053650,株式会社協和テクノス,兵庫県,尼崎市,上ノ島町１丁目２８番９号,6610014
2140001053675,株式会社辻阪工業,兵庫県,尼崎市,食満５丁目１２番２２号,6610982
2140001053709,株式会社ボン梵,兵庫県,尼崎市,田能５丁目３番１０−６０１号,6610951
2140001053717,株式会社イースタイル・マーケティング,兵庫県,尼崎市,水堂町４丁目４番１５号,6610026
2140001053725,テクレンジ株式会社,兵庫県,尼崎市,立花町４丁目１３番３号,6610025
2140001053758,株式会社八木商,兵庫県,尼崎市,昭和通４丁目１３１番地,6600881
2140001053782,株式会社ＲＩＶＥＸ　ＪＡＰＡＮ,兵庫県,尼崎市,塚口町１丁目２２番地の９長光ビル４階,6610002
2140001053790,株式会社アイシム,兵庫県,尼崎市,東園田町９丁目１番地の１７,6610953
2140001053808,山口硝子建材株式会社,兵庫県,尼崎市,東難波町４丁目６番３号,6600892
2140001053816,株式会社栄船,兵庫県,尼崎市,東園田町８丁目４５番地の１９,6610953
2140001053824,株式会社大建淀グループ,兵庫県,尼崎市,武庫之荘東２丁目３番６号,6610032
2140001053840,株式会社みらい介護センター,兵庫県,尼崎市,久々知１丁目２０番５号,6610977
2140001053849,株式会社田原商店,兵庫県,尼崎市,西長洲町３丁目７番２号,6600805
2140001053857,ラヴィーゲ株式会社,兵庫県,尼崎市,南武庫之荘１丁目１３−７福々邸参番舘８０３号室,6610033
2140001053865,株式会社サンエース,兵庫県,尼崎市,神崎町１６番１８号,6610964
2140001053873,株式会社染川建装,兵庫県,尼崎市,西難波町３丁目２０番２９号,6600893
2140001053898,関西広域事業受託株式会社,兵庫県,尼崎市,昭和南通３丁目１２番２号,6600882
2140001053907,株式会社ＢＷＭ,兵庫県,尼崎市,武庫之荘５丁目１６番３４号,6610035
2140001053931,株式会社エコ・プランニング,兵庫県,尼崎市,瓦宮２丁目３１番５号,6610971
2140001053948,株式会社アズ・ココ,兵庫県,尼崎市,武庫之荘８丁目８番１０号,6610035
2140001053964,株式会社高和土木興業,兵庫県,尼崎市,水堂町２丁目２７番５号２階,6610026
2140001053972,石嶺工業株式会社,兵庫県,尼崎市,戸ノ内町２丁目１２番１号,6610961
2140001053980,株式会社Ｓｏｌｅｉｌ,兵庫県,尼崎市,立花町３丁目５番１４号,6610025
2140001053997,株式会社力士,兵庫県,尼崎市,南塚口町２丁目１３番１９号,6610012
2140001054021,ドリームマウンテン株式会社,兵庫県,尼崎市,稲葉荘４丁目３番１９号,6600064
2140001054046,株式会社リアリスト,兵庫県,尼崎市,東塚口町１丁目７番１−３０８号,6610011
2140001054054,株式会社ジャック・シップ,兵庫県,尼崎市,御園１丁目１７番１６号,6610984
2140001054062,株式会社ＦＵＪＩ−ＫＥＮ,兵庫県,尼崎市,名神町３丁目８番２１号,6610021
2140001054087,株式会社Ｄエンタープライズ,兵庫県,尼崎市,次屋２丁目１８番８号,6610965
2140001054104,株式会社翔,兵庫県,尼崎市,潮江２丁目３９番３号,6610976
2140001054120,株式会社ＰＲＯＧＲＥＳＳ,兵庫県,尼崎市,道意町６丁目２番地の２６ファミール武庫川東７０８号,6600083
2140001054129,株式会社教栄,兵庫県,尼崎市,尾浜町１丁目３０番３０号,6610022
2140001054137,宏陽建設株式会社,兵庫県,尼崎市,戸ノ内町５丁目２番５−１０４号,6610961
2140001054145,株式会社税経クリニック,兵庫県,尼崎市,武庫町３丁目２５番２２号,6610044
2140001054153,株式会社ワイズクリエイション,兵庫県,尼崎市,南塚口町１丁目２６番２５号南塚口ビル別館３階３０１号室,6610012
2140001054161,株式会社アクティーＥＢケアサービス,兵庫県,尼崎市,武庫元町１丁目２０番１７号,6610043
2140001054178,Ｚｉｇｅｎ　Ｓｔｙｌｅ株式会社,兵庫県,尼崎市,久々知西町２丁目１４番３１号,6610978
2140001054186,株式会社ラポート,兵庫県,尼崎市,東園田町４丁目５４番地の２,6610953
2140001054194,株式会社ＩＤＫ,兵庫県,尼崎市,西難波町４丁目１番３０号,6600893
2140001054203,株式会社クエスト,兵庫県,尼崎市,潮江５丁目７番２０号,6610976
2140001054211,アイムス株式会社,兵庫県,尼崎市,崇徳院２丁目４２−５,6600071
2140001054236,ＨＯＮＡＭＩエレクトロニクス株式会社,兵庫県,尼崎市,南武庫之荘２丁目２４番３２武庫之荘イアス７０９号,6610033
2140001054252,オルガニックスピントロニクスジャパン株式会社,兵庫県,尼崎市,杭瀬南新町１丁目１２番６号,6600822
2140001054260,株式会社イズミフードマシナリ,兵庫県,尼崎市,潮江４丁目２番３０号,6610976
2140001054269,株式会社豊電機工業所,兵庫県,尼崎市,平左衛門町１８番地の４８,6600087
2140001054285,株式会社Ｒｅａｌｉｚｅ．Ａｉｒ．Ｓｏｌｕｔｉｏｎ,兵庫県,尼崎市,武庫之荘本町２丁目２番１５号,6610031
2140001054302,株式会社小佐野建設,兵庫県,尼崎市,武庫元町２丁目５番１０号,6610043
2140001054310,株式会社オフィス・ボウ,兵庫県,尼崎市,立花町２丁目２１番４号若松マンション１０４,6610025
2140001054319,株式会社日伸商会,兵庫県,尼崎市,長洲中通１丁目１番７号Ｍ＆Ｍグリーム尼崎駅前５０１号,6600802
2140001054327,株式会社工事社,兵庫県,尼崎市,大庄中通１丁目３８番地,6600075
2140001054335,株式会社ダイリョウ,兵庫県,尼崎市,南武庫之荘２丁目２３番３号,6610033
2140001054351,株式会社エアライフ,兵庫県,尼崎市,塚口本町２丁目３６番２９号,6610001
2140001054368,株式会社ミスミ,兵庫県,尼崎市,食満７丁目１５番１０号,6610982
2140001054376,株式会社ＥＭアシスト,兵庫県,尼崎市,浜３丁目６番１１号,6610967
2140001054401,株式会社平山工業,兵庫県,尼崎市,丸島町２０番地の３０,6600086
2140001054418,株式会社愛,兵庫県,尼崎市,東桜木町３８番地１０５号,6600864
2140001054442,株式会社ファインファインエムズ企画,兵庫県,尼崎市,南塚口町５丁目１６番３２−１０３号,6610012
2140001054450,松岡工務店株式会社,兵庫県,尼崎市,北城内４６番地の９,6600826
2140001054459,株式会社ワンアドバンス,兵庫県,尼崎市,神田北通２丁目１２番地１大陽ビルディング８階,6600883
2140001054475,株式会社西川東洋医学研究所,兵庫県,尼崎市,杭瀬南新町２丁目１１−５,6600822
2140001054483,ＡＸＩＳホーム株式会社,兵庫県,尼崎市,東難波町４丁目６番３号,6600892
2140001054525,株式会社ネットワーク結,兵庫県,尼崎市,武庫元町２丁目１９番１号,6610043
2140001054541,株式会社さんまるご,兵庫県,尼崎市,神田北通６丁目１５９番地の６、３０２号,6600883
2140001054582,株式会社パシフィックエステート,兵庫県,尼崎市,潮江１丁目２２番１号１１９,6610976
2140001054599,関西スリーエース株式会社,兵庫県,尼崎市,西難波町５丁目３番１５号,6600893
2140001054608,ＮＫメンテナンス株式会社,兵庫県,尼崎市,丸島町４６番地の１,6600086
2140001054624,株式会社泉フィールド,兵庫県,尼崎市,東七松町１丁目１５番２０号,6600051
2140001054632,スリーエス株式会社,兵庫県,尼崎市,鶴町７番１３号,6600092
2140001054640,株式会社アールエフ,兵庫県,尼崎市,立花町４丁目２番４号,6610025
2140001054649,株式会社奄美タクシー尼崎,兵庫県,尼崎市,御園１丁目１８番,6610984
2140001054657,株式会社岩本産業,兵庫県,尼崎市,東園田町３丁目３３番地の５,6610953
2140001054665,グラスランド株式会社,兵庫県,尼崎市,武庫の里１丁目６番４号,6610041
2140001054673,株式会社スーパームラタ,兵庫県,尼崎市,神田南通３丁目５７,6600885
2140001054698,株式会社ヤマモトテクニカ,兵庫県,尼崎市,昭和通８丁目２７５番地,6600881
2140001054707,株式会社フォースプルング,兵庫県,尼崎市,武庫元町２丁目１１番１６号,6610043
2140001054715,株式会社ニノミヤポスサービス,兵庫県,尼崎市,杭瀬南新町４丁目５番６−６０７号,6600822
2140001054723,株式会社オルソ,兵庫県,尼崎市,南塚口町２丁目２４番１１号,6610012
2140001054731,株式会社高嶋,兵庫県,尼崎市,富松町３丁目２１番３３号,6610003
2140001054756,株式会社ユーエルネット,兵庫県,尼崎市,長洲中通１丁目１番５号,6600802
2140001054764,株式会社パークライフ,兵庫県,尼崎市,西立花町３丁目４番１号,6600054
2140001054780,株式会社ウィズサポート,兵庫県,尼崎市,七松町１丁目１９番１２号,6600052
2140001054789,株式会社本柄谷,兵庫県,尼崎市,塚口町６丁目５８番地８,6610002
2140001054806,株式会社ホーム・ストーリー,兵庫県,尼崎市,塚口本町１丁目９番１号,6610001
2140001054822,田中自動車総合保険株式会社,兵庫県,尼崎市,杭瀬北新町３丁目２０番２８号,6600815
2140001054830,Ｍ＆Ｍメンテナンス株式会社,兵庫県,尼崎市,西大物町１２番５５−３６０２号,6600827
2140001054847,株式会社リアルネット,兵庫県,尼崎市,上坂部２丁目６番６号,6610979
2140001054855,株式会社ユーアイクリエイト,兵庫県,尼崎市,道意町７丁目１番３号,6600083
2140001054896,株式会社アイネット,兵庫県,尼崎市,潮江１丁目１１番１号ラ・ヴェール尼崎１Ｆ,6610976
2140001054905,山村倉庫株式会社,兵庫県,尼崎市,西向島町１５番１,6600857
2140001054913,グローバルリーチ株式会社,兵庫県,尼崎市,東難波町５丁目３０番２４−５０３,6600892
2140001054921,株式会社Ｋ・Ｓコーポレーション,兵庫県,尼崎市,南武庫之荘２丁目２８番３０号,6610033
2140001054954,株式会社大永建設,兵庫県,尼崎市,東園田町６丁目９６番地の５−１０６号,6610953
2140001054970,松井化学株式会社,兵庫県,尼崎市,水堂町３丁目４番３号,6610026
2140001054995,株式会社ｗｉｎｇ,兵庫県,尼崎市,西難波町６丁目９番１８号,6600893
2140001055003,株式会社フルハウス,兵庫県,尼崎市,浜田町２丁目９６番地の３,6600062
2140001055028,心幸サービス株式会社,兵庫県,尼崎市,潮江１丁目２番６号ＪＲＥ尼崎フロントビル２階,6610976
2140001055036,株式会社ＪＲ西日本テクシア,兵庫県,尼崎市,潮江１丁目１番３３号,6610976
2140001055069,株式会社シンクスケアサービス,兵庫県,尼崎市,上坂部３丁目２９番８号,6610979
2140001055077,株式会社川中梱包,兵庫県,尼崎市,武庫之荘７丁目１７番２号,6610035
2140001055085,株式会社三洋航空,兵庫県,尼崎市,武庫之荘３丁目１２番５号,6610035
2140001055093,株式会社ＯＳＣ,兵庫県,尼崎市,東園田町５丁目４６番１３号,6610953
2140001055102,株式会社福太コーポレーション,兵庫県,尼崎市,南武庫之荘１丁目２３番５号,6610033
2140001055110,株式会社旅晴好,兵庫県,尼崎市,東難波町２丁目１４番２７号,6600892
2140001055119,株式会社未来,兵庫県,尼崎市,西昆陽２丁目４０番１５号パインフォレスト２０２,6610047
2140001055127,株式会社オーヴァル,兵庫県,尼崎市,南塚口町１丁目１２−８,6610012
2140001055135,奄美トランスポート株式会社,兵庫県,尼崎市,御園１丁目１８番,6610984
2140001055143,株式会社アネックス,兵庫県,尼崎市,水堂町４丁目１８番１４号,6610026
2140001055151,株式会社ハクビ,兵庫県,尼崎市,元浜町１丁目２番地の２,6600085
2140001055176,ネオテクノ株式会社,兵庫県,尼崎市,名神町１丁目３番５号,6610021
2140001055184,家永産業株式会社,兵庫県,尼崎市,西本町２丁目９３番地の２,6600874
2140001055192,株式会社玄技術,兵庫県,尼崎市,東浜町６番８号,6600844
2140001055218,株式会社中央コンサル,兵庫県,尼崎市,瓦宮１丁目２番２０号,6610971
2140001055234,株式会社尼漁開発,兵庫県,尼崎市,元浜町４丁目７７番地,6600085
2140001055242,幸大デコール株式会社,兵庫県,尼崎市,西向島町９７番地,6600857
2140001055267,ＡＳＡネットワーク株式会社,兵庫県,尼崎市,立花町１丁目１４番２４−３０２号,6610025
2140001055275,株式会社塚口オートセンター,兵庫県,尼崎市,塚口本町２丁目４０番１７号,6610001
2140001055300,株式会社ＲＹＯＧＯ,兵庫県,尼崎市,潮江２丁目２１番１２号,6610976
2140001055309,メディテック株式会社,兵庫県,尼崎市,潮江１丁目９番１号２０１号,6610976
2140001055325,株式会社源八,兵庫県,尼崎市,長洲本通１丁目６番１８号,6600803
2140001055341,株式会社ブリスコーポレーション,兵庫県,尼崎市,神田北通２丁目１２,6600883
2140001055358,株式会社ナクト,兵庫県,尼崎市,潮江１丁目１５番２号Ａ３−１３２,6610976
2140001055366,株式会社トリニティ,兵庫県,尼崎市,東園田町１丁目１２１番１−１０６号,6610953
2140001055382,株式会社ＯＤＡ,兵庫県,尼崎市,富松町１丁目４７番１号,6610003
2140001055390,株式会社Ｓ＆Ｃ,兵庫県,尼崎市,南塚口町２丁目１９番１５号,6610012
2140001055399,山本電気株式会社,兵庫県,尼崎市,武庫之荘１丁目２７番１−８０６号,6610035
2140001055408,株式会社住谷産業,兵庫県,尼崎市,東本町２丁目６５,6600824
2140001055416,株式会社ケイ・エム技建,兵庫県,尼崎市,上坂部２丁目３７番５４号,6610979
2140001055424,株式会社ジェイズコーポレーション,兵庫県,尼崎市,南塚口町３丁目９番２２号,6610012
2140001055432,株式会社シューティングスター,兵庫県,尼崎市,浜田町２丁目６６番地の３,6600062
2140001055449,株式会社アソシエ,兵庫県,尼崎市,立花町２丁目２３番１６号ハイツエスポワール１０１,6610025
2140001055457,工建産業株式会社,兵庫県,尼崎市,元浜町１丁目４４番地３,6600085
2140001055465,グリーンヒルコーポレーション株式会社,兵庫県,尼崎市,稲葉元町２丁目４番９号,6600055
2140001055473,建和産業株式会社,兵庫県,尼崎市,東本町２丁目１１２番地,6600824
2140001055481,門正運輸株式会社,兵庫県,尼崎市,武庫川町４丁目７番地,6600084
2140001055507,株式会社ソーシャル・サポート,兵庫県,尼崎市,東園田町５丁目９６番１号−１０６,6610953
2140001055515,株式会社渡辺建設,兵庫県,尼崎市,築地１丁目１番１３号,6600858
2140001055523,株式会社巧設備,兵庫県,尼崎市,三反田町３丁目１０番１６号,6610024
2140001055548,株式会社ＴＭ工業,兵庫県,尼崎市,稲葉荘１丁目２番１１号,6600064
2140001055556,株式会社西美装,兵庫県,尼崎市,稲葉元町１丁目７番３８号,6600055
2140001055564,株式会社ＣＨＡＴ　ＨＯＵＳＥ,兵庫県,尼崎市,武庫町２丁目２４番１８号,6610044
2140001055572,フェスター物流株式会社,兵庫県,尼崎市,建家町２４番１−５０７号,6600871
2140001055580,株式会社ラブリーケア,兵庫県,尼崎市,尾浜町３丁目２９番２６号エーベル尼崎尾浜１Ｆ,6610022
2140001055597,株式会社オゾンインターナショナル,兵庫県,尼崎市,塚口町１丁目１８番地の１２,6610002
2140001055606,株式会社テラダ,兵庫県,尼崎市,下坂部４丁目１０番１４号,6610975
2140001055614,株式会社Ｖａｌｕｅ,兵庫県,尼崎市,塚口町１丁目１７番８号,6610002
2140001055622,株式会社スリーワン,兵庫県,尼崎市,西昆陽１丁目２７番１８号,6610047
2140001055630,海洋石材株式会社,兵庫県,尼崎市,南塚口町８丁目１９番７号,6610012
2140001055639,環境クリーンサービス株式会社,兵庫県,尼崎市,武庫之荘６丁目１４番２１号,6610035
2140001055655,株式会社福田,兵庫県,尼崎市,稲葉元町３丁目７番１０号,6600055
2140001055671,株式会社メビウス,兵庫県,尼崎市,東園田町５丁目１１８−１−５０８,6610953
2140001055696,山和建設工業株式会社,兵庫県,尼崎市,稲葉荘１丁目２２番１０号,6600064
2140001055713,株式会社シバタ食品,兵庫県,尼崎市,下坂部１丁目２２番１０号,6610975
2140001055721,株式会社Ｃｏｓｍｏ　Ｅｓｔａｔｅ,兵庫県,尼崎市,七松町３丁目８番２１号,6600052
2140001055738,株式会社吾妻建築設計,兵庫県,尼崎市,南塚口町２丁目３６−５−１０９,6610012
2140001055746,株式会社Ｋ．Ｃｌｏｕｄ,兵庫県,尼崎市,口田中１丁目１番２３号,6610983
2140001055754,三栄株式会社,兵庫県,尼崎市,長洲西通２丁目９番１５号,6600807
2140001055762,株式会社ＬＥＥコーポレーション,兵庫県,尼崎市,西難波町３丁目２３番８号,6600893
2140001055770,昇陽商事株式会社,兵庫県,尼崎市,金楽寺町１丁目６番５７号,6600806
2140001055779,株式会社ソーシャルワーク,兵庫県,尼崎市,上ノ島三丁目７−１−２０１,6600000
2140001055787,株式会社キリタロー,兵庫県,尼崎市,塚口本町３丁目３２番２４号,6610001
2140001057024,株式会社くらし計画保証,兵庫県,尼崎市,長洲本通１丁目４番２号,6600803
2140001057049,立花ヘルス薬品株式会社,兵庫県,尼崎市,七松町１丁目３番１−１４３号,6600052
2140001057172,スポーションジャパン株式会社,兵庫県,尼崎市,瓦宮２丁目２番２６号,6610971
2140001059210,伸栄開発株式会社,兵庫県,尼崎市,浜３丁目５番１６−２１７号,6610967
2140001067394,株式会社Ａｍｂｉｔｉｏｎ,兵庫県,尼崎市,猪名寺２丁目７番１３号,6610981
2140001067485,建匠ホームサービス株式会社,兵庫県,尼崎市,武庫町１丁目３２番２５号,6610044
2140001067741,ハンズ株式会社,兵庫県,尼崎市,立花町３丁目１７番７号サン立花,6610025
2140001070761,株式会社ラックス,兵庫県,尼崎市,南塚口町８丁目４−１３,6610012
2140001070860,アイティーアイ・コンプレッサ株式会社,兵庫県,尼崎市,高田町１３番２０号,6610963
2140001073863,株式会社アリー２４,兵庫県,尼崎市,南塚口町２丁目３９番３１号メゾン南塚口１０２号,6610012
2140001077690,株式会社ＴＲＥＫ,兵庫県,尼崎市,開明町２丁目３６番地３０７号,6600862
2140001077757,株式会社パン・パブリシティー,兵庫県,尼崎市,神田北通３丁目３７番３号,6600883
2140001077889,株式会社Ｇ・Ｐ　ＪＡＰＡＮ,兵庫県,尼崎市,西立花町２丁目２番１５号,6600054
2140001079506,株式会社東洋ハウジング,兵庫県,尼崎市,竹谷町２丁目１８３番地,6600876
2140001079910,株式会社ファームランド,兵庫県,尼崎市,武庫之荘本町３丁目１２番２０号,6610031
2140001081156,新日本電工株式会社,兵庫県,尼崎市,武庫之荘６丁目７番２５号,6610035
2140001083508,三恵株式会社,兵庫県,尼崎市,潮江１丁目３番１２−１９１０号,6610976
2140001084134,株式会社ＢＯＮＤ２０１１,兵庫県,尼崎市,大庄北４丁目７−８,6600063
2140001086361,株式会社イラハフロアー,兵庫県,尼崎市,名神町２丁目１５番２９号,6610021
2140001086394,ルシエンス株式会社,兵庫県,尼崎市,南武庫之荘３丁目２１番２４号,6610033
2140001086436,株式会社友銘商社,兵庫県,尼崎市,南武庫之荘３丁目２２番２６号プチ南武庫之荘１Ｆ,6610033
2140001086477,株式会社きんかん,兵庫県,尼崎市,大庄中通２丁目１１番４号,6600075
2140001086733,株式会社慈しみ,兵庫県,尼崎市,道意町６丁目９番地,6600083
2140001086741,松原通信エンジニアリング株式会社,兵庫県,尼崎市,栗山町１丁目１９番１０−１号,6610013
2140001086849,株式会社ユウテック,兵庫県,尼崎市,上坂部１丁目８番１−１５２６号,6610979
2140001086857,株式会社富士,兵庫県,尼崎市,東園田町５丁目３７番地の５,6610953
2140001086881,株式会社ナカガワ,兵庫県,尼崎市,西長洲町２丁目１２番１５号,6600805
2140001086931,株式会社クワタ,兵庫県,尼崎市,東桜木町４６番地,6600864
2140001087062,株式会社誠,兵庫県,尼崎市,立花町２丁目２２番１０−４０６号,6610025
2140001087153,株式会社クオリファイド,兵庫県,尼崎市,南初島町８番８３号,6600833
2140001087839,アイリ株式会社,兵庫県,尼崎市,大島２丁目５番１０号,6600076
2140001088003,株式会社中野工業,兵庫県,尼崎市,若王寺２丁目１３番１２号,6610974
2140001088192,天野運輸機工株式会社,兵庫県,尼崎市,西長洲町１丁目６番１号,6600805
2140001088250,株式会社カケハシ企画,兵庫県,尼崎市,稲葉荘４丁目５番１７号,6600064
2140001088688,慎和基工株式会社,兵庫県,尼崎市,西川２丁目４１番１２号,6610966
2140001088746,株式会社優斗,兵庫県,尼崎市,神田北通２丁目１２番地,6600883
2140001089067,株式会社ＪＶＳフォト,兵庫県,尼崎市,塚口町３丁目１９番地の１５,6610002
2140001089158,ｅ住まいるナシオ産業株式会社,兵庫県,尼崎市,大庄西町１丁目２８−１４,6600077
2140001089356,株式会社エフスリープロダクション,兵庫県,尼崎市,崇徳院２丁目６１番地の１（２０１号）,6600071
2140001089380,Ｔｏ　ＮＥＸＴ株式会社,兵庫県,尼崎市,大庄西町１丁目１４番２７−２０１号,6600077
2140001089471,株式会社サンシン工産,兵庫県,尼崎市,金楽寺町２丁目２３番２９号,6600806
2140001089819,株式会社Ｔｉｍｅ　ｉｓ　ｌｉｆｅ,兵庫県,尼崎市,昭和通２丁目７番１号ニューアルカイックビル９階,6600881
2140001089934,株式会社Ｂａｍｂｉｎｉ,兵庫県,尼崎市,小中島１丁目７番１２号,6610972
2140001090017,株式会社リークオフ,兵庫県,尼崎市,田能６丁目６番３３号,6610951
2140001090090,株式会社グリメン,兵庫県,尼崎市,食満３丁目１５番２３号,6610982
2140001090272,鈴木電工株式会社,兵庫県,尼崎市,長洲東通３丁目１番１３−５０４号,6600801
2140001090289,株式会社インベストリアライズ,兵庫県,尼崎市,名神町２丁目３番３号名神南住宅３棟２０２,6610021
2140001090297,株式会社成信,兵庫県,尼崎市,武庫之荘７丁目８番２８−２号,6610035
2140001090974,株式会社植木工務店,兵庫県,尼崎市,昭和通１丁目１２番１３号,6600881
2140001091337,株式会社亀沖造園土木,兵庫県,尼崎市,南武庫之荘１０丁目４番５号,6610033
2140001091601,株式会社照商,兵庫県,尼崎市,竹谷町１丁目２２−７,6600876
2140001091733,株式会社山栄工業,兵庫県,尼崎市,塚口町６丁目２７番地の５,6610002
2140001092005,株式会社フォーオール,兵庫県,尼崎市,尾浜町１丁目３２番２−４０５号,6610022
2140001092070,株式会社力石,兵庫県,尼崎市,西大物町１２番６７号,6600827
2140001092186,杉原サポート株式会社,兵庫県,尼崎市,瓦宮２丁目２２番１９号,6610971
2140001092260,株式会社リワック,兵庫県,尼崎市,東園田町９丁目１７番地１８原ビル３０３,6610953
2140001092888,株式会社竹原工業,兵庫県,尼崎市,尾浜町３丁目２９番３３号,6610022
2140001093093,株式会社地域活性広告,兵庫県,尼崎市,塚口本町５丁目５番１号,6610001
2140001093127,株式会社ＢＩＳＩＫＥＮ,兵庫県,尼崎市,武庫元町１丁目３５番１０号,6610043
2140001093201,株式会社ＤＡＩＴＯプルーフ,兵庫県,尼崎市,東浜町６番地８,6600844
2140001093382,株式会社大陽ホールディングス,兵庫県,尼崎市,神田北通２丁目１２番地の１,6600883
2140001093449,株式会社天人社,兵庫県,尼崎市,南七松町２丁目２番２２号,6600053
2140001093878,ラボレームス株式会社,兵庫県,尼崎市,南塚口町８丁目４５番１０号,6610012
2140001093886,株式会社ヴォール,兵庫県,尼崎市,潮江５丁目７番１３号,6610976
2140001093944,株式会社エムピーサポート,兵庫県,尼崎市,稲葉荘１丁目１５番８号−３Ｆ,6600064
2140001094356,株式会社オリジナルカラー,兵庫県,尼崎市,東難波町５丁目３０番１７号アスパイア七番館六階,6600892
2140001094546,株式会社ＡＲＭＡＤＡ,兵庫県,尼崎市,大庄北３丁目３１番３３号,6600063
2140001094637,株式会社蜜月,兵庫県,尼崎市,昭和南通５丁目９０番地１,6600882
2140001094711,株式会社鳩電建,兵庫県,尼崎市,大庄中通１丁目５１番地,6600075
2140001094760,株式会社ＷＧＳｃｏｍｐａｎｙ,兵庫県,尼崎市,塚口町２丁目３３番地の１８,6610002
2140001094835,株式会社三喜,兵庫県,尼崎市,久々知１丁目５番２５号,6610977
2140001094926,株式会社Ｋ−ａｄｖａｎｃｅ,兵庫県,尼崎市,南武庫之荘３丁目２６番２４号,6610033
2140001095065,株式会社ダウイン,兵庫県,尼崎市,潮江１丁目２０番１号,6610976
2140001095197,株式会社ベストコンディション,兵庫県,尼崎市,浜田町４丁目２７番地フジマンション２０２号,6600062
2140001095255,株式会社Ｇｒｏｗ,兵庫県,尼崎市,尾浜町３丁目３１番１３号,6610022
2140001095412,戸田テック株式会社,兵庫県,尼崎市,昭和通４丁目１１７番地エスティ尼崎ビル４Ｆ,6600881
2140001095718,豊成工業株式会社,兵庫県,尼崎市,東難波町３丁目２１−１,6600892
2140001095767,株式会社三光,兵庫県,尼崎市,富松町２丁目２番２号,6610003
2140001095841,株式会社ＰＥＲＳＯＮＵＴＳ,兵庫県,尼崎市,潮江５丁目２番１号,6610976
2140001095866,レガシーホームスタイル株式会社,兵庫県,尼崎市,次屋２丁目１７番１５号１階,6610965
2140001095940,株式会社ＭＪＳ,兵庫県,尼崎市,今福１丁目１番２８号−１０８,6600812
2140001096039,株式会社ゲイン,兵庫県,尼崎市,稲葉荘３丁目５番２０−１０５号,6600064
2140001096476,ライフテック株式会社,兵庫県,尼崎市,下坂部１丁目２番１２号カサベルテイケダＩＩ１０２,6610975
2140001096567,宝槙テクノス株式会社,兵庫県,尼崎市,水堂町２丁目４０番３４号,6610026
2140001096708,株式会社モールドデザインサービス,兵庫県,尼崎市,浜田町５丁目３６番地,6600062
2140001096880,宏財株式会社,兵庫県,尼崎市,潮江１丁目３番１２−９２５号,6610976
2140001096947,株式会社ＨＡＳ,兵庫県,尼崎市,神田北通４丁目５６番地エトワール尼崎４０２号,6600883
2140001097029,株式会社ＡＲテクノ,兵庫県,尼崎市,東園田町６丁目１２０番地の１０,6610953
2140001097053,天宇地和株式会社,兵庫県,尼崎市,神田中通２丁目１７番毎日ビル５Ｆ,6600884
2140001097425,オオシマ商事株式会社,兵庫県,尼崎市,南塚口町２丁目２０番２号,6610012
2140001097656,レーザクラッディングジャパン株式会社,兵庫県,尼崎市,長洲東通１丁目１番１号,6600801
2140001097714,株式会社ＴＮＳカンパニー,兵庫県,尼崎市,神田北通１丁目７番１号阪神尼崎駅前第２９ビル２階,6600883
2140001097730,株式会社吉田設備工業,兵庫県,尼崎市,大庄中通１丁目１１番１号,6600075
2140001097805,株式会社大城組,兵庫県,尼崎市,神田北通４丁目４６番地の１メロディーハイム阪神尼崎６０１号,6600883
2140001098084,株式会社隼建設,兵庫県,尼崎市,瓦宮２丁目２１番２１号,6610971
2140001098290,株式会社オアーゾプランニング,兵庫県,尼崎市,尾浜町３丁目２７−９,6610022
2140001098415,株式会社明倫,兵庫県,尼崎市,西立花町２丁目７番１号,6600054
2140001098596,株式会社エム・クリエイティブ,兵庫県,尼崎市,高田町２番３８号,6610963
2140001098613,株式会社ブライフ,兵庫県,尼崎市,東園田町５丁目７番地の１２,6610953
2140001098794,株式会社セイレンドウ,兵庫県,尼崎市,神崎町３７番２４号,6610964
2140001099074,株式会社タナカ,兵庫県,尼崎市,東園田町４丁目１０番地の４,6610953
2140001099108,足場屋株式会社,兵庫県,尼崎市,蓬川町３０２−１４−４０９,6600081
2140001099297,株式会社ケイ・スタイル,兵庫県,尼崎市,名神町３丁目６番２８号,6610021
2140001099396,株式会社さきがけ,兵庫県,尼崎市,東難波町２丁目１６番１−１０１５号,6600892
2140001099850,株式会社ウェリナ,兵庫県,尼崎市,塚口町１丁目１４番３号,6610002
2140001100213,ＳＫＳ機工株式会社,兵庫県,尼崎市,東本町４丁目８９番地の１,6600824
2140001100262,株式会社ライフジェネレーション,兵庫県,尼崎市,浜田町３丁目６２番地,6600062
2140001100361,株式会社ｉｅＡ,兵庫県,尼崎市,武庫元町２丁目１２番１−３０１号,6610043
2140001100394,株式会社ＴＡＫＥＤＡＧＵＭＩ,兵庫県,尼崎市,大庄北５丁目１９番４号,6600063
2140001100568,株式会社ケーズクリエイト,兵庫県,尼崎市,椎堂１丁目１２番４４号,6610952
2140001100601,アラックス不動産株式会社,兵庫県,尼崎市,御園町５番地尼崎土井ビルディング７階Ｇ,6600861
2140001100659,ＴＡＫＥ株式会社,兵庫県,尼崎市,食満５丁目１７番１３号,6610982
2140001100667,株式会社丸一不動産,兵庫県,尼崎市,猪名寺１丁目１番１８号,6610981
2140001101112,ＷＢＰグループ株式会社,兵庫県,尼崎市,東難波町５丁目３０−１７アスパイア七番館８Ｆ,6600892
2140001101260,株式会社ＩＫ工業,兵庫県,尼崎市,久々知１丁目１９番９号,6610977
2140001101319,株式会社ＴＫＫホールディングス,兵庫県,尼崎市,南初島町１０番地１３３,6600833
2140001101558,株式会社テトラ,兵庫県,尼崎市,塚口本町１丁目１６番１５号,6610001
2140001101632,株式会社サンキューライフ,兵庫県,尼崎市,東園田町５丁目１１３番地の２−３０１号,6610953
2140001101764,株式会社カジカワ興業,兵庫県,尼崎市,武庫之荘西２丁目４９番１６−４０５号,6610034
2140001101839,株式会社シーエスエス,兵庫県,尼崎市,西長洲町２丁目８番１４号,6600805
2140001101855,株式会社タナダトラックス,兵庫県,尼崎市,塚口町６丁目５７−１３,6610002
2140001101946,株式会社イズモアクティビティーズ,兵庫県,尼崎市,東難波町５丁目７番２６号,6600892
2140001102127,株式会社原口電設,兵庫県,尼崎市,昭和通１丁目９−４,6600881
2140001102325,株式会社ＭＰインターナショナル,兵庫県,尼崎市,富松町１丁目３番２１−２０９号,6610003
2140001102408,天光建設株式会社,兵庫県,尼崎市,道意町６丁目３８番地の５,6600083
2140001102440,株式会社メイクアップ,兵庫県,尼崎市,東大物町２丁目３番１号,6600828
2140001102572,尼崎住宅流通株式会社,兵庫県,尼崎市,塚口本町３丁目１番２６号,6610001
2140001102622,株式会社貴仁志,兵庫県,尼崎市,浜３丁目１番１８号,6610967
2140001102671,ユニコムジャパン株式会社,兵庫県,尼崎市,塚口町１丁目１７−５,6610002
2140001102705,藤井電気工事株式会社,兵庫県,尼崎市,南清水５番３８号,6610985
2140001102812,株式会社ＹＪニシムラ,兵庫県,尼崎市,西川２丁目１１番２８号,6610966
2140001102969,株式会社フランジュ,兵庫県,尼崎市,尾浜町２丁目２７番１号,6610022
2140001103389,株式会社ＴＡＫＡエステート,兵庫県,尼崎市,東難波町５丁目５番２５号,6600892
2140001103414,株式会社ホットアクション,兵庫県,尼崎市,南竹谷町２丁目８６番１号外出屋敷アマトラ横丁Ａ−２,6600875
2140001103430,株式会社八重樫建工,兵庫県,尼崎市,西昆陽２丁目８番３−７０２号,6610047
2140001103463,株式会社昭和板金工業,兵庫県,尼崎市,浜田町４丁目２番地の２,6600062
2140001103653,株式会社共成工業,兵庫県,尼崎市,名神町３丁目９番２４号,6610021
2140001103694,株式会社メディカル＆アセットコンサルティング,兵庫県,尼崎市,南武庫之荘３丁目１７番５号,6610033
2140001103868,株式会社華楽,兵庫県,尼崎市,東難波町５丁目２６−６,6600892
2140001104098,株式会社アイディールコーポレーション,兵庫県,尼崎市,七松町１丁目３番１号,6600052
2140001104115,リブラス株式会社,兵庫県,尼崎市,田能６丁目９番１５号,6610951
2140001104189,ＰＭＪ株式会社,兵庫県,尼崎市,神田中通３丁目７４−３,6600884
2140001104230,株式会社明和機械,兵庫県,尼崎市,戸ノ内町３丁目１番３７号,6610961
2140001104313,株式会社一実興業,兵庫県,尼崎市,尾浜町３丁目２９−２１−２,6610022
2140001104370,株式会社プロバイド,兵庫県,尼崎市,南塚口町２丁目１番３−１５２４号,6610012
2140001104395,岡村建設株式会社,兵庫県,尼崎市,南武庫之荘９丁目１８番１７号,6610033
2140001105030,恒心株式会社,兵庫県,尼崎市,昭和通２丁目８番１２−３０２号,6600881
2140001105261,株式会社Ｍ．Ｉ．Ｈ,兵庫県,尼崎市,久々知西町２丁目１１番１１号久々知ハウス７０４号,6610978
2140001105724,株式会社ＮＧＵ　Ｃｏｍｐａｎｙ,兵庫県,尼崎市,水堂町２丁目４０番２８号,6610026
2140001105732,株式会社エステート・ヤマオカ,兵庫県,尼崎市,武庫元町１丁目２６番５号,6610043
2140001105889,株式会社テラモトエステート,兵庫県,尼崎市,南塚口町８丁目４７番１号,6610012
2140001105930,株式会社ＢＡＮＣＯ,兵庫県,尼崎市,東園田町５丁目４７番地の１０,6610953
2140001106152,株式会社Ｃｕｒｅ＆Ｃａｒｅ　ＴＯＭＩ,兵庫県,尼崎市,南塚口町６丁目９番４４号,6610012
2140001106210,永南商事株式会社,兵庫県,尼崎市,稲葉荘２丁目１番９号,6600064
2140001106342,株式会社ビオルネ,兵庫県,尼崎市,長洲西通１丁目１番１７号,6600807
2140001106664,株式会社下門重量,兵庫県,尼崎市,稲葉元町２丁目４番７号,6600055
2140001106747,ザ・ムーブメント株式会社,兵庫県,尼崎市,潮江２丁目２２番７号,6610976
2140001106854,株式会社Ｚｅａｌ,兵庫県,尼崎市,常光寺１丁目２５番２７号,6600811
2140001106862,株式会社ｗａｄａｃｈｉ,兵庫県,尼崎市,長洲中通２丁目１番１８号,6600802
2140001106887,株式会社サインテクノロジー,兵庫県,尼崎市,開明町２丁目５０−２Ｆ,6600862
2140001107084,株式会社成友設備,兵庫県,尼崎市,上ノ島町３丁目２４番７号,6610014
2140001107167,株式会社ＴＥＲＩＣ,兵庫県,尼崎市,西高洲町１６番地４４,6600845
2140001107332,株式会社エアグラウンド,兵庫県,尼崎市,南武庫之荘２丁目２−７新井ビル２Ｆ,6610033
2140001107464,株式会社明豊,兵庫県,尼崎市,東難波町３丁目１７−１０−５０１号室,6600892
2140001107596,衛ケアサービス株式会社,兵庫県,尼崎市,西大物町９番３号,6600827
2140001107860,株式会社ＲＩＳＥ,兵庫県,尼崎市,東園田町４丁目１４番地の１カーサ・ピッコラＢ２０６号,6610953
2140001107935,株式会社エムズクルー,兵庫県,尼崎市,東園田町３丁目６１番地の１,6610953
2140001108149,山季建材株式会社,兵庫県,尼崎市,富松町１丁目３７番１５エクセルコートＩＩＩ２０７号,6610003
2140001108462,株式会社くすの木,兵庫県,尼崎市,武庫之荘東１丁目１９番２５−３０３号,6610032
2140001108487,株式会社藤嘉建設,兵庫県,尼崎市,神崎町３９番３０号,6610964
2140001108586,株式会社Ｎ・Ｔ,兵庫県,尼崎市,東難波町４丁目１８番３号,6600892
2140001109147,株式会社岡本塗建,兵庫県,尼崎市,南清水２９番２８号ネオヴェール９７、１０５号,6610985
2140001109576,株式会社クロスアセット,兵庫県,尼崎市,上坂部１丁目２番２−８３１号,6610979
2140001109824,株式会社アールエヌ,兵庫県,尼崎市,大庄西町１丁目２５番６−１号,6600077
2140001109948,株式会社エクスト,兵庫県,尼崎市,尾浜町１丁目１１番１２号,6610022
2140001109980,壱丸創建株式会社,兵庫県,尼崎市,水堂町２丁目１３番１０号,6610026
2140001110022,株式会社Ａｇ　Ｇｌｕｅｃｋ,兵庫県,尼崎市,西川２丁目２０番３１号,6610966
2140001110170,株式会社Ｔ．Ｙサービス,兵庫県,尼崎市,潮江４丁目１番２３号,6610976
2140001110229,株式会社エイコウ企画,兵庫県,尼崎市,潮江３丁目１番３号,6610976
2140001110410,株式会社ｓｃｕｒｏ,兵庫県,尼崎市,南塚口町８丁目６１番１１号,6610012
2140001110468,株式会社Ｏ−Ｃｕｂｅ,兵庫県,尼崎市,武庫之荘２丁目１２番５号,6610035
2140001110575,株式会社栄伸エンジニアリング,兵庫県,尼崎市,東園田町３丁目７１番地の１,6610953
2140001111177,株式会社比嘉冷熱,兵庫県,尼崎市,田能１丁目１４番４−４号,6610951
2140001111227,株式会社Ｏｆｆｉｃｅ　Ａｖａｎｃｅｒ,兵庫県,尼崎市,神田北通８丁目２０６番地,6600883
2140001111367,久株式会社,兵庫県,尼崎市,七松町２丁目１９番２号,6600052
2140001111400,株式会社ＥＮＴＡＳ,兵庫県,尼崎市,上坂部１丁目８番２−１２３号,6610979
2140001111425,株式会社オーク,兵庫県,尼崎市,田能３丁目８番４１号,6610951
2140001111433,オクトーバー株式会社,兵庫県,尼崎市,武庫之荘２丁目２番２−３０１号,6610035
2140001111714,株式会社Ｒｅｓｐｏｎｓａｂｌｅ,兵庫県,尼崎市,東難波町５丁目２１番１１号Ｅｓｐｅｒａｎｃｅ１０Ｃ,6600892
2140001111755,株式会社武庫結,兵庫県,尼崎市,武庫之荘東１丁目７番１０号,6610032
2140001111862,株式会社イナウテック,兵庫県,尼崎市,七松町３丁目８番５−５０２号,6600052
2140001111904,ＺＯＸＢＯＸ株式会社,兵庫県,尼崎市,武庫町２丁目５番６−１０３号,6610044
2140001111920,香正株式会社,兵庫県,尼崎市,塚口町４丁目４０番地の３,6610002
2140001112002,株式会社町の水道屋受付センター,兵庫県,尼崎市,小中島１丁目２４番２５号６２０室,6610972
2140001112175,株式会社アルク,兵庫県,尼崎市,長洲本通２丁目９番４８号,6600803
2140001112233,松井地所株式会社,兵庫県,尼崎市,西難波町５丁目６番１０号,6600893
2140001112266,株式会社真弥建設,兵庫県,尼崎市,神田中通３丁目７３番地,6600884
2140001112282,株式会社パシフィックエステート,兵庫県,尼崎市,潮江１丁目２２番１号１１９,6610976
2140001112679,株式会社四国ファーマシー,兵庫県,尼崎市,御園町２４番地尼崎第一ビル４０２号,6600861
2140001112786,株式会社ユマサ,兵庫県,尼崎市,南武庫之荘４丁目２０番８−２０１号,6610033
2140001112803,株式会社志力建設,兵庫県,尼崎市,戸ノ内町３丁目３２番２１号,6610961
2140001112902,株式会社産經新聞武庫之荘販売,兵庫県,尼崎市,武庫元町２丁目１６番１５号,6610043
2140001112984,株式会社アンド・ユー,兵庫県,尼崎市,御園町５４番地,6600861
2140001113198,株式会社ＲＢライジング,兵庫県,尼崎市,塚口町１丁目１２番１７号,6610002
2140001113396,株式会社ＢＲＩＺＥ,兵庫県,尼崎市,上坂部１丁目３番３１−９０１号,6610979
2140001113421,株式会社ヴィオリーナ,兵庫県,尼崎市,武庫町１丁目８番２０号,6610044
2140001113751,株式会社吉久工業,兵庫県,尼崎市,東大物町２丁目８番１０号,6600828
2140001113801,株式会社日翔工業,兵庫県,尼崎市,杭瀬南新町１丁目１５番３号,6600822
2140001114023,株式会社十代水産,兵庫県,尼崎市,潮江４丁目４番１号,6610976
2140001114031,株式会社スペースサポート,兵庫県,尼崎市,西立花町２丁目１番８−１０７号,6600054
2140001114130,タイヨーバイオテック株式会社,兵庫県,尼崎市,平左衛門町１８−４４,6600087
2140001114205,株式会社Ｗ’ｚテクノ,兵庫県,尼崎市,東園田町１丁目２１１番地の１ヴェルドミール園田３０３号室,6610953
2140001114262,株式会社ラブリーケアステーション,兵庫県,尼崎市,尾浜町３丁目２４番１３号,6610022
2140001114270,株式会社アルファ,兵庫県,尼崎市,水堂町３丁目１番２１号中塚ビル,6610026
2140001114329,ＥＴＡプロパティーズ株式会社,兵庫県,尼崎市,東難波町５丁目７番２６号,6600892
2140001114411,ＰＡＩＮＡ株式会社,兵庫県,尼崎市,田能３丁目２番２２号,6610951
2140001114510,株式会社ＡＱＳ,兵庫県,尼崎市,東難波町５丁目２番１２号,6600892
2140001114898,アイビーズ株式会社,兵庫県,尼崎市,南武庫之荘２丁目１９番２０号ＭＡＰＬＥ１０２号,6610033
2140001115046,Ｈ＆Ｔクリエーション株式会社,兵庫県,尼崎市,南塚口町１丁目３番６号,6610012
2140001115112,株式会社一一,兵庫県,尼崎市,南武庫之荘３丁目２番１号,6610033
2140001115401,株式会社テクサス,兵庫県,尼崎市,富松町４丁目２６番１２号,6610003
2140001115500,株式会社エンゼル不動産,兵庫県,尼崎市,南塚口町５丁目１３番３２号,6610012
2140001115632,株式会社ＮＥＸＴ,兵庫県,尼崎市,久々知２丁目２９番１３号,6610977
2140001115954,株式会社ひなた,兵庫県,尼崎市,東難波町２丁目５番１６号,6600892
2140001116077,株式会社ワイドゲート,兵庫県,尼崎市,西本町６丁目２３９−２,6600874
2140001116093,株式会社ビュージェクション,兵庫県,尼崎市,武庫之荘東１丁目１６番３号,6610032
2140001116275,ｓｗｉｎｇ　ｂｉｚ株式会社,兵庫県,尼崎市,御園町２４尼崎第一ビル５Ｆ,6600861
2140001116283,株式会社金子ホームテック,兵庫県,尼崎市,名神町１丁目１０番１号クリアレジデンス塚口Ｂ１階,6610021
2140001116317,株式会社ボーティングサポート,兵庫県,尼崎市,武庫之荘５丁目１５番３−４０４号,6610035
2140001116325,株式会社ベギラマ,兵庫県,尼崎市,塚口町３丁目４０番８−１０３号,6610002
2140001116746,株式会社４Ｓｐｒｉｎｇ,兵庫県,尼崎市,武庫町２丁目２４番１号,6610044
2140001116779,株式会社Ｃｌｅａｎ　Ｄａｙｓ,兵庫県,尼崎市,上ノ島町３丁目１６番１号,6610014
2140001116795,スタンデュース株式会社,兵庫県,尼崎市,元浜町３丁目１１−１リバーサイド武庫川１０７,6600085
2140001116911,株式会社ＮＤＩコーポレーション,兵庫県,尼崎市,道意町６丁目９番地,6600083
2140001116928,株式会社ファーマシーフォー,兵庫県,尼崎市,御園町２４番地尼崎第一ビル４０２号,6600861
2140001116952,ペイフォワード株式会社,兵庫県,尼崎市,西大物町１２番５５−２２０７号,6600827
2140001117372,株式会社アイ．エイ．エム,兵庫県,尼崎市,七松町１丁目３番２フェスタ立花南館ウェスト２２０２号,6600052
2140001117653,ジョブホ株式会社,兵庫県,尼崎市,武庫之荘２丁目４番７号,6610035
2140001117752,株式会社エイワ建装,兵庫県,尼崎市,金楽寺町２丁目３５番１号１０２,6600806
2140001117760,株式会社プライベートウエスト,兵庫県,尼崎市,御園町２４番地尼崎第一ビル４０２号,6600861
2140001117785,株式会社ＤＡＩＫＡＮ,兵庫県,尼崎市,崇徳院１丁目３番地の６,6600071
2140001117959,株式会社正和テック,兵庫県,尼崎市,富松町３丁目２９−７,6610003
2140001117967,株式会社平滝工務店,兵庫県,尼崎市,東園田町２丁目１１８番地の３,6610953
2140001118156,Ｎ−ｓｔｙｌｅ株式会社,兵庫県,尼崎市,大庄川田町３２番地オフィスプラザ弓場ノ先ＩＩ（Ａ棟）,6600072
2140001118164,株式会社島正,兵庫県,尼崎市,大庄北５丁目２番４１号,6600063
2140001118222,ＯＡＫ技研株式会社,兵庫県,尼崎市,御園１丁目１７番３−Ｂ号,6610984
2140001118296,株式会社マックス,兵庫県,尼崎市,長洲西通１丁目２番３−１３０１号,6600807
2140001118321,株式会社ＳＴ,兵庫県,尼崎市,神田北通９丁目２２９番地の１３,6600883
2140001118354,株式会社ＬＩＳＴＡ,兵庫県,尼崎市,塚口町１丁目３番地の５ワコーレ塚口駅前ファーストエンブレム８０９号,6610002
2140001118453,松原技研株式会社,兵庫県,尼崎市,元浜町１丁目２６番地の１９,6600085
2140001118478,株式会社サングリエ,兵庫県,尼崎市,塚口町６丁目６１番地の５,6610002
2140001118593,やまと商会株式会社,兵庫県,尼崎市,水堂町４丁目１８番１４号,6610026
2140001118635,エクスケアダクト株式会社,兵庫県,尼崎市,戸ノ内町５丁目１０番１６号,6610961
2140001118676,株式会社ＩＳＥＥ,兵庫県,尼崎市,尾浜町１丁目３０番１７号,6610022
2140001118783,至誠株式会社,兵庫県,尼崎市,塚口町５丁目２９番地の２,6610002
2140001118809,株式会社ＧＩＶＥ＆ＮＥＸＴ,兵庫県,尼崎市,南塚口町３丁目１３−６−１Ｆ,6610012
2140001119039,株式会社尼三システム,兵庫県,尼崎市,道意町６丁目２番地の２６,6600083
2140001119435,ファーマシーパートナーズ株式会社,兵庫県,尼崎市,御園町２４番地尼崎第一ビル４０２号,6600861
2140001119708,コムテック株式会社,兵庫県,尼崎市,東難波町３丁目２１−２８,6600892
2140001120046,株式会社協和機工,兵庫県,尼崎市,西昆陽２丁目９番１号パレ武庫川プルミエール２０８３号,6610047
2140001120343,光栄産業株式会社,兵庫県,尼崎市,元浜町２丁目７番地の２,6600085
2140001120418,株式会社アルトホープ,兵庫県,尼崎市,立花町１丁目２１番１５号フローラルコート４０５,6610025
2140001120590,ＦＦ株式会社,兵庫県,尼崎市,武庫之荘２丁目１０番８号,6610035
2140001120905,株式会社アームズ,兵庫県,尼崎市,武庫之荘５丁目３８番２号,6610035
2140001120913,ユウシン地所株式会社,兵庫県,尼崎市,南武庫之荘１丁目１２番６号,6610033
2140001121085,株式会社Ｌ＆Ｒ,兵庫県,尼崎市,長洲西通１丁目４番６号,6600807
2140001121102,東システム開発株式会社,兵庫県,尼崎市,上坂部１丁目１番３−１３１６号,6610979
2140001121143,株式会社澤田工業,兵庫県,尼崎市,築地１丁目３番１６号,6600858
2140001121267,株式会社ケーツーフーズ,兵庫県,尼崎市,大物町１丁目３番２５号,6600823
2140001121291,株式会社ＮＥＸＲＥＡＭ,兵庫県,尼崎市,水堂町４丁目５番１号,6610026
2140001121366,株式会社ピエリス,兵庫県,尼崎市,南塚口町１丁目１４番２７号,6610012
2140001121390,ファースト警備株式会社,兵庫県,尼崎市,御園町３５番ＭＡＲＵＴＯＡＭＡＧＡＳＡＫＩビル７Ｆ,6600861
2140001121589,株式会社ミラパト,兵庫県,尼崎市,昭和通２丁目７番１号ニューアルカイックビル,6600881
2140001121713,株式会社ＨＡＲＵＫＡ,兵庫県,尼崎市,南武庫之荘４丁目２番２３号,6610033
2140001121746,株式会社ワークオリティ,兵庫県,尼崎市,尾浜町１丁目１番５号,6610022
2140001121770,株式会社ＳＡＫＡＭＯＴＯ,兵庫県,尼崎市,南武庫之荘２丁目２４番３２−３０７号,6610033
2140001121804,株式会社エー・フィールド,兵庫県,尼崎市,立花町２丁目１３番２０号,6610025
2140001121853,株式会社優良塾,兵庫県,尼崎市,常吉２丁目３番１０号１階,6610042
2140001121903,株式会社ワンハート,兵庫県,尼崎市,常松１丁目５番２０−４０６号,6610046
2140001121977,大迫商亊株式会社,兵庫県,尼崎市,食満５丁目２０番１−３０６号,6610982
2140001122199,エスディプロジェクトジャパン株式会社,兵庫県,尼崎市,立花町２丁目１８番３８号シャルマン立花１０３,6610025
2140001122257,稲葉自動車工業株式会社,兵庫県,尼崎市,南塚口町５丁目１７−１７,6610012
2140001122447,株式会社梅田住建,兵庫県,尼崎市,下坂部１丁目２２番９号,6610975
2140001122546,Ｔｈｅ　Ｇｒｅｅｎ＆Ｃｏ．株式会社,兵庫県,尼崎市,東塚口町１丁目１１番１−１１７号,6610011
2140001122612,株式会社Ａ・Ｉ建築設計室,兵庫県,尼崎市,武庫之荘１丁目１４番１２号,6610035
2140001122620,株式会社Ｓｔａｙ　Ｄｒｅａｍ,兵庫県,尼崎市,御園町２４番地尼崎第一ビル４０２号,6600861
2140001122810,株式会社ソウエイ,兵庫県,尼崎市,東難波町４丁目２番１９号,6600892
2140001122967,株式会社コーナン感染対策総合研究所,兵庫県,尼崎市,武庫町４丁目８番２０号,6610044
2140001123156,株式会社和栄,兵庫県,尼崎市,武庫之荘本町３丁目１０番５−１号,6610031
2140001123461,株式会社ゆゆ,兵庫県,尼崎市,西長洲町２丁目３２番３号,6600805
2140001123602,株式会社立花工業所,兵庫県,尼崎市,水堂町２丁目２４番１０号,6610026
2140001123643,株式会社Ｐｌａｃｅ　ｏｆ　Ｏｒｉｇｉｎ,兵庫県,尼崎市,大庄西町１丁目３３番３６−３０７号,6600077
2140001123668,株式会社共育忍者堂,兵庫県,尼崎市,昭和通２丁目６番６８号,6600881
2140001123684,株式会社建人技研,兵庫県,尼崎市,杭瀬本町２丁目４番６号,6600814
2140001123759,株式会社ウイルアクセス,兵庫県,尼崎市,玄番北之町３８番地１,6600872
2140001123767,オリト不動産株式会社,兵庫県,尼崎市,南塚口町１丁目１−１−２階,6610012
2140001123949,生島エンジニアリング株式会社,兵庫県,尼崎市,東難波町１丁目４番１７号,6600892
2140001123981,株式会社風のくらし,兵庫県,尼崎市,道意町６丁目３番地の１,6600083
2140001124022,株式会社ロックナインサービス,兵庫県,尼崎市,西立花町２丁目２０番９号,6600054
2140001124055,四鬼建設株式会社,兵庫県,尼崎市,田能２丁目６−１１,6610951
2140001124278,株式会社エムエフディ,兵庫県,尼崎市,次屋１丁目１４番１５号,6610965
2140001124286,フィデリティキャピタル株式会社,兵庫県,尼崎市,御園町２４番地尼崎第一ビル４０２号,6600861
2140001124303,株式会社ビルドプラス,兵庫県,尼崎市,西川２丁目４４番１−１１０号,6610966
2140001124328,株式会社ジープラス建設,兵庫県,尼崎市,西立花町３丁目１９番８号東洋ハウス１０１号,6600054
2140001124435,株式会社秀工業,兵庫県,尼崎市,田能３丁目３−９,6610951
2140001124609,株式会社三文社,兵庫県,尼崎市,北城内１１０番地,6600826
2140001124617,株式会社ＳＯＪ４１８,兵庫県,尼崎市,武庫豊町３丁目４番１−６２４号,6610045
2140001124699,株式会社ＡＣＬエンターテインメント,兵庫県,尼崎市,東園田町９丁目１７番地の１４園田駅前ビル５０３号室,6610953
2140001124740,株式会社Ｔｒｅｖｅｒｚ,兵庫県,尼崎市,南塚口町５丁目１４−１２、３Ｆ,6610012
2140001124897,タカラテック株式会社,兵庫県,尼崎市,南武庫之荘６丁目１４番１１号,6610033
2140001124914,株式会社Ｋ−ＩＮＴＥＲＩＯＲＷＯＲＫＳ,兵庫県,尼崎市,武庫之荘１丁目３７番２４−３０６号,6610035
2140001124988,株式会社フジリアルエステート,兵庫県,尼崎市,武庫之荘１丁目２１番２号１０１,6610035
2140001125433,株式会社ＦＵＺＩＸ,兵庫県,尼崎市,建家町５２番地オリオンハープクリーク４０２,6600871
2140001125441,株式会社酒井商店,兵庫県,尼崎市,浜田町５丁目２１番地３０１号,6600062
2140001125466,株式会社ＦＫ,兵庫県,尼崎市,尾浜町２丁目２５番１６−１号,6610022
2140001125648,株式会社おりーぶ,兵庫県,尼崎市,大庄中通１丁目７１−１−３０２,6600075
2140001125672,プライムキャピタル株式会社,兵庫県,尼崎市,御園町２４番地尼崎第一ビル４０２号,6600861
2140001125953,河村工業株式会社,兵庫県,尼崎市,立花町２丁目２３番２３号,6610025
2140001126126,株式会社鮫島電設,兵庫県,尼崎市,西難波町２丁目２１番１０号,6600893
2140001126175,株式会社Ａ．ｍｉｓｔ,兵庫県,尼崎市,下坂部４丁目７番５号,6610975
2140001126200,ｅ‐ｈｏｍｅｓ株式会社,兵庫県,尼崎市,稲葉元町３丁目２２番１２号,6600055
2140001126381,永善商事株式会社,兵庫県,尼崎市,東難波町４丁目２番２９号,6600892
2140001126480,株式会社水田音響,兵庫県,尼崎市,西立花町２丁目２２−１７,6600054
2140001126670,株式会社丸宮,兵庫県,尼崎市,武庫之荘本町３丁目７番１０−２０３号,6610031
2140001126919,株式会社ひいらぎ,兵庫県,尼崎市,南武庫之荘３丁目８番１−３０３号,6610033
2140001127066,株式会社ＣＲＯＳＳ．８,兵庫県,尼崎市,食満５丁目２２番３２−３号,6610982
2140001127157,株式会社ｇｒｏｗ　ｕｐ,兵庫県,尼崎市,神田北通２丁目１２番地の１大陽ビルディング１Ｆ,6600883
2140001127322,株式会社心楽,兵庫県,尼崎市,東難波町２丁目９番２３号ファミール難波４０１号,6600892
2140001127347,株式会社優,兵庫県,尼崎市,大庄中通３丁目３０番地の１,6600075
2140001127512,株式会社平山建設,兵庫県,尼崎市,水堂町４丁目３番１０−９０２号,6610026
2140001127586,株式会社フドウ,兵庫県,尼崎市,大島２丁目４番２１号１０号室,6600076
2140001127611,株式会社ユレイン,兵庫県,尼崎市,次屋２丁目２４番９号,6610965
2140001127727,株式会社フォルクス,兵庫県,尼崎市,立花町２丁目２−９ＦＯＫビル１Ｆ,6610025
2140001127792,河野電気工事株式会社,兵庫県,尼崎市,武庫之荘東１丁目７番２２号,6610032
2140001128007,ＨＡＮＡ株式会社,兵庫県,尼崎市,東園田町９丁目１７番地の１７,6610953
2140001128056,株式会社介護福祉人財サービス,兵庫県,尼崎市,南塚口町１丁目３０−１１−３Ｆ,6610012
2140001128114,株式会社メンテック,兵庫県,尼崎市,昭和南通５丁目７５番地の１,6600882
2140001128345,株式会社アマテラス,兵庫県,尼崎市,武庫之荘１丁目７番２号,6610035
2140001128510,株式会社Ｅ‐ＷＡＶＥ,兵庫県,尼崎市,武庫之荘１丁目９番６−２０９号,6610035
2140001128584,株式会社Ｂｅｙｏｎｄ‐Ｚｅｒｏ,兵庫県,尼崎市,大西町１丁目８番１８号,6610023
2140001128717,株式会社スタリード,兵庫県,尼崎市,西本町６丁目２４２,6600874
2140001128790,神村建設株式会社,兵庫県,尼崎市,南塚口町８丁目７番１号,6610012
2140001128832,株式会社エヌアールエヌ,兵庫県,尼崎市,武庫之荘本町３丁目１７番２０号,6610031
2140001128931,日本ボディコート株式会社,兵庫県,尼崎市,西長洲町２丁目５番３号,6600805
2140001129054,株式会社ＧＬＡＮ,兵庫県,尼崎市,元浜町３丁目４６番地の１３,6600085
2140001129120,株式会社ストレングスアスリード,兵庫県,尼崎市,武庫之荘５丁目３２番３０号,6610035
2140001129137,株式会社令和システム,兵庫県,尼崎市,田能２丁目７番９号,6610951
2140001129260,株式会社水響舎,兵庫県,尼崎市,武庫町４丁目１０番４号３号,6610044
2140001129533,株式会社ひびき,兵庫県,尼崎市,大島１丁目５番１１号,6600076
2140001129616,株式会社シセイ,兵庫県,尼崎市,崇徳院２丁目８５番地２,6600071
2140001129649,株式会社ハート,兵庫県,尼崎市,下坂部２丁目１６番６号,6610975
2140001129657,株式会社サードプレイス,兵庫県,尼崎市,西立花町２丁目１番８−２０１,6600054
2140001129756,株式会社高橋管工業,兵庫県,尼崎市,大庄北３丁目５番１号,6600063
2140001129896,株式会社ｓｈａｎ,兵庫県,尼崎市,潮江５丁目２番２５−４０３号,6610976
2140001129970,株式会社青蘭,兵庫県,尼崎市,水堂町３丁目１７番２７号デイグラン武庫之荘２１５,6610026
2140001130004,株式会社リ・テック,兵庫県,尼崎市,杭瀬南新町４丁目１０番７号,6600822
2140001130094,株式会社サンセイエンジ,兵庫県,尼崎市,杭瀬北新町１丁目６−１０,6600815
2140001130210,株式会社Ｓｈｉｒｏｍａｌｉ,兵庫県,尼崎市,次屋１丁目２０番２号,6610965
2140001130318,株式会社タレントフォースケイ,兵庫県,尼崎市,塚口町１丁目２４番地の１１−３０１号,6610002
2140001130400,大納株式会社,兵庫県,尼崎市,七松町１丁目３番２−１８０２号,6600052
2140001130441,ＡＩＥ　ＤＥＳＩＧＮ　ＨＯＭＥ株式会社,兵庫県,尼崎市,南塚口町１丁目３番１４号,6610012
2140001130680,株式会社キリシマ,兵庫県,尼崎市,御園町２４番地尼崎第一ビル４０２号,6600861
2140001130846,株式会社ベストパートナーズ,兵庫県,尼崎市,上ノ島町１丁目１５番１号,6610014
2140001130953,株式会社ＮｅｘｔＳｅｅｄ,兵庫県,尼崎市,西難波町５丁目９−４−２０１,6600893
2140001131002,ＫＰＳ株式会社,兵庫県,尼崎市,西立花町３丁目６−３ライゼホビー６号室,6600054
2140001131084,株式会社ＩＭＡＩホールディングス,兵庫県,尼崎市,大浜町１丁目４９番地,6600095
2140001131092,株式会社ＬＩＢ,兵庫県,尼崎市,口田中２丁目７番６号,6610983
2140001131101,株式会社ｃｏｃｏｉｃｏ,兵庫県,尼崎市,南武庫之荘９丁目２０番１８−２号,6610033
2140001131712,株式会社松建,兵庫県,尼崎市,次屋２丁目２５番３号,6610965
2140001131778,福田株式会社,兵庫県,尼崎市,東難波町４丁目１８番３２−４１２号,6600892
2140001131910,株式会社ともに,兵庫県,尼崎市,大西町３丁目５番２１号,6610023
2140001132009,株式会社Ｓ　ｃｏｒｐｏｒａｔｉｏｎ,兵庫県,尼崎市,琴浦町４６−１−２Ｆ−３,6600074
2140001132116,株式会社ＣＲアドバンス,兵庫県,尼崎市,久々知西町２丁目７番１５号,6610978
2140001132157,株式会社Ｒｅ　ｐｌｕｓ,兵庫県,尼崎市,浜３丁目２番４−１０１号,6610967
2140001132248,株式会社Ｔ’ｓ　Ｆａｃｔｏｒｙ,兵庫県,尼崎市,久々知西町２丁目１番１５号,6610978
2140001132561,株式会社ＫＰＳ,兵庫県,尼崎市,神田中通２丁目２７番地１９シロハイヌ阪神尼崎３０１号室,6600884
2140001132586,株式会社Ｂｅ‐ＺＥＲＯ,兵庫県,尼崎市,南塚口町１丁目１２番８号５０３号室,6610012
2140001132677,株式会社丸一ホールディングス,兵庫県,尼崎市,杭瀬北新町３丁目２番２８号,6600815
2140001132826,株式会社ＡＲＣＲＥＥＤ,兵庫県,尼崎市,立花町３丁目２４番１７−４０１号,6610025
2140001132875,株式会社Ｇｒｅｅｎ・ｐａｒｔｎｅｒｓ,兵庫県,尼崎市,東難波町５丁目１番２号１階Ａ号室,6600892
2140001132933,株式会社小鉄,兵庫県,尼崎市,富松町３丁目３番１７号,6610003
2140001133295,株式会社フォレスト,兵庫県,尼崎市,武庫之荘本町１丁目８番６号,6610031
2140001133485,株式会社ＭＫ不動産,兵庫県,尼崎市,東園田町４丁目９６番地の５松田マンション１Ａ号室,6610953
2140001133709,株式会社貴建,兵庫県,尼崎市,若王寺２丁目３７番１５号,6610974
2140001133832,株式会社リディア,兵庫県,尼崎市,武庫之荘東１丁目１９番２５号パレ武庫之荘東２ー１０１号室,6610032
2140001134062,拓殖電気株式会社,兵庫県,尼崎市,南武庫之荘８丁目９−４−１０１,6610033
2140001134145,株式会社日通広告社,兵庫県,尼崎市,武庫川町２丁目１０−１−８０１,6600084
2140001134178,株式会社あざらし,兵庫県,尼崎市,南塚口町７丁目１２番１３号,6610012
2140001134343,株式会社ＹＵＫＡＮ,兵庫県,尼崎市,武庫豊町２丁目２番１１号,6610045
2140001134533,株式会社ＮｅｘｔＦｏｒｗａｒｄ,兵庫県,尼崎市,昭和通５丁目１６１番地第４神崎ビル,6600881
2140001134673,株式会社ツカサプラミング,兵庫県,尼崎市,元浜町１丁目６７番地２,6600085
2140001134888,株式会社オレンジカンパニー,兵庫県,尼崎市,武庫町２丁目３番７号,6610044
2140001135036,株式会社ＳＫファクトリー,兵庫県,尼崎市,食満２丁目２１−１７,6610982
2140001135176,ＳＧＴ株式会社,兵庫県,尼崎市,大庄西町３丁目１６番１５号,6600077
2140001135366,株式会社ブラックオーシャン,兵庫県,尼崎市,武庫之荘３丁目４番１８号,6610035
2140001135374,株式会社カーケミカルサポート,兵庫県,尼崎市,杭瀬南新町４丁目４番８−２１２号,6600822
2140001135424,株式会社関通ＷｅｓｔＬｏｇｉｓｔｉｃｓ,兵庫県,尼崎市,西向島町１１１番地の４,6600857
2140001135498,株式会社ｉｉｃｏｓ,兵庫県,尼崎市,杭瀬本町２丁目１１番１０号,6600814
2140001135746,株式会社淡路島御膳奉行,兵庫県,尼崎市,東七松町２丁目２番１０号,6600051
2140001135754,株式会社Ｒａｙ,兵庫県,尼崎市,西本町３丁目５番地６０１,6600874
2140001136224,ＡＷＨ株式会社,兵庫県,尼崎市,潮江１丁目２２番１−７１７号,6610976
2140001136653,株式会社ＹＲＭ,兵庫県,尼崎市,南清水２９番２８号ネオヴェール９７−１０１,6610985
2140001136884,ｓａｉ株式会社,兵庫県,尼崎市,南塚口町２丁目１３番１８号リーガルビル３Ｆ,6610012
2140001137024,株式会社ファーストホーム,兵庫県,尼崎市,浜田町２丁目６５番地の３,6600062
2140001137065,株式会社ＡＴＡＲＩ,兵庫県,尼崎市,武庫元町２丁目１８番８号,6610043
2140001137073,ＧＨＭ　ＪＡＰＡＮ株式会社,兵庫県,尼崎市,塚口本町２丁目２１−２５−２０１,6610001
2140001137214,株式会社原組,兵庫県,尼崎市,浜２丁目２３番２５号,6610967
2140001137445,雄輝株式会社,兵庫県,尼崎市,南塚口町８丁目１６番２８号アグレアーブル塚口１０２,6610012
2140001137544,株式会社ＣｏｚｙＤｅｓｉｇｎ,兵庫県,尼崎市,塚口本町１丁目９番１号,6610001
2140001137560,豊金属商事株式会社,兵庫県,尼崎市,名神町３丁目８−２８,6610021
2140001137610,株式会社シティーライフ断熱,兵庫県,尼崎市,常吉２丁目１２番１号,6610042
2140001137627,株式会社健やかライン,兵庫県,尼崎市,昭和南通７丁目１８０番地の１−６０２号,6600882
2140001137701,株式会社ＴＮＰ,兵庫県,尼崎市,高田町１３番３号,6610963
2140001138030,株式会社ＲＢ　ＭＥＤＩＡ　ＨＯＵＳＥ,兵庫県,尼崎市,塚口町１丁目１２番１７号,6610002
2140001138055,株式会社ＴＥＩＫＥＮ,兵庫県,尼崎市,富松町３丁目３０番１９号,6610003
2140001138542,株式会社グランミート,兵庫県,尼崎市,杭瀬北新町１丁目１番１５号,6600815
2140001138550,株式会社ケーワイエヌ,兵庫県,尼崎市,武庫之荘本町３丁目２番２８号,6610031
2140001138591,光技建工業株式会社,兵庫県,尼崎市,南武庫之荘３丁目１番７号４０１,6610033
2140001138765,株式会社サングリーン,兵庫県,尼崎市,七松町２丁目４番１７−３０２号,6600052
2140001138955,株式会社カケタズ,兵庫県,尼崎市,元浜町４丁目７６番６号セントグレース武庫川ＩＩ１０２号室,6600085
2140001139177,株式会社まごころハンドキャリー,兵庫県,尼崎市,田能４丁目１番２３号,6610951
2140001139243,Ｍ・Ｉ電器株式会社,兵庫県,尼崎市,今福２丁目１９−１０,6600812
2140001139251,株式会社ＨＡＰＯＲＡ,兵庫県,尼崎市,西昆陽１丁目１−１０,6610047
2140001139301,株式会社ＹＳ技建,兵庫県,尼崎市,大庄中通１丁目６２番地５,6600075
2140001139359,株式会社Ｒ２ＦＩＥＬＤ,兵庫県,尼崎市,大西町２丁目４番２５号,6610023
2140001139367,株式会社Ｔｅｇａｒ,兵庫県,尼崎市,武庫之荘７丁目２番１号,6610035
2140001139400,株式会社ｗｅｌｃｏｍｅ,兵庫県,尼崎市,東難波町５丁目８番２６号,6600892
2140001139466,株式会社Ｋ,兵庫県,尼崎市,南武庫之荘７丁目１６番１号アートフェリス１Ｆ,6610033
2140001139598,株式会社ＲｉｓｅＷｏｒｋｓ,兵庫県,尼崎市,武庫豊町２丁目１０−７−１０２,6610045
2140001139607,ＲＥＭＯ株式会社,兵庫県,尼崎市,武庫之荘東２丁目１６番１３−４号,6610032
2140001140201,株式会社Ｙ２Ｋ,兵庫県,尼崎市,道意町１丁目１番地の３４ノイヴェル道意町３０３,6600083
2140001140390,山上包装器材株式会社,兵庫県,尼崎市,西難波町４丁目４−５ライゼホビー０６号,6600893
2140001140440,レボリューション株式会社,兵庫県,尼崎市,西大物町１２−４１,6600827
2140001140465,株式会社関通ＥａｓｔＬｏｇｉｓｔｉｃｓ,兵庫県,尼崎市,西向島町１１１番地の４,6600857
2140001140548,株式会社ＦＫＹ,兵庫県,尼崎市,南武庫之荘１丁目２９番１４号,6610033
2140001140564,ＡＩＲ株式会社,兵庫県,尼崎市,大島１丁目２８番９−１０５号,6600076
2140001140671,株式会社ＳＧ,兵庫県,尼崎市,久々知１丁目２７番５号,6610977
2140001140705,株式会社ＬＯＵＩＳ,兵庫県,尼崎市,若王寺３丁目１５番３５−１０１号,6610974
2140001141042,株式会社Ｇｌｏｗ　ｕｐ,兵庫県,尼崎市,若王寺３丁目１４−１７旭ハイツ１０４号,6610974
2140001141091,ＶＯＲＴＥＣＨ株式会社,兵庫県,尼崎市,武庫之荘１丁目５番１１号,6610035
2140001141100,株式会社ＫｎＴ技建,兵庫県,尼崎市,富松町２丁目１３番２３号,6610003
2140001141117,上田溶工株式会社,兵庫県,尼崎市,浜３丁目１３番３０号,6610967
2140001141232,Ｌｃａｐｉｔａｌ株式会社,兵庫県,尼崎市,七松町３丁目８番２３号レジーナコート７Ｆ−０２,6600052
2140001141273,デジタル・テクノロジー・システム株式会社,兵庫県,尼崎市,南塚口町１丁目２６番２８号南塚口ビル本館５Ｆ,6610012
2140001141430,株式会社センツウ,兵庫県,尼崎市,立花町３丁目５番１５号,6610025
2140001141463,株式会社ＴＡＫＡＲＡＫＯＧＹＯ,兵庫県,尼崎市,立花町３丁目３３−１０−１０１,6610025
2140001141496,株式会社大美クリーン,兵庫県,尼崎市,杭瀬南新町２丁目５番１７号Ｃ号,6600822
2140001141728,敷津西Ａ株式会社,兵庫県,尼崎市,東園田町９丁目１５番地の２,6610953
2140001141901,株式会社山畑組,兵庫県,尼崎市,杭瀬北新町３丁目２０番４３号,6600815
2140001142107,ＫＯＢＥＪＰＸＧＲＯＵＰ株式会社,兵庫県,尼崎市,昭和通２丁目７番１号アルカイックビル９Ｆ,6600881
2140001142123,株式会社Ｋｅｙｔｅｎ,兵庫県,尼崎市,東難波町５丁目１７番２３号第一住建尼崎ビル６階,6600892
2140001142172,株式会社五興,兵庫県,尼崎市,大庄北４丁目２１番２２号,6600063
2140001142206,株式会社谷口一門,兵庫県,尼崎市,南武庫之荘３丁目３６,6610033
2140001142346,Ｃｙｂｅｒ　Ｇｏｖｅｒｎａｎｃｅ　Ｌａｂ株式会社,兵庫県,尼崎市,西向島町１１１番地の４,6600857
2140001142387,株式会社Ｍｅｄｉａ　Ｂａｓｅ,兵庫県,尼崎市,次屋３丁目３番５６−Ａ号,6610965
2140001142602,株式会社松和工業,兵庫県,尼崎市,七松町１丁目３番１−２２０７号,6600052
2140002040739,株式会社ケイ・ジェイ,兵庫県,尼崎市,塚口町３丁目３６番地の３,6610002
2140002041968,株式会社西岡忠商店,兵庫県,尼崎市,神田南通３丁目７３番地,6600885
2140002042891,株式会社森新地所,兵庫県,尼崎市,南武庫之荘８丁目１８番２８号,6610033
2140002043452,Ｋ２パートナーズ株式会社,兵庫県,尼崎市,昭和通２丁目７番１号,6600881
2140002063120,株式会社長坂コマース,兵庫県,尼崎市,潮江４丁目４番１号,6610976
2140002063979,ＳＡＳＡＢＥＡＮＳ　ＣＨＯＣＯＬＡＴＥ株式会社,兵庫県,尼崎市,富松町３丁目２番４３号,6610003
2140003006573,株式会社太陽のこころ,兵庫県,尼崎市,東園田町４丁目１０７番地の３,6610953
2140003006796,ＡＲＴＳ株式会社,兵庫県,尼崎市,塚口町２丁目２９番地の１,6610002
2140003009097,株式会社スターリングワーカーズクラブ,兵庫県,尼崎市,常松１丁目３番４号,6610046
2140003010823,にこママクラブ株式会社,兵庫県,尼崎市,上ノ島町３丁目２８番１４号北村ハイツ２０１号,6610014
2140003015624,ＲＥＣＩＭ株式会社,兵庫県,尼崎市,崇徳院２丁目３番地の２、１階,6600071
2150001019353,株式会社ｍａｔｕｋｙｕ,兵庫県,尼崎市,上ノ島町２丁目２０番１３号,6610014
2160001021028,クリスタル株式会社,兵庫県,尼崎市,東園田町２丁目２２７番地の１,6610953
2190001009994,ケアコール株式会社,兵庫県,尼崎市,南武庫之荘４丁目２１番１号,6610033
2200001036590,株式会社Ｒｉｓｅ　Ｇｒｏｕｐ,兵庫県,尼崎市,杭瀬寺島１丁目１５番５号ピュアフィールド杭瀬寺島２０２,6600813
2240001041018,株式会社志堂,兵庫県,尼崎市,塚口本町１丁目２番１３号サンリエ塚口１０１,6610001
2270001007817,株式会社ハラダ,兵庫県,尼崎市,大西町２丁目４番１０号,6610023
2380001021451,株式会社エムエーティー,兵庫県,尼崎市,水堂町３丁目１６番９号,6610026
2500001020713,株式会社Ｋ‐Ｓｔｙｌｅ,兵庫県,尼崎市,武庫之荘４丁目１１番７号,6610035
3010001094888,住精ハイドロシステム株式会社,兵庫県,尼崎市,扶桑町１番１０号,6600891
3010401097020,株式会社Ｊａｃｋ,兵庫県,尼崎市,東園田町６丁目９４番地の６,6610953
3010401142362,グローバル・エイチ株式会社,兵庫県,尼崎市,御園町２４番地尼崎第一ビル４０２号,6600861
3010401145316,からだ学研究所株式会社,兵庫県,尼崎市,西大物町１２番５５号ルネセントラルタワー１７１０号室,6600827
3011101061662,株式会社ジャパン４ｕ企画,兵庫県,尼崎市,東難波町４丁目１１番２３号,6600892
3020001110297,わんぱく株式会社,兵庫県,尼崎市,尾浜町２丁目２３番２０号,6610022
3020001135930,株式会社ウィーズＧ,兵庫県,尼崎市,御園町２４番５０２,6600861
3030001131961,ＧＢ株式会社,兵庫県,尼崎市,玄番北之町２６番地の１−１２１８,6600872
3120001024405,株式会社テイトク・リミテッド・カンパニー,兵庫県,尼崎市,崇徳院１丁目１３番１２号,6600071
3120001028918,株式会社後藤組,兵庫県,尼崎市,西難波町１丁目５番１５号,6600893
3120001041771,株式会社エドワーズ,兵庫県,尼崎市,東園田町５丁目５７番地の１セントラルアベニュー５０６,6610953
3120001047083,株式会社農産アグリーン,兵庫県,尼崎市,昭和南通３丁目２６番地,6600882
3120001047281,株式会社ボーイ・カンパニー,兵庫県,尼崎市,西長洲町２丁目２５番１８号,6600805
3120001049261,株式会社エィシィシィ産業,兵庫県,尼崎市,杭瀬北新町４丁目８番２号,6600815
3120001066884,多田化学機器工業株式会社,兵庫県,尼崎市,西難波町１丁目２２番３号,6600893
3120001067676,東新印刷株式会社,兵庫県,尼崎市,南初島町８番地３６,6600833
3120001074152,株式会社あーる,兵庫県,尼崎市,東七松町１丁目５番２７号,6600051
3120001078079,協西電工株式会社,兵庫県,尼崎市,杭瀬南新町２丁目７番１８号,6600822
3120001079861,株式会社笹屋,兵庫県,尼崎市,塚口町１丁目２２番地の９長光ビル２階,6610002
3120001089134,株式会社ペペローニ,兵庫県,尼崎市,東園田町３丁目１３番地の１８,6610953
3120001093490,尼崎リサーチ株式会社,兵庫県,尼崎市,浜３丁目１８番１３号,6610967
3120001099835,株式会社アルカディア・インターナショナル,兵庫県,尼崎市,東園田町９丁目１７番１２号,6610953
3120001113067,株式会社リノベーションラボ,兵庫県,尼崎市,大庄中通３丁目２５番地,6600075
3120001114040,株式会社興和サービスステーション,兵庫県,尼崎市,武庫之荘１丁目２４番１号,6610035
3120001114288,株式会社新生,兵庫県,尼崎市,御園町３９番地,6600861
3120001116128,彩食倶楽部株式会社,兵庫県,尼崎市,南武庫之荘４丁目２１番２３号ニューサン山一１０Ｄ区画,6610033
3120001116631,株式会社ｅ−ａｓｓｏｃｉａｔｉｏｎ,兵庫県,尼崎市,椎堂１丁目１４番６８−４０６号,6610952
3120001118792,株式会社ＮＬＰラーニング,兵庫県,尼崎市,元浜町３丁目１５番地,6600085
3120001120427,ＳＳＹ阪神株式会社,兵庫県,尼崎市,昭和通１丁目１２番９号,6600881
3120001124650,株式会社会計事務アウトソーシング,兵庫県,尼崎市,杭瀬本町１丁目１９番２０号,6600814
3120001132059,株式会社クリエイトブレーン,兵庫県,尼崎市,長洲東通２丁目１１−１,6600801
3120001133866,株式会社ハウスメディア,兵庫県,尼崎市,立花町３丁目１５−１５,6610025
3120001136043,株式会社フォーラム,兵庫県,尼崎市,東難波町５丁目８番２６号アネスト尼崎ビル２Ｅ号室,6600892
3120001148484,阪神佐藤興産株式会社,兵庫県,尼崎市,崇徳院２丁目１５７番地,6600071
3120001164614,リサーチ・パートナーズ株式会社,兵庫県,尼崎市,武庫之荘東１丁目１４−１０フローレンス武庫之荘Ｉ３０３号,6610032
3120001175248,株式会社ますけん,兵庫県,尼崎市,稲葉荘２丁目１５番１５−２０１号,6600064
3120001175347,株式会社ＤＳ,兵庫県,尼崎市,南塚口町１丁目１０番１５号,6610012
3120001184091,株式会社ＨＴサービス,兵庫県,尼崎市,塚口町５丁目２９番地の２,6610002
3120001184587,エーオーエスメッセ株式会社,兵庫県,尼崎市,大島１丁目５−８,6600076
3120001185585,ヨシロ機工株式会社,兵庫県,尼崎市,南初島町８番地の１９４,6600833
3120001188910,株式会社日総コーポレーション,兵庫県,尼崎市,水堂町２丁目７番１２−０５号,6610026
3120001188935,株式会社エニー,兵庫県,尼崎市,西長洲町３丁目３−１０,6600805
3120001201235,株式会社エイシン先導大阪,兵庫県,尼崎市,三反田町３丁目６番３０号,6610024
3120001204031,株式会社グルハナ,兵庫県,尼崎市,武庫之荘２丁目５番１２号,6610035
3120001204543,株式会社プラスト,兵庫県,尼崎市,東難波町４丁目５番１１号,6600892
3120001209253,株式会社エルズ,兵庫県,尼崎市,塚口町３丁目３６番地４,6610002
3120001210376,ＴＯＵＲＬＩＮＥ株式会社,兵庫県,尼崎市,長洲本通１丁目４番２０号２Ｆ,6600803
3120001212819,日太株式会社,兵庫県,尼崎市,東園田町９丁目３３番４号グリーンハイツ佐藤１０１,6610953
3120001214740,ＴＴＢ　Ｃａｐｉｔａｌ株式会社,兵庫県,尼崎市,武庫之荘２丁目１８番９号,6610035
3120001231133,株式会社ｎ‐Ｌｉｎｋｓ,兵庫県,尼崎市,神崎町８番５−３０２号,6610964
3120001232981,株式会社ＴＨＩＮＫ,兵庫県,尼崎市,武庫之荘４丁目２９番３号ＧＲＭ５−１０４,6610035
3120001235423,株式会社ＧｌｕｃｋＨａｕｓ,兵庫県,尼崎市,南武庫之荘５丁目１８番３０−１０１号,6610033
3120001246536,株式会社友,兵庫県,尼崎市,南初島町８−７３Ａｌｌｙ’ｓコーポ３０５号室,6600833
3120001267680,ＤＩＡＬＯＧＵＥ株式会社,兵庫県,尼崎市,東難波町５丁目８−２６リアライズ尼崎９Ｂ号室,6600892
3120002053717,株式会社ミントスタイル,兵庫県,尼崎市,武庫之荘西２丁目４９番１号,6610034
3120003008117,佑和物流株式会社,兵庫県,尼崎市,久々知２丁目１３番２０号,6610977
3120003022968,株式会社レナトス,兵庫県,尼崎市,扇町２０番地４階Ａ−１ロジポート尼崎,6600096
3120101029361,株式会社コアテクノ,兵庫県,尼崎市,下坂部３丁目４番３０号,6610975
3120101048956,株式会社カイト,兵庫県,尼崎市,七松町１丁目２−１−１１０８,6600052
3120101052132,株式会社キーファミリー,兵庫県,尼崎市,玄番北之町１３番地,6600872
3120901002303,株式会社ユニテック,兵庫県,尼崎市,大浜町１丁目５８番１号,6600095
3120901015544,株式会社ＳＶＴ,兵庫県,尼崎市,高田町７番１３号,6610963
3120901019520,株式会社北氏石材店,兵庫県,尼崎市,塚口町２丁目３０番地の１５,6610002
3120901023415,汽缶プラント株式会社,兵庫県,尼崎市,上坂部３丁目１１番１−１０１６号,6610979
3120901028505,ＳＫクモノス株式会社,兵庫県,尼崎市,東難波町５丁目７番１９−７０３号,6600892
3120901028661,株式会社ナイス,兵庫県,尼崎市,武庫之荘８丁目１２番３０号,6610035
3120901028843,アリオメディカル株式会社,兵庫県,尼崎市,神崎町３９番２９号,6610964
3120901030403,株式会社Ｇｅｍｉｎｉ,兵庫県,尼崎市,東園田町９丁目１７番地の１４,6610953
3120901034882,株式会社Ｔｏｐａｚ,兵庫県,尼崎市,田能４丁目１５番１３号,6610951
3120901036482,株式会社カラメリ,兵庫県,尼崎市,塚口町５丁目３０−１−２０２,6610002
3120901036895,メディアージュ株式会社,兵庫県,尼崎市,武庫町３丁目１１番３０−１１７号,6610044
3120901037365,株式会社ビスワス,兵庫県,尼崎市,戸ノ内町２丁目１−７,6610961
3120901039015,株式会社太星,兵庫県,尼崎市,戸ノ内町３丁目３３番２１号,6610961
3120901042654,株式会社栄泰,兵庫県,尼崎市,東園田町５丁目５４番地の１１,6610953
3120902017580,株式会社井戸端興産,兵庫県,尼崎市,長洲西通１丁目８番２７号,6600807
3122001027536,株式会社Ｗｉｔｈ,兵庫県,尼崎市,南武庫之荘１丁目２５番２１号２階,6610033
3122001030300,株式会社ＢＥＳＴＳ,兵庫県,尼崎市,武庫之荘西２丁目４５番１−６０３号,6610034
3122001032511,株式会社ＢＬＪ　Ｃｏｒｐｏｒａｔｉｏｎ,兵庫県,尼崎市,七松町３丁目３−１３アンビアンス立花ビル２０１号,6600052
3122001035761,株式会社ＮａｎｏＦｉｌｍ　ＡＭＪ,兵庫県,尼崎市,戸ノ内町５丁目１−１,6610961
3130001033727,株式会社早喜,兵庫県,尼崎市,南初島町２番地４,6600833
3140001029922,株式会社隆,兵庫県,尼崎市,北大物町７−１２−１０１,6600804
3140001031894,夢創株式会社,兵庫県,尼崎市,南塚口町１丁目１２−８サウサービル５０１,6610012
3140001034220,株式会社エムジー,兵庫県,尼崎市,東難波町５丁目２−１７−４０６,6600892
3140001042009,神戸測器株式会社,兵庫県,尼崎市,南武庫之荘２丁目２４−１,6610033
3140001047288,尼崎機工株式会社,兵庫県,尼崎市,杭瀬本町３丁目５番１３号,6600814
3140001047296,尼崎研磨株式会社,兵庫県,尼崎市,大庄中通１丁目８８番地７,6600075
3140001047305,株式会社尼崎三経観光,兵庫県,尼崎市,神田北通２丁目２５番地の１,6600883
3140001047338,尼崎ドラム罐工業株式会社,兵庫県,尼崎市,東海岸町１番地の５０,6600843
3140001047346,尼崎ビジネスフォーム印刷株式会社,兵庫県,尼崎市,浜田町２丁目６９番地,6600062
3140001047354,株式会社尼崎桝千,兵庫県,尼崎市,神田中通４丁目８６番地,6600884
3140001047379,株式会社アークビルド,兵庫県,尼崎市,立花町１丁目２３番２２号パラツィーナ立花１０２号,6610025
3140001047395,アーバン・ハズ株式会社,兵庫県,尼崎市,大島３丁目５番４号,6600076
3140001047404,株式会社アイラック工産,兵庫県,尼崎市,上ノ島町２丁目１５番１７号,6610014
3140001047412,朝日建設工業株式会社,兵庫県,尼崎市,南武庫之荘８丁目３番１８号,6610033
3140001047420,朝日電設工業株式会社,兵庫県,尼崎市,西難波町３丁目２０番２９号,6600893
3140001047429,東運送株式会社,兵庫県,尼崎市,長洲西通１丁目１６番６号,6600807
3140001047437,安藤工業株式会社,兵庫県,尼崎市,中在家町４丁目５２５番地,6600851
3140001047445,株式会社アキオカ,兵庫県,尼崎市,神田中通３丁目３２番地,6600884
3140001047453,株式会社アコストップ,兵庫県,尼崎市,常松２丁目２番１１号,6610046
3140001047461,株式会社暁写真研究所,兵庫県,尼崎市,西難波町３丁目２３番５号,6600893
3140001047478,浅尾化学工業株式会社,兵庫県,尼崎市,大庄中通４丁目７番地の１,6600075
3140001047486,カントク金属株式会社,兵庫県,尼崎市,七松町３丁目７番１３号,6600052
3140001047503,株式会社アトリエ彩鳳,兵庫県,尼崎市,南塚口町１丁目１２番８号,6610012
3140001047511,株式会社阿部鉄工所,兵庫県,尼崎市,戸ノ内町５丁目７番１５号,6610961
3140001047528,浅井電機株式会社,兵庫県,尼崎市,次屋４丁目４番６号,6610965
3140001047536,尼促青果株式会社,兵庫県,尼崎市,潮江４丁目４番１号,6610976
3140001047544,尼信ビジネス・サービス株式会社,兵庫県,尼崎市,開明町２丁目１２番地,6600862
3140001047560,株式会社アメニティ,兵庫県,尼崎市,塚口町３丁目３８番地の７,6610002
3140001047602,株式会社阿波屋,兵庫県,尼崎市,南七松町１丁目５番１号,6600053
3140001047610,株式会社イーズ,兵庫県,尼崎市,武庫之荘２丁目５番２号,6610035
3140001047619,育成自活株式会社,兵庫県,尼崎市,開明町２丁目３１番地,6600862
3140001047635,株式会社大和住宅,兵庫県,尼崎市,武庫之荘５丁目３６番４３号,6610035
3140001047643,株式会社磯寿司,兵庫県,尼崎市,上坂部３丁目１１番１号,6610979
3140001047684,株式会社一燈,兵庫県,尼崎市,長洲本通１丁目２番７号,6600803
3140001047701,インテリア三天株式会社,兵庫県,尼崎市,今福２丁目１番１号,6600812
3140001047718,株式会社いなだ,兵庫県,尼崎市,大庄西町２丁目１８番１号,6600077
3140001047734,株式会社今里三合園,兵庫県,尼崎市,武庫之荘２丁目２０番１２号,6610035
3140001047742,株式会社岩口組,兵庫県,尼崎市,琴浦町４５番地,6600074
3140001047750,株式会社岩電,兵庫県,尼崎市,南七松町１丁目１４番１１号,6600053
3140001047775,株式会社ウインソフト,兵庫県,尼崎市,小中島１丁目２３番１８号,6610972
3140001047783,ウエノ化学工業株式会社,兵庫県,尼崎市,南武庫之荘５丁目２４番１号,6610033
3140001047791,株式会社上松商店,兵庫県,尼崎市,杭瀬本町１丁目２０番４号,6600814
3140001047800,株式会社宇垣設備,兵庫県,尼崎市,大島３丁目２１番５号,6600076
3140001047825,井上金属工業株式会社,兵庫県,尼崎市,大浜町２丁目５３番地,6600095
3140001047833,株式会社エーシー,兵庫県,尼崎市,東大物町１丁目５番３０号,6600828
3140001047841,エイシン精機株式会社,兵庫県,尼崎市,次屋３丁目１７番１３号,6610965
3140001047858,栄和建設株式会社,兵庫県,尼崎市,東園田町３丁目６６番地の２,6610953
3140001047866,エーワンプロ株式会社,兵庫県,尼崎市,塚口町６丁目１９番地の５,6610002
3140001047874,株式会社江川工業,兵庫県,尼崎市,南武庫之荘２丁目４番１２号,6610033
3140001047890,エスター電機株式会社,兵庫県,尼崎市,尾浜町３丁目２番２３号,6610022
3140001047916,株式会社エフアンドデイ,兵庫県,尼崎市,玄番南之町４番地,6600873
3140001047940,株式会社恵美モードカッティング,兵庫県,尼崎市,武庫之荘２丁目４番７号,6610035
3140001047949,株式会社オーヴァルサービス,兵庫県,尼崎市,西難波町５丁目９番５−１０２号,6600893
3140001047957,扇化学工業株式会社,兵庫県,尼崎市,西長洲町２丁目５番３０号,6600805
3140001047965,大川工業株式会社,兵庫県,尼崎市,西長洲町３丁目５番５号,6600805
3140001047973,大阪エンジニアリング株式会社,兵庫県,尼崎市,西長洲町２丁目２６番１２号,6600805
3140001047981,大阪鋼機株式会社,兵庫県,尼崎市,開明町２丁目１１番地,6600862
3140001047998,株式会社大阪玉台,兵庫県,尼崎市,瓦宮１丁目１８番１７号,6610971
3140001048006,大阪油脂工業株式会社,兵庫県,尼崎市,大浜町２丁目５番地の２,6600095
3140001048014,株式会社大島石油店,兵庫県,尼崎市,大島３丁目１４番１０号,6600076
3140001048022,株式会社大武,兵庫県,尼崎市,武庫元町１丁目２３番６号,6610043
3140001048030,株式会社大谷工務店,兵庫県,尼崎市,武庫之荘西２丁目５２番１２号,6610034
3140001048047,株式会社大西鈑金,兵庫県,尼崎市,杭瀬北新町２丁目５番４号,6600815
3140001048071,株式会社オールマイテイー,兵庫県,尼崎市,水堂町３丁目２０番３４号,6610026
3140001048096,奥友建設株式会社,兵庫県,尼崎市,南塚口町１丁目３０番１１号,6610012
3140001048105,株式会社岡本工作所,兵庫県,尼崎市,東海岸町１番地の５７,6600843
3140001048113,岡本産業株式会社,兵庫県,尼崎市,大庄中通１丁目８１,6600075
3140001048121,株式会社奥村建設,兵庫県,尼崎市,中在家町３丁目４４９番地,6600851
3140001048138,株式会社オフィス辻,兵庫県,尼崎市,東園田町５丁目５６番地の１,6610953
3140001048146,株式会社オハマテック,兵庫県,尼崎市,尾浜町１丁目１４番２３号,6610022
3140001048154,株式会社オリックス,兵庫県,尼崎市,西長洲町２丁目５番３０号,6600805
3140001048162,株式会社カーサ計画,兵庫県,尼崎市,富松町４丁目３番６号,6610003
3140001048179,鏡興業株式会社,兵庫県,尼崎市,道意町６丁目２８番地,6600083
3140001048187,カグラベーパーテック株式会社,兵庫県,尼崎市,立花町１丁目２番１号,6610025
3140001048212,沖田商事株式会社,兵庫県,尼崎市,元浜町３丁目３７番地,6600085
3140001048220,関西鋼業株式会社,兵庫県,尼崎市,東海岸町１番地の５４,6600843
3140001048229,関西東洋ワーク株式会社,兵庫県,尼崎市,崇徳院２丁目１番地２,6600071
3140001048237,関西テクニカ株式会社,兵庫県,尼崎市,南七松町１丁目５番２０号,6600053
3140001048245,株式会社関西ビー・ボード,兵庫県,尼崎市,潮江１丁目１５番２−６０８号,6610976
3140001048286,株式会社カンダ,兵庫県,尼崎市,下坂部３丁目１６番３号,6610975
3140001048294,株式会社カンダ,兵庫県,尼崎市,武庫之荘１丁目３３番１−３０８号,6610035
3140001048303,株式会社和技研,兵庫県,尼崎市,浜３丁目１９番９号,6610967
3140001048311,株式会社兼重製鋼所,兵庫県,尼崎市,西長洲町３丁目７番１８号,6600805
3140001048336,亀田メディカルサービス株式会社,兵庫県,尼崎市,御園町３８番地,6600861
3140001048344,株式会社甘露園,兵庫県,尼崎市,浜３丁目２番１０号,6610967
3140001048352,カワカミ洋装株式会社,兵庫県,尼崎市,次屋１丁目７番３５号,6610965
3140001048360,苅田建設工業株式会社,兵庫県,尼崎市,平左衛門町１８番３１号,6600087
3140001048369,株式会社柄谷商店,兵庫県,尼崎市,神崎町２０番９号,6610964
3140001048377,河本工業株式会社,兵庫県,尼崎市,西難波町４丁目１１番２１号,6600893
3140001048385,株式会社近畿ウェーヴ,兵庫県,尼崎市,西難波町１丁目２８番１３号,6600893
3140001048402,株式会社近畿道路資材,兵庫県,尼崎市,元浜町１丁目７７番地,6600085
3140001048410,株式会社木上＿工所,兵庫県,尼崎市,杭瀬南新町１丁目１０番５号,6600822
3140001048419,株式会社岸本建設,兵庫県,尼崎市,南武庫之荘１丁目１８番１１−１０１号,6610033
3140001048435,株式会社金時商事,兵庫県,尼崎市,南塚口町８丁目２７番１１号,6610012
3140001048468,株式会社共栄製作所,兵庫県,尼崎市,南初島町１０番地の１５７,6600833
3140001048476,株式会社教育機器ワールド社,兵庫県,尼崎市,蓬川町１０番地２５,6600081
3140001048484,紀祐産業株式会社,兵庫県,尼崎市,道意町６丁目３６番地の６,6600083
3140001048526,株式会社キャトックス,兵庫県,尼崎市,東海岸町１番地の４６,6600843
3140001048542,杭瀬アルミ建材株式会社,兵庫県,尼崎市,杭瀬南新町２丁目６番４１号,6600822
3140001048550,株式会社久々知,兵庫県,尼崎市,昭和通５丁目１６３番地,6600881
3140001048559,株式会社国本建設,兵庫県,尼崎市,七松町３丁目１１番１９号,6600052
3140001048567,窪田産業株式会社,兵庫県,尼崎市,東園田町１丁目１７８番地の１,6610953
3140001048575,グリーンアップ株式会社,兵庫県,尼崎市,武庫之荘本町３丁目１７番２５−１０２号,6610031
3140001048583,クローバー食品株式会社,兵庫県,尼崎市,上ノ島町３丁目６番１３号,6610014
3140001048591,黒田産業株式会社,兵庫県,尼崎市,塚口町１丁目１８番地の１３,6610002
3140001048600,株式会社倉本工務店,兵庫県,尼崎市,杭瀬北新町４丁目８番１号,6600815
3140001048609,株式会社ケイ・イー・シー,兵庫県,尼崎市,玄番南之町４番地,6600873
3140001048617,株式会社ケイ・エム・エンバイロ,兵庫県,尼崎市,東園田町３丁目５６番地の４,6610953
3140001048625,敬道土木株式会社,兵庫県,尼崎市,南武庫之荘１丁目２９番−３７−２１２号,6610033
3140001048641,株式会社コウエイ,兵庫県,尼崎市,久々知１丁目９番８号１階,6610977
3140001048666,シンコーキ株式会社,兵庫県,尼崎市,塚口本町６丁目１０番８号,6610001
3140001048674,港礎興業株式会社,兵庫県,尼崎市,道意町６丁目４８番地ノ３,6600083
3140001048682,光進興業株式会社,兵庫県,尼崎市,大島３丁目２８番２９号,6600076
3140001048690,弘大金属工業株式会社,兵庫県,尼崎市,平左衛門町１８番地４７,6600087
3140001048699,株式会社晃兆社,兵庫県,尼崎市,東七松町２丁目４番１９号,6600051
3140001048708,株式会社光邦建設,兵庫県,尼崎市,南塚口町５丁目１５−２７−０１,6610012
3140001048716,河本興産株式会社,兵庫県,尼崎市,西難波町４丁目１１番２１号,6600893
3140001048724,幸陽測量設計株式会社,兵庫県,尼崎市,七松町３丁目４番５号,6600052
3140001048732,株式会社幸和,兵庫県,尼崎市,水堂町４丁目７番８号,6610026
3140001048757,株式会社コスモメンテサービス,兵庫県,尼崎市,西長洲町２丁目８番１４号,6600805
3140001048765,後藤産業株式会社,兵庫県,尼崎市,名神町１丁目１８番２５号,6610021
3140001048781,小寺造園石材株式会社,兵庫県,尼崎市,崇徳院１丁目１４番地,6600071
3140001048798,小林物産株式会社,兵庫県,尼崎市,次屋２丁目２７番５号,6610965
3140001048807,三栄工業株式会社,兵庫県,尼崎市,武庫之荘５丁目１６番２０号,6610035
3140001048815,三永建設興業株式会社,兵庫県,尼崎市,杭瀬本町２丁目１８番１７号,6600814
3140001048823,株式会社サンエイハウジング,兵庫県,尼崎市,武庫之荘本町２丁目２１番１５号,6610031
3140001048848,株式会社サンコーコーポレイション,兵庫県,尼崎市,武庫之荘２丁目８番３−１０１号,6610035
3140001048864,三晃商事株式会社,兵庫県,尼崎市,南七松町２丁目６番１４号,6600053
3140001048889,阪上印刷株式会社,兵庫県,尼崎市,南竹谷町１丁目５番地の６,6600875
3140001048897,坂本興産株式会社,兵庫県,尼崎市,小中島１丁目８番１２号,6610972
3140001048922,株式会社桜井,兵庫県,尼崎市,西向島町１５番地の４,6600857
3140001048930,株式会社相良組,兵庫県,尼崎市,西川２丁目４１番１３号,6610966
3140001048939,株式会社佐々木,兵庫県,尼崎市,名神町２丁目１８番３３号,6610021
3140001048955,株式会社ササモト,兵庫県,尼崎市,竹谷町３丁目１１８,6600876
3140001048963,佐藤工業株式会社,兵庫県,尼崎市,神田南通３丁目６３番地,6600885
3140001048971,株式会社三田工務店,兵庫県,尼崎市,道意町３丁目１番地,6600083
3140001048988,株式会社佐野工業,兵庫県,尼崎市,富松町４丁目１番４号,6610003
3140001048996,株式会社サナ流通,兵庫県,尼崎市,次屋３丁目１９番３３号,6610965
3140001049012,株式会社三洋建設,兵庫県,尼崎市,潮江２丁目３８番２２号,6610976
3140001049029,サンローク株式会社,兵庫県,尼崎市,下坂部１丁目２０番２７号,6610975
3140001049045,株式会社三和ステンレス,兵庫県,尼崎市,東難波町５丁目２７番２３号,6600892
3140001049053,サンワ通商株式会社,兵庫県,尼崎市,大浜町１丁目１番地６,6600095
3140001049086,新永鉄工株式会社,兵庫県,尼崎市,富松町４丁目３番３１号,6610003
3140001049094,株式会社新江戸堀ビル,兵庫県,尼崎市,長洲西通１丁目３番２６号,6600807
3140001049111,新光運輸株式会社,兵庫県,尼崎市,大高洲町２番地の１,6600842
3140001049136,新関西不動産株式会社,兵庫県,尼崎市,猪名寺１丁目２４番１４号,6610981
3140001049152,株式会社重村本店,兵庫県,尼崎市,長洲本通３丁目３番１０号,6600803
3140001049169,株式会社昭和製作所,兵庫県,尼崎市,昭和通２丁目３番２号,6600881
3140001049177,株式会社新城製作所,兵庫県,尼崎市,戸ノ内町５丁目５番１号,6610961
3140001049185,七星大商株式会社,兵庫県,尼崎市,西難波町４丁目６番３６号,6600893
3140001049202,志野物産株式会社,兵庫県,尼崎市,北大物町１３番１３号,6600804
3140001049210,サーン・エムシー株式会社,兵庫県,尼崎市,元浜町１丁目９５番地,6600085
3140001049227,伸明和機械株式会社,兵庫県,尼崎市,尾浜町２丁目４番１−３０７号,6610022
3140001049268,庄司興産株式会社,兵庫県,尼崎市,東難波町５丁目１７番２５号,6600892
3140001049284,昌平工業株式会社,兵庫県,尼崎市,東園田町３丁目４３番１号,6610953
3140001049334,株式会社シヤルグラン,兵庫県,尼崎市,塚口町３丁目５番地の２,6610002
3140001049342,信和エンジニアリング株式会社,兵庫県,尼崎市,次屋３丁目１４番地の１９,6610965
3140001049350,株式会社新和工業所,兵庫県,尼崎市,南武庫之荘２丁目８番１−４１９号,6610033
3140001049359,伸和電気株式会社,兵庫県,尼崎市,武庫之荘本町２丁目８番１４号,6610031
3140001049367,株式会社水光社,兵庫県,尼崎市,昭和通２丁目１２番３号,6600881
3140001049391,株式会社杉本＿工所,兵庫県,尼崎市,下坂部３丁目２０番１３号,6610975
3140001049400,株式会社崇徳院今勉商事,兵庫県,尼崎市,崇徳院２丁目９５番地,6600071
3140001049425,正光建設工業株式会社,兵庫県,尼崎市,道意町３丁目８番１号,6600083
3140001049458,株式会社誠和,兵庫県,尼崎市,善法寺町２番６号,6610973
3140001049466,成和石油株式会社,兵庫県,尼崎市,次屋３丁目１４番１４号,6610965
3140001049474,セグチレント株式会社,兵庫県,尼崎市,富松町１丁目１２番１０号,6610003
3140001049482,株式会社設計工房,兵庫県,尼崎市,食満６丁目６番１２号,6610982
3140001049490,レンゴーペーパービジネス株式会社,兵庫県,尼崎市,杭瀬南新町１丁目４番１号,6600822
3140001049516,双愛建設株式会社,兵庫県,尼崎市,塚口本町７丁目１４番１２号,6610001
3140001049524,株式会社総合機設,兵庫県,尼崎市,神崎町２１番８号,6610964
3140001049532,株式会社装美,兵庫県,尼崎市,南塚口町２丁目１番３−２０５号塚口さんさんタウン３番館２階,6610012
3140001049565,株式会社大栄左官工業所,兵庫県,尼崎市,尾浜町１丁目４番８号,6610022
3140001049573,株式会社ダイイチエージェント,兵庫県,尼崎市,南塚口町３丁目１２番１０号,6610012
3140001049581,第一電子産業株式会社,兵庫県,尼崎市,立花町３丁目１８番２１号,6610025
3140001049615,ダイゲン自動車工業株式会社,兵庫県,尼崎市,東大物町２丁目６番１号,6600828
3140001049623,株式会社代伸,兵庫県,尼崎市,上ノ島字野上１２１番地２,
3140001049664,株式会社ダイドウ,兵庫県,尼崎市,西長洲町３丁目１番７７号,6600805
3140001049680,大道倉庫株式会社,兵庫県,尼崎市,道意町７丁目７番地の２,6600083
3140001049689,西日本ファクトリーサービス株式会社,兵庫県,尼崎市,杭瀬南新町３丁目２番１号,6600822
3140001049697,ダイナック株式会社,兵庫県,尼崎市,東本町３丁目１番地,6600824
3140001049706,株式会社城内製作所,兵庫県,尼崎市,名神町１丁目５番２１号,6610021
3140001049714,大日建設株式会社,兵庫県,尼崎市,南塚口町７丁目２９番１１号,6610012
3140001049739,大丸運輸株式会社,兵庫県,尼崎市,金楽寺町２丁目１５番９号,6600806
3140001049747,太陽建設株式会社,兵庫県,尼崎市,金楽寺町２丁目２９番１１号,6600806
3140001049755,太洋ボウル株式会社,兵庫県,尼崎市,下坂部２丁目２７番１２号,6610975
3140001049763,ダイヤ自動車工業株式会社,兵庫県,尼崎市,大高洲町３番地,6600842
3140001049771,株式会社大和合金製作所,兵庫県,尼崎市,西長洲町１丁目２番１号,6600805
3140001049796,株式会社パオシス,兵庫県,尼崎市,尾浜町１丁目１３番９号,6610022
3140001049805,晴耕雨耕株式会社,兵庫県,尼崎市,南武庫之荘３丁目３０番５号,6610033
3140001049813,竹島農機株式会社,兵庫県,尼崎市,武庫之荘東１丁目１１番１６号,6610032
3140001049821,株式会社武田地所,兵庫県,尼崎市,東園田町５丁目３３番地の２,6610953
3140001049846,高原工業株式会社,兵庫県,尼崎市,東大物町２丁目９番２号,6600828
3140001049854,株式会社タクマプラント,兵庫県,尼崎市,金楽寺町２丁目２番３３号,6600806
3140001049862,高吉工業株式会社,兵庫県,尼崎市,食満６丁目１２番１２号,6610982
3140001049870,タカラ工業株式会社,兵庫県,尼崎市,長洲中通２丁目１６番２２号,6600802
3140001049879,タジマエンジニアリング株式会社,兵庫県,尼崎市,武庫豊町３丁目６番１−６０５号,6610045
3140001049887,タケヨーエンジニアリング株式会社,兵庫県,尼崎市,武庫之荘東２丁目４番５号,6610032
3140001049895,株式会社龍野化成,兵庫県,尼崎市,東海岸町１２番地の２,6600843
3140001049904,株式会社立花家具,兵庫県,尼崎市,三反田町１丁目１３番５号,6610024
3140001049912,株式会社立花屋,兵庫県,尼崎市,立花町２丁目１番６号,6610025
3140001049920,株式会社田能商会,兵庫県,尼崎市,西長洲町２丁目２５番１５号,6600805
3140001049937,田中乳業株式会社,兵庫県,尼崎市,北大物町１０番６号,6600804
3140001049945,株式会社棚橋工作所,兵庫県,尼崎市,久々知西町２丁目２番３２号,6610978
3140001049953,田畑健康食品株式会社,兵庫県,尼崎市,立花町３丁目２９番１０号,6610025
3140001049961,株式会社田松工務店,兵庫県,尼崎市,西立花町２丁目１番８−１１２号,6600054
3140001049986,中央技術開発株式会社,兵庫県,尼崎市,武庫町３丁目１５番４号,6610044
3140001049994,住精産業株式会社,兵庫県,尼崎市,扶桑町１番１０号,6600891
3140001050003,中條建設工業株式会社,兵庫県,尼崎市,尾浜町１丁目３４番９号,6610022
3140001050011,株式会社千代田製作所,兵庫県,尼崎市,水堂町１丁目２５番３号アビタ２番館３０２号,6610026
3140001050044,株式会社辻井,兵庫県,尼崎市,潮江２丁目２５番１５号,6610976
3140001050060,株式会社津野電機製作所,兵庫県,尼崎市,食満６丁目１８番１８号,6610982
3140001050069,鶴見食品株式会社,兵庫県,尼崎市,建家町８８番地,6600871
3140001050077,株式会社ティーケイエス,兵庫県,尼崎市,次屋１丁目１２番１号,6610965
3140001050085,テイクハウジング株式会社,兵庫県,尼崎市,南塚口町２丁目１４番２２号,6610012
3140001050119,株式会社テラモトエンタープライズ,兵庫県,尼崎市,南初島町１７番地,6600833
3140001050127,株式会社スペースティ,兵庫県,尼崎市,南塚口町１丁目１１番２０号,6610012
3140001050135,株式会社東亜リライアンス,兵庫県,尼崎市,西立花町２丁目１番８−５０５号,6600054
3140001050143,東海警備安全保障株式会社,兵庫県,尼崎市,竹谷町１丁目２１番地大谷商会ビル２階,6600876
3140001050151,株式会社トーケンリースサービス神戸,兵庫県,尼崎市,東園田町９丁目３７番地２,6610953
3140001050168,株式会社トーホー,兵庫県,尼崎市,西長洲町２丁目５番２５号,6600805
3140001050176,東洋医療サービス株式会社,兵庫県,尼崎市,昭和南通３丁目１番地第２松本ビル,6600882
3140001050184,東洋化工機株式会社,兵庫県,尼崎市,久々知１丁目１０番１０号,6610977
3140001050192,東洋建設工業株式会社,兵庫県,尼崎市,久々知西町２丁目１４番４１号,6610978
3140001050218,徳昌産業株式会社,兵庫県,尼崎市,浜田町５丁目５０番地の４,6600062
3140001050226,株式会社時友土地,兵庫県,尼崎市,玄番南之町４番地,6600873
3140001050242,株式会社十時工務店,兵庫県,尼崎市,尾浜町１丁目３１番５号,6610022
3140001050259,富運輸株式会社,兵庫県,尼崎市,南塚口町８丁目２２番３号,6610012
3140001050267,株式会社富永自動車,兵庫県,尼崎市,西長洲町３丁目５番８号,6600805
3140001050275,株式会社豊川鉄工所,兵庫県,尼崎市,東海岸町１番５９,6600843
3140001050309,株式会社大登建設,兵庫県,尼崎市,東園田町９丁目３５番地ノ１,6610953
3140001050325,日本切断砥石株式会社,兵庫県,尼崎市,久々知３丁目２６番３５号,6610977
3140001050333,日本特殊溶接工業株式会社,兵庫県,尼崎市,尾浜町２丁目３６番６号,6610022
3140001050341,日本プレス工業株式会社,兵庫県,尼崎市,大物町１丁目２番１４号,6600823
3140001050358,株式会社ナガイ総合食品,兵庫県,尼崎市,金楽寺町１丁目６番２９号,6600806
3140001050366,株式会社中尾組,兵庫県,尼崎市,南武庫之荘４丁目２番３号,6610033
3140001050374,長尾鉄建株式会社,兵庫県,尼崎市,尾浜町２丁目２１番３６号,6610022
3140001050382,株式会社ナガス,兵庫県,尼崎市,長洲本通２丁目９番４８号,6600803
3140001050390,株式会社中嶋組,兵庫県,尼崎市,武庫川町４丁目１８番地,6600084
3140001050399,長宅電機工業株式会社,兵庫県,尼崎市,東大物町２丁目２番１号,6600828
3140001050416,中野殖産株式会社,兵庫県,尼崎市,昭和通１丁目４番１号,6600881
3140001050424,中本電設株式会社,兵庫県,尼崎市,西向島町２９番地,6600857
3140001050432,株式会社ナカムラタイヤ,兵庫県,尼崎市,立花町３丁目１１番１号,6610025
3140001050440,中山梱包運輸株式会社,兵庫県,尼崎市,長洲西通１丁目１６番１０号,6600807
3140001050449,七星食品販売株式会社,兵庫県,尼崎市,塚口本町２丁目５番２１号,6610001
3140001050457,株式会社ナニワ造花,兵庫県,尼崎市,東難波町５丁目２番２６号,6600892
3140001050465,株式会社難波屋,兵庫県,尼崎市,昭和南通３丁目１８番地,6600882
3140001050473,株式会社ナミサキ,兵庫県,尼崎市,南塚口町８丁目６５番１８号,6610012
3140001050481,株式会社肉のさかい,兵庫県,尼崎市,潮江１丁目２１番１−５０２号,6610976
3140001050498,株式会社ニシナカ,兵庫県,尼崎市,西難波町１丁目１０番１２号,6600893
3140001050507,西野不動産株式会社,兵庫県,尼崎市,杭瀬北新町２丁目１番１３号,6600815
3140001050515,西村運送株式会社,兵庫県,尼崎市,築地５丁目６番３号,6600858
3140001050523,西山株式会社,兵庫県,尼崎市,立花町１丁目１３番１２号,6610025
3140001050531,株式会社西山メンテナンス,兵庫県,尼崎市,水堂町３丁目６番３０号,6610026
3140001050556,日興金属株式会社,兵庫県,尼崎市,西長洲町２丁目４番５号,6600805
3140001050564,株式会社ニツカ珈琲店,兵庫県,尼崎市,昭和南通４丁目５８番地,6600882
3140001050580,株式会社日産電工社,兵庫県,尼崎市,神田北通８丁目２２５番地の１,6600883
3140001050589,日章基礎株式会社,兵庫県,尼崎市,西難波町３丁目１７番７号,6600893
3140001050597,日拓電機株式会社,兵庫県,尼崎市,南塚口町４丁目４番１号,6610012
3140001050606,株式会社田端工務店,兵庫県,尼崎市,塚口町６丁目１６番地の１８,6610002
3140001050614,ニフコプラント株式会社,兵庫県,尼崎市,杭瀬本町１丁目１３番５号,6600814
3140001050630,株式会社ネセブ,兵庫県,尼崎市,若王寺３丁目２０番１号,6610974
3140001050639,株式会社野口組,兵庫県,尼崎市,西本町３丁目６３番地,6600874
3140001050647,株式会社野田工務店,兵庫県,尼崎市,食満６丁目６番１２号,6610982
3140001050655,野村産業株式会社,兵庫県,尼崎市,杭瀬北新町４丁目８番２３号,6600815
3140001050663,株式会社阪神計器製作所,兵庫県,尼崎市,神田中通４丁目１６３番地,6600884
3140001050688,阪神産機株式会社,兵庫県,尼崎市,名神町２丁目１８番１６号,6610021
3140001050696,株式会社阪神設備工業所,兵庫県,尼崎市,南初島町１０番地１４９,6600833
3140001050705,阪神動力工業株式会社,兵庫県,尼崎市,杭瀬本町１丁目１３番１０号,6600814
3140001050713,株式会社阪神パン,兵庫県,尼崎市,西難波町４丁目３番２３号,6600893
3140001050721,株式会社阪神補聴器センター,兵庫県,尼崎市,南七松町１丁目１番５号,6600053
3140001050762,伴建設株式会社,兵庫県,尼崎市,長洲西通１丁目８番３２号,6600807
3140001050779,長谷川電機工業株式会社,兵庫県,尼崎市,潮江５丁目８番１７号,6610976
3140001050795,株式会社パックサプライセンター,兵庫県,尼崎市,西本町３丁目１０５番地,6600874
3140001050804,株式会社服部商店,兵庫県,尼崎市,潮江４丁目４番１号,6610976
3140001050820,株式会社浜商会,兵庫県,尼崎市,武庫の里２丁目１４番４号,6610041
3140001050829,株式会社濱本ジェネラルコーポレーション,兵庫県,尼崎市,西本町３丁目１番地,6600874
3140001050837,株式会社ハヤシホレイ,兵庫県,尼崎市,名神町２丁目１０番１５号,6610021
3140001050845,株式会社原設計工務,兵庫県,尼崎市,大物町１丁目９番２７号,6600823
3140001050853,株式会社東洋建機販売,兵庫県,尼崎市,七松町３丁目３番１０号,6600052
3140001050861,株式会社ピー・ジィー・インターナショナル,兵庫県,尼崎市,武庫之荘４丁目１３番１３号,6610035
3140001050878,比嘉設備工業株式会社,兵庫県,尼崎市,食満３丁目２５番５８号,6610982
3140001050886,株式会社ヒカリ商会,兵庫県,尼崎市,三反田町３丁目６番３１号,6610024
3140001050894,飛翔産業グループ株式会社,兵庫県,尼崎市,東園田町９丁目１７番１４号園田駅前ビル５０３号,6610953
3140001050903,株式会社ヒットガード阪神,兵庫県,尼崎市,道意町５丁目３０番地１０,6600083
3140001050928,ヒューマンインターナショナル株式会社,兵庫県,尼崎市,南武庫之荘１丁目２２番２３号,6610033
3140001050936,平尾電工株式会社,兵庫県,尼崎市,稲葉元町２丁目４番９号,6600055
3140001050944,ヒロシオ商事株式会社,兵庫県,尼崎市,西川２丁目４３番５号,6610966
3140001050977,富士企画株式会社,兵庫県,尼崎市,杭瀬北新町４丁目９番１８号,6600815
3140001050985,富士装飾株式会社,兵庫県,尼崎市,武庫之荘５丁目３５番２２号,6610035
3140001051001,株式会社藤田建材店,兵庫県,尼崎市,武庫の里２丁目１９番１０号,6610041
3140001051018,株式会社フジモト,兵庫県,尼崎市,西本町８丁目３３０番地,6600874
3140001051026,株式会社フタバ,兵庫県,尼崎市,神田中通５丁目１８１番地ノ２,6600884
3140001051042,株式会社フアミリー家具,兵庫県,尼崎市,東園田町９丁目１６番地の２２,6610953
3140001051050,富國警備保障株式会社,兵庫県,尼崎市,南武庫之荘７丁目２０番４号,6610033
3140001051067,株式会社福田商店,兵庫県,尼崎市,潮江４丁目４番１号,6610976
3140001051075,株式会社福本鉄工所,兵庫県,尼崎市,南清水３７番１号,6610985
3140001051083,株式会社藤岡,兵庫県,尼崎市,立花町１丁目５番１０号,6610025
3140001051091,株式会社ふそう自動車整備,兵庫県,尼崎市,久々知西町２丁目１７番５号,6610978
3140001051133,株式会社平成製作所,兵庫県,尼崎市,道意町６丁目２７番地の５,6600083
3140001051141,株式会社ペック,兵庫県,尼崎市,南武庫之荘３丁目２６番６号,6610033
3140001051158,株式会社花金,兵庫県,尼崎市,上坂部３丁目２８番８号,6610979
3140001051190,株式会社本組住建,兵庫県,尼崎市,杭瀬北新町１丁目１０番１２号,6600815
3140001051199,本庄運送株式会社,兵庫県,尼崎市,大庄中通２丁目１１番地,6600075
3140001051208,本田通信工業株式会社,兵庫県,尼崎市,杭瀬南新町４丁目１番２６号,6600822
3140001051216,株式会社本間工務店,兵庫県,尼崎市,三反田町２丁目１番２８号,6610024
3140001051224,株式会社堀松組,兵庫県,尼崎市,長洲中通３丁目１５番１８号,6600802
3140001051232,株式会社マーガレット商会,兵庫県,尼崎市,東園田町４丁目１０８番地の３,6610953
3140001051257,株式会社万雲製作所,兵庫県,尼崎市,神崎町２２番１５号,6610964
3140001051265,正喜工業株式会社,兵庫県,尼崎市,若王寺３丁目２０番７号,6610974
3140001051273,株式会社マスヤ,兵庫県,尼崎市,南塚口町３丁目５番６号サンロイス１０１号,6610012
3140001051281,松岡建設株式会社,兵庫県,尼崎市,大物町２丁目３番１３号,6600823
3140001051298,株式会社マツヰ酒店,兵庫県,尼崎市,常松１丁目９番２６号,6610046
3140001051307,株式会社松崎工務店,兵庫県,尼崎市,南武庫之荘１丁目１６番１１号,6610033
3140001051315,株式会社松田重機土木,兵庫県,尼崎市,築地２丁目１０番２０号,6600858
3140001051331,松本工業株式会社,兵庫県,尼崎市,東園田町４丁目１６３番地の６,6610953
3140001051356,株式会社丸愛,兵庫県,尼崎市,昭和通６丁目２１０番地,6600881
3140001051380,丸善石鹸株式会社,兵庫県,尼崎市,南塚口町７丁目１番１２号,6610012
3140001051389,株式会社マルゼン洋装店,兵庫県,尼崎市,神田中通５丁目１９４番地６,6600884
3140001051414,株式会社丸彦質舗,兵庫県,尼崎市,立花町１丁目６番１７号,6610025
3140001051430,丸山酒販株式会社,兵庫県,尼崎市,水堂町１丁目３番１３号,6610026
3140001051439,株式会社三木建設工業,兵庫県,尼崎市,尾浜町３丁目３１番２１号,6610022
3140001051455,水杉産業株式会社,兵庫県,尼崎市,立花町１丁目２６番３０号,6610025
3140001051463,御園サツシ工業株式会社,兵庫県,尼崎市,食満３丁目２５番１８号,6610982
3140001051471,株式会社ミント,兵庫県,尼崎市,立花町４丁目３番１号,6610025
3140001051488,株式会社ミツデン,兵庫県,尼崎市,次屋３丁目６番１５号,6610965
3140001051496,株式会社三ツ矢木材店,兵庫県,尼崎市,名神町２丁目１４番６号,6610021
3140001051505,箕内技研株式会社,兵庫県,尼崎市,大西町３丁目９番２４号,6610023
3140001051513,株式会社南畑,兵庫県,尼崎市,東園田町３丁目２６番地の１,6610953
3140001051521,株式会社宮城工業所,兵庫県,尼崎市,西立花町１丁目１６番８号,6600054
3140001051538,株式会社雅,兵庫県,尼崎市,武庫川町３丁目１７番地,6600084
3140001051546,株式会社宮脇組,兵庫県,尼崎市,東園田町１丁目２２９番地,6610953
3140001051554,株式会社武庫建設,兵庫県,尼崎市,上ノ島町１丁目１４番３５号,6610014
3140001051562,株式会社武庫川マツダ,兵庫県,尼崎市,道意町６丁目５番地の１,6600083
3140001051570,株式会社エフ・エム,兵庫県,尼崎市,武庫元町２丁目６番１２号,6610043
3140001051579,むつみフラワー株式会社,兵庫県,尼崎市,東難波町４丁目１番１０号,6600892
3140001051587,株式会社村島喜八商店,兵庫県,尼崎市,西長洲町２丁目１番８号,6600805
3140001051595,株式会社名月,兵庫県,尼崎市,名神町２丁目６番１２号,6610021
3140001051604,株式会社メイゾンサービス,兵庫県,尼崎市,東塚口町１丁目１１番１−３１０号,6610011
3140001051612,名阪テック株式会社,兵庫県,尼崎市,西川２丁目１番５号,6610966
3140001051620,明和建物株式会社,兵庫県,尼崎市,浜２丁目１１４番地,6610967
3140001051629,株式会社クレリシステム,兵庫県,尼崎市,水堂町３丁目１番２３号,6610026
3140001051637,元浜金属株式会社,兵庫県,尼崎市,元浜町５丁目８５番地の１,6600085
3140001051645,諸岡電機工業株式会社,兵庫県,尼崎市,南武庫之荘２丁目２８番３４号,6610033
3140001051653,森企業株式会社,兵庫県,尼崎市,西大物町１２番４１号,6600827
3140001051661,株式会社森園鉄建,兵庫県,尼崎市,杭瀬北新町２丁目５番１号,6600815
3140001051678,守与興産株式会社,兵庫県,尼崎市,南武庫之荘８丁目３３番１３号,6610033
3140001051686,八百萬青果株式会社,兵庫県,尼崎市,杭瀬本町１丁目１７番９号,6600814
3140001051703,株式会社矢田製作所,兵庫県,尼崎市,神崎町４３番６号,6610964
3140001051711,株式会社矢野三藏商店,兵庫県,尼崎市,塚口本町１丁目２５番２５号,6610001
3140001051728,山口商事株式会社,兵庫県,尼崎市,南塚口町８丁目１６番９号,6610012
3140001051744,株式会社ヤマシタワークス,兵庫県,尼崎市,西長洲町２丁目６番１８号,6600805
3140001051752,ヤマトオフィス株式会社,兵庫県,尼崎市,武庫之荘８丁目２２番１２号,6610035
3140001051769,株式会社山本工務店,兵庫県,尼崎市,西昆陽２丁目２６番２７号,6610047
3140001051777,山本設備工業株式会社,兵庫県,尼崎市,名神町２丁目５番１２号,6610021
3140001051785,株式会社山本政清商店本社,兵庫県,尼崎市,昭和通４丁目１３１番地,6600881
3140001051793,ユウキ建装株式会社,兵庫県,尼崎市,武庫之荘５丁目１４番１５号,6610035
3140001051810,株式会社ユタカ防災,兵庫県,尼崎市,立花町３丁目１番２号,6610025
3140001051819,ユニオンブロック株式会社,兵庫県,尼崎市,杭瀬寺島１丁目２番１１号,6600813
3140001051827,株式会社ユリヤ,兵庫県,尼崎市,杭瀬北新町２丁目３番１３号,6600815
3140001051835,株式会社ヨシオカカメラ店,兵庫県,尼崎市,神田中通３丁目５６番地,6600884
3140001051843,吉川榮株式会社,兵庫県,尼崎市,武庫之荘本町３丁目１１番２０号,6610031
3140001051851,株式会社吉田組運送店,兵庫県,尼崎市,久々知西町２丁目７番１０号,6610978
3140001051868,株式会社米田工務店,兵庫県,尼崎市,道意町５丁目２５番地,6600083
3140001051876,株式会社ワインショップヤブタ,兵庫県,尼崎市,東園田町４丁目１６０番地の１,6610953
3140001051884,株式会社ライフリンクス,兵庫県,尼崎市,猪名寺２丁目６番２５,6610981
3140001051892,株式会社ワールドグリーン,兵庫県,尼崎市,潮江４丁目４番１号,6610976
3140001051901,和敬興産株式会社,兵庫県,尼崎市,大庄西町１丁目３１番６号,6600077
3140001051934,株式会社ランパート,兵庫県,尼崎市,武庫之荘１丁目２３番５号,6610035
3140001051942,割石金物株式会社,兵庫県,尼崎市,大島２丁目６番１号,6600076
3140001051950,リーブロス株式会社,兵庫県,尼崎市,大庄北３丁目２９番２３号,6600063
3140001051959,株式会社ヤング,兵庫県,尼崎市,水堂町１丁目１９−６,6610026
3140001051967,利昌エンタープライズ株式会社,兵庫県,尼崎市,西昆陽４丁目１番１３号,6610047
3140001051975,株式会社リブラン,兵庫県,尼崎市,口田中１丁目２６番９号,6610983
3140001051983,隆勢住建株式会社,兵庫県,尼崎市,御園３丁目３番２７号,6610984
3140001051991,株式会社ルーム・ケアー・サービス,兵庫県,尼崎市,道意町６丁目２８番地の２２,6600083
3140001052008,株式会社ロダン美容室,兵庫県,尼崎市,西立花町１丁目２番１号,6600054
3140001052024,真裕産業株式会社,兵庫県,尼崎市,鶴町４番地の４,6600092
3140001052032,住山鉄工株式会社,兵庫県,尼崎市,道意町６丁目２８番地,6600083
3140001052040,株式会社セイテック,兵庫県,尼崎市,西昆陽３丁目１０番８号４０８,6610047
3140001052065,株式会社安田商会,兵庫県,尼崎市,東園田町９丁目２４番地の１５,6610953
3140001052073,株式会社Ｌｏｏｐ　Ｔｅｃｈ　ＪＡＰＡＮ,兵庫県,尼崎市,稲葉荘４丁目２４番３２号,6600064
3140001052098,株式会社彩舞園,兵庫県,尼崎市,大西町１丁目２番２０号,6610023
3140001052107,株式会社高建,兵庫県,尼崎市,南武庫之荘１丁目１１番２１−５０１号,6610033
3140001052131,宏霞産業株式会社,兵庫県,尼崎市,武庫元町２丁目１２番１号,6610043
3140001052156,株式会社宇都宮製作所,兵庫県,尼崎市,戸ノ内町６丁目１５番２６号,6610961
3140001052172,株式会社リューテック,兵庫県,尼崎市,武庫之荘５丁目１３番１３号,6610035
3140001052180,今津生コン株式会社,兵庫県,尼崎市,東初島町３番地,6600832
3140001052189,株式会社ＴＶＥ,兵庫県,尼崎市,西立花町５丁目１２番１号,6600054
3140001052197,ミオン株式会社,兵庫県,尼崎市,南武庫之荘１丁目９番１号,6610033
3140001052206,株式会社興新建設,兵庫県,尼崎市,猪名寺２丁目１０番１８号,6610981
3140001052214,株式会社ミルックス,兵庫県,尼崎市,西長洲町２丁目８番１４号,6600805
3140001052222,株式会社マイウェイファミリークラブ,兵庫県,尼崎市,塚口町６丁目１３番地の１４,6610002
3140001052247,三豊工業株式会社,兵庫県,尼崎市,次屋３丁目１８番２２号,6610965
3140001052263,セイキ工業株式会社,兵庫県,尼崎市,長洲西通１丁目１４番１０号,6600807
3140001052288,株式会社リュウナ,兵庫県,尼崎市,東難波町５丁目３０番２４−７０３号,6600892
3140001052305,株式会社ケイクリエイション,兵庫県,尼崎市,東園田町２丁目８９番１５号,6610953
3140001052313,株式会社プリンヅ・コーポレーション,兵庫県,尼崎市,南塚口町２丁目１番２号,6610012
3140001052338,株式会社ビッグフラッグ,兵庫県,尼崎市,大庄西町４丁目６番３３号,6600077
3140001052346,株式会社新秀,兵庫県,尼崎市,東園田町５丁目１１７番地の５,6610953
3140001052354,株式会社アグロフレッシュ,兵庫県,尼崎市,大庄西町１丁目２４番２４号,6600077
3140001052379,株式会社シスマックス,兵庫県,尼崎市,水堂町４丁目１９番２２号,6610026
3140001052395,株式会社日輪,兵庫県,尼崎市,大庄北町四丁目５番１２号,6600000
3140001052412,志田重建工業株式会社,兵庫県,尼崎市,南武庫之荘３丁目１０番２０号,6610033
3140001052429,株式会社リコークラフト,兵庫県,尼崎市,東園田町６丁目４６番地の１,6610953
3140001052437,株式会社武甲製作所,兵庫県,尼崎市,東難波町５丁目２６番６号,6600892
3140001052767,日栄開発株式会社,兵庫県,尼崎市,杭瀬南新町４丁目９番２３号,6600822
3140001052791,株式会社クボタ教育センター,兵庫県,尼崎市,浜１丁目１番１号,6610967
3140001052809,三洋精工株式会社,兵庫県,尼崎市,水堂町２丁目７番９号,6610026
3140001052817,株式会社ベスト,兵庫県,尼崎市,大庄北３丁目１４番１２号,6600063
3140001052825,株式会社大成,兵庫県,尼崎市,久々知西町２丁目２番４号,6610978
3140001052858,コウエイ株式会社,兵庫県,尼崎市,丸島町３１番,6600086
3140001052874,ミライ流通株式会社,兵庫県,尼崎市,神田北通４丁目４６番の１,6600883
3140001052916,株式会社山一物流,兵庫県,尼崎市,上坂部２丁目４番３−３０８号,6610979
3140001052924,株式会社ダンディー,兵庫県,尼崎市,神田北通３丁目３４番,6600883
3140001052940,株式会社寿総研,兵庫県,尼崎市,武庫之荘２丁目６番３−７０２号,6610035
3140001052957,株式会社シー・エル・エス,兵庫県,尼崎市,若王寺２丁目８番５号,6610974
3140001052973,俣木鉄工株式会社,兵庫県,尼崎市,潮江４丁目１番３０号,6610976
3140001053006,株式会社リョウセイ,兵庫県,尼崎市,北初島町１６番４,6600834
3140001053022,株式会社風土．コーポレーション,兵庫県,尼崎市,南武庫之荘４丁目４番２０号,6610033
3140001053071,サンコー化学株式会社,兵庫県,尼崎市,東初島町２３番地,6600832
3140001053096,株式会社プリンティング園田,兵庫県,尼崎市,御園２丁目２番３５号,6610984
3140001053113,株式会社ビーコン,兵庫県,尼崎市,水堂町１丁目２番７号,6610026
3140001053121,日新荷役作業株式会社,兵庫県,尼崎市,東塚口町２丁目４番６５号,6610011
3140001053138,株式会社ＡＬＩＶＥ,兵庫県,尼崎市,三反田町２丁目７番３５号,6610024
3140001053146,株式会社タニヤマ,兵庫県,尼崎市,北初島町１８番地,6600834
3140001053154,株式会社佐野鉄工所,兵庫県,尼崎市,西川２丁目４３番１号,6610966
3140001053162,株式会社一天,兵庫県,尼崎市,東難波町３丁目１１番１８号,6600892
3140001053170,ヒカリ・エンジニアリング株式会社,兵庫県,尼崎市,東海岸町２１番地,6600843
3140001053179,株式会社井上商会,兵庫県,尼崎市,西立花町４丁目１０−２０,6600054
3140001053204,ダイワテクニカ株式会社,兵庫県,尼崎市,三反田町２丁目１８−８−１０１,6610024
3140001053212,株式会社リミックス・キャピタル,兵庫県,尼崎市,塚口本町４丁目２番１７号,6610001
3140001053220,株式会社ＩＳファースト企画,兵庫県,尼崎市,尾浜町２丁目３０番６号,6610022
3140001053229,株式会社ターニップ,兵庫県,尼崎市,昭和通４丁目１１８−６０８号,6600881
3140001053237,株式会社ＡＢＣコーポレーション,兵庫県,尼崎市,武庫町２丁目２番１１号,6610044
3140001053286,株式会社ナカムラ,兵庫県,尼崎市,鶴町７番地の１５,6600092
3140001053294,グンゼスポーツ株式会社,兵庫県,尼崎市,塚口本町４丁目８番１号,6610001
3140001053303,株式会社宝,兵庫県,尼崎市,元浜町５丁目１０番地の２,6600085
3140001053336,株式会社ｅｑｕａｌ,兵庫県,尼崎市,金楽寺町２丁目１番３０号,6600806
3140001053344,萬栄配達株式会社,兵庫県,尼崎市,東難波町３丁目２１番３０号,6600892
3140001053369,防災電設株式会社,兵庫県,尼崎市,食満２丁目１７番３号,6610982
3140001053377,株式会社ナガイ,兵庫県,尼崎市,尾浜町１丁目１１番１４号,6610022
3140001053385,株式会社樋口,兵庫県,尼崎市,大島１丁目３１番１号,6600076
3140001053402,一藤株式会社,兵庫県,尼崎市,下坂部１丁目３０番１号,6610975
3140001053410,株式会社Ｌ．Ｆ．Ｃ,兵庫県,尼崎市,武庫之荘１丁目６番１０号カピラビル２Ｆ,6610035
3140001053419,株式会社バードライン,兵庫県,尼崎市,椎堂１丁目２番２号,6610952
3140001053427,株式会社アース・リ・ピュア,兵庫県,尼崎市,武庫之荘７丁目４番６号,6610035
3140001053435,株式会社タカ・ケアセンター,兵庫県,尼崎市,尾浜町２丁目３２番１２号,6610022
3140001053451,株式会社グランドライン,兵庫県,尼崎市,若王寺１丁目２５番２５号,6610974
3140001053468,株式会社プログレス,兵庫県,尼崎市,富松町４丁目３５−１２,6610003
3140001053492,株式会社藤井設備工業,兵庫県,尼崎市,東園田町６丁目８０番地の５,6610953
3140001053501,株式会社三栄リアルター,兵庫県,尼崎市,東七松町１丁目１２番１８号,6600051
3140001053518,株式会社阪確サポート,兵庫県,尼崎市,七松町１丁目２番１−３０１−Ｂ号室,6600052
3140001053542,株式会社はぁとふる,兵庫県,尼崎市,大西町２丁目９番１号,6610023
3140001053550,株式会社プロト,兵庫県,尼崎市,大庄北５丁目２１番１５号,6600063
3140001053559,西薗電設工業株式会社,兵庫県,尼崎市,金楽寺町２丁目３６番１９号,6600806
3140001053567,株式会社鸞,兵庫県,尼崎市,西大物町１２番５５−２３０６号,6600827
3140001053583,株式会社オフィスシーズ,兵庫県,尼崎市,昭和通２丁目６番３０−１１１１号,6600881
3140001053591,乙宗リアルエステート株式会社,兵庫県,尼崎市,武庫之荘４丁目６番７号,6610035
3140001053617,株式会社エフエスエー,兵庫県,尼崎市,西川２丁目２６−１８−５,6610966
3140001053625,株式会社クラック,兵庫県,尼崎市,南武庫之荘５丁目１６番１８号,6610033
3140001053641,株式会社大創クラフト,兵庫県,尼崎市,食満７丁目２９番１号,6610982
3140001053658,株式会社小林,兵庫県,尼崎市,久々知西町１丁目１１番２４号,6610978
3140001053666,株式会社悦,兵庫県,尼崎市,七松町２丁目６番１号,6600052
3140001053674,株式会社大登土木,兵庫県,尼崎市,道意町５丁目１６−５,6600083
3140001053690,株式会社オスカー・プロダクト,兵庫県,尼崎市,武庫之荘１丁目３３番１−９１４号,6610035
3140001053708,株式会社ビース,兵庫県,尼崎市,西長洲町２丁目２８−８,6600805
3140001053716,株式会社三真,兵庫県,尼崎市,南塚口町２丁目１番２−６１２号,6610012
3140001053724,株式会社エリアプランニング,兵庫県,尼崎市,塚口町３丁目３８番地の７,6610002
3140001053732,イーテクノシステム株式会社,兵庫県,尼崎市,昭和通４丁目１１７番地エスティ尼崎４０２,6600881
3140001053757,株式会社フューチャーモバイル,兵庫県,尼崎市,竹谷町２丁目１８３番地,6600876
3140001053765,株式会社ＣＲＯＵＤ,兵庫県,尼崎市,西本町８丁目３７６,6600874
3140001053773,株式会社トクワ,兵庫県,尼崎市,南武庫之荘２丁目５番１８号,6610033
3140001053781,株式会社プロフォンド鑑定事務所,兵庫県,尼崎市,長洲中通１丁目５番１１号２０１号室,6600802
3140001053798,プロ設備株式会社,兵庫県,尼崎市,西大物町１２番５５−７１１号,6600827
3140001053807,株式会社遊開発,兵庫県,尼崎市,築地２丁目４番１９号,6600858
3140001053823,株式会社すまいる,兵庫県,尼崎市,南武庫之荘３丁目３６番１１号,6610033
3140001053831,株式会社プレジール,兵庫県,尼崎市,大浜町２丁目５番２号,6600095
3140001053864,株式会社光プラント,兵庫県,尼崎市,戸ノ内町３丁目２６番１３号,6610961
3140001053872,株式会社関西テクノオールサービス,兵庫県,尼崎市,口田中１丁目７番１号,6610983
3140001053880,株式会社プライム,兵庫県,尼崎市,名神町１丁目３番２７号,6610021
3140001053889,株式会社ライズ,兵庫県,尼崎市,久々知１丁目８番５号,6610977
3140001053897,Ｐｌｕｓ　Ｏｎｅ株式会社,兵庫県,尼崎市,若王寺１丁目２５番１−４０９号,6610974
3140001053906,株式会社都工研,兵庫県,尼崎市,東難波町５丁目２番７−１０１号,6600892
3140001053914,株式会社ディアブロス,兵庫県,尼崎市,若王寺３丁目３０番１６号當銘倉庫１階,6610974
3140001053947,株式会社ニューアルマー,兵庫県,尼崎市,東七松町１丁目１５番２０号,6600051
3140001053955,株式会社船岡興業,兵庫県,尼崎市,上ノ島町３丁目６番１１号,6610014
3140001053988,株式会社ヴァーサタイル,兵庫県,尼崎市,長洲本通２丁目１番１７号,6600803
3140001054004,株式会社イズテック,兵庫県,尼崎市,御園３丁目２３番５号,6610984
3140001054020,株式会社マジマ,兵庫県,尼崎市,東園田町１丁目３３０番地の２,6610953
3140001054037,セイコーホームズ株式会社,兵庫県,尼崎市,東園田町３丁目３２番地の２,6610953
3140001054045,株式会社マスターズ,兵庫県,尼崎市,長洲本通２丁目２番１号,6600803
3140001054053,アイビーＨＡＴ株式会社,兵庫県,尼崎市,東園田町４丁目９５番地１４,6610953
3140001054061,株式会社Ｌｉｋｅコーポレーション,兵庫県,尼崎市,食満１丁目６番３号,6610982
3140001054078,株式会社マスダ建築,兵庫県,尼崎市,武庫町４丁目５番１号,6610044
3140001054086,株式会社原岡,兵庫県,尼崎市,東七松町１丁目１２番１７号,6600051
3140001054094,株式会社ＭＥＩＹＵ,兵庫県,尼崎市,下坂部４丁目１３番７号,6610975
3140001054111,株式会社一八,兵庫県,尼崎市,富松町３丁目２３番１号,6610003
3140001054128,菱繁株式会社,兵庫県,尼崎市,西長洲町２丁目３０番２５号,6600805
3140001054136,株式会社サンレジン,兵庫県,尼崎市,戸ノ内町３丁目３０番１４号,6610961
3140001054169,株式会社ビジュー,兵庫県,尼崎市,昭和通４丁目１２７,6600881
3140001054177,株式会社Ｔ−ＴＥＣ,兵庫県,尼崎市,三反田町２丁目５番８号,6610024
3140001054185,株式会社山本通信,兵庫県,尼崎市,猪名寺２丁目７番１３号,6610981
3140001054202,株式会社スワニーナウ,兵庫県,尼崎市,昭和通６丁目２０３番地の１,6600881
3140001054210,オフィスＪ＆Ｈ株式会社,兵庫県,尼崎市,西本町３丁目８２番地,6600874
3140001054219,株式会社ｎｅｏｉｎｖｅｓｔ,兵庫県,尼崎市,東園田町５丁目１０９番地の９,6610953
3140001054251,株式会社エムアンドディー,兵庫県,尼崎市,大庄西町４丁目２番１号,6600077
3140001054276,株式会社フレッシュフィールド,兵庫県,尼崎市,東園田町５丁目１１８番地の１西岡ビル３０１,6610953
3140001054284,さくら畳株式会社,兵庫県,尼崎市,西長洲町１丁目６−７６,6600805
3140001054292,株式会社トニーワン,兵庫県,尼崎市,久々知１丁目２０番５号,6610977
3140001054301,株式会社アポジオ,兵庫県,尼崎市,立花町２丁目１１番２９号,6610025
3140001054318,株式会社ジョンホーム,兵庫県,尼崎市,南七松町１丁目２番６号,6600053
3140001054326,株式会社峰電機工業,兵庫県,尼崎市,下坂部３丁目１２番１９号,6610975
3140001054334,株式会社輝機,兵庫県,尼崎市,長洲西通１丁目１３番２７号,6600807
3140001054342,株式会社三都通商,兵庫県,尼崎市,南塚口町８丁目８番２１号,6610012
3140001054350,株式会社今村製作所,兵庫県,尼崎市,猪名寺２丁目２１番１４号,6610981
3140001054367,誠光テクニカ株式会社,兵庫県,尼崎市,南塚口町８丁目４番５号,6610012
3140001054375,株式会社浜の家,兵庫県,尼崎市,額田町２２番２３号,6610962
3140001054383,株式会社ヤナギダ,兵庫県,尼崎市,武庫町２丁目１５番１４号,6610044
3140001054400,株式会社オープンシステムネットワーク,兵庫県,尼崎市,善法寺町１５番１号,6610973
3140001054409,株式会社ＫＹ工業,兵庫県,尼崎市,上ノ島町１丁目１７番１２号,6610014
3140001054417,株式会社ダクテック冨永,兵庫県,尼崎市,西高洲町２６番地の５,6600845
3140001054441,株式会社ひ乃清,兵庫県,尼崎市,武庫之荘８丁目１８番１５号,6610035
3140001054482,株式会社サンマリン,兵庫県,尼崎市,大島２丁目１９番１号,6600076
3140001054499,株式会社Ｙ＆Ｓ　ＪＡＰＡＮ,兵庫県,尼崎市,東難波町３丁目１９番２３号,6600892
3140001054508,株式会社日英カーボン製作所,兵庫県,尼崎市,若王寺３丁目１３番２８号,6610974
3140001054516,株式会社ハップ,兵庫県,尼崎市,武庫之荘３丁目１番１号イトーピア７０７号,6610035
3140001054524,株式会社Ｈ．Ａ．Ｔ．Ｓ,兵庫県,尼崎市,三反田町２丁目２番７号,6610024
3140001054532,アースプランド株式会社,兵庫県,尼崎市,西難波町２丁目２６番２６号,6600893
3140001054540,株式会社オオタ,兵庫県,尼崎市,小中島３丁目１０番７−３１０号,6610972
3140001054557,株式会社東商建設,兵庫県,尼崎市,南武庫之荘４丁目１６番１０号,6610033
3140001054565,株式会社前橋修理所,兵庫県,尼崎市,塚口本町１丁目１７番７号,6610001
3140001054573,ＳＡＴＯ株式会社,兵庫県,尼崎市,大庄西町１丁目３８番２号,6600077
3140001054607,ＤＳロジスティクス株式会社,兵庫県,尼崎市,大高洲町１１番地,6600842
3140001054623,株式会社Ｊａｐａｎ　Ｃｏｒｐｏｒａｔｉｏｎ,兵庫県,尼崎市,武庫之荘５丁目１３番５号,6610035
3140001054631,株式会社ジョイント,兵庫県,尼崎市,潮江２丁目３９番３号,6610976
3140001054648,株式会社翔栄,兵庫県,尼崎市,次屋３丁目１番５号,6610965
3140001054664,岡山工業株式会社,兵庫県,尼崎市,道意町２丁目２２番地,6600083
3140001054689,イナズマ工業株式会社,兵庫県,尼崎市,田能３丁目３２番７号,6610951
3140001054697,関西検査工業株式会社,兵庫県,尼崎市,次屋１丁目４番１号,6610965
3140001054755,株式会社ナカサ設備工業,兵庫県,尼崎市,西立花町４丁目８番７−１０２号,6600054
3140001054763,株式会社瀬田,兵庫県,尼崎市,猪名寺２丁目２１番１２号,6610981
3140001054771,株式会社トラスト,兵庫県,尼崎市,武庫之荘西２丁目３３番２４号,6610034
3140001054788,セルデンタルラボラトリー株式会社,兵庫県,尼崎市,東難波町３丁目１７番１０号尼崎セントラルビル３０１号室,6600892
3140001054796,株式会社ＺＥＮ,兵庫県,尼崎市,尾浜町３丁目２２番８号,6610022
3140001054813,株式会社フロンティア,兵庫県,尼崎市,昭和南通５丁目１１３番地２プロスパー尼崎１Ｆ,6600882
3140001054821,新日本産業株式会社,兵庫県,尼崎市,西字喜左衛門新田１７８５番２４,6600000
3140001054846,株式会社吉達,兵庫県,尼崎市,南塚口町２丁目１番２号−１１５,6610012
3140001054862,株式会社ライズ,兵庫県,尼崎市,大西町３丁目７番２７号,6610023
3140001054879,株式会社千原卯兵衛,兵庫県,尼崎市,若王寺１丁目１４番１２号,6610974
3140001054887,広福商事株式会社,兵庫県,尼崎市,東難波町２丁目２−２６,6600892
3140001054895,株式会社梅本組,兵庫県,尼崎市,宮内町２丁目８４−２,6600877
3140001054904,山村興産株式会社,兵庫県,尼崎市,西向島町１５番１,6600857
3140001054920,創神企画株式会社,兵庫県,尼崎市,浜田町４丁目５番地,6600062
3140001054953,株式会社ミヨシサービス,兵庫県,尼崎市,大庄西町３丁目２２番９号,6600077
3140001054961,株式会社アイ・ケイ・メタル,兵庫県,尼崎市,食満３丁目２５番６５号,6610982
3140001054978,タマテック株式会社,兵庫県,尼崎市,食満７丁目１８番２７号,6610982
3140001055002,株式会社クオリア,兵庫県,尼崎市,武庫之荘６丁目２６番７号大三マンション５０１,6610035
3140001055010,株式会社ＳＫリアルエステート,兵庫県,尼崎市,南塚口町２丁目１番２号１−１号室,6610012
3140001055027,株式会社ハッピーフィールド,兵庫県,尼崎市,稲葉元町２丁目１６番３８号,6600055
3140001055051,株式会社ヒンメル・コーポレーション,兵庫県,尼崎市,神田中通７丁目２４６番地,6600884
3140001055068,こども部屋ＢｏｏＢｏｏ株式会社,兵庫県,尼崎市,東難波町２丁目８番２号,6600892
3140001055076,管財物件トレードサービス株式会社,兵庫県,尼崎市,食満７丁目３番３８号,6610982
3140001055092,株式会社テラサワ,兵庫県,尼崎市,武庫町３丁目７番１７号,6610044
3140001055101,株式会社千鳥屋宗家,兵庫県,尼崎市,塚口町３丁目２６番地の４,6610002
3140001055118,株式会社直設備工業,兵庫県,尼崎市,下坂部４丁目１２番１７号,6610975
3140001055126,株式会社ＥＭＳ,兵庫県,尼崎市,南武庫之荘１丁目１９番１号,6610033
3140001055134,島谷ハウス株式会社,兵庫県,尼崎市,南初島町８番８３号,6600833
3140001055142,株式会社ｔａｓｕｋａｌ,兵庫県,尼崎市,東難波町２丁目１６９番地の１,6600892
3140001055150,株式会社東洋スタンダードアジア,兵庫県,尼崎市,南武庫之荘５丁目２番８−２０１号,6610033
3140001055159,株式会社シンコウ,兵庫県,尼崎市,大高洲町５番地,6600842
3140001055175,株式会社Ｓｔｅｐ・ＵＰ,兵庫県,尼崎市,神田中通９丁目２９３番地の９,6600884
3140001055183,株式会社伍代物流,兵庫県,尼崎市,築地４丁目２番１９号,6600858
3140001055191,株式会社ファン,兵庫県,尼崎市,富松町１丁目８番８号,6610003
3140001055209,ねこの手株式会社,兵庫県,尼崎市,蓬川町３０２番地の１５,6600081
3140001055217,株式会社やすらぎ企画,兵庫県,尼崎市,善法寺町５番２０号,6610973
3140001055225,株式会社ＴＡＮＵＫＩ,兵庫県,尼崎市,東難波町３丁目１番１６−１０２号,6600892
3140001055233,山口設備株式会社,兵庫県,尼崎市,水堂町２丁目４番９号,6610026
3140001055241,株式会社坂,兵庫県,尼崎市,東園田町４丁目１０７番地の１３,6610953
3140001055258,株式会社まほろば,兵庫県,尼崎市,道意町７丁目１番３号,6600083
3140001055266,株式会社諦伸,兵庫県,尼崎市,築地２丁目１番１８号,6600858
3140001055274,株式会社グランフォルム,兵庫県,尼崎市,東難波町５丁目１３−１５,6600892
3140001055282,ヤンマーエンジニアリング株式会社,兵庫県,尼崎市,長洲東通１丁目１番１号,6600801
3140001055290,株式会社帝神,兵庫県,尼崎市,南武庫之荘６丁目１５番１９号,6610033
3140001055299,株式会社久電通,兵庫県,尼崎市,西難波町５丁目１番７号,6600893
3140001055308,株式会社ＯＮ　ＤＥＭＡＮＤ,兵庫県,尼崎市,西立花町３丁目９番２３号,6600054
3140001055316,株式会社キイロヤインポート,兵庫県,尼崎市,昭和南通７丁目１６８番地２,6600882
3140001055324,株式会社カマダコミュニティ,兵庫県,尼崎市,食満５丁目１０番２５号,6610982
3140001055332,株式会社神農,兵庫県,尼崎市,南武庫之荘７丁目７番１０号,6610033
3140001055357,株式会社エクス・マキナ,兵庫県,尼崎市,尾浜町２丁目２３番２０号１Ｆ,6610022
3140001055365,株式会社日本福祉タクシー協会連合会,兵庫県,尼崎市,南武庫之荘２丁目２７番２５号,6610033
3140001055398,株式会社ワールドマックス,兵庫県,尼崎市,次屋３丁目１３番１８号,6610965
3140001055407,株式会社エフジェー,兵庫県,尼崎市,今福１丁目１番１３−２０６号,6600812
3140001055415,エクセルトラスト株式会社,兵庫県,尼崎市,道意町７丁目１番３号,6600083
3140001055423,株式会社ライトグラベル,兵庫県,尼崎市,開明町１丁目３１番地,6600862
3140001055431,株式会社フリースタイル,兵庫県,尼崎市,富松町１丁目１２番１０号,6610003
3140001055448,株式会社有優癒,兵庫県,尼崎市,浜田町５丁目２３−１,6600062
3140001055456,フクモトパック株式会社,兵庫県,尼崎市,南清水３２番１７号,6610985
3140001055464,株式会社モリヤマ,兵庫県,尼崎市,武庫之荘９丁目３２番１８号,6610035
3140001055472,株式会社アド・エンタープライズ,兵庫県,尼崎市,富松町３丁目２０番３３号,6610003
3140001055480,沖田商事株式会社,兵庫県,尼崎市,元浜町３丁目３６番地,6600085
3140001055489,セレニティホーム株式会社,兵庫県,尼崎市,南武庫之荘４丁目２１番３０号セレニティ松井ビル２階,6610033
3140001055497,株式会社キスイ,兵庫県,尼崎市,東園田町２丁目７５番地の２（１階）,6610953
3140001055506,株式会社米田製作所,兵庫県,尼崎市,金楽寺町２丁目２０番３３号,6600806
3140001055514,Ｍｅａｔ　Ｆａｃｔｏｒｙ株式会社,兵庫県,尼崎市,西難波町１丁目５番７号川島マンション２０５号,6600893
3140001055522,株式会社誠也,兵庫県,尼崎市,東園田町９丁目１７番５号,6610953
3140001055539,株式会社ＴＹ,兵庫県,尼崎市,西長洲町２丁目３番５号,6600805
3140001055555,株式会社ＭＴＹ,兵庫県,尼崎市,南武庫之荘２丁目９番２０号,6610033
3140001055563,株式会社アーシスト,兵庫県,尼崎市,武庫之荘東２丁目２４番３０−１１０号,6610032
3140001055588,近畿医療株式会社,兵庫県,尼崎市,猪名寺２丁目１７番５号サカエハイツ１階,6610981
3140001055605,ウェストビレッジ株式会社,兵庫県,尼崎市,南塚口町１丁目２３番１３号,6610012
3140001055613,株式会社ミーム,兵庫県,尼崎市,武庫之荘１丁目３番３号,6610035
3140001055621,株式会社ハンズキャリー,兵庫県,尼崎市,東園田町６丁目４７番地の５園田シティハイツ１０２号,6610953
3140001055638,株式会社心たけ,兵庫県,尼崎市,上坂部３丁目１７番１１号,6610979
3140001055646,株式会社新ホーム,兵庫県,尼崎市,南城内１４０,6600825
3140001055662,株式会社ＭＳＧ,兵庫県,尼崎市,東園田町９丁目１７番地の８,6610953
3140001055670,株式会社レベラー,兵庫県,尼崎市,北初島町１６番地の８,6600834
3140001055679,株式会社Ａフィールド,兵庫県,尼崎市,次屋３丁目１８番１７号,6610965
3140001055687,株式会社たいよう,兵庫県,尼崎市,塚口町１丁目２１番６号塚口エスティビル３階,6610002
3140001055704,株式会社咲くら,兵庫県,尼崎市,大島２丁目３０番４号,6600076
3140001055720,株式会社ベスト不動産,兵庫県,尼崎市,七松町３丁目２番２４号福本産業ビル１Ｆ,6600052
3140001055753,株式会社ＨＡＲＵＲＵ,兵庫県,尼崎市,富松町４丁目２２番２８号,6610003
3140001055761,株式会社セノオ興産,兵庫県,尼崎市,南塚口町２丁目６番２７号,6610012
3140001055778,株式会社サザン,兵庫県,尼崎市,東園田町２丁目１０１番４号アグジスＭ＆Ｓ２０５号,6610953
3140001055786,株式会社ぐりーん工房,兵庫県,尼崎市,南初島町１０番地の３５,6600833
3140001057048,株式会社サクラクリーン,兵庫県,尼崎市,三反田町３丁目１１−１０,6610024
3140001057089,株式会社司,兵庫県,尼崎市,田能６丁目９番１１号,6610951
3140001057171,ＰＲＯＴＥＣＴ株式会社,兵庫県,尼崎市,三反田町２丁目１９番１４号,6610024
3140001057353,株式会社セキタ,兵庫県,尼崎市,崇徳院２丁目１３８番地,6600071
3140001057361,株式会社ホームサービス,兵庫県,尼崎市,長洲本通１丁目３番５−４０１号,6600803
3140001057403,株式会社五星産業,兵庫県,尼崎市,水堂町３丁目６−２０−２１１,6610026
3140001057411,株式会社チャイルドスクウェア,兵庫県,尼崎市,七松町１丁目１９番２０−２０６号,6600052
3140001063616,株式会社ホーセイ,兵庫県,尼崎市,久々知西町２丁目１４番１５号,6610978
3140001067402,株式会社松下製作所,兵庫県,尼崎市,猪名寺２丁目２１番１８号,6610981
3140001067468,株式会社エイケン,兵庫県,尼崎市,御園町３５番地Ｙ・Ｋ・Ｆ尼崎ビル４Ｆ,6600861
3140001067518,株式会社Ｒｉｓｅ,兵庫県,尼崎市,田能３丁目２番２６号,6610951
3140001067641,株式会社サエキ工業,兵庫県,尼崎市,大庄北１丁目２４番１号,6600063
3140001067658,なかはら株式会社,兵庫県,尼崎市,御園町５４番２５０８号,6600861
3140001067690,株式会社三和工業,兵庫県,尼崎市,御園２丁目１５番１−３０６号,6610984
3140001067740,株式会社ＫＥＮ　ＮＡＫＡＫＩＴＡ,兵庫県,尼崎市,武庫之荘３丁目１３番１号,6610035
3140001069357,高木食品株式会社,兵庫県,尼崎市,潮江４丁目４番１号,6610976
3140001072674,株式会社翔海,兵庫県,尼崎市,武庫町１丁目４４番２３号,6610044
3140001073020,サンヨー興産株式会社,兵庫県,尼崎市,丸島町２５番地,6600086
3140001073193,株式会社ファルシオ,兵庫県,尼崎市,七松町１丁目２番１−３０４号,6600052
3140001073722,ＬＥＤシステム開発株式会社,兵庫県,尼崎市,潮江５丁目２番１−１０１９号,6610976
3140001073887,株式会社ＧＯＯＤＭＥＡＴ,兵庫県,尼崎市,西難波町１丁目５番７号,6600893
3140001074539,株式会社ジールテック,兵庫県,尼崎市,下坂部３丁目１３番１１号,6610975
3140001074687,株式会社トラスト,兵庫県,尼崎市,御園町３３番地（サンヴェール尼崎駅前７０２）,6600861
3140001074745,日本宅建株式会社,兵庫県,尼崎市,立花町３丁目３５番１２号,6610025
3140001077582,株式会社エムエヌケイ,兵庫県,尼崎市,北初島町１６番６,6600834
3140001077681,キヨムラ印刷株式会社,兵庫県,尼崎市,南武庫之荘８丁目３０番５号,6610033
3140001077715,ライフプランニング株式会社,兵庫県,尼崎市,杭瀬南新町１丁目６番１８号,6600822
3140001077731,株式会社プログレッソ,兵庫県,尼崎市,潮江５丁目２番１−３２８号,6610976
3140001077756,ボンビックス薬品株式会社,兵庫県,尼崎市,神田北通３丁目３７番３号,6600883
3140001077863,株式会社春夏,兵庫県,尼崎市,若王寺２丁目３７番１０−４０５号,6610974
3140001077871,株式会社Ｆｉｖｅ　Ｋｅｙａ,兵庫県,尼崎市,武庫之荘４丁目２番１１号,6610035
3140001080537,株式会社ＬＴＷ,兵庫県,尼崎市,塚口町１丁目２５番２号クエステ塚口２０６,6610002
3140001080611,株式会社Ｔ２ワークス,兵庫県,尼崎市,東園田町６丁目３９番地の３,6610953
3140001081031,株式会社ジェイ・シーオー,兵庫県,尼崎市,戸ノ内町３丁目１７番１２号,6610961
3140001084298,株式会社ワードテック,兵庫県,尼崎市,立花町３丁目２８番１４号,6610025
3140001084389,株式会社日和,兵庫県,尼崎市,久々知２丁目２９番１３号,6610977
3140001086360,株式会社ＦＢＫ,兵庫県,尼崎市,武庫町２丁目２８−４,6610044
3140001086369,株式会社Ｖｉｅ,兵庫県,尼崎市,南武庫之荘１丁目１３番７号福々邸参番館１Ｆ,6610033
3140001086567,株式会社ｕｓｅ　ｐｌａｎｎｉｎｇ九頭竜,兵庫県,尼崎市,塚口町３丁目１０番地の２８,6610002
3140001086617,株式会社ＲＵＥＨＬ,兵庫県,尼崎市,大庄川田町４９オフィスプラザ弓場の先Ｄ棟,6600072
3140001086625,ジェイガード株式会社,兵庫県,尼崎市,立花町４丁目６番５号,6610025
3140001086708,株式会社ＭＫＢネット,兵庫県,尼崎市,富松町１丁目３番１９号富松ハイツ１０１号,6610003
3140001086781,株式会社Ｍ’ｓネーション,兵庫県,尼崎市,戸ノ内町６丁目１番１４号,6610961
3140001086889,Ｋウイング株式会社,兵庫県,尼崎市,上ノ島町３丁目１７番６号,6610014
3140001086930,ベリテック・アイコニックス・ベンチャーズ株式会社,兵庫県,尼崎市,長洲本通１丁目３番１号川端ビル,6600803
3140001086939,株式会社孝建,兵庫県,尼崎市,昭和通９丁目３３３番地ＪＩＮマンション１Ｆ,6600881
3140001086988,株式会社三葉産業,兵庫県,尼崎市,東難波町５丁目５番１０号,6600892
3140001087094,株式会社テツジイ,兵庫県,尼崎市,富松町２丁目１１番１８号,6610003
3140001087193,ブレイブマンリアルエステート株式会社,兵庫県,尼崎市,西難波町５丁目１４番１０号,6600893
3140001087227,株式会社めばえ,兵庫県,尼崎市,南武庫之荘１丁目７番１号,6610033
3140001087482,大栄貿易株式会社,兵庫県,尼崎市,南清水３９番９号大月ビル３Ｆ,6610985
3140001087598,スモールビジネス総研株式会社,兵庫県,尼崎市,大庄中通１丁目３８番地,6600075
3140001087623,株式会社イージス,兵庫県,尼崎市,南塚口町１丁目２−８−３０３,6610012
3140001087631,株式会社ハイツタカオカ,兵庫県,尼崎市,梶ケ島１１番２１号,6600821
3140001087648,株式会社アイディア,兵庫県,尼崎市,西難波町１丁目１０番１５号,6600893
3140001087945,株式会社ワールドインターネットショップ,兵庫県,尼崎市,塚口本町３丁目７番３７号,6610001
3140001087953,フレンド株式会社,兵庫県,尼崎市,東難波町４丁目２番２９号,6600892
3140001087986,株式会社パックル,兵庫県,尼崎市,南武庫之荘１１丁目４番２２−５０５号,6610033
3140001088134,株式会社ラグナロックジャパン・リミテッド,兵庫県,尼崎市,東難波町２丁目１番５号,6600892
3140001088324,株式会社Ｇｌｏｂａｌ　Ｓｔｙｌｅ　Ｊａｐａｎ,兵庫県,尼崎市,七松町１丁目２０−２３ＡＫＣビル２Ｆ,6600052
3140001088373,株式会社めぐゆう,兵庫県,尼崎市,大物町１丁目９番２９号,6600823
3140001088547,株式会社上組機設,兵庫県,尼崎市,高田町８番２４号,6610963
3140001088563,株式会社スパサービス,兵庫県,尼崎市,蓬川町２９５番地３,6600081
3140001089017,株式会社大城,兵庫県,尼崎市,若王寺３丁目３０番１７号,6610974
3140001089149,ペイントマシンサービス株式会社,兵庫県,尼崎市,神崎町３９番６号,6610964
3140001089231,株式会社アルファー,兵庫県,尼崎市,昭和南通６丁目１３４清国中央ビル３０６号,6600882
3140001089347,株式会社メモリーゴールド,兵庫県,尼崎市,南塚口町１丁目１２番８号サウサービル１階,6610012
3140001089504,株式会社栗阿彌,兵庫県,尼崎市,塚口町３丁目２６番地の４,6610002
3140001089883,心幸サポートシステム株式会社,兵庫県,尼崎市,潮江１丁目２番６号ＪＲＥ尼崎フロントビル２階,6610976
3140001090172,株式会社ＥＯＪ,兵庫県,尼崎市,武庫之荘５丁目１４番２号,6610035
3140001090271,株式会社タカハシ機工,兵庫県,尼崎市,西川２丁目１１番２３号,6610966
3140001090627,株式会社カインドネス,兵庫県,尼崎市,東園田町５丁目１番２−２１７号,6610953
3140001090643,アダチテクノ株式会社,兵庫県,尼崎市,琴浦町６６番１−１,6600074
3140001090750,株式会社かつの縁,兵庫県,尼崎市,神田中通２丁目２８,6600884
3140001090783,松本重量株式会社,兵庫県,尼崎市,高田町７番２０号,6610963
3140001091170,株式会社宮本組,兵庫県,尼崎市,南武庫之荘９丁目１２番７号,6610033
3140001091237,株式会社フオーハーフ,兵庫県,尼崎市,浜１丁目１−１０,6610967
3140001091278,株式会社ＴＯＳｔｈｅＣ,兵庫県,尼崎市,今福１丁目１番１８−１０２号,6600812
3140001091617,株式会社Ｋ．Ｋ．Ｃ．インターナショナル,兵庫県,尼崎市,武庫之荘４丁目１１番１号,6610035
3140001091815,株式会社カケル工業,兵庫県,尼崎市,若王寺３丁目２７番３０号,6610974
3140001091872,株式会社福八,兵庫県,尼崎市,神田中通２丁目２７番２６号ＢＣ,6600884
3140001091930,株式会社籾山工業所,兵庫県,尼崎市,食満７丁目２２番１７号,6610982
3140001092177,エムズエンジニアリング株式会社,兵庫県,尼崎市,東園田町５丁目１６番地の１サントアヴェール２０２号,6610953
3140001092276,株式会社ＴＧファクトリー,兵庫県,尼崎市,南塚口町３丁目１１番１６号,6610012
3140001092490,株式会社ニュートラル,兵庫県,尼崎市,西長洲町２丁目３６番２０号２階,6600805
3140001092623,Ｋマーク株式会社,兵庫県,尼崎市,武庫町２丁目１番９号,6610044
3140001092631,株式会社ＡＣＥ,兵庫県,尼崎市,元浜町４丁目７６番５号,6600085
3140001092656,株式会社ＡＢＣ,兵庫県,尼崎市,七松町３丁目１６番１１号,6600052
3140001092697,株式会社ＯＢＫ,兵庫県,尼崎市,次屋３丁目５番３号,6610965
3140001092722,株式会社グローバルキャスト,兵庫県,尼崎市,東難波町５丁目３０番１７号アスパイア七番館８０３号,6600892
3140001092920,株式会社Ｔａｋｅ　Ｐｌａｎｎｉｎｇ　Ｗｏｒｋ,兵庫県,尼崎市,昭和南通３丁目１２−２−３０３,6600882
3140001092994,株式会社新晃工作所,兵庫県,尼崎市,今福２丁目４番５号,6600812
3140001093051,株式会社ケーソウ,兵庫県,尼崎市,田能４丁目１１番３８号,6610951
3140001093217,株式会社グローバルスプラッシュ,兵庫県,尼崎市,南武庫之荘３丁目３０−１２,6610033
3140001093621,マルシン株式会社,兵庫県,尼崎市,大庄中通３丁目９５,6600075
3140001093646,株式会社みずほ,兵庫県,尼崎市,大庄中通１丁目７１−１,6600075
3140001093761,株式会社Ｋ’ｓ　Ｆａｃｔｏｒｙ,兵庫県,尼崎市,長州本通二丁目２−１ながすダンダンハウス１０７号室,6600000
3140001094066,株式会社敏生,兵庫県,尼崎市,稲葉荘１丁目１４番１−２０１号,6600064
3140001094140,上田通信株式会社,兵庫県,尼崎市,椎堂１丁目２４番２３号,6610952
3140001094529,浪花車体株式会社,兵庫県,尼崎市,武庫川町２丁目６７番地,6600084
3140001094859,株式会社プロパティサービス,兵庫県,尼崎市,武庫之荘２丁目２１番３号,6610035
3140001095023,株式会社Ｗ−ｅｓｔメンテナンス,兵庫県,尼崎市,武庫町３丁目２１番２４号,6610044
3140001095048,株式会社ラジュネス企画,兵庫県,尼崎市,武庫之荘１丁目３番３号,6610035
3140001095130,株式会社プラマー,兵庫県,尼崎市,南塚口町１丁目３０番１１号,6610012
3140001095139,株式会社パープルトーラス,兵庫県,尼崎市,大島１丁目１６番７号,6600076
3140001095205,株式会社アイビス,兵庫県,尼崎市,次屋２丁目１７番８号,6610965
3140001095246,共栄電設株式会社,兵庫県,尼崎市,長洲中通３丁目２３番６号,6600802
3140001095254,プリムフォーレ株式会社,兵庫県,尼崎市,小中島１丁目５番５号,6610972
3140001095452,株式会社中村フロアー,兵庫県,尼崎市,戸ノ内町３丁目１７番１１号,6610961
3140001095460,株式会社Ｒａｃｔｏｒｙ,兵庫県,尼崎市,浜田町２丁目８４番地堀吉ビル,6600062
3140001095527,株式会社ライン,兵庫県,尼崎市,次屋３丁目３番５６号,6610965
3140001095584,株式会社河大,兵庫県,尼崎市,東園田町２丁目８８番地の４,6610953
3140001095824,株式会社栄斗開発,兵庫県,尼崎市,武庫町２丁目１番９号,6610044
3140001095881,株式会社ＶＥＲＴＥＸ,兵庫県,尼崎市,七松町２丁目４番７号,6600052
3140001096277,株式会社久保工業,兵庫県,尼崎市,杭瀬本町２丁目３−８−１０１,6600814
3140001096351,竹村重工業株式会社,兵庫県,尼崎市,大庄川田町１７番地の５,6600072
3140001096376,東洋物産株式会社,兵庫県,尼崎市,西昆陽２丁目１５番３５−４０５号,6610047
3140001096483,株式会社エステート・ミゾグチ,兵庫県,尼崎市,南塚口町８丁目１０番１０号,6610012
3140001096772,株式会社エトワールＫ．Ｔ．Ｙ．,兵庫県,尼崎市,富松町２丁目３１番２３号,6610003
3140001096797,株式会社みやざきファミリー,兵庫県,尼崎市,大島１丁目１６番１号,6600076
3140001096814,株式会社野間,兵庫県,尼崎市,長洲中通２丁目１４番１０号,6600802
3140001097028,株式会社ＲｏｎＥ,兵庫県,尼崎市,常吉２丁目２番６号,6610042
3140001097069,株式会社グラウクス,兵庫県,尼崎市,高田町２番２号３Ｆ,6610963
3140001097283,株式会社ミヤモト,兵庫県,尼崎市,崇徳院１丁目１１番,6600071
3140001097465,楽勝株式会社,兵庫県,尼崎市,昭和南通７丁目１７８番地１,6600882
3140001097498,株式会社ＥＩＧＨＴ,兵庫県,尼崎市,大庄西町１丁目７番５号,6600077
3140001097548,株式会社今福金属商会,兵庫県,尼崎市,今福２丁目８番８号,6600812
3140001097597,株式会社ドラゴン・サン,兵庫県,尼崎市,東塚口町１丁目８番１５号,6610011
3140001097655,株式会社軽天稲田,兵庫県,尼崎市,南武庫之荘３丁目２６番１２−２０３号,6610033
3140001097713,株式会社扇設備,兵庫県,尼崎市,瓦宮１丁目１０番１号,6610971
3140001098100,株式会社光國ステンレス工業,兵庫県,尼崎市,潮江１丁目３０番１９号,6610976
3140001098174,株式会社大陽,兵庫県,尼崎市,水堂町１丁目１５番８号,6610026
3140001098224,株式会社アリゼ,兵庫県,尼崎市,次屋１丁目３番４３号,6610965
3140001098307,株式会社赤星,兵庫県,尼崎市,水堂町２丁目２９−１８,6610026
3140001098315,株式会社イースト・ワン,兵庫県,尼崎市,長洲東通３丁目２番２号,6600801
3140001098455,兵庫電力株式会社,兵庫県,尼崎市,大西町３丁目２番２９号,6610023
3140001098471,株式会社零壱,兵庫県,尼崎市,武庫町２丁目２３番６号,6610044
3140001098587,株式会社たつ組,兵庫県,尼崎市,大庄北５丁目１６番９号,6600063
3140001098595,株式会社ホーユーロジスティクス,兵庫県,尼崎市,南竹谷町１丁目４０−９,6600875
3140001098703,株式会社Ｓ．Ａ,兵庫県,尼崎市,大島１丁目３２番９号,6600076
3140001098760,株式会社ヒヤマ建装,兵庫県,尼崎市,武庫元町１丁目２８番２−３０２号,6610043
3140001098868,守本設備株式会社,兵庫県,尼崎市,次屋３丁目６番６０号,6610965
3140001098892,株式会社ゴトウ,兵庫県,尼崎市,東園田町５丁目１１４番地の４,6610953
3140001098950,株式会社兵研,兵庫県,尼崎市,栗山町１丁目６番１号,6610013
3140001099115,株式会社ＥＫＳＯＨ　ＪＡＰＡＮ,兵庫県,尼崎市,東塚口町１丁目１５番１−１０５号,6610011
3140001099651,株式会社ＪＥＳＣＯ,兵庫県,尼崎市,立花町１丁目１６番１５号,6610025
3140001099809,株式会社一蓮,兵庫県,尼崎市,南竹谷町２丁目１５番地の１,6600875
3140001099866,株式会社マスターランド,兵庫県,尼崎市,立花町３丁目３７番１０−４０８号,6610025
3140001100022,株式会社スペーサー,兵庫県,尼崎市,次屋２丁目１番３４号,6610965
3140001100047,山村ロジスティクス株式会社,兵庫県,尼崎市,西向島町１５番１,6600857
3140001100170,株式会社ケアステーションきりん,兵庫県,尼崎市,玄番北之町２６番地の１尼崎アーバンコンフォート１２１３,6600872
3140001100253,株式会社エヴォノスクリエイト,兵庫県,尼崎市,久々知西町２丁目８番２１号,6610978
3140001100468,尼崎開発株式会社,兵庫県,尼崎市,神田中通３丁目５９番地,6600884
3140001100591,株式会社ＹＣＳ,兵庫県,尼崎市,御園１丁目２４番４号,6610984
3140001100815,株式会社ＺＥＲＯ,兵庫県,尼崎市,東難波町５丁目８番２６,6600892
3140001100963,株式会社ビーソウルブラザーズ,兵庫県,尼崎市,南竹谷町３丁目６番地の８８,6600875
3140001101359,株式会社トライイット,兵庫県,尼崎市,塚口本町２丁目２番５号,6610001
3140001101565,株式会社ワイズクレスト,兵庫県,尼崎市,大庄西町４丁目１３−１６,6600077
3140001101722,リケン株式会社,兵庫県,尼崎市,武庫之荘本町３丁目１９番１０−３０３号,6610031
3140001101895,株式会社ケイズカンパニー,兵庫県,尼崎市,道意町３丁目５番地,6600083
3140001102010,株式会社三能工業,兵庫県,尼崎市,西本町３丁目７５番地,6600874
3140001102118,株式会社吉友工業,兵庫県,尼崎市,東難波町４丁目２番３７号,6600892
3140001102126,さくら大阪株式会社,兵庫県,尼崎市,立花町４丁目４番１４−３０１号,6610025
3140001102258,株式会社ロングスローダイニング,兵庫県,尼崎市,立花町１丁目２３番１号３階,6610025
3140001102349,株式会社マスターモデルファクトリー,兵庫県,尼崎市,長洲西通２丁目８番１２号,6600807
3140001102547,株式会社トラッシュ,兵庫県,尼崎市,昭和南通８丁目１９９番地,6600882
3140001102844,株式会社上山建設,兵庫県,尼崎市,西立花町３丁目１０番３３号,6600054
3140001103108,株式会社Ａ商事,兵庫県,尼崎市,杭瀬本町３丁目２番３７号,6600814
3140001103330,株式会社カンズ,兵庫県,尼崎市,神田中通３丁目３１番地,6600884
3140001103677,株式会社亀田本店,兵庫県,尼崎市,田能３丁目１４番２１号,6610951
3140001103818,株式会社パウレレオハナ,兵庫県,尼崎市,塚口町１丁目２２番地の１８−２０２号,6610002
3140001103834,株式会社ワンアドヴァンス,兵庫県,尼崎市,東園田町８丁目１１０番地の２９,6610953
3140001104023,株式会社キレイナ,兵庫県,尼崎市,下坂部３丁目１７番５号,6610975
3140001104287,株式会社エーアイテック,兵庫県,尼崎市,御園町３９番地亀田ビル５階,6600861
3140001104320,株式会社とっとリンク,兵庫県,尼崎市,南武庫之荘１丁目２９番２３号,6610033
3140001104444,株式会社ＨＩＫＡＫＯ,兵庫県,尼崎市,御園町５４番地ローレルタワー尼崎２８０３,6600861
3140001104766,株式会社ｓｏｕｒｉｒｅ,兵庫県,尼崎市,南武庫之荘１丁目１４番１８号,6610033
3140001104816,株式会社クラフト,兵庫県,尼崎市,西本町２丁目３１−１,6600874
3140001104898,コニー株式会社,兵庫県,尼崎市,武庫豊町３丁目４番１−５０４号,6610045
3140001105194,株式会社中外建装,兵庫県,尼崎市,西難波町４丁目６番３０−７０３号,6600893
3140001105228,株式会社スフィーダ,兵庫県,尼崎市,水堂町１丁目１番１号,6610026
3140001105236,エビス．ＪＤ株式会社,兵庫県,尼崎市,神田中通３丁目６５番地,6600884
3140001105450,株式会社堀工業,兵庫県,尼崎市,昭和南通５丁目７５−１−Ａ,6600882
3140001105491,株式会社日新工業,兵庫県,尼崎市,建家町１９番１号,6600871
3140001105582,ロイヤルビルディング株式会社,兵庫県,尼崎市,北大物町８番２２号,6600804
3140001105599,株式会社宮本溶工,兵庫県,尼崎市,南塚口町８丁目４６−１０−１０３,6610012
3140001105649,株式会社富永工業,兵庫県,尼崎市,東難波町５丁目２６番６号,6600892
3140001105665,株式会社きよもと電気工事,兵庫県,尼崎市,東桜木町５２番地,6600864
3140001105707,株式会社三嶋屋,兵庫県,尼崎市,西長洲町３丁目６番２０号,6600805
3140001105731,株式会社Ｊ．ＥＬＥＸＩ,兵庫県,尼崎市,西川２丁目１８番１号,6610966
3140001105764,和晃電設株式会社,兵庫県,尼崎市,道意町５丁目３８番地の１,6600083
3140001105789,株式会社エム・エー・アール,兵庫県,尼崎市,口田中１丁目２４番１１号,6610983
3140001105888,株式会社タツ建材,兵庫県,尼崎市,杭瀬本町１丁目４番２３号,6600814
3140001106110,株式会社ブライ,兵庫県,尼崎市,神崎町３０番１２号,6610964
3140001106168,株式会社シーアイ,兵庫県,尼崎市,久々知西町２丁目１４番９号,6610978
3140001106300,株式会社ＭＡ技建,兵庫県,尼崎市,崇徳院２丁目７３番１号,6600071
3140001106374,英技建株式会社,兵庫県,尼崎市,東難波町５丁目５番２２号,6600892
3140001106416,株式会社ロイヤルリサーチ,兵庫県,尼崎市,稲葉荘１丁目１６番２２号,6600064
3140001106457,株式会社スマイリー,兵庫県,尼崎市,南武庫之荘７丁目１１番３号１０１号室,6610033
3140001106515,株式会社鳴尾塗装,兵庫県,尼崎市,富松町３丁目２９番２３号,6610003
3140001106630,日尼商事株式会社,兵庫県,尼崎市,南塚口町１丁目３０番１１号,6610012
3140001106639,株式会社ＮＡＮＳＥＩ,兵庫県,尼崎市,下坂部４丁目８番１号,6610975
3140001106754,サンエイ工業株式会社,兵庫県,尼崎市,長洲西通１丁目１３番１７号,6600807
3140001106787,フリー・スタイル株式会社,兵庫県,尼崎市,下坂部１丁目３０番２−２号,6610975
3140001106861,森下防災株式会社,兵庫県,尼崎市,七松町１丁目３番２−１８０７号,6600052
3140001106886,株式会社ワークステック,兵庫県,尼崎市,昭和南通４丁目６８−３セントラルパークビル４Ｆ,6600882
3140001106969,株式会社パークス,兵庫県,尼崎市,武庫の里１丁目２０番１号,6610041
3140001107117,東海パーツ株式会社,兵庫県,尼崎市,久々知３丁目１番２５号,6610977
3140001107604,株式会社Ｆフーズ,兵庫県,尼崎市,瓦宮２丁目４番１６号,6610971
3140001108065,クレセール株式会社,兵庫県,尼崎市,水堂町４丁目１番３４−１００７号,6610026
3140001108123,エフ・ワンコーポレーション株式会社,兵庫県,尼崎市,東園田町５丁目８５番２号ルーナ・ピエーナ１Ｆ,6610953
3140001108156,株式会社ＬＩＮＫ＆Ｃｏ．,兵庫県,尼崎市,東難波町５丁目１２番２号ＯＰＳ５号室,6600892
3140001108180,興建株式会社,兵庫県,尼崎市,次屋３丁目６番４７号,6610965
3140001108296,株式会社ＡＱＲＩＤＥ,兵庫県,尼崎市,道意町６丁目２９番地の７１,6600083
3140001108610,アジアピーク株式会社,兵庫県,尼崎市,西川２丁目１５−１３−６０２,6610966
3140001108684,竹島興産株式会社,兵庫県,尼崎市,武庫之荘東１丁目１１番１６号,6610032
3140001108718,カグラサンライフ株式会社,兵庫県,尼崎市,立花町１丁目２番１号,6610025
3140001108726,株式会社サンポー電機,兵庫県,尼崎市,武庫之荘３丁目１７番１４号,6610035
3140001108791,株式会社ＩＢクラフト,兵庫県,尼崎市,額田町５番１７号,6610962
3140001108825,株式会社ＴＯＭエンジニアリング,兵庫県,尼崎市,南塚口町３丁目２番１８号,6610012
3140001109006,株式会社幸建設興業,兵庫県,尼崎市,富松町１丁目１２−７ライゼホビー７号,6610003
3140001109113,株式会社リベラルホーム,兵庫県,尼崎市,口田中１丁目１０番２１号,6610983
3140001109195,株式会社久英機工,兵庫県,尼崎市,南塚口町８丁目５６番３号,6610012
3140001109278,株式会社小原錺工店,兵庫県,尼崎市,東本町３丁目９１番地の４,6600824
3140001109328,株式会社ｓｙｍｍｅ,兵庫県,尼崎市,東園田町６丁目９２番地の６,6610953
3140001109402,リジェネステート株式会社,兵庫県,尼崎市,長洲本通１丁目９番２３号,6600803
3140001109443,株式会社カナエ,兵庫県,尼崎市,神田北通３丁目２７番地の５,6600883
3140001109971,株式会社サンエッジ,兵庫県,尼崎市,食満５丁目２８番１７−１号,6610982
3140001110013,ＹＫＢ株式会社,兵庫県,尼崎市,潮江１丁目３番１２−１８２３号,6610976
3140001110120,株式会社Ａ・Ｅコーポレーション,兵庫県,尼崎市,東難波町４丁目２１番３５ー１１１７号,6600892
3140001110236,株式会社輝,兵庫県,尼崎市,久々知２丁目１３番１８号,6610977
3140001110335,株式会社横山電気工業,兵庫県,尼崎市,南武庫之荘１１丁目９番２７号,6610033
3140001110566,株式会社ＳＨＵＮＴＯＰ,兵庫県,尼崎市,北大物町２６番４号,6600804
3140001110616,株式会社ショウデン設備,兵庫県,尼崎市,南武庫之荘１２丁目１３番２８号,6610033
3140001110624,グローバルアーチ株式会社,兵庫県,尼崎市,築地４丁目５番１５号,6600858
3140001110748,スノーブロッサム株式会社,兵庫県,尼崎市,御園町２４番地尼崎第一ビル４０２号,6600861
3140001110764,株式会社ハウスコンサルタント,兵庫県,尼崎市,東難波町５丁目８番１９号紀の国屋ビル３Ｆ,6600892
3140001110871,株式会社ＳＫ管工,兵庫県,尼崎市,大島２丁目１番６号,6600076
3140001111011,株式会社アールケンソウ,兵庫県,尼崎市,御園１丁目８番４９号,6610984
3140001111036,株式会社Ａ．Ｃ．Ｔ,兵庫県,尼崎市,道意町７丁目１９番１２号,6600083
3140001111168,ハルキ株式会社,兵庫県,尼崎市,戸ノ内町５丁目１３番６号,6610961
3140001111333,株式会社トリ・エス,兵庫県,尼崎市,南塚口町１丁目２６−２８,6610012
3140001111416,株式会社ＮＫＰ,兵庫県,尼崎市,武庫之荘本町２丁目２０番１号,6610031
3140001111606,トライス株式会社,兵庫県,尼崎市,菜切山町３７番地１４,6600073
3140001111853,株式会社ＨＫＴ,兵庫県,尼崎市,南塚口町３丁目２２番３−６０７号,6610012
3140001112059,株式会社ライフバランスＯＦＩＣ,兵庫県,尼崎市,常光寺１丁目９番１号,6600811
3140001112629,株式会社Ｒｉｄｅ,兵庫県,尼崎市,尾浜町１丁目５−５,6610022
3140001112661,株式会社つばさ商会,兵庫県,尼崎市,大島３丁目３番１号,6600076
3140001113362,株式会社アクシススペースイズム,兵庫県,尼崎市,南武庫之荘３丁目３０番１８号５１０号室,6610033
3140001113420,株式会社崎田建装,兵庫県,尼崎市,上坂部３丁目２５番２２号,6610979
3140001113569,動物病院むこのそう株式会社,兵庫県,尼崎市,武庫之荘１丁目２０番１０号,6610035
3140001113602,株式会社Ｅ−ＧＨＯＳＴ,兵庫県,尼崎市,西桜木町１番地の８,6600865
3140001113635,株式会社シトラス,兵庫県,尼崎市,昭和通２丁目１０番３号,6600881
3140001113692,株式会社ファイバー・ジャパン,兵庫県,尼崎市,下坂部３丁目９番２０号,6610975
3140001113718,株式会社皐工務店,兵庫県,尼崎市,神田南通４丁目１０１番地の１,6600885
3140001113759,ホーネスト株式会社,兵庫県,尼崎市,立花町１丁目２３番１号３階,6610025
3140001113882,株式会社ＳＧＫ,兵庫県,尼崎市,稲葉元町１丁目７番３号,6600055
3140001113899,株式会社縁,兵庫県,尼崎市,東難波町４丁目１３番１３−１０３号,6600892
3140001113973,株式会社ＲｅＡｋｋｕ,兵庫県,尼崎市,東難波町１丁目１番１−１３０３号,6600892
3140001113998,アルファサービス株式会社,兵庫県,尼崎市,三反田町２丁目１８番８号−１０３,6610024
3140001114831,株式会社スリーエム,兵庫県,尼崎市,水堂町３丁目１７番２７号,6610026
3140001114872,株式会社六花,兵庫県,尼崎市,長洲西通１丁目３番２５号,6600807
3140001114914,株式会社ＹＯＵアースエンジニアリング,兵庫県,尼崎市,南武庫之荘１丁目１９番９号アクト武庫之荘４階,6610033
3140001115004,株式会社ｈ−ｓｔｙｌｅ,兵庫県,尼崎市,御園町２４番地尼崎第一ビル４０２号,6600861
3140001115160,株式会社打田建匠,兵庫県,尼崎市,東園田町５丁目８７−２０２号,6610953
3140001115409,株式会社パインルーツ,兵庫県,尼崎市,東塚口町１丁目７番１−７１９号,6610011
3140001115417,株式会社セトルホーム,兵庫県,尼崎市,善法寺町１０番３０−４０１号,6610973
3140001115664,株式会社ＫＺＮ,兵庫県,尼崎市,額田町５番３４号,6610962
3140001115706,ＳＥＣエンジニアリング株式会社,兵庫県,尼崎市,潮江１丁目２番６号,6610976
3140001115714,株式会社Ｋフーズ,兵庫県,尼崎市,東園田町５丁目１１番地ライオンズマンション東園田５０６号,6610953
3140001116051,桑名工業株式会社,兵庫県,尼崎市,西高洲町２６番地の５,6600845
3140001116159,株式会社ＦＲＥＥＤＯＭ,兵庫県,尼崎市,神田北通３丁目３４番地２Ｆ,6600883
3140001116200,中福株式会社,兵庫県,尼崎市,尾浜町１丁目３１番２６号３Ｆ,6610022
3140001116357,株式会社はるかぜ,兵庫県,尼崎市,上坂部１丁目３番３８号サンワード塚口１０４号,6610979
3140001116381,株式会社ＴＯＰモデラー,兵庫県,尼崎市,七松町１丁目１０番２号葛西ビル４０１,6600052
3140001116407,ＢＬＵＥ　ＢＩＲＤ株式会社,兵庫県,尼崎市,七松町３丁目６番１３号立花アイエイビル１階,6600052
3140001116547,株式会社ファーマシーツー,兵庫県,尼崎市,御園町２４番地尼崎第一ビル４０２号,6600861
3140001116704,株式会社京阪テック,兵庫県,尼崎市,武庫之荘８丁目８番１４号,6610035
3140001116811,岡田商事株式会社,兵庫県,尼崎市,昭和南通４丁目８３番地,6600882
3140001116877,株式会社エバーラスティング,兵庫県,尼崎市,武庫之荘本町３丁目１４番１２−１００号,6610031
3140001116927,株式会社ファーマシースリー,兵庫県,尼崎市,御園町２４番地尼崎第一ビル４０２号,6600861
3140001117066,株式会社創伸館,兵庫県,尼崎市,名神町３丁目９番２４号古川ビル２０２,6610021
3140001117074,株式会社祝蘭,兵庫県,尼崎市,南武庫之荘２丁目９番１１号,6610033
3140001117099,株式会社Ｂ−ｇｒｏｗｔｈ,兵庫県,尼崎市,七松町１丁目２番１号フェスタ立花北館４０１Ｂ,6600052
3140001117248,株式会社海と桜のメモリアル,兵庫県,尼崎市,東園田町５丁目１３７番セントラルイレブン４０２,6610953
3140001117421,ファーストステップ株式会社,兵庫県,尼崎市,戸ノ内町３丁目３１番１５号,6610961
3140001117710,株式会社佳辰,兵庫県,尼崎市,塚口町２丁目２４番地の４,6610002
3140001117784,松裏産興株式会社,兵庫県,尼崎市,武庫之荘３丁目１４番６−２号,6610035
3140001117842,株式会社ＴＲＹＭｅ,兵庫県,尼崎市,大島２丁目１２番２１号,6600076
3140001117891,株式会社ＰＬＵＳ　ＲＩＮＧ,兵庫県,尼崎市,高田町４番１７号,6610963
3140001117925,株式会社Ｃｏｎｎｅｃｔ　Ｓｕｐｐｏｒｔ,兵庫県,尼崎市,南武庫之荘１丁目８番１６号,6610033
3140001117958,株式会社匠ホーム,兵庫県,尼崎市,浜田町２丁目６５番３,6600062
3140001118312,株式会社ＴＫ　ＯＮＥ,兵庫県,尼崎市,大島３丁目１４番８号,6600076
3140001118543,株式会社グローリー,兵庫県,尼崎市,塚口本町２丁目１３番２０号,6610001
3140001118568,株式会社グッドエイト,兵庫県,尼崎市,南武庫之荘５丁目１０番２４号,6610033
3140001118576,株式会社エルフ,兵庫県,尼崎市,昭和通５丁目１６２,6600881
3140001118601,株式会社リベロ,兵庫県,尼崎市,南塚口町１丁目６番９号,6610012
3140001118808,株式会社オルタナティブツアー,兵庫県,尼崎市,武庫川町４丁目２７−１,6600084
3140001118816,株式会社Ｆｌｏｗｅｒ　ｆｏｒ　Ｓｍｉｌｅ,兵庫県,尼崎市,昭和通２丁目１０番１号,6600881
3140001118857,株式会社リノマノ,兵庫県,尼崎市,潮江１丁目６番３−１３０１号,6610976
3140001118931,ニューソニック株式会社,兵庫県,尼崎市,東難波町１丁目１番１−１１０３号,6600892
3140001118956,株式会社ＮＦＣ,兵庫県,尼崎市,潮江５丁目７番２０号,6610976
3140001118989,フエイ商事株式会社,兵庫県,尼崎市,南武庫之荘５丁目２３番９号,6610033
3140001119244,株式会社ＡＢＳ防災,兵庫県,尼崎市,浜２丁目２２番１１号,6610967
3140001119310,株式会社アイビー,兵庫県,尼崎市,金楽寺町２丁目１３−２０,6600806
3140001119319,株式会社久木元組,兵庫県,尼崎市,今福２丁目３番６号,6600812
3140001119475,晃興産株式会社,兵庫県,尼崎市,昭和通１丁目１０番４号,6600881
3140001119500,Ｒｅ　Ｌａｂ株式会社,兵庫県,尼崎市,西難波町５丁目１−３１,6600893
3140001119657,株式会社兵建リース,兵庫県,尼崎市,南塚口町７丁目４番１５−１０１号,6610012
3140001119979,株式会社ＡＩフード,兵庫県,尼崎市,七松町１丁目３−１,6600052
3140001119987,株式会社新都心ショウ,兵庫県,尼崎市,久々知西町２丁目１１番１１−６０６号,6610978
3140001120020,株式会社Ｌｅａｐ,兵庫県,尼崎市,久々知１丁目２０−５,6610977
3140001120185,今辻工業株式会社,兵庫県,尼崎市,猪名寺３丁目９番３６号,6610981
3140001120284,株式会社仕組,兵庫県,尼崎市,田能４丁目２番２１号,6610951
3140001120334,株式会社イースト,兵庫県,尼崎市,稲葉荘３丁目６番６号,6600064
3140001120631,株式会社ぞうさんのもり,兵庫県,尼崎市,若王寺１丁目２６番１号,6610974
3140001120755,株式会社ＫＡＺＵコーポレーション,兵庫県,尼崎市,小中島１丁目２０番１号,6610972
3140001120879,株式会社Ｅｌｅｓｔａ,兵庫県,尼崎市,南塚口町１丁目１５番１５号プレンティー２１−２０１号室,6610012
3140001121423,株式会社Ｐｌｕｓ　ｏｎｅ,兵庫県,尼崎市,御園町３５ＭＡＲＵＴＯ尼崎ビル５Ｆ,6600861
3140001121811,株式会社ＣＵＢＥ,兵庫県,尼崎市,西長洲町２丁目１３番１号,6600805
3140001121885,株式会社橋岡工業,兵庫県,尼崎市,杭瀬南新町２丁目１３番１号,6600822
3140001122231,株式会社みらい不動産,兵庫県,尼崎市,立花町１丁目１９番２０号３階,6610025
3140001122272,株式会社ＬＩＦＩＸ,兵庫県,尼崎市,西本町７丁目３１２番地の６,6600874
3140001122421,株式会社Ｒｉｅ’ｓ　ｓｔｙｌｅ,兵庫県,尼崎市,武庫之荘３丁目１８番５号１階,6610035
3140001122487,株式会社アトリエマスタバ,兵庫県,尼崎市,南武庫之荘４丁目１３番７号,6610033
3140001122504,株式会社アップワードマネジメント,兵庫県,尼崎市,下坂部２丁目１５番１５号,6610975
3140001122512,株式会社Ｐｒｏｆｅｓｓｉｏｎａｌ,兵庫県,尼崎市,西難波町１丁目１１番９号,6600893
3140001122545,株式会社ＴＳＮ,兵庫県,尼崎市,善法寺町２４番２３−４号,6610973
3140001122660,ルクスエイジ株式会社,兵庫県,尼崎市,東園田町６丁目５５番地の２４,6610953
3140001122768,株式会社ＴｕＫｕＮｅＹａ　ＷＯＲＬＤ,兵庫県,尼崎市,南七松町１丁目２番６号３Ｆ,6600053
3140001123196,株式会社Ｇｌｏｗ　Ｕｐ　Ｓｔａｇｅ,兵庫県,尼崎市,南城内３番地の８,6600825
3140001123287,株式会社Ｍｅｂｉｕｓ,兵庫県,尼崎市,大庄中通２丁目６５番地の１,6600075
3140001123881,株式会社ディラスト,兵庫県,尼崎市,南武庫之荘３丁目３６番５号,6610033
3140001123972,株式会社正建,兵庫県,尼崎市,西長洲町２丁目３６番２０号２階,6600805
3140001124005,Ｐｈａｒｍｉｒａ株式会社,兵庫県,尼崎市,杭瀬寺島２丁目１番３号,6600813
3140001124137,株式会社川口電気通信,兵庫県,尼崎市,南塚口町５丁目１４番７号,6610012
3140001124285,フィデリティパートナーズ株式会社,兵庫県,尼崎市,御園町２４番地尼崎第一ビル４０２号,6600861
3140001124368,株式会社ムーンライト,兵庫県,尼崎市,南塚口町３丁目１６番７号グラン・ソラーレ２０２,6610012
3140001124376,株式会社ＣＡ−ＲＥ−ＳＰＥＣＴ,兵庫県,尼崎市,栗山町１丁目２２番３０号１０５号室,6610013
3140001124418,株式会社Ｈｉｇｈ　Ｇｒａｄｅ,兵庫県,尼崎市,武庫之荘８丁目２７番７号,6610035
3140001124442,株式会社モンドローゼ,兵庫県,尼崎市,塚口本町１丁目１６番１５号,6610001
3140001124509,株式会社高林工業,兵庫県,尼崎市,若王寺３丁目１２番３９−２号,6610974
3140001124558,ＳＴＡＲＴ．５株式会社,兵庫県,尼崎市,富松町１丁目２番１４号,6610003
3140001124566,株式会社ｎｅｘｔ　Ｓｏｐｈｉａ,兵庫県,尼崎市,西立花町１丁目１１番３６号,6600054
3140001124599,株式会社ＬＩＦＥ　ＦｉＴ,兵庫県,尼崎市,南武庫之荘２丁目７番２３号,6610033
3140001124698,株式会社尚楓,兵庫県,尼崎市,椎堂１丁目１６番２８号,6610952
3140001124707,株式会社富松本田商事,兵庫県,尼崎市,富松町１丁目２２番７号,6610003
3140001124772,Ｗｏｒｌｄ　Ｔｒａｄｅ株式会社,兵庫県,尼崎市,下坂部４丁目７番２８号,6610975
3140001124979,株式会社ハナイチ,兵庫県,尼崎市,久々知１丁目１４番１３号,6610977
3140001125069,株式会社きゆら,兵庫県,尼崎市,潮江１丁目３番１２号,6610976
3140001125325,株式会社Ｊｏｕｒｎｅｙ,兵庫県,尼崎市,東塚口町１丁目７番１−３０８号,6610011
3140001125341,株式会社ウィステリア,兵庫県,尼崎市,御園町５４番地２４０６,6600861
3140001125432,ノイマン株式会社,兵庫県,尼崎市,西難波町４丁目１番１２号,6600893
3140001125465,株式会社ＯＣＥＡＮ,兵庫県,尼崎市,杭瀬南新町４丁目５番６号,6600822
3140001125795,株式会社ＢｕｚｚＷｏｏｄｙ,兵庫県,尼崎市,稲葉荘４丁目３番６号,6600064
3140001126001,ｉｊ．ｄｅｓｉｇｎ株式会社,兵庫県,尼崎市,武庫町１丁目１９番１５号,6610044
3140001126240,株式会社エムプラス,兵庫県,尼崎市,今福１丁目１番２８−１０９号,6600812
3140001126380,株式会社ニシムラ,兵庫県,尼崎市,塚口町２丁目３７番地の９,6610002
3140001126397,ｔｒａｎｓｐｏｒｔｅｒ株式会社,兵庫県,尼崎市,長洲西通１丁目１６番１１号,6600807
3140001126612,ＹＢ株式会社,兵庫県,尼崎市,大庄西町４丁目３番１−２０２号,6600077
3140001126637,株式会社ＩＳＨＩＭＯ,兵庫県,尼崎市,大庄中通１丁目７３−２,6600075
3140001126736,ＤＲ株式会社,兵庫県,尼崎市,武庫之荘２丁目２番２−３０６号,6610035
3140001126868,株式会社保育士紹介サービス,兵庫県,尼崎市,塚口町１丁目１３番７号,6610002
3140001127115,株式会社ＲＳオートバイ,兵庫県,尼崎市,杭瀬南新町４丁目６番８号,6600822
3140001127156,株式会社ＴＲＧ,兵庫県,尼崎市,常光寺１丁目２６番２６−４０３号,6600811
3140001127247,株式会社ＳＡＮＳＥＩ,兵庫県,尼崎市,西立花町１丁目２番１０号,6600054
3140001127255,ミッキイ商事株式会社,兵庫県,尼崎市,常吉１丁目８番１号,6610042
3140001127296,平川工業株式会社,兵庫県,尼崎市,東園田町３丁目８８番地の１４,6610953
3140001127478,Ｄ‐ｓｔｙｌｅ株式会社,兵庫県,尼崎市,武庫元町１丁目９番１２−１号,6610043
3140001127544,株式会社川中,兵庫県,尼崎市,武庫之荘７丁目１７番２号,6610035
3140001127552,イーポック株式会社,兵庫県,尼崎市,水堂町４丁目１３番６号,6610026
3140001127750,株式会社東建,兵庫県,尼崎市,南城内１４５番地の３,6600825
3140001127908,株式会社リンクスタイル,兵庫県,尼崎市,立花町１丁目２番１号３０２号室,6610025
3140001127916,株式会社オートハウスサトウ,兵庫県,尼崎市,東塚口町２丁目４番５５号,6610011
3140001127932,株式会社浜工,兵庫県,尼崎市,三反田町２丁目７番４３号,6610024
3140001127957,株式会社トータル・アーツ,兵庫県,尼崎市,水堂町１丁目２４番４号,6610026
3140001128063,株式会社榎本重機建設,兵庫県,尼崎市,大庄北４丁目４番１３−２号,6600063
3140001128666,株式会社オフィストチオ,兵庫県,尼崎市,猪名寺１丁目２５番１０号,6610981
3140001128988,エヌエス・ジャパン関西株式会社,兵庫県,尼崎市,神田中通２丁目２７番地４８号隆商ビル２−１０２号,6600884
3140001129029,株式会社ｍｏｔｏ,兵庫県,尼崎市,東園田町５丁目８７番地,6610953
3140001129103,株式会社グローバルミドリ,兵庫県,尼崎市,武庫之荘１丁目１４−７,6610035
3140001129136,株式会社コウシン電気,兵庫県,尼崎市,南武庫之荘２丁目２４番２７−３０７号,6610033
3140001129284,株式会社ＬＣＧ開発,兵庫県,尼崎市,昭和通４丁目１１７−５０３号室,6600881
3140001129350,株式会社ジェイプロダクト,兵庫県,尼崎市,武庫之荘本町３丁目１０番７−２０１号,6610031
3140001129697,株式会社ファインセンス,兵庫県,尼崎市,上坂部３丁目９番２０号,6610979
3140001129739,株式会社晴蓉,兵庫県,尼崎市,神田南通１丁目２１番地,6600885
3140001130135,株式会社ＺＥＳＴ,兵庫県,尼崎市,立花町４丁目１４番２７号,6610025
3140001130515,株式会社タスク,兵庫県,尼崎市,御園１丁目９番２号,6610984
3140001130580,東海岸生コンクリート株式会社,兵庫県,尼崎市,東海岸町１番地１４,6600843
3140001130647,株式会社明水,兵庫県,尼崎市,武庫之荘３丁目４番４号,6610035
3140001131075,寺尾鉄工所株式会社,兵庫県,尼崎市,大浜町１丁目３４番地,6600095
3140001131208,株式会社クレアール,兵庫県,尼崎市,食満６丁目７番１０号,6610982
3140001131307,株式会社ニュークラム,兵庫県,尼崎市,長洲中通１丁目４番９−１号,6600802
3140001131414,株式会社Ｍｅｄｉｃａｌ　ｋｉｎｇ,兵庫県,尼崎市,水堂町１丁目１番６号,6610026
3140001131736,株式会社ＷＥＳＴ,兵庫県,尼崎市,塚口町４丁目５９−２６,6610002
3140001131802,株式会社ＫＲＭコンサルティング,兵庫県,尼崎市,南塚口町２丁目２９番１１−１号,6610012
3140001132032,株式会社ＧＵＭＭＯ,兵庫県,尼崎市,立花町２丁目１０番５号,6610025
3140001132445,富貴竹アセットマネジメント株式会社,兵庫県,尼崎市,上坂部３丁目１９番５号,6610979
3140001132453,ケイズウェスト株式会社,兵庫県,尼崎市,立花町１丁目２１番５号,6610025
3140001132494,株式会社ＬＩＦＥ建築工房,兵庫県,尼崎市,塚口町３丁目４０番６号,6610002
3140001132585,株式会社Ｕｐｒｉｇｈｔｎｅｓｓ,兵庫県,尼崎市,神田中通２丁目２７−１９シロハイヌ阪神尼崎５Ｆ,6600884
3140001132643,株式会社ＳＷＩＦＴ,兵庫県,尼崎市,浜田町３丁目２２番地の１,6600062
3140001132701,ファイナルアンサー株式会社,兵庫県,尼崎市,塚口町１丁目２７−２,6610002
3140001132750,株式会社ＦＡＮＨＡＮ,兵庫県,尼崎市,水堂町２丁目３４番４号,6610026
3140001132973,株式会社リップステンポラリーエージェンシー,兵庫県,尼崎市,南塚口町８丁目８番２４号,6610012
3140001133105,ＬＧＯ株式会社,兵庫県,尼崎市,東園田町６丁目５９番地１９,6610953
3140001133410,株式会社セントラルコーポレーション,兵庫県,尼崎市,東園田町６丁目４６番地の１ユニハイム園田１−５０３,6610953
3140001133468,株式会社ＫＲＳ,兵庫県,尼崎市,御園２丁目１３番２号,6610984
3140001133567,エビス機材株式会社,兵庫県,尼崎市,小中島３丁目８番８号,6610972
3140001133658,株式会社友加里,兵庫県,尼崎市,神崎町２６番１０号,6610964
3140001133864,株式会社ＣＩＶＩＬ,兵庫県,尼崎市,稲葉元町２丁目３番１−５０１号,6600055
3140001134227,株式会社Ｌｉｅｎ,兵庫県,尼崎市,武庫川町４丁目１７−１−１０３,6600084
3140001134912,株式会社コハラ,兵庫県,尼崎市,高田町２０番２１号,6610963
3140001135175,株式会社ＨＴＤ,兵庫県,尼崎市,東園田町５丁目５９番地の２−２０２,6610953
3140001135183,ＭＴＳ株式会社,兵庫県,尼崎市,南塚口町８丁目５９番１−４０２号,6610012
3140001135191,双英開発株式会社,兵庫県,尼崎市,三反田町２丁目７番３７号,6610024
3140001135308,株式会社エムコネクト,兵庫県,尼崎市,武庫町４丁目１０番４号ＡｃｈｔＨＩＫ武庫町Ａ−５号室,6610044
3140001135332,株式会社ＣＲＥＡＲ,兵庫県,尼崎市,久々知西町１丁目１１番６−４０６号,6610978
3140001135398,株式会社Ｍｔｅｃ．,兵庫県,尼崎市,若王寺２丁目１７番１５−６０２号,6610974
3140001135407,株式会社Ｔ‐ｄａ工房,兵庫県,尼崎市,東難波町３丁目１番３１号,6600892
3140001135489,株式会社ＥＶｉＳ,兵庫県,尼崎市,戸ノ内町５丁目１０番４号,6610961
3140001135588,株式会社大成電工,兵庫県,尼崎市,南塚口町３丁目１９番２８−２０２号,6610012
3140001135605,株式会社ＥＳＴ,兵庫県,尼崎市,金楽寺町２丁目５番４７号,6600806
3140001135621,株式会社ＨＯＴＴＡＮホーム,兵庫県,尼崎市,道意町２丁目５番地,6600083
3140001135720,株式会社スタジオキューブ,兵庫県,尼崎市,次屋３丁目６−４８,6610965
3140001135745,株式会社ＢｒｉｄｇｅＢｏｎｄ,兵庫県,尼崎市,東七松町２丁目２番１０号,6600051
3140001135753,株式会社ルークス,兵庫県,尼崎市,西本町３丁目５番地６０１号,6600874
3140001136041,株式会社タケショー,兵庫県,尼崎市,武庫之荘東１丁目９番２０号,6610032
3140001136553,株式会社山秀,兵庫県,尼崎市,三反田町２丁目１９番１２号,6610024
3140001136561,ＳＯＴＴＡＫＵ株式会社,兵庫県,尼崎市,戸ノ内町３丁目１番１６号,6610961
3140001136603,株式会社ＦＯＲＷＡＲＤ,兵庫県,尼崎市,東園田町９丁目３３番２号,6610953
3140001136710,株式会社ソフトメディアジャパン,兵庫県,尼崎市,水堂町１丁目２２番３３号ソレイユ立花２０５,6610026
3140001136768,株式会社渡邊,兵庫県,尼崎市,東桜木町３８番地１０３号,6600864
3140001136826,株式会社ＥＡプランニング,兵庫県,尼崎市,塚口本町３丁目２５番１０−１０１号,6610001
3140001136859,株式会社砂川組,兵庫県,尼崎市,南武庫之荘１１丁目１番４０号,6610033
3140001137345,株式会社思心,兵庫県,尼崎市,椎堂１丁目２番２号,6610952
3140001137502,株式会社開明町,兵庫県,尼崎市,御園町２１ＭＧビル２０３,6600861
3140001137915,株式会社クリアホーム,兵庫県,尼崎市,潮江２丁目２３番８号,6610976
3140001137989,株式会社福千工務店,兵庫県,尼崎市,武庫之荘本町２丁目２１−１５−２Ｆ,6610031
3140001138194,パディーフィールド株式会社,兵庫県,尼崎市,東園田町３丁目７２番地１０号,6610953
3140001138260,株式会社ｋａｆｕｕ,兵庫県,尼崎市,杭瀬本町２丁目１−３,6600814
3140001138426,丸二森本機設株式会社,兵庫県,尼崎市,西昆陽１丁目７番６−２号,6610047
3140001138434,キムラテック株式会社,兵庫県,尼崎市,名神町２丁目１９番２５−１０４号,6610021
3140001138475,株式会社阪神基礎機械,兵庫県,尼崎市,築地２丁目８番５号,6600858
3140001138491,株式会社Ｌｏｔｓエンジニアリング,兵庫県,尼崎市,立花町４丁目４番７号,6610025
3140001138500,株式会社いいもの市場,兵庫県,尼崎市,三反田町１丁目１４−７,6610024
3140001138590,株式会社セーフティマイナスワン,兵庫県,尼崎市,額田町８番３号,6610962
3140001138657,株式会社ＰＦＵ,兵庫県,尼崎市,杭瀬本町２丁目１０番５号,6600814
3140001138863,戦友車両株式会社,兵庫県,尼崎市,大庄中通１丁目７３番２号,6600075
3140001139036,株式会社竹之内機設,兵庫県,尼崎市,稲葉荘１丁目１８番２０号,6600064
3140001139102,株式会社ＭＹＦ,兵庫県,尼崎市,南武庫之荘５丁目２番２５−３０５号,6610033
3140001139176,株式会社ＴＳＵＮＡＧＵ,兵庫県,尼崎市,昭和通２丁目６番６８号,6600881
3140001139234,ケイテック株式会社,兵庫県,尼崎市,西難波町４丁目６番２６号,6600893
3140001139242,株式会社ＲｅＮｅｓｔ,兵庫県,尼崎市,今福２丁目１９−１０,6600812
3140001139250,ＺＡＹＫ株式会社,兵庫県,尼崎市,元浜町４丁目８８番地,6600085
3140001139440,株式会社ＫＯＨＯトラスト,兵庫県,尼崎市,杭瀬本町２丁目１６番１７号,6600814
3140001139481,株式会社ライクホーム,兵庫県,尼崎市,立花町２丁目３番３号,6610025
3140001139498,ＬＯＧＩ株式会社,兵庫県,尼崎市,大庄北２丁目１８番１号,6600063
3140001139630,株式会社ＡｃｃＰｒｏ,兵庫県,尼崎市,西難波町５丁目９番２７−２号,6600893
3140001139721,株式会社ゴールドシップ,兵庫県,尼崎市,水堂町２丁目４０番１号,6610026
3140001139886,株式会社エムズプラント,兵庫県,尼崎市,大庄北５丁目２５番１３−１号,6600063
3140001139936,株式会社ｉｓｙｅｔ,兵庫県,尼崎市,武庫之荘東２丁目１４番２５−１号,6610032
3140001139944,泉工匠株式会社,兵庫県,尼崎市,神崎町２８番地６,6610964
3140001139977,リテック株式会社,兵庫県,尼崎市,築地５丁目３−４,6600858
3140001139993,クロ建設株式会社,兵庫県,尼崎市,西難波町３丁目１４番８号,6600893
3140001140233,株式会社岩崎内装,兵庫県,尼崎市,武庫町３丁目１８番１５−１号,6610044
3140001140258,株式会社悠々,兵庫県,尼崎市,南塚口町４丁目１番４７号,6610012
3140001140282,株式会社セカンドステップ,兵庫県,尼崎市,西難波町４丁目９番１３号,6600893
3140001140340,株式会社ＭＳＬ,兵庫県,尼崎市,南武庫之荘１丁目２番２５号アスカディア武庫之荘２階,6610033
3140001140464,株式会社関通営業分割準備会社,兵庫県,尼崎市,西向島町１１１番地の４,6600857
3140001140555,新開株式会社,兵庫県,尼崎市,南武庫之荘５丁目５番１５号,6610033
3140001140654,株式会社Ｐｉｎｅｌｍａ,兵庫県,尼崎市,水堂町１丁目３０番地４１−４号,6610026
3140001140679,株式会社ＶＯＲＴＥＸ,兵庫県,尼崎市,久々知３丁目２６番２６号,6610977
3140001140712,株式会社二三,兵庫県,尼崎市,上坂部１丁目８番２−１５０９号,6610979
3140001140786,株式会社Ｙ’ｓ　ｏｆｆｉｃｅ,兵庫県,尼崎市,東難波町３丁目５番１−６０３号,6600892
3140001140794,株式会社Ｔ２Ｎ,兵庫県,尼崎市,水堂町３丁目１７−２７−２１０,6610026
3140001140869,株式会社Ｃｏｃｏ　Ｓｔｙｌｅ,兵庫県,尼崎市,猪名寺３丁目５番４７号,6610981
3140001140935,株式会社ＩＫＩＤ,兵庫県,尼崎市,次屋１丁目１２番２７号,6610965
3140001141025,ＹＫ　Ｗｏｒｋｓ株式会社,兵庫県,尼崎市,西難波町４丁目４番２１号,6600893
3140001141074,株式会社Ｌｉｎｏ,兵庫県,尼崎市,西難波町１丁目３０番１４号,6600893
3140001141108,Ｒａｋｕｃｏ株式会社,兵庫県,尼崎市,武庫川町４丁目１８−５ＬＣ武庫川１０１,6600084
3140001141116,株式会社こども未来育,兵庫県,尼崎市,長洲西通１丁目１３番１号,6600807
3140001141207,インフォレスト株式会社,兵庫県,尼崎市,北竹谷町２丁目１０７番地,6600878
3140001141487,株式会社ＵＮＩ,兵庫県,尼崎市,東難波町５丁目１７番２６号,6600892
3140001141628,株式会社ナラコ,兵庫県,尼崎市,大庄北４丁目３番１−４０７号,6600063
3140001141727,敷津西Ｂ株式会社,兵庫県,尼崎市,東園田町９丁目１５番地の２,6610953
3140001141850,リーネスト不動産株式会社,兵庫県,尼崎市,長洲西通１丁目１０番１−１３０４号,6600807
3140001141859,湖心株式会社,兵庫県,尼崎市,東難波町３丁目２１番６号,6600892
3140001141917,株式会社グリーンマネジメントＪａｐａｎ,兵庫県,尼崎市,東塚口町１丁目１１番１−６１３号,6610011
3140001142205,小崎興業株式会社,兵庫県,尼崎市,道意町５丁目２１番地の９,6600083
3140001142304,株式会社アトリエ・ル・ブルー,兵庫県,尼崎市,上ノ島町１丁目３番２２−２０９号,6610014
3140001142345,株式会社水運流,兵庫県,尼崎市,南武庫之荘１０丁目５番３−３０４号,6610033
3140001142436,株式会社５８,兵庫県,尼崎市,南塚口町１丁目１６番３−１０１号,6610012
3140001142452,ＡＫコンサル株式会社,兵庫県,尼崎市,元浜町２丁目２０番地１０３号,6600085
3140001142527,ＪＲＣ株式会社,兵庫県,尼崎市,南塚口町１丁目２２−１ヴェルテスＩＫＥＭＯＴＯ１０６,6610012
3140002039722,オズプラス株式会社,兵庫県,尼崎市,金楽寺町１丁目６番５７号,6600806
3140002039788,株式会社アヴィオ,兵庫県,尼崎市,富松町１丁目４１番３号,6610003
3140002040424,あい・さくらホーム株式会社,兵庫県,尼崎市,田能５丁目９番３９号,6610951
3140002041026,株式会社三電社,兵庫県,尼崎市,塚口本町１丁目１番１３号,6610001
3140002041100,株式会社ジェイミック,兵庫県,尼崎市,長洲本通１丁目３番１号尼崎駅前川端ビル,6600803
3140002041182,新阪神興業株式会社,兵庫県,尼崎市,東難波町５丁目９番７号,6600892
3140002041323,株式会社スリービー,兵庫県,尼崎市,下坂部４丁目６番１号,6610975
3140002041356,株式会社正和工業,兵庫県,尼崎市,田能３丁目３番９号,6610951
3140002042973,株式会社山口興産,兵庫県,尼崎市,昭和南通４丁目５２番地,6600882
3140002042981,株式会社山下工作所,兵庫県,尼崎市,次屋３丁目１４番５号,6610965
3140002043575,株式会社チタン,兵庫県,尼崎市,潮江１丁目４番２−１５０３号,6610976
3140002044607,株式会社プロスパー,兵庫県,尼崎市,東園田町５丁目５６番地の１−７０３,6610953
3140002045349,株式会社ヤマキン,兵庫県,尼崎市,水堂町４丁目２−３２,6610026
3140002045654,株式会社ピーティーシー,兵庫県,尼崎市,塚口本町３丁目２２−８,6610001
3140002060496,株式会社柿本エンジニアリング,兵庫県,尼崎市,稲葉荘２丁目２番２０号,6600064
3140003019260,株式会社ＡＫＡＲＩサポート,兵庫県,尼崎市,昭和通９丁目３３１番地の３−２０１号,6600881
3150001023635,株式会社いろどり,兵庫県,尼崎市,南七松町１丁目５番１８号,6600053
3210001017762,株式会社Ｒｏｉｓ,兵庫県,尼崎市,昭和通２丁目１０番２２−１０９号,6600881
3290001068617,オケタニ販売株式会社,兵庫県,尼崎市,武庫元町１丁目１５番７号,6610043
4010001087552,株式会社ノジマ,兵庫県,尼崎市,東園田町５丁目３番地１,6610953
4010001092486,株式会社百,兵庫県,尼崎市,西難波町１丁目１７番１８号,6600893
4010001196188,ＳａｗａＴＣ株式会社,兵庫県,尼崎市,扇町２０番地ロジポート尼崎,6600096
4010401138070,株式会社阪神ファーマシー,兵庫県,尼崎市,御園町２４番地尼崎第一ビル４０２号,6600861
4010401153383,株式会社Ｙｏｕ’ｓ,兵庫県,尼崎市,杭瀬本町１丁目９−１３−５０２号,6600814
4010401178281,からさき国際人材エージェント株式会社,兵庫県,尼崎市,昭和通４丁目１１８番地ダイアパレス５０８号室,6600881
4010601047105,株式会社クボオフィス,兵庫県,尼崎市,昭和通２丁目７番１号,6600881
4010901034397,株式会社トゥーセブンスリーフォーマネジメント,兵庫県,尼崎市,水堂町１丁目２３番３３アルバグランデ１０３号,6610026
4011101096724,株式会社ＡＩＷ,兵庫県,尼崎市,南塚口町１丁目１５番１５号,6610012
4011701021577,東京Ｋ２パートナーズ株式会社,兵庫県,尼崎市,昭和通２丁目７番１号,6600881
4012701010660,株式会社ユアーショップ,兵庫県,尼崎市,西長洲町１丁目３番２０号,6600805
4040001091056,株式会社ホールド,兵庫県,尼崎市,武庫町４丁目１番５−２０１号,6610044
4050001038493,日商エネルギー株式会社,兵庫県,尼崎市,潮江１丁目１５番２−７０６号,6610976
4120001006617,株式会社山形光三商店,兵庫県,尼崎市,田能４丁目１７番１３−３０１号,6610951
4120001042901,株式会社アビール,兵庫県,尼崎市,玄番北之町１番地１４１,6600872
4120001049186,イースト産業株式会社,兵庫県,尼崎市,杭瀬北新町４丁目８番２号,6600815
4120001050920,大阪工材株式会社,兵庫県,尼崎市,浜３丁目１０番１号,6610967
4120001053262,ロータリーサービス株式会社,兵庫県,尼崎市,南初島町８番地の８０,6600833
4120001054483,片山産業株式会社,兵庫県,尼崎市,塚口町６丁目５４番地の１０,6610002
4120001064111,株式会社阪本漢法製薬,兵庫県,尼崎市,名神町１丁目５番１２号,6610021
4120001066355,タイホー株式会社,兵庫県,尼崎市,西本町２丁目６１番地,6600874
4120001076684,オール薬品工業株式会社,兵庫県,尼崎市,東園田町２丁目１０６番地,6610953
4120001085289,株式会社東京工芸,兵庫県,尼崎市,浜２丁目１４番１−５０６号,6610967
4120001094991,ライジングテクノ株式会社,兵庫県,尼崎市,西立花町３丁目９番２２号,6600054
4120001102424,株式会社アクアシステム,兵庫県,尼崎市,元浜町５丁目９１番地,6600085
4120001104437,株式会社ＩＢ　ＣＡＳＴＬＥ,兵庫県,尼崎市,水堂町４丁目４番２８号２階,6610026
4120001111516,治部電機株式会社,兵庫県,尼崎市,道意町６丁目４８番地３,6600083
4120001114080,株式会社グンゼオフィスサービス,兵庫県,尼崎市,塚口本町４丁目８番１号,6610001
4120001114948,株式会社本田盛文堂尼崎,兵庫県,尼崎市,御園町４０番地,6600861
4120001120252,松本重機株式会社,兵庫県,尼崎市,西昆陽２丁目７番２４号８０１号室,6610047
4120001122868,株式会社ｍｅｄｉ　Ｈａｔｃｈ,兵庫県,尼崎市,東難波町５丁目１２番２号ＯＰＳ０４号室,6600892
4120001136174,株式会社シンセイエステート,兵庫県,尼崎市,七松町３丁目３番１３号３０１−Ｂ,6600052
4120001137239,株式会社イシムラ,兵庫県,尼崎市,浜２丁目３番１６号,6610967
4120001141967,株式会社ネクストステージ,兵庫県,尼崎市,立花町２丁目１２番２７号,6610025
4120001142544,株式会社アヴェック,兵庫県,尼崎市,南塚口町１丁目１２−１８第１１キャッスル塚口１０２号室,6610012
4120001145927,株式会社ＧＯ　ＧＯ　ＢＲＡＮＤ,兵庫県,尼崎市,南武庫之荘１丁目１９番２８号,6610033
4120001146132,株式会社こだまプロダクション,兵庫県,尼崎市,瓦宮２丁目３１番２０号,6610971
4120001162550,株式会社エス・アイ・フォー,兵庫県,尼崎市,御園町３５ＹＫＦ尼崎ビル６Ｆ,6600861
4120001163722,株式会社サンスピリッツ,兵庫県,尼崎市,南七松町１丁目３番１８号,6600053
4120001170553,株式会社大阪建物病院,兵庫県,尼崎市,若王寺３丁目３０番２４号,6610974
4120001171527,関西油圧株式会社,兵庫県,尼崎市,東本町３丁目１５番地１,6600824
4120001179025,株式会社Ｌａｔｏｎａ,兵庫県,尼崎市,東塚口町１丁目１番２４号,6610011
4120001179058,株式会社Ｃｅｌｌａｒｓ,兵庫県,尼崎市,塚口本町１丁目６番６−２０３号,6610001
4120001181402,株式会社ポリバレント,兵庫県,尼崎市,武庫之荘本町２丁目１８−６−３,6610031
4120001182318,株式会社エバメールホールディングス,兵庫県,尼崎市,額田町１７番１号,6610962
4120001182664,株式会社オフィスエスケー,兵庫県,尼崎市,東園田町５丁目５６−１プレアデス３０７号室,6610953
4120001183943,株式会社アーライズ,兵庫県,尼崎市,東海岸町１番地２０,6600843
4120001188942,株式会社アステージ,兵庫県,尼崎市,額田町５−４６,6610962
4120001210912,株式会社ロンズデール,兵庫県,尼崎市,潮江１丁目１３−５ラメゾンドゥヨシムラ６０６号,6610976
4120001211935,株式会社ＴＳＣ,兵庫県,尼崎市,元浜町３丁目５７番地の１、２０２,6600085
4120001212421,株式会社ソーノ,兵庫県,尼崎市,南塚口町４丁目１−４１グランレジデンシアＩＩ２０６,6610012
4120001217107,株式会社クロスボーダーマーケティング,兵庫県,尼崎市,長洲東通２丁目１１番６−１０２号,6600801
4120001218022,ＺＥＲＯ　Ｉｎｔｅｒｎａｔｉｏｎａｌ株式会社,兵庫県,尼崎市,西難波町４丁目６番２６号,6600893
4120001227444,株式会社アブリル,兵庫県,尼崎市,食満６丁目１０番５号,6610982
4120001233392,株式会社エルズリード,兵庫県,尼崎市,潮江５丁目２番２５−６０５号,6610976
4120001234845,株式会社希望,兵庫県,尼崎市,武庫川町４丁目７１番５号,6600084
4120001237864,株式会社Ｍｉａｕ,兵庫県,尼崎市,南塚口町２丁目１番３−６１８号,6610012
4120001238061,みともホールディングス株式会社,兵庫県,尼崎市,塚口本町６丁目１番６号,6610001
4120001238895,株式会社東和,兵庫県,尼崎市,神田南通６丁目１７９番２号,6600885
4120001238929,株式会社Ｓｏｕｔｈ,兵庫県,尼崎市,七松町１丁目８−２２フェリシアス８０１,6600052
4120001249942,株式会社ＨＬ８８,兵庫県,尼崎市,西難波町４丁目６−２６ＺＥＲＯビル６０３号,6600893
4120001263365,ＤＲＯＰ　ＯＦ　ＲＡＩＮ株式会社,兵庫県,尼崎市,塚口本町２丁目３番６号,6610001
4120001265717,株式会社エスライフカンパニー,兵庫県,尼崎市,東難波町５丁目２番２５号尼崎難波ビル３階,6600892
4120001268439,ＩＫＫＥＮ株式会社,兵庫県,尼崎市,塚口町４丁目２９番地の３,6610002
4120002039228,株式会社神田クリエイツ,兵庫県,尼崎市,東難波町５丁目２番２１号３Ｆ,6600892
4120003019451,株式会社ａ＆ｙ不動産,兵庫県,尼崎市,南武庫之荘２丁目２番７号,6610033
4120003028114,ＳＹＮＳＥ株式会社,兵庫県,尼崎市,瓦宮２丁目５−１３ｒａｙｓ瓦宮１０１号室,6610971
4120101029154,株式会社Ｏｎ,兵庫県,尼崎市,今福１丁目１番３−５１５号,6600812
4120101030649,株式会社河村エンジニアリング,兵庫県,尼崎市,食満３丁目８番１号,6610982
4120101037157,株式会社塚新建設,兵庫県,尼崎市,南塚口町１丁目１９番１１号,6610012
4120101057163,Ｂｏｔｔｉｎｏ株式会社,兵庫県,尼崎市,杭瀬寺島１丁目３番１２−１号,6600813
4120101067922,株式会社ＳＢＭ,兵庫県,尼崎市,東園田町４丁目２７−３リーフ園田Ｂ１階,6610953
4120901002285,株式会社山本政清商店,兵庫県,尼崎市,昭和通４丁目１３１番地,6600881
4120901021566,メット株式会社,兵庫県,尼崎市,若王寺３丁目３０番２４号,6610974
4120901026607,株式会社エム・エス工業,兵庫県,尼崎市,丸島町４番地の１,6600086
4120901027596,株式会社創造社,兵庫県,尼崎市,西昆陽３丁目５番３号,6610047
4120901030294,株式会社スタイル,兵庫県,尼崎市,西難波町５丁目２番３１号,6600893
4120901034155,株式会社りゅうじゅん,兵庫県,尼崎市,大島３丁目４０−７西大島ビル６階,6600076
4120901034881,神華株式会社,兵庫県,尼崎市,田能３丁目７番１２号,6610951
4120901035780,株式会社共進舎,兵庫県,尼崎市,下坂部１丁目２８番１７号,6610975
4120901046539,株式会社ミタニインダストリー社,兵庫県,尼崎市,金楽寺町１丁目６番５４号,6600806
4120901051539,Ｇｏｌｄ　Ｈｏｍｅ株式会社,兵庫県,尼崎市,大庄北４丁目８番１１号,6600063
4120902022043,株式会社ユニケアー工業,兵庫県,尼崎市,田能６丁目２番１４号,6610951
4122001015424,株式会社たまきホールディングス,兵庫県,尼崎市,浜３丁目１番３６号,6610967
4122001032808,株式会社トールプラン,兵庫県,尼崎市,東難波町５丁目８番２６号アネスト尼崎６Ｄ号室,6600892
4122001036610,株式会社Ｙ‐ｕｎｉｔｙ,兵庫県,尼崎市,東難波町２丁目６番１７号ドエル梅香ＩＩ１０３号,6600892
4130001057502,株式会社ＳＰＯＣ,兵庫県,尼崎市,上ノ島町１丁目１４番３５号,6610014
4140001012423,株式会社アサヒ薬局,兵庫県,尼崎市,南塚口町７丁目２７番２０号,6610012
4140001019690,高田コーポレーション株式会社,兵庫県,尼崎市,若王寺３丁目１４番１７−２０３号,6610974
4140001028130,株式会社ＹＧファーマシー関西,兵庫県,尼崎市,潮江１丁目１５番３号,6610976
4140001028246,株式会社ベストプラン,兵庫県,尼崎市,開明町２丁目１１番地３階３０５号室,6600862
4140001030004,株式会社アッサ,兵庫県,尼崎市,立花町１丁目１０−１７,6610025
4140001032966,株式会社ＹＴ企画,兵庫県,尼崎市,尾浜町３丁目２９−１,6610022
4140001033774,株式会社ＳＭＡＬＬ　ＳＴＯＮＥ,兵庫県,尼崎市,武庫之荘東２丁目２４−１,6610032
4140001047279,株式会社電材尼崎,兵庫県,尼崎市,三反田町１丁目１３番１２号,6610024
4140001047287,尼崎交通事業振興株式会社,兵庫県,尼崎市,東塚口町２丁目４番３７号,6610011
4140001047312,株式会社尼崎浄水工業所,兵庫県,尼崎市,水堂町２丁目３０番２号,6610026
4140001047320,株式会社尼崎特材研,兵庫県,尼崎市,道意町７丁目１７番地２,6600083
4140001047329,尼崎土地興業株式会社,兵庫県,尼崎市,稲葉元町３丁目２２番１６号,6600055
4140001047337,尼崎彫刻工業株式会社,兵庫県,尼崎市,三反田町１丁目１番４０号,6610024
4140001047345,尼崎文具株式会社,兵庫県,尼崎市,神田南通３丁目８３番地,6600885
4140001047353,株式会社尼崎モーター,兵庫県,尼崎市,昭和通１丁目９番４７号,6600881
4140001047361,株式会社尼崎ローリー,兵庫県,尼崎市,東海岸町１１番地,6600843
4140001047386,アイティーアイ株式会社,兵庫県,尼崎市,西本町２丁目９３番地,6600874
4140001047394,アーバン電設株式会社,兵庫県,尼崎市,崇徳院３丁目５６番地,6600071
4140001047403,愛和商事株式会社,兵庫県,尼崎市,南武庫之荘３丁目２２番２２号,6610033
4140001047428,株式会社アサヒ流通企画,兵庫県,尼崎市,南武庫之荘５丁目１６番２２−１０２号,6610033
4140001047436,株式会社アスリート,兵庫県,尼崎市,上坂部３丁目３３番１５号,6610979
4140001047469,株式会社晃工業所,兵庫県,尼崎市,武庫町１丁目４４番２０号,6610044
4140001047477,株式会社アジア,兵庫県,尼崎市,長洲西通２丁目６番５号,6600807
4140001047485,株式会社アセック,兵庫県,尼崎市,南初島町１２番地の６,6600833
4140001047502,株式会社アトリエ・アーバン・アーボア,兵庫県,尼崎市,武庫之荘６丁目２３番地２６,6610035
4140001047510,株式会社アバンセ・コーポレーション,兵庫県,尼崎市,昭和通４丁目１３５番地ノ４,6600881
4140001047519,尼高運輸株式会社,兵庫県,尼崎市,南初島町１０番地の１４３,6600833
4140001047527,赤井製本株式会社,兵庫県,尼崎市,水堂町４丁目５番２号,6610026
4140001047568,天野運輸株式会社,兵庫県,尼崎市,下坂部４丁目１０番１２号,6610975
4140001047584,株式会社アワジ,兵庫県,尼崎市,水堂町４丁目２番１９号,6610026
4140001047601,有馬基礎工業株式会社,兵庫県,尼崎市,道意町２丁目２７番地,6600083
4140001047618,株式会社生喜商店,兵庫県,尼崎市,神田中通６丁目２０６番地,6600884
4140001047634,株式会社石井工業所,兵庫県,尼崎市,西立花町１丁目７番５号,6600054
4140001047650,株式会社石津商店,兵庫県,尼崎市,潮江４丁目４番１号,6610976
4140001047659,泉工機株式会社,兵庫県,尼崎市,塚口本町７丁目１０番１号,6610001
4140001047667,石村建装株式会社,兵庫県,尼崎市,上ノ島町３丁目２８番１３号,6610014
4140001047683,市善商事株式会社,兵庫県,尼崎市,南武庫之荘４丁目４番２０号,6610033
4140001047691,株式会社アサヒ・サービス,兵庫県,尼崎市,潮江５丁目９番６号,6610976
4140001047700,株式会社インテリアクワハラ,兵庫県,尼崎市,武庫元町１丁目２１番１７号,6610043
4140001047725,茨木電設株式会社,兵庫県,尼崎市,三反田町１丁目１３番１６号,6610024
4140001047733,今井唯電工株式会社,兵庫県,尼崎市,竹谷町２丁目８４番地,6600876
4140001047741,入江産業株式会社,兵庫県,尼崎市,南七松町１丁目７番２８号,6600053
4140001047758,株式会社岩見屋,兵庫県,尼崎市,大島３丁目３番１号,6600076
4140001047766,株式会社魚熊,兵庫県,尼崎市,潮江４丁目４番１号,6610976
4140001047782,株式会社上野工務店,兵庫県,尼崎市,東難波町３丁目１番２１号,6600892
4140001047799,株式会社ウォルフガングジャパン,兵庫県,尼崎市,武庫之荘東１丁目７番２号,6610032
4140001047808,株式会社宇都宮計装,兵庫県,尼崎市,武庫之荘６丁目１４番２６号,6610035
4140001047816,センコーナガセ物流サポート株式会社,兵庫県,尼崎市,東塚口町２丁目４番４５号,6610011
4140001047840,エース基礎工業株式会社,兵庫県,尼崎市,武庫之荘６丁目２４番１１号１０４,6610035
4140001047865,永和ホーム株式会社,兵庫県,尼崎市,西難波町１丁目５番１４号,6600893
4140001047898,エシロ産業開発株式会社,兵庫県,尼崎市,昭和南通４丁目４０番地,6600882
4140001047907,エヌエスエンジニアリングアンドサポート株式会社,兵庫県,尼崎市,潮江４丁目２番３０号,6610976
4140001047915,エフエスイー株式会社,兵庫県,尼崎市,尾浜町１丁目２９番１３号,6610022
4140001047923,株式会社戎住設,兵庫県,尼崎市,開明町１丁目６８番地,6600862
4140001047931,エム・エス・イー大阪株式会社,兵庫県,尼崎市,猪名寺２丁目２１番１８号,6610981
4140001047948,株式会社オーエーシステム機器,兵庫県,尼崎市,東園田町９丁目１６番地１号,6610953
4140001047956,株式会社オーケー住設,兵庫県,尼崎市,尾浜町１丁目２番２号,6610022
4140001047964,株式会社大川工務店,兵庫県,尼崎市,瓦宮１丁目４番１８号,6610971
4140001047980,株式会社大関工務店,兵庫県,尼崎市,南武庫之荘１０丁目３番７号,6610033
4140001047989,株式会社大阪精研工作所,兵庫県,尼崎市,名神町１丁目１８番６号,6610021
4140001047997,大阪塗工株式会社,兵庫県,尼崎市,三反田町２丁目２番１９号,6610024
4140001048005,株式会社大阪屋,兵庫県,尼崎市,西昆陽２丁目２６番,6610047
4140001048013,大島建材株式会社,兵庫県,尼崎市,大西町１丁目９番１８号,6610023
4140001048021,株式会社オオツ,兵庫県,尼崎市,下坂部４丁目１０番１４号,6610975
4140001048062,大道商事株式会社,兵庫県,尼崎市,西高洲町２１番地１,6600845
4140001048070,オーリック株式会社,兵庫県,尼崎市,三反田町３丁目９番１３号,6610024
4140001048079,岡重株式会社,兵庫県,尼崎市,浜３丁目４番１５号,6610967
4140001048104,株式会社おかめ堂,兵庫県,尼崎市,杭瀬本町２丁目１６番２号,6600814
4140001048112,株式会社オカモト・コンストラクション・システム,兵庫県,尼崎市,七松町２丁目２７番２３号,6600052
4140001048129,小園興業株式会社,兵庫県,尼崎市,次屋２丁目１番３８号,6610965
4140001048137,小野電線株式会社,兵庫県,尼崎市,下坂部４丁目３番１５号,6610975
4140001048145,尾浜自動車株式会社,兵庫県,尼崎市,尾浜町１丁目２９番１１号,6610022
4140001048153,オリヱント産業株式会社,兵庫県,尼崎市,名神町１丁目１２番１１号,6610021
4140001048161,株式会社カオス,兵庫県,尼崎市,食満５丁目１４番１３号,6610982
4140001048178,株式会社カガミ,兵庫県,尼崎市,東初島町２番２９号,6600832
4140001048186,カグラエンジニアリング株式会社,兵庫県,尼崎市,立花町１丁目２番１号,6610025
4140001048194,関西エンヂニア工業株式会社,兵庫県,尼崎市,東海岸町１番２２,6600843
4140001048228,関西東武建設株式会社,兵庫県,尼崎市,東塚口町１丁目１３番１０号,6610011
4140001048236,関西鉄工株式会社,兵庫県,尼崎市,北初島町５６番地,6600834
4140001048252,関西物流サービス株式会社,兵庫県,尼崎市,次屋３丁目１１番１５号,6610965
4140001048260,神崎通商株式会社,兵庫県,尼崎市,神崎町１６番１８号,6610964
4140001048269,株式会社神崎自動車,兵庫県,尼崎市,次屋３丁目３番２０号,6610965
4140001048277,株式会社柏原工業所,兵庫県,尼崎市,三反田町３丁目１番３号,6610024
4140001048285,株式会社柏谷,兵庫県,尼崎市,道意町５丁目２７番地の１４,6600083
4140001048319,株式会社要,兵庫県,尼崎市,南武庫之荘２丁目３０番１６号,6610033
4140001048327,株式会社カンペゼネラルサービス,兵庫県,尼崎市,神崎町３３番１号,6610964
4140001048335,株式会社加門鉄工所,兵庫県,尼崎市,神崎町３６番４号,6610964
4140001048343,株式会社河,兵庫県,尼崎市,東難波町５丁目３１番１−１０１号,6600892
4140001048351,川上塗料株式会社,兵庫県,尼崎市,塚口本町２丁目４１番１号,6610001
4140001048368,株式会社柄谷地所,兵庫県,尼崎市,玄番南之町４番地,6600873
4140001048401,株式会社近畿ツー・ワン,兵庫県,尼崎市,東園田町９丁目１８番地の５,6610953
4140001048418,株式会社岸本工芸社,兵庫県,尼崎市,額田町１７番１１号,6610962
4140001048426,金太水産設備株式会社,兵庫県,尼崎市,水堂町２丁目１５番２４号,6610026
4140001048434,株式会社近託,兵庫県,尼崎市,菜切山町３８番地の２,6600073
4140001048442,尼崎衡業株式会社,兵庫県,尼崎市,南初島町１２番地の６,6600833
4140001048450,株式会社木村瓦店,兵庫県,尼崎市,稲葉荘１丁目７番２１号,6600064
4140001048459,株式会社共栄会館,兵庫県,尼崎市,東難波町５丁目２１番７号,6600892
4140001048467,共栄産業株式会社,兵庫県,尼崎市,大物町１丁目１番２６号,6600823
4140001048475,共栄薬品株式会社,兵庫県,尼崎市,東難波町３丁目７番２７号,6600892
4140001048483,共進機設工業株式会社,兵庫県,尼崎市,東大物町１丁目５番１０号,6600828
4140001048509,相互タクシー和光株式会社,兵庫県,尼崎市,三反田町２丁目２０番１３号,6610024
4140001048533,株式会社ホワイト,兵庫県,尼崎市,西立花町１丁目１番３号,6600054
4140001048541,株式会社杭瀬印刷工社,兵庫県,尼崎市,杭瀬寺島１丁目３番２４号,6600813
4140001048558,國浩グラウト工業株式会社,兵庫県,尼崎市,久々知２丁目２４番８号,6610977
4140001048566,株式会社窪田工務店,兵庫県,尼崎市,東園田町１丁目１７８番地の１,6610953
4140001048574,株式会社雲山組,兵庫県,尼崎市,武庫の里２丁目２２番１号,6610041
4140001048590,倉田産業株式会社,兵庫県,尼崎市,水堂町１丁目１１番２１号,6610026
4140001048599,倉益建装株式会社,兵庫県,尼崎市,久々知西町２丁目７番１３号,6610978
4140001048608,ケイ・アール・シーサービス株式会社,兵庫県,尼崎市,富松町３丁目１２番３５号,6610003
4140001048640,株式会社宏栄,兵庫県,尼崎市,昭和南通３丁目１８番地,6600882
4140001048649,コーエイ住宅株式会社,兵庫県,尼崎市,南武庫之荘３丁目２５番５号,6610033
4140001048665,光輝電気産業株式会社,兵庫県,尼崎市,武庫元町１丁目２３番４号,6610043
4140001048673,株式会社幸進工業所,兵庫県,尼崎市,水堂町２丁目２９番３号,6610026
4140001048681,コーソ運輸工業株式会社,兵庫県,尼崎市,道意町６丁目４８番地の３,6600083
4140001048698,株式会社高津組,兵庫県,尼崎市,西昆陽２丁目３２番３号,6610047
4140001048731,株式会社光洋輪業社,兵庫県,尼崎市,七松町２丁目６番５号,6600052
4140001048748,コスモエンタープライズ株式会社,兵庫県,尼崎市,大高洲町４番地,6600842
4140001048764,五代産業株式会社,兵庫県,尼崎市,武庫川町１丁目５番地,6600084
4140001048780,株式会社川畑建創,兵庫県,尼崎市,東園田町２丁目２２０番地,6610953
4140001048789,小西青果株式会社,兵庫県,尼崎市,神田中通４丁目１５４番地,6600884
4140001048806,株式会社サンウエイ,兵庫県,尼崎市,善法寺町５番８号,6610973
4140001048839,株式会社サンキ,兵庫県,尼崎市,上ノ島町３丁目１９番９号,6610014
4140001048863,株式会社三興商会,兵庫県,尼崎市,昭和通１丁目１０番７号,6600881
4140001048913,株式会社三協設計事務所,兵庫県,尼崎市,立花町１丁目９番１９号,6610025
4140001048921,株式会社サン・グリーン,兵庫県,尼崎市,戸ノ内町６丁目８番５号,6610961
4140001048938,サンセイ通商株式会社,兵庫県,尼崎市,開明町２丁目１１番地,6600862
4140001048954,株式会社ケイテック,兵庫県,尼崎市,東園田町３丁目２２番地の５３,6610953
4140001048962,株式会社佐藤鋼業,兵庫県,尼崎市,次屋３丁目１１番２８号,6610965
4140001048970,サンデン工業株式会社,兵庫県,尼崎市,栗山町２丁目１６番２２号,6610013
4140001049011,株式会社三洋工業,兵庫県,尼崎市,西本町１丁目１３番地,6600874
4140001049028,三和株式会社,兵庫県,尼崎市,西難波町４丁目６番３３号,6600893
4140001049036,サンライズシステム株式会社,兵庫県,尼崎市,七松町１丁目２番１号フェスタ立花北館５０２号,6600052
4140001049044,三和産業株式会社,兵庫県,尼崎市,東難波町３丁目１８番１４号,6600892
4140001049052,サンランド株式会社,兵庫県,尼崎市,元浜町４丁目７８番地,6600085
4140001049069,株式会社ジェイ・イー・エス,兵庫県,尼崎市,南武庫之荘４丁目２１番１号パティオ武庫之荘５０１号,6610033
4140001049077,株式会社ジェイ・ジィ・エム,兵庫県,尼崎市,久々知２丁目６番１２号,6610977
4140001049093,ジータセキュリティ株式会社,兵庫県,尼崎市,南武庫之荘１丁目１９番９号,6610033
4140001049127,神鋼ホーム株式会社,兵庫県,尼崎市,開明町２丁目１１番地,6600862
4140001049135,四国電設工業株式会社,兵庫県,尼崎市,七松町３丁目１６番８号,6600052
4140001049151,株式会社重村朝生商店,兵庫県,尼崎市,東大物町２丁目６番２０号,6600828
4140001049168,株式会社椎木重量,兵庫県,尼崎市,南初島町１０番１号,6600833
4140001049176,株式会社時事フオトサービス,兵庫県,尼崎市,武庫町１丁目２７番１７号３０１,6610044
4140001049184,株式会社眞智工業所,兵庫県,尼崎市,西向島町８７番２,6600857
4140001049192,新日本開発株式会社,兵庫県,尼崎市,東海岸町地先,6600843
4140001049201,新日本化工株式会社,兵庫県,尼崎市,東本町３丁目３９番地,6600824
4140001049218,株式会社柴田貞吉商店,兵庫県,尼崎市,常吉２丁目１３番２３号,6610042
4140001049234,株式会社清水総合設備,兵庫県,尼崎市,七松町１丁目１４番４号,6600052
4140001049242,下田商事株式会社,兵庫県,尼崎市,七松町３丁目１７番２０号,6600052
4140001049250,昌栄運輸株式会社,兵庫県,尼崎市,猪名寺１丁目１６番１号,6610981
4140001049267,株式会社新陽製作所,兵庫県,尼崎市,尾浜町１丁目１４番２号,6610022
4140001049275,ショートク株式会社,兵庫県,尼崎市,大浜町２丁目５３番地,6600095
4140001049283,昌平株式会社,兵庫県,尼崎市,道意町６丁目４９番地,6600083
4140001049291,昌福株式会社,兵庫県,尼崎市,若王寺１丁目２番２３号,6610974
4140001049309,勝和測量設計株式会社,兵庫県,尼崎市,大庄西町１丁目１７番１０号,6600077
4140001049317,株式会社昭和洋樽製作所,兵庫県,尼崎市,久々知２丁目２２番１７号,6610977
4140001049333,株式会社シヤローム,兵庫県,尼崎市,久々知３丁目１番２８号,6610977
4140001049341,株式会社白石中央研究所,兵庫県,尼崎市,元浜町４丁目７８番地,6600085
4140001049358,株式会社進和商会,兵庫県,尼崎市,久々知１丁目８番２号,6610977
4140001049366,シンワリース販売株式会社,兵庫県,尼崎市,武庫之荘本町３丁目５番３１号,6610031
4140001049382,株式会社菅工務店,兵庫県,尼崎市,西難波町１丁目３３番１号,6600893
4140001049416,住友精密工業株式会社,兵庫県,尼崎市,扶桑町１番１０号,6600891
4140001049424,株式会社誠宏,兵庫県,尼崎市,南武庫之荘２丁目９番８号,6610033
4140001049432,セオ運輸株式会社,兵庫県,尼崎市,元浜町２丁目７番地の２,6600085
4140001049440,精機産業株式会社,兵庫県,尼崎市,長洲東通１丁目１２番地,6600801
4140001049465,株式会社正和製作所,兵庫県,尼崎市,下坂部３丁目２番４０号,6610975
4140001049473,株式会社高津産業,兵庫県,尼崎市,南武庫之荘３丁目２３番１８号,6610033
4140001049481,株式会社千寿堂,兵庫県,尼崎市,善法寺町６番１号,6610973
4140001049515,セラミック工業株式会社,兵庫県,尼崎市,久々知西町２丁目７番１５号,6610978
4140001049523,株式会社綜合住建,兵庫県,尼崎市,武庫豊町３丁目１２番３号,6610045
4140001049531,創伸株式会社,兵庫県,尼崎市,東園田町４丁目１５６番地の１５,6610953
4140001049548,株式会社園田製作所,兵庫県,尼崎市,御園３丁目２３番１２号,6610984
4140001049556,株式会社丹,兵庫県,尼崎市,南塚口町２丁目１番３−１１５号,6610012
4140001049564,ダイオー建設株式会社,兵庫県,尼崎市,南初島町８番地の１５７,6600833
4140001049572,株式会社ダイエツ,兵庫県,尼崎市,大島２丁目２番７号,6600076
4140001049580,第一殖産株式会社,兵庫県,尼崎市,神田北通２丁目２０番地,6600883
4140001049597,株式会社ワイド大西,兵庫県,尼崎市,南武庫之荘５丁目３番７号,6610033
4140001049606,大機工業株式会社,兵庫県,尼崎市,猪名寺３丁目５番１号,6610981
4140001049614,大五産業株式会社,兵庫県,尼崎市,杭瀬南新町１丁目１２番１号,6600822
4140001049630,大精機商事株式会社,兵庫県,尼崎市,武庫之荘本町２丁目１８番１号,6610031
4140001049639,株式会社大生土木,兵庫県,尼崎市,水堂町２丁目３１番１８号,6610026
4140001049647,大三金属工業株式会社,兵庫県,尼崎市,三反田町３丁目１２番２８号,6610024
4140001049655,大進産業株式会社,兵庫県,尼崎市,神田中通７丁目２３７番地８０５号,6600884
4140001049671,大昭建設株式会社,兵庫県,尼崎市,西難波町１丁目３３番１７号,6600893
4140001049688,大道埠頭株式会社,兵庫県,尼崎市,道意町７丁目７番地の２,6600083
4140001049721,大日通信工業株式会社,兵庫県,尼崎市,金楽寺町１丁目２番６５号,6600806
4140001049754,大洋電産株式会社,兵庫県,尼崎市,猪名寺３丁目９番９号,6610981
4140001049770,株式会社大和工業所,兵庫県,尼崎市,東海岸町１番地の４３,6600843
4140001049779,タカオートセンター株式会社,兵庫県,尼崎市,菜切山町１番地の５,6600073
4140001049795,株式会社高木運送,兵庫県,尼崎市,東海岸町２１番地の１,6600843
4140001049829,株式会社タケトモ,兵庫県,尼崎市,食満６丁目１番５号,6610982
4140001049837,株式会社高橋製作所,兵庫県,尼崎市,額田町２２番２３号,6610962
4140001049928,株式会社田中工建,兵庫県,尼崎市,尾浜町２丁目３６番７号,6610022
4140001049936,田中トラックサービス株式会社,兵庫県,尼崎市,道意町６丁目２８番地の１１,6600083
4140001049944,株式会社田辺工務店,兵庫県,尼崎市,南武庫之荘２丁目２７番２６号,6610033
4140001049952,田渕合金株式会社,兵庫県,尼崎市,崇徳院２丁目１６１番地,6600071
4140001049960,株式会社玉井商店,兵庫県,尼崎市,武庫之荘本町１丁目１５番４１号,6610031
4140001049969,株式会社田村鉄工所,兵庫県,尼崎市,東難波町３丁目２４番２３号,6600892
4140001049977,地域テクノス株式会社,兵庫県,尼崎市,東園田町５丁目９６番地の１,6610953
4140001049985,中央運輸建設株式会社,兵庫県,尼崎市,丸島町１番地,6600086
4140001050019,田中産業株式会社,兵庫県,尼崎市,西長洲町３丁目１番５８号,6600805
4140001050043,株式会社津川鉄工所,兵庫県,尼崎市,久々知２丁目２５番３号,6610977
4140001050051,株式会社辻本建材店,兵庫県,尼崎市,南塚口町１丁目２７番２７号,6610012
4140001050068,株式会社鶴谷製作所,兵庫県,尼崎市,西川１丁目１番２０号,6610966
4140001050084,株式会社プレーフィールド,兵庫県,尼崎市,塚口町１丁目１７番地の１ステップナウ２階,6610002
4140001050101,電子プリント工業株式会社,兵庫県,尼崎市,潮江１丁目３番３０号,6610976
4140001050126,セイブサンエー肥料株式会社,兵庫県,尼崎市,昭和南通３丁目２６番地松本ビル内,6600882
4140001050150,東京溶接棒株式会社,兵庫県,尼崎市,西昆陽１丁目２１番２６号,6610047
4140001050175,株式会社トーヨープロパティー,兵庫県,尼崎市,塚口本町１丁目６番６−１０６,6610001
4140001050183,株式会社東洋工業所,兵庫県,尼崎市,西立花町２丁目２０番２０号,6600054
4140001050200,東洋リビングサービス株式会社,兵庫県,尼崎市,今福１丁目２番２号,6600812
4140001050217,徳丞工業株式会社,兵庫県,尼崎市,元浜町１丁目５１番地の３,6600085
4140001050225,株式会社徳田自動車,兵庫県,尼崎市,名神町１丁目２番３２号,6610021
4140001050233,常盤産業株式会社,兵庫県,尼崎市,常光寺３丁目１０番１２号,6600811
4140001050241,栃尾石油株式会社,兵庫県,尼崎市,猪名寺２丁目８番１０号,6610981
4140001050258,株式会社富岡工務店,兵庫県,尼崎市,上坂部３丁目３９番１０号,6610979
4140001050266,ミナト物流株式会社,兵庫県,尼崎市,北初島町１８番地の３,6600834
4140001050282,トヨナカハウス産業株式会社,兵庫県,尼崎市,富松町１丁目２２番３６号,6610003
4140001050290,株式会社トラスト,兵庫県,尼崎市,七松町３丁目１６番２３号,6600052
4140001050299,日本エム・テイ株式会社,兵庫県,尼崎市,次屋２丁目１７番１５号,6610965
4140001050308,株式会社日本カードック,兵庫県,尼崎市,下坂部３丁目５番３０号,6610975
4140001050324,株式会社日本伸縮カバー研究所,兵庫県,尼崎市,金楽寺町１丁目６番３７号,6600806
4140001050332,日本鍛工株式会社,兵庫県,尼崎市,大浜町２丁目１番地,6600095
4140001050349,内外電機株式会社,兵庫県,尼崎市,食満２丁目２４番１７号,6610982
4140001050357,南興運輸株式会社,兵庫県,尼崎市,猪名寺２丁目１４番７号,6610981
4140001050365,株式会社ナガオカ電工,兵庫県,尼崎市,東園田町４丁目１５２番地の９,6610953
4140001050373,永井鉄工株式会社,兵庫県,尼崎市,常光寺１丁目８番５０号,6600811
4140001050381,株式会社中川油脂,兵庫県,尼崎市,東難波町５丁目２９番４６号,6600892
4140001050407,ナカノ株式会社,兵庫県,尼崎市,道意町２丁目６番地,6600083
4140001050415,株式会社中西洋行,兵庫県,尼崎市,杭瀬本町１丁目１７番１６号,6600814
4140001050423,株式会社永松製作所,兵庫県,尼崎市,食満２丁目２４番１８号,6610982
4140001050431,中村産業株式会社,兵庫県,尼崎市,北大物町９番７号,6600804
4140001050456,難波金属株式会社,兵庫県,尼崎市,道意町６丁目４８番３号,6600083
4140001050464,株式会社浪速物流サービス,兵庫県,尼崎市,南塚口町４丁目２番１６号,6610012
4140001050472,南部電業株式会社,兵庫県,尼崎市,西立花町１丁目１５番２３号,6600054
4140001050480,株式会社二幸商会,兵庫県,尼崎市,東難波町５丁目１４番１６号,6600892
4140001050489,西建土木株式会社,兵庫県,尼崎市,南武庫之荘８丁目３２番７号,6610033
4140001050514,株式会社ニシムラ,兵庫県,尼崎市,上ノ島町１丁目６番４号,6610014
4140001050522,株式会社西屋,兵庫県,尼崎市,東難波町５丁目３１番１７号,6600892
4140001050530,株式会社西山電気工業所,兵庫県,尼崎市,三反田町２丁目１６番２６号,6610024
4140001050539,高木造園芸株式会社,兵庫県,尼崎市,東園田町５丁目９２番地の２,6610953
4140001050547,ナカデン株式会社,兵庫県,尼崎市,東園田町３丁目４６番地の１４,6610953
4140001050555,株式会社創林,兵庫県,尼崎市,水堂町４丁目２０番２８号,6610026
4140001050563,日興油脂株式会社,兵庫県,尼崎市,東海岸町１番地,6600843
4140001050571,株式会社日西殖産,兵庫県,尼崎市,武庫之荘２丁目１３番２０号,6610035
4140001050596,株式会社日電機工,兵庫県,尼崎市,南竹谷町３丁目３番地,6600875
4140001050605,日綿鋼業株式会社,兵庫県,尼崎市,潮江５丁目７番２３号,6610976
4140001050613,株式会社尼宝,兵庫県,尼崎市,常吉１丁目１８番１号,6610042
4140001050638,株式会社野口工務店,兵庫県,尼崎市,口田中１丁目１３番２２号,6610983
4140001050646,株式会社野沢工務店,兵庫県,尼崎市,猪名寺２丁目１０番３５号,6610981
4140001050670,阪神鋼材株式会社,兵庫県,尼崎市,大浜町２丁目２８番１２号,6600095
4140001050679,株式会社阪神花壇,兵庫県,尼崎市,南城内１４７番地,6600825
4140001050687,株式会社阪神サービス工業,兵庫県,尼崎市,稲葉荘１丁目２１番１４号,6600064
4140001050695,阪神自動車工業株式会社,兵庫県,尼崎市,南初島町１５番１６号,6600833
4140001050704,阪神デイリーフーズ株式会社,兵庫県,尼崎市,浜田町５丁目４６番地,6600062
4140001050712,阪神塗料株式会社,兵庫県,尼崎市,大島３丁目３０番２０号,6600076
4140001050720,阪神発條株式会社,兵庫県,尼崎市,元浜町５丁目８１番地２,6600085
4140001050729,阪神ロックサービス株式会社,兵庫県,尼崎市,大庄中通１丁目５１番地の１５,6600075
4140001050745,株式会社ハウスメイト,兵庫県,尼崎市,富松町３丁目３９番２２号,6610003
4140001050786,株式会社橋本商会,兵庫県,尼崎市,水堂町４丁目１９番１６号,6610026
4140001050794,株式会社パックサービス,兵庫県,尼崎市,塚口町２丁目１番地の１,6610002
4140001050803,株式会社服部,兵庫県,尼崎市,西向島町８４番地,6600857
4140001050811,株式会社ハタヤマ,兵庫県,尼崎市,西難波町４丁目７番２号,6600893
4140001050836,株式会社林土木,兵庫県,尼崎市,南武庫之荘１０丁目７番１２号,6610033
4140001050844,株式会社ハンワ,兵庫県,尼崎市,東難波町５丁目７番５号,6600892
4140001050852,原田電気株式会社,兵庫県,尼崎市,東園田町６丁目７７番地,6610953
4140001050877,株式会社東組,兵庫県,尼崎市,大庄中通１丁目３１番地の１,6600075
4140001050902,株式会社日高工務店,兵庫県,尼崎市,七松町３丁目７番１４号,6600052
4140001050910,株式会社人羅産業,兵庫県,尼崎市,小中島１丁目２０番１号,6610972
4140001050919,日向興産株式会社,兵庫県,尼崎市,上坂部字後藤田３６１番地の５,
4140001050935,平尾自動車工業株式会社,兵庫県,尼崎市,久々知西町２丁目７番１９号,6610978
4140001050976,富士工業株式会社,兵庫県,尼崎市,杭瀬北新町４丁目９番１５号,6600815
4140001050984,株式会社不二,兵庫県,尼崎市,東難波町４丁目２２番７号,6600892
4140001051000,不二電気工事株式会社,兵庫県,尼崎市,武庫之荘６丁目２４番１６号,6610035
4140001051009,イトウ六ホールディングス株式会社,兵庫県,尼崎市,西長洲町２丁目５番７号尼崎テクノ工業団地内,6600805
4140001051025,田中運輸株式会社,兵庫県,尼崎市,大島１丁目３１番９号,6600076
4140001051033,ファインテック株式会社,兵庫県,尼崎市,南武庫之荘２丁目４番２３号,6610033
4140001051041,株式会社フィフティーン,兵庫県,尼崎市,武庫之荘西２丁目４４番１８号,6610034
4140001051058,株式会社フクシマ電工,兵庫県,尼崎市,御園３丁目２３番２７号,6610984
4140001051066,フクダ住建株式会社,兵庫県,尼崎市,南武庫之荘３丁目２３番１８号,6610033
4140001051074,株式会社福原工業,兵庫県,尼崎市,常光寺１丁目２３番７号,6600811
4140001051082,富士栄興株式会社,兵庫県,尼崎市,長洲東通１丁目４番３号,6600801
4140001051108,株式会社古川ベニヤ商会,兵庫県,尼崎市,東難波町５丁目３１番１６号,6600892
4140001051124,フルタニシステム株式会社,兵庫県,尼崎市,潮江２丁目１８番１５号,6610976
4140001051140,ベジタ・ジン株式会社,兵庫県,尼崎市,潮江４丁目４番１号,6610976
4140001051173,宝徳建設株式会社,兵庫県,尼崎市,武庫元町２丁目１９番２号,6610043
4140001051181,株式会社豊和,兵庫県,尼崎市,猪名寺２丁目２１番３２号,6610981
4140001051207,本多石油株式会社,兵庫県,尼崎市,下坂部３丁目２１番２１号,6610975
4140001051223,堀部運送株式会社,兵庫県,尼崎市,南塚口町２丁目１２番２１号,6610012
4140001051248,前野石材株式会社,兵庫県,尼崎市,長洲中通２丁目４番１４号,6600802
4140001051256,株式会社誠中田不動産,兵庫県,尼崎市,武庫元町２丁目１１番１５号,6610043
4140001051264,株式会社満作,兵庫県,尼崎市,武庫元町１丁目２１番１４号,6610043
4140001051272,株式会社正宗屋,兵庫県,尼崎市,神田北通２丁目１９番地,6600883
4140001051289,株式会社松井保険事務所,兵庫県,尼崎市,潮江３丁目１６番２２号,6610976
4140001051297,株式会社松川商店,兵庫県,尼崎市,東難波町３丁目７番２０号,6600892
4140001051306,松川産業株式会社,兵庫県,尼崎市,高田町１４番１８号,6610963
4140001051314,株式会社松田製作所,兵庫県,尼崎市,常松１丁目１１番１号,6610046
4140001051322,松永不動産株式会社,兵庫県,尼崎市,南武庫之荘１２丁目１４番１８号,6610033
4140001051330,松本興産株式会社,兵庫県,尼崎市,昭和南通３丁目２６番地,6600882
4140001051339,松本技研株式会社,兵庫県,尼崎市,東塚口町１丁目１２番１−１０５号,6610011
4140001051347,株式会社マツヤマ,兵庫県,尼崎市,塚口町１丁目３１番地の１３,6610002
4140001051355,株式会社マルエ,兵庫県,尼崎市,中在家町３丁目３９８番地,6600851
4140001051363,株式会社丸こ,兵庫県,尼崎市,元浜町１丁目５１番地,6600085
4140001051371,マルシン株式会社,兵庫県,尼崎市,武庫之荘３丁目１６番１３号,6610035
4140001051388,万和商事株式会社,兵庫県,尼崎市,武庫町１丁目５０番３号,6610044
4140001051396,株式会社丸為水産,兵庫県,尼崎市,潮江４丁目４番１号,6610976
4140001051413,株式会社丸福,兵庫県,尼崎市,建家町９４番地,6600871
4140001051421,丸政運輸工業株式会社,兵庫県,尼崎市,東園田町１丁目２４２番地１,6610953
4140001051446,三国興産株式会社,兵庫県,尼崎市,東園田町５丁目１１８番地の１,6610953
4140001051454,株式会社溝口商店,兵庫県,尼崎市,久々知１丁目１２番１７号,6610977
4140001051470,三島住宅株式会社,兵庫県,尼崎市,立花町１丁目２０番８号,6610025
4140001051479,株式会社三木製作所,兵庫県,尼崎市,名神町２丁目１５番２４号,6610021
4140001051487,ミタカニツト株式会社,兵庫県,尼崎市,水堂町１丁目１６番２４号,6610026
4140001051495,株式会社みつやま,兵庫県,尼崎市,口田中１丁目２７番１号,6610983
4140001051504,株式会社みどりカメラ,兵庫県,尼崎市,立花町１丁目５番１８号,6610025
4140001051529,宮崎建設株式会社,兵庫県,尼崎市,杭瀬北新町１丁目５番１１号,6600815
4140001051537,株式会社宮田製作所,兵庫県,尼崎市,尾浜町１丁目３０番３７号,6610022
4140001051545,株式会社宮幸,兵庫県,尼崎市,武庫之荘７丁目１０番１号,6610035
4140001051553,株式会社向井鉄工所,兵庫県,尼崎市,西長洲町１丁目３番４１号,6600805
4140001051578,睦設備工業株式会社,兵庫県,尼崎市,三反田町３丁目６番８号,6610024
4140001051586,株式会社村瀬工作所,兵庫県,尼崎市,次屋１丁目１１番５号,6610965
4140001051594,明光物産株式会社,兵庫県,尼崎市,次屋１丁目３番２８号,6610965
4140001051603,株式会社名人荘,兵庫県,尼崎市,神田中通２丁目１８番地,6600884
4140001051611,メインテック株式会社,兵庫県,尼崎市,名神町１丁目７番３３号,6610021
4140001051644,株式会社森岡製作所,兵庫県,尼崎市,潮江５丁目７番１１号,6610976
4140001051652,盟和木材株式会社,兵庫県,尼崎市,立花町３丁目８番１５号,6610025
4140001051677,株式会社森満商会,兵庫県,尼崎市,道意町６丁目３１番地の１６,6600083
4140001051685,八百秀商店株式会社,兵庫県,尼崎市,杭瀬北新町１丁目９番８号,6600815
4140001051693,株式会社安沢モータース,兵庫県,尼崎市,西長洲町２丁目３６番２０号,6600805
4140001051719,株式会社山一建設,兵庫県,尼崎市,南武庫之荘４丁目２１番２３号,6610033
4140001051727,山口建材株式会社,兵庫県,尼崎市,南塚口町８丁目１６番９号,6610012
4140001051735,山際鉄工株式会社,兵庫県,尼崎市,南武庫之荘１２丁目２０番１８号,6610033
4140001051743,山下商事株式会社,兵庫県,尼崎市,久々知１丁目８番５号,6610977
4140001051751,株式会社ヤマト,兵庫県,尼崎市,尾浜町２丁目３３番１３号,6610022
4140001051768,株式会社山本運輸,兵庫県,尼崎市,若王寺３丁目１８番２８号,6610974
4140001051784,株式会社山本製薬所,兵庫県,尼崎市,東初島町２番地１６,6600832
4140001051792,株式会社有恒建設,兵庫県,尼崎市,南武庫之荘１丁目１９番６号,6610033
4140001051801,株式会社行方商店,兵庫県,尼崎市,潮江３丁目１９番１２号,6610976
4140001051818,ユニオンフーズ株式会社,兵庫県,尼崎市,次屋４丁目２番３号,6610965
4140001051834,株式会社バリウス,兵庫県,尼崎市,富松町１丁目３５番１３号,6610003
4140001051850,株式会社吉田生花,兵庫県,尼崎市,名神町１丁目３番２７号,6610021
4140001051875,株式会社ワイズ,兵庫県,尼崎市,塚口町１丁目２３番地の５,6610002
4140001051883,株式会社ラーバンハート,兵庫県,尼崎市,七松町１丁目３番１−１２８号,6600052
4140001051891,ワールド技研株式会社,兵庫県,尼崎市,額田町１４番５号,6610962
4140001051909,株式会社ワカクサフードシステム,兵庫県,尼崎市,塚口町１丁目１８番地の１３,6610002
4140001051917,和佐自動車株式会社,兵庫県,尼崎市,南武庫之荘１丁目１１番３−１０１号,6610033
4140001051925,株式会社渡邊鉄筋工業,兵庫県,尼崎市,大庄中通３丁目３番地の２,6600075
4140001051941,和薬ペイント株式会社,兵庫県,尼崎市,東塚口町１丁目３番１５号,6610011
4140001051974,株式会社リビングウメダ,兵庫県,尼崎市,大庄北４丁目１９番６号,6600063
4140001051990,菱和不動産株式会社,兵庫県,尼崎市,塚口町１丁目２９番地の７,6610002
4140001052015,吉田電機株式会社,兵庫県,尼崎市,富松町１丁目３番１１号,6610003
4140001052023,株式会社レーンマーク,兵庫県,尼崎市,田能１丁目６番１２号,6610951
4140001052048,ホームソフト株式会社,兵庫県,尼崎市,東園田町８丁目８７番地の１,6610953
4140001052064,日東ポリマー工業株式会社,兵庫県,尼崎市,潮江１丁目２０番１号,6610976
4140001052072,株式会社ミヤマエンジニアリング,兵庫県,尼崎市,久々知１丁目５番３号,6610977
4140001052114,株式会社プライム,兵庫県,尼崎市,東初島町２番１３,6600832
4140001052122,株式会社ダイビングシステムサービス,兵庫県,尼崎市,東浜町６番地の２,6600844
4140001052130,株式会社オオウチ,兵庫県,尼崎市,昭和通１丁目９番４１号,6600881
4140001052139,株式会社ケミック・ライド,兵庫県,尼崎市,下坂部３丁目７番２３号,6610975
4140001052155,藤工業株式会社,兵庫県,尼崎市,西難波町６丁目１３番１−３０１号,6600893
4140001052196,株式会社筑紫電機,兵庫県,尼崎市,武庫之荘本町１丁目１６番１４号,6610031
4140001052205,アルコ建装株式会社,兵庫県,尼崎市,西昆陽１丁目９番２１号,6610047
4140001052213,株式会社Ｒｅ・工房,兵庫県,尼崎市,大浜町２丁目５番地の２,6600095
4140001052221,ケーエーコンストラクション株式会社,兵庫県,尼崎市,琴浦町７８番地フェリシティーコート１階,6600074
4140001052238,株式会社ウォータイト,兵庫県,尼崎市,東難波町３丁目２６番９号,6600892
4140001052254,株式会社リ・バリュー,兵庫県,尼崎市,神田中通６丁目２１９号,6600884
4140001052262,協和機工株式会社,兵庫県,尼崎市,築地２丁目１０番１２号,6600858
4140001052270,株式会社共栄タカタ,兵庫県,尼崎市,南初島町８番地の１０,6600833
4140001052295,総合都市計画株式会社,兵庫県,尼崎市,西長洲町２丁目２６番１２号中央ビル５０１号,6600805
4140001052304,株式会社カマタニ自然生活研究社,兵庫県,尼崎市,名神町１丁目１２番９号,6610021
4140001052312,ハウゼック神戸株式会社,兵庫県,尼崎市,武庫之荘東２丁目２９番２８号,6610032
4140001052329,株式会社トレードサポート,兵庫県,尼崎市,塚口町２丁目８番地の１１,6610002
4140001052337,株式会社サンタクロース・ホーム,兵庫県,尼崎市,常吉１丁目３番４号,6610042
4140001052386,株式会社スタンバイ,兵庫県,尼崎市,金楽寺町１丁目６番４３号,6600806
4140001052411,旭興業株式会社,兵庫県,尼崎市,下坂部４丁目７番２１号,6610975
4140001052436,株式会社リプロ産業,兵庫県,尼崎市,塚口町６丁目３１番地の１６,6610002
4140001052444,阪和工業株式会社,兵庫県,尼崎市,大庄中通３丁目９３番地,6600075
4140001052452,株式会社興和運輸,兵庫県,尼崎市,名神町２丁目１０番１号,6610021
4140001052460,株式会社池間産業,兵庫県,尼崎市,東園田町７丁目４４番地,6610953
4140001052758,株式会社ライフワーク,兵庫県,尼崎市,浜田町３丁目８１番地,6600062
4140001052766,株式会社ジェイネット,兵庫県,尼崎市,潮江１丁目２番６号,6610976
4140001052790,株式会社日本福祉総合企画,兵庫県,尼崎市,塚口町１丁目２２番地の９長光ビル,6610002
4140001052799,株式会社弁天観光,兵庫県,尼崎市,杭瀬本町３丁目２番３７号,6600814
4140001052808,互洋電機株式会社,兵庫県,尼崎市,武庫之荘５丁目１２番１−２０５号,6610035
4140001052881,鐘光産業株式会社,兵庫県,尼崎市,潮江５丁目４番６８号,6610976
4140001052907,プルバンフードサービス株式会社,兵庫県,尼崎市,塚口本町４丁目８番１号,6610001
4140001052915,株式会社ビーワン,兵庫県,尼崎市,大庄川田町４番地の１,6600072
4140001052923,株式会社アール企画,兵庫県,尼崎市,上坂部３丁目５番１号,6610979
4140001052931,和田トーヨー住器株式会社,兵庫県,尼崎市,武庫町２丁目１５番６号,6610044
4140001052948,株式会社中央環境,兵庫県,尼崎市,西本町２丁目６５番地,6600874
4140001052956,竹生工業株式会社,兵庫県,尼崎市,次屋３丁目１１番,6610965
4140001052980,大元マイクロ販売株式会社,兵庫県,尼崎市,名神町１丁目１６番３１号,6610021
4140001052989,日本特殊螺旋工業株式会社,兵庫県,尼崎市,久々知西町２丁目４番３６号,6610978
4140001052997,ジャパンレディスコミュニケーションズ株式会社,兵庫県,尼崎市,塚口町６丁目１０番地の７,6610002
4140001053005,大栄工業株式会社,兵庫県,尼崎市,戸ノ内町３丁目３２番１１号,6610961
4140001053021,マルヨシインダストリー株式会社,兵庫県,尼崎市,長洲本通１丁目３番１号,6600803
4140001053054,株式会社信西,兵庫県,尼崎市,東難波町４丁目１０番３４号,6600892
4140001053062,株式会社エヌイーティ,兵庫県,尼崎市,上ノ島町１丁目２番１２−２０２号,6610014
4140001053079,株式会社ＪＲ西日本交通サービス,兵庫県,尼崎市,潮江１丁目１番６０号,6610976
4140001053095,井上産業株式会社,兵庫県,尼崎市,西川２丁目３２番１号,6610966
4140001053120,エイチタイム株式会社,兵庫県,尼崎市,南塚口町１丁目７番８号,6610012
4140001053129,株式会社フェアリー・アド・コーポレーション,兵庫県,尼崎市,富松町１丁目１９番１３号,6610003
4140001053145,ＰＯＺＺＩＣ・ＩＮＴＥＲＮＡＴＩＯＮＡＬ株式会社,兵庫県,尼崎市,西難波町５丁目４番２１号,6600893
4140001053153,関西土建株式会社,兵庫県,尼崎市,御園町２７番地,6600861
4140001053178,株式会社ユニット,兵庫県,尼崎市,武庫の里１丁目２０番２号プレジール武庫の里１０３,6610041
4140001053186,株式会社カモシタ,兵庫県,尼崎市,武庫之荘本町２丁目９番９号,6610031
4140001053203,針原電気株式会社,兵庫県,尼崎市,塚口本町５丁目１番２３号,6610001
4140001053211,株式会社ヤマイチ,兵庫県,尼崎市,南武庫之荘４丁目２１番２３号ニューサン山一３０Ａ,6610033
4140001053236,レッドゴールド株式会社,兵庫県,尼崎市,西難波町４丁目１０番３２号,6600893
4140001053252,アドミックス株式会社,兵庫県,尼崎市,昭和南通３丁目２６番地,6600882
4140001053260,和田海産株式会社,兵庫県,尼崎市,水堂町３丁目９番２号,6610026
4140001053269,株式会社益田工業,兵庫県,尼崎市,杭瀬北新町３丁目２０−６７,6600815
4140001053277,株式会社三晃,兵庫県,尼崎市,神田北通２丁目２０番地,6600883
4140001053285,豊和ＥＳ株式会社,兵庫県,尼崎市,猪名寺２丁目２１番３２号,6610981
4140001053302,小林実業株式会社,兵庫県,尼崎市,武庫町１丁目９番９号,6610044
4140001053327,株式会社ヤマショウ工業,兵庫県,尼崎市,武庫川町４丁目９３番地の９,6600084
4140001053343,株式会社猛虎企画,兵庫県,尼崎市,南塚口町３丁目２９番３号,6610012
4140001053368,株式会社ＨＴサービス,兵庫県,尼崎市,塚口町５丁目２９番地の２,6610002
4140001053376,株式会社グッドビュー,兵庫県,尼崎市,武庫之荘２丁目１０番５号,6610035
4140001053418,株式会社プラスワンホールディングス,兵庫県,尼崎市,立花町１丁目２３番１号２階,6610025
4140001053434,株式会社中山マシナリー,兵庫県,尼崎市,建家町５９番地の３,6600871
4140001053442,ウェルハート株式会社,兵庫県,尼崎市,昭和通７丁目２４２番２,6600881
4140001053450,株式会社Ｏ・Ｔ・Ｃ,兵庫県,尼崎市,三反田町２丁目２番１９号,6610024
4140001053483,株式会社エンジェル,兵庫県,尼崎市,塚口町１丁目２番５号,6610002
4140001053500,株式会社アクアテック未来,兵庫県,尼崎市,大島１丁目２１番８−１０５号,6600076
4140001053517,株式会社タクマ,兵庫県,尼崎市,金楽寺町２丁目２番３３号,6600806
4140001053525,株式会社ＲＥＯ建築計画研究所,兵庫県,尼崎市,南武庫之荘１丁目１７の１３,6610033
4140001053533,林運輸株式会社,兵庫県,尼崎市,西難波町１丁目１７番１８号,6600893
4140001053566,株式会社ｅ−グループ,兵庫県,尼崎市,西長洲町２丁目２９番１８号,6600805
4140001053582,株式会社逢坂屋,兵庫県,尼崎市,開明町２丁目５番地,6600862
4140001053590,トキワテクノ株式会社,兵庫県,尼崎市,次屋３丁目１７番５号,6610965
4140001053608,株式会社エバーライフ,兵庫県,尼崎市,東難波町５丁目１４番２３号,6600892
4140001053640,株式会社リンクス,兵庫県,尼崎市,浜３丁目１番３２号,6610967
4140001053649,剛和株式会社,兵庫県,尼崎市,西大物町１２番５５−２７１０号,6600827
4140001053657,株式会社新興コーポレーション,兵庫県,尼崎市,南初島町８番地の５３,6600833
4140001053665,株式会社立野建装,兵庫県,尼崎市,田能６丁目９番１７号,6610951
4140001053673,株式会社海楽,兵庫県,尼崎市,南塚口町６丁目４番１２号,6610012
4140001053698,株式会社一期一会,兵庫県,尼崎市,南武庫之荘４丁目４番７号,6610033
4140001053707,株式会社レイト,兵庫県,尼崎市,西御園町１１４−５０５号,6600868
4140001053723,株式会社フォーラインオート,兵庫県,尼崎市,田能６丁目２番１１号,6610951
4140001053756,株式会社西和,兵庫県,尼崎市,七松町１丁目１７番６号,6600052
4140001053764,ＹＯＵ　ＳＰＯＲＴＳ株式会社,兵庫県,尼崎市,武庫之荘１丁目６番１号,6610035
4140001053772,株式会社シマダ,兵庫県,尼崎市,食満２丁目３番１４号,6610982
4140001053780,株式会社グリーンハウス,兵庫県,尼崎市,七松町１丁目１０番２０号,6600052
4140001053789,株式会社ＮＡＯ　ＰＲＯＪＥＣＴ,兵庫県,尼崎市,富松町４丁目３番２号,6610003
4140001053806,株式会社いなほ工務店,兵庫県,尼崎市,塚口本町４丁目７番８号,6610001
4140001053814,株式会社三親リース,兵庫県,尼崎市,道意町６丁目３１番地の７,6600083
4140001053847,株式会社新井産業,兵庫県,尼崎市,南七松町１丁目１５番１号,6600053
4140001053871,大尼ガード株式会社,兵庫県,尼崎市,稲葉荘４丁目６番１１号,6600064
4140001053888,株式会社フォーラムテック,兵庫県,尼崎市,南武庫之荘４丁目９番５号グランシャリオ武庫之荘２２０６号室,6610033
4140001053913,株式会社関西技建,兵庫県,尼崎市,三反田町１丁目１２番１号,6610024
4140001053921,株式会社ダブリュアイエス,兵庫県,尼崎市,竹谷町２丁目１８３番地,6600876
4140001053938,近畿防災設備株式会社,兵庫県,尼崎市,東園田町５丁目８５番地の２,6610953
4140001053946,株式会社ティーアクス,兵庫県,尼崎市,塚口本町２丁目１７番２０号,6610001
4140001053954,ＹＭ株式会社,兵庫県,尼崎市,稲葉荘１丁目４番６−１号,6600064
4140001053970,ヒューマンアシスト株式会社,兵庫県,尼崎市,東難波町１丁目３番１号,6600892
4140001053995,株式会社クリーンフィールド,兵庫県,尼崎市,南竹谷町１丁目４４番５２,6600875
4140001054003,株式会社ダイキサービス,兵庫県,尼崎市,東七松町１丁目１番１４−１０２号,6600051
4140001054028,株式会社タチバナ,兵庫県,尼崎市,富松町３丁目２３番４０号,6610003
4140001054036,株式会社ワイエスティ,兵庫県,尼崎市,南武庫之荘７丁目７番９号,6610033
4140001054044,株式会社藤尾コーポレーション,兵庫県,尼崎市,塚口本町１丁目６番６−４０３号,6610001
4140001054052,多田電機株式会社,兵庫県,尼崎市,塚口本町８丁目１番１号,6610001
4140001054060,株式会社ディー・ケー・エンジニアリング,兵庫県,尼崎市,東園田町９丁目１７番地の１４,6610953
4140001054077,株式会社マジックボックスＪＰ,兵庫県,尼崎市,御園１丁目２１番２６号,6610984
4140001054093,栄進通信建設株式会社,兵庫県,尼崎市,武庫豊町２丁目８番２３号,6610045
4140001054135,三和ビルトシャッター株式会社,兵庫県,尼崎市,西向島町６８番地１,6600857
4140001054143,株式会社ブルポン,兵庫県,尼崎市,潮江２丁目２番４６号,6610976
4140001054151,株式会社リバティ,兵庫県,尼崎市,昭和通４丁目１１８番地ダイアパレス尼崎４０１号,6600881
4140001054168,大月商会株式会社,兵庫県,尼崎市,南清水３９番９号大月ビル,6610985
4140001054176,久米電気株式会社,兵庫県,尼崎市,塚口本町６丁目１０番８号,6610001
4140001054184,株式会社暁,兵庫県,尼崎市,神田中通５丁目１９４番地,6600884
4140001054201,株式会社あみや,兵庫県,尼崎市,武庫町１丁目４０番１７号,6610044
4140001054218,株式会社グッディーズ,兵庫県,尼崎市,武庫町２丁目４番３号,6610044
4140001054226,株式会社まこと,兵庫県,尼崎市,長洲本通１丁目２番１号５０３,6600803
4140001054242,株式会社パーソナルネット,兵庫県,尼崎市,南塚口町１丁目２番８−２１３号,6610012
4140001054250,株式会社ツモリ,兵庫県,尼崎市,開明町１丁目３１番地,6600862
4140001054259,株式会社Ｉ,兵庫県,尼崎市,塚口本町６丁目１６番３５−５０２号,6610001
4140001054267,竹村薬品工業株式会社,兵庫県,尼崎市,食満２丁目１９番１６号,6610982
4140001054283,株式会社エンシンキカイ,兵庫県,尼崎市,金楽寺町１丁目６番３７号,6600806
4140001054300,株式会社三東橋梁,兵庫県,尼崎市,常松１丁目１４番１３号,6610046
4140001054309,株式会社ＡＣＳ２４,兵庫県,尼崎市,水堂町２丁目７番７号,6610026
4140001054317,株式会社ＴＭＫ,兵庫県,尼崎市,武庫町３丁目１０番１号,6610044
4140001054341,株式会社ギメル,兵庫県,尼崎市,南武庫之荘６丁目２番１３号,6610033
4140001054374,リンク株式会社,兵庫県,尼崎市,武庫町３丁目２０番１０号コスモライフ武庫１０３号,6610044
4140001054382,株式会社関西プラニング,兵庫県,尼崎市,武庫之荘３丁目１番１号,6610035
4140001054399,株式会社ＤＥＮＴＡＱ　ＳＹＳＴＥＭ,兵庫県,尼崎市,南武庫之荘２丁目２４番３２−２０９号,6610033
4140001054408,株式会社山本ハウジング,兵庫県,尼崎市,食満７丁目２３番１９号,6610982
4140001054424,株式会社マテリアル,兵庫県,尼崎市,東難波町５丁目２番１７−７０２号,6600892
4140001054432,株式会社ホープステーション,兵庫県,尼崎市,東難波町２丁目１−５ハイツ橘２０２号,6600892
4140001054440,株式会社ＥＩＺＯ,兵庫県,尼崎市,東園田町３丁目１２番地の４,6610953
4140001054449,株式会社パシフィックインダストリー,兵庫県,尼崎市,武庫之荘本町３丁目１７番８号フォレスト武庫之荘４０２号,6610031
4140001054457,株式会社ＴＡＫＡＲＡ建設,兵庫県,尼崎市,杭瀬北新町３丁目３番３−３号,6600815
4140001054473,株式会社ワークサポート樹,兵庫県,尼崎市,西本町２丁目３１番地の１,6600874
4140001054481,株式会社西工務店,兵庫県,尼崎市,常光寺１丁目８番４３号,6600811
4140001054498,株式会社オフィスプレジャーズ,兵庫県,尼崎市,南塚口町３丁目８番２号レベッカ２０２号,6610012
4140001054523,Ｋ・ホールディングス株式会社,兵庫県,尼崎市,玄番南之町４番地,6600873
4140001054531,株式会社はぐみ,兵庫県,尼崎市,浜田町２丁目７９番地,6600062
4140001054548,フィーティックス株式会社,兵庫県,尼崎市,若王寺３丁目２３番３３号,6610974
4140001054556,株式会社奥間工業,兵庫県,尼崎市,戸ノ内町３丁目２０−８福山アパート,6610961
4140001054572,ワーテック株式会社,兵庫県,尼崎市,戸ノ内町１丁目２番１６号,6610961
4140001054580,株式会社ハートフルハウス,兵庫県,尼崎市,南塚口町２丁目３６番５号,6610012
4140001054589,株式会社加藤工業,兵庫県,尼崎市,久々知西町２丁目７番３４号,6610978
4140001054597,株式会社武富建装,兵庫県,尼崎市,武庫之荘東２丁目５番１０号,6610032
4140001054606,株式会社永光,兵庫県,尼崎市,潮江１丁目６番５−１０２号,6610976
4140001054630,株式会社Ｋ．オフィス,兵庫県,尼崎市,上ノ島町２丁目１番２４−３０４号,6610014
4140001054639,株式会社セオミ,兵庫県,尼崎市,稲葉元町１丁目６番４−１０５号,6600055
4140001054647,ムコトチ管理サービス株式会社,兵庫県,尼崎市,大庄西町１丁目９番１号ヴォートセレスト１５０３号,6600077
4140001054655,株式会社宝山興業,兵庫県,尼崎市,東園田町２丁目８８番地の５,6610953
4140001054663,株式会社ツイン・エム,兵庫県,尼崎市,水明町２３番,6600082
4140001054696,株式会社アドバンス,兵庫県,尼崎市,塚口町２丁目２番５号,6610002
4140001054705,株式会社ＫＩＴＡＳＡＫＡ,兵庫県,尼崎市,武庫元町１丁目２７番１０号,6610043
4140001054713,株式会社加島塗装,兵庫県,尼崎市,久々知２丁目２３番１９号,6610977
4140001054721,株式会社森川,兵庫県,尼崎市,東園田町１丁目１４７番地,6610953
4140001054746,株式会社ホネスティーカンパニー,兵庫県,尼崎市,南初島町８番３７,6600833
4140001054754,株式会社オペレーション１,兵庫県,尼崎市,西立花町３丁目４−２,6600054
4140001054770,株式会社あだち電気,兵庫県,尼崎市,東難波町２丁目８番２１号,6600892
4140001054787,株式会社ケイシステム,兵庫県,尼崎市,尾浜町２丁目１２番１０−２１５号,6610022
4140001054795,株式会社ＪＵＮ．ｃｏｒｐｏｒａｔｉｏｎ,兵庫県,尼崎市,塚口町５丁目２９番地の２,6610002
4140001054804,株式会社スカイネット,兵庫県,尼崎市,食満７丁目８番１３号,6610982
4140001054812,株式会社杉原自動車,兵庫県,尼崎市,稲葉荘２丁目１３番２５号,6600064
4140001054820,オフィス・クレオ株式会社,兵庫県,尼崎市,東園田町３丁目４４番４６号,6610953
4140001054837,株式会社リアンス,兵庫県,尼崎市,久々知１丁目１２番１２号レジデンス塚口５０５号室,6610977
4140001054845,株式会社ハマエンタープライズ,兵庫県,尼崎市,潮江１丁目７番１−１００１号,6610976
4140001054878,株式会社アセフ,兵庫県,尼崎市,大庄西町１丁目１２番２号,6600077
4140001054886,株式会社協栄システム,兵庫県,尼崎市,杭瀬南新町２丁目１１番１６号,6600822
4140001054894,明優建設株式会社,兵庫県,尼崎市,道意町６丁目３１番８号,6600083
4140001054911,藤長興業株式会社,兵庫県,尼崎市,戸ノ内町５丁目１３番６号,6610961
4140001054960,株式会社小寺アセットマネジメント,兵庫県,尼崎市,次屋２丁目１３番１２号,6610965
4140001054969,サクシード株式会社,兵庫県,尼崎市,長洲東通３丁目３番３０−３０３号,6600801
4140001054977,株式会社白樺,兵庫県,尼崎市,南塚口町５丁目１５番２号,6610012
4140001054985,株式会社イマジネーション,兵庫県,尼崎市,宮内町１丁目３４番地,6600877
4140001054993,新栄株式会社,兵庫県,尼崎市,南塚口町８丁目４４番１０号,6610012
4140001055018,株式会社ジェイアール西日本総合ビルサービス,兵庫県,尼崎市,潮江１丁目２番１２号,6610976
4140001055026,株式会社リクスイ,兵庫県,尼崎市,浜２丁目９番１３号２０１号室,6610967
4140001055034,株式会社Ａｒｉａ,兵庫県,尼崎市,富松町２丁目３１−１０北号室,6610003
4140001055042,株式会社正起機工,兵庫県,尼崎市,南塚口町８丁目３３番１３−１０６号,6610012
4140001055059,株式会社コーシンプランニング,兵庫県,尼崎市,立花町４丁目２番１８号,6610025
4140001055067,株式会社ビームス,兵庫県,尼崎市,神田中通４丁目１６５番地,6600884
4140001055075,サンコー技建工業株式会社,兵庫県,尼崎市,元浜町４丁目７６番地の１,6600085
4140001055083,株式会社Ｇｅｔコーポレーション,兵庫県,尼崎市,椎堂１丁目１４−６８−３０９,6610952
4140001055109,株式会社エアテックタカ,兵庫県,尼崎市,名神町２丁目１０番２８号,6610021
4140001055117,サンキープ株式会社,兵庫県,尼崎市,水堂町３丁目１６番２３号,6610026
4140001055125,安田電設株式会社,兵庫県,尼崎市,武庫の里１丁目６番２号,6610041
4140001055141,株式会社介護サポート光耀,兵庫県,尼崎市,富松町１丁目２２番３８号,6610003
4140001055166,株式会社ＡＭＮ,兵庫県,尼崎市,武庫之荘１丁目７番４−７０４号,6610035
4140001055182,株式会社セーフティーメッシュサービス,兵庫県,尼崎市,南塚口町４丁目１番４８号,6610012
4140001055190,株式会社つくしんぼ,兵庫県,尼崎市,玄番北之町２６番１号尼崎アーバンコンフォート１０１号,6600872
4140001055199,株式会社ステージ,兵庫県,尼崎市,西難波町５丁目１３番２１号,6600893
4140001055216,株式会社ムコデン,兵庫県,尼崎市,常吉２丁目９番１７号,6610042
4140001055224,株式会社大車輪,兵庫県,尼崎市,杭瀬本町３丁目６番１４号,6600814
4140001055232,ＴＤＣ株式会社,兵庫県,尼崎市,御園町２７−３−２８０６,6600861
4140001055240,１００きんランド株式会社,兵庫県,尼崎市,若王寺３丁目１９番１６号,6610974
4140001055249,関西福祉事業株式会社,兵庫県,尼崎市,富松町２丁目３５番８−２０３号,6610003
4140001055273,株式会社慶和,兵庫県,尼崎市,名神町２丁目２番２３号,6610021
4140001055281,株式会社風姿花,兵庫県,尼崎市,立花町２丁目１４−１９−１,6610025
4140001055298,株式会社ティーオーエムアイ,兵庫県,尼崎市,稲葉元町２丁目１５番７号,6600055
4140001055307,特殊鋼材株式会社,兵庫県,尼崎市,田能６丁目７番３３号,6610951
4140001055315,株式会社ロックス,兵庫県,尼崎市,田能３丁目７番８号,6610951
4140001055323,株式会社ＫＳＨ,兵庫県,尼崎市,玄番南之町４番地,6600873
4140001055331,株式会社博美コンデックス,兵庫県,尼崎市,元浜町１丁目２番２号,6600085
4140001055356,株式会社岸本管理,兵庫県,尼崎市,南武庫之荘３丁目２４番２０号,6610033
4140001055364,株式会社ＯＯＫＩＮＩ・インターナショナル,兵庫県,尼崎市,汐町６４番地,6600866
4140001055380,株式会社クリンミル,兵庫県,尼崎市,南武庫之荘４丁目４番１７号,6610033
4140001055397,株式会社花桜エステート,兵庫県,尼崎市,崇徳院２丁目１５０,6600071
4140001055430,株式会社Ｋｐｌａｎ,兵庫県,尼崎市,南武庫之荘３丁目２４番２０号,6610033
4140001055439,株式会社宮本鉄建,兵庫県,尼崎市,東園田町１丁目２０７番地５０５,6610953
4140001055447,株式会社ＩＭＡ　ＧＬＡＳＳ,兵庫県,尼崎市,西難波町１丁目１５番１２号,6600893
4140001055463,株式会社ＤＰ　ＣＨＡＬＬＥＮＧＥ,兵庫県,尼崎市,西川２丁目３４−１,6610966
4140001055488,株式会社ディーエスエス,兵庫県,尼崎市,開明町２丁目１１,6600862
4140001055496,株式会社フェイス,兵庫県,尼崎市,南武庫之荘７丁目２０番２１号,6610033
4140001055505,株式会社ＭＥＧＡ販売,兵庫県,尼崎市,常光寺１丁目１１番地３号,6600811
4140001055521,株式会社ｏｎ　ａｎｄ　ｏｎ,兵庫県,尼崎市,東難波町３丁目１９番１６号,6600892
4140001055538,株式会社弥生住建,兵庫県,尼崎市,武庫之荘１丁目７番１４号,6610035
4140001055546,株式会社すばる薬局,兵庫県,尼崎市,東難波町５丁目２番７号エスポワール東難波Ａ号室,6600892
4140001055554,株式会社ＳＰＳ,兵庫県,尼崎市,大島１丁目３７番１号,6600076
4140001055562,グロリアス・ウエスト株式会社,兵庫県,尼崎市,東大物町２丁目６番１号,6600828
4140001055570,株式会社Ｌｉｆｅ　Ｅｓｔａｔｅ,兵庫県,尼崎市,杭瀬南新町４丁目６番２３号,6600822
4140001055587,株式会社ａ−ｚ．ｈａｉｒ,兵庫県,尼崎市,武庫之荘２丁目１１番１１号武庫之荘ハイツ４０２,6610035
4140001055595,株式会社阪神エンジニアリング,兵庫県,尼崎市,戸ノ内町２丁目３番３５号,6610961
4140001055612,株式会社Ｇｌｏｂａｌ　Ｒｅｓｅａｒｃｈ　Ｇｅｎｅｒａｌ　Ａｇｅｎｔｓ,兵庫県,尼崎市,南七松町１丁目１２番２４号,6600053
4140001055629,株式会社ニシダヤ,兵庫県,尼崎市,神田中通３丁目４１番地,6600884
4140001055637,さない塾株式会社,兵庫県,尼崎市,西難波町１丁目３番６号,6600893
4140001055645,株式会社ＫＧＣ,兵庫県,尼崎市,武庫之荘６丁目２６−１０−１０６,6610035
4140001055653,株式会社セヤナ,兵庫県,尼崎市,武庫町３丁目１１番１２−１号,6610044
4140001055661,ファストクリエイティブ株式会社,兵庫県,尼崎市,大西町３丁目９番１８−３１２号,6610023
4140001055678,コロンビア珈琲株式会社,兵庫県,尼崎市,小中島３丁目１３番１号,6610972
4140001055686,株式会社エイトキューブ,兵庫県,尼崎市,塚口町２丁目２番５号,6610002
4140001055694,株式会社上間建工,兵庫県,尼崎市,塚口本町７丁目１０番２７号,6610001
4140001055703,株式会社竹村工業,兵庫県,尼崎市,大庄川田町１７番地の５,6600072
4140001055728,株式会社高はし,兵庫県,尼崎市,南七松町１丁目１４番１号,6600053
4140001055736,株式会社山栄技管,兵庫県,尼崎市,立花町３丁目６番５号,6610025
4140001055744,丸川興業株式会社,兵庫県,尼崎市,昭和南通６丁目１５３番地,6600882
4140001055752,株式会社アプロス,兵庫県,尼崎市,神崎町３５−５,6610964
4140001055760,株式会社ライフ・ワン,兵庫県,尼崎市,久々知西町２丁目１番１０号,6610978
4140001055769,株式会社ＷＯＯＤＬＩＫＥ　ＴＲＡＤＥ,兵庫県,尼崎市,東園田町１丁目２４５番地,6610953
4140001055777,株式会社ひかりのくに,兵庫県,尼崎市,武庫町１丁目３５番２号,6610044
4140001057039,株式会社まる喜,兵庫県,尼崎市,東園田町５丁目９８−１,6610953
4140001057146,株式会社明月−Ｋａｎ,兵庫県,尼崎市,長洲本通１丁目２番１号,6600803
4140001057154,明幸都市株式会社,兵庫県,尼崎市,御園町５４番地２４０５,6600861
4140001057170,陽継社株式会社,兵庫県,尼崎市,昭和通４丁目１１７エスティ尼崎ビル６Ｆ,6600881
4140001057195,株式会社これから,兵庫県,尼崎市,御園２丁目１０番３３号,6610984
4140001057204,株式会社オネストホームサービス,兵庫県,尼崎市,武庫町４丁目５番１号,6610044
4140001057410,株式会社ファインスクウェア,兵庫県,尼崎市,南武庫之荘４丁目１９−５サニーサイド武庫之荘ＩＩＩ１Ｆ,6610033
4140001067351,エコスマイルエナジー株式会社,兵庫県,尼崎市,昭和通１丁目９番５０号,6600881
4140001067392,株式会社フォルムアイ西神戸,兵庫県,尼崎市,南武庫之荘２丁目２４番３２−６０４号,6610033
4140001067426,株式会社ＣＡＴＵＬＥ,兵庫県,尼崎市,塚口町２丁目２番地の５,6610002
4140001067517,株式会社喜納工業,兵庫県,尼崎市,大庄北３丁目１６番１６号,6600063
4140001067574,株式会社あんじゅ,兵庫県,尼崎市,上ノ島町２丁目２７番１６号,6610014
4140001067599,株式会社Ｄ−Ｃｒｅａｔｅ,兵庫県,尼崎市,塚口町３丁目３８−５,6610002
4140001067715,株式会社ＯＤＯＭ,兵庫県,尼崎市,水堂町１丁目９番３号サンマンション１Ｆ,6610026
4140001068837,株式会社三恵工作所,兵庫県,尼崎市,東難波町５丁目２番１８号尼信難波ビル１Ｆ,6600892
4140001069397,宝産商株式会社,兵庫県,尼崎市,金楽寺町１丁目３番６号,6600806
4140001069612,株式会社ウェルマテック,兵庫県,尼崎市,北初島町１６番地１０,6600834
4140001071270,株式会社キッズ１ハート,兵庫県,尼崎市,椎堂１丁目１番８号,6610952
4140001073928,株式会社三恵工業,兵庫県,尼崎市,三反田町３丁目３番３１号,6610024
4140001077598,株式会社オアシススター,兵庫県,尼崎市,西難波町４丁目６番３９号,6600893
4140001077607,株式会社ラクルイ,兵庫県,尼崎市,稲葉荘２丁目２３−１−６０３,6600064
4140001077706,株式会社エクシム,兵庫県,尼崎市,武庫川町１丁目２８番地の１,6600084
4140001077755,株式会社パン・エクシード,兵庫県,尼崎市,神田北通３丁目３７番３号,6600883
4140001077813,株式会社サイシン,兵庫県,尼崎市,東難波町４丁目１２番８号,6600892
4140001078695,株式会社ナガミチ建設,兵庫県,尼崎市,南武庫之荘１丁目２９−３７−２０１,6610033
4140001080131,泰平商事株式会社,兵庫県,尼崎市,南武庫之荘３丁目１２番１２号,6610033
4140001080354,木下工業株式会社,兵庫県,尼崎市,南七松町１丁目５番２６号,6600053
4140001080651,株式会社丸鉄,兵庫県,尼崎市,南武庫之荘４丁目１６番１０号,6610033
4140001081600,株式会社ショウワ販売,兵庫県,尼崎市,三反田町１丁目８番１１号,6610024
4140001081617,北村産業株式会社,兵庫県,尼崎市,南塚口町６丁目４番１２号,6610012
4140001081872,日東酸素工業株式会社,兵庫県,尼崎市,稲葉荘１丁目１５番６号,6600064
4140001083126,プロジェクト工営株式会社,兵庫県,尼崎市,水堂町２丁目１０番８号,6610026
4140001083852,株式会社輝田,兵庫県,尼崎市,昭和南通４丁目６７−４０１,6600882
4140001084330,旭建工株式会社,兵庫県,尼崎市,七松町３丁目１４番５号,6600052
4140001086392,精和管工株式会社,兵庫県,尼崎市,尾浜町２丁目３番１−３１４号,6610022
4140001086459,株式会社Ｂａｎｄｅ,兵庫県,尼崎市,御園１丁目２４番４号,6610984
4140001086847,株式会社ダイケイハウジング,兵庫県,尼崎市,南塚口町２丁目１５番１４号,6610012
4140001086871,ＴＮプリント株式会社,兵庫県,尼崎市,武庫之荘６丁目７−２８−１０３,6610035
4140001086905,株式会社ＨＡＮ,兵庫県,尼崎市,立花町２丁目２番１１−２０２号,6610025
4140001086913,株式会社泊建装,兵庫県,尼崎市,南塚口町５丁目１７番１３号,6610012
4140001087077,株式会社尼創,兵庫県,尼崎市,南七松町１丁目１１番４号,6600053
4140001087119,株式会社栄貴建設,兵庫県,尼崎市,上坂部２丁目３６番１−７０９号,6610979
4140001087300,株式会社長町サイエンスラボ,兵庫県,尼崎市,潮江１丁目１６番１−１００３号,6610976
4140001087325,株式会社神栄,兵庫県,尼崎市,大島３丁目４０番７号西大島ビル２０１号室,6600076
4140001087366,株式会社ハート,兵庫県,尼崎市,額田町２番１７号エクセル山手１０２,6610962
4140001087465,株式会社ステップワイズ,兵庫県,尼崎市,西本町４丁目１６番地,6600874
4140001087548,株式会社ＭＳ,兵庫県,尼崎市,東園田町４丁目９６番６号,6610953
4140001087622,株式会社アマテラス,兵庫県,尼崎市,南塚口町１丁目２−８−３０３,6610012
4140001087655,アンソレイユ株式会社,兵庫県,尼崎市,立花町３丁目１６番１２号アンソレイユ１Ｆ,6610025
4140001087928,Ｗｉｎｓｏｎ株式会社,兵庫県,尼崎市,武庫元町１丁目２７番１０号,6610043
4140001088067,株式会社天蛙,兵庫県,尼崎市,南塚口町７丁目３５番１８号,6610012
4140001088216,スガムラ電機株式会社,兵庫県,尼崎市,戸ノ内町６丁目１番２１号,6610961
4140001088678,株式会社塚口産興電材,兵庫県,尼崎市,塚口町３丁目２５−１８−２０３,6610002
4140001088752,株式会社アランワーク,兵庫県,尼崎市,塚口町１丁目３１番地の９,6610002
4140001088876,株式会社モリナン総合設備設計,兵庫県,尼崎市,東難波町５丁目２−１７,6600892
4140001089115,株式会社スワイク,兵庫県,尼崎市,南塚口町２丁目１４番１号,6610012
4140001089263,関西工流株式会社,兵庫県,尼崎市,昭和通２丁目７番１号,6600881
4140001089338,ａｐプロダクション株式会社,兵庫県,尼崎市,南塚口町５丁目６番２０号フォレストヴィラ２０２,6610012
4140001089619,アーキホーム株式会社,兵庫県,尼崎市,武庫元町１丁目２７番３号,6610043
4140001089643,株式会社ライフサークル,兵庫県,尼崎市,東園田町９丁目１番地の３０,6610953
4140001089858,株式会社トライアルコーポレーション,兵庫県,尼崎市,水堂町３丁目１７−２１,6610026
4140001089882,心幸クリエイト株式会社,兵庫県,尼崎市,潮江１丁目２番６号ＪＲＥ尼崎フロントビル２階,6610976
4140001089965,心幸ホールディングス株式会社,兵庫県,尼崎市,潮江１丁目２番６号ＪＲＥ尼崎フロントビル２階,6610976
4140001089981,ミントライフグループ株式会社,兵庫県,尼崎市,武庫之荘西２丁目４９番１号,6610034
4140001090246,株式会社エクセレント,兵庫県,尼崎市,塚口本町三丁目７番２０号,6600000
4140001090270,株式会社阪神アスコン,兵庫県,尼崎市,西高洲町１６番１７号,6600845
4140001090700,株式会社ジェイ・ネスト,兵庫県,尼崎市,大庄北４丁目３番１４号,6600063
4140001090774,さくら不動産株式会社,兵庫県,尼崎市,浜２丁目１５番１号,6610967
4140001090964,株式会社尾浜,兵庫県,尼崎市,尾浜町２丁目１２番１０イトーピア尼崎１１２号,6610022
4140001091054,株式会社ヴェントキャスト,兵庫県,尼崎市,大庄北４丁目３−１−１３０,6600063
4140001091153,株式会社太佳,兵庫県,尼崎市,稲葉荘２丁目６番１号,6600064
4140001091252,株式会社テイクワン,兵庫県,尼崎市,菜切山町３７番地１４,6600073
4140001091327,株式会社チームのっち,兵庫県,尼崎市,神田中通３丁目２９番地讃岐ビルＢ１Ｆ,6600884
4140001091764,株式会社インサイト,兵庫県,尼崎市,東本町４丁目２６番地１Ａ,6600824
4140001091814,株式会社浜本メディカル・サービス,兵庫県,尼崎市,尾浜町２丁目２１番４１号,6610022
4140001091871,株式会社オキラクオーディオ,兵庫県,尼崎市,塚口町６丁目２０番地の３,6610002
4140001092003,株式会社Ａｎｐｈｉｅ,兵庫県,尼崎市,東難波町５丁目３０番２４号,6600892
4140001092151,株式会社ＬＩＶＥ＆ＬＥＴ,兵庫県,尼崎市,琴浦町５番地,6600074
4140001092309,株式会社オフィスタカギ,兵庫県,尼崎市,東園田町５丁目５８番地,6610953
4140001092382,株式会社ＭＧＭ,兵庫県,尼崎市,西立花町２丁目７番２０−４０１号,6600054
4140001092432,なぎエステート株式会社,兵庫県,尼崎市,南塚口町２丁目３５番２１号,6610012
4140001092457,株式会社ＴＯＭＯＮＡＫＡ,兵庫県,尼崎市,東難波町３丁目１７−１０尼崎セントラルビル５０２,6600892
4140001092473,株式会社オリオンワークス,兵庫県,尼崎市,神崎町４０番１号,6610964
4140001092622,Ｊ’ｓ−Ｓｔｕｄｉｏ株式会社,兵庫県,尼崎市,西難波町２丁目５番２９号,6600893
4140001092705,株式会社エム・アイ・イー,兵庫県,尼崎市,武庫之荘６丁目２３番２１号藤本ハイツ１０２,6610035
4140001092721,株式会社香音,兵庫県,尼崎市,稲葉荘２丁目６番２１号,6600064
4140001092754,株式会社レガート,兵庫県,尼崎市,武庫川町２丁目２０番地の２,6600084
4140001093182,株式会社村上組,兵庫県,尼崎市,中在家町３丁目４５５番,6600851
4140001093216,株式会社潮プランニング,兵庫県,尼崎市,潮江１丁目３２番１１号,6610976
4140001093281,株式会社テル,兵庫県,尼崎市,富松町２丁目７番６号,6610003
4140001093348,株式会社富士興工業,兵庫県,尼崎市,東本町４丁目６８番,6600824
4140001093637,株式会社ＫＯＴＯＮＡＳ,兵庫県,尼崎市,名神町３丁目１５−１５ルファール山手１０４,6610021
4140001093686,株式会社アブリール,兵庫県,尼崎市,富松町１丁目６番２０号,6610003
4140001093744,株式会社亀山フーズクリエイツ,兵庫県,尼崎市,武庫之荘１丁目６番６号,6610035
4140001093769,株式会社タカダスタッフサービス,兵庫県,尼崎市,潮江４丁目３番１０号,6610976
4140001094040,株式会社光栄,兵庫県,尼崎市,尾浜町１丁目５−５,6610022
4140001094115,株式会社せきや,兵庫県,尼崎市,東園田町９丁目８番地の５ベルヴィ東園田６０２,6610953
4140001094197,株式会社南興業,兵庫県,尼崎市,武庫之荘８丁目１８番２０号,6610035
4140001094222,株式会社エム・ティ・サポート,兵庫県,尼崎市,田能３丁目２６番２８号,6610951
4140001094404,株式会社キープシップスカンパニー,兵庫県,尼崎市,杭瀬本町１丁目１５番６号２階,6600814
4140001094602,株式会社縁和ホーム,兵庫県,尼崎市,浜２丁目５番３号,6610967
4140001094809,株式会社ワイズ,兵庫県,尼崎市,常吉２丁目１２番１号,6610042
4140001095286,株式会社清太不動産,兵庫県,尼崎市,神崎町２番１６号,6610964
4140001095559,株式会社Ｃ．Ｅ．Ｓ,兵庫県,尼崎市,大庄西町３丁目１３番１８−１号,6600077
4140001095625,株式会社クレシタ,兵庫県,尼崎市,七松町１丁目９番２２号,6600052
4140001095963,リリーファーマシー株式会社,兵庫県,尼崎市,塚口町１丁目２０番１６号,6610002
4140001096086,Ｔサテライト株式会社,兵庫県,尼崎市,南武庫之荘３丁目１２番１２号,6610033
4140001096342,株式会社ＢＡＲＩＹＥＬＬ,兵庫県,尼崎市,南七松町１丁目１１番４号,6600053
4140001096350,株式会社とも動物病院,兵庫県,尼崎市,下坂部３丁目１８番３号,6610975
4140001096466,株式会社エルナス,兵庫県,尼崎市,道意町７丁目１番地の３,6600083
4140001096771,株式会社オッターライフ,兵庫県,尼崎市,南塚口町１丁目７番８号,6610012
4140001096929,株式会社ＨＲイノベーション,兵庫県,尼崎市,玄番北之町２６番地の１−１２１８,6600872
4140001097027,宝喜建設株式会社,兵庫県,尼崎市,東難波町３丁目２３番１７号,6600892
4140001097043,春トータルサービスコーポレーション株式会社,兵庫県,尼崎市,南塚口町６丁目６番１２号,6610012
4140001097200,株式会社コークスコーポレーション,兵庫県,尼崎市,南武庫之荘１０丁目１５番６号,6610033
4140001097316,株式会社スクエアトラスト,兵庫県,尼崎市,南武庫之荘１丁目１４番２３−３０２号,6610033
4140001097332,株式会社建物サービス,兵庫県,尼崎市,食満１丁目８番１３号,6610982
4140001097398,株式会社藤田組,兵庫県,尼崎市,東園田町４丁目１２２番地,6610953
4140001097588,鈴鹿塗装株式会社,兵庫県,尼崎市,水堂町４丁目１２番２８号,6610026
4140001097679,株式会社ＭＴＡ,兵庫県,尼崎市,富松町１丁目６番２０号,6610003
4140001097803,株式会社Ｌ・Ｅ技建,兵庫県,尼崎市,食満７丁目８番３号,6610982
4140001097968,株式会社Ｍｏｒｒｏｗ,兵庫県,尼崎市,東園田町４丁目４７番地の８,6610953
4140001098017,株式会社川崎組,兵庫県,尼崎市,武庫町２丁目１４番１５−１０５号,6610044
4140001098058,株式会社関本塗装,兵庫県,尼崎市,東難波町３丁目２２番２１号,6600892
4140001098108,株式会社山村地所,兵庫県,尼崎市,杭瀬北新町１丁目１３番１８号,6600815
4140001098116,株式会社豊見山工業,兵庫県,尼崎市,武庫元町１丁目１８番５−２号,6610043
4140001098355,スマートハーベスト株式会社,兵庫県,尼崎市,塚口町１丁目３２番地の４２,6610002
4140001098388,株式会社秋タイム,兵庫県,尼崎市,三反田町１丁目３番４号,6610024
4140001098396,株式会社ＤＯＲＡＣＯ,兵庫県,尼崎市,武庫元町２丁目１６番２２号,6610043
4140001098792,ａｔｍａｎ株式会社,兵庫県,尼崎市,長洲中通３丁目１０番１６号,6600802
4140001099048,コバヤシジャパンコンサルティング株式会社,兵庫県,尼崎市,杭瀬本町１丁目２番５号グラシアスコート３階,6600814
4140001099329,吉満商事株式会社,兵庫県,尼崎市,武庫川町３丁目６９番地プロパレス武庫川グランリーヴァ８０２号,6600084
4140001099378,株式会社ライフサポート愛,兵庫県,尼崎市,塚口本町２丁目５番１３号,6610001
4140001099642,翼工業株式会社,兵庫県,尼崎市,次屋４丁目２番２６号,6610965
4140001099758,株式会社Ｋ＆Ｓ,兵庫県,尼崎市,東園田町３丁目１２番地の４,6610953
4140001099782,株式会社そら,兵庫県,尼崎市,上坂部２丁目１８番２３号,6610979
4140001099799,株式会社アルベマール,兵庫県,尼崎市,大庄川田町３２番地,6600072
4140001100013,鴻達貿易株式会社,兵庫県,尼崎市,瓦宮２丁目３１番２３号１０４号室,6610971
4140001100112,株式会社むげん,兵庫県,尼崎市,東園田町５丁目１３０番地,6610953
4140001100120,株式会社フォーユウ,兵庫県,尼崎市,名神町３丁目１５番１２号,6610021
4140001100228,株式会社ツナグ,兵庫県,尼崎市,東難波町３丁目１８番３号,6600892
4140001100302,株式会社エムエスワーク,兵庫県,尼崎市,西御園町１１９−３,6600868
4140001100681,神州株式会社,兵庫県,尼崎市,田能３丁目７番１２号,6610951
4140001100715,株式会社Ｓｅｎｔｈ,兵庫県,尼崎市,武庫之荘５丁目６番−２−１０１号,6610035
4140001100888,株式会社Ｍｉｔｓｕファクトリー,兵庫県,尼崎市,武庫之荘本町３丁目１２番１２−１号,6610031
4140001100954,株式会社オフィスＭ,兵庫県,尼崎市,富松町４丁目２９番２号,6610003
4140001101077,株式会社ウェルケアフット,兵庫県,尼崎市,武庫之荘５丁目１−３−１階東,6610035
4140001101151,株式会社安倉地所,兵庫県,尼崎市,稲葉元町２丁目１２番２６号,6600055
4140001101242,株式会社ナガクラ基礎,兵庫県,尼崎市,東大物町２丁目４−１８,6600828
4140001101548,マーベルホーム株式会社,兵庫県,尼崎市,武庫町２丁目２６番１３号,6610044
4140001101572,株式会社ＭＡジャパン,兵庫県,尼崎市,上ノ島町３丁目１４番１９号,6610014
4140001101878,株式会社グラムマネージメント,兵庫県,尼崎市,東園田町９丁目７番地の２６−３０２号,6610953
4140001101911,株式会社ネクサス,兵庫県,尼崎市,西難波町４丁目６番４２号,6600893
4140001102348,株式会社三幸鐵工所,兵庫県,尼崎市,南武庫之荘８丁目２９番２０号,6610033
4140001102364,株式会社カーサ,兵庫県,尼崎市,武庫町１丁目２番７号,6610044
4140001102455,株式会社ＫＩＦＵＫＵ,兵庫県,尼崎市,浜２丁目３番１６号,6610967
4140001102645,株式会社フォックスパートナーズ,兵庫県,尼崎市,善法寺町２０番２号ＴハウスＢ−１,6610973
4140001102703,株式会社ＫＯＢＡ,兵庫県,尼崎市,大庄中通２丁目６５番地,6600075
4140001102967,株式会社あずまや,兵庫県,尼崎市,食満５丁目２３番１０−４０２号室,6610982
4140001103008,株式会社Ｃｏｃｏｒｏ　Ｃｏｒｐ．,兵庫県,尼崎市,武庫之荘２丁目２３番１６号ＯＪフィールド２Ｆ,6610035
4140001103305,株式会社宏栄商事,兵庫県,尼崎市,塚口本町２丁目１５番３号,6610001
4140001103354,株式会社ＡＯＩジャパン,兵庫県,尼崎市,西昆陽１丁目２３番８号,6610047
4140001103412,株式会社ＹＯＳＨＩケアサービス,兵庫県,尼崎市,七松町３丁目４番８号クリアスカイ立花１０１号室,6600052
4140001103429,株式会社三都板金,兵庫県,尼崎市,金楽寺町２丁目３７番２３号,6600806
4140001103585,株式会社シバノキ,兵庫県,尼崎市,名神町３丁目８番２３号,6610021
4140001103692,株式会社阪神大家さん,兵庫県,尼崎市,武庫豊町３丁目１２番２０−９０１号,6610045
4140001103750,美装工建株式会社,兵庫県,尼崎市,金楽寺町２丁目２８番１９号,6600806
4140001104229,株式会社アマメン,兵庫県,尼崎市,神崎町２５番２１号,6610964
4140001104344,株式会社ＰＬＵＳ　ＯＮＥ,兵庫県,尼崎市,水堂町２丁目１５−８−４,6610026
4140001104658,株式会社サンライズ,兵庫県,尼崎市,塚口町１丁目１３−８サウザンド塚口２０１−３号,6610002
4140001104690,株式会社ミイチ,兵庫県,尼崎市,建家町２５番地,6600871
4140001104699,株式会社ヨーリンテック,兵庫県,尼崎市,富松町２丁目１７番１６号,6610003
4140001104963,株式会社弘香,兵庫県,尼崎市,常吉２丁目５番１号,6610042
4140001105111,日本ベドラ株式会社,兵庫県,尼崎市,武庫之荘１丁目８番４−１０１号,6610035
4140001105128,株式会社クリエイトサービス,兵庫県,尼崎市,下坂部１丁目２７番１４号,6610975
4140001105160,株式会社須川ＡＤＶ．,兵庫県,尼崎市,南武庫之荘３丁目３０番１−５０４号,6610033
4140001105466,株式会社ハンマーヘッド,兵庫県,尼崎市,建家町１９番地の３,6600871
4140001105490,川口機工株式会社,兵庫県,尼崎市,南塚口町６丁目９番１,6610012
4140001105508,株式会社フロームワーク,兵庫県,尼崎市,南武庫之荘１丁目２９番２５号ピア武庫之荘２０１号室,6610033
4140001105598,株式会社ＬＯＣＯＣＯ,兵庫県,尼崎市,南塚口町１丁目７番３号,6610012
4140001105664,株式会社石田工業,兵庫県,尼崎市,元浜町４丁目８５番地の６,6600085
4140001105796,株式会社オーシャンコーポレーション,兵庫県,尼崎市,若王寺３丁目３０番２４号,6610974
4140001105887,株式会社たくみ,兵庫県,尼崎市,杭瀬本町２丁目１番３号,6600814
4140001106101,株式会社竹鉄総業,兵庫県,尼崎市,東七松町２丁目４番２１号,6600051
4140001106349,株式会社ワーカスグループ,兵庫県,尼崎市,昭和通１丁目９番５０−１０５号,6600881
4140001106456,株式会社未来工房,兵庫県,尼崎市,長洲本通１丁目４番１１,6600803
4140001106613,株式会社ｉｉｕｓ,兵庫県,尼崎市,武庫元町１丁目１８番１号,6610043
4140001106893,日英産業株式会社,兵庫県,尼崎市,大西町３丁目７番１４号,6610023
4140001107033,株式会社アネモス,兵庫県,尼崎市,竹谷町２丁目１８３番地,6600876
4140001107223,株式会社ｅｚ,兵庫県,尼崎市,潮江５丁目２番１−１８０１号,6610976
4140001107495,株式会社Ｍｉｋｉ商会,兵庫県,尼崎市,立花町３丁目３６番１６号,6610025
4140001107735,株式会社コアボックスジャパン,兵庫県,尼崎市,東塚口町２丁目４番２９号,6610011
4140001107850,ＫＸキャピタル株式会社,兵庫県,尼崎市,長洲本通１丁目４番２号,6600803
4140001108254,株式会社カリティモ,兵庫県,尼崎市,武庫之荘１丁目１９番１２号,6610035
4140001108345,株式会社小西企画,兵庫県,尼崎市,南塚口町２丁目２０−１８古山ビル１０１号,6610012
4140001108675,株式会社エフエスコーポレーション,兵庫県,尼崎市,昭和南通３丁目２６番地,6600882
4140001108808,ＮＡＧｎｅｔライフ株式会社,兵庫県,尼崎市,神田中通６丁目２１０番地,6600884
4140001109054,株式会社ＯＭ・２,兵庫県,尼崎市,西難波町３丁目２３番６号,6600893
4140001109062,株式会社坂本防水,兵庫県,尼崎市,戸ノ内町３丁目３１番９号,6610961
4140001109442,株式会社ワールドメンテナンス,兵庫県,尼崎市,南武庫之荘２丁目２２番１号３０５号,6610033
4140001109459,エンジニアリングサービス株式会社,兵庫県,尼崎市,名神町３丁目４番１６号,6610021
4140001109491,近畿プラント機工株式会社,兵庫県,尼崎市,高田町１７番１号,6610963
4140001109970,株式会社いろは工業,兵庫県,尼崎市,塚口町４丁目１６番地の６,6610002
4140001110103,メディアテック順正株式会社,兵庫県,尼崎市,武庫之荘２丁目２５番１号,6610035
4140001110383,株式会社宝柾工業,兵庫県,尼崎市,北大物町２０番１６号,6600804
4140001110441,株式会社日本複合材,兵庫県,尼崎市,御園１丁目２１番２６号,6610984
4140001110540,株式会社０３６,兵庫県,尼崎市,七松町１丁目３番２−１９０２号,6600052
4140001111010,株式会社ＧＡＳｍｉｌｅ,兵庫県,尼崎市,三反田町３丁目４番６−１号,6610024
4140001111134,株式会社谷口スプリング製作所,兵庫県,尼崎市,久々知３丁目２２番３４号,6610977
4140001111308,株式会社福田工業,兵庫県,尼崎市,椎堂１丁目１６番４２−２号,6610952
4140001111332,株式会社Ｉ＆Ｍ,兵庫県,尼崎市,南塚口町７丁目２２番８−４０８号,6610012
4140001111588,ジョイ・ブロッサム株式会社,兵庫県,尼崎市,南清水３７番１号,6610985
4140001111613,株式会社大和建装,兵庫県,尼崎市,上ノ島町１丁目３４番２４号ＣａｓａＶｅｒｄｅＢ号,6610014
4140001111695,株式会社Ｔアプリ,兵庫県,尼崎市,武庫之荘９丁目３６番２６号１０１号室,6610035
4140001111803,株式会社メタリアン,兵庫県,尼崎市,築地５丁目５番７号,6600858
4140001112000,株式会社エフワイテック,兵庫県,尼崎市,道意町１丁目４３番地,6600083
4140001112223,株式会社ミネルバ,兵庫県,尼崎市,南塚口町３丁目７番９号,6610012
4140001112322,関西インターナショナル人財開発株式会社,兵庫県,尼崎市,昭和南通５丁目６９−１アミックビル,6600882
4140001112339,株式会社マエダ,兵庫県,尼崎市,西長洲町２丁目１３−５−２０５,6600805
4140001112454,株式会社ファーマシーホンポ,兵庫県,尼崎市,御園町２４番地尼崎第一ビル４０２号,6600861
4140001112719,株式会社阪神製袋,兵庫県,尼崎市,神崎町３０−２０,6610964
4140001112859,株式会社フクロウ,兵庫県,尼崎市,道意町６丁目２９−１８,6600083
4140001113064,株式会社ジョニーの工務店,兵庫県,尼崎市,武庫町１丁目５０番６号,6610044
4140001113139,潮住建株式会社,兵庫県,尼崎市,潮江１丁目３４番３号,6610976
4140001113279,株式会社剛,兵庫県,尼崎市,武庫元町１丁目２１番１４号,6610043
4140001113386,株式会社樹建築,兵庫県,尼崎市,東園田町９丁目９番１号,6610953
4140001113403,株式会社七施,兵庫県,尼崎市,三反田町３丁目４番１５号１０２号室,6610024
4140001113460,マナマハウジング株式会社,兵庫県,尼崎市,南塚口町２丁目１４番２号,6610012
4140001113519,株式会社Ｄ−Ｐｒｏｔｅｃｔ,兵庫県,尼崎市,塚口町３丁目３８−５,6610002
4140001113650,グローバルソリューション株式会社,兵庫県,尼崎市,南塚口町２丁目１３−１２,6610012
4140001113725,株式会社ＤＡＩＳＨＩＮホールディングス,兵庫県,尼崎市,大西町３丁目２番２９号,6610023
4140001113774,株式会社アルファテクノ,兵庫県,尼崎市,金楽寺町１丁目５−１−６０３号,6600806
4140001113881,アイエイリアルティ株式会社,兵庫県,尼崎市,七松町３丁目１７番２０号エクセルコートＩＩ,6600052
4140001114228,株式会社フルハート,兵庫県,尼崎市,元浜町３丁目４６番地の１３,6600085
4140001114327,株式会社ｒｅｉｎｅ,兵庫県,尼崎市,御園町３５−２Ｆ,6600861
4140001114509,株式会社ＭＤＡ,兵庫県,尼崎市,武庫豊町３丁目１番４１−２号,6610045
4140001114590,株式会社三葉,兵庫県,尼崎市,西本町６丁目２６番地,6600874
4140001114608,株式会社美創,兵庫県,尼崎市,久々知西町２丁目４番１５−７１７号,6610978
4140001114764,株式会社マリンファースト,兵庫県,尼崎市,金楽寺町２丁目２４番１１号,6600806
4140001115119,中央ソリューション株式会社,兵庫県,尼崎市,立花町３丁目７番２０号ウエストリバーＴＪ４０２号,6610025
4140001115325,株式会社オールドルーキー,兵庫県,尼崎市,次屋１丁目１４番１０号,6610965
4140001115416,株式会社中村技研サービス,兵庫県,尼崎市,神崎町１６番３号,6610964
4140001115721,株式会社ファイブサービス,兵庫県,尼崎市,瓦宮１丁目１３番３１−２号,6610971
4140001115770,やまと機工株式会社,兵庫県,尼崎市,西長洲町３丁目１番６０号,6600805
4140001116034,株式会社神田機工店,兵庫県,尼崎市,神田南通３丁目７５番地,6600885
4140001116042,ユウセイ株式会社,兵庫県,尼崎市,久々知２丁目２５番９−２０３号,6610977
4140001116174,川島電気株式会社,兵庫県,尼崎市,猪名寺１丁目３５番１号,6610981
4140001116182,ＴＧＳホールディングス株式会社,兵庫県,尼崎市,元浜町５丁目８６番地,6600085
4140001116257,株式会社Ｈ．Ｅ,兵庫県,尼崎市,塚口本町２丁目３４番９号,6610001
4140001116281,株式会社ＭＩＹＡＢＩ,兵庫県,尼崎市,南武庫之荘３丁目２３番２０号メゾン南武庫１０２号,6610033
4140001116307,Ｌｉｎｋ設備株式会社,兵庫県,尼崎市,杭瀬北新町３丁目６番１１号,6600815
4140001116331,株式会社富修,兵庫県,尼崎市,富松町３丁目９番２８号,6610003
4140001116348,株式会社ＫＫＲＭＳ,兵庫県,尼崎市,浜田町４丁目６１−７,6600062
4140001116389,株式会社カイヤ,兵庫県,尼崎市,南武庫之荘１丁目３番１号,6610033
4140001116406,株式会社クリエート,兵庫県,尼崎市,南武庫之荘２丁目１８番２２号パラツィーナ武庫之荘１０５,6610033
4140001116455,株式会社笠原工業,兵庫県,尼崎市,南七松町１丁目３番１８−１０２号,6600053
4140001116554,株式会社美瑞,兵庫県,尼崎市,尾浜町３丁目２８番２４号Ａ,6610022
4140001116653,株式会社ＢＲＥＤ,兵庫県,尼崎市,水堂町１丁目２０番２号,6610026
4140001116827,株式会社クウォンタムプロパティ,兵庫県,尼崎市,東園田町４丁目９６−６Ｓビルディング２０２,6610953
4140001117024,株式会社ワンネス,兵庫県,尼崎市,次屋２丁目１番４３号,6610965
4140001117180,株式会社Ｋｏｅｉ,兵庫県,尼崎市,琴浦町１４番地の２,6600074
4140001117296,株式会社ＡＲＡＭＡＫＩ,兵庫県,尼崎市,昭和通３丁目９０番地１,6600881
4140001117437,櫻井工業株式会社,兵庫県,尼崎市,元浜町１丁目８番地の２,6600085
4140001117544,株式会社サンテック,兵庫県,尼崎市,西長洲町１丁目８番２３号,6600805
4140001117742,株式会社ＣＨＥＥＲＺ　ＮＥＸＴ,兵庫県,尼崎市,久々知西町２丁目１３番１１号,6610978
4140001117759,株式会社プライベートサウス,兵庫県,尼崎市,御園町２４番地尼崎第一ビル４０２号,6600861
4140001117899,インフォキャリア株式会社,兵庫県,尼崎市,昭和南通９丁目２４１番,6600882
4140001117916,株式会社蒲生商会,兵庫県,尼崎市,北竹谷町１丁目２２番地の１,6600878
4140001118055,株式会社ＨＹ,兵庫県,尼崎市,下坂部４丁目８番１号,6610975
4140001118096,天永土建株式会社,兵庫県,尼崎市,戸ノ内町３丁目３２−１１,6610961
4140001118138,株式会社ゴダイ,兵庫県,尼崎市,杭瀬南新町１丁目７番１２号,6600822
4140001118162,株式会社Ｎスタイルハウジング,兵庫県,尼崎市,崇徳院１丁目１０番１号,6600071
4140001118328,ＰＬＵＳＣ株式会社,兵庫県,尼崎市,南武庫之荘３丁目２４番２０号,6610033
4140001118468,ファーストペンギン株式会社,兵庫県,尼崎市,東大物町２丁目２番２２号,6600828
4140001118856,株式会社イリス・アール,兵庫県,尼崎市,南塚口町８丁目１６番３号,6610012
4140001118939,株式会社エボシ,兵庫県,尼崎市,大庄西町１丁目３１番２８号,6600077
4140001118963,株式会社夢未来,兵庫県,尼崎市,東難波町５丁目２７番１７−１００１号,6600892
4140001119193,永一商事株式会社,兵庫県,尼崎市,上坂部１丁目８番１−８０８号,6610979
4140001119466,株式会社ネクスト・エス,兵庫県,尼崎市,元浜町５丁目４７番地,6600085
4140001119499,株式会社Ｔｉａｒａ,兵庫県,尼崎市,東難波町５丁目１０番１２号,6600892
4140001119532,株式会社８,兵庫県,尼崎市,瓦宮２丁目３４番６号,6610971
4140001119680,高山税務システム株式会社,兵庫県,尼崎市,東塚口町１丁目１５番１−１５０２号,6610011
4140001119714,株式会社真優,兵庫県,尼崎市,常光寺２丁目５番１６号,6600811
4140001119945,花咲電工株式会社,兵庫県,尼崎市,東向島西之町１番地,6600856
4140001120127,株式会社シノハラ機設,兵庫県,尼崎市,田能６丁目９番１５−１号,6610951
4140001120358,株式会社ＬＩＦＴＩＮＧ,兵庫県,尼崎市,富松町１丁目２０番６号,6610003
4140001120416,株式会社タッチアップ,兵庫県,尼崎市,上坂部３丁目１１番１号１３１３号室,6610979
4140001120663,株式会社ＭＩＫ,兵庫県,尼崎市,上坂部１丁目８番１−１５２４号,6610979
4140001120705,株式会社Ｍａｉｓｏｎ　Ｒｅｖｅ,兵庫県,尼崎市,長洲東通１丁目９番３５号,6600801
4140001121001,照屋設備工業株式会社,兵庫県,尼崎市,大庄中通２丁目１１番３号,6600075
4140001121067,株式会社ドリームホーム,兵庫県,尼崎市,武庫元町１丁目４番１１号,6610043
4140001121199,新生設備株式会社,兵庫県,尼崎市,長洲東通１丁目３番９号,6600801
4140001121488,ネクスト・イノヴェーション株式会社,兵庫県,尼崎市,長洲東通１丁目１５番１７号,6600801
4140001121513,株式会社プラス１サポート,兵庫県,尼崎市,塚口町５丁目３９番地の６,6610002
4140001121769,ｍａｉｓｏｎ　ｄｅ　ＧＯＤ株式会社,兵庫県,尼崎市,宮内町１丁目３４番地セルジュＹＳ出屋敷６０４号,6600877
4140001121810,東濱伝株式会社,兵庫県,尼崎市,長洲中通３丁目１２番８号,6600802
4140001121819,株式会社心成,兵庫県,尼崎市,尾浜町３丁目２番１９号,6610022
4140001121876,電創ＷＯＲＫＳ株式会社,兵庫県,尼崎市,上ノ島町２丁目１０番６号,6610014
4140001121926,吉本株式会社,兵庫県,尼崎市,塚口町６丁目８番地の６−１０３号,6610002
4140001121959,株式会社Ｆ．Ｂ．ｗｏｒｋｓ,兵庫県,尼崎市,東園田町１丁目２０３番地の１−２０１,6610953
4140001122040,田中商事株式会社,兵庫県,尼崎市,善法寺町２１番１７号,6610973
4140001122156,株式会社Ｎｅｘｔ　ｓｔａｇｅ,兵庫県,尼崎市,杭瀬南新町１丁目１番２２号,6600822
4140001122643,株式会社黒葛野,兵庫県,尼崎市,口田中１丁目１番２４号,6610983
4140001122701,株式会社エンビー,兵庫県,尼崎市,神崎町２−１３−１０１号室,6610964
4140001122718,株式会社プレリンク,兵庫県,尼崎市,水堂町２丁目１３番１９号,6610026
4140001122940,株式会社トナカイの木,兵庫県,尼崎市,南武庫之荘４丁目６番２１号,6610033
4140001123146,株式会社ウリア,兵庫県,尼崎市,武庫之荘本町３丁目１０番１８号,6610031
4140001123286,ムサシノ建築工房株式会社,兵庫県,尼崎市,戸ノ内町５丁目５番３号,6610961
4140001123294,株式会社レインズ,兵庫県,尼崎市,宮内町１丁目２番地の１７,6600877
4140001123369,株式会社三裕,兵庫県,尼崎市,尾浜町１丁目２８番２３号,6610022
4140001123377,株式会社Ｍ−ＴＥＣＨ,兵庫県,尼崎市,小中島２丁目３番２４号,6610972
4140001123583,株式会社モタナ,兵庫県,尼崎市,東園田町５丁目１０９番地の２１,6610953
4140001123807,株式会社リベロ,兵庫県,尼崎市,神崎町２−１３−１０１号室,6610964
4140001123880,株式会社Ｔ‐ａｃｔ,兵庫県,尼崎市,西長洲町３丁目１−１,6600805
4140001124284,フィデリティセンター株式会社,兵庫県,尼崎市,御園町２４番地尼崎第一ビル４０２号,6600861
4140001124375,ＴＫＭ株式会社,兵庫県,尼崎市,武庫之荘１丁目１２番１４号,6610035
4140001124391,ヨージン株式会社,兵庫県,尼崎市,下坂部２丁目２９番１６号,6610975
4140001124540,ＴＳＡ株式会社,兵庫県,尼崎市,南塚口町８丁目１４番３０−２号,6610012
4140001124664,株式会社中山建設,兵庫県,尼崎市,瓦宮２丁目３１番５号イーグルハイツＩＩＩ１Ｆ,6610971
4140001124904,株式会社よつば,兵庫県,尼崎市,戸ノ内町２丁目１１番５号,6610961
4140001124953,ＧＥＳプランニング株式会社,兵庫県,尼崎市,武庫之荘西２丁目４５番１号,6610034
4140001125019,株式会社ＩＯＲＩＴＥＮ,兵庫県,尼崎市,南武庫之荘７丁目２２番１５号ソレイユ南武庫之荘１０３,6610033
4140001125027,映機ジャパン株式会社,兵庫県,尼崎市,東園田町４丁目１６２番地１コスモフラット東園田２階２０２号,6610953
4140001125373,鴻鵠マネジメント株式会社,兵庫県,尼崎市,南塚口町１丁目１９番７号,6610012
4140001125670,プライムアセット株式会社,兵庫県,尼崎市,御園町２４番地尼崎第一ビル４０２号,6600861
4140001125720,株式会社グリーンアイズ,兵庫県,尼崎市,昭和南通５丁目６９−１アミックビル,6600882
4140001125745,株式会社Ｌｉｖｅ　Ｃｒｅａｔｅ,兵庫県,尼崎市,椎堂１丁目８番９号,6610952
4140001125893,株式会社ＴＳＣ,兵庫県,尼崎市,西昆陽３丁目３１−２４−２,6610047
4140001125951,ｍｉｘｗｅｌｌ株式会社,兵庫県,尼崎市,立花町２丁目８番２２号スクエアガーデン立花１０１号室,6610025
4140001126090,株式会社Ｌｉｇｈｔ　ｅｓｔａｔｅ,兵庫県,尼崎市,瓦宮１丁目９番２４号ＵＴレジデンス園田３Ｆ,6610971
4140001126108,株式会社イーセレンド,兵庫県,尼崎市,東難波町３丁目１０−２０,6600892
4140001126280,株式会社和幸,兵庫県,尼崎市,道意町１丁目４３,6600083
4140001126330,株式会社すずらんフードインベスト,兵庫県,尼崎市,西立花町２丁目７番１号,6600054
4140001126933,株式会社ライオンズゲート,兵庫県,尼崎市,西昆陽１丁目２１番１１号,6610047
4140001127329,株式会社平野溶工,兵庫県,尼崎市,南武庫之荘１２丁目２０番４０号,6610033
4140001127460,株式会社ＬＩＧＨＴ　ＦＯＯＴ,兵庫県,尼崎市,南初島町８番地の２０,6600833
4140001127543,株式会社ランクル,兵庫県,尼崎市,崇徳院２丁目１８番地の１７,6600071
4140001127634,株式会社Ｒｅｓｐｅｃｔ,兵庫県,尼崎市,北大物町９番１４−１号,6600804
4140001127790,株式会社Ａ‐ｓｋｙ　Ｍｅｄｉｃａｌ,兵庫県,尼崎市,東園田町５丁目５６番地の１,6610953
4140001127907,ＦＬＯＷ．ｉｎｃ．株式会社,兵庫県,尼崎市,西昆陽３丁目４番２８号,6610047
4140001128104,株式会社ＮＡコーポレーション,兵庫県,尼崎市,築地２丁目１１番３号,6600858
4140001128368,株式会社結架職,兵庫県,尼崎市,塚口本町３丁目３２番２０号ロイヤルハイツつかしん５０７号室,6610001
4140001128401,高谷興産株式会社,兵庫県,尼崎市,南塚口町８丁目１４番２４号,6610012
4140001128871,株式会社フォース,兵庫県,尼崎市,神田中通４丁目１１６番地,6600884
4140001129218,株式会社インテライズ,兵庫県,尼崎市,善法寺町８番２５−１０８号,6610973
4140001129358,Ｅ‐Ｇｌａｎｚ株式会社,兵庫県,尼崎市,久々知３丁目５番１１号,6610977
4140001129416,株式会社Ｒａｉｓｅ,兵庫県,尼崎市,下坂部２丁目１８番１２号,6610975
4140001129589,株式会社ＴＥＮＴ,兵庫県,尼崎市,神田中通９丁目２８２−１１,6600884
4140001129754,株式会社ｃａｄｏｄｅ,兵庫県,尼崎市,上坂部３丁目３−１１,6610979
4140001129779,株式会社ウエカドスポーツ,兵庫県,尼崎市,南武庫之荘３丁目３６番１２号,6610033
4140001129853,株式会社ヒロ,兵庫県,尼崎市,七松町１丁目９−５,6600052
4140001129960,株式会社Ｓ．ＣｒｅａｔｅＳｅｒｖｉｃｅ,兵庫県,尼崎市,大庄北３丁目１４番２５号,6600063
4140001129969,株式会社土間道,兵庫県,尼崎市,常吉１丁目３番１５−１１０号,6610042
4140001130051,Ｄ．Ｎａｒｔ．Ａｍｐｔａ株式会社,兵庫県,尼崎市,食満３丁目１４−４,6610982
4140001130101,株式会社ＦＲＰホリテック,兵庫県,尼崎市,若王寺１丁目１１番１１−１０２号,6610974
4140001130150,株式会社ＧＲＡＩＮＣＡ,兵庫県,尼崎市,下坂部３丁目１０番２５号,6610975
4140001130225,株式会社かりゆし,兵庫県,尼崎市,南武庫之荘２丁目８番１号ルネ武庫之荘１０５号,6610033
4140001130794,株式会社清松,兵庫県,尼崎市,水堂町４丁目１８番１４号,6610026
4140001130927,東源株式会社,兵庫県,尼崎市,潮江３丁目２２番２５号,6610976
4140001131660,株式会社てぃーぐるぅぷ,兵庫県,尼崎市,戸ノ内町３丁目６番１８号,6610961
4140001131702,優衣株式会社,兵庫県,尼崎市,南塚口町８丁目３９番８号,6610012
4140001131883,株式会社ｍｏｚａｉｃ,兵庫県,尼崎市,長洲西通１丁目１番１０号ＪＲ尼崎駅前南西ビル,6600807
4140001131925,柳川工業株式会社,兵庫県,尼崎市,稲葉元町１丁目２番３号,6600055
4140001131941,株式会社幸栄電業,兵庫県,尼崎市,南塚口町３丁目１番３０号,6610012
4140001131958,Ｂｅ　ａ　Ｇｉｖｅｒ株式会社,兵庫県,尼崎市,常松２丁目８番７号,6610046
4140001131990,ホクシンカンパニー株式会社,兵庫県,尼崎市,潮江５丁目９番１号,6610976
4140001132015,株式会社エトゥールグループホールディングス,兵庫県,尼崎市,崇徳院３丁目５２番地２,6600071
4140001132023,株式会社イチノセインターナショナル,兵庫県,尼崎市,南武庫之荘９丁目１１番３６号,6610033
4140001132114,メルクリエイト株式会社,兵庫県,尼崎市,七松町１丁目８番２２号３０２号,6600052
4140001132139,株式会社オーアンドティー,兵庫県,尼崎市,宮内町１丁目２０番地,6600877
4140001132155,株式会社技研テック,兵庫県,尼崎市,金楽寺町２丁目２０番３０号,6600806
4140001132254,ＶＴＥＣジャパン株式会社,兵庫県,尼崎市,西難波町４丁目６番２６号ＺＥＲＯビル,6600893
4140001132378,株式会社光蓮,兵庫県,尼崎市,西難波町５丁目１４番１１号,6600893
4140001132411,株式会社ｃｈｕｒｉａ,兵庫県,尼崎市,次屋２丁目２８番１８号,6610965
4140001132691,株式会社Ａｌｉｖｉｏ,兵庫県,尼崎市,善法寺町６番１２−４１０号,6610973
4140001132782,Ｍｐｌａｎｎｉｎｇ株式会社,兵庫県,尼崎市,杭瀬本町１丁目６番１７号３０２,6600814
4140001132816,株式会社スミスマシンツール,兵庫県,尼崎市,戸ノ内町６丁目９番３号３０２号,6610961
4140001133013,株式会社ＢＢ　Ｓｐｏｒｔｓ,兵庫県,尼崎市,南武庫之荘３丁目２５番１０号２階,6610033
4140001133211,株式会社コネクトダイニング,兵庫県,尼崎市,崇徳院３丁目５２番地２,6600071
4140001133632,和合洋株式会社,兵庫県,尼崎市,東難波町５丁目１３番１４号,6600892
4140001133640,ケーワイ電装株式会社,兵庫県,尼崎市,西長洲町３丁目７−４６,6600805
4140001133715,株式会社ＴＲＵＳＴ,兵庫県,尼崎市,尾浜町１丁目２９番８号２号室,6610022
4140001134184,株式会社ＹＵＫＵＹＯ,兵庫県,尼崎市,栗山町１丁目２３番３２−１０２号,6610013
4140001134234,株式会社ペコ,兵庫県,尼崎市,道意町６丁目１−４０５,6600083
4140001134325,中電光株式会社,兵庫県,尼崎市,武庫豊町３丁目１２番６−５１３号,6610045
4140001134688,株式会社天正ホーム,兵庫県,尼崎市,東園田町４丁目９６−６,6610953
4140001134795,株式会社桜．すまいる,兵庫県,尼崎市,武庫川町４丁目９８番地の１６,6600084
4140001135034,株式会社アーバンルーフ,兵庫県,尼崎市,若王寺２丁目９番１０号,6610974
4140001135356,株式会社ＰＵＲＥ,兵庫県,尼崎市,若王寺１丁目２番２５号,6610974
4140001135471,株式会社ヴェントス,兵庫県,尼崎市,南武庫之荘２丁目６番５号小川ビル３階,6610033
4140001135620,グリーンリーフホーム株式会社,兵庫県,尼崎市,七松町２丁目４番１３号鎌谷ビル２階,6600052
4140001135769,株式会社ＭＩＵ　ｐｌｕｓ,兵庫県,尼崎市,次屋１丁目１４番６号,6610965
4140001135884,株式会社幸産業開発,兵庫県,尼崎市,汐町５２番地ＯＡマンション２０２号,6600866
4140001135975,株式会社トラストサービス,兵庫県,尼崎市,田能４丁目１７番５０−１１４号,6610951
4140001135983,株式会社ＡＫＲ建設,兵庫県,尼崎市,南武庫之荘７丁目６番１０−２０２号,6610033
4140001136049,株式会社ＣＨＡＴ　ＨＯＵＳＥ,兵庫県,尼崎市,上ノ島町１丁目２８番４号,6610014
4140001136230,株式会社Ａ　ＫＮＯＴ,兵庫県,尼崎市,塚口本町６丁目１０番８号,6610001
4140001136585,株式会社ＹＳコーポレーション,兵庫県,尼崎市,南塚口町２丁目１８番１４号,6610012
4140001137039,ウツミ設備株式会社,兵庫県,尼崎市,南塚口町６丁目１番２３号,6610012
4140001137121,株式会社ルックみらいＪａｐａｎ,兵庫県,尼崎市,瓦宮１丁目７番３−１号,6610971
4140001137220,西米株式会社,兵庫県,尼崎市,名神町２丁目９番３６号３０５号室,6610021
4140001137419,エムズアセット株式会社,兵庫県,尼崎市,塚口町６丁目１９番地の５・３０７,6610002
4140001137435,株式会社なかの屋,兵庫県,尼崎市,若王寺２丁目４０番１０号,6610974
4140001137567,ラィヒトゥーム株式会社,兵庫県,尼崎市,道意町６丁目２９番地の６,6600083
4140001137716,株式会社Ｇｌｏｂａｌ　Ｂｏｎｄ　Ｅｎｇｉｎｅｅｒｉｎｇ,兵庫県,尼崎市,武庫元町３丁目５番１４−１０３号,6610043
4140001137757,株式会社ＭｅｘＹｏｕ．,兵庫県,尼崎市,南塚口町７丁目１６番１７号,6610012
4140001137765,株式会社日本ＥＭＣ,兵庫県,尼崎市,水明町２番地３号,6600082
4140001137773,株式会社阪神化工製作所,兵庫県,尼崎市,潮江４丁目１番１０号,6610976
4140001138136,株式会社ミル,兵庫県,尼崎市,潮江１丁目２１番１号アミング潮江イーストＡ１棟３０１号室,6610976
4140001138375,株式会社サバイブル,兵庫県,尼崎市,潮江２丁目３９番２８号,6610976
4140001138482,株式会社ＳＥＡＬｓ,兵庫県,尼崎市,立花町１丁目２２番２０号Ｒｉｃｈ・Ｌｅａｆ２、１０２号室,6610025
4140001138623,ジーエス株式会社,兵庫県,尼崎市,南塚口町２丁目１３番１２号２Ｆ,6610012
4140001138714,株式会社サンリョウ,兵庫県,尼崎市,南七松町１丁目１４番９号,6600053
4140001138722,株式会社ＥＸＲ‐１４,兵庫県,尼崎市,東園田町５丁目９６番地の１,6610953
4140001138879,ＫＤＩＨＤ株式会社,兵庫県,尼崎市,水堂町４丁目２番２２号,6610026
4140001139043,株式会社ＮＫ,兵庫県,尼崎市,武庫町１丁目４５番１号,6610044
4140001139365,グローストラスト株式会社,兵庫県,尼崎市,東園田町７丁目６番地の１レピア東園田ＥＡＳＴ３０９号,6610953
4140001140026,株式会社ＨｉｔｏＰｒｏ,兵庫県,尼崎市,東塚口町１丁目１番２４号２Ｆ,6610011
4140001140034,株式会社西神設備,兵庫県,尼崎市,久々知２丁目１２番８号,6610977
4140001140109,株式会社Ｋ＆Ｒ,兵庫県,尼崎市,若王寺２丁目１７番１５−３０２号,6610974
4140001140117,株式会社ＴＯ‐ＷＡ,兵庫県,尼崎市,南武庫之荘１１丁目８番１９−０１３号,6610033
4140001140133,株式会社Ｃｒａｆｔ,兵庫県,尼崎市,塚口本町６丁目４番４号,6610001
4140001140249,株式会社トラストリンク,兵庫県,尼崎市,長洲中通３丁目１８番５号ハイツ大武２０２,6600802
4140001140447,株式会社Ｓｕｎ　Ａｃｅ,兵庫県,尼崎市,大庄北２丁目５番１号,6600063
4140001140793,株式会社ＳＨＩＮＫＯ,兵庫県,尼崎市,長洲本通１丁目４番１８号,6600803
4140001140835,株式会社ＦｅｌｉｚＳｔｙｌｅ,兵庫県,尼崎市,水堂町３丁目１８番１７−２０３号,6610026
4140001141081,萬屋作兵衛商店株式会社,兵庫県,尼崎市,開明町１丁目１７番地,6600862
4140001141148,株式会社光建走,兵庫県,尼崎市,武庫之荘４丁目２４番１３号２０４号,6610035
4140001141164,ＡＺプライベートエクイティ株式会社,兵庫県,尼崎市,南塚口町２丁目１番３−６０９号,6610012
4140001141759,ＣＲＯＳＳ株式会社,兵庫県,尼崎市,南武庫之荘２丁目１７番２０号２０１,6610033
4140001141908,リブネクストパートナーズ株式会社,兵庫県,尼崎市,塚口町１丁目１３番地の８サウザンド塚口２Ｆ,6610002
4140001141981,株式会社天ぷらやまもと,兵庫県,尼崎市,御園町２７番地の３さきタワーサンクタス尼崎駅前２７０７,6600861
4140001142146,株式会社ＹＵＬＩＤ,兵庫県,尼崎市,杭瀬南新町４丁目１５番１６号,6600822
4140001142245,秋晨株式会社,兵庫県,尼崎市,南塚口町５丁目１番９−３０４号,6610012
4140001142336,株式会社ＯＲＴＩＡ,兵庫県,尼崎市,築地５丁目８−１２,6600858
4140001142369,ＰＥＬＬＩＣＵＬＥ株式会社,兵庫県,尼崎市,塚口町４丁目３３番地の６５,6610002
4140001142410,株式会社Ｖａｔｔｅｒｙ,兵庫県,尼崎市,常光寺３丁目３番３号,6600811
4140001142419,ＳＡＨＥＬ　ＡＦＲＩＣＡ株式会社,兵庫県,尼崎市,西難波町２丁目１５番１号ルネシルク２０２,6600893
4140002030085,株式会社日本セーフティ,兵庫県,尼崎市,水明町１番地,6600082
4140002040019,株式会社ウィズ,兵庫県,尼崎市,玄番北之町２６番１−２１３号,6600872
4140002040349,株式会社ＯＨＡＭＡ,兵庫県,尼崎市,久々知西町１丁目９−１１,6610978
4140002040927,株式会社しののめ管財,兵庫県,尼崎市,南武庫之荘３丁目２５番５号,6610033
4140002041512,株式会社大雄興建,兵庫県,尼崎市,南初島町８番地の３４,6600833
4140002041925,株式会社中村創建,兵庫県,尼崎市,次屋３丁目６番５６号,6610965
4140002042213,株式会社ソシエ,兵庫県,尼崎市,立花町１丁目９番２３号,6610025
4140002043005,山手物流株式会社,兵庫県,尼崎市,常松１丁目２１番５号,6610046
4140002043392,株式会社ケア・ワーク,兵庫県,尼崎市,七松町３丁目３番１０号ＴＫビル２階,6600052
4140002043500,株式会社ライン,兵庫県,尼崎市,南塚口町１丁目６番９号塚口ビル３階,6610012
4140002043888,株式会社勇気,兵庫県,尼崎市,神田中通５丁目１８２番地,6600884
4140002045216,株式会社幸容,兵庫県,尼崎市,大島１丁目８番６号,6600076
4140002045372,株式会社ツーワン,兵庫県,尼崎市,猪名寺２丁目２番５号,6610981
4140002045728,株式会社Ｇａｉｎｅｒｚ,兵庫県,尼崎市,稲葉元町２丁目１８番１２号,6600055
4140002060157,株式会社イースター式典社,兵庫県,尼崎市,杭瀬本町１丁目２番５号グラシアスコート３階,6600814
4140002060652,ＮＰトレード株式会社,兵庫県,尼崎市,元浜町１丁目１番地の４,6600085
4150001018147,大程株式会社,兵庫県,尼崎市,西難波町１丁目１０−４,6600893
4250001000821,株式会社ジェイ・ワイ・ケイ・インターナショナル,兵庫県,尼崎市,神田北通２丁目１７−４０４,6600883
4480001006936,阿波土建株式会社,兵庫県,尼崎市,塚口町３丁目２０番地の８,6610002
4480001009856,オオノ株式会社,兵庫県,尼崎市,西長洲町２丁目３２番３号,6600805
5010001182468,株式会社ポトスセミコンダクタ,兵庫県,尼崎市,道意町７丁目１番３号,6600083
5010001213727,株式会社ＹＯＵＮＧ　ＡＳＩＡ,兵庫県,尼崎市,猪名寺２丁目６番５号,6610981
5011101092103,株式会社ジェンティーレ,兵庫県,尼崎市,大島２丁目４−２１大島南ライゼホビー８号,6600076
5020001165050,株式会社ＷＢ　Ｓｃｏｏｐ,兵庫県,尼崎市,猪名寺１丁目１８番８号,6610981
5030001142874,株式会社Ｆａａ．ｄｃｔ,兵庫県,尼崎市,七松町１丁目３−１−８０７,6600052
5120001002499,株式会社福井しすてむさーびす,兵庫県,尼崎市,潮江１丁目２０番１号３０２Ｃ,6610976
5120001003761,株式会社サントラ,兵庫県,尼崎市,昭和通９丁目３２２イケダビル２０３,6600881
5120001003778,株式会社玉出マツヤデンキ,兵庫県,尼崎市,西難波町６丁目１３番２６号,6600893
5120001021821,株式会社ミヤコ工芸社,兵庫県,尼崎市,次屋３丁目１４番３０号,6610965
5120001022282,五十鈴ゴム株式会社,兵庫県,尼崎市,潮江５丁目４番５０号,6610976
5120001024766,ニッセキ株式会社,兵庫県,尼崎市,西難波町１丁目５番７号,6600893
5120001034377,ウラタ建装株式会社,兵庫県,尼崎市,塚口町５丁目２７番地の３,6610002
5120001034526,株式会社オードレマン,兵庫県,尼崎市,武庫之荘３丁目１番１号,6610035
5120001060407,株式会社アメフレック,兵庫県,尼崎市,水堂町２丁目４０番１０号,6610026
5120001066065,株式会社センターリース,兵庫県,尼崎市,上坂部２丁目２番３６号,6610979
5120001083449,大新工業株式会社,兵庫県,尼崎市,次屋３丁目３番３号,6610965
5120001093497,株式会社コネクト,兵庫県,尼崎市,戸ノ内町６丁目８番５号,6610961
5120001109006,株式会社インターテックメディカルズ,兵庫県,尼崎市,西難波町４丁目６番２６−５１５号,6600893
5120001111399,株式会社クボタ建設,兵庫県,尼崎市,浜１丁目１番１号,6610967
5120001111647,Ｅｍｉｓｓｉｏｎ株式会社,兵庫県,尼崎市,開明町２丁目１１番地,6600862
5120001124566,株式会社Ｒｕｍ,兵庫県,尼崎市,昭和南通４丁目５９番地,6600882
5120001125052,株式会社離宮,兵庫県,尼崎市,武庫之荘１丁目１３番１５−５０１号,6610035
5120001125985,新阪神印刷株式会社,兵庫県,尼崎市,南武庫之荘２丁目１８−２２−１０２,6610033
5120001127503,株式会社エステクノ,兵庫県,尼崎市,戸ノ内町３丁目２８番３号,6610961
5120001128757,株式会社オールフィット,兵庫県,尼崎市,武庫豊町３丁目２番２５−１１２号,6610045
5120001129037,株式会社Ｔ企画,兵庫県,尼崎市,潮江５丁目２番１−９３３号,6610976
5120001130250,株式会社ウイズダムマネジメント,兵庫県,尼崎市,武庫之荘１丁目２５番１号,6610035
5120001130432,株式会社トラスト・システム,兵庫県,尼崎市,昭和通９丁目３３２番地Ｈ・ＬＡＢＯ・ｂｌｄｇ,6600881
5120001132569,株式会社セキシン,兵庫県,尼崎市,上ノ島町３丁目７番１２号,6610014
5120001133138,住化コベストロウレタン株式会社,兵庫県,尼崎市,久々知３丁目１３番２６号,6610977
5120001133204,株式会社アンセルコンサルタンツトラスト,兵庫県,尼崎市,南塚口町１丁目２６−２５−１０１,6610012
5120001139052,新興ロータリーサービス株式会社,兵庫県,尼崎市,南初島町８番地の８０,6600833
5120001154365,株式会社ライズ,兵庫県,尼崎市,久々知１丁目７番１３号,6610977
5120001161460,株式会社ＫＢＳエンタープライズ,兵庫県,尼崎市,富松町３丁目１番５号,6610003
5120001165619,株式会社リーフカンパニー,兵庫県,尼崎市,南武庫之荘１丁目６番１３号,6610033
5120001166641,ＩＤＦＣ株式会社,兵庫県,尼崎市,南塚口町４丁目１番５３号,6610012
5120001166674,株式会社順皇堂,兵庫県,尼崎市,東難波町５丁目３−１３,6600892
5120001170288,アペックスマイワールド株式会社,兵庫県,尼崎市,長洲中通３丁目１６番１９号,6600802
5120001171468,株式会社みらい苑,兵庫県,尼崎市,東海岸町３８番地,6600843
5120001173555,株式会社ＫＨカンパニー,兵庫県,尼崎市,神田中通７丁目２４６番地,6600884
5120001179569,株式会社イチエー,兵庫県,尼崎市,東園田町６丁目４８番地の３,6610953
5120001179791,株式会社暁,兵庫県,尼崎市,昭和通４丁目１２７番地,6600881
5120001182077,株式会社スマイルライフ,兵庫県,尼崎市,大庄川田町１番地の２,6600072
5120001184230,株式会社Ｇｅｅｋ　Ｓｔｙｌｅ　Ｊａｐａｎ,兵庫県,尼崎市,七松町１丁目２０−２３ＡＫＣビル３Ｆ,6600052
5120001205515,株式会社ほっこり,兵庫県,尼崎市,西難波町５丁目５番３５号,6600893
5120001205721,株式会社サンエネルギー,兵庫県,尼崎市,昭和南通８丁目２１６番地の２−８０２,6600882
5120001219639,株式会社あしおと訪問介護ステーション,兵庫県,尼崎市,建家町１１２号クラシェス尼崎１Ｆ,6600871
5120001226123,株式会社ｉ,兵庫県,尼崎市,南武庫之荘２丁目１０番３３号武庫之荘三栄ビル３Ｆ,6610033
5120001226461,株式会社クアッド,兵庫県,尼崎市,杭瀬寺島１丁目１番１号,6600813
5120001227922,株式会社Ｙｏｕ　ｃａｎ　ｃｏｍｍｕ　ｃｏｍｍｕ,兵庫県,尼崎市,大庄西町４丁目８−１０−２１８,6600077
5120001228499,株式会社Ｍ．Ｕコーポレーション,兵庫県,尼崎市,立花町３丁目６番８号−Ａ,6610025
5120001228664,株式会社ＥＮ,兵庫県,尼崎市,尾浜町３丁目３１番９号,6610022
5120001232583,大鳥株式会社,兵庫県,尼崎市,西難波町４丁目１−１２,6600893
5120001233458,株式会社ＨＵＭＩＳＴ,兵庫県,尼崎市,小中島１丁目１７番２２号,6610972
5120001236386,株式会社ＡＣＣ,兵庫県,尼崎市,東難波町５丁目８番２６号リアライズ尼崎８−Ｄ,6600892
5120001236634,株式会社プラスナイン,兵庫県,尼崎市,東園田町８丁目４５番１７号,6610953
5120001236717,株式会社アマデウス,兵庫県,尼崎市,小中島３丁目１９番４号,6610972
5120001239158,株式会社ｉｔ’ｓ,兵庫県,尼崎市,東園田町９丁目１７番地の１４,6610953
5120001255551,株式会社スカイハーモニー,兵庫県,尼崎市,塚口本町２丁目３９番１０−２０７号,6610001
5120001280665,シングルオート株式会社,兵庫県,尼崎市,東園田町３丁目９−２２,6610953
5120002069141,株式会社ＧｏＷｅｌｌ,兵庫県,尼崎市,西川２丁目２５番２１号,6610966
5120003007835,株式会社シニアスタイル,兵庫県,尼崎市,道意町４丁目１４,6600083
5120003007884,株式会社エルオン,兵庫県,尼崎市,崇徳院１丁目１３番１２号,6600071
5120101029343,株式会社Ｍｉｒａｉ,兵庫県,尼崎市,潮江１丁目３番４３号２階,6610976
5120901007903,ＮＩＰエンジニアリング株式会社,兵庫県,尼崎市,潮江５丁目８番３１号,6610976
5120901018702,株式会社バリューミート,兵庫県,尼崎市,下坂部３丁目１１番１−６０１号,6610975
5120901019691,株式会社瀬田製作所,兵庫県,尼崎市,猪名寺２丁目２１番１２号,6610981
5120901023181,株式会社オダマツ,兵庫県,尼崎市,西難波町３丁目２９番１０号シノザキビル３階,6600893
5120901024452,株式会社大進会館,兵庫県,尼崎市,東園田町４丁目１５４番地の４,6610953
5120901028453,株式会社日本エス・ティ,兵庫県,尼崎市,額田町１２番９号,6610962
5120901040053,株式会社結,兵庫県,尼崎市,神田中通２丁目２７−１９シロハイヌ阪神尼崎５Ｆ,6600884
5120901042826,Ｍ＆Ｍ　Ｐａｒｔｎｅｒｓ株式会社,兵庫県,尼崎市,西立花町１丁目２−１０,6600054
5120901048039,株式会社エヌプラス,兵庫県,尼崎市,塚口町４丁目１６番地の２日生塚口コーポラス東館４０３号,6610002
5122001006769,株式会社松岡,兵庫県,尼崎市,大庄西町４丁目２０番９号,6600077
5122001032377,株式会社Ｓｅａ　ｔｏ　Ｓｋｙ,兵庫県,尼崎市,食満５丁目２４番１号,6610982
5140001000575,義隆商事株式会社,兵庫県,尼崎市,東園田町９丁目６番地の１,6610953
5140001015202,立花商事株式会社,兵庫県,尼崎市,七松町１丁目１番１−１２１号,6600052
5140001022990,株式会社アスカ,兵庫県,尼崎市,塚口町２丁目３番地の２,6610002
5140001025127,ＣＧＥ株式会社,兵庫県,尼崎市,武庫之荘５丁目１３番１８号,6610035
5140001031083,株式会社エース,兵庫県,尼崎市,東園田町２丁目５４−６０２,6610953
5140001031802,株式会社バックヤード,兵庫県,尼崎市,南塚口町１丁目２２番１３号,6610012
5140001031868,株式会社Ｌｉｌｙ,兵庫県,尼崎市,潮江５丁目２番２５−６０５号,6610976
5140001033344,オースディ株式会社,兵庫県,尼崎市,東園田町２丁目４３−１,6610953
5140001047286,尼崎交通株式会社,兵庫県,尼崎市,東難波町５丁目５番１０号,6600892
5140001047294,株式会社尼崎鑑定所,兵庫県,尼崎市,東園田町４丁目１５３番地の３,6610953
5140001047303,尼崎水素販売株式会社,兵庫県,尼崎市,大浜町１丁目５６番地,6600095
5140001047311,尼崎淨化清掃株式会社,兵庫県,尼崎市,西立花町３丁目１２番８号,6600054
5140001047336,尼崎中高年事業株式会社,兵庫県,尼崎市,南塚口町４丁目１番４４号,6610012
5140001047344,株式会社尼崎パイプ製作所,兵庫県,尼崎市,尾浜町１丁目１３番２７号,6610022
5140001047352,尼崎銘菓株式会社,兵庫県,尼崎市,神田中通１丁目２番地の１,6600884
5140001047369,葵工業株式会社,兵庫県,尼崎市,上坂部３丁目９番３号,6610979
5140001047377,株式会社アーキプラン,兵庫県,尼崎市,塚口町６丁目６３番２２号,6610002
5140001047419,旭堂製菓株式会社,兵庫県,尼崎市,立花町１丁目５番１１号,6610025
5140001047427,旭ロール株式会社,兵庫県,尼崎市,西本町１丁目４６番地,6600874
5140001047435,株式会社朝山元嗣商店,兵庫県,尼崎市,南武庫之荘３丁目３番１２号,6610033
5140001047443,株式会社アダチ機械設計,兵庫県,尼崎市,金楽寺町１丁目６番３７号,6600806
5140001047476,株式会社安西興産,兵庫県,尼崎市,上坂部２丁目１４番１２号,6610979
5140001047484,株式会社芦田,兵庫県,尼崎市,田能６丁目１１番１号,6610951
5140001047518,アマコウ海運株式会社,兵庫県,尼崎市,昭和通３丁目９５番地,6600881
5140001047534,株式会社尼信経営相談所,兵庫県,尼崎市,開明町３丁目３０番地,6600862
5140001047542,株式会社尼産住宅流通センター,兵庫県,尼崎市,栗山町２丁目１８番１１号,6610013
5140001047550,アマテイ株式会社,兵庫県,尼崎市,西高洲町９番地,6600845
5140001047559,天野重量機工株式会社,兵庫県,尼崎市,久々知１丁目２７番１３号,6610977
5140001047575,株式会社アリエス,兵庫県,尼崎市,武庫町２丁目１５番７号,6610044
5140001047583,荒木木材株式会社,兵庫県,尼崎市,名神町３丁目４番２３号,6610021
5140001047591,株式会社有田ブロツク工業所,兵庫県,尼崎市,富松町１丁目２１番８号,6610003
5140001047617,株式会社イケウチ,兵庫県,尼崎市,久々知２丁目８番１３号,6610977
5140001047641,株式会社石口商店,兵庫県,尼崎市,若王寺２丁目１１番１９号,6610974
5140001047674,株式会社イトウカンコウ,兵庫県,尼崎市,稲葉荘１丁目１６番１９号,6600064
5140001047682,板倉通信株式会社,兵庫県,尼崎市,東七松町１丁目１番１０号,6600051
5140001047690,伊丹運輸株式会社,兵庫県,尼崎市,神崎町６番４号,6610964
5140001047699,株式会社アマヤライト,兵庫県,尼崎市,額田町１２番９号,6610962
5140001047708,株式会社井上興業所,兵庫県,尼崎市,水堂町２丁目３７番６号,6610026
5140001047716,井上土木工業株式会社,兵庫県,尼崎市,神崎町１１番１３号,6610964
5140001047724,株式会社茨木機械製作所,兵庫県,尼崎市,潮江４丁目３番１２号,6610976
5140001047732,株式会社今井鉄工所,兵庫県,尼崎市,大浜町１丁目４９番地,6600095
5140001047740,株式会社いりえ建築設計,兵庫県,尼崎市,武庫元町１丁目２１番１８号,6610043
5140001047749,イワサバス株式会社,兵庫県,尼崎市,水堂町４丁目２０番１６号,6610026
5140001047757,株式会社岩本,兵庫県,尼崎市,東園田町３丁目３３番地の５,6610953
5140001047765,株式会社ウイング物流,兵庫県,尼崎市,名神町２丁目９番１４号,6610021
5140001047773,株式会社ウェステル,兵庫県,尼崎市,塚口町５丁目３番地の６,6610002
5140001047781,株式会社上野工作所,兵庫県,尼崎市,名神町１丁目２番６号,6610021
5140001047798,株式会社ウエルネス,兵庫県,尼崎市,南塚口町１丁目１２番８号サウサービル４０２号,6610012
5140001047807,株式会社うどんの専門店です四国,兵庫県,尼崎市,南塚口町２丁目１番３−６０４号,6610012
5140001047823,永光産業株式会社,兵庫県,尼崎市,上坂部３丁目３０番１号,6610979
5140001047831,英貴自動車株式会社,兵庫県,尼崎市,久々知西町２丁目６番２３号,6610978
5140001047848,株式会社エー・トゥ・ゼット,兵庫県,尼崎市,武庫之荘８丁目１２番３号,6610035
5140001047856,株式会社永和,兵庫県,尼崎市,南塚口町３丁目４番２３号,6610012
5140001047864,永和電設株式会社,兵庫県,尼崎市,名神町２丁目１９番３０号,6610021
5140001047880,エス・ケー・アイ・テクノ株式会社,兵庫県,尼崎市,道意町７丁目１番３,6600083
5140001047889,株式会社エステートオオトリ,兵庫県,尼崎市,武庫之荘３丁目１７番１５号,6610035
5140001047897,圓商産業株式会社,兵庫県,尼崎市,西長洲町３丁目１番５号,6600805
5140001047914,株式会社エノモト,兵庫県,尼崎市,食満３丁目２５番６５号,6610982
5140001047930,株式会社エム・エス・テニスカレッジ,兵庫県,尼崎市,南塚口町８丁目５１番１８−５０５号,6610012
5140001047947,オーエーシー株式会社,兵庫県,尼崎市,昭和通１丁目１２番６号,6600881
5140001047955,株式会社オーケイアンカー,兵庫県,尼崎市,武庫川町２丁目４２番地の１,6600084
5140001047963,扇屋プラスチツク株式会社,兵庫県,尼崎市,戸ノ内町５丁目１番１号,6610961
5140001047988,大阪重機株式会社,兵庫県,尼崎市,築地南浜１丁目６番地,6600000
5140001047996,大阪電研株式会社,兵庫県,尼崎市,久々知３丁目２０番５号,6610977
5140001048020,株式会社大城工業所,兵庫県,尼崎市,小中島２丁目６番１０号,6610972
5140001048045,大野工機株式会社,兵庫県,尼崎市,梶ケ島６番４０号,6600821
5140001048053,株式会社大林,兵庫県,尼崎市,東初島町２番２９,6600832
5140001048061,株式会社大巳商店,兵庫県,尼崎市,潮江４丁目４番１号,6610976
5140001048078,株式会社オク製作所,兵庫県,尼崎市,次屋４丁目３番１５号,6610965
5140001048086,株式会社奥田,兵庫県,尼崎市,東園田町２丁目７４番地の４,6610953
5140001048094,株式会社奥鐵工所,兵庫県,尼崎市,金楽寺町２丁目６番１４号,6600806
5140001048103,株式会社おかもと,兵庫県,尼崎市,塚口本町１丁目１８番１４号,6610001
5140001048111,岡本建工株式会社,兵庫県,尼崎市,道意町６丁目２８番地ノ３４,6600083
5140001048128,株式会社オザキ薬局,兵庫県,尼崎市,神田中通４丁目１０５番地,6600884
5140001048136,株式会社小野測量設計事務所,兵庫県,尼崎市,武庫之荘８丁目２１番４７号,6610035
5140001048144,小畑工業株式会社,兵庫県,尼崎市,塚口町３丁目４３番地の８,6610002
5140001048160,株式会社カーザ,兵庫県,尼崎市,元浜町２丁目３３番地の１,6600085
5140001048193,関西エンジニアリング株式会社,兵庫県,尼崎市,南武庫之荘１丁目１８−２７,6610033
5140001048202,関西興産株式会社,兵庫県,尼崎市,神田中通３丁目３９番２号カトレアマンション３０１号,6600884
5140001048210,関西グライト工業株式会社,兵庫県,尼崎市,久々知西町２丁目１４番３５号,6610978
5140001048219,関西汽力工業株式会社,兵庫県,尼崎市,大浜町１丁目４６番地,6600095
5140001048227,関西タウンデータ株式会社,兵庫県,尼崎市,立花町４丁目９番５号,6610025
5140001048235,関西電子工業株式会社,兵庫県,尼崎市,水堂町４丁目２番２２号,6610026
5140001048243,関西ペイント株式会社,兵庫県,尼崎市,神崎町３３番１号,6610964
5140001048251,関西パトロール株式会社,兵庫県,尼崎市,東園田町４丁目９６番地の８,6610953
5140001048268,加地建設株式会社,兵庫県,尼崎市,名神町２丁目２番２３号,6610021
5140001048276,柏野建設株式会社,兵庫県,尼崎市,南武庫之荘５丁目２番２７−１０４号,6610033
5140001048284,梶本運輸倉庫株式会社,兵庫県,尼崎市,神崎町１２番２８号,6610964
5140001048292,株式会社カントウ流通,兵庫県,尼崎市,稲葉荘４丁目２０番１号,6600064
5140001048318,カナマル建設株式会社,兵庫県,尼崎市,東園田町５丁目１１７番地の１,6610953
5140001048326,株式会社金山組,兵庫県,尼崎市,武庫之荘３丁目８番６号,6610035
5140001048334,株式会社上廻,兵庫県,尼崎市,南武庫之荘２丁目１６番８号,6610033
5140001048342,株式会社香山組,兵庫県,尼崎市,東難波町５丁目３１番２０号,6600892
5140001048350,株式会社川上総合事務所,兵庫県,尼崎市,南武庫之荘１丁目１５番８−６０６号,6610033
5140001048391,ＡＫ音響システム株式会社,兵庫県,尼崎市,武庫之荘本町３丁目５番５号,6610031
5140001048400,近畿通産株式会社,兵庫県,尼崎市,長洲本通２丁目９番４８号,6600803
5140001048425,紀州産業株式会社,兵庫県,尼崎市,武庫之荘５丁目３６番３１号,6610035
5140001048433,株式会社北市鋼業所,兵庫県,尼崎市,久々知西町２丁目１３番１２号,6610978
5140001048458,共栄建設株式会社,兵庫県,尼崎市,塚口本町２丁目３６番１２号,6610001
5140001048482,株式会社共生社,兵庫県,尼崎市,南初島町１０番地の１３２,6600833
5140001048499,協祐物産株式会社,兵庫県,尼崎市,上坂部２丁目２番７−３０２号,6610979
5140001048508,共立建設株式会社,兵庫県,尼崎市,武庫之荘東２丁目１１番３５号,6610032
5140001048524,清タイル工業株式会社,兵庫県,尼崎市,稲葉荘４丁目４番６号,6600064
5140001048532,株式会社貴和,兵庫県,尼崎市,南初島町１０番地１１８,6600833
5140001048557,株式会社国広,兵庫県,尼崎市,大西町１丁目８番１８号,6610023
5140001048565,久保道路株式会社,兵庫県,尼崎市,栗山町１丁目２３番９号,6610013
5140001048607,株式会社ケイアイパッケージ,兵庫県,尼崎市,神崎町１６番１８号,6610964
5140001048623,啓翔商事株式会社,兵庫県,尼崎市,武庫元町３丁目１２番９号,6610043
5140001048631,恵和産業株式会社,兵庫県,尼崎市,昭和南通４丁目６３番地,6600882
5140001048648,株式会社荒栄設備工業,兵庫県,尼崎市,久々知２丁目１５番１２号,6610977
5140001048656,株式会社弘恩会,兵庫県,尼崎市,武庫之荘９丁目１番１５号,6610035
5140001048664,皇漢堂製薬株式会社,兵庫県,尼崎市,長洲本通２丁目８番２７号,6600803
5140001048680,コウセイビル株式会社,兵庫県,尼崎市,開明町２丁目３５番地,6600862
5140001048706,株式会社コーナンビルダース,兵庫県,尼崎市,尾浜町２丁目４番２８号,6610022
5140001048714,光明車輛工業株式会社,兵庫県,尼崎市,次屋３丁目６番２５号,6610965
5140001048722,向陽機器株式会社,兵庫県,尼崎市,久々知西町２丁目３番７号,6610978
5140001048755,株式会社コスモハウジング,兵庫県,尼崎市,大庄中通１丁目９３番地の２,6600075
5140001048763,株式会社後藤建設,兵庫県,尼崎市,立花町２丁目１３番３号,6610025
5140001048771,寿商事株式会社,兵庫県,尼崎市,東難波町３丁目８番１０号,6600892
5140001048805,株式会社小山鉄工所,兵庫県,尼崎市,南清水３２番６号,6610985
5140001048813,三栄化成株式会社,兵庫県,尼崎市,南武庫之荘１１丁目３番５号,6610033
5140001048846,三晃海運株式会社,兵庫県,尼崎市,西難波町４丁目６番３５号,6600893
5140001048862,株式会社三公商会,兵庫県,尼崎市,武庫之荘２丁目８番３−１０１号,6610035
5140001048870,三幸電気株式会社,兵庫県,尼崎市,東大物町１丁目７番１６号,6600828
5140001048879,酒井麻袋株式会社,兵庫県,尼崎市,長洲東通２丁目１１番３号,6600801
5140001048887,株式会社阪口製作所,兵庫県,尼崎市,大物町２丁目６番７号,6600823
5140001048895,坂野食品工業株式会社,兵庫県,尼崎市,浜田町５丁目４６番地,6600062
5140001048904,株式会社三協,兵庫県,尼崎市,東園田町２丁目１８１番,6610953
5140001048912,三協設備株式会社,兵庫県,尼崎市,椎堂１丁目２番６号,6610952
5140001048945,株式会社佐々木組,兵庫県,尼崎市,武庫町１丁目２７番１７号,6610044
5140001048953,株式会社笹部畳商店,兵庫県,尼崎市,武庫町４丁目８番２８号,6610044
5140001048994,株式会社佐野商店,兵庫県,尼崎市,東海岸町１番地の６７,6600843
5140001049010,株式会社サンヨーオートセンター,兵庫県,尼崎市,名神町３丁目１２番１３号,6610021
5140001049019,株式会社三陽精機,兵庫県,尼崎市,猪名寺３丁目１４番６号,6610981
5140001049035,三和鋼業株式会社,兵庫県,尼崎市,久々知西町２丁目３９番２号,6610978
5140001049043,三和紙器株式会社,兵庫県,尼崎市,椎堂２丁目１番１号,6610952
5140001049051,株式会社サリタ,兵庫県,尼崎市,西立花町１丁目５番２４号,6600054
5140001049068,株式会社新榮,兵庫県,尼崎市,東塚口町１丁目５番１２号,6610011
5140001049076,広栄商事株式会社,兵庫県,尼崎市,東園田町２丁目９２番地の１９,6610953
5140001049084,シンエスサービス株式会社,兵庫県,尼崎市,鶴町７番地の８,6600092
5140001049092,株式会社シークス,兵庫県,尼崎市,浜３丁目１３番２７号,6610967
5140001049118,株式会社進光製作所,兵庫県,尼崎市,南武庫之荘４丁目１２番１０号,6610033
5140001049134,シンキ建設株式会社,兵庫県,尼崎市,水堂町２丁目４番１号,6610026
5140001049142,株式会社新絃社,兵庫県,尼崎市,武庫之荘３丁目１番１号,6610035
5140001049159,株式会社シセイサービス,兵庫県,尼崎市,崇徳院２丁目８５番地２,6600071
5140001049167,新栄産業株式会社,兵庫県,尼崎市,西長洲町１丁目８番７号,6600805
5140001049200,株式会社新ナンポー化学,兵庫県,尼崎市,戸ノ内町４丁目３番１−１１１,6610961
5140001049209,株式会社芝軒産業,兵庫県,尼崎市,名神町３丁目４番１１号,6610021
5140001049225,下江電気工事株式会社,兵庫県,尼崎市,大島３丁目２７番２０号,6600076
5140001049233,株式会社清水組,兵庫県,尼崎市,東難波町４丁目１８番１４号,6600892
5140001049258,松栄商事株式会社,兵庫県,尼崎市,大庄中通１丁目５１番地の１ジークレフ大庄２号棟１０５号,6600075
5140001049266,株式会社昌宏住研,兵庫県,尼崎市,塚口町２丁目８番１号,6610002
5140001049274,福祉ジョイント・エース株式会社,兵庫県,尼崎市,東園田町９丁目１５番地の２,6610953
5140001049282,株式会社昌平,兵庫県,尼崎市,塚口町１丁目２番地ノ４,6610002
5140001049290,十福住宅株式会社,兵庫県,尼崎市,杭瀬本町１丁目２５番１１号,6600814
5140001049299,株式会社ショーワ,兵庫県,尼崎市,東園田町５丁目２番２号,6610953
5140001049308,株式会社ショウワテクノ,兵庫県,尼崎市,久々知西町１丁目４番２０号,6610978
5140001049324,株式会社ジャンニーノ,兵庫県,尼崎市,浜２丁目５番５号,6610967
5140001049332,株式会社シュンプロモーション大阪,兵庫県,尼崎市,武庫之荘７丁目３番１２号,6610035
5140001049340,白尾設備工業株式会社,兵庫県,尼崎市,御園１丁目８番２８号,6610984
5140001049357,神和実業株式会社,兵庫県,尼崎市,御園町３９番地,6600861
5140001049365,信和油機工業株式会社,兵庫県,尼崎市,久々知西町２丁目１４番１７号,6610978
5140001049381,株式会社末吉塗装,兵庫県,尼崎市,西難波町１丁目１０番４号,6600893
5140001049423,株式会社セイコー産業,兵庫県,尼崎市,東園田町２丁目１９９番地,6610953
5140001049448,株式会社セイドウ,兵庫県,尼崎市,塚口町２丁目４４番地,6610002
5140001049456,誠友設備機器株式会社,兵庫県,尼崎市,潮江５丁目７番１８号,6610976
5140001049472,株式会社関建設工業,兵庫県,尼崎市,南清水３８番２３号,6610985
5140001049480,株式会社善商,兵庫県,尼崎市,富松町１丁目３８番１号,6610003
5140001049497,株式会社センチュリーコンストラクション,兵庫県,尼崎市,南塚口町２丁目１５番１８−２０３号,6610012
5140001049506,株式会社ゼネラル商会,兵庫県,尼崎市,久々知西町２丁目３番６号,6610978
5140001049522,株式会社総合企画,兵庫県,尼崎市,田能５丁目３番１０号,6610951
5140001049530,相研Ｆ・Ｐ株式会社,兵庫県,尼崎市,東園田町９丁目１５番地の２,6610953
5140001049547,園田精機株式会社,兵庫県,尼崎市,東塚口町１丁目１３番１６号,6610011
5140001049563,大栄建設株式会社,兵庫県,尼崎市,西立花町３丁目１６番５６号,6600054
5140001049571,株式会社大一,兵庫県,尼崎市,食満５丁目７番６号,6610982
5140001049588,株式会社大光建設,兵庫県,尼崎市,南初島町１０番地の１４,6600833
5140001049596,大光商事株式会社,兵庫県,尼崎市,大高洲町３番地,6600842
5140001049605,大輝工業株式会社,兵庫県,尼崎市,富松町２丁目２４番１１号,6610003
5140001049613,大源製薬株式会社,兵庫県,尼崎市,元浜町５丁目７９番地,6600085
5140001049638,株式会社大成電機工業所,兵庫県,尼崎市,東初島町２番地の２４,6600832
5140001049646,大新工業株式会社,兵庫県,尼崎市,七松町１丁目１２番２０号,6600052
5140001049654,大神産業株式会社,兵庫県,尼崎市,大浜町２丁目１６番地,6600095
5140001049670,大昌興業株式会社,兵庫県,尼崎市,南武庫之荘１１丁目９番８号,6610033
5140001049712,大日化工機株式会社,兵庫県,尼崎市,大浜町１丁目３４番地の２,6600095
5140001049720,大日電子株式会社,兵庫県,尼崎市,金楽寺町１丁目２番６５号,6600806
5140001049729,株式会社大豊鉄工建設,兵庫県,尼崎市,梶ケ島２番２号,6600821
5140001049737,大松建設株式会社,兵庫県,尼崎市,大庄西町１丁目６番２３号,6600077
5140001049745,大洋工業株式会社,兵庫県,尼崎市,東難波町２丁目８番２８号,6600892
5140001049753,株式会社太陽特殊金属,兵庫県,尼崎市,平左衛門町１８−４４,6600087
5140001049761,ダイヤ産業株式会社,兵庫県,尼崎市,西本町３丁目３８番地,6600874
5140001049794,株式会社高郷商店,兵庫県,尼崎市,昭和通１丁目８番９号,6600881
5140001049836,株式会社高橋工房,兵庫県,尼崎市,次屋３丁目１番２１号,6610965
5140001049844,高濱設備工業株式会社,兵庫県,尼崎市,武庫之荘６丁目７番６号,6610035
5140001049877,株式会社タクリュー,兵庫県,尼崎市,田能５丁目８番１号,6610951
5140001049885,株式会社多田,兵庫県,尼崎市,開明町２丁目１１番地神鋼建設ビル内,6600862
5140001049902,株式会社橘工作所,兵庫県,尼崎市,潮江４丁目３番１２号,6610976
5140001049910,立花電気株式会社,兵庫県,尼崎市,大西町１丁目１０番２６号,6610023
5140001049927,田中工業株式会社,兵庫県,尼崎市,善法寺町１６番１６号,6610973
5140001049943,株式会社タノ自動車ガラス,兵庫県,尼崎市,元浜町４丁目３２番,6600085
5140001049968,株式会社田村庄,兵庫県,尼崎市,汐町５８番地,6600866
5140001049976,株式会社地域環境計画研究所,兵庫県,尼崎市,杭瀬本町１丁目１５番１６号,6600814
5140001049992,中部商事株式会社,兵庫県,尼崎市,南武庫之荘５丁目２番２７−１０４号,6610033
5140001050001,株式会社長光,兵庫県,尼崎市,塚口町１丁目２２番地の９長光ビル,6610002
5140001050018,株式会社竹昌工営,兵庫県,尼崎市,西本町５丁目１８番地,6600874
5140001050026,株式会社ハウジング旭家,兵庫県,尼崎市,富松町２丁目１４番５号,6610003
5140001050034,塚口麺業株式会社,兵庫県,尼崎市,南塚口町４丁目１番３８号,6610012
5140001050042,株式会社津川,兵庫県,尼崎市,東難波町５丁目２番１７号,6600892
5140001050050,株式会社辻本金型製作所,兵庫県,尼崎市,東難波町４丁目２２番地,6600892
5140001050067,株式会社鶴田組,兵庫県,尼崎市,七松町３丁目１３番１８号,6600052
5140001050075,株式会社ティー・エヌ・タケシマ,兵庫県,尼崎市,武庫之荘東１丁目７番３号,6610032
5140001050083,株式会社ＴＫＣ尼崎計算センター,兵庫県,尼崎市,七松町１丁目２０番２４号,6600052
5140001050109,株式会社ｔｅｒａｏ‐ｆ,兵庫県,尼崎市,常光寺１丁目２２番１号,6600811
5140001050117,株式会社寺田製作所,兵庫県,尼崎市,金楽寺町１丁目６番１号,6600806
5140001050125,株式会社寺六,兵庫県,尼崎市,浜田町３丁目３４番地,6600062
5140001050133,株式会社統栄土木,兵庫県,尼崎市,武庫之荘西２丁目３６番２６号,6610034
5140001050158,東日化成株式会社,兵庫県,尼崎市,昭和南通３丁目２６番地,6600882
5140001050166,トータルパック株式会社,兵庫県,尼崎市,平左衛門町１８番地３４,6600087
5140001050174,トゥーモンド建設株式会社,兵庫県,尼崎市,栗山町１丁目２２番３９号,6610013
5140001050190,東邦商事株式会社,兵庫県,尼崎市,大庄中通３丁目５０番地の１−１０１,6600075
5140001050199,東洋フアインケミカル株式会社,兵庫県,尼崎市,元浜町４丁目７８番地,6600085
5140001050216,株式会社時宗オートサービス,兵庫県,尼崎市,富松町１丁目２０番９号,6610003
5140001050224,徳田鋼鉄株式会社,兵庫県,尼崎市,塚口本町３丁目３２番２６号,6610001
5140001050240,杤尾地所株式会社,兵庫県,尼崎市,猪名寺２丁目１５番６号,6610981
5140001050249,株式会社ピア・インターナショナル,兵庫県,尼崎市,南塚口町１丁目１２番３号,6610012
5140001050257,株式会社トミイ・アン・ビイ,兵庫県,尼崎市,西本町８丁目３７１番地の１,6600874
5140001050273,株式会社豊岡鉄工所,兵庫県,尼崎市,田能６丁目１１番２０号,6610951
5140001050281,株式会社トヨタ不動産,兵庫県,尼崎市,塚口町５丁目４番地の３,6610002
5140001050298,日本アックス株式会社,兵庫県,尼崎市,昭和通２丁目１２番３号,6600881
5140001050307,日本コーティング工業株式会社,兵庫県,尼崎市,南塚口町２丁目１２番１８号,6610012
5140001050315,日本シーオーピー株式会社,兵庫県,尼崎市,長洲本通３丁目６番６号,6600803
5140001050331,日本道路機材工業株式会社,兵庫県,尼崎市,大浜町１丁目５番地,6600095
5140001050348,日本リファイン工業株式会社,兵庫県,尼崎市,立花町２丁目２０番２９号,6610025
5140001050364,長岡自動車工業株式会社,兵庫県,尼崎市,浜田町４丁目４７番地の１,6600062
5140001050372,株式会社中内建設,兵庫県,尼崎市,上坂部２丁目２番３６号,6610979
5140001050380,中川食品株式会社,兵庫県,尼崎市,昭和通３丁目８８番地中川ビル内,6600881
5140001050389,株式会社中島工務店,兵庫県,尼崎市,三反田町２丁目５番５号,6610024
5140001050397,株式会社エイジェー,兵庫県,尼崎市,長洲東通１丁目２番４０号,6600801
5140001050406,株式会社ナカノ,兵庫県,尼崎市,道意町６丁目３１番地の８,6600083
5140001050414,株式会社中の島商会,兵庫県,尼崎市,上坂部２丁目６番１０号,6610979
5140001050430,株式会社中村研磨,兵庫県,尼崎市,神崎町４４番３号,6610964
5140001050439,株式会社中山工業,兵庫県,尼崎市,下坂部１丁目３番２１号,6610975
5140001050455,ナニワ建工株式会社,兵庫県,尼崎市,南塚口町７丁目３３番１号,6610012
5140001050471,南部電気工事株式会社,兵庫県,尼崎市,西向島町６３番地,6600857
5140001050488,株式会社サンアイ,兵庫県,尼崎市,道意町６丁目４８番地の３,6600083
5140001050496,株式会社西田管工,兵庫県,尼崎市,大西町１丁目１０番２号,6610023
5140001050538,株式会社ニッケイ,兵庫県,尼崎市,武庫之荘８丁目１２番１３号,6610035
5140001050554,日公警備保障株式会社,兵庫県,尼崎市,長洲本通１丁目１６番２８号,6600803
5140001050562,日興運輸株式会社,兵庫県,尼崎市,西向島町７５番５,6600857
5140001050579,日新自動車運送株式会社,兵庫県,尼崎市,東塚口町２丁目４番６５号,6610011
5140001050604,株式会社ニチプレ,兵庫県,尼崎市,東初島町２番地の２５,6600832
5140001050612,ニチワ鉄工株式会社,兵庫県,尼崎市,武庫町１丁目１４番１３号,6610044
5140001050653,株式会社野村工業,兵庫県,尼崎市,戸ノ内町３丁目１７番１９号,6610961
5140001050661,阪神工営株式会社,兵庫県,尼崎市,西立花町１丁目５番７号藤村マンシヨン１０１号,6600054
5140001050678,阪神瓦斯産業株式会社,兵庫県,尼崎市,南武庫之荘５丁目２０番１７号,6610033
5140001050686,阪神總商株式会社,兵庫県,尼崎市,蓬川町４０２番地,6600081
5140001050694,阪神自動車用品株式会社,兵庫県,尼崎市,杭瀬南新町４丁目６番２７号,6600822
5140001050703,阪神タイヤ商会株式会社,兵庫県,尼崎市,杭瀬南新町３丁目１番７号,6600822
5140001050728,阪神陸海運輸株式会社,兵庫県,尼崎市,東海岸町地先,6600843
5140001050736,株式会社エイチアイテイ,兵庫県,尼崎市,長洲東通２丁目４番１号,6600801
5140001050744,株式会社ハウステックオータ,兵庫県,尼崎市,武庫之荘東１丁目１９番２５−２０３号,6610032
5140001050769,株式会社サザンウェイ,兵庫県,尼崎市,田能１丁目１番２７号,6610951
5140001050777,長谷川水産株式会社,兵庫県,尼崎市,潮江４丁目４番１号,6610976
5140001050785,橋本自動車工業株式会社,兵庫県,尼崎市,浜田町３丁目１９番１,6600062
5140001050793,株式会社畑工務店,兵庫県,尼崎市,武庫之荘３丁目６番３号,6610035
5140001050810,株式会社八幡,兵庫県,尼崎市,塚口本町３丁目１番２５号,6610001
5140001050819,浜口建材工業株式会社,兵庫県,尼崎市,善法寺町１５番２６号,6610973
5140001050835,ハヤセタカラ電器株式会社,兵庫県,尼崎市,金楽寺町１丁目２番６５号,6600806
5140001050843,原計装工業株式会社,兵庫県,尼崎市,栗山町１丁目１０番５号,6610013
5140001050851,原田機設工業株式会社,兵庫県,尼崎市,大物町２丁目１３番１２号,6600823
5140001050868,株式会社ピーシーファクトリー,兵庫県,尼崎市,南武庫之荘３丁目２４番２７号,6610033
5140001050892,久森電業株式会社,兵庫県,尼崎市,潮江３丁目６番２号,6610976
5140001050918,ひまわりセンター株式会社,兵庫県,尼崎市,尾浜町１丁目１４番２０号,6610022
5140001050926,株式会社兵庫物産,兵庫県,尼崎市,水堂町３丁目１番２１号,6610026
5140001050942,ヒロセエンジニアリング株式会社,兵庫県,尼崎市,次屋３丁目１８番１２号,6610965
5140001050950,株式会社ビルティ,兵庫県,尼崎市,西長洲町２丁目１３−５−２０１,6600805
5140001050967,龍ケ岳建設株式会社,兵庫県,尼崎市,丸島町３番地２,6600086
5140001050983,株式会社不二総合工芸社,兵庫県,尼崎市,南塚口町５丁目１５番２６号０６号,6610012
5140001050991,株式会社セル・サイエンス,兵庫県,尼崎市,南塚口町３丁目１６番８号,6610012
5140001051016,冨士原木工株式会社,兵庫県,尼崎市,杭瀬本町１丁目６番１０号,6600814
5140001051032,富栄商亊株式会社,兵庫県,尼崎市,南武庫之荘５丁目２３番９号,6610033
5140001051040,株式会社フィネックス,兵庫県,尼崎市,食満７丁目３番５０号,6610982
5140001051049,フコクインダストリー株式会社,兵庫県,尼崎市,西長洲町２丁目６番２０号,6600805
5140001051065,株式会社福田組,兵庫県,尼崎市,水堂町２丁目４番９号,6610026
5140001051081,フソー株式会社,兵庫県,尼崎市,次屋３丁目１６番２０号,6610965
5140001051131,平成産業株式会社,兵庫県,尼崎市,昭和通１丁目４番１号,6600881
5140001051164,豊栄産業株式会社,兵庫県,尼崎市,尾浜町１丁目２８番１９号,6610022
5140001051172,株式会社方寿,兵庫県,尼崎市,昭和通８丁目２７３番地,6600881
5140001051180,株式会社朋友,兵庫県,尼崎市,武庫元町１丁目２５番１０号,6610043
5140001051189,株式会社本組興業,兵庫県,尼崎市,杭瀬南新町４丁目１番３５号,6600822
5140001051197,星野産業株式会社,兵庫県,尼崎市,稲葉荘１丁目１４番８号,6600064
5140001051206,株式会社ホンダクリオ尼崎,兵庫県,尼崎市,塚口本町３丁目２９番２１号,6610001
5140001051230,株式会社マイカー尼崎センター,兵庫県,尼崎市,南塚口町３丁目２５番３１号,6610012
5140001051239,株式会社前田工務店,兵庫県,尼崎市,元浜町３丁目６０番地の６,6600085
5140001051247,舞鶴商事株式会社,兵庫県,尼崎市,潮江１丁目２２番１号,6610976
5140001051255,牧田運送株式会社,兵庫県,尼崎市,武庫之荘３丁目６番５号,6610035
5140001051271,正永容器工業株式会社,兵庫県,尼崎市,東海岸町１番地の７４,6600843
5140001051288,萬代電機工業株式会社,兵庫県,尼崎市,猪名寺３丁目５番３４号,6610981
5140001051305,株式会社松善工務店,兵庫県,尼崎市,武庫町３丁目１１番２８号,6610044
5140001051321,松永トレデング株式会社,兵庫県,尼崎市,南武庫之荘１２丁目１４番１８号,6610033
5140001051338,松本電建株式会社,兵庫県,尼崎市,潮江３丁目２番４３号,6610976
5140001051354,株式会社マリン,兵庫県,尼崎市,大庄西町３丁目１１番６号,6600077
5140001051362,丸井塗料商事株式会社,兵庫県,尼崎市,昭和通８丁目２９０番地,6600881
5140001051370,株式会社マルシン,兵庫県,尼崎市,潮江４丁目４番１号,6610976
5140001051387,丸昌建設株式会社,兵庫県,尼崎市,南武庫之荘１丁目１８−１１−１０３号,6610033
5140001051404,丸全化学工業株式会社,兵庫県,尼崎市,金楽寺町２丁目２２番６３号,6600806
5140001051412,株式会社丸福,兵庫県,尼崎市,武庫町１丁目３５番３０号,6610044
5140001051429,丸屋商事株式会社,兵庫県,尼崎市,建家町１２２番地,6600871
5140001051437,株式会社三樹,兵庫県,尼崎市,武庫之荘本町３丁目１５番８号,6610031
5140001051453,株式会社溝口製作所,兵庫県,尼崎市,塚口町４丁目１８番地の７,6610002
5140001051478,丸美化成株式会社,兵庫県,尼崎市,東海岸町１２番地の１,6600843
5140001051486,三高設計株式会社,兵庫県,尼崎市,丸島町２７番地の３,6600086
5140001051511,ミナミ金型株式会社,兵庫県,尼崎市,西長洲町２丁目２番４０号,6600805
5140001051528,株式会社宮崎金庫店,兵庫県,尼崎市,昭和通４丁目１３１番地,6600881
5140001051536,株式会社宮園,兵庫県,尼崎市,水堂町１丁目１１番２４号,6610026
5140001051552,向嶋土地株式会社,兵庫県,尼崎市,中在家町３丁目３６９番地,6600851
5140001051560,武庫川鉄工株式会社,兵庫県,尼崎市,丸島町４番地の１,6600086
5140001051569,武庫之荘不動産株式会社,兵庫県,尼崎市,武庫之荘１丁目１４番９号,6610035
5140001051593,株式会社メイコー電設,兵庫県,尼崎市,椎堂１丁目１８番７号,6610952
5140001051602,株式会社明治クリックス,兵庫県,尼崎市,塚口本町３丁目２８番８号,6610001
5140001051619,明和電工株式会社,兵庫県,尼崎市,次屋３丁目５番５４号,6610965
5140001051627,株式会社メンテナンスケア,兵庫県,尼崎市,七松町１丁目２番１−５０１号,6600052
5140001051635,株式会社元浜,兵庫県,尼崎市,元浜町１丁目８２番２,6600085
5140001051643,株式会社モンマルシェ商事,兵庫県,尼崎市,武庫元町２丁目１６番１２号,6610043
5140001051651,宮下電設工業株式会社,兵庫県,尼崎市,東園田町２丁目１１８番地の１,6610953
5140001051668,株式会社森田組炉材鋼業所,兵庫県,尼崎市,富松町４丁目３９番３８号,6610003
5140001051676,株式会社森松商会,兵庫県,尼崎市,南武庫之荘２丁目１１番１３号,6610033
5140001051684,株式会社八尾野木材店,兵庫県,尼崎市,尾浜町１丁目２９番１９号,6610022
5140001051701,株式会社ヤシマ土木,兵庫県,尼崎市,猪名寺１丁目１−１９,6610981
5140001051718,ヤンマーグローバルＣＳ株式会社,兵庫県,尼崎市,常光寺１丁目１番４号,6600811
5140001051734,株式会社山川酒販,兵庫県,尼崎市,食満７丁目２４番６号,6610982
5140001051742,山三住宅株式会社,兵庫県,尼崎市,下坂部２丁目１２番２０号,6610975
5140001051750,株式会社やまだ,兵庫県,尼崎市,杭瀬本町１丁目１０番１４号,6600814
5140001051767,株式会社山文,兵庫県,尼崎市,南塚口町１丁目１９番２６号,6610012
5140001051775,福居建設株式会社,兵庫県,尼崎市,名神町１丁目３番２６号,6610021
5140001051800,株式会社ユキエ建装,兵庫県,尼崎市,西本町３丁目２１番地,6600874
5140001051809,株式会社ユタカ産業,兵庫県,尼崎市,蓬川町３６１番地の１,6600081
5140001051817,ユニオンドライセンター株式会社,兵庫県,尼崎市,南塚口町８丁目８番３号,6610012
5140001051825,株式会社ユハラ,兵庫県,尼崎市,神崎町１番４０号,6610964
5140001051833,株式会社ヨシイ,兵庫県,尼崎市,西川２丁目９番６号,6610966
5140001051841,株式会社吉川組,兵庫県,尼崎市,武庫之荘本町３丁目１１番２０号,6610031
5140001051858,吉原産業株式会社,兵庫県,尼崎市,武庫之荘本町３丁目９番８号,6610031
5140001051874,株式会社ワークスビル管理,兵庫県,尼崎市,東塚口町１丁目１３番２０号,6610011
5140001051882,株式会社ライフサービス,兵庫県,尼崎市,御園１丁目９番２３−２０４号,6610984
5140001051899,和晃運輸株式会社,兵庫県,尼崎市,水堂町４丁目１２番４号,6610026
5140001051916,株式会社ワカヤマ企画,兵庫県,尼崎市,東難波町３丁目２番３４号,6600892
5140001051924,株式会社渡辺石整舎,兵庫県,尼崎市,東桜木町２２番地,6600864
5140001051932,株式会社ラナップ,兵庫県,尼崎市,武庫之荘１丁目２番１５号ハイステージ武庫之荘Ｂ棟２階,6610035
5140001051940,和薬商事株式会社,兵庫県,尼崎市,東塚口町１丁目３番１５号,6610011
5140001051949,株式会社リーベスト,兵庫県,尼崎市,立花町２丁目１８番２７号,6610025
5140001051957,株式会社マギーとらや,兵庫県,尼崎市,神田中通４丁目８９番地,6600884
5140001051981,ＭＭカッパープロダクツ株式会社,兵庫県,尼崎市,東向島西之町８番地,6600856
5140001051998,株式会社蓮基,兵庫県,尼崎市,東園田町４丁目１５４番地の１１,6610953
5140001052006,ロンドン商事株式会社,兵庫県,尼崎市,東難波町５丁目２９番４６号,6600892
5140001052039,森商事株式会社,兵庫県,尼崎市,塚口本町１丁目２３番７号,6610001
5140001052047,ファーストホーム株式会社,兵庫県,尼崎市,長洲東通２丁目９番１２号１１０９,6600801
5140001052055,株式会社エバーオンワード,兵庫県,尼崎市,久々知西町２丁目１４番１３号,6610978
5140001052063,株式会社新研防災設備,兵庫県,尼崎市,富松町１丁目３番７号,6610003
5140001052096,名生工業株式会社,兵庫県,尼崎市,末広町１丁目３番地２１,6600094
5140001052113,株式会社情報技術研究所,兵庫県,尼崎市,道意町３丁目１６番地の２,6600083
5140001052121,ダイヤ環境システム株式会社,兵庫県,尼崎市,七松町１丁目１３番２３号ダイヤビル,6600052
5140001052146,株式会社久我設計,兵庫県,尼崎市,武庫之荘２丁目１０番地５号,6610035
5140001052154,メイ株式会社,兵庫県,尼崎市,潮江５丁目４番１７号尼崎メディカルブリッジ３Ｆ,6610976
5140001052162,株式会社ナサホーム,兵庫県,尼崎市,大物町１丁目９番８号,6600823
5140001052187,幸陽住宅株式会社,兵庫県,尼崎市,玄番北之町１番地９２,6600872
5140001052195,株式会社新興精機,兵庫県,尼崎市,久々知２丁目２７番５号,6610977
5140001052204,株式会社千葉,兵庫県,尼崎市,塚口町１丁目１６番６号,6610002
5140001052229,株式会社リップスカンパニー,兵庫県,尼崎市,南塚口町８丁目８番２４号,6610012
5140001052237,株式会社シビル・エンジニアリング,兵庫県,尼崎市,上ノ島町２丁目２３番８号,6610014
5140001052245,株式会社ティアイエス,兵庫県,尼崎市,御園町２１番地,6600861
5140001052261,安藤鎔業株式会社,兵庫県,尼崎市,七松町３丁目６番１３号立花アイエイビル２階,6600052
5140001052278,株式会社エス・ケイ・アイ,兵庫県,尼崎市,南武庫之荘４丁目１４番２０号,6610033
5140001052286,株式会社エーエスオー,兵庫県,尼崎市,常光寺１丁目９番１号,6600811
5140001052294,フジ・ティーピー株式会社,兵庫県,尼崎市,南初島町１２番地の１０,6600833
5140001052303,兵庫興業株式会社,兵庫県,尼崎市,崇徳院２丁目１７番地,6600071
5140001052311,株式会社アンツ,兵庫県,尼崎市,武庫元町１丁目５番９−４０２号,6610043
5140001052328,株式会社睦美運送,兵庫県,尼崎市,稲葉荘１丁目１９番５号,6600064
5140001052336,株式会社ナカタケホーム,兵庫県,尼崎市,常吉１丁目３番４号,6610042
5140001052344,アリオテクノ株式会社,兵庫県,尼崎市,南初島町１０番１４５,6600833
5140001052352,株式会社テクノ・ウイン,兵庫県,尼崎市,東園田町９丁目１７番１号,6610953
5140001052360,株式会社カジムラ,兵庫県,尼崎市,大西町３丁目１４番１５号,6610023
5140001052369,株式会社ヒロ・システムエンジニアリング,兵庫県,尼崎市,南塚口町６丁目１０番３９号,6610012
5140001052377,三和システムウォール株式会社,兵庫県,尼崎市,田能６丁目１０番１号,6610951
5140001052385,株式会社阪神石材,兵庫県,尼崎市,西本町３丁目５番地,6600874
5140001052393,神崎住宅販売株式会社,兵庫県,尼崎市,南塚口町１丁目３０番１１号,6610012
5140001052402,株式会社ドール,兵庫県,尼崎市,神田中通５丁目１８２番地６,6600884
5140001052419,山富士産業株式会社,兵庫県,尼崎市,武庫之荘２丁目１７番１号,6610035
5140001052427,緑地測建株式会社,兵庫県,尼崎市,南塚口町１丁目１５番１５号,6610012
5140001052674,株式会社西日本テクノ,兵庫県,尼崎市,東難波町５丁目２８番３０号,6600892
5140001052781,株式会社日本コーティング,兵庫県,尼崎市,西長洲町２丁目５番３号,6600805
5140001052798,平仲工業株式会社,兵庫県,尼崎市,大島３丁目８番１５号,6600076
5140001052815,株式会社メディカルプロジェクト,兵庫県,尼崎市,東園田町８丁目１０８番地の１,6610953
5140001052823,株式会社カツモリ技研,兵庫県,尼崎市,西昆陽３丁目４０番３号,6610047
5140001052848,株式会社石水発想,兵庫県,尼崎市,立花町１丁目２番１号カグラサンライフプラザ６０３号,6610025
5140001052864,新栄電機株式会社,兵庫県,尼崎市,南塚口町８丁目２６番２２号,6610012
5140001052872,Ｋ．Ｓ．Ｐ株式会社,兵庫県,尼崎市,立花町３丁目６番２号,6610025
5140001052897,株式会社ＧＥＮＵＳＩＯＮ,兵庫県,尼崎市,道意町７丁目１番３号,6600083
5140001052906,株式会社パァソナルワン,兵庫県,尼崎市,東園田町５丁目９３番地の３,6610953
5140001052914,株式会社神戸ウエダ,兵庫県,尼崎市,南武庫之荘１丁目２−５,6610033
5140001052922,株式会社松岡住宅,兵庫県,尼崎市,東難波町５丁目９番７号,6600892
5140001052947,株式会社フラワー交通,兵庫県,尼崎市,南塚口町８丁目４５番１０号,6610012
5140001052963,昌壱工業株式会社,兵庫県,尼崎市,玄番南之町４番地,6600873
5140001052988,株式会社ザクス,兵庫県,尼崎市,長洲東通１丁目９番８−２号,6600801
5140001052996,サンライフ株式会社,兵庫県,尼崎市,水堂町４丁目１番５号,6610026
5140001053004,クボタアグリサービス株式会社,兵庫県,尼崎市,浜１丁目１番１号,6610967
5140001053029,株式会社甲南工業所,兵庫県,尼崎市,塚口本町３丁目３２番１８号,6610001
5140001053053,株式会社憩ステーション,兵庫県,尼崎市,立花町４丁目１４番２７号,6610025
5140001053061,株式会社フジケン,兵庫県,尼崎市,東園田町５丁目８２番地,6610953
5140001053086,株式会社Ｋ．Ｉ,兵庫県,尼崎市,東難波町５丁目１９番３３号,6600892
5140001053094,西村物産株式会社,兵庫県,尼崎市,塚口町１丁目２２番地の１,6610002
5140001053103,株式会社ネーチャーネット,兵庫県,尼崎市,大庄北４丁目２３番１２号,6600063
5140001053144,株式会社ゆたか介護サービス,兵庫県,尼崎市,神田北通６丁目１７５番地３,6600883
5140001053152,株式会社アスラン,兵庫県,尼崎市,三反田町２丁目３番２０号,6610024
5140001053160,泰平産業株式会社,兵庫県,尼崎市,南武庫之荘２丁目１３番６号,6610033
5140001053177,株式会社オバタテクニカルスタッフ,兵庫県,尼崎市,塚口町３丁目４３番地の８,6610002
5140001053193,株式会社テクノス,兵庫県,尼崎市,東難波町５丁目２番１７−７０１号,6600892
5140001053227,株式会社大央通商,兵庫県,尼崎市,南武庫之荘３丁目１番７号エスト武庫之荘パークサイド２０３号,6610033
5140001053235,株式会社尭実創建,兵庫県,尼崎市,武庫之荘東１丁目２６番１１号,6610032
5140001053276,株式会社リナック,兵庫県,尼崎市,塚口本町５丁目５番１号塚口ガーデンズマーク６１２号,6610001
5140001053284,株式会社日立産機テクノサービス,兵庫県,尼崎市,金楽寺町１丁目２番１号,6600806
5140001053292,阪神鉄骨建設株式会社,兵庫県,尼崎市,道意町１丁目４番地,6600083
5140001053326,株式会社ＮＳＷ,兵庫県,尼崎市,武庫元町２丁目１番１４号,6610043
5140001053334,株式会社ＫＳＰ,兵庫県,尼崎市,下坂部２丁目２７−１２−２Ｆ,6610975
5140001053359,株式会社リョウユウ,兵庫県,尼崎市,神田中通６丁目２０４番地３,6600884
5140001053367,株式会社緑翠園,兵庫県,尼崎市,崇徳院２丁目４２番地の５,6600071
5140001053375,アエラハウス株式会社,兵庫県,尼崎市,立花町１丁目４番１５号,6610025
5140001053391,エムシーテクノオフィス株式会社,兵庫県,尼崎市,道意町７丁目１番３号,6600083
5140001053400,トウシンテック株式会社,兵庫県,尼崎市,久々知西町２丁目８−２５,6610978
5140001053417,株式会社ペルガス,兵庫県,尼崎市,東園田町９丁目８番５号,6610953
5140001053433,株式会社ブルーテック,兵庫県,尼崎市,南初島町１７番地,6600833
5140001053458,株式会社システム・ワン・オフ,兵庫県,尼崎市,西川２丁目１３−３,6610966
5140001053466,株式会社テクノサイエンス,兵庫県,尼崎市,稲葉元町３丁目１８番３６号,6600055
5140001053490,株式会社アイワーク,兵庫県,尼崎市,西本町４丁目１６番地,6600874
5140001053499,株式会社　今川商会,兵庫県,尼崎市,尾浜町３丁目２８番２４号Ｂ,6610022
5140001053508,株式会社ランナー,兵庫県,尼崎市,名神町２丁目３番２６号,6610021
5140001053524,株式会社セルヴィス,兵庫県,尼崎市,浜田町２丁目６９番地,6600062
5140001053532,クラウン株式会社,兵庫県,尼崎市,西立花町４丁目１０番１７号,6600054
5140001053549,株式会社コーワシステム,兵庫県,尼崎市,御園１丁目２４−３,6610984
5140001053565,株式会社くま純,兵庫県,尼崎市,武庫町１丁目２６−２５,6610044
5140001053581,株式会社ピースファクトリー,兵庫県,尼崎市,立花町１丁目２３番３０号,6610025
5140001053607,株式会社丸協,兵庫県,尼崎市,西難波町３丁目１７番５号,6600893
5140001053615,株式会社アーチ,兵庫県,尼崎市,七松町１丁目１９番２８号,6600052
5140001053623,株式会社北野機械,兵庫県,尼崎市,南塚口町１丁目５番９号,6610012
5140001053631,株式会社日豊電線,兵庫県,尼崎市,額田町４番１５号,6610962
5140001053648,サカイ装置工業株式会社,兵庫県,尼崎市,東園田町６丁目４７番１２号,6610953
5140001053656,株式会社テクニカル・シンク,兵庫県,尼崎市,東園田町９丁目１６番８号,6610953
5140001053697,株式会社サンシン,兵庫県,尼崎市,戸ノ内町３丁目３２番６号,6610961
5140001053714,株式会社栄光サービス,兵庫県,尼崎市,大西町３丁目１番１３号,6610023
5140001053763,株式会社旭美装,兵庫県,尼崎市,七松町１丁目１９番１号,6600052
5140001053771,株式会社ユーコー,兵庫県,尼崎市,南武庫之荘１丁目１９番６号,6610033
5140001053788,ＤＫマテリアル株式会社,兵庫県,尼崎市,七松町１丁目２０番１７号,6600052
5140001053805,呉羽技研株式会社,兵庫県,尼崎市,猪名寺２丁目２１番１６号,6610981
5140001053821,株式会社ロッサ,兵庫県,尼崎市,南塚口町１丁目５番１３号,6610012
5140001053838,株式会社ジゼル,兵庫県,尼崎市,神田中通３丁目３１番地,6600884
5140001053846,株式会社スタジオデン,兵庫県,尼崎市,常吉２丁目１０番１０号,6610042
5140001053854,株式会社Ｏ−ＨＡＭＡ,兵庫県,尼崎市,昭和通４丁目１２４番地１０３号,6600881
5140001053862,株式会社ＮＡＰ,兵庫県,尼崎市,東園田町２丁目５７−２０１,6610953
5140001053879,株式会社大阪航器,兵庫県,尼崎市,西長洲町３丁目６番１６号,6600805
5140001053887,株式会社Ｈｉｒｏ,兵庫県,尼崎市,西難波町２丁目１２番１４号,6600893
5140001053895,株式会社Ｐｒｏｇｒｅｓ,兵庫県,尼崎市,富松町１丁目１３番１号,6610003
5140001053929,株式会社大和技研,兵庫県,尼崎市,水堂町１丁目２４番３０号,6610026
5140001053937,株式会社関西経営サポートセンター,兵庫県,尼崎市,宮内町３丁目１７６番地,6600877
5140001053945,株式会社ハルデザイン,兵庫県,尼崎市,三反田町２丁目７番５号,6610024
5140001053953,株式会社Ｇｅｔ１コーポレーション,兵庫県,尼崎市,東園田町２丁目２１０番地,6610953
5140001053978,青山電気工業株式会社,兵庫県,尼崎市,武庫之荘８丁目２７番５号,6610035
5140001053986,株式会社岩田組,兵庫県,尼崎市,東難波町５丁目１３番１４号,6600892
5140001053994,サンジヤン株式会社,兵庫県,尼崎市,田能１丁目２番２１号,6610951
5140001054027,株式会社ＡＩＭ,兵庫県,尼崎市,東難波町１丁目１番１−１３０３号,6600892
5140001054035,株式会社ＳＥＫＴ,兵庫県,尼崎市,上坂部２丁目２８番２１号,6610979
5140001054043,山一株式会社,兵庫県,尼崎市,杭瀬南新町２丁目１９番１号,6600822
5140001054051,株式会社太多福,兵庫県,尼崎市,東難波町５丁目１１−１１,6600892
5140001054092,株式会社田村工務店,兵庫県,尼崎市,長洲東通３丁目２番３８号,6600801
5140001054134,株式会社Ｃｏｌｌｅｃｔｉｏｎ　ｄｅ　ＳＨＯＴＡＮＩ,兵庫県,尼崎市,西難波町４丁目１番１号,6600893
5140001054142,株式会社ライフタイム,兵庫県,尼崎市,武庫之荘２丁目１０番５号,6610035
5140001054150,株式会社ライズ,兵庫県,尼崎市,大庄中通２丁目１３−１,6600075
5140001054167,株式会社ボックス,兵庫県,尼崎市,西立花町１丁目１０番２７号,6600054
5140001054175,株式会社オープンキッチン,兵庫県,尼崎市,塚口本町７丁目１６番８号,6610001
5140001054183,株式会社エイム,兵庫県,尼崎市,道意町５丁目７番地１,6600083
5140001054209,株式会社阪神国際業務サービス,兵庫県,尼崎市,南塚口町７丁目４番１５号,6610012
5140001054241,株式会社濱,兵庫県,尼崎市,東難波町５丁目３１番１−１０４号,6600892
5140001054258,株式会社Ｍ’Ｓ,兵庫県,尼崎市,神田中通６丁目２０５番地の３,6600884
5140001054266,株式会社堀通,兵庫県,尼崎市,杭瀬本町１丁目１４番１号,6600814
5140001054282,輸送機工業株式会社,兵庫県,尼崎市,杭瀬南新町４丁目１番２４号,6600822
5140001054299,ヒロテック株式会社,兵庫県,尼崎市,東園田町８丁目８６番地の６,6610953
5140001054316,高柳商店株式会社,兵庫県,尼崎市,東園田町３丁目２５番地の２５,6610953
5140001054332,株式会社岡田鉄工,兵庫県,尼崎市,高田町７番５号,6610963
5140001054340,株式会社クリーンテックジャパン,兵庫県,尼崎市,七松町３丁目３番１５号,6600052
5140001054349,株式会社ＷＡＴＡＮＡＢＥ,兵庫県,尼崎市,富松町１丁目１５−１８,6610003
5140001054365,トヨテック株式会社,兵庫県,尼崎市,杭瀬南新町４丁目１５番２号,6600822
5140001054373,株式会社塗装魚崎,兵庫県,尼崎市,東園田町４丁目１２８番地の３,6610953
5140001054398,株式会社ヨシ・コーポレーション,兵庫県,尼崎市,立花町１丁目８番６号,6610025
5140001054423,株式会社翔陽,兵庫県,尼崎市,東園田町５丁目１１８番地１西岡ビル４０８号室,6610953
5140001054431,羽坂エンジニアリング株式会社,兵庫県,尼崎市,西立花町２丁目１２番１６−２０１号,6600054
5140001054448,株式会社中谷電気工業,兵庫県,尼崎市,元浜町１丁目２６番地の１,6600085
5140001054464,株式会社クニケン,兵庫県,尼崎市,今福２丁目２番１号,6600812
5140001054472,株式会社大翔,兵庫県,尼崎市,東難波町３丁目１８番１５号,6600892
5140001054489,株式会社アサヒライジング,兵庫県,尼崎市,大庄北３丁目３１番３３号,6600063
5140001054522,株式会社日豊貿易,兵庫県,尼崎市,昭和通４丁目１３１,6600881
5140001054547,株式会社桃原興業,兵庫県,尼崎市,蓬川町３０２番地の１６（１０５号）,6600081
5140001054555,株式会社高石組,兵庫県,尼崎市,御園３丁目１６番３号,6610984
5140001054571,株式会社岡本組,兵庫県,尼崎市,西立花町３丁目１番１号,6600054
5140001054588,株式会社ＮＨ企画,兵庫県,尼崎市,塚口町３丁目２６番１６号,6610002
5140001054605,株式会社日昌工業,兵庫県,尼崎市,武庫之荘本町３丁目１番２５号,6610031
5140001054613,昌永不動産株式会社,兵庫県,尼崎市,昭和通１丁目２１番１号,6600881
5140001054638,阪神機設重量株式会社,兵庫県,尼崎市,南塚口町３丁目１９番７号,6610012
5140001054670,有芙興産株式会社,兵庫県,尼崎市,南塚口町８丁目７番２７号,6610012
5140001054679,株式会社新栄工業,兵庫県,尼崎市,大島３丁目３１番１８号,6600076
5140001054704,株式会社ＧｌａｄＤａｙ,兵庫県,尼崎市,南武庫之荘２丁目１３番２０号,6610033
5140001054712,株式会社大黒グループ,兵庫県,尼崎市,潮江１丁目１番６０号ＪＲ尼崎駅西ＮＫビル２Ｆ・３Ｆ,6610976
5140001054720,梶田株式会社,兵庫県,尼崎市,武庫之荘２丁目１２番７号,6610035
5140001054729,株式会社インフロント興産,兵庫県,尼崎市,尾浜町２丁目２８番１９号,6610022
5140001054786,株式会社けんくん,兵庫県,尼崎市,南武庫之荘３丁目１７番８号,6610033
5140001054794,株式会社エスペル,兵庫県,尼崎市,名神町３丁目１５番１１号,6610021
5140001054803,株式会社ＦＰ＆Ａ,兵庫県,尼崎市,水堂町１丁目８番１３号,6610026
5140001054860,株式会社辰美,兵庫県,尼崎市,東海岸町１番地の１０８,6600843
5140001054869,株式会社尼崎山手電機,兵庫県,尼崎市,浜田町４丁目６−２,6600062
5140001054877,株式会社クリヤマ,兵庫県,尼崎市,栗山町２丁目１２番１５号,6610013
5140001054902,株式会社トータルチケット,兵庫県,尼崎市,武庫之荘８丁目１４番１号,6610035
5140001054910,伸成株式会社,兵庫県,尼崎市,東園田町９丁目１５−２７,6610953
5140001054935,株式会社工房カワサキ,兵庫県,尼崎市,東園田町８丁目９５番地の１０,6610953
5140001054943,株式会社上木,兵庫県,尼崎市,東園田町８丁目９５番６号,6610953
5140001054951,株式会社ハートコール訪問看護,兵庫県,尼崎市,大庄北１丁目５番７号,6600063
5140001054976,株式会社Ｔ’ｓ　Ｐｌａｎｎｉｎｇ,兵庫県,尼崎市,常光寺１丁目７番１７−１０３号,6600811
5140001054984,株式会社ライフワン,兵庫県,尼崎市,御園町３５番地Ｙ・Ｋ・Ｆ尼崎ビル４Ｆ,6600861
5140001055000,株式会社サンエイ,兵庫県,尼崎市,名神町３丁目１５番８号,6610021
5140001055009,株式会社ことうらシステム,兵庫県,尼崎市,西御園町１１４−３０１,6600868
5140001055017,株式会社てっぽう,兵庫県,尼崎市,東海岸町２番地,6600843
5140001055025,株式会社Ｍｏｎｋｅｙ−Ｂｉｚ,兵庫県,尼崎市,東難波町５丁目８番１９号,6600892
5140001055033,株式会社トッシー,兵庫県,尼崎市,西難波町２丁目２６番１８号,6600893
5140001055041,株式会社ＰＩＡ,兵庫県,尼崎市,塚口町３丁目２７番地の３,6610002
5140001055066,シム技研株式会社,兵庫県,尼崎市,大浜町２丁目５７番地,6600095
5140001055074,株式会社不動産本舗・わか丸,兵庫県,尼崎市,大庄西町１丁目９番１号ヴォ−トセレスト５０３号,6600077
5140001055082,株式会社環境ビジネス,兵庫県,尼崎市,南初島町８番８３号,6600833
5140001055090,株式会社大正食品,兵庫県,尼崎市,武庫川町４丁目７番地,6600084
5140001055099,株式会社エコ・プロジェクト,兵庫県,尼崎市,竹谷町２丁目１８３番地,6600876
5140001055108,株式会社ゆず動物病院,兵庫県,尼崎市,西川２丁目３５番３号,6610966
5140001055124,株式会社メロウワークス,兵庫県,尼崎市,南武庫之荘１丁目１３−７福々邸参番館１Ｆ,6610033
5140001055132,尼崎長田青果株式会社,兵庫県,尼崎市,潮江４丁目４番１号,6610976
5140001055140,Ｈ＆Ｉ株式会社,兵庫県,尼崎市,浜田町４丁目６８番地の１,6600062
5140001055149,株式会社田中地所,兵庫県,尼崎市,大西町３丁目９番２１号,6610023
5140001055157,Ｆ−ＡＢＣメディカルサポート株式会社,兵庫県,尼崎市,上坂部１丁目２番２−５３８号,6610979
5140001055165,大阪鉄筋コンクリート株式会社,兵庫県,尼崎市,御園２丁目３番２８号,6610984
5140001055198,株式会社大喜,兵庫県,尼崎市,大庄北５丁目２１番１５号,6600063
5140001055215,株式会社シャトリエ,兵庫県,尼崎市,富松町４丁目２９番２７号,6610003
5140001055223,株式会社エムテックオイル,兵庫県,尼崎市,東園田町４丁目１５９番地２号メゾンスリーエイト園田２０１号室,6610953
5140001055231,株式会社リインフォース,兵庫県,尼崎市,東難波町５丁目７番１９−１５０１号,6600892
5140001055248,株式会社ティーアールイー,兵庫県,尼崎市,瓦宮１丁目４番１８号,6610971
5140001055256,株式会社カセイ設備,兵庫県,尼崎市,南武庫之荘３丁目１９番８号,6610033
5140001055264,株式会社コスモプロジェクト,兵庫県,尼崎市,椎堂１丁目１６番５−３号,6610952
5140001055272,Ｔ−ＷＩＮ株式会社,兵庫県,尼崎市,田能３丁目９番１６号,6610951
5140001055280,株式会社未来環境整備,兵庫県,尼崎市,武庫之荘東２丁目３１番１２号,6610032
5140001055289,株式会社タイム販売,兵庫県,尼崎市,塚口町４丁目５６番３−１０１号,6610002
5140001055297,アルファイン株式会社,兵庫県,尼崎市,瓦宮１丁目４番７号,6610971
5140001055322,株式会社フューチャー・アイ,兵庫県,尼崎市,武庫之荘１丁目２番３号,6610035
5140001055339,株式会社ドラゴン,兵庫県,尼崎市,東園田町３丁目３３番地の１３,6610953
5140001055355,明正堂株式会社,兵庫県,尼崎市,東園田町８丁目１０２番地２,6610953
5140001055371,株式会社ＹＳＲ,兵庫県,尼崎市,塚口本町２丁目９番２２号,6610001
5140001055388,ラテラアミティ株式会社,兵庫県,尼崎市,東園田町１丁目３５４番地,6610953
5140001055396,藤森建設株式会社,兵庫県,尼崎市,稲葉元町２丁目６番７号,6600055
5140001055421,株式会社キッズドリーム,兵庫県,尼崎市,浜田町２丁目７５番地,6600062
5140001055438,株式会社オパールプラス,兵庫県,尼崎市,南武庫之荘３丁目２５番１０号ＮＡＶＩ３０６、１−Ｂ,6610033
5140001055446,阪神車輌株式会社,兵庫県,尼崎市,元浜町５丁目６８−１,6600085
5140001055462,フォーユー株式会社,兵庫県,尼崎市,水堂町１丁目１−１,6610026
5140001055479,株式会社沖田商店,兵庫県,尼崎市,元浜町３丁目３６番地,6600085
5140001055487,株式会社あいむつみ会,兵庫県,尼崎市,椎堂１丁目１５番３１号,6610952
5140001055529,アットケア阪神株式会社,兵庫県,尼崎市,富松町２丁目２７番２６号,6610003
5140001055537,株式会社エーアンドエム,兵庫県,尼崎市,長洲西通１丁目１４−８,6600807
5140001055545,株式会社月羽音,兵庫県,尼崎市,上ノ島町１丁目１５番１号,6610014
5140001055553,株式会社アウル,兵庫県,尼崎市,名神町２丁目１５番８号,6610021
5140001055586,株式会社Ａ−ＰＬＵＳ　ＪＡＰＡＮ,兵庫県,尼崎市,名神町３丁目５番２７号,6610021
5140001055594,株式会社愛ケアサービス,兵庫県,尼崎市,瓦宮２丁目１３番８号２Ｂ,6610971
5140001055603,株式会社あまみん,兵庫県,尼崎市,西難波町３丁目２９番１０号,6600893
5140001055611,株式会社権進,兵庫県,尼崎市,塚口本町３丁目１８番２７号,6610001
5140001055644,株式会社見市質舗,兵庫県,尼崎市,建家町２５番地,6600871
5140001055652,株式会社フレッシュとも,兵庫県,尼崎市,杭瀬本町２丁目１７番２号,6600814
5140001055660,大志技建工業株式会社,兵庫県,尼崎市,西昆陽２丁目２６番３４号,6610047
5140001055685,株式会社エージェントコミュニティ,兵庫県,尼崎市,南塚口町８丁目６番３３号,6610012
5140001055702,株式会社興和,兵庫県,尼崎市,西長洲町２丁目３０番１１号,6600805
5140001055710,株式会社ＥＳＣｏｍ,兵庫県,尼崎市,潮江１丁目２番６号,6610976
5140001055719,株式会社ＴＫＩ,兵庫県,尼崎市,竹谷町２丁目１８３番地,6600876
5140001055727,株式会社グローバルフーズサプライ,兵庫県,尼崎市,潮江１丁目２番６号,6610976
5140001055735,株式会社トラストリンク,兵庫県,尼崎市,塚口本町７丁目１２番１２−３０１号,6610001
5140001055751,株式会社ＮＣＳ,兵庫県,尼崎市,南武庫之荘２丁目２２番１号シティハイツ武庫之荘４０７号,6610033
5140001055768,株式会社ｅ−リサイクル,兵庫県,尼崎市,西長洲町２丁目２９番１８号,6600805
5140001055784,株式会社Ｍ＆Ｍエステート,兵庫県,尼崎市,南武庫之荘３丁目２２番２０号,6610033
5140001057087,株式会社鍵友建設,兵庫県,尼崎市,崇徳院２丁目５５番地,6600071
5140001057137,株式会社蓮池トランスポート,兵庫県,尼崎市,東海岸町１１番地,6600843
5140001057145,株式会社ＯＭＯＩＹＡＲＩ　ＰＬＵＳ　ＯＮＥ,兵庫県,尼崎市,開明町２丁目１１番地,6600862
5140001057285,株式会社シナジーアーク,兵庫県,尼崎市,西昆陽１丁目１６番５号,6610047
5140001057335,株式会社第一警備,兵庫県,尼崎市,立花町１丁目９番１９号,6610025
5140001067375,株式会社新松,兵庫県,尼崎市,築地２丁目７番３号,6600858
5140001067409,誠和機設株式会社,兵庫県,尼崎市,七松町２丁目６番１７号リヴァール立花２０１号,6600052
5140001067656,株式会社キナテクニック,兵庫県,尼崎市,浜２丁目２４番１６−４０１号,6610967
5140001067771,株式会社セントラルクラフト,兵庫県,尼崎市,西大物町７番２号アーバンハイツ西大物１０２,6600827
5140001068233,株式会社オクダ,兵庫県,尼崎市,道意町６丁目３６番地の２,6600083
5140001069248,株式会社ソリューション,兵庫県,尼崎市,常松１丁目５番２０号,6610046
5140001070783,ＳＤジャパン株式会社,兵庫県,尼崎市,元浜町５丁目１０番２号大興ビル２０１号,6600085
5140001071055,株式会社真都電気,兵庫県,尼崎市,築地５丁目６番８号,6600858
5140001072945,株式会社宗和,兵庫県,尼崎市,神崎町３４番１４号ハイプレｓｏｋｏｏｎｅ１号室,6610964
5140001073316,株式会社ジェイウエブコーポレーション,兵庫県,尼崎市,大島１丁目６番１号,6600076
5140001077639,株式会社旬海,兵庫県,尼崎市,大庄西町４丁目３番６号,6600077
5140001077655,株式会社計装サービス,兵庫県,尼崎市,道意町７丁目１番地の３エーリックビル４１７号室,6600083
5140001077754,株式会社アイティーエヌ,兵庫県,尼崎市,神田北通３丁目３７番３号,6600883
5140001077894,株式会社松栄土木,兵庫県,尼崎市,南武庫之荘１０丁目５７番１３号,6610033
5140001077977,株式会社アイランド管財,兵庫県,尼崎市,塚口町６丁目２０番地２北塚口クリニックビル,6610002
5140001079544,西日本物産株式会社,兵庫県,尼崎市,御園町５４番地,6600861
5140001080320,株式会社Ａ．Ｍ．Ｓ　Ｂｅａｕｔｙ,兵庫県,尼崎市,宮内町１丁目３４番地,6600877
5140001081153,安倉観光株式会社,兵庫県,尼崎市,道意町４丁目４９番地,6600083
5140001081203,株式会社イトウ六東日本,兵庫県,尼崎市,西長洲町２丁目５番７号尼崎テクノ工業団地内,6600805
5140001081343,株式会社神崎,兵庫県,尼崎市,神崎町２０番１７号,6610964
5140001081871,日東高圧化学工業株式会社,兵庫県,尼崎市,稲葉荘１丁目１５番６号,6600064
5140001083364,新栄ビルメンテナンス株式会社,兵庫県,尼崎市,富松町１丁目１２−７−０２,6610003
5140001084008,株式会社トレジャー,兵庫県,尼崎市,南清水１番２８号,6610985
5140001084164,株式会社環境工事,兵庫県,尼崎市,稲葉荘１丁目１６番２２号,6600064
5140001084313,株式会社ケーエスプラント,兵庫県,尼崎市,西昆陽２丁目１４番１号,6610047
5140001086425,株式会社インベストチェアマン,兵庫県,尼崎市,富松町４丁目２４番７号,6610003
5140001086747,株式会社ネガイオ,兵庫県,尼崎市,武庫之荘７丁目１２番７−３０５号,6610035
5140001086755,川口株式会社,兵庫県,尼崎市,浜田町５丁目３６番地,6600062
5140001086862,株式会社トライアップ,兵庫県,尼崎市,立花町３丁目４番１７号１階,6610025
5140001086895,株式会社大垣バイオ・テクノロジー研究センター,兵庫県,尼崎市,東園田町１丁目３５４番地,6610953
5140001087076,尼創油業株式会社,兵庫県,尼崎市,大庄中通１丁目６７番地の１３,6600075
5140001087150,白水興産株式会社,兵庫県,尼崎市,立花町３丁目１５番２６号,6610025
5140001087233,株式会社ストーリーズ,兵庫県,尼崎市,東難波町４丁目１６番１−２１３号,6600892
5140001087571,ピースコンタクト株式会社,兵庫県,尼崎市,南塚口町８丁目３７番２２号,6610012
5140001087794,株式会社ＡＶＥＮＥＲ,兵庫県,尼崎市,東園田町２丁目３９番９号,6610953
5140001087852,御園ホールディングス株式会社,兵庫県,尼崎市,食満３丁目２５番１８号,6610982
5140001087869,株式会社森本興産,兵庫県,尼崎市,東園田町２丁目１７８番地,6610953
5140001088173,株式会社ＲＳサポート,兵庫県,尼崎市,塚口町３丁目３１番地の３,6610002
5140001088710,株式会社ＫｉＳＨＩ,兵庫県,尼崎市,大庄西町１丁目９番１号,6600077
5140001088818,株式会社進和ホームメンテナンス,兵庫県,尼崎市,東難波町５丁目１７番２３−８０１号,6600892
5140001088999,株式会社白壁,兵庫県,尼崎市,瓦宮２丁目８番１５号,6610971
5140001089015,株式会社ウエストフィールド,兵庫県,尼崎市,水堂町４丁目２番３号,6610026
5140001089188,株式会社イキシア,兵庫県,尼崎市,神崎町３６番１号,6610964
5140001089238,株式会社ショウエイ,兵庫県,尼崎市,小中島１丁目１９番９号,6610972
5140001089428,株式会社生祐,兵庫県,尼崎市,塚口町１丁目１８番１７号２Ｆ,6610002
5140001089436,株式会社ｅｆｔａｘ,兵庫県,尼崎市,昭和通３丁目９０番地１,6600881
5140001089502,株式会社千鳥屋宗家,兵庫県,尼崎市,金楽寺町１丁目２番５５号,6600806
5140001089618,アール・アイ・コンサルティング株式会社,兵庫県,尼崎市,西大物町１２番５５−１４１２号,6600827
5140001089650,豊海運輸株式会社,兵庫県,尼崎市,末広町１丁目５−１ＥＳＲ尼崎ディストリビューションセンター１ＦオフィスＤ,6600094
5140001089683,株式会社ＡＺＵＭＩ,兵庫県,尼崎市,東難波町３丁目８番１８号,6600892
5140001089816,株式会社辻本商会,兵庫県,尼崎市,大西町１丁目１５番５号,6610023
5140001089915,株式会社プレミアムグラス,兵庫県,尼崎市,武庫之荘本町２丁目９番９号,6610031
5140001090063,株式会社あさひ調剤薬局,兵庫県,尼崎市,東難波町５丁目７番２５号,6600892
5140001090195,株式会社ドッペル・クライス,兵庫県,尼崎市,長洲西通１丁目１６番２０号,6600807
5140001090253,株式会社イノベーターズ,兵庫県,尼崎市,水堂町１丁目１８番４号,6610026
5140001090278,ビズカバリー株式会社,兵庫県,尼崎市,潮江１丁目２番６号尼崎フロントビル２階,6610976
5140001090294,株式会社プロトコル,兵庫県,尼崎市,立花町１丁目１５番１号,6610025
5140001090369,株式会社ヤマダ工業,兵庫県,尼崎市,名神町３丁目６番９号,6610021
5140001090435,株式会社グローバランス,兵庫県,尼崎市,武庫之荘１丁目３２番１５号,6610035
5140001090484,ＴＳｏｎｅ株式会社,兵庫県,尼崎市,次屋３丁目１−１０,6610965
5140001090674,株式会社崋山,兵庫県,尼崎市,杭瀬本町２丁目８番１５号,6600814
5140001090716,ピースケア株式会社,兵庫県,尼崎市,南武庫之荘７丁目１２番５号,6610033
5140001090740,株式会社勝進,兵庫県,尼崎市,南塚口町８丁目４番１３号,6610012
5140001090963,株式会社ワイズ測量,兵庫県,尼崎市,塚口町１丁目２１番６号,6610002
5140001091103,株式会社ライズホーム,兵庫県,尼崎市,立花町１丁目１０−１７−１０７号,6610025
5140001091169,ブリーズ企画株式会社,兵庫県,尼崎市,金楽寺町１丁目５番１−５１５号,6600806
5140001091251,株式会社昌栄ニッチ,兵庫県,尼崎市,武庫元町１丁目２番１２号１０１,6610043
5140001091458,株式会社Ｑｕａｎｔｕｍ,兵庫県,尼崎市,塚口町１丁目１８番地の８ワコーレザ・塚口町ハウス１１０２号,6610002
5140001091994,株式会社グリッター,兵庫県,尼崎市,西長洲町２丁目２６−１２,6600805
5140001092126,株式会社ＴＭＩテクノ,兵庫県,尼崎市,御園１丁目１７番１８号,6610984
5140001092398,株式会社Ｎ−ＦＡＣＴＯＲＹ,兵庫県,尼崎市,椎堂１丁目１０番１９号,6610952
5140001092951,株式会社レンテック,兵庫県,尼崎市,七松町３丁目２番２４号福本産業ビル３０１,6600052
5140001093009,株式会社サーティーフォー,兵庫県,尼崎市,立花町４丁目１２番１０号,6610025
5140001093058,株式会社ＮＧＭ,兵庫県,尼崎市,建家町１０番地ネオデンクマール１号館５０２,6600871
5140001093289,株式会社ティーズファクトリー,兵庫県,尼崎市,戸ノ内町６丁目１３番４号,6610961
5140001093363,株式会社大坪流通サービス,兵庫県,尼崎市,塚口町５丁目３２番２号,6610002
5140001093487,株式会社エスケーピー,兵庫県,尼崎市,金楽寺町２丁目３４番２２号ラポール２１、１０２号,6600806
5140001093677,株式会社リサードコミュニケーション,兵庫県,尼崎市,東園田町９丁目１番地の３０,6610953
5140001093842,株式会社ベルオフィス,兵庫県,尼崎市,御園１丁目２１番２９号,6610984
5140001093850,株式会社タイデン,兵庫県,尼崎市,武庫豊町３丁目３−３コムズプラザ武庫豊町Ａ−２,6610045
5140001093883,株式会社ジョーカーワークス,兵庫県,尼崎市,若王寺３丁目２３番３７号,6610974
5140001093958,株式会社ふくざき装業,兵庫県,尼崎市,長洲東通１丁目３番１号水上マンション２０１,6600801
5140001093966,株式会社マナファン,兵庫県,尼崎市,杭瀬本町３丁目３番２１号,6600814
5140001093999,株式会社エートップ,兵庫県,尼崎市,杭瀬本町２丁目１−７、１Ｆ,6600814
5140001094171,ダイシンインターナショナル株式会社,兵庫県,尼崎市,大西町３丁目２番２９号,6610023
5140001094213,株式会社ベストフード,兵庫県,尼崎市,立花町１丁目２６番１５号立花一番館１Ｃ,6610025
5140001094246,株式会社ＭＯＳＳ,兵庫県,尼崎市,立花町２丁目１１番１５号,6610025
5140001094477,株式会社日幸金属工業所,兵庫県,尼崎市,次屋３丁目６番１５号,6610965
5140001094659,株式会社クラウド,兵庫県,尼崎市,尾浜町３丁目２９番地２６号エーベル尼崎尾浜１階１０１Ｂ,6610022
5140001094709,株式会社ふくしま不動産,兵庫県,尼崎市,神田南通３丁目５８番地福島ビル４Ｆ,6600885
5140001094980,株式会社ルミエール,兵庫県,尼崎市,立花町１丁目１３番６号,6610025
5140001095079,株式会社ｓｋｙ　ｂｌｕｅ,兵庫県,尼崎市,北大物町１２番１０号,6600804
5140001095129,株式会社クラノス,兵庫県,尼崎市,南武庫之荘９丁目１８番２１号,6610033
5140001095302,ムーンインターナショナル株式会社,兵庫県,尼崎市,昭和南通４丁目４０番地,6600882
5140001096110,株式会社ツインハウスＴ＆Ｍ,兵庫県,尼崎市,元浜町５丁目４７番地,6600085
5140001096151,ケーアイ総合設備株式会社,兵庫県,尼崎市,大庄北５丁目１６番１号,6600063
5140001096374,株式会社Ｙ．Ｓ．Ｍジャパン,兵庫県,尼崎市,長洲西通１丁目１番１０号ＪＲ尼崎駅前南西ビル,6600807
5140001096515,株式会社Ｋテック,兵庫県,尼崎市,南塚口町８丁目１６番２２号,6610012
5140001096622,株式会社エステートフロンティア,兵庫県,尼崎市,上ノ島町２丁目１６番１−１０１号,6610014
5140001096936,株式会社エステート大西,兵庫県,尼崎市,南武庫之荘５丁目３番７号,6610033
5140001096985,株式会社Ｔｈｉｓ,兵庫県,尼崎市,塚口町６丁目４１番地の１６,6610002
5140001097067,テクサポート株式会社,兵庫県,尼崎市,立花町４丁目１３番３号,6610025
5140001097125,株式会社尾川工業,兵庫県,尼崎市,武庫豊町２丁目１２番１２−１号,6610045
5140001097190,深江興産株式会社,兵庫県,尼崎市,東塚口町１丁目２番２２−１０１号,6610011
5140001097307,株式会社エール,兵庫県,尼崎市,下坂部４丁目８番２２号,6610975
5140001097620,株式会社アールアール,兵庫県,尼崎市,神崎町１９番４号２階,6610964
5140001097694,ロングメディカル株式会社,兵庫県,尼崎市,武庫之荘西２丁目５２番７号,6610034
5140001097868,株式会社エスアイディ,兵庫県,尼崎市,東難波町５丁目３０番６−８０４号,6600892
5140001098073,株式会社情熱販売所,兵庫県,尼崎市,浜３丁目１番３２号,6610967
5140001098379,株式会社牛田組,兵庫県,尼崎市,南武庫之荘７丁目７番７号,6610033
5140001098610,ＴＡＮＡＫＡ株式会社,兵庫県,尼崎市,塚口町６丁目５１番３号,6610002
5140001098619,株式会社ＤＲＥＡＭＷＩＮＧ,兵庫県,尼崎市,尾浜町２丁目３２−６−３Ｆ,6610022
5140001098981,阿波徳商事株式会社,兵庫県,尼崎市,大西町１丁目６番１９号,6610023
5140001099088,株式会社Ｓｌｏｗ−ｗｅｌｌ,兵庫県,尼崎市,武庫之荘東２丁目２８番１０号,6610032
5140001099121,株式会社ヒューマン・コネクション,兵庫県,尼崎市,小中島１丁目１９番７号,6610972
5140001099220,株式会社Ｋ．Ｋプランニング,兵庫県,尼崎市,金楽寺町２丁目７番１４−４０５号,6600806
5140001099344,株式会社ＦＩＲＳＴ,兵庫県,尼崎市,水堂町２丁目３９番２０−２０５号,6610026
5140001099427,株式会社エヌ・トップ,兵庫県,尼崎市,南武庫之荘１１丁目９番４号,6610033
5140001099451,株式会社勝野電機,兵庫県,尼崎市,西昆陽１丁目１番３号,6610047
5140001099468,株式会社コメット,兵庫県,尼崎市,武庫之荘１丁目５番１４号,6610035
5140001099575,株式会社建商,兵庫県,尼崎市,南塚口町１丁目１８番１０号,6610012
5140001099798,株式会社ビースタイルズ,兵庫県,尼崎市,西本町２丁目７６番地,6600874
5140001099856,株式会社ドリームフロントホールディングス,兵庫県,尼崎市,南武庫之荘１丁目８番２４号ソラリスビル２Ｆ,6610033
5140001100202,株式会社ＷＡＮＴＥＤ,兵庫県,尼崎市,南武庫之荘３丁目１７番７号吉田テラスハウス,6610033
5140001100301,ＰＯＷＥＲ１１株式会社,兵庫県,尼崎市,昭和通３丁目９０番１号５Ｆ,6600881
5140001100417,株式会社別所,兵庫県,尼崎市,潮江２丁目１１番５号,6610976
5140001100524,株式会社Ｒａｄｇｒｉｄ,兵庫県,尼崎市,東難波町５丁目８番２６号アネスト尼崎２Ｆ,6600892
5140001100895,株式会社ｎａｎａｉｒｏ,兵庫県,尼崎市,南武庫之荘７丁目２番１４号,6610033
5140001101051,株式会社ケイエムスリー,兵庫県,尼崎市,額田町１７番１１号,6610962
5140001101258,株式会社神原鉄筋工業,兵庫県,尼崎市,口田中１丁目１５番３号,6610983
5140001101290,株式会社亀匠,兵庫県,尼崎市,浜田町３丁目９２番地３,6600062
5140001101316,チームサク株式会社,兵庫県,尼崎市,塚口町５丁目１６番地の１９,6610002
5140001101431,ハッピーサポート株式会社,兵庫県,尼崎市,神田南通２丁目３６番地,6600885
5140001101596,株式会社プラス・ドア,兵庫県,尼崎市,崇徳院１丁目１７番地の１−１０２号,6600071
5140001101836,名月住建株式会社,兵庫県,尼崎市,尾浜町２丁目２１番３５号,6610022
5140001101869,クロススタッフ株式会社,兵庫県,尼崎市,道意町７丁目１番３,6600083
5140001102000,株式会社アールダイニング,兵庫県,尼崎市,武庫之荘東１丁目５番１０号,6610032
5140001102033,株式会社青木興業,兵庫県,尼崎市,杭瀬南新町２丁目６番４０号,6600822
5140001102710,株式会社宏信フェンス,兵庫県,尼崎市,武庫之荘８丁目１２番２３号,6610035
5140001102727,株式会社井上建築工房,兵庫県,尼崎市,西本町７丁目６番地,6600874
5140001102776,株式会社ＳＡＴＳＵＭＡ,兵庫県,尼崎市,久々知西町２丁目１３番２４号,6610978
5140001103056,エコスタ株式会社,兵庫県,尼崎市,塚口町６丁目１６番地の２,6610002
5140001103089,株式会社ＪＰＳ,兵庫県,尼崎市,元浜町１丁目６７−１,6600085
5140001103345,株式会社コンタクトレンズ・メガネリーフ,兵庫県,尼崎市,西大物町１２番４１号アマゴッタ４階,6600827
5140001103485,株式会社ゴールドスマイルライン,兵庫県,尼崎市,南塚口町５丁目１５番２６−０５号,6610012
5140001103568,トミライ株式会社,兵庫県,尼崎市,金楽寺町１丁目６番５５号,6600806
5140001103774,ＫＴＭ工業株式会社,兵庫県,尼崎市,西立花町１丁目１番８号,6600054
5140001103816,株式会社Ａｖａｎｔ,兵庫県,尼崎市,南武庫之荘１丁目２番２６アスカディア武庫之荘５０２号,6610033
5140001104095,株式会社仁保鉄筋興業,兵庫県,尼崎市,南塚口町３丁目３番１６号,6610012
5140001104343,株式会社ＳＥＡ　ＳＨＥＬＬ,兵庫県,尼崎市,久々知１丁目１９番６号,6610977
5140001104434,運慶堂株式会社,兵庫県,尼崎市,額田町１４番５号外間方,6610962
5140001104475,株式会社ウエスト１７,兵庫県,尼崎市,稲葉荘１丁目１６番２０号,6600064
5140001104616,株式会社Ｐｈｏｔｏ　ｓｈｏｐ　Ｋ,兵庫県,尼崎市,南武庫之荘３丁目３０番１２−２０９号,6610033
5140001104946,直電設株式会社,兵庫県,尼崎市,武庫之荘８丁目３２番１９号,6610035
5140001104979,株式会社谷山建装,兵庫県,尼崎市,口田中１丁目１８番１２号,6610983
5140001105011,株式会社Ｈ・Ｍ・Ｔ,兵庫県,尼崎市,丸島町３１番地,6600086
5140001105069,株式会社ほそだ建装,兵庫県,尼崎市,水堂町２丁目４０番３４号２階,6610026
5140001105102,株式会社ユー・エー・エー,兵庫県,尼崎市,東難波町４丁目２１番３５−１１１４号,6600892
5140001105358,株式会社Ｓｔ．Ｍｏｒｉｔｚ,兵庫県,尼崎市,常松１丁目３６番２６号,6610046
5140001105399,ＧＡＲＡＧＥ１０４株式会社,兵庫県,尼崎市,次屋３丁目６番１５号,6610965
5140001105507,株式会社濱田斫工,兵庫県,尼崎市,稲葉荘１丁目２１番１０号,6600064
5140001105548,株式会社石田基礎工業,兵庫県,尼崎市,大島２丁目２５番１６号,6600076
5140001105589,ＳＫＭ株式会社,兵庫県,尼崎市,潮江４丁目４番１号,6610976
5140001105630,株式会社辻本工業,兵庫県,尼崎市,潮江１丁目３１番１５号,6610976
5140001105705,ユーケイ工業株式会社,兵庫県,尼崎市,東園田町８丁目１００番地の８−１０１号,6610953
5140001106257,株式会社きたむら工務店,兵庫県,尼崎市,建家町９９番地,6600871
5140001106372,株式会社Ｗｉｓｈ,兵庫県,尼崎市,武庫元町２丁目２０番２号,6610043
5140001106439,株式会社プリート,兵庫県,尼崎市,西立花町１丁目１１番２６号,6600054
5140001106736,株式会社松山建設,兵庫県,尼崎市,南武庫之荘５丁目２５番２号,6610033
5140001106876,株式会社渡口工業,兵庫県,尼崎市,久々知西町１丁目１０番２５号,6610978
5140001106983,株式会社ニックス住宅設備,兵庫県,尼崎市,南塚口町１丁目２番８号ネオダイキョー塚口４１６号,6610012
5140001107065,株式会社ヒロコーポレーション,兵庫県,尼崎市,大庄中通３丁目５６番地,6600075
5140001107148,Ｍ＆Ｍハウジング株式会社,兵庫県,尼崎市,東園田町９丁目３２番地の１１,6610953
5140001107189,株式会社大志会建設,兵庫県,尼崎市,東園田町６丁目４６番地の１−２−１１０８,6610953
5140001107255,鼎金属株式会社,兵庫県,尼崎市,南武庫之荘７丁目２２番２９号,6610033
5140001107362,株式会社Ｗｉｓｅ　Ｕｐ,兵庫県,尼崎市,水堂町４丁目４番２８号,6610026
5140001107585,株式会社１ＪＵＳＴ,兵庫県,尼崎市,東園田町５丁目５６番地の１,6610953
5140001107593,株式会社Ｆｉｒｓｔ　Ｌｉｇｈｔ．ｃｏ,兵庫県,尼崎市,上ノ島町１丁目７番７号,6610014
5140001107610,共栄興産株式会社,兵庫県,尼崎市,田能６丁目１２番３５号,6610951
5140001107676,株式会社ＭＩＮＧＯ,兵庫県,尼崎市,富松町３丁目３４番１７号,6610003
5140001107981,株式会社なごみペイント,兵庫県,尼崎市,浜田町３丁目８９番地４,6600062
5140001108105,関西ハウスソリューション株式会社,兵庫県,尼崎市,道意町６丁目９番地,6600083
5140001108113,株式会社創和インテック,兵庫県,尼崎市,神崎町１２番３２号,6610964
5140001108138,株式会社匠夢,兵庫県,尼崎市,武庫之荘９丁目３６−２６−５０２,6610035
5140001108146,株式会社ネクストライ,兵庫県,尼崎市,東塚口町１丁目１３番１０−４１０,6610011
5140001108162,株式会社スペラーレ,兵庫県,尼崎市,武庫豊町２丁目９番１−５０５号,6610045
5140001108261,株式会社Ｋ−Ｌｏｇｉｓｔｉｃｓ,兵庫県,尼崎市,琴浦町７６番地サンハイツ１０３号,6600074
5140001108419,株式会社大智組,兵庫県,尼崎市,西立花町４丁目５番１−２０８号,6600054
5140001108427,株式会社共栄ホールディングス,兵庫県,尼崎市,西川２丁目１１番２８号,6610966
5140001108550,株式会社脇坂医療研究所,兵庫県,尼崎市,武庫元町２丁目１２−１−１０１,6610043
5140001109012,株式会社木村組,兵庫県,尼崎市,南初島町８番地の５６,6600833
5140001109152,朝日海洋株式会社,兵庫県,尼崎市,東海岸町３８番地,6600843
5140001109268,株式会社小林ハウジング,兵庫県,尼崎市,南塚口町１丁目１８番１３号,6610012
5140001109383,株式会社エーアールパソロジー,兵庫県,尼崎市,東園田町９丁目１１番地の８,6610953
5140001109400,株式会社中建設,兵庫県,尼崎市,尾浜町２丁目１２−１９,6610022
5140001109433,株式会社喜左ヱ門,兵庫県,尼崎市,若王寺２丁目１４番２０号,6610974
5140001109458,株式会社エポックメイキング,兵庫県,尼崎市,戸ノ内町３丁目１７番３号,6610961
5140001109499,株式会社ワールドトラスティ,兵庫県,尼崎市,額田町１７−１シャトー福２０２号,6610962
5140001109508,株式会社セジエ,兵庫県,尼崎市,東難波町５丁目８番２６号６Ａ,6600892
5140001109615,株式会社ティーテック,兵庫県,尼崎市,西難波町６丁目３番１号,6600893
5140001109747,株式会社ライゼル,兵庫県,尼崎市,大庄川田町１６番地の１５,6600072
5140001109929,株式会社ノムラ工務店,兵庫県,尼崎市,常松１丁目２１番４号,6610046
5140001109961,ＯＵＲＳ株式会社,兵庫県,尼崎市,西難波町１丁目１２番１４号,6600893
5140001109978,株式会社ＡｒｒｒＫ,兵庫県,尼崎市,武庫之荘西２丁目４９番８号,6610034
5140001110168,株式会社フェンテリア,兵庫県,尼崎市,久々知３丁目２２番１２号,6610977
5140001110283,株式会社多聞,兵庫県,尼崎市,西難波町３丁目２４番７号,6600893
5140001110325,株式会社フェリックス,兵庫県,尼崎市,武庫之荘東２丁目２２番９号,6610032
5140001110820,ＡＳＳＥＭＢＬＹ株式会社,兵庫県,尼崎市,南武庫之荘１１丁目９番８号,6610033
5140001111109,株式会社エムシード,兵庫県,尼崎市,立花町１丁目２４番２３号,6610025
5140001111158,株式会社スマイル工房,兵庫県,尼崎市,大庄北４丁目２番１２−１１５号,6600063
5140001111570,株式会社スマイルクリエイト,兵庫県,尼崎市,稲葉元町２丁目４番２８号,6600055
5140001111637,マサキテック株式会社,兵庫県,尼崎市,南塚口町７丁目２４番１２−２１３号,6610012
5140001111736,株式会社タカテック,兵庫県,尼崎市,富松町１丁目２２番４１号セレニティ武庫之荘１階,6610003
5140001111851,近畿不動産リアルティ株式会社,兵庫県,尼崎市,御園町３５−２Ｆ,6600861
5140001111918,株式会社三ツ石商事,兵庫県,尼崎市,西立花町２丁目９番１９号,6600054
5140001112065,ＣＷＥ株式会社,兵庫県,尼崎市,東園田町６丁目５５番地の２４,6610953
5140001112115,株式会社フォンターナ,兵庫県,尼崎市,東園田町４丁目１１８番地の１,6610953
5140001112164,株式会社ＩＢ−Ｏｆｆｉｃｅ,兵庫県,尼崎市,南七松町１丁目５番１８号,6600053
5140001112189,ファーマシートマト株式会社,兵庫県,尼崎市,御園町２４番地尼崎第一ビル４０２,6600861
5140001112362,株式会社祐成,兵庫県,尼崎市,昭和通４丁目１２４番地スカイハイツ７０５号,6600881
5140001112486,Ｓｔａｃｋ　ｕｐ株式会社,兵庫県,尼崎市,武庫元町２丁目１番１２号,6610043
5140001112676,株式会社クリスタル,兵庫県,尼崎市,金楽寺町１丁目６番５７号,6600806
5140001112692,株式会社イーグル,兵庫県,尼崎市,道意町７丁目１番３号,6600083
5140001112949,株式会社ＥＩＧＨＴ,兵庫県,尼崎市,水堂町２丁目１８番１４号,6610026
5140001112981,株式会社高木塗装,兵庫県,尼崎市,武庫町１丁目２８−１２−５０３,6610044
5140001113063,株式会社笑栄,兵庫県,尼崎市,尾浜町１丁目３１番１２号,6610022
5140001113187,京神基礎株式会社,兵庫県,尼崎市,武庫之荘本町２丁目１８番６号,6610031
5140001113195,株式会社ＴＳＥメンテナンス,兵庫県,尼崎市,南塚口町８丁目８番５９号,6610012
5140001113303,ＳＩＥＧ‐Ｋ株式会社,兵庫県,尼崎市,南塚口町８丁目１２−３０,6610012
5140001113419,株式会社アサンハ,兵庫県,尼崎市,神田中通８丁目２６１番地,6600884
5140001113559,株式会社ＴＡＭＡＴＳＵ,兵庫県,尼崎市,南七松町２丁目９番３２号南七松ライゼホビー３号,6600053
5140001113609,株式会社兵庫ビジネスパートナー,兵庫県,尼崎市,西昆陽１丁目１４番９号,6610047
5140001113641,株式会社キンキ警備,兵庫県,尼崎市,塚口本町１丁目２０番２−２０１号,6610001
5140001113666,株式会社グリーンハウジング,兵庫県,尼崎市,武庫之荘５丁目１２番１−１０１号,6610035
5140001113906,株式会社松本商会,兵庫県,尼崎市,大庄中通２丁目５９番地の１０３,6600075
5140001114111,株式会社てっぽう,兵庫県,尼崎市,稲葉荘１丁目２６番１０号,6600064
5140001114160,ニーズサポートセンター株式会社,兵庫県,尼崎市,塚口町５丁目１１番地の１３,6610002
5140001114409,株式会社丹波鉄工所,兵庫県,尼崎市,西長洲東通１丁目８番地,
5140001114417,株式会社アイビー企画,兵庫県,尼崎市,富松町３丁目３６番２０号,6610003
5140001114540,株式会社しくみ,兵庫県,尼崎市,七松町２丁目１−５−６０２,6600052
5140001114581,株式会社ココイル,兵庫県,尼崎市,開明町１丁目５２番地の２１第２ヨシダビル２階,6600862
5140001114615,株式会社ＡＲ環境開発,兵庫県,尼崎市,東園田町２丁目１２０−２ローマレジデンス２０１号,6610953
5140001114656,ニッコウ株式会社,兵庫県,尼崎市,道意町４丁目４０番１,6600083
5140001115035,ＳＲ株式会社,兵庫県,尼崎市,杭瀬北新町４丁目１１番２−５０３号,6600815
5140001115175,ＳＯＴＯＫＡＷＡ株式会社,兵庫県,尼崎市,武庫豊町２丁目９番１−３０２号,6610045
5140001115209,株式会社一文字,兵庫県,尼崎市,上ノ島町１丁目３７番３−３０１号,6610014
5140001115431,テクスト工業株式会社,兵庫県,尼崎市,久々知西町２丁目１４番１０号,6610978
5140001115588,株式会社ＡＬＬアシスト,兵庫県,尼崎市,武庫元町２丁目２番１３号ルネス栄１Ｆ,6610043
5140001115670,株式会社Ｋ−ＳＴＹＬＥ,兵庫県,尼崎市,東難波町４丁目２２番１号,6600892
5140001115753,株式会社グローバル・スタッフ,兵庫県,尼崎市,東園田町２丁目４５番地の１・３０２号,6610953
5140001115844,株式会社ＥＡＲＸ,兵庫県,尼崎市,田能３丁目９番１１号,6610951
5140001115893,株式会社オカタニ,兵庫県,尼崎市,御園３丁目３番８号,6610984
5140001116017,株式会社カルナシア,兵庫県,尼崎市,竹谷町３丁目１４０番地２階,6600876
5140001116446,株式会社ＳＵＮ　ＧＲＩＮＤＩＮＧ,兵庫県,尼崎市,東本町２丁目６０番地,6600824
5140001116479,株式会社アイビス,兵庫県,尼崎市,南武庫之荘７丁目６−１レシェンテ武庫之荘３０３号,6610033
5140001116504,株式会社スターオービット１,兵庫県,尼崎市,塚口町１丁目３３番２６号,6610002
5140001116529,ＳＡＬＴＯ株式会社,兵庫県,尼崎市,久々知１丁目１９番５号北端,6610977
5140001116644,福繁商事株式会社,兵庫県,尼崎市,武庫之荘１丁目３３番１−１１８号,6610035
5140001116834,株式会社ＴＲＵＳＴ,兵庫県,尼崎市,長洲西通２丁目９番２２号,6600807
5140001116842,株式会社しじみ,兵庫県,尼崎市,小中島１丁目６番４号,6610972
5140001116859,株式会社ＮＣＭ,兵庫県,尼崎市,食満５丁目３番１４号,6610982
5140001117064,株式会社サキノ工業,兵庫県,尼崎市,若王寺３丁目２０−７,6610974
5140001117106,株式会社泉,兵庫県,尼崎市,武庫町１丁目２５番２２号セザール武庫之荘ガーデン２０２号室,6610044
5140001117295,Ｎ−カマダＴｓ株式会社,兵庫県,尼崎市,東大物町２丁目５番７−２号,6600828
5140001117675,株式会社タダカラボタモチ,兵庫県,尼崎市,西向島町７１番地,6600857
5140001117758,株式会社プライベートノース,兵庫県,尼崎市,御園町２４番地尼崎第一ビル４０２号,6600861
5140001117840,株式会社龍智工業,兵庫県,尼崎市,塚口本町２丁目２１番９号,6610001
5140001118062,株式会社ＩＳＡ,兵庫県,尼崎市,今福２丁目３−２ソーレフォンテ２０１号,6600812
5140001118070,株式会社Ｓｅｖｅｎ　Ｗａｖｅｓ,兵庫県,尼崎市,東難波町５丁目１７番２３−８Ｆ,6600892
5140001118260,株式会社ウエストエイト,兵庫県,尼崎市,西川１丁目１０番８号,6610966
5140001118574,株式会社Ｅｄａ−Ｍａｍｍｙ,兵庫県,尼崎市,長洲西通１丁目１−８,6600807
5140001118624,株式会社ＰＥＲＳＯＮ,兵庫県,尼崎市,長洲西通２丁目２番６号,6600807
5140001118640,心幸ウェルネス株式会社,兵庫県,尼崎市,潮江１丁目２番６号ＪＲＥ尼崎フロントビル２階,6610976
5140001118731,株式会社Ｄｅａｒｌｙ　Ａｃｔ　Ｃｏｍｐａｎｙ,兵庫県,尼崎市,若王寺３丁目１０番３３号,6610974
5140001118789,Ｍ＆ＹＵ株式会社,兵庫県,尼崎市,西昆陽２丁目２番３０号,6610047
5140001118806,パルコーポレーション株式会社,兵庫県,尼崎市,水堂町２丁目３８番１号,6610026
5140001118847,株式会社トーハイ,兵庫県,尼崎市,西立花町２丁目７番１号,6600054
5140001118946,新垣商事株式会社,兵庫県,尼崎市,武庫之荘２丁目２０番１３号,6610035
5140001119184,株式会社グッドリンク,兵庫県,尼崎市,武庫川町３丁目１４番地の１９,6600084
5140001119309,株式会社ＫＨｗｏｒｋｓ,兵庫県,尼崎市,栗山町１丁目１４番１９−１号,6610013
5140001119333,株式会社ＫＭ−ＴＲ,兵庫県,尼崎市,西立花町２丁目４番７号,6600054
5140001119606,株式会社イール,兵庫県,尼崎市,稲葉元町３丁目１５番１−２０６号,6600055
5140001119762,エクスパンディ株式会社,兵庫県,尼崎市,武庫之荘３丁目１９番３号,6610035
5140001119944,ワンオン株式会社,兵庫県,尼崎市,尾浜町２丁目３２番６号１Ｆ,6610022
5140001119952,株式会社ｔｒｅｅ　ｈｏｕｓｅ,兵庫県,尼崎市,浜田町２丁目７７番地の２,6600062
5140001120175,株式会社Ｔ−ｆａｍａａ,兵庫県,尼崎市,神田中通９丁目２９３−１０,6600884
5140001120308,株式会社ＢＡＳＥ,兵庫県,尼崎市,大庄西町１丁目９番１号ヴォートセレスト１５０１号,6600077
5140001120349,株式会社リアルビルド,兵庫県,尼崎市,三反田町２丁目７番４６号,6610024
5140001120431,株式会社テツ,兵庫県,尼崎市,浜田町３丁目３７番地の２,6600062
5140001120448,怜美株式会社,兵庫県,尼崎市,蓬川町３０２番１６号ザ・ガーデネスクシティ・アクア館１０４号,6600081
5140001120514,株式会社ＷＥＢ集客,兵庫県,尼崎市,昭和通２丁目８−１２−６０４,6600881
5140001120613,株式会社Ｈ．Ａ．Ｍ,兵庫県,尼崎市,武庫之荘本町１丁目１８番８−２号,6610031
5140001120704,株式会社メイクユースオブ,兵庫県,尼崎市,塚口本町５丁目５番１−２２６号,6610001
5140001120753,株式会社パインズコネクト,兵庫県,尼崎市,神崎町３１番７号,6610964
5140001120803,株式会社ライフサイド,兵庫県,尼崎市,南塚口町７丁目２９番７２号,6610012
5140001121033,株式会社ＭＩＹＡＫＫＯ,兵庫県,尼崎市,水堂町２丁目１６番１８号,6610026
5140001121041,尼高ロジコネクト株式会社,兵庫県,尼崎市,道意町６丁目３番５０５号,6600083
5140001121140,兵庫栄養サービス株式会社,兵庫県,尼崎市,塚口町２丁目２３番地の１,6610002
5140001121181,株式会社ＫＴＣ,兵庫県,尼崎市,南武庫之荘３丁目８番１−２０４号,6610033
5140001121198,株式会社Ｄｅｉｔｙ,兵庫県,尼崎市,常松１丁目１５番８−３号,6610046
5140001121347,株式会社Ｇｏｌｄ．Ｓｔｙｌｅ,兵庫県,尼崎市,開明町２丁目１１番地,6600862
5140001122213,株式会社志匠工夢店,兵庫県,尼崎市,東難波町４丁目１番１８−１号,6600892
5140001122262,株式会社助人,兵庫県,尼崎市,久々知３丁目１２番２５号,6610977
5140001122312,株式会社友翔,兵庫県,尼崎市,武庫之荘７丁目２７番２号,6610035
5140001122460,日本軽バンレンタリース株式会社,兵庫県,尼崎市,丸島町３０番地３,6600086
5140001122601,株式会社一秀,兵庫県,尼崎市,東園田町１丁目３３３番地の３,6610953
5140001122898,株式会社ハギワラ建築工房,兵庫県,尼崎市,猪名寺２丁目１７番５号,6610981
5140001122972,株式会社Ｓａｉｌ,兵庫県,尼崎市,武庫之荘東１丁目１５番１５−２０５号,6610032
5140001123054,株式会社Ｋ−ＴＥＣ,兵庫県,尼崎市,西御園町１１４番地サンロイヤル御園１０５号,6600868
5140001123186,アマボウ株式会社,兵庫県,尼崎市,西難波町３丁目２４−１７,6600893
5140001123269,株式会社Ｆｒｅｅｎｙ,兵庫県,尼崎市,南武庫之荘１丁目８番２１−２０３,6610033
5140001123277,株式会社ノオラ,兵庫県,尼崎市,武庫之荘東１丁目２５番１−１０２号,6610032
5140001123327,株式会社ＴＡＧＧＥＲ　ＪＡＰＡＮ,兵庫県,尼崎市,七松町２丁目４番２２号,6600052
5140001123418,株式会社ｋｉｒａｍｅｋｉ,兵庫県,尼崎市,元浜町２丁目２２番地２,6600085
5140001123558,株式会社アグリー,兵庫県,尼崎市,昭和通１丁目１６番１号,6600881
5140001123582,かつみ興業株式会社,兵庫県,尼崎市,崇徳院２丁目７７番地の３,6600071
5140001123673,株式会社創電舎絆,兵庫県,尼崎市,水堂町２丁目７−１２−２,6610026
5140001123715,株式会社ひめ動物クリニック,兵庫県,尼崎市,東園田町５丁目２１番地の２５,6610953
5140001123797,株式会社Ｓ＆Ｈ,兵庫県,尼崎市,開明町１丁目２１−１菊屋マンション２０３号室,6600862
5140001123830,株式会社Ｆｏｒ　Ｃｒｅａｔｅ,兵庫県,尼崎市,次屋３丁目６−４０,6610965
5140001123847,ヤクモＨＤ株式会社,兵庫県,尼崎市,御園町２４番地尼崎第一ビル４０２号,6600861
5140001124176,株式会社えあわせ,兵庫県,尼崎市,大庄西町１丁目２番１５号,6600077
5140001124283,フィデリティアセット株式会社,兵庫県,尼崎市,御園町２４番地尼崎第一ビル４０２号,6600861
5140001124465,株式会社ＫＩＳＨＩＭＯＴＯ,兵庫県,尼崎市,小中島３丁目６番１３号,6610972
5140001124507,株式会社ｓａｎｋｙｏｕ,兵庫県,尼崎市,尾浜町１丁目２９番２８号,6610022
5140001124688,株式会社ＨＡＲＳ,兵庫県,尼崎市,長洲西通１丁目５番１号,6600807
5140001124770,株式会社ＹＡＨＥＩ,兵庫県,尼崎市,長洲中通３丁目７番１７号,6600802
5140001125067,株式会社ＹＵＵＷＡテック,兵庫県,尼崎市,武庫之荘５丁目１３番３号グリーンコーポ武庫之荘１０２,6610035
5140001125298,株式会社計画プロダクト,兵庫県,尼崎市,南塚口町６丁目１０番３７号サンロイヤル２Ｆ,6610012
5140001125331,ＦＡＣＴＯ　ＴＵＭ　ＪＡＰＡＮ株式会社,兵庫県,尼崎市,築地５丁目６番１６号山栄ビル５０２号,6600858
5140001125348,ＡＤＳＴＡＲ株式会社,兵庫県,尼崎市,南武庫之荘２丁目５番２４号室田ビル１階,6610033
5140001125364,株式会社河野工業,兵庫県,尼崎市,塚口町４丁目２７番地の２、２０７号,6610002
5140001125397,株式会社省栄工業,兵庫県,尼崎市,竹谷町３丁目１１２番地,6600876
5140001125513,株式会社ＰＲＯ・ＳＨＯＰ大井,兵庫県,尼崎市,久々知１丁目１４番１１号,6610977
5140001125686,リューケン興業株式会社,兵庫県,尼崎市,元浜町１丁目４２番地の２,6600085
5140001125694,株式会社プロジェクトフォーナイン,兵庫県,尼崎市,善法寺町１０番３号,6610973
5140001125785,Ｃ・Ｆ・ＳＨＩ株式会社,兵庫県,尼崎市,大西町３丁目５番２１号,6610023
5140001125901,株式会社エステック,兵庫県,尼崎市,稲葉元町１丁目３番３号,6600055
5140001126008,株式会社ＹＢ,兵庫県,尼崎市,大庄西町４丁目３番１−２０２号,6600077
5140001126098,株式会社ナビホーム,兵庫県,尼崎市,水堂町４丁目１１番１１号,6610026
5140001126172,株式会社Ｔｒｉｎｉｔｙ　ｑｕｅｓｔ,兵庫県,尼崎市,南塚口町６丁目９番１−２２５号,6610012
5140001126239,株式会社Ｌａｂｏ,兵庫県,尼崎市,東園田町９丁目９−１−４０１,6610953
5140001126296,株式会社グッドホーム松本,兵庫県,尼崎市,大庄北２丁目３番１６号,6600063
5140001126354,ユースフルデザイン株式会社,兵庫県,尼崎市,神田北通４丁目１０１番地,6600883
5140001126494,株式会社アバランチ,兵庫県,尼崎市,大庄中通２丁目１３番１号,6600075
5140001126610,株式会社藤田,兵庫県,尼崎市,武庫町４丁目６番１４−１号,6610044
5140001126767,あすかの工務店株式会社,兵庫県,尼崎市,崇徳院２丁目７２番地の８,6600071
5140001126957,株式会社ほけんの輪,兵庫県,尼崎市,武庫之荘９丁目２３番３号,6610035
5140001127096,株式会社ＳＲエステート,兵庫県,尼崎市,潮江４丁目１番８号,6610976
5140001127220,株式会社ラウエア,兵庫県,尼崎市,久々知１丁目７番４号,6610977
5140001127831,株式会社ＡＰＭ,兵庫県,尼崎市,尾浜町１丁目３１番２６号３Ｆ,6610022
5140001127864,株式会社ゼノン,兵庫県,尼崎市,田能６丁目１番１号,6610951
5140001127971,株式会社リノア,兵庫県,尼崎市,立花町１丁目５−２０−２Ｆ,6610025
5140001128185,株式会社ｓｏｒｔ,兵庫県,尼崎市,武庫之荘本町２丁目１６番８−１０２号,6610031
5140001128276,大輝株式会社,兵庫県,尼崎市,杭瀬南新町１丁目１２番１号,6600822
5140001128400,株式会社平島工務店,兵庫県,尼崎市,南武庫之荘９丁目１１番５６−３号,6610033
5140001128490,株式会社シャムロック,兵庫県,尼崎市,次屋１丁目２５番１２号シャムロック４０１号,6610965
5140001128557,株式会社立花建設,兵庫県,尼崎市,武庫町３丁目３番２−３０８号,6610044
5140001128631,ましろ株式会社,兵庫県,尼崎市,水堂町２丁目１９番２０号,6610026
5140001128763,株式会社グローカル,兵庫県,尼崎市,昭和通２丁目６番６８号尼崎市中小企業センターアイル３Ｆ,6600881
5140001128862,株式会社Ｋ‐Ｓ,兵庫県,尼崎市,猪名寺２丁目２１番１８号１号３階,6610981
5140001129142,株式会社Ｃａｔｗｏｒｋ,兵庫県,尼崎市,潮江１丁目１６番１−１６０６号,6610976
5140001129159,株式会社スピードワールド,兵庫県,尼崎市,稲葉元町１丁目３番３号メビウスガーデンＢ号,6600055
5140001129175,株式会社こさき福祉法務事務所,兵庫県,尼崎市,御園町２７−３−１００５,6600861
5140001129217,株式会社マルベックシステム,兵庫県,尼崎市,東園田町３丁目３１番地の４,6610953
5140001129357,株式会社サンライズ,兵庫県,尼崎市,立花町４丁目２番１４号Ｓｕｐｅｒｂｅ立花Ｂ,6610025
5140001129373,株式会社日翔技潜,兵庫県,尼崎市,梶ケ島１番３４号,6600821
5140001129407,株式会社Ｂ．ＰＡＩＮＴ,兵庫県,尼崎市,南武庫之荘９丁目１１番５３−３号,6610033
5140001129621,株式会社ＥＦＦＯＲＴ,兵庫県,尼崎市,南武庫之荘９丁目１８番２２号,6610033
5140001129852,株式会社ＡＭＣ,兵庫県,尼崎市,常光寺２丁目３番１０号,6600811
5140001129927,株式会社天咲ソリューション,兵庫県,尼崎市,神田中通２丁目２７番地の１９,6600884
5140001130117,株式会社アカサタナ,兵庫県,尼崎市,三反田町２丁目１８番１−６０６号,6610024
5140001130190,株式会社クルーゼ,兵庫県,尼崎市,浜３丁目７番１号,6610967
5140001130224,ＭＫ　ｃｏｍｐａｎｙ株式会社,兵庫県,尼崎市,次屋１丁目２３番２５号,6610965
5140001130298,株式会社ゆうおん,兵庫県,尼崎市,瓦宮２丁目１６番１９号,6610971
5140001130348,Ｐａｒｔｉａｓ株式会社,兵庫県,尼崎市,東園田町４丁目２６番地の６ロジェマンション２０７,6610953
5140001130488,株式会社ＫＵＲＯＤＥＮ,兵庫県,尼崎市,田能４丁目１４番１８号,6610951
5140001130819,株式会社ＹＫテック,兵庫県,尼崎市,戸ノ内町６丁目１２番１９,6610961
5140001131016,Ｎ　ＧＲＯＵＰ　ＣＲＥＡＴＥ株式会社,兵庫県,尼崎市,東園田町５丁目４６番地１４−３０１号,6610953
5140001131172,株式会社Ｇｉｖｅ　ｅｄｇｅ,兵庫県,尼崎市,富松町１丁目４７−１,6610003
5140001131271,株式会社一デバン,兵庫県,尼崎市,神田中通９丁目２８５番地の７,6600884
5140001131643,株式会社オーケーホーム,兵庫県,尼崎市,東園田町１丁目８８番地の１,6610953
5140001131817,株式会社サニー総合環境サービス,兵庫県,尼崎市,武庫町４丁目５番１号,6610044
5140001131858,株式会社エリーマネジメント,兵庫県,尼崎市,南塚口町６丁目２番８号,6610012
5140001131957,株式会社グランレグレス,兵庫県,尼崎市,崇徳院２丁目１６４番地６号,6600071
5140001132071,株式会社Ｍ＆Ｒ,兵庫県,尼崎市,西川２丁目９番１７号ルナハイム３０２号,6610966
5140001132237,株式会社スリー,兵庫県,尼崎市,南清水１７番８号,6610985
5140001133045,株式会社島津建設,兵庫県,尼崎市,西立花町３丁目１０−３３エステート上山２０１号,6600054
5140001133078,Ｓｔａｒｔｉｎｇ　ｐｏｉｎｔ株式会社,兵庫県,尼崎市,潮江２丁目３８番２号−２Ｆ,6610976
5140001133094,株式会社Ｒｉｎｇｓ,兵庫県,尼崎市,御園２丁目１５−１御園団地１−２０６,6610984
5140001133202,株式会社ビューテック・アイ,兵庫県,尼崎市,栗山町２丁目１６番１０号パティオベル２０２,6610013
5140001133251,株式会社ＬＫＪ,兵庫県,尼崎市,神田中通３丁目３５番地ＡＫビル２Ｆ,6600884
5140001133508,株式会社エスアンドエス,兵庫県,尼崎市,南塚口町２丁目１番３号,6610012
5140001133714,株式会社ＡＲＮＡＮＤＡＲ,兵庫県,尼崎市,長洲西通１丁目７番１９号,6600807
5140001133771,ヒーローズ３１６株式会社,兵庫県,尼崎市,南武庫之荘７丁目１番１２号ノースフラッツ１０２,6610033
5140001133887,株式会社ＮｏＡ,兵庫県,尼崎市,久々知３丁目１２番９４号,6610977
5140001133961,株式会社米倉興業,兵庫県,尼崎市,杭瀬本町３丁目２番１６号,6600814
5140001134068,株式会社Ｍ・Ｔ・Ｃ,兵庫県,尼崎市,南塚口町７丁目１８番２号,6610012
5140001134092,株式会社ブロビス,兵庫県,尼崎市,常光寺１丁目１４番９号,6600811
5140001134308,株式会社Ｓ．Ａ　Ｒａｉｓｅ,兵庫県,尼崎市,東園田町１丁目１０３番地エルーシアイーストＡ棟,6610953
5140001134472,株式会社ＲＢ　Ｄｉｒｅｃｔｉｏｎ,兵庫県,尼崎市,塚口町１丁目１２番１７号,6610002
5140001134621,株式会社ゼスティア,兵庫県,尼崎市,浜田町４丁目３７−１（別府ビル１０１）,6600062
5140001134877,株式会社アクアット,兵庫県,尼崎市,南武庫之荘２丁目２２番３０号,6610033
5140001135099,株式会社ｌｕｖ　ｓｗｅｅｔｓ,兵庫県,尼崎市,西長洲町２丁目３２番３号,6600805
5140001135108,サンタの学校株式会社,兵庫県,尼崎市,西立花町２丁目３−２４−４０１,6600054
5140001135768,ジョイフル・クリード株式会社,兵庫県,尼崎市,武庫町２丁目１９番２０号,6610044
5140001135792,株式会社クール電子,兵庫県,尼崎市,塚口本町７丁目１２−１サンハイツ柏本１０３,6610001
5140001135982,株式会社Ｅ‐ＳＡ,兵庫県,尼崎市,南塚口町５丁目１４番１９号,6610012
5140001135990,株式会社宮脇商事,兵庫県,尼崎市,椎堂１丁目３０番３号,6610952
5140001136080,久川建装株式会社,兵庫県,尼崎市,大庄西町３丁目１９番１４号,6600077
5140001136114,株式会社ＮＧＫスマイルサポート,兵庫県,尼崎市,富松町３丁目１８番３４号Ｂ棟,6610003
5140001136188,株式会社ＲＥＤ　ＰＬＵＣＫ　ＬＩＮＥ,兵庫県,尼崎市,東園田町３丁目１６番地の１０ハイツアザレア３０２,6610953
5140001136196,株式会社岡工業,兵庫県,尼崎市,富松町３丁目１２−１９−１,6610003
5140001136551,株式会社エンジョイ・サポート,兵庫県,尼崎市,南塚口町２丁目１番２号塚口さんさんタウン２番館２０３号室,6610012
5140001137005,株式会社ＲＮ,兵庫県,尼崎市,次屋４丁目４番３号,6610965
5140001137186,ＣＨＩＢＡ　ＭＡＲＩＮＥ　ＪＡＰＡＮ株式会社,兵庫県,尼崎市,三反田町２丁目１番１号メゾンエスポワール４０７号,6610024
5140001137418,株式会社Ｒ　ＧＲＥＥＮ,兵庫県,尼崎市,常松１丁目３１番７号,6610046
5140001137467,株式会社ＤＭＰ,兵庫県,尼崎市,東園田町６丁目７１番２号１０４号室,6610953
5140001137566,株式会社ＲＡＨＲ,兵庫県,尼崎市,神田中通３番４９号ログキャビンビル１Ｆ,6600000
5140001137616,株式会社ｙ‐ｓｅｌｆ,兵庫県,尼崎市,御園町２４番地尼崎第一ビル４０２号,6600861
5140001137772,株式会社みなつ,兵庫県,尼崎市,稲葉元町２丁目１７−３０藤井ビル２Ｆ,6600055
5140001138440,株式会社ブレイン,兵庫県,尼崎市,猪名寺２丁目６番１２−７０３号,6610981
5140001138523,株式会社ＴＨＩＮＧ,兵庫県,尼崎市,上坂部１丁目８番２−９１２号,6610979
5140001138837,亀田地所株式会社,兵庫県,尼崎市,東園田町３丁目７１番地の３,6610953
5140001139026,株式会社エタン,兵庫県,尼崎市,南武庫之荘１丁目１４番８号リーストラクチャー南武庫之荘３０１,6610033
5140001139281,湯舟電機株式会社,兵庫県,尼崎市,尾浜町２丁目２１番３５号セレニティ塚口南６０１号室,6610022
5140001139439,株式会社エイシン先導,兵庫県,尼崎市,三反田町３丁目６番３０号,6610024
5140001139538,株式会社日興サービス,兵庫県,尼崎市,南武庫之荘２丁目２２−１−３０５,6610033
5140001139612,株式会社木いち,兵庫県,尼崎市,宮内町３丁目１４６番地の１,6600877
5140001139678,ＳＡＮＷＡコンストラクション株式会社,兵庫県,尼崎市,西本町３丁目７５,6600874
5140001139769,株式会社Ｒｅａｌｉｚｅ,兵庫県,尼崎市,神田北通９丁目２３８番地の７,6600883
5140001139835,株式会社ＢＯＲＤＥＲ,兵庫県,尼崎市,南武庫之荘４丁目２０番３１号,6610033
5140001139868,株式会社あずきシステム,兵庫県,尼崎市,杭瀬北新町１丁目２番１６号,6600815
5140001139975,Ａｍａｓｅｎｓｅ株式会社,兵庫県,尼崎市,東本町２丁目１０番地ラモーナ東本町１−２０３号,6600824
5140001140231,ケイツウサービス株式会社,兵庫県,尼崎市,神田北通４丁目４６番地の１メロディーハイム５０４号,6600883
5140001140446,株式会社ＢｕｚｚＳｅｅｄ,兵庫県,尼崎市,南塚口町１丁目２２−１ヴェルテスＩＫＥＭＯＴＯ１０６,6610012
5140001140504,株式会社コアビー,兵庫県,尼崎市,塚口本町１丁目１番６号,6610001
5140001140520,Ｓｅｒｉｏｕｓ　Ｉｎｆｏｒｍａｔｉｏｎ　Ｔｅｃｈｎｏｌｏｇｙ株式会社,兵庫県,尼崎市,西向島町９６−３０１号室,6600857
5140001140611,フラノス株式会社,兵庫県,尼崎市,塚口町１丁目１０番地の４ブランズ塚口一丁目３０２号,6610002
5140001140909,ヒカリ防災株式会社,兵庫県,尼崎市,北竹谷町１丁目５番地の４,6600878
5140001140958,株式会社ヤマサキエンジニアリング,兵庫県,尼崎市,尾浜町３丁目１４番１４号ロイヤルメゾン２０２号,6610022
5140001141080,株式会社カワバタ,兵庫県,尼崎市,塚口町３丁目１６番地の１３,6610002
5140001141592,株式会社昭建興業,兵庫県,尼崎市,田能６丁目１番３７号,6610951
5140001141675,株式会社Ｌａｕｇｈ　Ｔｅｃ,兵庫県,尼崎市,浜田町２丁目８８番地の１パークヒルズＩＩ１０１,6600062
5140001141709,株式会社Ｍ．Ｏ．Ａ．,兵庫県,尼崎市,塚口町１丁目１番地の３−３０１,6610002
5140001141808,株式会社ＭＹトラベル,兵庫県,尼崎市,塚口町６丁目１８番地の３,6610002
5140001141980,株式会社ｉグループｗｅｓｔ,兵庫県,尼崎市,金楽寺町２丁目３０番２２号,6600806
5140001142038,ＳＯＦＩ株式会社,兵庫県,尼崎市,御園町５４ローレルタワー尼崎２５０２号,6600861
5140001142368,株式会社ＳＩＮＣＥＲＩＡ　ＰＲＯＰＥＲＴＹ,兵庫県,尼崎市,東難波町５丁目３番１０号浅田ビル２０２号室,6600892
5140001142574,株式会社Ｍ’ｓファシリティ,兵庫県,尼崎市,下坂部２丁目７番１１号,6610975
5140002011217,株式会社宏越商事,兵庫県,尼崎市,北大物町７番１２−２０１号,6600804
5140002040694,株式会社グローリー,兵庫県,尼崎市,南武庫之荘１丁目１４番３号,6610033
5140002040901,サークル企画株式会社,兵庫県,尼崎市,金楽寺町１丁目６番４８号,6600806
5140002043029,株式会社Ｋ＆Ｐコンサルティング,兵庫県,尼崎市,昭和通２丁目７−１ニューアルカイックビル７階,6600881
5140002043656,株式会社中井プラント工業,兵庫県,尼崎市,西高洲町２６番地の５,6600845
5140002043664,株式会社フリーバーヅ,兵庫県,尼崎市,南塚口町３丁目２９番３３号,6610012
5140002043887,サンキュウ・リマテック株式会社,兵庫県,尼崎市,東浜町５番地,6600844
5140002044828,株式会社関西真空,兵庫県,尼崎市,小中島１丁目２０番１号２階,6610972
5140002045553,株式会社レストランバンク,兵庫県,尼崎市,塚口町１丁目１２番１７号,6610002
5140003006496,株式会社大喜,兵庫県,尼崎市,神田中通５丁目１８１番地,6600884
5140003012643,株式会社ＭＨＳ,兵庫県,尼崎市,元浜町１丁目２１番２,6600085
5140003020976,株式会社ＩＧＬ,兵庫県,尼崎市,西立花町３丁目６番３号ライゼホビー５番,6600054
5140005011206,尼崎金属工業株式会社,兵庫県,尼崎市,東向島西之町１番地,6600856
5150001000095,株式会社キューミック,兵庫県,尼崎市,御園町２４番地尼崎第一ビル４０２号,6600861
5150001023823,ホライズン・デザイン＆ワークス株式会社,兵庫県,尼崎市,南武庫之荘２丁目２番７号,6610033
5180001122283,株式会社ＨＯＢＳＴＡＲ,兵庫県,尼崎市,西昆陽１丁目３１番１３号,6610047
5260001032334,株式会社西郷,兵庫県,尼崎市,田能３丁目１２番１６号イバノ山ハイツＩＩ１０２,6610951
5290001105780,神戸オークション株式会社,兵庫県,尼崎市,大西町３丁目１７番２１号清和ビル４階,6610023
5360001020188,株式会社みらいメディカル,兵庫県,尼崎市,長洲西通１丁目３番２６号尼崎ステーションビル２０２号,6600807
6010401144645,株式会社ファシナンデザイン,兵庫県,尼崎市,昭和通２丁目６−２１−５０１,6600881
6011701018497,ＤＯＮ株式会社,兵庫県,尼崎市,御園１丁目２−２４,6610984
6013201011841,株式会社トリプロ東海,兵庫県,尼崎市,潮江１丁目２番６号尼崎フロントビル２階,6610976
6020001116572,オセロ・フィナンシャルサービス株式会社,兵庫県,尼崎市,南塚口町１丁目２６番２８号,6610012
6020001125490,株式会社にこのいえ,兵庫県,尼崎市,武庫の里２丁目３０番２１号林ビル１階,6610041
6020001131571,ＥＺＴｅｃｈ株式会社,兵庫県,尼崎市,塚口町５丁目３２番地の３ラ・メゾンクレール３０１,6610002
6120001007191,片岡運送株式会社,兵庫県,尼崎市,常松１丁目２１番５号,6610046
6120001007984,株式会社大和企画,兵庫県,尼崎市,東園田町９丁目１５番４号,6610953
6120001026448,新生紙化工業株式会社,兵庫県,尼崎市,大浜町２丁目５０番地,6600095
6120001034368,ウシダ塗装株式会社,兵庫県,尼崎市,栗山町２丁目１２番２５号,6610013
6120001035416,園和設備サービス株式会社,兵庫県,尼崎市,潮江２丁目２２番３号,6610976
6120001054614,関西金属工業株式会社,兵庫県,尼崎市,南塚口町２丁目１８番１７−７０１号,6610012
6120001055348,坂平鋼材株式会社,兵庫県,尼崎市,南塚口町２丁目１５番４号,6610012
6120001056552,大昭産業株式会社,兵庫県,尼崎市,東七松町２丁目２番１０号,6600051
6120001083638,太平通商株式会社,兵庫県,尼崎市,東園田町９丁目３５番地の２,6610953
6120001086376,株式会社ニチジン,兵庫県,尼崎市,神田中通５丁目１９６番地,6600884
6120001100855,コスモワールド株式会社,兵庫県,尼崎市,七松町１丁目３番２−１６０１号,6600052
6120001102232,株式会社イミテック,兵庫県,尼崎市,田能６丁目８番２７号,6610951
6120001105540,株式会社ハウスブレイン,兵庫県,尼崎市,武庫之荘１丁目２９番１３−３０３号,6610035
6120001111290,藤城建装株式会社,兵庫県,尼崎市,食満２丁目２番１２号,6610982
6120001111902,株式会社リンクス,兵庫県,尼崎市,長洲本通１丁目４番１号,6600803
6120001115671,株式会社キャップ,兵庫県,尼崎市,南塚口町５丁目４番４号コーポレイ南塚口２０１号,6610012
6120001126479,株式会社ほのぼの,兵庫県,尼崎市,建家町６８番地,6600871
6120001126529,株式会社ファンコミュニティー,兵庫県,尼崎市,武庫之荘２丁目２４番６−１号,6610035
6120001131363,Ｋ．Ｓ設備工業株式会社,兵庫県,尼崎市,元浜町５丁目５３,6600085
6120001134977,株式会社Ｃｈｅｒｒｙ　Ｂｕｌｌｅｔ,兵庫県,尼崎市,塚口町２丁目２８番地の６−１０１,6610002
6120001136115,株式会社セマンティック・アイ,兵庫県,尼崎市,西長洲町１丁目１番４５号,6600805
6120001137303,ＡＩＴ株式会社,兵庫県,尼崎市,杭瀬南新町２丁目６番４３号,6600822
6120001142773,株式会社学而舎,兵庫県,尼崎市,潮江２丁目２５番１５号,6610976
6120001144225,株式会社エコハーツ,兵庫県,尼崎市,杭瀬南新町４丁目１５番６号,6600822
6120001145727,株式会社大総,兵庫県,尼崎市,塚口町３丁目３８−５,6610002
6120001145999,株式会社オウヨウ技研,兵庫県,尼崎市,次屋３丁目３−５２,6610965
6120001146493,株式会社ルゥ・ディ・スタッフ,兵庫県,尼崎市,神田北通２丁目１３番地,6600883
6120001166178,株式会社Ｔ＆Ｋ．ＰＲＯＧＲＥＳＳ,兵庫県,尼崎市,南武庫之荘８丁目２９番２０号,6610033
6120001167928,エイシン精密株式会社,兵庫県,尼崎市,東難波町５丁目３０番２４−１２０４号,6600892
6120001168793,ｅ−ＧＡＴ株式会社,兵庫県,尼崎市,杭瀬本町１丁目１９番２０号,6600814
6120001175385,コアシステムズジャパン株式会社,兵庫県,尼崎市,南塚口町４丁目１番５３号,6610012
6120001175542,株式会社Ｈ＆Ｋ,兵庫県,尼崎市,昭和通３丁目９０−１尼崎Ｋ．Ｒビルディング,6600881
6120001179816,株式会社レイスト,兵庫県,尼崎市,東難波町５丁目１７番２３号,6600892
6120001184873,ＨＲリスクマネジメント株式会社,兵庫県,尼崎市,上坂部１丁目８番１−１５０６号,6610979
6120001186028,株式会社サリーレ,兵庫県,尼崎市,武庫元町１丁目１５番３−１号,6610043
6120001188172,楽縁株式会社,兵庫県,尼崎市,南武庫之荘７丁目７−２３,6610033
6120001195037,株式会社ＧＬＯＲＹ,兵庫県,尼崎市,西難波町４丁目８番１７−２１２号,6600893
6120001195359,株式会社イーワークス,兵庫県,尼崎市,善法寺町１０−３０ロイヤルガーデン６０１号,6610973
6120001195838,株式会社ＹＯＹＯ,兵庫県,尼崎市,名神町３丁目４−１６−１Ｆ,6610021
6120001198403,株式会社信友,兵庫県,尼崎市,崇徳院１丁目１３番１２号,6600071
6120001200366,株式会社ナチュラル,兵庫県,尼崎市,杭瀬本町１丁目８−１３,6600814
6120001208962,株式会社Ｃａｍｉｎｏｚ,兵庫県,尼崎市,大浜町２丁目５番地の２,6600095
6120001210605,株式会社リッツコーポレーション,兵庫県,尼崎市,戸ノ内町６丁目４番１８号,6610961
6120001213632,株式会社カーセッジ,兵庫県,尼崎市,田能６丁目７−４０,6610951
6120001214325,株式会社プログレ,兵庫県,尼崎市,東園田町５丁目３８−８ハイツ英和１階,6610953
6120001214523,株式会社プラス,兵庫県,尼崎市,杭瀬南新町２丁目５番１９号−Ｂ,6600822
6120001219984,株式会社宏遠商事,兵庫県,尼崎市,杭瀬北新町４丁目９番１号,6600815
6120001223177,株式会社Ｋｉｎｄ　Ｒｅｌａｔｉｏｎ,兵庫県,尼崎市,開明町２丁目１１番地,6600862
6120001226436,株式会社ＳＰＩＣＡ,兵庫県,尼崎市,東園田町５丁目７−７サウススクエア−弐番館１Ｆ,6610953
6120001227913,株式会社テトラス,兵庫県,尼崎市,竹谷町１丁目１８番１−１０１号,6600876
6120001235783,株式会社イーシャ,兵庫県,尼崎市,道意町２丁目２１−３−１０３,6600083
6120001236063,Ｍｉｎｅ株式会社,兵庫県,尼崎市,元浜町４丁目８番２−２０２号,6600085
6120001239933,株式会社ＢＹコーポレーション,兵庫県,尼崎市,武庫町１丁目３３番２４号,6610044
6120001244149,株式会社忠宝,兵庫県,尼崎市,西向島町９６番地,6600857
6120001253406,株式会社リンクイット,兵庫県,尼崎市,尾浜町３丁目３２番４−４１３号,6610022
6120001255831,株式会社アイティホールディングス,兵庫県,尼崎市,小中島３丁目１９番４号,6610972
6120001272694,株式会社三和,兵庫県,尼崎市,大庄中通４丁目１７番３シャイン１０２号室,6600075
6120002046511,株式会社エヌ・エス・ティ・ジャパン,兵庫県,尼崎市,大浜町２丁目５番地の２,6600095
6120002061898,株式会社Ｈａｒｕ,兵庫県,尼崎市,南武庫之荘３丁目２３番１８号,6610033
6120101004460,ＴＩＳＣＯＩＮＦ株式会社,兵庫県,尼崎市,七松町１丁目２番１フェスタ立花北館４Ｆ,6600052
6120101006465,株式会社正晃,兵庫県,尼崎市,久々知西町２丁目１７番５号,6610978
6120101048755,株式会社アートＳＥＩＨＯＵ,兵庫県,尼崎市,南武庫之荘１丁目２−２６−３１１,6610033
6120101065651,株式会社ＣＵＲＵＺＥ,兵庫県,尼崎市,西本町２丁目２番地の４,6600874
6120901013330,イーメックス株式会社,兵庫県,尼崎市,道意町７丁目１番３,6600083
6120901017785,株式会社キャン,兵庫県,尼崎市,東塚口町１丁目５番１０号,6610011
6120901019526,クレハ薬品商事株式会社,兵庫県,尼崎市,潮江１丁目１５番３号,6610976
6120901024889,株式会社トミヅル工業,兵庫県,尼崎市,東園田町４丁目３１番地の２シャトル瑞穂１０２,6610953
6120901027727,株式会社エリア管理サービス,兵庫県,尼崎市,塚口町３丁目３８番地の７,6610002
6120901029731,株式会社アイ．テック,兵庫県,尼崎市,東園田町３丁目４７−１９,6610953
6120901032256,株式会社ワイゼット,兵庫県,尼崎市,杭瀬本町２丁目９番８号,6600814
6120901037214,株式会社ココロネフート,兵庫県,尼崎市,杭瀬本町３丁目４番３７号,6600814
6120901041323,誠信株式会社,兵庫県,尼崎市,東園田町３丁目８８番１号,6610953
6120901047196,株式会社ＴＢＥ,兵庫県,尼崎市,長洲西通１丁目１０番１−３３０号,6600807
6120901049507,株式会社コエックスエナジージャパン,兵庫県,尼崎市,昭和通２丁目６番６８号尼崎市中小企業センター６Ｆ,6600881
6122001008087,株式会社ロワール,兵庫県,尼崎市,杭瀬本町１丁目１６番１号,6600814
6130001013016,株式会社ニッポンエコロジー,兵庫県,尼崎市,武庫之荘西２丁目４４番８号上木マンション２０２,6610034
6130001064067,株式会社Ｅｓ　Ｓｔｙｌｅ,兵庫県,尼崎市,南武庫之荘３丁目１８−２８,6610033
6140001001928,竹内食品株式会社,兵庫県,尼崎市,扶桑町１番１９号センコー尼崎ＰＤセンター内,6600891
6140001023088,ソラ株式会社,兵庫県,尼崎市,水堂町２丁目２番２０号,6610026
6140001025068,株式会社アシスト,兵庫県,尼崎市,南七松町２丁目１４番１９号,6600053
6140001025225,ＳＫフリーダム株式会社,兵庫県,尼崎市,昭和南通６丁目１３４清国中央ビル２０８号,6600882
6140001033161,藤原商事株式会社,兵庫県,尼崎市,常吉２丁目５番２２号,6610042
6140001047277,尼崎印刷株式会社,兵庫県,尼崎市,下坂部３丁目９番２０号,6610975
6140001047285,株式会社尼崎工作所,兵庫県,尼崎市,金楽寺町１丁目６番１５号,6600806
6140001047293,尼崎北運送株式会社,兵庫県,尼崎市,久々知３丁目１２番１３号,6610977
6140001047310,尼崎重機株式会社,兵庫県,尼崎市,西昆陽４丁目１番２８号,6610047
6140001047327,株式会社尼崎電飾,兵庫県,尼崎市,三反田町３丁目１番２７号,6610024
6140001047335,尼崎鋳鋼株式会社,兵庫県,尼崎市,西長洲町３丁目１番８号,6600805
6140001047368,株式会社青葉不動産,兵庫県,尼崎市,西川２丁目８番３号,6610966
6140001047376,株式会社アークササキ,兵庫県,尼崎市,水堂町２丁目１５番２３号,6610026
6140001047384,株式会社アイビープロジェクト,兵庫県,尼崎市,三反田町３丁目２番１号,6610024
6140001047392,株式会社青谷商店,兵庫県,尼崎市,潮江４丁目４番１号,6610976
6140001047426,旭油化工業株式会社,兵庫県,尼崎市,七松町３丁目６番５号,6600052
6140001047434,浅山商事株式会社,兵庫県,尼崎市,大島３丁目３４番１４号,6600076
6140001047450,株式会社アクシス,兵庫県,尼崎市,東本町１丁目３９番地,6600824
6140001047459,アクティブライフ株式会社,兵庫県,尼崎市,南武庫之荘２丁目１０番３３号,6610033
6140001047483,明日香食品株式会社,兵庫県,尼崎市,武庫元町２丁目１６番１２号,6610043
6140001047509,株式会社アビーコム,兵庫県,尼崎市,長洲中通１丁目１３番５１号愛ペットグループ本社ビル,6600802
6140001047525,株式会社尼米商店,兵庫県,尼崎市,杭瀬本町２丁目２番２２号,6600814
6140001047533,株式会社アマセキ,兵庫県,尼崎市,武庫之荘２丁目３２番３号,6610035
6140001047541,尼信情報システム株式会社,兵庫県,尼崎市,昭和通２丁目４番１６号,6600881
6140001047558,尼電工業株式会社,兵庫県,尼崎市,昭和通２丁目１３番９号,6600881
6140001047574,阿波工業株式会社,兵庫県,尼崎市,東初島町２番地の３８,6600832
6140001047608,イーグル警備株式会社,兵庫県,尼崎市,上坂部３丁目３３番１５号,6610979
6140001047616,家永産業株式会社,兵庫県,尼崎市,西本町２丁目９３番地,6600874
6140001047624,株式会社池田,兵庫県,尼崎市,南武庫之荘２丁目２２番２２号,6610033
6140001047632,株式会社いかりスーパーマーケット,兵庫県,尼崎市,塚口町１丁目１５番地の８,6610002
6140001047665,井住不動産株式会社,兵庫県,尼崎市,塚口町１丁目２９番９号,6610002
6140001047681,五貴商事株式会社,兵庫県,尼崎市,南塚口町２丁目１４番１４号,6610012
6140001047698,株式会社尼長喜,兵庫県,尼崎市,潮江４丁目４番１号,6610976
6140001047707,株式会社いのうえ,兵庫県,尼崎市,東園田町５丁目４８番地９,6610953
6140001047715,株式会社井上タイル,兵庫県,尼崎市,蓬川町４０２番地,6600081
6140001047731,今枝商事株式会社,兵庫県,尼崎市,次屋３丁目３番２０号,6610965
6140001047748,株式会社イワサハウジング,兵庫県,尼崎市,東園田町９丁目９番地の５,6610953
6140001047756,株式会社岩元電設,兵庫県,尼崎市,善法寺町６番４３号,6610973
6140001047764,株式会社上北昇商店,兵庫県,尼崎市,杭瀬本町１丁目２５番１１号,6600814
6140001047780,株式会社上野工業,兵庫県,尼崎市,潮江１丁目３２番２号,6610976
6140001047806,株式会社ウタツヤドライクリーニング工場,兵庫県,尼崎市,上坂部３丁目１４番１号,6610979
6140001047814,梅田木工株式会社,兵庫県,尼崎市,大島１丁目２４番５２号,6600076
6140001047822,株式会社永興,兵庫県,尼崎市,南竹谷町２丁目５１番地,6600875
6140001047830,株式会社英貴総合保険事務所,兵庫県,尼崎市,下坂部４丁目１３番７号,6610975
6140001047839,エース工務株式会社,兵庫県,尼崎市,西本町７丁目２５９番地の２,6600874
6140001047855,株式会社双和センイ,兵庫県,尼崎市,猪名寺２丁目１５番４０号,6610981
6140001047863,栄和テクノ株式会社,兵庫県,尼崎市,久々知西町２丁目１１番３０号,6610978
6140001047871,株式会社エクシングスカイテツク,兵庫県,尼崎市,神崎町１２番３９号,6610964
6140001047905,株式会社エヌエープロテック,兵庫県,尼崎市,西長洲町２丁目１番３０号,6600805
6140001047913,株式会社恵奈美商会,兵庫県,尼崎市,食満６丁目１４番１−３０５号,6610982
6140001047921,株式会社エボシ製作所,兵庫県,尼崎市,元浜町５丁目９１番地,6600085
6140001047938,エムツー株式会社,兵庫県,尼崎市,名神町１丁目７番３３号,6610021
6140001047946,株式会社大井,兵庫県,尼崎市,金楽寺町２丁目１０番１９号,6600806
6140001047987,株式会社大阪住宅,兵庫県,尼崎市,久々知１丁目５番７号,6610977
6140001047995,大阪電技株式会社,兵庫県,尼崎市,塚口本町６丁目１０番８号,6610001
6140001048003,大阪プロジェクト株式会社,兵庫県,尼崎市,大庄北１丁目２４番１６号,6600063
6140001048011,大島工業株式会社,兵庫県,尼崎市,尾浜町１丁目１４−２,6610022
6140001048036,株式会社大手橋商店,兵庫県,尼崎市,西桜木町２２番地,6600865
6140001048060,大政建材株式会社,兵庫県,尼崎市,神田南通２丁目４４番地,6600885
6140001048077,株式会社今井ふとん店,兵庫県,尼崎市,神田中通３丁目３８番地,6600884
6140001048085,株式会社オカダ,兵庫県,尼崎市,南武庫之荘３丁目１０番１０号,6610033
6140001048127,株式会社尾崎電気商会,兵庫県,尼崎市,神田中通９丁目３０８番地,6600884
6140001048143,株式会社オハマ,兵庫県,尼崎市,尾浜町１丁目１４番２７号,6610022
6140001048151,オリエンタル鉄工株式会社,兵庫県,尼崎市,久々知西町１丁目４番４号,6610978
6140001048168,ＳＵＮ　ＢＲＩＧＨＴ　ＳＯＬＡＲ株式会社,兵庫県,尼崎市,東難波町４丁目２番２９号,6600892
6140001048176,角田産業株式会社,兵庫県,尼崎市,武庫之荘７丁目１３番５号,6610035
6140001048184,環境システム株式会社,兵庫県,尼崎市,西難波町４丁目１番８号,6600893
6140001048192,関西アクア開発株式会社,兵庫県,尼崎市,立花町１丁目１３番１０号,6610025
6140001048218,株式会社関西ゴラクサービス,兵庫県,尼崎市,三反田町３丁目１２番１３号,6610024
6140001048226,関西車輌サービス株式会社,兵庫県,尼崎市,南塚口町８丁目６０番１６号,6610012
6140001048242,関西熱化学株式会社,兵庫県,尼崎市,潮江１丁目２番６号,6610976
6140001048250,関西不動商事株式会社,兵庫県,尼崎市,崇徳院１丁目２３番地,6600071
6140001048259,株式会社春日工業所,兵庫県,尼崎市,元浜町５丁目６３番地,6600085
6140001048267,神崎紙器工業株式会社,兵庫県,尼崎市,神崎町１６番１８号,6610964
6140001048275,株式会社鍛冶産業,兵庫県,尼崎市,東園田町３丁目６１番地の１,6610953
6140001048283,加島殖産不動株式会社,兵庫県,尼崎市,西難波町５丁目５番２６号,6600893
6140001048300,株式会社門脇商事,兵庫県,尼崎市,菜切山町３７番地の３,6600073
6140001048309,兼重テンタークリツプ株式会社,兵庫県,尼崎市,西長洲町３丁目７番１８号,6600805
6140001048325,金山建設工業株式会社,兵庫県,尼崎市,南武庫之荘３丁目３番８号,6610033
6140001048333,株式会社神熊商店,兵庫県,尼崎市,杭瀬本町１丁目１３番１５号,6600814
6140001048341,萱嶋工業株式会社,兵庫県,尼崎市,立花町２丁目６番３号１２号室,6610025
6140001048358,カワタ工業株式会社,兵庫県,尼崎市,東本町３丁目１番地,6600824
6140001048374,株式会社カワバタ,兵庫県,尼崎市,大庄北１丁目１１番２号,6600063
6140001048382,木浦電機工業株式会社,兵庫県,尼崎市,若王寺３丁目２４番１８号,6610974
6140001048390,株式会社山尾組,兵庫県,尼崎市,今福２丁目１７番１０号,6600812
6140001048399,キンキ住設株式会社,兵庫県,尼崎市,東園田町５丁目２９番地の３,6610953
6140001048408,近畿不動産販売株式会社,兵庫県,尼崎市,名神町３丁目１２番５号,6610021
6140001048416,株式会社均正宅建,兵庫県,尼崎市,東園田町５丁目２７番地の１,6610953
6140001048424,金城工具株式会社,兵庫県,尼崎市,次屋３丁目１４番３１号,6610965
6140001048432,株式会社錦松亭,兵庫県,尼崎市,東難波町２丁目１６番１０号,6600892
6140001048457,株式会社共栄鋼材商会,兵庫県,尼崎市,西川１丁目１番１７号,6610966
6140001048465,共栄精機株式会社,兵庫県,尼崎市,戸ノ内町６丁目１５番２３号,6610961
6140001048481,共生印刷株式会社,兵庫県,尼崎市,南初島町１０番地の１３２,6600833
6140001048498,株式会社京家,兵庫県,尼崎市,潮江１丁目２０番２１号,6610976
6140001048515,株式会社共立ダイカスト加工所,兵庫県,尼崎市,猪名寺２丁目２１番３５号,6610981
6140001048548,クールミン化学工業株式会社,兵庫県,尼崎市,長洲西通１丁目１５番１０号,6600807
6140001048556,株式会社グッドアイエヌジー,兵庫県,尼崎市,西長洲町２丁目２２番６号,6600805
6140001048572,株式会社熊谷工務店,兵庫県,尼崎市,東園田町５丁目６４番地の３,6610953
6140001048580,株式会社クリオ産商,兵庫県,尼崎市,西本町２丁目５９番地,6600874
6140001048589,株式会社栗商店,兵庫県,尼崎市,潮江４丁目４番１号,6610976
6140001048606,株式会社ケイ・オー・エム建築研究所,兵庫県,尼崎市,西御園町１１４番地サンロイヤル御園５０５号,6600868
6140001048630,迎洋建設設備株式会社,兵庫県,尼崎市,武庫の里１丁目８番６号,6610041
6140001048639,互永株式会社,兵庫県,尼崎市,南塚口町２丁目１番２−１３１０号,6610012
6140001048647,株式会社光栄製作所,兵庫県,尼崎市,浜２丁目２０番３３−２０３号,6610967
6140001048655,尼崎港運株式会社,兵庫県,尼崎市,東海岸町３８番地,6600843
6140001048671,耕成印刷株式会社,兵庫県,尼崎市,大物町２丁目８番１２号,6600823
6140001048688,弘電株式会社,兵庫県,尼崎市,口田中１丁目１５番１６号,6610983
6140001048696,合同土地株式会社,兵庫県,尼崎市,中在家町３丁目３６９番地,6600851
6140001048721,株式会社向陽工業所,兵庫県,尼崎市,潮江５丁目７番１４号,6610976
6140001048754,株式会社コスモトレーディング,兵庫県,尼崎市,中在家町３丁目３９８番地,6600851
6140001048770,壽建設株式会社,兵庫県,尼崎市,立花町１丁目９番１５号,6610025
6140001048795,小林管工株式会社,兵庫県,尼崎市,下坂部３丁目１４番１１号,6610975
6140001048804,株式会社コムラ,兵庫県,尼崎市,南七松町１丁目７番２８号,6600053
6140001048812,株式会社山栄建機リース,兵庫県,尼崎市,名神町３丁目１５番８号,6610021
6140001048820,株式会社サンエイド,兵庫県,尼崎市,南塚口町５丁目１３０番９号,6610012
6140001048837,サーミット工業株式会社,兵庫県,尼崎市,塚口本町６丁目１０番８号,6610001
6140001048853,栄産業株式会社,兵庫県,尼崎市,潮江１丁目１５番３号,6610976
6140001048894,佐賀鍛造株式会社,兵庫県,尼崎市,名神町１丁目３番２２号,6610021
6140001048903,三協株式会社,兵庫県,尼崎市,大浜町１丁目４７番地１,6600095
6140001048911,株式会社小寺金属工業所,兵庫県,尼崎市,三反田町３丁目１番２２号,6610024
6140001048936,三星設備工業株式会社,兵庫県,尼崎市,南武庫之荘９丁目１３番２号,6610033
6140001048944,佐々木ケミカルズ株式会社,兵庫県,尼崎市,武庫之荘５丁目１番１号,6610035
6140001048952,株式会社笹部工作所,兵庫県,尼崎市,立花町１丁目２３番３３−２０４号,6610025
6140001048960,三昌電機株式会社,兵庫県,尼崎市,椎堂１丁目１８番７号,6610952
6140001048977,株式会社サンテック,兵庫県,尼崎市,猪名寺２丁目８番３０号,6610981
6140001048993,株式会社サンニシイチ,兵庫県,尼崎市,尾浜町２丁目２１番４０号,6610022
6140001049001,サンペーパー株式会社,兵庫県,尼崎市,田能５丁目１０番３０号,6610951
6140001049018,株式会社三裕建設,兵庫県,尼崎市,東園田町５丁目１１７番地の４,6610953
6140001049026,三洋輸送機工業株式会社,兵庫県,尼崎市,南清水３９番８号,6610985
6140001049042,株式会社三和製麺所,兵庫県,尼崎市,杭瀬北新町１丁目１番２号,6600815
6140001049050,株式会社さわだ,兵庫県,尼崎市,神田中通４丁目８８番地,6600884
6140001049059,株式会社サワタ建材社,兵庫県,尼崎市,田能５丁目８番１号,6610951
6140001049075,株式会社潮江金型製作所,兵庫県,尼崎市,下坂部３丁目２１番５号,6610975
6140001049083,ジオ建設・ＧＥＯ設計株式会社,兵庫県,尼崎市,塚口町６丁目３番地の９,6610002
6140001049091,株式会社汐義建設工事,兵庫県,尼崎市,武庫町１丁目５番１３号,6610044
6140001049100,ジェミニ工業株式会社,兵庫県,尼崎市,次屋３丁目１４番２４号,6610965
6140001049109,深香園商事株式会社,兵庫県,尼崎市,杭瀬北新町１丁目２番４号,6600815
6140001049117,神鋼建設株式会社,兵庫県,尼崎市,開明町２丁目１１番地,6600862
6140001049125,株式会社新興電機製作所,兵庫県,尼崎市,神崎町２５番２１号,6610964
6140001049141,敷島商事株式会社,兵庫県,尼崎市,立花町３丁目３５番１号,6610025
6140001049158,信星建設株式会社,兵庫県,尼崎市,大西町１丁目２番１号,6610023
6140001049166,株式会社サンワ石油商興,兵庫県,尼崎市,丸島町１番地,6600086
6140001049182,株式会社シティーホーム,兵庫県,尼崎市,東難波町１丁目１番１−９０２号,6600892
6140001049199,新日本衛材株式会社,兵庫県,尼崎市,東園田町５丁目１１７番地,6610953
6140001049232,清水工業株式会社,兵庫県,尼崎市,東初島町２番地の３３,6600832
6140001049240,ＳＥＡＶＡＣ株式会社,兵庫県,尼崎市,杭瀬南新町１丁目１２番６号,6600822
6140001049249,昌栄印刷株式会社,兵庫県,尼崎市,昭和通２丁目１４番７号,6600881
6140001049257,昌栄産業株式会社,兵庫県,尼崎市,長洲西通１丁目１４番５号,6600807
6140001049265,昌晃建設工業株式会社,兵庫県,尼崎市,西長洲町２丁目２６番１２号,6600805
6140001049273,松涛園住宅株式会社,兵庫県,尼崎市,下坂部２丁目１１番１２号,6610975
6140001049307,昭和工業株式会社,兵庫県,尼崎市,武庫之荘９丁目１１番１５号,6610035
6140001049315,昭和産業株式会社,兵庫県,尼崎市,食満２丁目２３番２３号,6610982
6140001049323,株式会社ジャット,兵庫県,尼崎市,食満２丁目２４番４号,6610982
6140001049348,白石帆布縫製工業株式会社,兵庫県,尼崎市,南城内４番地,6600825
6140001049364,シンワメンテナンス株式会社,兵庫県,尼崎市,武庫之荘本町３丁目５番３１号,6610031
6140001049372,株式会社スーパー王子,兵庫県,尼崎市,尾浜町２丁目１４番１０号,6610022
6140001049380,末吉興産株式会社,兵庫県,尼崎市,昭和通１丁目１０番４号,6600881
6140001049389,杉本建設株式会社,兵庫県,尼崎市,七松町１丁目１３番９号,6600052
6140001049397,杉山精機株式会社,兵庫県,尼崎市,食満６丁目２０番２８号,6610982
6140001049422,株式会社スワ商会,兵庫県,尼崎市,尾浜町１丁目１４番２６号,6610022
6140001049430,株式会社セイケン,兵庫県,尼崎市,下坂部３丁目１７番１号,6610975
6140001049463,清和企業株式会社,兵庫県,尼崎市,宮内町２丁目７０番地,6600877
6140001049471,株式会社千石,兵庫県,尼崎市,南武庫之荘１丁目２０の８,6610033
6140001049488,摂津化学工業株式会社,兵庫県,尼崎市,東初島町２番地１４,6600832
6140001049513,千里通商株式会社,兵庫県,尼崎市,額田町２２番１４号,6610962
6140001049521,総合アンテナ設備株式会社,兵庫県,尼崎市,東園田町３丁目５１番地の７,6610953
6140001049546,株式会社エネルギーステーション,兵庫県,尼崎市,東園田町６丁目７９番地の５,6610953
6140001049562,大英技研株式会社,兵庫県,尼崎市,名神町１丁目５番６号,6610021
6140001049570,株式会社ダイエーメンテ,兵庫県,尼崎市,浜田町５丁目６番地の１２,6600062
6140001049579,第一化成工業株式会社,兵庫県,尼崎市,西長洲町１丁目６番１６号,6600805
6140001049587,ダイコウ電司株式会社,兵庫県,尼崎市,長洲西通２丁目９番２７号,6600807
6140001049595,大興商事株式会社,兵庫県,尼崎市,元浜町５丁目１０番地の２,6600085
6140001049604,大起工務株式会社,兵庫県,尼崎市,東園田町３丁目３０番地の１１,6610953
6140001049620,大協耐火株式会社,兵庫県,尼崎市,西長洲町１丁目７番３２号,6600805
6140001049637,大成電工株式会社,兵庫県,尼崎市,東難波町５丁目７番２号,6600892
6140001049645,株式会社大申国際通商,兵庫県,尼崎市,道意町６丁目２８番地の１,6600083
6140001049661,株式会社大正,兵庫県,尼崎市,武庫川町４丁目７番地,6600084
6140001049678,株式会社大道エステートサービス,兵庫県,尼崎市,西長洲町２丁目３番１１号,6600805
6140001049694,大登産業株式会社,兵庫県,尼崎市,東難波町３丁目３番５号,6600892
6140001049744,大洋鉱油株式会社,兵庫県,尼崎市,浜２丁目２２番１６号,6610967
6140001049752,株式会社タイヨー重光グループ,兵庫県,尼崎市,大島１丁目３８−１７,6600076
6140001049760,ダイヤ産業株式会社,兵庫県,尼崎市,東園田町１丁目２４２番地８,6610953
6140001049777,高尾化成株式会社,兵庫県,尼崎市,大島１丁目１９番５号,6600076
6140001049785,タイラ重機建設株式会社,兵庫県,尼崎市,東園田町４丁目１６１番地の２,6610953
6140001049793,株式会社タカギインターナショナル,兵庫県,尼崎市,西長洲町２丁目２２番３０号,6600805
6140001049802,高岡食品工業株式会社,兵庫県,尼崎市,東本町４丁目１番地,6600824
6140001049810,株式会社ＯＬＩＶＥＳＴＡＧＥＮＴ,兵庫県,尼崎市,常吉１丁目２１番１８号,6610042
6140001049827,株式会社竹ト地所,兵庫県,尼崎市,武庫之荘東１丁目１２番５号,6610032
6140001049835,株式会社タカハシ,兵庫県,尼崎市,昭和通１丁目１８番６号,6600881
6140001049843,株式会社タカハマ,兵庫県,尼崎市,神崎町１９番５号,6610964
6140001049851,竹本基礎工亊株式会社,兵庫県,尼崎市,菜切山町７番地の２,6600073
6140001049868,タカヤマ土木道路株式会社,兵庫県,尼崎市,道意町５丁目３０番地の３０,6600083
6140001049876,タカラメデイカル株式会社,兵庫県,尼崎市,額田町５番１５号,6610962
6140001049884,タジワ産業株式会社,兵庫県,尼崎市,七松町３丁目３番１３号,6600052
6140001049892,伊達電設工業株式会社,兵庫県,尼崎市,常松２丁目１６番１０号,6610046
6140001049901,橘開発株式会社,兵庫県,尼崎市,大庄北２丁目１４番１号,6600063
6140001049918,株式会社タツミマシン,兵庫県,尼崎市,杭瀬寺島１丁目３番１号,6600813
6140001049934,株式会社谷口五徳工務店,兵庫県,尼崎市,名神町１丁目１番７号,6610021
6140001049950,株式会社タニヤ商店,兵庫県,尼崎市,杭瀬本町１丁目１０番１２号,6600814
6140001049959,玉井商事株式会社,兵庫県,尼崎市,稲葉荘１丁目２１番３３号,6600064
6140001049967,株式会社田村商店,兵庫県,尼崎市,潮江４丁目４番１号,6610976
6140001049975,株式会社チェーズコーポレーション,兵庫県,尼崎市,神田北通２丁目１２番地１大陽ビルディング８階,6600883
6140001049983,チボリインターナショナル株式会社,兵庫県,尼崎市,西難波町５丁目１１番２３号,6600893
6140001050000,中央ビル株式会社,兵庫県,尼崎市,武庫町２丁目１６番８号,6610044
6140001050009,株式会社千代田,兵庫県,尼崎市,東難波町４丁目１１番３３号,6600892
6140001050017,株式会社竹田商店,兵庫県,尼崎市,昭和南通９丁目２４７番地,6600882
6140001050025,株式会社塚口大倉山電機,兵庫県,尼崎市,若王寺３丁目１９番５号,6610974
6140001050033,株式会社塚口鉄工所,兵庫県,尼崎市,久々知西町２丁目５番６号,6610978
6140001050041,塚本商事株式会社,兵庫県,尼崎市,神田中通３丁目５５番地,6600884
6140001050066,鶴田建設株式会社,兵庫県,尼崎市,西高洲町１６番地の２５,6600845
6140001050074,トウアサービス株式会社,兵庫県,尼崎市,西立花町５丁目１２番１号,6600054
6140001050082,株式会社ティー・ユー・コーポレーション,兵庫県,尼崎市,東難波町５丁目２１番７号,6600892
6140001050090,株式会社電工舎,兵庫県,尼崎市,南塚口町５丁目１０番１３号,6610012
6140001050099,株式会社三陽コーポレーション,兵庫県,尼崎市,田能１丁目６番１４号,6610951
6140001050116,株式会社テレツウ,兵庫県,尼崎市,長洲中通２丁目４番２７号,6600802
6140001050132,同栄工業株式会社,兵庫県,尼崎市,立花町４丁目４番１６号,6610025
6140001050157,東伸産業株式会社,兵庫県,尼崎市,下坂部２丁目１３番１０号,6610975
6140001050165,株式会社トータルサプライ,兵庫県,尼崎市,玄番南之町５番地６,6600873
6140001050173,土井ビルディング株式会社,兵庫県,尼崎市,御園町５番地,6600861
6140001050223,株式会社トクデン,兵庫県,尼崎市,南塚口町１丁目２６番９号,6610012
6140001050248,株式会社トップス,兵庫県,尼崎市,戸ノ内町６丁目８番２０号,6610961
6140001050264,富田工業株式会社,兵庫県,尼崎市,武庫元町１丁目３５番２１号,6610043
6140001050272,トミヤ株式会社,兵庫県,尼崎市,神田南通３丁目８３番地,6600885
6140001050280,トヨタ印刷株式会社,兵庫県,尼崎市,久々知西町１丁目１０番１３号,6610978
6140001050289,トランスグローバル株式会社,兵庫県,尼崎市,名神町２丁目１４番６号,6610021
6140001050297,日本アクアシステム株式会社,兵庫県,尼崎市,金楽寺町２丁目２番４６号,6600806
6140001050306,日本交通株式会社,兵庫県,尼崎市,稲葉元町３丁目２１番１５号,6600055
6140001050314,株式会社日本娯楽振興会,兵庫県,尼崎市,南塚口町２丁目１番３−６１２号,6610012
6140001050330,日本銅箔産業株式会社,兵庫県,尼崎市,名神町３丁目１２番２４号,6610021
6140001050339,日本ハウス株式会社,兵庫県,尼崎市,南塚口町６丁目１０番４５号,6610012
6140001050355,直三産業株式会社,兵庫県,尼崎市,次屋４丁目２番２２号ダイアハイツ３０１号,6610965
6140001050371,南海電機株式会社,兵庫県,尼崎市,次屋４丁目４番２８号,6610965
6140001050388,センコーナガセ物流株式会社,兵庫県,尼崎市,東塚口町２丁目４番４５号,6610011
6140001050396,永田工業株式会社,兵庫県,尼崎市,武庫町４丁目６番３号,6610044
6140001050421,ナカマエ工業株式会社,兵庫県,尼崎市,潮江５丁目３−４０−９１２号,6610976
6140001050438,中山工業株式会社,兵庫県,尼崎市,元浜町３丁目３３番地,6600085
6140001050446,株式会社ナスコーポレーション,兵庫県,尼崎市,開明町２丁目１１番地,6600862
6140001050462,難波電気設備株式会社,兵庫県,尼崎市,武庫之荘東２丁目１６番１２号,6610032
6140001050470,難波商事株式会社,兵庫県,尼崎市,西難波町４丁目７番４号,6600893
6140001050479,株式会社二光製作所,兵庫県,尼崎市,南武庫之荘９丁目１８番２７号,6610033
6140001050495,株式会社西澤設計,兵庫県,尼崎市,東難波町２丁目２番２５号,6600892
6140001050520,株式会社西村日出男本店,兵庫県,尼崎市,神田北通７丁目１９６番地,6600883
6140001050529,株式会社西山土木,兵庫県,尼崎市,水堂町４丁目１１番１１号,6610026
6140001050537,日亜企業株式会社,兵庫県,尼崎市,中浜町１９番地,6600091
6140001050553,日公コーポレーション株式会社,兵庫県,尼崎市,長洲本通１丁目１６番２８号,6600803
6140001050561,日光商亊株式会社,兵庫県,尼崎市,水堂町３丁目１番１８号,6610026
6140001050594,日東油脂株式会社,兵庫県,尼崎市,東海岸町１番地の４,6600843
6140001050611,株式会社日和建設工業,兵庫県,尼崎市,神崎町２２番２３号,6610964
6140001050628,ネクスト株式会社,兵庫県,尼崎市,元浜町２丁目４８番地,6600085
6140001050636,株式会社ノエビア阪神販社,兵庫県,尼崎市,南武庫之荘１丁目１７番２０号,6610033
6140001050644,株式会社野崎モータース,兵庫県,尼崎市,東難波町２丁目１０番３１号,6600892
6140001050652,株式会社のま黒谷屋,兵庫県,尼崎市,武庫元町３丁目１番１号,6610043
6140001050660,株式会社阪神,兵庫県,尼崎市,神田北通２丁目２０番地,6600883
6140001050677,阪神機設工業株式会社,兵庫県,尼崎市,水堂町１丁目８番２０号,6610026
6140001050693,阪神石材株式会社,兵庫県,尼崎市,建家町３０番地,6600871
6140001050702,阪神通信機株式会社,兵庫県,尼崎市,大物町２丁目７番３号,6600823
6140001050719,阪神不動産販売株式会社,兵庫県,尼崎市,東難波町５丁目３番１３号,6600892
6140001050735,株式会社阪神商会,兵庫県,尼崎市,昭和通１丁目１番地,6600881
6140001050743,住まい工房株式会社,兵庫県,尼崎市,武庫之荘５丁目１４番１４号,6610035
6140001050751,株式会社ハイブリッジファイナンス,兵庫県,尼崎市,三反田町３丁目１２番１３号,6610024
6140001050776,株式会社長谷川工業,兵庫県,尼崎市,下坂部３丁目２０番１３号,6610975
6140001050784,橋本石油株式会社,兵庫県,尼崎市,名神町２丁目１４番３号,6610021
6140001050792,八紘商事株式会社,兵庫県,尼崎市,南塚口町７丁目５番１９号,6610012
6140001050801,葉田電機工事株式会社,兵庫県,尼崎市,大西町２丁目１２番４号,6610023
6140001050826,濱名建設工業株式会社,兵庫県,尼崎市,東海岸町１番地の４１,6600843
6140001050834,株式会社林田呉服店,兵庫県,尼崎市,杭瀬本町２丁目１５番１３号,6600814
6140001050859,春田電設株式会社,兵庫県,尼崎市,高田町４番１４号,6610963
6140001050867,ピーシー工業株式会社,兵庫県,尼崎市,東園田町８丁目１１０番地の１,6610953
6140001050875,ヒーロー商社株式会社,兵庫県,尼崎市,開明町２丁目４７番地の５,6600862
6140001050883,光計装株式会社,兵庫県,尼崎市,東園田町４丁目４５番地２,6610953
6140001050891,菱高商事株式会社,兵庫県,尼崎市,塚口本町６丁目９番３１号,6610001
6140001050900,株式会社ヒタカ精機,兵庫県,尼崎市,東園田町２丁目１６番地の１,6610953
6140001050909,株式会社ヒトミ薬局,兵庫県,尼崎市,食満７丁目８番２号,6610982
6140001050917,尼崎管財株式会社,兵庫県,尼崎市,下坂部３丁目９番２０号,6610975
6140001050925,兵庫パイプ株式会社,兵庫県,尼崎市,常松１丁目５番１３号,6610046
6140001050933,平井工業株式会社,兵庫県,尼崎市,長洲中通２丁目２番６号,6600802
6140001050941,株式会社廣瀬,兵庫県,尼崎市,潮江４丁目４番１号,6610976
6140001050966,平山鉄工株式会社,兵庫県,尼崎市,西昆陽３丁目５番３号,6610047
6140001050974,藤興産株式会社,兵庫県,尼崎市,瓦宮１丁目４番７号,6610971
6140001050990,株式会社藤商建設,兵庫県,尼崎市,東園田町４丁目２６番地の６,6610953
6140001051007,藤建商事株式会社,兵庫県,尼崎市,武庫の里２丁目１９番１０号,6610041
6140001051015,富士ブロツク工業株式会社,兵庫県,尼崎市,西立花町３丁目４番３号,6600054
6140001051023,冨士レジン工業株式会社,兵庫県,尼崎市,潮江３丁目１番１７号,6610976
6140001051031,株式会社ファースト・ニュー,兵庫県,尼崎市,久々知西町２丁目３番１８号,6610978
6140001051048,株式会社福現,兵庫県,尼崎市,武庫之荘西２丁目４８番１号,6610034
6140001051072,株式会社福永管楽器,兵庫県,尼崎市,立花町１丁目２番１号カグラサンライフプラザ２０２号室,6610025
6140001051106,株式会社古川建材店,兵庫県,尼崎市,金楽寺町２丁目４番２６号,6600806
6140001051114,株式会社プラス・ワン,兵庫県,尼崎市,武庫之荘東２丁目１７番９−２１０号,6610032
6140001051122,株式会社フレツシユしみず,兵庫県,尼崎市,富松町４丁目２番２６号,6610003
6140001051130,株式会社平安祭典,兵庫県,尼崎市,西長洲町３丁目７番７号,6600805
6140001051139,株式会社弁慶,兵庫県,尼崎市,南塚口町３丁目１６番１３号,6610012
6140001051147,株式会社ペペ,兵庫県,尼崎市,塚口町３丁目２７番地の７,6610002
6140001051155,株式会社ＡＨＫ’Ｓ,兵庫県,尼崎市,御園１丁目９番１５号,6610984
6140001051163,株式会社平民堂,兵庫県,尼崎市,大庄北４丁目１０番２７号,6600063
6140001051171,豊伸産業株式会社,兵庫県,尼崎市,下坂部３丁目２０番１６号,6610975
6140001051188,株式会社ボクソンウエスト,兵庫県,尼崎市,東本町１丁目４５番１,6600824
6140001051213,株式会社本多ラツカー塗装所,兵庫県,尼崎市,大庄中通１丁目８３番地,6600075
6140001051221,堀井電熱株式会社,兵庫県,尼崎市,猪名寺３丁目７番１号,6610981
6140001051238,前田機工建設株式会社,兵庫県,尼崎市,杭瀬寺島１丁目１１番１１号,6600813
6140001051246,株式会社前田モータース,兵庫県,尼崎市,浜田町５丁目３６番地,6600062
6140001051254,株式会社牧商店,兵庫県,尼崎市,七松町３丁目４番１０号,6600052
6140001051262,正岡金属工業株式会社,兵庫県,尼崎市,常光寺１丁目８番５７号,6600811
6140001051279,株式会社松尾工務店,兵庫県,尼崎市,東園田町３丁目４７番地の２,6610953
6140001051287,マツエ設備株式会社,兵庫県,尼崎市,南塚口町１丁目３０番１１号,6610012
6140001051295,関西グラスロン株式会社,兵庫県,尼崎市,西高洲町１６番地３２,6600845
6140001051304,株式会社松川,兵庫県,尼崎市,大物町２丁目９番５号,6600823
6140001051312,株式会社松田楽器,兵庫県,尼崎市,潮江３丁目１９番５号,6610976
6140001051320,松永石油株式会社,兵庫県,尼崎市,南武庫之荘１１丁目１１番１５号,6610033
6140001051329,松本カーボン印刷株式会社,兵庫県,尼崎市,戸ノ内町２丁目３番３１号,6610961
6140001051337,株式会社松美鉄工所,兵庫県,尼崎市,若王寺３丁目２０番１０号,6610974
6140001051353,株式会社マンワ,兵庫県,尼崎市,水堂町３丁目３番４号,6610026
6140001051361,丸一興業株式会社,兵庫県,尼崎市,杭瀬北新町３丁目２番２８号,6600815
6140001051378,丸信機設株式会社,兵庫県,尼崎市,次屋３丁目１６番７号,6610965
6140001051386,株式会社丸寿,兵庫県,尼崎市,立花町３丁目３番２４号,6610025
6140001051394,丸傅食品株式会社,兵庫県,尼崎市,杭瀬本町１丁目１５番１１号,6600814
6140001051403,丸田工業株式会社,兵庫県,尼崎市,御園１丁目２番３号,6610984
6140001051411,マルハン株式会社,兵庫県,尼崎市,立花町１丁目１８番２０号,6610025
6140001051428,丸安電気工亊株式会社,兵庫県,尼崎市,昭和南通５丁目７５番地,6600882
6140001051436,株式会社三浦マーク製作所,兵庫県,尼崎市,浜２丁目６番１号,6610967
6140001051444,右下精器製造株式会社,兵庫県,尼崎市,長洲東通１丁目５番３号,6600801
6140001051485,株式会社三高製作所,兵庫県,尼崎市,神崎町４５番２３号,6610964
6140001051493,株式会社ミツマツ,兵庫県,尼崎市,三反田町１丁目１番３１号,6610024
6140001051510,株式会社峯田製作所,兵庫県,尼崎市,神崎町３番３号,6610964
6140001051527,株式会社宮崎工務店,兵庫県,尼崎市,宮内町２丁目５２番地セントポリア出屋敷１０２号,6600877
6140001051535,株式会社阪神機工商会,兵庫県,尼崎市,道意町６丁目１番地の３４,6600083
6140001051551,武庫興産株式会社,兵庫県,尼崎市,武庫元町１丁目３０番８号,6610043
6140001051568,株式会社むこのそう近畿住研,兵庫県,尼崎市,南武庫之荘１丁目１３番２３号,6610033
6140001051584,株式会社村上電機製作所,兵庫県,尼崎市,戸ノ内町３丁目３１番１６号,6610961
6140001051592,明光産業株式会社,兵庫県,尼崎市,西長洲町２丁目３４番３８号,6600805
6140001051601,名神建設株式会社,兵庫県,尼崎市,東園田町１丁目６５番地の４,6610953
6140001051618,株式会社明和設備,兵庫県,尼崎市,築地４丁目２番１９−２０１号,6600858
6140001051626,メック株式会社,兵庫県,尼崎市,杭瀬南新町３丁目４番１号,6600822
6140001051634,株式会社元田工業,兵庫県,尼崎市,稲葉荘４丁目６番１５号,6600064
6140001051642,株式会社ＡＳＭ管理,兵庫県,尼崎市,武庫元町２丁目１６番１２号,6610043
6140001051667,株式会社森田組,兵庫県,尼崎市,水堂町１丁目３０番２３号,6610026
6140001051675,森本水産株式会社,兵庫県,尼崎市,潮江４丁目４番１号,6610976
6140001051683,八百敏青果株式会社,兵庫県,尼崎市,潮江４丁目４番１号,6610976
6140001051700,株式会社八洲,兵庫県,尼崎市,東本町１丁目７１番地９,6600824
6140001051709,株式会社柳川,兵庫県,尼崎市,東難波町５丁目３１番１−１０１号,6600892
6140001051717,株式会社山内工作所,兵庫県,尼崎市,御園１丁目１８番１３号,6610984
6140001051725,株式会社山口オート兄弟社,兵庫県,尼崎市,西長洲町３丁目１番５８号,6600805
6140001051741,株式会社山善製作所,兵庫県,尼崎市,丸島町１番地,6600086
6140001051758,山田建設株式会社,兵庫県,尼崎市,南武庫之荘２丁目１６番６号,6610033
6140001051782,株式会社山本鉄工所,兵庫県,尼崎市,猪名寺２丁目１１番７号,6610981
6140001051790,雄宏運送株式会社,兵庫県,尼崎市,御園１丁目１０番１２号,6610984
6140001051799,ユーワイメカニクス株式会社,兵庫県,尼崎市,神崎町１１番１５号,6610964
6140001051808,株式会社豊製作所,兵庫県,尼崎市,道意町７丁目１９番地の１１,6600083
6140001051816,株式会社ユニイチ塗装,兵庫県,尼崎市,戸ノ内町５丁目８番２３号,6610961
6140001051824,株式会社ユニバーサル金属製作所,兵庫県,尼崎市,富松町３丁目３５番７号,6610003
6140001051832,横山鐵工株式会社,兵庫県,尼崎市,梶ケ島３番２号,6600821
6140001051840,吉識築炉株式会社,兵庫県,尼崎市,東園田町７丁目６番地の１２,6610953
6140001051849,株式会社吉田建設,兵庫県,尼崎市,上ノ島町１丁目３４番７号,6610014
6140001051857,株式会社吉永造園土木,兵庫県,尼崎市,東園田町５丁目５６番地の１,6610953
6140001051865,株式会社アイ・アンド・ユー,兵庫県,尼崎市,東本町１丁目４７番地,6600824
6140001051873,株式会社ワイケイエステート,兵庫県,尼崎市,西難波町５丁目８番８号,6600893
6140001051881,株式会社ライフ企画,兵庫県,尼崎市,東難波町１丁目１番１−７１１号,6600892
6140001051907,株式会社和工ライズ,兵庫県,尼崎市,大島１丁目３８番１７号,6600076
6140001051915,株式会社若本製作所,兵庫県,尼崎市,丸島町９番地,6600086
6140001051923,株式会社渡辺組,兵庫県,尼崎市,水堂町４丁目２０番１１号,6610026
6140001051931,株式会社ワンドリーム,兵庫県,尼崎市,南塚口町３丁目１６番１２号,6610012
6140001051948,株式会社リード技建,兵庫県,尼崎市,南武庫之荘２丁目２６番２７号,6610033
6140001051956,株式会社増田家具店,兵庫県,尼崎市,神田中通３丁目５０番地,6600884
6140001051980,株式会社龍＿飯店,兵庫県,尼崎市,末広町１丁目８番地１,6600094
6140001051989,株式会社菱和産商,兵庫県,尼崎市,丸島町１番地,6600086
6140001051997,株式会社レアリクリエイテイブ,兵庫県,尼崎市,大物町１丁目１６番２号,6600823
6140001052054,株式会社テレメッセ,兵庫県,尼崎市,杭瀬南新町１丁目８番９号,6600822
6140001052062,株式会社誠和管財,兵庫県,尼崎市,東難波町４丁目１１番３３号,6600892
6140001052079,ミナミ・クリエート株式会社,兵庫県,尼崎市,神田北通３丁目３０番地の２,6600883
6140001052087,関西マックス株式会社,兵庫県,尼崎市,杭瀬本町１丁目６番１７−１０１号,6600814
6140001052095,双陽商会株式会社,兵庫県,尼崎市,大庄中通２丁目４２−Ａ１０２,6600075
6140001052104,サンヨウ株式会社,兵庫県,尼崎市,丸島町１番地,6600086
6140001052112,株式会社富士建装,兵庫県,尼崎市,南武庫之荘１丁目１５番７号,6610033
6140001052145,関西忠石販株式会社,兵庫県,尼崎市,下坂部３丁目８番２０号,6610975
6140001052153,株式会社クロス,兵庫県,尼崎市,東難波町５丁目１７−２６,6600892
6140001052161,シン・カーゴ株式会社,兵庫県,尼崎市,神崎町１６番１８号,6610964
6140001052194,株式会社ザップ,兵庫県,尼崎市,北初島町１６番９,6600834
6140001052228,株式会社ライフアメニティープランニング,兵庫県,尼崎市,築地本町３丁目６９番地伍代ビル２０２号,6600000
6140001052236,株式会社環建エンジニアリング,兵庫県,尼崎市,開明町１丁目５５番地,6600862
6140001052277,スーパー開発株式会社,兵庫県,尼崎市,戸ノ内町３丁目１５番地,6610961
6140001052302,株式会社ビワタ建設,兵庫県,尼崎市,南武庫之荘７丁目９番３号,6610033
6140001052335,株式会社フジナガ,兵庫県,尼崎市,道意町６丁目２８番地７,6600083
6140001052343,誠也産業株式会社,兵庫県,尼崎市,道意町３丁目１番地の２誠也産業ビル,6600083
6140001052351,株式会社フジテレコム,兵庫県,尼崎市,昭和通２丁目７番１号ニューアルカイックビル６階,6600881
6140001052376,株式会社森山組,兵庫県,尼崎市,武庫之荘４丁目４番１４号,6610035
6140001052384,株式会社アサヒ技研,兵庫県,尼崎市,塚口町２丁目１０番１２号,6610002
6140001052401,塚口建物株式会社,兵庫県,尼崎市,南塚口町１丁目１２番１３号,6610012
6140001052418,ヨコオエンジニアリング株式会社,兵庫県,尼崎市,東園田町１丁目３５４番地,6610953
6140001052426,日本プラント株式会社,兵庫県,尼崎市,元浜町１丁目６７−１,6600085
6140001052442,株式会社イーグル,兵庫県,尼崎市,名神町３丁目８番１０号,6610021
6140001052459,ヴァストジャパン株式会社,兵庫県,尼崎市,南塚口町３丁目１２番１７号,6610012
6140001052797,株式会社ＨＥＬＩＣＯＭ　ＣＯＲＰＯＲＡＴＩＯＮ　ＩＮＣ,兵庫県,尼崎市,尾浜町３丁目３０番２７号,6610022
6140001052806,株式会社ＡＭＢＩＴＩＯＮ,兵庫県,尼崎市,武庫之荘４丁目９番１６号,6610035
6140001052855,三久商事株式会社,兵庫県,尼崎市,水堂町２丁目４０番５４号,6610026
6140001052871,株式会社いながき,兵庫県,尼崎市,玄番北之町３８番地,6600872
6140001052888,ゼロコン株式会社,兵庫県,尼崎市,戸ノ内町３丁目２９番３号,6610961
6140001052913,八洲企業株式会社,兵庫県,尼崎市,南塚口町２丁目１番３−６１２号,6610012
6140001052962,株式会社寺田,兵庫県,尼崎市,東難波町４丁目２１番３５−１２４号,6600892
6140001052979,株式会社晃工業,兵庫県,尼崎市,久々知西町２丁目１３番１１号,6610978
6140001052987,株式会社大和造汽工業所,兵庫県,尼崎市,三反田町３丁目５番１号,6610024
6140001052995,エムジーフーズ株式会社,兵庫県,尼崎市,大庄北３丁目３２番１７号,6600063
6140001053028,株式会社モンドサービス,兵庫県,尼崎市,水堂町３丁目２０番３４号,6610026
6140001053069,株式会社ＰｒｅｓｔＯｎｅ,兵庫県,尼崎市,大浜町２丁目９番地,6600095
6140001053093,株式会社高友土木,兵庫県,尼崎市,水堂町２丁目２７番５号,6610026
6140001053102,株式会社ビルテックス,兵庫県,尼崎市,南武庫之荘２丁目８番５号,6610033
6140001053119,兵庫浅井電設株式会社,兵庫県,尼崎市,上坂部３丁目２０番１３号,6610979
6140001053127,株式会社シンワテクノス,兵庫県,尼崎市,猪名寺２丁目６番２５号,6610981
6140001053135,株式会社ハウス,兵庫県,尼崎市,潮江１丁目２７番１９号,6610976
6140001053168,兵庫安全株式会社,兵庫県,尼崎市,田能３丁目９番７７号,6610951
6140001053176,株式会社ライクビルズ,兵庫県,尼崎市,尾浜町２丁目３３番４号,6610022
6140001053192,株式会社菜の花,兵庫県,尼崎市,武庫豊町３丁目１０番１２号甲武ビル２０３,6610045
6140001053201,精機コンストラクション株式会社,兵庫県,尼崎市,塚口町２丁目２８番地の３,6610002
6140001053218,株式会社コスモアップ,兵庫県,尼崎市,潮江４丁目１番８号,6610976
6140001053226,株式会社ＫＲＫ,兵庫県,尼崎市,久々知西町２丁目１１番１１−８１５号,6610978
6140001053283,グンゼ開発株式会社,兵庫県,尼崎市,塚口本町４丁目８番１号,6610001
6140001053291,株式会社エスケイ,兵庫県,尼崎市,水明町２３番地,6600082
6140001053325,武玄建設株式会社,兵庫県,尼崎市,東難波町５丁目３１番２０号,6600892
6140001053333,株式会社ＦＴＢ,兵庫県,尼崎市,東難波町５丁目２８番２９号宝満会館ビル３階,6600892
6140001053366,株式会社南電気,兵庫県,尼崎市,東園田町９丁目３番地の２,6610953
6140001053374,インレット株式会社,兵庫県,尼崎市,武庫之荘本町２丁目９−２０−３０７,6610031
6140001053382,株式会社スカイブルー,兵庫県,尼崎市,上ノ島町１丁目２番５−５０５号,6610014
6140001053399,株式会社関西工事,兵庫県,尼崎市,東初島町２番４０,6600832
6140001053408,株式会社トモダ,兵庫県,尼崎市,戸ノ内町３丁目６番５号,6610961
6140001053416,株式会社フジジュウ,兵庫県,尼崎市,三反田町１丁目８番１号,6610024
6140001053424,株式会社ウェルカム,兵庫県,尼崎市,武庫元町１丁目２０番１７号,6610043
6140001053440,株式会社ＧＲＯＷ,兵庫県,尼崎市,東園田町９丁目１８番１号井上ビル２階,6610953
6140001053465,株式会社ポンテック,兵庫県,尼崎市,武庫元町１丁目１０番６号,6610043
6140001053473,ユニバーサルマネジメント株式会社,兵庫県,尼崎市,塚口町３丁目２６番３号,6610002
6140001053498,株式会社春名住建,兵庫県,尼崎市,東園田町９丁目３７番地の４,6610953
6140001053515,株式会社アコール,兵庫県,尼崎市,武庫之荘２丁目１７番９−１０１号,6610035
6140001053531,株式会社内田製作所,兵庫県,尼崎市,道意町７丁目１９番１１号,6600083
6140001053564,株式会社ＫＲＪ,兵庫県,尼崎市,西大物町１２番６６−１００１号,6600827
6140001053580,株式会社ジャストタイム,兵庫県,尼崎市,武庫元町１丁目１５番８号,6610043
6140001053589,株式会社ナカヤマ,兵庫県,尼崎市,長洲東通１丁目２番２９号,6600801
6140001053597,株式会社オカダ,兵庫県,尼崎市,尾浜町２丁目３番１−１０２号,6610022
6140001053606,株式会社隆起工業,兵庫県,尼崎市,東園田町８丁目１０１番地の１０,6610953
6140001053614,紫陽花文庫株式会社,兵庫県,尼崎市,東園田町４丁目１４７番地の６１,6610953
6140001053622,株式会社アール・ディー・エスＪＡＰＡＮ,兵庫県,尼崎市,南塚口町５丁目１番８号,6610012
6140001053630,株式会社ユーケーテクノス,兵庫県,尼崎市,田能６丁目９番１７,6610951
6140001053647,株式会社２１不動産管理,兵庫県,尼崎市,西大物町７番３−１０２号,6600827
6140001053655,株式会社ＧＵＬＬ　ＷＩＮＧ,兵庫県,尼崎市,田能６丁目９番１１号,6610951
6140001053663,株式会社フジマル,兵庫県,尼崎市,長洲東通１丁目８番１３号,6600801
6140001053671,株式会社Ｙ’ｓコーポレーション,兵庫県,尼崎市,西大物町１２番５５−８０５号,6600827
6140001053696,株式会社ＹＳ建築構造設計,兵庫県,尼崎市,尾浜町１丁目１５番６号,6610022
6140001053713,株式会社秩父総合企画社,兵庫県,尼崎市,尾浜町１丁目１番１９号,6610022
6140001053721,ＩＴＡ　ＦＡＣＴＯＲＹ株式会社,兵庫県,尼崎市,杭瀬南新町４丁目５番２８−２０５号,6600822
6140001053738,株式会社Ｄｒｅａｍ　Ｓｈａｒｅ,兵庫県,尼崎市,水堂町３丁目１７番２１号,6610026
6140001053746,株式会社ＴＮＳ金型工房,兵庫県,尼崎市,西難波町５丁目８番２０−５０２号,6600893
6140001053754,株式会社サンプラス,兵庫県,尼崎市,塚口町１丁目１３−８サウザンド塚口２０１−３号,6610002
6140001053762,ＩＳ商事株式会社,兵庫県,尼崎市,常松１丁目３番９号,6610046
6140001053795,田中エンジニアリング株式会社,兵庫県,尼崎市,富松町１丁目２６番３３号,6610003
6140001053804,セーフティ株式会社,兵庫県,尼崎市,築地５丁目６番８号,6600858
6140001053812,東洋ポリテック株式会社,兵庫県,尼崎市,杭瀬北新町１丁目６番９号,6600815
6140001053820,株式会社洋服リユース関西,兵庫県,尼崎市,南塚口町２丁目１番３号,6610012
6140001053829,エフ・ビー・インターナショナル株式会社,兵庫県,尼崎市,長洲本通２丁目１番１７号,6600803
6140001053837,株式会社イ・エム・エス・コーポレーション,兵庫県,尼崎市,武庫之荘３丁目１３番１１号,6610035
6140001053845,株式会社ワイエー商事,兵庫県,尼崎市,東園田町４丁目１５４番地の１９,6610953
6140001053853,株式会社チヨダホーム,兵庫県,尼崎市,東園田町４丁目４番地の７,6610953
6140001053878,株式会社ブレイン,兵庫県,尼崎市,東園田町２丁目４６番地の１,6610953
6140001053886,株式会社アルカ,兵庫県,尼崎市,南武庫之荘５丁目２４番２５−６０７号,6610033
6140001053903,ミネテック株式会社,兵庫県,尼崎市,元浜町４丁目７８番地,6600085
6140001053911,株式会社大放光社,兵庫県,尼崎市,大庄中通１丁目４８番地４,6600075
6140001053936,株式会社新興,兵庫県,尼崎市,次屋２丁目１番４３号,6610965
6140001053944,株式会社マテリアル,兵庫県,尼崎市,東園田町９丁目１７番地の１４,6610953
6140001053952,株式会社ＳＹ−ＦＯＲＥＳＴ,兵庫県,尼崎市,東園田町３丁目１２番地の４,6610953
6140001053960,株式会社エスキューブ,兵庫県,尼崎市,道意町７丁目１番３号,6600083
6140001053969,株式会社ながおテクノ,兵庫県,尼崎市,田能６丁目９番１１号,6610951
6140001053977,株式会社和昌,兵庫県,尼崎市,田能６丁目７番３３号,6610951
6140001053985,株式会社ヒューマンウエアサービス,兵庫県,尼崎市,南武庫之荘１丁目１１番２１号,6610033
6140001054001,株式会社モリナガ,兵庫県,尼崎市,昭和通２丁目１４番６号,6600881
6140001054018,株式会社浜名,兵庫県,尼崎市,長洲中通１丁目１番１４号,6600802
6140001054026,株式会社日匠創研,兵庫県,尼崎市,水堂町４丁目４番１５号,6610026
6140001054042,株式会社ＳＫサポート,兵庫県,尼崎市,東園田町１丁目２４５番地,6610953
6140001054067,株式会社Ａ−ＭＡＸ,兵庫県,尼崎市,神田中通３丁目３０番地,6600884
6140001054075,株式会社デルタ・コーポレーション,兵庫県,尼崎市,南塚口町２丁目１９−２若松ビル２０２号,6610012
6140001054083,株式会社一乗,兵庫県,尼崎市,南武庫之荘４丁目２１番２７号,6610033
6140001054109,株式会社エンジェルスタッフ,兵庫県,尼崎市,南武庫之荘２丁目２４番３２号ライオンズガーデン武庫之荘イアス１１２,6610033
6140001054125,山下基礎工業株式会社,兵庫県,尼崎市,塚口町５丁目２９番地の１１,6610002
6140001054141,株式会社アトリエ・エム,兵庫県,尼崎市,上坂部２丁目３６番１−１００１号,6610979
6140001054158,株式会社ホームタウン,兵庫県,尼崎市,東園田町９丁目１８−４−１０３,6610953
6140001054182,株式会社ライジング,兵庫県,尼崎市,大島１丁目１３番４６号,6600076
6140001054199,株式会社げんまい工房,兵庫県,尼崎市,若王寺２丁目１０番３号,6610974
6140001054208,株式会社Ｓｋｉｅｓ,兵庫県,尼崎市,西難波町２丁目５番８号ＭａＲＧａｕＸ２０１号,6600893
6140001054224,株式会社昌建,兵庫県,尼崎市,七松町２丁目６番１７−７０２号,6600052
6140001054232,株式会社イズム,兵庫県,尼崎市,塚口町１丁目５番地の２−６０２号,6610002
6140001054240,株式会社マコト,兵庫県,尼崎市,西難波町２丁目１番４号,6600893
6140001054249,株式会社ＳｙｎｅｒＧｙｍ,兵庫県,尼崎市,南塚口町２丁目３５番１７号,6610012
6140001054257,福園電機株式会社,兵庫県,尼崎市,東園田町９丁目７番地の５,6610953
6140001054281,株式会社古川商店,兵庫県,尼崎市,名神町３丁目９番２２−１０１号,6610021
6140001054298,株式会社エクセレント５１０,兵庫県,尼崎市,南竹谷町１丁目４４番地の１,6600875
6140001054307,西神土地開発株式会社,兵庫県,尼崎市,南武庫之荘１丁目８番２４号２Ｆ,6610033
6140001054315,株式会社桂木,兵庫県,尼崎市,立花町３丁目１８番２８号,6610025
6140001054331,株式会社山畑建設,兵庫県,尼崎市,立花町２丁目１０番２３号,6610025
6140001054348,株式会社オーエムイー,兵庫県,尼崎市,昭和通３丁目９６番地,6600881
6140001054372,ダイキ興業株式会社,兵庫県,尼崎市,武庫川町４丁目４１番地の３,6600084
6140001054389,株式会社プロジェクトＳＵＧＩＮＯ,兵庫県,尼崎市,潮江１丁目４番３−３０７号,6610976
6140001054406,株式会社ＡＺ建工,兵庫県,尼崎市,琴浦町１１１番地の２,6600074
6140001054414,株式会社圭味食品,兵庫県,尼崎市,東難波町１丁目５−２９,6600892
6140001054439,株式会社都建設,兵庫県,尼崎市,南七松町１丁目８番１８号,6600053
6140001054447,株式会社Ｌｅａｄ,兵庫県,尼崎市,南塚口町１丁目１２−８サウサービル４０１,6610012
6140001054455,株式会社ホワイトハート,兵庫県,尼崎市,立花町４丁目１４番７号,6610025
6140001054463,株式会社オルティス,兵庫県,尼崎市,久々知３丁目２５番１２号,6610977
6140001054471,榎平梱包株式会社,兵庫県,尼崎市,小中島１丁目２４番２５号エステムコートエクスシティ８１６,6610972
6140001054488,株式会社あどばん,兵庫県,尼崎市,上坂部３丁目１８番３号,6610979
6140001054496,株式会社共峯ビルサービス,兵庫県,尼崎市,長洲本通１丁目３番２０号,6600803
6140001054521,株式会社大和設計,兵庫県,尼崎市,東園田町５丁目２１−１９,6610953
6140001054538,株式会社三上プロジェクト,兵庫県,尼崎市,武庫の里１丁目２０番３５号,6610041
6140001054546,株式会社コラボ,兵庫県,尼崎市,武庫豊町３丁目３番３号,6610045
6140001054570,株式会社ジーリズム,兵庫県,尼崎市,上ノ島町２丁目１６番１−１０２号,6610014
6140001054579,ファーストトランスポート阪神株式会社,兵庫県,尼崎市,大浜町１丁目１番地,6600095
6140001054612,株式会社Ｋ・コーポレーション,兵庫県,尼崎市,玄番南之町４番地,6600873
6140001054637,株式会社大城建設,兵庫県,尼崎市,南塚口町７丁目４番１５−１０２号,6610012
6140001054645,エヌイーテック株式会社,兵庫県,尼崎市,東園田町６丁目１０３番地の１,6610953
6140001054653,株式会社テルコーポレーション,兵庫県,尼崎市,南清水４１番１号,6610985
6140001054686,株式会社ブレイン,兵庫県,尼崎市,東難波町５丁目７番２０−７０１号,6600892
6140001054703,株式会社１・ＨＡＪＩＭＥ,兵庫県,尼崎市,次屋１丁目２０番１０号,6610965
6140001054728,株式会社ロゴロゴ．ｊｐ,兵庫県,尼崎市,大庄西町４丁目１３番１６号,6600077
6140001054736,株式会社クラフトデコレ,兵庫県,尼崎市,神田中通４丁目１６２番地の２,6600884
6140001054744,株式会社Ａｐｒｉｌ　Ｊｏｙ,兵庫県,尼崎市,下坂部４丁目１番７号,6610975
6140001054760,株式会社畳畳,兵庫県,尼崎市,東塚口町１丁目１４番７号,6610011
6140001054769,株式会社貴和土木建設,兵庫県,尼崎市,西本町２丁目６７番地,6600874
6140001054777,ＨＱ　ＣＬＵＢ株式会社,兵庫県,尼崎市,西御園町１１９番地の３,6600868
6140001054793,株式会社Ｎ．Ｓ,兵庫県,尼崎市,長洲中通１丁目１番７号Ｍ＆Ｍグリーム尼崎駅前５０３,6600802
6140001054802,株式会社ｄｏｏｒ−ｔｏ−ｄｏｏｒ,兵庫県,尼崎市,長洲本通１丁目４番地２０号,6600803
6140001054810,株式会社Ｚ　ＦＵＳＩＯＮ,兵庫県,尼崎市,額田町１８番２３号,6610962
6140001054819,シオエ製薬株式会社,兵庫県,尼崎市,潮江３丁目１番１１号,6610976
6140001054827,アウェイク株式会社,兵庫県,尼崎市,南塚口町５丁目１５番１０号,6610012
6140001054835,カナヱ化学工業株式会社,兵庫県,尼崎市,丸島町８番地の２,6600086
6140001054843,株式会社増井土地,兵庫県,尼崎市,杭瀬南新町１丁目３番１号,6600822
6140001054868,株式会社コクブ,兵庫県,尼崎市,武庫之荘４丁目８番５号,6610035
6140001054876,株式会社大丸設備,兵庫県,尼崎市,西立花町３丁目１６番３２号,6600054
6140001054884,石田運送株式会社,兵庫県,尼崎市,尾浜町１丁目３２番１−８０４号,6610022
6140001054892,株式会社Ｕ’ｓグリーン,兵庫県,尼崎市,大庄中通１丁目５１番地の１５,6600075
6140001054918,株式会社クリモトプランニング,兵庫県,尼崎市,潮江２丁目１番２６−２０８号,6610976
6140001054926,共和電設株式会社,兵庫県,尼崎市,崇徳院１丁目２２番地,6600071
6140001054942,株式会社デュアルアームス,兵庫県,尼崎市,大西町２丁目２番２６号,6610023
6140001054950,株式会社アトランティック,兵庫県,尼崎市,潮江１丁目２１番１号,6610976
6140001054959,出雲化工機株式会社,兵庫県,尼崎市,東園田町６丁目４７番地の１ロワ９４−３０１号,6610953
6140001054967,タシロ環境株式会社,兵庫県,尼崎市,塚口本町７丁目２番１９号,6610001
6140001054975,株式会社ジーエレクトロニクスデザイン,兵庫県,尼崎市,南塚口町３丁目１２番１７号,6610012
6140001054983,株式会社イーネットシステム,兵庫県,尼崎市,武庫之荘６丁目１３番２８号,6610035
6140001054991,株式会社ライフサポート,兵庫県,尼崎市,尾浜町２丁目３番１−３１８号,6610022
6140001055008,株式会社ジェイアール西日本デイリーサービスネット,兵庫県,尼崎市,潮江１丁目２番１２号,6610976
6140001055016,株式会社グッドライフ,兵庫県,尼崎市,長洲東通３丁目１番１３−９０４号,6600801
6140001055024,株式会社アービレック,兵庫県,尼崎市,西長洲町２丁目１２番１５号,6600805
6140001055049,株式会社上原工務店,兵庫県,尼崎市,武庫之荘６丁目１６番１３号,6610035
6140001055057,株式会社ＴＩＣ,兵庫県,尼崎市,神田北通６丁目１５９−１０１,6600883
6140001055065,バディコンサルティング株式会社,兵庫県,尼崎市,稲葉荘２丁目１５番２１−２号,6600064
6140001055073,株式会社サン・クリエイティブ,兵庫県,尼崎市,西難波町１丁目１０番１３号,6600893
6140001055081,株式会社繁栄,兵庫県,尼崎市,立花町３丁目３５番１２号,6610025
6140001055098,株式会社ロジックアンドサプライズ,兵庫県,尼崎市,浜２丁目５番１０号,6610967
6140001055115,株式会社トライサービス,兵庫県,尼崎市,稲葉荘２丁目６番１号,6600064
6140001055123,株式会社オプト,兵庫県,尼崎市,善法寺町１５番２２号,6610973
6140001055131,株式会社高木保険サービス,兵庫県,尼崎市,大庄西町１丁目１３番５号,6600077
6140001055148,株式会社ＬａｂｏＭｉｘ,兵庫県,尼崎市,西難波町４丁目５番２０−１５０１号,6600893
6140001055156,株式会社山本商店,兵庫県,尼崎市,戸ノ内町３丁目２１−３,6610961
6140001055164,株式会社レボリューション,兵庫県,尼崎市,大庄北５丁目２５番３号,6600063
6140001055180,株式会社アイル,兵庫県,尼崎市,西難波町５丁目５番２０号,6600893
6140001055189,明幸ＡＭＢ株式会社,兵庫県,尼崎市,武庫町４丁目４番１６号２０５,6610044
6140001055197,株式会社Ｉｚｏｘ,兵庫県,尼崎市,西立花町２丁目３１番２０号,6600054
6140001055214,国土創建株式会社,兵庫県,尼崎市,神田中通３丁目３０番３０１号,6600884
6140001055222,株式会社ＳＨＯＷ　ＰＬＡＮＮＩＮＧ,兵庫県,尼崎市,元浜町１丁目２番地の１３,6600085
6140001055230,株式会社Ｋ’ｓＦａｃｔｏｒｙ,兵庫県,尼崎市,東難波町４丁目１７番５号,6600892
6140001055239,株式会社藤翔技建,兵庫県,尼崎市,神崎町３９番１７号,6610964
6140001055255,株式会社トランスゲート,兵庫県,尼崎市,浜２丁目１３番２０号,6610967
6140001055263,株式会社Ｒｅ’ｓ,兵庫県,尼崎市,塚口町５丁目３３番地の１１,6610002
6140001055288,株式会社アズフロンティア,兵庫県,尼崎市,西長洲町２丁目４番５号,6600805
6140001055296,株式会社赤玉,兵庫県,尼崎市,富松町４丁目３５番５号,6610003
6140001055313,株式会社アルスタック,兵庫県,尼崎市,西難波町２丁目１９番１２号,6600893
6140001055321,株式会社メイト,兵庫県,尼崎市,東難波町４丁目２１番３５−１１１２号,6600892
6140001055338,株式会社紅海月,兵庫県,尼崎市,昭和南通７丁目１６７番３号,6600882
6140001055346,株式会社ＭＡＳＡＪＩ建装,兵庫県,尼崎市,南武庫之荘８丁目１９番１７号,6610033
6140001055354,株式会社オフィス２４,兵庫県,尼崎市,南塚口町７丁目２４番１号,6610012
6140001055362,大野運送株式会社,兵庫県,尼崎市,元浜町３丁目１４−１,6600085
6140001055370,株式会社長坂リテール,兵庫県,尼崎市,潮江４丁目４番１号,6610976
6140001055387,大商交易株式会社,兵庫県,尼崎市,塚口町３丁目２１番地の２,6610002
6140001055395,株式会社至高,兵庫県,尼崎市,大島１丁目１１番１６号,6600076
6140001055412,株式会社Ｋ＆Ｊ,兵庫県,尼崎市,潮江１丁目４番５号,6610976
6140001055420,株式会社大塚綜合自動車,兵庫県,尼崎市,今福１丁目１番１８−１０２号,6600812
6140001055429,株式会社ダイシン,兵庫県,尼崎市,南武庫之荘７丁目１４番３号,6610033
6140001055437,株式会社フジ制御製作所,兵庫県,尼崎市,戸ノ内町６丁目１２番４号,6610961
6140001055461,株式会社ジャパン・プロ企画,兵庫県,尼崎市,武庫川町２丁目３８番地の１３シャンテ武庫川２０１号,6600084
6140001055478,株式会社高寿,兵庫県,尼崎市,昭和南通４丁目３５番地,6600882
6140001055486,株式会社笑華堂,兵庫県,尼崎市,西昆陽２丁目１１番１０号,6610047
6140001055503,株式会社ＭＹＮ,兵庫県,尼崎市,南武庫之荘４丁目２１番２４号,6610033
6140001055511,株式会社ミネルヴァ,兵庫県,尼崎市,神田北通３丁目２７番地５,6600883
6140001055544,株式会社ＨＭＭ,兵庫県,尼崎市,久々知１丁目２７番５号,6610977
6140001055552,株式会社アップウェル,兵庫県,尼崎市,富松町１丁目４８番１号,6610003
6140001055569,株式会社ＥＶＡ−Ｊａｐａｎ,兵庫県,尼崎市,武庫之荘１丁目９番１号,6610035
6140001055577,サンケミカル販売株式会社,兵庫県,尼崎市,上ノ島町３丁目３番１−１００６号,6610014
6140001055593,株式会社庄島,兵庫県,尼崎市,蓬川町１０番地の４,6600081
6140001055602,辻本不動産株式会社,兵庫県,尼崎市,浜３丁目７番１号,6610967
6140001055610,株式会社Ｎ’ｓコーポレーション,兵庫県,尼崎市,富松町３丁目２５番８−４０２号,6610003
6140001055619,株式会社テクノトータル,兵庫県,尼崎市,立花町４丁目１０番３号,6610025
6140001055635,イナホ株式会社,兵庫県,尼崎市,東難波町３丁目１３番１２号メゾン米澤１０３,6600892
6140001055643,株式会社Ｌｅｇｅｎｄ,兵庫県,尼崎市,下坂部４丁目７番２８号,6610975
6140001055651,なごみ株式会社,兵庫県,尼崎市,東園田町２丁目１０３番地の５,6610953
6140001055684,株式会社ＧＰＲＯ,兵庫県,尼崎市,南塚口町５丁目１４番１２号,6610012
6140001055692,株式会社六丁目介護ステーション,兵庫県,尼崎市,東園田町６丁目１２１番地の７,6610953
6140001055718,株式会社エルサード,兵庫県,尼崎市,善法寺町２７番３０号,6610973
6140001055726,株式会社あざみ不動産,兵庫県,尼崎市,杭瀬本町１丁目１５番６号,6600814
6140001055742,株式会社サン．ライフ,兵庫県,尼崎市,東難波町５丁目２０番２３−３０３号,6600892
6140001055750,株式会社松本組,兵庫県,尼崎市,南武庫之荘１０丁目４番６号,6610033
6140001055767,株式会社加地,兵庫県,尼崎市,名神町２丁目１７番６号,6610021
6140001055775,池田建設株式会社,兵庫県,尼崎市,上ノ島町１丁目２０番１３号,6610014
6140001055783,株式会社Ｇｅｔ−Ｇｒｏｕｐ,兵庫県,尼崎市,椎堂１丁目１４番６８号３０９,6610952
6140001055791,株式会社Ａｒｃｕｓ　Ｔｒａｄｉｎｇ,兵庫県,尼崎市,長洲本通３丁目８番２５号,6600803
6140001057086,株式会社吉田設備,兵庫県,尼崎市,御園１丁目２１番１０号,6610984
6140001057318,ＳＵＮＳＨＩＮＥ株式会社,兵庫県,尼崎市,西長洲町２丁目９番２０号,6600805
6140001057342,株式会社Ｊ−ＬＥＸ,兵庫県,尼崎市,今福２丁目５番１号,6600812
6140001057359,ＨＲマネジメント株式会社,兵庫県,尼崎市,東園田町２丁目１０４番地,6610953
6140001057367,Ｍ＆Ｏ　ＴＥＣＨ株式会社,兵庫県,尼崎市,潮江２丁目１−４１,6610976
6140001067416,株式会社こどもみらい,兵庫県,尼崎市,塚口町４丁目４６番地の７,6610002
6140001067465,株式会社西出製作所,兵庫県,尼崎市,久々知西町２丁目１３番２２号,6610978
6140001067564,株式会社テクソン,兵庫県,尼崎市,東園田町１丁目３２６番地,6610953
6140001067597,株式会社ガッツメンテナンス,兵庫県,尼崎市,南武庫之荘１０丁目１３番１号,6610033
6140001067606,株式会社ユウキ,兵庫県,尼崎市,道意町５丁目２６番地,6600083
6140001067696,株式会社竹内建設工業,兵庫県,尼崎市,長洲本通２丁目５番２号,6600803
6140001067721,株式会社竹田組重量,兵庫県,尼崎市,戸ノ内町３丁目３３番９号,6610961
6140001072977,ネット不動産株式会社,兵庫県,尼崎市,南塚口町５丁目１５番１０号,6610012
6140001073240,甲南建設株式会社,兵庫県,尼崎市,築地５丁目５番１７号ジオプラザ築地３０７号室,6600858
6140001073703,株式会社らしく,兵庫県,尼崎市,大庄中通１丁目１０１番地,6600075
6140001073959,セカンドステージ株式会社,兵庫県,尼崎市,昭和通１丁目１０番４号,6600881
6140001074164,株式会社ネロ,兵庫県,尼崎市,東園田町２丁目２０６,6610953
6140001074172,株式会社共栄地所,兵庫県,尼崎市,南塚口町２丁目１番２−５０９号,6610012
6140001074305,株式会社朝日阪神企画,兵庫県,尼崎市,塚口本町２丁目４番１８号,6610001
6140001077720,株式会社ライフニス,兵庫県,尼崎市,南七松町１丁目３番５号クローバーハイツ３００号,6600053
6140001077836,株式会社絆カンパニー,兵庫県,尼崎市,武庫町２丁目２番１３号,6610044
6140001078537,株式会社大光建設,兵庫県,尼崎市,南武庫之荘１０丁目１１番３号,6610033
6140001080807,株式会社Ｙ’Ｓプランニング,兵庫県,尼崎市,南清水１番２４号,6610985
6140001081037,株式会社ＢＡＮＫＩＮＧ,兵庫県,尼崎市,西本町４丁目８８番地の４,6600874
6140001082910,株式会社ムービング,兵庫県,尼崎市,鶴町７番地の１７,6600092
6140001083603,株式会社ＩＭＰＡＬＡ,兵庫県,尼崎市,西昆陽３丁目１番１０号,6610047
6140001083941,株式会社ネオ・エナジー,兵庫県,尼崎市,南武庫之荘１１丁目８番１９−４０２号,6610033
6140001084353,株式会社花束,兵庫県,尼崎市,武庫元町１丁目２７番９号,6610043
6140001086341,株式会社ｓｕｍａｓｕｔａ,兵庫県,尼崎市,塚口本町４丁目６番１号,6610001
6140001086473,株式会社ワンハート,兵庫県,尼崎市,南城内２番地の２,6600825
6140001086507,株式会社スピリッツ,兵庫県,尼崎市,南竹谷町３丁目６番地の９,6600875
6140001086548,株式会社ＡＳＫ２１,兵庫県,尼崎市,神田北通２丁目１７番地,6600883
6140001086655,株式会社シャルパ,兵庫県,尼崎市,七松町３丁目２番２４号,6600052
6140001086779,株式会社ＴＲＣ,兵庫県,尼崎市,武庫之荘本町３丁目２２番１３号,6610031
6140001086837,株式会社アクティブサービス,兵庫県,尼崎市,南塚口町８丁目３番２号,6610012
6140001087091,株式会社高速自動車,兵庫県,尼崎市,名神町３丁目４番２１号,6610021
6140001087208,株式会社清水電工,兵庫県,尼崎市,西立花町４丁目１５番８号,6600054
6140001087240,株式会社ａｎｇｅ−ｔｏ−ｍａｒｉａ,兵庫県,尼崎市,南武庫之荘３丁目３６番１６−２０４号,6610033
6140001087348,株式会社前進,兵庫県,尼崎市,武庫之荘本町３丁目２番１１号,6610031
6140001087414,株式会社Ｄａｉｓｙ,兵庫県,尼崎市,南塚口町３丁目１９番８号,6610012
6140001087447,株式会社優聖,兵庫県,尼崎市,西大物町６番１６号,6600827
6140001087496,株式会社中村,兵庫県,尼崎市,南武庫之荘４丁目２１番３０−３０１号,6610033
6140001087554,株式会社グッドフォレスト,兵庫県,尼崎市,武庫之荘１丁目１５番７号,6610035
6140001088206,株式会社鳳如,兵庫県,尼崎市,尾浜町２丁目２８番１９号,6610022
6140001088263,こみつばち株式会社,兵庫県,尼崎市,西立花町３丁目９番３７号,6600054
6140001088420,株式会社ＡＣＲＯ,兵庫県,尼崎市,神田北通２丁目１２番地１,6600883
6140001088486,株式会社ＭＳＴ,兵庫県,尼崎市,御園１丁目１７番１号,6610984
6140001088825,株式会社ＹＡＢＵＴＡ,兵庫県,尼崎市,東園田町４丁目１１５番地の１,6610953
6140001088874,Ｈ＆Ａ株式会社,兵庫県,尼崎市,富松町３丁目７番２６号,6610003
6140001088924,株式会社マザーコーポレーション,兵庫県,尼崎市,武庫町２丁目２７番２３号,6610044
6140001088940,株式会社明成,兵庫県,尼崎市,東園田町７丁目７番地の２フェリーチェ東園田１０１,6610953
6140001089212,株式会社オフィス・Ｔ,兵庫県,尼崎市,七松町１丁目３番１号フェスタ立花南館１３１,6600052
6140001089294,株式会社Ｄ−Ｓｔｙｌｅ,兵庫県,尼崎市,三反田町３丁目１２番１３号,6610024
6140001089492,株式会社かなえるライフ,兵庫県,尼崎市,武庫之荘２丁目３番１号３Ｆ,6610035
6140001089666,禅株式会社,兵庫県,尼崎市,大庄中通５丁目１４番地の１７,6600075
6140001089922,株式会社アドバンス,兵庫県,尼崎市,立花町１丁目９番９号,6610025
6140001090112,ヨシダホールディングス株式会社,兵庫県,尼崎市,南塚口町１丁目１０番１５号,6610012
6140001090203,株式会社ｄｅｌｔａ,兵庫県,尼崎市,南竹谷町２丁目９０番地の１,6600875
6140001090277,株式会社トリプロ東日本,兵庫県,尼崎市,潮江１丁目２番６号尼崎フロントビル２階,6610976
6140001090450,株式会社Ｕｎｉｖｅｒｓａｌ　Ｒｏｂｏｔ　Ｌａｂ．,兵庫県,尼崎市,御園町２７番地の３さきタワーサンクタス尼崎駅前２３０４,6600861
6140001090558,株式会社Ｐｒｅｃｉｏｕｓ　Ｐｒｏｐｅｒｔｙ,兵庫県,尼崎市,杭瀬南新町４丁目６番２３号,6600822
6140001090797,株式会社Ｂ・Ｍ・Ｋ,兵庫県,尼崎市,戸ノ内町１丁目２番９号,6610961
6140001090954,株式会社Ｂｕｃｋｅｔ　Ｌｉｓｔ,兵庫県,尼崎市,南武庫之荘２丁目８番１−１０１,6610033
6140001090970,株式会社ナズキクリエイト,兵庫県,尼崎市,南武庫之荘２丁目４番１２号,6610033
6140001091250,株式会社兵建,兵庫県,尼崎市,小中島２丁目６番１３号,6610972
6140001091317,高木設備工業株式会社,兵庫県,尼崎市,塚口本町６丁目３番４１号,6610001
6140001091382,株式会社丸和,兵庫県,尼崎市,西難波町１丁目１６番１４号,6600893
6140001091630,株式会社シーアールサービス,兵庫県,尼崎市,水堂町４丁目１８番１４号,6610026
6140001091993,株式会社ＡＫＲ総合建設,兵庫県,尼崎市,長洲本通２丁目２番１号ながすダンダンハウス７０１号,6600803
6140001092059,株式会社ユニバーサルソリューション総研,兵庫県,尼崎市,戸ノ内町２丁目１２番３号,6610961
6140001092249,株式会社マストスタイル,兵庫県,尼崎市,立花町１丁目９番１−１１０１号,6610025
6140001092257,エステートトラスト株式会社,兵庫県,尼崎市,塚口町４丁目１０番地の５,6610002
6140001092439,株式会社ティーエイ,兵庫県,尼崎市,稲葉荘１丁目２１番２号,6600064
6140001092760,ケアサポート中央民の家株式会社,兵庫県,尼崎市,築地５丁目５番１７号,6600858
6140001092769,セントラル田中株式会社,兵庫県,尼崎市,東園田町５丁目１３７番地,6610953
6140001092918,株式会社友人,兵庫県,尼崎市,大庄西町３丁目７番１７号,6600077
6140001093024,株式会社チェリー,兵庫県,尼崎市,杭瀬本町２丁目２１番１号,6600814
6140001093081,株式会社荒木工業,兵庫県,尼崎市,西難波町２丁目５番１５号,6600893
6140001093098,関西メタルルーフ株式会社,兵庫県,尼崎市,丸島町２２番地,6600086
6140001093453,ＴＡＯ株式会社,兵庫県,尼崎市,潮江１丁目２０番１号,6610976
6140001093486,中王産業株式会社,兵庫県,尼崎市,尾浜町１丁目３１番２６号,6610022
6140001093560,株式会社ＭＨＬ,兵庫県,尼崎市,東園田町３丁目５１番地の４,6610953
6140001093734,株式会社レグノ,兵庫県,尼崎市,次屋３丁目５番６０号,6610965
6140001093965,株式会社スターシップ,兵庫県,尼崎市,西難波町５丁目３番５号−２０１,6600893
6140001094204,株式会社亀山商店,兵庫県,尼崎市,長洲東通３丁目１番１３−３０１号,6600801
6140001094212,株式会社祥輝建設,兵庫県,尼崎市,尾浜町２丁目２８番９号,6610022
6140001094237,ＬＩＮＥネットワーク株式会社,兵庫県,尼崎市,東難波町５丁目７−１９−３Ｆ,6600892
6140001094253,スプリングヒルズ株式会社,兵庫県,尼崎市,塚口町２丁目１８番地ウィンザアベニュー塚口２０８号,6610002
6140001094435,株式会社笑顔,兵庫県,尼崎市,栗山町１丁目２２−３０−１０１,6610013
6140001095053,株式会社三善,兵庫県,尼崎市,大庄北３丁目２５番１−５０７号,6600063
6140001095169,真栄興業株式会社,兵庫県,尼崎市,塚口町４丁目２６番７号市隆ハイツ塚口,6610002
6140001095177,株式会社ＡｌｌｅｇｒｏＶａｔｅ,兵庫県,尼崎市,潮江１丁目２０番１号４０１,6610976
6140001095243,株式会社フロアーシップ,兵庫県,尼崎市,田能２丁目６番４号,6610951
6140001095425,株式会社吉建,兵庫県,尼崎市,西立花町４丁目１０番２号,6600054
6140001095482,株式会社ワールド,兵庫県,尼崎市,昭和南通４丁目６８番地３,6600882
6140001095540,株式会社丸福,兵庫県,尼崎市,武庫之荘２丁目２７番２１号,6610035
6140001095581,高寺管理株式会社,兵庫県,尼崎市,大島１丁目２１番９号グランピアウエスト６０３号,6600076
6140001095920,ＫＴグローバル株式会社,兵庫県,尼崎市,東難波町５丁目１４番２９号,6600892
6140001095953,ビビッド・エイド株式会社,兵庫県,尼崎市,南武庫之荘２丁目８番１号ルネ武庫之荘１０６,6610033
6140001096150,株式会社アドミリ,兵庫県,尼崎市,昭和通９丁目３３６番地の８,6600881
6140001096258,株式会社ＫＡＧＵＹＡ,兵庫県,尼崎市,西難波町４丁目１１番１０号,6600893
6140001096282,株式会社シーエーエム,兵庫県,尼崎市,次屋２丁目１７番１２号,6610965
6140001096373,株式会社グロリアスライフ,兵庫県,尼崎市,東園田町６丁目４７−１ロワ９４−３０３号,6610953
6140001096497,オーケー住設株式会社,兵庫県,尼崎市,尾浜町１丁目１番１５号,6610022
6140001096563,株式会社平鉄工,兵庫県,尼崎市,尾浜町３丁目１８番１２号,6610022
6140001096803,株式会社丸正フードサービス,兵庫県,尼崎市,杭瀬本町２丁目１７番３号,6600814
6140001096844,株式会社パシフィックアシスト,兵庫県,尼崎市,潮江１丁目２１番１号,6610976
6140001096902,ＫＭコンサルティング株式会社,兵庫県,尼崎市,上ノ島町３丁目２０番１０号,6610014
6140001097033,株式会社ヤマモト,兵庫県,尼崎市,稲葉元町２丁目６番１６号,6600055
6140001097289,株式会社フィオ,兵庫県,尼崎市,潮江１丁目６番第７号棟１１０４号室,6610976
6140001098023,株式会社ＴＲ・ＥＮＧ,兵庫県,尼崎市,浜田町１丁目２９,6600062
6140001098279,株式会社エムズアカデミー,兵庫県,尼崎市,塚口町６丁目９番地の６,6610002
6140001098304,株式会社エスポワール,兵庫県,尼崎市,水堂町２丁目７番７号,6610026
6140001098485,株式会社てんま調剤薬局,兵庫県,尼崎市,久々知１丁目９番８号コウエイビル１階,6610977
6140001098650,白和食品株式会社,兵庫県,尼崎市,北大物町１６番３号,6600804
6140001098717,アルマ電子株式会社,兵庫県,尼崎市,西本町６丁目３７番地ハイツフォーティーセブン１０１号室,6600874
6140001098816,株式会社リフォームウェルネス,兵庫県,尼崎市,武庫元町２丁目１６−１１,6610043
6140001098849,昇自動車工業株式会社,兵庫県,尼崎市,額田町１７番１号シャトー福３１１号室,6610962
6140001098907,株式会社東良ホールディングス,兵庫県,尼崎市,南武庫之荘１丁目８番２４号,6610033
6140001098915,株式会社石山興業,兵庫県,尼崎市,武庫之荘５丁目１７番１０号,6610035
6140001098948,株式会社絆,兵庫県,尼崎市,神田中通２丁目２７−４７阪神ＯＮＯビル３Ｆ,6600884
6140001099104,株式会社達磨,兵庫県,尼崎市,神田南通１丁目２５番地の１３,6600885
6140001099228,株式会社マキフードサービス,兵庫県,尼崎市,昭和通２丁目６番６８号,6600881
6140001099293,株式会社エイト,兵庫県,尼崎市,水堂町２丁目３８番１号,6610026
6140001099343,濱名商興株式会社,兵庫県,尼崎市,長洲中通３丁目１６番１号,6600802
6140001099698,株式会社ＧＲＡＣＥ　ＴＥＲＲＡ,兵庫県,尼崎市,神田北通１丁目２,6600883
6140001099789,株式会社Ｋ’ｓ,兵庫県,尼崎市,大庄北５丁目２番３５号,6600063
6140001100044,エブリデイサービス株式会社,兵庫県,尼崎市,武庫の里１丁目２０−３３,6610041
6140001100060,株式会社ティーハウス,兵庫県,尼崎市,立花町１丁目１９−４０−１０３号,6610025
6140001100102,株式会社ＹＭＴ,兵庫県,尼崎市,大庄北３丁目６番１２号,6600063
6140001100366,株式会社アイデンティティー,兵庫県,尼崎市,富松町１丁目３７番１５−２０５号,6610003
6140001100416,株式会社マービー物流サービス,兵庫県,尼崎市,若王寺１丁目２５番１−７０９号,6610974
6140001100481,株式会社プラスＭてんとうむし訪問看護,兵庫県,尼崎市,武庫町３丁目４番７号,6610044
6140001100564,株式会社オー・エム・ピー,兵庫県,尼崎市,戸ノ内町５丁目８２５番１９９号,6610961
6140001100580,株式会社エイト・ボアー,兵庫県,尼崎市,塚口本町６丁目１５番８号,6610001
6140001100622,エフテック工業株式会社,兵庫県,尼崎市,田能６丁目２番３１号,6610951
6140001100952,ナイスタイム株式会社,兵庫県,尼崎市,七松町１丁目１１−７,6600052
6140001100985,株式会社ＫＵＲＯＤＡコーポレーション,兵庫県,尼崎市,昭和南通５丁目６９番１号アミックビル５階,6600882
6140001101331,ＡＬＴＥＲ　ＴＥＣＨ株式会社,兵庫県,尼崎市,上ノ島町３丁目１４番１８号,6610014
6140001101389,株式会社豊川組,兵庫県,尼崎市,杭瀬南新町２丁目６番３９号,6600822
6140001101447,株式会社朱堂,兵庫県,尼崎市,南武庫之荘１０丁目１３番１号,6610033
6140001101620,株式会社松田,兵庫県,尼崎市,常松１丁目１３番２９号,6610046
6140001101892,Ｃｒｙｓｔａｌｉｅ株式会社,兵庫県,尼崎市,武庫之荘２丁目２番２−２０２号,6610035
6140001102008,共栄工業株式会社,兵庫県,尼崎市,大庄中通２丁目６４番地,6600075
6140001102024,株式会社ＡＩＲ,兵庫県,尼崎市,東難波町４丁目２１番３５号２１７号室,6600892
6140001102065,関西メタリスト株式会社,兵庫県,尼崎市,南塚口町３丁目１２番３号アンシャンテ・カーロ６０６号,6610012
6140001102338,株式会社御園工作所,兵庫県,尼崎市,浜３丁目６番１１号,6610967
6140001102701,株式会社トロップ,兵庫県,尼崎市,東難波町５丁目７番７号,6600892
6140001102791,株式会社クレセール,兵庫県,尼崎市,東園田町２丁目１０番地の１（２０２号）,6610953
6140001102874,株式会社Ｎｏａ　Ｌｉｆｅ,兵庫県,尼崎市,浜３丁目５番９号,6610967
6140001102965,株式会社仲アドバンス,兵庫県,尼崎市,尾浜町１丁目３４番２３号,6610022
6140001103006,オフィスリアリティ株式会社,兵庫県,尼崎市,東難波町５丁目３０番１７号,6600892
6140001103121,株式会社ＨＹＭＹ,兵庫県,尼崎市,武庫元町２丁目５番１３号,6610043
6140001103352,ノースオフィスパートナーズ株式会社,兵庫県,尼崎市,東難波町５丁目８番２６号８Ｆ,6600892
6140001103617,株式会社中山電気工事,兵庫県,尼崎市,御園１丁目２番２９号,6610984
6140001103740,株式会社ＣＣＴ,兵庫県,尼崎市,南武庫之荘３丁目３６番６号３階,6610033
6140001103798,株式会社ＫＵＭＡＤＥＮ,兵庫県,尼崎市,塚口本町７丁目２１番２６号,6610001
6140001103815,セカンド株式会社,兵庫県,尼崎市,築地１丁目３−５,6600858
6140001104086,株式会社文音,兵庫県,尼崎市,杭瀬本町３丁目５番２９号,6600814
6140001104350,株式会社Ｐｉｎｅ　Ｗｅｌｌ,兵庫県,尼崎市,東難波町５丁目２番２１号,6600892
6140001104409,株式会社加藤工業,兵庫県,尼崎市,久々知１丁目２０番５号,6610977
6140001104508,株式会社玉城電工,兵庫県,尼崎市,東難波町５丁目８番２０−５０２号,6600892
6140001104623,株式会社ユーアンドエス,兵庫県,尼崎市,下坂部３丁目１０番１号,6610975
6140001105101,ウェルパイン株式会社,兵庫県,尼崎市,大庄西町３丁目１１番２２号ＪＰアパートメント３０１号,6600077
6140001105191,株式会社ひとふくし会,兵庫県,尼崎市,長洲中通１丁目１２番２７号,6600802
6140001105266,株式会社システムマツモト,兵庫県,尼崎市,東園田町６丁目７７番地,6610953
6140001105415,株式会社セツオ,兵庫県,尼崎市,元浜町２丁目１００番地の３,6600085
6140001105448,遠嶋工業株式会社,兵庫県,尼崎市,塚口本町１丁目６番６号,6610001
6140001105588,株式会社Ｒｅｉ−Ｔｅｃｈ,兵庫県,尼崎市,稲葉荘２丁目２番２０号,6600064
6140001105638,一成建設株式会社,兵庫県,尼崎市,西昆陽１丁目３番３３号,6610047
6140001105761,株式会社グランパート,兵庫県,尼崎市,潮江３丁目１番３号,6610976
6140001105852,株式会社オフィスＧ,兵庫県,尼崎市,南塚口町２丁目７番１−９１０号,6610012
6140001105860,株式会社岡本,兵庫県,尼崎市,七松町２丁目２７番２３号,6600052
6140001105885,日越総合企画株式会社,兵庫県,尼崎市,塚口町１丁目２２番地の９,6610002
6140001106000,ＦＡクリエイト株式会社,兵庫県,尼崎市,武庫の里２丁目２７番３１号,6610041
6140001106207,株式会社ＦＯＧ,兵庫県,尼崎市,三反田町２丁目１２番２８号,6610024
6140001106446,株式会社大真,兵庫県,尼崎市,立花町３丁目１６番９号,6610025
6140001106479,株式会社梛,兵庫県,尼崎市,大島２丁目５番７号,6600076
6140001106520,株式会社マテック,兵庫県,尼崎市,常松２丁目１２番１７号,6610046
6140001106735,株式会社未来,兵庫県,尼崎市,西昆陽２丁目１１番１６号,6610047
6140001106743,株式会社阪神サービス,兵庫県,尼崎市,西本町８丁目３７６番ＣＲＯＵＤ尼崎５０４号,6600874
6140001106751,安藤経営コンサルティング株式会社,兵庫県,尼崎市,食満５丁目２８番９号,6610982
6140001106784,株式会社フリーテック,兵庫県,尼崎市,昭和南通５丁目７５番１号,6600882
6140001106801,株式会社みらいハウス,兵庫県,尼崎市,潮江１丁目１５番３号,6610976
6140001106875,株式会社歩,兵庫県,尼崎市,武庫町２丁目２３番６号,6610044
6140001107130,株式会社Ａｂｏｖｅ,兵庫県,尼崎市,武庫之荘７丁目８番２６−２号,6610035
6140001107592,マスターテック株式会社,兵庫県,尼崎市,下坂部２丁目３０番７号,6610975
6140001107675,ＯＡＣＳ株式会社,兵庫県,尼崎市,南塚口町２丁目２９番３５−３０１号,6610012
6140001107758,株式会社ｉＴｅｃｈ,兵庫県,尼崎市,東園田町７丁目２０番地の４０,6610953
6140001107881,株式会社ホワード,兵庫県,尼崎市,東難波町３丁目１７番４号,6600892
6140001107915,アエラマネジメント株式会社,兵庫県,尼崎市,立花町１丁目４番１６号,6610025
6140001107931,株式会社浅野,兵庫県,尼崎市,富松町３丁目６番２１号,6610003
6140001108013,株式会社オウルティ,兵庫県,尼崎市,戸ノ内町３丁目６−４０,6610961
6140001108095,株式会社夢走コーポレーション,兵庫県,尼崎市,西難波町２丁目７番７号,6600893
6140001108137,株式会社リビニー,兵庫県,尼崎市,南塚口町８丁目３０番２号,6610012
6140001108244,株式会社アルク不動産,兵庫県,尼崎市,武庫之荘１丁目２番１５号,6610035
6140001108491,株式会社やぶ商,兵庫県,尼崎市,潮江１丁目５番１−２６１０号,6610976
6140001108558,株式会社岡村商事,兵庫県,尼崎市,食満５丁目１０番１２号,6610982
6140001108599,株式会社ＭＯＴＯコーポレーション,兵庫県,尼崎市,東園田町３丁目３３番地の５,6610953
6140001108624,株式会社英建,兵庫県,尼崎市,戸ノ内町３丁目４番２２号上田倉庫Ｄ棟３号,6610961
6140001108797,株式会社檜垣工務店,兵庫県,尼崎市,東難波町５丁目１７番２６号,6600892
6140001109069,子恩株式会社,兵庫県,尼崎市,南塚口町２丁目３７番５−４０４号,6610012
6140001109119,株式会社ＡＭＯＮＡ,兵庫県,尼崎市,塚口町１丁目３１番地の９,6610002
6140001109267,株式会社えん,兵庫県,尼崎市,大庄中通４丁目２番地の１,6600075
6140001109325,株式会社ｎｉｋｏ,兵庫県,尼崎市,御園町５４番地２５０５号,6600861
6140001109382,株式会社シイネッツ,兵庫県,尼崎市,西長洲町３丁目１番６５号,6600805
6140001109424,株式会社クローバー情報システム,兵庫県,尼崎市,戸ノ内町３丁目１５番１２号,6610961
6140001109655,株式会社サツキワークス,兵庫県,尼崎市,瓦宮１丁目２−５,6610971
6140001109688,株式会社Ｙ．Ｓ．Ｉ,兵庫県,尼崎市,上坂部１丁目３番２９号,6610979
6140001109721,株式会社岡本工業,兵庫県,尼崎市,武庫元町２丁目５番１５−１号,6610043
6140001109894,株式会社Ｍ＆Ａ,兵庫県,尼崎市,猪名寺３丁目５番１５号,6610981
6140001109903,株式会社スカイクラウド,兵庫県,尼崎市,富松町１丁目２６番２９−７０２号,6610003
6140001110159,株式会社リファイン,兵庫県,尼崎市,南武庫之荘５丁目２０番４−３０１号,6610033
6140001110258,石電エンジニアリング株式会社,兵庫県,尼崎市,塚口町６丁目４７番地の８,6610002
6140001110274,株式会社宝工業,兵庫県,尼崎市,大庄北５丁目１８番１３号,6600063
6140001110539,株式会社インアット,兵庫県,尼崎市,七松町１丁目３番２−１９０２号,6600052
6140001110555,株式会社ガラシアＷＩＮＧＳ,兵庫県,尼崎市,小中島２丁目１７番１号,6610972
6140001110596,株式会社ＫＵＲＥ　Ｈｏｍｅ,兵庫県,尼崎市,南武庫之荘７丁目１６番１９号,6610033
6140001111272,株式会社フェリセイト,兵庫県,尼崎市,東七松町１丁目１４番１６−１０１,6600051
6140001111297,株式会社ＢＲＩＣＫ　ＨＯＵＳＥ,兵庫県,尼崎市,武庫元町１丁目２１番１３号,6610043
6140001111371,ベルバリュー株式会社,兵庫県,尼崎市,七松町１丁目２番１号フェスタ立花北館４０１Ｂ,6600052
6140001111388,株式会社エノキヤ,兵庫県,尼崎市,昭和南通８丁目２３７番地の２,6600882
6140001111396,エスエス制御システム株式会社,兵庫県,尼崎市,大庄北１丁目１４番６０号−３０１号,6600063
6140001111454,株式会社中村工業,兵庫県,尼崎市,東園田町６丁目７８番地の８,6610953
6140001111669,Ｆｉｖｅ　Ｍａｎａｇｅｍｅｎｔ株式会社,兵庫県,尼崎市,西難波町１丁目２７番９−１号,6600893
6140001111702,株式会社イリニコ,兵庫県,尼崎市,武庫元町１丁目１１番１１−４０６号,6610043
6140001112007,Ｈｉシステム株式会社,兵庫県,尼崎市,昭和通２丁目６番６８号,6600881
6140001112270,株式会社リードエフォート,兵庫県,尼崎市,潮江１丁目３−３５エピタ尼崎３階Ｄ−１,6610976
6140001112394,株式会社産經新聞汐江販売,兵庫県,尼崎市,西川２丁目３５番８号,6610966
6140001112460,株式会社大城工業,兵庫県,尼崎市,尾浜町２丁目６番１６号,6610022
6140001112510,株式会社キャトルバン・ユイット,兵庫県,尼崎市,稲葉元町１丁目７番１８号,6600055
6140001112519,株式会社佐竹,兵庫県,尼崎市,塚口町１丁目１７番地の５コーポ佐竹２０２号,6610002
6140001112691,株式会社タナチュウ,兵庫県,尼崎市,尾浜町１丁目３１番２６号２Ｆ,6610022
6140001112733,株式会社ＡＳＡＭ,兵庫県,尼崎市,武庫之荘西２丁目４９番１６−２０１号,6610034
6140001113005,株式会社ＳＥＶＥＮ,兵庫県,尼崎市,南武庫之荘７丁目２２番２７号,6610033
6140001113392,＿舟国際株式会社,兵庫県,尼崎市,昭和通５丁目１８６番地の２クラウンハイム尼崎昭和通８０２号,6600881
6140001113426,株式会社ＴＥＲａＸ,兵庫県,尼崎市,神田南通６丁目１７９番地の５,6600885
6140001113624,株式会社Ｃｏｍｐａｓｓ,兵庫県,尼崎市,武庫川町３丁目６７番地,6600084
6140001114028,株式会社ｅｃｏ　ｐｉｅｃｅ,兵庫県,尼崎市,食満１丁目５−２１−１０４,6610982
6140001114184,株式会社Ｓ＆Ｅ,兵庫県,尼崎市,立花町１丁目７番１７号５０３号室,6610025
6140001114192,株式会社ＭＯＴＯ,兵庫県,尼崎市,南武庫之荘１２丁目３番３号,6610033
6140001114250,株式会社エムエフピー,兵庫県,尼崎市,御園町２７番地の３さきタワーサンクタス尼崎駅前１９０６,6600861
6140001114358,株式会社パインファーマシー,兵庫県,尼崎市,御園町２４番地尼崎第一ビル４０２号,6600861
6140001114416,大日ホールディングス株式会社,兵庫県,尼崎市,下坂部４丁目１番２８号,6610975
6140001114481,株式会社宮嵜造園,兵庫県,尼崎市,大庄中通２丁目２３番２号,6600075
6140001114630,株式会社ビビアナ,兵庫県,尼崎市,立花町３丁目３５番１２号,6610025
6140001114671,株式会社伊佐,兵庫県,尼崎市,南武庫之荘１丁目１４番２５−３０５号,6610033
6140001114713,株式会社フラワー,兵庫県,尼崎市,武庫之荘７丁目２５番１４号,6610035
6140001114762,株式会社いわみ屋,兵庫県,尼崎市,大西町２丁目１６番２１号,6610023
6140001114820,クリエイトシェアードサービス株式会社,兵庫県,尼崎市,御園町２４番地尼崎第一ビル４０２号,6600861
6140001115075,株式会社サンテック,兵庫県,尼崎市,大浜町１丁目８番９号,6600095
6140001115208,株式会社ポーターズ,兵庫県,尼崎市,食満３丁目３番１２号,6610982
6140001115224,山設リフォーム株式会社,兵庫県,尼崎市,水堂町２丁目３３番４号,6610026
6140001115232,ヴォーチェ株式会社,兵庫県,尼崎市,西昆陽２丁目３７番１号,6610047
6140001115257,株式会社小林鉄工所,兵庫県,尼崎市,三反田町３丁目１番９号,6610024
6140001115488,株式会社エアープラス,兵庫県,尼崎市,西大物町１２番５５−２２０６号,6600827
6140001115521,株式会社Ｐｒｅｃｉｏｕｓ　Ｏｎｅ,兵庫県,尼崎市,道意町５丁目２１番地の１８,6600083
6140001115538,エターナルハーベスト株式会社,兵庫県,尼崎市,上坂部３丁目１９番２号上坂部ハイツＡ棟,6610979
6140001115612,株式会社新里塗装,兵庫県,尼崎市,南七松町２丁目４番１３号,6600053
6140001115884,株式会社十三一,兵庫県,尼崎市,東園田町８丁目１００番地の２８,6610953
6140001115950,ＣＯＳＭＯＳ　ＳＴＵＤＩＯ株式会社システム研究室,兵庫県,尼崎市,杭瀬寺島１丁目４番２０号,6600813
6140001115991,一心警備保障株式会社,兵庫県,尼崎市,塚口本町１丁目６番６号,6610001
6140001116016,ＴＹＦ株式会社,兵庫県,尼崎市,常吉２丁目１５番８号フリーダム中村２１２号室,6610042
6140001116049,株式会社ＯＮＥ　ＴＥＡＭ,兵庫県,尼崎市,上坂部１丁目３−３８−１０１,6610979
6140001116156,株式会社ＧＯＳＨＡＷＫ,兵庫県,尼崎市,水堂町４丁目４番２７号,6610026
6140001116404,株式会社センガ建築設計,兵庫県,尼崎市,東難波町３丁目２番３号,6600892
6140001116825,株式会社ＴＭＧ,兵庫県,尼崎市,昭和通４丁目１１８番地ダイアパレス北側２Ｆ２０７,6600881
6140001117039,ＯＴＡ　Ａｓｉａ株式会社,兵庫県,尼崎市,南塚口町６丁目８番１０−６０８号,6610012
6140001117303,株式会社三栄社,兵庫県,尼崎市,武庫豊町２丁目９番１−７０２,6610045
6140001117501,株式会社総合保険サービス,兵庫県,尼崎市,塚口町１丁目１３番地の８サウザンド塚口２０２,6610002
6140001117699,株式会社エーテック,兵庫県,尼崎市,常光寺１丁目８番３０号,6600811
6140001117749,内田笑事株式会社,兵庫県,尼崎市,南武庫之荘２丁目１５番２６−３０１号,6610033
6140001117757,株式会社プライベートイースト,兵庫県,尼崎市,御園町２４番地尼崎第一ビル４０２号,6600861
6140001118441,株式会社Ｌｉｃｈｔ,兵庫県,尼崎市,稲葉荘４丁目２０番２２号稲葉荘ハイツ１０１,6600064
6140001118615,株式会社みのりコンサルティング,兵庫県,尼崎市,塚口町１丁目１４番地の１３フローラルコート塚口３０１,6610002
6140001118722,株式会社甑,兵庫県,尼崎市,南塚口町１丁目２６番３７号,6610012
6140001118895,株式会社音羽,兵庫県,尼崎市,塚口町２丁目１３番地の１０−２,6610002
6140001118961,株式会社福鷹産業,兵庫県,尼崎市,東難波町５丁目１７番２３号第一住建尼崎ビル６０１号,6600892
6140001119150,岡田工業株式会社,兵庫県,尼崎市,道意町２丁目７番地の１５,6600083
6140001119175,株式会社ゼネラル・ライフサービス,兵庫県,尼崎市,武庫之荘東２丁目１４番２２号,6610032
6140001119183,株式会社ａｌｌｉａｎｃｅ,兵庫県,尼崎市,塚口町２丁目２９番地の９,6610002
6140001119290,Ｋａｎ　ｓｙａｈ株式会社,兵庫県,尼崎市,武庫之荘３丁目１４番１１号,6610035
6140001119588,中井興産株式会社,兵庫県,尼崎市,大島１丁目４５番２１号,6600076
6140001119654,株式会社ジェイアイティ,兵庫県,尼崎市,東難波町４丁目２番２９号,6600892
6140001119753,株式会社メラキ建築工房,兵庫県,尼崎市,田能４丁目２番２１号,6610951
6140001120026,株式会社隅谷設備,兵庫県,尼崎市,浜３丁目３番１７号,6610967
6140001120406,株式会社ＦＬｉＧＡＲ．,兵庫県,尼崎市,塚口本町２丁目３７番１７号,6610001
6140001120414,株式会社共同輸送機製作所,兵庫県,尼崎市,額田町４番８号,6610962
6140001120694,株式会社永遠,兵庫県,尼崎市,立花町２丁目２２番１０−１０１号,6610025
6140001120884,株式会社Ｐａｒａｌｌｅｌ,兵庫県,尼崎市,武庫川町２丁目６７番地,6600084
6140001120892,株式会社しげちか建装,兵庫県,尼崎市,常松１丁目３３番７号,6610046
6140001120991,株式会社Ｋｅｗ,兵庫県,尼崎市,東園田町６丁目４６番地の１−１−３０１号,6610953
6140001121065,株式会社Ａ−Ｔインセイン,兵庫県,尼崎市,西本町２丁目９５番地海岸ビル１Ｆ,6600874
6140001121296,株式会社ネクストステップ,兵庫県,尼崎市,西難波町４丁目９番１３号,6600893
6140001121370,株式会社爽美館,兵庫県,尼崎市,食満７丁目１０番８号,6610982
6140001121536,株式会社エイトグリーン,兵庫県,尼崎市,西昆陽３丁目３番８号,6610047
6140001121899,メディカルインベストメント株式会社,兵庫県,尼崎市,御園町２４番地尼崎第一ビル４０２号,6600861
6140001122253,株式会社ワークス,兵庫県,尼崎市,水堂町４丁目９番５号,6610026
6140001122609,ＮＥＫＡＳＡＭ株式会社,兵庫県,尼崎市,額田町８番３号,6610962
6140001122674,フジナガホールディングス株式会社,兵庫県,尼崎市,道意町６丁目２８番地７,6600083
6140001122682,株式会社ビーナ,兵庫県,尼崎市,東難波町５丁目１９番２３号,6600892
6140001122699,株式会社西川工業,兵庫県,尼崎市,久々知１丁目１３番１０号,6610977
6140001122724,株式会社ＭＴＮ,兵庫県,尼崎市,西本町６丁目２６番地,6600874
6140001122930,株式会社悠真組,兵庫県,尼崎市,浜３丁目２番５号,6610967
6140001123763,ブルーレイブン株式会社,兵庫県,尼崎市,稲葉元町３丁目２２番８号,6600055
6140001123771,大成土木株式会社,兵庫県,尼崎市,東塚口町２丁目４番５５号,6610011
6140001123846,メディカルセンター株式会社,兵庫県,尼崎市,御園町２４番地尼崎第一ビル４０２号,6600861
6140001124118,株式会社ラピス,兵庫県,尼崎市,立花町１丁目７番１７−５０３号,6610025
6140001124282,フィデリティインベスト株式会社,兵庫県,尼崎市,御園町２４番地尼崎第一ビル４０２号,6600861
6140001124299,阪神インテリジェンストータルサービス株式会社,兵庫県,尼崎市,開明町１丁目６８−１１−３０２号,6600862
6140001124332,株式会社トーシンイレクション,兵庫県,尼崎市,水堂町４丁目６番１２号,6610026
6140001124349,株式会社ｅｓ,兵庫県,尼崎市,久々知西町２丁目１４番１３号,6610978
6140001124431,株式会社太陽,兵庫県,尼崎市,南武庫之荘８丁目２９番４号Ａ号,6610033
6140001124555,Ａｘｉｓ．ｏｖ−Ｆｉｌｍｓ株式会社,兵庫県,尼崎市,尾浜町３丁目２８番１７号,6610022
6140001124605,株式会社三嶋,兵庫県,尼崎市,長洲西通２丁目８−３０,6600807
6140001124836,株式会社ＲＩＳＥ,兵庫県,尼崎市,大島３丁目３１番１６−２０１号,6600076
6140001124910,株式会社ｌａｚｏ,兵庫県,尼崎市,大庄中通１丁目２１番地,6600075
6140001124935,バッテリーイノベーション株式会社,兵庫県,尼崎市,道意町７丁目１番３,6600083
6140001125124,Ｓ＆Ｅエンジニアリング株式会社,兵庫県,尼崎市,金楽寺町１丁目３番３０号,6600806
6140001125140,アストリーム株式会社,兵庫県,尼崎市,椎堂１丁目２３番２６号,6610952
6140001125149,株式会社ワークモア,兵庫県,尼崎市,七松町３丁目２−１４−３号,6600052
6140001125339,Ｎｏ７株式会社,兵庫県,尼崎市,塚口本町２丁目２７番１２号,6610001
6140001125363,株式会社Ｓｔｒｉｎｇ,兵庫県,尼崎市,水堂町２丁目１３−５,6610026
6140001125462,共栄メンテナンス株式会社,兵庫県,尼崎市,南塚口町３丁目５番６号サンロイス２０６号室,6610012
6140001125512,ジャパンレッカー株式会社,兵庫県,尼崎市,丸島町３０−３,6600086
6140001125669,プライムセンター株式会社,兵庫県,尼崎市,御園町２４番地尼崎第一ビル４０２号,6600861
6140001125702,スミテク株式会社,兵庫県,尼崎市,西長洲町２丁目２３番１０−１０２号,6600805
6140001125966,株式会社ネクストリノベーション,兵庫県,尼崎市,大庄中通１丁目３番４号オーエムビル５Ｆ,6600075
6140001125990,三好堂株式会社,兵庫県,尼崎市,東難波町５丁目３０−１７アスパイア七番館８０１号,6600892
6140001126031,ネロアマ株式会社,兵庫県,尼崎市,水堂町４丁目８番１７号,6610026
6140001126147,株式会社園田企画,兵庫県,尼崎市,東園田町９丁目１７番地の１４（４０５号）,6610953
6140001126304,株式会社ＡＬＢｒｉｄｇｅ,兵庫県,尼崎市,長洲中通１丁目１番４１号梅花住宅２階２号,6600802
6140001126551,株式会社ＭＡＴＳＵＷＡ,兵庫県,尼崎市,戸ノ内町６丁目１４番１０号,6610961
6140001126659,株式会社凌乃水産,兵庫県,尼崎市,神田北通６丁目１７６番地,6600883
6140001126667,株式会社ＺＥＲＯＯＮＥ‐ＬＩＦＥ,兵庫県,尼崎市,東難波町２丁目７番５−２０３号,6600892
6140001126733,スタンスユナイテッド株式会社,兵庫県,尼崎市,潮江１丁目２１番１−５０４号,6610976
6140001126881,株式会社ＫＲ　Ｃｏａｔ,兵庫県,尼崎市,塚口町４丁目２６番地の７市隆ハイツ塚口５０Ｈ,6610002
6140001127228,株式会社宇宙,兵庫県,尼崎市,昭和南通８丁目２０５番地４,6600882
6140001127533,ＳＪホールディングス株式会社,兵庫県,尼崎市,西長洲町１丁目３番２０号,6600805
6140001127624,ビーバーホーム株式会社,兵庫県,尼崎市,武庫之荘５丁目３６番３４号,6610035
6140001127731,株式会社ブロッサム,兵庫県,尼崎市,立花町４丁目１４番２７号Ｐａｎａｃｈｅｒ　Ｍｏｒｉ１０２号,6610025
6140001128028,株式会社テイクワンエクスプレス,兵庫県,尼崎市,水堂町２丁目３４番１０号,6610026
6140001128093,株式会社ウェルビーイング,兵庫県,尼崎市,水堂町２丁目１２番１８−１号,6610026
6140001128201,株式会社ＳＡＲＡ,兵庫県,尼崎市,尾浜町２丁目２８番１４号,6610022
6140001128267,株式会社ＳＫＤ,兵庫県,尼崎市,西本町７丁目９番地,6600874
6140001128358,株式会社リバーガーデン,兵庫県,尼崎市,元浜町４丁目５７番地リバーガーデン藤１０１,6600085
6140001128449,ＪＴＳ株式会社,兵庫県,尼崎市,杭瀬本町２丁目３番１３号,6600814
6140001128713,株式会社ｂｅ,兵庫県,尼崎市,武庫之荘本町１丁目１４−２６ワコーレ武庫之荘本町４０５号,6610031
6140001128911,株式会社ＩＣ,兵庫県,尼崎市,三反田町３丁目１２番３号,6610024
6140001129323,リタ総合不動産株式会社,兵庫県,尼崎市,東難波町５丁目６番９号,6600892
6140001129422,株式会社ＫＳＦ,兵庫県,尼崎市,次屋１丁目２番１６号,6610965
6140001129496,ＧＯＯＤ　ＦＬＯＷ株式会社,兵庫県,尼崎市,西難波町４丁目１番１２号,6600893
6140001129620,株式会社ＥＭＩ,兵庫県,尼崎市,瓦宮１丁目６番８号,6610971
6140001129637,ＪＤＣ株式会社,兵庫県,尼崎市,大西町３丁目２番２９号,6610023
6140001130058,株式会社維彩,兵庫県,尼崎市,久々知１丁目１０番７号,6610977
6140001130082,株式会社正晃,兵庫県,尼崎市,東園田町２丁目７６番地の１・１０６号,6610953
6140001130396,株式会社ＳＯＲＡＩＥ,兵庫県,尼崎市,立花町２丁目２番１号新立花ビル２階,6610025
6140001130446,株式会社ワコ,兵庫県,尼崎市,塚口町３丁目４１番地の１８,6610002
6140001130454,株式会社フェリスミライ,兵庫県,尼崎市,東七松町１丁目１４番１３号,6600051
6140001130470,株式会社Ｄｅｅ　ＣＲＡＮＥ,兵庫県,尼崎市,武庫之荘６丁目１６番１０号,6610035
6140001130743,杏伸商事株式会社,兵庫県,尼崎市,道意町３丁目７−３,6600083
6140001130792,株式会社ココロ,兵庫県,尼崎市,南塚口町３丁目１０番６号クリスティ南塚口１階,6610012
6140001130925,株式会社スタジオランポ,兵庫県,尼崎市,東難波町５丁目２−２６,6600892
6140001131064,株式会社ＢＶＩホールディングス,兵庫県,尼崎市,杭瀬本町１丁目２３番２号カーサフジイ２Ｆ,6600814
6140001131080,株式会社埼玉商会,兵庫県,尼崎市,北大物町１４番１４号,6600804
6140001131163,株式会社ｂｅｓｔ　ｓｉｇｎ,兵庫県,尼崎市,小中島３丁目１０番７−６１０号,6610972
6140001131196,株式会社軽バンレッカーサービス,兵庫県,尼崎市,長洲西通１丁目１６番１１号,6600807
6140001131246,ナガイエンジニア株式会社,兵庫県,尼崎市,武庫町４丁目１０−４−４号,6610044
6140001131485,株式会社Ｃｏｕｌｅｕｒ　ｄｅｓｉｇｎ,兵庫県,尼崎市,武庫之荘６丁目２３番７−２号,6610035
6140001131683,株式会社アシマヤ,兵庫県,尼崎市,常光寺２丁目１番１号,6600811
6140001132260,株式会社ＹＣトレーディング,兵庫県,尼崎市,神崎町３０番６号,6610964
6140001132285,株式会社ＩＭＫＳ．,兵庫県,尼崎市,田能１丁目１４番５−３号,6610951
6140001132500,ＶＪＳ株式会社,兵庫県,尼崎市,金楽寺町２丁目３４番２号,6600806
6140001132608,株式会社想こころ,兵庫県,尼崎市,南竹谷町２丁目５１番地サンライフエーコー４０２号,6600875
6140001132681,株式会社高岡不動産,兵庫県,尼崎市,杭瀬本町１丁目４番１１号,6600814
6140001132780,株式会社ＮＥＸＵＳ　ＣＲＥＡＴＥ,兵庫県,尼崎市,梶ケ島７番１７号,6600821
6140001132789,株式会社Ｋ．Ｋ．Ｇ,兵庫県,尼崎市,東園田町８丁目８２番地の４,6610953
6140001132839,株式会社ＳＩホールディング,兵庫県,尼崎市,小中島１丁目２０番２０号エーベル小中島２０１号,6610972
6140001133291,株式会社ＢＷＥ,兵庫県,尼崎市,東園田町５丁目６４番地の４,6610953
6140001133333,株式会社Ｒｅｌａｔｅ,兵庫県,尼崎市,神田北通９丁目２３８番地の７,6600883
6140001133341,Ｋ・ＡＳＡＧＡＷＡ株式会社,兵庫県,尼崎市,大庄川田町１６−６,6600072
6140001133556,株式会社金岡工業,兵庫県,尼崎市,東園田町５丁目９６番地の１童人１０４号,6610953
6140001133572,ドリームフロア株式会社,兵庫県,尼崎市,西川１丁目１−２７,6610966
6140001133597,株式会社成田工業所,兵庫県,尼崎市,南武庫之荘１２丁目３番９号,6610033
6140001133713,株式会社Ｍ‐ＢＡＳＥ,兵庫県,尼崎市,栗山町１丁目１８番５号,6610013
6140001134083,株式会社ＧＲＯＸ,兵庫県,尼崎市,南武庫之荘１丁目７番２４号−３０１,6610033
6140001134224,株式会社義電設,兵庫県,尼崎市,南武庫之荘８丁目２０番１号,6610033
6140001134315,株式会社クロッシュ,兵庫県,尼崎市,若王寺２丁目４番１０号２階,6610974
6140001134538,山一建設株式会社,兵庫県,尼崎市,南塚口町１丁目３０番１１号Ｍ＆Ｐビルディング３階,6610012
6140001134661,宮本不動産鑑定株式会社,兵庫県,尼崎市,立花町１丁目２８番４号グレストハイツ１０２,6610025
6140001134884,株式会社作り手,兵庫県,尼崎市,大庄北１丁目２０番３３号,6600063
6140001134934,株式会社Ｙｓ　Ｆｉｅｌｄ,兵庫県,尼崎市,東塚口町１丁目１３番５−４０１号,6610011
6140001135271,株式会社５‐ＨＴ,兵庫県,尼崎市,西大物町１２番６６−５０１号,6600827
6140001135354,株式会社メイエンリッチ,兵庫県,尼崎市,南塚口町４丁目２番１号,6610012
6140001135362,キングアソシエイト株式会社,兵庫県,尼崎市,南武庫之荘６丁目３番２５−１号,6610033
6140001135412,株式会社Ｍ．Ｌ,兵庫県,尼崎市,立花町１丁目９−２２−３０４,6610025
6140001135420,ＭｕＳｕＢｕわーく株式会社,兵庫県,尼崎市,大庄中通４丁目２番地の１,6600075
6140001135552,株式会社水木,兵庫県,尼崎市,西難波町４丁目６番２６号ＺＥＲＯビル５０３,6600893
6140001135602,株式会社Ａｚｕｒｅ　Ｐｅｔａｌ,兵庫県,尼崎市,大島３丁目８番１９号,6600076
6140001135627,株式会社宇垣設備,兵庫県,尼崎市,水明町２９番地の１,6600082
6140001135767,株式会社エヴォルブ,兵庫県,尼崎市,大庄中通５丁目２７−６,6600075
6140001135940,株式会社ＳＰＥＣＩＡＬＴＯＵＲ,兵庫県,尼崎市,武庫之荘１丁目１３番３号,6610035
6140001135949,株式会社びあらば,兵庫県,尼崎市,南塚口町８丁目３４−９ベステック南塚口第２−１０２号室,6610012
6140001135957,株式会社ＫＥＩ’ｓ　ＳＴＹＬＥ,兵庫県,尼崎市,南武庫之荘３丁目３４番３−１０５号,6610033
6140001136063,株式会社シンプルワン,兵庫県,尼崎市,西難波町２丁目１４−１５,6600893
6140001136162,きずなラボ株式会社,兵庫県,尼崎市,東園田町６丁目９８番地の１７,6610953
6140001136204,株式会社ピアエステート,兵庫県,尼崎市,武庫之荘１丁目７番１０号,6610035
6140001136278,株式会社アラカサ,兵庫県,尼崎市,塚口本町１丁目２０番３３号,6610001
6140001136443,株式会社ＢＡＳＥ,兵庫県,尼崎市,東本町４丁目７３番地の９,6600824
6140001136484,株式会社ｅｎ,兵庫県,尼崎市,潮江２丁目２９番４号,6610976
6140001136798,キュウホウ株式会社,兵庫県,尼崎市,東難波町３丁目２１番６号−３Ｆ,6600892
6140001136823,ＭＡＸＩＳホールディングス株式会社,兵庫県,尼崎市,宮内町１丁目３４番地,6600877
6140001136848,株式会社Ｓｐａｒｋ,兵庫県,尼崎市,武庫町４丁目５−１−１１番,6610044
6140001137144,株式会社コトホ,兵庫県,尼崎市,久々知３丁目３番２７号,6610977
6140001137193,株式会社アンビションプラス,兵庫県,尼崎市,南塚口町１丁目６番９号塚口ビル３階,6610012
6140001137400,尼崎自動車株式会社,兵庫県,尼崎市,次屋３丁目１１番９号,6610965
6140001137904,株式会社なかの鉄工所,兵庫県,尼崎市,若王寺２丁目４０番１０号,6610974
6140001137937,株式会社あん,兵庫県,尼崎市,大庄川田町７３番地の１ジークレフ浜田４１８号,6600072
6140001137945,株式会社Ｍｙ,兵庫県,尼崎市,道意町６丁目９番地の５ネオコーポ東武庫川１０３号,6600083
6140001137978,スマイリンク株式会社,兵庫県,尼崎市,武庫之荘３丁目１７−１,6610035
6140001138142,株式会社ミライルリエ,兵庫県,尼崎市,東難波町３丁目１５番６−１号,6600892
6140001138150,株式会社宮城工業,兵庫県,尼崎市,北大物町２７−５−１０１,6600804
6140001138183,Ｍａｂｉｍｍ　Ｔｅｃｈ株式会社,兵庫県,尼崎市,久々知１丁目９番８号１階,6610977
6140001138209,Ｍａｒｓ　Ｌｉｎｋｓ株式会社,兵庫県,尼崎市,昭和通２丁目７番１号アルカイックビル９Ｆ,6600881
6140001138695,株式会社森澤装蹄所,兵庫県,尼崎市,田能２丁目２番２号,6610951
6140001138753,株式会社ＯＷＬＩＳ,兵庫県,尼崎市,南武庫之荘１丁目１９番８号,6610033
6140001138828,株式会社Ｍ’ｓ,兵庫県,尼崎市,金楽寺町１丁目２番１０−１１１７号,6600806
6140001138968,Ｗｉｔｈ．株式会社,兵庫県,尼崎市,稲葉荘２丁目１１番１０号,6600064
6140001138984,株式会社ｋｏｈｍａコーマ,兵庫県,尼崎市,元浜町１丁目２番地の３,6600085
6140001139124,株式会社広田塗装,兵庫県,尼崎市,武庫豊町２丁目７番２３号,6610045
6140001139173,株式会社スリーラック,兵庫県,尼崎市,瓦宮１丁目８番２８号,6610971
6140001139181,株式会社ＰＦマーケット,兵庫県,尼崎市,神田南通３丁目７３−２０１,6600885
6140001139223,株式会社Ｍｉｌｌｅ,兵庫県,尼崎市,昭和南通４丁目４３番地,6600882
6140001139363,株式会社羅針舎,兵庫県,尼崎市,南塚口町１丁目２６番２８号南塚口ビル３０１号,6610012
6140001139512,株式会社ネクサスファイブ,兵庫県,尼崎市,長洲中通２丁目３−７,6600802
6140001139586,株式会社プリズム,兵庫県,尼崎市,長洲中通２丁目１７−１−７０７,6600802
6140001139611,株式会社ｅｍｕ,兵庫県,尼崎市,東園田町５丁目１５−１園田第２シェトア１０３,6610953
6140001139669,株式会社クラフトエステート,兵庫県,尼崎市,長洲東通３丁目５番３１号,6600801
6140001139702,ジャパンリンクプロダクト株式会社,兵庫県,尼崎市,大島１丁目２４−５２−２Ｆ,6600076
6140001139826,株式会社西風建業,兵庫県,尼崎市,水堂町１丁目３番２０−６５５号,6610026
6140001139834,株式会社ｃｈｒｏｖｉａ,兵庫県,尼崎市,南武庫之荘３丁目２４番２０号,6610033
6140001140057,株式会社ＲＲＲ,兵庫県,尼崎市,善法寺町２７番３４号,6610973
6140001140263,ぶたのほし株式会社,兵庫県,尼崎市,長洲西通１丁目１６−７,6600807
6140001140354,株式会社ｇｏｏｍｅｅ,兵庫県,尼崎市,武庫之荘６丁目２４番１６号,6610035
6140001140404,株式会社ＷＤＴ,兵庫県,尼崎市,武庫之荘本町２丁目２２−１２武庫之荘本町ライゼホビー０３,6610031
6140001140528,株式会社西都,兵庫県,尼崎市,塚口町３丁目３６番地の５,6610002
6140001140569,株式会社ＳＧＲ,兵庫県,尼崎市,七松町１丁目２０番１８号,6600052
6140001140726,株式会社あした,兵庫県,尼崎市,上坂部３丁目３９番１１号,6610979
6140001140817,ＣＲＥＳＴＩＡ株式会社,兵庫県,尼崎市,南塚口町３丁目１３番２６レ・ファインド塚口３０４,6610012
6140001140841,株式会社大和電機,兵庫県,尼崎市,杭瀬南新町２丁目１３−７,6600822
6140001141088,ナカノシマエンジニアリング株式会社,兵庫県,尼崎市,上坂部２丁目６番１０号,6610979
6140001141237,株式会社ＳＯＮＧＳＡＭ,兵庫県,尼崎市,神田中通２丁目２４番地４７阪神ＯＮＯビル７階７０４,6600884
6140001141369,ＯＦＩＣホールディングス株式会社,兵庫県,尼崎市,常光寺１丁目９番１号,6600811
6140001141451,ＡＭＡｐｅｒｆｏｒｍａｎｃｅ株式会社,兵庫県,尼崎市,東大物町１丁目１番９号,6600828
6140001141501,株式会社ＢＯＮＤ,兵庫県,尼崎市,尾浜町３丁目３１番９号,6610022
6140001141559,株式会社アールイー,兵庫県,尼崎市,稲葉元町２丁目１番２０号,6600055
6140001141682,株式会社さくら猫,兵庫県,尼崎市,常吉１丁目２２番１０号,6610042
6140001141740,株式会社ｕｋＷｏｒｋｓ,兵庫県,尼崎市,武庫之荘１丁目３番４号,6610035
6140001141749,株式会社エスティ建築設備,兵庫県,尼崎市,潮江１丁目１３番９号ラメゾンドゥヨシムラＩＩ６Ａ号室,6610976
6140001141781,甲武産業株式会社,兵庫県,尼崎市,長洲本通１丁目４番１１−１００２号,6600803
6140001141880,株式会社３１４,兵庫県,尼崎市,神田南通３丁目５８番地,6600885
6140001141897,株式会社アイアンク,兵庫県,尼崎市,南塚口町２丁目１９−２若松ビル３０２,6610012
6140001142045,恒和株式会社,兵庫県,尼崎市,南武庫之荘３丁目４番１−２２１号,6610033
6140001142276,株式会社ＣＯＺＹ,兵庫県,尼崎市,武庫之荘２丁目４番１０号ボヌワール武庫之荘１階,6610035
6140001142466,株式会社Ｒ＆Ｋ,兵庫県,尼崎市,塚口町１丁目１０番地４ブランズ塚口一丁目１４０２号,6610002
6140001142524,株式会社結正,兵庫県,尼崎市,武庫之荘１丁目１４番１８号グリーンハイツ武庫之荘３０１号室,6610035
6140002040388,株式会社関西オイル,兵庫県,尼崎市,中在家町３丁目４８２番地２,6600851
6140002041444,大光建物株式会社,兵庫県,尼崎市,南塚口町２丁目２０番３号,6610012
6140002041766,株式会社トーム,兵庫県,尼崎市,道意町４丁目４９番地,6600083
6140002042178,株式会社ハネット,兵庫県,尼崎市,塚口本町１丁目６番６号,6610001
6140002042814,武庫川化成株式会社,兵庫県,尼崎市,元浜町１丁目４５番地,6600085
6140002044125,杤尾ホールディングズ株式会社,兵庫県,尼崎市,猪名寺１丁目２２番１５号,6610981
6140002044199,株式会社空調サービス,兵庫県,尼崎市,尾浜町３丁目２０番１２号,6610022
6140002044736,株式会社一ひろ,兵庫県,尼崎市,東海岸町１番地１４,6600843
6140002044793,株式会社カシワギ,兵庫県,尼崎市,田能３丁目８−４１,6610951
6140002044959,株式会社ウェーヴテック,兵庫県,尼崎市,大西町２丁目１番２８号,6610023
6140002060675,株式会社エル・エル・ピー,兵庫県,尼崎市,武庫元町２丁目１７番１８号,6610043
6140003006867,株式会社力組,兵庫県,尼崎市,塚口本町７丁目１６番９号,6610001
6140003011116,株式会社ＯＮＥ,兵庫県,尼崎市,七松町１丁目２０番２３号ＡＫＣビル３Ｆ,6600052
6150001024093,株式会社ＯＵＪＡ,兵庫県,尼崎市,武庫之荘１丁目１３番１５−５０１号,6610035
6160001011322,ＩＴＩＣＯＭＰ株式会社,兵庫県,尼崎市,高田町１３番２０号,6610963
6180001095883,株式会社中央環境工学,兵庫県,尼崎市,戸ノ内町６丁目９番３号,6610961
6180001134336,Ｂｌｏｃｋ　Ｐｌａｙ株式会社,兵庫県,尼崎市,西難波町１丁目１７番１８号,6600893
6180001154433,株式会社Ｎｅｘｔｒｉｓｅ,兵庫県,尼崎市,富松町４丁目２５番１３号,6610003
6290001034954,株式会社ブンエンジニア,兵庫県,尼崎市,塚口本町６丁目１番６号,6610001
7010001194197,株式会社フォーシーズン,兵庫県,尼崎市,御園町２４番地尼崎第一ビル４０２号,6600861
7010001233830,株式会社Ｗｏｒｌｄ　Ｌｉｆｅ,兵庫県,尼崎市,武庫川町１丁目３１番地の１・３Ｆ,6600084
7011001143516,株式会社日本一真起業連盟,兵庫県,尼崎市,七松町１丁目２０番２７−１号ディアンサス立花１０２,6600052
7011101085690,株式会社ＣＲＥＳＴＡ,兵庫県,尼崎市,南塚口町２丁目１９番２号,6610012
7011101105259,株式会社ｆ‐関西,兵庫県,尼崎市,御園町２４番地尼崎第一ビル４０２号,6600861
7120001027370,楠木材株式会社,兵庫県,尼崎市,南武庫之荘４丁目１６番１０号,6610033
7120001056337,株式会社ソム建築計画研究所,兵庫県,尼崎市,瓦宮１丁目１６番２０号,6610971
7120001058325,株式会社豊真,兵庫県,尼崎市,久々知西町２丁目３番２５号,6610978
7120001063457,侑希株式会社,兵庫県,尼崎市,西難波町４丁目６番３５号,6600893
7120001063878,コスモ不動産株式会社,兵庫県,尼崎市,東難波町５丁目８番２６号,6600892
7120001065263,城南オートマチック株式会社,兵庫県,尼崎市,東園田町３丁目７１番地の１１,6610953
7120001085402,株式会社東宝,兵庫県,尼崎市,東本町４丁目１０番地,6600824
7120001096283,株式会社アスクスリー,兵庫県,尼崎市,昭和南通４丁目２７番１号,6600882
7120001102891,株式会社ウプ,兵庫県,尼崎市,武庫之荘２丁目２０番５号,6610035
7120001104269,株式会社パールモール,兵庫県,尼崎市,西難波町１丁目２９番１０号,6600893
7120001104806,株式会社ユニバーサルフーズ,兵庫県,尼崎市,御園町２４番地,6600861
7120001105861,アサヒコミュニケーションネットワーク株式会社,兵庫県,尼崎市,南塚口町１丁目１番１６−３０１号,6610012
7120001114499,株式会社ケーテック,兵庫県,尼崎市,大庄中通１丁目９６番地,6600075
7120001122808,キャムクラフト株式会社,兵庫県,尼崎市,杭瀬北新町４丁目２番３号,6600815
7120001122931,株式会社夢創住宅,兵庫県,尼崎市,西難波町３丁目２８番１３号,6600893
7120001123624,株式会社そばーず,兵庫県,尼崎市,武庫之荘２丁目３２番１２号,6610035
7120001154842,株式会社リズムコンサルティング,兵庫県,尼崎市,塚口町１丁目１３番地の１,6610002
7120001162275,プログレス株式会社,兵庫県,尼崎市,東本町４丁目１０番地,6600824
7120001163637,株式会社フジ,兵庫県,尼崎市,東難波町２丁目９番２３−１０２号,6600892
7120001167200,株式会社中島工業,兵庫県,尼崎市,南武庫之荘５丁目１８番２９号,6610033
7120001175624,株式会社オーガスタ,兵庫県,尼崎市,尾浜町３丁目３１番１３号,6610022
7120001177513,株式会社のびのびフーズ,兵庫県,尼崎市,西難波町４丁目６−４２,6600893
7120001177554,株式会社リバイバルデザイン,兵庫県,尼崎市,武庫之荘１丁目３３番１−４１７号,6610035
7120001178817,株式会社リッツ・ライブラリエ,兵庫県,尼崎市,昭和通５丁目１８６番地の２クラウンハイム５０３,6600881
7120001179716,イシコテック株式会社,兵庫県,尼崎市,久々知西町１丁目１１番１号,6610978
7120001184443,株式会社サンエイ,兵庫県,尼崎市,南武庫之荘１０丁目５番３−６０６号,6610033
7120001185714,株式会社Ｓ・Ｙシステム,兵庫県,尼崎市,南塚口町５丁目１５番１０号,6610012
7120001192693,株式会社栄新産業,兵庫県,尼崎市,大庄北３丁目１４番１号,6600063
7120001197445,株式会社Ｈ２コンサルタント,兵庫県,尼崎市,昭和通３丁目９６番地尼崎商工会議所６Ｆ,6600881
7120001197775,株式会社スカイ冷機,兵庫県,尼崎市,食満３丁目２５番１０号,6610982
7120001202477,株式会社四季建築工房,兵庫県,尼崎市,塚口町３丁目２６番３号つかさんビル,6610002
7120001211577,匠叡技研株式会社,兵庫県,尼崎市,下坂部３丁目７番７号,6610975
7120001227020,Ｔ−Ｌｉｎｋ株式会社,兵庫県,尼崎市,七松町１丁目２番１フェスタ立花北館４Ｆ,6600052
7120001227796,株式会社パケナビ,兵庫県,尼崎市,潮江２丁目２番８−１号,6610976
7120001229578,株式会社永達,兵庫県,尼崎市,西難波町４丁目６−２６ＺＥＲＯビル６Ｆ−６１２,6600893
7120001232103,株式会社ＡＩＫＯ,兵庫県,尼崎市,戸ノ内町６丁目４番１８号,6610961
7120001233051,Ｂｏｋｕ　ｗａ　Ｍｅｎ　Ｄｅｓｕ株式会社,兵庫県,尼崎市,南武庫之荘９丁目１４番地６・１階,6610033
7120001235205,株式会社大阪エアテック,兵庫県,尼崎市,武庫豊町３丁目３番３号コムズプラザ武庫豊町Ａ−１０１号,6610045
7120001243240,株式会社ｏｎｅｐｏｐｏ,兵庫県,尼崎市,西立花町３丁目６番３号西立花ライゼホビー１号,6600054
7120001244957,ＨＲ株式会社,兵庫県,尼崎市,金楽寺町２丁目１１番２４号ガレージハウスＢ,6600806
7120001246037,株式会社ごちそうさん,兵庫県,尼崎市,西難波町４丁目６番２６号,6600893
7120001249881,株式会社コンサルティングファーム,兵庫県,尼崎市,道意町６丁目９番地の１０,6600083
7120001250600,株式会社幸城商事,兵庫県,尼崎市,東難波町５丁目２１番７−３０１号,6600892
7120001266530,株式会社イシザキパートナーズ,兵庫県,尼崎市,潮江４丁目１番８号,6610976
7120001267322,株式会社Ｇｒａｎｄｅ　ｕｏｍｏ,兵庫県,尼崎市,大庄西町１丁目３１番１３号,6600077
7120002020812,株式会社ビリーヴ,兵庫県,尼崎市,東本町４丁目１０番地,6600824
7120101045231,株式会社入交フロアー,兵庫県,尼崎市,水堂町３丁目４番１号リレント３０２,6610026
7120101048424,株式会社ＯＮＥ’Ｓ,兵庫県,尼崎市,上坂部１丁目８番２−６０１号,6610979
7120101053985,株式会社リブレ,兵庫県,尼崎市,久々知西町２丁目６番３６号,6610978
7120901026414,株式会社ベステン・ベー,兵庫県,尼崎市,東園田町９丁目８番７号ＡＣＲＯＳ・Ａ号室,6610953
7120901031802,株式会社アイエムジー,兵庫県,尼崎市,東園田町２丁目４５番地の１−１Ｆ,6610953
7120901032486,株式会社Ｓ−Ｃｌａｓｓ,兵庫県,尼崎市,田能３丁目３番９号,6610951
7120901046593,スカイラブ株式会社,兵庫県,尼崎市,金楽寺町２丁目２２番３４号,6600806
7120901046701,株式会社Ｆｒｅｅ　Ｃｌｏｕｄ,兵庫県,尼崎市,田能６丁目９番２５号,6610951
7122001008714,関通ホールディングス株式会社,兵庫県,尼崎市,西向島町１１１番地の４,6600857
7122001025742,株式会社響,兵庫県,尼崎市,南塚口町２丁目１番３プラウド阪急塚口駅前１１２８号,6610012
7122001026096,株式会社ＦＬＡＧ,兵庫県,尼崎市,大島１丁目５−１２,6600076
7122001031724,ＪＳ商事株式会社,兵庫県,尼崎市,名神町３丁目４−１６,6610021
7130001052211,株式会社Ｒ．Ｅ．Ｎ,兵庫県,尼崎市,栗山町２丁目１−１−５０１,6610013
7140001017064,吉元倉庫株式会社,兵庫県,尼崎市,常光寺２丁目３番３１号,6600811
7140001019226,株式会社Ｙ．Ｓ　ＬＩＮＥ,兵庫県,尼崎市,大浜町１丁目１番９,6600095
7140001022502,株式会社コア・スポーツ・コーポレーション,兵庫県,尼崎市,南塚口町８丁目５１番１８−５０５号,6610012
7140001030240,株式会社理大,兵庫県,尼崎市,杭瀬北新町４丁目９番７号,6600815
7140001031635,株式会社ワンズウィル,兵庫県,尼崎市,潮江５丁目２番２５号,6610976
7140001031668,株式会社グッドフォーチュン,兵庫県,尼崎市,大浜町２丁目５番地の２,6600095
7140001034150,株式会社ビリーブ,兵庫県,尼崎市,塚口本町３丁目２３番１２号,6610001
7140001042269,シスコ・イノベーションズ株式会社,兵庫県,尼崎市,東本町４丁目１４番地１,6600824
7140001047318,尼崎電機株式会社,兵庫県,尼崎市,東海岸町１番地の４６,6600843
7140001047342,株式会社尼崎法寅商店,兵庫県,尼崎市,潮江４丁目４番１号,6610976
7140001047359,尼崎ユーティリティサービス株式会社,兵庫県,尼崎市,大浜町２丁目３０番地,6600095
7140001047367,藹藹観光株式会社,兵庫県,尼崎市,東難波町５丁目１９番２３号ハイツアルペン２０７号,6600892
7140001047375,株式会社アイ環境サービス,兵庫県,尼崎市,丸島町１９番３号,6600086
7140001047383,株式会社アーバンエンジニアリング,兵庫県,尼崎市,東難波町４丁目２番１号,6600892
7140001047391,株式会社アオノ機材商店,兵庫県,尼崎市,名神町３丁目８番１６号,6610021
7140001047400,株式会社青山珈琲,兵庫県,尼崎市,塚口本町１丁目２番３５号ＣＡＳＡＦＥＬＩＣＥ５０１号,6610001
7140001047409,旭工業株式会社,兵庫県,尼崎市,塚口本町６丁目１２番８号,6610001
7140001047417,朝日新聞立花販売株式会社,兵庫県,尼崎市,立花町１丁目１４番２４号,6610025
7140001047425,株式会社アサヒモータース,兵庫県,尼崎市,長洲西通２丁目１番２３号,6600807
7140001047433,株式会社アシヤ,兵庫県,尼崎市,七松町１丁目３番１号,6600052
7140001047441,株式会社アンテック,兵庫県,尼崎市,金楽寺町２丁目１１番２８号,6600806
7140001047458,株式会社アクテイブ,兵庫県,尼崎市,次屋２丁目１番１０号,6610965
7140001047466,株式会社秋本組,兵庫県,尼崎市,南武庫之荘１１丁目２番１号,6610033
7140001047482,アサン産業株式会社,兵庫県,尼崎市,七松町３丁目３番１５号,6600052
7140001047490,株式会社足立商亊,兵庫県,尼崎市,南塚口町１丁目２０番１９号,6610012
7140001047499,株式会社アトムセキュリティ,兵庫県,尼崎市,七松町３丁目８番４１号,6600052
7140001047508,アナミ舗材株式会社,兵庫県,尼崎市,神崎町３２番８号,6610964
7140001047516,株式会社アマガン,兵庫県,尼崎市,東難波町５丁目７番２１号,6600892
7140001047524,尼建不動産株式会社,兵庫県,尼崎市,武庫之荘５丁目１０番１号,6610035
7140001047549,株式会社アムディ,兵庫県,尼崎市,梶ケ島２番１２号,6600821
7140001047557,株式会社尼電工業,兵庫県,尼崎市,北大物町１番６号,6600804
7140001047565,アマミ電器株式会社,兵庫県,尼崎市,武庫川町２丁目２０番地１,6600084
7140001047607,井伊金属工業株式会社,兵庫県,尼崎市,長洲西通１丁目１３番２５号,6600807
7140001047615,大和興発株式会社,兵庫県,尼崎市,次屋３丁目３番３号,6610965
7140001047631,株式会社碇工業所,兵庫県,尼崎市,水明町１５番地４,6600082
7140001047648,株式会社石田化学研究所,兵庫県,尼崎市,塚口町３丁目３８番地の４３,6610002
7140001047672,伊藤鋼業株式会社,兵庫県,尼崎市,東浜町１番６号,6600844
7140001047680,株式会社イトウ六西日本,兵庫県,尼崎市,西長洲町２丁目５番７号尼崎テクノ工業団地内,6600805
7140001047706,株式会社稻,兵庫県,尼崎市,南塚口町２丁目１８番１２号,6610012
7140001047714,株式会社井上秀陽園,兵庫県,尼崎市,武庫の里２丁目２５番１号,6610041
7140001047722,株式会社イブ,兵庫県,尼崎市,大庄西町２丁目２７番１０号,6600077
7140001047739,入江金属工業株式会社,兵庫県,尼崎市,三反田町２丁目６番４４号,6610024
7140001047755,株式会社岩本組,兵庫県,尼崎市,上ノ島町２丁目２番３０号,6610014
7140001047763,植木興産株式会社,兵庫県,尼崎市,開明町２丁目３２番地,6600862
7140001047771,株式会社魚里本家,兵庫県,尼崎市,塚口本町１丁目２番３０号,6610001
7140001047788,上野特殊線材株式会社,兵庫県,尼崎市,神田南通１丁目５番地,6600885
7140001047796,株式会社ヴィラ企画,兵庫県,尼崎市,南武庫之荘１丁目２５番１４号,6610033
7140001047805,内田電器株式会社,兵庫県,尼崎市,寺町２３番地,6600867
7140001047813,株式会社うまいや山久,兵庫県,尼崎市,神田南通２丁目４４番地,6600885
7140001047821,株式会社エイ・エヌ・ユーニテイ,兵庫県,尼崎市,南武庫之荘３丁目１番１７号,6610033
7140001047838,株式会社エース警備保障,兵庫県,尼崎市,杭瀬北新町４丁目９番７号,6600815
7140001047846,永大石油鉱業株式会社,兵庫県,尼崎市,潮江字新家１７番地の１,6610976
7140001047854,株式会社エーベル,兵庫県,尼崎市,下坂部３丁目１７番１号２０６号室,6610975
7140001047862,株式会社エーリック,兵庫県,尼崎市,道意町７丁目１番３,6600083
7140001047870,三誠建設株式会社,兵庫県,尼崎市,塚口町５丁目２１番地,6610002
7140001047895,株式会社エス・ハード関西,兵庫県,尼崎市,東難波町５丁目２番１７号,6600892
7140001047904,株式会社エンネ,兵庫県,尼崎市,武庫之荘２丁目２３番１号,6610035
7140001047920,株式会社エフ・ケー・ディー,兵庫県,尼崎市,武庫之荘１丁目２２番４号,6610035
7140001047929,株式会社エムエイテック,兵庫県,尼崎市,大庄西町１丁目１４番２４号,6600077
7140001047937,エムジェーエス株式会社,兵庫県,尼崎市,西大物町１２−６７,6600827
7140001047945,株式会社エルフ,兵庫県,尼崎市,塚口町１丁目１５番４号,6610002
7140001047961,株式会社オオキタ,兵庫県,尼崎市,築地中通５丁目１１７番地の１,6600000
7140001047978,大阪富士工業株式会社,兵庫県,尼崎市,常光寺１丁目９番１号,6600811
7140001047986,スイコー株式会社,兵庫県,尼崎市,西向島町８６番地,6600857
7140001047994,タイガース工販株式会社,兵庫県,尼崎市,元浜町１丁目４５番地,6600085
7140001048010,株式会社オーシマ,兵庫県,尼崎市,大庄北５丁目１５番１３号,6600063
7140001048019,株式会社大庄ガスの店,兵庫県,尼崎市,大庄中通１丁目９４番地,6600075
7140001048027,於市電気工業株式会社,兵庫県,尼崎市,水堂町３丁目１９番２７号,6610026
7140001048051,株式会社大庭商店,兵庫県,尼崎市,武庫町１丁目１５番１５号,6610044
7140001048068,オーレス・ジャパン株式会社,兵庫県,尼崎市,武庫の里２丁目２６番２２号,6610041
7140001048076,株式会社奥建材工業,兵庫県,尼崎市,東難波町４丁目１９番１０号,6600892
7140001048084,株式会社岡正,兵庫県,尼崎市,昭和通２丁目９番１１−３０６号,6600881
7140001048101,株式会社岡福商店,兵庫県,尼崎市,丸島町８番地の３,6600086
7140001048118,株式会社岡本ビル,兵庫県,尼崎市,竹谷町１丁目１７番地,6600876
7140001048126,株式会社小倉屋居内,兵庫県,尼崎市,崇徳院２丁目５７番地,6600071
7140001048142,株式会社オバタプロスタッフ,兵庫県,尼崎市,南塚口町７丁目２９番４１号,6610012
7140001048159,株式会社カーゴサービス,兵庫県,尼崎市,神崎町１６番１８号,6610964
7140001048167,株式会社解放新報,兵庫県,尼崎市,高田町４番１７号,6610963
7140001048175,株式会社垣田製作所,兵庫県,尼崎市,戸ノ内町５丁目１番１号,6610961
7140001048183,株式会社環境コミント,兵庫県,尼崎市,西長洲町３丁目５番５号,6600805
7140001048191,関西営繕株式会社,兵庫県,尼崎市,北初島町１６番地の３,6600834
7140001048200,株式会社関西広告社,兵庫県,尼崎市,東桜木町９２番地,6600864
7140001048209,株式会社関西共栄,兵庫県,尼崎市,長洲西通１丁目１１番９号,6600807
7140001048233,関西テクニカル株式会社,兵庫県,尼崎市,水堂町４丁目３番８号,6610026
7140001048241,カンサイネーム株式会社,兵庫県,尼崎市,東園田町９丁目６番地の４４,6610953
7140001048258,神崎運輸株式会社,兵庫県,尼崎市,次屋２丁目６番１４号,6610965
7140001048266,神崎王子紙業株式会社,兵庫県,尼崎市,常光寺４丁目３番１号,6600811
7140001048274,株式会社笠川薬舗,兵庫県,尼崎市,立花町１丁目４番５号,6610025
7140001048299,株式会社ケー・エス・ランド,兵庫県,尼崎市,西難波町４丁目５番９号,6600893
7140001048316,株式会社かね寅商店,兵庫県,尼崎市,潮江４丁目４番１号,6610976
7140001048324,株式会社かねよし塩澤,兵庫県,尼崎市,潮江４丁目４番１号,6610976
7140001048332,株式会社加門組,兵庫県,尼崎市,大西町３丁目８番１７号,6610023
7140001048349,株式会社カワグチマック工業,兵庫県,尼崎市,南初島町１２番９号,6600833
7140001048357,川崎自動車株式会社,兵庫県,尼崎市,金楽寺町２丁目４番１８号,6600806
7140001048365,株式会社川副機械製作所,兵庫県,尼崎市,長洲本通２丁目８番３３号,6600803
7140001048381,銀栄輪業株式会社,兵庫県,尼崎市,東難波町５丁目６番１６号,6600892
7140001048398,近畿システム管理株式会社,兵庫県,尼崎市,北大物町１６番５５号,6600804
7140001048407,近畿ボーリング株式会社,兵庫県,尼崎市,南初島町１５番地の１０,6600833
7140001048415,株式会社輝装,兵庫県,尼崎市,大庄西町２丁目１９番１８号,6600077
7140001048423,岸本鉄工株式会社,兵庫県,尼崎市,久々知西町２丁目７番地,6610978
7140001048448,木村化工機株式会社,兵庫県,尼崎市,杭瀬寺島２丁目１番２号,6600813
7140001048456,株式会社共栄,兵庫県,尼崎市,武庫之荘東１丁目１番１５号,6610032
7140001048464,共栄制御機器株式会社,兵庫県,尼崎市,田能６丁目１１番２０号,6610951
7140001048472,共栄プレス工業株式会社,兵庫県,尼崎市,田能６丁目１２番３５号,6610951
7140001048480,株式会社共進,兵庫県,尼崎市,昭和通２丁目７番１号,6600881
7140001048489,株式会社ＡＳコーポレート,兵庫県,尼崎市,西立花町１丁目６番８号,6600054
7140001048497,株式会社京屋,兵庫県,尼崎市,武庫之荘８丁目２６−１,6610035
7140001048506,協和技研株式会社,兵庫県,尼崎市,尾浜町１丁目３４番２２号,6610022
7140001048514,共立電工株式会社,兵庫県,尼崎市,下坂部２丁目３１番７号,6610975
7140001048522,旭陽運輸株式会社,兵庫県,尼崎市,稲葉元町３丁目５番１２号,6600055
7140001048530,株式会社キャビンホーム,兵庫県,尼崎市,南武庫之荘４丁目１４番１４号,6610033
7140001048539,尼崎ホテル開発株式会社,兵庫県,尼崎市,潮江１丁目４番１号,6610976
7140001048547,株式会社グートン,兵庫県,尼崎市,西長洲町２丁目２９番４号,6600805
7140001048563,久保クリーン興産株式会社,兵庫県,尼崎市,末広町１丁目３番地の１８,6600094
7140001048588,株式会社黒崎産業,兵庫県,尼崎市,尾浜町１丁目５番１９号,6610022
7140001048596,株式会社倉永梱包,兵庫県,尼崎市,神崎町２１番１２号,6610964
7140001048605,株式会社黒瀬商店,兵庫県,尼崎市,杭瀬北新町１丁目１５番７号,6600815
7140001048613,株式会社ケイアンドエム,兵庫県,尼崎市,神崎町１６番１８号,6610964
7140001048621,計測器工業株式会社,兵庫県,尼崎市,名神町２丁目１２番７号,6610021
7140001048654,株式会社弘栄鉄工所,兵庫県,尼崎市,南武庫之荘３丁目２４番２０号,6610033
7140001048670,株式会社弘進,兵庫県,尼崎市,東園田町６丁目７７番地３０１,6610953
7140001048695,ムツヤ鋼粒株式会社,兵庫県,尼崎市,杭瀬南新町４丁目５番１号,6600822
7140001048704,鴻池商運株式会社,兵庫県,尼崎市,西長洲町２丁目３６番１６号,6600805
7140001048720,株式会社甲陽工作所,兵庫県,尼崎市,元浜町１丁目４０番地,6600085
7140001048737,関西テクノブレーン株式会社,兵庫県,尼崎市,東園田町４丁目９６番地の５,6610953
7140001048745,株式会社越山酒販,兵庫県,尼崎市,久々知西町１丁目１番１号,6610978
7140001048753,株式会社小島畳店,兵庫県,尼崎市,西立花町２丁目５番２６号,6600054
7140001048778,株式会社児玉木巧,兵庫県,尼崎市,長洲西通２丁目７番３２号,6600807
7140001048794,株式会社小林工芸,兵庫県,尼崎市,瓦宮１丁目４番１２号,6610971
7140001048811,カナダハウス株式会社,兵庫県,尼崎市,武庫之荘５丁目３６番３６−７０４号,6610035
7140001048828,サンエス石油株式会社,兵庫県,尼崎市,南武庫之荘１丁目２６番１３号,6610033
7140001048836,株式会社サウンドニュー,兵庫県,尼崎市,南武庫之荘１丁目３番１−２Ｆ,6610033
7140001048844,株式会社三景園,兵庫県,尼崎市,富松町２丁目３２番２０号,6610003
7140001048852,株式会社リバース,兵庫県,尼崎市,東園田町８丁目６６番地の１,6610953
7140001048860,榮商事株式会社,兵庫県,尼崎市,金楽寺町２丁目２番４７号,6600806
7140001048877,栄物産株式会社,兵庫県,尼崎市,昭和南通３丁目２６番地,6600882
7140001048885,坂口建設株式会社,兵庫県,尼崎市,富松町１丁目２番８号,6610003
7140001048893,嵯峨商事株式会社,兵庫県,尼崎市,武庫の里１丁目１２番３号,6610041
7140001048902,山九株式会社,兵庫県,尼崎市,栗山町２丁目１６番２６号,6610013
7140001048919,サンキュービル株式会社,兵庫県,尼崎市,塚口本町１丁目９番２７号,6610001
7140001048927,株式会社さくら工業所,兵庫県,尼崎市,猪名寺３丁目１５番１号,6610981
7140001048935,株式会社テモテック,兵庫県,尼崎市,杭瀬南新町１丁目７番２１号,6600822
7140001048951,三善商事株式会社,兵庫県,尼崎市,建家町３９番地,6600871
7140001048968,株式会社佐藤鉄工所,兵庫県,尼崎市,東本町１丁目７１番地の６,6600824
7140001048984,株式会社さとむら,兵庫県,尼崎市,塚口本町１丁目２番３０号,6610001
7140001048992,株式会社讃岐家守口,兵庫県,尼崎市,竹谷町２丁目１８３番地,6600876
7140001049000,三豊鉄工株式会社,兵庫県,尼崎市,水堂町４丁目５番１３号,6610026
7140001049009,株式会社サンメック,兵庫県,尼崎市,猪名寺２丁目８番３０号,6610981
7140001049025,株式会社Ｓ＆ＡＳＳＯＣＩＡＴＥＳ,兵庫県,尼崎市,長洲西通１丁目１４番１４号,6600807
7140001049033,三和興業株式会社,兵庫県,尼崎市,神田北通６丁目１６９番地,6600883
7140001049066,株式会社新栄,兵庫県,尼崎市,立花町３丁目１８番１５号ハイツ新栄,6610025
7140001049099,塩浜工業株式会社,兵庫県,尼崎市,御園１丁目２番２号,6610984
7140001049108,神行株式会社,兵庫県,尼崎市,武庫町１丁目２３番７号,6610044
7140001049124,新開電気工事株式会社,兵庫県,尼崎市,西難波町４丁目１番２０号,6600893
7140001049132,シンク工業株式会社,兵庫県,尼崎市,久々知西町２丁目１番３７号,6610978
7140001049140,敷島商事株式会社,兵庫県,尼崎市,潮江３丁目４番３５号,6610976
7140001049149,都倉電気工業株式会社,兵庫県,尼崎市,西川２丁目４番２５号,6610966
7140001049173,株式会社システムアクア,兵庫県,尼崎市,杭瀬北新町２丁目８番９号,6600815
7140001049181,神東塗料株式会社,兵庫県,尼崎市,南塚口町６丁目１０番７３号,6610012
7140001049198,株式会社信濃庵,兵庫県,尼崎市,長洲西通１丁目１番１０号,6600807
7140001049207,進豊興産株式会社,兵庫県,尼崎市,南塚口町３丁目１番１０号,6610012
7140001049215,株式会社柴田工務店,兵庫県,尼崎市,元浜町３丁目４番地の８,6600085
7140001049223,柴プラスチック株式会社,兵庫県,尼崎市,額田町４番６号,6610962
7140001049231,下坂設備工業株式会社,兵庫県,尼崎市,東園田町４丁目１２５番１０号,6610953
7140001049248,彰栄株式会社,兵庫県,尼崎市,昭和通２丁目８番１２号,6600881
7140001049256,昌栄亀井株式会社,兵庫県,尼崎市,武庫之荘３丁目１７番１１号,6610035
7140001049264,正金株式会社,兵庫県,尼崎市,南武庫之荘４丁目１番６号,6610033
7140001049280,ジョイントロードサービス株式会社,兵庫県,尼崎市,猪名寺２丁目２０番２０号,6610981
7140001049289,昌武建設株式会社,兵庫県,尼崎市,立花町４丁目１４番２７号,6610025
7140001049297,昌和株式会社,兵庫県,尼崎市,食満２丁目２４番１５号,6610982
7140001049322,株式会社ジャックス,兵庫県,尼崎市,瓦宮２丁目３１番５号,6610971
7140001049347,白岩設備工業株式会社,兵庫県,尼崎市,水明町３６番地,6600082
7140001049355,株式会社信和石油商会,兵庫県,尼崎市,立花町２丁目１７番１３号,6610025
7140001049363,株式会社シルバージャパン,兵庫県,尼崎市,南塚口町２丁目２９番３５号ツカプラッツビル２Ｆ,6610012
7140001049371,末長興業株式会社,兵庫県,尼崎市,次屋１丁目８番１２−６０６号,6610965
7140001049388,株式会社スギモト,兵庫県,尼崎市,潮江５丁目４番５０号,6610976
7140001049405,株式会社砂川商会,兵庫県,尼崎市,東初島町２番９号,6600832
7140001049421,駿河造園土木株式会社,兵庫県,尼崎市,武庫川町２丁目３１番地,6600084
7140001049438,正共建設株式会社,兵庫県,尼崎市,七松町１丁目１３番９号,6600052
7140001049446,セオ商事株式会社,兵庫県,尼崎市,元浜町２丁目７番地の２,6600085
7140001049454,株式会社宣文堂書房,兵庫県,尼崎市,南塚口町８丁目３番１１号,6610012
7140001049462,株式会社清和興業,兵庫県,尼崎市,西立花町２丁目３０番１２号,6600054
7140001049479,千昌株式会社,兵庫県,尼崎市,西難波町１丁目３番５号,6600893
7140001049487,株式会社摂津,兵庫県,尼崎市,東塚口町２丁目４番２７号,6610011
7140001049495,センノテ株式会社,兵庫県,尼崎市,竹谷町３丁目１４０番地,6600876
7140001049504,株式会社ゼネラルオート,兵庫県,尼崎市,浜田町４丁目６６番地の１,6600062
7140001049512,株式会社セラ,兵庫県,尼崎市,田能６丁目１１番１号,6610951
7140001049537,園建工業株式会社,兵庫県,尼崎市,小中島１丁目１９番１４号,6610972
7140001049545,ソノダ金属株式会社,兵庫県,尼崎市,東園田町２丁目１７６,6610953
7140001049561,株式会社大運機工,兵庫県,尼崎市,久々知１丁目２０番５号,6610977
7140001049586,株式会社タイコー警備,兵庫県,尼崎市,尾浜町３丁目２０番１２号,6610022
7140001049603,大貴工業株式会社,兵庫県,尼崎市,塚口本町５丁目４番３６号,6610001
7140001049644,大信興産株式会社,兵庫県,尼崎市,杭瀬本町３丁目３番３８号,6600814
7140001049652,株式会社大真建設,兵庫県,尼崎市,立花町１丁目１０番１７号,6610025
7140001049660,株式会社大伸電器,兵庫県,尼崎市,猪名寺２丁目１０番５４号,6610981
7140001049677,大東興業株式会社,兵庫県,尼崎市,尾浜町１丁目８番２１号,6610022
7140001049685,ダイト警備保障株式会社,兵庫県,尼崎市,常吉２丁目２番１３号,6610042
7140001049693,大東振動工学株式会社,兵庫県,尼崎市,潮江５丁目９番１８号,6610976
7140001049702,大中産業株式会社,兵庫県,尼崎市,西向島町１１１番地５,6600857
7140001049710,大新電機株式会社,兵庫県,尼崎市,西長洲町２丁目１番１１号,6600805
7140001049727,株式会社大豊工務店,兵庫県,尼崎市,西本町北通５丁目１５７番地,6600863
7140001049735,株式会社大八塩澤商店,兵庫県,尼崎市,潮江４丁目４番１号,6610976
7140001049751,株式会社ダイユウ商会,兵庫県,尼崎市,武庫町２丁目１８番１２号,6610044
7140001049768,タイラ基礎工業株式会社,兵庫県,尼崎市,武庫之荘５丁目４６番４号,6610035
7140001049776,ヨシムラインターナショナル株式会社,兵庫県,尼崎市,潮江５丁目３番４０−３０４号,6610976
7140001049784,大和鉄工株式会社,兵庫県,尼崎市,長洲本通２丁目９番５１号,6600803
7140001049792,株式会社高木組,兵庫県,尼崎市,稲葉荘１丁目２４番２３号,6600064
7140001049818,株式会社武富不動産,兵庫県,尼崎市,武庫之荘１丁目５番１号,6610035
7140001049826,高田香料株式会社,兵庫県,尼崎市,塚口本町７丁目２２番２号,6610001
7140001049834,株式会社高西商店,兵庫県,尼崎市,浜３丁目１番６号,6610967
7140001049842,高橋電工株式会社,兵庫県,尼崎市,下坂部３丁目１４番１７号,6610975
7140001049850,タクマシステムコントロール株式会社,兵庫県,尼崎市,金楽寺町２丁目２番３３号（タクマビル）,6600806
7140001049859,株式会社竹村重汽工,兵庫県,尼崎市,菜切山町３７番地の５,6600073
7140001049867,高山商事株式会社,兵庫県,尼崎市,道意町３丁目２番地,6600083
7140001049875,株式会社タカラ・ショット・サービス,兵庫県,尼崎市,上ノ島町２丁目１番２３号,6610014
7140001049891,龍田産業株式会社,兵庫県,尼崎市,上ノ島町２丁目２番２０号,6610014
7140001049909,橘設備工業株式会社,兵庫県,尼崎市,東園田町５丁目１１１番地の５,6610953
7140001049925,田中エレクトロサービス株式会社,兵庫県,尼崎市,潮江２丁目４番５号,6610976
7140001049933,株式会社田中商店,兵庫県,尼崎市,杭瀬北新町２丁目１０番１号,6600815
7140001049941,株式会社谷坂鉄工所,兵庫県,尼崎市,長洲西通１丁目９番１６号,6600807
7140001049958,株式会社田原電機サービス,兵庫県,尼崎市,食満２丁目２４番５７号,6610982
7140001049966,株式会社タマリスク,兵庫県,尼崎市,武庫之荘西２丁目３９番２号,6610034
7140001049974,株式会社たる吉,兵庫県,尼崎市,南塚口町２丁目１番３−Ｂ１０４号,6610012
7140001049999,中央実業株式会社,兵庫県,尼崎市,西長洲町２丁目２６番１２号,6600805
7140001050008,千代島建装株式会社,兵庫県,尼崎市,西本町７丁目２６８番地,6600874
7140001050016,株式会社ダイヤ商会,兵庫県,尼崎市,南塚口町１丁目１２番１号,6610012
7140001050032,株式会社塚口タイニープラザ,兵庫県,尼崎市,南塚口町１丁目６番２２号,6610012
7140001050049,辻本商運株式会社,兵庫県,尼崎市,次屋２丁目６番１４号,6610965
7140001050065,株式会社鶴田天城,兵庫県,尼崎市,西高洲町１６番地の２２,6600845
7140001050115,寺沢商事株式会社,兵庫県,尼崎市,武庫町２丁目７番９号,6610044
7140001050123,株式会社テラモトテック,兵庫県,尼崎市,上坂部３丁目７番１０号,6610979
7140001050131,株式会社トーア,兵庫県,尼崎市,杭瀬南新町３丁目２番２３号,6600822
7140001050148,株式会社ＫＭＴコーポレーション,兵庫県,尼崎市,東難波町５丁目２番１７号,6600892
7140001050156,東神金商株式会社,兵庫県,尼崎市,水堂町４丁目６番８号,6610026
7140001050164,株式会社トータルシステム,兵庫県,尼崎市,東本町２丁目１１２番地,6600824
7140001050172,株式会社トーハイ商事,兵庫県,尼崎市,西立花町２丁目７番１号,6600054
7140001050180,トーユー工業株式会社,兵庫県,尼崎市,東難波町３丁目１８番１５号,6600892
7140001050189,株式会社トーシン,兵庫県,尼崎市,下坂部３丁目１２番１５号,6610975
7140001050230,株式会社徳丸工務店,兵庫県,尼崎市,西難波町５丁目８番４０号,6600893
7140001050239,杤尾総合開発株式会社,兵庫県,尼崎市,猪名寺１丁目２２番１５号,6610981
7140001050255,株式会社ドノバン,兵庫県,尼崎市,神田中通６丁目２２０番地,6600884
7140001050263,冨田工業株式会社,兵庫県,尼崎市,七松町３丁目１６番２３号,6600052
7140001050271,株式会社富屋,兵庫県,尼崎市,塚口町６丁目３１番２５号,6610002
7140001050288,株式会社ドリーム観光サービス,兵庫県,尼崎市,長洲西通１丁目３番２４−２０５号公楽ビル内,6600807
7140001050296,日本アイピー株式会社,兵庫県,尼崎市,東園田町６丁目９９番地,6610953
7140001050346,日本メディカルエンジニアリング株式会社,兵庫県,尼崎市,昭和南通３丁目２６番地１松本ビル本館３１０号,6600882
7140001050354,株式会社ナードケミカルズ,兵庫県,尼崎市,西長洲町２丁目６番１号,6600805
7140001050370,南海自動車株式会社,兵庫県,尼崎市,菜切山町９番地,6600073
7140001050387,長瀬塗装工業株式会社,兵庫県,尼崎市,北城内８８番地の７,6600826
7140001050412,中野酒類販売株式会社,兵庫県,尼崎市,立花町１丁目１６番２４号,6610025
7140001050420,株式会社中原工業所,兵庫県,尼崎市,元浜町４丁目７７番地,6600085
7140001050429,株式会社中村組,兵庫県,尼崎市,東難波町５丁目３番８−３０６号,6600892
7140001050437,永吉工業株式会社,兵庫県,尼崎市,南城内６番地の１,6600825
7140001050445,株式会社那須,兵庫県,尼崎市,塚口町１丁目１８番地の１０,6610002
7140001050453,ナニワ企業株式会社,兵庫県,尼崎市,水堂町４丁目１３番１８号,6610026
7140001050461,ナニワ食産株式会社,兵庫県,尼崎市,東難波町５丁目１０番２３号,6600892
7140001050478,株式会社フタイ,兵庫県,尼崎市,常光寺２丁目２番３号,6600811
7140001050486,西紀工業株式会社,兵庫県,尼崎市,瓦宮２丁目３３番１号,6610971
7140001050494,株式会社西住製作所,兵庫県,尼崎市,額田町１２番２１号,6610962
7140001050503,株式会社西日本体器製作所,兵庫県,尼崎市,北竹谷町１丁目１番地,6600878
7140001050528,株式会社西山製作所,兵庫県,尼崎市,南塚口町６丁目７番１２号,6610012
7140001050536,日亜鋼業株式会社,兵庫県,尼崎市,中浜町１９番地,6600091
7140001050544,日本エレクトロニクス工業株式会社,兵庫県,尼崎市,宮内町３丁目１３３番地,6600877
7140001050560,株式会社日光自動車,兵庫県,尼崎市,久々知２丁目２６番１５号,6610977
7140001050569,日創建設工業株式会社,兵庫県,尼崎市,瓦宮１丁目４番７号,6610971
7140001050577,日産クリーンセンター株式会社,兵庫県,尼崎市,大庄中通１丁目７３番地３,6600075
7140001050593,日東鍍金株式会社,兵庫県,尼崎市,梶ケ島６番１２号,6600821
7140001050602,株式会社日峰,兵庫県,尼崎市,東園田町５丁目７番地の７,6610953
7140001050610,日和工業株式会社,兵庫県,尼崎市,立花町４丁目８番２５号,6610025
7140001050619,株式会社ニューハートブリッジ,兵庫県,尼崎市,浜２丁目５番１０号,6610967
7140001050635,イワタニファインガス株式会社,兵庫県,尼崎市,若王寺３丁目１９番１２号,6610974
7140001050643,野崎電気株式会社,兵庫県,尼崎市,金楽寺町２丁目３７番２号,6600806
7140001050668,株式会社布谷計器製作所,兵庫県,尼崎市,次屋２丁目１番３９号,6610965
7140001050676,株式会社阪神企画センター,兵庫県,尼崎市,東難波町５丁目１７番３６号,6600892
7140001050684,阪神造園土木株式会社,兵庫県,尼崎市,水堂町４丁目９番７号,6610026
7140001050701,株式会社阪神エンジニアリング,兵庫県,尼崎市,戸ノ内町２丁目２番１１号,6610961
7140001050718,株式会社阪神文具,兵庫県,尼崎市,栗山町２丁目５番３号,6610013
7140001050734,株式会社野村工務店,兵庫県,尼崎市,道意町６丁目２８番地の２５,6600083
7140001050742,株式会社ハウジングプラザ,兵庫県,尼崎市,武庫元町１丁目２９番８号,6610043
7140001050759,阪国興業株式会社,兵庫県,尼崎市,浜田町２丁目１３番地,6600062
7140001050767,株式会社パレス武庫之荘,兵庫県,尼崎市,武庫之荘２丁目９番８号,6610035
7140001050783,株式会社ハシモト,兵庫県,尼崎市,西昆陽２丁目３５番２１号,6610047
7140001050791,株式会社八光総業,兵庫県,尼崎市,稲葉荘２丁目１５番１５−４０１号,6600064
7140001050800,株式会社ハタダ,兵庫県,尼崎市,立花町１丁目１９番２７号,6610025
7140001050809,株式会社畑原建築工房,兵庫県,尼崎市,南塚口町１丁目１８番８号,6610012
7140001050817,パネル電気ビルサービス株式会社,兵庫県,尼崎市,長洲東通１丁目１２番１１号,6600801
7140001050825,浜中興業株式会社,兵庫県,尼崎市,東海岸町３８番地港運共同事業体（内）,6600843
7140001050833,株式会社林兼合金鋳工所,兵庫県,尼崎市,築地２丁目１２番３１号,6600858
7140001050841,株式会社ハラオカコーポレーション,兵庫県,尼崎市,三反田町２丁目１８番２４号,6610024
7140001050858,株式会社ハルナ,兵庫県,尼崎市,次屋３丁目１７番８号,6610965
7140001050882,株式会社樋口製作所,兵庫県,尼崎市,浜田町２丁目６５番地の３,6600062
7140001050890,株式会社ヒシダイ,兵庫県,尼崎市,神崎町１２番３９号,6610964
7140001050908,ヒデマサ精工株式会社,兵庫県,尼崎市,南初島町１２番地の５,6600833
7140001050924,兵庫塗料商事株式会社,兵庫県,尼崎市,久々知１丁目５番２１号,6610977
7140001050940,廣川電機株式会社,兵庫県,尼崎市,杭瀬北新町３丁目２番２号,6600815
7140001050949,株式会社ヒルトン,兵庫県,尼崎市,大島１丁目２４番３号,6600076
7140001050957,株式会社平野興産,兵庫県,尼崎市,東園田町３丁目７９番地の２,6610953
7140001050965,平山興業株式会社,兵庫県,尼崎市,大浜町２丁目５３番地,6600095
7140001050973,冨士興業株式会社,兵庫県,尼崎市,築地２丁目１０番８号,6600858
7140001050981,藤川電気工事株式会社,兵庫県,尼崎市,西難波町４丁目８番４号,6600893
7140001050998,株式会社藤田工業,兵庫県,尼崎市,東園田町５丁目８５番２ルーナピエーナ１Ｆ,6610953
7140001051014,株式会社藤原工務店,兵庫県,尼崎市,大庄西町４丁目２５番２１号,6600077
7140001051022,株式会社フジムラ電工,兵庫県,尼崎市,道意町１丁目４３番地,6600083
7140001051039,ＯＳエンジニアリング株式会社,兵庫県,尼崎市,南初島町１０番地１３３,6600833
7140001051047,フクヱイ建設株式会社,兵庫県,尼崎市,平左衛門町１８番地の２７,6600087
7140001051055,福島精機株式会社,兵庫県,尼崎市,次屋３丁目６番１５号,6610965
7140001051063,株式会社福田工務店,兵庫県,尼崎市,戸ノ内町１丁目６番２９号,6610961
7140001051071,福忠塗料株式会社,兵庫県,尼崎市,善法寺町１番７号,6610973
7140001051088,株式会社藤岡特殊金属工場,兵庫県,尼崎市,梶ケ島６番３５号,6600821
7140001051096,双葉電気工業株式会社,兵庫県,尼崎市,杭瀬本町２丁目７番１号,6600814
7140001051105,株式会社プロコン,兵庫県,尼崎市,西川２丁目４３番１号,6610966
7140001051113,株式会社プレゼンテック,兵庫県,尼崎市,富松町１丁目５番１−２０２号,6610003
7140001051121,株式会社ブリッジ,兵庫県,尼崎市,立花町３丁目４番１３号,6610025
7140001051162,株式会社兵庫ゼネラル,兵庫県,尼崎市,元浜町５丁目６８番５号,6600085
7140001051170,株式会社豊新製作所,兵庫県,尼崎市,久々知２丁目２６番７号,6610977
7140001051204,株式会社ボデイシヨツプ・メイワ,兵庫県,尼崎市,元浜町４丁目８５番８号,6600085
7140001051229,萬栄興産株式会社,兵庫県,尼崎市,七松町１丁目１０番２７号,6600052
7140001051237,株式会社マイティーサービス,兵庫県,尼崎市,武庫之荘６丁目２８番９号,6610035
7140001051278,株式会社まんてん,兵庫県,尼崎市,食満７丁目２６番２５号,6610982
7140001051294,株式会社松岡,兵庫県,尼崎市,東園田町５丁目４７番５号三功ビル内,6610953
7140001051311,松田興産株式会社,兵庫県,尼崎市,常松２丁目６番６号,6610046
7140001051328,松本運輸倉庫株式会社,兵庫県,尼崎市,大高洲町２番地の１,6600842
7140001051336,株式会社松元電気工事,兵庫県,尼崎市,上ノ島町３丁目９番９号,6610014
7140001051344,松家興業株式会社,兵庫県,尼崎市,南武庫之荘１丁目９番９号,6610033
7140001051352,万鎔工業株式会社,兵庫県,尼崎市,尾浜町１丁目８番２５号,6610022
7140001051360,マルエス工運株式会社,兵庫県,尼崎市,鶴町７番地の８,6600092
7140001051369,丸協産業株式会社,兵庫県,尼崎市,西難波町３丁目１７番５号,6600893
7140001051393,丸善油糧株式会社,兵庫県,尼崎市,南塚口町７丁目１番１２号,6610012
7140001051402,株式会社マルタカ,兵庫県,尼崎市,武庫元町２丁目１７番４号,6610043
7140001051410,株式会社丸二商店,兵庫県,尼崎市,昭和南通７丁目１９２番地,6600882
7140001051427,丸吉水産株式会社,兵庫県,尼崎市,潮江４丁目４番１号,6610976
7140001051435,株式会社三浦製作所,兵庫県,尼崎市,南武庫之荘７丁目１９番２０号,6610033
7140001051468,三島金属工業株式会社,兵庫県,尼崎市,東初島町２番地の３７,6600832
7140001051484,株式会社三隆運輸,兵庫県,尼崎市,菜切山町３８番地の２,6600073
7140001051492,株式会社ミトミ,兵庫県,尼崎市,水堂町４丁目５番３０号,6610026
7140001051501,株式会社ミツワ電化,兵庫県,尼崎市,武庫之荘本町１丁目１番７号,6610031
7140001051526,三好工業株式会社,兵庫県,尼崎市,次屋３丁目８番１４号,6610965
7140001051534,宮田建房株式会社,兵庫県,尼崎市,南武庫之荘２丁目３４番２６号,6610033
7140001051550,株式会社ミロライン,兵庫県,尼崎市,武庫之荘２丁目２６番１号,6610035
7140001051559,武庫川土地建物株式会社,兵庫県,尼崎市,大庄西町１丁目９番１号ヴォートセレスト１５０３号,6600077
7140001051609,株式会社名神飯店,兵庫県,尼崎市,御園町５４番地ローレルタワー尼崎２３０２号,6600861
7140001051633,株式会社モコ,兵庫県,尼崎市,東園田町５丁目１１７番地の５,6610953
7140001051641,株式会社椴木商店,兵庫県,尼崎市,潮江４丁目４番１号,6610976
7140001051658,森綜合建工株式会社,兵庫県,尼崎市,潮江３丁目１２番３号,6610976
7140001051674,森木材工業株式会社,兵庫県,尼崎市,西大物町１２番４１号,6600827
7140001051682,株式会社八百久,兵庫県,尼崎市,立花町３丁目３５番１号,6610025
7140001051699,ファイン機工株式会社,兵庫県,尼崎市,尾浜町１丁目３４番９号,6610022
7140001051708,株式会社野長瀬鉄工,兵庫県,尼崎市,鶴町７番２２号,6600092
7140001051716,株式会社ヤマオカ,兵庫県,尼崎市,西長洲町２丁目２番５５号,6600805
7140001051724,株式会社山木商会,兵庫県,尼崎市,武庫元町１丁目２０番６号,6610043
7140001051732,株式会社山久,兵庫県,尼崎市,東園田町５丁目２９グランドハイツＢ１０１,6610953
7140001051740,山崎不動産株式会社,兵庫県,尼崎市,上坂部２丁目６番６号,6610979
7140001051765,やまふく食品株式会社,兵庫県,尼崎市,建家町９２番地,6600871
7140001051798,株式会社ユーマックス,兵庫県,尼崎市,神田北通２丁目１２番地１大陽ビルディング８階,6600883
7140001051831,株式会社横槌屋,兵庫県,尼崎市,潮江４丁目４番１号,6610976
7140001051848,株式会社吉田,兵庫県,尼崎市,七松町２丁目１番１６号,6600052
7140001051856,吉鶴建設株式会社,兵庫県,尼崎市,武庫町３丁目１７番１６号,6610044
7140001051864,淀川加工印刷株式会社,兵庫県,尼崎市,北初島町１６番６,6600834
7140001051889,ワールド株式会社,兵庫県,尼崎市,塚口町３丁目２５番地の８,6610002
7140001051897,株式会社ワコウ,兵庫県,尼崎市,塚口町６丁目１５番１６号,6610002
7140001051906,和光不動産株式会社,兵庫県,尼崎市,元浜町３丁目４４番地,6600085
7140001051914,若本機工株式会社,兵庫県,尼崎市,丸島町９番地,6600086
7140001051922,渡辺鋼業株式会社,兵庫県,尼崎市,水堂町１丁目１０番２３号,6610026
7140001051930,株式会社ランドマーク,兵庫県,尼崎市,西立花町２丁目３番５号,6600054
7140001051939,ラムタ興産株式会社,兵庫県,尼崎市,西難波町２丁目１１番１８号,6600893
7140001051963,株式会社利久,兵庫県,尼崎市,武庫之荘２丁目２１番１５号,6610035
7140001051971,株式会社立昌機工製作所,兵庫県,尼崎市,次屋３丁目２番２６号,6610965
7140001051988,菱美株式会社,兵庫県,尼崎市,塚口本町８丁目１番１号,6610001
7140001051996,株式会社レインボウ,兵庫県,尼崎市,西難波町６丁目３番３号,6600893
7140001052004,六甲建設株式会社,兵庫県,尼崎市,下坂部２丁目４番１３号,6610975
7140001052037,セイワ技研株式会社,兵庫県,尼崎市,東園田町１丁目１７９番地の１２,6610953
7140001052045,株式会社原田建築設計事務所,兵庫県,尼崎市,開明町２丁目１１番地,6600862
7140001052053,株式会社アーヴェイン,兵庫県,尼崎市,杭瀬本町２丁目２３番１−１０５号,6600814
7140001052061,ユーアイ化成株式会社,兵庫県,尼崎市,田能６丁目１番３５号,6610951
7140001052094,株式会社角倉商店,兵庫県,尼崎市,潮江４丁目４番１号,6610976
7140001052103,株式会社名神キャブレータ技研,兵庫県,尼崎市,南塚口町３丁目２９番３０号,6610012
7140001052111,エア・リキード・オペレーション株式会社,兵庫県,尼崎市,南塚口町４丁目３番２３号,6610012
7140001052128,大雅工業株式会社,兵庫県,尼崎市,大浜町２丁目３０番地,6600095
7140001052136,株式会社日創,兵庫県,尼崎市,平左衛門町１８番地の２９,6600087
7140001052152,宮崎真珠株式会社,兵庫県,尼崎市,西川２丁目１７番３号,6610966
7140001052185,株式会社グルメヤマオカ,兵庫県,尼崎市,西長洲町２丁目２番５５号,6600805
7140001052210,アサノ建材株式会社,兵庫県,尼崎市,北初島町１６番地,6600834
7140001052227,王子計測機器株式会社,兵庫県,尼崎市,常光寺４丁目３番１号,6600811
7140001052235,扇要建設株式会社,兵庫県,尼崎市,立花町２丁目２番９号,6610025
7140001052243,株式会社ミナミテック,兵庫県,尼崎市,尾浜町１丁目１５番１０号,6610022
7140001052251,株式会社ティーシーエム,兵庫県,尼崎市,潮江１丁目５番１−６０６号,6610976
7140001052301,関西アルファテック株式会社,兵庫県,尼崎市,東塚口町１丁目１番２４号,6610011
7140001052334,株式会社エム・エム・ジェー,兵庫県,尼崎市,南初島町１０番地１４８,6600833
7140001052383,アーツ株式会社,兵庫県,尼崎市,杭瀬北新町４丁目８番２号,6600815
7140001052391,株式会社サウスウエスト,兵庫県,尼崎市,西立花町３丁目１番１号,6600054
7140001052400,株式会社サン・エコイング,兵庫県,尼崎市,道意町７丁目１番地３,6600083
7140001052409,株式会社アイ・エヌ・ジー,兵庫県,尼崎市,南武庫之荘２丁目２７番２６号,6610033
7140001052417,アルフレッシュ損害調査株式会社,兵庫県,尼崎市,南竹谷町１丁目２６番地,6600875
7140001052433,田中建設工業株式会社,兵庫県,尼崎市,浜田町３丁目９２番地の３,6600062
7140001052458,株式会社ワコーアクティブ,兵庫県,尼崎市,神崎町９番１０号,6610964
7140001052466,株式会社高理,兵庫県,尼崎市,食満７丁目２８番１０号,6610982
7140001052573,サンサン観光株式会社,兵庫県,尼崎市,長洲西通１丁目１番１号,6600807
7140001052664,株式会社中川工業所,兵庫県,尼崎市,東海岸町２３番地の２,6600843
7140001052763,井住運送株式会社,兵庫県,尼崎市,扶桑町１番１号,6600891
7140001052771,株式会社ジェイ・オンモ,兵庫県,尼崎市,潮江２丁目３９番３号,6610976
7140001052788,おさむ・プランニング株式会社,兵庫県,尼崎市,東園田町９丁目８番地の４,6610953
7140001052796,ユウワ工業株式会社,兵庫県,尼崎市,長洲西通１丁目５番１−４０１号,6600807
7140001052805,西村工機株式会社,兵庫県,尼崎市,西長洲町１丁目２番１６号,6600805
7140001052846,株式会社ヴァンコム,兵庫県,尼崎市,御園町３５番地,6600861
7140001052862,ＭＤロジス商品サービス株式会社,兵庫県,尼崎市,潮江１丁目１６番１号,6610976
7140001052870,株式会社ジャパン・ライフ,兵庫県,尼崎市,大島１丁目２４番１９号,6600076
7140001052929,株式会社大揮,兵庫県,尼崎市,南初島町１６番３号,6600833
7140001052937,株式会社晃成,兵庫県,尼崎市,三反田町２丁目１８番８号,6610024
7140001052953,株式会社つかしんタウンクリエイト,兵庫県,尼崎市,塚口本町４丁目８番１号,6610001
7140001052961,株式会社マジカル,兵庫県,尼崎市,武庫之荘東１丁目５番１５号ウイステリア武庫之荘１０２号室,6610032
7140001052986,株式会社建築研究所アルセック,兵庫県,尼崎市,富松町４丁目７番２６号,6610003
7140001052994,株式会社システムクラフト,兵庫県,尼崎市,東園田町５丁目５６番地の１−７０２号,6610953
7140001053035,プランニングシノワ株式会社,兵庫県,尼崎市,武庫之荘７丁目７番１９号,6610035
7140001053043,株式会社カウント,兵庫県,尼崎市,杭瀬本町２丁目１５番１０号,6600814
7140001053051,三協エンジニアリング株式会社,兵庫県,尼崎市,東本町１丁目４０番,6600824
7140001053068,株式会社双立工作所,兵庫県,尼崎市,久々知３丁目２４番１号,6610977
7140001053084,関西工機整備株式会社,兵庫県,尼崎市,潮江１丁目２番１２号,6610976
7140001053134,株式会社システム産業,兵庫県,尼崎市,食満３丁目２５番１６号,6610982
7140001053142,株式会社阪神ファイナンス,兵庫県,尼崎市,神田中通２丁目２７番４７号,6600884
7140001053150,株式会社ＪＤＩ,兵庫県,尼崎市,潮江４丁目２番２号,6610976
7140001053159,株式会社有和ホールディングス,兵庫県,尼崎市,立花町４丁目３番２３号,6610025
7140001053167,井上工業株式会社,兵庫県,尼崎市,長洲西通２丁目１１番５号,6600807
7140001053200,株式会社エイチ・オー・エス,兵庫県,尼崎市,南初島町２番地の４,6600833
7140001053209,株式会社ハウジングサポート,兵庫県,尼崎市,南武庫之荘３丁目２３番１８号,6610033
7140001053217,株式会社エーワンマシナリー,兵庫県,尼崎市,立花町１丁目１５番６号−２０１,6610025
7140001053225,株式会社ワンドリーム,兵庫県,尼崎市,南塚口町１丁目１２番８号サウザービル４Ｆ,6610012
7140001053241,株式会社パール,兵庫県,尼崎市,武庫元町１丁目２８−２−６０１,6610043
7140001053258,株式会社十矢,兵庫県,尼崎市,潮江１丁目４番５号,6610976
7140001053266,株式会社豊梅商事,兵庫県,尼崎市,武庫町１丁目４１番１号,6610044
7140001053282,株式会社大東精機ホールディングス,兵庫県,尼崎市,東初島町２番地２６,6600832
7140001053316,シグマ・ガル株式会社,兵庫県,尼崎市,南竹谷町２丁目３２番地,6600875
7140001053340,株式会社三恵工業,兵庫県,尼崎市,長洲本通２丁目９番３８号,6600803
7140001053357,株式会社セレクト,兵庫県,尼崎市,杭瀬南新町２丁目１４番１号,6600822
7140001053373,株式会社コスモテック,兵庫県,尼崎市,崇徳院２丁目１番２号,6600071
7140001053381,朝日建築事務所株式会社,兵庫県,尼崎市,南塚口町１丁目４番１２号,6610012
7140001053398,関西機設工業株式会社,兵庫県,尼崎市,西川１丁目１番２５号,6610966
7140001053415,タナカ製版株式会社,兵庫県,尼崎市,三反田町３丁目１１番８号,6610024
7140001053431,株式会社ジェーエスアイ,兵庫県,尼崎市,西難波町２丁目２番２０号,6600893
7140001053497,株式会社中村土木,兵庫県,尼崎市,西昆陽３丁目２番５−２０２号,6610047
7140001053522,株式会社アートハウジング,兵庫県,尼崎市,武庫之荘２丁目３番３号３Ｆ,6610035
7140001053530,株式会社ユニバーサル,兵庫県,尼崎市,次屋３丁目１４番１１号,6610965
7140001053547,吉谷興業株式会社,兵庫県,尼崎市,西難波町６丁目１３番１３号,6600893
7140001053555,株式会社ラックジャパン,兵庫県,尼崎市,東難波町５丁目２番１７号,6600892
7140001053563,株式会社チェーズＮＥＸＴ,兵庫県,尼崎市,神田北通２丁目１２番地１大陽ビルディング８階,6600883
7140001053571,フリートレード株式会社,兵庫県,尼崎市,久々知西町２丁目６番１６−４０７号,6610978
7140001053588,上ノ島ソフトウェア株式会社,兵庫県,尼崎市,上ノ島町３丁目２２番１７号,6610014
7140001053596,株式会社中島重機,兵庫県,尼崎市,水堂町２丁目３２番７号,6610026
7140001053605,國義株式会社,兵庫県,尼崎市,潮江５丁目９番１号,6610976
7140001053613,株式会社日本テック,兵庫県,尼崎市,南武庫之荘９丁目１７番３号,6610033
7140001053621,株式会社エーリンク,兵庫県,尼崎市,南初島町１２番地の６,6600833
7140001053654,大徳工業株式会社,兵庫県,尼崎市,元浜町２丁目１１１番地,6600085
7140001053670,さくらリビング株式会社,兵庫県,尼崎市,潮江１丁目１１番１号,6610976
7140001053695,株式会社京都双龍,兵庫県,尼崎市,西立花町１丁目４番１８号,6600054
7140001053704,株式会社グローバルサービス,兵庫県,尼崎市,南武庫之荘３丁目３１番２号,6610033
7140001053712,株式会社リトルマム,兵庫県,尼崎市,名神町３丁目６番２８号,6610021
7140001053729,株式会社ジェイ・ウォーカー,兵庫県,尼崎市,南武庫之荘１丁目１９番８号ウィンドフォー南武庫之荘４階,6610033
7140001053745,株式会社ランドメイト,兵庫県,尼崎市,武庫之荘本町３丁目２番１号,6610031
7140001053761,株式会社ジョイントコーポレーション,兵庫県,尼崎市,南武庫之荘１０丁目４番１５号,6610033
7140001053794,株式会社つくし,兵庫県,尼崎市,長洲東通１丁目７番３号,6600801
7140001053803,株式会社京諺閣,兵庫県,尼崎市,御園町３５番地（公大尼崎ビル７Ｆ）,6600861
7140001053811,株式会社シンコウファーネス,兵庫県,尼崎市,水堂町３丁目１６番９号,6610026
7140001053836,株式会社ＲＥＶＥ,兵庫県,尼崎市,東七松町１丁目４番５号,6600051
7140001053844,株式会社スターアカデミー,兵庫県,尼崎市,稲葉荘１丁目２番１２号,6600064
7140001053885,株式会社サービック,兵庫県,尼崎市,額田町１２番９号,6610962
7140001053893,フューズエナジー株式会社,兵庫県,尼崎市,武庫之荘６丁目２４番１６号,6610035
7140001053902,尼崎エネルギーサービス株式会社,兵庫県,尼崎市,神崎町１２番１号,6610964
7140001053910,株式会社大塗工,兵庫県,尼崎市,浜３丁目２０番１４号,6610967
7140001053935,株式会社塚口モコ,兵庫県,尼崎市,東園田町５丁目１１７番地の５,6610953
7140001053943,株式会社毛利工作所,兵庫県,尼崎市,三反田町３丁目３番１１号,6610024
7140001053968,株式会社ハンプ・アキ,兵庫県,尼崎市,南城内３番地の４,6600825
7140001053976,株式会社フードオペレーション,兵庫県,尼崎市,西御園町１１５番地２の２階,6600868
7140001053984,株式会社シェルム,兵庫県,尼崎市,浜田町３丁目７９番地の５,6600062
7140001053992,株式会社ＭＣＫ,兵庫県,尼崎市,武庫之荘１丁目３０番１２号,6610035
7140001054000,株式会社ビッグソリューション,兵庫県,尼崎市,西長洲町２丁目１４番１４号,6600805
7140001054017,株式会社エーゼットシステム,兵庫県,尼崎市,大浜町１丁目３４番地,6600095
7140001054025,株式会社タクミ製作所,兵庫県,尼崎市,武庫之荘本町２丁目１８番１３号,6610031
7140001054033,株式会社千葉ホールディングス,兵庫県,尼崎市,塚口町１丁目１６番６号,6610002
7140001054041,株式会社幸電気,兵庫県,尼崎市,南塚口町８丁目１５番２５−２号,6610012
7140001054058,株式会社ハウス不動産販売,兵庫県,尼崎市,潮江１丁目２７番１９号,6610976
7140001054066,株式会社スマイルハート,兵庫県,尼崎市,大西町１丁目９番２７−１０５号,6610023
7140001054082,株式会社オーヴァル,兵庫県,尼崎市,久々知２丁目２６番１２号,6610977
7140001054108,株式会社人事總合研究所,兵庫県,尼崎市,東難波町１丁目５番４０−５０６号,6600892
7140001054124,日本データ通信株式会社,兵庫県,尼崎市,西立花町５丁目８番２号,6600054
7140001054132,株式会社ＪＲ西日本あいウィル,兵庫県,尼崎市,潮江５丁目６番３０号,6610976
7140001054157,株式会社クラタ,兵庫県,尼崎市,水堂町１丁目１１番２１号,6610026
7140001054181,株式会社ケイズプラザ,兵庫県,尼崎市,神田中通６丁目２０４番地の３,6600884
7140001054198,好栄電気株式会社,兵庫県,尼崎市,長洲本通２丁目９番３０−７０５号,6600803
7140001054207,株式会社和,兵庫県,尼崎市,稲葉荘１丁目２６番１０号,6600064
7140001054215,株式会社レンタル・スクエア,兵庫県,尼崎市,東園田町６丁目１２１番地９ロイヤルレジデンス２０４,6610953
7140001054231,株式会社笠原組,兵庫県,尼崎市,東園田町１丁目９３番地の３,6610953
7140001054256,株式会社カズヤシ,兵庫県,尼崎市,立花町１丁目２番１号,6610025
7140001054264,大商興業株式会社,兵庫県,尼崎市,菜切山町１２番地の２,6600073
7140001054272,株式会社アルレ,兵庫県,尼崎市,武庫町２丁目１５番６号,6610044
7140001054280,歩計装株式会社,兵庫県,尼崎市,御園町３５番地,6600861
7140001054289,奄美交通株式会社,兵庫県,尼崎市,御園２丁目１１−２６,6610984
7140001054306,株式会社アイウイング,兵庫県,尼崎市,稲葉荘１丁目２番１３号,6600064
7140001054314,株式会社エクボ,兵庫県,尼崎市,南武庫之荘２丁目２４番３２−５１５号,6610033
7140001054322,株式会社ティースタイル,兵庫県,尼崎市,稲葉元町３丁目１８番３６号メゾンブランカ１０７号室,6600055
7140001054330,株式会社Ｋロジスティクス,兵庫県,尼崎市,富松町４丁目１９番３５号,6610003
7140001054339,株式会社アイネット,兵庫県,尼崎市,昭和通３丁目９０番１号,6600881
7140001054347,株式会社クリーンサービス尼崎,兵庫県,尼崎市,西立花町１丁目１１番２６号,6600054
7140001054355,株式会社バイセル・ワン,兵庫県,尼崎市,猪名寺１丁目３４番１１号,6610981
7140001054363,株式会社イローゼ,兵庫県,尼崎市,南塚口町２丁目１７番１３号,6610012
7140001054371,株式会社アイアイイー,兵庫県,尼崎市,南塚口町２丁目２８番１９号,6610012
7140001054388,幸袋株式会社,兵庫県,尼崎市,南塚口町７丁目１番１２号,6610012
7140001054413,株式会社ファイナルセレクト,兵庫県,尼崎市,東園田町４丁目９５番地の１４,6610953
7140001054421,株式会社Ｌｉｂｅｒｔｙ,兵庫県,尼崎市,武庫町３丁目２０番１０−２０１号,6610044
7140001054462,株式会社フーズサプライ,兵庫県,尼崎市,塚口町１丁目３番１１号,6610002
7140001054470,株式会社新建装,兵庫県,尼崎市,七松町２丁目７番１４号,6600052
7140001054479,株式会社ホータス,兵庫県,尼崎市,武庫町１丁目５０番３号,6610044
7140001054487,株式会社木村設備,兵庫県,尼崎市,田能５丁目９番２０号,6610951
7140001054495,アイシンエンジニアリング株式会社,兵庫県,尼崎市,金楽寺町１丁目６番３６号,6600806
7140001054512,株式会社ＮＴ総合管理,兵庫県,尼崎市,東園田町４丁目２６番地の６,6610953
7140001054529,株式会社サワダ製作所,兵庫県,尼崎市,次屋３丁目５番３号,6610965
7140001054537,正貴工業株式会社,兵庫県,尼崎市,東園田町５丁目８７番地,6610953
7140001054545,株式会社新翔工業,兵庫県,尼崎市,尾浜町１丁目８番２号,6610022
7140001054553,株式会社Ｏｆｆｉｃｅ−Ｋ　Ｃｏｒｐｏｒａｔｉｏｎ,兵庫県,尼崎市,三反田町３丁目６番２３−７０１号,6610024
7140001054561,株式会社ＴＥＮＰＡＣＨＩ,兵庫県,尼崎市,南塚口町２丁目３５番２号,6610012
7140001054578,株式会社ハタデン,兵庫県,尼崎市,西川２丁目４３番８号,6610966
7140001054594,株式会社ここから,兵庫県,尼崎市,三反田町３丁目６番５号,6610024
7140001054603,株式会社朝日工業,兵庫県,尼崎市,御園２丁目２番３６号,6610984
7140001054628,株式会社ＪＯＥＬＬＥ,兵庫県,尼崎市,東園田町６丁目１２０番地の１９,6610953
7140001054636,株式会社新生セキュリティ,兵庫県,尼崎市,昭和通４丁目１１７番地エスティ尼崎６０２号室,6600881
7140001054652,株式会社ＡＣＥＣ,兵庫県,尼崎市,東難波町１丁目１番６−２０１,6600892
7140001054669,システムクリエイト株式会社,兵庫県,尼崎市,口田中１丁目２０番１−２０４号,6610983
7140001054677,株式会社アマックス,兵庫県,尼崎市,神崎町２５番２１号,6610964
7140001054693,株式会社ケイツー,兵庫県,尼崎市,南塚口町８丁目４番５号,6610012
7140001054702,株式会社カワタプラントサービス,兵庫県,尼崎市,常光寺２丁目５番５２号,6600811
7140001054719,株式会社ＧＢＮ,兵庫県,尼崎市,鶴町７番地の８,6600092
7140001054776,株式会社ザ・ヘッドクォーターズ,兵庫県,尼崎市,西御園町１１９番地の３,6600868
7140001054784,株式会社ＴＫＦ,兵庫県,尼崎市,椎堂１丁目２５番５号,6610952
7140001054792,エースクラウド株式会社,兵庫県,尼崎市,立花町２丁目１１番２５号,6610025
7140001054818,株式会社コーヨ美装,兵庫県,尼崎市,西本町８丁目３３５番地,6600874
7140001054826,株式会社ＴＵＢＥＳ,兵庫県,尼崎市,武庫之荘東１丁目５−１５ウィステリア武庫之荘１０３号室,6610032
7140001054834,株式会社ウイズ,兵庫県,尼崎市,北大物町６番１３号,6600804
7140001054842,株式会社アドヴァンス,兵庫県,尼崎市,立花町１丁目２３番１号１階,6610025
7140001054850,株式会社ケアサービスさぶ,兵庫県,尼崎市,西立花町１丁目１２番４８号,6600054
7140001054875,株式会社ＫＡＲＡＴ,兵庫県,尼崎市,塚口町６丁目５８番地８,6610002
7140001054891,株式会社シンワエンジニアリング,兵庫県,尼崎市,常光寺１丁目１１−３,6600811
7140001054900,ＫＢジャパン株式会社,兵庫県,尼崎市,南塚口町５丁目１４番１２号,6610012
7140001054909,株式会社ヒットガードフィールド,兵庫県,尼崎市,道意町５丁目３０番地１０,6600083
7140001054917,株式会社オーシャンコーポレーション,兵庫県,尼崎市,武庫之荘本町２丁目９番２０−１０１号,6610031
7140001054925,川畑道春株式会社,兵庫県,尼崎市,東園田町９丁目１５番地の２,6610953
7140001054941,株式会社まるふく,兵庫県,尼崎市,武庫之荘西２丁目４９番１６号,6610034
7140001054958,株式会社西村沿岸土木,兵庫県,尼崎市,昭和通２丁目１０番１号コーポ池田４−Ａ,6600881
7140001054966,株式会社ＡＩＴＯ−ＮＥＴ,兵庫県,尼崎市,西大物町１１番２０号,6600827
7140001054974,株式会社ＪＲ西日本カスタマーリレーションズ,兵庫県,尼崎市,潮江１丁目２番１２号,6610976
7140001054982,北田スケール株式会社,兵庫県,尼崎市,南初島町１２番地の６,6600833
7140001054990,株式会社マーベラスコンサルティング,兵庫県,尼崎市,武庫之荘２丁目９番１号,6610035
7140001055007,株式会社ブックスキヨスク,兵庫県,尼崎市,潮江１丁目２番１２号,6610976
7140001055015,株式会社ＡＳＧ,兵庫県,尼崎市,長洲中通２丁目１７−１−４０７,6600802
7140001055048,梅田土地建物株式会社,兵庫県,尼崎市,北竹谷町３丁目１５０番地,6600878
7140001055064,株式会社ラブウィン,兵庫県,尼崎市,武庫之荘４丁目１０番１５号,6610035
7140001055072,龍興国際株式会社,兵庫県,尼崎市,道意町６丁目３番地の１,6600083
7140001055080,佐藤正工業株式会社,兵庫県,尼崎市,大庄川田町１６番地の６,6600072
7140001055089,ミノル建設株式会社,兵庫県,尼崎市,長洲中通３丁目３番１２号,6600802
7140001055097,田中興産株式会社,兵庫県,尼崎市,大西町２丁目５番１５号,6610023
7140001055106,株式会社クローバー,兵庫県,尼崎市,南塚口町１丁目６−１９阪下マンション１Ｆ,6610012
7140001055114,株式会社まいぷれｗｉｔｈＹＯＵ,兵庫県,尼崎市,塚口本町１丁目６番６号ニューハーモニーセンタービル３Ｆ,6610001
7140001055139,株式会社ＷＩＲＥＤ,兵庫県,尼崎市,潮江１丁目４番２号アミング潮江プラスト,6610976
7140001055147,株式会社ＳＡＺＵ,兵庫県,尼崎市,武庫之荘１丁目３０番１２,6610035
7140001055155,株式会社ムートンライフ,兵庫県,尼崎市,東園田町３丁目３３番地の１３,6610953
7140001055163,株式会社関西アーティクル,兵庫県,尼崎市,塚口町２丁目８番１号,6610002
7140001055171,株式会社セイワ,兵庫県,尼崎市,塚口町３丁目３８−７,6610002
7140001055188,株式会社グッド,兵庫県,尼崎市,七松町１丁目１１−７,6600052
7140001055196,株式会社Ｉ．Ｒ．Ｐ．,兵庫県,尼崎市,昭和南通４丁目５８−２エイケンビル７階,6600882
7140001055213,株式会社立花宏和システムサービス,兵庫県,尼崎市,大浜町２丁目５番１号,6600095
7140001055221,株式会社サン,兵庫県,尼崎市,南塚口町２丁目１４番１号,6610012
7140001055238,株式会社水和トータル,兵庫県,尼崎市,七松町３丁目１７番２０号２０６号室,6600052
7140001055254,株式会社バスコ,兵庫県,尼崎市,東園田町２丁目１９４番地,6610953
7140001055262,株式会社五風舎,兵庫県,尼崎市,浜田町４丁目６８番地１第２サンライフ共栄,6600062
7140001055270,株式会社大志商事,兵庫県,尼崎市,東難波町５丁目１９番２３−２０６号,6600892
7140001055279,株式会社アイワ,兵庫県,尼崎市,名神町２丁目１９番１３号,6610021
7140001055287,株式会社阪神ペイント,兵庫県,尼崎市,名神町３丁目１５番１１号サンエイ第２ビル,6610021
7140001055337,株式会社アトール,兵庫県,尼崎市,南清水３８番１３号,6610985
7140001055345,スリーコイル株式会社,兵庫県,尼崎市,昭和通１丁目１６番２号,6600881
7140001055378,株式会社インターテック,兵庫県,尼崎市,塚口町６丁目６０番地の７,6610002
7140001055386,株式会社セントラル通信,兵庫県,尼崎市,南塚口町７丁目３番１６号−２０５号,6610012
7140001055394,株式会社オプトジャパン,兵庫県,尼崎市,潮江１丁目１３番１−２０２号,6610976
7140001055403,株式会社新生,兵庫県,尼崎市,昭和通４丁目１１７番地エスティ尼崎６０２号室,6600881
7140001055428,株式会社フォレスト,兵庫県,尼崎市,武庫之荘東１丁目８番１−２０１号,6610032
7140001055436,株式会社真優,兵庫県,尼崎市,西昆陽１丁目３番４号,6610047
7140001055444,株式会社ヒート工房,兵庫県,尼崎市,南塚口町５丁目１４番１９号,6610012
7140001055460,株式会社グッドファシリティーズ,兵庫県,尼崎市,道意町７丁目１番３号,6600083
7140001055469,株式会社ジョウナイ,兵庫県,尼崎市,富松町２丁目１９番１２−１０１,6610003
7140001055477,株式会社ズッソ・コーポレーション,兵庫県,尼崎市,大庄北４丁目１８番１１号,6600063
7140001055485,株式会社エイシーズ,兵庫県,尼崎市,西長洲町３丁目６番１０号,6600805
7140001055493,まもる株式会社,兵庫県,尼崎市,潮江１丁目２１番１−３０７号,6610976
7140001055535,株式会社恵和産業,兵庫県,尼崎市,西川１丁目１番３３号,6610966
7140001055543,オーアイエス・ペッシ株式会社,兵庫県,尼崎市,東園田町９丁目１７番５号,6610953
7140001055551,株式会社岸装蹄所,兵庫県,尼崎市,東園田町９丁目１番２９−１０５号,6610953
7140001055568,毛利木材工業株式会社,兵庫県,尼崎市,東難波町５丁目２８番３１号,6600892
7140001055584,株式会社センスアンドケイズ,兵庫県,尼崎市,潮江１丁目１５番３号,6610976
7140001055592,株式会社ＲＯＢＳＯＮｓｔ．,兵庫県,尼崎市,三反田町３丁目１２番２６−１０２号,6610024
7140001055601,株式会社杉原クラフト,兵庫県,尼崎市,瓦宮２丁目１８番１５号,6610971
7140001055626,株式会社三幸,兵庫県,尼崎市,長洲西通１丁目３番２４号−３０５,6600807
7140001055634,株式会社フォーライフ,兵庫県,尼崎市,稲葉荘２丁目１３番１５号,6600064
7140001055642,株式会社ネクストワン,兵庫県,尼崎市,栗山町２丁目１９番４号,6610013
7140001055650,株式会社シュトラール,兵庫県,尼崎市,東園田町９丁目１７番地の１４,6610953
7140001055667,株式会社Ｇ．Ｓ．Ｐ,兵庫県,尼崎市,南塚口町５丁目１４−１９−４,6610012
7140001055675,株式会社石田工業,兵庫県,尼崎市,東本町１丁目７１−１３,6600824
7140001055683,デルタ株式会社,兵庫県,尼崎市,崇徳院２丁目５２番地,6600071
7140001055691,株式会社ＧＲＡＣＥ,兵庫県,尼崎市,塚口町１丁目１６番６号,6610002
7140001055709,株式会社ケア・ウィズ,兵庫県,尼崎市,東園田町５丁目９６番１号−１０６,6610953
7140001055717,株式会社Ｇｒｏｗｔｈ,兵庫県,尼崎市,武庫之荘１丁目９番６号,6610035
7140001055741,株式会社佳江,兵庫県,尼崎市,水堂町１丁目１番２２号,6610026
7140001055758,株式会社おもと,兵庫県,尼崎市,西昆陽１丁目１番７号,6610047
7140001055766,ｈｘｈｉｒｏ株式会社,兵庫県,尼崎市,塚口本町１丁目２２番１９号,6610001
7140001055774,株式会社ニシヤマ商店,兵庫県,尼崎市,塚口町２丁目３７番地の１２,6610002
7140001055782,株式会社栄和建設,兵庫県,尼崎市,塚口本町２丁目２５番８号,6610001
7140001055790,株式会社興夢テック,兵庫県,尼崎市,次屋３丁目１４番３０号,6610965
7140001057028,株式会社インターナショナルフードコンサルティングオフィス,兵庫県,尼崎市,御園町２７番地の３,6600861
7140001057218,なでしこ介護サービス株式会社,兵庫県,尼崎市,潮江３丁目８番７号,6610976
7140001057234,株式会社スイッチ,兵庫県,尼崎市,西川２丁目４番２４号,6610966
7140001057267,ケー・シー・エイチ商事株式会社,兵庫県,尼崎市,上ノ島町３丁目２０番１号,6610014
7140001057300,株式会社木村電機製作所,兵庫県,尼崎市,塚口町１丁目３２番地の９,6610002
7140001057309,ＧＨＩＪａｐａｎ株式会社,兵庫県,尼崎市,武庫之荘１丁目３３番１−５０７号,6610035
7140001057374,株式会社エリアフリー,兵庫県,尼崎市,武庫之荘本町２丁目２１番７号,6610031
7140001067431,株式会社ＯＫ企画,兵庫県,尼崎市,潮江１丁目３番１２−６０７号,6610976
7140001067638,株式会社リアン,兵庫県,尼崎市,東本町３丁目８４番地の４,6600824
7140001070443,冨士デジテック株式会社,兵庫県,尼崎市,道意町７丁目１番３,6600083
7140001072019,花原化学工業株式会社,兵庫県,尼崎市,田能６丁目９番１５号,6610951
7140001072431,株式会社ダイヤモンドシステム,兵庫県,尼崎市,大庄西町３丁目８番１６号,6600077
7140001072935,株式会社ＡＰＥＸ,兵庫県,尼崎市,久々知西町１丁目５番２２号,6610978
7140001073974,株式会社アムテック,兵庫県,尼崎市,東本町２丁目１０２番地,6600824
7140001074007,株式会社タスコム,兵庫県,尼崎市,富松町２丁目２８番２２号,6610003
7140001074691,株式会社ＯＳ,兵庫県,尼崎市,西立花町４丁目８番２号,6600054
7140001077587,株式会社大洋航空トラベル,兵庫県,尼崎市,大庄西町２丁目８番７号,6600077
7140001077777,株式会社ミツモト,兵庫県,尼崎市,南武庫之荘９丁目１７番３号,6610033
7140001078437,株式会社システムクラフト,兵庫県,尼崎市,塚口町３丁目４０番地の１８,6610002
7140001081804,東西観光株式会社,兵庫県,尼崎市,南塚口町５丁目１７番２５号,6610012
7140001083692,株式会社Ｔ＆Ｋソリューションジャパン,兵庫県,尼崎市,田能６丁目７番６号,6610951
7140001086530,株式会社Ｍ＆Ｇ,兵庫県,尼崎市,名神町２丁目６番１２号,6610021
7140001086563,株式会社テイクオーバー福住,兵庫県,尼崎市,水堂町１丁目６番１７号フォレストメゾン福住１０１,6610026
7140001086927,株式会社ＡＴ企画,兵庫県,尼崎市,武庫之荘６丁目１番３２,6610035
7140001087231,コスモシステム株式会社,兵庫県,尼崎市,元浜町１丁目７２番地の２３,6600085
7140001087306,一富士管財株式会社,兵庫県,尼崎市,上坂部１丁目８番１−８４０号,6610979
7140001087603,株式会社ｒｉａｌｔｏ,兵庫県,尼崎市,西大物町１０番２号,6600827
7140001087727,株式会社オフィス中澤,兵庫県,尼崎市,尾浜町３丁目２８番５号,6610022
7140001087842,キャリアップ株式会社,兵庫県,尼崎市,御園町２１番地ＭＧ尼崎駅前ビル３階,6600861
7140001087933,阪神住販株式会社,兵庫県,尼崎市,三反田町２丁目１５番３０号,6610024
7140001088254,伸元建設株式会社,兵庫県,尼崎市,立花町３丁目１７番２９号,6610025
7140001088262,ＵＳ２Ｕ株式会社,兵庫県,尼崎市,南武庫之荘９丁目３番２３−１,6610033
7140001088304,株式会社ＡＧＳ,兵庫県,尼崎市,若王寺３丁目１５番３５−２０１号,6610974
7140001088353,株式会社Ｃａｐｉｔａｌ　Ｃｏｎｎｅｃｔｉｏｎ,兵庫県,尼崎市,塚口町５丁目３７番地の１６,6610002
7140001088592,株式会社アトレ,兵庫県,尼崎市,武庫之荘８丁目２６番１号,6610035
7140001088832,株式会社Ａｃｔｉｏｎ　ＯＮＥ,兵庫県,尼崎市,昭和南通３丁目２６番第一松本ビル２階,6600882
7140001089038,株式会社ＲＩＤＥＪＡＰＡＮ,兵庫県,尼崎市,下坂部３丁目１４番１１号,6610975
7140001089062,株式会社フードコミュニケーションデザイン,兵庫県,尼崎市,浜３丁目５番１６−２１７号,6610967
7140001089079,リベル株式会社,兵庫県,尼崎市,竹谷町２丁目１８３番地,6600876
7140001089302,株式会社たちき,兵庫県,尼崎市,次屋１丁目２４番１７号,6610965
7140001089418,株式会社関西溶接,兵庫県,尼崎市,名神町２丁目１９番２５号,6610021
7140001089434,株式会社ネクスト,兵庫県,尼崎市,昭和南通６丁目１３４清国ビル４０６号,6600882
7140001089475,株式会社長谷川工業,兵庫県,尼崎市,西長洲町２丁目１４番８号,6600805
7140001089483,株式会社Ｙ２コーポレーション,兵庫県,尼崎市,若王寺２丁目１５番１７号,6610974
7140001089905,株式会社カワゾエサービス,兵庫県,尼崎市,長洲本通２丁目８番３３号,6600803
7140001090111,株式会社金蘭之契,兵庫県,尼崎市,長洲中通２丁目３番４号,6600802
7140001090202,タカホーム株式会社,兵庫県,尼崎市,上坂部３丁目２番８号,6610979
7140001090276,株式会社トリプロ・プラス,兵庫県,尼崎市,潮江１丁目２番６号,6610976
7140001090375,株式会社アルコン・インターナショナル,兵庫県,尼崎市,道意町６丁目２番地の２６ファミール武庫川東９１０号,6600083
7140001090391,株式会社ガラスワンダー,兵庫県,尼崎市,塚口町１丁目５番地の１,6610002
7140001090763,株式会社日開,兵庫県,尼崎市,玄番北之町２６番地の１,6600872
7140001090788,株式会社光精工,兵庫県,尼崎市,長洲西通１丁目１３番２７号,6600807
7140001090953,関西建設工業株式会社,兵庫県,尼崎市,善法寺町８番２５号,6610973
7140001090978,アールアップ株式会社,兵庫県,尼崎市,南竹谷町３丁目６−９−７０７,6600875
7140001091035,ダイシンエンジニアリング株式会社,兵庫県,尼崎市,次屋３丁目３番３９号,6610965
7140001091043,ＰＳｉ株式会社,兵庫県,尼崎市,南初島町１０番１５７号,6600833
7140001091274,株式会社Ｈａｌｕａｎ,兵庫県,尼崎市,塚口町１丁目３１番地の１３,6610002
7140001091308,株式会社玄−ｇｅｎ,兵庫県,尼崎市,東難波町１丁目５番４０−４０７号,6600892
7140001091480,株式会社ＶＥＬＬＡ　ＬＵＣＥ,兵庫県,尼崎市,稲葉元町２丁目３番１−６０８号,6600055
7140001092256,株式会社シェルクリスタル,兵庫県,尼崎市,戸ノ内町４丁目３番１−２１０号,6610961
7140001092628,株式会社サンテック,兵庫県,尼崎市,南塚口町７丁目２９番１１号,6610012
7140001092883,富士土地開発株式会社,兵庫県,尼崎市,東園田町５丁目１８番１号,6610953
7140001092982,株式会社ＨＥＲＯ,兵庫県,尼崎市,西昆陽２丁目１１番１４号,6610047
7140001093147,大日ホールディングス株式会社,兵庫県,尼崎市,金楽寺町１丁目２番６５号,6600806
7140001093188,株式会社メディカルユナイテッド,兵庫県,尼崎市,武庫元町２丁目１２番１号フェルティ武庫元町２０３号,6610043
7140001093345,アカラアイイー株式会社,兵庫県,尼崎市,高田町７−７,6610963
7140001093502,株式会社ソノテック,兵庫県,尼崎市,西難波町２丁目３番３号,6600893
7140001093576,株式会社青島物産,兵庫県,尼崎市,長洲本通１丁目２番１号,6600803
7140001093584,株式会社ＴＡＫＵＭＩ,兵庫県,尼崎市,潮江４丁目２番２号,6610976
7140001093667,株式会社ハートネット,兵庫県,尼崎市,武庫之荘１丁目２番１４−２０２号,6610035
7140001093898,株式会社鹿島工業,兵庫県,尼崎市,西川２丁目１番５号若草ビル１０１号,6610966
7140001094013,株式会社明成電気,兵庫県,尼崎市,昭和通６丁目２０３番地の１,6600881
7140001094070,株式会社あふリズム,兵庫県,尼崎市,塚口町２丁目３４番１１,6610002
7140001094186,第一販売株式会社,兵庫県,尼崎市,北大物町２６番４号,6600804
7140001094401,株式会社トラスト,兵庫県,尼崎市,武庫之荘本町３丁目８番５−３０２号,6610031
7140001094426,株式会社山商,兵庫県,尼崎市,長洲本通１丁目４番２０号２−１,6600803
7140001094509,株式会社美来空間,兵庫県,尼崎市,南竹谷町３丁目６番地の７５,6600875
7140001094624,株式会社マックスコーポレーション,兵庫県,尼崎市,武庫町３丁目１１番３０号ＣＵＢＵ２１１,6610044
7140001094954,アクア株式会社,兵庫県,尼崎市,立花町１丁目２４番１９号,6610025
7140001095192,株式会社カンクマ,兵庫県,尼崎市,杭瀬本町１丁目１３番１５号,6600814
7140001095267,株式会社光興事,兵庫県,尼崎市,東浜町６番地２,6600844
7140001095317,株式会社インシュアランスマネジメント,兵庫県,尼崎市,御園町３５−２Ｆ,6600861
7140001095341,株式会社ナカテック,兵庫県,尼崎市,東難波町１丁目５番４０−３０８号,6600892
7140001095473,株式会社Ｙ’Ｓ　ＧＩＮＧＡ８５,兵庫県,尼崎市,東園田町６丁目１０９番地の１２,6610953
7140001095894,株式会社あすか商事,兵庫県,尼崎市,武庫町３丁目１１番３０−３０８号,6610044
7140001095960,株式会社日本技建功業,兵庫県,尼崎市,稲葉荘２丁目２１番８号,6600064
7140001096190,ＮＡＫＡＮＯ　ＨＯＬＤＩＮＧＳ株式会社,兵庫県,尼崎市,上坂部１丁目２番１−４０９号,6610979
7140001096224,株式会社尼崎自販,兵庫県,尼崎市,武庫之荘３丁目２１番６号,6610035
7140001096331,株式会社アサヒアペックス,兵庫県,尼崎市,東園田町４丁目１１２番地の３,6610953
7140001096348,株式会社アール・ド・ヴィーヴル,兵庫県,尼崎市,神田中通３丁目５６番,6600884
7140001096406,Ｒｅｄｉｅｕｘ株式会社,兵庫県,尼崎市,東塚口町１丁目１４番２号,6610011
7140001096562,株式会社アフェクトフィット,兵庫県,尼崎市,塚口本町６丁目１１番１号,6610001
7140001096570,株式会社なかむら家,兵庫県,尼崎市,長洲西通１丁目３番２５号,6600807
7140001096728,株式会社オフィスオバタ,兵庫県,尼崎市,南塚口町３丁目５番６号,6610012
7140001096819,株式会社クオーレ,兵庫県,尼崎市,塚口町１丁目２２番地の９長光ビル３階,6610002
7140001097593,カツミ建築株式会社,兵庫県,尼崎市,西長洲町２丁目３番１１−４０３号,6600805
7140001097783,株式会社クラウドナイン,兵庫県,尼崎市,西立花町３丁目１６番３２号,6600054
7140001097965,株式会社テロワール,兵庫県,尼崎市,南塚口町６丁目９番１−２０４号,6610012
7140001097998,株式会社廣瀬工業,兵庫県,尼崎市,武庫豊町２丁目１番１９号棟１０４,6610045
7140001098022,株式会社ＮＡＲＴ,兵庫県,尼崎市,小中島１丁目１８番２号,6610972
7140001098212,ファーマパートナーズ株式会社,兵庫県,尼崎市,潮江５丁目４番１９−１５０４号,6610976
7140001098501,株式会社山本工業,兵庫県,尼崎市,南塚口町７丁目１６番１７号,6610012
7140001098807,株式会社石原メディカルリトリート,兵庫県,尼崎市,立花町１丁目９番２４号ソシエ立花ＩＩ１０１号室,6610025
7140001099094,株式会社タクマエナジー,兵庫県,尼崎市,金楽寺町２丁目２番３３号,6600806
7140001099193,株式会社ボーサイテクノ,兵庫県,尼崎市,高田町４−１７吉祥ビル２Ｆ,6610963
7140001099219,翔成産業株式会社,兵庫県,尼崎市,東海岸町１番地１０８,6600843
7140001099367,株式会社アルクレード,兵庫県,尼崎市,潮江５丁目２番１５−１３０７号,6610976
7140001099375,株式会社フォーリーフ,兵庫県,尼崎市,下坂部１丁目４−１７,6610975
7140001099508,株式会社彩,兵庫県,尼崎市,東園田町８丁目１０７番地の１０,6610953
7140001099615,ＴＲＯＩＳ　ＳＯＥＵＲＳ株式会社,兵庫県,尼崎市,常光寺１丁目８番３８号,6600811
7140001099763,株式会社野村工業所,兵庫県,尼崎市,神崎町２２番８号,6610964
7140001099771,株式会社ケーネクスト,兵庫県,尼崎市,浜田町１丁目２９,6600062
7140001100068,パートナリング株式会社,兵庫県,尼崎市,水堂町３丁目１番１７号フリーデ立花２０３号室,6610026
7140001100126,株式会社庄司工作所,兵庫県,尼崎市,若王寺３丁目２８番５号,6610974
7140001100290,株式会社軸屋工業,兵庫県,尼崎市,南武庫之荘４丁目１９番１８−４０２号,6610033
7140001100308,中村興業株式会社,兵庫県,尼崎市,西難波町１丁目１６番１２号,6600893
7140001100340,ＨＲブレイン株式会社,兵庫県,尼崎市,東園田町２丁目１０４番地,6610953
7140001100365,株式会社スチールテックジャパン,兵庫県,尼崎市,神崎町３７番９−２号,6610964
7140001100613,株式会社アーバントライブ,兵庫県,尼崎市,東難波町５丁目８番２６号,6600892
7140001100869,株式会社小園電設,兵庫県,尼崎市,立花町４丁目１２番１２号,6610025
7140001100910,Ｄ−ａｉｒコーポレーション株式会社,兵庫県,尼崎市,尾浜町３丁目２番２８号,6610022
7140001101116,株式会社ワンダーワーカー,兵庫県,尼崎市,武庫之荘１丁目７番１４−１０１号,6610035
7140001101306,株式会社Ｒ,兵庫県,尼崎市,西難波町３丁目３１−８−３Ｆ,6600893
7140001101446,ＷａｖｅＡｒｒａｙｓ株式会社,兵庫県,尼崎市,武庫之荘５丁目４４番９号,6610035
7140001101495,株式会社レイランド,兵庫県,尼崎市,杭瀬本町１丁目１７番１号,6600814
7140001101504,株式会社オーネット,兵庫県,尼崎市,立花町１丁目１０番１７号,6610025
7140001101669,株式会社ＤＯＬＣＥ,兵庫県,尼崎市,名神町３丁目６−３２−１Ｆ,6610021
7140001101842,株式会社青柳建装,兵庫県,尼崎市,上坂部３丁目２６番８号,6610979
7140001101867,株式会社インプロアーク,兵庫県,尼崎市,大島１丁目２６番１２号,6600076
7140001101958,株式会社Ｔ．Ａ．Ｓｕｃｃｅｓｓｉｏｎ,兵庫県,尼崎市,杭瀬南新町２丁目５番１７号,6600822
7140001102048,リューキ工業株式会社,兵庫県,尼崎市,大島３丁目３０番３号,6600076
7140001102254,株式会社シラセ建装,兵庫県,尼崎市,武庫之荘３丁目１０番９号,6610035
7140001102312,株式会社Ｋ＆Ｓ,兵庫県,尼崎市,神田北通４丁目４６番地の１,6600883
7140001102353,株式会社さくらネクステート,兵庫県,尼崎市,浜３丁目３番６号,6610967
7140001102510,株式会社エフビー,兵庫県,尼崎市,武庫元町２丁目１８番８号,6610043
7140001102774,株式会社リューキプランニング,兵庫県,尼崎市,末広町１丁目８番１,6600094
7140001102857,ワイズシステック株式会社,兵庫県,尼崎市,猪名寺２丁目２１番１８号,6610981
7140001102915,トライスター株式会社,兵庫県,尼崎市,武庫之荘３丁目１４番２号,6610035
7140001102972,株式会社Ｔ＆Ｍ商店建築研究所,兵庫県,尼崎市,東本町３丁目１番１号,6600824
7140001103203,株式会社コーセイ,兵庫県,尼崎市,道意町６丁目２９番２号,6600083
7140001103888,株式会社ハイプレ,兵庫県,尼崎市,尾浜町２丁目３６番６号,6610022
7140001104069,株式会社木庭建装,兵庫県,尼崎市,小中島１丁目１９−２,6610972
7140001104218,株式会社ＳＵＮ,兵庫県,尼崎市,立花町１丁目２１番３１−１号,6610025
7140001104242,株式会社西脇エンジニア,兵庫県,尼崎市,水堂町２丁目１０番９号,6610026
7140001104374,株式会社あいびー,兵庫県,尼崎市,武庫之荘２丁目２６−３−２０１,6610035
7140001104408,株式会社エステートりとあい,兵庫県,尼崎市,南塚口町８丁目１３番２６号,6610012
7140001104465,株式会社響デザイン事務所,兵庫県,尼崎市,田能４丁目１７番１３号,6610951
7140001104754,株式会社Ｄ−ＴＲＵＳＴ,兵庫県,尼崎市,塚口本町６丁目１２番１２号,6610001
7140001105059,櫻木工業株式会社,兵庫県,尼崎市,大庄川田町１６番地の９,6600072
7140001105083,株式会社ブルーム,兵庫県,尼崎市,杭瀬北新町３丁目４番３２号,6600815
7140001105216,株式会社勝部建設,兵庫県,尼崎市,武庫町１丁目２４番２２号,6610044
7140001105455,株式会社平山工業,兵庫県,尼崎市,上ノ島町２丁目１１−７,6610014
7140001105587,株式会社ばらんすクリエイション,兵庫県,尼崎市,神田中通４丁目８８番地の２,6600884
7140001105760,株式会社横山工業,兵庫県,尼崎市,長洲東通１丁目３番８号,6600801
7140001105819,株式会社ＣＨＩＬＬ　ＯＵＴ,兵庫県,尼崎市,南塚口町８丁目１８番７号,6610012
7140001106008,株式会社フローラ,兵庫県,尼崎市,御園町３５番マルト尼崎ビル,6600861
7140001106197,株式会社吉永工業,兵庫県,尼崎市,武庫之荘本町２丁目１４番５号,6610031
7140001106230,株式会社松建,兵庫県,尼崎市,食満７丁目１１−１ヴィラレーヴ４０６,6610982
7140001106379,株式会社ＮｅｘｔＡｉｒ,兵庫県,尼崎市,築地２丁目１１番３号,6600858
7140001106940,株式会社マサキ,兵庫県,尼崎市,東園田町５丁目５９番地,6610953
7140001107096,ＫＳＰ株式会社,兵庫県,尼崎市,潮江１丁目４番２−１８０８号,6610976
7140001107328,株式会社イチマルニ,兵庫県,尼崎市,南武庫之荘１丁目１３番１３号,6610033
7140001107451,株式会社ＳＫテック,兵庫県,尼崎市,久々知１丁目１２番１２−３１３号,6610977
7140001107526,株式会社ライジングフォーチュン,兵庫県,尼崎市,塚口町５丁目２３番地の１２,6610002
7140001107575,Ｎ．Ｄ．Ｋ．建設株式会社,兵庫県,尼崎市,水堂町２丁目１５番１５号,6610026
7140001107708,株式会社メテオコーポレーション,兵庫県,尼崎市,水堂町２丁目２９−１８−２,6610026
7140001107732,株式会社うえき自然医療研究所,兵庫県,尼崎市,西難波町３丁目２４番１０号,6600893
7140001107947,株式会社ライフウィズ,兵庫県,尼崎市,上ノ島町１丁目３４番１号,6610014
7140001108169,株式会社ＬＩＥＲＲＥ,兵庫県,尼崎市,南塚口町１丁目２２番１８号,6610012
7140001108301,株式会社ＳＥＮＳＥＳ,兵庫県,尼崎市,武庫之荘西２丁目４９番１６−５０５号,6610034
7140001108367,株式会社ＭＡＨＡＬＯ,兵庫県,尼崎市,武庫町２丁目５番６号,6610044
7140001108508,株式会社星陽,兵庫県,尼崎市,東難波町５丁目８番２０−１０２号,6600892
7140001108615,株式会社尼ト一一ク,兵庫県,尼崎市,東難波町５丁目３番１７号,6600892
7140001108631,株式会社エス空調,兵庫県,尼崎市,猪名寺２丁目１７番７−１０３号,6610981
7140001108697,株式会社仲松工業,兵庫県,尼崎市,東難波町４丁目２０番２０号,6600892
7140001108722,アレーナ株式会社,兵庫県,尼崎市,武庫町１丁目２８番７−３号,6610044
7140001109324,十鳥コンサルティング株式会社,兵庫県,尼崎市,長洲東通２丁目５番３５号,6600801
7140001109431,株式会社ＦＯＳＴＥＲ,兵庫県,尼崎市,東園田町５丁目１８番７号,6610953
7140001109621,株式会社明誠建装,兵庫県,尼崎市,神崎町１−２５,6610964
7140001109737,株式会社ワイズ塗建,兵庫県,尼崎市,大庄中通２丁目６４番１号大林大庄ビル１０２号,6600075
7140001109869,アレスエステート株式会社,兵庫県,尼崎市,大庄西町４丁目２番２４号,6600077
7140001110505,株式会社立花松樹園,兵庫県,尼崎市,西立花町２丁目５番８−１１３号,6600054
7140001110587,株式会社クローバーエステート,兵庫県,尼崎市,久々知１丁目１５番３３号,6610977
7140001110711,株式会社ＳＩプロパティ,兵庫県,尼崎市,大庄中通５丁目７番地の１２,6600075
7140001110991,株式会社サカベ工業,兵庫県,尼崎市,下坂部２丁目７番８号,6610975
7140001111180,株式会社ｔｈｒｅｅ　Ｈ　ｇｉｏ,兵庫県,尼崎市,富松町４丁目３３番１０号,6610003
7140001111255,株式会社アクロスホーム,兵庫県,尼崎市,武庫之荘２丁目１番８号１０２,6610035
7140001111379,株式会社Ｓ．Ｓコーポレーション,兵庫県,尼崎市,立花町４丁目２番１２号,6610025
7140001111560,株式会社宇仁貫次商店,兵庫県,尼崎市,東難波町５丁目１７番２６号,6600892
7140001111924,株式会社ＳＡＫＵＲＡ和装,兵庫県,尼崎市,大庄西町１丁目１４番２７−２０２号,6600077
7140001112088,株式会社律心,兵庫県,尼崎市,杭瀬南新町４丁目６番１６号,6600822
7140001112187,株式会社イノセンスマイル,兵庫県,尼崎市,建家町１１６番地１Ｆ,6600871
7140001112559,株式会社ｌａ・ｍｅｒｅラ・メール,兵庫県,尼崎市,武庫之荘１丁目１９番１２号,6610035
7140001112600,琉球ファーマシー株式会社,兵庫県,尼崎市,御園町２４番地尼崎第一ビル４０２,6600861
7140001112625,株式会社弘コーポレーション,兵庫県,尼崎市,稲葉荘４丁目６番３号ツゥエルブイナバソウ２０Ｄ,6600064
7140001112708,株式会社Ｌｉｂｅｒｔｙ,兵庫県,尼崎市,水堂町２丁目５番１２号,6610026
7140001112798,株式会社ＨＡＲＵＫＡ,兵庫県,尼崎市,南武庫之荘１丁目２３番１３号,6610033
7140001113111,株式会社エルシーエル不動産,兵庫県,尼崎市,南塚口町８丁目１２番９号,6610012
7140001113391,令和国際株式会社,兵庫県,尼崎市,東難波町５丁目１９番２３−２０６号,6600892
7140001113524,株式会社大木健至,兵庫県,尼崎市,上坂部３丁目８番２６号,6610979
7140001113986,大山建設工業株式会社,兵庫県,尼崎市,神田南通３丁目５９番地,6600885
7140001114027,株式会社初音インターナショナル,兵庫県,尼崎市,上坂部２丁目１５番１３号,6610979
7140001114175,ＨＩＴＳ株式会社,兵庫県,尼崎市,久々知３丁目６番１５号,6610977
7140001114233,株式会社にゃんこホーム,兵庫県,尼崎市,塚口本町１丁目３１−３,6610001
7140001114464,株式会社庭屋,兵庫県,尼崎市,武庫之荘本町１丁目１７番１２号,6610031
7140001114480,Ｈｏｍｅ　Ｂｅａｒ株式会社,兵庫県,尼崎市,昭和通５丁目１６４番３号阪尼ビル３階,6600881
7140001114522,仁和株式会社,兵庫県,尼崎市,東園田町８丁目１０２番地の７,6610953
7140001114563,株式会社ＭＫＫ,兵庫県,尼崎市,武庫之荘８丁目１８番２０号,6610035
7140001114613,株式会社鴻成,兵庫県,尼崎市,杭瀬南新町４丁目１６番２７号,6600822
7140001114745,株式会社阪神アトラス,兵庫県,尼崎市,元浜町１丁目２６番地の１アルス武庫川パークランド１０４号,6600085
7140001114860,株式会社北島,兵庫県,尼崎市,南塚口町３丁目２０番５号,6610012
7140001114927,ＥＬＥＣ株式会社,兵庫県,尼崎市,上坂部１丁目２番２−１３２９,6610979
7140001114935,Ｗｉ防災株式会社,兵庫県,尼崎市,南武庫之荘３丁目５番１４−３０４号,6610033
7140001115025,株式会社マエカワホールディングス,兵庫県,尼崎市,東園田町８丁目１０８番地の１０ケリーマンション１０１,6610953
7140001115116,株式会社アマボウ,兵庫県,尼崎市,三反田町２丁目１７番２７号,6610024
7140001115231,株式会社Ｒ　Ｓｔ．,兵庫県,尼崎市,西難波町５丁目８番１４号,6600893
7140001115314,ＡＮＹＴＨＩＮＧ株式会社,兵庫県,尼崎市,東難波町５丁目８番２６号リアライズ尼崎９Ａ号室,6600892
7140001115330,株式会社Ａｍａｙｚ,兵庫県,尼崎市,昭和通４丁目１１７エスティ尼崎ビル６０３,6600881
7140001115405,株式会社プロステージ,兵庫県,尼崎市,東園田町８丁目１０７番地の２０,6610953
7140001115413,Ｌａｙｄｏｃｋ株式会社,兵庫県,尼崎市,下坂部２丁目１７番６号,6610975
7140001115504,Ａｍａｚｉｎｇ　Ｖｉｌｌａｇｅ株式会社,兵庫県,尼崎市,瓦宮２丁目２番２７,6610971
7140001115537,株式会社ここにある,兵庫県,尼崎市,杭瀬南新町４丁目１６−３３ｈｒｄ３,6600822
7140001115719,Ｄａｉｓｈｉｎ　Ｐ＆Ｔ株式会社,兵庫県,尼崎市,道意町７丁目６番地,6600083
7140001115818,株式会社シャンコート,兵庫県,尼崎市,御園３丁目３番２０号,6610984
7140001115834,晃和創産株式会社,兵庫県,尼崎市,善法寺町２３番２７号,6610973
7140001115990,株式会社ＮＴサービス,兵庫県,尼崎市,御園町２７番地の３さきタワーサンクタス尼崎駅前１９０５,6600861
7140001116114,株式会社アズマラス工業,兵庫県,尼崎市,額田町１８番９号,6610962
7140001116130,株式会社オフィスＲＵＮ,兵庫県,尼崎市,東園田町４丁目１１２番地の３,6610953
7140001116626,株式会社Ｓｏｗｅｒｓ,兵庫県,尼崎市,御園町２４尼崎第一ビル２０６号室,6600861
7140001116717,かわしま商店株式会社,兵庫県,尼崎市,南武庫之荘８丁目３番１８号,6610033
7140001116774,株式会社センチュリー,兵庫県,尼崎市,東難波町５丁目１１−１９東難波佐野マンション１階北号室,6600892
7140001117178,Ｄ−Ｓｙｎｅｒｇｙ株式会社,兵庫県,尼崎市,大西町３丁目２番２９号,6610023
7140001117186,株式会社Ｌ’ｅａｕ,兵庫県,尼崎市,道意町１丁目１番地,6600083
7140001117194,株式会社ＴＲＡＮＨＩＬＬＳ,兵庫県,尼崎市,富松町１丁目４３番８号−３０４号,6610003
7140001117260,株式会社伊木熔工所,兵庫県,尼崎市,戸ノ内町５丁目８番１号,6610961
7140001117351,株式会社ハイブルーム,兵庫県,尼崎市,戸ノ内町３丁目６番４号,6610961
7140001117632,株式会社ライフイノベーション,兵庫県,尼崎市,開明町２丁目４１番地の１,6600862
7140001117847,株式会社ＭＩＲＥ　ＪＡＰＡＮ,兵庫県,尼崎市,蓬川町４番地の１１,6600081
7140001117896,株式会社ポラリス,兵庫県,尼崎市,七松町１丁目９番２号,6600052
7140001117954,株式会社Ｋ−ＮＥＸ,兵庫県,尼崎市,南武庫之荘９丁目１７−１７−２１５,6610033
7140001118028,株式会社Ｌｉｅｎ,兵庫県,尼崎市,常光寺２丁目１番１０−４０３号,6600811
7140001118218,塚口雑貨株式会社,兵庫県,尼崎市,塚口町１丁目２番４号,6610002
7140001118341,株式会社繕翔,兵庫県,尼崎市,下坂部４丁目５番１号,6610975
7140001118556,ランドマークマネジメント株式会社,兵庫県,尼崎市,富松町４丁目３３番５号,6610003
7140001118597,株式会社リクラフト,兵庫県,尼崎市,南塚口町６丁目４番１２号,6610012
7140001118894,株式会社松原通,兵庫県,尼崎市,塚口町２丁目１３番地の１０−２,6610002
7140001119001,株式会社北摂会,兵庫県,尼崎市,長洲西通１丁目１５番１９号,6600807
7140001119075,株式会社グロリア,兵庫県,尼崎市,金楽寺町２丁目３５番１５号,6600806
7140001119199,市本電気株式会社,兵庫県,尼崎市,富松町３丁目２０番３６−３号,6610003
7140001119380,是是株式会社,兵庫県,尼崎市,潮江５丁目３番１−３０１号,6610976
7140001119414,株式会社ちりもん,兵庫県,尼崎市,武庫之荘１丁目３４番１１号,6610035
7140001119463,プレミアホーム株式会社,兵庫県,尼崎市,南塚口町５丁目１５番１０号甲東プラザ１階,6610012
7140001119505,ＲＯＹＡＬ　ＧＬＯＢＡＬ　ＤＩＶＩＮＥ　ＨＯＬＤＩＮＧＳ　ＡＮＤ　ＤＥＶＥＬＯＰＭＥＮＴ　ＪＡＰＡＮ株式会社,兵庫県,尼崎市,上ノ島町１丁目２番１２−４０２号,6610014
7140001119562,株式会社園田工業,兵庫県,尼崎市,小中島１丁目１７番１９号,6610972
7140001119744,株式会社ｉＮＥＸＴ,兵庫県,尼崎市,塚口本町２丁目２番２０号,6610001
7140001119802,Ｔｏｔａｌ　Ｐｒｏｄｕｃｅ株式会社,兵庫県,尼崎市,東園田町４丁目１５９番地の１６フォルトゥーナ園田１０１号,6610953
7140001119868,株式会社ＡＲＩＥＴＴＡ　ＡＲＣＨＩＴＥＣＴＳ,兵庫県,尼崎市,塚口本町２丁目６番１６号,6610001
7140001119876,鐘ケ江土木設備株式会社,兵庫県,尼崎市,大庄北４丁目１１番１１号,6600063
7140001119918,ａｔｍａｎふるさとインキュベーション株式会社,兵庫県,尼崎市,長洲本通１丁目４番１号,6600803
7140001120132,株式会社ＴＡＭＵ,兵庫県,尼崎市,東難波町３丁目１９番地１７天馬ビル・３階,6600892
7140001120388,株式会社Ｏｖｅｒａｌｌ,兵庫県,尼崎市,久々知２丁目２６番１２号,6610977
7140001120495,株式会社Ｄ．Ｄ．Ｐ,兵庫県,尼崎市,道意町６丁目２８番１６号,6600083
7140001120636,ユウシン地所株式会社,兵庫県,尼崎市,武庫之荘東１丁目２６番１３号,6610032
7140001120801,株式会社カイタクホーム,兵庫県,尼崎市,小中島１丁目１７番１４−１０２号,6610972
7140001120842,株式会社中村コンサルティング,兵庫県,尼崎市,長洲本通２丁目２番１号ながすダンダンハウス５０１号室,6600803
7140001121031,株式会社わかくさ,兵庫県,尼崎市,南清水３６番１−４３２号,6610985
7140001121155,スターリンク株式会社,兵庫県,尼崎市,額田町１７番１−１Ａ,6610962
7140001121279,株式会社ＲＯＯＴＳ,兵庫県,尼崎市,東七松町１丁目１５番５号,6600051
7140001121436,株式会社エフエムホーム兵庫,兵庫県,尼崎市,名神町２丁目１９番２５号,6610021
7140001121709,３２８ＫＥＮＺＡＩ株式会社,兵庫県,尼崎市,東難波町５丁目５番１０号,6600892
7140001121790,株式会社綱興業,兵庫県,尼崎市,名神町３丁目４番２１号,6610021
7140001121824,ＫＨＴ株式会社,兵庫県,尼崎市,東難波町３丁目６番２号,6600892
7140001121865,株式会社古賀電気工業,兵庫県,尼崎市,東園田町３丁目５９番地の３,6610953
7140001121898,株式会社コーナンＨＤ,兵庫県,尼崎市,御園町２４番地尼崎第一ビル４０２号,6600861
7140001122062,Ｇｅｎｅｒａｌ　Ｓｅｒｖｉｃｅ株式会社,兵庫県,尼崎市,東園田町５丁目８番４−１０号,6610953
7140001122310,株式会社Ａ−ＬＥＡＰ,兵庫県,尼崎市,武庫之荘５丁目３２番１４号,6610035
7140001122392,ＰＭビジネスソリューションズ株式会社,兵庫県,尼崎市,塚口町５丁目２１番地の１,6610002
7140001122491,株式会社レイス,兵庫県,尼崎市,神崎町１２番３１号,6610964
7140001123408,株式会社Ｋ−ｆａｃｔｏｒｙ,兵庫県,尼崎市,西川２丁目２０−３１,6610966
7140001123572,株式会社アクティブ建物プラン,兵庫県,尼崎市,東園田町９丁目２５番地の８,6610953
7140001123688,株式会社ＮＯＢＩ　ＮＯＢＩ,兵庫県,尼崎市,神田北通４丁目５６番地エトワール尼崎１Ｆ,6600883
7140001123754,Ｓａｇｏ　ＮＭＧ株式会社,兵庫県,尼崎市,浜田町２丁目４９番地の３,6600062
7140001123770,株式会社歩和,兵庫県,尼崎市,西立花町２丁目５番２６号,6600054
7140001123845,メディカルキャピタル株式会社,兵庫県,尼崎市,御園町２４番地尼崎第一ビル４０２号,6600861
7140001123878,株式会社ＳＮＣカンパニー,兵庫県,尼崎市,杭瀬本町１丁目８−８−２０１,6600814
7140001123903,株式会社＿建,兵庫県,尼崎市,杭瀬南新町２丁目１番１２号,6600822
7140001124067,イーファス株式会社,兵庫県,尼崎市,塚口本町３丁目２２番６号,6610001
7140001124100,株式会社ＨＬＣ’Ｓ,兵庫県,尼崎市,杭瀬本町１丁目１０番１０号,6600814
7140001124249,株式会社フェリスタ,兵庫県,尼崎市,塚口町１丁目２９番地の２,6610002
7140001124273,株式会社中西左官,兵庫県,尼崎市,上ノ島町３丁目２６−１９−３,6610014
7140001124298,株式会社Ｌａ　Ｎａｕｔｉｃａ,兵庫県,尼崎市,南武庫之荘１丁目１１番３号ハイズコート武庫之荘１０５,6610033
7140001124331,株式会社トーシンサポート,兵庫県,尼崎市,水堂町４丁目６番８号,6610026
7140001124447,丸山工業株式会社,兵庫県,尼崎市,三反田町２丁目１８番１−６０１号,6610024
7140001124579,株式会社雅屋,兵庫県,尼崎市,栗山町２丁目１７番１号３０２,6610013
7140001124802,株式会社ＲＥ,兵庫県,尼崎市,水堂町１丁目４−３,6610026
7140001124851,株式会社ＡＫＩＲＥ,兵庫県,尼崎市,浜田町１丁目２３−１,6600062
7140001125107,株式会社関通ビジネスサービス,兵庫県,尼崎市,西向島町１１１番地の４,6600857
7140001125131,株式会社アスエスタ,兵庫県,尼崎市,西御園町１１９番地３第一寺町ビル５階,6600868
7140001125271,月羽エレック株式会社,兵庫県,尼崎市,田能３丁目２番２６号,6610951
7140001125362,株式会社オネスト,兵庫県,尼崎市,琴浦町７３−１号,6600074
7140001125379,株式会社ＩＳＭ,兵庫県,尼崎市,崇徳院２丁目１６４番地の６ＧＴレジデンス１号室,6600071
7140001125461,イワネ産業株式会社,兵庫県,尼崎市,次屋１丁目７番１２号,6610965
7140001125536,株式会社Ｔｒａｓｔｉｃ．Ｆ,兵庫県,尼崎市,善法寺町２３番１６号,6610973
7140001125560,株式会社ユーケーユー,兵庫県,尼崎市,水堂町２丁目３７番１号,6610026
7140001125635,株式会社ＷａｇｅｉＢｏｘ,兵庫県,尼崎市,武庫町２丁目５−６リフォレ１０３号,6610044
7140001125668,プライムパートナーズ株式会社,兵庫県,尼崎市,御園町２４番地尼崎第一ビル４０２号,6600861
7140001125684,株式会社Ｎｉｔｗ,兵庫県,尼崎市,北竹谷町１丁目５−４鶴田マンション１０１,6600878
7140001125734,株式会社ガーネット,兵庫県,尼崎市,西難波町５丁目１番７号２０２,6600893
7140001125791,株式会社エスシーエー,兵庫県,尼崎市,南塚口町５丁目１５番１０号甲東プラザ１０６号,6610012
7140001125890,株式会社田野電化,兵庫県,尼崎市,若王寺２丁目１番１１号,6610974
7140001126039,株式会社Ｖｅｃｔｏｒａｎｅ,兵庫県,尼崎市,大島１丁目２４−５２−１Ｆ,6600076
7140001126518,株式会社森田製作所,兵庫県,尼崎市,下坂部３丁目２１番１５号,6610975
7140001126542,株式会社美夜組,兵庫県,尼崎市,上ノ島町１丁目３７番１−５０２号,6610014
7140001126550,株式会社セイワ,兵庫県,尼崎市,名神町１丁目１０番３−２０１号,6610021
7140001126757,株式会社ソルレジャパン,兵庫県,尼崎市,神田中通６丁目２３１番地の２,6600884
7140001126798,株式会社ビーフラット,兵庫県,尼崎市,立花町２丁目２１番４号若松マンション１０４,6610025
7140001126872,株式会社ユーアート,兵庫県,尼崎市,戸ノ内町３丁目１９番７号,6610961
7140001126880,ライズトラスト株式会社,兵庫県,尼崎市,塚口町２丁目２番５号メゾン塚口１３号,6610002
7140001127004,株式会社ＭＧ設備,兵庫県,尼崎市,額田町１８番１−６１４号,6610962
7140001127086,株式会社永玉,兵庫県,尼崎市,水堂町１丁目１番４号,6610026
7140001127152,株式会社金一,兵庫県,尼崎市,東難波町５丁目８番２６号,6600892
7140001127202,あるくを考える株式会社,兵庫県,尼崎市,開明町３丁目６−４Ｅ２,6600862
7140001127227,君洋株式会社,兵庫県,尼崎市,西難波町４丁目６番２６号ＺＥＲＯビル４Ａ号室,6600893
7140001127433,株式会社バンブーボスコ,兵庫県,尼崎市,武庫之荘１丁目１４番１５−１号,6610035
7140001127722,ダンケシェーン株式会社,兵庫県,尼崎市,昭和通４丁目１１７番地３階,6600881
7140001127805,株式会社Ｆｕｎｃｔｉｏｎ,兵庫県,尼崎市,南武庫之荘２丁目７番１０号ピノ武庫之荘１階,6610033
7140001127813,株式会社坂田商事,兵庫県,尼崎市,東桜木町３７番地,6600864
7140001127879,株式会社Ｏｈａｎａ,兵庫県,尼崎市,武庫町３丁目１５番２１号,6610044
7140001127912,株式会社ＳＫ工業,兵庫県,尼崎市,金楽寺町２丁目２０番４８号,6600806
7140001128308,株式会社ＫＭＲ,兵庫県,尼崎市,神崎町３０−６,6610964
7140001128654,株式会社花ｉｃｈｉｂａ,兵庫県,尼崎市,神田中通５丁目２０３番１１号,6600884
7140001128662,株式会社トォル,兵庫県,尼崎市,次屋３丁目６番４４号,6610965
7140001128786,株式会社伸栄,兵庫県,尼崎市,立花町３丁目４番３２号Ａ号地,6610025
7140001128794,株式会社Ｐ’ＣＯＬＯＲＳ,兵庫県,尼崎市,次屋１丁目９−３０,6610965
7140001128910,Ｒ．Ｃホーム株式会社,兵庫県,尼崎市,東塚口町１丁目４番１２号プチ塚口１０２号室,6610011
7140001128927,株式会社ＦＮ工業,兵庫県,尼崎市,塚口本町３丁目３２番２０−６０２,6610001
7140001129280,株式会社ＰＦ,兵庫県,尼崎市,七松町１丁目１３番１２号３０５,6600052
7140001129363,株式会社ミノタス,兵庫県,尼崎市,立花町４丁目３番２２号,6610025
7140001129438,株式会社キャトル,兵庫県,尼崎市,東難波町５丁目１２番１２−１号,6600892
7140001129462,株式会社Ａｌｌｆｏｒｐｅ,兵庫県,尼崎市,北大物町１３番２１号,6600804
7140001129644,株式会社Ｙ‐ＦＬＯＷ，Ｓ,兵庫県,尼崎市,元浜町４丁目２３番地の２ＵＳＭＯＲＥ元浜３号,6600085
7140001129693,株式会社マイレボリューション,兵庫県,尼崎市,七松町１丁目９番５−１１０３号,6600052
7140001129776,株式会社いちろ,兵庫県,尼崎市,東難波町５丁目２８番２９号宝満会館ビル３階,6600892
7140001129842,株式会社ＧＲＯＷ　ＵＰ,兵庫県,尼崎市,名神町３丁目１５番４号,6610021
7140001130098,株式会社ＯＩＫＡＷＡ計量事務所,兵庫県,尼崎市,塚口本町２丁目７−１５−１０１,6610001
7140001130189,株式会社ｓａｃｈｉｍａｓｕ,兵庫県,尼崎市,小中島１丁目２１番９号ルナビル園田２０１,6610972
7140001130271,フィービー商事株式会社,兵庫県,尼崎市,西長洲町２丁目３６−７,6600805
7140001130420,株式会社Ｎａｔｕｒａｌ　Ｌｉｆｅ,兵庫県,尼崎市,武庫元町１丁目１３番１２号２０３,6610043
7140001130528,株式会社ＳＲＨ,兵庫県,尼崎市,東園田町４丁目１０１番地の７ナイトービル,6610953
7140001130536,オールスターキャスト株式会社,兵庫県,尼崎市,神田南通６丁目１８４番地１Ｆ,6600885
7140001130569,株式会社モアベル,兵庫県,尼崎市,尾浜町３丁目２９番１７号１Ｆ,6610022
7140001130734,ＧＲ‐ＦＲＯＮＴＩＥＲ株式会社,兵庫県,尼崎市,昭和通５丁目１６４番３号,6600881
7140001130924,株式会社ＳＭＤ,兵庫県,尼崎市,塚口本町３丁目１６番１４号,6610001
7140001131195,株式会社ｆｏｒｔｕｎａ,兵庫県,尼崎市,長洲西通１丁目１６番１１号,6600807
7140001131204,株式会社ベリースター,兵庫県,尼崎市,稲葉荘２丁目１４番２７号,6600064
7140001131518,株式会社ＥＲＫ,兵庫県,尼崎市,西立花町１丁目３番１２号,6600054
7140001131567,株式会社Ｒａｙ工業,兵庫県,尼崎市,南武庫之荘９丁目１４番４号,6610033
7140001131609,株式会社Ｋｉｎｇｓｍａｎ,兵庫県,尼崎市,西立花町２丁目３−５プレセアンス立花３０１,6600054
7140001131682,株式会社Ｍ’ｓ　Ｃｏｍｐａｎｙ,兵庫県,尼崎市,塚口町１丁目２５番地の１３クレオ塚口２０２号,6610002
7140001131708,林商事株式会社,兵庫県,尼崎市,北城内５９番地の３,6600826
7140001131740,株式会社大倉工業,兵庫県,尼崎市,大庄北４丁目３番１−６１１号,6600063
7140001132177,株式会社大瀬組重量,兵庫県,尼崎市,長洲東通３丁目５番１０号Ｃ２０１号,6600801
7140001132318,株式会社Ｖａｒｉｏｕｓ,兵庫県,尼崎市,東七松町１丁目９番４号Ｂ,6600051
7140001132648,株式会社大雅ホールディングス,兵庫県,尼崎市,大浜町２丁目３０番地,6600095
7140001132680,株式会社図門,兵庫県,尼崎市,東園田町５丁目４６番地の１０,6610953
7140001132697,株式会社ＨＩＢＩＫＩ,兵庫県,尼崎市,浜田町３丁目８７番地の２,6600062
7140001132755,株式会社メディアジャパン,兵庫県,尼崎市,若王寺１丁目２２−５アート尼崎若王寺４０１,6610974
7140001132838,株式会社ｓｍｉｌｅ,兵庫県,尼崎市,食満３丁目４−１０,6610982
7140001132854,株式会社あいいち,兵庫県,尼崎市,西昆陽１丁目１番１０号,6610047
7140001133035,株式会社トレック,兵庫県,尼崎市,武庫之荘本町３丁目６番６−５０２号,6610031
7140001133274,株式会社ＭＫＯ,兵庫県,尼崎市,西昆陽１丁目８−２,6610047
7140001133290,ＳＩＯＮ株式会社,兵庫県,尼崎市,塚口町１丁目３２番地の９塚口コーポラス２０１,6610002
7140001133514,ＣＳＣ株式会社,兵庫県,尼崎市,塚口町３丁目２６番２−３０２号,6610002
7140001133729,株式会社くるみ,兵庫県,尼崎市,浜３丁目１番３６号１Ｆ,6610967
7140001133976,ケイ・ファースト株式会社,兵庫県,尼崎市,戸ノ内町５丁目８番１５号,6610961
7140001134108,株式会社ＬＡＷＳＡＮＣＥ,兵庫県,尼崎市,東七松町１丁目１４番１号ピオーネ東七松Ａ棟２０３,6600051
7140001134124,禾西株式会社,兵庫県,尼崎市,尾浜町１丁目３１番２６号,6610022
7140001134553,株式会社エヌプラス,兵庫県,尼崎市,東難波町４丁目４番１７号ニットー東難波２Ｆ,6600892
7140001134611,株式会社Ｋａｗａｓａｋｉ　Ｅｌｅｃｔｒｉｃ,兵庫県,尼崎市,武庫町１丁目３３−２４,6610044
7140001134669,株式会社エイメイ工業,兵庫県,尼崎市,塚口本町３丁目２６番１５号,6610001
7140001134859,武林株式会社,兵庫県,尼崎市,杭瀬北新町３丁目４番３３号,6600815
7140001134867,株式会社サンフィールド,兵庫県,尼崎市,武庫元町２丁目１６番１３−２０６号,6610043
7140001134917,株式会社エノケン,兵庫県,尼崎市,南塚口町５丁目１４番１９号,6610012
7140001135031,株式会社ＴｏｋｅｉＭｅｄｉｃ,兵庫県,尼崎市,東園田町４丁目１４８−５,6610953
7140001135114,株式会社ｐｈａｒｅ,兵庫県,尼崎市,武庫川町４丁目８２番地の２,6600084
7140001135320,株式会社ＭＩＮＩＣＯ,兵庫県,尼崎市,塚口町６丁目６３番２２号サンユウビル１階,6610002
7140001135329,株式会社リバーサイド,兵庫県,尼崎市,稲葉荘２丁目２番２０号プレセアンス稲葉荘５号室,6600064
7140001135378,株式会社ＭＢ,兵庫県,尼崎市,名神町３丁目８番１０号,6610021
7140001135659,株式会社Ｔ＆Ｆ,兵庫県,尼崎市,田能２丁目２番８−２０１号,6610951
7140001135997,株式会社Ｎｓｅｎｓｅ,兵庫県,尼崎市,南武庫之荘３丁目１７番１９号,6610033
7140001136070,株式会社ＮＡＴＳＵ,兵庫県,尼崎市,御園２丁目７番１７号,6610984
7140001136434,株式会社ソレイユ,兵庫県,尼崎市,七松町３丁目２２番１４号,6600052
7140001136839,株式会社ＨＥＨ,兵庫県,尼崎市,大庄北２丁目２番１号,6600063
7140001136921,グリーンテクノロジー株式会社,兵庫県,尼崎市,崇徳院１丁目７番地の２,6600071
7140001137003,株式会社Ｒｅｐｌｕｓ,兵庫県,尼崎市,南武庫之荘１丁目１７番１号クロスグリーン３号室,6610033
7140001137135,ＳＦＫＳ００６株式会社,兵庫県,尼崎市,南武庫之荘３丁目２４番２０号,6610033
7140001137333,株式会社Ｐａｂｅｌｌ,兵庫県,尼崎市,常光寺２丁目６番５８号,6600811
7140001137366,六菱株式会社,兵庫県,尼崎市,神田北通４丁目１０３−３,6600883
7140001137465,株式会社Ｗｉｎ,兵庫県,尼崎市,善法寺町１０番５号,6610973
7140001137507,ＱＵＥＥＮ　ＣＬＥＡＮＥＲＳ株式会社,兵庫県,尼崎市,昭和南通３丁目１２番地の２,6600882
7140001137630,株式会社Ｊｕｎ．,兵庫県,尼崎市,昭和通２丁目１０−１,6600881
7140001137647,株式会社下原築炉,兵庫県,尼崎市,南武庫之荘４丁目３番６−２号,6610033
7140001137894,株式会社みやけ商会,兵庫県,尼崎市,東難波町４丁目１７−２１,6600892
7140001137985,株式会社ＳｔｏｒｅＧｒｏｗ,兵庫県,尼崎市,武庫の里２丁目３番２号,6610041
7140001138026,株式会社ＮＥＸＴＡＲ,兵庫県,尼崎市,鶴町７番地の８,6600092
7140001138042,ウェブデザインえの株式会社,兵庫県,尼崎市,塚口町５丁目３３番地の１,6610002
7140001138059,株式会社えほんやま,兵庫県,尼崎市,南武庫之荘７丁目１０番１８−３０５号,6610033
7140001138240,株式会社アシスト,兵庫県,尼崎市,神田南通２丁目４３番地の２,6600885
7140001138380,株式会社ＯＭＣ,兵庫県,尼崎市,東園田町２丁目１１０番地,6610953
7140001138389,株式会社北野設備工業,兵庫県,尼崎市,大庄北３丁目２７番２７−４０７号,6600063
7140001138678,株式会社ｅｇｇ,兵庫県,尼崎市,竹谷町３丁目８９番地４,6600876
7140001138827,株式会社Ｅ‐アクト,兵庫県,尼崎市,神崎町４５番６号,6610964
7140001138843,株式会社ＡＰＥＸ,兵庫県,尼崎市,道意町２丁目２２番地,6600083
7140001138959,消防ネット株式会社,兵庫県,尼崎市,西川２丁目４番１７号,6610966
7140001139206,株式会社ラクリ,兵庫県,尼崎市,武庫之荘１丁目２−４メゾンロイヤル武庫之荘２０１,6610035
7140001139214,株式会社まごころ良品店,兵庫県,尼崎市,西昆陽２丁目９番１号２０２３,6610047
7140001139841,美代志興業株式会社,兵庫県,尼崎市,神田中通３丁目９４番地,6600884
7140001139882,株式会社ツルノ,兵庫県,尼崎市,額田町１６番１３号サンガーデンフクダＡ棟１０１号室,6610962
7140001140238,株式会社Ｒｅｌｉｓ,兵庫県,尼崎市,久々知西町１丁目１０番１６号,6610978
7140001140262,株式会社シースリー,兵庫県,尼崎市,大庄中通１丁目１番地,6600075
7140001140568,株式会社電創,兵庫県,尼崎市,南竹谷町３丁目３番地,6600875
7140001140675,株式会社Ｎラボ,兵庫県,尼崎市,北城内８８−１０５−４０５,6600826
7140001140741,株式会社ＲＥＩＷＡ,兵庫県,尼崎市,東本町３丁目１９番地の２ザカラー東本町Ｂ棟１０１,6600824
7140001140774,株式会社ＪＰＲ,兵庫県,尼崎市,崇徳院３丁目５２−２,6600071
7140001140956,武庫不動産株式会社,兵庫県,尼崎市,武庫之荘１丁目５番１１号,6610035
7140001141211,株式会社ウェルネクサス,兵庫県,尼崎市,西難波町４丁目６−３０−２１３,6600893
7140001141327,エモベーレ株式会社,兵庫県,尼崎市,尾浜町１丁目１３番２２号,6610022
7140001141731,株式会社ＫＥＩ,兵庫県,尼崎市,崇徳院２丁目１６４番地３−Ａ１,6600071
7140001141871,株式会社ＢＩＧ　ＡＬ,兵庫県,尼崎市,次屋３丁目７番３号,6610965
7140001142044,株式会社鐵屋,兵庫県,尼崎市,田能５丁目３番８号,6610951
7140001142390,株式会社Ｈｉｌｌｓ　ｄｏｏｒ,兵庫県,尼崎市,長洲西通１丁目１番１０号ＪＲ尼崎駅前南西ビル,6600807
7140002040313,株式会社オガワ建工,兵庫県,尼崎市,西大物町１１番３８号,6600827
7140002042887,株式会社Ｙｏｎｅｍｏｒｉ,兵庫県,尼崎市,東園田町９丁目１５番地の１８,6610953
7140002043472,株式会社エス・シン,兵庫県,尼崎市,次屋２丁目２４番９号,6610965
7140002044883,株式会社ジャストコーポレーション,兵庫県,尼崎市,尾浜町３丁目２−２３,6610022
7140002045304,株式会社ヤジマ建設,兵庫県,尼崎市,神崎町１５番１２号,6610964
7140002045312,株式会社ナカニシ,兵庫県,尼崎市,南塚口町６丁目６番２０−２号,6610012
7140002045469,株式会社大辰,兵庫県,尼崎市,大西町３丁目２番２９号,6610023
7140002045725,株式会社秀和,兵庫県,尼崎市,昭和南通４丁目５２番地,6600882
7140002063751,誠和株式会社,兵庫県,尼崎市,塚口本町６丁目８番１８号,6610001
7140003006817,株式会社ＯＮ,兵庫県,尼崎市,久々知２丁目１４番５号,6610977
7140003013111,株式会社春川,兵庫県,尼崎市,塚口本町３丁目２２番９−１Ｆ,6610001
7150001003006,ヤマトマシンテック株式会社,兵庫県,尼崎市,次屋２丁目１番８号,6610965
7230001018607,ゴールドラッシュ株式会社,兵庫県,尼崎市,南武庫之荘３丁目２９−１０,6610033
7460001001960,らんふあん株式会社,兵庫県,尼崎市,南武庫之荘１丁目１７番１号,6610033
8011101100886,ＴＡＲＩＮＯＦ株式会社,兵庫県,尼崎市,潮江１丁目１１番１号,6610976
8011201018632,株式会社ＬＩＢ,兵庫県,尼崎市,御園１丁目２番２８号,6610984
8011601011583,株式会社パルタス,兵庫県,尼崎市,汐町５８番地１Ｆ,6600866
8011601014446,株式会社教育システム研究所,兵庫県,尼崎市,稲葉荘２丁目７番５号,6600064
8013301029955,株式会社アドバンス,兵庫県,尼崎市,南初島町１０番１４号２Ｄ号室,6600833
8013301053823,ＯＮＥ　ＯＦ　Ａ　ＫＩＮＤ株式会社,兵庫県,尼崎市,水堂町３丁目３番２０号,6610026
8020001090428,日本エコテクノ株式会社,兵庫県,尼崎市,西長洲町１丁目１番４５号,6600805
8020001159743,株式会社ケアワーク,兵庫県,尼崎市,南初島町１０−１４リバーハイツ４１６号,6600833
8020002051164,ひかり商事関西株式会社,兵庫県,尼崎市,南塚口町８丁目４０番１０号,6610012
8120001000715,大奉産業株式会社,兵庫県,尼崎市,長洲西通２丁目１番１号,6600807
8120001024383,株式会社ＪＲ西日本コネクト,兵庫県,尼崎市,潮江１丁目２番１２号ＪＲ尼崎駅北ＮＫビル４階,6610976
8120001029300,大東陸運株式会社,兵庫県,尼崎市,東園田町１丁目１９３番地,6610953
8120001035802,トクシユ技研株式会社,兵庫県,尼崎市,元浜町５丁目８６番地,6600085
8120001036742,山崎鋼鐵株式会社,兵庫県,尼崎市,西高洲町１６番地の４７,6600845
8120001044992,大日金属工業株式会社,兵庫県,尼崎市,東難波町５丁目２７番１号,6600892
8120001045264,株式会社但馬物産,兵庫県,尼崎市,大物町２丁目３番３号,6600823
8120001060619,株式会社イシガミ,兵庫県,尼崎市,神田中通２丁目２７番地,6600884
8120001065683,新大阪電設株式会社,兵庫県,尼崎市,七松町２丁目３番２５−１０１号,6600052
8120001068281,株式会社中道兄弟商会,兵庫県,尼崎市,西長洲町３丁目６番１４号,6600805
8120001072671,大阪用品株式会社,兵庫県,尼崎市,南塚口町５丁目１０−９,6610012
8120001075526,株式会社エステートセンバ,兵庫県,尼崎市,塚口町１丁目２７番地の８,6610002
8120001087595,株式会社バンブーコーポレーション,兵庫県,尼崎市,塚口町１丁目２２番地の９長光ビル２階,6610002
8120001092249,株式会社ルゥ・ディ・コーポレーション,兵庫県,尼崎市,神田北通２丁目１３番地,6600883
8120001120059,株式会社アースコーポレーション,兵庫県,尼崎市,常吉１丁目３番１５−２０６号,6610042
8120001123631,ハヤセ工業株式会社,兵庫県,尼崎市,平左衛門町１８−４９,6600087
8120001126213,株式会社水和グループ,兵庫県,尼崎市,南武庫之荘３丁目３６番６号,6610033
8120001128093,株式会社ｎｏｂｌｅ,兵庫県,尼崎市,南武庫之荘７丁目１７番３０号,6610033
8120001128861,一照株式会社,兵庫県,尼崎市,御園町２４番地尼崎第一ビル４０２号,6600861
8120001130041,株式会社とまりどり,兵庫県,尼崎市,南武庫之荘１丁目２０−１５,6610033
8120001131493,株式会社ジェイグルーブネットワークス,兵庫県,尼崎市,武庫之荘東２丁目８−１２ペジブル武庫之荘東２０１,6610032
8120001132260,株式会社タイラ,兵庫県,尼崎市,戸ノ内町３丁目３６番８号,6610961
8120001133366,株式会社タケツー,兵庫県,尼崎市,武庫之荘東１丁目１番１６号,6610032
8120001141724,株式会社ブループリント,兵庫県,尼崎市,武庫豊町２丁目１番２０−６０４号,6610045
8120001142400,株式会社ルゥ・ディ・フォロマ,兵庫県,尼崎市,神田北通２丁目１３番地,6600883
8120001145782,尼高ワークサービス株式会社,兵庫県,尼崎市,杭瀬南新町４丁目１番２８号,6600822
8120001148273,株式会社ティー・エス・エー,兵庫県,尼崎市,塚口本町２丁目２５番７号,6610001
8120001160963,株式会社シンシアジャパン,兵庫県,尼崎市,崇徳院３丁目９番地,6600071
8120001164543,株式会社創設,兵庫県,尼崎市,次屋１丁目１２番１号,6610965
8120001167637,株式会社ドゥーズ,兵庫県,尼崎市,神田北通２丁目１３番地,6600883
8120001168511,株式会社ダイバーシティ・マネジメント,兵庫県,尼崎市,潮江５丁目２番１−１９３４号,6610976
8120001170707,株式会社ライジングユニオン,兵庫県,尼崎市,次屋１丁目３−２０−１０２号,6610965
8120001171762,株式会社蒼,兵庫県,尼崎市,道意町５丁目１５番地の２,6600083
8120001182405,ユニバーサルパートナーズ株式会社,兵庫県,尼崎市,東園田町５丁目１１０番地の１３,6610953
8120001184401,株式会社ユーネクシス,兵庫県,尼崎市,杭瀬南新町１丁目１５−３,6600822
8120001193625,株式会社よこやま薬局,兵庫県,尼崎市,御園町２４番地尼崎第一ビル４０２号,6600861
8120001195786,株式会社ＥｎｔｅｒＲｅａｌ,兵庫県,尼崎市,西向島町９６番地,6600857
8120001198632,株式会社スマートグループ,兵庫県,尼崎市,西御園町１１９番地３第一寺町ビル７Ｆ,6600868
8120001201354,株式会社Ｎｏｔｅ,兵庫県,尼崎市,西長洲町３丁目６番１１号,6600805
8120001206114,アグルコーポレーション株式会社,兵庫県,尼崎市,南塚口町１丁目３０番１１号,6610012
8120001208507,株式会社深＿自動化設備開発センター,兵庫県,尼崎市,御園町２４番地尼崎第一ビル８０６号,6600861
8120001216492,株式会社アンテイク,兵庫県,尼崎市,大庄川田町４８番地１Ｆ,6600072
8120001219594,ＨＹＰグループ株式会社,兵庫県,尼崎市,扇町２０番地４階Ａ−１ロジポート尼崎,6600096
8120001224727,株式会社大志堂,兵庫県,尼崎市,東難波町３丁目１番２６号,6600892
8120001225353,レッタス株式会社,兵庫県,尼崎市,稲葉荘４丁目２０番１号,6600064
8120001226236,株式会社スタイルニック,兵庫県,尼崎市,南塚口町２丁目１番３号,6610012
8120001231649,株式会社人徳知,兵庫県,尼崎市,南武庫之荘１丁目１９番８号２階,6610033
8120001237010,株式会社ＴＹ通信,兵庫県,尼崎市,武庫町４丁目１−５−４０１,6610044
8120001238660,株式会社Ｖｉｅｗ　ｏｆ　ｔｈｅ　Ｗｏｒｌｄ,兵庫県,尼崎市,東園田町１丁目２０３番地の１ウェリス東園田７０５号,6610953
8120001240402,株式会社ＨＩＴＯ　ｃｏｍｐａｎｙ,兵庫県,尼崎市,武庫之荘１丁目２９番１０−５０６号,6610035
8120001247018,株式会社Ｐｒｏｊｅｃｔ　Ｗ,兵庫県,尼崎市,元浜町５丁目７８−２,6600085
8120001269664,株式会社Ｓｐｉｒｉｔｓ,兵庫県,尼崎市,宮内町１丁目３１番地の５セイワマンション２階６号室,6600877
8120101055659,株式会社平和技研,兵庫県,尼崎市,若王寺３丁目２７番２７号,6610974
8120101062176,株式会社ｈｕｍｂｌｅ,兵庫県,尼崎市,富松町３丁目１番５号,6610003
8120901022214,株式会社ＤＥＳＩＧＮ　ＦＡＩＴＨ,兵庫県,尼崎市,東園田町７丁目１９番地の１,6610953
8120901022619,株式会社アールシー,兵庫県,尼崎市,東園田町３丁目５７番地の２２,6610953
8120901023897,株式会社サンソ,兵庫県,尼崎市,御園３丁目１８番１６号,6610984
8120901025695,株式会社松尾製作所,兵庫県,尼崎市,田能５丁目３番１０−６０７号,6610951
8120901027898,株式会社フレア計装,兵庫県,尼崎市,南武庫之荘６丁目１４番１２号,6610033
8120901032254,株式会社ＩＫＩ,兵庫県,尼崎市,戸ノ内町３丁目３１番９号,6610961
8120901032790,株式会社ＭＡＮＡＢＵ　Ｔｈｅ　ｂｅｓｔ　ｄｒｅａｍ　ｃａｆｅｔｅｒｉａ,兵庫県,尼崎市,田能２丁目１番１号,6610951
8120901040257,関西カーボン加工株式会社,兵庫県,尼崎市,上坂部１丁目７番１９号,6610979
8120901040397,山口工業株式会社,兵庫県,尼崎市,杭瀬北新町４丁目８−２１,6600815
8122001012335,株式会社カメイ,兵庫県,尼崎市,稲葉荘４丁目７番１−７０７号,6600064
8122001016922,新生システムソリューションズ株式会社,兵庫県,尼崎市,西長洲町２丁目６番２５号,6600805
8122001026236,株式会社ＰｅｒｆｅｃｔＶｉｓｉｏｎ,兵庫県,尼崎市,杭瀬南新町２丁目５−１−３０２号,6600822
8122002002434,株式会社スカイエンタープライズ,兵庫県,尼崎市,昭和通２丁目５番６号,6600881
8130001022782,株式会社三宅商店,兵庫県,尼崎市,上坂部１丁目８番２−６０８号,6610979
8130001026536,株式会社ＪＣＥ,兵庫県,尼崎市,東難波町５丁目１７番２３号,6600892
8130001061475,株式会社ＨｏｔＪｅｔ,兵庫県,尼崎市,潮江１丁目１３番１−２０２号,6610976
8130001067092,大有産業株式会社,兵庫県,尼崎市,長洲西通２丁目３番地２−２０１号,6600807
8140001007312,株式会社グローリー,兵庫県,尼崎市,開明町２丁目１１番地神鋼建設ビル５Ｆ,6600862
8140001009424,テーエス運輸株式会社,兵庫県,尼崎市,南塚口町４丁目３番２３号,6610012
8140001020653,株式会社ジャパテック貿易,兵庫県,尼崎市,東園田町６丁目７７番１０１号,6610953
8140001021544,レンコム株式会社,兵庫県,尼崎市,戸ノ内町３丁目１５番,6610961
8140001027517,株式会社マグノリア,兵庫県,尼崎市,塚口町３丁目２７番２１号カーサメビウス１０６号室,6610002
8140001031337,ＪＨＫクリエイト株式会社,兵庫県,尼崎市,東難波町５丁目８−２６アネスト尼崎６Ａ,6600892
8140001042391,株式会社ファッションストリーム,兵庫県,尼崎市,潮江１丁目１６番１−１０９号,6610976
8140001047283,尼崎鋼業株式会社,兵庫県,尼崎市,大物町１丁目５番１４号,6600823
8140001047291,株式会社尼崎眼鏡院,兵庫県,尼崎市,神田中通３丁目４３番地,6600884
8140001047300,尼崎製罐株式会社,兵庫県,尼崎市,大島１丁目４１番１号,6600076
8140001047309,尼崎上栄運輸株式会社,兵庫県,尼崎市,東海岸町３８番地,6600843
8140001047317,尼崎タイヨーペイント株式会社,兵庫県,尼崎市,大西町２丁目１番３１号,6610023
8140001047325,尼崎都市開発株式会社,兵庫県,尼崎市,南塚口町２丁目１番２−２０１号,6610012
8140001047341,尼崎米穀株式会社,兵庫県,尼崎市,金楽寺町２丁目２番７号,6600806
8140001047366,株式会社アイ,兵庫県,尼崎市,武庫元町１丁目９番８号,6610043
8140001047374,青木興産株式会社,兵庫県,尼崎市,杭瀬本町１丁目６番２号,6600814
8140001047382,株式会社アースティック,兵庫県,尼崎市,下坂部４丁目１０番５号,6610975
8140001047390,アイ・テック・サービス株式会社,兵庫県,尼崎市,大高洲町１０番地,6600842
8140001047399,株式会社アオヤマ,兵庫県,尼崎市,塚口町４丁目１７番地の３,6610002
8140001047408,旭興産株式会社,兵庫県,尼崎市,昭和通４丁目１２５番地,6600881
8140001047416,アサヒ産業株式会社,兵庫県,尼崎市,立花町４丁目５番１４号,6610025
8140001047424,旭プラント工業株式会社,兵庫県,尼崎市,東園田町１丁目２０７−２０１,6610953
8140001047432,株式会社ヤマタツ,兵庫県,尼崎市,常光寺１丁目８番６１号,6600811
8140001047449,明石工業株式会社,兵庫県,尼崎市,塚口本町３丁目１３番１０号,6610001
8140001047457,株式会社アクティブ,兵庫県,尼崎市,東園田町３丁目３５番１３号,6610953
8140001047465,赤見電機株式会社,兵庫県,尼崎市,東難波町５丁目２７番１９号,6600892
8140001047473,あきら食品株式会社,兵庫県,尼崎市,尾浜町３丁目２８番１７号,6610022
8140001047481,株式会社安崎商店,兵庫県,尼崎市,潮江４丁目４番１号,6610976
8140001047498,株式会社あづま,兵庫県,尼崎市,道意町１丁目３０番地,6600083
8140001047507,穴川殖産株式会社,兵庫県,尼崎市,立花町１丁目１３番６号,6610025
8140001047523,株式会社アマカ,兵庫県,尼崎市,稲葉元町３丁目２０番２０号,6600055
8140001047531,アムスエステート株式会社,兵庫県,尼崎市,名神町１丁目１２番１１号−２０３,6610021
8140001047548,尼信保証株式会社,兵庫県,尼崎市,開明町２丁目１２番地,6600862
8140001047556,株式会社アムテック・イーシー,兵庫県,尼崎市,東本町２丁目１０２番地,6600824
8140001047564,あまもく工業株式会社,兵庫県,尼崎市,東難波町５丁目２６番６号,6600892
8140001047572,株式会社新井興業,兵庫県,尼崎市,南初島町８番地の２４,6600833
8140001047589,株式会社有田造園土木,兵庫県,尼崎市,田能３丁目３２番７号,6610951
8140001047597,株式会社アルファ・ユー,兵庫県,尼崎市,南清水１６番２０号,6610985
8140001047622,ヰゲタ興産株式会社,兵庫県,尼崎市,昭和通２丁目１番８号,6600881
8140001047630,株式会社池泰工務店,兵庫県,尼崎市,南七松町１丁目１４番６号,6600053
8140001047639,石神商事株式会社,兵庫県,尼崎市,神田中通２丁目６３番地,6600884
8140001047647,株式会社礒田汽缶,兵庫県,尼崎市,大島２丁目３１番９号,6600076
8140001047663,株式会社勇鉄工所,兵庫県,尼崎市,戸ノ内町３丁目２２番２０号,6610961
8140001047671,一栄給食株式会社,兵庫県,尼崎市,大庄北２丁目２２番６号,6600063
8140001047696,株式会社インテリア大阪,兵庫県,尼崎市,南塚口町６丁目２番１号,6610012
8140001047705,市隆建設株式会社,兵庫県,尼崎市,塚口町２丁目７番地の１,6610002
8140001047713,株式会社井上商店,兵庫県,尼崎市,神田南通４丁目１０１番地,6600885
8140001047721,イナバ商事株式会社,兵庫県,尼崎市,元浜町１丁目７５番地の１,6600085
8140001047738,株式会社今宮工務店,兵庫県,尼崎市,椎堂２丁目３番１号,6610952
8140001047754,株式会社いらはら商店,兵庫県,尼崎市,神田中通４丁目８７番地,6600884
8140001047762,ウイングエンジニア株式会社,兵庫県,尼崎市,東難波町５丁目２７番１９号,6600892
8140001047795,株式会社ウエヤマ,兵庫県,尼崎市,築地５丁目５番５号,6600858
8140001047829,株式会社栄光電機製作所,兵庫県,尼崎市,瓦宮１丁目５番１号,6610971
8140001047837,株式会社エージエントリアルエステート,兵庫県,尼崎市,名神町１丁目１２番９号,6610021
8140001047845,株式会社エイテイズ,兵庫県,尼崎市,南塚口町８丁目８番５５号,6610012
8140001047861,株式会社永光,兵庫県,尼崎市,稲葉元町３丁目３番４号,6600055
8140001047878,株式会社エス・イー・ラボ,兵庫県,尼崎市,南塚口町５丁目３番５号,6610012
8140001047894,株式会社エテルナ,兵庫県,尼崎市,大庄西町２丁目２１番８号,6600077
8140001047903,曙テック株式会社,兵庫県,尼崎市,武庫之荘東１丁目１５番１５号２０１号,6610032
8140001047911,エヌ・テック株式会社,兵庫県,尼崎市,常吉１丁目１９番２０号,6610042
8140001047928,江原電氣工事株式会社,兵庫県,尼崎市,尾浜町２丁目１９番２２号,6610022
8140001047936,株式会社エム・ジー,兵庫県,尼崎市,武庫の里１丁目２０番１号,6610041
8140001047944,株式会社エルグ,兵庫県,尼崎市,猪名寺３丁目２番２４号,6610981
8140001047952,株式会社オーエム企画,兵庫県,尼崎市,南塚口町３丁目１２番１７号,6610012
8140001047960,生越石油株式会社,兵庫県,尼崎市,久々知西町２丁目１０番１号,6610978
8140001047969,大河電気通信工業株式会社,兵庫県,尼崎市,立花町４丁目８番２７号,6610025
8140001047977,ＫＥＥ環境工事株式会社,兵庫県,尼崎市,西大物町１番２２号,6600827
8140001047985,大阪建設興業株式会社,兵庫県,尼崎市,南城内８番地の２,6600825
8140001047993,大阪ステンレスセンター株式会社,兵庫県,尼崎市,鶴町１番地,6600092
8140001048001,大阪フォークリフト株式会社,兵庫県,尼崎市,西本町４丁目２４番地,6600874
8140001048018,大澤塗装工業株式会社,兵庫県,尼崎市,潮江５丁目４番１８号,6610976
8140001048026,株式会社太田商店,兵庫県,尼崎市,尾浜町３丁目２４番１９号,6610022
8140001048050,株式会社オオバ商事,兵庫県,尼崎市,南清水３３番２１号,6610985
8140001048059,株式会社オー・プラン・ラボラトリー,兵庫県,尼崎市,尾浜町１丁目２９番１３号,6610022
8140001048075,株式会社岡垣企画,兵庫県,尼崎市,富松町１丁目１９番１３号,6610003
8140001048083,株式会社岡島建設,兵庫県,尼崎市,西本町２丁目６７番地,6600874
8140001048100,株式会社奥ボーリング工業,兵庫県,尼崎市,東園田町４丁目４５番地２,6610953
8140001048109,株式会社岡本テント,兵庫県,尼崎市,杭瀬本町３丁目３番３７号,6600814
8140001048125,株式会社小川電設,兵庫県,尼崎市,西難波町２丁目４番２７号,6600893
8140001048133,株式会社越智商店,兵庫県,尼崎市,東難波町５丁目１３番１７号,6600892
8140001048141,株式会社小畑工務店,兵庫県,尼崎市,上ノ島町１丁目３３番１号,6610014
8140001048158,株式会社甲斐工務店,兵庫県,尼崎市,南武庫之荘３丁目６番２２号,6610033
8140001048166,株式会社海南堂,兵庫県,尼崎市,杭瀬本町２丁目３番９号,6600814
8140001048174,株式会社鍵田組,兵庫県,尼崎市,崇徳院２丁目５５番地,6600071
8140001048182,環境計測サービス株式会社,兵庫県,尼崎市,塚口町５丁目８番５号,6610002
8140001048190,関西アイス興業株式会社,兵庫県,尼崎市,金楽寺町２丁目１１番１５号,6600806
8140001048199,関西工機株式会社,兵庫県,尼崎市,長洲西通２丁目６番５号,6600807
8140001048240,関西ドラム缶工業株式会社,兵庫県,尼崎市,平左衛門町１８番地の３９,6600087
8140001048249,関西不動産販売株式会社,兵庫県,尼崎市,塚口町２丁目８番地１,6610002
8140001048265,神崎建設工業株式会社,兵庫県,尼崎市,神崎町１６番１８号,6610964
8140001048273,株式会社梶川塗装店,兵庫県,尼崎市,西立花町１丁目５番２７号,6600054
8140001048281,加島工業株式会社,兵庫県,尼崎市,次屋３丁目１６番１号,6610965
8140001048307,鐘ヶ江土建株式会社,兵庫県,尼崎市,西本町２丁目４７番地,6600874
8140001048315,株式会社金田組,兵庫県,尼崎市,大庄中通１丁目１５番地,6600075
8140001048323,株式会社ライフコンサル,兵庫県,尼崎市,西昆陽１丁目２３番１１−３０２号,6610047
8140001048331,近畿ケミカル株式会社,兵庫県,尼崎市,東海岸町１番地の４,6600843
8140001048356,河崎建設株式会社,兵庫県,尼崎市,西立花町２丁目９番１号,6600054
8140001048364,株式会社ワークベスト,兵庫県,尼崎市,名神町３丁目１５番１２号,6610021
8140001048372,株式会社川根工務店,兵庫県,尼崎市,東園田町１丁目２３４番地の３,6610953
8140001048380,株式会社河政,兵庫県,尼崎市,額田町９番５号,6610962
8140001048397,近畿紙工メールサービス株式会社,兵庫県,尼崎市,南武庫之荘７丁目１９番１４号,6610033
8140001048406,近畿中央ホンダ販売株式会社,兵庫県,尼崎市,南武庫之荘７丁目１７番３号,6610033
8140001048414,株式会社キサン,兵庫県,尼崎市,塚口町１丁目１番地,6610002
8140001048422,株式会社岸本鐵工所,兵庫県,尼崎市,塚口本町７丁目２１番２２号,6610001
8140001048430,株式会社北村電気,兵庫県,尼崎市,武庫元町２丁目１９番１０号,6610043
8140001048463,共栄商事株式会社,兵庫県,尼崎市,東園田町２丁目１２３番地２,6610953
8140001048471,共栄物産株式会社,兵庫県,尼崎市,西本町１丁目６８番２号,6600874
8140001048488,ケイズ・テクノ株式会社,兵庫県,尼崎市,平左衛門町１８−４１,6600087
8140001048496,株式会社京萬,兵庫県,尼崎市,西御園町１１９番地の１,6600868
8140001048505,株式会社協和化成工業所,兵庫県,尼崎市,東難波町３丁目１６番１３号,6600892
8140001048513,株式会社協和テック,兵庫県,尼崎市,立花町３丁目４番１３号,6610025
8140001048521,株式会社アユーダ,兵庫県,尼崎市,南清水２９番１４号,6610985
8140001048538,吉良商事株式会社,兵庫県,尼崎市,元浜町２丁目４３番地の８,6600085
8140001048546,株式会社くいしんぼう,兵庫県,尼崎市,若王寺２丁目１１番１３号,6610974
8140001048554,株式会社工藤商店,兵庫県,尼崎市,潮江４丁目４番１号,6610976
8140001048562,久保興産株式会社,兵庫県,尼崎市,金楽寺町２丁目２２番２１号,6600806
8140001048579,グリーンシステム株式会社,兵庫県,尼崎市,大西町１丁目２番２０号,6610023
8140001048587,クロス工業株式会社,兵庫県,尼崎市,南武庫之荘１丁目１７番１号,6610033
8140001048595,クレンツ不動産開発株式会社,兵庫県,尼崎市,南塚口町２丁目１番１−１０５号,6610012
8140001048604,クサカ建設株式会社,兵庫県,尼崎市,大島３丁目３０番５号,6600076
8140001048612,株式会社ケイエンドエイ,兵庫県,尼崎市,南初島町１２番地の６,6600833
8140001048620,計測技研株式会社,兵庫県,尼崎市,長洲本通１丁目１４番１号,6600803
8140001048629,京阪神塗装株式会社,兵庫県,尼崎市,尾浜町１丁目８番１８号,6610022
8140001048645,アーステック株式会社,兵庫県,尼崎市,西向島町５２番地,6600857
8140001048661,コーキ工業株式会社,兵庫県,尼崎市,南武庫之荘９丁目１８番３６号,6610033
8140001048678,興生自動車株式会社,兵庫県,尼崎市,名神町２丁目１０番１号,6610021
8140001048694,合同電機株式会社,兵庫県,尼崎市,神田北通５丁目１４５番地,6600883
8140001048703,株式会社コーナン,兵庫県,尼崎市,武庫町４丁目８番２０号,6610044
8140001048711,甲武建設株式会社,兵庫県,尼崎市,塚口町１丁目８番２号,6610002
8140001048728,向陽不動産株式会社,兵庫県,尼崎市,立花町４丁目１０番１３号,6610025
8140001048736,株式会社コーワホーム,兵庫県,尼崎市,西御園町８５番地７,6600868
8140001048744,五色農林開発株式会社,兵庫県,尼崎市,御園町５番地,6600861
8140001048769,株式会社古都コーポレーション,兵庫県,尼崎市,南武庫之荘３丁目３０番１−２０１号,6610033
8140001048793,小林興産株式会社,兵庫県,尼崎市,塚口町１丁目１７番８,6610002
8140001048802,株式会社米安,兵庫県,尼崎市,建家町４０番地,6600871
8140001048810,サンエー技研株式会社,兵庫県,尼崎市,金楽寺町１丁目３番３０号,6600806
8140001048819,株式会社山永重機,兵庫県,尼崎市,南武庫之荘４丁目２１番２３号,6610033
8140001048827,サンエス株式会社,兵庫県,尼崎市,元浜町２丁目７番地の２,6600085
8140001048843,株式会社サンコー,兵庫県,尼崎市,北大物町１６番８号,6600804
8140001048851,サン工業株式会社,兵庫県,尼崎市,大浜町２丁目４９番地,6600095
8140001048868,興和管材株式会社,兵庫県,尼崎市,七松町３丁目１６番２４号,6600052
8140001048884,株式会社坂口エンタープライズ,兵庫県,尼崎市,高田町１５番１３号,6610963
8140001048918,株式会社戯画,兵庫県,尼崎市,道意町５丁目３０番３０号,6600083
8140001048934,株式会社産装,兵庫県,尼崎市,尾浜町１丁目８番１号,6610022
8140001048942,株式会社三事企画,兵庫県,尼崎市,武庫之荘２丁目７番６号,6610035
8140001048950,株式会社笹島組,兵庫県,尼崎市,南武庫之荘７丁目１７番１６号,6610033
8140001048959,三正精機工業株式会社,兵庫県,尼崎市,神崎町２２番９号,6610964
8140001048967,株式会社サデイック,兵庫県,尼崎市,南塚口町５丁目１５番１０号,6610012
8140001048975,株式会社サントスエンタープライズ,兵庫県,尼崎市,瓦宮２丁目２７番４号,6610971
8140001049008,株式会社サモンド・サービス,兵庫県,尼崎市,杭瀬寺島２丁目１番２号,6600813
8140001049040,株式会社三和製作所,兵庫県,尼崎市,浜２丁目１４番１６号,6610967
8140001049065,株式会社真英,兵庫県,尼崎市,瓦宮１丁目１８番５号,6610971
8140001049073,新栄興業株式会社,兵庫県,尼崎市,西昆陽３丁目２５番１０号,6610047
8140001049081,新大阪不動産株式会社,兵庫県,尼崎市,額田町１５番１５号,6610962
8140001049098,株式会社シーパック,兵庫県,尼崎市,塚口町２丁目１番地の１,6610002
8140001049107,真光株式会社,兵庫県,尼崎市,尾浜町１丁目１３番１８号,6610022
8140001049131,株式会社シンコウワ商事,兵庫県,尼崎市,西立花町４丁目９番１０号,6600054
8140001049156,新川産業機械株式会社,兵庫県,尼崎市,潮江３丁目２２番７号,6610976
8140001049164,株式会社新征テクニカル,兵庫県,尼崎市,西長洲町２丁目２番４８号,6600805
8140001049172,株式会社治産商事,兵庫県,尼崎市,東園田町６丁目２６番地,6610953
8140001049180,株式会社シントーコーポレーション,兵庫県,尼崎市,富松町３丁目１８番５号,6610003
8140001049197,株式会社信濃,兵庫県,尼崎市,東難波町４丁目１７番１号,6600892
8140001049222,新ひろ運輸株式会社,兵庫県,尼崎市,武庫川町１丁目３１番地の１,6600084
8140001049239,株式会社清水商店,兵庫県,尼崎市,宮内町２丁目７０番地,6600877
8140001049247,株式会社昇栄,兵庫県,尼崎市,戸ノ内町３丁目３２番１６号,6610961
8140001049255,株式会社正栄工業,兵庫県,尼崎市,田能４丁目４番１号,6610951
8140001049263,上栄陸運株式会社,兵庫県,尼崎市,稲葉元町３丁目１番１５号,6600055
8140001049271,常勝建設株式会社,兵庫県,尼崎市,下坂部２丁目３１番１２号,6610975
8140001049305,株式会社ハイ・ビルテック,兵庫県,尼崎市,西長洲町２丁目２２番３号,6600805
8140001049313,昭和信営株式会社,兵庫県,尼崎市,武庫之荘２丁目２番９号,6610035
8140001049321,株式会社ジャンスピード,兵庫県,尼崎市,大庄西町３丁目１３番１３号,6600077
8140001049346,株式会社伸和,兵庫県,尼崎市,次屋１丁目１７番１０号,6610965
8140001049362,信和鋳業株式会社,兵庫県,尼崎市,潮江１丁目３６番１号,6610976
8140001049370,水青工業株式会社,兵庫県,尼崎市,武庫之荘本町２丁目１２番３号,6610031
8140001049379,株式会社水明,兵庫県,尼崎市,水明町１９９番地の１,6600082
8140001049387,杉原紙器産業株式会社,兵庫県,尼崎市,瓦宮１丁目８番３１号,6610971
8140001049395,株式会社鈴木工業,兵庫県,尼崎市,杭瀬南新町２丁目１７番１５号,6600822
8140001049404,須ノ内建設株式会社,兵庫県,尼崎市,瓦宮２丁目２７番１６号,6610971
8140001049412,澄産業株式会社,兵庫県,尼崎市,東園田町８丁目２２番地の１,6610953
8140001049420,株式会社スリーライン,兵庫県,尼崎市,玄番南之町４番地,6600873
8140001049437,株式会社セイシン,兵庫県,尼崎市,下坂部３丁目２１番５号,6610975
8140001049445,株式会社誠正,兵庫県,尼崎市,南武庫之荘１０丁目１３番１号,6610033
8140001049453,西部造園土木株式会社,兵庫県,尼崎市,武庫之荘８丁目１２番３０号,6610035
8140001049461,株式会社誠和工業,兵庫県,尼崎市,西難波町２丁目１番１５号,6600893
8140001049486,仙田設備株式会社,兵庫県,尼崎市,浜田町１丁目４８番地,6600062
8140001049494,株式会社セツナン,兵庫県,尼崎市,下坂部３丁目５番３０号,6610975
8140001049503,善野綿業株式会社,兵庫県,尼崎市,元浜町４丁目８８番地,6600085
8140001049511,株式会社セブネージエンジニアリング,兵庫県,尼崎市,長洲西通１丁目３番２６号,6600807
8140001049552,株式会社園和＿工,兵庫県,尼崎市,東園田町４丁目３１番地の２,6610953
8140001049560,大栄鋼材株式会社,兵庫県,尼崎市,東初島町２番地の３０,6600832
8140001049577,第一化成商事株式会社,兵庫県,尼崎市,西長洲町１丁目６番１６号,6600805
8140001049585,株式会社大晃運輸倉庫,兵庫県,尼崎市,久々知西町２丁目１３番３５号,6610978
8140001049593,株式会社大恵住販,兵庫県,尼崎市,南塚口町２丁目１５番１４号,6610012
8140001049610,ダイキ建装株式会社,兵庫県,尼崎市,道意町６丁目２番地の２６,6600083
8140001049627,大成株式会社,兵庫県,尼崎市,潮江２丁目５番６号,6610976
8140001049635,大成住建株式会社,兵庫県,尼崎市,塚口町６丁目２０番１４号,6610002
8140001049643,株式会社大真工業所,兵庫県,尼崎市,今福１丁目１番７−１０５号,6600812
8140001049684,大徳産業株式会社,兵庫県,尼崎市,道意町５丁目７番地,6600083
8140001049692,大東事務機株式会社,兵庫県,尼崎市,武庫の里２丁目２９番１４号,6610041
8140001049701,大長自動車株式会社,兵庫県,尼崎市,武庫之荘２丁目３２番１１号,6610035
8140001049718,大日設備株式会社,兵庫県,尼崎市,武庫川町３丁目３８番地,6600084
8140001049726,株式会社太平工作所,兵庫県,尼崎市,西長洲町２丁目２９番２５号,6600805
8140001049734,株式会社ダイハン書房,兵庫県,尼崎市,東園田町９丁目１６番地の８,6610953
8140001049742,太洋アルミ鋳造株式会社,兵庫県,尼崎市,猪名寺２丁目２１番２８号,6610981
8140001049759,株式会社ダイヤ建設,兵庫県,尼崎市,琴浦町２７番地,6600074
8140001049767,株式会社大和建設,兵庫県,尼崎市,崇徳院２丁目６９番地,6600071
8140001049775,大和鋼業株式会社,兵庫県,尼崎市,西難波町３丁目１１番８号,6600893
8140001049791,高木商事株式会社,兵庫県,尼崎市,東園田町５丁目１２７番地,6610953
8140001049800,株式会社武内工務店,兵庫県,尼崎市,武庫の里１丁目１８番１８号,6610041
8140001049817,武田電機株式会社,兵庫県,尼崎市,久々知２丁目２３番２３号,6610977
8140001049825,株式会社ｗｉｓｅ,兵庫県,尼崎市,南清水１番２４号,6610985
8140001049841,高橋電器株式会社,兵庫県,尼崎市,大庄北２丁目１６番１０号,6600063
8140001049866,株式会社高山興業,兵庫県,尼崎市,水堂町３丁目３番６号,6610026
8140001049874,宝塚レジン株式会社,兵庫県,尼崎市,東園田町８丁目１０７番地の１９,6610953
8140001049890,タドツ建工株式会社,兵庫県,尼崎市,椎堂１丁目１７番２１号,6610952
8140001049899,タチバナ印刷株式会社,兵庫県,尼崎市,水堂町１丁目２番９号,6610026
8140001049908,立花神姫タクシー株式会社,兵庫県,尼崎市,三反田町３丁目４番１２号,6610024
8140001049916,巽商事株式会社,兵庫県,尼崎市,南塚口町８丁目６２番１号,6610012
8140001049924,田中運輸株式会社,兵庫県,尼崎市,東初島町２番地の１５,6600832
8140001049940,谷川工業株式会社,兵庫県,尼崎市,神崎町２６番１５号サンシャイン１７−１０５号,6610964
8140001049949,谷村産業株式会社,兵庫県,尼崎市,神崎町３番５号,6610964
8140001049957,株式会社田原商店,兵庫県,尼崎市,神田南通２丁目４５番地,6600885
8140001049965,株式会社田村コピー,兵庫県,尼崎市,金楽寺町１丁目６番４８号,6600806
8140001049981,千鳥饅頭製菓株式会社,兵庫県,尼崎市,金楽寺町１丁目２番５５号,6600806
8140001049998,株式会社中央商会,兵庫県,尼崎市,西長洲町２丁目２６番１２号,6600805
8140001050007,株式会社チャイルドマルカ,兵庫県,尼崎市,東園田町２丁目９２番地の９,6610953
8140001050015,株式会社太洋ビルディング,兵庫県,尼崎市,長洲西通２丁目９番１５号,6600807
8140001050023,通菱テクニカ株式会社,兵庫県,尼崎市,塚口本町８丁目１番１号,6610001
8140001050031,塚口タイヤ株式会社,兵庫県,尼崎市,東塚口町２丁目４番５４号,6610011
8140001050048,津島建設株式会社,兵庫県,尼崎市,東大物町２丁目２番２４号,6600828
8140001050056,株式会社津田金属表面処理工業所,兵庫県,尼崎市,西高洲町３０番９号,6600845
8140001050064,鶴岡商事株式会社,兵庫県,尼崎市,神田南通２丁目５５番地,6600885
8140001050072,株式会社鶴山工業所,兵庫県,尼崎市,久々知３丁目１６番２４号,6610977
8140001050080,ティーピーエンタープライス株式会社,兵庫県,尼崎市,西長洲町２丁目９番２０号,6600805
8140001050089,株式会社テクエース,兵庫県,尼崎市,金楽寺町１丁目２番６５号,6600806
8140001050106,デンタル・セラミック株式会社,兵庫県,尼崎市,塚口本町３丁目１４番３７号,6610001
8140001050114,株式会社寺澤工務店,兵庫県,尼崎市,水堂町２丁目４０番４９号,6610026
8140001050122,寺本土建株式会社,兵庫県,尼崎市,北大物町１６番４９号,6600804
8140001050130,西村油業株式会社,兵庫県,尼崎市,東難波町３丁目１番５号,6600892
8140001050139,東亜通信工材株式会社,兵庫県,尼崎市,西長洲町２丁目２番３６号,6600805
8140001050147,株式会社東光バネ工業社,兵庫県,尼崎市,長洲本通２丁目８番３８号,6600803
8140001050163,株式会社トータルリスクマネジメント,兵庫県,尼崎市,南塚口町１丁目２６番２５号,6610012
8140001050188,テクノシンク情報システム株式会社,兵庫県,尼崎市,昭和通３丁目９０番地１,6600881
8140001050213,東和産業株式会社,兵庫県,尼崎市,富松町１丁目２９番１４号,6610003
8140001050279,豊城建設株式会社,兵庫県,尼崎市,金楽寺町２丁目１８番１８号,6600806
8140001050304,日本工機株式会社,兵庫県,尼崎市,東本町４丁目４１番地,6600824
8140001050320,日本産興株式会社,兵庫県,尼崎市,武庫之荘３丁目１８番４号,6610035
8140001050353,株式会社ナード研究所,兵庫県,尼崎市,西長洲町２丁目６番１号,6600805
8140001050378,中川興産株式会社,兵庫県,尼崎市,昭和通３丁目８８番地,6600881
8140001050386,中自動車整備工業株式会社,兵庫県,尼崎市,尾浜町３丁目２９番７号,6610022
8140001050403,株式会社中田工務店,兵庫県,尼崎市,浜田町５丁目３６番地８,6600062
8140001050411,中西印刷株式会社,兵庫県,尼崎市,開明町１丁目４７番地,6600862
8140001050428,ナカムラコウキ株式会社,兵庫県,尼崎市,末広町１丁目１番地の１,6600094
8140001050460,ナニワ自動車工業株式会社,兵庫県,尼崎市,西長洲町２丁目１１番２５号,6600805
8140001050469,ナンブ建設株式会社,兵庫県,尼崎市,食満７丁目２８番４５号,6610982
8140001050477,成山運輸株式会社,兵庫県,尼崎市,南武庫之荘１１丁目９番４号,6610033
8140001050493,株式会社西佐本店,兵庫県,尼崎市,大庄西町１丁目３番１６号,6600077
8140001050527,株式会社西山建設興業,兵庫県,尼崎市,西昆陽３丁目４番３号,6610047
8140001050551,株式会社日工,兵庫県,尼崎市,大島１丁目３１番６号,6600076
8140001050568,日水建工株式会社,兵庫県,尼崎市,南武庫之荘９丁目６番２４号,6610033
8140001050584,日清土木工業株式会社,兵庫県,尼崎市,南竹谷町３丁目６番９号５０１号室,6600875
8140001050592,日東興業株式会社,兵庫県,尼崎市,東難波町４丁目４番１７号,6600892
8140001050626,ネオトライエンジニアリング株式会社,兵庫県,尼崎市,西高洲町２６番地の５,6600845
8140001050634,株式会社ネリキ,兵庫県,尼崎市,下坂部４丁目６番１号,6610975
8140001050642,株式会社野崎工務店,兵庫県,尼崎市,西難波町５丁目１４番１２号,6600893
8140001050659,株式会社ノルド,兵庫県,尼崎市,建家町１１４−１,6600871
8140001050667,株式会社布井,兵庫県,尼崎市,次屋３丁目１４番１３号,6610965
8140001050675,阪神工機株式会社,兵庫県,尼崎市,御園３丁目５番２０号,6610984
8140001050683,阪神クリーンサービス株式会社,兵庫県,尼崎市,大西町２丁目１６番１５号,6610023
8140001050691,阪神左官工業株式会社,兵庫県,尼崎市,南塚口町２丁目２０番３０号,6610012
8140001050700,株式会社阪神セレモニー,兵庫県,尼崎市,西本町８丁目３５３番地,6600874
8140001050709,株式会社阪神電飾,兵庫県,尼崎市,西本町１丁目３番地,6600874
8140001050725,阪神丸十服装株式会社,兵庫県,尼崎市,潮江３丁目１０番１号,6610976
8140001050733,株式会社日豊本社,兵庫県,尼崎市,大島３丁目３０番５号,6600076
8140001050741,株式会社ハウスパルホーム,兵庫県,尼崎市,南塚口町４丁目２番７号,6610012
8140001050758,株式会社白光堂,兵庫県,尼崎市,建家町３９番地,6600871
8140001050774,蓮池設備工業株式会社,兵庫県,尼崎市,東園田町３丁目４６番地の４,6610953
8140001050782,肇建設株式会社,兵庫県,尼崎市,元浜町３丁目５４番地,6600085
8140001050790,八宏エンジニアリング株式会社,兵庫県,尼崎市,椎堂１丁目１７番１９号,6610952
8140001050799,初島自動車工業株式会社,兵庫県,尼崎市,東初島町２番地の２３,6600832
8140001050808,株式会社ハッポー,兵庫県,尼崎市,武庫の里１丁目１２番３−１０６号,6610041
8140001050816,株式会社花友,兵庫県,尼崎市,杭瀬本町２丁目５番１号,6600814
8140001050824,株式会社浜田商事,兵庫県,尼崎市,金楽寺町２丁目３３番３号,6600806
8140001050832,株式会社早崎工業所,兵庫県,尼崎市,潮江５丁目７番５号,6610976
8140001050840,株式会社原岡運送店,兵庫県,尼崎市,三反田町２丁目１８番２４号,6610024
8140001050849,株式会社ハラダ,兵庫県,尼崎市,大物町２丁目１１番１４号,6600823
8140001050865,株式会社ピー・アイ・エー,兵庫県,尼崎市,武庫之荘３丁目１番１号,6610035
8140001050873,株式会社ピール,兵庫県,尼崎市,神田中通３丁目１２５番地,6600884
8140001050881,株式会社東山商店,兵庫県,尼崎市,次屋１丁目１７番１３号,6610965
8140001050898,株式会社ビッグたこ,兵庫県,尼崎市,南塚口町３丁目１６番１０号,6610012
8140001050907,七福興産株式会社,兵庫県,尼崎市,次屋１丁目１９番７号,6610965
8140001050923,兵庫電気工事株式会社,兵庫県,尼崎市,立花町２丁目６番１号,6610025
8140001050931,株式会社日吉製作所,兵庫県,尼崎市,金楽寺町２丁目１３番１号,6600806
8140001050948,株式会社広島屋,兵庫県,尼崎市,七松町１丁目１番地１号１−２０２,6600052
8140001050980,富士ガス工事株式会社,兵庫県,尼崎市,次屋３丁目１４番２１号,6610965
8140001050989,株式会社富士商,兵庫県,尼崎市,西昆陽３丁目４番３号,6610047
8140001050997,富士電器株式会社,兵庫県,尼崎市,潮江１丁目１５番３−１０９号,6610976
8140001051021,藤本ステンレス工業株式会社,兵庫県,尼崎市,南初島町１０番１５２,6600833
8140001051038,株式会社フィンズコーポレーション,兵庫県,尼崎市,南塚口町３丁目５番６号,6610012
8140001051046,福栄鋼産株式会社,兵庫県,尼崎市,西長洲町２丁目２番３９号,6600805
8140001051062,福田鋼機株式会社,兵庫県,尼崎市,南初島町４番地の３,6600833
8140001051070,福冨興業株式会社,兵庫県,尼崎市,武庫之荘１丁目５番１号,6610035
8140001051095,株式会社フタバギヤーテック,兵庫県,尼崎市,小中島２丁目５番３号,6610972
8140001051104,株式会社エグゼ,兵庫県,尼崎市,南武庫之荘８丁目１１番３４号,6610033
8140001051112,ブロンサービス株式会社,兵庫県,尼崎市,西立花町１丁目３番８号,6600054
8140001051129,平安海事株式会社,兵庫県,尼崎市,中在家町３丁目４４９番地,6600851
8140001051137,平和電機工業株式会社,兵庫県,尼崎市,杭瀬本町３丁目６番１１号,6600814
8140001051145,株式会社べにばら,兵庫県,尼崎市,武庫元町２丁目１９番１号,6610043
8140001051161,株式会社兵庫建設,兵庫県,尼崎市,東園田町１丁目３４０番地東園田ハイツ３０４号室,6610953
8140001051186,株式会社ボールプロジェクト,兵庫県,尼崎市,神田北通６丁目１７６番地,6600883
8140001051194,細川医療品株式会社,兵庫県,尼崎市,浜田町４丁目１４番地,6600062
8140001051203,ホンダエスエス販売株式会社,兵庫県,尼崎市,水堂町１丁目１９番２２号,6610026
8140001051228,株式会社萬,兵庫県,尼崎市,竹谷町２丁目１８３番地,6600876
8140001051244,前田電設株式会社,兵庫県,尼崎市,西立花町１丁目１２番３２号,6600054
8140001051252,マインフーズサービス株式会社,兵庫県,尼崎市,三反田町２丁目２０番９号,6610024
8140001051260,株式会社ＭＧＢ商事,兵庫県,尼崎市,東難波町５丁目８番２６号アネスト尼崎５Ｃ,6600892
8140001051293,株式会社マサヤ,兵庫県,尼崎市,武庫之荘１丁目１２番１７号,6610035
8140001051302,松上建設株式会社,兵庫県,尼崎市,東園田町５丁目２番地の４,6610953
8140001051319,川端商会株式会社,兵庫県,尼崎市,南武庫之荘５丁目２２番６号,6610033
8140001051327,株式会社松原建設,兵庫県,尼崎市,昭和通１丁目１４番３号,6600881
8140001051335,松本産業株式会社,兵庫県,尼崎市,久々知３丁目２３番３３号,6610977
8140001051351,護産業株式会社,兵庫県,尼崎市,善法寺町２０番１０号,6610973
8140001051368,丸協産業株式会社,兵庫県,尼崎市,武庫町２丁目２０番１３号,6610044
8140001051376,丸三工機株式会社,兵庫県,尼崎市,南塚口町１丁目２番８−５０８号,6610012
8140001051392,株式会社丸正洋品店,兵庫県,尼崎市,神田南通３丁目８３番地４,6600885
8140001051401,株式会社丸徳,兵庫県,尼崎市,杭瀬本町１丁目１８番５号,6600814
8140001051418,株式会社丸満,兵庫県,尼崎市,南塚口町２丁目１番３−６１２号,6610012
8140001051426,株式会社マルヤス,兵庫県,尼崎市,長洲西通１丁目１５番１号,6600807
8140001051434,株式会社ミートピア,兵庫県,尼崎市,久々知西町２丁目１３番１４号,6610978
8140001051442,株式会社みかさ,兵庫県,尼崎市,建家町１２１番地,6600871
8140001051450,株式会社みさ,兵庫県,尼崎市,武庫町２丁目１４番１号,6610044
8140001051459,株式会社水谷商店,兵庫県,尼崎市,武庫之荘２丁目２１番３号,6610035
8140001051467,株式会社尼産,兵庫県,尼崎市,名神町１丁目１２番地,6610021
8140001051475,光井産業株式会社,兵庫県,尼崎市,杭瀬北新町４丁目８番６号,6600815
8140001051483,株式会社三鷹,兵庫県,尼崎市,東園田町６丁目１２１番地の７三鷹第一ビル４０１号,6610953
8140001051491,株式会社みつば電気,兵庫県,尼崎市,西難波町３丁目１７番１３号,6600893
8140001051500,株式会社ミツワ商店,兵庫県,尼崎市,開明町１丁目７６番地,6600862
8140001051517,三益産業株式会社,兵庫県,尼崎市,塚口本町６丁目１番６号,6610001
8140001051525,株式会社ミヤソウ,兵庫県,尼崎市,大島３丁目３１番１１号,6600076
8140001051566,株式会社武庫住宅,兵庫県,尼崎市,武庫之荘２丁目１３番２０号,6610035
8140001051574,六車建設株式会社,兵庫県,尼崎市,西向島町４８番地,6600857
8140001051582,村上住宅株式会社,兵庫県,尼崎市,常光寺１丁目２８番８号,6600811
8140001051590,村松物産株式会社,兵庫県,尼崎市,東難波町５丁目３０番９号,6600892
8140001051599,神鋼名神ロジスティクス株式会社,兵庫県,尼崎市,中浜町１０番地１,6600091
8140001051608,名神第一交通株式会社,兵庫県,尼崎市,下坂部３丁目１８番２号,6610975
8140001051616,名和産業株式会社,兵庫県,尼崎市,尾浜町３丁目２８番１７号,6610022
8140001051624,麺素株式会社,兵庫県,尼崎市,南武庫之荘９丁目１１番２０号,6610033
8140001051640,株式会社百木商店,兵庫県,尼崎市,東難波町４丁目１番２８号,6600892
8140001051649,緑建工株式会社,兵庫県,尼崎市,北初島町１６番地の１６,6600834
8140001051665,森田工務建設株式会社,兵庫県,尼崎市,南塚口町３丁目２８番１４号,6610012
8140001051698,安田ビル株式会社,兵庫県,尼崎市,浜田町２丁目１３１番地の１,6600062
8140001051707,矢野建設株式会社,兵庫県,尼崎市,塚口町２丁目２６番１０号,6610002
8140001051715,株式会社藪田鉄工所,兵庫県,尼崎市,杭瀬北新町４丁目３番１８号,6600815
8140001051723,株式会社山内義治商店,兵庫県,尼崎市,潮江４丁目４番１号,6610976
8140001051731,株式会社山口鉄工所,兵庫県,尼崎市,東桜木町４２番地,6600864
8140001051748,株式会社山城塗装工業所,兵庫県,尼崎市,戸ノ内町３丁目６番４０号,6610961
8140001051756,山戸計測株式会社,兵庫県,尼崎市,東園田町６丁目５４番地の９,6610953
8140001051764,株式会社山根食品,兵庫県,尼崎市,梶ケ島５番１５号,6600821
8140001051772,株式会社山本組,兵庫県,尼崎市,武庫川町４丁目８７番地,6600084
8140001051780,山本電業株式会社,兵庫県,尼崎市,東園田町１丁目１２１番地の２,6610953
8140001051797,株式会社ユービー,兵庫県,尼崎市,南塚口町３丁目１６番１−１０５号,6610012
8140001051806,豊建設工業株式会社,兵庫県,尼崎市,名神町２丁目４６番,6610021
8140001051830,横田エンジニアリング株式会社,兵庫県,尼崎市,大庄北１丁目１３番２号,6600063
8140001051839,株式会社嘉建設,兵庫県,尼崎市,猪名寺２丁目６番５号,6610981
8140001051847,吉田機械株式会社,兵庫県,尼崎市,杭瀬南新町４丁目１番１号,6600822
8140001051855,株式会社吉田美容院,兵庫県,尼崎市,七松町２丁目１番１６号,6600052
8140001051863,淀川工鈑株式会社,兵庫県,尼崎市,昭和南通３丁目２６番１松本ビル５Ｆ５０５号,6600882
8140001051896,株式会社和幸,兵庫県,尼崎市,武庫之荘１丁目１０番１０号,6610035
8140001051921,渡瀬産業株式会社,兵庫県,尼崎市,浜田町３丁目９１番地の３,6600062
8140001051946,株式会社リーセル,兵庫県,尼崎市,東本町２丁目１１２番地,6600824
8140001051954,株式会社リンクス,兵庫県,尼崎市,栗山町２丁目１３番１号,6610013
8140001051962,ユニオン株式会社,兵庫県,尼崎市,田能６丁目３番１号,6610951
8140001051987,陵南土木建設株式会社,兵庫県,尼崎市,丸島町１０番地,6600086
8140001052003,株式会社ログキヤビン,兵庫県,尼崎市,宮内町３丁目１８１番地,6600877
8140001052044,株式会社かけはし運輸,兵庫県,尼崎市,次屋３丁目１６番１８号,6610965
8140001052052,水谷酒販株式会社,兵庫県,尼崎市,元浜町１丁目６５番地,6600085
8140001052060,広陽産業株式会社,兵庫県,尼崎市,東海岸町２６番地,6600843
8140001052069,株式会社ダイニングクリエイツ,兵庫県,尼崎市,神田北通６丁目１７５番地,6600883
8140001052077,株式会社デジック,兵庫県,尼崎市,杭瀬本町１丁目１番１号,6600814
8140001052085,株式会社大阪チタニウムテクノロジーズ,兵庫県,尼崎市,東浜町１番地,6600844
8140001052110,株式会社シリコンセンシングシステムズジャパン,兵庫県,尼崎市,扶桑町１番１０号,6600891
8140001052119,株式会社トヨタデコール,兵庫県,尼崎市,塚口本町２丁目８番１８‐２０５号,6610001
8140001052127,株式会社ジー・エヌ・エス・エス,兵庫県,尼崎市,東園田町５丁目５６番地の１プレアデス３０１号,6610953
8140001052168,宏榮開發株式会社,兵庫県,尼崎市,南武庫之荘２丁目９番８号,6610033
8140001052176,株式会社セイワ企画,兵庫県,尼崎市,神田北通３丁目３７番地,6600883
8140001052184,株式会社エムケイ,兵庫県,尼崎市,東難波町４丁目４番１３号,6600892
8140001052192,ティー・シーデザイン株式会社,兵庫県,尼崎市,武庫之荘１丁目１８番３号,6610035
8140001052226,株式会社システムステージ,兵庫県,尼崎市,東塚口町２丁目４番２９号,6610011
8140001052291,株式会社デミック,兵庫県,尼崎市,南武庫之荘２丁目３番１６号,6610033
8140001052300,株式会社アーオイ引越センター,兵庫県,尼崎市,田能４丁目１８番２５号,6610951
8140001052317,美喜製作株式会社,兵庫県,尼崎市,田能６丁目９番２８号,6610951
8140001052325,サミット工業株式会社,兵庫県,尼崎市,長洲本通１丁目３番２０−１１０４号,6600803
8140001052341,株式会社ビッグバレーインターナショナル,兵庫県,尼崎市,杭瀬寺島１丁目１番８号,6600813
8140001052366,ロジ・コンビニエンス株式会社,兵庫県,尼崎市,道意町７丁目１番３号,6600083
8140001052382,株式会社エーエスケー,兵庫県,尼崎市,田能１丁目４番３２号,6610951
8140001052399,株式会社三丸製作所,兵庫県,尼崎市,戸ノ内町５丁目７番１号,6610961
8140001052408,株式会社丸茂工業所,兵庫県,尼崎市,戸ノ内三丁目１９番１８号,6600000
8140001052416,株式会社コーニッシュポコアポコ,兵庫県,尼崎市,南塚口町２丁目１５番１号コーニッシュビル１Ｆ,6610012
8140001052432,株式会社ムラオ,兵庫県,尼崎市,常松１丁目１８番３号,6610046
8140001052523,株式会社大阪ピィ・シー・エ,兵庫県,尼崎市,南武庫之荘７丁目１９番１４号,6610033
8140001052746,伊丹興産株式会社,兵庫県,尼崎市,杭瀬南新町４丁目１番３５号,6600822
8140001052754,グローバル機械貿易株式会社,兵庫県,尼崎市,南竹谷町１丁目５４番地６,6600875
8140001052762,株式会社プロテクノ,兵庫県,尼崎市,道意町７丁目１番３,6600083
8140001052770,株式会社ネクステージ,兵庫県,尼崎市,塚口町５丁目２１番地,6610002
8140001052779,ウツボ建設株式会社,兵庫県,尼崎市,西川２丁目８番１４号,6610966
8140001052787,ファースト住建株式会社,兵庫県,尼崎市,東難波町５丁目６番９号,6600892
8140001052804,株式会社タイヨーエステート,兵庫県,尼崎市,神田北通２丁目１２番地の１,6600883
8140001052853,株式会社洛山,兵庫県,尼崎市,武庫町１丁目２２番８号,6610044
8140001052886,三誠テクニカ株式会社,兵庫県,尼崎市,塚口本町２丁目４０番２２号,6610001
8140001052903,ワールドモータース株式会社,兵庫県,尼崎市,久々知１丁目１８番６号,6610977
8140001052911,株式会社ＭＡＥＫＥＮ　ＰＲＯ,兵庫県,尼崎市,南竹谷町２丁目５３番,6600875
8140001052928,株式会社三谷ハウジング,兵庫県,尼崎市,塚口町１丁目１８番地の１３,6610002
8140001052936,エムアイ株式会社,兵庫県,尼崎市,南塚口町２丁目４０番９号,6610012
8140001052944,株式会社日本ファナシス,兵庫県,尼崎市,神田中通４丁目１１７番地,6600884
8140001052952,株式会社ジオレ・ジャパン,兵庫県,尼崎市,東浜町１番地の１,6600844
8140001052969,株式会社アーバンクリエイト,兵庫県,尼崎市,食満７丁目８番１３号,6610982
8140001052977,株式会社テイクアイ,兵庫県,尼崎市,常松２丁目１７番８号,6610046
8140001052985,株式会社ヒロセ,兵庫県,尼崎市,塚口町１丁目１５番１８号モンテベルデ塚口３０６号,6610002
8140001052993,株式会社ミユ起,兵庫県,尼崎市,久々知西町２丁目１１番１１−２０６号,6610978
8140001053018,稲葉生コンクリート株式会社,兵庫県,尼崎市,元浜町１丁目７５番地の１,6600085
8140001053059,ＮＣＳ関西株式会社,兵庫県,尼崎市,武庫元町２丁目４番１０号,6610043
8140001053083,アドバンテックス株式会社,兵庫県,尼崎市,久々知２丁目２６番１０号,6610977
8140001053125,近畿駐車設備株式会社,兵庫県,尼崎市,大庄中通２丁目６４番１−１０２号,6600075
8140001053133,株式会社村田建材,兵庫県,尼崎市,大浜町１丁目１８番地２,6600095
8140001053199,株式会社セラオン,兵庫県,尼崎市,潮江５丁目６番２０号,6610976
8140001053216,株式会社エースインターナショナル,兵庫県,尼崎市,稲葉元町２丁目６番１１号,6600055
8140001053224,株式会社八絋,兵庫県,尼崎市,昭和通１丁目８番１号,6600881
8140001053240,株式会社統建,兵庫県,尼崎市,神崎町３６番６号,6610964
8140001053257,株式会社モリハラコーポレーション,兵庫県,尼崎市,神田南通４丁目１０３番２,6600885
8140001053265,株式会社安倉興産,兵庫県,尼崎市,稲葉元町２丁目１２番２６号,6600055
8140001053281,株式会社栄光,兵庫県,尼崎市,塚口町１丁目１３番８号,6610002
8140001053298,株式会社バンイング,兵庫県,尼崎市,南武庫之荘７丁目２０番１号２Ｆ,6610033
8140001053323,エヌエス・ジャパン株式会社,兵庫県,尼崎市,東難波町５丁目３０番１７号,6600892
8140001053348,株式会社イーグルプロジェクト,兵庫県,尼崎市,開明町１丁目８１番地の３,6600862
8140001053356,株式会社ＴＡＩＲＩＫＵ,兵庫県,尼崎市,下坂部３丁目８番１８号,6610975
8140001053364,株式会社吉田不動産,兵庫県,尼崎市,七松町１丁目３番１−１０５,6600052
8140001053372,セブンリビングジャパン株式会社,兵庫県,尼崎市,南武庫之荘２丁目２４番２７号,6610033
8140001053380,株式会社ソフィア,兵庫県,尼崎市,東園田町５丁目４１番地の５,6610953
8140001053389,株式会社三協アド,兵庫県,尼崎市,武庫町１丁目２６番１２号,6610044
8140001053414,不二工機株式会社,兵庫県,尼崎市,塚口本町６丁目２番８号,6610001
8140001053422,株式会社イーマン,兵庫県,尼崎市,西立花町１丁目１１番２１号,6600054
8140001053439,株式会社セイワ環境サービス,兵庫県,尼崎市,下坂部４丁目６番１５号,6610975
8140001053447,株式会社ショウワ,兵庫県,尼崎市,久々知西町２丁目６番３６号,6610978
8140001053463,株式会社アバンステック,兵庫県,尼崎市,武庫之荘５丁目１２番９号,6610035
8140001053471,株式会社パティオ咲,兵庫県,尼崎市,東園田町４丁目９番１号（エクシード園田北号）,6610953
8140001053488,株式会社関西エコサービス,兵庫県,尼崎市,西昆陽２丁目８番２４号,6610047
8140001053496,株式会社近畿住宅,兵庫県,尼崎市,南塚口町１丁目７番１１号エクセレンスビル１階,6610012
8140001053538,株式会社加治佐設備,兵庫県,尼崎市,富松町１丁目３番５号,6610003
8140001053554,株式会社ｅ−ぷらん,兵庫県,尼崎市,昭和通６丁目２１２番地２−２０３号,6600881
8140001053570,ａｔｅｌｉｅｒ　ｓｉｎ株式会社,兵庫県,尼崎市,御園３丁目１３番１６号,6610984
8140001053579,株式会社日本住建,兵庫県,尼崎市,水堂字鳥林１０８６番地の２２,6600000
8140001053587,松永商事株式会社,兵庫県,尼崎市,大庄中通１丁目５１番地の１ジークレフ大庄２号棟１０５号,6600075
8140001053604,株式会社サカイルーフテック,兵庫県,尼崎市,長洲西通２丁目９番１７号,6600807
8140001053612,株式会社よしもとコーポレーション,兵庫県,尼崎市,竹谷町２丁目１８３番地リベル１８３号,6600876
8140001053620,株式会社シュクレ,兵庫県,尼崎市,名神町３丁目５番２７号,6610021
8140001053629,株式会社ＡＢＥ,兵庫県,尼崎市,名神町３丁目１２番１３号,6610021
8140001053645,株式会社原口技研,兵庫県,尼崎市,浜３丁目２０番１４号,6610967
8140001053653,京阪神ビルセレクト株式会社,兵庫県,尼崎市,若王寺３丁目３番５−３０２号,6610974
8140001053661,株式会社経営教育サービス,兵庫県,尼崎市,大庄中通１丁目９８番地,6600075
8140001053678,株式会社森田総合建築事務所,兵庫県,尼崎市,東難波町５丁目２番１７号,6600892
8140001053694,株式会社ＭＩＣ,兵庫県,尼崎市,東難波町５丁目２−７,6600892
8140001053703,株式会社フェイス,兵庫県,尼崎市,富松町３丁目２３番１７号,6610003
8140001053711,株式会社ヨシヒロサービス,兵庫県,尼崎市,椎堂１丁目３番２号,6610952
8140001053728,前進テック株式会社,兵庫県,尼崎市,大西町３丁目９番２３−２０１号,6610023
8140001053736,株式会社井上工作所,兵庫県,尼崎市,東本町１丁目９５番地の２,6600824
8140001053777,富士サポート株式会社,兵庫県,尼崎市,西本町２丁目９３番地,6600874
8140001053785,株式会社三洋商工,兵庫県,尼崎市,椎堂１丁目９番３５号,6610952
8140001053793,株式会社ウインズ,兵庫県,尼崎市,下坂部１丁目４番１７号,6610975
8140001053810,株式会社垂簾,兵庫県,尼崎市,神田南通３丁目５７−３４−１０１,6600885
8140001053819,株式会社ズヨウ,兵庫県,尼崎市,南武庫之荘６丁目１３番１９号,6610033
8140001053827,株式会社前田住研,兵庫県,尼崎市,南七松町２丁目１０番１１号,6600053
8140001053835,株式会社新浩,兵庫県,尼崎市,南武庫之荘５丁目１４番７号,6610033
8140001053843,株式会社戎開発,兵庫県,尼崎市,神田中通２丁目２８番地,6600884
8140001053868,株式会社ビッグとまとちゃん,兵庫県,尼崎市,稲葉荘４丁目３番７号,6600064
8140001053884,株式会社黒煌,兵庫県,尼崎市,額田町２番２０号,6610962
8140001053892,株式会社ファミール,兵庫県,尼崎市,大西町１丁目３番６号,6610023
8140001053926,株式会社エーティメタル,兵庫県,尼崎市,食満２丁目２１番６号,6610982
8140001053942,株式会社篠木大一商会,兵庫県,尼崎市,東難波町３丁目１番１６号,6600892
8140001053950,丸政株式会社,兵庫県,尼崎市,武庫之荘東２丁目３番６号,6610032
8140001053959,株式会社アイワークスＢＩＯ,兵庫県,尼崎市,南初島町１０−１４５,6600833
8140001053967,株式会社エル・エルパートナーズ,兵庫県,尼崎市,塚口町４丁目５６番３−４０１号,6610002
8140001053983,株式会社アイゼンクリエイト,兵庫県,尼崎市,田能１丁目２番２１号,6610951
8140001053991,株式会社ファンタジー,兵庫県,尼崎市,富松町４丁目１４番２号,6610003
8140001054016,ワイエスフィルターエンジニアリング株式会社,兵庫県,尼崎市,尾浜町１丁目１３番２２号,6610022
8140001054024,メンアットワーク株式会社,兵庫県,尼崎市,大西町１丁目２−２０−３１４,6610023
8140001054032,株式会社タキモト・トータルサービス,兵庫県,尼崎市,南塚口町１丁目７番１１号エクセレンスビル１階,6610012
8140001054049,伊王精密金型株式会社,兵庫県,尼崎市,東園田町３丁目２９番地の１２,6610953
8140001054073,株式会社ピース,兵庫県,尼崎市,稲葉元町１丁目７−３４,6600055
8140001054098,株式会社桝本鉄筋,兵庫県,尼崎市,西昆陽２丁目９番１号パレ武庫川プルミエール１０９２,6610047
8140001054107,株式会社ウイントラスト,兵庫県,尼崎市,上坂部１丁目３番３１−９０７号,6610979
8140001054123,株式会社Ｉテック,兵庫県,尼崎市,塚口町４丁目２０番１号,6610002
8140001054172,株式会社力和,兵庫県,尼崎市,稲葉荘２丁目２０番２号,6600064
8140001054180,株式会社西友開発,兵庫県,尼崎市,大庄中通３丁目５５番地１,6600075
8140001054189,株式会社ヴィクトリー,兵庫県,尼崎市,椎堂１丁目１５番２１号,6610952
8140001054206,株式会社タック,兵庫県,尼崎市,東園田町３丁目３３番地の５,6610953
8140001054214,株式会社ハートフルライフ,兵庫県,尼崎市,南塚口町２丁目３６番５号,6610012
8140001054230,富士樹脂加工株式会社,兵庫県,尼崎市,善法寺町２７番３０号,6610973
8140001054239,株式会社エヌ・トラスト,兵庫県,尼崎市,食満３丁目２６番２３号,6610982
8140001054247,株式会社グリーンクリエイト,兵庫県,尼崎市,大庄中通２丁目３６番１号,6600075
8140001054271,株式会社Ｈ＆Ｇ　ＩＮＴＥＲＮＡＴＩＯＮＡＬ,兵庫県,尼崎市,立花町３丁目１２番１号,6610025
8140001054288,株式会社マイテック,兵庫県,尼崎市,立花町２丁目３番３号,6610025
8140001054296,株式会社フタバ,兵庫県,尼崎市,水堂町３丁目１４番２１号,6610026
8140001054305,株式会社四国日興サービス,兵庫県,尼崎市,上坂部１丁目２１０番３の１０４,6610979
8140001054313,株式会社Ｆ・Ｆ電機,兵庫県,尼崎市,神崎町２３番１２号,6610964
8140001054321,株式会社ＣＲＥＳＴ,兵庫県,尼崎市,南武庫之荘２丁目４番２２−３０３号,6610033
8140001054338,スターソフト株式会社,兵庫県,尼崎市,大庄中通１丁目３番地の８,6600075
8140001054346,株式会社モトヤマ,兵庫県,尼崎市,潮江１丁目４番２−７０１号,6610976
8140001054354,株式会社成友,兵庫県,尼崎市,尾浜町３丁目２番２１号,6610022
8140001054362,株式会社シンセアー,兵庫県,尼崎市,開明町２丁目１１番地神鋼ビル６０５号,6600862
8140001054370,革工房おおがき株式会社,兵庫県,尼崎市,南武庫之荘８丁目２９番２１号,6610033
8140001054379,株式会社タカラＴＩＣ,兵庫県,尼崎市,崇徳院２丁目１４５−４,6600071
8140001054387,ＷＣＰ株式会社,兵庫県,尼崎市,東園田町４丁目１４９番地の１１,6610953
8140001054395,株式会社阪神ケータリングサービス,兵庫県,尼崎市,上ノ島町１丁目２２番５号−１０２号,6610014
8140001054404,Ｙａｗｄ建築室株式会社,兵庫県,尼崎市,尾浜町３丁目２７番９号,6610022
8140001054412,株式会社Ｔ・Ｈ・システム,兵庫県,尼崎市,塚口町５丁目１９番１号,6610002
8140001054429,株式会社プログレス,兵庫県,尼崎市,東園田町５丁目４６番地８,6610953
8140001054437,株式会社管総研,兵庫県,尼崎市,浜１丁目１番１号,6610967
8140001054445,株式会社三和商事,兵庫県,尼崎市,西字荻ノ戸１７９５番地,
8140001054461,株式会社松商セイビ,兵庫県,尼崎市,武庫豊町３丁目６番１−５０３号,6610045
8140001054478,株式会社レジェンド,兵庫県,尼崎市,神田中通５丁目１８２番地の６,6600884
8140001054486,株式会社ヨシプロ,兵庫県,尼崎市,大西町１丁目１４番２７号,6610023
8140001054494,ＡＭＡＮＡＮ‐ＬＯＧＩ株式会社,兵庫県,尼崎市,元浜町１丁目８３番地,6600085
8140001054503,株式会社メルティングポット,兵庫県,尼崎市,富松町１丁目３番２１−２０９号,6610003
8140001054511,株式会社サーモグレーズ関西,兵庫県,尼崎市,大島１丁目２番１号,6600076
8140001054528,株式会社リューズ,兵庫県,尼崎市,七松町２丁目３番６号１Ｆ,6600052
8140001054544,株式会社弘栄テック,兵庫県,尼崎市,塚口本町３丁目８番６号,6610001
8140001054552,株式会社ミートショップ丸正,兵庫県,尼崎市,杭瀬本町２丁目１７番３号,6600814
8140001054560,株式会社ＡＰＥＸ設計,兵庫県,尼崎市,西本町３丁目３３番地,6600874
8140001054569,パル株式会社,兵庫県,尼崎市,南塚口町１丁目１０番１５号,6610012
8140001054577,株式会社ＳＫライナー近畿,兵庫県,尼崎市,大浜町１丁目１番地,6600095
8140001054585,株式会社ナカヤマ商事,兵庫県,尼崎市,潮江２丁目３４番１号,6610976
8140001054602,株式会社ウェルリサーチ,兵庫県,尼崎市,南塚口町８丁目４６番２号,6610012
8140001054619,日鉄ファインチューブ株式会社,兵庫県,尼崎市,扶桑町１番２１号,6600891
8140001054643,株式会社コーラルブルー,兵庫県,尼崎市,南武庫之荘３丁目２４番１５号,6610033
8140001054651,マゼランシステムズジャパン株式会社,兵庫県,尼崎市,開明町２丁目１１番地,6600862
8140001054676,Ｂｌｕｅ　Ｒｅｓｉｓｔａｎｃｅ株式会社,兵庫県,尼崎市,武庫之荘１丁目１９番１２号,6610035
8140001054684,正和精機株式会社,兵庫県,尼崎市,次屋３丁目６番６０号,6610965
8140001054692,株式会社ＣｏＣｏプラス,兵庫県,尼崎市,東園田町３丁目３７番地の７,6610953
8140001054701,株式会社Ｎｅｗ　Ｏｒｉｅｎｔ,兵庫県,尼崎市,稲葉荘１丁目１９番２２−１０２号,6600064
8140001054726,株式会社イワモト,兵庫県,尼崎市,南武庫之荘１丁目１９番９号アクト武庫之荘４階,6610033
8140001054734,株式会社オフィス福田,兵庫県,尼崎市,東難波町５丁目７番１７号,6600892
8140001054742,ｅ・八佰屋株式会社,兵庫県,尼崎市,上坂部３丁目１１番１号,6610979
8140001054775,カワモト電建株式会社,兵庫県,尼崎市,次屋３丁目３番２１号,6610965
8140001054783,株式会社ミモザ,兵庫県,尼崎市,武庫之荘東２丁目２９番２９号,6610032
8140001054791,エスケーケー株式会社,兵庫県,尼崎市,南武庫之荘１０丁目１５−１３−２０２,6610033
8140001054809,株式会社Ｂ−ｔｏｏ　ｃｏｒｐｏｒａｔｉｏｎ,兵庫県,尼崎市,田能１丁目３番２０号,6610951
8140001054833,株式会社１６８,兵庫県,尼崎市,立花町１丁目２１番１１号２０７号室,6610025
8140001054841,株式会社日伸,兵庫県,尼崎市,西長洲町１丁目６−４７,6600805
8140001054858,ビレットジャパン株式会社,兵庫県,尼崎市,南武庫之荘８丁目１５番２１号,6610033
8140001054882,エステック株式会社,兵庫県,尼崎市,七松町１丁目１３番９号,6600052
8140001054890,株式会社ナインハンドレッドコーポレーション,兵庫県,尼崎市,下坂部２丁目２７番１２号,6610975
8140001054899,株式会社エストワ,兵庫県,尼崎市,東園田町６丁目１２０番地の１７,6610953
8140001054908,東神サービス株式会社,兵庫県,尼崎市,武庫町２丁目１番２０号,6610044
8140001054916,株式会社ニッコーコーポレーション,兵庫県,尼崎市,東塚口町２丁目３番４１号,6610011
8140001054924,山英グリーン株式会社,兵庫県,尼崎市,上坂部２丁目６番６号,6610979
8140001054932,株式会社パシフィックプラス,兵庫県,尼崎市,潮江１丁目２２番１号１１９,6610976
8140001054940,株式会社レトリカ,兵庫県,尼崎市,下坂部４丁目８番２２号,6610975
8140001054949,株式会社パシフィック,兵庫県,尼崎市,潮江１丁目２２番１号１１９,6610976
8140001054957,株式会社セレモニグラス,兵庫県,尼崎市,南武庫之荘１２丁目２０番９号,6610033
8140001054965,株式会社浜崎,兵庫県,尼崎市,杭瀬本町２丁目３−１２,6600814
8140001054973,株式会社エアテック,兵庫県,尼崎市,東難波町３丁目２２番１号,6600892
8140001054981,株式会社ライフアーキテクト,兵庫県,尼崎市,南塚口町５丁目１０番１−１０３号,6610012
8140001055006,株式会社路人舎,兵庫県,尼崎市,額田町１３番２０号,6610962
8140001055022,株式会社関西ケミカル,兵庫県,尼崎市,七松町１丁目２０番１３号仲村マンション１０３号,6600052
8140001055030,株式会社楓商事,兵庫県,尼崎市,塚口本町３丁目２９番２５号ディア・コート塚新２０５号,6610001
8140001055039,株式会社ほくと,兵庫県,尼崎市,東園田町５丁目１１３番地２リーフエイジ園田１階,6610953
8140001055047,三和工業株式会社,兵庫県,尼崎市,道意町６丁目５６番７,6600083
8140001055055,株式会社ＨｙｐｅｒＦｏｒｃｅ,兵庫県,尼崎市,南武庫之荘６丁目１７−１９−１０１,6610033
8140001055063,株式会社ＭＡＸ　ＴＲＡＤＩＮＧ,兵庫県,尼崎市,浜田町４丁目６３番２号,6600062
8140001055071,ショウ興業株式会社,兵庫県,尼崎市,東難波町４丁目１６番１−１１５号,6600892
8140001055088,株式会社アサヒ工業,兵庫県,尼崎市,戸ノ内町６丁目１２番１３号,6610961
8140001055096,株式会社ワンズプロ,兵庫県,尼崎市,大庄北３丁目３１番１７号,6600063
8140001055105,株式会社エステート中村,兵庫県,尼崎市,塚口本町１丁目２番３５号,6610001
8140001055113,株式会社関西創建,兵庫県,尼崎市,宮内町２丁目５６番地,6600877
8140001055121,株式会社アクアデリック,兵庫県,尼崎市,大島１丁目１番７号,6600076
8140001055138,三興開発株式会社,兵庫県,尼崎市,西本町３丁目７４番地,6600874
8140001055146,株式会社なごみ,兵庫県,尼崎市,塚口本町３丁目３２番１５号,6610001
8140001055162,テクニカル・ネット株式会社,兵庫県,尼崎市,塚口本町２丁目３２番１５号,6610001
8140001055170,株式会社竹澤鉄工所,兵庫県,尼崎市,大浜町１丁目１番１６号,6600095
8140001055179,株式会社アレグロ,兵庫県,尼崎市,神田中通５丁目１９９番地,6600884
8140001055229,株式会社日本商文社,兵庫県,尼崎市,杭瀬北新町４丁目９番１号エスクイーナ尼崎４０３号,6600815
8140001055237,株式会社モリショウ,兵庫県,尼崎市,七松町１丁目１３番２３号,6600052
8140001055245,株式会社ＲＯＯＫ,兵庫県,尼崎市,西難波町６丁目１４番３６号,6600893
8140001055261,株式会社いい老後,兵庫県,尼崎市,南塚口町１丁目１５番１５号,6610012
8140001055278,株式会社濱野,兵庫県,尼崎市,善法寺町１−１,6610973
8140001055294,株式会社タカタニ,兵庫県,尼崎市,南塚口町８丁目１４番２４号,6610012
8140001055303,アルマーエンジニア株式会社,兵庫県,尼崎市,西長洲町３丁目１番６５号,6600805
8140001055311,株式会社デントグリップ,兵庫県,尼崎市,武庫町２丁目１７番１０号,6610044
8140001055336,アイテック工業株式会社,兵庫県,尼崎市,道意町６丁目３５番地,6600083
8140001055344,あさひ建設管理株式会社,兵庫県,尼崎市,潮江２丁目１９番７号−６０１,6610976
8140001055352,八恵商事株式会社,兵庫県,尼崎市,神田北通４丁目４６番１−１１０１号,6600883
8140001055385,津和商事株式会社,兵庫県,尼崎市,西本町２丁目４０番地の６,6600874
8140001055410,株式会社サンユー,兵庫県,尼崎市,杭瀬北新町３丁目３番１７号,6600815
8140001055419,グローバルアシスト株式会社,兵庫県,尼崎市,小中島３丁目１７番２３号,6610972
8140001055435,株式会社くらし計画,兵庫県,尼崎市,南塚口町１丁目２６番２８号南塚口ビル本館,6610012
8140001055443,エス・ケイプラン株式会社,兵庫県,尼崎市,南塚口町８丁目１９番７号,6610012
8140001055451,阪神ＦＲＰ工業株式会社,兵庫県,尼崎市,田能６丁目９番１７号,6610951
8140001055468,株式会社Ｔ．Ｉ．ＹＡＭＡＴＯ,兵庫県,尼崎市,長洲本通２丁目９番６０号,6600803
8140001055476,株式会社ＲＡＮＫ,兵庫県,尼崎市,神田北通５丁目１３３−１サンプラザ尼崎１８、２０５号,6600883
8140001055484,株式会社ヨシヲ建設工業,兵庫県,尼崎市,下坂部４丁目７番２８号,6610975
8140001055492,日本バイオクリニカルスポーツ研究株式会社,兵庫県,尼崎市,武庫之荘２丁目１９番１５−１０３号,6610035
8140001055501,ゼロラボ株式会社,兵庫県,尼崎市,南初島町１０番１３６号,6600833
8140001055518,株式会社ファミリー,兵庫県,尼崎市,杭瀬寺島１丁目３番２７号,6600813
8140001055526,株式会社フリーゲン,兵庫県,尼崎市,常吉１丁目３番４号,6610042
8140001055542,株式会社エース・リサーチ,兵庫県,尼崎市,大庄西町４丁目３番ルミエール千鳥７棟４０６号,6600077
8140001055559,株式会社Ｃａｐｉｔａｌ　Ｂｒａｉｎ,兵庫県,尼崎市,神田北通６丁目１７５番地,6600883
8140001055567,株式会社ときわ興産,兵庫県,尼崎市,塚口町３丁目２５番１号,6610002
8140001055575,ヒーリングライフカンパニー株式会社,兵庫県,尼崎市,大庄西町４丁目６番１０号,6600077
8140001055591,吉田産業株式会社,兵庫県,尼崎市,上ノ島町２丁目２番２６−１１０号,6610014
8140001055600,株式会社潮江工業,兵庫県,尼崎市,東園田町７丁目２番地の８,6610953
8140001055609,株式会社リンクス,兵庫県,尼崎市,東難波町５丁目１７番３号,6600892
8140001055617,株式会社エコリーフ,兵庫県,尼崎市,水堂町１丁目１２番１−９０６号,6610026
8140001055633,株式会社ＡｃｔｏＷ,兵庫県,尼崎市,杭瀬北新町３丁目２番４１号,6600815
8140001055641,株式会社アイディール・デザイン,兵庫県,尼崎市,西難波町６丁目３番１５号,6600893
8140001055658,アーラ株式会社,兵庫県,尼崎市,神田中通４丁目８６番地の４,6600884
8140001055666,富士監理工業株式会社,兵庫県,尼崎市,東園田町８丁目９４番地の９,6610953
8140001055674,株式会社ＢＯＴＯ,兵庫県,尼崎市,杭瀬南新町１丁目６番１８号,6600822
8140001055682,株式会社ＴＫＳ,兵庫県,尼崎市,食満３丁目４番１−７１０号,6610982
8140001055690,株式会社ＫＪ,兵庫県,尼崎市,立花町２丁目４番６号,6610025
8140001055699,あさひ貿易株式会社,兵庫県,尼崎市,水堂町１丁目４番３号,6610026
8140001055716,株式会社ｇｌｉｔｔｅｒ,兵庫県,尼崎市,武庫之荘東１丁目１６番３号,6610032
8140001055724,西経営企画株式会社,兵庫県,尼崎市,東園田町３丁目７８番地の２５,6610953
8140001055732,ＡＰＥＣ株式会社,兵庫県,尼崎市,武庫之荘９丁目３０番７号,6610035
8140001055749,株式会社ＳＨＩＰエンバイロメント,兵庫県,尼崎市,次屋３丁目１１番２１号,6610965
8140001055757,株式会社はや川,兵庫県,尼崎市,武庫川町２丁目２０番１６号,6600084
8140001055765,株式会社拓,兵庫県,尼崎市,長洲西通１丁目２番３号,6600807
8140001055773,株式会社アーク,兵庫県,尼崎市,丸島町２６番地,6600086
8140001055781,株式会社穂高製作所,兵庫県,尼崎市,東園田町８丁目５９番地の６,6610953
8140001067356,メイビクリエイト株式会社,兵庫県,尼崎市,次屋２丁目１２番１２号,6610965
8140001067389,株式会社レインコーポレーション,兵庫県,尼崎市,塚口町２丁目１８番地,6610002
8140001067439,株式会社夕斐建設,兵庫県,尼崎市,若王寺２丁目２７番６号,6610974
8140001067471,株式会社ホットミルク,兵庫県,尼崎市,崇徳院３丁目１７番地の６,6600071
8140001067777,株式会社ｔｈｒｅｅ,兵庫県,尼崎市,南塚口町２丁目１３−１９,6610012
8140001069699,株式会社鳴尾マリーナ,兵庫県,尼崎市,丸島町２０番地の２４,6600086
8140001070905,株式会社リコライフ,兵庫県,尼崎市,昭和通２丁目１２番３号,6600881
8140001073701,株式会社シーズ,兵庫県,尼崎市,武庫之荘４丁目１０番１５号,6610035
8140001074220,株式会社ヴィーヴォ,兵庫県,尼崎市,武庫町２丁目２４番１号,6610044
8140001077867,創建工業株式会社,兵庫県,尼崎市,七松町３丁目５番３号,6600052
8140001078782,阪神金物株式会社,兵庫県,尼崎市,西昆陽１丁目９番２３号,6610047
8140001083675,エムズホーム株式会社,兵庫県,尼崎市,塚口町１丁目１５番地１５−１０２号,6610002
8140001086356,株式会社スペシャルインフィールド,兵庫県,尼崎市,東難波町３丁目７番７号,6600892
8140001086463,ジャパンセキュリティ株式会社,兵庫県,尼崎市,崇徳院１丁目１５番地,6600071
8140001086661,株式会社Ｃｈａｒｍ　Ａｐｐｅａｌ,兵庫県,尼崎市,武庫豊町２丁目１０番１７号,6610045
8140001086785,株式会社アイエス設備,兵庫県,尼崎市,名神町３丁目５番４号,6610021
8140001086810,株式会社宴,兵庫県,尼崎市,立花町２丁目２番１号新立花ビル１階,6610025
8140001086843,ナチュラルライフ株式会社,兵庫県,尼崎市,高田町１４番２３号エステート松川３０２,6610963
8140001087081,株式会社稲葉建設,兵庫県,尼崎市,戸ノ内町２丁目１０番１０号,6610961
8140001087172,株式会社永山企画,兵庫県,尼崎市,大庄西町４丁目８番２０号,6600077
8140001087239,株式会社テクノハウス,兵庫県,尼崎市,中在家町４丁目５２５番地,6600851
8140001087247,株式会社あゆみセレモニー,兵庫県,尼崎市,名神町１丁目１２番５号,6610021
8140001087494,株式会社トラスト,兵庫県,尼崎市,富松町３丁目１番５号,6610003
8140001087841,株式会社ベルテックス,兵庫県,尼崎市,南七松町２丁目１４番２号,6600053
8140001087932,株式会社ピコ,兵庫県,尼崎市,塚口本町１丁目８番５号,6610001
8140001088179,株式会社Ｋ＆Ｋ,兵庫県,尼崎市,名神町１丁目１８番２５号,6610021
8140001088807,株式会社ベストパートナーズ,兵庫県,尼崎市,南塚口町２丁目６番２７号,6610012
8140001089086,アマルフィ株式会社,兵庫県,尼崎市,立花町１丁目２５番２５−２０７号,6610025
8140001089177,株式会社ＡＩｓ,兵庫県,尼崎市,浜２丁目３−１６,6610967
8140001089409,株式会社カノン,兵庫県,尼崎市,上坂部２丁目２３番１−６０３号,6610979
8140001089730,株式会社ラヴィー,兵庫県,尼崎市,東園田町５丁目１７番１−３０３号,6610953
8140001089771,株式会社吉藤商店,兵庫県,尼崎市,猪名寺２丁目１５番３２号,6610981
8140001089904,ハウスクリエイション株式会社,兵庫県,尼崎市,富松町１丁目３４番１−３０３号,6610003
8140001090110,コスモネット株式会社,兵庫県,尼崎市,尾浜町２丁目８番４号,6610022
8140001090127,株式会社コーディアル,兵庫県,尼崎市,武庫之荘６丁目２４番１１号,6610035
8140001090275,株式会社ＨＩＭＥＪＩ　Ｓａｆｅｔｙ　Ｓｃｈｏｏｌ,兵庫県,尼崎市,鶴町７番地の８,6600092
8140001090408,株式会社ソーイングＢＯＸ,兵庫県,尼崎市,塚口町１丁目２番地の７,6610002
8140001090481,フォースカンパニー株式会社,兵庫県,尼崎市,塚口町４丁目２０番地の９,6610002
8140001090820,株式会社メトロ尼崎,兵庫県,尼崎市,神田中通６丁目２２７番地の２,6600884
8140001091323,株式会社燦,兵庫県,尼崎市,西立花町１丁目１番地シャルム橘１Ｆ,6600054
8140001091637,株式会社ＡＳＣ,兵庫県,尼崎市,竹谷町２丁目１８３番地リベル１００２号,6600876
8140001091703,株式会社プロジェクトマキア,兵庫県,尼崎市,下坂部２丁目１６番１４号シビック尼崎２０３号,6610975
8140001091777,株式会社Ｇｕｔｓ＆Ｃｏｍｐａｎｙ,兵庫県,尼崎市,浜田町４丁目６６−１,6600062
8140001091785,株式会社山里食品,兵庫県,尼崎市,潮江１丁目２８番１２号,6610976
8140001091835,株式会社北久,兵庫県,尼崎市,西川２丁目１３番３４号,6610966
8140001091851,株式会社ウエダ建装,兵庫県,尼崎市,南塚口町５丁目１４番１９号,6610012
8140001092049,シンセイユニット株式会社,兵庫県,尼崎市,西長洲町２丁目１４番１１号,6600805
8140001092180,リブネクスト株式会社,兵庫県,尼崎市,塚口町１丁目１３番地の８サウザンド塚口２Ｆ,6610002
8140001092247,アールイーホーム株式会社,兵庫県,尼崎市,西難波町５丁目１−３１,6600893
8140001092536,株式会社ＫｒｅｉｓＤａｎｋ,兵庫県,尼崎市,南塚口町１丁目１０番１５号,6610012
8140001092585,Ｈ．ＨＡＳＨＩＭＯＴＯ株式会社,兵庫県,尼崎市,七松町２丁目１９番５号,6600052
8140001092965,株式会社飛田電業所,兵庫県,尼崎市,西難波町１丁目２０番３号,6600893
8140001093014,株式会社秀興組,兵庫県,尼崎市,元浜町１丁目９１番地の６,6600085
8140001093162,株式会社セルフィッシュ,兵庫県,尼崎市,道意町６丁目２−２６−５０３,6600083
8140001093492,株式会社コジマ工業,兵庫県,尼崎市,富松町３丁目６番１２号,6610003
8140001093501,株式会社茶の道,兵庫県,尼崎市,浜３丁目２番１０号,6610967
8140001093781,株式会社トップライスフィールド,兵庫県,尼崎市,武庫川町２丁目１１番地の１９,6600084
8140001093807,ファーストトレード株式会社,兵庫県,尼崎市,御園町２７番地の３,6600861
8140001094053,ドリームパワーズ株式会社,兵庫県,尼崎市,金楽寺町２丁目１１番１２号,6600806
8140001094292,株式会社阪神こころと発達サポートセンター,兵庫県,尼崎市,昭和通４丁目１３１番地宮崎金庫店ビル３階,6600881
8140001094391,株式会社セントラル,兵庫県,尼崎市,武庫之荘本町２丁目２２番１２号,6610031
8140001094433,株式会社ヤマショウサービス,兵庫県,尼崎市,道意町６丁目３番１−３０２,6600083
8140001094490,株式会社薩摩,兵庫県,尼崎市,久々知２丁目２５番地１２号,6610977
8140001094813,株式会社ユニットレボ,兵庫県,尼崎市,上坂部２丁目３７番３９号,6610979
8140001095150,株式会社Ｒｙｕｎｏｓ,兵庫県,尼崎市,潮江３丁目１８番６号,6610976
8140001095340,オーアンドユー株式会社,兵庫県,尼崎市,西本町１丁目６８番２号,6600874
8140001095951,株式会社ユニバーサル・ライフ,兵庫県,尼崎市,南塚口町２丁目１７番１−３１２号,6610012
8140001095992,株式会社エルズプライム,兵庫県,尼崎市,長洲西通１丁目１番１７号,6600807
8140001096132,株式会社ＦＯＲＭＡＴＩＯＮ,兵庫県,尼崎市,塚口本町１丁目１５番２１号,6610001
8140001096248,ＲＥトラスト株式会社,兵庫県,尼崎市,東難波町５丁目２番１７号シンコム尼崎ビル４Ｆ,6600892
8140001096669,株式会社ＨＩＲＯＴＥＣ,兵庫県,尼崎市,浜田町３丁目８７番地の２,6600062
8140001096743,Ｊ　ａｎｄ　Ｆ株式会社,兵庫県,尼崎市,武庫豊町３丁目３−３,6610045
8140001096875,株式会社隆昌,兵庫県,尼崎市,南武庫之荘８丁目３３番５号,6610033
8140001096925,Ａチーム株式会社,兵庫県,尼崎市,潮江１丁目５番１号,6610976
8140001096990,株式会社海心,兵庫県,尼崎市,武庫川町２丁目１９番地の３,6600084
8140001097023,株式会社リアライズスペース,兵庫県,尼崎市,武庫町２丁目７番３号,6610044
8140001097295,株式会社リベルタ,兵庫県,尼崎市,上ノ島町１丁目３４番２９号,6610014
8140001097403,株式会社Ｐｌｅａｔｓコンサルティングサービス,兵庫県,尼崎市,南武庫之荘１丁目２３番９号,6610033
8140001097493,株式会社イツカ,兵庫県,尼崎市,尾浜町１丁目３２番２−７０８号,6610022
8140001097551,株式会社Ａ−ｐａｒｋ,兵庫県,尼崎市,東園田町１丁目２１０番地ルピナス１０２号,6610953
8140001097626,株式会社関西鉄筋,兵庫県,尼崎市,杭瀬南新町４丁目１番２５−５０５号,6600822
8140001097857,株式会社クロストップ通信,兵庫県,尼崎市,上ノ島町２丁目１６番１−１０２号,6610014
8140001097923,株式会社ＴＡＭＩ,兵庫県,尼崎市,開明町２丁目４７番地の５,6600862
8140001097980,株式会社三木,兵庫県,尼崎市,大庄川田町３２番地,6600072
8140001098129,株式会社誠進,兵庫県,尼崎市,昭和通２丁目７番１号,6600881
8140001098137,株式会社フォーワンスタイル,兵庫県,尼崎市,立花町１丁目１４番１７号フォーワンビル２Ｆ,6610025
8140001098145,株式会社ウェブデア,兵庫県,尼崎市,大庄西町３丁目２１番８号,6600077
8140001098260,株式会社こころの里,兵庫県,尼崎市,大庄西町１丁目５番２号,6600077
8140001098632,株式会社小寺設備工業,兵庫県,尼崎市,小中島３丁目８番１３号,6610972
8140001098970,司建設工業株式会社,兵庫県,尼崎市,南塚口町１丁目９番１２−２０４号,6610012
8140001099259,株式会社コスモライン,兵庫県,尼崎市,食満２丁目２番１号,6610982
8140001099713,株式会社誠和,兵庫県,尼崎市,東難波町４丁目１１番５号,6600892
8140001099738,株式会社松俊商会,兵庫県,尼崎市,南塚口町６丁目１０番２５号松俊ビル,6610012
8140001099754,株式会社ＲＳ−ｊａｐａｎ,兵庫県,尼崎市,稲葉荘１丁目２２番９号,6600064
8140001099977,株式会社アーツ,兵庫県,尼崎市,額田町５番５６号,6610962
8140001100141,株式会社エヌアセット,兵庫県,尼崎市,南七松町１丁目９−１１,6600053
8140001100579,株式会社清水重量,兵庫県,尼崎市,南武庫之荘８丁目１番１０−１０５号,6610033
8140001100686,株式会社ＯｆｆｉｃｅｗｏｒｋＲ,兵庫県,尼崎市,長洲中通２丁目１番１１号,6600802
8140001100703,株式会社千恵企画,兵庫県,尼崎市,昭和南通４丁目６８番１７号,6600882
8140001100851,株式会社Ｅ＆Ｔサポート,兵庫県,尼崎市,神崎町１５番１２号,6610964
8140001100950,株式会社赤米,兵庫県,尼崎市,東本町３丁目１２番地２,6600824
8140001101107,株式会社エムセレクション,兵庫県,尼崎市,塚口本町３丁目２７番２号,6610001
8140001101445,株式会社日本アレンサービス,兵庫県,尼崎市,長洲本通３丁目８番１６号,6600803
8140001101453,アズローバル株式会社,兵庫県,尼崎市,西立花町３丁目４−１パークビル２０１,6600054
8140001101585,関西止水工事株式会社,兵庫県,尼崎市,名神町３丁目２番３号,6610021
8140001101619,ゼンスイシステム株式会社,兵庫県,尼崎市,尾浜町１丁目２９番１１号,6610022
8140001101676,宝王株式会社,兵庫県,尼崎市,東難波町５丁目９番７号,6600892
8140001101701,株式会社シュウザン,兵庫県,尼崎市,昭和通１丁目１４番１号,6600881
8140001101775,株式会社友晟,兵庫県,尼崎市,水明町３０番地,6600082
8140001101783,株式会社ＴＯＲＩＳＨＩＮ,兵庫県,尼崎市,元浜町５丁目２９−１,6600085
8140001101882,株式会社健仁会,兵庫県,尼崎市,潮江１丁目１４番１−１０１号,6610976
8140001102071,ハナワコーポレーション株式会社,兵庫県,尼崎市,食満７丁目１１番１−１０５号,6610982
8140001102179,株式会社ユカリ,兵庫県,尼崎市,崇徳院２丁目１４６番地,6600071
8140001102311,株式会社ＫＸ,兵庫県,尼崎市,南武庫之荘３丁目２４番２０号,6610033
8140001102344,橋本工業株式会社,兵庫県,尼崎市,元浜町４丁目８５番２号,6600085
8140001102352,株式会社リンクス,兵庫県,尼崎市,武庫之荘５丁目４５番６５号２Ｆ,6610035
8140001102583,株式会社まんだら,兵庫県,尼崎市,元浜町５丁目４３番地の２,6600085
8140001102625,フューズホールディングス株式会社,兵庫県,尼崎市,武庫之荘６丁目２４番１６号,6610035
8140001102666,株式会社リプレイス,兵庫県,尼崎市,神田北通３丁目３７番地３,6600883
8140001103020,株式会社レアリザ,兵庫県,尼崎市,南武庫之荘１丁目２４番１号福々邸壱番館１０３号室,6610033
8140001103029,ミヤビ電装株式会社,兵庫県,尼崎市,東浜町６番地の１,6600844
8140001103202,啓輝貿易商事株式会社,兵庫県,尼崎市,戸ノ内町３丁目２１番１０号,6610961
8140001103235,ケンセイ工業株式会社,兵庫県,尼崎市,神崎町２８番１０号,6610964
8140001103243,株式会社和泉,兵庫県,尼崎市,昭和通１丁目１８番５号,6600881
8140001103350,株式会社うの花,兵庫県,尼崎市,南塚口町１丁目２０−３ヌーヴェル塚口３０２号室,6610012
8140001103359,株式会社フラワー,兵庫県,尼崎市,七松町１丁目１０番２０号,6600052
8140001103532,株式会社ウメザワ商会,兵庫県,尼崎市,戸ノ内町５丁目７番１３号,6610961
8140001103607,株式会社Ｕｐｄａｔｅ,兵庫県,尼崎市,猪名寺１丁目２５番５２号,6610981
8140001103730,ジェイサポートエンジニア株式会社,兵庫県,尼崎市,開明町３丁目６番地スヴニールイグレック９Ｅ２号,6600862
8140001103747,下薗電機株式会社,兵庫県,尼崎市,大庄西町１丁目２０番１３号,6600077
8140001103771,株式会社グッドキャッチ,兵庫県,尼崎市,御園町３９番地３Ｆ,6600861
8140001103838,株式会社ハヤサキ,兵庫県,尼崎市,上坂部３丁目３９番２４号,6610979
8140001103879,三友プロパティマネジメント株式会社,兵庫県,尼崎市,塚口本町６丁目１番６号,6610001
8140001104167,水木貿易株式会社,兵庫県,尼崎市,南塚口町１丁目２−８−３０８,6610012
8140001104316,株式会社プロスペロ,兵庫県,尼崎市,昭和通４丁目１２７番地,6600881
8140001104679,株式会社はれるや青果,兵庫県,尼崎市,神田北通６丁目１５３番地,6600883
8140001104893,株式会社ローリエ,兵庫県,尼崎市,南武庫之荘２丁目２１番１９号,6610033
8140001104910,株式会社ハウスコミュニケーション住宅販売,兵庫県,尼崎市,東難波町５丁目８番２６号,6600892
8140001105009,株式会社エイチエスジェイ,兵庫県,尼崎市,高田町２番２号３Ｆ,6610963
8140001105074,株式会社一心創体,兵庫県,尼崎市,三反田町２丁目６番２０号,6610024
8140001105388,株式会社ノースビレッジ,兵庫県,尼崎市,立花町２丁目１６番２９号１,6610025
8140001105462,株式会社ＨＳＫ,兵庫県,尼崎市,潮江１丁目３番１２−２２２５号,6610976
8140001105586,株式会社大陣建設,兵庫県,尼崎市,戸ノ内町３丁目３３番１８号,6610961
8140001105966,株式会社沖本工業,兵庫県,尼崎市,水堂町２丁目２９番９号,6610026
8140001105974,株式会社ＫＩＴＴＹ　ＣＡＴ,兵庫県,尼崎市,長洲西通１丁目３番１−４０４号,6600807
8140001106023,株式会社ゼネラル・サポート,兵庫県,尼崎市,武庫之荘東２丁目１４番２２号,6610032
8140001106130,トレース管理株式会社,兵庫県,尼崎市,南塚口町７丁目２９番１１号,6610012
8140001106675,Ｋ・Ｄサービス株式会社,兵庫県,尼崎市,神崎町１６番１８号,6610964
8140001106758,Ｋ，ｓホスフード株式会社,兵庫県,尼崎市,武庫之荘１丁目２番８号,6610035
8140001107062,株式会社エコ・スマイル,兵庫県,尼崎市,大島２丁目１５番４号,6600076
8140001107319,新日本電力株式会社,兵庫県,尼崎市,南武庫之荘１丁目８番２４号,6610033
8140001107335,株式会社一心フードサービス,兵庫県,尼崎市,浜田町４丁目２３番地の１,6600062
8140001107343,株式会社大城組,兵庫県,尼崎市,小中島１丁目１３番１２号,6610972
8140001107401,株式会社レギオン,兵庫県,尼崎市,武庫之荘本町３丁目１５番１２号,6610031
8140001107475,株式会社マサ建設,兵庫県,尼崎市,築地２丁目１番２０号,6600858
8140001107574,吉村電気株式会社,兵庫県,尼崎市,稲葉荘２丁目１４番２８号,6600064
8140001107723,株式会社ＬＵＡＵ,兵庫県,尼崎市,潮江１丁目２９番１０号ＬＵＡＵ美容室,6610976
8140001107731,牧田興業株式会社,兵庫県,尼崎市,杭瀬北新町４丁目８−２１,6600815
8140001107756,株式会社幸平,兵庫県,尼崎市,西難波町１丁目５番１４号,6600893
8140001107772,株式会社高照興産,兵庫県,尼崎市,武庫町４丁目６番４号,6610044
8140001107913,株式会社順宣,兵庫県,尼崎市,東園田町６丁目１１４番地の２４,6610953
8140001108201,株式会社パークリソシア,兵庫県,尼崎市,水堂町３丁目１番２１号,6610026
8140001108333,ＣＯＲＯＮＡ株式会社,兵庫県,尼崎市,潮江１丁目２１番１−１１１号,6610976
8140001108440,株式会社建創社,兵庫県,尼崎市,南武庫之荘１０丁目４番１５号,6610033
8140001108580,株式会社トッドノワール,兵庫県,尼崎市,御園町５４番地ローレルタワー尼崎９０１号,6600861
8140001108688,株式会社山崎設備,兵庫県,尼崎市,猪名寺２丁目２１番１５号,6610981
8140001108886,株式会社ＫＹＯＵＤＯＵ,兵庫県,尼崎市,昭和通３丁目９０番地１−３０７,6600881
8140001108977,株式会社村上ファンド,兵庫県,尼崎市,南七松町１丁目１番１０号,6600053
8140001109133,株式会社マーテル,兵庫県,尼崎市,栗山町１丁目１２番６号,6610013
8140001109281,株式会社ヒューマンボンド,兵庫県,尼崎市,東園田町５丁目６０番地の１,6610953
8140001109356,株式会社イーテック,兵庫県,尼崎市,戸ノ内町６丁目１２番１３号,6610961
8140001109364,株式会社ＣＯＣＯＰＡＬＭ,兵庫県,尼崎市,西本町４丁目２７番地の３,6600874
8140001109380,株式会社ＴＫＳ,兵庫県,尼崎市,額田町８−１５,6610962
8140001109570,株式会社ＳｈｉｎＫ,兵庫県,尼崎市,塚口本町５丁目５番１号,6610001
8140001109686,宝和株式会社,兵庫県,尼崎市,南竹谷町１丁目１１番地３,6600875
8140001109934,株式会社ＥＤＧＥ　ＪＡＰＡＮ,兵庫県,尼崎市,長洲本通２丁目１番１９号,6600803
8140001110025,株式会社ＫＡＩ,兵庫県,尼崎市,南武庫之荘１１丁目９番８号,6610033
8140001110157,株式会社Ｉｎｔｅｎｓｅ,兵庫県,尼崎市,杭瀬北新町４丁目９番１号,6600815
8140001110272,株式会社カガワール,兵庫県,尼崎市,道意町７丁目１番３号,6600083
8140001110306,株式会社ヒロ,兵庫県,尼崎市,道意町６丁目９番地の１０,6600083
8140001110405,株式会社河崎電気,兵庫県,尼崎市,武庫町１丁目４３番１２号,6610044
8140001110487,株式会社Ｓ・ファースト,兵庫県,尼崎市,神田中通６丁目２１９−６,6600884
8140001110660,ファミリービジネスサポート株式会社,兵庫県,尼崎市,西大物町１２番５８−４１９号,6600827
8140001110966,株式会社ＲｅＧＩＲＬＳ,兵庫県,尼崎市,塚口本町７丁目１０番１号,6610001
8140001111196,ＡＭＡ不動産株式会社,兵庫県,尼崎市,西御園町１１４番地サンロイヤル御園４０４号,6600868
8140001111452,吉田ハガネ株式会社,兵庫県,尼崎市,下坂部３丁目２１番５号,6610975
8140001111519,みやこファーマシー株式会社,兵庫県,尼崎市,御園町２４番地,6600861
8140001111816,Ｃｏｒｎｅｒｓ株式会社,兵庫県,尼崎市,稲葉荘２丁目１８番１３号,6600064
8140001111907,株式会社美樹,兵庫県,尼崎市,三反田町３丁目６番２３−３０１号,6610024
8140001111915,株式会社ピノディッタ,兵庫県,尼崎市,南塚口町３丁目２５番４８号,6610012
8140001112038,株式会社マーズ,兵庫県,尼崎市,武庫元町１丁目２１番１８号,6610043
8140001112054,株式会社マサキ,兵庫県,尼崎市,名神町２丁目９番１−４０２号,6610021
8140001112070,ＭＴテック株式会社,兵庫県,尼崎市,神田中通３丁目６７中島ビル３階,6600884
8140001112104,ヘルスプロダクト株式会社,兵庫県,尼崎市,南武庫之荘７丁目１０番１号,6610033
8140001112244,株式会社ホームコネクト,兵庫県,尼崎市,西難波町１丁目３１番１８号アースハイツＩ、１階号室,6600893
8140001112475,株式会社エフ・ダブリュー・エス,兵庫県,尼崎市,南塚口町１丁目３番７号,6610012
8140001112525,株式会社ベースボンド,兵庫県,尼崎市,御園町２４番尼崎第一ビル８階,6600861
8140001112707,株式会社宮園建設,兵庫県,尼崎市,富松町２丁目７−１０−１０３号,6610003
8140001112780,株式会社六光電気,兵庫県,尼崎市,大島１丁目５番１号,6600076
8140001112871,株式会社ＭＲＳ,兵庫県,尼崎市,神田中通２丁目２７番４７号阪神ＯＮＯビル９０１号室,6600884
8140001113011,株式会社愛食,兵庫県,尼崎市,東難波町３丁目２７−１,6600892
8140001113036,アシストＧｒｅｅｎコーポレーション株式会社,兵庫県,尼崎市,大庄西町１丁目３３番３６−４１２号,6600077
8140001113119,株式会社オーロラジャパン,兵庫県,尼崎市,神田北通６丁目１６９番地,6600883
8140001113201,株式会社ＳｐａｃｅＧｒａｂ,兵庫県,尼崎市,東七松町２丁目２番１０号,6600051
8140001113341,株式会社ハリミ製作所,兵庫県,尼崎市,大島２丁目３０番５号,6600076
8140001113382,株式会社トーアプレイス,兵庫県,尼崎市,七松町３丁目２番２４号福本産業ビル１Ｆ,6600052
8140001113531,ｃｈｏｋ　ｍｅｋ株式会社,兵庫県,尼崎市,東難波町３丁目２３番３号,6600892
8140001113721,株式会社アクシア,兵庫県,尼崎市,金楽寺町２丁目５番８号,6600806
8140001113903,株式会社ワイド,兵庫県,尼崎市,上ノ島町２丁目１−１８,6610014
8140001113944,Ｓｔｅｌｌａ株式会社,兵庫県,尼崎市,南塚口町８丁目６６番１３号,6610012
8140001113993,株式会社インサイド,兵庫県,尼崎市,長洲東通２丁目７番１３号,6600801
8140001114133,日本情報基盤サービス株式会社,兵庫県,尼崎市,潮江１丁目２番１−２０４号,6610976
8140001114257,株式会社Ｔ．プラス,兵庫県,尼崎市,昭和南通４丁目２８番地プラチナコートＩＩ６０１,6600882
8140001114348,株式会社ペイガン,兵庫県,尼崎市,南塚口町８丁目５６−９,6610012
8140001114414,株式会社プレシャスファミリー,兵庫県,尼崎市,東園田町４丁目９１番地の２,6610953
8140001114505,株式会社ＰＬＡＹ　ＨＯＯＰ,兵庫県,尼崎市,南武庫之荘５丁目２５番１４号,6610033
8140001114587,ＳＴＷｏｒｋｓ株式会社,兵庫県,尼崎市,大物町１丁目１０番２０号,6600823
8140001114620,株式会社オフィスＮ,兵庫県,尼崎市,昭和通１丁目１０番４号,6600881
8140001114819,こやまファーマシー株式会社,兵庫県,尼崎市,御園町２４番地尼崎第一ビル４０２号,6600861
8140001114942,株式会社ハウスコーデ,兵庫県,尼崎市,立花町２丁目１番１号,6610025
8140001115453,株式会社モノリス,兵庫県,尼崎市,稲葉荘２丁目６番１７号,6600064
8140001115528,山村プラスチックプロダクツ株式会社,兵庫県,尼崎市,西向島町１５番１,6600857
8140001115585,ブライトホーム株式会社,兵庫県,尼崎市,武庫之荘西２丁目４８番１号,6610034
8140001115783,株式会社ＯＮＥ　ＬＩＶＥ,兵庫県,尼崎市,南武庫之荘１丁目２９−９−２０１,6610033
8140001115858,株式会社Ｌｉｂ,兵庫県,尼崎市,長洲西通１丁目３番２５号,6600807
8140001115882,株式会社協和,兵庫県,尼崎市,田能１丁目４番３４号ＡＺＴＯ田能Ａ号,6610951
8140001116039,株式会社ＧＲＡＮＤ　ＰＬＡＮＮＩＮＧ,兵庫県,尼崎市,宮内町２丁目５２セントポリア出屋敷６０７,6600877
8140001116170,みやび福祉会株式会社,兵庫県,尼崎市,今福１丁目１番２９号１０５号室,6600812
8140001116427,ＹＭＳ株式会社,兵庫県,尼崎市,西昆陽３丁目４０番１号,6610047
8140001116699,株式会社リムナー,兵庫県,尼崎市,武庫之荘５丁目１５番３−４０６号,6610035
8140001116880,株式会社ＫＳＴＡＩＬ,兵庫県,尼崎市,水堂町４丁目１６番１８号グランディール武庫之荘２０５,6610026
8140001117136,株式会社三世,兵庫県,尼崎市,西難波町４丁目２番１１−３号,6600893
8140001117193,株式会社阪神アシスト福祉支援会,兵庫県,尼崎市,三反田町２丁目１−１,6610024
8140001117202,株式会社松瑶,兵庫県,尼崎市,七松町１丁目３番１−２２０７号,6600052
8140001117235,株式会社古家一塗装工業,兵庫県,尼崎市,西川１丁目９番２号,6610966
8140001117284,株式会社マヤホテルサポート,兵庫県,尼崎市,上坂部１丁目３番３８号サンワード塚口１０４号,6610979
8140001117417,株式会社アズーロ,兵庫県,尼崎市,稲葉元町３丁目３番８号,6600055
8140001118002,株式会社金総,兵庫県,尼崎市,今福１丁目１番１４号,6600812
8140001118308,株式会社大西商事,兵庫県,尼崎市,西本町６丁目４４番地,6600874
8140001118373,株式会社アンドアール,兵庫県,尼崎市,大西町１丁目１４番２４−４０３号,6610023
8140001118497,株式会社風翔設備,兵庫県,尼崎市,浜田町３丁目６２番地３０２号,6600062
8140001118506,季楽興業株式会社,兵庫県,尼崎市,水堂町２丁目４０番４９号,6610026
8140001118811,株式会社ＫＩＣセキュリティ,兵庫県,尼崎市,西長洲町３丁目５番５号,6600805
8140001118893,ＮｅｘｔＧａｌｌｅｒｙ株式会社,兵庫県,尼崎市,小中島３丁目１９番５号１階,6610972
8140001119074,大野設備工業株式会社,兵庫県,尼崎市,椎堂１丁目２０番３号,6610952
8140001119165,永輝メディカル株式会社,兵庫県,尼崎市,武庫町１丁目２７番７号,6610044
8140001119198,株式会社ラフテル,兵庫県,尼崎市,水堂町２丁目６番１３号,6610026
8140001119306,株式会社久工,兵庫県,尼崎市,東園田町５丁目８２番地エルベコート東園田１０７号,6610953
8140001119322,株式会社ＣＯＭＥ　ＴＲＵＥ,兵庫県,尼崎市,田能３丁目１３−２７,6610951
8140001119371,株式会社雅楽,兵庫県,尼崎市,西大物町７番３２号,6600827
8140001119438,ファーマシーマネジメント株式会社,兵庫県,尼崎市,御園町２４番地尼崎第一ビル４０２号,6600861
8140001119611,株式会社エムズプラス,兵庫県,尼崎市,開明町１丁目５番地,6600862
8140001119982,株式会社七翔,兵庫県,尼崎市,神田中通９丁目２９３番地,6600884
8140001120032,青山興業株式会社,兵庫県,尼崎市,稲葉荘３丁目６番１７号,6600064
8140001120040,株式会社たこまる,兵庫県,尼崎市,猪名寺３丁目１６−４５,6610981
8140001120065,株式会社上里,兵庫県,尼崎市,潮江１丁目２番１−１３０１号,6610976
8140001120726,株式会社奏建,兵庫県,尼崎市,武庫之荘６丁目１番１６号,6610035
8140001120833,株式会社ひかるコンフォート,兵庫県,尼崎市,元浜町４丁目４２,6600085
8140001120965,株式会社ｎｕｍｂｅｒ,兵庫県,尼崎市,塚口町３丁目２６番２号,6610002
8140001120973,ツカサ鐵工株式会社,兵庫県,尼崎市,常松２丁目１３番２−３号,6610046
8140001121030,株式会社神栄創美,兵庫県,尼崎市,杭瀬南新町２丁目１６番９号,6600822
8140001121740,株式会社ＨＩＫＥＭＡＮ,兵庫県,尼崎市,塚口町１丁目８番地の１２号,6610002
8140001121864,株式会社さいくさ建築,兵庫県,尼崎市,瓦宮１丁目１３番２５号,6610971
8140001121872,株式会社ａｄｅｌｉ,兵庫県,尼崎市,長洲本通２丁目１番１９号小林ビル２階,6600803
8140001121897,メディカルマネジメント株式会社,兵庫県,尼崎市,御園町２４番地尼崎第一ビル４０２号,6600861
8140001122160,株式会社山下商事,兵庫県,尼崎市,南武庫之荘６丁目１５番１９−１０２号,6610033
8140001122326,リステノーラ株式会社,兵庫県,尼崎市,大庄川田町３２番地,6600072
8140001122425,株式会社ＡＡＡ,兵庫県,尼崎市,塚口町１丁目１２番１７号,6610002
8140001122474,株式会社未来,兵庫県,尼崎市,宮内町１丁目２−１,6600877
8140001122714,株式会社３Ｙ’ｓ,兵庫県,尼崎市,三反田町２丁目１番３２−１０２号,6610024
8140001123175,株式会社のはら,兵庫県,尼崎市,戸ノ内町２丁目５番６−１０１号,6610961
8140001123191,株式会社ＬＵＳＥＮＳＥ,兵庫県,尼崎市,立花町３丁目３５番１２号,6610025
8140001123299,株式会社ＭＫ工業,兵庫県,尼崎市,武庫の里１丁目７番１８号,6610041
8140001123308,株式会社クラスアーク,兵庫県,尼崎市,東難波町３丁目２２番３０号コーラクビル３Ｆ南,6600892
8140001123349,株式会社ＳＩＮＢＡ,兵庫県,尼崎市,神田中通３丁目３０番地グラン・ノアールビル３０２号室,6600884
8140001123621,株式会社フィット,兵庫県,尼崎市,東園田町９丁目２１−１メゾンモンブラン２０２号室,6610953
8140001123654,株式会社雅工業,兵庫県,尼崎市,東園田町１丁目８０番地の１０,6610953
8140001124033,株式会社佐藤祐,兵庫県,尼崎市,崇徳院２丁目１５７番地,6600071
8140001124223,株式会社高野空調,兵庫県,尼崎市,御園３丁目５番３４号,6610984
8140001124330,株式会社心商,兵庫県,尼崎市,水堂町４丁目６番１２号,6610026
8140001124355,株式会社冨永組,兵庫県,尼崎市,七松町１丁目１１番１１−４０３号,6600052
8140001124363,株式会社ＳＨＩＮＥｒｅｎｏｖａｔｉｏｎ,兵庫県,尼崎市,西昆陽２丁目４０番１１号,6610047
8140001124438,株式会社エルモ,兵庫県,尼崎市,額田町１番７号,6610962
8140001124495,株式会社ＺＥＲＯ,兵庫県,尼崎市,杭瀬寺島１丁目４番３９号,6600813
8140001124743,株式会社インテンション,兵庫県,尼崎市,武庫元町２丁目１７−１９−１０２,6610043
8140001124792,ＩＭＵ設備株式会社,兵庫県,尼崎市,神崎町３４番１４号ハイプレｓｏｋｏｏｎｅ２号室,6610964
8140001125188,株式会社ＳＢＴコーポレーション,兵庫県,尼崎市,次屋３丁目１１番５１−３号,6610965
8140001125205,株式会社ぶらいと,兵庫県,尼崎市,西立花町１丁目１５番３号,6600054
8140001125221,株式会社ＥｏＬ,兵庫県,尼崎市,杭瀬本町１丁目１９番２０号,6600814
8140001125270,ＪＰ　ＭＥＴＡＬ　ＴＲＡＤＥ株式会社,兵庫県,尼崎市,金楽寺町２丁目３２番１９号,6600806
8140001125329,株式会社リベラーム,兵庫県,尼崎市,長洲東通１丁目３番９号,6600801
8140001125485,マスタッフネクスト株式会社,兵庫県,尼崎市,南塚口町２丁目１番２号,6610012
8140001125601,株式会社Ｗａｋｅ　ｕｐ,兵庫県,尼崎市,東塚口町１丁目１５番１−３１３号,6610011
8140001125931,株式会社トップサンクス,兵庫県,尼崎市,富松町２丁目３５番８号,6610003
8140001125964,ＺＥＲＯ　Ｃｏｎｓｔｒｕｃｔｉｏｎ株式会社,兵庫県,尼崎市,西難波町４丁目６番２６号,6600893
8140001126104,松田組重量株式会社,兵庫県,尼崎市,尾浜町３丁目１１番１４号,6610022
8140001126285,株式会社ピースロジック,兵庫県,尼崎市,武庫豊町３丁目１３番１号ハイツ豊町２０１号,6610045
8140001126351,株式会社ＦｌｕｆｆｙＬａｂ,兵庫県,尼崎市,崇徳院２丁目１４６−１,6600071
8140001126657,順福堂株式会社,兵庫県,尼崎市,浜２丁目１番９号,6610967
8140001126723,株式会社ＣｙｅＰｌｕｓ,兵庫県,尼崎市,南塚口町２丁目１番２−２０３号,6610012
8140001127127,株式会社山常,兵庫県,尼崎市,潮江４丁目４番１号,6610976
8140001127267,株式会社ユノファクトリー,兵庫県,尼崎市,杭瀬本町１丁目９番１４号１０３,6600814
8140001127473,日本ビルディング株式会社,兵庫県,尼崎市,稲葉荘２丁目２３番１−５１０,6600064
8140001127572,ＣＲＥＮＴＳ　ＴＡＫＡＯホールディングス株式会社,兵庫県,尼崎市,南塚口町２丁目１番１号,6610012
8140001127688,エイト株式会社,兵庫県,尼崎市,南塚口町４丁目２番２０−３０３号,6610012
8140001127713,株式会社岡部組,兵庫県,尼崎市,東難波町４丁目１１番２７号,6600892
8140001127779,株式会社ＯＣＥＡＮ・ＪＡＰＡＮ・ＣＯＭＰＡＮＹ,兵庫県,尼崎市,武庫之荘１丁目２０番３号ソリオ武庫之荘１０４号,6610035
8140001127878,株式会社山元興業,兵庫県,尼崎市,戸ノ内町３丁目３３番１６号,6610961
8140001127944,稲葉グリーン株式会社,兵庫県,尼崎市,稲葉荘１丁目２０番７−１号,6600064
8140001128488,株式会社ＳＣ,兵庫県,尼崎市,塚口本町１丁目２０番５号,6610001
8140001128538,株式会社ｎＸｓ,兵庫県,尼崎市,武庫之荘６丁目９−８,6610035
8140001128595,株式会社大同商事,兵庫県,尼崎市,長洲西通１丁目４番６号,6600807
8140001128645,株式会社ライフ・リフォーム,兵庫県,尼崎市,武庫之荘８丁目１８−１５,6610035
8140001128661,株式会社ウィード,兵庫県,尼崎市,七松町３丁目２番１４号,6600052
8140001128703,仁和商事株式会社,兵庫県,尼崎市,浜田町３丁目２５番,6600062
8140001129016,株式会社ＫＯＳ,兵庫県,尼崎市,上坂部３丁目１１番１号フレアージュ塚口１Ｆ,6610979
8140001129148,株式会社ハピネス,兵庫県,尼崎市,開明町１丁目５３番地,6600862
8140001129156,株式会社ウエスティ,兵庫県,尼崎市,立花町１丁目１５番１号,6610025
8140001129164,近通株式会社,兵庫県,尼崎市,西長洲町２丁目３４番３２号,6600805
8140001129346,株式会社ＮｏｎＤｕａｌ,兵庫県,尼崎市,開明町２丁目７番地マーベラスＫ９０２,6600862
8140001129429,株式会社グランディングノース,兵庫県,尼崎市,大庄北１丁目１４番６０−１０９号,6600063
8140001129445,ＷＢＰアカデミー株式会社,兵庫県,尼崎市,東難波町４丁目２番２９号,6600892
8140001129544,株式会社Ｋｅ‐ＮＥＸ,兵庫県,尼崎市,武庫之荘東１丁目３番４−２０１号,6610032
8140001129593,株式会社Ｍ‐Ｓｔｙｌｅ,兵庫県,尼崎市,西難波町４丁目１番１２号,6600893
8140001129726,株式会社エムシーエス,兵庫県,尼崎市,上ノ島町３丁目１０番２６号,6610014
8140001129858,株式会社寿,兵庫県,尼崎市,東難波町４丁目１８番３２,6600892
8140001129916,ブレインワーク株式会社,兵庫県,尼崎市,大島２丁目２２番３３号彩華ＩＶ１０４号,6600076
8140001130097,株式会社誠司,兵庫県,尼崎市,武庫之荘１丁目１６−７ジョンメゾン１０１,6610035
8140001130114,株式会社ＭＤＫ,兵庫県,尼崎市,小中島３丁目１９−９,6610972
8140001130477,株式会社ＯＮＥ　ＴＯＰ,兵庫県,尼崎市,額田町１７番１−８０９号,6610962
8140001130576,株式会社ＣＬＥＡＮ　ａｎｄ　ＣＨＥＥＲ,兵庫県,尼崎市,次屋２丁目１１番８号メゾンドボヌール１０３,6610965
8140001130584,ＴＭＳ株式会社,兵庫県,尼崎市,塚口町１丁目１８番地の７メゾンパル８０４号,6610002
8140001130691,株式会社Ｎａｔｕｒａｌ　ｃａｒｅ,兵庫県,尼崎市,武庫元町１丁目１３番１２号２０３,6610043
8140001130741,株式会社グランドアーク,兵庫県,尼崎市,北城内４６番地の２メゾンボヌール１０３号,6600826
8140001130907,トラスト株式会社,兵庫県,尼崎市,大庄西町３丁目１６番３−２号,6600077
8140001131104,株式会社ＣＬＪ,兵庫県,尼崎市,塚口本町２丁目５番８号,6610001
8140001131269,株式会社Ｙ．Ｓプロジェクト,兵庫県,尼崎市,御園１丁目９番１５−２０１号,6610984
8140001131426,株式会社イノベーションツールズ,兵庫県,尼崎市,食満２丁目２４番４号,6610982
8140001131442,ＺＥＲＯＧＲＯＵＰ株式会社,兵庫県,尼崎市,西難波町４丁目６番２６号,6600893
8140001131517,株式会社Ａ‐ＢＲＡＮＣＨＥ,兵庫県,尼崎市,潮江１丁目１１番１−９０３号,6610976
8140001131624,ブレイク株式会社,兵庫県,尼崎市,武庫之荘本町３丁目１８番６号,6610031
8140001131780,株式会社ｊｕｎｉｙａｔｅｋ,兵庫県,尼崎市,南武庫之荘１０丁目１３番１９−１０２号,6610033
8140001131905,株式会社あんじゅ,兵庫県,尼崎市,杭瀬南新町１丁目１番１号,6600822
8140001131921,株式会社Ｒｅ,兵庫県,尼崎市,武庫の里２丁目２０番９号,6610041
8140001132077,株式会社真政,兵庫県,尼崎市,西立花町２丁目７番２２号,6600054
8140001132093,ｓｔａｒｔ株式会社,兵庫県,尼崎市,食満７丁目２番１８号,6610982
8140001132291,株式会社Ｂａｂｙ　ｔｏｕｃｈ,兵庫県,尼崎市,西長洲町３丁目３番１０号,6600805
8140001132333,株式会社ＲｅＦｉｎｅ,兵庫県,尼崎市,大島２丁目７番１２号,6600076
8140001132481,株式会社７８,兵庫県,尼崎市,東園田町１丁目１４５番地の６,6610953
8140001132572,関通ネクストロジ株式会社,兵庫県,尼崎市,西向島町１１１番地の４,6600857
8140001132960,株式会社モリコーポレーション,兵庫県,尼崎市,南武庫之荘７丁目６番１４号,6610033
8140001132977,株式会社サンライク,兵庫県,尼崎市,御園１丁目６番２７−４０３号,6610984
8140001133595,株式会社ｓｈｕｎ,兵庫県,尼崎市,塚口町１丁目１番２号,6610002
8140001133703,株式会社寿,兵庫県,尼崎市,東難波町５丁目２−２２メゾンルネサンス１階,6600892
8140001133835,小林テクノ株式会社,兵庫県,尼崎市,稲葉荘２丁目２１番２２−４０４号,6600064
8140001134338,矢内商会株式会社,兵庫県,尼崎市,西昆陽２丁目２９番１８号,6610047
8140001134429,株式会社仁和,兵庫県,尼崎市,食満５丁目２４番１９−１号,6610982
8140001134965,株式会社統電,兵庫県,尼崎市,尾浜町１丁目２４番３号,6610022
8140001135063,株式会社ＳＨＩＴＳＵＫＩ,兵庫県,尼崎市,東園田町４丁目１４９番地の３,6610953
8140001135113,Ｓ．ｄｅｓｉｇｎ株式会社,兵庫県,尼崎市,潮江１丁目４番２−１７０４号,6610976
8140001135138,株式会社フェローズ,兵庫県,尼崎市,東園田町５丁目１３−２,6610953
8140001135303,ＨＡＲＵＴＯ株式会社,兵庫県,尼崎市,東難波町４丁目１８番３２−９０６号,6600892
8140001135352,株式会社ＥＭＩＣＬＥ,兵庫県,尼崎市,武庫元町２丁目５番４号,6610043
8140001135360,株式会社ハイブリッジ,兵庫県,尼崎市,上坂部１丁目８番１−１２３号,6610979
8140001135716,みや株式会社,兵庫県,尼崎市,大庄西町２丁目５番１号,6600077
8140001135724,株式会社七福神,兵庫県,尼崎市,潮江１丁目１５番２−４０３号,6610976
8140001135807,Ｏｐａｌ株式会社,兵庫県,尼崎市,昭和通１丁目１１番１２号大幸ビル１Ｆ,6600881
8140001135996,株式会社モンキーポッド,兵庫県,尼崎市,田能５丁目３番１０−２１２号,6610951
8140001136020,株式会社ｒｉｔａ　ａｓｓｏｃｉａｔｅｓ,兵庫県,尼崎市,西立花町３丁目２０番２号ＧｌａｎｚＣｏｕｒｔＪｏｈｎ西立花２０１,6600054
8140001136185,株式会社ＯＳエンジニアリング,兵庫県,尼崎市,南武庫之荘１０丁目５番３号,6610033
8140001136235,たけのこハウス株式会社,兵庫県,尼崎市,南武庫之荘３丁目４番１２−１０７号,6610033
8140001136441,株式会社ＧＴＳ,兵庫県,尼崎市,三反田町１丁目１番１０−４１５号,6610024
8140001136466,株式会社Ｒｅｊｏｉｃｅ,兵庫県,尼崎市,南塚口町１丁目２６番２５号,6610012
8140001136887,株式会社原直人設計事務所,兵庫県,尼崎市,武庫之荘本町２丁目９番２０−５０５号,6610031
8140001136961,株式会社ケタケタ,兵庫県,尼崎市,七松町２丁目７番２５号,6600052
8140001137258,株式会社ｓｅｅｄ,兵庫県,尼崎市,南武庫之荘１２丁目２０−５４,6610033
8140001137431,株式会社ネクストグレス,兵庫県,尼崎市,北城内８８番地１０５、４０２号室,6600826
8140001137605,株式会社もふもふ,兵庫県,尼崎市,尾浜町２丁目２３番２０号,6610022
8140001137720,葵アセットマネジメント株式会社,兵庫県,尼崎市,武庫之荘７丁目３３番５号,6610035
8140001138058,ヤンマーパワーソリューション株式会社,兵庫県,尼崎市,長洲東通１丁目１番１号,6600801
8140001138280,Ｓｏｌｉｄ　Ｂａｓｅ　ＵＭ株式会社,兵庫県,尼崎市,南塚口町８丁目５４−５,6610012
8140001138347,株式会社きさきマネジメント,兵庫県,尼崎市,武庫豊町２丁目８番２８号,6610045
8140001138487,株式会社誠建,兵庫県,尼崎市,東園田町５丁目５７番地の１,6610953
8140001138495,Ｎ‐ｒｕｎｎｅｒ株式会社,兵庫県,尼崎市,武庫之荘東１丁目８番２８−４０１号,6610032
8140001138652,株式会社クオンタムウィング,兵庫県,尼崎市,塚口町５丁目３２番地の３ラ・メゾンクレール３０１,6610002
8140001138727,株式会社ＪＹＯＥＩ,兵庫県,尼崎市,稲葉元町３丁目１番１５号２Ｆ,6600055
8140001138850,株式会社Ａｖａｎｔ,兵庫県,尼崎市,西難波町１丁目２９番１７号,6600893
8140001138883,株式会社結ぶ葉,兵庫県,尼崎市,神田中通２丁目２７−１９シロハイヌ阪神尼崎５階,6600884
8140001139378,株式会社ＮＡＧＩ,兵庫県,尼崎市,上坂部３丁目３３番１号,6610979
8140001139634,株式会社Ｂｉｇｔｒｅｅ,兵庫県,尼崎市,潮江５丁目２番１−１５２４号,6610976
8140001139691,株式会社ＹＬＫ,兵庫県,尼崎市,武庫之荘８丁目２７番７号,6610035
8140001139782,株式会社ＴＫＢ,兵庫県,尼崎市,神崎町３０−２０,6610964
8140001139808,株式会社青心,兵庫県,尼崎市,稲葉荘４丁目２１番２２号,6600064
8140001139849,株式会社ＡＸＩＡ,兵庫県,尼崎市,東園田町３丁目７７番地の３０,6610953
8140001140385,幸フードサービス株式会社,兵庫県,尼崎市,上ノ島町３丁目２６番２０号,6610014
8140001140435,株式会社泰和,兵庫県,尼崎市,南初島町８−６１−４０１号,6600833
8140001140872,株式会社優総合設備,兵庫県,尼崎市,南武庫之荘１１丁目９番２６号,6610033
8140001141111,株式会社ブリング,兵庫県,尼崎市,杭瀬寺島１丁目４−３９−１０５リンクスタイルＶ,6600813
8140001141185,株式会社Ｊｉｌｌ．ｎｅｔ,兵庫県,尼崎市,西難波町４丁目５番２０−７０３号,6600893
8140001141268,株式会社ケアスタイル優,兵庫県,尼崎市,若王寺３丁目１２番４４−３号,6610974
8140001141391,株式会社ハマノ通商,兵庫県,尼崎市,椎堂１丁目２２番２７号,6610952
8140001141532,株式会社三八,兵庫県,尼崎市,開明町１丁目３５番地の１,6600862
8140001141656,エムワイ化工株式会社,兵庫県,尼崎市,東難波町５丁目２４−７,6600892
8140001141846,株式会社ｔｏｏ,兵庫県,尼崎市,武庫之荘４丁目２５番１８号グリーンルーム武庫之荘１−１０２,6610035
8140001142142,株式会社向日葵,兵庫県,尼崎市,戸ノ内町６丁目１番１４号,6610961
8140001142183,株式会社エムジェイ工業,兵庫県,尼崎市,久々知西町２丁目１番４号,6610978
8140001142308,アストモ株式会社,兵庫県,尼崎市,下坂部１丁目２番１６号,6610975
8140001142423,パルトラスト株式会社,兵庫県,尼崎市,水堂町２丁目３８番１号,6610026
8140001142431,株式会社ＮＩＧサポート,兵庫県,尼崎市,上坂部１丁目１番３−１３０８号,6610979
8140001142480,山一不動産株式会社,兵庫県,尼崎市,南塚口町１丁目３０番１１号３階,6610012
8140001142539,株式会社Ｈ＆Ｉメンテナンス,兵庫県,尼崎市,武庫の里２丁目１０番１６号,6610041
8140002023556,株式会社北村電気工業所,兵庫県,尼崎市,琴浦町１１１番地の２ルミエール琴浦１０１,6600074
8140002040320,尾崎産業株式会社,兵庫県,尼崎市,武庫町２丁目２０番１３号,6610044
8140002040411,株式会社カズコーポレーション,兵庫県,尼崎市,立花町１丁目１４番１７号１Ｆ,6610025
8140002040782,株式会社久木元,兵庫県,尼崎市,常光寺１丁目２７番２５号,6600811
8140002041822,株式会社富市,兵庫県,尼崎市,富松町２丁目１１番１５号,6610003
8140002043075,株式会社横山熔接工業,兵庫県,尼崎市,長洲中通２丁目２番５号,6600802
8140002043182,株式会社リツメンテナンス,兵庫県,尼崎市,西立花町１丁目６番２４号,6600054
8140002043703,株式会社寺田モータース,兵庫県,尼崎市,大庄中通１丁目１番地,6600075
8140002044214,株式会社ワークエンジニア,兵庫県,尼崎市,長洲本通２丁目９番７８号,6600803
8140002044890,阪神福祉企画株式会社,兵庫県,尼崎市,南塚口町１丁目１０番１５号,6610012
8140002045385,株式会社ＢＲＯ,兵庫県,尼崎市,東難波町１丁目１番１−１３０３号,6600892
8140002045550,株式会社泰江工業,兵庫県,尼崎市,東園田町２丁目５１番地１−５１４号,6610953
8150001024042,株式会社フレスカ,兵庫県,尼崎市,東園田町５丁目５６番地の１,6610953
8260001030475,株式会社トラストリンクコーポレーション,兵庫県,尼崎市,神崎町４４−３,6610964
8290001066491,株式会社アイブリッジ,兵庫県,尼崎市,上坂部１丁目１−３,6610979
8290001082472,株式会社Ｒ．Ｓ．Ａ,兵庫県,尼崎市,武庫豊町３丁目２番２５−１０９号,6610045
8340001017340,吉光ビル株式会社,兵庫県,尼崎市,南塚口町２丁目１３番２８号,6610012
8420001012259,株式会社ソイル・エコロジー,兵庫県,尼崎市,昭和通２丁目５番３号,6600881
8480001008012,ＴＲＩＡＬ株式会社,兵庫県,尼崎市,久々知西町１丁目９番１３−１号,6610978
9011001127500,株式会社燕楽,兵庫県,尼崎市,西立花町２丁目１２番１６号,6600054
9011101100729,株式会社バーニング・アイズ,兵庫県,尼崎市,南塚口町１丁目１番１−５０１号,6610012
9012401025302,株式会社アールサポートサービス,兵庫県,尼崎市,玄番北之町２６−１,6600872
9020001081302,株式会社オフィス・リベルテ,兵庫県,尼崎市,稲葉荘２丁目７番５号,6600064
9050001056185,株式会社ご縁,兵庫県,尼崎市,西難波町３丁目１７番７−２０１号,6600893
9120001004211,双葉住宅株式会社,兵庫県,尼崎市,南塚口町３丁目１４番４号,6610012
9120001011389,株式会社浦和,兵庫県,尼崎市,長洲西通２丁目１１番４号,6600807
9120001035009,株式会社サクラコーポレーション,兵庫県,尼崎市,東本町１丁目２４番２,6600824
9120001041758,株式会社エステック,兵庫県,尼崎市,尾浜町３丁目９番２２−１０２号,6610022
9120001043671,三水化工株式会社,兵庫県,尼崎市,久々知１丁目５番２５号,6610977
9120001047862,株式会社メディコ,兵庫県,尼崎市,塚口本町１丁目６−６−２０３,6610001
9120001050081,大豊鋼板工業株式会社,兵庫県,尼崎市,西高洲町１６番地４６,6600845
9120001054917,近畿電気システム株式会社,兵庫県,尼崎市,長洲東通１丁目２番４０号,6600801
9120001054974,グリーンアーバン株式会社,兵庫県,尼崎市,塚口町５丁目２４番地の１８,6610002
9120001055626,三友工業株式会社,兵庫県,尼崎市,西長洲町１丁目１番４５号,6600805
9120001080293,株式会社サン旅行企画,兵庫県,尼崎市,武庫之荘４丁目２番７号,6610035
9120001084996,株式会社デセン,兵庫県,尼崎市,武庫豊町３丁目１２番５号,6610045
9120001102832,クボタ浄化槽システム株式会社,兵庫県,尼崎市,浜１丁目１番１号,6610967
9120001108053,株式会社アルファープランニング,兵庫県,尼崎市,南初島町１０番地の１４,6600833
9120001114712,株式会社ＧＬＯＲＹ　ＢＡＮＢＩＹ,兵庫県,尼崎市,長洲本通２丁目１番１号ＡＭＡ長洲ビル１０１号,6600803
9120001119125,日本通信株式会社,兵庫県,尼崎市,東難波町５丁目１７番２３号,6600892
9120001127573,株式会社日栄工業,兵庫県,尼崎市,東園田町５丁目６０番地の１,6610953
9120001128480,株式会社アルファ・エヌ・ビー・シー,兵庫県,尼崎市,大西町１丁目１０−１,6610023
9120001129066,株式会社エコストライ,兵庫県,尼崎市,大庄川田町１３,6600072
9120001139511,株式会社ＡＬＴｒａｉｎｉｎｇ,兵庫県,尼崎市,元浜町３丁目１５番地,6600085
9120001155005,株式会社ナカテック,兵庫県,尼崎市,戸ノ内町３丁目５番３８号,6610961
9120001160657,株式会社松,兵庫県,尼崎市,御園町５４番地の１１０５,6600861
9120001162364,株式会社イーエスエス,兵庫県,尼崎市,南塚口町８丁目１４番１０号,6610012
9120001164625,ＡＮＤＳメディカル株式会社,兵庫県,尼崎市,尾浜町２丁目２１番４０号,6610022
9120001165078,株式会社Ｎａｎｏｆａｂ　Ｊａｐａｎ,兵庫県,尼崎市,戸ノ内町５丁目１−１,6610961
9120001165350,株式会社ワイズ,兵庫県,尼崎市,七松町３丁目３番１３号,6600052
9120001175317,株式会社ＤＡＬＥＮ　ＪＡＰＡＮ,兵庫県,尼崎市,南塚口町５丁目１４番１２号,6610012
9120001181967,株式会社ＫＯＴＯＲＩ工業,兵庫県,尼崎市,崇徳院３丁目１４番地の１２,6600071
9120001183749,株式会社ＲＵＢＹ,兵庫県,尼崎市,御園町２７番地の３,6600861
9120001184904,ＺＥＲＯ商事株式会社,兵庫県,尼崎市,西難波町４丁目６番２６号,6600893
9120001186719,日本モビリティシステムズ株式会社,兵庫県,尼崎市,上坂部１丁目８番２−２０２,6610979
9120001188847,Ａｎｉｎｏ貿易株式会社,兵庫県,尼崎市,上坂部２丁目１１番５号,6610979
9120001190571,株式会社ＮＯＡ不動産販売,兵庫県,尼崎市,東本町１丁目３９番地,6600824
9120001198648,株式会社ウノ,兵庫県,尼崎市,次屋２丁目１９−１１,6610965
9120001199877,株式会社羅針,兵庫県,尼崎市,次屋３丁目１番２１号,6610965
9120001207755,株式会社ＣｏｌｏｒｆｕｌＳｙｓｔｅｍ,兵庫県,尼崎市,東難波町４丁目２２−８,6600892
9120001208563,株式会社プロジェット,兵庫県,尼崎市,東園田町２丁目１３３番地の６,6610953
9120001211476,株式会社Ｄ工房,兵庫県,尼崎市,神崎町３１−１,6610964
9120001212425,株式会社縁和Ｓｔｙｌｅ,兵庫県,尼崎市,下坂部１丁目１８番１６号,6610975
9120001213489,株式会社ＫＥＮマネージメント・プランニング,兵庫県,尼崎市,西立花町２丁目１番８−２０６号,6600054
9120001219841,株式会社ＡＮＯＫ,兵庫県,尼崎市,昭和通２丁目７番１号,6600881
9120001224107,Ｙ’ｓビジネスサポート株式会社,兵庫県,尼崎市,東園田町６丁目５１番地の１９,6610953
9120001225724,株式会社ヴォードコンサルティング,兵庫県,尼崎市,武庫之荘東２丁目６番３２−２０１,6610032
9120001232745,株式会社ツナガル,兵庫県,尼崎市,武庫之荘１丁目１２番３−１０２号,6610035
9120001239303,株式会社喜一商会,兵庫県,尼崎市,東本町２丁目１０２番地,6600824
9120001243239,カノンデザイン株式会社,兵庫県,尼崎市,武庫之荘１丁目３３番１−５０８号,6610035
9120001246563,株式会社ライフコネクト,兵庫県,尼崎市,東難波町５丁目２７番５号Ｒｉｃｈｅｓｓｅ尼崎１０６号室,6600892
9120001251373,株式会社淀川建設,兵庫県,尼崎市,武庫町３丁目３番２−４０６号,6610044
9120001260911,株式会社Ｃｏｃｏｎｕｔ,兵庫県,尼崎市,三反田町３丁目１１番４号,6610024
9120001268087,株式会社ＣＯＤＹ,兵庫県,尼崎市,長洲東通３丁目４−１５−６１４,6600801
9120002033168,株式会社やよい商会,兵庫県,尼崎市,水堂町２丁目４０番１０号,6610026
9120002059948,アイアコス・システムプロダクツ株式会社,兵庫県,尼崎市,立花町１丁目４−１１ステーションビル１０１号室,6610025
9120101024415,Ｐｒｏ　Ａｌｌｉａｎｃｅ株式会社,兵庫県,尼崎市,西立花町２丁目２５番６−１号,6600054
9120101044933,株式会社シースパン,兵庫県,尼崎市,南武庫之荘３丁目２４番９号,6610033
9120101054420,株式会社東和,兵庫県,尼崎市,南竹谷町１丁目４４番４９−３０２号,6600875
9120101070062,株式会社太洋建設,兵庫県,尼崎市,西難波町１丁目３０番１４号,6600893
9120901005390,株式会社イワオ設計事務所,兵庫県,尼崎市,猪名寺２丁目１７番５−４０３号,6610981
9120901041881,宝工業株式会社,兵庫県,尼崎市,田能６丁目７番９−１号ＣＬＵＢ．Ｋ．ＩＩＩ−Ｉ,6610951
9120901044736,株式会社ｌｅｃｉｅｌ,兵庫県,尼崎市,長洲西通１丁目１０番１−３３０号,6600807
9120901047680,織都リフォーム株式会社,兵庫県,尼崎市,南塚口町１丁目１番１号フォーシーズン塚口２階,6610012
9122001030204,株式会社Ｓ＆Ｋ工務店,兵庫県,尼崎市,西長洲町２丁目８番１４号,6600805
9122001034477,アイ・エイ・エス株式会社,兵庫県,尼崎市,額田町５番１−５０１号,6610962
9140001022277,株式会社ＫＡＷＡＮＯ,兵庫県,尼崎市,東塚口町２丁目３番４４号,6610011
9140001030791,ＪＨハウス株式会社,兵庫県,尼崎市,西難波町１丁目１１番１０号レファインド西難波ＩＩ３０６号室,6600893
9140001032160,株式会社ｋｉｋｕｒｏ,兵庫県,尼崎市,水堂町３丁目６−２０−２１１,6610026
9140001033670,ＥＫマテリアル株式会社,兵庫県,尼崎市,常松２丁目３番５号,6610046
9140001043100,大興物産株式会社,兵庫県,尼崎市,潮江５丁目２番１−７２９号,6610976
9140001047282,尼崎港湾運輸株式会社,兵庫県,尼崎市,東海岸町３８番地,6600843
9140001047290,尼ケ崎企業株式会社,兵庫県,尼崎市,杭瀬北新町３丁目２番３号,6600815
9140001047299,尼崎造園土木株式会社,兵庫県,尼崎市,武庫之荘本町１丁目６番６号,6610031
9140001047316,尼崎サッシ住器株式会社,兵庫県,尼崎市,稲葉元町２丁目１６番１号,6600055
9140001047324,尼崎團扇株式会社,兵庫県,尼崎市,昭和南通９丁目２４９番地,6600882
9140001047332,尼崎中央市場冷蔵株式会社,兵庫県,尼崎市,潮江４丁目４番１号,6610976
9140001047349,株式会社尼崎花力,兵庫県,尼崎市,大島３丁目１番２２号,6600076
9140001047365,株式会社サンライト,兵庫県,尼崎市,次屋２丁目９番１号,6610965
9140001047381,株式会社アースグリーン開発,兵庫県,尼崎市,西長洲町２丁目２６番１２号,6600805
9140001047407,株式会社旭工業,兵庫県,尼崎市,大浜町２丁目６番１号,6600095
9140001047423,株式会社アサヒ不動産,兵庫県,尼崎市,名神町３丁目３番１３号,6610021
9140001047431,東重機工業株式会社,兵庫県,尼崎市,名神町２丁目１５番３号,6610021
9140001047448,安芸建設工業株式会社,兵庫県,尼崎市,中在家町４丁目５２０番地,6600851
9140001047464,株式会社阿久根基礎工業,兵庫県,尼崎市,南武庫之荘５丁目１５番２５号,6610033
9140001047497,株式会社アップル保険サービス,兵庫県,尼崎市,久々知２丁目６番１９号,6610977
9140001047506,株式会社アトラス,兵庫県,尼崎市,東園田町１丁目２０５−１,6610953
9140001047514,尼栄電設株式会社,兵庫県,尼崎市,東本町４丁目２２番地,6600824
9140001047530,株式会社尼京建設,兵庫県,尼崎市,富松町３丁目１６番２−２０１号,6610003
9140001047539,尼新実業株式会社,兵庫県,尼崎市,宮内町２丁目４３番地,6600877
9140001047547,尼新フアミリー株式会社,兵庫県,尼崎市,宮内町２丁目４３番地,6600877
9140001047555,尼産ビルディング株式会社,兵庫県,尼崎市,名神町１丁目１２番地,6610021
9140001047571,株式会社アメリカンバルーン販売,兵庫県,尼崎市,立花町３丁目３５番１号,6610025
9140001047588,有田建設株式会社,兵庫県,尼崎市,武庫之荘５丁目１１番４号,6610035
9140001047596,株式会社アルファ武庫之荘,兵庫県,尼崎市,武庫之荘８丁目１２番１５号,6610035
9140001047605,株式会社イー・アンド・イー,兵庫県,尼崎市,神田北通１丁目５番地,6600883
9140001047621,株式会社池沢電気工業所,兵庫県,尼崎市,東園田町４丁目１１１番地の６,6610953
9140001047638,株式会社伊関米穀店,兵庫県,尼崎市,杭瀬北新町１丁目３番１号,6600815
9140001047646,株式会社石田興業,兵庫県,尼崎市,南塚口町５丁目１７番２２号,6610012
9140001047670,株式会社いとうや,兵庫県,尼崎市,道意町１丁目１番地,6600083
9140001047679,株式会社伊藤テック,兵庫県,尼崎市,武庫元町１丁目２１番１８号,6610043
9140001047687,株式会社一ノ松建設,兵庫県,尼崎市,武庫之荘２丁目２３番１０号,6610035
9140001047729,株式会社今井建設,兵庫県,尼崎市,七松町２丁目１０番１０号,6600052
9140001047737,株式会社今東鉄工所,兵庫県,尼崎市,久々知３丁目１４番１５号,6610977
9140001047753,入秀産業株式会社,兵庫県,尼崎市,下坂部４丁目５番１３号,6610975
9140001047803,ウチヱ株式会社,兵庫県,尼崎市,西長洲町２丁目８番２９号,6600805
9140001047811,株式会社内村工務店,兵庫県,尼崎市,東難波町４丁目１０番３３号,6600892
9140001047828,栄興電機工業株式会社,兵庫県,尼崎市,瓦宮１丁目９番１５号,6610971
9140001047836,株式会社エス・イー・ディ,兵庫県,尼崎市,栗山町１丁目２２番３９号,6610013
9140001047860,永和産業株式会社,兵庫県,尼崎市,塚口本町３丁目２２番６号,6610001
9140001047869,エコ・グリーン株式会社,兵庫県,尼崎市,南武庫之荘７丁目１５番１号,6610033
9140001047877,ＳＥＣカーボン株式会社,兵庫県,尼崎市,潮江１丁目２番６号,6610976
9140001047885,エスケイサービス株式会社,兵庫県,尼崎市,名神町３丁目１５番８号,6610021
9140001047902,エンドレス株式会社,兵庫県,尼崎市,西長洲町２丁目２３番１０号,6600805
9140001047919,株式会社エフ・ケイ・ディーコーポレーション,兵庫県,尼崎市,若王寺３丁目１４番１８号,6610974
9140001047927,株式会社えび泰水産,兵庫県,尼崎市,潮江４丁目４番１号尼崎市中央卸売市場内,6610976
9140001047935,株式会社エムコーポレーション,兵庫県,尼崎市,大庄中通１丁目９番２号,6600075
9140001047943,株式会社エレーヌ,兵庫県,尼崎市,下坂部４丁目１３番１１号,6610975
9140001047951,株式会社大井物産,兵庫県,尼崎市,高田町１２番６号,6610963
9140001047968,大倉商事株式会社,兵庫県,尼崎市,御園町５４番地カーム尼崎３０１−６号室,6600861
9140001047976,大阪繊維資材株式会社,兵庫県,尼崎市,道意町１丁目３０番地５,6600083
9140001047984,大阪観光株式会社,兵庫県,尼崎市,神田中通２丁目１８番地,6600884
9140001047992,大阪洗機株式会社,兵庫県,尼崎市,長洲西通１丁目１５番１０号,6600807
9140001048009,大阪ライオンコンクリート株式会社,兵庫県,尼崎市,東海岸町１９番地,6600843
9140001048017,大島木材株式会社,兵庫県,尼崎市,東本町３丁目８２番地,6600824
9140001048033,株式会社オオナリ,兵庫県,尼崎市,東園田町２丁目１４６番地の２,6610953
9140001048058,株式会社大原商会,兵庫県,尼崎市,三反田町３丁目３番２４号,6610024
9140001048066,大山建設株式会社,兵庫県,尼崎市,浜２丁目５番３号,6610967
9140001048074,株式会社岡尾商会,兵庫県,尼崎市,武庫之荘２丁目５番１７号,6610035
9140001048082,株式会社オカザキ設計工務,兵庫県,尼崎市,長洲西通２丁目１番３０号,6600807
9140001048099,奥野不動産株式会社,兵庫県,尼崎市,武庫之荘２丁目１２番９号,6610035
9140001048108,株式会社岡本商店,兵庫県,尼崎市,潮江４丁目４番１号,6610976
9140001048116,株式会社オカモト土木工業,兵庫県,尼崎市,南武庫之荘９丁目１７番２号,6610033
9140001048124,株式会社岡山商店,兵庫県,尼崎市,潮江３丁目７番１号,6610976
9140001048132,小田企業株式会社,兵庫県,尼崎市,御園町５４番地カーム尼崎３０１−６号室,6600861
9140001048157,織部製陶株式会社,兵庫県,尼崎市,神田南通３丁目６９番地の２,6600885
9140001048173,株式会社鹿児島物産,兵庫県,尼崎市,杭瀬北新町１丁目１２番６号,6600815
9140001048198,関西興業株式会社,兵庫県,尼崎市,道意町６丁目３番地ノ１,6600083
9140001048215,関西クレーン・サービス株式会社,兵庫県,尼崎市,潮江５丁目７−１２,6610976
9140001048223,海月建設株式会社,兵庫県,尼崎市,大西町１丁目２番２０号,6610023
9140001048231,カセイ電氣工事株式会社,兵庫県,尼崎市,大浜町１丁目５番地の２,6600095
9140001048248,株式会社関西バスオール,兵庫県,尼崎市,今福１丁目１番２８−１０５号,6600812
9140001048256,関西冷熱工業株式会社,兵庫県,尼崎市,次屋３丁目１１番２３号,6610965
9140001048272,神崎物産株式会社,兵庫県,尼崎市,南塚口町１丁目３０番１１号,6610012
9140001048280,加島工業株式会社,兵庫県,尼崎市,長洲中通３丁目２３番２０号,6600802
9140001048297,株式会社勝本モーター,兵庫県,尼崎市,昭和通８丁目２７９番地,6600881
9140001048306,株式会社兼清,兵庫県,尼崎市,潮江４丁目４番１号,6610976
9140001048314,株式会社金沢土木,兵庫県,尼崎市,大庄北５丁目１８番１３号,6600063
9140001048322,株式会社金泰,兵庫県,尼崎市,大西町３丁目７番２４号,6610023
9140001048330,株式会社カメウチ,兵庫県,尼崎市,南七松町２丁目６番１８号,6600053
9140001048355,株式会社カワサキ工業,兵庫県,尼崎市,金楽寺町１丁目６番３０号,6600806
9140001048363,株式会社柄谷工務店,兵庫県,尼崎市,玄番南之町４番地,6600873
9140001048388,神崎建材工業株式会社,兵庫県,尼崎市,次屋３丁目１４番２４号,6610965
9140001048405,近畿鉄筋コンクリート株式会社,兵庫県,尼崎市,南塚口町５丁目４番１０号,6610012
9140001048413,株式会社キンキレッカー,兵庫県,尼崎市,西立花町４丁目３番１８号,6600054
9140001048421,株式会社キシモト製函所,兵庫県,尼崎市,御園１丁目１４番２９号,6610984
9140001048438,株式会社北川工務店,兵庫県,尼崎市,南塚口町５丁目５番２１号,6610012
9140001048446,株式会社らくい,兵庫県,尼崎市,南塚口町６丁目１０番４２号,6610012
9140001048462,共栄紙業株式会社,兵庫県,尼崎市,南武庫之荘１０丁目７番９号,6610033
9140001048487,株式会社協電,兵庫県,尼崎市,立花町３丁目６番１２号,6610025
9140001048512,協和テクノシステム株式会社,兵庫県,尼崎市,久々知３丁目１２番３７号,6610977
9140001048520,株式会社極産,兵庫県,尼崎市,潮江４丁目４番１号,6610976
9140001048537,霧島ハウス株式会社,兵庫県,尼崎市,東園田町９丁目１５番地の２,6610953
9140001048545,株式会社クエスト,兵庫県,尼崎市,東園田町６丁目６７番３号,6610953
9140001048553,株式会社薫陶舎,兵庫県,尼崎市,東園田町３丁目３７番地の１１,6610953
9140001048561,株式会社久保興業,兵庫県,尼崎市,田能４丁目４番１１号,6610951
9140001048578,株式会社クルーズ,兵庫県,尼崎市,食満２丁目２４番４号,6610982
9140001048594,株式会社黒谷硝子,兵庫県,尼崎市,昭和通２丁目１３番３号,6600881
9140001048611,ケンエイ産業株式会社,兵庫県,尼崎市,鶴町７番地の１５,6600092
9140001048644,株式会社弘栄建設,兵庫県,尼崎市,上坂部２丁目２０番７号,6610979
9140001048652,株式会社光栄商会,兵庫県,尼崎市,南武庫之荘１丁目２４番１−２０６号,6610033
9140001048660,光紀株式会社,兵庫県,尼崎市,塚口本町１丁目９番１−１０１号,6610001
9140001048669,コーキ油業株式会社,兵庫県,尼崎市,尾浜町１丁目１２番２２号,6610022
9140001048693,株式会社合同住宅,兵庫県,尼崎市,南武庫之荘２丁目２０番３号,6610033
9140001048710,株式会社神戸機材,兵庫県,尼崎市,西長洲町３丁目６番１０号,6600805
9140001048719,株式会社宏陽,兵庫県,尼崎市,武庫之荘４丁目６番３号,6610035
9140001048727,光陽電機株式会社,兵庫県,尼崎市,七松町３丁目１３番１号,6600052
9140001048735,株式会社光和製作所,兵庫県,尼崎市,額田町４番１６号,6610962
9140001048743,国土警備保障株式会社,兵庫県,尼崎市,長洲西通１丁目３番２６号,6600807
9140001048768,琴浦商事株式会社,兵庫県,尼崎市,長洲中通３丁目８番２２号,6600802
9140001048776,株式会社コダマ電化,兵庫県,尼崎市,潮江３丁目１９番６号,6610976
9140001048792,小西学建設工業株式会社,兵庫県,尼崎市,西本町３丁目２８番地,6600874
9140001048801,小松工業株式会社,兵庫県,尼崎市,尾浜町２丁目１７番５号,6610022
9140001048826,サークル株式会社,兵庫県,尼崎市,金楽寺町１丁目６番４８号,6600806
9140001048834,齊藤防水株式会社,兵庫県,尼崎市,杭瀬南新町４丁目９番４８号,6600822
9140001048850,株式会社三広建設,兵庫県,尼崎市,大庄西町３丁目７番５号,6600077
9140001048867,株式会社ヒライテック,兵庫県,尼崎市,昭和南通３丁目２６番地第１松本ビル５階,6600882
9140001048875,三光防疫保証株式会社,兵庫県,尼崎市,水堂町２丁目３５番２５号,6610026
9140001048883,嵯峨建設株式会社,兵庫県,尼崎市,南武庫之荘３丁目３５番６号,6610033
9140001048891,株式会社サンギ協立,兵庫県,尼崎市,開明町２丁目１１番地,6600862
9140001048900,株式会社さかもと食鳥,兵庫県,尼崎市,中在家町４丁目５０８番地,6600851
9140001048909,三久海運株式会社,兵庫県,尼崎市,東浜町５番地,6600844
9140001048917,三協電気工事株式会社,兵庫県,尼崎市,西本町３丁目３８−１,6600874
9140001048925,サングローバル株式会社,兵庫県,尼崎市,食満２丁目８番１−２０５号,6610982
9140001048941,株式会社ベストワークス,兵庫県,尼崎市,神崎町３０番１号,6610964
9140001048958,山昇管工業株式会社,兵庫県,尼崎市,神崎町１６番１号,6610964
9140001048966,サンディック株式会社,兵庫県,尼崎市,次屋３丁目１５番２０号,6610965
9140001048982,さつまや商事株式会社,兵庫県,尼崎市,神田北通２丁目１８番地,6600883
9140001048999,サンフード株式会社,兵庫県,尼崎市,常松１丁目６番１９号,6610046
9140001049015,三陽機械株式会社,兵庫県,尼崎市,猪名寺２丁目１５番２９号,6610981
9140001049023,株式会社三友商事,兵庫県,尼崎市,塚口町３丁目１番地の８,6610002
9140001049031,株式会社三和宇治園,兵庫県,尼崎市,建家町３９番地,6600871
9140001049048,株式会社三和書房,兵庫県,尼崎市,昭和南通７丁目１６１番地,6600882
9140001049056,三立工業株式会社,兵庫県,尼崎市,南塚口町１丁目１８番１０号,6610012
9140001049072,神栄工業株式会社,兵庫県,尼崎市,道意町６丁目３６番地の６,6600083
9140001049080,新大阪電気計装株式会社,兵庫県,尼崎市,次屋４丁目２番８号,6610965
9140001049089,株式会社ジェイ・ブイ・エス,兵庫県,尼崎市,塚口町３丁目１９番地の１５,6610002
9140001049097,株式会社椎葉組,兵庫県,尼崎市,大浜町２丁目６番２号,6600095
9140001049106,心幸株式会社,兵庫県,尼崎市,潮江１丁目２番６号ＪＲＥ尼崎フロントビル２階,6610976
9140001049114,進弘機械株式会社,兵庫県,尼崎市,東難波町５丁目２４番１３号,6600892
9140001049147,株式会社シグマスタッフ,兵庫県,尼崎市,塚口町１丁目１３番１号アビリティ塚口２０３号,6610002
9140001049163,株式会社新生電機,兵庫県,尼崎市,尾浜町１丁目３１番９号,6610022
9140001049171,新泉精機株式会社,兵庫県,尼崎市,東向島東之町１番地,6600835
9140001049205,株式会社篠部ビルデイング,兵庫県,尼崎市,東園田町４丁目１１６番地の１,6610953
9140001049221,株式会社芝林塗装,兵庫県,尼崎市,水堂町４丁目１７番２６号,6610026
9140001049246,株式会社シャイン,兵庫県,尼崎市,水堂町４丁目２０番２３号,6610026
9140001049254,松栄興産株式会社,兵庫県,尼崎市,武庫之荘東１丁目１４番２５号,6610032
9140001049262,正栄薬品株式会社,兵庫県,尼崎市,武庫元町２丁目１６番７号,6610043
9140001049279,株式会社松竹堂,兵庫県,尼崎市,潮江１丁目１５番３号,6610976
9140001049287,勝武空機工業株式会社,兵庫県,尼崎市,崇徳院１丁目１０番地,6600071
9140001049295,株式会社ヒラタ,兵庫県,尼崎市,武庫之荘４丁目３番６号,6610035
9140001049304,昭和交通株式会社,兵庫県,尼崎市,道意町６丁目５６番地,6600083
9140001049312,秋永興産株式会社,兵庫県,尼崎市,武庫之荘９丁目３番３号,6610035
9140001049320,株式会社食肉グループ丸米,兵庫県,尼崎市,杭瀬本町１丁目１０番１８号,6600814
9140001049329,株式会社ジャパン・デンタル・サービス,兵庫県,尼崎市,武庫の里１丁目１７番１０号,6610041
9140001049337,株式会社ジャルダン,兵庫県,尼崎市,東園田町５丁目４７番地の６,6610953
9140001049345,株式会社伸和,兵庫県,尼崎市,南塚口町８丁目１７番８号,6610012
9140001049353,株式会社白崎組,兵庫県,尼崎市,大庄西町４丁目１９番１０号,6600077
9140001049361,神和電気計装株式会社,兵庫県,尼崎市,小中島１丁目２０番２０号エーベル小中島２０１号,6610972
9140001049386,杉原建設株式会社,兵庫県,尼崎市,尾浜町１丁目３３番９号,6610022
9140001049394,スズキ学生服装株式会社,兵庫県,尼崎市,北城内８８−１０５,6600826
9140001049403,株式会社ブラストシステム,兵庫県,尼崎市,武庫元町２丁目１番７−１０２号,6610043
9140001049411,住精サービス株式会社,兵庫県,尼崎市,扶桑町１番１０号,6600891
9140001049428,株式会社成晃,兵庫県,尼崎市,道意町６丁目３５番地,6600083
9140001049436,瀬尾精機株式会社,兵庫県,尼崎市,西長洲町３丁目６番３５号,6600805
9140001049452,青美機工株式会社,兵庫県,尼崎市,西長洲町３丁目１−６０,6600805
9140001049477,株式会社関山繊維,兵庫県,尼崎市,西長洲町２丁目１１番３号,6600805
9140001049485,株式会社セトグチ,兵庫県,尼崎市,神田中通３丁目５５番３号,6600884
9140001049535,株式会社曽我,兵庫県,尼崎市,南塚口町７丁目２７番１号,6610012
9140001049551,株式会社園和製作所,兵庫県,尼崎市,猪名寺２丁目２１番１２号,6610981
9140001049568,大栄電気工業株式会社,兵庫県,尼崎市,西立花町１丁目５番１２号,6600054
9140001049576,第一興産株式会社,兵庫県,尼崎市,神田北通１丁目１番地,6600883
9140001049584,株式会社ダイゲン,兵庫県,尼崎市,長洲東通３丁目２番９号,6600801
9140001049592,大鋼サッシ工業株式会社,兵庫県,尼崎市,東難波町３丁目９番２２号,6600892
9140001049601,タイガーリフト株式会社,兵庫県,尼崎市,大浜町１丁目４２番地の２,6600095
9140001049618,株式会社大源モータース,兵庫県,尼崎市,元浜町５丁目７９番地,6600085
9140001049626,株式会社泰成,兵庫県,尼崎市,大高洲町２番地の１,6600842
9140001049642,大成ハウジングサービス株式会社,兵庫県,尼崎市,今福１丁目１−２９−１０８,6600812
9140001049675,株式会社泰斗,兵庫県,尼崎市,戸ノ内町２丁目３番３９号,6610961
9140001049691,株式会社大同電機製作所,兵庫県,尼崎市,東本町３丁目１番地,6600824
9140001049717,大日作業株式会社,兵庫県,尼崎市,七松町１丁目１６番６号,6600052
9140001049725,大豊エンジニアリング株式会社,兵庫県,尼崎市,御園１丁目９番７号,6610984
9140001049733,株式会社ターフケミカル,兵庫県,尼崎市,西昆陽２丁目３８番２５号,6610047
9140001049758,大洋冷凍株式会社,兵庫県,尼崎市,東難波町５丁目３１番４号,6600892
9140001049766,株式会社大和機設工業所,兵庫県,尼崎市,末広町１丁目３番２号,6600094
9140001049774,大和建工材株式会社,兵庫県,尼崎市,田能６丁目１２番３１号,6610951
9140001049782,大和建物サービス株式会社,兵庫県,尼崎市,御園町２４,6600861
9140001049790,高木鉄工株式会社,兵庫県,尼崎市,高田町８番１号,6610963
9140001049799,株式会社竹内工業所,兵庫県,尼崎市,西本町２丁目２１番地,6600874
9140001049808,株式会社タケツーエステート,兵庫県,尼崎市,南武庫之荘１丁目２０番２３号,6610033
9140001049816,高河原産業株式会社,兵庫県,尼崎市,南武庫之荘８丁目２６番１２号,6610033
9140001049824,高田建設株式会社,兵庫県,尼崎市,上坂部３丁目３番１号,6610979
9140001049832,株式会社高寺硝子店,兵庫県,尼崎市,西本町３丁目５３番地,6600874
9140001049840,株式会社高橋商店,兵庫県,尼崎市,瓦宮１丁目８番２号,6610971
9140001049849,タクマ・エンジニアリング株式会社,兵庫県,尼崎市,金楽寺町２丁目２番３３号（タクマビル）,6600806
9140001049857,竹村工業株式会社,兵庫県,尼崎市,西難波町１丁目５番１４号オール西難波２０１号,6600893
9140001049865,高山建設株式会社,兵庫県,尼崎市,道意町３丁目２番地,6600083
9140001049873,田川精機株式会社,兵庫県,尼崎市,金楽寺町２丁目５番５３号,6600806
9140001049881,株式会社但馬地所,兵庫県,尼崎市,南武庫之荘２丁目２４番２１号,6610033
9140001049898,株式会社立花会館,兵庫県,尼崎市,七松町１丁目１番１−１２１号,6600052
9140001049907,橘建設株式会社,兵庫県,尼崎市,西立花町４丁目３番７号,6600054
9140001049923,株式会社田中延治郎商店,兵庫県,尼崎市,東大物町２丁目２番２２号,6600828
9140001049931,株式会社タナカ,兵庫県,尼崎市,三反田町３丁目１１番８号,6610024
9140001049948,株式会社谷本建設,兵庫県,尼崎市,三反田町３丁目６番１１号,6610024
9140001049956,株式会社丹波屋,兵庫県,尼崎市,玄番北之町４３番地,6600872
9140001049964,田村建設株式会社,兵庫県,尼崎市,次屋３丁目１８番１７号,6610965
9140001049972,田和塗装工業株式会社,兵庫県,尼崎市,常光寺１丁目８番２３号,6600811
9140001049980,株式会社秩父工務店,兵庫県,尼崎市,若王寺３丁目４番１号,6610974
9140001049989,中央建設株式会社,兵庫県,尼崎市,南武庫之荘２丁目１８番２２号,6610033
9140001049997,中央サトー株式会社,兵庫県,尼崎市,南塚口町７丁目２０番１５号,6610012
9140001050006,株式会社チューベスト,兵庫県,尼崎市,塚口町１丁目３番１号,6610002
9140001050014,富松土地建物株式会社,兵庫県,尼崎市,武庫之荘東１丁目１３番２号,6610032
9140001050022,株式会社ツインフーズ,兵庫県,尼崎市,南初島町１２番地の１２,6600833
9140001050030,塚口振興株式会社,兵庫県,尼崎市,塚口町４丁目４５番地の６,6610002
9140001050039,日鉄ステンレスアート株式会社,兵庫県,尼崎市,次屋２丁目２番２４号,6610965
9140001050047,株式会社ツシマ,兵庫県,尼崎市,西立花町１丁目４番３号,6600054
9140001050055,株式会社筒井電化,兵庫県,尼崎市,西立花町２丁目４番１号,6600054
9140001050063,ツムラ電気株式会社,兵庫県,尼崎市,東園田町１丁目１７１番地,6610953
9140001050071,株式会社鶴松建材,兵庫県,尼崎市,東園田町６丁目９７番地の１,6610953
9140001050096,株式会社天成,兵庫県,尼崎市,武庫町１丁目３２番５号,6610044
9140001050105,天谷建設工業株式会社,兵庫県,尼崎市,御園１丁目７番１６号,6610984
9140001050121,寺本総業株式会社,兵庫県,尼崎市,久々知西町２丁目１番３９号,6610978
9140001050138,東亜通信整備株式会社,兵庫県,尼崎市,西長洲町２丁目２番３６号,6600805
9140001050154,東伸工業株式会社,兵庫県,尼崎市,南武庫之荘９丁目１１番３６号,6610033
9140001050162,藤堂工業株式会社,兵庫県,尼崎市,三反田町３丁目３番１１号,6610024
9140001050170,トーハイ建興株式会社,兵庫県,尼崎市,食満７丁目３番１３号,6610982
9140001050179,東洋開発株式会社,兵庫県,尼崎市,元浜町５丁目１０番地の２,6600085
9140001050187,株式会社テイエスエンジニアリング,兵庫県,尼崎市,潮江４丁目３番１２号,6610976
9140001050195,東洋設計株式会社,兵庫県,尼崎市,神田北通２丁目１６番地,6600883
9140001050204,東洋肥料株式会社,兵庫県,尼崎市,浜１丁目２番３０号,6610967
9140001050220,株式会社特殊建設,兵庫県,尼崎市,久々知西町１丁目１１番６−３０６号,6610978
9140001050229,株式会社特発三協製作所,兵庫県,尼崎市,下坂部３丁目６番１号,6610975
9140001050237,株式会社トシヤ,兵庫県,尼崎市,神田北通７丁目１９６番地,6600883
9140001050245,株式会社トップ,兵庫県,尼崎市,神田中通６丁目２２０番地,6600884
9140001050253,トナイ産業株式会社,兵庫県,尼崎市,東園田町４丁目２６番地の９,6610953
9140001050261,株式会社トモスク,兵庫県,尼崎市,善法寺町２番３号,6610973
9140001050286,株式会社鳥井,兵庫県,尼崎市,長洲西通１丁目１５番１９号,6600807
9140001050336,日本デジタル工業株式会社,兵庫県,尼崎市,長洲東通２丁目６番９号,6600801
9140001050344,日本マーケティング株式会社,兵庫県,尼崎市,常吉１丁目２０番１５号,6610042
9140001050352,内藤塗装株式会社,兵庫県,尼崎市,杭瀬本町２丁目１番７号北村ビル２Ｆ,6600814
9140001050360,株式会社中尾興業,兵庫県,尼崎市,東桜木町１４４番地の１,6600864
9140001050385,株式会社長坂商店,兵庫県,尼崎市,潮江４丁目４番１号,6610976
9140001050393,株式会社中勝建設,兵庫県,尼崎市,上ノ島町２丁目２番２２号,6610014
9140001050402,中谷機工株式会社,兵庫県,尼崎市,塚口本町６丁目８番１８号,6610001
9140001050410,株式会社中野組,兵庫県,尼崎市,西難波町２丁目４の２６,6600893
9140001050427,中村エンジニアリング株式会社,兵庫県,尼崎市,末広町１丁目１番地の１,6600094
9140001050435,ナカムラメタル株式会社,兵庫県,尼崎市,金楽寺町１丁目３番２号,6600806
9140001050443,株式会社ナカムラ・エンタープライズ,兵庫県,尼崎市,昭和南通５丁目７０番１号,6600882
9140001050468,南武開発株式会社,兵庫県,尼崎市,南武庫之荘９丁目１７番３号,6610033
9140001050476,南陽建設株式会社,兵庫県,尼崎市,大庄川田町５番２０号,6600072
9140001050484,株式会社ニシイチドラッグ,兵庫県,尼崎市,尾浜町２丁目２１番４０号,6610022
9140001050492,株式会社西三設備,兵庫県,尼崎市,南武庫之荘１丁目２９番１５号,6610033
9140001050518,西村商事株式会社,兵庫県,尼崎市,長洲本通３丁目５番１１号,6600803
9140001050526,株式会社西山工務店,兵庫県,尼崎市,次屋３丁目１１番４９号,6610965
9140001050534,日栄電機株式会社,兵庫県,尼崎市,西本町３丁目３８番地,6600874
9140001050542,株式会社竹富組,兵庫県,尼崎市,西本町２丁目８０番地,6600874
9140001050550,株式会社日塔鉄工所,兵庫県,尼崎市,久々知西町２丁目１４番１９号,6610978
9140001050559,日建住宅株式会社,兵庫県,尼崎市,開明町２丁目１１番地,6600862
9140001050567,日成化学鍍金工業株式会社,兵庫県,尼崎市,名神町１丁目１番１３号,6610021
9140001050583,株式会社日信電機工業所,兵庫県,尼崎市,長洲東通１丁目９番３９号,6600801
9140001050600,株式会社ニッタフ,兵庫県,尼崎市,大庄北３丁目９番１２号,6600063
9140001050617,株式会社ニューセラ,兵庫県,尼崎市,次屋１丁目１５番１１号,6610965
9140001050633,ネッツトヨタ神戸株式会社,兵庫県,尼崎市,名神町１丁目１８番２５号,6610021
9140001050674,阪神アルマイト株式会社,兵庫県,尼崎市,杭瀬北新町４丁目３番１０号,6600815
9140001050682,阪神キヤステイング工業株式会社,兵庫県,尼崎市,東海岸町１番地の１,6600843
9140001050690,株式会社阪神三経観光,兵庫県,尼崎市,昭和南通４丁目６３番地,6600882
9140001050716,株式会社阪神ホームセンター,兵庫県,尼崎市,南七松町１丁目７番１号,6600053
9140001050724,阪神バレル株式会社,兵庫県,尼崎市,久々知３丁目２３番４１号,6610977
9140001050740,株式会社ハウジングアイ,兵庫県,尼崎市,南塚口町２丁目１５番２４−２０３号,6610012
9140001050749,株式会社ハート・リバー,兵庫県,尼崎市,水堂町３丁目１６番２３号,6610026
9140001050757,白光建設株式会社,兵庫県,尼崎市,大庄北３丁目１番７号,6600063
9140001050765,株式会社萩原紙工,兵庫県,尼崎市,南塚口町２丁目５番９号,6610012
9140001050773,株式会社ハンソー,兵庫県,尼崎市,武庫町１丁目２７番１２号,6610044
9140001050798,初島産業株式会社,兵庫県,尼崎市,東初島町１１番地,6600832
9140001050807,畑中印刷株式会社,兵庫県,尼崎市,田能６丁目９番２２号,6610951
9140001050815,羽田機械工業株式会社,兵庫県,尼崎市,久々知３丁目２５番１７号,6610977
9140001050823,株式会社浜田商店,兵庫県,尼崎市,潮江４丁目４番１号,6610976
9140001050848,株式会社原商店,兵庫県,尼崎市,御園町２１ＭＧビル２０３,6600861
9140001050864,株式会社ピー・イング,兵庫県,尼崎市,水堂町３丁目１６番２３号ハートリバー１番館,6610026
9140001050880,株式会社東長洲,兵庫県,尼崎市,長洲東通１丁目３番２５号,6600801
9140001050922,兵庫住建株式会社,兵庫県,尼崎市,南武庫之荘３丁目３５番１−１０５号,6610033
9140001050930,百万両繊維株式会社,兵庫県,尼崎市,建家町７番地,6600871
9140001050939,ヒロカンパニー株式会社,兵庫県,尼崎市,久々知１丁目１７番７号,6610977
9140001050971,富士ウェルテック株式会社,兵庫県,尼崎市,塚口本町５丁目４番３６号,6610001
9140001050996,株式会社フジ・データ・システム,兵庫県,尼崎市,昭和通２丁目７番１号ニューアルカイックビル６階,6600881
9140001051012,富士穂機械工業株式会社,兵庫県,尼崎市,東園田町１丁目１９３番地の５,6610953
9140001051029,株式会社ファインクレイ,兵庫県,尼崎市,大庄北１丁目３番８号,6600063
9140001051037,フェイステック株式会社,兵庫県,尼崎市,西高洲町１６番地の４０,6600845
9140001051045,フクヱイ工業株式会社,兵庫県,尼崎市,平左衛門町１８番地の２７,6600087
9140001051053,文化自動車部品工業株式会社,兵庫県,尼崎市,大西町３丁目２番２９号,6610023
9140001051061,福田株式会社,兵庫県,尼崎市,武庫之荘１丁目２２番４号,6610035
9140001051078,福和商事株式会社,兵庫県,尼崎市,若王寺１丁目２番２７号,6610974
9140001051086,藤岡興産株式会社,兵庫県,尼崎市,次屋３丁目１４番２８号,6610965
9140001051103,フルーツ・ジン株式会社,兵庫県,尼崎市,建家町９番地,6600871
9140001051111,株式会社プロシード,兵庫県,尼崎市,塚口町６丁目３７番１７号,6610002
9140001051128,株式会社Ｄｒｅａｍ　Ｗｉｎ　Ｊａｐａｎ,兵庫県,尼崎市,昭和通８丁目２７０番地,6600881
9140001051144,株式会社別府工務店,兵庫県,尼崎市,浜田町４丁目３７番地の１,6600062
9140001051152,株式会社エバメール化粧品,兵庫県,尼崎市,額田町１７番１号,6610962
9140001051160,株式会社はり由,兵庫県,尼崎市,浜２丁目６番１１号,6610967
9140001051169,豊生肥糧株式会社,兵庫県,尼崎市,西川１丁目１番２４号,6610966
9140001051202,株式会社ボディーショップ協伸,兵庫県,尼崎市,名神町２丁目１８番４号,6610021
9140001051210,株式会社ぼっちゃん堂,兵庫県,尼崎市,水堂町４丁目１５番１１号,6610026
9140001051219,ホワイトクリーニング株式会社,兵庫県,尼崎市,東難波町３丁目７番２７号,6600892
9140001051235,株式会社前薗工務店,兵庫県,尼崎市,戸ノ内町２丁目３番４２号,6610961
9140001051243,前田水産株式会社,兵庫県,尼崎市,潮江４丁目４番１号,6610976
9140001051251,株式会社毎日タイヤ商会,兵庫県,尼崎市,昭和通２丁目６番１号,6600881
9140001051268,増田精機株式会社,兵庫県,尼崎市,西長洲町３丁目２番１０号,6600805
9140001051276,株式会社満壽屋本舗,兵庫県,尼崎市,神田北通７丁目２０５番地,6600883
9140001051284,松岡土木株式会社,兵庫県,尼崎市,道意町３丁目８番地６,6600083
9140001051292,前川薬品株式会社,兵庫県,尼崎市,御園町３１番地,6600861
9140001051301,マツカネ産業株式会社,兵庫県,尼崎市,南武庫之荘１丁目２２番１３号,6610033
9140001051342,株式会社松本商行,兵庫県,尼崎市,武庫川町１丁目１２番地,6600084
9140001051350,株式会社馬渕タイル店,兵庫県,尼崎市,杭瀬北新町４丁目８番３号,6600815
9140001051367,株式会社マルセ,兵庫県,尼崎市,神田北通５丁目１４６番地の１,6600883
9140001051409,丸中株式会社,兵庫県,尼崎市,武庫之荘４丁目９番１６号,6610035
9140001051417,株式会社マロン美容室,兵庫県,尼崎市,西難波町２丁目２５番１１号,6600893
9140001051425,株式会社丸優,兵庫県,尼崎市,御園町３５番地,6600861
9140001051433,丸和縫製株式会社,兵庫県,尼崎市,常松２丁目３番３５号,6610046
9140001051441,株式会社三木組,兵庫県,尼崎市,杭瀬本町２丁目２１番９号,6600814
9140001051458,株式会社水田商店,兵庫県,尼崎市,杭瀬北新町２丁目３番１０号,6600815
9140001051474,株式会社三井架工,兵庫県,尼崎市,水堂町４丁目９番５号,6610026
9140001051482,ミツク株式会社,兵庫県,尼崎市,神田中通５丁目１８２の１２,6600884
9140001051508,峯食品株式会社,兵庫県,尼崎市,三反田町２丁目２０番９号,6610024
9140001051524,株式会社都城建設,兵庫県,尼崎市,三反田町２丁目２０番１９号,6610024
9140001051540,株式会社宮原,兵庫県,尼崎市,尾浜町１丁目１２番４号,6610022
9140001051549,株式会社味楽園,兵庫県,尼崎市,昭和南通４丁目４３番１,6600882
9140001051557,株式会社武庫川製作所,兵庫県,尼崎市,丸島町２５番地,6600086
9140001051565,武庫住地株式会社,兵庫県,尼崎市,武庫之荘５丁目３６番３８号,6610035
9140001051581,村上実業株式会社,兵庫県,尼崎市,南七松町１丁目１番１０号,6600053
9140001051598,明生商事株式会社,兵庫県,尼崎市,猪名寺１丁目２１番４３−２０１号,6610981
9140001051615,株式会社明和製作所,兵庫県,尼崎市,浜２丁目２２番１９号,6610967
9140001051623,株式会社恵建設,兵庫県,尼崎市,南武庫之荘１丁目１６番２号,6610033
9140001051648,森垣電工株式会社,兵庫県,尼崎市,北大物町２番１０号,6600804
9140001051656,株式会社森口水道工務店,兵庫県,尼崎市,瓦宮１丁目２番６８号,6610971
9140001051664,株式会社森田工業,兵庫県,尼崎市,大庄川田町４４番地,6600072
9140001051672,モリノブ株式会社,兵庫県,尼崎市,南武庫之荘８丁目２２番８号,6610033
9140001051689,株式会社八雲工作所,兵庫県,尼崎市,西長洲町２丁目８番１０号,6600805
9140001051697,株式会社安田鉄工所,兵庫県,尼崎市,善法寺町２４番２０号,6610973
9140001051714,株式会社ヤブサダイナミックス,兵庫県,尼崎市,北城内５１番地,6600826
9140001051722,株式会社山内テック,兵庫県,尼崎市,高田町１２番１４号,6610963
9140001051730,株式会社山久,兵庫県,尼崎市,中在家町４丁目５０５番１,6600851
9140001051739,株式会社山崎商店,兵庫県,尼崎市,稲葉元町２丁目１３番１５号,6600055
9140001051771,山本工業株式会社,兵庫県,尼崎市,道意町１丁目３０番地,6600083
9140001051788,株式会社ユー・アイホーム,兵庫県,尼崎市,立花町２丁目２番１１号,6610025
9140001051805,ユタカ興業株式会社,兵庫県,尼崎市,東難波町４丁目１５番１０号,6600892
9140001051813,ユニオン工業株式会社,兵庫県,尼崎市,西川２丁目６番１３号,6610966
9140001051821,株式会社ユニティ商事,兵庫県,尼崎市,南初島町１２番地の８,6600833
9140001051838,株式会社ヨシケン,兵庫県,尼崎市,猪名寺２丁目６番５号,6610981
9140001051846,株式会社吉田工業所,兵庫県,尼崎市,西難波町４丁目９番３７号,6600893
9140001051854,株式会社ＳＹＳ・ヨシダ,兵庫県,尼崎市,東難波町４丁目１６番１−６１５号,6600892
9140001051870,株式会社ライオン屋,兵庫県,尼崎市,昭和通４丁目１３３番地,6600881
9140001051895,株式会社和弘,兵庫県,尼崎市,常吉２丁目５番１号,6610042
9140001051904,和合電気株式会社,兵庫県,尼崎市,浜田町５丁目４３番地,6600062
9140001051920,和田精工株式会社,兵庫県,尼崎市,次屋３丁目６番６０号,6610965
9140001051929,株式会社ランドビルド,兵庫県,尼崎市,大西町１丁目４番１号,6610023
9140001051937,株式会社ディーオーアイ,兵庫県,尼崎市,御園町５番地,6600861
9140001051945,株式会社ヤマナカリース,兵庫県,尼崎市,稲葉荘４丁目３番１２号,6600064
9140001051953,株式会社リカーたちばな,兵庫県,尼崎市,東難波町３丁目３番３０号,6600892
9140001051961,山本機工株式会社,兵庫県,尼崎市,昭和通８丁目２７５番地,6600881
9140001052002,株式会社レンタルセンター,兵庫県,尼崎市,富松町３丁目１０番１５号,6610003
9140001052010,株式会社ロイエンタープライズ,兵庫県,尼崎市,神田北通３丁目３２番地,6600883
9140001052019,株式会社幸栄,兵庫県,尼崎市,塚口本町１丁目１５番２１号,6610001
9140001052035,株式会社ネッツ神戸サポート,兵庫県,尼崎市,名神町１丁目１８番２５号,6610021
9140001052043,株式会社アドエース,兵庫県,尼崎市,名神町３丁目１５番１号,6610021
9140001052068,株式会社海聖工業,兵庫県,尼崎市,大島１丁目３１番９号,6600076
9140001052092,株式会社マイルド,兵庫県,尼崎市,東園田町３丁目４５番地の３９,6610953
9140001052134,豊栄機電株式会社,兵庫県,尼崎市,次屋１丁目１２番３２号,6610965
9140001052142,西日本マルエス株式会社,兵庫県,尼崎市,鶴町７番地の８,6600092
9140001052159,株式会社モア,兵庫県,尼崎市,潮江１丁目４番２−１４０１号,6610976
9140001052167,株式会社ダン,兵庫県,尼崎市,杭瀬北新町４丁目８番１６号,6600815
9140001052175,株式会社グローカル,兵庫県,尼崎市,武庫之荘２丁目２番９号,6610035
9140001052183,ディーエスジェイ株式会社,兵庫県,尼崎市,大物町１丁目１４番１２号,6600823
9140001052191,株式会社ダイニチ,兵庫県,尼崎市,南塚口町１丁目２番８号ネオダイキョー塚口２１１号,6610012
9140001052200,株式会社エステート杭瀬,兵庫県,尼崎市,杭瀬本町２丁目２番２４号,6600814
9140001052258,株式会社ダンシス,兵庫県,尼崎市,御園町２１番地７０２号,6600861
9140001052266,株式会社サン・エイ造園,兵庫県,尼崎市,東難波町１丁目１番３−１０２号,6600892
9140001052290,大和部品工材株式会社,兵庫県,尼崎市,田能６丁目１２番３１号,6610951
9140001052308,株式会社建匠タテルス,兵庫県,尼崎市,武庫之荘５丁目１３番５号,6610035
9140001052316,株式会社アライアンス,兵庫県,尼崎市,塚口町４丁目１２番１５−１０４号,6610002
9140001052407,マツヤマ工業株式会社,兵庫県,尼崎市,長洲西通２丁目９番４号,6600807
9140001052415,日本住宅総業株式会社,兵庫県,尼崎市,東園田町６丁目７７番地リバーサイド栄紀３０１号,6610953
9140001052448,阪神車両メンテナンス株式会社,兵庫県,尼崎市,北城内１１６番地,6600826
9140001052456,株式会社松本鈑金工業,兵庫県,尼崎市,久々知３丁目２４番１号,6610977
9140001052464,株式会社アイス,兵庫県,尼崎市,西昆陽２丁目３６番２号,6610047
9140001052539,近畿オイルシステム株式会社,兵庫県,尼崎市,中在家町３丁目４８２番地２,6600851
9140001052761,株式会社リリー・ベル,兵庫県,尼崎市,御園町２１番地ＭＧ尼崎駅前ビル２０２号,6600861
9140001052786,株式会社向学社,兵庫県,尼崎市,南塚口町７丁目２５番５号,6610012
9140001052811,株式会社テイクネット,兵庫県,尼崎市,七松町１丁目３番１−２２３号,6600052
9140001052844,當間建設株式会社,兵庫県,尼崎市,武庫元町１丁目１２番１４号,6610043
9140001052852,株式会社ＰＡＩＮＴ　ＩＴ　ＳＡＬＭＯＮＰＩＮＫ,兵庫県,尼崎市,東園田町５丁目１１１番地の６,6610953
9140001052860,株式会社浦和機工,兵庫県,尼崎市,長洲西通２丁目１１番４号,6600807
9140001052869,関西メディア株式会社,兵庫県,尼崎市,南竹谷町２丁目５４番地,6600875
9140001052893,株式会社ＭＣＫ,兵庫県,尼崎市,富松町３丁目１１番２２号,6610003
9140001052902,アールイー大本株式会社,兵庫県,尼崎市,西高洲町１６番２３号,6600845
9140001052910,株式会社建都,兵庫県,尼崎市,梶ケ島７番１４号,6600821
9140001052919,株式会社プロサーバ,兵庫県,尼崎市,善法寺町２６番地３０１号,6610973
9140001052927,株式会社ラレザ,兵庫県,尼崎市,塚口町３丁目１５番地の３０,6610002
9140001052951,株式会社安田製麺所,兵庫県,尼崎市,久々知２丁目２番１０号,6610977
9140001052968,ガーデンガーデン株式会社,兵庫県,尼崎市,東園田町４丁目１６３番地の１,6610953
9140001053000,神崎パーカー工業株式会社,兵庫県,尼崎市,潮江５丁目９番５号,6610976
9140001053025,エンドレス貿易株式会社,兵庫県,尼崎市,東園田町２丁目９６番地の１,6610953
9140001053058,株式会社栄夢携自動車ガラス,兵庫県,尼崎市,神崎町２３番１２号,6610964
9140001053066,ＪＲ西日本レンタカー＆リース株式会社,兵庫県,尼崎市,潮江１丁目１番６０号,6610976
9140001053082,尼崎文化タクシー株式会社,兵庫県,尼崎市,久々知西町２丁目５番１３号,6610978
9140001053099,株式会社トーヨーパッケン,兵庫県,尼崎市,東塚口町２丁目４番５２号,6610011
9140001053116,アクア環境株式会社,兵庫県,尼崎市,開明町１丁目６１,6600862
9140001053124,株式会社アクアテック,兵庫県,尼崎市,七松町１丁目２番１号,6600052
9140001053132,株式会社日賀鉄工所,兵庫県,尼崎市,東高洲町１番地,6600841
9140001053149,旭産業貿易株式会社,兵庫県,尼崎市,尾浜町２丁目９番１５号,6610022
9140001053165,株式会社アクシスエンタープライズ,兵庫県,尼崎市,南武庫之荘２丁目８番１号,6610033
9140001053181,株式会社阪神衛生,兵庫県,尼崎市,西立花町２丁目３０番１２号,6600054
9140001053198,株式会社サンゼン,兵庫県,尼崎市,南初島町１０番地１５５,6600833
9140001053207,株式会社高麗,兵庫県,尼崎市,久々知西町１丁目１０番３号,6610978
9140001053280,株式会社ＭＥＧＳ,兵庫県,尼崎市,立花町４丁目４番１６号,6610025
9140001053314,長谷川数商事株式会社,兵庫県,尼崎市,東園田町９丁目８番地の１４,6610953
9140001053330,タイヨーホープ株式会社,兵庫県,尼崎市,昭和通１丁目１１番１２号,6600881
9140001053339,株式会社アットホームふじた,兵庫県,尼崎市,東園田町１丁目７７番地,6610953
9140001053355,株式会社ニーズサービス,兵庫県,尼崎市,杭瀬南新町２丁目１番１５号,6600822
9140001053363,株式会社ヒロ・アート,兵庫県,尼崎市,名神町３丁目９番２４号,6610021
9140001053388,株式会社茂,兵庫県,尼崎市,東難波町５丁目３１番１−１０１号,6600892
9140001053396,株式会社武庫川自動車整備工場,兵庫県,尼崎市,武庫川町１丁目１０番地,6600084
9140001053405,株式会社立花技術事務所,兵庫県,尼崎市,田能５丁目３番１０−５０９号,6610951
9140001053421,株式会社ニック,兵庫県,尼崎市,南塚口町１丁目１２番３号３Ｆ,6610012
9140001053438,株式会社スリーエスビューティーグループ,兵庫県,尼崎市,武庫之荘２丁目６−３−４０３号,6610035
9140001053462,株式会社山翔,兵庫県,尼崎市,下坂部４丁目４番８号,6610975
9140001053479,株式会社ドゥ・ネクサス,兵庫県,尼崎市,東園田町２丁目８０番地の５,6610953
9140001053487,株式会社アリエス,兵庫県,尼崎市,神田中通２丁目２７番地２６尼崎サンシャインビルＢＡ,6600884
9140001053495,株式会社Ｏｌｉｖｅ・Ｏｋａ,兵庫県,尼崎市,武庫川町４丁目９３番地の６,6600084
9140001053504,福田興産株式会社,兵庫県,尼崎市,南初島町４番地の３,6600833
9140001053512,株式会社プラスト,兵庫県,尼崎市,食満７丁目１８番１−４０４号,6610982
9140001053520,株式会社リペアー・テック・プロ,兵庫県,尼崎市,東園田町６丁目４７番１７−１０５,6610953
9140001053529,株式会社トモジン,兵庫県,尼崎市,武庫之荘７丁目３０番６号,6610035
9140001053537,株式会社パルカン,兵庫県,尼崎市,武庫之荘５丁目１３番５号,6610035
9140001053603,株式会社アーバントラスト,兵庫県,尼崎市,南塚口町２丁目４０番１４号,6610012
9140001053628,株式会社ベッツＩ・Ｔ,兵庫県,尼崎市,西立花町２丁目９番５号,6600054
9140001053644,株式会社センターハーフ,兵庫県,尼崎市,西本町２丁目２１番地クレセント西本町５０１号,6600874
9140001053652,株式会社フジホー,兵庫県,尼崎市,杭瀬本町２丁目１０番１号,6600814
9140001053660,株式会社エスロジ,兵庫県,尼崎市,元浜町２丁目７番地の２,6600085
9140001053669,株式会社ヒルズ建設,兵庫県,尼崎市,長洲中通２丁目３番９号,6600802
9140001053677,株式会社アディッドバリュー,兵庫県,尼崎市,塚口本町２丁目２９番１８号,6610001
9140001053685,小西設計株式会社,兵庫県,尼崎市,尾浜町３丁目８番４号,6610022
9140001053693,テクノコアインターナショナル株式会社,兵庫県,尼崎市,道意町７丁目１番３号尼崎リサーチ・インキュベーションセンター２０６,6600083
9140001053702,株式会社総合環境システム,兵庫県,尼崎市,昭和通２丁目５番３号,6600881
9140001053710,株式会社３３,兵庫県,尼崎市,金楽寺町２丁目７番３３号,6600806
9140001053719,株式会社ユニベール,兵庫県,尼崎市,西長洲町２丁目４番１０号,6600805
9140001053735,矢原技研株式会社,兵庫県,尼崎市,丸島町２０番地１２,6600086
9140001053743,株式会社シーエル,兵庫県,尼崎市,浜２丁目２３番２５号,6610967
9140001053751,株式会社藤徳,兵庫県,尼崎市,東難波町３丁目２０番２３号,6600892
9140001053768,マスカハウジング株式会社,兵庫県,尼崎市,北大物町１２番１０号,6600804
9140001053776,湯川株式会社,兵庫県,尼崎市,開明町１丁目３１番地,6600862
9140001053784,株式会社メタルデザイン,兵庫県,尼崎市,東園田町９丁目１７番地の１４,6610953
9140001053801,株式会社イデア建築工房,兵庫県,尼崎市,立花町３丁目１６番１２号アンソレイユ１Ｆ,6610025
9140001053818,ニュースボックス株式会社,兵庫県,尼崎市,竹谷町２丁目１８３番地リベル２０３号,6600876
9140001053842,株式会社ＯＮＥ　ＳＴＡＲ　ＪＡＰＡＮ,兵庫県,尼崎市,尾浜町１丁目３１番５号,6610022
9140001053850,株式会社カーズー,兵庫県,尼崎市,名神町２丁目１９番２０号,6610021
9140001053859,株式会社フジコ工業,兵庫県,尼崎市,尾浜町１丁目３１番２６号,6610022
9140001053883,株式会社マイチケット,兵庫県,尼崎市,武庫川町４丁目２７番地１,6600084
9140001053891,株式会社ティーエム電気工業,兵庫県,尼崎市,稲葉荘１丁目２１番３２号,6600064
9140001053900,株式会社魔法,兵庫県,尼崎市,御園町３３番地,6600861
9140001053917,株式会社ＰＩＣ,兵庫県,尼崎市,善法寺町２番８号,6610973
9140001053941,株式会社徳有建設,兵庫県,尼崎市,南塚口町５丁目１６番３２−３０１号,6610012
9140001053958,株式会社サクラ技建,兵庫県,尼崎市,南武庫之荘１０丁目１５番１３号,6610033
9140001053982,福岡サンフード株式会社,兵庫県,尼崎市,常松１丁目６番１９号,6610046
9140001053990,株式会社ウェルサイド,兵庫県,尼崎市,南竹谷町２丁目８７番地の１−７０３,6600875
9140001054007,株式会社リハケア,兵庫県,尼崎市,武庫之荘本町１丁目２番１号,6610031
9140001054023,株式会社藤井紙工所,兵庫県,尼崎市,東初島町２番地３６,6600832
9140001054064,株式会社橙,兵庫県,尼崎市,七松町３丁目３番１１−３０５号,6600052
9140001054080,株式会社アデッソ,兵庫県,尼崎市,神田中通４丁目１６０番地,6600884
9140001054089,地域感動開発株式会社,兵庫県,尼崎市,神田南通３丁目５７番地の３４,6600885
9140001054097,石川電機株式会社,兵庫県,尼崎市,西難波町６丁目７番３２号,6600893
9140001054106,株式会社共栄,兵庫県,尼崎市,南塚口町８丁目８番２５−２０１号,6610012
9140001054114,サンユウロード株式会社,兵庫県,尼崎市,久々知２丁目２５番１９号,6610977
9140001054122,株式会社ＡｃｅＨｏｍｅ,兵庫県,尼崎市,富松町４丁目７番５号,6610003
9140001054139,グンゼエンジニアリング株式会社,兵庫県,尼崎市,塚口本町４丁目８番１号,6610001
9140001054155,株式会社クオンエステート,兵庫県,尼崎市,築地４丁目２番１９号２０１号室,6600858
9140001054163,株式会社ライフサポート,兵庫県,尼崎市,食満６丁目１７番１０号,6610982
9140001054171,神和システム株式会社,兵庫県,尼崎市,東園田町３丁目３８番地の４,6610953
9140001054205,株式会社ＲＦコパン,兵庫県,尼崎市,武庫之荘１丁目３３番１−６０４号,6610035
9140001054213,株式会社ＴＡＫＥ工業,兵庫県,尼崎市,西長洲町２丁目１４番８号,6600805
9140001054221,株式会社ＡＺ・ＮＩＩＨＯ,兵庫県,尼崎市,西長洲町２丁目８番１４号,6600805
9140001054238,株式会社シーエムエス,兵庫県,尼崎市,西昆陽２丁目９番１号,6610047
9140001054246,株式会社ＹＩＳ,兵庫県,尼崎市,次屋１丁目２番１９号,6610965
9140001054254,株式会社しらゆり,兵庫県,尼崎市,元浜町１丁目２４−２８,6600085
9140001054262,株式会社大庄工業,兵庫県,尼崎市,大庄北１丁目２４番３３号,6600063
9140001054270,株式会社福田組,兵庫県,尼崎市,南武庫之荘４丁目１６番１２号１０２,6610033
9140001054287,株式会社エコデザイン,兵庫県,尼崎市,浜田町３丁目３１番２号,6600062
9140001054304,株式会社イーサポート,兵庫県,尼崎市,次屋１丁目２５番５−１０３号,6610965
9140001054329,株式会社大平商会,兵庫県,尼崎市,武庫之荘２丁目３２番１１−２０２号,6610035
9140001054337,株式会社エスエヌシー,兵庫県,尼崎市,武庫之荘１丁目１０番１０号,6610035
9140001054353,ブルーパワー株式会社,兵庫県,尼崎市,東園田町２丁目８９番地の１２,6610953
9140001054361,株式会社サンエイ,兵庫県,尼崎市,南武庫之荘２丁目１６番６号,6610033
9140001054378,株式会社ＭＡＪＩＤＥ,兵庫県,尼崎市,稲葉元町２丁目１５番１２号,6600055
9140001054386,株式会社デュオ,兵庫県,尼崎市,南塚口町１丁目３番７号,6610012
9140001054403,株式会社ＦＯＲ　ＥＩＧＨＴ　ＪＡＰＡＮ,兵庫県,尼崎市,南武庫之荘１０丁目１４番１９号,6610033
9140001054411,尼崎商業事業株式会社,兵庫県,尼崎市,東海岸町１番地の５２,6600843
9140001054428,株式会社タニヤマ,兵庫県,尼崎市,尾浜町３丁目２０番９号,6610022
9140001054436,株式会社堺屋,兵庫県,尼崎市,上ノ島町３丁目２８番１３号,6610014
9140001054444,株式会社ＡＷＳ,兵庫県,尼崎市,西難波町３丁目５番６号,6600893
9140001054452,神崎興業株式会社,兵庫県,尼崎市,昭和南通４丁目６８番地３,6600882
9140001054460,株式会社水井電工,兵庫県,尼崎市,御園２丁目３番４０号,6610984
9140001054510,Ｇ　ＥＸＰＯＲＴ　ＪＡＰＡＮ株式会社,兵庫県,尼崎市,南清水１８番２０号,6610985
9140001054519,株式会社桜産業,兵庫県,尼崎市,蓬川町３０２番地の１６（１０５号）,6600081
9140001054527,株式会社グリーン,兵庫県,尼崎市,南武庫之荘２丁目１５番２０号,6610033
9140001054535,メガケアサービス関西株式会社,兵庫県,尼崎市,元浜町１丁目９５番地,6600085
9140001054543,日本メディスン株式会社,兵庫県,尼崎市,東園田町５丁目３６番地の１,6610953
9140001054551,株式会社プチパル,兵庫県,尼崎市,食満１丁目６番３−８０３号,6610982
9140001054568,株式会社未来創造企画,兵庫県,尼崎市,三反田町３丁目１０−１９,6610024
9140001054576,株式会社フェイス,兵庫県,尼崎市,武庫元町１丁目１２番２号,6610043
9140001054584,株式会社鈴雅電設,兵庫県,尼崎市,西難波町３丁目３０−１８,6600893
9140001054592,大倉鉄建工業株式会社,兵庫県,尼崎市,西立花町３丁目１５番５号,6600054
9140001054601,株式会社石橋鉄筋,兵庫県,尼崎市,南武庫之荘２丁目２７番１５号,6610033
9140001054626,株式会社ユメール,兵庫県,尼崎市,七松町１丁目３番２−１６０３号,6600052
9140001054634,株式会社宮川配送サービス,兵庫県,尼崎市,元浜町１丁目２１番２,6600085
9140001054650,株式会社ｉスピリッツ,兵庫県,尼崎市,塚口本町１丁目２番３５号,6610001
9140001054659,Ｃｒｅａｔｉｏｎ　Ｓｅｒｖｉｃｅ株式会社,兵庫県,尼崎市,東園田町４丁目１４７番地の２８,6610953
9140001054667,株式会社ケージェーエーインターナショナル,兵庫県,尼崎市,久々知１丁目９番８号,6610977
9140001054675,加西株式会社,兵庫県,尼崎市,富松町２丁目２２番１２号,6610003
9140001054683,株式会社データマン社,兵庫県,尼崎市,西難波町１丁目１番,6600893
9140001054691,株式会社ＢＡＮ　Ｆｕｔｕｒｅ,兵庫県,尼崎市,武庫之荘５丁目４８番２６号,6610035
9140001054717,株式会社ウィッシュサポート,兵庫県,尼崎市,南塚口町１丁目６番９号,6610012
9140001054733,株式会社神戸東国際学院,兵庫県,尼崎市,久々知２丁目６番１０号,6610977
9140001054741,株式会社ハマショウ,兵庫県,尼崎市,立花町１丁目１０番１７号,6610025
9140001054758,株式会社アンダーアップ,兵庫県,尼崎市,富松町３丁目２３番１号,6610003
9140001054766,飯田商店株式会社,兵庫県,尼崎市,尾浜町２丁目１２番３５号,6610022
9140001054774,株式会社ＷＡＳＨ　ＭＡＮ,兵庫県,尼崎市,神崎町３６番１号,6610964
9140001054782,株式会社ナチュラル,兵庫県,尼崎市,七松町１丁目３番１−１４８号,6600052
9140001054808,株式会社トライエイト,兵庫県,尼崎市,長洲西通１丁目３番２４号,6600807
9140001054816,都知富株式会社,兵庫県,尼崎市,東大物町２丁目８番１１号,6600828
9140001054824,株式会社ジンテック,兵庫県,尼崎市,西長洲町２丁目８−１４コムズプラザＢ５,6600805
9140001054832,株式会社ケイテック,兵庫県,尼崎市,小中島１丁目２０番５−２０６号,6610972
9140001054849,株式会社Ｍ＆Ｇ住建,兵庫県,尼崎市,東園田町２丁目１１６番地,6610953
9140001054857,大規工業株式会社,兵庫県,尼崎市,瓦宮１丁目８番１２号,6610971
9140001054881,株式会社庵,兵庫県,尼崎市,立花町１丁目２３番２８号,6610025
9140001054898,株式会社向板金工作所,兵庫県,尼崎市,浜田町４丁目１３番地の１３,6600062
9140001054923,株式会社ミヤビ電工,兵庫県,尼崎市,東本町４丁目７９番地,6600824
9140001054948,株式会社平成工芸,兵庫県,尼崎市,西長洲町２丁目８番１４号,6600805
9140001054956,ＬＩＷＥＩ株式会社,兵庫県,尼崎市,七松町１丁目９番５−９０４号,6600052
9140001054964,尼高商事株式会社,兵庫県,尼崎市,南初島町１０番地の１４３,6600833
9140001054972,株式会社グローバルクリエイト,兵庫県,尼崎市,西難波町２丁目１０番３２号,6600893
9140001054980,株式会社武,兵庫県,尼崎市,尾浜町２丁目１４番１８号,6610022
9140001054997,株式会社阪神金属工業所,兵庫県,尼崎市,南七松町１丁目２番１８号,6600053
9140001055005,株式会社アネシス．ｃｏｍ,兵庫県,尼崎市,富松町１丁目１２番１０号,6610003
9140001055013,株式会社木屋,兵庫県,尼崎市,南竹谷町１丁目４４番５２,6600875
9140001055021,株式会社サワタ,兵庫県,尼崎市,田能５丁目８番１号,6610951
9140001055046,デコラプラスジャパン株式会社,兵庫県,尼崎市,南塚口町２丁目７番１−２０７号,6610012
9140001055054,株式会社Ｂ＆Ｍアーティストプロデュース,兵庫県,尼崎市,武庫町２丁目２０番３号,6610044
9140001055062,株式会社みやまえ,兵庫県,尼崎市,三反田町２丁目１番４１−１０７号,6610024
9140001055070,株式会社エムエープランニング,兵庫県,尼崎市,塚口町４丁目１０番地の５,6610002
9140001055079,株式会社ふくささ,兵庫県,尼崎市,東難波町４丁目１７番４号,6600892
9140001055087,東洋興産株式会社,兵庫県,尼崎市,食満７丁目２０番１号,6610982
9140001055104,株式会社マツテクノ,兵庫県,尼崎市,下坂部４丁目８番１号,6610975
9140001055112,株式会社アール・エイチ・ワイ,兵庫県,尼崎市,潮江１丁目２０−１アミング潮江イーストＡ２−１０４,6610976
9140001055120,杤尾不動産株式会社,兵庫県,尼崎市,猪名寺１丁目２４番１４号,6610981
9140001055137,高桑工業株式会社,兵庫県,尼崎市,武庫之荘６丁目１３番２号,6610035
9140001055161,株式会社アサヒエイト,兵庫県,尼崎市,下坂部３丁目１６番１４号,6610975
9140001055178,株式会社ＴＳコーポレーション,兵庫県,尼崎市,西大物町１２番５８−５１５号,6600827
9140001055186,山之内工業株式会社,兵庫県,尼崎市,次屋３丁目１１番２１号,6610965
9140001055194,株式会社Ｎ＆Ｙ,兵庫県,尼崎市,昭和南通４丁目５９番地,6600882
9140001055203,株式会社Ｋｏｍａｓｕ工房,兵庫県,尼崎市,神田北通９丁目２６１番地の２,6600883
9140001055211,株式会社包裝経済新聞社,兵庫県,尼崎市,武庫之荘１丁目２番１２号,6610035
9140001055252,株式会社大蔵,兵庫県,尼崎市,七松町２丁目１番１７号,6600052
9140001055293,株式会社エイ・ブイ・エイ,兵庫県,尼崎市,潮江４丁目２−２,6610976
9140001055310,株式会社アケボノ工業,兵庫県,尼崎市,次屋３丁目１４番２１号,6610965
9140001055319,株式会社フランシール,兵庫県,尼崎市,昭和通８丁目２７３番地の２,6600881
9140001055327,株式会社モリプランニング,兵庫県,尼崎市,西昆陽２丁目７番２４−３０５号,6610047
9140001055335,株式会社ガロック,兵庫県,尼崎市,塚口町２丁目３３番地の９,6610002
9140001055343,株式会社マルカ,兵庫県,尼崎市,宮内町２丁目７０番地,6600877
9140001055351,株式会社楽桜エステート,兵庫県,尼崎市,大島３丁目１９番３号,6600076
9140001055368,株式会社フェロウ,兵庫県,尼崎市,南塚口町７丁目３５番１３号,6610012
9140001055392,株式会社アイム・プロ,兵庫県,尼崎市,東園田町５丁目１６番地の１,6610953
9140001055401,ＡＤＯ株式会社,兵庫県,尼崎市,潮江１丁目４番２−１８０８号,6610976
9140001055418,株式会社オーエムシー,兵庫県,尼崎市,東園田町８丁目７９番地の３,6610953
9140001055426,株式会社てぃーだ,兵庫県,尼崎市,杭瀬北新町２丁目２番地２２,6600815
9140001055434,株式会社永井,兵庫県,尼崎市,南武庫之荘８丁目９番８号,6610033
9140001055450,株式会社平左衛門,兵庫県,尼崎市,富松町１丁目２５番１０号,6610003
9140001055459,ディーヴァコーポレーション株式会社,兵庫県,尼崎市,上ノ島町１丁目２２番５号−１０２号,6610014
9140001055467,株式会社涼桜ファミリー,兵庫県,尼崎市,道意町４丁目２６番６号,6600083
9140001055475,株式会社健創生活,兵庫県,尼崎市,武庫元町１丁目２９番３号,6610043
9140001055491,株式会社Ｍ・ＭＡＸ,兵庫県,尼崎市,神田中通２丁目２７番地２６,6600884
9140001055500,株式会社インフィニティ,兵庫県,尼崎市,昭和南通４丁目５９番地,6600882
9140001055509,タツマ工業株式会社,兵庫県,尼崎市,崇徳院２丁目７９番地の６,6600071
9140001055525,ナードフーズ株式会社,兵庫県,尼崎市,西長洲町２丁目６番１号,6600805
9140001055533,株式会社Ｂｅ・Ｈａｐｐｙ,兵庫県,尼崎市,立花町１丁目９番１９号,6610025
9140001055566,リヨカファーマシー株式会社,兵庫県,尼崎市,立花町１丁目６番５号,6610025
9140001055574,株式会社カオリオンＪＰ,兵庫県,尼崎市,潮江４丁目１番２８号,6610976
9140001055582,株式会社ＴＫＹ,兵庫県,尼崎市,田能４丁目１１番３８号,6610951
9140001055590,株式会社阪神電化サービス,兵庫県,尼崎市,東園田町３丁目３１番地の１２,6610953
9140001055599,イーストアロー株式会社,兵庫県,尼崎市,上坂部３丁目７番１０号,6610979
9140001055608,株式会社ＢＲＯＡＤ　ＷＥＬＬ,兵庫県,尼崎市,上坂部２丁目２４番２０−８０３号,6610979
9140001055616,関西コトブキ販売株式会社,兵庫県,尼崎市,水堂町４丁目２−３,6610026
9140001055624,株式会社一ノ瀬ロボット研究所,兵庫県,尼崎市,南武庫之荘９丁目１１番３６号,6610033
9140001055632,関西鋳工建材株式会社,兵庫県,尼崎市,長洲東通３丁目６番１号ラポールハルナ１階,6600801
9140001055649,株式会社錦江建設,兵庫県,尼崎市,上坂部２丁目２番１６号,6610979
9140001055657,株式会社ＮＴＳ,兵庫県,尼崎市,長洲中通２丁目１５番１６号,6600802
9140001055665,株式会社Ｔ−ＴＯＰ,兵庫県,尼崎市,浜田町３丁目９２番地の１,6600062
9140001055681,スターズ株式会社,兵庫県,尼崎市,長洲本通２丁目２番１−６０１号,6600803
9140001055707,星揮株式会社,兵庫県,尼崎市,東海岸町２６番地,6600843
9140001055715,株式会社ｇａｉｅｔｙ,兵庫県,尼崎市,南塚口町２丁目２９番３３号,6610012
9140001055723,津波商店社中株式会社,兵庫県,尼崎市,杭瀬本町１丁目１０番４号,6600814
9140001055731,藤原運輸倉庫株式会社,兵庫県,尼崎市,南塚口町２丁目４０番４号,6610012
9140001055748,株式会社ふれあい警備保障,兵庫県,尼崎市,南塚口町７丁目６番１７号浅井ビル,6610012
9140001055756,株式会社トラスト物流,兵庫県,尼崎市,大浜町２丁目３０番地,6600095
9140001055764,株式会社アールイーホーム,兵庫県,尼崎市,昭和通５丁目１６１番地の２エスタイル尼崎２０２号室,6600881
9140001055772,株式会社クローブ,兵庫県,尼崎市,田能６丁目７番４０号,6610951
9140001057125,株式会社ＪＥＷＥＬ,兵庫県,尼崎市,梶ケ島４番２号,6600821
9140001057182,株式会社ＪＫテック,兵庫県,尼崎市,長洲西通２丁目６番５号,6600807
9140001066092,株式会社黒白,兵庫県,尼崎市,東本町４丁目６４番３号,6600824
9140001067330,株式会社フェニックス,兵庫県,尼崎市,西本町２丁目５９番地,6600874
9140001067388,株式会社アークフィールド,兵庫県,尼崎市,大庄川田町３２番地,6600072
9140001068122,株式会社エド・インター,兵庫県,尼崎市,長洲西通１丁目１３番１号,6600807
9140001069062,株式会社浄心,兵庫県,尼崎市,東園田町６丁目５１番地の１７,6610953
9140001070276,ベターグッズ株式会社,兵庫県,尼崎市,道意町４丁目５３番地リンドマーク道意２０１号,6600083
9140001074062,株式会社山根組,兵庫県,尼崎市,武庫川町３丁目１６番地の４,6600084
9140001074129,株式会社平田商事,兵庫県,尼崎市,南武庫之荘９丁目１８番５号,6610033
9140001074293,株式会社ウェイアウト,兵庫県,尼崎市,次屋３丁目１７番１１号,6610965
9140001074475,株式会社Ｉｎｆｉｎｉｔｙ,兵庫県,尼崎市,東難波町５丁目８番２６号,6600892
9140001077676,株式会社ｗｉｎ−ｗｉｎ,兵庫県,尼崎市,尾浜町１丁目３２番１−６０９号,6610022
9140001077684,ヴァルッテ株式会社,兵庫県,尼崎市,上ノ島町１丁目３１番２０号,6610014
9140001077866,株式会社ドリームエージェンシー,兵庫県,尼崎市,東園田町９丁目９番地の５,6610953
9140001079012,株式会社元勢工業,兵庫県,尼崎市,西難波町１丁目１５番１０号,6600893
9140001079838,株式会社モンデン,兵庫県,尼崎市,元浜町２丁目４８番地の１,6600085
9140001079887,末八工業株式会社,兵庫県,尼崎市,東難波町４丁目２番２９号,6600892
9140001080614,株式会社Ｃａｓｉｎａ,兵庫県,尼崎市,武庫之荘１丁目１３番７号,6610035
9140001080878,株式会社ステージツー,兵庫県,尼崎市,武庫之荘１丁目１６番８−３０１号,6610035
9140001083757,ヤンマーマルシェ株式会社,兵庫県,尼崎市,潮江１丁目１６番１号,6610976
9140001083939,株式会社電建,兵庫県,尼崎市,西長洲町１丁目２番４５号,6600805
9140001084425,株式会社Ｓ・Ｔサービス,兵庫県,尼崎市,猪名寺１丁目２２番２２号,6610981
9140001086363,株式会社康正,兵庫県,尼崎市,浜３丁目２３番１５号,6610967
9140001086677,矢野電気テック株式会社,兵庫県,尼崎市,道意町１丁目１０番地,6600083
9140001086751,株式会社アンブリン,兵庫県,尼崎市,武庫之荘５丁目１６番３０号,6610035
9140001087072,株式会社ジーオー,兵庫県,尼崎市,武庫川町１丁目１４番１号,6600084
9140001087163,株式会社川喜,兵庫県,尼崎市,西立花町２丁目１７番３号,6600054
9140001087428,株式会社あいさぽーと,兵庫県,尼崎市,武庫之荘東２丁目２５番２６号グラディ武庫之荘１０１号室,6610032
9140001087535,みどりアセットマネジメント株式会社,兵庫県,尼崎市,北大物町１９番３９号,6600804
9140001087683,株式会社エルデフォート,兵庫県,尼崎市,東塚口町１丁目４番１３−２１１号,6610011
9140001087840,株式会社ヘルスケアサポート・仁,兵庫県,尼崎市,南武庫之荘１丁目１８番１−２０２号,6610033
9140001087865,新光ロジテック株式会社,兵庫県,尼崎市,大庄中通２丁目８番地,6600075
9140001088252,葉山建設工業株式会社,兵庫県,尼崎市,常松１丁目３５番３０号,6610046
9140001088310,株式会社あんじゅ,兵庫県,尼崎市,武庫元町２丁目１４番１２号,6610043
9140001088392,株式会社光,兵庫県,尼崎市,長洲中通１丁目１番７号５０３,6600802
9140001088450,株式会社タイムリー,兵庫県,尼崎市,瓦宮２丁目３３番２２号,6610971
9140001088491,株式会社フリーゲート,兵庫県,尼崎市,杭瀬本町１丁目８番１号,6600814
9140001088558,株式会社クレアプラス,兵庫県,尼崎市,南七松町１丁目１番１１号,6600053
9140001088640,株式会社グリーン綜合警備保障,兵庫県,尼崎市,昭和南通５丁目６９−１アミックビル,6600882
9140001088987,株式会社坂本自動車,兵庫県,尼崎市,大庄西町２丁目５番１５号,6600077
9140001089077,ケイエム不動産株式会社,兵庫県,尼崎市,金楽寺町２丁目２０番１２号,6600806
9140001089259,株式会社ＬＩＢＥＲＯ,兵庫県,尼崎市,東園田町５丁目１０９番地の４６,6610953
9140001089564,株式会社ミスト,兵庫県,尼崎市,東園田町９丁目１７番の１２,6610953
9140001089738,株式会社ハウジングステージ,兵庫県,尼崎市,南武庫之荘２丁目６番５号,6610033
9140001089812,株式会社与座フロアー,兵庫県,尼崎市,次屋１丁目１１番６−１号,6610965
9140001090051,株式会社有希管財,兵庫県,尼崎市,猪名寺２丁目２１番３２号,6610981
9140001090225,株式会社しろうま,兵庫県,尼崎市,塚口町２丁目３６番地の３タッチ塚口１階,6610002
9140001090506,株式会社田代電気,兵庫県,尼崎市,金楽寺町２丁目５番４６号,6600806
9140001090555,株式会社ＳＡＮＳＨＩＮ,兵庫県,尼崎市,立花町２丁目１１番３０号,6610025
9140001090613,株式会社キュアネット,兵庫県,尼崎市,築地３丁目２番１３号,6600858
9140001090638,山本メタルワーク株式会社,兵庫県,尼崎市,久々知西町２丁目６番３号,6610978
9140001091033,株式会社フェニックス,兵庫県,尼崎市,椎堂１丁目１番７号,6610952
9140001091363,株式会社みやこ福祉用具,兵庫県,尼崎市,七松町２丁目１５番７号,6600052
9140001091685,近畿セキュリティサービス株式会社,兵庫県,尼崎市,東園田町５丁目１４２−１法界寺ビル２０１号室,6610953
9140001091751,株式会社ミント,兵庫県,尼崎市,武庫之荘西２丁目４９番１号,6610034
9140001091768,株式会社ルゴラ,兵庫県,尼崎市,三反田町２丁目１５番２５号,6610024
9140001092469,ユーアイ物流株式会社,兵庫県,尼崎市,東海岸町１１番地,6600843
9140001092519,株式会社アオ・パブリッシング,兵庫県,尼崎市,武庫之荘本町３丁目１７番４−１０５号,6610031
9140001092535,株式会社協同プランニング,兵庫県,尼崎市,塚口町１丁目１８番地の７（メゾンパル８０３号）,6610002
9140001092618,株式会社ネストライン,兵庫県,尼崎市,富松町２丁目７−２２ローズコート富松ＩＩ１０１号,6610003
9140001092725,株式会社新誠,兵庫県,尼崎市,長洲本通２丁目１番１号,6600803
9140001093005,株式会社よつばエンタープライズ,兵庫県,尼崎市,大庄川田町７３番地の１,6600072
9140001093095,株式会社Ｄ−ＳＥＲＶＩＣＥ,兵庫県,尼崎市,潮江５丁目７番２０号,6610976
9140001093153,株式会社ａｔ　ｅａｓｅ,兵庫県,尼崎市,元浜町５丁目２９番地の１,6600085
9140001093277,株式会社Ｈ＆Ｔ,兵庫県,尼崎市,御園町３５,6600861
9140001093302,株式会社ジェイ・ケイ工業,兵庫県,尼崎市,御園３丁目２０番３号,6610984
9140001093327,株式会社ＯＮプランニング,兵庫県,尼崎市,西昆陽１丁目７番８号,6610047
9140001093401,株式会社ライフパートナー,兵庫県,尼崎市,東大物町１丁目５番１号,6600828
9140001093418,株式会社サイプレス,兵庫県,尼崎市,栗山町１丁目１３番１号,6610013
9140001093566,株式会社ラックトレーディング,兵庫県,尼崎市,塚口本町７丁目１２番１２−５０２号,6610001
9140001093723,株式会社利安,兵庫県,尼崎市,昭和南通６丁目１５０番地の１ニューアメリカンプラザ３号館９Ｄ,6600882
9140001093970,株式会社グリーン,兵庫県,尼崎市,上ノ島町３丁目２７番１５号,6610014
9140001094201,株式会社竹内工機,兵庫県,尼崎市,神崎町２８番８号,6610964
9140001094234,株式会社ベルイノベーション,兵庫県,尼崎市,昭和通４丁目１２１番,6600881
9140001094507,株式会社カレント企画,兵庫県,尼崎市,潮江１丁目３番１２−１２０７号,6610976
9140001095001,キーズ・プランニング株式会社,兵庫県,尼崎市,西難波町１丁目３３番１７号,6600893
9140001095059,大同輸送株式会社,兵庫県,尼崎市,長洲西通１丁目４番６号,6600807
9140001095182,株式会社インテリアシラス,兵庫県,尼崎市,若王寺３丁目１５番６−２号,6610974
9140001095199,株式会社新居田企画,兵庫県,尼崎市,潮江１丁目６−５−９０２,6610976
9140001095389,株式会社ＲＴＳ,兵庫県,尼崎市,潮江１丁目２０番２１号,6610976
9140001095455,株式会社ＣＡＳＥ−ＯＦ−ＣＬＡＵＤＩＡ,兵庫県,尼崎市,崇徳院１丁目１３番１７号,6600071
9140001095661,株式会社ｅｎｃｏｕｒａｇｅ,兵庫県,尼崎市,浜田町４丁目２０番４号,6600062
9140001095752,株式会社ピースフルホーム,兵庫県,尼崎市,立花町４丁目２番２１号,6610025
9140001095950,株式会社柏木工業所,兵庫県,尼崎市,神崎町１１番１５号,6610964
9140001096247,株式会社メイクアップコーポレーション,兵庫県,尼崎市,昭和通５丁目１６１番地２−１０２,6600881
9140001096313,株式会社楽と縁,兵庫県,尼崎市,今福１丁目１番２９号杭瀬団地２９号棟１０１号室,6600812
9140001096882,株式会社オフィスヒロ,兵庫県,尼崎市,南塚口町１丁目２６−２５−１０１,6610012
9140001097204,株式会社タクト,兵庫県,尼崎市,塚口本町２丁目２５番地の５−１０１,6610001
9140001097393,株式会社山本,兵庫県,尼崎市,南武庫之荘１１丁目８−１９−１０３,6610033
9140001097526,株式会社笑波,兵庫県,尼崎市,蓬川町３番地の４,6600081
9140001097955,株式会社上原塗装,兵庫県,尼崎市,武庫之荘５丁目２５番１０号,6610035
9140001098078,株式会社エストホーム,兵庫県,尼崎市,東難波町５丁目２番１７号,6600892
9140001098243,近畿電力株式会社,兵庫県,尼崎市,大西町３丁目２番２９号,6610023
9140001098284,株式会社亀田家,兵庫県,尼崎市,田能３丁目１４番２１号,6610951
9140001098350,株式会社ロハススタイル,兵庫県,尼崎市,神崎町一丁目３７番,6610964
9140001098490,株式会社アールフォーサービス,兵庫県,尼崎市,七松町１丁目１３番１２−１０３号,6600052
9140001098557,株式会社新徳,兵庫県,尼崎市,西長洲町２丁目２５番２４号,6600805
9140001098689,株式会社平田商事,兵庫県,尼崎市,神崎町３番３号,6610964
9140001098730,株式会社豊友建設,兵庫県,尼崎市,長洲中通１丁目２番２２号,6600802
9140001098978,株式会社Ｍ’ｓ,兵庫県,尼崎市,塚口町１丁目１８番地の７メゾンパル２０２号,6610002
9140001099002,株式会社つくし,兵庫県,尼崎市,武庫之荘１丁目２番１５号,6610035
9140001099084,株式会社プログレス,兵庫県,尼崎市,神田中通６丁目２１９番６号,6600884
9140001099159,株式会社サンヒルズエステート,兵庫県,尼崎市,食満３丁目１７番２０号,6610982
9140001099200,株式会社ＫＴＲ,兵庫県,尼崎市,神崎町４３−７,6610964
9140001099241,株式会社クライス,兵庫県,尼崎市,南塚口町８丁目６３番１２号,6610012
9140001099282,株式会社福太ホームズ,兵庫県,尼崎市,南武庫之荘１丁目２３番５号,6610033
9140001099357,辰竹商事株式会社,兵庫県,尼崎市,昭和通３丁目９０−１尼崎Ｋ．Ｒビルディング,6600881
9140001099381,株式会社グランジール,兵庫県,尼崎市,下坂部３丁目９番２６号,6610975
9140001099555,心幸フーズ株式会社,兵庫県,尼崎市,長洲西通１丁目８番１号,6600807
9140001099596,株式会社タツテックス,兵庫県,尼崎市,東本町３丁目１３,6600824
9140001099605,渡部メンテナンス株式会社,兵庫県,尼崎市,久々知３丁目７番１９号,6610977
9140001099745,株式会社ＭＡＸ,兵庫県,尼崎市,常光寺１丁目２７番１７号,6600811
9140001100264,株式会社湧川,兵庫県,尼崎市,南武庫之荘３丁目２３番１号,6610033
9140001100405,株式会社豊栄,兵庫県,尼崎市,丸島町３０−３,6600086
9140001100438,まごころ株式会社,兵庫県,尼崎市,下坂部２丁目２４番５号,6610975
9140001100660,株式会社アサヒネクスト,兵庫県,尼崎市,水堂町２丁目６番２号,6610026
9140001100702,株式会社テクニカルイラストコセＲ,兵庫県,尼崎市,長洲西通２丁目３番３号,6600807
9140001100974,カクイ株式会社,兵庫県,尼崎市,東園田町９丁目４番地２６−２０２号,6610953
9140001101205,株式会社優ケアサービス,兵庫県,尼崎市,七松町１丁目１０−２９,6600052
9140001101353,株式会社ＫＪ,兵庫県,尼崎市,南塚口町８丁目４１番６号サウスイン南塚口２０１,6610012
9140001101477,天明建設株式会社,兵庫県,尼崎市,菜切山町９番,6600073
9140001101601,株式会社山本,兵庫県,尼崎市,西難波町１丁目２８番１６号,6600893
9140001101650,Ｆｕｔｕｒｅ　Ｂｒｉｇｈｔ株式会社,兵庫県,尼崎市,七松町３丁目３番１１号,6600052
9140001101865,株式会社ルーヴ,兵庫県,尼崎市,神田北通１丁目１−２階,6600883
9140001101931,株式会社アスリード開発,兵庫県,尼崎市,東難波町５丁目８番２６号リアライズ尼崎９Ｃ,6600892
9140001102178,アステルホーム株式会社,兵庫県,尼崎市,昭和通２丁目３番７号,6600881
9140001102327,株式会社ＴＲＡＮＳ　ＦＯＲＣＥ,兵庫県,尼崎市,武庫之荘本町３丁目１２番２５−１０１号,6610031
9140001102376,株式会社クローレ,兵庫県,尼崎市,南塚口町１丁目３−６第８キャスル塚口４０１号室,6610012
9140001102533,瑞祥株式会社,兵庫県,尼崎市,上坂部１丁目８番１−１４０号,6610979
9140001102599,株式会社エヌ・ケイ・エス,兵庫県,尼崎市,西川２丁目３１番８号,6610966
9140001102814,株式会社パネルエンジニアサービス,兵庫県,尼崎市,大物町２丁目１１番６号,6600823
9140001102830,エムグリット総合リサーチ株式会社,兵庫県,尼崎市,名神町２丁目４番２０号２１１号,6610021
9140001102905,融潤株式会社,兵庫県,尼崎市,西立花町２丁目３１番２６号,6600054
9140001103226,オクトテック株式会社,兵庫県,尼崎市,富松町３丁目１８番３４号,6610003
9140001103572,株式会社アベリア,兵庫県,尼崎市,水堂町１丁目２８番５号,6610026
9140001103754,株式会社為組,兵庫県,尼崎市,西昆陽１丁目７番２４号,6610047
9140001103928,株式会社橋本工務店,兵庫県,尼崎市,若王寺３丁目１８番１１号,6610974
9140001104125,株式会社Ｍ　Ｓｔｙｌｅ,兵庫県,尼崎市,次屋３丁目６番４０号,6610965
9140001104372,悠希株式会社,兵庫県,尼崎市,蓬川町３０２番１６号ザ・ガーデネスクシティ・アクア館１０４号,6600081
9140001104439,株式会社竹内電工,兵庫県,尼崎市,上ノ島町１丁目２０番３号,6610014
9140001104554,株式会社ＫＴＮ,兵庫県,尼崎市,東難波町４丁目１１番１１−２号,6600892
9140001104637,河本工業株式会社,兵庫県,尼崎市,東難波町５丁目８番２６号８Ｆ,6600892
9140001104678,株式会社アイ・ティー・オー,兵庫県,尼崎市,南武庫之荘７丁目１２番９号,6610033
9140001104736,株式会社Ｏｋｕ　ｓｏｕｌ　ｉｎｃｏｒｐｏｒａｔｅｄ,兵庫県,尼崎市,武庫之荘１丁目１３番３号１階,6610035
9140001104769,株式会社ＡＤ．Ｉ,兵庫県,尼崎市,西難波町３丁目３１番９号,6600893
9140001104901,株式会社プリンセスビューティー,兵庫県,尼崎市,東園田町９丁目１７番１４号,6610953
9140001104959,株式会社Ｓｍａｒｔ　Ｄｅｓｉｇｎ,兵庫県,尼崎市,武庫之荘５丁目３１番５号,6610035
9140001104975,株式会社タツミ精工,兵庫県,尼崎市,下坂部３丁目２１番５号,6610975
9140001104983,三室電設株式会社,兵庫県,尼崎市,南武庫之荘１丁目１７−２３,6610033
9140001105107,株式会社ＧＬＥＣＣ,兵庫県,尼崎市,杭瀬本町３丁目６番１２号,6600814
9140001105206,タケシ塗建株式会社,兵庫県,尼崎市,武庫川町１丁目１１番１７号,6600084
9140001105263,株式会社新田重機,兵庫県,尼崎市,武庫之荘８丁目１８番１号,6610035
9140001105412,ＳＫワールド株式会社,兵庫県,尼崎市,南初島町８番地の７３,6600833
9140001105544,株式会社ワンドロップ,兵庫県,尼崎市,東園田町５丁目８５番地の２,6610953
9140001105585,株式会社ライフエージェンシー,兵庫県,尼崎市,常松１丁目３番８−８３４号,6610046
9140001105627,株式会社小川商事,兵庫県,尼崎市,久々知１丁目１９番８号,6610977
9140001105668,株式会社増永組,兵庫県,尼崎市,西本町３丁目８３番地２,6600874
9140001105684,株式会社リフレ,兵庫県,尼崎市,潮江１丁目２番１−１５０４号,6610976
9140001105882,株式会社ナカイ,兵庫県,尼崎市,杭瀬北新町３丁目１２番５号,6600815
9140001105899,株式会社華能,兵庫県,尼崎市,若王寺２丁目３８番１２号,6610974
9140001105965,株式会社ＯＣＥＡＮ８,兵庫県,尼崎市,東園田町５丁目４３番地の１ウエスト高木１階１０１号室,6610953
9140001105973,株式会社ＳＡＮＫＯ,兵庫県,尼崎市,食満２丁目２４番８号,6610982
9140001106047,井之上電気株式会社,兵庫県,尼崎市,杭瀬南新町４丁目２番６号,6600822
9140001106088,日本リデュース株式会社,兵庫県,尼崎市,南塚口町６丁目７番９号,6610012
9140001106096,アスリート株式会社,兵庫県,尼崎市,大庄中通１丁目３番地の４,6600075
9140001106105,株式会社宇都宮板金工業所,兵庫県,尼崎市,西難波町６丁目１２番２１号,6600893
9140001106526,株式会社ＪＵＺＯ,兵庫県,尼崎市,武庫之荘４丁目８番４号,6610035
9140001106583,株式会社今村鉄筋工業,兵庫県,尼崎市,東難波町３丁目２５番１−７０７号,6600892
9140001106666,Ｈｉｓｌａｎｄ　Ｓｎｏｗ株式会社,兵庫県,尼崎市,塚口町２丁目１０番地の１８,6610002
9140001107012,ひので商店株式会社,兵庫県,尼崎市,武庫之荘東２丁目２０番１５号,6610032
9140001107210,株式会社ＦＩＰ　ＩＮＤＵＳＴＲＩＥＳ,兵庫県,尼崎市,東園田町３丁目１３番地の１７,6610953
9140001107565,株式会社当代,兵庫県,尼崎市,神崎町３番８号,6610964
9140001107615,株式会社ＫＩＴ,兵庫県,尼崎市,三反田町３丁目６番５号,6610024
9140001107631,株式会社けびん,兵庫県,尼崎市,武庫町２丁目７番１４号,6610044
9140001107664,株式会社Ｙ企画,兵庫県,尼崎市,富松町３丁目２３番１号,6610003
9140001108209,株式会社ナカジマ,兵庫県,尼崎市,西桜木町１４−１−１０１,6600865
9140001108290,株式会社川内組,兵庫県,尼崎市,西川２丁目２９番６−２０２号,6610966
9140001108480,株式会社ＨＡＶＥＦＵＮ,兵庫県,尼崎市,西昆陽２丁目２−３２,6610047
9140001108530,アンダー・フォールズ株式会社,兵庫県,尼崎市,長洲中通２丁目４番３５号,6600802
9140001108613,株式会社丼魂,兵庫県,尼崎市,神田中通２丁目１８番地７,6600884
9140001108828,株式会社みやこ住建,兵庫県,尼崎市,南武庫之荘８丁目１２番１６号,6610033
9140001108844,株式会社タイキ貿易,兵庫県,尼崎市,食満７丁目２７番４号,6610982
9140001109066,株式会社松永建設工業,兵庫県,尼崎市,南武庫之荘７丁目２０−６,6610033
9140001109140,株式会社浜武建装,兵庫県,尼崎市,立花町３丁目９番２５号,6610025
9140001109223,ダブルチェック青木株式会社,兵庫県,尼崎市,塚口町５丁目２５番地の６,6610002
9140001109264,株式会社麒麟アセットマネジメント,兵庫県,尼崎市,上坂部１丁目１番３−７０２号,6610979
9140001109280,株式会社ＬＵＡＲＣＨ,兵庫県,尼崎市,南武庫之荘１丁目２２番１１号スタインウェイ４０１号,6610033
9140001109297,株式会社潮エスト,兵庫県,尼崎市,潮江２丁目２４番１号ラ・プロヴィーレ１０５号室,6610976
9140001109314,株式会社Ｇ−スペース,兵庫県,尼崎市,稲葉元町２丁目４番２０号,6600055
9140001109470,株式会社ＬＥＡＰ,兵庫県,尼崎市,長洲西通１丁目２番３−５０１号,6600807
9140001109537,カワイ包装産業株式会社,兵庫県,尼崎市,西本町３丁目８６番地,6600874
9140001109636,シマダ電気株式会社,兵庫県,尼崎市,御園１丁目９番３２号,6610984
9140001109652,株式会社婉蓉,兵庫県,尼崎市,昭和南通４丁目５８番２号エイケンビル５Ｆ,6600882
9140001109834,株式会社ＲＡＧＡＺＺＩ,兵庫県,尼崎市,東難波町５丁目１２番２号ＯＰＳ２号室,6600892
9140001110081,ＴＨＵＹ　ＭＯＣ株式会社,兵庫県,尼崎市,南塚口町１丁目２−８−３０８,6610012
9140001110131,Ｊ−ＳＯＬ株式会社,兵庫県,尼崎市,瓦宮２丁目２０番６号,6610971
9140001110379,株式会社サーティ,兵庫県,尼崎市,次屋１丁目１４番１５号５０１号,6610965
9140001110560,株式会社コドモスキー,兵庫県,尼崎市,南武庫之荘３丁目２１番２４号,6610033
9140001110569,株式会社Ｓｉｒｕｓｉ,兵庫県,尼崎市,武庫之荘２丁目５番１６号ｅｃｒｕｔｅｒｒａｃｅ２Ｆ,6610035
9140001110593,株式会社Ｙ’ｓアパートメント,兵庫県,尼崎市,南武庫之荘２丁目４番１２号,6610033
9140001110627,株式会社設備Ｊ設計室,兵庫県,尼崎市,武庫之荘２丁目５−１７秋岡ビル２０１号,6610035
9140001110734,株式会社清井測量,兵庫県,尼崎市,七松町３丁目１７番２０号エクセルコートＩＩ２階,6600052
9140001110775,株式会社８ｃｒｅａｔｉｏｎ,兵庫県,尼崎市,南武庫之荘３丁目２４−２０−２０４号室,6610033
9140001111121,株式会社アプローズデザイン,兵庫県,尼崎市,武庫之荘１丁目２０番５号,6610035
9140001111154,株式会社ディアテック,兵庫県,尼崎市,額田町１８番７−４０１号,6610962
9140001111369,株式会社鍵和,兵庫県,尼崎市,東園田町９丁目１５番地の２１,6610953
9140001111476,株式会社Ｐｕｍｐ　Ｆａｃｔｏｒｙ,兵庫県,尼崎市,七松町１丁目２０番２３号ＡＫＣビル２Ｆ,6600052
9140001111518,株式会社アートクリエイト,兵庫県,尼崎市,水堂町１丁目７番７号,6610026
9140001111682,株式会社イグノ,兵庫県,尼崎市,開明町２丁目１１番地,6600862
9140001111815,株式会社ＮＰＣ,兵庫県,尼崎市,杭瀬南新町２丁目１−２５−３０４号,6600822
9140001111914,株式会社サザン社会福祉士事務所,兵庫県,尼崎市,南武庫之荘６丁目３番８号２Ｆ,6610033
9140001111939,株式会社カネミネ総合サービス,兵庫県,尼崎市,昭和通２丁目１２番２９号黒谷ビル２Ｆ,6600881
9140001112086,Ｍ＆Ｙ　ｓｅｃｏｎｄ株式会社,兵庫県,尼崎市,田能３丁目８番３６号ＹｏｕｒｓＲｅｓｉｄｅｎｃｅ２０２号,6610951
9140001112103,株式会社Ｓｉｎｓｅｅｄ,兵庫県,尼崎市,東難波町５丁目８番２６号アネスト尼崎７Ｃ,6600892
9140001112301,株式会社メルカーション,兵庫県,尼崎市,金楽寺町２丁目３２番１９号,6600806
9140001112334,株式会社タナカ技建,兵庫県,尼崎市,西御園町１０８番地,6600868
9140001112458,株式会社仲本建設,兵庫県,尼崎市,大島１丁目１９番１８号,6600076
9140001112598,コスメトレード株式会社,兵庫県,尼崎市,南武庫之荘８丁目１９番１５号,6610033
9140001112895,株式会社小川,兵庫県,尼崎市,上坂部２丁目２番２３号,6610979
9140001113076,株式会社小林技建,兵庫県,尼崎市,大西町１丁目１４番２４−３０１号,6610023
9140001113159,株式会社ＳＵＮ　ＲＥＧＡＲＥ,兵庫県,尼崎市,水堂町１丁目７番２３号,6610026
9140001113233,ＮＳハートフルサービス関西株式会社,兵庫県,尼崎市,東難波町２丁目１７−８５,6600892
9140001113282,株式会社今中商店,兵庫県,尼崎市,宮内町２丁目４９番地,6600877
9140001113373,株式会社玉木工業,兵庫県,尼崎市,神崎町３７−２１−６号,6610964
9140001113464,株式会社Ｂｌｏｏｍｓ,兵庫県,尼崎市,開明町２丁目１１番地神鋼建設ビル２階,6600862
9140001113539,大一テック株式会社,兵庫県,尼崎市,大庄西町３丁目１番３号,6600077
9140001113860,株式会社ＢＥＳＴ,兵庫県,尼崎市,西難波町１丁目１２−２２紀の国屋ＩＩ１０２,6600893
9140001113984,株式会社万和,兵庫県,尼崎市,若王寺２丁目３８番１２号,6610974
9140001114025,株式会社オフィスパザパ,兵庫県,尼崎市,西本町３丁目３２番地,6600874
9140001114256,株式会社ＷＥＳＴ,兵庫県,尼崎市,東園田町１丁目１７８番地の１ボナールコートＢ１０１号,6610953
9140001114306,株式会社ルメディカ,兵庫県,尼崎市,塚口町１丁目１０番７,6610002
9140001114322,株式会社南勢,兵庫県,尼崎市,道意町６丁目４８番３号,6600083
9140001114603,株式会社パルケ,兵庫県,尼崎市,上ノ島町１丁目３０番１号,6610014
9140001114702,株式会社新垣組,兵庫県,尼崎市,武庫元町２丁目１番８号,6610043
9140001114818,Ｍｒ．ライフプランニング株式会社,兵庫県,尼崎市,大庄川田町３２番地,6600072
9140001114909,キュアファーマシー株式会社,兵庫県,尼崎市,御園町２４番地尼崎第一ビル４０２号,6600861
9140001115361,東大商事株式会社,兵庫県,尼崎市,杭瀬北新町４丁目９番１−３０３号,6600815
9140001115675,株式会社あまがさきスクールランチ,兵庫県,尼崎市,玄番南之町５番地６,6600873
9140001115758,株式会社清栄,兵庫県,尼崎市,浜田町５丁目５１番地１０１号,6600062
9140001115832,株式会社京研ホーム,兵庫県,尼崎市,浜３丁目１６番１３号,6610967
9140001115898,株式会社Ｍ２Ｓ,兵庫県,尼崎市,上ノ島町２丁目１番２０号,6610014
9140001115923,株式会社濱名,兵庫県,尼崎市,長洲中通３丁目１７番３８号,6600802
9140001116079,株式会社パーティーアップ,兵庫県,尼崎市,大庄北５丁目１番７号メゾン兵庫Ｂ１,6600063
9140001116293,株式会社ネストパートナーズ,兵庫県,尼崎市,南武庫之荘２丁目１８番２２−１０２号,6610033
9140001116319,株式会社前田コーポレーション,兵庫県,尼崎市,上ノ島町２丁目２６番９号,6610014
9140001116376,株式会社創葵,兵庫県,尼崎市,大庄西町４丁目２０番８号,6600077
9140001116426,株式会社Ｐａｒｔｓ　ｍａｒｋｅｔ,兵庫県,尼崎市,御園町２４番地尼崎第一ビル４０２,6600861
9140001116632,株式会社ＴＮＫ,兵庫県,尼崎市,南塚口町３丁目２７番１１−２号,6610012
9140001116748,株式会社純修,兵庫県,尼崎市,猪名寺１丁目２番２５号,6610981
9140001117069,株式会社尼漁海事,兵庫県,尼崎市,丸島町２番地,6600086
9140001117234,アパライフ株式会社,兵庫県,尼崎市,浜２丁目９番１３号,6610967
9140001117250,アプロスワン株式会社,兵庫県,尼崎市,武庫町１丁目５５番２号,6610044
9140001117325,株式会社敬天,兵庫県,尼崎市,昭和通９丁目３２６番５号,6600881
9140001117366,Ｋ−２株式会社,兵庫県,尼崎市,三反田町２丁目１８番１−５０２号,6610024
9140001117639,株式会社アールラボ,兵庫県,尼崎市,七松町１丁目１３番１２号,6600052
9140001117746,株式会社翔,兵庫県,尼崎市,立花町２丁目１３番１０号,6610025
9140001117754,株式会社ＫＡＮＥＨＡＣＨＩ,兵庫県,尼崎市,南武庫之荘１丁目２番２５号,6610033
9140001117795,シンセリティー株式会社,兵庫県,尼崎市,塚口町３丁目２１番地の５,6610002
9140001118133,Ｓ．Ｒ．Ｐａｒｔｎｅｒｓ株式会社,兵庫県,尼崎市,富松町４丁目１２番１０号,6610003
9140001118397,株式会社免疫向上クラブ,兵庫県,尼崎市,御園町２４番地尼崎第一ビル７０６号,6600861
9140001118414,國義クリーンサービス株式会社,兵庫県,尼崎市,元浜町１丁目３９,6600085
9140001118463,株式会社関西テック,兵庫県,尼崎市,南城内２番地の７１,6600825
9140001118570,株式会社ＢａｃｋＦｉｅｌｄ,兵庫県,尼崎市,尾浜町２丁目３番１−３１６号,6610022
9140001118579,株式会社河村電気工事,兵庫県,尼崎市,武庫之荘６丁目１番３２−２０３号,6610035
9140001118612,株式会社リングスライフ,兵庫県,尼崎市,額田町１５番２９号,6610962
9140001118711,株式会社スケッチ,兵庫県,尼崎市,武庫之荘１丁目１９番１号２０２,6610035
9140001118736,アジアホーム株式会社,兵庫県,尼崎市,杭瀬南新町２丁目６番４３号,6600822
9140001118827,株式会社ＴＳＭ,兵庫県,尼崎市,立花町４丁目１２番１２号アルテハイム尼崎４０３号,6610025
9140001118950,株式会社大道プロミネンス,兵庫県,尼崎市,西長洲町２丁目３番１１号,6600805
9140001118959,株式会社福池商事,兵庫県,尼崎市,東難波町５丁目１７番２３号第一住建尼崎ビル６０１号,6600892
9140001119098,株式会社グレードアップ,兵庫県,尼崎市,武庫之荘１丁目２０番１３号ＹＵＹＵＰＡＲＫ１Ｆ,6610035
9140001119156,株式会社ＡＬＵＳ,兵庫県,尼崎市,武庫之荘２丁目１１番１１−１０１号,6610035
9140001119437,ファーマシーキャピタル株式会社,兵庫県,尼崎市,御園町２４番地尼崎第一ビル４０２号,6600861
9140001119461,株式会社信和マネジメント,兵庫県,尼崎市,南武庫之荘９丁目１１番２−２号,6610033
9140001119833,株式会社ＮＹコーポレーション,兵庫県,尼崎市,武庫之荘４丁目２１番１−２０１号,6610035
9140001119924,株式会社関西グローバルラボ,兵庫県,尼崎市,東難波町３丁目２２番２８号,6600892
9140001119932,株式会社三陽鉄工サービス,兵庫県,尼崎市,立花町４丁目１６番７号サンベールハイム３０６号,6610025
9140001119957,株式会社アクト・ラボ,兵庫県,尼崎市,昭和通２丁目６番６８号尼崎市中小企業センター３階,6600881
9140001119998,株式会社ＳＡＩ,兵庫県,尼崎市,立花町４丁目２番１２号,6610025
9140001120072,理建株式会社,兵庫県,尼崎市,田能６丁目４０２番１,6610951
9140001120345,株式会社クイーン,兵庫県,尼崎市,杭瀬南新町２丁目６番４３号,6600822
9140001120460,株式会社送運,兵庫県,尼崎市,昭和通３丁目９０番地１−３０７,6600881
9140001120675,株式会社ａｍｏｒｏｓｏ,兵庫県,尼崎市,塚口本町４丁目２番１７号,6610001
9140001120683,株式会社ＡｔｏｍｓＷｏｒｌｄ,兵庫県,尼崎市,東七松町２丁目２番１０号,6600051
9140001121772,株式会社大久工業,兵庫県,尼崎市,東七松町１丁目１５番５号,6600051
9140001121806,株式会社ＹＫｐｍ,兵庫県,尼崎市,御園１丁目１８番１３号,6610984
9140001121855,株式会社ＫＭ技建,兵庫県,尼崎市,崇徳院２丁目７３番地１,6600071
9140001121896,メディカルパートナーズ株式会社,兵庫県,尼崎市,御園町２４番地尼崎第一ビル４０２号,6600861
9140001122168,株式会社ＢＮＴｏ．ｅ,兵庫県,尼崎市,大庄西町４丁目６番２６号,6600077
9140001122267,甲斐田工業株式会社,兵庫県,尼崎市,西向島町２６番,6600857
9140001122523,株式会社エムアールプランニング,兵庫県,尼崎市,食満６丁目１５番５−２号,6610982
9140001122721,株式会社協栄ビジネス,兵庫県,尼崎市,武庫之荘西２丁目３３番２２号,6610034
9140001122754,株式会社ヒマワリ,兵庫県,尼崎市,南塚口町７丁目２２番８−４０８号,6610012
9140001122969,株式会社ＺＩＲＡＪＡＰＡＮ,兵庫県,尼崎市,武庫之荘８丁目５番２８号,6610035
9140001122977,株式会社ＭＩＹＡＢＩ建設,兵庫県,尼崎市,東難波町３丁目１番８号,6600892
9140001123100,株式会社Ｒｅｌａｘ　Ｎａｔｉｏｎ,兵庫県,尼崎市,猪名寺２丁目６番５号,6610981
9140001123273,株式会社Ｓｗｉｔｃｈ,兵庫県,尼崎市,立花町１丁目８番５号,6610025
9140001123455,株式会社里村建装,兵庫県,尼崎市,常松１丁目３０番２２号,6610046
9140001123521,株式会社アールユー興産,兵庫県,尼崎市,西昆陽３丁目２１番３号,6610047
9140001123620,上條商事株式会社,兵庫県,尼崎市,額田町２番１０号,6610962
9140001123686,株式会社ＫＯＫＯライフ,兵庫県,尼崎市,稲葉元町３丁目４番７号,6600055
9140001123785,ビギナー株式会社,兵庫県,尼崎市,西長洲町２丁目３６−７,6600805
9140001123884,株式会社エスケイ,兵庫県,尼崎市,北大物町５番７号,6600804
9140001123975,株式会社ＦＩＲＳＴ　ＳＴＲＩＫＥ,兵庫県,尼崎市,杭瀬北新町１丁目１５番７号,6600815
9140001124206,株式会社ｅ．Ｐ．Ｄｅｓｉｇｎ,兵庫県,尼崎市,常吉２丁目１１番１８号,6610042
9140001124263,株式会社７ＯＶＥＲ　ＪＡＰＡＮ,兵庫県,尼崎市,次屋４丁目２番２−２号,6610965
9140001124370,株式会社ＴＡＫＡＲＡ建設,兵庫県,尼崎市,下坂部３丁目１８番２１号,6610975
9140001124750,株式会社ふくろう企画,兵庫県,尼崎市,立花町３丁目３０番１１号,6610025
9140001124759,株式会社ＵＭＡＲＥＲＵ,兵庫県,尼崎市,南塚口町２丁目３５番１７号,6610012
9140001124809,株式会社澄建装,兵庫県,尼崎市,次屋４丁目９−２３,6610965
9140001124957,株式会社ティーズケア,兵庫県,尼崎市,久々知西町１丁目１０番１７号,6610978
9140001125195,産富電機株式会社,兵庫県,尼崎市,久々知西町２丁目４番７号,6610978
9140001125484,株式会社Ｇａｎｅｓｈａ,兵庫県,尼崎市,大庄川田町６３番地の１,6600072
9140001125740,株式会社マイオフィス,兵庫県,尼崎市,南武庫之荘１丁目１４番８号,6610033
9140001125781,株式会社ファーストステイ,兵庫県,尼崎市,南武庫之荘３丁目２３番１８号,6610033
9140001125906,株式会社ＭＹ企画,兵庫県,尼崎市,大庄川田町５番地の２１,6600072
9140001125988,ＫＪＫ株式会社,兵庫県,尼崎市,塚口町１丁目１３−４−３０９,6610002
9140001126177,株式会社Ｄｉ‐Ｒｏｏｍ,兵庫県,尼崎市,東難波町５丁目１７番１８−３０１号,6600892
9140001126301,株式会社ＩＤＥＱ,兵庫県,尼崎市,長洲本通１丁目６−１８コスモ尼崎駅前通４０８号,6600803
9140001126383,株式会社ユウ建装,兵庫県,尼崎市,神崎町２６番１０号,6610964
9140001126409,株式会社ケイサービス,兵庫県,尼崎市,西難波町２丁目４−１５,6600893
9140001126433,日本グローバル株式会社,兵庫県,尼崎市,杭瀬南新町２丁目１２−２３,6600822
9140001126581,ライジング・ドラゴン株式会社,兵庫県,尼崎市,西難波町４丁目１番１２号,6600893
9140001126689,スターネクスト株式会社,兵庫県,尼崎市,塚口町４丁目１番地の１０,6610002
9140001126697,株式会社ＧＲＩＴ,兵庫県,尼崎市,名神町３丁目２番１１−１０５号,6610021
9140001126846,株式会社山誠,兵庫県,尼崎市,上坂部２丁目７番９号,6610979
9140001126854,株式会社いとうカンパニー,兵庫県,尼崎市,潮江１丁目２０番１号,6610976
9140001127209,株式会社Ｍ＆Ｈインベストメント,兵庫県,尼崎市,西昆陽３丁目２５番１０号,6610047
9140001127233,シントラエンジニアリング株式会社,兵庫県,尼崎市,道意町７丁目１番地の３ＡＲＩＣ,6600083
9140001127299,株式会社エクステンド,兵庫県,尼崎市,杭瀬南新町２丁目５番１号１０１,6600822
9140001127373,株式会社三喜広,兵庫県,尼崎市,東園田町８丁目１０７番地の１３,6610953
9140001127679,株式会社かなえる企画,兵庫県,尼崎市,崇徳院３丁目４２番２４号,6600071
9140001127927,株式会社エーアイエスカンパニー,兵庫県,尼崎市,南七松町１丁目１５番１号,6600053
9140001128025,株式会社福順,兵庫県,尼崎市,建家町１１４−６,6600871
9140001128108,株式会社Ｍｅｒ,兵庫県,尼崎市,水堂町２丁目１２番１８−１号,6610026
9140001128149,陽明ビジネス株式会社,兵庫県,尼崎市,神田中通３丁目７６番２０１号,6600884
9140001128280,ＭＦオプテックス株式会社,兵庫県,尼崎市,東向島西之町８番地,6600856
9140001128487,株式会社Ｑｕｅ’ｓ　Ｍａｎａｇｅｍｅｎｔ,兵庫県,尼崎市,道意町７丁目１番地の３尼崎リサーチ・インキュベーションセンター６３０号室,6600083
9140001128537,株式会社ゆめたく工房,兵庫県,尼崎市,武庫町２丁目１９番２５号Ｃ棟１０１号,6610044
9140001128974,株式会社ＣＲＵＳＴ,兵庫県,尼崎市,浜３丁目１番３６号,6610967
9140001129015,株式会社Ｂｕｄｄｉｅｓ,兵庫県,尼崎市,東園田町２丁目１３７番地の１−１０３号,6610953
9140001129262,株式会社西川建築,兵庫県,尼崎市,南武庫之荘８丁目１８番３０号,6610033
9140001129444,株式会社心翔建設,兵庫県,尼崎市,瓦宮１丁目１２番５号,6610971
9140001129675,株式会社ＪＯ,兵庫県,尼崎市,東難波町５丁目１２番４号アリビオ１０５,6600892
9140001129691,トップワン株式会社,兵庫県,尼崎市,潮江２丁目２５番４号,6610976
9140001129964,株式会社Ｌ．ｗｅｓｔ　Ｂｒｉｄｇｅ,兵庫県,尼崎市,大庄川田町７３番地の１ジークレフ浜田３０３,6600072
9140001130113,株式会社ウェールズ,兵庫県,尼崎市,杭瀬北新町４丁目９−１エスクィーナ尼崎４０２号,6600815
9140001130204,株式会社ＷＥＬＬ　ＢＩＺ,兵庫県,尼崎市,東園田町１丁目２４５番地ステージア園田東１０１号,6610953
9140001130237,株式会社商い商会,兵庫県,尼崎市,武庫町１丁目５０番３号万和ビル３０３号室,6610044
9140001130286,株式会社ＴｉｍｅＸ,兵庫県,尼崎市,富松町４丁目１６番１２号,6610003
9140001130311,海洋国際株式会社,兵庫県,尼崎市,道意町５丁目３０番地,6600083
9140001130757,株式会社Ｆｕｒｎｉｔｕｒｅ　ｍｉｎｄ,兵庫県,尼崎市,神田南通３丁目６３番地の１,6600885
9140001130823,株式会社ＨＵＮＤＲＥＤ,兵庫県,尼崎市,南清水１番２３号,6610985
9140001130831,ＷＡＰＬＡ株式会社,兵庫県,尼崎市,南武庫之荘８丁目８番２２号,6610033
9140001131004,株式会社ＦＲＯＮＴ　ＲＵＮＮＥＲ,兵庫県,尼崎市,稲葉元町２丁目１８番１２号３階,6600055
9140001131128,株式会社上床工業,兵庫県,尼崎市,南武庫之荘５丁目２２番２０号,6610033
9140001131219,株式会社ソエシア,兵庫県,尼崎市,神田中通３丁目８０番地１ダイシンマンション１０４号室,6600884
9140001131400,株式会社ライフサポート・ジャパン,兵庫県,尼崎市,西御園町１１９番地３,6600868
9140001131557,株式会社グレイス,兵庫県,尼崎市,塚口町１丁目１６番６号,6610002
9140001131706,株式会社大塚組,兵庫県,尼崎市,金楽寺町２丁目１１番１号パークハイム金楽寺２０２,6600806
9140001131771,株式会社エックスハーツ,兵庫県,尼崎市,北大物町１番４号,6600804
9140001131838,株式会社ＪＩＮ,兵庫県,尼崎市,崇徳院２丁目１５９番地,6600071
9140001131904,株式会社ジェイメディシン,兵庫県,尼崎市,立花町２丁目１１番９号,6610025
9140001132101,木津機設株式会社,兵庫県,尼崎市,大庄川田町１７番地の３,6600072
9140001132200,株式会社八大,兵庫県,尼崎市,大物町１丁目３番５号,6600823
9140001132266,株式会社西岡工業,兵庫県,尼崎市,東園田町４丁目１５４番地の１８,6610953
9140001132530,株式会社加藤工務店,兵庫県,尼崎市,北大物町９番５号,6600804
9140001132695,株式会社ＡＲＡＴＡ,兵庫県,尼崎市,富松町４丁目２４番７号,6610003
9140001132778,株式会社ＹＡＭＡＴＯ,兵庫県,尼崎市,南塚口町１丁目６番４−２０５号,6610012
9140001132902,株式会社すぎたに,兵庫県,尼崎市,西本町１丁目５６番地,6600874
9140001132976,株式会社ｓａｐｐｈｉｒｕｓ,兵庫県,尼崎市,塚口本町３丁目２７番２号２Ｆ,6610001
9140001132992,株式会社ｉｒｏｄｏｒｉ,兵庫県,尼崎市,富松町３丁目２０番９号,6610003
9140001133058,Ａｒｋａｅｓｔｒａ株式会社,兵庫県,尼崎市,武庫之荘１丁目２０番３−３０２号,6610035
9140001133355,ワイエスマネジメントインスティテュート株式会社,兵庫県,尼崎市,尾浜町１丁目１３番２２号,6610022
9140001133396,株式会社ＦＩＲＥＢＯＸ,兵庫県,尼崎市,昭和通２丁目６−６８,6600881
9140001133421,ＦＡＭ株式会社,兵庫県,尼崎市,立花町３丁目４番３２号,6610025
9140001133561,株式会社志天水産,兵庫県,尼崎市,稲葉荘３丁目６番１１号,6600064
9140001133594,株式会社ｂｏｓｈｕ,兵庫県,尼崎市,東園田町５丁目４６番１３号,6610953
9140001133693,株式会社ｉｍａｔｏａ,兵庫県,尼崎市,武庫之荘７丁目３１番４号,6610035
9140001133751,株式会社ファースト・テクノ,兵庫県,尼崎市,尾浜町１丁目２９番８−６号,6610022
9140001133826,株式会社パネルホールディングス,兵庫県,尼崎市,大物町２丁目１１番６号,6600823
9140001133917,株式会社ＳＯコーポレーション,兵庫県,尼崎市,名神町３丁目３番１３号,6610021
9140001133974,株式会社ＢＩＷＡＢＯＷ,兵庫県,尼崎市,東難波町５丁目２６番６号,6600892
9140001134444,株式会社ＢｏｏｋＦｏｒｅｓｔ,兵庫県,尼崎市,長洲本通１丁目１２番２３号,6600803
9140001134469,株式会社成田屋,兵庫県,尼崎市,久々知西町２丁目６番３０号,6610978
9140001134485,株式会社まくり,兵庫県,尼崎市,南武庫之荘１丁目７−４プラザ武庫之荘２番館１０１,6610033
9140001134592,株式会社ｔｏｍｏｒｒｏｗ,兵庫県,尼崎市,西本町１丁目２９番２号,6600874
9140001134618,ＫＹＵＢＯ株式会社,兵庫県,尼崎市,南武庫之荘１２丁目７−１１,6610033
9140001134774,利商トラスト株式会社,兵庫県,尼崎市,塚口本町７丁目１２番１２−１０２号,6610001
9140001135087,株式会社ＨＡＲＩＡ,兵庫県,尼崎市,東園田町３丁目６７番地の３４,6610953
9140001135186,株式会社ＳＳ　ｗｏｒｋ,兵庫県,尼崎市,大島１丁目７番１号,6600076
9140001135351,グレイラット株式会社,兵庫県,尼崎市,崇徳院１丁目１９番６号,6600071
9140001135475,株式会社シャイン・ケア,兵庫県,尼崎市,水堂町４丁目２０番２３号,6610026
9140001135764,株式会社ＫＡＩ’Ｓ,兵庫県,尼崎市,昭和通５丁目１６４番３号３階,6600881
9140001135780,株式会社Ｋａｔ,兵庫県,尼崎市,塚口本町７丁目８番７号,6610001
9140001135863,株式会社ヒアーズテック,兵庫県,尼崎市,額田町５−４６,6610962
9140001136218,林組株式会社,兵庫県,尼崎市,大庄西町２丁目３４番２０号,6600077
9140001136226,コーエイホールディングス株式会社,兵庫県,尼崎市,開明町２丁目１１番地,6600862
9140001136366,株式会社ａｉｃｏｔｏｂａオンライン,兵庫県,尼崎市,小中島１丁目２４番２５−２２０号,6610972
9140001136507,Ｍａｉｋａｉ株式会社,兵庫県,尼崎市,武庫之荘４丁目３番１４号,6610035
9140001136746,ＭＴ株式会社,兵庫県,尼崎市,金楽寺町２丁目３４−２,6600806
9140001137075,株式会社Ｍｓ　ＡＮＤ１,兵庫県,尼崎市,武庫元町２丁目１８番６−２号,6610043
9140001137091,クイーンズチョイス株式会社,兵庫県,尼崎市,南武庫之荘１丁目２５番２１号ＡＴＴＥＳＡ１２−１０１号室,6610033
9140001137100,Ｆｉｒｓｔ　Ｓｔａｒ株式会社,兵庫県,尼崎市,浜田町４丁目２０−５,6600062
9140001137216,株式会社いまだ,兵庫県,尼崎市,東桜木町９３番地の１,6600864
9140001137249,株式会社レトラボ,兵庫県,尼崎市,昭和通２丁目６番６８号,6600881
9140001137389,株式会社ＫＴ,兵庫県,尼崎市,武庫町１丁目３５番３−１０６号,6610044
9140001137397,株式会社ＴＳＣ,兵庫県,尼崎市,武庫之荘東２丁目３番２４号,6610032
9140001137513,株式会社ＢＬＡＣＫ,兵庫県,尼崎市,塚口町１丁目３２−５,6610002
9140001137637,株式会社徳松,兵庫県,尼崎市,高田町１６番１号,6610963
9140001137728,株式会社アブリエル,兵庫県,尼崎市,南塚口町２丁目１番３−４２６号,6610012
9140001138189,株式会社聖大,兵庫県,尼崎市,南武庫之荘１２丁目１４番４５号,6610033
9140001138362,光陽住工株式会社,兵庫県,尼崎市,東園田町２丁目７６番地の３、ＣＡＦＵ−Ａ号室,6610953
9140001138445,株式会社アイビーホーム,兵庫県,尼崎市,潮江１丁目２１番１−１０２号,6610976
9140001138577,田口モータース株式会社,兵庫県,尼崎市,南武庫之荘４丁目２１番２１号,6610033
9140001138619,久保田電設工業株式会社,兵庫県,尼崎市,武庫元町２丁目６番７号,6610043
9140001138866,株式会社藤原エステート,兵庫県,尼崎市,立花町３丁目１８番２８号,6610025
9140001138940,株式会社ＭＡＲＳＡ,兵庫県,尼崎市,田能３丁目１８番２１−２号,6610951
9140001139162,株式会社アンセー,兵庫県,尼崎市,西長洲町２丁目３６−８,6600805
9140001139179,株式会社西日本メンテナンス,兵庫県,尼崎市,三反田町２丁目７番１７号,6610024
9140001139237,株式会社美縫,兵庫県,尼崎市,栗山町２丁目２番６号,6610013
9140001139336,ラナイコーポレーション株式会社,兵庫県,尼崎市,南塚口町２丁目１２番９−２０２号,6610012
9140001139369,株式会社ＥＮＵＭ,兵庫県,尼崎市,常光寺１丁目７番１７−１０２号,6600811
9140001139550,株式会社Ｒｅピート,兵庫県,尼崎市,立花町２丁目２０−１９シャーメゾン立花１０２,6610025
9140001139583,株式会社イイダステーブルマネジメント,兵庫県,尼崎市,田能２丁目２番１７−２０１号,6610951
9140001139625,株式会社Ｎ電気興業,兵庫県,尼崎市,額田町７番１５−８０２号,6610962
9140001139674,株式会社ＳＯＲＡＥ,兵庫県,尼崎市,開明町１丁目５２番地の２１第２ヨシダビル３階,6600862
9140001139724,株式会社ワンステップ,兵庫県,尼崎市,南塚口町６丁目９番１−１１１２号,6610012
9140001139930,株式会社いちひろ,兵庫県,尼崎市,西立花町２丁目１番１−１０３号,6600054
9140001140178,株式会社ルミナエイト,兵庫県,尼崎市,善法寺町２７番３２−２号,6610973
9140001140269,株式会社ＭＡＫＯ,兵庫県,尼崎市,南武庫之荘２丁目２２番１−４０３号,6610033
9140001140434,株式会社Ｙ＆Ｃ,兵庫県,尼崎市,西向島町９６番地,6600857
9140001140483,株式会社エムワンクラフト,兵庫県,尼崎市,長洲中通２丁目１番３８号,6600802
9140001140657,ＲｅｕｓｅＭ株式会社,兵庫県,尼崎市,大物町１丁目１番３３−１号,6600823
9140001141143,株式会社ワンダー・Ｓ・カンパニー,兵庫県,尼崎市,金楽寺町２丁目１０番１２号,6600806
9140001141151,株式会社青山商事,兵庫県,尼崎市,東難波町５丁目２１番７−３０１号,6600892
9140001141589,株式会社楓建,兵庫県,尼崎市,水堂町２丁目８番４−３０２号,6610026
9140001141597,株式会社ＺｅｒｏＯｎｅＷｏｒｋｓ,兵庫県,尼崎市,南塚口町４丁目１番４６号,6610012
9140001141630,株式会社ｏｎｙｘ,兵庫県,尼崎市,栗山町２丁目８番６−１０３号,6610013
9140001141639,株式会社ＡＳＫ,兵庫県,尼崎市,塚口町６丁目５０番地の２,6610002
9140001141647,株式会社プロットデバイス,兵庫県,尼崎市,潮江５丁目４番１９−３０４号,6610976
9140001141655,株式会社信時力,兵庫県,尼崎市,田能３丁目７番１２号,6610951
9140001141696,株式会社Ｈ２カンパニー,兵庫県,尼崎市,東園田町９丁目２１−１３,6610953
9140001141770,ホームプランニング株式会社,兵庫県,尼崎市,東園田町５丁目３２−１１−２Ｆ,6610953
9140001141812,株式会社クラージュ,兵庫県,尼崎市,長洲西通２丁目１番３０−６０１号,6600807
9140001142117,株式会社ましろ,兵庫県,尼崎市,食満５丁目７番２６−１号,6610982
9140001142397,株式会社ＮＯＡＨ　ＬＯＧＩＳＴＩＣＳ,兵庫県,尼崎市,開明町１丁目５５番地１,6600862
9140001142463,株式会社ＮＤＩ,兵庫県,尼崎市,道意町６丁目４−２５メゾンドみずほ尼崎５０１,6600083
9140002021245,株式会社ソナエ,兵庫県,尼崎市,北大物町７番１２−２０１号,6600804
9140002039717,株式会社麻生嶋組,兵庫県,尼崎市,東園田町４丁目１５８番地の３,6610953
9140002040419,ＧＳｓｐｏｒｔｓ株式会社,兵庫県,尼崎市,東園田町６丁目４６番地の１ユニハイム園田２−７０１,6610953
9140002040575,株式会社木谷工作所,兵庫県,尼崎市,久々知西町２丁目５番２号,6610978
9140002040724,株式会社ケイ・エステート,兵庫県,尼崎市,玄番南之町４番地,6600873
9140002041292,株式会社杉田工業所,兵庫県,尼崎市,上ノ島町１丁目５番６号,6610014
9140002042472,株式会社オンジャスト,兵庫県,尼崎市,南武庫之荘１丁目３番１号ドルチェ武庫之荘１０２号,6610033
9140002043891,株式会社三基コーポレーション,兵庫県,尼崎市,塚口町３丁目２９番３７号,6610002
9140002044221,株式会社ケーイング,兵庫県,尼崎市,東本町１丁目４０番２,6600824
9140002044758,ＷＢＰセキュリティ株式会社,兵庫県,尼崎市,東難波町５丁目３０−１７アスパイア七番館１階,6600892
9140002044790,株式会社ＳＨＩＭＯＪＩ,兵庫県,尼崎市,南塚口町２丁目１番３−１０３号,6610012
9140002044915,株式会社森下電気設備,兵庫県,尼崎市,三反田町３丁目１２番１２号,6610024
9140002058279,エムシードエクスプレス株式会社,兵庫県,尼崎市,立花町１丁目２４番２３号,6610025
9140003009677,株式会社億斗,兵庫県,尼崎市,武庫の里１丁目７番２１号,6610041
9140003013019,株式会社ＬＯＮＧＲＵＮ　ＡＵＴＯ,兵庫県,尼崎市,神崎町１５番１７号,6610964
9140003018042,株式会社アイドプランニング,兵庫県,尼崎市,道意町７丁目１番３,6600083
9150001016526,株式会社ＲＹＵ,兵庫県,尼崎市,南武庫之荘１０丁目５−１−Ｃ号,6610033
9150002010783,株式会社上野興産,兵庫県,尼崎市,神田北通３丁目３０番地２,6600883
9170001006995,株式会社ドラキュー,兵庫県,尼崎市,尾浜町２丁目３番１−３１６号,6610022
9240001004579,甚五郎株式会社,兵庫県,尼崎市,御園町５４番地,6600861
9290001074444,株式会社セルジャパン,兵庫県,尼崎市,長洲中通３丁目２３−６,6600802
9290801007009,ピラミッド教育コンサルタントオブジャパン株式会社,兵庫県,尼崎市,武庫之荘１丁目５番１４号サンプラザ中野４０１号室,6610035
