法人番号,法人名,都道府県,市区町村,番地,郵便番号
1010001156665,株式会社グローリアスフューチャー,兵庫県,川西市,東畦野５丁目８番１８号,6660117
1040001088138,株式会社Ｗ＆Ｂ,兵庫県,川西市,東畦野３丁目２０番３１号ハイツＦ−１、１０１号,6660117
1120001107764,動画総研株式会社,兵庫県,川西市,鼓滝二丁目１３番４８号,6660000
1120001112285,関西綜合開発株式会社,兵庫県,川西市,小戸３丁目１４番１４−１３号,6660014
1120001118126,株式会社ティーキューブ,兵庫県,川西市,美山台１丁目２番地の３５,6660151
1120001121823,日本エステム株式会社,兵庫県,川西市,けやき坂３丁目４９番地の６,6660145
1120001131062,共生地所株式会社,兵庫県,川西市,緑台７丁目１番地の５６,6660129
1120001140575,株式会社Ｋｉｎｄ・Ｒｈｙｍｅ,兵庫県,川西市,丸山台３丁目１番地の１８,6660152
1120001146804,株式会社ジクス・メディカル,兵庫県,川西市,栄根２丁目６番３２号,6660021
1120001173757,ＲＥグローバルマネジメント株式会社,兵庫県,川西市,鴬が丘１３番地の１２,6660007
1120001178137,株式会社コ・クリエーション,兵庫県,川西市,鼓が滝１丁目２４番４４号,6660123
1120002068279,株式会社エムテクノ,兵庫県,川西市,霞ケ丘２丁目５番１９−１号,6660031
1120901014481,愛石株式会社,兵庫県,川西市,火打２丁目１６番２３号,6660017
1120901014589,株式会社はにおか建築工房,兵庫県,川西市,東久代２丁目２番２０号,6660023
1120901024423,株式会社大晃製作所,兵庫県,川西市,久代１丁目２番１５号,6660024
1120901025628,一新株式会社,兵庫県,川西市,長尾町１３番２６号,6660113
1120901029901,株式会社ＣＲＡＶＥ,兵庫県,川西市,萩原１丁目１１番２９号,6660004
1120901031213,株式会社アクア,兵庫県,川西市,清和台西２丁目１番地の７３,6660143
1120901037202,創輝テック株式会社,兵庫県,川西市,大和東３丁目１３番地の１６,6660111
1120901039784,北摂住宅株式会社,兵庫県,川西市,緑台２丁目１番地の７４,6660129
1120901049668,株式会社ＡＵＬＡ,兵庫県,川西市,栄町２１−２４,6660033
1140001055350,株式会社ＴＫ,兵庫県,川西市,加茂６丁目８５番地の７,6660025
1140001072569,株式会社Ｕｎｉｔｙ,兵庫県,川西市,久代１丁目１番１８号,6660024
1140001078772,株式会社ハーディ,兵庫県,川西市,加茂６丁目１０１番地の１,6660025
1140001079127,株式会社アイファクトリー,兵庫県,川西市,久代１丁目２７番４号,6660024
1140001079135,朝日ハイム株式会社,兵庫県,川西市,鼓が滝１丁目２８番１号,6660123
1140001079143,株式会社アリス,兵庫県,川西市,萩原台西１丁目１２番地,6660006
1140001079151,株式会社石栄製作所,兵庫県,川西市,小花２丁目２２番１号,6660015
1140001079168,上中工業株式会社,兵庫県,川西市,花屋敷１丁目１０番１号,6660035
1140001079176,株式会社エーエス工業,兵庫県,川西市,清和台東１丁目５番地の４７,6660142
1140001079201,株式会社大智鍛造所,兵庫県,川西市,加茂６丁目４５番地の１,6660025
1140001079218,株式会社奥村鐵工所,兵庫県,川西市,久代２丁目２番６号,6660024
1140001079242,兼古興商株式会社,兵庫県,川西市,大和東３丁目３番３,6660111
1140001079250,株式会社のじぎく,兵庫県,川西市,栄町１０番１７号,6660033
1140001079259,株式会社川西スズキ,兵庫県,川西市,栄根２丁目１３番４号,6660021
1140001079267,川西能勢口振興開発株式会社,兵庫県,川西市,小戸１丁目５番２号,6660014
1140001079275,株式会社キシモト,兵庫県,川西市,平野２丁目９番１６号,6660121
1140001079291,株式会社清田自動車工業所,兵庫県,川西市,久代１丁目１番２１号,6660024
1140001079325,小橋住宅株式会社,兵庫県,川西市,清和台西１丁目６番地の７６,6660143
1140001079341,三幾工業株式会社,兵庫県,川西市,栄根１丁目５番２０号,6660021
1140001079358,三友住建株式会社,兵庫県,川西市,栄町５番２８号,6660033
1140001079366,伸栄工業株式会社,兵庫県,川西市,鼓が滝１丁目２８番２３号,6660123
1140001079374,株式会社繁,兵庫県,川西市,栄根２丁目２２−５トサキビル,6660021
1140001079399,株式会社ジュエル優光,兵庫県,川西市,鴬が丘１３番地の９,6660007
1140001079416,スワン株式会社,兵庫県,川西市,小花２丁目２２番１１号,6660015
1140001079424,西部国際株式会社,兵庫県,川西市,大和東５丁目１５番地の８,6660111
1140001079440,たいせい住宅兵庫株式会社,兵庫県,川西市,小花２丁目１０番２号プライムコート川西,6660015
1140001079449,タウン物流株式会社,兵庫県,川西市,加茂６丁目１１５番地の１,6660025
1140001079465,瀧本建設株式会社,兵庫県,川西市,矢問２丁目１４番２３号,6660131
1140001079473,株式会社田中製作所,兵庫県,川西市,寺畑２丁目１６番４号,6660034
1140001079481,千代田化学株式会社,兵庫県,川西市,東久代１丁目２番２号,6660023
1140001079498,株式会社テシマ,兵庫県,川西市,下加茂２丁目７７番地の２,6660022
1140001079507,徳栄建設株式会社,兵庫県,川西市,火打２丁目１６番２６号,6660017
1140001079515,株式会社エネルギーステーション,兵庫県,川西市,平野２丁目６番１０号,6660121
1140001079523,株式会社ナカオカ,兵庫県,川西市,火打２丁目８番１８号,6660017
1140001079531,株式会社ナッツベリー,兵庫県,川西市,栄町２５番１号,6660033
1140001079556,株式会社新田商店,兵庫県,川西市,清和台東１丁目３番地の４４,6660142
1140001079580,阪神環境事業株式会社,兵庫県,川西市,久代１丁目４番１０号,6660024
1140001079589,浜辺工業株式会社,兵庫県,川西市,矢問東町２番８号,6660132
1140001079597,美創株式会社,兵庫県,川西市,霞ケ丘２丁目５番６号,6660031
1140001079606,株式会社ファミリー電化,兵庫県,川西市,南花屋敷４丁目２０番２号,6660026
1140001079614,不二建機販売株式会社,兵庫県,川西市,東畦野山手１丁目５番１６号,6660114
1140001079622,株式会社ブックスおがた,兵庫県,川西市,美園町２番１０号,6660013
1140001079639,豊和自動車販売株式会社,兵庫県,川西市,矢問東町１０番３号,6660132
1140001079647,北摂不動産株式会社,兵庫県,川西市,見野２丁目３５番６号,6660105
1140001079663,株式会社松岡設備工業,兵庫県,川西市,霞ケ丘１丁目１番１４号,6660031
1140001079688,ミツワ警備保障株式会社,兵庫県,川西市,久代１丁目２６番１０号,6660024
1140001079705,株式会社明研,兵庫県,川西市,平野３丁目１７番６号サンライズ明研ＩＩ,6660121
1140001079713,株式会社森上,兵庫県,川西市,鼓が滝１丁目２７番１号,6660123
1140001079721,株式会社山昌,兵庫県,川西市,下加茂１丁目１９番６号,6660022
1140001079738,株式会社ヨネダ,兵庫県,川西市,小戸３丁目２３番７号,6660014
1140001079746,株式会社和幸,兵庫県,川西市,向陽台１丁目１３番地の１,6660115
1140001079795,株式会社スマイル,兵庫県,川西市,美山台２丁目３番地の１１１,6660151
1140001079820,株式会社三方造園,兵庫県,川西市,大和東５丁目７１番地の９,6660111
1140001079853,イナック株式会社,兵庫県,川西市,南花屋敷３丁目１６番１４号,6660026
1140001079928,大興機械株式会社,兵庫県,川西市,東久代１丁目３番２号,6660023
1140001079985,株式会社グローバルメディア,兵庫県,川西市,清和台西５丁目４番地の９４,6660143
1140001079993,ＡＲＵＯ株式会社,兵庫県,川西市,向陽台１丁目３番地の６３,6660115
1140001080035,ジェピス株式会社,兵庫県,川西市,大和西３丁目１１番地の３,6660112
1140001080043,新住宅産業株式会社,兵庫県,川西市,大和東１丁目１２１番地の２,6660111
1140001080068,ホワイト輸送株式会社,兵庫県,川西市,久代１丁目１３番１７号,6660024
1140001080101,倉本工業株式会社,兵庫県,川西市,花屋敷山手町１０番１１号,6660036
1140001080126,株式会社北林,兵庫県,川西市,多田院２丁目８番１７号,6660126
1140001080415,株式会社ハーモニーフィールズ,兵庫県,川西市,栄根１丁目７−１８,6660021
1140001080431,株式会社アールティ,兵庫県,川西市,緑台４丁目６番地の１４,6660129
1140001080456,エム・テック株式会社,兵庫県,川西市,鼓が滝２丁目１番２２−２７号,6660123
1140001080605,株式会社ティーエス・コーポレーション,兵庫県,川西市,栄町１２番１号,6660033
1140001080621,株式会社パストラルテクノロジー,兵庫県,川西市,緑台１丁目８番地の６５,6660129
1140001080646,株式会社ＬＤＣ,兵庫県,川西市,平野１丁目１１番９号,6660121
1140001080662,株式会社ＣＣ＆Ｓ,兵庫県,川西市,水明台３丁目１番地の４６,6660116
1140001080679,株式会社アラウンド・リレイション,兵庫県,川西市,清和台東４丁目１９番地の３０,6660142
1140001080745,株式会社ＲＡＹ,兵庫県,川西市,萩原台西３丁目４５番地,6660006
1140001080811,株式会社サンワーク,兵庫県,川西市,東久代２丁目１１番１５号,6660023
1140001080836,株式会社山口電気工業所,兵庫県,川西市,丸の内町９番８−４号,6660003
1140001080844,株式会社ＳａＭＲＡＹ,兵庫県,川西市,錦松台２９番２０号,6660135
1140001080869,株式会社遊工房,兵庫県,川西市,鴬の森町３番３号,6660001
1140001080919,エフォート株式会社,兵庫県,川西市,滝山町１９番３−５０３号,6660002
1140001080951,株式会社ＮＡＯ　ＧＡＲＤＥＮ,兵庫県,川西市,花屋敷２丁目２番１１−１０８号,6660035
1140001081009,株式会社ウッディ木駆,兵庫県,川西市,鼓が滝１丁目２８番２４号,6660123
1140001081017,Ｈ・Ｍ良知株式会社,兵庫県,川西市,栄根２丁目２番１５号,6660021
1140001081074,株式会社パックス,兵庫県,川西市,東多田１丁目１４番３−２０１号,6660122
1140001081132,株式会社森,兵庫県,川西市,多田桜木２丁目１１番５号,6660124
1140001081900,株式会社阪神フード,兵庫県,川西市,加茂６丁目８９番地１,6660025
1140001082799,株式会社桐野建設,兵庫県,川西市,火打１丁目２１番１５号,6660017
1140001083244,株式会社丸信,兵庫県,川西市,西多田字楠根４番６号,6660138
1140001083277,株式会社アローズ,兵庫県,川西市,東多田１丁目１２番１１号,6660122
1140001083310,株式会社冨田,兵庫県,川西市,栄根２丁目１７番３号,6660021
1140001083319,株式会社ホクセツ,兵庫県,川西市,山原２丁目５番９号,6660154
1140001083335,株式会社メディカ,兵庫県,川西市,新田１丁目９番８号,6660125
1140001083434,株式会社ライフワーク,兵庫県,川西市,加茂１丁目２１番１０号,6660025
1140001083442,株式会社アントクエステート,兵庫県,川西市,火打２丁目１２番２６号,6660017
1140001083608,株式会社ミライ,兵庫県,川西市,鴬の森町５−１１,6660001
1140001083665,株式会社なのはな,兵庫県,川西市,花屋敷１丁目１番１９号フロス１−１階,6660035
1140001083707,株式会社藤原単車自転車店,兵庫県,川西市,山下町６番１２号,6660106
1140001083797,株式会社オーエスサービス,兵庫県,川西市,東久代２丁目２番２４号,6660023
1140001083905,株式会社ワンエイト,兵庫県,川西市,久代６丁目２番１−２０５号,6660024
1140001083970,株式会社Ｔｒｅａｓｕｒｅ　Ｈｅａｒｔ,兵庫県,川西市,鴬台１丁目２１番地の１０,6660133
1140001084011,株式会社ライズ,兵庫県,川西市,美園町１番３号宝泉ビル１０５Ｂ,6660013
1140001084119,株式会社ノーマル,兵庫県,川西市,久代３丁目２５番５号,6660024
1140001084135,川西ケミカル株式会社,兵庫県,川西市,小戸２丁目３−１４,6660014
1140001084300,株式会社ＲＩＳＥ,兵庫県,川西市,東久代２丁目７番１２号,6660023
1140001084325,株式会社ユタカ,兵庫県,川西市,加茂１丁目１番１１号,6660025
1140001084333,株式会社ＹＳアドバイザーズ,兵庫県,川西市,向陽台３丁目５番地の４８,6660115
1140001084366,和光貿易株式会社,兵庫県,川西市,中央町１０番５−１６０２号,6660016
1140001087014,株式会社離山,兵庫県,川西市,錦松台３０番８号,6660135
1140001087212,株式会社ラピスコーポレーション,兵庫県,川西市,萩原台西３丁目２７８番地,6660006
1140001091197,株式会社ライテックス,兵庫県,川西市,大和西４丁目３番地の７,6660112
1140001092724,アースリードコンサルティング株式会社,兵庫県,川西市,一庫字区田３番地の１１,6660153
1140001092864,株式会社ライトアップ社,兵庫県,川西市,湯山台２丁目７番地の１２,6660137
1140001093425,株式会社大和屋,兵庫県,川西市,清和台東４丁目３−６、２０−２０５,6660142
1140001093945,株式会社エリアコード,兵庫県,川西市,多田桜木１丁目２−１４吉永ビル２０１,6660124
1140001094010,株式会社Ｎｅｘｕｓ,兵庫県,川西市,清和台東２丁目４番地２８号,6660142
1140001094258,大山商事株式会社,兵庫県,川西市,向陽台３丁目１１番地の１９,6660115
1140001094365,株式会社アール・アイ・ディ・アセットサービス,兵庫県,川西市,大和西５丁目１番地の９,6660112
1140001094704,株式会社ウェルミー,兵庫県,川西市,久代４丁目６番１号,6660024
1140001094860,株式会社ｓｎｏｗｄｒｏｐ,兵庫県,川西市,清和台東４丁目２番地の７２,6660142
1140001095322,株式会社アリオーゾ,兵庫県,川西市,小花２丁目７番１−１０６号,6660015
1140001095545,Ｒｙｏ株式会社,兵庫県,川西市,清和台東５丁目１番地の４,6660142
1140001096469,株式会社樹Ｈｏｍｅ,兵庫県,川西市,丸山台２丁目４番地の４７,6660152
1140001096733,正監建装株式会社,兵庫県,川西市,丸の内町３番１１−２号,6660003
1140001096857,株式会社ピクシー,兵庫県,川西市,南花屋敷４丁目３番１６−３号,6660026
1140001097434,株式会社シンテック,兵庫県,川西市,清和台西５丁目１番地の６６,6660143
1140001097459,株式会社アフェクタ,兵庫県,川西市,緑台４丁目３番地の２０,6660129
1140001098465,株式会社ディートラスト,兵庫県,川西市,東久代１丁目３番２３号,6660023
1140001098787,株式会社ＳＡＫＵＹＡ,兵庫県,川西市,栄根２丁目１番３号１０１,6660021
1140001098944,株式会社末吉設備,兵庫県,川西市,東久代２丁目１０番６号,6660023
1140001098977,株式会社エスグッドメンテナンス,兵庫県,川西市,大和東５丁目４５番地の２２,6660111
1140001100981,株式会社ＬａＬａＬａ,兵庫県,川西市,小戸２丁目４−１１和光オフィスビル１Ｆ,6660014
1140001101146,株式会社セント,兵庫県,川西市,久代２丁目６番１４号,6660024
1140001101690,株式会社ディーアイエー,兵庫県,川西市,加茂５丁目１番４号,6660025
1140001101708,株式会社ｅ−ＰＬＥＸ,兵庫県,川西市,清和台西５丁目２番地の５６,6660143
1140001103613,株式会社シーネットコーポレーション,兵庫県,川西市,平野２丁目３２番１９号,6660121
1140001103919,株式会社細川機設,兵庫県,川西市,南花屋敷４丁目１２番３号,6660026
1140001104512,株式会社ケイアンドエム,兵庫県,川西市,中央町５番４−７０２号,6660016
1140001104652,株式会社東京ナレッジプラン,兵庫県,川西市,大和東３丁目６番地の１６,6660111
1140001104710,株式会社日新堂,兵庫県,川西市,清和台東３丁目２番地の９８,6660142
1140001106624,株式会社凪,兵庫県,川西市,火打２丁目８−１０,6660017
1140001106946,株式会社ルーツインターナショナル,兵庫県,川西市,小花２丁目７番３号（シャンテ川西３号棟１０８号）,6660015
1140001107746,株式会社花音,兵庫県,川西市,緑台６丁目２番地の５３,6660129
1140001107993,株式会社Ａ−Ｌｉｎｅ,兵庫県,川西市,見野３丁目１３番２６号,6660105
1140001108406,株式会社フォルト,兵庫県,川西市,久代１丁目６番１２号,6660024
1140001108455,株式会社ＴＥＮＫＡ,兵庫県,川西市,大和東１丁目８番地の５,6660111
1140001108579,株式会社ヨウザン,兵庫県,川西市,向陽台１丁目１２番地の５、１−９６,6660115
1140001108620,株式会社とびら,兵庫県,川西市,緑台３丁目３番地３９,6660129
1140001109032,株式会社ドライフレッチェ,兵庫県,川西市,鴬台１丁目８番地の２２,6660133
1140001109156,株式会社アトラクション,兵庫県,川西市,清和台西２丁目４番地の１２,6660143
1140001109321,株式会社シージェイ,兵庫県,川西市,東畦野２丁目１２番５号,6660117
1140001110923,フードアット株式会社,兵庫県,川西市,美園町１番３−２１１号,6660013
1140001111228,Ｉ．Ｈ．Ｇ株式会社,兵庫県,川西市,清和台西５丁目１番地の１４,6660143
1140001111640,希望之聲日本株式会社,兵庫県,川西市,向陽台１丁目３番地の６３,6660115
1140001111731,株式会社トータルアシスト,兵庫県,川西市,火打２丁目１５番４号,6660017
1140001113166,株式会社ＬＶＣ,兵庫県,川西市,水明台２丁目８番地の５２,6660116
1140001113182,株式会社ＩＮＤＩＶＩＤＵＡＬ　ＪＡＰＡＮ,兵庫県,川西市,加茂１丁目２０−４,6660025
1140001113199,株式会社ＧＯＯＤ,兵庫県,川西市,中央町７番２３−２号,6660016
1140001113281,株式会社サイキ,兵庫県,川西市,山下町１６番１９号,6660106
1140001113488,株式会社アクアフェンスジャパン,兵庫県,川西市,花屋敷２丁目９番３号１１０,6660035
1140001116268,株式会社アエル,兵庫県,川西市,中央町七丁目２２番,6660016
1140001118017,株式会社ＮＰ,兵庫県,川西市,水明台１丁目３番地の４,6660116
1140001118438,株式会社Ｎ−ｆａｍ,兵庫県,川西市,久代３丁目２２−２５−４０３号,6660024
1140001118529,株式会社ユニバーサルビルド,兵庫県,川西市,下加茂１丁目１９番８号,6660022
1140001118743,株式会社嶋田工業,兵庫県,川西市,滝山町６番５号,6660002
1140001120757,響月堂株式会社,兵庫県,川西市,大和東１丁目５１−９,6660111
1140001121755,株式会社ｈａｎａ　ｃｏｍｐａｎｙ,兵庫県,川西市,緑台３丁目１番地の１６,6660129
1140001121821,ＷｅｅＤＣ株式会社,兵庫県,川西市,見野２丁目３５番６号米田駅前ビル２Ｆ,6660105
1140001122316,マット・プロ株式会社,兵庫県,川西市,錦松台１４番３９号,6660135
1140001122547,株式会社笑るーむ,兵庫県,川西市,笹部１丁目６番１号,6660104
1140001122729,株式会社Ｆクリエート,兵庫県,川西市,下加茂２丁目３５番８号,6660022
1140001123132,株式会社ＡＡＳ　Ｐｒｅｓｓ,兵庫県,川西市,小花１丁目６−２０,6660015
1140001123405,株式会社ナノマーレ精機,兵庫県,川西市,けやき坂２丁目７０番地の１５,6660145
1140001124576,株式会社刀心,兵庫県,川西市,萩原３丁目１番１６号,6660004
1140001125046,北摂ワイナリー株式会社,兵庫県,川西市,黒川字長谷１１０−９黒川ファーム,6660101
1140001125070,株式会社Ｓｅａ,兵庫県,川西市,東多田２丁目３０番３２号,6660122
1140001125756,ＳｅｌｌｅｒＢａｓｅ株式会社,兵庫県,川西市,湯山台２丁目８番１１号,6660137
1140001126688,株式会社バリューサプリ,兵庫県,川西市,萩原台西２丁目３１１番地,6660006
1140001127034,株式会社ＦＰコンサルティング阪神,兵庫県,川西市,湯山台１丁目３番地の７,6660137
1140001127356,株式会社ＡＳＬＡＮ,兵庫県,川西市,けやき坂４丁目１４−１０,6660145
1140001127463,株式会社西口防水,兵庫県,川西市,加茂２丁目１２番１１号,6660025
1140001127579,株式会社ｅｔｅ,兵庫県,川西市,清和台東１丁目２番地の２４,6660142
1140001128742,株式会社マイエム,兵庫県,川西市,錦松台１５番３号,6660135
1140001128908,株式会社カネオト技建,兵庫県,川西市,大和東１丁目１９番地の１０,6660111
1140001128949,株式会社けやきのもり,兵庫県,川西市,下加茂１丁目５番２０号,6660022
1140001129625,株式会社ラタンハウス,兵庫県,川西市,石道字下ノ山２番地,6660156
1140001129955,株式会社ちどり,兵庫県,川西市,小花２丁目２２番２０−２０１号,6660015
1140001130062,株式会社エムライフ,兵庫県,川西市,多田桜木１丁目９番３１号,6660124
1140001130095,株式会社クリア,兵庫県,川西市,南花屋敷１丁目２番８号２０２,6660026
1140001131936,株式会社ＬＩＧＨＴＳ,兵庫県,川西市,山原１丁目１７−３,6660154
1140001132843,株式会社スタジオにごり,兵庫県,川西市,美園町６番１７号,6660013
1140001133214,株式会社ｆｕｋｕｊｙｕ,兵庫県,川西市,丸山台２丁目２−６２,6660152
1140001133536,株式会社ＵＳＹ,兵庫県,川西市,久代１丁目１０番８号今西倉庫第３倉庫南側,6660024
1140001133610,株式会社ロックビルド,兵庫県,川西市,日高町６番２−２１０号,6660032
1140001134781,株式会社ＴＫＬＣ,兵庫県,川西市,南花屋敷１丁目１０番１９号,6660026
1140001135755,ジャングルジャパン株式会社,兵庫県,川西市,小戸３丁目２３−１３−１８,6660014
1140001135912,株式会社美ら家,兵庫県,川西市,花屋敷１丁目８番１号,6660035
1140001136332,ミラクルビジョン株式会社,兵庫県,川西市,花屋敷１丁目１５番８−１号,6660035
1140001136448,株式会社エース不動産,兵庫県,川西市,久代５丁目２番４号,6660024
1140001137074,株式会社ナルドニカ,兵庫県,川西市,丸山台３丁目４番地の１９,6660152
1140001138519,株式会社ｎａｇｏｍｉ,兵庫県,川西市,萩原１丁目３番２−３号,6660004
1140001138816,ＴＨＥＳＴＯＣＫ株式会社,兵庫県,川西市,湯山台１丁目２１番６,6660137
1140001139005,ＷＩＯの工事屋さん株式会社,兵庫県,川西市,中央町３番６号川西太陽ビル２０１,6660016
1140001139401,株式会社創環,兵庫県,川西市,清和台東４丁目４番地の９１,6660142
1140001139574,株式会社ＭＡＲＫ,兵庫県,川西市,加茂２丁目９番４号,6660025
1140001139987,株式会社キイチ不動産販売,兵庫県,川西市,下加茂１丁目５番２２号,6660022
1140001140020,株式会社ＺＩＫＫＥＮ,兵庫県,川西市,東多田２丁目３２番３３号,6660122
1140001140490,株式会社Ｋａｍｅｔｏ,兵庫県,川西市,けやき坂２丁目５２番地の７,6660145
1140001141687,株式会社アイシーエム,兵庫県,川西市,緑台５丁目１番地の５４,6660129
1140001142280,ＩＫＥＺＡＷＡ株式会社,兵庫県,川西市,平野３丁目２番１１号,6660121
1140001142297,株式会社リバーウエストホーム,兵庫県,川西市,柳谷字阿津知平１４番地の２４,6660144
1140002064326,株式会社エス・ティ・オフィス,兵庫県,川西市,清和台東１丁目２番地の６３,6660142
1140002066231,株式会社マルチュウ,兵庫県,川西市,水明台２丁目３番６８号,6660116
1140002068608,株式会社カムロ,兵庫県,川西市,多田桜木２丁目１０番２７号,6660124
1140003008348,株式会社Ａ．Ｐプランニング,兵庫県,川西市,清和台西１丁目１−４７,6660143
1140003011938,レイコス株式会社,兵庫県,川西市,日高町１０番８−１０号,6660032
1140003017191,株式会社ＴＩＳ,兵庫県,川西市,緑台３丁目１番２９号,6660129
1150001014090,株式会社タスト,兵庫県,川西市,栄町２５番１号２４３,6660033
2010001140783,株式会社ＣｏｍＤ,兵庫県,川西市,清和台西３丁目４番地の６８,6660143
2010501034849,ビジネスマックスジャパン株式会社,兵庫県,川西市,けやき坂２丁目２１番地の１０,6660145
2010701030029,株式会社Ｕ３６０,兵庫県,川西市,けやき坂２丁目４０番７号,6660145
2120001050848,淀川製罐株式会社,兵庫県,川西市,花屋敷１丁目３１番２２号,6660035
2120001120931,株式会社メディアドバンス,兵庫県,川西市,湯山台１丁目１５番地の５,6660137
2120001126004,株式会社青山パティシエ技術研究所,兵庫県,川西市,矢問２丁目１０番１９号,6660131
2120001133719,株式会社ポートフィールド,兵庫県,川西市,久代１丁目１４−９,6660024
2120001140269,株式会社Ｏ．Ｃ．Ｓ,兵庫県,川西市,萩原１丁目３番３号,6660004
2120001143164,ＧＳアライアンス株式会社,兵庫県,川西市,小花２丁目２２番１１号,6660015
2120001163352,株式会社マザーシップ,兵庫県,川西市,小戸３丁目８番１９−３０６号,6660014
2120001180967,株式会社グローバリーテックジャパン,兵庫県,川西市,東多田２丁目２４番２１号,6660122
2120001181057,株式会社セントラルリーフ,兵庫県,川西市,向陽台３丁目６番地の２１６,6660115
2120001182369,世都華株式会社,兵庫県,川西市,下加茂１丁目５−１６−３０３号,6660022
2120001198415,株式会社オルパス,兵庫県,川西市,けやき坂５丁目１０番７号,6660145
2120001204692,株式会社スリープラン,兵庫県,川西市,久代１丁目１２番５号,6660024
2120901019182,株式会社リンノ,兵庫県,川西市,中央町２−１,6660016
2120901021403,フェイムインタナショナル株式会社,兵庫県,川西市,加茂１丁目２１番１３号吉田倉庫北側,6660025
2120901025387,株式会社フォーミット,兵庫県,川西市,花屋敷１丁目２１番４号,6660035
2120901029801,株式会社シーゼットカンパニー,兵庫県,川西市,東多田３丁目２３−１−２０７号,6660122
2120901031864,株式会社青空よつばの会,兵庫県,川西市,錦松台２０番１９号,6660135
2120901038265,株式会社グリーンプロテクト,兵庫県,川西市,中央町１５番５号,6660016
2120901046235,株式会社ｔｕａｒｅｇ,兵庫県,川西市,西畦野字餓景８番地の８,6660155
2130001071802,株式会社多富吉,兵庫県,川西市,けやき坂２丁目１４番地７,6660145
2140001006369,株式会社エーショー,兵庫県,川西市,小花２丁目１６番４号,6660015
2140001049558,株式会社ダイエー,兵庫県,川西市,鴬が丘１番地の４,6660007
2140001072411,株式会社ディア・ハート,兵庫県,川西市,鼓が滝１丁目１９番１６号,6660123
2140001073038,株式会社関西創美,兵庫県,川西市,久代１丁目１０番１５号,6660024
2140001073558,株式会社マロ,兵庫県,川西市,清和台東２丁目３番地の２２,6660142
2140001074845,株式会社エスイーワークス,兵庫県,川西市,久代１丁目２５番３３号,6660024
2140001077947,朝日建設株式会社,兵庫県,川西市,鼓が滝１丁目２８番１号,6660123
2140001077971,ファミリー不動産株式会社,兵庫県,川西市,下加茂１丁目３０番７号,6660022
2140001078342,株式会社ハヤマ,兵庫県,川西市,中央町１４番１号,6660016
2140001078607,チトセ商事株式会社,兵庫県,川西市,久代３丁目２２番１８号,6660024
2140001079068,ユーシステム株式会社,兵庫県,川西市,久代２丁目４番１５号,6660024
2140001079126,株式会社アートリング・ケイ,兵庫県,川西市,丸山台２丁目１番地の３,6660152
2140001079134,株式会社朝日住器,兵庫県,川西市,東畦野２丁目６番８号,6660117
2140001079142,株式会社アモーレ・コンブリオ,兵庫県,川西市,栄町２７番３−７０３号,6660033
2140001079150,生田製畳株式会社,兵庫県,川西市,小花２丁目２番１号,6660015
2140001079159,猪名川住建株式会社,兵庫県,川西市,美園町１２番８号,6660013
2140001079167,株式会社上田土木,兵庫県,川西市,大和西４丁目１５番地の１９,6660112
2140001079217,岡村システムズ株式会社,兵庫県,川西市,けやき坂３丁目４４番地の８,6660145
2140001079225,一吉工業株式会社,兵庫県,川西市,中央町１４番２３号,6660016
2140001079233,株式会社関西エコー,兵庫県,川西市,栄町１６番８号,6660033
2140001079241,株式会社桂商店,兵庫県,川西市,小花２丁目７番１−１０７号,6660015
2140001079258,株式会社川西水道サービス,兵庫県,川西市,滝山町１７番８号,6660002
2140001079299,株式会社クリエイティブ・デザイン,兵庫県,川西市,久代３丁目１３番２１号,6660024
2140001079308,株式会社献祥,兵庫県,川西市,小花１丁目１４番１８号,6660015
2140001079316,江友株式会社,兵庫県,川西市,美園町１３１番地,6660013
2140001079324,寿住研株式会社,兵庫県,川西市,小花２丁目９番２号,6660015
2140001079332,株式会社三栄興業,兵庫県,川西市,萩原１丁目１２番１７号,6660004
2140001079340,株式会社サンコーポレーション,兵庫県,川西市,緑台４丁目７番地の１７,6660129
2140001079349,株式会社三昇建設,兵庫県,川西市,多田院１丁目１番２号,6660126
2140001079357,三陽金属工業株式会社,兵庫県,川西市,平野１丁目５番８号,6660121
2140001079365,株式会社ジェーエムシィ,兵庫県,川西市,火打１丁目１４番１２号,6660017
2140001079373,株式会社四季,兵庫県,川西市,丸山台２丁目２番地の４４,6660152
2140001079381,新灯工業株式会社,兵庫県,川西市,東久代１丁目４６３番地の１,6660023
2140001079398,秀和株式会社,兵庫県,川西市,小戸２丁目５番１３号,6660014
2140001079415,株式会社スミレ,兵庫県,川西市,大和西１丁目４番地の６,6660112
2140001079423,株式会社星光ハウジング,兵庫県,川西市,湯山台２丁目１番地の７２,6660137
2140001079456,大和産業株式会社,兵庫県,川西市,東畦野山手２丁目６番１６号,6660114
2140001079472,種池電気工業株式会社,兵庫県,川西市,下加茂１丁目２４番４号,6660022
2140001079489,ツバサ工業株式会社,兵庫県,川西市,東久代１丁目２番１１号,6660023
2140001079497,株式会社テクノアート,兵庫県,川西市,小花１丁目１６番１７号,6660015
2140001079514,豊嶋運送株式会社,兵庫県,川西市,久代３丁目１３１番地の３,6660024
2140001079522,デイリーサービス株式会社,兵庫県,川西市,美園町１番３号川西宝泉ビル２０５号,6660013
2140001079539,株式会社西住舗道,兵庫県,川西市,出在家町８番３号,6660011
2140001079547,西村商事株式会社,兵庫県,川西市,久代２丁目９番７号,6660024
2140001079555,日商興産株式会社,兵庫県,川西市,多田桜木２丁目３番２１号,6660124
2140001079563,日本ダクト工業株式会社,兵庫県,川西市,加茂６丁目１２６番地の４,6660025
2140001079571,株式会社ノバテック,兵庫県,川西市,見野３丁目１６番１１号,6660105
2140001079588,花井商事株式会社,兵庫県,川西市,清和台西５丁目２番地の７０,6660143
2140001079596,株式会社ヒゲヤマ,兵庫県,川西市,南花屋敷３丁目４番９号,6660026
2140001079605,株式会社フェニックス,兵庫県,川西市,萩原１丁目１２番１１号,6660004
2140001079613,フジイ興産株式会社,兵庫県,川西市,中央町７番１８号,6660016
2140001079646,北摂土木株式会社,兵庫県,川西市,山下町７番４号,6660106
2140001079662,株式会社松岡水道,兵庫県,川西市,霞ケ丘１丁目４番５号,6660031
2140001079670,丸尾硝子金型株式会社,兵庫県,川西市,久代２丁目３番１７号,6660024
2140001079679,株式会社三国製作所,兵庫県,川西市,多田桜木２丁目３番１６号,6660124
2140001079687,株式会社みどり空間設計室,兵庫県,川西市,東畦野６丁目７番３号,6660117
2140001079704,株式会社村山鉄工所,兵庫県,川西市,東久代２丁目６番９号,6660023
2140001079712,株式会社メル・ローズ,兵庫県,川西市,小戸１丁目４番８号三友ブロードビルＩＩ,6660014
2140001079720,株式会社ヤマセイ,兵庫県,川西市,平野３丁目１番１８号,6660121
2140001079729,株式会社ユーカリフーズ,兵庫県,川西市,栄町１６番８号,6660033
2140001079737,株式会社吉村商店,兵庫県,川西市,大和東３丁目４番地の３,6660111
2140001079745,ワールド産業株式会社,兵庫県,川西市,栄町２７番１−９０６号,6660033
2140001079753,株式会社リンケージ,兵庫県,川西市,赤松字二通り２３５番地,6660148
2140001079836,株式会社エムアンド総合研究所,兵庫県,川西市,大和東２丁目３４番地の９,6660111
2140001079852,プラスワン株式会社,兵庫県,川西市,栄町２５番１号アステ川西５階,6660033
2140001079860,株式会社シンリョー,兵庫県,川西市,鼓が滝１丁目３番３号,6660123
2140001079885,株式会社エム・アイ・ケイ,兵庫県,川西市,久代１丁目２７番４号,6660024
2140001079927,株式会社エスト,兵庫県,川西市,清和台西５丁目２番地の１０５,6660143
2140001079935,株式会社和研電機製作所,兵庫県,川西市,栄町８番２−Ｈ１０５号,6660033
2140001080026,川西塗装株式会社,兵庫県,川西市,多田桜木１丁目９番３１号リバー１２,6660124
2140001080075,株式会社アーバンクリエイト,兵庫県,川西市,久代１丁目２３番１６号,6660024
2140001080133,株式会社中邨資材,兵庫県,川西市,大和東５丁目４７番地の１２,6660111
2140001080356,吉永建設株式会社,兵庫県,川西市,多田桜木２丁目１番２９号サクラリアヨシナガ,6660124
2140001080380,株式会社高垣商店,兵庫県,川西市,久代３丁目３１番１号,6660024
2140001080447,株式会社プロスパー,兵庫県,川西市,見野２丁目１５番１０号,6660105
2140001080471,株式会社イーエムエス,兵庫県,川西市,平野２丁目１番１０号,6660121
2140001080546,株式会社ドゥ建築設計事務所,兵庫県,川西市,清和台西２丁目２番地の３０,6660143
2140001080604,株式会社アート広告企画,兵庫県,川西市,新田３丁目１７番３号,6660125
2140001080612,ＦＭトレード株式会社,兵庫県,川西市,湯山台１丁目２９番地の１,6660137
2140001080694,一庫商事株式会社,兵庫県,川西市,東畦野６丁目８番１号,6660117
2140001080728,株式会社サウスウエスト,兵庫県,川西市,小戸１丁目３番１２号司ビル３０２号,6660014
2140001080769,株式会社ケイ・アイ・エス,兵庫県,川西市,丸山台３丁目２番地の６４,6660152
2140001080785,株式会社ＡＲＫ,兵庫県,川西市,久代１丁目１０番１号,6660024
2140001080843,株式会社ヘルスサポートシステム,兵庫県,川西市,下加茂１丁目２６番７号,6660022
2140001080868,株式会社ベスト産業,兵庫県,川西市,東久代２丁目１３番１０号,6660023
2140001080942,阪神設備工業株式会社,兵庫県,川西市,久代２丁目５番５１号,6660024
2140001080950,株式会社ハント不動産,兵庫県,川西市,小花１丁目７番１３号,6660015
2140001080991,真輝工業株式会社,兵庫県,川西市,栄町６番２９号,6660033
2140001081008,株式会社曽我部鉄工,兵庫県,川西市,加茂６丁目８８番地の３,6660025
2140001081107,株式会社ケイエステック,兵庫県,川西市,寺畑２丁目４番１０−３０５号,6660034
2140001081115,株式会社メディック,兵庫県,川西市,水明台１丁目１番地の１６１,6660116
2140001082749,株式会社アダージォ,兵庫県,川西市,清和台西１丁目５番地の９７,6660143
2140001083111,株式会社清流建設,兵庫県,川西市,丸山台３丁目１番地の９３,6660152
2140001083128,株式会社エム・イー・フロンティア,兵庫県,川西市,小戸２丁目５番１２号,6660014
2140001083193,株式会社ティー・ウエスト,兵庫県,川西市,湯山台１丁目３２番地の２,6660137
2140001083210,株式会社クラフト,兵庫県,川西市,平野２丁目７番１０号９０２,6660121
2140001083268,株式会社明徳産業,兵庫県,川西市,見野３丁目７番４号,6660105
2140001083276,かえで住宅販売株式会社,兵庫県,川西市,小花２丁目２７番１８号,6660015
2140001083292,株式会社エムエスサービス,兵庫県,川西市,赤松字中才１９８番地２,6660148
2140001083326,株式会社アシスト,兵庫県,川西市,久代４丁目２番２３号,6660024
2140001083383,エフジー・アセット・マネージャーズ株式会社,兵庫県,川西市,中央町７番１８号,6660016
2140001083400,株式会社日拓ハウジング,兵庫県,川西市,錦松台４番２９号,6660135
2140001083409,株式会社水野屋,兵庫県,川西市,緑台３丁目５番地の４２,6660129
2140001083417,株式会社栄光,兵庫県,川西市,西多田字楠根４番６号,6660138
2140001083425,株式会社Ｕ・Ｍ・Ｅ,兵庫県,川西市,大和東５丁目２番地の２０,6660111
2140001083540,株式会社ＭＡＫＯＴＯベクトル,兵庫県,川西市,大和西２丁目３番地の１２,6660112
2140001083565,株式会社ムラテック,兵庫県,川西市,久代１丁目２５番２４号,6660024
2140001083664,株式会社政建工業,兵庫県,川西市,加茂１丁目５番１１号,6660025
2140001083689,株式会社清和,兵庫県,川西市,東多田３丁目６番１３−２０３号,6660122
2140001083870,株式会社リーガルリッチモンド管財,兵庫県,川西市,小花２丁目８番２−５０２号,6660015
2140001083912,株式会社ケアマインド,兵庫県,川西市,けやき坂２丁目６２番地２２,6660145
2140001083920,ダイイチホーム株式会社,兵庫県,川西市,小戸２丁目７番１７号,6660014
2140001083937,株式会社ティファレト,兵庫県,川西市,西多田１丁目１８番２７号,6660138
2140001083986,株式会社アロウズ,兵庫県,川西市,矢問１丁目２５番３８号,6660131
2140001084101,株式会社Ｎｏｚ,兵庫県,川西市,西多田１丁目７番２２号,6660138
2140001084159,株式会社ウェッツオールスター,兵庫県,川西市,美園町１番３−２１１号,6660013
2140001084175,木下建設株式会社,兵庫県,川西市,小花２丁目２０番１６号,6660015
2140001084225,信和エンジニア株式会社,兵庫県,川西市,萩原２丁目１６番１５号,6660004
2140001084282,株式会社エモーションプラス,兵庫県,川西市,向陽台３丁目６番地の２１６,6660115
2140001084299,株式会社プランナーズインク,兵庫県,川西市,小戸２丁目７番１６号,6660014
2140001084340,株式会社ワイワイダイニング,兵庫県,川西市,小花１丁目１２番１６号,6660015
2140001084349,株式会社キングパワー・ジャパン,兵庫県,川西市,寺畑２丁目１４番１５−７号,6660034
2140001084365,株式会社石川,兵庫県,川西市,見野２丁目８番１１号,6660105
2140001084381,株式会社エバーグリーン,兵庫県,川西市,中央町１１番３号セントラルコンフォート１０２,6660016
2140001086485,株式会社北平組,兵庫県,川西市,大和西４丁目１５番地の６,6660112
2140001086601,火打土地管理株式会社,兵庫県,川西市,火打１丁目１６番６号３０１,6660017
2140001086915,株式会社ＥｄｕＣａｒｅ,兵庫県,川西市,大和東１丁目４１番地の１１,6660111
2140001088226,株式会社渡邊管理事務所,兵庫県,川西市,中央町１０番５−１７０６号,6660016
2140001088399,株式会社ＮＥＳｉＡ,兵庫県,川西市,南野坂２丁目１番地の１１７,6660136
2140001089364,株式会社ウエストウッド,兵庫県,川西市,西多田１丁目１番３号,6660138
2140001091031,株式会社山内動物病院,兵庫県,川西市,水明台１丁目３番地の３,6660116
2140001091394,株式会社パピルスインターナショナル,兵庫県,川西市,寺畑２丁目１４番１４号,6660034
2140001091493,株式会社保幸園,兵庫県,川西市,久代３丁目２５番１５号,6660024
2140001091691,株式会社アドバンス,兵庫県,川西市,西多田１丁目１３番１７号,6660138
2140001091865,アイムホーム株式会社,兵庫県,川西市,栄根２丁目２２番５号,6660021
2140001091948,株式会社プラスタイム,兵庫県,川西市,緑台１丁目６番３３号,6660129
2140001092302,株式会社森竹建材土木,兵庫県,川西市,けやき坂３丁目１４番地の８,6660145
2140001093531,株式会社敬慈,兵庫県,川西市,小花１丁目１２番４号,6660015
2140001093804,株式会社ピーエフ,兵庫県,川西市,大和東１丁目８番地の５,6660111
2140001094208,株式会社上町研究所,兵庫県,川西市,寺畑２丁目９番１０号,6660034
2140001094777,株式会社ＴＨＵＭＢＳ　ＵＰ,兵庫県,川西市,錦松台４番４８号,6660135
2140001095296,株式会社ＯＮＥ−ＴＲＹ’Ｓ,兵庫県,川西市,久代１丁目２２番２９号,6660024
2140001095627,株式会社専門設備,兵庫県,川西市,久代１丁目１５番２２号,6660024
2140001095692,株式会社まじさぽ,兵庫県,川西市,小花２丁目７番３号シャンテ川西３号棟１０８,6660015
2140001096121,株式会社喜博,兵庫県,川西市,花屋敷１丁目４番８号,6660035
2140001096468,株式会社コーケン,兵庫県,川西市,けやき坂３丁目１９番地の１５,6660145
2140001096864,株式会社森野カンパニー,兵庫県,川西市,南花屋敷４丁目２４番１３号,6660026
2140001097037,株式会社リングル,兵庫県,川西市,南野坂１丁目４番地の４３,6660136
2140001098539,株式会社ゴッドハンド,兵庫県,川西市,中央町３番３号川西中央ビル１Ｆ,6660016
2140001098860,株式会社谷グリーンエネルギー研究所,兵庫県,川西市,湯山台２丁目１６番地の８,6660137
2140001098992,インテール株式会社,兵庫県,川西市,多田院西２丁目４番６号,6660128
2140001099883,川西産業株式会社,兵庫県,川西市,久代１丁目２６番１０号,6660024
2140001101731,永進株式会社,兵庫県,川西市,花屋敷２丁目２番１６号,6660035
2140001103703,株式会社ＳＥＩカンパニー,兵庫県,川西市,鴬が丘１２番地の３,6660007
2140001103728,平野工業株式会社,兵庫県,川西市,緑台７丁目３番地の５９,6660129
2140001103736,株式会社仙華園,兵庫県,川西市,下加茂１丁目４番１４号,6660022
2140001104008,株式会社Ｔｏｐ　Ｒｙｄｅ,兵庫県,川西市,栄町１２番１号,6660033
2140001104222,株式会社Ｍ−ｔｕｒｎ,兵庫県,川西市,矢問１丁目８番２２号,6660131
2140001104957,株式会社ＴＳホールディングス,兵庫県,川西市,小花２丁目１０番２号プライムコート川西,6660015
2140001109155,株式会社クラウド,兵庫県,川西市,久代１丁目１０番５０号,6660024
2140001109997,手島ＭＳＴ株式会社,兵庫県,川西市,小花２丁目１１番２５−３０５号,6660015
2140001110633,株式会社ＣＰＡ　Ｍａｒｃｈｅ,兵庫県,川西市,小戸１丁目３−１２−３０１号,6660014
2140001110666,株式会社ＭＳＣｒｅａｔｏｒｓ,兵庫県,川西市,けやき坂１丁目１８番地の１−１１８,6660145
2140001110914,株式会社日本ＢＢＭ研究所,兵庫県,川西市,萩原台西３丁目１番２号,6660006
2140001111441,株式会社雅,兵庫県,川西市,東久代１丁目６番２６号,6660023
2140001112068,株式会社ヤスイ,兵庫県,川西市,加茂１丁目２１番９号,6660025
2140001112753,Ｌｉｔａｋａｒａ株式会社,兵庫県,川西市,小戸２丁目７番１６号クレール小戸２Ｆ,6660014
2140001115822,株式会社Ｐ・Ｇ工業,兵庫県,川西市,美山台２丁目１番地の８０,6660151
2140001116663,株式会社ブルースター,兵庫県,川西市,東多田３丁目２３番２１−２０７号,6660122
2140001116738,株式会社ＡＸＩＡ　ＤＥＳＩＧＮ,兵庫県,川西市,清和台西２丁目２−４１,6660143
2140001117018,株式会社堀田興業,兵庫県,川西市,出在家町４番４号,6660011
2140001118445,株式会社ＪＳ,兵庫県,川西市,鼓が滝１丁目２２番５０号,6660123
2140001120203,株式会社Ｌａｍｂｏ,兵庫県,川西市,東畦野山手１丁目２３番３３号,6660114
2140001120384,株式会社ＳＡＧ,兵庫県,川西市,多田桜木１丁目２番７号,6660124
2140001121168,株式会社長島工業,兵庫県,川西市,下加茂１丁目２４番２２号,6660022
2140001122397,Ｔ−ｍａｎ株式会社,兵庫県,川西市,南花屋敷３丁目１番３−５０３号,6660026
2140001122678,株式会社ＺＥＬＯＳ,兵庫県,川西市,久代１丁目１４番９号,6660024
2140001122901,株式会社Ａ−Ｐａｒｔｎｅｒ,兵庫県,川西市,多田院西２丁目４番６号,6660128
2140001122918,株式会社ｆｏｒｔｒｅｓｓ,兵庫県,川西市,美園町１２番２号,6660013
2140001123346,ＭＩＣ株式会社,兵庫県,川西市,丸山台３丁目１−２１,6660152
2140001124451,株式会社みやび建装,兵庫県,川西市,鼓が滝１丁目２２番３３号,6660123
2140001124724,ＭｅＫＬＩＭ株式会社,兵庫県,川西市,東畦野山手１丁目２０−２,6660114
2140001125425,こばん産業株式会社,兵庫県,川西市,湯山台２丁目８２番地の４,6660137
2140001126415,株式会社エスフォー,兵庫県,川西市,大和東１丁目６３番地の１,6660111
2140001126547,株式会社棚原写真事務所,兵庫県,川西市,大和東４丁目１４番地の１５,6660111
2140001126869,株式会社ｒａｖｗａｆｆ,兵庫県,川西市,日高町１０番１４−１号,6660032
2140001127198,株式会社ＭＹＦＡＭ,兵庫県,川西市,大和西１丁目４８−２,6660112
2140001128072,黒川郷入ル株式会社,兵庫県,川西市,黒川字田中２０６番地,6660101
2140001128403,株式会社ＰＲＯＳＰＥＲＩＴＹ,兵庫県,川西市,出在家町４番４号,6660011
2140001129236,リアライズさぽーと株式会社,兵庫県,川西市,小戸２丁目４番１１号,6660014
2140001129806,株式会社ビューティーファクトリー,兵庫県,川西市,加茂１丁目２１番１３号,6660025
2140001130169,株式会社エムエフピー,兵庫県,川西市,清和台東３丁目２番７７号,6660142
2140001130185,ファーストラスト株式会社,兵庫県,川西市,虫生２０４番地の２,6660141
2140001130292,株式会社倭園芸,兵庫県,川西市,大和東２丁目１−８−３,6660111
2140001130375,株式会社キタガワ,兵庫県,川西市,西多田１丁目２６番１７号,6660138
2140001131118,株式会社Ｔａｓｔｅｆｕｌ,兵庫県,川西市,下加茂１丁目２４番６号,6660022
2140001131613,株式会社ＢｌｉｎｄＰｉｔｃｈ,兵庫県,川西市,寺畑２丁目３番７号,6660034
2140001131662,株式会社吉泉,兵庫県,川西市,緑台７丁目８番地の８、８０２,6660129
2140001132792,株式会社大稀,兵庫県,川西市,西多田２丁目５番１３号,6660138
2140001132941,美雅株式会社,兵庫県,川西市,向陽台１丁目３番地６３号,6660115
2140001132999,株式会社ＰＬＵＳ　ＯＮＥ,兵庫県,川西市,小花１丁目７−１９リーガルコート川西小花７０５,6660015
2140001133469,株式会社ＳＥＫＩＲＯ,兵庫県,川西市,見野１丁目１５番１２号,6660105
2140001133477,株式会社森田ビジネス,兵庫県,川西市,一庫１丁目２番６号,6660153
2140001134335,株式会社ｇａｍｓ　ｌａｂｏ,兵庫県,川西市,萩原台西１丁目３４２番地,6660006
2140001134500,潮電機工業株式会社,兵庫県,川西市,錦松台５番６−２号,6660135
2140001135300,株式会社ＫＰ,兵庫県,川西市,久代１丁目２５番２７号,6660024
2140001135465,株式会社創意社,兵庫県,川西市,鴬の森町６番１９号,6660001
2140001136331,株式会社トータルサービス,兵庫県,川西市,笹部１丁目１０番４号３１３,6660104
2140001136372,株式会社プラム・ザ・ワン,兵庫県,川西市,大和東２丁目２８番地の８,6660111
2140001137296,株式会社亀栄,兵庫県,川西市,西多田２丁目１０番１１号,6660138
2140001137651,株式会社のらネコＤＤ,兵庫県,川西市,東多田２丁目２８番２号,6660122
2140001137965,株式会社ものづくり総合研究所,兵庫県,川西市,萩原３丁目６番２号,6660004
2140001138096,Ｂｉｚｉｎｔｅｅｒ　Ｅｑｕｉｔｙ株式会社,兵庫県,川西市,清和台西４丁目３番地の１５９,6660143
2140001138897,株式会社Ａｚｕｌ,兵庫県,川西市,水明台３丁目３番地の３３,6660116
2140001139581,株式会社ＰＲＯＵＤ,兵庫県,川西市,丸の内町２−１,6660003
2140001139656,株式会社笑楽,兵庫県,川西市,美園町１２−５,6660013
2140001141678,ＯＰＥＮ　ＦＩＥＬＤ株式会社,兵庫県,川西市,南野坂１丁目２番地の１１４,6660136
2140001142305,スパークストーン株式会社,兵庫県,川西市,久代６丁目２番４−６１６号,6660024
2140001142552,株式会社ＳｈｏｗＴｉｍｅ,兵庫県,川西市,西多田２丁目３番１０号,6660138
2140002064399,株式会社川西洗装社,兵庫県,川西市,萩原台東１丁目２６６番地,6660005
2140002064770,株式会社平野商事,兵庫県,川西市,大和東５丁目４６番地の１,6660111
2140003019534,株式会社中江技研,兵庫県,川西市,鼓が滝２丁目１番１８号,6660123
2180001140577,株式会社ｐｉｅｃｅ,兵庫県,川西市,久代１丁目１０番２９号,6660024
3010001102824,株式会社アイデザイン,兵庫県,川西市,大和西３丁目２７番１９号,6660112
3010101013938,株式会社ＤｒａｓｔｉｃＣｒｅａｔｅ,兵庫県,川西市,加茂１丁目１−１５−２,6660025
3080101023930,株式会社３９ＴＯＫＹＯ　ＩＣＨＩ,兵庫県,川西市,緑台３丁目２番地の５２,6660129
3120001035897,株式会社ナオ,兵庫県,川西市,東多田３丁目１−３−１００４号,6660122
3120001053651,株式会社アミ,兵庫県,川西市,水明台１丁目４番地の６５,6660116
3120001058576,丸吉糸釦株式会社,兵庫県,川西市,小戸１丁目１２番１３号,6660014
3120001058683,ミリオン株式会社,兵庫県,川西市,大和東４丁目１番地の６,6660111
3120001070837,株式会社ミカドスポーツ,兵庫県,川西市,栄町１０番５−２０７−１号,6660033
3120001071224,株式会社メディアプランニング,兵庫県,川西市,大和西４丁目４番地の１６,6660112
3120001174803,株式会社ピープルウィッシュ,兵庫県,川西市,西多田２丁目２９番２１号,6660138
3120001210970,ＪＩＴ株式会社,兵庫県,川西市,久代４丁目３−２３,6660024
3120001252666,株式会社レヴァレンス,兵庫県,川西市,小花１丁目２−１２第一インテリジェントビル５０２号,6660015
3120901021212,カブト工業株式会社,兵庫県,川西市,平野１丁目５番１３号,6660121
3120901021419,大阪建物株式会社,兵庫県,川西市,寺畑２丁目１４番１４−１号,6660034
3120901022879,株式会社ウイン,兵庫県,川西市,緑台６丁目２番地の３５,6660129
3120901023621,株式会社ケィ・エム・ティ,兵庫県,川西市,花屋敷１丁目３２番３号,6660035
3120901025790,三重鉄工株式会社,兵庫県,川西市,東久代２丁目６番９号,6660023
3120901025881,村中企業株式会社,兵庫県,川西市,見野２丁目１５番１８号,6660105
3120901029445,株式会社Ｄｅｐｔ．,兵庫県,川西市,西畦野字餓景８番８号,6660155
3120901030824,株式会社介優,兵庫県,川西市,けやき坂４丁目２５番地の２,6660145
3120901031351,株式会社クリエティカ,兵庫県,川西市,緑台２丁目１番地の８０,6660129
3120901038066,太陽装飾株式会社,兵庫県,川西市,けやき坂５丁目６番地の２０,6660145
3120901039766,株式会社Ｍ３研究所,兵庫県,川西市,鴬台２丁目１０番地の１３,6660133
3120901040063,株式会社Ｕｎｉｔｅｄ　Ｐｏｗｅｒｓ,兵庫県,川西市,清和台西３丁目１番地の６,6660143
3120901041879,株式会社エフエフコンサル,兵庫県,川西市,緑台５丁目３番地の４５,6660129
3120901042349,株式会社ルクス,兵庫県,川西市,清和台東１丁目４番地の７９,6660142
3122001029689,株式会社Ｚ＆Ｌ,兵庫県,川西市,鼓が滝３丁目１８番１８号,6660123
3140001071255,株式会社エイナガ商会,兵庫県,川西市,加茂１丁目２１番９号,6660025
3140001077459,株式会社シンセイ,兵庫県,川西市,鼓が滝３丁目２６番５２号,6660123
3140001078341,株式会社源,兵庫県,川西市,新田２丁目１番６号,6660125
3140001078564,株式会社大漁,兵庫県,川西市,下加茂１丁目２４番８号,6660022
3140001078845,株式会社ＨＧＣ,兵庫県,川西市,小花２丁目２２番１号,6660015
3140001079117,協和工業株式会社,兵庫県,川西市,下加茂１丁目７番４号,6660022
3140001079125,株式会社アート住建,兵庫県,川西市,新田１丁目５番４号,6660125
3140001079141,株式会社アボス,兵庫県,川西市,栄根２丁目２１番３号,6660021
3140001079158,乾板金株式会社,兵庫県,川西市,鴬台２丁目１３番地の１１,6660133
3140001079166,清和産業株式会社,兵庫県,川西市,多田桜木２丁目５番１８号第３清和ビル１０３号室,6660124
3140001079174,株式会社後北,兵庫県,川西市,南花屋敷１丁目６番５号,6660026
3140001079182,栄輪産業株式会社,兵庫県,川西市,栄根２丁目１３番４号,6660021
3140001079190,戎商事株式会社,兵庫県,川西市,小戸１丁目３番１２号,6660014
3140001079199,株式会社オーディナリー,兵庫県,川西市,見野２丁目３３番１号,6660105
3140001079208,株式会社大家木工,兵庫県,川西市,東久代２丁目１３番４号,6660023
3140001079224,株式会社おばなや,兵庫県,川西市,小花１丁目４番１４号,6660015
3140001079232,株式会社関西アート,兵庫県,川西市,久代４丁目２番６９号,6660024
3140001079240,門田建設株式会社,兵庫県,川西市,南花屋敷３丁目１６番１３号,6660026
3140001079249,カワシマ精機株式会社,兵庫県,川西市,小花１丁目１２番１号,6660015
3140001079257,株式会社川西グリル,兵庫県,川西市,中央町１２番１号,6660016
3140001079265,川西都市開発株式会社,兵庫県,川西市,栄町２５番１号,6660033
3140001079281,株式会社喜谷運送サービス,兵庫県,川西市,大和東１丁目４番地の１,6660111
3140001079298,株式会社クレイン,兵庫県,川西市,中央町７番２３−２号,6660016
3140001079307,株式会社兼三製作所,兵庫県,川西市,東久代２丁目１番１１号,6660023
3140001079331,株式会社コスモインターナショナル,兵庫県,川西市,鼓が滝１丁目４番１３号,6660123
3140001079356,株式会社三丸商会,兵庫県,川西市,新田字坂ケ一２０３番地の１,
3140001079364,三和観光株式会社,兵庫県,川西市,栄町１番５号,6660033
3140001079372,株式会社シーワイエス,兵庫県,川西市,栄町１１番１号,6660033
3140001079380,新豆陽金属工業株式会社,兵庫県,川西市,平野１丁目５番８号,6660121
3140001079389,株式会社鐘榮,兵庫県,川西市,霞ケ丘２丁目２番１０号,6660031
3140001079397,常陽産業株式会社,兵庫県,川西市,加茂６丁目９０の４,6660025
3140001079422,成工計器株式会社,兵庫県,川西市,新田２丁目８番４０号,6660125
3140001079430,株式会社双和,兵庫県,川西市,大和東４丁目６番地の４,6660111
3140001079439,株式会社タイセー,兵庫県,川西市,久代２丁目４番３２号,6660024
3140001079447,大宝株式会社,兵庫県,川西市,平野２丁目２８番２２号,6660121
3140001079455,大和産業株式会社,兵庫県,川西市,栄根１丁目９番４号,6660021
3140001079488,株式会社アールシー川西,兵庫県,川西市,下加茂２丁目７８番地,6660022
3140001079496,株式会社ディンドン,兵庫県,川西市,向陽台３丁目３番地の１４４,6660115
3140001079505,東洋貿易株式会社,兵庫県,川西市,栄町１０番５−９０５号,6660033
3140001079513,株式会社豊嶋,兵庫県,川西市,久代３丁目１３１番地の３,6660024
3140001079538,西尾企業株式会社,兵庫県,川西市,下財町２番５号,6660107
3140001079554,日章計器工業株式会社,兵庫県,川西市,花屋敷２丁目７番１１号,6660035
3140001079562,日本タイプホイル株式会社,兵庫県,川西市,見野２丁目１５番１７号,6660105
3140001079570,能勢電鉄株式会社,兵庫県,川西市,平野１丁目３５番２号,6660121
3140001079579,阪急興産株式会社,兵庫県,川西市,小花２丁目８番２号,6660015
3140001079587,株式会社花宇,兵庫県,川西市,絹延町３番１０号,6660012
3140001079604,広芝商事株式会社,兵庫県,川西市,緑台４丁目６番地の２１,6660129
3140001079612,株式会社ふじい,兵庫県,川西市,栄町２５番地１１３号アステ川西,6660033
3140001079620,株式会社藤友建設,兵庫県,川西市,久代１丁目２３番３−９号,6660024
3140001079629,株式会社フレアコーポレーション,兵庫県,川西市,小花１丁目１２番１６号,6660015
3140001079645,北摂電装株式会社,兵庫県,川西市,栄根２丁目６−７ＳＫビル・ルミネックス川西８階,6660021
3140001079661,増田建設株式会社,兵庫県,川西市,下加茂１丁目５番２１号,6660022
3140001079678,三国ケーブル株式会社,兵庫県,川西市,多田桜木２丁目３番１６号,6660124
3140001079686,株式会社ミツワ,兵庫県,川西市,久代２丁目２番１号,6660024
3140001079694,御船興産株式会社,兵庫県,川西市,大和東５丁目４番地の１,6660111
3140001079703,睦工業株式会社,兵庫県,川西市,加茂１丁目１０番８号,6660025
3140001079711,メタライジングサービス株式会社,兵庫県,川西市,東久代２丁目２番１３号,6660023
3140001079728,ユーケーインターナショナル株式会社,兵庫県,川西市,栄町２４番１４号,6660033
3140001079736,株式会社吉野製作所,兵庫県,川西市,東久代２丁目１３番１４号,6660023
3140001079752,リンク株式会社,兵庫県,川西市,萩原台西３丁目２６６番地,6660006
3140001079785,株式会社協栄メディカルサービス,兵庫県,川西市,小戸２丁目２番２２号,6660014
3140001079851,株式会社エフアンドエーテクノロジー,兵庫県,川西市,大和東１丁目５２番地の１,6660111
3140001079876,株式会社前中工務店,兵庫県,川西市,見野３丁目１７番４８号,6660105
3140001079884,ルネス・ユニテック株式会社,兵庫県,川西市,水明台３丁目５番地の６８,6660116
3140001079901,ソフテック株式会社,兵庫県,川西市,清和台東１丁目１番地の４７,6660142
3140001079934,株式会社辻鉄工所,兵庫県,川西市,清和台東１丁目５番地の６４,6660142
3140001079950,株式会社果楽土,兵庫県,川西市,東多田１丁目２５番１６号,6660122
3140001080000,関西クリーニング株式会社,兵庫県,川西市,花屋敷１丁目３１番３０号,6660035
3140001080082,株式会社アドサカグチ,兵庫県,川西市,平野２丁目１１番１４号,6660121
3140001080090,株式会社上田建築,兵庫県,川西市,一庫３丁目１番１８号,6660153
3140001080099,株式会社プライア,兵庫県,川西市,向陽台１丁目１２番地の５−１−５４,6660115
3140001080116,メルヴェイユ株式会社,兵庫県,川西市,東久代２丁目６番５号,6660023
3140001080306,株式会社トヤマ,兵庫県,川西市,久代１丁目２６番１２号,6660024
3140001080363,エイペックス商事株式会社,兵庫県,川西市,南花屋敷４丁目１２番１号,6660026
3140001080594,株式会社エネルジコ,兵庫県,川西市,小戸１丁目３番９号,6660014
3140001080660,株式会社オフィス田辺,兵庫県,川西市,緑台３丁目３番地の５４,6660129
3140001080677,株式会社山西工務店,兵庫県,川西市,錦松台３２番２３号,6660135
3140001080693,株式会社システム・オフィス,兵庫県,川西市,火打１丁目１４番９号,6660017
3140001080719,株式会社ヘクスカンパニー,兵庫県,川西市,寺畑２丁目１３番１６号,6660034
3140001080751,株式会社ペドーラフーズ,兵庫県,川西市,栄町１２番１号,6660033
3140001080776,株式会社生活環境科学研究所,兵庫県,川西市,笹部３丁目１４番８号,6660104
3140001080792,日本移動電話株式会社,兵庫県,川西市,栄町１１−３−１２２,6660033
3140001080801,株式会社ナガハラ,兵庫県,川西市,萩原３丁目２番１号第１メゾン三裕１０１号,6660004
3140001080826,株式会社ＬＯＶＥ　ＯＮＥ,兵庫県,川西市,錦松台２４番２４号,6660135
3140001080834,株式会社サンライト,兵庫県,川西市,緑台１丁目６番地の３３,6660129
3140001080891,川瀬鉄工建設株式会社,兵庫県,川西市,東久代２丁目１１番４号,6660023
3140001080933,株式会社ＢＲＩＬＬＩＡＮＴ,兵庫県,川西市,東多田１丁目８番３２号,6660122
3140001081015,ワタリ建設工業株式会社,兵庫県,川西市,清和台東４丁目３番地の２　１３−４０２,6660142
3140001081023,株式会社快楽公司,兵庫県,川西市,萩原台西１丁目１６７番地,6660006
3140001081064,株式会社エムズネット,兵庫県,川西市,寺畑１丁目１番３号２１３,6660034
3140001081072,株式会社琴,兵庫県,川西市,小花２丁目２６番４号,6660015
3140001081130,株式会社ダイショー,兵庫県,川西市,出在家町９番９号,6660011
3140001083060,株式会社ススム,兵庫県,川西市,多田院字上ケ平１番地マスターズゴルフガーデン多田院内,6660126
3140001083069,トラストマーケティング株式会社,兵庫県,川西市,萩原１丁目２番２５号,6660004
3140001083151,株式会社山本工業,兵庫県,川西市,東畦野山手１丁目５番５号,6660114
3140001083201,ムゲンコンサルティング株式会社,兵庫県,川西市,南野坂２丁目５番地の４,6660136
3140001083242,株式会社ダイワエージェント,兵庫県,川西市,水明台１丁目１番地の９１,6660116
3140001083275,二和株式会社,兵庫県,川西市,向陽台１丁目２番３１号,6660115
3140001083325,アイ・シー・エンジニアリング株式会社,兵庫県,川西市,大和東１丁目５２番地の２５,6660111
3140001083399,株式会社ネクス,兵庫県,川西市,久代４丁目６番１号,6660024
3140001083424,古川商事株式会社,兵庫県,川西市,清和台西４丁目４番地の９６,6660143
3140001083432,株式会社藤木商店,兵庫県,川西市,花屋敷１丁目２０番２３号ソレイユ花屋敷１０１号,6660035
3140001083481,株式会社優美堂,兵庫県,川西市,小花２丁目２５番３号２１０,6660015
3140001083523,ミヤビ警備株式会社,兵庫県,川西市,平野１丁目２７番３号,6660121
3140001083556,株式会社丸忠,兵庫県,川西市,水明台１丁目１番１５９号,6660116
3140001083580,株式会社Ｔ＆Ｔ企画,兵庫県,川西市,大和西１丁目５番地の１,6660112
3140001083597,グランエースインターナショナル株式会社,兵庫県,川西市,大和東３丁目４番地の１３,6660111
3140001083639,株式会社Ｅ＆Ｌヤマモト,兵庫県,川西市,大和西５丁目５番地の４,6660112
3140001083787,株式会社ハイアット西冨,兵庫県,川西市,見野２丁目２番１４号,6660105
3140001083820,株式会社坂本光商店,兵庫県,川西市,向陽台１丁目５番地５４,6660115
3140001083853,アルステート株式会社,兵庫県,川西市,向陽台１丁目１２番地の５,6660115
3140001083936,株式会社アール,兵庫県,川西市,大和西１丁目５番地の１,6660112
3140001083944,株式会社サンキョウ技研,兵庫県,川西市,錦松台２１番１１号,6660135
3140001084067,株式会社Ｋｃｏｎｓｕｌｔｉｎｇ,兵庫県,川西市,萩原台西３丁目２０７番地,6660006
3140001084117,株式会社抗加齢医学研究所,兵庫県,川西市,栄町２５番１号５階５０２号,6660033
3140001084158,株式会社フジイ興産不動産開発,兵庫県,川西市,中央町７番１８号,6660016
3140001084257,株式会社ガイ電工,兵庫県,川西市,大和東２丁目１３番地の６,6660111
3140001084315,株式会社チャーミー造園,兵庫県,川西市,一庫２丁目２番６−１号,6660153
3140001084323,株式会社オーガニックス・プランニング,兵庫県,川西市,萩原台西１丁目２１５番地,6660006
3140001084414,株式会社テクノタナカ,兵庫県,川西市,久代１丁目２６−７,6660024
3140001084463,アーチジャパン株式会社,兵庫県,川西市,緑台４丁目９番地の２０,6660129
3140001084538,株式会社藤田商事,兵庫県,川西市,花屋敷１丁目３０−１３,6660035
3140001086906,ダイノウォーク株式会社,兵庫県,川西市,西畦野２丁目２１番２２号,6660155
3140001087045,株式会社ＵＰＷＡＲＤ,兵庫県,川西市,久代１丁目１０番１５号,6660024
3140001087425,株式会社ＴＳパートナーズ,兵庫県,川西市,加茂１丁目１２番１７号,6660025
3140001088340,株式会社シンコー,兵庫県,川西市,出在家町２０番１５−３号,6660011
3140001088761,株式会社ゴルフニュース,兵庫県,川西市,向陽台３丁目８番地の１８,6660115
3140001089207,株式会社ミヤヤマ建築,兵庫県,川西市,水明台１丁目２番地の６３,6660116
3140001089925,株式会社ケイアンドエム企画,兵庫県,川西市,けやき坂３丁目４０番地の１８,6660145
3140001092524,株式会社Ｐｉｔ　Ｌｉｆｅ,兵庫県,川西市,出在家町１３番１８号,6660011
3140001092540,株式会社リスペクト,兵庫県,川西市,中央町７番１８号ラ・ラ・グランデ３Ｆ,6660016
3140001092672,株式会社小畠電機,兵庫県,川西市,萩原台東１丁目２６８番地,6660005
3140001093159,神戸昇降機株式会社,兵庫県,川西市,一庫２丁目５番２５号,6660153
3140001094413,株式会社ＫＩＺＵＮＡ,兵庫県,川西市,加茂２丁目５番２０号,6660025
3140001094909,株式会社はなまる,兵庫県,川西市,西多田２丁目３３番１２号,6660138
3140001095114,株式会社塚口,兵庫県,川西市,緑台７丁目８番地の８、９０３,6660129
3140001095915,株式会社Ｂｅｓｔ　ｐａｌｓ,兵庫県,川西市,清和台西４丁目３番地の３２,6660143
3140001096525,株式会社ＤＬ．ＨＡＲＡＤＡ,兵庫県,川西市,西畦野２丁目６番３号,6660155
3140001096681,株式会社ＮＥＸＴサービス,兵庫県,川西市,下加茂１丁目１９番２号,6660022
3140001097267,株式会社さわやか豊能訪問看護ステーション,兵庫県,川西市,清流台１３番１号,6660158
3140001098059,リーガル・エステート株式会社,兵庫県,川西市,小戸２丁目６番２−１０３号,6660014
3140001099362,株式会社トーエイトラスト,兵庫県,川西市,南花屋敷３丁目１３番２１号,6660026
3140001099412,株式会社クリエイト・ヨシカワ,兵庫県,川西市,加茂６丁目１０３番地の４,6660025
3140001100187,インテグリティ株式会社,兵庫県,川西市,霞ケ丘２丁目１番１４号,6660031
3140001100261,株式会社ケアサポート北摂,兵庫県,川西市,栄町１０番１−２０６号,6660033
3140001100682,株式会社シャイン,兵庫県,川西市,大和西１丁目７番地の８,6660112
3140001100831,株式会社ＴＯＳＹＯ,兵庫県,川西市,清和台東４丁目３−６、２０−２０５,6660142
3140001102019,テクノマシン株式会社,兵庫県,川西市,新田２丁目８番２８号,6660125
3140001102035,鐵商マツモト株式会社,兵庫県,川西市,南花屋敷２丁目９番１８号,6660026
3140001102051,株式会社マンシャフト,兵庫県,川西市,加茂６丁目１２０番地１,6660025
3140001102365,株式会社横田工務店,兵庫県,川西市,萩原１丁目１４番２号,6660004
3140001104064,株式会社協心建設,兵庫県,川西市,火打１丁目２１番１４−３号,6660017
3140001104295,株式会社エヌ・プランニング,兵庫県,川西市,東多田３丁目１４番４号,6660122
3140001104436,株式会社ＧＡＲＡＧＥ　ＰＬＥＡＳＵＲＥ,兵庫県,川西市,向陽台１丁目１番地の２,6660115
3140001105203,株式会社一流創業,兵庫県,川西市,東畦野山手１丁目２３番２６号,6660114
3140001105335,株式会社スマイル,兵庫県,川西市,萩原台西１丁目７６番地,6660006
3140001105392,エボーシュ株式会社,兵庫県,川西市,清和台東４丁目２番地の４６,6660142
3140001105459,Ｆビルド株式会社,兵庫県,川西市,東久代２丁目１３番７号,6660023
3140001105632,株式会社メディカル総合研究所,兵庫県,川西市,中央町６番１２号１Ｆ,6660016
3140001106028,大建工業株式会社,兵庫県,川西市,西多田２丁目５番１３号,6660138
3140001106267,株式会社亀岡設備,兵庫県,川西市,東畦野山手１丁目４番１３号,6660114
3140001107109,株式会社ケンプラス,兵庫県,川西市,多田院１丁目９番８号,6660126
3140001107307,三高ホールディングス株式会社,兵庫県,川西市,加茂６丁目１番１６号３階,6660025
3140001107612,株式会社ＣＩＥＬ,兵庫県,川西市,小花２丁目７番３−１０６号,6660015
3140001108189,株式会社キヨテック,兵庫県,川西市,萩原台西１丁目８７番地の２,6660006
3140001108222,株式会社エムテックエンジニアリング,兵庫県,川西市,東多田字石保谷９番地の７９,6660122
3140001108503,大和通商株式会社,兵庫県,川西市,大和西１丁目２９番地の７,6660112
3140001109385,株式会社地域分析研究所,兵庫県,川西市,丸山台３丁目５番地の９２,6660152
3140001109484,株式会社遠藤プロモーション,兵庫県,川西市,平野１丁目１０番１３号,6660121
3140001110129,株式会社花やしき不動産,兵庫県,川西市,南花屋敷１丁目９番１０−１２号,6660026
3140001110475,Ｒ４株式会社,兵庫県,川西市,錦松台１１番３８−２号,6660135
3140001111366,株式会社ノルエル,兵庫県,川西市,久代２丁目９番４号,6660024
3140001112232,株式会社田中興業,兵庫県,川西市,東畦野５丁目３番１−２０３号,6660117
3140001113230,株式会社フォレストＭ,兵庫県,川西市,南花屋敷４丁目１３番１７号,6660026
3140001113775,株式会社ＣＵＳＨＵ,兵庫県,川西市,出在家町８番１８−２５号,6660011
3140001114014,株式会社エヌ・カンパニー,兵庫県,川西市,東多田３丁目１４番４号,6660122
3140001114179,柏原建設株式会社,兵庫県,川西市,東多田１丁目２５番１６号,6660122
3140001114501,株式会社ユクアス,兵庫県,川西市,加茂１丁目１０番１２号篠木荘１号,6660025
3140001117512,株式会社信友建創,兵庫県,川西市,大和西５丁目８番地の１２,6660112
3140001119649,株式会社ＦＲＥＥ　ＳＩＤＥ,兵庫県,川西市,西畦野２丁目２０番１９号,6660155
3140001119748,株式会社ユーピー,兵庫県,川西市,鼓が滝１丁目２５番１０−２０３号,6660123
3140001120549,株式会社ＴＡＫＥＯ,兵庫県,川西市,南花屋敷３丁目４番２２号１,6660026
3140001121191,株式会社量子材料技術,兵庫県,川西市,小花２丁目２２番１１号,6660015
3140001122140,株式会社ソフトクリームの時間,兵庫県,川西市,松が丘町１６番１２号,6660037
3140001122207,株式会社ＭＯＦＡＣ,兵庫県,川西市,東畦野２丁目１番８号,6660117
3140001122611,株式会社阪本鉄工,兵庫県,川西市,加茂２丁目３番１９号,6660025
3140001122850,株式会社ｋｅｅｐ　ｔｈｅ　ｆａｉｔｈ,兵庫県,川西市,多田桜木２丁目３番２８号,6660124
3140001123543,株式会社テイク,兵庫県,川西市,久代２丁目６番１４号,6660024
3140001124038,株式会社壱設備,兵庫県,川西市,東久代２丁目２番２号,6660023
3140001124401,イケウチショウカイ株式会社,兵庫県,川西市,小花２丁目２番５号３Ｆ,6660015
3140001124426,株式会社エムアイケイ,兵庫県,川西市,緑台１丁目５番地の３２,6660129
3140001125878,ワイアール運送株式会社,兵庫県,川西市,一庫３丁目６番３７号,6660153
3140001126042,株式会社Ｆｌｏｗｅｒ,兵庫県,川西市,小花１丁目５番１４−１６号,6660015
3140001126513,株式会社ＴＡＣマテリアル,兵庫県,川西市,出在家町１３番８−１０１号,6660011
3140001126918,ＰＡＬ．レンタリース株式会社,兵庫県,川西市,清和台東２丁目４番地の２８,6660142
3140001126934,株式会社戸越測量事務所,兵庫県,川西市,下加茂１丁目１４番３号,6660022
3140001127528,株式会社アーバンジョイント,兵庫県,川西市,中央町１７番１号,6660016
3140001127536,株式会社なないろリサーチ,兵庫県,川西市,小戸２丁目１４番１２号,6660014
3140001127965,株式会社ＨＯＺＵＭＩ,兵庫県,川西市,大和東２丁目３番地の１２,6660111
3140001128030,株式会社ココレ,兵庫県,川西市,水明台１丁目１番地の１１０,6660116
3140001128823,株式会社フォルトゥーナ,兵庫県,川西市,小花１丁目１番１０号,6660015
3140001129061,里山設備設計株式会社,兵庫県,川西市,笹部２丁目３７番２５−１号,6660104
3140001130011,Ｉ‐ＳＴＹＬＥ株式会社,兵庫県,川西市,けやき坂３丁目１９番地の１８,6660145
3140001130696,株式会社仲政工業,兵庫県,川西市,西多田２丁目５番３３号,6660138
3140001131562,株式会社ティーケイ,兵庫県,川西市,下加茂１丁目２２番３４号,6660022
3140001132206,株式会社コージーハウス,兵庫県,川西市,萩原台西１丁目２６７番地,6660006
3140001132742,株式会社かわにし,兵庫県,川西市,笹部２丁目１５−２２,6660104
3140001132817,ＴＲＹ　ＣＲＯＳＳ株式会社,兵庫県,川西市,栄町１１番３−８０２号,6660033
3140001133336,株式会社結,兵庫県,川西市,出在家町１２番１５号２０１号室,6660011
3140001133848,株式会社Ａｏ．,兵庫県,川西市,萩原台西２丁目３０２,6660006
3140001134136,マルシャイン株式会社,兵庫県,川西市,加茂１丁目１１番２１−２０６,6660025
3140001135365,Ｎプロスペール株式会社,兵庫県,川西市,出在家町２番１７号,6660011
3140001135704,株式会社ＡＤＡＣＨＩ,兵庫県,川西市,久代３丁目３−２５増田建設久代ビル１０２号,6660024
3140001136644,グロリアコンサルティング株式会社,兵庫県,川西市,栄根２丁目２番８号,6660021
3140001136719,株式会社みのり,兵庫県,川西市,水明台２丁目１−７６,6660116
3140001137106,株式会社ＩＮＡ,兵庫県,川西市,火打２丁目８−１８センターヒルズ１０１,6660017
3140001137741,株式会社Ｃｏｎｎｅｃｔ,兵庫県,川西市,東多田３丁目５番５−１１０号,6660122
3140001137774,株式会社リブスタイルシステム,兵庫県,川西市,萩原１丁目３番２−５号,6660004
3140001138054,株式会社Ａｑｕａ　Ｍｅｄｉａ,兵庫県,川西市,けやき坂２丁目６番地の１０,6660145
3140001138442,株式会社ＬＩＢＥＲＴＡ,兵庫県,川西市,東久代２丁目２番５号,6660023
3140001138772,株式会社翔和工業,兵庫県,川西市,東久代１丁目４６３番地１,6660023
3140001139548,株式会社ＩＭＯＮＴＥＣＨＮＯ,兵庫県,川西市,南花屋敷４丁目１２番５号,6660026
3140001139705,ｖｉｉｉｒｏｏｍ株式会社,兵庫県,川西市,湯山台１丁目２１番地の７,6660137
3140001140043,株式会社ＯＫベース,兵庫県,川西市,笹部１丁目３番地１４号,6660104
3140001140332,株式会社ＭＳ,兵庫県,川西市,加茂４丁目７番１４−２号,6660025
3140001140662,株式会社はぐみ,兵庫県,川西市,美園町５番１０号,6660013
3140002065306,新日本通商株式会社,兵庫県,川西市,水明台２丁目１番６４号,6660116
3140002065818,株式会社ファシリティ２１,兵庫県,川西市,中央町７番１１号,6660016
3140003009880,株式会社コンフィール,兵庫県,川西市,新田１丁目２番１６−７０２号,6660125
3200001012707,オーデヘミング株式会社,兵庫県,川西市,西畦野２丁目２３番９号,6660155
4080101019564,株式会社ＴＤＧジャパン,兵庫県,川西市,緑台１丁目７番地の３８,6660129
4120001026549,大銅商事株式会社,兵庫県,川西市,鴬台２丁目９番地４,6660133
4120001081916,新亜細亜貿易株式会社,兵庫県,川西市,新田１丁目５番５号,6660125
4120001139383,株式会社ティーグルサービスクリエーター,兵庫県,川西市,一庫２丁目３番５２号,6660153
4120001146339,株式会社メルモ,兵庫県,川西市,出在家町３番１４号,6660011
4120001181922,株式会社ＣＲＥＡ,兵庫県,川西市,けやき坂５丁目６−２５,6660145
4120001189635,株式会社ヒュペリオン,兵庫県,川西市,矢問１丁目６番１４号,6660131
4120001236866,ＴＩＹＯＮＩ株式会社,兵庫県,川西市,向陽台２丁目１−２９,6660115
4120001260619,ＪＮ　Ｒｏｖｅｒ株式会社,兵庫県,川西市,向陽台３丁目６番地の２１６,6660115
4120901019478,鍜治建材生コン株式会社,兵庫県,川西市,下加茂２丁目７７番地の２,6660022
4120901021310,株式会社マドワテック,兵庫県,川西市,萩原台東１丁目２３０番,6660005
4120901028537,株式会社ファイナルオートカンパニー,兵庫県,川西市,東多田１丁目２６番１５号,6660122
4120901034007,株式会社クリモト,兵庫県,川西市,東畦野山手１丁目２０番１５号,6660114
4120901034238,株式会社東和コーポレーション,兵庫県,川西市,小戸１丁目７番１号,6660014
4120901037356,株式会社クワノウ企画,兵庫県,川西市,清和台西３丁目３番地の４２,6660143
4120901041317,株式会社Ｆｉｃｕｓ,兵庫県,川西市,清和台東４丁目１９番地の３５,6660142
4120901043899,Ｔｈｏｕｓａｎｄ　Ｃｉｔｉｅｓ株式会社,兵庫県,川西市,笹部２丁目２番１９号,6660104
4122001028021,株式会社ＯＳＳ,兵庫県,川西市,久代３丁目６番１号プロロジスパーク川西,6660024
4130001039327,株式会社片桐,兵庫県,川西市,石道字下ノ町１２５番地,6660156
4140001048814,山英建設株式会社,兵庫県,川西市,錦松台２５番１７号,6660135
4140001053822,株式会社広栄テック,兵庫県,川西市,小戸２丁目７番１６号,6660014
4140001069678,灘重機建設株式会社,兵庫県,川西市,栄根２丁目２２番５号,6660021
4140001078530,株式会社極楽堂,兵庫県,川西市,火打１丁目８番４号,6660017
4140001079124,株式会社アートシモウラ,兵庫県,川西市,久代１丁目２５番３号,6660024
4140001079132,株式会社秋山組,兵庫県,川西市,小花２丁目２０番１３号,6660015
4140001079140,株式会社アネックス,兵庫県,川西市,久代４丁目６番１号,6660024
4140001079149,株式会社池田工務店,兵庫県,川西市,水明台３丁目１番地の１６,6660116
4140001079157,井上産業株式会社,兵庫県,川西市,東久代２丁目９番１８号,6660023
4140001079181,株式会社エー・ワイ不動産,兵庫県,川西市,栄根１丁目５番２４号,6660021
4140001079198,株式会社大阪リアルティ,兵庫県,川西市,小花１丁目６番２１号,6660015
4140001079215,ボルツ株式会社,兵庫県,川西市,久代１丁目１番２４号,6660024
4140001079223,株式会社小野工務店,兵庫県,川西市,錦松台２０番１７号,6660135
4140001079231,関西庭園センター株式会社,兵庫県,川西市,鴬が丘１１番地の４８,6660007
4140001079248,株式会社カワシマ,兵庫県,川西市,清和台東５丁目２番９号,6660142
4140001079256,川西ＬＳＣ株式会社,兵庫県,川西市,中央町１４番３号,6660016
4140001079264,川西デジタル株式会社,兵庫県,川西市,栄町１０番５号パルティ川西２階,6660033
4140001079272,近畿信和サービス株式会社,兵庫県,川西市,大和東１丁目７番地の６,6660111
4140001079280,株式会社来田信用堂,兵庫県,川西市,多田桜木２丁目１番２１号,6660124
4140001079297,ダイドーベンディング近畿株式会社,兵庫県,川西市,一庫２丁目８番１４号,6660153
4140001079322,株式会社コスモオフィス,兵庫県,川西市,東畦野２丁目１番１２号,6660117
4140001079330,株式会社グリット,兵庫県,川西市,鼓が滝１丁目２番２３号,6660123
4140001079339,株式会社サン警備保障,兵庫県,川西市,多田桜木２丁目１番１１号,6660124
4140001079347,株式会社笹田工務店,兵庫県,川西市,平野１丁目１７番１７号,6660121
4140001079355,株式会社サンホーム,兵庫県,川西市,久代４丁目５番２６号,6660024
4140001079388,株式会社嶋部工務店,兵庫県,川西市,絹延町１番８号−１０１,6660012
4140001079396,株式会社勝翠作二條,兵庫県,川西市,滝山町２０番６号,6660002
4140001079405,株式会社新和住研,兵庫県,川西市,多田桜木２丁目６番１８号新和コーポ３０３号,6660124
4140001079421,諏訪興産株式会社,兵庫県,川西市,東久代２丁目３番３号,6660023
4140001079438,大協株式会社,兵庫県,川西市,大和西４丁目５番地の１５,6660112
4140001079446,株式会社大富,兵庫県,川西市,滝山町１４番７号,6660002
4140001079462,株式会社タケシタ,兵庫県,川西市,久代１丁目５番７号,6660024
4140001079470,多田設備工業株式会社,兵庫県,川西市,平野３丁目１６番１１号,6660121
4140001079495,ティー・シックスエンジニアリング株式会社,兵庫県,川西市,大和西１丁目５１番地の２５,6660112
4140001079504,株式会社トータルクリーン,兵庫県,川西市,小花２丁目２７番２８号,6660015
4140001079512,株式会社十八屋,兵庫県,川西市,緑台２丁目２番地の１１９,6660129
4140001079520,トリヤマクレーン株式会社,兵庫県,川西市,山下町９番１０号,6660106
4140001079529,長原総合株式会社,兵庫県,川西市,下加茂１丁目３番１７号,6660022
4140001079537,仁木建設株式会社,兵庫県,川西市,栄根１丁目３番８−２０６号,6660021
4140001079545,西林石材工業株式会社,兵庫県,川西市,小花２丁目１９番２７号,6660015
4140001079578,白間電機工業株式会社,兵庫県,川西市,栄根２丁目２番１５号,6660021
4140001079586,株式会社波多野工作所,兵庫県,川西市,久代１丁目１１番２号,6660024
4140001079594,株式会社ピーアンドピー,兵庫県,川西市,花屋敷１丁目２１番１８号,6660035
4140001079603,株式会社ヒロセ金物,兵庫県,川西市,平野２丁目１３番２号,6660121
4140001079628,芙蓉プロモーション株式会社,兵庫県,川西市,栄町１３番９号,6660033
4140001079636,株式会社ボイスコンサルティング,兵庫県,川西市,南野坂１丁目１番地の６９,6660136
4140001079644,北摂産業株式会社,兵庫県,川西市,多田桜木２丁目１１番３号,6660124
4140001079660,マスターズプラン株式会社,兵庫県,川西市,清和台東５丁目２番地の４９,6660142
4140001079669,株式会社真鍋自動車,兵庫県,川西市,矢問東町１番１６号,6660132
4140001079677,株式会社ミカド商事,兵庫県,川西市,一庫１丁目２番６号,6660153
4140001079685,株式会社道田工務店,兵庫県,川西市,中央町１８番２１号,6660016
4140001079710,明和測量設計株式会社,兵庫県,川西市,清和台西１丁目５番地の２０（１４５）,6660143
4140001079719,株式会社山口電機工業所,兵庫県,川西市,久代４丁目２番６３号,6660024
4140001079727,株式会社山村組,兵庫県,川西市,南花屋敷１丁目４番２５号,6660026
4140001079735,吉田自動車株式会社,兵庫県,川西市,西多田１丁目１７番１９号,6660138
4140001079743,株式会社ライフ・サイエンス,兵庫県,川西市,けやき坂２丁目１番地の２,6660145
4140001079850,株式会社カンノ蜜蜂園本舗,兵庫県,川西市,小花２丁目１６番４号,6660015
4140001079891,株式会社アッシュヴィヴァン,兵庫県,川西市,緑台７丁目３番地の２７,6660129
4140001079900,ヒット株式会社,兵庫県,川西市,向陽台１丁目１２番地の５,6660115
4140001079917,日本医療機器株式会社,兵庫県,川西市,湯山台２丁目１９番地の１０,6660137
4140001079941,株式会社アーティストデザイン,兵庫県,川西市,久代１丁目５番１２号,6660024
4140001080040,株式会社和田政商店,兵庫県,川西市,清和台西１丁目５番地の１０４,6660143
4140001080098,株式会社エフ・マネジメント,兵庫県,川西市,大和東１丁目８番地の５,6660111
4140001080107,株式会社アイシステムズ,兵庫県,川西市,東畦野山手１丁目１５番２号,6660114
4140001080123,株式会社ジェイ・エー・ディー,兵庫県,川西市,加茂２丁目１番１８号,6660025
4140001080338,株式会社ワイズクルー・コーポレーション,兵庫県,川西市,小花１丁目２１番１３号,6660015
4140001080379,株式会社東和電機工業所,兵庫県,川西市,東久代１丁目４番９号,6660023
4140001080445,南北商事株式会社,兵庫県,川西市,緑台３丁目３番地３４,6660129
4140001080453,紀和開発株式会社,兵庫県,川西市,鴬の森町３番３号,6660001
4140001080486,株式会社グローバルフィールズ,兵庫県,川西市,鼓が滝２丁目２番１５号,6660123
4140001080536,株式会社トライン,兵庫県,川西市,寺畑２丁目１４番１４号,6660034
4140001080560,リディスカバー・ジャパン株式会社,兵庫県,川西市,栄町１０番５−４０１号,6660033
4140001080569,株式会社アン・ジャポン,兵庫県,川西市,栄町１１番３−７１０号,6660033
4140001080593,株式会社中央葬祭,兵庫県,川西市,栄根２丁目６番３６号,6660021
4140001080602,マックタック株式会社,兵庫県,川西市,向陽台３丁目１１番地の２３,6660115
4140001080726,株式会社水口自動車,兵庫県,川西市,東久代２丁目９番３号,6660023
4140001080750,株式会社コスモ不動産,兵庫県,川西市,中央町５番４号コスモタワー１階,6660016
4140001080767,株式会社エスト,兵庫県,川西市,栄根２丁目３番１号,6660021
4140001080817,株式会社ミリョウ,兵庫県,川西市,美山台１丁目１−１３,6660151
4140001080825,株式会社ＭＳＬ　ＪＡＰＡＮ,兵庫県,川西市,東多田字寺ケ谷７３２番地の２,6660122
4140001080866,株式会社ヒラノ,兵庫県,川西市,東久代２丁目１１番１５号,6660023
4140001080882,Ｐ．Ｐ　ＩＮＴＥＲＮＡＴＩＯＮＡＬ　ＪＡＰＡＮ株式会社,兵庫県,川西市,向陽台１丁目１２番３０号,6660115
4140001080899,Ａ・Ｉ・ケア株式会社,兵庫県,川西市,大和西１丁目５４番地の２１,6660112
4140001080949,株式会社茨木鉄工所,兵庫県,川西市,東久代２丁目１３番８号,6660023
4140001080965,ＫＩＴネットワークス株式会社,兵庫県,川西市,平野２丁目２１番３５号,6660121
4140001080973,株式会社西村工機,兵庫県,川西市,多田院１丁目１０番２４号,6660126
4140001081096,株式会社ＯＴＡ,兵庫県,川西市,湯山台２丁目１番３号,6660137
4140001083101,株式会社サプレ,兵庫県,川西市,清和台西４丁目４番地の１２８,6660143
4140001083142,株式会社サンライズ,兵庫県,川西市,萩原台東１丁目２７１番地の３,6660005
4140001083258,株式会社ＴａｎＴａｎ,兵庫県,川西市,久代６丁目２番２−６０３号,6660024
4140001083282,Ｆ＆Ｉマネジメント株式会社,兵庫県,川西市,加茂４丁目７番８号,6660025
4140001083299,ユニマック株式会社,兵庫県,川西市,東久代２丁目１３番８号,6660023
4140001083308,株式会社北摂協同,兵庫県,川西市,清和台東２丁目１番地１３２,6660142
4140001083349,株式会社ディストワークス,兵庫県,川西市,見野２丁目３３番１５号,6660105
4140001083514,株式会社ジェッター,兵庫県,川西市,大和東１丁目１１７番地の９,6660111
4140001083555,フジイＨＤ株式会社,兵庫県,川西市,中央町７番１８号,6660016
4140001083654,株式会社サカモトエステート,兵庫県,川西市,栄根２丁目１９番３号,6660021
4140001083662,株式会社オカハタ,兵庫県,川西市,清和台東４丁目４番地の２２８,6660142
4140001083695,株式会社エム・ラクショウ,兵庫県,川西市,緑台３丁目３番地の３６,6660129
4140001083704,株式会社本町都市開発,兵庫県,川西市,平野２丁目３２番２３号,6660121
4140001083729,株式会社と組,兵庫県,川西市,出在家町２０番１５−３号,6660011
4140001083786,株式会社ＥＭＩＴ,兵庫県,川西市,中央町１０番５−３１６号,6660016
4140001083836,東洋医研株式会社,兵庫県,川西市,大和東１丁目１１番地の１,6660111
4140001083869,株式会社ＲＩＳＥ,兵庫県,川西市,東畦野６丁目１−３２,6660117
4140001083902,陽明建設工業株式会社,兵庫県,川西市,向陽台１丁目５番地の７８,6660115
4140001083910,Ｗｏｍａｎ　Ｃａｓｔ株式会社,兵庫県,川西市,東畦野３丁目１２番７号,6660117
4140001083935,株式会社エリアーナ,兵庫県,川西市,栄根１丁目７番２１号,6660021
4140001083992,株式会社滋賀統合物流センター,兵庫県,川西市,栄町２７番８−６０３号,6660033
4140001084058,東和建設株式会社,兵庫県,川西市,小戸１丁目７番１号,6660014
4140001084066,株式会社Ｉ＆Ａコーポレーション,兵庫県,川西市,笹部１丁目１３番１７号,6660104
4140001084314,株式会社プロト,兵庫県,川西市,清和台西５丁目４−３９,6660143
4140001084322,アンドラ株式会社,兵庫県,川西市,水明台４丁目１番地の４１,6660116
4140001084347,株式会社ハートフル,兵庫県,川西市,けやき坂２丁目５０番地１６,6660145
4140001084405,株式会社清和電子,兵庫県,川西市,松が丘町９番３号,6660037
4140001084479,株式会社ＥＴＡＤＯ,兵庫県,川西市,南花屋敷４丁目１４番７号,6660026
4140001084529,鍋野石油株式会社,兵庫県,川西市,水明台２丁目１番地の３０,6660116
4140001087127,バサラ株式会社,兵庫県,川西市,緑が丘１丁目２５番１９号,6660157
4140001087218,株式会社梵天,兵庫県,川西市,西多田字楠根４番６号,6660138
4140001087977,株式会社濱口塾,兵庫県,川西市,花屋敷１丁目６番２１号Ｄ３,6660035
4140001090031,株式会社安生,兵庫県,川西市,鼓が滝２丁目１番１１号,6660123
4140001090139,株式会社エコ花と緑のネットワーク,兵庫県,川西市,栄町５番９号,6660033
4140001090460,株式会社健和華,兵庫県,川西市,山下町８番１０号,6660106
4140001091450,株式会社はるひな,兵庫県,川西市,美園町２番１６号,6660013
4140001092523,株式会社Ａインテリア,兵庫県,川西市,鼓が滝２丁目１番２２−４８号,6660123
4140001092531,株式会社ＷＩＳＥ,兵庫県,川西市,大和東４丁目１０番地の９,6660111
4140001093835,株式会社火の鳥,兵庫県,川西市,緑台７丁目６番地Ｃ−２０９,6660129
4140001094528,株式会社パーシスト,兵庫県,川西市,矢問１丁目５番３０号,6660131
4140001094610,株式会社あかり,兵庫県,川西市,花屋敷１丁目２６番２１号,6660035
4140001095006,株式会社クロスリンクス,兵庫県,川西市,鼓が滝２丁目４番１２号,6660123
4140001095550,株式会社エム・アール・ケーコーポレーション,兵庫県,川西市,丸山台３丁目５番地の６７,6660152
4140001095732,株式会社ケーエムケー,兵庫県,川西市,中央町１６番２号,6660016
4140001095831,株式会社Ｕ−ＰＬＵＳ,兵庫県,川西市,久代１丁目１番１８号,6660024
4140001096838,株式会社喜左衛門,兵庫県,川西市,加茂２丁目１番７号,6660025
4140001096846,株式会社アムール,兵庫県,川西市,笹部２丁目８番１３号,6660104
4140001097943,ＭＴＳ宮内通信設備株式会社,兵庫県,川西市,水明台３丁目１番地の３,6660116
4140001098917,川西市低炭素型複合施設ＰＦＩ株式会社,兵庫県,川西市,火打１丁目１２番１６号,6660017
4140001099964,株式会社ＫＥＮＲＹＯ,兵庫県,川西市,下加茂１丁目５−１６−２０１,6660022
4140001099989,株式会社Ｕ−ｗｉｌｌ,兵庫県,川西市,清和台西３丁目２番地の７６,6660143
4140001100260,北摂調剤株式会社,兵庫県,川西市,栄町３番６号,6660033
4140001100293,株式会社ラジエイション,兵庫県,川西市,水明台２丁目７番地の７２,6660116
4140001100822,株式会社喜田企画,兵庫県,川西市,萩原台東２丁目１６８番地,6660005
4140001100938,中西興産株式会社,兵庫県,川西市,萩原１丁目８番５号,6660004
4140001101440,株式会社Ｖピクチャーズ,兵庫県,川西市,下加茂１丁目２４番５号２０１号室,6660022
4140001102182,訪問看護ステーション原株式会社,兵庫県,川西市,水明台４丁目４番地の１４,6660116
4140001103338,株式会社岸本建設,兵庫県,川西市,絹延町１番２号,6660012
4140001104294,株式会社アキラ,兵庫県,川西市,南花屋敷４丁目２６番８号,6660026
4140001104303,フクヤ興産株式会社,兵庫県,川西市,東畦野４丁目２８番１号,6660117
4140001104930,株式会社ノアズ・アーク企画,兵庫県,川西市,向陽台２丁目１番地の６１,6660115
4140001105689,サンステップ株式会社,兵庫県,川西市,大和東５丁目９番地の４０,6660111
4140001106877,マノカルダ株式会社,兵庫県,川西市,南野坂２丁目３９番５号,6660136
4140001107124,株式会社塚本水道工業所,兵庫県,川西市,大和東２丁目３１番地の１２,6660111
4140001107231,株式会社共水,兵庫県,川西市,加茂６丁目９９番地,6660025
4140001107256,株式会社うめ本,兵庫県,川西市,加茂３丁目３番３５号,6660025
4140001107371,株式会社殖産アグリ,兵庫県,川西市,一庫３丁目１８番３−７号,6660153
4140001107826,株式会社Ｈｕｂｅｓｔ　Ｉｎｔｅｒｎａｔｉｏｎａｌ,兵庫県,川西市,萩原台西１丁目７０,6660006
4140001108766,株式会社クールコパン,兵庫県,川西市,けやき坂２丁目５４番地の８,6660145
4140001108931,株式会社スマイル,兵庫県,川西市,鼓が滝１丁目２８番２０号,6660123
4140001109343,株式会社Ｙ＆Ｔ企画,兵庫県,川西市,中央町１１番３−１０２号,6660016
4140001109450,株式会社パインヒルリアルエステート,兵庫県,川西市,清和台西４丁目２番地の２０,6660143
4140001109475,株式会社プラグアウト,兵庫県,川西市,多田院西２丁目５番７号,6660128
4140001110805,株式会社Ｔ＆Ｍ,兵庫県,川西市,東畦野山手１丁目６番１７号,6660114
4140001111316,株式会社ＡＲＣＨ,兵庫県,川西市,久代１丁目１番１２号,6660024
4140001112248,株式会社ＬａｂＰｒｏ,兵庫県,川西市,けやき坂１丁目１２番地の４,6660145
4140001112297,株式会社フジカン,兵庫県,川西市,萩原台西１丁目４１７番地,6660006
4140001112867,株式会社ソレイユ,兵庫県,川西市,栄町２７番６−１０４号,6660033
4140001113007,コーケン工業株式会社,兵庫県,川西市,けやき坂３丁目３２番地の２,6660145
4140001113452,株式会社原瓦商店,兵庫県,川西市,石道字芝向２５４番地の５,6660156
4140001113543,山貴電設株式会社,兵庫県,川西市,けやき坂３丁目３７番地の３,6660145
4140001113584,株式会社ミマ製作所,兵庫県,川西市,東久代２丁目５番１０号,6660023
4140001114319,株式会社クラフトカンパニー,兵庫県,川西市,小戸２丁目６番１２号,6660014
4140001114599,株式会社ｗｒａｐ,兵庫県,川西市,大和西２丁目１４番地の２０,6660112
4140001115143,株式会社中村精機,兵庫県,川西市,東多田２丁目２０番９号,6660122
4140001115218,ラークストレーディング株式会社,兵庫県,川西市,美山台１丁目３番地の７４,6660151
4140001115473,株式会社ベアーズ保険事務所,兵庫県,川西市,東畦野２丁目１−４,6660117
4140001115738,フレンドフラワー株式会社,兵庫県,川西市,花屋敷１丁目２７番２号,6660035
4140001116199,株式会社フューチャーテック,兵庫県,川西市,東畦野山手１丁目２番２号,6660114
4140001118410,株式会社ハッチ,兵庫県,川西市,中央町３−６,6660016
4140001118625,株式会社グローバルダイナー,兵庫県,川西市,清和台西４丁目３番地の３２,6660143
4140001118765,株式会社ｅＮ,兵庫県,川西市,小戸２丁目２番２１号,6660014
4140001119103,株式会社温馨,兵庫県,川西市,向陽台２丁目１番地の１２,6660115
4140001119697,株式会社夢の,兵庫県,川西市,栄町１１番３号−１３,6660033
4140001121595,株式会社テール,兵庫県,川西市,栄町２７番４−１０２号室,6660033
4140001121678,株式会社ソッタス,兵庫県,川西市,花屋敷１丁目３３番１９号,6660035
4140001122437,オー・ウェイ株式会社,兵庫県,川西市,緑台４丁目２番地の５９,6660129
4140001123609,オザキ商事株式会社,兵庫県,川西市,火打１丁目２番１−１１０１号,6660017
4140001124763,株式会社Ｄｉｘ,兵庫県,川西市,栄町１１番１号,6660033
4140001124813,株式会社Ｐｒｉｃｅ　Ｓｔｒｅｅｔ,兵庫県,川西市,栄町１２番１号,6660033
4140001125150,株式会社ｈａｒｍｏｎｉｏｕｓ　ｆａｍｉｌｙ,兵庫県,川西市,錦松台２６番１５号,6660135
4140001127980,株式会社ラクソン,兵庫県,川西市,水明台３丁目６番地の３３,6660116
4140001128054,株式会社エッジプロダクション,兵庫県,川西市,清和台西２丁目３番地の５６,6660143
4140001128946,株式会社ユウキ医療研究会,兵庫県,川西市,花屋敷１丁目２３番１０号３０５,6660035
4140001130605,株式会社ＭＩＫＥＲＩＤＥ,兵庫県,川西市,大和東２丁目８７番地の１０,6660111
4140001130761,株式会社Ｙｕｌｍｅｒ,兵庫県,川西市,小花１丁目３番６号２階,6660015
4140001130902,据和機工株式会社,兵庫県,川西市,火打１丁目１２番８−２０４号,6660017
4140001131000,株式会社神戸ヒラタ,兵庫県,川西市,清和台西４丁目４−１３２,6660143
4140001131041,株式会社Ｎｏｚワークス,兵庫県,川西市,西多田１丁目７番２２号,6660138
4140001131108,株式会社宮野住建,兵庫県,川西市,出在家町７番１９号,6660011
4140001131157,株式会社くすのきサポートパートナーズ,兵庫県,川西市,小戸１丁目３番１２−２０１号,6660014
4140001131215,株式会社コーヨー・システム,兵庫県,川西市,栄根２丁目２２−５トサキビルディング１０１号室,6660021
4140001131280,株式会社ＧｒｅｅｎＣｒａｆｔｓ,兵庫県,川西市,南野坂２丁目３０番地の１５,6660136
4140001132031,株式会社リフォナビ,兵庫県,川西市,平野３丁目２番５号,6660121
4140001132634,株式会社ももとそら,兵庫県,川西市,美山台１丁目３番地の５６,6660151
4140001133054,株式会社若松シャッター,兵庫県,川西市,水明台２丁目２番地の２１,6660116
4140001133269,株式会社ＳＨＩＡＳ,兵庫県,川西市,西多田１丁目１−３,6660138
4140001133707,株式会社マイリフォーム,兵庫県,川西市,小戸２丁目３番１１−１０２号,6660014
4140001133979,株式会社紡樹,兵庫県,川西市,丸山台２丁目３番地の８６,6660152
4140001134614,株式会社ミーツ,兵庫県,川西市,出在家町２３番１号,6660011
4140001135109,株式会社小西建設,兵庫県,川西市,鼓が滝２丁目１４番６号,6660123
4140001135389,一安心株式会社,兵庫県,川西市,湯山台２丁目４４番地の１１,6660137
4140001137666,株式会社柊,兵庫県,川西市,火打２丁目１３番１９−１号,6660017
4140001137823,株式会社クボテック,兵庫県,川西市,萩原台東１丁目７番地,6660005
4140001138433,株式会社ｅ‐Ｇｌｅ　Ｔｅｃｈ．,兵庫県,川西市,小花２丁目２２番１１号,6660015
4140001139118,株式会社グランツパートナーズ,兵庫県,川西市,小花１丁目５番１５号山之内ビル５階,6660015
4140001139258,株式会社えんがわ,兵庫県,川西市,鼓が滝１丁目１８番１０号,6660123
4140001140018,株式会社Ｍａｒｖｅｌｏｕｓ,兵庫県,川西市,出在家町９−１６−Ｂ１０５号,6660011
4140001140182,のぼりみち株式会社,兵庫県,川西市,寺畑１丁目７番２３号グランソルＭ１階,6660034
4140001140892,株式会社わんさ,兵庫県,川西市,萩原台西１丁目４３９番地,6660006
4140001140934,株式会社ＫＯＴＥＲＡ,兵庫県,川西市,加茂３丁目１５番８号,6660025
4140001141346,ケーイーテック株式会社,兵庫県,川西市,向陽台３丁目６番地の１４５,6660115
4140001141718,株式会社藤木不動産,兵庫県,川西市,見野２丁目１番１７号,6660105
4140001142039,株式会社アイ・プロモーション,兵庫県,川西市,栄根２丁目１番１８−３号ブロイド川西栄根２０２号室,6660021
4140001142492,株式会社ＨＧＫ,兵庫県,川西市,小戸２丁目７番１５−３号１０２,6660014
4140001142526,株式会社ＥＸＴＲＥＭＥ,兵庫県,川西市,久代１丁目１４番９号,6660024
4140002065734,株式会社河谷商店,兵庫県,川西市,小戸１丁目１４番４号,6660014
5010901034553,オーシャンブリッジコンサルティング株式会社,兵庫県,川西市,水明台４丁目３番地の６４,6660116
5020001141935,株式会社エーディーシー,兵庫県,川西市,東畦野５丁目８番１８号,6660117
5120001042438,株式会社関西経理サービス,兵庫県,川西市,大和東２丁目６番地の１２,6660111
5120001101433,株式会社ヤマトハウジング,兵庫県,川西市,国崎字笹ケ谷１番地,6660103
5120001104485,タケショウ株式会社,兵庫県,川西市,水明台４丁目１−６０,6660116
5120001115648,株式会社ＢＭＣ,兵庫県,川西市,けやき坂３丁目４７番地の１１,6660145
5120001117215,株式会社イー・メディア,兵庫県,川西市,美山台２丁目１番地の１１６,6660151
5120001130036,株式会社ＯＲＳ,兵庫県,川西市,久代３丁目６番１号プロロジスパーク川西,6660024
5120001188925,株式会社リリーフ,兵庫県,川西市,花屋敷２丁目２番２号,6660035
5120001197884,株式会社ゆめさき,兵庫県,川西市,中央町１０−２−１００１,6660016
5120001212890,株式会社トロア,兵庫県,川西市,西畦野２丁目１２−２０,6660155
5120001230125,株式会社ユーフォリア,兵庫県,川西市,向陽台１丁目６−３９,6660115
5120001276390,株式会社ジャパンピュアイノベーション,兵庫県,川西市,満願寺町５番１９−１０２号,6650891
5120901001336,大和化学株式会社,兵庫県,川西市,火打１丁目９番１８号,6660017
5120901030178,株式会社ユタカプラントサポート,兵庫県,川西市,加茂６丁目１０２−１,6660025
5120901036869,株式会社ＫＥＲＡＫＥＲＡ,兵庫県,川西市,水明台１丁目２番地の２,6660116
5120901043155,中野工業株式会社,兵庫県,川西市,久代１丁目２７番１０号,6660024
5120901049680,株式会社ドリーム＆ビジョン,兵庫県,川西市,出在家町１８番３１号,6660011
5120902022538,株式会社源氏丸,兵庫県,川西市,大和西４丁目３番地の７,6660112
5122001035256,株式会社ＭＯＨＡＭＥＤ　ＥＬＡＳＨＲＡＭ,兵庫県,川西市,火打１丁目１４番１３−１−２０１号室,6660017
5140001032908,株式会社ユアプランナー,兵庫県,川西市,久代４丁目２−６４,6660024
5140001047492,株式会社アドベンス,兵庫県,川西市,鴬が丘１番地の４,6660007
5140001067417,株式会社ＫＭＫ’ｓ兵庫,兵庫県,川西市,美園町１番３号,6660013
5140001078091,株式会社つばさ,兵庫県,川西市,多田桜木１丁目９番２２号,6660124
5140001078505,誠和機動株式会社,兵庫県,川西市,萩原台東１丁目１５番地,6660005
5140001079131,株式会社あかねはうす,兵庫県,川西市,緑台６丁目１番地の１０,6660129
5140001079148,イケダ興産株式会社,兵庫県,川西市,平野１丁目５番８号,6660121
5140001079156,五和総研株式会社,兵庫県,川西市,見野３丁目１６番２２号,6660105
5140001079172,株式会社ウィル企画,兵庫県,川西市,栄根２丁目６番７号,6660021
5140001079180,株式会社栄和,兵庫県,川西市,湯山台２丁目２番地の１４,6660137
5140001079189,エフ・エム・ジー株式会社,兵庫県,川西市,鴬台２丁目２７番地の２,6660133
5140001079197,大阪商事株式会社,兵庫県,川西市,清和台西１丁目５番地の２２,6660143
5140001079214,株式会社岡田土木建設,兵庫県,川西市,出在家町１３番１３号,6660011
5140001079222,オンダ冷機株式会社,兵庫県,川西市,加茂４丁目６番４号,6660025
5140001079230,柿木山工務店株式会社,兵庫県,川西市,錦松台２０番２０号,6660135
5140001079255,株式会社川西金属,兵庫県,川西市,加茂６丁目１０４番地,6660025
5140001079296,國田紙器工業株式会社,兵庫県,川西市,加茂１丁目１４番地の１,6660025
5140001079305,株式会社ケイ・テック,兵庫県,川西市,東久代１丁目３番８号,6660023
5140001079313,株式会社合同測建,兵庫県,川西市,出在家町１３番８号,6660011
5140001079321,株式会社小関工務店,兵庫県,川西市,平野１丁目１６番８号,6660121
5140001079338,三光鋳機株式会社,兵庫県,川西市,湯山台２丁目４３番地の１３,6660137
5140001079346,サンスイ工業株式会社,兵庫県,川西市,けやき坂２丁目３０番地の４,6660145
5140001079370,株式会社しお川,兵庫県,川西市,平野１丁目１９番３１号,6660121
5140001079395,株式会社ジョイン川西,兵庫県,川西市,小花１丁目８番１−１０４号,6660015
5140001079429,株式会社セノオ経営相談所,兵庫県,川西市,花屋敷１丁目２０番２７号,6660035
5140001079437,株式会社大喜組,兵庫県,川西市,西多田２丁目３２番７号,6660138
5140001079453,太洋テック株式会社,兵庫県,川西市,鴬の森町３番１３号,6660001
5140001079461,株式会社たかくら,兵庫県,川西市,一庫１丁目２番６号,6660153
5140001079478,株式会社チェサピーク,兵庫県,川西市,緑台５丁目１番地の２,6660129
5140001079486,株式会社ツヅキ,兵庫県,川西市,向陽台２丁目７番地の４２,6660115
5140001079494,株式会社ティーキューブ,兵庫県,川西市,清和台西４丁目１番地の１００,6660143
5140001079503,株式会社トータル,兵庫県,川西市,東畦野２丁目７番５号,6660117
5140001079511,飛田電気工事株式会社,兵庫県,川西市,水明台４丁目１番６２号,6660116
5140001079528,中西産業株式会社,兵庫県,川西市,山下町１８番４号,6660106
5140001079536,ニードプランテック株式会社,兵庫県,川西市,緑台４丁目８番地の３０,6660129
5140001079552,株式会社ニッソク,兵庫県,川西市,山下町２０番地の２０,6660106
5140001079560,日本三原色株式会社,兵庫県,川西市,丸山台１丁目２番地の１２３,6660152
5140001079585,株式会社八光堂,兵庫県,川西市,小戸１丁目３番２号,6660014
5140001079602,平井商事株式会社,兵庫県,川西市,西多田１丁目４番１号,6660138
5140001079619,株式会社藤田食品,兵庫県,川西市,東久代２丁目２番１８号,6660023
5140001079627,株式会社ブンブク,兵庫県,川西市,向陽台３丁目７番地の２４,6660115
5140001079635,株式会社鳳紀,兵庫県,川西市,西畦野２丁目２５番１８号,6660155
5140001079676,株式会社三木商店,兵庫県,川西市,栄根１丁目３番４号,6660021
5140001079692,株式会社ミツワテック,兵庫県,川西市,久代１丁目２５番２２号,6660024
5140001079701,株式会社ムカオミーク,兵庫県,川西市,赤松字水戸口２４２番地,6660148
5140001079718,株式会社山口工務店,兵庫県,川西市,小花２丁目２２番１８号,6660015
5140001079734,芳川紙業株式会社,兵庫県,川西市,加茂６丁目１０３番４号,6660025
5140001079750,株式会社渡瀬建設,兵庫県,川西市,平野１丁目２５番１２号,6660121
5140001079858,株式会社和技研,兵庫県,川西市,萩原台西２丁目７９番地,6660006
5140001079899,富士システムリサーチ株式会社,兵庫県,川西市,南花屋敷４丁目２番１１号,6660026
5140001079932,株式会社菱和電器,兵庫県,川西市,滝山町１８番９号,6660002
5140001080023,株式会社メック,兵庫県,川西市,笹部３丁目１番６号,6660104
5140001080080,株式会社創建,兵庫県,川西市,東久代２丁目２番２０号,6660023
5140001080097,株式会社備中屋,兵庫県,川西市,多田桜木１丁目３−２１,6660124
5140001080114,株式会社カム,兵庫県,川西市,緑台７丁目８番地の８−９０８,6660129
5140001080130,株式会社ＪＥＳ,兵庫県,川西市,小花１丁目６番２１号第２肥爪ビル２階,6660015
5140001080345,株式会社クリーンフューチャーウエダ,兵庫県,川西市,小花１丁目１５番９号,6660015
5140001080361,株式会社ダイハツメタル,兵庫県,川西市,東久代２丁目１番１３号,6660023
5140001080386,株式会社創園舎,兵庫県,川西市,中央町２番１号,6660016
5140001080394,ＯＫＫテクノ株式会社,兵庫県,川西市,久代６丁目１番１号,6660024
5140001080436,甲東工業株式会社,兵庫県,川西市,久代１丁目２５番２４号,6660024
5140001080444,株式会社ファンタジー,兵庫県,川西市,栄町２５番１−１０８号,6660033
5140001080452,株式会社ウエスト,兵庫県,川西市,西多田１丁目１番３号,6660138
5140001080477,株式会社ケイツー,兵庫県,川西市,美山台３丁目１番地の４３,6660151
5140001080519,株式会社ライフアップ・エレクトコーポレーション,兵庫県,川西市,栄町９番２−Ｄ１０３号,6660033
5140001080527,株式会社山口住設,兵庫県,川西市,加茂２丁目１４番６号,6660025
5140001080543,株式会社フクモト,兵庫県,川西市,平野２丁目１８番２３号,6660121
5140001080592,株式会社大葬,兵庫県,川西市,栄根２丁目６番３６号,6660021
5140001080626,株式会社Ｔ＆Ｙ,兵庫県,川西市,けやき坂２丁目３５番地の２,6660145
5140001080642,株式会社豊栄,兵庫県,川西市,東久代２丁目１８番１７号,6660023
5140001080700,同友交通株式会社,兵庫県,川西市,火打１丁目１番１号,6660017
5140001080782,ベクターリサーチ株式会社,兵庫県,川西市,緑台７丁目３番地の７,6660129
5140001080816,日生住宅相談株式会社,兵庫県,川西市,水明台３丁目８番地の３,6660116
5140001080824,株式会社ウエルカム,兵庫県,川西市,平野２丁目６番１４−３０９号,6660121
5140001080832,株式会社ルブネット関西,兵庫県,川西市,向陽台２丁目８番地の２２,6660115
5140001080857,株式会社たちばな電設,兵庫県,川西市,鴬の森町４番１８号,6660001
5140001080898,株式会社向喜精工,兵庫県,川西市,東久代２丁目１９番１１号,6660023
5140001080915,株式会社グリーンウッド,兵庫県,川西市,東久代２丁目７番５号,6660023
5140001080956,株式会社マイスター建築,兵庫県,川西市,栄町１２番１号,6660033
5140001081054,株式会社エム．エイ．ピイ,兵庫県,川西市,向陽台１丁目５番地の４３,6660115
5140001081079,株式会社ＷＨＩＴＥ　ＯＮＥ,兵庫県,川西市,大和東５丁目４８番３号,6660111
5140001081120,株式会社ＴＳプランニング,兵庫県,川西市,見野２丁目３４番６号,6660105
5140001081137,株式会社カペリート,兵庫県,川西市,水明台１丁目２番地の２,6660116
5140001083075,タチバナ工業株式会社,兵庫県,川西市,東久代２丁目５番１０号,6660023
5140001083224,株式会社アポロン,兵庫県,川西市,清和台西５丁目２番地の１１９,6660143
5140001083281,株式会社サンライズ,兵庫県,川西市,けやき坂３丁目４５番地の７,6660145
5140001083356,ＭＡＸ株式会社,兵庫県,川西市,一庫３丁目３８番９号,6660153
5140001083397,株式会社オーテック,兵庫県,川西市,東畦野４丁目３番４号,6660117
5140001083406,株式会社看板タカヤ,兵庫県,川西市,多田院西２丁目４番５号,6660128
5140001083422,株式会社フューチャー・イノベーション,兵庫県,川西市,山原２丁目３番６号,6660154
5140001083496,株式会社Ｓ．Ｋ　ｐｌａｎｎｉｎｇ,兵庫県,川西市,滝山町１４番７号,6660002
5140001083554,株式会社ホサナ,兵庫県,川西市,向陽台２丁目１番地６１,6660115
5140001083686,株式会社ヌンクタータ,兵庫県,川西市,湯山台１丁目２７番地の１２,6660137
5140001083703,株式会社大教健康開発・寛,兵庫県,川西市,緑台３丁目５番地の８８,6660129
5140001083744,株式会社リーガルリッチモンド開発,兵庫県,川西市,小花２丁目８番２前橋ビル,6660015
5140001083760,株式会社杉本,兵庫県,川西市,萩原台西１丁目１７１番地,6660006
5140001083892,株式会社魚住木材,兵庫県,川西市,小戸２丁目１８番１４号,6660014
5140001083959,株式会社テイピックス,兵庫県,川西市,けやき坂２丁目２５−１５,6660145
5140001084024,株式会社ギャラリー堂島,兵庫県,川西市,清和台西５丁目４番地の５６,6660143
5140001084148,株式会社レーベン,兵庫県,川西市,緑台３丁目１１番地の１１,6660129
5140001084180,株式会社Ｌｉｆｅ　Ｐｌａｎｎｉｎｇ,兵庫県,川西市,鼓が滝２丁目１番１５号,6660123
5140001084214,株式会社セラホーム,兵庫県,川西市,清和台西２丁目４−２４,6660143
5140001084247,株式会社ＨＳＣ　ＣＯＬＬＡＧＥＮ,兵庫県,川西市,湯山台２丁目３番地の９,6660137
5140001084255,株式会社三好キカイ,兵庫県,川西市,平野１丁目５番２０号,6660121
5140001084395,株式会社ＧＹシステムズ,兵庫県,川西市,小花２丁目１０番６号,6660015
5140001084404,株式会社リトルカンパニー,兵庫県,川西市,山下町３番２４号,6660106
5140001084429,源不動産株式会社,兵庫県,川西市,東久代１丁目９番２０号,6660023
5140001084536,株式会社ライフ保険サービス,兵庫県,川西市,清和台西２丁目２番８号,6660143
5140001086524,株式会社住菱ライフ事業,兵庫県,川西市,山下町１１番３号,6660106
5140001086532,南不動産株式会社,兵庫県,川西市,久代４丁目５番３号,6660024
5140001087266,株式会社アズコーポレーション,兵庫県,川西市,加茂５丁目３番１１号,6660025
5140001088256,株式会社エフピーエス,兵庫県,川西市,花屋敷１丁目２９番１−３号,6660035
5140001089279,株式会社ＦＵＥＴＡ,兵庫県,川西市,大和東５丁目５２番地の１４,6660111
5140001089312,エース自動車工業株式会社,兵庫県,川西市,石道字下ノ山９−１０,6660156
5140001089626,株式会社プリマベエーラ,兵庫県,川西市,けやき坂３丁目１７番地の７,6660145
5140001089725,株式会社おたふく,兵庫県,川西市,小戸２丁目１２番４号,6660014
5140001089733,株式会社セフィル,兵庫県,川西市,清和台西４丁目３番地の３１,6660143
5140001091128,メディカルハート株式会社,兵庫県,川西市,向陽台３丁目５番地の９０,6660115
5140001092299,株式会社ヘルケア,兵庫県,川西市,鼓が滝１丁目３番１５号,6660123
5140001093909,株式会社Ｓ＆Ａコーポレーション,兵庫県,川西市,栄町１２番１号,6660033
5140001094320,栄勝商事株式会社,兵庫県,川西市,東久代１丁目２番１２号,6660023
5140001094485,株式会社ポルト,兵庫県,川西市,出在家町２３番５号,6660011
5140001095211,三幸アークス株式会社,兵庫県,川西市,けやき坂４丁目３６番地の９,6660145
5140001095434,株式会社ユナイテッド・ワン,兵庫県,川西市,向陽台３丁目６番地の１６７,6660115
5140001095525,株式会社Ｈひまわり,兵庫県,川西市,久代５丁目１番８号,6660024
5140001096102,株式会社陽,兵庫県,川西市,火打１丁目１０番１３号,6660017
5140001096291,株式会社サクセッション,兵庫県,川西市,下加茂１丁目２１番１３号,6660022
5140001096424,株式会社ハーベスト企画,兵庫県,川西市,小戸３丁目２１−１７,6660014
5140001098313,株式会社ＫＥＮＴＡ,兵庫県,川西市,萩原台西１丁目２３６番地,6660006
5140001100598,株式会社崎山興業,兵庫県,川西市,東久代１丁目４５７番地１,6660023
5140001101951,株式会社ディープランニング,兵庫県,川西市,見野２丁目３３番１５号,6660105
5140001102677,株式会社ＣＲＯＳＳ　ＰＲＩＳＭ,兵庫県,川西市,中央町１０番５号,6660016
5140001103519,三星サポート株式会社,兵庫県,川西市,新田２丁目２番５号,6660125
5140001104715,Ｍ．Ｓ．Ｓ株式会社,兵庫県,川西市,中央町１５番２号,6660016
5140001107429,株式会社真下工務店,兵庫県,川西市,緑台６丁目２番地の５４,6660129
5140001107899,株式会社ＢＵＮＮＹ,兵庫県,川西市,栄根１丁目２番１１号,6660021
5140001109078,株式会社スウェルリンク,兵庫県,川西市,新田２丁目３番８号,6660125
5140001109524,株式会社長尾屋,兵庫県,川西市,満願寺町４番４号,6650891
5140001109937,株式会社結誠工業,兵庫県,川西市,東久代２丁目９番６号,6660023
5140001111208,北政株式会社,兵庫県,川西市,萩原台西３丁目２８２番地の９,6660006
5140001111430,オフィスＴＡＫＥＩ株式会社,兵庫県,川西市,南野坂１丁目３番地の３２,6660136
5140001111546,株式会社ＪＭＤ,兵庫県,川西市,下加茂１丁目１７番３６−２号,6660022
5140001112214,株式会社グローアップ,兵庫県,川西市,多田桜木２丁目３−２１,6660124
5140001112511,アウル株式会社,兵庫県,川西市,美山台１丁目３番地の８０,6660151
5140001113591,株式会社ＭＹファミリー,兵庫県,川西市,出在家町１２番８号,6660011
5140001114276,株式会社一心重量,兵庫県,川西市,久代２丁目４番１７号,6660024
5140001114383,株式会社櫻ファシリティマネジメント,兵庫県,川西市,東久代２丁目２番２６３,6660023
5140001114490,株式会社ＫＭＳ,兵庫県,川西市,多田院字向坂１２番３,6660126
5140001117320,株式会社竜飛,兵庫県,川西市,滝山町６番１号３０１,6660002
5140001117519,株式会社ＭＳＧプランニング,兵庫県,川西市,見野２丁目３４番６号,6660105
5140001117832,株式会社Ｓｍｉｌｅ　Ｌａｂ．,兵庫県,川西市,西多田２丁目２番８号,6660138
5140001119119,和み株式会社,兵庫県,川西市,東畦野５丁目８番１８号,6660117
5140001119498,Ｌｅａｄ　Ｓｙｓｔｅｍｓ株式会社,兵庫県,川西市,滝山町４番１５号,6660002
5140001119556,株式会社レンクス,兵庫県,川西市,久代１丁目１４番２６号,6660024
5140001119746,エスケーアークス株式会社,兵庫県,川西市,清和台東１丁目５番地の５９,6660142
5140001120209,株式会社フクノカミ,兵庫県,川西市,寺畑２丁目５番２−５１２号,6660034
5140001121660,ｇｒｅｇ株式会社,兵庫県,川西市,鴬の森町６番５号,6660001
5140001122485,株式会社フォレスト,兵庫県,川西市,丸山台１丁目２番地の１３９,6660152
5140001123285,株式会社ＭＣサービス,兵庫県,川西市,加茂６丁目７０番地の６,6660025
5140001123995,株式会社親和,兵庫県,川西市,加茂２丁目１８番２４号,6660025
5140001124143,株式会社ＮＩＮＥ,兵庫県,川西市,出在家町２０番１５−３号,6660011
5140001124416,株式会社タカオ機工,兵庫県,川西市,けやき坂２丁目６７番地の８,6660145
5140001124473,高梨ハウス株式会社,兵庫県,川西市,花屋敷山手町１３番１５号,6660036
5140001124622,株式会社ビオラ,兵庫県,川西市,けやき坂４丁目１番地の６,6660145
5140001124804,ｓｔｒｏｋｅ株式会社,兵庫県,川西市,鼓が滝１丁目１６番１３号,6660123
5140001126271,株式会社フェリス,兵庫県,川西市,見野２丁目３６番１１号,6660105
5140001126701,ＫＡＭＯエステート株式会社,兵庫県,川西市,加茂２丁目２番１７号,6660025
5140001128549,ブレーンズ株式会社,兵庫県,川西市,向陽台２丁目２番地の６１,6660115
5140001129068,プルーデント不動産株式会社,兵庫県,川西市,栄町３番２号,6660033
5140001130414,株式会社ＩＢＳ,兵庫県,川西市,西畦野１丁目１７番１０号,6660155
5140001131528,株式会社坂元設計事務所,兵庫県,川西市,松が丘町６番２号,6660037
5140001132096,株式会社ピース,兵庫県,川西市,東畦野２丁目５−１０ダイワビル１０番館４０２,6660117
5140001132476,株式会社ピーチファクトリー,兵庫県,川西市,大和東５丁目９番地の１６,6660111
5140001132724,ＴＡＭ経営コンサルティング株式会社,兵庫県,川西市,下加茂１丁目２４番５−４０１号,6660022
5140001133177,株式会社京樂,兵庫県,川西市,緑台３丁目５番地の７７,6660129
5140001133409,心陽株式会社,兵庫県,川西市,新田１丁目２１番１８号,6660125
5140001134134,株式会社Ｏｎｉｎｅ,兵庫県,川西市,清和台西５丁目２番地の９２,6660143
5140001134290,株式会社ＫＡＡＩ,兵庫県,川西市,中央町５番５号ＯＨＭＩビル６Ｆ,6660016
5140001134992,株式会社ＢＩＧ　Ｍ　ＳＮＯＷ　ＰＬＡＮ,兵庫県,川西市,見野２丁目８番８−１号,6660105
5140001135314,株式会社ハレ,兵庫県,川西市,一庫３丁目３４番２号,6660153
5140001135966,株式会社エースセントラル,兵庫県,川西市,けやき坂３丁目３９番地の６,6660145
5140001136428,株式会社上鉄,兵庫県,川西市,一庫２丁目３番４７号,6660153
5140001136733,株式会社Ｂｉｙｏｒｉ,兵庫県,川西市,けやき坂３丁目１９番地の１８,6660145
5140001136997,株式会社Ａ　Ｈｏｍｅ,兵庫県,川西市,丸山台１丁目１番地の１２,6660152
5140001137987,株式会社スキルカム,兵庫県,川西市,西多田１丁目１４番１７−１５号,6660138
5140001138317,株式会社Ｚｅｂｒａｌｉｏｎ,兵庫県,川西市,中央町３番６号川西大陽ビル２０１号,6660016
5140001138754,株式会社Ｋｉｔルーフ,兵庫県,川西市,けやき坂３丁目４番地の１４,6660145
5140001139050,株式会社ハコモノ,兵庫県,川西市,小戸２丁目６番１１号河島ビル２階,6660014
5140001140784,株式会社リバーサイド,兵庫県,川西市,清和台東５丁目１番２８号,6660142
5140001140917,株式会社Ｓｍｏｏｄ,兵庫県,川西市,満願寺町６番５９号,6650891
5140002064495,株式会社坂上商会,兵庫県,川西市,南花屋敷３丁目１９番１２号,6660026
5140002065477,株式会社ミズモト建築工房,兵庫県,川西市,丸山台１丁目５４−２,6660152
5140002065642,株式会社さわやかライフ,兵庫県,川西市,美園町１番２６号,6660013
5140003015398,株式会社ＴＤＳ,兵庫県,川西市,大和東５丁目２番地の１３,6660111
5160001016826,株式会社アオハルプロダクション,兵庫県,川西市,中央町１０番５−１７１１号,6660016
5250001004425,株式会社Ｓ・Ｙプランニング,兵庫県,川西市,向陽台１丁目１２番地５、１−４４,6660115
5290001001897,西日本車輌運輸株式会社,兵庫県,川西市,東久代１丁目３３１番地１０,6660023
6120001053863,株式会社イフ・コミニケーションズ,兵庫県,川西市,水明台１丁目１番地の７８,6660116
6120001063697,巧友テクノス株式会社,兵庫県,川西市,栄町１４番１８号,6660033
6120001074884,株式会社インディペンデント・キューブ,兵庫県,川西市,東畦野山手１丁目１８番１６号,6660114
6120001086921,株式会社ネスノン,兵庫県,川西市,大和東４丁目２番地の３,6660111
6120001106836,株式会社エンジョイライフ,兵庫県,川西市,山下町１４番１１号,6660106
6120001130316,オルトリンク株式会社,兵庫県,川西市,東畦野２丁目１番２９−１０２号,6660117
6120001134291,株式会社トーエイ,兵庫県,川西市,見野２丁目２４番１１号,6660105
6120001135100,株式会社ハーツネット,兵庫県,川西市,出在家町１番６号,6660011
6120001137476,株式会社クイックネス,兵庫県,川西市,湯山台２丁目３４−１８,6660137
6120001139191,株式会社山仙開発,兵庫県,川西市,花屋敷２丁目５番３−２号,6660035
6120001143061,株式会社染野電気設備管理事務所,兵庫県,川西市,鼓が滝３丁目１０番３０号,6660123
6120001154686,株式会社ウェルス・マネジメント,兵庫県,川西市,けやき坂５丁目５番地の１、１−９０７,6660145
6120001201224,株式会社あすむか,兵庫県,川西市,大和東１丁目１５番７,6660111
6120001209184,株式会社スパ・ガーデンオアシス,兵庫県,川西市,火打１丁目１６番６号オアシスタウンキセラ川西２Ｆ,6660017
6120001215224,ＳＮＦ総合食品株式会社,兵庫県,川西市,一庫１丁目２番６号,6660153
6120001269039,株式会社ＴＡＩＲＡ,兵庫県,川西市,錦松台２２番３７号,6660135
6120901022315,Ｑ　ＩＮＶＥＲＳＥ株式会社,兵庫県,川西市,緑台７丁目３番地の３０,6660129
6120901028972,株式会社繭鵺,兵庫県,川西市,湯山台１丁目３２番７,6660137
6120901033898,株式会社汐早,兵庫県,川西市,清流台８番１３号,6660158
6140001031165,株式会社サンライズ,兵庫県,川西市,丸山台２丁目４番地７４,6660152
6140001078074,植田運送株式会社,兵庫県,川西市,久代４丁目２番６号,6660024
6140001079139,株式会社あづま商事,兵庫県,川西市,東久代２丁目２０番１５号,6660023
6140001079155,伊丹陸運株式会社,兵庫県,川西市,加茂６丁目１１５番地の１,6660025
6140001079163,株式会社ＨＩＤＥ,兵庫県,川西市,一庫３丁目１８番５号,6660153
6140001079171,株式会社上政,兵庫県,川西市,山下町１５番１３号,6660106
6140001079188,エヌ・イー・ティ株式会社,兵庫県,川西市,向陽台３丁目６番地の２１６,6660115
6140001079196,株式会社大阪ゴルフアーズ,兵庫県,川西市,西畦野２丁目２０番１５号,6660155
6140001079205,大庭住研株式会社,兵庫県,川西市,向陽台２丁目２番地の３,6660115
6140001079213,岡田産業株式会社,兵庫県,川西市,東多田３丁目１２番７号,6660122
6140001079246,株式会社カンバラ,兵庫県,川西市,久代４丁目５番２１号,6660024
6140001079254,株式会社川西建設,兵庫県,川西市,下加茂１丁目２４番２２号,6660022
6140001079262,株式会社川西商会,兵庫県,川西市,出在家町４番２０−２号,6660011
6140001079270,株式会社川原空設工業,兵庫県,川西市,出在家町１４番１４号,6660011
6140001079279,株式会社来田商事,兵庫県,川西市,多田桜木２丁目１０番３７号,6660124
6140001079295,久代産業株式会社,兵庫県,川西市,久代２丁目８番１７号,6660024
6140001079304,株式会社Ｗａｖｅ　Ｔｅｃｈｎｏｌｏｇｙ,兵庫県,川西市,久代３丁目１３番２１号,6660024
6140001079312,コーシン商事株式会社,兵庫県,川西市,寺畑１丁目２番８号,6660034
6140001079320,株式会社コギタ,兵庫県,川西市,新田１丁目１０番１４号,6660125
6140001079329,株式会社クシロ,兵庫県,川西市,久代１丁目５番４２号,6660024
6140001079337,株式会社坂井建築事務所,兵庫県,川西市,鼓が滝１丁目２０番２７号,6660123
6140001079345,株式会社サンゴルフ,兵庫県,川西市,赤松字中才１８６番地,6660148
6140001079353,サンテック株式会社,兵庫県,川西市,けやき坂２丁目１６番地の３,6660145
6140001079361,三和商事株式会社,兵庫県,川西市,緑台１丁目５番地の３５,6660129
6140001079378,株式会社進成,兵庫県,川西市,出在家町１３番１３号,6660011
6140001079394,株式会社昌建開発,兵庫県,川西市,久代３丁目２０番８号,6660024
6140001079436,大光住建株式会社,兵庫県,川西市,久代４丁目５番３号,6660024
6140001079444,株式会社大築,兵庫県,川西市,清和台西１丁目３番３３,6660143
6140001079452,大洋特殊熔接株式会社,兵庫県,川西市,小戸３丁目２２番１３号,6660014
6140001079460,株式会社高木鉄工所,兵庫県,川西市,東久代２丁目３番１０号,6660023
6140001079469,株式会社立石ガスセンター,兵庫県,川西市,小花２丁目１番３号,6660015
6140001079477,玉井商事株式会社,兵庫県,川西市,清和台西１丁目３番地の６５,6660143
6140001079485,辻輪株式会社,兵庫県,川西市,栄町１４番１８号,6660033
6140001079493,株式会社テン,兵庫県,川西市,緑台１丁目１番地の４７,6660129
6140001079502,株式会社陶材人,兵庫県,川西市,大和東１丁目４４番地の５,6660111
6140001079519,株式会社トリヤマ,兵庫県,川西市,大和西１丁目５番地の１,6660112
6140001079527,株式会社中谷ハンドレッド,兵庫県,川西市,小花２丁目９番２号,6660015
6140001079535,株式会社二井商店,兵庫県,川西市,萩原台西１丁目２２４番地,6660006
6140001079543,西日本タイヤ株式会社,兵庫県,川西市,加茂５丁目３番３号,6660025
6140001079551,株式会社日装,兵庫県,川西市,東畦野山手１丁目１０番２号,6660114
6140001079568,能勢観光開発株式会社,兵庫県,川西市,東畦野字長尾１番地の３,6660117
6140001079576,株式会社バウバウ,兵庫県,川西市,小戸１丁目８番１３号,6660014
6140001079584,八紘建設株式会社,兵庫県,川西市,小花２丁目８番１１号,6660015
6140001079592,株式会社パルティ川西,兵庫県,川西市,栄町１０番５−２０９号,6660033
6140001079601,株式会社ヒョーゴ,兵庫県,川西市,石道字下ノ垣内２０９番地の３,6660156
6140001079618,富士特殊木製品工業株式会社,兵庫県,川西市,平野３丁目２０番１２号,6660121
6140001079626,株式会社舩岡,兵庫県,川西市,久代２丁目６番１４号,6660024
6140001079634,ベックコーポレイション株式会社,兵庫県,川西市,湯山台１丁目１３番地の８,6660137
6140001079642,北摂交通株式会社,兵庫県,川西市,中央町１９番４号,6660016
6140001079659,増建工業株式会社,兵庫県,川西市,下加茂１丁目５番２１号,6660022
6140001079675,株式会社＿王,兵庫県,川西市,新田３丁目１６番８号,6660125
6140001079683,株式会社水堂産業,兵庫県,川西市,下加茂１丁目１３番２１号,6660022
6140001079691,株式会社みどり書房,兵庫県,川西市,緑台２丁目１番地の８,6660129
6140001079700,株式会社宮脇商会,兵庫県,川西市,西多田２丁目３３番３０号,6660138
6140001079709,明和精機工業株式会社,兵庫県,川西市,東久代１丁目３番２３号,6660023
6140001079717,株式会社山角興業,兵庫県,川西市,東久代１丁目３番２号,6660023
6140001079725,株式会社山本水道工業所,兵庫県,川西市,小戸１丁目１０番１５号,6660014
6140001079733,株式会社吉植造園,兵庫県,川西市,東久代２丁目１３番１０号,6660023
6140001079741,株式会社ワイエスアンドアソシエイツ,兵庫県,川西市,下加茂２丁目１番２０号,6660022
6140001079790,株式会社三栄ケアサービス,兵庫県,川西市,小戸２丁目２番２２号,6660014
6140001079816,北摂ハウジングセンター株式会社,兵庫県,川西市,小花２丁目７番３−１０５号,6660015
6140001079849,株式会社アサヒホームテック,兵庫県,川西市,東畦野２丁目６番８号,6660117
6140001079923,株式会社赤岩,兵庫県,川西市,清和台西３丁目３番地の４４,6660143
6140001079964,田中株式会社,兵庫県,川西市,萩原台西３丁目２９０番地,6660006
6140001080014,株式会社エイジ,兵庫県,川西市,大和西１丁目９９番地の３０,6660112
6140001080030,株式会社宝石のオザキ,兵庫県,川西市,大和西１丁目５番地の２,6660112
6140001080063,株式会社ディー・ウッド,兵庫県,川西市,多田桜木２丁目８番１２号,6660124
6140001080105,安徳株式会社,兵庫県,川西市,火打１丁目２３番１６号,6660017
6140001080410,株式会社ラフト,兵庫県,川西市,南花屋敷２丁目１３番６号,6660026
6140001080526,株式会社松田工業,兵庫県,川西市,加茂６丁目１２９番地の３,6660025
6140001080575,株式会社春香園,兵庫県,川西市,大和東２丁目８７番地の１６,6660111
6140001080609,株式会社雲雀丘ビルダー販売,兵庫県,川西市,寺畑１丁目１４番９号,6660034
6140001080658,株式会社エスティ電子,兵庫県,川西市,西畦野２丁目２番２７号,6660155
6140001080666,株式会社エフクリエート,兵庫県,川西市,下加茂１丁目１４番３号,6660022
6140001080716,株式会社オアシス,兵庫県,川西市,石道字芝向２５３番地の５,6660156
6140001080749,株式会社リノベーション,兵庫県,川西市,南花屋敷３丁目７番１２号,6660026
6140001080798,株式会社ベルダ,兵庫県,川西市,下加茂１丁目３０番１２号,6660022
6140001080848,株式会社川田興業,兵庫県,川西市,けやき坂４丁目３７番２号,6660145
6140001080864,株式会社銀河コーポレーション,兵庫県,川西市,赤松字小振岩根３８８番地,6660148
6140001080889,株式会社ビューティ蔵,兵庫県,川西市,大和東３丁目１番２号,6660111
6140001080906,株式会社夢・ホーム,兵庫県,川西市,清和台東３丁目２番地の７７,6660142
6140001080955,ＦＫ環境イノベーション株式会社,兵庫県,川西市,向陽台３丁目６番地の２１６,6660115
6140001080996,日電プランニング株式会社,兵庫県,川西市,東久代２丁目２番２２号,6660023
6140001081004,株式会社東洋ダイワ,兵庫県,川西市,萩原台西１丁目４０６番地,6660006
6140001081045,川本地所株式会社,兵庫県,川西市,緑台６丁目１番地の５,6660129
6140001081078,株式会社ジーエムコーポレーション,兵庫県,川西市,火打１丁目２０番７号,6660017
6140001081086,株式会社Ｗａｔ,兵庫県,川西市,火打１丁目１０番１３号,6660017
6140001081128,株式会社ＭＯ　Ｓｏｌｕｔｉｏｎｓ,兵庫県,川西市,美山台２丁目４番地の１０,6660151
6140001081490,株式会社コズモクエイク,兵庫県,川西市,小花２丁目７番３号シャンテ川西３号棟１０４,6660015
6140001082968,株式会社オフィス・デューク,兵庫県,川西市,中央町１０番５−１２０３号,6660016
6140001083074,株式会社宮久,兵庫県,川西市,火打２丁目１５番１号,6660017
6140001083165,西村プラスチック株式会社,兵庫県,川西市,東久代２丁目３番８号,6660023
6140001083198,株式会社サンバード,兵庫県,川西市,清和台東１丁目１番地の４７,6660142
6140001083306,株式会社ハウスリファイン関西,兵庫県,川西市,けやき坂２丁目３１番地の４,6660145
6140001083421,株式会社アキツトレーデイング,兵庫県,川西市,萩原台西３丁目１０９番地,6660006
6140001083454,株式会社アップルート,兵庫県,川西市,久代２丁目５−１０,6660024
6140001083529,株式会社播野,兵庫県,川西市,東多田３丁目１番６−１０２号,6660122
6140001083545,株式会社Ｏ２,兵庫県,川西市,出在家町１２番２２号,6660011
6140001083561,株式会社坂野コーポレーション,兵庫県,川西市,栄根２丁目２番１３号,6660021
6140001083652,株式会社グローリー,兵庫県,川西市,栄町１１番１−８０３号,6660033
6140001083669,株式会社ベース商事,兵庫県,川西市,中央町１１番３号セントラルコンフォート１０２,6660016
6140001083677,株式会社アボード,兵庫県,川西市,丸の内町１０番２−７０２号,6660003
6140001083710,株式会社西野コンサルタント,兵庫県,川西市,けやき坂３丁目２０番地の１８,6660145
6140001083801,株式会社サンマリオン,兵庫県,川西市,久代３丁目１９番２号,6660024
6140001083834,株式会社Ｋ３,兵庫県,川西市,中央町８番１４−１２０１号,6660016
6140001083875,株式会社スリーピース,兵庫県,川西市,多田桜木１丁目２番１５号,6660124
6140001083883,株式会社リボンバニーズ,兵庫県,川西市,萩原台西３丁目３９番地,6660006
6140001083917,株式会社ユニティ,兵庫県,川西市,清和台西１丁目３番地の１０５,6660143
6140001083925,株式会社ＡＳＩＡＮ　ＦＩＥＬＤ　ＴＲＡＤＩＮＧ,兵庫県,川西市,美山台１丁目４番地の５７,6660151
6140001083974,株式会社清和保養園・錦美記念会,兵庫県,川西市,清和台西１丁目６番地の３,6660143
6140001083999,株式会社未来,兵庫県,川西市,東久代２丁目１８番１７号,6660023
6140001084007,株式会社西貴プランニング,兵庫県,川西市,鴬台１丁目２１番地の５,6660133
6140001084056,アイユーエステート株式会社,兵庫県,川西市,小花１丁目１１番１９−１号,6660015
6140001084147,株式会社ネオ,兵庫県,川西市,けやき坂１丁目１８番地の１,6660145
6140001084163,Ｓ．Ｔ．Ｓ株式会社,兵庫県,川西市,小花２丁目１１番２６号,6660015
6140001084213,株式会社ナチュラルライフ,兵庫県,川西市,栄町９番２号,6660033
6140001084246,株式会社市乃,兵庫県,川西市,大和東２丁目１番地の８,6660111
6140001084312,ＴｈｉｎｋＨｕｂ株式会社,兵庫県,川西市,美山台３丁目２番３０号,6660151
6140001084394,デュオブランド株式会社,兵庫県,川西市,日高町１０番１２号,6660032
6140001084436,株式会社カネトミ水産,兵庫県,川西市,清和台西２丁目２番地の１０,6660143
6140001084444,株式会社ペガサス商事,兵庫県,川西市,清和台西５丁目３番地の８,6660143
6140001084493,株式会社ＺＥＡＫ,兵庫県,川西市,東畦野６丁目１３番１号,6660117
6140001084519,株式会社エリア１,兵庫県,川西市,東久代１丁目１２番６号,6660023
6140001084527,株式会社ＴＡＫＥＯＵＴ,兵庫県,川西市,見野１丁目５番３０号,6660105
6140001084535,株式会社くまさんハウス,兵庫県,川西市,小戸２丁目４番１１号,6660014
6140001087711,株式会社ダイイチ,兵庫県,川西市,小戸２丁目１３番８号,6660014
6140001087802,黒川農業生産株式会社,兵庫県,川西市,平野３丁目１７番６号サンライズ明研２階,6660121
6140001089583,株式会社ニード,兵庫県,川西市,花屋敷１丁目５番１６号,6660035
6140001090062,株式会社ハットシーアイ,兵庫県,川西市,新田２丁目２０番１３号,6660125
6140001090178,株式会社精肉店みきや,兵庫県,川西市,大和西４丁目３番地の１２,6660112
6140001090194,フジイ興産ビルマネジメント株式会社,兵庫県,川西市,中央町７番１８号,6660016
6140001090599,株式会社オージス,兵庫県,川西市,出在家町１２番２号,6660011
6140001090896,株式会社Ｄ．Ｆ．Ｇ,兵庫県,川西市,小花１丁目２１番１４号ＬＯＨＡＵＳｂｌｄ,6660015
6140001092728,城見緑化株式会社,兵庫県,川西市,清和台西３丁目１番地の４４、４０１,6660143
6140001092819,株式会社さくら,兵庫県,川西市,多田院１丁目９番８号,6660126
6140001093156,株式会社ＷａｎＳｔｅｐ,兵庫県,川西市,栄町５番２５号花屋敷ハイツＡ,6660033
6140001093791,株式会社ＨＩＲＯ不動産,兵庫県,川西市,中央町２０番１２号,6660016
6140001093809,株式会社アンチェイン,兵庫県,川西市,大和東１丁目９９番１２号,6660111
6140001093932,サンベクトル株式会社,兵庫県,川西市,けやき坂３丁目４６番地の１２,6660145
6140001094047,株式会社エフケイビット,兵庫県,川西市,大和西５丁目２３番地の３,6660112
6140001094518,株式会社政通メイクネットアイデア,兵庫県,川西市,絹延町２番１２号,6660012
6140001094889,株式会社アンビネント,兵庫県,川西市,小戸２丁目５番１２号ミツワ小戸ビル５０１,6660014
6140001094971,株式会社コーエイグリーン,兵庫県,川西市,久代１丁目２５番２８号,6660024
6140001095103,株式会社Ａｎｅｍｏｎｅ,兵庫県,川西市,西畦野２丁目１２番２０号,6660155
6140001095276,株式会社吉岡美術,兵庫県,川西市,火打１丁目２１番２６号,6660017
6140001095978,株式会社ココファースト,兵庫県,川西市,清和台東５丁目３番地の６６,6660142
6140001096002,株式会社フエタ・リアルターズ,兵庫県,川西市,美山台３丁目１番１９号,6660151
6140001096101,川西市スポーツ・ウェルネス株式会社,兵庫県,川西市,中央町７番１８号,6660016
6140001096217,株式会社ＳＨＯＰ　ＥＡＳＹ,兵庫県,川西市,大和西２丁目３番地の１０,6660112
6140001096571,株式会社さかな丸コーポレーション,兵庫県,川西市,清和台東４丁目４番地の８４,6660142
6140001096786,フローリッシュ住宅株式会社,兵庫県,川西市,新田１丁目１３番１２号,6660125
6140001097280,株式会社タナベパックス,兵庫県,川西市,西多田２丁目２７番２０号,6660138
6140001098130,株式会社熊井工務店,兵庫県,川西市,錦松台９番２号,6660135
6140001098246,株式会社ＣＲＯＶＥＲ,兵庫県,川西市,南花屋敷２丁目１１番３号,6660026
6140001099269,株式会社サニーエステイト,兵庫県,川西市,小戸３丁目１５番１４号,6660014
6140001099467,株式会社エルディサポート,兵庫県,川西市,小花１丁目６番２１号,6660015
6140001099616,株式会社Ｎ＆Ｈ,兵庫県,川西市,花屋敷１丁目２２番２号,6660035
6140001100837,Ｏ−ｎｅｔ株式会社,兵庫県,川西市,大和東１丁目１４番地の１０,6660111
6140001101117,株式会社和進道,兵庫県,川西市,向陽台３丁目１−６,6660115
6140001101249,株式会社エデュガルエステート,兵庫県,川西市,小戸１丁目８番１２号,6660014
6140001101637,株式会社金井建装,兵庫県,川西市,久代３丁目１７番２４号,6660024
6140001101843,アーバン不動産販売株式会社,兵庫県,川西市,小戸２丁目６番１１号,6660014
6140001102032,株式会社岡本設備,兵庫県,川西市,向陽台３丁目８番地の１２０,6660115
6140001102197,株式会社千代田ホールディングス,兵庫県,川西市,東久代１丁目２番２号,6660023
6140001102866,アシュニット工房株式会社,兵庫県,川西市,清和台東５丁目３番地の８９,6660142
6140001103220,株式会社ミウラ総合企画プランニング,兵庫県,川西市,平野１丁目２６番１３号,6660121
6140001103889,日本麗明テック株式会社,兵庫県,川西市,美山台３丁目４番地の５９,6660151
6140001104466,株式会社田岡工務店,兵庫県,川西市,加茂４丁目７番３−３号,6660025
6140001104994,株式会社Ｆｉｇｕｅ,兵庫県,川西市,小戸２丁目４番１９号１階,6660014
6140001105596,株式会社プレシャス,兵庫県,川西市,平野２丁目１７番５号１０１,6660121
6140001105662,株式会社友塾,兵庫県,川西市,水明台１丁目１番地の１７０,6660116
6140001106173,株式会社Ｃｒｅａｔｅ　Ｆｕｔｕｒｅ,兵庫県,川西市,加茂３丁目１番６号,6660025
6140001106504,株式会社ＦＡＭＩＬＩＡＲ,兵庫県,川西市,水明台４丁目４番３８号,6660116
6140001107320,株式会社お店ごっこ,兵庫県,川西市,加茂４丁目３番１３号,6660025
6140001109077,株式会社Ｂｅｓｔ−Ｓｍｉｌｅ,兵庫県,川西市,平野１丁目４番１,6660121
6140001109374,株式会社荒木,兵庫県,川西市,栄根２丁目１９番１１号,6660021
6140001111586,株式会社グッドフェイス,兵庫県,川西市,緑台７丁目８番地の８、２０８,6660129
6140001112907,株式会社ＣＲＥＡＮＯＶＡ,兵庫県,川西市,清和台西４丁目４番地の１５３,6660143
6140001113145,株式会社八＿・Ｒｅ・ホームスタイル,兵庫県,川西市,緑台１丁目３番１３号,6660129
6140001113533,木森株式会社,兵庫県,川西市,久代１丁目１２番１５号,6660024
6140001113657,株式会社ＮＫＭ,兵庫県,川西市,平野２丁目３０番１１号,6660121
6140001113970,株式会社ＫＮｉｉｉＺ,兵庫県,川西市,寺畑２丁目３番７号,6660034
6140001114003,株式会社紘侑会,兵庫県,川西市,平野１丁目２５番１０号,6660121
6140001114746,株式会社馬場製作所,兵庫県,川西市,矢問２丁目６番２７号,6660131
6140001115216,ＣＳＣ建設サービス株式会社,兵庫県,川西市,花屋敷山手町１４番２号,6660036
6140001116321,株式会社ＩＬＵＭＩＮＡＲ,兵庫県,川西市,一庫３丁目１番６号,6660153
6140001116809,株式会社ＫＹＵＴＯ,兵庫県,川西市,小戸３丁目１９番５５号,6660014
6140001117154,株式会社ｍｘｉ,兵庫県,川西市,久代１丁目６番４号,6660024
6140001117393,アスミ工業株式会社,兵庫県,川西市,東久代２丁目１１番２１号,6660023
6140001118978,株式会社山本屋,兵庫県,川西市,絹延町４番１５号,6660012
6140001120521,株式会社ネクスト,兵庫県,川西市,多田院２丁目１９番３４号１０２,6660126
6140001121676,株式会社プレイス,兵庫県,川西市,美園町１番３号,6660013
6140001121783,株式会社ＦＩＮＥ　ＡＤＪＵＳＴ,兵庫県,川西市,緑台３丁目２番地の７６,6660129
6140001122492,株式会社マサキ工業,兵庫県,川西市,清和台西４丁目１番地の２５,6660143
6140001123235,株式会社Ｍａ．Ｌｉｂｒｅ,兵庫県,川西市,見野１丁目１６−１６−３,6660105
6140001123557,株式会社トリプルエイト,兵庫県,川西市,中央町３−２,6660016
6140001123870,株式会社松井電気,兵庫県,川西市,緑台６丁目２番地の６,6660129
6140001123912,株式会社ＳＹ’ｓＤ,兵庫県,川西市,見野２丁目１４番１１号サンライズ明研Ｖ,6660105
6140001124308,株式会社ＴＲＹ,兵庫県,川西市,水明台２丁目２番１０号,6660116
6140001124407,株式会社ビーマウント,兵庫県,川西市,矢問２丁目５番３０号,6660131
6140001124456,株式会社エステック,兵庫県,川西市,一庫２丁目２番２７−２号,6660153
6140001124712,株式会社Ｈｏｎｅｓｔ,兵庫県,川西市,石道２番地,6660156
6140001124729,株式会社川西敦史建築設計事務所,兵庫県,川西市,栄町１０番地５号パルティ川西９０８,6660033
6140001124778,株式会社ＭＴＵ,兵庫県,川西市,矢問１丁目１７番９号,6660131
6140001124794,株式会社ｙｏｕ,兵庫県,川西市,小花２丁目７番１−１０９号,6660015
6140001126155,株式会社マノンＡＨ,兵庫県,川西市,緑台１丁目１番地の４８,6660129
6140001127285,冨士樹脂化工株式会社,兵庫県,川西市,小花２丁目２２番１１号,6660015
6140001127293,株式会社虎丸,兵庫県,川西市,けやき坂５丁目６番地の４２,6660145
6140001128110,株式会社カーリボーン,兵庫県,川西市,山下町１９番３号,6660106
6140001128564,株式会社千戸,兵庫県,川西市,南花屋敷２丁目３番６号,6660026
6140001129736,株式会社野木工業,兵庫県,川西市,小花１丁目９番１号,6660015
6140001130306,株式会社エスジーケー,兵庫県,川西市,美園町５番１０号,6660013
6140001130413,エスマネジメント株式会社,兵庫県,川西市,久代４丁目３番１０号ＳＳＧＰＫＡＷＡＮＩＳＨＩ２０８,6660024
6140001130421,株式会社ダブルビー,兵庫県,川西市,下加茂１丁目２９番４号,6660022
6140001130504,カシマ瓦工業株式会社,兵庫県,川西市,多田桜木２丁目３番２１号ステップビル２０１号,6660124
6140001130776,株式会社トトロエコンサルティング,兵庫県,川西市,寺畑２丁目４番１０−３０８号,6660034
6140001131015,株式会社ケアナース大阪,兵庫県,川西市,中央町６番１２号１Ｆ,6660016
6140001132558,株式会社アーキテクチャー雅,兵庫県,川西市,鼓が滝２丁目１１番６号,6660123
6140001132830,株式会社皇雅,兵庫県,川西市,多田桜木２丁目６番１８号,6660124
6140001133457,株式会社森田アセット,兵庫県,川西市,一庫１丁目２番６号,6660153
6140001133878,心のたね株式会社,兵庫県,川西市,花屋敷１丁目２１番１２−１６号,6660035
6140001133977,株式会社Ａｐｅｌ,兵庫県,川西市,向陽台３丁目３番地の５０,6660115
6140001134158,株式会社ｌｅｇｇｉｅｒｏ,兵庫県,川西市,栄町６番６−３０２号,6660033
6140001134892,成創株式会社,兵庫県,川西市,栄町１１−３−１１８,6660033
6140001134975,株式会社ＫＯＦ,兵庫県,川西市,栄町２５−１−１０７,6660033
6140001135123,株式会社ＴＤＩ,兵庫県,川西市,東久代２丁目１１番２０号,6660023
6140001135288,株式会社創美社,兵庫県,川西市,けやき坂４丁目２３番地の５,6660145
6140001135370,株式会社ＡＫ会計企画,兵庫県,川西市,花屋敷１丁目７番３号,6660035
6140001135882,株式会社ＫＩＲＡＲＩ,兵庫県,川西市,小花１丁目１２番４号,6660015
6140001136344,株式会社リヘイコンツェルン,兵庫県,川西市,東畦野４丁目１番１４号,6660117
6140001136393,株式会社Ｌｉｌｌｙ,兵庫県,川西市,火打２丁目１３番１９−１号,6660017
6140001136682,株式会社ｎｏｒｎ,兵庫県,川西市,鴬台２丁目１番地の１０１,6660133
6140001137350,株式会社エスティエンジニアリング,兵庫県,川西市,東多田２丁目２４番２１号,6660122
6140001137549,株式会社ＩＡＰマネージメント,兵庫県,川西市,新田３丁目１６番１６号,6660125
6140001137623,株式会社ＫＭＧ,兵庫県,川西市,湯山台１丁目１番地の８,6660137
6140001137672,株式会社Ｃｅｌｋｉａ,兵庫県,川西市,けやき坂３丁目１２−１０,6660145
6140001138068,株式会社ファイブローバー,兵庫県,川西市,向陽台３丁目６番地の２１６,6660115
6140001138134,株式会社あしなが,兵庫県,川西市,滝山町１１番６号,6660002
6140001138217,株式会社Ｄ．ＨＯＬＤＩＮＧＳ,兵庫県,川西市,丸山台１丁目４−３花咲く丘の町Ｃ−９０１,6660152
6140001138522,株式会社ＫＯＴＡＴＵ,兵庫県,川西市,見野２丁目２８番３−２号,6660105
6140001138761,株式会社ＤＯＣＳ,兵庫県,川西市,見野２丁目３３番１５号,6660105
6140001138877,株式会社ＣＡＲ　ＣＲＡＦＴ　ＫＡＺ,兵庫県,川西市,けやき坂４丁目９番地の３,6660145
6140001139545,株式会社ＪＦラボ,兵庫県,川西市,新田２丁目１番１２号,6660125
6140001139768,ＳＫクリエイト株式会社,兵庫県,川西市,錦松台５番６−２号,6660135
6140001140131,株式会社セールスライン,兵庫県,川西市,丸山台２丁目１番地の４９,6660152
6140001141105,株式会社ランドロード,兵庫県,川西市,けやき坂４丁目１２番地の８,6660145
6140001141261,国津商事株式会社,兵庫県,川西市,一庫２丁目８番１４号,6660153
6140001141823,イワオ不動産株式会社,兵庫県,川西市,平野３丁目２番５号,6660121
6140001141963,株式会社オーエムオー,兵庫県,川西市,栄根２丁目６−７、ＳＫビル・ルミネックス川西８階,6660021
6140001142078,株式会社ＺｔｏＮ,兵庫県,川西市,小戸２丁目２番２１号,6660014
6140002064718,株式会社はーとふる,兵庫県,川西市,出在家町１番６号,6660011
6140002065162,株式会社セイコー・コーポレーション,兵庫県,川西市,火打１丁目１番７−１２号,6660017
6140003014647,株式会社ｓｔｙｌｅ‐Ａ,兵庫県,川西市,美園町９番６−２号,6660013
6140003015430,株式会社てんとう虫,兵庫県,川西市,鼓が滝１丁目２番２５号,6660123
6370001023081,株式会社ビクトリアホーム,兵庫県,川西市,東畦野４丁目３番８号,6660117
7011001106992,ＬＳＧ株式会社,兵庫県,川西市,東畦野５丁目８番１８号,6660117
7012401022838,株式会社Ａ．Ｋ．Ｉ．２２,兵庫県,川西市,丸山台２丁目２番地の１０８,6660152
7120001043905,松美堂印刷株式会社,兵庫県,川西市,美山台１丁目１番５６号,6660151
7120001104203,株式会社アルゾ,兵庫県,川西市,多田桜木１丁目４番２３号桜木イーストビル２階２Ａ号室,6660124
7120001154801,株式会社ＯＮＬＹ　ＯＮＥ,兵庫県,川西市,小戸２丁目４番１号,6660014
7120001163876,勝驤貿易株式会社,兵庫県,川西市,小花２丁目１１番２５号コーポラスユニ２０１号室,6660015
7120001179195,株式会社システーマ,兵庫県,川西市,見野２丁目１１番２１号,6660105
7120001182645,株式会社Ｓ，Ｋ,兵庫県,川西市,花屋敷１丁目３０番１３号,6660035
7120001242077,株式会社ニニ,兵庫県,川西市,火打１丁目１番７−２−８０１,6660017
7120001246185,株式会社ＢＲＡＩＮ,兵庫県,川西市,萩原１丁目１番５４号,6660004
7120101067787,株式会社ＶＥＳＴＡＲＣＨ,兵庫県,川西市,清和台東１丁目２番地の５２,6660142
7120901022339,チェンジ株式会社,兵庫県,川西市,栄町２７番２−１０９,6660033
7120901023824,株式会社産興,兵庫県,川西市,萩原台西３丁目２１０番地,6660006
7120901030011,株式会社カンサイメンブレンシステムズ,兵庫県,川西市,東久代２丁目９番１８号,6660023
7120901041421,株式会社いくほ,兵庫県,川西市,栄町１０番１−２０６号,6660033
7120901048904,株式会社Ｃｒｅａｔｉｖｅ　Ｉｎｎｏｖａｔｉｏｎ,兵庫県,川西市,下加茂１丁目２６番１８号,6660022
7120902019301,株式会社ケイファクトアール,兵庫県,川西市,花屋敷１丁目４番６号ＹＵＧＩビル２Ｆ,6660035
7140001015241,株式会社トータルプラン,兵庫県,川西市,中央町８番８号,6660016
7140001075112,株式会社ヴェロックス,兵庫県,川西市,大和東４丁目１４番地の１,6660111
7140001079121,高分子印刷株式会社,兵庫県,川西市,東久代２丁目１２番２号,6660023
7140001079146,株式会社池下組,兵庫県,川西市,寺畑２丁目３番７号,6660034
7140001079154,伊丹精密株式会社,兵庫県,川西市,東久代２丁目９番６号,6660023
7140001079170,株式会社う越秀,兵庫県,川西市,中央町１０番２号,6660016
7140001079179,株式会社永祥,兵庫県,川西市,加茂６丁目１２５番地１,6660025
7140001079187,江角工務設計株式会社,兵庫県,川西市,栄根２丁目２０番１６号,6660021
7140001079195,株式会社エル・テール,兵庫県,川西市,加茂６丁目１０８番地４,6660025
7140001079204,大西電気株式会社,兵庫県,川西市,小花１丁目２番２号,6660015
7140001079212,株式会社岡田建築,兵庫県,川西市,小花２丁目８番１３号,6660015
7140001079229,鍵本産業株式会社,兵庫県,川西市,久代１丁目５番１１号,6660024
7140001079237,株式会社加治工務店,兵庫県,川西市,萩原台西２丁目１２５番地,6660006
7140001079245,株式会社カネトウ金物店,兵庫県,川西市,見野３丁目１７番５７号,6660105
7140001079253,川西航空機器工業株式会社,兵庫県,川西市,下加茂２丁目１番６号,6660022
7140001079261,株式会社サンエイクリエイト,兵庫県,川西市,西多田２丁目２番８号,6660138
7140001079286,株式会社キューブ,兵庫県,川西市,東久代１丁目１１番５号,6660023
7140001079294,株式会社グートンライフ,兵庫県,川西市,緑台３丁目５番地６３,6660129
7140001079303,慶賀堂商事株式会社,兵庫県,川西市,栄町１４番１７号,6660033
7140001079328,五陽興産株式会社,兵庫県,川西市,平野１丁目５番８号,6660121
7140001079336,三興機工株式会社,兵庫県,川西市,矢問３丁目２２番５号,6660131
7140001079344,株式会社三協技建,兵庫県,川西市,中央町６番１１号,6660016
7140001079352,株式会社サンテック,兵庫県,川西市,東久代２丁目９番１７号,6660023
7140001079369,株式会社ジェイシステム,兵庫県,川西市,加茂６丁目１２４番地１,6660025
7140001079377,重冨建設株式会社,兵庫県,川西市,滝山町１４番７号,6660002
7140001079385,嶋崎建設株式会社,兵庫県,川西市,下加茂１丁目２４番２３号,6660022
7140001079402,株式会社シャロン,兵庫県,川西市,出在家町１８番２２号,6660011
7140001079410,株式会社すなはら,兵庫県,川西市,平野３丁目２０番１２号,6660121
7140001079419,スリーファイブシステム株式会社,兵庫県,川西市,水明台４丁目２番地の５３,6660116
7140001079435,大興建設株式会社,兵庫県,川西市,栄町４番９号,6660033
7140001079443,株式会社大東,兵庫県,川西市,西畦野２丁目１３番２６号,6660155
7140001079468,株式会社ダスキン川西,兵庫県,川西市,加茂２丁目４番２１号,6660025
7140001079476,株式会社谷本設備,兵庫県,川西市,加茂１丁目１６番１０号,6660025
7140001079492,株式会社ツヤマ,兵庫県,川西市,新田１丁目１番７号,6660125
7140001079518,株式会社トルネス,兵庫県,川西市,加茂６丁目１０２番地の１,6660025
7140001079526,株式会社中田,兵庫県,川西市,出在家町７番１８号,6660011
7140001079550,株式会社日創,兵庫県,川西市,向陽台３丁目３番地の７２,6660115
7140001079559,日本精密機械工作株式会社,兵庫県,川西市,小花２丁目２７番２２号,6660015
7140001079567,能勢工業株式会社,兵庫県,川西市,向陽台１丁目５番地の７８,6660115
7140001079575,ハード住建株式会社,兵庫県,川西市,加茂３丁目８番５号,6660025
7140001079583,株式会社橋本商会,兵庫県,川西市,東畦野１丁目２２番５号,6660117
7140001079591,株式会社パルス,兵庫県,川西市,東久代２丁目８番１８号,6660023
7140001079600,一庫開発株式会社,兵庫県,川西市,横路字峠６番地,6660102
7140001079609,株式会社福田組,兵庫県,川西市,西多田１丁目２８番３１号,6660138
7140001079617,富士産業株式会社,兵庫県,川西市,下加茂１丁目１４番６号,6660022
7140001079625,二美産業株式会社,兵庫県,川西市,鼓が滝３丁目１０番１７号,6660123
7140001079633,プラスワンケアサポート株式会社,兵庫県,川西市,栄町２５番１号アステ川西５階,6660033
7140001079641,北摂運輸株式会社,兵庫県,川西市,火打１丁目１番４号,6660017
7140001079658,誠建設設計株式会社,兵庫県,川西市,平野３丁目２番５号イワオビル７番館３階,6660121
7140001079666,株式会社松本組,兵庫県,川西市,久代２丁目５番１５号−Ｃ,6660024
7140001079674,丸味昆布食品株式会社,兵庫県,川西市,鴬が丘８番地の８,6660007
7140001079682,株式会社溝口工業,兵庫県,川西市,東久代１丁目６番２６号,6660023
7140001079690,株式会社ミツワサービス,兵庫県,川西市,久代１丁目１３番１７号,6660024
7140001079708,明大産業株式会社,兵庫県,川西市,小花１丁目８番１号,6660015
7140001079724,株式会社山之内工務店,兵庫県,川西市,中央町１５番５号,6660016
7140001079740,米田住宅リフォーム株式会社,兵庫県,川西市,見野３丁目８番２４号米田第２ビル１０Ｅ号室,6660105
7140001079848,株式会社バウハウス,兵庫県,川西市,萩原台東２丁目１８２番地の１５,6660005
7140001079864,秋元電機株式会社,兵庫県,川西市,清和台東４丁目２番地の６８,6660142
7140001079897,株式会社ミツワ保険サービス,兵庫県,川西市,久代１丁目８番３３号,6660024
7140001079906,株式会社ラディカル,兵庫県,川西市,加茂６丁目１０２番地３,6660025
7140001079914,光明株式会社,兵庫県,川西市,清和台東５丁目１番１４号,6660142
7140001079922,ティエムホーム株式会社,兵庫県,川西市,鼓が滝１丁目４番２号,6660123
7140001079947,平尾殖産株式会社,兵庫県,川西市,小戸２丁目１６番１３号,6660014
7140001079955,株式会社プロ・ケアー,兵庫県,川西市,丸山台１丁目４番地の３（Ａ−７０４）,6660152
7140001079963,株式会社エム・アール・トゥー,兵庫県,川西市,大和東１丁目５９番地の１,6660111
7140001079988,株式会社創和グリーン,兵庫県,川西市,鴬の森町１番６１号,6660001
7140001080021,東通株式会社,兵庫県,川西市,満願寺町１１番１６号,6650891
7140001080054,株式会社菜果コーポレーション,兵庫県,川西市,西多田１丁目５番２２号,6660138
7140001080062,サンチップ販売株式会社,兵庫県,川西市,山原１丁目１１番５号,6660154
7140001080087,株式会社小寺製作所,兵庫県,川西市,加茂３丁目１５番８号,6660025
7140001080112,株式会社ＭＤＲ,兵庫県,川西市,多田桜木２丁目１番２１号,6660124
7140001080120,ルビア株式会社,兵庫県,川西市,花屋敷２丁目２番１１−３０９号,6660035
7140001080137,福田総合建設株式会社,兵庫県,川西市,矢問３丁目１３番１号,6660131
7140001080327,株式会社マッシーモリタ,兵庫県,川西市,けやき坂３丁目７番地の６,6660145
7140001080335,株式会社柾工務店,兵庫県,川西市,小花２丁目７番シャンテ川西３号棟１０７号室,6660015
7140001080368,株式会社くにともオフィス,兵庫県,川西市,東多田３丁目１番６−５０５号,6660122
7140001080376,アーウィンジャパン株式会社,兵庫県,川西市,花屋敷１丁目４番７号,6660035
7140001080401,タカハラコーポレーション株式会社,兵庫県,川西市,滝山町１２番１３号,6660002
7140001080467,ビーツーシー株式会社,兵庫県,川西市,錦松台１９番８号,6660135
7140001080491,株式会社アイテック,兵庫県,川西市,大和東２丁目１２番地の１,6660111
7140001080500,株式会社ウィズ,兵庫県,川西市,東畦野山手１丁目１６番２号,6660114
7140001080509,株式会社アモール,兵庫県,川西市,絹延町３番２７号,6660012
7140001080541,株式会社コスモスグリーン,兵庫県,川西市,東多田２丁目３０番１０号,6660122
7140001080566,株式会社インブルーム,兵庫県,川西市,平野２丁目２０番３３号,6660121
7140001080582,株式会社善,兵庫県,川西市,加茂２丁目４番２１号,6660025
7140001080616,株式会社中西建設,兵庫県,川西市,けやき坂２丁目８番地の１,6660145
7140001080632,株式会社再開発研究所,兵庫県,川西市,緑が丘１丁目２８番３号,6660157
7140001080640,株式会社フューチャー・ビジョン,兵庫県,川西市,南花屋敷４丁目３−１８,6660026
7140001080665,株式会社モコハウス,兵庫県,川西市,中央町１８番２１号,6660016
7140001080681,株式会社ハイパーワークス,兵庫県,川西市,東畦野１丁目９番７号増田ビル４Ｆ,6660117
7140001080698,株式会社プチフラワー,兵庫県,川西市,緑台１丁目１番１４号,6660129
7140001080715,株式会社エバーアフター,兵庫県,川西市,久代４丁目６番１号,6660024
7140001080764,株式会社ニューフィールド,兵庫県,川西市,栄町一丁目１３番地,6660033
7140001080830,株式会社バナナキャリア,兵庫県,川西市,東多田３丁目５−５ジオ川西多田ブライトサイト１１０７,6660122
7140001080839,株式会社エトワールプロジェクト,兵庫県,川西市,美園町４番２４−５０１号,6660013
7140001080871,株式会社シーエス,兵庫県,川西市,矢問２丁目３番２８号,6660131
7140001080888,株式会社プログレス,兵庫県,川西市,出在家町１２番６号,6660011
7140001080905,株式会社アスカエコテック,兵庫県,川西市,萩原台西１丁目３８１番地,6660006
7140001080913,株式会社エーペック,兵庫県,川西市,小花２丁目７番５−１５０５号,6660015
7140001080954,株式会社ＦＣネットワーク,兵庫県,川西市,鴬台１丁目２２番地の８,6660133
7140001081003,株式会社かをる,兵庫県,川西市,見野２丁目５番１１号,6660105
7140001081011,株式会社エム・エー経営情報開発,兵庫県,川西市,大和東５丁目１１番地の９,6660111
7140001081028,株式会社エーテル,兵庫県,川西市,向陽台３丁目３番３２号,6660115
7140001081060,株式会社ワールドエキスパート,兵庫県,川西市,栄町一丁目１３番地,6660033
7140001081127,株式会社メッサーシュミットクラブ,兵庫県,川西市,小戸２丁目１８番１号,6660014
7140001082315,株式会社ヒラタ,兵庫県,川西市,清和台西４丁目４番地の１３２,6660143
7140001082661,株式会社エヌアンドケイ,兵庫県,川西市,寺畑２丁目９番１６−１号,6660034
7140001083008,株式会社ナニワ,兵庫県,川西市,東久代２丁目１番１号,6660023
7140001083073,中西機械工業株式会社,兵庫県,川西市,鼓が滝３丁目１１番５０号,6660123
7140001083115,株式会社萩原製作所,兵庫県,川西市,萩原台東１丁目２６５番地,6660005
7140001083148,株式会社エーエフ,兵庫県,川西市,大和東１丁目８番地の５,6660111
7140001083263,株式会社高野技研,兵庫県,川西市,矢問３丁目１３番４号,6660131
7140001083321,株式会社トシコーポレーション,兵庫県,川西市,花屋敷１丁目２番１２号２０８,6660035
7140001083429,株式会社岡本商会,兵庫県,川西市,鴬の森町３番１４号,6660001
7140001083494,株式会社シムズグリーン,兵庫県,川西市,水明台３丁目２番地の１３,6660116
7140001083503,株式会社チェリッシュ,兵庫県,川西市,久代４丁目５番１１号,6660024
7140001083610,株式会社ディアランド,兵庫県,川西市,加茂２丁目１６番３２号,6660025
7140001083635,株式会社上村建装,兵庫県,川西市,下加茂１丁目１４番１３号,6660022
7140001083643,Ｐａｔｉｏｎｅｔ株式会社,兵庫県,川西市,美山台２丁目４番地の４５,6660151
7140001083800,株式会社アイルワン,兵庫県,川西市,丸山台１丁目４番地の３,6660152
7140001083833,株式会社ささき,兵庫県,川西市,加茂２丁目１２番４号,6660025
7140001084055,株式会社イケテルコーポレーション,兵庫県,川西市,花屋敷山手町１３番２２号,6660036
7140001084071,株式会社ヨシナガ,兵庫県,川西市,多田桜木２丁目１番２９号サクラリアヨシナガ,6660124
7140001084113,株式会社Ｒ＆Ｅ,兵庫県,川西市,出在家町１３番８号メゾン岸本１０２号室,6660011
7140001084385,木下和裁株式会社,兵庫県,川西市,寺畑２丁目１２番４号,6660034
7140001084393,株式会社Ｋ・ｔｒｕｓｔ,兵庫県,川西市,久代３丁目２５番２５号,6660024
7140001084402,株式会社Ｈ＆Ｉ,兵庫県,川西市,東畦野６丁目６番８号,6660117
7140001084443,久徳技研工業株式会社,兵庫県,川西市,久代１丁目１５番２号,6660024
7140001084451,豊嶋運送関西株式会社,兵庫県,川西市,久代３丁目１３１番地の３,6660024
7140001084468,株式会社ザ・カーズ,兵庫県,川西市,平野２丁目８番２５号,6660121
7140001084518,株式会社ワイズ建設,兵庫県,川西市,久代６丁目２番２−５０１号,6660024
7140001086423,株式会社谷井水道工業所,兵庫県,川西市,寺畑１丁目１０番２３号,6660034
7140001086794,株式会社慶治,兵庫県,川西市,けやき坂２丁目７０番地の１４,6660145
7140001087000,株式会社ＳＳＳ,兵庫県,川西市,小戸２丁目２番６号,6660014
7140001087388,株式会社フォレスタ,兵庫県,川西市,花屋敷山手町６番８号,6660036
7140001087504,アイ総合ライフ株式会社,兵庫県,川西市,鼓が滝１丁目２番９号,6660123
7140001087693,株式会社オフィチーナ,兵庫県,川西市,出在家町３番１４号,6660011
7140001088345,株式会社ＷｉｎｇＵｐ,兵庫県,川西市,新田１丁目２番１６号,6660125
7140001089021,株式会社ＳＵＮＢＥＬＬ,兵庫県,川西市,新田１丁目２番１６号,6660125
7140001089319,入江電機株式会社,兵庫県,川西市,加茂４丁目４番１９号,6660025
7140001089384,株式会社三崎不動産,兵庫県,川西市,久代５丁目５番２６号,6660024
7140001090318,株式会社アヴァン,兵庫県,川西市,新田３丁目２１番１５号,6660125
7140001091299,株式会社安田工務店,兵庫県,川西市,火打１丁目２１番３号,6660017
7140001091976,株式会社ワークトラスト,兵庫県,川西市,西多田１丁目１５番８号,6660138
7140001092149,株式会社一櫻,兵庫県,川西市,栄根２丁目１４番８号,6660021
7140001093477,株式会社ダイテック,兵庫県,川西市,中央町１７−２５−１,6660016
7140001093790,株式会社マルセイ,兵庫県,川西市,加茂６丁目８５番地の９,6660025
7140001094054,アイ・ネクト株式会社,兵庫県,川西市,丸山台１丁目４番地の３Ａ−７０６,6660152
7140001094293,株式会社ティーハンズ,兵庫県,川西市,美山台１丁目３番地の５２,6660151
7140001095366,角丸建物株式会社,兵庫県,川西市,萩原台西３丁目１１０番地,6660006
7140001095787,たいせい住宅サービス株式会社,兵庫県,川西市,小花２丁目１０番２号プライムコート川西,6660015
7140001097263,株式会社ＡＣＥ　ＢＲＡＩＮ,兵庫県,川西市,小花２丁目１１−２６−３０１,6660015
7140001097536,株式会社タニ建,兵庫県,川西市,東多田３丁目２０番１６−１８号,6660122
7140001098047,株式会社ファスト,兵庫県,川西市,加茂３丁目４番８号,6660025
7140001098402,たいせい住宅販売株式会社,兵庫県,川西市,栄町１０番５号パルティ川西１０３,6660033
7140001098947,株式会社Ｆ．Ｌ．Ｃ,兵庫県,川西市,久代１丁目５−６,6660024
7140001099061,株式会社中井組,兵庫県,川西市,小花１丁目１５番５−３号,6660015
7140001099235,株式会社西薗製作所,兵庫県,川西市,東久代２丁目３番４２号,6660023
7140001099342,株式会社Ｔｈｅ　ＣＯＮＣＥＰＴ　ＴＲＥＥ,兵庫県,川西市,花屋敷山手町２−１１,6660036
7140001102948,株式会社ゆずりあい,兵庫県,川西市,丸の内町９番１３−１９号,6660003
7140001103517,株式会社トミマル興産,兵庫県,川西市,新田３丁目２０番１１号,6660125
7140001104928,株式会社土と空,兵庫県,川西市,火打１丁目２番１号,6660017
7140001105769,株式会社向日葵,兵庫県,川西市,東久代２丁目１２番６号,6660023
7140001106239,株式会社ＧＯＬＦ　ＮＥＯ,兵庫県,川西市,平野３丁目２番２号Ｂ１階−２,6660121
7140001107138,ヒロタヒロ株式会社,兵庫県,川西市,大和東５丁目４９番地の１３,6660111
7140001107740,株式会社チャプターウエストカンパニー,兵庫県,川西市,小戸２丁目７番１６号,6660014
7140001108318,株式会社ライト,兵庫県,川西市,鼓が滝１丁目２番２３号豊田ビル２,6660123
7140001108771,オーシャン商事株式会社,兵庫県,川西市,下加茂１丁目１３番４号,6660022
7140001109778,株式会社ＫＪライフエス,兵庫県,川西市,小花２丁目９番２号,6660015
7140001110414,株式会社ユノカワ,兵庫県,川西市,加茂２丁目２０番２１号,6660025
7140001110570,株式会社ハピタイズ,兵庫県,川西市,鼓が滝３丁目３番１２号,6660123
7140001112451,佐藤電気工事株式会社,兵庫県,川西市,大和東５丁目２０番地の１２,6660111
7140001112856,株式会社ビコーデザイン,兵庫県,川西市,萩原３丁目４番８号,6660004
7140001113020,ダイワテレコム株式会社,兵庫県,川西市,清和台西３丁目４番地の６７,6660143
7140001113243,株式会社ニュートン,兵庫県,川西市,多田桜木２丁目１１番３８号,6660124
7140001113904,株式会社朝日外工,兵庫県,川西市,西多田１丁目２７番地,6660138
7140001114596,株式会社ヘルスエナジー,兵庫県,川西市,中央町３番３号,6660016
7140001115248,株式会社Ｆｉｒｓｔ　Ｂｒｉｄｇｅ,兵庫県,川西市,東畦野２丁目２番７−４０３号,6660117
7140001115553,株式会社春山組,兵庫県,川西市,美園町３番２８号,6660013
7140001116007,株式会社井政,兵庫県,川西市,久代１丁目２１番４号,6660024
7140001116460,株式会社Ｓ．Ｒ．Ｈ,兵庫県,川西市,松が丘町１６番１２号,6660037
7140001117673,株式会社令和,兵庫県,川西市,水明台２丁目６番地の２７,6660116
7140001118449,株式会社暁創造,兵庫県,川西市,緑が丘２丁目１０番６号,6660157
7140001118878,株式会社ＴＰＬＵＳ,兵庫県,川西市,緑台２丁目１番地の５０,6660129
7140001119018,株式会社サン・クオリティ商会,兵庫県,川西市,清和台西４丁目１番地の３０,6660143
7140001120355,株式会社コウイチ,兵庫県,川西市,花屋敷１丁目８−１,6660035
7140001120702,株式会社伊木工務店,兵庫県,川西市,緑が丘１丁目２４番１５号,6660157
7140001122418,株式会社ｔｔｐカンパニー,兵庫県,川西市,加茂２丁目１３番４号,6660025
7140001122995,株式会社健幸ＰＬＵＳ,兵庫県,川西市,出在家町１番６号,6660011
7140001123366,株式会社ＮＡＲＩＳ,兵庫県,川西市,向陽台３丁目２番地の８０,6660115
7140001123382,株式会社Ｋｅｎｊｉｎ,兵庫県,川西市,南花屋敷４丁目１４番７号,6660026
7140001124629,ハクエイビルド株式会社,兵庫県,川西市,清和台東２丁目４番地の１４、２１０,6660142
7140001124661,プレミアムスター株式会社,兵庫県,川西市,久代４丁目２番６４号,6660024
7140001124810,株式会社あさの文具,兵庫県,川西市,小花１丁目９番１号,6660015
7140001124959,株式会社清和不動産,兵庫県,川西市,緑台３丁目２番地５５,6660129
7140001125156,株式会社Ｒｅｂｏｒｎ,兵庫県,川西市,東畦野１丁目２９番８号,6660117
7140001125577,株式会社なかよし,兵庫県,川西市,火打２丁目９番１２号,6660017
7140001126352,株式会社北極星の見つけ方,兵庫県,川西市,松が丘町９番８号,6660037
7140001126377,株式会社マイハウスアイデアズ,兵庫県,川西市,小花１丁目９番１号,6660015
7140001126501,丹海株式会社,兵庫県,川西市,栄根１丁目７−１３−３０１号室,6660021
7140001126708,株式会社ハートフルハーモニー,兵庫県,川西市,清和台東３丁目２番地の２,6660142
7140001128381,株式会社Ｔａｋｉｏ,兵庫県,川西市,一庫２丁目１１番２号,6660153
7140001128670,株式会社川西麺業,兵庫県,川西市,栄町２５番１号アステ川西２０４,6660033
7140001129140,株式会社オリーブコーポレーション,兵庫県,川西市,中央町１３番２４号,6660016
7140001129470,株式会社Ｋスタイルオート,兵庫県,川西市,多田院西２丁目４−６,6660128
7140001130445,株式会社エヌファシリティーズ,兵庫県,川西市,東多田２丁目３０−２３,6660122
7140001130593,アイケーユウ株式会社,兵庫県,川西市,東畦野３丁目２番７−６号１０１,6660117
7140001131047,株式会社まごころ,兵庫県,川西市,久代２丁目９番３５号,6660024
7140001131311,株式会社福合,兵庫県,川西市,多田院多田所町１番１号,6660127
7140001131352,株式会社ＫＳＨプラスファーマ,兵庫県,川西市,東畦野２丁目２番７−２０３号,6660117
7140001131889,株式会社洒落,兵庫県,川西市,西多田２丁目２番８号三栄ビル３階,6660138
7140001131996,ＳＥＮＹ株式会社,兵庫県,川西市,出在家町４番２０−２号,6660011
7140001132202,株式会社キーエステート,兵庫県,川西市,清和台西２丁目７番地の３,6660143
7140001132210,株式会社ｓｗｅｌｌ,兵庫県,川西市,東久代２丁目８番３号,6660023
7140001132739,株式会社ＫＵＮＢＩＩＮＯ,兵庫県,川西市,大和西１丁目９９番地の３９,6660112
7140001133489,株式会社孫市,兵庫県,川西市,中央町１９−２,6660016
7140001133547,株式会社ｍａｒｒｙ　ｇｒｏｗ,兵庫県,川西市,鴬の森町９番１２−２号,6660001
7140001133613,株式会社ＳＥＶＥＮ,兵庫県,川西市,出在家町３番１４号,6660011
7140001134322,株式会社ステージアップ,兵庫県,川西市,けやき坂３丁目４５番地の８,6660145
7140001134438,ランドワース設計株式会社,兵庫県,川西市,小花２丁目７番１−１０２号,6660015
7140001134677,株式会社ＴＡＫＥＲＯＯＴ,兵庫県,川西市,清和台西３丁目２番地の６,6660143
7140001134826,Ｋａｎｚｏ　Ｂｉｏｍｅｄｉｃｉｎｅｓ　Ｊａｐａｎ株式会社,兵庫県,川西市,小戸１丁目２番６−１２０６号,6660014
7140001134958,株式会社グロースエステート,兵庫県,川西市,湯山台１丁目３３番地の６,6660137
7140001135502,株式会社ａｎｇｅ,兵庫県,川西市,中央町７−１８−３Ｆ,6660016
7140001135964,株式会社ワイズスクエア,兵庫県,川西市,久代４丁目２−５６,6660024
7140001136987,株式会社永石庭園,兵庫県,川西市,鼓が滝２丁目１３番４４−５号,6660123
7140001137721,株式会社オオシマ,兵庫県,川西市,火打１丁目２番１−１１６号,6660017
7140001137878,白鴎株式会社,兵庫県,川西市,緑が丘１丁目２５番１９号,6660157
7140001138471,株式会社Ｓａｋｕｖｉａ,兵庫県,川西市,満願寺町６番６５号,6650891
7140001138711,株式会社三浦牧場,兵庫県,川西市,見野２丁目１４番２０号,6660105
7140001138835,株式会社如水,兵庫県,川西市,萩原１丁目１７番１０号,6660004
7140001139569,博創株式会社,兵庫県,川西市,一庫字区田３番地９,6660153
7140001139577,株式会社ｒｙｏｊｉ,兵庫県,川西市,錦松台４番３２−５７号,6660135
7140001139585,株式会社翔栄,兵庫県,川西市,小花１丁目４番１２号,6660015
7140001139742,株式会社Ｔｅｌｉｏｓ,兵庫県,川西市,花屋敷１丁目７番１１号,6660035
7140001140254,株式会社弥栄,兵庫県,川西市,平野１丁目２７番６号,6660121
7140001141483,株式会社ＭｉＭｉ,兵庫県,川西市,火打２丁目１３番１９−１号,6660017
7140001141665,コアリンク株式会社,兵庫県,川西市,湯山台１丁目３１−５,6660137
7140001142507,株式会社ＨＡＲＵ,兵庫県,川西市,緑台２丁目１番地の５０,6660129
7140002064717,株式会社カサ・アスール,兵庫県,川西市,緑台３丁目３番地の６２,6660129
7140002065434,株式会社栄晃,兵庫県,川西市,西多田２丁目３１番４号,6660138
7140002065665,株式会社ＯＮＬＹ　ＯＮＥ　ＲＥＡＬ　ＥＳＴＡＴＥ,兵庫県,川西市,小戸２丁目４番１号,6660014
7260001024263,株式会社レン・シュイ,兵庫県,川西市,けやき坂３丁目１４番地の３,6660145
8011001072516,株式会社リングラング,兵庫県,川西市,美山台３丁目２番５２号,6660151
8120001072069,株式会社リメックス,兵庫県,川西市,南花屋敷４丁目１５番１９号,6660026
8120001108277,株式会社スリー・ディーズ,兵庫県,川西市,緑台２丁目２番地１２４,6660129
8120001119134,株式会社カグラザカ,兵庫県,川西市,平野２丁目２番１６号,6660121
8120001119687,株式会社Ｂｏｏｔｈ,兵庫県,川西市,久代３丁目２９番２６号,6660024
8120001140379,株式会社丸山コーポレーション,兵庫県,川西市,鼓が滝３丁目１１番７号,6660123
8120001140461,株式会社ＯＨＮＩＳＨＩ,兵庫県,川西市,清和台西３丁目２番地の１０９,6660143
8120001146467,株式会社オフィス竜崎,兵庫県,川西市,けやき坂２丁目２６番地の６,6660145
8120001164147,株式会社エム・リンク,兵庫県,川西市,下加茂１丁目３０番７号,6660022
8120001189045,Ｓｕｎｃｒｅｄｏ株式会社,兵庫県,川西市,けやき坂４丁目３３番地の１０,6660145
8120001218290,まるちナビ株式会社,兵庫県,川西市,水明台１丁目３番地の７３,6660116
8120001233587,株式会社タスクル,兵庫県,川西市,水明台２丁目２番地の１０８,6660116
8120001242720,株式会社夢の未来,兵庫県,川西市,栄町３番２号３Ｆ,6660033
8120901019672,スミショー株式会社,兵庫県,川西市,東多田３丁目１番６−２０７,6660122
8120901040587,株式会社アドット,兵庫県,川西市,けやき坂１丁目５番地の９,6660145
8120901043029,株式会社ＴＥＰＰＥＮ,兵庫県,川西市,花屋敷１丁目３１番１７号２０２,6660035
8120901046551,株式会社ｉＳｗｅｅｔ,兵庫県,川西市,鴬の森町８番８号,6660001
8130001054826,株式会社ケーイーラボ,兵庫県,川西市,小花１丁目８番１−２０１号,6660015
8140001049148,シグマ電子株式会社,兵庫県,川西市,久代１丁目１７番８号,6660024
8140001068676,甲東自動車工業株式会社,兵庫県,川西市,鴬台１丁目６番７号,6660133
8140001078089,長尾山林業株式会社,兵庫県,川西市,西畦野字野原垣内１番地,6660155
8140001078460,昭和化成株式会社,兵庫県,川西市,大和東２丁目３６番地の１４,6660111
8140001078980,株式会社ミツワ住研,兵庫県,川西市,栄町１０番１７号,6660033
8140001079129,アール工業株式会社,兵庫県,川西市,加茂３丁目１５番１１号,6660025
8140001079137,株式会社安藤不動産鑑定所,兵庫県,川西市,花屋敷１丁目３０番２１号,6660035
8140001079161,今北興業株式会社,兵庫県,川西市,見野３丁目１１番８号,6660105
8140001079178,株式会社Ａ−Ｚ設計,兵庫県,川西市,栄根２丁目２番１５号,6660021
8140001079186,株式会社エステートミツワ,兵庫県,川西市,小花１丁目７番１３号,6660015
8140001079203,株式会社大谷総祭,兵庫県,川西市,見野３丁目１番３号,6660105
8140001079244,金澤商事株式会社,兵庫県,川西市,美山台１丁目４番地の５８,6660151
8140001079252,株式会社カワネン,兵庫県,川西市,加茂１丁目９番２号,6660025
8140001079269,川畑建装株式会社,兵庫県,川西市,大和東５丁目５８番地の１,6660111
8140001079277,株式会社キタサカ,兵庫県,川西市,南花屋敷４丁目２０番１１号,6660026
8140001079285,共栄不動産株式会社,兵庫県,川西市,萩原２丁目６番３０号,6660004
8140001079293,株式会社川田建築設計事務所,兵庫県,川西市,大和東１丁目１０番地の４,6660111
8140001079302,株式会社倉田建材,兵庫県,川西市,加茂５丁目３番９号,6660025
8140001079310,宏栄産業株式会社,兵庫県,川西市,加茂３丁目３番２４号,6660025
8140001079319,株式会社小北商店,兵庫県,川西市,中央町７番７号,6660016
8140001079327,小松建設株式会社,兵庫県,川西市,中央町１７番２３号,6660016
8140001079351,株式会社サンデー,兵庫県,川西市,加茂１丁目１０番１９号,6660025
8140001079368,新栄産業株式会社,兵庫県,川西市,多田院西１丁目８番７号,6660128
8140001079376,株式会社新興商事,兵庫県,川西市,久代５丁目１番１６号,6660024
8140001079384,篠崎建物株式会社,兵庫県,川西市,花屋敷２丁目７番１号,6660035
8140001079392,松栄商事株式会社,兵庫県,川西市,栄町２７番４−２０１号,6660033
8140001079401,株式会社ジャパンテクニカルシステム,兵庫県,川西市,清和台西２丁目４番地の２１,6660143
8140001079418,スリーエス株式会社,兵庫県,川西市,緑が丘１丁目２６番１１号,6660157
8140001079426,清和商運株式会社,兵庫県,川西市,緑台３丁目２番地の１１１,6660129
8140001079442,株式会社ダイシン,兵庫県,川西市,久代１丁目１０番５５号,6660024
8140001079450,株式会社太陽空調,兵庫県,川西市,栄町１０番１７号,6660033
8140001079459,株式会社タキイビルライフ,兵庫県,川西市,出在家町１６番１１号,6660011
8140001079467,宝塚紙工株式会社,兵庫県,川西市,下加茂１丁目２０番９号,6660022
8140001079483,辻井工業株式会社,兵庫県,川西市,滝山町１２番１６号,6660002
8140001079500,株式会社テレパックにじゅういち,兵庫県,川西市,大和西４丁目４番地の１６,6660112
8140001079509,株式会社徳田建設,兵庫県,川西市,栄根２丁目１番１９−２０１号,6660021
8140001079517,株式会社トラストホーム,兵庫県,川西市,小花２丁目２５番１号,6660015
8140001079525,永澤鉄筋工業株式会社,兵庫県,川西市,栄町６番２９号,6660033
8140001079541,ニシタニ商亊株式会社,兵庫県,川西市,湯山台１丁目３３番地の８,6660137
8140001079558,日本足場ジャッキ株式会社,兵庫県,川西市,東久代２丁目３番６号,6660023
8140001079566,軒精機株式会社,兵庫県,川西市,緑台７丁目１番地の５５,6660129
8140001079582,株式会社ハシモト,兵庫県,川西市,小戸２丁目７番１６号,6660014
8140001079616,冨士色素株式会社,兵庫県,川西市,小花２丁目２３番２号,6660015
8140001079624,株式会社ブッダム・ジャパン,兵庫県,川西市,小花２丁目１４番１５号,6660015
8140001079632,株式会社プラスワン・ウィル,兵庫県,川西市,鴬の森町６番２４号,6660001
8140001079649,北宝産業株式会社,兵庫県,川西市,鼓が滝１丁目２３番２３号,6660123
8140001079657,株式会社マエダ,兵庫県,川西市,大和西３丁目２４番地の１０,6660112
8140001079665,株式会社松田精機,兵庫県,川西市,鼓が滝３丁目２６番２７号,6660123
8140001079673,株式会社マルナカ,兵庫県,川西市,けやき坂３丁目２２番地の１０,6660145
8140001079681,株式会社水越木材商店,兵庫県,川西市,見野２丁目１５番１６号,6660105
8140001079698,株式会社宮本建設,兵庫県,川西市,火打１丁目１番７−１２号,6660017
8140001079707,明宏商事株式会社,兵庫県,川西市,清和台東１丁目２番地の６０,6660142
8140001079715,株式会社ヤング・モード,兵庫県,川西市,寺畑１丁目１０番１１号,6660034
8140001079723,株式会社ヤマト,兵庫県,川西市,錦松台２９番１６号,6660135
8140001079731,株式会社洋輝,兵庫県,川西市,小戸３丁目２２番１３号佐々木方,6660014
8140001079764,株式会社猪名川温泉岩屋館,兵庫県,川西市,久代４丁目６番１３号１０３,6660024
8140001079871,ディー・エスツール株式会社,兵庫県,川西市,緑台３丁目５番地の１０４,6660129
8140001079979,株式会社小川電機製作所,兵庫県,川西市,久代１丁目２５番６号,6660024
8140001080318,株式会社高田,兵庫県,川西市,石道字丸尾９番地の１,6660156
8140001080375,株式会社シヤムス,兵庫県,川西市,緑が丘２丁目７番１７号,6660157
8140001080383,株式会社新英コーポレーション,兵庫県,川西市,丸山台１丁目４番地の３,6660152
8140001080433,株式会社Ｓ．Ｋ　ｐｌａｎｎｉｎｇ,兵庫県,川西市,滝山町１４番４号,6660002
8140001080441,株式会社パークテック,兵庫県,川西市,大和西３丁目２４番地の１２,6660112
8140001080516,株式会社ＳＤＭ,兵庫県,川西市,小花２丁目７番１−２０１号,6660015
8140001080540,株式会社ヤブノコーポレーション,兵庫県,川西市,平野１丁目１８番１８号,6660121
8140001080656,中商株式会社,兵庫県,川西市,けやき坂２丁目５３番地の６,6660145
8140001080672,栄伸興産株式会社,兵庫県,川西市,栄町１０番１７号ミツワ住建ビル６階,6660033
8140001080680,株式会社イージーケージャパン,兵庫県,川西市,火打１丁目２１番１３号,6660017
8140001080706,株式会社三宝,兵庫県,川西市,加茂６丁目１２５番地１,6660025
8140001080722,株式会社ゆみのコーポレーション,兵庫県,川西市,栄町２５−１−１１１,6660033
8140001080739,株式会社マンハッタンポーテージジャパン,兵庫県,川西市,けやき坂２丁目２１番地の１０,6660145
8140001080747,株式会社カデプロ,兵庫県,川西市,大和東５丁目２０番地１０,6660111
8140001080771,株式会社向野商事,兵庫県,川西市,赤松字中才１９８番地２,6660148
8140001080854,大阪金属産業株式会社,兵庫県,川西市,清和台東３丁目２番地の６０,6660142
8140001080870,株式会社ＡＴＡ,兵庫県,川西市,栄根１丁目７番１３−１０１号,6660021
8140001080961,株式会社ユニック,兵庫県,川西市,けやき坂２丁目３３番地の１１,6660145
8140001081027,株式会社ＴＡＳＳ,兵庫県,川西市,美山台３丁目３番地の４５,6660151
8140001081043,株式会社日進,兵庫県,川西市,花屋敷１丁目９番２４−１０２号,6660035
8140001081118,株式会社青い葉っぱ,兵庫県,川西市,美山台２丁目１番地の１０３,6660151
8140001083056,株式会社アートホームプロジェクト,兵庫県,川西市,栄町１１番１号,6660033
8140001083106,株式会社Ｓｉｆｔ,兵庫県,川西市,萩原台西１丁目６４番地,6660006
8140001083171,株式会社ナカタ企画,兵庫県,川西市,大和西５丁目２４番地２０,6660112
8140001083279,株式会社セレモニー五塔,兵庫県,川西市,小戸２丁目３番７号,6660014
8140001083295,株式会社ジニアス,兵庫県,川西市,栄町３番３号,6660033
8140001083378,サンエイ貿易株式会社,兵庫県,川西市,けやき坂３丁目２１番地の２２,6660145
8140001083493,日本精器株式会社,兵庫県,川西市,向陽台３丁目８番地の７４,6660115
8140001083535,株式会社悠神,兵庫県,川西市,出在家町１４番１６号,6660011
8140001083584,株式会社エムケイコーポレーション,兵庫県,川西市,けやき坂４丁目３５番６号,6660145
8140001083741,株式会社忠,兵庫県,川西市,久代１丁目２０番１４号,6660024
8140001083766,株式会社ミツタ,兵庫県,川西市,けやき坂１丁目１８番地の１,6660145
8140001083898,みやけ屋株式会社,兵庫県,川西市,東多田１丁目６番２２号,6660122
8140001084104,株式会社フェイス・トゥ・フェイス,兵庫県,川西市,萩原１丁目１４番２号８,6660004
8140001084244,ｉ−マテリアルガラス株式会社,兵庫県,川西市,清和台東４丁目３番地２,6660142
8140001084277,株式会社友一,兵庫県,川西市,中央町３番１２号ビッグボックス川西１階,6660016
8140001084401,株式会社兵庫推進,兵庫県,川西市,久代１丁目１６番１５号,6660024
8140001086736,株式会社カブトコーポレーション,兵庫県,川西市,平野１丁目５番１３号,6660121
8140001086991,ヤマノラバー製作所株式会社,兵庫県,川西市,大和西１丁目９９番地の７９,6660112
8140001087049,六甲機工株式会社,兵庫県,川西市,久代１丁目１５番１６号,6660024
8140001087429,株式会社Ｈ−ＳＨＥＥＴＭＥＴＡＬ,兵庫県,川西市,鼓が滝３丁目９番５号−１,6660123
8140001088047,株式会社Ａ＆Ｔ,兵庫県,川西市,山原２丁目３番６号,6660154
8140001088229,株式会社サン・イノベーション,兵庫県,川西市,出在家町４番２０−２号,6660011
8140001089458,株式会社極東,兵庫県,川西市,栄根２丁目１１番９−２０４号,6660021
8140001090052,一建築株式会社,兵庫県,川西市,美園町１２番８号,6660013
8140001090960,株式会社ヘルスエール,兵庫県,川西市,久代４丁目５番３４号,6660024
8140001091513,キセラ川西ＰＦＩ株式会社,兵庫県,川西市,火打１丁目１２番１６号,6660017
8140001091661,株式会社ネクスページ,兵庫県,川西市,南花屋敷１丁目４番２３号,6660026
8140001091752,株式会社ミューチャリーコーポレーション,兵庫県,川西市,萩原台東１丁目２３３番地,6660005
8140001092354,富士空調工業株式会社,兵庫県,川西市,東久代２丁目２番２号,6660023
8140001093146,株式会社ＳＣ・ＣＯＭＰＡＮＹ,兵庫県,川西市,萩原台西３丁目２９９番地の３,6660006
8140001094219,株式会社マトバ塗装店,兵庫県,川西市,東多田２丁目１２番１６号,6660122
8140001094400,株式会社スプリング,兵庫県,川西市,一庫２丁目１５番９号,6660153
8140001094508,株式会社アリビオ,兵庫県,川西市,緑台７丁目７番地の４,6660129
8140001096090,アリエスパートナー株式会社,兵庫県,川西市,錦松台１８番２７号,6660135
8140001096157,株式会社ビクトリアクィーン,兵庫県,川西市,清和台西５丁目１番地の８０,6660143
8140001096561,豊嶋ホールディングス株式会社,兵庫県,川西市,久代３丁目１３１番地の３,6660024
8140001096652,株式会社磯田設備,兵庫県,川西市,けやき坂１丁目１１番地の３,6660145
8140001097642,株式会社門田通信,兵庫県,川西市,南野坂１丁目２番地の１１４,6660136
8140001097964,株式会社クラモト興業,兵庫県,川西市,湯山台１丁目２７番地の７,6660137
8140001098054,ＪＶシステム株式会社,兵庫県,川西市,萩原３丁目１番６号,6660004
8140001099589,株式会社ＧＲＡＴＩＡ,兵庫県,川西市,小花１丁目５番１５号−２Ｆ,6660015
8140001102294,呉屋建設株式会社,兵庫県,川西市,南花屋敷４丁目５番６号,6660026
8140001103078,株式会社すまいるケアサポート,兵庫県,川西市,見野２丁目３６番１１号ＹＫビル３０４号,6660105
8140001105124,株式会社花宇宙,兵庫県,川西市,絹延町３番１０号,6660012
8140001105710,レイワ鳥対策株式会社,兵庫県,川西市,久代３丁目２２番２５号,6660024
8140001105842,株式会社コーシコーポレーション,兵庫県,川西市,鴬の森町４番１８号,6660001
8140001106519,山商情報コンサルタンツ株式会社,兵庫県,川西市,花屋敷山手町１１番１６号,6660036
8140001107632,株式会社金井設備,兵庫県,川西市,小戸３丁目１９番２８号,6660014
8140001108812,株式会社ＨＩＲＹＵ,兵庫県,川西市,小花２丁目２８番３号,6660015
8140001108928,株式会社ｃｏｍｐｌｅｔｅ,兵庫県,川西市,中央町７番２号,6660016
8140001109075,株式会社ＫＯＰＥＸ,兵庫県,川西市,大和東１丁目５１−９,6660111
8140001109397,株式会社レーベンサクセス,兵庫県,川西市,出在家町７番１８号,6660011
8140001110000,株式会社ノジュール,兵庫県,川西市,東畦野６丁目１５番１号,6660117
8140001110603,株式会社ジスタス,兵庫県,川西市,大和西５丁目２番地７号,6660112
8140001110834,Ｂｉｒｔｈ株式会社,兵庫県,川西市,黒川字寺垣内２３２番地,6660101
8140001111114,株式会社笑売,兵庫県,川西市,絹延町１番７号絹延コーポ４０４,6660012
8140001114447,株式会社グライト,兵庫県,川西市,湯山台２丁目１番地の７４,6660137
8140001114513,株式会社ＹＭＳ,兵庫県,川西市,萩原台西１丁目７２番地,6660006
8140001114736,ジェネシス・クリエイション株式会社,兵庫県,川西市,久代１丁目７番２４号,6660024
8140001115073,株式会社プロナブ,兵庫県,川西市,加茂３丁目１５番８号,6660025
8140001115164,株式会社楠原住設,兵庫県,川西市,湯山台１丁目９番地の６,6660137
8140001115222,ディメンションバッテリー株式会社,兵庫県,川西市,小花２丁目２２番１１号,6660015
8140001115676,株式会社サンテック関西,兵庫県,川西市,矢問３丁目５番２５号,6660131
8140001115701,株式会社アグヌス,兵庫県,川西市,東畦野１丁目１番２５号４０１,6660117
8140001117012,ＡＮＤ防災株式会社,兵庫県,川西市,久代１丁目１２番５号,6660024
8140001117318,株式会社ＲＩ環境管理,兵庫県,川西市,向陽台１丁目１３番地の１４（８１４）,6660115
8140001117788,株式会社廣瀬彰則技術士事務所,兵庫県,川西市,清和台東４丁目４番地の８６,6660142
8140001118076,株式会社ＳＡＰＰＡ,兵庫県,川西市,萩原台西１丁目５１番地,6660006
8140001118084,株式会社川西学校給食サービス,兵庫県,川西市,久代３丁目１番１８号,6660024
8140001118200,株式会社ＳＴＲ,兵庫県,川西市,平野３丁目７番９号,6660121
8140001118258,株式会社Ｔ・Ｋエンジニアリング,兵庫県,川西市,栄町６−６栄町マンション２０３,6660033
8140001120346,株式会社アクアキューブ,兵庫県,川西市,けやき坂１丁目１８番地の１，４１０,6660145
8140001120387,ｉｓｓｅｉ株式会社,兵庫県,川西市,鴬の森町１４番７号,6660001
8140001120627,株式会社ＴＩＭＥ,兵庫県,川西市,大和東２丁目３番地の１８,6660111
8140001122136,株式会社スネイル,兵庫県,川西市,東畦野３丁目１番６−１０２号,6660117
8140001122623,株式会社ＭｏｎｔＢｌａｎｃ,兵庫県,川西市,鼓が滝３丁目１１番７号,6660123
8140001122961,株式会社ＲｅＬＩＦＥ,兵庫県,川西市,東畦野４丁目９番３３号,6660117
8140001123035,リードスタッフ株式会社,兵庫県,川西市,久代４丁目３番１０号２０１号室,6660024
8140001124925,株式会社聖護園,兵庫県,川西市,栄町１０番５−１０９号,6660033
8140001124999,全国植物工場本部株式会社,兵庫県,川西市,多田院１丁目９番８号,6660126
8140001125510,株式会社ジグヘッド,兵庫県,川西市,けやき坂２丁目１７番地の３,6660145
8140001125659,株式会社ｕｎｅ,兵庫県,川西市,中央町１５番３号,6660016
8140001126418,株式会社コットンバスケット,兵庫県,川西市,水明台３丁目６番地の３３,6660116
8140001126590,石田商事株式会社,兵庫県,川西市,西畦野字道中８番地の１,6660155
8140001126608,株式会社サンユー電工,兵庫県,川西市,見野２丁目１１番１７号,6660105
8140001126649,株式会社Ｌｉｉｔｅ,兵庫県,川西市,日高町６番１６号１０１,6660032
8140001128208,株式会社Ｂｒｉｇｈｔｅｒ,兵庫県,川西市,鴬台２丁目３３番地の２,6660133
8140001128232,株式会社ヨシズミ,兵庫県,川西市,加茂４丁目４番３号,6660025
8140001128240,株式会社池田電工,兵庫県,川西市,小戸３丁目１４番９号,6660014
8140001129024,株式会社キズナコーポレーション,兵庫県,川西市,多田桜木２丁目１−３２−２０２,6660124
8140001129239,株式会社ｐｌｅｎｉｃｏ,兵庫県,川西市,萩原２丁目１２番１６−３号−１０５,6660004
8140001129528,株式会社ｆｉｆｔｙ‐ｏｎｅ,兵庫県,川西市,大和東３丁目６−１１,6660111
8140001129585,株式会社ＬＨＣ,兵庫県,川西市,けやき坂３丁目２８番地の１１,6660145
8140001129874,成聖株式会社,兵庫県,川西市,大和東５丁目１８−１,6660111
8140001129965,株式会社Ｙ．Ｎ．Ｃ．,兵庫県,川西市,大和西１丁目９９番地の７９,6660112
8140001130329,株式会社ティープラン,兵庫県,川西市,栄町１１番１−１５０３号,6660033
8140001131731,株式会社ＩＰＰＯＩＰＰＯ,兵庫県,川西市,見野２丁目２７番４号,6660105
8140001132779,アルファエンジニアリング株式会社,兵庫県,川西市,東畦野山手２丁目３番４０号,6660114
8140001133505,株式会社Ｙ＆Ｍ,兵庫県,川西市,絹延町２番２４号,6660012
8140001133983,株式会社アクセルピア,兵庫県,川西市,清和台西２丁目３番地の１３,6660143
8140001134288,株式会社ジョインテック,兵庫県,川西市,東多田１丁目１１番１５号,6660122
8140001135591,株式会社つむぎ,兵庫県,川西市,加茂１丁目６番９−３号,6660025
8140001137670,株式会社Ｔａｂｌｅ　Ｎｏｔｅ,兵庫県,川西市,けやき坂２丁目５４−５,6660145
8140001138149,株式会社スウィフトエンジニアリングジャパン,兵庫県,川西市,大和西１丁目９番地５,6660112
8140001139007,ＷＣＴ株式会社,兵庫県,川西市,久代１丁目５番１１号,6660024
8140001139279,株式会社浦山設備,兵庫県,川西市,久代６丁目１番８９−２１７号,6660024
8140001139717,株式会社ＭＪ　Ｐｌａｎｎｉｎｇ,兵庫県,川西市,花屋敷１丁目３１−２５−８,6660035
8140001139774,Ｙ’ｓＦＩＥＬＤ株式会社,兵庫県,川西市,火打１丁目２１番２６号,6660017
8140001140187,株式会社シェノン,兵庫県,川西市,清和台東１丁目１−６３,6660142
8140001140963,株式会社川西サーモン,兵庫県,川西市,大和西４丁目３番地の６,6660112
8140001140996,株式会社セレンディップ,兵庫県,川西市,花屋敷山手町１０番８号,6660036
8140001141169,株式会社じぶんデザイン,兵庫県,川西市,火打１丁目１４−８アネックス川西４１２号室,6660017
8140002066027,株式会社大一電化サービス,兵庫県,川西市,萩原台西１丁目５１番地,6660006
8180301036271,資産形成の窓口グループ株式会社,兵庫県,川西市,東畦野５丁目８番１８号,6660117
8200001029770,株式会社ジーク,兵庫県,川西市,湯山台１丁目１８番地の１６,6660137
9120001045214,株式会社高宮画廊,兵庫県,川西市,寺畑２丁目４番４−５０３号,6660034
9120001050206,株式会社鳥井工業,兵庫県,川西市,東畦野山手２丁目３番５４号,6660114
9120001060808,株式会社イメージショップイーワイ,兵庫県,川西市,黒川字仲筋９３番地,6660101
9120001063273,株式会社藤商,兵庫県,川西市,石道字下ノ山２番地,6660156
9120001064131,株式会社桜井デザイン,兵庫県,川西市,緑台４丁目３番地の１５,6660129
9120001067811,東洋美工株式会社,兵庫県,川西市,花屋敷２丁目２番２号,6660035
9120001070872,株式会社ミズモト,兵庫県,川西市,向陽台２丁目３番地の４４,6660115
9120001103236,ファイバセル株式会社,兵庫県,川西市,寺畑２丁目５番２−５０６号,6660034
9120001104564,株式会社創食,兵庫県,川西市,加茂６丁目８９番地１,6660025
9120001125321,株式会社サムレターズ,兵庫県,川西市,花屋敷１丁目２１番１２の９号,6660035
9120001132730,株式会社ワントゥワンシナジー,兵庫県,川西市,萩原２丁目２番６−１号,6660004
9120001141434,エバーユアーズ株式会社,兵庫県,川西市,清和台西３丁目１番地の４４、５０２,6660143
9120001168816,株式会社平田耐火,兵庫県,川西市,緑台６丁目２番地の４０,6660129
9120001170805,すまいの価値株式会社,兵庫県,川西市,中央町２番１号３０１,6660016
9120001203614,株式会社野田総合事務所,兵庫県,川西市,花屋敷２丁目３番４号,6660035
9120001232423,株式会社藤伸工匠,兵庫県,川西市,火打２丁目９番１１号２０５号室,6660017
9120001234386,山本電工株式会社,兵庫県,川西市,美園町２番１１号,6660013
9120001241853,株式会社クロスアーク,兵庫県,川西市,水明台３丁目７−１８,6660116
9120101049668,株式会社ＰｒｉｍａＳ,兵庫県,川西市,出在家町１番６号,6660011
9120901009648,高光産業株式会社,兵庫県,川西市,湯山台２丁目２５番地の１３,6660137
9120901015761,株式会社Ａ．Ｉ．Ｃ,兵庫県,川西市,小花２丁目７番３号（シャンテ川西３号棟１０８号）,6660015
9120901025728,松本住建株式会社,兵庫県,川西市,東畦野山手１丁目７番２１号,6660114
9120901031783,株式会社Ａｎｎ＆Ｑｏｏ,兵庫県,川西市,丸山台１丁目２番地１１５,6660152
9120901040743,株式会社ＰＩＺＺＡ　ＰＯＲＴ,兵庫県,川西市,栄町１番１号,6660033
9122001016418,隆和技研株式会社,兵庫県,川西市,平野２丁目２４番５号,6660121
9130001009622,株式会社フジイビル,兵庫県,川西市,松が丘町１６番１９号,6660037
9140001034355,株式会社Ｌ−Ｃｒｅａｔｉｏｎ,兵庫県,川西市,平野１丁目１１番９号,6660121
9140001078105,エイト食品株式会社,兵庫県,川西市,大和西３丁目１９番地の１１,6660112
9140001078154,大阪豆陽金属工業株式会社,兵庫県,川西市,平野１丁目５番８号,6660121
9140001079152,イトウ電気株式会社,兵庫県,川西市,山下町２番２１号,6660106
9140001079160,株式会社イマイ,兵庫県,川西市,西多田１丁目３番３７号,6660138
9140001079169,株式会社上野建設,兵庫県,川西市,南花屋敷３丁目３番２号,6660026
9140001079177,株式会社永五郎,兵庫県,川西市,湯山台１丁目１１番地の１,6660137
9140001079185,エス・シ・テック株式会社,兵庫県,川西市,けやき坂２丁目３１番地の１５,6660145
9140001079202,オーチテック株式会社,兵庫県,川西市,加茂６丁目４５番地の１,6660025
9140001079210,株式会社岡崎商店,兵庫県,川西市,水明台３丁目１番地の４３,6660116
9140001079219,岡村土木株式会社,兵庫県,川西市,南花屋敷４丁目２１番１号,6660026
9140001079235,関西磨鋼材株式会社,兵庫県,川西市,中央町１６番２号,6660016
9140001079243,金澤建設株式会社,兵庫県,川西市,下加茂１丁目３０番６−３号,6660022
9140001079251,株式会社かわでん,兵庫県,川西市,栄町１０番１７号,6660033
9140001079276,株式会社北上,兵庫県,川西市,小戸３丁目１０番７号,6660014
9140001079284,協栄食品株式会社,兵庫県,川西市,久代１丁目１３番１９号,6660024
9140001079292,株式会社キャンバスワークス,兵庫県,川西市,久代１丁目１０番８号,6660024
9140001079301,グリーン興業株式会社,兵庫県,川西市,火打１丁目２０番７号,6660017
9140001079318,幸和通商株式会社,兵庫県,川西市,大和東２丁目２４番地の４,6660111
9140001079326,株式会社小林合金,兵庫県,川西市,東久代１丁目１番５号,6660023
9140001079334,株式会社サーティーファイブ,兵庫県,川西市,見野３丁目１０番１号,6660105
9140001079342,阪上商事株式会社,兵庫県,川西市,大和西１丁目６４番地の４,6660112
9140001079359,三友住宅販売株式会社,兵庫県,川西市,小花２丁目２５番１号,6660015
9140001079367,株式会社信永製作所,兵庫県,川西市,東久代２丁目２番８号,6660023
9140001079375,新光産業株式会社,兵庫県,川西市,多田院字田尻１７番地,6660126
9140001079383,株式会社シンノオル大阪,兵庫県,川西市,東畦野２丁目５番１２５号,6660117
9140001079391,ショウエー産業株式会社,兵庫県,川西市,大和東４丁目１３番地の１４,6660111
9140001079400,株式会社シャンテ,兵庫県,川西市,小花２丁目７番１−１０５号,6660015
9140001079409,株式会社末廣保険,兵庫県,川西市,美山台３丁目３番地の１７,6660151
9140001079433,第一建設株式会社,兵庫県,川西市,中央町８番１３号,6660016
9140001079441,ダイスキ株式会社,兵庫県,川西市,鼓が滝２丁目１３番３３号,6660123
9140001079466,株式会社高谷商会,兵庫県,川西市,大和東１丁目１８番地の９,6660111
9140001079474,株式会社谷口硝子,兵庫県,川西市,美園町４番３号,6660013
9140001079482,株式会社チャムピオンズ,兵庫県,川西市,栄根２丁目５番２０号,6660021
9140001079499,株式会社天然温泉石道,兵庫県,川西市,石道字下ノ垣内２１６番地の１,6660156
9140001079508,株式会社徳重,兵庫県,川西市,栄根２丁目１番１９−２０１号,6660021
9140001079516,豊能住宅設備株式会社,兵庫県,川西市,多田桜木２丁目９番３号,6660124
9140001079524,株式会社中川住宅,兵庫県,川西市,小戸１丁目１８番６号,6660014
9140001079532,株式会社アンスレガーロ,兵庫県,川西市,滝山町１１番１０号,6660002
9140001079540,株式会社西田,兵庫県,川西市,久代１丁目１６番３号,6660024
9140001079581,株式会社ハセガワ楽器,兵庫県,川西市,小花１丁目６番２０号,6660015
9140001079607,フクタケ株式会社,兵庫県,川西市,小花１丁目４番１５号,6660015
9140001079615,株式会社藤川設備工業,兵庫県,川西市,東多田２丁目５番４号,6660122
9140001079623,株式会社物産ホーム,兵庫県,川西市,東畦野山手２丁目４番３号,6660114
9140001079631,株式会社ふらんすや,兵庫県,川西市,石道字下ノ山２番地,6660156
9140001079648,北斗開発株式会社,兵庫県,川西市,多田桜木２丁目１番２１号,6660124
9140001079664,松井酒販株式会社,兵庫県,川西市,向陽台２丁目５番地の５６,6660115
9140001079672,株式会社マルカ工務店,兵庫県,川西市,鴬が丘１１番地の２０,6660007
9140001079680,株式会社ミサキ総合,兵庫県,川西市,西多田２丁目２９番１１号,6660138
9140001079689,株式会社ミツワ家電,兵庫県,川西市,久代２丁目８番２７号,6660024
9140001079697,株式会社宮崎設備,兵庫県,川西市,多田院１丁目２番１１号,6660126
9140001079714,株式会社森田書店,兵庫県,川西市,小花１丁目２２番８号,6660015
9140001079730,ユービ建産株式会社,兵庫県,川西市,緑台３丁目３番地の１７,6660129
9140001079739,米田建築株式会社,兵庫県,川西市,見野３丁目８番２０号,6660105
9140001079747,和光興産株式会社,兵庫県,川西市,萩原台西２丁目９２番地,6660006
9140001079755,レンギンエース販売株式会社,兵庫県,川西市,小花１丁目１４番１８号,6660015
9140001079846,日本エタニットエンジニアリング株式会社,兵庫県,川西市,湯山台２丁目７番地の５,6660137
9140001079862,光庸産業株式会社,兵庫県,川西市,小花２丁目７番５−１４１１号,6660015
9140001079870,株式会社北摂道路,兵庫県,川西市,萩原１丁目５番１号,6660004
9140001079895,豊聖産業株式会社,兵庫県,川西市,加茂６丁目１番１６号,6660025
9140001079904,株式会社あさひハウス,兵庫県,川西市,小戸２丁目７番１５−３,6660014
9140001079912,株式会社エムユー,兵庫県,川西市,滝山町５番１０号,6660002
9140001080060,親和建設株式会社,兵庫県,川西市,下加茂１丁目２４番８号,6660022
9140001080085,吉田木材商事株式会社,兵庫県,川西市,水明台１丁目４番地の２２,6660116
9140001080110,株式会社ユトリファクトリー,兵庫県,川西市,鴬台２丁目１番地の１０１,6660133
9140001080333,株式会社西日本不動産,兵庫県,川西市,見野３丁目１番１０号,6660105
9140001080366,株式会社ミツワトラベル,兵庫県,川西市,久代１丁目１３番１７号,6660024
9140001080416,ホームビルド株式会社,兵庫県,川西市,南花屋敷３丁目１９番２５号,6660026
9140001080432,株式会社籐芳,兵庫県,川西市,大和東２丁目３０番地の１,6660111
9140001080440,ヤツギ工業株式会社,兵庫県,川西市,けやき坂２丁目２２番地の９,6660145
9140001080481,株式会社グリーン,兵庫県,川西市,中央町３番７号,6660016
9140001080498,株式会社ターミナル,兵庫県,川西市,清和台東３丁目１番１２号,6660142
9140001080572,株式会社杉の坊,兵庫県,川西市,栄町２５番１号アステ川西,6660033
9140001080597,大生基業株式会社,兵庫県,川西市,栄町４番５号,6660033
9140001080647,株式会社谷口住研,兵庫県,川西市,大和東１丁目４番地の１４,6660111
9140001080696,株式会社長尾,兵庫県,川西市,栄根１丁目３番８号,6660021
9140001080754,中与産業株式会社,兵庫県,川西市,寺畑２丁目１１番３号,6660034
9140001080770,株式会社ルピスナ,兵庫県,川西市,小花２丁目２２番１号,6660015
9140001080804,大樹工業株式会社,兵庫県,川西市,緑台３丁目１番地の３０,6660129
9140001080820,株式会社グロリア,兵庫県,川西市,霞ケ丘２丁目５番１７号,6660031
9140001080829,株式会社川西機械製作所,兵庫県,川西市,鼓が滝３丁目２６番１７号,6660123
9140001080886,株式会社ランドスケープ,兵庫県,川西市,大和西３丁目１５番地の５,6660112
9140001080894,三浦電工株式会社,兵庫県,川西市,見野２丁目８番１８号,6660105
9140001080903,株式会社岸本総合事務所,兵庫県,川西市,栄町２７番１０−３０５号,6660033
9140001080952,株式会社ブラッシュアップオフィス,兵庫県,川西市,緑台１丁目７番地の１００,6660129
9140001080960,株式会社幸栄,兵庫県,川西市,栄根２丁目１４番１３号,6660021
9140001081075,八千代ホーム株式会社,兵庫県,川西市,下加茂１丁目３０番１２号クレセル川西ビル,6660022
9140001081100,株式会社ネクサス・フーズ,兵庫県,川西市,中央町８番１号,6660016
9140001081117,株式会社ウェストン,兵庫県,川西市,水明台１丁目１番地の１６２,6660116
9140001081125,アクイールホーム株式会社,兵庫県,川西市,小戸２丁目１５番１９−１号,6660014
9140001081133,株式会社エムピーエル,兵庫県,川西市,久代３丁目３０番２０号,6660024
9140001081422,株式会社協和,兵庫県,川西市,滝山町１２番１３号,6660002
9140001081570,株式会社華佗,兵庫県,川西市,小戸１丁目２番６−１４０８号,6660014
9140001081934,株式会社ビヨンド,兵庫県,川西市,大和東１丁目４２番地の２６,6660111
9140001082965,株式会社ユウセイ,兵庫県,川西市,東久代２丁目１３番７号,6660023
9140001082981,株式会社桐野商事,兵庫県,川西市,火打１丁目２１番１５号,6660017
9140001083121,株式会社マリーマリー,兵庫県,川西市,花屋敷１丁目３番１４号,6660035
9140001083154,株式会社石川保険総合企画,兵庫県,川西市,久代２丁目８番１６−２号,6660024
9140001083245,株式会社ＧＡ,兵庫県,川西市,見野３丁目１番２２号,6660105
9140001083328,株式会社飯尾運輸,兵庫県,川西市,矢問１丁目１３番３０号,6660131
9140001083344,株式会社ノーシンカー,兵庫県,川西市,けやき坂４丁目１８番地の５,6660145
9140001083352,株式会社中西新聞舗,兵庫県,川西市,清和台西１丁目５番地の２,6660143
9140001083369,株式会社ぐろうばる・こおぽれいしよん,兵庫県,川西市,小花２丁目２５−１,6660015
9140001083385,株式会社三幸エンジニアリング,兵庫県,川西市,久代４丁目６番８号,6660024
9140001083435,株式会社三光建設,兵庫県,川西市,見野２丁目２番１４号,6660105
9140001083443,株式会社コスモビルマネジメント,兵庫県,川西市,鼓が滝１丁目４番１３号,6660123
9140001083550,株式会社オーエフティー,兵庫県,川西市,久代１丁目２７番５号,6660024
9140001083600,株式会社門田工業,兵庫県,川西市,一庫３丁目７番２４号,6660153
9140001083674,株式会社アド・バリア,兵庫県,川西市,平野２丁目２２番１２号,6660121
9140001083724,株式会社マルニシコーポレーション,兵庫県,川西市,笹部２丁目３７番１９号,6660104
9140001083765,株式会社Ａｕｔｏ　Ｏｎｅ,兵庫県,川西市,火打１丁目８番７号,6660017
9140001083831,株式会社環境保全社,兵庫県,川西市,新田１丁目３番１３−２０２号,6660125
9140001083848,株式会社ヒムカ,兵庫県,川西市,久代１丁目２５番２４号,6660024
9140001083864,株式会社サン・ディライト,兵庫県,川西市,水明台２丁目７番地の３７,6660116
9140001083889,株式会社リンクス,兵庫県,川西市,出在家町１３番１８号,6660011
9140001083922,株式会社関西サプライ,兵庫県,川西市,東畦野５丁目１０番６号,6660117
9140001083963,株式会社ナリタゴルフ,兵庫県,川西市,新田１丁目５番４号,6660125
9140001084160,株式会社カトウコンタクトレンズ川西,兵庫県,川西市,栄町１２番８号三宝ビル３階,6660033
9140001084169,株式会社アース・ワン,兵庫県,川西市,錦松台１４番３７号,6660135
9140001084219,株式会社明和,兵庫県,川西市,火打１丁目２０番７号,6660017
9140001084227,株式会社梅谷総合研究所,兵庫県,川西市,大和西１丁目５７番地の１８,6660112
9140001084276,株式会社エムス,兵庫県,川西市,東久代１丁目８番１７号,6660023
9140001084284,株式会社Ｄ・Ｍ・Ｖ,兵庫県,川西市,久代２丁目１３番１５号,6660024
9140001084359,株式会社黒山レーシング,兵庫県,川西市,清和台西１丁目１番地の７,6660143
9140001084383,株式会社イーネットワン,兵庫県,川西市,萩原台西３丁目１２４番地,6660006
9140001084417,株式会社エフタカ,兵庫県,川西市,大和西１丁目６５−３藤本ビル２Ｆ,6660112
9140001084433,アーチインターナショナル株式会社,兵庫県,川西市,緑台４丁目９−２０,6660129
9140001084524,ＳＯＲＡＣＡＳＥ株式会社,兵庫県,川西市,栄根２丁目２２番５号トサキＦ１ビル１Ｆ,6660021
9140001084540,株式会社アラック,兵庫県,川西市,新田３丁目２０番１号,6660125
9140001087378,株式会社夢工,兵庫県,川西市,久代１丁目１４番２６号,6660024
9140001088120,株式会社花雅,兵庫県,川西市,緑台４丁目２番地の２０,6660129
9140001088533,株式会社ローレル,兵庫県,川西市,鼓が滝３丁目２７番１８号,6660123
9140001090489,株式会社Ｓ・Ａ・Ｃ,兵庫県,川西市,けやき坂３丁目１８番地の７,6660145
9140001091215,株式会社想美,兵庫県,川西市,けやき坂４丁目２０番地の１１,6660145
9140001091702,日本賃貸管理株式会社,兵庫県,川西市,久代３丁目１６番１号,6660024
9140001093137,ＫＳコーポレーション株式会社,兵庫県,川西市,満願寺町６−５９,6650891
9140001093145,株式会社エアフォルク,兵庫県,川西市,中央町６番１２号１Ｆ,6660016
9140001093178,株式会社マルニシ,兵庫県,川西市,久代１丁目２５番２号,6660024
9140001093459,ＫｏＣａ株式会社,兵庫県,川西市,東久代１丁目１番５号,6660023
9140001094259,株式会社翔聖建設,兵庫県,川西市,久代１丁目７番３２号,6660024
9140001094283,株式会社ＳＯＨＭＡ,兵庫県,川西市,大和西４丁目１１番地の１１,6660112
9140001094853,株式会社イシセキ,兵庫県,川西市,大和東５丁目９番地の２２,6660111
9140001096734,株式会社理想生活研究所,兵庫県,川西市,丸山台３丁目５番地の９２,6660152
9140001096742,株式会社福島電気工業所,兵庫県,川西市,加茂２丁目１４番２０号,6660025
9140001097220,株式会社龍翔園,兵庫県,川西市,矢問１丁目１５番３号,6660131
9140001097245,リバーテック株式会社,兵庫県,川西市,緑台７丁目３番地の７４,6660129
9140001098103,株式会社浦田工業所,兵庫県,川西市,鼓が滝３丁目２６番１０号,6660123
9140001098499,シーアンドシーファクトリー株式会社,兵庫県,川西市,矢問２丁目３番３０号,6660131
9140001099398,株式会社清啓塾,兵庫県,川西市,向陽台１丁目６番３９号センタービル２階,6660115
9140001100223,株式会社Ｂ−ＢＬＯＣＫ,兵庫県,川西市,東久代２丁目９番４号,6660023
9140001100289,ＴＮケアサービス株式会社,兵庫県,川西市,大和東２丁目３７番地の１０,6660111
9140001100611,グリーンアイ株式会社,兵庫県,川西市,水明台２丁目６番地の８２,6660116
9140001101824,株式会社スペースフジコーポレーション,兵庫県,川西市,鼓が滝１丁目２５番１０号セピア鼓滝,6660123
9140001102590,平城運送株式会社,兵庫県,川西市,けやき坂４丁目３５番地の６,6660145
9140001103102,フェカリス乳酸生菌販売株式会社,兵庫県,川西市,大和西５丁目８番地の７,6660112
9140001104447,株式会社アンダルシア,兵庫県,川西市,鴬が丘１７番地の８,6660007
9140001104851,株式会社Ｃａｒｉｎ,兵庫県,川西市,湯山台２丁目１番地の７２,6660137
9140001104876,Ｗ＆Ｗ株式会社,兵庫県,川西市,大和西４丁目１番地の３,6660112
9140001105387,株式会社Ｎ’ｓ　Ｗｏｒｋ,兵庫県,川西市,松が丘町１６番１２号,6660037
9140001105395,株式会社ワイエス,兵庫県,川西市,南花屋敷３丁目１９番１２号,6660026
9140001106022,株式会社いろは,兵庫県,川西市,小花１丁目７番１２号,6660015
9140001106063,株式会社Ｃｉｎｑ　Ｓｔｅｌｌａ,兵庫県,川西市,鼓が滝１丁目２８番４号,6660123
9140001108258,株式会社エスコンテルノ,兵庫県,川西市,水明台２丁目７番地の３７,6660116
9140001109173,株式会社あき,兵庫県,川西市,中央町１３番１０号,6660016
9140001110651,株式会社大万,兵庫県,川西市,東多田１丁目３番１７号東多田マンション２階,6660122
9140001110750,株式会社Ｐｉｃｋ　Ｕｐ,兵庫県,川西市,美山台１丁目１番地の６４,6660151
9140001110908,株式会社松本エンジニアリング,兵庫県,川西市,久代２丁目８番４号,6660024
9140001111749,株式会社ツートップ,兵庫県,川西市,火打１丁目２１番１４−３号,6660017
9140001111781,株式会社めりーほーむ,兵庫県,川西市,花屋敷１丁目５番１７号,6660035
9140001112061,Ｆｕｊｉ　Ｌｅａｄ株式会社,兵庫県,川西市,中央町１７番１号,6660016
9140001112391,株式会社ＰＣＫ,兵庫県,川西市,錦松台２２番２４号,6660135
9140001114223,ＩＣＨＩ不動産販売株式会社,兵庫県,川西市,萩原台西３丁目４５番地,6660006
9140001114289,株式会社カンノみつばち,兵庫県,川西市,久代１丁目２７番１０号,6660024
9140001114958,株式会社ヴィルゴ,兵庫県,川西市,矢問１丁目６番１４号,6660131
9140001115130,株式会社金森,兵庫県,川西市,清和台西５丁目４番地の３０,6660143
9140001115948,株式会社ヴィラ,兵庫県,川西市,中央町５番１号,6660016
9140001116310,株式会社シンシ,兵庫県,川西市,大和東１丁目１２番地の２,6660111
9140001116797,株式会社カンキョーワークス,兵庫県,川西市,丸山台３丁目２番地の６５,6660152
9140001119718,株式会社栄櫻会,兵庫県,川西市,栄根２丁目１４番１４号,6660021
9140001120568,ルネステクノ株式会社,兵庫県,川西市,平野２丁目１３−６−１０１,6660121
9140001120691,株式会社ＭＩＹＵＭＯ,兵庫県,川西市,南花屋敷１丁目５番２７号,6660026
9140001121335,株式会社ＢＩＣＹＣＬＥ　ＰＲＯＪＥＣＴ,兵庫県,川西市,大和西４丁目３番地の９,6660112
9140001121343,株式会社エイアンドエムサービス,兵庫県,川西市,丸の内町３番１１−２０６号,6660003
9140001121434,株式会社日新マネジメントソリューションズ,兵庫県,川西市,緑台４丁目９番３号,6660129
9140001122192,株式会社巧和,兵庫県,川西市,新田２丁目２６番２０号,6660125
9140001123587,株式会社ハント管理,兵庫県,川西市,小花１丁目７番１３号,6660015
9140001123942,株式会社ヒャクネンミライ,兵庫県,川西市,小花２丁目２番４号ハーフェン小花１０１,6660015
9140001124305,カインドライム株式会社,兵庫県,川西市,丸山台３丁目１番地の１８,6660152
9140001124354,株式会社Ｒｅ−ｆｌｏｏｒ,兵庫県,川西市,けやき坂４丁目１４番地の６,6660145
9140001125352,株式会社テクニワーク,兵庫県,川西市,滝山町２０番２−６０４号,6660002
9140001125674,株式会社ｃｏｈｏｒｔ,兵庫県,川西市,東畦野山手１丁目１６番１２号,6660114
9140001125889,株式会社Ｋａｒｉｓｍａ,兵庫県,川西市,出在家町６番１７−１８号２０１,6660011
9140001125914,株式会社セイワコンサル,兵庫県,川西市,清和台西５丁目１番地の１１８,6660143
9140001127266,慈龍興業株式会社,兵庫県,川西市,石道字下ノ山９−６,6660156
9140001130096,株式会社ＨＩＧＨＥＳＴ,兵庫県,川西市,久代１丁目１０番２４号,6660024
9140001130864,株式会社エフコーポレーション,兵庫県,川西市,笹部１丁目２番６号サンクレールヨシナガ４０４号,6660104
9140001130906,碧マナビー株式会社,兵庫県,川西市,清和台西３丁目３番地の４４,6660143
9140001131029,株式会社イレーナ,兵庫県,川西市,清和台西３丁目４番地の１０７,6660143
9140001131334,後村工業株式会社,兵庫県,川西市,萩原２丁目２番１７号,6660004
9140001132027,株式会社カワサキ,兵庫県,川西市,加茂１丁目１１番２１−３０２号,6660025
9140001132324,ヤマト園不動産株式会社,兵庫県,川西市,緑台２丁目２番地の１２１,6660129
9140001133025,株式会社ＫＯＩ,兵庫県,川西市,向陽台３丁目６番地の４７,6660115
9140001133297,株式会社Ｈｉｔｌｙ,兵庫県,川西市,大和西２丁目１−１７畦野ビル３階,6660112
9140001133578,株式会社トレスポ,兵庫県,川西市,小戸３丁目９番３号,6660014
9140001133628,ＭＡ３Ｉｎｖｅｓｔｍｅｎｔ株式会社,兵庫県,川西市,矢問１丁目１４−１４,6660131
9140001133710,株式会社アレスティ,兵庫県,川西市,出在家町２１番９号,6660011
9140001135046,株式会社Ｊ‐Ｔｒａｎｓ,兵庫県,川西市,美園町１番３号,6660013
9140001135525,株式会社Ｐｕｒａ　Ｖｉｄａ,兵庫県,川西市,栄町１番２号,6660033
9140001136143,株式会社Ｒｅｗｉｎｄ,兵庫県,川西市,けやき坂２丁目５３番地の９,6660145
9140001137587,株式会社ＴＣＭＡ　Ｐｏｗｅｒ,兵庫県,川西市,火打１丁目１４番１１−２０３号,6660017
9140001138148,株式会社ＰＭＴ工業,兵庫県,川西市,下加茂１丁目１５−１１−２０２号,6660022
9140001139716,株式会社ＨＲＳ,兵庫県,川西市,多田桜木２丁目１番２９号,6660124
9140001140938,株式会社スマイルモビリティサポート,兵庫県,川西市,加茂２丁目１８番２１号,6660025
9140001141580,株式会社Ｗｅｌｌ　ｗｏｒｔｈ,兵庫県,川西市,大和西１丁目６番地の４,6660112
9140002064814,ＨＯＫＵＳＥＴＳＵ株式会社,兵庫県,川西市,平野３丁目２番１１号,6660121
9140002064962,株式会社アリカデザインスタジオ,兵庫県,川西市,栄町１０番５−４０４号,6660033
9140003013051,株式会社エクシア,兵庫県,川西市,加茂６丁目８５番地の９,6660025
9290001095812,株式会社ＥＳＰＥＣＩＡ,兵庫県,川西市,小戸３丁目１０−７−２０３,6660014
9300001000893,本庄ユニホーム株式会社,兵庫県,川西市,萩原台東１丁目２４７番地,6660005
9370001041898,株式会社ダイヒロ,兵庫県,川西市,小戸３丁目１９番４３号,6660014
