法人番号,法人名,都道府県,市区町村,番地,郵便番号
1010401136993,株式会社ＲＩＨ,兵庫県,明石市,魚住町金ケ崎岩が岡１６０２番地２,6740071
1011001134033,株式会社プランＢ,兵庫県,明石市,大久保町大窪７７７番地の９,6740051
1021001052993,株式会社シンメイ,兵庫県,明石市,魚住町清水１６１８番地の１,6740074
1030001126757,株式会社丸新,兵庫県,明石市,林崎町２丁目１番２３号,6730033
1110001030348,株式会社おうちコンシェルジュ,兵庫県,明石市,藤江１９２８番地の７,6730044
1120001112095,株式会社スプリングエステート,兵庫県,明石市,樽屋町１０番９号,6730898
1120001154716,株式会社京・錦家,兵庫県,明石市,中崎２丁目５番６−７０２号,6730883
1120001162124,株式会社シティサービス,兵庫県,明石市,本町１丁目１番２４号大日明石本町ビル,6730892
1120001166892,株式会社Ｈｉ・ＤＥＣＯ　ＪＡＰＡＮ,兵庫県,明石市,大久保町八木１５０−７,6740063
1120001173427,株式会社新参,兵庫県,明石市,田町２丁目７番１６−８０４号,6730025
1120001202243,イニシャルイノベーション株式会社,兵庫県,明石市,大久保町大窪９４３番地の２ブランベール大久保１階,6740051
1120901015645,株式会社常吉商店,兵庫県,明石市,大久保町江井島２６４番地,6740064
1120901030330,株式会社エコ・クリーン,兵庫県,明石市,松の内２丁目７番２,6730016
1122001006319,株式会社ハンユウ,兵庫県,明石市,大久保町高丘６丁目２番地の３,6740057
1140001005215,株式会社長谷川カンパニー,兵庫県,明石市,東山町２８０４番地の２２,6730868
1140001007384,株式会社ケイテック,兵庫県,明石市,川崎町１番１号,6730014
1140001015412,北神電機株式会社,兵庫県,明石市,魚住町清水１３７番地の１１,6740074
1140001018860,株式会社ミマツ商事,兵庫県,明石市,藤江１３１５番地,6730044
1140001022887,株式会社興隆,兵庫県,明石市,西明石町５丁目２番１２号,6730011
1140001028711,株式会社タムロクリエーション,兵庫県,明石市,中崎２丁目４番１−６１１号,6730883
1140001032234,株式会社明南,兵庫県,明石市,大観町６−５ラポール大観１０１,6730897
1140001034379,株式会社明石活州,兵庫県,明石市,相生町１丁目８番２４号,6730882
1140001034387,株式会社明石工作所,兵庫県,明石市,二見町南二見１１番地の４,6740093
1140001034395,株式会社アカシコンテナセンター,兵庫県,明石市,藤江２０２９番地の１明石市公設地方卸売市場内,6730044
1140001034404,明石水産物株式会社,兵庫県,明石市,大久保町高丘７丁目７番地の１８,6740057
1140001034412,株式会社明石市民会館食堂,兵庫県,明石市,中崎１丁目３番１号,6730883
1140001034429,明石土建株式会社,兵庫県,明石市,西新町３丁目１番１２号,6730023
1140001034445,株式会社明石百貨店,兵庫県,明石市,本町１丁目１番３２号,6730892
1140001034461,株式会社アイ・エフ・ケイ,兵庫県,明石市,山下町７番８号,6730878
1140001034486,株式会社あんしんプラザ,兵庫県,明石市,本町２丁目２番２４号明石東京海上日動ビル５階,6730892
1140001034494,株式会社新工務店,兵庫県,明石市,魚住町清水１９５８番地の１,6740074
1140001034503,株式会社イオロイ洋瓦,兵庫県,明石市,魚住町長坂寺４７６番地,6740072
1140001034511,株式会社生野,兵庫県,明石市,二見町西二見６６０番地の１１,6740094
1140001034528,株式会社インテグラル神戸,兵庫県,明石市,大久保町大久保町５９７番地の１,6740067
1140001034536,株式会社インベストメントエイシン,兵庫県,明石市,鳥羽４４１番地の２,6730003
1140001034544,岩佐不動産株式会社,兵庫県,明石市,二見町東二見４６２番地の５,6740092
1140001034552,ウイード・グループ株式会社,兵庫県,明石市,鍛治屋町６番２０号,6730884
1140001034560,株式会社正幸商事,兵庫県,明石市,魚住町金ケ崎１７０５番地,6740071
1140001034577,株式会社ウリュウ,兵庫県,明石市,西新町１丁目５番１０号,6730023
1140001034585,株式会社エース給食,兵庫県,明石市,松江３５３番地の１９,6730036
1140001034593,株式会社Ｄｒｅａｍ　Ｄｏｏｒ　Ｒｅｃｏｒｄ　Ｈｏｌｄｉｎｇｓ,兵庫県,明石市,田町２丁目７番１６−７０３号,6730025
1140001034602,エヌケイケイフーズ株式会社,兵庫県,明石市,大明石町１丁目６番２０号,6730891
1140001034619,株式会社エム・ワイ・ジー,兵庫県,明石市,荷山町１８５５番地の１９,6730842
1140001034627,株式会社オーアイエス,兵庫県,明石市,松が丘３丁目１３番１２号,6730862
1140001034643,株式会社王子住宅,兵庫県,明石市,藤江８５４番地の２,6730044
1140001034651,株式会社大野建設,兵庫県,明石市,魚住町錦が丘３丁目２３番地１８,6740081
1140001034668,株式会社岡本電機製作所,兵庫県,明石市,藤江字三ツ池２０２８番地の３１,6730044
1140001034684,株式会社加古川ガスセンター,兵庫県,明石市,魚住町清水９７９番地の１,6740074
1140001034692,関西ヘルスケアシステム株式会社,兵庫県,明石市,西明石北町３丁目２２番２号,6730018
1140001034701,株式会社柏木商事,兵庫県,明石市,小久保１２０番地の５９,6730005
1140001034726,株式会社兼廣,兵庫県,明石市,桜町４番５号,6730885
1140001034734,カワイハウジング株式会社,兵庫県,明石市,大久保町大窪８２６番地の１,6740051
1140001034742,株式会社ガリバー,兵庫県,明石市,大久保町大窪１１３９番地,6740051
1140001034750,株式会社技研開発,兵庫県,明石市,大久保町福田２丁目１番１８号,6740066
1140001034759,木嶋産業株式会社,兵庫県,明石市,太寺大野町２６９４番地の７,6730843
1140001034775,株式会社キュウセン,兵庫県,明石市,朝霧山手町２０番６号,6730853
1140001034791,楠本電機株式会社,兵庫県,明石市,和坂１２番地の２２,6730012
1140001034800,株式会社グランシャリオ,兵庫県,明石市,大久保町駅前１丁目１５番地の６,6740058
1140001034809,株式会社ケイエーイー,兵庫県,明石市,小久保２丁目９番地１柏木ビル２Ｆ,6730005
1140001034817,株式会社ケーティシー,兵庫県,明石市,大久保町駅前１丁目５番地の８,6740058
1140001034825,株式会社小池米穀,兵庫県,明石市,藤江４４番地の８,6730044
1140001034858,ゴトウテキスタイル株式会社,兵庫県,明石市,川崎町２番１１−８１９号,6730014
1140001034866,株式会社小林,兵庫県,明石市,大観町１７番１８号,6730897
1140001034882,三恵株式会社,兵庫県,明石市,藤江１５９５番地の１４５,6730044
1140001034890,株式会社マウンテンストリーム,兵庫県,明石市,西明石西町１丁目６番３２号,6730049
1140001034899,三協電業株式会社,兵庫県,明石市,大道町２丁目１０番２２号,6730029
1140001034924,株式会社山陽コピーセンター,兵庫県,明石市,大蔵本町５番５号,6730874
1140001034932,三和開発株式会社,兵庫県,明石市,小久保３丁目１９番地の４,6730005
1140001034949,新光検査株式会社,兵庫県,明石市,藤江１８２０番地の３,6730044
1140001034957,神姫住宅開発株式会社,兵庫県,明石市,花園町１番地の１,6730015
1140001034998,株式会社信和建設,兵庫県,明石市,和坂１丁目６番１９号,6730012
1140001035006,菅徳魚類株式会社,兵庫県,明石市,中崎１丁目６番１１号,6730883
1140001035014,セイコウエンジニアリング株式会社,兵庫県,明石市,本町１丁目１番１１号,6730892
1140001035022,正陽産業株式会社,兵庫県,明石市,樽屋町２０番１７号,6730898
1140001035030,セントラル測量設計株式会社,兵庫県,明石市,大久保町大窪８９９番地の１,6740051
1140001035039,株式会社創研設計,兵庫県,明石市,大久保町駅前１丁目５−１１森下ビル４階,6740058
1140001035047,株式会社大栄サービス,兵庫県,明石市,二見町西二見１１２３番地,6740094
1140001035055,株式会社タイカン工業,兵庫県,明石市,大観町１４番１０号,6730897
1140001035063,大成住建株式会社,兵庫県,明石市,松の内１丁目４番１８号,6730016
1140001035071,株式会社田内工務店,兵庫県,明石市,朝霧南町２丁目４７９番地の６,6730870
1140001035088,株式会社竹内商店,兵庫県,明石市,魚住町清水立合池６３２番地,6740074
1140001035096,田口建材株式会社,兵庫県,明石市,大明石町２丁目８番２号,6730891
1140001035105,株式会社竹中ビル,兵庫県,明石市,和坂１４番地の７,6730012
1140001035121,株式会社たちばな酒店,兵庫県,明石市,西明石北町３丁目２番１８号,6730018
1140001035138,玉福恒産株式会社,兵庫県,明石市,桜町１４番２２−１５０５号,6730885
1140001035154,ツカサ事務機販売株式会社,兵庫県,明石市,西明石町２丁目５番８号,6730011
1140001035179,テクノプロ株式会社,兵庫県,明石市,材木町４番１８号,6730893
1140001035187,東亜貿易株式会社,兵庫県,明石市,中崎２丁目１番１２号,6730883
1140001035195,株式会社東明商事,兵庫県,明石市,鍛治屋町１番６号,6730884
1140001035204,東洋地所株式会社,兵庫県,明石市,山下町６番９号,6730878
1140001035212,トキワ建設株式会社,兵庫県,明石市,硯町２丁目６番１６号,6730028
1140001035220,富博産業株式会社,兵庫県,明石市,大久保町駅前２丁目１０番地の２,6740058
1140001035229,株式会社内藤,兵庫県,明石市,大久保町駅前１丁目１７番地の１０,6740058
1140001035237,株式会社ＮＡＭ,兵庫県,明石市,二見町東二見２３４番地,6740092
1140001035245,株式会社ナカネ,兵庫県,明石市,樽屋町５番２８号,6730898
1140001035253,株式会社ナカヤマ,兵庫県,明石市,大久保町大窪２５８１番地,6740051
1140001035261,株式会社ならはら興産,兵庫県,明石市,大蔵谷字狩口１８１番地の６ビラ朝霧１階１０２号,6730863
1140001035278,株式会社日建,兵庫県,明石市,桜町６番２０号,6730885
1140001035294,日新ビジネスサービス株式会社,兵庫県,明石市,本町２丁目３番２０号,6730892
1140001035303,株式会社日本教育センター,兵庫県,明石市,貴崎３丁目１６番１８号,6730037
1140001035311,株式会社日本全管,兵庫県,明石市,東仲ノ町３番３３号,6730886
1140001035328,株式会社灰野,兵庫県,明石市,大久保町駅前１丁目８番地の５,6740058
1140001035344,ＴＢ播州電装株式会社,兵庫県,明石市,大久保町大久保町字下ヶ谷４５７の４番地,6740067
1140001035352,浜野鉄工株式会社,兵庫県,明石市,魚住町清水１９２７番地の１,6740074
1140001035360,株式会社ハロークリーン,兵庫県,明石市,大久保町高丘３丁目１２番地の１０,6740057
1140001035369,株式会社ハリマ商会,兵庫県,明石市,鳥羽７８番地の３２,6730003
1140001035377,ピアサービス株式会社,兵庫県,明石市,松の内１丁目１番地２６,6730016
1140001035393,株式会社兵庫小川製作所,兵庫県,明石市,大久保町大窪１９９５−１,6740051
1140001035410,株式会社広田ゴルフ,兵庫県,明石市,魚住町金ケ崎１４４４番地の１,6740071
1140001035419,株式会社風籟,兵庫県,明石市,松が丘５丁目１４番１３号,6730862
1140001035427,藤尾産商株式会社,兵庫県,明石市,鷹匠町１３番１０号,6730848
1140001035435,藤田産業株式会社,兵庫県,明石市,和坂１丁目１４番３２号,6730012
1140001035468,株式会社ヘルス明海,兵庫県,明石市,本町２丁目１番１号,6730892
1140001035484,株式会社政井鉄工所,兵庫県,明石市,大久保町山手台１丁目９２番地,6740056
1140001035492,松井食品株式会社,兵庫県,明石市,藤が丘２丁目１５番８号,6730046
1140001035501,松本工業株式会社,兵庫県,明石市,二見町西二見観音１７６３番地,6740094
1140001035518,丸松水産株式会社,兵庫県,明石市,林３丁目３番１８号,6730034
1140001035526,水木設備工業株式会社,兵庫県,明石市,上ノ丸１丁目６番２０号,6730846
1140001035542,株式会社都不動産,兵庫県,明石市,和坂１３番地６,6730012
1140001035550,株式会社ムネタマリン,兵庫県,明石市,港町１５番１０号,6730894
1140001035559,株式会社明幸園,兵庫県,明石市,魚住町清水字西宿１９２１番地,6740074
1140001035567,明機工業株式会社,兵庫県,明石市,林２丁目２番１号,6730034
1140001035575,株式会社明成,兵庫県,明石市,大明石町１丁目６番２２号,6730891
1140001035583,株式会社明治化成製造所,兵庫県,明石市,鳥羽１４４３番地の１,6730003
1140001035591,株式会社メイショク,兵庫県,明石市,二見町東二見１１０１番地の１,6740092
1140001035600,明和産業株式会社,兵庫県,明石市,朝霧北町３７７７番地の１２７,6730851
1140001035609,森島鉄工株式会社,兵庫県,明石市,和坂稲荷町６０番地,6730013
1140001035617,株式会社エヌ・エス・シー,兵庫県,明石市,西明石町５丁目１３番２８号,6730011
1140001035625,株式会社山内建設,兵庫県,明石市,日富美町１３番３２号,6730896
1140001035641,株式会社やまだやチエーン,兵庫県,明石市,大久保町大窪２２１番地,6740051
1140001035658,株式会社ユニオンボックス,兵庫県,明石市,岬町２２番８号,6730895
1140001035666,株式会社吉川工務店,兵庫県,明石市,東山町３７７３番地の３７,6730868
1140001035674,株式会社ヨネムラ,兵庫県,明石市,魚住町清水２３００番地の４,6740074
1140001035690,株式会社ランバー・イシイ,兵庫県,明石市,船上町１０番３２号,6730026
1140001035699,株式会社立神工業,兵庫県,明石市,本町２丁目９番６号ＲＳ本町ビル,6730892
1140001035708,株式会社ルック,兵庫県,明石市,鳥羽１５３５番地の２,6730003
1140001035716,六甲技研株式会社,兵庫県,明石市,大久保町大久保町１６５番地の１６７,6740067
1140001035724,イボコロリ薬粧株式会社,兵庫県,明石市,相生町２丁目２番１７号,6730882
1140001035732,株式会社エヌシーエム,兵庫県,明石市,大久保町西島６００番地の１７,6740065
1140001035749,株式会社山上新聞舗,兵庫県,明石市,大久保町大窪１４７５番地の１０,6740051
1140001035765,大和住宅産業株式会社,兵庫県,明石市,花園町１番地の１,6730015
1140001035773,株式会社アイテック,兵庫県,明石市,小久保１丁目５番地の７,6730005
1140001035781,株式会社日本システムレボリューション,兵庫県,明石市,大久保町駅前１丁目８番地の１４,6740058
1140001035807,株式会社ウイングエンジニアリング,兵庫県,明石市,大蔵町５番１２号,6730872
1140001035815,大栄梱包株式会社,兵庫県,明石市,大久保町谷八木５６４番地の１２,6740062
1140001035823,株式会社ライフクリエイト,兵庫県,明石市,桜町１３番１３号,6730885
1140001035831,株式会社富田製作所,兵庫県,明石市,二見町南二見１３番９,6740093
1140001035848,西日本シティ興産株式会社,兵庫県,明石市,大蔵谷字清水７０５番地の２セラーン朝霧２０３号,6730865
1140001035988,株式会社四位設計,兵庫県,明石市,大久保町高丘３丁目１９番地の１１,6740057
1140001036714,株式会社海建設,兵庫県,明石市,明南町１丁目１０番２３号,6730001
1140001036730,スリーウェイブ株式会社,兵庫県,明石市,川崎町２−１２−１７２６,6730014
1140001036747,東明貿易株式会社,兵庫県,明石市,鷹匠町５番１３ー３０１号,6730848
1140001036771,株式会社プロセス教育研究所,兵庫県,明石市,鷹匠町５番１３−６０３号,6730848
1140001036862,株式会社アッセイロジックス,兵庫県,明石市,大蔵谷奥１６番地の５,6730867
1140001036912,株式会社エス・ケイ,兵庫県,明石市,田町２丁目７番１号,6730025
1140001036929,株式会社日産クリーン,兵庫県,明石市,大久保町高丘１丁目１７−１３,6740057
1140001036937,株式会社エヌ．モアナ,兵庫県,明石市,二見町東二見１２７９番地ライオンズマンション明石東二見３０７,6740092
1140001036953,株式会社ＨＩＲＯＳ工業,兵庫県,明石市,大久保町西島１３６番地の１２,6740065
1140001036978,株式会社浪正興業,兵庫県,明石市,西新町１丁目６番３号,6730023
1140001036994,株式会社Ｍ＆Ｍ,兵庫県,明石市,二見町西二見駅前４丁目１８番地,6740095
1140001037002,株式会社ＢＩＣＫ,兵庫県,明石市,魚住町清水２１７４番地の１０,6740074
1140001037019,株式会社アイ・ティー・エス,兵庫県,明石市,本町２丁目６−１０,6730892
1140001037035,株式会社天真,兵庫県,明石市,魚住町清水１０７番地の１,6740074
1140001037043,株式会社クリーン・エコ,兵庫県,明石市,大久保町大窪４３２番地の３,6740051
1140001037051,ティーネット株式会社,兵庫県,明石市,魚住町西岡５００番地の１１,6740084
1140001037084,株式会社マリン,兵庫県,明石市,大久保町江井島１３０４番地の７,6740064
1140001037101,株式会社三協,兵庫県,明石市,樽屋町８番３４号大同生命明石ビル５階,6730898
1140001037126,サンライズ・インターナショナル株式会社,兵庫県,明石市,大蔵谷字東山４８８,6730869
1140001037134,株式会社ＳＨＫ＆ＣＢ２１,兵庫県,明石市,魚住町錦が丘３丁目２０番地の２３,6740081
1140001037142,株式会社アイ・エム・アイ,兵庫県,明石市,松江５３１番地の２,6730036
1140001037159,株式会社Ｈ＆Ｓ,兵庫県,明石市,立石２丁目１番３４号−４８,6730032
1140001037167,株式会社バイクスターズ,兵庫県,明石市,魚住町金ケ崎字岩が岡１６０２の２,6740071
1140001037175,株式会社たきい,兵庫県,明石市,二見町西二見１５７番地の１３６,6740094
1140001037183,大林パン本舗株式会社,兵庫県,明石市,大蔵八幡町１番３号,6730871
1140001037191,株式会社本家きむらや,兵庫県,明石市,鍛治屋町５番２３号,6730884
1140001037200,株式会社Ｋ＆Ｍ,兵庫県,明石市,野々上２丁目３番地の１第２井住ビル,6730017
1140001037225,株式会社オフィスＡ,兵庫県,明石市,魚住町清水３３５番地の５１,6740074
1140001037233,三功産業株式会社,兵庫県,明石市,魚住町清水２１９５番地の１,6740074
1140001037266,株式会社ＴＲＣ,兵庫県,明石市,相生町２丁目１番,6730882
1140001037274,株式会社Ｉ・Ｎ・Ｇ,兵庫県,明石市,林崎町３丁目５５３番地の１,6730033
1140001037308,豊野船舶株式会社,兵庫県,明石市,松が丘３丁目２０番１３号,6730862
1140001037316,株式会社正和,兵庫県,明石市,和坂１２番２号,6730012
1140001037324,株式会社ひじりグループ,兵庫県,明石市,大久保町ゆりのき通１丁目２番地の３オーズタウンセンタースクエア４−２１０,6740068
1140001037332,株式会社大成,兵庫県,明石市,魚住町住吉４丁目１４番１４号,6740083
1140001037340,株式会社デンタルネット,兵庫県,明石市,西明石町４丁目６番２１号,6730011
1140001037349,株式会社ホルツェン・神戸,兵庫県,明石市,大久保町高丘７丁目１３‐１９,6740057
1140001037365,寺岡建設株式会社,兵庫県,明石市,大久保町松陰１０９１番地の７,6740053
1140001037456,株式会社小富,兵庫県,明石市,大久保町江井島６２９番地,6740064
1140001037464,株式会社ハートアルファ,兵庫県,明石市,大久保町山手台２丁目７５番地の３,6740056
1140001037480,株式会社Ｙ・Ｓ・Ｓ,兵庫県,明石市,二見町東二見１４２７番地の７,6740092
1140001037506,株式会社フロンティア,兵庫県,明石市,山下町１番３１号,6730878
1140001037522,株式会社ＷＩＬＬ,兵庫県,明石市,魚住町西岡１９７番地の３,6740084
1140001037530,株式会社Ｋｉｎｇ　Ｓｔａｒ,兵庫県,明石市,東藤江２丁目８番６号,6730042
1140001037539,株式会社朋,兵庫県,明石市,朝霧山手町２２番１０号,6730853
1140001037571,リバー興産株式会社,兵庫県,明石市,東人丸町３１番１５号,6730876
1140001037588,株式会社来倭多,兵庫県,明石市,本町１丁目５番１３号,6730892
1140001037596,株式会社山端工業,兵庫県,明石市,二見町西二見４１３番地の３,6740094
1140001037621,株式会社モルフォアソシエイツ,兵庫県,明石市,大久保町わかば９番２−７１５号,6740069
1140001037646,株式会社ＢＯＸ,兵庫県,明石市,鍛治屋町２番１２号,6730884
1140001037695,株式会社ＰａＶｅ,兵庫県,明石市,魚住町西岡１８６２番地カーネギー２０７号,6740084
1140001037729,株式会社Ｃ．Ｖ．Ｓ．明石コースト,兵庫県,明石市,藤江３２６番地の１アルス西明石コースト７１２号,6730044
1140001037745,エムエムシーツーリング株式会社,兵庫県,明石市,魚住町金ケ崎西大池１７９番地１,6740071
1140001037753,ニシオカトレーディング株式会社,兵庫県,明石市,西明石北町１丁目６番１５号,6730018
1140001037778,株式会社明石浦正,兵庫県,明石市,日富美町１４番２３号メルゼス明石１階,6730896
1140001037786,木戸食品株式会社,兵庫県,明石市,西新町１丁目１７番５号,6730023
1140001037811,株式会社新幸ヒーリング,兵庫県,明石市,大蔵中町１７番２１号,6730873
1140001037852,株式会社ｌ’ａｄｏｒｅ,兵庫県,明石市,魚住町住吉４丁目１６番１７号,6740083
1140001037877,株式会社オーダーテーカー,兵庫県,明石市,二見町福里１３５番地の１１,6740091
1140001037885,伊藤工業株式会社,兵庫県,明石市,大蔵谷奥１４番１号,6730867
1140001037893,株式会社瀧井,兵庫県,明石市,二見町西二見１５７番地の１２８,6740094
1140001037910,株式会社ビーチツリーＦＰオフィス,兵庫県,明石市,大久保町西島５０２番地の８,6740065
1140001037919,株式会社ラコンテ,兵庫県,明石市,小久保２丁目１番地の９,6730005
1140001037935,株式会社ケアプランセンター稲穂,兵庫県,明石市,大久保町大窪８５４番地の７,6740051
1140001037976,新興エンジニアリング株式会社,兵庫県,明石市,魚住町清水字北澤１０９８番地,6740074
1140001037984,株式会社ライブリッツ,兵庫県,明石市,魚住町西岡１３１７番地の２,6740084
1140001038181,株式会社吉川アルミ工輝,兵庫県,明石市,鳥羽１５０２番地の３,6730003
1140001042431,明石ガス株式会社,兵庫県,明石市,大久保町大久保町４４４番地の１,6740067
1140001067445,株式会社クロニクル,兵庫県,明石市,魚住町長坂寺３８８番地の８,6740072
1140001067536,株式会社トラスト,兵庫県,明石市,大久保町茜２丁目４番１４号,6740059
1140001067577,株式会社熊谷新聞舗,兵庫県,明石市,大久保町わかば１０番２８号,6740069
1140001067668,株式会社ＲｅＢＯＲＮ,兵庫県,明石市,硯町２丁目６番３８号,6730028
1140001067692,株式会社シゲオカ,兵庫県,明石市,硯町３丁目６番１７号,6730028
1140001067718,株式会社美苑,兵庫県,明石市,和坂１１番地の１３グランツ美苑６Ａ,6730012
1140001077691,株式会社ラフィオ,兵庫県,明石市,小久保５丁目２番地１１岸ビル２Ｂ,6730005
1140001077766,株式会社ＡＬ神戸,兵庫県,明石市,硯町３丁目３番２５号,6730028
1140001086321,株式会社エムズデザインスペース,兵庫県,明石市,朝霧台３７８３番地の１６８、２０６号,6730852
1140001086602,株式会社フェアリーテイル,兵庫県,明石市,東朝霧丘１４番８号,6730854
1140001086809,株式会社ニュートラル,兵庫県,明石市,魚住町西岡１０１８番地の５,6740084
1140001086965,株式会社ファンテン,兵庫県,明石市,大明石町２丁目２番１８号,6730891
1140001086998,株式会社ＫＩＴ,兵庫県,明石市,大久保町八木１３７番地の１３,6740063
1140001087971,株式会社縁家,兵庫県,明石市,大蔵八幡町４−３６,6730871
1140001088202,株式会社ＧＥＩＳＴ,兵庫県,明石市,大久保町大久保町６６０番地の１,6740067
1140001088697,株式会社伊藤鉄筋,兵庫県,明石市,沢野２丁目１７−２,6730008
1140001088771,メルクリウスジャパン株式会社,兵庫県,明石市,松の内２丁目４番２ワコーレ西明石駅前ガーデンズ４０５号,6730016
1140001089811,株式会社新百年,兵庫県,明石市,二見町西二見８１０番地の１,6740094
1140001090612,株式会社ライフ・クリエイティブ企画,兵庫県,明石市,小久保６丁目１２番地の１７,6730005
1140001091247,株式会社伸洋,兵庫県,明石市,小久保６丁目７番地の９,6730005
1140001091998,株式会社チェラブ,兵庫県,明石市,太寺４丁目１６番３号,6730845
1140001092039,株式会社こはれ,兵庫県,明石市,和坂１１番３号生頼第１ビル１０１号,6730012
1140001092179,がまでん株式会社,兵庫県,明石市,魚住町清水２４００番地の１,6740074
1140001092369,株式会社明石魚家,兵庫県,明石市,南貴崎町２番１号エスポワール貴崎１０５号,6730035
1140001092716,株式会社ふくらすずめ,兵庫県,明石市,本町１丁目２番２９号明石追手ビル３０１号室,6730892
1140001092963,株式会社キュア,兵庫県,明石市,松の内１丁目１３番地の２４ヤングビル３階,6730016
1140001093391,株式会社ユースプレンディド,兵庫県,明石市,太寺４丁目１６番７号,6730845
1140001093499,株式会社谷口,兵庫県,明石市,魚住町清水２１８−５,6740074
1140001093697,株式会社そらいろ,兵庫県,明石市,松江３５３番地の２,6730036
1140001093994,株式会社リョーユ殖産,兵庫県,明石市,相生町２丁目６番５号,6730882
1140001094101,株式会社フリーヴ,兵庫県,明石市,二見町西二見２９２番地２−１０７号,6740094
1140001094290,アールデザイン株式会社,兵庫県,明石市,花園町１番地の２０,6730015
1140001094654,株式会社Ｓｏｌｅａｄｏ,兵庫県,明石市,大道町１丁目６番７号プラシード１０３号,6730029
1140001095363,株式会社バンテックス,兵庫県,明石市,二見町南二見１６−１０,6740093
1140001095479,株式会社建築士事務所ＨａｕｓＡｒｚｔ,兵庫県,明石市,大久保町駅前２丁目１番地の１０パレ・ロワイヤル壱番館２０１号室,6740058
1140001095867,株式会社あくあ,兵庫県,明石市,西明石南町３丁目６番５号,6730041
1140001095883,株式会社さくら物流,兵庫県,明石市,藤江２０１６番地の１３,6730044
1140001095966,株式会社フリーリア,兵庫県,明石市,朝霧南町４丁目１１番８号,6730870
1140001096122,株式会社明石木材工芸,兵庫県,明石市,硯町１丁目８番２８号,6730028
1140001096163,株式会社ｍｉｒａｉｅ,兵庫県,明石市,大観町１番１８号Ｆビル１Ｆ,6730897
1140001096279,株式会社エムプランニング,兵庫県,明石市,大久保町八木６９２番地の３,6740063
1140001098275,株式会社スマイルジョブ,兵庫県,明石市,硯町１丁目８番２９号,6730028
1140001098333,株式会社リンクシビル,兵庫県,明石市,大久保町大久保町６８３番地の７,6740067
1140001098548,株式会社サンアグリあかし,兵庫県,明石市,大久保町高丘７丁目７番地の９,6740057
1140001098837,株式会社モリゴー,兵庫県,明石市,二見町南二見１０番地の２,6740093
1140001099637,株式会社豊建工,兵庫県,明石市,魚住町清水３６４番地の１４,6740074
1140001099802,サクラスエステート株式会社,兵庫県,明石市,小久保２丁目１番地の４,6730005
1140001099810,株式会社ｅ−ｈｏｍｅ,兵庫県,明石市,藤江９８０番地の８,6730044
1140001099926,コトナス株式会社,兵庫県,明石市,魚住町清水６０７番地の２グローバル魚住ＩＩ−１１０１号,6740074
1140001100362,ＣＡＫＲＡ株式会社,兵庫県,明石市,材木町６−２ポートパレ１Ｆ,6730893
1140001100569,株式会社クレオ・アソシエイツ,兵庫県,明石市,二見町東二見１１６７番地の６,6740092
1140001101955,永楽堂グループＡｃｔ株式会社,兵庫県,明石市,鷹匠町５番１０−５０２号,6730848
1140001102524,株式会社ふたまる,兵庫県,明石市,朝霧南町２丁目２３３番地の１２,6730870
1140001102615,株式会社ＮＫＤ設備事務所,兵庫県,明石市,魚住町清水１３７−２ハリマビル２０４号室,6740074
1140001103191,株式会社鉄マグロ普及協会,兵庫県,明石市,大久保町松陰７６８番地の２７,6740053
1140001104330,株式会社ララ・ピース,兵庫県,明石市,西新町２丁目１５番１７号ＫＭビル２０１号,6730023
1140001105072,Ｍ＆Ｓ不動産株式会社,兵庫県,明石市,小久保３丁目５番地の１１,6730005
1140001105510,株式会社エマージェンス,兵庫県,明石市,藤江２０２８番地の６２,6730044
1140001106797,株式会社ハブアブラスト,兵庫県,明石市,大久保町高丘２丁目２番地９,6740057
1140001106806,株式会社コントレール,兵庫県,明石市,大久保町高丘３丁目１２番地の１１,6740057
1140001107639,株式会社グッドフーズ,兵庫県,明石市,本町１丁目９番９号シーサイドマンション１階,6730892
1140001107770,株式会社藤田組,兵庫県,明石市,大久保町山手台２丁目８２番地の３,6740056
1140001108298,株式会社トラスト,兵庫県,明石市,小久保５丁目７番地の２０,6730005
1140001108876,株式会社スマイ,兵庫県,明石市,東山町３７７３番地の１４４,6730868
1140001108950,株式会社Ｄホールディングス,兵庫県,明石市,野々上３丁目８番地７,6730017
1140001110898,株式会社Ｍａｃｋ’ｓ,兵庫県,明石市,田町２丁目６番２３号,6730025
1140001111244,株式会社シエスタ,兵庫県,明石市,朝霧町３丁目９番２号,6730866
1140001111616,株式会社ｉ−ｄｅｓｉｇｎ　ａｒｃｈｉｔｅｃｔ　ｆａｃｔｏｒｙ,兵庫県,明石市,天文町１丁目８−５−３０１号,6730881
1140001111913,Ｔ’ｓルーフ株式会社,兵庫県,明石市,魚住町西岡１７８２番地の４,6740084
1140001112192,株式会社サードプレイス,兵庫県,明石市,大久保町江井島８１５番地の１−Ａ２０２,6740064
1140001112457,株式会社ＴＡＧ,兵庫県,明石市,魚住町中尾５４４番地の２,6740082
1140001113232,株式会社ＣＯＣＯ,兵庫県,明石市,大久保町大窪２１６６番地マーベラス３０２号,6740051
1140001113240,ハウジング関西株式会社,兵庫県,明石市,大蔵中町２４番９−６０５号,6730873
1140001113570,株式会社魚作,兵庫県,明石市,鍛治屋町４番２４号,6730884
1140001113587,株式会社スリーセカンズ,兵庫県,明石市,魚住町西岡２３１２番地の１,6740084
1140001113678,株式会社にじいろ,兵庫県,明石市,大久保町森田１４２番地の２−２０１号,6740061
1140001114131,株式会社Ｂｒａｉｎ　ｓｔｙｌｅ,兵庫県,明石市,二見町東二見１８３２番地の３,6740092
1140001114321,株式会社フィオーレ,兵庫県,明石市,西明石南町２丁目３番７号グレイスハイツ西明石３０２号,6730041
1140001114486,株式会社アッペルハーケン,兵庫県,明石市,大久保町わかば２４番８号,6740069
1140001114610,日本ケルン株式会社,兵庫県,明石市,魚住町錦が丘１丁目１１−１９,6740081
1140001114949,株式会社旭,兵庫県,明石市,二見町東二見１１７−１−８０３,6740092
1140001115419,株式会社アステート,兵庫県,明石市,太寺２丁目９番１０号,6730845
1140001116152,吉市水産株式会社,兵庫県,明石市,藤江２０２９−１,6730044
1140001116433,株式会社ＯＢＴＴ,兵庫県,明石市,魚住町錦が丘１丁目１２−９,6740081
1140001116557,リブクリエイト株式会社,兵庫県,明石市,野々上３丁目１３番１２−１０２号室,6730017
1140001116573,株式会社Ｃｈｅｅｒｆｕｌ．,兵庫県,明石市,二見町東二見１３７７−２マンションＳＡＥＩ３０１,6740092
1140001116598,株式会社ふぇにっくす,兵庫県,明石市,宮の上２−１６−１０４,6730031
1140001117019,株式会社真成,兵庫県,明石市,田町２丁目９番３−１号,6730025
1140001117621,ハリマ防災株式会社,兵庫県,明石市,藤が丘１丁目１２番１号,6730046
1140001118009,奥原重工業株式会社,兵庫県,明石市,貴崎２丁目２２番８号,6730037
1140001118058,ＧＭ創電株式会社,兵庫県,明石市,松の内２丁目４番地の２、２０５号,6730016
1140001118504,株式会社りんね,兵庫県,明石市,藤江１９４９番地の８,6730044
1140001119741,ラクスルホーム株式会社,兵庫県,明石市,大久保町ゆりのき通１丁目５−２１シャトーＫＳ−１Ｆ,6740068
1140001120063,株式会社日本ＢＩＧネットワーク関西,兵庫県,明石市,本町１丁目１５番１号,6730892
1140001120303,株式会社Ｏ’ｓ　Ｂｉｚ,兵庫県,明石市,西新町３丁目１５番１９号,6730023
1140001120427,株式会社トライロ,兵庫県,明石市,魚住町錦が丘４丁目１３番地の３,6740081
1140001120534,株式会社廣建設,兵庫県,明石市,大久保町茜２丁目１３番３号,6740059
1140001120617,株式会社メイセイフーズ,兵庫県,明石市,藤江２０２９番地の１,6730044
1140001121508,ＭｓＷｏｒｋｓ株式会社,兵庫県,明石市,田町２丁目９番２１号フローリッシュＩＩ−３０２号,6730025
1140001121706,株式会社林電設,兵庫県,明石市,大久保町大窪２６０４番地の３１,6740051
1140001121730,株式会社トラスティ,兵庫県,明石市,野々上３丁目１４番地の６,6730017
1140001122555,株式会社恵寿,兵庫県,明石市,大明石町２丁目４番１７号,6730891
1140001122811,株式会社ｋ．ｍサービス,兵庫県,明石市,大久保町大窪３３２４番地グラン・アビタシオン３０５号,6740051
1140001123099,Ｋ・Ｙ警備株式会社,兵庫県,明石市,硯町３丁目３番１４−４０２号,6730028
1140001123248,ダーウィン株式会社,兵庫県,明石市,大久保町大窪３２７５番地,6740051
1140001123347,株式会社田中屋,兵庫県,明石市,東仲ノ町３−４１−５０１号,6730886
1140001123644,株式会社ＳＮＡサービス,兵庫県,明石市,大久保町西脇５９２−３,6740054
1140001123743,株式会社織田酒店,兵庫県,明石市,西明石南町２丁目１８番４号,6730041
1140001123883,株式会社コラージュ・トゥエルブ,兵庫県,明石市,魚住町金ケ崎１３５７番地,6740071
1140001124048,株式会社ヤマト総合産業,兵庫県,明石市,魚住町錦が丘３丁目４番地の３７,6740081
1140001124353,株式会社Ｄｉｏ,兵庫県,明石市,大久保町大久保町３０５番地の５,6740067
1140001124519,株式会社開源産業,兵庫県,明石市,大久保町大窪３０５３番地の１,6740051
1140001124790,株式会社ＭＹＯＪＯ,兵庫県,明石市,藤江１３８０番地の１９,6730044
1140001125054,株式会社ラフスペース,兵庫県,明石市,大久保町谷八木７５９番地２,6740062
1140001125129,株式会社ｂｅｔ,兵庫県,明石市,小久保４丁目１番地の９タウニー西明石Ｂ棟２０１号,6730005
1140001125244,ＨＵＯＮＧＶＩＥＴ株式会社,兵庫県,明石市,松江４２９−１シアブルー２０４号,6730036
1140001125475,フードサプライマネジメント株式会社,兵庫県,明石市,藤江２０２８番地の１８,6730044
1140001125582,株式会社Ｏｎｅ　Ｄｅｓｉｇｎ,兵庫県,明石市,松の内１丁目９−７,6730016
1140001125657,ｗｉｌｄ　ｐｌｕｓ株式会社,兵庫県,明石市,茶園場町３番２−１０２号,6730849
1140001126044,株式会社Ｌｉｆｅ　Ｎａｔｉｖｅ,兵庫県,明石市,二見町西二見１６番地の１,6740094
1140001126382,株式会社マルサンライン,兵庫県,明石市,大久保町江井島６０８番地の１,6740064
1140001126754,株式会社大和テック,兵庫県,明石市,沢野南町１丁目５番４号,6730019
1140001126936,株式会社長野工業,兵庫県,明石市,二見町福里１５２番地の１０,6740091
1140001127777,株式会社成松車輌,兵庫県,明石市,和坂１丁目１５番５−４１６号,6730012
1140001128957,ｆｒｏｍ　ｎｏｗ株式会社,兵庫県,明石市,二見町東二見８９７番地の２,6740092
1140001129039,株式会社セイテック,兵庫県,明石市,二見町東二見７５２番地の４,6740092
1140001129393,Ｌｏｃｏ　ＳＴＹＬＥ株式会社,兵庫県,明石市,大久保町西島３８７番地の１１,6740065
1140001129781,株式会社ユレスク,兵庫県,明石市,沢野２丁目１４番８号,6730008
1140001129864,株式会社ＭＯＮＯ設計室,兵庫県,明石市,明南町２丁目６番２０号,6730001
1140001130244,株式会社Ｇｅｎｅｖｉｅ,兵庫県,明石市,大久保町大久保町９４７番地の９２,6740067
1140001130715,Ｔ．２商会株式会社,兵庫県,明石市,魚住町住吉１丁目８番９−１号,6740083
1140001133247,岡野プロパティパートナーズ株式会社,兵庫県,明石市,太寺天王町２８５７番地の６,6730841
1140001133453,株式会社Ｅａｃｈ　Ｐｌａｎ,兵庫県,明石市,大久保町西島１０５５番地の１０,6740065
1140001133890,株式会社ＳＡＤＡ,兵庫県,明石市,貴崎３丁目２２番４号,6730037
1140001134088,スポットオン株式会社,兵庫県,明石市,川崎町２−１２−１５２８,6730014
1140001134286,株式会社ドレスハウスフェアリー,兵庫県,明石市,太寺天王町２８０４番地の４,6730841
1140001134435,株式会社ＴＯＫＩＴＯＫＵ,兵庫県,明石市,貴崎３丁目２２番２７号,6730037
1140001134625,大管テクノ株式会社,兵庫県,明石市,和坂１丁目１３番地の３,6730012
1140001134757,岡田工業株式会社,兵庫県,明石市,大久保町大久保町６５２番地の１,6740067
1140001135805,株式会社ＳＨＯＴＥＣ,兵庫県,明石市,二見町西二見６１０番地の１８,6740094
1140001135986,株式会社ジョイスト,兵庫県,明石市,二見町西二見７４１番地の１３,6740094
1140001136480,株式会社ユキ不動産,兵庫県,明石市,旭が丘３番６号,6730002
1140001136646,株式会社ＭＩＮＡ兵庫,兵庫県,明石市,大久保町谷八木１１２３−１,6740062
1140001136968,株式会社フロンティアプラス,兵庫県,明石市,魚住町住吉３丁目１２４４−２−１Ｆ,6740083
1140001137743,株式会社Ｍｅｘｙｚ,兵庫県,明石市,西明石北町３丁目２２番２号,6730018
1140001138403,みなと地所株式会社,兵庫県,明石市,東仲ノ町１０番１８号みなとビル明石東仲ノ町６階,6730886
1140001138477,池水設備株式会社,兵庫県,明石市,大蔵町１４番９号,6730872
1140001138493,株式会社ＳＥＩＴＥＣ,兵庫県,明石市,二見町東二見７５２−４,6740092
1140001138725,株式会社モリゴーホールディングス,兵庫県,明石市,二見町南二見１０番地の２,6740093
1140001139426,株式会社ＦＵＴＡＴＵＫＩ,兵庫県,明石市,大久保町駅前１丁目１３番地の２６水野ビル２階,6740058
1140001139624,株式会社ＥＮＬｉＮＫ,兵庫県,明石市,西明石北町３丁目１２番１号小西ビル１Ｂ,6730018
1140001140680,株式会社アクアルルーフ,兵庫県,明石市,魚住町錦が丘４丁目１３番地の８,6740081
1140001141191,株式会社Ｆｕｎｃｔｉｏｎａｌ,兵庫県,明石市,大久保町大窪２７２６番地の３,6740051
1140001141349,ＨＤＫ　ＤＥＳＩＧＮ　ＢＵＩＬＤ株式会社,兵庫県,明石市,大久保町山手台２丁目５番地の８,6740056
1140001141927,Ｐｏｃｋｅｔ　Ｅｘｃｅｅｄ株式会社,兵庫県,明石市,本町１丁目２番３３号興生ビル４Ｆ−１６,6730892
1140001142462,株式会社ミライズ,兵庫県,明石市,二見町東二見７５２−４,6740092
1140002028272,株式会社アント,兵庫県,明石市,魚住町清水２３４６番地の１,6740074
1140002029502,株式会社ヒオキ住建,兵庫県,明石市,魚住町鴨池１番地の１０,6740073
1140003005709,人丸メディカル株式会社,兵庫県,明石市,上ノ丸２丁目６番３０号,6730846
1140003010584,株式会社アルタージュ,兵庫県,明石市,大久保町駅前１丁目１０番地２３号住野ファーストビル３階,6740058
2020001148561,株式会社ＷＡＮＴ,兵庫県,明石市,相生町２丁目５番３０号いとやビル４階,6730882
2120001136102,株式会社新神鉱油,兵庫県,明石市,魚住町清水２０４５番地の４,6740074
2120001160837,株式会社アイ・アール技研,兵庫県,明石市,魚住町金ケ崎１１６８番地の１,6740071
2120001184704,ＫＡＨＭジャパン株式会社,兵庫県,明石市,西明石町５丁目６番７号,6730011
2120001193119,ＰＲＡＩＳＥ株式会社,兵庫県,明石市,魚住町西岡２７４−１,6740084
2120001203546,株式会社ナナハトモニー,兵庫県,明石市,大久保町駅前２丁目９番地９トモニービル,6740058
2120001213388,株式会社オフィスジャッジ,兵庫県,明石市,魚住町西岡２１５９番地の１７,6740084
2120001240201,金井貿易株式会社,兵庫県,明石市,上ノ丸２丁目１１−２１リラフォート１０２,6730846
2120103003885,株式会社オリーブ,兵庫県,明石市,東藤江２丁目１４番１５号,6730042
2130001056489,株式会社小笠原,兵庫県,明石市,大久保町ゆりのき通１丁目４番地の２．１−８０３号,6740068
2140001004736,株式会社児玉商会,兵庫県,明石市,二見町東二見６４５番地の１,6740092
2140001004851,新星住宅株式会社,兵庫県,明石市,大久保町大窪１６６６番地の１１,6740051
2140001014074,株式会社藤原組,兵庫県,明石市,西明石町５丁目１番３１号,6730011
2140001023785,株式会社リクルーティングアドコープ,兵庫県,明石市,小久保１丁目３番地の４,6730005
2140001025856,株式会社大園鉄工所,兵庫県,明石市,大久保町高丘３丁目１番地の２大久保東第２団地２９号棟１０２号室,6740057
2140001026334,株式会社ＲｏｏｍＢａｎｋ,兵庫県,明石市,山下町１３番１４号,6730878
2140001027398,株式会社アレグレット,兵庫県,明石市,大久保町谷八木７５９番地２,6740062
2140001030187,株式会社垂水精工,兵庫県,明石市,大久保町福田３丁目２番４４号,6740066
2140001031441,株式会社Ｐ＆Ｋ,兵庫県,明石市,和坂１丁目８番３９号,6730012
2140001033470,あんしんネットサービス株式会社,兵庫県,明石市,二見町東二見１１４８番地の１７,6740092
2140001034378,株式会社明石ウオズミゴルフクラブ,兵庫県,明石市,魚住町金ケ崎１６１０番地の３,6740071
2140001034394,明石建設株式会社,兵庫県,明石市,西明石町５丁目１３番２７号,6730011
2140001034403,明石神栄商事株式会社,兵庫県,明石市,樽屋町１１番２号,6730898
2140001034436,株式会社明石調剤薬局,兵庫県,明石市,大久保町ゆりのき通１丁目５−１５,6740068
2140001034460,株式会社アイオンネット,兵庫県,明石市,大明石町１丁目７番４号,6730891
2140001034469,株式会社アール建設,兵庫県,明石市,野々上３丁目１３番地の１０,6730017
2140001034477,株式会社あさぎり建設,兵庫県,明石市,大蔵谷字狩口１８１番地の６ビラ朝霧２Ｆ２０２号,6730863
2140001034485,朝比奈興産株式会社,兵庫県,明石市,二見町東二見１４５７番地の４,6740092
2140001034493,株式会社アンデックス,兵庫県,明石市,大久保町大久保町７２７番地,6740067
2140001034502,イーテッド株式会社,兵庫県,明石市,松が丘４丁目３番４−１０２号,6730862
2140001034519,株式会社石谷石材,兵庫県,明石市,西新町１丁目２２番３号,6730023
2140001034527,株式会社一カク工業,兵庫県,明石市,大久保町八木４２３番地,6740063
2140001034535,戸田測量建設株式会社,兵庫県,明石市,大蔵町２６番地の３,6730872
2140001034543,株式会社岩井商店,兵庫県,明石市,本町１丁目１０番５号,6730892
2140001034551,株式会社岩本工務店,兵庫県,明石市,大久保町高丘６丁目６番地の９,6740057
2140001034568,株式会社魚六商店,兵庫県,明石市,林崎町２丁目３番１６号,6730033
2140001034576,ヴューテック株式会社,兵庫県,明石市,大久保町大窪字中原２２１番の４０,6740051
2140001034584,株式会社松田会計事務所,兵庫県,明石市,山下町６番９号,6730878
2140001034601,株式会社エントリー,兵庫県,明石市,和坂３丁目８番２４号,6730012
2140001034618,株式会社エム・ワイ・シー,兵庫県,明石市,大久保町江井島池下９５８番地の１,6740064
2140001034626,尾栄株式会社,兵庫県,明石市,二見町東二見１９１８番地,6740092
2140001034634,株式会社大久保モータース,兵庫県,明石市,大久保町大窪２８０番地,6740051
2140001034650,株式会社オートサロンウサミ,兵庫県,明石市,大久保町大窪６０４番地の１,6740051
2140001034659,オールサプライ株式会社,兵庫県,明石市,西明石西町１丁目８番５号,6730049
2140001034667,株式会社奥乃組,兵庫県,明石市,朝霧台３７７６番地の１０４,6730852
2140001034683,株式会社垣内商事,兵庫県,明石市,二見町南二見１番地の１３,6740093
2140001034691,関西超硬合金株式会社,兵庫県,明石市,魚住町中尾字長谷３８９番地,6740082
2140001034700,株式会社柏木設備工業所,兵庫県,明石市,西明石町３丁目９番１３号,6730011
2140001034709,株式会社片平工務店,兵庫県,明石市,明南町１丁目１４番２３号,6730001
2140001034717,株式会社金子エンジニアリング,兵庫県,明石市,立石２丁目３番３０フラワ−メゾン立石ＩＩ−２０１号,6730032
2140001034725,株式会社金長青果,兵庫県,明石市,藤江２０２９番地の１明石市公設地方卸売市場内,6730044
2140001034741,株式会社河内設備工業,兵庫県,明石市,二見町西二見７５７番地の１,6740094
2140001034758,株式会社貴崎花房工業,兵庫県,明石市,南貴崎町３番２号,6730035
2140001034766,株式会社きとみ電器,兵庫県,明石市,王子２丁目１９番１９号,6730022
2140001034774,共栄不動産株式会社,兵庫県,明石市,小久保１丁目５番地の１,6730005
2140001034782,パル建設株式会社,兵庫県,明石市,本町２丁目２番２０号,6730892
2140001034790,株式会社久寿米木建設,兵庫県,明石市,魚住町住吉４丁目１６番９０号,6740083
2140001034808,株式会社ケイ．イー．アイ,兵庫県,明石市,西明石東町５番地の１６（３０１）,6730009
2140001034816,ＫＤＫトレーディング株式会社,兵庫県,明石市,大久保町江井島８０３番地の１,6740064
2140001034824,株式会社高栄建設,兵庫県,明石市,松江９０番地,6730036
2140001034832,株式会社江大土地,兵庫県,明石市,大久保町江井島９６６番地,6740064
2140001034840,神戸電機産業株式会社,兵庫県,明石市,大久保町江井島８７５番地の１,6740064
2140001034849,弘由運輸機工株式会社,兵庫県,明石市,魚住町錦が丘１丁目１３番地の１４,6740081
2140001034857,近藤金属工業株式会社,兵庫県,明石市,魚住町金ケ崎字竹末１１４２番地の２,6740071
2140001034865,株式会社小西竜寅商店,兵庫県,明石市,本町１丁目５番２号,6730892
2140001034881,株式会社サンケン,兵庫県,明石市,太寺大野町２６９４番地の９,6730843
2140001034898,三協住宅設備株式会社,兵庫県,明石市,小久保２丁目１０番地の４,6730005
2140001034915,株式会社三宮ホテル,兵庫県,明石市,大明石町１丁目６番２２号,6730891
2140001034923,三洋建設株式会社,兵庫県,明石市,松の内２丁目９番地の１４,6730016
2140001034931,三和工業株式会社,兵庫県,明石市,大久保町谷八木土林９１５番地の１,6740062
2140001034948,株式会社シィメス,兵庫県,明石市,材木町１１番２３号,6730893
2140001034972,シバタ工業株式会社,兵庫県,明石市,魚住町中尾１０５８番地,6740082
2140001034980,株式会社神明電機,兵庫県,明石市,桜町１４番２４号,6730885
2140001034989,株式会社昭和電機製作所,兵庫県,明石市,大久保町江井島字三ツ矢１３９１番地,6740064
2140001034997,親和観光株式会社,兵庫県,明石市,松の内２丁目３番地の９,6730016
2140001035005,株式会社菅亀,兵庫県,明石市,藤江２０２８番地の９,6730044
2140001035013,株式会社スミノコーポレーション,兵庫県,明石市,大久保町駅前１丁目１０番地の２３,6740058
2140001035021,株式会社昇神,兵庫県,明石市,小久保１丁目１６番５号,6730005
2140001035038,相合商事株式会社,兵庫県,明石市,大蔵八幡町４番３２号,6730871
2140001035046,泰栄建設株式会社,兵庫県,明石市,大久保町西島４２８番地の１,6740065
2140001035054,株式会社大幸建設,兵庫県,明石市,魚住町住吉１丁目３番１５号,6740083
2140001035062,株式会社泰成建築設計事務所,兵庫県,明石市,林崎町３丁目５６８番１,6730033
2140001035070,株式会社ダイチ興産,兵庫県,明石市,鳥羽沢野１９７８番地の１０,6730003
2140001035079,太陽酒造株式会社,兵庫県,明石市,大久保町江井島７８９番地,6740064
2140001035087,株式会社竹内工務店,兵庫県,明石市,大久保町大窪１７１４番地の４,6740051
2140001035104,株式会社竹中工作所,兵庫県,明石市,田町２丁目８番５号,6730025
2140001035112,株式会社タカヨセ興産,兵庫県,明石市,朝霧東町２丁目８番１９号,6730860
2140001035129,株式会社タナカ企画,兵庫県,明石市,林３丁目１６番４号,6730034
2140001035137,丹波屋金物株式会社,兵庫県,明石市,鍛治屋町４番２７号,6730884
2140001035145,竹生株式会社,兵庫県,明石市,二見町福里大道星３１０番地３,6740091
2140001035161,槌屋ロープ株式会社,兵庫県,明石市,魚住町金ケ崎字佃３１７番地,6740071
2140001035178,株式会社テクノツリー,兵庫県,明石市,魚住町清水５３４番地の７,6740074
2140001035186,東亜製油株式会社,兵庫県,明石市,田町２丁目１番１９号,6730025
2140001035194,株式会社東播ライスセンター,兵庫県,明石市,王子１丁目６番６号,6730022
2140001035203,東洋商事株式会社,兵庫県,明石市,本町１丁目８番１号,6730892
2140001035228,株式会社ナイガイサービス,兵庫県,明石市,魚住町西岡２０５０番地,6740084
2140001035244,永田輪業株式会社,兵庫県,明石市,大久保町福田１６２番地の４,6740066
2140001035252,株式会社中村建設,兵庫県,明石市,藤江２０２８番地の３８,6730044
2140001035269,西海酒造株式会社,兵庫県,明石市,魚住町金ケ崎１３５０番地,6740071
2140001035277,日栄産業株式会社,兵庫県,明石市,相生町２丁目８番２号,6730882
2140001035285,ニッコー殖産株式会社,兵庫県,明石市,藤江１６２５番地の１,6730044
2140001035293,日扇フーヅ株式会社,兵庫県,明石市,二見町東二見１２８番地,6740092
2140001035302,日電鈑金株式会社,兵庫県,明石市,大久保町八木高僧３６１番地の１,6740063
2140001035310,日本精密工業株式会社,兵庫県,明石市,大久保町江井島１３０４番地の１５,6740064
2140001035319,ネットワークサービス株式会社,兵庫県,明石市,花園町１番地の１,6730015
2140001035327,株式会社ハイデン研究所,兵庫県,明石市,魚住町清水４６５の１,6740074
2140001035335,パシフィックアンドオリエントジャパン株式会社,兵庫県,明石市,和坂１２番地の２山崎ビル１Ｆ,6730012
2140001035343,バンシュー株式会社,兵庫県,明石市,大久保町大久保町４６２番地の１,6740067
2140001035376,株式会社ピーシーデザイン設計事務所,兵庫県,明石市,大久保町山手台２丁目１１４番地の２,6740056
2140001035384,株式会社一橋アカデミー,兵庫県,明石市,西明石南町２丁目１３番４号,6730041
2140001035401,兵庫日野整備株式会社,兵庫県,明石市,藤江字三ツ池２０３０番地の１,6730044
2140001035418,株式会社ファミックス住研,兵庫県,明石市,小久保２丁目１番地の６,6730005
2140001035426,藤江興産株式会社,兵庫県,明石市,藤が丘２丁目１７番３号,6730046
2140001035434,株式会社フジックス,兵庫県,明石市,魚住町清水字北沢１０８５番地,6740074
2140001035442,株式会社フジヤ,兵庫県,明石市,大久保町高丘７丁目２７番地の６,6740057
2140001035450,株式会社フミ,兵庫県,明石市,大久保町駅前１丁目５番地の９,6740058
2140001035459,株式会社ブランディア,兵庫県,明石市,小久保１２０番地の５５,6730005
2140001035467,株式会社ベストポケツト,兵庫県,明石市,大久保町江井島６６６番地の１,6740064
2140001035483,政井建設工業株式会社,兵庫県,明石市,大久保町大窪２３３８番地,6740051
2140001035491,株式会社マシマム,兵庫県,明石市,朝霧南町２丁目１番１号,6730870
2140001035509,株式会社丸善,兵庫県,明石市,天文町２丁目５番８号,6730881
2140001035517,株式会社丸満建設,兵庫県,明石市,貴崎２丁目５番３号,6730037
2140001035541,株式会社ミヤコオート,兵庫県,明石市,大久保町松陰１１１８番地の１,6740053
2140001035558,株式会社明花園,兵庫県,明石市,野々上３丁目１３番地の８,6730017
2140001035574,株式会社明神,兵庫県,明石市,大明石町２丁目８番２号,6730891
2140001035582,株式会社名石園,兵庫県,明石市,北朝霧丘１丁目１６２９番地,6730857
2140001035590,明松水道工業株式会社,兵庫県,明石市,魚住町西岡３２１番地の４,6740084
2140001035599,明和機工株式会社,兵庫県,明石市,大久保町西脇７０４番地の２,6740054
2140001035616,株式会社安尾建設,兵庫県,明石市,北朝霧丘１丁目１６２９番地５９−５０６号,6730857
2140001035624,山内化学鍍金株式会社,兵庫県,明石市,二見町南二見１９番地の１,6740093
2140001035632,株式会社山崎工務店,兵庫県,明石市,藤が丘２丁目２５番１号,6730046
2140001035640,株式会社山田勝商店,兵庫県,明石市,大久保町大久保町７３３番地,6740067
2140001035649,株式会社山森工務店,兵庫県,明石市,太寺３丁目２番２０号,6730845
2140001035657,株式会社ユーワ,兵庫県,明石市,二見町西二見１８番地の４０,6740094
2140001035665,よしかわ株式会社,兵庫県,明石市,朝霧北町１１１１番地の８,6730851
2140001035698,株式会社リセーブ,兵庫県,明石市,本町２丁目９番６号ＲＳ本町ビル４Ｆ,6730892
2140001035707,株式会社ルーツ,兵庫県,明石市,松の内２丁目５番地の２松の内ビル４階,6730016
2140001035723,株式会社ピースフルホーム,兵庫県,明石市,大久保町江井島５４５番地の１,6740064
2140001035731,株式会社リバーシステム,兵庫県,明石市,大明石町１丁目７番３３号,6730891
2140001035772,株式会社商文社,兵庫県,明石市,魚住町西岡１７４７番地の１,6740084
2140001035806,株式会社奥野建材,兵庫県,明石市,魚住町長坂寺２７８番地,6740072
2140001035822,株式会社アカデミー建設,兵庫県,明石市,大久保町松陰１１１９番地の６,6740053
2140001035839,株式会社シーアンドシー,兵庫県,明石市,魚住町清水２０５９番地の４,6740074
2140001035855,株式会社晃栄電子,兵庫県,明石市,松の内１丁目１０番地の３,6730016
2140001035995,株式会社水研パイプシステム,兵庫県,明石市,大久保町江井島１０４３番地の１,6740064
2140001036044,テクノスジャパン株式会社,兵庫県,明石市,硯町３丁目４番７号,6730028
2140001036738,株式会社サポートホームサービス,兵庫県,明石市,本町１丁目１番２８号,6730892
2140001036762,株式会社アースリンク,兵庫県,明石市,小久保１丁目５番地７−２０２号,6730005
2140001036779,インディビジュアルシステムズ株式会社,兵庫県,明石市,大蔵八幡町１番１０−５１６号,6730871
2140001036861,株式会社ツジヨシ,兵庫県,明石市,東藤江１丁目８番１号,6730042
2140001036911,株式会社ティ・ブライトン,兵庫県,明石市,小久保１２０−５５−Ａ２０４,6730005
2140001036928,株式会社丹甫,兵庫県,明石市,本町１丁目１２番１８号マルマツビル１Ｆ,6730892
2140001036936,株式会社興龍,兵庫県,明石市,朝霧台３７７６番地の１０１,6730852
2140001036944,株式会社パサデナ,兵庫県,明石市,松の内２丁目８番地の２の２０１,6730016
2140001036960,株式会社相互クリエイト,兵庫県,明石市,大久保町西島１７８番地の２,6740065
2140001036977,株式会社Ｐｕｒｅ,兵庫県,明石市,大久保町駅前１丁目７−５,6740058
2140001037067,政工務店株式会社,兵庫県,明石市,魚住町中尾５４５番地の１５,6740082
2140001037117,株式会社ＨＡＳＥＧＡＷＡ,兵庫県,明石市,魚住町住吉４丁目１０番２３号,6740083
2140001037125,株式会社ユキエクセレント,兵庫県,明石市,西新町２丁目１２番２４号,6730023
2140001037133,株式会社三貴不動産鑑定,兵庫県,明石市,本町２丁目１番７号熊本ビル４階,6730892
2140001037158,株式会社ＬＵＳＴＥＲ　ＶＡＮ,兵庫県,明石市,大蔵天神町１２番１１号,6730875
2140001037166,株式会社橋本興業,兵庫県,明石市,西新町３丁目６番８号,6730023
2140001037224,株式会社碧峯,兵庫県,明石市,二見町福里１３６番地の９,6740091
2140001037240,株式会社イケダ住宅管理,兵庫県,明石市,松の内１丁目１３番地の６,6730016
2140001037257,ビスタワールド株式会社,兵庫県,明石市,貴崎４丁目６番３号,6730037
2140001037281,株式会社Ｋ２ＬＩＮＥ,兵庫県,明石市,朝霧町２丁目１３番２６号,6730866
2140001037307,株式会社いちなり,兵庫県,明石市,魚住町清水４５７番地の７,6740074
2140001037315,株式会社ユウアイメディカル,兵庫県,明石市,二見町東二見４６０番地の５,6740092
2140001037331,株式会社アンドワークス,兵庫県,明石市,新明町２番１３号,6730027
2140001037406,株式会社真征商事,兵庫県,明石市,藤江１３５−１,6730044
2140001037447,株式会社オールウェイズ,兵庫県,明石市,大久保町大窪１８１７番地１,6740051
2140001037455,エムズ株式会社,兵庫県,明石市,西明石北町１丁目１１番２２号,6730018
2140001037488,株式会社ウエストホームＫＯＢＥ,兵庫県,明石市,大久保町江井島５４５−１,6740064
2140001037505,株式会社明石市民球団,兵庫県,明石市,相生町２丁目７番１２号,6730882
2140001037513,株式会社い川,兵庫県,明石市,大久保町駅前１丁目７番地の１２リアルティ大久保駅前２０２号,6740058
2140001037521,エビス運送株式会社,兵庫県,明石市,朝霧山手町２３番２０号,6730853
2140001037538,株式会社ボヌール,兵庫県,明石市,大久保町大窪１７０７番４,6740051
2140001037546,株式会社ドゥ・ビィ,兵庫県,明石市,大久保町八木１６５番地の３,6740063
2140001037554,株式会社ＥＲＴ,兵庫県,明石市,西明石西町２丁目６番２号,6730049
2140001037562,株式会社山本,兵庫県,明石市,魚住町西岡２４２４番地の４,6740084
2140001037579,株式会社Ｎ＆Ｓメディカルサプライ,兵庫県,明石市,魚住町清水７５８,6740074
2140001037604,株式会社明石,兵庫県,明石市,大蔵町５５番１２号,6730872
2140001037612,ＡＬＬ　ＴＥＣ株式会社,兵庫県,明石市,西新町２丁目１番６−９１５号,6730023
2140001037661,株式会社ＳＯＬＡＰＩＳ,兵庫県,明石市,松の内２丁目１番地の１１、７０２号,6730016
2140001037678,徳永建設株式会社,兵庫県,明石市,大久保町松陰新田字一番丁場４５−６,6740052
2140001037694,株式会社ＪＢＳ,兵庫県,明石市,北王子町４番４号,6730021
2140001037703,株式会社メディトラスト,兵庫県,明石市,大久保町大窪２０７５番地の７,6740051
2140001037752,株式会社グッドスマイル,兵庫県,明石市,魚住町西岡字山ノ裾５０４番地の１,6740084
2140001037760,株式会社オフィス乱,兵庫県,明石市,松の内２丁目４番地１０ユタカ第一ビル１階,6730016
2140001037769,株式会社シブカワ,兵庫県,明石市,小久保６丁目１５番地の５,6730005
2140001037777,ＨＰＳ株式会社,兵庫県,明石市,二見町福里１０９番地の８,6740091
2140001037785,シンフォニアマイクロテック株式会社,兵庫県,明石市,本町２丁目２番２０号,6730892
2140001037793,株式会社ＦｕｎＦｕｌｌ,兵庫県,明石市,立石２丁目３−３２,6730032
2140001037802,株式会社今里経営,兵庫県,明石市,大明石町２丁目５番１−１２４号,6730891
2140001037810,孫の手株式会社,兵庫県,明石市,大久保町西島８１６−１３,6740065
2140001037835,株式会社ディー・シィー・エス,兵庫県,明石市,相生町１丁目１番５号,6730882
2140001037851,株式会社東山学館,兵庫県,明石市,本町１丁目１番２４号大日明石本町ビル５０３号,6730892
2140001037868,池田商事株式会社,兵庫県,明石市,太寺３丁目７番２７号,6730845
2140001037876,株式会社れんが舎,兵庫県,明石市,大久保町緑が丘２７番１６号,6740055
2140001037892,アークコネクト株式会社,兵庫県,明石市,天文町１丁目７番８号,6730881
2140001037918,オークス株式会社,兵庫県,明石市,大久保町江井島７９８−２,6740064
2140001037934,株式会社源氏屋,兵庫県,明石市,明南町２丁目１０番１３号,6730001
2140001037942,オールケイ株式会社,兵庫県,明石市,西明石南町２丁目１８番１３号,6730041
2140001037959,株式会社杉本興産,兵庫県,明石市,小久保２丁目６番地の１,6730005
2140001037967,株式会社ナカニシコーポレーション,兵庫県,明石市,魚住町清水１４１番地,6740074
2140001037975,明石防災設備株式会社,兵庫県,明石市,魚住町西岡２０３４番地の１０,6740084
2140001037983,株式会社Ｒフューチャ,兵庫県,明石市,大久保町西島６４３番地の６,6740065
2140001038081,クリスタル株式会社,兵庫県,明石市,中崎２丁目７番３１−１５０５号,6730883
2140001038148,ノースエッジ株式会社,兵庫県,明石市,本町１丁目９番９−５０１号,6730892
2140001044476,株式会社ＡＳＨＩＡ,兵庫県,明石市,魚住町住吉１丁目１番１５号,6740083
2140001045796,株式会社匠創建,兵庫県,明石市,魚住町清水２１９７番地の１プレミスト明石土山６０５号,6740074
2140001046357,株式会社Ｄｉｍｏ,兵庫県,明石市,樽屋町８−３４大同生命ビル６０５,6730898
2140001047264,株式会社和蔵,兵庫県,明石市,大蔵中町６番３号,6730873
2140001049426,セイコー化工機株式会社,兵庫県,明石市,二見町南二見１５番地３,6740093
2140001057362,カナリアＭＳ株式会社,兵庫県,明石市,大久保町ゆりのき通２丁目３番地の５、３−３０６号,6740068
2140001058674,株式会社ケーネット,兵庫県,明石市,大久保町大窪５７８番地,6740051
2140001058971,三栄産業株式会社,兵庫県,明石市,太寺３丁目６番５号,6730845
2140001060135,株式会社天国,兵庫県,明石市,上ノ丸２丁目１−１２,6730846
2140001067353,株式会社Ａ．Ｇ．Ｓ．,兵庫県,明石市,朝霧北町３７７７−１９０−Ａ−２０６,6730851
2140001067361,株式会社みずほ保険サービス,兵庫県,明石市,魚住町住吉２丁目２５番１４号,6740083
2140001075091,富士通周辺機株式会社,兵庫県,明石市,大久保町西脇６４番地,6740054
2140001077591,ビーウェーブ株式会社,兵庫県,明石市,宮の上４番３０１号,6730031
2140001077708,Ｅ’ｓダイニング株式会社,兵庫県,明石市,魚住町錦が丘４丁目６番３号,6740081
2140001077732,朋和株式会社,兵庫県,明石市,大久保町谷八木１２５０番地,6740062
2140001077906,株式会社日新不動産販売,兵庫県,明石市,松の内２丁目１番１号、１０２号室,6730016
2140001086576,システムアイ株式会社,兵庫県,明石市,魚住町西岡１００６番地の３,6740084
2140001087368,北朝霧管理株式会社,兵庫県,明石市,北朝霧丘１丁目１６２９番地の１,6730857
2140001087640,株式会社ネイク,兵庫県,明石市,大明石町１丁目７番３３号大手ビル３０１号,6730891
2140001087797,株式会社ｒａｇｏｌａ,兵庫県,明石市,材木町４番２０号,6730893
2140001088317,株式会社エイトストーリー,兵庫県,明石市,大久保町西島８３３番地の５,6740065
2140001089620,大東鉱業株式会社,兵庫県,明石市,藤江１８７６番地の８,6730044
2140001089637,株式会社スマイル不動産販売,兵庫県,明石市,魚住町住吉３丁目２０１番地２スーリール住吉１０１号,6740083
2140001089892,ＳＯＵＯＵ株式会社,兵庫県,明石市,林崎町１丁目１０番１７号,6730033
2140001090215,株式会社プロスフーズ,兵庫県,明石市,大久保町大久保町６８３番地５,6740067
2140001090223,株式会社ヒロズカンパニー,兵庫県,明石市,魚住町清水２２０２番地の３,6740074
2140001090792,株式会社ねんりんや,兵庫県,明石市,藤江１３９６番地の１,6730044
2140001090966,加藤物産株式会社,兵庫県,明石市,朝霧町２丁目５番１７号,6730866
2140001091246,エムティーエンタープライズ株式会社,兵庫県,明石市,松の内１丁目８−１４Ｒ−ｓｔｙｌｅ明石松の内Ｄ号室,6730016
2140001091287,株式会社センターフィールド,兵庫県,明石市,貴崎２丁目１１番１７号,6730037
2140001091568,株式会社加古川社中,兵庫県,明石市,魚住町中尾６０５番地１ｉｃｒｏｓｓＡＭ明石ビル１階,6740082
2140001092673,株式会社左近イノベーション,兵庫県,明石市,魚住町西岡１８４５番地の４,6740084
2140001092921,管路技研株式会社,兵庫県,明石市,魚住町金ケ崎１６０２番地の２,6740071
2140001092995,直善建設株式会社,兵庫県,明石市,大久保町大窪１９９５番地の１３,6740051
2140001093374,株式会社カワカミ,兵庫県,明石市,東仲ノ町６番１号,6730886
2140001093795,株式会社一,兵庫県,明石市,大明石町２丁目４番ｌ７号,6730891
2140001094273,皇家文化芸術株式会社,兵庫県,明石市,山下町５番３４−１０２,6730878
2140001094281,株式会社飯田工業,兵庫県,明石市,茶園場町３番１,6730849
2140001094587,株式会社菊川建匠工業,兵庫県,明石市,貴崎３丁目２２番２８号,6730037
2140001095049,株式会社ファーストホーム,兵庫県,明石市,硯町２丁目５番明石ハウス１−１１１,6730028
2140001095148,株式会社カノシー,兵庫県,明石市,魚住町西岡４０８−５０２,6740084
2140001095180,Ｍｉｅｌ株式会社,兵庫県,明石市,大久保町駅前２丁目５番地の２−２０２号,6740058
2140001095288,株式会社海太郎,兵庫県,明石市,魚住町中尾３６番地の５,6740082
2140001095890,株式会社スプレマシーＰＰ,兵庫県,明石市,太寺４丁目１５番８号ら・カーサ太寺１Ｆ,6730845
2140001096303,アンドゥトロワ株式会社,兵庫県,明石市,二見町東二見１４５９番地,6740092
2140001096402,株式会社明弘,兵庫県,明石市,二見町南二見２１番地の１,6740093
2140001096658,株式会社イディアフェリーチェ,兵庫県,明石市,魚住町清水２３４０番地の４グラン・プレステージ明石西７１３号,6740074
2140001096798,株式会社ｇ,兵庫県,明石市,本町２丁目２番９号,6730892
2140001096872,株式会社ハートリンク,兵庫県,明石市,二見町東二見５１５番地の１−４０６号,6740092
2140001096963,Ｍ．Ｉ技研株式会社,兵庫県,明石市,魚住町清水９４９番地の１,6740074
2140001097210,株式会社世界コンサルティング,兵庫県,明石市,魚住町長坂寺８１６番地の３０,6740072
2140001097508,株式会社Ｋ・リフォーム,兵庫県,明石市,二見町福里５９０番地の１７,6740091
2140001097994,株式会社なかむら,兵庫県,明石市,魚住町清水７５番地の１,6740074
2140001098092,株式会社Ｓ・Ｉ工業,兵庫県,明石市,二見町西二見８３４番地の３,6740094
2140001098349,株式会社ヒッツ１２７８,兵庫県,明石市,松の内２丁目３番７号,6730016
2140001099504,株式会社叡知塾,兵庫県,明石市,本町１丁目１番地３２号,6730892
2140001099561,あすなろ住宅株式会社,兵庫県,明石市,小久保５丁目１６番２号,6730005
2140001099710,株式会社アトラス技術,兵庫県,明石市,大久保町西島１２９番地,6740065
2140001099801,株式会社イワタエステート,兵庫県,明石市,小久保２丁目１番地の４,6730005
2140001101228,大旺産建株式会社,兵庫県,明石市,太寺大野町２７１１番地の５ＩＩ−１０２,6730843
2140001101335,株式会社きうち,兵庫県,明石市,林３丁目１番８号,6730034
2140001101590,ＫＯＢＥ計測工業株式会社,兵庫県,明石市,沢野２丁目１２番２３号,6730008
2140001101715,カドノ工業株式会社,兵庫県,明石市,魚住町金ケ崎１１８０番地の１,6740071
2140001101954,エムトレード株式会社,兵庫県,明石市,大明石町２丁目５番１号ユニハイム明石２０６号室,6730891
2140001102317,株式会社カミタカ,兵庫県,明石市,東野町１９８２−２−１００８,6730844
2140001102374,株式会社高月ガラス,兵庫県,明石市,大蔵中町７番２１号,6730873
2140001103067,株式会社東神工業,兵庫県,明石市,大久保町谷八木７９１番地の８,6740062
2140001103075,株式会社Ｔａｏ,兵庫県,明石市,二見町西二見駅前４丁目３７番地,6740095
2140001103249,株式会社キッカワ,兵庫県,明石市,相生町１丁目１０番３６−１１０２号,6730882
2140001103372,株式会社Ｋｅｅｐ　ｏｎ　Ｇｒｏｗｉｎｇ,兵庫県,明石市,大蔵八幡町１２番８号,6730871
2140001103595,株式会社ハートパートナー,兵庫県,明石市,大久保町大窪１９２２番地の２,6740051
2140001103901,株式会社シーマコーポレーション,兵庫県,明石市,大久保町大窪６１１番地の９,6740051
2140001104429,株式会社ユリイカ・ホーム,兵庫県,明石市,大久保町大窪２６２０番地の２０４,6740051
2140001104445,株式会社東昇,兵庫県,明石市,大明石町１丁目９番２６コーポタカハマ６０２号,6730891
2140001104932,株式会社スーパーグッドジャパン,兵庫県,明石市,朝霧台３７７６−３５,6730852
2140001104981,株式会社キーパー,兵庫県,明石市,魚住町中尾２５０番地４,6740082
2140001105286,株式会社関西プランニング,兵庫県,明石市,明南町１丁目４番１３号−１０２,6730001
2140001105798,株式会社フレンド舞子,兵庫県,明石市,大蔵谷奥１６番５号,6730867
2140001106243,株式会社ラポールプラス,兵庫県,明石市,上ノ丸２丁目８番７号,6730846
2140001106441,株式会社プレジール,兵庫県,明石市,大久保町江井島９１６番地の１,6740064
2140001106788,株式会社コントリー,兵庫県,明石市,天文町２丁目３番２５号,6730881
2140001107126,株式会社トライク,兵庫県,明石市,松が丘１丁目７番１９号,6730862
2140001107398,ネックスホーム株式会社,兵庫県,明石市,西明石南町２丁目３番５号,6730041
2140001108248,株式会社ＫＯＵＴＥＮ,兵庫県,明石市,小久保４丁目４番地の３,6730005
2140001108405,株式会社ＥＶＯ,兵庫県,明石市,和坂稲荷町５０番地の１０,6730013
2140001108413,Ｒ，Ｓ　Ｓｕｐｐｏｒｔ株式会社,兵庫県,明石市,朝霧南町２丁目８番地の１５テラスハウス朝霧Ａ号棟−１号室,6730870
2140001108743,株式会社ミドリ薬局,兵庫県,明石市,二見町東二見１０２１番地,6740092
2140001109023,株式会社アプリ広告社,兵庫県,明石市,魚住町中尾１００４番地の７,6740082
2140001109279,株式会社田中屋,兵庫県,明石市,北王子町３番６８号,6730021
2140001109320,株式会社ランプ・スミス,兵庫県,明石市,大久保町大久保町８１２番地の４３,6740067
2140001109519,株式会社あおぞら,兵庫県,明石市,大久保町ゆりのき通２丁目３番地の５、３−３０１号,6740068
2140001109691,あそび心株式会社,兵庫県,明石市,貴崎３丁目２番地サンハイツ貴崎２−１０１,6730037
2140001110195,株式会社ＴＭ’ｓ,兵庫県,明石市,藤江１８１７−４５,6730044
2140001110682,株式会社ＲＥＢＯＲＮ,兵庫県,明石市,西明石西町２丁目１２番１６号,6730049
2140001110897,Ｄｅｎｊｏｙ株式会社,兵庫県,明石市,西明石町４丁目６番地６,6730011
2140001111193,株式会社ＳＵＭＩＴＯＭＯ,兵庫県,明石市,大久保町江井島２４９番地の３,6740064
2140001112241,株式会社Ｄｅｅｐ　Ｊｏｙ,兵庫県,明石市,大明石町１丁目７−２３,6730891
2140001112893,株式会社長田武修堂,兵庫県,明石市,花園町１番地の３,6730015
2140001112910,ミロク・クリーン株式会社,兵庫県,明石市,二見町西二見駅前３丁目９３番,6740095
2140001112927,株式会社ＴＳＤ,兵庫県,明石市,朝霧東町３丁目４番３３−５０２号,6730860
2140001113768,長陽造園株式会社,兵庫県,明石市,東朝霧丘２７番８１号,6730854
2140001114122,兵庫新生株式会社,兵庫県,明石市,大久保町駅前１丁目５番地の８晏如ビル５０３,6740058
2140001114691,株式会社ＫＯＵＫＡ,兵庫県,明石市,魚住町錦が丘４丁目８番地の３,6740081
2140001114741,株式会社パワフルコム,兵庫県,明石市,松の内２丁目８番地の５サンライフ西明石６０２号,6730016
2140001114873,すず乃工務店株式会社,兵庫県,明石市,大久保町高丘３丁目２１番地９号,6740057
2140001115302,株式会社ｂｅアシスト,兵庫県,明石市,西新町２丁目１５−１７ＫＭビル３０１,6730023
2140001115830,株式会社しあわせ計画,兵庫県,明石市,野々上１丁目１２番地の２０サンルミナス１階,6730017
2140001115905,株式会社ふくろう,兵庫県,明石市,大久保町大久保町８８９−３山根光ビル１Ｆ−Ａ,6740067
2140001115938,株式会社朝日鍍金工業所,兵庫県,明石市,田町１丁目７番８号,6730025
2140001115946,説田メンテナンス株式会社,兵庫県,明石市,小久保３丁目１６−５−１０５,6730005
2140001116580,株式会社ＥＮＩＳＨＩＡ,兵庫県,明石市,山下町５番２７号,6730878
2140001117141,ＭＯＲＩ株式会社,兵庫県,明石市,東野町２０４３番地の１５,6730844
2140001117166,ＮＥＸ株式会社,兵庫県,明石市,大久保町大窪１７３４番地の１十三番館３０２号,6740051
2140001117356,株式会社シュロス,兵庫県,明石市,大久保町大窪１９４９番地の２,6740051
2140001117678,株式会社ＬＡＮＳＥＥＤ,兵庫県,明石市,二見町西二見１５７番地の１２７,6740094
2140001117769,Ｎｅｘｔ　Ｓｍｉｌｅｙ株式会社,兵庫県,明石市,二見町西二見７１８番地の１,6740094
2140001117876,株式会社ここひらく,兵庫県,明石市,山下町６番６号,6730878
2140001117901,株式会社木下設備,兵庫県,明石市,大久保町大窪２１２６番地の９,6740051
2140001118073,株式会社西松,兵庫県,明石市,川崎町２番１２−８２５号,6730014
2140001118131,株式会社サンフラワー,兵庫県,明石市,魚住町錦が丘１丁目１４番地の１０,6740081
2140001118197,フライハイト株式会社,兵庫県,明石市,魚住町錦が丘１丁目１９−８−１０１,6740081
2140001118511,たけのこ企画株式会社,兵庫県,明石市,大久保町駅前１丁目７番地５−２０４号,6740058
2140001118825,ＹＯＬＯ株式会社,兵庫県,明石市,立石２丁目１番４４号,6730032
2140001119220,明石機器株式会社,兵庫県,明石市,魚住町清水７５−１−１０１,6740074
2140001119559,株式会社明石クリエイト,兵庫県,明石市,大久保町谷八木５８０−１６,6740062
2140001119749,株式会社明弘ＨＤ,兵庫県,明石市,二見町南二見２１番地の１,6740093
2140001119856,株式会社ＡＴＫ総合事務所,兵庫県,明石市,硯町２丁目３番３３号,6730028
2140001119947,株式会社Ｎ’ｃｏｌｌｅｃｔｉｏｎ　ａｐａｒｔｍｅｎｔｓ,兵庫県,明石市,太寺１丁目１９−３２,6730845
2140001120038,株式会社明和タイヤ商会,兵庫県,明石市,林崎町２丁目２番４８号,6730033
2140001120541,ルーフトップ株式会社,兵庫県,明石市,小久保４丁目９番地７,6730005
2140001120764,株式会社佐藤重量,兵庫県,明石市,大久保町大窪６３７番地の４,6740051
2140001121176,株式会社ＲＯＫＵ,兵庫県,明石市,二見町西二見６１７番地の１１,6740094
2140001121201,株式会社ホリーホック,兵庫県,明石市,二見町西二見２００１番地の１８土山駅前スカイハイツＤ−２０４号,6740094
2140001121408,株式会社アーリー,兵庫県,明石市,大久保町福田３丁目８番３７号,6740066
2140001121671,株式会社Ｅｌｓｉａｓ,兵庫県,明石市,小久保２丁目２−７−３０１,6730005
2140001121837,ＵＡ　Ｌｏｇｉｔｅｃ株式会社,兵庫県,明石市,相生町２丁目９番７号フラットフィールドビル４０２号,6730882
2140001121969,ＯＣＦ株式会社,兵庫県,明石市,大久保町駅前１丁目１０番地の１７,6740058
2140001122637,株式会社ヒエン,兵庫県,明石市,藤江１８６８番地の３,6730044
2140001123288,株式会社谷川工務店,兵庫県,明石市,魚住町清水１１３−１０,6740074
2140001123370,株式会社ソレイユ,兵庫県,明石市,二見町東二見５７１番地の７シャルムソレイユＩ番館１０１号室,6740092
2140001124419,株式会社錦,兵庫県,明石市,大久保町西島７２１番地の８,6740065
2140001124476,株式会社Ｍ．Ｋ．Ｈ,兵庫県,明石市,野々上２丁目１−９−１０１,6730017
2140001125540,いい不動産プラザ株式会社,兵庫県,明石市,荷山町２７２３番地の１,6730842
2140001126233,株式会社Ｄｉｖｉｎｅ　Ｌｉｆｅ,兵庫県,明石市,林崎町３丁目５５３番地の１シーサイドパストラル林崎３０３号,6730033
2140001126638,グローアップメンテナンス株式会社,兵庫県,明石市,大久保町大久保町６６３番地の１３,6740067
2140001127504,株式会社メディカルシー,兵庫県,明石市,王子２丁目１８番８号２Ｆ東,6730022
2140001127974,株式会社ｓｏｉｌ,兵庫県,明石市,朝霧北町１１２２番地の１２,6730851
2140001128304,株式会社ライフエージェント,兵庫県,明石市,大久保町大窪１２８７番地の１７,6740051
2140001128493,新生工業株式会社,兵庫県,明石市,硯町３丁目６−１７−２−４０７号,6730028
2140001128700,株式会社ｇｏ‐ｔｏ不動産,兵庫県,明石市,野々上２丁目７番地の２,6730017
2140001128948,大林貿易株式会社,兵庫県,明石市,沢野３丁目１１番地の６,6730008
2140001129153,株式会社タートル,兵庫県,明石市,大久保町八木７４０−６,6740063
2140001129310,アツシメディカル株式会社,兵庫県,明石市,林崎町３丁目５５０番地の１２ロレーヌハイツ明石林崎１０６号,6730033
2140001129962,株式会社みなとバックオフィス,兵庫県,明石市,野々上３丁目１６番地の３清水ビル２０１号,6730017
2140001130433,フレンドリー不動産管理株式会社,兵庫県,明石市,大道町１丁目５番５号,6730029
2140001130490,株式会社コロン,兵庫県,明石市,二見町東二見７３２番地の１８,6740092
2140001130565,株式会社ＹＭ　ＣＯＲＰ,兵庫県,明石市,太寺２丁目５番８号,6730845
2140001130623,株式会社出口工務店,兵庫県,明石市,大久保町山手台２丁目１１１番地の５,6740056
2140001130747,株式会社Ｂｅａｎ　Ｆｉｅｌｄ,兵庫県,明石市,相生町２丁目２−１８末定ビル４Ｃ号室,6730882
2140001130912,ＧＭ株式会社,兵庫県,明石市,樽屋町２１番２−６０３号,6730898
2140001130945,株式会社Ｅ．ＳＴＯＣＫ,兵庫県,明石市,朝霧町１丁目４番１号,6730866
2140001131043,株式会社Ｈｅｒｏｅｓ　ｎｅｘｔ,兵庫県,明石市,林崎町２丁目５番７号,6730033
2140001131266,株式会社ＫＲＴ,兵庫県,明石市,東野町１８６７番地の１５,6730844
2140001131274,株式会社ファンデ,兵庫県,明石市,二見町西二見駅前３丁目１２５番地の９,6740095
2140001131480,株式会社ミライズホーム,兵庫県,明石市,大久保町大窪２６８５番地の６パフィオ大久保２０２,6740051
2140001131695,株式会社Ｈａｐｐｉｎｅｓｓ　Ｃｏｍｐａｎｙ,兵庫県,明石市,二見町東二見５２８番地の２スマートビル二階,6740092
2140001131902,Ｍａｃｍｉｎｏｌ株式会社,兵庫県,明石市,大久保町ゆりのき通１丁目２番地の３、４−１１０１号,6740068
2140001131968,株式会社豆福,兵庫県,明石市,小久保５丁目２番地１１岸ビル３階Ｃ号,6730005
2140001132074,株式会社はない,兵庫県,明石市,大久保町西島１０５４番地の７,6740065
2140001132438,株式会社アシスト,兵庫県,明石市,大久保町谷八木７５９番地２,6740062
2140001132594,吉村興産株式会社,兵庫県,明石市,小久保２丁目８−１−９０１,6730005
2140001133147,株式会社ＳＴＯＲＫ,兵庫県,明石市,大久保町江井島１０２８番地の１−２Ｆ,6740064
2140001133205,株式会社Ｆａｉｒ　Ｌｉｎｅ　Ｊａｐａｎ,兵庫県,明石市,大久保町高丘７丁目６３番地の２,6740057
2140001133238,株式会社ハピネスアセット,兵庫県,明石市,太寺１丁目６番２５−１号,6730845
2140001133691,株式会社青山荘,兵庫県,明石市,大久保町大窪１４７５番地の１５,6740051
2140001133733,ＥＭ企画株式会社,兵庫県,明石市,大久保町西島１１７５番地の１,6740065
2140001134715,株式会社Ｓｏｉｌ,兵庫県,明石市,大久保町大久保町８６８番地の３１,6740067
2140001135119,株式会社ＺＡＢ,兵庫県,明石市,大久保町西島８１３番地の１,6740065
2140001135242,株式会社ＲＩＳＥ,兵庫県,明石市,魚住町住吉４丁目１６番３７号,6740083
2140001135341,Ｍ２Ｃ株式会社,兵庫県,明石市,大明石町１丁目１２番３号ヴェルビュ明石駅前１２０５号室,6730891
2140001135936,株式会社Ｈｅａｌ,兵庫県,明石市,大久保町大窪１５３５番地の７,6740051
2140001136356,株式会社ｃｙａｎ,兵庫県,明石市,西明石西町２丁目１３−１１−Ｆ,6730049
2140001136570,株式会社コウエイ,兵庫県,明石市,魚住町金ケ崎１２１５番地の３,6740071
2140001136587,株式会社サトウ,兵庫県,明石市,大久保町駅前２丁目２番地の２２,6740058
2140001137008,株式会社ＬＯＵＰ,兵庫県,明石市,大久保町江井島２６３番地の２,6740064
2140001137123,株式会社リーフ環境企画,兵庫県,明石市,松が丘５丁目２０番１号,6730862
2140001137197,株式会社リペアハウスウィーズ,兵庫県,明石市,魚住町金ケ崎５６８番１,6740071
2140001137354,株式会社小部本舗,兵庫県,明石市,大久保町高丘５丁目３番地の１３、６６棟３０１号,6740057
2140001138204,株式会社はまや,兵庫県,明石市,大久保町大窪２６２０番地の５１５,6740051
2140001139012,株式会社ひゃくはち,兵庫県,明石市,日富美町１０番２１号,6730896
2140001139037,株式会社ＪＡＰＡＮ　Ｒｉｃｅ,兵庫県,明石市,大久保町大窪１５３５番地の７,6740051
2140001139061,株式会社ミライ,兵庫県,明石市,大久保町谷八木１１２３番地の１,6740062
2140001139193,株式会社ＡＩＲ,兵庫県,明石市,大久保町大窪３２５４番地クリスタルヴィラ２０４号,6740051
2140001139722,株式会社ブルーテック,兵庫県,明石市,本町２丁目８番２号,6730892
2140001140085,株式会社ハレ工務店,兵庫県,明石市,大久保町駅前２丁目６番地８ＮＲビル５０１,6740058
2140001140226,株式会社山崎商店,兵庫県,明石市,藤江２０２９番地の１明石市公設地方卸売市場内,6730044
2140001140358,株式会社アーキアシュビ,兵庫県,明石市,明南町１丁目３番３２号,6730001
2140001140382,株式会社エイト,兵庫県,明石市,大久保町江井島９１４番地１エーフロント１階,6740064
2140001141372,株式会社Ｌａ・Ｐａｔｒｉｅ,兵庫県,明石市,本町１丁目６番１３号明石ＣＢビルディング３階,6730892
2140001141570,株式会社ＺＯＯＮ,兵庫県,明石市,東野町２０４３−１５カサベラ大蔵谷７０７号,6730844
2140001141595,株式会社ＮＯＵＶＥＬ　ＥＬＡＮ,兵庫県,明石市,大久保町ゆりのき通１丁目１番地の１イーストスクエアＩＩ番館１３０１号,6740068
2140001141703,株式会社タンクテックホールディングス,兵庫県,明石市,二見町南二見１番地の３６,6740093
2140001142412,グリーンパーク明石株式会社,兵庫県,明石市,大久保町松陰１１２７−３２,6740053
2140002028742,株式会社クリーンテック,兵庫県,明石市,大久保町松陰１１２７番地の３２,6740053
2140002028858,ＷＥＳＴ春名株式会社,兵庫県,明石市,西明石北町２丁目６番１５号,6730018
2140002029336,株式会社中重,兵庫県,明石市,本町２丁目３番１０号,6730892
2140003012002,株式会社アップルベリー,兵庫県,明石市,大久保町駅前１丁目１０番地の２３住野ファーストビル３階,6740058
2140003013826,ＥＮＸＩＡ株式会社,兵庫県,明石市,大久保町駅前１丁目１６番地の１０−２０１号,6740058
2140003017604,株式会社ＹＭＦＫ,兵庫県,明石市,中朝霧丘４番１８号,6730855
2250001016828,シリウス・エレクトロニクス株式会社,兵庫県,明石市,沢野２丁目２番１０号,6730008
2290001101551,株式会社スーパーノーマル,兵庫県,明石市,大観町７番７−３０３号,6730897
3011801029406,株式会社ＲＩＭ,兵庫県,明石市,大久保町江井島３５８番地,6740064
3120001109841,株式会社ＭＥＩＫＯ,兵庫県,明石市,二見町南二見１７番１４号,6740093
3122001024120,株式会社サンシン,兵庫県,明石市,大蔵八幡町１番３１号,6730871
3140001026119,株式会社ユニオン,兵庫県,明石市,魚住町西岡１９４７番地の６パル明石魚住４０１号,6740084
3140001028940,株式会社ＫＵＢＯＴＡ,兵庫県,明石市,大久保町八木１５０−７スタジオ・デコ内,6740063
3140001031184,真叶株式会社,兵庫県,明石市,魚住町長坂寺１１９７−６−１０１,6740072
3140001031663,株式会社ｏｗｌｌｙ,兵庫県,明石市,東野町２０４３番地の１７リベール明石ラ・メール２０２号,6730844
3140001032471,株式会社モニカ,兵庫県,明石市,東野町２０２７番地の２９,6730844
3140001033024,株式会社ＪＡＣＫ,兵庫県,明石市,材木町４−２０,6730893
3140001034385,久商株式会社,兵庫県,明石市,大久保町江井島１３８８番地,6740064
3140001034393,明石化成工業株式会社,兵庫県,明石市,天文町２丁目３番２０号,6730881
3140001034410,株式会社明石設備管理,兵庫県,明石市,西新町２丁目７番１号,6730023
3140001034419,明石新菱自動車株式会社,兵庫県,明石市,魚住町清水字若宮の下１２９５番地の２,6740074
3140001034427,株式会社明石大和,兵庫県,明石市,大道町２丁目１番３号,6730029
3140001034435,明石中央不動産株式会社,兵庫県,明石市,樽屋町１１番２号,6730898
3140001034443,株式会社明石発動機工作所,兵庫県,明石市,港町７番３号,6730894
3140001034468,愛和興産株式会社,兵庫県,明石市,大久保町西脇５３６番地,6740054
3140001034476,株式会社明日香,兵庫県,明石市,明南町２丁目１５番１９号,6730001
3140001034484,アサヒ産業株式会社,兵庫県,明石市,松の内１丁目１３番地の７,6730016
3140001034492,株式会社アンドー・ランデイーズ・プロパテイ,兵庫県,明石市,本町１丁目１番２４号,6730892
3140001034501,株式会社イーグルランバーコーポレーシヨン,兵庫県,明石市,藤江１０８１番地の１２,6730044
3140001034526,伊藤商事株式会社,兵庫県,明石市,中崎１丁目８番４号,6730883
3140001034534,井上製＿株式会社,兵庫県,明石市,鳥羽２９７番地の４７サンハイツ宮吉３０３号,6730003
3140001034542,株式会社今森商店,兵庫県,明石市,天文町１丁目５番３０号,6730881
3140001034550,株式会社イロハフーズ,兵庫県,明石市,大久保町大久保町２０３−１１,6740067
3140001034559,魚住ヨーギョー建材株式会社,兵庫県,明石市,魚住町西岡１８１８番地,6740084
3140001034567,株式会社魚利大東商店,兵庫県,明石市,藤江２０２９番地の１明石市公設地方卸売市場水産５番,6730044
3140001034575,株式会社梅本,兵庫県,明石市,松が丘１丁目１０番２号,6730862
3140001034591,株式会社エイワソーイング,兵庫県,明石市,魚住町中尾４０５番地の１,6740082
3140001034600,株式会社エンゼル,兵庫県,明石市,魚住町西岡５０５番地の５,6740084
3140001034609,株式会社エムエスシー,兵庫県,明石市,大久保町西脇３８２番地の３,6740054
3140001034617,株式会社エム・ハウジング,兵庫県,明石市,松江３５３番地の１１,6730036
3140001034633,株式会社大窪鐵工所,兵庫県,明石市,二見町南二見１１番地の３,6740093
3140001034641,株式会社大阪三栄総業,兵庫県,明石市,桜町１３番５号,6730885
3140001034682,株式会社環研,兵庫県,明石市,相生町２丁目１１番９号,6730882
3140001034690,関西綜合保険センター株式会社,兵庫県,明石市,山下町６−９松田公認会計士事務所ビル４階,6730878
3140001034699,柏木興業株式会社,兵庫県,明石市,本町１丁目１４番１８号,6730892
3140001034708,株式会社片田工業,兵庫県,明石市,二見町東二見２８４番地の１,6740092
3140001034716,金井ビル株式会社,兵庫県,明石市,東野町２０４３番地の１９,6730844
3140001034724,株式会社金田土木,兵庫県,明石市,大久保町八木７３９番地の１０,6740063
3140001034732,株式会社亀谷時計店,兵庫県,明石市,大明石町１丁目６番１号,6730891
3140001034740,川重テクノロジー株式会社,兵庫県,明石市,川崎町１番１号,6730014
3140001034749,株式会社錦江ビル,兵庫県,明石市,大明石町１丁目６番２２号,6730891
3140001034757,株式会社貴崎フィットネスクラブ,兵庫県,明石市,貴崎５丁目２番２６号,6730037
3140001034765,ＫＩＴＡＮＯ電工株式会社,兵庫県,明石市,魚住町錦が丘１丁目１９番地の１０,6740081
3140001034773,株式会社木村屋,兵庫県,明石市,大久保町駅前２丁目１番地の５,6740058
3140001034798,株式会社クレセントコスモ,兵庫県,明石市,大久保町大窪２７９番地の４,6740051
3140001034815,株式会社ケイ・ティー・エフ計算センター,兵庫県,明石市,北王子町６番２号,6730021
3140001034823,株式会社幸永興産,兵庫県,明石市,大久保町大窪９７１番地,6740051
3140001034848,幸陽建設株式会社,兵庫県,明石市,別所町１１番８号,6730038
3140001034856,株式会社コンドウ,兵庫県,明石市,藤江字別所向１３５番地の３,6730044
3140001034864,株式会社こだま,兵庫県,明石市,太寺１丁目１０番７号,6730845
3140001034872,五葉運送株式会社,兵庫県,明石市,二見町東二見字大溝脇２９９番地の１１,6740092
3140001034880,株式会社サイクルショップマツイ,兵庫県,明石市,明南町１丁目４番６号,6730001
3140001034889,三幸ホーム株式会社,兵庫県,明石市,小久保７番地１,6730005
3140001034897,株式会社坂平組,兵庫県,明石市,大久保町大窪２７４５番地の６,6740051
3140001034906,株式会社三伸エステート,兵庫県,明石市,小久保６丁目１番地６,6730005
3140001034914,山電流通株式会社,兵庫県,明石市,天文町１丁目６番２８号,6730881
3140001034922,三陽建設株式会社,兵庫県,明石市,西明石北町２丁目１番７号,6730018
3140001034947,株式会社ジェム,兵庫県,明石市,魚住町中尾１０１１番地の５,6740082
3140001034955,株式会社子午線,兵庫県,明石市,魚住町金ケ崎１７０５番地,6740071
3140001034963,株式会社シティテンポラリーワーク,兵庫県,明石市,和坂１２番１８号,6730012
3140001034971,株式会社新日本住宅販売,兵庫県,明石市,朝霧南町４丁目２番１１号,6730870
3140001034996,信和工業株式会社,兵庫県,明石市,二見町南二見５,6740093
3140001035004,株式会社末廣西,兵庫県,明石市,二見町西二見１２３５番地の６,6740094
3140001035012,株式会社すみの,兵庫県,明石市,大明石町１丁目６番１号パピオスあかし１２０号,6730891
3140001035020,株式会社盛裕,兵庫県,明石市,大久保町大窪字山田２５２５番地の１,6740051
3140001035029,株式会社センタリバ,兵庫県,明石市,東仲ノ町１０番１７号,6730886
3140001035037,総合企画株式会社,兵庫県,明石市,大明石町１丁目２番３５−９０６号ルモン明石公園,6730891
3140001035053,株式会社田岡,兵庫県,明石市,大蔵本町１８番１５号,6730874
3140001035061,大成工業株式会社,兵庫県,明石市,二見町南二見９番１,6740093
3140001035078,株式会社太陽社,兵庫県,明石市,大明石町２丁目１番３５号,6730891
3140001035086,滝井土建株式会社,兵庫県,明石市,魚住町西岡字鴨台２１０８番地の３,6740084
3140001035103,株式会社たけなか,兵庫県,明石市,本町２丁目７番１１号,6730892
3140001035111,株式会社たこや,兵庫県,明石市,西新町３丁目１２番８号,6730023
3140001035144,株式会社だるま薬局,兵庫県,明石市,西新町３丁目１０番９号,6730023
3140001035160,津田商事株式会社,兵庫県,明石市,大久保町大窪８８８番地の９,6740051
3140001035177,株式会社テクノスポーツ関西,兵庫県,明石市,魚住町清水２３９１番地の１,6740074
3140001035185,株式会社寺本自動車,兵庫県,明石市,西新町２丁目１０番１４号,6730023
3140001035193,東播商事株式会社,兵庫県,明石市,本町１丁目１番２６号,6730892
3140001035202,東洋化工機株式会社,兵庫県,明石市,大久保町八木字宮西４９４番地,6740063
3140001035210,株式会社徳洋,兵庫県,明石市,東野町１９００番地の２,6730844
3140001035219,株式会社ドムール松谷,兵庫県,明石市,鍛治屋町３番１０号,6730884
3140001035227,株式会社トラベル神戸,兵庫県,明石市,大久保町西島８０９番地の５,6740065
3140001035243,仲田保険株式会社,兵庫県,明石市,二見町西二見駅前３丁目２０−１,6740095
3140001035251,株式会社ナカムラ企画,兵庫県,明石市,大久保町西島４０９番地の６,6740065
3140001035268,西海酒類販売株式会社,兵庫県,明石市,大久保町大窪字中原２２１番の４０,6740051
3140001035276,西日本警備保障株式会社,兵庫県,明石市,藤江１５９５番地の１４５,6730044
3140001035284,日工セック株式会社,兵庫県,明石市,大久保町江井島１０１３番地の２,6740064
3140001035292,株式会社日誠社,兵庫県,明石市,西明石町２丁目１番１３号,6730011
3140001035301,日東興産株式会社,兵庫県,明石市,桜町６番２０号,6730885
3140001035318,株式会社沼本興業,兵庫県,明石市,大久保町大窪２６２０番地の１５,6740051
3140001035326,株式会社ノリス,兵庫県,明石市,藤江８８９番地の４８,6730044
3140001035342,橋本燐寸株式会社,兵庫県,明石市,大明石町１丁目１３番３３号,6730891
3140001035350,株式会社浜田工業所,兵庫県,明石市,松の内２丁目１番地８,6730016
3140001035359,株式会社ハリイ,兵庫県,明石市,大久保町八木５２９番地の１,6740063
3140001035375,日置産業株式会社,兵庫県,明石市,大久保町江井島８９５番地の１,6740064
3140001035391,株式会社ヒメジヤ,兵庫県,明石市,北王子町９番３号,6730021
3140001035400,株式会社兵庫ベイト,兵庫県,明石市,魚住町西岡１３２４番地の１０,6740084
3140001035409,平沢商事株式会社,兵庫県,明石市,魚住町清水１５９７番の１,6740074
3140001035417,ファーストメディカル株式会社,兵庫県,明石市,大久保町大窪１４０８番地の２,6740051
3140001035425,株式会社フジイ,兵庫県,明石市,大久保町大窪４６２番地の１,6740051
3140001035433,株式会社フジシステム,兵庫県,明石市,太寺天王町２７８６番地の５,6730841
3140001035458,山陽立地株式会社,兵庫県,明石市,魚住町清水１１１−１−１０１,6740074
3140001035466,株式会社ヘキサイト,兵庫県,明石市,日富美町１１番２号,6730896
3140001035474,株式会社ホテル大久保,兵庫県,明石市,大久保町駅前２丁目１番地の９,6740058
3140001035482,正井株式会社,兵庫県,明石市,西新町２丁目７番３号,6730023
3140001035490,枡本興徳株式会社,兵庫県,明石市,中崎１丁目１番１０号,6730883
3140001035499,松原鉄工株式会社,兵庫県,明石市,魚住町金ケ崎巳ノ池東３８１番地,6740071
3140001035508,株式会社マルキン和田商店,兵庫県,明石市,藤江２０２９番地１,6730044
3140001035524,ミカド製油株式会社,兵庫県,明石市,二見町南二見１番地の４,6740093
3140001035532,株式会社ミトグチ,兵庫県,明石市,藤江３２６番地の１アルス西明石コースト５０８号,6730044
3140001035540,宮内一株式会社,兵庫県,明石市,大明石町１丁目１番２３号,6730891
3140001035549,宗田造船株式会社,兵庫県,明石市,港町１６番６号,6730894
3140001035557,株式会社メイ,兵庫県,明石市,大久保町大久保町５９７番地の１２,6740067
3140001035565,明機工業株式会社,兵庫県,明石市,大久保町八木字高僧３６０番地の１,6740063
3140001035573,明貨トラック株式会社,兵庫県,明石市,魚住町清水字北沢１０８５番地,6740074
3140001035581,明政ハウス株式会社,兵庫県,明石市,貴崎５丁目１０番１３号,6730037
3140001035598,明舞米穀株式会社,兵庫県,明石市,松が丘２丁目３番７号,6730862
3140001035615,八木正産業株式会社,兵庫県,明石市,硯町１丁目５番１５号,6730028
3140001035623,株式会社山明建設,兵庫県,明石市,魚住町西岡２４２４番地の４,6740084
3140001035631,株式会社ヤマザキ,兵庫県,明石市,魚住町中尾字長谷３９７番地の１,6740082
3140001035648,山本塗装工業株式会社,兵庫県,明石市,大久保町八木７４３番地の５８,6740063
3140001035656,有神ホーム株式会社,兵庫県,明石市,小久保１丁目５番地の１,6730005
3140001035664,吉荒鐵工株式会社,兵庫県,明石市,二見町南二見１６番３号,6740093
3140001035672,株式会社吉田商工,兵庫県,明石市,荷山町１８５５番地の１０,6730842
3140001035680,株式会社フレンドリー・ジャパン,兵庫県,明石市,太寺３丁目１番１９号,6730845
3140001035689,株式会社渡辺重機,兵庫県,明石市,大久保町谷八木３８８番地,6740062
3140001035697,株式会社リカーワールド,兵庫県,明石市,鳥羽１３５０番地の２,6730003
3140001035714,株式会社ローリエ,兵庫県,明石市,魚住町清水２１９０番地,6740074
3140001035739,株式会社アクアデザイン,兵庫県,明石市,大久保町松陰１１２７番地の３２,6740053
3140001035747,株式会社コニシ,兵庫県,明石市,野々上３丁目１３番１２号,6730017
3140001035763,株式会社佐野産業,兵庫県,明石市,大久保町大窪９３０番地の３,6740051
3140001035771,株式会社キズナックスパートナーズ,兵庫県,明石市,大久保町ゆりのき通１丁目５番地１７,6740068
3140001035788,関西警備株式会社,兵庫県,明石市,松の内２丁目１番地８,6730016
3140001035796,株式会社アドクリエーター,兵庫県,明石市,魚住町西岡１３１０番地の５,6740084
3140001035805,中央電設株式会社,兵庫県,明石市,魚住町西岡３２７番地の４,6740084
3140001035813,ウイング情報企画株式会社,兵庫県,明石市,魚住町中尾２９５番地の７,6740082
3140001035838,株式会社ダイワインターナショナル,兵庫県,明石市,相生町２丁目８−２,6730882
3140001035854,株式会社新友,兵庫県,明石市,鳥羽４４０,6730003
3140001036002,株式会社ジャパン芸能プロダクション,兵庫県,明石市,東野町２０８７番１号,6730844
3140001036010,クリエイトハウジング株式会社,兵庫県,明石市,和坂稲荷町５９番地,6730013
3140001036019,株式会社シティライフ,兵庫県,明石市,魚住町住吉２丁目１０−２７,6740083
3140001036712,株式会社現金屋,兵庫県,明石市,藤江２０２８番地の１７,6730044
3140001036729,ナナミック・アートコレクション株式会社,兵庫県,明石市,鷹匠町５番１３−６０３号,6730848
3140001036786,株式会社西村製作所,兵庫県,明石市,北王子町２番５４号,6730021
3140001036860,株式会社山陽社,兵庫県,明石市,大久保町大窪字長池２１９５番地の１,6740051
3140001036902,株式会社イングレッサ,兵庫県,明石市,大久保町西島１４３番地の１,6740065
3140001036910,株式会社ジー・エー,兵庫県,明石市,二見町東二見５４５−２,6740092
3140001036976,株式会社ジャパンエンジンコーポレーション,兵庫県,明石市,二見町南二見１番地３８,6740093
3140001036984,ＴＡＫＵＭＩ　ＷＯＲＫＳ株式会社,兵庫県,明石市,旭が丘２番５号,6730002
3140001037009,株式会社明石資材,兵庫県,明石市,大久保町大窪３１５３番地８,6740051
3140001037017,日本新生株式会社,兵庫県,明石市,大久保町駅前１丁目５番地の８晏如ビル５０３,6740058
3140001037058,株式会社カンパーニュ,兵庫県,明石市,和坂１２番地の２山崎ビル２０２号,6730012
3140001037082,株式会社日神鋼業,兵庫県,明石市,大久保町八木６４６番地の３,6740063
3140001037090,株式会社大地の実,兵庫県,明石市,大久保町江井島２９８番地,6740064
3140001037108,株式会社ＴＡＫＩ,兵庫県,明石市,二見町西二見７４７番地の２,6740094
3140001037124,ルークスターマネジメント株式会社,兵庫県,明石市,花園町１番２０号,6730015
3140001037132,株式会社大津保険事務所,兵庫県,明石市,大道町２丁目２番２４号,6730029
3140001037157,株式会社オーエヌエス,兵庫県,明石市,大久保町わかば１６番１４号,6740069
3140001037181,株式会社シティトラスト,兵庫県,明石市,本町１丁目１番２４号大日明石本町ビル,6730892
3140001037215,株式会社セレブリティープロデュース,兵庫県,明石市,大久保町西脇１８６番地の４,6740054
3140001037256,株式会社三宝商事,兵庫県,明石市,魚住町清水５６６番地の１,6740074
3140001037264,株式会社オレンジブロッサム,兵庫県,明石市,大蔵八幡町１番１０号ユニハイツ朝霧８０８号室,6730871
3140001037272,株式会社サントル,兵庫県,明石市,本町１丁目５番１号,6730892
3140001037280,株式会社ＮＫプランニング,兵庫県,明石市,大久保町西島８６番地の１プレステージ明石大久保Ｖ−２１０号,6740065
3140001037289,株式会社ラメック,兵庫県,明石市,大久保町谷八木１４０５番地,6740062
3140001037297,明里不動産株式会社,兵庫県,明石市,大久保町駅前１丁目９番地の６,6740058
3140001037306,株式会社ロカリーナ,兵庫県,明石市,鳥羽１２９５番地シティハイツＩＩ３０２号,6730003
3140001037314,宝来建設株式会社,兵庫県,明石市,茶園場町３番２−１２０号,6730849
3140001037330,株式会社関西エーシィー,兵庫県,明石市,硯町２丁目７番２６−９０２号,6730028
3140001037339,株式会社Ｌａｎａｉ,兵庫県,明石市,大蔵中町２４番９−４０３号,6730873
3140001037347,株式会社オフィス・ヨシオカ,兵庫県,明石市,西明石町５丁目１０番６号,6730011
3140001037355,株式会社亜須技工,兵庫県,明石市,西明石南町１丁目１０番１８号,6730041
3140001037371,株式会社バリューコンサル,兵庫県,明石市,鳥羽１５３５番地の１,6730003
3140001037396,明石工業株式会社,兵庫県,明石市,二見町東二見７０８,6740092
3140001037405,株式会社アラキ,兵庫県,明石市,魚住町西岡４４９番地の３魚住ヒルズ８０５,6740084
3140001037454,株式会社丸岸,兵庫県,明石市,沢野南町２丁目１番地の１１,6730019
3140001037487,株式会社ハマハタ商事,兵庫県,明石市,林２丁目１８番１７号,6730034
3140001037504,株式会社Ｈｉｎａ,兵庫県,明石市,山下町１番３１号,6730878
3140001037520,株式会社ホームヘルプステーションいるか,兵庫県,明石市,西明石南町２丁目９番９−４０２号,6730041
3140001037529,株式会社エムトラスト,兵庫県,明石市,魚住町清水２５２番地の１９,6740074
3140001037537,株式会社おかもと,兵庫県,明石市,二見町東二見３８２番地の１,6740092
3140001037545,株式会社フーチャンダイニング,兵庫県,明石市,西新町１丁目１７番５号,6730023
3140001037553,株式会社セレモニーステージ,兵庫県,明石市,朝霧南町１丁目１５８−５−６０１,6730870
3140001037578,山星株式会社,兵庫県,明石市,立石２丁目１番４１号,6730032
3140001037603,株式会社神戸経営,兵庫県,明石市,大久保町高丘１丁目７番地の１０,6740057
3140001037611,カワサキリンクス株式会社,兵庫県,明石市,硯町３丁目６番１７号サーパス明石第２−１００２号,6730028
3140001037628,株式会社吉本製作所,兵庫県,明石市,大久保町松陰２６９番地の４,6740053
3140001037636,株式会社バディ,兵庫県,明石市,大久保町大窪２６０３番地の５６５,6740051
3140001037652,株式会社ライフメンテナンス,兵庫県,明石市,魚住町清水８５２番地の２,6740074
3140001037669,株式会社グリーンデザート,兵庫県,明石市,魚住町住吉４丁目１６番７号,6740083
3140001037677,株式会社Ｒｉｃｏｓ　Ｐｌａｎｅｔｓ,兵庫県,明石市,小久保１丁目１−１４−８０５,6730005
3140001037685,株式会社マーテック,兵庫県,明石市,大久保町大窪２３３８番地,6740051
3140001037693,クレバー株式会社,兵庫県,明石市,魚住町長坂寺１番地,6740072
3140001037702,株式会社明石商会,兵庫県,明石市,大久保町西島４０９番地の４,6740065
3140001037719,株式会社安心得得,兵庫県,明石市,大蔵八幡町１番１０−４０５号,6730871
3140001037735,株式会社丸屋,兵庫県,明石市,大道町１丁目１４番１３号,6730029
3140001037743,株式会社サイエ,兵庫県,明石市,東朝霧丘３３番１−２１０号,6730854
3140001037768,神戸丸進運輸株式会社,兵庫県,明石市,大久保町大窪１４８４−７−２０３,6740051
3140001037776,ワイズフーズ株式会社,兵庫県,明石市,藤江２０２９番地の１,6730044
3140001037784,株式会社馬田コーポレーション,兵庫県,明石市,藤江１４８４番地,6730044
3140001037792,株式会社キズナックスインベストメンツ,兵庫県,明石市,大久保町ゆりのき通１丁目５番地の１７,6740068
3140001037818,株式会社あすかコーポレーション,兵庫県,明石市,新明町３番７号,6730027
3140001037826,株式会社オートショップ新星,兵庫県,明石市,魚住町金ケ崎３７５−１,6740071
3140001037842,株式会社Ｔ・Ｌ貿易,兵庫県,明石市,大久保町高丘６丁目１１−４,6740057
3140001037867,株式会社グリーン,兵庫県,明石市,大道町１丁目１６番７号,6730029
3140001037875,株式会社フーデックス,兵庫県,明石市,本町１丁目４番１９号,6730892
3140001037891,株式会社Ｅｘｐｒｅｓｓｉｏｎ,兵庫県,明石市,大久保町大窪１９２１番地の１,6740051
3140001037909,株式会社ムーヴジャパン,兵庫県,明石市,西新町２丁目１６番２号駅前ビル,6730023
3140001037917,株式会社ベストホームズ,兵庫県,明石市,大久保町大窪５２５番地の１４,6740051
3140001037925,西明石倉庫株式会社,兵庫県,明石市,和坂２丁目１４番８号,6730012
3140001037941,株式会社今井保険事務所,兵庫県,明石市,西明石北町１丁目１１番５号,6730018
3140001037966,株式会社アーティファクト,兵庫県,明石市,朝霧南町３丁目１１番２６−１１１号,6730870
3140001037982,株式会社リジリアンス,兵庫県,明石市,人丸町１番７９号,6730877
3140001037990,株式会社グランドライフ,兵庫県,明石市,魚住町西岡２３００番地８,6740084
3140001042347,株式会社オリエンタルメタルス,兵庫県,明石市,立石１丁目３番２８号,6730032
3140001043626,丸大青果株式会社,兵庫県,明石市,藤江２０２９番地の１,6730044
3140001045382,フジタ・エンタープライズ株式会社,兵庫県,明石市,大久保町大窪２６８３番地の１,6740051
3140001057114,株式会社稲岡冷機,兵庫県,明石市,大久保町高丘３丁目１２−６,6740057
3140001057394,株式会社フェリーチェ,兵庫県,明石市,大久保町西島６３３番地の３,6740065
3140001064622,株式会社ヒューマン,兵庫県,明石市,大久保町駅前１丁目７番地５ＯｃｅａｎＩＩ２０３,6740058
3140001067344,三恵商事株式会社,兵庫県,明石市,魚住町金ケ崎１１８０番地の２,6740071
3140001067666,株式会社Ｌｅｉｃｅｓｔｅｒ,兵庫県,明石市,貴崎１丁目２番６号,6730037
3140001080495,株式会社ラビタス,兵庫県,明石市,藤江１１５５番地の６８,6730044
3140001080644,株式会社神戸ルミエール,兵庫県,明石市,太寺１丁目２番６号,6730845
3140001086534,株式会社神足,兵庫県,明石市,林崎町１丁目１０番２２号,6730033
3140001086823,株式会社白菊興産,兵庫県,明石市,大明石町１丁目８番８号,6730891
3140001086996,株式会社マウス,兵庫県,明石市,二見町南二見７番地の３,6740093
3140001087268,株式会社アバンサール,兵庫県,明石市,魚住町中尾１４５番地,6740082
3140001087276,アーステックジャパン株式会社,兵庫県,明石市,西明石南町２丁目１３番１２号２Ｆ,6730041
3140001087499,エスライン株式会社,兵庫県,明石市,魚住町西岡２１０９番地の４,6740084
3140001087747,株式会社フロントエンドワン,兵庫県,明石市,樽屋町１５−１−２０１,6730898
3140001088092,創成建設株式会社,兵庫県,明石市,松江３５３番地の１１,6730036
3140001088695,株式会社クリスピー,兵庫県,明石市,二見町西二見２０１４番地の３サンハイツ土山６１０号,6740094
3140001088844,オールウィンコンサルタンツ株式会社,兵庫県,明石市,大久保町高丘７丁目６５番地の２,6740057
3140001088910,株式会社タカツウ,兵庫県,明石市,西明石東町１番地の７,6730009
3140001089330,株式会社稼大,兵庫県,明石市,魚住町中尾２２０番地の４,6740082
3140001089487,プラッド・ロール株式会社,兵庫県,明石市,茶園場町１番３号アサダビル１階,6730849
3140001089933,株式会社Ｍ＆Ｔラブレ,兵庫県,明石市,大久保町大久保町３２８番地の１０,6740067
3140001090115,株式会社政旨鮨,兵庫県,明石市,大明石町１丁目６番１号,6730891
3140001090239,ＭＯＯＮＩ　ＪＡＰＡＮ株式会社,兵庫県,明石市,二見町東二見１４１番地の１,6740092
3140001090412,トラスト不動産株式会社,兵庫県,明石市,朝霧東町２丁目１番３７号,6730860
3140001090775,健新不動産販売株式会社,兵庫県,明石市,鍛治屋町４番２１号,6730884
3140001091096,株式会社大鶴興業,兵庫県,明石市,小久保５丁目１５番地の１０,6730005
3140001091121,株式会社フィールズ,兵庫県,明石市,大久保町大窪２６０３番地の５６５,6740051
3140001091385,ハルト金属株式会社,兵庫県,明石市,魚住町西岡２１０９番地の４,6740084
3140001091468,ＮＹトレーディング株式会社,兵庫県,明石市,大久保町大窪６６０番地の１１,6740051
3140001091600,ＩＴＣＯＭ株式会社,兵庫県,明石市,魚住町住吉２丁目１番３１号,6740083
3140001091641,株式会社アイタイト,兵庫県,明石市,大久保町福田３丁目１１番３号,6740066
3140001092086,株式会社吉永建工,兵庫県,明石市,小久保５丁目１２番地の９−ＩＶ−４０９号,6730005
3140001092128,株式会社サテライトプランニング,兵庫県,明石市,小久保２丁目１４番地の５サンハイツＩ２０１号,6730005
3140001093225,株式会社プラスチックソフトウェア,兵庫県,明石市,松江７３番地の１シーサイドパーク３０２号,6730036
3140001093398,ＶＥ企画株式会社,兵庫県,明石市,魚住町西岡２２０７番地の２,6740084
3140001093860,株式会社ＳＹ企画サービス,兵庫県,明石市,松江４８番地の１５,6730036
3140001094165,ヒロ工業株式会社,兵庫県,明石市,二見町西二見４４７番地５,6740094
3140001094347,株式会社ネクサス,兵庫県,明石市,二見町福里７−３,6740091
3140001094405,株式会社平田設備,兵庫県,明石市,大久保町西島１１８番地の１４,6740065
3140001094545,株式会社和光物産,兵庫県,明石市,二見町西二見２０１４番地の３−１２２号,6740094
3140001094999,株式会社ＭＥＲＩＡ,兵庫県,明石市,大久保町駅前１丁目９番地の１０,6740058
3140001095213,株式会社ＥＤＧＥ,兵庫県,明石市,大久保町西島１６３番地の５,6740065
3140001096021,株式会社晃栄テック,兵庫県,明石市,魚住町中尾２３０−１コンフォールＩＩＢ−１０１,6740082
3140001096491,株式会社杏樹,兵庫県,明石市,魚住町鴨池１番地の１０,6740073
3140001098034,株式会社ＥＬＤＯＲＡＤＯ,兵庫県,明石市,藤江２０２８番地の８６,6730044
3140001098190,クロスライフ株式会社,兵庫県,明石市,大久保町大窪２２７番地の７,6740051
3140001099214,株式会社サワダアートプランニング,兵庫県,明石市,材木町１５番５号,6730893
3140001099387,株式会社グリーンライフ,兵庫県,明石市,大久保町大窪２１１３番地の７,6740051
3140001099552,株式会社藤村工務店,兵庫県,明石市,大久保町緑が丘７番１７号,6740055
3140001099560,ホテルミーツ株式会社,兵庫県,明石市,野々上３丁目１３番３号,6730017
3140001099734,株式会社結結,兵庫県,明石市,松が丘３丁目２３番５号,6730862
3140001099791,株式会社ＭＫ,兵庫県,明石市,立石２丁目５−１１,6730032
3140001100179,株式会社日本双輪機構,兵庫県,明石市,藤江１５７２番地の３,6730044
3140001100484,株式会社ゆりの樹,兵庫県,明石市,大久保町福田３丁目２番１２−７０１号,6740066
3140001100583,株式会社ヨシカワ,兵庫県,明石市,小久保３丁目１８番地の２６,6730005
3140001100872,株式会社アクアエンジ,兵庫県,明石市,大久保町西島９６１番地の１,6740065
3140001101243,村上商事株式会社,兵庫県,明石市,魚住町金ケ崎１１６０番,6740071
3140001101375,株式会社メーガンレーシングジャパン,兵庫県,明石市,魚住町金ケ崎８５１番地−１−１０５,6740071
3140001101441,関西技研株式会社,兵庫県,明石市,大久保町谷八木６８１−３,6740062
3140001101747,株式会社ソーシャルネット明石,兵庫県,明石市,二見町東二見１０４５番地１サンパレス東二見３０１号,6740092
3140001101879,ＤＯＯＲＳコーポレーション株式会社,兵庫県,明石市,魚住町長坂寺７６１番地の１,6740072
3140001102200,ＳＫリテールサービス株式会社,兵庫県,明石市,松の内２丁目９−１７リノスタイル西明石５０３号室,6730016
3140001102233,株式会社風然スタジオ,兵庫県,明石市,明南町２丁目１６−１６−Ａ−１０２,6730001
3140001102282,株式会社コエダ自動車,兵庫県,明石市,大久保町八木４１３番地,6740063
3140001102555,テンシステム株式会社,兵庫県,明石市,二見町東二見８０２番地の１アルス明石東二見７０９号,6740092
3140001102646,株式会社播磨鉄建,兵庫県,明石市,魚住町清水２３５１−１,6740074
3140001102745,株式会社サツマ商会,兵庫県,明石市,二見町南二見１３番８,6740093
3140001103082,未来発電株式会社,兵庫県,明石市,天文町２丁目６番７号,6730881
3140001104015,ツインズワークス株式会社,兵庫県,明石市,松の内２丁目６番地の８,6730016
3140001104221,株式会社ミラクルツリー,兵庫県,明石市,大明石町１丁目９番２２−２０１号,6730891
3140001105475,株式会社ＪＳＴ　Ｆｉｔ,兵庫県,明石市,大久保町大久保町９７７番地の１１,6740067
3140001105500,株式会社一住建,兵庫県,明石市,朝霧町２丁目１２番２号,6730866
3140001105533,株式会社丸徳,兵庫県,明石市,太寺４丁目１０番１８号,6730845
3140001105863,株式会社アドバンス,兵庫県,明石市,二見町東二見１０６７番地１,6740092
3140001105871,株式会社山秀,兵庫県,明石市,大久保町江井島９６４番地の３ネオハート２、１０２,6740064
3140001106119,株式会社三宝,兵庫県,明石市,野々上２丁目７番地の８,6730017
3140001106440,株式会社Ｒ．Ｅ．Ｎ,兵庫県,明石市,鍛治屋町５番３７号赤松ビル,6730884
3140001106837,株式会社ＫＯＢＵ　ＪＡＰＡＮ,兵庫県,明石市,二見町西二見１９８５番地の１５,6740094
3140001106911,株式会社ＯＮＥ’Ｓ　ＳＴＲＥＥＴ,兵庫県,明石市,大明石町１丁目６番１パピオスあかし１Ｆ,6730891
3140001106960,株式会社セレモニーきずな,兵庫県,明石市,魚住町西岡５６０番地の６,6740084
3140001107257,日精ホンママシナリー株式会社,兵庫県,明石市,二見町西二見１２４２番地,6740094
3140001107298,株式会社たこ磯,兵庫県,明石市,本町１丁目７−１４,6730892
3140001107579,株式会社オフィス中谷,兵庫県,明石市,東朝霧丘２番１３号,6730854
3140001108387,株式会社スカイトレーディング,兵庫県,明石市,藤江１９９２番地の１２,6730044
3140001108461,株式会社リュミエール,兵庫県,明石市,藤江１７０３番地の５１,6730044
3140001108668,Ｓａｍ．Ｔ株式会社,兵庫県,明石市,大明石町２丁目５番１−１００３号,6730891
3140001108692,株式会社明城興業,兵庫県,明石市,本町１丁目４番３号,6730892
3140001108800,株式会社ＳＥＮＳＥ,兵庫県,明石市,大久保町大窪６１１番地の１２,6740051
3140001109014,株式会社タスクコーポレーション,兵庫県,明石市,大久保町大窪１７１９番地,6740051
3140001109360,千礼株式会社,兵庫県,明石市,魚住町金ケ崎３７７番地の１,6740071
3140001110021,株式会社プロスパー,兵庫県,明石市,大久保町大窪１９２５番地の１昌栄ビル１階,6740051
3140001110269,株式会社ＡＳＬＩＮＸ,兵庫県,明石市,魚住町住吉１丁目１８番地の８、４０２号,6740083
3140001110467,肥嶋左門ヘルスケア株式会社,兵庫県,明石市,上ノ丸２丁目６番４３号,6730846
3140001110500,三陽ホーム株式会社,兵庫県,明石市,西明石南町２丁目１８番１３号,6730041
3140001110599,建築物理コンサルタント株式会社,兵庫県,明石市,西明石北町１丁目３番２０号,6730018
3140001111440,ハイバラ設備工業株式会社,兵庫県,明石市,東人丸町７番７号,6730876
3140001111944,株式会社Ｓｅａ　Ｈｏｒｉｚｏｎ,兵庫県,明石市,本町１丁目４番２６号,6730892
3140001112208,英不動産販売株式会社,兵庫県,明石市,魚住町西岡１１００番地の１,6740084
3140001112331,株式会社Ｔ−Ｃｌａｎ,兵庫県,明石市,西新町１丁目１３−６,6730023
3140001112380,うお左衛門株式会社,兵庫県,明石市,本町１丁目１−２１,6730892
3140001112538,株式会社ＡＨＹ,兵庫県,明石市,魚住町西岡１８６２−５０４,6740084
3140001112959,インスパイアプラン株式会社,兵庫県,明石市,小久保１２０番地の５５Ａ−６０１号,6730005
3140001113172,株式会社ベイシックス,兵庫県,明石市,松の内２丁目２番地,6730016
3140001113817,ＨＡＰＰＹ　ＡＲＲＯＷ株式会社,兵庫県,明石市,二見町西二見駅前３丁目９３番,6740095
3140001113924,株式会社麗和,兵庫県,明石市,松が丘１丁目４番松が丘住宅１５号棟３１０号室,6730862
3140001113965,株式会社ｋｏｋｏｎｉａｒｕ,兵庫県,明石市,魚住町中尾１０５８番地,6740082
3140001114591,ネクストアイ株式会社,兵庫県,明石市,魚住町西岡１００６番地の３,6740084
3140001115648,株式会社ＮｅｘｔＣａｒｅ,兵庫県,明石市,二見町東二見１６８０−２,6740092
3140001115929,富士不動産株式会社,兵庫県,明石市,本町１丁目１１番８号,6730892
3140001116076,株式会社小西建築,兵庫県,明石市,二見町東二見２０２４番地の４９,6740092
3140001116308,株式会社トライフォースジャパン,兵庫県,明石市,大久保町森田１６７番地の５,6740061
3140001116828,株式会社ＴＫＢ,兵庫県,明石市,魚住町西岡１４３６番地,6740084
3140001117280,人丸工務店株式会社,兵庫県,明石市,天文町１丁目３番１号,6730881
3140001118048,ＡＳ設計株式会社,兵庫県,明石市,藤江２０３２−５ラ・フラタニテ２０９,6730044
3140001118072,株式会社ＭｉｚｕｔａＭｏｌｄＴｅｃｈｎｏｌｏｇｙ,兵庫県,明石市,西新町３丁目１４番１号,6730023
3140001118287,株式会社さくら塗装,兵庫県,明石市,二見町東二見８４０番地,6740092
3140001118700,昌晃テック株式会社,兵庫県,明石市,魚住町中尾３１１番地１,6740082
3140001119368,株式会社カタクラ,兵庫県,明石市,大久保町大久保町２７７番地の５,6740067
3140001119632,株式会社ｅｍｕ,兵庫県,明石市,魚住町長坂寺１４１番６,6740072
3140001119731,株式会社高木の家,兵庫県,明石市,大久保町江井島９４９番地の６,6740064
3140001119839,株式会社ｍａｎａｓ,兵庫県,明石市,西新町２丁目１−１０明石グレースアーケード,6730023
3140001120441,株式会社Ｒｏｏｔ,兵庫県,明石市,二見町東二見１３３４番地の１ヴィラ二見１−Ｄ,6740092
3140001121068,株式会社トップラン明石,兵庫県,明石市,大久保町八木３７１番地の１８,6740063
3140001121126,大榮工業株式会社,兵庫県,明石市,大久保町茜３丁目４−１６−２,6740059
3140001121142,株式会社コネクト,兵庫県,明石市,桜町１４−１９ＫＵＫＩビル４Ｆ,6730885
3140001121919,株式会社ＪＰｉｖｏｔ,兵庫県,明石市,大久保町八木２４番地の１９,6740063
3140001122132,株式会社茂川造園,兵庫県,明石市,大久保町八木１２番地の５,6740063
3140001122553,株式会社ＩＧＡＫＥＮ,兵庫県,明石市,西新町３丁目７番２２号,6730023
3140001122578,株式会社ＺＥＲＯ　ＢＡＳＥ,兵庫県,明石市,魚住町西岡２３４２番地,6740084
3140001122891,株式会社プロアーム,兵庫県,明石市,大久保町八木１４６番地の２５,6740063
3140001122941,Ｃｏｎｅｃｔｉｎｇ　ｄｏｔｓ株式会社,兵庫県,明石市,大久保町谷八木５０番地の７,6740062
3140001123015,株式会社インテリアキダプラス,兵庫県,明石市,東野町２０４３−８,6730844
3140001123188,株式会社プリンス,兵庫県,明石市,野々上３丁目７番地の９,6730017
3140001123246,大豊工業株式会社,兵庫県,明石市,魚住町長坂寺４４１番地の１２第２安達ハイツ１０２号,6740072
3140001123444,株式会社ＳＦ,兵庫県,明石市,樽屋町１２番１２号,6730898
3140001123725,マリア訪問看護ステーション株式会社,兵庫県,明石市,大久保町駅前２丁目２番４−３０１号,6740058
3140001123857,マサヤ株式会社,兵庫県,明石市,朝霧南町３丁目１６番５８号,6730870
3140001124319,株式会社龍,兵庫県,明石市,大久保町西島５２３番地,6740065
3140001124657,株式会社川井工業,兵庫県,明石市,二見町福里１５８番地の１３,6740091
3140001125333,笹倉建築株式会社,兵庫県,明石市,大久保町大窪２１２６番地の６,6740051
3140001125473,西明石カウンセリングオフィス株式会社,兵庫県,明石市,和坂１４番地の５−３０３,6730012
3140001125498,株式会社リベルテ,兵庫県,明石市,明南町２丁目４番２４号,6730001
3140001125507,株式会社ＵＶＣ,兵庫県,明石市,人丸町２番１９号,6730877
3140001125548,株式会社足立電気,兵庫県,明石市,二見町東二見１２８５−１,6740092
3140001125787,株式会社ＷＪＰ,兵庫県,明石市,大久保町西島７９３番地の５,6740065
3140001126026,株式会社栄成工業,兵庫県,明石市,貴崎１丁目８番２０号,6730037
3140001126249,株式会社アクティアサポート,兵庫県,明石市,大久保町山手台２丁目１０５番地の１,6740056
3140001127676,ウェルネスナース株式会社,兵庫県,明石市,大久保町八木７３０番地の４,6740063
3140001128633,株式会社シムクリエイト,兵庫県,明石市,野々上２丁目１−９セトルアスカ西明石１０１,6730017
3140001128708,株式会社ＱＵＰＥＴ,兵庫県,明石市,宮の上５番２１号,6730031
3140001129078,株式会社アルカナ,兵庫県,明石市,魚住町錦が丘４丁目５番地４,6740081
3140001129490,株式会社セカンドフロンティア,兵庫県,明石市,太寺２丁目４番２０号ヒルズ太寺１０３号,6730845
3140001129540,株式会社明石めで鯛や,兵庫県,明石市,和坂１２番地の７,6730012
3140001129763,株式会社エルトラスト,兵庫県,明石市,藤江１９２８番地の６,6730044
3140001129854,株式会社ＮＭＳ,兵庫県,明石市,林１丁目２番１７号,6730034
3140001130119,株式会社Ｒｅ．Ｒｉｚｅ,兵庫県,明石市,大久保町大窪２６８４−２衣笠マンション１Ｆ,6740051
3140001131125,株式会社てぃだくくる,兵庫県,明石市,魚住町西岡１１１１番地の３,6740084
3140001131166,株式会社橋本ビル,兵庫県,明石市,松の内２丁目６番地の２アルファステイツ西明石駅９０５号,6730016
3140001131554,株式会社Ｓｔｏｋｅ　ｚｏｎｅ,兵庫県,明石市,中崎２丁目４番１−５２３号,6730883
3140001131612,Ａ株式会社,兵庫県,明石市,魚住町錦が丘１丁目７番地の４９,6740081
3140001131752,株式会社ＹＫＦ,兵庫県,明石市,朝霧町１丁目２５番１１号,6730866
3140001131942,株式会社Ｈｉ‐ｓｔａｎｄａｒｄ,兵庫県,明石市,魚住町住吉４丁目４番２５号,6740083
3140001132965,株式会社藤心,兵庫県,明石市,大久保町大窪１２２１番地の２,6740051
3140001133674,株式会社ＤＡＩＴＥＣ,兵庫県,明石市,鷹匠町６番１１号,6730848
3140001134012,株式会社Ｈａｐｉｋａｔａ,兵庫県,明石市,朝霧町１丁目４番８号,6730866
3140001134160,ＬＥＡＮ　ＨＯＫＥＮ株式会社,兵庫県,明石市,二見町西二見３６１番地の２,6740094
3140001134251,株式会社サンピーク,兵庫県,明石市,大久保町江井島７５３番地の１,6740064
3140001134607,賢天株式会社,兵庫県,明石市,魚住町西岡１１番地の４,6740084
3140001134680,株式会社ＡＣＣ,兵庫県,明石市,魚住町清水１３３３番地の１,6740074
3140001134846,株式会社ユミフーズ,兵庫県,明石市,大久保町ゆりのき通１丁目４番地の２、１−８０３号,6740068
3140001135035,株式会社ｋｉｔｉ,兵庫県,明石市,本町１丁目２−３３興生ビル４Ｆ,6730892
3140001135051,株式会社Ｒｅｌａｃｔｉｖｅ,兵庫県,明石市,大久保町八木２７８番地,6740063
3140001136090,株式会社プロテア,兵庫県,明石市,小久保２丁目１番地の１４グランカサーレ西明石駅前１００３号,6730005
3140001136165,ＴＡＧＡＷＡ株式会社,兵庫県,明石市,魚住町清水２４２６番地の５,6740074
3140001136355,ＳＡＮＷＡ　ＨＯＲＩＺＯＮ　ＣＯＮＳＵＬＴＩＮＧ株式会社,兵庫県,明石市,朝霧山手町７番２１号,6730853
3140001136792,株式会社エスポライト,兵庫県,明石市,大久保町大窪９５８番地の２−Ｇ,6740051
3140001136925,播磨ＥＮＧ株式会社,兵庫県,明石市,魚住町清水２３５１−１,6740074
3140001137295,株式会社ビレッジ,兵庫県,明石市,太寺天王町２９７０番地の５,6730841
3140001137948,株式会社Ｄｒｅａｍ　Ａｃｃｅｌｅｒａｔｏｒ,兵庫県,明石市,魚住町住吉３丁目１３０８番地の５,6740083
3140001138780,ＲＯＯＳＴＦＩＮＥオフィス株式会社,兵庫県,明石市,野々上３丁目１２番地の４プレステージ西明石ＩＸ−３０６号,6730017
3140001139052,株式会社セトマキＥＣサポート,兵庫県,明石市,鳥羽１４５３番地の１６,6730003
3140001139688,株式会社ＴＡＮＰＥＮＳ,兵庫県,明石市,西新町３丁目１１番１４号,6730023
3140001139787,株式会社スターリーフ,兵庫県,明石市,大久保町ゆりのき通２丁目５０番地の６Ａ棟１１１３号,6740068
3140001140480,株式会社石秀,兵庫県,明石市,林３丁目９番６号,6730034
3140001140522,株式会社Ａｉｚｕ,兵庫県,明石市,大久保町松陰７７５番地の３グリーンフォレストＩＩ２０１号,6740053
3140001140745,株式会社サングローリー,兵庫県,明石市,魚住町鴨池１番地の１０,6740073
3140001140852,株式会社ミライブ,兵庫県,明石市,本町１丁目２−３３興生ビル４階,6730892
3140001140943,株式会社ＯＫライフ,兵庫県,明石市,魚住町清水１５５０番地の２２,6740074
3140001141058,庄司設備株式会社,兵庫県,明石市,大久保町高丘５丁目３番地の１−４３棟１０５号,6740057
3140001142535,７丁目ミュージック株式会社,兵庫県,明石市,大久保町高丘７丁目１９番２号,6740057
3140002029186,株式会社Ｈ・Ｋコーポレーション,兵庫県,明石市,大久保町茜３丁目１４番１５号,6740059
3140002029467,グランドスウェル株式会社,兵庫県,明石市,藤江１５９５番地の１２０,6730044
3140002029723,株式会社松尾設計室,兵庫県,明石市,西明石北町１丁目３番２０号,6730018
3140002030045,雅溶接株式会社,兵庫県,明石市,大久保町大久保町６９０番地の４グラジオ大久保ミラコスタ６０１号,6740067
3140003005723,株式会社紅屋,兵庫県,明石市,本町２丁目３番９号,6730892
3140003005888,株式会社Ｔｕｒｑｕｏｉｓｅ,兵庫県,明石市,茶園場町４番２３号,6730849
3140003011382,株式会社ＮＥＸＴ戦略,兵庫県,明石市,樽屋町８番３４,6730898
3290001092088,株式会社リプロエイド,兵庫県,明石市,大久保町江井島１６５０番地の２プレステージ明石大久保４０４号,6740064
3340001007271,新日本航空株式会社,兵庫県,明石市,硯町３丁目１番２４号,6730028
3340001010713,飛龍産業株式会社,兵庫県,明石市,松の内１丁目２番地の１１,6730016
3480001009329,エコプロ株式会社,兵庫県,明石市,松の内２丁目１番地８,6730016
4010701037451,株式会社ＹＯＵ　ＲＩＮＣＨＩ,兵庫県,明石市,林崎町３丁目５５３番地の１シーサイドパストラル林崎３０４号,6730033
4020001113076,株式会社ＲＯＸ,兵庫県,明石市,本町１丁目２番３３号興生ビル４階,6730892
4120001196499,ＯＭＯｇｒｏｕｐ株式会社,兵庫県,明石市,魚住町清水２４３番地１号,6740074
4120101028362,株式会社春千代,兵庫県,明石市,中崎１丁目１−１−３１３,6730883
4140001010666,株式会社フリークリエーション,兵庫県,明石市,東野町２０５６番地朝霧パークホームズ７０９号,6730844
4140001018536,株式会社ダイエーハウス,兵庫県,明石市,相生町１丁目２番２８号,6730882
4140001018817,株式会社マツク・エンタープライズ社,兵庫県,明石市,大蔵中町３番２１号,6730873
4140001024872,ベニックソリューション株式会社,兵庫県,明石市,川崎町１番１号,6730014
4140001025697,株式会社ＦＢＳ,兵庫県,明石市,朝霧台３７８３番地の２０３,6730852
4140001025755,株式会社アグル建築事務所,兵庫県,明石市,上ノ丸１丁目４番６号,6730846
4140001029987,ＦＨＧ貿易株式会社,兵庫県,明石市,旭が丘１５−１５ソアール西明石２０２号,6730002
4140001030838,株式会社エンヴォーグ,兵庫県,明石市,魚住町清水２３２８番地の１プルミエール明石ウエスト,6740074
4140001031968,株式会社ＩＳＣ,兵庫県,明石市,小久保２丁目１−６吉栄ビル５ＦＡ,6730005
4140001033725,ＭＳテクノロジー株式会社,兵庫県,明石市,小久保５丁目１７番８号,6730005
4140001034392,株式会社明石木型製作所,兵庫県,明石市,西新町１丁目１５番２号,6730023
4140001034401,株式会社神戸ＣＳ,兵庫県,明石市,小久保２丁目７番地２０,6730005
4140001034418,株式会社明石商工会館,兵庫県,明石市,本町１丁目６番１号人丸ビル,6730892
4140001034426,株式会社明石動物霊園,兵庫県,明石市,大久保町松陰１１２７番地の２,6740053
4140001034434,明石中央容器株式会社,兵庫県,明石市,藤江字三ッ池２０２８−６０字中谷９５８−５,6730044
4140001034442,明石酒類醸造株式会社,兵庫県,明石市,大蔵八幡町１番３号,6730871
4140001034450,明石丸市青果株式会社,兵庫県,明石市,藤江２０２９番地の１,6730044
4140001034459,株式会社アン,兵庫県,明石市,東人丸町６番３号,6730876
4140001034475,株式会社アサ・エンタプライズ,兵庫県,明石市,大久保町高丘１丁目６番地の１７,6740057
4140001034491,安藤地所株式会社,兵庫県,明石市,大久保町大久保町７００番地,6740067
4140001034500,株式会社淡清,兵庫県,明石市,大久保町高丘２丁目３番地の１８,6740057
4140001034509,池下紙業株式会社,兵庫県,明石市,大久保町八木２１８番地,6740063
4140001034525,株式会社イトー企画,兵庫県,明石市,中崎１丁目８番４号,6730883
4140001034533,株式会社エコー,兵庫県,明石市,大久保町わかば２４番１４号,6740069
4140001034541,株式会社井元商店,兵庫県,明石市,二見町西二見１１４２番地,6740094
4140001034558,ＡＭ交通株式会社,兵庫県,明石市,魚住町長坂寺字高所４４１番地の１３,6740072
4140001034566,株式会社うをや呉服店,兵庫県,明石市,二見町西二見９５８番地,6740094
4140001034574,梅田青果株式会社,兵庫県,明石市,藤江２０２９番地の１,6730044
4140001034608,株式会社エフ・リポート,兵庫県,明石市,二見町東二見字原寺３６７番２号,6740092
4140001034616,エムズコンピューターサービス株式会社,兵庫県,明石市,大明石町２丁目６番７号,6730891
4140001034624,株式会社エルシステム,兵庫県,明石市,東朝霧丘１３番８号,6730854
4140001034632,大久保石油株式会社,兵庫県,明石市,大久保町大窪字片渕跡１６９９番地,6740051
4140001034640,株式会社オオスギ,兵庫県,明石市,二見町西二見１９５３番地の１,6740094
4140001034657,株式会社生頼鉄工所,兵庫県,明石市,大久保町西脇４９３番地,6740054
4140001034665,株式会社オギノ,兵庫県,明石市,硯町２丁目５番１−１０６号,6730028
4140001034707,株式会社カットインヤマグチ,兵庫県,明石市,大蔵本町４番５号,6730874
4140001034715,株式会社叶不動産,兵庫県,明石市,大久保町大窪２２５番地,6740051
4140001034723,株式会社金田設備工業,兵庫県,明石市,藤江１６４４番地１,6730044
4140001034756,近畿ベアー商事株式会社,兵庫県,明石市,魚住町中尾１０５８番地の２,6740082
4140001034764,株式会社キッタ,兵庫県,明石市,大久保町江井島字天狗松１３０４の２９,6740064
4140001034772,株式会社木村工作所,兵庫県,明石市,大久保町八木４３６番地の８,6740063
4140001034797,株式会社クロス,兵庫県,明石市,西明石南町２丁目１９番１号,6730041
4140001034814,株式会社ケイズコーポレーション,兵庫県,明石市,西明石西町１丁目１０番３２号,6730049
4140001034839,株式会社神戸精密,兵庫県,明石市,二見町南二見１１番地の２,6740093
4140001034855,株式会社コスモ,兵庫県,明石市,東野町２０５６番地の９０８,6730844
4140001034863,株式会社マルジュー,兵庫県,明石市,魚住町金ケ崎１７０５番地,6740071
4140001034871,株式会社コムラ,兵庫県,明石市,大久保町大久保町６８３番地の５,6740067
4140001034896,株式会社サキノ精機,兵庫県,明石市,大久保町江井島８４４番地,6740064
4140001034921,山陽化学産業株式会社,兵庫県,明石市,本町１丁目１番２４号,6730892
4140001034938,株式会社ジェー・ヴィ・エー,兵庫県,明石市,大久保町大窪１１３９番地,6740051
4140001034946,塩田食品株式会社,兵庫県,明石市,貴崎３丁目１５番６０号,6730037
4140001034954,株式会社茂川土木,兵庫県,明石市,大久保町西島５３５番地の８,6740065
4140001034962,株式会社システムハウス,兵庫県,明石市,大久保町駅前１丁目７番地の３西川ビル４Ｆ,6740058
4140001035003,株式会社須恵工務店,兵庫県,明石市,大久保町山手台３丁目６５番地の１２,6740056
4140001035011,住友興産株式会社,兵庫県,明石市,小久保１丁目１１番地の１０,6730005
4140001035036,株式会社ソーエイ,兵庫県,明石市,樽屋町６番６号,6730898
4140001035052,第一放射線医療設備株式会社,兵庫県,明石市,魚住町西岡６７３番地,6740084
4140001035060,タイセイアクト株式会社,兵庫県,明石市,硯町２丁目７番６号,6730028
4140001035069,ダイチ株式会社,兵庫県,明石市,魚住町清水４５５番地の４,6740074
4140001035077,大陽興産株式会社,兵庫県,明石市,二見町東二見４７０番地の６,6740092
4140001035102,株式会社鷹取ネームプレート製作所,兵庫県,明石市,港町８番１８号,6730894
4140001035110,竹政開発株式会社,兵庫県,明石市,二見町西二見４５９番地,6740094
4140001035127,田中運送株式会社,兵庫県,明石市,大久保町大窪７０９番地,6740051
4140001035143,太郎丸建設株式会社,兵庫県,明石市,魚住町清水４５５番地の４,6740074
4140001035151,株式会社知遊美,兵庫県,明石市,魚住町清水１４４０番地の１,6740074
4140001035168,株式会社ティーシーメンテナンス,兵庫県,明石市,大久保町高丘２丁目３番地の１０,6740057
4140001035184,株式会社寺嶋商店,兵庫県,明石市,大久保町西脇４１５番地の５,6740054
4140001035192,東播倉庫株式会社,兵庫県,明石市,中崎１丁目８番８号,6730883
4140001035201,東洋機械エンジニアリング株式会社,兵庫県,明石市,二見町福里字大道星３０９番地の２,6740091
4140001035218,株式会社巴商会,兵庫県,明石市,山下町９番１号,6730878
4140001035226,株式会社ドロップス,兵庫県,明石市,藤江１２４４番地の９,6730044
4140001035234,ナガイ鋳工株式会社,兵庫県,明石市,魚住町長坂寺字辻ヶ内３２４番地,6740072
4140001035242,株式会社中建物設計,兵庫県,明石市,本町２丁目３番１０号,6730892
4140001035250,株式会社中原建設工業,兵庫県,明石市,大久保町西脇５８７番６,6740054
4140001035259,株式会社名田酒販,兵庫県,明石市,魚住町西岡１３１７番地,6740084
4140001035267,株式会社西岡商店,兵庫県,明石市,本町１丁目１１番１３号,6730892
4140001035275,株式会社西田工務店,兵庫県,明石市,林崎町２丁目５番３８号,6730033
4140001035283,日工興産株式会社,兵庫県,明石市,大久保町江井島１０１３番地の２,6740064
4140001035291,株式会社ニッソウ,兵庫県,明石市,大明石町１丁目６番１３号津田ビル２０２号,6730891
4140001035300,日東エンジニアリング株式会社,兵庫県,明石市,朝霧町３丁目１４番９号,6730866
4140001035317,株式会社布瀬電気,兵庫県,明石市,大久保町江井島７５１番地の２,6740064
4140001035325,株式会社野崎設備,兵庫県,明石市,魚住町金ケ崎３３５番地の６,6740071
4140001035333,株式会社長谷川鉄筋工業,兵庫県,明石市,大道町２丁目３番１１号,6730029
4140001035358,株式会社林喜商店,兵庫県,明石市,本町１丁目４番２０号,6730892
4140001035366,播磨警備保障株式会社,兵庫県,明石市,松の内１丁目９番地の７,6730016
4140001035374,日置建設株式会社,兵庫県,明石市,大久保町江井島１７４８番地の２,6740064
4140001035390,日之出工業株式会社,兵庫県,明石市,大蔵天神町２１番１４号,6730875
4140001035408,平崎石油株式会社,兵庫県,明石市,魚住町清水４５４番地の４,6740074
4140001035416,株式会社冨貴園,兵庫県,明石市,本町１丁目７番７号,6730892
4140001035424,株式会社フジ,兵庫県,明石市,太寺１丁目１７番２６号,6730845
4140001035440,藤本精工株式会社,兵庫県,明石市,貴崎５丁目２番３３号,6730037
4140001035449,二見酒販株式会社,兵庫県,明石市,二見町西二見６６１番地の２９,6740094
4140001035457,株式会社プラザ電化,兵庫県,明石市,松が丘５丁目３番７号,6730862
4140001035473,株式会社ホンダ明石,兵庫県,明石市,硯町１丁目３番１８号,6730028
4140001035498,まつなが不動産株式会社,兵庫県,明石市,小久保５丁目８番地の１,6730005
4140001035507,マルキ建材工業株式会社,兵庫県,明石市,魚住町清水２７５５番地の２,6740074
4140001035515,丸中織物株式会社,兵庫県,明石市,林１丁目９−４,6730034
4140001035531,株式会社ミゾモト,兵庫県,明石市,大蔵中町５番２号,6730873
4140001035548,向井レッカー工業株式会社,兵庫県,明石市,二見町西二見７８４番地の７,6740094
4140001035556,ムラタダイカスト工業株式会社,兵庫県,明石市,大蔵八幡町８番３２号,6730871
4140001035564,明華工業株式会社,兵庫県,明石市,魚住町清水字北沢１０８５番地,6740074
4140001035572,株式会社メイケンテツク,兵庫県,明石市,魚住町清水字小谷２３７５番地,6740074
4140001035580,明成総建開発株式会社,兵庫県,明石市,南貴崎町１番７号,6730035
4140001035589,株式会社明昌工務店,兵庫県,明石市,大久保町谷八木４０２番地１２,6740062
4140001035606,門田珈琲株式会社,兵庫県,明石市,西明石町２丁目４番１８号,6730011
4140001035614,ヤギインターナショナル株式会社,兵庫県,明石市,大久保町山手台３丁目６番地,6740056
4140001035622,株式会社山尾工作所,兵庫県,明石市,大久保町大窪２６０３番地の４４９,6740051
4140001035639,ヤマトハカリ計装株式会社,兵庫県,明石市,茶園場町５番７２号,6730849
4140001035663,株式会社吉伊商店,兵庫県,明石市,本町１丁目１２番２０号,6730892
4140001035671,吉田建設株式会社,兵庫県,明石市,小久保１丁目５番地の１,6730005
4140001035696,株式会社リカーショップタグチ,兵庫県,明石市,魚住町錦が丘４丁目７番地の８,6740081
4140001035721,株式会社ハリーズ,兵庫県,明石市,大久保町江井島２４５番地の３マーメイド２０２号室,6740064
4140001035754,コスモポリタン・モデル・エイジェンシー株式会社,兵庫県,明石市,小久保１２０番地の５５Ａ−１０２号,6730005
4140001035762,株式会社広田土木,兵庫県,明石市,大久保町大窪１７９３番地,6740051
4140001035770,株式会社ビジネスパーク,兵庫県,明石市,大久保町松陰９１５番地の１,6740053
4140001035779,株式会社オートテクノス,兵庫県,明石市,魚住町清水２１７５番地の１,6740074
4140001035787,株式会社コーメイホーム,兵庫県,明石市,二見町東二見１２０６番地の５,6740092
4140001035804,協和産業株式会社,兵庫県,明石市,二見町南二見１番２５号,6740093
4140001035820,株式会社汎建大阪製作所,兵庫県,明石市,二見町南二見１９番の６,6740093
4140001035837,株式会社センタス,兵庫県,明石市,太寺４丁目８番２３号,6730845
4140001035985,株式会社イマカツ,兵庫県,明石市,大蔵八幡町８番３２号,6730871
4140001036018,株式会社胡田商店,兵庫県,明石市,大久保町松陰石ヶ谷１３０３番地の１,6740053
4140001036711,六甲スターズカンパニイ株式会社,兵庫県,明石市,旭が丘１６番１０号,6730002
4140001036744,株式会社新明建設,兵庫県,明石市,大蔵谷字清水５１８番の１号,6730865
4140001036769,株式会社丸善,兵庫県,明石市,本町２丁目５番５号プレステージ明石本町２０１,6730892
4140001036785,阪神テック株式会社,兵庫県,明石市,魚住町中尾２４６番地３,6740082
4140001036868,中村燐寸産業株式会社,兵庫県,明石市,藤江８５４番地の２,6730044
4140001036884,ヒューマンメディック株式会社,兵庫県,明石市,本町１丁目１番３２号,6730892
4140001036901,株式会社Ｋ．Ｉ圧送工業,兵庫県,明石市,魚住町住吉４丁目１６番１７号,6740083
4140001036934,株式会社リバウエーブ,兵庫県,明石市,東野町２０４３番地の７ワコーレヴィサージュ朝霧３０５号,6730844
4140001036942,サンエステート株式会社,兵庫県,明石市,大久保町福田２丁目１番１８号,6740066
4140001036950,株式会社ゼネラルテック,兵庫県,明石市,魚住町西岡１３１０番地の５,6740084
4140001036975,株式会社Ｓ＆Ｋフィナンシャルプランニング,兵庫県,明石市,和坂１２−１８,6730012
4140001037008,株式会社シェーレ,兵庫県,明石市,大久保町大久保町４５−１,6740067
4140001037016,アルデ株式会社,兵庫県,明石市,大久保町駅前１丁目１３番２６号,6740058
4140001037024,株式会社モグ,兵庫県,明石市,桜町１番１４号,6730885
4140001037032,株式会社ＤＯＮＤＯＮ,兵庫県,明石市,藤江２０２９番地の１,6730044
4140001037040,株式会社ヤマモトテック,兵庫県,明石市,魚住町清水１２６１番地の８６,6740074
4140001037057,ピアエステート株式会社,兵庫県,明石市,松の内１丁目１番地２６,6730016
4140001037081,株式会社光澤商会,兵庫県,明石市,魚住町清水１６５４番地の２,6740074
4140001037098,株式会社オーブレイン,兵庫県,明石市,鳥羽１４３２番地の６,6730003
4140001037115,株式会社ｒｉｎｇｏ,兵庫県,明石市,大久保町高丘３丁目１番地の１　２０棟４０３号,6740057
4140001037164,株式会社ウィザード・スポーツ・プロモーション,兵庫県,明石市,西明石北町３丁目３番１号,6730018
4140001037197,株式会社ＡＲ,兵庫県,明石市,魚住町清水４６５番地の１−２０６号,6740074
4140001037214,株式会社オフィスＮ,兵庫県,明石市,二見町西二見２６１番地,6740094
4140001037222,株式会社竹内商会,兵庫県,明石市,魚住町清水２３３２番地,6740074
4140001037247,クリーンテックサービス関西株式会社,兵庫県,明石市,東朝霧丘３１番１８号,6730854
4140001037263,Ｏｆｆｉｃｅ天空株式会社,兵庫県,明石市,野々上２丁目２番１０−２０１,6730017
4140001037288,株式会社ＴＴＤＩ,兵庫県,明石市,大久保町西島５４５番地の６,6740065
4140001037313,アセット・ア・ロイヤル株式会社,兵庫県,明石市,西新町３丁目２番１−１００６号,6730023
4140001037354,株式会社松本測量,兵庫県,明石市,大久保町大窪２６２０番地の５１９,6740051
4140001037362,株式会社阪神,兵庫県,明石市,小久保３丁目１９番地の３,6730005
4140001037370,株式会社エスアール神戸,兵庫県,明石市,鷹匠町４番８−８０３号,6730848
4140001037387,株式会社アカラサービス,兵庫県,明石市,二見町東二見１２４５番地の６,6740092
4140001037395,株式会社ＤＥＮＤＥＮフジタ,兵庫県,明石市,魚住町清水２７５６番地の３７,6740074
4140001037412,ボディーオーラ株式会社,兵庫県,明石市,魚住町中尾１０３２番地,6740082
4140001037420,株式会社アリス,兵庫県,明石市,北朝霧丘２丁目２番７号,6730857
4140001037453,株式会社モバテックサービス,兵庫県,明石市,大久保町大窪９０７−２,6740051
4140001037461,関西住宅販売株式会社,兵庫県,明石市,大久保町大窪４９７番地１,6740051
4140001037486,株式会社Ｌ＆Ａ．ｐｒｏｊｅｃｔ,兵庫県,明石市,藤江２０２８番地の３７,6730044
4140001037511,株式会社ＴＲＥ,兵庫県,明石市,魚住町西岡２３２３番地の１,6740084
4140001037544,明石酒販株式会社,兵庫県,明石市,大久保町大窪字戌亥谷３０５０番地,6740051
4140001037569,株式会社フレア,兵庫県,明石市,朝霧北町２８１１番地の１４,6730851
4140001037577,株式会社明石蛸仙人,兵庫県,明石市,鍛治屋町４−２８,6730884
4140001037585,株式会社ケイズ,兵庫県,明石市,西明石東町１番地の７,6730009
4140001037593,株式会社タンクテック,兵庫県,明石市,二見町南二見１番地の３６,6740093
4140001037635,株式会社神明通商,兵庫県,明石市,魚住町清水１６３５番地の５,6740074
4140001037643,吉田自動車株式会社,兵庫県,明石市,二見町西二見８９番地の２ウエステージ明石六番館２０５号,6740094
4140001037668,株式会社アシスト,兵庫県,明石市,松が丘１丁目１２番１３号,6730862
4140001037676,株式会社あっくす,兵庫県,明石市,別所町３番５号,6730038
4140001037701,株式会社ライタイ,兵庫県,明石市,和坂１丁目８番８６号,6730012
4140001037718,大昌株式会社,兵庫県,明石市,魚住町西岡１３３６番地の１,6740084
4140001037734,マレルジャパン株式会社,兵庫県,明石市,西明石北町３丁目４番１９号,6730018
4140001037750,株式会社ポチ企画,兵庫県,明石市,本町２丁目１番１号インティービル地下１階,6730892
4140001037783,株式会社康耀,兵庫県,明石市,旭が丘１４番１号,6730002
4140001037817,株式会社さくらサービス,兵庫県,明石市,松の内１丁目２番地の３,6730016
4140001037833,アイアン・ダーツ株式会社,兵庫県,明石市,鳥羽１４３０番地,6730003
4140001037866,サイフォンス株式会社,兵庫県,明石市,立石２丁目６番８号,6730032
4140001037874,株式会社トータルクラウド,兵庫県,明石市,大久保町大窪１７９番地の１,6740051
4140001037899,株式会社三光産業,兵庫県,明石市,二見町南二見１０番２,6740093
4140001037916,フルスイング株式会社,兵庫県,明石市,山下町９番１４号,6730878
4140001037940,株式会社健奈,兵庫県,明石市,大明石町１丁目６番１号パピオスあかし１階やきとりの名門秋吉,6730891
4140001037949,株式会社トーマック,兵庫県,明石市,藤江字三ツ池２０２８番７７,6730044
4140001037957,株式会社ビッグアップ,兵庫県,明石市,硯町２丁目３番２号,6730028
4140001037965,株式会社エストコーポレーション,兵庫県,明石市,小久保２丁目２番１２−３０３,6730005
4140001037973,株式会社中川工務店,兵庫県,明石市,魚住町西岡５０３番地の６,6740084
4140001038162,剣工業株式会社,兵庫県,明石市,太寺４丁目４番４０号,6730845
4140001038187,株式会社Ｓｈｉｎｅ,兵庫県,明石市,二見町西二見９４０−１,6740094
4140001042271,株式会社山福通商,兵庫県,明石市,藤江２０２９番地の１,6730044
4140001043360,東アカマツビル株式会社,兵庫県,明石市,西新町３丁目２−１−１１０１,6730023
4140001044581,東播産業株式会社,兵庫県,明石市,小久保１丁目６番地の３,6730005
4140001045407,株式会社さむらい経営,兵庫県,明石市,樽屋町２０番２１号アキサダビル１Ｆ,6730898
4140001047097,株式会社神戸ビジネスサポート,兵庫県,明石市,本町２丁目６番１５号,6730892
4140001047122,株式会社オンリー・ワン,兵庫県,明石市,大久保町西島６６１−１,6740065
4140001057377,ｉＭＥＤＩＡ株式会社,兵庫県,明石市,魚住町清水１９１５番地の２,6740074
4140001058219,株式会社海照,兵庫県,明石市,小久保５丁目８番４号,6730005
4140001067624,株式会社中央住建,兵庫県,明石市,大蔵天神町２２−２５−６０１,6730875
4140001067723,株式会社西田興業,兵庫県,明石市,魚住町住吉２丁目２０番２７号,6740083
4140001077648,ユメファクトリー株式会社,兵庫県,明石市,大久保町高丘２丁目４番地の１１,6740057
4140001077714,株式会社ソーシャルパートナーシップ,兵庫県,明石市,貴崎１丁目９番１２号,6730037
4140001086723,株式会社ナインワークス,兵庫県,明石市,大明石町１丁目８番１−６０１号,6730891
4140001086938,株式会社フードランナー,兵庫県,明石市,藤江２０２９番地の１,6730044
4140001087390,株式会社ＯＫＭ３２５,兵庫県,明石市,大久保町高丘２丁目６番地の２,6740057
4140001087663,株式会社Ｆ・Ｇ・Ｉ,兵庫県,明石市,大久保町ゆりのき通１丁目１番地の１イーストスクエアＩＩ番館６０２号,6740068
4140001088323,株式会社ドリーム・スレッシュホールド,兵庫県,明石市,魚住町金ケ崎１４８４番地の１１４,6740071
4140001088694,スタジオリーヴス株式会社,兵庫県,明石市,林崎町２丁目５番１６号,6730033
4140001088802,株式会社住空間オフィス,兵庫県,明石市,魚住町清水２３２８番地の１プルミエール明石ウエスト１０９号,6740074
4140001089016,瓜生建設株式会社,兵庫県,明石市,大久保町西島６４７番地の１,6740065
4140001089057,パールブリッジＦＰサポート株式会社,兵庫県,明石市,荷山町１８５５−９９,6730842
4140001089123,株式会社至善,兵庫県,明石市,和坂稲荷町４１５番地の１第２田口コーポ１０２号,6730013
4140001089288,株式会社Ｍ．Ａ．Ｃ,兵庫県,明石市,大蔵中町２４番９−６０３号,6730873
4140001089404,ＰＩＡＥＳＴ株式会社,兵庫県,明石市,魚住町清水１１１−１−４０１,6740074
4140001089420,株式会社ＨＩＣ,兵庫県,明石市,桜町４番５号,6730885
4140001089461,株式会社光,兵庫県,明石市,川崎町２番１２−４２７号,6730014
4140001089742,株式会社神戸インベスト,兵庫県,明石市,朝霧南町２丁目４７８番地１１,6730870
4140001090279,株式会社ＳＴＡＧＥＹＡ,兵庫県,明石市,大久保町八木２８６番地,6740063
4140001090915,株式会社灯産業,兵庫県,明石市,藤が丘２丁目１番１９号,6730046
4140001091228,株式会社アフィアン,兵庫県,明石市,鷹匠町２番３２号,6730848
4140001091938,株式会社キャリアプラス,兵庫県,明石市,小久保６丁目１番地６,6730005
4140001092283,株式会社二三,兵庫県,明石市,野々上１丁目１番地の３,6730017
4140001092416,株式会社オランジュハウス,兵庫県,明石市,魚住町長坂寺９９１番地の１,6740072
4140001092465,株式会社サンシャイン,兵庫県,明石市,桜町１０番８号,6730885
4140001092606,株式会社ケイエスエス,兵庫県,明石市,大久保町ゆりのき通２丁目３−３−２−３０４,6740068
4140001092762,株式会社ＳＴＡＲ’Ｓ,兵庫県,明石市,船上町７−２３,6730026
4140001092894,株式会社ベースボールラボ,兵庫県,明石市,大久保町大久保町４５１番地の１,6740067
4140001092936,竹田工務店株式会社,兵庫県,明石市,貴崎３丁目１６番２９号,6730037
4140001093694,宙株式会社,兵庫県,明石市,魚住町錦が丘３丁目９番地の２,6740081
4140001094016,株式会社笑楽,兵庫県,明石市,桜町１２番２５号プレステージ明石駅前ＩＩ−１３０６号,6730885
4140001094156,七郎兵衛商店株式会社,兵庫県,明石市,大久保町ゆりのき通２丁目３番地の５、１−１２０３号,6740068
4140001094296,株式会社リッカ,兵庫県,明石市,大久保町高丘５丁目１３番地の３０,6740057
4140001096301,株式会社金稲,兵庫県,明石市,西明石北町３丁目４番３号ゼフィール１Ｆ,6730018
4140001096326,株式会社マツエエージェンシー,兵庫県,明石市,大明石町１丁目６−１パピオス明石１Ｆ,6730891
4140001096730,株式会社ＴＮＧ,兵庫県,明石市,和坂２丁目１５番５号,6730012
4140001096813,Ｍａｃｈｉｎｅｋ株式会社,兵庫県,明石市,貴崎１丁目１０番１０−４０４号,6730037
4140001097431,タグチ産業株式会社,兵庫県,明石市,野々上２丁目７番地の１,6730017
4140001097638,株式会社イズム,兵庫県,明石市,和坂３丁目８番１５−７１９号,6730012
4140001097951,株式会社Ｓｅｓａｍｉｃ,兵庫県,明石市,樽屋町８番３４号大同生命明石ビル５階,6730898
4140001098371,株式会社Ａｉ,兵庫県,明石市,大久保町高丘１丁目１番地の１−３棟５０８号,6740057
4140001099155,株式会社ハピネス不動産,兵庫県,明石市,大久保町森田１１０番地の１０,6740061
4140001099254,株式会社慶緑,兵庫県,明石市,南王子町９番２０号,6730024
4140001100541,株式会社１３５,兵庫県,明石市,小久保２丁目１番地６吉栄ビル５ＦＡ,6730005
4140001101044,株式会社年輪,兵庫県,明石市,大久保町大久保町７９５番地,6740067
4140001101192,株式会社ＫＫ　ＩＮＮＯＶＡＴＩＯＮ,兵庫県,明石市,東人丸町２０番９号,6730876
4140001101218,株式会社Ｄｓｔｙｌｅ,兵庫県,明石市,大久保町山手台２丁目８５−１４,6740056
4140001102298,株式会社はなうたデザイン,兵庫県,明石市,朝霧南町２丁目４８８番地の１７０,6730870
4140001102389,翔栄建設株式会社,兵庫県,明石市,野々上２丁目８番地の８,6730017
4140001103032,株式会社演舞,兵庫県,明石市,本町２丁目７番２号,6730892
4140001103189,株式会社ＰＡＮＤＡ,兵庫県,明石市,西明石西町１丁目６番２号上田マンション２階,6730049
4140001103395,株式会社ＨＭＹ,兵庫県,明石市,魚住町長坂寺１０８０番地,6740072
4140001104179,株式会社資産評価センター,兵庫県,明石市,魚住町清水２４２５番地の１,6740074
4140001104385,株式会社アサヒナプランニング,兵庫県,明石市,二見町東二見１４５７番地の４,6740092
4140001104682,西田新聞販売株式会社,兵庫県,明石市,西明石南町２丁目１２番１４号,6730041
4140001104939,株式会社カスケードエナジー,兵庫県,明石市,松が丘４丁目３明舞団地Ａ１３―５０２,6730862
4140001104955,株式会社升井組,兵庫県,明石市,西朝霧丘５番５７号,6730856
4140001105284,ますもと不動産株式会社,兵庫県,明石市,西新町２丁目２番４号１０２,6730023
4140001105342,尽誠不動産株式会社,兵庫県,明石市,大久保町江井島１６６９番地５−８１０,6740064
4140001105623,株式会社うつみ商会,兵庫県,明石市,魚住町清水１０７−１,6740074
4140001105722,Ｊフーズ株式会社,兵庫県,明石市,藤江２０２９番地の１,6730044
4140001106365,株式会社ｆｕｎｓｈａｒｅ,兵庫県,明石市,藤江１１９１番地の８,6730044
4140001106794,株式会社高麗苑,兵庫県,明石市,東仲ノ町１１番６号,6730886
4140001107074,株式会社飛鳥,兵庫県,明石市,二見町東二見３７５番地２,6740092
4140001107470,株式会社きしもと,兵庫県,明石市,沢野南町２丁目２番地の１２,6730019
4140001107537,株式会社レフティ,兵庫県,明石市,大久保町大窪３２６４番地,6740051
4140001107727,Ｆ＆Ｄパートナー株式会社,兵庫県,明石市,大久保町江井島８０３番地の１,6740064
4140001108997,株式会社マサト建設工業,兵庫県,明石市,大久保町江井島７７６番地の１,6740064
4140001109913,株式会社サントジュエル,兵庫県,明石市,藤江１３９３番地,6730044
4140001110243,株式会社上宝商会,兵庫県,明石市,大久保町大窪１５３５番地の８,6740051
4140001110615,株式会社サンリノベート,兵庫県,明石市,大久保町高丘１丁目１７番地の６,6740057
4140001110722,株式会社ＡＫＩテック,兵庫県,明石市,魚住町西岡字西見里１１１７番４,6740084
4140001111159,出雲荷役株式会社,兵庫県,明石市,二見町南二見１９番４号,6740093
4140001111324,株式会社ＪＳ,兵庫県,明石市,大久保町福田３丁目２番１２号,6740066
4140001111654,株式会社ＦＥＮＮＥＣ,兵庫県,明石市,鷹匠町１２番１０ノーブルハイム鷹匠Ｂ１Ｆ,6730848
4140001111778,オート人事株式会社,兵庫県,明石市,魚住町西岡２３２０番地の３,6740084
4140001111828,株式会社サンテクノス,兵庫県,明石市,魚住町西岡８５９番地の１０,6740084
4140001112784,株式会社ＩＮＯＹＡＳＵ,兵庫県,明石市,中朝霧丘８番１８号１階,6730855
4140001112933,株式会社元,兵庫県,明石市,魚住町住吉１丁目７番１０号,6740083
4140001112941,株式会社ＮＥＸＴ　ＷＯＲＫＥＲＺ,兵庫県,明石市,大久保町茜２丁目８番５−２号,6740059
4140001113196,株式会社スラック,兵庫県,明石市,小久保１丁目５番地の７−２０５号,6730005
4140001113262,株式会社リバリュー,兵庫県,明石市,相生町２丁目５番３０号いとやビル４階,6730882
4140001113832,株式会社天意コーポレーション,兵庫県,明石市,林崎町３丁目５５３−６シーサイドパストラル林崎２−７０５号室,6730033
4140001113857,株式会社ＲＭ美装,兵庫県,明石市,大久保町八木４４番地の４,6740063
4140001114236,村上トレーディング株式会社,兵庫県,明石市,朝霧山手町１３番１号,6730853
4140001114368,ウェアハウス株式会社,兵庫県,明石市,大久保町大窪１９１番地の７プランドール大久保ＩＩ１Ｆ西,6740051
4140001114517,コレール株式会社,兵庫県,明石市,大久保町西脇７９０番地の１９８,6740054
4140001115408,株式会社Ｂｅ　Ｂｒｉｄｇｅ,兵庫県,明石市,松が丘２丁目２番明舞第二センター２０３号,6730862
4140001115713,株式会社スプレッドスマイル,兵庫県,明石市,大久保町大久保町５６３番地１６,6740067
4140001115878,リアルグラフィック株式会社,兵庫県,明石市,大久保町谷八木７９番地の１４,6740062
4140001116422,株式会社ＳＨＯ建設興業,兵庫県,明石市,東朝霧丘２番１３号,6730854
4140001116802,Ｅ・Ｎ３６５株式会社,兵庫県,明石市,大明石町１丁目７番３５号新明ビル５Ｆ,6730891
4140001116851,株式会社Ｒｉｃｏｓ,兵庫県,明石市,大久保町大窪７０２番地の３,6740051
4140001117189,株式会社伸陽工輝,兵庫県,明石市,大久保町八木１４９番地,6740063
4140001117627,キタイエンタープライズ株式会社,兵庫県,明石市,中朝霧丘４番１７号,6730855
4140001118393,彩葉建築株式会社,兵庫県,明石市,朝霧南町３丁目１６番５２号,6730870
4140001118427,株式会社Ｔｒｉｐｌｅ−Ｒｉｃｈ,兵庫県,明石市,相生町２丁目１−２２レジデンス明石３０２,6730882
4140001118781,株式会社川口興業,兵庫県,明石市,二見町東二見１１２３番地の１６,6740092
4140001119243,株式会社メイクワーク,兵庫県,明石市,和坂２丁目６番２４−３号ルリアン和坂１０３号,6730012
4140001119458,株式会社山乃丸,兵庫県,明石市,二見町東二見１３１４番地の１エグゼカーサ２０３,6740092
4140001119648,株式会社ＦＴＬａｂｏ,兵庫県,明石市,桜町１４番１９号ＫＵＫＩビル６Ｆ,6730885
4140001120275,株式会社いわいち商会,兵庫県,明石市,大久保町大窪１８５２−８,6740051
4140001120597,加古テクノ工業株式会社,兵庫県,明石市,二見町福里３２８番地の３,6740091
4140001121216,株式会社フリーデ,兵庫県,明石市,大明石町２丁目２番１５号,6730891
4140001121224,株式会社ヒラバヤシ,兵庫県,明石市,大久保町八木４３５番地２,6740063
4140001121397,株式会社西海商店,兵庫県,明石市,大久保町高丘３丁目１２番地の１,6740057
4140001121612,株式会社Ｙ’ｓテクノロジー,兵庫県,明石市,二見町西二見駅前４丁目５１ポラリス壱番館６０８,6740095
4140001122305,株式会社一夢庵,兵庫県,明石市,大道町２丁目２番２３−２号,6730029
4140001122560,ＨｙＥｎｇ株式会社,兵庫県,明石市,二見町南二見１番地３８,6740093
4140001122775,株式会社ＫＡＮＡＥＲＵ,兵庫県,明石市,二見町西二見７２８番地の１,6740094
4140001122858,株式会社ＢＲＩＧＨＴＩＶＥＳＥＡ,兵庫県,明石市,大明石町１丁目６−１３津田ビル４０３,6730891
4140001123121,株式会社ウッド５,兵庫県,明石市,魚住町住吉１丁目１番１８号,6740083
4140001123187,株式会社エンドグリップ,兵庫県,明石市,樽屋町３−６,6730898
4140001124318,株式会社ＰＩＴ　ＩＮ,兵庫県,明石市,大久保町駅前１丁目１１−８水田ビル２Ｆ,6740058
4140001124334,株式会社えん,兵庫県,明石市,大久保町ゆりのき通１丁目１番地の１、Ｉ番館１４０６号,6740068
4140001124549,株式会社ｒｈｉｚｏｍｅ　ｃａｒｅ,兵庫県,明石市,太寺３丁目３番４号,6730845
4140001124912,株式会社ＳＨＩＮ,兵庫県,明石市,魚住町長坂寺７２３−２,6740072
4140001125324,株式会社ＳＫＹ’ｓ,兵庫県,明石市,本町１丁目９番２号,6730892
4140001125456,株式会社Ｍアプロ,兵庫県,明石市,松の内２丁目９−１−２０５,6730016
4140001125514,株式会社貞楽,兵庫県,明石市,本町１丁目１番５号,6730892
4140001125588,株式会社橋本土建,兵庫県,明石市,西新町３丁目６番８号,6730023
4140001125919,株式会社ＳＫＧ,兵庫県,明石市,本町１丁目７番７号ミルキーウェイ２０２号,6730892
4140001126388,株式会社リーファ,兵庫県,明石市,中崎１丁目１番１号マリンパレス明石,6730883
4140001126454,株式会社ＧＯＯＤ　ＭＥＭＯＲＹ,兵庫県,明石市,材木町１２−２２,6730893
4140001126578,株式会社ケアリラク,兵庫県,明石市,小久保２丁目２−７幹線ビル１階,6730005
4140001126818,株式会社ＲｅＦＯＲＳ,兵庫県,明石市,相生町２丁目８−２ミツヤビル６Ｆ,6730882
4140001126867,株式会社フォールテック,兵庫県,明石市,二見町東二見２９６番地の１,6740092
4140001126909,大植株式会社,兵庫県,明石市,二見町東二見１２７９番地ライオンズマンション明石東二見３０８号,6740092
4140001127254,株式会社一希建築,兵庫県,明石市,大久保町高丘５丁目１３番地の６,6740057
4140001127411,株式会社ＤＥＫＭＳ神戸,兵庫県,明石市,魚住町西岡１９６５番地の１２,6740084
4140001128038,皓株式会社,兵庫県,明石市,和坂１１番地の１９,6730012
4140001128376,株式会社ＨｉｔｏＴｏｋｉ,兵庫県,明石市,西明石北町１丁目３番２０号エルコーポ８８一階,6730018
4140001128839,ＣＣＣ株式会社,兵庫県,明石市,二見町福里６３２−５,6740091
4140001128863,株式会社Ｘｉｏｎｇ,兵庫県,明石市,樽屋町８番３２−２０４号,6730898
4140001129977,株式会社ＢＥ‐ＯＮＥ,兵庫県,明石市,二見町西二見８８９番地の１−２０２号,6740094
4140001130076,ジーテック株式会社,兵庫県,明石市,東藤江１丁目２番９号,6730042
4140001130704,株式会社Ｋ’ｚ　Ｔｒｉｇｇｅｒ,兵庫県,明石市,大久保町西島６７３番地アルファステイツ明石大久保４０１号,6740065
4140001130836,株式会社Ｔ’ｓ,兵庫県,明石市,本町１丁目２番１８号,6730892
4140001131264,株式会社ビー・コンサルティング,兵庫県,明石市,相生町２丁目９番７号３Ｆ,6730882
4140001131289,ＩＭ商事株式会社,兵庫県,明石市,魚住町清水５７８番地の３９,6740074
4140001131322,株式会社アルファ,兵庫県,明石市,太寺４丁目１−１８,6730845
4140001131470,株式会社アースエステート,兵庫県,明石市,小久保６丁目１５番地の５,6730005
4140001131553,松栄水産株式会社,兵庫県,明石市,二見町西二見８２３番地の４,6740094
4140001131784,株式会社縁,兵庫県,明石市,藤江１４７０番地の１、７０２号,6730044
4140001132493,株式会社ソトロコ建築設計,兵庫県,明石市,西新町３丁目７番７−１号,6730023
4140001133203,株式会社ｒｅｃａｒｅ,兵庫県,明石市,大久保町松陰１１１５番地の１,6740053
4140001133442,株式会社涼ライフサポート,兵庫県,明石市,魚住町清水５０番地の２,6740074
4140001133756,株式会社グルック,兵庫県,明石市,北王子町２番８−１号,6730021
4140001133780,株式会社関西パイプアート,兵庫県,明石市,明南町２丁目３番１２号,6730001
4140001134011,株式会社結絆,兵庫県,明石市,大久保町大窪２０７５番地の１３,6740051
4140001134465,株式会社ＬＵＰＵＳ,兵庫県,明石市,大久保町駅前１丁目１４−２,6740058
4140001134820,ＷＩＮＤＥ株式会社,兵庫県,明石市,魚住町清水２２８７番地の４,6740074
4140001134985,株式会社Ｇｏ‐ｏｎ,兵庫県,明石市,朝霧南町１丁目１８０番地の１リードサザンビル１Ｆ,6730870
4140001135125,株式会社ＭＹＫ,兵庫県,明石市,松が丘１丁目２番３−２０２号,6730862
4140001135397,株式会社ＮＢ工業,兵庫県,明石市,林２丁目１８番２３号,6730034
4140001135554,株式会社伸幸企画,兵庫県,明石市,大久保町大窪２６２０番地１４ＴＡハイツ３１号,6740051
4140001135802,松田不動産販売株式会社,兵庫県,明石市,樽屋町５番２０号ホワイトスワン明石１Ｆ,6730898
4140001135967,ビニンセン・ジャパン株式会社,兵庫県,明石市,小久保２丁目２番地１３、１０２号室,6730005
4140001136874,株式会社ＴＯＰ　Ｑ,兵庫県,明石市,立石２丁目１番４４号,6730032
4140001136882,株式会社真英住建,兵庫県,明石市,大久保町森田１５５番地の１９,6740061
4140001137526,ユワイト株式会社,兵庫県,明石市,藤江１４２５番地の１,6730044
4140001138029,株式会社ＲＵＴＳ　Ａｈｃｈｉ　Ｃｒｅａｔｅ,兵庫県,明石市,二見町西二見１６５７−１７,6740094
4140001138268,株式会社優リアルエステート,兵庫県,明石市,大明石町１丁目１３番２２号,6730891
4140001139745,株式会社開星,兵庫県,明石市,大久保町八木５５６番地,6740063
4140001139992,株式会社ＭＹネクスト,兵庫県,明石市,二見町西二見７６７番地の６,6740094
4140001140686,株式会社ホライズン・グリーン,兵庫県,明石市,大久保町福田１丁目７番９号,6740066
4140001140983,株式会社ＳＮＲ不動産,兵庫県,明石市,大久保町大窪２２０４番地の３セルサス大久保３階,6740051
4140001141123,株式会社アイビーウッズ,兵庫県,明石市,大久保町駅前１丁目１８番地の６,6740058
4140001141593,Ｌｅ　ＨＩＢＯＵ株式会社,兵庫県,明石市,二見町西二見駅前１丁目１０番地の１,6740095
4140001141627,株式会社Ｚｅｌ‐Ｍ,兵庫県,明石市,魚住町西岡２１７３番２０,6740084
4140001142303,株式会社中村工務店,兵庫県,明石市,藤江２０２８番地の３８、１Ｆ,6730044
4140001142402,株式会社ＪＨＳ,兵庫県,明石市,大道町２丁目１１−１３−２,6730029
4140002025291,株式会社賃貸ハウス,兵庫県,明石市,和坂１２−１９,6730012
4140002028815,株式会社神戸ＹＨＣ,兵庫県,明石市,材木町４番１８号,6730893
4140002029342,株式会社中商事,兵庫県,明石市,本町２丁目３番１０号,6730892
4140002031397,株式会社高井工務店,兵庫県,明石市,二見町福里６７９番地の１１,6740091
4140003005540,株式会社かねじ,兵庫県,明石市,大久保町江井島１０６番地の２,6740064
4140003008584,株式会社オプトプラス,兵庫県,明石市,朝霧町１丁目１１番１２号,6730866
4140003011258,オルソライフラボラトリーズ株式会社,兵庫県,明石市,西明石北町１丁目１０番１９号,6730018
4140003013304,クリップクリエイティブ株式会社,兵庫県,明石市,本町２丁目２−８,6730892
4430001032680,株式会社ＩＮＪＡＰＡＮ,兵庫県,明石市,大久保町大久保町５９３番６,6740067
5010001107177,サンシコーポレーション株式会社,兵庫県,明石市,大蔵八幡町１５番８−７０１号,6730871
5010001198654,パークアップ株式会社,兵庫県,明石市,朝霧南町１丁目１９３番地の５ネーベル藤本３Ｆ,6730870
5010901026451,株式会社ＡＲＴＩＳＡＮ,兵庫県,明石市,藤江１８６８番地の３,6730044
5120001121935,株式会社ネクストイノベーション,兵庫県,明石市,大蔵本町４番１号,6730874
5120001183439,株式会社ＵＰ　ＴＯ　ＤＡＴＥ,兵庫県,明石市,本町１丁目２番３３号興生ビル４Ｆ,6730892
5120001184809,株式会社ＭＡＴＳＵ,兵庫県,明石市,本町１丁目１番３２号,6730892
5120001198651,アイ・エイチ・ティ株式会社,兵庫県,明石市,本町１丁目２番３３号興生ビル４Ｆ,6730892
5120001236394,株式会社グローバルＤＸ,兵庫県,明石市,林崎町３丁目５０２番６２号６０８,6730033
5120101053079,株式会社ジャパンセレクション,兵庫県,明石市,朝霧東町２丁目１４番２５−４０１号,6730860
5120101062039,株式会社ＳＯＲＡＲＴ,兵庫県,明石市,中崎１丁目１−１−３１３,6730883
5120901039392,株式会社Ｂｌｅｓｓｅｄ　Ｃｏｒｐｏｒａｔｉｏｎ,兵庫県,明石市,東朝霧丘４番２２号,6730854
5140001004403,株式会社アスカ,兵庫県,明石市,朝霧南町３丁目８番８号,6730870
5140001004618,カワキ計測工業株式会社,兵庫県,明石市,貴崎５丁目６番２８号,6730037
5140001005921,株式会社亜州観光社,兵庫県,明石市,小久保１丁目１番地の６アルファステイツ西明石駅前ＩＶ１４０１号,6730005
5140001023048,株式会社エムオーパック,兵庫県,明石市,朝霧町１丁目１８番６号,6730866
5140001024533,株式会社ヴァンビレッジ,兵庫県,明石市,東野町１８８９−１０１,6730844
5140001034177,ケアサービス栄株式会社,兵庫県,明石市,魚住町中尾６０５−１,6740082
5140001034400,株式会社明石協栄木材店,兵庫県,明石市,別所町１番１９号,6730038
5140001034409,株式会社明石十方社,兵庫県,明石市,立石１丁目９番１４号,6730032
5140001034425,明石ダイハツ販売株式会社,兵庫県,明石市,大道町２丁目１２番１６号,6730029
5140001034433,明石中央鶏卵株式会社,兵庫県,明石市,藤江２０２９番地の１,6730044
5140001034458,アカシロイ工業株式会社,兵庫県,明石市,硯町３丁目１番１４号,6730028
5140001034474,株式会社赤松商店,兵庫県,明石市,本町１丁目７番４号,6730892
5140001034482,株式会社旭化学,兵庫県,明石市,大蔵町２６番３号,6730872
5140001034490,安藤酒造株式会社,兵庫県,明石市,大久保町大久保町７００番地,6740067
5140001034499,株式会社網本建測,兵庫県,明石市,太寺大野町２６９３番地,6730843
5140001034508,株式会社イケガミ,兵庫県,明石市,大久保町駅前２丁目８番地の１,6740058
5140001034516,礎興産株式会社,兵庫県,明石市,小久保２丁目１０番地の１１,6730005
5140001034524,株式会社伊藤英商店,兵庫県,明石市,大明石町１丁目６番１７号,6730891
5140001034532,株式会社一山,兵庫県,明石市,大明石町１丁目９番２号,6730891
5140001034540,株式会社今井建設,兵庫県,明石市,大久保町大窪１９２７番地の２,6740051
5140001034549,入野電工株式会社,兵庫県,明石市,大久保町大窪２９５番地の１７,6740051
5140001034557,魚住自動車整備株式会社,兵庫県,明石市,魚住町清水字北沢１０８５番地,6740074
5140001034565,上村ホールディングス株式会社,兵庫県,明石市,岬町４番２号,6730895
5140001034573,株式会社ウチダ,兵庫県,明石市,大久保町大窪２１９２番地,6740051
5140001034581,江井ケ嶋酒造株式会社,兵庫県,明石市,大久保町西島９１９番地,6740065
5140001034598,株式会社エステートワールド,兵庫県,明石市,樽屋町４番１５号,6730898
5140001034615,株式会社エムジィ・ティ,兵庫県,明石市,松が丘３丁目４番１１号,6730862
5140001034623,株式会社エルアミ,兵庫県,明石市,大明石町１丁目２番３５−３０５号,6730891
5140001034631,株式会社大久保スーパー,兵庫県,明石市,大久保町駅前２丁目１番地の１,6740058
5140001034648,株式会社大塚工務店,兵庫県,明石市,桜町２番２２号,6730885
5140001034672,株式会社オジマ,兵庫県,明石市,東仲ノ町１１番２２号,6730886
5140001034680,株式会社海渡,兵庫県,明石市,本町１丁目１４番５号,6730892
5140001034689,関西ガス株式会社,兵庫県,明石市,材木町１１番２３号,6730893
5140001034697,株式会社柏原電機,兵庫県,明石市,西新町３丁目７番２１号,6730023
5140001034706,株式会社活魚明石屋,兵庫県,明石市,魚住町西岡４１３番地の２,6740084
5140001034714,株式会社カナヱ電機商会,兵庫県,明石市,桜町５番１４号,6730885
5140001034722,カネト魚類株式会社,兵庫県,明石市,藤江字三ツ池２０２９番地の１,6730044
5140001034739,川重明石エンジニアリング株式会社,兵庫県,明石市,川崎町１番１号,6730014
5140001034763,きしろ商事株式会社,兵庫県,明石市,天文町２丁目３番２０号,6730881
5140001034771,株式会社キズナックスエコロジー,兵庫県,明石市,大久保町ゆりのき通１丁目５番地の１７,6740068
5140001034796,株式会社グロゥバル,兵庫県,明石市,魚住町西岡４１９番地の１５,6740084
5140001034805,株式会社くるみや,兵庫県,明石市,本町１丁目１９番３号,6730892
5140001034821,株式会社ケンソウ,兵庫県,明石市,大久保町高丘３丁目２２番地の３,6740057
5140001034846,株式会社孔明建設,兵庫県,明石市,二見町東二見１２０６番地の５,6740092
5140001034854,株式会社小坂商店,兵庫県,明石市,本町１丁目１６番７号,6730892
5140001034879,株式会社齊木商店,兵庫県,明石市,林１丁目８番３号,6730034
5140001034887,株式会社三晃電機,兵庫県,明石市,朝霧町１丁目３０番１６号,6730866
5140001034895,阪田不動産株式会社,兵庫県,明石市,西新町１丁目５番２３号,6730023
5140001034904,株式会社佐々木オートレーシング,兵庫県,明石市,硯町１丁目７番１７号,6730028
5140001034912,山電サービス株式会社,兵庫県,明石市,大蔵八幡町６番４７号,6730871
5140001034920,三洋開発株式会社,兵庫県,明石市,野々上３丁目４番地の１４,6730017
5140001034937,株式会社シンエイ,兵庫県,明石市,相生町１丁目２番３４号佐藤ビル内,6730882
5140001034945,ジー・ティー・エス兵庫株式会社,兵庫県,明石市,大久保町江井島１０３３,6740064
5140001034978,神明住設株式会社,兵庫県,明石市,材木町１１番２３号,6730893
5140001034986,株式会社住宅営繕サービス,兵庫県,明石市,樽屋町９番１号,6730898
5140001034994,シリウスソフトウエア株式会社,兵庫県,明石市,相生町２丁目６番５号,6730882
5140001035002,コベルコシンワ株式会社,兵庫県,明石市,大久保町八木５９７番地,6740063
5140001035010,株式会社すまいるホーム,兵庫県,明石市,本町１丁目１番１２号２階,6730892
5140001035019,株式会社西神通商,兵庫県,明石市,魚住町清水字北沢１０８５番地,6740074
5140001035035,株式会社セラテクノ,兵庫県,明石市,貴崎５丁目１１番７０号,6730037
5140001035043,株式会社創友,兵庫県,明石市,相生町２丁目６番６号,6730882
5140001035068,大昌建設株式会社,兵庫県,明石市,魚住町西岡１３３６番地の１,6740084
5140001035076,太陽工業株式会社,兵庫県,明石市,大久保町大久保町９４２番地の６,6740067
5140001035092,株式会社タケダ,兵庫県,明石市,貴崎５丁目１番４４号,6730037
5140001035101,高津貿易株式会社,兵庫県,明石市,大久保町大窪１６９番地の１,6740051
5140001035118,株式会社丹田工務店,兵庫県,明石市,大蔵中町１４番１８号,6730873
5140001035126,立山ハウス株式会社,兵庫県,明石市,朝霧南町２丁目１９７番地の３,6730870
5140001035134,株式会社田中屋,兵庫県,明石市,鍛治屋町３番１２号,6730884
5140001035159,ツチセー株式会社,兵庫県,明石市,相生町２丁目５番５号,6730882
5140001035167,株式会社テン・オーコーポレーション,兵庫県,明石市,西明石南町２丁目１１番２２号,6730041
5140001035175,テクトロン株式会社,兵庫県,明石市,二見町西二見１９９０番地の１,6740094
5140001035191,東播クレーン興業株式会社,兵庫県,明石市,二見町東二見１６３番地の１,6740092
5140001035200,ＴＯＹＯイノベックス株式会社,兵庫県,明石市,二見町福里字西之山５２３番の１,6740091
5140001035209,徳水商事株式会社,兵庫県,明石市,藤江２０２８番８,6730044
5140001035217,扶桑電機工業株式会社,兵庫県,明石市,硯町３丁目４番２号,6730028
5140001035225,株式会社トライテン,兵庫県,明石市,大久保町松陰７６５番地の１２,6740053
5140001035233,株式会社永井鉄工所,兵庫県,明石市,魚住町長坂寺字辻ケ内２８７番地,6740072
5140001035241,株式会社サーテック永田,兵庫県,明石市,硯町１丁目２番８号,6730028
5140001035258,株式会社ナス・コーポレーション,兵庫県,明石市,鷹匠町８番１号,6730848
5140001035266,株式会社西明石パークプラッツ,兵庫県,明石市,小久保１丁目１４番地の１,6730005
5140001035274,株式会社西新町不動産,兵庫県,明石市,西新町３丁目１２番１号,6730023
5140001035282,株式会社ニッケイセキュリティー,兵庫県,明石市,魚住町西岡２３０８番地の２１,6740084
5140001035290,株式会社ニッシン,兵庫県,明石市,二見町福里５８０番地の１,6740091
5140001035299,日新リース株式会社,兵庫県,明石市,本町２丁目３番２０号,6730892
5140001035308,日本漁具株式会社,兵庫県,明石市,本町２丁目７番１８号,6730892
5140001035316,株式会社ニワ商店,兵庫県,明石市,上ノ丸２丁目３番２２号,6730846
5140001035324,株式会社野瀬工務店,兵庫県,明石市,朝霧町１丁目２６番６号,6730866
5140001035332,長谷川機工株式会社,兵庫県,明石市,上ノ丸２丁目６番８号,6730846
5140001035340,橋本商事株式会社,兵庫県,明石市,大明石町１丁目１３番３３号,6730891
5140001035349,バム・システム・サポート株式会社,兵庫県,明石市,小久保３丁目１９番地の４,6730005
5140001035357,株式会社林鉄工所,兵庫県,明石市,二見町東二見９９番地の１,6740092
5140001035373,日置運送株式会社,兵庫県,明石市,大久保町谷八木土林９１５番地の１,6740062
5140001035398,兵庫消防ポンプ株式会社,兵庫県,明石市,相生町１丁目２番２２号,6730882
5140001035407,株式会社平井ビル,兵庫県,明石市,大蔵本町４番３号,6730874
5140001035423,福本建設株式会社,兵庫県,明石市,二見町西二見字町ノ坪６６０−４,6740094
5140001035431,フジ興業株式会社,兵庫県,明石市,大明石町１丁目６番２２号,6730891
5140001035448,双葉株式会社,兵庫県,明石市,西新町３丁目１番５号,6730023
5140001035472,株式会社リブラン,兵庫県,明石市,二見町東二見１０２３番地の１,6740092
5140001035480,株式会社誠商事,兵庫県,明石市,硯町３丁目１１番２５号,6730028
5140001035489,枡本海運産業株式会社,兵庫県,明石市,中崎１丁目８番８号,6730883
5140001035497,株式会社松庄商店,兵庫県,明石市,本町１丁目４番２１号,6730892
5140001035506,丸尾カルシウム株式会社,兵庫県,明石市,魚住町西岡１４５５番地,6740084
5140001035514,株式会社丸武,兵庫県,明石市,林崎町２丁目２番２８号,6730033
5140001035522,株式会社丸六北店,兵庫県,明石市,二見町東二見４０５番地の５,6740092
5140001035530,株式会社水田鉄工所,兵庫県,明石市,大久保町大窪４７２番地の１,6740051
5140001035547,株式会社みわ,兵庫県,明石市,藤江字中尾８８９番地２０,6730044
5140001035555,ムラタ産業株式会社,兵庫県,明石市,大蔵八幡町８番３２号,6730871
5140001035563,明興産業株式会社,兵庫県,明石市,本町２丁目２番６号,6730892
5140001035571,明建産業株式会社,兵庫県,明石市,鍛治屋町６番２０号,6730884
5140001035588,株式会社明城,兵庫県,明石市,松の内２丁目８番地の８,6730016
5140001035596,明宝興業株式会社,兵庫県,明石市,本町２丁目２番６号,6730892
5140001035605,株式会社茂久田商会,兵庫県,明石市,山下町６番９号,6730878
5140001035613,八百谷金属工業株式会社,兵庫県,明石市,大久保町大窪字大沢２７０２番地の９,6740051
5140001035621,薮田産業株式会社,兵庫県,明石市,大久保町西島６４０番地,6740065
5140001035638,山常商店株式会社,兵庫県,明石市,港町１０番３号,6730894
5140001035646,株式会社山秀,兵庫県,明石市,小久保３丁目１５番地の３ラルーシュ１０２号室,6730005
5140001035654,株式会社ユウキホーム,兵庫県,明石市,鳥羽１２７０番地住友ビル１階,6730003
5140001035662,株式会社吉岡工務店,兵庫県,明石市,魚住町金ケ崎１５１８番地の４,6740071
5140001035670,株式会社吉高自動車,兵庫県,明石市,二見町南二見１８番地の７,6740093
5140001035679,ワークネット株式会社,兵庫県,明石市,大明石町１丁目７番４号白菊グランドビル内,6730891
5140001035687,日新管財株式会社,兵庫県,明石市,本町２丁目３番２０号,6730892
5140001035695,株式会社リアルネットワーク,兵庫県,明石市,鳥羽１４４２番地の１４,6730003
5140001035704,株式会社隆光,兵庫県,明石市,東仲ノ町３番３８号,6730886
5140001035729,株式会社ぴいたあパン,兵庫県,明石市,二見町西二見１９７７番地の１,6740094
5140001035737,株式会社集企画,兵庫県,明石市,中崎１丁目１番１−１２２号,6730883
5140001035745,株式会社山瀧産業,兵庫県,明石市,大久保町松陰５５４番地の２,6740053
5140001035753,豊商株式会社,兵庫県,明石市,朝霧台３７７６番地の１９５,6730852
5140001035778,株式会社シンセイ電気,兵庫県,明石市,大久保町西島６３３番地の１,6740065
5140001035794,株式会社エネエックス産業,兵庫県,明石市,大蔵谷字清水７０５番地の２−２０３号,6730865
5140001035836,株式会社夢の街,兵庫県,明石市,明南町２丁目７番６号,6730001
5140001035844,株式会社赤松鉄工所,兵庫県,明石市,二見町南二見１７番地の７,6740093
5140001036009,株式会社エントランス,兵庫県,明石市,大久保町山手台２丁目４９番地,6740056
5140001036727,阪神工機株式会社,兵庫県,明石市,大久保町ゆりのき通１丁目４番地の２　１−４０４号,6740068
5140001036751,株式会社雄美,兵庫県,明石市,魚住町西岡２４５１番地の２,6740084
5140001036875,ナンコー電機株式会社,兵庫県,明石市,魚住町住吉１丁目６番地の１・１０２号,6740083
5140001036883,株式会社ベルファッション,兵庫県,明石市,和坂１２番地の１２,6730012
5140001036909,株式会社西播建設工業,兵庫県,明石市,魚住町中尾６９８番地１０ＳＥＩＢＡＮビル２Ｆ,6740082
5140001036917,株式会社明生電設,兵庫県,明石市,立石２丁目５番６号,6730032
5140001036933,株式会社ヒルクライム,兵庫県,明石市,大久保町ゆりのき通１丁目２番地の３−６−２０１号,6740068
5140001036941,株式会社ウエスト明石,兵庫県,明石市,茶園場町３−１−１０８号,6730849
5140001036974,スミノハウジング株式会社,兵庫県,明石市,大久保町大久保町３０１番地９,6740067
5140001036999,株式会社アールマリア,兵庫県,明石市,大蔵谷字東山４８８番地の８５,6730869
5140001037007,ムラタ株式会社,兵庫県,明石市,大蔵八幡町８番３２号,6730871
5140001037048,株式会社メタルテック,兵庫県,明石市,魚住町錦が丘４丁目１２番地の６,6740081
5140001037064,株式会社シー・アール・プランニング,兵庫県,明石市,藤が丘１丁目１９３３番５,6730046
5140001037072,株式会社ラン＆ラン,兵庫県,明石市,二見町東二見８４５番地の８,6740092
5140001037089,株式会社細田製作所,兵庫県,明石市,大久保町八木４２１番地,6740063
5140001037106,株式会社ＳＴＩ,兵庫県,明石市,小久保１丁目５番地の１０,6730005
5140001037130,株式会社吉岡商事,兵庫県,明石市,本町１丁目４番３３号,6730892
5140001037139,株式会社ファーストディグリー,兵庫県,明石市,北町二丁目６−２０,6730000
5140001037155,フォーシーズン株式会社,兵庫県,明石市,茶園場町２番３４号,6730849
5140001037163,株式会社ランツ,兵庫県,明石市,魚住町清水２４２５番地の１,6740074
5140001037171,株式会社ＷＡＬＬ　ＯＮＥ,兵庫県,明石市,藤江１５８３番地の１０,6730044
5140001037196,株式会社流星,兵庫県,明石市,魚住町中尾７９番地,6740082
5140001037246,株式会社ベルク,兵庫県,明石市,太寺２丁目８番１号,6730845
5140001037262,株式会社宝南地所,兵庫県,明石市,野々上２丁目２番地の１,6730017
5140001037270,株式会社リフォーム・ＰＲＯＧＲＯＵＰ,兵庫県,明石市,大久保町西島６６１番地の１,6740065
5140001037287,株式会社専工社,兵庫県,明石市,松の内２丁目１番地の１０,6730016
5140001037295,日本ルブサービス株式会社,兵庫県,明石市,二見町南二見１番地の４,6740093
5140001037304,株式会社アジル,兵庫県,明石市,鳥羽１４９３番地の３８,6730003
5140001037312,株式会社兵庫ハウジングサービス,兵庫県,明石市,二見町西二見１６番地の１,6740094
5140001037320,株式会社龍企画,兵庫県,明石市,藤江２０１６番地の１３,6730044
5140001037329,株式会社ながい,兵庫県,明石市,大久保町大久保町１３６５番地の２,6740067
5140001037428,株式会社イワツキ,兵庫県,明石市,西新町３丁目１２番１２号,6730023
5140001037444,株式会社アイ・ピー・エス,兵庫県,明石市,大久保町西島５５２番地の８,6740065
5140001037452,株式会社セリア・アソシエート,兵庫県,明石市,大蔵谷奥１６番５号,6730867
5140001037460,ＵＰ　ＳＵＲＧＥ株式会社,兵庫県,明石市,林崎町３丁目５５０番の１２,6730033
5140001037469,岡川実業株式会社,兵庫県,明石市,魚住町西岡２０７５番地の２０,6740084
5140001037519,株式会社池田大谷不動産鑑定所,兵庫県,明石市,大蔵天神町２２番２５号,6730875
5140001037535,株式会社ＳＨＫ＆Ｏ,兵庫県,明石市,魚住町錦が丘３丁目２０番地の２３,6740081
5140001037543,株式会社ハヤシ工業,兵庫県,明石市,日富美町１３番２７号,6730896
5140001037568,株式会社西川商会,兵庫県,明石市,魚住町清水２３００番地の１,6740074
5140001037576,株式会社ウオズミテクノ,兵庫県,明石市,魚住町清水２７４８,6740074
5140001037618,ＡＫＡＳＨＩ．ＦＭ株式会社,兵庫県,明石市,二見町西二見２０６９番地の５,6740094
5140001037626,ワイドビューオプティカル株式会社,兵庫県,明石市,中崎２丁目５番２５号,6730883
5140001037634,オープランドゥ株式会社,兵庫県,明石市,魚住町金ケ崎１６０８番地の７６,6740071
5140001037642,株式会社アクティブ建築,兵庫県,明石市,東藤江１丁目１０番５号,6730042
5140001037650,名島工業株式会社,兵庫県,明石市,立石１丁目３番６号,6730032
5140001037667,きしろテクノロジー株式会社,兵庫県,明石市,天文町２丁目３番２０号,6730881
5140001037675,株式会社エムフード・ジャパン,兵庫県,明石市,魚住町中尾１８５番地の１,6740082
5140001037691,増本酒造株式会社,兵庫県,明石市,二見町東二見１９３５番地,6740092
5140001037700,株式会社アイジー・ブレインズ,兵庫県,明石市,本町１丁目１５番１号,6730892
5140001037709,株式会社関西ソルテック,兵庫県,明石市,大久保町大窪２６２０番地の１５,6740051
5140001037717,株式会社Ｂｌｏｏｍ,兵庫県,明石市,大蔵中町４番１１号,6730873
5140001037725,株式会社ｓｕｍｉｋａ　ｄｅｓｉｇｎ,兵庫県,明石市,小久保５丁目２番地１１岸ビル２階,6730005
5140001037733,ナカ興業株式会社,兵庫県,明石市,西明石南町２丁目９番９−９０５号,6730041
5140001037758,株式会社スマイルライフ,兵庫県,明石市,魚住町清水１３７ハリマビル１０４号,6740074
5140001037766,株式会社ＯＭＲ,兵庫県,明石市,上ノ丸２丁目１１番２２号,6730846
5140001037774,株式会社田中美術,兵庫県,明石市,朝霧台３７７６番地の９,6730852
5140001037782,株式会社ハクアイ,兵庫県,明石市,二見町東二見７０８番地プレステージ明石土山ＩＩ６０５号,6740092
5140001037790,株式会社七福建設工業,兵庫県,明石市,大久保町大窪８９９番地の１武貞ビル,6740051
5140001037816,大和油脂工業株式会社,兵庫県,明石市,田町２丁目１番１９号,6730025
5140001037849,ウッドベル株式会社,兵庫県,明石市,藤江１３９３番地,6730044
5140001037857,新生産業株式会社,兵庫県,明石市,松の内１丁目８番地２,6730016
5140001037865,株式会社小人舎,兵庫県,明石市,鷹匠町５番１３−６０３号,6730848
5140001037881,株式会社ＭＡＳＴＥＲ企画,兵庫県,明石市,西明石南町１丁目１２−１−９,6730041
5140001037898,株式会社ＰＬＵＳ　ＯＮＥ,兵庫県,明石市,大久保町緑が丘１３番１８号,6740055
5140001037907,株式会社魚住興産,兵庫県,明石市,魚住町西岡２５３番の１０７,6740084
5140001037923,株式会社コリエンタラス,兵庫県,明石市,立石１丁目１番８号ベイスターズ２１、１階,6730032
5140001037964,株式会社ＳＦＭ,兵庫県,明石市,西明石北町３丁目１４番３号,6730018
5140001037972,ＪＥＴＣＭ株式会社,兵庫県,明石市,新明町８番４０号,6730027
5140001037997,ＳＡＮＰＵ株式会社,兵庫県,明石市,小久保４丁目６番地の１７ロイヤルコート西明石ＩＩ−４０５,6730005
5140001038021,株式会社シーエスワン,兵庫県,明石市,二見町西二見１９４８番地の１７,6740094
5140001038087,株式会社シーアイエム,兵庫県,明石市,大久保町江井島８１１番地の１,6740064
5140001038211,株式会社喜楽幸,兵庫県,明石市,西明石町４丁目４番７号,6730011
5140001042213,アートワン住地株式会社,兵庫県,明石市,大久保町駅前１丁目７番地の１２藤野マンション１Ｆ,6740058
5140001042304,株式会社アゼットワン,兵庫県,明石市,上ノ丸２丁目１１番６号,6730846
5140001043070,株式会社さくら創研,兵庫県,明石市,大蔵町６番３−５０６号,6730872
5140001043401,株式会社ノムラコーポレーション,兵庫県,明石市,大久保町駅前２丁目１１番地の２ノムラ薬局,6740058
5140001043723,山口青果株式会社,兵庫県,明石市,藤江２０２９番地の１,6730044
5140001045637,ダルマ不動産販売株式会社,兵庫県,明石市,二見町東二見３９７番５,6740092
5140001045802,ブルーシエロ株式会社,兵庫県,明石市,魚住町清水２３９５番地の１１２,6740074
5140001047154,タキコーポレーション株式会社,兵庫県,明石市,西明石町４丁目７番２号,6730011
5140001057062,株式会社サクラ,兵庫県,明石市,大久保町大窪１７２２番地の１,6740051
5140001057095,オサマンズクルー株式会社,兵庫県,明石市,東野町２０４３−１５カサベラ大蔵４０１号,6730844
5140001057194,株式会社ｆｌａｒｅ　ｃｏｒｐｏｒａｔｉｏｎ,兵庫県,明石市,大久保町駅前１丁目１７番地１０パレロワイヤル参番館１Ｆ,6740058
5140001057211,株式会社ＭＩＮＥＲＶＡ,兵庫県,明石市,魚住町清水１６３７−３,6740074
5140001057252,株式会社施工管理センター,兵庫県,明石市,大蔵中町３−１０,6730873
5140001066138,レッツフードサービス株式会社,兵庫県,明石市,松の内１丁目４番地の１８,6730016
5140001067490,株式会社エーアイ開発研究所,兵庫県,明石市,二見町西二見７５２−４コンフォートＫ２０２号,6740094
5140001067565,株式会社柴田工業,兵庫県,明石市,上ノ丸３丁目１２番２１号,6730846
5140001074438,千久株式会社,兵庫県,明石市,大久保町ゆりのき通１丁目２番地の２オーズタウンセンタースクエアＩＩ番館１０４号室,6740068
5140001086499,株式会社０１５ｐｒｏｊｅｃｔ,兵庫県,明石市,二見町東二見１７８９番地の１,6740092
5140001086697,株式会社サークランド,兵庫県,明石市,大久保町八木３０５番地,6740063
5140001087068,株式会社明石アラアラ,兵庫県,明石市,大明石町１丁目８番８号,6730891
5140001087729,株式会社サンテックコーポレーション,兵庫県,明石市,魚住町清水１２８番地の６,6740074
5140001087935,ＭＩＪ株式会社,兵庫県,明石市,西明石東町３番地の３９,6730009
5140001087984,株式会社セドル,兵庫県,明石市,大久保町山手台２丁目５番地の７,6740056
5140001088140,株式会社ネクスト・クリエイション,兵庫県,明石市,西明石南町２丁目８番１０号,6730041
5140001088628,株式会社コニシ,兵庫県,明石市,二見町東二見９１７番地の６,6740092
5140001088784,リセプト株式会社,兵庫県,明石市,大久保町大窪１５７３−６,6740051
5140001088982,株式会社めりーはうす,兵庫県,明石市,西明石西町１丁目７番６号,6730049
5140001089287,株式会社神戸新聞明石西部販売,兵庫県,明石市,魚住町錦が丘１丁目１１番地の１７,6740081
5140001089386,株式会社こたつ,兵庫県,明石市,二見町西二見１８３４番地の１,6740094
5140001089584,株式会社ネオデザイン,兵庫県,明石市,大久保町大窪４８８番地の３,6740051
5140001089592,株式会社理ズム,兵庫県,明石市,太寺４丁目７番２８号,6730845
5140001089700,アサヒ経済リサーチ株式会社,兵庫県,明石市,本町１丁目１−２４,6730892
5140001089832,エンゼルサポートベース株式会社,兵庫県,明石市,魚住町西岡１３１２番地の２,6740084
5140001090815,株式会社友愛商事,兵庫県,明石市,二見町東二見２７４番地の１,6740092
5140001091004,長野味噌株式会社,兵庫県,明石市,藤江２０２８番の５４,6730044
5140001092555,株式会社エスリード,兵庫県,明石市,魚住町清水１１８番地の１,6740074
5140001092885,株式会社イーアス,兵庫県,明石市,藤が丘２丁目３８番２号,6730046
5140001093215,株式会社東播土地建物,兵庫県,明石市,野々上３丁目９番１号,6730017
5140001093280,株式会社神明自販,兵庫県,明石市,魚住町清水１０７９番４,6740074
5140001093405,株式会社ワイズ・パートナー,兵庫県,明石市,鳥羽１４７７番地の１グリーンステージ１０２号,6730003
5140001093413,羽綺株式会社,兵庫県,明石市,大久保町駅前２丁目８番地の１７,6740058
5140001093693,株式会社プランニングエム,兵庫県,明石市,荷山町１８５５番地の１６ハイツ荷山３０１号,6730842
5140001093784,西神土地建物管理株式会社,兵庫県,明石市,東野町２０１１−２−３１０号,6730844
5140001093875,シノブ工業株式会社,兵庫県,明石市,北王子町３番１０号,6730021
5140001094106,株式会社リシア,兵庫県,明石市,松が丘３丁目１８番１７号,6730862
5140001094931,西岡工業株式会社,兵庫県,明石市,西明石南町２丁目１６番２０号,6730041
5140001095161,株式会社グランアール,兵庫県,明石市,大久保町西脇４５７番地の１２,6740054
5140001095310,株式会社フォース・トランキル,兵庫県,明石市,西明石町５丁目６番７号,6730011
5140001095459,株式会社掃美良,兵庫県,明石市,鳥羽１５１９番地１４,6730003
5140001096309,大西新聞舗株式会社,兵庫県,明石市,魚住町住吉１丁目１８番１０号,6740083
5140001096432,つるかめアパートメント株式会社,兵庫県,明石市,西新町２丁目３番２６号,6730023
5140001096473,株式会社エリアドライブ,兵庫県,明石市,大久保町ゆりのき通２丁目３番地の５、１−１２０３号,6740068
5140001096572,株式会社ＦＲＡＮＣ,兵庫県,明石市,花園町三丁目３番地ヤングビル３Ｆ,6730015
5140001096580,株式会社相場屋,兵庫県,明石市,野々上１丁目５番地の３,6730017
5140001097496,オリーブ株式会社,兵庫県,明石市,日富美町４番１３号,6730896
5140001097513,株式会社ケーユーファクトリー,兵庫県,明石市,大久保町大窪１０９６番地ピュアハイツ明石大久保５１６号,6740051
5140001097554,株式会社ＤＳコーポレーション,兵庫県,明石市,大久保町江井島８９３番地の１,6740064
5140001097736,株式会社ＮＥＸＴ　ＤＯＯＲ,兵庫県,明石市,北王子町５−２４リバーメゾン明石３０３,6730021
5140001097819,兼廣機材株式会社,兵庫県,明石市,桜町４番５号,6730885
5140001097991,株式会社エミュＬａｂ,兵庫県,明石市,大久保町大窪８８１番地の１,6740051
5140001098973,株式会社明城興産,兵庫県,明石市,本町１丁目４番３号,6730892
5140001099328,株式会社大西瓦,兵庫県,明石市,二見町福里１２３番地の１,6740091
5140001099476,大庭建築工房株式会社,兵庫県,明石市,大久保町山手台１丁目９１,6740056
5140001099815,株式会社コーチ・フィオーレ,兵庫県,明石市,本町１丁目２番３３号,6730892
5140001099823,株式会社紘栄工業,兵庫県,明石市,魚住町西岡１６７３番地の３,6740084
5140001100160,明電機工株式会社,兵庫県,明石市,二見町福里６８５−３,6740091
5140001100243,株式会社坂本建築,兵庫県,明石市,魚住町長坂寺７０５番地の２,6740072
5140001101448,株式会社こすみ,兵庫県,明石市,松の内２丁目１番地の６,6730016
5140001101621,株式会社ビッグウエスト,兵庫県,明石市,二見町西二見駅前４丁目７４番地の２,6740095
5140001101704,株式会社Ａ．Ｃ．Ｓ,兵庫県,明石市,大久保町大窪１７８８−２,6740051
5140001102280,株式会社下村ブレイス,兵庫県,明石市,魚住町長坂寺７２４番地の１０,6740072
5140001102594,株式会社きずな,兵庫県,明石市,大道町１丁目５番１−２０１号,6730029
5140001102842,株式会社マーブル,兵庫県,明石市,大観町６番５−１０２号,6730897
5140001102974,ヴァーダントホールディングス株式会社,兵庫県,明石市,松の内２丁目２番地,6730016
5140001103246,株式会社シャイン,兵庫県,明石市,本町２丁目２番９号,6730892
5140001103881,株式会社岩井寿商店,兵庫県,明石市,松江７５９番地の１２,6730036
5140001104244,株式会社ＬＨリアルアセット,兵庫県,明石市,藤江１５９５番地の１３３,6730044
5140001104401,株式会社ライリー,兵庫県,明石市,大久保町八木５０５番地の１１,6740063
5140001104681,和建設株式会社,兵庫県,明石市,魚住町清水１４３番地の１メゾン・ド・レガート２０２号,6740074
5140001105283,株式会社紘栄資材リース,兵庫県,明石市,魚住町西岡１６７３番地の３,6740084
5140001105985,株式会社Ｍ・Ｔ・Ｈ,兵庫県,明石市,二見町南二見１７番地の１０,6740093
5140001106249,株式会社ＩＳＴ．ＦＩＳＨ,兵庫県,明石市,大久保町山手台２丁目５７番地の１,6740056
5140001106892,株式会社クレディフィールド,兵庫県,明石市,大久保町大窪２６１２番地の１２,6740051
5140001107742,株式会社クローバーファームＪＡあかし,兵庫県,明石市,大久保町駅前１丁目７番地の４,6740058
5140001107973,株式会社花雅フローリッシュ,兵庫県,明石市,大蔵中町１２番１２号,6730873
5140001108071,株式会社ミライ電工,兵庫県,明石市,魚住町西岡６２７番地の１,6740084
5140001108501,株式会社プレジャーフーズ,兵庫県,明石市,藤江３１３番地の１岸本マンション５Ｂ号室,6730044
5140001108674,株式会社ＣＬＡＳＩＣＯ,兵庫県,明石市,朝霧南町２丁目９−３０サニープレイス朝霧２０１,6730870
5140001108848,株式会社ＢＥＡＴＲＩＣＥ,兵庫県,明石市,朝霧東町２丁目１３番１０−１０３号,6730860
5140001108947,ＰＷパートナーズ株式会社,兵庫県,明石市,松の内２丁目３番２号,6730016
5140001109004,株式会社ＴＳ．Ｌ．Ｓ．サービス,兵庫県,明石市,西明石北町１丁目９番７号,6730018
5140001109029,株式会社業務スーパー硯町,兵庫県,明石市,硯町３丁目１０番５２号,6730028
5140001109219,関西福祉株式会社,兵庫県,明石市,大久保町江井島７９３番地の１ウェルビーイング２０１,6740064
5140001109276,株式会社仁,兵庫県,明石市,二見町東二見８６３番地６スカイハイツ１０５,6740092
5140001109516,株式会社かんさいベイト,兵庫県,明石市,二見町東二見５４１番地の１,6740092
5140001110011,株式会社トモシア,兵庫県,明石市,本町２丁目１番１号インティ明石ビル４階,6730892
5140001110119,株式会社永高商事,兵庫県,明石市,大久保町大窪１２４８番地,6740051
5140001110812,株式会社三次,兵庫県,明石市,二見町西二見８４７番地の１１,6740094
5140001110936,株式会社ＨＯＰＥ　ＬＩＮＥ,兵庫県,明石市,北王子町８番６号大西ビル１０１号,6730021
5140001111042,株式会社ゆうさぽーと,兵庫県,明石市,大久保町高丘７丁目８番地７５棟５０１号,6740057
5140001111364,株式会社大谷商店,兵庫県,明石市,本町１丁目１番１３号,6730892
5140001111843,フジタ興産株式会社,兵庫県,明石市,大久保町大窪２６８３番地の１,6740051
5140001112057,株式会社池田総業,兵庫県,明石市,魚住町住吉３丁目７２４番地の１,6740083
5140001112081,株式会社うね動物病院,兵庫県,明石市,大久保町茜１丁目１１−１４,6740059
5140001112651,株式会社ナーイフトレーディング,兵庫県,明石市,小久保５丁目６番地の１６,6730005
5140001112882,株式会社ＯＧＡＴＡ,兵庫県,明石市,大久保町大窪２６１０−７２−１Ｂ,6740051
5140001113633,Ａ．ＳＴＵＤＩＯ株式会社,兵庫県,明石市,魚住町長坂寺１３６８番地の１７,6740072
5140001114375,株式会社ａｕｒａ,兵庫県,明石市,西明石南町２丁目２０の１９Ｂａｓｅ,6730041
5140001114953,株式会社アイエスディー,兵庫県,明石市,魚住町清水８８３番地,6740074
5140001115084,株式会社ＫＴクリーン,兵庫県,明石市,朝霧南町３丁目１番２６号,6730870
5140001115984,株式会社ｈｏｍｍａｇｅ,兵庫県,明石市,和坂１２番地の１９,6730012
5140001116090,株式会社透明ドロップ,兵庫県,明石市,大久保町大窪２６０３番地の４３８,6740051
5140001116702,株式会社ＭＫＳ　Ａｒｂｒｅ　ｌａ　ｆｌｅｕｒｓ,兵庫県,明石市,二見町西二見１８番地の１９,6740094
5140001116891,株式会社めいきょう,兵庫県,明石市,小久保２丁目１０番地の４−４階,6730005
5140001117163,株式会社Ｐｒｏｇｒｅｓｓ,兵庫県,明石市,二見町東二見１２０番地５,6740092
5140001118450,エムズフューチャー株式会社,兵庫県,明石市,大久保町ゆりのき通１丁目４番地の２、１−１３０１号,6740068
5140001118871,株式会社ポート,兵庫県,明石市,二見町東二見２４２番地の７,6740092
5140001119003,株式会社ＲＯＹＧＢＩＶ,兵庫県,明石市,鳥羽１４９３番地の１エクセレント西明石Ａ棟１０５号,6730003
5140001119085,株式会社エフコーポレーション,兵庫県,明石市,松江３５３番地の１２,6730036
5140001119250,株式会社Ｐｕｒｅ　Ｌｕｓｔｅｒ,兵庫県,明石市,魚住町西岡４６番地４,6740084
5140001119300,株式会社ＭＩＰ,兵庫県,明石市,本町１丁目１２−２０ヨシイビル３Ｆ,6730892
5140001119647,株式会社人丸,兵庫県,明石市,上ノ丸３丁目１０番７号,6730846
5140001120183,株式会社ＷＲ,兵庫県,明石市,大久保町西脇５７３−１１ＴｉｓｏｌａＯｏｋｕｂｏＤ号室,6740054
5140001120357,株式会社ＨＹＳ,兵庫県,明石市,大久保町西島７５３番地の１２,6740065
5140001121801,株式会社ＬＡＮＤＳＣＡＰＥ,兵庫県,明石市,大久保町駅前１丁目１１番地の４ＫＭビル３階,6740058
5140001121941,株式会社ＤＯＧ　ＳＡＬＯＮ　Ｍ−ＳＴＹＬＥ,兵庫県,明石市,大蔵町２４番２４号,6730872
5140001122106,株式会社Ｆ・Ｂ・Ｓ,兵庫県,明石市,本町１丁目７番７号,6730892
5140001122122,株式会社Ｕ．Ｒ．Ｂ,兵庫県,明石市,大久保町西島７７６番地の８,6740065
5140001122287,株式会社ＳｕｂＲｏｃｋ,兵庫県,明石市,小久保６丁目９番地の３３,6730005
5140001122543,メイホウ工業株式会社,兵庫県,明石市,明南町１丁目３−７−Ｂ１０１,6730001
5140001123426,株式会社エヌ・グレイス,兵庫県,明石市,大久保町緑が丘２２番１８号,6740055
5140001123649,株式会社グッドアトラクト,兵庫県,明石市,材木町１０−１８、１階,6730893
5140001123698,株式会社みやび,兵庫県,明石市,大久保町西島６７３番地−２０２号,6740065
5140001123946,株式会社桜梨想,兵庫県,明石市,大久保町大久保町３９２番地の１,6740067
5140001124119,株式会社カワッタデザイン,兵庫県,明石市,大明石町１丁目１３番３６号白菊センタービル５Ｓ,6730891
5140001124457,株式会社ＷＯＮＢＥ,兵庫県,明石市,二見町西二見１７２７番地の１,6740094
5140001124655,株式会社ブラスト,兵庫県,明石市,和坂１２−３（１階東）,6730012
5140001125059,株式会社光和管財明石,兵庫県,明石市,魚住町清水１１０６−４,6740074
5140001125083,株式会社Ａｉｔｏ,兵庫県,明石市,魚住町清水３５９番地の２３,6740074
5140001125125,ＭＩＷ株式会社,兵庫県,明石市,魚住町金ケ崎巳ノ池東３８１番地,6740071
5140001125190,株式会社ｍｉｓｔｙ,兵庫県,明石市,旭が丘８番２２号,6730002
5140001125323,株式会社アイホーム,兵庫県,明石市,別所町１８番１８号,6730038
5140001125793,タネダ建設株式会社,兵庫県,明石市,魚住町中尾４０１番地の１,6740082
5140001126115,株式会社一,兵庫県,明石市,魚住町住吉２丁目９番２２号,6740083
5140001126255,株式会社ＰＨＯＴＯＲＡ,兵庫県,明石市,大久保町江井島３６３−７,6740064
5140001126263,神戸アジア人材派遣株式会社,兵庫県,明石市,大久保町高丘６丁目１１−４,6740057
5140001126651,株式会社Ｍａｒｃｈｅｒ,兵庫県,明石市,魚住町住吉２丁目２３番１２号,6740083
5140001126916,株式会社ｆｏｏｄ．ｃｏｍ,兵庫県,明石市,本町１丁目６−１３中浜ビル１階,6730892
5140001126932,株式会社青楓館,兵庫県,明石市,相生町２丁目５番８号,6730882
5140001127567,ＮＡＴＵＲＡＬ株式会社,兵庫県,明石市,朝霧南町３丁目１−２６−４,6730870
5140001128094,株式会社Ｒｅｍａｇｅ,兵庫県,明石市,藤が丘１丁目１８番５−６号,6730046
5140001128904,株式会社エム,兵庫県,明石市,朝霧南町３丁目１６番５８号,6730870
5140001128912,ブロードファースト株式会社,兵庫県,明石市,東野町２０４３番地の２４,6730844
5140001129539,株式会社ＧＲＥＥＮ　ＵＮＩＯＮ,兵庫県,明石市,朝霧南町２丁目３７９１番地の２１,6730870
5140001129547,あかしみらい株式会社,兵庫県,明石市,大久保町谷八木５８０−１６,6740062
5140001129803,株式会社Ｂｏｎｄ　Ｈｏｕｓｉｎｇ,兵庫県,明石市,大道町２丁目８番２８号,6730029
5140001130083,株式会社ＨＡＧＤＹ,兵庫県,明石市,本町１丁目２番３３号興生ビル,6730892
5140001131024,株式会社加納商店,兵庫県,明石市,魚住町金ケ崎９１４番地,6740071
5140001131189,株式会社ティエナ,兵庫県,明石市,魚住町錦が丘４丁目１２−８,6740081
5140001131247,株式会社ウインドアート,兵庫県,明石市,日富美町１０番２３号,6730896
5140001131668,株式会社フレイケア,兵庫県,明石市,沢野２丁目１６番３４号,6730008
5140001131800,株式会社ｋａｎａｕエンタープライズ,兵庫県,明石市,二見町西二見７５７−３、３Ｆ,6740094
5140001132204,株式会社セルフ,兵庫県,明石市,朝霧南町２丁目８番７−２０８号,6730870
5140001132848,株式会社ＥＥＹＡＮ,兵庫県,明石市,大久保町西島６７５−６,6740065
5140001133870,株式会社長井工業,兵庫県,明石市,大久保町八木１７８番地の４Ａ,6740063
5140001134101,熊本ＴＨＰ株式会社,兵庫県,明石市,魚住町清水２２４７番地の１５,6740074
5140001134191,株式会社ＩＲＩＳ,兵庫県,明石市,大久保町西島７３０番地の３,6740065
5140001134514,Ｒｉｓｅ株式会社,兵庫県,明石市,桜町１２−２１明石観光ビル２Ｆ,6730885
5140001134654,白川建設株式会社,兵庫県,明石市,西明石西町２丁目１２番１６号,6730049
5140001134852,株式会社轍,兵庫県,明石市,魚住町住吉１丁目１−７ルネ住吉ビル３階,6740083
5140001134951,株式会社一谷忠昌綜合商事,兵庫県,明石市,二見町西二見８９番地の７兵庫二見ビル１０５−Ｂ−１,6740094
5140001134984,株式会社ｇｏ‐ｗｉｔｈ,兵庫県,明石市,和坂１３番地６号プラスパ西明石１０３,6730012
5140001135248,ピアパートナーズ株式会社,兵庫県,明石市,松の内１丁目１番地２６,6730016
5140001135529,株式会社エム,兵庫県,明石市,本町２丁目７番１８号サンライズ明石２０３,6730892
5140001135537,株式会社Ｔｓｕｂａｍｅ,兵庫県,明石市,硯町２丁目６−２０−３０６,6730028
5140001135669,株式会社ＦＪネット,兵庫県,明石市,大久保町山手台４丁目１８１番地の７,6740056
5140001135702,Ｈｉｌｆｅ株式会社,兵庫県,明石市,樽屋町２１番１８号,6730898
5140001135743,株式会社Ｒａｎｋ’ｓ,兵庫県,明石市,桜町１−６,6730885
5140001136287,株式会社ＯＡ,兵庫県,明石市,朝霧山手町１６−１３,6730853
5140001136337,株式会社藤不動産,兵庫県,明石市,二見町西二見１１５２番地の１,6740094
5140001137277,株式会社オリジン,兵庫県,明石市,人丸町１番７１号グランシャリオ２０２号,6730877
5140001137608,株式会社小野産業,兵庫県,明石市,魚住町西岡２５２番地の１６,6740084
5140001137888,ワラコー株式会社,兵庫県,明石市,藤江１８５７番地の４,6730044
5140001138028,株式会社木之下鉄工所,兵庫県,明石市,大久保町西島６９８番地の５,6740065
5140001138812,株式会社プロスペリテ,兵庫県,明石市,二見町東二見７９９番地の２,6740092
5140001139224,セイカテクノロジー株式会社,兵庫県,明石市,和坂１２番地の２山崎ビル３０５号室,6730012
5140001139307,株式会社心興,兵庫県,明石市,松が丘３丁目８番２０号,6730862
5140001139331,株式会社藤本開発企画,兵庫県,明石市,明南町１丁目１０番２号,6730001
5140001139463,株式会社Ｍｉｔｏｃｅｒｅｓ,兵庫県,明石市,二見町東二見１６８０−２,6740092
5140001139546,株式会社夢工芸,兵庫県,明石市,沢野２丁目７番３号,6730008
5140001139918,株式会社建ログ,兵庫県,明石市,東朝霧丘２３番２４−２号,6730854
5140001139967,株式会社ＳＡＩ,兵庫県,明石市,二見町福里３６０−１９,6740091
5140001140867,株式会社コアライン,兵庫県,明石市,和坂１２−１９クロスロードハイツヤマサキ８０１,6730012
5140001140982,株式会社トラフミ,兵庫県,明石市,大久保町大久保町９００番地の８,6740067
5140001141023,株式会社アシスト,兵庫県,明石市,樽屋町３番３号梅田ビル３０１,6730898
5140001141031,株式会社Ａｔｍｏ,兵庫県,明石市,魚住町錦が丘１丁目６番地の３６,6740081
5140001141097,日本歐亜科技株式会社,兵庫県,明石市,日富美町２番１８号,6730896
5140001141485,たつき産業株式会社,兵庫県,明石市,大久保町高丘５丁目３番地の２−４９棟１０８号,6740057
5140001141691,株式会社ｆｌｏｕ,兵庫県,明石市,中朝霧丘４−１８,6730855
5140001141931,株式会社ＨＥＬＩＬＡＢ,兵庫県,明石市,林１丁目１番２３号,6730034
5140001142277,株式会社リジェネレーション,兵庫県,明石市,相生町１丁目９番３０−８０５,6730882
5140001142293,ＦＫホールディングス株式会社,兵庫県,明石市,中朝霧丘４番２１号,6730855
5140002020886,株式会社キャリコ,兵庫県,明石市,日富美町７番５号シャトートーホー,6730896
5140002028384,株式会社イユー,兵庫県,明石市,小久保１丁目５番地の４ペルル西明石１１０２号,6730005
5140002028566,株式会社岡田石材店,兵庫県,明石市,大蔵本町８番１８号,6730874
5140002031371,新興物流株式会社,兵庫県,明石市,魚住町清水字北澤１０９８番地,6740074
5140002031561,株式会社Ａｒｃ　Ｐｌｕｓ,兵庫県,明石市,和坂１３番地６,6730012
5140002031719,株式会社エーアイ,兵庫県,明石市,樽屋町２０番２１号,6730898
5140003005589,株式会社池内興産,兵庫県,明石市,西明石南町１丁目５番１１号,6730041
5140003005597,魚住製菓株式会社,兵庫県,明石市,大久保町西島３５９番地,6740065
5230001015390,株式会社Ｓ．Ｔ．Ｏ．ＧＲＯＵＰ,兵庫県,明石市,岬町１７番１２号,6730895
5260001011750,株式会社ＳＯＡＲＥＲ,兵庫県,明石市,大明石町１丁目８番１号,6730891
5480001008213,株式会社アイコニック,兵庫県,明石市,魚住町錦が丘１丁目１８番地の２,6740081
6010701038365,株式会社タコムーチョ,兵庫県,明石市,鍛治屋町６番２０号松本ビル３階西,6730884
6040001030524,コベルコ教習所株式会社,兵庫県,明石市,大久保町八木７４０番地,6740063
6120001143441,株式会社たかはしや,兵庫県,明石市,本町１丁目５番１９号,6730892
6120001183396,株式会社ＵＰ　ＳＴＡＲＴ,兵庫県,明石市,松の内２丁目１番地の７−１０１号,6730016
6122001035577,Ｆ．Ａｓｓｉｓｔ株式会社,兵庫県,明石市,和坂１１番地の３生頼第一ビル２００号室,6730012
6140001008808,瀬戸内開発株式会社,兵庫県,明石市,大久保町八木家ノ北６５７番地の１,6740063
6140001016125,山電不動産株式会社,兵庫県,明石市,東仲ノ町４番２３号,6730886
6140001021777,株式会社大樹住建,兵庫県,明石市,貴崎５丁目２−６−５０２,6730037
6140001030927,株式会社ＡＢＣガード,兵庫県,明石市,魚住町長坂寺４４１番地５号,6740072
6140001033260,ナチュレワールド株式会社,兵庫県,明石市,旭が丘１１−８旭が丘ハウス２階,6730002
6140001033921,佐世保バーガー株式会社,兵庫県,明石市,魚住町清水１９１９−１パストラルコート１０３,6740074
6140001034382,明石運輸株式会社,兵庫県,明石市,大久保町大窪字戍亥谷２９１２番地,6740051
6140001034390,明石観光興業株式会社,兵庫県,明石市,桜町１２番２１号,6730885
6140001034399,明石組自動車株式会社,兵庫県,明石市,本町１丁目１７番３号,6730892
6140001034416,株式会社ＴＭＣ,兵庫県,明石市,大久保町松陰１１２７番地の３２,6740053
6140001034424,明石東播青果株式会社,兵庫県,明石市,藤江２０２９番地の１,6730044
6140001034432,明石土地建物株式会社,兵庫県,明石市,大明石町１丁目１３番１１号,6730891
6140001034440,明石富士株式会社,兵庫県,明石市,大久保町谷八木９１５番地の１,6740062
6140001034449,株式会社あかしマネキン紹介所,兵庫県,明石市,樽屋町３番９号,6730898
6140001034465,株式会社アイ・ホーム,兵庫県,明石市,鳥羽１２４７番地,6730003
6140001034473,赤松食品株式会社,兵庫県,明石市,明南町２丁目１３番１７号,6730001
6140001034481,朝日アルミニウム株式会社,兵庫県,明石市,貴崎５丁目９番１９号,6730037
6140001034498,株式会社アルト,兵庫県,明石市,鍛治屋町３番１４号,6730884
6140001034507,池内化成株式会社,兵庫県,明石市,大蔵八幡町４番３２号,6730871
6140001034515,株式会社イシズ,兵庫県,明石市,大久保町大窪１９８６−１,6740051
6140001034523,株式会社インティイ,兵庫県,明石市,本町２丁目１番１号,6730892
6140001034548,岩永鉄工株式会社,兵庫県,明石市,材木町７番１号,6730893
6140001034556,魚住産業株式会社,兵庫県,明石市,魚住町錦が丘４丁目８番地の２,6740081
6140001034564,上村航機株式会社,兵庫県,明石市,貴崎５丁目１０番３７号,6730037
6140001034572,碓永自動車株式会社,兵庫県,明石市,魚住町清水２１８４番地の２,6740074
6140001034580,あかねリカー株式会社,兵庫県,明石市,大久保町西島９０２番地の１,6740065
6140001034589,英不動産株式会社,兵庫県,明石市,魚住町西岡１１００番地の１,6740084
6140001034597,株式会社エスティ企画,兵庫県,明石市,魚住町金ケ崎３３５番地の７,6740071
6140001034606,株式会社エポックひょうご,兵庫県,明石市,林崎町２丁目３番２号,6730033
6140001034614,株式会社エム・シーエンジ,兵庫県,明石市,小久保１丁目９番地の８,6730005
6140001034630,株式会社大木産業,兵庫県,明石市,硯町３丁目５番２−１００７号,6730028
6140001034639,王子印刷株式会社,兵庫県,明石市,大道町２丁目４番１号,6730029
6140001034647,大田興業建設株式会社,兵庫県,明石市,魚住町西岡５０３番地の３３,6740084
6140001034655,株式会社トラストラボ,兵庫県,明石市,桜町１番１４号,6730885
6140001034671,押部ホンダ株式会社,兵庫県,明石市,樽屋町１番３０号,6730898
6140001034696,株式会社元祖ボール本舗植田製菓工場,兵庫県,明石市,樽屋町１７番４号,6730898
6140001034713,株式会社叶商事,兵庫県,明石市,大久保町大窪２２５番地,6740051
6140001034721,株式会社金徳商店,兵庫県,明石市,本町２丁目５番７号,6730892
6140001034738,川重サービス株式会社,兵庫県,明石市,川崎町１番１号,6730014
6140001034746,川村化成工業株式会社,兵庫県,明石市,二見町南二見１番地の１６,6740093
6140001034754,株式会社明石菊水,兵庫県,明石市,桜町１２番２２号,6730885
6140001034762,株式会社きしろ,兵庫県,明石市,天文町２丁目３番２０号,6730881
6140001034770,喜春運輸株式会社,兵庫県,明石市,西新町３丁目１番８号,6730023
6140001034787,株式会社清村デザイン,兵庫県,明石市,別所町４番２１号,6730038
6140001034795,株式会社グローバル,兵庫県,明石市,王子２丁目１０番１９号,6730022
6140001034820,源気山畜産株式会社,兵庫県,明石市,二見町南二見１番地の８,6740093
6140001034829,広商株式会社,兵庫県,明石市,本町１丁目２番２２号,6730892
6140001034837,神戸機械エンジニアリング株式会社,兵庫県,明石市,大久保町八木４９８番地の６,6740063
6140001034853,株式会社コス,兵庫県,明石市,二見町西二見５７０番地２,6740094
6140001034861,寿地所株式会社,兵庫県,明石市,本町１丁目１１番５号,6730892
6140001034878,三英物産株式会社,兵庫県,明石市,和坂稲荷町４３番地の１,6730013
6140001034886,酒井青果株式会社,兵庫県,明石市,藤江２０２９番地の１,6730044
6140001034894,株式会社坂口モータース,兵庫県,明石市,大明石町２丁目３番２号,6730891
6140001034911,株式会社サンテクノ,兵庫県,明石市,二見町南二見１７番地の１３,6740093
6140001034928,株式会社サンヨー商会,兵庫県,明石市,茶園場町３番１−１１０号,6730849
6140001034936,株式会社サンワ洋食器,兵庫県,明石市,和坂稲荷町５８番２号,6730013
6140001034944,株式会社新明石,兵庫県,明石市,魚住町金ケ崎字亥ノ池下１１６８の１,6740071
6140001034952,新興電機工業株式会社,兵庫県,明石市,硯町１丁目１番２０号,6730028
6140001034969,株式会社新日本制御,兵庫県,明石市,魚住町西岡２１８６番地,6740084
6140001034977,神明青果株式会社,兵庫県,明石市,藤江２０２９番地の１,6730044
6140001034985,祥寿興業株式会社,兵庫県,明石市,東仲ノ町１０番９号,6730886
6140001034993,株式会社白井工務店,兵庫県,明石市,東朝霧丘１２番３７号,6730854
6140001035001,株式会社親和ハウス,兵庫県,明石市,別所町１番８号,6730038
6140001035018,西神交通株式会社,兵庫県,明石市,鷹匠町１４番２号,6730848
6140001035026,株式会社セック,兵庫県,明石市,大久保町江井島蟹池１６３５番地,6740064
6140001035042,株式会社創明工業,兵庫県,明石市,魚住町錦が丘３丁目８番地の１１,6740081
6140001035050,第一機工株式会社,兵庫県,明石市,小久保２丁目１番地２７,6730005
6140001035059,株式会社泰成,兵庫県,明石市,松の内２丁目４番１５号,6730016
6140001035067,大伸不動産株式会社,兵庫県,明石市,本町１丁目８番１号,6730892
6140001035083,大和酒造株式会社,兵庫県,明石市,大久保町西島１０６３番地の２,6740065
6140001035091,株式会社竹甚商店,兵庫県,明石市,岬町２８番１２号,6730895
6140001035100,株式会社竹谷商店,兵庫県,明石市,東藤江１丁目８番８号,6730042
6140001035109,竹原化学工業株式会社,兵庫県,明石市,本町１丁目１番２４号,6730892
6140001035117,株式会社立石,兵庫県,明石市,立石２丁目３番３２号,6730032
6140001035125,株式会社辰海開発,兵庫県,明石市,西明石北町３丁目１番１０号,6730018
6140001035133,株式会社田中食品,兵庫県,明石市,樽屋町１４番１７号,6730898
6140001035141,株式会社タルイ,兵庫県,明石市,林崎町２丁目３番２号,6730033
6140001035158,筒井工業株式会社,兵庫県,明石市,魚住町西岡２４６４番地,6740084
6140001035166,株式会社ティーエムシー,兵庫県,明石市,材木町６番５号,6730893
6140001035174,天啓運送株式会社,兵庫県,明石市,大久保町江井島４６５番地の１,6740064
6140001035182,寺岡工藝株式会社,兵庫県,明石市,大久保町松陰新田６６７番地,6740052
6140001035190,東播建設株式会社,兵庫県,明石市,魚住町清水２１６１番地,6740074
6140001035199,東洋興栄株式会社,兵庫県,明石市,大明石町１丁目６番２２号,6730891
6140001035208,株式会社徳水,兵庫県,明石市,中崎１丁目６番１１号,6730883
6140001035224,株式会社トライアングル,兵庫県,明石市,大久保町大窪２６０９番地の８,6740051
6140001035232,株式会社中市大福堂,兵庫県,明石市,硯町３丁目４番２３号,6730028
6140001035257,株式会社中山元鉄工所,兵庫県,明石市,太寺２丁目１０番５１号,6730845
6140001035265,株式会社西明石ホンダ,兵庫県,明石市,藤江９２７番地の３,6730044
6140001035273,西垣木炭株式会社,兵庫県,明石市,材木町４番２１号,6730893
6140001035281,日工株式会社,兵庫県,明石市,大久保町江井島１０１３番地の１,6740064
6140001035298,日殖開発株式会社,兵庫県,明石市,小久保１丁目５番地の１,6730005
6140001035315,株式会社ニュー・ヤマモト,兵庫県,明石市,本町１丁目８番７号,6730892
6140001035323,株式会社野口商会,兵庫県,明石市,魚住町中尾１番地の２,6740082
6140001035331,長谷川醫療器株式会社,兵庫県,明石市,大蔵本町１３番１０号,6730874
6140001035348,株式会社花雅,兵庫県,明石市,大蔵中町１２番１２号,6730873
6140001035356,林商事株式会社,兵庫県,明石市,大久保町高丘２丁目１７番地の１,6740057
6140001035364,播磨工作株式会社,兵庫県,明石市,二見町南二見１１番地の７,6740093
6140001035372,株式会社ハリマパック,兵庫県,明石市,二見町西二見１５４７番地の１,6740094
6140001035380,株式会社ヒゴ建設,兵庫県,明石市,東人丸町８番７号,6730876
6140001035397,兵庫綜合警備株式会社,兵庫県,明石市,松の内２丁目３番地の４,6730016
6140001035414,ファーストラバー株式会社,兵庫県,明石市,二見町南二見１８番１１,6740093
6140001035422,株式会社福祉不動産,兵庫県,明石市,魚住町錦が丘３丁目８番地の７,6740081
6140001035439,フジマック通商株式会社,兵庫県,明石市,魚住町西岡１８６２番地５０６号,6740084
6140001035463,株式会社平成商事,兵庫県,明石市,東藤江１丁目５番２７号,6730042
6140001035471,株式会社ホームランド,兵庫県,明石市,大久保町高丘１丁目３番地の１,6740057
6140001035488,株式会社真島商店,兵庫県,明石市,大蔵中町１６番１８号,6730873
6140001035496,松下工機株式会社,兵庫県,明石市,大久保町江井島１０２８番地の４,6740064
6140001035513,株式会社丸大,兵庫県,明石市,藤江２０２９番地の１,6730044
6140001035521,株式会社マルヤ薬局,兵庫県,明石市,本町２丁目５番１７号,6730892
6140001035538,三宝産業株式会社,兵庫県,明石市,魚住町清水２７９番地の１,6740074
6140001035546,宮脇機械プラント株式会社,兵庫県,明石市,北王子町２番２６号,6730021
6140001035554,ムラタ工業株式会社,兵庫県,明石市,大蔵八幡町８番３２号,6730871
6140001035570,明機産業株式会社,兵庫県,明石市,北王子町９番１号,6730021
6140001035579,明正キャブ株式会社,兵庫県,明石市,西新町３丁目２番２３号,6730023
6140001035587,株式会社明城,兵庫県,明石市,大明石町１丁目７番１０号,6730891
6140001035595,株式会社メイホウ,兵庫県,明石市,硯町３丁目６番１１号,6730028
6140001035620,株式会社籔内商店,兵庫県,明石市,本町１丁目７番１０号,6730892
6140001035629,株式会社山北土木,兵庫県,明石市,二見町西二見２９７番地の１,6740094
6140001035637,ヤマダトレーディング株式会社,兵庫県,明石市,西新町１丁目４番３号,6730023
6140001035645,山吹電気工事株式会社,兵庫県,明石市,天文町１丁目７番１２号,6730881
6140001035653,株式会社友基建設,兵庫県,明石市,大久保町高丘３丁目９番地の２６,6740057
6140001035661,横山製薬株式会社,兵庫県,明石市,相生町２丁目２番１６号,6730882
6140001035678,株式会社Ｙ．Ｋ．Ｍ．,兵庫県,明石市,鷹匠町１０番１２号,6730848
6140001035686,株式会社若竹鉄筋,兵庫県,明石市,樽屋町２２番３号,6730898
6140001035694,株式会社リーチビジネス,兵庫県,明石市,相生町２丁目４番１０号,6730882
6140001035711,＿＿食品株式会社,兵庫県,明石市,松の内２丁目２番地の１０,6730016
6140001035728,株式会社トーゴー,兵庫県,明石市,松が丘３丁目４番１１号,6730862
6140001035736,株式会社明拓梱包運輸,兵庫県,明石市,二見町南二見１７番地の１０,6740093
6140001035744,エイティシー株式会社,兵庫県,明石市,中崎２丁目４番地２−２０８号,6730883
6140001035752,株式会社さくら建設,兵庫県,明石市,大久保町八木７３９番地の１０,6740063
6140001035760,株式会社アイコム,兵庫県,明石市,松の内１丁目１０番地の６−１０１,6730016
6140001035777,株式会社プロスパ,兵庫県,明石市,東野町２０１１番地の２,6730844
6140001035793,株式会社ケーティーコーポレーション,兵庫県,明石市,魚住町西岡２３２３番地の１,6740084
6140001035802,株式会社ジーイーエス,兵庫県,明石市,二見町西二見５７０番地２,6740094
6140001035819,ナカムラ工業株式会社,兵庫県,明石市,大久保町大久保町３７番地,6740067
6140001035827,株式会社尾花エキスプレス,兵庫県,明石市,魚住町西岡１２３−９パレス魚住３０３,6740084
6140001035835,株式会社メディアック,兵庫県,明石市,魚住町清水２０５９番地の４,6740074
6140001035851,株式会社ヒューマンウェア研究所,兵庫県,明石市,鷹匠町５番１３−６０３号,6730848
6140001036008,株式会社アペックス,兵庫県,明石市,松の内２丁目１番地８,6730016
6140001036016,Ｙｏｕ＆Ｉ株式会社,兵庫県,明石市,大久保町大窪９４２番地の５,6740051
6140001036734,ニューセレクション株式会社,兵庫県,明石市,魚住町西岡２３８２番地,6740084
6140001036858,光洋機工株式会社,兵庫県,明石市,松の内２丁目８番地の５,6730016
6140001036866,株式会社ＨＯＪＩＮ,兵庫県,明石市,魚住町清水２５０−４２,6740074
6140001036932,株式会社ダイハツ明石西,兵庫県,明石市,魚住町金ケ崎３５３−５,6740071
6140001036940,株式会社小林建築設計,兵庫県,明石市,大久保町大窪３０４−４−５０２,6740051
6140001036949,株式会社ＴＥＮコーポレーション,兵庫県,明石市,魚住町清水２４２５番地の１,6740074
6140001036965,あかし多幸株式会社,兵庫県,明石市,本町１丁目５番１７号,6730892
6140001036973,株式会社夏山電気工業所,兵庫県,明石市,野々上２丁目１番地の８,6730017
6140001036998,株式会社井川コーポレーション,兵庫県,明石市,大久保町大窪１６０番地,6740051
6140001037006,株式会社明輝,兵庫県,明石市,大蔵谷奥７番１２号,6730867
6140001037022,株式会社グッドエージェンシー,兵庫県,明石市,二見町東二見８００番地の６,6740092
6140001037030,株式会社西商テクノス,兵庫県,明石市,小久保２丁目８番地１−１００１号,6730005
6140001037047,株式会社松葉,兵庫県,明石市,大久保町松陰１１１５−１,6740053
6140001037063,ピーアンドティー中四国株式会社,兵庫県,明石市,鳥羽１４９２番地の１,6730003
6140001037088,株式会社ハピネス,兵庫県,明石市,魚住町清水４３１番地の２の２０１号,6740074
6140001037105,株式会社ＯＦＦＩＣＥ　ＣＹ,兵庫県,明石市,相生町２丁目１１番１５−１１０２号,6730882
6140001037146,アライブビジョンソフトウェア株式会社,兵庫県,明石市,小久保２丁目２番７号,6730005
6140001037170,株式会社日本リーディング,兵庫県,明石市,二見町西二見１２６８番地の１,6740094
6140001037179,関西介護事業株式会社,兵庫県,明石市,材木町３番４号,6730893
6140001037195,Ｍｅｄｉｔｉｑｕｅ　Ｖｉｄａ株式会社,兵庫県,明石市,大久保町ゆりのき通１丁目２番地の３、３番館１０２,6740068
6140001037212,株式会社ブルー・サザンクロス,兵庫県,明石市,松が丘３丁目１０番３号,6730862
6140001037220,神明産業株式会社,兵庫県,明石市,藤江１０２５番地の１,6730044
6140001037229,ティ．ケィ．ワィ株式会社,兵庫県,明石市,西明石町４丁目６番２１号,6730011
6140001037286,株式会社フェリスコーポレーション,兵庫県,明石市,貴崎１丁目１０番２号,6730037
6140001037294,さくら建宅株式会社,兵庫県,明石市,藤江１８４９番地１,6730044
6140001037311,須磨産業株式会社,兵庫県,明石市,朝霧北町３７７７番地の１６シャルムロアイヤル朝霧３２４号,6730851
6140001037328,株式会社吉田工業,兵庫県,明石市,藤江３１４番地の１,6730044
6140001037360,株式会社ゆうとみー,兵庫県,明石市,松の内２丁目７−２,6730016
6140001037369,株式会社明石氷販,兵庫県,明石市,藤江１８４番１号志賀ビル１０１,6730044
6140001037393,株式会社キイチ,兵庫県,明石市,本町１丁目４番１９号,6730892
6140001037402,株式会社電友,兵庫県,明石市,大久保町八木４３６番地の１,6740063
6140001037410,株式会社大雅,兵庫県,明石市,大久保町江井島８８８番地の１,6740064
6140001037435,株式会社マテリオ明石,兵庫県,明石市,林崎町３丁目５５３番地の６シーサイドパストラル林崎ＩＩ４０３号,6730033
6140001037468,ハローサービス株式会社,兵庫県,明石市,北朝霧丘１丁目１６２９番地の４０,6730857
6140001037484,株式会社シフトアップ,兵庫県,明石市,二見町西二見字野々内１８３９,6740094
6140001037492,近畿ロジスティクス株式会社,兵庫県,明石市,魚住町錦が丘１丁目１３番地の１４,6740081
6140001037567,啓明館株式会社,兵庫県,明石市,大明石町１丁目７−３０アイビー岸家２Ｆ,6730891
6140001037600,株式会社ハートポート,兵庫県,明石市,大久保町大窪１５１３番地の１,6740051
6140001037609,ＭＢＮ株式会社,兵庫県,明石市,大久保町松陰２０１番地,6740053
6140001037625,株式会社Ｓ’ＬＥＯ,兵庫県,明石市,二見町西二見駅前２丁目１６１番地,6740095
6140001037633,株式会社ジー・エヌ,兵庫県,明石市,大蔵中町７番１８号,6730873
6140001037658,株式会社ＪＭＴＣ,兵庫県,明石市,相生町２丁目９番２０−１００２号,6730882
6140001037666,株式会社フクイ,兵庫県,明石市,朝霧東町２丁目１１番１６号,6730860
6140001037674,株式会社フジパワーデザイン,兵庫県,明石市,本町２丁目８番２４−１１０１号,6730892
6140001037682,株式会社ｃｒｅ８ｔｉｖｅ　ｗｏｒｋｓ,兵庫県,明石市,港町２番７号,6730894
6140001037708,株式会社ＡＢＣ,兵庫県,明石市,小久保２丁目２番地の１３,6730005
6140001037724,株式会社クレイドルエンタープライズ,兵庫県,明石市,小久保５丁目１７−２６,6730005
6140001037732,株式会社ワールドファッション,兵庫県,明石市,大道町２丁目８−２８パレス大道１０１,6730029
6140001037757,株式会社ときわ商事,兵庫県,明石市,本町１丁目１番６号,6730892
6140001037773,株式会社うみのほし,兵庫県,明石市,大久保町八木字家ノ北６５４−３,6740063
6140001037781,株式会社なごみ,兵庫県,明石市,小久保１丁目４番地の１１恭和ビル１階２号,6730005
6140001037823,モアナラニ株式会社,兵庫県,明石市,魚住町錦が丘４丁目２番地７−２０２号,6740081
6140001037831,株式会社リンシステムズ,兵庫県,明石市,本町２丁目２番６号,6730892
6140001037848,トレゾアコーポレーション株式会社,兵庫県,明石市,朝霧南町３丁目１１番７号,6730870
6140001037856,株式会社コネクト,兵庫県,明石市,西新町１丁目２２番１６−４０１号,6730023
6140001037889,株式会社ＧＯ　ＷＥＬＬ,兵庫県,明石市,大久保町江井島７６３番地の１,6740064
6140001037897,株式会社関西ユー・エス・ブイ,兵庫県,明石市,藤江８５４番地の２,6730044
6140001037906,株式会社火災警報センター,兵庫県,明石市,小久保６丁目４番地５,6730005
6140001037939,株式会社夢工房,兵庫県,明石市,朝霧町３丁目１３番２号,6730866
6140001037947,神戸引越流通株式会社,兵庫県,明石市,二見町東二見３６７番地の５,6740092
6140001037955,株式会社コトブキ地所,兵庫県,明石市,太寺４丁目９番７号,6730845
6140001037963,株式会社ビーンスターク,兵庫県,明石市,大久保町八木１２６番地の８,6740063
6140001038045,株式会社竹本商会,兵庫県,明石市,二見町西二見１６２２番地の１,6740094
6140001038169,株式会社ＹＵＩ,兵庫県,明石市,大久保町茜２丁目４−２３,6740059
6140001042170,マヤ家電販売株式会社,兵庫県,明石市,太寺大野町２６９４の５,6730843
6140001042187,シンノウ紙源株式会社,兵庫県,明石市,魚住町西岡２１０９番地の４,6740084
6140001043540,株式会社兵和商事,兵庫県,明石市,二見町西二見２１４９番地の１１,6740094
6140001045033,宏州貨物株式会社,兵庫県,明石市,大久保町大窪２６８３番地の１,6740051
6140001047228,株式会社ソルテック,兵庫県,明石市,相生町２丁目６番５号,6730882
6140001066244,ファイブスタータクシー株式会社,兵庫県,明石市,魚住町清水２２７５番地の７,6740074
6140001067374,アルテ株式会社,兵庫県,明石市,大明石町１丁目６番１号,6730891
6140001067738,株式会社メビウス,兵庫県,明石市,太寺天王町２７６３番地の１,6730841
6140001071855,株式会社アポロ楽器,兵庫県,明石市,二見町西二見１８−９１−１０３,6740094
6140001076581,株式会社植田銀芽もやし,兵庫県,明石市,藤江２０２９番地の１,6730044
6140001077497,株式会社竹内コーポレーション,兵庫県,明石市,和坂２丁目１番２６号ステージ和坂ＩＩＩ−１０３号,6730012
6140001077596,株式会社ライフ・プロデュース中村,兵庫県,明石市,大久保町谷八木１２３番地の４,6740062
6140001077670,ケアトラスト株式会社,兵庫県,明石市,魚住町西岡８４２番地の４,6740084
6140001077852,株式会社兵庫情報通信工業,兵庫県,明石市,大久保町松陰９０番地の１０,6740053
6140001077860,株式会社ＯＦＦＩＣＥ　Ｍ’Ｓ,兵庫県,明石市,東人丸町２番２５号２Ｆ,6730876
6140001086416,株式会社オートファクトリー好美,兵庫県,明石市,大久保町大久保町６８０番地の９,6740067
6140001087364,株式会社イシガミ技研,兵庫県,明石市,鳥羽１４８０番地の１４,6730003
6140001087637,成翔商会株式会社,兵庫県,明石市,西明石南町２丁目８番地２３号,6730041
6140001088180,株式会社エステート・ＬＥＧＯ,兵庫県,明石市,大道町１丁目６番１２号,6730029
6140001088346,株式会社ｆｉｎｅ　ｇｒｏｕｐ,兵庫県,明石市,二見町西二見８５２番地３,6740094
6140001088552,株式会社キー・スター,兵庫県,明石市,林崎町３丁目５０２−６２−４０７号,6730033
6140001088651,ゆたかな老後リフォーム株式会社,兵庫県,明石市,魚住町西岡６７１番地の２,6740084
6140001088791,株式会社浜田商店,兵庫県,明石市,太寺２丁目５番２１号,6730845
6140001088957,株式会社叶屋ハウス,兵庫県,明石市,大久保町ゆりのき通１丁目４番地の２,6740068
6140001089724,株式会社ミキメディカル,兵庫県,明石市,船上町１０番２７号,6730026
6140001090434,ＮＩスタジオ株式会社,兵庫県,明石市,魚住町西岡２２２０−５,6740084
6140001090624,株式会社ＳＨＯＵ,兵庫県,明石市,小久保２丁目１番地の２７,6730005
6140001091060,株式会社Ｐｅｌｏｔａ,兵庫県,明石市,大久保町大窪３１２４番２,6740051
6140001091176,株式会社テンペスト,兵庫県,明石市,藤江１１９１−８−９０４,6730044
6140001091408,株式会社スマイル,兵庫県,明石市,大久保町西島３３９番地１−７０９号,6740065
6140001092224,株式会社美々樽,兵庫県,明石市,朝霧南町３丁目１６番５８号,6730870
6140001092315,株式会社創喜舎,兵庫県,明石市,魚住町清水２２０２番地の９カーサ土山３−Ａ,6740074
6140001092372,グレースワールド株式会社,兵庫県,明石市,魚住町清水４８番地の２８,6740074
6140001092612,株式会社一笑,兵庫県,明石市,王子２丁目８番２号,6730022
6140001092851,株式会社ＤＩＶＥＳＴＡ,兵庫県,明石市,魚住町金ケ崎１５１９番地の１ヴィスタマーレ１０３号,6740071
6140001093874,株式会社あかし海産,兵庫県,明石市,材木町１６番２号,6730893
6140001093940,株式会社ライ・グラス,兵庫県,明石市,二見町西二見１９９４番地の１５,6740094
6140001094162,株式会社ＮＡＢＳ,兵庫県,明石市,大久保町高丘２丁目２０番地の２２,6740057
6140001094880,株式会社古川鉄工所,兵庫県,明石市,大久保町八木６３８番地の２,6740063
6140001095029,河田トレーディング株式会社,兵庫県,明石市,本町１丁目１番２４号,6730892
6140001096010,株式会社アズプラス,兵庫県,明石市,二見町東二見３５９−２,6740092
6140001096084,株式会社せなお,兵庫県,明石市,大久保町谷八木１１９１番地の４４,6740062
6140001096357,株式会社あさり商店,兵庫県,明石市,魚住町清水２０４５番地の４フラッツ西明石３０２号,6740074
6140001096407,株式会社ディープグリーン,兵庫県,明石市,大久保町松陰６２番地の１,6740053
6140001096679,株式会社明石名石園,兵庫県,明石市,太寺１丁目６番２８号,6730845
6140001096704,株式会社クレール,兵庫県,明石市,大久保町緑が丘１８番９号,6740055
6140001096885,沃天株式会社,兵庫県,明石市,貴崎４丁目２６−３,6730037
6140001097256,株式会社明石プリンティング,兵庫県,明石市,林３丁目１５番４５号,6730034
6140001097504,株式会社ＲＯＯＭＳ,兵庫県,明石市,太寺大野町２７２０番地の１エルシェアート明石太寺１階,6730843
6140001098196,ピアレスジャパン株式会社,兵庫県,明石市,魚住町金ケ崎１５３５番地の１,6740071
6140001098295,株式会社ＨＧＳ,兵庫県,明石市,荷山町２７７４−１,6730842
6140001098865,株式会社明石ホーム,兵庫県,明石市,鳥羽１４２１番地の４４,6730003
6140001099384,安田管財株式会社,兵庫県,明石市,大久保町江井島３５９番地,6740064
6140001100151,株式会社ＴＡＫＵＭＡ−ＷＯＲＬＤ,兵庫県,明石市,西明石南町２丁目１３番４号,6730041
6140001100218,株式会社大川自動車整備工場,兵庫県,明石市,硯町１丁目３番２２号,6730028
6140001100275,株式会社ガネシヤ,兵庫県,明石市,魚住町清水２３９５番地の１０１ガネシヤビル２Ｆ,6740074
6140001100779,株式会社サプル,兵庫県,明石市,大久保町茜１丁目１１番１４号Ｄ号室,6740059
6140001100787,株式会社あさぎり開発,兵庫県,明石市,朝霧町２丁目１２番２５号,6730866
6140001100977,株式会社西川,兵庫県,明石市,魚住町清水２２９４番地の１,6740074
6140001101083,株式会社ＭＹエージェンシー,兵庫県,明石市,材木町１０番２５−５０５号,6730893
6140001101265,株式会社三優,兵庫県,明石市,大久保町ゆりのき通２丁目５０番地の６,6740068
6140001101678,株式会社内海グループ,兵庫県,明石市,朝霧東町２丁目５番４６号,6730860
6140001102156,株式会社栽培屋はなきょう,兵庫県,明石市,二見町東二見３５９−２,6740092
6140001102230,株式会社熊真商事,兵庫県,明石市,松が丘１丁目１５番７号,6730862
6140001102494,イートリート株式会社,兵庫県,明石市,朝霧南町２丁目８番１３号,6730870
6140001103690,株式会社Ｒｅｓｔａｒｔ,兵庫県,明石市,魚住町西岡１９９４−５,6740084
6140001104169,神戸プライムテック株式会社,兵庫県,明石市,大久保町八木６８９番地,6740063
6140001104227,ニードエステート株式会社,兵庫県,明石市,相生町２丁目９番地７フラット・フィールドビル４０３号,6730882
6140001104747,株式会社吉田教育研究所,兵庫県,明石市,大久保町高丘７丁目６９番地の４,6740057
6140001104895,株式会社侑羽ロジスティクス,兵庫県,明石市,魚住町清水２４２５−１伸栄マンション１０２,6740074
6140001106330,株式会社ＯＭＯＴＥＮＡＳＨＩ産業千住組,兵庫県,明石市,本町２丁目５番８−２０１号,6730892
6140001106561,神戸衛生株式会社,兵庫県,明石市,大久保町大久保町８１３−２,6740067
6140001106710,株式会社アメロイドキッチン,兵庫県,明石市,西明石南町２丁目１９番５号,6730041
6140001107452,株式会社綜建,兵庫県,明石市,二見町福里３４１番地の４,6740091
6140001108236,くぼなか株式会社,兵庫県,明石市,松江４８９番地の７,6730036
6140001108310,株式会社レガース・コーポレーション,兵庫県,明石市,本町１丁目４番１３号,6730892
6140001109226,株式会社ファミーユ,兵庫県,明石市,林３丁目１６番２号,6730034
6140001109309,株式会社ゆう福,兵庫県,明石市,西新町３丁目７番２９号,6730023
6140001110365,株式会社Ｇ＆Ａ,兵庫県,明石市,大久保町江井島１０３８番地３,6740064
6140001110679,ウイズ株式会社,兵庫県,明石市,松が丘１丁目４番１６−３０３号,6730862
6140001111025,株式会社ヴィボーテ,兵庫県,明石市,松の内２丁目６番地２号アルファステイツ西明石駅１５０４号,6730016
6140001111108,株式会社ｏｆｆｉｃｅＧｒｅｅｎ,兵庫県,明石市,西明石南町１丁目９−２０サンコート西明石１階,6730041
6140001111751,株式会社オフィスタケヤマ,兵庫県,明石市,小久保２丁目６番地の１０,6730005
6140001111784,ＦＩＶＥ株式会社,兵庫県,明石市,魚住町金ケ崎１４５７番地の５,6740071
6140001112056,株式会社ＭｅＲＩＳＥ,兵庫県,明石市,大久保町大窪９４５番地の１,6740051
6140001112997,ＮＥＷＣＯＭ株式会社,兵庫県,明石市,大久保町大窪１５２１−１サングリーン衣笠３０１Ａ,6740051
6140001113087,ナガサワ食品株式会社,兵庫県,明石市,魚住町清水２４６４番地１,6740074
6140001113104,株式会社日興鋳材,兵庫県,明石市,東朝霧丘８番４号,6730854
6140001113178,株式会社ＤＩＡＭＯＮＤ　ＴＥＣＨＮＯＬＯＧＹ　ＣＯＭＰＡＮＹ,兵庫県,明石市,硯町２丁目２番２２号,6730028
6140001113203,株式会社エンフィニート,兵庫県,明石市,魚住町住吉４丁目１６番８９号,6740083
6140001113236,カナック株式会社,兵庫県,明石市,藤江２０２８番地の１２６,6730044
6140001113665,株式会社関西育英ゼミナール,兵庫県,明石市,東野町８番地ヴァーチュアスあさぎり１Ｆ,6730844
6140001113905,株式会社マツムラ,兵庫県,明石市,明南町２丁目１０番２２号,6730001
6140001114291,株式会社オネストエンジニアリング,兵庫県,明石市,小久保２丁目１番地の２７、３０１号,6730005
6140001115125,株式会社圭泰,兵庫県,明石市,二見町東二見１４９０番地の３,6740092
6140001115133,株式会社高才,兵庫県,明石市,二見町東二見１５１５番地の２,6740092
6140001115158,ＪＥＴ−ＳＥＴ株式会社,兵庫県,明石市,小久保１丁目５番地の４ペルル西明石２０１号,6730005
6140001115356,明彩株式会社,兵庫県,明石市,鳥羽１４６４番地の１,6730003
6140001115777,株式会社シンケールス,兵庫県,明石市,東朝霧丘１−４５ナナミール朝霧丘２０２,6730854
6140001115892,円成商事株式会社,兵庫県,明石市,松が丘２丁目５番,6730862
6140001116180,ホーントータルデザイン株式会社,兵庫県,明石市,西明石西町２丁目１３番１１号Ｆ号室,6730049
6140001116833,ａｎｄ．ｄｅｓｉｇｎ株式会社,兵庫県,明石市,大久保町八木４０１−１,6740063
6140001117229,明石ビール株式会社,兵庫県,明石市,大久保町西島１１９４番地,6740065
6140001117914,株式会社ヒロリアルエステート,兵庫県,明石市,朝霧町３丁目１５番２０号,6730866
6140001118193,オールズ株式会社,兵庫県,明石市,大明石町２丁目４番１８号信友ビルディング３階,6730891
6140001118706,株式会社安東工業,兵庫県,明石市,二見町東二見１１９５番地の４ジェミニハイムＩＩ１０３,6740092
6140001119142,株式会社優優,兵庫県,明石市,東仲ノ町１０番１８号,6730886
6140001119191,株式会社ＥＬＢＯ,兵庫県,明石市,東野町２２０７番地の１,6730844
6140001119241,株式会社フリーヘット,兵庫県,明石市,大久保町大窪１４７４番地の２９,6740051
6140001119670,株式会社Ｌ−ｉｐｐｅｉ,兵庫県,明石市,硯町２丁目５−１−１０９,6730028
6140001119803,つる企画株式会社,兵庫県,明石市,藤が丘２丁目１６番１５号,6730046
6140001119910,株式会社スカイドリーム,兵庫県,明石市,魚住町西岡１３２４番地の３,6740084
6140001120091,株式会社Ｆｕｎ　Ｌｉｆｅ＆ｗｏｒｋ,兵庫県,明石市,大久保町江井島９５６−１,6740064
6140001120372,株式会社ログイン,兵庫県,明石市,貴崎５丁目３番４１号,6730037
6140001120728,株式会社ネイチャーエデュケーション,兵庫県,明石市,小久保２丁目１０番地の４大田ビル２階,6730005
6140001121461,株式会社渡辺左官工業,兵庫県,明石市,硯町３丁目１１番３２号,6730028
6140001121692,株式会社Ｋｅｙ’ｓ　Ｌａｂ．,兵庫県,明石市,大久保町大久保町４９３番地の４,6740067
6140001121957,株式会社ＭＫＫ,兵庫県,明石市,小久保４丁目８番地の１６,6730005
6140001122195,株式会社中嶋溶接,兵庫県,明石市,二見町南二見１７番地の１９,6740093
6140001122716,バァロア株式会社,兵庫県,明石市,大久保町江井島８１１番地の１,6740064
6140001122749,株式会社大きな森,兵庫県,明石市,松が丘３丁目２８番２号,6730862
6140001122939,株式会社ＬｉＶＥＳ,兵庫県,明石市,大久保町江井島８９８番地の１,6740064
6140001123136,株式会社Ｉ・プランニング,兵庫県,明石市,荷山町２７５９番地の１,6730842
6140001123350,株式会社メリーポンド,兵庫県,明石市,大久保町大窪２６１０番地の５６,6740051
6140001124893,株式会社スプレッドサービス,兵庫県,明石市,和坂１丁目１５番３３−６号,6730012
6140001126691,福里食品株式会社,兵庫県,明石市,二見町福里６５０番地,6740091
6140001126840,株式会社ＴＯＵＴ．ＵＮＩＴＥ,兵庫県,明石市,大蔵谷奥１６−５明舞バザール１２２,6730867
6140001127062,株式会社ダンマルシェ,兵庫県,明石市,硯町３丁目４番２３号,6730028
6140001127657,あかし不動産販売株式会社,兵庫県,明石市,松の内２丁目１番１号,6730016
6140001127789,株式会社キーネクスト,兵庫県,明石市,大蔵本町２０番２６号,6730874
6140001128399,株式会社エントランス,兵庫県,明石市,大久保町江井島２７０番地の９,6740064
6140001128548,株式会社ＭＲＰ,兵庫県,明石市,桜町１２−２１明石観光ビル４階,6730885
6140001129364,株式会社ＡＲＣｏｍｍｅｒｃｅ,兵庫県,明石市,魚住町西岡２０３６番地の４４,6740084
6140001129488,株式会社ＨＩＹ,兵庫県,明石市,大明石町１丁目６番１−８０４号,6730891
6140001129505,トライジャパン株式会社,兵庫県,明石市,鍛冶屋町１番１５号ハモニカビル３Ｆ,6730000
6140001129744,株式会社樽谷造園,兵庫県,明石市,西明石東町７番地の４０,6730009
6140001130231,株式会社ニューロ,兵庫県,明石市,松が丘３丁目３番４３号,6730862
6140001130561,Ｒ株式会社,兵庫県,明石市,魚住町清水１６１８番地１,6740074
6140001131411,株式会社明石不動産売却センターｅ‐ｈｏｍｅ,兵庫県,明石市,西明石北町３丁目３番８号,6730018
6140001131502,歩都自動車株式会社,兵庫県,明石市,大久保町江井島１０４２−１,6740064
6140001131584,株式会社八尋創建,兵庫県,明石市,二見町西二見駅前２丁目５８番地,6740095
6140001131881,Ｂｌｉｓｓ　Ｇｒｏｕｐ株式会社,兵庫県,明石市,宮の上２番７−１０号,6730031
6140001132062,桜ｇｒｏｕｐ株式会社,兵庫県,明石市,魚住町清水２１１番地の２,6740074
6140001132517,株式会社リオファクトリー,兵庫県,明石市,東仲ノ町３−３３まありお９８−４０２号室,6730886
6140001132632,アグリライズ株式会社,兵庫県,明石市,和坂３丁目１番２２号,6730012
6140001132723,株式会社Ｋｙｏ．ｃｏｍ,兵庫県,明石市,相生町２丁目５番８号,6730882
6140001132797,株式会社Ｓｈｅｌｌｆｉｓｈ明石,兵庫県,明石市,魚住町中尾３６番地,6740082
6140001132814,株式会社クリエイティブゼロ,兵庫県,明石市,西新町２丁目８番６号,6730023
6140001132847,明石さくら不動産株式会社,兵庫県,明石市,大久保町大窪５０１番地の６,6740051
6140001133135,株式会社ファンフューチャー,兵庫県,明石市,魚住町西岡２００１番地,6740084
6140001133275,エスリンク株式会社,兵庫県,明石市,田町１丁目１０番４５号フルール田町１階,6730025
6140001133358,株式会社ＳＫ,兵庫県,明石市,大久保町駅前１丁目１３番地の２６,6740058
6140001134414,Ｅ．Ｔｈｏｍｐｓｏｎ株式会社,兵庫県,明石市,二見町東二見４８２番地の８９,6740092
6140001134769,株式会社ママネイリストと自爪育成,兵庫県,明石市,桜町１４番１９号ＫＵＫＩビル４Ｆ,6730885
6140001135610,株式会社ＭＤＦ,兵庫県,明石市,沢野２丁目１２番２３号,6730008
6140001135684,株式会社リセット,兵庫県,明石市,林崎町２丁目２番１７号,6730033
6140001136179,株式会社Ｔ・Ｉ,兵庫県,明石市,魚住町中尾１４２番地,6740082
6140001136451,株式会社ＳＥＡ　ＢＲＩＤＧＥ,兵庫県,明石市,朝霧南町２丁目２３２番地橋本ビル２Ｆ,6730870
6140001136518,株式会社アンドエー,兵庫県,明石市,朝霧南町３丁目１３−２０,6730870
6140001136674,株式会社ＬＥＡＦ,兵庫県,明石市,本町１丁目２番３３号興生ビル４階,6730892
6140001136939,株式会社Ｒｉｋｏ,兵庫県,明石市,二見町福里８４番地の２,6740091
6140001138299,株式会社ＩＲＯＡＳ,兵庫県,明石市,大久保町松陰５４６番地の３,6740053
6140001138373,株式会社ＭＫ　Ｆｅｌｉｃｉａ,兵庫県,明石市,藤江８８８番地の８９,6730044
6140001138407,株式会社はっとり,兵庫県,明石市,太寺３丁目７番１０号,6730845
6140001138497,株式会社ｎｏｄａｃｈｉ,兵庫県,明石市,大久保町大窪６２３番地の７,6740051
6140001138687,株式会社和乃家,兵庫県,明石市,魚住町清水１１８番地の１,6740074
6140001139108,株式会社ＵＦＢ,兵庫県,明石市,魚住町清水２１４４番地サーパス明石土山７０３,6740074
6140001139280,大久保中央不動産株式会社,兵庫県,明石市,大久保町駅前１丁目１０番地の１７,6740058
6140001139917,株式会社オグラワークス,兵庫県,明石市,貴崎３丁目２１番２５−８０２号,6730037
6140001140247,ハッピースーベニア株式会社,兵庫県,明石市,西明石町５丁目１４番８号３階西,6730011
6140001140338,株式会社赤瀬築炉,兵庫県,明石市,大久保町谷八木１６３９番地メゾン・ド・エフＶ−３０３号,6740062
6140001140882,地球ホーム株式会社,兵庫県,明石市,硯町２丁目５番２−５０４号,6730028
6140001141765,株式会社デクタ,兵庫県,明石市,大久保町ゆりのき通２丁目５０−６−Ａ１１５,6740068
6140001142152,株式会社渡邉建設,兵庫県,明石市,材木町１６番２９号,6730893
6140001142540,株式会社かなみ,兵庫県,明石市,大久保町西脇６１６−１２,6740054
6140002030389,株式会社イワタ情報コンサルティング,兵庫県,明石市,二見町西二見１８番地の１９,6740094
6140002030496,株式会社明貨物流,兵庫県,明石市,魚住町清水字北沢１０８５番地,6740074
6140002031569,エヌズカンパニー株式会社,兵庫県,明石市,大久保町八木２２８番地の７,6740063
6140002031627,株式会社キャリア形成センター,兵庫県,明石市,大久保町大久保町３０１番地９,6740067
6140002031726,株式会社サンテック,兵庫県,明石市,魚住町中尾４２５番地の１,6740082
6140003005695,株式会社中村商会,兵庫県,明石市,本町２丁目５番５号プレステージ明石本町７０３号,6730892
6140003014515,ＮｅｘｔＨｏｍｅ株式会社,兵庫県,明石市,魚住町清水２２８７番地の４,6740074
6260001006320,丸正錦株式会社,兵庫県,明石市,西明石町４丁目７番１３号,6730011
7010001155182,スマートネットシステム株式会社,兵庫県,明石市,大久保町江井島３５８番地,6740064
7010401155897,株式会社ＳＰＩＮ,兵庫県,明石市,林崎町２丁目１番１２号,6730033
7011501015289,ＳＫエレクトロニクス株式会社,兵庫県,明石市,貴崎５丁目１０番１６号,6730037
7070001034546,株式会社ミッドワーク・ジャパン西日本,兵庫県,明石市,二見町西二見７５７番地の３,6740094
7120001009138,日生商会株式会社,兵庫県,明石市,貴崎３丁目１４番２８号,6730037
7120001048301,ヨシムラ産業株式会社,兵庫県,明石市,山下町９番２２号,6730878
7120001274715,株式会社東山学館,兵庫県,明石市,本町１丁目１番２４号,6730892
7140001004772,ディーホーム株式会社,兵庫県,明石市,西明石町５丁目１３番３２号,6730011
7140001018756,富士ハウス株式会社,兵庫県,明石市,東朝霧丘３３番１−７０８,6730854
7140001021495,株式会社トラベルウイズ,兵庫県,明石市,西明石町５丁目７番６号,6730011
7140001023351,株式会社アゲイン,兵庫県,明石市,本町１丁目２−３３興生ビル４Ｆ,6730892
7140001024069,株式会社エスネット,兵庫県,明石市,西明石南町３丁目４番４６−７０３号,6730041
7140001030579,株式会社栄建,兵庫県,明石市,二見町福里１０８番地の１４,6740091
7140001031107,グランデジョワ株式会社,兵庫県,明石市,朝霧南町２丁目１−１３,6730870
7140001033474,株式会社インフィニットループ,兵庫県,明石市,旭が丘１５番,6730002
7140001034381,明石市場商事株式会社,兵庫県,明石市,桜町５番１４号,6730885
7140001034407,明石測量設計株式会社,兵庫県,明石市,山下町６番３号,6730878
7140001034415,株式会社明石住建,兵庫県,明石市,大明石町１丁目２番３７号,6730891
7140001034423,明石地域振興開発株式会社,兵庫県,明石市,東仲ノ町６番１号,6730886
7140001034431,明石地所株式会社,兵庫県,明石市,本町２丁目６番１３号,6730892
7140001034480,アサヒ印刷株式会社,兵庫県,明石市,魚住町西岡１８６０番地の３,6740084
7140001034489,株式会社アンダーウッド,兵庫県,明石市,東人丸町３０番１７号,6730876
7140001034506,株式会社池内工務店,兵庫県,明石市,西明石南町１丁目５番１１号,6730041
7140001034514,石井電工株式会社,兵庫県,明石市,大久保町八木６６１−３,6740063
7140001034522,出雲流通株式会社,兵庫県,明石市,二見町南二見１７番地の１３,6740093
7140001034547,株式会社岩永工作所,兵庫県,明石市,材木町６番１３号,6730893
7140001034555,魚住造園土木株式会社,兵庫県,明石市,魚住町西岡２３９０番地,6740084
7140001034563,株式会社上林電気商会,兵庫県,明石市,魚住町西岡６２７番地の１,6740084
7140001034588,エーテック株式会社,兵庫県,明石市,二見町南二見２０番地１,6740093
7140001034605,エプソン商事株式会社,兵庫県,明石市,林崎町１丁目４−１６,6730033
7140001034621,株式会社円友興産,兵庫県,明石市,魚住町清水５２８番地の１２,6740074
7140001034638,大倉山ラジエーター株式会社,兵庫県,明石市,魚住町清水５２９番地の１,6740074
7140001034662,株式会社オカデン,兵庫県,明石市,二見町南二見２２番地の２２,6740093
7140001034679,株式会社カーサービス真砂,兵庫県,明石市,魚住町錦が丘１丁目１番地の５,6740081
7140001034687,株式会社環境清美,兵庫県,明石市,魚住町金ケ崎３５２番地の１,6740071
7140001034695,株式会社かずの,兵庫県,明石市,本町１丁目３番３号,6730892
7140001034704,神田株式会社,兵庫県,明石市,西新町３丁目２番２３号,6730023
7140001034712,株式会社ＫＨＣ,兵庫県,明石市,花園町２番地の２,6730015
7140001034720,株式会社かねと,兵庫県,明石市,藤江２０２９番地の１,6730044
7140001034745,川本リース株式会社,兵庫県,明石市,王子１丁目５番９号,6730022
7140001034753,株式会社菊修,兵庫県,明石市,桜町９番１９号,6730885
7140001034761,岸本石油販売株式会社,兵庫県,明石市,大久保町江井島１６９番地,6740064
7140001034786,株式会社キャッスルホテル,兵庫県,明石市,松の内２丁目２番地,6730016
7140001034811,株式会社スマイルペイ,兵庫県,明石市,大久保町大窪１７８７番地の１,6740051
7140001034828,高速通信関西販売株式会社,兵庫県,明石市,大明石町２丁目５番１−１００３号,6730891
7140001034836,神戸海運産業株式会社,兵庫県,明石市,港町１５番１０号,6730894
7140001034852,株式会社興和電機,兵庫県,明石市,魚住町住吉１丁目６番２３号,6740083
7140001034860,コットングローバル株式会社,兵庫県,明石市,天文町２丁目１番２０号,6730881
7140001034877,株式会社サンウインド,兵庫県,明石市,明南町２丁目５番２１号,6730001
7140001034893,株式会社坂口建築工務店,兵庫県,明石市,樽屋町２番９号,6730898
7140001034902,桜井鉱油株式会社,兵庫県,明石市,大久保町八木６５０番地の４,6740063
7140001034910,株式会社サンツァーズ,兵庫県,明石市,東野町２０４３番地の１５,6730844
7140001034927,株式会社三洋商事,兵庫県,明石市,鷹匠町４番８号,6730848
7140001034935,三和土地建物株式会社,兵庫県,明石市,樽屋町１番３１号,6730898
7140001034968,しなのや電機株式会社,兵庫県,明石市,大久保町大窪２４７番地,6740051
7140001034984,株式会社勝景園,兵庫県,明石市,相生町１丁目３番６号,6730882
7140001034992,株式会社信和,兵庫県,明石市,大蔵八幡町７番１１号,6730871
7140001035000,新和築炉工業株式会社,兵庫県,明石市,大久保町谷八木７７２番地,6740062
7140001035009,株式会社スマイルショット,兵庫県,明石市,和坂１１番３号生頼第１ビル１０１号室,6730012
7140001035025,泉寿産業株式会社,兵庫県,明石市,東人丸町１番４８号,6730876
7140001035033,株式会社セブンイワサ,兵庫県,明石市,野々上３丁目７番地の６,6730017
7140001035041,株式会社創味,兵庫県,明石市,二見町南二見１２番地の６,6740093
7140001035066,大新電気工業株式会社,兵庫県,明石市,田町２丁目５番７号,6730025
7140001035074,太平産業株式会社,兵庫県,明石市,樽屋町９番１６号,6730898
7140001035082,住宅の横綱大和建設株式会社,兵庫県,明石市,小久保２丁目１４番地の１,6730005
7140001035090,株式会社竹内冷機,兵庫県,明石市,松が丘北町１０９９番地の２,6730861
7140001035099,竹谷住宅株式会社,兵庫県,明石市,岬町２８番１２号,6730895
7140001035116,株式会社田代鉄工所,兵庫県,明石市,魚住町長坂寺３４２番地,6740072
7140001035124,株式会社タツミコーポレーション,兵庫県,明石市,松の内２丁目３番地の９,6730016
7140001035132,田中商事株式会社,兵庫県,明石市,和坂１２番地の４,6730012
7140001035140,株式会社田村加工所,兵庫県,明石市,二見町東二見１８６３番地の４,6740092
7140001035149,中部管業株式会社,兵庫県,明石市,船上町６番２０号,6730026
7140001035157,筒井運輸株式会社,兵庫県,明石市,魚住町西岡２４５１番地の２,6740084
7140001035165,株式会社ティー・エー・シー,兵庫県,明石市,松が丘２丁目２番６号,6730862
7140001035173,株式会社ディベロップ裕,兵庫県,明石市,大久保町大窪１９１番地の７,6740051
7140001035181,株式会社央,兵庫県,明石市,川崎町２番１３−２０３８号,6730014
7140001035198,東陽工運株式会社,兵庫県,明石市,魚住町鴨池８番の２１,6740073
7140001035207,東洋ライト株式会社,兵庫県,明石市,大久保町八木１４６番地,6740063
7140001035215,巴化学工業株式会社,兵庫県,明石市,硯町１丁目２番４号,6730028
7140001035223,株式会社豊田製樽所,兵庫県,明石市,魚住町中尾８５２番地,6740082
7140001035231,中岡工務店株式会社,兵庫県,明石市,小久保２丁目１０番地の７,6730005
7140001035248,株式会社中畑興業,兵庫県,明石市,魚住町清水字東岡南９７１−４,6740074
7140001035256,株式会社中山不動産,兵庫県,明石市,小久保３丁目１番地の１３,6730005
7140001035264,川本木材株式会社,兵庫県,明石市,硯町３丁目９番３１号,6730028
7140001035280,株式会社日光,兵庫県,明石市,中朝霧丘５番１７号,6730855
7140001035297,株式会社ニッショーシステムサービス,兵庫県,明石市,材木町７番３号,6730893
7140001035306,株式会社日本エアテツク,兵庫県,明石市,大久保町八木４９７番地の１,6740063
7140001035314,株式会社ニューコーワ,兵庫県,明石市,王子２丁目１２番５号,6730022
7140001035322,株式会社能村珈琲店,兵庫県,明石市,東仲ノ町１番２号,6730886
7140001035330,株式会社萩原林業,兵庫県,明石市,立石１丁目３番１号,6730032
7140001035339,株式会社橋本食販,兵庫県,明石市,魚住町西岡２３１３番地,6740084
7140001035347,埴渕鉄工株式会社,兵庫県,明石市,二見町南二見１０番６,6740093
7140001035355,林ガスライフ株式会社,兵庫県,明石市,南王子町２番１号,6730024
7140001035388,人丸土地建物株式会社,兵庫県,明石市,太寺１丁目１８番２０号,6730845
7140001035396,兵庫梱包株式会社,兵庫県,明石市,魚住町清水２７４８番地,6740074
7140001035413,株式会社平林商会,兵庫県,明石市,大久保町高丘３丁目１３番地の９,6740057
7140001035421,福栄整備株式会社,兵庫県,明石市,二見町南二見１６番９号,6740093
7140001035438,株式会社婦人服飾山本,兵庫県,明石市,本町１丁目８番７号,6730892
7140001035446,株式会社藤原鉄工所,兵庫県,明石市,林２丁目６番１０号,6730034
7140001035454,株式会社古源,兵庫県,明石市,藤江字三ッ池２０２９番地の１明石市公設地方卸売市場内,6730044
7140001035462,平成建設株式会社,兵庫県,明石市,鳥羽１５３５番地の２,6730003
7140001035470,豊國産業株式会社,兵庫県,明石市,大明石町１丁目２番３３号,6730891
7140001035479,株式会社マーベルコンピュータ,兵庫県,明石市,西明石南町１丁目１０番１３号,6730041
7140001035487,株式会社マスタッシュ,兵庫県,明石市,大久保町大窪２６０３番地の５２９,6740051
7140001035495,株式会社松下工務店,兵庫県,明石市,相生町２丁目７番２２号,6730882
7140001035504,丸榮日産株式会社,兵庫県,明石市,硯町３丁目３番８号,6730028
7140001035512,株式会社マルシンミート,兵庫県,明石市,魚住町西岡３２１番地の１,6740084
7140001035529,株式会社水田種苗園,兵庫県,明石市,大久保町大窪２５４０番地,6740051
7140001035537,株式会社ミネラルソフト,兵庫県,明石市,藤江２０２９番地の１明石市公設地方卸売市場内,6730044
7140001035545,株式会社宮野電気商会,兵庫県,明石市,硯町１丁目７番２３号,6730028
7140001035553,株式会社ムラタ,兵庫県,明石市,大道町１丁目１５番３号,6730029
7140001035561,株式会社明海興業,兵庫県,明石市,鍛治屋町６番２９号,6730884
7140001035578,株式会社すばる建設,兵庫県,明石市,魚住町清水１１３番地の１０,6740074
7140001035586,株式会社メイシュ,兵庫県,明石市,新明町１１番２６号,6730027
7140001035594,株式会社めい美,兵庫県,明石市,大久保町大窪２０９０番地の６,6740051
7140001035611,株式会社森田川魚店,兵庫県,明石市,藤江２０２８の５７,6730044
7140001035628,株式会社山源,兵庫県,明石市,大久保町八木３９４番地の７,6740063
7140001035636,大和製衡株式会社,兵庫県,明石市,茶園場町５番２２号,6730849
7140001035644,山福青果株式会社,兵庫県,明石市,藤江２０２９番地の１,6730044
7140001035652,友興建設株式会社,兵庫県,明石市,魚住町西岡５０５番地の５,6740084
7140001035660,株式会社陽進,兵庫県,明石市,鳥羽大東３４番１１４号,6730003
7140001035677,株式会社頼光,兵庫県,明石市,西明石北町３丁目５番８号,6730018
7140001035685,株式会社ラクール,兵庫県,明石市,茶園場町２番３４号,6730849
7140001035693,株式会社リーチ企画,兵庫県,明石市,相生町２丁目４番１０号,6730882
7140001035719,株式会社兼水,兵庫県,明石市,材木町６番５号,6730893
7140001035727,株式会社エー・アイ・エス,兵庫県,明石市,旭が丘１２番１６号ウイングヒル西明石Ａ棟１０３号,6730002
7140001035735,株式会社たなかビル,兵庫県,明石市,魚住町清水２２４１番地,6740074
7140001035743,株式会社川道家食品,兵庫県,明石市,二見町東二見４８２番地,6740092
7140001035776,永都産業株式会社,兵庫県,明石市,松の内１丁目１０番地の１２,6730016
7140001035784,大和鉄工株式会社,兵庫県,明石市,魚住町中尾４２５番地の１,6740082
7140001035792,サイバーコンサルティング株式会社,兵庫県,明石市,松の内１丁目８番２２−２０４号,6730016
7140001035801,ナショナル貿易株式会社,兵庫県,明石市,魚住町清水２３７８番地３,6740074
7140001035834,株式会社ヤブウチ保険事務所,兵庫県,明石市,大蔵町２４番２１号,6730872
7140001035842,和泉電気工業株式会社,兵庫県,明石市,魚住町金ケ崎３３６番地５,6740071
7140001035982,株式会社トーショー工務,兵庫県,明石市,魚住町清水５２８番地の１１,6740074
7140001035999,加古屋商事株式会社,兵庫県,明石市,本町１丁目８番１号,6730892
7140001036717,株式会社天聖ピースワールド,兵庫県,明石市,朝霧町２丁目４番１７号,6730866
7140001036725,株式会社武貞興業,兵庫県,明石市,大久保町大窪８９９番地の１,6740051
7140001036733,株式会社伸起産業,兵庫県,明石市,魚住町西岡２０９４−２,6740084
7140001036857,株式会社平和之礎,兵庫県,明石市,大蔵町２６番３号,6730872
7140001036907,株式会社ＫＹサポート,兵庫県,明石市,大久保町江井島７６４番地の１,6740064
7140001036915,株式会社ヒューマンネット,兵庫県,明石市,魚住町清水２３７番地の９,6740074
7140001036931,株式会社リード,兵庫県,明石市,大道町１丁目１６番１号,6730029
7140001036948,株式会社明石内燃機製作所,兵庫県,明石市,港町６番３号,6730894
7140001036964,株式会社神明住建,兵庫県,明石市,小久保５丁目２番地の１１岸ビル１階,6730005
7140001036972,株式会社蕾工作所,兵庫県,明石市,大久保町八木４２６番地の２０,6740063
7140001036980,ウエムラ技研株式会社,兵庫県,明石市,二見町南二見１１番地の９,6740093
7140001037013,株式会社オフィスＦ＆Ｒ,兵庫県,明石市,大久保町大久保町８番地小川ビル４階,6740067
7140001037021,株式会社チーロ,兵庫県,明石市,天文町２丁目２番４６号,6730881
7140001037046,株式会社ネクサス,兵庫県,明石市,二見町福里７番地の３,6740091
7140001037054,株式会社森田鉄工所,兵庫県,明石市,二見町南二見１８番地の５,6740093
7140001037070,株式会社妹尾組,兵庫県,明石市,朝霧山手町１４番１２号,6730853
7140001037079,株式会社ライフネット兵庫,兵庫県,明石市,二見町東二見７７８番地１,6740092
7140001037095,株式会社マリン神戸,兵庫県,明石市,大久保町江井島１３０４番地の７,6740064
7140001037104,株式会社ＳＨＭ＆Ｊ,兵庫県,明石市,魚住町錦が丘３丁目２０番地の２３,6740081
7140001037137,株式会社ＷＡＲａＲａ,兵庫県,明石市,太寺大野町２７０７番地１６,6730843
7140001037145,株式会社もとペッツ,兵庫県,明石市,魚住町西岡４７４番９号川井ビル１階,6740084
7140001037153,株式会社丸山,兵庫県,明石市,松が丘北町３７７３番地の５,6730861
7140001037161,株式会社真成建設,兵庫県,明石市,西明石町５丁目２番１２号,6730011
7140001037194,株式会社建商,兵庫県,明石市,太寺４丁目４番５３号太寺共栄ハイツ２０４,6730845
7140001037211,株式会社フェニックスサービス,兵庫県,明石市,大久保町西島５１１番地,6740065
7140001037228,トラスト不動産流通株式会社,兵庫県,明石市,別所町１番８号,6730038
7140001037236,クリーンビューティー株式会社,兵庫県,明石市,西新町１丁目３番４号,6730023
7140001037244,株式会社優繕,兵庫県,明石市,藤江８８８番地の３８,6730044
7140001037252,株式会社高木商店,兵庫県,明石市,相生町２丁目１０番４号,6730882
7140001037269,株式会社レモン,兵庫県,明石市,二見町西二見１８番地の７５,6740094
7140001037277,株式会社神姫住宅産業,兵庫県,明石市,藤江１０５４番地の７,6730044
7140001037285,株式会社美和パーツ,兵庫県,明石市,松の内２丁目８番８号フルーレゾン西明石３０６号,6730016
7140001037319,株式会社ｆ・ｆコーポレーション,兵庫県,明石市,魚住町錦が丘１丁目１１番地の１３,6740081
7140001037327,株式会社橋本商会,兵庫県,明石市,大久保町江井島４６７番地,6740064
7140001037335,株式会社明石営繕,兵庫県,明石市,松江４３番地の３,6730036
7140001037343,株式会社ふくふく,兵庫県,明石市,別所町６番１４号山本ハイツ５０２号,6730038
7140001037351,株式会社プラス・サムシステムズ,兵庫県,明石市,二見町西二見７０４番地の５２,6740094
7140001037426,株式会社Ｍｏｂｉｌｉｔｉｅｚ,兵庫県,明石市,大明石町１丁目１２番３号,6730891
7140001037434,株式会社オーシャン,兵庫県,明石市,花園町１番地１２,6730015
7140001037442,株式会社バンテック,兵庫県,明石市,二見町福里３６番地の３,6740091
7140001037475,株式会社クラウドセブン,兵庫県,明石市,大久保町駅前１丁目１０−３おぎのビルＩＩ２Ｆ,6740058
7140001037500,株式会社ティーサポート,兵庫県,明石市,魚住町西岡５００番地の２５,6740084
7140001037509,株式会社バイオマス・グリーン,兵庫県,明石市,上ノ丸２丁目１１番４６号,6730846
7140001037517,株式会社進協,兵庫県,明石市,魚住町西岡１９２８番地の３,6740084
7140001037525,ブリジットホーム株式会社,兵庫県,明石市,大久保町西脇６２２番地の１,6740054
7140001037533,株式会社ティースリー,兵庫県,明石市,西明石南町２丁目３番７−２０２号,6730041
7140001037541,株式会社テクノシンセイ,兵庫県,明石市,二見町東二見１５００番６,6740092
7140001037558,株式会社安上工務店,兵庫県,明石市,魚住町住吉１丁目１１番１６号,6740083
7140001037574,株式会社い乃うえ,兵庫県,明石市,別所町９番３２−１０１号,6730038
7140001037624,株式会社スプラウト,兵庫県,明石市,太寺大野町２６６０番地の４,6730843
7140001037649,株式会社新浜,兵庫県,明石市,鍛治屋町４番２８号,6730884
7140001037723,株式会社味工房,兵庫県,明石市,大久保町大久保町１１１１番地,6740067
7140001037748,株式会社アレス,兵庫県,明石市,樽屋町７番２２号,6730898
7140001037756,株式会社ＧＯＬＦＢＲＩＤＧＥ,兵庫県,明石市,藤江１１０６番地の６１,6730044
7140001037764,ジェイ・トレイ株式会社,兵庫県,明石市,樽屋町８−３４,6730898
7140001037780,株式会社旭建電,兵庫県,明石市,小久保３丁目９−１,6730005
7140001037797,株式会社ジュエル・フラワーズ,兵庫県,明石市,魚住町清水２２０５,6740074
7140001037806,株式会社エース,兵庫県,明石市,相生町２丁目１１−９,6730882
7140001037822,株式会社雅,兵庫県,明石市,魚住町清水１５５０番地の３９,6740074
7140001037863,株式会社ヤマショウ,兵庫県,明石市,新明町１３番２６号,6730027
7140001037888,株式会社三和技研,兵庫県,明石市,本町１丁目１−２４大日明石本町ビル６０４,6730892
7140001037913,株式会社ＷＯＲＬＤ　ＳＵＰＰＯＲＴ,兵庫県,明石市,魚住町清水２２０４番地の６ゴールドウッズ土山ＢＬＤＧ２Ｆ,6740074
7140001037946,株式会社相続不動産コンサルティング,兵庫県,明石市,魚住町金ケ崎１６０８番地の１２３,6740071
7140001037954,株式会社マルシュウ,兵庫県,明石市,大久保町高丘４丁目３番地の１８,6740057
7140001037962,ＫＥＮＬＹＮ株式会社,兵庫県,明石市,樽屋町８番３４号大同生命明石ビル５階,6730898
7140001037970,カドタ商事株式会社,兵庫県,明石市,本町２丁目８番２４−６０３号,6730892
7140001037979,株式会社リフォース,兵庫県,明石市,二見町西二見駅前３丁目８６番地,6740095
7140001037987,ｅｍｉｌｅ　ｓｏｌｕｔｉｏｎｓ株式会社,兵庫県,明石市,林崎町３丁目５０２番地の３７,6730033
7140001038011,株式会社伊井工務店,兵庫県,明石市,魚住町金ケ崎３７５−１,6740071
7140001038028,株式会社サテライト,兵庫県,明石市,西明石北町２丁目２番２１号,6730018
7140001042319,ホームランド２４株式会社,兵庫県,明石市,大久保町高丘１丁目３番地の１,6740057
7140001042368,株式会社Ｍ’ｓ電機,兵庫県,明石市,大久保町西島１８４番地の１−１２２号,6740065
7140001046063,株式会社オアシス,兵庫県,明石市,西明石西町２丁目１３番１１号,6730049
7140001057011,株式会社Ｓｅｒｅｎｄｉ　Ｐｉｔｙ,兵庫県,明石市,貴崎３丁目２番１,6730037
7140001057060,株式会社川上新聞舗,兵庫県,明石市,魚住町錦が丘１丁目１１番地の１７,6740081
7140001057135,株式会社藤本建設,兵庫県,明石市,大久保町松陰７２番地の１６,6740053
7140001057408,株式会社カメムラ企画室,兵庫県,明石市,太寺４丁目１６番１２号,6730845
7140001067522,株式会社ＮＯＴＩＡ,兵庫県,明石市,小久保５丁目１０番地の３西明石グランドハイツ１０１号,6730005
7140001067720,カワサキロボットサービス株式会社,兵庫県,明石市,川崎町１番１号,6730014
7140001077827,明晴株式会社,兵庫県,明石市,西明石西町２丁目７番３５号モリーズ西明石４０２号,6730049
7140001086448,明神総設株式会社,兵庫県,明石市,旭が丘２１番３１号,6730002
7140001086514,株式会社明舞,兵庫県,明石市,大蔵町２０番６号,6730872
7140001086836,株式会社明石解体,兵庫県,明石市,大久保町大久保町５０７番地の１０,6740067
7140001086935,株式会社リトラリーワークス,兵庫県,明石市,林３丁目６番８号,6730034
7140001086968,株式会社三優,兵庫県,明石市,魚住町清水２４２６−５,6740074
7140001087347,株式会社Ｋ−ｒｅａｌｉｚｅ,兵庫県,明石市,田町２丁目５番７号,6730025
7140001087396,株式会社ヴィーナススピリット,兵庫県,明石市,明南町２丁目８番９号,6730001
7140001087677,株式会社ギンエイ,兵庫県,明石市,二見町東二見６４３番地１−３０８,6740092
7140001088948,株式会社シックスベイ,兵庫県,明石市,松の内２丁目２番地,6730016
7140001089814,株式会社ティアック,兵庫県,明石市,朝霧南町４丁目１０番９号,6730870
7140001090152,株式会社Ｒｅｉｒ,兵庫県,明石市,小久保２丁目６番６号,6730005
7140001090904,Ｍーテック株式会社,兵庫県,明石市,小久保２丁目１番４号コトブキビル３階,6730005
7140001091282,株式会社いなにく,兵庫県,明石市,二見町西二見２００１番地の１８土山駅前スカイハイツＣ−４０７号,6740094
7140001091489,クリア株式会社,兵庫県,明石市,田町１丁目４番１５号,6730025
7140001092314,安全自動車工業株式会社,兵庫県,明石市,大久保町谷八木字溝向イ６８６番１,6740062
7140001092611,株式会社じん力,兵庫県,明石市,魚住町住吉２丁目９番２２号,6740083
7140001093114,みなと不動産株式会社,兵庫県,明石市,東仲ノ町１０番１８号みなとビル明石東仲ノ町６階,6730886
7140001095011,ＪＢＳ株式会社,兵庫県,明石市,大久保町大久保町５９３番６,6740067
7140001095077,アクティブ株式会社,兵庫県,明石市,魚住町金ケ崎１４４２番地の３,6740071
7140001095424,株式会社ヒマワリ,兵庫県,明石市,船上町９番５２号,6730026
7140001095688,フリーフロムケア株式会社,兵庫県,明石市,大蔵中町２０番２号,6730873
7140001095878,株式会社Ｕｎｏ　Ｖｅｌｌｅｚｚａ,兵庫県,明石市,大久保町大窪２５２９−３,6740051
7140001096182,株式会社成総業,兵庫県,明石市,大久保町高丘３丁目１５番地の２６,6740057
7140001096744,神戸マテリア株式会社,兵庫県,明石市,魚住町中尾８３１番地,6740082
7140001096942,株式会社アクティックス,兵庫県,明石市,魚住町西岡９９３番地の２,6740084
7140001097073,株式会社ｂｉｓ,兵庫県,明石市,東人丸町４番１号,6730876
7140001097123,株式会社フジホールディングス,兵庫県,明石市,魚住町金ケ崎字岩が岡１６０２の２,6740071
7140001097255,株式会社丸福,兵庫県,明石市,和坂１丁目１２番２５号,6730012
7140001097684,株式会社岡野組,兵庫県,明石市,藤江２０２８番地の３２,6730044
7140001097734,ダイオーテック株式会社,兵庫県,明石市,大久保町江井島８４６番地の１２,6740064
7140001098393,株式会社レディバードプロモーション,兵庫県,明石市,魚住町西岡字新々田２２０８−４１,6740084
7140001098872,株式会社前清,兵庫県,明石市,魚住町金ケ崎９２２番地,6740071
7140001099037,株式会社幸和,兵庫県,明石市,小久保６丁目８番地の８,6730005
7140001099152,エステート丁子株式会社,兵庫県,明石市,林崎町１丁目１番２１号,6730033
7140001099714,小林建築設計株式会社,兵庫県,明石市,西朝霧丘９番２１号,6730856
7140001099821,株式会社スカイシー,兵庫県,明石市,藤江８９１番地,6730044
7140001100282,株式会社日本料理京,兵庫県,明石市,藤江３１３番地の１岸本マンション５Ｂ,6730044
7140001100423,株式会社ＴＯＭＴＯＭ倶楽部,兵庫県,明石市,藤が丘２丁目９番１２号,6730046
7140001100514,株式会社そわか,兵庫県,明石市,貴崎３丁目２１番１０−２０１号,6730037
7140001100547,サキノエンジニアリング株式会社,兵庫県,明石市,魚住町住吉２丁目３番１８号,6740083
7140001100596,株式会社由梨ファミリー,兵庫県,明石市,大蔵八幡町６番１０号,6730871
7140001102428,アイリス株式会社,兵庫県,明石市,大久保町大窪１７９７番地２,6740051
7140001102477,株式会社ＮＡＫＡＧＵＣＨＩ　ｃｏｍｍｅｒｃｉａｌ　ｒｅｐｒｅｓｅｎｔａｔｉｏｎ,兵庫県,明石市,大久保町駅前２丁目２番地の１５、２−Ｂ,6740058
7140001103062,株式会社ＨｉＴカンパニー,兵庫県,明石市,松江７５９番地の１２,6730036
7140001103178,株式会社アンデルセンプリュス,兵庫県,明石市,二見町西二見８９番地の７兵庫二見ビル１０５−Ｂ−１,6740094
7140001103302,ウイングッド株式会社,兵庫県,明石市,大久保町駅前２丁目７番地の７−１０２号,6740058
7140001103392,青空ライフデザイン株式会社,兵庫県,明石市,大久保町駅前２丁目８番地の１２,6740058
7140001103426,希望発電株式会社,兵庫県,明石市,天文町２丁目６番７号,6730881
7140001103608,株式会社エムビープラス,兵庫県,明石市,大久保町西脇３５０番地の１,6740054
7140001104201,株式会社ＩＢＮ,兵庫県,明石市,魚住町西岡５０４番地の２１、２０５号,6740084
7140001106222,株式会社修照会,兵庫県,明石市,大久保町高丘３丁目１２番地の７,6740057
7140001106478,肥塚正株式会社,兵庫県,明石市,魚住町清水２３４７番地の２,6740074
7140001106602,ひとみＳｔｙｌｅ株式会社,兵庫県,明石市,大明石町１丁目９番７号錦江マンション２０１,6730891
7140001106750,株式会社ＴＡＫＡＴＳＵＫＩ,兵庫県,明石市,太寺大野町２６５９,6730843
7140001106775,株式会社テレプロ,兵庫県,明石市,松の内２丁目１番地８−２０２号,6730016
7140001106965,株式会社ヒサホーム,兵庫県,明石市,野々上２丁目１番地の９セトルアスカ西明石１０２号,6730017
7140001107377,８不動産株式会社,兵庫県,明石市,小久保５丁目１１−１１,6730005
7140001107419,株式会社みこそ,兵庫県,明石市,大明石町２丁目６番３号,6730891
7140001108334,株式会社南野,兵庫県,明石市,大久保町大窪１６９番地の１,6740051
7140001108474,株式会社ＦＯＰＥ,兵庫県,明石市,大久保町大久保町４４９−４,6740067
7140001108739,三浦電機株式会社,兵庫県,明石市,魚住町錦が丘１丁目１１番地１４,6740081
7140001109299,株式会社ａｎｅｌａ,兵庫県,明石市,大久保町わかば３番２３号,6740069
7140001109365,株式会社ウィズホーム,兵庫県,明石市,西明石北町３丁目１２番８号,6730018
7140001109712,エル・サッスーン株式会社,兵庫県,明石市,大蔵中町３−１０,6730873
7140001110554,エバーハウジング株式会社,兵庫県,明石市,大久保町駅前２丁目８−１４,6740058
7140001110819,株式会社わたぼうし,兵庫県,明石市,大久保町大窪５９８番地の１,6740051
7140001110892,阪神ケアミール株式会社,兵庫県,明石市,魚住町清水１２６１番地の３５,6740074
7140001111131,株式会社コザキ,兵庫県,明石市,大久保町大久保町１１１１番地、１００９号,6740067
7140001111247,株式会社カンパニー８０８,兵庫県,明石市,藤江２０２９−１明石市公設地方卸売市場Ｂ棟４号,6730044
7140001111783,株式会社ウル,兵庫県,明石市,大久保町大久保町１９２番地の２シャーメゾンガーデンズ・ウル３０５号,6740067
7140001111874,株式会社中山工務店,兵庫県,明石市,大久保町松陰７４番地の１,6740053
7140001112204,株式会社山崎電設,兵庫県,明石市,魚住町住吉２丁目１０番５号,6740083
7140001112377,株式会社神戸新聞明石販売,兵庫県,明石市,本町１丁目１２番２０号,6730892
7140001112484,明石海産物株式会社,兵庫県,明石市,二見町西二見９０７番地,6740094
7140001112674,株式会社レミントンホテルズ,兵庫県,明石市,鍛治屋町四丁目２０番,6730884
7140001113367,ＨＩＲＯ企画株式会社,兵庫県,明石市,大久保町大窪１０１９番地,6740051
7140001113383,優建グループジャパン株式会社,兵庫県,明石市,魚住町清水４３７番地２,6740074
7140001113821,株式会社Ｇ・Ｉサークル,兵庫県,明石市,東人丸町２２番５号,6730876
7140001113862,株式会社希凛,兵庫県,明石市,本町１丁目２番１５号,6730892
7140001114646,魚住土地開発株式会社,兵庫県,明石市,魚住町西岡５０５番地の３０,6740084
7140001114984,アルファケアサプライ株式会社,兵庫県,明石市,二見町西二見４４番地の５ウエステージ明石四番館１０３号,6740094
7140001115149,株式会社Ｏｆｆｉｃｅ　Ｎｅｏ,兵庫県,明石市,魚住町金ケ崎宮ノ前７４７番１,6740071
7140001115982,株式会社ＭＹＦ,兵庫県,明石市,野々上２丁目１１番地の５波賀ハイツ３０１号,6730017
7140001116155,アプリーレ株式会社,兵庫県,明石市,沢野３丁目２番地の６,6730008
7140001116394,株式会社サイドコネクト,兵庫県,明石市,小久保１丁目１番地の１６マルベリービル３０５号室,6730005
7140001116980,エイトナイン株式会社,兵庫県,明石市,山下町１３番１２号,6730878
7140001117013,明神フード株式会社,兵庫県,明石市,藤江字三ツ池２０２９−１,6730044
7140001117120,株式会社ＶＩＳＴＡ,兵庫県,明石市,二見町東二見１９５７番地,6740092
7140001117252,株式会社ＣＲＫサービス,兵庫県,明石市,大久保町谷八木１５７５番地,6740062
7140001117913,株式会社ゾネブルム,兵庫県,明石市,大蔵町２４番２４号,6730872
7140001118589,藤尾管財株式会社,兵庫県,明石市,鷹匠町１３番１０号,6730848
7140001118721,リベロ株式会社,兵庫県,明石市,大明石町２丁目２番１７号,6730891
7140001119257,ＵＮＳＵＮＧ株式会社,兵庫県,明石市,大蔵町６番３−３０４号,6730872
7140001119595,株式会社ＴＡＫＥ,兵庫県,明石市,大明石町２丁目３番９−８０２号,6730891
7140001119711,株式会社ＫＡＩＦＵ,兵庫県,明石市,大久保町茜２丁目２番１７号,6740059
7140001120149,株式会社プラシーヌ,兵庫県,明石市,東野町２０９６−６−２０３,6730844
7140001120421,株式会社クアンバット,兵庫県,明石市,大久保町高丘４丁目２番地の６,6740057
7140001120470,カワサキモータース株式会社,兵庫県,明石市,川崎町１番１号,6730014
7140001120529,シュワハウジング株式会社,兵庫県,明石市,大久保町大久保町１２１０番地１階,6740067
7140001121345,株式会社アンパサンド,兵庫県,明石市,松の内２丁目６番地の４高免ビル３０２号,6730016
7140001121477,中井不動産株式会社,兵庫県,明石市,魚住町錦が丘４丁目１２番地の４,6740081
7140001121650,株式会社海蓮丸水産,兵庫県,明石市,材木町１７番７号,6730893
7140001122161,ＲＨＳ株式会社,兵庫県,明石市,大久保町西島１１２８番地の１９,6740065
7140001122236,株式会社カツヒロテック,兵庫県,明石市,大久保町江井島字池下９５８−１,6740064
7140001122475,株式会社ＧＲＯＷ,兵庫県,明石市,王子２丁目７番５号,6730022
7140001123564,株式会社Ａｏｌｉｃｏ,兵庫県,明石市,大久保町大窪２６２０番地５１０,6740051
7140001123606,江木不動産流通株式会社,兵庫県,明石市,鍛治屋町４番８号,6730884
7140001123993,株式会社ＢｉｇＪｏ,兵庫県,明石市,貴崎１丁目９番６号,6730037
7140001124439,株式会社ゴールドダイナー,兵庫県,明石市,松の内２丁目６番地の２アルファステイツ西明石駅１５０１号,6730016
7140001124604,王子土地株式会社,兵庫県,明石市,西王子町二丁目５番地,6730000
7140001124711,株式会社エフズ,兵庫県,明石市,明南町２丁目１０番１３号,6730001
7140001124744,株式会社アクティブコネクト,兵庫県,明石市,天文町１丁目７番８号,6730881
7140001125346,株式会社よしむら総合コンサルティング,兵庫県,明石市,松の内２丁目６番地の２アルファステイツ西明石駅８０１号,6730016
7140001125395,株式会社土地いえＬａｂｏ,兵庫県,明石市,魚住町清水２２４１山榮ビル２０４号室,6740074
7140001125874,株式会社ＮＵＴ　ＨＹＯＵＧＯ,兵庫県,明石市,魚住町錦が丘４丁目１３番地の８,6740081
7140001126922,株式会社大有林,兵庫県,明石市,樽屋町１５番１７号２０２,6730898
7140001127169,株式会社ＡＨラボ,兵庫県,明石市,魚住町錦が丘３丁目９番地の１０第二ＮＳビル,6740081
7140001127243,株式会社Ｓ‐ｆｉｘ,兵庫県,明石市,二見町福里１１６番地の１９,6740091
7140001127409,株式会社ＳＫＮ,兵庫県,明石市,大久保町西脇３８９番地の１５,6740054
7140001127714,リブラコミュニケーションズ株式会社,兵庫県,明石市,田町２丁目９番２号,6730025
7140001128118,株式会社あきら住設,兵庫県,明石市,藤江９５２番地アルファステイツ西明石２０２号,6730044
7140001129966,株式会社Ｐｏｒｔ　Ｖｉｓｔａ,兵庫県,明石市,大久保町ゆりのき通２丁目５０番地の６Ｂ棟１４０８号,6740068
7140001130115,株式会社新香苑,兵庫県,明石市,新明町９番３７号,6730027
7140001130239,株式会社美彩紀,兵庫県,明石市,二見町東二見１４９３番地の５,6740092
7140001130288,Ｂｒｉｇｈｔ　Ｓｔｏｎｅ株式会社,兵庫県,明石市,本町１丁目２−３３興生ビル４Ｆ,6730892
7140001130560,西神戸金属株式会社,兵庫県,明石市,二見町福里５２１番地の１１,6740091
7140001130809,株式会社ビーエス創建,兵庫県,明石市,魚住町西岡２３０８番地の１０,6740084
7140001131187,株式会社ＣＯＮＥＣＴＡＲ,兵庫県,明石市,野々上１丁目１２番地の２０サンルミナス１階,6730017
7140001131484,株式会社小松電空設備,兵庫県,明石市,大久保町高丘６丁目１７番地の７,6740057
7140001132185,株式会社ｈａｊｕｎａ,兵庫県,明石市,大久保町松陰８５７番地の１４,6740053
7140001132193,株式会社縁武,兵庫県,明石市,旭が丘２−５−１０３,6730002
7140001132227,ひょうご不動産販売株式会社,兵庫県,明石市,野々上３丁目１４番地の２,6730017
7140001132284,株式会社ＪＵＮ,兵庫県,明石市,大久保町大窪４９２番地の２,6740051
7140001132301,榮川住設株式会社,兵庫県,明石市,二見町西二見駅前３丁目６２−１,6740095
7140001132508,桜Ｒｅｆｏｒｍ株式会社,兵庫県,明石市,藤が丘２丁目６番５号,6730046
7140001133373,Ｌ　Ｄｉｎｉｎｇ株式会社,兵庫県,明石市,桜町１４−１９ＫＵＫＩビル１Ｆ,6730885
7140001133415,株式会社あっぷ,兵庫県,明石市,朝霧南町４丁目４番１７号,6730870
7140001133646,株式会社如月リトレＭＦＹ,兵庫県,明石市,小久保６丁目８−１２,6730005
7140001133877,株式会社住建プラン,兵庫県,明石市,小久保２丁目６番地の６,6730005
7140001133935,株式会社神戸解体工業,兵庫県,明石市,大久保町大窪２７２６番地の３,6740051
7140001134041,株式会社ＭＩペイント,兵庫県,明石市,藤江８９１−１２０,6730044
7140001134132,協和不動産株式会社,兵庫県,明石市,王子１丁目５番９号,6730022
7140001134157,株式会社アドバンスト,兵庫県,明石市,大久保町西島８３９番地の１,6740065
7140001134470,株式会社ｂｅ　Ａｒｔｉｓｔ,兵庫県,明石市,朝霧東町３丁目６番４３号,6730860
7140001134743,株式会社ファイン,兵庫県,明石市,魚住町中尾２５０番地４,6740082
7140001135155,株式会社スマイルサポート住宅,兵庫県,明石市,魚住町住吉４丁目５番１２号,6740083
7140001135386,株式会社ｈＮＫ,兵庫県,明石市,桜町５−１０ヴェルビュ桜町４０７号室,6730885
7140001135452,株式会社ＥＮＥＲＡＴＥ,兵庫県,明石市,樽屋町２２−８,6730898
7140001135527,株式会社スロープ・ライフ,兵庫県,明石市,小久保２丁目７−９−４０７,6730005
7140001135907,株式会社田島工務店,兵庫県,明石市,西明石西町２丁目８番１０号サーパス西明石１０４号,6730049
7140001136450,株式会社Ｃ３Ｇ,兵庫県,明石市,大久保町駅前２丁目６番４号１階,6740058
7140001136789,株式会社タカツキベース,兵庫県,明石市,東人丸町９番２３号３０４,6730876
7140001137143,株式会社ＨＫＴ,兵庫県,明石市,松江９１番地,6730036
7140001137201,ＴＫＮ株式会社,兵庫県,明石市,小久保３丁目４番地の１２,6730005
7140001137291,株式会社バリューサービス＆エンジニアリング,兵庫県,明石市,魚住町清水２１９７番地の１プレミスト明石土山１０４号,6740074
7140001137531,株式会社ＲｅＢＯＲＮ,兵庫県,明石市,小久保８−６ＮＯＢＳＯＮ西明石１階,6730005
7140001137606,Ａ’Ｌｉｖｅ株式会社,兵庫県,明石市,田町１丁目９−１６−５０２,6730025
7140001138488,株式会社ウェルビーイング,兵庫県,明石市,大久保町江井島７９３番地の１ウェルビーイング２０１,6740064
7140001139040,株式会社Ｒｅｕｔｅｒ,兵庫県,明石市,二見町西二見１０３７番地,6740094
7140001139379,株式会社Ｌｕｃｅ,兵庫県,明石市,魚住町金ケ崎１１６４番地の１９,6740071
7140001140279,株式会社Ｎ．,兵庫県,明石市,貴崎３丁目１６番１２号,6730037
7140001140444,株式会社優,兵庫県,明石市,二見町西二見７５９番地の１,6740094
7140001140790,株式会社Ｓｕｓｔａｉｎａｂｌｅ　Ｐａｒｔｎｅｒｓ,兵庫県,明石市,中崎２丁目４番１号明石アーバンライフ２０７,6730883
7140001140799,株式会社セブンスリー,兵庫県,明石市,魚住町錦が丘４丁目６番地３号サンワールド３０１,6740081
7140001140923,Ｔｏｔｏｒｏｎｏ株式会社,兵庫県,明石市,大久保町駅前１丁目５番地の８晏如ビル５０２,6740058
7140001140980,さくら不動産株式会社,兵庫県,明石市,大久保町八木４０８番地の７,6740063
7140001141384,株式会社山田組,兵庫県,明石市,朝霧町３丁目１番２１号,6730866
7140001142259,ホリ・プラントテック株式会社,兵庫県,明石市,樽屋町８番３４号,6730898
7140002028291,株式会社荒木商店,兵庫県,明石市,藤江字三ツ池２０２８番地の１２,6730044
7140002029067,株式会社ミキクリーン,兵庫県,明石市,大久保町大窪１３７２番地の１,6740051
7140002052424,株式会社ＩＳＭ,兵庫県,明石市,藤江９８３番地の１アーヴェイン西明石２１０号,6730044
7140003008532,グッドフェローズ株式会社,兵庫県,明石市,小久保６丁目７番地の１６プレステージ西明石ＶＩ−４０３号,6730005
7140003017533,株式会社ケイ・ロジック,兵庫県,明石市,大久保町大窪４３８番地の８,6740051
7150001000878,株式会社富由,兵庫県,明石市,大久保町駅前２丁目１０番地の１６,6740058
7260001009165,株式会社ＪＡＰＡＣＯＣＯ,兵庫県,明石市,朝霧台３７７６番地の１２,6730852
8010001199443,株式会社日本キュアシード,兵庫県,明石市,本町１丁目２番３３号,6730892
8120001142854,株式会社エフグリーン,兵庫県,明石市,大久保町大窪３８５番地,6740051
8120001182454,株式会社ファクトディール,兵庫県,明石市,朝霧南町４丁目１７番４０号,6730870
8120001248321,株式会社トムマリンＬａｂ,兵庫県,明石市,魚住町中尾２６７−６,6740082
8120101062291,株式会社ＭｅｄｉｃａｌＧｒｏｏｖｅ,兵庫県,明石市,西明石北町３丁目２２番２号,6730018
8140001013896,阪神コンピューター販売株式会社,兵庫県,明石市,大久保町わかば２３番１８号,6740069
8140001016528,富澤通信建設株式会社,兵庫県,明石市,朝霧山手町１１番２３号,6730853
8140001018433,株式会社三和商会,兵庫県,明石市,松が丘２丁目３番７号,6730862
8140001018540,株式会社大黒屋商亊,兵庫県,明石市,大久保町八木１１０番地の１,6740063
8140001022113,株式会社神共物産,兵庫県,明石市,松の内２丁目８番８号,6730016
8140001026072,神戸住宅販売株式会社,兵庫県,明石市,樽屋町１５番１７号,6730898
8140001029505,株式会社エクセラート,兵庫県,明石市,鍛治屋町４番２３号エクセラート明石４０１号,6730884
8140001034050,株式会社ネクサス,兵庫県,明石市,朝霧南町１丁目１８０番地の１,6730870
8140001034389,株式会社明石ケーブルテレビ,兵庫県,明石市,本町２丁目１番１号,6730892
8140001034397,明石昆布株式会社,兵庫県,明石市,大蔵町２３番１８号,6730872
8140001034414,明石商運株式会社,兵庫県,明石市,大久保町大窪字戌亥谷２９１２番地,6740051
8140001034422,株式会社明石第一物産,兵庫県,明石市,藤江２０２９番地の１,6730044
8140001034430,明石タクシー株式会社,兵庫県,明石市,西新町３丁目２番２３号,6730023
8140001034447,明石ブルワリー株式会社,兵庫県,明石市,大久保町西島１１９４番地,6740065
8140001034455,株式会社明石屋,兵庫県,明石市,本町１丁目１２番１３号,6730892
8140001034463,株式会社アイセル,兵庫県,明石市,松の内２丁目３番９号,6730016
8140001034488,株式会社アズマホーム,兵庫県,明石市,魚住町錦が丘３丁目２２番地の３１,6740081
8140001034496,株式会社アベ家具サロン,兵庫県,明石市,大久保町大窪１７４１番地の１,6740051
8140001034513,株式会社石井慶二商店,兵庫県,明石市,二見町東二見８４１番地の６,6740092
8140001034538,株式会社いばらき,兵庫県,明石市,魚住町西岡１８６０番地の１,6740084
8140001034546,岩根工業株式会社,兵庫県,明石市,二見町福里６９番地の１６,6740091
8140001034554,魚住倉庫株式会社,兵庫県,明石市,魚住町清水９８６番地,6740074
8140001034562,株式会社魚秀,兵庫県,明石市,本町１丁目４番３号,6730892
8140001034579,株式会社永倖住建,兵庫県,明石市,貴崎３丁目２１番１０号,6730037
8140001034587,株式会社エイト建設,兵庫県,明石市,魚住町西岡２０７５番地の２７,6740084
8140001034595,株式会社エス・エム・エンジニアリング,兵庫県,明石市,大久保町八木５９７番地,6740063
8140001034612,株式会社エム・ケー・ロジテック,兵庫県,明石市,二見町南二見２１番地の１,6740093
8140001034629,株式会社大枝ビル,兵庫県,明石市,西新町２丁目７番１号,6730023
8140001034653,株式会社大棟工藝,兵庫県,明石市,上ノ丸３丁目１２番１３号,6730846
8140001034678,小原産業株式会社,兵庫県,明石市,魚住町長坂寺４４３番地の７,6740072
8140001034686,株式会社柿野工務店,兵庫県,明石市,北王子町３番５号,6730021
8140001034694,株式会社果実前川,兵庫県,明石市,藤江２０２９番地の１,6730044
8140001034703,柏木油販株式会社,兵庫県,明石市,小久保２丁目９番地の１,6730005
8140001034711,株式会社勝正建設,兵庫県,明石市,川崎町２番１１−７０５号,6730014
8140001034728,株式会社カネミツ,兵庫県,明石市,大蔵本町２０番２６号,6730874
8140001034736,川崎油工株式会社,兵庫県,明石市,二見町南二見１５番地の１,6740093
8140001034744,株式会社川本興産,兵庫県,明石市,本町１丁目３番８号,6730892
8140001034752,株式会社近畿洗機,兵庫県,明石市,田町２丁目４番地１６,6730025
8140001034760,株式会社キシモト,兵庫県,明石市,和坂１１番３号生頼第１ビル１０１号室,6730012
8140001034777,共同商事株式会社,兵庫県,明石市,藤江１８５７番地の４,6730044
8140001034785,株式会社旭菱,兵庫県,明石市,朝霧南町３丁目２番１１号,6730870
8140001034793,株式会社くぼなか商店,兵庫県,明石市,松江３７３番地の１,6730036
8140001034802,株式会社黒谷商店,兵庫県,明石市,本町１丁目６番１６号,6730892
8140001034810,株式会社ケイ・アイプランニング,兵庫県,明石市,朝霧町１丁目３８番６号,6730866
8140001034819,株式会社警友,兵庫県,明石市,朝霧南町２丁目９番５号,6730870
8140001034827,株式会社公信工業社,兵庫県,明石市,硯町１丁目４番１５号,6730028
8140001034835,株式会社剛ノ池,兵庫県,明石市,鳥羽１３２８−４−２０２号,6730003
8140001034876,山栄商事株式会社,兵庫県,明石市,大明石町１丁目９番２号,6730891
8140001034901,櫻興産株式会社,兵庫県,明石市,大久保町八木３３５番地,6740063
8140001034918,三陽工業株式会社,兵庫県,明石市,大久保町江井島１３８８番地,6740064
8140001034926,株式会社山陽自動車工業所,兵庫県,明石市,魚住町西岡１３４５番地の１２,6740084
8140001034934,三和住研株式会社,兵庫県,明石市,小久保３丁目１９番地の４,6730005
8140001034942,株式会社地亜高,兵庫県,明石市,大明石町１丁目６番２０号,6730891
8140001034950,新興金型工業株式会社,兵庫県,明石市,魚住町清水字中尾道１０５３番地の１,6740074
8140001034967,株式会社シンノウ,兵庫県,明石市,二見町西二見１６２２番地の１,6740094
8140001034983,頌栄株式会社,兵庫県,明石市,東人丸町１番４８号,6730876
8140001035024,株式会社先春園茶舗,兵庫県,明石市,本町１丁目１５番１号,6730892
8140001035049,株式会社第一化学,兵庫県,明石市,魚住町清水２３５３,6740074
8140001035057,株式会社大慎,兵庫県,明石市,本町１丁目２番４６号,6730892
8140001035073,泰平建設株式会社,兵庫県,明石市,茶園場町２番３４号,6730849
8140001035081,株式会社大和化成研究所,兵庫県,明石市,二見町南二見２１番地の８,6740093
8140001035098,タケダ商事株式会社,兵庫県,明石市,二見町東二見１３３番地の１,6740092
8140001035107,高橋商事株式会社,兵庫県,明石市,魚住町清水２２３９番地の８,6740074
8140001035115,株式会社ダスキン明石,兵庫県,明石市,樽屋町５番２６号,6730898
8140001035123,橘油業株式会社,兵庫県,明石市,硯町１丁目１０番１９号,6730028
8140001035148,中建不動産株式会社,兵庫県,明石市,朝霧南町２丁目１番１−１０２号,6730870
8140001035156,辻建設株式会社,兵庫県,明石市,相生町２丁目２番１２号,6730882
8140001035172,株式会社データシステム販売,兵庫県,明石市,松の内２丁目３番地の９,6730016
8140001035180,株式会社天佰金属工業,兵庫県,明石市,大久保町西脇３９２番地の１,6740054
8140001035189,株式会社東宏プロセス,兵庫県,明石市,太寺４丁目１４番６号,6730845
8140001035197,東洋工機株式会社,兵庫県,明石市,二見町福里字西之山５２３番地の１,6740091
8140001035214,トンボ工業株式会社,兵庫県,明石市,大久保町江井島１０１３番地の２,6740064
8140001035247,中西電機工業株式会社,兵庫県,明石市,大久保町松陰字石ケ谷１１２７番地,6740053
8140001035255,中山住建株式会社,兵庫県,明石市,小久保３丁目１番地の１３,6730005
8140001035263,株式会社西尾,兵庫県,明石市,太寺２丁目７番２２号,6730845
8140001035271,スポーツショップニシガキ株式会社,兵庫県,明石市,西明石北町３丁目３番５号,6730018
8140001035288,株式会社日研ハイドロクリーン社,兵庫県,明石市,藤江１８０６番地の７,6730044
8140001035296,日昌住建株式会社,兵庫県,明石市,魚住町清水２２１９番地の１赤坂ビル３階,6740074
8140001035313,日本防御化学株式会社,兵庫県,明石市,太寺２丁目７番１１号,6730845
8140001035321,株式会社ノーベリー,兵庫県,明石市,魚住町清水１７４番地３,6740074
8140001035338,橋本興産株式会社,兵庫県,明石市,魚住町錦が丘４丁目１番地の１１,6740081
8140001035346,株式会社畠田商店,兵庫県,明石市,本町１丁目１番１２号,6730892
8140001035354,株式会社林工務店,兵庫県,明石市,西明石町５丁目８番８号,6730011
8140001035362,株式会社原田測量設計,兵庫県,明石市,大久保町八木１０５番地４,6740063
8140001035370,株式会社ハリマネヂ工業所,兵庫県,明石市,二見町南二見１１番地の７,6740093
8140001035379,株式会社比賀工務店,兵庫県,明石市,大久保町駅前１丁目１６番地の６,6740058
8140001035387,人丸電機株式会社,兵庫県,明石市,東仲ノ町１０番１７号,6730886
8140001035395,兵庫光洋株式会社,兵庫県,明石市,花園町３番地１３,6730015
8140001035404,株式会社ヒューマン,兵庫県,明石市,二見町西二見１５７番地の１３６,6740094
8140001035412,株式会社平野商店,兵庫県,明石市,本町１丁目１１番９号,6730892
8140001035420,福栄運輸株式会社,兵庫県,明石市,二見町南二見１６番９号,6740093
8140001035429,株式会社藤江屋分大,兵庫県,明石市,本町１丁目１２番１７号,6730892
8140001035437,株式会社藤長商店,兵庫県,明石市,貴崎３丁目１６番１号,6730037
8140001035445,株式会社藤原商店,兵庫県,明石市,茶園場町８番２０号,6730849
8140001035453,株式会社ブライダルボックス,兵庫県,明石市,魚住町住吉１丁目１番１８号,6740083
8140001035461,株式会社古林酒店,兵庫県,明石市,朝霧町３丁目３番４号,6730866
8140001035478,株式会社前中商会,兵庫県,明石市,大久保町高丘７丁目１０番地の７,6740057
8140001035494,松浦製氷冷蔵株式会社,兵庫県,明石市,西新町３丁目２番８号,6730023
8140001035511,株式会社丸神,兵庫県,明石市,二見町西二見５６５番地の４,6740094
8140001035528,株式会社水田製作所,兵庫県,明石市,西新町３丁目１４番１号,6730023
8140001035536,株式会社みのや,兵庫県,明石市,本町１丁目１２番１９号,6730892
8140001035552,株式会社村雨,兵庫県,明石市,大久保町高丘３丁目２１番地の２,6740057
8140001035560,明光オイルサービス株式会社,兵庫県,明石市,二見町南二見２２番地の１３,6740093
8140001035577,明精工業株式会社,兵庫県,明石市,二見町南二見１７番６,6740093
8140001035585,株式会社明伸ビル,兵庫県,明石市,樽屋町９番２号,6730898
8140001035593,株式会社明大設計コンサルタント,兵庫県,明石市,大久保町松陰１１０番地の１,6740053
8140001035619,株式会社安福住設,兵庫県,明石市,大久保町大窪１５１９番地の７,6740051
8140001035643,山名總鉄酸素株式会社,兵庫県,明石市,大観町１３番１０号,6730897
8140001035651,ユーア化学工業株式会社,兵庫県,明石市,大蔵中町１５番２０号,6730873
8140001035692,株式会社リーチ興産,兵庫県,明石市,太寺４丁目９番７号,6730845
8140001035701,株式会社リビングプラザーカコヤ,兵庫県,明石市,本町１丁目８番１号,6730892
8140001035718,ハウジングデザイン株式会社,兵庫県,明石市,松江９１番地,6730036
8140001035734,株式会社イヨテック,兵庫県,明石市,二見町東二見７９９番地の２,6740092
8140001035742,株式会社明石建設業会館,兵庫県,明石市,大蔵八幡町１５番１１号,6730871
8140001035750,フロンティア・ジャパン株式会社,兵庫県,明石市,東藤江１丁目１１番４号,6730042
8140001035759,株式会社コーワホームテック,兵庫県,明石市,魚住町清水２３５４番地の３,6740074
8140001035775,株式会社Ｌａｂｏ,兵庫県,明石市,松の内１丁目４番地の１３,6730016
8140001035783,株式会社個夢,兵庫県,明石市,大久保町駅前１丁目１１番地の４,6740058
8140001035809,明光印刷株式会社,兵庫県,明石市,二見町南二見１７番１４号,6740093
8140001035817,丸吉産業株式会社,兵庫県,明石市,南王子町９番１４号,6730024
8140001035825,株式会社オーネット,兵庫県,明石市,太寺１丁目２番２０号,6730845
8140001035833,株式会社鍵庄,兵庫県,明石市,貴崎３丁目２１番２８号,6730037
8140001035998,ルークスター株式会社,兵庫県,明石市,大久保町駅前１丁目５番地の９,6740058
8140001036014,株式会社シンワテクノ,兵庫県,明石市,魚住町清水１１０６番地の２,6740074
8140001036716,株式会社明石インバウンド・ロジスティックス・センター,兵庫県,明石市,魚住町清水１０８３番地１,6740074
8140001036740,株式会社Ａ・Ｇ環境エンジニアリング,兵庫県,明石市,本町１丁目４番３号,6730892
8140001036864,株式会社アビット,兵庫県,明石市,天文町１丁目７番９号,6730881
8140001036889,株式会社ホームアカデミー,兵庫県,明石市,大久保町駅前２丁目６番地の８ＮＲビル４０３号,6740058
8140001036897,株式会社ほむら,兵庫県,明石市,天文町２丁目３番２０号,6730881
8140001036914,株式会社ピーオーエム,兵庫県,明石市,大久保町緑が丘１２番６号,6740055
8140001036939,株式会社大書堂,兵庫県,明石市,二見町東二見４０９番地の１７,6740092
8140001036971,株式会社アイオーテクノロジー,兵庫県,明石市,沢野１丁目１６番１号,6730008
8140001036988,岩佐建設株式会社,兵庫県,明石市,二見町東二見４６２番地の５,6740092
8140001037004,アコ・プッペ株式会社,兵庫県,明石市,本町２丁目５番２１号,6730892
8140001037029,シンパツサンライズ株式会社,兵庫県,明石市,二見町南二見１番地,6740093
8140001037045,株式会社勝美住宅,兵庫県,明石市,花園町２番地の２,6730015
8140001037053,株式会社ビックフォレスト,兵庫県,明石市,東仲ノ町１１−２６,6730886
8140001037086,株式会社ワッフルカネマツ,兵庫県,明石市,藤江２０２９番地の１,6730044
8140001037103,株式会社ＳＨＳ＆Ｌｉｎｎｅａ,兵庫県,明石市,魚住町錦が丘３丁目２０番地の２３,6740081
8140001037111,株式会社環境文化センター,兵庫県,明石市,上ノ丸１丁目９番１０号,6730846
8140001037128,エス＆ワイ株式会社,兵庫県,明石市,林３丁目１７番４号,6730034
8140001037144,株式会社ＹＳｃｏｍｐａｎｙ,兵庫県,明石市,大久保町大窪２６１０番地,6740051
8140001037152,株式会社ＳＵＩ,兵庫県,明石市,東仲ノ町２番９号,6730886
8140001037202,株式会社千風洞,兵庫県,明石市,和坂１丁目１５番５−１２０号,6730012
8140001037227,清和建設株式会社,兵庫県,明石市,林崎町３丁目５４３番地,6730033
8140001037243,株式会社ゴールド,兵庫県,明石市,大明石町１丁目９番３号ルミエール明石３０５,6730891
8140001037251,株式会社制服のモリモトヤ,兵庫県,明石市,東仲ノ町１０番１９号,6730886
8140001037276,株式会社サンテック,兵庫県,明石市,魚住町清水２３２４−１,6740074
8140001037318,Ｐｏｅ　Ｐｏｅ株式会社,兵庫県,明石市,野々上３丁目１６番１１号ウエストクイーンズ２Ｆ,6730017
8140001037334,株式会社サカエ産業,兵庫県,明石市,二見町南二見１番地の８,6740093
8140001037342,株式会社ＮＧＯ・コンサルツ,兵庫県,明石市,小久保１２０番地の５５Ａ−１０２号,6730005
8140001037350,株式会社ベストジョブ,兵庫県,明石市,西新町２丁目２番２号,6730023
8140001037400,株式会社企人・ハイピクチャー,兵庫県,明石市,大明石町１丁目１３番１７号三喜ビル内,6730891
8140001037474,ローデア株式会社,兵庫県,明石市,花園町３番地２,6730015
8140001037490,明石パック株式会社,兵庫県,明石市,大久保町八木２１８番地,6740063
8140001037508,株式会社エーキング,兵庫県,明石市,硯町１丁目８番地の１２,6730028
8140001037516,株式会社ＦＰファシル,兵庫県,明石市,大久保町山手台４丁目４４番地,6740056
8140001037532,ＮＡＬ株式会社,兵庫県,明石市,二見町西二見６６１番地の８２,6740094
8140001037549,株式会社トラスティック,兵庫県,明石市,沢野南町１丁目５番地の１４,6730019
8140001037557,株式会社ヤマトヨ水産,兵庫県,明石市,二見町東二見１５３９番地,6740092
8140001037581,トレーディングマーケット株式会社,兵庫県,明石市,魚住町西岡２７８番地の２,6740084
8140001037615,株式会社リングッド,兵庫県,明石市,大久保町大久保町３０１番地の９,6740067
8140001037648,株式会社レノンデイビジョン,兵庫県,明石市,大久保町松陰１０７０番地の６,6740053
8140001037656,株式会社プランニング・ショット,兵庫県,明石市,大久保町大窪３５５番地,6740051
8140001037689,ビーアイジーエス株式会社,兵庫県,明石市,大久保町ゆりのき通１丁目１番地の１イーストスクエアＩＩＩ番館７０６号,6740068
8140001037714,マーメイドコンタクト株式会社,兵庫県,明石市,大蔵谷字狩口１８１番地の８,6730863
8140001037730,ハクト技研株式会社,兵庫県,明石市,相生町１丁目１０番３６−１３０３号,6730882
8140001037747,株式会社ＧＡＲＡＧＥ　ＣＡＦＥ,兵庫県,明石市,大久保町八木７４３番地の６２,6740063
8140001037771,株式会社エステイト水昌,兵庫県,明石市,大久保町大窪７８５番地,6740051
8140001037788,北条建装株式会社,兵庫県,明石市,大久保町高丘１丁目１５番地の６,6740057
8140001037796,株式会社ＭＴプランズ,兵庫県,明石市,西明石東町６番地の４,6730009
8140001037805,株式会社ｉｄｅａ　ｉｎｔｅｒｆａｃｅ,兵庫県,明石市,西明石町３丁目１５番６号,6730011
8140001037813,株式会社アドバンベスト,兵庫県,明石市,魚住町西岡６３５番地の６,6740084
8140001037846,山田鉄工所株式会社,兵庫県,明石市,大久保町松陰新田４９番地の４,6740052
8140001037854,株式会社ＥＬＣ,兵庫県,明石市,大久保町ゆりのき通１丁目４番地の２、２−１１０４号,6740068
8140001037862,株式会社ステップアップ,兵庫県,明石市,新明町１３番２６号,6730027
8140001037879,株式会社ヨーガ,兵庫県,明石市,北王子町３番６８号,6730021
8140001037887,株式会社アイコム,兵庫県,明石市,大久保町江井島１３８８番地,6740064
8140001037912,株式会社ＴＡＫＥ　ＯＣＥＡＮ,兵庫県,明石市,大久保町ゆりのき通２丁目１５番地の１９,6740068
8140001037920,株式会社青木美装,兵庫県,明石市,魚住町長坂寺３６７−１−５０２,6740072
8140001037937,株式会社ペンコム,兵庫県,明石市,人丸町２−２０,6730877
8140001037945,エヌ・エフ・エー株式会社,兵庫県,明石市,太寺４丁目１５番８号ら・カーサ太寺２０１号,6730845
8140001037953,株式会社レインボーレインボー,兵庫県,明石市,大蔵八幡町１番９−１１０３号,6730871
8140001037978,旭メンテナンス株式会社,兵庫県,明石市,魚住町金ケ崎３５２番地の１,6740071
8140001037986,株式会社ファースト広告,兵庫県,明石市,大久保町大久保町８６８番地の１プレステージ大久保サウスヒルズ５０４号,6740067
8140001042210,株式会社アシスト,兵庫県,明石市,西明石町５丁目１５番４号,6730011
8140001042359,富士通特機コンポーネント株式会社,兵庫県,明石市,大久保町西脇６４番地,6740054
8140001043522,播州交通株式会社,兵庫県,明石市,魚住町清水２２７５番地の７,6740074
8140001045873,株式会社中津物流,兵庫県,明石市,魚住町清水１６１８番地の１,6740074
8140001046310,キャリアテック株式会社,兵庫県,明石市,魚住町清水１６１８番地の１,6740074
8140001046319,株式会社錦総合リサイクル,兵庫県,明石市,魚住町住吉１丁目８番１１号,6740083
8140001046392,株式会社８Ｈｅａｒｔ,兵庫県,明石市,大久保町駅前２丁目５番地の２−２０２,6740058
8140001057076,株式会社Ｓ＆Ｒマネージメント,兵庫県,明石市,大久保町西島１０１９番地の５,6740065
8140001057349,株式会社ＳＧ,兵庫県,明石市,魚住町西岡３２３番地の１,6740084
8140001067513,株式会社シンプル・イズ・ベスト,兵庫県,明石市,荷山町１８５５−６９,6730842
8140001077578,株式会社煌成,兵庫県,明石市,中崎２丁目７−３１−７０３,6730883
8140001077710,株式会社ヤブウチ保険事務所ジャパンエージェント,兵庫県,明石市,大蔵町２４番２１号,6730872
8140001086505,株式会社リラシオ,兵庫県,明石市,松の内２丁目１番地の６−７０１号,6730016
8140001086587,メディアス．アジア株式会社,兵庫県,明石市,大蔵谷奥１６−５,6730867
8140001087189,株式会社三洋建装,兵庫県,明石市,鳥羽４５１−１,6730003
8140001087420,アカシロジカルワークス株式会社,兵庫県,明石市,朝霧北町３７７７番地の２７１,6730851
8140001088105,株式会社ラックワン,兵庫県,明石市,東野町２２２１番地の５,6730844
8140001088220,モリタテック株式会社,兵庫県,明石市,魚住町金ケ崎１５６２番地の４,6740071
8140001088617,増本太陽光発電株式会社,兵庫県,明石市,二見町東二見１９３５番地,6740092
8140001088955,株式会社石商事,兵庫県,明石市,東仲ノ町１１番２５号テネシービル,6730886
8140001089292,株式会社祥栄,兵庫県,明石市,桜町４番１号,6730885
8140001089540,株式会社エグジスト,兵庫県,明石市,大観町１６番７号,6730897
8140001089862,シバタマーケティングジャパン株式会社,兵庫県,明石市,魚住町中尾１０５８番地,6740082
8140001089994,Ｂｅｓｔ　ｒｅｎｔ株式会社,兵庫県,明石市,東野町１９１７番地の１マニィーフィコ＆アルファーＣ−１号,6730844
8140001090218,株式会社エニーデー,兵庫県,明石市,魚住町西岡５０４番地の２１,6740084
8140001090325,株式会社Ｌｏｃｏ　Ｈｏｍｅ,兵庫県,明石市,藤江８８８−３０,6730044
8140001090746,株式会社アフナ住宅,兵庫県,明石市,大久保町駅前１丁目１４番地の２,6740058
8140001091224,株式会社コーメイ,兵庫県,明石市,二見町東二見１２０６番地の５,6740092
8140001091348,株式会社ミチノ,兵庫県,明石市,小久保３丁目１１番地の１（１０７号）,6730005
8140001092189,株式会社スマイルコンタクト,兵庫県,明石市,明南町１丁目３番１号,6730001
8140001092214,株式会社ライフハウス,兵庫県,明石市,大久保町大久保町９６５番地の２,6740067
8140001092651,株式会社ＴＯＨＯ,兵庫県,明石市,大久保町西脇４４３番地の１６,6740054
8140001092676,株式会社プリモラボ,兵庫県,明石市,大久保町わかば１２−１,6740069
8140001093641,南二見運送株式会社,兵庫県,明石市,二見町南二見１９番４号,6740093
8140001094152,株式会社さくら,兵庫県,明石市,大久保町大窪７８６番地,6740051
8140001094210,國納品質総合研究所株式会社,兵庫県,明石市,大蔵八幡町４番３０−３０１号,6730871
8140001095761,株式会社Ｇｒｏｗ,兵庫県,明石市,大明石町１丁目６−１６伊藤ビルＢ１,6730891
8140001095869,株式会社楠土地,兵庫県,明石市,桜町１２番２２号,6730885
8140001096470,株式会社モヤシ,兵庫県,明石市,魚住町住吉１丁目１８番２１号,6740083
8140001096479,拓揚貿易株式会社,兵庫県,明石市,大久保町谷八木１６３２番地,6740062
8140001096529,内外建設株式会社,兵庫県,明石市,大久保町大窪７４９番地の３,6740051
8140001096727,株式会社ＴＨＹ　ＴＲＡＮＧ,兵庫県,明石市,魚住町長坂寺１３３３番地の７,6740072
8140001096776,株式会社ヨシコウ,兵庫県,明石市,野々上３丁目１３番地の１２,6730017
8140001097262,株式会社サント,兵庫県,明石市,小久保１丁目７番地の４プレステージ西明石駅前グラットシェル１３０４号,6730005
8140001097510,ＭＯＢＯ株式会社,兵庫県,明石市,朝霧南町２丁目３７９１−３２,6730870
8140001097543,西海醤油株式会社,兵庫県,明石市,魚住町金ケ崎１７０５番地,6740071
8140001098467,株式会社明石インテリア,兵庫県,明石市,魚住町中尾１２１番地の１,6740082
8140001098475,株式会社ナガセ,兵庫県,明石市,西新町３丁目３番１３号,6730023
8140001099110,ＭＫカンパニー株式会社,兵庫県,明石市,鍛治屋町３番１３号,6730884
8140001099119,株式会社エヌ・パートナー,兵庫県,明石市,朝霧南町１丁目１９３番地の８,6730870
8140001099341,宝株式会社,兵庫県,明石市,藤江三ツ池２０２８−３４カネトビル１Ｆ,6730044
8140001099523,株式会社チアフルエステートリース,兵庫県,明石市,大久保町駅前１丁目１８番地の１９,6740058
8140001099861,株式会社明海エステート,兵庫県,明石市,藤江２０１番地,6730044
8140001099894,エムズ・プランニング株式会社,兵庫県,明石市,中崎２丁目４番１−１２２３号,6730883
8140001100315,ヒゲおじさん株式会社,兵庫県,明石市,二見町福里１０８番地の１,6740091
8140001100934,味楽フードシステム株式会社,兵庫県,明石市,野々上２丁目２番地の１,6730017
8140001100942,株式会社ウィンズ,兵庫県,明石市,大久保町駅前２丁目１−１０−２０４,6740058
8140001101206,株式会社リディアン,兵庫県,明石市,和坂１２番地の２,6730012
8140001101395,株式会社ｉＶＥＮＴＩＡ,兵庫県,明石市,二見町西二見駅前３丁目８６番地,6740095
8140001101494,株式会社アプリライン,兵庫県,明石市,本町１丁目６番１７号,6730892
8140001101916,株式会社明彩,兵庫県,明石市,西明石西町１丁目１７番３号,6730049
8140001102385,株式会社ＡＩ,兵庫県,明石市,二見町西二見３１番地１７,6740094
8140001102526,株式会社ジブレル,兵庫県,明石市,魚住町錦が丘２丁目８番地の１５,6740081
8140001102880,株式会社ヒロコーポレーション,兵庫県,明石市,魚住町清水２１１番地の２,6740074
8140001103037,株式会社さくら,兵庫県,明石市,北王子町２番２１号,6730021
8140001103185,株式会社チャージ,兵庫県,明石市,大久保町大窪５６９番地,6740051
8140001103326,株式会社ゴッドソーシャルファクトリー,兵庫県,明石市,大久保町谷八木７９番地の２４,6740062
8140001103334,ニシダ製作株式会社,兵庫県,明石市,松の内２丁目１番地の６コーポ山口６０５号,6730016
8140001103391,ＳＲＡ株式会社,兵庫県,明石市,西明石北町３丁目１６番３号,6730018
8140001103441,株式会社ライツ社,兵庫県,明石市,桜町２番２２−１０１号,6730885
8140001103549,株式会社ビーライズ,兵庫県,明石市,大久保町西島７７４番地の１０,6740065
8140001103846,株式会社ハーティーズ・プランニング,兵庫県,明石市,藤江８８８番地の８９アルファライフ西明石６０９号,6730044
8140001103937,株式会社ＫＧＮ,兵庫県,明石市,大明石町１丁目７番３５号,6730891
8140001104175,橋本興業株式会社,兵庫県,明石市,大久保町西島９３８番地の１,6740065
8140001104431,株式会社川上工業,兵庫県,明石市,大久保町大窪２６２０番地２０２,6740051
8140001104670,株式会社ブライトライフ,兵庫県,明石市,朝霧南町２丁目８番７−１０２号,6730870
8140001104720,株式会社バーベキューアンドコー,兵庫県,明石市,松の内２丁目２番地,6730016
8140001105520,株式会社ＭＯＴＯＦＵＮ,兵庫県,明石市,魚住町西岡１１番地の４,6740084
8140001106287,株式会社ＪＥＳＴＥＲ,兵庫県,明石市,松の内２丁目４番地の４ケイズコート西明石５０１,6730016
8140001108250,株式会社泰平,兵庫県,明石市,大久保町谷八木６６７番地,6740062
8140001108259,ＵＣ　Ｐｒｏｄｕｃｅ株式会社,兵庫県,明石市,二見町西二見５８４番地の６,6740094
8140001108309,松井味噌ＨＡＲＵＫＡ株式会社,兵庫県,明石市,藤江２０２８番の５４,6730044
8140001108531,フラワービューガーデン花雅株式会社,兵庫県,明石市,西新町２丁目６番３号,6730023
8140001108903,株式会社プログレス,兵庫県,明石市,鷹匠町４番３号１０１,6730848
8140001109637,株式会社タカラホーム,兵庫県,明石市,本町２丁目１番７号２階,6730892
8140001110512,株式会社エムティエステート,兵庫県,明石市,小久保５丁目１３番地６,6730005
8140001110611,株式会社ホタカデンキ,兵庫県,明石市,藤江１０３７番地の１アルファステイツ西明石ＩＩＩ−３０１号,6730044
8140001111155,オートシステム株式会社,兵庫県,明石市,魚住町西岡２１７９番地の９,6740084
8140001111642,株式会社ＥＳＴＲＥＬＬＡ,兵庫県,明石市,硯町２丁目５番３−２０２号,6730028
8140001111799,株式会社天紅,兵庫県,明石市,大久保町江井島５４５番地の１,6740064
8140001112384,株式会社ラクラス,兵庫県,明石市,大道町１丁目６番２０号,6730029
8140001112756,株式会社ＣＲＤ,兵庫県,明石市,大久保町江井島５９２番地１,6740064
8140001113300,ベストガーデン株式会社,兵庫県,明石市,魚住町西岡２１０８番地の７,6740084
8140001114001,株式会社ＳＫＳ,兵庫県,明石市,朝霧南町１丁目１５８番地の５グルーブ朝霧グランアリーナ２０２号,6730870
8140001114249,株式会社セボン,兵庫県,明石市,大久保町山手台２丁目７５番地の３,6740056
8140001114265,株式会社ＨＡＬＦ・Ｋ,兵庫県,明石市,松の内２丁目４番地の２,6730016
8140001114422,ＳＴＣ化学株式会社,兵庫県,明石市,本町１丁目２番３３号興生ビル４階,6730892
8140001114496,株式会社栄人建設,兵庫県,明石市,西新町２丁目２番４号ル・セール明石７０３号,6730023
8140001114538,株式会社タカオ製作所,兵庫県,明石市,大久保町松陰１１２７番地の３０,6740053
8140001114785,株式会社ＨＥＤＣＲＡＦＴ,兵庫県,明石市,二見町東二見１３５６−２セントラルビル２０２号,6740092
8140001115338,株式会社セントラルＤコーポレーション,兵庫県,明石市,魚住町清水５８８番地の１２,6740074
8140001115759,株式会社Ｓａｋｕｒａ,兵庫県,明石市,大久保町西脇３５０番地の１,6740054
8140001116410,創宝建開発株式会社,兵庫県,明石市,魚住町清水６０７番地の２グローバル魚住ＩＩ−９０２号,6740074
8140001116988,株式会社レミントンケア,兵庫県,明石市,本町２丁目６番１０号,6730892
8140001117086,ミコーホールディングス株式会社,兵庫県,明石市,大久保町谷八木５８０番地の１３,6740062
8140001117664,ＬｉｆＴｉｎ株式会社,兵庫県,明石市,大明石町２丁目４−１１,6730891
8140001118547,株式会社Ｋ．Ｙ．Ｓ,兵庫県,明石市,松が丘３丁目１８番１７号,6730862
8140001118927,株式会社ＲＢ　ＷＥＳＴ,兵庫県,明石市,大久保町大窪２１１３番地６,6740051
8140001118951,シナプスゲート株式会社,兵庫県,明石市,二見町西二見１５７番地の８,6740094
8140001119000,株式会社ＴＳＫ,兵庫県,明石市,魚住町清水１８９番地の７,6740074
8140001119066,株式会社アルファス,兵庫県,明石市,沢野南町１丁目１番地の８,6730019
8140001119297,株式会社デマージ,兵庫県,明石市,大蔵天神町２２番２５−１１２号,6730875
8140001119487,株式会社Ｈａｐｐｙ　Ｕｐ,兵庫県,明石市,野々上１丁目１２番地の２０サンルミナス１階,6730017
8140001120577,株式会社ＭＡＯＭＯ　ＣＯＳＭＥＴＩＣＳ,兵庫県,明石市,野々上３丁目１２番地の１リベール西明石ＩＩ６０１号,6730017
8140001121476,株式会社ＳＡＩ,兵庫県,明石市,松の内２丁目１番地の１１,6730016
8140001121988,株式会社ナルシストホールディングス,兵庫県,明石市,本町１丁目１２番２０号ヨシイビル２階,6730892
8140001122202,株式会社ジュンライフ,兵庫県,明石市,魚住町中尾１０１９番地５１・１０２号,6740082
8140001123183,株式会社Ｅ−Ｓｕｃｃｅｓｓ,兵庫県,明石市,大明石町１丁目７番２７−５０３号東急ドエル・アルス明石エスタシア,6730891
8140001123415,ソアーズ株式会社,兵庫県,明石市,西新町３丁目６番１−２０２号,6730023
8140001123695,株式会社パワフルポスト,兵庫県,明石市,松の内２丁目８番地の５サンライフ西明石６０２号,6730016
8140001123869,株式会社エイト,兵庫県,明石市,魚住町西岡２５４８番地の１３,6740084
8140001124009,株式会社スタイリッシュ,兵庫県,明石市,魚住町清水１１４１番地の６,6740074
8140001124660,株式会社ルフト,兵庫県,明石市,大久保町松陰１０−３１,6740053
8140001124875,株式会社みそらクリエイト,兵庫県,明石市,山下町４番２０号サン明石１０２,6730878
8140001125114,株式会社ＡＷＥＳＯＭＥ　ＬＩＦＥ　ＣＯＭＰＡＮＹ,兵庫県,明石市,川崎町２番１１−１１１９号,6730014
8140001125122,株式会社アイティワイ,兵庫県,明石市,西明石町２丁目５番６号,6730011
8140001125477,株式会社クリアスカイ,兵庫県,明石市,東仲ノ町６番１号アスピア明石北館３Ｆ,6730886
8140001125758,株式会社ゼム,兵庫県,明石市,二見町西二見１５７番地の３９,6740094
8140001125808,株式会社Ｏｐｕｓ　Ｃａｐｉｔａｌ,兵庫県,明石市,大明石町２丁目３番２２号リアルティ大明石町ビル４階,6730891
8140001126194,株式会社マーキュリー,兵庫県,明石市,魚住町金ケ崎８６１番１号,6740071
8140001126822,株式会社リノハート,兵庫県,明石市,魚住町鴨池１２番地の３ベネフィス鴨池Ｉ−２０７号,6740073
8140001126830,株式会社Ｒｏｏｔ,兵庫県,明石市,大久保町駅前２丁目６番地８ＮＲビル５０１,6740058
8140001126946,株式会社コンティニューキャリア,兵庫県,明石市,人丸町５番１３号,6730877
8140001126962,株式会社くぼなか,兵庫県,明石市,松江３７３番地の１,6730036
8140001127093,株式会社プロフーモ,兵庫県,明石市,西明石北町３丁目４番３号ゼフィール西明石１０６,6730018
8140001127390,株式会社サンセール不動産,兵庫県,明石市,松の内１丁目１３番地の１９,6730016
8140001127449,株式会社セカンドチューズデー,兵庫県,明石市,本町１丁目９番１１号,6730892
8140001127837,株式会社空都,兵庫県,明石市,藤江９７７番地４,6730044
8140001128447,株式会社Ｔｅｃｈ　Ｔｅｒｍｉｎａｌ,兵庫県,明石市,二見町東二見１６８０番地の２,6740092
8140001128678,Ｋｎｏｗｌｅｄｇｅ　Ｂａｎｋ株式会社,兵庫県,明石市,二見町西二見３６１番地の２,6740094
8140001128777,株式会社大成,兵庫県,明石市,西明石南町２丁目８番６号,6730041
8140001128802,株式会社ＦＵＫＵｋｕｒｕ,兵庫県,明石市,藤江９６８−４５,6730044
8140001129610,株式会社ハッピーアズラリー,兵庫県,明石市,中崎２丁目２番８−１０１号,6730883
8140001129619,株式会社つくやん,兵庫県,明石市,大久保町松陰８９６番地の２６,6740053
8140001129701,福本工業株式会社,兵庫県,明石市,大久保町大窪１８０９番地の３,6740051
8140001129908,株式会社センジョー,兵庫県,明石市,大久保町高丘１丁目７番地の１８,6740057
8140001130320,株式会社ＷＳＣ,兵庫県,明石市,西明石北町３丁目２−２１,6730018
8140001130527,いっしん株式会社,兵庫県,明石市,樽屋町１番２９号,6730898
8140001131764,株式会社エスケーリンク,兵庫県,明石市,大久保町緑が丘２５番５号,6740055
8140001131855,株式会社ＳＥＶＥＮＴＨ　ＨＥＡＶＥＮ,兵庫県,明石市,大久保町駅前１丁目１５番地の４プレステージ大久保駅前７０５号,6740058
8140001132044,おくだＯｎｅ株式会社,兵庫県,明石市,大久保町大窪２５９６番地の３,6740051
8140001132267,ＮＵＭＢＥＲ９’Ｓ株式会社,兵庫県,明石市,東野町２２０９番地の６,6730844
8140001132985,ＫＥＩＴＯ株式会社,兵庫県,明石市,林崎町２丁目８番１号吉川マンション２０５号,6730033
8140001133001,株式会社ＭＩＫＩＹＡ,兵庫県,明石市,北朝霧丘１丁目１６２９番地の３３８,6730857
8140001133133,株式会社ＨＡＹＡＭＡ不動産販売,兵庫県,明石市,二見町東二見１１４８番地の１５,6740092
8140001133141,株式会社ＳＰＯＲＴＳ　ＳＱＵＡＲＥ,兵庫県,明石市,大明石町２丁目２−１２,6730891
8140001133629,株式会社サニー不動産鑑定,兵庫県,明石市,大明石町２丁目４番２３号多聞ビル５０８,6730891
8140001133686,株式会社ＬＯＶＥＬＥ,兵庫県,明石市,朝霧南町２丁目８番２２号,6730870
8140001134767,株式会社Ｓｐｒｅａｄ,兵庫県,明石市,和坂１丁目１１番地の２６,6730012
8140001134791,株式会社雅,兵庫県,明石市,魚住町西岡５４８番地の１７,6740084
8140001135047,株式会社ｋｎｏｔ,兵庫県,明石市,西新町２丁目１５番１５号,6730023
8140001135105,シデンエアフォース株式会社,兵庫県,明石市,本町１丁目２番２３号Ｋ’ｓビル５Ｆ,6730892
8140001135179,株式会社Ｌｉｎｏ,兵庫県,明石市,大久保町松陰１０５０番地の１０,6740053
8140001135344,株式会社ＹＯＮ,兵庫県,明石市,別所町１６番４４号プラチナスペース３０２号,6730038
8140001135492,株式会社天慶,兵庫県,明石市,大久保町江井島６４１番地の１,6740064
8140001135690,株式会社大洋レジデンス,兵庫県,明石市,大久保町高丘７丁目７番地の２０,6740057
8140001135889,株式会社ＳＨＩＮＷＡ,兵庫県,明石市,魚住町西岡２３４３番地プレステージ明石魚住アルカンシェル７０３号,6740084
8140001135930,株式会社Ｃｒｅｓｃｏｒａ,兵庫県,明石市,松の内２丁目１−７第一藤本ビル１０２号,6730016
8140001136111,株式会社ｃａｌｍ,兵庫県,明石市,魚住町錦が丘１丁目８番地の８−２０３号,6740081
8140001136193,株式会社ＨＯＣＨＩＫＵ,兵庫県,明石市,二見町東二見１７９番地ネオハイツ明石東二見４０４号,6740092
8140001136251,幸路企画株式会社,兵庫県,明石市,大久保町駅前１丁目１番地の３,6740058
8140001136904,クッシーラ株式会社,兵庫県,明石市,王子２丁目１番４号,6730022
8140001137142,株式会社輪,兵庫県,明石市,和坂３丁目７番８号,6730012
8140001137274,株式会社あかしブリッジケア,兵庫県,明石市,貴崎３丁目２３−２６,6730037
8140001137489,株式会社ｍｙ　ｈｏｍｅ,兵庫県,明石市,西明石北町３丁目３番８号,6730018
8140001137555,株式会社梅原建装,兵庫県,明石市,大久保町西島１０５３番地の７,6740065
8140001137729,梛陽株式会社,兵庫県,明石市,魚住町清水１６３８番地の２１,6740074
8140001137976,株式会社オフィスネモ,兵庫県,明石市,新明町６番８号,6730027
8140001138297,株式会社ＭＦＤ,兵庫県,明石市,大明石町１丁目６番１３号津田ビル１０１号,6730891
8140001138702,株式会社ＡＬＥＸ　ＧＬＯＢＡＬ　ＴＯＫＹＯ,兵庫県,明石市,旭が丘７番１０号,6730002
8140001138768,株式会社ＡＺ,兵庫県,明石市,硯町１丁目４番２７号,6730028
8140001138818,株式会社リブリード,兵庫県,明石市,朝霧南町４丁目１１番６号,6730870
8140001138958,株式会社ｃｏｃｏｔｏｂｉ,兵庫県,明石市,大久保町大窪１２６４番地の５,6740051
8140001138999,株式会社５３０．ｉｓｍ,兵庫県,明石市,野々上２丁目５番地の１２,6730017
8140001139031,株式会社オフィスドリーム,兵庫県,明石市,二見町東二見２０７−１−１０６,6740092
8140001139551,徳田梅心堂株式会社,兵庫県,明石市,朝霧南町３丁目１番３２−１０１号,6730870
8140001139915,あいヘルスケア株式会社,兵庫県,明石市,松の内２丁目２番地の１ワコーレ西明石ステーションマークス６０２号,6730016
8140001139964,株式会社三耀,兵庫県,明石市,旭が丘１４−１,6730002
8140001140633,株式会社ほっとはぐ,兵庫県,明石市,松江１２２番地,6730036
8140001141739,株式会社ＫＩ企画,兵庫県,明石市,大久保町大窪３４５番地の１４,6740051
8140001141887,株式会社ＭＦＣ,兵庫県,明石市,本町１丁目８番２１−３０１号,6730892
8140001142051,株式会社ＭＥＲ,兵庫県,明石市,大久保町西脇３８９−１５,6740054
8140001142290,株式会社アンソレイユ,兵庫県,明石市,中朝霧丘４番１５号,6730855
8140001142398,ＢＡＬＡＮｓ株式会社,兵庫県,明石市,貴崎１丁目８番１５号,6730037
8140002029231,株式会社ティエスプラン,兵庫県,明石市,朝霧町３丁目１５番１２号,6730866
8140002030123,株式会社サクセスプロデュース,兵庫県,明石市,相生町１丁目１０番３６−２０２号,6730882
8140002031328,スズキ建設工業株式会社,兵庫県,明石市,魚住町長坂寺３８５番地の５,6740072
8140003005693,神戸中村株式会社,兵庫県,明石市,二見町西二見１１３１番地,6740094
8190001018288,エーテック株式会社,兵庫県,明石市,魚住町清水２４２６番地の５,6740074
8240001000612,株式会社アルク,兵庫県,明石市,二見町西二見２０１４番地の３サンハイツ土山１０５号,6740094
9011001159477,ユーオイ株式会社,兵庫県,明石市,林崎町３丁目５４２番地の５,6730033
9020001166697,株式会社ｗｅｌｌｎｅｓｔａ,兵庫県,明石市,小久保２丁目１−１４グランカサーレ西明石駅前９０３,6730005
9021002036807,株式会社エフ・ティー・シー,兵庫県,明石市,魚住町清水字北沢１０８５番地,6740074
9120001058554,マルニ製油株式会社,兵庫県,明石市,二見町南二見２２番地の２８,6740093
9120001109316,株式会社ファインウェル,兵庫県,明石市,二見町西二見９１９,6740094
9120001129074,株式会社サポート,兵庫県,明石市,西明石北町３丁目１６番２号,6730018
9120001180374,関西共同企画株式会社,兵庫県,明石市,相生町２丁目１０−１７−４０１,6730882
9120901024655,チェックローズ株式会社,兵庫県,明石市,大道町１丁目５番６号,6730029
9122001025113,株式会社エス・エイチ・エム,兵庫県,明石市,荷山町２７２４番地の３、２０６号,6730842
9122001032159,株式会社谷垣商店,兵庫県,明石市,立石２丁目２番１−１００４号,6730032
9130001070954,株式会社大前,兵庫県,明石市,魚住町清水２２３７−６グランリベレ土山３号,6740074
9140001004548,株式会社荻野,兵庫県,明石市,大久保町西島８１０−８,6740065
9140001005315,株式会社ふたば薬局,兵庫県,明石市,大久保町大窪１３７８番地の１,6740051
9140001009761,南海観光開発株式会社,兵庫県,明石市,松の内２丁目８番８,6730016
9140001016816,ホーマースポーツ興業株式会社,兵庫県,明石市,大久保町大窪２７００番地の４,6740051
9140001024810,株式会社ラベン,兵庫県,明石市,朝霧南町３丁目８番８号,6730870
9140001025131,株式会社東和パートナーズ,兵庫県,明石市,小久保１２０番地の５５Ｂ−１１０５号,6730005
9140001025742,株式会社七田チャイルドアカデミーＫＯＢＥ,兵庫県,明石市,明南町２丁目１６番１６号エアフォルクＣ棟２０１号,6730001
9140001025809,株式会社オフィス江夏,兵庫県,明石市,相生町２丁目１１−９大枝ビル３Ｆ北,6730882
9140001027334,エスティ企画株式会社,兵庫県,明石市,藤江１３１５番地２,6730044
9140001029165,株式会社コサキ,兵庫県,明石市,松の内１丁目１０番地の３,6730016
9140001029487,株式会社ロングウィッシュ,兵庫県,明石市,小久保３丁目１番地の４三幸フェニックスハイツ５０５号,6730005
9140001032945,株式会社プレミアムガレージ,兵庫県,明石市,朝霧東町１丁目１１−２８−３０３,6730860
9140001033704,株式会社ケーオービークリエイト,兵庫県,明石市,東人丸町１６番１８号,6730876
9140001034388,明石警備保障株式会社,兵庫県,明石市,松の内２丁目９番地の１,6730016
9140001034396,バックオフィスサービス株式会社,兵庫県,明石市,東仲ノ町３番４１号,6730886
9140001034405,明石紙工株式会社,兵庫県,明石市,茶園場町６番２１号,6730849
9140001034413,株式会社明石シミズ物流,兵庫県,明石市,魚住町清水９８６番地,6740074
9140001034446,明石プラスチック工業株式会社,兵庫県,明石市,魚住町金ケ崎字亥ノ池下１１８２番地の１,6740071
9140001034454,アカシマルヤマ株式会社,兵庫県,明石市,二見町南二見２２番地の２９,6740093
9140001034462,株式会社アイクス,兵庫県,明石市,大久保町江井島７９５番地,6740064
9140001034479,アサヒアイ株式会社,兵庫県,明石市,大久保町大久保町９４３番地の８,6740067
9140001034487,株式会社東建設,兵庫県,明石市,魚住町清水１３９番地の３,6740074
9140001034495,株式会社足立電器,兵庫県,明石市,大久保町大窪１６９８番地の１,6740051
9140001034512,株式会社イズ,兵庫県,明石市,二見町西二見８９番地１,6740094
9140001034520,出雲運送株式会社,兵庫県,明石市,大道町２丁目１１番１１号,6730029
9140001034529,株式会社井筒製作所,兵庫県,明石市,和坂稲荷町４３番地の１,6730013
9140001034537,株式会社いはら,兵庫県,明石市,西明石南町２丁目５番２１号,6730041
9140001034553,株式会社ウェーブ,兵庫県,明石市,大久保町大窪５４６番地の２,6740051
9140001034561,株式会社上田工務店,兵庫県,明石市,別所町１８番１７号,6730038
9140001034578,株式会社エイコン,兵庫県,明石市,大久保町大窪２７１番地ウィステリア弐番館２０５,6740051
9140001034594,株式会社エスアンドエムテクニカルサービス,兵庫県,明石市,大久保町西島６７８番地の１,6740065
9140001034603,株式会社エヌ・デイ・ケーサービス,兵庫県,明石市,大久保町松陰字石ヶ谷１１２７番地,6740053
9140001034628,株式会社オーエス産業,兵庫県,明石市,大久保町西島４１８番地の１,6740065
9140001034636,株式会社扇屋食品,兵庫県,明石市,大久保町八木６５７番地の１,6740063
9140001034644,株式会社オオシマ,兵庫県,明石市,大道町１丁目１６番２２号,6730029
9140001034652,株式会社大林パン,兵庫県,明石市,大蔵八幡町１番３号,6730871
9140001034660,株式会社オカザキ,兵庫県,明石市,小久保２丁目１４番地の２,6730005
9140001034677,株式会社オフィスブレインズ,兵庫県,明石市,大明石町２丁目８番１１号,6730891
9140001034685,株式会社柿佐商店,兵庫県,明石市,本町１丁目１８番１号,6730892
9140001034702,株式会社鍛治六農機商会,兵庫県,明石市,西新町３丁目７番７号,6730023
9140001034710,株式会社片平銘木店,兵庫県,明石市,明南町１丁目１４番２３号,6730001
9140001034719,金楠水産株式会社,兵庫県,明石市,林３丁目９番３８号,6730034
9140001034727,カネモ水産株式会社,兵庫県,明石市,藤江２０２９番地の１,6730044
9140001034735,株式会社カワサキモータースジャパン,兵庫県,明石市,川崎町１番１号,6730014
9140001034743,株式会社川辺石材美術工業所,兵庫県,明石市,人丸町６番９号,6730877
9140001034751,キンキ警備保障株式会社,兵庫県,明石市,藤江１０５３−２−１０１,6730044
9140001034768,株式会社木下電機,兵庫県,明石市,二見町東二見４２１番地,6740092
9140001034776,久商株式会社,兵庫県,明石市,大久保町江井島１３８８番地,6740064
9140001034784,旭洋エンジニアリング株式会社,兵庫県,明石市,硯町３丁目４番２号,6730028
9140001034792,株式会社窪田窪商店,兵庫県,明石市,大久保町駅前１丁目１番地の６,6740058
9140001034818,株式会社警備保障アーバン,兵庫県,明石市,野々上２丁目１０番地の１６,6730017
9140001034834,株式会社神足商店,兵庫県,明石市,船上町９番５７号,6730026
9140001034842,株式会社神戸ネジ,兵庫県,明石市,藤江松の本１５０８番地の１,6730044
9140001034850,コーヨ・テクノ株式会社,兵庫県,明石市,人丸町４番１９号,6730877
9140001034859,株式会社国光製粉工業所,兵庫県,明石市,本町１丁目１番２４号,6730892
9140001034867,小林貸衣裳株式会社,兵庫県,明石市,相生町２丁目１番１号,6730882
9140001034875,株式会社三栄紙業社,兵庫県,明石市,本町１丁目５番４号,6730892
9140001034883,株式会社サンコー,兵庫県,明石市,硯町２丁目６番４２号,6730028
9140001034891,株式会社座古海産,兵庫県,明石市,本町１丁目１番１４号,6730892
9140001034900,株式会社さくらい,兵庫県,明石市,大久保町八木４０８番地,6740063
9140001034909,三社交通株式会社,兵庫県,明石市,和坂１１番地の１７,6730012
9140001034925,三陽システム工業株式会社,兵庫県,明石市,大久保町山手台１丁目３７番地,6740056
9140001034933,株式会社三和コーポレーション,兵庫県,明石市,材木町５番５号,6730893
9140001034941,株式会社ジェーシーテック,兵庫県,明石市,材木町１４番１６号,6730893
9140001034966,新谷工業株式会社,兵庫県,明石市,東藤江２丁目１番２０号,6730042
9140001034974,株式会社神明オート．リペアー,兵庫県,明石市,硯町３丁目１１番３９号,6730028
9140001034982,株式会社下村商店,兵庫県,明石市,相生町２丁目４番８号,6730882
9140001034990,株式会社食の創造,兵庫県,明石市,魚住町金ケ崎１７０５番地,6740071
9140001034999,伸率工業株式会社,兵庫県,明石市,二見町南二見２２番４,6740093
9140001035007,株式会社寿し米喜,兵庫県,明石市,二見町西二見１８５５−５,6740094
9140001035023,世界産業株式会社,兵庫県,明石市,大久保町松陰字経塚１１０１番地１,6740053
9140001035048,第一朝日工業株式会社,兵庫県,明石市,大久保町八木４２７番地,6740063
9140001035080,株式会社大陽商会,兵庫県,明石市,硯町１丁目５番５号,6730028
9140001035089,株式会社竹内電気商会,兵庫県,明石市,魚住町清水１３７番地の１７,6740074
9140001035106,株式会社高橋製麺所,兵庫県,明石市,魚住町清水２２０５番地,6740074
9140001035114,タカラ食販株式会社,兵庫県,明石市,西新町１丁目５番１号,6730023
9140001035122,株式会社橘電機,兵庫県,明石市,大久保町西島７５０番地の２,6740065
9140001035130,株式会社たなか酒店,兵庫県,明石市,本町１丁目１番１３号,6730892
9140001035139,玉勇運送株式会社,兵庫県,明石市,大久保町八木４０３番地,6740063
9140001035155,辻工業株式会社,兵庫県,明石市,大久保町大久保町字坂額３２０番地の４,6740067
9140001035163,株式会社坪田測器,兵庫県,明石市,朝霧町１丁目１６番６号,6730866
9140001035171,株式会社データークエスト,兵庫県,明石市,東野町１９２６番地の４,6730844
9140001035221,株式会社とよ企画,兵庫県,明石市,二見町南二見１６番地の６,6740093
9140001035238,株式会社中島商店,兵庫県,明石市,本町２丁目７番４号,6730892
9140001035254,株式会社中山工機,兵庫県,明石市,二見町南二見１６番地の６,6740093
9140001035262,成平産業株式会社,兵庫県,明石市,藤江２０２９番地の１明石市公設地方卸売市場内,6730044
9140001035270,株式会社にしけん,兵庫県,明石市,大久保町大窪２２０４番地の３,6740051
9140001035279,日海株式会社,兵庫県,明石市,大久保町大窪６２３番地の７井上ビル２Ｆ,6740051
9140001035287,日研化成工業株式会社,兵庫県,明石市,東野町１９３２番地の６,6730844
9140001035295,日昇産業株式会社,兵庫県,明石市,魚住町中尾３２９−１,6740082
9140001035304,株式会社日本パーキングシステム,兵庫県,明石市,船上町４番３１号サンシティ７０７,6730026
9140001035312,日本産業資材株式会社,兵庫県,明石市,魚住町住吉２丁目３１番１８号,6740083
9140001035320,株式会社ノアズアーク,兵庫県,明石市,二見町東二見４４１番地８,6740092
9140001035337,株式会社橋本,兵庫県,明石市,大明石町１丁目１３番３３号,6730891
9140001035345,阪神連合清掃株式会社,兵庫県,明石市,大明石町１丁目１２番１７号,6730891
9140001035353,株式会社早川組,兵庫県,明石市,魚住町西岡１９９４番地の２,6740084
9140001035361,株式会社原田建築設計工房,兵庫県,明石市,魚住町金ケ崎３９０番地の１,6740071
9140001035386,株式会社人丸花壇,兵庫県,明石市,大蔵天神町２１番２２号,6730875
9140001035394,株式会社兵庫公庫融資協会,兵庫県,明石市,樽屋町５番２８号,6730898
9140001035428,株式会社藤井設計,兵庫県,明石市,松の内２丁目４番地の１０ユタカ第一ビル,6730016
9140001035444,株式会社藤原クリーニング店,兵庫県,明石市,北王子町２番４１号,6730021
9140001035452,株式会社フリーウェイ,兵庫県,明石市,魚住町長坂寺７２３番地の２,6740072
9140001035460,古谷建設工業株式会社,兵庫県,明石市,南貴崎町１番７号,6730035
9140001035469,豊国製袋工業株式会社,兵庫県,明石市,大明石町１丁目２番３３号,6730891
9140001035477,株式会社マエダデンキサービス,兵庫県,明石市,相生町２丁目５番８号,6730882
9140001035485,増田鉱油株式会社,兵庫県,明石市,魚住町清水１８の１,6740074
9140001035493,松井味噌株式会社,兵庫県,明石市,大蔵天神町９番１０号,6730875
9140001035502,松村薬品工業株式会社,兵庫県,明石市,東仲ノ町６番１号,6730886
9140001035510,株式会社丸新,兵庫県,明石市,林３丁目１８番８号,6730034
9140001035535,株式会社美浪工作所,兵庫県,明石市,大道町２丁目１１番１８号,6730029
9140001035551,株式会社村上鉄工,兵庫県,明石市,大久保町八木字北屋筋１５１番地の２,6740063
9140001035592,明植建設株式会社,兵庫県,明石市,二見町東二見８５８番地の２,6740092
9140001035601,明陵建設株式会社,兵庫県,明石市,大久保町高丘１丁目１３番地の８,6740057
9140001035618,株式会社保田工作所,兵庫県,明石市,大久保町高丘３丁目１６番地の１０,6740057
9140001035642,株式会社やまにし,兵庫県,明石市,本町１丁目２番５号,6730892
9140001035659,ユニ興産株式会社,兵庫県,明石市,魚住町錦が丘３丁目９番地の３,6740081
9140001035667,株式会社吉川青果,兵庫県,明石市,西新町２丁目５番６号,6730023
9140001035683,株式会社ワールドプロテクトカンパニー,兵庫県,明石市,大久保町駅前１丁目１１番地８,6740058
9140001035691,株式会社ラブリーユー,兵庫県,明石市,魚住町西岡１８４３番地の１,6740084
9140001035700,リッツ本舗株式会社,兵庫県,明石市,和坂２丁目２番３４号,6730012
9140001035709,ルミナスタクシー株式会社,兵庫県,明石市,魚住町西岡２１４０番地の１,6740084
9140001035758,明石染土株式会社,兵庫県,明石市,朝霧南町１丁目１９３番５号,6730870
9140001035766,株式会社ビィアップ,兵庫県,明石市,大蔵谷字清水７０５番地の２セラーン朝霧２０３号,6730865
9140001035774,アソート株式会社,兵庫県,明石市,花園町３番地２,6730015
9140001035790,株式会社サングリーン,兵庫県,明石市,鍛治屋町４番８号,6730884
9140001035799,株式会社ユーアイ,兵庫県,明石市,沢野南町３丁目１番地の１２,6730019
9140001035816,株式会社日伸サービス,兵庫県,明石市,大蔵谷字東山４７８番地６−４０２,6730869
9140001035832,さくら都市開発株式会社,兵庫県,明石市,貴崎１丁目９番１２号,6730037
9140001035840,株式会社ハッピーライフ,兵庫県,明石市,桜町３番５号,6730885
9140001035849,株式会社ワントゥワンインテック,兵庫県,明石市,鳥羽１２０７番地の１,6730003
9140001035980,株式会社ＰＵＲＥ　ＢＡＬＡＮＣＥ,兵庫県,明石市,立石２丁目５番２３号,6730032
9140001035989,株式会社創和建設,兵庫県,明石市,藤江８８９番地の３１,6730044
9140001036013,株式会社大和工務店,兵庫県,明石市,西明石町５丁目１５番１６号,6730011
9140001036021,ディーエヌプロダクツ株式会社,兵庫県,明石市,魚住町西岡２０５０番地,6740084
9140001036715,株式会社アイケンプロテック,兵庫県,明石市,西明石南町１丁目５番１１号,6730041
9140001036756,株式会社タイヨウサービス,兵庫県,明石市,東野町１９２２番地の１−ＩＩ−４０６,6730844
9140001036863,神戸電子システム株式会社,兵庫県,明石市,二見町西二見２０８５番地の２，３０２号室,6740094
9140001036888,株式会社アクティ・ニジュウイチ,兵庫県,明石市,松の内２丁目３番７号,6730016
9140001036896,永信産業株式会社,兵庫県,明石市,鳥羽４４１番地の２,6730003
9140001036905,株式会社ヴィンテージデザイン,兵庫県,明石市,小久保５丁目７番地の１０,6730005
9140001036921,株式会社シャインフェール,兵庫県,明石市,小久保６丁目４番地の４,6730005
9140001036979,株式会社海游,兵庫県,明石市,二見町東二見１２７９番地,6740092
9140001037003,株式会社ＥＸＣＥＬ,兵庫県,明石市,大久保町大窪２６８４−２−２０１,6740051
9140001037028,株式会社ゴットハンズ,兵庫県,明石市,大明石町１丁目１１番１号,6730891
9140001037044,株式会社ワールドフォーユー,兵庫県,明石市,魚住町清水２２１５番地の１２号,6740074
9140001037060,株式会社網谷木型製作所,兵庫県,明石市,立石２丁目５番２３号,6730032
9140001037077,株式会社岸本瓦工業,兵庫県,明石市,大久保町江井島１６９番地,6740064
9140001037085,株式会社ＨＩプランニング,兵庫県,明石市,二見町西二見９４０−１,6740094
9140001037110,株式会社ＦＤＰ,兵庫県,明石市,大久保町江井島８０３番地の１,6740064
9140001037135,株式会社アクア設計,兵庫県,明石市,二見町東二見４６６番地２０,6740092
9140001037143,野瀬田建設株式会社,兵庫県,明石市,大久保町松陰１０４７番地の４,6740053
9140001037168,株式会社行医研,兵庫県,明石市,田町２丁目５番７号,6730025
9140001037201,株式会社金田水工,兵庫県,明石市,大久保町八木７３９番地の１０,6740063
9140001037218,神戸電子機器株式会社,兵庫県,明石市,大久保町江井島８７５番地の１,6740064
9140001037226,株式会社北斗建設,兵庫県,明石市,大久保町江井島５４５番地の１,6740064
9140001037234,株式会社三沢工業,兵庫県,明石市,二見町西二見１２７３番地の３,6740094
9140001037250,楽園住宅株式会社,兵庫県,明石市,太寺天王町２８１３番地の１０,6730841
9140001037283,株式会社川島設備,兵庫県,明石市,貴崎５丁目２番地４２,6730037
9140001037309,株式会社ＳＲリーディング,兵庫県,明石市,林崎町３丁目５０２番地の２,6730033
9140001037374,一嘉工業株式会社,兵庫県,明石市,中崎２丁目７番３１−１３０１号,6730883
9140001037382,株式会社ドリームホームズ,兵庫県,明石市,朝霧東町３丁目５番２１号,6730860
9140001037390,株式会社明完企工,兵庫県,明石市,大久保町大窪２６８５−６、２０１号パフィオ大久保,6740051
9140001037408,株式会社アイノア,兵庫県,明石市,魚住町金ケ崎１５３９番地の１１５,6740071
9140001037424,大洋塗装工業株式会社,兵庫県,明石市,上ノ丸１丁目２番１２号,6730846
9140001037432,株式会社Ｍｏｂｉｌｉｔｙ　Ｐａｒｔ,兵庫県,明石市,西新町２丁目１−１０明石グレースアーケード,6730023
9140001037465,株式会社Ｎ・Ｔコーポレーション,兵庫県,明石市,太寺２丁目３番２１号,6730845
9140001037473,カンキョータテモノ株式会社,兵庫県,明石市,大蔵谷字東山西山３７８１番地の２３２,6730864
9140001037481,株式会社オーエスシー,兵庫県,明石市,魚住町住吉１丁目５−６,6740083
9140001037498,株式会社新生,兵庫県,明石市,朝霧山手町２５番１７号,6730853
9140001037515,株式会社ベラペルラ,兵庫県,明石市,東野町９番地の１メゾンドール朝霧１００５号,6730844
9140001037531,株式会社大久保工建,兵庫県,明石市,大久保町高丘７丁目６７番地の３,6740057
9140001037548,株式会社上ノ丸工務店,兵庫県,明石市,上ノ丸３丁目１４番２０号,6730846
9140001037564,株式会社神成,兵庫県,明石市,大蔵谷字清水６３８番地の１７５,6730865
9140001037572,株式会社ＩＢＮ兵庫,兵庫県,明石市,西明石南町２丁目２２番３号,6730041
9140001037589,株式会社尾上石炭商店,兵庫県,明石市,二見町東二見１７０９番地,6740092
9140001037597,株式会社谷口興業,兵庫県,明石市,大久保町大久保町４４５番地の１,6740067
9140001037606,株式会社オフィス碧,兵庫県,明石市,二見町東二見１３５６番地の２セントラルビル４０１号,6740092
9140001037630,株式会社コルテックス,兵庫県,明石市,魚住町住吉１丁目２番２５号,6740083
9140001037663,株式会社ベルサンタ,兵庫県,明石市,大道町２丁目８番２６号,6730029
9140001037671,株式会社みなみ,兵庫県,明石市,小久保５丁目３番地の１１ロイヤルコート西明石Ｉ２０２号,6730005
9140001037688,ラフホームクラフト株式会社,兵庫県,明石市,大久保町大久保町字寺ノ上３０１番９,6740067
9140001037696,株式会社サンライズ,兵庫県,明石市,西明石南町１丁目６−１６,6730041
9140001037705,株式会社明成,兵庫県,明石市,硯町３丁目２番３−６０３号,6730028
9140001037721,株式会社ホーム・パートナー,兵庫県,明石市,二見町西二見７５７番３,6740094
9140001037746,株式会社ヘルシージョイ,兵庫県,明石市,西明石南町１丁目９番１４号,6730041
9140001037754,株式会社親和物産,兵庫県,明石市,二見町東二見３８７番地の４,6740092
9140001037812,株式会社小林フーズ,兵庫県,明石市,二見町東二見８８４番地の６,6740092
9140001037820,株式会社エスポワール,兵庫県,明石市,太寺２丁目３番２１号,6730845
9140001037829,株式会社ＴＬＪ,兵庫県,明石市,魚住町中尾５４１番地の１,6740082
9140001037837,株式会社カンパニュラ,兵庫県,明石市,西明石町３丁目９番３号,6730011
9140001037845,株式会社クララベル,兵庫県,明石市,大久保町八木５２９−１,6740063
9140001037853,株式会社大陽商事,兵庫県,明石市,西明石町５丁目７番１７号,6730011
9140001037886,株式会社なごむ,兵庫県,明石市,魚住町西岡１９７４番地の１１,6740084
9140001037894,株式会社生駒製作所,兵庫県,明石市,魚住町西岡２１２１番地の４,6740084
9140001037903,株式会社グレースライフ,兵庫県,明石市,大久保町大窪１５８３番地１,6740051
9140001037928,株式会社未来測地,兵庫県,明石市,大久保町福田３丁目１番２４−２０７号,6740066
9140001037936,株式会社ガーネット,兵庫県,明石市,大久保町松陰１１１５番地の１,6740053
9140001037944,株式会社ソーシャルケア神戸,兵庫県,明石市,松の内１丁目９−２,6730016
9140001037952,株式会社Ｄ−Ｆｌｏｒ,兵庫県,明石市,桜町１４−１９ＫＵＫＩビル２Ｆ,6730885
9140001037960,株式会社Ｔ．Ｍ．Ｔ．Ｋ,兵庫県,明石市,相生町１丁目９番３０−１２０１号,6730882
9140001037985,株式会社明共,兵庫県,明石市,魚住町清水２３２８−１−１０８,6740074
9140001038067,株式会社明徳,兵庫県,明石市,本町１丁目５−１９,6730892
9140001038232,株式会社愛香,兵庫県,明石市,本町１丁目６番１０号ヴェッセルコジマビル,6730892
9140001042309,藤田企業株式会社,兵庫県,明石市,大久保町大窪２６８３番地の１,6740051
9140001042795,株式会社コバックス,兵庫県,明石市,小久保２丁目８−３,6730005
9140001044370,エイデン株式会社,兵庫県,明石市,大久保町江井島６２９番地,6740064
9140001045385,大崎ベジフル株式会社,兵庫県,明石市,藤江２０２９−１,6730044
9140001047266,サダノ装研株式会社,兵庫県,明石市,藤江１０５５−５−Ｂ３０５,6730044
9140001055789,株式会社ＦＦＦ,兵庫県,明石市,藤江９２７番５号,6730044
9140001057397,株式会社ＴＮＫエステート,兵庫県,明石市,大久保町大窪７０９番地,6740051
9140001067355,グローバルフィット株式会社,兵庫県,明石市,西明石南町２丁目１４番１０号,6730041
9140001067561,株式会社谷善,兵庫県,明石市,材木町４番１号,6730893
9140001077560,株式会社石橋,兵庫県,明石市,大久保町高丘１丁目４番地の７,6740057
9140001077569,株式会社リーディングライツ,兵庫県,明石市,上ノ丸３丁目１１−３,6730846
9140001077800,アニエル株式会社,兵庫県,明石市,朝霧南町３丁目１１番９−２０６号,6730870
9140001087411,ＴＮＹ株式会社,兵庫県,明石市,魚住町清水２２０４番地の６ゴールドウッズ土山ＢＬＤＧ３Ｆ,6740074
9140001087510,株式会社ＤＡＮＣＥ＆ＡＲＴ　ＡＳＳＯＣＩＡＴＩＯＮ　ｏｆｆｉｃｅ志儀,兵庫県,明石市,大久保町高丘１丁目１２番地の７,6740057
9140001087519,株式会社エイチエス,兵庫県,明石市,魚住町西岡３７０番地の１２,6740084
9140001087626,株式会社メイビ,兵庫県,明石市,大久保町松陰２４番地の７,6740053
9140001088046,株式会社大丸不動産,兵庫県,明石市,松の内２丁目２番地の１０,6730016
9140001088517,株式会社アドバンスラーニング,兵庫県,明石市,東人丸町１番２１号,6730876
9140001088756,株式会社すこにゃん,兵庫県,明石市,桜町６番２５号,6730885
9140001088764,誠幸創業株式会社,兵庫県,明石市,大久保町西脇４８８番地,6740054
9140001088938,すみれ恒産株式会社,兵庫県,明石市,松の内１丁目４番２９号第一暁マンション１０１号室,6730016
9140001089218,株式会社健康住宅販売,兵庫県,明石市,東仲ノ町３番２５−１０４号,6730886
9140001090407,株式会社日総サプライ,兵庫県,明石市,田町１丁目１０番４５号フルール田町２階,6730025
9140001090951,株式会社アースデザイン,兵庫県,明石市,小久保２丁目２番地の３,6730005
9140001091165,Ｋ．Ｍ総合保険サービス株式会社,兵庫県,明石市,和坂２丁目１５番１０号,6730012
9140001091504,株式会社真怜ＬＩＦＥコーポレーション,兵庫県,明石市,二見町西二見１２３４番地の１２,6740094
9140001091850,株式会社コミュニティレスト,兵庫県,明石市,相生町２丁目２番９号,6730882
9140001091941,株式会社ブランチ,兵庫県,明石市,松の内１丁目４番２９号第一暁マンション１０１号室,6730016
9140001091990,明豊建設株式会社,兵庫県,明石市,魚住町住吉２丁目４番２８号,6740083
9140001092122,株式会社神龍,兵庫県,明石市,大久保町大窪２４７番地の１,6740051
9140001092733,株式会社イッシンフーズ,兵庫県,明石市,大久保町大久保町５４０番地の２４,6740067
9140001092758,立花ハイツ株式会社,兵庫県,明石市,魚住町錦が丘２丁目１１番地の７,6740081
9140001092865,株式会社フジコーポレーション,兵庫県,明石市,大久保町八木１０１番地,6740063
9140001092931,サクセスプランニング株式会社,兵庫県,明石市,中崎１丁目１番１−１１１６号,6730883
9140001093062,株式会社ゆめ野,兵庫県,明石市,松の内２丁目１番地の３ダイアパレス西明石３０２号,6730016
9140001093599,株式会社あゆみ,兵庫県,明石市,鍛治屋町４番１９号,6730884
9140001093707,株式会社コーエーフーズ,兵庫県,明石市,二見町東二見８４５番地の８,6740092
9140001094085,株式会社エバーフィールド,兵庫県,明石市,朝霧北町３７７７番地の８サングレイス朝霧３１１号,6730851
9140001094242,株式会社小川技硝,兵庫県,明石市,魚住町長坂寺１３４５番地の１５,6740072
9140001094267,株式会社明石西,兵庫県,明石市,魚住町清水２４２５番地の２,6740074
9140001094374,株式会社鴨池,兵庫県,明石市,魚住町西岡５０５番地の５,6740084
9140001094556,ＴＫリフォーム株式会社,兵庫県,明石市,二見町東二見１０７５番地の１,6740092
9140001094564,明佳建物管理株式会社,兵庫県,明石市,魚住町清水２３３２番地,6740074
9140001094878,＿楊株式会社,兵庫県,明石市,藤が丘１丁目１２番２１号,6730046
9140001094903,株式会社明石卸売市場管理センター,兵庫県,明石市,藤江２０２９番地の１,6730044
9140001095125,ミライトレード株式会社,兵庫県,明石市,朝霧南町３丁目７番６号,6730870
9140001095331,株式会社朝日神戸企画,兵庫県,明石市,大久保町大窪２６１２番地の８,6740051
9140001095810,株式会社コーユーホームサービス,兵庫県,明石市,大久保町西島５１４番地,6740065
9140001096296,Ｓｉｎｃｅｒｉｔｙ株式会社,兵庫県,明石市,大久保町西島１８０番地の２,6740065
9140001096503,株式会社Ｋ−ＳＴＹＬＥ,兵庫県,明石市,大久保町大窪５３９−１−１０１,6740051
9140001097170,株式会社グランディール,兵庫県,明石市,大久保町ゆりのき通１丁目４番地の２、１−５０５号,6740068
9140001097377,株式会社慎和,兵庫県,明石市,二見町西二見１２３９−１−１０１,6740094
9140001097906,株式会社Ｙｕｕｋｉ,兵庫県,明石市,明南町２丁目１９番１７号,6730001
9140001097914,株式会社シグマ,兵庫県,明石市,貴崎２丁目８番５号,6730037
9140001098714,株式会社Ｔ＆Ｓホールディングス,兵庫県,明石市,魚住町清水９７１番地の４,6740074
9140001098788,株式会社Ｎａｋａｍｕｒａ,兵庫県,明石市,二見町西二見４７７番地の１,6740094
9140001099175,農業生産法人橋本農園株式会社,兵庫県,明石市,魚住町清水１３１９番地,6740074
9140001099497,株式会社初建築,兵庫県,明石市,藤江２０２８番地３,6730044
9140001100256,株式会社ファーストステップ,兵庫県,明石市,松の内２丁目８番８号,6730016
9140001100322,株式会社あんせくる,兵庫県,明石市,鳥羽１５２０番地の６,6730003
9140001100421,株式会社夢,兵庫県,明石市,野々上３丁目５番地の４,6730017
9140001100818,株式会社まんてん,兵庫県,明石市,大久保町大窪３２４３番地シャルマンソレイユ２０１号,6740051
9140001100982,明石エステートワン株式会社,兵庫県,明石市,本町２丁目８番６号,6730892
9140001101007,株式会社善,兵庫県,明石市,太寺４丁目１１番１９号,6730845
9140001101056,八十株式会社,兵庫県,明石市,樽屋町５番２７号,6730898
9140001101097,Ｗａライフ株式会社,兵庫県,明石市,硯町２丁目４番１１号,6730028
9140001101188,株式会社エテルノ・ルーチェ,兵庫県,明石市,大久保町西島８３９番地の１、２０６号,6740065
9140001101386,株式会社山喜,兵庫県,明石市,魚住町中尾３０４番地,6740082
9140001102021,株式会社ＭＰ　ｏｆｆｉｃｅ,兵庫県,明石市,二見町東二見４４５番地の４,6740092
9140001102938,株式会社林保貿易,兵庫県,明石市,相生町２丁目９−８サンポート２１−２０３号室,6730882
9140001103127,株式会社西海ハウジング,兵庫県,明石市,大久保町森田１５９番地,6740061
9140001103614,株式会社今田鉄工,兵庫県,明石市,大久保町松陰６１番地,6740053
9140001103944,株式会社Ｋ−サービス,兵庫県,明石市,大久保町西島８０９番地の７,6740065
9140001103977,株式会社ＴｒｅａｓｕｒｅＦａｃｔｏｒｙ,兵庫県,明石市,大道町１丁目１６番１７号,6730029
9140001104182,株式会社ホテルプレフォート,兵庫県,明石市,小久保１丁目１４番地の１,6730005
9140001104711,株式会社イシー,兵庫県,明石市,林３丁目９番６号,6730034
9140001105370,株式会社ＮＡＢＥＴＵ,兵庫県,明石市,大久保町西島７６７番地の１リベール明石西江井ヶ島３０１号,6740065
9140001105767,株式会社下吉建築,兵庫県,明石市,大久保町谷八木１５０８番地の５,6740062
9140001107722,株式会社星光,兵庫県,明石市,小久保１丁目１２番地の１,6730005
9140001107788,リンクホーム株式会社,兵庫県,明石市,魚住町錦が丘３丁目９番地の４,6740081
9140001107821,株式会社栄康開発,兵庫県,明石市,大久保町大窪２３３８番地,6740051
9140001108068,さんさんびより株式会社,兵庫県,明石市,別所町１２番６号,6730038
9140001108101,株式会社秋桜,兵庫県,明石市,藤江９９６−１,6730044
9140001108134,株式会社くうねる,兵庫県,明石市,本町１丁目２−３３興生ビル４Ｆ,6730892
9140001108200,株式会社ｕｐ　ｒｏａｄ,兵庫県,明石市,二見町東二見７５７番２,6740092
9140001108340,株式会社フレスカ,兵庫県,明石市,大久保町大久保町６３５番地の４,6740067
9140001109495,ＴＫホールディングス株式会社,兵庫県,明石市,魚住町錦が丘３丁目１７番地１０,6740081
9140001109586,株式会社Ｌｉｆｅ　Ｉｎｎｏｖａｔｉｏｎ　Ｊａｐａｎ,兵庫県,明石市,大久保町八木５８０番地の３,6740063
9140001110412,Ｋ株式会社,兵庫県,明石市,和坂１丁目３番６号,6730012
9140001110478,株式会社岩井,兵庫県,明石市,林２丁目１６番９号,6730034
9140001110692,Ｄａｉｋｏ　Ｍａｔｅｒｉａｌ株式会社,兵庫県,明石市,魚住町住吉１丁目３番１５号,6740083
9140001111179,株式会社タチバナ,兵庫県,明石市,大久保町西脇３３６番地,6740054
9140001111187,株式会社ハーモニー,兵庫県,明石市,小久保４丁目３番地の５,6730005
9140001111311,株式会社Ｊ．Ｈ．ナガタ,兵庫県,明石市,大久保町大窪２６５８番地,6740051
9140001111542,株式会社ウオハナ,兵庫県,明石市,林１丁目８番６号ジーメゾン明石市林エレール１０２号室,6730034
9140001112565,株式会社海人,兵庫県,明石市,中崎２丁目５番１０−１１０２号,6730883
9140001112929,子午線醸造株式会社,兵庫県,明石市,大明石町１丁目９番２２号−１０５,6730891
9140001113092,株式会社ＳＴＥＰ電工,兵庫県,明石市,西明石東町１７番地の８,6730009
9140001113209,株式会社ミリイウェイ,兵庫県,明石市,松が丘４丁目３番５号,6730862
9140001113308,株式会社あづまや,兵庫県,明石市,朝霧南町４丁目１番６６号,6730870
9140001113646,株式会社オートコネクト,兵庫県,明石市,大久保町江井島８９９番地４,6740064
9140001113844,株式会社ワイワイカンパニー,兵庫県,明石市,魚住町西岡５９８番地の１,6740084
9140001114124,株式会社ｓｍａｌｌ,兵庫県,明石市,二見町福里１０３番地の９,6740091
9140001114883,株式会社Ｔ−ＧＡＴＥ,兵庫県,明石市,魚住町住吉４丁目１３番２４号,6740083
9140001115270,株式会社石川,兵庫県,明石市,大蔵中町１９番１４号,6730873
9140001116392,株式会社ＮＥＸＴＲＹ,兵庫県,明石市,大久保町西島８１３番地の１,6740065
9140001116574,株式会社ｐｏｃｋｅｔ,兵庫県,明石市,二見町西二見１５７番地の１２４,6740094
9140001116657,株式会社Ｉ２Ｆ,兵庫県,明石市,魚住町西岡１８６５番地の１ガーデンハイツ２−２０１号,6740084
9140001116707,株式会社Ｍ’ｓ　ｃｏｍｐａｎｙ,兵庫県,明石市,魚住町西岡６２７番地の１,6740084
9140001117473,株式会社ニムス,兵庫県,明石市,相生町２丁目５番地５号,6730882
9140001117523,株式会社アップ・ビルド,兵庫県,明石市,大久保町駅前２丁目９番地の１７、１０１号,6740058
9140001117606,ゴーデリ株式会社,兵庫県,明石市,魚住町西岡５００番地の１１,6740084
9140001117770,株式会社エングン,兵庫県,明石市,本町１丁目２−３３興生ビル４階,6730892
9140001118380,株式会社今田オート,兵庫県,明石市,大久保町大窪３２９７番地,6740051
9140001118505,株式会社明翔,兵庫県,明石市,大久保町大窪３１５３番地８,6740051
9140001118728,コントレイル株式会社,兵庫県,明石市,大久保町高丘１丁目１番地の１、６棟４０６号,6740057
9140001118851,株式会社ｎａｎａ菜,兵庫県,明石市,大久保町大窪３１９−１−Ｂ,6740051
9140001119057,株式会社ＡＶＥＮＧＥＲＳ,兵庫県,明石市,大明石町１丁目１３番３６号,6730891
9140001119206,大和住研株式会社,兵庫県,明石市,二見町東二見１２１９番地の３,6740092
9140001119825,株式会社Ｃａｍａｒａｄｅ,兵庫県,明石市,魚住町錦が丘１丁目１８番地の４７,6740081
9140001120023,株式会社Ｈａｃｈｉ,兵庫県,明石市,大久保町駅前２丁目２番地の４,6740058
9140001120873,倉橋建設株式会社,兵庫県,明石市,大久保町大久保町３８２番地の３,6740067
9140001121095,株式会社アッシュファーマシー,兵庫県,明石市,西明石南町２丁目１３番１８−１０２号,6730041
9140001121161,Ｙ’ｓテック株式会社,兵庫県,明石市,魚住町清水１３７番地の２ハリマビル２０２号,6740074
9140001121302,株式会社ＧＲＡＮＤみなと,兵庫県,明石市,朝霧北町３７７７番地１０８,6730851
9140001121574,株式会社ホテル参謀,兵庫県,明石市,小久保１丁目１４番地の１,6730005
9140001122250,株式会社Ｒｅｃｏｙａ,兵庫県,明石市,鍛治屋町６番２０号松本ビル３階西,6730884
9140001122366,株式会社ルミエール,兵庫県,明石市,大久保町福田３丁目２番２９号,6740066
9140001123141,株式会社大蔵谷介護サービス,兵庫県,明石市,宮の上１番１７−３０３号,6730031
9140001123579,アッピア株式会社,兵庫県,明石市,沢野南町３丁目１９番地２,6730019
9140001124429,総合重工株式会社,兵庫県,明石市,野々上３丁目１３番地の２−５０２号,6730017
9140001124486,株式会社タクト,兵庫県,明石市,魚住町西岡２１２１番地の１０,6740084
9140001124536,株式会社ＩＮＦＩＮＩ,兵庫県,明石市,大久保町高丘３丁目６番地の７,6740057
9140001124676,株式会社ｇｌｏｒｙ　ｌｉｆｅ,兵庫県,明石市,旭が丘２番５号１０４号,6730002
9140001124858,Ｋ３Ｆ企画株式会社,兵庫県,明石市,二見町西二見７５２番地の４コンフォートＫ２０２号,6740094
9140001125039,株式会社メタライフ,兵庫県,明石市,朝霧南町３丁目１−２３ザ・シティ朝霧２階,6730870
9140001125071,虎壱工業株式会社,兵庫県,明石市,二見町東二見８０２番地の１,6740092
9140001125261,株式会社スピードマリン,兵庫県,明石市,立石２丁目１番３４号−１１,6730032
9140001125476,そうざいマルシェ株式会社,兵庫県,明石市,藤江２０２９番地の１,6730044
9140001126318,株式会社真陽,兵庫県,明石市,東朝霧丘３０−１０−１２０４,6730854
9140001126441,ＭＩＮＡＭＩ株式会社,兵庫県,明石市,魚住町住吉４丁目５番１６号,6740083
9140001126540,株式会社マルイ,兵庫県,明石市,魚住町中尾５２６番地の２プレステージ明石魚住ラッフィナート４０６号,6740082
9140001126763,株式会社シノビアシ,兵庫県,明石市,松の内１丁目８番２２号,6730016
9140001126887,株式会社ファインエステート,兵庫県,明石市,桜町一丁目６番地グリシーヌ桜町１０１号,6730885
9140001127027,株式会社ＭＡＨＡＬＯ不動産,兵庫県,明石市,大久保町西脇６０６−１−１階,6740054
9140001127225,株式会社ファン・ファン,兵庫県,明石市,大明石町１丁目７−１１,6730891
9140001127522,株式会社Ｒｅ．ｆｅａｔ,兵庫県,明石市,魚住町清水７８４番地の３,6740074
9140001127737,株式会社Ｆｔａｓ,兵庫県,明石市,松江５２７番地,6730036
9140001128033,株式会社ＡＬＩＶＥ,兵庫県,明石市,本町１丁目６番１４号,6730892
9140001128058,三好電機株式会社,兵庫県,明石市,魚住町西岡２１５７番地の１０サニーガーデンＣ棟２０２号,6740084
9140001128082,株式会社Ｋ　ｐｌｕｓ,兵庫県,明石市,朝霧台３７８３番地の１１９,6730852
9140001128388,株式会社ｃｈａｎｇｅ,兵庫県,明石市,魚住町錦が丘４丁目７番地の８田口ビル２階,6740081
9140001128611,セリュートラスト株式会社,兵庫県,明石市,大久保町駅前２丁目１番地の１０,6740058
9140001128826,株式会社アップルリリー,兵庫県,明石市,天文町１丁目１番７号,6730881
9140001129139,株式会社ライティング・ラボ,兵庫県,明石市,小久保１２０番地の５５Ｃ−９０８号,6730005
9140001129221,株式会社新納管財,兵庫県,明石市,東人丸町２９番１８号,6730876
9140001129304,リッツ株式会社,兵庫県,明石市,松の内２丁目１番地８,6730016
9140001129849,アスシア不動産販売株式会社,兵庫県,明石市,大道町１丁目５番５号,6730029
9140001129881,ＣＨＡＮＴＯ株式会社,兵庫県,明石市,大久保町大窪２５６−１スミノビル１Ｆ,6740051
9140001130385,ペイントヒロカワ株式会社,兵庫県,明石市,魚住町錦が丘３丁目２２番地の２１,6740081
9140001131581,株式会社ＦＲＩＳＭ,兵庫県,明石市,魚住町中尾１０３２番地,6740082
9140001131615,株式会社ＮＥＸＳＩＡ,兵庫県,明石市,魚住町西岡２１５９番地の１７,6740084
9140001131648,株式会社セイリュウ,兵庫県,明石市,西新町３丁目７番２２号,6730023
9140001132126,株式会社ＧＬＭ,兵庫県,明石市,松江１２２番地,6730036
9140001132233,株式会社サイ,兵庫県,明石市,旭が丘１４番１４号,6730002
9140001132852,株式会社ポノワーク,兵庫県,明石市,貴崎２丁目１２番２号,6730037
9140001133859,株式会社Ｓ．Ｃ　ＷＯＲＴＨ,兵庫県,明石市,二見町西二見１７２７−１,6740094
9140001134080,大西電機株式会社,兵庫県,明石市,大久保町西島８８８番地の９,6740065
9140001134295,株式会社リブレ,兵庫県,明石市,硯町１丁目７番１０号フィールドギア硯町０４号室,6730028
9140001134428,東播設計株式会社,兵庫県,明石市,藤江８９０−７６,6730044
9140001134898,株式会社Ｓｍｉｌｅ,兵庫県,明石市,相生町２丁目５−５ＫＳビル７０１号,6730882
9140001135005,株式会社匠建,兵庫県,明石市,東朝霧丘２番１３号,6730854
9140001135293,ＹＫテクノ株式会社,兵庫県,明石市,二見町福里５６６番地の６,6740091
9140001135491,えふらいふ株式会社,兵庫県,明石市,本町１丁目３番１８号、喜楽ビル２０１号,6730892
9140001135772,株式会社カサブランカ,兵庫県,明石市,魚住町清水１７１１番地の１,6740074
9140001135822,株式会社明石住設,兵庫県,明石市,和坂１丁目２番１−１０１号,6730012
9140001136291,株式会社ＨＩＲＯＫＵ,兵庫県,明石市,東人丸町２２番５号,6730876
9140001136647,シティ・ソーシャルワーク株式会社,兵庫県,明石市,大久保町大窪２１９６番地の６,6740051
9140001137059,株式会社ブルームノート,兵庫県,明石市,東野町２０４３番地の１７リベール明石ラ・メール６０５号,6730844
9140001137471,まほらまＤＸ株式会社,兵庫県,明石市,東仲ノ町６番１−１０１３号,6730886
9140001137629,株式会社ＷＩＬＬ,兵庫県,明石市,西明石南町１丁目６番１６号,6730041
9140001137918,ロープアクセスジャッロ株式会社,兵庫県,明石市,東山町２８０４番地の９３,6730868
9140001138544,８不動産リアルティ株式会社,兵庫県,明石市,小久保５丁目１１−１１、２Ｆ,6730005
9140001138643,株式会社スイミーよく,兵庫県,明石市,魚住町西岡５０４番地の２１レーク魚住１−Ｃ号室,6740084
9140001138701,株式会社明石築炉,兵庫県,明石市,大久保町大窪２６５６番地の１,6740051
9140001138726,株式会社モリゴーエステート,兵庫県,明石市,二見町南二見１０番地の２,6740093
9140001139030,株式会社Ｐｒｉｍａｖｅｒａ,兵庫県,明石市,藤江１５１７番地の１フォンテーヌ１０１号,6730044
9140001139385,株式会社シーエイト,兵庫県,明石市,小久保３丁目１番地の１,6730005
9140001139963,株式会社ルナライズ,兵庫県,明石市,西明石南町３丁目３番２５−４０４号,6730041
9140001139971,バーテックスインターナショナル株式会社,兵庫県,明石市,大久保町高丘７丁目２番地の８,6740057
9140001140120,株式会社近藤重機,兵庫県,明石市,二見町西二見１８７９番地の１２,6740094
9140001140145,株式会社Ｅｓｓｅｎｃｅ,兵庫県,明石市,藤が丘１丁目１７−８,6730046
9140001140302,あいある不動産株式会社,兵庫県,明石市,大明石町２丁目４番１１号,6730891
9140001140624,株式会社一輝,兵庫県,明石市,大久保町江井島１６４７番地の４（４０５号）,6740064
9140001141548,株式会社グロウパス,兵庫県,明石市,魚住町清水１１１番地の１ライオンズマンション４０１号,6740074
9140001142190,株式会社いろは,兵庫県,明石市,大久保町大窪９５８番地の１,6740051
9140001142224,株式会社シナジーアシスト,兵庫県,明石市,二見町西二見２００１番地−１８土山駅前スカイハイツＣ−１１０号,6740094
9140001142232,株式会社ＡＬＮＯＣＯ,兵庫県,明石市,二見町東二見９６８−１,6740092
9140001142257,株式会社サンライクス,兵庫県,明石市,朝霧町３丁目１−７２,6730866
9140002028843,住宅情報株式会社,兵庫県,明石市,沢野南町１丁目６番地の７,6730019
9140002030254,株式会社カインドリー,兵庫県,明石市,朝霧北町３７７７番地の８７,6730851
9140002030527,株式会社ピーノ,兵庫県,明石市,東仲ノ町３番２５−７０６号,6730886
9140002031310,株式会社コージービルダー,兵庫県,明石市,二見町西二見１８番地の６３,6740094
9140002031541,株式会社アイ・ディ・エヌ,兵庫県,明石市,二見町南二見２１番地の１,6740093
9140002037539,株式会社神設エンジニアリング,兵庫県,明石市,二見町東二見４６６番地の２０リーガルハウス東二見５Ｆ,6740092
9140003005569,山口物産株式会社,兵庫県,明石市,王子１丁目４番８号,6730022
9140003005651,山陽広告株式会社,兵庫県,明石市,大久保町西島６１０番地の４,6740065
9140003018298,株式会社明海商事,兵庫県,明石市,小久保６丁目１２−１０マンションビクトリーＶ−３,6730005
9150001018316,株式会社シビルエンジニアリング,兵庫県,明石市,大久保町高丘３丁目９番地の１８,6740057
