法人番号,法人名,都道府県,市区町村,番地,郵便番号
1020001123598,株式会社ＯＸ,兵庫県,神戸市兵庫区,大開通２丁目３番２１号,6520803
1070001036597,株式会社壱丈青,兵庫県,神戸市兵庫区,湊町３丁目３番７号,6520812
1120001056292,株式会社セーフティ,兵庫県,神戸市兵庫区,大開通８丁目１番１６号,6520803
1120001228065,株式会社ＤｉＬｕｃａ,兵庫県,神戸市兵庫区,松本通５丁目２番１４号,6520045
1120901027467,株式会社Ｅｓｓｅｎｃｅ,兵庫県,神戸市兵庫区,中道通１丁目１番８号,6520801
1130001042556,株式会社嘉覧,兵庫県,神戸市兵庫区,西出町１番地の３１,6520822
1130001048173,株式会社Ｂ‐ＤＡＳＨ,兵庫県,神戸市兵庫区,大開通２丁目１番６−６０１号,6520803
1140001003177,ＤＭ神戸株式会社,兵庫県,神戸市兵庫区,水木通１０丁目２番１５号,6520802
1140001004101,株式会社味希,兵庫県,神戸市兵庫区,築地町２４番,6520845
1140001004126,株式会社三宅製針商会,兵庫県,神戸市兵庫区,築地町３２番地,6520845
1140001005363,株式会社マツムラ,兵庫県,神戸市兵庫区,上沢通１丁目１番２５号,6520046
1140001005933,株式会社アドゲイン,兵庫県,神戸市兵庫区,芦原通２丁目１番２７号,6520882
1140001006114,イザック株式会社,兵庫県,神戸市兵庫区,下沢通３丁目３番８号,6520047
1140001006378,株式会社エイト設計,兵庫県,神戸市兵庫区,新開地５丁目１番７号,6520811
1140001006733,株式会社オゾネ企画,兵庫県,神戸市兵庫区,三川口町１丁目１番２４ー３０１号甲南ドエル兵庫３０１号,6520815
1140001007178,協和開発株式会社,兵庫県,神戸市兵庫区,羽坂通２丁目１番２３号,6520805
1140001007541,甲南防災株式会社,兵庫県,神戸市兵庫区,小河通１丁目１番１７号,6520895
1140001008416,株式会社シンミハウジング,兵庫県,神戸市兵庫区,山王町２丁目２番８号,6520011
1140001008507,株式会社青井,兵庫県,神戸市兵庫区,和田宮通３丁目２番３３号,6520863
1140001008606,白水設計株式会社,兵庫県,神戸市兵庫区,松原通４丁目４番２１号,6520881
1140001008688,株式会社住電,兵庫県,神戸市兵庫区,下沢通３丁目４番２７号,6520047
1140001009067,株式会社大超住建,兵庫県,神戸市兵庫区,西出町１丁目４番６号,6520822
1140001009876,株式会社ユーリックス,兵庫県,神戸市兵庫区,里山町６４６番地の１０,6520051
1140001012376,相田運輸株式会社,兵庫県,神戸市兵庫区,築地町１番２６号,6520845
1140001012392,株式会社明石屋,兵庫県,神戸市兵庫区,荒田町２丁目１８番２０−１０７号,6520032
1140001012401,飛鳥貿易株式会社,兵庫県,神戸市兵庫区,千鳥町２丁目２−２５番地,6520022
1140001012418,アサヒ畜産株式会社,兵庫県,神戸市兵庫区,駅前通２丁目１番１５−９１２号,6520898
1140001012426,株式会社吾妻,兵庫県,神戸市兵庫区,島上町２丁目１番２８号,6520833
1140001012434,株式会社アダチ,兵庫県,神戸市兵庫区,駅南通３丁目５番１６号,6520897
1140001012450,株式会社アローテックス,兵庫県,神戸市兵庫区,上沢通６丁目９番１２号,6520046
1140001012467,株式会社家馬工務店,兵庫県,神戸市兵庫区,大開通５丁目２番１号,6520803
1140001012475,池本電機工業株式会社,兵庫県,神戸市兵庫区,須佐野通２丁目１番２号,6520896
1140001012491,株式会社石原鶏卵,兵庫県,神戸市兵庫区,塚本通５丁目１番９号,6520804
1140001012500,株式会社石本商店,兵庫県,神戸市兵庫区,大開通１丁目１番３号,6520803
1140001012509,株式会社板倉商店,兵庫県,神戸市兵庫区,中之島２丁目１番２号,6520844
1140001012525,井上輪業株式会社,兵庫県,神戸市兵庫区,船大工町２番１６号,6520843
1140001012533,株式会社今井興業,兵庫県,神戸市兵庫区,松本通７丁目１番３５号,6520045
1140001012541,株式会社岩崎工務店,兵庫県,神戸市兵庫区,本町２丁目３番２９号,6520834
1140001012566,上野青果株式会社,兵庫県,神戸市兵庫区,中之島１丁目１番１号,6520844
1140001012574,株式会社上野商店,兵庫県,神戸市兵庫区,荒田町４丁目１５番１４号,6520032
1140001012616,株式会社エヌテック,兵庫県,神戸市兵庫区,西柳原町８番１８号,6520806
1140001012632,株式会社エルパール,兵庫県,神戸市兵庫区,松本通５丁目１番１号,6520045
1140001012640,株式会社大石塗装所,兵庫県,神戸市兵庫区,下沢通７丁目２番４号,6520047
1140001012657,株式会社大澤工務店,兵庫県,神戸市兵庫区,水木通８丁目２番１０号,6520802
1140001012665,株式会社大谷商店,兵庫県,神戸市兵庫区,荒田町３丁目６２番１号,6520032
1140001012673,大西商事株式会社,兵庫県,神戸市兵庫区,磯之町１番６号,6520842
1140001012681,株式会社近江商店,兵庫県,神戸市兵庫区,中之島１丁目１番１号,6520844
1140001012698,オカダトリム株式会社,兵庫県,神戸市兵庫区,水木通３丁目４番１３号,6520802
1140001012707,株式会社ＯＫＡＭＵＲＡ,兵庫県,神戸市兵庫区,七宮町１丁目１０番１号,6520831
1140001012715,株式会社小野商店,兵庫県,神戸市兵庫区,中之島１丁目１番１号,6520844
1140001012723,オリンピア株式会社,兵庫県,神戸市兵庫区,新開地２丁目１番８号,6520811
1140001012756,株式会社梶川商店,兵庫県,神戸市兵庫区,兵庫町１丁目１番１６号,6520813
1140001012764,カップ設計株式会社,兵庫県,神戸市兵庫区,大開通１丁目１番１号,6520803
1140001012789,かね八水産株式会社,兵庫県,神戸市兵庫区,中之島１丁目１番１号,6520844
1140001012806,上湊川土地株式会社,兵庫県,神戸市兵庫区,東山町３丁目６番１４号,6520042
1140001012822,川路水道株式会社,兵庫県,神戸市兵庫区,荒田町４丁目１５番１６号,6520032
1140001012830,株式会社河野工業所,兵庫県,神戸市兵庫区,本町１丁目５番５号,6520834
1140001012847,近畿プロパン株式会社,兵庫県,神戸市兵庫区,荒田町１丁目６番１０号,6520032
1140001012855,岸田資材工業株式会社,兵庫県,神戸市兵庫区,中道通５丁目１番１３号,6520801
1140001012863,株式会社喜多造船所,兵庫県,神戸市兵庫区,吉田町１丁目４番１号,6520872
1140001012888,株式会社協栄フーズ,兵庫県,神戸市兵庫区,中之島１丁目１番１号,6520844
1140001012896,株式会社久宝工務店,兵庫県,神戸市兵庫区,大開通６丁目１番２３号,6520803
1140001012905,株式会社玉港堂印刷所,兵庫県,神戸市兵庫区,下祇園町９番７号,6520015
1140001012921,株式会社国香紙業,兵庫県,神戸市兵庫区,上沢通２丁目１番２号,6520046
1140001012938,株式会社グリーン・パツク,兵庫県,神戸市兵庫区,南逆瀬川町１番１３号,6520893
1140001012946,株式会社グルンドコンサルタント,兵庫県,神戸市兵庫区,門口町１番２０号,6520814
1140001012954,ケーアール株式会社,兵庫県,神戸市兵庫区,中道通９丁目６番１７号,6520801
1140001012962,京阪神警備株式会社,兵庫県,神戸市兵庫区,中道通１丁目２番８号東播土地開発ビル２階,6520801
1140001012970,株式会社県鋲,兵庫県,神戸市兵庫区,塚本通３丁目３−２３−９０２,6520804
1140001012979,株式会社興国,兵庫県,神戸市兵庫区,西橘通１丁目１番２２号,6520034
1140001012987,公成運輸株式会社,兵庫県,神戸市兵庫区,駅南通１丁目２番１８号,6520897
1140001013003,コウベエンジニアサービス株式会社,兵庫県,神戸市兵庫区,兵庫町１丁目４番２９号,6520813
1140001013044,小西工業株式会社,兵庫県,神戸市兵庫区,遠矢浜町３番５５号,6520866
1140001013069,株式会社材井商店,兵庫県,神戸市兵庫区,大開通５丁目１番１９号,6520803
1140001013077,サイトウエンヂニアーズ株式会社,兵庫県,神戸市兵庫区,高松町２番２７号,6520874
1140001013093,阪口水産株式会社,兵庫県,神戸市兵庫区,中之島１丁目１番１号神戸市中央卸売市場内,6520844
1140001013102,サンキョー食品株式会社,兵庫県,神戸市兵庫区,荒田町３丁目４０番１９号,6520032
1140001013135,株式会社三平急送,兵庫県,神戸市兵庫区,中之島１丁目１番１号,6520844
1140001013192,神光運輸倉庫株式会社,兵庫県,神戸市兵庫区,遠矢浜町２番１５号,6520866
1140001013218,新川興産株式会社,兵庫県,神戸市兵庫区,今出在家町２丁目１番１６号,6520853
1140001013234,株式会社神鉄エンタープライズ,兵庫県,神戸市兵庫区,大開通１丁目１番１号,6520803
1140001013250,清水スプリング株式会社,兵庫県,神戸市兵庫区,湊町１丁目２番４号,6520812
1140001013259,株式会社俊,兵庫県,神戸市兵庫区,荒田町３丁目６２番７号,6520032
1140001013267,商環境コニシ株式会社,兵庫県,神戸市兵庫区,菊水町１丁目２番３号,6520058
1140001013275,株式会社松濤庵,兵庫県,神戸市兵庫区,福原町１５番５号,6520036
1140001013300,株式会社春陽軒,兵庫県,神戸市兵庫区,水木通１丁目３番１５号,6520802
1140001013309,神和電気株式会社,兵庫県,神戸市兵庫区,中道通７丁目４番２４号,6520801
1140001013317,株式会社神陵文庫,兵庫県,神戸市兵庫区,荒田町２丁目２番１４号,6520032
1140001013325,株式会社スカイパール,兵庫県,神戸市兵庫区,氷室町２丁目１０番１３号,6520054
1140001013333,鈴木ポンプ株式会社,兵庫県,神戸市兵庫区,御崎町１丁目６番１４号,6520855
1140001013341,株式会社スプレモ,兵庫県,神戸市兵庫区,塚本通６丁目１番２７号,6520804
1140001013366,誠和通建株式会社,兵庫県,神戸市兵庫区,和田崎町３丁目３番１６号,6520854
1140001013382,株式会社千寿,兵庫県,神戸市兵庫区,東山町２丁目８番６１号,6520042
1140001013390,株式会社千田のパン,兵庫県,神戸市兵庫区,水木通５丁目３番１９号,6520802
1140001013408,株式会社ソーワ,兵庫県,神戸市兵庫区,湊町３丁目４番４号,6520812
1140001013416,大英石油株式会社,兵庫県,神戸市兵庫区,須佐野通２丁目２番１３号,6520896
1140001013424,大一青果株式会社,兵庫県,神戸市兵庫区,中之島１丁目１番１号,6520844
1140001013432,大甲産業株式会社,兵庫県,神戸市兵庫区,三川口町２丁目３番７号,6520815
1140001013440,株式会社大黒屋,兵庫県,神戸市兵庫区,芦原通２丁目２番２号,6520882
1140001013449,株式会社大伸,兵庫県,神戸市兵庫区,塚本通４丁目１番１９号,6520804
1140001013498,太陽製版株式会社,兵庫県,神戸市兵庫区,佐比江町４０番地の２,6520821
1140001013507,大和機工株式会社,兵庫県,神戸市兵庫区,西出町１丁目２番１２号,6520822
1140001013515,竹内興産株式会社,兵庫県,神戸市兵庫区,今出在家町１丁目２番４号,6520853
1140001013523,高崎水産株式会社,兵庫県,神戸市兵庫区,中之島１丁目１番１号,6520844
1140001013531,株式会社高城,兵庫県,神戸市兵庫区,湊川町５丁目１０番１１号,6520041
1140001013548,株式会社タケマサ,兵庫県,神戸市兵庫区,吉田町２丁目１８番８号,6520872
1140001013564,丹生工業株式会社,兵庫県,神戸市兵庫区,荒田町２丁目１５番１７号,6520032
1140001013572,株式会社タツミヤ,兵庫県,神戸市兵庫区,湊町１丁目５番６号,6520812
1140001013606,中央えび株式会社,兵庫県,神戸市兵庫区,中之島１丁目１番１号,6520844
1140001013696,東洋物産株式会社,兵庫県,神戸市兵庫区,石井町７丁目４番８号,6520061
1140001013713,株式会社ティーエス,兵庫県,神戸市兵庫区,浜中町２丁目５番１９号,6520875
1140001013721,株式会社トモエ,兵庫県,神戸市兵庫区,大開通７丁目１番２０号,6520803
1140001013738,株式会社豊永工務店,兵庫県,神戸市兵庫区,鵯越町６番５号,6520057
1140001013746,中居建設工業株式会社,兵庫県,神戸市兵庫区,松本通７丁目１番３９号,6520045
1140001013762,株式会社中西組,兵庫県,神戸市兵庫区,芦原通６丁目１番１８号,6520882
1140001013779,長山機器電機株式会社,兵庫県,神戸市兵庫区,東出町２丁目２番２３号,6520823
1140001013795,株式会社ニイロ建設,兵庫県,神戸市兵庫区,湊町２丁目４番２４号,6520812
1140001013804,株式会社西澤商店,兵庫県,神戸市兵庫区,氷室町１丁目４番２５号,6520054
1140001013820,株式会社日営,兵庫県,神戸市兵庫区,南逆瀬川町１番９号,6520893
1140001013837,日新テクニカルサービス株式会社,兵庫県,神戸市兵庫区,笠松通７丁目３番２４号マルベリービル２０２,6520864
1140001013845,日商パーツ株式会社,兵庫県,神戸市兵庫区,塚本通１丁目２番３号,6520804
1140001013853,株式会社ニチボー,兵庫県,神戸市兵庫区,上沢通３丁目２番３号,6520046
1140001013861,株式会社ニユーＯ．Ｋモータース,兵庫県,神戸市兵庫区,平野町字天王谷筋西服６番地,6520002
1140001013878,株式会社パークリフテックサトウ,兵庫県,神戸市兵庫区,七宮町１丁目２番１７号,6520831
1140001013894,阪神機械株式会社,兵庫県,神戸市兵庫区,出在家町１丁目３番７号,6520846
1140001013903,阪神道路開発株式会社,兵庫県,神戸市兵庫区,大開通６丁目３番１３号,6520803
1140001013928,ハナヤ商事株式会社,兵庫県,神戸市兵庫区,新開地３丁目３番１６号フローレ神戸２０６号,6520811
1140001013944,バルコエンヂニヤリング株式会社,兵庫県,神戸市兵庫区,兵庫町１丁目３番２５号,6520813
1140001013952,株式会社ハラダ,兵庫県,神戸市兵庫区,東柳原町２番１０号,6520892
1140001013977,株式会社日高屋,兵庫県,神戸市兵庫区,金平町１丁目１７番１０号,6520873
1140001013985,ひまわり塗装株式会社,兵庫県,神戸市兵庫区,荒田町２丁目１５番１７号,6520032
1140001014001,株式会社ヒロセ,兵庫県,神戸市兵庫区,湊町１丁目６６番地の１,6520812
1140001014050,株式会社藤崎産業,兵庫県,神戸市兵庫区,西多聞通１丁目３番３１−１０１号,6520035
1140001014083,藤原土木興業株式会社,兵庫県,神戸市兵庫区,兵庫町２丁目２番２４号,6520813
1140001014100,株式会社プラマー,兵庫県,神戸市兵庫区,水木通２丁目２番１３号,6520802
1140001014117,ベンリ工業株式会社,兵庫県,神戸市兵庫区,磯之町２番５号,6520842
1140001014133,ホシノ不動産株式会社,兵庫県,神戸市兵庫区,羽坂通４丁目２番１２号,6520805
1140001014166,株式会社マサヤ呉服店,兵庫県,神戸市兵庫区,水木通１丁目５番１１−３０１号,6520802
1140001014174,株式会社松下電機製作所,兵庫県,神戸市兵庫区,島上町１丁目５番１１号,6520833
1140001014182,松谷海苔株式会社,兵庫県,神戸市兵庫区,切戸町６番２０号,6520847
1140001014190,株式会社松本マリン,兵庫県,神戸市兵庫区,今出在家町３丁目１番３８号,6520853
1140001014199,株式会社松屋興産,兵庫県,神戸市兵庫区,新開地１丁目４番３号,6520811
1140001014208,マツワ商事株式会社,兵庫県,神戸市兵庫区,磯之町２番１号,6520842
1140001014224,株式会社丸幸,兵庫県,神戸市兵庫区,中道通３丁目３番１０号,6520801
1140001014240,丸谷商事株式会社,兵庫県,神戸市兵庫区,会下山町３丁目６番８号,6520043
1140001014249,マルビシ株式会社,兵庫県,神戸市兵庫区,門口町１番１０号,6520814
1140001014257,丸益水産株式会社,兵庫県,神戸市兵庫区,中之島１丁目１番１号,6520844
1140001014265,マルワ産業株式会社,兵庫県,神戸市兵庫区,下沢通６丁目２番８号,6520047
1140001014281,株式会社水島酸素商会,兵庫県,神戸市兵庫区,高松町２番２８号,6520874
1140001014298,株式会社ミドリ薬局,兵庫県,神戸市兵庫区,東山町１丁目１番２４号,6520042
1140001014315,湊川薬品株式会社,兵庫県,神戸市兵庫区,水木通１丁目５番３０号,6520802
1140001014331,株式会社三藤会,兵庫県,神戸市兵庫区,中之島１丁目１番１号神戸市中央卸売市場（神戸水産物小売協同組合内）,6520844
1140001014348,株式会社ミワボシ,兵庫県,神戸市兵庫区,大開通３丁目１番２３号,6520803
1140001014356,村田スプリング株式会社,兵庫県,神戸市兵庫区,西出町２丁目１番２号,6520822
1140001014364,明藤物産株式会社,兵庫県,神戸市兵庫区,三川口町３丁目５番２６号,6520815
1140001014372,株式会社明和住事,兵庫県,神戸市兵庫区,大開通７丁目１番２１号,6520803
1140001014397,株式会社八木商会,兵庫県,神戸市兵庫区,水木通５丁目２番１４号,6520802
1140001014414,柳原運輸株式会社,兵庫県,神戸市兵庫区,中之島１丁目１番１号,6520844
1140001014447,株式会社ヤマネ工務店,兵庫県,神戸市兵庫区,水木通６丁目５番１８号,6520802
1140001014463,株式会社有宏社,兵庫県,神戸市兵庫区,入江通１丁目１番９号,6520894
1140001014471,ＹＫテラス株式会社,兵庫県,神戸市兵庫区,高松町２番２７号,6520874
1140001014488,吉井電気設備株式会社,兵庫県,神戸市兵庫区,大開通２丁目１番１８号,6520803
1140001014513,株式会社ライブコーヒー,兵庫県,神戸市兵庫区,和田宮通３丁目２番２２号,6520863
1140001014546,株式会社リフレッシュショップ・トミー,兵庫県,神戸市兵庫区,塚本通３丁目２番９号,6520804
1140001014562,株式会社六甲,兵庫県,神戸市兵庫区,湊川町４丁目８番１４−４０３号,6520041
1140001014570,株式会社神戸工業試験場,兵庫県,神戸市兵庫区,和田宮通３丁目２番２４号,6520863
1140001014579,神戸菊水株式会社,兵庫県,神戸市兵庫区,荒田町３丁目４０番１９号,6520032
1140001014587,神戸コンテナーサービス株式会社,兵庫県,神戸市兵庫区,今出在家町１丁目１０番７号,6520853
1140001014595,神戸クリーナー興業株式会社,兵庫県,神戸市兵庫区,和田宮通３丁目２番３９号,6520863
1140001014604,株式会社神戸産業,兵庫県,神戸市兵庫区,浜崎通５番６号,6520807
1140001014612,神戸船舶装備株式会社,兵庫県,神戸市兵庫区,大開通２丁目２番２８号,6520803
1140001014637,株式会社神戸ハイテック,兵庫県,神戸市兵庫区,御崎町２丁目１４番２０号,6520855
1140001014653,株式会社神戸マネージメントサービス,兵庫県,神戸市兵庫区,駅前通２丁目１番２９−１３１号,6520898
1140001014694,旭興産株式会社,兵庫県,神戸市兵庫区,水木通１０丁目２番１５号,6520802
1140001014703,兵庫製＿株式会社,兵庫県,神戸市兵庫区,西柳原町８番２０号,6520806
1140001014728,株式会社兵庫ブラシ製作所,兵庫県,神戸市兵庫区,御崎本町１丁目１番５０号,6520852
1140001014736,株式会社兵庫老人情報センター,兵庫県,神戸市兵庫区,西出町２７番地,6520822
1140001015081,株式会社神鉄ビジネスサポート,兵庫県,神戸市兵庫区,新開地１丁目３番２４号,6520811
1140001015635,株式会社青木商会,兵庫県,神戸市兵庫区,西橘通１丁目１番１６−９０２号,6520034
1140001016162,澤田運輸建設株式会社,兵庫県,神戸市兵庫区,水木通６丁目２番７号,6520802
1140001016468,株式会社千代田配管工業,兵庫県,神戸市兵庫区,浜中町２丁目１８番６号,6520875
1140001017235,エーアンドエー株式会社,兵庫県,神戸市兵庫区,築地町２番３９号,6520845
1140001017524,山陽工業株式会社,兵庫県,神戸市兵庫区,大開通１０丁目２番１９号,6520803
1140001019033,株式会社サンデン,兵庫県,神戸市兵庫区,鍛冶屋町２丁目２−１６,6520832
1140001019099,株式会社さかぐち,兵庫県,神戸市兵庫区,笠松通５丁目４番１０号,6520864
1140001019512,株式会社祥安商行,兵庫県,神戸市兵庫区,佐比江町９番１富貴ビル内,6520821
1140001019909,株式会社ノースアンドウエスト,兵庫県,神戸市兵庫区,出在家町１丁目１番地先,6520846
1140001019941,日中黄砂株式会社,兵庫県,神戸市兵庫区,島上町１丁目２番４号,6520833
1140001020172,株式会社四季の里,兵庫県,神戸市兵庫区,本町１丁目１番１７号,6520834
1140001020750,株式会社ティビー薬粧研究所,兵庫県,神戸市兵庫区,中道通１丁目４番１０号,6520801
1140001020874,株式会社スーパーウェブ,兵庫県,神戸市兵庫区,清水町３番３号,6520065
1140001020882,インディゴスタージャパン株式会社,兵庫県,神戸市兵庫区,西上橘通１丁目３番７号,6520033
1140001020916,株式会社シーシーエス,兵庫県,神戸市兵庫区,築地町３番７２,6520845
1140001021146,株式会社桝匠,兵庫県,神戸市兵庫区,和田崎町２丁目１番１７号,6520854
1140001021591,湊川実業株式会社,兵庫県,神戸市兵庫区,新開地１丁目３番３２号,6520811
1140001021732,神戸ウイングスタジアム株式会社,兵庫県,神戸市兵庫区,御崎町１丁目２番地の２,6520855
1140001022160,株式会社パルテック,兵庫県,神戸市兵庫区,今出在家町２丁目１番１７号,6520853
1140001022342,ジャパンリゾート株式会社,兵庫県,神戸市兵庫区,切戸町７番地５,6520847
1140001022739,株式会社阪神ワークス機工,兵庫県,神戸市兵庫区,塚本通３丁目３番１２号,6520804
1140001023126,仁全株式会社,兵庫県,神戸市兵庫区,湊川町３丁目１３番２０号,6520041
1140001023480,株式会社ミュウデコラシオン,兵庫県,神戸市兵庫区,東山町１丁目１１番２号,6520042
1140001023695,ティエムティトレーディング株式会社,兵庫県,神戸市兵庫区,新開地３丁目１番２３−２０２号,6520811
1140001023919,株式会社カワサキ,兵庫県,神戸市兵庫区,中之島１丁目１番３号,6520844
1140001023968,アルカ電機株式会社,兵庫県,神戸市兵庫区,和田山通１丁目２−２５Ｄ棟１２０号室,6520884
1140001024776,Ｍｅｅｔ株式会社,兵庫県,神戸市兵庫区,千鳥町１丁目２番５号,6520022
1140001025048,株式会社ｅｓ,兵庫県,神戸市兵庫区,馬場町９番２号,6520016
1140001025171,株式会社ピュアワールド,兵庫県,神戸市兵庫区,下沢通４丁目７番２８−４０１号,6520047
1140001025485,Ａ＆Ｓ企画株式会社,兵庫県,神戸市兵庫区,駅前通４丁目２−１３,6520898
1140001025551,五協商事株式会社,兵庫県,神戸市兵庫区,新開地６丁目３番２２号,6520811
1140001026211,株式会社ＩＮＨグループ,兵庫県,神戸市兵庫区,荒田町３丁目１１番１６号,6520032
1140001026665,株式会社アイティーネットサービス,兵庫県,神戸市兵庫区,駅前通２丁目１番８−５１６号,6520898
1140001026715,株式会社ａｔ　ｌｉｆｅ,兵庫県,神戸市兵庫区,松本通５丁目１番１号,6520045
1140001027003,株式会社憧,兵庫県,神戸市兵庫区,三川口町２丁目２番１７号,6520815
1140001027300,株式会社サカモトホールディングス,兵庫県,神戸市兵庫区,島上町１丁目２番１４号,6520833
1140001027754,宮古興業株式会社,兵庫県,神戸市兵庫区,笠松通７丁目１−５,6520864
1140001027936,株式会社登志乃屋,兵庫県,神戸市兵庫区,福原町８番１９号,6520036
1140001028018,株式会社望月印刷,兵庫県,神戸市兵庫区,西出町２丁目３番７号,6520822
1140001028075,株式会社エス・ジー・エム,兵庫県,神戸市兵庫区,西多聞通１丁目１番１６号,6520035
1140001028356,ラーグ株式会社,兵庫県,神戸市兵庫区,中道通１丁目４番２６−２０８号,6520801
1140001029008,株式会社アージュ・ブラン,兵庫県,神戸市兵庫区,佐比江町１２番地の２,6520821
1140001029081,株式会社神京通商,兵庫県,神戸市兵庫区,荒田町１丁目２２−１０ミナイチビル９号,6520032
1140001029148,株式会社マツモトコーヒー,兵庫県,神戸市兵庫区,切戸町１番９号,6520847
1140001029172,株式会社大開サービス,兵庫県,神戸市兵庫区,塚本通４丁目２番１２号,6520804
1140001029222,株式会社サンライズ,兵庫県,神戸市兵庫区,中道通３丁目２番２０号,6520801
1140001029239,株式会社セブンシスターズ,兵庫県,神戸市兵庫区,湊川町３丁目９番３号,6520041
1140001029577,株式会社ツツイ,兵庫県,神戸市兵庫区,荒田町１丁目１６−４,6520032
1140001030089,株式会社オンフルール,兵庫県,神戸市兵庫区,松本通７丁目１番３４号,6520045
1140001030477,株式会社ＤＯＬＬ　ＫＯＢＥ,兵庫県,神戸市兵庫区,新開地２丁目４番１７号,6520811
1140001030717,株式会社ＫＩＩＴＯＳ　ＫＯＢＥ,兵庫県,神戸市兵庫区,山王町１丁目４番地の７,6520011
1140001031161,肉工房まるよし株式会社,兵庫県,神戸市兵庫区,荒田町４丁目２９番２４−１２７号ハートフル湊川,6520032
1140001031277,株式会社ソーラーパートナーズ,兵庫県,神戸市兵庫区,夢野町２丁目７番地,6520063
1140001031319,Ｅ＆Ｍインターナショナル株式会社,兵庫県,神戸市兵庫区,須佐野通１丁目２番２０号クローバーマンション３０３号,6520896
1140001031723,株式会社エムワイ,兵庫県,神戸市兵庫区,大開通８丁目２番２−９０１号,6520803
1140001031731,平大興業株式会社,兵庫県,神戸市兵庫区,梅元町１０番２０号,6520003
1140001031764,株式会社サンライズ,兵庫県,神戸市兵庫区,会下山町３丁目３番６号,6520043
1140001031913,株式会社上杉,兵庫県,神戸市兵庫区,下沢通６丁目１番２４号,6520047
1140001031962,株式会社神戸不動産,兵庫県,神戸市兵庫区,水木通１丁目１番６号,6520802
1140001032341,徳陽株式会社,兵庫県,神戸市兵庫区,楠谷町３４−６,6520004
1140001032572,株式会社ハイアット,兵庫県,神戸市兵庫区,下沢通３丁目４番２７号,6520047
1140001032671,株式会社プラス・ワン,兵庫県,神戸市兵庫区,出在家町２丁目４番１１号,6520846
1140001033884,株式会社キャスキット,兵庫県,神戸市兵庫区,塚本通７丁目２−１７−７０４号,6520804
1140001034016,アーク株式会社,兵庫県,神戸市兵庫区,大開通１０丁目２番２３−９０１号,6520803
1140001034156,株式会社智廣工作,兵庫県,神戸市兵庫区,上庄通３丁目１番２号,6520862
1140001034263,株式会社コイネックス,兵庫県,神戸市兵庫区,和田山通１丁目２番２５号Ｄ２１９,6520884
1140001035385,株式会社飛天ホーム,兵庫県,神戸市兵庫区,御崎本町１丁目１番６−１４１４号,6520852
1140001037992,レイホーム株式会社,兵庫県,神戸市兵庫区,中道通６丁目３番５号,6520801
1140001038025,株式会社高橋組,兵庫県,神戸市兵庫区,南逆瀬川町２番１号１階,6520893
1140001038099,株式会社創心社,兵庫県,神戸市兵庫区,兵庫町２丁目３−２１,6520813
1140001042200,亜洲トークン株式会社,兵庫県,神戸市兵庫区,西出町２丁目９番２号,6520822
1140001042217,株式会社協神工業所,兵庫県,神戸市兵庫区,吉田町３丁目７番２８号金川造船株式会社内,6520872
1140001042308,プランニングあさくら株式会社,兵庫県,神戸市兵庫区,福原町３番３号,6520036
1140001042316,株式会社ＡＫコーポレーション,兵庫県,神戸市兵庫区,水木通３丁目１番３号,6520802
1140001042332,ソーシャルレンディング株式会社,兵庫県,神戸市兵庫区,西多聞通１丁目３番３２号ＦＫビル,6520035
1140001046127,株式会社ドリームインターナショナル,兵庫県,神戸市兵庫区,荒田町４丁目２８−９、１階２号室,6520032
1140001046218,株式会社マイダスコーポレーション,兵庫県,神戸市兵庫区,三川口町１丁目２番９号,6520815
1140001047257,株式会社松風,兵庫県,神戸市兵庫区,松本通３丁目１番４４号,6520045
1140001054187,株式会社ゼン・マネージメント,兵庫県,神戸市兵庫区,駅前通２丁目１番４０−４０３号,6520898
1140001057009,株式会社大正プログレス,兵庫県,神戸市兵庫区,永沢町４丁目５番４号,6520816
1140001057132,住宅設計支援室株式会社,兵庫県,神戸市兵庫区,浜崎通５−８−２１０,6520807
1140001057280,株式会社ヨシオカ,兵庫県,神戸市兵庫区,下沢通３丁目４−２５神戸市管工事会館５０１号,6520047
1140001057388,株式会社ＪＭＣ,兵庫県,神戸市兵庫区,大開通２丁目３−２１甲南アセット大開ビル別館５階,6520803
1140001067024,株式会社フレッツソリューションズ,兵庫県,神戸市兵庫区,水木通６丁目４番１４号,6520802
1140001067354,ＭＡＫＳ株式会社,兵庫県,神戸市兵庫区,湊町１丁目２番１５−１０１号,6520812
1140001067453,みやこトラスト株式会社,兵庫県,神戸市兵庫区,御崎本町１丁目１番５４号,6520852
1140001067775,株式会社成田ホテルホールディングス,兵庫県,神戸市兵庫区,湊町１丁目５番１３号,6520812
1140001074301,株式会社ナチュラル・ケア,兵庫県,神戸市兵庫区,須佐野通２丁目１番１４号浅田ビル３Ｆ,6520896
1140001077667,株式会社ＧＦＣリアルエステート,兵庫県,神戸市兵庫区,水木通４丁目２番６号セブンレジデンス神戸水木通３Ｆ,6520802
1140001077816,株式会社京,兵庫県,神戸市兵庫区,湊町１丁目２番１１号,6520812
1140001084408,イーストマテリアル株式会社,兵庫県,神戸市兵庫区,出在家町２丁目２番２４号,6520846
1140001084589,株式会社アワジテック,兵庫県,神戸市兵庫区,新開地３丁目１番１４号,6520811
1140001086635,株式会社Ａｚｏｔｈ,兵庫県,神戸市兵庫区,湊町２丁目３番地２９号１階,6520812
1140001086643,株式会社Ｋ−ＬＩＮＫＳ,兵庫県,神戸市兵庫区,塚本通８丁目１番１号,6520804
1140001086750,シンエスタ株式会社,兵庫県,神戸市兵庫区,下沢通８丁目４−１１,6520047
1140001086866,ナンワ株式会社,兵庫県,神戸市兵庫区,浜中町２丁目１８番１２号,6520875
1140001087030,株式会社ＲＡＢＩＸ,兵庫県,神戸市兵庫区,三川口町１丁目２番３号,6520815
1140001087195,株式会社ｃｏｎｆｉｄｅｎｃｅ,兵庫県,神戸市兵庫区,本町１丁目３番９−２０１号,6520834
1140001087591,株式会社プロショップキヨ,兵庫県,神戸市兵庫区,西宮内町２−２４,6520891
1140001088004,関西サポートサービス株式会社,兵庫県,神戸市兵庫区,築地町３番３０号,6520845
1140001089084,株式会社豆福,兵庫県,神戸市兵庫区,大開通５丁目１−１５,6520803
1140001089324,株式会社Ｏ．Ｎ．Ｄｒｅａｍ,兵庫県,神戸市兵庫区,熊野町４丁目２番１１号,6520064
1140001089357,株式会社松下工務店,兵庫県,神戸市兵庫区,下祇園町１６番５号,6520015
1140001089448,株式会社アーバニーＢＭＣ,兵庫県,神戸市兵庫区,馬場町１５番１０号,6520016
1140001090827,株式会社タイムロード,兵庫県,神戸市兵庫区,松本通８丁目３番１号,6520045
1140001090918,株式会社巴商会,兵庫県,神戸市兵庫区,大開通７丁目１番１７号,6520803
1140001091503,如水商事株式会社,兵庫県,神戸市兵庫区,七宮町２丁目２番１１号,6520831
1140001091767,株式会社ぼん運送店,兵庫県,神戸市兵庫区,門口町１番２８号,6520814
1140001091908,ＨＳＩコマース株式会社,兵庫県,神戸市兵庫区,吉田町２丁目１３番６号,6520872
1140001092435,株式会社Ｐ＆Ｏ,兵庫県,神戸市兵庫区,佐比江町１９清水マンション１Ｆ,6520821
1140001093623,神戸活魚株式会社,兵庫県,神戸市兵庫区,吉田町１丁目１０番２号,6520872
1140001094167,ゼロワン株式会社,兵庫県,神戸市兵庫区,駅前通４丁目３番６−１４号,6520898
1140001094638,株式会社Ｌｉｖｉａ,兵庫県,神戸市兵庫区,下沢通１丁目１番１７号朝日プラザ湊川１０４,6520047
1140001094869,株式会社ドリーム時代,兵庫県,神戸市兵庫区,西出町１丁目３−１１,6520822
1140001095347,株式会社Ｋ．Ｍフードプランニング,兵庫県,神戸市兵庫区,羽坂通４丁目２番１７号オライジュ１番館６０１,6520805
1140001095421,エフツーテック株式会社,兵庫県,神戸市兵庫区,松本通２丁目４番２５号,6520045
1140001096221,宝和工業株式会社,兵庫県,神戸市兵庫区,湊川町１０丁目２番７号,6520041
1140001096650,株式会社ヒロデン,兵庫県,神戸市兵庫区,吉田町１丁目１４番１１号トレス吉田２０２号,6520872
1140001096956,ウエスト・ライン株式会社,兵庫県,神戸市兵庫区,中之島１丁目１−４−３Ｆ２４号,6520844
1140001097145,株式会社ミヤック,兵庫県,神戸市兵庫区,大開通１丁目１番１６号シンプルライフ新開地３０１,6520803
1140001097203,株式会社ここる,兵庫県,神戸市兵庫区,駅前通１丁目２−１２ＮＬＣチャンピオン兵庫ビル２Ｃ,6520898
1140001097277,株式会社ネクストライト,兵庫県,神戸市兵庫区,水木通６丁目４番１２号,6520802
1140001097343,株式会社エステートナカジマ,兵庫県,神戸市兵庫区,上沢通７丁目５番１５号,6520046
1140001097401,株式会社尚美,兵庫県,神戸市兵庫区,荒田町４丁目１８番１０号,6520032
1140001097442,株式会社スクラム,兵庫県,神戸市兵庫区,湊町１丁目４番２６号,6520812
1140001097632,株式会社タケモト,兵庫県,神戸市兵庫区,浜崎通５番６−６０３号,6520807
1140001097830,株式会社プロテクト,兵庫県,神戸市兵庫区,湊町４丁目１番１６号１０２,6520812
1140001098309,株式会社グッドケア,兵庫県,神戸市兵庫区,菊水町８丁目２番１号,6520058
1140001099686,株式会社蔵人,兵庫県,神戸市兵庫区,切戸町５番２３号,6520847
1140001100148,株式会社ＹＴフーズ,兵庫県,神戸市兵庫区,中道通１丁目２番５号,6520801
1140001100395,株式会社ファーストエムズ,兵庫県,神戸市兵庫区,西橘通２丁目４番１４号,6520034
1140001100668,株式会社ウィルエナジー,兵庫県,神戸市兵庫区,荒田町１丁目２０−１,6520032
1140001100874,株式会社ＫＯＢＥ河栄,兵庫県,神戸市兵庫区,菊水町５丁目２番７号,6520058
1140001101204,株式会社エイワ防虫,兵庫県,神戸市兵庫区,金平町２丁目１番２３号,6520873
1140001101377,劉氏株式会社,兵庫県,神戸市兵庫区,上沢通２丁目５番１０号３０２,6520046
1140001102078,株式会社アームパワージャパン,兵庫県,神戸市兵庫区,塚本通６丁目１番１８号国光ビル,6520804
1140001102474,株式会社ＡＭＯＮ,兵庫県,神戸市兵庫区,浜中町１丁目６番９号,6520875
1140001103621,株式会社オネストエレクトリカ,兵庫県,神戸市兵庫区,吉田町２丁目３９番１１号,6520872
1140001104074,株式会社エデュラボ,兵庫県,神戸市兵庫区,羽坂通４丁目２番１１号駅前中川ビル４０１,6520805
1140001104900,株式会社ファミリー警備,兵庫県,神戸市兵庫区,中道通９丁目３番１７号,6520801
1140001105080,株式会社ハナクマ,兵庫県,神戸市兵庫区,切戸町六丁目３番１号,6520847
1140001105329,株式会社Ａｐｒｏ,兵庫県,神戸市兵庫区,湊町１丁目４番１０−１３０１号,6520812
1140001105452,株式会社片山技建,兵庫県,神戸市兵庫区,荒田町３丁目７１番９号−１０５,6520032
1140001105898,株式会社ＴｏｎＴｏｎ,兵庫県,神戸市兵庫区,新開地１丁目１番８号２階,6520811
1140001105972,株式会社福進,兵庫県,神戸市兵庫区,神田町１番６号,6520006
1140001106129,ＲＫサービス株式会社,兵庫県,神戸市兵庫区,塚本通２丁目２番５号ホワイト塚本１０１,6520804
1140001107820,株式会社ＹＳＣホールディングス,兵庫県,神戸市兵庫区,七宮町２丁目１番１号,6520831
1140001108430,日本尿素開発株式会社,兵庫県,神戸市兵庫区,金平町１丁目１０番１３号,6520873
1140001109197,ＥＩＣＨＩ　ＫＯＧＹＯ株式会社,兵庫県,神戸市兵庫区,御所通１丁目１番２３号,6520885
1140001109412,Ｐｒｉｍａｌ　Ｓｙｓｔｅｍ株式会社,兵庫県,神戸市兵庫区,駅南通２丁目１−１０−９１４,6520897
1140001109908,株式会社ＰＲＩＭＯ,兵庫県,神戸市兵庫区,荒田町３丁目７５番１号,6520032
1140001111079,株式会社ＳＯＲＡＮＯ,兵庫県,神戸市兵庫区,島上町１丁目２番５号,6520833
1140001111426,株式会社ＡＳＵＫＡＲＥＧＥ,兵庫県,神戸市兵庫区,上沢通６丁目８番６号,6520046
1140001112085,株式会社セントラル貿易,兵庫県,神戸市兵庫区,福原町５−４ジョイフル神戸２階,6520036
1140001112473,株式会社ＴｕｍＤｒａ,兵庫県,神戸市兵庫区,浜中町１丁目１７番１号,6520875
1140001113455,株式会社ＧＬＡＣＨＩＣ,兵庫県,神戸市兵庫区,須佐野通４丁目３番９−７０３号,6520896
1140001114032,華潤株式会社,兵庫県,神戸市兵庫区,浜中町１丁目１７−５,6520875
1140001114180,Ｉｖｙ　Ｔｅｃ株式会社,兵庫県,神戸市兵庫区,石井町２丁目３−１０スマイルウエストビル２階,6520061
1140001114370,株式会社豊和,兵庫県,神戸市兵庫区,新開地１丁目３番１５−３０６号,6520811
1140001114619,株式会社誠栄,兵庫県,神戸市兵庫区,湊川町５丁目８番１号,6520041
1140001115757,株式会社一東書道会,兵庫県,神戸市兵庫区,水木通４丁目１番１９号,6520802
1140001117217,Ｍｅｉｔｅｎ株式会社,兵庫県,神戸市兵庫区,中之島１丁目１−４関連中央棟３階１９号,6520844
1140001117704,株式会社栄光,兵庫県,神戸市兵庫区,新開地６丁目２番２０−１４０１号,6520811
1140001118025,株式会社平成サービス,兵庫県,神戸市兵庫区,湊山町７番２号,6520012
1140001118735,株式会社ライフリターン,兵庫県,神戸市兵庫区,兵庫町１丁目１番１６−２０３号,6520813
1140001119898,株式会社ジン・ダイニング,兵庫県,神戸市兵庫区,和田宮通４丁目２番３号,6520863
1140001120204,株式会社神優,兵庫県,神戸市兵庫区,築地町３番５１号,6520845
1140001120212,株式会社れんこん,兵庫県,神戸市兵庫区,永沢町２丁目５番８号高架山側９３番２Ｆ,6520816
1140001120377,株式会社ＫＭＴ,兵庫県,神戸市兵庫区,新開地４丁目５−２紀伊ビル３Ｆ,6520811
1140001120823,株式会社奇跡,兵庫県,神戸市兵庫区,水木通８丁目１番４号,6520802
1140001120947,やまと株式会社,兵庫県,神戸市兵庫区,熊野町４丁目８番１０号,6520064
1140001121210,精専工業株式会社,兵庫県,神戸市兵庫区,笠松通７丁目１−１２,6520864
1140001121648,株式会社イエダ,兵庫県,神戸市兵庫区,吉田町３丁目７番２８号,6520872
1140001121739,株式会社ＰＡＮＴＨＥＭ,兵庫県,神戸市兵庫区,西多聞通１丁目３番６号１階,6520035
1140001121747,大沢新池発電所株式会社,兵庫県,神戸市兵庫区,下沢通８丁目４番１１号,6520047
1140001122274,株式会社巽建設,兵庫県,神戸市兵庫区,荒田町３丁目５５番１号,6520032
1140001122480,株式会社森販,兵庫県,神戸市兵庫区,上沢通７丁目５番１７号,6520046
1140001122638,株式会社ケイツープランニング,兵庫県,神戸市兵庫区,福原町７番１０−３０１号,6520036
1140001124089,株式会社ファミリー新開地,兵庫県,神戸市兵庫区,新開地３丁目３番１７−１０１号,6520811
1140001124196,サイトウエアテクノ株式会社,兵庫県,神戸市兵庫区,浜中町１丁目１３番７号,6520875
1140001124345,ＩＮＶＩＣＴＡＳ株式会社,兵庫県,神戸市兵庫区,滝山町７番６２号,6520056
1140001124361,株式会社華和,兵庫県,神戸市兵庫区,新開地４丁目４番７号,6520811
1140001125005,株式会社ＧＬＪ,兵庫県,神戸市兵庫区,湊町１丁目１７番地の１７,6520812
1140001125319,株式会社Ｓａｋｕｒａ　Ｍｏｂｉｌｅｓ,兵庫県,神戸市兵庫区,水木通１丁目１番２号福田ビル３ＦＣ南,6520802
1140001125616,株式会社クリエイトデザイン,兵庫県,神戸市兵庫区,駅前通２丁目１番２９−１０３２号,6520898
1140001125632,ＤＡＲＵＭＡ株式会社,兵庫県,神戸市兵庫区,西橘通２丁目１−８−２Ｆ,6520034
1140001126770,株式会社レヴォルテ,兵庫県,神戸市兵庫区,浜中町２丁目１２−３−６０３,6520875
1140001127629,株式会社フィルムス,兵庫県,神戸市兵庫区,福原町３２番１５号,6520036
1140001127810,株式会社Ｓｏｐｈｉａ,兵庫県,神戸市兵庫区,西多聞通１丁目３番２０号,6520035
1140001128288,株式会社Ｓｕｂｓｃｈｉｖｅ,兵庫県,神戸市兵庫区,吉田町１丁目１−３御崎グリーンマンション５１１号,6520872
1140001129063,株式会社リンクス,兵庫県,神戸市兵庫区,西橘通２丁目３番８−２１ビル４０２号,6520034
1140001129278,株式会社サンクスポート,兵庫県,神戸市兵庫区,東出町３丁目１９番６号,6520823
1140001130260,福銘商事株式会社,兵庫県,神戸市兵庫区,荒田町２丁目７番６−１号,6520032
1140001130673,株式会社中西不動産,兵庫県,神戸市兵庫区,熊野町４丁目７番１７号,6520064
1140001131267,ＴＨＲＩＣＥ株式会社,兵庫県,神戸市兵庫区,湊町２丁目４番２９号３Ｆ,6520812
1140001131580,株式会社３Ｓ,兵庫県,神戸市兵庫区,和田崎町３丁目２番１号,6520854
1140001132199,株式会社Ｆ‐ＢＡＳＥ,兵庫県,神戸市兵庫区,福原町１１番１６号豊村ビル３階,6520036
1140001132678,株式会社さくら,兵庫県,神戸市兵庫区,浜崎通５番３０号,6520807
1140001132851,葡萄の樹株式会社,兵庫県,神戸市兵庫区,上庄通３丁目１番１号３階,6520862
1140001133148,株式会社豊永,兵庫県,神戸市兵庫区,金平町１丁目５番７号,6520873
1140001133552,株式会社ＫｎｏｗｌｅｄｇｅＴｒａｎｓｆｅｒ,兵庫県,神戸市兵庫区,東山町３丁目３番１２号,6520042
1140001134096,株式会社ＨＭＫ,兵庫県,神戸市兵庫区,菊水町１０丁目３９番地の１４,6520058
1140001134641,株式会社Ｍａｙ　Ｂｌｅａｔ,兵庫県,神戸市兵庫区,下沢通８丁目４番４−８０７号,6520047
1140001134699,株式会社ユーズホールディングス,兵庫県,神戸市兵庫区,本町２丁目３番１８号,6520834
1140001135474,株式会社ファーストトラスト,兵庫県,神戸市兵庫区,羽坂通３丁目７−３豊縁兵庫ビル２０６号,6520805
1140001136695,デルタエンジニアリング株式会社,兵庫県,神戸市兵庫区,上三条町１−２３−２０２号,6520013
1140001136704,株式会社ＥＳＴＡＴＥ‐Ｕ,兵庫県,神戸市兵庫区,熊野町５丁目４−１３、２Ｆ,6520064
1140001136786,株式会社ＥＳＣ,兵庫県,神戸市兵庫区,福原町７−５−１Ｆ,6520036
1140001137000,株式会社来来,兵庫県,神戸市兵庫区,新開地６丁目２番３−１０３号,6520811
1140001137017,ＨＵＩ株式会社,兵庫県,神戸市兵庫区,上沢通７丁目２番７号,6520046
1140001137041,株式会社神都商会,兵庫県,神戸市兵庫区,荒田町１丁目９番３号,6520032
1140001137132,株式会社西日本設備,兵庫県,神戸市兵庫区,松原通５丁目１番１号,6520881
1140001137207,株式会社ラピエール,兵庫県,神戸市兵庫区,上祇園町９番６号,6520008
1140001137215,株式会社山内設計事務所,兵庫県,神戸市兵庫区,西出町１丁目１４番２号,6520822
1140001137363,ＡｕＣ株式会社,兵庫県,神戸市兵庫区,駅南通５丁目２番３−１００１号,6520897
1140001137702,株式会社阪神内装,兵庫県,神戸市兵庫区,下三条町４番３号,6520014
1140001137933,アラティ株式会社,兵庫県,神戸市兵庫区,西仲町１−６西棟４０３,6520835
1140001138312,ケーシンＬｉｅｎ株式会社,兵庫県,神戸市兵庫区,駅南通４丁目４−１３リードビル６Ｆ,6520897
1140001138543,ＢＢＧ株式会社,兵庫県,神戸市兵庫区,湊山町５番１０−３０２号,6520012
1140001138675,株式会社皐,兵庫県,神戸市兵庫区,中道通９丁目２−１３,6520801
1140001138741,株式会社Ｄ＆ＳＲＩＮＩＫＡ,兵庫県,神戸市兵庫区,塚本通５丁目２番２号兵庫区塚本通五丁目ビル１階,6520804
1140001138948,株式会社シルバー,兵庫県,神戸市兵庫区,上庄通３丁目１−１−２Ｂ室,6520862
1140001138964,株式会社サクラソウ,兵庫県,神戸市兵庫区,上沢通３丁目７−１３,6520046
1140001139137,株式会社ＮｏｖａＥｒａ,兵庫県,神戸市兵庫区,御崎町１丁目４番２３号,6520855
1140001139368,株式会社ロッキー,兵庫県,神戸市兵庫区,熊野町２丁目６番１７−１号,6520064
1140001139500,ＴＯＫＡＪ　ＷＩＮＥ　ＧＲＯＵＰ株式会社,兵庫県,神戸市兵庫区,三川口町３丁目３番３号,6520815
1140001139525,株式会社Ｍ．Ｐ．Ｒ,兵庫県,神戸市兵庫区,芦原通４丁目２−２５,6520882
1140001139822,トーテックホールディングス株式会社,兵庫県,神戸市兵庫区,駅前通５丁目１番１８号,6520898
1140001140697,株式会社大野電気,兵庫県,神戸市兵庫区,笠松通７丁目３番４号,6520864
1140001140912,有賀株式会社,兵庫県,神戸市兵庫区,荒田町１丁目１９番７号,6520032
1140001140961,株式会社ＫＮＴ,兵庫県,神戸市兵庫区,上庄通３丁目１番１０号,6520862
1140001141027,株式会社みなと人財サービス,兵庫県,神戸市兵庫区,下沢通３丁目４番２７号オオスミビル５階,6520047
1140001142388,株式会社ＲＩＭ‐ＭＥＤＩＡ,兵庫県,神戸市兵庫区,水木通１０丁目１番２９号高木ビル３階,6520802
1140002012417,株式会社ゆうわプランニング,兵庫県,神戸市兵庫区,東山町４丁目１３番地,6520042
1140002024825,株式会社ＣＬＯＳＥ,兵庫県,神戸市兵庫区,五宮町３番２号,6520007
1230001001188,株式会社マリンシックス,兵庫県,神戸市兵庫区,西出町２８−４,6520822
2010001101926,株式会社パワーリンク,兵庫県,神戸市兵庫区,荒田町３丁目４番１１号,6520032
2010401148286,株式会社Ｒｉｚｚ,兵庫県,神戸市兵庫区,塚本通３丁目３番地２０,6520804
2010401186303,株式会社百合凪グループ,兵庫県,神戸市兵庫区,羽坂通３丁目７番１４号ラ・ファミーユ１０１号室,6520805
2011501026968,パンダ商事株式会社,兵庫県,神戸市兵庫区,南仲町１番５−３１０号,6520841
2100002027211,株式会社ソウルメイト,兵庫県,神戸市兵庫区,西多聞通１丁目１−１５ピースフルライフワコー２０３号室,6520035
2120001172915,同心国際株式会社,兵庫県,神戸市兵庫区,本町１丁目３番２３号,6520834
2120001175686,株式会社ランウェイ,兵庫県,神戸市兵庫区,新開地４丁目４−７,6520811
2120001195577,株式会社直城,兵庫県,神戸市兵庫区,西上橘通２丁目４番１１号,6520033
2120001215616,株式会社エヌアンドジェイ,兵庫県,神戸市兵庫区,松本通６丁目４番３０号１０２号,6520045
2120001270223,気楽ハウス株式会社,兵庫県,神戸市兵庫区,湊町２丁目４−１５リトルサンマリン１Ｆ,6520812
2120901042886,株式会社ゆず,兵庫県,神戸市兵庫区,東出町３丁目２２−１１−１階,6520823
2130001048940,株式会社オカクル,兵庫県,神戸市兵庫区,須佐野通４丁目３番７号,6520896
2140001002979,株式会社アダージョ,兵庫県,神戸市兵庫区,天王町１丁目２３４−３,6520021
2140001003374,株式会社インテリア吉田,兵庫県,神戸市兵庫区,塚本通５丁目３−１６,6520804
2140001004447,インターマリン工業株式会社,兵庫県,神戸市兵庫区,七宮町１丁目８番１８号,6520831
2140001005387,ミタカ興産株式会社,兵庫県,神戸市兵庫区,出在家町２丁目２番３１号,6520846
2140001006162,株式会社市来建築設計事務所,兵庫県,神戸市兵庫区,駅前通１丁目３番１４号２０６,6520898
2140001007193,旭光電機株式会社,兵庫県,神戸市兵庫区,荒田町１丁目２番４号,6520032
2140001009074,株式会社大日観光,兵庫県,神戸市兵庫区,浜中町１丁目１１番６号,6520875
2140001009272,タプロゲ・ジャパン株式会社,兵庫県,神戸市兵庫区,北逆瀬川町１番３４号,6520837
2140001009693,株式会社ドテヤマビジネス,兵庫県,神戸市兵庫区,中道通３丁目２番１０号,6520801
2140001010890,株式会社埋文,兵庫県,神戸市兵庫区,荒田町３丁目２１番１号,6520032
2140001011567,ＹＳホールディングス株式会社,兵庫県,神戸市兵庫区,本町２丁目１番４号,6520834
2140001012029,神戸商船株式会社,兵庫県,神戸市兵庫区,西柳原町３番２３号,6520806
2140001012425,株式会社浅原商店,兵庫県,神戸市兵庫区,中之島１丁目１−１,6520844
2140001012441,株式会社アンビヴァレント,兵庫県,神戸市兵庫区,荒田町１丁目１０番５−１３０２号,6520032
2140001012490,石建工芸株式会社,兵庫県,神戸市兵庫区,東山町２丁目６−８,6520042
2140001012499,石元石材工業株式会社,兵庫県,神戸市兵庫区,菊水町９丁目１７番６号,6520058
2140001012508,株式会社板倉製作所,兵庫県,神戸市兵庫区,中道通８丁目１番２号,6520801
2140001012524,株式会社井上林吉商店,兵庫県,神戸市兵庫区,北逆瀬川町１番１号,6520837
2140001012532,井原塗料株式会社,兵庫県,神戸市兵庫区,鍛冶屋町１丁目３番１５号,6520832
2140001012573,潮電工株式会社,兵庫県,神戸市兵庫区,七宮町１丁目４番３号,6520831
2140001012581,株式会社浦田商店,兵庫県,神戸市兵庫区,中之島１丁目１番１号,6520844
2140001012607,株式会社エトー技研工業,兵庫県,神戸市兵庫区,駅南通１丁目２番２４号,6520897
2140001012615,株式会社エナジス,兵庫県,神戸市兵庫区,和田崎町１丁目１番１号,6520854
2140001012680,近江機械工業株式会社,兵庫県,神戸市兵庫区,御崎本町１丁目１番５４号,6520852
2140001012689,株式会社岡工務店,兵庫県,神戸市兵庫区,水木通４丁目１番１号,6520802
2140001012730,開洋工業株式会社,兵庫県,神戸市兵庫区,西出町１丁目２番４号,6520822
2140001012747,株式会社関西水栓,兵庫県,神戸市兵庫区,駅前通２丁目２番２５号,6520898
2140001012763,片田勝義不動産株式会社,兵庫県,神戸市兵庫区,小松通５丁目１番２２号,6520865
2140001012771,カネウメ青果株式会社,兵庫県,神戸市兵庫区,中之島１丁目１番１号,6520844
2140001012805,株式会社神谷商店,兵庫県,神戸市兵庫区,築地町３番１４号,6520845
2140001012846,株式会社菊原組,兵庫県,神戸市兵庫区,三石通２丁目２番１９号,6520861
2140001012854,寄神建設株式会社,兵庫県,神戸市兵庫区,七宮町２丁目１番１号,6520831
2140001012870,株式会社キタノ不動産,兵庫県,神戸市兵庫区,湊川町５丁目２番１３号,6520041
2140001012887,株式会社共栄社,兵庫県,神戸市兵庫区,三川口町３丁目６番１７号,6520815
2140001012904,旭栄鉄工株式会社,兵庫県,神戸市兵庫区,笠松通６丁目３番１８号,6520864
2140001012920,株式会社クニ工務店,兵庫県,神戸市兵庫区,大開通３丁目１番３６号,6520803
2140001012929,株式会社群馬製作所,兵庫県,神戸市兵庫区,中道通８丁目１番２４号,6520801
2140001012961,株式会社ケイ・テイ・プロジエクト,兵庫県,神戸市兵庫区,荒田町１丁目１０番５グランドプラザ神戸４０１号,6520032
2140001012978,宏建株式会社,兵庫県,神戸市兵庫区,上沢通３丁目２番３号ニチボービル４階,6520046
2140001013002,コーベアス株式会社,兵庫県,神戸市兵庫区,塚本通３丁目３番１４号,6520804
2140001013010,株式会社興本,兵庫県,神戸市兵庫区,中道通９丁目５番１０号,6520801
2140001013035,小城電気株式会社,兵庫県,神戸市兵庫区,小河通４丁目２番６号,6520895
2140001013043,寿実業株式会社,兵庫県,神戸市兵庫区,羽坂通３丁目７番３号,6520805
2140001013084,山幸興業株式会社,兵庫県,神戸市兵庫区,東出町３丁目１０番２号,6520823
2140001013092,株式会社魁建設工業,兵庫県,神戸市兵庫区,佐比江町３３番地の１,6520821
2140001013118,株式会社サンスリー設計事務所,兵庫県,神戸市兵庫区,浜崎通１０番１号,6520807
2140001013134,三宮不動産株式会社,兵庫県,神戸市兵庫区,湊町３丁目２番９号,6520812
2140001013150,山陽商事株式会社,兵庫県,神戸市兵庫区,下沢通６丁目１番３号,6520047
2140001013159,三和工業株式会社,兵庫県,神戸市兵庫区,西仲町２番８号,6520835
2140001013167,株式会社三立電気商会,兵庫県,神戸市兵庫区,荒田町３丁目７４番３０号,6520032
2140001013175,信栄建設工業株式会社,兵庫県,神戸市兵庫区,大開通９丁目２番８号,6520803
2140001013183,株式会社シー・アンド・エス,兵庫県,神戸市兵庫区,今出在家町１丁目２番４号,6520853
2140001013191,株式会社神港青写真工業所,兵庫県,神戸市兵庫区,下沢通４丁目７番３０号,6520047
2140001013225,信成物産株式会社,兵庫県,神戸市兵庫区,本町１丁目４番２３号,6520834
2140001013233,ＰＰＧ　ＰＭＣジャパン株式会社,兵庫県,神戸市兵庫区,大開通１丁目１番１号,6520803
2140001013241,株式会社四宮商店,兵庫県,神戸市兵庫区,永沢町３丁目１番１１号,6520816
2140001013258,株式会社嶋村,兵庫県,神戸市兵庫区,高松町２番３号,6520874
2140001013266,伸陽興産株式会社,兵庫県,神戸市兵庫区,浜崎通４番１３号,6520807
2140001013274,株式会社十字路,兵庫県,神戸市兵庫区,荒田町３丁目７４番２３号,6520032
2140001013290,昭和船用品株式会社,兵庫県,神戸市兵庫区,東出町２丁目２番２３−１,6520823
2140001013316,三菱重工機械システム株式会社,兵庫県,神戸市兵庫区,和田崎町１丁目１番１号,6520854
2140001013324,株式会社須貝工務店,兵庫県,神戸市兵庫区,松原通４丁目１番１５号,6520881
2140001013332,株式会社鈴木商店,兵庫県,神戸市兵庫区,中之島１丁目１番１号,6520844
2140001013349,勢興食品株式会社,兵庫県,神戸市兵庫区,中道通７丁目４番２７号,6520801
2140001013357,株式会社征商,兵庫県,神戸市兵庫区,菊水町７丁目２番５号,6520058
2140001013365,株式会社清友社,兵庫県,神戸市兵庫区,塚本通３丁目３番２９号,6520804
2140001013373,株式会社宣工社,兵庫県,神戸市兵庫区,会下山町３丁目１０番１６号,6520043
2140001013398,株式会社全麺会館,兵庫県,神戸市兵庫区,西多聞通１丁目３番２２号,6520035
2140001013407,湊東建設株式会社,兵庫県,神戸市兵庫区,荒田町１丁目１０番９号,6520032
2140001013415,大王運輸株式会社,兵庫県,神戸市兵庫区,島上町１丁目５番１６号,6520833
2140001013423,株式会社録,兵庫県,神戸市兵庫区,西橘通２丁目３番５号,6520034
2140001013431,株式会社兵庫技研,兵庫県,神戸市兵庫区,本町２丁目４番１１,6520834
2140001013448,株式会社ダイシン,兵庫県,神戸市兵庫区,御崎本町３丁目１番１６号,6520852
2140001013464,大正建設株式会社,兵庫県,神戸市兵庫区,松原通４丁目４番２８号,6520881
2140001013472,株式会社大東工作所,兵庫県,神戸市兵庫区,出在家町２丁目６番２号,6520846
2140001013480,大日精機工業株式会社,兵庫県,神戸市兵庫区,大開通５丁目２番２７号,6520803
2140001013489,太平洋貿易株式会社,兵庫県,神戸市兵庫区,荒田町１丁目３番２８−１０２号,6520032
2140001013522,株式会社瀧上工務店,兵庫県,神戸市兵庫区,永沢町３丁目７番２８号,6520816
2140001013539,高千代産業株式会社,兵庫県,神戸市兵庫区,出在家町２丁目２番３１号,6520846
2140001013555,宝海運株式会社,兵庫県,神戸市兵庫区,出在家町１丁目６番３号,6520846
2140001013571,辰己水産株式会社,兵庫県,神戸市兵庫区,中之島１丁目１番１号,6520844
2140001013588,株式会社タマイ,兵庫県,神戸市兵庫区,東出町３丁目１番１号,6520823
2140001013605,株式会社中央,兵庫県,神戸市兵庫区,和田山通１丁目２−２５Ｂ棟１０１,6520884
2140001013613,中央ベーカリー株式会社,兵庫県,神戸市兵庫区,上三条町１番３号,6520013
2140001013621,ツチダ産業株式会社,兵庫県,神戸市兵庫区,塚本通３丁目１番１３号,6520804
2140001013662,株式会社東光園商店,兵庫県,神戸市兵庫区,湊町２丁目１番３号,6520812
2140001013670,株式会社東財証行,兵庫県,神戸市兵庫区,水木通３丁目４番１５号証行ビル,6520802
2140001013704,東和電工株式会社,兵庫県,神戸市兵庫区,中道通３丁目２番１号,6520801
2140001013712,ときわ住研株式会社,兵庫県,神戸市兵庫区,石井町８丁目１番７号,6520061
2140001013720,株式会社飛松,兵庫県,神戸市兵庫区,羽坂通４丁目２番１０号,6520805
2140001013737,株式会社トヨタレンタリース神戸,兵庫県,神戸市兵庫区,水木通２丁目１番１号,6520802
2140001013745,株式会社内藤製＿,兵庫県,神戸市兵庫区,荒田町３丁目４８番１７号,6520032
2140001013778,株式会社なかやま,兵庫県,神戸市兵庫区,荒田町４丁目１番３号,6520032
2140001013786,ナニワ設備工業株式会社,兵庫県,神戸市兵庫区,三川口町１丁目１番１６号,6520815
2140001013803,株式会社西川ヴィレッジ,兵庫県,神戸市兵庫区,塚本通６丁目１番６号,6520804
2140001013844,株式会社日商工務店不動産部,兵庫県,神戸市兵庫区,東山町３丁目１番１号,6520042
2140001013860,株式会社ニノミヤ,兵庫県,神戸市兵庫区,中道通６丁目２番５号,6520801
2140001013869,株式会社納田商店,兵庫県,神戸市兵庫区,中之島１丁目１番１号,6520844
2140001013885,株式会社白牡丹,兵庫県,神戸市兵庫区,荒田町１丁目２０番１号,6520032
2140001013902,阪神酒販株式会社,兵庫県,神戸市兵庫区,吉田町２丁目１３番６号,6520872
2140001013927,株式会社バネノシロタニ,兵庫県,神戸市兵庫区,水木通６丁目３番３号,6520802
2140001013935,株式会社浜野電気工業所,兵庫県,神戸市兵庫区,今出在家町１丁目１０番２４号,6520853
2140001013951,株式会社ハルタ,兵庫県,神戸市兵庫区,永沢町２丁目４番４号,6520816
2140001013984,姫路興産株式会社,兵庫県,神戸市兵庫区,永沢町４丁目２番２６号,6520816
2140001013992,ヘイシンテクノベルク株式会社,兵庫県,神戸市兵庫区,御崎本町１丁目１番５４号,6520852
2140001014000,株式会社蛭子,兵庫県,神戸市兵庫区,船大工町３番２１号,6520843
2140001014041,株式会社藤井興産,兵庫県,神戸市兵庫区,湊山町２５番３号,6520012
2140001014058,株式会社藤商會,兵庫県,神戸市兵庫区,中道通５丁目１番６号,6520801
2140001014066,フジ塗装株式会社,兵庫県,神戸市兵庫区,会下山町２丁目１番１７号,6520043
2140001014082,株式会社藤原水産,兵庫県,神戸市兵庫区,中之島１丁目１番１号,6520844
2140001014108,株式会社平八商店,兵庫県,神戸市兵庫区,中之島１丁目１番１号,6520844
2140001014124,鵬志電業株式会社,兵庫県,神戸市兵庫区,湊山町３番５号,6520012
2140001014157,マコト船具株式会社,兵庫県,神戸市兵庫区,本町１丁目５番１６号,6520834
2140001014165,株式会社マンシヨン赤松,兵庫県,神戸市兵庫区,島上町２丁目２番２２号,6520833
2140001014181,株式会社マツタニ,兵庫県,神戸市兵庫区,永沢町３丁目７番１０号,6520816
2140001014198,松村商事株式会社,兵庫県,神戸市兵庫区,上沢通３丁目２番１２−１０１号,6520046
2140001014207,松山土木株式会社,兵庫県,神戸市兵庫区,塚本通７丁目４番２６号,6520804
2140001014215,株式会社ままかり,兵庫県,神戸市兵庫区,下沢通８丁目４番２２号,6520047
2140001014248,株式会社丸福,兵庫県,神戸市兵庫区,上沢通４丁目２番１１号,6520046
2140001014256,株式会社丸萬,兵庫県,神戸市兵庫区,福原町２７番５号,6520036
2140001014264,丸和水産株式会社,兵庫県,神戸市兵庫区,東山町１丁目３番３９号,6520042
2140001014272,三浦輸出包装株式会社,兵庫県,神戸市兵庫区,駅南通５丁目４−４３,6520897
2140001014289,三菱電機コントロールソフトウエア株式会社,兵庫県,神戸市兵庫区,和田崎町１丁目１番２号,6520854
2140001014297,株式会社みどりや貸ふとん,兵庫県,神戸市兵庫区,荒田町３丁目１４番９号,6520032
2140001014306,ミナトメイワ印刷株式会社,兵庫県,神戸市兵庫区,入江通１丁目１番２８号,6520894
2140001014322,株式会社湊パッキング工業所,兵庫県,神戸市兵庫区,切戸町２番１１号,6520847
2140001014330,みのり産業株式会社,兵庫県,神戸市兵庫区,新開地１丁目２番１４号,6520811
2140001014347,株式会社ミルテイ,兵庫県,神戸市兵庫区,東山町２丁目７−６,6520042
2140001014355,村上商事株式会社,兵庫県,神戸市兵庫区,駅南通２丁目１番３４号,6520897
2140001014363,株式会社メイショク,兵庫県,神戸市兵庫区,荒田町３丁目４０番１９号,6520032
2140001014388,森賀電氣株式会社,兵庫県,神戸市兵庫区,島上町２丁目２番８号,6520833
2140001014396,株式会社八木佐,兵庫県,神戸市兵庫区,中之島１丁目１番１号,6520844
2140001014413,株式会社家根源,兵庫県,神戸市兵庫区,荒田町１丁目３番９号,6520032
2140001014438,株式会社山下誠志堂,兵庫県,神戸市兵庫区,荒田町２丁目１２番９号,6520032
2140001014454,株式会社山本商店,兵庫県,神戸市兵庫区,荒田町４丁目２８番９号,6520032
2140001014462,株式会社ユウコウ,兵庫県,神戸市兵庫区,大開通３丁目１番３５号,6520803
2140001014487,株式会社吉岡商店,兵庫県,神戸市兵庫区,兵庫町１丁目２番３号,6520813
2140001014495,株式会社吉本工務店,兵庫県,神戸市兵庫区,下三条町２番７号,6520014
2140001014512,株式会社ライフエレガンス,兵庫県,神戸市兵庫区,下沢通１丁目１番１９号,6520047
2140001014520,株式会社ワコー,兵庫県,神戸市兵庫区,湊川町６丁目２番３号,6520041
2140001014537,株式会社ラブリー,兵庫県,神戸市兵庫区,西橘通１丁目１番２０号,6520034
2140001014545,株式会社リフレックス,兵庫県,神戸市兵庫区,大開通１０丁目２番１５号,6520803
2140001014553,株式会社梁山泊,兵庫県,神戸市兵庫区,荒田町３丁目３番１号,6520032
2140001014561,株式会社ロートピアリースイノウエ,兵庫県,神戸市兵庫区,大開通１０丁目２番１号,6520803
2140001014594,神戸共同印刷株式会社,兵庫県,神戸市兵庫区,永沢町４丁目４番１４号,6520816
2140001014603,神戸洗管工業株式会社,兵庫県,神戸市兵庫区,下沢通８丁目１番２２号,6520047
2140001014628,神戸中央冷蔵株式会社,兵庫県,神戸市兵庫区,中之島２丁目１番１０号,6520844
2140001014636,神戸生コン運輸株式会社,兵庫県,神戸市兵庫区,遠矢浜町４番３０号,6520866
2140001014652,神戸メタリコン株式会社,兵庫県,神戸市兵庫区,明和通３丁目１番３号,6520883
2140001014702,兵庫貨物運輸作業株式会社,兵庫県,神戸市兵庫区,芦原通２丁目２番２４号,6520882
2140001014710,兵庫質庫株式会社,兵庫県,神戸市兵庫区,荒田町３丁目４１番１１号,6520032
2140001014719,兵庫土地建物株式会社,兵庫県,神戸市兵庫区,兵庫町１丁目４番９−７０１,6520813
2140001014727,兵庫古河電装株式会社,兵庫県,神戸市兵庫区,三川口町２丁目１番地の２６,6520815
2140001014751,アイ・ディ・シィ産業株式会社,兵庫県,神戸市兵庫区,西仲町２番２４号,6520835
2140001014875,株式会社かご武,兵庫県,神戸市兵庫区,中之島１丁目１番４号,6520844
2140001015510,安田技研株式会社,兵庫県,神戸市兵庫区,御崎本町１丁目１番４６号,6520852
2140001016005,栗山塗料株式会社,兵庫県,神戸市兵庫区,北逆瀬川町３番１２号,6520837
2140001016046,浩洋ゴム株式会社,兵庫県,神戸市兵庫区,湊町４丁目２番１２号リビース湊川２０６,6520812
2140001017250,株式会社荒川タイル,兵庫県,神戸市兵庫区,上沢通７丁目１−４,6520046
2140001017333,株式会社山辺創建,兵庫県,神戸市兵庫区,南逆瀬川町１番８号,6520893
2140001019552,株式会社ニューズ環境設計,兵庫県,神戸市兵庫区,水木通２丁目２番２２号,6520802
2140001019718,岡本タイヤ販売株式会社,兵庫県,神戸市兵庫区,三川口町２丁目１番２８号,6520815
2140001019759,神戸看護福祉研修学院株式会社,兵庫県,神戸市兵庫区,水木通１０丁目２番１５号,6520802
2140001020254,株式会社ベストウェル,兵庫県,神戸市兵庫区,荒田町２丁目７番１３号,6520032
2140001020361,株式会社エス・エル・シー,兵庫県,神戸市兵庫区,会下山町２丁目１６番７号,6520043
2140001020725,株式会社タスシステム,兵庫県,神戸市兵庫区,中道通４丁目２番２８号,6520801
2140001021038,プロキューブ株式会社,兵庫県,神戸市兵庫区,御崎本町１丁目１番５４号,6520852
2140001021260,平野開発株式会社,兵庫県,神戸市兵庫区,下祇園町２９番１８号,6520015
2140001021376,ティーエフケイ株式会社,兵庫県,神戸市兵庫区,和田山通１丁目２−２５−Ｄ４０７,6520884
2140001021434,株式会社ハーリックス,兵庫県,神戸市兵庫区,福原町３０番１３号,6520036
2140001021475,めりけん工房株式会社,兵庫県,神戸市兵庫区,会下山町３丁目３番６号,6520043
2140001021491,株式会社クリエイティブあき,兵庫県,神戸市兵庫区,湊川町４丁目６番１１号,6520041
2140001021517,小林電気工業株式会社,兵庫県,神戸市兵庫区,御所通１丁目４番１４号,6520885
2140001021616,スメラ株式会社,兵庫県,神戸市兵庫区,大開通３丁目１番２３号,6520803
2140001022036,株式会社萬三,兵庫県,神戸市兵庫区,笠松通７丁目１番５号,6520864
2140001022060,株式会社ミシマ,兵庫県,神戸市兵庫区,高松町１２番２７,6520874
2140001022218,ヘイシン株式会社,兵庫県,神戸市兵庫区,御崎本町１丁目１番５４号,6520852
2140001022647,株式会社デンソーテンテクノロジ,兵庫県,神戸市兵庫区,御所通１丁目２番２８号,6520885
2140001022713,株式会社イップ,兵庫県,神戸市兵庫区,下三条町１番１９号,6520014
2140001022944,株式会社フレッシュりょくしん,兵庫県,神戸市兵庫区,築地町６番２５号,6520845
2140001023174,サハキットウイサーンジャパン株式会社,兵庫県,神戸市兵庫区,塚本通６丁目１番６号ヴィレッジゲート１０２号,6520804
2140001023298,株式会社ＮＳＰ,兵庫県,神戸市兵庫区,西宮内町２番３６号,6520891
2140001023694,株式会社甲南アセット,兵庫県,神戸市兵庫区,大開通２丁目３番２１号,6520803
2140001023835,株式会社ヨシイ,兵庫県,神戸市兵庫区,下祇園町２９番１３号,6520015
2140001024073,株式会社エイゼット,兵庫県,神戸市兵庫区,塚本通８丁目１番８号,6520804
2140001024222,ＳＫＹＣＬＵＢ株式会社,兵庫県,神戸市兵庫区,駅南通５丁目２番２−１４１２号,6520897
2140001024321,ＮＳＲ日本システムリサーチ株式会社,兵庫県,神戸市兵庫区,新開地３丁目１番２１号パールハイツＩ−５０１号,6520811
2140001024726,株式会社円,兵庫県,神戸市兵庫区,永沢町３丁目２番２３号隆建ビル１階,6520816
2140001024916,Ｍ．Ｇ．Ｉ．Ｔ．Ｊａｐａｎ．Ｅｘｐｏｒｔ株式会社,兵庫県,神戸市兵庫区,上沢通４丁目６番８号Ｍ．Ｇ．Ｉ．Ｔ．ビル,6520046
2140001025286,株式会社大阪屋,兵庫県,神戸市兵庫区,中道通１丁目３番８号,6520801
2140001025303,株式会社アルク,兵庫県,神戸市兵庫区,湊町３丁目３番２号,6520812
2140001025328,株式会社マキシムジャパン,兵庫県,神戸市兵庫区,下沢通５丁目４番１２号,6520047
2140001025501,株式会社神戸メディケア,兵庫県,神戸市兵庫区,七宮町１丁目４番２１号,6520831
2140001025542,株式会社佐藤印刷所,兵庫県,神戸市兵庫区,大開通５丁目１番３号,6520803
2140001025682,ビーワンエンジニァリング株式会社,兵庫県,神戸市兵庫区,荒田町２丁目７番６号藤井ビル,6520032
2140001025724,彩栄テクニカコート株式会社,兵庫県,神戸市兵庫区,菊水町１丁目４番１４号,6520058
2140001025880,株式会社カドナガ,兵庫県,神戸市兵庫区,吉田町２丁目３６番６−７０２号,6520872
2140001025889,リオ産建株式会社,兵庫県,神戸市兵庫区,新開地１丁目３番２５号,6520811
2140001025914,株式会社ＳＥＡＧＵＬＬＳ,兵庫県,神戸市兵庫区,荒田町３丁目２番１６号,6520032
2140001026193,株式会社サンシャイン工芸,兵庫県,神戸市兵庫区,下沢通６丁目２番１３号,6520047
2140001026524,あゆみ興産株式会社,兵庫県,神戸市兵庫区,湊町１丁目５番地の３,6520812
2140001026697,株式会社ＩＴＣ・神戸,兵庫県,神戸市兵庫区,塚本通６丁目１番３０号,6520804
2140001026714,株式会社アートビス,兵庫県,神戸市兵庫区,福原町２１番２３号エスペランサ兵庫３階,6520036
2140001026763,株式会社大王商事,兵庫県,神戸市兵庫区,塚本通２丁目２番２６号,6520804
2140001027274,大東水産株式会社,兵庫県,神戸市兵庫区,三石通３丁目２番１７号,6520861
2140001027316,株式会社Ｅ＆Ｐ　Ｊａｐａｎ,兵庫県,神戸市兵庫区,下沢通６丁目１番２１号（２０２号）,6520047
2140001027621,ハイケイ株式会社,兵庫県,神戸市兵庫区,西多聞通１丁目３−３０サンコート神戸６０１号,6520035
2140001027852,株式会社神戸不動産,兵庫県,神戸市兵庫区,福原町１番１９−２０３号,6520036
2140001027869,株式会社ＩＶＹ・ＯＦＦＩＣＥ,兵庫県,神戸市兵庫区,荒田町３丁目４３番５号,6520032
2140001028140,株式会社神栄建設,兵庫県,神戸市兵庫区,荒田町１丁目１８番１３号,6520032
2140001028256,株式会社ヴィエント,兵庫県,神戸市兵庫区,三川口町２丁目３番１１号グランドシャトー兵庫ＩＩ１０４,6520815
2140001028280,株式会社ハニーファーマシー,兵庫県,神戸市兵庫区,羽坂通４丁目１番１号,6520805
2140001028289,株式会社アーバン・エクスプレス,兵庫県,神戸市兵庫区,築地町２４番地,6520845
2140001029130,株式会社浜田自動車兵庫店,兵庫県,神戸市兵庫区,今出在家町１丁目１０番４号,6520853
2140001029139,株式会社ＩＷＡＮＡＫＡ,兵庫県,神戸市兵庫区,塚本通６丁目１番３０号,6520804
2140001029246,株式会社Ｐ＆Ｓ,兵庫県,神戸市兵庫区,湊町２丁目２番６号,6520812
2140001029634,島食品産業株式会社,兵庫県,神戸市兵庫区,上沢通８丁目１番９号,6520046
2140001029782,株式会社ウッチープラント,兵庫県,神戸市兵庫区,菊水町７丁目３番１６号,6520058
2140001029865,杉本興業株式会社,兵庫県,神戸市兵庫区,新開地４丁目１−１５−１Ｆ,6520811
2140001029948,株式会社ＤＡＩＳＨＯホールディングス,兵庫県,神戸市兵庫区,中道通２丁目４−９,6520801
2140001030022,株式会社エステート大野,兵庫県,神戸市兵庫区,入江通２丁目１番２号,6520894
2140001030030,株式会社かなえ建築,兵庫県,神戸市兵庫区,上庄通２丁目３番８号,6520862
2140001030039,株式会社神戸消毒,兵庫県,神戸市兵庫区,鵯越町１番１３号,6520057
2140001030063,福永コンサルティング株式会社,兵庫県,神戸市兵庫区,東山町４丁目１６番地の１,6520042
2140001030220,株式会社ワイズワイヤー,兵庫県,神戸市兵庫区,湊町１丁目７−１６,6520812
2140001030253,株式会社東晃,兵庫県,神戸市兵庫区,荒田町２丁目１８番２０−６１３号,6520032
2140001030476,株式会社ＫＳコンサルティング,兵庫県,神戸市兵庫区,松本通４丁目２番２３号,6520045
2140001030633,泰平株式会社,兵庫県,神戸市兵庫区,塚本通３丁目１番１２号,6520804
2140001030666,株式会社アバンセ,兵庫県,神戸市兵庫区,湊川町５丁目８番１号,6520041
2140001030971,株式会社ネクスト,兵庫県,神戸市兵庫区,築地町５２番地,6520845
2140001031111,株式会社ＳＡＫＵＲＡ,兵庫県,神戸市兵庫区,中道通１丁目３番２−１００４号グランパレ神戸ランドタワー,6520801
2140001031136,株式会社神戸屋,兵庫県,神戸市兵庫区,吉田町１丁目２２番８号,6520872
2140001031251,株式会社モリデン,兵庫県,神戸市兵庫区,中道通３丁目４番２８号,6520801
2140001031854,株式会社神溶,兵庫県,神戸市兵庫区,中道通８丁目３番５号,6520801
2140001032539,株式会社消化器健康医療サポート,兵庫県,神戸市兵庫区,兵庫町１丁目４番２４号,6520813
2140001032646,株式会社アーバニー,兵庫県,神戸市兵庫区,三川口町１丁目２番１２号,6520815
2140001032712,株式会社ＫＳＲ,兵庫県,神戸市兵庫区,荒田町３丁目６０番１１号,6520032
2140001032860,株式会社マーレガーレ,兵庫県,神戸市兵庫区,大開通２丁目３番２１号甲南アセット大開ビル別館６階６２６号,6520803
2140001032927,株式会社正宗屋,兵庫県,神戸市兵庫区,御崎本町１丁目１番６−８０６号,6520852
2140001032951,ＪＡＯＢ株式会社,兵庫県,神戸市兵庫区,佐比江町３４番地の１,6520821
2140001033140,株式会社ｋｉｒａ　ｋｉｒａ,兵庫県,神戸市兵庫区,湊町３丁目１番７号,6520812
2140001033371,株式会社シャルレ村田,兵庫県,神戸市兵庫区,五宮町１９番１１号,6520007
2140001033479,株式会社隆盛,兵庫県,神戸市兵庫区,兵庫町２丁目２番１７号,6520813
2140001033660,玉家株式会社,兵庫県,神戸市兵庫区,切戸町２番９−３０１号,6520847
2140001033702,アルコバレーノ株式会社,兵庫県,神戸市兵庫区,駅前通２丁目２番１８号兵庫ビル１Ｆ,6520898
2140001033974,株式会社菜果,兵庫県,神戸市兵庫区,築地町３番５１号,6520845
2140001034056,株式会社アイム,兵庫県,神戸市兵庫区,水木通６丁目３番１７−２０３号,6520802
2140001034064,株式会社日本エネシス,兵庫県,神戸市兵庫区,下沢通１丁目１番１７号,6520047
2140001042406,神戸システムエンジニアリング株式会社,兵庫県,神戸市兵庫区,小松通４丁目２番２０号,6520865
2140001045400,ゼオテック・オブ・エコロジー株式会社,兵庫県,神戸市兵庫区,鍛冶屋町２丁目２番２０号,6520832
2140001054517,株式会社悠々社,兵庫県,神戸市兵庫区,荒田町１丁目７番２０号,6520032
2140001057131,株式会社マイティグロー,兵庫県,神戸市兵庫区,島上町２丁目２番２１号,6520833
2140001065753,株式会社松本,兵庫県,神戸市兵庫区,吉田町２丁目４０番１５号,6520872
2140001067683,株式会社海昇活魚,兵庫県,神戸市兵庫区,築地町３番８０号,6520845
2140001081916,播磨不動産株式会社,兵庫県,神戸市兵庫区,荒田町１丁目８番１７号,6520032
2140001086403,ガーデニア株式会社,兵庫県,神戸市兵庫区,新開地３丁目３番１１−１００５号,6520811
2140001086460,株式会社アイトライ,兵庫県,神戸市兵庫区,上沢通１丁目３番２号,6520046
2140001086551,株式会社アンクル神戸,兵庫県,神戸市兵庫区,浜中町１丁目７−１１メゾンローズ２０２,6520875
2140001087500,株式会社エトウ,兵庫県,神戸市兵庫区,会下山町２丁目２番４号,6520043
2140001087525,ＳＯＮＯエナジー株式会社,兵庫県,神戸市兵庫区,東山町３丁目１番２号,6520042
2140001087558,株式会社フェースアップ,兵庫県,神戸市兵庫区,湊町１丁目２番１号,6520812
2140001087888,株式会社クーベッツ,兵庫県,神戸市兵庫区,上沢通７丁目５番２４号,6520046
2140001087979,株式会社歩,兵庫県,神戸市兵庫区,三川口町３丁目３番３号,6520815
2140001088787,日本ロース会株式会社,兵庫県,神戸市兵庫区,菊水町１０丁目３９番地の１１夢野団地１−１１１号,6520058
2140001088960,株式会社ＤｉＦＡＣＴＯＲＹ,兵庫県,神戸市兵庫区,須佐野通２丁目２番１３号,6520896
2140001089050,株式会社ライジング,兵庫県,神戸市兵庫区,水木通１丁目１番６号３０１,6520802
2140001089100,株式会社ＩＮＡＳＹＯ,兵庫県,神戸市兵庫区,今出在家町２丁目１番１７号,6520853
2140001089595,株式会社フォアー,兵庫県,神戸市兵庫区,西出町１丁目４番６号,6520822
2140001089711,大和通信工業株式会社,兵庫県,神戸市兵庫区,駅南通５丁目２番２−１３１３号,6520897
2140001089901,若松紙器株式会社,兵庫県,神戸市兵庫区,和田山通１丁目２番２５号,6520884
2140001090108,株式会社アジア学院,兵庫県,神戸市兵庫区,入江通３丁目１番１４号,6520894
2140001090140,株式会社ベイ,兵庫県,神戸市兵庫区,荒田町３丁目７番８号,6520032
2140001090231,神戸山口運送株式会社,兵庫県,神戸市兵庫区,湊町３丁目１番２０号,6520812
2140001090248,梯工業株式会社,兵庫県,神戸市兵庫区,上沢通３丁目１番１６−１４０４号シーバス神戸,6520046
2140001090314,和興警備株式会社,兵庫県,神戸市兵庫区,西多聞通２丁目３番７−１号,6520035
2140001090479,株式会社ユー・コーポレーション,兵庫県,神戸市兵庫区,下沢通６丁目１番４０号,6520047
2140001090999,華豊株式会社,兵庫県,神戸市兵庫区,福原町１９番１号西谷ビル１０２号,6520036
2140001091460,ＭＡＲＵＭＩ株式会社,兵庫県,神戸市兵庫区,塚本通３丁目３番２３−５０７号,6520804
2140001091972,株式会社ＫＡＤＯＩＳＨＩ,兵庫県,神戸市兵庫区,本町２丁目３−３３,6520834
2140001092426,株式会社みくら電機,兵庫県,神戸市兵庫区,荒田町３丁目８１番２号,6520032
2140001092723,株式会社ｓｔｕｄｉｏ　ａｒｒｏｓｅｒ,兵庫県,神戸市兵庫区,湊川町５丁目６番９号,6520041
2140001092814,株式会社ＥＡＳＴ　ＲＯＣＫ,兵庫県,神戸市兵庫区,島上町２丁目２番２７号,6520833
2140001092962,株式会社土田音楽教室,兵庫県,神戸市兵庫区,三川口町３丁目３番３号兵庫駅東ビル５階５０１号,6520815
2140001093952,株式会社ホワイトクリーン,兵庫県,神戸市兵庫区,西出町１丁目１９−２−８１１号,6520822
2140001094455,ラフィネ株式会社,兵庫県,神戸市兵庫区,下沢通８丁目４−１１,6520047
2140001095544,株式会社イルカ商事,兵庫県,神戸市兵庫区,熊野町４丁目２番４号,6520064
2140001095701,株式会社オン・ユイット,兵庫県,神戸市兵庫区,大開通６丁目３番７号ビューロ明和３０１号,6520803
2140001096988,株式会社トライスパイド,兵庫県,神戸市兵庫区,切戸町１番１９号,6520847
2140001097045,株式会社ゴールド,兵庫県,神戸市兵庫区,新開地４丁目１番１４号,6520811
2140001098167,株式会社スズラン,兵庫県,神戸市兵庫区,三川口町３丁目４番３号,6520815
2140001099652,株式会社信,兵庫県,神戸市兵庫区,荒田町３丁目１８番２号,6520032
2140001099891,株式会社Ｓｔｅｐｓ,兵庫県,神戸市兵庫区,西上橘通１丁目１番２３号ヴィラ神戸ＩＩ１０１号室,6520033
2140001100023,繁宗運輸株式会社,兵庫県,神戸市兵庫区,北逆瀬川町４−６中里ビル３Ｆ,6520837
2140001101392,株式会社フクショウ,兵庫県,神戸市兵庫区,福原町５番１号,6520036
2140001102399,万和株式会社,兵庫県,神戸市兵庫区,浜中町１丁目１７−５,6520875
2140001102837,株式会社ケーアイティー,兵庫県,神戸市兵庫区,材木町１番４号,6520851
2140001102894,博納屋株式会社,兵庫県,神戸市兵庫区,氷室町２丁目１３番７号夢野コーポ２Ｂ,6520054
2140001103471,株式会社Ｆｒｏｍ５５,兵庫県,神戸市兵庫区,三川口町２丁目２番７号,6520815
2140001104206,ＩＣＳ　ＢＲＩＤＧＥ株式会社,兵庫県,神戸市兵庫区,水木通６丁目２番７号,6520802
2140001104346,株式会社寺花屋,兵庫県,神戸市兵庫区,兵庫町１丁目３番６号,6520813
2140001104692,株式会社ＢＡＬＯＨ,兵庫県,神戸市兵庫区,中道通１丁目１番８号,6520801
2140001104767,株式会社ＬｔｏＭ,兵庫県,神戸市兵庫区,西出町２丁目３番７号,6520822
2140001104783,株式会社ＭＦＯコンサルティング,兵庫県,神戸市兵庫区,菊水町１丁目５番８号,6520058
2140001105146,株式会社優＆楽,兵庫県,神戸市兵庫区,和田宮通３丁目１番２１号,6520863
2140001105154,株式会社エコウエスト,兵庫県,神戸市兵庫区,三川口町２丁目５番１１号池田ビル１０２号室,6520815
2140001105658,株式会社冨永鉄筋,兵庫県,神戸市兵庫区,七宮町２丁目２番１４号,6520831
2140001105682,株式会社長宏,兵庫県,神戸市兵庫区,和田宮通４丁目２番１９号,6520863
2140001106268,株式会社カンマン,兵庫県,神戸市兵庫区,塚本通２丁目２番１２号,6520804
2140001106482,ＲＧＭ株式会社,兵庫県,神戸市兵庫区,三川口町１丁目２番３号,6520815
2140001106714,株式会社フルサワ,兵庫県,神戸市兵庫区,水木通４丁目１番１７号シャンテ美和１０１号,6520802
2140001107357,株式会社ｔｉｐｐｓ,兵庫県,神戸市兵庫区,上沢通７丁目１番９号日の出ビル２Ｃ,6520046
2140001107761,株式会社山設,兵庫県,神戸市兵庫区,塚本通６丁目２番３２−５０３号,6520804
2140001107910,株式会社Ｆｏｏｄ　Ｍｅｄｉａ,兵庫県,神戸市兵庫区,馬場町１８番２１号,6520016
2140001108074,株式会社防犯・防災教室指導研究所,兵庫県,神戸市兵庫区,下祇園町１３番７号,6520015
2140001108685,株式会社ＳＭＣ,兵庫県,神戸市兵庫区,駅前通２丁目１番２号,6520898
2140001108909,株式会社三枝,兵庫県,神戸市兵庫区,塚本通１丁目１番１号,6520804
2140001109460,株式会社エスライト,兵庫県,神戸市兵庫区,夢野町２丁目４番地１,6520063
2140001110154,株式会社俵,兵庫県,神戸市兵庫区,福原町２３番２号,6520036
2140001110303,まるしげ株式会社,兵庫県,神戸市兵庫区,湊町３丁目２番９号クレールメゾン５０３号,6520812
2140001110352,株式会社ＨＵＩＴ,兵庫県,神戸市兵庫区,今出在家町１丁目４番２−２号,6520853
2140001110526,株式会社ＥＬＢＥ,兵庫県,神戸市兵庫区,今出在家町１丁目８番１０号,6520853
2140001112159,Ａｈｅａｄ　ＨＫ株式会社,兵庫県,神戸市兵庫区,西上橘通１丁目１−３,6520033
2140001112324,ＲＲ＆Ｄ株式会社,兵庫県,神戸市兵庫区,荒田町４丁目９番４号,6520032
2140001112365,中西エンヂニアリング株式会社,兵庫県,神戸市兵庫区,西宮内町２番３６号,6520891
2140001112687,株式会社安永工業所,兵庫県,神戸市兵庫区,吉田町１丁目１５番８−１０１号,6520872
2140001113446,株式会社天龍建設工業,兵庫県,神戸市兵庫区,新開地１丁目１番１２号,6520811
2140001113859,株式会社ＧＯＬＤ,兵庫県,神戸市兵庫区,佐比江町１９清水マンション１Ｆ,6520821
2140001113941,株式会社神戸理科学器械店,兵庫県,神戸市兵庫区,三川口町２丁目３番７号,6520815
2140001114287,株式会社Ｂｅｅ　Ｔｅｃｈ,兵庫県,神戸市兵庫区,駅前通２丁目１番４０−２０４号,6520898
2140001114386,Ｃｏｍａｍｅ株式会社,兵庫県,神戸市兵庫区,下沢通７丁目１番地２号,6520047
2140001114915,株式会社フルーツレディ,兵庫県,神戸市兵庫区,上三条町８−１,6520013
2140001115054,株式会社ＳＡＭＯ　ＳＭＩＬＥ,兵庫県,神戸市兵庫区,神田町２９番９号,6520006
2140001115137,株式会社ジョイブリッジ,兵庫県,神戸市兵庫区,荒田町２丁目７番１３号,6520032
2140001115789,株式会社アーカイヴズ,兵庫県,神戸市兵庫区,中道通９丁目４番１７号,6520801
2140001115806,株式会社瑞祥,兵庫県,神戸市兵庫区,西柳原町４番２１−６０１号,6520806
2140001116432,維徳株式会社,兵庫県,神戸市兵庫区,湊町４丁目２番１２−３０１号,6520812
2140001116696,株式会社セブンスセンス,兵庫県,神戸市兵庫区,駅南通５丁目２番７−２８０９号,6520897
2140001117546,株式会社スマイルペイ,兵庫県,神戸市兵庫区,下沢通１丁目１番２１号ｕ−ｒｏ湊川公園前１０１号,6520047
2140001118040,株式会社ＯＮＥ,兵庫県,神戸市兵庫区,水木通１丁目５番１１,6520802
2140001118180,株式会社公陽社,兵庫県,神戸市兵庫区,都由乃町１丁目４番１号,6520023
2140001118305,エフシステム株式会社,兵庫県,神戸市兵庫区,荒田町４丁目１３番４号第２荻坂ビル３０１,6520032
2140001118627,株式会社吉田デザイン事務所,兵庫県,神戸市兵庫区,羽坂通３丁目５番１８号,6520805
2140001118981,川添塗装株式会社,兵庫県,神戸市兵庫区,大開通８丁目２番２−５０９号,6520803
2140001119344,株式会社ｐｏｔａｇｅｒｉｃａ,兵庫県,神戸市兵庫区,今出在家町１丁目５番１２号,6520853
2140001119385,株式会社ビッグウエスト,兵庫県,神戸市兵庫区,西宮内町２番１０号,6520891
2140001119617,ＫＭＴＬホールディングス株式会社,兵庫県,神戸市兵庫区,和田宮通３丁目２番２４号,6520863
2140001120442,株式会社天龍,兵庫県,神戸市兵庫区,新開地６丁目２番２０−５０２号,6520811
2140001122323,株式会社ＷＯＲＬＤ　ＴＲＥＥ,兵庫県,神戸市兵庫区,松原通４丁目４番７号花一ビル１階,6520881
2140001123239,株式会社Ｒｏｏｔ,兵庫県,神戸市兵庫区,浜中町１丁目１７番１−３,6520875
2140001124641,ワイエスマリン株式会社,兵庫県,神戸市兵庫区,鍛治屋町一丁目３番２１号,6520000
2140001125251,株式会社Ｎフーズ,兵庫県,神戸市兵庫区,塚本通５丁目１番１３号,6520804
2140001125326,エスライズ株式会社,兵庫県,神戸市兵庫区,中道通３丁目２−１アンソレイユ中道通,6520801
2140001125334,株式会社ＷＩＮ　ＰＬＵＳ,兵庫県,神戸市兵庫区,南仲町１番５−２０８号,6520841
2140001125912,株式会社Ｃ．Ｔ．Ｍ,兵庫県,神戸市兵庫区,駅南通５丁目２−７−１９０７,6520897
2140001125945,株式会社ゆう,兵庫県,神戸市兵庫区,水木通１０丁目２番１５号,6520802
2140001126407,Ｒｅｂｕｉｌｔｅｃｈ株式会社,兵庫県,神戸市兵庫区,駅南通１丁目２番１０−３０４号,6520897
2140001126448,株式会社凛々建設,兵庫県,神戸市兵庫区,新開地６丁目２番２５号,6520811
2140001126951,株式会社かたづけ本舗こすも,兵庫県,神戸市兵庫区,下沢通８丁目４番３３−９０２号,6520047
2140001127215,仁木商事株式会社,兵庫県,神戸市兵庫区,湊町４丁目２番２２号,6520812
2140001127710,株式会社Ａｔｈｅｎａ,兵庫県,神戸市兵庫区,湊川町６丁目２−２３,6520041
2140001127909,Ｂｅｔａ株式会社,兵庫県,神戸市兵庫区,水木通１丁目５番２号,6520802
2140001128683,株式会社百生,兵庫県,神戸市兵庫区,上沢通１丁目３番２−７０１,6520046
2140001130301,株式会社Ｂｅｉｎｇ,兵庫県,神戸市兵庫区,大開通１０丁目３番９号７０１,6520803
2140001130631,株式会社ツープラススリー,兵庫県,神戸市兵庫区,新開地５丁目１番１０号,6520811
2140001130920,株式会社メールアドレス,兵庫県,神戸市兵庫区,馬場町１４番８号,6520016
2140001131076,株式会社Ｌｅａｐ,兵庫県,神戸市兵庫区,門口町３番１５号,6520814
2140001131258,株式会社Ｍｙ　ｕｎｉｖｅｒｓｅ,兵庫県,神戸市兵庫区,新開地２丁目４−１０,6520811
2140001132099,株式会社エムシー,兵庫県,神戸市兵庫区,湊川町９丁目２２番２号,6520041
2140001132504,株式会社ポンタ,兵庫県,神戸市兵庫区,下沢通４丁目５番１４−２０１号,6520047
2140001132529,株式会社シップスター,兵庫県,神戸市兵庫区,駅南通５丁目２番６−６０５号,6520897
2140001132603,栄馬旅行株式会社,兵庫県,神戸市兵庫区,新開地６丁目３番２２−２０４号,6520811
2140001132660,株式会社共進運輸,兵庫県,神戸市兵庫区,三川口町３丁目２番２３号,6520815
2140001133411,株式会社ユニエンタープライズ,兵庫県,神戸市兵庫区,三川口町３丁目３番３号,6520815
2140001133493,株式会社ハートスフィール,兵庫県,神戸市兵庫区,西上橘通１丁目２−１８,6520033
2140001133618,銘神建設株式会社,兵庫県,神戸市兵庫区,中道通４丁目２−３３ハイツ中道１Ｆ,6520801
2140001133758,株式会社さくらの森訪問看護ステーション,兵庫県,神戸市兵庫区,大開通８丁目１番２１−５０１号,6520803
2140001133865,株式会社Ｗｏｒｌｄ　Ｃｏｎｔｒｉｂｕｔｉｏｎ,兵庫県,神戸市兵庫区,中道通２丁目４番２０号,6520801
2140001134896,ＹＯＬＯＡＭＥ株式会社,兵庫県,神戸市兵庫区,荒田町１丁目１６番４号３０１号,6520032
2140001137164,株式会社ＢＬＵＥ　ＥＬＦＩＮ,兵庫県,神戸市兵庫区,下沢通４丁目３番１４号,6520047
2140001137528,株式会社ＣＳＫ,兵庫県,神戸市兵庫区,中道通６丁目３番７号,6520801
2140001137593,大西石油株式会社,兵庫県,神戸市兵庫区,西宮内町２番１０号,6520891
2140001137742,株式会社グローバルオート,兵庫県,神戸市兵庫区,楠谷町２番５号,6520004
2140001138261,Ｗｉｔｈ　Ｙｏｕ株式会社,兵庫県,神戸市兵庫区,御崎町２丁目１７番１５号,6520855
2140001138377,株式会社幸田良品,兵庫県,神戸市兵庫区,永沢町３丁目８番７−９０３号,6520816
2140001138427,トラストブリッジジャパン株式会社,兵庫県,神戸市兵庫区,築地町３番３０号,6520845
2140001139334,株式会社ＫＡＭＥＳＥＮＲＹＵ,兵庫県,神戸市兵庫区,新開地５丁目１番７号,6520811
2140001139771,利君株式会社,兵庫県,神戸市兵庫区,佐比江町１０番１５号,6520821
2140001140911,ジュエリーサンワ株式会社,兵庫県,神戸市兵庫区,荒田町１丁目１６番２号湊川センタービルＡ棟１Ｆ,6520032
2140001141810,株式会社ＴＭ・Ｅｙｅｓ,兵庫県,神戸市兵庫区,駅前通２丁目２番１８−３０３号,6520898
2140002010816,株式会社ＩＫＣ,兵庫県,神戸市兵庫区,水木通３丁目１−２,6520802
2140003002416,岡本鉄工株式会社,兵庫県,神戸市兵庫区,東出町２丁目２番３号,6520823
2140003009832,株式会社ＧｒｅｅｎＡｐｐｌｅ,兵庫県,神戸市兵庫区,上沢通７丁目１番２号,6520046
2140003011020,株式会社運叶縁,兵庫県,神戸市兵庫区,会下山町１丁目１番６号,6520043
2160001026233,嘉文雅宝株式会社,兵庫県,神戸市兵庫区,下沢通１丁目４番２５号,6520047
3010001136987,萬豊株式会社,兵庫県,神戸市兵庫区,上庄通３丁目１番１号２階,6520862
3010001227605,祥＿株式会社,兵庫県,神戸市兵庫区,東柳原町２−１４−１Ｆ,6520892
3011002027358,株式会社クロップス,兵庫県,神戸市兵庫区,本町１丁目１番２４号,6520834
3120001053321,日本環境エンジニアリング株式会社,兵庫県,神戸市兵庫区,西出町２丁目４番２０号,6520822
3120001061126,株式会社梅田ライフサービス,兵庫県,神戸市兵庫区,駅南通５丁目１番１−２８０２号,6520897
3120001096915,株式会社フィックス,兵庫県,神戸市兵庫区,兵庫町１丁目１−８,6520813
3120001197267,株式会社Ｍｏｎｏｌｉｔｈ,兵庫県,神戸市兵庫区,吉田町２丁目４０−１４キャナルシティ御崎公園２階,6520872
3120101049203,株式会社ＳＩＭ　Ｄｅｎｔａｌ　Ｍａｔｅｒｉａｌ,兵庫県,神戸市兵庫区,新開地４丁目２番１４号Ｍ’ｓビル,6520811
3120101065175,株式会社Ａ．Ｌ．Ｐ,兵庫県,神戸市兵庫区,水木通５丁目３番１９号,6520802
3120901011733,日本テクノプラス株式会社,兵庫県,神戸市兵庫区,和田宮通３丁目２番２４号,6520863
3120901033505,ＭＲＧｒｏｕｐ株式会社,兵庫県,神戸市兵庫区,浜崎通５−２５−２０３号,6520807
3120901043132,株式会社リバティー,兵庫県,神戸市兵庫区,磯之町１番１６号Ｓ３ビル４Ｆ,6520842
3130001060291,日本ＺＨＬ株式会社,兵庫県,神戸市兵庫区,梅元町１−１８,6520003
3140001002045,トゥウェイカンパニー株式会社,兵庫県,神戸市兵庫区,夢野町３丁目８番１３号,6520063
3140001005766,株式会社アイ・ティー・エフ,兵庫県,神戸市兵庫区,駅前通２丁目２番３０号,6520898
3140001006913,株式会社片岡旗店,兵庫県,神戸市兵庫区,松原通２丁目３番５号,6520881
3140001007878,株式会社三共摩耶総業,兵庫県,神戸市兵庫区,三川口町３丁目５番１３号,6520815
3140001008042,三洋興産株式会社,兵庫県,神戸市兵庫区,三川口町２丁目５番２４号,6520815
3140001008463,株式会社小路設備事務所,兵庫県,神戸市兵庫区,馬場町１９番１７号,6520016
3140001009305,中央警備保障株式会社,兵庫県,神戸市兵庫区,島上町１丁目３番１５−３０７号,6520833
3140001009775,株式会社長澤音次郎商店,兵庫県,神戸市兵庫区,門口町１番１５号,6520814
3140001011500,株式会社友貴,兵庫県,神戸市兵庫区,駅南通３丁目６番５号,6520897
3140001012390,株式会社秋定,兵庫県,神戸市兵庫区,塚本通６丁目１番１８号,6520804
3140001012399,アスカ株式会社,兵庫県,神戸市兵庫区,永沢町３丁目２番１８号,6520816
3140001012408,アサヒ工産株式会社,兵庫県,神戸市兵庫区,西仲町２番９号,6520835
3140001012416,旭銅石株式会社,兵庫県,神戸市兵庫区,南逆瀬川町１番１０号,6520893
3140001012424,株式会社朝日リース,兵庫県,神戸市兵庫区,新開地２丁目６番８号,6520811
3140001012440,株式会社アトレイ,兵庫県,神戸市兵庫区,湊町４丁目１番１２号,6520812
3140001012449,有居商事株式会社,兵庫県,神戸市兵庫区,水木通２丁目２番２１号,6520802
3140001012457,株式会社荒田ニユートーヨー,兵庫県,神戸市兵庫区,荒田町１丁目９番２２号,6520032
3140001012473,株式会社池田不動産,兵庫県,神戸市兵庫区,大開通３丁目１番２３号,6520803
3140001012481,石川株式会社,兵庫県,神戸市兵庫区,島上町１丁目２番１０号,6520833
3140001012523,株式会社井上モータース,兵庫県,神戸市兵庫区,大開通１０丁目２番１号,6520803
3140001012548,岩本設備工業株式会社,兵庫県,神戸市兵庫区,下沢通３丁目３番５号,6520047
3140001012556,ＵＳ不動産株式会社,兵庫県,神戸市兵庫区,東山町３丁目５番２号,6520042
3140001012572,株式会社牛尾商店,兵庫県,神戸市兵庫区,西多聞通１丁目１番３号,6520035
3140001012580,梅本産業株式会社,兵庫県,神戸市兵庫区,今出在家町２丁目１番５号,6520853
3140001012597,エキストラ珈琲株式会社,兵庫県,神戸市兵庫区,西柳原町２番１号,6520806
3140001012630,株式会社エムロード,兵庫県,神戸市兵庫区,羽坂通４丁目２−２８−１０６号,6520805
3140001012696,岡田電子工業株式会社,兵庫県,神戸市兵庫区,水木通３丁目４番１３号,6520802
3140001012705,株式会社岡本商店,兵庫県,神戸市兵庫区,上庄通３丁目１番８号,6520862
3140001012713,株式会社乙野商店,兵庫県,神戸市兵庫区,中之島１丁目１番１号,6520844
3140001012738,株式会社歌仙,兵庫県,神戸市兵庫区,羽坂通３丁目４番１１号,6520805
3140001012746,関西造船株式会社,兵庫県,神戸市兵庫区,吉田町１丁目４番７号,6520872
3140001012762,株式会社カデックス,兵庫県,神戸市兵庫区,東山町１丁目１１番２号,6520042
3140001012779,株式会社カネス,兵庫県,神戸市兵庫区,神明町１番１号,6520836
3140001012787,株式会社兼久,兵庫県,神戸市兵庫区,駅前通５丁目１番２０号,6520898
3140001012804,株式会社神高木材商店,兵庫県,神戸市兵庫区,兵庫町１丁目２番１３号,6520813
3140001012853,株式会社金生堂,兵庫県,神戸市兵庫区,東山町２丁目８番９号,6520042
3140001012878,株式会社木場木材営繕サービス,兵庫県,神戸市兵庫区,西多聞通２丁目１番１１号,6520035
3140001012903,共和溶構株式会社,兵庫県,神戸市兵庫区,吉田町１丁目９番１号,6520872
3140001012911,キャンベル食品工業株式会社,兵庫県,神戸市兵庫区,築地町１番１２号,6520845
3140001012928,株式会社粂工務店,兵庫県,神戸市兵庫区,浜中町１丁目１０番７号,6520875
3140001012936,グリーンタクシー株式会社,兵庫県,神戸市兵庫区,浜崎通１０番４号,6520807
3140001012969,株式会社健乳舎牧場,兵庫県,神戸市兵庫区,切戸町１番３６号,6520847
3140001012977,興亜測量株式会社,兵庫県,神戸市兵庫区,梅元町７番６号,6520003
3140001012985,株式会社幸真,兵庫県,神戸市兵庫区,吉田町３丁目７番２９号,6520872
3140001012993,株式会社合食,兵庫県,神戸市兵庫区,中之島１丁目１番１号,6520844
3140001013018,光陽酒販株式会社,兵庫県,神戸市兵庫区,西橘通２丁目４番１８号,6520034
3140001013026,株式会社コオリ,兵庫県,神戸市兵庫区,荒田町２丁目１５番３号,6520032
3140001013034,コスモ・フロント株式会社,兵庫県,神戸市兵庫区,切戸町６番２８号,6520847
3140001013067,株式会社三栄,兵庫県,神戸市兵庫区,材木町１番２号,6520851
3140001013075,株式会社サン印刷,兵庫県,神戸市兵庫区,大同町３丁目５番１４号,6520062
3140001013083,三光エンジニアリング株式会社,兵庫県,神戸市兵庫区,浜山通２丁目３番１７号,6520871
3140001013091,三光断熱工業株式会社,兵庫県,神戸市兵庫区,金平町２丁目１番３８−１号,6520873
3140001013100,株式会社三教グループ,兵庫県,神戸市兵庫区,水木通４丁目２番６号,6520802
3140001013117,株式会社アース・プランニング,兵庫県,神戸市兵庫区,荒田町１丁目８番１３−３０４号,6520032
3140001013141,株式会社サンヨー,兵庫県,神戸市兵庫区,門口町１番８号,6520814
3140001013158,株式会社三和板硝子,兵庫県,神戸市兵庫区,大開通６丁目１番１号,6520803
3140001013174,神英建装株式会社,兵庫県,神戸市兵庫区,浜中町２丁目１１番４号,6520875
3140001013190,株式会社神港,兵庫県,神戸市兵庫区,塚本通８丁目１番８号,6520804
3140001013216,鹿瀬造船株式会社,兵庫県,神戸市兵庫区,七宮町１丁目６番１７号,6520831
3140001013265,株式会社松建,兵庫県,神戸市兵庫区,中道通５丁目１番１０号,6520801
3140001013281,株式会社ジョイフルコーベ,兵庫県,神戸市兵庫区,西上橘通１丁目２番１７号,6520033
3140001013298,ジャパンソフト株式会社,兵庫県,神戸市兵庫区,中道通１丁目１番９号,6520801
3140001013348,星光産業株式会社,兵庫県,神戸市兵庫区,七宮町１丁目４番１８号,6520831
3140001013356,株式会社セイシンビルサービス,兵庫県,神戸市兵庫区,小河通５丁目２番８号赤浦ビル,6520895
3140001013380,株式会社セゾン,兵庫県,神戸市兵庫区,荒田町２丁目８番８号,6520032
3140001013389,摂津ダイカスト株式会社,兵庫県,神戸市兵庫区,三川口町１丁目１番１８号,6520815
3140001013397,株式会社ゼム,兵庫県,神戸市兵庫区,駅前通５丁目１番２２号,6520898
3140001013414,大永株式会社,兵庫県,神戸市兵庫区,夢野町２丁目１７番地,6520063
3140001013422,株式会社ダイイチ,兵庫県,神戸市兵庫区,東出町３丁目１１番１４号,6520823
3140001013471,大地株式会社,兵庫県,神戸市兵庫区,下沢通５丁目２番６号,6520047
3140001013488,株式会社泰平電気,兵庫県,神戸市兵庫区,中道通４丁目２番２８号,6520801
3140001013496,太洋化工株式会社,兵庫県,神戸市兵庫区,荒田町２丁目１５番７号,6520032
3140001013505,株式会社大鈴,兵庫県,神戸市兵庫区,兵庫町１丁目４−３２,6520813
3140001013546,株式会社竹久商店,兵庫県,神戸市兵庫区,下沢通６丁目１番２８号,6520047
3140001013554,高輪印刷株式会社,兵庫県,神戸市兵庫区,中道通２丁目３番７号,6520801
3140001013562,株式会社宝電機商会,兵庫県,神戸市兵庫区,大開通２丁目３番６号,6520803
3140001013579,田辺組運送株式会社,兵庫県,神戸市兵庫区,遠矢浜町３番２３号,6520866
3140001013620,株式会社ツダ,兵庫県,神戸市兵庫区,門口町１番２０号,6520814
3140001013637,ディ・ティ・エス・エス株式会社,兵庫県,神戸市兵庫区,水木通１０丁目２番１５号,6520802
3140001013661,トウカイエンジニアリング株式会社,兵庫県,神戸市兵庫区,大開通８丁目２番２−６１０号,6520803
3140001013686,東洋交通株式会社,兵庫県,神戸市兵庫区,駅南通２丁目２番１０号,6520897
3140001013703,株式会社ＴＯＷＡＴＥＣＨＮＯ,兵庫県,神戸市兵庫区,笠松通６丁目１番７号,6520864
3140001013728,株式会社冨本商店,兵庫県,神戸市兵庫区,夢野町２丁目２０番地,6520063
3140001013760,株式会社ふくよい,兵庫県,神戸市兵庫区,出在家町２丁目４番１１号,6520846
3140001013769,株式会社ナカハマ機設工業,兵庫県,神戸市兵庫区,御所通１丁目１番２３号,6520885
3140001013777,中村瀝青工業株式会社,兵庫県,神戸市兵庫区,菊水町１０丁目１番３号,6520058
3140001013785,株式会社浪花,兵庫県,神戸市兵庫区,湊川町９丁目３番２６号,6520041
3140001013802,西川産業株式会社,兵庫県,神戸市兵庫区,羽坂通４丁目２番１号,6520805
3140001013851,株式会社ニット・ヤナイ,兵庫県,神戸市兵庫区,荒田町３丁目３４番９号ジョイシルビア,6520032
3140001013868,株式会社日商新聞社,兵庫県,神戸市兵庫区,新開地４丁目６番１９号藤田ビル,6520811
3140001013884,株式会社タイムライン,兵庫県,神戸市兵庫区,新開地３丁目４番１７号,6520811
3140001013926,株式会社ハットリ,兵庫県,神戸市兵庫区,材木町１番２号,6520851
3140001013934,株式会社浜尚,兵庫県,神戸市兵庫区,中之島１丁目１番１号（海産部２０３号）,6520844
3140001013942,株式会社ハリウツド,兵庫県,神戸市兵庫区,上沢通４丁目３番１２号,6520046
3140001013950,株式会社原商店,兵庫県,神戸市兵庫区,門口町１番２１号,6520814
3140001013967,光工業株式会社,兵庫県,神戸市兵庫区,西柳原町８番１２号,6520806
3140001013983,日の丸タクシー株式会社,兵庫県,神戸市兵庫区,三川口町２丁目２番８号,6520815
3140001013991,兵敷興産株式会社,兵庫県,神戸市兵庫区,新開地４丁目１番１１号,6520811
3140001014016,株式会社ブイ・エル・ケイ・ジャパン,兵庫県,神戸市兵庫区,神明町１番２１号アジアビル３Ｆ,6520836
3140001014032,文化タクシー株式会社,兵庫県,神戸市兵庫区,兵庫町２丁目１番２８号,6520813
3140001014040,株式会社藤井印刷,兵庫県,神戸市兵庫区,水木通８丁目３番１８号,6520802
3140001014057,株式会社不二商会,兵庫県,神戸市兵庫区,高松町２番３号,6520874
3140001014065,藤電機工業株式会社,兵庫県,神戸市兵庫区,中道通３丁目２番１２号,6520801
3140001014073,株式会社不二原組,兵庫県,神戸市兵庫区,永沢町３丁目７番２１号,6520816
3140001014081,株式会社ふじや電設,兵庫県,神戸市兵庫区,荒田町４丁目１番１８号,6520032
3140001014115,株式会社ベニハナ観光,兵庫県,神戸市兵庫区,西多聞通２丁目４番９号,6520035
3140001014131,北陸製薬神戸販売株式会社,兵庫県,神戸市兵庫区,水木通８丁目２番４号,6520802
3140001014148,前田工業株式会社,兵庫県,神戸市兵庫区,東出町３丁目５番７号,6520823
3140001014156,マコト興産株式会社,兵庫県,神戸市兵庫区,本町１丁目５番１６号,6520834
3140001014172,マック・マリン株式会社,兵庫県,神戸市兵庫区,塚本通２丁目１番１３号吉本マンション１Ｆ,6520804
3140001014180,株式会社松田工務店,兵庫県,神戸市兵庫区,西上橘通１丁目１番１号,6520033
3140001014197,株式会社松本正夫商店,兵庫県,神戸市兵庫区,駅前通４丁目２番７号,6520898
3140001014206,株式会社松山商店,兵庫県,神戸市兵庫区,築地町１番２４号,6520845
3140001014214,株式会社豆宇商店,兵庫県,神戸市兵庫区,中之島１丁目１番１号,6520844
3140001014222,丸一貴金属株式会社,兵庫県,神戸市兵庫区,新開地５丁目３番２３号,6520811
3140001014263,株式会社丸山興産,兵庫県,神戸市兵庫区,下沢通１丁目１番１８号,6520047
3140001014321,湊テント工業株式会社,兵庫県,神戸市兵庫区,門口町１番６号,6520814
3140001014338,株式会社都,兵庫県,神戸市兵庫区,荒田町１丁目１９番５−４０４号,6520032
3140001014354,株式会社村上住宅建設,兵庫県,神戸市兵庫区,荒田町３丁目２番２０号,6520032
3140001014370,明和コンサルタント株式会社,兵庫県,神戸市兵庫区,新開地３丁目３番１７号,6520811
3140001014379,メルコ・パワー・システムズ株式会社,兵庫県,神戸市兵庫区,和田崎町１丁目１番２号,6520854
3140001014387,森岡電機株式会社,兵庫県,神戸市兵庫区,御崎本町３丁目１番２３号,6520852
3140001014420,山圓青果株式会社,兵庫県,神戸市兵庫区,中之島１丁目１番１号,6520844
3140001014437,山下工業株式会社,兵庫県,神戸市兵庫区,西多聞通１丁目３番３２号ＦＫビル２階,6520035
3140001014445,山種商事株式会社,兵庫県,神戸市兵庫区,中之島１丁目１番１号,6520844
3140001014453,株式会社山本商店,兵庫県,神戸市兵庫区,永沢町２丁目１番２２号,6520816
3140001014461,株式会社山良商店,兵庫県,神戸市兵庫区,中之島１丁目１番１号,6520844
3140001014503,株式会社寄神エージエンシー,兵庫県,神戸市兵庫区,七宮町２丁目１番１号,6520831
3140001014511,株式会社ライフェック,兵庫県,神戸市兵庫区,上庄通２丁目１番５号,6520862
3140001014536,渡辺防水工業株式会社,兵庫県,神戸市兵庫区,神田町１番３号,6520006
3140001014544,スマイエル株式会社,兵庫県,神戸市兵庫区,中道通３丁目４−２９,6520801
3140001014560,株式会社ローエングリン,兵庫県,神戸市兵庫区,水木通６丁目１番５号,6520802
3140001014569,神戸興業株式会社,兵庫県,神戸市兵庫区,新開地１丁目４−３,6520811
3140001014577,株式会社神戸機工,兵庫県,神戸市兵庫区,中道通１丁目１番９号,6520801
3140001014585,株式会社神戸金属マーク製作所,兵庫県,神戸市兵庫区,下沢通５丁目２番１１号,6520047
3140001014593,神戸牛乳株式会社,兵庫県,神戸市兵庫区,上沢通３丁目１番１６−１５０１号,6520046
3140001014610,神戸スチール販売株式会社,兵庫県,神戸市兵庫区,上沢通３丁目８番７号,6520046
3140001014619,神戸漬物株式会社,兵庫県,神戸市兵庫区,中之島１丁目１番３号神戸市中央卸売市場内南棟,6520844
3140001014627,神戸中央市場運搬株式会社,兵庫県,神戸市兵庫区,中之島１丁目１番３号,6520844
3140001014668,日本営繕株式会社,兵庫県,神戸市兵庫区,夢野町２丁目５番地の６,6520063
3140001014684,日本テクトス株式会社,兵庫県,神戸市兵庫区,下沢通７丁目１番２３号,6520047
3140001014701,兵庫昆布海産株式会社,兵庫県,神戸市兵庫区,本町１丁目１番１号,6520834
3140001014718,兵庫鉄工株式会社,兵庫県,神戸市兵庫区,駅前通５丁目３番１５号,6520898
3140001014726,株式会社兵庫鈑金,兵庫県,神戸市兵庫区,三川口町３丁目１番３２号,6520815
3140001016243,神友建設株式会社,兵庫県,神戸市兵庫区,出在家町２丁目２番２４号,6520846
3140001016499,株式会社トウジョウ,兵庫県,神戸市兵庫区,東出町３丁目３−１２,6520823
3140001016813,株式会社ポート衛研,兵庫県,神戸市兵庫区,熊野町４丁目２番４号ポートトラストビル,6520064
3140001016961,株式会社宮本金型製作所,兵庫県,神戸市兵庫区,切戸町５−２９,6520847
3140001017002,株式会社安田精機工業所,兵庫県,神戸市兵庫区,東出町３丁目７番３号,6520823
3140001017068,米田産業株式会社,兵庫県,神戸市兵庫区,七宮町１丁目６番１８号,6520831
3140001017324,エヌ、アイ、シー吉田印刷株式会社,兵庫県,神戸市兵庫区,和田山通１丁目２番２５号,6520884
3140001019097,公照自動車整備株式会社,兵庫県,神戸市兵庫区,駅南通１丁目２番１８号,6520897
3140001019171,株式会社神戸メディカルサービス協会,兵庫県,神戸市兵庫区,上沢通１丁目１番２５号,6520046
3140001019774,株式会社プランニング,兵庫県,神戸市兵庫区,笠松通７丁目３番２４号,6520864
3140001019799,株式会社ベニヤ,兵庫県,神戸市兵庫区,荒田町２丁目１８番２０号さんくれーる８１０号,6520032
3140001019948,株式会社ジー・ジェイ・エス,兵庫県,神戸市兵庫区,都由乃町３丁目２番１６号,6520023
3140001019980,株式会社石崎建設,兵庫県,神戸市兵庫区,芦原通６丁目１番１８号,6520882
3140001020088,オーティーエス大阪テクニクス・サービス株式会社,兵庫県,神戸市兵庫区,入江通３丁目１番１５号,6520894
3140001020294,株式会社テンプ,兵庫県,神戸市兵庫区,石井町５丁目１番４号,6520061
3140001020906,倉橋物産株式会社,兵庫県,神戸市兵庫区,東山町１丁目６番８号,6520042
3140001021350,サンシェード株式会社,兵庫県,神戸市兵庫区,馬場町１３番７号,6520016
3140001021466,ヒューマンネットワーク株式会社,兵庫県,神戸市兵庫区,東出町３丁目２０番１号,6520823
3140001022737,株式会社三建ホーム,兵庫県,神戸市兵庫区,下沢通１丁目１番１７号,6520047
3140001023644,株式会社フレンド貿易,兵庫県,神戸市兵庫区,築地町６番２５号,6520845
3140001023909,株式会社サポートクラブゆう,兵庫県,神戸市兵庫区,水木通１０丁目２番１５号,6520802
3140001024279,株式会社大昇建設,兵庫県,神戸市兵庫区,新開地６丁目１−１２−３０３号,6520811
3140001024312,株式会社大崎ガスリビング,兵庫県,神戸市兵庫区,大開通８丁目１番１６号,6520803
3140001024337,株式会社環境保全システム,兵庫県,神戸市兵庫区,上庄通２丁目４番２９号,6520862
3140001024659,ＳＨＵ　ＣＯＲＰＯＲＡＴＩＯＮ株式会社,兵庫県,神戸市兵庫区,吉田町２丁目１３番６号,6520872
3140001024691,株式会社成幸,兵庫県,神戸市兵庫区,永沢町４丁目５番４号,6520816
3140001024972,サクセスメインスタッフ株式会社,兵庫県,神戸市兵庫区,船大工町２番７号,6520843
3140001025830,株式会社ビジネスインフォメーションアンドアドバイザー,兵庫県,神戸市兵庫区,下沢通３丁目４番２５号,6520047
3140001026060,株式会社タカトリ建設,兵庫県,神戸市兵庫区,上沢通１丁目１番１４号,6520046
3140001026226,株式会社井上工務店,兵庫県,神戸市兵庫区,浜中町１丁目６番１号,6520875
3140001026283,神工設備株式会社,兵庫県,神戸市兵庫区,切戸町２−９,6520847
3140001026795,工研建設株式会社,兵庫県,神戸市兵庫区,上沢通１丁目３番２−１１０３号,6520046
3140001026804,株式会社日本燃焼工学研究所,兵庫県,神戸市兵庫区,西出町１丁目１番８号,6520822
3140001026837,株式会社プレジャーサポート,兵庫県,神戸市兵庫区,西橘通２丁目２番１０号,6520034
3140001026845,オーシャンシッピング株式会社,兵庫県,神戸市兵庫区,材木町３番１号,6520851
3140001026853,株式会社昌隆,兵庫県,神戸市兵庫区,駅南通２丁目２番１８号,6520897
3140001027406,株式会社九建ホーム,兵庫県,神戸市兵庫区,小松通４丁目１番５号,6520865
3140001027471,麻植商工株式会社,兵庫県,神戸市兵庫区,大開通８丁目１−１６番地,6520803
3140001028057,株式会社エーダッシュ,兵庫県,神戸市兵庫区,下沢通２丁目２番１９号ラ・シエスタ２０６,6520047
3140001028222,株式会社トレード,兵庫県,神戸市兵庫区,西上橘通２丁目７番７号,6520033
3140001028247,プロジェクト神戸株式会社,兵庫県,神戸市兵庫区,下沢通３丁目４番２８号,6520047
3140001028255,株式会社耀山,兵庫県,神戸市兵庫区,金平町１丁目４番５号,6520873
3140001029138,株式会社光生創,兵庫県,神戸市兵庫区,菊水町１０丁目３９番１８−３−１３０２号,6520058
3140001029253,株式会社弓岡工芸社,兵庫県,神戸市兵庫区,永沢町３丁目２番１８号,6520816
3140001029583,株式会社日本土地開発,兵庫県,神戸市兵庫区,荒田町４丁目３番１７号,6520032
3140001029591,メディカ・イン株式会社,兵庫県,神戸市兵庫区,切戸町２番９−３０１号,6520847
3140001029641,株式会社自然,兵庫県,神戸市兵庫区,和田山通１丁目２−２５−Ｄ４１０,6520884
3140001029930,株式会社Ａ，ｓ,兵庫県,神戸市兵庫区,吉田町２丁目４−１７,6520872
3140001030038,成進海運株式会社,兵庫県,神戸市兵庫区,鍛冶屋町１丁目３番２１号,6520832
3140001030244,株式会社エム,兵庫県,神戸市兵庫区,湊川町６丁目９番１３号,6520041
3140001030376,山田工業株式会社,兵庫県,神戸市兵庫区,御崎町１丁目８番１３号,6520855
3140001030467,株式会社家守りステーション関西,兵庫県,神戸市兵庫区,門口町１番２０号,6520814
3140001030517,株式会社ロイヤル・オフィス,兵庫県,神戸市兵庫区,新開地６丁目２番２０号１０１号,6520811
3140001030608,株式会社Ｅ．Ｈ．Ｅ．,兵庫県,神戸市兵庫区,御崎町１丁目２番１号,6520855
3140001030640,厚徳載物株式会社,兵庫県,神戸市兵庫区,新開地１丁目２−１１,6520811
3140001030665,カズ株式会社,兵庫県,神戸市兵庫区,湊川町６丁目９番１３号,6520041
3140001030707,株式会社中山造園,兵庫県,神戸市兵庫区,荒田町４丁目２６番７号,6520032
3140001031234,神戸大同工業株式会社,兵庫県,神戸市兵庫区,大同町１丁目２番１号,6520062
3140001031382,株式会社北村通信システム,兵庫県,神戸市兵庫区,下沢通６丁目１番１５−３０９号,6520047
3140001031696,玉田畜産株式会社,兵庫県,神戸市兵庫区,切戸町２番９−３０１号,6520847
3140001031713,株式会社シャイニー,兵庫県,神戸市兵庫区,東山町３丁目１番１号,6520042
3140001032117,株式会社芯,兵庫県,神戸市兵庫区,塚本通８丁目１番１９号甲南第１０兵庫コーポラス１Ｆ,6520804
3140001032397,株式会社ファインスペース,兵庫県,神戸市兵庫区,今出在家町１丁目２番１５号,6520853
3140001032505,株式会社兵庫工作所,兵庫県,神戸市兵庫区,西柳原町８番１８号,6520806
3140001032711,株式会社豊村,兵庫県,神戸市兵庫区,福原町１１番１７号,6520036
3140001032876,株式会社カメヤマコーポレーション,兵庫県,神戸市兵庫区,松本通３丁目１番８号,6520045
3140001033107,株式会社アールアイエス,兵庫県,神戸市兵庫区,中道通３丁目３番１１,6520801
3140001033247,株式会社ゴールド,兵庫県,神戸市兵庫区,中道通９丁目３番１７号,6520801
3140001033346,株式会社ドリーム,兵庫県,神戸市兵庫区,和田山通１丁目２−２５Ｄ棟２１７Ｂ,6520884
3140001033453,株式会社Ｍ＆Ｍ,兵庫県,神戸市兵庫区,上沢通７丁目１番１５号ハイライフ上沢ＶＩＩ２０２号室,6520046
3140001033767,株式会社今村,兵庫県,神戸市兵庫区,西多聞通１丁目１番２７号,6520035
3140001033949,インフィニタ株式会社,兵庫県,神戸市兵庫区,中道通９丁目６番７号,6520801
3140001033981,株式会社Ｓ＆Ｒ,兵庫県,神戸市兵庫区,西出町２丁目１７番１２号,6520822
3140001034096,株式会社ＫＯＢＥライジング,兵庫県,神戸市兵庫区,西橘通２丁目１番１８号,6520034
3140001034113,株式会社えくぼ,兵庫県,神戸市兵庫区,水木通４丁目２番２１号,6520802
3140001034237,神戸ファクトリー株式会社,兵庫県,神戸市兵庫区,吉田町１丁目９番１号共和溶構ビル２階,6520872
3140001038031,株式会社立輝商社,兵庫県,神戸市兵庫区,小松通３丁目２番２号,6520865
3140001042165,株式会社マーブルスタイル,兵庫県,神戸市兵庫区,本町２丁目３番３６号,6520834
3140001042215,株式会社ＪＥＴ,兵庫県,神戸市兵庫区,駅南通５丁目１番１−２２０７号,6520897
3140001047214,株式会社プラスアクト建築研究所,兵庫県,神戸市兵庫区,兵庫町１丁目２番１２号,6520813
3140001067435,株式会社ｃｏｒｅ　ｓｅｒｅｃｔｉｏｎ,兵庫県,神戸市兵庫区,荒田町１丁目５番１４号,6520032
3140001067526,株式会社Ｇ．Ｄ．Ｃ,兵庫県,神戸市兵庫区,新開地４丁目３番２１−１１０１号,6520811
3140001083548,フラマックス・ジャパン株式会社,兵庫県,神戸市兵庫区,新開地３丁目３番１１−１４０７号,6520811
3140001086393,株式会社Ｔ・Ｒ,兵庫県,神戸市兵庫区,大開通７丁目１番１７号,6520803
3140001086518,株式会社ＡＩＷＩＳＨ,兵庫県,神戸市兵庫区,荒田町１丁目１４番７−７０２号,6520032
3140001087680,株式会社グローバル,兵庫県,神戸市兵庫区,菊水町９丁目１５番２号,6520058
3140001087796,株式会社ＮＳクリーンサービス,兵庫県,神戸市兵庫区,松原通４丁目４番１８号朝日プラザαポート神戸８０１,6520881
3140001087961,丸善株式会社,兵庫県,神戸市兵庫区,菊水町９丁目９番１１号,6520058
3140001088472,ウィズアス神戸株式会社,兵庫県,神戸市兵庫区,塚本通４丁目４番１４号,6520804
3140001088613,株式会社イノベーションカンパニー,兵庫県,神戸市兵庫区,駅南通１丁目２−２６サンライズビルＫＯＢＥ４０７,6520897
3140001089090,株式会社メテオラ,兵庫県,神戸市兵庫区,山王町２丁目４番２１号,6520011
3140001090032,ケアアンドサポート株式会社,兵庫県,神戸市兵庫区,駅南通３丁目４番３２号,6520897
3140001090073,株式会社グラディル,兵庫県,神戸市兵庫区,新開地６丁目２番２６−４０３号,6520811
3140001090222,株式会社エイトウッド,兵庫県,神戸市兵庫区,塚本通４丁目１番１４号,6520804
3140001091550,株式会社ライフ・エフ,兵庫県,神戸市兵庫区,駅前通２丁目１番８−１０１６号,6520898
3140001091781,株式会社ネクスト,兵庫県,神戸市兵庫区,水木通１丁目５番２６−１０１号,6520802
3140001092350,ヒロ設備工業株式会社,兵庫県,神戸市兵庫区,西上橘通１丁目１番１０号,6520033
3140001092870,Ｅ−ＰＬＡＮ株式会社,兵庫県,神戸市兵庫区,湊町４丁目１番１−８０２号,6520812
3140001093209,株式会社スカイフーズ,兵庫県,神戸市兵庫区,湊町２丁目４番２７号,6520812
3140001093828,株式会社Ｋ＆Ｋエステート,兵庫県,神戸市兵庫区,荒田町４丁目１７番９号,6520032
3140001093877,株式会社すずらん,兵庫県,神戸市兵庫区,三川口町３丁目４番３号,6520815
3140001093951,株式会社東南グローバルビジネス,兵庫県,神戸市兵庫区,西出町２丁目１２番１４−１号,6520822
3140001094181,株式会社下山工務店,兵庫県,神戸市兵庫区,浜山通３丁目６番９号,6520871
3140001095386,株式会社ミヨ・サポート,兵庫県,神戸市兵庫区,中道通３丁目３番１号,6520801
3140001095543,ゴールドエコテック株式会社,兵庫県,神戸市兵庫区,水木通１丁目５番１３号,6520802
3140001096087,ユニスリツプジヤパン株式会社,兵庫県,神戸市兵庫区,本町２丁目１番４号,6520834
3140001096896,株式会社ＫＳＩ冷蔵,兵庫県,神戸市兵庫区,出在家町１丁目４番２０号,6520846
3140001097481,サントス株式会社,兵庫県,神戸市兵庫区,笠松通６丁目１番２号松井ビル１階,6520864
3140001097853,あおばメディック株式会社,兵庫県,神戸市兵庫区,下沢通４丁目７番１号,6520047
3140001098109,株式会社ＮＯｚ,兵庫県,神戸市兵庫区,山王町１丁目５番４号,6520011
3140001098372,株式会社ロアーク,兵庫県,神戸市兵庫区,兵庫町１丁目１−８,6520813
3140001098380,株式会社めぐみ,兵庫県,神戸市兵庫区,湊川町９丁目８番９号,6520041
3140001099206,株式会社ディ・オーホールディングス,兵庫県,神戸市兵庫区,中道通３丁目３番１号,6520801
3140001099305,株式会社ネクセル,兵庫県,神戸市兵庫区,松原通４丁目４番７号,6520881
3140001100369,株式会社ＴＯＭＯＥ,兵庫県,神戸市兵庫区,大開通７丁目１番２０号,6520803
3140001100708,神戸テクニカルエンジ株式会社,兵庫県,神戸市兵庫区,和田宮通３丁目３番９号,6520863
3140001100996,株式会社丸次興業,兵庫県,神戸市兵庫区,小河通３丁目３番２２号,6520895
3140001101805,トラストコーポレーション株式会社,兵庫県,神戸市兵庫区,熊野町４丁目２番４号ポートトラストビル１階,6520064
3140001101953,株式会社ＮＭＳ,兵庫県,神戸市兵庫区,馬場町１４番８号,6520016
3140001102175,株式会社サクシード,兵庫県,神戸市兵庫区,築地町３番３０号,6520845
3140001102539,株式会社熊澤,兵庫県,神戸市兵庫区,磯之町１番１号,6520842
3140001103479,株式会社神戸総合設備,兵庫県,神戸市兵庫区,築地町３−２８,6520845
3140001104840,株式会社みらいず,兵庫県,神戸市兵庫区,下沢通６丁目１番２６号,6520047
3140001104849,株式会社ペットコミュニティハウス,兵庫県,神戸市兵庫区,下沢通３丁目２−１６,6520047
3140001105905,株式会社ＷＩＮ‐ＷＩＮ,兵庫県,神戸市兵庫区,大井通２丁目１番１６号,6520044
3140001106135,ＪＷコーポレーション株式会社,兵庫県,神戸市兵庫区,南仲町１−５南仲ＴＯビル,6520841
3140001106647,株式会社住環色彩,兵庫県,神戸市兵庫区,石井町５丁目４番８号,6520061
3140001106829,ＴＡＮＡＫＡコーポレーション株式会社,兵庫県,神戸市兵庫区,鍛冶屋町１丁目２番４号,6520832
3140001107075,神戸ＬＩＮＥ不動産株式会社,兵庫県,神戸市兵庫区,羽坂通４丁目１番１号,6520805
3140001107868,株式会社栄和興業,兵庫県,神戸市兵庫区,塚本通５丁目１番１３号,6520804
3140001108742,株式会社クロモ,兵庫県,神戸市兵庫区,本町１丁目１番２４−３０１号,6520834
3140001109162,草盛明源株式会社,兵庫県,神戸市兵庫区,雪御所町１６番２６号,6520031
3140001109708,株式会社神戸湊川不動産,兵庫県,神戸市兵庫区,上沢通１丁目１番６号,6520046
3140001109740,株式会社伸幸道路,兵庫県,神戸市兵庫区,荒田町４丁目２９番２２−１２０７号,6520032
3140001109864,株式会社河野板金,兵庫県,神戸市兵庫区,湊山町７−７,6520012
3140001110491,株式会社満園,兵庫県,神戸市兵庫区,石井町６丁目２番３号,6520061
3140001111110,ＢＥＳＴＯＷＳ株式会社,兵庫県,神戸市兵庫区,松原通５丁目１番２１−１２０６号,6520881
3140001111283,株式会社モアクリエイト,兵庫県,神戸市兵庫区,水木通６丁目４−４−２−３階,6520802
3140001112315,株式会社ワコテック,兵庫県,神戸市兵庫区,明和通３丁目１番１号,6520883
3140001112579,橋本架設株式会社,兵庫県,神戸市兵庫区,和田宮通４丁目２番３号３０１,6520863
3140001112942,株式会社リサイド,兵庫県,神戸市兵庫区,駅前通２丁目２番１８号,6520898
3140001112983,株式会社夢乃蔵,兵庫県,神戸市兵庫区,西橘通１丁目１番５号ベルセコーロ１階,6520034
3140001113313,株式会社ＤＥＡＲＥＳＴ,兵庫県,神戸市兵庫区,湊町１丁目２番２２−１３０４号,6520812
3140001113370,ワイズホーム株式会社,兵庫県,神戸市兵庫区,浜山通２丁目２番１４号ハイツ山崎１Ｆ,6520871
3140001114105,株式会社パーマネント,兵庫県,神戸市兵庫区,下沢通５丁目３番１５−３０１号,6520047
3140001114170,株式会社コウベガラス,兵庫県,神戸市兵庫区,荒田町３丁目６８番３−２号,6520032
3140001115284,株式会社若松,兵庫県,神戸市兵庫区,吉田町１丁目２番１０−５号１階,6520872
3140001116290,株式会社ぷりんとまぁけっと,兵庫県,神戸市兵庫区,荒田町１丁目８番１８号渡辺ビル１階,6520032
3140001116712,株式会社ビー・アシスト,兵庫県,神戸市兵庫区,氷室町１丁目６番１８号,6520054
3140001116794,オアシス株式会社,兵庫県,神戸市兵庫区,水木通１丁目５−２−１４０４号,6520802
3140001116860,株式会社くすのき,兵庫県,神戸市兵庫区,松原通５丁目１番３号,6520881
3140001117603,みらいワークス株式会社,兵庫県,神戸市兵庫区,下沢通６丁目１番２６号,6520047
3140001118741,株式会社ＢＥＹＯＮＤ,兵庫県,神戸市兵庫区,和田宮通５丁目１番１１号,6520863
3140001119335,Ｃ＆Ｃ株式会社,兵庫県,神戸市兵庫区,東柳原町２番２４号,6520892
3140001120318,株式会社ベアーズホーム,兵庫県,神戸市兵庫区,駅前通５丁目１番４号,6520898
3140001120359,株式会社Ｈａｒｖｅｓｔ　Ｅｎｔｅｒｐｒｉｓｅ,兵庫県,神戸市兵庫区,新開地１丁目４番３号ミナエンタウンビル２階３号,6520811
3140001120689,株式会社六皓,兵庫県,神戸市兵庫区,門口町３番２０号,6520814
3140001121282,株式会社ａｎｄ　Ｗｈｉｔｅｎｉｎｇ,兵庫県,神戸市兵庫区,駅南通２丁目１番１０,6520897
3140001121662,株式会社トワード防災,兵庫県,神戸市兵庫区,中道通９丁目６番１３号,6520801
3140001121927,ととのファーム株式会社,兵庫県,神戸市兵庫区,駅南通２丁目２番２２−４０５号,6520897
3140001122099,南陽コントラクト株式会社,兵庫県,神戸市兵庫区,永沢町３丁目１番１０号石本ビル３Ｆ,6520816
3140001122157,株式会社ａｒｉａ,兵庫県,神戸市兵庫区,西上橘通１丁目４番１２−２０１号,6520033
3140001122834,株式会社ヘルスリー,兵庫県,神戸市兵庫区,三川口町３丁目３番１０−４０６号,6520815
3140001123733,株式会社セールスインダストリー,兵庫県,神戸市兵庫区,上沢通１丁目１−２５,6520046
3140001124764,株式会社ピースコレクト,兵庫県,神戸市兵庫区,大同町１丁目２番１５号,6520062
3140001125250,株式会社アストラ,兵庫県,神戸市兵庫区,築地町３−２８−１Ｆ,6520845
3140001125969,株式会社Ｒｉｔｚ．ｂ,兵庫県,神戸市兵庫区,福原町２５番８号,6520036
3140001126975,株式会社義心建設,兵庫県,神戸市兵庫区,兵庫町１丁目２−２１,6520813
3140001127065,株式会社トラバサ,兵庫県,神戸市兵庫区,上祇園町７番１４号,6520008
3140001127148,株式会社Ｌｉｖｉａ　ＨｏｍｅＡｓｓｉｓｔ,兵庫県,神戸市兵庫区,下沢通１丁目１番１７号朝日プラザ湊川１０４,6520047
3140001127180,株式会社サクラ花,兵庫県,神戸市兵庫区,菊水町１０丁目３９番地の１１夢野団地１−９１３号,6520058
3140001128014,株式会社サンスレッド,兵庫県,神戸市兵庫区,駅南通５丁目１番２−２３０７号,6520897
3140001128170,株式会社瑚神建設,兵庫県,神戸市兵庫区,湊山町７番１号,6520012
3140001128311,株式会社ｔｏｐｐｉ　ｃｏｒｐｏｒａｔｉｏｎ,兵庫県,神戸市兵庫区,上沢通６丁目５番２号,6520046
3140001128831,ツルタ不動産株式会社,兵庫県,神戸市兵庫区,兵庫町２丁目３番２１号３階Ｂ,6520813
3140001129623,神戸Ｓ＆Ｍ株式会社,兵庫県,神戸市兵庫区,羽坂通２丁目１番２５号,6520805
3140001130085,株式会社サンメリットプラス,兵庫県,神戸市兵庫区,水木通１丁目１番２号福田ビル３階北,6520802
3140001130184,株式会社湊ｍｅａｔ,兵庫県,神戸市兵庫区,荒田町１丁目１９番３号,6520032
3140001131067,株式会社エターナル,兵庫県,神戸市兵庫区,西上橘通２丁目８−１５,6520033
3140001131991,株式会社福田,兵庫県,神戸市兵庫区,菊水町２丁目１番１０−１０４号,6520058
3140001132197,株式会社オークスホールディングス,兵庫県,神戸市兵庫区,出在家町１丁目５番１４−３０３号,6520846
3140001132544,海利建装株式会社,兵庫県,神戸市兵庫区,菊水町９丁目１３番１５号,6520058
3140001132718,株式会社ＭＩＬＩＹＡＨ,兵庫県,神戸市兵庫区,下沢通８丁目４番２６号,6520047
3140001133253,港橋株式会社,兵庫県,神戸市兵庫区,湊町４丁目２番１２−３０１号,6520812
3140001134573,株式会社ＶａｎＬｕｇｎａ,兵庫県,神戸市兵庫区,中道通１丁目１番８号ＢＡＬＯＨ．ＢＬＤ７Ｆ,6520801
3140001134821,株式会社ＫＫアセット,兵庫県,神戸市兵庫区,中道通７丁目１−７,6520801
3140001134929,株式会社コート幸管理,兵庫県,神戸市兵庫区,大同町３丁目４番１０−１０１号,6520062
3140001134953,株式会社タカタ技研,兵庫県,神戸市兵庫区,浜崎通４番１３−７０１号,6520807
3140001135233,株式会社リライフマネジメント,兵庫県,神戸市兵庫区,羽坂通４丁目２番１１号兵庫駅前中川ビル２Ｆ,6520805
3140001135381,逸楠株式会社,兵庫県,神戸市兵庫区,鵯越筋２−８８,6520052
3140001135927,株式会社オフィスＬｅｅ,兵庫県,神戸市兵庫区,湊町３丁目１番１０−７０４号,6520812
3140001136322,株式会社Ｔｈｅ　Ｚｏｄｉａｃ　Ｓｉｇｎ,兵庫県,神戸市兵庫区,三川口町１丁目３番１５号カワキタプラザ１０５号,6520815
3140001136958,ｎｏｎｆｌｉｃｔ株式会社,兵庫県,神戸市兵庫区,熊野町４丁目１４番２−２号−２Ｂ,6520064
3140001137485,卓越国際株式会社,兵庫県,神戸市兵庫区,西仲町１−６,6520835
3140001138005,株式会社平野土地建物,兵庫県,神戸市兵庫区,荒田町３丁目４５−１２,6520032
3140001138046,株式会社ＫＯＢＥ．Ｎｏ．８ＢＡＳＥ,兵庫県,神戸市兵庫区,大同町３丁目４番２号,6520062
3140001138310,株式会社ＳＮＴ　ＪＡＰＡＮ,兵庫県,神戸市兵庫区,水木通１丁目１−２−２Ｆ．Ｂ,6520802
3140001139085,ステラクレードル株式会社,兵庫県,神戸市兵庫区,駅前通５丁目３番１１号,6520898
3140001140002,株式会社大安,兵庫県,神戸市兵庫区,芦原通６丁目１番２９号リブリ芦原通３０１,6520882
3140001140638,株式会社福,兵庫県,神戸市兵庫区,東山町１丁目１番１４号２Ｆ,6520042
3140001140695,一ソ十株式会社,兵庫県,神戸市兵庫区,駅前通２丁目１番８−８１４号,6520898
3140001140910,ミネルヴァ神戸株式会社,兵庫県,神戸市兵庫区,荒田町１丁目１６番２号湊川センタービルＡ棟３Ｆ,6520032
3140001141066,株式会社Ｕｒｅｓｉｅ,兵庫県,神戸市兵庫区,大開通２丁目３番１０号,6520803
3140002007778,フジタデンキ株式会社,兵庫県,神戸市兵庫区,水木通８丁目２番７号,6520802
3140002012209,株式会社新開産業,兵庫県,神戸市兵庫区,湊町２丁目３番２７号,6520812
3140002020582,株式会社トゥインクル,兵庫県,神戸市兵庫区,烏原町ヌク谷１番地（菊水ゴルフクラブ内）,6520001
3140003000501,株式会社森田商店,兵庫県,神戸市兵庫区,西多聞通１丁目１番７号,6520035
3140003018642,株式会社アイヲライ十,兵庫県,神戸市兵庫区,駅南通１丁目２番２０号,6520897
3160001016976,株式会社竜神精工,兵庫県,神戸市兵庫区,新開地４丁目２番１４号Ｍ’ｓビル４階,6520811
3180001133068,アライズコミュニケーション株式会社,兵庫県,神戸市兵庫区,下沢通５丁目１番１２−３０６号,6520047
3260001032658,株式会社フェリーチェ,兵庫県,神戸市兵庫区,新開地６丁目２番１４−３０９号,6520811
3340001011959,株式会社地球環境ＥＤジャパン,兵庫県,神戸市兵庫区,新開地２丁目５番１１−１００４号,6520811
3370001039254,株式会社Ｇｒｏｗ　ｕｐ　Ｔｏｄａｙ　Ｊａｐａｎ,兵庫県,神戸市兵庫区,大開通２丁目３番２１号,6520803
4010401112199,株式会社ダブルオーインターナショナル,兵庫県,神戸市兵庫区,中道通３丁目２番２６号,6520801
4011501030051,江月株式会社,兵庫県,神戸市兵庫区,西橘通１丁目１−２３−１コート西橘通５０１号室,6520034
4030001013969,株式会社エイキ,兵庫県,神戸市兵庫区,御崎本町２丁目１０番５号,6520852
4040001076189,株式会社トリアディック,兵庫県,神戸市兵庫区,大開通７丁目１番１７号,6520803
4120001088853,株式会社フリーウエイ・ダンススタジオ,兵庫県,神戸市兵庫区,湊川町３丁目１２番５号,6520041
4120001114394,株式会社フィルストン,兵庫県,神戸市兵庫区,切戸町２番１２号３階,6520847
4120001135052,ベルホームサービス株式会社,兵庫県,神戸市兵庫区,東出町２丁目８番１号２０１,6520823
4120001165611,株式会社アットベリー,兵庫県,神戸市兵庫区,新開地３丁目４番１７号,6520811
4120001207231,無界設計株式会社,兵庫県,神戸市兵庫区,荒田町１丁目９番４号３階,6520032
4120001218410,株式会社ひまつぶし,兵庫県,神戸市兵庫区,楠谷町３３番１号,6520004
4120001224540,Ｂｅｕｌａｈ株式会社,兵庫県,神戸市兵庫区,上庄通３丁目１番１号２階,6520862
4120001230811,株式会社ファイブハーツ,兵庫県,神戸市兵庫区,駅前通３丁目１番２１号シティホール神戸６階,6520898
4120001238359,株式会社ＭＩＺ　ＣＯＭＰＡＮＹ,兵庫県,神戸市兵庫区,西出町３−１１,6520822
4120001254595,久一株式会社,兵庫県,神戸市兵庫区,湊町４丁目２−１２リビース湊川３０４号室,6520812
4120001259702,有道株式会社,兵庫県,神戸市兵庫区,会下山町１丁目６番２０号,6520043
4120901019783,大和不動産株式会社,兵庫県,神戸市兵庫区,下沢通２丁目１番１７号,6520047
4120901030971,株式会社レジェンド,兵庫県,神戸市兵庫区,西多聞通２丁目１−４プレサンス神戸セレスティア３１７号,6520035
4130001059085,株式会社西郷,兵庫県,神戸市兵庫区,荒田町１丁目１１−６−１０３,6520032
4130001069786,株式会社空間計画,兵庫県,神戸市兵庫区,福原町１９−１４−１０２,6520036
4140001003703,テクノソービ株式会社,兵庫県,神戸市兵庫区,和田宮通４丁目２番２号,6520863
4140001003851,株式会社ノーヴァ,兵庫県,神戸市兵庫区,松本通３丁目１番６号,6520045
4140001003918,ひかり産業株式会社,兵庫県,神戸市兵庫区,築地町３番１０号,6520845
4140001005344,株式会社堀工業所,兵庫県,神戸市兵庫区,笠松通６丁目１番１７号２階Ｄ,6520864
4140001005534,株式会社緑創,兵庫県,神戸市兵庫区,駅南通３丁目４−１−１０１,6520897
4140001005781,アイ・ビー・アール株式会社,兵庫県,神戸市兵庫区,船大工町３番１０号,6520843
4140001005831,赤澤荷役株式会社,兵庫県,神戸市兵庫区,築地町６番１７号,6520845
4140001006359,株式会社エー・ジー・エス,兵庫県,神戸市兵庫区,荒田町２丁目１８番２号,6520032
4140001006870,株式会社関西ブルーリバース,兵庫県,神戸市兵庫区,中道通８丁目１番１号,6520801
4140001007035,近畿開発工業株式会社,兵庫県,神戸市兵庫区,西橘通１丁目１番２２号,6520034
4140001007902,株式会社三星興産,兵庫県,神戸市兵庫区,平野町字天王谷筋西服６番地,6520002
4140001008462,株式会社城西建設,兵庫県,神戸市兵庫区,荒田町１丁目２２番１−４１０,6520032
4140001010088,野田海運株式会社,兵庫県,神戸市兵庫区,楠谷町８番８号,6520004
4140001010278,ビーエル出版株式会社,兵庫県,神戸市兵庫区,出在家町２丁目２番２０号,6520846
4140001012381,株式会社フレシオンかめや,兵庫県,神戸市兵庫区,松原通５丁目１番１１号,6520881
4140001012407,朝日興業株式会社,兵庫県,神戸市兵庫区,新開地３丁目４番１７号,6520811
4140001012415,アサヒ食品工業株式会社,兵庫県,神戸市兵庫区,駅前通２丁目１番１５−９１２号,6520898
4140001012431,株式会社安藤工務店,兵庫県,神戸市兵庫区,松原通２丁目１番２７号,6520881
4140001012448,株式会社綾城商店,兵庫県,神戸市兵庫区,今出在家町２丁目１番４号,6520853
4140001012464,株式会社有馬芳香堂,兵庫県,神戸市兵庫区,下沢通７丁目１番２号,6520047
4140001012472,株式会社池田電機,兵庫県,神戸市兵庫区,馬場町１８番７号,6520016
4140001012489,石田青果株式会社,兵庫県,神戸市兵庫区,中之島１丁目１番１号,6520844
4140001012497,株式会社勇コンサルタンツ,兵庫県,神戸市兵庫区,入江通１丁目１番１５号,6520894
4140001012506,株式会社糸井樹脂製作所,兵庫県,神戸市兵庫区,高松町２番３号,6520874
4140001012530,イブキ船舶株式会社,兵庫県,神戸市兵庫区,西出町１丁目４番１１号,6520822
4140001012555,株式会社魚繁,兵庫県,神戸市兵庫区,中之島１丁目１番１号,6520844
4140001012563,上田貿易株式会社,兵庫県,神戸市兵庫区,出在家町２丁目２番２４号,6520846
4140001012571,牛尾紙器株式会社,兵庫県,神戸市兵庫区,西出町１丁目４番７号,6520822
4140001012596,エコープリント株式会社,兵庫県,神戸市兵庫区,上沢通８丁目７番２号,6520046
4140001012621,株式会社恵美須瓦店,兵庫県,神戸市兵庫区,入江通３丁目１番３０号,6520894
4140001012654,株式会社大島組,兵庫県,神戸市兵庫区,浜中町１丁目６番４−２号,6520875
4140001012670,株式会社大貫商店,兵庫県,神戸市兵庫区,中之島１丁目１番１号,6520844
4140001012679,大堀建設株式会社,兵庫県,神戸市兵庫区,松本通８丁目６番２号,6520045
4140001012687,奥井電機株式会社,兵庫県,神戸市兵庫区,西出町１丁目４番３号,6520822
4140001012712,音田ビル株式会社,兵庫県,神戸市兵庫区,塚本通６丁目２番２０号,6520804
4140001012720,株式会社ハマシン,兵庫県,神戸市兵庫区,切戸町８番７号,6520847
4140001012729,株式会社カーポート山田,兵庫県,神戸市兵庫区,荒田町１丁目７−２３,6520032
4140001012737,関西栄和工産株式会社,兵庫県,神戸市兵庫区,福原町１番１９号,6520036
4140001012745,関西青果株式会社,兵庫県,神戸市兵庫区,築地町２番５３号,6520845
4140001012761,株式会社関電協報社,兵庫県,神戸市兵庫区,浜崎通２番８号,6520807
4140001012786,株式会社兼菱,兵庫県,神戸市兵庫区,中道通４丁目２番２５号,6520801
4140001012803,上沢商事株式会社,兵庫県,神戸市兵庫区,氷室町２丁目４番１５号,6520054
4140001012828,川重車両コンポ株式会社,兵庫県,神戸市兵庫区,和田山通２丁目１２番１４号,6520884
4140001012836,株式会社菊水ゴルフクラブ,兵庫県,神戸市兵庫区,烏原町字ヌク谷１番地,6520001
4140001012844,近畿通商株式会社,兵庫県,神戸市兵庫区,小河通２丁目１番１３号,6520895
4140001012852,寄神興産株式会社,兵庫県,神戸市兵庫区,七宮町２丁目１番１号,6520831
4140001012877,株式会社絹富,兵庫県,神戸市兵庫区,東山町２丁目３番２０号,6520042
4140001012885,株式会社共栄社マナベ,兵庫県,神戸市兵庫区,三石通３丁目１番１号,6520861
4140001012910,株式会社キヤナル,兵庫県,神戸市兵庫区,駅南通５丁目１番１−１０２号,6520897
4140001012919,株式会社忽那工務店,兵庫県,神戸市兵庫区,雪御所町１６番１８号,6520031
4140001012927,窪田鉄興業株式会社,兵庫県,神戸市兵庫区,遠矢浜町地先,6520866
4140001012943,株式会社黒瀬商店,兵庫県,神戸市兵庫区,入江通３丁目１番１１号,6520894
4140001012976,株式会社公営社,兵庫県,神戸市兵庫区,中道通２丁目１番５号,6520801
4140001012984,株式会社幸クリーニング,兵庫県,神戸市兵庫区,雪御所町１番４号,6520031
4140001012992,株式会社幸真堂製菓,兵庫県,神戸市兵庫区,上沢通５丁目１番２１号,6520046
4140001013000,甲南電設工業株式会社,兵庫県,神戸市兵庫区,芦原通１丁目２番１２号,6520882
4140001013041,寿工機株式会社,兵庫県,神戸市兵庫区,三川口町３丁目２番２８号,6520815
4140001013058,株式会社小林工務店,兵庫県,神戸市兵庫区,塚本通３丁目１番１２号,6520804
4140001013066,株式会社三永,兵庫県,神戸市兵庫区,石井町１丁目２番１５号,6520061
4140001013074,株式会社財木商店,兵庫県,神戸市兵庫区,中之島１丁目１番１号,6520844
4140001013090,株式会社酒井商会,兵庫県,神戸市兵庫区,上沢通７丁目１番７号,6520046
4140001013099,株式会社阪元工務店,兵庫県,神戸市兵庫区,水木通８丁目３番１４号,6520802
4140001013108,桜井電機株式会社,兵庫県,神戸市兵庫区,和田山通１丁目２番２５号Ｂ棟５０６号,6520884
4140001013124,サン電設工業株式会社,兵庫県,神戸市兵庫区,塚本通３丁目１番３−２号,6520804
4140001013157,株式会社サンライズユニバース,兵庫県,神戸市兵庫区,切戸町５番２５号,6520847
4140001013165,株式会社三輪電気計装,兵庫県,神戸市兵庫区,羽坂通１丁目１番１５号,6520805
4140001013181,信栄商事株式会社,兵庫県,神戸市兵庫区,新開地１丁目１番１１号,6520811
4140001013198,新港重運計量株式会社,兵庫県,神戸市兵庫区,島上町１丁目４番１１号,6520833
4140001013207,神港農園芸株式会社,兵庫県,神戸市兵庫区,大同町３丁目１番１号,6520062
4140001013215,神姫産業株式会社,兵庫県,神戸市兵庫区,鍛冶屋町１丁目２番２３号,6520832
4140001013256,下田金属株式会社,兵庫県,神戸市兵庫区,塚本通３丁目３番１９号,6520804
4140001013272,神洋食品株式会社,兵庫県,神戸市兵庫区,島上町２丁目２番３号,6520833
4140001013289,昭和不動産株式会社,兵庫県,神戸市兵庫区,矢部町３８番５号,6520005
4140001013306,神和金属株式会社,兵庫県,神戸市兵庫区,駅前通２丁目２番２９号,6520898
4140001013322,株式会社末廣リアル・エステート,兵庫県,神戸市兵庫区,東出町３丁目２２番１６号,6520823
4140001013339,スナミマリン株式会社,兵庫県,神戸市兵庫区,七宮町１丁目４番２２号,6520831
4140001013347,株式会社盛規,兵庫県,神戸市兵庫区,北逆瀬川町２番６号,6520837
4140001013371,株式会社センコー,兵庫県,神戸市兵庫区,石井町８丁目１番１７号,6520061
4140001013388,摂津建材株式会社,兵庫県,神戸市兵庫区,上沢通２丁目１番１７号,6520046
4140001013413,株式会社ソフトウェア研究所,兵庫県,神戸市兵庫区,羽坂通３丁目４番１１号,6520805
4140001013421,株式会社大栄社,兵庫県,神戸市兵庫区,築地町２４番地,6520845
4140001013438,大開電気オートサービス株式会社,兵庫県,神戸市兵庫区,塚本通２丁目２番２８号,6520804
4140001013462,株式会社大善ベニヤ商会,兵庫県,神戸市兵庫区,三川口町３丁目４番５号,6520815
4140001013479,大日星警備株式会社,兵庫県,神戸市兵庫区,芦原通６丁目３番３号神戸鉄工センタービル６０１号室,6520882
4140001013520,竹内油業株式会社,兵庫県,神戸市兵庫区,今出在家町１丁目２番４号,6520853
4140001013529,株式会社高島商事,兵庫県,神戸市兵庫区,切戸町６番１２号,6520847
4140001013537,武田食品株式会社,兵庫県,神戸市兵庫区,荒田町３丁目１６番９号,6520032
4140001013586,株式会社田原通商,兵庫県,神戸市兵庫区,西出町２２番地の１,6520822
4140001013594,株式会社樽谷,兵庫県,神戸市兵庫区,北逆瀬川町４番１６号,6520837
4140001013603,株式会社千葉出版,兵庫県,神戸市兵庫区,永沢町４丁目４番１８号,6520816
4140001013611,中央食肉株式会社,兵庫県,神戸市兵庫区,中之島１丁目１番４号,6520844
4140001013636,株式会社デイスプレイミワボシ,兵庫県,神戸市兵庫区,大開通３丁目１番２１号,6520803
4140001013644,株式会社テクノプランニング,兵庫県,神戸市兵庫区,大開通１丁目１番１号,6520803
4140001013677,株式会社トータルインテリアあおやま,兵庫県,神戸市兵庫区,駅前通５丁目１番４号,6520898
4140001013693,株式会社東洋鉄工所,兵庫県,神戸市兵庫区,東出町３丁目６番７号,6520823
4140001013702,東和資材株式会社,兵庫県,神戸市兵庫区,北逆瀬川町２番１０号,6520837
4140001013710,株式会社常盤製作所,兵庫県,神戸市兵庫区,兵庫町１丁目１番２０号,6520813
4140001013719,株式会社鳶武,兵庫県,神戸市兵庫区,材木町１番６号,6520851
4140001013735,株式会社トヨテック,兵庫県,神戸市兵庫区,東出町３丁目５番１２号,6520823
4140001013743,株式会社トリム,兵庫県,神戸市兵庫区,中道通９丁目５番１８号,6520801
4140001013776,株式会社長村商会,兵庫県,神戸市兵庫区,本町２丁目１番１２号,6520834
4140001013801,西上商事株式会社,兵庫県,神戸市兵庫区,兵庫町１丁目１番２８号,6520813
4140001013818,ニシムラ洋紙株式会社,兵庫県,神戸市兵庫区,大開通２丁目３番３５号,6520803
4140001013826,日建産業株式会社,兵庫県,神戸市兵庫区,駅前通５丁目１番２５号,6520898
4140001013842,日昌印刷株式会社,兵庫県,神戸市兵庫区,和田山通１丁目２番２５号神戸市ものづくり工場Ｃ棟３１０,6520884
4140001013875,株式会社パオ,兵庫県,神戸市兵庫区,吉田町２丁目１６番１１号,6520872
4140001013900,株式会社長谷川電気商会,兵庫県,神戸市兵庫区,羽坂通３丁目５番２３号,6520805
4140001013925,初田商事株式会社,兵庫県,神戸市兵庫区,小松通３丁目５番１号,6520865
4140001013933,浜崎竹材工業株式会社,兵庫県,神戸市兵庫区,大開通１０丁目２−２３エクセルシティ兵庫３０４,6520803
4140001013941,株式会社速見建設,兵庫県,神戸市兵庫区,小河通２丁目１番１３号,6520895
4140001013958,ビー・エル・オートテック株式会社,兵庫県,神戸市兵庫区,明和通３丁目３番１７号,6520883
4140001013966,びんごや耀産株式会社,兵庫県,神戸市兵庫区,福原町２７番６号,6520036
4140001013982,株式会社ひのもと建設工業社,兵庫県,神戸市兵庫区,大開通３丁目１番１０号,6520803
4140001013990,兵敷インテリア株式会社,兵庫県,神戸市兵庫区,中道通１丁目４番２６号,6520801
4140001013999,廣岡電話工業株式会社,兵庫県,神戸市兵庫区,西多聞通１丁目３番１８号,6520035
4140001014031,株式会社福進堂総本店,兵庫県,神戸市兵庫区,新開地５丁目２番１４号,6520811
4140001014048,株式会社藤製作所,兵庫県,神戸市兵庫区,本町２丁目３番１１号,6520834
4140001014064,株式会社藤田工務店,兵庫県,神戸市兵庫区,駅前通２丁目１番２９−１３１号,6520898
4140001014080,株式会社藤丸,兵庫県,神戸市兵庫区,新開地１丁目４番２５号,6520811
4140001014089,株式会社文明堂神戸店,兵庫県,神戸市兵庫区,福原町３番２号,6520036
4140001014106,ヘイシントラスト株式会社,兵庫県,神戸市兵庫区,御崎本町１丁目１番５４号,6520852
4140001014114,株式会社へちまや商店,兵庫県,神戸市兵庫区,湊山町３番３号,6520012
4140001014130,ホクセイ食産株式会社,兵庫県,神戸市兵庫区,出在家町１丁目１番地先,6520846
4140001014163,株式会社増田商店,兵庫県,神戸市兵庫区,島上町２丁目１番２６号,6520833
4140001014171,株式会社マツケン,兵庫県,神戸市兵庫区,大開通２丁目２番３号,6520803
4140001014188,松林商事株式会社,兵庫県,神戸市兵庫区,羽坂通２丁目１番４１号,6520805
4140001014213,万方商会株式会社,兵庫県,神戸市兵庫区,荒田町３丁目５番７号,6520032
4140001014254,丸平木材工業株式会社,兵庫県,神戸市兵庫区,芦原通１丁目２番３３号,6520882
4140001014262,株式会社マルヤマ工芸,兵庫県,神戸市兵庫区,浜山通３丁目６番９号,6520871
4140001014287,株式会社見谷船具店,兵庫県,神戸市兵庫区,鍛治屋町一丁目２番１０号,6520000
4140001014295,緑食品株式会社,兵庫県,神戸市兵庫区,門口町４番地,6520814
4140001014337,株式会社宮浦商店,兵庫県,神戸市兵庫区,中道通３丁目３番７号,6520801
4140001014386,株式会社モリエン,兵庫県,神戸市兵庫区,荒田町１丁目４番５号,6520032
4140001014394,株式会社森分船具店,兵庫県,神戸市兵庫区,島上町２丁目２番２６号,6520833
4140001014403,株式会社矢倉商店,兵庫県,神戸市兵庫区,鍛冶屋町２丁目２番１６号,6520832
4140001014436,山繁水産株式会社,兵庫県,神戸市兵庫区,中之島１丁目１番１号,6520844
4140001014452,株式会社山本幸次郎商店,兵庫県,神戸市兵庫区,新開地５丁目３番２６号,6520811
4140001014460,ヤマリフード株式会社,兵庫県,神戸市兵庫区,船大工町３番１１号,6520843
4140001014469,株式会社由井洋紙店,兵庫県,神戸市兵庫区,西出町１丁目２番１１号,6520822
4140001014477,ユニヴァーサルタクシー株式会社,兵庫県,神戸市兵庫区,駅南通２丁目１番２９号,6520897
4140001014485,横山株式会社,兵庫県,神戸市兵庫区,門口町４番２３号,6520814
4140001014493,株式会社好永住宅,兵庫県,神戸市兵庫区,下沢通２丁目３番８号,6520047
4140001014502,寄神オーシャン株式会社,兵庫県,神戸市兵庫区,七宮町２丁目１番１号,6520831
4140001014510,株式会社ライフ,兵庫県,神戸市兵庫区,荒田町１丁目１９番５号,6520032
4140001014519,株式会社ワールドフルーツ,兵庫県,神戸市兵庫区,御所通１丁目１番２９号,6520885
4140001014527,株式会社若狭コアラ,兵庫県,神戸市兵庫区,湊町４丁目２番１２−９０３号,6520812
4140001014535,渡辺石材工業株式会社,兵庫県,神戸市兵庫区,里山町１番地の９４,6520051
4140001014568,神戸空機株式会社,兵庫県,神戸市兵庫区,西橘通１丁目４番１４号,6520034
4140001014576,神戸カー・ドック株式会社,兵庫県,神戸市兵庫区,水木通１０丁目２番１５号,6520802
4140001014584,神戸堅木加工株式会社,兵庫県,神戸市兵庫区,小河通４丁目２番１８号,6520895
4140001014592,神戸共悦株式会社,兵庫県,神戸市兵庫区,入江通１丁目１番９号,6520894
4140001014601,株式会社神戸三鋼,兵庫県,神戸市兵庫区,浜中町１丁目１７番５号,6520875
4140001014618,神戸高田酒類株式会社,兵庫県,神戸市兵庫区,下沢通８丁目２番８号,6520047
4140001014626,神戸ツノダ自転車販売株式会社,兵庫県,神戸市兵庫区,駅前通４丁目２番８号,6520898
4140001014642,株式会社神戸花かつを,兵庫県,神戸市兵庫区,東山町１丁目１番１１号,6520042
4140001014650,神戸マシン株式会社,兵庫県,神戸市兵庫区,東出町２丁目２番３０号,6520823
4140001014659,神戸溶接興業株式会社,兵庫県,神戸市兵庫区,中道通８丁目３番５号,6520801
4140001014667,ＭＨＩジェネラルサービシーズ株式会社,兵庫県,神戸市兵庫区,和田崎町１丁目１番１号,6520854
4140001014683,日本タクシー株式会社,兵庫県,神戸市兵庫区,松原通５丁目１番９号,6520881
4140001014709,株式会社兵庫測量設計事務所,兵庫県,神戸市兵庫区,中道通９丁目２番５号,6520801
4140001014725,株式会社兵庫ホームサービス,兵庫県,神戸市兵庫区,浜崎通４番１０号,6520807
4140001014733,兵庫容器株式会社,兵庫県,神戸市兵庫区,切戸町８番１５号,6520847
4140001014857,株式会社大徳,兵庫県,神戸市兵庫区,荒田町１丁目１０番３号,6520032
4140001016399,大雄産業株式会社,兵庫県,神戸市兵庫区,湊町４丁目２番１２号リビース湊川２０６,6520812
4140001016531,株式会社巴山通信,兵庫県,神戸市兵庫区,中道通９丁目１番７号,6520801
4140001016614,株式会社ニッシンテック,兵庫県,神戸市兵庫区,三川口町３丁目２番３５号,6520815
4140001017141,株式会社兵庫部品,兵庫県,神戸市兵庫区,三川口町２丁目２番１６号,6520815
4140001017661,株式会社ダイヤ,兵庫県,神戸市兵庫区,新開地３丁目４番１７号,6520811
4140001017785,日盛ドアテック株式会社,兵庫県,神戸市兵庫区,塚本通６丁目１番８号−１０２号,6520804
4140001017892,株式会社フナビキ工務店,兵庫県,神戸市兵庫区,新開地４丁目１番１２号,6520811
4140001018321,共栄興産株式会社,兵庫県,神戸市兵庫区,塚本通５丁目５番２号,6520804
4140001018949,株式会社神戸インサイドプレイン,兵庫県,神戸市兵庫区,神田町３３番１号,6520006
4140001019278,株式会社プランズ・ボード・エヌ,兵庫県,神戸市兵庫区,新開地６丁目３番２２−７０５号,6520811
4140001019567,株式会社ナック,兵庫県,神戸市兵庫区,西柳原町４番８号,6520806
4140001019765,株式会社楽山,兵庫県,神戸市兵庫区,東出町３丁目２３番１２号,6520823
4140001020376,シールド・ジャパン株式会社,兵庫県,神戸市兵庫区,駅前通２丁目２番３４号,6520898
4140001020475,株式会社三輪,兵庫県,神戸市兵庫区,塚本通１丁目１番３号,6520804
4140001020772,株式会社レシピホーム,兵庫県,神戸市兵庫区,松本通６丁目１番２号,6520045
4140001021052,株式会社富士ホームサービス,兵庫県,神戸市兵庫区,兵庫町１丁目１番２３号,6520813
4140001021119,株式会社ログ・イン,兵庫県,神戸市兵庫区,中道通１丁目１番８号オガワビル８Ｆ,6520801
4140001021713,株式会社アイユー,兵庫県,神戸市兵庫区,西上橘通２丁目８番１５号,6520033
4140001021770,株式会社ハリマ工業,兵庫県,神戸市兵庫区,島上町２丁目１番２７号,6520833
4140001022380,株式会社ルネック,兵庫県,神戸市兵庫区,下沢通４丁目７番３０号,6520047
4140001022447,株式会社アロースタッフ,兵庫県,神戸市兵庫区,上沢通６丁目９番１２号,6520046
4140001023123,あまがさき健康の森株式会社,兵庫県,神戸市兵庫区,和田崎町１丁目１番１号,6520854
4140001023222,エム・エム・ワークス株式会社,兵庫県,神戸市兵庫区,入江通１丁目１番２８号,6520894
4140001023239,兵神装備株式会社,兵庫県,神戸市兵庫区,御崎本町１丁目１番５４号,6520852
4140001023288,株式会社ヤマイ,兵庫県,神戸市兵庫区,駅南通２丁目２番１号,6520897
4140001023412,株式会社アーキネット匠,兵庫県,神戸市兵庫区,水木通４丁目２番２号,6520802
4140001023420,株式会社アート技研,兵庫県,神戸市兵庫区,湊川町２丁目９番６号,6520041
4140001023494,株式会社デュオ・プランニング,兵庫県,神戸市兵庫区,小松通２丁目３番１１−２０２号,6520865
4140001023552,株式会社ハット・トリック,兵庫県,神戸市兵庫区,西柳原町１０番６号,6520806
4140001023610,株式会社グッズ・ドテヤマ,兵庫県,神戸市兵庫区,中道通３丁目２番１０号,6520801
4140001023635,全但観光株式会社,兵庫県,神戸市兵庫区,荒田町２丁目１番３４号,6520032
4140001023882,株式会社Ｔｅｒｒａ−Ｓｔｏｒｅ,兵庫県,神戸市兵庫区,中道通６丁目１番２１号,6520801
4140001024377,株式会社カワ・コーポレーション,兵庫県,神戸市兵庫区,七宮町１丁目６番２４号,6520831
4140001024617,株式会社レジェンド,兵庫県,神戸市兵庫区,塚本通５丁目５−２３−２Ｂ,6520804
4140001025656,株式会社東洋工業,兵庫県,神戸市兵庫区,下沢通７丁目２番２８号,6520047
4140001025689,株式会社Ａ・ｋｙｕｍｏ,兵庫県,神戸市兵庫区,駅南通５丁目３番３２号,6520897
4140001025879,株式会社ＷＫＯ,兵庫県,神戸市兵庫区,都由乃町１丁目２番１号,6520023
4140001026084,株式会社ワールドビジネス,兵庫県,神戸市兵庫区,上沢通３丁目３番５号,6520046
4140001026092,株式会社ワイエム,兵庫県,神戸市兵庫区,会下山町２丁目１７番５号,6520043
4140001026555,株式会社美麗,兵庫県,神戸市兵庫区,水木通８丁目１−１,6520802
4140001026588,東和産業株式会社,兵庫県,神戸市兵庫区,新開地１丁目１番１１号,6520811
4140001026786,株式会社三常,兵庫県,神戸市兵庫区,三川口町１丁目４番８−５０３号,6520815
4140001027009,株式会社テクニカルオフィス,兵庫県,神戸市兵庫区,三川口町１丁目４番８−９０１号,6520815
4140001027883,株式会社クレバースリー,兵庫県,神戸市兵庫区,大開通３丁目１番３−１０５号,6520803
4140001027925,株式会社恵美須設計事務所,兵庫県,神戸市兵庫区,今出在家町２丁目１番１６号,6520853
4140001027933,株式会社神戸シップ・オアシス,兵庫県,神戸市兵庫区,西出町１丁目１番８号,6520822
4140001028329,株式会社トライフーズ,兵庫県,神戸市兵庫区,下沢通２丁目２番１９号ラ・シエスタ２０６,6520047
4140001028411,株式会社フキ東京事業部,兵庫県,神戸市兵庫区,西多聞通１丁目３番３１−１０１号,6520035
4140001028436,株式会社３８,兵庫県,神戸市兵庫区,金平町１丁目１３番１０号,6520873
4140001028576,株式会社廣瀬,兵庫県,神戸市兵庫区,大開通１０丁目３番１２−８０１号,6520803
4140001028741,株式会社愛ホームサービス,兵庫県,神戸市兵庫区,下沢通８丁目２番２０号,6520047
4140001029260,株式会社隆明,兵庫県,神戸市兵庫区,塚本通３丁目３番２３−１０１号,6520804
4140001029269,株式会社ＵＮＩＴＥＵＳ,兵庫県,神戸市兵庫区,吉田町２丁目４０−１４キャナルシティ御崎公園２階,6520872
4140001029384,株式会社ＤＥＲＩ・ｓｕｐｐｏ,兵庫県,神戸市兵庫区,出在家町１丁目２番５号,6520846
4140001029509,株式会社まこと,兵庫県,神戸市兵庫区,大開通７丁目５番９アントレ大開６０３号,6520803
4140001029525,関ビルディング株式会社,兵庫県,神戸市兵庫区,西上橘通１丁目４番２８号,6520033
4140001029599,株式会社ＯＴＳ,兵庫県,神戸市兵庫区,上沢通４丁目３−９,6520046
4140001029665,株式会社ＮＩＣＨＩＥＩ,兵庫県,神戸市兵庫区,南逆瀬川町１番９号,6520893
4140001029954,株式会社兵庫ミートフーズ,兵庫県,神戸市兵庫区,今出在家町１丁目２番１５号,6520853
4140001029970,株式会社アクリ,兵庫県,神戸市兵庫区,三川口町１丁目４番１６号,6520815
4140001030152,株式会社ケーティシー,兵庫県,神戸市兵庫区,塚本通３丁目３番２３−２０８号,6520804
4140001030227,株式会社サンオーシャン,兵庫県,神戸市兵庫区,築地町５４番地,6520845
4140001030391,株式会社プライド,兵庫県,神戸市兵庫区,佐比江町４０、２Ｆ,6520821
4140001030441,神港興業株式会社,兵庫県,神戸市兵庫区,永沢町２丁目６番１９号,6520816
4140001030763,株式会社ＰＥＡＣＥ　ＴＡＸＩ,兵庫県,神戸市兵庫区,三川口町２丁目２番２３号,6520815
4140001031233,関西トレーディング株式会社,兵庫県,神戸市兵庫区,築地町３番３０号,6520845
4140001031613,株式会社ＫＳサービス,兵庫県,神戸市兵庫区,西上橘通２丁目７番７号,6520033
4140001031885,株式会社ＴＩクラブ,兵庫県,神戸市兵庫区,福原町１０−１３−３０１号,6520036
4140001032058,株式会社神生,兵庫県,神戸市兵庫区,東山町２丁目１０番５号東山第７ビル４０１,6520042
4140001032314,株式会社花便り,兵庫県,神戸市兵庫区,上沢通１丁目１番１８号Ｍ・ＰＡＲＫＷＥＳＴ１階,6520046
4140001032545,株式会社ユニバーサル,兵庫県,神戸市兵庫区,浜崎通１番３９号,6520807
4140001032636,株式会社アンビス,兵庫県,神戸市兵庫区,湊町２丁目３番１８号,6520812
4140001032669,スーテックリミテッド株式会社,兵庫県,神戸市兵庫区,松原通４丁目４番１８−１３０１号,6520881
4140001032702,株式会社秀誠建設,兵庫県,神戸市兵庫区,中道通１丁目１番８号,6520801
4140001032768,株式会社ＪＰＳ,兵庫県,神戸市兵庫区,新開地１丁目２３番１８号,6520811
4140001033056,株式会社さくらリテール,兵庫県,神戸市兵庫区,梅元町５番７号１,6520003
4140001033592,株式会社ＳＵＣＣＥＳＳ,兵庫県,神戸市兵庫区,和田山通１丁目２番２５号神戸市ものづくり復興工場Ｄ棟５１６,6520884
4140001033898,株式会社合田運輸,兵庫県,神戸市兵庫区,築地町１番１０号,6520845
4140001034228,株式会社秀,兵庫県,神戸市兵庫区,上沢通２丁目５番１０号,6520046
4140001034293,新神戸ドック株式会社,兵庫県,神戸市兵庫区,西出町１丁目２番８号,6520822
4140001037379,株式会社弘電社,兵庫県,神戸市兵庫区,西橘通１丁目１番１号,6520034
4140001038121,株式会社アキウミ,兵庫県,神戸市兵庫区,荒田町１丁目１６番１３号,6520032
4140001038212,山形組株式会社,兵庫県,神戸市兵庫区,湊川町３丁目８番２号,6520041
4140001040696,株式会社オリエンス,兵庫県,神戸市兵庫区,駅南通１丁目２番３号兵庫駅南ビル２階,6520897
4140001042362,株式会社Ａｎ・Ｆａｎｇ,兵庫県,神戸市兵庫区,切戸町３番５号,6520847
4140001047080,株式会社ゴールドウェル,兵庫県,神戸市兵庫区,小河通３丁目１番１３号,6520895
4140001047270,株式会社ＡＦＦＥＣＴ,兵庫県,神戸市兵庫区,大開通３丁目１番３号１０６,6520803
4140001057096,株式会社アップウェル,兵庫県,神戸市兵庫区,上沢通３丁目２番１５号,6520046
4140001057294,クリマテ株式会社,兵庫県,神戸市兵庫区,三川口町１丁目１番３６号,6520815
4140001062328,三菱電機コントロールパネル株式会社,兵庫県,神戸市兵庫区,和田崎町１丁目１番２号,6520854
4140001067112,株式会社ビジョナリー,兵庫県,神戸市兵庫区,都由乃町２丁目１番９号,6520023
4140001067376,株式会社オキナ商事,兵庫県,神戸市兵庫区,水木通６丁目１番５号,6520802
4140001067673,株式会社湊川商人,兵庫県,神戸市兵庫区,東山町１丁目１番７号,6520042
4140001080932,株式会社ヒルト,兵庫県,神戸市兵庫区,遠矢浜町４番２３号,6520866
4140001087787,株式会社俊栄,兵庫県,神戸市兵庫区,夢野町２丁目７番地,6520063
4140001088141,現代人プラス株式会社,兵庫県,神戸市兵庫区,上沢通６丁目９番５号,6520046
4140001088620,株式会社ＴＩＤＡ,兵庫県,神戸市兵庫区,塚本通６丁目２番２０−２０５,6520804
4140001088769,株式会社オリンピアファーム,兵庫県,神戸市兵庫区,小松通５丁目１番１４号,6520865
4140001088967,株式会社Ｋ’Ｓマネージメント,兵庫県,神戸市兵庫区,駅南通５丁目２番４−２０７号,6520897
4140001089750,株式会社グロウワークス,兵庫県,神戸市兵庫区,兵庫町１丁目３番３０号,6520813
4140001089899,株式会社番鳥,兵庫県,神戸市兵庫区,三川口町１丁目２番２０−２号,6520815
4140001089932,株式会社神戸ライフ,兵庫県,神戸市兵庫区,中道通１丁目２−１０,6520801
4140001090659,株式会社田中屋,兵庫県,神戸市兵庫区,荒田町４丁目１２番６号,6520032
4140001090758,株式会社エスプラン,兵庫県,神戸市兵庫区,切戸町６番１２号,6520847
4140001090972,株式会社福真,兵庫県,神戸市兵庫区,島上町２丁目１−３０,6520833
4140001092300,株式会社泰栄,兵庫県,神戸市兵庫区,中道通４丁目２番１０−１号,6520801
4140001092317,株式会社ナカイ,兵庫県,神戸市兵庫区,菊水町５丁目１番１７−１号,6520058
4140001092580,株式会社カクタニ商会,兵庫県,神戸市兵庫区,会下山町１丁目７番２０号,6520043
4140001092597,株式会社ＧＡＤ,兵庫県,神戸市兵庫区,新開地４丁目４−１５−４Ｆ,6520811
4140001092795,株式会社マザーりーふ,兵庫県,神戸市兵庫区,上沢通５丁目１番２１号,6520046
4140001093827,株式会社漁旬,兵庫県,神戸市兵庫区,島上町２丁目１番２７号,6520833
4140001093884,ＴＲＥＥ　ＭＡＲＫ株式会社,兵庫県,神戸市兵庫区,水木通１丁目２番６号,6520802
4140001093901,株式会社弘,兵庫県,神戸市兵庫区,熊野町４丁目１２番１３号,6520064
4140001095096,株式会社田幸一,兵庫県,神戸市兵庫区,切戸町３−１６,6520847
4140001095328,株式会社ＣｈｏｃｏｌａＴａｎ,兵庫県,神戸市兵庫区,荒田町２丁目１８番２０−６０８号,6520032
4140001095534,株式会社スマーク,兵庫県,神戸市兵庫区,小河通５丁目１番１１号（店舗１０２）,6520895
4140001095583,株式会社Ｌｙｃｔｙ,兵庫県,神戸市兵庫区,三川口町３丁目２番１０号,6520815
4140001095716,プラネットフィールド株式会社,兵庫県,神戸市兵庫区,七宮町２丁目１番１０号プラネットフィールドＫＯＢＥ１階,6520831
4140001095971,株式会社ラクサス,兵庫県,神戸市兵庫区,七宮町１丁目１０−８−１Ｆ,6520831
4140001096508,株式会社ＡＬＢＩＮＯ,兵庫県,神戸市兵庫区,新開地４丁目２番１４号,6520811
4140001096920,株式会社和嘉,兵庫県,神戸市兵庫区,西上橘通１丁目４番３号,6520033
4140001097019,株式会社ＰＩＮＯ,兵庫県,神戸市兵庫区,福原町７番９−９０１号,6520036
4140001097448,株式会社ＳＰＣ,兵庫県,神戸市兵庫区,駅南通１丁目２番２４号,6520897
4140001097695,上條商事株式会社,兵庫県,神戸市兵庫区,西橘通２丁目４−１４、２０２室,6520034
4140001098421,株式会社エルメンド,兵庫県,神戸市兵庫区,西多聞通１丁目３番２０号,6520035
4140001098727,谷合株式会社,兵庫県,神戸市兵庫区,新開地４丁目２番５号,6520811
4140001098768,株式会社ＳＰＭトレーディング,兵庫県,神戸市兵庫区,駅南通２丁目１番１６−５０２号,6520897
4140001099056,株式会社森創建,兵庫県,神戸市兵庫区,中道通２丁目４番１１号,6520801
4140001099345,株式会社マリンオート,兵庫県,神戸市兵庫区,吉田町３丁目７番２８号,6520872
4140001100830,株式会社ＭＳＤジャパン,兵庫県,神戸市兵庫区,荒田町１丁目３番３０号,6520032
4140001101060,アムラス株式会社,兵庫県,神戸市兵庫区,大開通５丁目２番２６号,6520803
4140001101696,ｔｒｕｅ　ｍｏｕｎｔａｉｎ株式会社,兵庫県,神戸市兵庫区,松本通８丁目４番１号,6520045
4140001102075,ＣＩＭＳジャパン株式会社,兵庫県,神戸市兵庫区,湊町１丁目６番５号,6520812
4140001102273,株式会社しんたろう,兵庫県,神戸市兵庫区,今出在家町１丁目２番１５号３Ｆ,6520853
4140001103222,株式会社ａｃｃｅｓｓｉｏｎ,兵庫県,神戸市兵庫区,馬場町１４番９号,6520016
4140001103643,株式会社アスミ,兵庫県,神戸市兵庫区,湊町３丁目２番５−６０１号,6520812
4140001103998,株式会社井上電気,兵庫県,神戸市兵庫区,駅南通５丁目２番１２−５０１号,6520897
4140001104798,株式会社ＴＵＲＮ　ＯＮ,兵庫県,神戸市兵庫区,駅前通５丁目１番２１号,6520898
4140001105400,株式会社マーケティング・クリエイト,兵庫県,神戸市兵庫区,大開通３丁目１番４−４０５号,6520803
4140001105862,株式会社御崎組,兵庫県,神戸市兵庫区,御崎本町２丁目９番１９号,6520852
4140001106852,株式会社片岡商会,兵庫県,神戸市兵庫区,熊野町５丁目１９番９号,6520064
4140001107504,Ｍｉｒａｉ　Ｐｌｕｓ株式会社,兵庫県,神戸市兵庫区,浜崎通１０−１阿部ビル２Ｆ,6520807
4140001107520,株式会社Ｕ−クリエイション,兵庫県,神戸市兵庫区,切戸町５番１５号ＵＬＵＨＯＡ２０５号,6520847
4140001108857,株式会社コレクト,兵庫県,神戸市兵庫区,松原通４丁目４番７号,6520881
4140001108915,マリン商事株式会社,兵庫県,神戸市兵庫区,鍛冶屋町１丁目３番２１号,6520832
4140001110474,株式会社うまいもん,兵庫県,神戸市兵庫区,荒田町１丁目１６番８号,6520032
4140001110482,株式会社アークテック,兵庫県,神戸市兵庫区,大開通６丁目３番７号,6520803
4140001110499,株式会社糸谷水産,兵庫県,神戸市兵庫区,吉田町３丁目７番２９号,6520872
4140001111241,株式会社ＬＡＵＮＤＲＯＭＡＴ,兵庫県,神戸市兵庫区,駅南通３丁目２番２０−３０４号,6520897
4140001111258,株式会社Ｋｏｂｅ　ｒｉｃｈ　ｌａｂｏｒａｔｏｒｙ,兵庫県,神戸市兵庫区,羽坂通４丁目２番１０号（９０５）,6520805
4140001111737,株式会社ゆるれ,兵庫県,神戸市兵庫区,浜中町１丁目６番１０号,6520875
4140001111968,ＣＯテクノロジー株式会社,兵庫県,神戸市兵庫区,兵庫町２丁目２番１６号,6520813
4140001112958,林氏株式会社,兵庫県,神戸市兵庫区,千鳥町１丁目２番１２号,6520022
4140001114186,株式会社オネスト,兵庫県,神戸市兵庫区,湊川町５丁目３番１２−２号,6520041
4140001114244,株式会社ＫＯＫＯ,兵庫県,神戸市兵庫区,兵庫町１丁目１番３１号マリス神戸ＷＩＮＧ１０３号室,6520813
4140001114541,株式会社ＯＬＩＶＥ神戸,兵庫県,神戸市兵庫区,水木通５丁目３番１６号,6520802
4140001114822,凛瀧株式会社,兵庫県,神戸市兵庫区,湊川町１０丁目２３番１１号,6520041
4140001115036,株式会社パグメイン,兵庫県,神戸市兵庫区,和田山通１丁目２番２５号Ｂ棟２０９,6520884
4140001115085,株式会社井田商店,兵庫県,神戸市兵庫区,門口町３番７号,6520814
4140001115184,株式会社ライト,兵庫県,神戸市兵庫区,駅南通５丁目２番１１−４０９号,6520897
4140001115226,ＳＡＩＧＯ株式会社,兵庫県,神戸市兵庫区,荒田町１丁目１１−６−１０４,6520032
4140001116950,株式会社昂洋,兵庫県,神戸市兵庫区,東山町３丁目３番１２号,6520042
4140001117247,株式会社Ｕ・Ｈウェブ企画,兵庫県,神戸市兵庫区,塚本通４丁目２番１１−８０１号,6520804
4140001117602,株式会社ｍａｒｕｎｏ,兵庫県,神戸市兵庫区,荒田町４丁目１３番１−２号,6520032
4140001117610,株式会社ＨａｗｋｓＭａｐ,兵庫県,神戸市兵庫区,神田町７番９号,6520006
4140001118245,株式会社灯,兵庫県,神戸市兵庫区,神田町１６−１４,6520006
4140001118385,株式会社岡上建設,兵庫県,神戸市兵庫区,羽坂通３丁目７番１８号３Ｆ,6520805
4140001118897,株式会社礼,兵庫県,神戸市兵庫区,西上橘通２丁目８番１６号,6520033
4140001119301,株式会社うおラボ,兵庫県,神戸市兵庫区,新開地５丁目１番７号,6520811
4140001119318,株式会社イケデン,兵庫県,神戸市兵庫区,荒田町４丁目１番８号第１広本ハイツ２０１,6520032
4140001120936,ＫＫ　ＭＡＧＮＥＴ株式会社,兵庫県,神戸市兵庫区,西柳原町６番７号ハーモニーＡ１階,6520806
4140001122379,株式会社ＦＴＳ,兵庫県,神戸市兵庫区,東出町３丁目１４番８号,6520823
4140001122585,ｂｅ不動産株式会社,兵庫県,神戸市兵庫区,兵庫町２丁目３−２１,6520813
4140001123022,神越プロダクツ株式会社,兵庫県,神戸市兵庫区,三川口町３丁目３番３−４０１号,6520815
4140001123261,株式会社マリンガード兵庫,兵庫県,神戸市兵庫区,吉田町３丁目７番２９号,6520872
4140001123600,株式会社Ｔａｂｂｙ,兵庫県,神戸市兵庫区,材木町１番４号オルファビル２階,6520851
4140001123641,株式会社田中商店,兵庫県,神戸市兵庫区,西仲町１番６号,6520835
4140001125035,株式会社テックラボ関西,兵庫県,神戸市兵庫区,和田山通１丁目２番２５号Ｂ棟４１０,6520884
4140001125613,株式会社コベック,兵庫県,神戸市兵庫区,遠矢浜町４番３８号,6520866
4140001125737,株式会社神戸太田,兵庫県,神戸市兵庫区,松原通２丁目３番５号,6520881
4140001126017,株式会社ＦＡＣＴＣＯＲＰＯＲＡＴＩＯＮ,兵庫県,神戸市兵庫区,大開通９丁目２番１４号ワコーレヴィアーレ２０２,6520803
4140001126603,株式会社ｈａｂｉｔ,兵庫県,神戸市兵庫区,駅南通５丁目２番７−１７０７号,6520897
4140001126660,株式会社ｇｒｏｏｖｅ,兵庫県,神戸市兵庫区,大開通２丁目３番１８号,6520803
4140001127345,ミコウ株式会社,兵庫県,神戸市兵庫区,西上橘通１丁目２番１７号メゾンジョイフル３０２,6520033
4140001127444,株式会社ＮＩＮ,兵庫県,神戸市兵庫区,南仲町１番５号,6520841
4140001127832,株式会社ニャーバルキーパー,兵庫県,神戸市兵庫区,松原通５丁目１番２１−１５０５号,6520881
4140001128087,株式会社ガウディエステート,兵庫県,神戸市兵庫区,湊町１丁目５７番地２０５号,6520812
4140001129275,株式会社Ｋ’ｓ　ＬＡＢ,兵庫県,神戸市兵庫区,駅南通１丁目２番３８号パルス兵庫ビル１０４号室,6520897
4140001129449,Ｉｎｖｉｔａｔｉｏｎ株式会社,兵庫県,神戸市兵庫区,松原通３丁目４番１号,6520881
4140001129572,株式会社望月設計,兵庫県,神戸市兵庫区,北逆瀬川町２番１号,6520837
4140001129985,株式会社フレッシュ・フルーツ神戸,兵庫県,神戸市兵庫区,中之島１丁目１番１号,6520844
4140001130919,株式会社リアル,兵庫県,神戸市兵庫区,御所通１丁目３番１８号,6520885
4140001131074,株式会社フォース,兵庫県,神戸市兵庫区,羽坂通４丁目１番１号,6520805
4140001131504,株式会社エルシェード,兵庫県,神戸市兵庫区,荒田町１丁目２０番１号,6520032
4140001131966,株式会社ブリック,兵庫県,神戸市兵庫区,大同町２丁目５番８号,6520062
4140001132295,ＡＮＰＩＮＧ株式会社,兵庫県,神戸市兵庫区,荒田町３丁目３５番５号,6520032
4140001132667,株式会社トーマ建工,兵庫県,神戸市兵庫区,大開通２丁目３番２１号甲南アセット大開ビル別館７階,6520803
4140001133310,株式会社ミツケホーム,兵庫県,神戸市兵庫区,五宮町１７−１,6520007
4140001133327,株式会社ＹＡテック,兵庫県,神戸市兵庫区,都由乃町２丁目５番８号メゾン井上２０１,6520023
4140001133450,株式会社ＧＲＩＴ,兵庫県,神戸市兵庫区,水木通３丁目１番９号,6520802
4140001134135,株式会社Ｕコーポレーション,兵庫県,神戸市兵庫区,湊川町８丁目８番５号,6520041
4140001134151,シーマルジャパン株式会社,兵庫県,神戸市兵庫区,芦原通６丁目３−６−２０４室,6520882
4140001134218,株式会社キャストベース,兵庫県,神戸市兵庫区,下沢通２丁目３−９,6520047
4140001135001,株式会社マイポップ,兵庫県,神戸市兵庫区,湊町４丁目２番１２−２１５号,6520812
4140001135059,株式会社フタバ,兵庫県,神戸市兵庫区,築地町３番１０号,6520845
4140001137063,株式会社Ｓｕｍａｉ,兵庫県,神戸市兵庫区,駅南通５丁目１番２−３２０６号,6520897
4140001137724,株式会社３９,兵庫県,神戸市兵庫区,浜崎通３番１９号ＩＨ兵庫１０１号,6520807
4140001138326,阪神エアクリエイション株式会社,兵庫県,神戸市兵庫区,東出町３丁目２３番９,6520823
4140001138937,瑞安株式会社,兵庫県,神戸市兵庫区,上三条町１番２３号、２０１号室,6520013
4140001139299,株式会社ＣＯＭＰＡＳＳ,兵庫県,神戸市兵庫区,大開通２丁目３−６メゾンユニベール２０２,6520803
4140001139480,株式会社フロンティア,兵庫県,神戸市兵庫区,東出町３丁目１３−１０−１,6520823
4140001139571,ＴＫ　ＧＲＯＵＰ株式会社,兵庫県,神戸市兵庫区,水木通８丁目１番９号２階,6520802
4140001139869,株式会社熊野不動産鑑定,兵庫県,神戸市兵庫区,上沢通１丁目３番２号湊川公園パークハウス,6520046
4140001141230,株式会社中小企業再生支援パートナーズ,兵庫県,神戸市兵庫区,荒田町２丁目１８−２０−９１３号,6520032
4140001141429,ＴＯＲＡＡＳ株式会社,兵庫県,神戸市兵庫区,小河通４丁目２番１５号ハイライフ小河ＩＶ６０３号室,6520895
4140001141511,株式会社ＳＨＩＮＥＩ,兵庫県,神戸市兵庫区,荒田町３丁目７４−３０,6520032
4140001141610,贏空株式会社,兵庫県,神戸市兵庫区,千鳥町１丁目７番９号,6520022
4140001142063,株式会社ＮＵＲＴ,兵庫県,神戸市兵庫区,荒田町２丁目１番３４号,6520032
4140001142427,株式会社イーグル,兵庫県,神戸市兵庫区,新開地６丁目１番５−２０８号,6520811
4140001142567,創輝テクノ株式会社,兵庫県,神戸市兵庫区,上沢通１丁目３番２−１０９−２Ｆ,6520046
4140001142575,ファーストクレド株式会社,兵庫県,神戸市兵庫区,塚本通６丁目２番５号,6520804
4140002012496,株式会社菱研エンジニアリング,兵庫県,神戸市兵庫区,下沢通２丁目１番２６号,6520047
4140002023122,株式会社マルヤス,兵庫県,神戸市兵庫区,東山町１丁目１番１７−２号,6520042
4140002024806,株式会社クロスフィンガー,兵庫県,神戸市兵庫区,西多聞通２丁目３番７号１Ｆ,6520035
4140003015762,Ｅａｇｌｅ　ＣＭＣ　Ｊａｐａｎ株式会社,兵庫県,神戸市兵庫区,下沢通３丁目３番３号,6520047
4170001018252,株式会社コンサクレファーム,兵庫県,神戸市兵庫区,五宮町２４番８号,6520007
4180001072447,株式会社ターザン堂,兵庫県,神戸市兵庫区,駅南通５丁目２キャナルタウンウエスト第７号棟３２０３号室,6520897
4260001022303,株式会社三伸,兵庫県,神戸市兵庫区,浜山通５丁目４番１−３号,6520871
4290001079340,株式会社三笠,兵庫県,神戸市兵庫区,石井町８丁目３番地１号,6520061
5010401106480,ＤＡＮＫＥ株式会社,兵庫県,神戸市兵庫区,西上橘通２丁目８番１５号１Ｆ,6520033
5010401185228,ハンスフォード株式会社,兵庫県,神戸市兵庫区,南仲町１番５南仲ＴＯビル２０１号,6520841
5080001004665,ミナト電気ＩＣＬＤ株式会社,兵庫県,神戸市兵庫区,湊町３丁目２番５号,6520812
5120001205317,株式会社ディーティファクトリー,兵庫県,神戸市兵庫区,切戸町１番１９号,6520847
5120001211422,瑞迅貿易株式会社,兵庫県,神戸市兵庫区,菊水町１０丁目３９番地の１１夢野団地１−１１２１号,6520058
5120001219085,株式会社Ｗｏｒｌｄ　Ｓｕｍｏ　Ｅｎｔｅｒｔａｉｎｍｅｎｔ,兵庫県,神戸市兵庫区,永沢町３丁目８番７−５０５号,6520816
5120001225224,阡陌株式会社,兵庫県,神戸市兵庫区,大同町５丁目２番１２号,6520062
5120001271937,優創株式会社,兵庫県,神戸市兵庫区,南仲町１番５南仲ＴＯビル３０４号,6520841
5130001047080,株式会社センサーズ・アンド・ワークス,兵庫県,神戸市兵庫区,和田山通１丁目２番２５号,6520884
5130001051082,株式会社ＳＹＤ　Ｃｏｒｐｏｒａｔｉｏｎ,兵庫県,神戸市兵庫区,大開通２丁目３番２２号,6520803
5140001001978,株式会社ライフデザインオフィス,兵庫県,神戸市兵庫区,塚本通６丁目１番６号,6520804
5140001003603,株式会社大興,兵庫県,神戸市兵庫区,東出町３丁目４番４号,6520823
5140001003990,双葉産業株式会社,兵庫県,神戸市兵庫区,七宮町１丁目６番４号,6520831
5140001005979,アペックス株式会社,兵庫県,神戸市兵庫区,大開通１０丁目２番１８号,6520803
5140001007182,共和クリーナー株式会社,兵庫県,神戸市兵庫区,塚本通４丁目２番１２号,6520804
5140001007257,株式会社國森,兵庫県,神戸市兵庫区,明和通２丁目２番１５号,6520883
5140001007554,コウベ事務株式会社,兵庫県,神戸市兵庫区,下沢通４丁目７番３０号,6520047
5140001007802,株式会社Ｋ＆Ｋ,兵庫県,神戸市兵庫区,中道通１丁目１番８号１Ｆ,6520801
5140001007926,ザ・シビル設計株式会社,兵庫県,神戸市兵庫区,福原町１番６号柳生ビル２階,6520036
5140001009518,ネオ・ネット・テレコム株式会社,兵庫県,神戸市兵庫区,下沢通１丁目１番１７号,6520047
5140001012372,相川商事株式会社,兵庫県,神戸市兵庫区,七宮町２丁目２番１１号,6520831
5140001012389,明石産業株式会社,兵庫県,神戸市兵庫区,入江通１丁目１番３号,6520894
5140001012422,朝日メデイカル株式会社,兵庫県,神戸市兵庫区,三川口町２丁目３番１１号グランドシャトー兵庫ＩＩ１０４,6520815
5140001012430,株式会社アイ・ケイ・シー,兵庫県,神戸市兵庫区,水木通３丁目１番２号,6520802
5140001012439,株式会社アップルプラス,兵庫県,神戸市兵庫区,菊水町５丁目３番１号,6520058
5140001012447,奄美貿易株式会社,兵庫県,神戸市兵庫区,東出町３丁目５番１２号,6520823
5140001012463,株式会社有馬製帆所,兵庫県,神戸市兵庫区,西出町１丁目１８番８号,6520822
5140001012488,株式会社石田建築事務所,兵庫県,神戸市兵庫区,荒田町３丁目１１番９号,6520032
5140001012513,株式会社市場貨物,兵庫県,神戸市兵庫区,駅南通４丁目３番１７号,6520897
5140001012521,株式会社井上電機商会,兵庫県,神戸市兵庫区,水木通３丁目３番１２号,6520802
5140001012562,株式会社上田組,兵庫県,神戸市兵庫区,滝山町一丁目３番１号,6520056
5140001012570,株式会社ウシオ,兵庫県,神戸市兵庫区,兵庫町２丁目３番２７号,6520813
5140001012579,梅不二工業株式会社,兵庫県,神戸市兵庫区,東出町３丁目５番７号,6520823
5140001012587,永川商事株式会社,兵庫県,神戸市兵庫区,福原町１６番１５号,6520036
5140001012620,えびす建設株式会社,兵庫県,神戸市兵庫区,湊川町１０丁目２３番１３号,6520041
5140001012629,株式会社エム・ビー,兵庫県,神戸市兵庫区,大開通３丁目１番２３号,6520803
5140001012637,オー・エス観光株式会社,兵庫県,神戸市兵庫区,駅前通１丁目２番１４号,6520898
5140001012661,株式会社オートザム兵庫,兵庫県,神戸市兵庫区,東柳原町３番１０号,6520892
5140001012678,株式会社大橋商店,兵庫県,神戸市兵庫区,中之島１丁目１番１号,6520844
5140001012686,株式会社岡エンジニアサービス,兵庫県,神戸市兵庫区,水木通４丁目１番１号,6520802
5140001012694,岡田エステート株式会社,兵庫県,神戸市兵庫区,羽坂通３丁目３番２号,6520805
5140001012703,岡本水産商業株式会社,兵庫県,神戸市兵庫区,中之島１丁目１番１号,6520844
5140001012711,株式会社小田電気工業所,兵庫県,神戸市兵庫区,水木通８丁目３番７号,6520802
5140001012728,開成産業株式会社,兵庫県,神戸市兵庫区,佐比江町３０番地３,6520821
5140001012736,関西ウェーブ株式会社,兵庫県,神戸市兵庫区,大開通２丁目１番１号,6520803
5140001012744,関西造園土木株式会社,兵庫県,神戸市兵庫区,下沢通２丁目２番２１号,6520047
5140001012752,株式会社関西電工,兵庫県,神戸市兵庫区,上沢通２丁目１番１８号,6520046
5140001012769,カナヱ商事株式会社,兵庫県,神戸市兵庫区,兵庫町１丁目４番２１号,6520813
5140001012785,株式会社カネヘイ,兵庫県,神戸市兵庫区,中之島１丁目１番１号,6520844
5140001012793,株式会社兼行商店,兵庫県,神戸市兵庫区,馬場町２番１２号,6520016
5140001012802,株式会社上翔住建,兵庫県,神戸市兵庫区,菊水町６丁目１番１０−３０１号,6520058
5140001012819,川崎自動車電機株式会社,兵庫県,神戸市兵庫区,湊町３丁目２番２６号,6520812
5140001012843,株式会社ケイジェイエス,兵庫県,神戸市兵庫区,駅前通５丁目２番２０号,6520898
5140001012851,近畿菱重興産株式会社,兵庫県,神戸市兵庫区,笠松通９丁目２番１９号,6520864
5140001012876,株式会社木下工務店,兵庫県,神戸市兵庫区,会下山町３丁目６番９号,6520043
5140001012892,九州工芸株式会社,兵庫県,神戸市兵庫区,里山町１−８９,6520051
5140001012918,グッドフィールド株式会社,兵庫県,神戸市兵庫区,駅南通５丁目４番１５号,6520897
5140001012950,栗林食産株式会社,兵庫県,神戸市兵庫区,七宮町２丁目２番１１号,6520831
5140001012967,株式会社ケントイケオ,兵庫県,神戸市兵庫区,南逆瀬川町１番７号,6520893
5140001013016,株式会社光洋機器,兵庫県,神戸市兵庫区,駅南通１丁目２番２７号,6520897
5140001013032,五三四商事株式会社,兵庫県,神戸市兵庫区,湊町２丁目２番９号,6520812
5140001013040,株式会社紺谷組,兵庫県,神戸市兵庫区,下沢通６丁目１番１９号,6520047
5140001013065,五洋物産株式会社,兵庫県,神戸市兵庫区,船大工町２番１５号,6520843
5140001013098,阪本株式会社,兵庫県,神戸市兵庫区,島上町１丁目２番１４号,6520833
5140001013107,株式会社サンクリエート,兵庫県,神戸市兵庫区,塚本通６丁目２番３２号ステーションプラザ兵庫１００１号,6520804
5140001013131,三宮オイル株式会社,兵庫県,神戸市兵庫区,下三条町３番２２号,6520014
5140001013189,株式会社神乾,兵庫県,神戸市兵庫区,中之島１丁目１番４号,6520844
5140001013206,株式会社進光,兵庫県,神戸市兵庫区,金平町２丁目１番３５号,6520873
5140001013222,新成工業株式会社,兵庫県,神戸市兵庫区,御崎本町３丁目３番７号,6520852
5140001013239,株式会社次男坊,兵庫県,神戸市兵庫区,水木通２丁目２番２７号,6520802
5140001013247,神明土地建物株式会社,兵庫県,神戸市兵庫区,塚本通５丁目５番２５号,6520804
5140001013263,株式会社ジョーヴァニ,兵庫県,神戸市兵庫区,荒田町１丁目２０番１号パークタウン１Ｆ,6520032
5140001013271,株式会社ジョイシステム,兵庫県,神戸市兵庫区,中道通１丁目３番６−１号,6520801
5140001013288,昭和タイル株式会社,兵庫県,神戸市兵庫区,水木通１丁目５番２７号,6520802
5140001013305,神和機工株式会社,兵庫県,神戸市兵庫区,西出町１丁目２番４号,6520822
5140001013313,株式会社神菱エンジニアリング,兵庫県,神戸市兵庫区,中道通１丁目１番９号,6520801
5140001013321,株式会社末広昆布,兵庫県,神戸市兵庫区,東出町３丁目２２番１６号,6520823
5140001013338,株式会社スナミ,兵庫県,神戸市兵庫区,七宮町１丁目４番２２号,6520831
5140001013354,精伸工業株式会社,兵庫県,神戸市兵庫区,吉田町２丁目２５番１２号,6520872
5140001013370,ＭＨＩ　ＮＳエンジニアリング株式会社,兵庫県,神戸市兵庫区,和田崎町１丁目１番１号,6520854
5140001013395,全日建工株式会社,兵庫県,神戸市兵庫区,松本通６丁目３番３号,6520045
5140001013412,株式会社ソフィック,兵庫県,神戸市兵庫区,中道通３丁目４番３号ＮＳＫビル２Ｆ,6520801
5140001013420,大栄商事株式会社,兵庫県,神戸市兵庫区,浜崎通２番２１号,6520807
5140001013445,株式会社ダイカスト用材工業所,兵庫県,神戸市兵庫区,三川口町１丁目２番４号,6520815
5140001013461,大神工事株式会社,兵庫県,神戸市兵庫区,兵庫町１丁目３番２８号,6520813
5140001013478,株式会社第二オリンピア,兵庫県,神戸市兵庫区,荒田町１丁目１５番５号,6520032
5140001013494,太陽伊豫汽船株式会社,兵庫県,神戸市兵庫区,西柳原町３番２３号,6520806
5140001013503,株式会社ダイヤ．エフ．エンジニアリング,兵庫県,神戸市兵庫区,三石通３丁目２番７号,6520861
5140001013536,高田住宅株式会社,兵庫県,神戸市兵庫区,水木通８丁目８番地,6520802
5140001013544,竹中不動産株式会社,兵庫県,神戸市兵庫区,上沢通２丁目１番１０−３０６号,6520046
5140001013585,株式会社田渕商店,兵庫県,神戸市兵庫区,中之島１丁目１番１号,6520844
5140001013602,株式会社知念建装,兵庫県,神戸市兵庫区,新開地１丁目４番３号ミナエンタウン２Ｆ,6520811
5140001013635,株式会社ディスプレイタモン,兵庫県,神戸市兵庫区,松原通５丁目１番３号,6520881
5140001013651,株式会社寺坂商店,兵庫県,神戸市兵庫区,中之島１丁目１番１号,6520844
5140001013668,東京電器株式会社,兵庫県,神戸市兵庫区,荒田町４丁目２８番５号,6520032
5140001013676,株式会社トーザワ,兵庫県,神戸市兵庫区,塚本通６丁目１番２２号,6520804
5140001013701,ＴＯＷＡ　ＴＯＨＫＥＮ株式会社,兵庫県,神戸市兵庫区,大同町１丁目２番１号,6520062
5140001013750,株式会社中尾安商会,兵庫県,神戸市兵庫区,菊水町５丁目５番６号,6520058
5140001013767,株式会社中野酒販,兵庫県,神戸市兵庫区,水木通４丁目２番１８号,6520802
5140001013775,中村水産株式会社,兵庫県,神戸市兵庫区,中之島１丁目１番５号北棟３階,6520844
5140001013783,株式会社名田商店,兵庫県,神戸市兵庫区,切戸町１番２３号,6520847
5140001013800,株式会社西上工務店,兵庫県,神戸市兵庫区,菊水町４丁目１番２号,6520058
5140001013833,日新機械工業株式会社,兵庫県,神戸市兵庫区,西出町１丁目２番４号,6520822
5140001013841,日昇株式会社,兵庫県,神戸市兵庫区,荒田町３丁目８番２号,6520032
5140001013858,株式会社日満商会,兵庫県,神戸市兵庫区,金平町２丁目１番４９号,6520873
5140001013882,株式会社博芸社,兵庫県,神戸市兵庫区,本町１丁目５番７号,6520834
5140001013890,ハンシン運搬機株式会社,兵庫県,神戸市兵庫区,芦原通４丁目２番２４号,6520882
5140001013899,阪神硝子工業株式会社,兵庫県,神戸市兵庫区,水木通１丁目５番２５号,6520802
5140001013908,橋本産機株式会社,兵庫県,神戸市兵庫区,高松町２番２７号,6520874
5140001013924,八坂運送株式会社,兵庫県,神戸市兵庫区,中之島２丁目１番８号,6520844
5140001013940,林木材株式会社,兵庫県,神戸市兵庫区,湊町２丁目４番１号,6520812
5140001013949,株式会社原商店,兵庫県,神戸市兵庫区,水木通６丁目５番１２号,6520802
5140001013957,株式会社ピー・エス・ユー選挙設備センター,兵庫県,神戸市兵庫区,上沢通７丁目２番５号,6520046
5140001013965,東山フラワー株式会社,兵庫県,神戸市兵庫区,東山町１丁目３番１号,6520042
5140001013973,菱三印刷株式会社,兵庫県,神戸市兵庫区,大開通２丁目２番１１号,6520803
5140001013981,日乃出麺業株式会社,兵庫県,神戸市兵庫区,下祇園町３７番９号,6520015
5140001013998,株式会社平井工務店,兵庫県,神戸市兵庫区,大開通２丁目１番１１号,6520803
5140001014006,株式会社裕多加,兵庫県,神戸市兵庫区,上沢通３丁目４番１２号,6520046
5140001014014,株式会社平本商店,兵庫県,神戸市兵庫区,三川口町１丁目４番６号,6520815
5140001014030,福善青果株式会社,兵庫県,神戸市兵庫区,中之島１丁目１番１号,6520844
5140001014039,株式会社福本穀粉工場,兵庫県,神戸市兵庫区,駅前通１丁目３番１４号,6520898
5140001014055,株式会社不二スプリング,兵庫県,神戸市兵庫区,松本通６丁目４番１４号,6520045
5140001014063,株式会社デンソーテンリサーチ,兵庫県,神戸市兵庫区,御所通１丁目２番２８号,6520885
5140001014088,双葉エンジニアリング株式会社,兵庫県,神戸市兵庫区,七宮町１丁目６番４号,6520831
5140001014105,平成住研株式会社,兵庫県,神戸市兵庫区,石井町８丁目１番８号,6520061
5140001014138,株式会社ボンド商会,兵庫県,神戸市兵庫区,島上町１丁目１番４号,6520833
5140001014146,株式会社マイン工業,兵庫県,神戸市兵庫区,本町１丁目４番１５号,6520834
5140001014154,毎日食品株式会社,兵庫県,神戸市兵庫区,東山町２丁目１２番１２号,6520042
5140001014162,増田産業株式会社,兵庫県,神戸市兵庫区,和田宮通３丁目２番７号,6520863
5140001014170,松浦水産株式会社,兵庫県,神戸市兵庫区,中之島１丁目１番１号,6520844
5140001014179,株式会社神戸マツダ,兵庫県,神戸市兵庫区,東柳原町３番１０号,6520892
5140001014204,マツヤ建物株式会社,兵庫県,神戸市兵庫区,福原町３１番１１号,6520036
5140001014212,まなべ自動車株式会社,兵庫県,神戸市兵庫区,松原通５丁目１番２８号,6520881
5140001014220,マルア商事株式会社,兵庫県,神戸市兵庫区,南仲町１番５号,6520841
5140001014229,丸共青果株式会社,兵庫県,神戸市兵庫区,兵庫町１丁目４番９−５０５号,6520813
5140001014237,株式会社丸武湯浅青果,兵庫県,神戸市兵庫区,中之島１丁目１番１号,6520844
5140001014245,株式会社丸西石材店,兵庫県,神戸市兵庫区,出在家町１丁目２番５号,6520846
5140001014253,株式会社丸広神戸,兵庫県,神戸市兵庫区,七宮町１丁目８番１５号,6520831
5140001014261,株式会社丸由水産,兵庫県,神戸市兵庫区,中之島１丁目１番１号,6520844
5140001014278,岬興業株式会社,兵庫県,神戸市兵庫区,和田崎町２丁目１番１４号,6520854
5140001014286,株式会社三谷電気,兵庫県,神戸市兵庫区,大開通８丁目１番５号,6520803
5140001014311,湊川産業株式会社,兵庫県,神戸市兵庫区,切戸町５番８号,6520847
5140001014328,株式会社南商店,兵庫県,神戸市兵庫区,芦原通２丁目１番１４号,6520882
5140001014352,株式会社村上工務店,兵庫県,神戸市兵庫区,三川口町２丁目４番８号,6520815
5140001014360,名神警備株式会社,兵庫県,神戸市兵庫区,水木通８丁目１番２４号,6520802
5140001014377,株式会社メッセグループ,兵庫県,神戸市兵庫区,駅前通１丁目２番１号,6520898
5140001014385,株式会社モリオカ,兵庫県,神戸市兵庫区,荒田町３丁目１番１９号,6520032
5140001014393,株式会社森山印刷,兵庫県,神戸市兵庫区,荒田町３丁目８２番２号,6520032
5140001014402,株式会社柳生ビル,兵庫県,神戸市兵庫区,福原町１番６号,6520036
5140001014427,山口運送株式会社,兵庫県,神戸市兵庫区,湊町３丁目１番２０号,6520812
5140001014443,株式会社やまと商会,兵庫県,神戸市兵庫区,水木通１丁目３番１１号,6520802
5140001014451,株式会社山本浩平商店,兵庫県,神戸市兵庫区,荒田町２丁目１８番２８号,6520032
5140001014468,株式会社ユーノス兵庫,兵庫県,神戸市兵庫区,東柳原町３番１０号,6520892
5140001014476,株式会社豊車輛工作所,兵庫県,神戸市兵庫区,駅南通５丁目３番３４号,6520897
5140001014501,株式会社よみうり情報サービスセンター,兵庫県,神戸市兵庫区,福原町３０番１５号,6520036
5140001014526,和佳製本株式会社,兵庫県,神戸市兵庫区,水木通６丁目５番８号,6520802
5140001014534,株式会社渡邊工務店,兵庫県,神戸市兵庫区,塚本通５丁目４番９号,6520804
5140001014542,理研サツシ販賣株式会社,兵庫県,神戸市兵庫区,上庄通２丁目３番８号,6520862
5140001014559,株式会社連新,兵庫県,神戸市兵庫区,湊町１丁目１−１（中原ビル）,6520812
5140001014567,神戸医療設備株式会社,兵庫県,神戸市兵庫区,上沢通３丁目１番４号,6520046
5140001014583,神戸建材株式会社,兵庫県,神戸市兵庫区,塚本通７丁目１番５号,6520804
5140001014591,株式会社神戸教育研究所,兵庫県,神戸市兵庫区,下沢通１丁目５番１１号,6520047
5140001014600,神戸整備重機株式会社,兵庫県,神戸市兵庫区,駅南通５丁目４番１５号,6520897
5140001014609,東洋タクシー株式会社,兵庫県,神戸市兵庫区,三川口町２丁目５番２４号,6520815
5140001014641,神戸発條工業株式会社,兵庫県,神戸市兵庫区,小松通２丁目４番２号,6520865
5140001014658,神戸容器株式会社,兵庫県,神戸市兵庫区,島上町１丁目５番５号,6520833
5140001014674,日本機動警備株式会社,兵庫県,神戸市兵庫区,大開通８丁目１番１６号,6520803
5140001014682,株式会社日本ツアーサービス,兵庫県,神戸市兵庫区,駅前通１丁目３２番１号,6520898
5140001014699,兵庫建設工業株式会社,兵庫県,神戸市兵庫区,大開通７丁目６番３号,6520803
5140001014716,兵庫通信工業株式会社,兵庫県,神戸市兵庫区,湊川町４丁目８番１４号,6520041
5140001014724,兵庫ハウジング株式会社,兵庫県,神戸市兵庫区,塚本通４丁目３番１１号,6520804
5140001014732,兵庫メディカル株式会社,兵庫県,神戸市兵庫区,塚本通７丁目１番２０号,6520804
5140001014781,株式会社有馬温泉企業,兵庫県,神戸市兵庫区,新開地１丁目３番２４号,6520811
5140001015771,株式会社エービツク,兵庫県,神戸市兵庫区,駅前通２丁目１番２９−１３６号,6520898
5140001015788,株式会社エヌワイシーガル,兵庫県,神戸市兵庫区,菊水町１０丁目３９番地３６,6520058
5140001016051,興和商事株式会社,兵庫県,神戸市兵庫区,和田山通１丁目２−２５Ｄ棟３１４号,6520884
5140001016480,テクノマリン株式会社,兵庫県,神戸市兵庫区,兵庫町１丁目１番２７号,6520813
5140001016679,株式会社浜田製靴,兵庫県,神戸市兵庫区,和田山通１丁目２番２５号,6520884
5140001017207,兵庫駒栄株式会社,兵庫県,神戸市兵庫区,明和通１丁目２番１号,6520883
5140001017850,株式会社ヒマワリ,兵庫県,神戸市兵庫区,切戸町６番３−２号,6520847
5140001019095,株式会社日本リビング,兵庫県,神戸市兵庫区,菊水町１０丁目３番１６号,6520058
5140001019104,東神不動産株式会社,兵庫県,神戸市兵庫区,西多聞通１丁目１番５号,6520035
5140001019211,株式会社東山建設,兵庫県,神戸市兵庫区,菊水町６丁目１番２０−８０７号,6520058
5140001019236,株式会社亀井工務店,兵庫県,神戸市兵庫区,荒田町４丁目２０番５号,6520032
5140001020160,株式会社稲理,兵庫県,神戸市兵庫区,中道通７丁目２番１５号,6520801
5140001020367,シンエイテクノ株式会社,兵庫県,神戸市兵庫区,高松町２番２８号,6520874
5140001020516,日磐株式会社,兵庫県,神戸市兵庫区,門口町１番７号サンタクルーズ５０２号室,6520814
5140001020648,株式会社第一石材,兵庫県,神戸市兵庫区,永沢町２丁目１番２１号,6520816
5140001020722,株式会社ケイケイユー,兵庫県,神戸市兵庫区,中之島１丁目１番４号,6520844
5140001021150,株式会社トラストテクノ,兵庫県,神戸市兵庫区,遠矢浜町２番４４号,6520866
5140001021217,株式会社神戸新聞神戸中央販売,兵庫県,神戸市兵庫区,北逆瀬川町１番地２４,6520837
5140001021852,株式会社ＳＮＯＷ　ＰＬＵＭ,兵庫県,神戸市兵庫区,駅前通４丁目１番３２号,6520898
5140001022033,株式会社アペックス不動産販売,兵庫県,神戸市兵庫区,荒田町３丁目５９番１７号,6520032
5140001022132,株式会社オーシャンベスト,兵庫県,神戸市兵庫区,須佐野通１丁目１番１９号,6520896
5140001022157,株式会社ブイ・エル・ケイマリンコーポレーション,兵庫県,神戸市兵庫区,神明町１番２１号アジアビル３Ｆ,6520836
5140001022181,株式会社古田水道工務店,兵庫県,神戸市兵庫区,湊町２丁目４番１５号,6520812
5140001022479,日本アイビルソフト株式会社,兵庫県,神戸市兵庫区,大開通７丁目５番９−７０３号,6520803
5140001022553,株式会社ライテック,兵庫県,神戸市兵庫区,西上橘通１丁目１番８号,6520033
5140001023337,株式会社三宝テクノス,兵庫県,神戸市兵庫区,門口町１番２０−４０２号,6520814
5140001023584,株式会社新生マネジメント,兵庫県,神戸市兵庫区,下沢通１丁目４番１０号,6520047
5140001023634,株式会社オーケーフーズ,兵庫県,神戸市兵庫区,船大工町３番２０号,6520843
5140001023642,株式会社ダイワ住宅サービス,兵庫県,神戸市兵庫区,下祇園町２０番１５号,6520015
5140001023659,株式会社大大クリエート,兵庫県,神戸市兵庫区,三川口町３丁目５番１３号,6520815
5140001023774,不二神戸フーズ株式会社,兵庫県,神戸市兵庫区,浜中町２丁目１８番２４号,6520875
5140001024285,株式会社トーワ・テクノ・システムズ,兵庫県,神戸市兵庫区,大同町１丁目２番１号,6520062
5140001024450,株式会社ダイニング・ＪＩＮ,兵庫県,神戸市兵庫区,明和通３丁目１番地の１神戸松井ビル３階,6520883
5140001025102,中央開発株式会社,兵庫県,神戸市兵庫区,荒田町２丁目７番６号藤井ビル３０１,6520032
5140001025192,株式会社ケアサービス・マモル,兵庫県,神戸市兵庫区,荒田町３丁目５番２２号,6520032
5140001025655,日本青島新和文化体育用品株式会社,兵庫県,神戸市兵庫区,水木通８丁目１番８号,6520802
5140001026001,株式会社大盛商事,兵庫県,神戸市兵庫区,水木通８丁目１番２４号,6520802
5140001026091,株式会社エムズ,兵庫県,神戸市兵庫区,西上橘通２丁目８−８,6520033
5140001026991,株式会社日本総合保険,兵庫県,神戸市兵庫区,大開通３丁目１番２３号,6520803
5140001027016,神戸カムテクノ株式会社,兵庫県,神戸市兵庫区,高松町２番５号,6520874
5140001027206,株式会社三宮一貫樓,兵庫県,神戸市兵庫区,荒田町２丁目１６番３号,6520032
5140001027370,株式会社Ｎ＆Ｋ,兵庫県,神戸市兵庫区,湊町１丁目１番地の１,6520812
5140001027453,株式会社シンヨウ,兵庫県,神戸市兵庫区,西出町１丁目１６−７,6520822
5140001027486,株式会社イーワイコーポレーション,兵庫県,神戸市兵庫区,駅前通２丁目１番８−６１５号,6520898
5140001027676,ＹＳ商会株式会社,兵庫県,神戸市兵庫区,福原町１１番３号,6520036
5140001027965,株式会社山栄,兵庫県,神戸市兵庫区,御崎本町２丁目１０番１８号,6520852
5140001028253,永正国際株式会社,兵庫県,神戸市兵庫区,千鳥町１丁目７番１０号,6520022
5140001028360,株式会社プロスパー,兵庫県,神戸市兵庫区,福原町１番８号,6520036
5140001028451,株式会社新機エンジニアリング,兵庫県,神戸市兵庫区,菊水町１０丁目３９番地の１１夢野団地１−８２３号,6520058
5140001028575,株式会社きらく,兵庫県,神戸市兵庫区,湊川町５丁目３番５−２号,6520041
5140001029037,ＫＭＴＬエッジテック株式会社,兵庫県,神戸市兵庫区,和田宮通３丁目２番２４号,6520863
5140001029045,日本フードサービス株式会社,兵庫県,神戸市兵庫区,下沢通１丁目５番１８号,6520047
5140001029367,株式会社神測,兵庫県,神戸市兵庫区,新開地６丁目１−１２コーポラティブハウス神戸１、３０２号室,6520811
5140001029689,知名電気株式会社,兵庫県,神戸市兵庫区,湊山町５−１０ワコーレ神戸湊山グランアリーナ３０１号,6520012
5140001029870,ＭＨＫコーポレーション株式会社,兵庫県,神戸市兵庫区,笠松通７丁目１番８号,6520864
5140001030060,株式会社ＭＪ　Ｌａｎｄｓｃａｐｅ　Ｄｅｓｉｇｎ,兵庫県,神戸市兵庫区,駅南通３丁目４番１号,6520897
5140001030093,株式会社アンツ,兵庫県,神戸市兵庫区,門口町４番２３号,6520814
5140001030531,株式会社勇,兵庫県,神戸市兵庫区,羽坂通４丁目２番１４号,6520805
5140001030614,株式会社ｂｙ＆ｂｙ,兵庫県,神戸市兵庫区,湊川町８丁目３番２−２０１号,6520041
5140001030853,米美産業株式会社,兵庫県,神戸市兵庫区,船大工町３番１９号,6520843
5140001030911,株式会社駅前,兵庫県,神戸市兵庫区,中之島１丁目１番４号関連中央棟３階,6520844
5140001031331,株式会社ホクレア,兵庫県,神戸市兵庫区,佐比江町１８番１３号,6520821
5140001031612,株式会社ゆずりはコーポレーション,兵庫県,神戸市兵庫区,上沢通８丁目７番１４号,6520046
5140001031744,株式会社山田歯科商会,兵庫県,神戸市兵庫区,水木通５丁目２番１３号,6520802
5140001031760,株式会社華ＮＣＳ,兵庫県,神戸市兵庫区,大同町１丁目２番１号大野社ビル,6520062
5140001031777,タイヨウパッケージ株式会社,兵庫県,神戸市兵庫区,中道通６丁目３番２号,6520801
5140001032073,株式会社パレス,兵庫県,神戸市兵庫区,駅南通１丁目２番１８号,6520897
5140001033204,株式会社エイテック,兵庫県,神戸市兵庫区,荒田町１丁目６番３号−２１０号,6520032
5140001033674,株式会社ゴールド・ウイング,兵庫県,神戸市兵庫区,笠松通７丁目３番３０号,6520864
5140001033815,株式会社ＣＯＲＮＥＲ,兵庫県,神戸市兵庫区,和田山通１丁目２番２５号,6520884
5140001033906,株式会社グリーンマーク,兵庫県,神戸市兵庫区,本町１丁目３番２４−１０１号,6520834
5140001033930,株式会社マレリー,兵庫県,神戸市兵庫区,駅前通２丁目１番８−１４０６号,6520898
5140001034193,株式会社ブレイクスルー,兵庫県,神戸市兵庫区,三川口町２丁目１−２４,6520815
5140001037147,株式会社マルシェ,兵庫県,神戸市兵庫区,中道通６丁目１番２９号,6520801
5140001038013,株式会社リーフ,兵庫県,神戸市兵庫区,湊川町４丁目１番６号,6520041
5140001038070,株式会社美人ぬか本舗,兵庫県,神戸市兵庫区,御所通１丁目３番１８号,6520885
5140001038129,株式会社翔宇,兵庫県,神戸市兵庫区,菊水町５丁目４番４号,6520058
5140001046453,株式会社Ｒ−Ｃｕｂｅ,兵庫県,神戸市兵庫区,大開通１丁目１番１６−２０４号,6520803
5140001047146,株式会社ホーリーマート,兵庫県,神戸市兵庫区,大開通１０丁目３番１２−９０４号,6520803
5140001047229,伸幸開発株式会社,兵庫県,神戸市兵庫区,兵庫町１丁目１−３,6520813
5140001057129,大黒建材株式会社,兵庫県,神戸市兵庫区,氷室町２丁目１４−４−２,6520054
5140001057153,株式会社勇興,兵庫県,神戸市兵庫区,御崎本町２丁目１０番１号,6520852
5140001067441,株式会社あい広告,兵庫県,神戸市兵庫区,和田山通１丁目２番２５号神戸市ものづくり工場Ａ棟１０６号室,6520884
5140001067466,株式会社デミック関西,兵庫県,神戸市兵庫区,三川口町１丁目１番２５号,6520815
5140001088009,株式会社コード,兵庫県,神戸市兵庫区,永沢町３丁目８番１６号,6520816
5140001088545,株式会社タカハシ,兵庫県,神戸市兵庫区,新開地５丁目２番２９−１２０８号,6520811
5140001089345,株式会社神戸御膳奉行,兵庫県,神戸市兵庫区,荒田町３丁目２番地８号,6520032
5140001089411,株式会社エスティーエストレーディング,兵庫県,神戸市兵庫区,水木通１丁目４番１５号,6520802
5140001089691,新星メホール株式会社,兵庫県,神戸市兵庫区,出在家一丁目２番５号,6520000
5140001091029,株式会社キャロ・チェリー,兵庫県,神戸市兵庫区,菊水町８丁目３番１３号栄荘２０１号,6520058
5140001091086,モリホールディングス株式会社,兵庫県,神戸市兵庫区,荒田町１丁目４番５号,6520032
5140001091136,株式会社西尾商店,兵庫県,神戸市兵庫区,上三条町１０番２６号,6520013
5140001091227,株式会社ビー・エム・エル,兵庫県,神戸市兵庫区,大開通８丁目２番２−９０２号,6520803
5140001091771,尾石室内装飾株式会社,兵庫県,神戸市兵庫区,上沢通４丁目７番１４号,6520046
5140001091838,景華工業株式会社,兵庫県,神戸市兵庫区,小松通４丁目１−６,6520865
5140001091961,イーエム株式会社,兵庫県,神戸市兵庫区,東山町２丁目３番１３号,6520042
5140001092844,株式会社Ｍａｎｄｒｉｌｌｕｓ,兵庫県,神戸市兵庫区,大同町１丁目２−１,6520062
5140001092893,株式会社ＢＡＮＳ,兵庫県,神戸市兵庫区,新開地４丁目５番１４号,6520811
5140001093140,株式会社ラルーチェ,兵庫県,神戸市兵庫区,下沢通６丁目１番１５−５０１号,6520047
5140001094543,株式会社マーズカンパニー,兵庫県,神戸市兵庫区,塚本通２丁目２番１９号,6520804
5140001095962,リョーメイ販売株式会社,兵庫県,神戸市兵庫区,東山町１丁目１２番１０号,6520042
5140001096127,株式会社西日本義肢製作所,兵庫県,神戸市兵庫区,御崎本町２丁目９−２４,6520852
5140001096746,株式会社三晄,兵庫県,神戸市兵庫区,荒田町１丁目７番９号,6520032
5140001096762,株式会社Ａ,兵庫県,神戸市兵庫区,大開通３丁目１番２３号,6520803
5140001097711,株式会社神戸べっぴんさんものがたり,兵庫県,神戸市兵庫区,荒田町４丁目１５番１４号,6520032
5140001097802,株式会社木村組,兵庫県,神戸市兵庫区,西上橘通１丁目２−２,6520033
5140001097926,株式会社ＯＧＦ,兵庫県,神戸市兵庫区,三川口町３丁目４番３号,6520815
5140001098107,株式会社Ｓ−ｔｅｍ,兵庫県,神戸市兵庫区,上沢通７丁目３−８サントピア上沢１Ｆ,6520046
5140001098239,ＨＧＣ株式会社,兵庫県,神戸市兵庫区,福原町１７番１０号,6520036
5140001098552,株式会社エルフィア,兵庫県,神戸市兵庫区,本町２丁目３番３１号,6520834
5140001098668,株式会社プロスタッフライン,兵庫県,神戸市兵庫区,大開通５丁目１番３−６号,6520803
5140001100185,ＭＡＮＧＯ株式会社,兵庫県,神戸市兵庫区,南仲町１−５南仲ＴОビル３１１,6520841
5140001100251,株式会社ＥＩＺＩＮ,兵庫県,神戸市兵庫区,湊町４丁目２番２２号,6520812
5140001100697,株式会社孝橋,兵庫県,神戸市兵庫区,東山町３丁目３番１３号,6520042
5140001100771,株式会社幸智,兵庫県,神戸市兵庫区,駅前通１丁目２−１２−２階Ｂ,6520898
5140001100945,アスリーフ株式会社,兵庫県,神戸市兵庫区,湊町３丁目１番５号,6520812
5140001101019,株式会社アクシス,兵庫県,神戸市兵庫区,福原町１９番１０号カサブランカビル３０１号,6520036
5140001101092,関西アムラス株式会社,兵庫県,神戸市兵庫区,大開通５丁目２番２６号,6520803
5140001101274,株式会社藤越旅行,兵庫県,神戸市兵庫区,湊山町２１番１８−２号,6520012
5140001101332,株式会社中谷加工所,兵庫県,神戸市兵庫区,和田山通１丁目２−２５Ａ棟５０７号,6520884
5140001101489,株式会社ＬＡＮＤＭＡＤＥ,兵庫県,神戸市兵庫区,下沢通２丁目１番１１−５０３号,6520047
5140001101695,５０１ＧＯ−ＯＮＥ株式会社,兵庫県,神戸市兵庫区,新開地１丁目４番３−２０３号,6520811
5140001101794,Ｉｓａｔｅｎ　Ｆｏｏｄｓ株式会社,兵庫県,神戸市兵庫区,鍛冶屋町２丁目１番２号,6520832
5140001102628,株式会社イデアル,兵庫県,神戸市兵庫区,塚本通８丁目１番１９−３０３号,6520804
5140001103015,株式会社中原貴金属,兵庫県,神戸市兵庫区,永沢町３丁目５番７−１０３号,6520816
5140001104137,世輝貿易株式会社,兵庫県,神戸市兵庫区,東出町３丁目１５番２号１Ｆ,6520823
5140001104384,アップトラスト株式会社,兵庫県,神戸市兵庫区,塚本通３丁目１番１２−１号,6520804
5140001104467,株式会社イハラ,兵庫県,神戸市兵庫区,鍛冶屋町１丁目３番１５号,6520832
5140001104624,ＴＯＹＯ企画株式会社,兵庫県,神戸市兵庫区,石井町３丁目１番２号,6520061
5140001104649,共新工業株式会社,兵庫県,神戸市兵庫区,吉田町３丁目７番２９号,6520872
5140001105317,株式会社ＫＷＩ,兵庫県,神戸市兵庫区,大開通８丁目１番２１号イーデンハイツオクトピア３０３,6520803
5140001105432,株式会社アーマー,兵庫県,神戸市兵庫区,荒田町１丁目１０番２４−３５号,6520032
5140001105804,東信商事株式会社,兵庫県,神戸市兵庫区,東柳原町２番１３号菱和ビル５階,6520892
5140001106133,株式会社輝設備,兵庫県,神戸市兵庫区,佐比江町２１−５兵頭ビル１Ｆ,6520821
5140001106273,株式会社カガヤキ,兵庫県,神戸市兵庫区,荒田町４丁目１９番６号,6520032
5140001106620,ＳＯＮＧｓ株式会社,兵庫県,神戸市兵庫区,船大工町２番１号高田屋久菱ビル１階,6520843
5140001107924,株式会社リクエン,兵庫県,神戸市兵庫区,西柳原町３番１７号,6520806
5140001108237,理通国際株式会社,兵庫県,神戸市兵庫区,浜崎通３番７号兵庫駅南ビル,6520807
5140001108823,株式会社Ｈｕｍａｎ　Ｄｙｎｅ,兵庫県,神戸市兵庫区,吉田町２丁目４０−１４キャナルシティ御崎公園２階,6520872
5140001110408,株式会社ＦＮ−ｌｉｎｅ,兵庫県,神戸市兵庫区,浜山通２丁目５番１５−１０７号,6520871
5140001110886,五興商事株式会社,兵庫県,神戸市兵庫区,夢野町３丁目１１番６号,6520063
5140001111182,株式会社ｙｕｍｅｎｏ,兵庫県,神戸市兵庫区,荒田町４丁目１３番１−２号,6520032
5140001111199,株式会社ＴＪＧ,兵庫県,神戸市兵庫区,湊町１丁目５番３号三和ビル,6520812
5140001111439,株式会社ＨＡＮＡＩ企画,兵庫県,神戸市兵庫区,湊町４丁目１番１−３０３号,6520812
5140001111579,株式会社優美,兵庫県,神戸市兵庫区,出在家町２丁目３番７号,6520846
5140001112890,共旺建物管理株式会社,兵庫県,神戸市兵庫区,五宮町４番２８−１号,6520007
5140001113030,プロウワークス株式会社,兵庫県,神戸市兵庫区,湊山町１番３号,6520012
5140001113229,株式会社Ｈｏｐｅ体育教室・アウトドアクラブ,兵庫県,神戸市兵庫区,西多聞通１丁目１−１３シティライフ西多聞通１０１,6520035
5140001113690,株式会社ＥＶＥＬＹＮ,兵庫県,神戸市兵庫区,西上橘通１丁目２−３ドミール橘１Ｆ,6520033
5140001114301,株式会社ＰＫＹカンパニー,兵庫県,神戸市兵庫区,菊水町５丁目４番１１号,6520058
5140001115381,パラゴン・ジャパン株式会社,兵庫県,神戸市兵庫区,馬場町５番１６号,6520016
5140001115398,株式会社Ｈ＆Ｃｒａｆｔｓ,兵庫県,神戸市兵庫区,中道通２丁目１番１号,6520801
5140001116636,株式会社インプルーブ,兵庫県,神戸市兵庫区,駅南通３丁目２番２０−６０２号,6520897
5140001117287,株式会社兵庫オート,兵庫県,神戸市兵庫区,築地町７番２１−１号,6520845
5140001118095,宇宙黄金教株式会社,兵庫県,神戸市兵庫区,下沢通６丁目２番１２号,6520047
5140001118285,株式会社Ｇアップシステム,兵庫県,神戸市兵庫区,荒田町１丁目４番５号,6520032
5140001118467,野村株式会社,兵庫県,神戸市兵庫区,西多聞通１丁目３番３０号,6520035
5140001118525,株式会社オラプロ,兵庫県,神戸市兵庫区,荒田町１丁目１９番１１号２階,6520032
5140001118822,株式会社Ｃｌｏｃｃｏｌｉｅ,兵庫県,神戸市兵庫区,菊水町６丁目１番２０−６０７号,6520058
5140001118896,神戸緑地開発株式会社,兵庫県,神戸市兵庫区,滝山町７番地の５１,6520056
5140001119052,株式会社ｓｌｏＵｐ,兵庫県,神戸市兵庫区,須佐野通３丁目３番７−２号,6520896
5140001119886,株式会社メディカルハーモニー神戸,兵庫県,神戸市兵庫区,上沢通１丁目１番２５号,6520046
5140001120150,株式会社ＴＩＣ,兵庫県,神戸市兵庫区,荒田町３丁目８番２号,6520032
5140001120522,ハミ株式会社,兵庫県,神戸市兵庫区,荒田町１丁目６番１４号１Ｆ,6520032
5140001121173,アシスト株式会社,兵庫県,神戸市兵庫区,西橘通２丁目３番８−２１ビル４０２号,6520034
5140001121256,Ｉ．Ｍ．Ｏ株式会社,兵庫県,神戸市兵庫区,今出在家町３丁目２−３９,6520853
5140001122205,株式会社Ｎｕｍａｎｅ,兵庫県,神戸市兵庫区,和田宮通４丁目２番１７号,6520863
5140001122502,株式会社ピアサポーターズ,兵庫県,神戸市兵庫区,湊川町１丁目３番８号,6520041
5140001122857,株式会社ファースト,兵庫県,神戸市兵庫区,笠松通５丁目５番１号,6520864
5140001123335,株式会社ＫＡＮＥＭＡＳＡ,兵庫県,神戸市兵庫区,駅前通２丁目１番８−１０１６号,6520898
5140001123756,株式会社大成,兵庫県,神戸市兵庫区,水木通１丁目１−４エステムプラザ神戸水木通グランクロス６１３,6520802
5140001124738,株式会社ハーリー企画ＫＯＢＥ,兵庫県,神戸市兵庫区,下沢通１丁目４番６号,6520047
5140001124911,株式会社オリンピアコンサルティング,兵庫県,神戸市兵庫区,小松通５丁目１番１４号,6520865
5140001125018,株式会社ｂａｒｒａｃｋ　ＤＥＣＯ　ｄｅｓｉｇｎ,兵庫県,神戸市兵庫区,中道通１丁目１番８号,6520801
5140001125389,株式会社ｎａｍｅｄ,兵庫県,神戸市兵庫区,下祇園町９番７−２号,6520015
5140001126016,株式会社スクリーフ,兵庫県,神戸市兵庫区,下祇園町２４番７号,6520015
5140001126288,株式会社リンテック,兵庫県,神戸市兵庫区,清水町８番１０号,6520065
5140001126692,エムテクニカル株式会社,兵庫県,神戸市兵庫区,氷室町１丁目１０番１０号,6520054
5140001127006,株式会社但馬商会,兵庫県,神戸市兵庫区,大開通３丁目１番３号,6520803
5140001127427,株式会社イセヤ薬局,兵庫県,神戸市兵庫区,東山町１丁目２番４号,6520042
5140001127633,ＢＯＮＤホールディングス株式会社,兵庫県,神戸市兵庫区,島上町１丁目１番４号,6520833
5140001128061,株式会社ディーマート,兵庫県,神戸市兵庫区,荒田町１丁目８番１８号渡辺ビル１階,6520032
5140001128573,株式会社一期一礼,兵庫県,神戸市兵庫区,福原町２７番６号,6520036
5140001129448,株式会社Ｅｓｐｅｒａｎｚａ　ＩＺＡＲＲＡ,兵庫県,神戸市兵庫区,磯之町１番１号,6520842
5140001129869,株式会社プランＫ,兵庫県,神戸市兵庫区,中道通８丁目３番１６−３０３号,6520801
5140001130075,直井商事株式会社,兵庫県,神戸市兵庫区,上沢通６丁目８番１０号,6520046
5140001130232,株式会社アルセント,兵庫県,神戸市兵庫区,水木通４丁目１番６号,6520802
5140001131180,株式会社Ｂｏｎｄｓ　Ｃｏｒｐｏｒａｔｉｏｎ,兵庫県,神戸市兵庫区,東山町４丁目１９番地の１ワコーレ東山７０７号室,6520042
5140001131619,Ｍｏｒｉｕｃｈｉ　Ｔｒａｎｓｐｏｒｔ株式会社,兵庫県,神戸市兵庫区,浜山通１丁目１番１２号御崎北ビル８０１,6520871
5140001131635,明翔海運株式会社,兵庫県,神戸市兵庫区,東出町３丁目１６番１０号,6520823
5140001132014,株式会社神戸第二学校給食サービス,兵庫県,神戸市兵庫区,水木通４丁目１番１号,6520802
5140001132451,株式会社神和住設,兵庫県,神戸市兵庫区,荒田町３丁目７３−１１,6520032
5140001132939,株式会社つむぎびと,兵庫県,神戸市兵庫区,雪御所町２−１５ＮＡＴＵＲＥＳＴＵＤＩＯＷＥＳＴ、Ｃ−２０３,6520031
5140001133920,株式会社ヴェルワーク,兵庫県,神戸市兵庫区,上沢通４丁目１−４,6520046
5140001133986,ヒロテック株式会社,兵庫県,神戸市兵庫区,西上橘通１丁目１番１０−３号,6520033
5140001134357,株式会社ＣＯＳＭＯＳ,兵庫県,神戸市兵庫区,荒田町２丁目７−１３,6520032
5140001134423,株式会社稲田,兵庫県,神戸市兵庫区,東出町２丁目５番１８号的場ハイツ２０２号,6520823
5140001134480,株式会社Ｓｐｅｒａｎｚａ　Ａｒｔ,兵庫県,神戸市兵庫区,湊山町７番１号,6520012
5140001134596,クリエイション株式会社,兵庫県,神戸市兵庫区,新開地６丁目１−１２−３０５,6520811
5140001134761,株式会社Ｍｅｄｉ　Ｔｒａ,兵庫県,神戸市兵庫区,荒田町４丁目１４番２号山本マンション,6520032
5140001135132,株式会社エープラス,兵庫県,神戸市兵庫区,夢野町２丁目１８,6520063
5140001135173,株式会社恵園居,兵庫県,神戸市兵庫区,下三条町３−２０日ノ出ビル１Ｆ,6520014
5140001135520,株式会社イレブン,兵庫県,神戸市兵庫区,湊町２丁目４番９−８０１号,6520812
5140001135891,株式会社Ｕ,兵庫県,神戸市兵庫区,笠松通５丁目４番９号,6520864
5140001136403,株式会社赤がき,兵庫県,神戸市兵庫区,荒田町２丁目４番６−１号,6520032
5140001136774,株式会社ＳＦＩ‐Ａｇｇｒｅｇａｔｉｏｎ,兵庫県,神戸市兵庫区,荒田町３丁目１９番２号,6520032
5140001137921,文野株式会社,兵庫県,神戸市兵庫区,上三条町１番２３号平野サンロイヤル２０３号室,6520013
5140001138044,株式会社サラン,兵庫県,神戸市兵庫区,新開地１丁目２番１１号２Ｆ,6520811
5140001138168,株式会社Ｍ＆Ｋ　ＴＲＡＤＩＮＧ,兵庫県,神戸市兵庫区,塚本通８丁目１番地８新港ビル１階１０１号室,6520804
5140001138267,株式会社クリーンアーミー,兵庫県,神戸市兵庫区,中之島１丁目１−５、４階,6520844
5140001138275,株式会社ＫＳＳ警備,兵庫県,神戸市兵庫区,楠谷町３４−１２,6520004
5140001138291,株式会社グリーンフォックステール,兵庫県,神戸市兵庫区,中道通１丁目４番２６号,6520801
5140001140181,ＥｖｅｒＧｒｏｗ株式会社,兵庫県,神戸市兵庫区,永沢町４丁目４番１４−７０６号,6520816
5140002010870,株式会社英国屋,兵庫県,神戸市兵庫区,西橘通２丁目２番１号,6520034
5140002020853,株式会社海昇,兵庫県,神戸市兵庫区,築地町３番８０号,6520845
5140002025340,株式会社瑞興,兵庫県,神戸市兵庫区,東柳原町１番１５号,6520892
5140002025919,株式会社アスク,兵庫県,神戸市兵庫区,中道通５丁目１番１３号,6520801
5140002026792,植田設備工業株式会社,兵庫県,神戸市兵庫区,永沢町３丁目３−１０ラルゴ永沢１０３号室,6520816
5140003011364,神昌クリエイト株式会社,兵庫県,神戸市兵庫区,駅南通３丁目６番４号,6520897
5150001021686,ＣＯテクノロジー株式会社,兵庫県,神戸市兵庫区,兵庫町２丁目２番１５号,6520813
5190001026847,株式会社フィットステージ,兵庫県,神戸市兵庫区,湊川町５丁目８−６ＫＷＩプラザ１階,6520041
5290001012366,株式会社九州合食,兵庫県,神戸市兵庫区,中之島１丁目１番１号,6520844
5340001022640,環境Ｅ＆Ｍ株式会社,兵庫県,神戸市兵庫区,新開地２丁目５番１１−１００４号,6520811
6010001237188,三菱ジェネレーター株式会社,兵庫県,神戸市兵庫区,和田崎町１丁目１番２号,6520854
6010601050494,株式会社ロータス,兵庫県,神戸市兵庫区,吉田町２丁目５−１０−２,6520872
6120001095880,株式会社ジー・エス・ピー,兵庫県,神戸市兵庫区,出在家町２丁目４番１４号ハイツ中之島２０５号室,6520846
6120001165576,平野塗料販売株式会社,兵庫県,神戸市兵庫区,荒田町１丁目４−１−１０２,6520032
6120001205869,株式会社ＭＧＲシステム企画,兵庫県,神戸市兵庫区,湊町１丁目６番５号,6520812
6140001002835,神戸コーヒーサービス株式会社,兵庫県,神戸市兵庫区,塚本通７丁目４番２０−２号,6520804
6140001004749,株式会社サイコム,兵庫県,神戸市兵庫区,大同町１丁目２番１号,6520062
6140001005805,福太ホーム株式会社,兵庫県,神戸市兵庫区,羽坂通２丁目１番２４号,6520805
6140001005937,株式会社ＡＢＣプランニング,兵庫県,神戸市兵庫区,船大工町３番８号,6520843
6140001007306,株式会社グローバル・ブレイン,兵庫県,神戸市兵庫区,下沢通１丁目５番１１−１１０２号,6520047
6140001007512,株式会社公詢社,兵庫県,神戸市兵庫区,西宮内町２番１８号,6520891
6140001009401,株式会社ディ・オー一級建築士事務所,兵庫県,神戸市兵庫区,中道通３丁目３番１号,6520801
6140001010152,パシフィックリム株式会社,兵庫県,神戸市兵庫区,築地町２番４５号,6520845
6140001011786,株式会社ルアス,兵庫県,神戸市兵庫区,東山町２丁目８−６１,6520042
6140001011951,神戸コンテナー運輸株式会社,兵庫県,神戸市兵庫区,平野町字天王谷筋西服６番地,6520002
6140001012033,株式会社ウェルネス神戸,兵庫県,神戸市兵庫区,菊水町１０丁目８番５号,6520058
6140001012371,青木木材株式会社,兵庫県,神戸市兵庫区,御崎本町１丁目１番３７号,6520852
6140001012396,株式会社秋月建具店,兵庫県,神戸市兵庫区,西多聞通１丁目１番１６号,6520035
6140001012421,旭マシン株式会社,兵庫県,神戸市兵庫区,大開通７丁目３番１号,6520803
6140001012454,阿波船舶工業株式会社,兵庫県,神戸市兵庫区,七宮町１丁目８番１８号,6520831
6140001012495,株式会社ユータックス,兵庫県,神戸市兵庫区,中道通１丁目４番１０号,6520801
6140001012537,株式会社今田屋時計店,兵庫県,神戸市兵庫区,新開地２丁目４番１６号,6520811
6140001012545,株式会社岩田建材店,兵庫県,神戸市兵庫区,荒田町１丁目２番１６号,6520032
6140001012586,株式会社永久糊,兵庫県,神戸市兵庫区,荒田町４丁目１番５号,6520032
6140001012628,エムツー建装株式会社,兵庫県,神戸市兵庫区,松原通３丁目１番１１号,6520881
6140001012644,株式会社大久保,兵庫県,神戸市兵庫区,御所通１丁目１番２３号,6520885
6140001012677,株式会社大野宣夫商事,兵庫県,神戸市兵庫区,大同町１丁目２番１号（大野ビル内）,6520062
6140001012685,株式会社オーラテクノ,兵庫県,神戸市兵庫区,大開通１０丁目２番２号,6520803
6140001012693,株式会社岡三地所,兵庫県,神戸市兵庫区,水木通４丁目１番１号,6520802
6140001012702,奥本工業株式会社,兵庫県,神戸市兵庫区,浜中町１丁目４番８号,6520875
6140001012727,株式会社海工,兵庫県,神戸市兵庫区,中之島１丁目１番１号,6520844
6140001012735,株式会社雁木発動機製造所,兵庫県,神戸市兵庫区,出在家町１丁目２番５号,6520846
6140001012743,関西梱包株式会社,兵庫県,神戸市兵庫区,出在家町１丁目５番６号,6520846
6140001012751,関西写真工業株式会社,兵庫県,神戸市兵庫区,和田宮通４丁目２番９号,6520863
6140001012768,カネエ青果株式会社,兵庫県,神戸市兵庫区,中之島１丁目１番１号,6520844
6140001012784,株式会社カネナカ,兵庫県,神戸市兵庫区,中之島１丁目１番１号,6520844
6140001012801,加美商株式会社,兵庫県,神戸市兵庫区,入江通３丁目１番１１−６０１号,6520894
6140001012818,株式会社川崎設計,兵庫県,神戸市兵庫区,永沢町３丁目１番１０号,6520816
6140001012834,近畿運輸倉庫株式会社,兵庫県,神戸市兵庫区,築地町１番１２号,6520845
6140001012850,金川造船株式会社,兵庫県,神戸市兵庫区,吉田町３丁目７番２８号,6520872
6140001012875,株式会社キヌガワ神戸,兵庫県,神戸市兵庫区,塚本通６丁目２番１６号,6520804
6140001012883,共栄機械株式会社,兵庫県,神戸市兵庫区,西出町１５番地の１の２,6520822
6140001012909,旭洋産業株式会社,兵庫県,神戸市兵庫区,湊川町３丁目７番１０号,6520041
6140001012925,株式会社久保電機商会,兵庫県,神戸市兵庫区,須佐野通１丁目２番１１号,6520896
6140001012966,ＭＨＩ　ＮＵＳＥＣ株式会社,兵庫県,神戸市兵庫区,和田崎町１丁目１番１号,6520854
6140001012974,株式会社幸栄建設,兵庫県,神戸市兵庫区,湊川町５丁目６番２号,6520041
6140001012999,株式会社甲南機械製作所,兵庫県,神戸市兵庫区,芦原通６丁目３番３号,6520882
6140001013015,晃洋工業株式会社,兵庫県,神戸市兵庫区,新開地４丁目４番１５号,6520811
6140001013023,株式会社コーワ測量設計,兵庫県,神戸市兵庫区,水木通１丁目４番１７号−１０３号室,6520802
6140001013048,株式会社古西商店,兵庫県,神戸市兵庫区,駅前通５丁目１番２２号,6520898
6140001013056,小林自動車株式会社,兵庫県,神戸市兵庫区,駅南通３丁目１番１７号,6520897
6140001013072,山陰合同建設株式会社,兵庫県,神戸市兵庫区,三川口町２丁目２番２０号,6520815
6140001013089,株式会社三皓商会,兵庫県,神戸市兵庫区,駅前通３丁目１番８号,6520898
6140001013097,サクマ商事株式会社,兵庫県,神戸市兵庫区,芦原通１丁目２番２８号,6520882
6140001013139,株式会社三養,兵庫県,神戸市兵庫区,本町２丁目１番２０号,6520834
6140001013147,サンヨー装備株式会社,兵庫県,神戸市兵庫区,七宮町１丁目１番５号,6520831
6140001013163,三和水産株式会社,兵庫県,神戸市兵庫区,中之島１丁目１番５号,6520844
6140001013188,神越貿易株式会社,兵庫県,神戸市兵庫区,鍛冶屋町２丁目１番６−４０４号,6520832
6140001013221,株式会社シンセイ,兵庫県,神戸市兵庫区,下沢通７丁目２番２号,6520047
6140001013238,株式会社新中建築工房,兵庫県,神戸市兵庫区,浜崎通４番１０号,6520807
6140001013254,株式会社島田工作所,兵庫県,神戸市兵庫区,塚本通３丁目１番２５号,6520804
6140001013262,昌栄工業株式会社,兵庫県,神戸市兵庫区,神明町１番１６号,6520836
6140001013270,株式会社上聡屋,兵庫県,神戸市兵庫区,下祇園町９番７号,6520015
6140001013279,神洋鉄工株式会社,兵庫県,神戸市兵庫区,遠矢浜町４番１２号,6520866
6140001013287,株式会社昭和住宅,兵庫県,神戸市兵庫区,吉田町２丁目３９番１１号,6520872
6140001013312,株式会社シンリョー,兵庫県,神戸市兵庫区,御崎町１丁目２番１号,6520855
6140001013345,スリージョイント株式会社,兵庫県,神戸市兵庫区,矢部町３２番１号,6520005
6140001013353,ルミナスホテル株式会社,兵庫県,神戸市兵庫区,塚本通６丁目２番１１号,6520804
6140001013378,積洋新業株式会社,兵庫県,神戸市兵庫区,駅前通２丁目１番２９−１３４号,6520898
6140001013386,瀬戸内エンタープライズ株式会社,兵庫県,神戸市兵庫区,氷室町２丁目２４番地の６７,6520054
6140001013394,セントラル商事株式会社,兵庫県,神戸市兵庫区,大開通７丁目４番７号,6520803
6140001013403,綜合通信株式会社,兵庫県,神戸市兵庫区,西上橘通２丁目３番２号,6520033
6140001013428,ダイアナ乳業株式会社,兵庫県,神戸市兵庫区,中之島２丁目１番１０号,6520844
6140001013452,株式会社大誠工業,兵庫県,神戸市兵庫区,水木通４丁目２番４,6520802
6140001013460,大盛鉄工株式会社,兵庫県,神戸市兵庫区,水木通９丁目１番３５号,6520802
6140001013477,株式会社大二,兵庫県,神戸市兵庫区,中之島１丁目１番１号,6520844
6140001013485,大鵬建設株式会社,兵庫県,神戸市兵庫区,湊町１丁目２番地の１０,6520812
6140001013493,大松興産株式会社,兵庫県,神戸市兵庫区,福原町９番１１号,6520036
6140001013502,株式会社太陽商会,兵庫県,神戸市兵庫区,水木通１丁目４番１５号,6520802
6140001013510,大和乾物株式会社,兵庫県,神戸市兵庫区,南仲町４３番地の１,6520841
6140001013519,竹内マネージメント株式会社,兵庫県,神戸市兵庫区,今出在家町１丁目２番４号,6520853
6140001013543,竹中機工株式会社,兵庫県,神戸市兵庫区,西仲町１６番地,6520835
6140001013551,株式会社高本商店,兵庫県,神戸市兵庫区,水木通１丁目５番６号,6520802
6140001013576,株式会社田中商店,兵庫県,神戸市兵庫区,中道通３丁目１番１５号,6520801
6140001013584,丹羽商事株式会社,兵庫県,神戸市兵庫区,本町１丁目１番１９号,6520834
6140001013592,田村米穀株式会社,兵庫県,神戸市兵庫区,神田町３３番１２号,6520006
6140001013601,株式会社珍丼亭,兵庫県,神戸市兵庫区,荒田町１丁目１５番６号,6520032
6140001013626,株式会社津村商会,兵庫県,神戸市兵庫区,島上町２丁目２番２７号,6520833
6140001013642,株式会社テクノ電子,兵庫県,神戸市兵庫区,和田崎町１丁目１番１号,6520854
6140001013667,東京黒田食品株式会社,兵庫県,神戸市兵庫区,七宮町１丁目５番１１号,6520831
6140001013675,株式会社トスコ,兵庫県,神戸市兵庫区,七宮町１丁目１０番８号,6520831
6140001013683,株式会社トーマス,兵庫県,神戸市兵庫区,三川口町３丁目３番３号,6520815
6140001013691,東洋電気工事株式会社,兵庫県,神戸市兵庫区,駅前通５丁目１番１８号,6520898
6140001013717,株式会社トニホー,兵庫県,神戸市兵庫区,御崎町１丁目２番の１,6520855
6140001013733,トヨタカローラ兵庫株式会社,兵庫県,神戸市兵庫区,大開通９丁目１番１４号,6520803
6140001013741,株式会社トランス・パシフィック・ネットワーク,兵庫県,神戸市兵庫区,金平町１丁目１７番１５号,6520873
6140001013766,株式会社中西メンテナンス,兵庫県,神戸市兵庫区,熊野町２丁目１番３号,6520064
6140001013774,中村珈琲株式会社,兵庫県,神戸市兵庫区,中道通３丁目２番１１号,6520801
6140001013799,株式会社錦そば,兵庫県,神戸市兵庫区,福原町１２番７号,6520036
6140001013816,株式会社ニシムラ,兵庫県,神戸市兵庫区,荒田町１丁目２０番１号,6520032
6140001013824,ニツコウ工業株式会社,兵庫県,神戸市兵庫区,御崎本町２丁目４番４号,6520852
6140001013849,日通神戸運輸株式会社,兵庫県,神戸市兵庫区,高松町２番３２号,6520874
6140001013857,日満ゴムタイル株式会社,兵庫県,神戸市兵庫区,湊川町１０丁目１３番１号,6520041
6140001013873,野村ホーム株式会社,兵庫県,神戸市兵庫区,水木通６丁目１番３−１号,6520802
6140001013907,橋本建設株式会社,兵庫県,神戸市兵庫区,大開通７丁目１番２１号,6520803
6140001013923,株式会社畑光,兵庫県,神戸市兵庫区,中之島１丁目１番１号神戸市中央卸売市場,6520844
6140001013931,浜口水産株式会社,兵庫県,神戸市兵庫区,中之島１丁目１番５号,6520844
6140001013948,株式会社パレス・メンテ,兵庫県,神戸市兵庫区,荒田町１丁目１番１号,6520032
6140001013956,ぴいえいと株式会社,兵庫県,神戸市兵庫区,御崎本町１丁目１番６号,6520852
6140001013964,株式会社東畑,兵庫県,神戸市兵庫区,七宮町１丁目３番３号,6520831
6140001013989,株式会社鋲宗,兵庫県,神戸市兵庫区,三川口町２丁目３番１８号,6520815
6140001014005,株式会社ひらた,兵庫県,神戸市兵庫区,上沢通２丁目１番２号,6520046
6140001014021,株式会社フキ,兵庫県,神戸市兵庫区,西多聞通１丁目３番３１号,6520035
6140001014038,株式会社フクモト,兵庫県,神戸市兵庫区,駅南通３丁目４番３２号,6520897
6140001014046,富士教育機器株式会社,兵庫県,神戸市兵庫区,大開通２丁目１番１号,6520803
6140001014054,不二船舶工業株式会社,兵庫県,神戸市兵庫区,七宮町１丁目１番５号,6520831
6140001014070,株式会社フジデジタル,兵庫県,神戸市兵庫区,上庄通２丁目４番２７号,6520862
6140001014087,株式会社フタバインコウベ,兵庫県,神戸市兵庫区,湊山町１番１号,6520012
6140001014095,株式会社プロスパーライフ,兵庫県,神戸市兵庫区,西多聞通２丁目３番７号,6520035
6140001014104,株式会社平安商事,兵庫県,神戸市兵庫区,新開地３丁目２番１５号,6520811
6140001014112,平和ハーティ株式会社,兵庫県,神戸市兵庫区,三川口町２丁目２番２１号,6520815
6140001014120,豊永実業株式会社,兵庫県,神戸市兵庫区,大開通２丁目３番３４号,6520803
6140001014137,北海食品株式会社,兵庫県,神戸市兵庫区,入江通１丁目１番２３号,6520894
6140001014153,毎日梱包株式会社,兵庫県,神戸市兵庫区,築地町３番２８号,6520845
6140001014186,松野資材株式会社,兵庫県,神戸市兵庫区,永沢町２丁目６８号,6520816
6140001014194,株式会社松本土地,兵庫県,神戸市兵庫区,水木通５丁目１番１号,6520802
6140001014203,株式会社松屋人成堂,兵庫県,神戸市兵庫区,東山町１丁目１番２２号,6520042
6140001014244,株式会社丸南青果,兵庫県,神戸市兵庫区,中之島１丁目１番１号,6520844
6140001014252,丸文産業株式会社,兵庫県,神戸市兵庫区,上沢通１丁目１番８−８０１号,6520046
6140001014260,株式会社マルヨシ・アセット・マネジメント,兵庫県,神戸市兵庫区,荒田町４丁目８番５号,6520032
6140001014269,三浦精機株式会社,兵庫県,神戸市兵庫区,西仲町１番１０号,6520835
6140001014285,三高プラント工業株式会社,兵庫県,神戸市兵庫区,出在家町２丁目２番３１号,6520846
6140001014293,ミドリ栄養化学株式会社,兵庫県,神戸市兵庫区,上沢通３丁目１番４号,6520046
6140001014319,株式会社湊石油商会,兵庫県,神戸市兵庫区,荒田町４丁目１番２４号,6520032
6140001014327,株式会社南工務店,兵庫県,神戸市兵庫区,永沢町２丁目３番１１号,6520816
6140001014335,株式会社ミュー企画,兵庫県,神戸市兵庫区,下三条町１番１７号,6520014
6140001014343,株式会社宮代商店,兵庫県,神戸市兵庫区,南仲町１番２７号,6520841
6140001014376,株式会社メック,兵庫県,神戸市兵庫区,福原町１番１５号１０１,6520036
6140001014384,株式会社桃山商店,兵庫県,神戸市兵庫区,浜崎通１番１号,6520807
6140001014392,株式会社森部工務店,兵庫県,神戸市兵庫区,水木通８丁目１番１５号,6520802
6140001014401,矢木正醤油販売株式会社,兵庫県,神戸市兵庫区,西多聞通２丁目３番１０号,6520035
6140001014418,株式会社矢部商店,兵庫県,神戸市兵庫区,上沢通７丁目１番３号,6520046
6140001014426,株式会社ヤマカ商店,兵庫県,神戸市兵庫区,中之島１丁目１番１号,6520844
6140001014434,山善企業株式会社,兵庫県,神戸市兵庫区,羽坂通２丁目１番２３号,6520805
6140001014442,株式会社山高青果,兵庫県,神戸市兵庫区,中之島１丁目１番１号,6520844
6140001014459,株式会社ヤマロク,兵庫県,神戸市兵庫区,中之島１丁目１番１号,6520844
6140001014500,米商興産株式会社,兵庫県,神戸市兵庫区,佐比江町４１番地,6520821
6140001014509,株式会社ライトアップ,兵庫県,神戸市兵庫区,浜崎通１番１号,6520807
6140001014517,株式会社ワールドフアームス,兵庫県,神戸市兵庫区,御所通１丁目１番２９号,6520885
6140001014533,株式会社和田商店,兵庫県,神戸市兵庫区,須佐野通１丁目２番３号,6520896
6140001014541,株式会社リンケージ,兵庫県,神戸市兵庫区,塚本通５丁目５番１５号,6520804
6140001014558,株式会社ルックス阪神,兵庫県,神戸市兵庫区,兵庫町１丁目１番２１号,6520813
6140001014608,神戸市場通運株式会社,兵庫県,神戸市兵庫区,中之島１丁目１番１号,6520844
6140001014616,神戸電機制御株式会社,兵庫県,神戸市兵庫区,小松通３丁目１−２,6520865
6140001014632,樽本産業株式会社,兵庫県,神戸市兵庫区,七宮町１丁目１０番１２号,6520831
6140001014640,株式会社神戸パツキン工業所,兵庫県,神戸市兵庫区,門口町４番２４号,6520814
6140001014681,日本ジャバラ株式会社,兵庫県,神戸市兵庫区,水木通９丁目１番１６号,6520802
6140001014707,株式会社兵庫精密工業所,兵庫県,神戸市兵庫区,須佐野通２丁目１番２０号,6520896
6140001014723,株式会社ヒョウベイ,兵庫県,神戸市兵庫区,御崎本町４丁目２番７号,6520852
6140001014731,光和興産株式会社,兵庫県,神戸市兵庫区,東山町２丁目１３番１号,6520042
6140001014756,ダイナミック株式会社,兵庫県,神戸市兵庫区,七宮町１丁目１０番８号,6520831
6140001016018,興栄樹脂工業株式会社,兵庫県,神戸市兵庫区,切戸町５−２９,6520847
6140001016050,株式会社廣和技研,兵庫県,神戸市兵庫区,遠矢浜町４番１６号,6520866
6140001016083,三榮圧接株式会社,兵庫県,神戸市兵庫区,駅南通３丁目３番１１号,6520897
6140001016546,株式会社ナカジマ,兵庫県,神戸市兵庫区,和田山通１丁目２番２５号Ｄ−１０１,6520884
6140001016554,株式会社ナガサワ印刷,兵庫県,神戸市兵庫区,芦原通４丁目２番２５号,6520882
6140001016819,ポールスター工業株式会社,兵庫県,神戸市兵庫区,高松町１２−１４,6520874
6140001017164,神戸トヨペットグループホールディングス株式会社,兵庫県,神戸市兵庫区,水木通２丁目１番１号,6520802
6140001017247,株式会社アミー,兵庫県,神戸市兵庫区,浜崎通１０番１号,6520807
6140001017429,株式会社協律,兵庫県,神戸市兵庫区,中道通７丁目１−７,6520801
6140001018468,株式会社柴田,兵庫県,神戸市兵庫区,塚本通２丁目２番２０号,6520804
6140001019094,株式会社オーケーリース,兵庫県,神戸市兵庫区,平野町字天王谷筋西服２９５番地１,6520002
6140001019103,鈴木写殖株式会社,兵庫県,神戸市兵庫区,下沢通２丁目１番４号,6520047
6140001019210,初阪建工株式会社,兵庫県,神戸市兵庫区,大開通１０丁目２番地１６,6520803
6140001019549,株式会社ツザキ,兵庫県,神戸市兵庫区,上沢通８丁目４番９号,6520046
6140001019689,和幸産業株式会社,兵庫県,神戸市兵庫区,明和通３丁目１番１号,6520883
6140001019755,株式会社ワークサービス,兵庫県,神戸市兵庫区,永沢町３丁目７番１０号,6520816
6140001020341,株式会社スターホーム,兵庫県,神戸市兵庫区,駅南通２丁目２−２２プランドール兵庫駅南通１Ｆ,6520897
6140001020614,株式会社デンソーテンスタッフ,兵庫県,神戸市兵庫区,御所通１丁目２番２８号,6520885
6140001020952,株式会社エーテックジャパン,兵庫県,神戸市兵庫区,西出町１丁目１番８号,6520822
6140001021521,株式会社和田岬運送,兵庫県,神戸市兵庫区,上庄通３丁目２番１３号,6520862
6140001021661,株式会社ウィンズ・プランニング,兵庫県,神戸市兵庫区,御崎町１丁目１番１４−３０５号,6520855
6140001022016,株式会社栄和,兵庫県,神戸市兵庫区,荒田町３丁目５８番９号,6520032
6140001022123,株式会社ニッシンケアサービス,兵庫県,神戸市兵庫区,下沢通４丁目９番５号,6520047
6140001022230,ヨシトモ商事株式会社,兵庫県,神戸市兵庫区,大開通７丁目１番２０号,6520803
6140001022338,アイペック株式会社,兵庫県,神戸市兵庫区,高松町２番２８号,6520874
6140001022692,岡田商店株式会社,兵庫県,神戸市兵庫区,下祇園町４番８号,6520015
6140001023204,神創建設株式会社,兵庫県,神戸市兵庫区,荒田町２丁目１６番２９号,6520032
6140001023220,石屋株式会社,兵庫県,神戸市兵庫区,下沢通１丁目４番１１号,6520047
6140001023773,株式会社テクノ・トモエ,兵庫県,神戸市兵庫区,中道通４丁目２番２８号,6520801
6140001023889,株式会社彩浩,兵庫県,神戸市兵庫区,荒田町４丁目７番３号,6520032
6140001024656,株式会社メディカルアシスト,兵庫県,神戸市兵庫区,荒田町４丁目７番３号,6520032
6140001024755,株式会社ＳＯＬＡ,兵庫県,神戸市兵庫区,浜中町１丁目２番５−２０５号,6520875
6140001024821,株式会社カラーズ,兵庫県,神戸市兵庫区,大井通２丁目１番２４−１０１号,6520044
6140001024895,株式会社いちなり,兵庫県,神戸市兵庫区,西宮内町２番１,6520891
6140001024961,株式会社ＡＭＳ,兵庫県,神戸市兵庫区,駅南通５丁目２キャナルタウンウェスト第２号棟第１３１３号室,6520897
6140001025150,ヒロテクニカメンテ株式会社,兵庫県,神戸市兵庫区,会下山町３丁目８番１７号,6520043
6140001025290,株式会社ロボシステム,兵庫県,神戸市兵庫区,湊町１丁目２−１７,6520812
6140001025670,株式会社ＯＫエンジニアリング,兵庫県,神戸市兵庫区,平野町字天王谷筋西服６番地,6520002
6140001025860,エイチ工業株式会社,兵庫県,神戸市兵庫区,御所通１丁目１番２３号,6520885
6140001026859,株式会社ＲＢ技研,兵庫県,神戸市兵庫区,小松通３丁目３−１３,6520865
6140001026917,ＹＡＭＡＳＨＯ株式会社,兵庫県,神戸市兵庫区,西多聞通２丁目１番２０号,6520035
6140001026974,株式会社エスアンドシー,兵庫県,神戸市兵庫区,芦原通６丁目３番３号神戸鉄工センター内,6520882
6140001026999,株式会社関西ビルケア,兵庫県,神戸市兵庫区,永沢町４丁目４番７号,6520816
6140001027007,株式会社バンディ,兵庫県,神戸市兵庫区,中道通９丁目５番１８号,6520801
6140001027114,株式会社滝本コーポレーション,兵庫県,神戸市兵庫区,下沢通６丁目１番１号,6520047
6140001027205,株式会社ＵＢＳサービス,兵庫県,神戸市兵庫区,福原町２１番２３号エスペランサ兵庫１階,6520036
6140001027361,株式会社ボン,兵庫県,神戸市兵庫区,荒田町１丁目１５番６号−２Ｆ,6520032
6140001027510,株式会社西部建設技術,兵庫県,神戸市兵庫区,塚本通８丁目１番２９−６０７号,6520804
6140001027576,株式会社関西クリーナー,兵庫県,神戸市兵庫区,湊町２丁目４番１７号,6520812
6140001028070,株式会社リッツカンサイ,兵庫県,神戸市兵庫区,荒田町２丁目１０番３号,6520032
6140001028491,株式会社Ｐ＆Ｗ,兵庫県,神戸市兵庫区,荒田町２丁目１４番１０号,6520032
6140001028681,株式会社神戸製作,兵庫県,神戸市兵庫区,高松町１番５１号,6520874
6140001028756,株式会社ロッキーインテリア,兵庫県,神戸市兵庫区,熊野町２丁目６番１７−１号,6520064
6140001028839,株式会社三樂,兵庫県,神戸市兵庫区,荒田町４丁目９−８,6520032
6140001029077,株式会社石原金属商店,兵庫県,神戸市兵庫区,切戸町２番１２号,6520847
6140001029184,株式会社トクヒサ,兵庫県,神戸市兵庫区,西出町５８５番地,6520822
6140001029374,金平商会株式会社,兵庫県,神戸市兵庫区,金平町１丁目１９番１７号,6520873
6140001029424,株式会社アセンドシステム,兵庫県,神戸市兵庫区,湊川町１０丁目２２番１４号,6520041
6140001029473,株式会社テクノ美建,兵庫県,神戸市兵庫区,西上橘通１丁目２番７号,6520033
6140001029556,瀧村電装株式会社,兵庫県,神戸市兵庫区,大井通２丁目１番１６号,6520044
6140001029630,株式会社日進,兵庫県,神戸市兵庫区,駅南通２丁目１番２２号,6520897
6140001029696,株式会社サンライズインフォメーション,兵庫県,神戸市兵庫区,水木通１０丁目２番１５号,6520802
6140001029845,株式会社なごみ,兵庫県,神戸市兵庫区,羽坂通４丁目２番１６号,6520805
6140001030175,株式会社ベックジャパン,兵庫県,神戸市兵庫区,西柳原町８番１８号,6520806
6140001030200,株式会社井筒出版,兵庫県,神戸市兵庫区,荒田町１丁目７番６号,6520032
6140001030365,豊栄マリンサービス株式会社,兵庫県,神戸市兵庫区,和田宮通３丁目２番３２号,6520863
6140001030605,株式会社アン・コーポレーション,兵庫県,神戸市兵庫区,西多聞通２丁目３番７号１Ｆ,6520035
6140001030737,株式会社グレナデン,兵庫県,神戸市兵庫区,水木通１丁目４番５号,6520802
6140001030877,株式会社布引美装,兵庫県,神戸市兵庫区,夢野町３丁目４番５号,6520063
6140001031140,株式会社ＭＥＩＬＩ　ＴＥＣＨ．,兵庫県,神戸市兵庫区,駅前通２丁目１番８−１８１４号,6520898
6140001031280,ループフィナンシャルサービス株式会社,兵庫県,神戸市兵庫区,水木通１０丁目２番１５号,6520802
6140001031306,株式会社ケンキョー,兵庫県,神戸市兵庫区,下沢通７丁目２番２５号,6520047
6140001031388,アムラス賃貸株式会社,兵庫県,神戸市兵庫区,大開通５丁目２番２６号,6520803
6140001031405,株式会社アーチトレーディング,兵庫県,神戸市兵庫区,中道通１丁目３−５、５０１号,6520801
6140001031545,株式会社竹垣建築工房,兵庫県,神戸市兵庫区,小河通４丁目２−２４,6520895
6140001031586,神戸パッキン株式会社,兵庫県,神戸市兵庫区,門口町４番２４号,6520814
6140001031660,京阪神実業株式会社,兵庫県,神戸市兵庫区,塚本通５丁目２番１−５０２号,6520804
6140001031693,オーヨン株式会社,兵庫県,神戸市兵庫区,和田山通１丁目２−２５、Ａ−１０４,6520884
6140001032097,株式会社あいどる,兵庫県,神戸市兵庫区,湊川町４丁目１０番１１号,6520041
6140001032238,株式会社コンテント,兵庫県,神戸市兵庫区,三川口町３丁目３番３−４０１号,6520815
6140001032403,ティーアンドティー株式会社,兵庫県,神戸市兵庫区,築地町２番３９号,6520845
6140001032543,西村電機株式会社,兵庫県,神戸市兵庫区,夢野町３丁目６−１２,6520063
6140001032551,ＨＳＩリテール株式会社,兵庫県,神戸市兵庫区,吉田町２丁目１３番６号,6520872
6140001032601,株式会社デンソーテンサービス,兵庫県,神戸市兵庫区,御所通１丁目２番２８号,6520885
6140001032700,中華商事株式会社,兵庫県,神戸市兵庫区,湊町３丁目３−１６湊町七番館１０１,6520812
6140001033129,株式会社ＰｉｎｋＢｉｊｏｕ,兵庫県,神戸市兵庫区,東山町２丁目１２番２−２号,6520042
6140001033533,株式会社飛騰,兵庫県,神戸市兵庫区,東山町２丁目７番２号,6520042
6140001034119,株式会社タケゾエ建設,兵庫県,神戸市兵庫区,御崎町２丁目１７−２２,6520855
6140001034127,ビーエルホールディングス株式会社,兵庫県,神戸市兵庫区,出在家町２丁目２番２０号,6520846
6140001034192,エイワテック株式会社,兵庫県,神戸市兵庫区,小松通３丁目１番１０号城本ビル３Ｆ,6520865
6140001038152,株式会社パスカル,兵庫県,神戸市兵庫区,西橘通１丁目１番１号,6520034
6140001042261,株式会社ＡＳ空間,兵庫県,神戸市兵庫区,羽坂通３丁目７番１２−３０２号,6520805
6140001057103,株式会社Ｔ・Ｓエンジニアリング,兵庫県,神戸市兵庫区,水木通９丁目１番３５号,6520802
6140001057276,株式会社トモエシステム,兵庫県,神戸市兵庫区,大開通７丁目１番１７号,6520803
6140001067399,株式会社フォーステック,兵庫県,神戸市兵庫区,水木通１０丁目１番２７号,6520802
6140001067424,株式会社オニシ,兵庫県,神戸市兵庫区,御崎町２丁目９番９号,6520855
6140001086663,株式会社ＭＩＲＡＩＮＩ,兵庫県,神戸市兵庫区,福原町３番６号,6520036
6140001087100,株式会社アーネスト,兵庫県,神戸市兵庫区,西柳原町４番２１−１００１号,6520806
6140001088172,愛国電子株式会社,兵庫県,神戸市兵庫区,西多聞通２丁目２−８,6520035
6140001088503,株式会社ニューポイント,兵庫県,神戸市兵庫区,荒田町３丁目４３番９号,6520032
6140001088577,マリテック株式会社,兵庫県,神戸市兵庫区,大開通７丁目３番１号,6520803
6140001088676,Ａｆｆｉｔｔｏ．Ｈｏｕｓｅ株式会社,兵庫県,神戸市兵庫区,下沢通１丁目５番１１号,6520047
6140001089261,株式会社パワーエレメント,兵庫県,神戸市兵庫区,和田山通１丁目２番２５号Ｂ−４０６,6520884
6140001089550,株式会社Ｈ＆Ａ,兵庫県,神戸市兵庫区,東出町３丁目１５番２３号,6520823
6140001090673,サンギ株式会社,兵庫県,神戸市兵庫区,島上町２丁目１−３０,6520833
6140001091077,株式会社ｍａｎｏ屋,兵庫県,神戸市兵庫区,上沢通７丁目１番９号マノビル２０１号,6520046
6140001091309,株式会社サンシャイン,兵庫県,神戸市兵庫区,中道通８丁目１番２２−５０１号,6520801
6140001092034,ポータートランスポート株式会社,兵庫県,神戸市兵庫区,湊山町１７番２０号,6520012
6140001092307,リアナサービス株式会社,兵庫県,神戸市兵庫区,吉田町１丁目２−１０−１１,6520872
6140001092802,株式会社鮮魚あら井,兵庫県,神戸市兵庫区,東山町１丁目１１番４号,6520042
6140001092876,株式会社Ｔｏｔａｌ　Ｉｎｔｅｒｉｏｒ　Ｒｉｏ,兵庫県,神戸市兵庫区,上沢通４丁目６番１４−１０３号,6520046
6140001093882,株式会社ファシネートジャパン,兵庫県,神戸市兵庫区,五宮町４−３,6520007
6140001093908,株式会社コネクションファーストステージ,兵庫県,神戸市兵庫区,本町１丁目５−１２−１００３,6520834
6140001094187,株式会社柳原販売,兵庫県,神戸市兵庫区,西柳原町３番２７号,6520806
6140001094377,株式会社Ｆｌｏｗｎｅｓｙｓ,兵庫県,神戸市兵庫区,東山町１丁目１番２４号,6520042
6140001095763,株式会社カーマイスター,兵庫県,神戸市兵庫区,三川口町１丁目４番１８−５０２号,6520815
6140001095887,みなとや株式会社,兵庫県,神戸市兵庫区,兵庫町２丁目３番１０号,6520813
6140001095961,アムラス住宅株式会社,兵庫県,神戸市兵庫区,大開通５丁目２番２６号,6520803
6140001096200,アイオ株式会社,兵庫県,神戸市兵庫区,七宮町２丁目１番１９号,6520831
6140001096316,株式会社イリマエステート,兵庫県,神戸市兵庫区,松本通４丁目１番９号,6520045
6140001096340,株式会社佐藤紙店,兵庫県,神戸市兵庫区,東山町１丁目２番６号,6520042
6140001096514,株式会社Ｄ−ライフ,兵庫県,神戸市兵庫区,中道通３丁目３番１３号,6520801
6140001097462,株式会社ＮＥＸＴ,兵庫県,神戸市兵庫区,荒田町３丁目５番７−４０２号,6520032
6140001097512,アクトデザイン株式会社,兵庫県,神戸市兵庫区,西橘通１丁目１番５号,6520034
6140001098601,株式会社Ｐ＆Ｐ研究所,兵庫県,神戸市兵庫区,和田宮通３丁目２番３９号,6520863
6140001098766,株式会社わっくいーず,兵庫県,神戸市兵庫区,新開地３丁目３番１８号,6520811
6140001099500,株式会社リズム,兵庫県,神戸市兵庫区,塚本通７丁目１番１号,6520804
6140001099995,株式会社ＳＡＡＭＡ,兵庫県,神戸市兵庫区,荒田町１丁目５番１４号,6520032
6140001101348,旭昇株式会社,兵庫県,神戸市兵庫区,南仲町１番５南仲ＴＯビル２０６,6520841
6140001103286,洪橋国際貿易株式会社,兵庫県,神戸市兵庫区,西橘通１丁目１−１ファラン神戸ビル７Ｆ−Ｂ,6520034
6140001103501,株式会社ＫＡＮ　ＡＬＬ,兵庫県,神戸市兵庫区,駅南通１丁目２番１４号,6520897
6140001103625,株式会社コンフォート,兵庫県,神戸市兵庫区,大開通５丁目２番３３号,6520803
6140001103823,株式会社朋友,兵庫県,神戸市兵庫区,福原町１２番７号,6520036
6140001104557,株式会社ニジション,兵庫県,神戸市兵庫区,梅元町９番８号,6520003
6140001104854,天安商事株式会社,兵庫県,神戸市兵庫区,湊川町４丁目２番３号,6520041
6140001104961,株式会社井上工業,兵庫県,神戸市兵庫区,荒田町１丁目９番４−４０１号,6520032
6140001105092,株式会社ＫＴコーポレーション,兵庫県,神戸市兵庫区,水木通１丁目４番２９号,6520802
6140001105316,株式会社タイカイ,兵庫県,神戸市兵庫区,和田山通１丁目２番２５号,6520884
6140001105472,株式会社学びと成長しくみデザイン研究所,兵庫県,神戸市兵庫区,小松通３丁目３番１３号,6520865
6140001105489,桂木産業株式会社,兵庫県,神戸市兵庫区,塚本通６丁目１番３０号リンケージＩＩＩ５０１号,6520804
6140001105687,しもがもインベスト株式会社,兵庫県,神戸市兵庫区,御崎本町１丁目１番５４号,6520852
6140001106116,フリークリエイト株式会社,兵庫県,神戸市兵庫区,下沢通４丁目５番９−１号,6520047
6140001106363,優品貿易株式会社,兵庫県,神戸市兵庫区,福原町５番１号ＵＵビル１Ｆ,6520036
6140001107428,株式会社山本商事,兵庫県,神戸市兵庫区,駅南通４丁目４番１３号,6520897
6140001107816,株式会社兵庫南鑑定,兵庫県,神戸市兵庫区,南逆瀬川町２番２号,6520893
6140001108228,株式会社エボリンク,兵庫県,神戸市兵庫区,水木通１０丁目２−１５南棟２Ｆ,6520802
6140001108285,大神警備保障株式会社,兵庫県,神戸市兵庫区,出在家町２丁目４番３号,6520846
6140001108566,株式会社にわＡＣ,兵庫県,神戸市兵庫区,大開通８丁目２番２−１０４号,6520803
6140001108756,株式会社頼安設備,兵庫県,神戸市兵庫区,水木通６丁目５番１７号,6520802
6140001109358,株式会社小西工務店,兵庫県,神戸市兵庫区,菊水町１０丁目９番２５号,6520058
6140001109572,株式会社クルードデリ,兵庫県,神戸市兵庫区,荒田町１丁目１４番３号２階,6520032
6140001110150,株式会社アールワイユー,兵庫県,神戸市兵庫区,大開通２丁目２番３号,6520803
6140001110456,株式会社神功,兵庫県,神戸市兵庫区,湊川町５丁目６番２号,6520041
6140001110522,株式会社保安警備,兵庫県,神戸市兵庫区,北逆瀬川町３−２８,6520837
6140001110951,株式会社横山商店,兵庫県,神戸市兵庫区,湊川町５丁目４番３２号,6520041
6140001110984,株式会社ダリア,兵庫県,神戸市兵庫区,下沢通６丁目１番４０号,6520047
6140001111140,株式会社丸山電創,兵庫県,神戸市兵庫区,荒田町３丁目２９番９号,6520032
6140001111306,株式会社キリノハナ,兵庫県,神戸市兵庫区,中之島１丁目１−５、４階,6520844
6140001111314,株式会社Ｐｌａｎ,兵庫県,神戸市兵庫区,荒田町３丁目１番１４−１０１号,6520032
6140001111446,株式会社ＳＰ,兵庫県,神戸市兵庫区,南仲町１番１３−２０４号,6520841
6140001111487,株式会社スマイルハッピー,兵庫県,神戸市兵庫区,浜山通４丁目３−１４,6520871
6140001111594,株式会社アーバンヴィレッジ,兵庫県,神戸市兵庫区,駅南通１丁目２番２４号,6520897
6140001112650,株式会社プログレス,兵庫県,神戸市兵庫区,松本通４丁目１番５号,6520045
6140001113079,国際光輝株式会社,兵庫県,神戸市兵庫区,駅南通５丁目２番,6520897
6140001113459,株式会社リオテック,兵庫県,神戸市兵庫区,大開通２丁目３番２１号甲南アセット大開ビル別館５Ｆ,6520803
6140001114993,株式会社ミリオンワークス,兵庫県,神戸市兵庫区,下沢通７丁目１番３１号北館２Ｆ,6520047
6140001115380,株式会社いいネ,兵庫県,神戸市兵庫区,三川口町１丁目４番２２ー２０３号,6520815
6140001115645,株式会社吉田工業,兵庫県,神戸市兵庫区,里山町６５２番１３,6520051
6140001116486,株式会社Ｒａｉｚ,兵庫県,神戸市兵庫区,東山町２丁目３−１３−４Ｆ,6520042
6140001116866,正友不動産販売株式会社,兵庫県,神戸市兵庫区,下沢通１丁目５番１１号湊川パークサイド１０３号,6520047
6140001117096,ランドストーリー株式会社,兵庫県,神戸市兵庫区,大井通２丁目１番５号,6520044
6140001117567,株式会社ＦＩＳＨ　ＤＥＬＩ,兵庫県,神戸市兵庫区,船大工町３−１４,6520843
6140001117716,株式会社里山商事,兵庫県,神戸市兵庫区,里山町１番地の９２,6520051
6140001118648,株式会社Ｐｌｕｓ　Ｏｎｅ,兵庫県,神戸市兵庫区,永沢町２丁目１番２１号,6520816
6140001118697,ＫＣファイナンシャルアドバイザリー株式会社,兵庫県,神戸市兵庫区,上沢通１丁目１−２５,6520046
6140001119836,株式会社チームＯ,兵庫県,神戸市兵庫区,駅南通５丁目２番５−７０９号,6520897
6140001120463,株式会社ＹＴ,兵庫県,神戸市兵庫区,湊町３丁目２番２４号,6520812
6140001121412,株式会社楽場,兵庫県,神戸市兵庫区,鵯越町１５番１０号,6520057
6140001122542,株式会社ＴＡＮＡＶＥＬ,兵庫県,神戸市兵庫区,福原町２７番６号４階,6520036
6140001122633,株式会社ＯＧＡクリーン・コンシェル,兵庫県,神戸市兵庫区,御崎町２丁目２０番９号,6520855
6140001122906,株式会社ＳＥＥＫ　ＷＥＬＬ　ＢＥＩＮＧ,兵庫県,神戸市兵庫区,浜中町２丁目２番７号１Ｆ,6520875
6140001123342,株式会社ＫＫＭフィルターハウジング製作所,兵庫県,神戸市兵庫区,西仲町１番１１号,6520835
6140001123367,株式会社ＶＥＧＡ,兵庫県,神戸市兵庫区,大開通１丁目１−１６シンプルライフ新開地２階,6520803
6140001123689,株式会社ＴＳＳ,兵庫県,神戸市兵庫区,新開地２丁目５番１１−１２０１号,6520811
6140001125108,株式会社平野屋,兵庫県,神戸市兵庫区,上三条町１−２１,6520013
6140001125157,株式会社ＬＩＦＩＸ,兵庫県,神戸市兵庫区,菊水町１０丁目３９番地の２３夢野団地４−３０６号,6520058
6140001126782,えん株式会社,兵庫県,神戸市兵庫区,熊野町１丁目１番７号,6520064
6140001127120,株式会社あまい総研,兵庫県,神戸市兵庫区,吉田町２丁目７番２号,6520872
6140001127616,株式会社ＤＭ　ｗｏｒｌｄ　ｏｆｆｉｃｅ,兵庫県,神戸市兵庫区,中道通６丁目３番１１−２号,6520801
6140001127913,株式会社神和エスリート,兵庫県,神戸市兵庫区,上沢通６丁目４番９−５０６号,6520046
6140001128572,株式会社コメット,兵庫県,神戸市兵庫区,駅南通５丁目４番１５号,6520897
6140001128639,株式会社新栄商会,兵庫県,神戸市兵庫区,駅南通５丁目４−１７,6520897
6140001128647,中煤株式会社,兵庫県,神戸市兵庫区,上沢通７丁目２番５号,6520046
6140001129298,株式会社Ｎｏｂ,兵庫県,神戸市兵庫区,中道通１丁目２番７号,6520801
6140001129926,株式会社ＢＥＷＥＩＳ,兵庫県,神戸市兵庫区,梅元町１６−３９,6520003
6140001130339,株式会社Ｆ２Ｏ,兵庫県,神戸市兵庫区,塚本通８丁目１番１１号,6520804
6140001130826,株式会社アスボサービス,兵庫県,神戸市兵庫区,神田町２５番９号,6520006
6140001130842,株式会社長仁商事,兵庫県,神戸市兵庫区,湊町１丁目４番６−７０２号,6520812
6140001130875,株式会社Ｋ．Ｉ．Ｍ,兵庫県,神戸市兵庫区,梅元町１３番１０号,6520003
6140001131262,株式会社ＲＥＧＵＡ,兵庫県,神戸市兵庫区,湊町１丁目４番１号神戸湊アパートメント４０６,6520812
6140001131279,株式会社富岡商店,兵庫県,神戸市兵庫区,切戸町８番１号,6520847
6140001131980,株式会社ＴＲ,兵庫県,神戸市兵庫区,吉田町２丁目７番２号,6520872
6140001132228,株式会社Ｌｉｆｅ　Ｔｉｍｅ　Ｒｅｎｏｖａｔｉｏｎ,兵庫県,神戸市兵庫区,中道通１丁目３−２８サンロータスビル３Ｆ,6520801
6140001133465,株式会社ｎｉｎｅｔｏｏｌ,兵庫県,神戸市兵庫区,羽坂通２丁目１番地３３号１Ｆ,6520805
6140001133507,神戸鉄道トイ株式会社,兵庫県,神戸市兵庫区,上沢通４丁目１番１号,6520046
6140001133787,株式会社ＶＥＬＯ　ＫＯＢＥ,兵庫県,神戸市兵庫区,羽坂通３丁目１番１５号,6520805
6140001133829,株式会社Ｖｅｒｉｔａｓ,兵庫県,神戸市兵庫区,三石通３丁目２番１５−２０１号,6520861
6140001134281,株式会社ＳｔａｒＤｏｇｓ,兵庫県,神戸市兵庫区,中道通１丁目２番７号,6520801
6140001135701,株式会社Ｍ．Ｕ,兵庫県,神戸市兵庫区,西橘通１丁目１番１号,6520034
6140001135908,株式会社パルプラッツ,兵庫県,神戸市兵庫区,浜中町１丁目７番５−６０７号,6520875
6140001136550,大興株式会社,兵庫県,神戸市兵庫区,南仲町１番−５号南仲ＴＯビル２０３,6520841
6140001136609,大和翔輝株式会社,兵庫県,神戸市兵庫区,南仲町１番−５号南仲ＴＯビル２０２,6520841
6140001137953,株式会社あゆみ,兵庫県,神戸市兵庫区,水木通８丁目３番７号ー２Ｆ,6520802
6140001138126,株式会社スカイトーン,兵庫県,神戸市兵庫区,荒田町１丁目２０番１号,6520032
6140001138737,株式会社常慎,兵庫県,神戸市兵庫区,荒田町３丁目７２番１２号,6520032
6140001138927,リアン・エテルネル株式会社,兵庫県,神戸市兵庫区,西柳原町９番７−３０４号,6520806
6140001139215,株式会社そら,兵庫県,神戸市兵庫区,築地町３番７２号,6520845
6140001139553,グローバルエックス株式会社,兵庫県,神戸市兵庫区,中道通１丁目３番１６号,6520801
6140001139628,ＦＡＩＴＨ株式会社,兵庫県,神戸市兵庫区,南仲町１番５号南仲ＴＯビル３０７,6520841
6140001140148,特益株式会社,兵庫県,神戸市兵庫区,芦原通６丁目３−６−２０２号室,6520882
6140001140239,株式会社ＺＥＳＴ　ＪＡＰＡＮ建設,兵庫県,神戸市兵庫区,入江通３丁目１番１５号日新ビル３Ｆ,6520894
6140001140536,大神ホールディングス株式会社,兵庫県,神戸市兵庫区,駅前通３丁目１番５−１号,6520898
6140001140899,夏木株式会社,兵庫県,神戸市兵庫区,金平町１丁目１６−９山川ビル１０１,6520873
6140001141179,Ａｘｉａ株式会社,兵庫県,神戸市兵庫区,菊水町９丁目３番１５−２号,6520058
6140001141641,株式会社Ｒｅ‐ｍｏｎｔｅ,兵庫県,神戸市兵庫区,下沢通６丁目２−１２,6520047
6140002010903,株式会社海老壽,兵庫県,神戸市兵庫区,湊町１丁目６６−１,6520812
6140002011166,株式会社キリン屋幸クリーニング,兵庫県,神戸市兵庫区,下祇園町１番２号,6520015
6140002017650,株式会社あかつき,兵庫県,神戸市兵庫区,芦原通１丁目２−１９,6520882
6140003002503,株式会社金星工機製作所,兵庫県,神戸市兵庫区,芦原通５丁目１番１号,6520882
6140003006909,株式会社グッドヒル,兵庫県,神戸市兵庫区,東柳原町２番５号,6520892
7010401147003,ＳｏｃｉａｌＢｒｉｄｇｅ株式会社,兵庫県,神戸市兵庫区,荒田町３丁目４５番１０号,6520032
7011401020892,株式会社グローバル,兵庫県,神戸市兵庫区,水木通８丁目１−４−２０１,6520802
7011601027977,Ｋｏｎｏ　Ｋａｎａ株式会社,兵庫県,神戸市兵庫区,楠谷町２０番７号２階,6520004
7120001064059,株式会社サイトー,兵庫県,神戸市兵庫区,金平町２丁目１番３８−１号,6520873
7120001141683,株式会社ワンズエージェンシー,兵庫県,神戸市兵庫区,中道通１丁目３番１２号,6520801
7120001143829,株式会社智設計コンサル事務所,兵庫県,神戸市兵庫区,佐比江町１３番６号,6520821
7120001164767,アイティーバンク株式会社,兵庫県,神戸市兵庫区,新開地６丁目１番５号,6520811
7120001199607,株式会社インスパイアフューチャー,兵庫県,神戸市兵庫区,荒田町１丁目５番８号キドビル４０２,6520032
7120001217401,株式会社ＹＴグローバル,兵庫県,神戸市兵庫区,荒田町２丁目５番１３−２,6520032
7120901029565,株式会社ライジングサン,兵庫県,神戸市兵庫区,羽坂通１丁目１番１４号,6520805
7140001001646,株式会社ティーエムエスコミュニケーションズ,兵庫県,神戸市兵庫区,西出町１丁目１番８号,6520822
7140001004582,関西ジェットライン株式会社,兵庫県,神戸市兵庫区,築地町８番２５号,6520845
7140001004987,大英興産株式会社,兵庫県,神戸市兵庫区,須佐野通２丁目２番１３号,6520896
7140001005275,株式会社フォード神戸,兵庫県,神戸市兵庫区,東柳原町３番１０号,6520892
7140001005382,三樹エンジニアリング株式会社,兵庫県,神戸市兵庫区,水木通９丁目１番３３号,6520802
7140001005837,株式会社ラブリー・ヒューマンネット・システムズ,兵庫県,神戸市兵庫区,西橘通１丁目１番２０号,6520034
7140001006050,株式会社アルマテック,兵庫県,神戸市兵庫区,大同町１丁目２番１４号,6520062
7140001006109,株式会社イスズベーカリー,兵庫県,神戸市兵庫区,駅南通５丁目５番１号,6520897
7140001006463,株式会社モクマ,兵庫県,神戸市兵庫区,荒田町１丁目１５番９号,6520032
7140001006604,株式会社オオスミ,兵庫県,神戸市兵庫区,下沢通３丁目４番２７号,6520047
7140001007866,阪本財団株式会社,兵庫県,神戸市兵庫区,平野町字天王谷筋西服６番地,6520002
7140001007957,株式会社佐藤電気工業所,兵庫県,神戸市兵庫区,駅前通５丁目２番８号,6520898
7140001008542,株式会社ジャパンクリーンサービス,兵庫県,神戸市兵庫区,遠矢浜町４番３４号,6520866
7140001009037,株式会社大晶,兵庫県,神戸市兵庫区,船大工町２番２１号,6520843
7140001009796,株式会社中庭建築事務所,兵庫県,神戸市兵庫区,永沢町４丁目３番１５号,6520816
7140001010011,日通兵庫物流株式会社,兵庫県,神戸市兵庫区,高松町２番３２号,6520874
7140001010548,福島砥石株式会社,兵庫県,神戸市兵庫区,東出町３丁目１４番８号,6520823
7140001010580,フジ工業株式会社,兵庫県,神戸市兵庫区,永沢町２丁目１番２８号,6520816
7140001010762,株式会社ベルエージエンシー,兵庫県,神戸市兵庫区,切戸町５番２５号,6520847
7140001011455,株式会社ヤマト装工,兵庫県,神戸市兵庫区,永沢町３丁目７番１７−１０２号,6520816
7140001012040,神戸通信工業株式会社,兵庫県,神戸市兵庫区,水木通４丁目１番２５号,6520802
7140001012354,株式会社兵庫メーター,兵庫県,神戸市兵庫区,西多聞通１丁目３番４号,6520035
7140001012370,株式会社アイ・エム・シー,兵庫県,神戸市兵庫区,駅前通５丁目３番１４号,6520898
7140001012387,株式会社赤阪商店,兵庫県,神戸市兵庫区,中之島１丁目１番１号,6520844
7140001012395,株式会社アカツキ,兵庫県,神戸市兵庫区,荒田町１丁目２番９号,6520032
7140001012412,株式会社旭三興製材所,兵庫県,神戸市兵庫区,芦原通６丁目１番３５号,6520882
7140001012437,アンテナハウス株式会社,兵庫県,神戸市兵庫区,夢野町３丁目２番１９号,6520063
7140001012445,株式会社アクスト,兵庫県,神戸市兵庫区,御崎本町１丁目１番５４号,6520852
7140001012453,株式会社嵐製作所,兵庫県,神戸市兵庫区,松原通２丁目２番２号,6520881
7140001012486,株式会社伊佐商店,兵庫県,神戸市兵庫区,御崎本町１丁目１番４号,6520852
7140001012494,石原ケミカル株式会社,兵庫県,神戸市兵庫区,西柳原町５番２６号,6520806
7140001012503,株式会社いせや商店,兵庫県,神戸市兵庫区,東山町１丁目２番４号,6520042
7140001012528,株式会社イナガワ,兵庫県,神戸市兵庫区,水木通５丁目２番７号,6520802
7140001012536,株式会社今田商會,兵庫県,神戸市兵庫区,西出町１丁目１８番６号,6520822
7140001012560,株式会社上島珈琲問屋,兵庫県,神戸市兵庫区,上沢通４丁目２番５号,6520046
7140001012635,大井工業株式会社,兵庫県,神戸市兵庫区,佐比江町３１番地,6520821
7140001012643,株式会社大久保工業,兵庫県,神戸市兵庫区,高松町２番２７号,6520874
7140001012668,株式会社鳳,兵庫県,神戸市兵庫区,福原町２８番４号,6520036
7140001012676,株式会社大野鉄工所,兵庫県,神戸市兵庫区,東出町３丁目７番１２号,6520823
7140001012684,大森ビル株式会社,兵庫県,神戸市兵庫区,羽坂通２丁目１番２３号,6520805
7140001012692,株式会社奥座製作所,兵庫県,神戸市兵庫区,高松町２番２２号,6520874
7140001012718,株式会社ペガサスエンタプライズ,兵庫県,神戸市兵庫区,三川口町１丁目２番５号,6520815
7140001012759,ＫＴ　ｐｌｕｓ　Ｅｎｔｅｒｔａｉｎｍｅｎｔ株式会社,兵庫県,神戸市兵庫区,上沢通１丁目３番２−９０３号,6520046
7140001012767,株式会社勝山樹脂,兵庫県,神戸市兵庫区,芦原通２丁目１番１８号,6520882
7140001012783,株式会社金谷工務店,兵庫県,神戸市兵庫区,下沢通７丁目１番２３号,6520047
7140001012791,兼松水産株式会社,兵庫県,神戸市兵庫区,中之島１丁目１番１号,6520844
7140001012800,株式会社神定工業所,兵庫県,神戸市兵庫区,水木通３丁目４番１１号,6520802
7140001012817,川崎青果株式会社,兵庫県,神戸市兵庫区,中之島１丁目１番１号神戸中央卸売市場内,6520844
7140001012890,株式会社共進ペイパー＆パッケージ,兵庫県,神戸市兵庫区,浜崎通２番３号,6520807
7140001012899,協和商事株式会社,兵庫県,神戸市兵庫区,本町２丁目１番２３号,6520834
7140001012924,窪田印刷工業株式会社,兵庫県,神戸市兵庫区,三川口町２丁目５番８号,6520815
7140001012949,株式会社満る里,兵庫県,神戸市兵庫区,荒田町１丁目１番５号,6520032
7140001012957,株式会社ケイ・アンド・エツチ,兵庫県,神戸市兵庫区,福原町３番１９号,6520036
7140001012973,江栄株式会社,兵庫県,神戸市兵庫区,本町１丁目５番１５号,6520834
7140001012981,株式会社広告のハミルトン,兵庫県,神戸市兵庫区,荒田町４丁目８番１号,6520032
7140001013014,Ｌｕｘｅ　ｄｅｃｏ株式会社,兵庫県,神戸市兵庫区,芦原通２丁目１番８号,6520882
7140001013047,株式会社小西商店,兵庫県,神戸市兵庫区,駅南通４丁目４番１５号,6520897
7140001013055,コベック株式会社,兵庫県,神戸市兵庫区,中道通３丁目４番３号ＮＳＫビル２Ｆ,6520801
7140001013071,材井不動産株式会社,兵庫県,神戸市兵庫区,大開通５丁目１番１９号,6520803
7140001013096,Ｂ＆Ｇ株式会社,兵庫県,神戸市兵庫区,下沢通１丁目１番１７号,6520047
7140001013105,株式会社三協プロセス,兵庫県,神戸市兵庫区,塚本通４丁目１番１９号,6520804
7140001013121,佐藤水産株式会社,兵庫県,神戸市兵庫区,中之島１丁目１番１号,6520844
7140001013170,株式会社伸栄印刷,兵庫県,神戸市兵庫区,浜山通２丁目１番９号,6520871
7140001013179,新栄石油株式会社,兵庫県,神戸市兵庫区,浜中町１丁目７番５−５０７号,6520875
7140001013195,神港魚類株式会社,兵庫県,神戸市兵庫区,中之島１丁目１番１号,6520844
7140001013204,シコー段ボール株式会社,兵庫県,神戸市兵庫区,浜崎通５番２４−７０５号,6520807
7140001013212,四国工業株式会社,兵庫県,神戸市兵庫区,新開地５丁目１番８号,6520811
7140001013220,株式会社神装,兵庫県,神戸市兵庫区,塚本通３丁目１番１４号,6520804
7140001013245,神明開発株式会社,兵庫県,神戸市兵庫区,三川口町１丁目２番６号,6520815
7140001013294,株式会社寿華夢,兵庫県,神戸市兵庫区,三川口町３丁目２番３６号,6520815
7140001013344,スリーエム物流株式会社,兵庫県,神戸市兵庫区,築地町３番１０号青果センタービル２階,6520845
7140001013352,盛起建設株式会社,兵庫県,神戸市兵庫区,永沢町４丁目５番７号,6520816
7140001013369,株式会社聖和建物,兵庫県,神戸市兵庫区,中道通１丁目３番２９−２０１号,6520801
7140001013385,株式会社センター商会,兵庫県,神戸市兵庫区,上三条町９番２２号,6520013
7140001013402,株式会社総合食品木下,兵庫県,神戸市兵庫区,塚本通４丁目２番６号,6520804
7140001013410,十河建設株式会社,兵庫県,神戸市兵庫区,西柳原町３番５号,6520806
7140001013435,大開電気株式会社,兵庫県,神戸市兵庫区,塚本通２丁目２番２８号,6520804
7140001013443,株式会社大喜青果,兵庫県,神戸市兵庫区,中之島１丁目１番１号（神戸市中央卸売市場内）,6520844
7140001013451,株式会社大創,兵庫県,神戸市兵庫区,三川口町２丁目４番８号,6520815
7140001013476,株式会社太東レジャーシステム,兵庫県,神戸市兵庫区,新開地１丁目４番１６号ミナエンタウンＢＦ,6520811
7140001013492,株式会社大八商店,兵庫県,神戸市兵庫区,新開地２丁目１番３号,6520811
7140001013501,大洋商事株式会社,兵庫県,神戸市兵庫区,大開通６丁目２番１０号,6520803
7140001013534,株式会社竹田興産,兵庫県,神戸市兵庫区,出在家町２丁目６番１９号,6520846
7140001013550,株式会社高本青果,兵庫県,神戸市兵庫区,中之島１丁目１番１号,6520844
7140001013559,宝船舶工業株式会社,兵庫県,神戸市兵庫区,笠松通６丁目３番１８号,6520864
7140001013575,田中自動車株式会社,兵庫県,神戸市兵庫区,湊町２丁目３番３１号,6520812
7140001013583,株式会社谷山商店,兵庫県,神戸市兵庫区,鵯越町１１−１２,6520057
7140001013591,株式会社田又果物店,兵庫県,神戸市兵庫区,東山町２丁目２番１４号,6520042
7140001013600,株式会社近本紙工所,兵庫県,神戸市兵庫区,駅南通３丁目４番７号,6520897
7140001013609,株式会社中央軒,兵庫県,神戸市兵庫区,荒田町２丁目パークタウン６９号,6520032
7140001013666,株式会社東月,兵庫県,神戸市兵庫区,中之島１丁目１番１号,6520844
7140001013708,株式会社トクナガエンジニアリング,兵庫県,神戸市兵庫区,七宮町２丁目２番２３号,6520831
7140001013724,共田工業株式会社,兵庫県,神戸市兵庫区,上沢通７丁目６番１９号,6520046
7140001013732,豊崎水産株式会社,兵庫県,神戸市兵庫区,中之島１丁目１番１号,6520844
7140001013740,鳥井陸倉作業株式会社,兵庫県,神戸市兵庫区,神田町６番２号,6520006
7140001013749,中尾塗装工業株式会社,兵庫県,神戸市兵庫区,湊町３丁目１番２６号,6520812
7140001013757,株式会社中出商会,兵庫県,神戸市兵庫区,上沢通６丁目１番１号,6520046
7140001013765,中西電気工業株式会社,兵庫県,神戸市兵庫区,松本通７丁目１番３５号,6520045
7140001013781,株式会社南州,兵庫県,神戸市兵庫区,西多聞通２丁目４番５号,6520035
7140001013798,株式会社西建設,兵庫県,神戸市兵庫区,荒田町３丁目４５番１号,6520032
7140001013807,株式会社西多聞,兵庫県,神戸市兵庫区,新開地４丁目１番１１号,6520811
7140001013815,西原産業株式会社,兵庫県,神戸市兵庫区,明和通２丁目２番６号,6520883
7140001013823,株式会社日光コーポレーション,兵庫県,神戸市兵庫区,本町２丁目１番２１号,6520834
7140001013831,日精電機株式会社,兵庫県,神戸市兵庫区,湊町１丁目２０番地,6520812
7140001013864,株式会社沼田商店,兵庫県,神戸市兵庫区,荒田町１丁目１０番６号,6520032
7140001013880,株式会社ハウズデザイン,兵庫県,神戸市兵庫区,小松通５丁目２番９号,6520865
7140001013889,株式会社阪神エンジニアリング,兵庫県,神戸市兵庫区,中道通４丁目２番２５号,6520801
7140001013906,株式会社檜,兵庫県,神戸市兵庫区,湊町２丁目４番５号,6520812
7140001013914,バンドー興産株式会社,兵庫県,神戸市兵庫区,明和通３丁目３番１７号,6520883
7140001013922,バンドートレーデイング株式会社,兵庫県,神戸市兵庫区,明和通３丁目３番１７号,6520883
7140001013930,株式会社ハブタ商店,兵庫県,神戸市兵庫区,小河通４丁目２番５−Ａ２０５号,6520895
7140001013947,株式会社春島組,兵庫県,神戸市兵庫区,東山町１丁目１１番１号,6520042
7140001013963,備工房株式会社,兵庫県,神戸市兵庫区,梅元町６番１０号,6520003
7140001013988,株式会社ヒユーズ,兵庫県,神戸市兵庫区,荒田町３丁目８番２号,6520032
7140001013996,株式会社ひよどり商店,兵庫県,神戸市兵庫区,里山町６４６番地の１０,6520051
7140001014004,株式会社ヒラタ,兵庫県,神戸市兵庫区,中道通３丁目４番２２号,6520801
7140001014012,株式会社平野ランドリー,兵庫県,神戸市兵庫区,下祇園町３１番８号,6520015
7140001014029,富国合成塗料株式会社,兵庫県,神戸市兵庫区,永沢町３丁目７番１９号,6520816
7140001014037,株式会社冨金原カイロプラクティック学院,兵庫県,神戸市兵庫区,松原通４丁目１番７号,6520881
7140001014045,冨士興産株式会社,兵庫県,神戸市兵庫区,熊野町２丁目２番９号,6520064
7140001014053,藤定運輸株式会社,兵庫県,神戸市兵庫区,遠矢浜町５番８号,6520866
7140001014061,株式会社デンソーテン,兵庫県,神戸市兵庫区,御所通１丁目２番２８号,6520885
7140001014078,株式会社藤光商会,兵庫県,神戸市兵庫区,湊町３丁目２−２,6520812
7140001014086,ブックローン販売株式会社,兵庫県,神戸市兵庫区,出在家町２丁目２番２０号,6520846
7140001014103,株式会社古山商店,兵庫県,神戸市兵庫区,中之島１丁目１番１号,6520844
7140001014177,松田工業株式会社,兵庫県,神戸市兵庫区,東出町２丁目１４番１号,6520823
7140001014185,株式会社松軒工務店,兵庫県,神戸市兵庫区,駅南通３丁目１番７号,6520897
7140001014193,松本技研株式会社,兵庫県,神戸市兵庫区,明和通２丁目２番１０号,6520883
7140001014210,株式会社真野商店,兵庫県,神戸市兵庫区,鍛冶屋町２丁目２番１４号,6520832
7140001014227,株式会社まるき商店,兵庫県,神戸市兵庫区,東山町１丁目１番４号,6520042
7140001014243,株式会社マルナカ工作所,兵庫県,神戸市兵庫区,西出町１丁目２番８号,6520822
7140001014284,三兼エンジニアリング株式会社,兵庫県,神戸市兵庫区,浜崎通３番２１号,6520807
7140001014292,株式会社ミツワ,兵庫県,神戸市兵庫区,七宮町１丁目２番２０号,6520831
7140001014301,株式会社峰工務店,兵庫県,神戸市兵庫区,石井町２丁目３番１８号,6520061
7140001014318,港倉庫株式会社,兵庫県,神戸市兵庫区,築地町２番３９号,6520845
7140001014326,南興業株式会社,兵庫県,神戸市兵庫区,荒田町１丁目１３番８号,6520032
7140001014334,宮家興産株式会社,兵庫県,神戸市兵庫区,今出在家町１丁目８番６号,6520853
7140001014342,株式会社宮下工務店,兵庫県,神戸市兵庫区,水木通４丁目２番２７号,6520802
7140001014359,明機工業株式会社,兵庫県,神戸市兵庫区,東山町２丁目１番３号第２証行ビル,6520042
7140001014375,株式会社サンメディア,兵庫県,神戸市兵庫区,上庄通３丁目１−１,6520862
7140001014400,矢加部塗料株式会社,兵庫県,神戸市兵庫区,永沢町３丁目５番３号,6520816
7140001014417,株式会社ヤブ建設工業,兵庫県,神戸市兵庫区,中道通９丁目６番２号,6520801
7140001014425,山岸水産株式会社,兵庫県,神戸市兵庫区,中之島１丁目１番１号,6520844
7140001014433,株式会社ヤマシン工務店,兵庫県,神戸市兵庫区,平野町１３２番地,6520002
7140001014458,株式会社山芳山内商店,兵庫県,神戸市兵庫区,中之島１丁目１番１号,6520844
7140001014466,株式会社相楽,兵庫県,神戸市兵庫区,中道通１丁目４番１号,6520801
7140001014482,株式会社横田商店,兵庫県,神戸市兵庫区,大開通２丁目２番１号,6520803
7140001014524,和幸船舶株式会社,兵庫県,神戸市兵庫区,今出在家町１丁目５番３号,6520853
7140001014532,株式会社ランジエリー花,兵庫県,神戸市兵庫区,水木通６丁目２番７号,6520802
7140001014540,株式会社リード,兵庫県,神戸市兵庫区,駅南通４丁目４番地２,6520897
7140001014565,株式会社神戸オートセンター,兵庫県,神戸市兵庫区,西柳原町４番７号,6520806
7140001014581,神戸勧業株式会社,兵庫県,神戸市兵庫区,下沢通４丁目１番３号,6520047
7140001014598,株式会社神戸祭典,兵庫県,神戸市兵庫区,駅南通３丁目１番２号,6520897
7140001014615,株式会社神戸商会,兵庫県,神戸市兵庫区,下沢通６丁目１番２１号,6520047
7140001014623,神戸立山サツシ販売株式会社,兵庫県,神戸市兵庫区,中道通３丁目２番７号,6520801
7140001014631,株式会社神戸ドローイングサービス,兵庫県,神戸市兵庫区,中道通７丁目１番１３号,6520801
7140001014648,株式会社神戸木材会館,兵庫県,神戸市兵庫区,大開通２丁目３番１８号,6520803
7140001014656,神戸丸神株式会社,兵庫県,神戸市兵庫区,東山町４丁目７番地の１,6520042
7140001014697,株式会社兵庫ガスセンター,兵庫県,神戸市兵庫区,湊川町４丁目２番６号,6520041
7140001014706,兵庫精米株式会社,兵庫県,神戸市兵庫区,島上町２丁目２番６号,6520833
7140001014714,兵庫酒類販売株式会社,兵庫県,神戸市兵庫区,荒田町３丁目７４番２３号,6520032
7140001014722,兵庫農産株式会社,兵庫県,神戸市兵庫区,上三条町９番２２号,6520013
7140001014730,兵庫プラント株式会社,兵庫県,神戸市兵庫区,浜崎通４番１３−４０１号,6520807
7140001016842,前信計器株式会社,兵庫県,神戸市兵庫区,兵庫町１丁目４番３０号,6520813
7140001017097,三菱電機インフラテクニカ株式会社,兵庫県,神戸市兵庫区,浜山通６丁目１番１号,6520871
7140001017221,兵庫ロツクセルフペイント株式会社,兵庫県,神戸市兵庫区,北逆瀬川町３番１２号,6520837
7140001018228,エイワ建設株式会社,兵庫県,神戸市兵庫区,御崎町１丁目６番３３号,6520855
7140001018392,齊藤興業株式会社,兵庫県,神戸市兵庫区,七宮町２丁目１番１９号齊藤ビル５階,6520831
7140001019102,株式会社神農薬品,兵庫県,神戸市兵庫区,大開通６丁目３番１２号,6520803
7140001019110,神戸東山ビル株式会社,兵庫県,神戸市兵庫区,東山町４丁目８番地の１,6520042
7140001019515,株式会社河野ホールディングス,兵庫県,神戸市兵庫区,東山町１丁目１１番２号,6520042
7140001019614,株式会社ケー・ワイ・ティー,兵庫県,神戸市兵庫区,御崎本町２丁目１０番５号,6520852
7140001019977,株式会社美作,兵庫県,神戸市兵庫区,清水町１番１４号,6520065
7140001020191,株式会社イナガワ運輸事業部,兵庫県,神戸市兵庫区,築地町６番３２号,6520845
7140001020266,近畿ネスコ株式会社,兵庫県,神戸市兵庫区,大開通５丁目１番１５号,6520803
7140001020282,株式会社ウエスト・システム,兵庫県,神戸市兵庫区,水木通１丁目１番６号,6520802
7140001020605,株式会社Ｋ・Ｕ,兵庫県,神戸市兵庫区,湊町１丁目４番１号キャッスルマンション４０６号,6520812
7140001021009,株式会社アイシス,兵庫県,神戸市兵庫区,出在家町１丁目２番５号丸西中之島ビル４０６,6520846
7140001021207,株式会社谷忠,兵庫県,神戸市兵庫区,本町１丁目３番２４号,6520834
7140001021231,みのり株式会社,兵庫県,神戸市兵庫区,楠谷町２１番３号,6520004
7140001022072,株式会社サージカル・パソロジー,兵庫県,神戸市兵庫区,荒田町１丁目２２番１−１３１１号,6520032
7140001022147,株式会社東洋ホームサービス,兵庫県,神戸市兵庫区,荒田町１丁目１４番８−１０１号,6520032
7140001022543,メディアリンクス株式会社,兵庫県,神戸市兵庫区,夢野町２丁目７番地,6520063
7140001023392,アサヒ物産株式会社,兵庫県,神戸市兵庫区,下沢通２丁目３番８号,6520047
7140001023541,株式会社プリシラ,兵庫県,神戸市兵庫区,西仲町１−１８,6520835
7140001023863,株式会社三石テック,兵庫県,神戸市兵庫区,三石通３丁目１番１１号河田ビル１０２号,6520861
7140001024234,株式会社ケィ・スリー,兵庫県,神戸市兵庫区,塚本通７丁目２番１９−４０４号,6520804
7140001024647,株式会社エグシス,兵庫県,神戸市兵庫区,中之島１丁目１番４号,6520844
7140001024804,神戸アート株式会社,兵庫県,神戸市兵庫区,水木通６丁目１番５号,6520802
7140001024853,株式会社神戸ゼネラル,兵庫県,神戸市兵庫区,塚本通４丁目１番４号,6520804
7140001024936,株式会社ウエシマ,兵庫県,神戸市兵庫区,下沢通８丁目３番１７号,6520047
7140001025546,株式会社エヌ・シー・エス,兵庫県,神戸市兵庫区,下沢通４丁目９番５号,6520047
7140001025587,株式会社不動産総合センター,兵庫県,神戸市兵庫区,水木通１丁目４番３０号,6520802
7140001026008,株式会社インターテック,兵庫県,神戸市兵庫区,福原町２番１３号,6520036
7140001026412,株式会社岩田工務店,兵庫県,神戸市兵庫区,新開地６丁目２番３号,6520811
7140001026420,株式会社大成バインダリー,兵庫県,神戸市兵庫区,和田山通１丁目２番２５号神戸市ものづくり復興工場Ｄ棟５１６,6520884
7140001026511,ＫＯＢＥ　ＨＯＭＥ’Ｓ株式会社,兵庫県,神戸市兵庫区,中道通６丁目３番７号１Ｆ,6520801
7140001026619,株式会社稲継断熱工業,兵庫県,神戸市兵庫区,浜山通２丁目２番１４号ハイツ山崎３０１号,6520871
7140001026651,株式会社オフィスＳＡＺＡ,兵庫県,神戸市兵庫区,水木通１丁目１番２号,6520802
7140001026734,太田工業株式会社,兵庫県,神戸市兵庫区,七宮町１丁目８番１８号,6520831
7140001026759,株式会社Ｆｉｅｌｄ　Ｏｕｔ,兵庫県,神戸市兵庫区,上祇園町９番１３号,6520008
7140001027014,株式会社アイビック,兵庫県,神戸市兵庫区,上庄通２丁目１番５号,6520862
7140001027179,株式会社神戸エレクトロニクス,兵庫県,神戸市兵庫区,笠松通７丁目２番７号,6520864
7140001027237,株式会社ロックアップサービス,兵庫県,神戸市兵庫区,上沢通７丁目６番１５号,6520046
7140001027360,株式会社センターテック,兵庫県,神戸市兵庫区,芦原通２丁目２番１２号,6520882
7140001027518,三木総合印刷株式会社,兵庫県,神戸市兵庫区,浜山通２丁目１番９号,6520871
7140001027575,岡本テクノ株式会社,兵庫県,神戸市兵庫区,駅南通５丁目４番２５号,6520897
7140001027609,Ｉ＆ＤＳ株式会社,兵庫県,神戸市兵庫区,湊町４丁目１番５−１号,6520812
7140001027633,株式会社神戸萬寿殿,兵庫県,神戸市兵庫区,下沢通１丁目４番１１号,6520047
7140001027732,株式会社三輝建設,兵庫県,神戸市兵庫区,湊町３丁目１番５号サンコーポ・マンション,6520812
7140001027922,株式会社ＸｉＮ・ＸｉＮ,兵庫県,神戸市兵庫区,福原町２１番２３号エスペランサ兵庫１階,6520036
7140001028144,株式会社アスワンホームクリエイター,兵庫県,神戸市兵庫区,熊野町５丁目１６番１６号,6520064
7140001028169,株式会社クニイデンキ,兵庫県,神戸市兵庫区,大開通７丁目４番８号,6520803
7140001028466,株式会社トモコー,兵庫県,神戸市兵庫区,松原通４丁目４番２１号,6520881
7140001028912,株式会社ＭＹＵ,兵庫県,神戸市兵庫区,西多聞通１丁目１−１３シティライフ西多聞１階,6520035
7140001029126,ＳＴＡＧＥ株式会社,兵庫県,神戸市兵庫区,新開地５丁目２−７エストーネハーバーランド１２０４号,6520811
7140001029480,株式会社セス技研センター,兵庫県,神戸市兵庫区,笠松通７丁目３番４号,6520864
7140001029605,株式会社ヴァルスワールド,兵庫県,神戸市兵庫区,福原町８番１６号、カリンハイツ１０１,6520036
7140001029919,株式会社塚一商店,兵庫県,神戸市兵庫区,吉田町２丁目４−７,6520872
7140001029951,株式会社カワイビジネス,兵庫県,神戸市兵庫区,下沢通７丁目２番１８号,6520047
7140001030034,株式会社花保,兵庫県,神戸市兵庫区,神田町２８番１６号,6520006
7140001030265,株式会社エフ・ケー・エー,兵庫県,神戸市兵庫区,湊町１丁目５−３,6520812
7140001030273,株式会社甲葉建装,兵庫県,神戸市兵庫区,湊川町２丁目１０−９,6520041
7140001030447,株式会社エイド,兵庫県,神戸市兵庫区,福原町３１番２−４０８号,6520036
7140001030802,株式会社エス・エー・シー,兵庫県,神戸市兵庫区,下沢通８丁目４番１１号,6520047
7140001031016,株式会社ヒューマンコネクション,兵庫県,神戸市兵庫区,中道通２丁目２番１８−５０３号,6520801
7140001031263,株式会社耕次郎運輸,兵庫県,神戸市兵庫区,下祇園町３番７号,6520015
7140001031429,株式会社北浦栄蔵商店,兵庫県,神戸市兵庫区,西出町１丁目２番７号,6520822
7140001031858,株式会社リプラン,兵庫県,神戸市兵庫区,上沢通１丁目１番１号,6520046
7140001031866,株式会社エス・アンド・エス,兵庫県,神戸市兵庫区,浜山通３丁目２番１−３０１号,6520871
7140001032261,神栄プラント工業株式会社,兵庫県,神戸市兵庫区,新開地６丁目１番１２−７０６号,6520811
7140001032352,株式会社ＳＴＣ,兵庫県,神戸市兵庫区,下沢通１丁目１番２０号,6520047
7140001032385,株式会社セブンアーツ,兵庫県,神戸市兵庫区,下沢通８丁目４番２８号,6520047
7140001032492,株式会社Ｋ,兵庫県,神戸市兵庫区,西出町１丁目４番６号,6520822
7140001032617,株式会社Ａｑｕａ　Ｓｔｙｌｅ,兵庫県,神戸市兵庫区,松本通６丁目１−２−３０１,6520045
7140001032856,株式会社政栄,兵庫県,神戸市兵庫区,湊川町２丁目４−５ピースコートＩＩ１０２,6520041
7140001032930,株式会社ハーバーホーム,兵庫県,神戸市兵庫区,大開通１丁目１番５号,6520803
7140001033045,株式会社キョウエイ,兵庫県,神戸市兵庫区,西柳原町４番１号,6520806
7140001033391,Ｍ株式会社,兵庫県,神戸市兵庫区,湊町３丁目１番２０号,6520812
7140001033409,株式会社エイコ・コーポレーション,兵庫県,神戸市兵庫区,大開通１０丁目３番９−１０２号,6520803
7140001033549,株式会社オモテウラ企画室,兵庫県,神戸市兵庫区,磯之町１番１１号,6520842
7140001033573,株式会社オカモト製作所,兵庫県,神戸市兵庫区,高松町一丁目５０,6520874
7140001034027,株式会社ビジネスサポート兵庫,兵庫県,神戸市兵庫区,今出在家町３丁目１番７号,6520853
7140001035017,株式会社清新,兵庫県,神戸市兵庫区,和田宮通３丁目２番３４号,6520863
7140001037310,株式会社アクティブ,兵庫県,神戸市兵庫区,門口町４−２３,6520814
7140001037830,株式会社リレーション,兵庫県,神戸市兵庫区,七宮町１丁目１０番８号,6520831
7140001038218,新日錦エナジー株式会社,兵庫県,神戸市兵庫区,新開地１丁目３番１８−１１０２号,6520811
7140001038242,株式会社エコハウス工房,兵庫県,神戸市兵庫区,水木通１丁目１番２号２階Ｂ,6520802
7140001057176,株式会社石井工務店,兵庫県,神戸市兵庫区,下沢通１丁目５番１１号,6520047
7140001067530,泰信コーポレーション株式会社,兵庫県,神戸市兵庫区,西橘通１丁目４番４号,6520034
7140001067712,株式会社入本組,兵庫県,神戸市兵庫区,切戸町六丁目３番１号,6520847
7140001067860,赤浦株式会社,兵庫県,神戸市兵庫区,西柳原町４番２２号シャルム兵庫１Ｆ,6520806
7140001077711,株式会社ななかまど,兵庫県,神戸市兵庫区,中之島１丁目１番２号,6520844
7140001077901,ジャパンナチュラルフーズ株式会社,兵庫県,神戸市兵庫区,兵庫町１丁目１番３号,6520813
7140001086464,一正株式会社,兵庫県,神戸市兵庫区,水木通１丁目５番２−１４０４号,6520802
7140001086662,株式会社ＰＬＡＮＴＺ　ＧＡＲＭＥＮＴ　ＷＯＲＫＳ,兵庫県,神戸市兵庫区,大井通３丁目１番１６号,6520044
7140001087140,株式会社リアン,兵庫県,神戸市兵庫区,大開通３丁目１番３６号ＫＣビル４階,6520803
7140001087330,クィンタラディソンジャパン株式会社,兵庫県,神戸市兵庫区,兵庫町１丁目１番２７号,6520813
7140001087421,株式会社ベルテックス,兵庫県,神戸市兵庫区,上沢通４丁目１番４号,6520046
7140001087925,株式会社ＴＨＣ,兵庫県,神戸市兵庫区,御崎本町３丁目３番２９−９０９号,6520852
7140001088246,株式会社まんてんアセットマネージメント,兵庫県,神戸市兵庫区,荒田町３丁目８２番２号,6520032
7140001088329,株式会社Ｆ・Ｌｉｎｅ,兵庫県,神戸市兵庫区,駅南通５丁目１番２−２７０２号,6520897
7140001088642,株式会社美韓,兵庫県,神戸市兵庫区,中道通４丁目１番１６号,6520801
7140001088840,株式会社愛真セレモニー,兵庫県,神戸市兵庫区,西上橘通１丁目１番３号,6520033
7140001088980,株式会社フォワード,兵庫県,神戸市兵庫区,下沢通６丁目１−３山陽商事ビル３Ｆ,6520047
7140001089343,万景不動産株式会社,兵庫県,神戸市兵庫区,出在家町２丁目５番７号,6520846
7140001089450,株式会社ＣＪＣ,兵庫県,神戸市兵庫区,塚本通５丁目５番２２神戸フラッツオアシス５０３,6520804
7140001089616,株式会社ウィナーズ,兵庫県,神戸市兵庫区,福原町２３番２号,6520036
7140001089938,株式会社潤,兵庫県,神戸市兵庫区,兵庫町１丁目２番２１号,6520813
7140001089979,株式会社岩本商事,兵庫県,神戸市兵庫区,兵庫町２丁目１番２１号,6520813
7140001089987,シグマ企画株式会社,兵庫県,神戸市兵庫区,菊水町５丁目６番１２号,6520058
7140001090268,株式会社ニュー協和,兵庫県,神戸市兵庫区,七宮町２丁目３番１１号,6520831
7140001090433,株式会社クローバーフィールド,兵庫県,神戸市兵庫区,楠谷町２３番４号,6520004
7140001091472,株式会社インノバドル,兵庫県,神戸市兵庫区,東出町３丁目２０番１号,6520823
7140001091836,株式会社ツバキ,兵庫県,神戸市兵庫区,浜中町２丁目５番２８−２号,6520875
7140001092487,株式会社万達商事,兵庫県,神戸市兵庫区,西仲町１番６号,6520835
7140001092561,株式会社パールコンタクト,兵庫県,神戸市兵庫区,駅南通１丁目２番３４号,6520897
7140001092636,株式会社アガタ企画,兵庫県,神戸市兵庫区,西上橘通２丁目８番２１−４０１号,6520033
7140001093048,株式会社ＨＯＳ,兵庫県,神戸市兵庫区,切戸町１番１６号,6520847
7140001093452,株式会社コウケン,兵庫県,神戸市兵庫区,東出町２丁目２番２３号,6520823
7140001093733,株式会社番長グループ,兵庫県,神戸市兵庫区,築地町２番１２号,6520845
7140001093782,株式会社ディーグラント,兵庫県,神戸市兵庫区,上沢通４丁目７番１５号,6520046
7140001094450,ＢＩＧ　ＵＮＤＥＲ株式会社,兵庫県,神戸市兵庫区,下沢通２丁目２番２９号,6520047
7140001094574,株式会社杏花,兵庫県,神戸市兵庫区,本町１丁目１番１８号,6520834
7140001094590,株式会社はな,兵庫県,神戸市兵庫区,西出町１丁目１６番８号,6520822
7140001094756,株式会社エボマール,兵庫県,神戸市兵庫区,和田山通１丁目２−２５Ｄ棟２１６,6520884
7140001095440,株式会社グレイスファーマシー,兵庫県,神戸市兵庫区,下祇園町３６番１１号,6520015
7140001095861,株式会社ダイナパワー舎,兵庫県,神戸市兵庫区,大同町３丁目４番２号,6520062
7140001096091,株式会社吉田勝恵商店,兵庫県,神戸市兵庫区,下沢通１丁目１番１７−２１５号,6520047
7140001096240,株式会社億達商事,兵庫県,神戸市兵庫区,湊町３丁目２番２２号,6520812
7140001096422,株式会社ＴＥＳＯＲＡ,兵庫県,神戸市兵庫区,駅南通２丁目２番１号,6520897
7140001096661,株式会社田中組,兵庫県,神戸市兵庫区,塚本通６丁目１番９号,6520804
7140001097098,株式会社ＬＥＧＯＳ,兵庫県,神戸市兵庫区,大開通５丁目１番３０−１０１号,6520803
7140001097453,株式会社穂の夢,兵庫県,神戸市兵庫区,水木通１丁目４番７号,6520802
7140001098609,株式会社３９,兵庫県,神戸市兵庫区,永沢町４丁目５番４号,6520816
7140001099144,株式会社ＦＩＮＥＳＴ　ＪＰ,兵庫県,神戸市兵庫区,北逆瀬川町３番１１号４階,6520837
7140001099887,フードアライアンス株式会社,兵庫県,神戸市兵庫区,荒田町２丁目１６番２２−５０１号,6520032
7140001100407,七海水産株式会社,兵庫県,神戸市兵庫区,東山町１丁目３番３９号,6520042
7140001100646,株式会社ＬＡ　ＣＵＭＢＲＥ,兵庫県,神戸市兵庫区,吉田町１丁目１５番８−２０３号,6520872
7140001102485,株式会社ソリッドワイ,兵庫県,神戸市兵庫区,上沢通７丁目２番５号上沢ハウス２０１号,6520046
7140001102849,田中商事株式会社,兵庫県,神戸市兵庫区,東出町３丁目２２−１１,6520823
7140001103013,株式会社リノベートビルサービス,兵庫県,神戸市兵庫区,永沢町３丁目１番６号,6520816
7140001103054,株式会社一角,兵庫県,神戸市兵庫区,入江通２丁目１−１９−１Ｆ,6520894
7140001103541,成和電気工事株式会社,兵庫県,神戸市兵庫区,和田山通１丁目２番２５号神戸市ものづくり工場Ｂ棟５０７号室,6520884
7140001103649,株式会社りょくしんカンパニー,兵庫県,神戸市兵庫区,築地町６番２５号,6520845
7140001103707,株式会社磯野工業,兵庫県,神戸市兵庫区,菊水町１丁目２番１４−２号,6520058
7140001104234,アサハラ商事株式会社,兵庫県,神戸市兵庫区,西仲町２番２９−９０１号,6520835
7140001104399,株式会社ＧＲＡＮＴｄｒｅａｍ,兵庫県,神戸市兵庫区,浜中町１丁目１９番７号,6520875
7140001104878,株式会社ｂｅｑｕｅａｔｈ,兵庫県,神戸市兵庫区,鵯越町３番２号,6520057
7140001105232,株式会社慎成工業,兵庫県,神戸市兵庫区,大開通６丁目２番２号,6520803
7140001105380,株式会社栗山組,兵庫県,神戸市兵庫区,熊野町３丁目１４−１１,6520064
7140001107204,株式会社濱之上電機工業所,兵庫県,神戸市兵庫区,吉田町３丁目３番１２号,6520872
7140001108103,株式会社Ｓ２,兵庫県,神戸市兵庫区,西出町１丁目４番６号,6520822
7140001109217,株式会社極楽堂,兵庫県,神戸市兵庫区,西上橘通１丁目４番１７号,6520033
7140001109282,株式会社スタジオ１００,兵庫県,神戸市兵庫区,駅南通５丁目４−１０,6520897
7140001110728,不朽精巧株式会社,兵庫県,神戸市兵庫区,和田山通１丁目２番２５号Ｂ棟５０５号,6520884
7140001110843,グリップルジャパン株式会社,兵庫県,神戸市兵庫区,築地町２番５７号,6520845
7140001110983,建都不動産株式会社,兵庫県,神戸市兵庫区,切戸町５番２３号,6520847
7140001111040,株式会社春夏秋冬,兵庫県,神戸市兵庫区,松原通１丁目２番５号,6520881
7140001111461,株式会社こだわりや本舗,兵庫県,神戸市兵庫区,福原町１０番１３号,6520036
7140001112534,株式会社ＳＨＯＲＥ,兵庫県,神戸市兵庫区,西仲町１番１８号,6520835
7140001112641,共進流通サービス株式会社,兵庫県,神戸市兵庫区,浜崎通２番３号,6520807
7140001112963,神戸国際サービス株式会社,兵庫県,神戸市兵庫区,駅前通２丁目１−２９ローレルハイツ神戸２−１３４奥側,6520898
7140001113037,ＯＤホールディングス株式会社,兵庫県,神戸市兵庫区,島上町２丁目２−２２,6520833
7140001113061,株式会社神戸エコール,兵庫県,神戸市兵庫区,大開通２丁目３−１８,6520803
7140001113185,鉄匠株式会社,兵庫県,神戸市兵庫区,西柳原町２番１２号,6520806
7140001113235,株式会社玉建,兵庫県,神戸市兵庫区,新開地５丁目１−２０−２プラネックスＫＯＢＥ１０１号室,6520811
7140001113276,株式会社アムルーズ,兵庫県,神戸市兵庫区,兵庫町１丁目１−８,6520813
7140001113838,６６６８ｍｙｂａｒｋｉｎ株式会社,兵庫県,神戸市兵庫区,上沢通４丁目６番８号ＭＧＩＴビル４Ｆ,6520046
7140001114118,株式会社ＩＣＳＩ,兵庫県,神戸市兵庫区,里山町６３９ノ４,6520051
7140001115768,Ｈ＆Ｃ株式会社,兵庫県,神戸市兵庫区,神田町１２番１２号４Ａ,6520006
7140001116196,ＥＮＯＳＨ株式会社,兵庫県,神戸市兵庫区,新開地２丁目６−７,6520811
7140001116353,株式会社はじめ,兵庫県,神戸市兵庫区,西上橘通１丁目４番１２号,6520033
7140001116816,株式会社関西設備,兵庫県,神戸市兵庫区,切戸町８番７号アルセデオリーブ１０２号,6520847
7140001118060,株式会社大蔵,兵庫県,神戸市兵庫区,会下山町３丁目１７番７号,6520043
7140001119736,株式会社ゴラッソ,兵庫県,神戸市兵庫区,楠谷町３０番５号古土井ビル１階,6520004
7140001119835,株式会社おいしいお肉研究所,兵庫県,神戸市兵庫区,永沢町４丁目４番１８号,6520816
7140001120099,株式会社ＴＥＮＴＯＬ,兵庫県,神戸市兵庫区,荒田町１丁目９番３号,6520032
7140001120124,株式会社ナカノ,兵庫県,神戸市兵庫区,駅南通２丁目２番３７号,6520897
7140001120396,株式会社サーマルケア,兵庫県,神戸市兵庫区,笠松通６丁目１−１７,6520864
7140001120446,株式会社ＦＳ−Ｄｅｖｅｌｏｐｍｅｎｔ,兵庫県,神戸市兵庫区,吉田町１丁目１番３−６０９号,6520872
7140001120561,株式会社セカンド,兵庫県,神戸市兵庫区,塚本通３丁目３番２３−４０４号,6520804
7140001120776,川崎車両株式会社,兵庫県,神戸市兵庫区,和田山通２丁目１番１８号,6520884
7140001122244,株式会社神戸ヤマト防災,兵庫県,神戸市兵庫区,水木通５丁目３番１３号,6520802
7140001122285,ミカタワークス株式会社,兵庫県,神戸市兵庫区,荒田町１丁目１０番６号,6520032
7140001122673,株式会社リアライズ,兵庫県,神戸市兵庫区,下沢通１丁目１番１７−２０１号,6520047
7140001122772,アオイサービス株式会社,兵庫県,神戸市兵庫区,今出在家町３丁目４番１５号,6520853
7140001122839,オレンジラボ株式会社,兵庫県,神戸市兵庫区,松原通５丁目１番２１−１５０４号,6520881
7140001122847,株式会社和進,兵庫県,神戸市兵庫区,神田町１６番５−１号,6520006
7140001123449,株式会社Ｆｏｕｒ　ａ　Ｈｏｍｅ,兵庫県,神戸市兵庫区,下三条町７番１７号,6520014
7140001123663,クレスト株式会社,兵庫県,神戸市兵庫区,荒田町３丁目８番２号,6520032
7140001123762,株式会社クリアシスト,兵庫県,神戸市兵庫区,熊野町５丁目７番６号,6520064
7140001123928,株式会社Ｔ＆Ｔ　ＳＩＮＱＵ,兵庫県,神戸市兵庫区,芦原通６丁目１−２７−１,6520882
7140001124091,株式会社Ｒｅ’ｕｓｓｉｔｅ,兵庫県,神戸市兵庫区,御崎町２丁目１４番１４号,6520855
7140001124769,株式会社Ｙ．Ｋ企画,兵庫県,神戸市兵庫区,湊町３丁目２番１５号,6520812
7140001124785,株式会社ＳＩＮ，ｒｉｆｏｒｍａ,兵庫県,神戸市兵庫区,本町１丁目３番１７−６０３号,6520834
7140001124950,株式会社アートワーク,兵庫県,神戸市兵庫区,里山町１番地の１９２,6520051
7140001126253,株式会社ｅｎ,兵庫県,神戸市兵庫区,吉田町２丁目３０番１−１,6520872
7140001126690,コーチングインターナショナル株式会社,兵庫県,神戸市兵庫区,西上橘通２丁目５番１７号ハイツタチバナ１０１,6520033
7140001126897,株式会社松村,兵庫県,神戸市兵庫区,熊野町３丁目５番５号,6520064
7140001127334,株式会社とみや,兵庫県,神戸市兵庫区,中道通１丁目１−２,6520801
7140001127573,株式会社そしてわになる,兵庫県,神戸市兵庫区,湊町３丁目２番５−８０６号,6520812
7140001128068,株式会社繕咲興産,兵庫県,神戸市兵庫区,芦原通２丁目１番２７号神戸木材運輸ビル２Ｆ北１号室,6520882
7140001128407,株式会社京都小野,兵庫県,神戸市兵庫区,御崎本町１丁目１番５４号,6520852
7140001128555,株式会社ゾロワークス,兵庫県,神戸市兵庫区,天王町３丁目５,6520021
7140001129719,株式会社ＳＵＭテクノロジー,兵庫県,神戸市兵庫区,永沢町４丁目２−１１グリーンヒル４０１,6520816
7140001130321,株式会社コロメディア,兵庫県,神戸市兵庫区,神田町３０番８号,6520006
7140001131105,株式会社建徳,兵庫県,神戸市兵庫区,兵庫町１丁目２−１２−５０４,6520813
7140001131526,株式会社石田建設,兵庫県,神戸市兵庫区,下沢通１丁目１番１７朝日プラザ湊川２１３号,6520047
7140001131583,株式会社長谷川Ａｉｒ,兵庫県,神戸市兵庫区,荒田町４丁目６番１号,6520032
7140001131939,株式会社永盛,兵庫県,神戸市兵庫区,矢部町３２番２−１号,6520005
7140001132367,大運国際株式会社,兵庫県,神戸市兵庫区,駅南通５丁目４番５号ＪＲ高架下倉庫１４号,6520897
7140001132524,株式会社ジョイントスリー,兵庫県,神戸市兵庫区,下沢通８丁目４番４号コスモ神戸上沢駅前５１０,6520047
7140001132937,ＡＩＲＬＩＧＨＴ株式会社,兵庫県,神戸市兵庫区,小川通四丁目２−１７,6520000
7140001133051,やさか株式会社,兵庫県,神戸市兵庫区,下沢通３丁目４番２７号オオスミビル３階,6520047
7140001133753,株式会社ワンビリティ,兵庫県,神戸市兵庫区,本町２丁目３番１８号,6520834
7140001134405,株式会社ブルーバード,兵庫県,神戸市兵庫区,西出町８番５号,6520822
7140001135717,株式会社コンパニオン,兵庫県,神戸市兵庫区,西橘通１丁目２番１１号,6520034
7140001135980,株式会社トラステック,兵庫県,神戸市兵庫区,矢部町２６番１５−１号,6520005
7140001136566,株式会社イナホセイル,兵庫県,神戸市兵庫区,五宮町２４番８号,6520007
7140001136616,株式会社Ｋ‐ＦＡＣＴＯＲＹ,兵庫県,神戸市兵庫区,東山町４丁目１番１０号,6520042
7140001136896,株式会社ミライエステイト,兵庫県,神戸市兵庫区,湊町４丁目２番２２−５０２号,6520812
7140001137069,株式会社ハンドメイクマメ,兵庫県,神戸市兵庫区,荒田町２丁目９番１５号,6520032
7140001137093,株式会社一心,兵庫県,神戸市兵庫区,会下山町３丁目１０番７号,6520043
7140001137614,ケースリーワークス株式会社,兵庫県,神戸市兵庫区,荒田町４丁目１番２３号,6520032
7140001138091,株式会社ニッシン理美容,兵庫県,神戸市兵庫区,下沢通４丁目９番５号,6520047
7140001138298,祥川健康株式会社,兵庫県,神戸市兵庫区,松原通４丁目４−２６松原ハイツ１０２号,6520881
7140001138661,株式会社クリピカ,兵庫県,神戸市兵庫区,矢部町２０番３号,6520005
7140001139255,株式会社東昇,兵庫県,神戸市兵庫区,南仲町１番５−１０１号,6520841
7140001139627,ＭＸ株式会社,兵庫県,神戸市兵庫区,南仲町１番５号南仲ＴＯビル３１１,6520841
7140001139791,萬晟株式会社,兵庫県,神戸市兵庫区,芦原通６丁目３−６−２０１号室,6520882
7140001140080,光潤株式会社,兵庫県,神戸市兵庫区,福原町２−１５三木ビル１０４号室,6520036
7140001140312,株式会社ブール,兵庫県,神戸市兵庫区,西上橘通１丁目４番１−１００２号,6520033
7140001140659,名虹企画株式会社,兵庫県,神戸市兵庫区,福原町３０番１３号,6520036
7140001140709,株式会社Ｙ’ｓ,兵庫県,神戸市兵庫区,笠松通７丁目３番２０号,6520864
7140001141244,株式会社Ｓｏｒｉｈａｓｈｉｙａ,兵庫県,神戸市兵庫区,大開通７丁目２番１０号,6520803
7140001141392,株式会社エス・オーケー,兵庫県,神戸市兵庫区,和田崎町３丁目１番２４号,6520854
7140001141491,株式会社昭和建設,兵庫県,神戸市兵庫区,新開地６丁目２番２５号,6520811
7140001141517,株式会社オリシャン天龍,兵庫県,神戸市兵庫区,中道通６丁目４番１０号ＦＡＣＥ１０１号室,6520801
7140001142119,神港商会株式会社,兵庫県,神戸市兵庫区,下沢通４丁目６番３号,6520047
7140001142168,株式会社こころ衣,兵庫県,神戸市兵庫区,荒田町３丁目４３番１５号,6520032
7140002001298,奥浜興産株式会社,兵庫県,神戸市兵庫区,下沢通２丁目１番１７号,6520047
7140002020265,株式会社中山緑地建設,兵庫県,神戸市兵庫区,駅前通４丁目３番６−２５号,6520898
7140002023706,株式会社ディ・オー,兵庫県,神戸市兵庫区,中道通３丁目３番１号,6520801
7140002028093,株式会社行懸,兵庫県,神戸市兵庫区,水木通１丁目４番５号,6520802
7140003000605,株式会社山田商店,兵庫県,神戸市兵庫区,湊町１丁目５番６号,6520812
7140003013284,株式会社ＩＬＫＳ,兵庫県,神戸市兵庫区,鍛冶屋町２丁目２−２０フジマサビル２Ｆ,6520832
7140003021659,グラシア株式会社,兵庫県,神戸市兵庫区,新開地５丁目３番１４−１５０７号,6520811
7360001025870,彩生建設株式会社,兵庫県,神戸市兵庫区,中道通１丁目２番８号ハイメゾン湊川４０１,6520801
8010101011805,株式会社アウトソーシングエース,兵庫県,神戸市兵庫区,荒田町１丁目１６番８号センタービルＡ棟３０２号,6520032
8010601055624,令和商事株式会社,兵庫県,神戸市兵庫区,新開地６丁目１番１２−３０５号,6520811
8011101040868,株式会社日本サーマル・コンサルティング,兵庫県,神戸市兵庫区,和田宮通３丁目２番２４号,6520863
8020001147979,株式会社ネクスト,兵庫県,神戸市兵庫区,和田山通１丁目２番２５号Ｃ棟１０１号室,6520884
8120001121759,椿株式会社,兵庫県,神戸市兵庫区,楠谷町２２番２号,6520004
8120001138704,Ｗｉｌｌプランニング株式会社,兵庫県,神戸市兵庫区,羽坂通４丁目１番１−１８０３号,6520805
8120001179310,株式会社ヒゴケン,兵庫県,神戸市兵庫区,塚本通７丁目１番１４号,6520804
8120101059627,株式会社Ｅｘｃｅｌｌｅｎｔ,兵庫県,神戸市兵庫区,新開地４丁目２番１４号Ｍ’ｓビル３階,6520811
8120901041313,株式会社ＡＶＡＬＩＮＫ,兵庫県,神戸市兵庫区,湊町４丁目２番１２号,6520812
8140001001323,菊千歳酒造株式会社,兵庫県,神戸市兵庫区,五宮町１９番９−２０２号,6520007
8140001002107,株式会社トップ・ノット,兵庫県,神戸市兵庫区,吉田町１丁目２２番３号,6520872
8140001006826,株式会社カセン,兵庫県,神戸市兵庫区,楠谷町３４−１５,6520004
8140001006941,株式会社カナモリコーポレーション,兵庫県,神戸市兵庫区,荒田町４丁目８番５号,6520032
8140001009473,株式会社テクノエース,兵庫県,神戸市兵庫区,松原通４丁目４番２１号,6520881
8140001009804,株式会社中美商行,兵庫県,神戸市兵庫区,会下山町３丁目１０番２号,6520043
8140001010316,阪神工営株式会社,兵庫県,神戸市兵庫区,三石通３丁目１番１１号,6520861
8140001010860,株式会社ホライズン,兵庫県,神戸市兵庫区,中道通２丁目４番２０号,6520801
8140001011982,神戸新開地ビル株式会社,兵庫県,神戸市兵庫区,新開地４丁目６番１９号,6520811
8140001012080,神戸西オート株式会社,兵庫県,神戸市兵庫区,御崎本町１丁目１番１７号,6520852
8140001012329,兵庫商事株式会社,兵庫県,神戸市兵庫区,築地町６番１６号,6520845
8140001012378,株式会社アイビーエス,兵庫県,神戸市兵庫区,和田宮通５丁目１−１４,6520863
8140001012386,明石海峡大橋開発株式会社,兵庫県,神戸市兵庫区,七宮町１丁目４番２２号,6520831
8140001012411,旭マシン株式会社,兵庫県,神戸市兵庫区,大開通７丁目３番１号,6520803
8140001012444,株式会社アバンティ,兵庫県,神戸市兵庫区,大開通２丁目３番３５号,6520803
8140001012452,荒木商事株式会社,兵庫県,神戸市兵庫区,福原町２９番１号,6520036
8140001012460,アルファジャパン西日本株式会社,兵庫県,神戸市兵庫区,南逆瀬川町１番８号,6520893
8140001012477,株式会社イグレグ,兵庫県,神戸市兵庫区,塚本通７丁目４番４号,6520804
8140001012485,石崎商事株式会社,兵庫県,神戸市兵庫区,荒田町２丁目１８番２０−１０２号,6520032
8140001012493,株式会社石原不動産,兵庫県,神戸市兵庫区,荒田町３丁目７５番１号,6520032
8140001012502,株式会社石丸商店,兵庫県,神戸市兵庫区,西橘通１丁目１番１６号,6520034
8140001012510,株式会社一神,兵庫県,神戸市兵庫区,新開地２丁目５番５−２０３号,6520811
8140001012519,井上興業株式会社,兵庫県,神戸市兵庫区,荒田町４丁目１４番１２号,6520032
8140001012535,今津建設株式会社,兵庫県,神戸市兵庫区,吉田町２丁目２７番１０号,6520872
8140001012551,株式会社魚銀,兵庫県,神戸市兵庫区,湊町１丁目６０番地,6520812
8140001012568,株式会社上村企画,兵庫県,神戸市兵庫区,福原町３番１７号,6520036
8140001012592,株式会社エイデン,兵庫県,神戸市兵庫区,出在家町２丁目６番８号,6520846
8140001012618,ＦＮＳ株式会社,兵庫県,神戸市兵庫区,浜山通４丁目１番１４号,6520871
8140001012659,株式会社オート興産兵庫,兵庫県,神戸市兵庫区,東柳原町３番１０号,6520892
8140001012683,大森タオル株式会社,兵庫県,神戸市兵庫区,西出町２丁目１７番１９号,6520822
8140001012717,オフィスプラン株式会社,兵庫県,神戸市兵庫区,水木通５丁目１番４号,6520802
8140001012725,海王エイジェンシィ株式会社,兵庫県,神戸市兵庫区,中道通２丁目４番５号,6520801
8140001012790,株式会社カネミ商店,兵庫県,神戸市兵庫区,中之島１丁目１番１号,6520844
8140001012808,株式会社カワイ,兵庫県,神戸市兵庫区,駅前通５丁目２番１３号,6520898
8140001012816,株式会社川崎製作所,兵庫県,神戸市兵庫区,三川口町２丁目１番２４号,6520815
8140001012832,川西フアインサービス株式会社,兵庫県,神戸市兵庫区,七宮町１丁目４番１６号,6520831
8140001012840,株式会社菊水電機工業,兵庫県,神戸市兵庫区,塚本通５丁目５番２３−２０８号,6520804
8140001012857,株式会社岸野工務店,兵庫県,神戸市兵庫区,荒田町３丁目２番１３号,6520032
8140001012898,協和水産株式会社,兵庫県,神戸市兵庫区,中之島１丁目１番１号,6520844
8140001012948,株式会社黒田鉄工所,兵庫県,神戸市兵庫区,浜中町１丁目１２番５号,6520875
8140001012956,株式会社ケイエスシー,兵庫県,神戸市兵庫区,里山町６５０番地,6520051
8140001012964,株式会社建協工務店,兵庫県,神戸市兵庫区,下沢通７丁目２番２５号,6520047
8140001012972,玄洋商事株式会社,兵庫県,神戸市兵庫区,切戸町５番１号,6520847
8140001012980,株式会社小池加工所,兵庫県,神戸市兵庫区,須佐野通２丁目１番２３号,6520896
8140001012997,株式会社幸田紙ナプキン,兵庫県,神戸市兵庫区,兵庫町２丁目２番１７号,6520813
8140001013046,株式会社小西組,兵庫県,神戸市兵庫区,永沢町３丁目５番１５号,6520816
8140001013062,株式会社コム,兵庫県,神戸市兵庫区,菊水町５丁目６番７号,6520058
8140001013095,さがた建設株式会社,兵庫県,神戸市兵庫区,湊山町４番６号,6520012
8140001013104,株式会社三協,兵庫県,神戸市兵庫区,下祇園町８番５号,6520015
8140001013129,株式会社佐野商事,兵庫県,神戸市兵庫区,門口町１番３１号,6520814
8140001013153,株式会社三和,兵庫県,神戸市兵庫区,材木町３番１号,6520851
8140001013194,神港建設興業株式会社,兵庫県,神戸市兵庫区,中道通６丁目１番２９号４０１,6520801
8140001013211,神果神戸青果株式会社,兵庫県,神戸市兵庫区,中之島１丁目１番１号,6520844
8140001013236,株式会社神鉄建設,兵庫県,神戸市兵庫区,新開地１丁目３番２４号,6520811
8140001013252,株式会社島津,兵庫県,神戸市兵庫区,御所通１丁目３番９号,6520885
8140001013260,株式会社シンヨウ,兵庫県,神戸市兵庫区,遠矢浜町４番１２号,6520866
8140001013269,株式会社伸陽水産,兵庫県,神戸市兵庫区,三石通３丁目２番１７号,6520861
8140001013302,新冷工業株式会社,兵庫県,神戸市兵庫区,芦原通６丁目３番２２号,6520882
8140001013327,杉本電気工事株式会社,兵庫県,神戸市兵庫区,永沢町２丁目１番４号,6520816
8140001013343,株式会社トムハウス,兵庫県,神戸市兵庫区,荒田町２丁目１８番２０−１１０号,6520032
8140001013368,成和土地株式会社,兵庫県,神戸市兵庫区,水木通２丁目１番１号,6520802
8140001013376,株式会社関企連,兵庫県,神戸市兵庫区,羽坂通２丁目１番２３号,6520805
8140001013426,大越産業株式会社,兵庫県,神戸市兵庫区,福原町１９番８号,6520036
8140001013434,株式会社Ｄａｉｋｏ,兵庫県,神戸市兵庫区,島上町２丁目２−２２−２Ｆ,6520833
8140001013442,大暉管理株式会社,兵庫県,神戸市兵庫区,笠松通５丁目５番１号,6520864
8140001013450,株式会社大湊,兵庫県,神戸市兵庫区,新開地２丁目３番１８号,6520811
8140001013467,太昭電設株式会社,兵庫県,神戸市兵庫区,西多聞通１丁目３番２０号,6520035
8140001013475,株式会社大智総業,兵庫県,神戸市兵庫区,小河通５丁目１番１９号,6520895
8140001013491,株式会社大八サービス,兵庫県,神戸市兵庫区,西宮内町２番１２号,6520891
8140001013509,大力不動産株式会社,兵庫県,神戸市兵庫区,下祇園町２４番５号,6520015
8140001013525,株式会社隆司書房,兵庫県,神戸市兵庫区,新開地５丁目２番９号,6520811
8140001013533,株式会社タケダ,兵庫県,神戸市兵庫区,大開通６丁目３番２号,6520803
8140001013558,宝眞珠株式会社,兵庫県,神戸市兵庫区,山王町１丁目５番４号,6520011
8140001013566,株式会社立石商店,兵庫県,神戸市兵庫区,須佐野通１丁目１番１９号,6520896
8140001013574,株式会社田中修商店,兵庫県,神戸市兵庫区,駅南通３丁目５番１６号,6520897
8140001013599,株式会社竹宝産業,兵庫県,神戸市兵庫区,上庄通３丁目１番１０号,6520862
8140001013608,中央運送株式会社,兵庫県,神戸市兵庫区,中之島１丁目１番４号,6520844
8140001013616,長富産業株式会社,兵庫県,神戸市兵庫区,笠松通６丁目１番７号,6520864
8140001013624,株式会社常深,兵庫県,神戸市兵庫区,中之島１丁目１番１号,6520844
8140001013640,株式会社テクノ・神戸,兵庫県,神戸市兵庫区,平野町天王谷字西服山２９１番地の１,6520002
8140001013657,東亜建測株式会社,兵庫県,神戸市兵庫区,熊野町１丁目３９番地,6520064
8140001013665,株式会社土井建設,兵庫県,神戸市兵庫区,荒田町３丁目１２番１３号,6520032
8140001013673,東神商事株式会社,兵庫県,神戸市兵庫区,御崎本町１丁目１番４号,6520852
8140001013698,東陽木材株式会社,兵庫県,神戸市兵庫区,磯之町１番５号,6520842
8140001013715,株式会社トシヤ,兵庫県,神戸市兵庫区,新開地６丁目２番２５号,6520811
8140001013748,ＧＲＥＥＮ＆ＮＡＮＫＯＨ　ＴＡＸＩ株式会社,兵庫県,神戸市兵庫区,浜中町２丁目１８番１２号,6520875
8140001013756,長澤文具株式会社,兵庫県,神戸市兵庫区,羽坂通３丁目１番１０号,6520805
8140001013764,中西商事株式会社,兵庫県,神戸市兵庫区,西宮内町２番３６号,6520891
8140001013772,株式会社中道設備,兵庫県,神戸市兵庫区,水木通４丁目２番２２号第一金光ビル北側１階,6520802
8140001013780,株式会社中山商店,兵庫県,神戸市兵庫区,下祇園町２４番５号,6520015
8140001013797,西神戸マイコン株式会社,兵庫県,神戸市兵庫区,中道通３丁目４番３号,6520801
8140001013806,株式会社西出鍍金所,兵庫県,神戸市兵庫区,西出町１丁目４−１５,6520822
8140001013814,西浜運輸興業株式会社,兵庫県,神戸市兵庫区,七宮町１丁目２番１７号,6520831
8140001013839,株式会社ニッシンテント,兵庫県,神戸市兵庫区,下沢通８丁目４の２３,6520047
8140001013863,仁和木材株式会社,兵庫県,神戸市兵庫区,小河通１丁目１番２９号,6520895
8140001013871,ノブマリン株式会社,兵庫県,神戸市兵庫区,本町１丁目１番１５号,6520834
8140001013905,阪神ドラム工業株式会社,兵庫県,神戸市兵庫区,駅南通１丁目２番２６−４０６号,6520897
8140001013913,バンドーエラストマー株式会社,兵庫県,神戸市兵庫区,明和通３丁目３番１７号,6520883
8140001013962,ヒーロー・インターナショナル株式会社,兵庫県,神戸市兵庫区,今出在家町１丁目１０番１０号,6520853
8140001013970,光不動産株式会社,兵庫県,神戸市兵庫区,松本通２丁目４番１０号,6520045
8140001013979,日の出自工株式会社,兵庫県,神戸市兵庫区,門口町４番２４号,6520814
8140001013987,兵協生コンクリート株式会社,兵庫県,神戸市兵庫区,遠矢浜町２番４８号,6520866
8140001014003,株式会社廣瀬酒店,兵庫県,神戸市兵庫区,駅南通１丁目２番３５号,6520897
8140001014011,株式会社平田不動産,兵庫県,神戸市兵庫区,西多聞通１丁目３番２６号,6520035
8140001014028,株式会社福井洋服店,兵庫県,神戸市兵庫区,荒田町１丁目１６番４号,6520032
8140001014036,株式会社福永商店,兵庫県,神戸市兵庫区,荒田町１丁目１９番５−６０８号,6520032
8140001014052,株式会社富士自動車工作所,兵庫県,神戸市兵庫区,荒田町１丁目２番５号,6520032
8140001014069,株式会社藤田鉄工所,兵庫県,神戸市兵庫区,兵庫町２丁目２番２６,6520813
8140001014085,ブックローン株式会社,兵庫県,神戸市兵庫区,出在家町２丁目２番２０号,6520846
8140001014093,株式会社フライベ・ジャパン,兵庫県,神戸市兵庫区,荒田町３丁目４０番１９号,6520032
8140001014102,プラムフーズ株式会社,兵庫県,神戸市兵庫区,荒田町３丁目７３番４号,6520032
8140001014135,株式会社本城水道工業所,兵庫県,神戸市兵庫区,中道通２丁目１番１６号,6520801
8140001014143,堀内染工株式会社,兵庫県,神戸市兵庫区,出在家町２丁目６番２０−８０６号,6520846
8140001014168,松尾電設工業株式会社,兵庫県,神戸市兵庫区,芦原通２丁目２番３号,6520882
8140001014192,松本青果株式会社,兵庫県,神戸市兵庫区,中之島１丁目１番１号,6520844
8140001014218,マルエイ木村株式会社,兵庫県,神戸市兵庫区,今出在家町１丁目１０番１０号,6520853
8140001014226,マルカ運輸株式会社,兵庫県,神戸市兵庫区,芦原通６丁目３番５号,6520882
8140001014250,丸菱自動車販売株式会社,兵庫県,神戸市兵庫区,門口町１番１０号,6520814
8140001014259,株式会社マルミ藥局,兵庫県,神戸市兵庫区,東山町１丁目１２番１７号,6520042
8140001014275,株式会社三笠屋,兵庫県,神戸市兵庫区,湊町１丁目４番１９号,6520812
8140001014291,三豊住建株式会社,兵庫県,神戸市兵庫区,荒田町３丁目８０番１４号,6520032
8140001014317,株式会社湊川レコード店,兵庫県,神戸市兵庫区,新開地１丁目１番６号,6520811
8140001014333,株式会社みはら薬局,兵庫県,神戸市兵庫区,羽坂通３丁目１番地,6520805
8140001014341,株式会社宮崎工務店,兵庫県,神戸市兵庫区,羽坂通３丁目７番７号,6520805
8140001014358,明交タクシー株式会社,兵庫県,神戸市兵庫区,大開通７丁目５番１９号,6520803
8140001014366,明邦興産株式会社,兵庫県,神戸市兵庫区,矢部町６番３号,6520005
8140001014382,株式会社本木商店,兵庫県,神戸市兵庫区,西宮内町２番２号,6520891
8140001014390,森澤商事株式会社,兵庫県,神戸市兵庫区,新開地６丁目１番９号,6520811
8140001014399,八木米菓株式会社,兵庫県,神戸市兵庫区,中道通９丁目１番１０号,6520801
8140001014416,矢部興産株式会社,兵庫県,神戸市兵庫区,矢部町３５番１１号,6520005
8140001014424,山一木材株式会社,兵庫県,神戸市兵庫区,塚本通５丁目５番２４号,6520804
8140001014432,株式会社ヤマサ,兵庫県,神戸市兵庫区,中之島１丁目１番１号,6520844
8140001014449,山濱船舶工業株式会社,兵庫県,神戸市兵庫区,小松通３丁目３番６号,6520865
8140001014457,山宗青果株式会社,兵庫県,神戸市兵庫区,中之島１丁目１番１号,6520844
8140001014473,豊建装株式会社,兵庫県,神戸市兵庫区,大開通１０丁目３番３号,6520803
8140001014481,夢野製綿株式会社,兵庫県,神戸市兵庫区,湊川町５丁目２番８号,6520041
8140001014498,株式会社四ツ井工作所,兵庫県,神戸市兵庫区,大開通５丁目２番２１号,6520803
8140001014507,ワークトップ株式会社,兵庫県,神戸市兵庫区,永沢町２丁目１番２３号バンブーイン５Ｆ,6520816
8140001014523,株式会社和光設計,兵庫県,神戸市兵庫区,駅南通２丁目２−１,6520897
8140001014548,株式会社隆建,兵庫県,神戸市兵庫区,永沢町３丁目２番２３号,6520816
8140001014572,神戸海事株式会社,兵庫県,神戸市兵庫区,出在家町２丁目１番６号,6520846
8140001014589,神戸昆布株式会社,兵庫県,神戸市兵庫区,東山町１丁目３番２１号,6520042
8140001014597,株式会社神戸造船協立センター,兵庫県,神戸市兵庫区,吉田町３丁目２番５号,6520872
8140001014622,神戸電装株式会社,兵庫県,神戸市兵庫区,東出町３丁目５番１２号,6520823
8140001014630,神戸トヨペット株式会社,兵庫県,神戸市兵庫区,水木通２丁目１番１号,6520802
8140001014655,神戸マリーン工業株式会社,兵庫県,神戸市兵庫区,鍛冶屋町１丁目３番２１号,6520832
8140001014696,兵庫鶏卵株式会社,兵庫県,神戸市兵庫区,中之島１丁目１番４号,6520844
8140001014705,兵庫青果センター株式会社,兵庫県,神戸市兵庫区,切戸町８番１号,6520847
8140001014738,兵庫レンタルサービス株式会社,兵庫県,神戸市兵庫区,切戸町５番８号,6520847
8140001014952,株式会社くれはとり,兵庫県,神戸市兵庫区,荒田町４丁目１番３号,6520032
8140001015612,神戸電鉄株式会社,兵庫県,神戸市兵庫区,新開地１丁目３番２４号,6520811
8140001015843,株式会社オクト産業,兵庫県,神戸市兵庫区,三川口町２丁目２番２５号,6520815
8140001017253,株式会社アルプス,兵庫県,神戸市兵庫区,中道通７丁目１−７,6520801
8140001017641,第一産業株式会社,兵庫県,神戸市兵庫区,吉田町３丁目７番２８号,6520872
8140001018086,株式会社神戸環境エンジニアリング,兵庫県,神戸市兵庫区,湊町１丁目７番２４号,6520812
8140001018227,永和工業株式会社,兵庫県,神戸市兵庫区,七宮町１丁目２番２０号,6520831
8140001019101,嶋屋水産運輸株式会社,兵庫県,神戸市兵庫区,中之島２丁目１番７号,6520844
8140001019175,株式会社メモリアルシステム,兵庫県,神戸市兵庫区,出在家町１丁目２番５号,6520846
8140001019209,株式会社インテリアオカモト,兵庫県,神戸市兵庫区,水木通５丁目１番１８号,6520802
8140001020422,株式会社サンライトグリーン,兵庫県,神戸市兵庫区,西多聞通１丁目３番３０号サンコート神戸４０２号,6520035
8140001020777,株式会社ロードサイド,兵庫県,神戸市兵庫区,福原町２６−５,6520036
8140001020892,ウエ・ビッグバン株式会社,兵庫県,神戸市兵庫区,千鳥町１丁目２番５号,6520022
8140001020967,株式会社ダイチュウ商事,兵庫県,神戸市兵庫区,湊町１丁目７番２４号,6520812
8140001020991,株式会社植田電機工業所,兵庫県,神戸市兵庫区,七宮町１丁目４番２５号,6520831
8140001021172,株式会社吉川建設,兵庫県,神戸市兵庫区,湊川町８丁目２番３号,6520041
8140001021222,株式会社キュー・コム,兵庫県,神戸市兵庫区,中道通１丁目１番８号オガワビル３Ｆ,6520801
8140001022220,株式会社アーネスト,兵庫県,神戸市兵庫区,東山町１丁目１１番２号,6520042
8140001022237,株式会社宇山石材加工所,兵庫県,神戸市兵庫区,里山町１番地の６６,6520051
8140001022369,株式会社アイリスマリン,兵庫県,神戸市兵庫区,西出町１丁目２番１号,6520822
8140001022658,株式会社ファース,兵庫県,神戸市兵庫区,大開通２丁目３番２１号,6520803
8140001022682,株式会社ケイセイ,兵庫県,神戸市兵庫区,松本通２丁目４番２２号,6520045
8140001022699,株式会社オムニテクノロジー,兵庫県,神戸市兵庫区,小松通５丁目１番２１号,6520865
8140001022906,株式会社Ｃｏｎｃｅｐｔ　ｂｙ　Ｌｉｇｈｔ,兵庫県,神戸市兵庫区,上三条町２番１０号,6520013
8140001023474,株式会社タカハラ工業,兵庫県,神戸市兵庫区,矢部町２４番１号,6520005
8140001023953,パッソ株式会社,兵庫県,神戸市兵庫区,和田山通１丁目２番２５号,6520884
8140001024646,株式会社カンサイファンド,兵庫県,神戸市兵庫区,吉田町１丁目１４番１１号,6520872
8140001024704,株式会社ＷＡＬＬＳ,兵庫県,神戸市兵庫区,荒田町２丁目１８番２０号湊川プラザ１Ｆ,6520032
8140001025264,六甲食品輸送株式会社,兵庫県,神戸市兵庫区,築地町７番１号,6520845
8140001025446,笠松商事株式会社,兵庫県,神戸市兵庫区,小松通２丁目１番１６号,6520865
8140001025529,株式会社いれ歯やさん,兵庫県,神戸市兵庫区,磯之町１番５号,6520842
8140001025784,株式会社プロシード,兵庫県,神戸市兵庫区,菊水町１０丁目８番１１号,6520058
8140001026023,株式会社トラストサービス,兵庫県,神戸市兵庫区,菊水町１０丁目３番１２号,6520058
8140001026270,株式会社タイメイプランニング,兵庫県,神戸市兵庫区,福原町１１番１４号,6520036
8140001026948,株式会社波島,兵庫県,神戸市兵庫区,湊川町２丁目４−５ピースコートＩＩ３０２,6520041
8140001027112,株式会社まんや,兵庫県,神戸市兵庫区,荒田町１丁目１９番１１号,6520032
8140001027153,株式会社はなまる,兵庫県,神戸市兵庫区,楠谷町７番９号,6520004
8140001027252,株式会社ハブタ商店,兵庫県,神戸市兵庫区,北逆瀬川町４番１４号,6520837
8140001027335,株式会社ヘルシーランチ神戸屋,兵庫県,神戸市兵庫区,吉田町１丁目２２番８号,6520872
8140001027401,株式会社インキュベーション・アライアンス,兵庫県,神戸市兵庫区,和田山通１丁目２番２５号神戸市ものづくり工場Ｄ棟３０７号,6520884
8140001027475,株式会社サプライザー,兵庫県,神戸市兵庫区,水木通４丁目２番２１号,6520802
8140001027599,ＡＰテック株式会社,兵庫県,神戸市兵庫区,七宮町２丁目３の６,6520831
8140001027681,愛奈工業株式会社,兵庫県,神戸市兵庫区,北逆瀬川町３番１１号,6520837
8140001027839,株式会社実のり,兵庫県,神戸市兵庫区,金平町１丁目１８番１号,6520873
8140001027946,真正ボクシングジム株式会社,兵庫県,神戸市兵庫区,西多聞通１丁目１番１６号,6520035
8140001028044,株式会社コウリュウ興産,兵庫県,神戸市兵庫区,駅南通３丁目２番１号,6520897
8140001028143,株式会社トライハード,兵庫県,神戸市兵庫区,水木通１丁目５番２０−４０５号,6520802
8140001028300,株式会社グッドフェイス,兵庫県,神戸市兵庫区,駅南通１丁目２番１０−６０３号,6520897
8140001028317,株式会社村上鮮魚店,兵庫県,神戸市兵庫区,三石通３丁目２番１５−９０６号,6520861
8140001028408,大和興行株式会社,兵庫県,神戸市兵庫区,新開地５丁目２番３号,6520811
8140001028515,株式会社三豊堂,兵庫県,神戸市兵庫区,上沢通４丁目７番５号,6520046
8140001028837,株式会社サスティーン,兵庫県,神戸市兵庫区,駅前通２丁目１番２９号,6520898
8140001029001,株式会社アチーブジャパン,兵庫県,神戸市兵庫区,和田宮通４丁目２番１１−７０２号,6520863
8140001029158,松栄通商株式会社,兵庫県,神戸市兵庫区,湊町１丁目３番１１号,6520812
8140001029769,株式会社エアーテックナチュラルジャパン,兵庫県,神戸市兵庫区,御崎本町２丁目１０番５−３０１号,6520852
8140001029942,株式会社神徳,兵庫県,神戸市兵庫区,七宮町２丁目２番２３号,6520831
8140001030025,近畿ビジネスサービス株式会社,兵庫県,神戸市兵庫区,荒田町３丁目４番６号,6520032
8140001030454,ＩＥＮＡ株式会社,兵庫県,神戸市兵庫区,門口町１番２０号,6520814
8140001030842,好再来株式会社,兵庫県,神戸市兵庫区,新開地１丁目２−９−２エスポアシティ神戸１０２号,6520811
8140001030999,株式会社ＨＩＲＯ’ｓカンパニー,兵庫県,神戸市兵庫区,荒田町４丁目２７番７号,6520032
8140001031361,株式会社日展,兵庫県,神戸市兵庫区,大開通３丁目１番２３号,6520803
8140001031436,株式会社前田畳製作所,兵庫県,神戸市兵庫区,永沢町３丁目８番８号,6520816
8140001031758,株式会社Ｔ−ＰＡＣ,兵庫県,神戸市兵庫区,中道通７丁目１番１３号,6520801
8140001031881,株式会社フォーリン,兵庫県,神戸市兵庫区,大開通２丁目３番２３号,6520803
8140001032079,アプラウソ株式会社,兵庫県,神戸市兵庫区,西出町２丁目３番２３−２０３号,6520822
8140001032277,株式会社エレガント・マナースクール,兵庫県,神戸市兵庫区,上沢通８丁目８番６号,6520046
8140001032673,神戸ＣＳ株式会社,兵庫県,神戸市兵庫区,都由乃町３丁目２番１１号都由乃パステルハイツ２０５,6520023
8140001032748,関西コンテナ輸送株式会社,兵庫県,神戸市兵庫区,築地町３番３０号,6520845
8140001032756,株式会社神栄セルテック,兵庫県,神戸市兵庫区,荒田町１丁目１８番１３号,6520032
8140001032896,ケイ・コンソート株式会社,兵庫県,神戸市兵庫区,出在家町１丁目２−５丸西中之島ビル４０３,6520846
8140001033374,株式会社ワイズファースト,兵庫県,神戸市兵庫区,西上橘通１丁目４番２７号,6520033
8140001034199,株式会社Ｍ＆Ｇ,兵庫県,神戸市兵庫区,福原町３２番１５号,6520036
8140001034257,株式会社アンジュ,兵庫県,神戸市兵庫区,東山町２丁目７番２号,6520042
8140001042235,株式会社アイビー,兵庫県,神戸市兵庫区,門口町１番２０号,6520814
8140001057282,株式会社アラモアナ７４,兵庫県,神戸市兵庫区,下沢通３丁目４番２７号,6520047
8140001057357,株式会社ＤＲＥＡＭ　ＧＡＴＥ,兵庫県,神戸市兵庫区,島上町２丁目２番２２号,6520833
8140001067570,株式会社ＡＳＨＩＹＡ　ＳＡＶＯＮ,兵庫県,神戸市兵庫区,五宮町１５番１９号,6520007
8140001086793,株式会社デンソーテン販売,兵庫県,神戸市兵庫区,御所通１丁目２番２８号,6520885
8140001089219,株式会社スリーピー企画,兵庫県,神戸市兵庫区,西上橘通２丁目８−２１ロイヤルハイツ兵庫２０３,6520033
8140001089342,キャリアサポート関西株式会社,兵庫県,神戸市兵庫区,新開地２丁目３番Ｂ−１号,6520811
8140001089912,株式会社オフィスみらい,兵庫県,神戸市兵庫区,金平町１丁目１３番１０号,6520873
8140001089978,株式会社Ｇｏｏｄ　Ｔｒａｄｅ　Ｊａｐａｎ,兵庫県,神戸市兵庫区,大開通２丁目３番２１号,6520803
8140001090358,株式会社Ｌｅｖｅｌｌｙ,兵庫県,神戸市兵庫区,湊山町２５番１８号,6520012
8140001090531,石の嚢株式会社,兵庫県,神戸市兵庫区,湊町２丁目４番２４−６０２号,6520812
8140001091050,株式会社ＲＥＤ　ＯＮＥ,兵庫県,神戸市兵庫区,水木通８丁目１番４号アーバンルネッサンス兵庫５０２号室,6520802
8140001091315,株式会社ＳＡＪＵ,兵庫県,神戸市兵庫区,吉田町２丁目４０−１４キャナルシティ御崎公園２階,6520872
8140001092263,株式会社Ｐｅｇｏ,兵庫県,神戸市兵庫区,東山町２丁目１２番２−２号,6520042
8140001092321,株式会社スパット,兵庫県,神戸市兵庫区,荒田町３丁目２番２１号,6520032
8140001092759,株式会社オービック,兵庫県,神戸市兵庫区,永沢町４丁目４番７号,6520816
8140001092858,株式会社ロングウェイ,兵庫県,神戸市兵庫区,下祇園町１０番１３号木本ビル１階,6520015
8140001092882,株式会社ゼロエンタープライズ,兵庫県,神戸市兵庫区,金平町１丁目１９番１３号,6520873
8140001093121,株式会社ＭＯＴＯＢＯＮＤ−ＭＢ,兵庫県,神戸市兵庫区,新開地６丁目２番２０号,6520811
8140001094012,株式会社Ｇ−ｓｔｙｌｅ,兵庫県,神戸市兵庫区,永沢町３丁目１番５号３Ｆ,6520816
8140001094103,和泉興産株式会社,兵庫県,神戸市兵庫区,笠松通６丁目２番２号,6520864
8140001094128,ナドレインダストリー株式会社,兵庫県,神戸市兵庫区,駅前通１丁目３番２２号,6520898
8140001094318,株式会社クルヴァ,兵庫県,神戸市兵庫区,羽坂通４丁目２番１２号,6520805
8140001094499,リード・プリュス株式会社,兵庫県,神戸市兵庫区,松原通２丁目２番２号,6520881
8140001094565,株式会社グリーンバイオラボ,兵庫県,神戸市兵庫区,和田山通１丁目２番２５号,6520884
8140001095497,株式会社七福不動産,兵庫県,神戸市兵庫区,東山町３丁目１番２号,6520042
8140001095605,神戸グレインミルズ株式会社,兵庫県,神戸市兵庫区,駅前通１丁目３−１４−２０５,6520898
8140001095654,株式会社ハッピードア,兵庫県,神戸市兵庫区,下沢通４丁目４番１号,6520047
8140001096025,株式会社磯商,兵庫県,神戸市兵庫区,築地町３番５１号,6520845
8140001096306,アコードエンジニアリング株式会社,兵庫県,神戸市兵庫区,御崎本町２丁目１０番２５号,6520852
8140001096702,株式会社神戸しいたけ研究所,兵庫県,神戸市兵庫区,中之島１丁目１−３,6520844
8140001098062,株式会社ｐｒｏｇｒｅｓｓ,兵庫県,神戸市兵庫区,西橘通２丁目３番８号,6520034
8140001098450,株式会社Ｄｏ　Ｃｏｎｎｅｃｔ,兵庫県,神戸市兵庫区,三川口町１丁目４番１３号,6520815
8140001098657,大和電設株式会社,兵庫県,神戸市兵庫区,西多聞通１丁目１番１６号,6520035
8140001098822,株式会社ナガノシーサプライ,兵庫県,神戸市兵庫区,出在家町２丁目４番１１号,6520846
8140001099077,ＴＨＥ　ＯＮＥ株式会社,兵庫県,神戸市兵庫区,南仲町１番５号,6520841
8140001099952,株式会社フルール,兵庫県,神戸市兵庫区,上沢通５丁目３番１号,6520046
8140001100629,株式会社大匠,兵庫県,神戸市兵庫区,中道通２丁目４−９,6520801
8140001101841,株式会社Ｉ・Ｏイワサキ,兵庫県,神戸市兵庫区,熊野町５丁目１０番２０号サンハイツ夢野２０２号,6520064
8140001103383,株式会社ｅｎＣｏｎｆｌｕｅｎｃｅ,兵庫県,神戸市兵庫区,松原通５丁目１番２１−１１０１号,6520881
8140001103499,株式会社ｓｏｎａｍｕ,兵庫県,神戸市兵庫区,大開通１０丁目２番１６号２Ｆ,6520803
8140001103648,株式会社中田工業,兵庫県,神戸市兵庫区,七宮町１丁目１０−８ゴールドウッズ３階,6520831
8140001103739,豊縁商事株式会社,兵庫県,神戸市兵庫区,羽坂通３丁目７−３豊縁兵庫ビル２０５号,6520805
8140001104241,株式会社恒優,兵庫県,神戸市兵庫区,島上町２丁目２番２２号,6520833
8140001104638,株式会社ＢＳキョウエイ,兵庫県,神戸市兵庫区,湊川町８丁目４番４号,6520041
8140001104695,株式会社シンケン,兵庫県,神戸市兵庫区,中之島１丁目１−３,6520844
8140001104984,協和商事株式会社,兵庫県,神戸市兵庫区,松原通４丁目４番７号,6520881
8140001105000,株式会社ＫＵＵＭＡ,兵庫県,神戸市兵庫区,七宮町１丁目３番４号,6520831
8140001105594,株式会社涼迅冷設,兵庫県,神戸市兵庫区,三川口町２丁目５番４号,6520815
8140001105850,株式会社輝く会神戸,兵庫県,神戸市兵庫区,磯之町一丁目１８−２１０,6520842
8140001106312,株式会社Ｔｙｃｏｏｎ,兵庫県,神戸市兵庫区,南仲町１番５号南仲ＴＯビル３０３室,6520841
8140001106725,松原電気工業株式会社,兵庫県,神戸市兵庫区,築地町３−２８,6520845
8140001106865,株式会社甲南ビルメンテナンス,兵庫県,神戸市兵庫区,大開通２丁目３番２１号,6520803
8140001107252,西村工務店株式会社,兵庫県,神戸市兵庫区,福原町３０番９号,6520036
8140001107888,株式会社百米,兵庫県,神戸市兵庫区,西柳原町４−１Ｋ兵庫２０１,6520806
8140001108135,株式会社上昇,兵庫県,神戸市兵庫区,西橘通１丁目１番１号,6520034
8140001108291,株式会社ラグナインターナショナル,兵庫県,神戸市兵庫区,南仲町２番１１−１３０４号,6520841
8140001108671,ＡＯＺ株式会社,兵庫県,神戸市兵庫区,上祇園町７番２１−６０２号,6520008
8140001109678,高崎電工株式会社,兵庫県,神戸市兵庫区,小河通３丁目３番１７−２号,6520895
8140001110462,株式会社内田ユニホーム,兵庫県,神戸市兵庫区,吉田町１丁目９番６号,6520872
8140001110867,株式会社文化工学研究所,兵庫県,神戸市兵庫区,七宮町１丁目３番４号,6520831
8140001110909,元町ミート食品株式会社,兵庫県,神戸市兵庫区,御崎本町１丁目１番６−１３０８号,6520852
8140001111072,株式会社Ｖｅｒｔｅｘ,兵庫県,神戸市兵庫区,笠松通５丁目４番９号,6520864
8140001111139,株式会社田中組,兵庫県,神戸市兵庫区,兵庫町２丁目３番４−２０２号,6520813
8140001111502,株式会社フジコン,兵庫県,神戸市兵庫区,下三条町３番８号,6520014
8140001111650,株式会社エースタイル,兵庫県,神戸市兵庫区,中道通３丁目４番２２号,6520801
8140001111741,ＡＫＳ技研株式会社,兵庫県,神戸市兵庫区,三石通３丁目２番１７−２号,6520861
8140001112541,楽さす株式会社,兵庫県,神戸市兵庫区,出在家町１丁目３番７号,6520846
8140001112590,株式会社ＭＯＯＮＯ,兵庫県,神戸市兵庫区,駅前通４丁目２番１３号,6520898
8140001112673,株式会社神戸パステルライズ,兵庫県,神戸市兵庫区,湊町２丁目３番７−１０２号,6520812
8140001112847,株式会社ファパーサ,兵庫県,神戸市兵庫区,上沢通１丁目１−２５−１,6520046
8140001113102,株式会社サンライズ・ＯＮＥ,兵庫県,神戸市兵庫区,福原町２１番２３号,6520036
8140001113143,ビッグフォレスト兵庫株式会社,兵庫県,神戸市兵庫区,羽坂通２丁目１番２３号,6520805
8140001113457,株式会社セレモニア兵庫花壇,兵庫県,神戸市兵庫区,西仲町二丁目４３番,6520835
8140001113795,株式会社ＡＴＴＲＡＣＴＩＯＮ,兵庫県,神戸市兵庫区,湊町１丁目１番地の２,6520812
8140001114298,株式会社日越ワークサービス,兵庫県,神戸市兵庫区,大開通７丁目５−３２,6520803
8140001114612,晋星国際株式会社,兵庫県,神戸市兵庫区,神田町１番６号,6520006
8140001116468,株式会社アグイン鉄筋,兵庫県,神戸市兵庫区,兵庫町１丁目２番１０号,6520813
8140001116724,株式会社空間工房マトリックス,兵庫県,神戸市兵庫区,羽坂通２丁目１番１０号大西ビル２０２,6520805
8140001116947,株式会社コネクト,兵庫県,神戸市兵庫区,金平町１丁目１０番２号,6520873
8140001117375,株式会社ＣＨＩＫＡ,兵庫県,神戸市兵庫区,荒田町４丁目１−２３,6520032
8140001117581,メンテナンスサポート株式会社,兵庫県,神戸市兵庫区,荒田町４丁目９番４号,6520032
8140001117870,株式会社ＮＥＸＴ　ＳＫＹ,兵庫県,神戸市兵庫区,駅南通５丁目２番２−１０３号,6520897
8140001119033,株式会社達磨堂,兵庫県,神戸市兵庫区,菊水町５丁目７番８−１号,6520058
8140001119082,ソウル株式会社,兵庫県,神戸市兵庫区,兵庫町２丁目３番１０号,6520813
8140001119628,株式会社マンドリルショップス,兵庫県,神戸市兵庫区,大同町１丁目２−１,6520062
8140001120197,株式会社三澤,兵庫県,神戸市兵庫区,西出町３番地の６,6520822
8140001121641,日香株式会社,兵庫県,神戸市兵庫区,塚本通６丁目２番５号,6520804
8140001121708,株式会社Ｕｐ,兵庫県,神戸市兵庫区,三石通３丁目１番９号,6520861
8140001121716,株式会社ポットランド,兵庫県,神戸市兵庫区,下沢通５丁目１番１２−１０１号,6520047
8140001121963,株式会社ウェストヴィレッジ,兵庫県,神戸市兵庫区,中道通９丁目６番３号,6520801
8140001122193,株式会社ティーワンホームズ,兵庫県,神戸市兵庫区,上祇園町１番２号コーポ上祇園１０２号,6520008
8140001122490,株式会社オープンエア,兵庫県,神戸市兵庫区,雪御所町２番１８号,6520031
8140001122549,株式会社ファースト設備,兵庫県,神戸市兵庫区,塚本通８丁目１番２９−３０８号,6520804
8140001122929,株式会社ＧＵＢＡ,兵庫県,神戸市兵庫区,松本通６丁目３番３号,6520045
8140001123225,神協空設株式会社,兵庫県,神戸市兵庫区,松原通３丁目４番１２号,6520881
8140001123670,株式会社ビートラスト,兵庫県,神戸市兵庫区,御崎本町１丁目１番４５号,6520852
8140001123811,株式会社Ｒｅｌｉｃｓ,兵庫県,神戸市兵庫区,佐比江町１２番地,6520821
8140001124066,株式会社ＮＳＫ,兵庫県,神戸市兵庫区,吉田町３丁目４番８−２号,6520872
8140001124454,上真総業株式会社,兵庫県,神戸市兵庫区,西出町２丁目１７番２０号,6520822
8140001124603,株式会社Ｊトレ,兵庫県,神戸市兵庫区,荒田町２丁目７−１３,6520032
8140001125320,株式会社キャリアポート,兵庫県,神戸市兵庫区,本町１丁目１番２４−３０２号,6520834
8140001126062,株式会社ワイルドテン,兵庫県,神戸市兵庫区,小河通４丁目２番１５−３１１号,6520895
8140001126161,ＳＡＷＡＤＡ株式会社,兵庫県,神戸市兵庫区,水木通６丁目２番７号,6520802
8140001126186,株式会社Ｌａｎｔａｎｇ,兵庫県,神戸市兵庫区,西多聞通１丁目１番１号,6520035
8140001126260,株式会社人良食,兵庫県,神戸市兵庫区,梅元町４番３号,6520003
8140001126491,株式会社Ｙ・Ｋコーポレーション,兵庫県,神戸市兵庫区,三石通２丁目３番１３号,6520861
8140001127044,株式会社ＡＲＥＡ,兵庫県,神戸市兵庫区,中道通２丁目１番１７号,6520801
8140001127201,株式会社Ｙ’ｓエンジニアリング,兵庫県,神戸市兵庫区,笠松通６丁目２番５号,6520864
8140001127614,株式会社ライフラック,兵庫県,神戸市兵庫区,兵庫町１丁目４番２６号,6520813
8140001127812,株式会社神戸垂水学校給食サービス,兵庫県,神戸市兵庫区,水木通４丁目１番１号,6520802
8140001127985,株式会社スペース,兵庫県,神戸市兵庫区,金平町１丁目５番２号−３０２号,6520873
8140001128026,ドクターコープ株式会社,兵庫県,神戸市兵庫区,吉田町１丁目１４番８−８０２号,6520872
8140001128042,株式会社キャビン,兵庫県,神戸市兵庫区,東山町４丁目１６番地の１アーバニス神戸東山６０２号,6520042
8140001128406,株式会社エリグループ,兵庫県,神戸市兵庫区,御崎本町１丁目１番５４号,6520852
8140001128851,神雪エンジニアリング株式会社,兵庫県,神戸市兵庫区,雪御所町１６番１２号,6520031
8140001129081,もっこすマルユウ株式会社,兵庫県,神戸市兵庫区,水木通３丁目１番２号,6520802
8140001129098,株式会社エムズアイ,兵庫県,神戸市兵庫区,新開地４丁目１番１１号,6520811
8140001129404,株式会社ＭＡＴ,兵庫県,神戸市兵庫区,本町２丁目１番２５号−１０４,6520834
8140001129461,株式会社クオリアＡＧ,兵庫県,神戸市兵庫区,上沢通１丁目１番８号,6520046
8140001129718,株式会社ｓｉｓｉ,兵庫県,神戸市兵庫区,船大工町１番１４号アーバン中央市場前２Ｆ,6520843
8140001129742,株式会社ｏｚｙ,兵庫県,神戸市兵庫区,神田町３８番１９号,6520006
8140001130634,株式会社ＨＯＵＳＥＮ不動産,兵庫県,神戸市兵庫区,湊町４丁目２番１２−２０１号,6520812
8140001130840,株式会社日常,兵庫県,神戸市兵庫区,氷室町１丁目４番２６号,6520054
8140001132085,株式会社ＴＫＤ　ＡＲＣＨＩＴＥＣＴ,兵庫県,神戸市兵庫区,水木通６丁目４−４−２,6520802
8140001132300,ＣＡＲＴＳ　ｍｏｂｉｌｉｔｙ株式会社,兵庫県,神戸市兵庫区,新開地４丁目４−１５−３Ｆ,6520811
8140001133447,株式会社旬,兵庫県,神戸市兵庫区,松本通４丁目３番２号,6520045
8140001134313,インターアーバン株式会社,兵庫県,神戸市兵庫区,上沢通５丁目４番３号,6520046
8140001135501,株式会社ＨＨＴ,兵庫県,神戸市兵庫区,大開通２丁目２番３−２０１号,6520803
8140001135609,瑞豊株式会社,兵庫県,神戸市兵庫区,福原町７−８ファンシービル３０１,6520036
8140001135906,ツチダホールディングス株式会社,兵庫県,神戸市兵庫区,塚本通３丁目１番１３号,6520804
8140001136788,株式会社ハーモニー,兵庫県,神戸市兵庫区,楠谷町１８番３号,6520004
8140001136945,株式会社がじゅまるクリエイト,兵庫県,神戸市兵庫区,西出町１丁目１９番１−１０６号,6520822
8140001137282,株式会社ＨＡトレーディング,兵庫県,神戸市兵庫区,氷室町１丁目１番２−１号,6520054
8140001137852,ＳＰＡＣＥ　ＤＥＣＯＮＳＴＲＵＣＴ株式会社,兵庫県,神戸市兵庫区,神田町１２番５号,6520006
8140001138636,ＥＴＬＡＳ株式会社,兵庫県,神戸市兵庫区,上庄通３丁目１−１−２Ｆ、２Ｄ室,6520862
8140001138743,博石株式会社,兵庫県,神戸市兵庫区,南仲町１番５号南仲ＴＯビル３０９号室,6520841
8140001138867,吉田株式会社,兵庫県,神戸市兵庫区,上三条町１番２３号−３０３号,6520013
8140001139023,株式会社Ｔａｋｅ　Ｓｔａｒ,兵庫県,神戸市兵庫区,下沢通３丁目４番２８号,6520047
8140001139064,株式会社ＫＳ富士,兵庫県,神戸市兵庫区,大開通２丁目３番２３号,6520803
8140001139642,Ｈｏｊｏ株式会社,兵庫県,神戸市兵庫区,永沢町４丁目２−１１−４０１,6520816
8140001139881,株式会社大石商事,兵庫県,神戸市兵庫区,出在家町１丁目５番１４号中之島中央ビル２０１,6520846
8140001140121,株式会社どんなときも,兵庫県,神戸市兵庫区,大開通５丁目１番３−５号カサフォルチュナ３０２号,6520803
8140001140393,株式会社エムアンドエム企画,兵庫県,神戸市兵庫区,三川口町３丁目３番６−２０１号,6520815
8140001140765,株式会社Ｙ．テック,兵庫県,神戸市兵庫区,下沢通３丁目４−２５神戸市管工事会館５０２号,6520047
8140001141061,株式会社ｅ‐ｃｒｅ８＆ｃｏ．,兵庫県,神戸市兵庫区,湊川町２丁目１０番１０号,6520041
8140001141210,株式会社ＭＪＩ　Ｔｅｃｈ,兵庫県,神戸市兵庫区,南仲町１−５南仲ＴＯビル２０４,6520841
8140001141953,株式会社Ｇｅｏｍｅｔｒｉｃ,兵庫県,神戸市兵庫区,西仲町２番２９号兵庫ソルマーレ１１０２,6520835
8140002027210,株式会社アントヒルズ,兵庫県,神戸市兵庫区,御崎本町１丁目１番５４号,6520852
8190001019559,株式会社ＳＫインターナショナル,兵庫県,神戸市兵庫区,新開地４丁目５番１５号１Ｆ,6520811
8370001047418,Ｋ　Ｓｅｍｉ　Ｔｅｃｈ株式会社,兵庫県,神戸市兵庫区,駅南通５丁目２番１２−３０１号,6520897
9011501026359,株式会社レモンドロップ,兵庫県,神戸市兵庫区,駅南通５丁目２番,6520897
9030001040216,株式会社エイチビーエス,兵庫県,神戸市兵庫区,羽坂通２丁目１番１３号,6520805
9120001093106,日本エンタープライズ株式会社,兵庫県,神戸市兵庫区,新開地６丁目２番２０−１４０２号,6520811
9120001140576,ダイシンスタッフサービス株式会社,兵庫県,神戸市兵庫区,永沢町３丁目２番７号,6520816
9120001199571,株式会社ドミーＲＯＯＭ,兵庫県,神戸市兵庫区,南仲町一丁目４番２号,6520841
9120001199670,デルタサプライ株式会社,兵庫県,神戸市兵庫区,下沢通５丁目３番１９号,6520047
9120001256174,ｍｏｖｉｅ　ｐｌｕｓ株式会社,兵庫県,神戸市兵庫区,上沢通７丁目４−１４,6520046
9120001267972,星空株式会社,兵庫県,神戸市兵庫区,芦原通６丁目３−６−２０３,6520882
9120101034703,株式会社歯科補綴極,兵庫県,神戸市兵庫区,新開地４丁目２番１４号Ｍ’ｓビル,6520811
9120101056961,株式会社アールサービス,兵庫県,神戸市兵庫区,御崎本町３丁目３番３７号,6520852
9120901017915,株式会社清麗,兵庫県,神戸市兵庫区,塚本通３丁目３−２３,6520804
9140001000646,株式会社オフィスジャパン,兵庫県,神戸市兵庫区,水木通８丁目１番２０号,6520802
9140001002485,ボワニー商亊株式会社,兵庫県,神戸市兵庫区,和田山通１丁目２−２５,6520884
9140001004770,株式会社サンコク,兵庫県,神戸市兵庫区,小河通２丁目２−２８,6520895
9140001005744,株式会社アークジャパン,兵庫県,神戸市兵庫区,浜中町２丁目５番１９号,6520875
9140001006247,加古屋株式会社,兵庫県,神戸市兵庫区,天王町１丁目２３６番地１,6520021
9140001006833,株式会社関西経営技術センター,兵庫県,神戸市兵庫区,三石通３丁目１番１１号,6520861
9140001007294,株式会社クローバー,兵庫県,神戸市兵庫区,新開地２丁目３番Ｂ−１号,6520811
9140001007328,株式会社黒田建築設計事務所,兵庫県,神戸市兵庫区,下沢通２丁目１番１７号,6520047
9140001008276,信建設株式会社,兵庫県,神戸市兵庫区,新開地４丁目３番９号,6520811
9140001008879,株式会社創建設計事務所,兵庫県,神戸市兵庫区,門口町１番３３号,6520814
9140001010018,ＴＩＮＡ株式会社,兵庫県,神戸市兵庫区,羽坂通２丁目１番２３号Ｂｉｇｆｏｒｅｓｔ８Ｃ,6520805
9140001010199,株式会社Ｋ＆Ｆ,兵庫県,神戸市兵庫区,上沢通５丁目１番１７号８０１,6520046
9140001010216,株式会社浜田広告社,兵庫県,神戸市兵庫区,荒田町４丁目８番１号,6520032
9140001010372,株式会社ビジネスメーカー,兵庫県,神戸市兵庫区,上沢通３丁目７番１０号,6520046
9140001010422,株式会社兵商連会館,兵庫県,神戸市兵庫区,新開地４丁目４番１２号,6520811
9140001011239,株式会社宗廣商事,兵庫県,神戸市兵庫区,築地町６番１１号,6520845
9140001011602,吉田装飾株式会社,兵庫県,神戸市兵庫区,楠谷町１６番７号,6520004
9140001011858,株式会社六甲菜館,兵庫県,神戸市兵庫区,下三条町１５番５号,6520014
9140001012369,相生商事株式会社,兵庫県,神戸市兵庫区,中道通１丁目４番１３号,6520801
9140001012377,株式会社アイテツク,兵庫県,神戸市兵庫区,湊町４丁目２番２号,6520812
9140001012393,株式会社アケサワ,兵庫県,神戸市兵庫区,塚本通６丁目１番２５号,6520804
9140001012402,朝霧商事株式会社,兵庫県,神戸市兵庫区,荒田町１丁目１７−１３,6520032
9140001012443,阿部建材株式会社,兵庫県,神戸市兵庫区,塚本通２丁目１番１１号,6520804
9140001012451,株式会社顕木,兵庫県,神戸市兵庫区,上沢通３丁目３番６号,6520046
9140001012484,石川電機工業株式会社,兵庫県,神戸市兵庫区,西出町２丁目１５番９号,6520822
9140001012501,株式会社イシマル,兵庫県,神戸市兵庫区,小河通１丁目１番１１号,6520895
9140001012518,株式会社井上工業所,兵庫県,神戸市兵庫区,東山町１丁目６番４号,6520042
9140001012526,株式会社稲岡医療器械店,兵庫県,神戸市兵庫区,荒田町３丁目１０番２７号,6520032
9140001012534,株式会社イマヅコーポレーション,兵庫県,神戸市兵庫区,吉田町２丁目２６番１０号,6520872
9140001012567,株式会社上原工務店,兵庫県,神戸市兵庫区,荒田町３丁目５番９号,6520032
9140001012591,榮昌産業株式会社,兵庫県,神戸市兵庫区,大開通９丁目２番１１号,6520803
9140001012609,株式会社エトーリアリティー,兵庫県,神戸市兵庫区,駅南通１丁目２番２４号,6520897
9140001012617,榎本金庫株式会社,兵庫県,神戸市兵庫区,上沢通４丁目１番１号,6520046
9140001012633,エルフ開発株式会社,兵庫県,神戸市兵庫区,矢部町２２番１０号,6520005
9140001012641,大分鉱産株式会社,兵庫県,神戸市兵庫区,本町１丁目５番１６号,6520834
9140001012658,神戸ダイトク株式会社,兵庫県,神戸市兵庫区,湊町４丁目１番１１号,6520812
9140001012674,株式会社大西デンキ,兵庫県,神戸市兵庫区,湊町２丁目１番１号,6520812
9140001012699,株式会社岡田ミシン商会,兵庫県,神戸市兵庫区,新開地１丁目４番２１号,6520811
9140001012708,株式会社小川ゴム商会,兵庫県,神戸市兵庫区,下沢通２丁目２番１８号,6520047
9140001012724,オリバーソース株式会社,兵庫県,神戸市兵庫区,松本通３丁目１番５号,6520045
9140001012740,関西開発工業株式会社,兵庫県,神戸市兵庫区,羽坂通２丁目１番２３号,6520805
9140001012749,関西左官工事株式会社,兵庫県,神戸市兵庫区,下沢通７丁目１番３１号,6520047
9140001012765,カドヤ産商株式会社,兵庫県,神戸市兵庫区,東山町１丁目１番２０号,6520042
9140001012773,かねいわ水産株式会社,兵庫県,神戸市兵庫区,中之島１丁目１番１号,6520844
9140001012798,上組陸運株式会社,兵庫県,神戸市兵庫区,高松町１番５３号,6520874
9140001012807,株式会社カムロ,兵庫県,神戸市兵庫区,塚本通７丁目１番１４号,6520804
9140001012815,川重車両テクノ株式会社,兵庫県,神戸市兵庫区,和田山通２丁目１２番１４号,6520884
9140001012823,株式会社川下コーポレーション,兵庫県,神戸市兵庫区,御崎町２丁目９番５号,6520855
9140001012831,川西倉庫株式会社,兵庫県,神戸市兵庫区,七宮町１丁目４番１６号,6520831
9140001012848,キクヤ図書販売株式会社,兵庫県,神戸市兵庫区,出在家町２丁目２番２１号,6520846
9140001012880,株式会社共栄電機製作所,兵庫県,神戸市兵庫区,水木通３丁目１番１２号,6520802
9140001012889,株式会社ダイキ,兵庫県,神戸市兵庫区,浜崎通２番３号,6520807
9140001012906,株式会社極東観光社,兵庫県,神戸市兵庫区,西上橘通２丁目２番１０号,6520033
9140001012914,喜楽堂製菓株式会社,兵庫県,神戸市兵庫区,羽坂通２丁目１番２号,6520805
9140001012922,国友株式会社,兵庫県,神戸市兵庫区,上沢通６丁目９番９号,6520046
9140001012930,熊野工作株式会社,兵庫県,神戸市兵庫区,芦原通６丁目２番１号,6520882
9140001012971,秀和株式会社,兵庫県,神戸市兵庫区,上沢通７丁目５番２５−２０１号,6520046
9140001012988,香信産業株式会社,兵庫県,神戸市兵庫区,新開地１丁目１番１１号,6520811
9140001012996,港島陸運株式会社,兵庫県,神戸市兵庫区,兵庫町１丁目４番９号,6520813
9140001013020,株式会社鋼和,兵庫県,神戸市兵庫区,下沢通４丁目７番２５号,6520047
9140001013045,株式会社小西組,兵庫県,神戸市兵庫区,永沢町３丁目７番１７号,6520816
9140001013053,コビキ精機株式会社,兵庫県,神戸市兵庫区,七宮町１丁目３番３号,6520831
9140001013061,コハラゴム株式会社,兵庫県,神戸市兵庫区,湊町１丁目１番の１,6520812
9140001013078,斉藤商事株式会社,兵庫県,神戸市兵庫区,湊町３丁目３番９号,6520812
9140001013086,株式会社サカエ化学,兵庫県,神戸市兵庫区,湊川町９丁目２１番２１号,6520041
9140001013094,三兼商事株式会社,兵庫県,神戸市兵庫区,浜崎通３番２１号,6520807
9140001013111,株式会社佐々木,兵庫県,神戸市兵庫区,和田宮通４丁目２番７号,6520863
9140001013128,株式会社サヌキ,兵庫県,神戸市兵庫区,下沢通１丁目３番３号,6520047
9140001013152,三陽マリン工業株式会社,兵庫県,神戸市兵庫区,西仲町２番４４号,6520835
9140001013160,三和工業株式会社,兵庫県,神戸市兵庫区,今出在家町２丁目２番１８号,6520853
9140001013185,株式会社シー・エム・エス,兵庫県,神戸市兵庫区,下沢通３丁目４番２５号,6520047
9140001013193,株式会社神港工務店,兵庫県,神戸市兵庫区,湊町３丁目１番１２号,6520812
9140001013210,新神戸石材株式会社,兵庫県,神戸市兵庫区,湊川町８丁目９番２号,6520041
9140001013219,株式会社新川鉄工所,兵庫県,神戸市兵庫区,今出在家町２丁目１番１５号,6520853
9140001013227,株式会社システム技研,兵庫県,神戸市兵庫区,新開地１丁目３番１８−３１２号,6520811
9140001013235,神鉄観光株式会社,兵庫県,神戸市兵庫区,荒田町１丁目２０番２号,6520032
9140001013243,株式会社柴垣造花店,兵庫県,神戸市兵庫区,湊町１丁目１番９号,6520812
9140001013268,株式会社ショーシン,兵庫県,神戸市兵庫区,下沢通１丁目１番２号,6520047
9140001013301,新和株式会社,兵庫県,神戸市兵庫区,水木通８丁目１番８号,6520802
9140001013318,株式会社瑞興,兵庫県,神戸市兵庫区,東柳原町１番１５号,6520892
9140001013326,杉浦産業株式会社,兵庫県,神戸市兵庫区,兵庫町２丁目３番７号,6520813
9140001013342,株式会社須美子,兵庫県,神戸市兵庫区,水木通１丁目４番９号カサ神戸２０２,6520802
9140001013367,株式会社星和電気工業,兵庫県,神戸市兵庫区,大同町４丁目４−４エール大同１Ｆ,6520062
9140001013375,株式会社扇港マリンサービス,兵庫県,神戸市兵庫区,出在家町１丁目１番１３号,6520846
9140001013391,株式会社セントラルエステート,兵庫県,神戸市兵庫区,上沢通３丁目２番３号５０１,6520046
9140001013409,双和化学産業株式会社,兵庫県,神戸市兵庫区,芦原通１丁目２番２６号,6520882
9140001013425,株式会社第一歯研,兵庫県,神戸市兵庫区,氷室町２丁目１４番１５号,6520054
9140001013441,株式会社大黒屋呉服店,兵庫県,神戸市兵庫区,荒田町１丁目２０番１号,6520032
9140001013466,大昌水産株式会社,兵庫県,神戸市兵庫区,中之島１丁目１番１号,6520844
9140001013474,ダイトウ電気工事株式会社,兵庫県,神戸市兵庫区,西出町２丁目３番２０号,6520822
9140001013482,大日電気産業株式会社,兵庫県,神戸市兵庫区,小松通２丁目３番１１−１０２号,6520865
9140001013490,株式会社大朋冷熱,兵庫県,神戸市兵庫区,大開通２丁目３番１３号,6520803
9140001013516,竹内産業株式会社,兵庫県,神戸市兵庫区,今出在家町１丁目２番４号,6520853
9140001013540,竹鶴石油株式会社,兵庫県,神戸市兵庫区,今出在家町１丁目２番４号,6520853
9140001013549,株式会社高松,兵庫県,神戸市兵庫区,塚本通１丁目２番１０号,6520804
9140001013557,宝産業株式会社,兵庫県,神戸市兵庫区,湊町１丁目５番１３号,6520812
9140001013581,株式会社谷本製作所,兵庫県,神戸市兵庫区,水木通５丁目２番４号,6520802
9140001013607,株式会社中央運動具店,兵庫県,神戸市兵庫区,西多聞通２丁目２番５号,6520035
9140001013623,株式会社ツチモト,兵庫県,神戸市兵庫区,本町２丁目１番２０号,6520834
9140001013631,天王商事株式会社,兵庫県,神戸市兵庫区,上祇園町８番５号,6520008
9140001013664,東海船舶工業株式会社,兵庫県,神戸市兵庫区,南逆瀬川町１−８,6520893
9140001013672,東新株式会社,兵庫県,神戸市兵庫区,塚本通６丁目２番１１号,6520804
9140001013689,東洋システム販売株式会社,兵庫県,神戸市兵庫区,下沢通８丁目４番２０号,6520047
9140001013697,東洋ビルテック株式会社,兵庫県,神戸市兵庫区,水木通４丁目２番２号,6520802
9140001013722,株式会社トムコ,兵庫県,神戸市兵庫区,西多聞通１丁目１番７号,6520035
9140001013739,ドリームジャパン株式会社,兵庫県,神戸市兵庫区,湊町１丁目２９６番地の２,6520812
9140001013747,ナンコー商事株式会社,兵庫県,神戸市兵庫区,浜中町２丁目１８番１２号,6520875
9140001013771,株式会社ナカミチ,兵庫県,神戸市兵庫区,中道通４丁目１番１２号,6520801
9140001013796,株式会社西海紙器工業所,兵庫県,神戸市兵庫区,下沢通４丁目６番１号,6520047
9140001013805,株式会社西土居モータース,兵庫県,神戸市兵庫区,門口町１番１号,6520814
9140001013813,株式会社西信商店,兵庫県,神戸市兵庫区,中之島１丁目１番１号,6520844
9140001013821,日栄電器株式会社,兵庫県,神戸市兵庫区,西上橘通１丁目４番１２−８０１号,6520033
9140001013862,株式会社ニユーシヤルマン,兵庫県,神戸市兵庫区,下沢通１丁目２１番地,6520047
9140001013904,株式会社盤設計,兵庫県,神戸市兵庫区,三川口町３丁目３番３号兵庫駅東ビル３０３号,6520815
9140001013937,浜山食品株式会社,兵庫県,神戸市兵庫区,浜山通３丁目４番４号,6520871
9140001013945,株式会社春吉商店,兵庫県,神戸市兵庫区,切戸町５番１９号,6520847
9140001013953,原田工業株式会社,兵庫県,神戸市兵庫区,永沢町３丁目１番１６号,6520816
9140001013961,株式会社ピアさんばし,兵庫県,神戸市兵庫区,笠松通７丁目３番４号,6520864
9140001013994,兵漬兵庫食品株式会社,兵庫県,神戸市兵庫区,中之島１丁目１番３号,6520844
9140001014019,株式会社フアツシヨン山本,兵庫県,神戸市兵庫区,本町１丁目１番２３号,6520834
9140001014027,株式会社福井茂商店,兵庫県,神戸市兵庫区,芦原通２丁目１番１６号,6520882
9140001014068,藤田酸素工業株式会社,兵庫県,神戸市兵庫区,東出町２丁目９番１号,6520823
9140001014076,藤正建設株式会社,兵庫県,神戸市兵庫区,鍛冶屋町２丁目２番３号,6520832
9140001014084,株式会社ふぢゐ,兵庫県,神戸市兵庫区,五宮町１５番１１号ラントレ五宮,6520007
9140001014101,株式会社プロミック,兵庫県,神戸市兵庫区,水木通１０丁目２番３１号,6520802
9140001014126,株式会社ホウヅミ商店,兵庫県,神戸市兵庫区,兵庫町１丁目１番５号,6520813
9140001014134,株式会社細見商店,兵庫県,神戸市兵庫区,荒田町１丁目１０番５号,6520032
9140001014142,堀江産業株式会社,兵庫県,神戸市兵庫区,東山町１丁目１番３号,6520042
9140001014159,株式会社正井建築設計事務所,兵庫県,神戸市兵庫区,水木通５丁目３番１６号,6520802
9140001014167,株式会社松岡服地店,兵庫県,神戸市兵庫区,荒田町１丁目２０番１号,6520032
9140001014175,株式会社松田,兵庫県,神戸市兵庫区,芦原通２丁目２番２２号,6520882
9140001014191,松本鋼機株式会社,兵庫県,神戸市兵庫区,湊町１丁目８８番地の１,6520812
9140001014200,株式会社松屋珈琲,兵庫県,神戸市兵庫区,湊町１丁目１番３号,6520812
9140001014266,丸和商事株式会社,兵庫県,神戸市兵庫区,門口町１番２４号,6520814
9140001014274,三木水産株式会社,兵庫県,神戸市兵庫区,中之島１丁目１番１号,6520844
9140001014282,株式会社水谷建設工業,兵庫県,神戸市兵庫区,神田町２５番３号,6520006
9140001014299,株式会社いちみね,兵庫県,神戸市兵庫区,本町２丁目２番３号,6520834
9140001014316,みなとがわ未来株式会社,兵庫県,神戸市兵庫区,荒田町４丁目２９番２４−１４１号,6520032
9140001014324,南株式会社,兵庫県,神戸市兵庫区,五宮町１９番１７号,6520007
9140001014332,株式会社三晴工業所,兵庫県,神戸市兵庫区,切戸町２番１０号中川ビル,6520847
9140001014340,宮川エンジニアリング株式会社,兵庫県,神戸市兵庫区,小河通４丁目２番１６号,6520895
9140001014357,株式会社明光堂,兵庫県,神戸市兵庫区,塚本通５丁目２番３号,6520804
9140001014373,明和タクシー株式会社,兵庫県,神戸市兵庫区,水木通１０丁目２番１５号,6520802
9140001014381,株式会社本岡商店,兵庫県,神戸市兵庫区,芦原通６丁目２番３１号,6520882
9140001014423,株式会社山一商会,兵庫県,神戸市兵庫区,北逆瀬川町３番２３号,6520837
9140001014431,山口屋商事株式会社,兵庫県,神戸市兵庫区,三川口町１丁目２番６号,6520815
9140001014448,山根青果株式会社,兵庫県,神戸市兵庫区,中之島１丁目１番１号,6520844
9140001014472,株式会社湯川商店,兵庫県,神戸市兵庫区,西仲町１番５号,6520835
9140001014480,夢野株式会社,兵庫県,神戸市兵庫区,滝山町７番地の４,6520056
9140001014489,株式会社吉川,兵庫県,神戸市兵庫区,西仲町１番２１号,6520835
9140001014497,株式会社吉村工作所,兵庫県,神戸市兵庫区,和田山通１丁目２番２５号,6520884
9140001014522,株式会社和興,兵庫県,神戸市兵庫区,西多聞通２丁目３番７−１号,6520035
9140001014547,菱栄工業株式会社,兵庫県,神戸市兵庫区,三石通３丁目２番５号,6520861
9140001014563,株式会社六甲グリーン,兵庫県,神戸市兵庫区,小河通２丁目２番５号,6520895
9140001014571,神戸興産株式会社,兵庫県,神戸市兵庫区,新開地４丁目２番１８号,6520811
9140001014605,神戸産業株式会社,兵庫県,神戸市兵庫区,水木通５丁目２番１６号,6520802
9140001014613,神戸船舶食品株式会社,兵庫県,神戸市兵庫区,島上町１丁目１番２号,6520833
9140001014646,神戸木材運輸株式会社,兵庫県,神戸市兵庫区,芦原通２丁目１番２７号,6520882
9140001014654,株式会社神戸萬年社,兵庫県,神戸市兵庫区,永沢町４丁目４番７号,6520816
9140001014679,株式会社日本サービスセンター,兵庫県,神戸市兵庫区,荒田町３丁目３０番８号,6520032
9140001014695,株式会社兵庫警備保障,兵庫県,神戸市兵庫区,大開通３丁目１番３６号（ＫＣビル２階）,6520803
9140001014729,株式会社フジデジタル・スタッフ,兵庫県,神戸市兵庫区,上庄通２丁目４番２７号,6520862
9140001014737,兵庫冷熱工業株式会社,兵庫県,神戸市兵庫区,西多聞通１丁目１番１６号,6520035
9140001015363,株式会社フジ,兵庫県,神戸市兵庫区,下沢通２丁目３番１２号,6520047
9140001016106,株式会社左川商会,兵庫県,神戸市兵庫区,兵庫町１丁目４番９−１０８号,6520813
9140001016163,澤田工業株式会社,兵庫県,神戸市兵庫区,水木通６丁目２番７号,6520802
9140001016691,株式会社播磨工業所,兵庫県,神戸市兵庫区,荒田町１丁目８番１７号,6520032
9140001016774,株式会社文尚堂,兵庫県,神戸市兵庫区,下沢通３丁目４番１１号,6520047
9140001017657,大道建設株式会社,兵庫県,神戸市兵庫区,和田宮通５丁目２番１０号,6520863
9140001017839,株式会社パレドール,兵庫県,神戸市兵庫区,小河通５丁目１番２６,6520895
9140001018060,株式会社ワダコーポレーション,兵庫県,神戸市兵庫区,塚本町五丁目１番１号,6520000
9140001018242,株式会社エム・エム・シー,兵庫県,神戸市兵庫区,塚本通２丁目２番１２号,6520804
9140001019067,株式会社ひらまん,兵庫県,神戸市兵庫区,下三条町９番１４号,6520014
9140001019100,清水木材株式会社,兵庫県,神戸市兵庫区,今出在家町３丁目２番３４号,6520853
9140001019109,株式会社ミサキ自動車整備工場,兵庫県,神戸市兵庫区,御崎本町３丁目２番５号,6520852
9140001019174,不動警備保障株式会社,兵庫県,神戸市兵庫区,氷室町２丁目２４番地の８１,6520054
9140001019835,株式会社カープラザフジ,兵庫県,神戸市兵庫区,本町２丁目４番９号,6520834
9140001019843,株式会社プロジェクト二十一,兵庫県,神戸市兵庫区,鵯越町１１番１７号,6520057
9140001019876,株式会社山崎興業,兵庫県,神戸市兵庫区,七宮町１丁目２番３号,6520831
9140001019892,株式会社アール・アンド・ディー,兵庫県,神戸市兵庫区,湊町１丁目２番１５号,6520812
9140001020347,株式会社アグリセールス,兵庫県,神戸市兵庫区,島上町１丁目１番１８号,6520833
9140001020529,大阪神戸冷食株式会社,兵庫県,神戸市兵庫区,中之島１丁目１番５号４階,6520844
9140001020644,本間不動産株式会社,兵庫県,神戸市兵庫区,今出在家町１丁目１０番８号,6520853
9140001020735,株式会社おお井,兵庫県,神戸市兵庫区,駅南通１丁目１番２４号,6520897
9140001021254,株式会社幸田庄二建築研究所,兵庫県,神戸市兵庫区,楠谷町２８番１号,6520004
9140001021626,株式会社アイ・ビートラスト,兵庫県,神戸市兵庫区,駅南通２丁目２番３７号,6520897
9140001022038,株式会社リブウェル,兵庫県,神戸市兵庫区,湊町４丁目２番２２号シティーパレス湊川１Ｆ,6520812
9140001022418,山勝株式会社,兵庫県,神戸市兵庫区,西柳原町３番１７号,6520806
9140001022970,株式会社カンサイセレモニー,兵庫県,神戸市兵庫区,本町２丁目３番２５号,6520834
9140001023069,株式会社野村総研,兵庫県,神戸市兵庫区,福原町１９番１６号,6520036
9140001023267,ワールドナビ株式会社,兵庫県,神戸市兵庫区,門口町４番２７号,6520814
9140001023903,株式会社福住,兵庫県,神戸市兵庫区,兵庫町１丁目４番２６号,6520813
9140001024471,株式会社アーベインＡＭ,兵庫県,神戸市兵庫区,新開地６丁目１−５−９０１,6520811
9140001024637,株式会社てつや,兵庫県,神戸市兵庫区,湊町２丁目４番２８号,6520812
9140001024711,株式会社賃貸住宅センター,兵庫県,神戸市兵庫区,福原町７番１０−７０１号,6520036
9140001025115,株式会社佐藤電設工業,兵庫県,神戸市兵庫区,駅前通５丁目２番８号,6520898
9140001025148,株式会社マスヤ,兵庫県,神戸市兵庫区,西出町１丁目２番１９号,6520822
9140001025271,Ｍ＆Ｍプランニング株式会社,兵庫県,神戸市兵庫区,駅南通５丁目２番１号６０８,6520897
9140001025362,株式会社ハウス・ロング,兵庫県,神戸市兵庫区,荒田町３丁目１０番９号,6520032
9140001025370,株式会社ワイビープランニング,兵庫県,神戸市兵庫区,西多聞通１丁目３番３２号,6520035
9140001026336,フジデンＤ＆Ｃ株式会社,兵庫県,神戸市兵庫区,中道通３丁目２番１２号,6520801
9140001027152,千代ケアサービス株式会社,兵庫県,神戸市兵庫区,出在家町２丁目４番２８号,6520846
9140001027441,株式会社エヌケーケー,兵庫県,神戸市兵庫区,新開地４丁目６番１９号,6520811
9140001027557,株式会社マーク,兵庫県,神戸市兵庫区,下祇園町３５番１０号,6520015
9140001027565,トータル引越センター株式会社,兵庫県,神戸市兵庫区,楠谷町３２番８号,6520004
9140001027581,株式会社ロボメカニクス研究所,兵庫県,神戸市兵庫区,和田山通１丁目２番２５号,6520884
9140001027771,株式会社ＳＯＲＡ　ＳＩＡＭ　ＪＡＰＡＮ,兵庫県,神戸市兵庫区,三川口町３丁目５番１３号,6520815
9140001027961,丸中音株式会社,兵庫県,神戸市兵庫区,和田山通１丁目２−２５神戸市ものづくり復興工場Ｄ棟３０８号室,6520884
9140001028002,株式会社ＪＫＣコーポレーション,兵庫県,神戸市兵庫区,七宮町２丁目２番１１号,6520831
9140001028076,株式会社ワンズライフ,兵庫県,神戸市兵庫区,須佐野通４丁目１番３号,6520896
9140001028522,株式会社イナガワ整備,兵庫県,神戸市兵庫区,築地町６番３２号,6520845
9140001028646,株式会社みなとホーム,兵庫県,神戸市兵庫区,大開通１０丁目２番１６号初阪ビル３Ｆ,6520803
9140001028712,株式会社カネミツケンソー,兵庫県,神戸市兵庫区,水木通４丁目２番６号,6520802
9140001029017,株式会社双海,兵庫県,神戸市兵庫区,大開通３丁目１番３号,6520803
9140001029074,グローリー・トータルマネジメント・リサーチ株式会社,兵庫県,神戸市兵庫区,菊水町５丁目４番５号,6520058
9140001029132,株式会社ＣＯＭＰＩＬＡＴＩＯＮ,兵庫県,神戸市兵庫区,新開地２丁目５番１１−３０２号,6520811
9140001029231,株式会社神戸社中,兵庫県,神戸市兵庫区,御崎町２丁目２番８号,6520855
9140001029322,神戸水産加工株式会社,兵庫県,神戸市兵庫区,中之島１丁目１番５号,6520844
9140001029363,株式会社ハルフーズ,兵庫県,神戸市兵庫区,新開地３丁目１番１６−１００５号,6520811
9140001029495,フジイマシナリサービス株式会社,兵庫県,神戸市兵庫区,浜山通２丁目４番１２号,6520871
9140001029504,株式会社Ｋテクノプラス,兵庫県,神戸市兵庫区,楠谷町１８−１０,6520004
9140001029594,株式会社ＴＬＳ,兵庫県,神戸市兵庫区,上庄通２丁目４番２９号,6520862
9140001029743,株式会社メグテックス,兵庫県,神戸市兵庫区,駅南通５丁目１番２−１５０４号,6520897
9140001029751,株式会社マルゼンフーズ,兵庫県,神戸市兵庫区,塚本通２丁目２番２５号３階,6520804
9140001030354,株式会社アレス,兵庫県,神戸市兵庫区,金平町１丁目１０番１３号,6520873
9140001030379,株式会社ポストマン神戸,兵庫県,神戸市兵庫区,西柳原町３番１７号シャトー大野１０１,6520806
9140001030478,株式会社ＴＲＩＵＭＰＨ,兵庫県,神戸市兵庫区,北逆瀬川町４番９号,6520837
9140001030882,西本興産株式会社,兵庫県,神戸市兵庫区,夢野町２丁目７番地,6520063
9140001030957,株式会社ダイシュウトレーディング,兵庫県,神戸市兵庫区,大開通２丁目１番５号,6520803
9140001031096,株式会社ミウラ工業,兵庫県,神戸市兵庫区,芦原通６丁目２番１１号,6520882
9140001031245,株式会社Ｊ・Ｄシステム,兵庫県,神戸市兵庫区,馬場町１８番９号,6520016
9140001031369,株式会社澤田,兵庫県,神戸市兵庫区,夢野町２丁目１４１番地,6520063
9140001032243,株式会社グッドワンぷらす,兵庫県,神戸市兵庫区,荒田町３丁目４１番１２号,6520032
9140001032755,ＥＳＰＵＭＡ　ＣＯＲＰＯＲＡＴＩＯＮ株式会社,兵庫県,神戸市兵庫区,西上橘通２丁目８番８号,6520033
9140001032920,株式会社村田建設,兵庫県,神戸市兵庫区,切戸町１−１３,6520847
9140001033142,株式会社Ｆ・Ｌｉｎｅ,兵庫県,神戸市兵庫区,大開通８丁目１番１６号,6520803
9140001033902,三鈴産業株式会社,兵庫県,神戸市兵庫区,西出町１丁目１番８号,6520822
9140001034256,株式会社コルト,兵庫県,神戸市兵庫区,西多聞通１丁目３番３１−１０１号,6520035
9140001037523,株式会社トピー商事神戸,兵庫県,神戸市兵庫区,大開通７丁目３−２,6520803
9140001038174,株式会社チャージ,兵庫県,神戸市兵庫区,下沢通５丁目１番１２−７０３号,6520047
9140001045955,株式会社ユナイテッド,兵庫県,神戸市兵庫区,梅元町１３番２９号,6520003
9140001047101,株式会社アレクシード,兵庫県,神戸市兵庫区,荒田町２丁目１５番３号,6520032
9140001057075,株式会社協力自動車,兵庫県,神戸市兵庫区,切戸町１番１７号,6520847
9140001067586,スイッチハウス株式会社,兵庫県,神戸市兵庫区,駅前通５丁目１−８サクラビル１Ｆ,6520898
9140001067743,株式会社メディカル・ラダー,兵庫県,神戸市兵庫区,三川口町２丁目３番１１号グランシャトー兵庫ＩＩ−１０５号,6520815
9140001077593,株式会社りがーど,兵庫県,神戸市兵庫区,三川口町３丁目６番１３−３０２号,6520815
9140001077841,株式会社アダック,兵庫県,神戸市兵庫区,鍛冶屋町１丁目２番２号,6520832
9140001086933,株式会社みらい農産,兵庫県,神戸市兵庫区,下沢通１丁目１番２号レジデンスナガサワ８０２号,6520047
9140001087015,ケイワ株式会社,兵庫県,神戸市兵庫区,羽坂通２丁目１番１号,6520805
9140001087551,株式会社ミユキ工芸,兵庫県,神戸市兵庫区,永沢町２丁目１番２５号（−１０２号）,6520816
9140001088095,株式会社立華,兵庫県,神戸市兵庫区,福原町３０番２０号ハイツ湊川３０７,6520036
9140001088145,株式会社ＭＢ２,兵庫県,神戸市兵庫区,小河通４丁目２−１６−３０２,6520895
9140001088161,ファーストステーション株式会社,兵庫県,神戸市兵庫区,御崎本町１丁目１番５４号,6520852
9140001088285,株式会社栄功企画,兵庫県,神戸市兵庫区,西多聞通２丁目４番１１号,6520035
9140001088954,株式会社リアルアセットプランニング,兵庫県,神戸市兵庫区,西出町２丁目７番５号１０３,6520822
9140001089416,株式会社石原工作所,兵庫県,神戸市兵庫区,和田山通１丁目２番２５号,6520884
9140001089523,音楽工房ＧＲＡＣＥ　Ｋ＆Ｋ株式会社,兵庫県,神戸市兵庫区,熊野町２丁目３番２４号,6520064
9140001089705,株式会社キュート,兵庫県,神戸市兵庫区,福原町２番１７号福原ビル１Ｆ,6520036
9140001089721,株式会社サクハウス,兵庫県,神戸市兵庫区,上沢通６丁目８番６号,6520046
9140001090010,株式会社グローリー,兵庫県,神戸市兵庫区,駅前通１丁目３番２２号,6520898
9140001090539,株式会社吾妻建設,兵庫県,神戸市兵庫区,中道通３丁目４番２２号,6520801
9140001092089,株式会社アドヴァンシップ,兵庫県,神戸市兵庫区,下沢通６丁目２番８号,6520047
9140001092881,株式会社Ｐｒｏｇｒｅｓｓ,兵庫県,神戸市兵庫区,新開地６丁目１番１２−１００５号,6520811
9140001093186,株式会社ＫＹホールディングス,兵庫県,神戸市兵庫区,浜崎通５番１６−３０１号,6520807
9140001093467,株式会社プラスワン,兵庫県,神戸市兵庫区,中道通１丁目１番７号,6520801
9140001093517,株式会社ワイシグマ,兵庫県,神戸市兵庫区,駅前通２丁目２番６号,6520898
9140001094572,株式会社ティーエムアイ・コンサルティング,兵庫県,神戸市兵庫区,駅南通５丁目１番１−２８０４,6520897
9140001094829,株式会社アイ・ネクスト,兵庫県,神戸市兵庫区,下沢通２丁目３番８号,6520047
9140001094911,清豊株式会社,兵庫県,神戸市兵庫区,西上橘通１丁目１番２６号松田マンション４０１号,6520033
9140001095216,株式会社ユペンディ,兵庫県,神戸市兵庫区,御崎本町１丁目１−３９アルカンシェルＩＩ５０３,6520852
9140001095562,森圓化成株式会社,兵庫県,神戸市兵庫区,荒田町１丁目４番５号,6520032
9140001095570,株式会社ＡＳＴＣＩＡ,兵庫県,神戸市兵庫区,里山町６５０番地４,6520051
9140001095868,Ｒ，Ｓ　ＵＮＩＴＥＤ株式会社,兵庫県,神戸市兵庫区,石井町２丁目３番１０号１Ｆ,6520061
9140001095884,スミココーポレーション株式会社,兵庫県,神戸市兵庫区,駅前通４丁目２番１号,6520898
9140001096569,株式会社ＤＡＩｓ,兵庫県,神戸市兵庫区,新開地１丁目４番２６号,6520811
9140001096833,株式会社ＳＰＲＩＮＴ,兵庫県,神戸市兵庫区,西柳原町２−４,6520806
9140001097096,株式会社豊陽建設,兵庫県,神戸市兵庫区,湊町３丁目２番５−１５１５号,6520812
9140001099274,株式会社Ａ−ｒｏｏｍ,兵庫県,神戸市兵庫区,中道通１丁目２番８−１０１号,6520801
9140001099968,Ｍ’ｓ技研株式会社,兵庫県,神戸市兵庫区,新開地６丁目２番２６−１１０１号,6520811
9140001100082,サンビ商事株式会社,兵庫県,神戸市兵庫区,松本通６丁目３番４号ハイツブラジル４０２号,6520045
9140001100132,海宿株式会社,兵庫県,神戸市兵庫区,門口町３番１３−１号,6520814
9140001100644,株式会社エヌエス研究所,兵庫県,神戸市兵庫区,水木通４丁目２−２,6520802
9140001100792,誠工株式会社,兵庫県,神戸市兵庫区,大開通２丁目３番２１号甲南アセット大開ビル別館５Ｆ,6520803
9140001101320,ＩＳＥ株式会社,兵庫県,神戸市兵庫区,新開地４丁目１番１３号２０２号室,6520811
9140001101469,株式会社神戸地盤,兵庫県,神戸市兵庫区,上沢通６丁目６番４号,6520046
9140001102070,株式会社Ｄａｉｋｏｋｕ,兵庫県,神戸市兵庫区,中道通１丁目１番８号,6520801
9140001102319,株式会社三全,兵庫県,神戸市兵庫区,駅前通５丁目２番１９号,6520898
9140001102979,株式会社ＩＮＴＥＲＩＯＲ　ＦＥＬＬＯＷ,兵庫県,神戸市兵庫区,湊川町８丁目８番１０−１０５号,6520041
9140001103044,株式会社良質管理,兵庫県,神戸市兵庫区,下沢通１丁目１−１７−２１４,6520047
9140001103589,株式会社石飛商店,兵庫県,神戸市兵庫区,船大工町３番２０号,6520843
9140001104967,株式会社照喜屋興産,兵庫県,神戸市兵庫区,吉田町１丁目１４番１０−１号,6520872
9140001106591,高本産業株式会社,兵庫県,神戸市兵庫区,神田町１番６号,6520006
9140001108456,株式会社ＭＡＲＵ,兵庫県,神戸市兵庫区,中道通２丁目１−３,6520801
9140001108472,ハタコー産業株式会社,兵庫県,神戸市兵庫区,神田町１０番１２号,6520006
9140001108679,株式会社笑鶏,兵庫県,神戸市兵庫区,羽坂通３丁目２番１０号羽坂ビル１０３号,6520805
9140001109116,Ｍ＆Ｙ株式会社,兵庫県,神戸市兵庫区,神田町２０−２７,6520006
9140001109330,クランクス株式会社,兵庫県,神戸市兵庫区,菊水町４丁目３番１８号,6520058
9140001109363,株式会社ＳＹクリーン,兵庫県,神戸市兵庫区,里山町６４５番地の１,6520051
9140001109388,株式会社東和,兵庫県,神戸市兵庫区,中之島１丁目１−２,6520844
9140001109421,ＤＡＲＵＭＡ株式会社,兵庫県,神戸市兵庫区,西橘通２丁目４番７−１０１号,6520034
9140001109479,株式会社Ｔ＆Ｊ,兵庫県,神戸市兵庫区,大開通１０丁目２番６号,6520803
9140001109611,株式会社ティエラ,兵庫県,神戸市兵庫区,鵯越町８番４号,6520057
9140001109669,株式会社タカキヨＬｉｎｅ,兵庫県,神戸市兵庫区,佐比江町１８−１１,6520821
9140001109719,株式会社リブ,兵庫県,神戸市兵庫区,羽坂通１丁目１番１４号サンハイツ羽坂２０３号室,6520805
9140001110305,株式会社オールライト,兵庫県,神戸市兵庫区,東出町２丁目８−８,6520823
9140001110841,株式会社Ｍ’ｓ建築工房,兵庫県,神戸市兵庫区,駅南通４丁目４−１３リードビル６Ｆ,6520897
9140001110866,株式会社星加内装,兵庫県,神戸市兵庫区,御崎町２丁目１８番９号,6520855
9140001110965,株式会社コニシステム,兵庫県,神戸市兵庫区,菊水町９丁目１６番２号,6520058
9140001111410,株式会社造,兵庫県,神戸市兵庫区,下沢通６丁目１番２５号,6520047
9140001111963,株式会社ＨｅａｌｅＲ,兵庫県,神戸市兵庫区,荒田町１丁目５番１４号ロータス湊川公園１０２,6520032
9140001112680,株式会社プロテオールジャパン,兵庫県,神戸市兵庫区,和田山通１丁目２番２５号神戸市ものづくり工場Ｃ−５０３,6520884
9140001112978,株式会社藤栄,兵庫県,神戸市兵庫区,塚本通５丁目１番１３号,6520804
9140001113506,株式会社ＫＣパートナーズ,兵庫県,神戸市兵庫区,上沢通１丁目１−２５,6520046
9140001113745,株式会社ＫＢ．ｃｕｅｎｔｏ,兵庫県,神戸市兵庫区,荒田町４丁目７番３号,6520032
9140001113910,株式会社ホットスタッフ神戸,兵庫県,神戸市兵庫区,大開通１丁目１番１号神鉄ビル６０１,6520803
9140001114066,株式会社エスビートレード,兵庫県,神戸市兵庫区,中之島１丁目１番３号,6520844
9140001114314,清海国際貿易株式会社,兵庫県,神戸市兵庫区,東出町３丁目２２番１１号２Ｆ,6520823
9140001115989,株式会社ＥＬＢＡ,兵庫県,神戸市兵庫区,大開通７丁目４番５−４０２号,6520803
9140001116038,株式会社ＡＫＵＳＹＵ,兵庫県,神戸市兵庫区,東山町１丁目１番７号２Ｆ,6520042
9140001116483,株式会社ＫＮ商会,兵庫県,神戸市兵庫区,羽坂通１丁目１番５号,6520805
9140001116566,相良工業株式会社,兵庫県,神戸市兵庫区,湊町３丁目２番５−２０６号,6520812
9140001116822,株式会社松本工務店,兵庫県,神戸市兵庫区,駅前通４丁目３−１−１１９,6520898
9140001116938,株式会社Ｐ．Ｓ．Ｋ,兵庫県,神戸市兵庫区,西宮内町２番２４号,6520891
9140001116987,平造株式会社,兵庫県,神戸市兵庫区,芦原通３丁目２番４号,6520882
9140001117028,株式会社春秋珈房,兵庫県,神戸市兵庫区,三川口町２丁目５番５号,6520815
9140001117317,ａｔａｍａｎ株式会社,兵庫県,神戸市兵庫区,永沢町４丁目４番９−２０１号,6520816
9140001117829,株式会社伊勢屋プランニングカンパニー,兵庫県,神戸市兵庫区,大同町３丁目８−１０,6520062
9140001117837,株式会社良室,兵庫県,神戸市兵庫区,福原町１番３号１０２号室,6520036
9140001118422,株式会社ＷＭアセットマネジメント,兵庫県,神戸市兵庫区,湊町２丁目１番１１号,6520812
9140001118521,＿商事株式会社,兵庫県,神戸市兵庫区,荒田町１丁目１６番４号,6520032
9140001119148,株式会社岡讃,兵庫県,神戸市兵庫区,新開地１丁目３番１５−１０２号,6520811
9140001119255,株式会社ＯＲＩＮＯ,兵庫県,神戸市兵庫区,塚本通２丁目２番１８号,6520804
9140001119313,船木エステート株式会社,兵庫県,神戸市兵庫区,上三条町４番３号,6520013
9140001119420,株式会社神戸電気,兵庫県,神戸市兵庫区,松原通１丁目１番３９−１号,6520881
9140001120378,株式会社Ｍｏｇテック,兵庫県,神戸市兵庫区,菊水町１０丁目１番２０号,6520058
9140001120452,株式会社シェルパ,兵庫県,神戸市兵庫区,本町１丁目１番８号,6520834
9140001120766,株式会社Ｇｌｏｂａｌ−Ｃ,兵庫県,神戸市兵庫区,新開地４丁目２番１４号Ｍ’ｓビル５階,6520811
9140001121814,株式会社Ｍｏｉ　Ｌｉｆｅ,兵庫県,神戸市兵庫区,荒田町１丁目７−１２,6520032
9140001122102,株式会社兵庫ケアサービス,兵庫県,神戸市兵庫区,里山町１番地の２２４,6520051
9140001122894,株式会社フェリピープス,兵庫県,神戸市兵庫区,新開地６丁目１番５−７０５号,6520811
9140001123570,株式会社らくわ,兵庫県,神戸市兵庫区,西上橘通１丁目１番８号,6520033
9140001124148,株式会社Ｋｃ,兵庫県,神戸市兵庫区,松原通２丁目３−５,6520881
9140001124362,ＯＴＳＵＭＩ　ＨＥＡＬＴＨＹ＆ＢＥＡＵＴＹ株式会社,兵庫県,神戸市兵庫区,東柳原町２−２４,6520892
9140001124800,株式会社ＣＳ‐ＬＩＮＥ,兵庫県,神戸市兵庫区,中道通２丁目１番１７号,6520801
9140001125344,えびす工業株式会社,兵庫県,神戸市兵庫区,七宮町１丁目７番２２号,6520831
9140001125575,株式会社ＬＩＥＮ,兵庫県,神戸市兵庫区,上沢通１丁目３番２号,6520046
9140001126631,盛安株式会社,兵庫県,神戸市兵庫区,東出町３丁目５番７号,6520823
9140001127621,ＫＩＷＡ株式会社,兵庫県,神戸市兵庫区,荒田町２丁目５番１３−２号,6520032
9140001128314,株式会社チェンジ,兵庫県,神戸市兵庫区,中道通２丁目２番９号,6520801
9140001128405,株式会社ナルキャピタル,兵庫県,神戸市兵庫区,御崎本町１丁目１番５４号,6520852
9140001129155,株式会社三和会,兵庫県,神戸市兵庫区,中之島１丁目１−５、４階,6520844
9140001129337,大体なんでもします株式会社,兵庫県,神戸市兵庫区,湊町２丁目３−３０,6520812
9140001129543,株式会社ユウシンカンパニー,兵庫県,神戸市兵庫区,出在家町２丁目６番２０号,6520846
9140001129568,株式会社晟虹,兵庫県,神戸市兵庫区,永沢町４丁目４−５−８０１,6520816
9140001129898,株式会社Ａ＆ｌｉｖｅ,兵庫県,神戸市兵庫区,新開地６丁目１番１２−１００５号,6520811
9140001129915,株式会社丸祥,兵庫県,神戸市兵庫区,出在家町２丁目２番２８号,6520846
9140001129972,株式会社ＴｈｉｎｋＵ,兵庫県,神戸市兵庫区,熊野町４丁目１４番２−２号−２Ｂ,6520064
9140001130071,株式会社網十,兵庫県,神戸市兵庫区,金平町１丁目６番３号,6520873
9140001131499,株式会社ＰＩＮＥＣＯＮＥＳ,兵庫県,神戸市兵庫区,水木通２丁目２番１３−２０４号,6520802
9140001132209,株式会社福神社,兵庫県,神戸市兵庫区,山王町１丁目６番８号,6520011
9140001132943,マイハネスト株式会社,兵庫県,神戸市兵庫区,本町２丁目１番５号３０１,6520834
9140001133124,株式会社七福神社,兵庫県,神戸市兵庫区,松原通４丁目４番７−２０２号室,6520881
9140001133487,ひふみ株式会社,兵庫県,神戸市兵庫区,楠谷町１４番６号,6520004
9140001134287,株式会社大輝建装,兵庫県,神戸市兵庫区,湊町４丁目１番１−４０１号,6520812
9140001134361,株式会社ＹＡＭＡＭＯＴＯ,兵庫県,神戸市兵庫区,下沢通２丁目３番９号ビルド・ゼン２階,6520047
9140001134758,株式会社兼菊,兵庫県,神戸市兵庫区,神田町９番８号神田町アパート２号室,6520006
9140001135178,株式会社７ＡＲＣ,兵庫県,神戸市兵庫区,築地町３番５１号,6520845
9140001135426,ＹＳＫネクスト株式会社,兵庫県,神戸市兵庫区,三川口町１丁目２番７号,6520815
9140001136300,株式会社ＨＯＡＮＧ　ＮＧＵＹＥＮ,兵庫県,神戸市兵庫区,西上橘通１丁目４番１１号１Ｆ,6520033
9140001136309,Ｓｏｕｔｈ　Ｓｔａｒ株式会社,兵庫県,神戸市兵庫区,上三条町１番２３号、４０３号室,6520013
9140001137224,株式会社ＰｈａｓｅＦｒｅｅ,兵庫県,神戸市兵庫区,船大工町二丁目７番キャナルレジデンス１０１,6520843
9140001137447,株式会社ＬＥＣＵＲＵ,兵庫県,神戸市兵庫区,上庄通２丁目１番３号,6520862
9140001137620,株式会社ヒカリ,兵庫県,神戸市兵庫区,西上橘通２丁目８−１７マルイマンション１Ｆ,6520033
9140001138461,株式会社ＡＯＩコーポレーション,兵庫県,神戸市兵庫区,下祇園町９番１６号下祇園コーポ１０３,6520015
9140001139088,株式会社キイロイツノ,兵庫県,神戸市兵庫区,塚本通３丁目３−１４,6520804
9140001139187,株式会社ｍ,兵庫県,神戸市兵庫区,荒田町４丁目２９−２４,6520032
9140001139303,株式会社グランスペース,兵庫県,神戸市兵庫区,烏原町ヌク谷１,6520001
9140001139501,ロイヤルヴィレッジ株式会社,兵庫県,神戸市兵庫区,西上橘通１丁目４番１,6520033
9140001139906,ライウェイ株式会社,兵庫県,神戸市兵庫区,中道通７丁目２番１５号,6520801
9140001140681,関西トラスト株式会社,兵庫県,神戸市兵庫区,築地町３番３０号,6520845
9140001141325,株式会社Ｓａｉｌｏｎ,兵庫県,神戸市兵庫区,松本通７丁目１番２９号１階,6520045
9140001141374,株式会社ＮＡＭＥ,兵庫県,神戸市兵庫区,新開地３丁目３−６シンプルライフ新開地２−１０１号,6520811
9140001142042,株式会社カカオと発酵,兵庫県,神戸市兵庫区,荒田町２丁目１８番２０−６０８号,6520032
9140001142414,株式会社萬両不動産,兵庫県,神戸市兵庫区,浜崎通３番１９−２０１号,6520807
9140001142439,ＫＥＮＴＯ　ＨＯＬＤＩＮＧＳ株式会社,兵庫県,神戸市兵庫区,磯之町１番７号,6520842
9140002011444,株式会社神峰技研,兵庫県,神戸市兵庫区,三川口町３丁目３番３号,6520815
9140002019982,株式会社アレス・ソリューションサービス,兵庫県,神戸市兵庫区,水木通１丁目５番２６−１０２号,6520802
9140002020544,つばさ株式会社,兵庫県,神戸市兵庫区,上沢通１丁目１番８号グランデール丸文３階,6520046
9140003012672,株式会社民安経営,兵庫県,神戸市兵庫区,荒田町２丁目１８番２０−９１３号,6520032
