法人番号,法人名,都道府県,市区町村,番地,郵便番号
1010001232598,株式会社弘毅,兵庫県,神戸市灘区,篠原台１１番９号,6570016
1011201010364,株式会社グリーンランド,兵庫県,神戸市灘区,岩屋南町３番２５号,6570856
1011401016129,上園通商株式会社,兵庫県,神戸市灘区,友田町１丁目４番１９号,6570035
1020001094880,株式会社ＯＳＥ,兵庫県,神戸市灘区,大石東町５丁目８番１号,6570043
1120001108952,株式会社グランブルー,兵庫県,神戸市灘区,弓木町５丁目３番１２号,6570026
1120001129230,ワイズトラスト株式会社,兵庫県,神戸市灘区,大石東町５丁目４番８−６０７号,6570043
1120001169169,株式会社マルチプロデータ,兵庫県,神戸市灘区,六甲山町西谷山１８７８番地の４８,6570101
1120001189349,株式会社淑花,兵庫県,神戸市灘区,桜ケ丘町１１番１−５０８号,6570021
1120001211145,株式会社ＬＵＣＩＦＥＲ,兵庫県,神戸市灘区,備後町３丁目２番３−１００４号,6570037
1120001249400,ＫＫ＆ＡＭＹ日中貿易株式会社,兵庫県,神戸市灘区,友田町３丁目５番１３号,6570035
1120001268409,株式会社こころや,兵庫県,神戸市灘区,水道筋５丁目３番６号,6570831
1120101068782,株式会社エムアンドエム,兵庫県,神戸市灘区,岩屋北町５丁目１番７号,6570846
1130001077247,株式会社モレラ,兵庫県,神戸市灘区,灘北通１０丁目２番２３−２０２号,6570835
1140001001164,株式会社オウギ,兵庫県,神戸市灘区,桜口町３丁目１番１号パニエ３０１号室,6570036
1140001001486,甲陽酒販株式会社,兵庫県,神戸市灘区,新在家南町５丁目１番２号,6570864
1140001002229,株式会社パンオーシャン,兵庫県,神戸市灘区,摩耶埠頭２番２,6570854
1140001002699,ヤマト興業株式会社,兵庫県,神戸市灘区,篠原伯母野山町１丁目１番１−２１９号,6570015
1140001002947,株式会社アート装備,兵庫県,神戸市灘区,城内通４丁目５番１０号,6570836
1140001002971,芦田工業株式会社,兵庫県,神戸市灘区,水道筋５丁目２番５号,6570831
1140001002988,株式会社アパレル富士,兵庫県,神戸市灘区,水道筋６丁目７番１５号,6570831
1140001002996,有賀服装株式会社,兵庫県,神戸市灘区,天城通３丁目３番地の６,6570823
1140001003020,井住建設株式会社,兵庫県,神戸市灘区,篠原北町３丁目１６番１９号,6570068
1140001003037,株式会社インテリアまゆみ,兵庫県,神戸市灘区,徳井町１丁目２−３０−１０１,6570033
1140001003045,入船観光株式会社,兵庫県,神戸市灘区,岩屋中町５丁目１番６号,6570845
1140001003078,レボック株式会社,兵庫県,神戸市灘区,岩屋北町２丁目５番２７号,6570846
1140001003086,株式会社エスアイラボ,兵庫県,神戸市灘区,篠原中町５丁目５番３７−５０９号,6570066
1140001003094,株式会社エッジ,兵庫県,神戸市灘区,深田町４丁目１番１−２４０５号,6570038
1140001003103,エヌ、テイ、エル産業株式会社,兵庫県,神戸市灘区,篠原北町１丁目５番１３号,6570068
1140001003144,岡橋商事株式会社,兵庫県,神戸市灘区,岩屋中町５丁目１番１号,6570845
1140001003202,川井自動車株式会社,兵庫県,神戸市灘区,琵琶町２丁目１番９号,6570041
1140001003210,川本測量設計株式会社,兵庫県,神戸市灘区,泉通５丁目３番１７号,6570834
1140001003219,近畿マグネライン株式会社,兵庫県,神戸市灘区,宮山町３丁目１−１８トーカン六甲キャステール２０６号,6570065
1140001003235,金盃酒造株式会社,兵庫県,神戸市灘区,大石東町６丁目３番１号,6570043
1140001003268,株式会社グロービィ,兵庫県,神戸市灘区,水道筋６丁目１番１１号,6570831
1140001003276,株式会社クリムウエスト,兵庫県,神戸市灘区,灘南通５丁目３番２２号,6570841
1140001003284,株式会社京王メガネ,兵庫県,神戸市灘区,永手町５丁目７番８号,6570027
1140001003292,株式会社神戸河西運輸,兵庫県,神戸市灘区,味泥町３番２９号,6570851
1140001003301,株式会社ケイテム,兵庫県,神戸市灘区,岩屋北町１丁目４番１６号,6570846
1140001003342,甲南タクシー株式会社,兵庫県,神戸市灘区,原田通２丁目１番１２号,6570837
1140001003350,ケイピーリペア株式会社,兵庫県,神戸市灘区,灘南通３丁目３番１４号,6570841
1140001003359,甲陽糧穀株式会社,兵庫県,神戸市灘区,新在家南町３丁目３番１９号,6570864
1140001003367,コガセ工業株式会社,兵庫県,神戸市灘区,新在家南町２丁目３番１５号,6570864
1140001003375,株式会社壽住宅,兵庫県,神戸市灘区,高徳町３丁目２番２６号,6570025
1140001003383,日本ホールディングス株式会社,兵庫県,神戸市灘区,楠丘町６丁目９番１０号,6570024
1140001003391,三景株式会社,兵庫県,神戸市灘区,篠原南町７丁目５番１９号,6570059
1140001003409,三正画材株式会社,兵庫県,神戸市灘区,鶴甲２丁目１１番２−１０６号,6570011
1140001003417,株式会社サンテックス,兵庫県,神戸市灘区,船寺通１丁目５番１７号,6570842
1140001003425,サンフィールド株式会社,兵庫県,神戸市灘区,八幡町２丁目７番２０号,6570051
1140001003433,山陽建材工事株式会社,兵庫県,神戸市灘区,篠原本町４丁目５番２２号,6570067
1140001003458,株式会社ＡＸＩＳ,兵庫県,神戸市灘区,水道筋６丁目４番１号,6570831
1140001003490,神東建設株式会社,兵庫県,神戸市灘区,灘南通３丁目１番１３号,6570841
1140001003499,株式会社シビル,兵庫県,神戸市灘区,灘北通９丁目３番９号アメディオ灘３０１号,6570835
1140001003508,株式会社シマブンコーポレーション,兵庫県,神戸市灘区,岩屋中町４丁目２番７号,6570845
1140001003524,株式会社シュール,兵庫県,神戸市灘区,原田通２丁目１番９号,6570837
1140001003532,株式会社ジャプコ,兵庫県,神戸市灘区,岩屋北町５丁目１番２１号イトーピア灘１０３号室,6570846
1140001003540,新和工業株式会社,兵庫県,神戸市灘区,城の下通３丁目８番３７号,6570804
1140001003557,杉本工業株式会社,兵庫県,神戸市灘区,高羽町５丁目４番４号,6570023
1140001003581,扇港興産株式会社,兵庫県,神戸市灘区,都通１丁目１番６号,6570844
1140001003598,第一住建株式会社,兵庫県,神戸市灘区,稗原町２丁目３番１号,6570054
1140001003607,大建機工産業株式会社,兵庫県,神戸市灘区,岩屋北町１丁目３番１７号,6570846
1140001003615,株式会社大盛堂書房,兵庫県,神戸市灘区,青谷町４丁目４番１３号,6570805
1140001003623,株式会社タウンショップ,兵庫県,神戸市灘区,大石東町３丁目５番２２号,6570043
1140001003648,株式会社竹田装飾,兵庫県,神戸市灘区,篠原中町６丁目２番１９号,6570066
1140001003664,多谷株式会社,兵庫県,神戸市灘区,備後町３丁目１番１号,6570037
1140001003672,棚田建材株式会社,兵庫県,神戸市灘区,友田町３丁目２番１号,6570035
1140001003680,株式会社ちどり屋商店,兵庫県,神戸市灘区,船寺通１丁目１番１号,6570842
1140001003689,株式会社月森工務店,兵庫県,神戸市灘区,王子町１丁目２番１号,6570838
1140001003697,ティ・オー産業株式会社,兵庫県,神戸市灘区,曾和町１丁目４番２−１０１号,6570063
1140001003714,東神工業株式会社,兵庫県,神戸市灘区,上野通１丁目２番３５−２０８号,6570817
1140001003730,東洋産業株式会社,兵庫県,神戸市灘区,一王山町１４番１−３０６号,6570012
1140001003747,株式会社巴工務店,兵庫県,神戸市灘区,下河原通３丁目３番９号,6570045
1140001003771,中村印刷株式会社,兵庫県,神戸市灘区,友田町３丁目２番３号,6570035
1140001003788,灘タクシー株式会社,兵庫県,神戸市灘区,船寺通５丁目１番８号,6570842
1140001003796,南部運送株式会社,兵庫県,神戸市灘区,浜田町１丁目１番１号,6570862
1140001003813,日栄不動産株式会社,兵庫県,神戸市灘区,岩屋北町７丁目１番３０号,6570846
1140001003838,新田マリンサービス株式会社,兵庫県,神戸市灘区,赤坂通８丁目７番２９号,6570821
1140001003904,株式会社ハヤシ,兵庫県,神戸市灘区,高尾通３丁目１番２５号,6570813
1140001003945,株式会社平田工務店,兵庫県,神戸市灘区,篠原伯母野山町３丁目９番４０号,6570015
1140001003961,藤岡金属株式会社,兵庫県,神戸市灘区,倉石通２丁目２番１６号,6570826
1140001003978,株式会社冨士田商店,兵庫県,神戸市灘区,浜田町３丁目１番の１８号,6570862
1140001004027,株式会社細井商会,兵庫県,神戸市灘区,篠原中町４丁目２番５号,6570066
1140001004043,株式会社マエストロ,兵庫県,神戸市灘区,高羽町３丁目１３番５号,6570023
1140001004051,株式会社正井商事,兵庫県,神戸市灘区,原田通２丁目４番２号,6570837
1140001004076,摩耶ターミナル株式会社,兵庫県,神戸市灘区,摩耶埠頭,6570854
1140001004084,株式会社萬力商店,兵庫県,神戸市灘区,新在家北町２丁目４番１１号,6570861
1140001004118,株式会社みどりやマーク工芸,兵庫県,神戸市灘区,王子町１丁目１番４号,6570838
1140001004134,株式会社ムカデ屋,兵庫県,神戸市灘区,福住通４丁目１番１号,6570824
1140001004142,明光商事株式会社,兵庫県,神戸市灘区,中郷町４丁目２番１号,6570032
1140001004150,株式会社明文館,兵庫県,神戸市灘区,稗原町２丁目２番２２号,6570054
1140001004167,森電気工業株式会社,兵庫県,神戸市灘区,都通３丁目３番２６号,6570844
1140001004191,ヤマデン商事株式会社,兵庫県,神戸市灘区,水道筋５丁目２番４号,6570831
1140001004200,株式会社ユー企画,兵庫県,神戸市灘区,下河原通３丁目４番９号,6570045
1140001004209,ＮＡＢ株式会社,兵庫県,神戸市灘区,鶴甲２丁目１１番４−１０６号,6570011
1140001004217,株式会社ヨシダ興業,兵庫県,神戸市灘区,船寺通３丁目２番１号,6570842
1140001004258,株式会社菱和,兵庫県,神戸市灘区,高尾通４丁目１番１７号,6570813
1140001004274,六甲駅前ビル株式会社,兵庫県,神戸市灘区,宮山町３丁目３番１号,6570065
1140001004290,株式会社六甲測建,兵庫県,神戸市灘区,灘南通５丁目２番７号,6570841
1140001004299,株式会社六甲双葉,兵庫県,神戸市灘区,永手町４丁目２番１−１２１１号,6570027
1140001004316,株式会社レイメイ,兵庫県,神戸市灘区,篠原北町１丁目７番１８号,6570068
1140001004332,株式会社神戸導管設備工業,兵庫県,神戸市灘区,城内通５丁目３番２１号,6570836
1140001004340,株式会社神戸日建,兵庫県,神戸市灘区,赤松町２丁目１番１０号,6570061
1140001006196,井上塗料株式会社,兵庫県,神戸市灘区,篠原中町１丁目３番３−１０３号,6570066
1140001006452,ネスコサービス株式会社,兵庫県,神戸市灘区,六甲町４丁目７番５号,6570053
1140001007211,株式会社ギヤル,兵庫県,神戸市灘区,中郷町２丁目３番１１号,6570032
1140001007822,三幸建設株式会社,兵庫県,神戸市灘区,船寺通５丁目２番２号,6570842
1140001008143,株式会社神栄電設,兵庫県,神戸市灘区,大石東町４丁目７番２号,6570043
1140001008176,株式会社シー・ディー・シー・インターナショナル,兵庫県,神戸市灘区,浜田町３丁目５番８アーバンヴィレッジ六甲南２０２号,6570862
1140001008795,株式会社瀬川運送店,兵庫県,神戸市灘区,大石南町３丁目２番７号,6570852
1140001009430,株式会社ティアンドティ,兵庫県,神戸市灘区,篠原本町５丁目６番４号,6570067
1140001009496,テンダーハウス株式会社,兵庫県,神戸市灘区,上野通４丁目３番１４号,6570817
1140001010512,株式会社フェニックスジャパン,兵庫県,神戸市灘区,高尾通２丁目４番１号,6570813
1140001012913,株式会社キャロット商事,兵庫県,神戸市灘区,都通５丁目３番１−１２０３号,6570844
1140001015610,神戸ツール株式会社,兵庫県,神戸市灘区,新在家南町３丁目３番３号,6570864
1140001016501,株式会社トータルフイツトネス,兵庫県,神戸市灘区,六甲町２丁目１番２０号,6570053
1140001019751,株式会社エム・アンド・エム,兵庫県,神戸市灘区,日尾町１丁目２番１４号,6570029
1140001019883,株式会社コウベエムズカンパニー,兵庫県,神戸市灘区,新在家北町１丁目１８番地,6570861
1140001019990,フジグレース株式会社,兵庫県,神戸市灘区,大和町４丁目２番１２号（フジグレース１階）,6570031
1140001020404,アイランドフューチャーコーポレーション株式会社,兵庫県,神戸市灘区,岩屋中町４丁目２番７号,6570845
1140001020783,株式会社アクティブ装工,兵庫県,神戸市灘区,大石東町２丁目４番２１号,6570043
1140001020908,株式会社ピースアップ,兵庫県,神戸市灘区,記田町５丁目６番１６−５０１号,6570034
1140001020998,高地建設工業株式会社,兵庫県,神戸市灘区,泉通４丁目１−４,6570834
1140001021096,株式会社コア・コーヒー,兵庫県,神戸市灘区,都通５丁目４番１４号,6570844
1140001021311,株式会社ヒロハウス,兵庫県,神戸市灘区,水道筋６丁目５番１号,6570831
1140001022210,株式会社ピュア商会,兵庫県,神戸市灘区,楠丘町５丁目６番１号,6570024
1140001022292,株式会社アートン,兵庫県,神戸市灘区,篠原北町２丁目１番２９号,6570068
1140001022350,株式会社イーアールシティーズ,兵庫県,神戸市灘区,深田町３丁目３番１号,6570038
1140001023092,株式会社クリエイティブ勇気,兵庫県,神戸市灘区,岩屋中町４丁目３番１３号,6570845
1140001023299,株式会社大一総業,兵庫県,神戸市灘区,琵琶町２丁目７番１２−１０１号,6570041
1140001023464,株式会社トータル・ネット・サービス,兵庫県,神戸市灘区,高羽字滝ノ奥５番地の１六甲高羽アーバンライフ,6570001
1140001023951,ブルージー・プロ株式会社,兵庫県,神戸市灘区,六甲町３丁目３番３号,6570053
1140001023984,株式会社エヌエスケーケー,兵庫県,神戸市灘区,深田町４丁目１番１号,6570038
1140001024017,株式会社メタックス,兵庫県,神戸市灘区,岩屋北町４丁目４番１号,6570846
1140001024149,株式会社京吉,兵庫県,神戸市灘区,備後町５丁目３番１号ウエルブ六甲１番街Ａ１１８,6570037
1140001024553,日清オフィスサービス株式会社,兵庫県,神戸市灘区,岩屋北町４丁目４番１号,6570846
1140001024636,株式会社エンリッチ,兵庫県,神戸市灘区,畑原通２丁目２番２１号,6570822
1140001025031,株式会社Ｒ．Ｅ．Ｉ．Ｃｏｎｓｕｌｔｉｎｇ,兵庫県,神戸市灘区,大石東町５丁目４番８号コスモ灘公園通りＡ棟３０４号,6570043
1140001025106,株式会社グロース・インターナショナル,兵庫県,神戸市灘区,篠原台６番２０号,6570016
1140001025205,近畿産業車輌サービス株式会社,兵庫県,神戸市灘区,天城通１丁目３番７号ロイヤルハイツ３０４号,6570823
1140001025337,神戸グリーンパワー株式会社,兵庫県,神戸市灘区,鶴甲５丁目１−５０ライブタウン翠光３０５号,6570011
1140001025353,マーブルホーム株式会社,兵庫県,神戸市灘区,城内通５丁目１番４号,6570836
1140001025436,株式会社楷商会,兵庫県,神戸市灘区,篠原南町６丁目１番６号,6570059
1140001025502,株式会社ユーアイ,兵庫県,神戸市灘区,八幡町２丁目８番７号,6570051
1140001025808,株式会社サイキ商会,兵庫県,神戸市灘区,徳井町４丁目３番９号,6570033
1140001025923,株式会社サンムーンコーポレーション,兵庫県,神戸市灘区,篠原北町３丁目３番７号,6570068
1140001025989,株式会社ミッシュライズフィールド,兵庫県,神戸市灘区,六甲台町１０−６−１０１号,6570013
1140001026087,株式会社クオリティー,兵庫県,神戸市灘区,八幡町１丁目９番１６−６０２号,6570051
1140001026129,株式会社Ｏ．Ｎ．Ｏホールディングス,兵庫県,神戸市灘区,篠原北町４丁目６番１号,6570068
1140001026335,株式会社マツモト,兵庫県,神戸市灘区,六甲町５丁目５番１号,6570053
1140001026946,株式会社フジコミュニケーション,兵庫県,神戸市灘区,六甲台町５番４号,6570013
1140001027119,株式会社神戸プリンシプルパートナーズ,兵庫県,神戸市灘区,箕岡通４丁目２番２号,6570812
1140001027135,株式会社アイエヌジーコーポレーション,兵庫県,神戸市灘区,鹿ノ下通１丁目３番２号,6570044
1140001027498,株式会社ピアレス,兵庫県,神戸市灘区,日尾町２丁目３番１３号,6570029
1140001027622,株式会社一照,兵庫県,神戸市灘区,大和町２丁目３番８号,6570031
1140001027655,株式会社シンドウ,兵庫県,神戸市灘区,高羽町５丁目１番１４号,6570023
1140001027663,株式会社イーツクリエイション,兵庫県,神戸市灘区,宮山町３丁目３番２９号六甲ヒルコート４０１号,6570065
1140001027688,株式会社外薗組,兵庫県,神戸市灘区,水道筋５丁目１−１第５木山ビル３０１号,6570831
1140001027705,株式会社ＴＯＡケータリングサービス,兵庫県,神戸市灘区,弓木町３丁目２番１３号,6570026
1140001027944,株式会社ＯＮＥ　ＷＡＹ,兵庫県,神戸市灘区,烏帽子町３丁目２番８号,6570042
1140001028091,株式会社クリーンライフサービス,兵庫県,神戸市灘区,篠原中町６丁目１番１５号,6570066
1140001028117,株式会社フレッシュ・フィールド,兵庫県,神戸市灘区,水道筋３丁目３番３号,6570831
1140001028307,イヨクマン株式会社,兵庫県,神戸市灘区,森後町１丁目３番１９−２Ａ,6570028
1140001028620,株式会社バレーナジャパン,兵庫県,神戸市灘区,浜田町３丁目２番２号,6570862
1140001028645,株式会社アイ・エス,兵庫県,神戸市灘区,森後町１丁目５番１１号,6570028
1140001028819,株式会社テクノメンダー,兵庫県,神戸市灘区,大石東町６丁目６番１号,6570043
1140001028950,神戸シップマネージメント株式会社,兵庫県,神戸市灘区,灘北通１０丁目１番８号,6570835
1140001029016,株式会社宝生堂,兵庫県,神戸市灘区,深田町２丁目５番９号,6570038
1140001029049,株式会社アップルコーポレーション,兵庫県,神戸市灘区,烏帽子町３丁目４番２１号,6570042
1140001029115,甲南造園土木株式会社,兵庫県,神戸市灘区,大石東町４丁目７番２号,6570043
1140001029412,株式会社アンセリア,兵庫県,神戸市灘区,山田町２丁目１番１号,6570064
1140001029445,株式会社あらい,兵庫県,神戸市灘区,船寺通４丁目４番７号４０３号,6570842
1140001029726,株式会社インフィニティ,兵庫県,神戸市灘区,日尾町２丁目３番１３号ル・パレ六甲１０２号,6570029
1140001029833,株式会社地蔵家,兵庫県,神戸市灘区,弓木町３丁目１番１４４,6570026
1140001029924,株式会社フューチャーデザイン,兵庫県,神戸市灘区,六甲台町６番２８−４０９号,6570013
1140001029940,株式会社ｉｎ　ｔｈｅ　ｍｏｏｄ,兵庫県,神戸市灘区,青谷町２丁目４番１１号,6570805
1140001030659,大塚建業株式会社,兵庫県,神戸市灘区,六甲町３丁目８番１３号,6570053
1140001030741,株式会社ＭＡＫＩＮＯ,兵庫県,神戸市灘区,六甲町２丁目３番２１号,6570053
1140001030840,株式会社トータルインターハート,兵庫県,神戸市灘区,都通５丁目４番３号,6570844
1140001031087,株式会社中西建築,兵庫県,神戸市灘区,下河原通３丁目６番１２号,6570045
1140001031186,株式会社六甲廣藝,兵庫県,神戸市灘区,高尾通１丁目３番１３号,6570813
1140001031211,株式会社海岸通り,兵庫県,神戸市灘区,八幡町３丁目２番２４号３０２,6570051
1140001031244,株式会社ティオ,兵庫県,神戸市灘区,都通５丁目４番１４号,6570844
1140001031558,株式会社ナガセ,兵庫県,神戸市灘区,六甲山町北六甲５０５番地,6570101
1140001031640,株式会社ファーマソシア,兵庫県,神戸市灘区,篠原中町２丁目２番７号,6570066
1140001031665,株式会社稽隆,兵庫県,神戸市灘区,桜ケ丘町９番１３号,6570021
1140001031707,株式会社アクセス,兵庫県,神戸市灘区,浜田町１丁目１番２９号,6570862
1140001031756,株式会社兵庫家具塗装,兵庫県,神戸市灘区,青谷町３丁目２番２号,6570805
1140001031905,株式会社Ｐ’ｓマイル,兵庫県,神戸市灘区,水道筋２丁目１６番３号,6570831
1140001031995,上田ライトハウス株式会社,兵庫県,神戸市灘区,鶴甲４丁目１１番１１号,6570011
1140001032127,株式会社スマイルクラブ,兵庫県,神戸市灘区,灘北通１０丁目２番２４−７０３号,6570835
1140001032184,株式会社クラッチ,兵庫県,神戸市灘区,鶴甲２丁目１１番１−５０４号,6570011
1140001032399,株式会社宏潤,兵庫県,神戸市灘区,篠原伯母野山町３丁目１−２０,6570015
1140001032696,株式会社ヒース,兵庫県,神戸市灘区,灘北通１０丁目１番２１号５０１,6570835
1140001032779,森不動産株式会社,兵庫県,神戸市灘区,森後町１丁目４番１号,6570028
1140001032820,株式会社ウイングス,兵庫県,神戸市灘区,篠原南町７丁目４番１３号,6570059
1140001032853,株式会社筒井電工,兵庫県,神戸市灘区,大石南町１丁目４番２４号,6570852
1140001032894,株式会社コラッジョ,兵庫県,神戸市灘区,福住通６丁目３番１８号,6570824
1140001033249,株式会社エス・アンド・エス,兵庫県,神戸市灘区,灘南通５丁目３番２２号,6570841
1140001033380,株式会社ナカツカ,兵庫県,神戸市灘区,高羽町５丁目２番７号,6570023
1140001033471,株式会社ビアスピガ,兵庫県,神戸市灘区,岸地通２丁目４番８号,6570832
1140001033752,株式会社メディアソリューション,兵庫県,神戸市灘区,水道筋５丁目２番１号,6570831
1140001033868,株式会社カラカル,兵庫県,神戸市灘区,篠原本町１丁目３番１２号,6570067
1140001034172,株式会社パフォーミングアーツチェリッシュ,兵庫県,神戸市灘区,国玉通３丁目３番１５号,6570816
1140001037381,株式会社エスエーアルファー,兵庫県,神戸市灘区,五毛通１丁目５番５−１０４号,6570814
1140001038033,株式会社ＲＯＵＧＨ　ＲＯＣＫ,兵庫県,神戸市灘区,大内通５丁目１番１−１０３号,6570833
1140001038165,株式会社隆昌商店,兵庫県,神戸市灘区,国玉通２丁目３番６号,6570816
1140001042142,株式会社セシル,兵庫県,神戸市灘区,記田町５丁目３−８−４,6570034
1140001046333,株式会社ＫＩＫＵＪＩ工業,兵庫県,神戸市灘区,薬師通１丁目１番２８号,6570815
1140001047125,株式会社ブルーワンダー,兵庫県,神戸市灘区,城内通４丁目６番９号,6570836
1140001047141,株式会社ＪＵＮＥ,兵庫県,神戸市灘区,篠原中町６丁目２番１３号,6570066
1140001047174,株式会社アキム不動産,兵庫県,神戸市灘区,六甲町３丁目１番５号,6570053
1140001055152,ライジントレーダーズ株式会社,兵庫県,神戸市灘区,大土平町１丁目４番１１−５０５号,6570014
1140001057041,株式会社パンオーシャンインベストメント,兵庫県,神戸市灘区,摩耶埠頭２番２,6570854
1140001057314,株式会社Ｚａｉｍｕ,兵庫県,神戸市灘区,深田町３丁目３番８号−３Ｆ,6570038
1140001057396,株式会社リンパルカンパニー,兵庫県,神戸市灘区,赤坂通３丁目５番８号,6570821
1140001067429,株式会社ビットファイブ,兵庫県,神戸市灘区,青谷町２丁目１番２８号,6570805
1140001067619,株式会社わぎゅうや,兵庫県,神戸市灘区,城内通３丁目３番５号,6570836
1140001074227,株式会社Ｂｒａｖｉｓｓｉｍｏ,兵庫県,神戸市灘区,大内通５丁目１番１３−２０１号,6570833
1140001074441,株式会社コラボレ,兵庫県,神戸市灘区,下河原通１丁目１番３号,6570045
1140001077584,株式会社兵庫イエローハット,兵庫県,神戸市灘区,浜田町４丁目３番２１号,6570862
1140001086577,ケイズハート株式会社,兵庫県,神戸市灘区,鶴甲２丁目９番１４号,6570011
1140001086742,株式会社オモシロ,兵庫県,神戸市灘区,深田町３丁目１番１６号,6570038
1140001087559,株式会社クリエイトワン,兵庫県,神戸市灘区,深田町２丁目１番１号,6570038
1140001088078,キモチフーズ株式会社,兵庫県,神戸市灘区,大石東町６丁目３番２５−４１４号,6570043
1140001088862,株式会社ＩＢコンサルタント,兵庫県,神戸市灘区,楠丘町４丁目３番１６−３０２号,6570024
1140001088953,株式会社ＡＫＩＮＤ−ＫＩＮＧ,兵庫県,神戸市灘区,神前町１丁目２番３号グレースシャトー４Ａ,6570052
1140001090083,トモミコーポレーション株式会社,兵庫県,神戸市灘区,福住通４丁目４番５号,6570824
1140001090538,株式会社Ｙ＆Ａ　ｃｏｒｐｏｒａｔｉｏｎ,兵庫県,神戸市灘区,篠原北町４丁目６番１号,6570068
1140001091164,株式会社中橋地所,兵庫県,神戸市灘区,大内通２丁目４番２０号,6570833
1140001091395,株式会社スパイスツリー,兵庫県,神戸市灘区,灘南通４丁目３番１号,6570841
1140001092385,株式会社ＨＯ−ＪＹＵトラスト,兵庫県,神戸市灘区,岸地通３丁目５番１２−１０１,6570832
1140001092583,株式会社ヴェローチェ,兵庫県,神戸市灘区,千旦通３丁目１番２０号,6570056
1140001093615,トライスケイル株式会社,兵庫県,神戸市灘区,赤松町２丁目３番１２−４０６号,6570061
1140001093805,株式会社八光塗装工業,兵庫県,神戸市灘区,高羽町２丁目４番１５号１０３,6570023
1140001094902,喜幸屋株式会社,兵庫県,神戸市灘区,烏帽子町３丁目４番４号,6570042
1140001095553,ジ・オーバルデザイン株式会社,兵庫県,神戸市灘区,六甲山町中一里山１番地５０,6570101
1140001095909,株式会社ジャパンクリエイトサービス,兵庫県,神戸市灘区,岸地通３丁目５−１６−１Ｆ,6570832
1140001096510,ＡＧＡプライム株式会社,兵庫県,神戸市灘区,大内通６丁目１番地２セブンコーポ大内２０１,6570833
1140001096824,株式会社黒澤電気工業,兵庫県,神戸市灘区,赤坂通５丁目１番４号,6570821
1140001097236,株式会社デル・ファーロ,兵庫県,神戸市灘区,赤坂通８丁目７番２８号,6570821
1140001097376,株式会社ＴＳＴサービス,兵庫県,神戸市灘区,岩屋北町１丁目６番１４号甲南灘コーポラス１０２,6570846
1140001097574,株式会社ＥＧＩＪ,兵庫県,神戸市灘区,船寺通４丁目６番１０号,6570842
1140001098077,田村医療産業株式会社,兵庫県,神戸市灘区,篠原南町６丁目９番２５−６０３号,6570059
1140001098201,株式会社ＣＹカンパニー,兵庫県,神戸市灘区,八幡町２丁目７番３−３０５号,6570051
1140001099496,株式会社かんべ総合政策研究所,兵庫県,神戸市灘区,篠原北町２丁目１番９号,6570068
1140001099736,株式会社田渕音楽事務所,兵庫県,神戸市灘区,高羽町４丁目２番１４号,6570023
1140001100742,ルークスタープラス株式会社,兵庫県,神戸市灘区,岩屋北町５丁目２番３２号,6570846
1140001100841,株式会社エヌ・アール・インスティテュート,兵庫県,神戸市灘区,桜ケ丘町６番９号,6570021
1140001100866,株式会社ハック,兵庫県,神戸市灘区,桜口町４丁目１番１号,6570036
1140001101088,ミライファベル株式会社,兵庫県,神戸市灘区,大内通１丁目５番７−２０１号,6570833
1140001101336,株式会社ユウコウ管財,兵庫県,神戸市灘区,岩屋北町７丁目２番１８号,6570846
1140001101468,株式会社あすと,兵庫県,神戸市灘区,灘北通５丁目７−１４,6570835
1140001102037,株式会社Ｓｈｉ’ｍＮｅｔ,兵庫県,神戸市灘区,篠原北町４丁目３番２−４０３号,6570068
1140001102193,株式会社ＭＳＳ,兵庫県,神戸市灘区,摩耶海岸通２丁目３番１号,6570855
1140001102532,株式会社エムシーオー,兵庫県,神戸市灘区,上河原通２丁目２番１１−２０１号,6570055
1140001103290,株式会社オーテック,兵庫県,神戸市灘区,岩屋中町２丁目１番２８−５０４号,6570845
1140001103415,株式会社Ｍｅｒｅ　Ｎｏｅｌ,兵庫県,神戸市灘区,長峰台２丁目３番２−６０３号,6570811
1140001103860,株式会社神戸砿泉所,兵庫県,神戸市灘区,浜田町４丁目２番１３号,6570862
1140001103910,株式会社ほけんプラス,兵庫県,神戸市灘区,中原通１丁目４−７,6570825
1140001104124,ＳＨＡＲＩＦＡ　ＡＵＴＯ　ＣＡＲ　ＪＡＰＡＮ株式会社,兵庫県,神戸市灘区,篠原南町６丁目３番１１号,6570059
1140001104405,株式会社れーるぎゃらりーろっこう,兵庫県,神戸市灘区,高徳町４丁目１番２１号,6570025
1140001104413,ＭＯＲＲＩＳ株式会社,兵庫県,神戸市灘区,篠原中町１丁目３番３−３０１号,6570066
1140001104586,株式会社明昌,兵庫県,神戸市灘区,摩耶埠頭２番２,6570854
1140001104875,株式会社ＭＯＭＯ,兵庫県,神戸市灘区,森後町１丁目５番１１−１００１号,6570028
1140001105188,株式会社エアープランニング,兵庫県,神戸市灘区,篠原北町４丁目１８番１２号,6570068
1140001105460,ＡＬ−ＡＮＤＡＬＵＳ・ＴＲＡＤＩＮＧ株式会社,兵庫県,神戸市灘区,摩耶海岸通２丁目３番９−６２０号,6570855
1140001105980,神戸マシナリー株式会社,兵庫県,神戸市灘区,原田通２丁目１番３−１０１号,6570837
1140001106087,株式会社ｉ．ｃ．ＧＲＯＷ,兵庫県,神戸市灘区,森後町１丁目２番５号,6570028
1140001106145,株式会社繁殖技研,兵庫県,神戸市灘区,上野通４丁目１番６号,6570817
1140001106269,株式会社ひまわり住宅サービス,兵庫県,神戸市灘区,上河原通２丁目２番１６号,6570055
1140001107110,みず環境株式会社,兵庫県,神戸市灘区,岩屋中町１丁目４番１９号,6570845
1140001107135,株式会社Ｆ＆Ｐ,兵庫県,神戸市灘区,一王山町１７−７,6570012
1140001107143,株式会社森本電建,兵庫県,神戸市灘区,城の下通３丁目８番３４号,6570804
1140001107317,Ｔｕｒｂｏ　Ｓｕｐｐｌｙ　Ｃｈａｉｎ　Ｊａｐａｎ株式会社,兵庫県,神戸市灘区,摩耶埠頭１番地１,6570854
1140001107408,タクシン株式会社,兵庫県,神戸市灘区,弓木町５丁目１番１７０号,6570026
1140001107589,株式会社ＦＯＣ,兵庫県,神戸市灘区,岩屋北町４丁目３番２号,6570846
1140001107606,株式会社ＥＳＰＯＩＲ,兵庫県,神戸市灘区,大和町３丁目１番１３号,6570031
1140001107630,株式会社健康第一,兵庫県,神戸市灘区,浜田町２丁目４番１７号シンプルライフ六甲南１階,6570862
1140001108356,大東建設工業株式会社,兵庫県,神戸市灘区,烏帽子町３丁目４番２号,6570042
1140001109676,株式会社３０１カンパニー,兵庫県,神戸市灘区,水道筋２丁目７番１号,6570831
1140001109833,株式会社スポーツシューレこうべ,兵庫県,神戸市灘区,六甲台町７番２５号六甲台パークハイツ５０１号,6570013
1140001110254,ＳＡＫＩ　ＣＯＲＰ株式会社,兵庫県,神戸市灘区,上野通２丁目１番２号,6570817
1140001110452,株式会社エイル,兵庫県,神戸市灘区,山田町３丁目１番１８,6570064
1140001110469,Ｍ＆Ｔ株式会社,兵庫県,神戸市灘区,薬師通３丁目１番２−１０２号,6570815
1140001111491,株式会社ロジカルアート,兵庫県,神戸市灘区,高羽字瀧ノ奥５番地の３,6570001
1140001111517,株式会社インヴィアッジョ,兵庫県,神戸市灘区,城内通５丁目２番４号,6570836
1140001112291,株式会社塩野教育研究所,兵庫県,神戸市灘区,琵琶町１丁目６−１１,6570041
1140001112639,広正工業株式会社,兵庫県,神戸市灘区,森後町２丁目３番２２号,6570028
1140001112779,ＤＵＣＮＡＭ　ＧＲＯＵＰ株式会社,兵庫県,神戸市灘区,下河原通４丁目２番１５号,6570045
1140001113307,株式会社エムシーライン,兵庫県,神戸市灘区,福住通３丁目３番３号,6570824
1140001113331,株式会社ＴＫＲ,兵庫県,神戸市灘区,高尾通４丁目３番１５−４０７号,6570813
1140001113380,ＳＵＮ＆ＭＡＲＳ株式会社,兵庫県,神戸市灘区,永手町４丁目２番１号,6570027
1140001113926,株式会社Ｓｏｌ,兵庫県,神戸市灘区,中原通６丁目１番３１号,6570825
1140001115229,株式会社ロッシュデポ,兵庫県,神戸市灘区,箕岡通２丁目２番３号,6570812
1140001115311,株式会社Ｒ．Ｓ．Ｅ,兵庫県,神戸市灘区,大石東町５丁目８番１号東和ビルＩＩ２１０,6570043
1140001117266,株式会社西亮平建築事務所,兵庫県,神戸市灘区,城内通４丁目２−２２−２Ｂ号,6570836
1140001117398,株式会社さくら山荘,兵庫県,神戸市灘区,六甲山町北六甲４５１２番地７４０,6570101
1140001117992,株式会社タックプロパティーズ,兵庫県,神戸市灘区,篠原本町５丁目１番１８号,6570067
1140001118347,株式会社キクチ,兵庫県,神戸市灘区,水道筋３丁目１４−２,6570831
1140001118405,ＨＯＵＴＷＯ株式会社,兵庫県,神戸市灘区,日尾町３丁目１番８−３０４号,6570029
1140001118578,フェニックスジャパン株式会社,兵庫県,神戸市灘区,永手町５丁目７番８号,6570027
1140001118826,株式会社護神會,兵庫県,神戸市灘区,城内通４丁目４番２−４０７号,6570836
1140001118859,株式会社カエツファーマシー,兵庫県,神戸市灘区,城内通２丁目４番９−１号,6570836
1140001119618,ロクシティ株式会社,兵庫県,神戸市灘区,備後町３丁目１番２３号７０１,6570037
1140001119650,株式会社松興不動産,兵庫県,神戸市灘区,篠原伯母野山町３丁目９番３６号,6570015
1140001121111,アクシスグリーンラボ株式会社,兵庫県,神戸市灘区,稗原町１丁目１番２５４号,6570054
1140001121243,株式会社ルミノーソＹＮＴ,兵庫県,神戸市灘区,篠原中町２丁目４番２０号,6570066
1140001121441,株式会社姫創,兵庫県,神戸市灘区,森後町２丁目１番９号グランディアみなと神戸六甲館３Ｆ,6570028
1140001122745,株式会社ゴールドウェル,兵庫県,神戸市灘区,水道筋３丁目４番７号,6570831
1140001123850,株式会社Ｈｙｐｅｒｉｏｎ,兵庫県,神戸市灘区,篠原南町２丁目３番２１号,6570059
1140001124205,株式会社ＲＩ,兵庫県,神戸市灘区,箕岡通４丁目６番１６号,6570812
1140001124386,株式会社ＦＢＤ,兵庫県,神戸市灘区,岩屋中町４丁目３−１４、２Ｆ,6570845
1140001124535,株式会社美究,兵庫県,神戸市灘区,六甲町３丁目８番１８号,6570053
1140001124840,株式会社エスアールジーイー,兵庫県,神戸市灘区,下河原通３丁目５番地１３号,6570045
1140001125087,株式会社湯浅内装,兵庫県,神戸市灘区,中郷町４丁目２―２０ドルフ六甲道ヴェルデグラツィオ４０２,6570032
1140001125252,ＮＵ株式会社,兵庫県,神戸市灘区,摩耶埠頭１番１４,6570854
1140001125797,株式会社ＴｅａｒＥｘｏ,兵庫県,神戸市灘区,六甲台町１−１,6570013
1140001125871,ＨＯＭＥ　ＲＥＸＵＳ株式会社,兵庫県,神戸市灘区,日尾町２丁目１番１号,6570029
1140001126110,株式会社クレオ,兵庫県,神戸市灘区,八幡町３丁目４番２０号,6570051
1140001127059,株式会社ワイズ,兵庫県,神戸市灘区,中原通１丁目６番７号,6570825
1140001127133,株式会社ＳＨＩＮ総合美装,兵庫県,神戸市灘区,篠原伯母野山町３丁目９９６−４２０−１０２号室,6570015
1140001128131,株式会社ワールドリンク,兵庫県,神戸市灘区,篠原台１９番１０号,6570016
1140001128164,ＡＫＩＭＯコミュニケーションズ株式会社,兵庫県,神戸市灘区,篠原南町５丁目２番４号,6570059
1140001129419,株式会社リンクイースト,兵庫県,神戸市灘区,大石東町４丁目３番１−３０８号,6570043
1140001129617,株式会社玉子公園,兵庫県,神戸市灘区,水道筋６丁目１番３号,6570831
1140001129897,ＴＯＲＵＳ株式会社,兵庫県,神戸市灘区,桜口町４丁目１番１号,6570036
1140001130013,株式会社Ｓ．Ｌｅａｆ,兵庫県,神戸市灘区,桜口町５丁目１番１号１１２,6570036
1140001130145,株式会社ＫＵＯＮ．ｓ　ｉｎｔｅｒｎａｔｉｏｎａｌ,兵庫県,神戸市灘区,森後町１丁目２−１３−２０１,6570028
1140001130161,株式会社中山設備工業,兵庫県,神戸市灘区,大石東町６丁目６番１号,6570043
1140001130228,株式会社ＯｆｆｉｃｅＰＬＵＭ,兵庫県,神戸市灘区,鶴甲４丁目３番１９号鶴甲コーポ１０２,6570011
1140001130599,株式会社ＫＡＳＳＹ,兵庫県,神戸市灘区,箕岡通４丁目７番１４号,6570812
1140001130830,株式会社Ｈ＆Ｐ,兵庫県,神戸市灘区,船寺通５丁目１番８号,6570842
1140001131085,七星産業株式会社,兵庫県,神戸市灘区,新在家南町３丁目３番１５−３０４号,6570864
1140001131481,株式会社タフショット,兵庫県,神戸市灘区,畑原通２丁目２番２２−２号,6570822
1140001132488,株式会社ＦＩＫ,兵庫県,神戸市灘区,篠原台１４番２号,6570016
1140001132562,株式会社Ｄｒｏｐ　ｉｎ,兵庫県,神戸市灘区,岩屋北町４丁目４番１２号,6570846
1140001132645,株式会社温故知新,兵庫県,神戸市灘区,鶴甲１丁目５番３−３０５号,6570011
1140001133817,太平トレーディング株式会社,兵庫県,神戸市灘区,篠原伯母野山町３丁目２６番１０号,6570015
1140001133825,株式会社コウベヴィクトリ,兵庫県,神戸市灘区,鶴甲４丁目７番２０−４０３号,6570011
1140001134006,羽山株式会社,兵庫県,神戸市灘区,水道筋１丁目１９番４号,6570831
1140001135136,株式会社ａ　Ｒｏｕｔｅ,兵庫県,神戸市灘区,水道筋３丁目４番地７,6570831
1140001135697,株式会社ＰＮＫラボ,兵庫県,神戸市灘区,原田通１丁目１番１５−１０３号,6570837
1140001135994,株式会社Ｎｉｂａｒｃｅ,兵庫県,神戸市灘区,水道筋６丁目２番１９号１Ｆ,6570831
1140001136043,株式会社Ｌｅａｆ防水,兵庫県,神戸市灘区,泉通４丁目３番地８−１,6570834
1140001136357,株式会社太陽,兵庫県,神戸市灘区,深田町３丁目３−１２−２０２,6570038
1140001136506,桜花商事株式会社,兵庫県,神戸市灘区,水道筋５丁目２番４号,6570831
1140001136778,株式会社Ｇｒｏｗ　Ｕｐ　Ｆｕｔｕｒｅ,兵庫県,神戸市灘区,鶴甲３丁目１２番４０−６２３号,6570011
1140001137578,株式会社アイエ技術,兵庫県,神戸市灘区,鶴甲３丁目２番２号,6570011
1140001138089,りんどう株式会社,兵庫県,神戸市灘区,摩耶埠頭１番地３−２０３,6570854
1140001139104,株式会社生きがい,兵庫県,神戸市灘区,灘南通１丁目３番１２−８０４号,6570841
1140001139236,株式会社一和建設,兵庫県,神戸市灘区,大石東町５丁目８−１東和ビルＩＩ２１１号,6570043
1140001140136,ペルソナキャピタル株式会社,兵庫県,神戸市灘区,八幡町３丁目３番２４−１０２号,6570051
1140001140169,陳氏株式会社,兵庫県,神戸市灘区,徳井町２丁目１番４香川ハイツ御影イースト９０２号室,6570033
1140001141902,株式会社ｍａｋｅ　ｓｍｉｌｅ,兵庫県,神戸市灘区,六甲町４丁目１番１１号,6570053
1140001142405,株式会社バッファロー,兵庫県,神戸市灘区,篠原字伯母野山町３−１２−１１,6570002
1140001142470,株式会社５ＳＬＡＢ,兵庫県,神戸市灘区,篠原南町５丁目５番６−１号,6570059
1140002005528,株式会社ＨＫロジサービス,兵庫県,神戸市灘区,摩耶埠頭１番地,6570854
1140002018629,リョウシン・コア株式会社,兵庫県,神戸市灘区,岩屋北町２丁目５番２７号,6570846
1140002020493,株式会社コム・ネット,兵庫県,神戸市灘区,王子町１丁目１番８号,6570838
1140003003869,新和コーポレーション株式会社,兵庫県,神戸市灘区,琵琶町３丁目１番１２号,6570041
1140003016029,株式会社新彩,兵庫県,神戸市灘区,岸地通５丁目１番４号真幸ビル４階,6570832
1160001018339,株式会社味将,兵庫県,神戸市灘区,桜口町４丁目４番４−３０３号,6570036
1210001013722,フレッシュフーズ株式会社,兵庫県,神戸市灘区,新在家南町５丁目８番４号,6570864
1260001024913,西神戸制御株式会社,兵庫県,神戸市灘区,長峰台１丁目８番１８号,6570811
1370001021222,ビジネスプラン株式会社,兵庫県,神戸市灘区,箕岡通４丁目６番１６号,6570812
1480001001907,Ｂｅ　ＨＥＲＯ株式会社,兵庫県,神戸市灘区,大和町２丁目１番６−５０２号,6570031
2010001165566,株式会社リブラ,兵庫県,神戸市灘区,国玉通１丁目４番８号,6570816
2010401073237,株式会社スタジオビビッド,兵庫県,神戸市灘区,城内通４丁目３番１２号,6570836
2010701016424,株式会社Ｍ２Ｍ−ｉｎｇ,兵庫県,神戸市灘区,高徳町６丁目１番１６号,6570025
2011301021624,株式会社ｖｉｏｌｅｔ,兵庫県,神戸市灘区,大和町３丁目１番１３号,6570031
2120001044412,ヒゲボウズデザイン株式会社,兵庫県,神戸市灘区,曾和町１丁目３番２２−５０１号,6570063
2120001118182,株式会社ヴィヴァーチェ,兵庫県,神戸市灘区,備後町５丁目２番１−６０１号,6570037
2120001137455,株式会社サテライトフーズ,兵庫県,神戸市灘区,大石東町５丁目６−１３−２Ｆ,6570043
2120001143791,株式会社Ｏｆｆｉｃｅユキ,兵庫県,神戸市灘区,篠原中町２丁目１番３号,6570066
2120001166355,株式会社ロジックス,兵庫県,神戸市灘区,摩耶埠頭２番１１号,6570854
2120001169928,株式会社創エンタープライズ,兵庫県,神戸市灘区,中原通３丁目２番１７号,6570825
2120001180521,株式会社アステル,兵庫県,神戸市灘区,大石東町５丁目６番１４号,6570043
2120001191584,株式会社ＬＹＯＮ,兵庫県,神戸市灘区,永手町４丁目２番１−８０６号,6570027
2120001204239,株式会社サンメディカル,兵庫県,神戸市灘区,篠原南町６丁目９番２５−３０３号,6570059
2120001204602,株式会社プランネット,兵庫県,神戸市灘区,灘南通１丁目２−１６,6570841
2120001214865,株式会社ネイチャーライブ,兵庫県,神戸市灘区,六甲山町南六甲１０３４番地１４０,6570101
2120001234954,株式会社よねだ,兵庫県,神戸市灘区,篠原北町４丁目１２番１０号,6570068
2120901031352,株式会社タツキメディカルソリューションズ,兵庫県,神戸市灘区,琵琶町１丁目１番１６号,6570041
2130001074508,株式会社４４,兵庫県,神戸市灘区,岩屋北町５丁目１番１０−４０３号,6570846
2140001000933,神戸ラビット株式会社,兵庫県,神戸市灘区,六甲町４丁目１番１５号,6570053
2140001001097,ウシオ産業株式会社,兵庫県,神戸市灘区,千旦通３丁目１番１８号,6570056
2140001001378,グリーンスター株式会社,兵庫県,神戸市灘区,篠原台２０番１１号,6570016
2140001001444,甲南自動車株式会社,兵庫県,神戸市灘区,六甲山町南六甲１番地の１１４,6570101
2140001001857,大英興業株式会社,兵庫県,神戸市灘区,桜ケ丘町３番−１８−３０８号,6570021
2140001002459,株式会社保安機器,兵庫県,神戸市灘区,篠原台７番１２号,6570016
2140001002938,株式会社相生工務店,兵庫県,神戸市灘区,味泥町５番３４号,6570851
2140001002946,株式会社ＩＤＡ,兵庫県,神戸市灘区,城内通４丁目７番２５号,6570836
2140001002987,株式会社アパレルコウジン,兵庫県,神戸市灘区,篠原南町４丁目１番８号,6570059
2140001003003,イエシン船舶株式会社,兵庫県,神戸市灘区,摩耶埠頭１番１神戸港運会館ビル２１４号,6570854
2140001003011,池本貿易株式会社,兵庫県,神戸市灘区,高尾通２丁目４番４号,6570813
2140001003028,イチコン株式会社,兵庫県,神戸市灘区,岩屋北町２丁目５番２２号,6570846
2140001003044,入船株式会社,兵庫県,神戸市灘区,新在家南町１丁目２番１号,6570864
2140001003052,伸菱地所株式会社,兵庫県,神戸市灘区,船寺通１丁目５番１７号,6570842
2140001003060,株式会社上野商店,兵庫県,神戸市灘区,都通３丁目２番９号,6570844
2140001003069,株式会社馬田工務店,兵庫県,神戸市灘区,弓木町２丁目２番１９号,6570026
2140001003077,株式会社エー・プラン,兵庫県,神戸市灘区,宮山町１丁目１番１０号,6570065
2140001003085,株式会社エゴハラ,兵庫県,神戸市灘区,一王山町９番４号,6570012
2140001003102,株式会社エヌデイエス,兵庫県,神戸市灘区,六甲町４丁目１番１６号,6570053
2140001003119,王子印刷工芸株式会社,兵庫県,神戸市灘区,原田通１丁目１番２６号,6570837
2140001003127,大塚貿易株式会社,兵庫県,神戸市灘区,桜口町４丁目５番１２号,6570036
2140001003143,株式会社岡野鋼業所,兵庫県,神戸市灘区,天城通２丁目４番１３号,6570823
2140001003168,蔭山建設株式会社,兵庫県,神戸市灘区,新在家南町３丁目３番１５−５０４号,6570864
2140001003176,関西興産株式会社,兵庫県,神戸市灘区,箕岡通３丁目３番１１号,6570812
2140001003226,岸本商事株式会社,兵庫県,神戸市灘区,篠原伯母野山町１丁目１番２−８１７号,6570015
2140001003234,金盃商事株式会社,兵庫県,神戸市灘区,大石東町６丁目３番１号,6570043
2140001003242,共神電設株式会社,兵庫県,神戸市灘区,岩屋北町４丁目５番１１号,6570846
2140001003259,株式会社桐山商会,兵庫県,神戸市灘区,上野通３丁目１１番２号,6570817
2140001003267,株式会社クレーン・ネットワークサービス,兵庫県,神戸市灘区,灘北通１丁目２番４号,6570835
2140001003283,株式会社恵愛会,兵庫県,神戸市灘区,神ノ木通４丁目２番１５号,6570057
2140001003300,株式会社ケイテックサービス,兵庫県,神戸市灘区,楠丘町３丁目９番１５号,6570024
2140001003309,株式会社宏栄,兵庫県,神戸市灘区,大石南町１丁目２番１０号,6570852
2140001003317,興国索道株式会社,兵庫県,神戸市灘区,国玉通４丁目４番３２号,6570816
2140001003341,甲南ダイカスト工業株式会社,兵庫県,神戸市灘区,大石北町７番１９号,6570843
2140001003358,コーヨーハウジング株式会社,兵庫県,神戸市灘区,篠原中町２丁目３番９号,6570066
2140001003382,株式会社サンエイ・コーポレーション,兵庫県,神戸市灘区,篠原北町３丁目１６番１０号,6570068
2140001003390,株式会社三喜,兵庫県,神戸市灘区,岩屋北町３丁目３番４号,6570846
2140001003408,株式会社三成,兵庫県,神戸市灘区,灘南通２丁目２番４号,6570841
2140001003424,株式会社サンホー,兵庫県,神戸市灘区,高尾通４丁目１番１４号,6570813
2140001003432,山陽オートスポーツ株式会社,兵庫県,神戸市灘区,桜口町３丁目１番３号,6570036
2140001003440,三和商事株式会社,兵庫県,神戸市灘区,楠丘町６丁目４番２８号,6570024
2140001003449,株式会社シーエー通商,兵庫県,神戸市灘区,青谷町４丁目１番３号,6570805
2140001003457,神光株式会社,兵庫県,神戸市灘区,新在家南町５丁目４番５号,6570864
2140001003481,株式会社シンセー,兵庫県,神戸市灘区,都通２丁目１番１６号,6570844
2140001003498,株式会社柴原出版,兵庫県,神戸市灘区,新在家南町５丁目８番４号,6570864
2140001003507,株式会社イーアンドイー,兵庫県,神戸市灘区,篠原中町２丁目２番１２号,6570066
2140001003515,株式会社十幸,兵庫県,神戸市灘区,徳井町３丁目１番５号,6570033
2140001003548,神和鈑金工業株式会社,兵庫県,神戸市灘区,都通３丁目１番１号,6570844
2140001003556,株式会社スカイ・フードジャパン,兵庫県,神戸市灘区,永手町５丁目８番１２号,6570027
2140001003572,セイコー商事株式会社,兵庫県,神戸市灘区,上河原通２丁目３番１１号,6570055
2140001003597,株式会社大栄,兵庫県,神戸市灘区,稗原町１丁目３番１５号,6570054
2140001003630,大豊住器株式会社,兵庫県,神戸市灘区,曾和町３丁目１番地,6570063
2140001003647,高塚香料株式会社,兵庫県,神戸市灘区,灘南通３丁目２番２３号,6570841
2140001003655,株式会社タカノ,兵庫県,神戸市灘区,大石北町７番１４号,6570843
2140001003696,株式会社ツルヤ,兵庫県,神戸市灘区,水道筋２丁目４番地,6570831
2140001003713,株式会社東京屋,兵庫県,神戸市灘区,倉石通３丁目１番２５号,6570826
2140001003721,株式会社トータス,兵庫県,神戸市灘区,将軍通３丁目３番２９号,6570058
2140001003746,トモエ運送株式会社,兵庫県,神戸市灘区,新在家南町５丁目２番３号,6570864
2140001003754,株式会社ドリーム産業,兵庫県,神戸市灘区,上河原通２丁目３番１４号,6570055
2140001003795,株式会社浪花昆布,兵庫県,神戸市灘区,森後町３丁目３番１８号,6570028
2140001003820,株式会社ニッソー,兵庫県,神戸市灘区,青谷町４丁目１番７号,6570805
2140001003829,日清テクノス株式会社,兵庫県,神戸市灘区,岩屋北町５丁目１番３号,6570846
2140001003878,パスコ株式会社,兵庫県,神戸市灘区,岩屋中町１丁目２番９号,6570845
2140001003886,阪神産業株式会社,兵庫県,神戸市灘区,神前町１丁目２番２５号,6570052
2140001003911,株式会社ピアンジ,兵庫県,神戸市灘区,深田町３丁目４番５−１０２号,6570038
2140001003936,株式会社広岡,兵庫県,神戸市灘区,水道筋６丁目７番３号,6570831
2140001003952,株式会社富基,兵庫県,神戸市灘区,赤松町３丁目２番３号,6570061
2140001003960,冨士株式会社,兵庫県,神戸市灘区,山田町３丁目１番４０−６１２号,6570064
2140001003969,株式会社富士建装,兵庫県,神戸市灘区,天城通３丁目１番４号,6570823
2140001003977,株式会社藤徳,兵庫県,神戸市灘区,水道筋２丁目５番地,6570831
2140001003985,株式会社富士屋,兵庫県,神戸市灘区,篠原南町３丁目２番４号,6570059
2140001004018,ボイドシステム株式会社,兵庫県,神戸市灘区,灘南通４丁目３番２２号,6570841
2140001004026,細井建設株式会社,兵庫県,神戸市灘区,篠原中町４丁目２番５号,6570066
2140001004042,株式会社マイケルジェイズ倶楽部,兵庫県,神戸市灘区,新在家南町１丁目２番３号,6570864
2140001004050,株式会社マザーグース,兵庫県,神戸市灘区,曾和町２丁目１番１号,6570063
2140001004067,万福土地株式会社,兵庫県,神戸市灘区,永手町４丁目２番１号００９フォレスタ六甲地階,6570027
2140001004083,株式会社マルコウ不動産,兵庫県,神戸市灘区,倉石通３丁目１番１号,6570826
2140001004091,丸忠石油株式会社,兵庫県,神戸市灘区,神ノ木通３丁目６番２５号,6570057
2140001004100,ミウラ商事株式会社,兵庫県,神戸市灘区,篠原中町６丁目２番１３号,6570066
2140001004109,株式会社みしま薬局,兵庫県,神戸市灘区,水道筋４丁目１番１５号,6570831
2140001004141,株式会社メイコー,兵庫県,神戸市灘区,大石東町５丁目２番５号,6570043
2140001004158,盛興業株式会社,兵庫県,神戸市灘区,摩耶埠頭１番地,6570854
2140001004182,株式会社山輝,兵庫県,神戸市灘区,篠原中町５丁目１０番１１号,6570066
2140001004208,株式会社ユニタス,兵庫県,神戸市灘区,高羽町５丁目７番１号,6570023
2140001004216,株式会社吉澤労務管理研究所,兵庫県,神戸市灘区,記田町３丁目１番２０−１０１号,6570034
2140001004224,ワーツケーブル株式会社,兵庫県,神戸市灘区,新在家南町４丁目１２番１２号,6570864
2140001004232,若井株式会社,兵庫県,神戸市灘区,味泥町４番１３号,6570851
2140001004265,株式会社レッドカーペット,兵庫県,神戸市灘区,船寺通４丁目５番１６号,6570842
2140001004315,神戸化成株式会社,兵庫県,神戸市灘区,新在家南町４丁目４番１５号,6570864
2140001004323,株式会社神戸ジー・テイ・アイ,兵庫県,神戸市灘区,六甲台町６番１０号,6570013
2140001004356,日本ユニフレックス株式会社,兵庫県,神戸市灘区,岩屋中町１丁目２番９号エビスビル１Ｆ,6570845
2140001004364,兵庫ダイハツ販売株式会社,兵庫県,神戸市灘区,大石東町２丁目１番１０号,6570043
2140001006609,オーシヤントレーディング株式会社,兵庫県,神戸市灘区,烏帽子町３丁目３番１１号,6570042
2140001007318,栗坂ビルデイング株式会社,兵庫県,神戸市灘区,高羽町５丁目４番１１号,6570023
2140001007532,甲南アルミ建材株式会社,兵庫県,神戸市灘区,大石南町２丁目１２番１４号,6570852
2140001008456,扶桑株式会社,兵庫県,神戸市灘区,摩耶埠頭１番１,6570854
2140001009355,中宣工業株式会社,兵庫県,神戸市灘区,都通２丁目１番２６−５号室,6570844
2140001010965,松永製＿株式会社,兵庫県,神戸市灘区,大和町１丁目３番１０ー３０３号,6570031
2140001011294,株式会社メディアエステート,兵庫県,神戸市灘区,篠原中町２丁目１番２４号,6570066
2140001011484,株式会社山本総合鑑定,兵庫県,神戸市灘区,岩屋北町４丁目３番５５−５０９号,6570846
2140001015287,ワインライフ株式会社,兵庫県,神戸市灘区,大石東町４丁目７番７号,6570043
2140001017028,株式会社山鳩,兵庫県,神戸市灘区,森後町１丁目５番１１−４０６号,6570028
2140001017382,株式会社ロン,兵庫県,神戸市灘区,稗原町２丁目３番１５号,6570054
2140001017523,株式会社三洋エステート,兵庫県,神戸市灘区,泉通５丁目３番１５号,6570834
2140001018414,サンタ化工株式会社,兵庫県,神戸市灘区,楠丘町６丁目９番５号,6570024
2140001018769,株式会社二松工建,兵庫県,神戸市灘区,大石南町１丁目４番２４号,6570852
2140001019206,関西ボトリング株式会社,兵庫県,神戸市灘区,新在家南町４丁目２番１号,6570864
2140001019503,株式会社名口設備工業所,兵庫県,神戸市灘区,篠原中町３丁目７番１０号,6570066
2140001019791,株式会社優優商事,兵庫県,神戸市灘区,鶴甲４丁目９番３３号,6570011
2140001019858,株式会社西洋ギャランティ,兵庫県,神戸市灘区,日尾町２丁目２番７号,6570029
2140001020188,株式会社ワンクロース,兵庫県,神戸市灘区,国玉通２丁目２番８号,6570816
2140001020287,エコ設備株式会社,兵庫県,神戸市灘区,琵琶町１丁目９番１５号,6570041
2140001020428,株式会社セナジオ,兵庫県,神戸市灘区,桜口町５丁目１番１−２０８号,6570036
2140001022069,向洋エンジニアリング株式会社,兵庫県,神戸市灘区,琵琶町３丁目３−８,6570041
2140001022119,株式会社ブレーントラスト,兵庫県,神戸市灘区,岩屋中町４丁目４番２４号,6570845
2140001022300,株式会社ケー・シー・シー・テック,兵庫県,神戸市灘区,大内通４丁目５番８号,6570833
2140001022671,株式会社ジェーテック神戸,兵庫県,神戸市灘区,六甲町１丁目６番２１号,6570053
2140001023034,株式会社スリーアロー,兵庫県,神戸市灘区,永手町５丁目７番８号,6570027
2140001023125,大和殖産株式会社,兵庫県,神戸市灘区,鶴甲４丁目２番１３−３０４号,6570011
2140001023422,志水化成株式会社,兵庫県,神戸市灘区,赤坂通５丁目１番３号,6570821
2140001023463,株式会社ミナト総合管理,兵庫県,神戸市灘区,高羽字滝ノ奥５番地の１・１０４号,6570001
2140001023471,キョウエイ建設株式会社,兵庫県,神戸市灘区,灘南通３丁目１番２５号,6570841
2140001023546,株式会社二幸パッキング工業所,兵庫県,神戸市灘区,記田町５丁目１番７号,6570034
2140001023752,株式会社神戸ヤンルース,兵庫県,神戸市灘区,鶴甲３丁目１３番１５−５０２号,6570011
2140001024866,ピース興産株式会社,兵庫県,神戸市灘区,新在家北町１丁目１番３０号,6570861
2140001025988,株式会社ＦＭＴ研究所,兵庫県,神戸市灘区,高羽町５丁目４番１２号,6570023
2140001026020,綺凛株式会社,兵庫県,神戸市灘区,篠原南町７丁目５−１９−４０５,6570059
2140001026276,株式会社ユウＴｒａｄｉｎｇＣｏｍｐａｎｙ,兵庫県,神戸市灘区,大石東町６丁目４−１３,6570043
2140001026375,株式会社ケイ・テイ・エス,兵庫県,神戸市灘区,友田町１丁目１番７号,6570035
2140001026417,株式会社日乃出興産,兵庫県,神戸市灘区,灘北通１０丁目１番８号,6570835
2140001026425,株式会社ＮＫメディカル,兵庫県,神戸市灘区,宮山町１丁目２番２１号,6570065
2140001026458,白星社クリーニング株式会社,兵庫県,神戸市灘区,琵琶町３丁目１番１７号,6570041
2140001026607,エイワン物流株式会社,兵庫県,神戸市灘区,摩耶埠頭まや流通センター東棟,6570854
2140001026854,コベルコプロフェッショナルサービス株式会社,兵庫県,神戸市灘区,岩屋中町４丁目２番７号,6570845
2140001027712,株式会社阪神オート,兵庫県,神戸市灘区,鹿ノ下通３丁目６番９号,6570044
2140001027919,株式会社リサルト,兵庫県,神戸市灘区,稗原町２丁目３−１,6570054
2140001028108,株式会社日東絶縁ホールディングス,兵庫県,神戸市灘区,新在家南町５丁目９番３号,6570864
2140001028198,株式会社ミライズ,兵庫県,神戸市灘区,高羽町５丁目７番１５号高羽壱番館２０２,6570023
2140001028207,株式会社ＷＯＲＬＤ　ＤＲＥＡＭ,兵庫県,神戸市灘区,篠原伯母野山町２丁目１番１−３０４号,6570015
2140001028272,株式会社アイコム,兵庫県,神戸市灘区,岩屋南町４番５５号,6570856
2140001028561,株式会社Ｃｏ−Ｐｒｏ,兵庫県,神戸市灘区,山田町３丁目２番１５号マンション甲陽２０１号,6570064
2140001028636,株式会社ティーツーインパクト,兵庫県,神戸市灘区,灘北通３丁目２番１２号,6570835
2140001028743,株式会社ＥＮＯＫＩ,兵庫県,神戸市灘区,都通２丁目４−７,6570844
2140001028801,日産プリンス兵庫販売株式会社,兵庫県,神戸市灘区,烏帽子町３丁目３番１１号,6570042
2140001028900,株式会社アビリティ,兵庫県,神戸市灘区,篠原北町２丁目２番９号水木六甲シルクハイツＩＩＩ,6570068
2140001029196,株式会社カーズ神戸,兵庫県,神戸市灘区,大石東町４丁目７番９号,6570043
2140001029270,株式会社リビングサトウ,兵庫県,神戸市灘区,水道筋１丁目４１番３号,6570831
2140001029304,株式会社アトラクティブシステムズ,兵庫県,神戸市灘区,高羽字滝ノ奥５の１の１１０,6570001
2140001029626,株式会社ＢＥ,兵庫県,神戸市灘区,城内通２丁目２番６号,6570836
2140001029907,株式会社共田組,兵庫県,神戸市灘区,国玉通２丁目２番１４号,6570816
2140001030162,株式会社マテックス,兵庫県,神戸市灘区,水道筋２丁目１６番地の３,6570831
2140001030344,株式会社細川設備,兵庫県,神戸市灘区,下河原通４丁目２番２４号,6570045
2140001030501,株式会社ファイブアール,兵庫県,神戸市灘区,城内通４丁目３番２５号,6570836
2140001030567,株式会社超高層エンジニア,兵庫県,神戸市灘区,摩耶海岸通２丁目３番２−２５０２号,6570855
2140001030625,株式会社ソフト・アンド・ロジック,兵庫県,神戸市灘区,鶴甲４丁目８番１２号,6570011
2140001030716,株式会社インフィニティ,兵庫県,神戸市灘区,六甲町３丁目３番３号,6570053
2140001030757,株式会社ＫＭＩ　ＰＲＯＪＥＣＴ,兵庫県,神戸市灘区,福住通３丁目６番２３号,6570824
2140001030773,関西レンタリース株式会社,兵庫県,神戸市灘区,摩耶埠頭摩耶業務センタービル２１２号,6570854
2140001031243,株式会社シェリール,兵庫県,神戸市灘区,大内通１丁目３番４号,6570833
2140001031598,ＳＴＹアシスト株式会社,兵庫県,神戸市灘区,五毛通１丁目２番１７号,6570814
2140001031904,株式会社コ・リーグ,兵庫県,神戸市灘区,水道筋２丁目１６番３号,6570831
2140001032002,株式会社菩提樹,兵庫県,神戸市灘区,城内通４丁目４番２号,6570836
2140001032225,大商産業株式会社,兵庫県,神戸市灘区,大石東町５丁目１番１６号,6570043
2140001032258,株式会社オフィスイーグル,兵庫県,神戸市灘区,友田町３丁目２番２−２０６号,6570035
2140001032340,株式会社ゼスト,兵庫県,神戸市灘区,中原通１丁目７番６号,6570825
2140001032530,日本輸機メンテナンス株式会社,兵庫県,神戸市灘区,摩耶埠頭,6570854
2140001032605,セーバーファシリティーズ株式会社,兵庫県,神戸市灘区,浜田町１丁目１番３１号,6570862
2140001032638,株式会社ロイ,兵庫県,神戸市灘区,八幡町３丁目６−２４,6570051
2140001032704,ライフデザイン株式会社,兵庫県,神戸市灘区,記田町４丁目１番４号,6570034
2140001032753,株式会社ライズテクトロン,兵庫県,神戸市灘区,六甲台町１０番１２−７０３号,6570013
2140001033082,株式会社ライブトゥーラブ・ジャパン,兵庫県,神戸市灘区,赤松町３丁目３番１１−３０１号,6570061
2140001033124,株式会社古泉会計事務所,兵庫県,神戸市灘区,永手町５丁目８−１６−４０２,6570027
2140001033165,ＬＧＰ−Ｂｒｏｔｈｅｒ株式会社,兵庫県,神戸市灘区,新在家南町１丁目２番１号,6570864
2140001033207,Ｊｕｌｉｕｓ　Ｓｙｓｔｅｍ株式会社,兵庫県,神戸市灘区,岩屋北町７丁目１番３０−４０１号,6570846
2140001033322,株式会社ＵＦＣ,兵庫県,神戸市灘区,水車新田字宮坂１１１番地の１−５０２号,6570018
2140001033330,株式会社ＴＣＡ,兵庫県,神戸市灘区,赤坂通７丁目６番８号,6570821
2140001034072,ＡＱＵＡＤｅｓｉｇｎ不動産販売株式会社,兵庫県,神戸市灘区,森後町２丁目２番２２号,6570028
2140001038032,株式会社ＦＬＡＴ　ＦＩＥＬＤ,兵庫県,神戸市灘区,上野通５丁目９番１３号,6570817
2140001038131,株式会社エブリホテルマネジメント,兵庫県,神戸市灘区,大石南町２丁目１１番１０号,6570852
2140001042216,株式会社シビルロード,兵庫県,神戸市灘区,灘南通４丁目３番２７号,6570841
2140001042356,兵庫スズキ株式会社,兵庫県,神戸市灘区,烏帽子町３丁目３番１１号,6570042
2140001047058,阪神ホーム株式会社,兵庫県,神戸市灘区,水道筋３丁目７番６号,6570831
2140001047140,株式会社六港通商,兵庫県,神戸市灘区,永手町２丁目３番５号,6570027
2140001048345,トラストグレイス株式会社,兵庫県,神戸市灘区,土山町１６番１,6570022
2140001057338,ＣＡＢＩＮ株式会社,兵庫県,神戸市灘区,新在家南町３丁目７番１９−１号,6570864
2140001071248,株式会社神戸はいから食品本舗,兵庫県,神戸市灘区,王子町１丁目３−１６,6570838
2140001074721,株式会社イートプラス,兵庫県,神戸市灘区,浜田町３丁目１７,6570862
2140001086650,株式会社あさばスクウェア,兵庫県,神戸市灘区,八幡町４丁目９番２７号,6570051
2140001086675,マルオカソフト株式会社,兵庫県,神戸市灘区,鶴甲３丁目１２番２６−５０７号,6570011
2140001087228,株式会社閂,兵庫県,神戸市灘区,岸地通４丁目１番１１−２１２号,6570832
2140001088341,Ｋ５サービス株式会社,兵庫県,神戸市灘区,高尾通１丁目３番１４号,6570813
2140001088515,株式会社軽スタジオ,兵庫県,神戸市灘区,船寺通４丁目６番１０号,6570842
2140001088845,株式会社オズ．ベネフィット,兵庫県,神戸市灘区,永手町３丁目２番８号高千穂ビル３０２号,6570027
2140001089174,株式会社ＫＯＢＥミラエイト,兵庫県,神戸市灘区,森後町１丁目５番１１−１１０３号,6570028
2140001089315,株式会社クリスタル・クリア,兵庫県,神戸市灘区,摩耶海岸通１丁目１番３−１４０１号,6570855
2140001089463,株式会社アールイーコンセプト,兵庫県,神戸市灘区,鶴甲１丁目４番１５−２号,6570011
2140001089554,ファミリービジネスサポート株式会社,兵庫県,神戸市灘区,永手町５丁目２番７号イソベビル２階,6570027
2140001090207,株式会社ホワイティア・メディカルサービス,兵庫県,神戸市灘区,篠原北町２丁目８番５号,6570068
2140001090388,株式会社エムミール,兵庫県,神戸市灘区,高徳町１丁目２番１３号,6570025
2140001091519,ラダムエステート株式会社,兵庫県,神戸市灘区,六甲台町１１番４号,6570013
2140001091576,株式会社勇敢,兵庫県,神戸市灘区,中原通１丁目４−５,6570825
2140001091898,株式会社夷谷,兵庫県,神戸市灘区,水道筋５丁目１番８号,6570831
2140001092707,株式会社ＲＡＢＢＩＴ,兵庫県,神戸市灘区,篠原南町４丁目２番１５号篠原マンション２０５号室,6570059
2140001092863,株式会社フォトアートヒロム,兵庫県,神戸市灘区,六甲山町北六甲４５１２−６９９,6570101
2140001093977,株式会社オーバーアチーブ,兵庫県,神戸市灘区,八幡町１丁目２−３６サンシャイン１、２０２号室,6570051
2140001094380,株式会社トレイリング,兵庫県,神戸市灘区,篠原中町５丁目８番３５−２０１号,6570066
2140001094496,株式会社アットラグジュアリー,兵庫県,神戸市灘区,城の下通１丁目２番９号,6570804
2140001094934,ワイズサポート株式会社,兵庫県,神戸市灘区,篠原北町３丁目１０−２,6570068
2140001095395,株式会社角膜再生研究所,兵庫県,神戸市灘区,大土平町２丁目１番２０号,6570014
2140001095684,中澤株式会社,兵庫県,神戸市灘区,城内通４丁目２−３４−３０５号,6570836
2140001095949,株式会社神戸国陽,兵庫県,神戸市灘区,城内通１丁目１番１２号レオパレス王子公園１０２,6570836
2140001095973,株式会社アイデザインラボ,兵庫県,神戸市灘区,森後町１丁目３番１９号,6570028
2140001096138,福川株式会社,兵庫県,神戸市灘区,大石東町２丁目５番１３号２Ｆ,6570043
2140001097020,株式会社ワイズライフ神戸,兵庫県,神戸市灘区,五毛通２丁目５番１４号,6570814
2140001097557,株式会社ファイブスタートレーディングインターナショナル,兵庫県,神戸市灘区,原田通３丁目７番８号,6570837
2140001098159,株式会社六甲電通,兵庫県,神戸市灘区,大内通１丁目５番５号,6570833
2140001098282,神戸ラビットクリーン株式会社,兵庫県,神戸市灘区,倉石通１丁目１番１６号,6570826
2140001098431,クリエイトファクトリー株式会社,兵庫県,神戸市灘区,日尾町２丁目２番８号,6570029
2140001098506,スカイオートリンク株式会社,兵庫県,神戸市灘区,烏帽子町３丁目３番１１号,6570042
2140001098811,株式会社ツリー,兵庫県,神戸市灘区,永手町２丁目３番７号,6570027
2140001099248,株式会社大森,兵庫県,神戸市灘区,岩屋北町３丁目２番８号サンシャインスクエアー１０１,6570846
2140001099363,株式会社ロジスト,兵庫県,神戸市灘区,摩耶埠頭２番３,6570854
2140001100089,株式会社インフーズ,兵庫県,神戸市灘区,岩屋中町５丁目２番２９号ベルシティ灘２０７号室,6570845
2140001100312,株式会社福井組,兵庫県,神戸市灘区,水道筋５丁目２−１３,6570831
2140001100774,リアスターホーム株式会社,兵庫県,神戸市灘区,大石南町１丁目２番１８号,6570852
2140001100881,株式会社シップテクノサービス岸,兵庫県,神戸市灘区,大石東町４丁目７番１１号,6570043
2140001101054,株式会社ｈ．ｅ．ａ．ｐ,兵庫県,神戸市灘区,高徳町４丁目５番９号ラコンフォート１０２,6570025
2140001101830,株式会社ｅｅＲｏｎｅｒ,兵庫県,神戸市灘区,八幡町３丁目６番１７−３０８号,6570051
2140001102366,株式会社アトリアス,兵庫県,神戸市灘区,記田町５丁目６番２３号,6570034
2140001102564,株式会社ＭＡＩ,兵庫県,神戸市灘区,深田町４丁目１番１−１７０４号,6570038
2140001102738,アクティス株式会社,兵庫県,神戸市灘区,摩耶埠頭１番摩耶業務センタービル５Ｆ,6570854
2140001103546,株式会社神戸エスワークス,兵庫県,神戸市灘区,原田通３丁目１番１６号,6570837
2140001103587,株式会社ＩＤＡ一級建築士事務所,兵庫県,神戸市灘区,城内通４丁目７番２５号,6570836
2140001103760,株式会社ＴＭＺ,兵庫県,神戸市灘区,宮山町２丁目６番２１号,6570065
2140001104288,株式会社Ｒ,兵庫県,神戸市灘区,五毛通１丁目５−５−１１５,6570814
2140001104841,株式会社ＤＥＦＭＡＲＴ,兵庫県,神戸市灘区,篠原本町５丁目１番５号,6570067
2140001105113,株式会社ケイコーポレーション,兵庫県,神戸市灘区,楠丘町６丁目４番４号大成ラフォーレ六甲２０３号室,6570024
2140001105427,株式会社ＴＫシステムズ,兵庫県,神戸市灘区,岸地通３丁目５番２５号,6570832
2140001105831,株式会社トリニティ・アカウンティング,兵庫県,神戸市灘区,森後町２丁目３番２−１０３号,6570028
2140001106350,株式会社Ｌａ　ＫＩＣＣＡ,兵庫県,神戸市灘区,篠原北町２丁目１番９号,6570068
2140001106458,株式会社アルティックス,兵庫県,神戸市灘区,水道筋３丁目５番１２−７０３号,6570831
2140001106821,空間計画株式会社,兵庫県,神戸市灘区,城内通５丁目５番３−２０２号,6570836
2140001106945,株式会社郁,兵庫県,神戸市灘区,岩屋北町２丁目２番９号,6570846
2140001106986,ＺＯＺＡ．株式会社,兵庫県,神戸市灘区,深田町３丁目１番２３号,6570038
2140001107324,株式会社まにわ,兵庫県,神戸市灘区,摩耶海岸通１丁目１番３−４１３号,6570855
2140001107407,株式会社Ａｕｔｏ　Ｂｏｄｙ　ＣＯＳＭＯ・Ｆ,兵庫県,神戸市灘区,浜田町４丁目２番３号,6570862
2140001107472,株式会社インプルーブ,兵庫県,神戸市灘区,灘南通４丁目３番１３号,6570841
2140001108280,株式会社Ｐ．Ｐ．Ｃ．,兵庫県,神戸市灘区,大石東町４丁目３番１号１０７,6570043
2140001108553,株式会社日本シェアードサービスセンター,兵庫県,神戸市灘区,岩屋北町７丁目２番２５号２階,6570846
2140001109287,株式会社ロフティーサービス,兵庫県,神戸市灘区,浜田町３丁目５番３号ＲＥＶＥ六甲１Ｆ,6570862
2140001109675,株式会社ペルラ,兵庫県,神戸市灘区,永手町３丁目４番２１号２０１,6570027
2140001110427,株式会社アクティブワーク,兵庫県,神戸市灘区,深田町２丁目６番７号,6570038
2140001110484,わわ株式会社,兵庫県,神戸市灘区,備後町４丁目１番２−１４０１号,6570037
2140001110716,株式会社ジーボック,兵庫県,神戸市灘区,大石東町６丁目６番１号,6570043
2140001111350,Ｈ・Ｈ株式会社,兵庫県,神戸市灘区,八幡町２丁目１２−１７ＥＲＣビル２階,6570051
2140001112076,株式会社Ｓｔｙｌｅｒ　Ｍｕｓｉｃ,兵庫県,神戸市灘区,大石東町６丁目４番２号,6570043
2140001112514,株式会社ＭＡＧＩＣ,兵庫県,神戸市灘区,篠原北町１丁目７番２号,6570068
2140001112638,株式会社アルファー企画,兵庫県,神戸市灘区,船寺通５丁目４番１９号朝倉ビル２０１号,6570842
2140001114147,株式会社エフヨシダ,兵庫県,神戸市灘区,六甲台町１０番５−１３０３号,6570013
2140001114188,株式会社神戸ファインフーズ,兵庫県,神戸市灘区,岩屋南町２−２２,6570856
2140001114782,株式会社リヴァンス,兵庫県,神戸市灘区,摩耶海岸通２丁目３ＨＡＴ神戸・灘の浜１番館１０１号室,6570855
2140001115855,株式会社サニートラスト,兵庫県,神戸市灘区,新在家南町５丁目３−８,6570864
2140001115913,Ｊ＆Ｉ株式会社,兵庫県,神戸市灘区,鶴甲３丁目１３番３３号,6570011
2140001116572,株式会社宮本建設,兵庫県,神戸市灘区,灘南通５丁目４番２４号,6570841
2140001116597,株式会社グローベア,兵庫県,神戸市灘区,琵琶町１丁目１−１４−１０１,6570041
2140001116606,株式会社ＶＰコーポレーション,兵庫県,神戸市灘区,水道筋１丁目５−１,6570831
2140001116936,株式会社ビープロ,兵庫県,神戸市灘区,灘南通５丁目４−１７,6570841
2140001116969,ラフ不動産販売株式会社,兵庫県,神戸市灘区,船寺通５丁目３番１４号コスモハイツ１階,6570842
2140001117380,ベックスボーリング株式会社,兵庫県,神戸市灘区,篠原本町２丁目２−３−２,6570067
2140001117975,株式会社摩耶コンサルティング,兵庫県,神戸市灘区,岸地通１丁目２−１４,6570832
2140001118098,あっとケア株式会社,兵庫県,神戸市灘区,森後町２丁目１番６−７０１号,6570028
2140001118263,株式会社クレドインターナショナル,兵庫県,神戸市灘区,徳井町２丁目３番１９−３０２号,6570033
2140001118503,株式会社下川,兵庫県,神戸市灘区,福住通５丁目２番１４−４０１号,6570824
2140001118908,株式会社ＦＬＥＥＫ,兵庫県,神戸市灘区,摩耶海岸通１丁目３番３−２０２号,6570855
2140001119014,株式会社ＡＩＣＨＬＥＲ,兵庫県,神戸市灘区,上野通５丁目４番５−２号,6570817
2140001119393,株式会社Ｋ−ＰＡＩＮＴ,兵庫県,神戸市灘区,徳井町４丁目２番１３号,6570033
2140001119468,株式会社サイドアカンパニー,兵庫県,神戸市灘区,山田町１丁目２番１４号六甲パークハイツ３０２,6570064
2140001120104,不動産アセットマネジメント株式会社,兵庫県,神戸市灘区,永手町５丁目２番３−６０２号,6570027
2140001120244,株式会社ハルハナ,兵庫県,神戸市灘区,中原通７丁目２番１１号,6570825
2140001121011,Ｓ＆Ｍカンパニー株式会社,兵庫県,神戸市灘区,大和町２丁目３番７−２号,6570031
2140001121036,株式会社ＳＣコミュニケーションズ,兵庫県,神戸市灘区,水道筋５丁目２番１０−７０３号,6570831
2140001122067,晴海都市開発株式会社,兵庫県,神戸市灘区,宮山町３丁目１番２５号,6570065
2140001122240,株式会社グリッド,兵庫県,神戸市灘区,森後町２丁目３番２０号,6570028
2140001122471,株式会社ＹｏＵ．１,兵庫県,神戸市灘区,原田通３丁目４番９号１Ｆ,6570837
2140001123040,株式会社ＳＦＢ,兵庫県,神戸市灘区,岩屋北町５丁目２番２１号１Ｆ,6570846
2140001123313,株式会社ＦＡＬ,兵庫県,神戸市灘区,大土平町１丁目４番１８号六甲セレスコート１０２,6570014
2140001123692,優心株式会社,兵庫県,神戸市灘区,友田町３丁目５番１３−５０１号,6570035
2140001123965,株式会社ラルゴ,兵庫県,神戸市灘区,山田町３丁目１番１８号,6570064
2140001124674,神菱梱包株式会社,兵庫県,神戸市灘区,灘浜町３番地,6570853
2140001125739,株式会社美彩,兵庫県,神戸市灘区,下河原通４丁目２番１号日井ビル１Ｆ,6570045
2140001125805,株式会社Ｂｏｏｍ　Ａｃａｄｅｍｙ,兵庫県,神戸市灘区,青谷町４丁目１番７号リバーサイド青谷１０１号,6570805
2140001125821,海恵商事株式会社,兵庫県,神戸市灘区,鶴甲３丁目１２番４０−２１８号,6570011
2140001127025,Ｃ‐ｎｅｔ株式会社,兵庫県,神戸市灘区,城内通５丁目１番１−２０３号,6570836
2140001127396,株式会社ＴＨＥ　ＦＡＣＴＯＲＹ,兵庫県,神戸市灘区,森後町３丁目２番２号,6570028
2140001127421,ジェイフィッシュ株式会社,兵庫県,神戸市灘区,将軍通４丁目３番２３号シティライフ灘４３−３０５,6570058
2140001127553,株式会社Ｚｅｂｒａ,兵庫県,神戸市灘区,大石東町４丁目５番１０号,6570043
2140001128997,株式会社ＵＮＩＴＥ,兵庫県,神戸市灘区,新在家南町１丁目２番１号サザンモール六甲２Ｆ,6570864
2140001129062,株式会社ｔｈｒｅｅ　ｔｒｅｅ,兵庫県,神戸市灘区,赤坂通８丁目９番１７号１,6570821
2140001129203,株式会社Ｎ,兵庫県,神戸市灘区,篠原中町５丁目７−１６六甲ガーデンズ３０２号室,6570066
2140001129665,六甲山観光株式会社,兵庫県,神戸市灘区,六甲山町一ケ谷１番３２号,6570101
2140001129855,株式会社モデル・エレクトロニック,兵庫県,神戸市灘区,摩耶海岸通２丁目３番１３号,6570855
2140001129995,株式会社ラポール・神戸,兵庫県,神戸市灘区,記田町５丁目４番３号,6570034
2140001130739,株式会社泰永,兵庫県,神戸市灘区,篠原台１７番１２号,6570016
2140001131010,株式会社Ｉｍａｇｉｎｅ,兵庫県,神戸市灘区,烏帽子町３丁目２番８号,6570042
2140001131217,株式会社うららか,兵庫県,神戸市灘区,船寺通１丁目２番１９号,6570842
2140001131282,株式会社ＳＮプロモート,兵庫県,神戸市灘区,薬師通３丁目３番１７号,6570815
2140001132347,株式会社Ｓ,兵庫県,神戸市灘区,下河原通５丁目２番１号,6570045
2140001132867,株式会社スリーエス,兵庫県,神戸市灘区,箕岡通１丁目２番９−１０２号,6570812
2140001133444,株式会社ＳＨＩＮ‐ＤＥＳＩＧＮ,兵庫県,神戸市灘区,篠原南町５丁目３番１１号,6570059
2140001133527,株式会社ビーステイ,兵庫県,神戸市灘区,城内通２丁目３番３号,6570836
2140001134509,樂悠園株式会社,兵庫県,神戸市灘区,大月台１−９,6570017
2140001134772,株式会社ｔｒｅｓ,兵庫県,神戸市灘区,森後町１丁目３番１９号,6570028
2140001134946,Ｌ．Ｍ　ａｎｇｅ株式会社,兵庫県,神戸市灘区,高羽字瀧ノ奥５−３リビオ六甲高羽１１４,6570001
2140001135333,Ｙ’ｓステージ株式会社,兵庫県,神戸市灘区,大内通１丁目５番７−２０５号,6570833
2140001135820,柏松株式会社,兵庫県,神戸市灘区,岸地通５丁目１−４真幸ビル,6570832
2140001136604,株式会社Ｕｎｉｆａｍ,兵庫県,神戸市灘区,新在家南町３丁目７番２１号,6570864
2140001137775,株式会社オークモント,兵庫県,神戸市灘区,鶴甲３丁目１２−４０−４０４,6570011
2140001138294,株式会社アクアマネジメント,兵庫県,神戸市灘区,徳井町３丁目４番１４号,6570033
2140001138781,株式会社Ｍｏｎａｒｃｈ　Ｐｒｏｐｅｒｔｙ,兵庫県,神戸市灘区,上野通５丁目８番１５号,6570817
2140001138856,株式会社Ｋａｎａｅｒｕ不動産,兵庫県,神戸市灘区,大和町３丁目１−１３大和町ビル４階,6570031
2140001138947,三喜商事株式会社,兵庫県,神戸市灘区,寺口町７番１０−１号,6570062
2140001139953,株式会社フューチャーライズ,兵庫県,神戸市灘区,水道筋３丁目７番５号,6570831
2140001140556,株式会社Ｃａｓａ　ＥＣＯ,兵庫県,神戸市灘区,篠原本町１丁目８番１８号,6570067
2140001141125,オーシャントラスト株式会社,兵庫県,神戸市灘区,岸地通４丁目４−１７−２０４,6570832
2140001141281,株式会社Ｍａｚｅ,兵庫県,神戸市灘区,篠原南町６丁目８番５号,6570059
2140001141521,株式会社ゲンズジャパン,兵庫県,神戸市灘区,水道筋５丁目３番１５−５０６号,6570831
2140001142032,原木医生Ｎａｔｕｒａｌ　　Ｄｏｃｔｏｒ株式会社,兵庫県,神戸市灘区,篠原中町４丁目４番１号ヴィラ・ブルー２階２０１号室,6570066
2140001142338,株式会社グルホサポート,兵庫県,神戸市灘区,原田通１丁目２番９−４０３号,6570837
2140001142478,Ｍｔ．Ｃｏｎｎｅｃｔ株式会社,兵庫県,神戸市灘区,灘北通１０丁目１番９−５０３号,6570835
2140003008652,ＲＥＧＡＬ株式会社,兵庫県,神戸市灘区,篠原北町４丁目１２番１４号,6570068
2140003013256,株式会社アクティブ,兵庫県,神戸市灘区,大石南町１丁目７番１７号,6570852
2240001052238,ライフスマイル株式会社,兵庫県,神戸市灘区,桜口町３丁目３番３０−４０３号,6570036
2350001017485,株式会社ユウキノチカラ,兵庫県,神戸市灘区,鶴甲１丁目５番３−７０４号,6570011
3010001110637,株式会社創生支援機構ＲＥＸ,兵庫県,神戸市灘区,八幡町１丁目２番３５−２０２号,6570051
3010001142250,株式会社コスモフラワー,兵庫県,神戸市灘区,篠原南町５丁目４番１１号１０１号,6570059
3011001122333,株式会社ヨロズコーポレーション,兵庫県,神戸市灘区,箕岡通４丁目６番８−１号,6570812
3011101107696,ＲＴＳマネジメント株式会社,兵庫県,神戸市灘区,鶴甲５丁目１番５０号藤和ライブタウン翠光１Ｆ,6570011
3011801034703,株式会社ＴＫＫ,兵庫県,神戸市灘区,深田町３丁目１番４−１０１号,6570038
3040001094720,株式会社リメイト,兵庫県,神戸市灘区,八幡町１丁目８番１０号パークハイム六甲八幡町４０３,6570051
3120001040022,丸一食品株式会社,兵庫県,神戸市灘区,篠原台２２番９号,6570016
3120001071397,八谷不動産株式会社,兵庫県,神戸市灘区,六甲山町中一里山１番地３５,6570101
3120001126721,株式会社ワナップ,兵庫県,神戸市灘区,水道筋６丁目３番４−１０６号,6570831
3120001144541,株式会社スポック,兵庫県,神戸市灘区,楠丘町３丁目７番１３号,6570024
3120001171610,株式会社邦明会サポート,兵庫県,神戸市灘区,篠原本町３丁目２番２３号,6570067
3120001194487,ＶａｌｕＭａｘ　Ｃｌｅａｎｒｏｏｍ　Ｊａｐａｎ株式会社,兵庫県,神戸市灘区,国玉通２丁目１番１号,6570816
3120001207034,株式会社リッチリカー,兵庫県,神戸市灘区,楠丘町６丁目９番１０号,6570024
3120001213346,株式会社ＳＡＭＵＲＡＩ,兵庫県,神戸市灘区,水道筋３丁目１１番地,6570831
3120001217710,ギューラボラトリー株式会社,兵庫県,神戸市灘区,船寺通４丁目７番１８号,6570842
3120001243104,株式会社ｍｏｍｏ,兵庫県,神戸市灘区,篠原北町３丁目７番１６号タウンハウス六甲４０２,6570068
3120001264447,嵩寧株式会社,兵庫県,神戸市灘区,森後町２丁目３番１５号７１１室,6570028
3120101038874,日本エコサイエンス株式会社,兵庫県,神戸市灘区,六甲山町北六甲４５１２−９０９,6570101
3130001045409,株式会社ユジン,兵庫県,神戸市灘区,摩耶海岸通１丁目３番３−１１０２号,6570855
3140001001385,株式会社夢創館,兵庫県,神戸市灘区,青谷町２丁目１番３号,6570805
3140001001410,株式会社ケンズ,兵庫県,神戸市灘区,曾和町１丁目４番２４号,6570063
3140001001708,株式会社シティーホーム,兵庫県,神戸市灘区,高徳町５丁目５番８号,6570025
3140001002160,株式会社ナダコー,兵庫県,神戸市灘区,記田町３丁目２番２５号２０３号,6570034
3140001002342,ヒットインターナショナル株式会社,兵庫県,神戸市灘区,篠原台８番３５号,6570016
3140001002565,株式会社丸藤,兵庫県,神戸市灘区,灘浜町２番１号,6570853
3140001002937,株式会社アオイ,兵庫県,神戸市灘区,青谷町４丁目８番１０号,6570805
3140001002961,株式会社明石商店,兵庫県,神戸市灘区,新在家南町５丁目６番２０号,6570864
3140001002978,安藤建設株式会社,兵庫県,神戸市灘区,灘浜町３番６号３階３０１号,6570853
3140001002986,株式会社阿部建材建設工業所,兵庫県,神戸市灘区,永手町２丁目２番１７号,6570027
3140001003010,井口熔工株式会社,兵庫県,神戸市灘区,烏帽子町３丁目１番２０号,6570042
3140001003019,株式会社和泉,兵庫県,神戸市灘区,中原通７丁目４番７号,6570825
3140001003035,株式会社市原設計事務所,兵庫県,神戸市灘区,備後町１丁目１番１号ラジャコート六甲道１０１号,6570037
3140001003043,株式会社いろは,兵庫県,神戸市灘区,大石東町６丁目７番１０号,6570043
3140001003068,牛田香料株式会社,兵庫県,神戸市灘区,中郷町４丁目１番６号,6570032
3140001003084,沿岸建設株式会社,兵庫県,神戸市灘区,大石東町６丁目１番１３号,6570043
3140001003092,株式会社エスノスタイル,兵庫県,神戸市灘区,青谷町２丁目１番２８号,6570805
3140001003101,株式会社江夏,兵庫県,神戸市灘区,記田町５丁目４番１１号,6570034
3140001003126,株式会社大塚商会,兵庫県,神戸市灘区,六甲町３丁目８番１３号,6570053
3140001003134,株式会社オオハタ,兵庫県,神戸市灘区,水道筋３丁目９番地,6570831
3140001003142,株式会社オカダ電設工業,兵庫県,神戸市灘区,船寺通５丁目４番４号,6570842
3140001003167,角谷株式会社,兵庫県,神戸市灘区,大和町４丁目１番１４号,6570031
3140001003200,株式会社カミヨシ電業所,兵庫県,神戸市灘区,大石南町２丁目１２番１５号,6570852
3140001003217,株式会社近畿住宅サービス,兵庫県,神戸市灘区,楠丘町６丁目９番１４号,6570024
3140001003225,岸本建設株式会社,兵庫県,神戸市灘区,永手町１丁目４番１５号,6570027
3140001003258,株式会社キリン堂,兵庫県,神戸市灘区,浜田町３丁目４番１号,6570862
3140001003274,株式会社グランド六甲,兵庫県,神戸市灘区,友田町５丁目２番１号,6570035
3140001003282,ローリーポーリー株式会社,兵庫県,神戸市灘区,曾和町１丁目４番２号,6570063
3140001003290,株式会社ケイ・エフ・コンパニー,兵庫県,神戸市灘区,鹿ノ下通２丁目１番３号,6570044
3140001003316,株式会社黄起,兵庫県,神戸市灘区,五毛通３丁目２番１７号,6570814
3140001003349,株式会社コウベジャコム,兵庫県,神戸市灘区,摩耶埠頭１番地摩耶業務センタービル３階３０９号室,6570854
3140001003357,向洋水産株式会社,兵庫県,神戸市灘区,長峰台２丁目４番２０号,6570811
3140001003381,三栄工業株式会社,兵庫県,神戸市灘区,徳井町４丁目３番１２号,6570033
3140001003415,株式会社佐藤忠紙業,兵庫県,神戸市灘区,篠原南町２丁目３番１４号,6570059
3140001003423,株式会社三宮デンソー,兵庫県,神戸市灘区,大石南町１丁目５番９号,6570852
3140001003431,株式会社三友,兵庫県,神戸市灘区,篠原中町６丁目２番１３号,6570066
3140001003464,神港商興株式会社,兵庫県,神戸市灘区,岸地通４丁目４番１５号サンポール灘２０３号,6570832
3140001003480,株式会社寝具ヨシダ,兵庫県,神戸市灘区,水道筋３丁目２番１５,6570831
3140001003489,株式会社神東エンジニアリング,兵庫県,神戸市灘区,鹿ノ下通１丁目１番３号,6570044
3140001003497,株式会社篠原総合開発,兵庫県,神戸市灘区,篠原伯母野山町２丁目１番１−２０１号,6570015
3140001003506,株式会社島田組,兵庫県,神戸市灘区,八幡町４丁目８番４号,6570051
3140001003514,松栄産業株式会社,兵庫県,神戸市灘区,永手町３丁目４番１４号,6570027
3140001003539,真和運輸株式会社,兵庫県,神戸市灘区,鹿ノ下通１丁目３番２号,6570044
3140001003547,伸和土地株式会社,兵庫県,神戸市灘区,高羽町５丁目１番５号,6570023
3140001003571,セイコー住建株式会社,兵庫県,神戸市灘区,森後町２丁目２−３−２０１,6570028
3140001003588,摂津土建株式会社,兵庫県,神戸市灘区,八幡町３丁目３番３号,6570051
3140001003596,株式会社そば処陣,兵庫県,神戸市灘区,八幡町１丁目９番１６号,6570051
3140001003646,竹田運輸株式会社,兵庫県,神戸市灘区,都通１丁目１番２号,6570844
3140001003670,田中印刷出版株式会社,兵庫県,神戸市灘区,岩屋中町３丁目１番４号,6570845
3140001003679,株式会社樽吉商店,兵庫県,神戸市灘区,新在家南町５丁目１番３号,6570864
3140001003687,株式会社千代田,兵庫県,神戸市灘区,深田町４丁目１番地６,6570038
3140001003704,株式会社電協建装,兵庫県,神戸市灘区,下河原通３丁目４番９号,6570045
3140001003720,株式会社ドゥドゥルドゥ,兵庫県,神戸市灘区,天城通８丁目５番１１号,6570823
3140001003729,東洋産業株式会社,兵庫県,神戸市灘区,天城通５丁目２番１号,6570823
3140001003737,東和産業株式会社,兵庫県,神戸市灘区,大石東町５丁目８番１号,6570043
3140001003753,株式会社外山技研,兵庫県,神戸市灘区,岩屋北町２丁目２番９号,6570846
3140001003786,灘酒販株式会社,兵庫県,神戸市灘区,下河原通３丁目１番８号,6570045
3140001003794,株式会社七洋,兵庫県,神戸市灘区,高羽町２丁目２番１１号,6570023
3140001003828,株式会社日新自動車工作所,兵庫県,神戸市灘区,岩屋南町３番２８号,6570856
3140001003836,日東貿易株式会社,兵庫県,神戸市灘区,灘南通５丁目２１番地,6570841
3140001003852,株式会社能率研究所,兵庫県,神戸市灘区,長峰台１丁目４番１４号,6570811
3140001003869,株式会社白寳堂,兵庫県,神戸市灘区,篠原中町１丁目２番４号,6570066
3140001003902,ハマ株式会社,兵庫県,神戸市灘区,岩屋中町４丁目２番１５号,6570845
3140001003919,ヒカリ設備株式会社,兵庫県,神戸市灘区,弓木町３丁目３番７号,6570026
3140001003927,一ツ星産業株式会社,兵庫県,神戸市灘区,赤坂通１丁目２番１２号,6570821
3140001003935,ＨＩＲＡＯ株式会社,兵庫県,神戸市灘区,大石南町３丁目３番６号,6570852
3140001003951,フェニックス株式会社,兵庫県,神戸市灘区,赤坂通７丁目５番１９号,6570821
3140001003976,株式会社藤堂工務店,兵庫県,神戸市灘区,原田通３丁目２番２０号,6570837
3140001004000,株式会社古本熔工所,兵庫県,神戸市灘区,浜田町４丁目３番２８号,6570862
3140001004009,株式会社辨天屋,兵庫県,神戸市灘区,永手町４丁目２番１号,6570027
3140001004058,株式会社マックスアーキテクトアンドアソシェイツ,兵庫県,神戸市灘区,城内通５丁目３番１１号,6570836
3140001004066,マツヤ興産株式会社,兵庫県,神戸市灘区,岩屋北町４丁目４番２６号,6570846
3140001004082,丸公建設株式会社,兵庫県,神戸市灘区,桜口町２丁目３番２１号,6570036
3140001004099,株式会社三浦工務店,兵庫県,神戸市灘区,鶴甲３丁目１３番３３−３０１号,6570011
3140001004108,株式会社ミズノワークス,兵庫県,神戸市灘区,徳井町３丁目４番１号,6570033
3140001004124,株式会社ミハラ齒研,兵庫県,神戸市灘区,八幡町２丁目７番１６号,6570051
3140001004165,森下建設株式会社,兵庫県,神戸市灘区,篠原南町５丁目３番３２号,6570059
3140001004198,株式会社ヤヨイ會館,兵庫県,神戸市灘区,水道筋５丁目３番３号,6570831
3140001004223,株式会社ワークスタイル研究所,兵庫県,神戸市灘区,楠丘町５丁目３番５号,6570024
3140001004248,リージエント・ジヨージ株式会社,兵庫県,神戸市灘区,篠原伯母野山町２丁目１番１−２０１号,6570015
3140001004256,菱神運輸株式会社,兵庫県,神戸市灘区,岩屋北町２丁目５番２７号,6570846
3140001004280,株式会社六甲創修館,兵庫県,神戸市灘区,八幡町３丁目６番２２号,6570051
3140001004297,六甲発條株式会社,兵庫県,神戸市灘区,下河原通２丁目１番１号,6570045
3140001004314,神戸小型自動車株式会社,兵庫県,神戸市灘区,桜口町３丁目１番５号,6570036
3140001004330,神戸商運株式会社,兵庫県,神戸市灘区,大石東町２丁目３番８号,6570043
3140001004339,株式会社神戸中山建設,兵庫県,神戸市灘区,徳井町２丁目３番２２−１０２号,6570033
3140001004347,日本エステート株式会社,兵庫県,神戸市灘区,新在家南町３丁目３番７号,6570864
3140001004355,日本メンテナンス株式会社,兵庫県,神戸市灘区,弓木町３丁目１番１４４号,6570026
3140001004363,兵庫スバル自動車株式会社,兵庫県,神戸市灘区,岩屋中町２丁目２番７号,6570845
3140001005519,株式会社和幸建設,兵庫県,神戸市灘区,灘北通１０丁目２番３号,6570835
3140001005816,アキ株式会社,兵庫県,神戸市灘区,山田町２丁目１番１−２０３号,6570064
3140001007317,株式会社クリスコーポレーション,兵庫県,神戸市灘区,箕岡通２丁目２番８号,6570812
3140001007614,皇蘭フーズ株式会社,兵庫県,神戸市灘区,大石南町２丁目２番２号,6570852
3140001008083,株式会社サンワ商会,兵庫県,神戸市灘区,鹿ノ下通１丁目４番１２号,6570044
3140001008265,株式会社コベルコパワー神戸,兵庫県,神戸市灘区,灘浜東町２番地,6570863
3140001008884,株式会社マイルド年金,兵庫県,神戸市灘区,城の下通１丁目４番２０−３０４号,6570804
3140001009346,中外海運倉庫株式会社,兵庫県,神戸市灘区,摩耶埠頭１番地１,6570854
3140001009379,株式会社司商会,兵庫県,神戸市灘区,都通１丁目１番２６号,6570844
3140001010535,株式会社フオルテシモ,兵庫県,神戸市灘区,篠原本町２丁目４番２２号３０１,6570067
3140001010873,株式会社マーガスインターナショナル,兵庫県,神戸市灘区,船寺通４丁目１番１６号,6570842
3140001011368,株式会社モリト,兵庫県,神戸市灘区,岩屋北町７丁目２番２４号兵協ビル,6570846
3140001011748,株式会社シーズングラフィックス,兵庫県,神戸市灘区,篠原中町１丁目３番１０号,6570066
3140001011855,株式会社福祐建設,兵庫県,神戸市灘区,城内通２丁目２番６号,6570836
3140001012102,株式会社神戸ホーミング,兵庫県,神戸市灘区,福住通３丁目５番２号,6570824
3140001013331,株式会社鈴木商店,兵庫県,神戸市灘区,篠原南町５丁目１番１６号,6570059
3140001013752,株式会社中川衣裳店,兵庫県,神戸市灘区,篠原北町３丁目１４番７号,6570068
3140001014049,富士装備株式会社,兵庫県,神戸市灘区,原田通１丁目３番１７号,6570837
3140001015550,株式会社ライフレスキュー,兵庫県,神戸市灘区,日尾町２丁目３番１３号ル・パレ六甲２０２号,6570029
3140001015864,株式会社オフィスレオ,兵庫県,神戸市灘区,泉通１丁目４番１１−３０１号,6570834
3140001018999,株式会社寺田商店,兵庫県,神戸市灘区,味泥町２番４号,6570851
3140001019205,株式会社富基ファシリティーズ,兵庫県,神戸市灘区,赤松町３丁目２番３号,6570061
3140001020105,株式会社コーケン,兵庫県,神戸市灘区,鹿ノ下通３丁目２番６号,6570044
3140001020872,株式会社アクア総合建究所,兵庫県,神戸市灘区,高羽町３丁目６番８号,6570023
3140001020939,株式会社神戸二十一,兵庫県,神戸市灘区,篠原南町２丁目３番１４号,6570059
3140001021061,株式会社大樹装工,兵庫県,神戸市灘区,一王山町８番８号,6570012
3140001021318,ビーアン株式会社,兵庫県,神戸市灘区,大和町３丁目２番１２−９０７号,6570031
3140001022530,株式会社ワークス,兵庫県,神戸市灘区,大石南町２丁目５−２,6570852
3140001022605,株式会社プロテック,兵庫県,神戸市灘区,六甲台町５番３１号,6570013
3140001022646,株式会社日本ウェルフェア,兵庫県,神戸市灘区,都通３丁目２番５号,6570844
3140001023033,株式会社ビズゥ,兵庫県,神戸市灘区,篠原北町２丁目２番３８号,6570068
3140001023149,株式会社リセイ,兵庫県,神戸市灘区,六甲町５丁目３番１３号,6570053
3140001023157,株式会社甲陽音楽学院,兵庫県,神戸市灘区,篠原南町５丁目４番１号,6570059
3140001023355,株式会社大三,兵庫県,神戸市灘区,城の下通２丁目４番１４−４０１号,6570804
3140001023446,株式会社ライブラリー,兵庫県,神戸市灘区,八幡町３丁目５番２０号,6570051
3140001023529,株式会社ゼアロ・フューチャー,兵庫県,神戸市灘区,天城通７丁目１番３０−３０３号,6570823
3140001023594,クリーンタオル株式会社,兵庫県,神戸市灘区,大石南町３丁目４番５号,6570852
3140001023842,株式会社コベルコＥ＆Ｍ,兵庫県,神戸市灘区,岩屋北町４丁目５番２２号,6570846
3140001024056,株式会社オープン・セサミ,兵庫県,神戸市灘区,八幡町２丁目１３番１８号,6570051
3140001024097,株式会社ＫＹＣ,兵庫県,神戸市灘区,灘浜町２番１号,6570853
3140001024485,株式会社リックステーション,兵庫県,神戸市灘区,鶴甲２丁目７番１号,6570011
3140001024535,スカイシステムズ株式会社,兵庫県,神戸市灘区,岩屋中町１丁目２番９号,6570845
3140001024865,株式会社ジュン・アンドブルー,兵庫県,神戸市灘区,日尾町２丁目２番７号,6570029
3140001024997,株式会社小野音響事務所,兵庫県,神戸市灘区,備後町３丁目２番１６号,6570037
3140001025228,株式会社福宝ハウジング,兵庫県,神戸市灘区,水道筋３丁目１２,6570831
3140001025310,株式会社イン・クローバー,兵庫県,神戸市灘区,大内通４丁目５番１号,6570833
3140001025384,株式会社ＲｅＨｏｍｅｙ,兵庫県,神戸市灘区,水道筋６丁目４番１３号,6570831
3140001025616,東洋信用実業株式会社,兵庫県,神戸市灘区,篠原中町５丁目１０番１１号,6570066
3140001025913,株式会社フジカワ,兵庫県,神戸市灘区,友田町２丁目５番１３号,6570035
3140001026168,株式会社エコール,兵庫県,神戸市灘区,篠原伯母野山町２丁目３番１−Ｂ１００５,6570015
3140001026201,株式会社ユーティ,兵庫県,神戸市灘区,弓木町３丁目３番２号,6570026
3140001026267,株式会社Ｔ・Ｎ・Ｓ,兵庫県,神戸市灘区,永手町４丁目２−１フォレスタ六甲１Ｆ−３１,6570027
3140001026408,株式会社ベリー,兵庫県,神戸市灘区,篠原台２３番４号,6570016
3140001026861,ネオガイアジャパン株式会社,兵庫県,神戸市灘区,桜口町４丁目１−１−４０１号,6570036
3140001026985,株式会社グローバルマネジメント,兵庫県,神戸市灘区,岩屋北町４丁目４番１号,6570846
3140001027067,株式会社宮内不動産,兵庫県,神戸市灘区,水道筋２丁目３３番１−１０３号,6570831
3140001027109,株式会社西灘中央廉売市場,兵庫県,神戸市灘区,水道筋５丁目１番１４号,6570831
3140001027125,宝塚食品株式会社,兵庫県,神戸市灘区,摩耶埠頭３番,6570854
3140001027257,兵庫奥栄建設株式会社,兵庫県,神戸市灘区,岩屋中町１丁目４番１９号,6570845
3140001027307,株式会社雅建設,兵庫県,神戸市灘区,大石南町３丁目３−５,6570852
3140001027380,株式会社みかさ運送店,兵庫県,神戸市灘区,六甲台町９番１−１２０３号,6570013
3140001027595,ライフパートナー株式会社,兵庫県,神戸市灘区,日尾町３丁目１番２５−１０４号,6570029
3140001027868,株式会社ネクストコーポレーション,兵庫県,神戸市灘区,深田町１丁目３番１０号,6570038
3140001027975,もっこす食品株式会社,兵庫県,神戸市灘区,味泥町８番２５号,6570851
3140001028040,株式会社ビンテック,兵庫県,神戸市灘区,灘北通４丁目５番１３号,6570835
3140001028073,株式会社Ｒｏｘｙ,兵庫県,神戸市灘区,中原通１丁目５番９−２０３号,6570825
3140001028263,カンマルフーズ株式会社,兵庫県,神戸市灘区,楠丘町４丁目１番３２−２１７号,6570024
3140001028420,株式会社エムズエンジニアリング,兵庫県,神戸市灘区,摩耶海岸通２丁目３番７−８１３号,6570855
3140001028453,株式会社ベリータ,兵庫県,神戸市灘区,楠丘町６丁目３番３号,6570024
3140001028981,株式会社ボンヌーヴェル,兵庫県,神戸市灘区,記田町３丁目２番１５号,6570034
3140001029088,ＧＬＢ株式会社,兵庫県,神戸市灘区,山田町２丁目２番８号,6570064
3140001029195,株式会社リノ,兵庫県,神戸市灘区,鹿ノ下通１丁目３番２号,6570044
3140001029823,株式会社マリア神戸,兵庫県,神戸市灘区,永手町３丁目４番１３号,6570027
3140001029906,東煌盛業株式会社,兵庫県,神戸市灘区,一王山町２−２４−５Ｃ,6570012
3140001030046,ウィズテック株式会社,兵庫県,神戸市灘区,原田通２丁目１番１号,6570837
3140001030392,株式会社ドリームボックス,兵庫県,神戸市灘区,篠原南町６丁目１番１０−１０６号,6570059
3140001031003,株式会社オフィス六甲,兵庫県,神戸市灘区,六甲町４丁目５番１号,6570053
3140001031069,株式会社雲海の宿,兵庫県,神戸市灘区,六甲山町北六甲４番６８５号,6570101
3140001031250,株式会社フロム神戸,兵庫県,神戸市灘区,深田町３丁目３番４号,6570038
3140001031358,株式会社アディッシュ,兵庫県,神戸市灘区,記田町１丁目３番１０号,6570034
3140001031473,株式会社ワードワールド,兵庫県,神戸市灘区,高尾通４丁目２番１７号６０８号室,6570813
3140001031515,株式会社ハリーホーム,兵庫県,神戸市灘区,水道筋６丁目５番１号レイシットマンション１階,6570831
3140001031630,株式会社近畿集配センター,兵庫県,神戸市灘区,六甲台町１０−１２−５０３,6570013
3140001031903,アイエムファミリー株式会社,兵庫県,神戸市灘区,原田通３丁目７番１５号,6570837
3140001031911,株式会社グルメイト,兵庫県,神戸市灘区,船寺通４丁目５番１６号,6570842
3140001032001,聖和株式会社,兵庫県,神戸市灘区,城内通４丁目７番１２号,6570836
3140001032430,株式会社買取蔵,兵庫県,神戸市灘区,王子町１丁目２番１１−１０１号,6570838
3140001032439,株式会社リバー,兵庫県,神戸市灘区,稗原町２丁目２番１６号マウンテンビュー六甲ＩＩ,6570054
3140001032447,株式会社弘栄企画,兵庫県,神戸市灘区,岩屋北町３丁目２−１６,6570846
3140001032744,株式会社ウイリング,兵庫県,神戸市灘区,篠原北町２丁目５番１５号,6570068
3140001032843,株式会社Ｄ　ｃｏｕｒｓｅ,兵庫県,神戸市灘区,篠原北町３丁目３番２４号,6570068
3140001033338,株式会社かんべ,兵庫県,神戸市灘区,篠原北町２丁目１番９号,6570068
3140001033676,株式会社ナダ水道設備,兵庫県,神戸市灘区,六甲町４丁目１番８号,6570053
3140001033899,株式会社ノヴァン・インターナショナル,兵庫県,神戸市灘区,六甲山町南六甲１０３４番地６０−１１６,6570101
3140001034055,ＮＡＣケアサポート株式会社,兵庫県,神戸市灘区,八幡町４丁目８番２４号,6570051
3140001034170,株式会社プレミアス,兵庫県,神戸市灘区,八幡町１丁目９番１９号,6570051
3140001034261,株式会社Ｈｕｉｔ,兵庫県,神戸市灘区,灘南通１丁目３番２５号,6570841
3140001038023,株式会社Ｔコーポレーション,兵庫県,神戸市灘区,中原通７丁目１−７灘王子ハイツ１０１号,6570825
3140001038064,株式会社ＶＩＮ　ＳＡＮＴＯ,兵庫県,神戸市灘区,徳井町４丁目１番２０号,6570033
3140001038072,松林事務センター株式会社,兵庫県,神戸市灘区,楠丘町６丁目５番１０号ベルゾーネ高羽２０３号,6570024
3140001038114,和永株式会社,兵庫県,神戸市灘区,灘南通３丁目２番６号,6570841
3140001042140,株式会社ココロジー,兵庫県,神戸市灘区,灘南通３丁目２−１６,6570841
3140001042297,株式会社山水の技,兵庫県,神戸市灘区,楠丘町４丁目２番１９号プレステージ楠丘２０１号,6570024
3140001042363,株式会社高翔興業,兵庫県,神戸市灘区,篠原台１６番１５号,6570016
3140001042405,株式会社インバウンド,兵庫県,神戸市灘区,摩耶埠頭１番地摩耶大橋基部事務所２Ｆ,6570854
3140001044252,松浦株式会社,兵庫県,神戸市灘区,日尾町１丁目２−１１グランパレ阪急六甲１００１号室,6570029
3140001061479,きのこ総合開発株式会社,兵庫県,神戸市灘区,岩屋南町３番２５号,6570856
3140001074266,戎住宅販売株式会社,兵庫県,神戸市灘区,神前町１丁目１番７号,6570052
3140001077839,ロッコウデザインプレイズ株式会社,兵庫県,神戸市灘区,天城通１丁目１番１０号,6570823
3140001087177,株式会社山本工務店,兵庫県,神戸市灘区,灘北通１丁目３番１７号,6570835
3140001087318,株式会社和てつ,兵庫県,神戸市灘区,六甲町２丁目５番１８号,6570053
3140001087391,株式会社ガバティー,兵庫県,神戸市灘区,大石東町３丁目４番２号,6570043
3140001088043,株式会社ａｍｉｃ,兵庫県,神戸市灘区,水道筋２丁目１６番３号,6570831
3140001088068,株式会社ハートフルホーム,兵庫県,神戸市灘区,森後町２丁目１番３号,6570028
3140001088076,株式会社フリースタイル,兵庫県,神戸市灘区,永手町５丁目１番２４６号,6570027
3140001088596,株式会社オークランド,兵庫県,神戸市灘区,一王山町７番９号３０１号,6570012
3140001088720,株式会社プラスほっと,兵庫県,神戸市灘区,中原通２丁目５番１３号,6570825
3140001089248,株式会社ＮＰＴ,兵庫県,神戸市灘区,鶴甲５丁目１番５０号,6570011
3140001090156,株式会社ケイビル,兵庫県,神戸市灘区,城内通４丁目２番１８号,6570836
3140001091393,株式会社さくらコンサルタント,兵庫県,神戸市灘区,摩耶海岸通２丁目３番１２−２０１号,6570855
3140001091591,ロッコ株式会社,兵庫県,神戸市灘区,篠原伯母野山町１丁目１番１−１０１３号,6570015
3140001091699,アイオナワークス株式会社,兵庫県,神戸市灘区,篠原伯母野山町３丁目１８番４号,6570015
3140001092978,株式会社山田建設,兵庫県,神戸市灘区,上河原通４丁目２番３号,6570055
3140001093381,株式会社Ｆｅｅｌ　Ｖｉｓｉｏｎ,兵庫県,神戸市灘区,鹿ノ下通３丁目６番２号,6570044
3140001093927,藤波建設株式会社,兵庫県,神戸市灘区,大石南町２丁目１２番１５号カミヨシビル２階,6570852
3140001094099,神明保温工業株式会社,兵庫県,神戸市灘区,大石南町３丁目４番２号,6570852
3140001094438,株式会社ＴＪ　Ｃｏｍｐａｎｙ,兵庫県,神戸市灘区,日尾町２丁目３番１７,6570029
3140001094586,株式会社トーラスジャパン,兵庫県,神戸市灘区,城の下通２丁目１番８号,6570804
3140001094603,Ｙ・Ｃ・Ｓ株式会社,兵庫県,神戸市灘区,高羽町１丁目２番１０号,6570023
3140001094891,株式会社富士建創,兵庫県,神戸市灘区,灘南通５丁目３−２２、１Ｆ,6570841
3140001096054,株式会社エスワイティー,兵庫県,神戸市灘区,篠原本町４丁目６番１９−５０２号,6570067
3140001096500,株式会社トュルーフェイス,兵庫県,神戸市灘区,大石南町１丁目４−１６,6570852
3140001096780,株式会社ベターデイズ,兵庫県,神戸市灘区,岸地通３丁目５番１９号,6570832
3140001096839,株式会社阪神貿易,兵庫県,神戸市灘区,灘南通５丁目３番１２号,6570841
3140001097135,株式会社ルメート,兵庫県,神戸市灘区,岩屋北町１丁目５−２５,6570846
3140001098711,株式会社大岡,兵庫県,神戸市灘区,友田町１丁目４番１９−２号,6570035
3140001099057,株式会社ジャスミン・カンパニー,兵庫県,神戸市灘区,八幡町１丁目９番１６号,6570051
3140001099271,明華国際貿易株式会社,兵庫県,神戸市灘区,岩屋北町２丁目６番１号,6570846
3140001099453,株式会社Ｎａｔｕｒａｌ　Ｈｏｕｓｉｎｇ,兵庫県,神戸市灘区,曾和町２丁目３番１８号,6570063
3140001100030,株式会社Ｇｒｏｗｖｅｒｓ　Ｅｎｔｅｒｔａｉｎｍｅｎｔ,兵庫県,神戸市灘区,青谷町４丁目５番２３号,6570805
3140001100278,株式会社スマイル,兵庫県,神戸市灘区,烏帽子町２丁目３番２４つじがみビル１階,6570042
3140001100286,士京株式会社,兵庫県,神戸市灘区,六甲台町６番２８−１０３号,6570013
3140001101012,株式会社Ｌ’ａｖｅｎｉｒ,兵庫県,神戸市灘区,泉通６丁目１番１１号,6570834
3140001101029,株式会社Ｙ’ｓ　ｓｐａｃｅ,兵庫県,神戸市灘区,高羽町５丁目１番２４号,6570023
3140001101144,株式会社東神ホーム,兵庫県,神戸市灘区,岸地通３丁目５番１２号,6570832
3140001102852,株式会社藤,兵庫県,神戸市灘区,友田町２丁目１番１−６０７号,6570035
3140001104493,株式会社ＡＰＷ,兵庫県,神戸市灘区,森後町２丁目２番１２号,6570028
3140001105946,株式会社飛馬物流,兵庫県,神戸市灘区,摩耶海岸通２丁目３番１３−１０１,6570855
3140001106283,株式会社ＺＥＲＯ,兵庫県,神戸市灘区,大石南町３丁目３番１７号,6570852
3140001106309,株式会社上綱工務店,兵庫県,神戸市灘区,楠丘町５丁目１番６号,6570024
3140001106795,株式会社Ａ・Ｓ・Ｉ,兵庫県,神戸市灘区,大和町３丁目３番１４−２０８号,6570031
3140001106936,ＤＡＤＤＹ’Ｓ　ＣＨＯＩＣＥ　ＪＡＰＡＮ株式会社,兵庫県,神戸市灘区,岸地通５丁目１−４真幸ビル,6570832
3140001108890,ＵＧ１株式会社,兵庫県,神戸市灘区,永手町３丁目４番８号,6570027
3140001108899,株式会社視考研究所,兵庫県,神戸市灘区,友田町４丁目３番４号２階,6570035
3140001109344,株式会社インレット,兵庫県,神戸市灘区,城内通２丁目５−２３,6570836
3140001109534,株式会社クリアストリーム・コンサルティング,兵庫県,神戸市灘区,鶴甲１丁目５−３−９０２,6570011
3140001109724,株式会社秀和,兵庫県,神戸市灘区,青谷町３丁目２番１２号,6570805
3140001109880,株式会社ソリッド,兵庫県,神戸市灘区,烏帽子町３丁目２番６号,6570042
3140001109889,株式会社タケショウ,兵庫県,神戸市灘区,灘北通７丁目４番１５号,6570835
3140001110070,株式会社コベルコパワー神戸第二,兵庫県,神戸市灘区,灘浜東町２番地,6570863
3140001110228,株式会社がんばるタカフミ,兵庫県,神戸市灘区,天城通４丁目１番２号,6570823
3140001111003,株式会社サイクル神戸ｙｃｃ,兵庫県,神戸市灘区,永手町１丁目３番１６号,6570027
3140001111341,株式会社ＲＥＩＣＡ,兵庫県,神戸市灘区,永手町４丁目２番１−８０６号,6570027
3140001111531,神戸エネルギー株式会社,兵庫県,神戸市灘区,篠原北町２丁目２番１２号,6570068
3140001111548,株式会社神戸地建,兵庫県,神戸市灘区,船寺通１丁目１番１１号１Ｃ,6570842
3140001111564,株式会社Ｉ．Ｃ．Ｇ,兵庫県,神戸市灘区,箕岡通４丁目７番９号,6570812
3140001111721,トレモロ株式会社,兵庫県,神戸市灘区,八幡町２丁目２番地４マンション善１Ｆ西,6570051
3140001112488,株式会社ドローデザイン,兵庫県,神戸市灘区,記田町４丁目１番１号,6570034
3140001113263,株式会社徳眞設備,兵庫県,神戸市灘区,友田町３丁目６番１２−１１０３号,6570035
3140001113288,株式会社ＬＩＡＮ,兵庫県,神戸市灘区,五毛通３丁目２番２１号ベルエール摩耶１０２,6570814
3140001113643,株式会社ジャスト農園,兵庫県,神戸市灘区,摩耶海岸通２丁目３番１−２３０４号,6570855
3140001114055,株式会社エーエムシー,兵庫県,神戸市灘区,摩耶海岸通１丁目１番,6570855
3140001114113,株式会社紀州商事,兵庫県,神戸市灘区,岩屋北町２丁目６番１号第二ハイツ中山３０２号,6570846
3140001114212,株式会社Ｍ．Ａ．Ｐ．Ｓ,兵庫県,神戸市灘区,大石東町５丁目８番１東和ビルＩＩ１１１,6570043
3140001114823,株式会社イム,兵庫県,神戸市灘区,鶴甲３丁目１３番３８号,6570011
3140001115466,株式会社銘洋,兵庫県,神戸市灘区,将軍通４丁目２−２０ＢＡＬＯＨＲＯＫＫＯ２０２,6570058
3140001115474,株式会社福家,兵庫県,神戸市灘区,弓木町４丁目２番１５号,6570026
3140001115945,株式会社メディカルユアーズホールディングス,兵庫県,神戸市灘区,桜口町４丁目１番１号ウェルブ六甲道４番街１番館３０１号,6570036
3140001116266,株式会社Ｆｉｒｓｔ　Ｃｌａｓｓ,兵庫県,神戸市灘区,篠原伯母野山町３丁目１８番５号,6570015
3140001117017,株式会社ＢＡＵＭ　ｕ．ＢＡＵＭ,兵庫県,神戸市灘区,友田町４丁目４番１８号,6570035
3140001117090,株式会社秀和,兵庫県,神戸市灘区,大月台１番地の３２,6570017
3140001117108,株式会社グリッドライン,兵庫県,神戸市灘区,赤坂通３丁目５番６−３０５号,6570821
3140001117198,アクロオフィス株式会社,兵庫県,神戸市灘区,岩屋北町４丁目３番１９号,6570846
3140001117479,ＲＵＲＵＫＵＲＵ　ＲＩＢＥＲＵ株式会社,兵庫県,神戸市灘区,大月台１番地の８７,6570017
3140001118188,株式会社ＲＥＩＮＣ　ＦＡＲＭＥＲＳ,兵庫県,神戸市灘区,城内通４丁目３−４Ｃｏｚｙｓａｉｌ２０１号,6570836
3140001118840,株式会社Ｌｉｍｓｉｇｈｔ,兵庫県,神戸市灘区,八幡町１丁目２番３５号シャーメゾングランデ六甲３０１,6570051
3140001119005,株式会社アイオー電設,兵庫県,神戸市灘区,大石東町５丁目１番１３号,6570043
3140001119021,ＫＯＲＵ株式会社,兵庫県,神戸市灘区,篠原北町４丁目１１−３１−１０２,6570068
3140001119681,株式会社ｅｈｏ,兵庫県,神戸市灘区,森後町１丁目３番１９リトルブラザーズ六甲ビル２−Ｂ号室,6570028
3140001119698,株式会社ＨＥＡＲＴＳ,兵庫県,神戸市灘区,楠丘町５丁目６番１号,6570024
3140001119830,乙株式会社,兵庫県,神戸市灘区,新在家北町２丁目１番１１号,6570861
3140001120235,株式会社ラックスタート,兵庫県,神戸市灘区,楠丘町３丁目１１番１５号２階,6570024
3140001120326,株式会社リーフ動物病院,兵庫県,神戸市灘区,赤坂通７丁目１番１８号ル・ロワ赤坂１階,6570821
3140001120375,株式会社ライブス,兵庫県,神戸市灘区,篠原台７番６号,6570016
3140001122677,ＵｍｉＬａｂ株式会社,兵庫県,神戸市灘区,高徳町５丁目４番４号,6570025
3140001123064,インアイスター株式会社,兵庫県,神戸市灘区,岩屋北町５丁目１番１０号レジデンス灘４０５,6570846
3140001123114,Ｇｌｏｂａｌ　Ｉｎｓｐｅｃｔｉｏｎ　Ｓｐｅｃｉａｌｉｓｔｓ株式会社,兵庫県,神戸市灘区,摩耶埠頭１摩耶コンテナターミナル３Ｆ,6570854
3140001123766,ＡＳＳＥＭＢＬＥ株式会社,兵庫県,神戸市灘区,岸地通４丁目１番１５号,6570832
3140001124236,株式会社ＯＲＩＯＮ,兵庫県,神戸市灘区,鹿ノ下通１丁目４番８号シティ六甲Ｒ２ビル６Ｆ,6570044
3140001124871,株式会社なぎさ薬局,兵庫県,神戸市灘区,岩屋北町２丁目３番１３号１階,6570846
3140001125283,株式会社和演,兵庫県,神戸市灘区,篠原中町６丁目２番１３号,6570066
3140001125944,パールキャット株式会社,兵庫県,神戸市灘区,高羽町２丁目３番９号,6570023
3140001126158,株式会社八方位,兵庫県,神戸市灘区,高徳町１丁目３番３号,6570025
3140001126323,株式会社Ｏｎｅ　Ｒｏｏｔｓ,兵庫県,神戸市灘区,鶴甲５丁目１−５０プラザ翠光２０５,6570011
3140001126538,株式会社つむぎ,兵庫県,神戸市灘区,備後町３丁目１番１７号,6570037
3140001127222,近畿ガーデン株式会社,兵庫県,神戸市灘区,天城通１丁目５番１０号,6570823
3140001127734,株式会社ウィズ・コウジ,兵庫県,神戸市灘区,鶴甲３丁目１３番１５−３０３号,6570011
3140001127759,株式会社ＷＴＳ,兵庫県,神戸市灘区,徳井町４丁目２番７号,6570033
3140001128864,株式会社ｕｂｗｅｂ,兵庫県,神戸市灘区,友田町２丁目６番２号,6570035
3140001128872,株式会社ｒｏｃｃｃ,兵庫県,神戸市灘区,鹿ノ下通２丁目４番１１号,6570044
3140001128914,株式会社ＲＥＤ　ＲＥＸ,兵庫県,神戸市灘区,八幡町２丁目１３番１８号六甲田中ビル２０６号室,6570051
3140001129185,株式会社セカフィー,兵庫県,神戸市灘区,六甲台町１ー１,6570013
3140001130358,株式会社神和メンテ,兵庫県,神戸市灘区,大石東町４丁目７番６号１２,6570043
3140001130886,株式会社ラックプラック,兵庫県,神戸市灘区,中原通５丁目３−１０王子マンション１Ｆ,6570825
3140001131587,株式会社ＴＯＭＯＨＡＲＵ,兵庫県,神戸市灘区,篠原中町５丁目７番３０号,6570066
3140001132783,株式会社建想,兵庫県,神戸市灘区,畑原通３丁目６番１５号,6570822
3140001133294,株式会社教育求人どっとこむ,兵庫県,神戸市灘区,篠原本町１丁目１番９号,6570067
3140001133559,ＭＯＲＮＩＮＧＳＴＡＲ文教株式会社,兵庫県,神戸市灘区,宮山町３丁目２番７号グリーンハイツ六甲１０３室,6570065
3140001133889,株式会社ＦｌｙｓｐｅｃＫ,兵庫県,神戸市灘区,水道筋６丁目７番３号,6570831
3140001134342,株式会社タイ潜水,兵庫県,神戸市灘区,中原通６丁目２番１２−２号,6570825
3140001134747,株式会社ＬＩＶＥＷＯＲＫＳ,兵庫県,神戸市灘区,楠丘町３丁目９番１０号,6570024
3140001134862,株式会社Ｒｉｖｅｒ　Ｆｉｅｌｄ,兵庫県,神戸市灘区,備後町３丁目１番４−３０３号,6570037
3140001134978,株式会社ＤＫＧ,兵庫県,神戸市灘区,篠原台１９番４号,6570016
3140001135225,ＳＩＢリビング株式会社,兵庫県,神戸市灘区,琵琶町３丁目２番１−１００３号,6570041
3140001136033,株式会社Ｒｕｔａｇｅ　Ｆｌｏｕ,兵庫県,神戸市灘区,畑原通３丁目４番１０号,6570822
3140001136297,株式会社ｋｕｌｉ‐ｋｕｌｉ,兵庫県,神戸市灘区,城内通５丁目７番４２,6570836
3140001136413,株式会社そら,兵庫県,神戸市灘区,永手町３丁目２番２７号,6570027
3140001136776,株式会社Ｓｏ‐Ｗｅｌｌ,兵庫県,神戸市灘区,高羽町３丁目９番１２−１号,6570023
3140001136867,株式会社ハイライト,兵庫県,神戸市灘区,都通４丁目１番２２号,6570844
3140001136875,株式会社Ａｓｔｒｅ,兵庫県,神戸市灘区,城内通２丁目５番１９号,6570836
3140001136933,株式会社源,兵庫県,神戸市灘区,大内通２丁目６番７−３号,6570833
3140001137519,株式会社ニンベンラボ,兵庫県,神戸市灘区,曾和町１丁目２番４号,6570063
3140001137667,株式会社ＴＯＦＵ　ＣＡＲＥ,兵庫県,神戸市灘区,岩屋北町７丁目１−１１−２０６号,6570846
3140001137709,ＮＡ経営労務コンサルティング株式会社,兵庫県,神戸市灘区,篠原南町５丁目３番１１号,6570059
3140001137717,株式会社Ｖｉｓｔａ　Ｒａｙ,兵庫県,神戸市灘区,城内通１丁目４−１,6570836
3140001138525,株式会社ヨシヒロ,兵庫県,神戸市灘区,鹿ノ下通３丁目２番６号,6570044
3140001139143,株式会社ジョイント神戸,兵庫県,神戸市灘区,水道筋３丁目５番１２−７０２号,6570831
3140001139564,株式会社イトウ,兵庫県,神戸市灘区,箕岡通４丁目４番１９号マザーズウーム１０２号,6570812
3140001139622,あんずハウス株式会社,兵庫県,神戸市灘区,赤坂通６丁目２番１４号１０３,6570821
3140001140134,株式会社ルミナス,兵庫県,神戸市灘区,桜ケ丘町１６番１号,6570021
3140001140183,雅川株式会社,兵庫県,神戸市灘区,六甲台町６−６シャトレ六甲１０１,6570013
3140001140200,尊牛アジア貿易株式会社,兵庫県,神戸市灘区,城内通５丁目５−１６−４０２,6570836
3140001140241,株式会社サンクリエイト,兵庫県,神戸市灘区,浜田町３丁目２番５号ＶＩＬＬＡ六甲道４０１号,6570862
3140001140687,Ｏｒｂ株式会社,兵庫県,神戸市灘区,徳井町２丁目３−１３,6570033
3140001140968,株式会社ｓｗｅｅｔ,兵庫県,神戸市灘区,原田通２丁目１番１号テクノビル２階,6570837
3140001141264,阪本不動産株式会社,兵庫県,神戸市灘区,八幡町２丁目１３番１８号六甲田中ビル２０３号室,6570051
3140002019559,神菱公司株式会社,兵庫県,神戸市灘区,新在家南町３丁目７番１９−１号,6570864
3140002028535,株式会社大杉工務店,兵庫県,神戸市灘区,深田町２丁目１番１３号,6570038
3140003012018,株式会社かわぼうマネジメント,兵庫県,神戸市灘区,篠原台１８番３５号,6570016
3150001026299,ＧＥＮＥＳＩＳ株式会社,兵庫県,神戸市灘区,森後町３丁目５番４４号２０１号室,6570028
3160002011704,株式会社ライズ・デンタルコミュニティー,兵庫県,神戸市灘区,楠丘町５丁目６−１５ニュー楠丘１階東号室,6570024
3290801022970,株式会社日東インシュレーター,兵庫県,神戸市灘区,新在家南町５丁目９番３号,6570864
4010401118378,株式会社エイチ・ティインターナショナル,兵庫県,神戸市灘区,大月台１−１２２−４０７,6570017
4010901033663,株式会社ぷろぷろ,兵庫県,神戸市灘区,倉石通１丁目１番１４号,6570826
4120001091411,株式会社山村宝飾,兵庫県,神戸市灘区,篠原南町６丁目１−１０グランビア灘西−１１７,6570059
4120001096352,株式会社オーミック,兵庫県,神戸市灘区,鶴甲３丁目９番５号,6570011
4120001172145,株式会社ＣｕｂｉＫ３,兵庫県,神戸市灘区,中原通６丁目１番１０号,6570825
4120001177417,株式会社ＭＭＤ,兵庫県,神戸市灘区,箕岡通４丁目２番２６号,6570812
4120001177689,株式会社ジェイティエム,兵庫県,神戸市灘区,王子町１丁目１−３,6570838
4120001219350,ＴＯＲＡＳ　ＡＳＩＡ株式会社,兵庫県,神戸市灘区,城内通１丁目６番１１号,6570836
4120001239010,株式会社ＳＥＲＯ＆ＴＯＮＩＮ,兵庫県,神戸市灘区,箕岡通１丁目４番１３号,6570812
4130001045738,京の匠株式会社,兵庫県,神戸市灘区,永手町４丁目２番１−６１２号,6570027
4130001067682,株式会社ＷＥＬＬＶＩＡ,兵庫県,神戸市灘区,徳井町１丁目２番３３号,6570033
4140001002102,株式会社都市文化研究所,兵庫県,神戸市灘区,水道筋３丁目４番７号,6570831
4140001002952,株式会社アーデルホーム,兵庫県,神戸市灘区,赤松町２丁目１番１３号,6570061
4140001002960,赤坂建設株式会社,兵庫県,神戸市灘区,赤坂通８丁目７番７号,6570821
4140001002985,アンファンドゥマリー株式会社,兵庫県,神戸市灘区,高羽町５丁目７番１号,6570023
4140001003018,磯辺商事株式会社,兵庫県,神戸市灘区,永手町５丁目２番７号,6570027
4140001003034,株式会社イチタニ,兵庫県,神戸市灘区,灘南通５丁目３番２２号,6570841
4140001003050,入山株式会社,兵庫県,神戸市灘区,山田町３丁目２番１号,6570064
4140001003059,株式会社植田忠商店,兵庫県,神戸市灘区,岩屋中町４丁目４番３１号,6570845
4140001003091,株式会社エステート溝口,兵庫県,神戸市灘区,永手町２丁目２番１１号,6570027
4140001003109,株式会社エミヤ,兵庫県,神戸市灘区,水道筋４丁目１番１８号,6570831
4140001003117,株式会社扇兄弟社商会,兵庫県,神戸市灘区,水道筋３丁目１０番地,6570831
4140001003125,株式会社太田工作所,兵庫県,神戸市灘区,船寺通１丁目６番１１号,6570842
4140001003133,株式会社白寳堂,兵庫県,神戸市灘区,篠原中町１丁目２番４号,6570066
4140001003141,岡田工業株式会社,兵庫県,神戸市灘区,大石南町２丁目７番３号,6570852
4140001003182,カンサイネオン電気株式会社,兵庫県,神戸市灘区,灘南通２丁目１番７号,6570841
4140001003190,株式会社勝本商店,兵庫県,神戸市灘区,桜口町３丁目３番３０−５００号,6570036
4140001003208,株式会社川畑建築設計室,兵庫県,神戸市灘区,八幡町２丁目８番７号,6570051
4140001003232,北山食品株式会社,兵庫県,神戸市灘区,徳井町１丁目２番１６号,6570033
4140001003240,共栄繊維株式会社,兵庫県,神戸市灘区,上野通５丁目８番１６号,6570817
4140001003249,株式会社協和エステート,兵庫県,神戸市灘区,高徳町１丁目２番１８号,6570025
4140001003273,クレセントタクシー株式会社,兵庫県,神戸市灘区,味泥町５番１６号,6570851
4140001003331,株式会社サザンモール六甲,兵庫県,神戸市灘区,新在家南町１丁目２番１号,6570864
4140001003372,株式会社日本建創,兵庫県,神戸市灘区,篠原南町６丁目１番３６号,6570059
4140001003380,株式会社サンエイ,兵庫県,神戸市灘区,赤坂通７丁目２番６号,6570821
4140001003406,三共電設株式会社,兵庫県,神戸市灘区,岩屋中町４丁目４番２６号,6570845
4140001003414,株式会社佐藤組,兵庫県,神戸市灘区,王子町１丁目２番５号,6570838
4140001003422,サンナッツ食品株式会社,兵庫県,神戸市灘区,都通１丁目１番２７号,6570844
4140001003430,株式会社サンヨー,兵庫県,神戸市灘区,篠原北町４丁目１６番１５号,6570068
4140001003439,三和建設株式会社,兵庫県,神戸市灘区,中郷町２丁目１番３０号,6570032
4140001003463,神光産業株式会社,兵庫県,神戸市灘区,都通３丁目２番９号,6570844
4140001003471,株式会社コベルコＥ＆Ｍサービス,兵庫県,神戸市灘区,岩屋北町４丁目５番２２号,6570846
4140001003488,株式会社システム・ワン,兵庫県,神戸市灘区,備後町３丁目１番２２号,6570037
4140001003513,株式会社バイオテック,兵庫県,神戸市灘区,摩耶海岸通２丁目３番地７−３１３号,6570855
4140001003538,白馬衣料株式会社,兵庫県,神戸市灘区,薬師通２丁目１番２号,6570815
4140001003570,株式会社正興商会,兵庫県,神戸市灘区,日尾町２丁目１番２号,6570029
4140001003579,株式会社清和,兵庫県,神戸市灘区,下河原通３丁目１番１４号中井ビル内,6570045
4140001003587,扇都土地株式会社,兵庫県,神戸市灘区,八幡町２丁目８番７号,6570051
4140001003604,株式会社大光洗車センター,兵庫県,神戸市灘区,船寺通３丁目２番８号,6570842
4140001003620,大昭興業株式会社,兵庫県,神戸市灘区,篠原中町３丁目４番１６号,6570066
4140001003645,株式会社タカシマ・コーポレーション,兵庫県,神戸市灘区,灘南通２丁目３番２２号,6570841
4140001003694,ツルタ興産株式会社,兵庫県,神戸市灘区,船寺通５丁目３番４号,6570842
4140001003744,株式会社都市工房,兵庫県,神戸市灘区,六甲台町６番１３−７０１号,6570013
4140001003752,株式会社豊田設備,兵庫県,神戸市灘区,灘南通４丁目３番１５号,6570841
4140001003769,中日本興業株式会社,兵庫県,神戸市灘区,都通１丁目１番２号,6570844
4140001003777,株式会社灘印刷,兵庫県,神戸市灘区,倉石通３丁目１番３号,6570826
4140001003810,西村建設工業株式会社,兵庫県,神戸市灘区,大石南町１丁目８番１４号,6570852
4140001003835,日東絶縁株式会社,兵庫県,神戸市灘区,新在家南町５丁目９番３号,6570864
4140001003843,株式会社ニューオーシャンモータース,兵庫県,神戸市灘区,泉通５丁目１番１８号,6570834
4140001003868,阪国地所株式会社,兵庫県,神戸市灘区,鹿ノ下通１丁目３番１５号,6570044
4140001003884,長谷川ビル管理株式会社,兵庫県,神戸市灘区,赤松町３丁目２番１号,6570061
4140001003892,橋本産業株式会社,兵庫県,神戸市灘区,灘南通３丁目１番２５号,6570841
4140001003901,株式会社馬場商店,兵庫県,神戸市灘区,八幡町２丁目５−３−１０３,6570051
4140001003942,ヒロセ工業株式会社,兵庫県,神戸市灘区,新在家南町２丁目３番１７号,6570864
4140001003967,冨士興産株式会社,兵庫県,神戸市灘区,篠原北町３丁目１２番２２号,6570068
4140001003975,不二商事株式会社,兵庫県,神戸市灘区,桜口町２丁目１番１８−７０４号,6570036
4140001003991,フミ産業株式会社,兵庫県,神戸市灘区,岩屋中町４丁目２番７号,6570845
4140001004008,株式会社ベンソニック,兵庫県,神戸市灘区,岩屋中町４丁目２番７号,6570845
4140001004024,株式会社北神,兵庫県,神戸市灘区,浜田町１丁目１番２２号,6570862
4140001004032,株式会社皇蘭,兵庫県,神戸市灘区,大石南町２丁目２番２号,6570852
4140001004040,株式会社ほりぐち,兵庫県,神戸市灘区,高羽町２丁目１０番１３号,6570023
4140001004098,三浦運送株式会社,兵庫県,神戸市灘区,大石東町４丁目５番５号,6570043
4140001004115,みづほ電機株式会社,兵庫県,神戸市灘区,浜田町１丁目１番３１号,6570862
4140001004156,株式会社森岡商会,兵庫県,神戸市灘区,烏帽子町２丁目２−１５,6570042
4140001004172,株式会社もりわき,兵庫県,神戸市灘区,高羽町２丁目１０番１３号,6570023
4140001004189,株式会社やまと魚苑,兵庫県,神戸市灘区,岩屋北町７丁目２番２４号,6570846
4140001004197,株式会社山元商店,兵庫県,神戸市灘区,赤坂通５丁目３番１７号,6570821
4140001004222,株式会社寄川商店,兵庫県,神戸市灘区,徳井町４丁目１番３号,6570033
4140001004230,株式会社ワールドスポーツ,兵庫県,神戸市灘区,水道筋５丁目１番２０号,6570831
4140001004239,株式会社ＷＡＣＣ,兵庫県,神戸市灘区,岩屋北町４丁目３番１６号,6570846
4140001004288,株式会社六甲センタービル,兵庫県,神戸市灘区,永手町５丁目７番８号,6570027
4140001004296,六甲舗道株式会社,兵庫県,神戸市灘区,灘南通５丁目４番４４号,6570841
4140001004305,神戸小野田レミコン株式会社,兵庫県,神戸市灘区,灘浜町２番１号,6570853
4140001004313,株式会社神戸学習院,兵庫県,神戸市灘区,八幡町４丁目９番２７号,6570051
4140001004354,日本メデイカル振興株式会社,兵庫県,神戸市灘区,一王山町１０番９号,6570012
4140001004362,兵庫サービス株式会社,兵庫県,神戸市灘区,烏帽子町３丁目３番１１号,6570042
4140001005559,神戸造園土木株式会社,兵庫県,神戸市灘区,弓木町３丁目３番１５−３０７号,6570026
4140001005996,株式会社アマノ,兵庫県,神戸市灘区,上野通８丁目３番１０号,6570817
4140001007381,株式会社アットマーク,兵庫県,神戸市灘区,赤坂通６丁目３番７号,6570821
4140001007687,株式会社コタニ,兵庫県,神戸市灘区,摩耶海岸通１丁目１番４−３１０号,6570855
4140001007943,株式会社サンセレクトジャパン,兵庫県,神戸市灘区,摩耶埠頭２番地の１１,6570854
4140001008669,ステンレス工業株式会社,兵庫県,神戸市灘区,高徳町４丁目２番１９号,6570025
4140001008685,須磨観光株式会社,兵庫県,神戸市灘区,稗原町４丁目４−８,6570054
4140001008768,扇港食品株式会社,兵庫県,神戸市灘区,稗原町２丁目２−２８コーポ森崎１０１号室,6570054
4140001008834,千年物産株式会社,兵庫県,神戸市灘区,鶴甲４丁目１２番８号,6570011
4140001008891,株式会社創通,兵庫県,神戸市灘区,高羽字滝ノ奥５−１,6570001
4140001009353,中京丸永梱包株式会社,兵庫県,神戸市灘区,摩耶海岸通１丁目１−５−３０１号,6570855
4140001010071,株式会社熱技研通商,兵庫県,神戸市灘区,神ノ木通２丁目４番１号,6570057
4140001010170,株式会社阪神ロール紙センター,兵庫県,神戸市灘区,曾和町１丁目１番４号,6570063
4140001010187,株式会社服部,兵庫県,神戸市灘区,深田町２丁目５番９号,6570038
4140001011879,株式会社神戸エーアイテレコム,兵庫県,神戸市灘区,新在家南町３丁目７番１８号,6570864
4140001011904,神戸エヤコン株式会社,兵庫県,神戸市灘区,大和町１丁目４番１３号,6570031
4140001012794,株式会社カンバ・コーポレーション,兵庫県,神戸市灘区,鶴甲３丁目１２番２６−９０１号,6570011
4140001013264,勝栄物産株式会社,兵庫県,神戸市灘区,鶴甲２丁目９番１４号,6570011
4140001016770,藤原商事株式会社,兵庫県,神戸市灘区,新在家南町５丁目３番７号,6570864
4140001016977,株式会社川端工務店,兵庫県,神戸市灘区,大石北町７番６号,6570843
4140001019170,株式会社オフィス・エー,兵庫県,神戸市灘区,下河原通２丁目４番４号,6570045
4140001019708,西神戸レミコン運輸株式会社,兵庫県,神戸市灘区,灘浜町１番１号,6570853
4140001020665,株式会社ヤマト,兵庫県,神戸市灘区,水道筋１丁目１１番地,6570831
4140001020822,株式会社グリーンランド・ホールディングス,兵庫県,神戸市灘区,岩屋南町３番２５号,6570856
4140001021440,株式会社正,兵庫県,神戸市灘区,六甲山町一ケ谷１−１７,6570101
4140001022125,株式会社ハル技研,兵庫県,神戸市灘区,城内通５丁目６番７−３０３号,6570836
4140001022182,株式会社かのせ,兵庫県,神戸市灘区,岩屋北町４丁目３番１０号,6570846
4140001023255,パインテックトレード株式会社,兵庫県,神戸市灘区,篠原本町４丁目２番２２号,6570067
4140001023370,株式会社トラスト,兵庫県,神戸市灘区,鹿ノ下通１丁目３番２号,6570044
4140001023486,フォーティス株式会社,兵庫県,神戸市灘区,鶴甲４丁目１２番１４号,6570011
4140001023726,株式会社トラスト,兵庫県,神戸市灘区,森後町２丁目３番２０−１０１号,6570028
4140001023890,出商株式会社,兵庫県,神戸市灘区,桜口町３丁目１番１号パニエ六甲３０２号室,6570036
4140001023957,株式会社エージェントホーム,兵庫県,神戸市灘区,篠原南町６丁目１番１０号,6570059
4140001024682,株式会社ｅｖｖｉｖａ,兵庫県,神戸市灘区,浜田町１丁目２番１７号,6570862
4140001025169,株式会社ＡＥＩ資源開発,兵庫県,神戸市灘区,新在家南町３丁目７番１７号,6570864
4140001025210,株式会社生鮮街道,兵庫県,神戸市灘区,水道筋５丁目３番３号,6570831
4140001025219,株式会社大都,兵庫県,神戸市灘区,福住通４丁目２番１２号,6570824
4140001025433,ミレアプロ株式会社,兵庫県,神戸市灘区,徳井町２丁目１−６ミレアプロ六甲２階,6570033
4140001025598,株式会社ウイディー,兵庫県,神戸市灘区,高尾通１丁目３番１８−１０４号,6570813
4140001026010,ＳＥＯシステム株式会社,兵庫県,神戸市灘区,大石南町２丁目８番９号,6570852
4140001026051,株式会社Ｊ・Ｍ・Ｓ,兵庫県,神戸市灘区,摩耶海岸通１丁目１番４−４０８号,6570855
4140001026258,株式会社Ｊスタイル,兵庫県,神戸市灘区,城内通４丁目３番２５号,6570836
4140001026316,株式会社松下土建,兵庫県,神戸市灘区,中郷町１丁目２番１０号,6570032
4140001026415,株式会社フロントランナー,兵庫県,神戸市灘区,岩屋中町２丁目１番４号,6570845
4140001026489,百萬石酒造株式会社,兵庫県,神戸市灘区,新在家南町５丁目１番２号,6570864
4140001026910,株式会社吉祥,兵庫県,神戸市灘区,原田通３丁目２番２０号藤堂王子ハイツ５１１号室,6570837
4140001027157,やまと建装株式会社,兵庫県,神戸市灘区,篠原南町７丁目１番１１号,6570059
4140001027363,株式会社トップフィールド,兵庫県,神戸市灘区,篠原伯母野山町３丁目１８番２号,6570015
4140001027677,株式会社エレクト,兵庫県,神戸市灘区,城内通５丁目２番１５号,6570836
4140001027727,株式会社シャークベイ,兵庫県,神戸市灘区,八幡町１丁目９番３号,6570051
4140001028048,株式会社一光,兵庫県,神戸市灘区,篠原台１１番６号,6570016
4140001028064,株式会社コンシェルジュ,兵庫県,神戸市灘区,篠原南町３丁目２番１４号,6570059
4140001028171,Ｈｏｌｙ　Ｐｌａｎ株式会社,兵庫県,神戸市灘区,赤坂通７丁目１番１８号,6570821
4140001028213,株式会社ＴＲ設計,兵庫県,神戸市灘区,岩屋中町５丁目２−２１−５０８,6570845
4140001028238,株式会社田中企画,兵庫県,神戸市灘区,鹿ノ下通１丁目４番７号,6570044
4140001028320,株式会社大成コンテナ運輸,兵庫県,神戸市灘区,摩耶埠頭１番摩耶大橋基部事務所１Ｆ,6570854
4140001028584,屋上緑化システム株式会社,兵庫県,神戸市灘区,六甲町３丁目３番３号,6570053
4140001029095,株式会社パトス・コーポレーション,兵庫県,神戸市灘区,船寺通２丁目１番１１号,6570842
4140001029186,株式会社スクーデリアジャパン,兵庫県,神戸市灘区,稗原町１丁目４番１６号,6570054
4140001029566,株式会社クーデール,兵庫県,神戸市灘区,灘北通１０丁目２番３−１６０３,6570835
4140001029624,阪神総業株式会社,兵庫県,神戸市灘区,高尾通４丁目３番１５−５０７号,6570813
4140001029830,株式会社アールワイズ,兵庫県,神戸市灘区,備後町３丁目２番１６号,6570037
4140001030053,ＧＫロジスティクス株式会社,兵庫県,神戸市灘区,摩耶埠頭２番地１,6570854
4140001030111,株式会社西田エンジニアリング,兵庫県,神戸市灘区,泉通６丁目２番１５号,6570834
4140001030367,ＳＲＴ株式会社,兵庫県,神戸市灘区,岩屋北町２丁目５番２７号,6570846
4140001030425,株式会社マキィズ,兵庫県,神戸市灘区,大石南町１丁目４番２４号ＫＦＣビル３階,6570852
4140001031134,株式会社田宮,兵庫県,神戸市灘区,倉石通２丁目２番２３−３０４号,6570826
4140001031167,株式会社オレンジボックス,兵庫県,神戸市灘区,赤坂通６丁目２番９号２Ｆ,6570821
4140001031308,株式会社グローバルサポート,兵庫県,神戸市灘区,水道筋５丁目２番１号,6570831
4140001031571,株式会社マエカワ,兵庫県,神戸市灘区,泉通２丁目３番２号１０１,6570834
4140001031588,株式会社神戸シュクレテ,兵庫県,神戸市灘区,深田町１丁目１番２３−２０２号,6570038
4140001031729,株式会社パンセ,兵庫県,神戸市灘区,神前町２丁目５−１８,6570052
4140001031877,株式会社ミュウ,兵庫県,神戸市灘区,赤坂通８丁目９番１０−６０６号,6570821
4140001032173,株式会社Ｅｃｏ　Ｒｉｎｇ．ｉｚｅ,兵庫県,神戸市灘区,深田町３丁目１番１５号ライオンズマンション六甲道第三１階,6570038
4140001032388,株式会社動輪堂,兵庫県,神戸市灘区,六甲台町５番７号,6570013
4140001032553,株式会社ユニバースフードバンケット,兵庫県,神戸市灘区,中原通５丁目３番１０号,6570825
4140001032792,株式会社Ｂｅｅ　ＢＡＬＡＮＣＥ,兵庫県,神戸市灘区,桜口町４丁目４番３−１０４号,6570036
4140001032883,株式会社マルックス,兵庫県,神戸市灘区,新在家南町５丁目８番４号,6570864
4140001033568,アドバンスド・マテリアル・ソフトウェア株式会社,兵庫県,神戸市灘区,稗原町１丁目２−１トーカンキャステール六甲道１０２号,6570054
4140001033584,株式会社ＩＣＣ,兵庫県,神戸市灘区,備後町４丁目１番２−６０５号,6570037
4140001033790,コベックジャパン株式会社,兵庫県,神戸市灘区,摩耶海岸通２丁目３−２−７０３,6570855
4140001033857,株式会社ユニオンプランニング,兵庫県,神戸市灘区,船寺通１丁目８番２号,6570842
4140001034269,株式会社プライムジョイン,兵庫県,神戸市灘区,大和町４丁目５番２１号,6570031
4140001034343,株式会社スカイライトチューブ神戸,兵庫県,神戸市灘区,将軍通３丁目３番３１号,6570058
4140001037908,芦屋ブライダル株式会社,兵庫県,神戸市灘区,六甲台町５−３０,6570013
4140001038022,株式会社ブルーホース,兵庫県,神戸市灘区,篠原南町７丁目１番６−１０５号,6570059
4140001038179,株式会社宙コーポレーション,兵庫県,神戸市灘区,曾和町１丁目４番２３号１０４,6570063
4140001038204,ブライスト株式会社,兵庫県,神戸市灘区,鶴甲３丁目６−３,6570011
4140001042189,株式会社瑛大,兵庫県,神戸市灘区,箕岡通４丁目４番２０号,6570812
4140001042263,テストロン製薬株式会社,兵庫県,神戸市灘区,篠原南町１丁目２番２６号,6570059
4140001042313,株式会社リュウ・エンタープライズ,兵庫県,神戸市灘区,篠原南町１丁目５番１７−２０１号,6570059
4140001047155,株式会社ＫＡＴＳＵＮＯＲＩ,兵庫県,神戸市灘区,岸地通４丁目１番１５号,6570832
4140001047213,株式会社ＭＦＭ．ＦＡＣＴＯＲＹ,兵庫県,神戸市灘区,八幡町２丁目６番１３号スター六甲２０１号,6570051
4140001057047,株式会社パワフル,兵庫県,神戸市灘区,弓木町５丁目３番１６号,6570026
4140001057393,ビッグアイランドコンサル株式会社,兵庫県,神戸市灘区,上野通３丁目１１番２号２Ｆ,6570817
4140001065966,プラスポート株式会社,兵庫県,神戸市灘区,徳井町２丁目２番１５号,6570033
4140001067525,誠株式会社,兵庫県,神戸市灘区,都通４丁目２番８−１４０７号,6570844
4140001067640,株式会社ローカルネット・神戸,兵庫県,神戸市灘区,大石東町５丁目１−１６,6570043
4140001067649,株式会社ランパドレ・メディカルサービス,兵庫県,神戸市灘区,薬師通１丁目４番２１号,6570815
4140001068457,株式会社喜田製作所,兵庫県,神戸市灘区,岸地通４丁目１番２１号シエスタ王子公園３０２,6570832
4140001074793,株式会社山三長澤,兵庫県,神戸市灘区,六甲町３丁目５番１３号,6570053
4140001077838,株式会社エイチ・エムＯＮＥ,兵庫県,神戸市灘区,畑原通５丁目１番２号,6570822
4140001086962,株式会社アリスサービス,兵庫県,神戸市灘区,六甲町１丁目４番３号,6570053
4140001087936,アクシス株式会社,兵庫県,神戸市灘区,高徳町５丁目５番１号,6570025
4140001088422,株式会社泰成,兵庫県,神戸市灘区,摩耶海岸通１丁目１番２−１４０６号,6570855
4140001089098,株式会社市井屋,兵庫県,神戸市灘区,弓木町３丁目１番１４５号,6570026
4140001089313,株式会社セルクル,兵庫県,神戸市灘区,烏帽子町２丁目３番２４つじがみビル１階,6570042
4140001089569,株式会社組織運営研究所,兵庫県,神戸市灘区,森後町３丁目５番３−２０２号,6570028
4140001089775,株式会社Ｎ２コーポレーション,兵庫県,神戸市灘区,水道筋４丁目３番２号,6570831
4140001090122,株式会社完治,兵庫県,神戸市灘区,岩屋北町５丁目２番３２−２０２号,6570846
4140001090304,株式会社ブルーベリー,兵庫県,神戸市灘区,摩耶海岸通１丁目３番３−１４０３号,6570855
4140001090312,株式会社蓮優技工,兵庫県,神戸市灘区,友田町２丁目６番７号,6570035
4140001090469,株式会社アスベスト調査センター,兵庫県,神戸市灘区,岩屋北町４丁目３番５号,6570846
4140001090510,株式会社小泉ビジネスソリューション,兵庫県,神戸市灘区,新在家南町１丁目２番１号,6570864
4140001090873,株式会社たかゆう,兵庫県,神戸市灘区,中原通７丁目４番７−１０１号,6570825
4140001091525,株式会社ＳＳＣ,兵庫県,神戸市灘区,灘北通７丁目４番１５号清水コーポ４０５号,6570835
4140001091913,Ｊａｐａｎ　Ｆｏｒｗａｒｄｉｎｇ　Ａｇｅｎｃｙ株式会社,兵庫県,神戸市灘区,摩耶埠頭１番,6570854
4140001092845,株式会社フォトサポート,兵庫県,神戸市灘区,摩耶海岸通２丁目３番１−２３０６号,6570855
4140001092977,株式会社日本特殊技研,兵庫県,神戸市灘区,都通２丁目３番１５号,6570844
4140001093141,株式会社ＲＯＤＷＥＬＬ,兵庫県,神戸市灘区,灘北通５丁目４番７号,6570835
4140001093471,株式会社Ｓｔａｐｓａｌｏｎ,兵庫県,神戸市灘区,備後町５丁目３番１−３０１号,6570037
4140001094635,株式会社ストレートラウンド,兵庫県,神戸市灘区,青谷町３丁目２番７号,6570805
4140001094750,プリティエステート株式会社,兵庫県,神戸市灘区,上野通８丁目９番３号,6570817
4140001095253,株式会社ＴＹＭ企画,兵庫県,神戸市灘区,篠原中町２丁目２−１５,6570066
4140001095930,株式会社フィールズ,兵庫県,神戸市灘区,水道筋５丁目３番２３号,6570831
4140001096243,株式会社Ｂｅｙｏｎｄ,兵庫県,神戸市灘区,八幡町４丁目１番４号,6570051
4140001096400,ＳＡＳ株式会社,兵庫県,神戸市灘区,鹿ノ下通１丁目４番８−４０１号,6570044
4140001097035,株式会社Ｄｅ−Ｉｎｎｏｖａｔｉｏｎ,兵庫県,神戸市灘区,六甲町３丁目８番１号,6570053
4140001097118,Ｆｏｒｔｕｎｅ株式会社,兵庫県,神戸市灘区,水道筋５丁目３−１５−１０２,6570831
4140001097183,株式会社ＩＭＩ　ＴＲＡＤＥ＆ＣＯＮＳＵＬＴＩＮＧ,兵庫県,神戸市灘区,篠原中町５丁目５番３３号,6570066
4140001097571,株式会社エムトレーディング,兵庫県,神戸市灘区,琵琶町３丁目３番１０号,6570041
4140001097720,リッタクマネジメント株式会社,兵庫県,神戸市灘区,新在家北町１丁目１番３０号,6570861
4140001098082,株式会社ＥＧＯＡＬ,兵庫県,神戸市灘区,大石東町２丁目６番１３号,6570043
4140001098264,株式会社ラッキーハウジング,兵庫県,神戸市灘区,永手町５丁目３番２７号,6570027
4140001098644,株式会社振興開発,兵庫県,神戸市灘区,摩耶海岸通２丁目３番７−３階,6570855
4140001098867,株式会社ＪＯＨＮ　ＲＥＦＥＲ,兵庫県,神戸市灘区,水道筋６丁目１番１３号,6570831
4140001099857,株式会社さくら,兵庫県,神戸市灘区,城内通４丁目４番５号,6570836
4140001099881,摩耶山株式会社,兵庫県,神戸市灘区,天城通４丁目６番地,6570823
4140001100137,株式会社ＭＭＰ,兵庫県,神戸市灘区,灘北通６丁目５番１−２１１号,6570835
4140001100509,株式会社ライムライト,兵庫県,神戸市灘区,神ノ木通３丁目２番１３−１０５号,6570057
4140001100657,株式会社Ｔ２アーキテクト,兵庫県,神戸市灘区,上野通２丁目３番１４号,6570817
4140001100896,ジェノアファンド株式会社,兵庫県,神戸市灘区,友田町３丁目４番１８号５０２号室,6570035
4140001100962,株式会社アティック,兵庫県,神戸市灘区,篠原台７番２３号,6570016
4140001101234,株式会社珠光,兵庫県,神戸市灘区,高徳町６丁目３−２−１０３,6570025
4140001101250,オーレン株式会社,兵庫県,神戸市灘区,岩屋中町２丁目４番１８号,6570845
4140001101333,株式会社セイントホーム,兵庫県,神戸市灘区,六甲町５丁目５番１号,6570053
4140001101374,株式会社ＩＤＡ　Ｃｏｍｐａｎｙ,兵庫県,神戸市灘区,水道筋６丁目７番１８号,6570831
4140001101952,ケンエンタープライズ株式会社,兵庫県,神戸市灘区,水道筋６丁目３−３−１０４,6570831
4140001102067,株式会社エルデ,兵庫県,神戸市灘区,大内通６丁目２番１３号,6570833
4140001102579,株式会社キュリア,兵庫県,神戸市灘区,森後町１丁目４番１０号フレグランス六甲１Ｆ,6570028
4140001102819,株式会社伸成,兵庫県,神戸市灘区,岩屋南町三丁目１０番,6570856
4140001102876,株式会社北野,兵庫県,神戸市灘区,深田町３丁目４番５号,6570038
4140001103775,株式会社ウインドポート,兵庫県,神戸市灘区,水道筋１丁目５番地の３,6570831
4140001103965,株式会社クリーンネットワーク・オガワ,兵庫県,神戸市灘区,灘北通３丁目２番２２号,6570835
4140001105078,株式会社ヒトトバ,兵庫県,神戸市灘区,大内通１丁目６−５,6570833
4140001105202,株式会社Ｌｏｏｐｌｕｓ,兵庫県,神戸市灘区,鹿ノ下通２丁目３番８号,6570044
4140001105409,株式会社ミナト,兵庫県,神戸市灘区,新在家南町３丁目６番３号,6570864
4140001105417,福テック功業株式会社,兵庫県,神戸市灘区,船寺通４丁目１番１２号,6570842
4140001105929,株式会社楠公,兵庫県,神戸市灘区,泉通３丁目２番２２号,6570834
4140001106761,不動産コンサルティング株式会社,兵庫県,神戸市灘区,水道筋２丁目１７番地,6570831
4140001106935,きぼう不動産販売株式会社,兵庫県,神戸市灘区,徳井町２丁目１番４号,6570033
4140001107363,株式会社ＧＥＮＥＳＩＳ　ＧＥＮＥＴＩＣＳ,兵庫県,神戸市灘区,八幡町２丁目１番２２号,6570051
4140001107974,ウィルブライト株式会社,兵庫県,神戸市灘区,備後町５丁目３−１−３階,6570037
4140001108725,株式会社六甲御膳奉行,兵庫県,神戸市灘区,鶴甲２丁目８番１０号,6570011
4140001109038,株式会社シューアンドコー,兵庫県,神戸市灘区,中郷町１丁目２番１５−１０２号,6570032
4140001109599,伊吹住宅産業株式会社,兵庫県,神戸市灘区,深田町２丁目２番１６号,6570038
4140001109624,株式会社プロシード,兵庫県,神戸市灘区,篠原伯母野山町２丁目３番１−Ａ７０２号,6570015
4140001110549,株式会社ＲＩＤ,兵庫県,神戸市灘区,篠原南町４丁目４番１４−１号,6570059
4140001110623,イーマキーナ株式会社,兵庫県,神戸市灘区,大内通２丁目１番５号,6570833
4140001110895,株式会社ＢＩＯＳＡ,兵庫県,神戸市灘区,森後町２丁目２−３、１０１号,6570028
4140001112768,株式会社ミッドウエスト,兵庫県,神戸市灘区,深田町４丁目１−１−２６０３,6570038
4140001112974,株式会社吉田工務店,兵庫県,神戸市灘区,大石東町６丁目７番４号,6570043
4140001113031,株式会社シンアート,兵庫県,神戸市灘区,六甲台町１番１号,6570013
4140001113130,株式会社ララエリックス,兵庫県,神戸市灘区,箕岡通２丁目１番１３号,6570812
4140001113634,Ｋ−ＷＥＳＴ株式会社,兵庫県,神戸市灘区,岩屋北町１丁目５−６臼口ビル２０１,6570846
4140001113709,政策立案株式会社,兵庫県,神戸市灘区,深田町２丁目４番１２号カトレア六甲１０２,6570038
4140001113824,株式会社北栄,兵庫県,神戸市灘区,青谷町３丁目２番２０号青谷マンション１０１室,6570805
4140001115283,株式会社ショウケイ,兵庫県,神戸市灘区,青谷町４丁目６番１４−３０５号,6570805
4140001115291,株式会社ＩｄｅＥ,兵庫県,神戸市灘区,高羽字滝ノ奥５番地の３リビオ六甲高羽６１０号,6570001
4140001115333,株式会社ＢＥＡＵＴＥ　ＪＡＰＡＮ,兵庫県,神戸市灘区,深田町４丁目１番４５号７階,6570038
4140001116678,株式会社マヤスタッフ,兵庫県,神戸市灘区,篠原本町３丁目５番２２号,6570067
4140001117065,株式会社Ｌｏｃａｌ　ｓｈｏｐ,兵庫県,神戸市灘区,岩屋中町５丁目１番６−５０２号,6570845
4140001117271,灘建設株式会社,兵庫県,神戸市灘区,辰中町一丁目５番地,6570000
4140001117305,株式会社参差,兵庫県,神戸市灘区,篠原南町１丁目６番２１号,6570059
4140001118360,株式会社Ｍｉｒａｉ,兵庫県,神戸市灘区,船寺通３丁目２番１３号,6570842
4140001118583,株式会社ＡＳＵＲＡ,兵庫県,神戸市灘区,篠原台１３番地の２４号クラウンハイツ篠原台２−２０１,6570016
4140001118633,株式会社キズナ,兵庫県,神戸市灘区,桜ケ丘町１５番６５−１００１号,6570021
4140001119912,株式会社コイネー,兵庫県,神戸市灘区,楠丘町４丁目３−２２・２０６,6570024
4140001121406,株式会社華一期,兵庫県,神戸市灘区,鹿ノ下通１丁目４−８−３Ｆ,6570044
4140001121728,株式会社ＵＤコーポレーション,兵庫県,神戸市灘区,記田町３丁目１番７−２０４号,6570034
4140001122767,株式会社Ｍ・Ｓｕｍｍｅｒ−Ｃｏｎｎｅｃｔ,兵庫県,神戸市灘区,鶴甲３丁目６番８号,6570011
4140001122957,株式会社Ｐ＆Ｓデザインラボ,兵庫県,神戸市灘区,城内通５丁目５番２３−１３０２号,6570836
4140001122973,株式会社航海,兵庫県,神戸市灘区,備後町５丁目３番１−２３０５号,6570037
4140001123550,株式会社神戸吉兆,兵庫県,神戸市灘区,岩屋中町４丁目２番７号ＢＢプラザ３階,6570845
4140001123575,株式会社ヘームル,兵庫県,神戸市灘区,長峰台１丁目６番５号,6570811
4140001124730,株式会社オトシネマ,兵庫県,神戸市灘区,稗原町２丁目３−１５,6570054
4140001125638,Ｔｒｉ‐ＴＲＩＣＫ株式会社,兵庫県,神戸市灘区,水道筋５丁目３番２４−１０２号,6570831
4140001125811,レフェイン・ジャパン株式会社,兵庫県,神戸市灘区,桜口町１丁目１番１４号,6570036
4140001125828,株式会社リベルタス,兵庫県,神戸市灘区,岩屋北町１丁目６番１２−８０１号,6570846
4140001125927,ｎｅｕｔｒｅ株式会社,兵庫県,神戸市灘区,琵琶町３丁目３番１０号２階,6570041
4140001125976,株式会社Ｏｆｆｉｃｅ‐Ｋ,兵庫県,神戸市灘区,灘北通９丁目１番１号灘北レジデンス１００３号,6570835
4140001126256,株式会社ＬＣＢ,兵庫県,神戸市灘区,楠丘町４丁目５番６号,6570024
4140001126438,株式会社ウェルクリエイト,兵庫県,神戸市灘区,鶴甲２丁目１１番１−２０６号,6570011
4140001126826,株式会社ＴｅａＭ,兵庫県,神戸市灘区,岩屋北町１丁目７−１５藤本ビル１０１号室,6570846
4140001127717,株式会社瀧井商会,兵庫県,神戸市灘区,篠原台５番１−５１１号,6570016
4140001127956,株式会社ＮＩＶＥＮ,兵庫県,神戸市灘区,森後町２丁目３番１９号,6570028
4140001128962,株式会社ＳＴＮ,兵庫県,神戸市灘区,備後町１丁目１番７号,6570037
4140001130241,セカンドユース株式会社,兵庫県,神戸市灘区,篠原中町５丁目７番１６−３０５号,6570066
4140001130679,株式会社ＢＥ　ＢＩＧ,兵庫県,神戸市灘区,大石東町５丁目８−１,6570043
4140001132519,株式会社Ｂｅｓｔｉｅａｔ,兵庫県,神戸市灘区,水道筋６丁目１番３号,6570831
4140001132601,株式会社Ｃａｐｔａｉｎ　Ａｍｂｕｌａｎｃｅ,兵庫県,神戸市灘区,桜ヶ丘町１５−５５−１１７号室,6570021
4140001134168,株式会社セントウエスト,兵庫県,神戸市灘区,鹿ノ下通３丁目１−１インテリアハシモトビル１０３,6570044
4140001134894,株式会社アペリオ,兵庫県,神戸市灘区,友田町４丁目１番２３号ライオンズマンション六甲道４０７号,6570035
4140001134944,怡豐貿易株式会社,兵庫県,神戸市灘区,原田通３丁目７番１１号川崎マンション１０３,6570837
4140001135100,株式会社ＬＡＫＩ　ＣＯＲＰＯＲＡＴＩＯＮ,兵庫県,神戸市灘区,大石南町３丁目３−５,6570852
4140001135505,株式会社ＢＥＳＳＨＯ　ＢＬＯＯＤ　ＢＲＯＴＨＥＲＳ,兵庫県,神戸市灘区,桜口町５丁目１番１１６号,6570036
4140001136123,株式会社ケイプラス,兵庫県,神戸市灘区,灘南通１丁目１番２７号,6570841
4140001136651,株式会社ｌｏｏｋ,兵庫県,神戸市灘区,箕岡通１丁目４番２号,6570812
4140001138185,子俊株式会社,兵庫県,神戸市灘区,中原通５丁目３番１０−３０２号,6570825
4140001138284,株式会社レアリズ,兵庫県,神戸市灘区,六甲台町９番１−６０４号,6570013
4140001138458,株式会社Ａｃａｎｔｈｕｓ,兵庫県,神戸市灘区,弓木町４丁目３番１号ラ・トゥール六甲Ｅ棟１９０５,6570026
4140001138838,株式会社Ｏｎ,兵庫県,神戸市灘区,倉石通３丁目１−１４テイク摩耶１階,6570826
4140001139019,株式会社ＥＭＥＲＡＬＤ　ＧＲＯＵＰ,兵庫県,神戸市灘区,水道筋２丁目２３番地−３,6570831
4140001139704,株式会社ＢＲＩＧＡＤＥ　ＤＥＳＩＧＮ,兵庫県,神戸市灘区,森後町２丁目１番地９号３Ｆ,6570028
4140001139778,ヒューまっぷ株式会社,兵庫県,神戸市灘区,篠原中町２丁目２−１５,6570066
4140001140001,川本ホールディングス株式会社,兵庫県,神戸市灘区,箕岡通１丁目４番９号,6570812
4140001140075,株式会社清洋,兵庫県,神戸市灘区,上野通６丁目１番２２号,6570817
4140001140216,株式会社ＫＨソリューション,兵庫県,神戸市灘区,篠原字伯母野山町三丁目１８番４号２階,6570002
4140001140265,株式会社ジオネスト,兵庫県,神戸市灘区,深田町３丁目１番１５号ライオンズマンション第三３０４号室,6570038
4140001140488,株式会社ＬＳＤＣ,兵庫県,神戸市灘区,篠原中町１丁目５番１６号サンフィールド六甲３０２号室,6570066
4140001140579,株式会社ＡｔｓｕｊｉＴａｂｌｅ,兵庫県,神戸市灘区,千旦通３丁目７−１０田中ビル１０２,6570056
4140001142377,株式会社キーリング,兵庫県,神戸市灘区,琵琶町３丁目７番２３号フラワービル２０２号,6570041
4140002003198,株式会社ジェイズ,兵庫県,神戸市灘区,摩耶海岸通１丁目３番１−１０８,6570855
4140002003405,株式会社ＴＡＨＯ,兵庫県,神戸市灘区,岩屋北町５丁目１番１１号,6570846
4140002003743,株式会社神戸グルメ倶楽部,兵庫県,神戸市灘区,大石南町２丁目２番２号,6570852
4140002014195,株式会社サンワ不動産,兵庫県,神戸市灘区,八幡町１丁目４番１号,6570051
4140002021605,株式会社エースガード,兵庫県,神戸市灘区,永手町２丁目２番１７号,6570027
4140002026380,株式会社フェリシア,兵庫県,神戸市灘区,六甲町１丁目２番５号六甲ハーモニーガーデン３０１,6570053
4140002027239,神宮緑化株式会社,兵庫県,神戸市灘区,灘北通７丁目４−１５−３０６,6570835
4140002027379,松田株式会社,兵庫県,神戸市灘区,宮山町１丁目１番２２号,6570065
4140002065239,株式会社悠愛社,兵庫県,神戸市灘区,水道筋５丁目３番２３号,6570831
4160001016208,株式会社エヌエスアール,兵庫県,神戸市灘区,日尾町１丁目２番３号ＫＨＫ六甲ビル３０３号室,6570029
4170001016611,株式会社中治商店,兵庫県,神戸市灘区,摩耶海岸通２丁目３番１３−５０８号,6570855
5013201016247,株式会社あやめ不動産,兵庫県,神戸市灘区,神ノ木通３丁目３−１６,6570057
5120001064606,三世エンタープライズ株式会社,兵庫県,神戸市灘区,中郷町２丁目３番１号,6570032
5120001087937,ヒョータンクロージング株式会社,兵庫県,神戸市灘区,記田町３丁目２番１５−４０７号,6570034
5120001127726,株式会社Ｄｒｅａｍ　Ｃｕｒａｔｏｒ,兵庫県,神戸市灘区,篠原北町３丁目７番１６号タウンハウス六甲４０２,6570068
5120001141529,株式会社ＡＫＡＳＡ,兵庫県,神戸市灘区,都通５丁目４番１６号,6570844
5120001142031,ミラテラス製薬株式会社,兵庫県,神戸市灘区,将軍通１丁目４番８号,6570058
5120001189262,株式会社ステラホールディングス,兵庫県,神戸市灘区,深田町４丁目１番３９号メイン六甲Ａビル６階,6570038
5120001252020,株式会社Ｔｅｎ　Ｆｉｎａｎｃｅ,兵庫県,神戸市灘区,水道筋１丁目４１番,6570831
5120001259759,ＺＡＭＡＸ株式会社,兵庫県,神戸市灘区,水道筋１丁目４０−３,6570831
5140001001144,株式会社慧緋,兵庫県,神戸市灘区,下河原通５丁目２番８号,6570045
5140001001202,株式会社オート・ボデー,兵庫県,神戸市灘区,大月台１番地の７４,6570017
5140001001937,高田工務店株式会社,兵庫県,神戸市灘区,友田町１丁目１番５号,6570035
5140001002943,株式会社青木歯科商会,兵庫県,神戸市灘区,原田通２丁目５番１３号,6570837
5140001002951,株式会社アウトバーン,兵庫県,神戸市灘区,大石東町２丁目５−９,6570043
5140001002968,株式会社アスクライフ,兵庫県,神戸市灘区,高徳町１丁目２番１３号,6570025
5140001002984,株式会社アトラスソーケン,兵庫県,神戸市灘区,篠原北町２丁目１番９号,6570068
5140001002992,株式会社アルヴァジャパン,兵庫県,神戸市灘区,城内通１丁目４番１号ハイグレード城ノ内１Ｆ,6570836
5140001003000,アルファシステム株式会社,兵庫県,神戸市灘区,篠原中町５丁目５番３７−５０９号,6570066
5140001003009,株式会社池田屋,兵庫県,神戸市灘区,友田町１丁目４番１５号,6570035
5140001003033,株式会社井出商店,兵庫県,神戸市灘区,徳井町３丁目２番２５号,6570033
5140001003074,株式会社永匠工藝,兵庫県,神戸市灘区,船寺通２丁目２番８号,6570842
5140001003108,エムエム産業株式会社,兵庫県,神戸市灘区,篠原北町３丁目１８番６号,6570068
5140001003132,株式会社大西商店,兵庫県,神戸市灘区,味泥町５番３４号,6570851
5140001003140,オカダインダストリ株式会社,兵庫県,神戸市灘区,大石南町２丁目７番３号,6570852
5140001003149,株式会社岡村,兵庫県,神戸市灘区,中原通５丁目３番３号,6570825
5140001003165,曄興株式会社,兵庫県,神戸市灘区,摩耶埠頭１番１神戸港運会館ビル２１４号,6570854
5140001003198,上北不動産株式会社,兵庫県,神戸市灘区,高羽町５丁目５番２１−４０１号,6570023
5140001003207,川西株式会社,兵庫県,神戸市灘区,森後町１丁目３番５号,6570028
5140001003231,株式会社喜多村工務店,兵庫県,神戸市灘区,灘浜町３番６号１０１号室,6570853
5140001003248,株式会社京屋貸衣裳店,兵庫県,神戸市灘区,篠原中町３丁目３番３２号,6570066
5140001003264,株式会社栗岡工務店,兵庫県,神戸市灘区,岸地通５丁目３番９号,6570832
5140001003297,株式会社ケー・シー・シー・商会,兵庫県,神戸市灘区,大内通４丁目５番８号,6570833
5140001003314,コーエイ殖産株式会社,兵庫県,神戸市灘区,八幡町４丁目９番２７号,6570051
5140001003322,香西鍍金工業株式会社,兵庫県,神戸市灘区,味泥町４番２５号,6570851
5140001003330,小泉食品株式会社,兵庫県,神戸市灘区,篠原南町６丁目５番４号,6570059
5140001003339,株式会社甲南スクーリング,兵庫県,神戸市灘区,上野通４丁目１番１号,6570817
5140001003347,株式会社コウベ建材社,兵庫県,神戸市灘区,灘南通５丁目２３番地の２,6570841
5140001003355,甲陽建設株式会社,兵庫県,神戸市灘区,都通５丁目４番７号,6570844
5140001003405,三協商事株式会社,兵庫県,神戸市灘区,船寺通５丁目３番地８,6570842
5140001003421,株式会社眞田商店,兵庫県,神戸市灘区,徳井町４丁目２番７号,6570033
5140001003438,サンライフ商事株式会社,兵庫県,神戸市灘区,神ノ木通１丁目４番８号,6570057
5140001003446,株式会社さわやか,兵庫県,神戸市灘区,一王山町１２番４１号,6570012
5140001003454,株式会社ジェムロードホリ,兵庫県,神戸市灘区,八幡町２丁目６番１１号,6570051
5140001003479,株式会社新建不動産,兵庫県,神戸市灘区,徳井町２丁目３番５号,6570033
5140001003487,株式会社シラク,兵庫県,神戸市灘区,高徳町６丁目３−２−１０２,6570025
5140001003504,株式会社清水設備,兵庫県,神戸市灘区,友田町３丁目３番１号,6570035
5140001003529,株式会社ジャパンヴィークル,兵庫県,神戸市灘区,高徳町１丁目２番２２号,6570025
5140001003537,株式会社白井商店,兵庫県,神戸市灘区,灘北通９丁目１番７号,6570835
5140001003553,株式会社末広東,兵庫県,神戸市灘区,城内通４丁目２番３２号,6570836
5140001003561,鈴木産業株式会社,兵庫県,神戸市灘区,曾和町１丁目４番１０号,6570063
5140001003578,株式会社西洋建物,兵庫県,神戸市灘区,日尾町２丁目２番７号,6570029
5140001003594,双和興産株式会社,兵庫県,神戸市灘区,琵琶町１丁目１番２４号,6570041
5140001003636,大和住宅株式会社,兵庫県,神戸市灘区,鶴甲４丁目８番１号,6570011
5140001003644,株式会社貴茂,兵庫県,神戸市灘区,土山町１３番５号,6570022
5140001003652,株式会社タクトホーム,兵庫県,神戸市灘区,桜ケ丘町１０番４４号,6570021
5140001003693,津山電装株式会社,兵庫県,神戸市灘区,新在家南町３丁目３番８号,6570864
5140001003702,株式会社デイマート,兵庫県,神戸市灘区,岩屋南町３番２５号,6570856
5140001003710,株式会社東輝,兵庫県,神戸市灘区,城内通２丁目２番４号,6570836
5140001003727,東洋工芸株式会社,兵庫県,神戸市灘区,天城通５丁目２番１号,6570823
5140001003743,株式会社都市・計画・設計研究所,兵庫県,神戸市灘区,山田町３丁目１番１５号,6570064
5140001003751,トヨタカローラ神戸株式会社,兵庫県,神戸市灘区,灘南通２丁目１番９号,6570841
5140001003768,中日本倉庫株式会社,兵庫県,神戸市灘区,都通１丁目１番２号,6570844
5140001003776,株式会社中山工務店,兵庫県,神戸市灘区,天城通８丁目１番１２号,6570823
5140001003784,灘製麺株式会社,兵庫県,神戸市灘区,灘南通２丁目３番５号,6570841
5140001003792,株式会社灘民商会館,兵庫県,神戸市灘区,深田町３丁目５番１号,6570038
5140001003801,株式会社西尾工務店,兵庫県,神戸市灘区,日尾町３丁目１番１１号,6570029
5140001003826,株式会社日伸サービス,兵庫県,神戸市灘区,岩屋中町４丁目２番２号,6570845
5140001003842,ニノス株式会社,兵庫県,神戸市灘区,中郷町４丁目２番７号,6570032
5140001003850,株式会社ネイルズユニークオブジャパン,兵庫県,神戸市灘区,大月台１番地の１４,6570017
5140001003859,登瓦産業株式会社,兵庫県,神戸市灘区,記田町５丁目１番１０号,6570034
5140001003867,株式会社パールアンドジェム,兵庫県,神戸市灘区,赤坂通１丁目２番７号,6570821
5140001003909,株式会社敏栄,兵庫県,神戸市灘区,天城通５丁目２番１号,6570823
5140001003917,株式会社樋口茂正商店,兵庫県,神戸市灘区,篠原本町３丁目５番３号,6570067
5140001003925,株式会社ヒット,兵庫県,神戸市灘区,摩耶埠頭１番地摩耶業務センタービル２０６−２,6570854
5140001003933,兵阪栄養食品株式会社,兵庫県,神戸市灘区,篠原本町４丁目５番１８−２０２号,6570067
5140001003958,オエノンプロダクトサポート株式会社,兵庫県,神戸市灘区,新在家南町３丁目２番２８号,6570864
5140001003982,株式会社藤本工作所,兵庫県,神戸市灘区,大石北町７番１０号,6570843
5140001004007,株式会社ベスト電業社,兵庫県,神戸市灘区,楠丘町４丁目２−８Ａ１０１,6570024
5140001004031,株式会社ホンダオート神戸,兵庫県,神戸市灘区,記田町４丁目３番１２号,6570034
5140001004048,マキタ建設株式会社,兵庫県,神戸市灘区,大内通６丁目２番８号,6570833
5140001004072,株式会社摩耶業務センター,兵庫県,神戸市灘区,摩耶埠頭,6570854
5140001004080,丸岡倉庫土地株式会社,兵庫県,神戸市灘区,大石南町１丁目４番２４号,6570852
5140001004089,マリタイム、サービス株式会社,兵庫県,神戸市灘区,永手町２丁目３番９号,6570027
5140001004097,株式会社マルヤマ商事,兵庫県,神戸市灘区,大月台１番地の９２,6570017
5140001004122,株式会社ミノル,兵庫県,神戸市灘区,高羽町５丁目９番３号,6570023
5140001004147,株式会社明成２１商事,兵庫県,神戸市灘区,備後町５丁目２番１６−７０２号,6570037
5140001004155,株式会社モーリス,兵庫県,神戸市灘区,下河原通２丁目１番１０号,6570045
5140001004196,株式会社山本電気工業所,兵庫県,神戸市灘区,高徳町５丁目６番１３号,6570025
5140001004205,株式会社ユシカ,兵庫県,神戸市灘区,徳井町３丁目３番１８号,6570033
5140001004213,株式会社横田建築設計事務所,兵庫県,神戸市灘区,鶴甲４丁目１番７−１０３号,6570011
5140001004270,株式会社ロダン,兵庫県,神戸市灘区,深田町３丁目１番１６−２０５号,6570038
5140001004287,株式会社六甲実業学院,兵庫県,神戸市灘区,八幡町３丁目６番２２号,6570051
5140001004295,六甲トライデント株式会社,兵庫県,神戸市灘区,摩耶埠頭１番地の１神戸港運会館３階,6570854
5140001004312,株式会社神戸工務,兵庫県,神戸市灘区,六甲町２丁目１番２号,6570053
5140001004320,神戸コミュニティーサービス株式会社,兵庫県,神戸市灘区,灘北通１０丁目１番１０号,6570835
5140001004329,神戸設備工業株式会社,兵庫県,神戸市灘区,友田町４丁目１番２号,6570035
5140001004337,神戸電設株式会社,兵庫県,神戸市灘区,鹿ノ下通２丁目４番２５号,6570044
5140001004353,日本包装工事株式会社,兵庫県,神戸市灘区,灘浜町地先摩耶埠頭１５号地,6570853
5140001004361,株式会社兵庫県洋菓子会館,兵庫県,神戸市灘区,鹿ノ下通１丁目２番１６号,6570044
5140001006580,扇交通株式会社,兵庫県,神戸市灘区,味泥町１番８号,6570851
5140001007736,五洋ロジテム株式会社,兵庫県,神戸市灘区,摩耶埠頭２番地１,6570854
5140001008676,株式会社スペースアップ神戸,兵庫県,神戸市灘区,鹿ノ下通１丁目３番２号浅野ビル２０２号,6570044
5140001008817,セントファミリー株式会社,兵庫県,神戸市灘区,灘北通８丁目２番１−１４４３号,6570835
5140001009303,中央海運株式会社,兵庫県,神戸市灘区,灘北通１０丁目１番８号,6570835
5140001009377,株式会社信楽ゴルフサービス,兵庫県,神戸市灘区,高羽字滝ノ奥５番地の１六甲高羽アーバンライフ,6570001
5140001009807,中本シール印刷株式会社,兵庫県,神戸市灘区,篠原南町６丁目６番２１−３１３号,6570059
5140001011011,マリーン産業株式会社,兵庫県,神戸市灘区,高羽字滝ノ奥５番地の１,6570001
5140001011333,もっこすフーズ株式会社,兵庫県,神戸市灘区,味泥町８番２５号,6570851
5140001018147,株式会社アイビス,兵庫県,神戸市灘区,城内通４丁目７番１６号,6570836
5140001018452,スミリンケアライフ株式会社,兵庫県,神戸市灘区,摩耶海岸通１丁目３番１０号,6570855
5140001019079,株式会社ジャパン・ハウス,兵庫県,神戸市灘区,篠原北町１丁目１番２９プラウド２０６号,6570068
5140001019756,株式会社テン,兵庫県,神戸市灘区,灘南通５丁目２番８号,6570841
5140001020177,株式会社神戸介護ケアウイング,兵庫県,神戸市灘区,永手町１丁目１番１８２号,6570027
5140001020755,株式会社アインス,兵庫県,神戸市灘区,篠原伯母野山町２丁目３番１号４０３号室,6570015
5140001020846,株式会社エスケイシー,兵庫県,神戸市灘区,山田町１丁目２番９号サンコート阪急六甲４０２,6570064
5140001020945,株式会社エヌ・カラー,兵庫県,神戸市灘区,記田町４丁目１番１１号,6570034
5140001020978,シーマーミシン株式会社,兵庫県,神戸市灘区,福住通４丁目２番１７号コンフォート福住４０２号,6570824
5140001021126,リファインテレクション株式会社,兵庫県,神戸市灘区,記田町３丁目２番１５号,6570034
5140001021778,株式会社時代社,兵庫県,神戸市灘区,篠原台１１番１２号,6570016
5140001023329,株式会社キッチンスタジオ,兵庫県,神戸市灘区,長峰台２丁目３番２−５０３号,6570811
5140001023799,西九条スポーツクラブ株式会社,兵庫県,神戸市灘区,篠原伯母野山町１丁目１番１−８１８号,6570015
5140001024178,ハイ・トラスト株式会社,兵庫県,神戸市灘区,備後町４丁目１番１−３０１号,6570037
5140001024327,アバント・ホーム株式会社,兵庫県,神戸市灘区,灘南通６丁目２番１９号,6570841
5140001024459,阪神鑑定株式会社,兵庫県,神戸市灘区,鶴甲１丁目５番３−３１１号,6570011
5140001024574,株式会社オーセンティック,兵庫県,神戸市灘区,深田町４丁目１番１号,6570038
5140001024673,株式会社ファースト・スター,兵庫県,神戸市灘区,篠原字小屋場山１０３８番地の１６４,6570002
5140001024756,株式会社ワイ・ケイ・アソシエ,兵庫県,神戸市灘区,水道筋４丁目２番２号,6570831
5140001024806,株式会社トランスマーケティング,兵庫県,神戸市灘区,徳井町３丁目２番２２−４０３号,6570033
5140001024822,株式会社クレド,兵庫県,神戸市灘区,深田町４丁目１番４５号,6570038
5140001025366,株式会社レイブリック,兵庫県,神戸市灘区,八幡町４丁目９番１９号,6570051
5140001025457,アングルジム株式会社,兵庫県,神戸市灘区,都通４丁目１番１８−３０１号,6570844
5140001026257,株式会社オフィスＭ,兵庫県,神戸市灘区,八幡町２丁目１番１９号,6570051
5140001026521,株式会社天祥建設,兵庫県,神戸市灘区,徳井町４丁目１番２号,6570033
5140001026554,ミカド商事株式会社,兵庫県,神戸市灘区,水道筋５丁目３番１７号,6570831
5140001026579,株式会社丹波,兵庫県,神戸市灘区,土山町１２番１１号,6570022
5140001026967,株式会社エス・アンド・エイ,兵庫県,神戸市灘区,篠原中町５丁目１０−１７−２０５,6570066
5140001027288,株式会社イーズニック,兵庫県,神戸市灘区,船寺通４丁目５番１６号,6570842
5140001027668,ＨＩＭＥ　ＪＡＰＡＮ株式会社,兵庫県,神戸市灘区,稗原町１丁目２−１,6570054
5140001027742,株式会社カヤマ,兵庫県,神戸市灘区,水道筋３丁目４番地の１２,6570831
5140001027825,株式会社Ｔ・Ｈ・Ｔ商会,兵庫県,神戸市灘区,原田通１丁目１番２５号,6570837
5140001028113,イノヴェイティヴ・モーションズ株式会社,兵庫県,神戸市灘区,王子町１丁目１番１８号９０１号室,6570838
5140001028146,白星社ホールディングス株式会社,兵庫県,神戸市灘区,琵琶町３丁目１番１７号,6570041
5140001028179,株式会社ＫＵＷＡＩ,兵庫県,神戸市灘区,山田町１丁目１番１８号,6570064
5140001028559,株式会社バックアップ,兵庫県,神戸市灘区,桜ケ丘町３番１８,6570021
5140001028963,株式会社扶桑ファシリティーズ,兵庫県,神戸市灘区,大石東町５丁目８番１号,6570043
5140001028996,株式会社希望新風,兵庫県,神戸市灘区,記田町５丁目６番１６号,6570034
5140001029103,株式会社ＡＬＥＢＡ,兵庫県,神戸市灘区,稗原町１丁目４番１６号グランディア六甲道２０３号室,6570054
5140001029268,株式会社エヌアイシー,兵庫県,神戸市灘区,中郷町２丁目２番１２−３０６号,6570032
5140001029375,株式会社丸伊電機,兵庫県,神戸市灘区,友田町２丁目１番１−６０９号,6570035
5140001029417,株式会社日の出,兵庫県,神戸市灘区,友田町３丁目２番４号,6570035
5140001029879,株式会社長尾企画,兵庫県,神戸市灘区,水道筋１丁目１１番４号,6570831
5140001030250,神戸ハーブ株式会社,兵庫県,神戸市灘区,篠原南町７丁目２番２号,6570059
5140001030275,株式会社ヱビス屋,兵庫県,神戸市灘区,水道筋２丁目１６番地,6570831
5140001030283,株式会社グッドワークス,兵庫県,神戸市灘区,岩屋中町２丁目２番１５号メープル岩屋２０３,6570845
5140001030424,株式会社ＨＡＮＳＨＩＮ　ＣＬＵＢ,兵庫県,神戸市灘区,水道筋２丁目１６番地の３,6570831
5140001030606,株式会社Ｃ＆Ｃ,兵庫県,神戸市灘区,城内通５丁目６番８号,6570836
5140001030639,株式会社ケンサポートサービス,兵庫県,神戸市灘区,高羽字滝ノ奥５番地の１,6570001
5140001030812,株式会社ロゼット,兵庫県,神戸市灘区,鹿ノ下通１丁目２−１５,6570044
5140001030837,株式会社日本発酵食品,兵庫県,神戸市灘区,灘北通２丁目１番６号,6570835
5140001030861,株式会社北口商会,兵庫県,神戸市灘区,篠原中町３丁目７−１５,6570066
5140001031109,株式会社フューネラルセンター,兵庫県,神戸市灘区,福住通５丁目２番２号,6570824
5140001031190,株式会社Ｎ．Ｉ．Ｋ,兵庫県,神戸市灘区,友田町４丁目１−２８,6570035
5140001031678,株式会社エヌエスアイ,兵庫県,神戸市灘区,下河原通３丁目５番１３号,6570045
5140001031835,株式会社ジェイエム,兵庫県,神戸市灘区,八幡町１丁目８番１５号,6570051
5140001032164,株式会社ますだ,兵庫県,神戸市灘区,楠丘町２丁目５番１０号,6570024
5140001032172,株式会社三木谷バイオ研究所,兵庫県,神戸市灘区,友田町４丁目３番１１号,6570035
5140001032189,株式会社ユウナパール,兵庫県,神戸市灘区,泉通１丁目３番１１号,6570834
5140001032214,メディカルエージェント株式会社,兵庫県,神戸市灘区,岩屋中町２丁目５番９−２０６号,6570845
5140001032313,株式会社前田建築事務所,兵庫県,神戸市灘区,水道筋３丁目１４番１５号,6570831
5140001032321,株式会社インターマーケティング・オベスト,兵庫県,神戸市灘区,鶴甲２丁目１１番１−５０１号,6570011
5140001032395,株式会社ＬＵＣＫＭＡＮ,兵庫県,神戸市灘区,土山町７番４２−７０１号,6570022
5140001032486,株式会社アイ・エヌ・ジープロダクション,兵庫県,神戸市灘区,鶴甲３丁目１５番９号,6570011
5140001032610,株式会社ビー・アイ・ピー・ジャパン,兵庫県,神戸市灘区,箕岡通４丁目４番１９号,6570812
5140001032899,株式会社オーシャンズ倶楽部,兵庫県,神戸市灘区,水道筋４丁目２番２号,6570831
5140001033105,株式会社翔榮ロジスティクス,兵庫県,神戸市灘区,友田町５丁目２番１号,6570035
5140001033179,株式会社経営情報研究所,兵庫県,神戸市灘区,灘北通５丁目７−１０,6570835
5140001033220,株式会社山内徹郎都市計画研究室,兵庫県,神戸市灘区,中原通６丁目１番２６号スカイパレス王子２０１号,6570825
5140001033550,株式会社タスコ,兵庫県,神戸市灘区,深田町４丁目１番１号３０５,6570038
5140001033583,株式会社Ｇブランド,兵庫県,神戸市灘区,灘南通２丁目２番７−４０１,6570841
5140001033798,株式会社スカイベイ,兵庫県,神戸市灘区,高尾通３丁目１番２０号,6570813
5140001033848,株式会社ＡＵＴＯ　ＲＥＰＡＩＲ　ＫＯＢＥ,兵庫県,神戸市灘区,新在家南町４丁目１１番１０号,6570864
5140001033922,株式会社畠木,兵庫県,神戸市灘区,箕岡通１丁目２番９−３０２号,6570812
5140001033947,株式会社マザーアース,兵庫県,神戸市灘区,篠原本町３丁目６番８号,6570067
5140001033971,株式会社未来テック,兵庫県,神戸市灘区,船寺通３丁目２番１２号,6570842
5140001033988,株式会社フジウェルサポートウエスト,兵庫県,神戸市灘区,灘北通９丁目２番２３−６０５号,6570835
5140001034053,株式会社金山,兵庫県,神戸市灘区,箕岡通２丁目１番２７号,6570812
5140001038236,株式会社Ｗａｆｅｌｈｕｉｓ,兵庫県,神戸市灘区,宮山町３丁目１番１８−６０１号,6570065
5140001042130,株式会社アイアクセ,兵庫県,神戸市灘区,神前町２丁目２番２３号,6570052
5140001042329,株式会社ファンクリエイツ,兵庫県,神戸市灘区,寺口町９番１３号,6570062
5140001057368,株式会社ＲＥＮ,兵庫県,神戸市灘区,新在家北町２丁目１番３１号,6570861
5140001067425,株式会社ｃａｃｔｕｓ,兵庫県,神戸市灘区,中郷町１丁目２番３０号六甲パークヒル６０４号,6570032
5140001067458,株式会社ひなた,兵庫県,神戸市灘区,備後町３丁目２番３−７０１号,6570037
5140001086557,ＤＱＳ株式会社,兵庫県,神戸市灘区,摩耶海岸通１丁目３番１−１０５号,6570855
5140001087092,株式会社クローネ,兵庫県,神戸市灘区,桜口町３丁目１番１号パニエ六甲３Ｆ,6570036
5140001087175,株式会社ジェムジェム,兵庫県,神戸市灘区,篠原字小屋場山１０３８番地の２４,6570002
5140001087316,株式会社はたラボ,兵庫県,神戸市灘区,六甲山町南六甲１０３４番地の６０,6570101
5140001087811,株式会社Ｔ．Ｔ．Ｃ,兵庫県,神戸市灘区,桜口町４丁目１−１−４０１号,6570036
5140001088371,株式会社シーエルビルマネジメント,兵庫県,神戸市灘区,琵琶町３丁目６番１６号,6570041
5140001088495,わんぱく商事株式会社,兵庫県,神戸市灘区,深田町３丁目４番１３号アントレ六甲４０３,6570038
5140001088735,株式会社阿部,兵庫県,神戸市灘区,永手町２丁目２番１７号,6570027
5140001088792,株式会社Ｙ,兵庫県,神戸市灘区,長峰台２丁目４番２２号,6570811
5140001089163,コイズミイーテクノ株式会社,兵庫県,神戸市灘区,新在家南町１丁目２番１号,6570864
5140001090055,株式会社プラチナコーポレーション,兵庫県,神戸市灘区,大内通１丁目７番７号,6570833
5140001090170,株式会社ラン・アフター・ジャパン,兵庫県,神戸市灘区,浜田町３丁目２番１２号,6570862
5140001090501,ロードクリエイト株式会社,兵庫県,神戸市灘区,船寺通１丁目６番１５号,6570842
5140001090955,カンベ設備工業株式会社,兵庫県,神戸市灘区,記田町４丁目１番５号,6570034
5140001092316,株式会社クラッチカフェ,兵庫県,神戸市灘区,岩屋北町１丁目７番１５号,6570846
5140001092431,株式会社フルハウス,兵庫県,神戸市灘区,稗原町２丁目２番１３号,6570054
5140001092472,株式会社Ｅ’ｒｉｔｚプロ,兵庫県,神戸市灘区,土山町７番３２ー１０２号,6570022
5140001092547,株式会社コスモエナジー,兵庫県,神戸市灘区,大和町２丁目４番２１号,6570031
5140001093322,株式会社スリーカラーズ,兵庫県,神戸市灘区,泉通５丁目４番１３−４０３号,6570834
5140001093710,株式会社ビクトワール,兵庫県,神戸市灘区,楠丘町２丁目２番１９号,6570024
5140001094080,株式会社ｔｒｉｃｏ,兵庫県,神戸市灘区,篠原本町４丁目５−１５−３０１号,6570067
5140001095095,株式会社ごきげんキャリアソリューション,兵庫県,神戸市灘区,桜ケ丘町１番８号,6570021
5140001096564,株式会社ｃｒｏｓｓｏｖｅｒ,兵庫県,神戸市灘区,灘北通１０丁目２番３−２１０５号,6570835
5140001097001,株式会社ビジュー・ヌフ,兵庫県,神戸市灘区,摩耶海岸通１丁目１番２−１３０６号,6570855
5140001097109,紫陽花不動産株式会社,兵庫県,神戸市灘区,日尾町２丁目３番１３号,6570029
5140001097760,株式会社モリジュン,兵庫県,神戸市灘区,森後町２丁目２番３−２０１号,6570028
5140001098081,ブラックインベスター株式会社,兵庫県,神戸市灘区,城内通４丁目２番３４号,6570836
5140001098569,株式会社寿,兵庫県,神戸市灘区,灘北通１丁目３−１６,6570835
5140001098809,Ｋｉｄｓ＆Ｐａｒｅｎｔｓ株式会社,兵庫県,神戸市灘区,鶴甲３丁目１３番３７号パール六甲２０４,6570011
5140001098833,株式会社アイウィッシュ,兵庫県,神戸市灘区,天城通３丁目１番２号,6570823
5140001098866,株式会社Ａｃｅ　ｃｏｍｐａｎｙ,兵庫県,神戸市灘区,高徳町１丁目１０番２号,6570025
5140001099245,株式会社マヤ装備,兵庫県,神戸市灘区,灘南通２丁目２番７号ハイツローレル１Ｆ,6570841
5140001099526,あなまちサムライサポート株式会社,兵庫県,神戸市灘区,鹿ノ下通２丁目４番１５号,6570044
5140001100144,三重金属応用材料株式会社,兵庫県,神戸市灘区,船寺通５丁目３番１９号,6570842
5140001100318,ＵＮＩＣＡＲＥ株式会社,兵庫県,神戸市灘区,高羽町２丁目３番９号,6570023
5140001102784,Ｒ不動産販売株式会社,兵庫県,神戸市灘区,摩耶海岸通２丁目３番１−１０１号,6570855
5140001103766,株式会社マモン・エ・フィーユ,兵庫県,神戸市灘区,記田町３丁目２番１５号,6570034
5140001104442,ＣＩＮＥＣＯＬＴ株式会社,兵庫県,神戸市灘区,中郷町３丁目５番３号サンハイム六甲２０１号,6570032
5140001104599,クランテーブル株式会社,兵庫県,神戸市灘区,岩屋北町４丁目３−１９,6570846
5140001106034,株式会社ユアピース,兵庫県,神戸市灘区,琵琶町１丁目８番１６号,6570041
5140001106471,株式会社Ｋｕｔｕ−Ｌｏｇ,兵庫県,神戸市灘区,水道筋６丁目３番６号,6570831
5140001106546,株式会社誠重量,兵庫県,神戸市灘区,大石南町２丁目８番９号,6570852
5140001106661,エステスペース株式会社,兵庫県,神戸市灘区,永手町５丁目７番８号,6570027
5140001106835,株式会社ＳＵＮＡＣＴ,兵庫県,神戸市灘区,篠原伯母野山町２丁目１０１４番地１１７,6570015
5140001107387,株式会社Ｋ＆Ｋ,兵庫県,神戸市灘区,赤坂通８丁目２番８号,6570821
5140001107750,株式会社ライボン,兵庫県,神戸市灘区,城内通４丁目３−２５,6570836
5140001108369,株式会社ＡＫ−ＬＡＢ,兵庫県,神戸市灘区,友田町４丁目３番７号,6570035
5140001108567,株式会社ｋａｎ・ｇａ・ｒｏｏ,兵庫県,神戸市灘区,友田町３丁目２番１０号フェンテ新在家１Ｆ,6570035
5140001109664,日本教育設計株式会社,兵庫県,神戸市灘区,日尾町１丁目１番３号,6570029
5140001110044,株式会社スタンダード,兵庫県,神戸市灘区,水道筋６丁目７番３号,6570831
5140001110457,株式会社ユーティー,兵庫県,神戸市灘区,岩屋北町１丁目４番１６号ケイテムビル２階,6570846
5140001110795,株式会社ＰＧＪ,兵庫県,神戸市灘区,篠原南町５丁目３番地１１号,6570059
5140001111967,サイナス株式会社,兵庫県,神戸市灘区,永手町５丁目２番１５−１号,6570027
5140001112263,株式会社ジルエット,兵庫県,神戸市灘区,岩屋北町４丁目３番５５−５０１号,6570846
5140001112528,モナベル株式会社,兵庫県,神戸市灘区,福住通４丁目１番１号,6570824
5140001112552,株式会社ＩＳＩ１,兵庫県,神戸市灘区,五毛通１丁目２番１０号ＳｈｅｗａｓＧａｒｄｅｎ,6570814
5140001113286,株式会社エミル,兵庫県,神戸市灘区,篠原本町５丁目１番２９−１号,6570067
5140001113402,株式会社Ｐｒｅｃｉｏｕｓ,兵庫県,神戸市灘区,寺口町７番４−１０１号,6570062
5140001114210,株式会社エーイージーコーポレーション,兵庫県,神戸市灘区,水道筋６丁目３番４−１０４号,6570831
5140001115043,株式会社Ｗ,兵庫県,神戸市灘区,水道筋６丁目７番３号,6570831
5140001115828,東豊株式会社,兵庫県,神戸市灘区,土山町１１−３−１,6570022
5140001115902,株式会社中田建築設計事務所,兵庫県,神戸市灘区,浜田町４丁目１番２２号２０１,6570862
5140001115951,株式会社ＫＢ,兵庫県,神戸市灘区,城内通３丁目２番１６号,6570836
5140001116181,株式会社Ｂ＆Ｍ,兵庫県,神戸市灘区,五毛通３丁目２番１７号,6570814
5140001116603,株式会社フィルムズ,兵庫県,神戸市灘区,森後町２丁目１−１,6570028
5140001117089,株式会社ＦＢＳ,兵庫県,神戸市灘区,摩耶海岸通１丁目１番５−１３０９号,6570855
5140001117386,株式会社ケイセイエン,兵庫県,神戸市灘区,大内通１丁目３番９−１０１号,6570833
5140001119102,ＫＯＢＥ　Ｌａ・ｊｅｍｍｅ株式会社,兵庫県,神戸市灘区,水道筋３丁目３番３号キクヤビル２０１,6570831
5140001119267,株式会社夢叶建設,兵庫県,神戸市灘区,大石北町７−４−１Ｆ,6570843
5140001120002,株式会社サカベ,兵庫県,神戸市灘区,摩耶埠頭１番１神戸港運会館ビル２階２１３号,6570854
5140001120489,株式会社ＨＡＮＣＵＬＡ,兵庫県,神戸市灘区,水道筋２丁目１６番地の３,6570831
5140001120910,Ａｍｉａｒａ株式会社,兵庫県,神戸市灘区,長峰台１丁目６番２号,6570811
5140001121702,美ｓｈａｒｅ株式会社,兵庫県,神戸市灘区,森後町２丁目３番１１号ゴールドウッズ六甲ビル３階,6570028
5140001122196,株式会社摩耶設備,兵庫県,神戸市灘区,都通２丁目１番１２号,6570844
5140001123112,株式会社トランス,兵庫県,神戸市灘区,徳井町３丁目１番７号,6570033
5140001124168,株式会社ＧＢＬ　ＰＬＡＮ　ＪＡＰＡＮ,兵庫県,神戸市灘区,水道筋３丁目１１東嶋ビル２階,6570831
5140001124820,株式会社ｅ−ｎｅｘｔ,兵庫県,神戸市灘区,六甲町４丁目２番１８号,6570053
5140001125141,株式会社松寅,兵庫県,神戸市灘区,王子町１丁目１−３,6570838
5140001126222,株式会社山楽,兵庫県,神戸市灘区,永手町３丁目４番３号,6570027
5140001126668,株式会社Ｂｉｌｄ　Ｂｒａｎｃｈｅｎ,兵庫県,神戸市灘区,将軍通２丁目１−３,6570058
5140001126676,株式会社ふわぼわ,兵庫県,神戸市灘区,摩耶海岸通２丁目３番５−５１２号,6570855
5140001126998,株式会社ライトリーフ,兵庫県,神戸市灘区,船寺通４丁目２番８号,6570842
5140001128078,株式会社ワンショット,兵庫県,神戸市灘区,深田町２丁目３番３号,6570038
5140001128243,八達商事株式会社,兵庫県,神戸市灘区,鶴甲５丁目１番５０−２０２号,6570011
5140001128581,やまて建設株式会社,兵庫県,神戸市灘区,城内通４丁目２番３４号,6570836
5140001129555,コマプロパティーズ株式会社,兵庫県,神戸市灘区,城内通２丁目１番２６号,6570836
5140001130273,株式会社スマイリー,兵庫県,神戸市灘区,六甲町４丁目１番１１号,6570053
5140001130637,株式会社Ｄ’ｓ　ＡＳＳＥＴＳ,兵庫県,神戸市灘区,高羽町３丁目１２番２号,6570023
5140001130942,株式会社おんげん,兵庫県,神戸市灘区,灘南通３丁目１番２５−１０２号,6570841
5140001131156,株式会社ブランディア,兵庫県,神戸市灘区,八幡町１丁目２−３６,6570051
5140001131486,株式会社笠井商会,兵庫県,神戸市灘区,大石東町３丁目４番８号,6570043
5140001131692,株式会社ココビビＨＯＭＥ,兵庫県,神戸市灘区,城内通５丁目１番６号,6570836
5140001131759,株式会社ハミングテック,兵庫県,神戸市灘区,篠原伯母野山町３丁目１６番１１号,6570015
5140001132030,株式会社ＫＡＭＩ‐ＤＥＮ,兵庫県,神戸市灘区,大石東町５丁目４−４コスモ灘公園通りＢ棟４１３号,6570043
5140001132385,あだちまさとき医療サービス株式会社,兵庫県,神戸市灘区,篠原北町３丁目１４番１２−１１０３号,6570068
5140001132419,株式会社御影エリタージュ,兵庫県,神戸市灘区,篠原北町２丁目４番２１号,6570068
5140001132468,株式会社建,兵庫県,神戸市灘区,五毛通３丁目２番１７号,6570814
5140001133012,株式会社総合建設二,兵庫県,神戸市灘区,楠丘町３丁目１番８２０号,6570024
5140001133672,株式会社アークワークス,兵庫県,神戸市灘区,岩屋中町４丁目４番３０号,6570845
5140001133730,株式会社三興,兵庫県,神戸市灘区,水道筋５丁目３番２号,6570831
5140001134844,株式会社Ｍ．ＴＯＭＩＴＡ,兵庫県,神戸市灘区,高尾通４丁目１番２５−１０４号,6570813
5140001134869,株式会社造形工匠,兵庫県,神戸市灘区,篠原中町３丁目４番６−１Ｆ,6570066
5140001135330,株式会社ＣＯＲＳＡ,兵庫県,神戸市灘区,篠原北町２丁目１番９号,6570068
5140001135413,株式会社ＳＰＬ,兵庫県,神戸市灘区,大内通６丁目２番１３号,6570833
5140001135470,株式会社Ｕ,兵庫県,神戸市灘区,六甲台町６番１３−７０１号,6570013
5140001136122,株式会社ジュンコウ技研,兵庫県,神戸市灘区,篠原南町６丁目９番２５号ザ・パークハウス六甲篠原８０３号室,6570059
5140001136279,株式会社ウィズ,兵庫県,神戸市灘区,高尾通１丁目１番１７号,6570813
5140001136535,テック下枝株式会社,兵庫県,神戸市灘区,六甲町４丁目１番１５号２階,6570053
5140001136824,泓賛株式会社,兵庫県,神戸市灘区,中郷町２丁目３番１１号,6570032
5140001136865,株式会社Ｙ’ｓ　Ｓｔｕｄｉｏ,兵庫県,神戸市灘区,琵琶町２丁目３番６号,6570041
5140001137153,ＧＭＴジャパン株式会社,兵庫県,神戸市灘区,大土平町１丁目４番１１−７０５号,6570014
5140001137938,株式会社ｔｒｕｓｔ　ｇｒｏｕｐ,兵庫県,神戸市灘区,森後町１丁目３番１７−１００１号,6570028
5140001138135,株式会社ＳＵＩ‐ＲＹＵ,兵庫県,神戸市灘区,篠原北町１丁目８番１１−２０６号,6570068
5140001138218,松柏長青株式会社,兵庫県,神戸市灘区,原田通３丁目７番１１−２０５号,6570837
5140001138259,株式会社Ｐｉｋｏｎａコーポレーション,兵庫県,神戸市灘区,上河原通３丁目４番１４号,6570055
5140001138366,株式会社Ａｒｃ,兵庫県,神戸市灘区,篠原南町４丁目５番２号,6570059
5140001138713,株式会社ウイン,兵庫県,神戸市灘区,備後町５丁目３番１−１００１号,6570037
5140001138845,株式会社フラックスブルーム,兵庫県,神戸市灘区,摩耶海岸通１丁目１番３−８０２号,6570855
5140001139265,Ｊ＆Ｈ株式会社,兵庫県,神戸市灘区,記田町５丁目１番５−２号,6570034
5140001139298,株式会社福羅,兵庫県,神戸市灘区,灘南通１丁目３番２３号,6570841
5140001139406,株式会社ＨｏｒｉＨｏｒｉ,兵庫県,神戸市灘区,高尾通４丁目２番１７−５０７号,6570813
5140001139579,株式会社Ｔｉｇｅｒ,兵庫県,神戸市灘区,桜口町４丁目４番４−１１０２号,6570036
5140001139604,ＮＥＳＴＡ株式会社,兵庫県,神戸市灘区,船寺通５丁目４番１６−３０２号,6570842
5140001139703,株式会社ＩＧＡ　ＦＯＯＤＳ,兵庫県,神戸市灘区,森後町２丁目１番地９号３Ｆ,6570028
5140001139728,杭荀株式会社,兵庫県,神戸市灘区,篠原台２３番６号,6570016
5140001140165,株式会社ラヴィミュー,兵庫県,神戸市灘区,篠原中町６丁目５番２１−２０４号,6570066
5140001140652,株式会社Ｇｒｏｗ　Ｕｐ　Ａｇｒｉ,兵庫県,神戸市灘区,鶴甲３丁目１２番４０−６２３号,6570011
5140001141329,株式会社ＯＦＡコンサルティング,兵庫県,神戸市灘区,篠原南町７丁目６−１−９０２,6570059
5140001142046,株式会社千登,兵庫県,神戸市灘区,六甲山町南六甲１０３４番地の４６,6570101
5140001142252,株式会社Ｈｏｋｕｓｈｉｎ,兵庫県,神戸市灘区,都通１丁目１番１８号ロイヤルビル都通２０１,6570844
5140001142475,株式会社アンコア,兵庫県,神戸市灘区,水道筋６丁目３−１ＩＭビル５階,6570831
5140002015399,株式会社潘兄弟貿易公司,兵庫県,神戸市灘区,灘南通４丁目１−１３,6570841
5140002019986,株式会社エービーシー薬局,兵庫県,神戸市灘区,深田町３丁目１番２４号,6570038
5140002020746,株式会社パル,兵庫県,神戸市灘区,新在家南町１丁目２番２号サザンモールセカンドストリート２Ｆ,6570864
5140002022619,株式会社アシスト・ユー,兵庫県,神戸市灘区,都通１丁目１番１８号,6570844
5140002023591,エィ・ティー・ワイ株式会社,兵庫県,神戸市灘区,摩耶埠頭１番地,6570854
5140002027262,株式会社六甲グローバル,兵庫県,神戸市灘区,大月台１番地の５７,6570017
5140003000796,株式会社米田商店,兵庫県,神戸市灘区,味泥町７番２９号,6570851
5240001051542,株式会社モーコテン,兵庫県,神戸市灘区,高尾通４丁目５番３号,6570813
5270001007277,Ｌｏｔｕｓ株式会社,兵庫県,神戸市灘区,楠丘町６丁目９番１０号,6570024
5290001026671,株式会社シーエムエス,兵庫県,神戸市灘区,篠原中町２丁目４番２０号,6570066
5360001018819,株式会社キャクス,兵庫県,神戸市灘区,烏帽子町２丁目３番５号烏帽子ハイツ六甲１０５号,6570042
6010401142293,クオンタムリープ・キャピタル・パートナーズ株式会社,兵庫県,神戸市灘区,城内通２丁目１番２６号,6570836
6011001152591,株式会社ｆｉｉｋａ　ｐｒｏｄｕｃｔｓ,兵庫県,神戸市灘区,友田町４丁目３番１１号２階,6570035
6011101056602,株式会社ロータス,兵庫県,神戸市灘区,篠原中町３丁目４番１３−１０２号,6570066
6120001070017,株式会社プラスコミュニケーションズ,兵庫県,神戸市灘区,曾和町１丁目２番１６号ペア・ドルチェ六甲１０２号,6570063
6120001104113,株式会社イール,兵庫県,神戸市灘区,備後町４丁目１番２−１４０１号,6570037
6120001128995,株式会社創彩,兵庫県,神戸市灘区,備後町５丁目３−１,6570037
6120001172507,株式会社オフィスＡＹＡ,兵庫県,神戸市灘区,森後町１丁目３番１７−６０２号,6570028
6120001191580,株式会社ＭＭテクノロジー,兵庫県,神戸市灘区,箕岡通４丁目２番２６号,6570812
6120001228192,株式会社Ｔｒｉｎｉｔｙ,兵庫県,神戸市灘区,水道筋５丁目２番１０−７０３号,6570831
6120001248158,ＧＫトランスポート株式会社,兵庫県,神戸市灘区,摩耶埠頭２番地１,6570854
6120001261986,関西フーズ株式会社,兵庫県,神戸市灘区,稗原町１丁目４番１６号,6570054
6122001027566,萬理産業株式会社,兵庫県,神戸市灘区,深田町４丁目１番１号,6570038
6130001064364,株式会社柏和,兵庫県,神戸市灘区,大石東町４丁目５番１８号メゾン・ド・平岡２番館１階１Ａ号室,6570043
6140001001556,株式会社三高,兵庫県,神戸市灘区,摩耶埠頭１番地,6570854
6140001001886,大成ハウジング株式会社,兵庫県,神戸市灘区,日尾町３丁目１番８号,6570029
6140001002570,株式会社ミウラ,兵庫県,神戸市灘区,摩耶埠頭一番地,6570854
6140001002587,株式会社水野,兵庫県,神戸市灘区,森後町２丁目３番２２号,6570028
6140001002595,株式会社アッシュキューブ,兵庫県,神戸市灘区,原田通３丁目７番８号,6570837
6140001002967,株式会社アスカ,兵庫県,神戸市灘区,一王山町１３番２９号,6570012
6140001002983,株式会社アトリエ・セツ,兵庫県,神戸市灘区,楠丘町４丁目６番８号,6570024
6140001002991,アメニティマルハ株式会社,兵庫県,神戸市灘区,岸地通５丁目２番１２号,6570832
6140001003008,株式会社池田真珠,兵庫県,神戸市灘区,六甲台町７番２２号,6570013
6140001003016,株式会社石田商店,兵庫県,神戸市灘区,新在家南町２丁目４番１１号,6570864
6140001003024,株式会社Ｓａｔｏｒｉａ・Ｉｎｔｅｒｎａｔｉｏｎａｌ,兵庫県,神戸市灘区,永手町２丁目２番２７号,6570027
6140001003032,株式会社インダストリアルサービス・インターナショナル,兵庫県,神戸市灘区,岩屋中町４丁目２番７号,6570845
6140001003040,株式会社いのべ,兵庫県,神戸市灘区,高徳町６丁目３番１４号,6570025
6140001003049,岩本電気株式会社,兵庫県,神戸市灘区,篠原伯母野山町３丁目３番４号,6570015
6140001003057,植田興産株式会社,兵庫県,神戸市灘区,神ノ木通３丁目６番２３号,6570057
6140001003065,潮建設株式会社,兵庫県,神戸市灘区,泉通２丁目１５番１−３０４号,6570834
6140001003081,栄和興業株式会社,兵庫県,神戸市灘区,篠原南町５丁目１番２号,6570059
6140001003098,株式会社ＮＳＫＫホールディングス,兵庫県,神戸市灘区,船寺通４丁目６番１０号,6570842
6140001003156,株式会社オリエンタルアクエリアム,兵庫県,神戸市灘区,大石南町３丁目４番５号,6570852
6140001003197,株式会社かなめ運送,兵庫県,神戸市灘区,岩屋中町１丁目１番１号,6570845
6140001003206,河嶋通信工業株式会社,兵庫県,神戸市灘区,下河原通２丁目２番１４号,6570045
6140001003214,基興住宅販売株式会社,兵庫県,神戸市灘区,烏帽子町３丁目４番１５号,6570042
6140001003230,株式会社きたむら,兵庫県,神戸市灘区,森後町２丁目１番８号,6570028
6140001003239,協栄商事株式会社,兵庫県,神戸市灘区,土山町３番３号,6570022
6140001003247,株式会社教文館,兵庫県,神戸市灘区,稗原町２丁目１番２６８号,6570054
6140001003271,株式会社クリス,兵庫県,神戸市灘区,烏帽子町３丁目４番１５号,6570042
6140001003305,ケンコーマヨネーズ株式会社,兵庫県,神戸市灘区,都通３丁目３番１６号,6570844
6140001003321,コーシンインターナショナル株式会社,兵庫県,神戸市灘区,宮山町１丁目１番１０号,6570065
6140001003338,甲南化成株式会社,兵庫県,神戸市灘区,高羽町５丁目９番２号,6570023
6140001003370,株式会社児島電気商会,兵庫県,神戸市灘区,灘南通４丁目１番２７号,6570841
6140001003379,小山産業株式会社,兵庫県,神戸市灘区,大石南町３丁目３番１６号,6570852
6140001003387,株式会社五乙女,兵庫県,神戸市灘区,一王山町８番１２号５０１号,6570012
6140001003404,株式会社三共設備設計事務所,兵庫県,神戸市灘区,城内通４丁目３番４号,6570836
6140001003412,株式会社サン食品販売,兵庫県,神戸市灘区,鶴甲３丁目１２番１２号,6570011
6140001003420,株式会社サン・ニックス,兵庫県,神戸市灘区,新在家南町１丁目２番１号,6570864
6140001003429,サンパル土地住宅株式会社,兵庫県,神戸市灘区,八幡町１丁目５番８号,6570051
6140001003437,株式会社サルード,兵庫県,神戸市灘区,宮山町３丁目３番２７−４０３号,6570065
6140001003445,株式会社サワノツル・フーズ,兵庫県,神戸市灘区,新在家南町５丁目１番２号,6570864
6140001003453,ジェットミックス工業株式会社,兵庫県,神戸市灘区,岸地通１丁目５番６号コラボＫ−１,6570832
6140001003461,神港交易株式会社,兵庫県,神戸市灘区,楠丘町５丁目６番６号,6570024
6140001003486,エヌアイシー物流株式会社,兵庫県,神戸市灘区,摩耶埠頭１番地１神戸港運会館ビル２Ｆ,6570854
6140001003503,清水運輸作業株式会社,兵庫県,神戸市灘区,灘浜町地先山九摩耶倉庫内,6570853
6140001003528,趣美園株式会社,兵庫県,神戸市灘区,弓木町５丁目３番１４号,6570026
6140001003560,鈴木清見株式会社,兵庫県,神戸市灘区,船寺通２丁目５番６号,6570842
6140001003569,株式会社制考社,兵庫県,神戸市灘区,城内通１丁目５番４号,6570836
6140001003585,摂津興業株式会社,兵庫県,神戸市灘区,味泥町３番２１号,6570851
6140001003593,崇暉貿易株式会社,兵庫県,神戸市灘区,岩屋北町４丁目３番３２号,6570846
6140001003602,アイサステナ株式会社,兵庫県,神戸市灘区,楠丘町４丁目２番８−３０２号,6570024
6140001003619,大昌興産株式会社,兵庫県,神戸市灘区,宮山町１丁目２番２３号,6570065
6140001003643,竹内工業株式会社,兵庫県,神戸市灘区,天城通７丁目４番１４号,6570823
6140001003676,株式会社田村工務店,兵庫県,神戸市灘区,桜口町２丁目２番６号,6570036
6140001003684,中外電気工事株式会社,兵庫県,神戸市灘区,泉通６丁目２番４号,6570834
6140001003701,ディフェンコートジャパン株式会社,兵庫県,神戸市灘区,宮山町３丁目１番１８号トーカン六甲キャステール２０６号,6570065
6140001003734,東洋物産株式会社,兵庫県,神戸市灘区,土山町１３番３号,6570022
6140001003767,中西冷蔵株式会社,兵庫県,神戸市灘区,記田町５丁目２番１３号,6570034
6140001003775,株式会社中山工務店不動産部,兵庫県,神戸市灘区,天城通８丁目１番１２号,6570823
6140001003809,株式会社西村工務店,兵庫県,神戸市灘区,天城通１丁目５番２０号,6570823
6140001003817,日華食品株式会社,兵庫県,神戸市灘区,岩屋北町４丁目３番３３号,6570846
6140001003833,日東化成株式会社,兵庫県,神戸市灘区,八幡町２丁目９番１５号,6570051
6140001003841,日米珈琲株式会社,兵庫県,神戸市灘区,灘南通６丁目２番２０号,6570841
6140001003866,株式会社ハートレ,兵庫県,神戸市灘区,日尾町２丁目２番７号,6570029
6140001003882,株式会社長谷川商会,兵庫県,神戸市灘区,篠原中町３丁目７番１５号,6570066
6140001003890,阪神フオワーデイング株式会社,兵庫県,神戸市灘区,薬師通１丁目４番１２号,6570815
6140001003899,株式会社はなくま,兵庫県,神戸市灘区,王子町１丁目３番１８号,6570838
6140001003908,株式会社春山組,兵庫県,神戸市灘区,一王山町８番１１号,6570012
6140001003916,東田木材株式会社,兵庫県,神戸市灘区,記田町５丁目１番１号,6570034
6140001003957,株式会社フカミ,兵庫県,神戸市灘区,畑原通２丁目２番２号,6570822
6140001004006,株式会社ベストカンパニー,兵庫県,神戸市灘区,灘南通１丁目３番２３号,6570841
6140001004014,株式会社宝光堂,兵庫県,神戸市灘区,天城通５丁目３番２１号,6570823
6140001004022,ホームスペースパル株式会社,兵庫県,神戸市灘区,篠原南町３丁目２番１６号,6570059
6140001004030,星野電工株式会社,兵庫県,神戸市灘区,備後町２丁目２番４号,6570037
6140001004039,株式会社ＳＲクリーニング,兵庫県,神戸市灘区,味泥町８番２６号,6570851
6140001004047,まごころ商事株式会社,兵庫県,神戸市灘区,大石東町６丁目４番２７号,6570043
6140001004055,株式会社マスト,兵庫県,神戸市灘区,赤松町２丁目３番１６号,6570061
6140001004088,丸島工業株式会社,兵庫県,神戸市灘区,岩屋中町４丁目２番１０号,6570845
6140001004113,みづほ株式会社,兵庫県,神戸市灘区,篠原中町２丁目１番１４号,6570066
6140001004121,みぬめ酒販株式会社,兵庫県,神戸市灘区,岩屋中町４丁目２番３号,6570845
6140001004138,株式会社無量技研,兵庫県,神戸市灘区,楠丘町１丁目２番３号５０Ａ,6570024
6140001004146,明輝産業株式会社,兵庫県,神戸市灘区,永手町４丁目３番１５号,6570027
6140001004162,株式会社森川工務店,兵庫県,神戸市灘区,高徳町４丁目２番１８号,6570025
6140001004170,株式会社森本,兵庫県,神戸市灘区,楠丘町１丁目４番５号,6570024
6140001004179,八幡オイル株式会社,兵庫県,神戸市灘区,八幡町２丁目５番１２号,6570051
6140001004187,株式会社ヤマデン,兵庫県,神戸市灘区,水道筋５丁目２番４号,6570831
6140001004195,株式会社山本組,兵庫県,神戸市灘区,篠原中町１丁目１番３−１０３号,6570066
6140001004220,吉田土木株式会社,兵庫県,神戸市灘区,神前町３丁目９番１１号,6570052
6140001004253,リツチライフ株式会社,兵庫県,神戸市灘区,山田町３丁目２番６号,6570064
6140001004261,株式会社ルビアンコーヒー,兵庫県,神戸市灘区,船寺通３丁目２番８号,6570842
6140001004286,株式会社六甲歯研,兵庫県,神戸市灘区,永手町１丁目１番１８７号,6570027
6140001004294,六甲酒販株式会社,兵庫県,神戸市灘区,山田町３丁目２番１８号,6570064
6140001004311,神戸解体工業株式会社,兵庫県,神戸市灘区,八幡町１丁目９番７号,6570051
6140001004336,株式会社神戸塗装舗,兵庫県,神戸市灘区,鶴甲２丁目１４番１４号,6570011
6140001005978,株式会社日烏,兵庫県,神戸市灘区,都通４丁目１番１８号,6570844
6140001006407,益順貿易株式会社,兵庫県,神戸市灘区,八幡町４丁目９番１９号,6570051
6140001006497,エフ・ジー・コーポレーション株式会社,兵庫県,神戸市灘区,青谷町４丁目８番３４号,6570805
6140001006530,エム・ケイ・オ株式会社,兵庫県,神戸市灘区,篠原台７−４,6570016
6140001006654,株式会社大橋写真館,兵庫県,神戸市灘区,永手町１丁目４番５号,6570027
6140001006860,株式会社美熊,兵庫県,神戸市灘区,日尾町２丁目２番８号,6570029
6140001006893,株式会社笠原装備店,兵庫県,神戸市灘区,箕岡通４丁目４番２２号,6570812
6140001007702,株式会社コノミ,兵庫県,神戸市灘区,岩屋中町５丁目２番３３号,6570845
6140001007719,コベルコソフトサービス株式会社,兵庫県,神戸市灘区,岩屋中町４丁目２番７号シマブンビル,6570845
6140001008840,ゼネラル産業株式会社,兵庫県,神戸市灘区,山田町２丁目４番１号,6570064
6140001009137,大和光株式会社,兵庫県,神戸市灘区,新在家南町４丁目１５番５号,6570864
6140001009285,株式会社チェック,兵庫県,神戸市灘区,大月台１番地の７７,6570017
6140001009772,株式会社中川屋靴店,兵庫県,神戸市灘区,摩耶海岸通１丁目３−３−５０８号,6570855
6140001010730,平和株式会社,兵庫県,神戸市灘区,新在家北町１丁目１番３０号,6570861
6140001011159,エース・ワン株式会社,兵庫県,神戸市灘区,桜口町２丁目３番１１号,6570036
6140001011662,株式会社バッテリーメンテナンスサービス,兵庫県,神戸市灘区,大石東町５丁目８番１号東和ビルディングＩＩ１０５号,6570043
6140001011712,株式会社ランドスケープ,兵庫県,神戸市灘区,泉通１丁目３番１１号,6570834
6140001012000,神戸シッピング株式会社,兵庫県,神戸市灘区,灘北通１０丁目１番８号,6570835
6140001014764,株式会社アシスト,兵庫県,神戸市灘区,篠原伯母野山町２丁目１番１−２０１号,6570015
6140001016637,株式会社ネツトワーク,兵庫県,神戸市灘区,六甲町１丁目６番１９−７０１号,6570053
6140001017651,大協海運株式会社,兵庫県,神戸市灘区,摩耶埠頭１番１神戸港運会館ビル２１１号室,6570854
6140001018996,伊藤ハム株式会社,兵庫県,神戸市灘区,備後町３丁目２番１号,6570037
6140001019268,株式会社カバラ,兵庫県,神戸市灘区,長峰台２丁目１番３号,6570811
6140001020085,株式会社アールクリエーション,兵庫県,神戸市灘区,岩屋中町５丁目２番２１−１４０５号,6570845
6140001020192,株式会社タフリーインターナショナル,兵庫県,神戸市灘区,大石南町２丁目２番１２号,6570852
6140001020432,メンテジャパン株式会社,兵庫県,神戸市灘区,岩屋北町４丁目５番２０号,6570846
6140001020564,株式会社ベス,兵庫県,神戸市灘区,岩屋北町４丁目３番５０−６０３号,6570846
6140001020820,株式会社リスト・サービス,兵庫県,神戸市灘区,宮山町３丁目３番２７−２０２号,6570065
6140001021892,株式会社栄興,兵庫県,神戸市灘区,摩耶埠頭１番摩耶業務センタービル２０６号,6570854
6140001021901,株式会社リード,兵庫県,神戸市灘区,大内通６丁目２番５−１号,6570833
6140001022098,株式会社サンライズ,兵庫県,神戸市灘区,船寺通４丁目５番１６号,6570842
6140001022288,株式会社スリーウェイ,兵庫県,神戸市灘区,城内通４丁目４番２号,6570836
6140001022370,株式会社リブプロフェッション,兵庫県,神戸市灘区,神前町１丁目１番７号,6570052
6140001022503,神戸ミートサプライ株式会社,兵庫県,神戸市灘区,鶴甲３丁目１３番４１号,6570011
6140001022916,株式会社アクロスジャパン,兵庫県,神戸市灘区,船寺通２丁目３番１７号,6570842
6140001023550,オールコーポレーション株式会社,兵庫県,神戸市灘区,篠原本町５丁目６番２号,6570067
6140001023740,灘貨物運輸株式会社,兵庫県,神戸市灘区,六甲町２丁目５番１８−２０４号,6570053
6140001023749,株式会社システム化建,兵庫県,神戸市灘区,王子町１丁目１−１１−５０５,6570838
6140001024029,株式会社恵和住設工業,兵庫県,神戸市灘区,大石東町４丁目６番２２号,6570043
6140001024086,トータルインシュアランスサービス株式会社,兵庫県,神戸市灘区,摩耶埠頭業務センタービル５０５,6570854
6140001024136,伸栄工業株式会社,兵庫県,神戸市灘区,岩屋中町５丁目１番１０号,6570845
6140001025209,平和物産株式会社,兵庫県,神戸市灘区,味泥町６番１号,6570851
6140001025217,株式会社和功,兵庫県,神戸市灘区,楠丘町６丁目９−１４楠ケ丘ジェム２０５,6570024
6140001025266,株式会社スリースターズ,兵庫県,神戸市灘区,五毛通４丁目１番２１号,6570814
6140001025514,神戸建設株式会社,兵庫県,神戸市灘区,城の下通３丁目８番１−３０８号,6570804
6140001025555,株式会社ラルゴコンサルト,兵庫県,神戸市灘区,深田町４丁目１番１号,6570038
6140001025695,株式会社豆藤,兵庫県,神戸市灘区,原田通１丁目１番１５号,6570837
6140001025712,株式会社ツモロー,兵庫県,神戸市灘区,琵琶町１丁目７番７号,6570041
6140001025844,株式会社ローブ・ニシジマ,兵庫県,神戸市灘区,記田町２丁目１番２号,6570034
6140001025919,株式会社オンリーワン,兵庫県,神戸市灘区,永手町５丁目２番９号,6570027
6140001025943,日産梱包株式会社,兵庫県,神戸市灘区,城内通５丁目１番１−５０１号,6570836
6140001026017,株式会社関西ビジネスコンサルティング,兵庫県,神戸市灘区,備後町５丁目３番１−３０７号,6570037
6140001026033,株式会社Ｐ・Ｍ・Ｃ,兵庫県,神戸市灘区,長峰台２丁目４番２２号,6570811
6140001026314,株式会社ふれんど,兵庫県,神戸市灘区,篠原本町３丁目３番１５号,6570067
6140001026462,株式会社てらかわ,兵庫県,神戸市灘区,篠原台７−４,6570016
6140001026636,株式会社サポートエム,兵庫県,神戸市灘区,高徳町１丁目２番１３号,6570025
6140001026784,株式会社創辰,兵庫県,神戸市灘区,六甲町２丁目１番６−６０３号,6570053
6140001027436,株式会社アスモ,兵庫県,神戸市灘区,国玉通２丁目８番３号,6570816
6140001027469,株式会社灘工芸,兵庫県,神戸市灘区,備後町１丁目１番４号,6570037
6140001027832,株式会社ライフスタッフ,兵庫県,神戸市灘区,水道筋６丁目４番１３号,6570831
6140001027857,セコムフォートウエスト株式会社,兵庫県,神戸市灘区,篠原北町３丁目１１番１４号,6570068
6140001028120,株式会社あに・ぷろ,兵庫県,神戸市灘区,城内通２丁目１番１８号,6570836
6140001028599,株式会社Ｆｏｕｒ　ＫＩＤＳ　Ｊａｐａｎ,兵庫県,神戸市灘区,神前町３丁目８番１号,6570052
6140001028772,株式会社西川企画,兵庫県,神戸市灘区,岩屋北町７丁目１番３０−６０７号,6570846
6140001028946,株式会社ＡＱＵＡ　Ｄｅｓｉｇｎ,兵庫県,神戸市灘区,新在家北町１丁目３番２０号,6570861
6140001029151,株式会社山清興産,兵庫県,神戸市灘区,岩屋北町２丁目１番８号,6570846
6140001029432,株式会社広居,兵庫県,神戸市灘区,岩屋中町３丁目１番１２−６０４号,6570845
6140001029655,株式会社明野マネジメントオフィス,兵庫県,神戸市灘区,水道筋１丁目８番地の２−９０１号室,6570831
6140001030266,株式会社大成起工,兵庫県,神戸市灘区,新在家南町５丁目１２−８,6570864
6140001030282,株式会社ＡＵＮ,兵庫県,神戸市灘区,琵琶町１丁目６番２０号,6570041
6140001030398,株式会社マネー・コントロール,兵庫県,神戸市灘区,大和町３丁目１番１３号,6570031
6140001030555,株式会社天城,兵庫県,神戸市灘区,天城通４丁目１番１５号,6570823
6140001030720,株式会社ジュエリー貴樹,兵庫県,神戸市灘区,六甲山町北六甲４５１２−８０８,6570101
6140001030836,株式会社かむろ,兵庫県,神戸市灘区,六甲町１丁目２番１８号,6570053
6140001030935,株式会社エースエレメント,兵庫県,神戸市灘区,六甲台町７番１９−１０４号八木谷方,6570013
6140001031223,阪神ホーム株式会社,兵庫県,神戸市灘区,福住通３丁目１番１０号,6570824
6140001031231,株式会社裕雅,兵庫県,神戸市灘区,薬師通４丁目１番３号,6570815
6140001031504,株式会社トノモリ,兵庫県,神戸市灘区,岩屋北町１丁目５−２０,6570846
6140001031553,株式会社保険プランニング,兵庫県,神戸市灘区,森後町１丁目３−１９−１Ｃ,6570028
6140001032130,ＥＳシステム株式会社,兵庫県,神戸市灘区,天城通１丁目４−１７,6570823
6140001032270,株式会社グローバルＩＴネット,兵庫県,神戸市灘区,友田町４丁目１番８号三木谷ビル１階,6570035
6140001032510,株式会社明樹,兵庫県,神戸市灘区,六甲台町８番４７−１０５号,6570013
6140001032568,株式会社トータル,兵庫県,神戸市灘区,灘南通１丁目３番２３号,6570841
6140001032931,神戸延原株式会社,兵庫県,神戸市灘区,鶴甲２丁目６番１号,6570011
6140001033070,株式会社こうべ保健サービス,兵庫県,神戸市灘区,水道筋６丁目５番１０号,6570831
6140001033178,株式会社バグーピコ,兵庫県,神戸市灘区,浜田町３丁目２番５−４０１,6570862
6140001033186,株式会社山一エステート,兵庫県,神戸市灘区,下河原通３丁目２番２５号,6570045
6140001033888,株式会社アクア人材サーチ,兵庫県,神戸市灘区,篠原台１７番５号,6570016
6140001034283,株式会社童夢,兵庫県,神戸市灘区,篠原北町１丁目２番３号,6570068
6140001038053,株式会社ファーストコート,兵庫県,神戸市灘区,中原通２丁目５番１３号５０１,6570825
6140001038177,株式会社アイサポート,兵庫県,神戸市灘区,五毛通１丁目５番５−３０３号,6570814
6140001038193,株式会社エル・グルーヴ,兵庫県,神戸市灘区,水道筋２丁目３３番地の１、９０２号,6570831
6140001042162,株式会社メディア神戸,兵庫県,神戸市灘区,徳井町４丁目３番６号,6570033
6140001042179,株式会社ジオコーポレーション,兵庫県,神戸市灘区,桜ケ丘町１５番６５−２０１号,6570021
6140001042253,シマブンオフィスサポート株式会社,兵庫県,神戸市灘区,岩屋中町４丁目２番７号,6570845
6140001055107,株式会社安曇野,兵庫県,神戸市灘区,深田町３丁目３番１号,6570038
6140001057094,株式会社メカニックフォース,兵庫県,神戸市灘区,友田町４丁目２番１５−７０１号,6570035
6140001067589,株式会社ウィネット,兵庫県,神戸市灘区,摩耶海岸通１丁目１番２−７０８号,6570855
6140001067705,株式会社たくみ建装,兵庫県,神戸市灘区,大石東町３丁目４−６,6570043
6140001077869,Ｓｏｇｎｉ　Ｄｕｅ株式会社,兵庫県,神戸市灘区,岩屋中町５丁目２番３３号万葉ハイツ灘６０２,6570845
6140001083768,株式会社オーシャンブリーズ,兵庫県,神戸市灘区,永手町５丁目４番１６号タツミビルディングＩＩ１階Ｂ,6570027
6140001086399,株式会社ライフ,兵庫県,神戸市灘区,鹿ノ下通１丁目４−８シティ六甲Ｒ２ビル２０２,6570044
6140001086424,株式会社大谷造園サービス店,兵庫県,神戸市灘区,大石東町６丁目４番１３号,6570043
6140001087133,フルイートエンジ株式会社,兵庫県,神戸市灘区,天城通３丁目４番５号,6570823
6140001087505,神戸アーキテクチャ株式会社,兵庫県,神戸市灘区,長峰台２丁目４番１７号,6570811
6140001088593,嶋田ビル株式会社,兵庫県,神戸市灘区,森後町３丁目１番７−７０１号,6570028
6140001088973,株式会社ＲＩＮＧ,兵庫県,神戸市灘区,永手町４丁目２番１号フォレスタ六甲１階１２６号,6570027
6140001089393,安穏株式会社,兵庫県,神戸市灘区,水道筋２丁目３番５号,6570831
6140001090137,株式会社Ｍｅｌｅ,兵庫県,神戸市灘区,大石東町５丁目４−４コスモ灘公園通りＢ棟７１３号,6570043
6140001090335,株式会社ソルボックス,兵庫県,神戸市灘区,摩耶海岸通１丁目３−５,6570855
6140001090459,株式会社ＭＭＡサービス,兵庫県,神戸市灘区,城内通１丁目４番１２号メゾン西灘５０２,6570836
6140001090582,株式会社オートナビ,兵庫県,神戸市灘区,八幡町２丁目１３番３号−１０１号,6570051
6140001090632,株式会社ミュージック・オラトリー,兵庫県,神戸市灘区,永手町５丁目８番１６−４０３号,6570027
6140001090962,株式会社ＳＣテクノ,兵庫県,神戸市灘区,岩屋中町４丁目３番３号,6570845
6140001091589,株式会社神戸清輝開発,兵庫県,神戸市灘区,大和町４丁目５番２２号,6570031
6140001091779,ひかり不動産販売株式会社,兵庫県,神戸市灘区,王子町１丁目３番５号,6570838
6140001092546,株式会社光輝コーポレーション,兵庫県,神戸市灘区,中原通１丁目７番２号,6570825
6140001092967,株式会社創菜香,兵庫県,神戸市灘区,弓木町３丁目２番５号,6570026
6140001093511,株式会社ＭＴ　ＦＩＥＬＤ,兵庫県,神戸市灘区,永手町２丁目２番８号,6570027
6140001093899,株式会社未来,兵庫県,神戸市灘区,大内通２丁目５番７号Ｎ−ＣＵＢＥＩＩ１０１号,6570833
6140001094229,株式会社テクノ測量設計,兵庫県,神戸市灘区,大石南町１丁目２番１８号,6570852
6140001094328,株式会社モリシン,兵庫県,神戸市灘区,大石南町２丁目９番８号,6570852
6140001094336,株式会社４ｔｈ　Ａｖｅｎｕｅ,兵庫県,神戸市灘区,城内通４丁目７−２２号,6570836
6140001094815,株式会社ティーエーエム,兵庫県,神戸市灘区,曾和町２丁目２番２３号,6570063
6140001094914,株式会社有輝陸送,兵庫県,神戸市灘区,都通２丁目４番９号,6570844
6140001095045,株式会社マックシュー,兵庫県,神戸市灘区,大石東町３丁目４番１号,6570043
6140001095557,株式会社匠住建,兵庫県,神戸市灘区,天城通１丁目１番１０号,6570823
6140001095788,株式会社ブロックヘッドワークス,兵庫県,神戸市灘区,永手町３丁目４番２号２０１,6570027
6140001095821,株式会社ファーストコンセプト,兵庫県,神戸市灘区,篠原伯母野山町２丁目３番１−Ｂ７０５号,6570015
6140001096324,株式会社オープンツーエス,兵庫県,神戸市灘区,岸地通５丁目３番９号５０２号室,6570832
6140001096415,株式会社サンユー冷熱設備,兵庫県,神戸市灘区,備後町４丁目１番２−４０２号,6570037
6140001096836,株式会社日本総研,兵庫県,神戸市灘区,高尾通４丁目３番１５−５０７号,6570813
6140001097173,株式会社フレンド,兵庫県,神戸市灘区,篠原伯母野山町３丁目３番１９号セリーヌ六甲,6570015
6140001097413,株式会社あかつき,兵庫県,神戸市灘区,篠原北町１丁目４番８号,6570068
6140001097719,リッタク恒産株式会社,兵庫県,神戸市灘区,新在家北町１丁目１番３０号,6570861
6140001097850,株式会社山本木工製作所,兵庫県,神戸市灘区,永手町５丁目２番１４号,6570027
6140001099260,株式会社ＡＫＩＡＫＡＮＥ,兵庫県,神戸市灘区,山田町２丁目５−１５,6570064
6140001099558,アドウイン株式会社,兵庫県,神戸市灘区,六甲台町９番１−７０２号,6570013
6140001099764,マウントアセット株式会社,兵庫県,神戸市灘区,篠原南町６丁目８番１５号,6570059
6140001100250,株式会社セブンスランク,兵庫県,神戸市灘区,灘北通１丁目４番４号,6570835
6140001100993,アイプラック株式会社,兵庫県,神戸市灘区,大石東町６丁目６−１,6570043
6140001101199,株式会社兵協会館,兵庫県,神戸市灘区,岩屋北町７丁目２番２４号,6570846
6140001101802,株式会社ＲＥＮＥＳＡ,兵庫県,神戸市灘区,桜口町３丁目３番２２号,6570036
6140001101967,ＤＳＣ株式会社,兵庫県,神戸市灘区,大石東町４丁目７番４号,6570043
6140001102461,Ｔ＆Ｔリミテッド株式会社,兵庫県,神戸市灘区,千旦通３丁目１番１８号,6570056
6140001102651,株式会社テクノフィールド,兵庫県,神戸市灘区,岩屋北町４丁目３番１９−３０２号,6570846
6140001102783,株式会社いるみな,兵庫県,神戸市灘区,福住通３丁目２番１１号,6570824
6140001103063,株式会社とき,兵庫県,神戸市灘区,城内通４丁目７番１６号アイビスパーク３階,6570836
6140001103996,株式会社クロスレイ,兵庫県,神戸市灘区,森後町３丁目１番５号,6570028
6140001104276,株式会社雄建工業,兵庫県,神戸市灘区,土山町９番４号,6570022
6140001106355,株式会社ＫＩＳＩＸ,兵庫県,神戸市灘区,大石南町２丁目８番７号,6570852
6140001106669,株式会社南輝,兵庫県,神戸市灘区,備後町３丁目１番２３号７０１,6570037
6140001106727,ＦＡＩ株式会社,兵庫県,神戸市灘区,森後町２丁目３番１１号,6570028
6140001106909,株式会社カガワ,兵庫県,神戸市灘区,船寺通４丁目６番１０号,6570842
6140001106974,株式会社三樹,兵庫県,神戸市灘区,摩耶埠頭一番地,6570854
6140001107659,株式会社ＲＥＰＲＯＧＥＮ,兵庫県,神戸市灘区,八幡町２丁目１番２３号,6570051
6140001107691,株式会社けいとえす,兵庫県,神戸市灘区,赤松町２丁目２番１８号,6570061
6140001108038,株式会社ＳＡＩサポート,兵庫県,神戸市灘区,日尾町２丁目３番１７号,6570029
6140001108252,株式会社ハイクルワークス,兵庫県,神戸市灘区,篠原北町２丁目２番６−１０２,6570068
6140001109465,株式会社ＴＡＮＫＹ,兵庫県,神戸市灘区,篠原南町２丁目４番３号,6570059
6140001111826,株式会社高橋電気,兵庫県,神戸市灘区,岩屋中町３丁目１番２６号竹内マンション１階,6570845
6140001113491,株式会社ＡＩ,兵庫県,神戸市灘区,五毛通３丁目２番６号,6570814
6140001113814,株式会社ＦｏｒＣｕｓ,兵庫県,神戸市灘区,城内通２丁目４−９−２,6570836
6140001114060,株式会社サンライズＨＤ,兵庫県,神戸市灘区,城の下通２丁目４番２９号,6570804
6140001114457,株式会社予防美容Ａｖｉａｔｉｏｎ,兵庫県,神戸市灘区,神前町１丁目１番５号,6570052
6140001114564,株式会社司エステート,兵庫県,神戸市灘区,篠原北町３丁目９番２９号,6570068
6140001114622,株式会社ＡＬＴＥ,兵庫県,神戸市灘区,岩屋中町２丁目４−１４,6570845
6140001116040,マークス株式会社,兵庫県,神戸市灘区,箕岡通４丁目３番１０号,6570812
6140001116172,株式会社関興サービス,兵庫県,神戸市灘区,大石東町４丁目６−２−１Ｆ,6570043
6140001116692,株式会社杉山技建,兵庫県,神戸市灘区,摩耶海岸通１丁目１番２−１００５号,6570855
6140001116940,株式会社財田,兵庫県,神戸市灘区,篠原南町７丁目５番１９−４０５号,6570059
6140001118152,株式会社神代,兵庫県,神戸市灘区,新在家南町５丁目１の２２,6570864
6140001118160,株式会社ａｌｌｏｇｇｉｏ,兵庫県,神戸市灘区,弓木町３丁目２番１２号１Ｆ東,6570026
6140001118169,株式会社ＳＥＣＵＡＳ,兵庫県,神戸市灘区,友田町２丁目７−１５,6570035
6140001119308,株式会社ユーワークス,兵庫県,神戸市灘区,大石東町４丁目５番２７号,6570043
6140001119687,ＩＳＤ株式会社,兵庫県,神戸市灘区,城内通４丁目８番第２４号,6570836
6140001119951,株式会社バタフライアンドコー,兵庫県,神戸市灘区,土山町８番３５−４０５号,6570022
6140001120323,株式会社中山,兵庫県,神戸市灘区,灘南通５丁目５番２−１１０３号,6570841
6140001120389,株式会社Ｆｕｔｕｒｅ　Ｃａｎｖａｓ,兵庫県,神戸市灘区,赤坂通６丁目２番１４号リープラス赤坂１０３号室,6570821
6140001120637,神戸実業株式会社,兵庫県,神戸市灘区,六甲山町中一里山１番地４７,6570101
6140001121354,株式会社ＳＨ　ｃｏｍｐａｎｙ,兵庫県,神戸市灘区,大石北町４−７,6570843
6140001122022,株式会社フェイズ５,兵庫県,神戸市灘区,土山町７番４２−４０２号,6570022
6140001122105,株式会社Ｌ．Ｉ．Ｂ　Ｄｅｓｉｇｎ,兵庫県,神戸市灘区,篠原南町１丁目３番７号,6570059
6140001122484,株式会社Ｍｅｒｃｈａｎｔ,兵庫県,神戸市灘区,箕岡通１丁目６番１６号,6570812
6140001122550,株式会社かけはし,兵庫県,神戸市灘区,原田通２丁目１番１号テクノビル２Ｆ,6570837
6140001123152,ライノクリエイティブ株式会社,兵庫県,神戸市灘区,鶴甲１丁目５−３コート六甲鶴甲１００２,6570011
6140001123788,Ｏｆｆｉｃｅ三幸株式会社,兵庫県,神戸市灘区,原田通１丁目２番１１号マンション王子３０２号,6570837
6140001123879,株式会社岩成造園,兵庫県,神戸市灘区,天城通２丁目１番１２号,6570823
6140001123904,ムネインベスト株式会社,兵庫県,神戸市灘区,篠原本町３丁目２番３６号,6570067
6140001124365,株式会社ファインドバリュー,兵庫県,神戸市灘区,新在家南町３丁目３番２号,6570864
6140001124646,株式会社Ｔ’ｓ−ｓｔｙｌｅ,兵庫県,神戸市灘区,大石東町４丁目７番２号,6570043
6140001125033,株式会社ＯＮＤ,兵庫県,神戸市灘区,大石東町５丁目９番７号,6570043
6140001125099,株式会社ＨＴクリエイト,兵庫県,神戸市灘区,森後町２丁目２番２２−３０３号,6570028
6140001125867,株式会社Ｎｅｘｔ　Ｅｘｃｅｅｄ,兵庫県,神戸市灘区,桜口町５丁目１番１号ウェルブ六甲道５番街１番館１１８号,6570036
6140001125925,株式会社ｇｅｇｅ,兵庫県,神戸市灘区,篠原南町５丁目３番１１号,6570059
6140001126106,株式会社ファンブリッジ,兵庫県,神戸市灘区,福住通６丁目３番６号,6570824
6140001126386,株式会社ＥＡＴ,兵庫県,神戸市灘区,六甲山町一ケ谷１番地の１７,6570101
6140001126857,スターエージェンシー株式会社,兵庫県,神戸市灘区,永手町４丁目２番１号,6570027
6140001127954,株式会社ＳＫＹ　Ｈｉｇｈ,兵庫県,神戸市灘区,箕岡通１丁目６番２号,6570812
6140001128168,株式会社Ｍａｒｅ,兵庫県,神戸市灘区,琵琶町２丁目５−１８,6570041
6140001128738,ハイテックヘルスケアー株式会社,兵庫県,神戸市灘区,宮山町３丁目２−７グリーンハイツ六甲１０４号室,6570065
6140001128837,ＮＴＮ株式会社,兵庫県,神戸市灘区,灘南通６丁目１番８号ハイムタカバシ店舗Ｂ１号室,6570841
6140001129133,宅盤サポート株式会社,兵庫県,神戸市灘区,畑原通３丁目２番１７号,6570822
6140001129249,株式会社Ａ　ｔｏ　Ｚ,兵庫県,神戸市灘区,鹿ノ下通２丁目４番２０号中村ビル１階,6570044
6140001129785,株式会社ストロークス,兵庫県,神戸市灘区,神前町２丁目２番５号,6570052
6140001130223,株式会社ＣｏＳ‐ＴＥＣ,兵庫県,神戸市灘区,原田通２丁目１−１,6570837
6140001130371,暁綜合建設株式会社,兵庫県,神戸市灘区,桜ヶ丘町１５−６５−７０６,6570021
6140001130685,株式会社Ｃｏｒｄｉｓ,兵庫県,神戸市灘区,宮山町３丁目１番１８トーカン六甲キャスティール１０５号,6570065
6140001131130,株式会社ＭＫ３,兵庫県,神戸市灘区,記田町４丁目２番２６−２０１号,6570034
6140001132104,株式会社オールドフィールド,兵庫県,神戸市灘区,高羽町５丁目９番１２号３０１,6570023
6140001132153,ＴＯＡ　ＭＡＣＨＩＮＥ　ＨＯＬＤＩＮＧＳ株式会社,兵庫県,神戸市灘区,岩屋北町７丁目２番２０号,6570846
6140001132418,株式会社六甲エリタージュ,兵庫県,神戸市灘区,篠原北町２丁目４番２１号,6570068
6140001132582,ヨアケ株式会社,兵庫県,神戸市灘区,篠原本町５丁目４番１４号,6570067
6140001132707,ＧＯＬＤＥＮ　ＴＲＥＥ株式会社,兵庫県,神戸市灘区,深田町３丁目１番１６−３０２号,6570038
6140001133531,Ｐａｃｌｉｎｋ株式会社,兵庫県,神戸市灘区,城内通２丁目５番２０号シャトラール３０２,6570836
6140001133770,ｂｌｏｏｍ．ａ株式会社,兵庫県,神戸市灘区,高徳町５丁目１番１号常磐館２０６号室,6570025
6140001134298,株式会社マリン＆モア,兵庫県,神戸市灘区,桜ヶ丘町１５番５５−１０２１号,6570021
6140001134455,株式会社ｋｅｉ　ｔｅｃ,兵庫県,神戸市灘区,大内通６丁目１番１８号,6570833
6140001134744,株式会社ジョウセイ,兵庫県,神戸市灘区,山田町２丁目１番１２号シャトー六甲４０２,6570064
6140001134793,株式会社はるか,兵庫県,神戸市灘区,篠原北町３丁目６番１４号,6570068
6140001135107,株式会社カネヨシホームサービス,兵庫県,神戸市灘区,八幡町３丁目１番１２号−３Ｆ,6570051
6140001135511,株式会社ＶＩＣＢＥ,兵庫県,神戸市灘区,城内通４丁目７番２０号シンプルライフ王子公園３０８号室,6570836
6140001135783,株式会社５１０,兵庫県,神戸市灘区,友田町４丁目１番２３号ライオンズマンション六甲道２０３,6570035
6140001136534,横山エンジニア株式会社,兵庫県,神戸市灘区,六甲町４丁目１番１５号３階,6570053
6140001137367,株式会社Ｓｏｌｅｉｌ　ｌｅｖａｎｔ２５,兵庫県,神戸市灘区,山田町３丁目１番４０−３１３号,6570064
6140001137854,株式会社Ｐａｒａｄｅｅｅ,兵庫県,神戸市灘区,篠原台１２番６号,6570016
6140001137895,株式会社みやうち不動産販売,兵庫県,神戸市灘区,水道筋３丁目３番地,6570831
6140001138076,株式会社Ｍｅｄｉｕｍ,兵庫県,神戸市灘区,森後町２丁目２番１０号プラシード六甲３０５,6570028
6140001139306,ＥＨＦ株式会社,兵庫県,神戸市灘区,福住通６丁目１番８号,6570824
6140001139999,泊悦通商株式会社,兵庫県,神戸市灘区,下河原通３丁目５番１３号ルミナス六甲２階２０１号室,6570045
6140001140445,株式会社Ｃａｂｒｉｏｌｅｔ,兵庫県,神戸市灘区,城内通５丁目３番２号６１・６２号,6570836
6140001141484,株式会社ＫｅｎＫｏ,兵庫県,神戸市灘区,赤松町１丁目１番１４号,6570061
6140001141617,ＮａｎｏＲｅｓｏｎａｎｃｅ株式会社,兵庫県,神戸市灘区,六甲台町１−１,6570013
6140001141856,株式会社ナダックス,兵庫県,神戸市灘区,灘北通２丁目３番２１−２号,6570835
6140001142094,ＮＩＰＰＯＮ　ＨＩＤ　ＥＬＥＶＡＴＯＲ株式会社,兵庫県,神戸市灘区,城内通４丁目７番２０−３０７号,6570836
6140001142193,ケファード株式会社,兵庫県,神戸市灘区,国玉通２丁目２番８号１Ｆ,6570816
6140001142227,株式会社花ソフト,兵庫県,神戸市灘区,灘北通６丁目５番１−６０９号,6570835
6140002014061,ヒップスタイル神戸株式会社,兵庫県,神戸市灘区,摩耶埠頭まや流通センター東棟,6570854
6140002019630,株式会社ユーカム,兵庫県,神戸市灘区,桜ケ丘町１１番２４−４０３号,6570021
6140002022527,株式会社ピターピット,兵庫県,神戸市灘区,桜ケ丘町１５−６５−１１０３,6570021
6140005003631,株式会社宮前,兵庫県,神戸市灘区,森後町３丁目３番７−２０５号,6570028
6200001033312,ＡＧ　Ｈｏｍｅ株式会社,兵庫県,神戸市灘区,将軍通３丁目４番１９号モンテメール六甲２０３,6570058
6280001004909,株式会社コムテック,兵庫県,神戸市灘区,天城通６丁目６番１２号,6570823
6360001018454,にほんのもの株式会社,兵庫県,神戸市灘区,浜田町３丁目４番１０号,6570862
7011101051932,株式会社ボルト,兵庫県,神戸市灘区,岸地通２丁目４番６号,6570832
7020001102729,エボリューションウォーター株式会社,兵庫県,神戸市灘区,岩屋北町４丁目３番１６号,6570846
7120001009781,株式会社サクセス・スリー,兵庫県,神戸市灘区,高尾通４丁目３番１５号,6570813
7120001022917,株式会社河内装飾,兵庫県,神戸市灘区,琵琶町３丁目７番５号,6570041
7120001046726,東成商事株式会社,兵庫県,神戸市灘区,浜田町２丁目３番１５号,6570862
7120001047889,名城産業株式会社,兵庫県,神戸市灘区,篠原本町３丁目５番２６号,6570067
7120001053664,株式会社アーバンルネッサンス,兵庫県,神戸市灘区,大月台１番地の２０,6570017
7120001078876,株式会社月光住宅,兵庫県,神戸市灘区,天城通３丁目１０番７号,6570823
7120001142558,株式会社トレヴェルデ,兵庫県,神戸市灘区,友田町４丁目１−８,6570035
7120001144562,株式会社ソフィスタイル,兵庫県,神戸市灘区,曾和町１丁目２番１６号ペア・ドルチェ六甲１０２号,6570063
7120001208986,株式会社Ｕｎ　ｈｅｒｍａｎｏ,兵庫県,神戸市灘区,高羽町５丁目４−１０,6570023
7120101023451,三恒ストラテジー株式会社,兵庫県,神戸市灘区,六甲山町北六甲４５１２番地の３７８,6570101
7120101053341,株式会社ハッチ,兵庫県,神戸市灘区,八幡町３丁目５番１５号,6570051
7120903001200,株式会社Ｉｎｔｅｇｒａｌ　Ｇｅｏｍｅｔｒｙ　Ｓｃｉｅｎｃｅ,兵庫県,神戸市灘区,六甲台町１−１,6570013
7140001002801,株式会社レンゴー建設,兵庫県,神戸市灘区,鹿ノ下通１丁目４番１２号,6570044
7140001002958,イフコープ株式会社,兵庫県,神戸市灘区,岩屋中町４丁目２番１５号,6570845
7140001002990,株式会社アメックス,兵庫県,神戸市灘区,新在家南町２丁目３番１１号,6570864
7140001003015,石塚工業株式会社,兵庫県,神戸市灘区,船寺通４丁目５番２２号,6570842
7140001003023,市岡興産株式会社,兵庫県,神戸市灘区,大石東町６丁目４番２７号,6570043
7140001003031,株式会社伊田工務店,兵庫県,神戸市灘区,天城通８丁目１番２号,6570823
7140001003056,株式会社ヴィンチ,兵庫県,神戸市灘区,一王山町９番６号,6570012
7140001003064,株式会社うしお,兵庫県,神戸市灘区,岩屋北町５丁目２番２７号,6570846
7140001003089,株式会社つくる,兵庫県,神戸市灘区,灘北通９丁目１番７号,6570835
7140001003097,株式会社エヌ・オー・アイシステム,兵庫県,神戸市灘区,大石東町４丁目３番１−２１５号,6570043
7140001003147,岡本写真製版株式会社,兵庫県,神戸市灘区,岩屋中町３丁目２番１７号,6570845
7140001003155,株式会社をびや,兵庫県,神戸市灘区,森後町２丁目３番１１号,6570028
7140001003171,香川電工株式会社,兵庫県,神戸市灘区,篠原南町５丁目５番６号,6570059
7140001003213,株式会社喜井工務店,兵庫県,神戸市灘区,城内通２丁目２番１９号,6570836
7140001003221,気水工業株式会社,兵庫県,神戸市灘区,篠原南町３丁目２番１２号,6570059
7140001003246,株式会社協邦グループ,兵庫県,神戸市灘区,友田町４丁目４番３号,6570035
7140001003254,株式会社共立建設,兵庫県,神戸市灘区,高尾通４丁目１番１１号,6570813
7140001003262,株式会社クリエイト,兵庫県,神戸市灘区,岩屋北町１丁目１番１１号,6570846
7140001003279,株式会社グリュック,兵庫県,神戸市灘区,稗原町４丁目４番８号,6570054
7140001003295,ケーシー株式会社,兵庫県,神戸市灘区,新在家北町１丁目２番６号,6570861
7140001003312,カナエ不動産株式会社,兵庫県,神戸市灘区,水道筋６丁目４番１３号,6570831
7140001003320,甲子園機動警備株式会社,兵庫県,神戸市灘区,永手町５丁目２番１０号スタービル２Ｆ,6570027
7140001003329,小泉製麻株式会社,兵庫県,神戸市灘区,新在家南町１丁目２番１号,6570864
7140001003337,株式会社甲南,兵庫県,神戸市灘区,大和町３丁目２番５号,6570031
7140001003345,甲南冷機株式会社,兵庫県,神戸市灘区,岩屋中町３丁目１番８号,6570845
7140001003378,株式会社コマエンタープライズ,兵庫県,神戸市灘区,城内通２丁目１番２６号,6570836
7140001003386,斎藤鉄工株式会社,兵庫県,神戸市灘区,浜田町４丁目２番１１号,6570862
7140001003403,株式会社サンキユー,兵庫県,神戸市灘区,赤坂通２丁目１番１号,6570821
7140001003411,株式会社三証,兵庫県,神戸市灘区,高徳町１丁目２番１３号,6570025
7140001003444,沢の鶴株式会社,兵庫県,神戸市灘区,新在家南町５丁目１番２号,6570864
7140001003477,株式会社シキシマパッキング,兵庫県,神戸市灘区,浜田町１丁目２番１号,6570862
7140001003485,新誠電気工事株式会社,兵庫県,神戸市灘区,日尾町３丁目２番２０号,6570029
7140001003493,シティライフステーション株式会社,兵庫県,神戸市灘区,琵琶町３丁目６番１号,6570041
7140001003502,株式会社神明サツシ工業,兵庫県,神戸市灘区,千旦通４丁目１番６号,6570056
7140001003510,株式会社ジョイン,兵庫県,神戸市灘区,灘北通３丁目１番２１号,6570835
7140001003527,山一産業株式会社,兵庫県,神戸市灘区,大石北町７番２０号,6570843
7140001003568,株式会社盛華園,兵庫県,神戸市灘区,友田町１丁目１番１０号,6570035
7140001003642,株式会社拓栄物産,兵庫県,神戸市灘区,大石東町４丁目６番２２号,6570043
7140001003650,武田商事株式会社,兵庫県,神戸市灘区,徳井町２丁目３番１２号,6570033
7140001003659,淡神電設株式会社,兵庫県,神戸市灘区,上河原通４丁目１番８号,6570055
7140001003667,株式会社橘工務店,兵庫県,神戸市灘区,岩屋中町２丁目３番１８号,6570845
7140001003700,天一製菓株式会社,兵庫県,神戸市灘区,新在家北町２丁目４番２２号,6570861
7140001003709,東亜商事株式会社,兵庫県,神戸市灘区,青谷町３丁目１番２０号,6570805
7140001003725,東宝食品株式会社,兵庫県,神戸市灘区,船寺通１丁目２番６号,6570842
7140001003733,株式会社東洋土地開発,兵庫県,神戸市灘区,高尾通４丁目３番１５号,6570813
7140001003774,株式会社中村商会,兵庫県,神戸市灘区,寺口町５番２号,6570062
7140001003790,株式会社灘宝文館,兵庫県,神戸市灘区,天城通２丁目１番８号,6570823
7140001003799,株式会社新実工務店,兵庫県,神戸市灘区,畑原通３丁目２番１５号,6570822
7140001003816,株式会社日穀,兵庫県,神戸市灘区,灘北通３丁目２番８号,6570835
7140001003824,日新印刷株式会社,兵庫県,神戸市灘区,永手町５丁目１番２４８,6570027
7140001003832,東灘管財株式会社,兵庫県,神戸市灘区,烏帽子町３丁目３番１１号,6570042
7140001003840,ニチネン設備工業株式会社,兵庫県,神戸市灘区,浜田町３丁目１番５号,6570862
7140001003865,株式会社ハウザック,兵庫県,神戸市灘区,灘北通７丁目３番１３号,6570835
7140001003915,日笠工業株式会社,兵庫県,神戸市灘区,大石南町３丁目３番１号,6570852
7140001003923,株式会社ビデオポート,兵庫県,神戸市灘区,水道筋１丁目５,6570831
7140001003931,株式会社兵神,兵庫県,神戸市灘区,摩耶埠頭１番地神戸港運会館,6570854
7140001003964,株式会社富士オリエンタルヴアンライン,兵庫県,神戸市灘区,摩耶埠頭,6570854
7140001003989,株式会社プチベーカリー,兵庫県,神戸市灘区,上野通３丁目５番１２号,6570817
7140001004013,報栄物産株式会社,兵庫県,神戸市灘区,青谷町２丁目４番８号,6570805
7140001004021,ポエム興産株式会社,兵庫県,神戸市灘区,篠原本町２丁目４番１９号,6570067
7140001004038,株式会社ポピー,兵庫県,神戸市灘区,水道筋３丁目４番地の５,6570831
7140001004046,株式会社毎日屋,兵庫県,神戸市灘区,徳井町３丁目３番１０号,6570033
7140001004054,昌建築設計工匠株式会社,兵庫県,神戸市灘区,下河原通４丁目４番１号,6570045
7140001004070,摩耶開発株式会社,兵庫県,神戸市灘区,森後町２丁目２−３−２０１,6570028
7140001004095,まるみや商事株式会社,兵庫県,神戸市灘区,箕岡通４丁目３番９号,6570812
7140001004112,株式会社ミツクラ,兵庫県,神戸市灘区,楠丘町６丁目９番２１号,6570024
7140001004120,湊川土地建物株式会社,兵庫県,神戸市灘区,篠原中町２丁目１番１８号,6570066
7140001004145,明光油脂株式会社,兵庫県,神戸市灘区,中郷町４丁目２番１号,6570032
7140001004161,森川株式会社,兵庫県,神戸市灘区,城の下通２丁目１番３１号,6570804
7140001004186,山下土木工事株式会社,兵庫県,神戸市灘区,大石東町４丁目３番１−８１３号,6570043
7140001004194,株式会社山広商会,兵庫県,神戸市灘区,篠原中町２丁目１番４号,6570066
7140001004236,株式会社大創工務店,兵庫県,神戸市灘区,篠原伯母野山町３丁目９番２４号,6570015
7140001004244,株式会社ウェイズ,兵庫県,神戸市灘区,岩屋北町４丁目３番１６号,6570846
7140001004285,株式会社六甲スカイヴイラ,兵庫県,神戸市灘区,六甲山町西谷山１８７８番地の８６,6570101
7140001004293,株式会社六甲匠工,兵庫県,神戸市灘区,備後町３丁目１番２４号,6570037
7140001004302,六甲窯業株式会社,兵庫県,神戸市灘区,大和町３丁目３番５号,6570031
7140001004310,神戸鋼機株式会社,兵庫県,神戸市灘区,篠原中町２丁目２番１５号,6570066
7140001004327,神戸産業株式会社,兵庫県,神戸市灘区,篠原北町２丁目３番５号,6570068
7140001004855,株式会社伸東運輸,兵庫県,神戸市灘区,摩耶海岸通２丁目３番,6570855
7140001007486,株式会社廣記商行,兵庫県,神戸市灘区,摩耶埠頭２番２,6570854
7140001007718,コベルコシステム株式会社,兵庫県,神戸市灘区,岩屋中町４丁目２番７号,6570845
7140001008583,株式会社タツミ建設,兵庫県,神戸市灘区,大石東町６丁目５番１４号,6570043
7140001010102,株式会社グローリー,兵庫県,神戸市灘区,岩屋北町４丁目３番１８−２０１号,6570846
7140001010291,株式会社ビエンヌ,兵庫県,神戸市灘区,曽和町一丁目４−２０,6570000
7140001010408,株式会社ＳＴＩＮＧＲＡＹ,兵庫県,神戸市灘区,桜口町２丁目２番６号,6570036
7140001012164,神戸リアルティ株式会社,兵庫県,神戸市灘区,篠原南町６丁目６番２１−９０５号,6570059
7140001017007,六甲産業株式会社,兵庫県,神戸市灘区,六甲山町南六甲１０３４番地の１４０,6570101
7140001017155,神戸道路産業株式会社,兵庫県,神戸市灘区,篠原南町１丁目６番２９号,6570059
7140001018517,株式会社セオ・コーポレーション,兵庫県,神戸市灘区,桜口町５丁目１番１−２０８号,6570036
7140001018995,石亀工芸株式会社,兵庫県,神戸市灘区,山田町２丁目４番８−３１０号,6570064
7140001019655,株式会社コペル,兵庫県,神戸市灘区,中原通２丁目１番１６号,6570825
7140001019795,株式会社プラネッツ,兵庫県,神戸市灘区,倉石通５丁目１番１８号ラムール王子公園１０５,6570826
7140001019894,株式会社レーザー,兵庫県,神戸市灘区,泉通５丁目５番１８号,6570834
7140001019928,ジャパンオンライン株式会社,兵庫県,神戸市灘区,篠原南町３丁目５番１７号,6570059
7140001020027,株式会社ジャパン・テック,兵庫県,神戸市灘区,岩屋中町４丁目３番１２号ＫＤビル３Ｆ,6570845
7140001020068,株式会社アズーロ神戸,兵庫県,神戸市灘区,鹿ノ下通１丁目４番１２号,6570044
7140001020118,株式会社プリンスビラ六甲,兵庫県,神戸市灘区,鶴甲３丁目１３番４１号,6570011
7140001020407,株式会社吉政,兵庫県,神戸市灘区,畑原通３丁目１番１３号,6570822
7140001021462,セントラルシティコウベ株式会社,兵庫県,神戸市灘区,永手町２丁目３番２１号ＹＭＳハウス１階,6570027
7140001021553,株式会社フェニックス,兵庫県,神戸市灘区,赤松町２丁目１番２７−８０１号,6570061
7140001022114,株式会社大日,兵庫県,神戸市灘区,箕岡通４丁目７５５番地の１,6570812
7140001022196,株式会社スキルクラフト,兵庫県,神戸市灘区,岩屋北町１丁目７番１５号,6570846
7140001022213,株式会社東英物産,兵庫県,神戸市灘区,篠原南町２丁目２番１９号,6570059
7140001022403,株式会社健康有機,兵庫県,神戸市灘区,篠原中町２丁目２番１２号,6570066
7140001022774,株式会社西尾物産,兵庫県,神戸市灘区,岩屋北町３丁目５番１−１００２号,6570846
7140001022849,タイヨープロジェクト株式会社,兵庫県,神戸市灘区,森後町３丁目２番１３号,6570028
7140001022989,株式会社アデュスコーポレーション,兵庫県,神戸市灘区,船寺通１丁目８番１５号,6570842
7140001023013,株式会社神戸技術開発研究所,兵庫県,神戸市灘区,篠原北町１丁目３番１２号,6570068
7140001023104,株式会社交通まちづくり技術研究所,兵庫県,神戸市灘区,桜口町５丁目１番１号,6570036
7140001023293,ワイメタル株式会社,兵庫県,神戸市灘区,下河原通１丁目２番５号,6570045
7140001023335,株式会社コスモ,兵庫県,神戸市灘区,備後町３丁目２番１６号,6570037
7140001023376,株式会社ウィーンズ,兵庫県,神戸市灘区,赤松町２丁目３番２９号,6570061
7140001023384,エイプ株式会社,兵庫県,神戸市灘区,灘北通４丁目１番１２号３０６,6570835
7140001023616,クラウンラインズ株式会社,兵庫県,神戸市灘区,摩耶埠頭２番１,6570854
7140001023839,株式会社プラン・ドゥ,兵庫県,神戸市灘区,摩耶海岸通２丁目３番２−３２０１号,6570855
7140001024325,株式会社プラスワンコミュニケーションズ,兵庫県,神戸市灘区,岩屋北町４丁目３番１９号,6570846
7140001024829,株式会社インターナショナル・プロセシング・サポート,兵庫県,神戸市灘区,摩耶埠頭２番１１,6570854
7140001024960,海山川里株式会社,兵庫県,神戸市灘区,日尾町３丁目２番１９−１号,6570029
7140001025018,株式会社ホームファクトリー,兵庫県,神戸市灘区,千旦通４丁目３番１４号,6570056
7140001025257,株式会社Ｋ−ＤＥＮＫＩ,兵庫県,神戸市灘区,上野通１丁目２番２３号,6570817
7140001025579,株式会社オフィスエイト,兵庫県,神戸市灘区,城内通５丁目３番２４号,6570836
7140001025645,株式会社シィ・エス,兵庫県,神戸市灘区,岸地通３丁目５−１６−１Ｆ,6570832
7140001025760,株式会社クレストコーポレーション,兵庫県,神戸市灘区,船寺通１丁目５番２０号,6570842
7140001025876,株式会社優風花,兵庫県,神戸市灘区,篠原伯母野山町１丁目１番３−２０７号,6570015
7140001026362,株式会社ヤハタ,兵庫県,神戸市灘区,八幡町４丁目８番２３号,6570051
7140001026552,株式会社ピュア＆エスデザイン神戸,兵庫県,神戸市灘区,永手町４丁目２番１−１２１２号,6570027
7140001026742,ＡＳＫサポート株式会社,兵庫県,神戸市灘区,日尾町１丁目１番５号,6570029
7140001026866,大幸建設株式会社,兵庫県,神戸市灘区,徳井町５丁目４番２３号,6570033
7140001026908,株式会社エスペランサ,兵庫県,神戸市灘区,深田町４丁目１番１号,6570038
7140001027006,株式会社シーズンニーズ,兵庫県,神戸市灘区,篠原北町１丁目２番２０−１号,6570068
7140001027121,株式会社ＫＡＩＯ,兵庫県,神戸市灘区,岩屋中町２丁目７番２２号,6570845
7140001027435,株式会社六甲スチール,兵庫県,神戸市灘区,中郷町４丁目１−２３パウゼ六甲道６０１,6570032
7140001027674,株式会社ａ−ｌｉｆｅ,兵庫県,神戸市灘区,新在家南町５丁目８−４,6570864
7140001028160,株式会社テクノスタディ,兵庫県,神戸市灘区,原田通３丁目１番１４号,6570837
7140001028202,株式会社関西レジャー,兵庫県,神戸市灘区,上野通６丁目２番４号,6570817
7140001028251,株式会社ＹＵＩ不動産管理,兵庫県,神戸市灘区,大石東町５丁目８番１号,6570043
7140001028375,株式会社ワンハートインシュアランス,兵庫県,神戸市灘区,青谷町４丁目４番１６号,6570805
7140001028391,株式会社ｈａｕｍｅａ,兵庫県,神戸市灘区,深田町４丁目１−１ウエルブ六甲道２番街３０７,6570038
7140001028607,にしき電工株式会社,兵庫県,神戸市灘区,千旦通４丁目１番２２号,6570056
7140001028788,株式会社ブラックローズ,兵庫県,神戸市灘区,記田町２丁目２−２０,6570034
7140001029068,株式会社エーライン,兵庫県,神戸市灘区,六甲町４丁目７−２６,6570053
7140001029225,株式会社エフリード,兵庫県,神戸市灘区,篠原台５番１,6570016
7140001029588,株式会社ＡＤＤ,兵庫県,神戸市灘区,篠原伯母野山町２丁目１番１−６０３号,6570015
7140001029662,神戸アセットマネジメント株式会社,兵庫県,神戸市灘区,備後町５丁目３番１−３０５号,6570037
7140001029704,株式会社日本ドメイン,兵庫県,神戸市灘区,大和町３丁目２番１２号,6570031
7140001030042,嶋津電気設備株式会社,兵庫県,神戸市灘区,篠原北町４丁目１３番３号メゾン日柳２０２号,6570068
7140001030091,オーケーパートナーズ株式会社,兵庫県,神戸市灘区,鶴甲４丁目６番２３−１０６号,6570011
7140001030190,株式会社三都商会,兵庫県,神戸市灘区,新在家南町３丁目６番１３号,6570864
7140001030249,アンビジュ神戸株式会社,兵庫県,神戸市灘区,岩屋北町４丁目３番１５号,6570846
7140001030281,株式会社ＤＯＧＳＡＬＯＮ　Ｒ,兵庫県,神戸市灘区,大石東町３丁目１番１１号,6570043
7140001030637,株式会社エープラス,兵庫県,神戸市灘区,水道筋２丁目８番地の１,6570831
7140001030736,株式会社吉兆,兵庫県,神戸市灘区,新在家南町４丁目９番１８号,6570864
7140001030851,株式会社Ｋｉｒａｋｕ,兵庫県,神戸市灘区,水道筋３丁目５番地の７,6570831
7140001031230,株式会社岩山,兵庫県,神戸市灘区,薬師通４丁目１番３号,6570815
7140001031346,株式会社紘宜,兵庫県,神戸市灘区,城内通１丁目５番１３号,6570836
7140001031387,株式会社ＦＤＯ,兵庫県,神戸市灘区,大石東町３丁目４番１０号,6570043
7140001031494,Ｋａｍカンパニー株式会社,兵庫県,神戸市灘区,篠原南町６丁目１−１０,6570059
7140001031916,株式会社和,兵庫県,神戸市灘区,灘南通４丁目３番２２号,6570841
7140001031973,株式会社近藤特許翻訳サービス,兵庫県,神戸市灘区,徳井町４丁目３番２４−９０１号,6570033
7140001032105,株式会社マトリクス,兵庫県,神戸市灘区,原田通２丁目１番１号テクノビル神戸２Ｆ・３Ｆ,6570837
7140001032146,グリーンクラフト株式会社,兵庫県,神戸市灘区,高羽町３丁目１番３号,6570023
7140001032154,三喜善株式会社,兵庫県,神戸市灘区,篠原北町４丁目１３番６号,6570068
7140001032195,株式会社六甲鳥芳,兵庫県,神戸市灘区,森後町３丁目３番７−１０１号,6570028
7140001032369,株式会社シンデレラ,兵庫県,神戸市灘区,永手町５丁目３番１８号,6570027
7140001032501,株式会社今村メンテナンス,兵庫県,神戸市灘区,薬師通２丁目３番２９号,6570815
7140001032682,株式会社東條設備,兵庫県,神戸市灘区,篠原南町１丁目３番１２号,6570059
7140001032880,株式会社ステップ,兵庫県,神戸市灘区,六甲山町一ケ谷１番地の３４,6570101
7140001033301,株式会社インクレディブル,兵庫県,神戸市灘区,日尾町３丁目１−２５,6570029
7140001033318,ヤオチャン株式会社,兵庫県,神戸市灘区,楠丘町４丁目３番２２−３０２号,6570024
7140001033532,株式会社サンコーキャプテンインベスター,兵庫県,神戸市灘区,篠原北町４丁目１１番３６号,6570068
7140001033565,株式会社リベロ,兵庫県,神戸市灘区,岩屋南町４番５５号,6570856
7140001033747,株式会社プロコム,兵庫県,神戸市灘区,六甲山町南六甲１０３４番地の１０１,6570101
7140001033813,ＭＩＳＵ・アンシュッツ・ジャパン株式会社,兵庫県,神戸市灘区,城内通４丁目３番６号,6570836
7140001034159,株式会社Ｔｒｉｃｃｏ　Ｉｎｔｅｒｎａｔｉｏｎａｌ,兵庫県,神戸市灘区,桜口町４丁目１−１−４０２,6570036
7140001034191,ラージヒル株式会社,兵庫県,神戸市灘区,大内通６丁目２番１３号,6570833
7140001034233,株式会社ＮＳ設備工業,兵庫県,神戸市灘区,箕岡通３丁目２番８号,6570812
7140001034324,株式会社カルティベイトインダストリー,兵庫県,神戸市灘区,城内通４丁目８番第２４号,6570836
7140001034365,株式会社テクノアクセルネットワークス,兵庫県,神戸市灘区,篠原南町１丁目６番２５号,6570059
7140001037129,株式会社メディカルプロデュース,兵庫県,神戸市灘区,灘北通５丁目５番１号,6570835
7140001047078,株式会社フラワーブックカンパニー,兵庫県,神戸市灘区,高尾通４丁目４番７号,6570813
7140001047086,株式会社Ｇｏｏコンサルティング,兵庫県,神戸市灘区,備後町４丁目１番１号,6570037
7140001047185,株式会社フォトファクトリー,兵庫県,神戸市灘区,灘北通２丁目７番５号,6570835
7140001050627,株式会社ネービック冨士,兵庫県,神戸市灘区,畑原通１丁目３番１５号,6570822
7140001052318,株式会社川口不動産,兵庫県,神戸市灘区,青谷町３丁目２番２４号エカルラート青谷、管理室,6570805
7140001057201,株式会社コラボレ,兵庫県,神戸市灘区,下河原通１丁目１番３号,6570045
7140001057283,セブポス株式会社,兵庫県,神戸市灘区,楠丘町４丁目７番２,6570024
7140001067539,株式会社ステラファシリティーズ,兵庫県,神戸市灘区,六甲町２丁目５−１１−１０１,6570053
7140001071854,ジェイカス株式会社,兵庫県,神戸市灘区,摩耶埠頭２番１０号,6570854
7140001072258,株式会社ルフトパワー,兵庫県,神戸市灘区,高徳町５丁目６番７号,6570025
7140001077570,ＮＰＨホールディングス株式会社,兵庫県,神戸市灘区,烏帽子町３丁目３番１１号,6570042
7140001077620,ネスト株式会社,兵庫県,神戸市灘区,摩耶埠頭１番１神戸港運会館ビル３階３０４号室,6570854
7140001077851,株式会社フューチャー,兵庫県,神戸市灘区,灘北通１０丁目２番３−２８０２号,6570835
7140001081044,株式会社ベビーズブレス,兵庫県,神戸市灘区,八幡町２丁目１３番１９−２号,6570051
7140001084261,株式会社ユナイト,兵庫県,神戸市灘区,日尾町２丁目２番７号,6570029
7140001087520,株式会社ナニシャス,兵庫県,神戸市灘区,森後町３丁目３番１８号,6570028
7140001087751,株式会社シャトレ,兵庫県,神戸市灘区,楠丘町４丁目１番３２−５１５号,6570024
7140001088238,株式会社Ｌｉｆｅ　ｓｏｕｒｃｅ,兵庫県,神戸市灘区,箕岡通１丁目２番９−２０１号,6570812
7140001088527,コウケンホーム株式会社,兵庫県,神戸市灘区,琵琶町１丁目１番１号,6570041
7140001088618,行明株式会社,兵庫県,神戸市灘区,八幡町２丁目１０番１６号サンビルダー六甲山の手１Ｆ,6570051
7140001088667,漢成株式会社,兵庫県,神戸市灘区,灘北通１０丁目２番２３号ストランドパレー３０５号室,6570835
7140001088989,株式会社ワン・ワールド,兵庫県,神戸市灘区,大内通３丁目２番８号,6570833
7140001089211,株式会社光電気工業,兵庫県,神戸市灘区,岩屋北町１丁目５番２０号,6570846
7140001089376,株式会社ＫＡＮＳＡＩこども研究所,兵庫県,神戸市灘区,中原通５丁目２番３号,6570825
7140001089541,株式会社ＧｒａｎｄＰｏｉｎｔ,兵庫県,神戸市灘区,桜口町３丁目１−９セントレ六甲２０２号,6570036
7140001089590,株式会社ｂ−ｄｅｆ,兵庫県,神戸市灘区,高徳町２丁目２−１１,6570025
7140001089830,マックスビジョン株式会社,兵庫県,神戸市灘区,深田町３丁目１番２４号,6570038
7140001089896,株式会社福相,兵庫県,神戸市灘区,摩耶埠頭２番２,6570854
7140001090193,株式会社サマンサ,兵庫県,神戸市灘区,深田町４丁目１番１−２４０３号,6570038
7140001090243,株式会社六甲造園土木,兵庫県,神戸市灘区,灘北通７丁目４番１５号清水コーポ１０５,6570835
7140001090466,株式会社エアーテクシア,兵庫県,神戸市灘区,灘南通５丁目２番１０号,6570841
7140001090697,株式会社神戸市民大学講座,兵庫県,神戸市灘区,高羽町５丁目５番１１−３０２号,6570023
7140001090771,北野商事株式会社,兵庫県,神戸市灘区,摩耶海岸通１丁目１番３−１３０２号,6570855
7140001090879,株式会社ユーカ堂,兵庫県,神戸市灘区,曾和町２丁目６番１３号,6570063
7140001090912,株式会社ＺＥＡＣ,兵庫県,神戸市灘区,船寺通１丁目５番１６号,6570842
7140001091398,住本道路株式会社,兵庫県,神戸市灘区,大石南町２丁目８番７号,6570852
7140001091968,株式会社ウェルカム,兵庫県,神戸市灘区,友田町３丁目３番１１号レジデンス屋島２Ｆ,6570035
7140001092495,株式会社キャス,兵庫県,神戸市灘区,畑原通３丁目２番２号,6570822
7140001093072,株式会社福寿,兵庫県,神戸市灘区,箕岡通１丁目６番２４号,6570812
7140001093675,株式会社藤本商事,兵庫県,神戸市灘区,山田町２丁目５番１１号,6570064
7140001093964,株式会社萩原珈琲店,兵庫県,神戸市灘区,城内通１丁目６番１８号,6570836
7140001094228,株式会社コアブレイン,兵庫県,神戸市灘区,篠原伯母野山町１丁目１番六甲グランドヒルズ２棟４０６号,6570015
7140001094541,株式会社海瑛,兵庫県,神戸市灘区,摩耶埠頭１番,6570854
7140001094748,株式会社勇盛ロジックス,兵庫県,神戸市灘区,摩耶埠頭１−１０,6570854
7140001094871,明穏株式会社,兵庫県,神戸市灘区,水道筋２丁目３番５号,6570831
7140001095044,株式会社スタジオマックショコラ,兵庫県,神戸市灘区,大石南町１丁目４番２４号ＫＦＣビル,6570852
7140001095358,株式会社大誠石油,兵庫県,神戸市灘区,摩耶埠頭１−３０８,6570854
7140001095531,株式会社サンナリ,兵庫県,神戸市灘区,大内通４丁目５番１１番,6570833
7140001096257,イナテック工業株式会社,兵庫県,神戸市灘区,高徳町１丁目２番１３号甲南第３六甲ハイム１１３号,6570025
7140001098014,株式会社ｉｎｔｅｒｉｏｒ　ｎｉｃｅ,兵庫県,神戸市灘区,篠原南町３丁目２番２７号,6570059
7140001098195,株式会社ＳＴＡＲ　Ｄｅｖｅｌｏｐｍｅｎｔ,兵庫県,神戸市灘区,篠原本町３丁目５番２２号,6570067
7140001098286,株式会社尼建,兵庫県,神戸市灘区,岩屋北町４丁目３番５５−４１１号,6570846
7140001099441,株式会社シンクリアクト,兵庫県,神戸市灘区,森後町２丁目３−２−９０５,6570028
7140001099920,株式会社エムケーインターナショナル,兵庫県,神戸市灘区,備後町５丁目３番１号,6570037
7140001100043,株式会社ＪＭＩ,兵庫県,神戸市灘区,深田町３丁目１番５−７０１号,6570038
7140001100209,神戸経営サポート株式会社,兵庫県,神戸市灘区,大石東町４丁目４番１６号,6570043
7140001100415,株式会社ＴＯ,兵庫県,神戸市灘区,篠原南町６丁目１−１０−１２１,6570059
7140001100638,株式会社ダイキ,兵庫県,神戸市灘区,大内通１丁目２番３号,6570833
7140001100828,株式会社科学技術アントレプレナーシップ,兵庫県,神戸市灘区,六甲台町１番１号,6570013
7140001100860,日清システムソリューションズ株式会社,兵庫県,神戸市灘区,岩屋北町４丁目４番１号,6570846
7140001101149,株式会社ＡＺＮＡＩ,兵庫県,神戸市灘区,赤松町３丁目４番４−４０２号,6570061
7140001101157,株式会社摩耶,兵庫県,神戸市灘区,五毛通３丁目２番２１号ベルエール摩耶１０２,6570814
7140001101280,Ｃ＆Ｊ貿易株式会社,兵庫県,神戸市灘区,岸地通３丁目５番１６−２号,6570832
7140001101578,株式会社エヌサポート,兵庫県,神戸市灘区,長峰台２丁目１番１３号,6570811
7140001101594,株式会社シー・ディール,兵庫県,神戸市灘区,烏帽子町３丁目３番１１号,6570042
7140001102122,株式会社みなとリビング,兵庫県,神戸市灘区,永手町１丁目４番１５号,6570027
7140001102196,株式会社Ｖｉｌｌａｇｅ　Ｒｉｃｅ　Ｆｉｅｌｄ,兵庫県,神戸市灘区,徳井町５丁目４番５−１号,6570033
7140001102436,ＡＣＣ株式会社,兵庫県,神戸市灘区,篠原南町５丁目１番２１号,6570059
7140001102592,株式会社カノープス,兵庫県,神戸市灘区,水道筋６丁目４番１３号金栄ビル東館３０１号,6570831
7140001103566,株式会社データプレイス,兵庫県,神戸市灘区,灘南通１丁目３番２５号,6570841
7140001103574,ＴＡＩＹＯ商事株式会社,兵庫県,神戸市灘区,摩耶海岸通１丁目１番２−６０２号,6570855
7140001103979,株式会社ユーケン,兵庫県,神戸市灘区,桜口町１丁目３番１８号,6570036
7140001103987,株式会社アセットクリエーション,兵庫県,神戸市灘区,山田町２丁目５番１１号,6570064
7140001104283,ＳＵＮ不動産販売株式会社,兵庫県,神戸市灘区,浜田町３丁目５番８号アーバンヴィレッジ六甲南２０２号,6570862
7140001104291,丸一食品株式会社,兵庫県,神戸市灘区,篠原台２２番９号,6570016
7140001104341,株式会社ア・センス・オブ,兵庫県,神戸市灘区,琵琶町１丁目６番２０号,6570041
7140001104564,株式会社ＳＨＡＬＡＮ,兵庫県,神戸市灘区,篠原中町１丁目５−２３,6570066
7140001104614,株式会社ＦＬＡＴ　ＦＩＥＬＤ　ＡＲＫ,兵庫県,神戸市灘区,上野通５丁目９番１３号,6570817
7140001104688,株式会社譱,兵庫県,神戸市灘区,天城通８丁目５番１５号１Ｆ,6570823
7140001105389,株式会社Ｍｉｎｃｈｕ,兵庫県,神戸市灘区,六甲台町６番２８−７０３号,6570013
7140001105959,株式会社トラストホーム,兵庫県,神戸市灘区,深田町４丁目１番３９号メイン六甲Ａビル１階,6570038
7140001106206,株式会社神翔,兵庫県,神戸市灘区,記田町１丁目４番１１号,6570034
7140001106296,株式会社Ｒｃｍ,兵庫県,神戸市灘区,篠原中町３丁目４−１６,6570066
7140001107823,株式会社ムーンハンド,兵庫県,神戸市灘区,六甲山町一ケ谷１番２８,6570101
7140001107939,株式会社ｘｒｏｓｓ．ｋｏｂｅ,兵庫県,神戸市灘区,上野通８丁目９番５号,6570817
7140001108846,株式会社河内工務店,兵庫県,神戸市灘区,篠原台１３番６号,6570016
7140001108854,株式会社グリーンライト,兵庫県,神戸市灘区,篠原伯母野山町１丁目１番１−３０１号,6570015
7140001109118,株式会社港町コーポレーション,兵庫県,神戸市灘区,中郷町３丁目５番９−１号,6570032
7140001109308,株式会社高橋屋,兵庫県,神戸市灘区,友田町４丁目２−２１,6570035
7140001109472,株式会社もるがん,兵庫県,神戸市灘区,六甲山町西谷山１８７８番地２９,6570101
7140001109555,アモル株式会社,兵庫県,神戸市灘区,備後町３丁目２番１７号１２０２,6570037
7140001111164,株式会社ＹＳプランニング,兵庫県,神戸市灘区,日尾町３丁目１番２５号,6570029
7140001111263,株式会社Ｔ．Ｍ．Ｙ,兵庫県,神戸市灘区,灘北通７丁目３番１０号,6570835
7140001111585,株式会社あすか,兵庫県,神戸市灘区,船寺通５丁目２番１５号,6570842
7140001112518,日本日井株式会社,兵庫県,神戸市灘区,下河原通４丁目２番１号,6570045
7140001112922,ＫＡＮＡＥ不動産株式会社,兵庫県,神戸市灘区,水道筋６丁目４番１３号,6570831
7140001113549,株式会社ｅｌｍｏ,兵庫県,神戸市灘区,将軍通３丁目４番１３号,6570058
7140001113879,株式会社ＭＩＹＡＢＩ,兵庫県,神戸市灘区,城の下通２丁目７番９号,6570804
7140001113994,株式会社プリスティン,兵庫県,神戸市灘区,徳井町５丁目２番５−２０８号,6570033
7140001114530,株式会社ウイズユアライフ,兵庫県,神戸市灘区,岸地通５丁目３−１７,6570832
7140001116147,株式会社Ｄｅｌｉｇｈｔ　Ｈｅａｒｔ,兵庫県,神戸市灘区,桜口町４丁目１番１−１０３号,6570036
7140001116254,株式会社Ｂｅｎｊａｍｉｎ,兵庫県,神戸市灘区,岸地通１丁目５番６号,6570832
7140001116320,株式会社アイビー薬局,兵庫県,神戸市灘区,城内通２丁目４番１５号,6570836
7140001116898,株式会社Ｌｅｇｏｃｃｉ,兵庫県,神戸市灘区,篠原本町２丁目４番２２号,6570067
7140001117228,株式会社ＫＵＵＫＡ,兵庫県,神戸市灘区,篠原伯母野山町３丁目１９番１２号,6570015
7140001117244,株式会社ロジストホールディングス,兵庫県,神戸市灘区,摩耶埠頭２番３,6570854
7140001118085,株式会社ａｌｔｅｒｎａ,兵庫県,神戸市灘区,寺口町９番１３号,6570062
7140001118374,株式会社六繕,兵庫県,神戸市灘区,永手町２丁目３番７号,6570027
7140001118399,株式会社令和不動産本舗,兵庫県,神戸市灘区,岩屋北町２丁目４番５号１０３号,6570846
7140001118705,株式会社ＴＫインターナショナル,兵庫県,神戸市灘区,大月台１番地の１２２アトラス六甲山手５０５号,6570017
7140001118853,神戸Ｙ’ｓ不動産株式会社,兵庫県,神戸市灘区,篠原南町６丁目１番１０号,6570059
7140001119315,株式会社電光社,兵庫県,神戸市灘区,船寺通１丁目７番２２号,6570842
7140001119372,株式会社モリード,兵庫県,神戸市灘区,摩耶埠頭２番４,6570854
7140001119554,Ａ　ｐｒｏｔｅｃｔ株式会社,兵庫県,神戸市灘区,高羽字瀧ノ奥５番地の３リビオ六甲高羽１１４,6570001
7140001119604,株式会社宮下商事,兵庫県,神戸市灘区,灘北通３丁目１番３号,6570835
7140001120207,株式会社久保電気,兵庫県,神戸市灘区,篠原中町４丁目４番１３号,6570066
7140001121816,株式会社ニチデン灘店,兵庫県,神戸市灘区,中原通１丁目７番９号,6570825
7140001122657,株式会社朝活,兵庫県,神戸市灘区,灘北通１０丁目２番３−２１０６号,6570835
7140001122681,株式会社六甲コンサルタント,兵庫県,神戸市灘区,楠丘町１丁目３番６号,6570024
7140001122797,株式会社竜聖,兵庫県,神戸市灘区,備後町１丁目２番２４号,6570037
7140001122814,株式会社雪輪,兵庫県,神戸市灘区,鹿ノ下通１丁目３番４号,6570044
7140001122871,株式会社たなか科学,兵庫県,神戸市灘区,篠原中町３丁目４番４号,6570066
7140001123052,ＴＨＥ　ＣＨＩＣＫＥＮ　ＫＯＢＥ株式会社,兵庫県,神戸市灘区,篠原南町６丁目１番１０号グランビア灘東棟２１２,6570059
7140001123300,株式会社ツナガル,兵庫県,神戸市灘区,城内通５丁目５番３−２０１号,6570836
7140001123614,株式会社神戸大学キャピタル,兵庫県,神戸市灘区,六甲台町１番１号,6570013
7140001124240,株式会社大命,兵庫県,神戸市灘区,岩屋中町５丁目２番２９号ベルシティ灘２０７号室,6570845
7140001125321,株式会社Ｍｒｓ．Ｍ,兵庫県,神戸市灘区,友田町１丁目４番１号,6570035
7140001126195,株式会社ビューティー,兵庫県,神戸市灘区,記田町４丁目２番２６−２０３号,6570034
7140001126864,神戸フード株式会社,兵庫県,神戸市灘区,稗原町１丁目３番１８号,6570054
7140001127193,オーシャンサービス株式会社,兵庫県,神戸市灘区,烏帽子町３丁目３番１１号,6570042
7140001127210,株式会社ピュア,兵庫県,神戸市灘区,都通３丁目２番７号,6570844
7140001127631,株式会社エルフォルク,兵庫県,神戸市灘区,篠原南町５丁目２番９号ビエント六甲ＩＩ２０３,6570059
7140001127689,株式会社Ｓｈｉｒｏｉｔｏ,兵庫県,神戸市灘区,倉石通３丁目１番１８−４０４号,6570826
7140001127945,株式会社ＹＡＲＵＤＡ,兵庫県,神戸市灘区,友田町３丁目４番２２号,6570035
7140001127961,株式会社キミック,兵庫県,神戸市灘区,新在家南町４丁目４番１５号,6570864
7140001128183,株式会社エクセレント三和ＹＭコーポレーション,兵庫県,神戸市灘区,高徳町３丁目１番１４号４０１,6570025
7140001128282,藤原港運株式会社,兵庫県,神戸市灘区,摩耶埠頭２番４,6570854
7140001128547,株式会社Ｒ‐Ｔｅｃｈ,兵庫県,神戸市灘区,箕岡通１丁目２番３４号,6570812
7140001129116,株式会社いいねスタッフ,兵庫県,神戸市灘区,友田町４丁目３番２５−２０１号,6570035
7140001130511,株式会社丸正,兵庫県,神戸市灘区,城内通１丁目８番１号,6570836
7140001130684,Ｒ’ｓ　Ｃｏｍｐａｎｙ株式会社,兵庫県,神戸市灘区,篠原北町４丁目１３番１２号,6570068
7140001130817,株式会社ＲＥＮＥＴ,兵庫県,神戸市灘区,岩屋北町７丁目１番２３号,6570846
7140001130866,株式会社ＩＮＴＥＲＴＥＣＫ　ＡＤＶ,兵庫県,神戸市灘区,鹿ノ下通１丁目４番８号シティ六甲Ｒ２ビル２０２,6570044
7140001132037,ゼンサンズ株式会社,兵庫県,神戸市灘区,国玉通１丁目３番６号,6570816
7140001132078,株式会社ＶＩＳＣＯ,兵庫県,神戸市灘区,六甲町１丁目２番２４号１Ｆ,6570053
7140001132581,株式会社アイエスビー,兵庫県,神戸市灘区,下河原通２丁目１番５号３０２,6570045
7140001132598,株式会社ＴＥＩＥＮ　ＨＯＭＥＳ,兵庫県,神戸市灘区,浜田町２丁目６番１５号,6570862
7140001132672,サイナスホールディングス株式会社,兵庫県,神戸市灘区,永手町５丁目２番１４号,6570027
7140001132912,株式会社Ｋ‐ａｃｔ,兵庫県,神戸市灘区,岸地通４丁目１−４サンロイヤル王子３０２号,6570832
7140001133200,Ｆｕｊｉ　Ｓａｋｕｒａ　Ｔｏｕｒ株式会社,兵庫県,神戸市灘区,原田通１丁目１−１５−１１０７,6570837
7140001134289,スターズ神戸株式会社,兵庫県,神戸市灘区,篠原南町５丁目３番１１号,6570059
7140001134347,Ｏｃｅａｎ‐Ｌｏｇｉ株式会社,兵庫県,神戸市灘区,摩耶埠頭２番１０神戸摩耶ロジスティクスセンター,6570854
7140001134512,株式会社ｂＬｉｎｋ　Ｔｅｃｈｎｏｌｏｇｉｅｓ,兵庫県,神戸市灘区,六甲台町２−１,6570013
7140001134636,株式会社蒔野,兵庫県,神戸市灘区,神前町１丁目２−１５,6570052
7140001134792,ジゲンパートナーズ株式会社,兵庫県,神戸市灘区,篠原南町５丁目３番１１号,6570059
7140001135543,四維商事株式会社,兵庫県,神戸市灘区,灘北通９丁目３−９（ラーメン男塾）,6570835
7140001135725,株式会社ＳＡＭＵＲＡＩ　ＰＥＡＲＬ,兵庫県,神戸市灘区,日尾町２丁目１番２号,6570029
7140001135989,株式会社星和工業,兵庫県,神戸市灘区,下河原通２丁目１−６,6570045
7140001136228,株式会社フルゲンス,兵庫県,神戸市灘区,記田町４丁目２番１３−４０２号,6570034
7140001136483,オールスター株式会社,兵庫県,神戸市灘区,篠原字伯母野山町一丁目１番１−７０２号,6570002
7140001136533,博徳集団株式会社,兵庫県,神戸市灘区,岸地通５丁目１−４真幸ビル,6570832
7140001136830,株式会社サード,兵庫県,神戸市灘区,国玉通３丁目１−１２,6570816
7140001136888,株式会社Ｍ２リレーション,兵庫県,神戸市灘区,原田通１丁目３番１７号,6570837
7140001136905,株式会社ＢＬＵＥＰＲＩＮＴ,兵庫県,神戸市灘区,六甲山町北六甲４５１２番地の６９０,6570101
7140001137168,岸田商事株式会社,兵庫県,神戸市灘区,大石北町７番２０号,6570843
7140001137795,株式会社ハナイトナデシコ,兵庫県,神戸市灘区,泉通５丁目３番２０号,6570834
7140001137820,株式会社メイシン,兵庫県,神戸市灘区,大石南町１丁目８番１３号,6570852
7140001138397,Ｗａｋａｋｉ　Ｂｅａｕｔｙ株式会社,兵庫県,神戸市灘区,篠原北町３丁目１４番１２−１３０１号,6570068
7140001139924,株式会社井手口,兵庫県,神戸市灘区,桜口町５丁目１番１号ウェルブ六甲道５番街１番館１１０号室,6570036
7140001140122,アズオート株式会社,兵庫県,神戸市灘区,城内通２丁目５番７号,6570836
7140001141129,株式会社ライジンブリス,兵庫県,神戸市灘区,深田町４丁目１番１−２６０３号,6570038
7140001141186,株式会社Ｈｏｍｉｅｓ,兵庫県,神戸市灘区,大石東町２丁目４番２７号,6570043
7140001141228,株式会社世六,兵庫県,神戸市灘区,篠原本町３丁目８番２７号,6570067
7140001142267,株式会社いくら犬猫クリニック,兵庫県,神戸市灘区,記田町５丁目６番１５号,6570034
7140002003245,共栄株式会社,兵庫県,神戸市灘区,友田町４丁目４番１６号,6570035
7140002003542,株式会社にし村フーズ,兵庫県,神戸市灘区,大石北町７−１,6570843
7140002024737,株式会社アネスト,兵庫県,神戸市灘区,福住通３丁目１番３０号,6570824
7140003014324,ＡＫＡＣＨＵ株式会社,兵庫県,神戸市灘区,六甲町１丁目２番１７号,6570053
8011301024027,株式会社イース,兵庫県,神戸市灘区,篠原中町３丁目４番１３号,6570066
8020001086376,株式会社テックセーバー,兵庫県,神戸市灘区,浜田町１丁目１番３１号,6570862
8021001046733,株式会社トレス,兵庫県,神戸市灘区,灘北通１０丁目１番１８号ロイヤル灘５０１,6570835
8070001029883,日本リプロジェネティクス株式会社,兵庫県,神戸市灘区,八幡町２丁目１−２３,6570051
8120001047814,株式会社にんべんフードサービス,兵庫県,神戸市灘区,曾和町１丁目２番４号,6570063
8120001050033,株式会社大急,兵庫県,神戸市灘区,味泥町８−２０,6570851
8120001075336,エイスター株式会社,兵庫県,神戸市灘区,灘北通１０丁目２番２３−２０２号,6570835
8120001104441,株式会社ジョブアシスト,兵庫県,神戸市灘区,六甲町３丁目３番３号神戸発明会館２Ｆ,6570053
8120001115059,インタープレイコンサルティング株式会社,兵庫県,神戸市灘区,山田町３丁目１番４０−７０３号,6570064
8120001120769,ＡＳＫ株式会社,兵庫県,神戸市灘区,篠原南町２丁目４−７,6570059
8120001144792,信栄工業株式会社,兵庫県,神戸市灘区,灘南通５丁目４番２４号,6570841
8120001161268,株式会社グットプラス,兵庫県,神戸市灘区,中原通３丁目２番１７号,6570825
8120001167926,アスペクトラボ株式会社,兵庫県,神戸市灘区,弓木町４丁目３番１号,6570026
8120001174550,株式会社ｏｎｅ,兵庫県,神戸市灘区,永手町３丁目２番１６号,6570027
8120001190382,株式会社小山隆治建築研究所,兵庫県,神戸市灘区,城の下通３丁目７−１１,6570804
8120001239626,超楽ホールディングス株式会社,兵庫県,神戸市灘区,友田町２丁目５−１９−２０３,6570035
8130001000937,ジェム株式会社,兵庫県,神戸市灘区,備後町５丁目３番１−９０２号,6570037
8130001043143,株式会社アークテクノ,兵庫県,神戸市灘区,岩屋中町２丁目１番１３,6570845
8140001001496,株式会社エム・エー・シー,兵庫県,神戸市灘区,都通３丁目３番２５号,6570844
8140001001678,株式会社新興総合商会,兵庫県,神戸市灘区,五毛通４丁目１番２７号,6570814
8140001001752,株式会社秀芳園,兵庫県,神戸市灘区,記田町４丁目１番４号,6570034
8140001001884,大成住地株式会社,兵庫県,神戸市灘区,日尾町３丁目１番８号,6570029
8140001002429,プロセスプランニング株式会社,兵庫県,神戸市灘区,楠丘町２丁目５番１４号,6570024
8140001002635,株式会社明販,兵庫県,神戸市灘区,稗原町２丁目１の２６９,6570054
8140001002701,株式会社ヤマダ設備設計,兵庫県,神戸市灘区,六甲町４丁目７番２６号,6570053
8140001002817,六甲産業株式会社,兵庫県,神戸市灘区,鶴甲４丁目１１番１号,6570011
8140001002998,株式会社アラセ,兵庫県,神戸市灘区,灘北通７丁目４番６号,6570835
8140001003030,株式会社井出工務店,兵庫県,神戸市灘区,岸地通４丁目４番８号,6570832
8140001003047,入船商事株式会社,兵庫県,神戸市灘区,岩屋中町５丁目１番６号,6570845
8140001003055,ウオクニ株式会社,兵庫県,神戸市灘区,船寺通４丁目５番１６号,6570842
8140001003063,うえむら建築株式会社,兵庫県,神戸市灘区,水道筋６丁目６番１１号,6570831
8140001003071,浦部建設株式会社,兵庫県,神戸市灘区,岩屋中町４丁目３番１６号,6570845
8140001003088,株式会社エスエムアール,兵庫県,神戸市灘区,将軍通３丁目３番７号,6570058
8140001003113,株式会社大岡,兵庫県,神戸市灘区,桜口町１丁目１番４号,6570036
8140001003121,株式会社大広産業,兵庫県,神戸市灘区,岩屋北町４丁目３番１５号４０１号,6570846
8140001003138,株式会社オールスタイル総本社,兵庫県,神戸市灘区,青谷町２丁目５番５号,6570805
8140001003146,株式会社岡本企画,兵庫県,神戸市灘区,神ノ木通３丁目６番３０号メゾン・ド・ウエモ２０３号,6570057
8140001003154,小野建設株式会社,兵庫県,神戸市灘区,灘南通１丁目３番２５号,6570841
8140001003162,株式会社カーネット,兵庫県,神戸市灘区,灘南通１丁目１−３,6570841
8140001003179,株式会社関西電気工業所,兵庫県,神戸市灘区,灘南通２丁目１番７号,6570841
8140001003187,株式会社活漁多聞丸,兵庫県,神戸市灘区,稗原町１丁目４番１６号,6570054
8140001003204,株式会社河崎工業所,兵庫県,神戸市灘区,楠丘町３丁目９番１５号,6570024
8140001003212,株式会社河村商会,兵庫県,神戸市灘区,下河原通２丁目１番５号,6570045
8140001003220,株式会社きくや,兵庫県,神戸市灘区,上河原通２丁目３番１１号,6570055
8140001003229,北野産業株式会社,兵庫県,神戸市灘区,岩屋北町５丁目１番２２号,6570846
8140001003278,株式会社倉本商事,兵庫県,神戸市灘区,篠原中町２丁目４番６号,6570066
8140001003286,ケイエスコスミック株式会社,兵庫県,神戸市灘区,赤松町１丁目１番２４号,6570061
8140001003311,宏栄運輸株式会社,兵庫県,神戸市灘区,大石南町１丁目２番１０号,6570852
8140001003336,株式会社甲南,兵庫県,神戸市灘区,灘南通３丁目１番１３号,6570841
8140001003344,株式会社甲南ビル管理,兵庫県,神戸市灘区,上河原通１丁目３番２号,6570055
8140001003377,小林造園株式会社,兵庫県,神戸市灘区,友田町４丁目４番１２号,6570035
8140001003385,斎藤石材工業株式会社,兵庫県,神戸市灘区,船寺通４丁目５番２１号,6570842
8140001003402,株式会社阪本通商,兵庫県,神戸市灘区,桜口町３丁目３番１号,6570036
8140001003410,サンセンタービル株式会社,兵庫県,神戸市灘区,篠原本町５丁目４番８号,6570067
8140001003419,株式会社サニーサイドこうべ,兵庫県,神戸市灘区,宮山町２丁目４番７号サニー六甲２階,6570065
8140001003427,株式会社サンパレ,兵庫県,神戸市灘区,城の下通１丁目２番９号,6570804
8140001003435,山陽ホンダ販売株式会社,兵庫県,神戸市灘区,上野通８丁目２番１５号,6570817
8140001003468,伸興熱工業株式会社,兵庫県,神戸市灘区,備後町５丁目３番１−３０５号,6570037
8140001003484,新成商事株式会社,兵庫県,神戸市灘区,鶴甲３丁目１２番１２号,6570011
8140001003526,株式会社シヨクハン,兵庫県,神戸市灘区,大石東町２丁目４番２７号,6570043
8140001003534,株式会社ジヤパンフアーマシー,兵庫県,神戸市灘区,灘北通５丁目８番１０号,6570835
8140001003542,真和興産株式会社,兵庫県,神戸市灘区,永手町１丁目２番２７号,6570027
8140001003550,水域株式会社,兵庫県,神戸市灘区,大石東町６丁目１番１３号,6570043
8140001003567,株式会社炭本電機興業所,兵庫県,神戸市灘区,篠原南町３丁目１番８号,6570059
8140001003625,大東自動車株式会社,兵庫県,神戸市灘区,六甲台町６番１０号,6570013
8140001003658,株式会社財田建築設計事務所,兵庫県,神戸市灘区,山田町３丁目１番１５号六甲アトリエハウス４０３号,6570064
8140001003674,タヒボインターワーク株式会社,兵庫県,神戸市灘区,六甲町４丁目７−２６,6570053
8140001003699,株式会社ティケィディマネジメント,兵庫県,神戸市灘区,篠原中町２丁目１番２９号,6570066
8140001003716,東神交通株式会社,兵庫県,神戸市灘区,味泥町５−７,6570851
8140001003732,東洋電機株式会社,兵庫県,神戸市灘区,篠原本町３丁目２番１８号,6570067
8140001003740,株式会社トキタホーム,兵庫県,神戸市灘区,城内通４丁目７番１６号,6570836
8140001003765,株式会社中津組,兵庫県,神戸市灘区,原田通３丁目３番１７号,6570837
8140001003798,株式会社なるせ,兵庫県,神戸市灘区,高羽町２丁目１０番１３号,6570023
8140001003807,西日本綜合設備株式会社,兵庫県,神戸市灘区,灘南通１丁目２番７号,6570841
8140001003823,日正工業株式会社,兵庫県,神戸市灘区,都通３丁目１番８号,6570844
8140001003831,日産地所株式会社,兵庫県,神戸市灘区,城内通５丁目１番１号,6570836
8140001003848,布引商業株式会社,兵庫県,神戸市灘区,赤松町３丁目３番１３号,6570061
8140001003872,株式会社萩本工務店,兵庫県,神戸市灘区,城内通４丁目５番１１号,6570836
8140001003914,日笠エンジニアリング株式会社,兵庫県,神戸市灘区,大石南町３丁目３番１号,6570852
8140001003930,株式会社ひめや,兵庫県,神戸市灘区,篠原中町６丁目２番１３号,6570066
8140001004020,株式会社ポエム,兵庫県,神戸市灘区,篠原本町２丁目４番１９号,6570067
8140001004029,本櫻株式会社,兵庫県,神戸市灘区,大石南町２丁目３番５号,6570852
8140001004053,マサ・コーポレーション株式会社,兵庫県,神戸市灘区,六甲台町１６番６号,6570013
8140001004086,株式会社マルコポーロ,兵庫県,神戸市灘区,篠原北町４丁目１２番２７号,6570068
8140001004103,株式会社御影エンタープライズ,兵庫県,神戸市灘区,中原通６丁目１番１１号,6570825
8140001004136,株式会社ムライ建設,兵庫県,神戸市灘区,篠原南町４丁目１番１３号,6570059
8140001004152,株式会社麺蔵,兵庫県,神戸市灘区,大月台１番地の５７,6570017
8140001004160,株式会社森口建機,兵庫県,神戸市灘区,王子町１丁目２番７号,6570838
8140001004185,山下管工株式会社,兵庫県,神戸市灘区,下河原通４丁目３番１２号,6570045
8140001004193,株式会社山ノ手開発,兵庫県,神戸市灘区,日尾町２丁目２番７号,6570029
8140001004210,株式会社ユメフル,兵庫県,神戸市灘区,八幡町２丁目６番１２号,6570051
8140001004268,ロイヤル・レナウン株式会社,兵庫県,神戸市灘区,永手町５丁目８−１２,6570027
8140001004276,六甲音波株式会社,兵庫県,神戸市灘区,大石南町１丁目５番１号,6570852
8140001004292,株式会社六甲出版,兵庫県,神戸市灘区,岩屋北町３丁目３番１８号,6570846
8140001004301,六甲丸善株式会社,兵庫県,神戸市灘区,八幡町１丁目２番４６号,6570051
8140001004334,株式会社神戸大商,兵庫県,神戸市灘区,味泥町１−１８,6570851
8140001006669,大村商事株式会社,兵庫県,神戸市灘区,六甲台町７番７−４０７号,6570013
8140001006743,株式会社山清ハウジング,兵庫県,神戸市灘区,岩屋北町２丁目１番８号,6570846
8140001007584,興陽産業株式会社,兵庫県,神戸市灘区,篠原南町４丁目６番１２号,6570059
8140001008335,株式会社ランドグリーン,兵庫県,神戸市灘区,土山町８−１,6570022
8140001008426,株式会社昌園,兵庫県,神戸市灘区,八幡町４丁目６番１１号,6570051
8140001008756,誠和興産株式会社,兵庫県,神戸市灘区,高徳町６丁目３番５−５０２,6570025
8140001010076,株式会社農産開発,兵庫県,神戸市灘区,曾和町３丁目２番１６号,6570063
8140001010142,株式会社ハンシタ,兵庫県,神戸市灘区,篠原南町６丁目１番１０−３０１号,6570059
8140001011198,株式会社宮口,兵庫県,神戸市灘区,桜ケ丘町７番１３号,6570021
8140001012634,株式会社エルモンテ,兵庫県,神戸市灘区,永手町５丁目８番１６−８０２号,6570027
8140001017550,株式会社四国日テレ広告社,兵庫県,神戸市灘区,篠原北町２丁目５番３号,6570068
8140001018417,株式会社サニーホームサービス,兵庫県,神戸市灘区,深田町２丁目６番１２号,6570038
8140001018994,株式会社アルパック,兵庫県,神戸市灘区,篠原北町３丁目３番７号,6570068
8140001019118,上善株式会社,兵庫県,神戸市灘区,友田町３丁目６番１５号ＫＨＫ灘ビル,6570035
8140001019506,エムツウ株式会社,兵庫県,神戸市灘区,六甲町３丁目５番７号,6570053
8140001019571,郷建テック株式会社,兵庫県,神戸市灘区,岩屋中町３丁目１番３０−１０３,6570845
8140001019596,株式会社プランド都市設計,兵庫県,神戸市灘区,水道筋１丁目２１−２−８０３,6570831
8140001019605,株式会社アズテック,兵庫県,神戸市灘区,新在家南町４丁目１６番１７号,6570864
8140001019828,株式会社清栄社,兵庫県,神戸市灘区,大石東町４丁目７番８号,6570043
8140001020273,株式会社日東テック,兵庫県,神戸市灘区,新在家南町５丁目９番３号,6570864
8140001020785,ヌーク株式会社,兵庫県,神戸市灘区,倉石通６丁目１番２１号,6570826
8140001021032,株式会社神和テクノ,兵庫県,神戸市灘区,友田町１丁目１番５号,6570035
8140001021528,株式会社日中物流,兵庫県,神戸市灘区,八幡町４丁目５番１号,6570051
8140001021726,株式会社ウインドワード,兵庫県,神戸市灘区,大月台１番地の５８,6570017
8140001021775,株式会社あんじゅホーム,兵庫県,神戸市灘区,灘南通３丁目４番２０号,6570841
8140001021882,ヒューネット株式会社,兵庫県,神戸市灘区,篠原中町２丁目２−１５,6570066
8140001022419,神和メディカル株式会社,兵庫県,神戸市灘区,原田通３丁目８番７号,6570837
8140001022476,株式会社ライフリンク,兵庫県,神戸市灘区,鹿ノ下通３丁目１番１号,6570044
8140001023152,大和産業株式会社,兵庫県,神戸市灘区,宮山町１丁目１番６号,6570065
8140001023607,神戸メガコンテナターミナル株式会社,兵庫県,神戸市灘区,摩耶埠頭１番１神戸港運会館ビル３階,6570854
8140001023680,株式会社テクノックス,兵庫県,神戸市灘区,六甲町３丁目８−１９,6570053
8140001023689,稜フードサービス株式会社,兵庫県,神戸市灘区,楠丘町２丁目６番９号,6570024
8140001024159,株式会社グリーンランド関西コマーシャルショップ,兵庫県,神戸市灘区,岩屋南町３番２５号,6570856
8140001024547,株式会社ＨＲＫ,兵庫県,神戸市灘区,深田町３丁目４番５号,6570038
8140001024885,月友商事株式会社,兵庫県,神戸市灘区,水道筋３丁目２番１３号,6570831
8140001024893,株式会社アトリエ恵,兵庫県,神戸市灘区,土山町１５番２９号,6570022
8140001025322,株式会社ホワイトアーク,兵庫県,神戸市灘区,稗原町２丁目３番１５号,6570054
8140001025735,株式会社グローバルクエスト,兵庫県,神戸市灘区,篠原中町２丁目４−２０,6570066
8140001026056,株式会社リズ神戸,兵庫県,神戸市灘区,岩屋北町５丁目１番２６号,6570846
8140001026337,株式会社ベスポルテ,兵庫県,神戸市灘区,高羽字滝の奥５番地の１六甲高羽アーバンライフ１１１号,6570001
8140001026725,ＣＲＯＷＮＳＴＡＲ株式会社,兵庫県,神戸市灘区,鶴甲３丁目６番１３号,6570011
8140001026832,ＳＫ商事株式会社,兵庫県,神戸市灘区,篠原中町６丁目２番１３号,6570066
8140001027310,エコシステムネット株式会社,兵庫県,神戸市灘区,寺口町１２番２号,6570062
8140001027343,株式会社ＧＡ建築設計研究所,兵庫県,神戸市灘区,琵琶町１丁目５番３号,6570041
8140001027491,株式会社六甲環境サービス,兵庫県,神戸市灘区,岩屋北町４丁目３番５０,6570846
8140001027632,株式会社Ｔｈｉｓ　ｉｓ　ｈｏｗ　ｗｅ　ｄｏ,兵庫県,神戸市灘区,摩耶海岸通２丁目３番２−２６０５号,6570855
8140001027789,神成電機工業株式会社,兵庫県,神戸市灘区,天城通１丁目１番１０号,6570823
8140001027987,株式会社サンケア,兵庫県,神戸市灘区,畑原通２丁目２番２１−１０１号,6570822
8140001028192,株式会社メディカルアーチ,兵庫県,神戸市灘区,長峰台２丁目４番１５号,6570811
8140001028242,テクノ倉石株式会社,兵庫県,神戸市灘区,倉石通５丁目１番１１号３０２号,6570826
8140001028358,株式会社東神創建,兵庫県,神戸市灘区,岸地通３丁目５−１２,6570832
8140001028416,ビリーブコーポレーション株式会社,兵庫県,神戸市灘区,下河原通３丁目６番１３号,6570045
8140001028440,株式会社ＢＥＣ,兵庫県,神戸市灘区,城内通４丁目２番３１号,6570836
8140001028977,株式会社ＮＩＭ,兵庫県,神戸市灘区,船寺通４丁目６番１０号,6570842
8140001029026,株式会社ＮＥＸＴ,兵庫県,神戸市灘区,高羽字瀧ノ奥５番地の３リビオ六甲高羽２１２号,6570001
8140001029125,株式会社トライズ,兵庫県,神戸市灘区,岸地通４丁目１番１１号,6570832
8140001029199,株式会社ホットコム,兵庫県,神戸市灘区,篠原中町３丁目５番１０号,6570066
8140001029240,株式会社シリウス,兵庫県,神戸市灘区,記田町２丁目３番１３号,6570034
8140001029257,株式会社三木谷,兵庫県,神戸市灘区,友田町４丁目１番８号,6570035
8140001029315,仁＆カンパニー株式会社,兵庫県,神戸市灘区,高徳町１丁目７番１−３０６号,6570025
8140001029686,株式会社ユーセイ,兵庫県,神戸市灘区,大石東町５丁目４番２６−１号,6570043
8140001029793,灘商事株式会社,兵庫県,神戸市灘区,烏帽子町３丁目３番１１号,6570042
8140001029926,株式会社豊荷役,兵庫県,神戸市灘区,高尾通３丁目１番１５号高尾ヴィラ２０３,6570813
8140001030405,株式会社内装屋ａデザイン室,兵庫県,神戸市灘区,都通４丁目１番１６号５階,6570844
8140001030446,フランツ株式会社,兵庫県,神戸市灘区,六甲町１丁目６−１６,6570053
8140001030669,アールホーム株式会社,兵庫県,神戸市灘区,八幡町４丁目９番２７号,6570051
8140001030909,株式会社関西国際学園,兵庫県,神戸市灘区,新在家南町４丁目９番２８号,6570864
8140001030941,株式会社アクアライン,兵庫県,神戸市灘区,永手町４丁目２番１−９０１号,6570027
8140001031015,株式会社多路源,兵庫県,神戸市灘区,高尾通４丁目３番１５−４０６号,6570813
8140001031196,株式会社桜人,兵庫県,神戸市灘区,日尾町２丁目１−２プレディオセイコー２Ｆ,6570029
8140001031213,株式会社アセットリード,兵庫県,神戸市灘区,高徳町１丁目２番１３号,6570025
8140001031270,株式会社扇矢,兵庫県,神戸市灘区,森後町３丁目３−７−１０４,6570028
8140001031659,株式会社ＰＡＬ　ＤＥＳＩＧＮ,兵庫県,神戸市灘区,琵琶町３丁目７番５号,6570041
8140001031709,あっとホーム株式会社,兵庫県,神戸市灘区,楠丘町４丁目６番９号メゾンコトブキ５０３,6570024
8140001031997,株式会社ＭＡＤＯＲＩ＆Ｃｏ．,兵庫県,神戸市灘区,上河原通３丁目４番１５号,6570055
8140001032335,株式会社長寿園,兵庫県,神戸市灘区,城の下通２丁目４−１４,6570804
8140001032426,株式会社ＮＵＶＯＣＯ,兵庫県,神戸市灘区,友田町３丁目６番１５号,6570035
8140001032541,株式会社美照,兵庫県,神戸市灘区,永手町２丁目２番１１号,6570027
8140001032723,創和クリエイティブライフ株式会社,兵庫県,神戸市灘区,水道筋５丁目１番１５号，オズハウスビル３０５号,6570831
8140001032772,株式会社理数学院,兵庫県,神戸市灘区,鶴甲３丁目１２番４０−５０３号,6570011
8140001033119,株式会社ベストライズ,兵庫県,神戸市灘区,原田通２丁目１番１号,6570837
8140001033250,株式会社アイエスダブルコウベ,兵庫県,神戸市灘区,天城通１丁目２番１８号,6570823
8140001033754,株式会社北崎商店,兵庫県,神戸市灘区,大石東町６丁目３番２５−１１１８号,6570043
8140001034001,株式会社拓工業,兵庫県,神戸市灘区,岩屋北町４丁目５番９号,6570846
8140001037994,株式会社エム・アイ・ビー,兵庫県,神戸市灘区,鶴甲４丁目１番６−１０６号,6570011
8140001038084,パテントナビ株式会社,兵庫県,神戸市灘区,記田町１丁目３番１６号,6570034
8140001038126,神和自動車興業株式会社,兵庫県,神戸市灘区,摩耶埠頭１番地摩耶業務センター３０７号,6570854
8140001042136,株式会社ＧＲＡＮＤＩ　ＳＫＹ,兵庫県,神戸市灘区,六甲町１丁目２番２６号１階,6570053
8140001042144,株式会社アドプトプラス,兵庫県,神戸市灘区,水道筋６丁目６番７号,6570831
8140001057019,株式会社神戸みなと不動産,兵庫県,神戸市灘区,鹿ノ下通１丁目４番８号,6570044
8140001065987,セーバーアサヒエナジー株式会社,兵庫県,神戸市灘区,浜田町１丁目１番３１号,6570862
8140001067694,Ｌ＆Ｋインターナショナル株式会社,兵庫県,神戸市灘区,八幡町３丁目６−１７六甲ヴィラ２１８号,6570051
8140001086851,株式会社Ｙ’ｓ　Ｐｌａｎｎｉｎｇ　Ｏｆｆｉｃｅ,兵庫県,神戸市灘区,福住通６丁目５番１３号福住マンション１０２,6570824
8140001087115,あおぞら生活株式会社,兵庫県,神戸市灘区,鹿ノ下通２丁目４番２５号,6570044
8140001087627,株式会社ＧＯコミュニケーションズ,兵庫県,神戸市灘区,五毛通４丁目１番７−１０１号,6570814
8140001088690,サイナスハウジング株式会社,兵庫県,神戸市灘区,永手町５丁目２番１４号,6570027
8140001089276,Ｊ．Ｓ．メンテナンス株式会社,兵庫県,神戸市灘区,寺口町５番２号,6570062
8140001089425,株式会社大優,兵庫県,神戸市灘区,摩耶海岸通１丁目３番１−１３０１号,6570855
8140001089763,３ｕｐ株式会社,兵庫県,神戸市灘区,中原通２丁目３−１１,6570825
8140001089986,二鶴株式会社,兵庫県,神戸市灘区,篠原本町３丁目２番３号,6570067
8140001090044,阪神協同作業株式会社,兵庫県,神戸市灘区,灘北通９丁目１−１−２０１,6570835
8140001090507,株式会社木戸電設,兵庫県,神戸市灘区,大月台１番地７９,6570017
8140001090548,株式会社ｇｏｋｉｇｅｎ,兵庫県,神戸市灘区,篠原本町３丁目２−７グレイス六甲８０１,6570067
8140001090663,株式会社Ｏｎｅ’ｓ　Ｌｉｎｅ,兵庫県,神戸市灘区,将軍通４丁目１−２０三和荘３０３,6570058
8140001090977,創一株式会社,兵庫県,神戸市灘区,灘南通３丁目１番５−４０２,6570841
8140001091208,株式会社グリーンランド・スマイルＣＭショップ,兵庫県,神戸市灘区,岩屋南町３番２５号,6570856
8140001091728,株式会社スターリング,兵庫県,神戸市灘区,赤松町３丁目１番１号メゾン・デ・ポロニア２０４,6570061
8140001093096,Ｌｅａｆ　Ｌａｂｒｕｓｃａ株式会社,兵庫県,神戸市灘区,永手町３丁目２番２７号,6570027
8140001093113,ヒューネットサービス株式会社,兵庫県,神戸市灘区,篠原中町２丁目２−１５,6570066
8140001093294,株式会社シナプス,兵庫県,神戸市灘区,桜ケ丘町１６番４９号,6570021
8140001093856,株式会社ケイ・エフ・メタル,兵庫県,神戸市灘区,倉石通３丁目１−１１,6570826
8140001093971,株式会社ローリエ,兵庫県,神戸市灘区,六甲台町５−３−４０５,6570013
8140001094862,株式会社北神計理,兵庫県,神戸市灘区,城内通５丁目２番１号,6570836
8140001095324,株式会社Ｏｎｅ　Ｗｉｔｈ　Ｏｎｅ,兵庫県,神戸市灘区,高徳町５丁目２番２号,6570025
8140001095695,株式会社ティエイチプロデュース,兵庫県,神戸市灘区,都通２丁目１番２６−７０７号,6570844
8140001096149,株式会社Ｍ＆Ｍ,兵庫県,神戸市灘区,水道筋５丁目２番５号ＭＭ．ＢＬＤＧ２Ｆ,6570831
8140001096958,株式会社ＡＫＡＳＡＫＡ,兵庫県,神戸市灘区,篠原本町１丁目６番３号,6570067
8140001097717,リッタク興発株式会社,兵庫県,神戸市灘区,新在家北町１丁目１番３０号,6570861
8140001097733,株式会社サマキアコーポレーション,兵庫県,神戸市灘区,中原通２丁目３番９号,6570825
8140001097782,株式会社ケーエムオー,兵庫県,神戸市灘区,大石南町２丁目１１番１２号,6570852
8140001097849,株式会社ＳＰＩＮＳ,兵庫県,神戸市灘区,備後町４丁目１番２−６０５号,6570037
8140001098120,株式会社安國,兵庫県,神戸市灘区,岩屋北町３丁目２番４号,6570846
8140001098186,シーテック株式会社,兵庫県,神戸市灘区,新在家南町５丁目７番１７号,6570864
8140001098277,株式会社Ｂｒｉｃｋｗｏｒｋｓ,兵庫県,神戸市灘区,千旦通４丁目３番１４号,6570056
8140001098888,Ｇｏｏｄｄｏｏｒ株式会社,兵庫県,神戸市灘区,上野通４丁目４番１４号,6570817
8140001099192,株式会社アスペンカッター,兵庫県,神戸市灘区,岩屋中町４丁目４番２９号,6570845
8140001099325,株式会社建栄,兵庫県,神戸市灘区,摩耶海岸通２丁目３−１０−７０６,6570855
8140001100744,株式会社Ａｚｌｔ,兵庫県,神戸市灘区,桜ケ丘町５−５,6570021
8140001100926,株式会社テイクオフ,兵庫県,神戸市灘区,城内通２丁目４番１３号,6570836
8140001101387,株式会社テイクゼロ,兵庫県,神戸市灘区,桜口町４丁目１番１−１２０５号,6570036
8140001101528,株式会社４Ｃｏｌｏｒｓ,兵庫県,神戸市灘区,畑原通３丁目１番１０号ハイツフジ２０３号室,6570822
8140001101684,株式会社ＧＲＥＥＮ,兵庫県,神戸市灘区,六甲山町西谷山１８７８−１０３,6570101
8140001101726,村井不動産株式会社,兵庫県,神戸市灘区,篠原北町４丁目１１番１０号,6570068
8140001102402,株式会社一縁,兵庫県,神戸市灘区,高徳町５丁目５−１４ジョイフル六甲１０１,6570025
8140001103152,株式会社カフィ,兵庫県,神戸市灘区,王子町１丁目２番地１,6570838
8140001103160,株式会社ファン,兵庫県,神戸市灘区,森後町３丁目１−１３−２０１号,6570028
8140001104010,株式会社Ｌｉｖｅ　Ｃｒｅａｔｅ,兵庫県,神戸市灘区,日尾町２丁目２番５号,6570029
8140001104365,株式会社ドイダクト,兵庫県,神戸市灘区,大石南町２丁目８−６横野マンション１階,6570852
8140001104654,株式会社神戸学育之友社,兵庫県,神戸市灘区,高羽字瀧ノ奥５番地の３リビオ六甲高羽１３１２号,6570001
8140001105017,株式会社アップウェルズ,兵庫県,神戸市灘区,六甲町４丁目１番１１号,6570053
8140001105719,サニーテクノ株式会社,兵庫県,神戸市灘区,備後町５丁目３番１ウェルブ六甲道１番街３１１号室,6570037
8140001106007,株式会社ユメ,兵庫県,神戸市灘区,中原通６丁目１番２０号,6570825
8140001107260,株式会社ＰＧＩＬ,兵庫県,神戸市灘区,徳井町４丁目２番２１号,6570033
8140001107806,高橋工業株式会社,兵庫県,神戸市灘区,一王山町１６番６号,6570012
8140001108218,株式会社ＲｅＹＺ,兵庫県,神戸市灘区,岩屋北町２丁目４番５号１０２号,6570846
8140001108597,株式会社オフィス武田,兵庫県,神戸市灘区,山田町２丁目４番４号,6570064
8140001109802,関西ブリッジサービス株式会社,兵庫県,神戸市灘区,稗原町１丁目１番２５６,6570054
8140001110628,マツダグリーンガーデン株式会社,兵庫県,神戸市灘区,味泥町１−２０,6570851
8140001110883,クラフトマンカンパニー株式会社,兵庫県,神戸市灘区,永手町２丁目３番２１号,6570027
8140001110958,株式会社コスモ,兵庫県,神戸市灘区,中郷町１丁目２番３０号,6570032
8140001110982,株式会社ＭＡＲＵプロ,兵庫県,神戸市灘区,大和町２丁目１番６−５０２号,6570031
8140001111188,株式会社ネクサス−Ｇ７,兵庫県,神戸市灘区,六甲町１丁目６番２１−３０３号,6570053
8140001111436,株式会社エスエスホーム,兵庫県,神戸市灘区,永手町２丁目２番１１号,6570027
8140001112062,株式会社イガクリ,兵庫県,神戸市灘区,六甲町５丁目５番１号,6570053
8140001112401,Ｊｏｇａｋｕ　Ｉｎｔｅｒｎａｔｉｏｎａｌ株式会社,兵庫県,神戸市灘区,水道筋４丁目３−２,6570831
8140001112418,株式会社ＵＯ,兵庫県,神戸市灘区,摩耶海岸通１丁目１番２,6570855
8140001112533,株式会社ｆａｎｃｙ　ｓｗｅｅｔｓ,兵庫県,神戸市灘区,水道筋６丁目６番１号,6570831
8140001112582,株式会社アルパカ,兵庫県,神戸市灘区,土山町７番３２号,6570022
8140001112814,ＰＥＡＲＬＳ株式会社,兵庫県,神戸市灘区,篠原台４番７号,6570016
8140001113250,ベスト・レジデンス株式会社,兵庫県,神戸市灘区,灘北通１０丁目１番９号２階,6570835
8140001113928,株式会社オリーブ・リーフ,兵庫県,神戸市灘区,灘南通６丁目１番２号,6570841
8140001115916,株式会社みなとエステート神戸,兵庫県,神戸市灘区,城内通２丁目５番２０号,6570836
8140001116303,山福株式会社,兵庫県,神戸市灘区,琵琶町１丁目１−２−１,6570041
8140001116690,株式会社神戸大学イノベーション,兵庫県,神戸市灘区,六甲台町１−１,6570013
8140001117656,株式会社スミレサカモト,兵庫県,神戸市灘区,城内通４丁目２番１４号レジデンス米倉１０１号室,6570836
8140001118051,株式会社泉栄,兵庫県,神戸市灘区,大石南町３丁目５番１０号レトア大石Ｉ２０１号,6570852
8140001119248,株式会社藤田組,兵庫県,神戸市灘区,浜田町３丁目４番８号新在家高架下東２号,6570862
8140001120494,株式会社サムライエージェント,兵庫県,神戸市灘区,日尾町２丁目３番１３号,6570029
8140001120585,Ｎｅｗ　Ｂｒｉｄｇｅ株式会社,兵庫県,神戸市灘区,桜口町３丁目３番３０−２０１号,6570036
8140001120619,株式会社ラ・サンセリテ,兵庫県,神戸市灘区,篠原北町１丁目１番２９−２０１号,6570068
8140001121063,株式会社小椋建装,兵庫県,神戸市灘区,烏帽子町３丁目１番２３−６０３号,6570042
8140001121674,株式会社龍神,兵庫県,神戸市灘区,上河原通３丁目４番１５号,6570055
8140001121971,株式会社建商,兵庫県,神戸市灘区,泉通２丁目４番１１号,6570834
8140001122367,株式会社ブル,兵庫県,神戸市灘区,摩耶海岸通２丁目３−１０−５１６,6570855
8140001123101,株式会社ＲＩＴＨｅｓｔ,兵庫県,神戸市灘区,灘北通４丁目８番１−４０１号,6570835
8140001124025,株式会社ＲＯＤ,兵庫県,神戸市灘区,赤松町１丁目１−４２,6570061
8140001124520,株式会社ティーエムティー,兵庫県,神戸市灘区,上野通１丁目２番３５−２１５号,6570817
8140001124561,株式会社Ｂ＆Ｂパートナーズ,兵庫県,神戸市灘区,船寺通４丁目１番１２−１０１号,6570842
8140001124644,ＦＯＨＬＡ　ＪＡＰＡＮ株式会社,兵庫県,神戸市灘区,城内通４丁目７番２０−３０７号,6570836
8140001125089,株式会社環幸,兵庫県,神戸市灘区,烏帽子町３丁目１番２３−２０３号,6570042
8140001125460,株式会社ＧＡＲＬＩＣ　ＢＲＯＳ,兵庫県,神戸市灘区,篠原北町３丁目７−２８,6570068
8140001126005,アポロ株式会社,兵庫県,神戸市灘区,六甲町４丁目３番３号,6570053
8140001126293,ＡＣＥサポート株式会社,兵庫県,神戸市灘区,日尾町１丁目１番５号,6570029
8140001126467,天一株式会社,兵庫県,神戸市灘区,高徳町１丁目３番１９号,6570025
8140001128109,株式会社ＭＯＣＣＨＩ,兵庫県,神戸市灘区,王子町１丁目３番３号,6570838
8140001128554,ＹＵＭＩ　ＷＯＲＬＤ　ＪＡＰＡＮ株式会社,兵庫県,神戸市灘区,永手町５丁目２番６号永手ビル３Ｆ,6570027
8140001128587,株式会社ＫＡＤＥＲ,兵庫県,神戸市灘区,赤坂通７丁目１番２６号,6570821
8140001129131,株式会社妃翔,兵庫県,神戸市灘区,中原通１丁目６番１３号,6570825
8140001129247,株式会社ジョージ,兵庫県,神戸市灘区,赤坂通８丁目１０番１２号１０４号室,6570821
8140001130213,株式会社バイオコード,兵庫県,神戸市灘区,六甲台町１番１号,6570013
8140001130304,株式会社Ｍ＆Ｍ　ＫＯＢＥ,兵庫県,神戸市灘区,六甲山町北六甲４５１２番地６８６,6570101
8140001130881,株式会社ＫＯＭＡ,兵庫県,神戸市灘区,宮山町３丁目１番２１号,6570065
8140001131863,株式会社ＲＯＣＡ,兵庫県,神戸市灘区,篠原中町３丁目３番５号,6570066
8140001132143,ミライウォーク株式会社,兵庫県,神戸市灘区,大内通２丁目１番５号,6570833
8140001132184,株式会社ＥＮＥＲＧＥＩＡ,兵庫県,神戸市灘区,備後町４丁目１番２−６０５号,6570037
8140001132820,サイナスメディカル株式会社,兵庫県,神戸市灘区,永手町５丁目２番１４号,6570027
8140001133942,韓氏株式会社,兵庫県,神戸市灘区,曽和町三丁目２番１２エヌヴィ六甲曽和町３０３,6570000
8140001133975,株式会社Ｔｏｄｏｗｅｌｌ,兵庫県,神戸市灘区,琵琶町３丁目３番１０号,6570041
8140001134404,株式会社Ｗｉｎｔｔｌｅ,兵庫県,神戸市灘区,篠原南町２丁目３−２１,6570059
8140001136697,株式会社ＡＯＩ　ｌａｂ,兵庫県,神戸市灘区,大内通４丁目１番１１号,6570833
8140001138322,株式会社Ｌｕｍｏ,兵庫県,神戸市灘区,日尾町３丁目１番３号朝日プラザ六甲ＩＩ１Ｆ,6570029
8140001139213,株式会社ＮＥＷ　ＧＥＮＥＲＡＴＩＯＮ７３,兵庫県,神戸市灘区,鶴甲３丁目１２番２６−８０１号,6570011
8140001139295,株式会社みどり建築企画,兵庫県,神戸市灘区,森後町３丁目３番７−９０１号,6570028
8140001139601,株式会社ブライト‐アド,兵庫県,神戸市灘区,城内通５丁目５番２３−６０４号,6570836
8140001140609,Ｋｏｂｅ　Ａｓｓｅｔ　Ｐａｒｔｎｅｒｓ株式会社,兵庫県,神戸市灘区,永手町３丁目４番１９号,6570027
8140001140666,Ｋ・Ｉ設備株式会社,兵庫県,神戸市灘区,上野通６丁目３番１５号,6570817
8140001141193,株式会社Ｒｏｃａｌａｃｔ,兵庫県,神戸市灘区,高羽町５丁目４番１０−１０５号,6570023
8140001141895,株式会社ＬＵＰＩＮＥ,兵庫県,神戸市灘区,徳井町１丁目２番３０−６０２号,6570033
8140001142555,株式会社ＫＯＢＥ６５,兵庫県,神戸市灘区,楠丘町６丁目４−４−１,6570024
8140002010018,株式会社サンワ総合保険企画,兵庫県,神戸市灘区,八幡町１丁目４番１号,6570051
8140002018705,株式会社美健創,兵庫県,神戸市灘区,摩耶海岸通２丁目３番３−５１４,6570855
8140002026534,株式会社和田組,兵庫県,神戸市灘区,神ノ木通３丁目５番２９号,6570057
8140003021088,株式会社ゼンキ,兵庫県,神戸市灘区,篠原本町１丁目６番３号,6570067
8150001012220,株式会社ＤＪ＆ＡＩ,兵庫県,神戸市灘区,宮山町３丁目１−１８−１０５,6570065
8170001003424,山本興業株式会社,兵庫県,神戸市灘区,赤松町１丁目１番１０号,6570061
8240001057355,株式会社ＯＲＴＥＡＴ,兵庫県,神戸市灘区,大和町３丁目２番１号アーバンライフ大和３０５,6570031
8350001008149,株式会社ＹＥＬＬ　ＰＬＡＮＴ,兵庫県,神戸市灘区,山田町２丁目１番１２号シャトー六甲１Ｆ,6570064
9010001145074,ＡＳＵＫＡ　ＥＮＥＲＧＹ株式会社,兵庫県,神戸市灘区,赤松町２丁目１番１６号,6570061
9010401171447,株式会社ＬＡ　ＯＲＧ,兵庫県,神戸市灘区,琵琶町１丁目１番２４号六甲ビル３階,6570041
9010501047803,株式会社Ｈｅｌｉｅａｒｔｈ,兵庫県,神戸市灘区,桜口町４丁目１番１−１００８号,6570036
9011001120109,ショクバイ株式会社,兵庫県,神戸市灘区,上野通３丁目１１−１,6570817
9120001022790,株式会社オムニ,兵庫県,神戸市灘区,岩屋中町３丁目２番８号,6570845
9120001029786,ポートエンタープライズ株式会社,兵庫県,神戸市灘区,篠原本町５丁目２番５号,6570067
9120001167256,ＭＥＩＷＡ株式会社,兵庫県,神戸市灘区,永手町２丁目３番２１号ＹＭＳハウス１階,6570027
9120001251183,＿＿株式会社,兵庫県,神戸市灘区,原田通３丁目７番１１−３０２号,6570837
9120001251919,株式会社ＳＳＣ,兵庫県,神戸市灘区,高徳町３丁目１番７号１０３号室,6570025
9120001256273,株式会社ＥＭ　ＴＯＷＮ,兵庫県,神戸市灘区,六甲町４丁目２番２１号,6570053
9120901030257,株式会社システムオーファー,兵庫県,神戸市灘区,六甲台町１０−６−２０３,6570013
9130001034653,株式会社ＳＩＯ,兵庫県,神戸市灘区,赤松町２丁目１番２７の４０３,6570061
9130001055113,株式会社ＩＢＪ,兵庫県,神戸市灘区,宮山町２丁目７−１４,6570065
9140001001066,今野不動産株式会社,兵庫県,神戸市灘区,中原通１丁目５番９−８０３号,6570825
9140001001074,株式会社ＫＭサービス,兵庫県,神戸市灘区,寺口町１番３号,6570062
9140001002849,株式会社ＫＳＫ,兵庫県,神戸市灘区,永手町４丁目２番１号,6570027
9140001002964,アキレス貿易株式会社,兵庫県,神戸市灘区,八幡町１丁目２番２４号,6570051
9140001002989,株式会社アマギ,兵庫県,神戸市灘区,弓木町２丁目２番３号,6570026
9140001002997,荒川建設株式会社,兵庫県,神戸市灘区,福住通５丁目３番１２号,6570824
9140001003005,株式会社飯田電気工業,兵庫県,神戸市灘区,泉通５丁目２−８,6570834
9140001003013,株式会社石井工務店,兵庫県,神戸市灘区,山田町３丁目２番６号,6570064
9140001003021,石光商事株式会社,兵庫県,神戸市灘区,岩屋南町４番４０号,6570856
9140001003038,一和設備株式会社,兵庫県,神戸市灘区,天城通５丁目１番１９号エクセレント摩耶４０３号,6570823
9140001003054,株式会社ウイング,兵庫県,神戸市灘区,篠原南町５丁目１番２１号,6570059
9140001003062,株式会社植松,兵庫県,神戸市灘区,桜口町２丁目２番１０号,6570036
9140001003079,英和株式会社,兵庫県,神戸市灘区,桜口町４丁目１番１−１１０２号,6570036
9140001003104,株式会社戎工務店,兵庫県,神戸市灘区,岩屋中町１丁目２番９号エビスビル,6570845
9140001003112,オーイー設備株式会社,兵庫県,神戸市灘区,神ノ木通２丁目４番１号,6570057
9140001003120,株式会社王子銃砲火藥店,兵庫県,神戸市灘区,原田通１丁目３番１２号,6570837
9140001003137,株式会社おおや,兵庫県,神戸市灘区,大石東町４丁目２番２号,6570043
9140001003145,株式会社岡部不動産,兵庫県,神戸市灘区,森後町２丁目３番２５号,6570028
9140001003153,オナーロイ販売株式会社,兵庫県,神戸市灘区,国玉通２丁目８番５号,6570816
9140001003161,海星商事株式会社,兵庫県,神戸市灘区,一王山町１３番２９号,6570012
9140001003194,金澤土地建物株式会社,兵庫県,神戸市灘区,神ノ木通４丁目２番１５号,6570057
9140001003211,川本重工株式会社,兵庫県,神戸市灘区,箕岡通１丁目４番９号,6570812
9140001003236,株式会社ギフトオフィスケント,兵庫県,神戸市灘区,長峰台２丁目６番３号,6570811
9140001003252,協和住宅株式会社,兵庫県,神戸市灘区,上野通８丁目９番１９号,6570817
9140001003269,株式会社グリーンプロダクト,兵庫県,神戸市灘区,味泥町４番１３号,6570851
9140001003277,倉本真珠株式会社,兵庫県,神戸市灘区,上野通５丁目３番２号,6570817
9140001003285,株式会社ケイイング,兵庫県,神戸市灘区,上野通３丁目１１番２号,6570817
9140001003310,幸栄株式会社,兵庫県,神戸市灘区,高尾通４丁目２番２１号,6570813
9140001003319,株式会社ＫＯＳＥＩ,兵庫県,神戸市灘区,城内通３丁目２番１６号,6570836
9140001003327,株式会社小泉組,兵庫県,神戸市灘区,友田町３丁目２番１０−３０１号,6570035
9140001003335,コウタリ株式会社,兵庫県,神戸市灘区,倉石通５丁目１番１８号,6570826
9140001003343,株式会社甲南百貨,兵庫県,神戸市灘区,水道筋４丁目１番２０号,6570831
9140001003351,株式会社コー・プラン,兵庫県,神戸市灘区,楠丘町２丁目５番２０号,6570024
9140001003376,寿電通株式会社,兵庫県,神戸市灘区,都通５丁目４番１２号,6570844
9140001003384,三英物産株式会社,兵庫県,神戸市灘区,楠丘町６丁目９番１０号,6570024
9140001003392,株式会社サンコー,兵庫県,神戸市灘区,水道筋４丁目１番１５号,6570831
9140001003401,株式会社迫田石材,兵庫県,神戸市灘区,大石字長峰山４番地の５８,6570000
9140001003418,株式会社里山石材土木,兵庫県,神戸市灘区,大石字長峰山４番地の７,6570000
9140001003442,三和電装株式会社,兵庫県,神戸市灘区,中原通５丁目３番１５号,6570825
9140001003450,新栄興産株式会社,兵庫県,神戸市灘区,篠原北町２丁目７番１３号,6570068
9140001003459,神鋼エアーテック株式会社,兵庫県,神戸市灘区,原田通２丁目３番１６号,6570837
9140001003475,株式会社神建サービス,兵庫県,神戸市灘区,高徳町６丁目１−８,6570025
9140001003491,シティコンシャス株式会社,兵庫県,神戸市灘区,桜口町２丁目３番１９号,6570036
9140001003500,株式会社神明,兵庫県,神戸市灘区,篠原南町７丁目４番１４号,6570059
9140001003509,島文陸運株式会社,兵庫県,神戸市灘区,岩屋中町４丁目２番７号,6570845
9140001003517,株式会社六甲道不動産,兵庫県,神戸市灘区,琵琶町１丁目６番１１号,6570041
9140001003533,株式会社ジャプス,兵庫県,神戸市灘区,篠原南町５丁目４番１１号,6570059
9140001003566,スプレッド株式会社,兵庫県,神戸市灘区,鹿ノ下通１丁目４番６号,6570044
9140001003574,セーバー技研株式会社,兵庫県,神戸市灘区,浜田町１丁目１番３１号,6570862
9140001003582,扇港トレーディング株式会社,兵庫県,神戸市灘区,都通１丁目１番６号,6570844
9140001003616,大星電気工事株式会社,兵庫県,神戸市灘区,赤坂通２丁目２番１２号,6570821
9140001003624,大藤産業株式会社,兵庫県,神戸市灘区,鶴甲４丁目６番２３号−１０２号,6570011
9140001003640,大糧株式会社,兵庫県,神戸市灘区,徳井町３丁目１番５号,6570033
9140001003649,高辻建設株式会社,兵庫県,神戸市灘区,稗原町４丁目２番１２号,6570054
9140001003707,東亜機械工業株式会社,兵庫県,神戸市灘区,岩屋北町７丁目２番２０号,6570846
9140001003715,東神工業株式会社,兵庫県,神戸市灘区,友田町２丁目５番２０号,6570035
9140001003772,株式会社中村工務店,兵庫県,神戸市灘区,大石北町２番４号,6570843
9140001003780,株式会社灘カワサキ,兵庫県,神戸市灘区,船寺通２丁目５番９号,6570842
9140001003789,株式会社灘ハウスセンター,兵庫県,神戸市灘区,灘北通７丁目１番１号,6570835
9140001003814,日亜建材株式会社,兵庫県,神戸市灘区,岩屋北町３丁目３番４号,6570846
9140001003830,株式会社日産電機サービス,兵庫県,神戸市灘区,灘南通５丁目３番２３号,6570841
9140001003839,日電理化硝子株式会社,兵庫県,神戸市灘区,篠原中町１丁目１番１８号,6570066
9140001003847,ニューライフ神戸株式会社,兵庫県,神戸市灘区,岩屋北町４丁目５番２０号,6570846
9140001003855,野條タイル株式会社,兵庫県,神戸市灘区,鹿ノ下通１丁目３番６号,6570044
9140001003863,株式会社ハウスコーポレーション,兵庫県,神戸市灘区,深田町２丁目５番７号,6570038
9140001003871,萩原珈琲株式会社,兵庫県,神戸市灘区,城内通１丁目６番１８号,6570836
9140001003896,初川商事株式会社,兵庫県,神戸市灘区,灘北通１丁目２番２０号,6570835
9140001003921,株式会社久木,兵庫県,神戸市灘区,船寺通３丁目３番７号,6570842
9140001003938,株式会社ビルアンドビル,兵庫県,神戸市灘区,大石東町５丁目２番５号,6570043
9140001003946,株式会社平田商店,兵庫県,神戸市灘区,箕岡通３丁目１番１８号,6570812
9140001003954,福田工業株式会社,兵庫県,神戸市灘区,岩屋北町４丁目４番８号,6570846
9140001003979,藤野建設株式会社,兵庫県,神戸市灘区,中原通２丁目５番１０号,6570825
9140001003995,株式会社フレイムエイジ,兵庫県,神戸市灘区,大石南町２丁目６番３号,6570852
9140001004011,ベルウッド株式会社,兵庫県,神戸市灘区,大石北町４番９号,6570843
9140001004028,株式会社ホサキ,兵庫県,神戸市灘区,原田通２丁目３番５号,6570837
9140001004044,株式会社マエダ事務機,兵庫県,神戸市灘区,灘北通５丁目３番１０号,6570835
9140001004069,株式会社豆の木,兵庫県,神戸市灘区,都通２丁目３番１３号,6570844
9140001004077,株式会社摩耶電気工業所,兵庫県,神戸市灘区,弓木町５丁目３番１９号,6570026
9140001004085,株式会社丸健商店,兵庫県,神戸市灘区,神前町４丁目５番１２号,6570052
9140001004110,株式会社ミック,兵庫県,神戸市灘区,六甲町３丁目３番３号,6570053
9140001004127,宮岸製氷冷蔵株式会社,兵庫県,神戸市灘区,森後町１丁目３番４号,6570028
9140001004143,明興電気工事株式会社,兵庫県,神戸市灘区,大石東町４丁目７番５号,6570043
9140001004151,明和産業株式会社,兵庫県,神戸市灘区,琵琶町１丁目２番１４号,6570041
9140001004168,森塗装株式会社,兵庫県,神戸市灘区,弓木町５丁目１番１７０号,6570026
9140001004184,株式会社山瀬,兵庫県,神戸市灘区,篠原本町１丁目８番２２号,6570067
9140001004218,株式会社吉田装飾工業所,兵庫県,神戸市灘区,大石南町２丁目５番１１号,6570852
9140001004250,株式会社リーブアース,兵庫県,神戸市灘区,岩屋北町３丁目３番４号,6570846
9140001004259,株式会社ルヴェール,兵庫県,神戸市灘区,篠原北町２丁目１番３０号,6570068
9140001004267,株式会社ロードテック,兵庫県,神戸市灘区,大石南町３丁目８−１９,6570852
9140001004283,六甲桜口都市開発株式会社,兵庫県,神戸市灘区,桜口町３丁目１番２１−５０８号,6570036
9140001004291,六甲シヤーリング株式会社,兵庫県,神戸市灘区,薬師通３丁目３番３５号,6570815
9140001004300,神戸六甲鉄道株式会社,兵庫県,神戸市灘区,六甲山町一ケ谷１番３２号,6570101
9140001004309,神戸港運会館株式会社,兵庫県,神戸市灘区,摩耶埠頭,6570854
9140001004317,株式会社神戸建築設計事務所,兵庫県,神戸市灘区,水道筋２丁目１３番地,6570831
9140001004325,株式会社神戸精養軒本店,兵庫県,神戸市灘区,上野通７丁目４番１７号,6570817
9140001004333,神戸通商株式会社,兵庫県,神戸市灘区,長峰台２丁目４番１６号,6570811
9140001004341,神戸鈑金工業株式会社,兵庫県,神戸市灘区,都通３丁目１番１号,6570844
9140001004358,株式会社ヒョウコウ,兵庫県,神戸市灘区,摩耶埠頭１番地,6570854
9140001004507,エスケイ株式会社,兵庫県,神戸市灘区,都通５丁目４番１４号,6570844
9140001006651,オーバーシーズ・エンジニアリング株式会社,兵庫県,神戸市灘区,大石東町３丁目４番２号,6570043
9140001007055,菊地工業株式会社,兵庫県,神戸市灘区,五毛通２丁目６番７号,6570814
9140001007831,栄商事株式会社,兵庫県,神戸市灘区,八幡町４丁目９番１９号,6570051
9140001008053,三洋住建株式会社,兵庫県,神戸市灘区,篠原中町３丁目６番１９号,6570066
9140001008268,神港メリヤス株式会社,兵庫県,神戸市灘区,水道筋３丁目１０番地,6570831
9140001009183,高千穂産業株式会社,兵庫県,神戸市灘区,篠原本町２丁目２番２８号,6570067
9140001009877,株式会社西川商店,兵庫県,神戸市灘区,篠原中町２丁目２番１５号,6570066
9140001011577,株式会社ユニバーサルシステムズ,兵庫県,神戸市灘区,岩屋中町４丁目３番１８号,6570845
9140001011750,株式会社御影住建,兵庫県,神戸市灘区,弓木町５丁目３−１９,6570026
9140001014118,株式会社神戸メリケン工房,兵庫県,神戸市灘区,味泥町５番３４号,6570851
9140001014233,株式会社マルシャン,兵庫県,神戸市灘区,曾和町２丁目４番１０号,6570063
9140001014530,株式会社若葉商会,兵庫県,神戸市灘区,摩耶埠頭２番８,6570854
9140001016650,株式会社八扇閣,兵庫県,神戸市灘区,新在家北町１丁目１番１９号,6570861
9140001017392,株式会社神田商店,兵庫県,神戸市灘区,赤坂通６丁目１番７号,6570821
9140001017995,株式会社森川建設,兵庫県,神戸市灘区,摩耶埠頭２番４,6570854
9140001019562,株式会社アイティーエイチ,兵庫県,神戸市灘区,永手町３丁目２番１６号,6570027
9140001019728,株式会社ワイエムライズ,兵庫県,神戸市灘区,岸地通４丁目１番５号,6570832
9140001020702,株式会社トータルマーケティング,兵庫県,神戸市灘区,弓木町４丁目３番１−Ｅ９０３号,6570026
9140001021056,東興商事株式会社,兵庫県,神戸市灘区,篠原北町４丁目１４番１５号,6570068
9140001021378,株式会社神豊砕石,兵庫県,神戸市灘区,友田町１丁目１番５号,6570035
9140001021551,アルコン株式会社,兵庫県,神戸市灘区,新在家南町４丁目１５−１,6570864
9140001021667,コスモタクシー株式会社,兵庫県,神戸市灘区,味泥町５番１６号,6570851
9140001021989,神大建設株式会社,兵庫県,神戸市灘区,摩耶埠頭摩耶業務センタービル４１３号,6570854
9140001022070,株式会社神戸学術事業会,兵庫県,神戸市灘区,六甲台町二丁目１番地,6570013
9140001022376,株式会社Ｅ−ＳＰＥＣ,兵庫県,神戸市灘区,大和町３丁目３番２３号,6570031
9140001022632,株式会社グローバル,兵庫県,神戸市灘区,摩耶埠頭１番１神戸港運会館ビル２階２１３号,6570854
9140001022756,株式会社ヒロ・デジタル・プロセス,兵庫県,神戸市灘区,岩屋北町３丁目３番１８号,6570846
9140001022814,株式会社エスコートコーポレーション,兵庫県,神戸市灘区,原田通１丁目２番１９号,6570837
9140001023234,土井産業株式会社,兵庫県,神戸市灘区,六甲山町西谷３７３番地,6570101
9140001023250,株式会社ランドマーク,兵庫県,神戸市灘区,岩屋北町４丁目３−１９恵ビル５Ｆ,6570846
9140001023382,株式会社グランドホーム,兵庫県,神戸市灘区,備後町５丁目３番１−１０７号,6570037
9140001023960,株式会社ＡＭＡＤＥＵＳ,兵庫県,神戸市灘区,城の下通２丁目３番２４号,6570804
9140001024075,株式会社神戸点心,兵庫県,神戸市灘区,大石南町２丁目２番２号,6570852
9140001024331,株式会社エコ・ドゥ,兵庫県,神戸市灘区,岩屋北町４丁目３番１９号,6570846
9140001024389,日本プランテック株式会社,兵庫県,神戸市灘区,水道筋１丁目１１,6570831
9140001024397,株式会社リーチ・リサーチ,兵庫県,神戸市灘区,備後町５丁目３番１号ウエルブ六甲道１番街３０４号,6570037
9140001024728,株式会社テクストラ,兵庫県,神戸市灘区,城の下通３丁目２番１８号,6570804
9140001024752,チボリＨＤ株式会社,兵庫県,神戸市灘区,山田町３丁目１番１５号,6570064
9140001024876,株式会社リコレ,兵庫県,神戸市灘区,倉石通１丁目２番１４号,6570826
9140001025651,株式会社プランニングオフィス・トライ,兵庫県,神戸市灘区,摩耶海岸通２丁目３番２−３３０６号,6570855
9140001025791,フロンティアシティー株式会社,兵庫県,神戸市灘区,篠原台２０番１号,6570016
9140001026047,株式会社ホクトウ商事,兵庫県,神戸市灘区,神前町１丁目１番２６号,6570052
9140001026088,株式会社ＮＵＶＯＣＯ　Ｇｒｏｕｐ　Ｈｏｌｄｉｎｇｓ,兵庫県,神戸市灘区,友田町３丁目６番１５号,6570035
9140001026468,株式会社ＰＥＯＮＹ,兵庫県,神戸市灘区,灘北通１０丁目２番３−１６０３,6570835
9140001026476,株式会社二光テック,兵庫県,神戸市灘区,篠原南町３丁目３番１０号,6570059
9140001026492,株式会社オキーフ,兵庫県,神戸市灘区,長峰台１丁目３番４号,6570811
9140001026807,エレクトリック・オンライン株式会社,兵庫県,神戸市灘区,友田町４丁目１番３号,6570035
9140001026815,株式会社ＤＴＣ,兵庫県,神戸市灘区,福住通４丁目５−９コートハウスＩＴＯ１０１,6570824
9140001027144,橋本商事株式会社,兵庫県,神戸市灘区,水道筋６丁目３−１,6570831
9140001027474,東京ロール紙販売株式会社,兵庫県,神戸市灘区,宮山町３丁目３番２７−６０１号,6570065
9140001027482,株式会社ワークデザイン,兵庫県,神戸市灘区,深田町３丁目３番１−４０１号,6570038
9140001027689,ＴＯＰＳＯＩＬ株式会社,兵庫県,神戸市灘区,長峰台２丁目４番１５号,6570811
9140001027714,コーワプラン株式会社,兵庫県,神戸市灘区,原田通３丁目６−８,6570837
9140001027796,株式会社トランスオーシャンプランニング,兵庫県,神戸市灘区,大石南町１丁目４番２４号,6570852
9140001027838,株式会社シェアフィール,兵庫県,神戸市灘区,畑原通３丁目１番１４号１０２号,6570822
9140001027887,株式会社武田組,兵庫県,神戸市灘区,灘南通１丁目２番１５号,6570841
9140001027978,マチ不動産株式会社,兵庫県,神戸市灘区,福住通２丁目１番９号,6570824
9140001027986,株式会社雄,兵庫県,神戸市灘区,下河原通２丁目１番３−７０１号,6570045
9140001028043,ＲＹＯＢＩ　Ｅ＆Ｃ株式会社,兵庫県,神戸市灘区,桜ケ丘町１５番６５−７０１号,6570021
9140001028316,株式会社ＬＯＯＰ,兵庫県,神戸市灘区,友田町１丁目１番８号,6570035
9140001028415,株式会社タビスタ・インターナショナル,兵庫県,神戸市灘区,稗原町１丁目５番１−８０７号,6570054
9140001028588,Ｇａｌｅｒｉｅ　ｄｅｓ　Ａｒｔｓ株式会社,兵庫県,神戸市灘区,大和町３丁目２番５号,6570031
9140001028803,株式会社フェイス,兵庫県,神戸市灘区,篠原伯母野山町２丁目３番１−Ｂ５０８号,6570015
9140001028992,株式会社ダイヤ商事,兵庫県,神戸市灘区,灘北通４丁目７番１２号,6570835
9140001029099,株式会社ＭＩＣ,兵庫県,神戸市灘区,福住通４丁目１−２,6570824
9140001029438,フィッツ・コミュニケーションズ株式会社,兵庫県,神戸市灘区,摩耶海岸通２丁目３番ＨＡＴ神戸灘の浜２番館１３０４号,6570855
9140001029545,株式会社ガルーダ,兵庫県,神戸市灘区,鶴甲１丁目４番１４−１０２号,6570011
9140001029578,株式会社やまもとや,兵庫県,神戸市灘区,水道筋１丁目２１番地の２−２０４号,6570831
9140001029660,株式会社ラビータ,兵庫県,神戸市灘区,鶴甲３丁目１３番１５−５０３号,6570011
9140001029685,株式会社グランドエステート,兵庫県,神戸市灘区,備後町５丁目３番１−１０８号,6570037
9140001030024,株式会社シャムロック,兵庫県,神戸市灘区,鶴甲３丁目５番３０−１０８号,6570011
9140001030098,株式会社セールスコム,兵庫県,神戸市灘区,高徳町５丁目３番２０号,6570025
9140001030296,トヨウラ土木株式会社,兵庫県,神戸市灘区,高羽町３丁目１２番２０号,6570023
9140001030362,株式会社キュアａｍｏｒ,兵庫県,神戸市灘区,鶴甲１丁目５番３−４０２号,6570011
9140001030453,株式会社Ｐ．Ｍ．Ｓ．,兵庫県,神戸市灘区,高徳町１丁目１０番２−５０４号,6570025
9140001030486,株式会社国陽貿易,兵庫県,神戸市灘区,篠原北町３丁目１４番１２−７０２号,6570068
9140001030569,株式会社北原工務店,兵庫県,神戸市灘区,都通３丁目２番１４号,6570844
9140001030726,株式会社猫の手,兵庫県,神戸市灘区,鹿ノ下通２丁目４番２２号,6570044
9140001030932,株式会社ソルエフィオーレ,兵庫県,神戸市灘区,城内通２丁目３番１１号,6570836
9140001031039,株式会社アイエスコーポレーション,兵庫県,神戸市灘区,篠原本町２丁目２番２８号,6570067
9140001031121,株式会社ケーブレイン,兵庫県,神戸市灘区,新在家南町３丁目３番２号,6570864
9140001031204,株式会社ソレイユ．研究所,兵庫県,神戸市灘区,高徳町６丁目２番１０号,6570025
9140001031212,株式会社ＳＢＢ６６,兵庫県,神戸市灘区,赤松町３丁目２番３号,6570061
9140001031336,株式会社ＫＳＰ,兵庫県,神戸市灘区,桜ケ丘町６番３３号,6570021
9140001031385,グローウィングファーマシー株式会社,兵庫県,神戸市灘区,福住通２丁目１番１７号,6570824
9140001031393,株式会社サンライズ,兵庫県,神戸市灘区,土山町１番１３号,6570022
9140001032037,株式会社Ｋｏｂｅ　Ｃｉｔｙ,兵庫県,神戸市灘区,永手町１丁目３番１６号,6570027
9140001032301,株式会社川福開発,兵庫県,神戸市灘区,深田町４丁目１番１号,6570038
9140001032342,株式会社クロス・ロード,兵庫県,神戸市灘区,大石東町１丁目３番９号,6570043
9140001032615,株式会社ヒナコーポレーション,兵庫県,神戸市灘区,備後町５丁目３−１−３０９,6570037
9140001032680,株式会社リブラ,兵庫県,神戸市灘区,永手町５丁目３番１８−７０２,6570027
9140001032747,株式会社ブロードオン,兵庫県,神戸市灘区,水道筋６丁目２番４号,6570831
9140001033183,神戸プロジェクトサポート株式会社,兵庫県,神戸市灘区,篠原本町３丁目２番１０−２０３号,6570067
9140001033316,株式会社メディカルファシリティーズ,兵庫県,神戸市灘区,篠原伯母野山町２丁目２番１−５０２号,6570015
9140001033398,株式会社ｋｎｙｓ,兵庫県,神戸市灘区,土山町８番３５−５１６号,6570022
9140001033431,株式会社データ・ブレーン,兵庫県,神戸市灘区,灘北通８丁目１番１７号１Ｆ,6570835
9140001033596,株式会社オーギュスト,兵庫県,神戸市灘区,桜ケ丘町１５番６５−８０６号,6570021
9140001033761,株式会社エフエフ,兵庫県,神戸市灘区,永手町３丁目４番２号,6570027
9140001033951,株式会社ラインビルド,兵庫県,神戸市灘区,篠原南町１丁目２番２２号,6570059
9140001034009,東陽国際産業株式会社,兵庫県,神戸市灘区,山田町３丁目１−４０−４１３,6570064
9140001038042,中山通商株式会社,兵庫県,神戸市灘区,味泥町３番２１号,6570851
9140001038240,株式会社あかりみらい,兵庫県,神戸市灘区,大和町３丁目３番１４−５０１号,6570031
9140001042614,シマブンスチールパートナーズ株式会社,兵庫県,神戸市灘区,岩屋中町４丁目２番７号,6570845
9140001067693,株式会社ＫＦＲ,兵庫県,神戸市灘区,桜口町５丁目１番８号,6570036
9140001069707,株式会社ニシウン,兵庫県,神戸市灘区,摩耶埠頭１番１４,6570854
9140001070581,株式会社モリテック,兵庫県,神戸市灘区,摩耶埠頭３番地,6570854
9140001073411,株式会社ロイヤル洋行,兵庫県,神戸市灘区,篠原台８−４７−Ｂ２,6570016
9140001086314,株式会社アーバン神戸,兵庫県,神戸市灘区,岩屋北町６丁目１番３号,6570846
9140001086413,株式会社プラスホーム,兵庫県,神戸市灘区,赤坂通３丁目５番８−１０１号,6570821
9140001086768,株式会社レイズ,兵庫県,神戸市灘区,上河原通１丁目３番１６号,6570055
9140001086826,株式会社オリジナル,兵庫県,神戸市灘区,倉石通１丁目２番２３−３０１号,6570826
9140001087114,摩耶エステム株式会社,兵庫県,神戸市灘区,大内通３丁目４番２５号,6570833
9140001087254,ＴＡＫＥ　ＯＵＴ　ＮＡＶＩ株式会社,兵庫県,神戸市灘区,船寺通１丁目８番１５号,6570842
9140001087452,株式会社フェニックスハウス,兵庫県,神戸市灘区,高尾通４丁目２番１７号アーバン高尾６０３号,6570813
9140001087790,株式会社水樹,兵庫県,神戸市灘区,日尾町２丁目２−８マグノリアパレスビル１階６号室,6570029
9140001088632,株式会社Ｓ＆Ｋコーポレーション,兵庫県,神戸市灘区,森後町２丁目３−２０−１０２号,6570028
9140001089985,株式会社Ｇｒａｎｔ,兵庫県,神戸市灘区,大和町３丁目１番１３号,6570031
9140001090274,株式会社Ｕ＆ＣＯＬＯＲ,兵庫県,神戸市灘区,篠原台八丁目４５番地１５号,6570016
9140001090431,株式会社のどか,兵庫県,神戸市灘区,篠原台８番２０号,6570016
9140001090596,株式会社ライフアート,兵庫県,神戸市灘区,新在家南町５丁目３番２７号,6570864
9140001091529,株式会社ａｉｔｙ,兵庫県,神戸市灘区,岩屋南町４番５５号,6570856
9140001091628,株式会社スマートホーム,兵庫県,神戸市灘区,王子町１丁目３番１６−２Ｆ号,6570838
9140001092428,株式会社Ｍ’ｓアセットメント,兵庫県,神戸市灘区,高羽町２丁目１０−１６,6570023
9140001092584,センシン株式会社,兵庫県,神戸市灘区,神ノ木通３丁目５番３０号,6570057
9140001092667,株式会社ｄｅｃｋｗａｌｌ,兵庫県,神戸市灘区,水道筋１丁目３４,6570831
9140001092857,株式会社日東陸送関西,兵庫県,神戸市灘区,船寺通４丁目１番１２号,6570842
9140001093046,株式会社ＳＫＹ　Ｐｏｒｔ,兵庫県,神戸市灘区,永手町１丁目４−１,6570027
9140001093194,株式会社のり王,兵庫県,神戸市灘区,都通２丁目１番１８−８１１号,6570844
9140001093558,株式会社アモーレファミリア,兵庫県,神戸市灘区,大和町３丁目１番１３号,6570031
9140001093574,株式会社ＴＯＭＯＲＲＯＷ,兵庫県,神戸市灘区,稗原町２丁目３番６号,6570054
9140001093806,スターライトサポート株式会社,兵庫県,神戸市灘区,篠原中町２丁目２番２４号,6570066
9140001095100,株式会社灘商会,兵庫県,神戸市灘区,上野通５丁目４番１０−１号ｓｔｕｄｉｏＡＩＣＨＬＥＲ,6570817
9140001095471,株式会社松田エンジニアリング,兵庫県,神戸市灘区,岩屋中町５丁目２番３３−３０２号,6570845
9140001095901,Ｓｋｙ　Ｇａｉｎ株式会社,兵庫県,神戸市灘区,篠原北町４丁目３番１６号,6570068
9140001095942,オーバーライト株式会社,兵庫県,神戸市灘区,大石字長峰山４番地８,6570000
9140001096445,株式会社三倉,兵庫県,神戸市灘区,鶴甲３丁目１３番１５−３０３号,6570011
9140001096544,株式会社ジュネルアカデミー・ジャパン,兵庫県,神戸市灘区,篠原本町２丁目４番２２号,6570067
9140001096651,株式会社グラッシー,兵庫県,神戸市灘区,国玉通４丁目２番１０号,6570816
9140001097732,株式会社ズーム,兵庫県,神戸市灘区,岸地通４丁目４番１１号ライオンズマンション王子公園東１階,6570832
9140001097930,株式会社リメイク,兵庫県,神戸市灘区,鹿ノ下通２丁目４番２５号,6570044
9140001097963,株式会社ＲＯＫＫＯ　ＷＥＳＴ,兵庫県,神戸市灘区,宮山町２丁目５−６,6570065
9140001098367,株式会社みなと神戸給与サポート,兵庫県,神戸市灘区,岩屋北町５丁目１番２６−７０４号,6570846
9140001098854,株式会社ＧＥＮ,兵庫県,神戸市灘区,赤坂通３丁目３番２号,6570821
9140001100017,Ｗｏｒｌｄ　ｗｉｎｇ株式会社,兵庫県,神戸市灘区,摩耶海岸通２丁目３−１−１８０７,6570855
9140001100215,株式会社ちはや,兵庫県,神戸市灘区,稗原町２丁目３番２０−１０１号,6570054
9140001100603,株式会社Ｇ．ｃｒａｆｔ,兵庫県,神戸市灘区,福住通１丁目１番１５号,6570824
9140001101436,株式会社ＩＣＢ,兵庫県,神戸市灘区,灘北通２丁目７番７号,6570835
9140001101733,アドバンス通信株式会社,兵庫県,神戸市灘区,篠原南町５丁目４番７号,6570059
9140001101972,株式会社キッズドゥ,兵庫県,神戸市灘区,日尾町２丁目３番１３−２０３号,6570029
9140001102541,株式会社Ｇａｒｂｏ,兵庫県,神戸市灘区,福住通６丁目７番２１号,6570824
9140001103267,株式会社イーカス,兵庫県,神戸市灘区,大石東町２丁目５番６号,6570043
9140001103333,株式会社ガラスワークス関西,兵庫県,神戸市灘区,中原通３丁目１番１７号,6570825
9140001103606,新星興業株式会社,兵庫県,神戸市灘区,永手町４丁目２番１号,6570027
9140001103861,神戸パンチボトリング株式会社,兵庫県,神戸市灘区,浜田町３丁目２２番地,6570862
9140001103960,株式会社アイホーム,兵庫県,神戸市灘区,日尾町１丁目２番９号,6570029
9140001104018,株式会社酒井ヘルスクラブ,兵庫県,神戸市灘区,水道筋４丁目１番１４号メゾンウエルス２０１号室,6570831
9140001104232,株式会社ＡＲＯＵＮＤ,兵庫県,神戸市灘区,城内通５丁目１番６号,6570836
9140001104587,株式会社大陸風,兵庫県,神戸市灘区,摩耶埠頭２番２,6570854
9140001105156,株式会社ＥＲエクスプレス,兵庫県,神戸市灘区,深田町３丁目３番４号,6570038
9140001105924,株式会社リドライブ,兵庫県,神戸市灘区,新在家南町５丁目７番８号,6570864
9140001106245,株式会社イーアールホームズ,兵庫県,神戸市灘区,八幡町２丁目１２番１７号,6570051
9140001106352,株式会社Ｒａｙ　Ｊａｐａｎ,兵庫県,神戸市灘区,友田町４丁目２番１７号,6570035
9140001106872,海藍株式会社,兵庫県,神戸市灘区,篠原伯母野山町２丁目３番１−Ａ８０５号,6570015
9140001107334,株式会社ｉｄｅａｌ,兵庫県,神戸市灘区,寺口町１４番１４−４０２号,6570062
9140001107490,株式会社Ｔ　ａｎｄ　Ｍ,兵庫県,神戸市灘区,高尾通４丁目３番１５号,6570813
9140001108860,株式会社Ｑｕａｔｔｒｏ,兵庫県,神戸市灘区,森後町２丁目３番２２号丸五ビル３１０号室,6570028
9140001109041,株式会社Ｔ２ソフトウェア,兵庫県,神戸市灘区,大石東町１丁目１番１−９０８号,6570043
9140001109438,株式会社ＩＬＢＯ,兵庫県,神戸市灘区,岩屋北町４丁目３番５号ワタナベビル２Ｆ,6570846
9140001109446,千野電設株式会社,兵庫県,神戸市灘区,千旦通３丁目４番１５号,6570056
9140001110172,株式会社王子サービス,兵庫県,神戸市灘区,城内通４丁目２番２２号美登利荘２Ｃ,6570836
9140001110180,メンタルチャージＩＳＣ研究所株式会社,兵庫県,神戸市灘区,篠原中町４丁目５番１号,6570066
9140001110610,株式会社三幸,兵庫県,神戸市灘区,赤坂通６丁目５番１５号,6570821
9140001110718,株式会社松興,兵庫県,神戸市灘区,篠原伯母野山町３丁目９番３６号,6570015
9140001111559,ｎａｏ株式会社,兵庫県,神戸市灘区,永手町５丁目２番２６号,6570027
9140001111575,株式会社ｄａｗｎ一級建築士事務所,兵庫県,神戸市灘区,備後町３丁目２−１６−２０１,6570037
9140001111831,株式会社Ｙ．ｆ　ｐｒｏｐｅｒｔｙ,兵庫県,神戸市灘区,赤坂通３丁目１番９号,6570821
9140001112177,株式会社ヒロカンパニー,兵庫県,神戸市灘区,森後町２丁目２番３号アパ六甲１０１号,6570028
9140001113596,株式会社河端商会,兵庫県,神戸市灘区,城内通２丁目５番２２−３０１号,6570836
9140001113794,株式会社プロフィール,兵庫県,神戸市灘区,浜田町２丁目４番２号,6570862
9140001113919,株式会社ロジスト神戸,兵庫県,神戸市灘区,摩耶埠頭２番３,6570854
9140001113951,ＮＰ　Ｇｒａｎｄｉｒ株式会社,兵庫県,神戸市灘区,六甲台町４番３８−２０２号,6570013
9140001114974,株式会社Ｔ＆Ａ,兵庫県,神戸市灘区,天城通８丁目５番７号,6570823
9140001115080,株式会社ハイエッジ,兵庫県,神戸市灘区,篠原伯母野山町２丁目３番１−Ｄ４０２号,6570015
9140001115790,株式会社ＶＩＡＳＴＡ,兵庫県,神戸市灘区,水道筋２丁目３３番地の１、１４０１号,6570831
9140001117564,ブライト株式会社,兵庫県,神戸市灘区,桜ケ丘町８番３号,6570021
9140001117597,株式会社笠原工務店,兵庫県,神戸市灘区,中原通４丁目１番１号シャトー中原１０１号,6570825
9140001117886,水道筋音楽出版株式会社,兵庫県,神戸市灘区,水道筋３丁目４−２４,6570831
9140001118447,株式会社中島屋,兵庫県,神戸市灘区,篠原中町１丁目５番２５号,6570066
9140001118926,株式会社ＳＡＳＳ　ＪＡＰＡＮ，Ｉｎｃ．,兵庫県,神戸市灘区,長峰台２丁目３番２−８０７号,6570811
9140001119494,株式会社リンクサイン,兵庫県,神戸市灘区,灘南通２丁目２−６,6570841
9140001119692,株式会社ＫＵＴＡ,兵庫県,神戸市灘区,森後町３丁目３番７号,6570028
9140001119908,株式会社ディアリオ,兵庫県,神戸市灘区,国玉通２丁目３番６号,6570816
9140001120535,長谷川興産株式会社,兵庫県,神戸市灘区,灘北通９丁目３−１９,6570835
9140001121442,株式会社Ｇｏｌｄｅｎ　Ｄｅｗ,兵庫県,神戸市灘区,岩屋北町３丁目２−１１佐渡友住宅２階,6570846
9140001121599,株式会社岩コーポレーション,兵庫県,神戸市灘区,新在家南町４丁目１６番１５号１階,6570864
9140001122044,株式会社Ｒｉｃｈ　Ｗｉｔ,兵庫県,神戸市灘区,大石南町３丁目４番６号,6570852
9140001122060,ＹｕｍｅＫａ　Ｌｉｎｅ株式会社,兵庫県,神戸市灘区,大石北町７番４号ウイングマンション１Ｆ,6570843
9140001122531,拓幸メリヤス株式会社,兵庫県,神戸市灘区,日尾町３丁目１番２６号,6570029
9140001122564,不二商事株式会社,兵庫県,神戸市灘区,水道筋５丁目１番７−５０７号,6570831
9140001122671,ＫＣ株式会社,兵庫県,神戸市灘区,福住通５丁目３−２,6570824
9140001122936,Ｋ−ＮＩＮＥ株式会社,兵庫県,神戸市灘区,高尾通４丁目２番１７−２０３号,6570813
9140001123042,ロコズ株式会社,兵庫県,神戸市灘区,宮山町１丁目１番２２号,6570065
9140001123901,Ｍａｔｈａｗａｙ株式会社,兵庫県,神戸市灘区,篠原本町３丁目２番３６号,6570067
9140001124255,株式会社ＩＳＩ３,兵庫県,神戸市灘区,五毛通１丁目２番１０号ＳｈｅｗａｓＧａｒｄｅｎ,6570814
9140001124585,ｐｉｏｎｕｎｎａｌ株式会社,兵庫県,神戸市灘区,篠原北町３丁目１４番１２−６０２号,6570068
9140001125030,株式会社ＦＲＥＥ　ＯＮＥ,兵庫県,神戸市灘区,楠丘町５丁目６番６号,6570024
9140001125550,株式会社アクアトラスト,兵庫県,神戸市灘区,赤坂通６丁目３番７号,6570821
9140001125559,株式会社池末組,兵庫県,神戸市灘区,楠丘町６丁目４番４−２０１号,6570024
9140001126160,ワイムデザイン株式会社,兵庫県,神戸市灘区,鶴甲２丁目１３−２２,6570011
9140001126292,共栄海事株式会社,兵庫県,神戸市灘区,摩耶埠頭１番地３−２０３,6570854
9140001126499,株式会社Ｈｉｌｏ,兵庫県,神戸市灘区,灘南通４丁目３番１８号,6570841
9140001126565,六甲土地株式会社,兵庫県,神戸市灘区,鶴甲２丁目６番１号,6570011
9140001126796,株式会社六甲コンサルタント,兵庫県,神戸市灘区,宮山町３丁目３番４３号,6570065
9140001126821,株式会社ＡＢＡＫＡＭ,兵庫県,神戸市灘区,篠原中町４丁目２番６号,6570066
9140001126904,日豊株式会社,兵庫県,神戸市灘区,摩耶海岸通１丁目１番４−１０５号,6570855
9140001127407,株式会社新神戸建設,兵庫県,神戸市灘区,琵琶町１丁目６−２１,6570041
9140001127514,株式会社ｅｐｉｆｕｎｎｙ　ｃｏｍｐａｎｙ,兵庫県,神戸市灘区,鹿ノ下通１丁目３番１６号,6570044
9140001127836,株式会社ぷらんねる,兵庫県,神戸市灘区,徳井町４丁目１−１８,6570033
9140001128900,株式会社神鷲,兵庫県,神戸市灘区,薬師通２丁目２番１１−３０２号,6570815
9140001129130,株式会社Ｂａｉｔｏ　ｇｒｏｕｐ,兵庫県,神戸市灘区,友田町２丁目５番１７号,6570035
9140001129320,株式会社ぼんじー,兵庫県,神戸市灘区,神前町３丁目２番３号,6570052
9140001130039,ＭＯＨＩＮＡＮＩ　ＦＡＭＩＬＹ　ＯＦＦＩＣＥ株式会社,兵庫県,神戸市灘区,篠原本町３丁目６番１１号１０１,6570067
9140001130518,株式会社吉田商店,兵庫県,神戸市灘区,城内通４丁目２番２２号,6570836
9140001130633,株式会社全空警,兵庫県,神戸市灘区,永手町５丁目２番７−３０２号,6570027
9140001130988,株式会社ＪＥＩ‐ＨＯＵＳＥ,兵庫県,神戸市灘区,泉通１丁目１番１０号,6570834
9140001131094,株式会社ＴＯＰＧＵＮｃｏｌｏｒｓ,兵庫県,神戸市灘区,鶴甲３丁目１５番２号,6570011
9140001131656,株式会社ＫＩパートナーズ,兵庫県,神戸市灘区,泉通５丁目２番２号,6570834
9140001131813,株式会社竜昇,兵庫県,神戸市灘区,友田町２丁目５番１９−１０２号,6570035
9140001132448,株式会社ＡＥＴ,兵庫県,神戸市灘区,篠原中町４丁目１番２３−１号,6570066
9140001132464,株式会社Ｏａｈｋ,兵庫県,神戸市灘区,泉通５丁目３番５号,6570834
9140001132927,株式会社ｃｈｉｋｕｔａｋｕ,兵庫県,神戸市灘区,高羽町５丁目５−２１−１０２,6570023
9140001133181,まやとねこ株式会社,兵庫県,神戸市灘区,水道筋５丁目２番１８号第一サンコービル１０２,6570831
9140001133702,株式会社別館,兵庫県,神戸市灘区,水道筋６丁目１番３号,6570831
9140001134262,株式会社ＰＯＮ,兵庫県,神戸市灘区,赤坂通６丁目４番１７−１号,6570821
9140001134279,株式会社Ｇｌｏｗ　Ｕｐ,兵庫県,神戸市灘区,上野通３丁目５番９号,6570817
9140001134709,株式会社皓悦,兵庫県,神戸市灘区,青谷町３丁目２番２０−３０６号,6570805
9140001134873,株式会社鬼塚商店,兵庫県,神戸市灘区,船寺通４丁目１番１１号,6570842
9140001135145,株式会社ショーター整形靴工房,兵庫県,神戸市灘区,原田通１丁目１番５号リムハウス１階,6570837
9140001135269,株式会社ＥＬＳ,兵庫県,神戸市灘区,薬師通３丁目３−４１,6570815
9140001135450,株式会社ＭＩＮＡＴＯ,兵庫県,神戸市灘区,八幡町１丁目９番７号,6570051
9140001135954,株式会社神戸吉右衛門,兵庫県,神戸市灘区,城内通５丁目５番２３−６０１号,6570836
9140001136795,株式会社ＭｕｒｋｉｓＬａｂ,兵庫県,神戸市灘区,高羽町５丁目４−１５,6570023
9140001136969,ベイシックス株式会社,兵庫県,神戸市灘区,城内通２丁目１番２６号,6570836
9140001136985,癒方鍼灸株式会社,兵庫県,神戸市灘区,王子町１丁目３番６号,6570838
9140001137521,株式会社颯,兵庫県,神戸市灘区,灘南通６丁目１番２号,6570841
9140001137843,株式会社ａｓｏｂｉｂａ,兵庫県,神戸市灘区,六甲台町６番２８−４０１号,6570013
9140001137892,株式会社ＢＲＵＮ　ＤＯＮＵＴＳ,兵庫県,神戸市灘区,桜口町５丁目１番１号ウェルブ六甲５番街１１８,6570036
9140001138676,株式会社きのとみ,兵庫県,神戸市灘区,薬師通１丁目１−１９−３０１,6570815
9140001138949,安裕株式会社,兵庫県,神戸市灘区,八幡町３丁目６−１７六甲ヴィラ２０２号,6570051
9140001139666,新日輝産業株式会社,兵庫県,神戸市灘区,青谷町３丁目２番２０−２０２号,6570805
9140001139947,株式会社青柳ニューシングス,兵庫県,神戸市灘区,大土平町１丁目４番１１−７０４号,6570014
9140001140203,株式会社輝医療福祉サービス,兵庫県,神戸市灘区,弓木町５丁目３番１６号,6570026
9140001140260,株式会社コウムテン・エフ,兵庫県,神戸市灘区,灘南通１丁目３番８号,6570841
9140001140822,株式会社サクシード,兵庫県,神戸市灘区,楠丘町４丁目１番３２−４１３号,6570024
9140001140913,株式会社売りと買いの相棒,兵庫県,神戸市灘区,桜口町１丁目３番２４−２号,6570036
9140001140970,株式会社Ｗｈｉｔｅ　Ｒｏｓｅ　Ｉｎｖｅｓｔｍｅｎｔｓ,兵庫県,神戸市灘区,篠原本町３丁目６番１１号２０１,6570067
9140001141003,株式会社スプ,兵庫県,神戸市灘区,水道筋１丁目３４番地,6570831
9140001141201,株式会社サプライプラスワン,兵庫県,神戸市灘区,六甲台町８番４７−６１０号,6570013
9140001141358,株式会社Ｌｏｗ　Ｂａｃｋｇｒｏｕｎｄ　Ｔｅｃｈｎｏｌｏｇｉｅｓ,兵庫県,神戸市灘区,六甲台町１−１理学研究科内,6570013
9140001141936,株式会社Ｅｓｔｏｒｙ,兵庫県,神戸市灘区,岩屋北町３丁目５番１号,6570846
9140001142249,株式会社ＧＲＥＥＮ　ＶＩＢＥＳ　ＯＮＬＹ,兵庫県,神戸市灘区,神前町３丁目３−３−３０１,6570052
9140002005157,株式会社フジヤス,兵庫県,神戸市灘区,岩屋中町３丁目２番１号,6570845
9140002020032,株式会社オートビジネス,兵庫県,神戸市灘区,友田町１丁目５番５号,6570035
9140003004975,株式会社坂本事務所,兵庫県,神戸市灘区,高羽町３丁目４番１５−２号,6570023
9140003013324,ＨＡＬＤＡＴＡ株式会社,兵庫県,神戸市灘区,摩耶海岸通１丁目１番５−４０７号,6570855
9360001032543,株式会社ＶＡＬＵＥＭＥＮ　ＧＲＯＵＰ,兵庫県,神戸市灘区,鶴甲４丁目２番１１号,6570011
