法人番号,法人名,都道府県,市区町村,番地,郵便番号
1011001130528,株式会社コアエレメンツ,兵庫県,神戸市長田区,大橋町４丁目４番１７号,6530037
1011101055682,株式会社アルティメット,兵庫県,神戸市長田区,雲雀ケ丘３丁目６番４−３０８号,6530879
1120001195074,株式会社ＨＩＫＡＲＩＥ,兵庫県,神戸市長田区,細田町３丁目７−５（１階）,6530835
1120901026345,株式会社エネール,兵庫県,神戸市長田区,大橋町１丁目３番１２号,6530037
1130001050848,Ａ．ｉ管理株式会社,兵庫県,神戸市長田区,片山町５丁目１１番１９号−２Ｆ,6530805
1140001003185,鹿島ハウス工業株式会社,兵庫県,神戸市長田区,五位ノ池町３丁目１３番８号,6530851
1140001005066,株式会社タナベ,兵庫県,神戸市長田区,滝谷町２丁目７番１６号,6530881
1140001006080,株式会社いくせい,兵庫県,神戸市長田区,御蔵通４丁目２０５番地の２,6530014
1140001006543,株式会社エムテイシー,兵庫県,神戸市長田区,庄田町２丁目１番１１号,6530035
1140001007913,三伸工業株式会社,兵庫県,神戸市長田区,二番町２丁目２番地の１,6530012
1140001009967,日生ハウジング株式会社,兵庫県,神戸市長田区,名倉町５丁目５番５号,6530883
1140001010339,株式会社Ｂ・Ｋ・Ｋ・情報,兵庫県,神戸市長田区,大丸町１丁目１９番１６号マンザンビル１０１号,6530806
1140001012302,兵庫コーポレーション株式会社,兵庫県,神戸市長田区,若松町５丁目５番１号,6530038
1140001012517,株式会社イノウエ,兵庫県,神戸市長田区,東尻池町９丁目１番２０号,6530022
1140001012558,株式会社ウエスト,兵庫県,神戸市長田区,梅ケ香町２丁目６番８号,6530021
1140001012995,株式会社合同建設,兵庫県,神戸市長田区,菅原通７丁目２−３０２,6530015
1140001013829,株式会社日新,兵庫県,神戸市長田区,苅藻島町２丁目２番３０号,6530033
1140001013886,舶用精工株式会社,兵庫県,神戸市長田区,御蔵通６丁目６番地,6530014
1140001014042,株式会社藤井商店,兵庫県,神戸市長田区,御船通４丁目８番１号ルネタウン御船１Ｆ４号,6530832
1140001015643,株式会社アーバネット,兵庫県,神戸市長田区,若松町２丁目１番３号,6530038
1140001015668,株式会社旭商事,兵庫県,神戸市長田区,長楽町６丁目３番８号,6530054
1140001015692,阿波興産株式会社,兵庫県,神戸市長田区,池田上町４８番地の１９,6530824
1140001015701,株式会社イオク,兵庫県,神戸市長田区,五番町２丁目６番３０号,6530003
1140001015726,株式会社一直,兵庫県,神戸市長田区,四番町８丁目１１番地,6530004
1140001015734,乾商事株式会社,兵庫県,神戸市長田区,大谷町３丁目１番４７号,6530838
1140001015750,株式会社ウエダヤ,兵庫県,神戸市長田区,水笠通４丁目１番１２号,6530842
1140001015759,内田商事株式会社,兵庫県,神戸市長田区,御蔵通５丁目２０９番地の４,6530014
1140001015783,株式会社エスペランサ,兵庫県,神戸市長田区,西尻池町２丁目５番１２号,6530031
1140001015809,株式会社大神鉄工所,兵庫県,神戸市長田区,苅藻島町２丁目３番１３号,6530033
1140001015825,大西石油株式会社,兵庫県,神戸市長田区,神楽町２丁目２番１１号,6530836
1140001015833,株式会社ヨシケン,兵庫県,神戸市長田区,若松町１１丁目５−１７−２０５,6530038
1140001015841,株式会社奥田工務店,兵庫県,神戸市長田区,菅原通４丁目７５番地,6530015
1140001015858,株式会社小川製作所,兵庫県,神戸市長田区,菅原通１丁目６番地の１,6530015
1140001015866,株式会社オペックスジャパンコーポレーション,兵庫県,神戸市長田区,細田町５丁目２番２５号,6530835
1140001015874,株式会社カイコー,兵庫県,神戸市長田区,若松町３丁目１番１号,6530038
1140001015899,風間塗装株式会社,兵庫県,神戸市長田区,二番町４丁目１番地,6530012
1140001015916,株式会社金谷製靴,兵庫県,神戸市長田区,神楽町２丁目３番２７号,6530836
1140001015924,株式会社賀陽ゴルフクラブ,兵庫県,神戸市長田区,名倉町１丁目１番３号,6530883
1140001015932,株式会社唐渡組,兵庫県,神戸市長田区,長楽町２丁目１番１５号,6530054
1140001015940,カワハラ建設株式会社,兵庫県,神戸市長田区,源平町１３−８,6530888
1140001015973,共栄興業株式会社,兵庫県,神戸市長田区,川西通５丁目１０１番地の１,6530834
1140001015981,協和株式会社,兵庫県,神戸市長田区,西尻池町１丁目３番８号,6530031
1140001016006,株式会社京王,兵庫県,神戸市長田区,松野通３丁目３番３号,6530841
1140001016014,株式会社トーシン,兵庫県,神戸市長田区,東尻池町２丁目３番６,6530022
1140001016030,ゴーシャンコーヒー株式会社,兵庫県,神戸市長田区,上池田５丁目４番１３号,6530827
1140001016039,株式会社コーベカメラ,兵庫県,神戸市長田区,上池田３丁目１９番２７号,6530827
1140001016146,山陽重機株式会社,兵庫県,神戸市長田区,宮丘町２丁目４番６号,6530863
1140001016195,株式会社神港社,兵庫県,神戸市長田区,西代通４丁目４番６号,6530844
1140001016212,株式会社七旺社,兵庫県,神戸市長田区,二番町４丁目２７番地,6530012
1140001016229,神明塗料株式会社,兵庫県,神戸市長田区,四番町１丁目４６番地,6530004
1140001016237,株式会社下村工務店,兵庫県,神戸市長田区,駒ケ林町６丁目１２番６号,6530043
1140001016245,株式会社小路,兵庫県,神戸市長田区,南駒栄町４−１８,6530044
1140001016253,神友商事株式会社,兵庫県,神戸市長田区,上池田３丁目１７番１６号,6530827
1140001016261,昭和環境株式会社,兵庫県,神戸市長田区,長田天神町４丁目１番地の４,6530882
1140001016278,株式会社スーブニール,兵庫県,神戸市長田区,真野町３−１５,6530025
1140001016286,株式会社鈴千,兵庫県,神戸市長田区,若松町１丁目４番１１号,6530038
1140001016294,株式会社澄川商会,兵庫県,神戸市長田区,若松町２丁目８番３号,6530038
1140001016336,株式会社惣備,兵庫県,神戸市長田区,花山町２丁目１２番１２号,6530876
1140001016385,株式会社大豊,兵庫県,神戸市長田区,林山町一丁目１番地,6530861
1140001016427,株式会社タツノ製靴,兵庫県,神戸市長田区,菅原通７丁目１４番地,6530015
1140001016443,田中米穀株式会社,兵庫県,神戸市長田区,二葉町９丁目２番１０号,6530042
1140001016484,天竹住宅ビル株式会社,兵庫県,神戸市長田区,大橋町８丁目１番３号,6530037
1140001016492,東亜商事株式会社,兵庫県,神戸市長田区,若松町５丁目２番１−１１０号,6530038
1140001016526,株式会社トム,兵庫県,神戸市長田区,二番町３丁目１番地,6530012
1140001016534,株式会社トヨタレンタリース兵庫,兵庫県,神戸市長田区,北町２丁目５番地,6530016
1140001016559,中塚木材株式会社,兵庫県,神戸市長田区,西山町４丁目１５番８号,6530862
1140001016567,中田鐵工株式会社,兵庫県,神戸市長田区,若松町２丁目１番２２号,6530038
1140001016575,中田林業株式会社,兵庫県,神戸市長田区,西尻池町３丁目１番１７号,6530031
1140001016600,株式会社西日本環境,兵庫県,神戸市長田区,長田町７丁目３番２号,6530812
1140001016609,日幸電気工業株式会社,兵庫県,神戸市長田区,長楽町２丁目１番１４号,6530054
1140001016617,日章電機株式会社,兵庫県,神戸市長田区,本庄町５丁目１番４号,6530053
1140001016625,新田産業株式会社,兵庫県,神戸市長田区,寺池町２丁目３番２１号,6530804
1140001016633,ニユー協和モータース株式会社,兵庫県,神戸市長田区,滝谷町３丁目４番１７号,6530881
1140001016658,株式会社蓮宮製麺,兵庫県,神戸市長田区,蓮宮通２丁目６番地,6530831
1140001016674,株式会社ハナダ,兵庫県,神戸市長田区,水笠通１丁目１番５７号,6530842
1140001016682,林田化工株式会社,兵庫県,神戸市長田区,二葉町４丁目４番５号,6530042
1140001016699,株式会社ピカ一洋服店,兵庫県,神戸市長田区,駒ケ林町３丁目２番１２号,6530043
1140001016708,株式会社ひさご給食総合センター,兵庫県,神戸市長田区,東尻池町１丁目８番６号,6530022
1140001016724,株式会社平田工業所,兵庫県,神戸市長田区,苅藻通３丁目２番２号,6530032
1140001016732,株式会社ファミリー,兵庫県,神戸市長田区,川西通１丁目１の４,6530834
1140001016740,株式会社フクセン,兵庫県,神戸市長田区,西尻池町２丁目４番７号,6530031
1140001016757,フジ建産株式会社,兵庫県,神戸市長田区,西代通４丁目３番８号,6530844
1140001016773,株式会社藤本タイル商会,兵庫県,神戸市長田区,苅藻島町３丁目４番２６号,6530033
1140001016781,双葉工業株式会社,兵庫県,神戸市長田区,駒ケ林南町１番７９号,6530045
1140001016815,ホーマー産業株式会社,兵庫県,神戸市長田区,東尻池町２丁目１０番７号,6530022
1140001016823,株式会社岡総業,兵庫県,神戸市長田区,浪松町５丁目２番５号,6530055
1140001016831,株式会社本多組,兵庫県,神戸市長田区,菅原通１丁目７３番地の１,6530015
1140001016848,株式会社マスオカ,兵庫県,神戸市長田区,六番町２丁目１番地の２７,6530002
1140001016856,株式会社松下商事,兵庫県,神戸市長田区,戸崎通２丁目３番７号,6530845
1140001016864,株式会社マニックス,兵庫県,神戸市長田区,御屋敷通５丁目１番１６号,6530843
1140001016872,平井商事株式会社,兵庫県,神戸市長田区,日吉町４丁目１番１号,6530039
1140001016880,丸鹿産業株式会社,兵庫県,神戸市長田区,神楽町２丁目３−１,6530836
1140001016889,株式会社マルショー,兵庫県,神戸市長田区,松野通１丁目５番２１号,6530841
1140001016906,株式会社マルミ商会,兵庫県,神戸市長田区,細田町１丁目３番５号,6530835
1140001016914,株式会社ミード,兵庫県,神戸市長田区,細田町２丁目１番２０号,6530835
1140001016922,株式会社溝口環境サービス,兵庫県,神戸市長田区,片山町５丁目７番２２号,6530805
1140001016930,株式会社三高商事,兵庫県,神戸市長田区,腕塚町１丁目１番１９号,6530036
1140001016939,みつわ工業株式会社,兵庫県,神戸市長田区,梅ケ香町１丁目１８番３号,6530021
1140001016955,株式会社宮川工作所,兵庫県,神戸市長田区,苅藻通６丁目８番１３号,6530032
1140001016963,株式会社宮脇工務店,兵庫県,神戸市長田区,丸山町４丁目４番６号,6530875
1140001016971,株式会社村上商店,兵庫県,神戸市長田区,東尻池町１丁目１１番５号,6530022
1140001016988,本岡鋼材株式会社,兵庫県,神戸市長田区,東尻池町２丁目９番１６号,6530022
1140001017004,柳井実業株式会社,兵庫県,神戸市長田区,名倉町２丁目３番９号,6530883
1140001017037,山宮商事株式会社,兵庫県,神戸市長田区,腕塚町１丁目３番４号,6530036
1140001017045,株式会社ユーハウジング,兵庫県,神戸市長田区,苅藻通３丁目７番４号,6530032
1140001017061,株式会社吉田,兵庫県,神戸市長田区,久保町６丁目１番１号,6530041
1140001017086,株式会社ラ・ミーゴ,兵庫県,神戸市長田区,細田町５丁目２番３号,6530835
1140001017094,株式会社リッチライフ,兵庫県,神戸市長田区,片山町２丁目７番５号,6530805
1140001017152,神戸新菱オート株式会社,兵庫県,神戸市長田区,大道通３丁目６０番地,6530833
1140001017160,神戸塗装工業株式会社,兵庫県,神戸市長田区,西尻池町３丁目１番２１号,6530031
1140001017210,兵庫車輛株式会社,兵庫県,神戸市長田区,海運町８丁目１番４号,6530052
1140001017929,株式会社マツイ,兵庫県,神戸市長田区,海運町２丁目３番８号,6530052
1140001018324,橋栄物産株式会社,兵庫県,神戸市長田区,日吉町６丁目６番１０,6530039
1140001019090,東洋住研株式会社,兵庫県,神戸市長田区,野田町８丁目５番１０号,6530051
1140001019875,いのうえ株式会社,兵庫県,神戸市長田区,細田町１丁目４番１号,6530835
1140001020602,株式会社ウエックス,兵庫県,神戸市長田区,宮川町９丁目５番４号,6530813
1140001021526,株式会社ビッグ保険サービス,兵庫県,神戸市長田区,松野通１丁目５番２７−１０１号,6530841
1140001022516,株式会社ｈａｌｆ,兵庫県,神戸市長田区,細田町７丁目１番９号,6530835
1140001023217,株式会社ヘルス・インターナショナル,兵庫県,神戸市長田区,高取山町１丁目８番６号,6530856
1140001023514,和光物流株式会社,兵庫県,神戸市長田区,苅藻島町２丁目１番８号,6530033
1140001023893,株式会社メスキータ,兵庫県,神戸市長田区,御屋敷通４丁目３番地ワコーレグランビア１４０５,6530843
1140001024958,株式会社アクティブ,兵庫県,神戸市長田区,若松町２丁目２番９号,6530038
1140001025329,株式会社ＯＺ,兵庫県,神戸市長田区,細田町２丁目１番２５号,6530835
1140001025469,一等桧家株式会社,兵庫県,神戸市長田区,丸山町３丁目２番４２−４０５号,6530875
1140001025601,株式会社ヤマヨ山本商店,兵庫県,神戸市長田区,菅原通３丁目２０３番地の８,6530015
1140001025642,神龍株式会社,兵庫県,神戸市長田区,上池田４丁目１１番１０号,6530827
1140001025758,株式会社フジエイト,兵庫県,神戸市長田区,高取山町１丁目１４番１７号,6530856
1140001025956,株式会社シューズＦＡＮＦＡＮ,兵庫県,神戸市長田区,菅原通７丁目１４−１丸和興産ビル５Ｆ,6530015
1140001025980,株式会社エイシア,兵庫県,神戸市長田区,池田広町３７番地の５,6530814
1140001026186,株式会社ＴＨＥ　ＦＡＣＴＯＲＹ,兵庫県,神戸市長田区,長田町４丁目２番２４号,6530812
1140001026608,株式会社ユニバース,兵庫県,神戸市長田区,西尻池町１丁目３番５号,6530031
1140001026764,株式会社ＳＩＬＩＣＯＮ　ＬＡＮＤ,兵庫県,神戸市長田区,西山町４丁目１８−１１,6530862
1140001026979,株式会社アグロ,兵庫県,神戸市長田区,海運町５丁目１番２４号,6530052
1140001027176,株式会社カタヤマ空調設備,兵庫県,神戸市長田区,若松町１０丁目２番１０−２０１号,6530038
1140001027738,株式会社ノアコーポレーション,兵庫県,神戸市長田区,本庄町７丁目２番８−８０２号,6530053
1140001027861,株式会社リードアップカンパニー,兵庫県,神戸市長田区,東尻池町２丁目１２−１,6530022
1140001027985,株式会社中山建築設計,兵庫県,神戸市長田区,長田町１丁目２番１０号ヤカタビル２０１,6530812
1140001028199,株式会社今井塗装,兵庫県,神戸市長田区,前原町１丁目１９番６号,6530803
1140001028661,清和重量株式会社,兵庫県,神戸市長田区,水笠通１丁目１番４６−８０５号,6530842
1140001028991,ハマデスポーツ株式会社,兵庫県,神戸市長田区,御蔵通６丁目２０１番地の２３,6530014
1140001029593,株式会社ＩＭＰＲＯＶＥ,兵庫県,神戸市長田区,平和台町１丁目３番３号,6530854
1140001029718,岡本工作所株式会社,兵庫県,神戸市長田区,本庄町６丁目２番１号,6530053
1140001029866,株式会社ｒｅｌｉｓｈ,兵庫県,神戸市長田区,一里山町６番１７号,6530878
1140001029973,株式会社ＴＡＫＵＭＩ　ＥＮＧＩＮＥＥＲＩＮＧ　ＳＰＥＣＩＡＬＩＳＴＳ　ＣＯＲＰＯＲＡＴＩＯＮ,兵庫県,神戸市長田区,御屋敷通４丁目１番２４−４０３号,6530843
1140001030386,株式会社麗峰,兵庫県,神戸市長田区,苅藻通７丁目１番２０号,6530032
1140001030774,株式会社ホテルテトラ,兵庫県,神戸市長田区,若松町５丁目１番１号,6530038
1140001030832,Ｊ　ＴＥＣＨ株式会社,兵庫県,神戸市長田区,六番町６丁目４−１アスエながたマンション２０２号,6530002
1140001031236,株式会社上別府加工所,兵庫県,神戸市長田区,水笠通１丁目４番５号,6530842
1140001031293,株式会社ウェルビィーング,兵庫県,神戸市長田区,海運町８丁目２番２８号,6530052
1140001031509,ヤノ販売株式会社,兵庫県,神戸市長田区,神楽町２丁目３番地２号東洋ビル東棟２階,6530836
1140001031590,株式会社国際繊維,兵庫県,神戸市長田区,大塚町４丁目１番８号５０２,6530811
1140001032036,株式会社Ｋ．Ｔ．１,兵庫県,神戸市長田区,駒ケ林町１丁目１５番５号,6530043
1140001032069,インベストライト株式会社,兵庫県,神戸市長田区,御屋敷通３丁目１番２号,6530843
1140001032374,株式会社Ｏ＆Ｓ,兵庫県,神戸市長田区,菅原通７丁目４１番１−６０２号,6530015
1140001032952,協順堂株式会社,兵庫県,神戸市長田区,四番町８丁目３−Ｂ１,6530004
1140001033050,大和化成株式会社,兵庫県,神戸市長田区,川西通３丁目７番地,6530834
1140001033083,株式会社ドラセナ,兵庫県,神戸市長田区,腕塚町７丁目６番１１号１,6530036
1140001033595,株式会社グランシエル,兵庫県,神戸市長田区,川西通５丁目９番地の１ＣＳビル,6530834
1140001033604,株式会社ＭＯＴＯコーポレーション,兵庫県,神戸市長田区,片山町４丁目２番６２号,6530805
1140001033620,スクエアマネジメント株式会社,兵庫県,神戸市長田区,寺池町３丁目２番６号,6530804
1140001033760,株式会社Ｈ・Ｋ,兵庫県,神戸市長田区,長田町１丁目３番１−６０４号,6530812
1140001033835,株式会社ウィズ,兵庫県,神戸市長田区,大谷町２丁目２番１４−５０３号,6530838
1140001034131,株式会社ベル・カンパニー,兵庫県,神戸市長田区,腕塚町３丁目２番１２号,6530036
1140001034296,株式会社いづみ商会,兵庫県,神戸市長田区,五番町７丁目８番地の４,6530003
1140001038223,株式会社Ｍ．ＫＩＺＵＮＡ,兵庫県,神戸市長田区,平和台町２丁目１番１７号,6530854
1140001057207,ＲＡＩＮＢＯＷ株式会社,兵庫県,神戸市長田区,北町２丁目２,6530016
1140001067767,ＫＯＢＥ・ＫＩＲＡＫＵ株式会社,兵庫県,神戸市長田区,宮川町９丁目５番２号,6530813
1140001072899,英慧人材サービス株式会社,兵庫県,神戸市長田区,御屋敷通６丁目２番１５号ＥＩＫＥＩＢＬＤ．，５Ｆ,6530843
1140001075308,環境システム株式会社,兵庫県,神戸市長田区,大日丘町１丁目３番１３号,6530872
1140001077849,株式会社Ｈ＆ｍ企画,兵庫県,神戸市長田区,庄山町４丁目１番８号,6530853
1140001087170,株式会社ミア商会,兵庫県,神戸市長田区,御蔵通６丁目２０７番地の５,6530014
1140001087311,株式会社ヨシ・コーポレーション,兵庫県,神戸市長田区,神楽町３丁目４番２４号,6530836
1140001087690,株式会社ＰＥＡＣＨ,兵庫県,神戸市長田区,駒ケ林町５丁目９番２５号,6530043
1140001088854,株式会社フロンティアインシュアランスエージェンシー,兵庫県,神戸市長田区,東尻池新町１番２０号イオン長田南ＳＣ２Ｆ,6530023
1140001089092,岩松興産株式会社,兵庫県,神戸市長田区,野田町９丁目１番３号,6530051
1140001090570,株式会社ＴＩＳ,兵庫県,神戸市長田区,腕塚町７丁目７番８号,6530036
1140001090604,株式会社兵庫ひまわりリース,兵庫県,神戸市長田区,松野通１丁目３番２号,6530841
1140001091321,Ｄｍｅｔ　ａｄｖｅｒ株式会社,兵庫県,神戸市長田区,御蔵通７丁目２９番地,6530014
1140001091486,株式会社神戸エムファンド,兵庫県,神戸市長田区,日吉町３丁目１番３８−８０２号,6530039
1140001092591,株式会社岡弘,兵庫県,神戸市長田区,真野町１番３号,6530025
1140001092641,株式会社モアクリン,兵庫県,神戸市長田区,長楽町３丁目２番５号,6530054
1140001092930,株式会社デルタフロー,兵庫県,神戸市長田区,西代通４丁目４−１１,6530844
1140001093029,株式会社神戸橋本屋,兵庫県,神戸市長田区,腕塚町５丁目３番１−００１号,6530036
1140001093433,ＴＣＪＰ株式会社,兵庫県,神戸市長田区,腕塚町７丁目６番８号,6530036
1140001094729,株式会社援,兵庫県,神戸市長田区,松野通３丁目２番１３号アヴニール松野１０１号,6530841
1140001094844,株式会社Ｔ・Ｔ企画,兵庫県,神戸市長田区,細田町５丁目２番２５号,6530835
1140001094877,株式会社ミヤビシューズ,兵庫県,神戸市長田区,大橋町９丁目５番４号,6530037
1140001096056,株式会社まつおか,兵庫県,神戸市長田区,五番町８丁目１６番地,6530003
1140001096667,株式会社上田工業,兵庫県,神戸市長田区,五番町２丁目２−７,6530003
1140001096865,株式会社ＯＧＡＷＡ,兵庫県,神戸市長田区,菅原通７丁目３６番地,6530015
1140001096980,株式会社ファーストブラザーズ,兵庫県,神戸市長田区,菅原通７丁目４１番１−６０２号,6530015
1140001097038,株式会社洪＿商事,兵庫県,神戸市長田区,庄田町１丁目８−９,6530035
1140001098688,株式会社Ｈａｐｐｙ,兵庫県,神戸市長田区,二葉町１丁目１番８号,6530042
1140001098721,株式会社キャッスルシューズ,兵庫県,神戸市長田区,細田町１丁目４番９号カトウビル３Ｆ,6530835
1140001098770,株式会社シンエイ,兵庫県,神戸市長田区,西尻池町２丁目５番６号,6530031
1140001098894,ライフサポート株式会社,兵庫県,神戸市長田区,腕塚町３丁目３−１６,6530036
1140001099249,株式会社ＬＡＳＳ,兵庫県,神戸市長田区,東尻池町３丁目６番１５号,6530022
1140001099298,株式会社ミリオンシューズ,兵庫県,神戸市長田区,若松町８丁目１番３号,6530038
1140001100354,株式会社長野グループ,兵庫県,神戸市長田区,菅原通５丁目１０長野ビル,6530015
1140001100528,株式会社Ｙ’ｓ　Ｓｅｃｕｒｉｔｙ,兵庫県,神戸市長田区,久保町６丁目１番１号アスタくにづか４番館東棟２階２０２区画２１号室,6530041
1140001101575,ライズテック株式会社,兵庫県,神戸市長田区,大塚町８丁目３番３号,6530811
1140001102144,株式会社ダイセキ,兵庫県,神戸市長田区,長田天神町１丁目１９番２４号,6530882
1140001102160,株式会社山高建設,兵庫県,神戸市長田区,二葉町２丁目７番８号１０１,6530042
1140001102251,株式会社Ｊ　ＣＲＡＩＳ,兵庫県,神戸市長田区,山下町３丁目１番４号,6530852
1140001102359,株式会社ヤードバーズ,兵庫県,神戸市長田区,檜川町１丁目６番５−１０８号,6530887
1140001102482,Ｆｏｒｒｅｓｔ　Ｇｕｍｐ株式会社,兵庫県,神戸市長田区,駒栄町４丁目３番９号,6530034
1140001103159,大久ラバー株式会社,兵庫県,神戸市長田区,神楽町４丁目４番７号,6530836
1140001103605,株式会社日神,兵庫県,神戸市長田区,西尻池町３丁目１番２１−９０１号,6530031
1140001104272,株式会社ｆｉｖｅ　ｓｔａｒ,兵庫県,神戸市長田区,梅ケ香町２丁目１−３,6530021
1140001104462,マストオフィス株式会社,兵庫県,神戸市長田区,雲雀ケ丘３丁目１番４号,6530879
1140001104917,株式会社Ｃ＆Ｃ,兵庫県,神戸市長田区,菅原通７丁目４１−１−４０２号,6530015
1140001105543,三栄産商株式会社,兵庫県,神戸市長田区,駒ヶ林南町１番８０号三栄産商ビル,6530045
1140001105758,Ｋｔｅｎ　Ｂｉｏ株式会社,兵庫県,神戸市長田区,大谷町２丁目６番２号,6530838
1140001106194,株式会社ホワイトホーム,兵庫県,神戸市長田区,西代通４丁目２番４号,6530844
1140001106970,株式会社アルカナ,兵庫県,神戸市長田区,神楽町２丁目３番１号第１丸鹿ビル４０１,6530836
1140001107300,株式会社赤シャツの海賊団,兵庫県,神戸市長田区,若松町３丁目１番２号アスタピア新長田駅前通り１０２号室,6530038
1140001108281,七容ビル株式会社,兵庫県,神戸市長田区,二番町４丁目２６番地,6530012
1140001110337,株式会社ＫＮＫ　ＳＴＡＦＦ,兵庫県,神戸市長田区,真野町２番２号,6530025
1140001110808,株式会社Ｎｅｗ　Ｗｏｒｌｄ　Ｇｌｏｒｙ,兵庫県,神戸市長田区,鶯町１丁目２番３３号,6530871
1140001110915,株式会社Ｂ・Ｗ・Ｗ,兵庫県,神戸市長田区,上池田４丁目９番１２号,6530827
1140001111649,ウエストイーストプロダクション株式会社,兵庫県,神戸市長田区,大谷町３丁目１４番５６号,6530838
1140001111764,株式会社リベリー,兵庫県,神戸市長田区,五位ノ池町１丁目４番１６号,6530851
1140001112507,株式会社神戸オアシス,兵庫県,神戸市長田区,駒ケ林町２丁目２０番１０号,6530043
1140001112861,株式会社ＡＳＡＮＡ,兵庫県,神戸市長田区,菅原通１丁目６８新東栄ビル３Ｆ,6530015
1140001112928,株式会社ティーワン,兵庫県,神戸市長田区,梅ケ香町２丁目２番１６号,6530021
1140001113042,ＶＩＥＴ’Ｓ　ＦＯＯＤ株式会社,兵庫県,神戸市長田区,二葉町３丁目９−９,6530042
1140001113158,株式会社三和,兵庫県,神戸市長田区,上池田５丁目４番３号,6530827
1140001113315,株式会社ｙｕｕｋｏｕ,兵庫県,神戸市長田区,本庄町２丁目４番１２号,6530053
1140001113760,株式会社ティーズ,兵庫県,神戸市長田区,神楽町３丁目７番２号ミヒロビル,6530836
1140001114148,株式会社畑Ｌｉｆｅ,兵庫県,神戸市長田区,東尻池町１丁目３−２−３Ｆ,6530022
1140001114560,株式会社プラスエステートホーム,兵庫県,神戸市長田区,水笠通４丁目１番１号ルータス山吉１１２号,6530842
1140001114726,株式会社ＩＳＳＥＩ,兵庫県,神戸市長田区,堀切町１５−１９,6530885
1140001114940,株式会社黄商事,兵庫県,神戸市長田区,若松町８丁目３番１４号,6530038
1140001115781,株式会社いちゃりば,兵庫県,神戸市長田区,大橋町８丁目５番２号,6530037
1140001116292,株式会社Ｓｕｎｎｙ　Ｌａｂ．,兵庫県,神戸市長田区,大塚町９丁目３−１５マックコート４０２,6530811
1140001116508,株式会社オータニ徳風社,兵庫県,神戸市長田区,神楽町４丁目２番１９号,6530836
1140001116722,株式会社明興ホールディングス,兵庫県,神戸市長田区,苅藻通１丁目３番１号,6530032
1140001116763,株式会社彩,兵庫県,神戸市長田区,浜添通３丁目１番２５号,6530024
1140001117126,株式会社ＦＨアセットマネジメント,兵庫県,神戸市長田区,菅原通２丁目８番１号,6530015
1140001117150,株式会社Ｆｏｒｒｅｓｔ　Ｇｕｍｐ,兵庫県,神戸市長田区,大橋町２丁目１番１５号北村ビル２０１号,6530037
1140001117423,テントレーディングス株式会社,兵庫県,神戸市長田区,上池田２丁目６番２５号,6530827
1140001117514,株式会社ウナソカゴ,兵庫県,神戸市長田区,菅原通６丁目１５番地の４,6530015
1140001118636,株式会社バックホーム,兵庫県,神戸市長田区,西代通４丁目１番８号,6530844
1140001118660,ケイウィル株式会社,兵庫県,神戸市長田区,駒ヶ林町２丁目６番７号,6530043
1140001118677,株式会社ＧＯＬ,兵庫県,神戸市長田区,四番町７丁目５番アロバス第二ビル３０３号室,6530004
1140001118875,株式会社夢ＫＯＢＥ　ＰＲＯＪＥＣＴ,兵庫県,神戸市長田区,東尻池町１丁目３−２−３Ｆ,6530022
1140001119139,ｆｒｅｒｅ株式会社,兵庫県,神戸市長田区,松野通３丁目２番３８−２０３号,6530841
1140001119279,株式会社三友,兵庫県,神戸市長田区,西代通３丁目２番２−２０１号,6530844
1140001119452,株式会社イマージェンシー,兵庫県,神戸市長田区,御蔵通４丁目２０１−１−１０１,6530014
1140001119873,株式会社ｓｏｌｅｉｌ,兵庫県,神戸市長田区,西尻池町１丁目２番２５号,6530031
1140001120311,株式会社フン・ディン,兵庫県,神戸市長田区,野田町５丁目２番１７号,6530051
1140001120352,株式会社ＳＴＹＬＥ,兵庫県,神戸市長田区,細田町２丁目１番２５号,6530835
1140001120674,株式会社進希工業,兵庫県,神戸市長田区,細田町３丁目１番１９号,6530835
1140001120749,株式会社Ｉ−ＳＴＹＬＥ,兵庫県,神戸市長田区,庄田町４丁目９番１０号,6530035
1140001120897,彩虹株式会社,兵庫県,神戸市長田区,平和台町３丁目２番９号,6530854
1140001121053,株式会社Ｅｎｊｏｙ　Ｃｒｅａｔｅ,兵庫県,神戸市長田区,長田町３丁目２番２号,6530812
1140001123339,株式会社菊池建築鈑金,兵庫県,神戸市長田区,蓮宮通２丁目８番地の６,6530831
1140001123529,株式会社エフマシン,兵庫県,神戸市長田区,南駒栄町３番６号,6530044
1140001124709,Ｊ−ＳＨＡＫＹ　ＰＲＯＪＥＣＴ株式会社,兵庫県,神戸市長田区,房王寺町３丁目２番４号,6530801
1140001125211,株式会社河地建設,兵庫県,神戸市長田区,五位ノ池町２丁目１番１１−４０８号,6530851
1140001126498,株式会社松輝,兵庫県,神戸市長田区,大橋町７丁目２番１−２１２号,6530037
1140001126746,株式会社リエゾン,兵庫県,神戸市長田区,大谷町２丁目１０番１３号,6530838
1140001126829,株式会社アルベロ,兵庫県,神戸市長田区,四番町２丁目８−３６,6530004
1140001127208,株式会社コアリンクス,兵庫県,神戸市長田区,大橋町４丁目４番１７号,6530037
1140001127364,株式会社コアコネクト,兵庫県,神戸市長田区,大橋町４丁目４番１７号,6530037
1140001127901,山神プロテクノ株式会社,兵庫県,神戸市長田区,名倉町３丁目１番１０号,6530883
1140001127942,株式会社Ｒｅｅｆ　ｄｅｓｉｇｎ,兵庫県,神戸市長田区,五番町３丁目３番地の１,6530003
1140001128008,株式会社Ｍａｃｏｔｔｏ,兵庫県,神戸市長田区,山下町１丁目２番８号,6530852
1140001128239,Ｂ‐Ｔｉｍｅｚ株式会社,兵庫県,神戸市長田区,菅原通１丁目６８番地,6530015
1140001128817,株式会社フォルトゥーナ,兵庫県,神戸市長田区,日吉町４丁目１−１,6530039
1140001129484,株式会社よつ葉,兵庫県,神戸市長田区,水笠通４丁目５−２デコール神戸ＩＩ１０２,6530842
1140001130104,株式会社エヌテック精機,兵庫県,神戸市長田区,菅原通７丁目２８番地,6530015
1140001131143,株式会社ＦＵＴＯＭＯＭＯ,兵庫県,神戸市長田区,滝谷町３丁目２番１９号,6530881
1140001131358,川人光洋商店株式会社,兵庫県,神戸市長田区,川西通３丁目６８番地の４,6530834
1140001131366,株式会社アダチホールディングス,兵庫県,神戸市長田区,菅原通１丁目５１番,6530015
1140001131952,株式会社蓮色の詠,兵庫県,神戸市長田区,大日丘町３丁目１５番８号,6530872
1140001132595,ラグ株式会社,兵庫県,神戸市長田区,苅藻島町３丁目１１番４０号,6530033
1140001133040,株式会社八栄住総,兵庫県,神戸市長田区,浪松町４丁目１番１６号,6530055
1140001133486,日本産学研融合創新株式会社,兵庫県,神戸市長田区,名倉町１丁目１−５−３階,6530883
1140001133750,株式会社リヴァイブ,兵庫県,神戸市長田区,菅原通７丁目４８、２Ｆ−Ａ,6530015
1140001134113,マツモト商事株式会社,兵庫県,神戸市長田区,菅原通４丁目２５,6530015
1140001134369,＿＿商事株式会社,兵庫県,神戸市長田区,丸山町１丁目６−１９−１０１号室,6530875
1140001134534,株式会社神長,兵庫県,神戸市長田区,長田天神町４丁目７番１５−２号,6530882
1140001134996,トライトカーゴ株式会社,兵庫県,神戸市長田区,苅藻通６丁目５番１６号,6530032
1140001135078,ＭＡＡＮ　ＴＲＡＤＩＮＧ株式会社,兵庫県,神戸市長田区,苅藻通２丁目３−１３,6530032
1140001136076,株式会社タイチクリエイティブ,兵庫県,神戸市長田区,長尾町２丁目３番６号,6530855
1140001136423,株式会社ＴＯＭ,兵庫県,神戸市長田区,御蔵通７丁目３６,6530014
1140001136613,株式会社ＭＥＥＤ,兵庫県,神戸市長田区,細田町２丁目１番２０号,6530835
1140001136670,株式会社Ｂｒｉｇｈｔ,兵庫県,神戸市長田区,御蔵通４丁目２０１番地の１みすがコーポ６０１号,6530014
1140001136687,株式会社ＬＡＭＴＥＸ,兵庫県,神戸市長田区,若松町１丁目３番３号１階,6530038
1140001137470,株式会社ＰＥＮＴＯＲＹ,兵庫県,神戸市長田区,大日丘町２丁目７番２号,6530872
1140001137553,日本喜宝株式会社,兵庫県,神戸市長田区,平和台町３丁目２−５,6530854
1140001137792,株式会社三華月,兵庫県,神戸市長田区,東尻池町２丁目２番１号,6530022
1140001137818,エクセレントホスピタリティ株式会社,兵庫県,神戸市長田区,久保町６丁目１番１号,6530041
1140001137842,ＩＭＴＩＡＺ　ＴＲＡＤＩＮＧ株式会社,兵庫県,神戸市長田区,寺池町２丁目２番１３号寺池文化２０４,6530804
1140001137900,ｗｏｏｔｄｅｓｉｇｎ株式会社,兵庫県,神戸市長田区,海運町３丁目６番６号,6530052
1140001138353,株式会社凌彩,兵庫県,神戸市長田区,長田町１丁目１番１号,6530812
1140001139541,ＮＩＲＶＡＮＡ株式会社,兵庫県,神戸市長田区,御屋敷通２丁目３番１０−１号,6530843
1140001139566,株式会社石松石材,兵庫県,神戸市長田区,鶯町４丁目６番３号,6530871
1140001139616,株式会社篠田建装,兵庫県,神戸市長田区,海運町３丁目６番６号,6530052
1140001140350,ＭＯＤＳ株式会社,兵庫県,神戸市長田区,腕塚町５丁目２−１,6530036
1140001141836,株式会社Ｇｒｅｅｎ　Ｅｙｅｓ　Ｈａｒｍｏｎｙ,兵庫県,神戸市長田区,片山町３丁目１０番１５号,6530805
1140001142116,株式会社ＡＬＬ住設,兵庫県,神戸市長田区,御船通４丁目８番地の１ルネタウン御船１０３号,6530832
1140001142454,株式会社ＲＳＣ神戸,兵庫県,神戸市長田区,二葉町２丁目７番８−１０４号,6530042
1140001142495,グランドフードコレクション株式会社,兵庫県,神戸市長田区,松野通１丁目１１番１３号プラチナムガーデン２階オフィス,6530841
1140002019932,メルスィ株式会社,兵庫県,神戸市長田区,北町２丁目２９番地の２,6530016
1140002024288,株式会社ＣＥＬＥＳＴＥ,兵庫県,神戸市長田区,西尻池町１丁目２番２５号,6530031
1140002025591,株式会社文化興産,兵庫県,神戸市長田区,浜添通６丁目１番３７号,6530024
1140003003241,三協興業株式会社,兵庫県,神戸市長田区,上池田４丁目８番２６号,6530827
1140003012820,株式会社Ｈｅａｒｔｉｓ,兵庫県,神戸市長田区,二葉町５丁目１番１号１１０,6530042
1160001011772,株式会社グラビティ,兵庫県,神戸市長田区,宮川町６丁目３番１１−１号,6530813
1180001149438,ＨＩＴＯＮＯＭＡ株式会社,兵庫県,神戸市長田区,苅藻通２丁目４番２０号,6530032
1260001024681,株式会社黄金家,兵庫県,神戸市長田区,戸崎通３丁目１０番１２号,6530845
1290001066829,Ｌｉｆｅ　Ｇｒｏｕｐ株式会社,兵庫県,神戸市長田区,海運町２丁目１−２,6530052
1470001013044,安田技研株式会社,兵庫県,神戸市長田区,苅藻通７丁目４番１６号,6530032
2010001176605,Ｄｍｅｔ　Ｐｒｏｄｕｃｔｓ株式会社,兵庫県,神戸市長田区,御蔵通７丁目２９番地,6530014
2010501033792,Ｅｖｅｒ　Ｖｉｃｔｏｒｙ株式会社,兵庫県,神戸市長田区,二葉町１０丁目１−６昭和ビル４Ｆ,6530042
2120001005942,富島商事株式会社,兵庫県,神戸市長田区,片山町１丁目２２番２０号,6530805
2120001106146,株式会社カブール,兵庫県,神戸市長田区,若松町９丁目２番１１号,6530038
2120001136639,株式会社アミューズリンク,兵庫県,神戸市長田区,苅藻通６丁目７番１号,6530032
2120001198869,株式会社ＧＲＡＮＶＡＲＩ,兵庫県,神戸市長田区,神楽町２丁目３番１号,6530836
2120001200205,株式会社ジャパンスタッフサービス,兵庫県,神戸市長田区,五番町８丁目１番地１４コトブキ長田ビル３階,6530003
2140001001881,大成産業株式会社,兵庫県,神戸市長田区,川西通５丁目１０３番地の１,6530834
2140001008217,新光建設株式会社,兵庫県,神戸市長田区,西山町４丁目１５番８号,6530862
2140001008423,株式会社上伊,兵庫県,神戸市長田区,梅ケ香町２丁目２３番１号,6530021
2140001008877,窓堅工業株式会社,兵庫県,神戸市長田区,日吉町５丁目１番２０号,6530039
2140001011518,有徳興産株式会社,兵庫県,神戸市長田区,二番町２丁目２番地の１,6530012
2140001012185,日本アムビー株式会社,兵庫県,神戸市長田区,片山町１丁目１５番２０号,6530805
2140001012821,カワサキ商事株式会社,兵庫県,神戸市長田区,東尻池町２丁目１０番８号,6530022
2140001012838,菊水商事株式会社,兵庫県,神戸市長田区,浜添通６丁目１番３７号,6530024
2140001014149,株式会社前田工務店,兵庫県,神戸市長田区,菅原通７丁目１６番地の１,6530015
2140001014421,株式会社ヤマイチ,兵庫県,神戸市長田区,東尻池町７丁目９番１７号,6530022
2140001015642,株式会社アートテック,兵庫県,神戸市長田区,庄田町２丁目５番１１号,6530035
2140001015650,株式会社アクセサリーフジ,兵庫県,神戸市長田区,野田町４丁目４番７号,6530051
2140001015691,阿波工業株式会社,兵庫県,神戸市長田区,池田上町４８番地の１９,6530824
2140001015709,株式会社池西石材本社,兵庫県,神戸市長田区,蓮宮通２丁目８番地の２,6530831
2140001015717,株式会社石本洋紙店,兵庫県,神戸市長田区,御蔵通６丁目９番地の２,6530014
2140001015725,井出鉄工株式会社,兵庫県,神戸市長田区,浜添通３丁目１番２８号,6530024
2140001015733,株式会社イナオカ,兵庫県,神戸市長田区,東尻池町９丁目１番３４号,6530022
2140001015758,株式会社宇治橋ミシン商会,兵庫県,神戸市長田区,大橋町４丁目４番９−１０２,6530037
2140001015790,ヱビス金属工業株式会社,兵庫県,神戸市長田区,川西通２丁目８番地,6530834
2140001015824,株式会社大永ラジオ店,兵庫県,神戸市長田区,大橋町４丁目４番１７号ヒュースロア５０４号,6530037
2140001015840,岡田エンジニアリング株式会社,兵庫県,神戸市長田区,駒ケ林南町４番１１号,6530045
2140001015857,小川ゴム株式会社,兵庫県,神戸市長田区,西山町３丁目２番４号,6530862
2140001015865,株式会社オフサ,兵庫県,神戸市長田区,三番町５丁目７番地の２,6530011
2140001015873,株式会社オリレツクス,兵庫県,神戸市長田区,苅藻通６丁目１番５号,6530032
2140001015881,柿原工業株式会社,兵庫県,神戸市長田区,梅ケ香町２丁目１番３４号,6530021
2140001015907,株式会社鐘邦工業,兵庫県,神戸市長田区,西代通４丁目３番１号,6530844
2140001015915,株式会社カナヤ,兵庫県,神戸市長田区,海運町７丁目１番１８号,6530052
2140001015931,株式会社川田神戸センター,兵庫県,神戸市長田区,明泉寺町２丁目１番９号,6530884
2140001015948,株式会社錦江,兵庫県,神戸市長田区,重池町２丁目３番９号,6530802
2140001015956,キクヤ観光バス株式会社,兵庫県,神戸市長田区,菅原通４丁目２０２−３,6530015
2140001015964,木下製罐株式会社,兵庫県,神戸市長田区,本庄町７丁目６番１１号,6530053
2140001015980,株式会社キョーレ,兵庫県,神戸市長田区,大橋町１丁目１番８号,6530037
2140001016013,健康歩行株式会社,兵庫県,神戸市長田区,西尻池町２丁目３番１２号,6530031
2140001016021,コウケン綜合商事株式会社,兵庫県,神戸市長田区,二葉町９丁目１２番１３号,6530042
2140001016038,株式会社コウベ駒屋,兵庫県,神戸市長田区,長田町１丁目３番１−１１６,6530812
2140001016054,互恵海運株式会社,兵庫県,神戸市長田区,苅藻通６丁目７番１０号,6530032
2140001016070,株式会社小西金網製作所,兵庫県,神戸市長田区,東尻池町３丁目４番１８号,6530022
2140001016087,株式会社斎藤商店,兵庫県,神戸市長田区,菅原通４丁目高架下１２９号,6530015
2140001016112,株式会社三真製作所,兵庫県,神戸市長田区,庄山町１丁目８番１０号,6530853
2140001016120,佐藤塗料商事株式会社,兵庫県,神戸市長田区,苅藻通１丁目３番１７号,6530032
2140001016129,サンナイト株式会社,兵庫県,神戸市長田区,細田町２丁目１番２２号,6530835
2140001016161,株式会社サワダオート,兵庫県,神戸市長田区,大塚町２丁目３番６号,6530811
2140001016186,株式会社しんこう,兵庫県,神戸市長田区,浜添通２丁目２番２３号,6530024
2140001016203,神貨自動車株式会社,兵庫県,神戸市長田区,苅藻島町２丁目１番１７号,6530033
2140001016236,株式会社シマモト,兵庫県,神戸市長田区,菅原通７丁目３８番地,6530015
2140001016244,株式会社翔善,兵庫県,神戸市長田区,川西通４丁目１０６番地の１０,6530834
2140001016252,株式会社シューズムラカミ,兵庫県,神戸市長田区,若松町１丁目１番３号,6530038
2140001016285,鈴木産業株式会社,兵庫県,神戸市長田区,駒ケ林町１丁目２番２号,6530043
2140001016310,扇港電気工業株式会社,兵庫県,神戸市長田区,片山町２丁目１８番２２号,6530805
2140001016335,双互不動建設株式会社,兵庫県,神戸市長田区,若松町６丁目１２番地,6530038
2140001016343,第一興陽ゴム株式会社,兵庫県,神戸市長田区,松野通２丁目２番２号,6530841
2140001016351,株式会社タイガー化学工業所,兵庫県,神戸市長田区,松野通３丁目３番１０号,6530841
2140001016376,株式会社大智,兵庫県,神戸市長田区,房王寺町７丁目１番７号,6530801
2140001016384,タイネット株式会社,兵庫県,神戸市長田区,梅ケ香町２丁目８番１７号,6530021
2140001016418,株式会社高室鉄工所,兵庫県,神戸市長田区,西尻池町２丁目５番６号,6530031
2140001016426,タツシン株式会社,兵庫県,神戸市長田区,二葉町５丁目１番１−１１３号,6530042
2140001016434,田中繊維株式会社,兵庫県,神戸市長田区,日吉町６丁目１番１４号,6530039
2140001016450,株式会社玉商,兵庫県,神戸市長田区,苅藻通７丁目３番８号,6530032
2140001016459,長栄建設株式会社,兵庫県,神戸市長田区,西尻池町５丁目３番２０号,6530031
2140001016467,株式会社千代田精機,兵庫県,神戸市長田区,東尻池町７丁目９番２１号,6530022
2140001016483,株式会社天竹工務店,兵庫県,神戸市長田区,山下町２丁目２番１０号,6530852
2140001016500,株式会社土井商店,兵庫県,神戸市長田区,名倉町４丁目１番２０号,6530883
2140001016509,東洋コーテイング株式会社,兵庫県,神戸市長田区,神楽町２丁目３番２号,6530836
2140001016517,株式会社東和自動車整備工場,兵庫県,神戸市長田区,梅ケ香町２丁目２番１５号,6530021
2140001016525,株式会社トップワーク,兵庫県,神戸市長田区,庄田町１丁目４番６号,6530035
2140001016533,トヨタ部品兵庫共販株式会社,兵庫県,神戸市長田区,北町２丁目９番地の２,6530016
2140001016558,長束鉄工株式会社,兵庫県,神戸市長田区,浜添通５丁目３番１６号,6530024
2140001016566,キクヤ交通株式会社,兵庫県,神戸市長田区,梅ケ香町１丁目１７番１４号,6530021
2140001016582,株式会社中村武男商店,兵庫県,神戸市長田区,菅原通２丁目１番地の１,6530015
2140001016608,株式会社日興ゴム工業所,兵庫県,神戸市長田区,東尻池町２丁目１２番１５号,6530022
2140001016616,株式会社長谷川商会,兵庫県,神戸市長田区,駒ケ林町３丁目１７番１号,6530043
2140001016632,株式会社ニユーコーベ自動車販売,兵庫県,神戸市長田区,三番町５丁目６番地,6530011
2140001016649,阪神空調株式会社,兵庫県,神戸市長田区,上池田５丁目４番１１号,6530827
2140001016657,株式会社阪神メタリックス,兵庫県,神戸市長田区,御蔵通７丁目２９番地,6530014
2140001016673,株式会社花寿し,兵庫県,神戸市長田区,高取山町１丁目３番５号,6530856
2140001016681,株式会社林工業所,兵庫県,神戸市長田区,菅原通７丁目１６番地,6530015
2140001016731,株式会社フアツシヨン達磨,兵庫県,神戸市長田区,苅藻通１丁目４番２号,6530032
2140001016748,株式会社福原鉄工所,兵庫県,神戸市長田区,御蔵通１丁目８８番地,6530014
2140001016756,エフ管財株式会社,兵庫県,神戸市長田区,長尾町２丁目７番４号,6530855
2140001016797,株式会社古原質店,兵庫県,神戸市長田区,駒ケ林町２丁目１７番８号,6530043
2140001016806,株式会社ヘンミ,兵庫県,神戸市長田区,東尻池町５丁目２番４０号,6530022
2140001016814,株式会社豊年木俵商店,兵庫県,神戸市長田区,戸崎通３丁目７番７号,6530845
2140001016822,株式会社ホクサン須磨,兵庫県,神戸市長田区,御屋敷通５丁目５番１３号,6530843
2140001016830,ボン食品株式会社,兵庫県,神戸市長田区,檜川町１丁目６番５号,6530887
2140001016855,松下酒類卸株式会社,兵庫県,神戸市長田区,北町１丁目４の１,6530016
2140001016905,丸正木材株式会社,兵庫県,神戸市長田区,苅藻島町３丁目８番１８号,6530033
2140001016913,三木商事株式会社,兵庫県,神戸市長田区,本庄町７丁目２番９号,6530053
2140001016946,南運送株式会社,兵庫県,神戸市長田区,神楽町２丁目３番３４号,6530836
2140001016962,宮本産業株式会社,兵庫県,神戸市長田区,東尻池町６丁目３番２８号,6530022
2140001016970,株式会社村上住宅,兵庫県,神戸市長田区,西山町４丁目１１番１２号,6530862
2140001016979,明和化成株式会社,兵庫県,神戸市長田区,長楽町６丁目２番２８号ＢＬＯＣビル２０１,6530054
2140001016995,株式会社森下鉄工所,兵庫県,神戸市長田区,日吉町３丁目１番２２号,6530039
2140001017052,株式会社ユリヤ,兵庫県,神戸市長田区,五番町８丁目１番地の６,6530003
2140001017060,株式会社ヨシカワ,兵庫県,神戸市長田区,海運町３丁目１番２号,6530052
2140001017110,株式会社ロンソニエ,兵庫県,神戸市長田区,若松町５丁目５番１号ジョイプラザ２Ｆ,6530038
2140001017127,株式会社神戸管財,兵庫県,神戸市長田区,二葉町８丁目６番１６号,6530042
2140001017135,神戸装飾株式会社,兵庫県,神戸市長田区,長田天神町１丁目１９番１８−７０３号,6530882
2140001017143,神戸ステンレス株式会社,兵庫県,神戸市長田区,東尻池町９丁目１番３４号,6530022
2140001017176,株式会社神戸丸栄産業,兵庫県,神戸市長田区,苅藻通７丁目１番地の２０,6530032
2140001017184,株式会社神戸リサイクリングセンター,兵庫県,神戸市長田区,苅藻島町１丁目１番１０号,6530033
2140001017201,日本連合管財株式会社,兵庫県,神戸市長田区,松野通１丁目１１番１１号,6530841
2140001017242,株式会社足立電気商会,兵庫県,神戸市長田区,庄山町３丁目３番２３号,6530853
2140001017424,株式会社恭三,兵庫県,神戸市長田区,松野通３丁目６番５−１０１号,6530841
2140001017655,大昌株式会社,兵庫県,神戸市長田区,梅ケ香町２丁目１番３１号神戸機械センター５Ｆ,6530021
2140001018629,東豊物産株式会社,兵庫県,神戸市長田区,細田町４丁目１番２３号,6530835
2140001019172,スターハイヤー株式会社,兵庫県,神戸市長田区,大谷町３丁目２３番３３号,6530838
2140001019239,株式会社リーメイクス,兵庫県,神戸市長田区,鹿松町２丁目１番４号,6530877
2140001019965,太樹興産株式会社,兵庫県,神戸市長田区,苅藻島町３丁目１番２６号,6530033
2140001020056,株式会社ファッション・フジ,兵庫県,神戸市長田区,御蔵通５丁目１４番地の１７,6530014
2140001020304,株式会社シースカイ,兵庫県,神戸市長田区,林山町７番地の１２,6530861
2140001020329,田中ミシン機工株式会社,兵庫県,神戸市長田区,松野通４丁目６番２号,6530841
2140001020469,株式会社カグラ,兵庫県,神戸市長田区,神楽町１丁目３番１号,6530836
2140001020477,Ｅｃｏ＆Ｅｌｅｍｅｎｔｓ株式会社,兵庫県,神戸市長田区,久保町５丁目１番１号,6530041
2140001020709,株式会社パルコーポレーション,兵庫県,神戸市長田区,久保町８丁目１−１３,6530041
2140001020782,グローバルリンクコミュニケーションズ株式会社,兵庫県,神戸市長田区,西尻池町２丁目３番１２号コロンブスビル２階,6530031
2140001020849,株式会社ポートタクシー,兵庫県,神戸市長田区,苅藻島町３丁目５番２４号,6530033
2140001020898,神戸シュートレーディング株式会社,兵庫県,神戸市長田区,西尻池町１丁目３番２号,6530031
2140001020989,株式会社エムイーエム社,兵庫県,神戸市長田区,松野通３丁目３番３号,6530841
2140001021830,株式会社ＲＡＫＵＳＨＯ,兵庫県,神戸市長田区,御蔵通１丁目９３,6530014
2140001023042,株式会社山陽エージェンシー,兵庫県,神戸市長田区,御屋敷通３丁目１番１号,6530843
2140001023439,イケダクリエイト株式会社,兵庫県,神戸市長田区,川西通３丁目４番地,6530834
2140001023645,株式会社フォースワン,兵庫県,神戸市長田区,川西通３丁目６４番１号,6530834
2140001024296,株式会社青山,兵庫県,神戸市長田区,日吉町４丁目３番９号,6530039
2140001024370,株式会社ポート,兵庫県,神戸市長田区,苅藻島町３丁目５番２４号,6530033
2140001025088,神戸パーツ株式会社,兵庫県,神戸市長田区,駒ケ林町３丁目９番５号,6530043
2140001025204,株式会社アサイ製作所,兵庫県,神戸市長田区,東尻池町５丁目２番４４号,6530022
2140001025278,株式会社優和,兵庫県,神戸市長田区,菅原通７丁目６４番地,6530015
2140001025492,野上商会株式会社,兵庫県,神戸市長田区,長楽町４丁目１番３号,6530054
2140001025807,株式会社ハヤシエンジニアリング,兵庫県,神戸市長田区,野田町９丁目２番１号３階３号,6530051
2140001026144,株式会社ルセール,兵庫県,神戸市長田区,神楽町２丁目３番１号,6530836
2140001026326,株式会社銀星交通,兵庫県,神戸市長田区,房王寺町６丁目２番３７号,6530801
2140001026532,一新商事株式会社,兵庫県,神戸市長田区,御船通１丁目２−１,6530832
2140001026615,株式会社中川財務会計センター,兵庫県,神戸市長田区,細田町６丁目１番１０号,6530835
2140001026706,株式会社アグローブ,兵庫県,神戸市長田区,神楽町３丁目７番１２号,6530836
2140001026747,株式会社協和ヘルス,兵庫県,神戸市長田区,戸崎通３丁目１番３号,6530845
2140001027027,Ｙｕｉ株式会社,兵庫県,神戸市長田区,大道通２丁目１７番１号,6530833
2140001027101,株式会社オークラ商会,兵庫県,神戸市長田区,海運町５丁目１番２４号,6530052
2140001027167,株式会社ケイ・エス・エヌ,兵庫県,神戸市長田区,駒ケ林南町２−２２,6530045
2140001027349,株式会社イツワ電設,兵庫県,神戸市長田区,明泉寺町１丁目６番７号,6530884
2140001027687,株式会社寺内鉄工所,兵庫県,神戸市長田区,東尻池町６丁目３番３号,6530022
2140001027745,愛地球環境改善株式会社,兵庫県,神戸市長田区,腕塚町５丁目５番１−９０５号,6530036
2140001027992,株式会社神企,兵庫県,神戸市長田区,名倉町２丁目１番８号,6530883
2140001028025,松本工業株式会社,兵庫県,神戸市長田区,五番町５丁目２番地の５,6530003
2140001028355,株式会社ミーファイユー,兵庫県,神戸市長田区,花山町２丁目１３番４号,6530876
2140001028586,株式会社ａｔ　ｄｅｓｉｇｎ,兵庫県,神戸市長田区,六番町３丁目４番地の９,6530002
2140001028660,株式会社和辻コーポレーション,兵庫県,神戸市長田区,宮川町１丁目２３−１−１０２号,6530813
2140001028974,株式会社溝口商店,兵庫県,神戸市長田区,若松町３丁目３番２−７０７号,6530038
2140001029097,株式会社ＭＡＳＡＫＩ,兵庫県,神戸市長田区,菅原通５丁目４３番４号,6530015
2140001029147,株式会社美和インターナショナル,兵庫県,神戸市長田区,日吉町４丁目３番９号青山ビル２Ｆ,6530039
2140001029254,株式会社Ｓ・Ｐ・Ａ商事,兵庫県,神戸市長田区,菅原通７丁目４１番１号ゴールドウッズコウベシューズタウンセンタービル５０２号,6530015
2140001029601,株式会社成美工業,兵庫県,神戸市長田区,菅原通１丁目６８番地,6530015
2140001029691,株式会社ＱＵＡＬＩＡ,兵庫県,神戸市長田区,本庄町７丁目２番８−４０４号,6530053
2140001029766,株式会社白富,兵庫県,神戸市長田区,大谷町２丁目５番１３号,6530838
2140001030047,株式会社まんてん在宅ケア研究所,兵庫県,神戸市長田区,細田町６丁目１番２４号,6530835
2140001030377,株式会社友徳電気,兵庫県,神戸市長田区,丸山町４丁目１番１０号,6530875
2140001030410,株式会社エスプロジェクト,兵庫県,神戸市長田区,水笠通３丁目１番１８号,6530842
2140001030708,丸正ユニシン株式会社,兵庫県,神戸市長田区,房王寺町７丁目２番７号,6530801
2140001030930,株式会社ＫＢＳ,兵庫県,神戸市長田区,苅藻島町３丁目１１番３０号,6530033
2140001030955,株式会社プランタ・コーポレーション,兵庫県,神戸市長田区,水笠通３丁目１番１８号,6530842
2140001031631,株式会社Ｓｃｒａｐｓ,兵庫県,神戸市長田区,久保町６丁目１番２０号メイツブラン新長田１４０４号,6530041
2140001031697,株式会社ａプレスティジ,兵庫県,神戸市長田区,御船通５丁目２番地の１４,6530832
2140001031912,株式会社クリハラ,兵庫県,神戸市長田区,浜添通２丁目１番１４号,6530024
2140001032019,株式会社さなえ本舗,兵庫県,神戸市長田区,西代通４丁目３−７,6530844
2140001032118,株式会社クロノス,兵庫県,神戸市長田区,前原町１丁目８番３号,6530803
2140001032621,株式会社アズコーポレーション,兵庫県,神戸市長田区,西代通３丁目３番６号,6530844
2140001033231,エトワール神戸株式会社,兵庫県,神戸市長田区,明泉寺町１丁目２番１号,6530884
2140001033339,株式会社神明プランニング,兵庫県,神戸市長田区,御船通３丁目１番地の２３,6530832
2140001033413,ＨＳＩダイニング株式会社,兵庫県,神戸市長田区,苅藻島町１丁目１番６１号,6530033
2140001033504,株式会社Ｃ・Ａコンストラクション,兵庫県,神戸市長田区,長楽町５丁目３番１号,6530054
2140001033925,株式会社Ｍｉｎｄ,兵庫県,神戸市長田区,若松町３丁目３番２号,6530038
2140001033941,株式会社神戸通商,兵庫県,神戸市長田区,野田町４丁目２番１０号３Ｆ,6530051
2140001033999,株式会社ジャパンサービスネット,兵庫県,神戸市長田区,真野町２番１８号,6530025
2140001034188,株式会社チームＵ,兵庫県,神戸市長田区,久保町９丁目４番１１号,6530041
2140001034205,株式会社スリーアローズ,兵庫県,神戸市長田区,四番町６丁目２番地の２,6530004
2140001034254,株式会社幸和道路管理,兵庫県,神戸市長田区,海運町８丁目４番８号江本ビル,6530052
2140001038049,株式会社柳田鉄工所,兵庫県,神戸市長田区,駒ケ林南町１−７９,6530045
2140001038098,株式会社ファーストステップ,兵庫県,神戸市長田区,戸崎通２丁目１番２−１０１号,6530845
2140001042166,株式会社ビギン,兵庫県,神戸市長田区,名倉町５丁目４番７号,6530883
2140001042190,株式会社ＤＡＩＳＨＯ,兵庫県,神戸市長田区,神楽町３丁目７番２号,6530836
2140001042389,アレキサンダーズ株式会社,兵庫県,神戸市長田区,庄田町４丁目７番９号,6530035
2140001047181,株式会社ＡＮＲＩ　ＴＲＡＤＩＮＧ,兵庫県,神戸市長田区,二葉町５丁目１番１−２０４号−２,6530042
2140001047198,株式会社ミナトガワ防災,兵庫県,神戸市長田区,苅藻通３丁目５−９,6530032
2140001057016,株式会社レディブラント,兵庫県,神戸市長田区,上池田５丁目７番１２号,6530827
2140001057263,株式会社港島サービス,兵庫県,神戸市長田区,若松町３丁目２番４−８０４号,6530038
2140001057395,株式会社エキップ,兵庫県,神戸市長田区,長楽町２丁目４番１１号,6530054
2140001067634,エフシステムズ株式会社,兵庫県,神戸市長田区,二葉町６丁目７−２−１１６,6530042
2140001087137,株式会社Ａｎｄ　Ｋｏｏ,兵庫県,神戸市長田区,蓮宮通５丁目１番５号アレグリア長田蓮宮通１０３号,6530831
2140001087236,神戸管理株式会社,兵庫県,神戸市長田区,長楽町２丁目３番５号カーム鷹取３０２号室,6530054
2140001087847,株式会社ＯＮＥＪＰ,兵庫県,神戸市長田区,花山町２丁目１４番１６−３０３号,6530876
2140001087962,株式会社マロン,兵庫県,神戸市長田区,御蔵通７丁目４２番地,6530014
2140001088473,株式会社神戸ホームコンサルティング,兵庫県,神戸市長田区,鹿松町３丁目６番３号,6530877
2140001088770,吹田塗装株式会社,兵庫県,神戸市長田区,戸崎通３丁目８番１号,6530845
2140001088878,株式会社プシューケ,兵庫県,神戸市長田区,駒ケ林町２丁目１番２号,6530043
2140001088944,株式会社Ｌａｄｙ,兵庫県,神戸市長田区,房王寺町４丁目６番１２号相互ハイツ４０１号,6530801
2140001089265,株式会社より鮮魚店,兵庫県,神戸市長田区,久保町５丁目１番１−１０３号,6530041
2140001089959,株式会社善八エステート,兵庫県,神戸市長田区,長田天神町１丁目１９番１６号,6530882
2140001091106,株式会社ニース,兵庫県,神戸市長田区,御屋敷通６丁目３−４,6530843
2140001091320,Ｄｍｅｔ　ｌａｂｅｌ株式会社,兵庫県,神戸市長田区,御蔵通７丁目２９番地,6530014
2140001092087,株式会社大友,兵庫県,神戸市長田区,久保町８丁目７−１０,6530041
2140001093341,株式会社アプローズ,兵庫県,神戸市長田区,神楽町３丁目３番９号,6530836
2140001094315,株式会社フィットオン,兵庫県,神戸市長田区,前原町１丁目２１番１１号,6530803
2140001094728,株式会社グロースハック,兵庫県,神戸市長田区,南駒栄町１−７,6530044
2140001094884,株式会社よこやま,兵庫県,神戸市長田区,水笠通３丁目３番１４号,6530842
2140001095098,株式会社お福の会,兵庫県,神戸市長田区,長田天神町６丁目５番５号１階,6530882
2140001095775,株式会社モーリー大開,兵庫県,神戸市長田区,二番町１丁目１８番１号,6530012
2140001096113,株式会社ＣＩＡＯＬＡ,兵庫県,神戸市長田区,松野通１丁目１１−１３−２,6530841
2140001096419,株式会社ＡＬＡＢＡＳＴＡ,兵庫県,神戸市長田区,大塚町１丁目８番１１号プレノ長田３０１号室,6530811
2140001096724,株式会社ＡＮＧＥ　ＫＯＢＥ,兵庫県,神戸市長田区,西代通４丁目１番４号１階,6530844
2140001096914,株式会社神戸化学,兵庫県,神戸市長田区,松野通２丁目５番７号,6530841
2140001096939,株式会社ＭＩＭＳ,兵庫県,神戸市長田区,御屋敷通５丁目３−１７−１Ｆ南,6530843
2140001097326,エアーテクニカサービス株式会社,兵庫県,神戸市長田区,東尻池町９丁目１番３４号,6530022
2140001097350,吉野工業株式会社,兵庫県,神戸市長田区,五番町２丁目３−３８,6530003
2140001097359,株式会社みなと設計施工,兵庫県,神戸市長田区,高取山町２丁目１０−１５,6530856
2140001097706,株式会社スマイル空調サービスＭ＆Ｍ,兵庫県,神戸市長田区,四番町６丁目２番地の１,6530004
2140001097722,平明商事株式会社,兵庫県,神戸市長田区,菅原通６丁目２番地,6530015
2140001098869,株式会社フェリシテ,兵庫県,神戸市長田区,海運町５丁目１番２４号,6530052
2140001098902,株式会社リベルタ,兵庫県,神戸市長田区,西丸山町２丁目１４番３号,6530874
2140001099017,アークトゥルス株式会社,兵庫県,神戸市長田区,六番町３丁目３番１号,6530002
2140001099917,株式会社兼鈴,兵庫県,神戸市長田区,五番町８丁目２番地の３,6530003
2140001100163,株式会社マルデン,兵庫県,神戸市長田区,駒ケ林町３丁目１６番５号,6530043
2140001101459,株式会社朝霧,兵庫県,神戸市長田区,苅藻島町２丁目３番１号,6530033
2140001103612,ヒューマンドール株式会社,兵庫県,神戸市長田区,若松町１０丁目３番９号,6530038
2140001105063,株式会社アビリティ,兵庫県,神戸市長田区,浪松町２丁目１−１２,6530055
2140001105971,株式会社タニテック,兵庫県,神戸市長田区,西代通４丁目４番４号,6530844
2140001105996,株式会社クリーク,兵庫県,神戸市長田区,久保町５丁目１番１−１７０２号,6530041
2140001106094,株式会社ＤＵＴＡ,兵庫県,神戸市長田区,二葉町４丁目５番２０号,6530042
2140001106235,株式会社マル希商会,兵庫県,神戸市長田区,東尻池町２丁目１２番２１号,6530022
2140001106433,アートコード・ラボ株式会社,兵庫県,神戸市長田区,東尻池町４丁目１１番１９−２号,6530022
2140001108082,ミレレエナジー株式会社,兵庫県,神戸市長田区,重池町２丁目３番９号,6530802
2140001108446,株式会社大通国際,兵庫県,神戸市長田区,房王寺町１丁目２番５号１Ｆ,6530801
2140001110963,株式会社シーキューブ,兵庫県,神戸市長田区,東尻池町１丁目５−１５,6530022
2140001111144,株式会社あつまろ,兵庫県,神戸市長田区,川西通２丁目４番４号,6530834
2140001111342,ＥＣＯ　ＣＮＣ　ＪＡＰＡＮ株式会社,兵庫県,神戸市長田区,海運町８丁目４番２号,6530052
2140001111615,Ｂｒｅｘｉｔ株式会社,兵庫県,神戸市長田区,大谷町３丁目１番４１−４０１号,6530838
2140001111722,株式会社ミレイエ,兵庫県,神戸市長田区,大橋町５丁目３番１号−２１２,6530037
2140001111953,株式会社ＨＡＬＬＹ,兵庫県,神戸市長田区,松野通３丁目５番３号,6530841
2140001112431,株式会社ハイドロゲンリッチ,兵庫県,神戸市長田区,大橋町５丁目３番１号アスタプラザイースト４Ｆ４０７号室,6530037
2140001112613,株式会社Ｊ−Ｖ　ＣＯＮＮＥＣＴＩＯＮ,兵庫県,神戸市長田区,四番町７丁目５番アロバス第２ビル２０３号室,6530004
2140001112761,ｍｉｕｌａｎｄ株式会社,兵庫県,神戸市長田区,松野通１丁目１１−１３−２,6530841
2140001113264,株式会社ホリスケホーム,兵庫県,神戸市長田区,寺池町２丁目１１−３,6530804
2140001113512,株式会社野間フーズ,兵庫県,神戸市長田区,大橋町４丁目４番９号,6530037
2140001113990,板東装飾株式会社,兵庫県,神戸市長田区,戸崎通３丁目１１番１１−３０２号,6530845
2140001114295,株式会社ラージ住設,兵庫県,神戸市長田区,本庄町８丁目４番３号,6530053
2140001115327,株式会社ＦＤＣ,兵庫県,神戸市長田区,御蔵通６丁目５０,6530014
2140001115541,小林国際貿易株式会社,兵庫県,神戸市長田区,四番町２丁目９番地の５８,6530004
2140001116820,３９株式会社,兵庫県,神戸市長田区,菅原通５丁目３３番地,6530015
2140001116985,株式会社遺品整理プログレス兵庫,兵庫県,神戸市長田区,苅藻島町３丁目８番１号,6530033
2140001117414,株式会社Ｌ＆Ｍ,兵庫県,神戸市長田区,六番町８丁目１−１,6530002
2140001118024,株式会社神弘設備,兵庫県,神戸市長田区,雲雀ケ丘３丁目２番３−１号,6530879
2140001118602,株式会社クリーンエスト神戸,兵庫県,神戸市長田区,川西通５丁目１０３番３号リバーウエスト五番街Ｂ−１０１,6530834
2140001119138,株式会社アンドシェア,兵庫県,神戸市長田区,駒ケ林町１丁目１６番２３号,6530043
2140001119427,株式会社トータルサポート,兵庫県,神戸市長田区,前原町２丁目５番４号,6530803
2140001120310,株式会社藤里,兵庫県,神戸市長田区,房王寺町７丁目１番１９−１号,6530801
2140001120467,株式会社グレイスワン,兵庫県,神戸市長田区,庄山町２丁目１番８号,6530853
2140001120599,株式会社ＬｅｓｔａｒｔＲ,兵庫県,神戸市長田区,松野通１丁目９番３号ロイヤル三ツ星１０１,6530841
2140001120987,株式会社ＣｏＣｏ,兵庫県,神戸市長田区,若松町９丁目２番９号,6530038
2140001121110,マエダエンジニアリング株式会社,兵庫県,神戸市長田区,蓮宮通４丁目２番地の７,6530831
2140001121481,株式会社浅井工業,兵庫県,神戸市長田区,東尻池町１丁目１番１号,6530022
2140001122075,株式会社ＩＡＦ,兵庫県,神戸市長田区,長田町１丁目２番４号（２０３号）,6530812
2140001122364,株式会社エヌズエステート,兵庫県,神戸市長田区,水笠通１丁目２番８号１Ｆ,6530842
2140001122983,三和株式会社,兵庫県,神戸市長田区,海運町８丁目４番８号江本ビル,6530052
2140001123445,松組株式会社,兵庫県,神戸市長田区,高取山町１丁目４番３号Ｒｏｃｋｙ高取山２０１号室,6530856
2140001123494,株式会社雅,兵庫県,神戸市長田区,御蔵通２丁目３番地,6530014
2140001123998,株式会社神戸カイトリサイクル,兵庫県,神戸市長田区,東尻池町１丁目１０番１９号,6530022
2140001124113,株式会社ケアリンク,兵庫県,神戸市長田区,房王寺町３丁目１０番１２号,6530801
2140001125210,株式会社ＫＡＲＵＲＡ,兵庫県,神戸市長田区,高取山町２丁目９番１７号ときわビューハイツ２０１号室,6530856
2140001125417,株式会社アイアーツ,兵庫県,神戸市長田区,駒ケ林町４丁目１６番１−２号,6530043
2140001125763,株式会社中尾工務店,兵庫県,神戸市長田区,野田町４丁目４番６号,6530051
2140001125796,株式会社椿産業,兵庫県,神戸市長田区,大谷町３丁目１４番５０号,6530838
2140001126027,株式会社錦江ホールディングス,兵庫県,神戸市長田区,重池町２丁目３番９号,6530802
2140001126976,株式会社東進,兵庫県,神戸市長田区,若松町２丁目１番９号３Ｆ,6530038
2140001127958,ＨＭＧ株式会社,兵庫県,神戸市長田区,東尻池町２丁目１４番１３号,6530022
2140001128543,株式会社チャレンジホールディングス,兵庫県,神戸市長田区,長楽町６丁目２番２９号チャレンジビル,6530054
2140001128799,株式会社ブィークル,兵庫県,神戸市長田区,川西通４丁目１０６番地の１１,6530834
2140001129483,せつびや株式会社,兵庫県,神戸市長田区,五番町２丁目６番６号,6530003
2140001129780,アールシージャパン株式会社,兵庫県,神戸市長田区,駒ヶ林南町１番８０三栄産商ビル,6530045
2140001130029,株式会社大正商会,兵庫県,神戸市長田区,駒ケ林町１丁目１７番１５号,6530043
2140001130078,株式会社ＨＩＲＯサービス,兵庫県,神戸市長田区,長田天神町２丁目３番１号,6530882
2140001130193,株式会社２６９,兵庫県,神戸市長田区,四番町１丁目１１−４,6530004
2140001131828,株式会社塚本モータース,兵庫県,神戸市長田区,本庄町５丁目１番２５号,6530053
2140001132017,株式会社ＳＡＮＴＯ　ＴＲＤ,兵庫県,神戸市長田区,菅原通７丁目３９番地の３,6530015
2140001133989,株式会社アルファー,兵庫県,神戸市長田区,戸崎通２丁目８番１２号,6530845
2140001134087,株式会社三信,兵庫県,神戸市長田区,明泉寺町３丁目３番９号南棟１１,6530884
2140001134748,三伸ホールディングス株式会社,兵庫県,神戸市長田区,二番町２丁目２番地の１,6530012
2140001134970,株式会社ＴＩＬ,兵庫県,神戸市長田区,長田町７丁目１番４号,6530812
2140001135052,株式会社バロム＆ボンド,兵庫県,神戸市長田区,西尻池町１丁目２番３号,6530031
2140001135102,ＳＰＩＧＯＬＡ　ＪＡＰＡＮ株式会社,兵庫県,神戸市長田区,細田町５丁目２番１６号,6530835
2140001137461,株式会社ｌｉｌｙ,兵庫県,神戸市長田区,海運町５丁目１番２６−６０２号,6530052
2140001137577,エボルブ・ホーム株式会社,兵庫県,神戸市長田区,若松町３丁目２番１５−５０４号,6530038
2140001138146,株式会社ＯＲＩＯＮ,兵庫県,神戸市長田区,房王寺町５丁目６−４,6530801
2140001138393,株式会社Ｐｉｌａｓｔｒｏ,兵庫県,神戸市長田区,松野通１丁目１０−７徳原ビル４Ｆ,6530841
2140001138419,大林国際株式会社,兵庫県,神戸市長田区,御蔵通７丁目３７番地,6530014
2140001138971,アグリメック株式会社,兵庫県,神戸市長田区,水笠通６丁目４番２号,6530842
2140001139350,株式会社ＮＥＸＵＳ　ＧＵＡＲＤ,兵庫県,神戸市長田区,西尻池町１丁目３番２号,6530031
2140001139425,アルム株式会社,兵庫県,神戸市長田区,御屋敷通５丁目５番１０−２０６号,6530843
2140001139573,株式会社長谷川商店,兵庫県,神戸市長田区,駒ケ林町１丁目１０番２０号,6530043
2140001139706,株式会社ＯＭＯＲＯ,兵庫県,神戸市長田区,腕塚町５丁目５番１−２０５号,6530036
2140001139846,神港衛生ホールディングス株式会社,兵庫県,神戸市長田区,苅藻島町３丁目１１番２７号,6530033
2140001140028,株式会社エヌオート,兵庫県,神戸市長田区,五番町１丁目５−２,6530003
2140001140606,株式会社ＹＫ　Ｂａｓｅ,兵庫県,神戸市長田区,長楽町２丁目２番１４号,6530054
2140001141083,株式会社Ｐ‐ｓｔａｎｄａｒｄ,兵庫県,神戸市長田区,長田天神町２丁目３番３号,6530882
2140001141364,株式会社Ｋ’ｓ　ｃｏｍｐａｎｙ,兵庫県,神戸市長田区,腕塚町８丁目３番１２号,6530036
2140001141414,ＩＮＮＡＴＥ株式会社,兵庫県,神戸市長田区,宮川町９丁目２番１０号,6530813
2140001142115,アスフィル株式会社,兵庫県,神戸市長田区,駒ケ林町１丁目１４番１０号,6530043
2140002008587,株式会社佐藤工業,兵庫県,神戸市長田区,片山町５丁目１１番２４号,6530805
2140002022514,株式会社ビームスコンストラクション,兵庫県,神戸市長田区,苅藻島町３丁目９番１８号,6530033
2140002024097,株式会社ポートサービス,兵庫県,神戸市長田区,苅藻島町３丁目５番２４号,6530033
2140002025995,ファングッズ株式会社,兵庫県,神戸市長田区,西尻池町１丁目２番３６号,6530031
2140002026457,株式会社青松テック,兵庫県,神戸市長田区,苅藻島町１丁目１番４６号,6530033
2140002028131,株式会社エクストアド,兵庫県,神戸市長田区,大丸町１丁目１６番３号,6530806
2140003004949,株式会社まどか,兵庫県,神戸市長田区,久保町３丁目１番２−７０１号,6530041
3011001041905,株式会社ホワイトクレイン,兵庫県,神戸市長田区,大橋町５丁目３番１号,6530037
3120001272565,月亮株式会社,兵庫県,神戸市長田区,大塚町３丁目１番１７号２階,6530811
3120001278901,星河株式会社,兵庫県,神戸市長田区,七番町７番地の１１,6530001
3140001000899,株式会社神戸住建,兵庫県,神戸市長田区,戸崎通３丁目１番３号,6530845
3140001005056,田中勇商事株式会社,兵庫県,神戸市長田区,西尻池町２丁目４番１６号,6530031
3140001005270,株式会社平野商店,兵庫県,神戸市長田区,梅ケ香町１丁目１８番２７号,6530021
3140001006194,イノウエ道路管理株式会社,兵庫県,神戸市長田区,東尻池町９丁目１番２０号,6530022
3140001006525,株式会社エム・エム・エス,兵庫県,神戸市長田区,苅藻通２丁目４番７号１０５,6530032
3140001011632,ライズ株式会社,兵庫県,神戸市長田区,川西通３丁目４,6530834
3140001012036,神戸東亜特機株式会社,兵庫県,神戸市長田区,四番町１丁目１１番３号,6530004
3140001012333,株式会社兵庫県映画センター,兵庫県,神戸市長田区,腕塚町２丁目１番１５号,6530036
3140001012589,エイシイ・デイシイ株式会社,兵庫県,神戸市長田区,神楽町２丁目３−１,6530836
3140001013166,三和テクノ株式会社,兵庫県,神戸市長田区,苅藻通７丁目４番２７号,6530032
3140001014346,株式会社碧産業,兵庫県,神戸市長田区,房王寺町２丁目３番２３号,6530801
3140001015633,株式会社アイケー,兵庫県,神戸市長田区,海運町８丁目１番２６号,6530052
3140001015666,あさひ建設株式会社,兵庫県,神戸市長田区,浪松町３丁目１番１号,6530055
3140001015674,株式会社東産業,兵庫県,神戸市長田区,細田町２丁目１番３３号,6530835
3140001015682,アドバン建設株式会社,兵庫県,神戸市長田区,花山町２丁目８番７号,6530876
3140001015690,株式会社新井水道商会,兵庫県,神戸市長田区,駒ケ林町１丁目１３番７号,6530043
3140001015708,株式会社イケダプランニング,兵庫県,神戸市長田区,東尻池町９丁目１番２７号,6530022
3140001015716,石本商事株式会社,兵庫県,神戸市長田区,菅原通３丁目６番地の１,6530015
3140001015724,井田精工株式会社,兵庫県,神戸市長田区,腕塚町２丁目１番３５号,6530036
3140001015749,ウエダファイブ株式会社,兵庫県,神戸市長田区,神楽町４丁目５番４号,6530836
3140001015765,株式会社エスケージー,兵庫県,神戸市長田区,細田町１丁目４番９号,6530835
3140001015781,株式会社エステートミナト,兵庫県,神戸市長田区,西尻池町２丁目３番３０号,6530031
3140001015798,株式会社エム・ストラート,兵庫県,神戸市長田区,大橋町９丁目３番９号,6530037
3140001015823,株式会社大谷貿易妻楊子工場,兵庫県,神戸市長田区,二葉町８丁目６番８号,6530042
3140001015831,株式会社大政ハウジング,兵庫県,神戸市長田区,若松町２丁目２番９号マホ新長田２０２号,6530038
3140001015848,株式会社岡本工作所,兵庫県,神戸市長田区,細田町２丁目１番１３号,6530835
3140001015856,奥道機械工業株式会社,兵庫県,神戸市長田区,苅藻通６丁目８番４号,6530032
3140001015880,角田建設株式会社,兵庫県,神戸市長田区,五番町４丁目３０番,6530003
3140001015914,兼正興業株式会社,兵庫県,神戸市長田区,東尻池町１丁目９番１０号,6530022
3140001015930,カルトンアイ株式会社,兵庫県,神戸市長田区,西尻池町５丁目３番３号,6530031
3140001015939,株式会社軽部鉄工所,兵庫県,神戸市長田区,蓮宮通４丁目５番地の１,6530831
3140001015955,キクヤ株式会社,兵庫県,神戸市長田区,菅原通４丁目１３９号,6530015
3140001015963,起多プレス工業株式会社,兵庫県,神戸市長田区,苅藻通７丁目３番４号,6530032
3140001015988,楠原商事株式会社,兵庫県,神戸市長田区,腕塚町７丁目７番８号,6530036
3140001016004,株式会社クワムラ電機商会,兵庫県,神戸市長田区,川西通５丁目１０５番地の１８,6530834
3140001016012,株式会社玄海,兵庫県,神戸市長田区,細田町４丁目１番２７号,6530835
3140001016053,国栄ゴム工業株式会社,兵庫県,神戸市長田区,西尻池町１丁目２番３６号,6530031
3140001016078,株式会社コマヤ,兵庫県,神戸市長田区,腕塚町５丁目５番１−１０３号,6530036
3140001016086,株式会社サンエス精工,兵庫県,神戸市長田区,東尻池町４丁目３番８号,6530022
3140001016094,株式会社サカイ・ベンデイング,兵庫県,神戸市長田区,梅ケ香町１丁目１８番１号,6530021
3140001016111,株式会社サザンクロス,兵庫県,神戸市長田区,細田町４丁目１番４号,6530835
3140001016128,株式会社サンナイト,兵庫県,神戸市長田区,細田町２丁目１番２５号,6530835
3140001016144,株式会社三洋製靴,兵庫県,神戸市長田区,本庄町７丁目５番１６号,6530053
3140001016152,株式会社サンワ,兵庫県,神戸市長田区,菅原通４丁目１番地の２０,6530015
3140001016160,株式会社三和住宅,兵庫県,神戸市長田区,二葉町５丁目１番１−１１３号,6530042
3140001016169,株式会社シンエー,兵庫県,神戸市長田区,四番町６丁目２番地の２,6530004
3140001016193,神港金属株式会社,兵庫県,神戸市長田区,東尻池町１丁目１１番４号,6530022
3140001016202,株式会社真建設,兵庫県,神戸市長田区,菅原通７丁目４番３号,6530015
3140001016210,株式会社新生屋食品店,兵庫県,神戸市長田区,二葉町３丁目８番１号,6530042
3140001016219,清南実業株式会社,兵庫県,神戸市長田区,宮川町２丁目２８番地の１,6530813
3140001016227,神明紙器印刷株式会社,兵庫県,神戸市長田区,真野町３番２号,6530025
3140001016268,株式会社順則塗装工業所,兵庫県,神戸市長田区,菅原通２丁目１５０番地,6530015
3140001016276,新和電設株式会社,兵庫県,神戸市長田区,重池町２丁目４番９号,6530802
3140001016292,株式会社スペース・ギャラリー・リミテッド,兵庫県,神戸市長田区,川西通１丁目６番４号,6530834
3140001016318,株式会社攝津鉄工所,兵庫県,神戸市長田区,菅原通１丁目５番地３,6530015
3140001016334,相互住宅管理株式会社,兵庫県,神戸市長田区,大谷町２丁目１３番４号,6530838
3140001016359,株式会社タイセイ,兵庫県,神戸市長田区,川西通５丁目１０３番地の１,6530834
3140001016400,大和株式会社,兵庫県,神戸市長田区,川西通３丁目７番１３号,6530834
3140001016409,たかた印刷工業株式会社,兵庫県,神戸市長田区,西尻池町３丁目１番７号,6530031
3140001016417,株式会社高見泰広,兵庫県,神戸市長田区,日吉町６丁目６番１９号,6530039
3140001016425,株式会社ダックス,兵庫県,神戸市長田区,浜添通３丁目１−２６,6530024
3140001016433,帯刀自動車工業株式会社,兵庫県,神戸市長田区,南駒栄町４番２０号,6530044
3140001016458,千鶴産業株式会社,兵庫県,神戸市長田区,御蔵通７丁目２２番,6530014
3140001016474,株式会社常峰工務店,兵庫県,神戸市長田区,腕塚町９丁目５番１１号,6530036
3140001016482,電電工業株式会社,兵庫県,神戸市長田区,本庄町３丁目６番７号,6530053
3140001016508,株式会社トーホービルサービス,兵庫県,神戸市長田区,神楽町３丁目７番２号,6530836
3140001016524,株式会社トツプビル,兵庫県,神戸市長田区,川西通５丁目５の３,6530834
3140001016532,ネッツトヨタウエスト兵庫株式会社,兵庫県,神戸市長田区,大道通５丁目１０１番地の２,6530833
3140001016581,ナカムラ商事株式会社,兵庫県,神戸市長田区,浜添通６丁目１番２号,6530024
3140001016598,西代アルミニユウム鋳造株式会社,兵庫県,神戸市長田区,松野通２丁目５番１９号,6530841
3140001016615,株式会社日進土木,兵庫県,神戸市長田区,東尻池町９丁目１番３４号,6530022
3140001016623,新田ゴム粉末工業株式会社,兵庫県,神戸市長田区,東尻池町４丁目３番１号,6530022
3140001016631,ニュー神戸建設サービス株式会社,兵庫県,神戸市長田区,若松町８丁目１番３３号,6530038
3140001016648,阪神興業株式会社,兵庫県,神戸市長田区,若松町６丁目１番１号,6530038
3140001016664,株式会社パディーフィールド,兵庫県,神戸市長田区,御蔵通７丁目１,6530014
3140001016672,ハニー化成株式会社,兵庫県,神戸市長田区,日吉町３丁目１番３３号,6530039
3140001016680,早川商事株式会社,兵庫県,神戸市長田区,神楽町２丁目３番１号,6530836
3140001016689,株式会社原田工務店,兵庫県,神戸市長田区,菅原通２丁目４４,6530015
3140001016706,株式会社光重量機工,兵庫県,神戸市長田区,川西通２丁目１０,6530834
3140001016722,株式会社＿瀬,兵庫県,神戸市長田区,御屋敷通１丁目２番４号,6530843
3140001016730,株式会社フアイブ・ワン,兵庫県,神戸市長田区,日吉町３丁目１番１号,6530039
3140001016747,株式会社福宝商事,兵庫県,神戸市長田区,六番町５丁目１５番地,6530002
3140001016755,株式会社フジケン,兵庫県,神戸市長田区,苅藻島町２丁目２番２２号,6530033
3140001016763,フジ樹脂興業株式会社,兵庫県,神戸市長田区,海運町５丁目１番３６号,6530052
3140001016771,藤原プラスチツクス機械株式会社,兵庫県,神戸市長田区,菅原通１丁目５番地の４,6530015
3140001016805,株式会社ぺぱあらんど,兵庫県,神戸市長田区,檜川町１丁目３番２号,6530887
3140001016821,ホンゴー工業株式会社,兵庫県,神戸市長田区,東尻池町９丁目１番１３号,6530022
3140001016838,株式会社前田工務店,兵庫県,神戸市長田区,東尻池町２丁目１０番５号,6530022
3140001016846,株式会社マキノ製作所,兵庫県,神戸市長田区,東尻池町４丁目１番３２号,6530022
3140001016854,松岡ゴムヨケ株式会社,兵庫県,神戸市長田区,東尻池町４丁目１０番１２号,6530022
3140001016870,丸石株式会社,兵庫県,神戸市長田区,本庄町８丁目６番５号,6530053
3140001016879,丸工株式会社,兵庫県,神戸市長田区,西尻池町１丁目３番７号,6530031
3140001016887,株式会社丸定パツキング工業所,兵庫県,神戸市長田区,松野通４丁目２番２７号,6530841
3140001016904,丸正建設株式会社,兵庫県,神戸市長田区,房王寺町７丁目２番７号,6530801
3140001016920,株式会社水井商事,兵庫県,神戸市長田区,苅藻通２丁目３番１０号,6530032
3140001016978,メーソン・セラミツクス株式会社,兵庫県,神戸市長田区,水笠通２丁目５番２３号,6530842
3140001016986,株式会社モガ,兵庫県,神戸市長田区,久保町１丁目２番１８号,6530041
3140001017010,株式会社山口鈑金,兵庫県,神戸市長田区,苅藻通４丁目２番３３−１０１号,6530032
3140001017019,株式会社山電情報センター,兵庫県,神戸市長田区,御屋敷通３丁目１番１号,6530843
3140001017027,株式会社山名商店,兵庫県,神戸市長田区,西尻池町３丁目１番１６号,6530031
3140001017043,株式会社ユウシン,兵庫県,神戸市長田区,五番町８丁目１番地,6530003
3140001017051,株式会社夢野台マンシヨン,兵庫県,神戸市長田区,房王寺町７丁目１３番１２号,6530801
3140001017076,株式会社和光製作所,兵庫県,神戸市長田区,苅藻島町１丁目１番６０号,6530033
3140001017092,株式会社リンク,兵庫県,神戸市長田区,戸崎通３丁目７番１３号,6530845
3140001017118,神戸塩業株式会社,兵庫県,神戸市長田区,野田町５丁目２番１２号,6530051
3140001017126,神戸環境クリエート株式会社,兵庫県,神戸市長田区,苅藻島町１丁目１番２８号,6530033
3140001017134,神戸総合開発株式会社,兵庫県,神戸市長田区,大橋町４丁目３番５号,6530037
3140001017142,神戸シトラス株式会社,兵庫県,神戸市長田区,大日丘町１丁目１２番２５号,6530872
3140001017150,株式会社神戸食材,兵庫県,神戸市長田区,駒ケ林町６丁目３番４号,6530043
3140001017159,神戸電槽株式会社,兵庫県,神戸市長田区,苅藻通７丁目３番２２号,6530032
3140001017175,株式会社星和総合研究所,兵庫県,神戸市長田区,浜添通４丁目１番２１号,6530024
3140001017209,株式会社兵庫商会,兵庫県,神戸市長田区,御蔵通５丁目５番地,6530014
3140001017373,カイチ産業株式会社,兵庫県,神戸市長田区,駒ケ林南町１番７７号,6530045
3140001017638,十合産業株式会社,兵庫県,神戸市長田区,菅原通７丁目４１番１号ゴールドウッズコウベシューズタウンセンタービル１０３号,6530015
3140001017704,株式会社チャレンジ,兵庫県,神戸市長田区,長楽町６丁目２番２９号チャレンジビル,6530054
3140001017902,株式会社平成観光,兵庫県,神戸市長田区,北町１丁目５４,6530016
3140001018066,株式会社リンズ,兵庫県,神戸市長田区,若松町１丁目４番８号,6530038
3140001018108,株式会社インタック,兵庫県,神戸市長田区,松野通３丁目６番５−１０１号,6530841
3140001018900,株式会社山田興産,兵庫県,神戸市長田区,松野通３丁目６番５−１０１号,6530841
3140001018990,兵庫県湾岸開発株式会社,兵庫県,神戸市長田区,浪松町５丁目１番１９号,6530055
3140001019584,株式会社エムキューブ,兵庫県,神戸市長田区,腕塚町９丁目１番１３号,6530036
3140001019972,株式会社日光建設,兵庫県,神戸市長田区,四番町７丁目１番地,6530004
3140001020162,株式会社西石川運送,兵庫県,神戸市長田区,苅藻島町２丁目１番１３号,6530033
3140001020542,神戸ヒーター株式会社,兵庫県,神戸市長田区,苅藻通７丁目３番１９号,6530032
3140001020625,株式会社アミティージョイ,兵庫県,神戸市長田区,大橋町５丁目３−１アスタプラザイースト１２６,6530037
3140001020765,株式会社エンクリプション・サイエンス,兵庫県,神戸市長田区,浜添通２丁目１番５号,6530024
3140001021177,株式会社アメリカン,兵庫県,神戸市長田区,若松町８丁目３番１３号,6530038
3140001021549,株式会社プレビュークオリティ,兵庫県,神戸市長田区,日吉町２丁目１番２−５０２号,6530039
3140001022415,株式会社アースエナジー,兵庫県,神戸市長田区,浜添通６丁目１番２号,6530024
3140001022885,神戸バイオメディクス株式会社,兵庫県,神戸市長田区,長者町１７番３号,6530866
3140001022927,株式会社ディスプレイパル,兵庫県,神戸市長田区,苅藻島町３丁目１−１,6530033
3140001023280,株式会社夢屋事務所,兵庫県,神戸市長田区,大谷町３丁目３番５号,6530838
3140001024163,株式会社ＭＭＳ,兵庫県,神戸市長田区,日吉町５丁目１番２８−５０３号,6530039
3140001024980,株式会社神戸アートフーズ,兵庫県,神戸市長田区,梅ケ香町２丁目１番８号,6530021
3140001025491,株式会社神戸シューズジェイフレンズ,兵庫県,神戸市長田区,若松町１丁目１番３号ポリマーセンター１階,6530038
3140001025582,苅藻商事株式会社,兵庫県,神戸市長田区,苅藻島町１丁目１−６８,6530033
3140001025723,株式会社多次興産,兵庫県,神戸市長田区,蓮宮通２丁目１番地の１,6530831
3140001025954,株式会社櫻田組,兵庫県,神戸市長田区,長楽町５丁目３番１号,6530054
3140001026011,株式会社ヒューマンメディア,兵庫県,神戸市長田区,西尻池町２丁目３番１２号,6530031
3140001026671,株式会社ケーコーポレーション,兵庫県,神戸市長田区,御蔵通２丁目１番地１,6530014
3140001026894,オリエンタル製靴株式会社,兵庫県,神戸市長田区,神楽町１丁目３番１号,6530836
3140001026936,株式会社オープンスカイ,兵庫県,神戸市長田区,久保町６丁目１番６−７０３号,6530041
3140001026977,株式会社ジェイ・ケイ商事,兵庫県,神戸市長田区,明泉寺町１丁目１番７号,6530884
3140001027100,株式会社グリーン,兵庫県,神戸市長田区,神楽町２丁目３番６号グリーンビル３Ｆ,6530836
3140001027273,株式会社グローバルコミュニケーション,兵庫県,神戸市長田区,日吉町６丁目５−３,6530039
3140001027414,株式会社カネダ,兵庫県,神戸市長田区,神楽町２丁目３番１号第２丸鹿ビル４０３,6530836
3140001027777,株式会社トゥギャザー,兵庫県,神戸市長田区,大橋町１丁目１番７号,6530037
3140001028148,上路建物株式会社,兵庫県,神戸市長田区,五位ノ池町１丁目５番２１号,6530851
3140001028271,株式会社ムーン．カンパニー,兵庫県,神戸市長田区,菅原通７丁目５２,6530015
3140001028437,株式会社エヌクオリティ,兵庫県,神戸市長田区,二番町４丁目４７番地,6530012
3140001028486,ロジ管理株式会社,兵庫県,神戸市長田区,若松町４丁目２番１５−１６０５号,6530038
3140001028783,以勒株式会社,兵庫県,神戸市長田区,長田天神町５丁目２−８−２Ｆ,6530882
3140001028825,株式会社中商事,兵庫県,神戸市長田区,東尻池町２丁目１０番２０号,6530022
3140001028866,株式会社シグマシステムズエンジニアリング,兵庫県,神戸市長田区,平和台町２丁目４番１５号,6530854
3140001028932,株式会社雷企画,兵庫県,神戸市長田区,久保町６丁目１番６−１３０７号,6530041
3140001029063,株式会社ニューコルク,兵庫県,神戸市長田区,五番町７丁目３番地の１ワコーレエスタシオン長田４０２号,6530003
3140001029369,株式会社ユウアイ,兵庫県,神戸市長田区,若松町３丁目３番２−６０９号,6530038
3140001029492,株式会社クリア・ジャパン,兵庫県,神戸市長田区,梅ケ香町２丁目９番１６号,6530021
3140001029716,株式会社三桃商事,兵庫県,神戸市長田区,菅原通７丁目３９番地の３,6530015
3140001030161,ミズタ商事株式会社,兵庫県,神戸市長田区,苅藻通５丁目６番１２号,6530032
3140001030186,株式会社アイ．ベックス,兵庫県,神戸市長田区,房王寺町３丁目９番５号,6530801
3140001030252,Ｙ＆Ｓ株式会社,兵庫県,神戸市長田区,水笠通４丁目１番１２号,6530842
3140001030277,日本低炭素開発株式会社,兵庫県,神戸市長田区,久保町５丁目１−１,6530041
3140001030970,株式会社常楽,兵庫県,神戸市長田区,南駒栄町１番地８５,6530044
3140001031028,株式会社グッドエム,兵庫県,神戸市長田区,日吉町３丁目１番１号,6530039
3140001031119,Ｋｏｂｅ　Ｓｔｙｌｅ株式会社,兵庫県,神戸市長田区,梅ケ香町２丁目１−８森本ビル４０５号,6530021
3140001031218,株式会社ナカケン,兵庫県,神戸市長田区,東尻池町２丁目１３−４,6530022
3140001032265,株式会社トラスト神戸,兵庫県,神戸市長田区,滝谷町１丁目６番６１２号,6530881
3140001032414,株式会社うらべ,兵庫県,神戸市長田区,上池田３丁目１８番１４号,6530827
3140001032703,株式会社勝川,兵庫県,神戸市長田区,細田町２丁目１番３３号,6530835
3140001032819,株式会社Ｃ−ｍｏｄｅ,兵庫県,神戸市長田区,久保町５丁目１番１号アスタくにづか３番館２階２１４,6530041
3140001033008,株式会社フォーカスジャパン,兵庫県,神戸市長田区,大道通４丁目１０２番地の１,6530833
3140001033230,株式会社ＢＳＭジャパン,兵庫県,神戸市長田区,駒ケ林町１丁目１２番１１号,6530043
3140001033305,株式会社靴兵衛,兵庫県,神戸市長田区,東尻池町２丁目１１番６号,6530022
3140001033395,櫻商工株式会社,兵庫県,神戸市長田区,五番町３丁目１０番３２−３０３号,6530003
3140001033593,岡一工業株式会社,兵庫県,神戸市長田区,本庄町３丁目４番１２号,6530053
3140001033924,株式会社有馬貴工製作所,兵庫県,神戸市長田区,苅藻通６丁目１番１０号,6530032
3140001034105,株式会社ホワイト,兵庫県,神戸市長田区,日吉町２丁目１−２アスタピア新長田公園通り１１１,6530039
3140001034344,株式会社Ｋ　ｏｆｆｉｃｅ,兵庫県,神戸市長田区,北町１丁目３４番地エトワール北町２０２号,6530016
3140001038015,株式会社イタリー,兵庫県,神戸市長田区,細田町１丁目４番３号,6530835
3140001038048,ＥＢＬ株式会社,兵庫県,神戸市長田区,御蔵通５丁目２１１番地１２,6530014
3140001042149,株式会社フォレスト,兵庫県,神戸市長田区,房王寺町４丁目６番９−４０２Ｈ号,6530801
3140001057106,株式会社佐藤商事,兵庫県,神戸市長田区,二葉町２丁目７番８号５０２,6530042
3140001057238,株式会社Ａ．Ｔ．Ｋ,兵庫県,神戸市長田区,御蔵通７丁目１６番１号,6530014
3140001067674,株式会社ｓａｋａｔａ,兵庫県,神戸市長田区,菅原通５丁目６１番２号,6530015
3140001067757,株式会社阪神興産,兵庫県,神戸市長田区,四番町４丁目２５−８,6530004
3140001086410,株式会社ＰＥＴＩＰＡ,兵庫県,神戸市長田区,片山町２丁目６番１６号,6530805
3140001087128,クラウンエンタープライゼズ株式会社,兵庫県,神戸市長田区,久保町３丁目１番３号,6530041
3140001087375,株式会社トキミ,兵庫県,神戸市長田区,東尻池町２丁目１２番１１号,6530022
3140001088233,株式会社ＧｏｏｄＬｏｃｋ,兵庫県,神戸市長田区,本庄町２丁目７番５号,6530053
3140001088497,株式会社ＫＯＳＡＫＩ,兵庫県,神戸市長田区,御屋敷通１丁目２−５,6530843
3140001088522,株式会社丸工商店,兵庫県,神戸市長田区,西尻池町１丁目３番７号,6530031
3140001089066,株式会社９３０ＲＵＳＨ,兵庫県,神戸市長田区,五位ノ池町３丁目９番１８−２号,6530851
3140001089223,株式会社ピース,兵庫県,神戸市長田区,御船通４丁目５−２,6530832
3140001090107,株式会社ひだか・光八,兵庫県,神戸市長田区,細田町１丁目３番１６号,6530835
3140001090478,株式会社大智設備,兵庫県,神戸市長田区,長田町３丁目２−１２ＢＬＤ、ＵＥＹＡＭＡ３Ｆ,6530812
3140001090503,株式会社フロンティア,兵庫県,神戸市長田区,神楽町４丁目２番１９号,6530836
3140001090932,株式会社神戸電光社,兵庫県,神戸市長田区,若松町１１丁目１番１２号ボシュケ鷹取１Ｆ西,6530038
3140001091162,株式会社キャラバン,兵庫県,神戸市長田区,苅藻通７丁目３番２２号,6530032
3140001091807,株式会社ハートビート,兵庫県,神戸市長田区,長楽町３丁目３−７,6530054
3140001092094,株式会社ＳＴＩ,兵庫県,神戸市長田区,片山町３丁目１１番２４号,6530805
3140001093448,ガーデンフィールド株式会社,兵庫県,神戸市長田区,長尾町２丁目１４−４,6530855
3140001094776,株式会社ＨＩＲＡＩ,兵庫県,神戸市長田区,細田町２丁目１番２５号,6530835
3140001095262,株式会社加藤裁断所,兵庫県,神戸市長田区,細田町１丁目４番９号,6530835
3140001095337,株式会社ケーテックス,兵庫県,神戸市長田区,高東町１丁目７番１６号,6530867
3140001095361,株式会社ハチツボ,兵庫県,神戸市長田区,浜添通６丁目１番２号,6530024
3140001095790,株式会社ルクライズ,兵庫県,神戸市長田区,細田町３丁目５番１５号１階,6530835
3140001095799,株式会社管財サービス,兵庫県,神戸市長田区,長者町１７番３号,6530866
3140001095865,株式会社サンデーモーニング,兵庫県,神戸市長田区,菅原通４丁目３８番地,6530015
3140001096673,きしだ株式会社,兵庫県,神戸市長田区,若松町４丁目２番１５−２２０５号,6530038
3140001097044,株式会社ｉｐｔ,兵庫県,神戸市長田区,若松町２丁目１番９号若松町ピアザビル２階,6530038
3140001097102,株式会社ＺＥＲＯＮＥ,兵庫県,神戸市長田区,御屋敷通３丁目１番３４−１１０４号,6530843
3140001097408,Ｄｍｅｔ　Ａｓｓｅｔ株式会社,兵庫県,神戸市長田区,御蔵通７丁目２９番地,6530014
3140001097721,平明株式会社,兵庫県,神戸市長田区,菅原通６丁目２番地,6530015
3140001098199,株式会社ランドガラス,兵庫県,神戸市長田区,久保町１丁目２−１５,6530041
3140001099156,株式会社クリエーション,兵庫県,神戸市長田区,池田上町８０番地の１,6530824
3140001099676,全日本自転車損害鑑定株式会社,兵庫県,神戸市長田区,西山町１丁目３番８号ヴィアノ西山町１１１号,6530862
3140001099742,株式会社ＪＩＮ,兵庫県,神戸市長田区,大塚町３丁目１−２５,6530811
3140001099924,株式会社ティ・アイ,兵庫県,神戸市長田区,池田広町４１番地の１,6530814
3140001099940,株式会社シスト,兵庫県,神戸市長田区,長楽町５丁目３番１号,6530054
3140001100105,ＳＬ不動産株式会社,兵庫県,神戸市長田区,駒ケ林町１丁目１７番２号,6530043
3140001101268,株式会社発達支援協会,兵庫県,神戸市長田区,若松町１１丁目６番７号,6530038
3140001102274,ヨシムラ機械株式会社,兵庫県,神戸市長田区,御蔵通５丁目２０２−１１,6530014
3140001102324,株式会社ａｉｒ,兵庫県,神戸市長田区,細田町２丁目１−２５−３Ｆ,6530835
3140001102753,株式会社プレゴ,兵庫県,神戸市長田区,東尻池町６丁目３番１６−６号,6530022
3140001102860,株式会社ＦＩＴ,兵庫県,神戸市長田区,六番町８丁目３番２号カサベラセントラルプラザ長田５０８号室,6530002
3140001102893,株式会社Ｌｉｖｅｎｅｒｓ,兵庫県,神戸市長田区,長田天神町６丁目５番５号,6530882
3140001103603,株式会社フルフィルライフ,兵庫県,神戸市長田区,駒ケ林町２丁目１０番９号,6530043
3140001103933,株式会社福岡商事,兵庫県,神戸市長田区,東尻池町３丁目４番２４号,6530022
3140001104733,株式会社ＹＵＳＥＩ,兵庫県,神戸市長田区,松野通１丁目８番２号２Ｆ,6530841
3140001105822,Ｋ’ｓＣＲＡＦＴ株式会社,兵庫県,神戸市長田区,駒ケ林南町１番７９号,6530045
3140001105995,株式会社チョイスパートナーズ,兵庫県,神戸市長田区,池田広町九丁目５番地広町マンション３０３号,6530814
3140001106465,株式会社光栄,兵庫県,神戸市長田区,三番町１丁目２番地の３,6530011
3140001107629,株式会社たかとり工務店,兵庫県,神戸市長田区,海運町３丁目１番８号,6530052
3140001107827,ＷＭアートワークス株式会社,兵庫県,神戸市長田区,宮丘町１丁目８番１４号,6530863
3140001108263,神工興産株式会社,兵庫県,神戸市長田区,御蔵通１丁目１０８,6530014
3140001108321,Ｔ−ボウズ株式会社,兵庫県,神戸市長田区,若松町４丁目２番９−１０４号,6530038
3140001108362,株式会社東商店,兵庫県,神戸市長田区,東尻池町６丁目３番３０号,6530022
3140001108809,株式会社パルコーポレーション,兵庫県,神戸市長田区,庄田町４丁目６番４号,6530035
3140001109848,株式会社利共,兵庫県,神戸市長田区,五番町１丁目６番９号,6530003
3140001110252,株式会社ブライトパス,兵庫県,神戸市長田区,細田町２丁目１番２５号,6530835
3140001110368,株式会社金谷ＳアンドＫ,兵庫県,神戸市長田区,丸山町２丁目１番２号,6530875
3140001111762,Ｗｏｒｌｄ　Ｉｍｐｏｒｔ株式会社,兵庫県,神戸市長田区,四番町３丁目４番地の３２,6530004
3140001112042,株式会社山内電設,兵庫県,神戸市長田区,大日丘町２丁目８−１９,6530872
3140001112620,株式会社ＴＰＨ,兵庫県,神戸市長田区,花山町２丁目１１番２３号,6530876
3140001113783,株式会社アンソン,兵庫県,神戸市長田区,御船通３丁目４番地の２,6530832
3140001113908,株式会社丸栄木材,兵庫県,神戸市長田区,苅藻島町３丁目６７−５,6530033
3140001114063,株式会社アースレイン,兵庫県,神戸市長田区,西山町４丁目１６番１号,6530862
3140001114286,株式会社ＫＥＩＳＵＫＥ,兵庫県,神戸市長田区,細田町１丁目４−１３,6530835
3140001114690,株式会社エグボマネジメントサービス,兵庫県,神戸市長田区,松野通１丁目８−２田中マンション２０４号,6530841
3140001114947,株式会社ハニー・ビィー,兵庫県,神戸市長田区,菅原通７丁目１７８ＫＯＵＳＨＩＮビル３０１,6530015
3140001115045,株式会社マスターピース,兵庫県,神戸市長田区,海運町８丁目１番４号,6530052
3140001116365,株式会社Ａｖｕｒｉｏ＆Ａｍｏｒｉｎｏ,兵庫県,神戸市長田区,駒ケ林町２丁目１番２号,6530043
3140001116654,株式会社宝徳,兵庫県,神戸市長田区,二葉町７丁目１番８号,6530042
3140001118460,株式会社アリクセル,兵庫県,神戸市長田区,菅原通６丁目１５番地の４,6530015
3140001118898,株式会社ＶＩＪＡｇａｔｅ,兵庫県,神戸市長田区,大橋町１０丁目２−６,6530037
3140001119277,株式会社ラオム企画,兵庫県,神戸市長田区,浜添通１丁目４番１３号,6530024
3140001119459,美品株式会社,兵庫県,神戸市長田区,御蔵通４丁目２０４番地の１２,6530014
3140001119995,株式会社コマドリ,兵庫県,神戸市長田区,宮川町９丁目２−１２,6530813
3140001120202,株式会社キズナ,兵庫県,神戸市長田区,浜添通２丁目１番地の９,6530024
3140001120458,株式会社三原地銅商店,兵庫県,神戸市長田区,北町２丁目２９番地の１,6530016
3140001120912,株式会社ＭＳＰ,兵庫県,神戸市長田区,神楽町１丁目２−３,6530836
3140001120920,合創株式会社,兵庫県,神戸市長田区,長楽町６丁目２番２８号,6530054
3140001121027,株式会社グローウイングス,兵庫県,神戸市長田区,御蔵通２丁目１３番地の１ウイング神戸１２０７,6530014
3140001121786,株式会社Ｖｉ　Ｔｅｃｈ,兵庫県,神戸市長田区,駒ヶ林南町１番８１号,6530045
3140001122388,株式会社Ｐｌｕｓ　Ｌｉｆｅ,兵庫県,神戸市長田区,庄山町３丁目２番１２号,6530853
3140001122792,株式会社国際不動産,兵庫県,神戸市長田区,松野通２丁目２番２０号,6530841
3140001124203,モノサポ株式会社,兵庫県,神戸市長田区,菅原通６丁目７番地の１,6530015
3140001124252,株式会社藤井,兵庫県,神戸市長田区,神楽町４丁目５番１２号,6530836
3140001124640,株式会社和製堂,兵庫県,神戸市長田区,菅原通６丁目１５番地の４,6530015
3140001125481,松本管工株式会社,兵庫県,神戸市長田区,西尻池町１丁目３番２３号,6530031
3140001126257,奥原電気株式会社,兵庫県,神戸市長田区,梅ケ香町１丁目１７番２２号,6530021
3140001126546,株式会社ＡＳＭ,兵庫県,神戸市長田区,苅藻通７丁目４番１号,6530032
3140001126570,株式会社ケージーワイ,兵庫県,神戸市長田区,梅ケ香町２丁目１番２８号,6530021
3140001126950,株式会社ＮＥＭＵＩ,兵庫県,神戸市長田区,久保町６丁目１番１号アスタくにづか４番館東棟２階２０２区画６号室,6530041
3140001127767,ＬＭＱ株式会社,兵庫県,神戸市長田区,西尻池町１丁目２番地２３号５階,6530031
3140001127841,株式会社ＭＴＣ,兵庫県,神戸市長田区,菅原通２丁目１０８番地,6530015
3140001128179,株式会社ジェティー,兵庫県,神戸市長田区,高取山町１丁目１７番１０号,6530856
3140001128484,株式会社スフィーダ,兵庫県,神戸市長田区,長楽町６丁目２番２９号チャレンジビル３階,6530054
3140001128567,日本観光旅行不動産株式会社,兵庫県,神戸市長田区,長田町１丁目３−１−８０５,6530812
3140001128716,株式会社ＫＹＯＴＥＣ,兵庫県,神戸市長田区,大橋町８丁目５番１５号,6530037
3140001128848,株式会社ジーエィピー,兵庫県,神戸市長田区,海運町７丁目６番１０号,6530052
3140001129680,株式会社上高興業,兵庫県,神戸市長田区,二番町２丁目２番地の３６香山ビル３０１,6530012
3140001129730,株式会社円将組,兵庫県,神戸市長田区,鶯町１丁目６番１３号,6530871
3140001129813,株式会社シャトレブラン,兵庫県,神戸市長田区,庄田町３丁目４番８号庄田町文化８号室,6530035
3140001130283,株式会社Ａｒｃｏ　Ｉｒｉｓ,兵庫県,神戸市長田区,二番町１丁目１０,6530012
3140001130969,株式会社ペンタス,兵庫県,神戸市長田区,二葉町３丁目４番１−２０１号,6530042
3140001131463,株式会社クリプテート,兵庫県,神戸市長田区,前原町１丁目４番２３−１号,6530803
3140001131884,株式会社シロモト,兵庫県,神戸市長田区,野田町８丁目２番２号,6530051
3140001132065,株式会社ヤシマ,兵庫県,神戸市長田区,長尾町１丁目７−９,6530855
3140001132255,株式会社おん義,兵庫県,神戸市長田区,御屋敷通５丁目３−４金城ビル１０２,6530843
3140001133600,神戸健康科学株式会社,兵庫県,神戸市長田区,大谷町３丁目１番１２号−３,6530838
3140001134326,株式会社ＺＥＲＯ　ＷＯＲＫＳ,兵庫県,神戸市長田区,東尻池町４丁目１１番８号,6530022
3140001135142,株式会社ジンコーポレーション,兵庫県,神戸市長田区,川西通４丁目１０９番地の１７,6530834
3140001135340,株式会社ＮＡＧＡＮＯ　ＡＳＳＥＴ　ＭＡＮＡＧＥＭＥＮＴ,兵庫県,神戸市長田区,苅藻通５丁目３番９号,6530032
3140001135448,株式会社ＥＸＣＩＡ,兵庫県,神戸市長田区,大橋町４丁目３番５号サンシャイン新長田２Ｆ,6530037
3140001135514,ＫＯＨＡ株式会社,兵庫県,神戸市長田区,苅藻通４丁目４番１０号,6530032
3140001136140,株式会社ＨＩ‐ＲＯＮ,兵庫県,神戸市長田区,東尻池町７丁目１番１号君影ビル３０１,6530022
3140001136198,株式会社エフォール,兵庫県,神戸市長田区,神楽町４丁目５番５号,6530836
3140001136215,株式会社ロップ,兵庫県,神戸市長田区,林山町１番地の６７,6530861
3140001136470,三洋株式会社,兵庫県,神戸市長田区,本庄町７丁目５番１６号,6530053
3140001136660,株式会社ＨＵＸ　ＣＯＭＰＡＮＹ,兵庫県,神戸市長田区,若松町１丁目２番１１号,6530038
3140001136883,株式会社ロック・アセット・マネジメント,兵庫県,神戸市長田区,長楽町６丁目２番２９号チャレンジビル,6530054
3140001137213,株式会社つぼみ,兵庫県,神戸市長田区,若松町１１丁目６番１号,6530038
3140001137411,株式会社ｉｕｄｅｒ,兵庫県,神戸市長田区,御屋敷通６丁目４番７号,6530843
3140001138938,株式会社ユーケンホールディングス,兵庫県,神戸市長田区,大谷町２丁目１０番６号,6530838
3140001139267,株式会社かっぱ太郎,兵庫県,神戸市長田区,大塚町９丁目３番１３号,6530811
3140001139408,株式会社Ｅ‐ＯＮＥ設備,兵庫県,神戸市長田区,水笠通１丁目２番５号１階１号室,6530842
3140001140010,天麗株式会社,兵庫県,神戸市長田区,平和台町３丁目２−５,6530854
3140001140646,鰻潮水産株式会社,兵庫県,神戸市長田区,名倉町１丁目１−５−１階,6530883
3140001142262,株式会社ＹＫオートサービス,兵庫県,神戸市長田区,野田町７丁目１番３−１号,6530051
3140002008181,株式会社インテリア・ノザキ,兵庫県,神戸市長田区,西丸山町１丁目７番１３号,6530874
3140002025185,株式会社ツネテクノス,兵庫県,神戸市長田区,苅藻島町３丁目２番１９号,6530033
3140003017066,株式会社Ａｐｐｒｏａｃｈ,兵庫県,神戸市長田区,上池田４丁目１０番３号,6530827
4010401143847,株式会社ＲＩＳＩＮＧ,兵庫県,神戸市長田区,片山町５丁目１１番３−８１０号,6530805
4011001055887,株式会社エムビーフィールズ,兵庫県,神戸市長田区,川西通２丁目４番４号,6530834
4011701013244,株式会社ノアコーポレーション,兵庫県,神戸市長田区,房王寺町３丁目６番６号,6530801
4120001185989,ジェイイノベーション株式会社,兵庫県,神戸市長田区,苅藻通４丁目６番２号,6530032
4120001189271,株式会社ゴッドノース,兵庫県,神戸市長田区,片山町３丁目１１−２５−１,6530805
4120001194866,株式会社昇フードサービス,兵庫県,神戸市長田区,上池田６丁目８番２３号,6530827
4120001268190,湘原産業株式会社,兵庫県,神戸市長田区,高取山町２丁目１５−１８−２号,6530856
4120901040665,株式会社クルーズ,兵庫県,神戸市長田区,東尻池町７丁目９番９号清雲荘３１３号,6530022
4130001044112,Ｄｒｅａｍ　Ｊａｐａｎ株式会社,兵庫県,神戸市長田区,東尻池新町１番３３号,6530023
4140001005617,株式会社ＮＤＧ,兵庫県,神戸市長田区,神楽町２丁目３番１号,6530836
4140001006318,株式会社エイアイジー・アルファー,兵庫県,神戸市長田区,若松町５丁目５番１−１１２１号,6530038
4140001007596,工和興産株式会社,兵庫県,神戸市長田区,西山町４丁目１５番８号,6530862
4140001009543,株式会社トーアテクノ,兵庫県,神戸市長田区,梅ケ香町２丁目８番１０号,6530021
4140001010674,株式会社フリーダムトラスト,兵庫県,神戸市長田区,二番町２丁目２番１号,6530012
4140001011986,株式会社千代田興産,兵庫県,神戸市長田区,東尻池町７丁目９番２１号,6530022
4140001012588,株式会社榮伸,兵庫県,神戸市長田区,東尻池町７丁目９番１７号,6530022
4140001013082,株式会社山幸,兵庫県,神戸市長田区,野田町９丁目３番５号,6530051
4140001014155,マコト印刷株式会社,兵庫県,神戸市長田区,萩乃町３丁目６番２１号,6530873
4140001014270,株式会社三浦商店,兵庫県,神戸市長田区,苅藻島町３丁目１１−２,6530033
4140001015392,豊興運輸株式会社,兵庫県,神戸市長田区,南駒栄町１−５,6530044
4140001015657,株式会社アジアコーポレーション,兵庫県,神戸市長田区,大橋町４丁目４番１７−６０５号,6530037
4140001015665,株式会社朝日工務店,兵庫県,神戸市長田区,大谷町２丁目１３番２５号,6530838
4140001015673,株式会社東製作所,兵庫県,神戸市長田区,五番町１丁目５番地の２,6530003
4140001015707,株式会社池谷,兵庫県,神戸市長田区,梅ケ香町２丁目１番３２号,6530021
4140001015715,株式会社石松石材,兵庫県,神戸市長田区,鶯町４丁目６番３号,6530871
4140001015723,株式会社一剛組,兵庫県,神戸市長田区,海運町８丁目２番２８−１号,6530052
4140001015748,上谷化成株式会社,兵庫県,神戸市長田区,御蔵通５丁目２０３番地の１,6530014
4140001015756,株式会社ウザキ,兵庫県,神戸市長田区,御蔵通５丁目２０７番地の１,6530014
4140001015772,株式会社エールオーティーシー,兵庫県,神戸市長田区,神楽町２丁目３番３４号,6530836
4140001015797,エム・シーシー興産株式会社,兵庫県,神戸市長田区,苅藻通５丁目４番１８号エム・シーシー食品株式会社内,6530032
4140001015822,株式会社オータニ徳風社,兵庫県,神戸市長田区,松野通１丁目１１番１２号,6530841
4140001015830,株式会社大平鉄工所,兵庫県,神戸市長田区,二番町４丁目５番地の１,6530012
4140001015839,株式会社小笠原板金工業所,兵庫県,神戸市長田区,東尻池町１丁目１０番１９号,6530022
4140001015847,株式会社岡本好平工務店,兵庫県,神戸市長田区,二葉町８丁目４番８号,6530042
4140001015855,株式会社奥村商店,兵庫県,神戸市長田区,野田町４丁目４番１号,6530051
4140001015863,株式会社小野製作所,兵庫県,神戸市長田区,梅ケ香町２丁目１番３１号,6530021
4140001015871,オリエンタル鍍金株式会社,兵庫県,神戸市長田区,苅藻通６丁目１番５号,6530032
4140001015896,株式会社カセダ商会,兵庫県,神戸市長田区,腕塚町１丁目１番１９号,6530036
4140001015905,加藤冷機工業株式会社,兵庫県,神戸市長田区,苅藻通６丁目１番１０号,6530032
4140001015921,株式会社神組,兵庫県,神戸市長田区,日吉町４丁目７番１３号,6530039
4140001015946,株式会社河村製作所,兵庫県,神戸市長田区,大塚町４丁目１番１８号,6530811
4140001015962,株式会社北星,兵庫県,神戸市長田区,久保町７丁目４番３号,6530041
4140001015970,株式会社木村屋,兵庫県,神戸市長田区,蓮宮通２丁目５番地,6530831
4140001016003,株式会社くわの洋品店,兵庫県,神戸市長田区,日吉町６丁目１番１号,6530039
4140001016028,株式会社甲神電機商会,兵庫県,神戸市長田区,苅藻島町３丁目２６番地,6530033
4140001016036,甲南石油株式会社,兵庫県,神戸市長田区,真野町１番６号,6530025
4140001016044,株式会社宏陽高分子,兵庫県,神戸市長田区,浪松町３丁目２番２４号,6530055
4140001016060,大志総業株式会社,兵庫県,神戸市長田区,苅藻通１丁目５番１３号,6530032
4140001016069,株式会社コトブキモールデイング,兵庫県,神戸市長田区,御蔵通１丁目９３番地,6530014
4140001016102,三協タイヤ株式会社,兵庫県,神戸市長田区,御蔵通５丁目１０番地の２,6530014
4140001016119,佐藤塗料株式会社,兵庫県,神戸市長田区,苅藻通１丁目３番１７号,6530032
4140001016127,株式会社薩摩モーターボート商会,兵庫県,神戸市長田区,西尻池町２丁目２番１９号,6530031
4140001016135,株式会社サンフオワード,兵庫県,神戸市長田区,苅藻通１丁目１番１３号,6530032
4140001016143,株式会社山陽アド,兵庫県,神戸市長田区,御屋敷通３丁目１番１号,6530843
4140001016151,株式会社山陽フレンズ,兵庫県,神戸市長田区,御屋敷通３丁目１番１号,6530843
4140001016168,株式会社シンエイ,兵庫県,神戸市長田区,日吉町２丁目１番２１号,6530039
4140001016176,株式会社神英不動産,兵庫県,神戸市長田区,若松町４丁目４番１０−１０１号,6530038
4140001016184,株式会社塩屋ガーデン,兵庫県,神戸市長田区,二葉町４丁目５番１１号,6530042
4140001016192,神興産業株式会社,兵庫県,神戸市長田区,苅藻島町１丁目１番１２号,6530033
4140001016201,神紀産業株式会社,兵庫県,神戸市長田区,西尻池町２丁目２番１５号,6530031
4140001016218,株式会社シナジー,兵庫県,神戸市長田区,本庄町６丁目５番８号本庄ビル２階１号,6530053
4140001016226,株式会社神明サービス,兵庫県,神戸市長田区,大塚町２丁目２番２号,6530811
4140001016234,志磨商事株式会社,兵庫県,神戸市長田区,松野通１丁目５番２１号,6530841
4140001016242,株式会社正垣商会,兵庫県,神戸市長田区,東尻池町３丁目１番１２号,6530022
4140001016250,株式会社正真鉄工所,兵庫県,神戸市長田区,浜添通５丁目３番２９号,6530024
4140001016259,株式会社メゾンデール,兵庫県,神戸市長田区,腕塚町６丁目１番１６号１０１−１,6530036
4140001016275,株式会社新和商会,兵庫県,神戸市長田区,長田天神町２丁目４番２８号,6530882
4140001016291,砂川スロッター株式会社,兵庫県,神戸市長田区,日吉町５丁目１番３１号,6530039
4140001016309,エムエムコート株式会社,兵庫県,神戸市長田区,苅藻通５丁目１番３５号,6530032
4140001016325,株式会社セブンスターズ,兵庫県,神戸市長田区,菅原通６丁目３番地,6530015
4140001016382,大日化学株式会社,兵庫県,神戸市長田区,菅原通７丁目４１番地,6530015
4140001016408,株式会社タカタオート,兵庫県,神戸市長田区,梅ケ香町２丁目８番７号,6530021
4140001016416,株式会社タカハシ・ライン,兵庫県,神戸市長田区,駒ケ林町３丁目８番１１−１０３号,6530043
4140001016424,但馬工業株式会社,兵庫県,神戸市長田区,梅ケ香町２丁目２３−２,6530021
4140001016449,為岡建材工業株式会社,兵庫県,神戸市長田区,野田町５丁目３番７号,6530051
4140001016465,株式会社長楽モータース,兵庫県,神戸市長田区,浪松町６丁目１番４０号,6530055
4140001016473,辻村塗装工業株式会社,兵庫県,神戸市長田区,海運町２丁目５番１７号,6530052
4140001016481,株式会社デジコム,兵庫県,神戸市長田区,浜添通２丁目１番５号,6530024
4140001016523,株式会社トキワ,兵庫県,神戸市長田区,梅ケ香町２丁目１番３１号,6530021
4140001016572,株式会社長田松田工業所,兵庫県,神戸市長田区,東尻池町２丁目７番１１号,6530022
4140001016580,株式会社ナカムラ,兵庫県,神戸市長田区,浜添通６丁目１番２号,6530024
4140001016622,株式会社新田工務店,兵庫県,神戸市長田区,苅藻島町３丁目１番１３号,6530033
4140001016630,ニホンローソク株式会社,兵庫県,神戸市長田区,大道通１丁目１番地の１,6530833
4140001016639,株式会社野崎電気工業,兵庫県,神戸市長田区,長田天神町５丁目７番５号,6530882
4140001016663,株式会社八栄,兵庫県,神戸市長田区,神楽町２丁目３番２８号,6530836
4140001016671,株式会社畠山鋼材,兵庫県,神戸市長田区,苅藻島町１丁目１−２１,6530033
4140001016688,株式会社原田,兵庫県,神戸市長田区,神楽町３丁目８番１０号,6530836
4140001016696,ピース産業株式会社,兵庫県,神戸市長田区,菅原通６丁目２番地,6530015
4140001016705,株式会社陽川商店,兵庫県,神戸市長田区,二葉町２丁目８番１５号,6530042
4140001016713,日野モーターズ株式会社,兵庫県,神戸市長田区,浜添通６丁目１番１５号,6530024
4140001016721,平岡興業株式会社,兵庫県,神戸市長田区,野田町４丁目４番１２号,6530051
4140001016738,株式会社文好堂,兵庫県,神戸市長田区,御蔵通６丁目５０番地,6530014
4140001016795,株式会社プラネット,兵庫県,神戸市長田区,水笠通１丁目１番４号,6530842
4140001016812,ホーセン製菓株式会社,兵庫県,神戸市長田区,東尻池町６丁目３番５号,6530022
4140001016829,株式会社本庄,兵庫県,神戸市長田区,本庄町５丁目１番１号,6530053
4140001016845,株式会社アロッジオ,兵庫県,神戸市長田区,明泉寺町３丁目１番１８号,6530884
4140001016861,松本電工株式会社,兵庫県,神戸市長田区,高東町３丁目４番１３号,6530867
4140001016878,株式会社マルコ,兵庫県,神戸市長田区,神楽町４丁目５番４号,6530836
4140001016886,丸善産商株式会社,兵庫県,神戸市長田区,御屋敷通１丁目４番１０号,6530843
4140001016903,丸水運輸株式会社,兵庫県,神戸市長田区,駒ケ林町４丁目５番２号,6530043
4140001016911,丸和興産株式会社,兵庫県,神戸市長田区,久保町５丁目１番１−１７０３号,6530041
4140001016928,水山産業株式会社,兵庫県,神戸市長田区,二番町３丁目４番地１,6530012
4140001016952,三幸商事株式会社,兵庫県,神戸市長田区,苅藻通５丁目１番１９号,6530032
4140001016960,宮原ゴム工業株式会社,兵庫県,神戸市長田区,苅藻通１丁目１番２０号,6530032
4140001016985,株式会社毛利商会,兵庫県,神戸市長田区,苅藻島町３丁目７番５号,6530033
4140001016993,株式会社森口商店,兵庫県,神戸市長田区,御蔵通５丁目４番地,6530014
4140001017018,株式会社山田装飾,兵庫県,神戸市長田区,西代通３丁目２番７号（新姫ビル）,6530844
4140001017050,株式会社ユニバーサルサービス,兵庫県,神戸市長田区,久保町１丁目２番１３号,6530041
4140001017109,株式会社ロジック,兵庫県,神戸市長田区,駒ケ林町１丁目３番２２号,6530043
4140001017125,神戸黒板株式会社,兵庫県,神戸市長田区,長楽町３丁目４番１１号,6530054
4140001017158,神戸タクシー株式会社,兵庫県,神戸市長田区,海運町８丁目１番１０号,6530052
4140001017166,神戸内燃電機株式会社,兵庫県,神戸市長田区,二番町４丁目９番地,6530012
4140001017174,神戸メディカル・プラント株式会社,兵庫県,神戸市長田区,大橋町９丁目５番１５号,6530037
4140001017182,神戸和光株式会社,兵庫県,神戸市長田区,苅藻島町２丁目１番８号,6530033
4140001017208,兵庫製氷冷蔵株式会社,兵庫県,神戸市長田区,大橋町１丁目３番１４号,6530037
4140001017216,株式会社兵庫調剤薬局,兵庫県,神戸市長田区,神楽町６丁目９番１０号,6530836
4140001017397,株式会社マホ,兵庫県,神戸市長田区,若松町２丁目２番９号,6530038
4140001017406,株式会社銀映,兵庫県,神戸市長田区,庄山町２丁目３番５号,6530853
4140001017711,株式会社土屋商店,兵庫県,神戸市長田区,長尾町２丁目１２番１２号,6530855
4140001018222,株式会社栄光コーポレーシヨン,兵庫県,神戸市長田区,片山町１丁目９番３号,6530805
4140001018429,株式会社サンワ,兵庫県,神戸市長田区,東尻池町４丁目１番２３号,6530022
4140001019071,株式会社アクロテック,兵庫県,神戸市長田区,海運町５丁目１番９号,6530052
4140001019212,株式会社ｓｔｙｌｅ,兵庫県,神戸市長田区,細田町１丁目４番９号,6530835
4140001019237,株式会社水戸建設,兵庫県,神戸市長田区,菅原通５丁目１０番地,6530015
4140001019591,株式会社アイワメディアプラン,兵庫県,神戸市長田区,腕塚町５丁目５番１号１０２,6530036
4140001019798,エム・ケイ商事株式会社,兵庫県,神戸市長田区,若松町９丁目２番１号,6530038
4140001020558,株式会社ケイアンドケイ,兵庫県,神戸市長田区,細田町１丁目４−１３,6530835
4140001020582,オンリーワン株式会社,兵庫県,神戸市長田区,細田町７丁目１番９号,6530835
4140001021267,エム・アール・シーユナイテッドアソシエイツ株式会社,兵庫県,神戸市長田区,片山町４丁目１−１８,6530805
4140001022348,株式会社マルゼン食品,兵庫県,神戸市長田区,菅原通１丁目１５番地,6530015
4140001023271,株式会社ボイス,兵庫県,神戸市長田区,若松町２丁目２番９号,6530038
4140001023676,株式会社日進,兵庫県,神戸市長田区,南駒栄町１−１７３,6530044
4140001024856,株式会社クーラディ神戸,兵庫県,神戸市長田区,海運町３丁目６番６号,6530052
4140001024955,株式会社Ｃｈｅｒｒｙ　Ｐｉｎｋ,兵庫県,神戸市長田区,大日丘町２丁目７番２号,6530872
4140001025177,株式会社ケイイーエス,兵庫県,神戸市長田区,五番町２丁目４番地の９,6530003
4140001025326,株式会社摂陽文化財センター,兵庫県,神戸市長田区,苅藻島町２丁目２番２２,6530033
4140001025375,株式会社琥珀,兵庫県,神戸市長田区,水笠通３丁目１番１−５０５号エクセルシティー水笠公園５０５,6530842
4140001025722,株式会社ヘブロン,兵庫県,神戸市長田区,大橋町２丁目１番１５−３０２号,6530037
4140001025730,株式会社リフォマート,兵庫県,神戸市長田区,宮川町９丁目６番１１号,6530813
4140001025739,ハンドスキル株式会社,兵庫県,神戸市長田区,六番町８丁目１番１０号,6530002
4140001026019,株式会社兵庫工機,兵庫県,神戸市長田区,東尻池町５丁目２番１５号,6530022
4140001026167,株式会社御菅環境衛生,兵庫県,神戸市長田区,菅原通４丁目２０４番地の１８,6530015
4140001026200,株式会社トマト,兵庫県,神戸市長田区,五番町４丁目３０番地市住２９号棟１１１号,6530003
4140001026571,株式会社ＴＨＩＲＴＹ,兵庫県,神戸市長田区,野田町４丁目１番２号,6530051
4140001026638,株式会社ケーフリー,兵庫県,神戸市長田区,神楽町４丁目５−５,6530836
4140001026844,株式会社ＫＩＲＡ,兵庫県,神戸市長田区,御船通５丁目６番９号,6530832
4140001027124,株式会社リカーズ,兵庫県,神戸市長田区,駒ケ林町１丁目３番２１号,6530043
4140001027314,株式会社グロウス,兵庫県,神戸市長田区,川西通５丁目１０２番地の１,6530834
4140001027339,株式会社ケイアンドエム,兵庫県,神戸市長田区,大日丘町３丁目１５番８号,6530872
4140001027454,ピプラス株式会社,兵庫県,神戸市長田区,苅藻通３丁目６番１２号,6530032
4140001027479,株式会社ＫＯＤＯＨ,兵庫県,神戸市長田区,菅原通７丁目１１番地の３ロバートビル２Ｆ,6530015
4140001027561,株式会社わかまつ,兵庫県,神戸市長田区,若松町３丁目４番８号,6530038
4140001027652,波賀ステンレス株式会社,兵庫県,神戸市長田区,駒ケ林南町１番７８号,6530045
4140001027999,株式会社サンワークス,兵庫県,神戸市長田区,駒ケ林町５丁目１７番１０号,6530043
4140001028089,株式会社ハッシュ,兵庫県,神戸市長田区,若松町１丁目３番１１号,6530038
4140001028353,株式会社わかみや,兵庫県,神戸市長田区,若松町３丁目１番１号フレールアスタ若松１０８,6530038
4140001028519,株式会社ＦＣライン,兵庫県,神戸市長田区,菅原通２丁目１００番地の１ゴールドウッズ菅原ビル１０１,6530015
4140001028543,Ｔ＆ＡＳＳＥＴ株式会社,兵庫県,神戸市長田区,松野通２丁目２番３４号,6530841
4140001029120,株式会社竹内鉄工所,兵庫県,神戸市長田区,御蔵通５丁目２０８番地の１,6530014
4140001029211,株式会社共栄リニューアル,兵庫県,神戸市長田区,宮川町７丁目３番６号,6530813
4140001029335,株式会社マックス,兵庫県,神戸市長田区,御蔵通６丁目１８番地の１,6530014
4140001029475,株式会社ループテクノ,兵庫県,神戸市長田区,苅藻島町３丁目８番１６号,6530033
4140001029483,コタロウ技建株式会社,兵庫県,神戸市長田区,高取山町２丁目３番１２号,6530856
4140001029491,株式会社清水商店,兵庫県,神戸市長田区,房王寺町１丁目４番１３号,6530801
4140001029632,株式会社中山重建,兵庫県,神戸市長田区,丸山町４丁目６番９号,6530875
4140001030020,株式会社川田精鋼,兵庫県,神戸市長田区,久保町４丁目１番６号,6530041
4140001030086,株式会社横山組,兵庫県,神戸市長田区,五番町２丁目１番地の３,6530003
4140001030103,株式会社ＲＩＡ,兵庫県,神戸市長田区,長楽町７丁目１番２６号,6530054
4140001030466,株式会社Ｌａｉｘｉ,兵庫県,神戸市長田区,庄山町１丁目５番１２号,6530853
4140001030540,暁星糊引工業株式会社,兵庫県,神戸市長田区,細田町１丁目３−３,6530835
4140001030805,株式会社カルモ建装,兵庫県,神戸市長田区,苅藻島町３丁目２番２７号,6530033
4140001031019,株式会社中岡工業所,兵庫県,神戸市長田区,二葉町３丁目４番１−１２０３号,6530042
4140001031290,鷹取メディカルサービス株式会社,兵庫県,神戸市長田区,海運町２丁目１−２,6530052
4140001031456,株式会社ＡＣＳ,兵庫県,神戸市長田区,檜川町３丁目３番２１号,6530887
4140001031522,株式会社ｃａｐｐｉｏ,兵庫県,神戸市長田区,菅原通２丁目２３番地,6530015
4140001031596,楽洋株式会社,兵庫県,神戸市長田区,久保町３丁目７番６号,6530041
4140001031803,株式会社中原工業所,兵庫県,神戸市長田区,大日丘町１丁目１２番９号,6530872
4140001031869,株式会社バイオラック,兵庫県,神戸市長田区,神楽町２丁目３−３６,6530836
4140001032074,株式会社ＧＬＳ,兵庫県,神戸市長田区,浪松町５丁目１番１９号,6530055
4140001032140,株式会社ＰＯＴ,兵庫県,神戸市長田区,二葉町３丁目１番１２号,6530042
4140001032586,株式会社四川麺本舗,兵庫県,神戸市長田区,苅藻通１丁目１番１７号,6530032
4140001032685,株式会社アーバンリンク,兵庫県,神戸市長田区,二番町３丁目１番２号,6530012
4140001033130,株式会社ケンーコミュニティー,兵庫県,神戸市長田区,久保町６丁目１番１号,6530041
4140001033213,株式会社センス,兵庫県,神戸市長田区,二番町４丁目９番１号,6530012
4140001033329,株式会社アシストサービス,兵庫県,神戸市長田区,西尻池町３丁目１番２２号,6530031
4140001033394,正進企画株式会社,兵庫県,神戸市長田区,五番町３丁目１０番地３２−３０３,6530003
4140001033436,株式会社松岡精機,兵庫県,神戸市長田区,東尻池町１丁目６番１２号,6530022
4140001033444,株式会社Ｅ−Ｇｉｎ,兵庫県,神戸市長田区,川西通３丁目２８番,6530834
4140001033816,株式会社ゲストハウス,兵庫県,神戸市長田区,海運町５丁目１番２４号,6530052
4140001033915,株式会社メディアゼロ,兵庫県,神戸市長田区,滝谷町３丁目９番２号,6530881
4140001034277,神戸シューズ地域振興株式会社,兵庫県,神戸市長田区,苅藻通１丁目４−２三倉ビル,6530032
4140001037156,株式会社リバースシステム,兵庫県,神戸市長田区,腕塚町１丁目１−２３,6530036
4140001038195,株式会社模夫,兵庫県,神戸市長田区,松野通３丁目７番２３号,6530841
4140001038245,株式会社オバタ,兵庫県,神戸市長田区,五番町７丁目６番６号,6530003
4140001042206,株式会社神昂,兵庫県,神戸市長田区,丸山町４丁目４番７号,6530875
4140001045258,株式会社ＭＡＳＹＵＨ,兵庫県,神戸市長田区,名倉町５丁目４番７号,6530883
4140001057385,株式会社ＫＳサービス,兵庫県,神戸市長田区,五番町５丁目１番地,6530003
4140001067434,株式会社エムトラス,兵庫県,神戸市長田区,苅藻島町３丁目９番１８号,6530033
4140001077722,株式会社Ｆｒｅｅｄｏｍ,兵庫県,神戸市長田区,日吉町２丁目１番２−１０６号,6530039
4140001080321,株式会社パーフェクトゲート,兵庫県,神戸市長田区,細田町５丁目１番３号,6530835
4140001086475,株式会社サイガ,兵庫県,神戸市長田区,細田町３丁目１−１６パナマビル,6530835
4140001087110,株式会社はなみづき商店,兵庫県,神戸市長田区,水笠通３丁目５番８号,6530842
4140001087168,株式会社サルーネコ,兵庫県,神戸市長田区,水笠通３丁目４番２２号,6530842
4140001087688,株式会社大通商事,兵庫県,神戸市長田区,五番町７丁目１番２９号,6530003
4140001087878,株式会社マリンコーポレーション,兵庫県,神戸市長田区,大橋町４丁目２番１−６０１号,6530037
4140001088050,株式会社コッチ,兵庫県,神戸市長田区,海運町５丁目１番２４号,6530052
4140001089494,志必成商事株式会社,兵庫県,神戸市長田区,大谷町１丁目３番２２−１０２号,6530838
4140001089973,株式会社竹國,兵庫県,神戸市長田区,長田天神町３丁目２番７号,6530882
4140001090221,株式会社神戸装具製作所,兵庫県,神戸市長田区,東尻池町２丁目１１番６号,6530022
4140001090551,株式会社ＷＥＳＴ,兵庫県,神戸市長田区,四番町６丁目１−４,6530004
4140001090840,株式会社フィアーノ,兵庫県,神戸市長田区,腕塚町９丁目７番１７号,6530036
4140001091319,Ｄｍｅｔ　ｉｄｅａ株式会社,兵庫県,神戸市長田区,御蔵通７丁目２９番地,6530014
4140001091335,渡辺通商株式会社,兵庫県,神戸市長田区,房王寺町１丁目２−２９−３０１,6530801
4140001091649,株式会社ライトハウス,兵庫県,神戸市長田区,駒ケ林町１丁目３番２０号,6530043
4140001091962,株式会社アイピース,兵庫県,神戸市長田区,菅原通６丁目２番地の１,6530015
4140001093364,株式会社エカダサムカ,兵庫県,神戸市長田区,苅藻島町２丁目１番２１号,6530033
4140001094148,株式会社パブリックアシスト,兵庫県,神戸市長田区,神楽町６丁目５番１０号,6530836
4140001094461,株式会社Ｍ＆Ｙ企画,兵庫県,神戸市長田区,北町１丁目３９番地の１ＦＬａｔ長田北町１１０２号,6530016
4140001095245,株式会社ウィル・インターナショナル,兵庫県,神戸市長田区,苅藻通３丁目７番４号,6530032
4140001095666,株式会社ＢＵＬＬＳ,兵庫県,神戸市長田区,御蔵通５丁目２０１番地の４ドルフ長田ザイオン１０１号,6530014
4140001096425,株式会社くにづか,兵庫県,神戸市長田区,久保町６丁目１番１号,6530041
4140001097159,ＫＫいくせい株式会社,兵庫県,神戸市長田区,御蔵通４丁目２０５番地の２,6530014
4140001098495,ＤＥＩＧＯ工業株式会社,兵庫県,神戸市長田区,久保町５丁目１番１−２５０２号,6530041
4140001099493,株式会社トゥーエイトレフト,兵庫県,神戸市長田区,神楽町２丁目３番２号,6530836
4140001100046,株式会社Ｌ＆Ｓ,兵庫県,神戸市長田区,西山町３丁目８番１３号,6530862
4140001100269,株式会社Ｋ−ｓｔａｎｄａｒｄ,兵庫県,神戸市長田区,長田天神町２丁目３番３号,6530882
4140001100376,ジャパンテック株式会社,兵庫県,神戸市長田区,神楽町３丁目２番２４号,6530836
4140001100467,Ｓｔｏｎｅ　Ｅｎｇｉｎｅｅｒｉｎｇ株式会社,兵庫県,神戸市長田区,水笠通４丁目４番１６−２号,6530842
4140001100558,株式会社ハロークリーン,兵庫県,神戸市長田区,北町１丁目３９−１−２０１号,6530016
4140001101309,ＳＵＮ不動産リース株式会社,兵庫県,神戸市長田区,御屋敷通１丁目４番１０号東急ドエルアルス御屋敷通１０９号,6530843
4140001101515,株式会社ＳＡＫＡＺＵＫＩ　Ｐｒｏｄｕｃｔｉｏｎ,兵庫県,神戸市長田区,二葉町２丁目４−８,6530042
4140001102174,株式会社ケアトラスト神戸,兵庫県,神戸市長田区,檜川町１丁目８−３第一ハウス１Ａ,6530887
4140001102240,株式会社エムエー,兵庫県,神戸市長田区,細田町１丁目４−１３,6530835
4140001102736,株式会社ＣＯＣＯＬＯＣＫ,兵庫県,神戸市長田区,大日丘町２丁目７番２４号,6530872
4140001102868,株式会社幸ホールディングス,兵庫県,神戸市長田区,野田町９丁目３番５号,6530051
4140001103206,株式会社ケアワンカルモ,兵庫県,神戸市長田区,丸山町３丁目３番１１号,6530875
4140001103263,株式会社タニガワ技工,兵庫県,神戸市長田区,細田町１丁目３番２２号,6530835
4140001104815,株式会社個別総合学習センター,兵庫県,神戸市長田区,神楽町４丁目１０１番１号,6530836
4140001105706,株式会社ビオラ,兵庫県,神戸市長田区,細田町３丁目１番１６号,6530835
4140001106225,株式会社アルン,兵庫県,神戸市長田区,西山町４丁目１６番１３号,6530862
4140001106547,カルモ工業株式会社,兵庫県,神戸市長田区,苅藻通４丁目５番３号,6530032
4140001107693,株式会社ＥＳＴ,兵庫県,神戸市長田区,大日丘町３丁目１５−８,6530872
4140001108130,株式会社藤田カープランニング,兵庫県,神戸市長田区,東尻池町７丁目１番１号,6530022
4140001108873,株式会社フリー,兵庫県,神戸市長田区,御船通５丁目６番９号,6530832
4140001108956,株式会社Ｄｏ　Ｃｏｎｃｅｐｔ,兵庫県,神戸市長田区,蓮宮通４丁目３２番地クレストコート３０１号,6530831
4140001109938,株式会社奥野左官,兵庫県,神戸市長田区,菅原通７丁目３２番地,6530015
4140001110268,株式会社神戸クリエイト,兵庫県,神戸市長田区,苅藻通４丁目２番１２ムーンヒル１０１号,6530032
4140001110350,ハイドロサポート株式会社,兵庫県,神戸市長田区,野田町５丁目２−１１,6530051
4140001110763,あじさい株式会社,兵庫県,神戸市長田区,久保町３丁目８番２号,6530041
4140001110920,株式会社Ａｌｔａｒ　Ｆｌｏｗｅｒ　Ｋｏｂｅ,兵庫県,神戸市長田区,東尻池町５丁目２番９号,6530022
4140001111217,株式会社ＥＳＴ,兵庫県,神戸市長田区,御蔵通１丁目２４番地,6530014
4140001111687,株式会社Ｐｉｘｉｅ,兵庫県,神戸市長田区,神楽町２丁目２番２８号,6530836
4140001112363,株式会社苅藻中村,兵庫県,神戸市長田区,浜添通６丁目１番２号,6530024
4140001112776,株式会社ＴＮＫ,兵庫県,神戸市長田区,大谷町２丁目１３番１７号,6530838
4140001113080,株式会社モトヤマトレーディング,兵庫県,神戸市長田区,長楽町２丁目１番１８号,6530054
4140001113766,株式会社富士,兵庫県,神戸市長田区,二葉町９丁目１０番８号,6530042
4140001113997,株式会社神戸令和ホーム,兵庫県,神戸市長田区,神楽町６丁目５番３号,6530836
4140001114005,株式会社イマアル,兵庫県,神戸市長田区,浜添通３丁目４番１０号,6530024
4140001115580,明生国際株式会社,兵庫県,神戸市長田区,菅原通２丁目１００−１,6530015
4140001116505,株式会社かなひな,兵庫県,神戸市長田区,西山町４丁目７−１８,6530862
4140001116694,株式会社黄金家,兵庫県,神戸市長田区,戸崎通３丁目１０番１２号,6530845
4140001117552,株式会社ＡｌｔＯ,兵庫県,神戸市長田区,五位ノ池町４丁目９番２号,6530851
4140001118006,株式会社宮田電工,兵庫県,神戸市長田区,丸山町３丁目２番３４号,6530875
4140001118303,株式会社カーケアエスト,兵庫県,神戸市長田区,大日丘町３丁目１５−４,6530872
4140001118526,マイクロエコ株式会社,兵庫県,神戸市長田区,苅藻島町３丁目１２番２９号,6530033
4140001118542,株式会社フォーフィールド,兵庫県,神戸市長田区,東尻池町９丁目１番２４号東尻池グリーンハイツ,6530022
4140001119169,株式会社ＡＣＥ，ｉｍｐａｃｔ,兵庫県,神戸市長田区,鶯町３丁目１−９カロンズ２０４,6530871
4140001120069,株式会社隆泰商事,兵庫県,神戸市長田区,六番町１丁目４番地の１２,6530002
4140001120077,株式会社空間工房,兵庫県,神戸市長田区,西丸山町３丁目２番１０号,6530874
4140001121174,大成商業株式会社,兵庫県,神戸市長田区,蓮宮通２丁目３番地の１０,6530831
4140001121496,Ｗｏｎｄｅｒ　Ｗａｌｌ株式会社,兵庫県,神戸市長田区,大塚町４丁目１番８−４０５号,6530811
4140001121604,株式会社勇建装,兵庫県,神戸市長田区,庄田町２丁目５−１７,6530035
4140001122239,株式会社エース,兵庫県,神戸市長田区,滝谷町３丁目１０番１号,6530881
4140001122610,株式会社Ｓａｌｏｎ　ｄｅ　Ｍｉｎａｔｏ,兵庫県,神戸市長田区,若松町３丁目１番２号アスタピア新長田駅前通り１０２号,6530038
4140001122726,株式会社輝,兵庫県,神戸市長田区,名倉町１丁目１番８−１号,6530883
4140001122809,株式会社スタジオｍｉｎａｔｏ,兵庫県,神戸市長田区,長田町１丁目３番１号サンドール長田南館２０３,6530812
4140001123047,株式会社ＳＥＩＫＥＮ,兵庫県,神戸市長田区,神楽町３丁目４番２４−１０１号,6530836
4140001123237,株式会社ルート,兵庫県,神戸市長田区,神楽町２丁目３−１−４０１,6530836
4140001123336,株式会社松嶋建設,兵庫県,神戸市長田区,五位ノ池町３丁目１番２８号アーバンコート五位ノ池５０１号,6530851
4140001123476,まごころ塗想株式会社,兵庫県,神戸市長田区,二番町２丁目２番１号,6530012
4140001124103,ＢＰリアルティ株式会社,兵庫県,神戸市長田区,細田町２丁目１番２５号,6530835
4140001124177,株式会社三星,兵庫県,神戸市長田区,東尻池町４丁目１１番９号,6530022
4140001124227,株式会社ａｅｇｉｓ,兵庫県,神戸市長田区,長尾町１丁目４番７−２号,6530855
4140001124615,株式会社アグロエージェンシー,兵庫県,神戸市長田区,南駒栄町１−７,6530044
4140001127246,株式会社モハラ,兵庫県,神戸市長田区,雲雀ケ丘３丁目１番１８−３０１号,6530879
4140001128211,神戸リフォーム株式会社,兵庫県,神戸市長田区,浜添通２丁目１番１号１Ｆ,6530024
4140001128483,株式会社ロックリーヴル,兵庫県,神戸市長田区,長楽町６丁目２番２９号,6530054
4140001128491,株式会社ウィステリア,兵庫県,神戸市長田区,水笠通３丁目１番１−１００５号,6530842
4140001128525,株式会社オタニ動物病院,兵庫県,神戸市長田区,丸山町１丁目１０番１号,6530875
4140001129184,株式会社ライフワークス,兵庫県,神戸市長田区,東尻池町２丁目１２番８号,6530022
4140001129390,アルプレミオ株式会社,兵庫県,神戸市長田区,明泉寺町２丁目１番１７−５０３号,6530884
4140001129861,株式会社ミツクラ,兵庫県,神戸市長田区,浜添通６丁目１番１５号,6530024
4140001129993,心木株式会社,兵庫県,神戸市長田区,平和台町３丁目２−５号,6530854
4140001131099,株式会社壱番,兵庫県,神戸市長田区,久保町５丁目１番１号アスタくにづか３番館,6530041
4140001131347,株式会社ＤＲＥＡＭ,兵庫県,神戸市長田区,浪松町５丁目１番１グレイスハイツ西神戸６０３号,6530055
4140001131520,株式会社Ｊｅｗｅｌｒｙ　Ｂｏｘ,兵庫県,神戸市長田区,四番町３丁目４番地８,6530004
4140001131652,株式会社クバル,兵庫県,神戸市長田区,細田町４丁目１−７−１Ｆ,6530835
4140001131850,ＭＵＵＭ株式会社,兵庫県,神戸市長田区,腕塚町１丁目１番２８号,6530036
4140001132246,株式会社山久グループ,兵庫県,神戸市長田区,野田町９丁目４番１８号,6530051
4140001132444,株式会社ＣＬＩＭＡＬ,兵庫県,神戸市長田区,名倉町２丁目４番４号楠木ハイツ２０２号,6530883
4140001132551,株式会社コレクト,兵庫県,神戸市長田区,房王寺町４丁目７番２１号,6530801
4140001132956,株式会社大西工務店,兵庫県,神戸市長田区,大日丘町３丁目１５−８,6530872
4140001133335,株式会社池沢,兵庫県,神戸市長田区,水笠通１丁目１番１７号,6530842
4140001133376,株式会社輝建,兵庫県,神戸市長田区,日吉町５丁目１番３１号,6530039
4140001133426,株式会社Ｇｒｅｅｎ　Ｒ,兵庫県,神戸市長田区,寺池町３丁目２番２号,6530804
4140001133509,株式会社Ｌｉｔｔｌｅ　Ｒｉｎｇｅｄ,兵庫県,神戸市長田区,大塚町１丁目８番１１号プレノ長田７０１号室,6530811
4140001133847,株式会社ギバー・コ・クリエーション,兵庫県,神戸市長田区,大橋町３丁目２番１８−３０４号,6530037
4140001134358,株式会社ＡＣＥ　ＨＯＭＥ,兵庫県,神戸市長田区,長田町５丁目３番２号,6530812
4140001135190,株式会社大西創建,兵庫県,神戸市長田区,海運町７丁目５番１０号,6530052
4140001135323,株式会社福井タイル,兵庫県,神戸市長田区,寺池町３丁目２番１号,6530804
4140001136148,株式会社玉川,兵庫県,神戸市長田区,長尾町２丁目１８−２０−２,6530855
4140001136239,株式会社神戸珈琲,兵庫県,神戸市長田区,上池田６丁目８番２３号,6530827
4140001136486,株式会社西商事,兵庫県,神戸市長田区,房王寺町４丁目５番３号,6530801
4140001137096,株式会社和気,兵庫県,神戸市長田区,長田天神町１丁目８番９号,6530882
4140001137138,株式会社ｗｏｎｄｅｒｆｕｌ　ｔｈｉｎｇ,兵庫県,神戸市長田区,日吉町４丁目１番１号マル井ビル２−Ｂ,6530039
4140001138251,稲津電工株式会社,兵庫県,神戸市長田区,明泉寺町２丁目１番１７−４０１号,6530884
4140001138499,株式会社Ｂ　ｌａｂｏ．ＫＴ,兵庫県,神戸市長田区,西尻池町２丁目５番１４号,6530031
4140001139101,株式会社ＳＨＩＮＫＯ,兵庫県,神戸市長田区,御船通５丁目６番地の９,6530832
4140001139547,愛陽株式会社,兵庫県,神戸市長田区,水笠通４丁目４番６号,6530842
4140001140281,株式会社ネクサス,兵庫県,神戸市長田区,庄田町２丁目３番１６−４号,6530035
4140001140414,株式会社ＡＩＸ,兵庫県,神戸市長田区,海運町５丁目１番２４号,6530052
4140001141032,科丸株式会社,兵庫県,神戸市長田区,四番町７丁目５アロバス第二ビル３０３号室,6530004
4140001141742,翼興産株式会社,兵庫県,神戸市長田区,西尻池町１丁目３番３７号Ｏ・Ｍ・ＩＢＬＤＧ４Ｆ,6530031
4140001142468,株式会社ＳＲ　ｃｒａｆｔ,兵庫県,神戸市長田区,房王寺町１丁目３番３号,6530801
4140001142484,松山設備株式会社,兵庫県,神戸市長田区,前原町２丁目２番７号カサマローネ１０２,6530803
4190001032771,ＩｎｆｉｎｉＣａｒｅ８株式会社,兵庫県,神戸市長田区,東尻池町２丁目６番２,6530022
5010001137876,株式会社３Ｄジャパン,兵庫県,神戸市長田区,西代通４丁目４番１１号,6530844
5011201015194,株式会社アルゴ,兵庫県,神戸市長田区,雲雀ケ丘３丁目６番４−３０８号,6530879
5120001145190,株式会社カレントストン,兵庫県,神戸市長田区,西山町２丁目２番８号,6530862
5120001278437,渾水株式会社,兵庫県,神戸市長田区,腕塚町３丁目３−１６朝日プラザツインテージ神戸イースト７０４室,6530036
5120002051512,株式会社ＨＫホールディングズ,兵庫県,神戸市長田区,水笠通３丁目５番１１号,6530842
5130001054614,つむぎ株式会社,兵庫県,神戸市長田区,細田町５丁目２番２５号ライオンビル東館１０６号室,6530835
5140001003669,オナーロイ株式会社,兵庫県,神戸市長田区,神楽町４丁目６番１０号,6530836
5140001005467,株式会社ヤマニシ,兵庫県,神戸市長田区,神楽町３丁目２番１９号,6530836
5140001010335,阪神実業株式会社,兵庫県,神戸市長田区,腕塚町５丁目５番１号,6530036
5140001010673,フリーダム株式会社,兵庫県,神戸市長田区,腕塚町９丁目１番７号,6530036
5140001011309,株式会社メック弐壱,兵庫県,神戸市長田区,房王寺町７丁目１−７ハイツ菊水１Ｆ,6530801
5140001012505,伊藤硝子産業株式会社,兵庫県,神戸市長田区,本庄町２丁目２番５号,6530053
5140001014071,株式会社富士防水工業,兵庫県,神戸市長田区,野田町８丁目３番６号,6530051
5140001014336,宮浦商事株式会社,兵庫県,神戸市長田区,宮丘町１丁目１−９,6530863
5140001015499,株式会社メディカルサポート,兵庫県,神戸市長田区,御蔵通２丁目１３番地１−１１０５号,6530014
5140001015557,株式会社トウエイ,兵庫県,神戸市長田区,本庄町２丁目４番７号,6530053
5140001015656,株式会社浅井工業,兵庫県,神戸市長田区,東尻池町４丁目３番９号,6530022
5140001015664,アサヒ工房株式会社,兵庫県,神戸市長田区,北町３丁目２０１番地,6530016
5140001015672,東建設株式会社,兵庫県,神戸市長田区,長田天神町２丁目７番４号,6530882
5140001015689,株式会社アライ,兵庫県,神戸市長田区,久保町２丁目３番３号,6530041
5140001015697,株式会社粟田商店,兵庫県,神戸市長田区,菅原通１丁目６番地,6530015
5140001015706,株式会社イケダカメラ商会,兵庫県,神戸市長田区,五番町７丁目８番地,6530003
5140001015714,株式会社勇組,兵庫県,神戸市長田区,神楽町１丁目２番１６号,6530836
5140001015730,井上機械工業株式会社,兵庫県,神戸市長田区,西尻池町４丁目１番１６号,6530031
5140001015739,今岡鉄工業株式会社,兵庫県,神戸市長田区,川西通２丁目１０番地,6530834
5140001015747,株式会社上田観正会能楽堂,兵庫県,神戸市長田区,大塚町２丁目１番１４号,6530811
5140001015755,株式会社ういろや,兵庫県,神戸市長田区,長田町１丁目３番１号,6530812
5140001015796,エム・シーシー食品株式会社,兵庫県,神戸市長田区,苅藻通５丁目４番１８号,6530032
5140001015813,王子建設株式会社,兵庫県,神戸市長田区,西尻池町２丁目４番３０号,6530031
5140001015821,株式会社大塚刺繍,兵庫県,神戸市長田区,西尻池町４丁目２番１０号,6530031
5140001015838,株式会社沖食器,兵庫県,神戸市長田区,大橋町２丁目１番１８号,6530037
5140001015846,株式会社岡田屋,兵庫県,神戸市長田区,五番町２丁目４番地の９,6530003
5140001015854,株式会社岡村工務店,兵庫県,神戸市長田区,鹿松町３丁目３番２７号,6530877
5140001015862,株式会社小野コルク製作所,兵庫県,神戸市長田区,長楽町３丁目６番５号,6530054
5140001015870,株式会社オウアール,兵庫県,神戸市長田区,神楽町１丁目３番１号,6530836
5140001015879,株式会社拡栄工業,兵庫県,神戸市長田区,西丸山町３丁目１番２６号,6530874
5140001015887,関西眞空株式会社,兵庫県,神戸市長田区,苅藻通４丁目２番２８号,6530032
5140001015895,株式会社関西陸整,兵庫県,神戸市長田区,蓮宮通３丁目３番地１０,6530831
5140001015904,株式会社加藤商店,兵庫県,神戸市長田区,細田町１丁目４番９号,6530835
5140001015912,株式会社カネックス,兵庫県,神戸市長田区,本庄町４丁目２番５号,6530053
5140001015937,カワノ株式会社,兵庫県,神戸市長田区,大道通５丁目１０１番地の６,6530833
5140001015961,株式会社北野酒店,兵庫県,神戸市長田区,腕塚町４丁目４番６号,6530036
5140001015978,協同建設株式会社,兵庫県,神戸市長田区,平和台町３丁目３番１０号,6530854
5140001015986,株式会社釘谷商店,兵庫県,神戸市長田区,苅藻島町３丁目５番２４号,6530033
5140001015994,株式会社クリエイト兵庫,兵庫県,神戸市長田区,腕塚町２丁目１番１５号,6530036
5140001016010,株式会社ケイ・ピー・シー,兵庫県,神戸市長田区,苅藻通７丁目１番２０号,6530032
5140001016027,晃生電設株式会社,兵庫県,神戸市長田区,御蔵通７丁目３６番地,6530014
5140001016043,株式会社幸陽エンジニアリング,兵庫県,神戸市長田区,神楽町２丁目３番１号,6530836
5140001016068,株式会社古津タイル,兵庫県,神戸市長田区,北町２丁目１２番地の１,6530016
5140001016076,駒上興産株式会社,兵庫県,神戸市長田区,駒ケ林町５丁目８番１５号,6530043
5140001016084,三栄興産株式会社,兵庫県,神戸市長田区,大塚町２丁目２番１２号,6530811
5140001016101,三協精工株式会社,兵庫県,神戸市長田区,川西通１丁目１６番地,6530834
5140001016118,三代鉄建株式会社,兵庫県,神戸市長田区,苅藻通５丁目１番１６号,6530032
5140001016134,株式会社サンハイ,兵庫県,神戸市長田区,神楽町４丁目４番４号大久ビル１０２号,6530836
5140001016142,株式会社三洋工業,兵庫県,神戸市長田区,駒ケ林町５丁目４番１１号,6530043
5140001016167,三和油業株式会社,兵庫県,神戸市長田区,上池田５丁目４番３号,6530827
5140001016175,ジエイス商事株式会社,兵庫県,神戸市長田区,細田町２丁目２番１５号,6530835
5140001016217,新長田警備株式会社,兵庫県,神戸市長田区,細田町６丁目１番１７号,6530835
5140001016225,株式会社シンメイ開発,兵庫県,神戸市長田区,若松町３丁目１番１号,6530038
5140001016233,株式会社清水工営,兵庫県,神戸市長田区,前原町２丁目１番３４−３０７号,6530803
5140001016266,株式会社ジュンコー,兵庫県,神戸市長田区,寺池町２丁目７番４号,6530804
5140001016274,白石食品株式会社,兵庫県,神戸市長田区,苅藻通７丁目１番２０号,6530032
5140001016282,株式会社スガミシン商会,兵庫県,神戸市長田区,川西通５丁目１０５番地の１,6530834
5140001016299,株式会社清晃,兵庫県,神戸市長田区,神楽町２丁目２番２２号,6530836
5140001016316,株式会社勢戸商店,兵庫県,神戸市長田区,若松町３丁目１番１９号,6530038
5140001016332,相互梱包株式会社,兵庫県,神戸市長田区,苅藻島町３丁目１番８号,6530033
5140001016340,大栄建設株式会社,兵庫県,神戸市長田区,川西通５丁目１０３−２リバーウエスト五番街Ａ棟１０２,6530834
5140001016357,大喜屋電機株式会社,兵庫県,神戸市長田区,萩乃町２丁目７番５号,6530873
5140001016365,大神ガスケット工業株式会社,兵庫県,神戸市長田区,腕塚町１丁目６番８号,6530036
5140001016373,株式会社大商,兵庫県,神戸市長田区,神楽町６丁目６−２,6530836
5140001016407,株式会社武禎,兵庫県,神戸市長田区,梅ケ香町２丁目９番１６号,6530021
5140001016415,高橋溶接株式会社,兵庫県,神戸市長田区,苅藻通４丁目１０番１４号,6530032
5140001016423,株式会社多次商店,兵庫県,神戸市長田区,菅原通２丁目４番地,6530015
5140001016431,株式会社辰巳食品,兵庫県,神戸市長田区,駒ケ林南町４番地の７,6530045
5140001016448,株式会社タニモト,兵庫県,神戸市長田区,御蔵通７丁目５番地の２,6530014
5140001016472,株式会社辻義一商店,兵庫県,神戸市長田区,四番町７丁目１番,6530004
5140001016514,東洋段ボール株式会社,兵庫県,神戸市長田区,長楽町５丁目６番１０号,6530054
5140001016522,株式会社徳原ビル,兵庫県,神戸市長田区,松野通１丁目１０番７号,6530841
5140001016530,株式会社トモヤ,兵庫県,神戸市長田区,庄田町４丁目９番７号,6530035
5140001016547,株式会社ナカシマ,兵庫県,神戸市長田区,鶯町２丁目３番１２号,6530871
5140001016563,長田セントラルビル株式会社,兵庫県,神戸市長田区,四番町８丁目３番地,6530004
5140001016571,株式会社長田民商会館,兵庫県,神戸市長田区,腕塚町２丁目１番２４号,6530036
5140001016588,株式会社中山文具店,兵庫県,神戸市長田区,五番町７丁目１０番地,6530003
5140001016596,西川興業株式会社,兵庫県,神戸市長田区,東尻池町６丁目１番２７号,6530022
5140001016613,日新住宅株式会社,兵庫県,神戸市長田区,五番町２丁目４番地の１７９,6530003
5140001016638,根村産業株式会社,兵庫県,神戸市長田区,浜添通２丁目２番２０号,6530024
5140001016646,阪神営繕株式会社,兵庫県,神戸市長田区,西代通１丁目２番２号,6530844
5140001016654,株式会社阪神ダイカスト,兵庫県,神戸市長田区,苅藻通６丁目５番１３号,6530032
5140001016670,株式会社ハタモータース,兵庫県,神戸市長田区,二葉町２丁目８番１２号,6530042
5140001016687,ばら食品株式会社,兵庫県,神戸市長田区,庄田町２丁目５番１９号,6530035
5140001016720,平井運輸株式会社,兵庫県,神戸市長田区,苅藻島町１丁目１番１２号,6530033
5140001016737,株式会社福井設備,兵庫県,神戸市長田区,片山町１丁目２７番１６号,6530805
5140001016753,株式会社富士運輸機工,兵庫県,神戸市長田区,名倉町１丁目１番３４号,6530883
5140001016761,冨士島工機株式会社,兵庫県,神戸市長田区,長楽町６丁目２番２３号,6530054
5140001016778,不動工業株式会社,兵庫県,神戸市長田区,菅原通１丁目５番地の１６,6530015
5140001016786,プリーンエステート株式会社,兵庫県,神戸市長田区,東尻池町２丁目６番２号,6530022
5140001016811,萌生食品株式会社,兵庫県,神戸市長田区,東尻池町２丁目５番３号,6530022
5140001016828,株式会社細道電子,兵庫県,神戸市長田区,五位ノ池町３丁目４番２号,6530851
5140001016860,株式会社松本興業社,兵庫県,神戸市長田区,五番町５丁目１番地２７−１０４号,6530003
5140001016869,丸井運送株式会社,兵庫県,神戸市長田区,苅藻島町２丁目１５番地,6530033
5140001016877,株式会社マルカ,兵庫県,神戸市長田区,神楽町２丁目３−１,6530836
5140001016885,丸重化学工業株式会社,兵庫県,神戸市長田区,細田町４丁目３番２号,6530835
5140001016893,株式会社丸昌商会,兵庫県,神戸市長田区,重池町１丁目２番５号,6530802
5140001016902,株式会社マルミ製作所,兵庫県,神戸市長田区,苅藻通３丁目６番７号,6530032
5140001016910,丸吉産業株式会社,兵庫県,神戸市長田区,二葉町９丁目１２番８号,6530042
5140001016919,御蔵パッキング工業株式会社,兵庫県,神戸市長田区,若松町１丁目１番３号神戸ポリマーセンタービル,6530038
5140001016943,株式会社湊水産,兵庫県,神戸市長田区,駒ケ林町３丁目２番２号,6530043
5140001016951,株式会社ミヤケ,兵庫県,神戸市長田区,神楽町６丁目７番１２号,6530836
5140001016976,明興プラメック株式会社,兵庫県,神戸市長田区,苅藻通１丁目３番１号,6530032
5140001016984,株式会社モードナカムラ,兵庫県,神戸市長田区,御蔵通６丁目１２番地,6530014
5140001016992,森口運輸株式会社,兵庫県,神戸市長田区,駒ケ林南町１番１２０号,6530045
5140001017000,森弥食品工業株式会社,兵庫県,神戸市長田区,房王寺町１丁目１番５号,6530801
5140001017009,山縣電機株式会社,兵庫県,神戸市長田区,駒ケ林町４丁目１９番５号,6530043
5140001017058,吉岡商事株式会社,兵庫県,神戸市長田区,腕塚町６丁目１番１６号アスタくにづか２番館北棟２０６号,6530036
5140001017074,和光運輸株式会社,兵庫県,神戸市長田区,苅藻島町２丁目１番８号,6530033
5140001017082,和田金型工業株式会社,兵庫県,神戸市長田区,西尻池町１丁目３番２７号,6530031
5140001017090,株式会社リアルト,兵庫県,神戸市長田区,若松町８丁目１−３０巨人ビル南館６Ｆ,6530038
5140001017108,六菱ゴム株式会社,兵庫県,神戸市長田区,若松町９丁目１番３０号,6530038
5140001017116,株式会社神戸大坪,兵庫県,神戸市長田区,細田町５丁目２番２５号,6530835
5140001017124,神戸企画株式会社,兵庫県,神戸市長田区,名倉町２丁目１番８号,6530883
5140001017173,神戸モールド株式会社,兵庫県,神戸市長田区,東尻池町３丁目１番５号,6530022
5140001017181,株式会社神戸ロイヤルフーズ,兵庫県,神戸市長田区,東尻池町２丁目５番３号,6530022
5140001017198,日本包装システム株式会社,兵庫県,神戸市長田区,大橋町６丁目６番地,6530037
5140001017215,兵庫土地建物株式会社,兵庫県,神戸市長田区,東尻池町３丁目６番１７号大西ビル２階,6530022
5140001017909,株式会社ポイント・ユー,兵庫県,神戸市長田区,庄山町２丁目５番１０号庄山ビラ−１階,6530853
5140001017958,ミズホ電設株式会社,兵庫県,神戸市長田区,高東町２丁目２番１６号,6530867
5140001018031,株式会社山本電機製作所,兵庫県,神戸市長田区,西尻池町１丁目２番３号,6530031
5140001018709,株式会社浜崎,兵庫県,神戸市長田区,苅藻島町２丁目３番１号,6530033
5140001018741,フイガロ株式会社,兵庫県,神戸市長田区,山下町１丁目２番８号,6530852
5140001019789,喜田工務店株式会社,兵庫県,神戸市長田区,花山町１丁目７番９号,6530876
5140001019839,阪神エステート株式会社,兵庫県,神戸市長田区,二葉町７丁目１番３８号,6530042
5140001020103,くつのまちながた神戸株式会社,兵庫県,神戸市長田区,細田町７丁目１番９号,6530835
5140001020210,ビューティフルジャパン株式会社,兵庫県,神戸市長田区,東尻池町５丁目２番２８号,6530022
5140001020417,ケイデイ株式会社,兵庫県,神戸市長田区,房王寺町６丁目２番２３号,6530801
5140001020672,株式会社インターカルチャー,兵庫県,神戸市長田区,三番町５丁目５番地,6530011
5140001020805,株式会社ヤマダ,兵庫県,神戸市長田区,野田町５丁目４番８号,6530051
5140001021010,株式会社エコ・ウィン,兵庫県,神戸市長田区,久保町５丁目１−１・２１５−２号アスタくにづか３番館,6530041
5140001021407,株式会社光水産,兵庫県,神戸市長田区,梅ケ香町２丁目１０番１３号,6530021
5140001021522,株式会社ハタノ商事,兵庫県,神戸市長田区,大橋町８丁目６番１０−１０６号,6530037
5140001021786,株式会社熊野工作所,兵庫県,神戸市長田区,東尻池町９丁目１番３４号,6530022
5140001022421,株式会社大山開発興業,兵庫県,神戸市長田区,浜添通６丁目１番３４号,6530024
5140001022504,マル井商事株式会社,兵庫県,神戸市長田区,日吉町４丁目１番１号,6530039
5140001023106,神戸シューレザー株式会社,兵庫県,神戸市長田区,御屋敷通１丁目４番１０号,6530843
5140001023477,株式会社高田製作所,兵庫県,神戸市長田区,西尻池町１丁目３番１５号,6530031
5140001024046,神戸カルモマリーナ株式会社,兵庫県,神戸市長田区,苅藻島町３丁目７０番２号,6530033
5140001024384,ユウセイ金属株式会社,兵庫県,神戸市長田区,長楽町６丁目１番７号,6530054
5140001025333,株式会社タカホームビジネス,兵庫県,神戸市長田区,山下町１丁目２番１６号,6530852
5140001025408,株式会社イエテック,兵庫県,神戸市長田区,浜添通３丁目３番６号,6530024
5140001025580,株式会社アトモス,兵庫県,神戸市長田区,大橋町１０丁目１番２号,6530037
5140001025688,株式会社ＭＯＴＡ,兵庫県,神戸市長田区,苅藻島町１丁目１番６０号,6530033
5140001026042,株式会社ＭＩＫＩＲＩ,兵庫県,神戸市長田区,細田町５丁目２番２５号,6530835
5140001026083,株式会社ＨＡＮＳＨＩＮ　ＡＵＴＯ,兵庫県,神戸市長田区,御蔵通７丁目４２,6530014
5140001026117,大九商事株式会社,兵庫県,神戸市長田区,大橋町９丁目１番１−１０９号,6530037
5140001026397,株式会社Ｊｕｐｉｔｅｒ,兵庫県,神戸市長田区,御屋敷通１丁目４番１０−１０２号,6530843
5140001026463,株式会社三ッ星,兵庫県,神戸市長田区,滝谷町３丁目１０番１号,6530881
5140001026604,株式会社アレッツォ,兵庫県,神戸市長田区,大橋町２丁目３番２号,6530037
5140001026793,株式会社楓塗装,兵庫県,神戸市長田区,鹿松町３丁目５番４号,6530877
5140001027643,株式会社泰成総業,兵庫県,神戸市長田区,六番町２丁目１番地の３９,6530002
5140001027651,株式会社山下工務店,兵庫県,神戸市長田区,鹿松町３丁目３番３０号,6530877
5140001027775,伸光マリンサービス株式会社,兵庫県,神戸市長田区,神楽町１丁目２番１５号,6530836
5140001027957,エアーテクニカ株式会社,兵庫県,神戸市長田区,東尻池町９丁目１番３４号,6530022
5140001028063,株式会社ガーデニングラインナップ,兵庫県,神戸市長田区,梅ケ香町２丁目９番１３号,6530021
5140001028121,株式会社ＷＡＫＯ,兵庫県,神戸市長田区,苅藻通６丁目２番１９号,6530032
5140001028328,株式会社モアクリーンエビス,兵庫県,神戸市長田区,細田町２丁目２−２６−２０１,6530835
5140001028501,株式会社ホワイトベア,兵庫県,神戸市長田区,庄山町２丁目１番２号,6530853
5140001028690,株式会社ナユタス,兵庫県,神戸市長田区,西山町２丁目１−２３−２,6530862
5140001028765,ウィン株式会社,兵庫県,神戸市長田区,平和台町１丁目５番１３号,6530854
5140001028856,ララミーインターナショナル株式会社,兵庫県,神戸市長田区,東尻池町３丁目６番２４号,6530022
5140001029094,株式会社エコアース,兵庫県,神戸市長田区,川西通５丁目１０−１共栄ビル２０３号,6530834
5140001029433,ＪＰスプリント株式会社,兵庫県,神戸市長田区,日吉町５丁目１番２８−１４０２号,6530039
5140001029623,株式会社ＧＥＮ,兵庫県,神戸市長田区,苅藻通６丁目４番２号,6530032
5140001029730,株式会社元気カンパニー,兵庫県,神戸市長田区,庄田町３丁目５番１０−１０１号,6530035
5140001029788,株式会社神戸不動産,兵庫県,神戸市長田区,水笠通６丁目５−１２,6530842
5140001029862,株式会社ポケット,兵庫県,神戸市長田区,日吉町４丁目１番１号マル井ビル２Ｆ,6530039
5140001029937,株式会社東亜環境サービス,兵庫県,神戸市長田区,駒ケ林町２丁目１６−８,6530043
5140001030333,株式会社ハル・コーポレーション,兵庫県,神戸市長田区,庄田町１丁目８番９号,6530035
5140001030390,株式会社肉のしらいし,兵庫県,神戸市長田区,五番町４丁目１番地５号,6530003
5140001030622,株式会社みなとモータース,兵庫県,神戸市長田区,鶯町４丁目５−３０,6530871
5140001031265,西神テクノ設計株式会社,兵庫県,神戸市長田区,久保町５丁目１番１号,6530041
5140001031414,株式会社エス・バイ・エス,兵庫県,神戸市長田区,前原町２丁目７番１８号,6530803
5140001031439,株式会社マルチコーポレーション,兵庫県,神戸市長田区,御蔵通７丁目３６,6530014
5140001031463,株式会社イーエム,兵庫県,神戸市長田区,久保町１丁目２番１８号,6530041
5140001031546,株式会社神戸ズブルー,兵庫県,神戸市長田区,西尻池町１丁目２番２５号,6530031
5140001031769,株式会社ティケィエム,兵庫県,神戸市長田区,片山町２丁目９−５,6530805
5140001031851,株式会社神興創研,兵庫県,神戸市長田区,野田町８丁目３番地６,6530051
5140001031950,株式会社ｒｉｓｅ,兵庫県,神戸市長田区,二葉町６丁目７番１アスタくにづか６番館北棟２０１号,6530042
5140001032081,株式会社飛弾,兵庫県,神戸市長田区,南駒栄町１−５,6530044
5140001032362,株式会社神戸デザインクリエイティブ,兵庫県,神戸市長田区,二葉町６丁目７番１号アスタくにづか６番館北棟２０７号,6530042
5140001032420,サンスマイル株式会社,兵庫県,神戸市長田区,浪松町５丁目１番１９号,6530055
5140001032577,三綺工業株式会社,兵庫県,神戸市長田区,名倉町３丁目１番１８号,6530883
5140001032643,ハイアン株式会社,兵庫県,神戸市長田区,腕塚町７丁目６番８号,6530036
5140001032791,株式会社甲南医療器研究所,兵庫県,神戸市長田区,苅藻通２丁目７番６号,6530032
5140001033410,株式会社オフィスＧ,兵庫県,神戸市長田区,戸崎通２丁目６番２３号,6530845
5140001033732,株式会社ポート総合サービス,兵庫県,神戸市長田区,大谷町３丁目１５−７,6530838
5140001033773,リヒトロイアル株式会社,兵庫県,神戸市長田区,二葉町６丁目７番２−５０６号,6530042
5140001033856,株式会社ベル,兵庫県,神戸市長田区,大橋町１丁目２−１１,6530037
5140001034111,バシン・ホールディングス株式会社,兵庫県,神戸市長田区,若松町８丁目１番９号バシンＧＫビル,6530038
5140001034185,株式会社そらかぜ,兵庫県,神戸市長田区,二葉町９丁目３番１１号,6530042
5140001038137,イムラ食品株式会社,兵庫県,神戸市長田区,六番町７丁目６番地の１,6530002
5140001041677,株式会社ソフィア,兵庫県,神戸市長田区,川西通３丁目６８番地の４,6530834
5140001042221,ゴルファーズアシスト株式会社,兵庫県,神戸市長田区,宮川町５丁目２番９号,6530813
5140001042254,株式会社ルーマー,兵庫県,神戸市長田区,久保町２丁目１番１８−２０１号,6530041
5140001047063,ＮＧＵステラ株式会社,兵庫県,神戸市長田区,房王寺町５丁目７番１３号,6530801
5140001054002,株式会社ホームスタッフサービス,兵庫県,神戸市長田区,御屋敷通６丁目４番７号,6530843
5140001057079,株式会社秀栄,兵庫県,神戸市長田区,三番町２丁目３番地の２３,6530011
5140001067128,株式会社ＫＵＲＯＫＯ,兵庫県,神戸市長田区,丸山町１丁目１−１０,6530875
5140001067433,株式会社一運商事,兵庫県,神戸市長田区,川西通５丁目１０１−１,6530834
5140001067573,株式会社Ｋｉｎｄカンパニー,兵庫県,神戸市長田区,御船通３丁目４番地の２３,6530832
5140001086953,株式会社Ｂｉａｎｃａ,兵庫県,神戸市長田区,腕塚町４丁目４番１４号,6530036
5140001087191,株式会社ＬＥＨＯＩ企画,兵庫県,神戸市長田区,松野通４丁目５番２１号,6530841
5140001087225,株式会社グレイトフルハート,兵庫県,神戸市長田区,御蔵通２丁目１３番１号ウイング神戸１Ｆ,6530014
5140001087241,株式会社ミナミトランスポート,兵庫県,神戸市長田区,蓮池町１番地の９,6530837
5140001087324,石垣興業株式会社,兵庫県,神戸市長田区,雲雀ケ丘３丁目６３番地,6530879
5140001087588,株式会社山本電気,兵庫県,神戸市長田区,久保町９丁目２番２０−１階,6530041
5140001088082,株式会社板橋,兵庫県,神戸市長田区,五番町３丁目２番地の２,6530003
5140001088330,神戸科工株式会社,兵庫県,神戸市長田区,丸山町４丁目５番９−３０６号,6530875
5140001089997,株式会社チューニング,兵庫県,神戸市長田区,長者町３番７号,6530866
5140001090096,株式会社和,兵庫県,神戸市長田区,久保町２丁目４番８号,6530041
5140001092506,株式会社エポック・ライフケアサービス,兵庫県,神戸市長田区,久保町５丁目１番１,6530041
5140001092638,株式会社大福,兵庫県,神戸市長田区,苅藻通２丁目２−２,6530032
5140001092778,株式会社揉み蔵,兵庫県,神戸市長田区,池田寺町１９番地の１,6530822
5140001093867,株式会社Ｃａｍｅｌｌｉａ,兵庫県,神戸市長田区,西代通３丁目８番３号,6530844
5140001093974,株式会社アグロワークス,兵庫県,神戸市長田区,南駒栄町１−７,6530044
5140001093990,株式会社ドアツウドア神戸,兵庫県,神戸市長田区,若松町１丁目３番３号,6530038
5140001094089,神戸ＳＲＴサッシ株式会社,兵庫県,神戸市長田区,御屋敷通１丁目４番１０号１０７,6530843
5140001094824,神戸エンタテインメントアート株式会社,兵庫県,神戸市長田区,腕塚町７丁目７−８ゴールドウッズ新長田ビル３Ｆ,6530036
5140001094923,株式会社サカエ電気工業,兵庫県,神戸市長田区,久保町７丁目２番１号,6530041
5140001095616,株式会社リクラス,兵庫県,神戸市長田区,海運町５丁目１番２４号,6530052
5140001095797,株式会社Ｏｓ,兵庫県,神戸市長田区,山下町３丁目２−２３,6530852
5140001096052,株式会社ＫＢＫ,兵庫県,神戸市長田区,松野通２丁目５番７号Ｓ＆Ｋビル３Ｆ,6530841
5140001097348,株式会社ベルデ,兵庫県,神戸市長田区,神楽町２丁目３番６号,6530836
5140001097447,真鴻株式会社,兵庫県,神戸市長田区,菅原通２丁目１００番１−１０２号,6530015
5140001097934,株式会社日越商会,兵庫県,神戸市長田区,五番町６丁目１番地１０,6530003
5140001097975,株式会社Ｌｅ　Ａｎｎ,兵庫県,神戸市長田区,片山町１丁目２３番４号,6530805
5140001098065,株式会社Ｌｕｘ,兵庫県,神戸市長田区,北町２丁目５５番地２０１号,6530016
5140001098180,株式会社ノワール,兵庫県,神戸市長田区,片山町５丁目１１−２４,6530805
5140001098701,オプトニシカワ株式会社,兵庫県,神戸市長田区,長尾町１丁目７番２１号,6530855
5140001098800,株式会社Ｋｅｉ−Ｂｒｉｇｈｔｅｎ,兵庫県,神戸市長田区,花山町１丁目７番２９号,6530876
5140001098874,株式会社ＩＲＩＳ,兵庫県,神戸市長田区,御蔵通５丁目２０５番地３,6530014
5140001099014,株式会社ヤマヒロ,兵庫県,神戸市長田区,細田町３丁目１番１６号,6530835
5140001099294,株式会社Ｔ−ＩＮＮＯＶＡＴＩＯＮ,兵庫県,神戸市長田区,細田町２丁目１番１１−２号,6530835
5140001099699,Ｃｌｏｕｄ９株式会社,兵庫県,神戸市長田区,長田町３丁目２−１２ＢＬＤ、ＵＥＹＡＭＡ２Ｆ,6530812
5140001099930,新輝建設株式会社,兵庫県,神戸市長田区,西山町４丁目１３番１５−２号,6530862
5140001099955,株式会社ＧＡＫＵ,兵庫県,神戸市長田区,川西通５丁目１０７番地の７,6530834
5140001100821,ＤＡＩ　ＶＩＥＴ株式会社,兵庫県,神戸市長田区,庄田町３丁目４−１４,6530035
5140001100961,株式会社青山ホールディングス,兵庫県,神戸市長田区,細田町１丁目３番１６号,6530835
5140001101118,漢和源株式会社,兵庫県,神戸市長田区,長尾町１丁目８番１−４０４号,6530855
5140001101349,株式会社エルフ,兵庫県,神戸市長田区,神楽町２丁目２番２８号,6530836
5140001101497,株式会社コントレイル,兵庫県,神戸市長田区,梅ケ香町２丁目１１番８号,6530021
5140001101729,株式会社ＧＡＩＮＡＸ　ＷＥＳＴ,兵庫県,神戸市長田区,久保町５丁目１番１号,6530041
5140001102165,ダイドークリエイト株式会社,兵庫県,神戸市長田区,大道通３丁目７−６０１号,6530833
5140001102529,株式会社機動,兵庫県,神戸市長田区,戸崎通２丁目５−５,6530845
5140001102966,松田通信株式会社,兵庫県,神戸市長田区,片山町５丁目１１番３−１００９号,6530805
5140001103114,株式会社西玄,兵庫県,神戸市長田区,大丸町１丁目１７番５号,6530806
5140001105556,川本工業株式会社,兵庫県,神戸市長田区,山下町１丁目１番６号,6530852
5140001105770,株式会社晴陽,兵庫県,神戸市長田区,苅藻通７丁目４番１号,6530032
5140001105837,株式会社オリエンタルトラスト,兵庫県,神戸市長田区,水笠通６丁目５番５号,6530842
5140001107965,株式会社ウィル,兵庫県,神戸市長田区,苅藻通３丁目７番４号,6530032
5140001108220,ＭＧＭ株式会社,兵庫県,神戸市長田区,川西通４丁目１０２番地１,6530834
5140001109490,株式会社ＵＯ,兵庫県,神戸市長田区,菅原通２丁目２３Ｎｏ．８８ビル３Ｆ,6530015
5140001109920,株式会社フューネラル友創,兵庫県,神戸市長田区,西山町４丁目１１番１２号カーサ西山２２号,6530862
5140001110960,株式会社地域創生支援センター,兵庫県,神戸市長田区,御屋敷通２丁目５番２５−２号,6530843
5140001111307,いずみ交通株式会社,兵庫県,神戸市長田区,御蔵通６丁目２０８−７−１０１,6530014
5140001111959,株式会社西井商店兵庫大阪生コン,兵庫県,神戸市長田区,苅藻島町１丁目１番３１号,6530033
5140001112429,株式会社ケービーテック,兵庫県,神戸市長田区,御蔵通２丁目３番,6530014
5140001112841,株式会社神戸カーサービス,兵庫県,神戸市長田区,御蔵通１丁目２番地,6530014
5140001112908,株式会社ユニバー経営サポート,兵庫県,神戸市長田区,西代通４丁目３−７ＩＩメルヘン２階,6530844
5140001113360,株式会社藤ライラック,兵庫県,神戸市長田区,松野通２丁目５番３０−３０１号,6530841
5140001114029,ＳＰ機械株式会社,兵庫県,神戸市長田区,本庄町６丁目３−７−１,6530053
5140001114400,株式会社Ｊ’ｓ,兵庫県,神戸市長田区,腕塚町３丁目１番２号,6530036
5140001114433,株式会社日満,兵庫県,神戸市長田区,寺池町１丁目８番７号,6530804
5140001114598,株式会社ＮＯＲＩＳＩＢＡ,兵庫県,神戸市長田区,片山町１丁目１１番７号ロイヤルサクラ３０２号,6530805
5140001114607,株式会社ＮＴＧ,兵庫県,神戸市長田区,六番町１丁目４番１アロバスビル１Ｆ,6530002
5140001114920,株式会社ｉｃｈｉｗａ,兵庫県,神戸市長田区,二葉町３丁目６番１号,6530042
5140001115159,株式会社ラブリナ,兵庫県,神戸市長田区,菅原通７丁目４１−１−１０１,6530015
5140001115332,株式会社コアイノベーション,兵庫県,神戸市長田区,大橋町４丁目４番１７号,6530037
5140001115456,株式会社ＮＡＤ,兵庫県,神戸市長田区,大丸町１丁目１０番７号２０２,6530806
5140001115654,ｕ−ＴＥＡＬ株式会社,兵庫県,神戸市長田区,高東町２丁目３番１５号,6530867
5140001116454,株式会社Ｄｒｅａｍｌａｎｄ,兵庫県,神戸市長田区,御屋敷通２丁目６番１３号,6530843
5140001117576,Ｗｏｒｌｄ　Ｉｍｐｏｒｔ株式会社,兵庫県,神戸市長田区,海運町８丁目４番１１号,6530052
5140001117774,株式会社Ｓｅｃｏｎｄ　ｃｏｍｐａｎｙ,兵庫県,神戸市長田区,松野通１丁目８番２号２Ｆ,6530841
5140001117972,株式会社Ｂｕｎｇｏ,兵庫県,神戸市長田区,菅原通５丁目４３−５−２０１,6530015
5140001118921,アールイーキクヤ株式会社,兵庫県,神戸市長田区,菅原通４丁目２０２番地の３,6530015
5140001119515,株式会社陽輝の木,兵庫県,神戸市長田区,水笠通４丁目５番２号,6530842
5140001119548,藤富商事株式会社,兵庫県,神戸市長田区,四番町７丁目５番地−２０２号室,6530004
5140001120159,株式会社ＳＴＴ,兵庫県,神戸市長田区,菅原通３丁目２０３番地の２０,6530015
5140001121314,ＯＥＣ株式会社,兵庫県,神戸市長田区,滝谷町１丁目５番１１号,6530881
5140001121446,株式会社モットサポート,兵庫県,神戸市長田区,苅藻島町１丁目１番６１号,6530033
5140001121512,株式会社Ｒ−ＢＡＳＩＣ,兵庫県,神戸市長田区,御蔵通３丁目２０６番地の８,6530014
5140001121850,株式会社ＴＨＳサポート,兵庫県,神戸市長田区,宮川町１丁目７番１号２０６号,6530813
5140001123038,Ｗｅｐｅｘ株式会社,兵庫県,神戸市長田区,日吉町４丁目１番４号ヒーモリビル２０２号,6530039
5140001123376,株式会社アークテック,兵庫県,神戸市長田区,大塚町１丁目８番１１−４０５号,6530811
5140001123566,株式会社コアホールディングス,兵庫県,神戸市長田区,大橋町４丁目４番１７号,6530037
5140001124671,株式会社なかの屋,兵庫県,神戸市長田区,片山町５丁目７番２６号,6530805
5140001124845,フロンティアヘルスラボラトリーズ株式会社,兵庫県,神戸市長田区,菅原通６丁目１５番地４号１階,6530015
5140001126040,株式会社ｉブライラント,兵庫県,神戸市長田区,水笠通４丁目１番１−１１３号,6530842
5140001126684,株式会社ＳＢＫ,兵庫県,神戸市長田区,四番町２丁目１８番地の４,6530004
5140001127402,大吉株式会社,兵庫県,神戸市長田区,四番町７丁目５番地,6530004
5140001127443,株式会社Ｌｅ　ｅｔｉｎｃｅｌｌｅ,兵庫県,神戸市長田区,平和台町２丁目１２番２０号,6530854
5140001128607,未来コネクト株式会社,兵庫県,神戸市長田区,東尻池町２丁目３−１０,6530022
5140001128747,株式会社優真設備,兵庫県,神戸市長田区,丸山町１丁目１番５号,6530875
5140001130026,株式会社シャムロック,兵庫県,神戸市長田区,大橋町５丁目３番１−１１８号,6530037
5140001130372,株式会社桜美,兵庫県,神戸市長田区,二葉町２丁目３番１０号,6530042
5140001130645,株式会社インフィニティー,兵庫県,神戸市長田区,御屋敷通３丁目１番３４−１００３号,6530843
5140001131362,株式会社木ノ花,兵庫県,神戸市長田区,御蔵通７丁目２１−４Ｆ,6530014
5140001132484,港青株式会社,兵庫県,神戸市長田区,丸山町１丁目６−１９−１０２号室,6530875
5140001132889,ＪＢＢ　ｉｎｔｅｒｎａｔｉｏｎａｌ株式会社,兵庫県,神戸市長田区,庄田町２丁目３番２０号,6530035
5140001133318,帝英株式会社,兵庫県,神戸市長田区,高取山町１丁目７番２２号,6530856
5140001133375,株式会社ＴＳ運送,兵庫県,神戸市長田区,雲雀ヶ丘３丁目４番２７号,6530879
5140001133391,ベスト株式会社,兵庫県,神戸市長田区,西尻池町１丁目３−１９,6530031
5140001133458,株式会社スペースクリエーション,兵庫県,神戸市長田区,川西通３丁目１６−４Ｆ,6530834
5140001133945,株式会社ＢＡＳＥ,兵庫県,神戸市長田区,苅藻通６丁目７番１号,6530032
5140001134150,株式会社千珠,兵庫県,神戸市長田区,北町１丁目４９アパ北町２階,6530016
5140001134200,ＺＫＢ　ＴＲＡＤＩＮＧ株式会社,兵庫県,神戸市長田区,雲雀ヶ丘３丁目６−３ヴィラナリー雲雀ケ丘３号棟３０７号,6530879
5140001134225,株式会社あかがねびと,兵庫県,神戸市長田区,日吉町３丁目１番３８−５０２号,6530039
5140001134381,ブルー不動産流通株式会社,兵庫県,神戸市長田区,御屋敷通６丁目２番１４−１０１号,6530843
5140001134448,株式会社ＦｏｏＤｅｌｉｇｈｔｆｕｌ,兵庫県,神戸市長田区,西代通１丁目５番５号,6530844
5140001134893,恒興商事株式会社,兵庫県,神戸市長田区,五番町５丁目２番地の３,6530003
5140001135181,株式会社ＯＺＩＺＯ,兵庫県,神戸市長田区,松野通１丁目１０番１３号,6530841
5140001135909,株式会社横倉電工,兵庫県,神戸市長田区,大日丘町３丁目４番７号,6530872
5140001135917,Ｈａｐｐｙ　Ｌｉｖｉｎｇ株式会社,兵庫県,神戸市長田区,水笠通３丁目５番９号,6530842
5140001136592,株式会社ＨＩＪ,兵庫県,神戸市長田区,苅藻通７丁目３番７号,6530032
5140001136840,株式会社ガレージライン,兵庫県,神戸市長田区,五番町５丁目４番地の１,6530003
5140001137285,株式会社コアリーフ,兵庫県,神戸市長田区,大橋町４丁目４番１７号,6530037
5140001137814,株式会社ＣＲＡＺＹ　ＭＩＮＤ,兵庫県,神戸市長田区,六番町３丁目１−１２フレール長田室内西１０２,6530002
5140001137847,長栄建設株式会社,兵庫県,神戸市長田区,四番町２丁目８番地の１５,6530004
5140001138119,ＮＡＺＩＲ　ＡＵＴＯ　ＴＲＡＤＩＮＧ株式会社,兵庫県,神戸市長田区,高取山町２丁目１２番１７号旭荘１０８号,6530856
5140001138176,開霊商事株式会社,兵庫県,神戸市長田区,花山町１丁目２番４５号,6530876
5140001138374,株式会社共栄塗装工業,兵庫県,神戸市長田区,檜川町１丁目９番１０号,6530887
5140001138928,亜来株式会社,兵庫県,神戸市長田区,梅ヶ香町１丁目１６番１１号,6530021
5140001138960,株式会社イフカム,兵庫県,神戸市長田区,川西通４丁目１０２番地の９,6530834
5140001139257,株式会社ＤＯＧＥＦＬＹ,兵庫県,神戸市長田区,長尾町２丁目１８−１５,6530855
5140001141584,株式会社ＣＨＡＩＮＯＮ．,兵庫県,神戸市長田区,片山町１丁目２３番４号,6530805
5140001141659,株式会社京阪神設備不動産,兵庫県,神戸市長田区,西丸山町２丁目５番２１号１０２号室,6530874
5140001142525,株式会社エバーライフ,兵庫県,神戸市長田区,萩乃町３丁目３番２５号雲雀ケ丘ハイツ１階,6530873
5140002006530,株式会社フジノリサイクルセンター,兵庫県,神戸市長田区,駒ケ林南町１番８,6530045
5140002008452,株式会社てきじゅホールディングス,兵庫県,神戸市長田区,花山町２丁目１１番２３号,6530876
5140002023294,株式会社ロキシム,兵庫県,神戸市長田区,神楽町２丁目３番３６号,6530836
5140002024821,株式会社ルーチェ,兵庫県,神戸市長田区,御蔵通２丁目２番,6530014
5140002025984,株式会社ＵＫ建設工業,兵庫県,神戸市長田区,西尻池町１丁目２−２６,6530031
5140002027279,株式会社ＯＧＡ,兵庫県,神戸市長田区,東尻池町１丁目３−２−３Ｆ,6530022
5140003010795,ＲＣＳ株式会社,兵庫県,神戸市長田区,上池田２丁目６−１０,6530827
6010501054678,株式会社ライフスタイルギャザー,兵庫県,神戸市長田区,細田町４丁目１−２３−４０１,6530835
6011001068615,株式会社アーティスト・リレーションズ,兵庫県,神戸市長田区,久保町４丁目１番１６号リヴェール久保町ＩＩ、２０３号,6530041
6120001090485,株式会社ミナトヤ,兵庫県,神戸市長田区,松野通１丁目１１番１２号,6530841
6120001216478,吉星樹株式会社,兵庫県,神戸市長田区,東丸山町８−９,6530886
6120901009394,株式会社サミットスーパーアブレーシブ,兵庫県,神戸市長田区,東尻池町２丁目９番３号,6530022
6140001001614,ザ・トラスト株式会社,兵庫県,神戸市長田区,高取山町１丁目９番２３号,6530856
6140001005202,株式会社バイケミ,兵庫県,神戸市長田区,檜川町１丁目７番２０号,6530887
6140001005986,株式会社アフロディテ,兵庫県,神戸市長田区,五番町７丁目４番地,6530003
6140001006225,株式会社イワイ企画,兵庫県,神戸市長田区,腕塚町８丁目４番１２号,6530036
6140001006852,株式会社関西シッピング,兵庫県,神戸市長田区,苅藻島町３丁目１１−４６,6530033
6140001007495,株式会社興正社,兵庫県,神戸市長田区,東尻池町２丁目９番１７号,6530022
6140001009450,ディ・ティ・エス・エス株式会社,兵庫県,神戸市長田区,東尻池町１丁目３番２号,6530022
6140001010937,松尾技研株式会社,兵庫県,神戸市長田区,三番町５丁目１４−１０,6530011
6140001011638,株式会社ワイドホケンセンター,兵庫県,神戸市長田区,東尻池町２丁目２番１号Ｙ’ｓＢＬＤＧ．,6530022
6140001012859,ハーブユニオン株式会社,兵庫県,神戸市長田区,大日丘町３丁目１５番６号,6530872
6140001013709,株式会社時見,兵庫県,神戸市長田区,御蔵通１丁目２番地,6530014
6140001014566,神戸オール出版印刷株式会社,兵庫県,神戸市長田区,東尻池町２丁目９番１７号,6530022
6140001015639,愛知株式会社,兵庫県,神戸市長田区,御蔵通１丁目４番地の１１,6530014
6140001015647,株式会社アコーステイツク・デイバイス・アンド・スタツフ,兵庫県,神戸市長田区,日吉町４丁目５番１５号,6530039
6140001015663,浅野紙工印刷株式会社,兵庫県,神戸市長田区,大橋町６丁目６番地,6530037
6140001015671,株式会社味萬,兵庫県,神戸市長田区,久保町６丁目１番１−１１６号,6530041
6140001015713,株式会社石倉商店,兵庫県,神戸市長田区,御船通１丁目１番地の１９,6530832
6140001015721,株式会社ＩＴＣ,兵庫県,神戸市長田区,若松町２丁目１番３号,6530038
6140001015754,株式会社上村産業,兵庫県,神戸市長田区,日吉町４丁目５番１６号,6530039
6140001015762,株式会社宇和川鉄工所,兵庫県,神戸市長田区,駒ケ林町６丁目１０番１０号,6530043
6140001015770,永豊興業株式会社,兵庫県,神戸市長田区,宮川町４丁目８−１−３０３,6530813
6140001015779,株式会社エスエスソフト,兵庫県,神戸市長田区,長田町８丁目６番２号,6530812
6140001015804,株式会社エレーヌ,兵庫県,神戸市長田区,御蔵通１丁目２番地,6530014
6140001015820,大塚建設株式会社,兵庫県,神戸市長田区,檜川町１丁目７番１２号,6530887
6140001015837,株式会社岡新質店,兵庫県,神戸市長田区,大橋町４丁目４番９−２０２号,6530037
6140001015861,小野興業株式会社,兵庫県,神戸市長田区,長楽町４丁目４番４号,6530054
6140001015878,株式会社カンコー,兵庫県,神戸市長田区,房王寺町６丁目１番４４号,6530801
6140001015886,関西倉庫株式会社,兵庫県,神戸市長田区,御蔵通２丁目１３番地１ウイング神戸１０７号,6530014
6140001015894,関西メーターシステム株式会社,兵庫県,神戸市長田区,菅原通１丁目高架下７０号沿,6530015
6140001015903,株式会社加藤商店,兵庫県,神戸市長田区,山下町２丁目３番１２号,6530852
6140001015911,金澤鐵工株式会社,兵庫県,神戸市長田区,三番町５丁目９番地,6530011
6140001015928,川崎エンジニアリング株式会社,兵庫県,神戸市長田区,川西通２丁目４番地,6530834
6140001015936,株式会社河田鉄工所,兵庫県,神戸市長田区,本庄町７丁目２番５号,6530053
6140001015944,カルモ木材株式会社,兵庫県,神戸市長田区,苅藻通１丁目１番２６号,6530032
6140001015952,株式会社オイシス,兵庫県,神戸市長田区,東尻池町２丁目５番３号,6530022
6140001015993,株式会社サンエージェント,兵庫県,神戸市長田区,大谷町３丁目１４番５６号,6530838
6140001016034,株式会社コウナン,兵庫県,神戸市長田区,御蔵通７丁目８番地の７,6530014
6140001016042,株式会社コーユー,兵庫県,神戸市長田区,大道通２丁目３番,6530833
6140001016075,株式会社駒栄鉄工,兵庫県,神戸市長田区,駒栄町４丁目３番６号,6530034
6140001016091,三晃建設株式会社,兵庫県,神戸市長田区,房王寺町４丁目７番２７号,6530801
6140001016109,サスコ株式会社,兵庫県,神戸市長田区,二葉町１０丁目２番１９号,6530042
6140001016117,株式会社佐藤工務店,兵庫県,神戸市長田区,長尾町１丁目７番４号,6530855
6140001016133,株式会社サノ洋服店,兵庫県,神戸市長田区,久保町５丁目１番１−１０８号,6530041
6140001016166,株式会社澤野商店,兵庫県,神戸市長田区,二葉町１０丁目２番１９号,6530042
6140001016174,株式会社神栄商事,兵庫県,神戸市長田区,滝谷町１丁目３番７号,6530881
6140001016182,株式会社ジェネシス,兵庫県,神戸市長田区,東尻池町２丁目８番７号,6530022
6140001016190,株式会社神康工業所,兵庫県,神戸市長田区,駒ケ林南町１番７７号,6530045
6140001016199,四国襖内装株式会社,兵庫県,神戸市長田区,野田町７丁目１番１９号,6530051
6140001016208,新成産業株式会社,兵庫県,神戸市長田区,浪松町２丁目２番４号,6530055
6140001016216,新潮物産株式会社,兵庫県,神戸市長田区,腕塚町１０丁目２番地２１号,6530036
6140001016224,シンメン株式会社,兵庫県,神戸市長田区,川西通５丁目１０２番地の７,6530834
6140001016240,株式会社正栄技研,兵庫県,神戸市長田区,腕塚町７丁目６番１２号,6530036
6140001016249,株式会社シューズ・セーラー,兵庫県,神戸市長田区,東尻池町２丁目１２番１５号,6530022
6140001016257,株式会社ダイイチ産業,兵庫県,神戸市長田区,菅原通７丁目５２美和ビル５階,6530015
6140001016265,昭和不動産株式会社,兵庫県,神戸市長田区,二葉町１０丁目１−６,6530042
6140001016273,株式会社白石組,兵庫県,神戸市長田区,片山町１丁目１５番２０号,6530805
6140001016298,株式会社成建,兵庫県,神戸市長田区,二葉町１０丁目３番２０号,6530042
6140001016307,誠和医療設備株式会社,兵庫県,神戸市長田区,丸山町３丁目４番２２号,6530875
6140001016315,株式会社センターコーテイング,兵庫県,神戸市長田区,上池田１丁目３番３４号,6530827
6140001016331,株式会社総研,兵庫県,神戸市長田区,長田天神町４丁目７番２−７０４号,6530882
6140001016356,大協磨鋼材株式会社,兵庫県,神戸市長田区,真野町１番３号,6530025
6140001016364,ダイシン化成株式会社,兵庫県,神戸市長田区,本庄町７丁目２番１号,6530053
6140001016389,株式会社大福,兵庫県,神戸市長田区,二葉町５丁目１番１−１２５号,6530042
6140001016414,株式会社宅の店,兵庫県,神戸市長田区,菅原通４丁目２０６番地の１１,6530015
6140001016422,株式会社宝油業,兵庫県,神戸市長田区,三番町４丁目９番地,6530011
6140001016430,辰巳自動車株式会社,兵庫県,神戸市長田区,明泉寺町３丁目３番９号,6530884
6140001016439,株式会社タケショー,兵庫県,神戸市長田区,久保町５丁目１番１−１０４号,6530041
6140001016447,株式会社棚野電器商会,兵庫県,神戸市長田区,本庄町５丁目３番２号,6530053
6140001016455,近田電機工業株式会社,兵庫県,神戸市長田区,駒栄町４丁目１番１３号,6530034
6140001016463,株式会社中燃,兵庫県,神戸市長田区,名倉町１丁目１番３号,6530883
6140001016496,株式会社トアセイコー,兵庫県,神戸市長田区,細田町５丁目２番２８号,6530835
6140001016505,東報サービス株式会社,兵庫県,神戸市長田区,蓮宮通２丁目３番７号,6530831
6140001016513,株式会社東洋商事,兵庫県,神戸市長田区,細田町４丁目１番２７号,6530835
6140001016521,特殊ゲル販売株式会社,兵庫県,神戸市長田区,久保町８丁目３番３号,6530041
6140001016538,株式会社内藤製作所,兵庫県,神戸市長田区,東尻池町６丁目３番６号,6530022
6140001016570,株式会社長田無線,兵庫県,神戸市長田区,長田町２丁目２番１号,6530812
6140001016579,中元建設株式会社,兵庫県,神戸市長田区,六番町２丁目４番地１５,6530002
6140001016595,株式会社ニシオカ,兵庫県,神戸市長田区,菅原通７丁目５−１浩洋ゴム３Ｆ,6530015
6140001016612,日進産業株式会社,兵庫県,神戸市長田区,神楽町６丁目３番１５号,6530836
6140001016620,日動ダイカスト株式会社,兵庫県,神戸市長田区,細田町１丁目４番１８号,6530835
6140001016629,日包クリーンパツク株式会社,兵庫県,神戸市長田区,大橋町６丁目６番地,6530037
6140001016645,阪嘉産商株式会社,兵庫県,神戸市長田区,東尻池町４丁目１番２５号,6530022
6140001016653,株式会社長谷商店,兵庫県,神戸市長田区,松野通３丁目７番２１号,6530841
6140001016678,株式会社濱口建設,兵庫県,神戸市長田区,東尻池町２丁目１２番２０号,6530022
6140001016694,株式会社ビーアール・小林,兵庫県,神戸市長田区,水笠通１丁目４番１３号,6530842
6140001016703,株式会社ビクトリー,兵庫県,神戸市長田区,西尻池町１丁目３番５号,6530031
6140001016711,株式会社七福,兵庫県,神戸市長田区,川西通１丁目１番１号,6530834
6140001016728,株式会社ヒラヤマデンキ,兵庫県,神戸市長田区,駒ケ林町１丁目１７番１９号,6530043
6140001016736,フクオカパッケージ株式会社,兵庫県,神戸市長田区,細田町３丁目５番１号,6530835
6140001016744,株式会社文具のスギハラ,兵庫県,神戸市長田区,大塚町１丁目８番１１号,6530811
6140001016752,株式会社藤井鉄工所,兵庫県,神戸市長田区,梅ケ香町２丁目１番３号,6530021
6140001016760,富士自動車工業株式会社,兵庫県,神戸市長田区,菅原通６丁目高架下１７０号地,6530015
6140001016769,藤原建設株式会社,兵庫県,神戸市長田区,腕塚町８丁目５番１号,6530036
6140001016802,平和産業株式会社,兵庫県,神戸市長田区,菅原通６丁目２番地,6530015
6140001016827,株式会社星野工作所,兵庫県,神戸市長田区,浜添通２丁目２番２８号,6530024
6140001016843,万喜ゴム工業株式会社,兵庫県,神戸市長田区,野田町９丁目４番１４号,6530051
6140001016851,株式会社増田製粉所,兵庫県,神戸市長田区,梅ケ香町１丁目１番１０号,6530021
6140001016868,まやタクシー株式会社,兵庫県,神戸市長田区,本庄町５丁目１番７号,6530053
6140001016876,マロール株式会社,兵庫県,神戸市長田区,大橋町２丁目１番３４号,6530037
6140001016884,丸信化学ゴム株式会社,兵庫県,神戸市長田区,西尻池町１丁目３番５号,6530031
6140001016926,三鈴株式会社,兵庫県,神戸市長田区,菅原通１丁目３番地,6530015
6140001016934,三ツ星ベルト株式会社,兵庫県,神戸市長田区,浜添通４丁目１番２１号,6530024
6140001016942,湊建設工業株式会社,兵庫県,神戸市長田区,西尻池町２丁目３番３０号,6530031
6140001016950,株式会社宮内商会,兵庫県,神戸市長田区,御屋敷通２丁目２番１号,6530843
6140001016959,宮田硝子株式会社,兵庫県,神戸市長田区,滝谷町１丁目６番５０４号,6530881
6140001016967,株式会社ＴＷＯ　ＳＴＥＰ,兵庫県,神戸市長田区,腕塚町４丁目４番１４号ライオンズマンション新長田１０１Ｂ号室,6530036
6140001016975,明興産業株式会社,兵庫県,神戸市長田区,苅藻通１丁目３番１号,6530032
6140001016991,桃平運輸株式会社,兵庫県,神戸市長田区,苅藻島町１丁目１番１２号,6530033
6140001017016,株式会社ヤマタ,兵庫県,神戸市長田区,庄田町４丁目７番９号,6530035
6140001017024,山中金物株式会社,兵庫県,神戸市長田区,腕塚町５丁目５番１−１０５号,6530036
6140001017032,山本興業株式会社,兵庫県,神戸市長田区,野田町５丁目２番１２号,6530051
6140001017040,株式会社遊亀,兵庫県,神戸市長田区,長田町１丁目１番１号,6530812
6140001017057,株式会社吉岡商店,兵庫県,神戸市長田区,庄田町４丁目３番地の３,6530035
6140001017065,株式会社ヨシミヤ,兵庫県,神戸市長田区,腕塚町３丁目１番１４号,6530036
6140001017115,神戸ウォータージェットカッティング株式会社,兵庫県,神戸市長田区,東尻池町９丁目１番３４号,6530022
6140001017172,神戸毎日警備保障株式会社,兵庫県,神戸市長田区,長田天神町４丁目５番１６号,6530882
6140001017180,株式会社神戸ヤマヨシ,兵庫県,神戸市長田区,大橋町９丁目５番１１号,6530037
6140001017189,日本カーボンクリエート株式会社,兵庫県,神戸市長田区,苅藻島町２丁目２番１１号,6530033
6140001017206,ウィングジャパン株式会社,兵庫県,神戸市長田区,滝谷町２丁目４番８号,6530881
6140001017214,株式会社兵庫蓄電池,兵庫県,神戸市長田区,海運町８丁目６番１４号,6530052
6140001017775,株式会社アクト,兵庫県,神戸市長田区,長者町１７番７号,6530866
6140001017940,株式会社マノスター販売,兵庫県,神戸市長田区,西尻池町１丁目２番３号,6530031
6140001019086,株式会社伍魚福,兵庫県,神戸市長田区,海運町８丁目６番地,6530052
6140001019920,イツキハウス産業株式会社,兵庫県,神戸市長田区,蓮宮通３丁目１番８号,6530831
6140001019986,株式会社万代建業,兵庫県,神戸市長田区,四番町７丁目１番地井上ビル１階,6530004
6140001020358,神戸互洋運送株式会社,兵庫県,神戸市長田区,駒ケ林南町１番１０１,6530045
6140001020374,株式会社ニューマルイ,兵庫県,神戸市長田区,腕塚町５丁目５番１号,6530036
6140001020639,株式会社高山運輸,兵庫県,神戸市長田区,二葉町４丁目４番１号,6530042
6140001020713,トータルエンジニアリング株式会社,兵庫県,神戸市長田区,高取山町１丁目１５番１０号,6530856
6140001020845,株式会社サテライトサン,兵庫県,神戸市長田区,房王寺町４丁目７番２７号,6530801
6140001021471,タツミ工業株式会社,兵庫県,神戸市長田区,苅藻通７丁目４番１号,6530032
6140001021802,株式会社ショウエイジャパン,兵庫県,神戸市長田区,本庄町４丁目１番１号,6530053
6140001021950,株式会社西井商店兵庫大阪生コン,兵庫県,神戸市長田区,苅藻島町１丁目１番３１号,6530033
6140001022445,株式会社神戸環境エンジニアリング,兵庫県,神戸市長田区,松野通２丁目２番２号千代田ビル,6530841
6140001022494,長田メディカルサービス商事株式会社,兵庫県,神戸市長田区,四番町７丁目２７,6530004
6140001022643,株式会社仁木塗装,兵庫県,神戸市長田区,松野通１丁目１１番６号,6530841
6140001023138,株式会社ファイブシーズヘルスケア,兵庫県,神戸市長田区,細田町６丁目１番２４号,6530835
6140001023187,株式会社ティ・エイチ・マネージメント,兵庫県,神戸市長田区,細田町４丁目１番２３号,6530835
6140001023336,ヴィンズインターナショナル株式会社,兵庫県,神戸市長田区,平和台町２丁目９番９号,6530854
6140001023360,株式会社西尾,兵庫県,神戸市長田区,庄山町２丁目１番２４号板宿ハイツ,6530853
6140001023848,株式会社フェルウェーレ,兵庫県,神戸市長田区,東尻池町４丁目３番２６号,6530022
6140001023922,株式会社タイムテーブル,兵庫県,神戸市長田区,細田町４丁目１番２３号,6530835
6140001024020,コスモ不動産株式会社,兵庫県,神戸市長田区,花山町２丁目１４番１６号,6530876
6140001024549,株式会社長栄,兵庫県,神戸市長田区,四番町１丁目１１番地の３３,6530004
6140001025340,株式会社ヤマトロードサービス,兵庫県,神戸市長田区,東尻池町５丁目２番８号,6530022
6140001025522,Ａプラン保険サービス株式会社,兵庫県,神戸市長田区,二葉町６丁目７番１−２０４,6530042
6140001025720,株式会社ウッデンウェア,兵庫県,神戸市長田区,前原町１丁目１４番２号,6530803
6140001026140,株式会社アスカ,兵庫県,神戸市長田区,庄山町２丁目１番２４号,6530853
6140001026207,株式会社桜Ｓｔｙｌｅ,兵庫県,神戸市長田区,久保町７丁目３−１,6530041
6140001026454,株式会社神戸建装社,兵庫県,神戸市長田区,苅藻島町３丁目５番２４号,6530033
6140001026891,株式会社浜野商店,兵庫県,神戸市長田区,大丸町１丁目１−５,6530806
6140001026941,エスアイエヌ株式会社,兵庫県,神戸市長田区,片山町５丁目１１番３−８０４号,6530805
6140001026990,株式会社建和,兵庫県,神戸市長田区,水笠通４丁目１番１−１０３号,6530842
6140001027675,株式会社銀乃龍,兵庫県,神戸市長田区,長楽町２丁目３番１７号,6530054
6140001027997,株式会社ＫＮ企画,兵庫県,神戸市長田区,大谷町３丁目１４番５１−７０１号,6530838
6140001028087,ＭＹＢ株式会社,兵庫県,神戸市長田区,大橋町９丁目５番４号,6530037
6140001028161,株式会社リッツ・コーポレーション,兵庫県,神戸市長田区,大道通１丁目１４番地フレール長田７１１号,6530833
6140001028327,株式会社岡本インテリア,兵庫県,神戸市長田区,梅ケ香町１丁目９番２号,6530021
6140001028574,朝長通信株式会社,兵庫県,神戸市長田区,長尾町１丁目８番６−４０５号,6530855
6140001028888,株式会社リラッセ,兵庫県,神戸市長田区,御船通５丁目６番９号,6530832
6140001029135,株式会社笹原商店,兵庫県,神戸市長田区,蓮宮通１丁目１９番地,6530831
6140001029242,株式会社ハマサキコーポレーション,兵庫県,神戸市長田区,房王寺町５丁目７番１３号,6530801
6140001029250,株式会社森総合建設事務所,兵庫県,神戸市長田区,駒ケ林町１丁目１−６,6530043
6140001029300,株式会社ワールドテック,兵庫県,神戸市長田区,久保町５丁目１−１アスタくにづか３番館２１５−２号,6530041
6140001029465,株式会社荘組,兵庫県,神戸市長田区,東尻池町６丁目１−２１,6530022
6140001030084,株式会社神戸興産,兵庫県,神戸市長田区,久保町３丁目１番２,6530041
6140001030274,株式会社モード大三,兵庫県,神戸市長田区,川西通１丁目８番地,6530834
6140001030407,株式会社富士高圧,兵庫県,神戸市長田区,東尻池町２丁目１１番６号,6530022
6140001030547,株式会社カーメイクショップ竹中ボディ,兵庫県,神戸市長田区,苅藻島町２丁目１５番３号,6530033
6140001030638,ホームテン株式会社,兵庫県,神戸市長田区,御蔵通２丁目１３番地１−２１０号,6530014
6140001031198,株式会社三宅商店,兵庫県,神戸市長田区,久保町６丁目１番１−１１１号,6530041
6140001031636,岡田鉄工株式会社,兵庫県,神戸市長田区,七番町６番地の１９,6530001
6140001031719,株式会社明照電工,兵庫県,神戸市長田区,名倉町１丁目１番５号,6530883
6140001031982,株式会社翔栄,兵庫県,神戸市長田区,細田町１丁目３番１７号,6530835
6140001032114,新星貿易株式会社,兵庫県,神戸市長田区,北町１丁目３４番,6530016
6140001032279,株式会社ミライズインターナショナル,兵庫県,神戸市長田区,大橋町２丁目１番６号,6530037
6140001032642,株式会社現代ワコーテック,兵庫県,神戸市長田区,菅原通７丁目３番地,6530015
6140001032650,株式会社エルフォーハウジング,兵庫県,神戸市長田区,松野通１丁目５番１９−２０３号,6530841
6140001032849,株式会社西村川魚店,兵庫県,神戸市長田区,久保町５丁目１番１−００６号−２,6530041
6140001032972,株式会社ＧＴメタル,兵庫県,神戸市長田区,水笠通４丁目５番２−８０７号,6530842
6140001032997,コーリュウ株式会社,兵庫県,神戸市長田区,細田町４丁目１番２０号,6530835
6140001033203,株式会社アルジェント,兵庫県,神戸市長田区,菅原通５丁目４３番４号,6530015
6140001033624,株式会社リオンエイト,兵庫県,神戸市長田区,腕塚町６丁目１−１６,6530036
6140001033723,Ｓ３株式会社,兵庫県,神戸市長田区,東尻池町６丁目４番７号,6530022
6140001038086,株式会社ドリーム,兵庫県,神戸市長田区,梅ケ香町２丁目５番６号,6530021
6140001038251,株式会社掌砂堂,兵庫県,神戸市長田区,若松町３丁目２番１５号,6530038
6140001042393,株式会社キャリーアウト,兵庫県,神戸市長田区,細田町４丁目１番２３号,6530835
6140001067449,株式会社脇水販売,兵庫県,神戸市長田区,房王寺町４丁目７番１３号,6530801
6140001067655,株式会社青山レジデンス,兵庫県,神戸市長田区,細田町１丁目３番１６号,6530835
6140001087570,株式会社ＩＮＴＲＹ,兵庫県,神戸市長田区,野田町４丁目１−２,6530051
6140001087785,株式会社アレクセル,兵庫県,神戸市長田区,駒栄町２丁目１番１７号,6530034
6140001087892,ｐｒｏｇｒｅｓｓｏ株式会社,兵庫県,神戸市長田区,神楽町４丁目４番４−１０２号,6530836
6140001088239,株式会社ＳＨＥＲＰＡ,兵庫県,神戸市長田区,西山町２丁目３番４０号,6530862
6140001088437,株式会社ヴァインオーク神戸,兵庫県,神戸市長田区,片山町４丁目２番４８号,6530805
6140001090211,株式会社篝,兵庫県,神戸市長田区,長楽町４丁目３番１０−１号,6530054
6140001091572,株式会社加藤商事,兵庫県,神戸市長田区,四番町８丁目１１番地,6530004
6140001091671,株式会社ＦＥＥＬ,兵庫県,神戸市長田区,大橋町１０丁目１番１１号,6530037
6140001091837,株式会社オネスト,兵庫県,神戸市長田区,二葉町９丁目８番７号,6530042
6140001092125,株式会社Ｂｒｉｇｈｔｏｍ,兵庫県,神戸市長田区,庄田町３丁目２番１３号フェリーチェ神戸Ａ１０１,6530035
6140001092645,株式会社ライフ・シンセリティ,兵庫県,神戸市長田区,大橋町５丁目３番１号,6530037
6140001093123,株式会社タカケン,兵庫県,神戸市長田区,六番町４丁目１番地の１１市住３６−０１３号,6530002
6140001093288,株式会社テリアメイド,兵庫県,神戸市長田区,長楽町３丁目２−２,6530054
6140001093379,株式会社ＭＣＴ　ＣＯＭＰＡＮＹ,兵庫県,神戸市長田区,若松町１丁目５番７号,6530038
6140001093445,株式会社クノスペン,兵庫県,神戸市長田区,山下町２丁目１番１０号,6530852
6140001093684,株式会社ｉｐｓｅ,兵庫県,神戸市長田区,御屋敷通５丁目２番１１号,6530843
6140001093841,株式会社ツカサ,兵庫県,神戸市長田区,庄山町３丁目１番２５号,6530853
6140001094856,株式会社東照,兵庫県,神戸市長田区,若松町２丁目１番９号３Ｆ,6530038
6140001094872,株式会社ＲＹＳ,兵庫県,神戸市長田区,長尾町２丁目１４番１９号,6530855
6140001095160,株式会社ベル・コモンズ,兵庫県,神戸市長田区,神楽町５丁目２番１８号,6530836
6140001095615,株式会社友吉,兵庫県,神戸市長田区,北町２丁目６２番地,6530016
6140001096811,株式会社ＳＰＴ,兵庫県,神戸市長田区,細田町２丁目１番３号,6530835
6140001097140,株式会社クレモト,兵庫県,神戸市長田区,菅原通７丁目１３番地,6530015
6140001097586,株式会社アステル,兵庫県,神戸市長田区,駒ケ林町１丁目９番１９号アネックス駒ケ林３０３号,6530043
6140001097710,株式会社大段木材,兵庫県,神戸市長田区,苅藻島町３丁目５番２４号,6530033
6140001098155,ＪＫアリエス株式会社,兵庫県,神戸市長田区,高取山町２丁目１０番２１号,6530856
6140001098477,株式会社フェンダー,兵庫県,神戸市長田区,五番町２丁目４番地,6530003
6140001099137,株式会社西田建設,兵庫県,神戸市長田区,鶯町１丁目２番３７号,6530871
6140001099376,株式会社ＳＭＩＬＥ　ＳＥＥＤ,兵庫県,神戸市長田区,六番町１丁目６番１６,6530002
6140001099426,株式会社プリマステラ,兵庫県,神戸市長田区,神楽町２丁目３番１号,6530836
6140001099525,株式会社ポルックス＆カストール,兵庫県,神戸市長田区,名倉町１丁目１番３号,6530883
6140001099608,株式会社福富建設,兵庫県,神戸市長田区,腕塚町１丁目１−１６,6530036
6140001099731,株式会社諏訪田鉄筋,兵庫県,神戸市長田区,池田上町６１番地の３９,6530824
6140001099946,株式会社ＶＫ−ｔｕｓｔｌｅ,兵庫県,神戸市長田区,久保町５丁目１番１−１０５号アスタくにづか３番館,6530041
6140001100226,株式会社中西商店,兵庫県,神戸市長田区,梅ケ香町２丁目２番２３号,6530021
6140001100770,株式会社ニーズ,兵庫県,神戸市長田区,二葉町４丁目６番１０号,6530042
6140001100960,株式会社メメントモリ,兵庫県,神戸市長田区,野田町８丁目５番１２号,6530051
6140001101208,株式会社Ｆｕｊｉ商事,兵庫県,神戸市長田区,大道通５丁目１０１番地の１５グランドーレ大道８０２号,6530833
6140001101430,株式会社進星,兵庫県,神戸市長田区,長者町１７番１３号,6530866
6140001101703,株式会社木下防水工業,兵庫県,神戸市長田区,西代通３丁目２番１２号,6530844
6140001101752,株式会社ＨＭ１,兵庫県,神戸市長田区,梅ケ香町１丁目６番４号,6530021
6140001101950,株式会社Ｎａｎｔｅｓ　Ｋｏｂｅ,兵庫県,神戸市長田区,腕塚町７丁目７−８ＧＷ腕塚ビル３０１,6530036
6140001102643,ＥＭＴジャパン株式会社,兵庫県,神戸市長田区,大橋町１丁目１−１０,6530037
6140001102899,世＿貿易株式会社,兵庫県,神戸市長田区,四番町１丁目１１−５９,6530004
6140001103154,株式会社玲瑜,兵庫県,神戸市長田区,水笠通１丁目１番５１号,6530842
6140001103567,株式会社Ｏｎｃｅ　ｌｉｆｅ,兵庫県,神戸市長田区,本庄町８丁目４番７号,6530053
6140001104012,株式会社プラスシグナル,兵庫県,神戸市長田区,若松町８丁目１番３０号巨人ビル北館５階,6530038
6140001104128,株式会社弥楽,兵庫県,神戸市長田区,細田町７丁目１番１５号,6530835
6140001104986,もっこすＴＷＩＮ株式会社,兵庫県,神戸市長田区,北町１丁目４５番地,6530016
6140001105522,株式会社ヒーモリ,兵庫県,神戸市長田区,日吉町４丁目１番４号ヒーモリビル２Ｆ,6530039
6140001105893,神戸ブラスト株式会社,兵庫県,神戸市長田区,東尻池町４丁目１０番１１号,6530022
6140001106586,株式会社ＥＶＡ．Ｂ,兵庫県,神戸市長田区,菅原通７丁目１１−３ロバートビル２階,6530015
6140001106611,株式会社だいち不動産,兵庫県,神戸市長田区,若松町１１丁目５番１７号,6530038
6140001106859,株式会社光真,兵庫県,神戸市長田区,菅原通７丁目１７８,6530015
6140001107106,イーエムネット株式会社,兵庫県,神戸市長田区,明泉寺町２丁目１番１７−６０１号,6530884
6140001107774,株式会社ＪＳ,兵庫県,神戸市長田区,大橋町５丁目３番１−８０７号,6530037
6140001108046,株式会社清和建工,兵庫県,神戸市長田区,大塚町１丁目１番１１号,6530811
6140001108194,株式会社ウザキ興産,兵庫県,神戸市長田区,御蔵通５丁目２０７番地の１,6530014
6140001108780,株式会社Ｒｉｎｇ,兵庫県,神戸市長田区,二葉町１丁目３番１５号,6530042
6140001109580,ＣＯＯＬ株式会社,兵庫県,神戸市長田区,滝谷町２丁目５番１１号,6530881
6140001109713,株式会社優英,兵庫県,神戸市長田区,寺池町２丁目１１−３,6530804
6140001110415,株式会社Ｎｅｘｔ　ｍｏｄｅ,兵庫県,神戸市長田区,菅原通７丁目５２美和ビル５Ｆ,6530015
6140001110935,株式会社フジモリ,兵庫県,神戸市長田区,御蔵通２丁目２,6530014
6140001111470,株式会社ＰＬＵＳＩＯ,兵庫県,神戸市長田区,苅藻通７丁目２番１１号,6530032
6140001111859,株式会社Ｇ＆Ｊ,兵庫県,神戸市長田区,大塚町６丁目１番４−１号,6530811
6140001112816,ＸＩＬＵＮ株式会社,兵庫県,神戸市長田区,日吉町４丁目１番４号ヒーモリビル３Ｆ,6530039
6140001113574,中晃プラント株式会社,兵庫県,神戸市長田区,滝谷町１丁目６番８１３号,6530881
6140001113871,嶺岡設備株式会社,兵庫県,神戸市長田区,細田町４丁目１−７−１Ｆ,6530835
6140001114432,株式会社吉川板金,兵庫県,神戸市長田区,松野通１丁目４番４号ダイワビル１Ｆ,6530841
6140001114845,和泉興産株式会社,兵庫県,神戸市長田区,鹿松町３丁目８番２１号,6530877
6140001116924,株式会社トップシアージャパン,兵庫県,神戸市長田区,東尻池町６丁目１番９号,6530022
6140001117690,株式会社日越,兵庫県,神戸市長田区,日吉町６丁目６番１９号,6530039
6140001117864,ヴィージェイ物産株式会社,兵庫県,神戸市長田区,西尻池町３丁目１番１９号中田ビル１Ｆ１０３号室,6530031
6140001118086,株式会社グローリア,兵庫県,神戸市長田区,滝谷町３丁目１番８号,6530881
6140001118474,株式会社まなび,兵庫県,神戸市長田区,松野通４丁目６−４,6530841
6140001118557,マスフィット株式会社,兵庫県,神戸市長田区,駒ケ林町５丁目１３番７号,6530043
6140001119662,株式会社ＲＯＯＴＳ,兵庫県,神戸市長田区,水笠通１丁目１番４６−３０７号,6530842
6140001120240,ＹＩＬＩＮ株式会社,兵庫県,神戸市長田区,長尾町１丁目７番１６号,6530855
6140001120554,株式会社山根商店,兵庫県,神戸市長田区,大丸町１丁目１０番７−１０７号,6530806
6140001120901,株式会社サンライズ,兵庫県,神戸市長田区,菅原通４丁目２０６番地の９,6530015
6140001121016,株式会社ＴＲＥＮＴＡ,兵庫県,神戸市長田区,野田町４丁目１番２号,6530051
6140001121453,株式会社ＺＥＲＯ　ＰＬＵＳ,兵庫県,神戸市長田区,五番町１丁目６−１１,6530003
6140001121858,株式会社縁,兵庫県,神戸市長田区,房王寺町２丁目３番２１号,6530801
6140001122030,株式会社大源工業,兵庫県,神戸市長田区,片山町１丁目１１番７号ロイヤルサクラ３０５号,6530805
6140001124522,株式会社ＭＯＡ,兵庫県,神戸市長田区,二葉町１丁目３番９号,6530042
6140001124803,株式会社カブシキ,兵庫県,神戸市長田区,房王寺町４丁目７番１３号,6530801
6140001124811,武江商事株式会社,兵庫県,神戸市長田区,駒ケ林町１丁目１６番６号,6530043
6140001125347,株式会社ＫＩＧ兵庫,兵庫県,神戸市長田区,細田町５丁目２番２５号ライオンビル東館２０３,6530835
6140001125446,株式会社リフォームみずとり,兵庫県,神戸市長田区,若松町１１丁目２番９号,6530038
6140001125504,株式会社サポート淡路島,兵庫県,神戸市長田区,明泉寺町２丁目４番３号,6530884
6140001126196,株式会社Ｕｌｕ,兵庫県,神戸市長田区,若松町３丁目３番２−２０２号,6530038
6140001126709,株式会社崇仁,兵庫県,神戸市長田区,駒ヶ林町２丁目１１−１２（２Ｆ）,6530043
6140001126865,株式会社梶正工業,兵庫県,神戸市長田区,東尻池町６丁目２番５号,6530022
6140001127046,株式会社Ｅｑｕａｌ,兵庫県,神戸市長田区,腕塚町９丁目７番１１号,6530036
6140001127186,株式会社ＡＲＣＨＥ,兵庫県,神戸市長田区,若松町２丁目１番３号,6530038
6140001127599,株式会社ＳＤＣホールディングス,兵庫県,神戸市長田区,若松町２丁目１番３号,6530038
6140001128060,ＰＭＢ株式会社,兵庫県,神戸市長田区,二葉町９丁目３番５号,6530042
6140001128622,株式会社ブルーバランス,兵庫県,神戸市長田区,東尻池町６丁目１−９−２,6530022
6140001128936,株式会社富士,兵庫県,神戸市長田区,鶯町３丁目４−１−１０２号,6530871
6140001129307,株式会社薫不動産,兵庫県,神戸市長田区,西山町１丁目１番１０号,6530862
6140001129934,ＡＮ　ＴＲＡＤＩＮＧ株式会社,兵庫県,神戸市長田区,雲雀ケ丘３丁目６−３ヴィラナリー雲雀ヶ丘３号棟３０２号,6530879
6140001130388,ＮＳＫ株式会社,兵庫県,神戸市長田区,六番町２丁目４番地の９,6530002
6140001130834,株式会社ＭＯＡ,兵庫県,神戸市長田区,東尻池町４丁目１−２７,6530022
6140001131213,株式会社ゼブラホーム,兵庫県,神戸市長田区,細田町４丁目１−７−１Ｆ,6530835
6140001131345,株式会社メテオリート,兵庫県,神戸市長田区,若松町３丁目２番１５−１０５号,6530038
6140001131527,ＦＡＳＴＩ株式会社,兵庫県,神戸市長田区,五番町３丁目１０番３２号棟０１９号,6530003
6140001132987,株式会社ＡＢＣ,兵庫県,神戸市長田区,大道通４丁目１番７号,6530833
6140001133011,ＱＡＤＥＥＲ　ＡＵＴＯＳ　ＴＲＡＤＩＮＧ株式会社,兵庫県,神戸市長田区,雲雀ヶ丘３丁目６−５ヴィラナリー雲雀ヶ丘５号棟４０９号,6530879
6140001133688,株式会社ＣＯＲＯＬＥ,兵庫県,神戸市長田区,片山町５丁目１１−３プリオーレ神戸山ノ手４０６,6530805
6140001134050,ユニゾンライフ株式会社,兵庫県,神戸市長田区,大谷町３丁目１４番４８号,6530838
6140001134785,ＪＩＮＤＯ株式会社,兵庫県,神戸市長田区,菅原通５丁目３１番地３０１,6530015
6140001134991,ユニゾンエステート株式会社,兵庫県,神戸市長田区,五位ノ池町２丁目１番１１号,6530851
6140001135115,株式会社ケーワークス,兵庫県,神戸市長田区,菅原通２丁目５０番地,6530015
6140001135494,株式会社Ｊ＆Ｃ,兵庫県,神戸市長田区,川西通３丁目１６番暁星ビル５階,6530834
6140001135841,ＣＡＲ　ＺＯＮＥ株式会社,兵庫県,神戸市長田区,長者町７−９親和ハウス１０３,6530866
6140001136286,株式会社ＹＥＬＬ,兵庫県,神戸市長田区,南駒栄町４番３号,6530044
6140001136889,株式会社元気幾何,兵庫県,神戸市長田区,高取山町２丁目９番４号,6530856
6140001136963,ＫＯＴＡ　ＢＡＳＥ株式会社,兵庫県,神戸市長田区,長田町４丁目２番２１号,6530812
6140001137689,吉川株式会社,兵庫県,神戸市長田区,腕塚町１丁目１番２３号芝ビル３０１,6530036
6140001137920,株式会社ｐｏｎｔｅｎ,兵庫県,神戸市長田区,海運町８丁目４番８号,6530052
6140001138118,株式会社本匠建設,兵庫県,神戸市長田区,駒ヶ林町１丁目１５番２０号,6530043
6140001138919,株式会社Ｅｂｅｌｌａ,兵庫県,神戸市長田区,菅原通２丁目１００−１−３０２,6530015
6140001139594,株式会社ＴＲＵＳＴ９,兵庫県,神戸市長田区,大日丘町２丁目３番１５号,6530872
6140001139743,株式会社世紀星,兵庫県,神戸市長田区,北町１丁目４９番地,6530016
6140001141253,株式会社正行,兵庫県,神戸市長田区,片山町２丁目１２番２５号,6530805
6140001141798,ＫＮＳ工業株式会社,兵庫県,神戸市長田区,庄山町１丁目１番１号,6530853
6140001141971,株式会社ＦＵＪＩＮＯ　ＨＯＬＤＩＮＧＳ,兵庫県,神戸市長田区,駒ケ林南町１番８号,6530045
6140001142086,株式会社Ｓｃｙｚ,兵庫県,神戸市長田区,東尻池町６丁目３番２１号,6530022
6140001142375,株式会社ＴＲＧホールディングス,兵庫県,神戸市長田区,苅藻島町２丁目１番２１号,6530033
6140001142508,株式会社ＯＲＩＧＡ,兵庫県,神戸市長田区,菅原通２丁目２３Ｎｏ．８８ビル３Ｆ,6530015
6140001142549,株式会社ふくや,兵庫県,神戸市長田区,五位ノ池町１丁目２番４号,6530851
6140002008311,株式会社オリエント興産,兵庫県,神戸市長田区,神楽町２丁目３番２号,6530836
6140002009029,株式会社のこ源,兵庫県,神戸市長田区,川西通１丁目１０番地,6530834
6140002022163,株式会社アックスプラン,兵庫県,神戸市長田区,片山町２丁目９−５,6530805
6140002023335,株式会社フクオカホールディングス,兵庫県,神戸市長田区,東尻池町３丁目４番２４号,6530022
6140002026123,スタイリッシュ株式会社,兵庫県,神戸市長田区,細田町１丁目４番１号,6530835
6140003003377,株式会社那谷,兵庫県,神戸市長田区,四番町７丁目２７番地,6530004
6140003003402,株式会社原田パン,兵庫県,神戸市長田区,六番町７丁目２番地,6530002
6140003015091,株式会社Ｍ・Ｙ・ＷＯＯＤ,兵庫県,神戸市長田区,苅藻島町３丁目７０番２号,6530033
7011001071584,株式会社フローラルグレイス,兵庫県,神戸市長田区,大橋町６丁目１−１,6530037
7120001057789,株式会社濱田電機製作所,兵庫県,神戸市長田区,松野通１丁目１２番１６号,6530841
7120001068761,株式会社ヌル,兵庫県,神戸市長田区,海運町５丁目１番２４号,6530052
7120001269541,未荷株式会社,兵庫県,神戸市長田区,長田天神町５丁目２−８−３Ｆ,6530882
7120001275614,ＳＩ　ＨＯＮＧ国際貿易株式会社,兵庫県,神戸市長田区,久保町２丁目２−１久保ハイツ１０１号,6530041
7140001003304,株式会社ケイビーシルク印刷,兵庫県,神戸市長田区,菅原通１丁目１,6530015
7140001006216,株式会社ティアールジー,兵庫県,神戸市長田区,苅藻島町２丁目１番２１号,6530033
7140001010267,株式会社ビィウエーブ,兵庫県,神戸市長田区,神楽町２丁目３−２東洋ビル西棟２階,6530836
7140001011637,株式会社ワイドシステムサービス,兵庫県,神戸市長田区,東尻池町２丁目２番１号,6530022
7140001012544,岩澤工業株式会社,兵庫県,神戸市長田区,久保町７丁目４番４号,6530041
7140001013617,株式会社司青果,兵庫県,神戸市長田区,寺池町２丁目５番５号,6530804
7140001013658,東亜産業株式会社,兵庫県,神戸市長田区,東尻池町６丁目１番２３号,6530022
7140001014152,前田木材工芸株式会社,兵庫県,神戸市長田区,菅原通７丁目１６番地の１,6530015
7140001014516,ワールドクルーサービス株式会社,兵庫県,神戸市長田区,滝谷町２丁目３番６号,6530881
7140001015200,株式会社タンタカ,兵庫県,神戸市長田区,西尻池町２丁目３番３３号,6530031
7140001015638,株式会社逢坂商店,兵庫県,神戸市長田区,腕塚町９丁目６番７号,6530036
7140001015654,株式会社秋山組,兵庫県,神戸市長田区,南駒栄町１番１５号,6530044
7140001015670,朝日タクシー株式会社,兵庫県,神戸市長田区,名倉町１丁目１番３号,6530883
7140001015679,アダチ興産株式会社,兵庫県,神戸市長田区,西尻池町１丁目３番８号,6530031
7140001015687,株式会社アミューズ,兵庫県,神戸市長田区,日吉町４丁目３番９号,6530039
7140001015695,阿波重機興業株式会社,兵庫県,神戸市長田区,雲雀ケ丘３丁目５番２４号,6530879
7140001015704,生島機工株式会社,兵庫県,神戸市長田区,西尻池町１丁目３番３５号,6530031
7140001015712,石川化成株式会社,兵庫県,神戸市長田区,梅ケ香町２丁目１番１１号,6530021
7140001015737,株式会社伊吹工務店,兵庫県,神戸市長田区,水笠通１丁目１番５５号,6530842
7140001015761,株式会社宇津原商会,兵庫県,神戸市長田区,二番町３丁目１番地,6530012
7140001015803,株式会社エラン,兵庫県,神戸市長田区,房王寺町７丁目１番７号,6530801
7140001015836,株式会社生頼組,兵庫県,神戸市長田区,川西通４丁目１０１番地の１０,6530834
7140001015844,株式会社奥地商店,兵庫県,神戸市長田区,苅藻島町３丁目１１番４３号,6530033
7140001015860,お多福衣料株式会社,兵庫県,神戸市長田区,久保町４丁目１番１号,6530041
7140001015869,オンワード国際株式会社,兵庫県,神戸市長田区,大橋町１丁目１番１０号プレシオス島田ビル５階,6530037
7140001015877,株式会社改森商店,兵庫県,神戸市長田区,五番町８丁目３番地の２,6530003
7140001015885,ニッタテクノソリューションズ株式会社,兵庫県,神戸市長田区,大橋町２丁目１番４号,6530037
7140001015902,加藤金型工業株式会社,兵庫県,神戸市長田区,二葉町１０丁目１番７号,6530042
7140001015910,兼三株式会社,兵庫県,神戸市長田区,梅ケ香町１丁目１番１５号,6530021
7140001015943,株式会社苅藻精密製作所,兵庫県,神戸市長田区,苅藻通７丁目４番１号,6530032
7140001015951,菊川汽罐工業株式会社,兵庫県,神戸市長田区,蓮宮通２丁目７番１号,6530831
7140001015968,株式会社ライトシャルム,兵庫県,神戸市長田区,御船通１丁目２番地の１,6530832
7140001015984,協和建物株式会社,兵庫県,神戸市長田区,野田町５丁目２番１２号,6530051
7140001016033,小板鉄工株式会社,兵庫県,神戸市長田区,苅藻通６丁目１番１３号,6530032
7140001016058,株式会社国光電気商会,兵庫県,神戸市長田区,五番町３丁目１１番地,6530003
7140001016074,児堀鉄工株式会社,兵庫県,神戸市長田区,東尻池町９丁目１番１２号,6530022
7140001016082,株式会社三営,兵庫県,神戸市長田区,東尻池町２丁目９番５号,6530022
7140001016108,三伸エンジニアリング株式会社,兵庫県,神戸市長田区,二番町２丁目２番１号,6530012
7140001016116,株式会社サトウ,兵庫県,神戸市長田区,丸山町３丁目１番３８号,6530875
7140001016140,三陽株式会社,兵庫県,神戸市長田区,若松町９丁目２番１３号,6530038
7140001016149,山陽フエルト工業株式会社,兵庫県,神戸市長田区,神楽町１丁目２番３号,6530836
7140001016157,株式会社三和建設,兵庫県,神戸市長田区,駒ケ林町３丁目６番３号,6530043
7140001016165,株式会社澤彫刻所,兵庫県,神戸市長田区,大谷町１丁目６番１４号,6530838
7140001016181,株式会社シーテック,兵庫県,神戸市長田区,浜添通６丁目１番２号,6530024
7140001016223,新芙蓉エンジニアリング株式会社,兵庫県,神戸市長田区,房王寺町６丁目１番４４号,6530801
7140001016248,正路金型工業株式会社,兵庫県,神戸市長田区,細田町２丁目２番１５号,6530835
7140001016256,株式会社シヤープ,兵庫県,神戸市長田区,神楽町２丁目３番２７号,6530836
7140001016272,株式会社尻池運送,兵庫県,神戸市長田区,東尻池町３丁目１番３号,6530022
7140001016297,株式会社スリーメリット,兵庫県,神戸市長田区,川西通５丁目１０２番地の９,6530834
7140001016322,銭屋電気株式会社,兵庫県,神戸市長田区,二葉町３丁目３番１号,6530042
7140001016339,大栄株式会社,兵庫県,神戸市長田区,七番町７番地の２,6530001
7140001016347,第一貿易株式会社,兵庫県,神戸市長田区,鶯町３丁目１番２１号,6530871
7140001016355,株式会社大久,兵庫県,神戸市長田区,久保町１丁目２番１８号,6530041
7140001016363,大伸クリエ株式会社,兵庫県,神戸市長田区,菅原通５丁目２番地,6530015
7140001016371,株式会社大将,兵庫県,神戸市長田区,松野通１丁目１１番２６号,6530841
7140001016396,大祐化学工業株式会社,兵庫県,神戸市長田区,細田町４丁目１番３号,6530835
7140001016405,竹内商事株式会社,兵庫県,神戸市長田区,二葉町８丁目３番２３号,6530042
7140001016413,高野護謨株式会社,兵庫県,神戸市長田区,日吉町３丁目１番１号,6530039
7140001016421,株式会社宝商事,兵庫県,神戸市長田区,久保町３丁目７番６号,6530041
7140001016446,タニデン株式会社,兵庫県,神戸市長田区,高取山町２丁目１６番７号１−Ｃ,6530856
7140001016462,町裝飾株式会社,兵庫県,神戸市長田区,久保町２丁目３番３号,6530041
7140001016487,株式会社寺西商店,兵庫県,神戸市長田区,長田天神町１丁目１４番５号,6530882
7140001016495,東光自動車興業株式会社,兵庫県,神戸市長田区,北町３丁目１番地,6530016
7140001016504,株式会社東峰建設,兵庫県,神戸市長田区,房王寺町２丁目６番８号,6530801
7140001016578,株式会社中橋商店,兵庫県,神戸市長田区,菅原通４丁目３４番地,6530015
7140001016603,西森鍍金工業株式会社,兵庫県,神戸市長田区,梅ケ香町２丁目１番１６号,6530021
7140001016611,日神工業株式会社,兵庫県,神戸市長田区,東尻池町８丁目２番３４号,6530022
7140001016628,株式会社日包コンピユーターサービス,兵庫県,神戸市長田区,大橋町６丁目６番地,6530037
7140001016652,阪神化工阪神商事株式会社,兵庫県,神戸市長田区,東尻池町５丁目２番３４号,6530022
7140001016660,株式会社万祥堂,兵庫県,神戸市長田区,萩乃町２丁目４番４号,6530873
7140001016669,株式会社八風堂,兵庫県,神戸市長田区,東尻池町２丁目５番３号,6530022
7140001016710,日高産業株式会社,兵庫県,神戸市長田区,苅藻島町１丁目１番１２号,6530033
7140001016719,兵和工業株式会社,兵庫県,神戸市長田区,菅原通１丁目３番地の１,6530015
7140001016727,株式会社広畑商店,兵庫県,神戸市長田区,上池田３丁目１７番２２号,6530827
7140001016735,株式会社フクオカ,兵庫県,神戸市長田区,東尻池町３丁目４番２４号,6530022
7140001016743,福司ゴム株式会社,兵庫県,神戸市長田区,菅原通７丁目４番地の１,6530015
7140001016776,藤吉工業株式会社,兵庫県,神戸市長田区,梅ケ香町１丁目１６番１２号,6530021
7140001016784,株式会社フューチャライン,兵庫県,神戸市長田区,神楽町２丁目３番１号,6530836
7140001016801,平和観光株式会社,兵庫県,神戸市長田区,若松町６丁目１番１号,6530038
7140001016834,株式会社ホリシン,兵庫県,神戸市長田区,川西通３丁目８,6530834
7140001016867,まや鋼業株式会社,兵庫県,神戸市長田区,真野町３番６号,6530025
7140001016875,マリーブ神戸中央販売株式会社,兵庫県,神戸市長田区,上池田６丁目７番１８号,6530827
7140001016883,株式会社マルセ,兵庫県,神戸市長田区,細田町４丁目１番２号,6530835
7140001016891,丸寿化学株式会社,兵庫県,神戸市長田区,日吉町４丁目１番６号,6530039
7140001016900,丸藤化学工業株式会社,兵庫県,神戸市長田区,御屋敷通１丁目４番１０−１０９号,6530843
7140001016909,丸善株式会社,兵庫県,神戸市長田区,腕塚町４丁目１番２号,6530036
7140001016917,株式会社三倉,兵庫県,神戸市長田区,菅原通７丁目１６番５号,6530015
7140001016941,ミナト機工株式会社,兵庫県,神戸市長田区,梅ケ香町２丁目１の３１,6530021
7140001016958,宮崎木材株式会社,兵庫県,神戸市長田区,腕塚町１丁目３番４号,6530036
7140001016974,株式会社明公,兵庫県,神戸市長田区,腕塚町４丁目１番２１号,6530036
7140001016982,富士恵タクシー株式会社,兵庫県,神戸市長田区,長尾町２丁目７番４号,6530855
7140001017015,山城機工株式会社,兵庫県,神戸市長田区,駒ケ林南町１番７９号,6530045
7140001017023,株式会社山忠商会,兵庫県,神戸市長田区,南駒栄町４番２１号,6530044
7140001017056,株式会社吉岡食品店,兵庫県,神戸市長田区,腕塚町５丁目３番１−００３,6530036
7140001017080,ラッキーベル株式会社,兵庫県,神戸市長田区,神楽町４丁目３番１号,6530836
7140001017089,株式会社リアル,兵庫県,神戸市長田区,名倉町１丁目１番２０号,6530883
7140001017114,株式会社ロビン,兵庫県,神戸市長田区,西尻池町２丁目５番１４号,6530031
7140001017139,神戸自動車工業株式会社,兵庫県,神戸市長田区,東尻池町３丁目１番３２号,6530022
7140001017147,神戸商事株式会社,兵庫県,神戸市長田区,野田町５丁目２番２号,6530051
7140001017163,神戸中央畜産荷受株式会社,兵庫県,神戸市長田区,苅藻通７丁目１番２０号,6530032
7140001017171,神戸毎日交通株式会社,兵庫県,神戸市長田区,長田天神町６丁目４番８号,6530882
7140001017188,株式会社日本海,兵庫県,神戸市長田区,西尻池町２丁目４番６号,6530031
7140001017196,日本電子サービス株式会社,兵庫県,神戸市長田区,西山町３丁目３番１０号,6530862
7140001017452,栗山塗料商事株式会社,兵庫県,神戸市長田区,北町１丁目３番地の２,6530016
7140001017675,株式会社高垣工務店,兵庫県,神戸市長田区,苅藻島町３丁目５２番地,6530033
7140001019085,株式会社フィールド・プラス,兵庫県,神戸市長田区,腕塚町９丁目５番６号,6530036
7140001019176,株式会社イーエッチ・ジャパン,兵庫県,神戸市長田区,細田町２丁目１番２０号,6530835
7140001019779,新長田まちづくり株式会社,兵庫県,神戸市長田区,久保町６丁目１番１−４０１号,6530041
7140001019829,株式会社クリーク,兵庫県,神戸市長田区,西山町４丁目１１番２６号,6530862
7140001019944,株式会社三鈴技研,兵庫県,神戸市長田区,長田町５丁目１番９号,6530812
7140001020200,株式会社ニューラッキー,兵庫県,神戸市長田区,若松町９丁目２番１１号,6530038
7140001021124,株式会社インテック,兵庫県,神戸市長田区,西丸山町２丁目１２番４号,6530874
7140001022015,三ツ星物流工産株式会社,兵庫県,神戸市長田区,浜添通４丁目１番２１号,6530024
7140001022485,株式会社オーケー物流サービス,兵庫県,神戸市長田区,御蔵通２丁目１番地１,6530014
7140001022576,アイビーメディカル株式会社,兵庫県,神戸市長田区,御蔵通５丁目２０５番地３,6530014
7140001022980,株式会社ビューフォート,兵庫県,神戸市長田区,御蔵通７丁目４３番地,6530014
7140001022997,株式会社ヒサミ,兵庫県,神戸市長田区,長楽町２丁目２番１６号,6530054
7140001023780,株式会社ＡＲＡＴＡ設計,兵庫県,神戸市長田区,二葉町６丁目７番１−２０２号,6530042
7140001023888,株式会社タムラ,兵庫県,神戸市長田区,西尻池町２丁目４番１４号,6530031
7140001024184,株式会社アルバ,兵庫県,神戸市長田区,若松町９丁目２番１１号,6530038
7140001024218,トーカイセキュリティ株式会社,兵庫県,神戸市長田区,神楽町２丁目３番１号第２丸鹿ビル２０４号,6530836
7140001024408,株式会社マルエ,兵庫県,神戸市長田区,六番町１丁目６−４,6530002
7140001024820,株式会社良洋,兵庫県,神戸市長田区,浜添通３丁目１−２５,6530024
7140001025067,株式会社八木建業,兵庫県,神戸市長田区,東尻池町１丁目４番４号,6530022
7140001025075,株式会社ネットワイ,兵庫県,神戸市長田区,菅原通６丁目７番地の１,6530015
7140001026602,株式会社ジャパンサービス神戸,兵庫県,神戸市長田区,松野通３丁目３番１５号,6530841
7140001026692,飯塚金属株式会社,兵庫県,神戸市長田区,戸崎通２丁目３番８号,6530845
7140001026981,株式会社ＳＵＮＳＥＴ・ＳＵＲＦ,兵庫県,神戸市長田区,梅ケ香町２丁目８番７号廣田ビル,6530021
7140001027212,株式会社Ｒ．Ｓ．Ｓ,兵庫県,神戸市長田区,鹿松町３丁目１番２６号,6530877
7140001027410,株式会社ＯＲさくら,兵庫県,神戸市長田区,大日丘町２丁目１０番１２号,6530872
7140001027550,株式会社石原製作所,兵庫県,神戸市長田区,駒ケ林南町１−７６,6530045
7140001027567,愛レイタク産業株式会社,兵庫県,神戸市長田区,駒ケ林町１丁目１３番７号,6530043
7140001027848,立東産業株式会社,兵庫県,神戸市長田区,川西通１丁目１６番１号,6530834
7140001028367,株式会社ＩＣＦ,兵庫県,神戸市長田区,丸山町４丁目６番１９号,6530875
7140001028549,株式会社ＤＩＬ,兵庫県,神戸市長田区,若松町２丁目１番９号,6530038
7140001028763,株式会社ラ・パルテール,兵庫県,神戸市長田区,若松町３丁目１番１号,6530038
7140001028978,株式会社三福,兵庫県,神戸市長田区,大橋町２丁目３番２号,6530037
7140001029002,株式会社アウェイク,兵庫県,神戸市長田区,御船通４丁目５−２,6530832
7140001029407,株式会社ゆた坊,兵庫県,神戸市長田区,長楽町２丁目３−１８,6530054
7140001029497,株式会社えむテクノロジー,兵庫県,神戸市長田区,池田上町４８番地の９メゾン上町２０１号,6530824
7140001029530,国際文化産業株式会社,兵庫県,神戸市長田区,六番町５丁目６番地の１,6530002
7140001029670,株式会社Ｋ・Ｓ・Ｐ,兵庫県,神戸市長田区,菅原通７丁目１４番１号丸和興産ビル１Ｆ,6530015
7140001029794,株式会社かずみ,兵庫県,神戸市長田区,若松町１１丁目３番１０号,6530038
7140001029893,株式会社Ｖａｌｏｒ　ＤＣ,兵庫県,神戸市長田区,細田町４丁目１番２３号４Ｆ,6530835
7140001030075,株式会社神戸ヘルスケアー,兵庫県,神戸市長田区,平和台町２丁目１８番４号,6530854
7140001030406,株式会社広海,兵庫県,神戸市長田区,日吉町４丁目１番１号,6530039
7140001030546,株式会社エフエイチシー,兵庫県,神戸市長田区,五番町８丁目１番地１１ヴィヴラサンク６０５,6530003
7140001030835,株式会社奥野ソフトウェア設計事務所,兵庫県,神戸市長田区,御蔵通４丁目２０３番地の５,6530014
7140001030950,株式会社オックス・ツー,兵庫県,神戸市長田区,駒ケ林町４丁目１０番１１号,6530043
7140001031008,ニシテック株式会社,兵庫県,神戸市長田区,檜川町２丁目１番５２号,6530887
7140001031024,株式会社ＫＡＴ空設,兵庫県,神戸市長田区,御蔵通３丁目２０１番地の１３,6530014
7140001031057,株式会社雄真,兵庫県,神戸市長田区,五番町２丁目６番３０号,6530003
7140001031189,イーストワード株式会社,兵庫県,神戸市長田区,若松町１丁目３番１１号キャッスルアート新長田１Ｆ,6530038
7140001031305,株式会社ユーティリンク,兵庫県,神戸市長田区,大谷町２丁目２番３０号,6530838
7140001031404,ユナイテッド・トレンド・ジャパン株式会社,兵庫県,神戸市長田区,細田町１丁目３番１６号,6530835
7140001031412,株式会社天神サービス,兵庫県,神戸市長田区,長田天神町５丁目２番１０−１,6530882
7140001031437,株式会社ハマショウ,兵庫県,神戸市長田区,名倉町２丁目３番１−２,6530883
7140001031453,株式会社ＷＩＺ,兵庫県,神戸市長田区,細田町３丁目１番２２号,6530835
7140001031734,株式会社モイネットシステム,兵庫県,神戸市長田区,松野通３丁目３−３−３階,6530841
7140001032245,株式会社アクトプラン,兵庫県,神戸市長田区,鶯町１丁目３番３号,6530871
7140001032393,株式会社Ｎ−１,兵庫県,神戸市長田区,北町２丁目１２番地の１,6530016
7140001032419,株式会社Ｒ．Ｗ,兵庫県,神戸市長田区,御蔵通７丁目２３,6530014
7140001032484,株式会社山本電建,兵庫県,神戸市長田区,五番町５丁目１番２号,6530003
7140001032955,株式会社Ｓ＆Ｋ,兵庫県,神戸市長田区,片山町３丁目７番９号,6530805
7140001033086,株式会社三國クリエート,兵庫県,神戸市長田区,神楽町２丁目３番２７号マックスビル３階,6530836
7140001033152,株式会社コウエイ,兵庫県,神戸市長田区,苅藻通５丁目５番７号,6530032
7140001033210,株式会社リンデン,兵庫県,神戸市長田区,苅藻島町３丁目７番１２号,6530033
7140001033243,ガス本舗株式会社,兵庫県,神戸市長田区,腕塚町２丁目１番１号,6530036
7140001033251,株式会社小林電気,兵庫県,神戸市長田区,檜川町１丁目１１番４号,6530887
7140001033441,株式会社香山電機,兵庫県,神戸市長田区,寺池町２丁目５の６,6530804
7140001033846,株式会社新井商店,兵庫県,神戸市長田区,腕塚町９丁目４番３号,6530036
7140001034134,株式会社ヘルス・ワン,兵庫県,神戸市長田区,庄山町１丁目４番３０号,6530853
7140001034175,株式会社アロット,兵庫県,神戸市長田区,腕塚町６丁目１番１６−１０３号,6530036
7140001034241,株式会社ラピパ,兵庫県,神戸市長田区,鹿松町１丁目５番１５号,6530877
7140001034373,株式会社兵庫福祉サービス,兵庫県,神戸市長田区,腕塚町６丁目１番３１号,6530036
7140001038110,株式会社フォーライフ,兵庫県,神戸市長田区,花山町２丁目１番３９号,6530876
7140001038151,神戸電工株式会社,兵庫県,神戸市長田区,苅藻島町２丁目２番３０号,6530033
7140001042260,株式会社長田中央商会,兵庫県,神戸市長田区,東尻池町２丁目６−５,6530022
7140001042376,株式会社菱陽企業,兵庫県,神戸市長田区,苅藻通７丁目２番１１号,6530032
7140001047144,株式会社黄地電工,兵庫県,神戸市長田区,御蔵通６丁目２０１番地５,6530014
7140001047160,株式会社シューズマスコット,兵庫県,神戸市長田区,細田町７丁目１番１５号アジアギャザリー３階１８号,6530835
7140001047474,亜細亜開発株式会社,兵庫県,神戸市長田区,大丸町２丁目１５番４号,6530806
7140001057127,オーパスワン神戸株式会社,兵庫県,神戸市長田区,川西通５丁目１０２番６号,6530834
7140001057275,株式会社ＭＡＮＩＸリィラボ,兵庫県,神戸市長田区,御屋敷通５丁目１番１６号,6530843
7140001057317,株式会社和合,兵庫県,神戸市長田区,駒ケ林町５丁目１７番１０号シティライフ２１長田１Ｆ,6530043
7140001058950,株式会社ケイエス,兵庫県,神戸市長田区,松野通３丁目５番１３号,6530841
7140001067687,株式会社伊藤商会,兵庫県,神戸市長田区,若松町１０丁目１番１−１０１号,6530038
7140001086381,株式会社ＦＢコーポレーション,兵庫県,神戸市長田区,神楽町２丁目２番１３号,6530836
7140001086621,株式会社インターリンク,兵庫県,神戸市長田区,大塚町１丁目１−１７,6530811
7140001086943,株式会社神戸ｉｅ物語,兵庫県,神戸市長田区,西山町２丁目２番５号,6530862
7140001087371,株式会社ＳＴＥＰ,兵庫県,神戸市長田区,御蔵通７丁目２３番地,6530014
7140001087636,株式会社長畑造園,兵庫県,神戸市長田区,鹿松町２丁目６番３号,6530877
7140001088576,エイショウシステム株式会社,兵庫県,神戸市長田区,庄山町２丁目５番１３号,6530853
7140001089153,バイオエコシステム株式会社,兵庫県,神戸市長田区,真野町７番１１号,6530025
7140001089698,アインワーカー株式会社,兵庫県,神戸市長田区,御蔵通３丁目２０６番地の１０,6530014
7140001089847,株式会社ＡＮＴＨＥＭ,兵庫県,神戸市長田区,御蔵通７丁目２３,6530014
7140001089913,株式会社崇和,兵庫県,神戸市長田区,大橋町１丁目２番１０号,6530037
7140001090029,ＳＫＯ株式会社,兵庫県,神戸市長田区,日吉町３丁目１番４号,6530039
7140001090210,株式会社ベル・ハート,兵庫県,神戸市長田区,苅藻通５丁目５−７ユウエイビル２Ｆ２０２号室,6530032
7140001090805,株式会社ファースト,兵庫県,神戸市長田区,大橋町５丁目３番１−１６０２,6530037
7140001091150,Ｄｍｅｔ　Ｈｏｌｄｉｎｇｓ株式会社,兵庫県,神戸市長田区,御蔵通７丁目２９番地,6530014
7140001091803,株式会社Ｓｈｉｎｋｏ．Ｅ．Ｓ,兵庫県,神戸市長田区,苅藻島町２丁目１番４５号,6530033
7140001091852,株式会社浩勝,兵庫県,神戸市長田区,片山町２丁目６番１４号,6530805
7140001092009,株式会社フィネス,兵庫県,神戸市長田区,駒ケ林町１丁目２番２号,6530043
7140001092041,株式会社エバーホーム,兵庫県,神戸市長田区,若松町４丁目２番１５号ピフレ新長田２階,6530038
7140001092933,ＦＳＫ商事株式会社,兵庫県,神戸市長田区,池田広町９番地,6530814
7140001093080,株式会社マルシンパッキング,兵庫県,神戸市長田区,苅藻通７丁目２番１１号,6530032
7140001094302,ステラ・インファント株式会社,兵庫県,神戸市長田区,菅原通５丁目１１番地,6530015
7140001094632,株式会社フォレスト,兵庫県,神戸市長田区,御屋敷通３丁目１番２号,6530843
7140001095738,株式会社金丸塗装工業,兵庫県,神戸市長田区,上池田３丁目１１番９号,6530827
7140001095928,株式会社エステック,兵庫県,神戸市長田区,若松町１丁目１−３,6530038
7140001096546,株式会社ＰＬＡＳＴ,兵庫県,神戸市長田区,腕塚町４丁目２番１号,6530036
7140001096926,株式会社プログレス,兵庫県,神戸市長田区,松野通２丁目２番３６号マーブルビル２階,6530841
7140001097338,株式会社風の丘,兵庫県,神戸市長田区,御蔵通５丁目２０５番地３長田すみれビル６階,6530014
7140001097718,株式会社ミーツラボ,兵庫県,神戸市長田区,久保町７丁目４番５号１Ｆ,6530041
7140001097809,株式会社アルファ,兵庫県,神戸市長田区,林山町１番地の６７,6530861
7140001098138,株式会社関西住宅設備,兵庫県,神戸市長田区,浜添通２丁目１番２−１号,6530024
7140001098237,株式会社ＡＲＶＡＳ,兵庫県,神戸市長田区,六番町１丁目４番１アロバスビル３Ｆ,6530002
7140001099598,株式会社＿明,兵庫県,神戸市長田区,海運町８丁目３番６号,6530052
7140001100778,株式会社青い鳥,兵庫県,神戸市長田区,東丸山町１０−５,6530886
7140001101586,株式会社三ッ星企画,兵庫県,神戸市長田区,蓮宮通５丁目１９番地,6530831
7140001101751,株式会社ＹＵＵＴＯ,兵庫県,神戸市長田区,若松町８丁目１番４号,6530038
7140001102015,株式会社神戸機設工業,兵庫県,神戸市長田区,御蔵通７丁目４２番地１０１号,6530014
7140001102741,チャオ株式会社,兵庫県,神戸市長田区,長楽町６丁目２番２９号チャレンジビル１階,6530054
7140001105050,株式会社ポートワン,兵庫県,神戸市長田区,御屋敷通３丁目１番２−１２０６号,6530843
7140001105190,コマテックエンジニア株式会社,兵庫県,神戸市長田区,前原町１丁目６番５−１号,6530803
7140001105257,株式会社石橋工業,兵庫県,神戸市長田区,大塚町１丁目９番２号木田コーポ１階北号,6530811
7140001105265,クラフト電工株式会社,兵庫県,神戸市長田区,東尻池町１丁目５番２０号,6530022
7140001105868,ＡＫカンパニー株式会社,兵庫県,神戸市長田区,菅原通１丁目７３番地の２,6530015
7140001107336,株式会社佐久間グループ,兵庫県,神戸市長田区,宮川町４丁目５番２号,6530813
7140001107699,株式会社ｎｅｗ　ｓｈｉｐ,兵庫県,神戸市長田区,海運町５丁目１番２４号,6530052
7140001108895,株式会社エイコウ,兵庫県,神戸市長田区,平和台町２丁目４番１０号,6530854
7140001108961,株式会社大橋組,兵庫県,神戸市長田区,五番町４丁目１番地４０２号,6530003
7140001110307,株式会社ＲＡＢＢＩＴ　ＫＮＯＴ,兵庫県,神戸市長田区,北町１丁目３０番,6530016
7140001110653,北鈴蘭台駅前再開発株式会社,兵庫県,神戸市長田区,二葉町５丁目１番３２号,6530042
7140001110736,株式会社マツノオ,兵庫県,神戸市長田区,房王寺町２丁目８番６−８０１号,6530801
7140001111536,株式会社アルベックス,兵庫県,神戸市長田区,菅原通６丁目１５番地の４,6530015
7140001112179,株式会社ヒロ,兵庫県,神戸市長田区,松野通２丁目２番２号,6530841
7140001112385,株式会社辻野鶏卵,兵庫県,神戸市長田区,御蔵通４丁目１０番地の１,6530014
7140001112402,株式会社ＤＳ,兵庫県,神戸市長田区,長者町１６番２２号,6530866
7140001112583,株式会社ＯＮＥ　ＳＴＥＰ,兵庫県,神戸市長田区,長田町７丁目２番地４号,6530812
7140001112633,株式会社Ｍｚ　ＣＲＥＡＴＥ,兵庫県,神戸市長田区,腕塚町３丁目５番１９号,6530036
7140001112880,ＦｏＸＧｅａｒ株式会社,兵庫県,神戸市長田区,若松町３丁目３番２号１１０４号,6530038
7140001113012,株式会社ハウストラスト,兵庫県,神戸市長田区,前原町１丁目１８番１５号,6530803
7140001113607,栄和建設株式会社,兵庫県,神戸市長田区,六番町５丁目４番地の２,6530002
7140001114126,株式会社ひかるケアサービス,兵庫県,神戸市長田区,北町１丁目３９番地の１,6530016
7140001114274,株式会社ＥＶＥＲＥＳＴ,兵庫県,神戸市長田区,苅藻通４丁目８番６号,6530032
7140001115041,株式会社ＨＡＴ,兵庫県,神戸市長田区,東尻池町４丁目５番４−２号,6530022
7140001115438,株式会社Ｇ２,兵庫県,神戸市長田区,西丸山町３丁目３−５グリーンコーポ花山３０６,6530874
7140001116675,株式会社ティーエムエス,兵庫県,神戸市長田区,御蔵通７丁目４３番地,6530014
7140001117418,株式会社アデランテ,兵庫県,神戸市長田区,三番町４丁目１１番地の１市住３１−５０１号,6530011
7140001119364,株式会社ＩＫＥＮＯ,兵庫県,神戸市長田区,日吉町４丁目３番９号青山ビル３Ｆ,6530039
7140001120413,株式会社ＭＡＮＹ,兵庫県,神戸市長田区,丸山町３丁目１番３６号,6530875
7140001120487,株式会社ＲＳＫロジスティクス,兵庫県,神戸市長田区,野田町８丁目５番３号,6530051
7140001121139,株式会社神戸そよ風,兵庫県,神戸市長田区,大橋町５丁目３−１アスタプラザイースト３０７,6530037
7140001121270,ＥＳＳＥ株式会社,兵庫県,神戸市長田区,久保町３丁目６番９号サンライズＡ２０２,6530041
7140001121378,株式会社森のコアラ,兵庫県,神戸市長田区,五番町５丁目４番地の１,6530003
7140001121972,株式会社ＤＡＳＨＩＮＧ,兵庫県,神戸市長田区,梅ケ香町１丁目１８−２５,6530021
7140001122079,株式会社ナインボール,兵庫県,神戸市長田区,長田町１丁目２番４号（２０１号）,6530812
7140001122541,株式会社みのり,兵庫県,神戸市長田区,房王寺町４丁目７番１２号ロイヤルコートナグラ１Ｆ,6530801
7140001124075,株式会社コネクト防災,兵庫県,神戸市長田区,野田町４丁目２−２,6530051
7140001125437,株式会社ＨＳ,兵庫県,神戸市長田区,御蔵通５丁目５番地,6530014
7140001125445,株式会社オキテック,兵庫県,神戸市長田区,野田町７丁目７番１１−１号,6530051
7140001126006,株式会社ＡＺＵ,兵庫県,神戸市長田区,上池田１丁目７番８号,6530827
7140001127838,株式会社阿部総建,兵庫県,神戸市長田区,海運町５丁目１番１２号,6530052
7140001129289,株式会社ナガタガレーヂ,兵庫県,神戸市長田区,長尾町２丁目１７番１０号,6530855
7140001129677,株式会社ＬＩＦＥＯＮＥ　ＨＯＭＥ,兵庫県,神戸市長田区,平和台町２丁目４番１３−１０１号,6530854
7140001130263,株式会社エミライフプラス,兵庫県,神戸市長田区,御屋敷通４丁目１−２３、３Ｆ,6530843
7140001130750,株式会社ウル設備,兵庫県,神戸市長田区,片山町１丁目１５番１６−２号,6530805
7140001130998,株式会社ＬＩＢＥＲＴＡ,兵庫県,神戸市長田区,若松町３丁目３番２−２０２号,6530038
7140001131245,株式会社渡邉工業,兵庫県,神戸市長田区,雲雀ヶ丘３丁目６番３−２０６号,6530879
7140001131633,ＢＢＣｏｎｓｕｌｔｉｎｇ株式会社,兵庫県,神戸市長田区,雲雀ケ丘３丁目６番４−３０８号,6530879
7140001132862,ＥＮＧＵＵ・ＥＮＧＵＵ株式会社,兵庫県,神戸市長田区,東尻池町７丁目９−９清雲荘４０３号室,6530022
7140001133349,株式会社ＳＵエコシステム,兵庫県,神戸市長田区,腕塚町５丁目２番１号新長田キャンパスプラザ５階兵庫県立大学新長田ブランチ内,6530036
7140001133992,株式会社くらし工房,兵庫県,神戸市長田区,浪松町２丁目２番１８号２階,6530055
7140001134396,株式会社ＢｅＴｈｅＯｎｅ,兵庫県,神戸市長田区,大橋町１０丁目１番９号,6530037
7140001135436,ＮＩＮＥ株式会社,兵庫県,神戸市長田区,細田町３丁目４番３−２号,6530835
7140001135634,株式会社Ｒａｉｓｅ,兵庫県,神戸市長田区,日吉町６丁目６番１８号,6530039
7140001136599,株式会社マルヨネ食品,兵庫県,神戸市長田区,二葉町２丁目６番６号,6530042
7140001136624,ＥＭラボマニュファクチャリング株式会社,兵庫県,神戸市長田区,水笠通１丁目４−１３,6530842
7140001137300,株式会社ｎａｍ,兵庫県,神戸市長田区,宮川町１丁目１６番地の１,6530813
7140001137374,港ダイニング株式会社,兵庫県,神戸市長田区,細田町７丁目１番９号,6530835
7140001137936,株式会社エクレールハウジング,兵庫県,神戸市長田区,西代通１丁目４番２１号,6530844
7140001138422,株式会社ＳＥＮＳＩＮ,兵庫県,神戸市長田区,東尻池町４丁目１番２９号,6530022
7140001138736,甘露株式会社,兵庫県,神戸市長田区,庄田町２丁目５番１１−８０１号,6530035
7140001138769,ＴｈｒｅｅＭ’ｓ株式会社,兵庫県,神戸市長田区,松野通２丁目２番３４号,6530841
7140001139560,株式会社ＲＳＧ,兵庫県,神戸市長田区,五番町２丁目５番地,6530003
7140001140155,株式会社ＳＲｗｉｌｌ,兵庫県,神戸市長田区,野田町４丁目２番５号,6530051
7140001141070,Ｋ．Ｂ．ＥＳＴＡＴＥ株式会社,兵庫県,神戸市長田区,五位ノ池町２丁目１番１１号,6530851
7140001141137,ユースティック株式会社,兵庫県,神戸市長田区,東尻池町７丁目９−９−４１６,6530022
7140001141418,ＤａｉｃｈｉＨｏｍｅ株式会社,兵庫県,神戸市長田区,大橋町７丁目１番１号ファインレジデンス神戸新長田,6530037
7140001141616,株式会社あのね,兵庫県,神戸市長田区,松野通３丁目２番１４号,6530841
7140001142028,株式会社ふのぼり,兵庫県,神戸市長田区,神楽町４丁目２−２５神楽町四丁目ビル２階,6530836
7140001142291,ＹＡＭＡＤＡ　ＡＵＴＯ株式会社,兵庫県,神戸市長田区,浪松町５丁目１番１９号,6530055
7140001142449,株式会社古郡,兵庫県,神戸市長田区,若松町１１丁目６−８−１階,6530038
7140002029975,ジャパンホテルズ株式会社,兵庫県,神戸市長田区,上池田３丁目１７番１６号,6530827
7290001105746,株式会社ＲＩＶＥＲ　ＲＵＮ,兵庫県,神戸市長田区,細田町１丁目３番１６号ｏｎｅｋｎｏｔｔｒａｄｅｓ長田ビル４階,6530835
8010901004082,株式会社コガ,兵庫県,神戸市長田区,滝谷町２丁目６番２４号,6530881
8021001079155,株式会社ＲＥＳＩＬＩＥ,兵庫県,神戸市長田区,本庄町５丁目８−９,6530053
8040001105646,株式会社ＴＥＣＨＤＲＥＡＭ,兵庫県,神戸市長田区,菅原通２丁目１００番地１−３０４,6530015
8060001035478,アップトゥユー株式会社,兵庫県,神戸市長田区,菅原通７丁目４１番１号ゴールドウッズシューズタウンビル４０１,6530015
8120001028665,株式会社奥田鉄工所,兵庫県,神戸市長田区,水笠通６丁目５番４号,6530842
8120001154957,１０１株式会社,兵庫県,神戸市長田区,雲雀ケ丘３丁目６番４−３０８号,6530879
8120001214835,株式会社おかげさまで,兵庫県,神戸市長田区,六番町４丁目１番１０−３６−１４,6530002
8120001236730,株式会社十色,兵庫県,神戸市長田区,菅原通２丁目２３Ｎｏ．８８ビル３Ｆ,6530015
8120101067902,株式会社ななか,兵庫県,神戸市長田区,蓮宮通５丁目４番１号,6530831
8120901032139,株式会社ＫＡＯ‐Ｎ,兵庫県,神戸市長田区,房王寺町６丁目１番２１号,6530801
8120901032551,株式会社メドコア,兵庫県,神戸市長田区,本庄町８丁目１番３号,6530053
8122001028884,株式会社ナニワホールディングス,兵庫県,神戸市長田区,西尻池町３丁目１番６号,6530031
8122001034073,令和建設株式会社,兵庫県,神戸市長田区,山下町１丁目２−８荒木ビル１Ｆ,6530852
8140001001372,株式会社グッズ,兵庫県,神戸市長田区,川西通１丁目８番地,6530834
8140001003195,株式会社カナック,兵庫県,神戸市長田区,名倉町５丁目１番２号,6530883
8140001005943,株式会社アドバンス,兵庫県,神戸市長田区,二葉町３丁目３番８号,6530042
8140001006917,株式会社学校教材センター,兵庫県,神戸市長田区,上池田５丁目４番１３号,6530827
8140001009416,ディーエヌエーマグテック日本株式会社,兵庫県,神戸市長田区,久保町５丁目１番１号,6530041
8140001011553,株式会社ユニオン・データーサービス,兵庫県,神戸市長田区,滝谷町３丁目３番２５号,6530881
8140001011925,神戸交通振興株式会社,兵庫県,神戸市長田区,松野通１丁目２番１号新長田地下鉄ビル,6530841
8140001012114,株式会社神戸飯店,兵庫県,神戸市長田区,腕塚町５丁目５番１号,6530036
8140001012733,角田土木株式会社,兵庫県,神戸市長田区,長田町５丁目２番１５号コート宮北１０５号,6530812
8140001013013,光洋電機株式会社,兵庫県,神戸市長田区,日吉町３丁目１番１８号,6530039
8140001013995,株式会社百番目のティ・シャツ,兵庫県,神戸市長田区,檜川町１丁目３番２号,6530887
8140001014639,神戸六甲タクシー株式会社,兵庫県,神戸市長田区,菅原通４丁目２０２番地の３,6530015
8140001014671,日本経営分析センター株式会社,兵庫県,神戸市長田区,長田町１丁目２番１７号,6530812
8140001015579,株式会社ビリーブ,兵庫県,神戸市長田区,庄田町４丁目９−８,6530035
8140001015653,株式会社赤松工務店,兵庫県,神戸市長田区,長田町７丁目１番２１号,6530812
8140001015661,株式会社アサダ,兵庫県,神戸市長田区,長楽町６丁目２番１０号,6530054
8140001015678,アドコン印刷株式会社,兵庫県,神戸市長田区,西尻池町１丁目３番２３号,6530031
8140001015686,株式会社アムテック,兵庫県,神戸市長田区,菅原通７丁目１３番地,6530015
8140001015728,株式会社インテリアさんのみや,兵庫県,神戸市長田区,平和台町３丁目３番７号,6530854
8140001015736,株式会社稲垣ミシン商会,兵庫県,神戸市長田区,若松町３丁目１番２−１０２号,6530038
8140001015744,株式会社魚勝,兵庫県,神戸市長田区,五番町８丁目１番地の１５,6530003
8140001015760,宇津原株式会社,兵庫県,神戸市長田区,二番町３丁目２番地の１,6530012
8140001015777,株式会社エガオ屋,兵庫県,神戸市長田区,御屋敷通２丁目５番７号,6530843
8140001015793,愛媛商運株式会社,兵庫県,神戸市長田区,南駒栄町１番５号,6530044
8140001015810,株式会社大路工務店,兵庫県,神戸市長田区,久保町９丁目５番７号,6530041
8140001015835,株式会社大山商店,兵庫県,神戸市長田区,前原町２丁目５番１０号,6530803
8140001015851,株式会社岡本鉄工所,兵庫県,神戸市長田区,菅原通１丁目５番地の６,6530015
8140001015876,カープラザ関西株式会社,兵庫県,神戸市長田区,東尻池町６丁目１番２４号,6530022
8140001015901,片岡商事株式会社,兵庫県,神戸市長田区,松野通１丁目５番２３号,6530841
8140001015918,株式会社カフェックス,兵庫県,神戸市長田区,西尻池町１丁目３番３７号,6530031
8140001015926,株式会社川口文庫,兵庫県,神戸市長田区,雲雀ケ丘２丁目３番１３号,6530879
8140001015934,株式会社河内紙工所,兵庫県,神戸市長田区,御屋敷通１丁目３番４号,6530843
8140001015942,株式会社カルム,兵庫県,神戸市長田区,野田町５丁目２−１２,6530051
8140001015959,北浦建設株式会社,兵庫県,神戸市長田区,長尾町２丁目１８番地,6530855
8140001015967,株式会社キノワ商事,兵庫県,神戸市長田区,菅原通５丁目２番地,6530015
8140001015975,株式会社協信,兵庫県,神戸市長田区,水笠通３丁目５番１１号,6530842
8140001015983,共和化成株式会社,兵庫県,神戸市長田区,苅藻島町２丁目１番２５号,6530033
8140001015991,株式会社久保,兵庫県,神戸市長田区,西尻池町２丁目４番２０号,6530031
8140001016016,株式会社元禄本舗,兵庫県,神戸市長田区,二葉町２丁目７番５号,6530042
8140001016032,株式会社高東電子,兵庫県,神戸市長田区,高東町１丁目７番１６号,6530867
8140001016065,株式会社コジマ,兵庫県,神戸市長田区,大橋町１丁目１番２２号,6530037
8140001016073,株式会社小原,兵庫県,神戸市長田区,苅藻島町３丁目５番２６号,6530033
8140001016098,株式会社迫水建築設計事務所,兵庫県,神戸市長田区,細田町６丁目１番７号,6530835
8140001016107,三清ゴム工業株式会社,兵庫県,神戸市長田区,長楽町６丁目２番１３号,6530054
8140001016115,山商株式会社,兵庫県,神戸市長田区,御屋敷通３丁目１番１号,6530843
8140001016123,株式会社サントス,兵庫県,神戸市長田区,駒ケ林南町２番２４号,6530045
8140001016131,株式会社三宮オイル丸山給油所,兵庫県,神戸市長田区,西丸山町２丁目２番８号,6530874
8140001016148,山陽電気鉄道株式会社,兵庫県,神戸市長田区,御屋敷通３丁目１番１号,6530843
8140001016156,三和交通株式会社,兵庫県,神戸市長田区,名倉町１丁目１番３号,6530883
8140001016164,澤田興産株式会社,兵庫県,神戸市長田区,細田町７丁目１番１５号,6530835
8140001016172,株式会社神栄興業,兵庫県,神戸市長田区,西尻池町２丁目５番６号,6530031
8140001016180,晋越工業株式会社,兵庫県,神戸市長田区,鶯町３丁目２番１７号,6530871
8140001016189,神港衛生株式会社,兵庫県,神戸市長田区,苅藻島町２丁目２番１１号,6530033
8140001016206,シグマ建設工業株式会社,兵庫県,神戸市長田区,北町１丁目３番地の４,6530016
8140001016222,シバノ設備株式会社,兵庫県,神戸市長田区,蓮宮通２丁目１０番５号,6530831
8140001016255,株式会社ジョイント,兵庫県,神戸市長田区,梅ケ香町２丁目８番２０号,6530021
8140001016263,株式会社昭和製作所,兵庫県,神戸市長田区,菅原通６丁目３番地,6530015
8140001016313,仙石産業株式会社,兵庫県,神戸市長田区,松野通１丁目８番１号,6530841
8140001016321,銭神工業株式会社,兵庫県,神戸市長田区,西尻池町２丁目４番１１号,6530031
8140001016338,株式会社ソノエデザイン工房,兵庫県,神戸市長田区,五位ノ池町４丁目９番２号,6530851
8140001016354,大神戸製靴株式会社,兵庫県,神戸市長田区,御蔵通７丁目４２番地,6530014
8140001016362,大成金属商事株式会社,兵庫県,神戸市長田区,東丸山町２番１３号,6530886
8140001016370,株式会社大樹,兵庫県,神戸市長田区,大日丘町１丁目３番６号,6530872
8140001016379,ダイドー産業株式会社,兵庫県,神戸市長田区,神楽町２丁目３番９号,6530836
8140001016395,太陽交通株式会社,兵庫県,神戸市長田区,二番町４丁目７−２,6530012
8140001016404,株式会社竹内建設,兵庫県,神戸市長田区,六番町２丁目６番地の１,6530002
8140001016412,株式会社キズナックスエコロジー神戸,兵庫県,神戸市長田区,苅藻通６丁目３番２号,6530032
8140001016429,株式会社橘屋,兵庫県,神戸市長田区,庄山町２丁目２番１号,6530853
8140001016445,株式会社田中務補商店,兵庫県,神戸市長田区,苅藻島町３丁目１２番２４号,6530033
8140001016461,中国ゴム工業株式会社,兵庫県,神戸市長田区,東尻池町５丁目２番２８号,6530022
8140001016478,株式会社ティガ,兵庫県,神戸市長田区,菅原通７丁目１７８番,6530015
8140001016486,株式会社テレシステム,兵庫県,神戸市長田区,長田町８丁目６番２号,6530812
8140001016494,東海建設株式会社,兵庫県,神戸市長田区,房王寺町７丁目１２番１５号,6530801
8140001016511,株式会社トーヨーテック,兵庫県,神戸市長田区,菅原通７丁目１１−２,6530015
8140001016560,兼正商業株式会社,兵庫県,神戸市長田区,長田町１丁目１番１号,6530812
8140001016569,株式会社中谷鉄工所,兵庫県,神戸市長田区,御船通４丁目１番地,6530832
8140001016577,中根油業株式会社,兵庫県,神戸市長田区,四番町３丁目２番地,6530004
8140001016585,株式会社中安商店,兵庫県,神戸市長田区,駒ケ林町３丁目１６番１２号,6530043
8140001016593,名村木材株式会社,兵庫県,神戸市長田区,苅藻島町３丁目２番２７号,6530033
8140001016610,日華貿易株式会社,兵庫県,神戸市長田区,四番町１丁目１１番地の５９,6530004
8140001016635,株式会社ニユーヒカリ,兵庫県,神戸市長田区,長田町３丁目２番１２号,6530812
8140001016643,株式会社パインズ,兵庫県,神戸市長田区,五位ノ池町１丁目１番３号,6530851
8140001016668,株式会社畑中電気商会,兵庫県,神戸市長田区,庄山町２丁目２番１２号,6530853
8140001016676,株式会社花元商事,兵庫県,神戸市長田区,鶯町４丁目６番１１号,6530871
8140001016684,早水電機工業株式会社,兵庫県,神戸市長田区,海運町２丁目５番１１号,6530052
8140001016692,ハリマ環境開発株式会社,兵庫県,神戸市長田区,苅藻島町２丁目２番１１号,6530033
8140001016701,東田護謨化工株式会社,兵庫県,神戸市長田区,東尻池町２丁目１１番６号,6530022
8140001016718,株式会社ヒューマン・カンパニー,兵庫県,神戸市長田区,日吉町３丁目１番２８号,6530039
8140001016734,株式会社フォルトファイナンス,兵庫県,神戸市長田区,四番町７丁目６番３号,6530004
8140001016742,株式会社福富工業所,兵庫県,神戸市長田区,若松町９丁目２番３号,6530038
8140001016775,株式会社富士屋呉服店,兵庫県,神戸市長田区,二葉町４丁目３番１号,6530042
8140001016791,株式会社プリンテ,兵庫県,神戸市長田区,浜添通１丁目４番１７号,6530024
8140001016809,株式会社ベルスポット,兵庫県,神戸市長田区,西尻池町１丁目３番５号丸信ビル６階,6530031
8140001016825,株式会社細川社寺巧藝社,兵庫県,神戸市長田区,上池田４丁目１１番５号,6530827
8140001016833,株式会社堀井金物,兵庫県,神戸市長田区,腕塚町３丁目４番１２号,6530036
8140001016841,毎日自動車工業株式会社,兵庫県,神戸市長田区,長田天神町４丁目５番１２号,6530882
8140001016858,松林工業株式会社,兵庫県,神戸市長田区,菅原通３丁目６番地の１,6530015
8140001016866,株式会社マヒデ,兵庫県,神戸市長田区,若松町２丁目２番９号,6530038
8140001016882,株式会社丸強建設工業,兵庫県,神戸市長田区,東尻池町３丁目４番１７号,6530022
8140001016890,丸昌印刷工業株式会社,兵庫県,神戸市長田区,上池田１丁目３番３８号,6530827
8140001016908,株式会社丸祐,兵庫県,神戸市長田区,若松町１丁目１番３号,6530038
8140001016916,株式会社三國製靴,兵庫県,神戸市長田区,神楽町２丁目３番２７号マックスビル,6530836
8140001016924,溝口産業株式会社,兵庫県,神戸市長田区,長田町５丁目１番９号,6530812
8140001016940,株式会社ミナト工業所,兵庫県,神戸市長田区,梅ケ香町２丁目３番２号,6530021
8140001016957,ミヤザキハウス株式会社,兵庫県,神戸市長田区,久保町１丁目３番１３号,6530041
8140001016965,ミラノ化学株式会社,兵庫県,神戸市長田区,久保町５丁目１番１−１７０３号,6530041
8140001016973,村田建設株式会社,兵庫県,神戸市長田区,池田新町１１番地の１７,6530825
8140001016981,株式会社メガテック,兵庫県,神戸市長田区,房王寺町６丁目１番４４号,6530801
8140001017014,株式会社山善産業,兵庫県,神戸市長田区,戸崎通２丁目３番１５号,6530845
8140001017030,株式会社山平屋商店,兵庫県,神戸市長田区,庄山町２丁目２番５号,6530853
8140001017055,吉岡興業株式会社,兵庫県,神戸市長田区,苅藻通３丁目６番９号,6530032
8140001017071,株式会社ライオン,兵庫県,神戸市長田区,細田町５丁目２番２５号,6530835
8140001017088,株式会社リーベ,兵庫県,神戸市長田区,川西通２丁目５番地,6530834
8140001017096,菱華石油サービス株式会社,兵庫県,神戸市長田区,長楽町７丁目１番２６号,6530054
8140001017121,株式会社ＫＫ管理,兵庫県,神戸市長田区,上池田６丁目８番２３号,6530827
8140001017138,神戸繊化工業株式会社,兵庫県,神戸市長田区,海運町５丁目１番２４号,6530052
8140001017162,株式会社神戸電灯,兵庫県,神戸市長田区,久保町３丁目１番３号,6530041
8140001017170,株式会社神戸マーク,兵庫県,神戸市長田区,御屋敷通６丁目２番１１号,6530843
8140001017179,神戸山治木材株式会社,兵庫県,神戸市長田区,苅藻島町３丁目１番１４号,6530033
8140001017220,株式会社兵庫モータース製作所,兵庫県,神戸市長田区,苅藻通２丁目２番２７号,6530032
8140001017311,エール・プロセス株式会社,兵庫県,神戸市長田区,神楽町２丁目３番９号ダイドービル３階,6530836
8140001017501,三京住宅株式会社,兵庫県,神戸市長田区,鹿松町１丁目３番２１号,6530877
8140001018029,株式会社山本組,兵庫県,神戸市長田区,滝谷町３丁目１０番１号,6530881
8140001018763,株式会社藤野組,兵庫県,神戸市長田区,駒ケ林南町１番８,6530045
8140001018805,株式会社舞子ホテル,兵庫県,神戸市長田区,御屋敷通３丁目１番１号,6530843
8140001019092,ベアー株式会社,兵庫県,神戸市長田区,細田町２丁目１番３号,6530835
8140001019150,株式会社日向建設,兵庫県,神戸市長田区,御蔵通２丁目１３番地の１,6530014
8140001019704,株式会社夢神戸,兵庫県,神戸市長田区,若松町９丁目２番１１号,6530038
8140001020067,株式会社ロックエコ,兵庫県,神戸市長田区,高取山町２丁目２１番１６号,6530856
8140001020232,光陽電工株式会社,兵庫県,神戸市長田区,西代通３丁目５番８号,6530844
8140001020249,株式会社リ・ライフ,兵庫県,神戸市長田区,東尻池町９丁目１番１３号,6530022
8140001020661,株式会社ティティティ．トレィディング,兵庫県,神戸市長田区,御屋敷通１丁目３−９,6530843
8140001020810,リンク・トレイディング株式会社,兵庫県,神戸市長田区,四番町６丁目３７番１号,6530004
8140001021404,森豊運送株式会社,兵庫県,神戸市長田区,梅ケ香町２丁目１番３号,6530021
8140001021536,株式会社神戸ながたティ・エム・オー,兵庫県,神戸市長田区,久保町６丁目１番１−４０１号,6530041
8140001021668,株式会社ネット・ドゥ,兵庫県,神戸市長田区,大橋町５丁目３番１・４０３号,6530037
8140001021998,イシン株式会社,兵庫県,神戸市長田区,一番町５丁目１番地の１,6530013
8140001022955,株式会社デオステック,兵庫県,神戸市長田区,宮川町１丁目８番３０１,6530813
8140001023235,摂津貿易株式会社,兵庫県,神戸市長田区,池田上町５０番地の１,6530824
8140001023490,株式会社ライオンズ警備保障,兵庫県,神戸市長田区,御屋敷通１丁目２番地２号廣瀬ビル２Ｆ２０２号,6530843
8140001023862,株式会社ルーク,兵庫県,神戸市長田区,神楽町２丁目３番２号東洋ビル３Ｆ東,6530836
8140001024010,三交興産株式会社,兵庫県,神戸市長田区,菅原通５丁目高架下第１４３号,6530015
8140001024167,株式会社マミアン,兵庫県,神戸市長田区,細田町２丁目２番１１号,6530835
8140001024175,株式会社トリビュート,兵庫県,神戸市長田区,若松町１１丁目５番１７号,6530038
8140001024407,ティアールジーエキスプレス株式会社,兵庫県,神戸市長田区,苅藻島町２丁目１番２１号,6530033
8140001024596,ビ・トライブ株式会社,兵庫県,神戸市長田区,若松町１１丁目５番１７号,6530038
8140001024670,株式会社スタジオバケットＢ,兵庫県,神戸市長田区,若松町１丁目１−３ポリマーセンター３Ｆ,6530038
8140001024778,株式会社Ａ　ａｎｄ　Ｍ,兵庫県,神戸市長田区,若松町４丁目２番１５号−１０６,6530038
8140001024935,株式会社ソフトケア,兵庫県,神戸市長田区,二葉町６丁目７番１,6530042
8140001025116,株式会社藤原広告,兵庫県,神戸市長田区,駒ケ林南町１７−５,6530045
8140001025413,株式会社ギャラリー・ゼン,兵庫県,神戸市長田区,南駒栄町３番８号,6530044
8140001025495,株式会社サイバーメッド,兵庫県,神戸市長田区,浜添通２丁目１番５号,6530024
8140001025561,コトカミゴム株式会社,兵庫県,神戸市長田区,神楽町４丁目２番２５号,6530836
8140001025578,株式会社神鹿開発,兵庫県,神戸市長田区,大道通４丁目１番７号,6530833
8140001025586,株式会社イーモード,兵庫県,神戸市長田区,大日丘町２丁目１番地,6530872
8140001025603,株式会社上田製作所,兵庫県,神戸市長田区,駒ケ林南町１番７６号,6530045
8140001025909,株式会社和美粋,兵庫県,神戸市長田区,大谷町３丁目１６番６号,6530838
8140001026312,株式会社丸中製作所,兵庫県,神戸市長田区,久保町４丁目１番５号,6530041
8140001026477,株式会社サトー神戸ビリーブＧ,兵庫県,神戸市長田区,庄田町３丁目５番１０−１０３号,6530035
8140001026642,株式会社Ｖｏｉｃｅ　Ｌｏｇｉｓｔｉｃｓ,兵庫県,神戸市長田区,若松町４丁目２番１５−１６０５号,6530038
8140001026824,株式会社スパラボ,兵庫県,神戸市長田区,大谷町１丁目６番２２号,6530838
8140001027013,株式会社都産業,兵庫県,神戸市長田区,五番町３丁目７−１−３３−１０６,6530003
8140001027054,株式会社シエテ,兵庫県,神戸市長田区,西尻池町１丁目２番３６号,6530031
8140001027203,株式会社ニッコーテック,兵庫県,神戸市長田区,庄田町１丁目６番７号,6530035
8140001027277,フジ・サービス株式会社,兵庫県,神戸市長田区,若松町８丁目５番地,6530038
8140001027376,株式会社ピノ,兵庫県,神戸市長田区,若松町２丁目１番２０号,6530038
8140001027806,株式会社ホームメイク,兵庫県,神戸市長田区,松野通４丁目２番３２号,6530841
8140001027814,株式会社貴田工業,兵庫県,神戸市長田区,本庄町３丁目３番１０号,6530053
8140001027888,ＪＣ商事株式会社,兵庫県,神戸市長田区,本庄町６丁目３−７−１,6530053
8140001027921,株式会社バディコーポレーション,兵庫県,神戸市長田区,御船通４丁目５番２号,6530832
8140001028176,株式会社西畑組工業,兵庫県,神戸市長田区,前原町１丁目１番１２号,6530803
8140001028234,株式会社サーボアームサービス,兵庫県,神戸市長田区,神楽町４丁目３番８号サーボアームビル,6530836
8140001028366,株式会社イシハラ防災,兵庫県,神戸市長田区,神楽町３丁目８番６号,6530836
8140001028713,株式会社ロンタム,兵庫県,神戸市長田区,川西通１丁目１番１号,6530834
8140001028738,株式会社シューズケリー,兵庫県,神戸市長田区,神楽町２丁目３番１号,6530836
8140001029018,株式会社ヴェルデ,兵庫県,神戸市長田区,堀切町１８番６号,6530885
8140001029083,株式会社クリアログ,兵庫県,神戸市長田区,神楽町２丁目３−１第２丸鹿ビル２０２号,6530836
8140001029141,株式会社松岡工作所,兵庫県,神戸市長田区,本庄町８丁目２番３号,6530053
8140001029174,株式会社アドバンス,兵庫県,神戸市長田区,宮川町５丁目６番８号,6530813
8140001029471,株式会社アッサ,兵庫県,神戸市長田区,御蔵通６丁目５０,6530014
8140001029488,ファースト・コン・アート株式会社,兵庫県,神戸市長田区,西代通４丁目１番８号,6530844
8140001029521,株式会社プライム,兵庫県,神戸市長田区,四番町８丁目１２番地クルーセ長田駅前１２０６号,6530004
8140001029728,株式会社ＷＡＰコーポレーション,兵庫県,神戸市長田区,大橋町５丁目３番１号,6530037
8140001029802,秋山製靴株式会社,兵庫県,神戸市長田区,神楽町３丁目２−１８,6530836
8140001029967,株式会社ヨシタニ,兵庫県,神戸市長田区,萩乃町３丁目５番３０−１号,6530873
8140001029991,株式会社森貞鈑金店,兵庫県,神戸市長田区,長楽町３丁目６番６号,6530054
8140001030066,株式会社加藤不動産,兵庫県,神戸市長田区,北町１丁目５４,6530016
8140001030520,株式会社アルテサーノ,兵庫県,神戸市長田区,鹿松町１丁目３番２１号,6530877
8140001030693,株式会社ａｉねっと,兵庫県,神戸市長田区,大橋町５丁目３番１号,6530037
8140001030792,株式会社ペーパーライト,兵庫県,神戸市長田区,苅藻通３丁目６番１９号,6530032
8140001032450,株式会社神戸っ子出版,兵庫県,神戸市長田区,東尻池町２丁目９番１７号,6530022
8140001032599,三貴電気工事株式会社,兵庫県,神戸市長田区,苅藻通４丁目２−１２,6530032
8140001032871,株式会社Ｔｏｐ　Ｆｉｅｌｄ,兵庫県,神戸市長田区,苅藻島町１丁目１番４９号,6530033
8140001033192,株式会社レディアント,兵庫県,神戸市長田区,神楽町５丁目２番１８号,6530836
8140001033283,株式会社田中電工,兵庫県,神戸市長田区,日吉町６丁目６番１０号,6530039
8140001033531,株式会社サイクルスクエア,兵庫県,神戸市長田区,腕塚町５丁目５−１−１０２,6530036
8140001033630,フォーカスシステム株式会社,兵庫県,神戸市長田区,海運町７丁目１番１８号,6530052
8140001033705,イカリ食品株式会社,兵庫県,神戸市長田区,若松町５丁目２番１アスタプラザファースト１１４,6530038
8140001034075,株式会社カネモト,兵庫県,神戸市長田区,六番町２丁目６番地,6530002
8140001034100,株式会社ＡＰＵＲＯ,兵庫県,神戸市長田区,西尻池町２丁目５番１４号,6530031
8140001034265,株式会社山矢建築,兵庫県,神戸市長田区,高取山町２丁目２２番６−３０８号,6530856
8140001035791,株式会社コージー,兵庫県,神戸市長田区,東尻池町１丁目７番１１号,6530022
8140001038019,株式会社ＤＳ,兵庫県,神戸市長田区,神楽町３丁目７番２号,6530836
8140001042185,株式会社ココナックス,兵庫県,神戸市長田区,大谷町３丁目２４番３号,6530838
8140001047226,株式会社ブエナ,兵庫県,神戸市長田区,細田町２丁目１番３号,6530835
8140001057084,株式会社ＳＰＳ,兵庫県,神戸市長田区,御蔵通７丁目４２番地,6530014
8140001057175,株式会社コカブ,兵庫県,神戸市長田区,苅藻通１丁目１番１７号,6530032
8140001057398,株式会社花暦,兵庫県,神戸市長田区,二葉町３丁目９番１３号,6530042
8140001067496,株式会社富久寿,兵庫県,神戸市長田区,松野通１丁目７番７号,6530841
8140001067579,株式会社いっちゃん,兵庫県,神戸市長田区,大橋町５丁目３番１−１１３号,6530037
8140001074451,株式会社あいぷらす,兵庫県,神戸市長田区,海運町２丁目１番２号,6530052
8140001074732,株式会社あおぞら,兵庫県,神戸市長田区,花山町２丁目１０番８号地下１階,6530876
8140001077603,株式会社一心,兵庫県,神戸市長田区,野田町５丁目２番１２号,6530051
8140001077735,株式会社Ｃｈｉｌｄ　Ｅｎｔｅｒｔａｉｎｍｅｎｔ,兵庫県,神戸市長田区,大橋町１丁目１番７号田中ビル３０１号,6530037
8140001086595,株式会社かなえ堂,兵庫県,神戸市長田区,二葉町７丁目２番６号,6530042
8140001086612,株式会社ナストロ,兵庫県,神戸市長田区,五番町８丁目１７番地,6530003
8140001087024,株式会社Ｇリーフ,兵庫県,神戸市長田区,五番町４丁目３０番地２９−１０８号,6530003
8140001087949,株式会社Ｉ．Ｃ,兵庫県,神戸市長田区,若松町１０丁目２番１号,6530038
8140001089524,株式会社松野,兵庫県,神戸市長田区,神楽町３丁目４番１０号,6530836
8140001089821,株式会社豊川工業,兵庫県,神戸市長田区,長楽町５丁目１番１０号,6530054
8140001091190,株式会社Ｃａｒｅ　Ｇａｒｄｅｎ,兵庫県,神戸市長田区,松野通１丁目５番２２号片岡商事ビル２階,6530841
8140001092081,福億商事株式会社,兵庫県,神戸市長田区,六番町５番地１２−２,6530000
8140001092627,加東ソーラー発電株式会社,兵庫県,神戸市長田区,浪松町５丁目１番１９号,6530055
8140001093187,株式会社セーフウェイ,兵庫県,神戸市長田区,御蔵通７丁目４２番地３０１号室,6530014
8140001093410,株式会社巨成,兵庫県,神戸市長田区,水笠通５丁目７−８,6530842
8140001093633,株式会社児玉,兵庫県,神戸市長田区,本庄町７丁目２番１号,6530053
8140001094268,株式会社太田工業,兵庫県,神戸市長田区,東尻池町５丁目２番２５−２号,6530022
8140001094474,株式会社港島商会,兵庫県,神戸市長田区,若松町３丁目２番４−８０４号,6530038
8140001094730,株式会社オーエフシー,兵庫県,神戸市長田区,東尻池町１丁目１−１３サンスノービル１Ｆ,6530022
8140001095266,株式会社アールティージャパン,兵庫県,神戸市長田区,若松町５丁目２番１号,6530038
8140001095423,株式会社セリウズ,兵庫県,神戸市長田区,西尻池町１丁目２番３６号,6530031
8140001095638,株式会社ゴミトル,兵庫県,神戸市長田区,苅藻島町１丁目１番４３号,6530033
8140001095976,株式会社ＴＡＴ,兵庫県,神戸市長田区,細田町３丁目１番２２号,6530835
8140001096487,株式会社ｆｅｌｉｚ　ｃａｓａ,兵庫県,神戸市長田区,若松町５丁目２番１号アスタプラザファースト２０３号,6530038
8140001096710,株式会社西崎鉄工所,兵庫県,神戸市長田区,苅藻通７丁目４番１２号,6530032
8140001096933,株式会社上田工業,兵庫県,神戸市長田区,駒ケ林町４丁目６番１３号,6530043
8140001097122,株式会社プラス,兵庫県,神戸市長田区,梅ケ香町１丁目５番９号,6530021
8140001097824,株式会社河瀬組,兵庫県,神戸市長田区,久保町４丁目８番１０号ワインベール新長田１０２号,6530041
8140001098285,Ｆｕｔｅ　ａｒｔｅ株式会社,兵庫県,神戸市長田区,高取山町２丁目２２番６−７０５号,6530856
8140001098368,株式会社宝樹,兵庫県,神戸市長田区,大塚町１丁目８−１１プレノ長田１０９,6530811
8140001098640,株式会社アールピーエフ,兵庫県,神戸市長田区,神楽町５丁目３−２０−４０１,6530836
8140001098723,株式会社恵中商事,兵庫県,神戸市長田区,雲雀ケ丘３丁目６番４−３０８号,6530879
8140001099135,ハルビジネスコンサルタント株式会社,兵庫県,神戸市長田区,御屋敷通６丁目１番７号,6530843
8140001099168,株式会社桂,兵庫県,神戸市長田区,片山町５丁目７番９号,6530805
8140001099234,ＴＬＳ株式会社,兵庫県,神戸市長田区,久保町５丁目１番１−２００４号,6530041
8140001099390,株式会社ＡＴＯＭＡ,兵庫県,神戸市長田区,宮川町１丁目１番８号,6530813
8140001100298,株式会社Ｒｅｓｐｏｎｓｅ　Ｃｒｅａｔｅ,兵庫県,神戸市長田区,苅藻通３丁目７番７号,6530032
8140001100769,株式会社ＭＥＴ　ＫＯＢＥ,兵庫県,神戸市長田区,腕塚町７丁目７番８号ＧＷ腕塚ビル３０１号室,6530036
8140001100991,株式会社ＦＲＫ,兵庫県,神戸市長田区,西尻池町３丁目１番１９号,6530031
8140001101073,長久株式会社,兵庫県,神戸市長田区,東尻池町１丁目６２番地の１,6530022
8140001103821,株式会社宏偉商事,兵庫県,神戸市長田区,四番町３丁目４−３０,6530004
8140001104373,株式会社フードワークス,兵庫県,神戸市長田区,菅原通４丁目２０３−３,6530015
8140001105917,株式会社ＣＯＯＬ　ＳＡＰＰＨＩＲＥ,兵庫県,神戸市長田区,日吉町４丁目１番１号,6530039
8140001105941,株式会社ヴィガレスト,兵庫県,神戸市長田区,長田町６丁目２番１号,6530812
8140001106015,株式会社小波潜水,兵庫県,神戸市長田区,細田町３丁目４−６−１,6530835
8140001106089,株式会社平沼商店,兵庫県,神戸市長田区,川西通４丁目１０１−１,6530834
8140001107351,株式会社丸宮,兵庫県,神戸市長田区,大塚町９丁目１番７号,6530811
8140001107384,株式会社マーレジャパンホールディングス,兵庫県,神戸市長田区,西尻池町２丁目４番６号,6530031
8140001108523,Ｋ．Ｓ．ロジャース株式会社,兵庫県,神戸市長田区,名倉町２丁目１番２７号,6530883
8140001109018,株式会社ビオラボ,兵庫県,神戸市長田区,苅藻通１丁目４番９号,6530032
8140001110363,翔株式会社,兵庫県,神戸市長田区,明泉寺町２丁目６番１５号,6530884
8140001110636,宗オート貿易株式会社,兵庫県,神戸市長田区,二葉町７丁目１−３４,6530042
8140001110710,株式会社ＡＬＬＥＹ　ＳＵＰＥＲＮＯＶＡ,兵庫県,神戸市長田区,久保町５丁目１−１−６０４,6530041
8140001113283,株式会社アーク住宅設備,兵庫県,神戸市長田区,御船通４丁目８番１−７号室,6530832
8140001113572,株式会社ダニー,兵庫県,神戸市長田区,北町３丁目１,6530016
8140001113845,株式会社ウェルテック,兵庫県,神戸市長田区,長尾町１丁目７番２７号高取台ハイツ１階,6530855
8140001114050,株式会社ＲＩＳＩＮＧ,兵庫県,神戸市長田区,駒ヶ林町２丁目１１−１２（１Ｆ）,6530043
8140001114199,ＡＳサービス株式会社,兵庫県,神戸市長田区,腕塚町１０丁目１番３号,6530036
8140001114579,株式会社ＯＫＣサービス,兵庫県,神戸市長田区,高取山町２丁目２２番６−４０４号,6530856
8140001114653,ユニオンシーク株式会社,兵庫県,神戸市長田区,大道通４丁目１０２−６,6530833
8140001114752,フロイラ株式会社,兵庫県,神戸市長田区,片山町２丁目９番１７号,6530805
8140001114959,株式会社ルーチェ,兵庫県,神戸市長田区,真野町１−３,6530025
8140001115313,株式会社角田製作所,兵庫県,神戸市長田区,梅ケ香町２丁目１番３号,6530021
8140001115899,株式会社洋一,兵庫県,神戸市長田区,細田町３丁目７−５,6530835
8140001115949,ＦＫ建築株式会社,兵庫県,神戸市長田区,御屋敷通６丁目２−１３−１階,6530843
8140001116278,株式会社ナッツ＆クラムス,兵庫県,神戸市長田区,御屋敷通５丁目２番１号スペラーレ２０３,6530843
8140001116385,株式会社ＴＫＳ商会,兵庫県,神戸市長田区,苅藻島町１丁目１番５５号,6530033
8140001117359,株式会社森本建設,兵庫県,神戸市長田区,西尻池町２丁目３番７−９０３号,6530031
8140001117508,ＪＧＣ株式会社,兵庫県,神戸市長田区,西山町４丁目２１番２０号,6530862
8140001117680,株式会社渡辺建匠,兵庫県,神戸市長田区,大日丘町１丁目１３番１６号,6530872
8140001118159,ＲａｙＭｉｘ１Ｅｎｔｅｒｔａｉｎｍｅｎｔ株式会社,兵庫県,神戸市長田区,海運町２丁目１−２,6530052
8140001118316,株式会社せいこう,兵庫県,神戸市長田区,大橋町３丁目１番１５−１５０６号,6530037
8140001118357,ビーアライアンス株式会社,兵庫県,神戸市長田区,大橋町５丁目３番１号アスタプラザイースト１５０６号,6530037
8140001118563,株式会社７Ｄａｙｓ,兵庫県,神戸市長田区,六番町８丁目２番地セントラルプラザ２０２号,6530002
8140001118745,株式会社ナイスワン,兵庫県,神戸市長田区,若松町４丁目２番１５号ピフレ新長田１０６,6530038
8140001118794,株式会社すえひろ,兵庫県,神戸市長田区,二葉町５丁目１番１号アスタくにづか５番館南棟１階１３５,6530042
8140001121286,株式会社ＯＴコーポレーション,兵庫県,神戸市長田区,梅ケ香町２丁目７番１５号,6530021
8140001121402,株式会社ダイヤ電設,兵庫県,神戸市長田区,大丸町１丁目２０番１３号,6530806
8140001121435,ＧＥＮＳＯ株式会社,兵庫県,神戸市長田区,鹿松町３丁目７番１５号,6530877
8140001121947,株式会社ＣＨＡＭＢＥＲＳ,兵庫県,神戸市長田区,苅藻通２丁目８番１３号,6530032
8140001123596,株式会社ＲＹＵＴＡＲＯ　ＥＳＴＡＴＥ,兵庫県,神戸市長田区,駒ケ林南町１番８,6530045
8140001123885,株式会社ＦＵＲＵＴＳＵ　ｅｓｔａｔｅ,兵庫県,神戸市長田区,北町２丁目１２番地の１,6530016
8140001124165,株式会社ファストプラン,兵庫県,神戸市長田区,蓮宮通１丁目１番地３,6530831
8140001125411,ＡＭＩＲ　ＭＡＳＯＯＤ株式会社,兵庫県,神戸市長田区,雲雀ケ丘３丁目６番３号ヴィラナリー雲雀ヶ丘３号棟３０９号,6530879
8140001125799,株式会社Ｌｉｆｅ,兵庫県,神戸市長田区,長尾町１丁目６番１５号,6530855
8140001126698,株式会社ＩＳＫ,兵庫県,神戸市長田区,堀切町５番６号,6530885
8140001126913,株式会社ＢＥＴＯＵＰＥ,兵庫県,神戸市長田区,松野通１丁目７番６−７０３号,6530841
8140001127218,株式会社ｃａｉｆｕｌ,兵庫県,神戸市長田区,長田天神町２丁目３番３号,6530882
8140001127548,株式会社アスミテ,兵庫県,神戸市長田区,房王寺町３丁目２番３号ユニオンビル１Ｆ,6530801
8140001128752,Ｇｎｏｍｅ機械貿易株式会社,兵庫県,神戸市長田区,神楽町２丁目２番２８号,6530836
8140001128884,ヨールクリエイト株式会社,兵庫県,神戸市長田区,二葉町５丁目１番１号アスタくにづか５番館南棟１１８,6530042
8140001129602,株式会社Ｌａ　ｃｈｏｕ　ｃｈｏｕ,兵庫県,神戸市長田区,久保町７丁目４番５号１Ｆ,6530041
8140001130072,株式会社進永,兵庫県,神戸市長田区,菅原通１丁目１７番地,6530015
8140001130287,株式会社Ｌｉｓｅｉｍ,兵庫県,神戸市長田区,駒ケ林町６丁目４番９号,6530043
8140001130411,株式会社ＬＩＮＯＡＣＥ,兵庫県,神戸市長田区,神楽町３丁目４番３号,6530836
8140001130618,株式会社ジャパン,兵庫県,神戸市長田区,水笠通１丁目１−６０,6530842
8140001130626,Ｕｎｉｔｅｄ　Ｇｏｌｄｅｎ　Ｌｉｇｈｔ株式会社,兵庫県,神戸市長田区,久保町３丁目８番２号木田ハイツ２階,6530041
8140001130915,株式会社ＳＴホールディングス,兵庫県,神戸市長田区,苅藻通７丁目４番２７号,6530032
8140001130931,株式会社半歩先,兵庫県,神戸市長田区,海運町５丁目１番２８号,6530052
8140001131384,伯盛国際貿易株式会社,兵庫県,神戸市長田区,大谷町３丁目２３番３８号,6530838
8140001131450,株式会社アスライズ,兵庫県,神戸市長田区,滝谷町３丁目１０番１号,6530881
8140001131830,ＲＡＮＡ　ＡＬＩ　ＣＯＲＰＯＲＡＴＩＯＮ株式会社,兵庫県,神戸市長田区,雲雀ヶ丘３丁目６−５ヴィラナリー雲雀ヶ丘５号棟３０１号室,6530879
8140001132119,株式会社Ｅ．ＳＵＰＰＯＲＴ,兵庫県,神戸市長田区,若松町３丁目３番２−１１０８号,6530038
8140001132564,株式会社Ｎｏａ,兵庫県,神戸市長田区,神楽町２丁目３番６号４Ｆ,6530836
8140001132829,株式会社ゲンロク,兵庫県,神戸市長田区,六番町３丁目１−７,6530002
8140001134032,エーディ株式会社,兵庫県,神戸市長田区,東尻池町７丁目３番１５号東,6530022
8140001134643,株式会社四季,兵庫県,神戸市長田区,池田上町７番の３,6530824
8140001134718,株式会社ＴＯＫＵ　ＨＯＭＥ,兵庫県,神戸市長田区,宮川町２丁目１１番地の２、５０１号,6530813
8140001134908,株式会社ＳＴＹＬＥ,兵庫県,神戸市長田区,若松町１１丁目５番１７号グレイス若松１１１号室,6530038
8140001135121,株式会社フェニックス,兵庫県,神戸市長田区,日吉町４丁目１番１号マル井ビル４階−Ｄ,6530039
8140001135856,株式会社ＴＡＫホールディングス,兵庫県,神戸市長田区,細田町２丁目１番３３号,6530835
8140001136160,Ｓｔｏｃｋ　Ａｎｃｈｏｒ株式会社,兵庫県,神戸市長田区,久保町５丁目１番地,6530041
8140001136177,株式会社なにわ,兵庫県,神戸市長田区,上池田５丁目４番１１号錦興ハイツ１０１号,6530827
8140001136805,株式会社ユグドラシル,兵庫県,神戸市長田区,戸崎通３丁目８番１号板宿オーナーズビル４０１号,6530845
8140001137150,株式会社Ｐａｒｅｈｅｌｐ,兵庫県,神戸市長田区,戸崎通３丁目１１番１１板宿パークホームズ１４０１,6530845
8140001137992,株式会社中山商店,兵庫県,神戸市長田区,川西通４丁目１０３番地の１１,6530834
8140001138842,株式会社ＭＯＤＵＮ,兵庫県,神戸市長田区,上池田３丁目１８番２２−２０１号,6530827
8140001139139,ＫａＭｉＹａ株式会社,兵庫県,神戸市長田区,房王寺町４丁目７番１６−２号,6530801
8140001139361,株式会社真善,兵庫県,神戸市長田区,丸山町４丁目１４−１６,6530875
8140001141276,株式会社美管工業,兵庫県,神戸市長田区,浜添通２丁目２番２１−９号,6530024
8140001141870,株式会社大匠,兵庫県,神戸市長田区,菅原通４丁目２０４番地８,6530015
8140001141986,株式会社瑚東神外装工業,兵庫県,神戸市長田区,苅藻通５丁目３番９号,6530032
8140001142002,株式会社ユーイズム,兵庫県,神戸市長田区,長尾町２丁目１６番２１号,6530855
8140001142035,株式会社山口整備,兵庫県,神戸市長田区,前原町１丁目５番１８号,6530803
8140001142448,株式会社Ａｖａｎｃｅ,兵庫県,神戸市長田区,二葉町６丁目１番１３号,6530042
8140002009126,株式会社ヒルトン製靴,兵庫県,神戸市長田区,長楽町６丁目２番２８号,6530054
8140002009266,株式会社丸一,兵庫県,神戸市長田区,滝谷町１丁目４番１０号,6530881
8140002013929,株式会社港島商会,兵庫県,神戸市長田区,若松町３丁目２番４−８０４号,6530038
8150001014159,株式会社タケダ,兵庫県,神戸市長田区,若松町８丁目４番１３号,6530038
8150001023366,ＮｘｔＱＯＬコネクト株式会社,兵庫県,神戸市長田区,御船通３丁目１番地の８,6530832
8190002009278,株式会社スパイシージャパン神戸,兵庫県,神戸市長田区,長楽二丁目４番３号,6530000
8310001018085,株式会社ｐｒｉｍａ,兵庫県,神戸市長田区,雲雀ケ丘３丁目６番４−３０８号,6530879
9011001139999,株式会社ＰＳＢ,兵庫県,神戸市長田区,鹿松町３丁目１−２５,6530877
9012401004462,ＥＭラボ株式会社,兵庫県,神戸市長田区,水笠通１丁目４番１３号,6530842
9020001095293,フォトアドバイス株式会社,兵庫県,神戸市長田区,若松町２丁目１番３号,6530038
9120001211765,株式会社マチアケ,兵庫県,神戸市長田区,二葉町２丁目５−１０,6530042
9120001232794,蓮華株式会社,兵庫県,神戸市長田区,駒ヶ林町５丁目１４−９,6530043
9120001235938,十二株式会社,兵庫県,神戸市長田区,四番町７丁目５アロバス第二ビル３０１,6530004
9120001245573,株式会社リンクアンカー,兵庫県,神戸市長田区,池田上町４８番地の８,6530824
9120901036188,株式会社ＧＯＲＹＯ,兵庫県,神戸市長田区,神楽町２丁目３番１−３０３号,6530836
9120901047656,パニー株式会社,兵庫県,神戸市長田区,大塚町９丁目１番地１０,6530811
9130001023953,ケーテーシステム株式会社,兵庫県,神戸市長田区,庄田町４丁目１番１３号,6530035
9130001078650,ＣＫ　ＭＯＴＯＲＳ　ＪＡＰＡＮ株式会社,兵庫県,神戸市長田区,東尻池町７丁目９−９−４２０号室,6530022
9140001004052,株式会社間地工業,兵庫県,神戸市長田区,花山町２丁目４番１２−１号,6530876
9140001004102,三木印刷出版株式会社,兵庫県,神戸市長田区,北町１丁目１番地,6530016
9140001004564,株式会社カイドー,兵庫県,神戸市長田区,神楽町４丁目４番４号大久ビル４０４,6530836
9140001009753,内藤不動産株式会社,兵庫県,神戸市長田区,花山町１丁目１番２８号,6530876
9140001011890,神戸エンジンサービス株式会社,兵庫県,神戸市長田区,東尻池町９丁目１番１２号,6530022
9140001012237,株式会社日本住販,兵庫県,神戸市長田区,東丸山町８番１１号,6530886
9140001012278,株式会社リバティ,兵庫県,神戸市長田区,川西通３丁目２番地,6530834
9140001012682,大村機工株式会社,兵庫県,神戸市長田区,梅ケ香町２丁目１番３１号,6530021
9140001013037,株式会社五大,兵庫県,神戸市長田区,丸山町４丁目１番６号,6530875
9140001013103,株式会社三共電機製作所,兵庫県,神戸市長田区,腕塚町９丁目６番７号,6530036
9140001013680,トウハタ、サービス株式会社,兵庫県,神戸市長田区,東尻池町９丁目１番４号,6530022
9140001014290,株式会社道端商店,兵庫県,神戸市長田区,苅藻島町３丁目７３番地１,6530033
9140001014415,株式会社柳原木材,兵庫県,神戸市長田区,苅藻島町３丁目７番９号,6530033
9140001015636,株式会社アイ・シー・シー,兵庫県,神戸市長田区,長尾町２丁目２番１８号,6530855
9140001015644,相原木材株式会社,兵庫県,神戸市長田区,苅藻島町３丁目５番２４号,6530033
9140001015652,秋毎株式会社,兵庫県,神戸市長田区,神楽町５丁目３番３６号,6530836
9140001015677,株式会社アタイム,兵庫県,神戸市長田区,東尻池町３丁目４番１９号,6530022
9140001015693,株式会社荒木商店,兵庫県,神戸市長田区,野田町４丁目２番１号,6530051
9140001015702,飯田鉄工株式会社,兵庫県,神戸市長田区,駒ケ林南町４番１６号,6530045
9140001015710,池水工業株式会社,兵庫県,神戸市長田区,蓮宮通３丁目１番地の３,6530831
9140001015719,株式会社インディアン,兵庫県,神戸市長田区,御屋敷通４丁目３番１１号,6530843
9140001015727,伊丹食品株式会社,兵庫県,神戸市長田区,若松町５丁目２番１−１２３号,6530038
9140001015735,イノヰテクノ株式会社,兵庫県,神戸市長田区,東尻池町２丁目９番３号,6530022
9140001015743,植垣米菓株式会社,兵庫県,神戸市長田区,西尻池町３丁目１番３号,6530031
9140001015751,株式会社上田屋,兵庫県,神戸市長田区,大道通４丁目１番地の１,6530833
9140001015784,株式会社遠州屋木村商店,兵庫県,神戸市長田区,大橋町５丁目３番２号,6530037
9140001015792,株式会社エフピー,兵庫県,神戸市長田区,二葉町１０丁目１番２５号,6530042
9140001015818,株式会社オーテイータカラ,兵庫県,神戸市長田区,大橋町９丁目１番地の１の２１４号,6530037
9140001015826,株式会社大西商会,兵庫県,神戸市長田区,東尻池町３丁目６番１７号,6530022
9140001015834,株式会社大藪,兵庫県,神戸市長田区,名倉町４丁目３番４０号,6530883
9140001015842,岡田建設工業株式会社,兵庫県,神戸市長田区,海運町２丁目４番１１号,6530052
9140001015859,尾田教材株式会社,兵庫県,神戸市長田区,滝谷町３丁目３番１３号,6530881
9140001015883,関西エンジニアリング株式会社,兵庫県,神戸市長田区,菅原通４丁目２０２番地の３キクヤ第２ビル,6530015
9140001015891,関西ノート株式会社,兵庫県,神戸市長田区,浪松町３丁目２番２１号,6530055
9140001015909,金川刺繍株式会社,兵庫県,神戸市長田区,梅ケ香町１丁目１３番５号,6530021
9140001015925,株式会社ガル,兵庫県,神戸市長田区,若松町４丁目２番１５号ピフレ新長田１Ｆ,6530038
9140001015933,河田護謨工業株式会社,兵庫県,神戸市長田区,神楽町４丁目３番１号,6530836
9140001015941,株式会社川原プラスチツク,兵庫県,神戸市長田区,苅藻通６丁目８番１２号,6530032
9140001015958,株式会社北池商店,兵庫県,神戸市長田区,北町２丁目３８番地の１,6530016
9140001015966,木ノ和ゴム株式会社,兵庫県,神戸市長田区,菅原通５丁目２番地,6530015
9140001015974,株式会社共栄寝具,兵庫県,神戸市長田区,長尾町２丁目１８番２３号,6530855
9140001015982,共和タイヤ販売株式会社,兵庫県,神戸市長田区,東尻池町２丁目９番５号,6530022
9140001015990,株式会社クニタ工務店,兵庫県,神戸市長田区,長楽町５丁目５番３号,6530054
9140001015999,株式会社グローバル・インベストメント・リサーチ,兵庫県,神戸市長田区,西丸山町２丁目１番１３号,6530874
9140001016023,株式会社コウシン,兵庫県,神戸市長田区,西代通４丁目１番８号,6530844
9140001016048,株式会社光和,兵庫県,神戸市長田区,若松町２丁目１番７号,6530038
9140001016089,株式会社三建,兵庫県,神戸市長田区,菅原通１丁目５番地の１６,6530015
9140001016114,三善鉄工株式会社,兵庫県,神戸市長田区,菅原通２丁目５番地の２,6530015
9140001016122,株式会社サンテクノ,兵庫県,神戸市長田区,浜添通６丁目１番１８号,6530024
9140001016130,佐野建設株式会社,兵庫県,神戸市長田区,苅藻通７丁目４番３号,6530032
9140001016139,株式会社関西モバイルシステムズ,兵庫県,神戸市長田区,西代通３丁目２番２−２０１号,6530844
9140001016147,山陽タクシー株式会社,兵庫県,神戸市長田区,御屋敷通３丁目１番１号,6530843
9140001016196,株式会社進高鉄工,兵庫県,神戸市長田区,海運町８丁目１番１７号,6530052
9140001016205,神紀木材工業株式会社,兵庫県,神戸市長田区,御蔵通５丁目４番地,6530014
9140001016213,株式会社志ん谷,兵庫県,神戸市長田区,神楽町２丁目２番２２号,6530836
9140001016221,柴崎電機工業株式会社,兵庫県,神戸市長田区,菅原通３丁目２０７番地の１,6530015
9140001016238,株式会社勝英,兵庫県,神戸市長田区,蓮宮通４丁目３２番地,6530831
9140001016262,株式会社昭和装飾,兵庫県,神戸市長田区,山下町４丁目１番４号,6530852
9140001016270,シャモニー化成株式会社,兵庫県,神戸市長田区,松野通３丁目３番１０号,6530841
9140001016279,株式会社スエヒロ,兵庫県,神戸市長田区,若松町１丁目１番３号神戸ポリマーセンタービル２Ｆ,6530038
9140001016287,株式会社スズラン,兵庫県,神戸市長田区,駒ケ林南町１番８０号,6530045
9140001016295,株式会社角本運輸社,兵庫県,神戸市長田区,苅藻島町２丁目１２番８号,6530033
9140001016304,株式会社正城建設,兵庫県,神戸市長田区,宮川町５丁目６番１２号,6530813
9140001016312,関興産株式会社,兵庫県,神戸市長田区,細田町４丁目１番２号,6530835
9140001016353,大海産業株式会社,兵庫県,神戸市長田区,西尻池町２丁目５番４号,6530031
9140001016361,株式会社大誠建設,兵庫県,神戸市長田区,腕塚町１０丁目３番７号,6530036
9140001016386,大宝商事株式会社,兵庫県,神戸市長田区,名倉町１丁目１番３号,6530883
9140001016394,大雄興業株式会社,兵庫県,神戸市長田区,大日丘町１丁目３番６号,6530872
9140001016403,株式会社大和屋製箸所,兵庫県,神戸市長田区,西尻池町２丁目４番５号,6530031
9140001016411,株式会社タカチホ,兵庫県,神戸市長田区,水笠通１丁目１番地の４,6530842
9140001016428,橘自動車整備株式会社,兵庫県,神戸市長田区,重池町２丁目８番１６号,6530802
9140001016444,株式会社田中鈑金工作所,兵庫県,神戸市長田区,菅原通２丁目４番地の１,6530015
9140001016452,株式会社タルキ,兵庫県,神戸市長田区,長田町２丁目１番８号,6530812
9140001016460,中央木材工業株式会社,兵庫県,神戸市長田区,雲雀ヶ丘２丁目２番１７号,6530879
9140001016485,天陽株式会社,兵庫県,神戸市長田区,二葉町４丁目３番１号,6530042
9140001016510,株式会社テクノフローワン,兵庫県,神戸市長田区,神楽町２丁目３番２号,6530836
9140001016527,トミク塗装株式会社,兵庫県,神戸市長田区,寺池町１丁目１１番１０号,6530804
9140001016535,株式会社トライテクノサービス,兵庫県,神戸市長田区,御船通４丁目５番３号,6530832
9140001016543,中川製箱株式会社,兵庫県,神戸市長田区,西尻池町２丁目４番１号,6530031
9140001016568,中谷建設株式会社,兵庫県,神戸市長田区,駒ケ林町１丁目１７番１４号,6530043
9140001016576,株式会社ナカネ,兵庫県,神戸市長田区,五番町４丁目３０番地,6530003
9140001016592,株式会社並田製作所,兵庫県,神戸市長田区,上池田６丁目５番１６号,6530827
9140001016626,株式会社日豊,兵庫県,神戸市長田区,若松町１丁目３番５号,6530038
9140001016634,株式会社ニユー・トーヨー,兵庫県,神戸市長田区,菅原通７丁目１１−２,6530015
9140001016659,株式会社番商,兵庫県,神戸市長田区,東尻池町３丁目４番２２号,6530022
9140001016667,服部プロセス株式会社,兵庫県,神戸市長田区,東尻池町２丁目９番１７号,6530022
9140001016683,林磨鋼材株式会社,兵庫県,神戸市長田区,本庄町４丁目２番２号,6530053
9140001016717,兵鋲興産株式会社,兵庫県,神戸市長田区,梅ケ香町２丁目９番３号,6530021
9140001016725,株式会社平野製作所,兵庫県,神戸市長田区,苅藻通２丁目４番４号,6530032
9140001016733,株式会社ファミリーファーマシー,兵庫県,神戸市長田区,二葉町１０丁目１番１号,6530042
9140001016741,福重商事株式会社,兵庫県,神戸市長田区,菅原通７丁目２８番地,6530015
9140001016790,株式会社プロショップイマニシ,兵庫県,神戸市長田区,滝谷町３丁目９番７号,6530881
9140001016799,株式会社ブリューテ,兵庫県,神戸市長田区,西尻池町３丁目１番３号,6530031
9140001016824,株式会社細川,兵庫県,神戸市長田区,久保町７丁目１番１号,6530041
9140001016832,本多土建工業株式会社,兵庫県,神戸市長田区,五番町５丁目９３番地,6530003
9140001016840,前田ミシン株式会社,兵庫県,神戸市長田区,川西通４丁目６５番地,6530834
9140001016865,眞野土地株式会社,兵庫県,神戸市長田区,東尻池町１丁目１３番１号,6530022
9140001016873,株式会社丸一木材,兵庫県,神戸市長田区,本庄町７丁目５番５号,6530053
9140001016907,丸本産業株式会社,兵庫県,神戸市長田区,神楽町３丁目２の１０,6530836
9140001016923,溝口建設株式会社,兵庫県,神戸市長田区,大塚町３丁目１番１５号,6530811
9140001016931,株式会社三谷組,兵庫県,神戸市長田区,腕塚町９丁目２番１０号,6530036
9140001016948,株式会社三原製作所,兵庫県,神戸市長田区,苅藻通７丁目４番１号,6530032
9140001016956,株式会社ミヤザキ,兵庫県,神戸市長田区,檜川町１丁目７番２４号,6530887
9140001016997,株式会社森並,兵庫県,神戸市長田区,梅ケ香町１丁目１１番１６号,6530021
9140001017005,株式会社八幡機工,兵庫県,神戸市長田区,東尻池町３丁目５番１１号,6530022
9140001017021,株式会社山友,兵庫県,神戸市長田区,神楽町４丁目５番７号,6530836
9140001017054,株式会社ヨカロー,兵庫県,神戸市長田区,細田町３丁目４番５号,6530835
9140001017062,吉田ピーナツ食品株式会社,兵庫県,神戸市長田区,神楽町２丁目３番２２号,6530836
9140001017070,株式会社米太郎,兵庫県,神戸市長田区,駒ケ林町４丁目２３番１号,6530043
9140001017095,菱華運輸株式会社,兵庫県,神戸市長田区,長楽町７丁目１番２６号,6530054
9140001017120,神戸興産株式会社,兵庫県,神戸市長田区,四番町８丁目１番地,6530004
9140001017137,神戸測研株式会社,兵庫県,神戸市長田区,長田町１丁目２番１０号,6530812
9140001017178,神戸油化学工業株式会社,兵庫県,神戸市長田区,御屋敷通１丁目４番１０−２０１号,6530843
9140001017194,株式会社日本ダイビングスポーツ,兵庫県,神戸市長田区,野田町８丁目３番３号,6530051
9140001017203,兵庫運送株式会社,兵庫県,神戸市長田区,梅ケ香町１丁目１３番８号,6530021
9140001019091,プロックス株式会社,兵庫県,神戸市長田区,東尻池町２丁目９番１７号,6530022
9140001019208,株式会社アカシカ,兵庫県,神戸市長田区,東尻池町９丁目１番１３号,6530022
9140001019926,三ツ星ベルト技研株式会社,兵庫県,神戸市長田区,浜添通４丁目１番２１号,6530024
9140001020727,株式会社ケイディーエム,兵庫県,神戸市長田区,林山町１番地の６７,6530861
9140001021898,株式会社あとりえ岡田,兵庫県,神戸市長田区,神楽町２丁目３番３６号,6530836
9140001022087,株式会社サーボアーム,兵庫県,神戸市長田区,神楽町４丁目３番８号サーボアームビル,6530836
9140001022789,株式会社サニーライフ管理,兵庫県,神戸市長田区,萩乃町３丁目３番２５号雲雀丘ハイツ１階,6530873
9140001023102,株式会社マイクロエコテック,兵庫県,神戸市長田区,苅藻島町３丁目１２番２９号,6530033
9140001023291,アスタライフサポート株式会社,兵庫県,神戸市長田区,真野町２番１８号タツミビル３階,6530025
9140001023481,株式会社三國エステート,兵庫県,神戸市長田区,神楽町２丁目３番２７号マックスビル３階,6530836
9140001023556,清水建設工業株式会社,兵庫県,神戸市長田区,房王寺町１丁目４番１３号,6530801
9140001024307,株式会社日越貿易,兵庫県,神戸市長田区,一番町３丁目１−２−３０２,6530013
9140001024406,株式会社ユニ・ネオス,兵庫県,神戸市長田区,神楽町２丁目３番２８号,6530836
9140001024926,株式会社山忠,兵庫県,神戸市長田区,南駒栄町４番２１号,6530044
9140001025247,株式会社アットイマジン,兵庫県,神戸市長田区,細田町７丁目１番９号,6530835
9140001025255,ヒューマンケア株式会社,兵庫県,神戸市長田区,西丸山町３丁目３番１４号,6530874
9140001025387,株式会社神戸さくら不動産,兵庫県,神戸市長田区,前原町２丁目２番１７−２０１号,6530803
9140001025536,六甲冷機株式会社,兵庫県,神戸市長田区,東尻池町２丁目８番１０号,6530022
9140001025610,株式会社仁屋ジャパン,兵庫県,神戸市長田区,南駒栄町１番７０号,6530044
9140001025643,株式会社スペースプラン,兵庫県,神戸市長田区,御蔵通２丁目１３番地の１−５０３号,6530014
9140001025908,株式会社アシスト,兵庫県,神戸市長田区,浜添通６丁目２８番地,6530024
9140001025957,株式会社コ・パール,兵庫県,神戸市長田区,御屋敷通１丁目３番９号,6530843
9140001026501,株式会社平賀工業所,兵庫県,神戸市長田区,駒ケ林町５丁目９番１号,6530043
9140001026880,株式会社たけうち鍼灸整骨院,兵庫県,神戸市長田区,二葉町６丁目７番２−１１３号,6530042
9140001026930,株式会社東田食品,兵庫県,神戸市長田区,梅ケ香町２丁目１０番１５号,6530021
9140001026963,株式会社ＵＮＩＱＵＥ,兵庫県,神戸市長田区,松野通１丁目５番２３号アーバンコモード新長田５０６号,6530841
9140001027020,株式会社日本銘酒販売,兵庫県,神戸市長田区,苅藻通２丁目３番１０号,6530032
9140001027202,株式会社マーレマーレ・ジャパン,兵庫県,神戸市長田区,西尻池町２丁目４番６号,6530031
9140001027409,文化タクシー株式会社,兵庫県,神戸市長田区,浜添通６丁目１番３７号,6530024
9140001027433,株式会社信和工業所,兵庫県,神戸市長田区,御蔵通６丁目６番地,6530014
9140001027532,株式会社天羽,兵庫県,神戸市長田区,一番町５丁目９番地の１,6530013
9140001027862,ゼット株式会社,兵庫県,神戸市長田区,神楽町４丁目６番地の４,6530836
9140001028118,株式会社シンコーポレーション,兵庫県,神戸市長田区,菅原通１丁目ＪＲ高架下８５号,6530015
9140001028349,株式会社アプロ,兵庫県,神戸市長田区,若松町５丁目２番１−１１４号,6530038
9140001028423,花訪問介護サービス株式会社,兵庫県,神戸市長田区,細田町４丁目２番４号,6530835
9140001028745,株式会社首藤商事,兵庫県,神戸市長田区,三番町４丁目１１番地の１市住３１−５０１号,6530011
9140001028919,株式会社ＭＪＰ,兵庫県,神戸市長田区,北町１丁目４５番地小西ビル２０２,6530016
9140001029116,アートワークス株式会社,兵庫県,神戸市長田区,神楽町４丁目２−１６,6530836
9140001029173,株式会社貴田建設,兵庫県,神戸市長田区,駒ケ林町４丁目２番４号,6530043
9140001029306,株式会社商神,兵庫県,神戸市長田区,名倉町１丁目１番３号,6530883
9140001029611,株式会社ＮＥＯ,兵庫県,神戸市長田区,上池田３丁目１７番１６号,6530827
9140001029652,株式会社アクティブ,兵庫県,神戸市長田区,大道通４丁目１番７号−１０３,6530833
9140001029702,西代護謨工業株式会社,兵庫県,神戸市長田区,御屋敷通４丁目１番２４−１１０１号,6530843
9140001029974,株式会社フォーナインシューズ,兵庫県,神戸市長田区,海運町５丁目１番２４号,6530052
9140001030057,株式会社総合レンタルサービス,兵庫県,神戸市長田区,若松町５丁目２番１号アスタプラザファースト２１０,6530038
9140001030081,浦建設工業株式会社,兵庫県,神戸市長田区,戸崎通３丁目１−１,6530845
9140001030123,株式会社パンテクノ,兵庫県,神戸市長田区,腕塚町６丁目１番８−５０３号,6530036
9140001030222,株式会社丸喜商事,兵庫県,神戸市長田区,海運町８丁目２番２８号,6530052
9140001030239,株式会社勇理企画,兵庫県,神戸市長田区,上池田１丁目７番８号,6530827
9140001030247,株式会社小田組,兵庫県,神戸市長田区,浜添通３丁目３番３号,6530024
9140001030412,株式会社オフィス・ユン,兵庫県,神戸市長田区,前原町１丁目１０番１６号,6530803
9140001030809,株式会社アトリエＬｅｅ,兵庫県,神戸市長田区,西代通３丁目１０−２,6530844
9140001031146,アイセップ株式会社,兵庫県,神戸市長田区,久保町６丁目１−１,6530041
9140001031476,株式会社ＲＥＮ,兵庫県,神戸市長田区,水笠通５丁目３番１１号,6530842
9140001032061,タガミシール株式会社,兵庫県,神戸市長田区,苅藻通１丁目４番２号,6530032
9140001032078,Ｔ−ｎｅｔ株式会社,兵庫県,神戸市長田区,御蔵通５丁目１４番１７号,6530014
9140001032219,前田興産株式会社,兵庫県,神戸市長田区,水笠通１丁目１番６０号,6530842
9140001032268,株式会社プラグ,兵庫県,神戸市長田区,二番町４丁目３２−４０２,6530012
9140001032417,株式会社ケアコア,兵庫県,神戸市長田区,川西通５丁目１０１番地の１,6530834
9140001032441,株式会社ベルコーポレーション,兵庫県,神戸市長田区,四番町４丁目２５番８号,6530004
9140001032598,株式会社ＨＥＲＣＹ’Ｓ　ｂｙ　ｈｅｒｓｔｏｒｙｓ,兵庫県,神戸市長田区,大谷町２丁目２番１４−５０４号,6530838
9140001032796,株式会社Ｒｕｔｔｉｌｅ,兵庫県,神戸市長田区,大日丘町３丁目１５番８号ホビーハウス０６,6530872
9140001032854,株式会社神戸ＡＤＷＡＶＥ,兵庫県,神戸市長田区,久保町６丁目１番１号アスタくにづか４番館２０２,6530041
9140001032879,株式会社でき太の会,兵庫県,神戸市長田区,久保町１０丁目４番４号,6530041
9140001032961,株式会社鈴木工業所,兵庫県,神戸市長田区,久保町８丁目６番２１号,6530041
9140001033159,株式会社ベスト物流,兵庫県,神戸市長田区,西尻池町２丁目５番１５号ロビンビル東館１Ｆ・２Ｆ,6530031
9140001033456,株式会社Ｙ＆Ｙ,兵庫県,神戸市長田区,長田町１丁目３番１号,6530812
9140001033472,株式会社ワイ．プランニング,兵庫県,神戸市長田区,西山町４丁目３６番６号,6530862
9140001033852,株式会社セプテンバー１,兵庫県,神戸市長田区,松野通２丁目２−７,6530841
9140001034132,株式会社ピュアトーン,兵庫県,神戸市長田区,久保町５丁目１番１号アスタくにづか３番館２階２１４,6530041
9140001034314,株式会社城戸制作舎,兵庫県,神戸市長田区,前原町１丁目１０番１６号,6530803
9140001038001,株式会社カンマツ,兵庫県,神戸市長田区,二葉町７丁目１番３５号村真ビル２０２,6530042
9140001057356,株式会社エムアンドケイズ,兵庫県,神戸市長田区,花山町２丁目２−７−４０４,6530876
9140001066943,株式会社ケイアイ・クリエイト,兵庫県,神戸市長田区,大橋町５丁目３番１号,6530037
9140001067405,株式会社貴洋商事,兵庫県,神戸市長田区,萩乃町３丁目４番７号,6530873
9140001067520,株式会社遠藤コーポレーション,兵庫県,神戸市長田区,腕塚町２丁目２番１０号マスミヤビル５Ｆ,6530036
9140001067529,株式会社扇弘興産,兵庫県,神戸市長田区,大谷町３丁目２３番３３号,6530838
9140001077858,シバ産業株式会社,兵庫県,神戸市長田区,長楽町７丁目１番２６号,6530054
9140001086355,株式会社ＯＳＴ,兵庫県,神戸市長田区,松野通１丁目７−７レジデンス富久寿１階,6530841
9140001087312,株式会社ユカ・コーポレーション,兵庫県,神戸市長田区,神楽町３丁目４番２４号,6530836
9140001087675,光洋興産株式会社,兵庫県,神戸市長田区,日吉町３丁目１番１８号,6530039
9140001087923,株式会社久栄工業,兵庫県,神戸市長田区,苅藻島町１丁目１番地５９,6530033
9140001088401,株式会社ハッピーエリア,兵庫県,神戸市長田区,苅藻島町１丁目１番６５号,6530033
9140001088731,株式会社剣,兵庫県,神戸市長田区,萩乃町２丁目４−８,6530873
9140001089011,株式会社義多加,兵庫県,神戸市長田区,松野通４丁目２番１１号７０９号室,6530841
9140001089655,株式会社インデクト,兵庫県,神戸市長田区,神楽町２丁目３−９ダイドービル４階,6530836
9140001090480,株式会社ティトレ,兵庫県,神戸市長田区,西尻池町１丁目３番３７号ＯＭＩビル２０３,6530031
9140001090753,株式会社ＮＥＸＴ　ＩＮＮＯＶＡＴＩＯＮ,兵庫県,神戸市長田区,明泉寺町３丁目３−２,6530884
9140001090786,株式会社神和警備保障,兵庫県,神戸市長田区,腕塚町３丁目４番４号,6530036
9140001091090,株式会社日輝,兵庫県,神戸市長田区,明泉寺町２丁目１番１７−２０１号,6530884
9140001091248,ＫＯＹＯ　ＴＥＣ株式会社,兵庫県,神戸市長田区,神楽町２丁目３番１号,6530836
9140001091322,株式会社加藤興産,兵庫県,神戸市長田区,四番町８丁目１１番地,6530004
9140001091909,株式会社ｔｅｇｏｌａ,兵庫県,神戸市長田区,長田天神町１丁目３番５号,6530882
9140001092221,株式会社サルバス,兵庫県,神戸市長田区,腕塚町２丁目２番１０号,6530036
9140001092262,株式会社アスカ空調サービス,兵庫県,神戸市長田区,腕塚町１丁目２番１号,6530036
9140001092527,株式会社Ｇ−ＳＥＬＥＣＴ,兵庫県,神戸市長田区,大橋町８丁目６番１０−４０８号,6530037
9140001093252,株式会社ストレートホーム,兵庫県,神戸市長田区,北町１丁目５４,6530016
9140001093756,株式会社松岡商店,兵庫県,神戸市長田区,若松町２丁目２番８号,6530038
9140001093871,株式会社アットグロウ,兵庫県,神戸市長田区,浜添通６丁目１−２,6530024
9140001094787,株式会社リブラボ,兵庫県,神戸市長田区,長者町１７番６号,6530866
9140001095166,株式会社Ｇｏｏｄ　Ｏｎｅ,兵庫県,神戸市長田区,片山町１丁目１６番７号,6530805
9140001095728,株式会社ＯＮＴ,兵庫県,神戸市長田区,菅原通７丁目４１番１号,6530015
9140001096800,株式会社深江工業,兵庫県,神戸市長田区,御蔵通７丁目２４番地の９,6530014
9140001096940,株式会社Ｋ−プラン,兵庫県,神戸市長田区,神楽町３丁目７−２,6530836
9140001097682,株式会社Ｔ＆Ｔホールディングス,兵庫県,神戸市長田区,水笠通１丁目１番５５号,6530842
9140001098433,森惠国際貿易株式会社,兵庫県,神戸市長田区,大塚町３丁目１番１７号,6530811
9140001098581,株式会社クレイス,兵庫県,神戸市長田区,水笠通３丁目５番１１号,6530842
9140001099217,株式会社バルク,兵庫県,神戸市長田区,大橋町３丁目２番１８−８０６号,6530037
9140001099225,株式会社足立不動産,兵庫県,神戸市長田区,二葉町５丁目１番１−１２７号,6530042
9140001099539,株式会社ビリオニスタ,兵庫県,神戸市長田区,海運町５丁目１番２４号,6530052
9140001099563,株式会社アイテック,兵庫県,神戸市長田区,梅ヶ香町２丁目３番１号,6530021
9140001100561,株式会社神戸工匠,兵庫県,神戸市長田区,長田天神町５丁目６番３１号１１１号室,6530882
9140001101254,株式会社ににん,兵庫県,神戸市長田区,腕塚町９丁目７番１３号,6530036
9140001101840,株式会社Ａｒｉｇａｔｏ,兵庫県,神戸市長田区,大橋町７丁目２番１−１０１号,6530037
9140001102005,株式会社Ｃａｒ　Ｆａｃｔｏｒｙ岡田,兵庫県,神戸市長田区,御蔵通１丁目２番地,6530014
9140001102137,ＯＫＡＩＣＨＩ株式会社,兵庫県,神戸市長田区,本庄町３丁目５番１０号,6530053
9140001102351,株式会社ＭＡＲＵＷＡ,兵庫県,神戸市長田区,真野町１番１８号,6530025
9140001102921,株式会社ＨＮＴ,兵庫県,神戸市長田区,東尻池町２丁目１０−２０ニューサンハイツ１０１,6530022
9140001103275,株式会社リーダーシステムズ,兵庫県,神戸市長田区,菅原通６丁目２番１号ＫＳビル,6530015
9140001103341,権神組株式会社,兵庫県,神戸市長田区,二番町４丁目７番地の２,6530012
9140001103523,株式会社Ａｌｂｉｏ,兵庫県,神戸市長田区,神楽町４丁目２番１９号,6530836
9140001103663,ディーワン株式会社,兵庫県,神戸市長田区,大日丘町２丁目３番１５号Ｂ−１Ｆ,6530872
9140001103812,株式会社アウル,兵庫県,神戸市長田区,駒ケ林町１丁目１０番１８号,6530043
9140001105180,株式会社松野加工,兵庫県,神戸市長田区,神楽町３丁目４番１０号,6530836
9140001105908,株式会社ぬくもり,兵庫県,神戸市長田区,菅原通４丁目４２番地,6530015
9140001106220,株式会社Ｔ・Ｈ・Ｃ,兵庫県,神戸市長田区,長楽町４丁目３番１４号,6530054
9140001106476,株式会社上田自動車販売,兵庫県,神戸市長田区,大谷町２丁目１３番２４号,6530838
9140001107152,株式会社キャトルスール,兵庫県,神戸市長田区,本庄町３丁目４番１２号,6530053
9140001107202,株式会社ＴＡＯ,兵庫県,神戸市長田区,二葉町１丁目３番１５号,6530042
9140001107656,株式会社増田板金工作所,兵庫県,神戸市長田区,東尻池町１丁目３番８号,6530022
9140001107739,株式会社浅井製作所,兵庫県,神戸市長田区,二葉町９丁目２番３号,6530042
9140001107994,株式会社マーブルプロ,兵庫県,神戸市長田区,片山町４丁目２番６３−１０１号,6530805
9140001109149,ＫＵＮＡＩ株式会社,兵庫県,神戸市長田区,二葉町３丁目４番１−１２０５,6530042
9140001109413,株式会社Ｐｒｏｖｉｄｅｎｃｅ,兵庫県,神戸市長田区,山下町１丁目１番１１号,6530852
9140001110453,五条建設株式会社,兵庫県,神戸市長田区,庄山町３丁目２番１８号,6530853
9140001110602,株式会社Ｙ’ｓ・Ａｉｒ,兵庫県,神戸市長田区,菅原通１丁目７３−２,6530015
9140001111113,株式会社ネクストクリエーション,兵庫県,神戸市長田区,海運町５丁目１番２４号,6530052
9140001111253,株式会社プリエール・プリンセス,兵庫県,神戸市長田区,五番町７丁目２番地の３,6530003
9140001111286,株式会社リヒト,兵庫県,神戸市長田区,菅原通４丁目２０３番地の２,6530015
9140001111674,株式会社ＡＩ,兵庫県,神戸市長田区,水笠通３丁目１番１,6530842
9140001111732,株式会社庄田軒精肉店,兵庫県,神戸市長田区,二葉町２丁目１−５−２,6530042
9140001112912,加藤工業株式会社,兵庫県,神戸市長田区,房王寺町４丁目１番１４−３０６号,6530801
9140001113563,株式会社氷室工房,兵庫県,神戸市長田区,高取山町２丁目１５番５号,6530856
9140001114033,万川株式会社,兵庫県,神戸市長田区,二番町２丁目３６番地香山ビル１Ｆ,6530012
9140001114207,株式会社矢野工作所,兵庫県,神戸市長田区,東尻池町９丁目１番２６号,6530022
9140001114355,株式会社あかり,兵庫県,神戸市長田区,片山町３丁目５番１１号ネオハイツ片山町２０１号,6530805
9140001114520,ウイングバレイコーポレーション株式会社,兵庫県,神戸市長田区,梅ケ香町２丁目１０番４号,6530021
9140001114685,株式会社アルーク,兵庫県,神戸市長田区,大谷町３丁目１番４１号藤和ライブタウン西代山手５１４号,6530838
9140001114826,株式会社ライフ・クリエイト・パートナーズ,兵庫県,神戸市長田区,花山町２丁目１１番２３号,6530876
9140001114875,株式会社天美,兵庫県,神戸市長田区,二葉町２丁目３番１０号,6530042
9140001115205,株式会社ノイ,兵庫県,神戸市長田区,西山町３丁目８番１３号,6530862
9140001115246,株式会社ワタルホーム,兵庫県,神戸市長田区,海運町８丁目１番１８号,6530052
9140001115907,株式会社Ｔ・Ｙ・ＰＬＡＮＮＩＮＧ,兵庫県,神戸市長田区,御屋敷通１丁目３番７号２Ｆ,6530843
9140001116649,株式会社ミテラスコンサルティング,兵庫県,神戸市長田区,海運町８丁目６番３号,6530052
9140001117226,株式会社伴走社,兵庫県,神戸市長田区,若松町２丁目１番３号,6530038
9140001117911,株式会社大自然,兵庫県,神戸市長田区,蓮宮通５丁目５番地の８,6530831
9140001117993,株式会社ライズ,兵庫県,神戸市長田区,五番町３丁目１０−３２−００１０室,6530003
9140001118174,菱田貿易株式会社,兵庫県,神戸市長田区,細田町５丁目２−２５,6530835
9140001118331,株式会社ＩＣ．ｃｏｍ,兵庫県,神戸市長田区,神楽町４丁目５番５号,6530836
9140001120188,株式会社エフケイ,兵庫県,神戸市長田区,東尻池町３丁目１番３２号,6530022
9140001120626,株式会社武井商事,兵庫県,神戸市長田区,菅原通３丁目２０７番地の５,6530015
9140001122127,株式会社ＳＨＡＲＥ,兵庫県,神戸市長田区,若松町８丁目１番３３号,6530038
9140001122804,イカワ商事株式会社,兵庫県,神戸市長田区,西尻池町３丁目１番１９号,6530031
9140001124024,株式会社那由他,兵庫県,神戸市長田区,大日丘町１丁目７番２−２１１号,6530872
9140001127720,株式会社ＢａｔｈＴｉｍｅＦｉｓｈ,兵庫県,神戸市長田区,西山町３丁目３番１３号,6530862
9140001128818,株式会社コトネ,兵庫県,神戸市長田区,長楽町５丁目４番８号１Ｆ,6530054
9140001129048,株式会社モンガリ,兵庫県,神戸市長田区,六番町１丁目４−１,6530002
9140001129956,ＴＡ　ＴＲＡＤＩＮＧ株式会社,兵庫県,神戸市長田区,雲雀ヶ丘３丁目６−１ヴィラナリー雲雀ヶ丘１号棟１０５号,6530879
9140001130179,株式会社まこと工務店,兵庫県,神戸市長田区,駒ケ林町３丁目６番５号,6530043
9140001130352,ＡＫＹコーポレーション株式会社,兵庫県,神戸市長田区,若松町３丁目２番４号アトレ新長田駅前９０３号室,6530038
9140001130410,株式会社司電アドバンス,兵庫県,神戸市長田区,二葉町９丁目１２番９号第三丸吉マンション１１１号,6530042
9140001130435,株式会社ＫＳＩ,兵庫県,神戸市長田区,久保町６丁目１番１−２０２号,6530041
9140001130492,株式会社ＲＡＦＵ,兵庫県,神戸市長田区,長田町３丁目２番１９号ルミナスハイツ長田２０１号,6530812
9140001131169,株式会社Ｄａｌａｈ,兵庫県,神戸市長田区,鶯町４丁目２番５号,6530871
9140001132142,株式会社Ｋ’ｓロード,兵庫県,神戸市長田区,御蔵通４丁目２０４番地の１９,6530014
9140001133454,株式会社ｎａｎａｉｒｏ,兵庫県,神戸市長田区,五位ノ池町４丁目６−１３,6530851
9140001135211,株式会社ＲＥＶＥ．Ｒ,兵庫県,神戸市長田区,片山町１丁目２３番４号,6530805
9140001135244,株式会社Ｓｈｏｇｕｎ　Ｃｏｎｓｕｌｔｉｎｇ　Ｓｔｒａｔｅｇｉｅｓ,兵庫県,神戸市長田区,宮川町４丁目３１番地の４０ソフィット宮川３０１号,6530813
9140001135327,株式会社永美心,兵庫県,神戸市長田区,西山町４丁目４番７号,6530862
9140001135343,株式会社ＴＯＰ　ＣＲＡＦＴ,兵庫県,神戸市長田区,西丸山町３丁目７番２３号,6530874
9140001135442,株式会社キャリーアップ,兵庫県,神戸市長田区,日吉町６丁目２番１０−５０５号,6530039
9140001135599,株式会社松本組,兵庫県,神戸市長田区,三番町４丁目２６−６,6530011
9140001136440,ＣＡＲ　ＨＵＢ株式会社,兵庫県,神戸市長田区,寺池町２丁目２番２号１０２室,6530804
9140001136564,株式会社ＢＡＵＣ,兵庫県,神戸市長田区,神楽町２丁目３番２５号,6530836
9140001137042,旭屋ガラス店株式会社,兵庫県,神戸市長田区,二葉町２丁目８番２号,6530042
9140001137281,株式会社緑円,兵庫県,神戸市長田区,明泉寺町３丁目８番４号,6530884
9140001137760,Ｓｔｕｄｉｏ　Ｂｅｎｊａｍｉｎ株式会社,兵庫県,神戸市長田区,明泉寺町３丁目３−９南棟１３号,6530884
9140001138156,株式会社ｂ‐ｍａｒｋ,兵庫県,神戸市長田区,西丸山町２丁目１番１３号,6530874
9140001138437,山崎建設興業株式会社,兵庫県,神戸市長田区,五番町２丁目６番地の１９,6530003
9140001138585,株式会社神弘建設,兵庫県,神戸市長田区,雲雀ヶ丘３丁目６番１−２０３号,6530879
9140001139195,株式会社ＴＳプランニング,兵庫県,神戸市長田区,若松町２丁目１番９号３Ｆ,6530038
9140001139708,神戸八栄株式会社,兵庫県,神戸市長田区,松野通３丁目２番３８−２０９号,6530841
9140001140046,株式会社Ｊ３０,兵庫県,神戸市長田区,真野町２−１１東田ビル３０２,6530025
9140001140467,株式会社パトロ,兵庫県,神戸市長田区,川西通５丁目１０１番地１共栄ビル２階東側,6530834
9140001141853,株式会社ＬＨＹＬＳＥ,兵庫県,神戸市長田区,西尻池町１丁目２番３号,6530031
9140002026302,株式会社五葉土地,兵庫県,神戸市長田区,西山町３丁目４番２０号,6530862
9140002027481,株式会社産経実業,兵庫県,神戸市長田区,大橋町２丁目１番１０号産経ビル,6530037
9140002027903,株式会社Ｃプラス,兵庫県,神戸市長田区,山下町１丁目４６−１,6530852
9140003003507,株式会社ミツワ材木店,兵庫県,神戸市長田区,二番町４丁目１０番地,6530012
9140003004950,株式会社スマイル,兵庫県,神戸市長田区,五番町５丁目１市住２７−４号室,6530003
9140003015568,株式会社アスピーレ,兵庫県,神戸市長田区,西山町１丁目２−１８,6530862
9150001014208,株式会社成和,兵庫県,神戸市長田区,若松町８丁目４番１３号,6530038
9370001050214,Ｍ　Ｓ　Ｆ　ＴＲＡＤＩＮＧ株式会社,兵庫県,神戸市長田区,雲雀ヶ丘３丁目６番５号ヴィラナリー雲雀ヶ丘５号棟３０２号,6530879
