法人番号,法人名,都道府県,市区町村,番地,郵便番号
1010401086504,株式会社ＭＯＭＯ　Ｓｔｙｌｅ,兵庫県,神戸市北区,星和台２丁目８４番１号,6511121
1010401091751,ウィンテックス株式会社,兵庫県,神戸市北区,桂木３丁目３２番地の２エスポアシティ神戸北町２０２号,6511223
1010401116789,株式会社クォータースキーム,兵庫県,神戸市北区,谷上東町７番６,6511245
1020001093585,川サキ総合研究所株式会社,兵庫県,神戸市北区,星和台１丁目１３番８,6511121
1021001060559,株式会社ＬＡＮＡＩ　ＭＡＫＡＩ,兵庫県,神戸市北区,北五葉４丁目１４−１,6511131
1120001080565,エピアンダイニング株式会社,兵庫県,神戸市北区,有馬町１２２９番地の２−６１８号,6511401
1120001092271,株式会社ルナ神戸,兵庫県,神戸市北区,鈴蘭台北町４丁目１番３２−５０４号,6511111
1120001100793,ベンチャーブレインインターナショナル株式会社,兵庫県,神戸市北区,緑町８丁目１番１１−８０４号,6511221
1120001132192,株式会社ＡＩ都市開発,兵庫県,神戸市北区,有馬町１８８番地の３２,6511401
1120001142935,株式会社ＯＳＣエンジニアリング,兵庫県,神戸市北区,長尾町宅原１８９６−１,6511511
1120001186338,大阪アパレル輸入商事株式会社,兵庫県,神戸市北区,有野町唐櫃２９３１−３３,6511331
1120001208554,盛通株式会社,兵庫県,神戸市北区,有野町唐櫃４０２９−６,6511331
1120001254359,辰光文創株式会社,兵庫県,神戸市北区,甲栄台１丁目１０番１２号,6511142
1120101059336,株式会社ＧＥＮＥＡＳ,兵庫県,神戸市北区,有野町有野１１０８番地２０３号,6511312
1130001062918,永田工業株式会社,兵庫県,神戸市北区,幸陽町３丁目１５番地の１３,6511203
1140001003821,日産映画興業株式会社,兵庫県,神戸市北区,泉台３丁目３７番地の２,6511141
1140001003854,のじぎく観光株式会社,兵庫県,神戸市北区,淡河町北僧尾１６０番地,6511601
1140001006923,カドヤ産業株式会社,兵庫県,神戸市北区,杉尾台１丁目１番地の５,6511146
1140001007525,株式会社輝地興産,兵庫県,神戸市北区,日の峰４丁目１３番地の２１,6511233
1140001008060,株式会社サンヨーメタル,兵庫県,神戸市北区,柏尾台１４番地の６,6511255
1140001009331,株式会社中央タイル,兵庫県,神戸市北区,君影町３丁目１番２６−１０６号,6511122
1140001012293,日本リバテック株式会社,兵庫県,神戸市北区,桂木２丁目２６番地の１７,6511223
1140001012599,株式会社江川商店,兵庫県,神戸市北区,星和台４丁目７番地の４,6511121
1140001013226,株式会社シスコム,兵庫県,神戸市北区,星和台２丁目８１番地の５,6511121
1140001014538,株式会社リード,兵庫県,神戸市北区,筑紫が丘３丁目１４番地の２０,6511212
1140001014744,株式会社グローバルマネジメント,兵庫県,神戸市北区,泉台５丁目１０番地の１４,6511141
1140001014760,株式会社アクト,兵庫県,神戸市北区,京地２丁目１０番地の８,6511304
1140001014785,有馬観光開発株式会社,兵庫県,神戸市北区,有馬町１２０５番地,6511401
1140001014802,株式会社イケ・マリーン,兵庫県,神戸市北区,唐櫃台２丁目１５番２６号,6511332
1140001014819,戌亥産業株式会社,兵庫県,神戸市北区,山田町下谷上字中段３２番地,6511243
1140001014827,株式会社う越利,兵庫県,神戸市北区,有馬町８３８番地,6511401
1140001014851,株式会社エネックス,兵庫県,神戸市北区,有野台１丁目４番の８,6511321
1140001014876,株式会社奥村幸治商店,兵庫県,神戸市北区,鈴蘭台東町６丁目３番７号,6511112
1140001014884,カーリペアサンセブン株式会社,兵庫県,神戸市北区,有野町有野３７３０番地の２,6511312
1140001014892,株式会社梶米穀店,兵庫県,神戸市北区,有馬町２６２番地,6511401
1140001014926,株式会社木戸酒店,兵庫県,神戸市北区,鈴蘭台東町１丁目１２番１６号,6511112
1140001014959,株式会社ゲスト・ハート,兵庫県,神戸市北区,大原３丁目４番地の１３,6511222
1140001014975,株式会社浩陽,兵庫県,神戸市北区,鈴蘭台南町４丁目３番２０号,6511113
1140001014991,株式会社コスモエアーシステム,兵庫県,神戸市北区,筑紫が丘７丁目６番地の１３,6511212
1140001015024,サンセブンレッカー株式会社,兵庫県,神戸市北区,有野町有野３７３０番地の２,6511312
1140001015065,株式会社伸光,兵庫県,神戸市北区,山田町小部字大東１２−１９,6511101
1140001015098,神有デンソー株式会社,兵庫県,神戸市北区,道場町平田字落合迎１１０４番地の１,6511504
1140001015107,信和興産株式会社,兵庫県,神戸市北区,桂木２丁目１７番地の５,6511223
1140001015123,株式会社ストリート,兵庫県,神戸市北区,鈴蘭台西町４丁目８番８号,6511114
1140001015131,セイコー産業株式会社,兵庫県,神戸市北区,南五葉６丁目２番９号,6511132
1140001015148,株式会社エヌシーシー,兵庫県,神戸市北区,鈴蘭台北町１丁目２２番１４号,6511111
1140001015156,株式会社大幸,兵庫県,神戸市北区,山田町小部字妙賀１０番地の８,6511101
1140001015164,大成土地株式会社,兵庫県,神戸市北区,山田町西下字押部道１６番地の１,6511263
1140001015172,第二六甲ゴルフ株式会社,兵庫県,神戸市北区,山田町西下字押部道１６番地の１,6511263
1140001015180,太陽ヘルスフーズ株式会社,兵庫県,神戸市北区,鈴蘭台北町５丁目１１番１号,6511111
1140001015189,竹中産業株式会社,兵庫県,神戸市北区,有馬町１４５番地の１,6511401
1140001015214,中央クリエイション株式会社,兵庫県,神戸市北区,鈴蘭台南町３丁目７番２４号,6511113
1140001015222,天建興産株式会社,兵庫県,神戸市北区,山田町小部字妙賀１０番地の８,6511101
1140001015230,株式会社土井,兵庫県,神戸市北区,藤原台北町６丁目１１番１１号,6511301
1140001015255,株式会社中野工務店,兵庫県,神戸市北区,淡河町野瀬３５０番地,6511623
1140001015263,株式会社中村フーズ,兵庫県,神戸市北区,星和台２丁目８６番地の１４,6511121
1140001015271,ナリックス株式会社,兵庫県,神戸市北区,泉台２丁目２番１（２−５０４号）,6511141
1140001015288,株式会社祢木商店,兵庫県,神戸市北区,八多町上小名田３３番地,6511354
1140001015305,柏泉グリーン開発株式会社,兵庫県,神戸市北区,八多町深谷字梁ケ谷１０２５番の１,6511341
1140001015338,兵備株式会社,兵庫県,神戸市北区,藤原台南町３丁目６番１８号,6511303
1140001015354,ファミリー株式会社,兵庫県,神戸市北区,甲栄台１丁目２番３−１０４号,6511142
1140001015362,株式会社フクヤ,兵庫県,神戸市北区,桂木３丁目２２番地の１,6511223
1140001015379,株式会社二村組,兵庫県,神戸市北区,山田町下谷上字中一里山６番地１２３,6511102
1140001015395,株式会社ホーム,兵庫県,神戸市北区,惣山町５丁目９番地の６,6511145
1140001015404,北神開発株式会社,兵庫県,神戸市北区,山田町小部字一ツ鍬山１０番地の１,6511101
1140001015420,北鈴設備株式会社,兵庫県,神戸市北区,甲栄台１丁目７番８号,6511142
1140001015429,前芝商事株式会社,兵庫県,神戸市北区,鈴蘭台北町３丁目２番１号,6511111
1140001015437,株式会社満月堂,兵庫県,神戸市北区,淡河町淡河７５４番地の１,6511603
1140001015461,ミキ通設株式会社,兵庫県,神戸市北区,東大池３丁目４番１９号,6511333
1140001015478,株式会社ミナミエステート,兵庫県,神戸市北区,山田町上谷上字畑開地１１番地の１,6511242
1140001015486,株式会社ミヤザキ宝飾,兵庫県,神戸市北区,星和台５丁目７番地の１５５,6511121
1140001015511,安場建設株式会社,兵庫県,神戸市北区,八多町附物７５５番地の１,6511343
1140001015528,株式会社ユタカ設備工業,兵庫県,神戸市北区,緑町７丁目１番２９号,6511221
1140001015544,株式会社ワークス,兵庫県,神戸市北区,泉台４丁目１６番地の２,6511141
1140001015560,ワタナベ塗装株式会社,兵庫県,神戸市北区,八多町中１１３０番地,6511351
1140001015569,株式会社陵楓閣,兵庫県,神戸市北区,有馬町１５３７番地の２,6511401
1140001015577,株式会社レンギン中央,兵庫県,神戸市北区,有野町唐櫃字中ケ谷４０３８番７,6511331
1140001015602,神戸産業株式会社,兵庫県,神戸市北区,有野町有野７８０番地の１,6511312
1140001015627,兵庫ジャスコ株式会社,兵庫県,神戸市北区,南五葉２丁目１番３３−１０１号,6511132
1140001018992,株式会社兵庫電電サービス,兵庫県,神戸市北区,鈴蘭台南町３丁目９番２４号,6511113
1140001019181,日之出管財株式会社,兵庫県,神戸市北区,日の峰１丁目２２番地の１,6511233
1140001019215,株式会社アルアール,兵庫県,神戸市北区,鈴蘭台北町１丁目９番１号ベルスト鈴蘭台１Ｆ,6511111
1140001019768,株式会社北神戸生コン,兵庫県,神戸市北区,山田町小部字妙賀１１番地の３,6511101
1140001020098,株式会社セミナープランニングセンター,兵庫県,神戸市北区,花山中尾台１丁目２５番地の２,6511202
1140001020676,サンラックス株式会社,兵庫県,神戸市北区,大原２丁目８番地の８,6511222
1140001020809,株式会社アスク,兵庫県,神戸市北区,山田町下谷上字梅木谷２０番,6511243
1140001021055,株式会社創喜テック,兵庫県,神戸市北区,道場町塩田１９３０番地の９,6511502
1140001021385,株式会社明日香,兵庫県,神戸市北区,西大池１丁目３４番３１号,6511201
1140001021575,神戸空港タクシー株式会社,兵庫県,神戸市北区,山田町下谷上字下の勝７,6511243
1140001022557,株式会社ワールドビジネス,兵庫県,神戸市北区,鈴蘭台北町２丁目４番４号,6511111
1140001022788,株式会社ファミリー葬,兵庫県,神戸市北区,北五葉６丁目１４番３０号,6511131
1140001023076,株式会社自然塾,兵庫県,神戸市北区,道場町塩田２０２８番地の３,6511502
1140001023274,株式会社さくら建装,兵庫県,神戸市北区,有野台７丁目５番地の１,6511321
1140001023506,ラピス工業株式会社,兵庫県,神戸市北区,藤原台中町６丁目１９番６号,6511302
1140001023530,株式会社社会システム総合研究所,兵庫県,神戸市北区,花山中尾台１丁目７番地の１,6511202
1140001023539,株式会社常晴,兵庫県,神戸市北区,有野町有野１６６２ー１,6511312
1140001023547,株式会社アイブリッジ,兵庫県,神戸市北区,桂木２丁目１７番１,6511223
1140001023679,株式会社ヒョウ工務店,兵庫県,神戸市北区,有野町有野８１３−２,6511312
1140001023885,株式会社アスク,兵庫県,神戸市北区,有馬町１７０番地の４,6511401
1140001024280,株式会社健友会ホールディングス,兵庫県,神戸市北区,山田町下谷上字門口９番地の４,6511243
1140001024454,株式会社アリスト,兵庫県,神戸市北区,鹿の子台北町６丁目１９番６号,6511513
1140001025023,株式会社清浄野菜普及研究所,兵庫県,神戸市北区,赤松台２丁目２番８号,6511516
1140001025097,株式会社サニープレイス神戸,兵庫県,神戸市北区,鈴蘭台南町９丁目３番４号,6511113
1140001025361,ＣｏｐｙＣａｔ株式会社,兵庫県,神戸市北区,山田町西下字押部通２６−１,6511263
1140001025378,株式会社ゾンネ企画,兵庫県,神戸市北区,東有野台３丁目８番地の５,6511322
1140001025394,株式会社田上商店,兵庫県,神戸市北区,北五葉３丁目８番４１号,6511131
1140001025403,株式会社ナガエ企画,兵庫県,神戸市北区,京地２丁目１４番地の１６,6511304
1140001025584,真面目食品株式会社,兵庫県,神戸市北区,青葉台３６番３号,6511231
1140001025626,株式会社オーシャンビューティー,兵庫県,神戸市北区,藤原台南町２丁目７番７号,6511303
1140001025766,株式会社山まる園,兵庫県,神戸市北区,有野台６丁目１２番地の２,6511321
1140001025840,株式会社アステック・クリエイト,兵庫県,神戸市北区,鈴蘭台西町５丁目１６番１号,6511114
1140001025849,株式会社オーシャンネットワーク,兵庫県,神戸市北区,星和台６丁目７番地の３,6511121
1140001026161,株式会社パーソナルコネクト,兵庫県,神戸市北区,菖蒲が丘１丁目５３４−５９,6511306
1140001026351,株式会社イーエスビー,兵庫県,神戸市北区,鈴蘭台南町４丁目５番１５号,6511113
1140001026483,株式会社川上商店,兵庫県,神戸市北区,有馬町１１９３番地,6511401
1140001026582,株式会社マルエイ,兵庫県,神戸市北区,山田町西下字才谷１５番地の２,6511263
1140001026855,株式会社宏建,兵庫県,神戸市北区,大沢町簾３７３−１２,6511526
1140001026962,株式会社フェリチタ,兵庫県,神戸市北区,山田町下谷上字門口４番地の１,6511243
1140001027127,株式会社エコ．アース,兵庫県,神戸市北区,泉台７丁目２番地１−４−５０５,6511141
1140001027184,株式会社マツナミアートオフィス,兵庫県,神戸市北区,鹿の子台南町４丁目１２番１号,6511514
1140001027291,株式会社古都,兵庫県,神戸市北区,星和台４丁目１７番地の４,6511121
1140001027523,山下商事株式会社,兵庫県,神戸市北区,藤原台南町３丁目１１番１−Ａ２０１号,6511303
1140001027779,株式会社マテリアルソルーション,兵庫県,神戸市北区,広陵町２丁目７９番地,6511213
1140001027853,株式会社Ｋ・Ｍ企画,兵庫県,神戸市北区,西山２丁目２５番地の１８,6511305
1140001028868,株式会社大優,兵庫県,神戸市北区,八多町深谷３６５番地の１,6511341
1140001029750,東栄交通株式会社,兵庫県,神戸市北区,山田町下谷上字下の勝１０−１,6511243
1140001030007,株式会社松本酒店,兵庫県,神戸市北区,泉台２丁目２１番地２,6511141
1140001030048,株式会社ＧＰＳ,兵庫県,神戸市北区,鳴子２丁目２０番地の１２,6511133
1140001030163,万養ホロン株式会社,兵庫県,神戸市北区,東大池１丁目１番２４−２０１号,6511333
1140001030394,株式会社ジョイユ,兵庫県,神戸市北区,若葉台４丁目１番１０号ハイム北鈴１０３,6511143
1140001030411,株式会社ＩＴＶｉｓｉｏｎ,兵庫県,神戸市北区,南五葉２丁目１番１１号,6511132
1140001030502,株式会社サイバーアウェイク,兵庫県,神戸市北区,道場町生野１１７２番地の６４２,6511503
1140001030535,株式会社リバーサイド,兵庫県,神戸市北区,谷上東町２０番６号,6511245
1140001030709,株式会社ワイズアソシエイツ,兵庫県,神戸市北区,星和台６丁目５番地の９,6511121
1140001030956,株式会社エンディング・プロデュース,兵庫県,神戸市北区,有野町唐櫃３３２４番地７,6511331
1140001031120,関西キャディサポート株式会社,兵庫県,神戸市北区,藤原台北町４丁目９番６号,6511301
1140001031137,株式会社オフィス・ケイ,兵庫県,神戸市北区,藤原台中町２丁目９番１２号,6511302
1140001031260,株式会社祥南,兵庫県,神戸市北区,鹿の子台北町７丁目２１番１号,6511513
1140001031302,株式会社北町総合センター,兵庫県,神戸市北区,日の峰２丁目３番地の１,6511233
1140001031335,株式会社運輸ビジネスリサーチ,兵庫県,神戸市北区,鹿の子台北町６丁目３０番３号,6511513
1140001031392,株式会社Ｋ−スタイル,兵庫県,神戸市北区,山田町小部字ヲモ谷８番地の１,6511101
1140001031467,株式会社フロッサム＆ジェッサム,兵庫県,神戸市北区,藤原台中町２丁目８番６号,6511302
1140001032011,株式会社ｓｈｉｎ　ｃｏｒｐｏｒａｔｉｏｎ,兵庫県,神戸市北区,鈴蘭台西町１丁目２７番１２号,6511114
1140001032052,株式会社増田新聞舗,兵庫県,神戸市北区,有野町唐櫃１４０９−１さんまちビル１０５,6511331
1140001032226,株式会社フジイ,兵庫県,神戸市北区,花山中尾台３丁目４番地の３,6511202
1140001032457,株式会社ＫＴＡキャピタルマネージメント,兵庫県,神戸市北区,長尾町上津字弁才天３７３８−１,6511512
1140001032993,株式会社アステク,兵庫県,神戸市北区,有野町有野１６９０番地の１,6511312
1140001033406,株式会社ウッドベル・ハイビスカス薬局,兵庫県,神戸市北区,道場町日下部１８４４番地道場南口さくらビル１階北,6511505
1140001033496,株式会社ＨＴＣ,兵庫県,神戸市北区,大原１丁目１番地、２０２号,6511222
1140001033653,株式会社ダイエイ・アド,兵庫県,神戸市北区,鈴蘭台東町９丁目９番３号,6511112
1140001033793,株式会社上月エンタープライズ,兵庫県,神戸市北区,惣山町４丁目８番地の６,6511145
1140001033918,株式会社ふくろう,兵庫県,神戸市北区,鈴蘭台北町４丁目１番１６号,6511111
1140001033983,株式会社ＣＲＯＳＳ　ＥＮＴＥＲＴＡＩＮＭＥＮＴ,兵庫県,神戸市北区,唐櫃台２丁目４２番４号,6511332
1140001034032,株式会社Ｔｒａｄ　Ｓｔｙｌｅ,兵庫県,神戸市北区,緑町７丁目２０番１０号,6511221
1140001034107,株式会社ドゥーブルアッシュ,兵庫県,神戸市北区,谷上東町１１−１１,6511245
1140001034148,株式会社Ｓｕｒ,兵庫県,神戸市北区,ひよどり台南町２丁目３番地の１,6511125
1140001034362,株式会社ＡＲＴＥＳＡ,兵庫県,神戸市北区,桂木２丁目７番地の１３,6511223
1140001037836,株式会社恵風,兵庫県,神戸市北区,谷上東町２３番８号,6511245
1140001038157,新電気商事株式会社,兵庫県,神戸市北区,京地３丁目２３番地の１８,6511304
1140001042118,株式会社ｓｌｏｗ　ｂｏａｔ,兵庫県,神戸市北区,上津台４丁目２１番１９号,6511515
1140001042191,株式会社ＯＤＡＺＩＭＡ,兵庫県,神戸市北区,鳴子１丁目１０番地の１,6511133
1140001047265,株式会社アイズ,兵庫県,神戸市北区,北五葉５丁目３番１４−１号,6511131
1140001057215,株式会社福屋不動産販売,兵庫県,神戸市北区,鈴蘭台東町５丁目８番２８号,6511112
1140001057256,Ｔ＆Ｎ株式会社,兵庫県,神戸市北区,小倉台２丁目４番地の５,6511211
1140001066629,株式会社山中建設,兵庫県,神戸市北区,道場町塩田２４４６番地の３,6511502
1140001073435,株式会社堀野組,兵庫県,神戸市北区,藤原台北町１丁目９番２号,6511301
1140001077717,Ｒｏｍａｎｅｅ株式会社,兵庫県,神戸市北区,星和台３丁目１８番地の３６,6511121
1140001081347,鹿島精機工業株式会社,兵庫県,神戸市北区,長尾町上津５７４番地の２,6511512
1140001087377,加藤産業株式会社,兵庫県,神戸市北区,山田町西下字押部道１５番地,6511263
1140001087988,ハンドクラフターズ株式会社,兵庫県,神戸市北区,鹿の子台北町５丁目２３番１３号,6511513
1140001088656,株式会社友翔マネージメント,兵庫県,神戸市北区,谷上東町７−６,6511245
1140001089308,三共株式会社,兵庫県,神戸市北区,青葉台３０番１３号,6511231
1140001089613,明日香株式会社,兵庫県,神戸市北区,星和台４丁目６−５,6511121
1140001089729,イー・パワー加東株式会社,兵庫県,神戸市北区,山田町小部字妙賀１０番地の８,6511101
1140001090315,株式会社こうべファーム,兵庫県,神戸市北区,長尾町上津字北向３８６７番２,6511512
1140001090851,株式会社ぐるめコミュニケーションズ,兵庫県,神戸市北区,甲栄台５丁目１５番１２号,6511142
1140001091379,株式会社ＤＨＹ,兵庫県,神戸市北区,星和台３丁目１０番地の３０,6511121
1140001091825,株式会社富永,兵庫県,神戸市北区,山田町下谷上字下の勝２−５,6511243
1140001091833,株式会社ゼロスタート,兵庫県,神戸市北区,日の峰１丁目６番１０号,6511233
1140001092006,株式会社角兵衛,兵庫県,神戸市北区,藤原台北町１丁目１７番７号,6511301
1140001092567,株式会社ケイズクラフト,兵庫県,神戸市北区,京地４丁目２０番地の１８,6511304
1140001092609,ダイヤパン株式会社,兵庫県,神戸市北区,鹿の子台南町４丁目１５番７号,6511514
1140001093136,株式会社ハシモト興業,兵庫県,神戸市北区,大原２丁目１０−７,6511222
1140001093219,株式会社Ｊ・Ｍ・ＲＥＣＩＡ,兵庫県,神戸市北区,八多町附物９０７番地,6511343
1140001093838,株式会社コスモ不動産,兵庫県,神戸市北区,鈴蘭台西町５丁目１６番１−１００１号,6511114
1140001094068,株式会社神戸免疫技術総合研究所,兵庫県,神戸市北区,鈴蘭台北町７丁目１５−１５Ｂ−１０２,6511111
1140001094340,株式会社ＳＴＳ,兵庫県,神戸市北区,長尾町宅原１９０５−１,6511511
1140001094357,株式会社マードレックス,兵庫県,神戸市北区,唐櫃台４丁目５番２１号,6511332
1140001094753,バニヤンＡＩ株式会社,兵庫県,神戸市北区,鈴蘭台北町９丁目５番１−４１１号,6511111
1140001094910,株式会社右京組,兵庫県,神戸市北区,北五葉５丁目３番１１号,6511131
1140001094943,株式会社吉原金属,兵庫県,神戸市北区,道場町塩田２０８２番地,6511502
1140001095611,ＳＡＳＡＫＵＲＡ株式会社,兵庫県,神戸市北区,京地２丁目２５番１３号,6511304
1140001096238,株式会社サードアイ,兵庫県,神戸市北区,藤原台北町６丁目７番１３号,6511301
1140001097319,株式会社フード・セールス・プロモーション,兵庫県,神戸市北区,藤原台中町２丁目１６番９号トーショクビル３０１号,6511302
1140001097863,株式会社ヘブンリーホーム,兵庫県,神戸市北区,若葉台３丁目１４番１４号,6511143
1140001097946,株式会社ヒラク,兵庫県,神戸市北区,君影町１丁目２番１２−３０２号,6511122
1140001097979,株式会社聚珍社,兵庫県,神戸市北区,桂木２丁目１３番地の５,6511223
1140001098300,株式会社四季の洋菓子そよぎ,兵庫県,神戸市北区,北五葉１丁目１番３７号西鈴壱番館１Ｆ,6511131
1140001098820,株式会社コロラティ,兵庫県,神戸市北区,広陵町１丁目１２８番地,6511213
1140001100461,大杉エンジニアリング株式会社,兵庫県,神戸市北区,北五葉４丁目５番２１号,6511131
1140001100478,有馬自働車株式会社,兵庫県,神戸市北区,有馬町７９０番地の３,6511401
1140001100560,株式会社ＩＢＲＯ,兵庫県,神戸市北区,桂木２丁目３番地の１４,6511223
1140001100593,株式会社百の実,兵庫県,神戸市北区,鈴蘭台西町４丁目９番１２号,6511114
1140001101014,株式会社クリスタルテックパワー,兵庫県,神戸市北区,道場町生野１１７２番地１７８号,6511503
1140001102342,株式会社エム・スタイル,兵庫県,神戸市北区,長尾町宅原２３５０番８,6511511
1140001102375,株式会社葉月,兵庫県,神戸市北区,有野町有野９８０番地の１,6511312
1140001102540,株式会社山下組,兵庫県,神戸市北区,道場町日下部９５３番地の６,6511505
1140001102672,株式会社Ｊファシリティサービス,兵庫県,神戸市北区,藤原台南町３丁目１４番１１号,6511303
1140001102697,株式会社一休,兵庫県,神戸市北区,有馬町１１９６番地,6511401
1140001102862,株式会社Ａｌｂｅｒｏ,兵庫県,神戸市北区,菖蒲が丘３丁目１５番地の４,6511306
1140001102945,ＢＯＲＥＡＬ　ＳＫＹ株式会社,兵庫県,神戸市北区,緑町８丁目１番１２−７０２号,6511221
1140001105782,株式会社バンダパール,兵庫県,神戸市北区,日の峰５丁目１０番地の１、３−７０９号,6511233
1140001106681,株式会社零,兵庫県,神戸市北区,鈴蘭台北町３丁目１３番１４号,6511111
1140001106905,株式会社Ａｕｃｔｕｓ,兵庫県,神戸市北区,道場町塩田２４４６番地の３,6511502
1140001107424,株式会社ケイスリー,兵庫県,神戸市北区,山田町中字長尾サ３５番地の１,6511253
1140001107515,株式会社住宅サポート,兵庫県,神戸市北区,緑町１丁目３番１４号,6511221
1140001107564,株式会社ＰＣＰ,兵庫県,神戸市北区,緑町６丁目１２番９号,6511221
1140001108505,株式会社晨,兵庫県,神戸市北区,有野町有野２０８５番地,6511312
1140001109115,株式会社関東フォワード,兵庫県,神戸市北区,有野町有野８０番地,6511312
1140001109164,株式会社ｍｙ　ｐｅａｒｌ,兵庫県,神戸市北区,東大池１丁目１８番１２号,6511333
1140001110700,Ｔｒｉａｎｇｌｅ株式会社,兵庫県,神戸市北区,西大池２丁目８番１１１号,6511201
1140001110964,株式会社Ｇｒａｔｉａ,兵庫県,神戸市北区,鈴蘭台東町６丁目１１番２８号,6511112
1140001112176,株式会社Ｃａｓａｉｌ,兵庫県,神戸市北区,唐櫃台１丁目３４番２−２０１号,6511332
1140001112606,エン商事株式会社,兵庫県,神戸市北区,星和台５丁目７番地の１９,6511121
1140001112647,株式会社ライフサポート,兵庫県,神戸市北区,星和台４丁目１０番地の３３,6511121
1140001112944,株式会社サヴィンエンタープライズ,兵庫県,神戸市北区,山田町原野字火打石２番地,6511252
1140001113851,株式会社ユニークエナジー,兵庫県,神戸市北区,筑紫が丘２丁目２番地の６,6511212
1140001113884,株式会社久徳,兵庫県,神戸市北区,日の峰５丁目１４番１−３０９号,6511233
1140001114627,株式会社ＩＧＳ,兵庫県,神戸市北区,道場町日下部１６１５番地の２,6511505
1140001115393,株式会社ＷｅＬＬＮｅＸ,兵庫県,神戸市北区,藤原台北町６丁目７番１２号,6511301
1140001115831,角田印刷工房株式会社,兵庫県,神戸市北区,緑町２丁目１番３９号,6511221
1140001116169,株式会社サステナメディカル,兵庫県,神戸市北区,淡河町萩原１０６５番地,6511615
1140001116193,株式会社ＨＥＲＥＮプロモーション,兵庫県,神戸市北区,八多町中８８３番地の１,6511351
1140001117902,イシコネ株式会社,兵庫県,神戸市北区,花山中尾台１丁目１４番地の８,6511202
1140001118165,Ｒｅｐａｉｒ株式会社,兵庫県,神戸市北区,小倉台４丁目６番地の１４,6511211
1140001118867,株式会社正光堂,兵庫県,神戸市北区,南五葉３丁目１１番４６号,6511132
1140001119007,エネテクスト株式会社,兵庫県,神戸市北区,鈴蘭台北町７丁目２１番５号,6511111
1140001119155,株式会社富時,兵庫県,神戸市北区,東大池２丁目１７番１７号,6511333
1140001119345,株式会社ＪＡＮ,兵庫県,神戸市北区,筑紫が丘２丁目１８−７,6511212
1140001119361,池田造園株式会社,兵庫県,神戸市北区,鳴子２丁目１４番地の１１,6511133
1140001119386,株式会社ナルアーノ,兵庫県,神戸市北区,東大池１丁目２０番２０号,6511333
1140001119535,アジサイ神戸株式会社,兵庫県,神戸市北区,鈴蘭台東町３丁目２番１号,6511112
1140001120658,株式会社弐拾六,兵庫県,神戸市北区,君影町１丁目２番１２−１１０６号,6511122
1140001121813,株式会社芝電工,兵庫県,神戸市北区,有野町有野１４３０−１,6511312
1140001122101,株式会社ＡＲＴ　ＭＵＳＥＵＭ　ＴＡＪＩＭＡ,兵庫県,神戸市北区,藤原台中町７丁目１６番１８号,6511302
1140001122654,株式会社Ｔ．Ｏ　ｂｏｄｙ,兵庫県,神戸市北区,ひよどり台南町３丁目２番地の２８,6511125
1140001123033,株式会社Ｔａｋ−Ｍｅ,兵庫県,神戸市北区,緑町２丁目１１番２４号,6511221
1140001123784,株式会社ｆｏｒｔｕｎｅ,兵庫県,神戸市北区,藤原台南町４丁目１番２７−２号,6511303
1140001124007,株式会社ピットＫ,兵庫県,神戸市北区,藤原台北町５丁目３番１０−２０８号,6511301
1140001124865,株式会社ディレクト,兵庫県,神戸市北区,南五葉２丁目１番２９号,6511132
1140001124873,株式会社ＳＥＣＯＮＤ　ＢＡＳＥ　ＫＯＢＥ,兵庫県,神戸市北区,山田町原野字札場４番地,6511252
1140001125153,株式会社ＮＴ,兵庫県,神戸市北区,大沢町中大沢７８０番地,6511524
1140001125161,株式会社Ａｇｒｉｃｏ,兵庫県,神戸市北区,長尾町上津３４７４番地,6511512
1140001125855,株式会社Ｄｅａｒ,兵庫県,神戸市北区,青葉台４０番３号,6511231
1140001126374,株式会社Ｊ・Ｈ　ＴＲＵＳＴ,兵庫県,神戸市北区,ひよどり台３丁目１２番地の１１,6511123
1140001127050,株式会社ツザキ,兵庫県,神戸市北区,大沢町中大沢９７４番地,6511524
1140001127769,株式会社ミットデザイン,兵庫県,神戸市北区,泉台３丁目１６番地の１３,6511141
1140001127793,株式会社めぐる,兵庫県,神戸市北区,道場町日下部１０４８番地４,6511505
1140001127835,株式会社ＩＺＵＭＩ塗装,兵庫県,神戸市北区,有野中町４丁目１８番１２号,6511313
1140001127918,スポルトリハケアサポート株式会社,兵庫県,神戸市北区,甲栄台５丁目１０番１９号,6511142
1140001129237,株式会社みらここ,兵庫県,神戸市北区,有野町有野１６５５番地の３,6511312
1140001129427,株式会社雅興建,兵庫県,神戸市北区,山田町小部字南山２番地の５９８,6511101
1140001130723,近畿タノシー株式会社,兵庫県,神戸市北区,有馬町１２２９番地１,6511401
1140001132182,久洋商事株式会社,兵庫県,神戸市北区,有馬町１９９番地の２８エイジングコート有馬５２４号,6511401
1140001132397,株式会社ＫＯＢＡＫＯ,兵庫県,神戸市北区,藤原台南町３丁目１番１０号,6511303
1140001132439,株式会社カタパルト,兵庫県,神戸市北区,広陵町１丁目１６２番地の１、５０４号,6511213
1140001132918,株式会社ミライツナグ,兵庫県,神戸市北区,上津台５丁目６−２８,6511515
1140001133429,株式会社Ｌｕａｎａ,兵庫県,神戸市北区,藤原台南町２丁目１２番５号イーストブルー七番館１０２,6511303
1140001133445,株式会社Ｔ‐ＯＮＥ,兵庫県,神戸市北区,八多町中７８２−１,6511351
1140001133742,株式会社Ｒｉｚｚワークス,兵庫県,神戸市北区,日の峰１丁目５番地の４,6511233
1140001133924,株式会社北神戸ＦＰサービス,兵庫県,神戸市北区,西大池１丁目２７−２５,6511201
1140001133932,株式会社Ｎ　ＳＨＥＥＴ　ＭＥＴＡＬ,兵庫県,神戸市北区,鈴蘭台南町１丁目２−３,6511113
1140001134245,株式会社Ｌｏｕｉｓ　Ｗｉｎ,兵庫県,神戸市北区,松宮台１丁目１６番地の１５,6511147
1140001135276,トロリーワークス株式会社,兵庫県,神戸市北区,甲栄台１丁目９番１−１０１号,6511142
1140001135350,ＮＡＥ　ＬＡＢ株式会社,兵庫県,神戸市北区,大沢町日西原１１８７,6511525
1140001135425,ココロユタカ株式会社,兵庫県,神戸市北区,ひよどり台２丁目３１番地の２６,6511123
1140001135706,ひかり建装株式会社,兵庫県,神戸市北区,東有野台３丁目１０−１,6511322
1140001135945,株式会社ｉｎｈｅｒｉｔ,兵庫県,神戸市北区,上津台４丁目８番２６−１号,6511515
1140001136010,株式会社ＷＥＢＡＶＥＮＵＥ,兵庫県,神戸市北区,大脇台８−１ライオンズマンション第二７１６,6511144
1140001136092,株式会社Ｔ＆Ｇ,兵庫県,神戸市北区,桂木４丁目１番地の１０７,6511223
1140001136159,株式会社ＥＶＥＲＧＲＥＥＮ,兵庫県,神戸市北区,山田町下谷上字中一里山１５−４０,6511102
1140001137504,ＪＮＶ　Ｇｌｏｂａｌ株式会社,兵庫県,神戸市北区,有野町唐櫃４０２９番３−３１１号室,6511331
1140001137636,株式会社ＭＴＭｃｕｒｒｅｎｔ,兵庫県,神戸市北区,筑紫が丘１丁目１４番地の６,6511212
1140001137660,株式会社ＫＡＭ,兵庫県,神戸市北区,藤原台北町１丁目１５番１号,6511301
1140001137826,Ｍｏｒｎｉｎｇ　Ｃｒｅｓｔ株式会社,兵庫県,神戸市北区,柏尾台８番地の８,6511255
1140001137834,神戸京町株式会社,兵庫県,神戸市北区,谷上西町２４番５−３０２号,6511246
1140001137925,株式会社ｇｒａｃｉｎａ　ｇｒｏｕｐ,兵庫県,神戸市北区,有野町有野５１４番地の１８,6511312
1140001139707,株式会社Ｙ’ｓ　ｐｌｕｍｂｉｎｇ　ｗｏｒｋｓ,兵庫県,神戸市北区,ひよどり台１丁目２０番地の９,6511123
1140001140152,株式会社ＣＲＡＳＴ,兵庫県,神戸市北区,上津台３丁目１９番１５号,6511515
1140001140788,株式会社谷口建築,兵庫県,神戸市北区,泉台３丁目１１番地の１１,6511141
1140001141398,株式会社カドカラＨＤ,兵庫県,神戸市北区,鈴蘭台西町２丁目２番５号,6511114
1140001141670,株式会社ＫＹＥＮ,兵庫県,神戸市北区,花山中尾台３丁目１７番地の１１,6511202
1140001141869,株式会社さかもと住設,兵庫県,神戸市北区,有野町唐櫃１９８５,6511331
1140001141877,株式会社伊藤興業,兵庫県,神戸市北区,緑町７丁目２０番３号Ａ１０６号,6511221
1140003004719,株式会社ＴＫコンビニエンス,兵庫県,神戸市北区,日の峰５丁目１０番地４−２０２号,6511233
1150001015122,株式会社アクシス,兵庫県,神戸市北区,上津台６丁目１６番２８号,6511515
1220001022516,株式会社蜂鳥,兵庫県,神戸市北区,中里町２丁目１０番地の１,6511103
1290003008085,株式会社Ｏｃｅａｎｓ５,兵庫県,神戸市北区,有野町唐櫃４２７３−３８,6511331
1390001016996,株式会社鷹司吉兵衛,兵庫県,神戸市北区,大沢町簾字滝の平３４５番地,6511526
2010401070713,株式会社ＭＩＰ,兵庫県,神戸市北区,山田町下谷上字南山７番地,6511243
2012401025110,株式会社バードワークス,兵庫県,神戸市北区,有野台２丁目１−１４,6511321
2120001064105,栄開発株式会社,兵庫県,神戸市北区,山田町衝原５１,6511264
2120001069517,兵庫開発株式会社,兵庫県,神戸市北区,淡河町北畑５７１番地,6511616
2120001122127,ＴＵＢＡＭＥ株式会社,兵庫県,神戸市北区,藤原台南町４丁目１０−９,6511303
2120001170761,株式会社リーフ,兵庫県,神戸市北区,上津台１丁目１６番７号,6511515
2120001173491,株式会社Ｅ．Ｍ．Ｕ,兵庫県,神戸市北区,有野町唐櫃２０８７番地の２０,6511331
2120001179877,Ｒｅｄｃｏｆｆｅｅ株式会社,兵庫県,神戸市北区,谷上南町１８番１６号,6511244
2120001196195,ＣＧＩケアマネジメント株式会社,兵庫県,神戸市北区,東有野台２丁目１１番地の７,6511322
2120001198712,リーアズイン株式会社,兵庫県,神戸市北区,泉台３丁目１４番１−８０１号,6511141
2140001003416,サツキ貿易株式会社,兵庫県,神戸市北区,鹿の子台北町２丁目７番１４−３０３号,6511513
2140001005908,アサヒコピー工業株式会社,兵庫県,神戸市北区,筑紫が丘５丁目１５番地の９,6511212
2140001006435,株式会社エスタ,兵庫県,神戸市北区,小倉台６丁目１番地の１３,6511211
2140001008448,神友産業株式会社,兵庫県,神戸市北区,山田町藍那字伝庫３番地の５,6511104
2140001009140,大和開発産業株式会社,兵庫県,神戸市北区,有馬町１９９番地の２８号エイジングコート有馬４２０号,6511401
2140001010552,株式会社フクタス,兵庫県,神戸市北区,星和台１丁目５番地の１０,6511121
2140001010767,株式会社ベルクシュタイガン,兵庫県,神戸市北区,日の峰４丁目１３番地の２１,6511233
2140001011848,六和商事株式会社,兵庫県,神戸市北区,桂木２丁目１４番地の１２,6511223
2140001012706,岡本タイヤー株式会社,兵庫県,神戸市北区,南五葉５丁目３番１７号,6511132
2140001013019,株式会社講和,兵庫県,神戸市北区,鈴蘭台東町８丁目８番１５号,6511112
2140001013076,株式会社サウスブルック,兵庫県,神戸市北区,星和台４丁目１７番地の２,6511121
2140001013753,株式会社エヌエスコーポレーション,兵庫県,神戸市北区,北五葉１丁目２番８号,6511131
2140001014479,株式会社輸入食品,兵庫県,神戸市北区,ひよどり台２丁目１２番地の５,6511123
2140001014768,株式会社東建材店,兵庫県,神戸市北区,長尾町宅原１９５４番地の５,6511511
2140001014776,有協食品株式会社,兵庫県,神戸市北区,有馬町字中畑２４９番地の１,6511401
2140001014784,株式会社有馬工業所,兵庫県,神戸市北区,東大池２丁目８番１号,6511333
2140001014801,株式会社池本設備工業,兵庫県,神戸市北区,南五葉６丁目１０番２８号,6511132
2140001014859,淡河木材株式会社,兵庫県,神戸市北区,淡河町萩原７８７番地１,6511615
2140001014867,岡三株式会社,兵庫県,神戸市北区,鈴蘭台東町２丁目４番３２号,6511112
2140001014909,株式会社環境インターナショナルプロジェクト,兵庫県,神戸市北区,八多町吉尾５７６番地の２,6511353
2140001014917,株式会社岸商店建材部,兵庫県,神戸市北区,緑町７丁目１番３３号,6511221
2140001014933,株式会社木下商店,兵庫県,神戸市北区,甲栄台２丁目２番１７号,6511142
2140001014958,株式会社源辞苑,兵庫県,神戸市北区,有野町二郎１７８番地１,6511311
2140001014966,恒信株式会社,兵庫県,神戸市北区,南五葉２丁目４番１９−４０２号,6511132
2140001014974,コウベフネン株式会社,兵庫県,神戸市北区,惣山町５丁目１０番地の１３,6511145
2140001014999,小谷設備工業株式会社,兵庫県,神戸市北区,鈴蘭台南町７丁目１３番１号,6511113
2140001015007,サイエンスマイクロ株式会社,兵庫県,神戸市北区,有野町唐櫃３２５６−１,6511331
2140001015015,株式会社酒の淡路屋,兵庫県,神戸市北区,有野台２丁目１番の４,6511321
2140001015023,三神砕石販売株式会社,兵庫県,神戸市北区,有野町有野字百間樋８４０番１,6511312
2140001015031,三田新興株式会社,兵庫県,神戸市北区,長尾町宅原字横山１８６９番地の２,6511511
2140001015064,シーティーエー関西販売株式会社,兵庫県,神戸市北区,有野中町３丁目２６番２０号,6511313
2140001015080,神鉄タクシー株式会社,兵庫県,神戸市北区,甲栄台３丁目７番１５号,6511142
2140001015089,芝電器株式会社,兵庫県,神戸市北区,有野中町１丁目１４番６号,6511313
2140001015114,株式会社スズキ商会,兵庫県,神戸市北区,有野中町２丁目１７番２８号,6511313
2140001015122,株式会社スタジオリンク,兵庫県,神戸市北区,若葉台４丁目２番２１号,6511143
2140001015147,センチュリープランニング株式会社,兵庫県,神戸市北区,淡河町野瀬３４８番地,6511623
2140001015163,大成工建株式会社,兵庫県,神戸市北区,道場町日下部１５９５番地,6511505
2140001015188,高田自動車株式会社,兵庫県,神戸市北区,八多町上小名田１４４４番地,6511354
2140001015205,田中試錐工業株式会社,兵庫県,神戸市北区,有馬町２８１番地,6511401
2140001015213,日本タッチストーン株式会社,兵庫県,神戸市北区,鈴蘭台東町３丁目３番６４号,6511112
2140001015238,株式会社東新興産,兵庫県,神戸市北区,筑紫が丘８丁目４番地の３,6511212
2140001015254,中寺産業株式会社,兵庫県,神戸市北区,山田町下谷上字六地蔵４番地の６,6511243
2140001015262,株式会社長畑組,兵庫県,神戸市北区,東大池２丁目９番１７号,6511333
2140001015270,南陽産業株式会社,兵庫県,神戸市北区,有野町唐櫃３２５２番地の４,6511331
2140001015279,株式会社西無線研究所,兵庫県,神戸市北区,柏尾台１４番地の１１,6511255
2140001015295,株式会社ハウジング神戸,兵庫県,神戸市北区,山田町下谷上字五池谷３４−１,6511243
2140001015337,株式会社ヒョウタニタイル,兵庫県,神戸市北区,広陵町５丁目１７９番地,6511213
2140001015353,株式会社フィットファン,兵庫県,神戸市北区,松が枝町２丁目７番地の１６号,6511232
2140001015403,株式会社マツダオートザム北神,兵庫県,神戸市北区,有野中町３丁目８番１４号,6511313
2140001015411,株式会社北神タイヤ商会,兵庫県,神戸市北区,有野町有野字西尾１６８０番地,6511312
2140001015436,株式会社マコト商事,兵庫県,神戸市北区,鳴子２丁目９番地の８,6511133
2140001015460,丸和建設株式会社,兵庫県,神戸市北区,山田町小部字妙賀１０番地の１,6511101
2140001015469,三ツ葉住宅株式会社,兵庫県,神戸市北区,鈴蘭台東町６丁目３番７号,6511112
2140001015477,皆様食生株式会社,兵庫県,神戸市北区,鈴蘭台北町３丁目５番９号,6511111
2140001015485,株式会社宮崎商会,兵庫県,神戸市北区,北五葉１丁目５番１１号,6511131
2140001015493,村田真珠株式会社,兵庫県,神戸市北区,有野町有野３４１３番地の７サーパス神戸北１０９号,6511312
2140001015519,株式会社山根商事,兵庫県,神戸市北区,鈴蘭台西町４丁目２番１２号,6511114
2140001015527,ユーコー商事株式会社,兵庫県,神戸市北区,鈴蘭台東町４丁目２番７号,6511112
2140001015535,吉田綜合建設株式会社,兵庫県,神戸市北区,鈴蘭台南町９丁目８番１号,6511113
2140001015543,株式会社ラヴィンモアコスメティックス,兵庫県,神戸市北区,桂木２丁目８番地の９,6511223
2140001015551,株式会社ワールド,兵庫県,神戸市北区,鈴蘭台東町４丁目６番２０号,6511112
2140001015568,株式会社龍泉閣,兵庫県,神戸市北区,有馬町ウツギ谷１６６３番地,6511401
2140001015584,株式会社レストランロアジス,兵庫県,神戸市北区,唐櫃台４丁目３５番１号,6511332
2140001015592,株式会社神戸興産,兵庫県,神戸市北区,北五葉６丁目１３番１６号,6511131
2140001015601,神戸砕石株式会社,兵庫県,神戸市北区,有野町有野字百間樋８２３番の１,6511312
2140001015618,日本コーキ株式会社,兵庫県,神戸市北区,惣山町２丁目８番地の８,6511145
2140001015626,兵庫セキエイ株式会社,兵庫県,神戸市北区,有野町唐櫃３１６１番地７Ｎ．Ｒ．Ｐ．Ａ２号館２０３,6511331
2140001015808,株式会社大久保工作所,兵庫県,神戸市北区,長尾町宅原１３２０番地の１,6511511
2140001016707,美星工業株式会社,兵庫県,神戸市北区,南五葉３丁目５番１５号−３０２,6511132
2140001019131,株式会社セコス,兵庫県,神戸市北区,鈴蘭台南町９丁目７番２７号,6511113
2140001019180,株式会社グリーンワークス,兵庫県,神戸市北区,藤原台中町２丁目１５−１５,6511302
2140001019214,神鉄バス株式会社,兵庫県,神戸市北区,有野町唐櫃字山町１３９９番地の２,6511331
2140001019973,株式会社ハウジング流通,兵庫県,神戸市北区,桂木２丁目２番地の１,6511223
2140001020436,加藤産業株式会社,兵庫県,神戸市北区,山田町西下押部道１６番地の１,6511263
2140001020460,株式会社旭商会,兵庫県,神戸市北区,有野町有野３５５番１,6511312
2140001020584,株式会社エルブレイン,兵庫県,神戸市北区,北五葉６丁目１４番３０号,6511131
2140001020733,株式会社アンフィニ,兵庫県,神戸市北区,青葉台６番２０号,6511231
2140001020816,国際シティーモール株式会社,兵庫県,神戸市北区,有野町唐櫃３７８４番地１５,6511331
2140001020832,株式会社ワイティーシー,兵庫県,神戸市北区,鈴蘭台西町２丁目２２番７−７０５号,6511114
2140001020840,竹繁通商株式会社,兵庫県,神戸市北区,君影町１丁目１番３−２０１号,6511122
2140001020948,株式会社フォーユウ・サプライ,兵庫県,神戸市北区,山田町小部字向井谷１番地の１,6511101
2140001021070,株式会社北摂太陽オーディ,兵庫県,神戸市北区,長尾町宅原２０５１番地の１,6511511
2140001021459,株式会社橘商会,兵庫県,神戸市北区,日の峰４丁目１５番地の１３,6511233
2140001021707,株式会社エンテック,兵庫県,神戸市北区,藤原台中町６丁目２８番３号,6511302
2140001021954,株式会社エムケー,兵庫県,神戸市北区,鹿の子台北町１丁目１５番７号,6511513
2140001021995,株式会社グロリアコーポレイション,兵庫県,神戸市北区,君影町６丁目７の１４,6511122
2140001022201,株式会社サクラギプロジェクト,兵庫県,神戸市北区,星和台６丁目１６番地の２,6511121
2140001022655,株式会社マールズ,兵庫県,神戸市北区,藤原台南町４丁目１５番５号,6511303
2140001023141,株式会社ベース・ワーク,兵庫県,神戸市北区,泉台６丁目７番地８−２０５号,6511141
2140001023315,株式会社巴建設,兵庫県,神戸市北区,山田町小部５７番地,6511101
2140001023406,株式会社エコワン,兵庫県,神戸市北区,鈴蘭台南町９丁目７番２号,6511113
2140001023620,株式会社ホテリエスタッフ,兵庫県,神戸市北区,東大池３丁目２４番２号,6511333
2140001023744,株式会社フェイスヤード,兵庫県,神戸市北区,泉台４丁目１番地の３,6511141
2140001024577,株式会社ＳＥＥＤ−ＡＲＫ,兵庫県,神戸市北区,藤原台北町１丁目１２番３−１０１号,6511301
2140001024783,株式会社フィール,兵庫県,神戸市北区,山田町下谷上字久保１番地の１４,6511243
2140001024791,株式会社加藤設備,兵庫県,神戸市北区,甲栄台３丁目８番２７−７０２号,6511142
2140001024924,ダイトク建設株式会社,兵庫県,神戸市北区,有野町唐櫃２９３１番地の３８,6511331
2140001024965,株式会社日本アムスコ,兵庫県,神戸市北区,鈴蘭台東町４丁目３−２３,6511112
2140001024973,株式会社泉水,兵庫県,神戸市北区,鹿の子台北町５丁目２６番１４号,6511513
2140001025369,株式会社萬寿殿,兵庫県,神戸市北区,鈴蘭台西町２丁目２０番１１号,6511114
2140001025484,株式会社ファースト水道サービス,兵庫県,神戸市北区,星和台６丁目７番地の１６,6511121
2140001025600,株式会社エスプレッソ,兵庫県,神戸市北区,桂木２丁目４番地の１２,6511223
2140001025848,株式会社ナビゲーション,兵庫県,神戸市北区,幸陽町１丁目１８番地,6511203
2140001026111,株式会社アドバンテージ,兵庫県,神戸市北区,山田町下谷上字門口６番地の５、１０２号,6511243
2140001026482,フィールド企画株式会社,兵庫県,神戸市北区,惣山町１丁目５番地の６,6511145
2140001026516,株式会社神戸フェリーチェ,兵庫県,神戸市北区,鈴蘭台東町３丁目３番４１号,6511112
2140001026549,株式会社エコ・ウィッシュ,兵庫県,神戸市北区,鈴蘭台東町７丁目５番１４号,6511112
2140001027159,株式会社川渕不動産鑑定,兵庫県,神戸市北区,道場町生野１１７２番地の３５３,6511503
2140001027191,株式会社ドミーズ,兵庫県,神戸市北区,鈴蘭台東町９丁目１２番２号,6511112
2140001027299,ＡＴＬＡＳ株式会社,兵庫県,神戸市北区,日の峰４丁目１０番地の２,6511233
2140001027365,パラディーゾ・ジャパン神戸株式会社,兵庫県,神戸市北区,鈴蘭台東町９丁目７番１８号,6511112
2140001027407,株式会社西宮モコ,兵庫県,神戸市北区,山田町小部字広苅１８番地,6511101
2140001027489,株式会社竹富建業,兵庫県,神戸市北区,筑紫が丘２丁目５番５号,6511212
2140001027522,アイエムフロンティアーズ株式会社,兵庫県,神戸市北区,桂木２丁目１５番地の２２,6511223
2140001027662,株式会社サンスマイル,兵庫県,神戸市北区,大原２丁目５番地の３,6511222
2140001028058,ＫＨＫコミュニティ株式会社,兵庫県,神戸市北区,有野中町１丁目２０番１３号,6511313
2140001028149,株式会社ファイン商会,兵庫県,神戸市北区,唐櫃台２丁目２０番１６号,6511332
2140001028264,株式会社六甲蓬矢,兵庫県,神戸市北区,有野中町３丁目１６番１８−２０３号,6511313
2140001028454,株式会社イー・サクセス,兵庫県,神戸市北区,有野中町３丁目２８番１７号,6511313
2140001028594,株式会社渡辺組,兵庫県,神戸市北区,星和台５丁目２７番地の３０,6511121
2140001028677,株式会社エリート自動車,兵庫県,神戸市北区,長尾町上津２２７番地,6511512
2140001029213,株式会社臼杵建設,兵庫県,神戸市北区,星和台４丁目７番地の３,6511121
2140001029436,トゥールコーポレーション株式会社,兵庫県,神戸市北区,星和台３丁目１８番地の３６,6511121
2140001029452,株式会社木彩館,兵庫県,神戸市北区,鈴蘭台西町４丁目７番地の１,6511114
2140001029527,株式会社スーホ,兵庫県,神戸市北区,大沢町簾字堂之谷９１番１,6511526
2140001029915,株式会社Ｋａｎ−ｎｏｎ,兵庫県,神戸市北区,日の峰１丁目１２番地の４,6511233
2140001030170,株式会社工匠,兵庫県,神戸市北区,日の峰１丁目２番１−２−１０３,6511233
2140001030204,大貴産業株式会社,兵庫県,神戸市北区,有野台３丁目１８番１０号,6511321
2140001030682,神戸商工株式会社,兵庫県,神戸市北区,八多町附物２２番地,6511343
2140001030823,株式会社アイランド,兵庫県,神戸市北区,ひよどり台１丁目２０番地の７,6511123
2140001030996,株式会社ウイングアップ,兵庫県,神戸市北区,幸陽町２丁目９番地の１０,6511203
2140001031078,株式会社フジオリエンタルロジスティクス,兵庫県,神戸市北区,西大池２丁目１２番１−５１５号,6511201
2140001031268,株式会社山根ＳＭＣ,兵庫県,神戸市北区,鈴蘭台東町３丁目４番２８号,6511112
2140001031375,ＡＫ−Ｐｒｏｊｅｃｔ株式会社,兵庫県,神戸市北区,日の峰５丁目１０番地６−２０４号,6511233
2140001031499,株式会社ＷＫＷ,兵庫県,神戸市北区,有野町有野３８４４番地,6511312
2140001031656,株式会社エフプランニング,兵庫県,神戸市北区,大原３丁目５番地の１６,6511222
2140001031838,株式会社アウトワードデザイン,兵庫県,神戸市北区,鹿の子台北町７丁目９番８号,6511513
2140001031929,アイエスビル建物管理株式会社,兵庫県,神戸市北区,南五葉６丁目１０番２８号,6511132
2140001032027,株式会社ＩＭＰＥＲＩＡＬ　ＳＯＬＵＴＩＯＮＳ,兵庫県,神戸市北区,青葉台２２番１４号,6511231
2140001032134,株式会社輝石,兵庫県,神戸市北区,道場町日下部３５番地,6511505
2140001032159,株式会社クラッチ,兵庫県,神戸市北区,藤原台北町５丁目３番９−５０２号,6511301
2140001032200,株式会社アルファスクエア,兵庫県,神戸市北区,有野中町２丁目１９番１５号,6511313
2140001032431,株式会社ひまわり薬局,兵庫県,神戸市北区,南五葉２丁目１番３２号,6511132
2140001032489,株式会社パース,兵庫県,神戸市北区,山田町下谷上字小橋１番地の１,6511243
2140001032522,株式会社神戸六甲不動産,兵庫県,神戸市北区,藤原台南町５丁目４番１６号,6511303
2140001032984,株式会社アラカーサ,兵庫県,神戸市北区,藤原台北町３丁目６番１４号,6511301
2140001033009,株式会社ＧＡＣ,兵庫県,神戸市北区,若葉台３丁目１４番３号,6511143
2140001033248,株式会社マルキ,兵庫県,神戸市北区,日の峰１丁目１８番地,6511233
2140001033306,株式会社みぎにひつじ,兵庫県,神戸市北区,鈴蘭台北町６丁目１３番２２号,6511111
2140001033594,株式会社ＫＩＺＯ,兵庫県,神戸市北区,松が枝町１丁目１７番地の８,6511232
2140001033875,フロンティア・メディカル株式会社,兵庫県,神戸市北区,菖蒲が丘１丁目５３４番地の５９,6511306
2140001034114,株式会社サンズビー,兵庫県,神戸市北区,花山東町１番２−５０２号,6511204
2140001034221,ＮＫ西日本株式会社,兵庫県,神戸市北区,山田町下谷上字天神２−６,6511243
2140001034353,山上木材株式会社,兵庫県,神戸市北区,淡河町萩原８３０番地,6511615
2140001037570,スール・システムコンサルティング株式会社,兵庫県,神戸市北区,ひよどり台南町３丁目５番地の３,6511125
2140001037587,株式会社アットホームビルド,兵庫県,神戸市北区,道場町生野１１７２−１０２８,6511503
2140001038180,株式会社暁星,兵庫県,神戸市北区,唐櫃台４丁目１番２号,6511332
2140001042380,株式会社有馬ビューホテル,兵庫県,神戸市北区,有馬町字池の尻２９２番の２,6511401
2140001047173,アークフラワースタジオ株式会社,兵庫県,神戸市北区,山田町西下字下津井１０番地２,6511263
2140001057247,株式会社片山産業,兵庫県,神戸市北区,鈴蘭台北町３丁目１２番１６−６１６号,6511111
2140001057346,株式会社西神防水,兵庫県,神戸市北区,杉尾台１丁目１１番地の２８,6511146
2140001067031,東良商事株式会社,兵庫県,神戸市北区,道場町日下部１５１７番地の２,6511505
2140001067279,株式会社オールテック,兵庫県,神戸市北区,藤原台中町４丁目８番７号,6511302
2140001069440,株式会社玉岡商店,兵庫県,神戸市北区,松が枝町１丁目３６番地の３７,6511232
2140001077575,株式会社Ｍ’ｓサービス,兵庫県,神戸市北区,上津台２丁目３８番４号,6511515
2140001077658,株式会社白京,兵庫県,神戸市北区,大原１丁目１６番地の１２,6511222
2140001077740,ＨＤメディカル株式会社,兵庫県,神戸市北区,京地２丁目２６番地の３,6511304
2140001086262,株式会社ＣＰＳエンジニアリング,兵庫県,神戸市北区,小倉台３丁目１番地の９,6511211
2140001086493,ＫＯＢＥＦＥＸ株式会社,兵庫県,神戸市北区,鈴藺台南町六丁目１４番１１号,6511100
2140001086584,株式会社エデン,兵庫県,神戸市北区,惣山町２丁目２番地の１,6511145
2140001087277,株式会社エス・スリー,兵庫県,神戸市北区,長尾町宅原６５０番地,6511511
2140001087681,株式会社デリローザ,兵庫県,神戸市北区,鈴蘭台北町４丁目７番８号,6511111
2140001089091,株式会社パルテールコーポレーション,兵庫県,神戸市北区,有野町二郎字澤２５番１号,6511311
2140001089224,株式会社規久屋,兵庫県,神戸市北区,京地２丁目１４番地の５,6511304
2140001091551,株式会社フレンズ,兵庫県,神戸市北区,藤原台南町４丁目１５番１３号,6511303
2140001091808,株式会社ＩＭＧ,兵庫県,神戸市北区,鈴蘭台西町２丁目２２番７号８０６,6511114
2140001092252,株式会社ユグチ,兵庫県,神戸市北区,道場町塩田１３３９番地の１,6511502
2140001092327,株式会社イチバン,兵庫県,神戸市北区,甲栄台４丁目５番１０号,6511142
2140001092657,株式会社パワーサポート,兵庫県,神戸市北区,谷上西町１番２１−２０１号,6511246
2140001092855,株式会社Ｒｅ−Ｈｏｍｅ,兵庫県,神戸市北区,鈴蘭台東町３丁目４番２２号,6511112
2140001092970,株式会社上大坊,兵庫県,神戸市北区,有馬町１１７５番地,6511401
2140001093845,株式会社アシストセキュリティ,兵庫県,神戸市北区,有野中町４丁目１６番２０号エル・フラット神戸北６０３,6511313
2140001094843,株式会社イース,兵庫県,神戸市北区,山田町中字北山３番地の３２,6511253
2140001094868,株式会社エス・キュービック,兵庫県,神戸市北区,藤原台中町７丁目２３番９号,6511302
2140001095635,株式会社北神戸商事,兵庫県,神戸市北区,八多町中１１５０番地,6511351
2140001097160,株式会社阿部商店,兵庫県,神戸市北区,大沢町簾字滝の平３４５番地,6511526
2140001097169,株式会社椙村貿易,兵庫県,神戸市北区,北五葉２丁目１１番１−１１２５号,6511131
2140001097607,ＰＨＭＣ株式会社,兵庫県,神戸市北区,松が枝町３丁目２１番３,6511232
2140001098101,株式会社ＥＸＺＥＳＴ,兵庫県,神戸市北区,杉尾台１丁目１１番地の２４,6511146
2140001099082,株式会社レイラインコーポレーション,兵庫県,神戸市北区,有野台３丁目１９番２６号,6511321
2140001099099,株式会社アール・ブリッジコーポレーション,兵庫県,神戸市北区,上津台２丁目９番５号,6511515
2140001099958,株式会社ＡＮＣラボ,兵庫県,神戸市北区,ひよどり台５丁目１２番地の４４,6511123
2140001100329,柳澤建設株式会社,兵庫県,神戸市北区,鈴蘭台北町９丁目２１番１号,6511111
2140001100510,株式会社安庵,兵庫県,神戸市北区,山田町下谷上字中一里山６−２９,6511102
2140001100584,株式会社Ｒａｉ,兵庫県,神戸市北区,有馬町１９９−４吉田ビル１階,6511401
2140001100923,有馬温泉株式会社,兵庫県,神戸市北区,有馬町７９０番地３,6511401
2140001101087,株式会社ランアンドネットワーク,兵庫県,神戸市北区,八多町吉尾１３０１番地１２,6511353
2140001101475,山田池共同配水事業株式会社,兵庫県,神戸市北区,山田町下谷上字小橋８番地４,6511243
2140001101491,株式会社ショージツ,兵庫県,神戸市北区,ひよどり台南町２丁目６番地の２０,6511125
2140001101574,三一株式会社,兵庫県,神戸市北区,小倉台７丁目３番地の１,6511211
2140001101657,株式会社ＨＢＳＭ．ＳＹＳＴＥＭ,兵庫県,神戸市北区,八多町柳谷８７４番地の１,6511342
2140001101756,株式会社大一建設,兵庫県,神戸市北区,唐櫃台１丁目２２番１５号,6511332
2140001101962,Ｂｅｓｔ　Ｗｅｌｌ株式会社,兵庫県,神戸市北区,大池見山台１４番地の１９６,6511206
2140001102531,五社商事株式会社,兵庫県,神戸市北区,有野町有野８１６番地４,6511312
2140001103554,株式会社シャンクス,兵庫県,神戸市北区,山田町下谷上字五池谷８番地の４,6511243
2140001104775,橋本デザイン株式会社,兵庫県,神戸市北区,日の峰３丁目１７番地の９,6511233
2140001105105,株式会社ＴＡＦ,兵庫県,神戸市北区,柏尾台１３番地の１２,6511255
2140001106490,株式会社三輪工業,兵庫県,神戸市北区,八多町深谷１０２４−２０,6511341
2140001106598,株式会社みねのさと,兵庫県,神戸市北区,藤原台中町２丁目２番３号,6511302
2140001106937,株式会社ＣＬ−Ｊ,兵庫県,神戸市北区,藤原台南町１丁目７番４８号,6511303
2140001107035,株式会社東栄サービス,兵庫県,神戸市北区,泉台３丁目１０−２８,6511141
2140001107159,株式会社リケン塗装,兵庫県,神戸市北区,八多町吉尾５６９−７,6511353
2140001107489,安田オート株式会社,兵庫県,神戸市北区,八多町上小名田３１６番１号,6511354
2140001107720,日本住設販売株式会社,兵庫県,神戸市北区,鈴蘭台南町５丁目１番１３−１０４号,6511113
2140001108058,株式会社ＫＹＫ,兵庫県,神戸市北区,有野町唐櫃１４２０番地の５,6511331
2140001108545,株式会社ラクト運送,兵庫県,神戸市北区,京地２丁目６番地の１４,6511304
2140001108826,株式会社ヴェルト,兵庫県,神戸市北区,杉尾台２丁目１４番地の１３,6511146
2140001108917,株式会社ユーエス・ジャパン・ルーブリカンツ,兵庫県,神戸市北区,桂木２丁目４番地の１１,6511223
2140001110055,株式会社アルテサーノテクノロジー,兵庫県,神戸市北区,小倉台２丁目３番地の２８,6511211
2140001110939,株式会社ワーク・ハード,兵庫県,神戸市北区,山田町小部字北ノ谷６３−１,6511101
2140001111887,株式会社足場のツツミ,兵庫県,神戸市北区,長尾町宅原字吉丁１０３４−３,6511511
2140001112092,株式会社リンク,兵庫県,神戸市北区,日の峰４丁目１３番地の２２,6511233
2140001112737,株式会社トルク,兵庫県,神戸市北区,有野町有野７５９番地２,6511312
2140001113223,ケーズ工業株式会社,兵庫県,神戸市北区,有野台９丁目１−１０,6511321
2140001113636,株式会社アザレア建築設計工房,兵庫県,神戸市北区,筑紫が丘１丁目１番地の１３,6511212
2140001113693,株式会社ＲｅＣｏｍｐａｎｙ,兵庫県,神戸市北区,有野町唐櫃２７１６番地の２,6511331
2140001114089,株式会社くさかんむり,兵庫県,神戸市北区,淡河町淡河１４４７番地,6511603
2140001114378,岡村塗装株式会社,兵庫県,神戸市北区,鹿の子台南町４丁目９番９号,6511514
2140001115715,株式会社パーキングクラウド,兵庫県,神戸市北区,有野町唐櫃１４６−３,6511331
2140001115847,株式会社ＡＯＺＯＲＡｔｏ,兵庫県,神戸市北区,大沢町中大沢７６１番地の１,6511524
2140001116804,株式会社シェフスタイル,兵庫県,神戸市北区,藤原台北町６丁目２０番１号,6511301
2140001117001,Ｄｉｓｋｔｅｃｈ株式会社,兵庫県,神戸市北区,上津台２丁目８番４３号,6511515
2140001117579,株式会社ｓｔｅｌｌａ,兵庫県,神戸市北区,谷上南町２６番３−２０１号,6511244
2140001118008,株式会社倉本コンサルタント事務所,兵庫県,神戸市北区,鹿の子台北町８丁目８番１８号,6511513
2140001118404,さくらトレーディング株式会社,兵庫県,神戸市北区,八多町屏風４１番地の８,6511344
2140001119798,株式会社ダルペンイ,兵庫県,神戸市北区,上津台４丁目１５番１７号,6511515
2140001119815,株式会社おてだま,兵庫県,神戸市北区,唐櫃台２丁目１９番１４号,6511332
2140001119880,株式会社７−Ｐｏｃｋｅｔｓ,兵庫県,神戸市北区,小倉台３丁目１１番地の１２,6511211
2140001120005,株式会社東谷興業,兵庫県,神戸市北区,鈴蘭台北町５丁目２番１７号,6511111
2140001120723,株式会社レッドサウンズ神戸,兵庫県,神戸市北区,桂木３丁目８番地１０,6511223
2140001121787,株式会社ＨＲＹＭ,兵庫県,神戸市北区,杉尾台１丁目１６番地の４,6511146
2140001123404,株式会社大栄機械,兵庫県,神戸市北区,南五葉５丁目７番３２号,6511132
2140001124501,株式会社ブリュッケ,兵庫県,神戸市北区,有馬町４０５−２,6511401
2140001125004,株式会社いちらん,兵庫県,神戸市北区,山田町小部字西ノ岡谷１８−９,6511101
2140001125350,株式会社ＳＡＹＳ,兵庫県,神戸市北区,松宮台１丁目１８番地の１４,6511147
2140001125516,株式会社ブレイブ,兵庫県,神戸市北区,有野町二郎１７９番地の２,6511311
2140001125838,北斗技研株式会社,兵庫県,神戸市北区,有野町有野３４１６−１,6511312
2140001125920,株式会社ＫＲＳＳ,兵庫県,神戸市北区,泉台１丁目１１−３,6511141
2140001126266,株式会社共立工業,兵庫県,神戸市北区,八多町深谷１０５８,6511341
2140001126555,株式会社タカエ技研,兵庫県,神戸市北区,ひよどり台３丁目１０番地１３棟３０３号,6511123
2140001126737,株式会社ＬＩＢＥＲ,兵庫県,神戸市北区,広陵町５丁目６６−１,6511213
2140001127149,株式会社ＨＭＧ,兵庫県,神戸市北区,鈴蘭台西町６丁目１８番５０号,6511114
2140001127165,株式会社Ｒｅａｃｈ,兵庫県,神戸市北区,鹿の子台南町４丁目２９番７号,6511514
2140001127561,グリーンアークス株式会社,兵庫県,神戸市北区,鳴子１丁目２番６号,6511133
2140001128873,株式会社Ｗｅｌｌｂｅ,兵庫県,神戸市北区,有馬町１０３０,6511401
2140001129558,卓盛株式会社,兵庫県,神戸市北区,有野町唐櫃４０２９−３神州ビル３０７,6511331
2140001129640,株式会社ＫＡ,兵庫県,神戸市北区,鹿の子台南町６丁目３２番２号,6511514
2140001129839,株式会社あ’Ｓ　ＣＬＥＡＮ　ＳＥＲＶＩＣＥ,兵庫県,神戸市北区,有野町有野１６９０−１−１Ｆ,6511312
2140001129938,ＮＩＲＯ　ＣＯＲＰＯＲＡＴＩＯＮ株式会社,兵庫県,神戸市北区,長尾町宅原１９６３−１,6511511
2140001130045,株式会社キハラホーム,兵庫県,神戸市北区,幸陽町３丁目１５−９,6511203
2140001130061,株式会社ａｆｆｉｎｏ,兵庫県,神戸市北区,北五葉１丁目２番１５号栄規ビル１０３,6511131
2140001130367,株式会社Ｍ＆Ｌ,兵庫県,神戸市北区,星和台６丁目１１番地の８,6511121
2140001130524,ホワイト・システム株式会社,兵庫県,神戸市北区,花山台２１番４号,6511205
2140001130714,株式会社増本軌道,兵庫県,神戸市北区,東大池２丁目１０番１８−２０２号,6511333
2140001131167,株式会社Ｇｏｏｄ　Ｈｏｍｅ,兵庫県,神戸市北区,有野中町２丁目１４番１７号,6511313
2140001131209,永那工業株式会社,兵庫県,神戸市北区,中里町１丁目８番地の１９６,6511103
2140001131539,株式会社ケイケイ,兵庫県,神戸市北区,藤原台南町１丁目７番２０号,6511303
2140001131844,株式会社シサンディコーポレーション,兵庫県,神戸市北区,中里町２丁目２番地の１、７１１号,6511103
2140001132512,優味屋株式会社,兵庫県,神戸市北区,有野町唐櫃４０２９番３−２００１号室,6511331
2140001132545,株式会社Ｅａｇｌｅ　Ｈｅａｒｔｓ,兵庫県,神戸市北区,鈴蘭台南町３丁目９番３号,6511113
2140001132966,株式会社Ｔｒｉｌｏｇｉｅ,兵庫県,神戸市北区,有馬町１０６８,6511401
2140001133683,木語株式会社,兵庫県,神戸市北区,有野町唐櫃４０２９番３−３１２,6511331
2140001134269,株式会社ＳＵＮ　ＲＯＣＫ,兵庫県,神戸市北区,淡河町淡河７８７,6511603
2140001134285,株式会社Ｏｕｒｏｂｏｒｏｓ,兵庫県,神戸市北区,有野町唐櫃２０８７−１８,6511331
2140001134681,株式会社ＴＳＧ,兵庫県,神戸市北区,八多町附物８６９番地３５,6511343
2140001134780,ネコトラ重工業株式会社,兵庫県,神戸市北区,八多町附物１８３７番地の１,6511343
2140001135085,ＲＩＳＩＮＧ　ＪＡＰＡＮ株式会社,兵庫県,神戸市北区,有野町唐櫃４−１−３,6511331
2140001135928,株式会社ビューティフルワールド,兵庫県,神戸市北区,大沢町簾３２６番地の１,6511526
2140001136802,株式会社Ｈａｒｒｙ’ｓ　Ｍｕｓｉｃ,兵庫県,神戸市北区,藤原台南町５丁目１８番３５号,6511303
2140001137619,株式会社ｉｌ．,兵庫県,神戸市北区,泉台５丁目１６番地の７,6511141
2140001137726,株式会社ＭＡＩＳＨＩＮ,兵庫県,神戸市北区,ひよどり台３丁目１１番地の３,6511123
2140001138006,株式会社ＳＯＴＴＯ,兵庫県,神戸市北区,鈴蘭台東町２丁目６−１４,6511112
2140001138286,Ｇｌｏｂａｌ　ＫＯＢＥ株式会社,兵庫県,神戸市北区,中里町１丁目８番地の３２６,6511103
2140001138410,株式会社ラフィナート,兵庫県,神戸市北区,藤原台南町２丁目７番１０号,6511303
2140001138534,アークライズ株式会社,兵庫県,神戸市北区,鹿の子台南町６丁目１１番１２号,6511514
2140001139169,株式会社ヤッピー,兵庫県,神戸市北区,有馬町１０３５番地,6511401
2140001139219,株式会社ＤＡＩＹＯＳＨＩ,兵庫県,神戸市北区,八多町下小名田５４６−１,6511352
2140001139920,株式会社Ｏｎｅ‐Ｓｔｅｐ,兵庫県,神戸市北区,筑紫が丘８丁目１２番地の１４,6511212
2140001140309,株式会社ミマＣｉｔｙ,兵庫県,神戸市北区,藤原台南町１丁目１４番２９号,6511303
2140001140366,雄喜晃株式会社,兵庫県,神戸市北区,鈴蘭台東町１丁目１０番１号,6511112
2140001141158,株式会社ゴルフサポート２,兵庫県,神戸市北区,道場町日下部１６１５番地の２,6511505
2140001141967,株式会社ＴＲＹＡＳ,兵庫県,神戸市北区,鈴蘭台南町４丁目３番１８号,6511113
2140002006913,株式会社アイロニー,兵庫県,神戸市北区,鈴蘭台東町１丁目１１−１０,6511112
2140003015376,株式会社Ｍａｖｅｒｉｃｋ,兵庫県,神戸市北区,広陵町５丁目１４１,6511213
2140003016135,株式会社さらら,兵庫県,神戸市北区,上津台５丁目６番２１号,6511515
2290001024926,株式会社かねふくめんたいパーク神戸,兵庫県,神戸市北区,赤松台１丁目７番１号,6511516
2290001076810,株式会社ＧＴ‐Ｊａｐａｎ,兵庫県,神戸市北区,大池見山台１４−１５６,6511206
3010401085446,株式会社顧客相談センター,兵庫県,神戸市北区,星和台５丁目１５番２７号,6511121
3010701033617,株式会社ＧＩＮＧＬＥ,兵庫県,神戸市北区,泉台１丁目１番地の７−００３,6511141
3011101077568,株式会社ｔｏｐｓｅｎｓｅ,兵庫県,神戸市北区,鈴蘭台北町５丁目９番地２０,6511111
3013301034745,株式会社スタジオのっぽ,兵庫県,神戸市北区,有野台３丁目１９−４,6511321
3030001052464,日本グランツ株式会社,兵庫県,神戸市北区,藤原台北町２丁目２番４号,6511301
3120001015981,萬興電極棒株式会社,兵庫県,神戸市北区,筑紫が丘８丁目１４番地の６,6511212
3120001138080,株式会社インクルード,兵庫県,神戸市北区,唐櫃台４丁目５番５号,6511332
3120001168482,株式会社セントラルフーズ,兵庫県,神戸市北区,西山１丁目１２−５,6511305
3120001176592,ユーテック株式会社,兵庫県,神戸市北区,有野台１丁目６番Ａ５棟２０２号,6511321
3120001188431,株式会社クリア,兵庫県,神戸市北区,花山台１８番２３号,6511205
3120001198744,東進株式会社,兵庫県,神戸市北区,藤原台南町３丁目１０番５号,6511303
3120001214435,ジェイエル株式会社,兵庫県,神戸市北区,有野町有野２６１番１,6511312
3120002084167,株式会社扇花,兵庫県,神戸市北区,星和台２丁目８５番地の９,6511121
3120901027928,株式会社尚喜産業,兵庫県,神戸市北区,大原１丁目３番６号,6511222
3140001002573,株式会社御影アルミ鋳造所,兵庫県,神戸市北区,筑紫が丘１丁目８番地の１０,6511212
3140001003002,株式会社イーシー,兵庫県,神戸市北区,大原１丁目３１番地の１,6511222
3140001003885,阪神水道工業株式会社,兵庫県,神戸市北区,山田町下谷上字沢３４番地,6511243
3140001004727,株式会社コスモ土木技術,兵庫県,神戸市北区,鹿の子台南町６丁目１２番６号,6511514
3140001006715,岡村電気設備工業株式会社,兵庫県,神戸市北区,鈴蘭台西町１丁目１２番２９号,6511114
3140001007309,株式会社グローリー,兵庫県,神戸市北区,有野町有野２４３３番地,6511312
3140001013323,翠鈴エンジニアリング株式会社,兵庫県,神戸市北区,泉台７丁目２番地の１（４−５０８号）,6511141
3140001013406,株式会社象牙船,兵庫県,神戸市北区,鈴蘭台西町２丁目２０番１１号,6511114
3140001014742,株式会社ピュアｄｅふぁくと,兵庫県,神戸市北区,泉台２丁目２番１−１−１０２号,6511141
3140001014783,株式会社ブラウン・インベストメント・マネジメント,兵庫県,神戸市北区,有馬町字池の尻２９２番の２,6511401
3140001014791,株式会社有馬住建,兵庫県,神戸市北区,藤原台北町７丁目８番８号,6511301
3140001014800,株式会社池之坊満月城,兵庫県,神戸市北区,有馬町８６５番地,6511401
3140001014858,株式会社オー、エス．マート,兵庫県,神戸市北区,西大池１丁目３番１６号,6511201
3140001014866,大西産業株式会社,兵庫県,神戸市北区,道場町道場１３２番地,6511501
3140001014874,岡田ホームサービス株式会社,兵庫県,神戸市北区,筑紫が丘３丁目６番地の６,6511212
3140001014908,株式会社唐櫃,兵庫県,神戸市北区,唐櫃台１丁目２１番５号,6511332
3140001014916,岸建設株式会社,兵庫県,神戸市北区,緑町７丁目１番３６号,6511221
3140001014940,株式会社旭星自動車,兵庫県,神戸市北区,長尾町宅原２００９番地,6511511
3140001014981,興洋物産株式会社,兵庫県,神戸市北区,鈴蘭台南町１丁目５番３号,6511113
3140001015006,五洋株式会社,兵庫県,神戸市北区,藤原台中町２丁目１３番１５号,6511302
3140001015030,株式会社サントーワ,兵庫県,神戸市北区,筑紫が丘２丁目１４番地の２,6511212
3140001015039,株式会社サニー,兵庫県,神戸市北区,有野町有野１４８１番地,6511312
3140001015063,株式会社シード,兵庫県,神戸市北区,甲栄台４丁目１の１３,6511142
3140001015071,重建設株式会社,兵庫県,神戸市北区,鈴蘭台東町２丁目８番１１号,6511112
3140001015088,株式会社シノトレーディングジャパン,兵庫県,神戸市北区,大沢町日西原字南谷１７００番地４,6511525
3140001015096,信用興産株式会社,兵庫県,神戸市北区,鈴蘭台東町１丁目１２番１４号,6511112
3140001015121,株式会社スタジオヒロセ,兵庫県,神戸市北区,有野町唐櫃２１９０番地の１,6511331
3140001015138,誠和建設株式会社,兵庫県,神戸市北区,鹿の子台北町５丁目８番１号,6511513
3140001015146,株式会社セツビ工業,兵庫県,神戸市北区,鈴蘭台北町５丁目１番５号,6511111
3140001015154,株式会社第一コンサルタント,兵庫県,神戸市北区,藤原台北町５丁目２番１１−５０２号,6511301
3140001015162,株式会社タイセイ,兵庫県,神戸市北区,山田町西下字押部道１５番地,6511263
3140001015179,大洋通商株式会社,兵庫県,神戸市北区,鈴蘭台南町６丁目８番４号,6511113
3140001015195,高山興産株式会社,兵庫県,神戸市北区,大沢町中大沢１４０３番地,6511524
3140001015204,田中開発工業株式会社,兵庫県,神戸市北区,有野台７丁目１３番地１８,6511321
3140001015212,ルミナスクルーズ株式会社,兵庫県,神戸市北区,青葉台１５番１２号,6511231
3140001015220,株式会社データム総合教育社,兵庫県,神戸市北区,道場町日下部７２９番地,6511505
3140001015229,株式会社天薬堂,兵庫県,神戸市北区,甲栄台４丁目３−２１−１３,6511142
3140001015237,株式会社トウシン,兵庫県,神戸市北区,有野町有野３４２０番地の１,6511312
3140001015253,株式会社ナカタ店裝,兵庫県,神戸市北区,星和台５丁目７番地の１５３,6511121
3140001015261,株式会社中の坊,兵庫県,神戸市北区,有馬町８０８番地,6511401
3140001015294,株式会社バウ工房,兵庫県,神戸市北区,藤原台中町７丁目５番１９号,6511302
3140001015311,株式会社畑末組,兵庫県,神戸市北区,道場町塩田１８２３番地,6511502
3140001015336,株式会社ひようたん堂,兵庫県,神戸市北区,有馬町２９０番地の２,6511401
3140001015344,株式会社平野工業,兵庫県,神戸市北区,鈴蘭台南町４丁目８番３３号,6511113
3140001015360,株式会社フクナミマネージメント,兵庫県,神戸市北区,有野中町３丁目２３番１７号,6511313
3140001015369,藤田建設株式会社,兵庫県,神戸市北区,有野町有野３６６９番地,6511312
3140001015393,ＩｔｙＳ株式会社,兵庫県,神戸市北区,東大池３丁目１９番２０号,6511333
3140001015410,北神食糧株式会社,兵庫県,神戸市北区,淡河町勝雄字煙谷１０９１番地の１,6511604
3140001015419,北斗機械株式会社,兵庫県,神戸市北区,有野町有野３４１５−１,6511312
3140001015451,マルヱ制服株式会社,兵庫県,神戸市北区,鈴蘭台南町２丁目１番４４号,6511113
3140001015468,株式会社ミッキー電化機器,兵庫県,神戸市北区,南五葉１丁目２番１８号,6511132
3140001015476,株式会社ミニオン,兵庫県,神戸市北区,鈴蘭台東町２丁目４番３２号,6511112
3140001015484,株式会社宮崎,兵庫県,神戸市北区,鈴蘭台東町２丁目４番５０号,6511112
3140001015492,室塚興産株式会社,兵庫県,神戸市北区,鈴蘭台東町１丁目１１番８号,6511112
3140001015518,株式会社やまと,兵庫県,神戸市北区,有馬町１７０６番地,6511401
3140001015526,有甲株式会社,兵庫県,神戸市北区,上津台６丁目２番９号,6511515
3140001015534,株式会社吉高屋,兵庫県,神戸市北区,有馬町２５９番地,6511401
3140001015559,株式会社和田電設,兵庫県,神戸市北区,鈴蘭台南町９丁目３番５号,6511113
3140001015567,菱三工業株式会社,兵庫県,神戸市北区,長尾町宅原５７番地,6511511
3140001015575,株式会社レンギン京滋,兵庫県,神戸市北区,有野町唐櫃字中ケ谷４０３８番７,6511331
3140001015600,株式会社神戸瓦センター,兵庫県,神戸市北区,道場町平田字北川原西８６７番地,6511504
3140001015609,株式会社神戸車輌,兵庫県,神戸市北区,星和台２丁目８７番地の３,6511121
3140001019080,株式会社太田商店,兵庫県,神戸市北区,星和台１丁目１２番１６号,6511121
3140001019898,関西ヒューマンテクノ株式会社,兵庫県,神戸市北区,甲栄台１丁目１３番１−５２９号,6511142
3140001020716,株式会社セイシュウ,兵庫県,神戸市北区,鈴蘭台北町９丁目２４番３号,6511111
3140001021342,谷口ビル株式会社,兵庫県,神戸市北区,鈴蘭台南町６丁目１０番２５号,6511113
3140001021697,伸光一土木興産株式会社,兵庫県,神戸市北区,道場町塩田３２４３番地３,6511502
3140001021912,株式会社サンロード神戸,兵庫県,神戸市北区,有野町有野白原３６８８番地,6511312
3140001022308,株式会社チャレンジ,兵庫県,神戸市北区,鳴子１丁目６番地の６,6511133
3140001022679,株式会社盟千,兵庫県,神戸市北区,有野町有野３４０６番地の１,6511312
3140001022695,株式会社北神コーポレーション,兵庫県,神戸市北区,有野中町１丁目６番１６号,6511313
3140001022852,Ｎｅｔ−Ｈｏｕｓｉｎｇ株式会社,兵庫県,神戸市北区,有野中町４丁目１６番２０号,6511313
3140001023181,こわきホーム株式会社,兵庫県,神戸市北区,鈴蘭台西町２丁目２１番１号,6511114
3140001023264,株式会社オフィス遊夢,兵庫県,神戸市北区,藤原台北町５丁目３番４−１０３号,6511301
3140001023512,株式会社ストロベリーズ・カンパニー・リミテッド,兵庫県,神戸市北区,泉台５丁目９−５,6511141
3140001024007,株式会社プロクシー,兵庫県,神戸市北区,鈴蘭台北町１丁目９番地の１−３０４,6511111
3140001024270,株式会社ライフステージ,兵庫県,神戸市北区,西大池２丁目１２番３５号,6511201
3140001024386,株式会社タカラ住建,兵庫県,神戸市北区,西大池２丁目２２番１７号,6511201
3140001024683,武華株式会社,兵庫県,神戸市北区,日の峰３丁目１０番地の２０,6511233
3140001024840,株式会社ＳＫＹＢＬＵＥｉｎｔ．ｃｏ．，ｌｔｄ,兵庫県,神戸市北区,道場町生野１１７２−９９０,6511503
3140001024915,株式会社西嶋,兵庫県,神戸市北区,広陵町３丁目２番地,6511213
3140001025351,株式会社アルケミー,兵庫県,神戸市北区,藤原台北町３丁目２番６号,6511301
3140001026250,株式会社湯の里本舗,兵庫県,神戸市北区,有馬町１３３番地の１,6511401
3140001026465,株式会社北神戸興産,兵庫県,神戸市北区,日の峰４丁目８番地の４,6511233
3140001026507,株式会社ブーム,兵庫県,神戸市北区,藤原台南町５丁目１７番１号,6511303
3140001026580,株式会社しいたけファクトリー,兵庫県,神戸市北区,星和台１丁目１番地の７２,6511121
3140001026705,株式会社ＷＩＮＧＳ,兵庫県,神戸市北区,筑紫が丘５丁目１０番地の７,6511212
3140001026738,株式会社秀国屋,兵庫県,神戸市北区,筑紫が丘９丁目１０番地の１２,6511212
3140001027083,エコロジー環境設備株式会社,兵庫県,神戸市北区,鈴蘭台西町２丁目１４番１号,6511114
3140001027158,株式会社ニューウェル,兵庫県,神戸市北区,菖蒲が丘１丁目５３４番地の５９,6511306
3140001027249,株式会社美宝,兵庫県,神戸市北区,鈴蘭台東町１丁目５−１０,6511112
3140001027348,八雲建設株式会社,兵庫県,神戸市北区,大原１丁目８番８号,6511222
3140001027488,伊勢本建設株式会社,兵庫県,神戸市北区,有野町有野１２８０−１,6511312
3140001027579,株式会社アクセス,兵庫県,神戸市北区,山田町上谷上字古々山２９番地の２２９,6511242
3140001027810,株式会社五常,兵庫県,神戸市北区,鈴藺台北町七丁目３番５号,6511100
3140001027942,株式会社ＢＡＤＥＮ,兵庫県,神戸市北区,上津台６丁目１３番２５号,6511515
3140001027950,三田宇部コンクリート株式会社,兵庫県,神戸市北区,道場町平田１０８９番地,6511504
3140001028445,株式会社Ｃ＆Ｒ,兵庫県,神戸市北区,道場町日下部１５９５,6511505
3140001028494,株式会社Ｙ．Ａプランニング,兵庫県,神戸市北区,道場町生野１１７２番地の５１９,6511503
3140001028511,株式会社イケウチ,兵庫県,神戸市北区,南五葉５丁目１１番２０号,6511132
3140001028651,株式会社ＩＳＯレベルアップ社,兵庫県,神戸市北区,緑町６丁目３１番３号,6511221
3140001028668,南本商事株式会社,兵庫県,神戸市北区,道場町塩田２８４２番地,6511502
3140001028750,株式会社道場タイヤ,兵庫県,神戸市北区,道場町塩田１９６１番地の７,6511502
3140001029014,株式会社プリメロ,兵庫県,神戸市北区,小倉台１丁目１６番地の８５,6511211
3140001029022,株式会社グラード,兵庫県,神戸市北区,日の峰１丁目３番地の５,6511233
3140001029204,ＴＹエコテクノ株式会社,兵庫県,神戸市北区,鈴蘭台北町６丁目９番１号,6511111
3140001029311,株式会社難波建築店,兵庫県,神戸市北区,藤原台南町２丁目１６番６号,6511303
3140001029773,株式会社クラフト,兵庫県,神戸市北区,大沢町中大沢字切町下２５０５番地,6511524
3140001029955,株式会社Ｓ．Ｖ．コンセプト,兵庫県,神戸市北区,柏尾台１９−６,6511255
3140001030070,株式会社プラスワン工房,兵庫県,神戸市北区,中里町１丁目８番地の２５９,6511103
3140001030343,株式会社アイパークライン,兵庫県,神戸市北区,大原２丁目１３番地６,6511222
3140001030442,株式会社じんだい,兵庫県,神戸市北区,ひよどり台１丁目２０番地の７,6511123
3140001030459,株式会社ドリームワークス,兵庫県,神戸市北区,西山１丁目２８番地の６,6511305
3140001030632,プレミアム株式会社,兵庫県,神戸市北区,山田町小部字惣六畑山１番地,6511101
3140001030673,株式会社一級建築士事務所山本工務店,兵庫県,神戸市北区,鈴蘭台西町４丁目７番１４号,6511114
3140001030780,株式会社ニューステージ,兵庫県,神戸市北区,八多町附物１０２９,6511343
3140001030995,株式会社考研住まい工房,兵庫県,神戸市北区,有野町有野６６９番地,6511312
3140001031110,株式会社Ｐａｃｋ’ｓ,兵庫県,神戸市北区,有野中町３丁目１７番８号,6511313
3140001031127,ＣＲＯＷＮ株式会社,兵庫県,神戸市北区,青葉台３２番１０号,6511231
3140001031242,神戸鈴蘭台北販売株式会社,兵庫県,神戸市北区,若葉台３丁目１番１４号,6511143
3140001031291,株式会社モーションシステム,兵庫県,神戸市北区,有野台４丁目９番の４,6511321
3140001031572,株式会社ＳＡＫＩ建築工房,兵庫県,神戸市北区,京地２丁目１２−３,6511304
3140001031969,みずほトラベルサービス株式会社,兵庫県,神戸市北区,若葉台４丁目１番１０号,6511143
3140001032109,株式会社農産物流通研究所,兵庫県,神戸市北区,山田町小部字大脇山１７番地１,6511101
3140001032323,株式会社中山事務所,兵庫県,神戸市北区,上津台６丁目３番２８号,6511515
3140001032570,あるある住宅株式会社,兵庫県,神戸市北区,鹿の子台北町６丁目１２番１号,6511513
3140001032934,株式会社うみくまや,兵庫県,神戸市北区,鈴蘭台西町１丁目１３番１９号,6511114
3140001033131,エコックス株式会社,兵庫県,神戸市北区,南五葉３丁目５番１８号,6511132
3140001033239,株式会社塗屋,兵庫県,神戸市北区,山田町坂本字中ノ瀬１３９番１,6511261
3140001033602,デュエ・モトーレ株式会社,兵庫県,神戸市北区,山田町下谷上字芝床７１番地の１,6511243
3140001033701,株式会社正曜,兵庫県,神戸市北区,鹿の子台北町８丁目２番４２号,6511513
3140001034138,株式会社マツモト塗装,兵庫県,神戸市北区,花山台１２番２８号,6511205
3140001034286,株式会社アクティズ,兵庫県,神戸市北区,桂木３丁目２６番地の１８,6511223
3140001034328,株式会社ブックウエスト,兵庫県,神戸市北区,有馬町１９９−４吉田ビル２Ｆ−Ｂ,6511401
3140001038080,株式会社神戸トラスト,兵庫県,神戸市北区,泉台１丁目１７番地の１３,6511141
3140001041373,山下建設株式会社,兵庫県,神戸市北区,山田町小部字大東３１番地,6511101
3140001042272,株式会社リボーン・ワークス,兵庫県,神戸市北区,青葉台１９番１３号,6511231
3140001047263,株式会社アルハンブラ,兵庫県,神戸市北区,有野町唐櫃１７７８番地,6511331
3140001057188,株式会社技建,兵庫県,神戸市北区,山田町下谷上字芝１１番地の１,6511243
3140001057270,株式会社建晟,兵庫県,神戸市北区,藤原台南町４丁目２２番１９−２０１号,6511303
3140001057378,株式会社クオリティ,兵庫県,神戸市北区,有野中町２丁目３番９号,6511313
3140001071115,株式会社天地創造,兵庫県,神戸市北区,有野町有野３７２７,6511312
3140001077830,株式会社ＢＡＳＩＬＵＲ　ＴＥＡ　ＪＡＰＡＮ,兵庫県,神戸市北区,花山台１９番８号,6511205
3140001087672,株式会社トライアンドイー,兵庫県,神戸市北区,道場町日下部１７１６,6511505
3140001087706,藤原地所株式会社,兵庫県,神戸市北区,道場町日下部１２６８番地,6511505
3140001088266,株式会社ＴＥＥＮＲ,兵庫県,神戸市北区,藤原台北町２丁目２２番３号,6511301
3140001089669,株式会社ブランイリス・ジャポン,兵庫県,神戸市北区,柏尾台１５番地の５,6511255
3140001090313,株式会社ホソカワ組,兵庫県,神戸市北区,上津台１丁目１０番８号,6511515
3140001090486,株式会社ＫＯＢＥ遊牧民,兵庫県,神戸市北区,有馬町１０３９番地の５,6511401
3140001090544,株式会社Ｇｉａｎｔ　Ｔｏｒｃｈ,兵庫県,神戸市北区,八多町中１４４０番地,6511351
3140001090874,株式会社サンバード,兵庫県,神戸市北区,南五葉１丁目１番２−７１８号,6511132
3140001091071,株式会社さくら,兵庫県,神戸市北区,藤原台北町７丁目８番９号,6511301
3140001091220,株式会社梵天,兵庫県,神戸市北区,道場町生野１１７２番地２７１,6511503
3140001091749,エリヤンブーン株式会社,兵庫県,神戸市北区,花山東町６番２−４０３号,6511204
3140001091889,株式会社ヤマヒロ,兵庫県,神戸市北区,筑紫が丘６丁目８番地の５,6511212
3140001092193,Ｓｈａｎｇｒｉ−Ｌａ　Ｅｎｔｅｒｐｒｉｓｅ株式会社,兵庫県,神戸市北区,星和台１丁目１８−１７,6511121
3140001092359,株式会社ＩＣＣ　ＡＳＩＡ　ＰＲＯＧＲＡＭＭＥ,兵庫県,神戸市北区,青葉台１６番１号,6511231
3140001092441,Ｐｅａｃｅ　Ｒａｉｎｂｏｗ株式会社,兵庫県,神戸市北区,松宮台１丁目１番地の２,6511147
3140001092508,株式会社御湯所,兵庫県,神戸市北区,有馬町９５８番地,6511401
3140001092821,株式会社兵衛リテイリング,兵庫県,神戸市北区,有馬町１９０４番地,6511401
3140001093472,株式会社自遊社,兵庫県,神戸市北区,有馬町１３６４番地の１,6511401
3140001093654,ＥＴＯ　ＪＡＰＡＮ株式会社,兵庫県,神戸市北区,筑紫が丘９丁目６番地の３,6511212
3140001094264,エィチェム株式会社,兵庫県,神戸市北区,筑紫が丘８丁目１番地の３,6511212
3140001094421,株式会社魚六,兵庫県,神戸市北区,惣山町１丁目１１番地の９,6511145
3140001094677,株式会社金栄商事,兵庫県,神戸市北区,長尾町上津３８９１番地の７,6511512
3140001095329,株式会社ｐｌｕｓ１,兵庫県,神戸市北区,鈴蘭台南町５丁目１−１３,6511113
3140001095832,株式会社アルファセキュリティ,兵庫県,神戸市北区,有野中町２丁目１７番１３号,6511313
3140001096293,株式会社ＵＥＣ,兵庫県,神戸市北区,ひよどり台南町２丁目３番地の１５,6511125
3140001097341,スタイルホーム株式会社,兵庫県,神戸市北区,星和台３丁目４番地の７,6511121
3140001097696,ＭＫレジデンス株式会社,兵庫県,神戸市北区,北五葉１丁目１２番２１号,6511131
3140001098463,株式会社倉本,兵庫県,神戸市北区,鹿の子台北町５丁目２１番８号,6511513
3140001100055,株式会社アップライト,兵庫県,神戸市北区,南五葉５丁目８番３８号,6511132
3140001100823,株式会社元生,兵庫県,神戸市北区,山田町下谷上字芝床６８番地の３,6511243
3140001100971,株式会社アイナサービス,兵庫県,神戸市北区,鈴蘭台西町２丁目１１番１３号,6511114
3140001101020,あんじゅ建材株式会社,兵庫県,神戸市北区,長尾町宅原４０番地,6511511
3140001101128,株式会社ｕｌｕｕｌｕ,兵庫県,神戸市北区,八多町中１２７０番地の３,6511351
3140001101417,ｇｉｒａｆｆｅ株式会社,兵庫県,神戸市北区,有馬町１８２０−２６,6511401
3140001101425,株式会社食品の品質管理研究所,兵庫県,神戸市北区,唐櫃台１丁目３９番６号,6511332
3140001102266,株式会社ＣＩＡＦＵ,兵庫県,神戸市北区,桂木２丁目２３番地の１３,6511223
3140001102381,株式会社リ・ダイヤモンド,兵庫県,神戸市北区,大原２丁目１０番地の１,6511222
3140001102522,ＰＬＡＹＴＩＶＥ株式会社,兵庫県,神戸市北区,山田町下谷上字梅木谷２−６,6511243
3140001102729,株式会社千成,兵庫県,神戸市北区,上津台５丁目１８番６号,6511515
3140001103462,ＭＯＶＥＲ株式会社,兵庫県,神戸市北区,星和台１丁目１６番地の７５,6511121
3140001104163,株式会社ＣＲＩＯＮ,兵庫県,神戸市北区,ひよどり台４丁目４番地２９,6511123
3140001104650,ＫＯＢＥケミカル株式会社,兵庫県,神戸市北区,星和台４丁目２番地の２２,6511121
3140001105178,株式会社タナカ設備,兵庫県,神戸市北区,小倉台３丁目７番地の８,6511211
3140001105277,株式会社フェニックスゴルフマネージメント,兵庫県,神戸市北区,中里町２丁目８番地の５,6511103
3140001105566,株式会社ＧａｒｉＰｌｕｓ,兵庫県,神戸市北区,西山１丁目２６番１１号,6511305
3140001106655,株式会社コウザイ,兵庫県,神戸市北区,南五葉６丁目１１番１４号,6511132
3140001106705,株式会社和寿,兵庫県,神戸市北区,有野町有野５２３番地の１,6511312
3140001106853,株式会社ライズステージ,兵庫県,神戸市北区,星和台６丁目１１番地の１,6511121
3140001107199,株式会社ＭＪ２,兵庫県,神戸市北区,鈴蘭台北町６丁目３番１号,6511111
3140001107208,株式会社いぶき,兵庫県,神戸市北区,道場町日下部１５１７番地の２,6511505
3140001107488,レッドリボン株式会社,兵庫県,神戸市北区,有野台３丁目６番地の８,6511321
3140001108008,株式会社Ｆ＆Ｐ,兵庫県,神戸市北区,谷上西町８番３３号,6511246
3140001108098,株式会社リンクプロモーション,兵庫県,神戸市北区,大原１丁目２−１２,6511222
3140001108528,株式会社アドニス,兵庫県,神戸市北区,山田町小部字西ノ岡谷５番地,6511101
3140001109658,株式会社ＢＡＳＥ,兵庫県,神戸市北区,小倉台３丁目１１番地の１０,6511211
3140001111556,株式会社ヲタクリエイト,兵庫県,神戸市北区,鈴蘭台北町４丁目１−３２−３０４号,6511111
3140001111705,株式会社アンドビューティー,兵庫県,神戸市北区,藤原台北町５丁目２番９−９０３号,6511301
3140001111713,株式会社ＴＡＭ,兵庫県,神戸市北区,泉台４丁目６番地の７,6511141
3140001112091,株式会社天晴,兵庫県,神戸市北区,日の峰４丁目１３番地の２２,6511233
3140001112678,株式会社杜テクノ,兵庫県,神戸市北区,道場町生野１１７２番地の２３,6511503
3140001113131,株式会社ＣＯＮＮＥＣＴ,兵庫県,神戸市北区,上津台３丁目８番２０号,6511515
3140001113305,株式会社ＥＡＳＴＷＥＳＴ,兵庫県,神戸市北区,鈴蘭台南町３丁目６番５号,6511113
3140001113552,ケーテックスホーム株式会社,兵庫県,神戸市北区,山田町下谷上字かんじや１１−１,6511243
3140001113858,株式会社マミヤペイント,兵庫県,神戸市北区,八多町附物１６９番地の１１,6511343
3140001114162,株式会社ＡＫＩＮＡＩ,兵庫県,神戸市北区,藤原台中町８丁目４番３号,6511302
3140001114468,株式会社山義,兵庫県,神戸市北区,杉尾台１丁目２番地の１,6511146
3140001114484,株式会社サン・ガーデン,兵庫県,神戸市北区,道場町日下部１６９５番地,6511505
3140001115375,株式会社セイジ創建,兵庫県,神戸市北区,大脇台８番１−７１３号,6511144
3140001115672,株式会社グレイスヴィラ,兵庫県,神戸市北区,有野町唐櫃３９０番地,6511331
3140001117264,株式会社フェリシア,兵庫県,神戸市北区,若葉台１丁目５番３号,6511143
3140001118254,株式会社ＡＯＩ　ＦＯＯＤＳ,兵庫県,神戸市北区,北五葉７丁目１番４−５０６号,6511131
3140001118436,神戸中央コンサルティング株式会社,兵庫県,神戸市北区,菖蒲が丘１丁目５３４番地の５９,6511306
3140001118634,株式会社ＭＳＹ,兵庫県,神戸市北区,唐櫃台２丁目１２番１９号,6511332
3140001118675,株式会社ｅｍ’ｓ　Ｓｔｙｌｅ,兵庫県,神戸市北区,緑町８丁目９番４−２０５号,6511221
3140001118725,株式会社ＫＩＴ物流,兵庫県,神戸市北区,上津台６丁目１６番３３号,6511515
3140001119392,株式会社オフィス神崎,兵庫県,神戸市北区,筑紫が丘４丁目４番地の１１,6511212
3140001119434,株式会社Ｋ−ＴＥＣＨ,兵庫県,神戸市北区,鈴蘭台東町７丁目８番１０号,6511112
3140001119616,Ａｂａｔｅｎｎｅ株式会社,兵庫県,神戸市北区,藤原台北町２丁目２１番４号,6511301
3140001120887,株式会社ＳＨＩＮＹＵ,兵庫県,神戸市北区,淡河町木津７４３番地,6511614
3140001121522,株式会社ＯＮＥ　ＣＡＲ　ＢＥＥ,兵庫県,神戸市北区,有野町唐櫃４４５０番６,6511331
3140001124194,Ｂｏｒｎ　Ｓｕｎ株式会社,兵庫県,神戸市北区,星和台６丁目８番地の８,6511121
3140001124277,センチュリー都市開発株式会社,兵庫県,神戸市北区,有野中町２丁目１６番１３号,6511313
3140001126942,株式会社ＨＯＸＩＮ,兵庫県,神戸市北区,西大池２丁目１２番１−５０２号,6511201
3140001127123,株式会社ＹＴＫ,兵庫県,神戸市北区,鹿の子台南町１丁目１０番１号,6511514
3140001127461,株式会社Ｌｉｎａｔｙ,兵庫県,神戸市北区,藤原台中町７丁目１１番１２号,6511302
3140001127791,株式会社ｕｌｕ,兵庫県,神戸市北区,若葉台１丁目５番１１号,6511143
3140001128385,明神マシロ建工株式会社,兵庫県,神戸市北区,藤原台南町４丁目２８番１１−１０３号,6511303
3140001128690,ｆｕｗａｃｃａ株式会社,兵庫県,神戸市北区,ひよどり台南町２丁目２番地の２８,6511125
3140001129268,株式会社ＮＡＶＹ,兵庫県,神戸市北区,中里町２丁目２６番地の９,6511103
3140001129417,株式会社ＲＥ神戸,兵庫県,神戸市北区,山田町原野字芦谷山３番１,6511252
3140001129631,ながお工建株式会社,兵庫県,神戸市北区,道場町日下部１５２９番地,6511505
3140001129722,株式会社Ｈａｍａｔａｎｉ　Ｅ．,兵庫県,神戸市北区,長尾町宅原２３４番地,6511511
3140001130143,株式会社リブエイト,兵庫県,神戸市北区,星和台２丁目５３番地１６,6511121
3140001130234,株式会社ジュガード有馬,兵庫県,神戸市北区,有馬町８０８番地,6511401
3140001130275,株式会社Ｐｉｅｃｅ,兵庫県,神戸市北区,長尾町上津５７４番地の２,6511512
3140001131827,株式会社Ｓ　Ｔｅｎｎｉｓ　Ｓｔｕｄｉｏ,兵庫県,神戸市北区,甲栄台４丁目２番１−８０１号,6511142
3140001132172,株式会社Ｄｒ．メッドテックコーポレーション,兵庫県,神戸市北区,柏尾台１４番地の４,6511255
3140001132841,株式会社Ｓ＆ＡＣＲＯＷＮ,兵庫県,神戸市北区,桂木３丁目４番１９号,6511223
3140001132916,株式会社ＫＡＲＩＮ,兵庫県,神戸市北区,山田町西下字才谷２番地,6511263
3140001134103,真仁株式会社,兵庫県,神戸市北区,中里町１丁目８番１４１−１階,6511103
3140001135002,株式会社Ａｉｍｅｅ,兵庫県,神戸市北区,山田町西下字広畑３４番地の２,6511263
3140001135695,株式会社アスビジョン,兵庫県,神戸市北区,鈴蘭台南町７丁目１２−３１,6511113
3140001136082,株式会社ａｎｄ　Ｃｒｏｗｎ,兵庫県,神戸市北区,鹿の子台南町３丁目９−１０,6511514
3140001136586,株式会社天城,兵庫県,神戸市北区,鳴子２丁目２０番地の５,6511133
3140001136677,株式会社ＧＬＪ,兵庫県,神戸市北区,ひよどり台南町２丁目６番地の２０,6511125
3140001137270,株式会社ＯＵＧ,兵庫県,神戸市北区,鈴蘭台西町５丁目１６番１−２１０号,6511114
3140001137428,株式会社Ｗ．Ｃ　ＰＡＲＡＤＩＣＥ,兵庫県,神戸市北区,緑町８丁目１番地２号棟３０４号室,6511221
3140001138681,日健株式会社,兵庫県,神戸市北区,唐櫃台４丁目２５番１０号,6511332
3140001138830,株式会社ＳＩＤＥ７,兵庫県,神戸市北区,藤原台北町５丁目２番２−１０４号,6511301
3140001139135,株式会社デザインイクエージョン,兵庫県,神戸市北区,甲栄台１丁目６番１７号,6511142
3140001139523,ＧＡＵＤＩＳＫＩＮ株式会社,兵庫県,神戸市北区,藤原台中町１丁目２番１号北神中央ビル３０３,6511302
3140001139597,株式会社ＡＩ　Ｃｏａｃｈｉｎｇ　Ｌａｂ,兵庫県,神戸市北区,菖蒲が丘２丁目１番地の７,6511306
3140001141000,株式会社ＳＫＹ　ＰＥＡＣＥ,兵庫県,神戸市北区,京地３丁目１６番地の１０,6511304
3140001141388,株式会社ＴＫＲ,兵庫県,神戸市北区,藤原台中町３丁目１１番１９号,6511302
3140001141867,株式会社キャトラボ,兵庫県,神戸市北区,広陵町６丁目１０２−１,6511213
3140001142519,Ｆｌｏｒｉｅｎ　Ｉｎｔｅｒｎａｔｉｏｎａｌ株式会社,兵庫県,神戸市北区,上津台４丁目３−１４,6511515
3140002001962,株式会社大野,兵庫県,神戸市北区,京地４丁目１８番地の１２,6511304
3140002009808,株式会社神戸ユニフォーム,兵庫県,神戸市北区,鈴蘭台南町２丁目１番４４号,6511113
3140002020509,株式会社開成,兵庫県,神戸市北区,上津台１丁目２番１６号,6511515
3140002022612,株式会社ハイランド,兵庫県,神戸市北区,山田町小部字西ノ岡谷１６番地の１,6511101
3140003003792,株式会社旅舘奥ノ坊,兵庫県,神戸市北区,有馬町１２０６番地,6511401
3220001025038,株式会社ｒｕｂｉｅｒエステート,兵庫県,神戸市北区,東有野台３丁目１６番２号,6511322
3240001023832,株式会社オーサキ,兵庫県,神戸市北区,鈴蘭台北町５丁目３番１９−３０３号,6511111
4120001036011,株式会社西沢建築工房,兵庫県,神戸市北区,藤原台中町６丁目２番２５号,6511302
4120001070927,株式会社港商会,兵庫県,神戸市北区,東大池１丁目１０番１３号,6511333
4120001169769,株式会社グランロードジャパン,兵庫県,神戸市北区,有野台９丁目３番地の４,6511321
4120001172830,株式会社ＬＥＯ,兵庫県,神戸市北区,中里町２丁目２番地の１・２４２号,6511103
4120001220572,エフシー商事株式会社,兵庫県,神戸市北区,鹿の子台北町１丁目２３番１号,6511513
4130001044013,株式会社真,兵庫県,神戸市北区,上津台２丁目４０番６号,6511515
4140001001517,株式会社琥珀,兵庫県,神戸市北区,藤原台北町１丁目５番４号,6511301
4140001002168,灘木材工業株式会社,兵庫県,神戸市北区,鹿の子台南町６丁目１２番６号,6511514
4140001002473,株式会社ＨＯＫＵ−ＳＩＮＯ,兵庫県,神戸市北区,大沢町日西原１８００番地,6511525
4140001002622,藤興業株式会社,兵庫県,神戸市北区,有野町有野３６６９番地,6511312
4140001002746,アイ・ブレイン株式会社,兵庫県,神戸市北区,有野町唐櫃１５４２−３Ｆ,6511331
4140001003793,灘浴場ｓ株式会社,兵庫県,神戸市北区,星和台１丁目９番地の５,6511121
4140001004131,宮村産業株式会社,兵庫県,神戸市北区,鈴蘭台北町３丁目２５番５号,6511111
4140001005204,株式会社ハイトレーディング,兵庫県,神戸市北区,山田町原野１９−１,6511252
4140001005542,六甲精機株式会社,兵庫県,神戸市北区,南五葉６丁目１番２８号,6511132
4140001006037,株式会社アルファグリーン,兵庫県,神戸市北区,有野町有野２７３番地の８,6511312
4140001006961,株式会社カムサー,兵庫県,神戸市北区,淡河町野瀬８７４番地の１,6511623
4140001007704,株式会社スパイシー,兵庫県,神戸市北区,大原３丁目１７番地１サンシティ神戸北町２番館７０６号,6511222
4140001007778,株式会社三愛リホーム,兵庫県,神戸市北区,大原１丁目１０番地の１,6511222
4140001007984,株式会社佐貫測量,兵庫県,神戸市北区,惣山町１丁目６番地の１,6511145
4140001009741,株式会社トラベルルーム,兵庫県,神戸市北区,緑町７丁目３番４８号,6511221
4140001011037,株式会社マリン精機製作所,兵庫県,神戸市北区,鈴蘭台北町９丁目８番５号,6511111
4140001011508,ユークリエイト株式会社,兵庫県,神戸市北区,藤原台北町１丁目１６番１０号,6511301
4140001012051,神戸ダイヤモンド株式会社,兵庫県,神戸市北区,花山中尾台２丁目１４番地の３,6511202
4140001012869,株式会社北野商店,兵庫県,神戸市北区,柏尾台１８番地の１,6511255
4140001013363,株式会社精文舎,兵庫県,神戸市北区,唐櫃台１丁目４３番３５号,6511332
4140001014758,株式会社赤木電機設備,兵庫県,神戸市北区,南五葉６丁目４番３１号,6511132
4140001014766,アストロマリーン株式会社,兵庫県,神戸市北区,藤原台北町５丁目２番１−１０３号,6511301
4140001014782,株式会社有馬舘,兵庫県,神戸市北区,有馬町９８７番地,6511401
4140001014790,株式会社有馬せんべい本舗,兵庫県,神戸市北区,有馬町２６６番地の１０,6511401
4140001014808,株式会社いづみ屋,兵庫県,神戸市北区,北五葉４丁目２番３４号,6511131
4140001014824,ウエ工業株式会社,兵庫県,神戸市北区,山田町小河字上ノ山１６番地,6511105
4140001014865,株式会社大西,兵庫県,神戸市北区,山田町小部字大歳馬場９番地,6511101
4140001014881,株式会社オフィスカレッジ,兵庫県,神戸市北区,藤原台北町３丁目１３番２号,6511301
4140001014898,カネキ競走馬株式会社,兵庫県,神戸市北区,鈴蘭台西町２丁目２０番１１号,6511114
4140001014907,株式会社川上ビル,兵庫県,神戸市北区,鈴蘭台西町４丁目９番１５号,6511114
4140001014915,株式会社欽山,兵庫県,神戸市北区,有馬町１３０２番地の４,6511401
4140001014923,北神戸土木株式会社,兵庫県,神戸市北区,有野町二郎４６番地の１−１０２号,6511311
4140001014931,北六甲開発株式会社,兵庫県,神戸市北区,道場町塩田５３５番地の８,6511502
4140001014948,株式会社クローバーハウス,兵庫県,神戸市北区,東有野台１丁目５番地の５,6511322
4140001014956,株式会社ケイツー,兵庫県,神戸市北区,北五葉１丁目１１番３号,6511131
4140001014989,株式会社古泉閣,兵庫県,神戸市北区,有馬町１４５５番地の１,6511401
4140001015005,株式会社小林写真館,兵庫県,神戸市北区,緑町１丁目５番１号,6511221
4140001015013,株式会社坂口緑地建設,兵庫県,神戸市北区,八多町附物字八坂９４２,6511343
4140001015038,株式会社三田屋農園,兵庫県,神戸市北区,長尾町宅原１６番地の１,6511511
4140001015062,株式会社シージェイケイ,兵庫県,神戸市北区,八多町中１５６番地の４,6511351
4140001015079,株式会社シンテック,兵庫県,神戸市北区,山田町上谷上字古々谷３番２,6511242
4140001015087,新日本建設コンサルタント株式会社,兵庫県,神戸市北区,藤原台南町４丁目１９番２号,6511303
4140001015095,下原建設株式会社,兵庫県,神戸市北区,鈴蘭台南町６丁目１４番１８号,6511113
4140001015104,ジャパンサーマルシステム株式会社,兵庫県,神戸市北区,鈴蘭台北町７丁目１２番８号,6511111
4140001015137,成和工業株式会社,兵庫県,神戸市北区,鈴蘭台南町２丁目１２番２２−３０４号,6511113
4140001015153,大一興産株式会社,兵庫県,神戸市北区,鈴蘭台南町６丁目１４番１８号,6511113
4140001015161,株式会社大神,兵庫県,神戸市北区,鈴蘭台北町５丁目１０番８号,6511111
4140001015178,太陽殖産株式会社,兵庫県,神戸市北区,八多町附物２５３番地の３,6511343
4140001015194,株式会社たき屋,兵庫県,神戸市北区,有野町二郎１７番地の１,6511311
4140001015203,株式会社タナカ,兵庫県,神戸市北区,山田町原野字大山１番地の１２９,6511252
4140001015211,株式会社筑紫商會,兵庫県,神戸市北区,筑紫が丘３丁目７番地の１７,6511212
4140001015228,株式会社デュオ,兵庫県,神戸市北区,藤原台中町１丁目２番１号北神中央ビル３０９号,6511302
4140001015244,株式会社徳永電気工業,兵庫県,神戸市北区,ひよどり台２丁目１０番地の１,6511123
4140001015269,株式会社浪崎工務店,兵庫県,神戸市北区,大原１丁目１４番地の３,6511222
4140001015285,株式会社ニューポートカークラフト,兵庫県,神戸市北区,鈴蘭台西町１丁目２０番１５−２０４号,6511114
4140001015293,株式会社パイオニア,兵庫県,神戸市北区,大沢町簾３２７番地,6511526
4140001015310,株式会社八多編物,兵庫県,神戸市北区,八多町附物５３３番地,6511343
4140001015335,株式会社兵恒,兵庫県,神戸市北区,緑町６丁目２７番４号,6511221
4140001015376,株式会社フタバ,兵庫県,神戸市北区,花山台１９番２６号,6511205
4140001015384,株式会社ＦＳスタイル,兵庫県,神戸市北区,ひよどり台２丁目８番地の７,6511123
4140001015401,株式会社北欧,兵庫県,神戸市北区,ひよどり台２丁目１番地の２,6511123
4140001015418,北神吉田建設株式会社,兵庫県,神戸市北区,道場町日下部１５４５番地,6511505
4140001015426,株式会社マイカー神戸センター,兵庫県,神戸市北区,有野町唐櫃８１番地の２,6511331
4140001015442,株式会社松田管工業,兵庫県,神戸市北区,有野台６丁目６番の１,6511321
4140001015450,株式会社丸栄,兵庫県,神戸市北区,南五葉６丁目１番３２号,6511132
4140001015459,丸山電工株式会社,兵庫県,神戸市北区,有野町有野９７９番地の１,6511312
4140001015483,株式会社御幸荘,兵庫県,神戸市北区,有馬町３５１番地,6511401
4140001015509,株式会社安井組,兵庫県,神戸市北区,鈴蘭台東町８丁目３番１３号,6511112
4140001015517,山下建設工業株式会社,兵庫県,神戸市北区,泉台２丁目５番１号,6511141
4140001015525,株式会社佑起,兵庫県,神戸市北区,南五葉１丁目６−１７,6511132
4140001015533,株式会社善喜商店,兵庫県,神戸市北区,鈴蘭台東町１丁目１２番１５号,6511112
4140001015558,株式会社鷲尾工務店,兵庫県,神戸市北区,八多町附物８８０番地の１,6511343
4140001015566,株式会社リバースケミカル,兵庫県,神戸市北区,道場町塩田山崎２６３６番地,6511502
4140001015574,株式会社レンギン大阪,兵庫県,神戸市北区,有野町唐櫃字中ケ谷４０３８番７,6511331
4140001015582,株式会社レンギン販売,兵庫県,神戸市北区,有野町唐櫃字中ヶ谷４０３８番７,6511331
4140001015590,株式会社ロフト,兵庫県,神戸市北区,北五葉７丁目１番４−４０６号,6511131
4140001015599,神戸グリーンテック株式会社,兵庫県,神戸市北区,大沢町市原８番地の３,6511521
4140001015616,株式会社神戸ルネツト,兵庫県,神戸市北区,鈴蘭台西町１丁目１５番３０号,6511114
4140001015624,日本メディケアー株式会社,兵庫県,神戸市北区,山田町小部字南山２番地の４５６、１１０６,6511101
4140001016366,大進建設株式会社,兵庫県,神戸市北区,星和台３丁目６番地の６,6511121
4140001018362,コウベゴルフ株式会社,兵庫県,神戸市北区,星和台５丁目７番１０号,6511121
4140001019245,株式会社シモデン,兵庫県,神戸市北区,南五葉３丁目９番１９号,6511132
4140001019583,株式会社三愛リスクマネジメントシステム,兵庫県,神戸市北区,若葉台２丁目１３番２０号,6511143
4140001019699,株式会社ネットマスター,兵庫県,神戸市北区,唐櫃台２丁目４４番１４号,6511332
4140001019922,株式会社加治木建設,兵庫県,神戸市北区,鈴蘭台北町３丁目２番８号,6511111
4140001020541,株式会社協同開発,兵庫県,神戸市北区,鈴蘭台南町２丁目１番９号,6511113
4140001020970,株式会社三愛ワークス,兵庫県,神戸市北区,大原１丁目１０番地の１,6511222
4140001021317,株式会社津和吹,兵庫県,神戸市北区,鳴子１丁目６番地の６,6511133
4140001021572,コークイーワークス株式会社,兵庫県,神戸市北区,南五葉１丁目４番２２号,6511132
4140001021622,株式会社アスカ,兵庫県,神戸市北区,有野中町１丁目９番地の２,6511313
4140001022414,株式会社ウェル建築研究所,兵庫県,神戸市北区,八多町附物２２番地,6511343
4140001022595,株式会社長谷川メディアネットワーク,兵庫県,神戸市北区,有馬町１２２９−２リッチライフ有馬２−６１８号,6511401
4140001022620,株式会社ホームスターナ,兵庫県,神戸市北区,南五葉１丁目２番１８号,6511132
4140001023164,ビジネスパートナー株式会社,兵庫県,神戸市北区,桂木２丁目３番地の１６,6511223
4140001023189,ＴＡＣジャパン株式会社,兵庫県,神戸市北区,大沢町日西原８２０番地,6511525
4140001023569,株式会社エイチ・ジー,兵庫県,神戸市北区,山田町下谷上字門口９番４,6511243
4140001023692,冠麗通商株式会社,兵庫県,神戸市北区,京地１丁目２０番地６,6511304
4140001023841,株式会社関西ベルファム,兵庫県,神戸市北区,鹿の子台北町２丁目７番１５−１０３号,6511513
4140001024179,株式会社グリーン薬局,兵庫県,神戸市北区,藤原台中町２丁目２番１号,6511302
4140001024476,株式会社スカイサイエンス,兵庫県,神戸市北区,藤原台北町１丁目１番４号,6511301
4140001024484,株式会社エフ・コーポレーション,兵庫県,神戸市北区,藤原台南町４丁目２３番１４号,6511303
4140001024501,株式会社ブリッヂオブジャパン,兵庫県,神戸市北区,広陵町４丁目１３５番地,6511213
4140001024732,株式会社ＧＥＮ,兵庫県,神戸市北区,桂木２丁目９番地の３,6511223
4140001024815,株式会社グローバルゲイト,兵庫県,神戸市北区,有野町有野９２２−１,6511312
4140001025086,株式会社Ｂ２プランニング,兵庫県,神戸市北区,藤原台北町６丁目１−１エクセレント神戸北７０１号,6511301
4140001025318,株式会社テラユニバーサル,兵庫県,神戸市北区,緑町５丁目９番１４号,6511221
4140001025350,株式会社大装,兵庫県,神戸市北区,山田町中字大沢２１番地の１,6511253
4140001025821,株式会社鼎建装,兵庫県,神戸市北区,道場町生野５２１番地,6511503
4140001025854,株式会社ミヤケ,兵庫県,神戸市北区,唐櫃台２丁目４５番４号,6511332
4140001025929,株式会社坂本保険事務所,兵庫県,神戸市北区,南五葉５丁目８番３８号,6511132
4140001026002,株式会社Ｋ．ファクトリー,兵庫県,神戸市北区,日の峰５丁目１０番地の１・６−６０２号,6511233
4140001026150,株式会社杉右衛門,兵庫県,神戸市北区,山田町上谷上字鍛冶屋ノ上８番地,6511242
4140001026563,株式会社ダイカル,兵庫県,神戸市北区,鈴蘭台南町３丁目９番１５号,6511113
4140001026828,株式会社ザ・ヨーク,兵庫県,神戸市北区,桂木３丁目８番地の２０,6511223
4140001026877,株式会社アルプロス,兵庫県,神戸市北区,惣山町５丁目１０−６,6511145
4140001026992,株式会社小山地所,兵庫県,神戸市北区,山田町下谷上字門口９番地の４,6511243
4140001027066,ＭＢＣ株式会社,兵庫県,神戸市北区,藤原台南町３丁目１０番５号,6511303
4140001027215,株式会社ヒロ・コーポレーション,兵庫県,神戸市北区,大原１丁目２２番地の２０,6511222
4140001027248,株式会社タイムラック,兵庫県,神戸市北区,山田町上谷上字古々山３１−１,6511242
4140001027297,株式会社アペリア,兵庫県,神戸市北区,大沢町上大沢８９０番地,6511522
4140001027693,株式会社畠田商事,兵庫県,神戸市北区,小倉台７丁目１５番地３２,6511211
4140001027710,株式会社チム・コーポレーション,兵庫県,神戸市北区,ひよどり台２丁目７番地の１８,6511123
4140001027891,株式会社エネサイバー,兵庫県,神戸市北区,小倉台３丁目１０番地の３,6511211
4140001028023,株式会社中居工務店,兵庫県,神戸市北区,西大池２丁目１５番４号,6511201
4140001028106,株式会社ドラッグピュア,兵庫県,神戸市北区,鈴蘭台北町１丁目１−１１−１０３,6511111
4140001028386,匠リース株式会社,兵庫県,神戸市北区,西大池１丁目２０番３号,6511201
4140001028452,丹生農業生産株式会社,兵庫県,神戸市北区,山田町福地字上ノ山８番地,6511254
4140001028618,株式会社アド・ケイワイ,兵庫県,神戸市北区,京地２丁目２６番地の１４,6511304
4140001029062,メディックス・インターナショナル株式会社,兵庫県,神戸市北区,桂木３丁目２１番地の１３,6511223
4140001029161,株式会社大蔵,兵庫県,神戸市北区,鈴蘭台南町４丁目１−３１,6511113
4140001029310,株式会社オプティマルカーライフ,兵庫県,神戸市北区,南五葉１丁目４番１９号,6511132
4140001029401,ウイ塗装株式会社,兵庫県,神戸市北区,有野町有野４２２番１,6511312
4140001029698,日本一たい焼インターナショナル株式会社,兵庫県,神戸市北区,道場町平田１０７０番地の１,6511504
4140001029772,株式会社シーマ,兵庫県,神戸市北区,鈴蘭台東町３丁目５番３号,6511112
4140001029814,株式会社ランド・コンサル,兵庫県,神戸市北区,泉台４丁目１５番地の６,6511141
4140001029962,株式会社リンクマン,兵庫県,神戸市北区,日の峰２丁目７,6511233
4140001030136,株式会社ユア・サポート,兵庫県,神戸市北区,上津台６丁目８番１５号,6511515
4140001030219,株式会社アグリ・グローバル,兵庫県,神戸市北区,東大池１丁目１０番１３号,6511333
4140001030268,株式会社アルファテクノ,兵庫県,神戸市北区,青葉台３５番２号,6511231
4140001030276,株式会社五葉技研,兵庫県,神戸市北区,星和台７丁目４番地の５,6511121
4140001030755,株式会社グラベルワーク,兵庫県,神戸市北区,有野町唐櫃３０６１,6511331
4140001030920,株式会社ラッキー,兵庫県,神戸市北区,中里町１丁目８番地の２０２,6511103
4140001031183,株式会社クリエイト,兵庫県,神戸市北区,桂木２丁目１９番地の４,6511223
4140001032066,株式会社だるま,兵庫県,神戸市北区,鹿の子台南町３丁目２１番１３号,6511514
4140001032149,エミリオエイティーン株式会社,兵庫県,神戸市北区,谷上東町７−１０,6511245
4140001032198,株式会社ワイズデザイン,兵庫県,神戸市北区,藤原台中町６丁目９番４号,6511302
4140001032297,あさひケアサービス株式会社,兵庫県,神戸市北区,鈴蘭台南町３丁目１１番１１号,6511113
4140001032537,ＴＡＭＥＮＩ株式会社,兵庫県,神戸市北区,有野台２丁目１番７−９号,6511321
4140001032660,オールロード株式会社,兵庫県,神戸市北区,幸陽町１丁目８番８号シャルマンコーポ神戸花山６０９号,6511203
4140001032900,株式会社アジャックス,兵庫県,神戸市北区,谷上東町１１番１１号,6511245
4140001032925,株式会社ＲＥＤ　ＰＡＳＳＩＯＮ,兵庫県,神戸市北区,桂木３丁目２２番地の１９,6511223
4140001033072,株式会社ＭＴＷ,兵庫県,神戸市北区,大原３丁目２０番地の６,6511222
4140001033320,株式会社オリヴィエ,兵庫県,神戸市北区,谷上東町１１番２３号,6511245
4140001033700,株式会社コンフォートラボ神戸,兵庫県,神戸市北区,鈴蘭台西町３丁目１２番３０号,6511114
4140001033808,佑和精機株式会社,兵庫県,神戸市北区,鈴蘭台東町７丁目８番１２号,6511112
4140001033948,ＪＤＳ株式会社,兵庫県,神戸市北区,鈴蘭台南町４丁目３番２号,6511113
4140001034120,宅内水道株式会社,兵庫県,神戸市北区,唐櫃台２丁目４５番５号,6511332
4140001034129,株式会社ｉｉ−Ｓｕｍａｉ,兵庫県,神戸市北区,山田町小部字妙賀１０番地の８,6511101
4140001034285,株式会社ＯＢＵオート,兵庫県,神戸市北区,有野台６丁目９番４号,6511321
4140001038063,株式会社大河,兵庫県,神戸市北区,藤原台中町６丁目１２番１７号,6511302
4140001042255,株式会社ＤＩＣＳ,兵庫県,神戸市北区,八多町中１３２２番地,6511351
4140001042354,ファシリティサプライ株式会社,兵庫県,神戸市北区,西山２丁目９番地の３４,6511305
4140001047262,株式会社ジュピター・プレシジョン,兵庫県,神戸市北区,北五葉４丁目８番２７号,6511131
4140001055133,株式会社エステファン,兵庫県,神戸市北区,藤原台南町４丁目１５番５号,6511303
4140001057336,株式会社ＫＥＮＴＡ,兵庫県,神戸市北区,京地２丁目６番地の１３,6511304
4140001067178,株式会社レック,兵庫県,神戸市北区,北五葉６丁目１４番３０号,6511131
4140001068473,株式会社木下商事,兵庫県,神戸市北区,有野町有野３７２７,6511312
4140001069546,株式会社トーホー,兵庫県,神戸市北区,道場町道場１９番地の１,6511501
4140001074249,株式会社赤組,兵庫県,神戸市北区,藤原台北町１丁目１７番１２号,6511301
4140001082573,Ｒｅ＆Ｄｏ株式会社,兵庫県,神戸市北区,山田町上谷上字古々山１６番地９,6511242
4140001086632,株式会社日本住宅総合セフティー,兵庫県,神戸市北区,有野中町１丁目１番８号,6511313
4140001086995,株式会社エムエムピーミュージック,兵庫県,神戸市北区,日の峰４丁目７番地の８,6511233
4140001087052,株式会社岩本総建,兵庫県,神戸市北区,松が枝町３丁目１番地の１０５,6511232
4140001087102,Ｈ・Ｒ・Ｐ久島塗装株式会社,兵庫県,神戸市北区,鈴蘭台南町５丁目３番７−１０２号,6511113
4140001087408,株式会社ナコリ,兵庫県,神戸市北区,星和台１丁目８番地の６,6511121
4140001088728,ＫＴフーズ株式会社,兵庫県,神戸市北区,鈴蘭台東町９丁目６番５４,6511112
4140001089040,株式会社山元造園,兵庫県,神戸市北区,道場町塩田１２３１番地の１,6511502
4140001089172,株式会社リンク,兵庫県,神戸市北区,上津台５丁目２番１５号,6511515
4140001089809,株式会社オートステージモトキ,兵庫県,神戸市北区,藤原台中町６丁目６番２号,6511302
4140001090064,株式会社Ｌａ　ｆｌｅｕｒ,兵庫県,神戸市北区,鈴蘭台西町１丁目２７番１２号,6511114
4140001090320,株式会社八百魚,兵庫県,神戸市北区,鈴蘭台北町９丁目２番１−２０２号,6511111
4140001091789,株式会社ＦＡテクノ,兵庫県,神戸市北区,日の峰５丁目１０番地５−２０５号,6511233
4140001092110,株式会社ユメゾウ,兵庫県,神戸市北区,緑町５丁目２番７号,6511221
4140001092572,株式会社ＬＴＴ,兵庫県,神戸市北区,山田町小部字一ツ鍬山１０番地の１２,6511101
4140001092663,ラインホーム株式会社,兵庫県,神戸市北区,広陵町２丁目２９番地の９,6511213
4140001092804,株式会社しるし,兵庫県,神戸市北区,日の峰４丁目１１番地の４８,6511233
4140001093240,株式会社パワースタイル,兵庫県,神戸市北区,甲栄台１丁目１３番１−５３６号,6511142
4140001093257,株式会社ＴＥＳＳ,兵庫県,神戸市北区,北五葉４丁目３番１３号,6511131
4140001093711,株式会社Ｓｍａｒｔ　Ｙｏｕ,兵庫県,神戸市北区,淡河町淡河７２７,6511603
4140001093926,株式会社丸太工房,兵庫県,神戸市北区,鈴蘭台南町５丁目４番３３号,6511113
4140001094057,株式会社ガーデン・よしの,兵庫県,神戸市北区,八多町柳谷１０４０番地,6511342
4140001094131,株式会社和順産業,兵庫県,神戸市北区,八多町吉尾字ふけ１４７５番,6511353
4140001096037,株式会社ベッツワークス,兵庫県,神戸市北区,鈴蘭台西町５丁目２０番ライオンズマンション鈴蘭台参番館１０５,6511114
4140001096549,株式会社Ｔａｋｅ．ｏｎｅ,兵庫県,神戸市北区,有野中町２丁目１７−１１,6511313
4140001096796,株式会社ソアー,兵庫県,神戸市北区,藤原台南町４丁目１−５−３０２,6511303
4140001097092,株式会社福ちゃん本舗,兵庫県,神戸市北区,長尾町宅原７１３番地の８,6511511
4140001097927,株式会社Ｔ’ｐｌｕｓ,兵庫県,神戸市北区,長尾町上津２０８９番地,6511512
4140001098363,株式会社北神地域振興,兵庫県,神戸市北区,大沢町上大沢２１５０,6511522
4140001098446,株式会社ＥＭＣ,兵庫県,神戸市北区,南五葉４丁目１０番１５号,6511132
4140001098933,株式会社ノースウィンド,兵庫県,神戸市北区,谷上東町３番１１−７０１号,6511245
4140001099163,株式会社ＬＩＧＨＴ　ＨＯＵＳＥ,兵庫県,神戸市北区,上津台６丁目２０番２０号,6511515
4140001099246,エム・ユー・フーズ株式会社,兵庫県,神戸市北区,小倉台２丁目６番地の１１,6511211
4140001099972,株式会社福元会計,兵庫県,神戸市北区,君影町６丁目３番８号,6511122
4140001100797,株式会社河本興業,兵庫県,神戸市北区,鈴蘭台北町９丁目１３番４号,6511111
4140001101036,株式会社アルコ,兵庫県,神戸市北区,有野町有野１０６３番地,6511312
4140001101622,森下塗装工業株式会社,兵庫県,神戸市北区,山田町下谷上字門口６番地の１８,6511243
4140001102190,株式会社高井商会,兵庫県,神戸市北区,八多町吉尾５７９番地,6511353
4140001102926,株式会社Ｒｅｇｉｕｓ　Ｉｎｔｅｒｎａｔｉｏｎａｌ,兵庫県,神戸市北区,日の峰３丁目２３番地の２０,6511233
4140001103569,株式会社ｉｏｉ研究所,兵庫県,神戸市北区,君影町６丁目７番５４−２号,6511122
4140001103593,株式会社ココノエ,兵庫県,神戸市北区,藤原台北町２丁目１１番１４号,6511301
4140001103940,株式会社ナカニシ,兵庫県,神戸市北区,谷上東町１番１号,6511245
4140001104170,株式会社ライフダイニング,兵庫県,神戸市北区,山田町下谷上字門口９番地の４,6511243
4140001104534,株式会社シー・アール・イー,兵庫県,神戸市北区,小倉台６丁目２４番地の６５,6511211
4140001105631,株式会社ケイ・ティー・エス,兵庫県,神戸市北区,星和台２丁目６１番地の３,6511121
4140001105953,株式会社Ｇ・Ｅパートナーズ,兵庫県,神戸市北区,東大池３丁目３５番１２号,6511333
4140001106134,プラウドテック株式会社,兵庫県,神戸市北区,道場町平田９６７番地の１,6511504
4140001106142,株式会社エイム,兵庫県,神戸市北区,花山中尾台１丁目１８番地の２,6511202
4140001107479,株式会社関根通信建設,兵庫県,神戸市北区,日の峰３丁目３番２号,6511233
4140001107784,株式会社増田,兵庫県,神戸市北区,山田町原野字舟田３９番地の４,6511252
4140001108056,リアンインスティテュート株式会社,兵庫県,神戸市北区,鈴蘭台西町２丁目９番１０号,6511114
4140001108072,株式会社ＺＥＲＯＺＩＢＡ,兵庫県,神戸市北区,甲栄台１丁目４番２１号,6511142
4140001109095,株式会社上田土木,兵庫県,神戸市北区,大沢町上大沢１８０２番,6511522
4140001109178,株式会社Ｏｎｏｃｙ,兵庫県,神戸市北区,菖蒲が丘３丁目１１−５,6511306
4140001109384,株式会社ヘクスエルムス,兵庫県,神戸市北区,鹿の子台北町７丁目４−２,6511513
4140001109517,株式会社ＫＪＭ総合企画,兵庫県,神戸市北区,八多町中１０７０番地,6511351
4140001109979,株式会社いの鶴,兵庫県,神戸市北区,鈴蘭台東町１丁目５番９号,6511112
4140001110128,株式会社竹垣工務店,兵庫県,神戸市北区,八多町吉尾６３３番地,6511353
4140001110747,株式会社ＨＢＳＭ．ＣＡＦＥ,兵庫県,神戸市北区,八多町柳谷８７４番地の１,6511342
4140001110978,ＧＡＬＡＸＹ株式会社,兵庫県,神戸市北区,中里町２丁目１０番地の１６,6511103
4140001111927,株式会社クラフト,兵庫県,神戸市北区,道場町日下部１７１７番地,6511505
4140001112090,株式会社篤識,兵庫県,神戸市北区,日の峰４丁目１３番地の２２,6511233
4140001112264,株式会社ＡＬＦＡ,兵庫県,神戸市北区,鈴蘭台北町９丁目１５番３号,6511111
4140001112850,株式会社ＳＨＩＦＴ,兵庫県,神戸市北区,鈴蘭台北町１丁目１７番１５号,6511111
4140001113015,株式会社山の港,兵庫県,神戸市北区,八多町吉尾５３７番地の３,6511353
4140001113394,株式会社アビー,兵庫県,神戸市北区,藤原台中町７丁目４３番８号,6511302
4140001113428,株式会社八多産業,兵庫県,神戸市北区,八多町深谷３６５−１,6511341
4140001113510,株式会社高原工業,兵庫県,神戸市北区,甲栄台１丁目１２番８−１０１号,6511142
4140001114112,ユーラシア大陸株式会社,兵庫県,神戸市北区,桂木３丁目３２番地の２,6511223
4140001114351,株式会社アンバーレモン,兵庫県,神戸市北区,有野町唐櫃４４５３番地の１,6511331
4140001115060,株式会社コウベノモリト,兵庫県,神戸市北区,鈴蘭台北町４丁目２番８号森の入りぐち,6511111
4140001115614,株式会社ＣＯＰ,兵庫県,神戸市北区,鈴蘭台南町３丁目９番２０号,6511113
4140001115696,株式会社ベストパートナー,兵庫県,神戸市北区,緑町７丁目１番４４−３０１号,6511221
4140001116026,株式会社レッシグデザインビュロ,兵庫県,神戸市北区,山田町原野字大山１番地の１６４,6511252
4140001116298,株式会社ｆｅｅ　ｄｅ　ｌａ　ｂｅａｕｔｅ,兵庫県,神戸市北区,星和台２丁目８２番地の１,6511121
4140001116587,株式会社Ｇ．Ｎ．ＣＯＲＰＯＲＡＴＩＯＮ,兵庫県,神戸市北区,八多町附物字八坂９２７−３,6511343
4140001116752,ノンゼロサム株式会社,兵庫県,神戸市北区,鹿の子台南町５丁目１番３号,6511514
4140001117073,株式会社ジオット,兵庫県,神戸市北区,鳴子２丁目８番地の１７,6511133
4140001118195,株式会社ドーニング,兵庫県,神戸市北区,大原３丁目１７番地の１、２−３０６号,6511222
4140001119111,株式会社ユーピリナ,兵庫県,神戸市北区,小倉台２丁目９番地の１０,6511211
4140001119136,宮脇建飾工業株式会社,兵庫県,神戸市北区,淡河町萩原４６３番地,6511615
4140001119152,株式会社ＴＭＣ,兵庫県,神戸市北区,唐櫃台４丁目１３番１５号,6511332
4140001119631,株式会社恵比寿,兵庫県,神戸市北区,道場町塩田１４３５番地,6511502
4140001120110,丸福バーム株式会社,兵庫県,神戸市北区,山田町小部字一ツ鍬山１３番地の１２,6511101
4140001120366,株式会社メゾンメゾン,兵庫県,神戸市北区,山田町中字大沢１番地の１,6511253
4140001120861,株式会社樹,兵庫県,神戸市北区,星和台１丁目９−４,6511121
4140001120985,株式会社ソリッドプラン,兵庫県,神戸市北区,鈴蘭台北町４丁目４番１５号,6511111
4140001124037,株式会社カインドエステート,兵庫県,神戸市北区,鈴蘭台北町４丁目１番１８号豊ビル１階,6511111
4140001124565,株式会社Ｍｏｔｉｖａｔｅ,兵庫県,神戸市北区,南五葉３丁目７番６号,6511132
4140001125118,ＯＲＡＮＧＥＮＩＵＳ株式会社,兵庫県,神戸市北区,有野中町１丁目３番１９フェアリー六甲２０５号室,6511313
4140001125423,株式会社岸本建築,兵庫県,神戸市北区,星和台２丁目５７番地の５,6511121
4140001125729,株式会社ニノミヤ,兵庫県,神戸市北区,八多町中９８９番地の１,6511351
4140001126925,株式会社有馬ロイヤル,兵庫県,神戸市北区,有馬町９８７番地,6511401
4140001127527,株式会社富士建設,兵庫県,神戸市北区,南五葉１丁目２番３６号,6511132
4140001127576,株式会社やくもファーム,兵庫県,神戸市北区,山田町小河字下ギトラ１９番５,6511105
4140001128450,株式会社ＩＤＡ,兵庫県,神戸市北区,星和台４丁目２１番地の８,6511121
4140001128954,株式会社たねまき,兵庫県,神戸市北区,広陵町４丁目７４番地,6511213
4140001130092,株式会社ＹＯＳＨＩＤＡ,兵庫県,神戸市北区,山田町衝原字道南１番地の９,6511264
4140001130786,株式会社ｄｉｖＡｃｅ’ｓ,兵庫県,神戸市北区,泉台３丁目２番地の６,6511141
4140001130860,株式会社サンライズ,兵庫県,神戸市北区,唐櫃台２丁目４９番５号,6511332
4140001130869,株式会社角保,兵庫県,神戸市北区,道場町生野１１７２番地の５３３,6511503
4140001131611,ワールドオブペーパージャパン株式会社,兵庫県,神戸市北区,緑町８丁目１番１１−８０４号,6511221
4140001131693,ＡＭＹ株式会社,兵庫県,神戸市北区,上津台５丁目１５番９号,6511515
4140001131792,泰興金属株式会社,兵庫県,神戸市北区,淡河町野瀬６４番地２,6511623
4140001131842,株式会社建心技研,兵庫県,神戸市北区,道場町生野１１７２−２７４,6511503
4140001132122,株式会社ユナイテック,兵庫県,神戸市北区,八多町柳谷２番地の３１０,6511342
4140001132304,株式会社あんど・ゆー,兵庫県,神戸市北区,谷上西町２７番２号谷上ハイツ３０５号室,6511246
4140001132353,株式会社ある活,兵庫県,神戸市北区,南五葉３丁目５番１８号,6511132
4140001132675,株式会社ＣＬＡＲＵＳ,兵庫県,神戸市北区,有野台３丁目１９番地の２,6511321
4140001133236,株式会社ＤＡＲＵＭＡ,兵庫県,神戸市北区,鈴蘭台東町６丁目７番１１号,6511112
4140001133797,株式会社藤原建設,兵庫県,神戸市北区,西大池１丁目６番３３号,6511201
4140001133822,株式会社ＫＵＮ,兵庫県,神戸市北区,有野中町３丁目１７番８号,6511313
4140001134085,株式会社７０’ｓＢＡＳＥ,兵庫県,神戸市北区,泉台３丁目２番地の６,6511141
4140001134556,株式会社いち,兵庫県,神戸市北区,幸陽町１丁目１−１−３０２,6511203
4140001134787,株式会社レシピ,兵庫県,神戸市北区,鹿の子台北町５丁目１番２号,6511513
4140001137113,株式会社ワイエス,兵庫県,神戸市北区,菖蒲が丘２丁目１１番地の６,6511306
4140001137889,株式会社本田工務店,兵庫県,神戸市北区,鈴蘭台東町５丁目５番６号,6511112
4140001137971,泰笠株式会社,兵庫県,神戸市北区,淡河町野瀬６４番地２,6511623
4140001138425,株式会社Ｓｐｌｕｓ,兵庫県,神戸市北区,上津台２丁目２番１７号,6511515
4140001138474,ＯＫＵＢＯ　ＧＡＷＡＲＡ株式会社,兵庫県,神戸市北区,山田町小部広刈９番地の２,6511101
4140001139712,株式会社ＥｎｅｒｇｙＣａｒｒｙ,兵庫県,神戸市北区,有野台６丁目２０番地Ｂ１１棟２０６号,6511321
4140001139860,株式会社心愛土建,兵庫県,神戸市北区,有野町唐櫃６番地の１３,6511331
4140001139927,株式会社長尾,兵庫県,神戸市北区,藤原台南町４丁目２３番４号,6511303
4140001140587,ＭｅｉＭｅｉ株式会社,兵庫県,神戸市北区,松宮台１丁目５番地の１８,6511147
4140001140752,株式会社田輝,兵庫県,神戸市北区,藤原台南町４丁目１番７−２０３号,6511303
4140001140876,株式会社吉岡設備,兵庫県,神戸市北区,星和台７丁目７番地の２,6511121
4140001140901,株式会社甲北美装,兵庫県,神戸市北区,桂木２丁目７番地の３,6511223
4140001141825,清原建設株式会社,兵庫県,神戸市北区,上津台５丁目１２番１９号,6511515
4140001141957,株式会社ＨＡＩＫＥＩ,兵庫県,神戸市北区,泉台２丁目９番地の１０,6511141
4140002009716,株式会社ＮＫシステム,兵庫県,神戸市北区,山田町上谷上字ヤンゲン７番地の１８９,6511242
4140002010260,株式会社ＮＩＳＨＩＯＫＡ,兵庫県,神戸市北区,鈴蘭台西町５丁目２番１０号,6511114
4140002069355,株式会社ＥＭＢＥＲＳ,兵庫県,神戸市北区,大原１丁目１０−１,6511222
4180301032605,オリエンス住設株式会社,兵庫県,神戸市北区,北五葉５丁目１３番５−２号,6511131
4290801025766,株式会社一華,兵庫県,神戸市北区,日の峰５丁目１０番地の１、５−１２０１号,6511233
4340001011504,錦江高原リゾート株式会社,兵庫県,神戸市北区,鈴蘭台北町７丁目８番４２号,6511111
5010101011873,キャロット福祉サービス株式会社,兵庫県,神戸市北区,東大池３丁目３３番１９号,6511333
5010701020704,株式会社知識構造化研究所,兵庫県,神戸市北区,山田町小部字惣六畑山６番地の７,6511101
5030001094991,株式会社翼翔,兵庫県,神戸市北区,上津台４丁目１番１７号,6511515
5030001157071,株式会社高橋美掃,兵庫県,神戸市北区,藤原台北町５丁目３−６−１２０１,6511301
5120001097291,ホームシネマアンドオーディオ株式会社,兵庫県,神戸市北区,藤原台中町６丁目２番２５号,6511302
5120001109815,日本フォーラム株式会社,兵庫県,神戸市北区,鈴蘭台北町７丁目８番４２号,6511111
5120001162847,株式会社レック,兵庫県,神戸市北区,ひよどり台２丁目１番地の１−１３７棟１４０８号,6511123
5120001199022,賦橋株式会社,兵庫県,神戸市北区,筑紫が丘２丁目１１−１２,6511212
5120001200598,株式会社アクセスプレイス,兵庫県,神戸市北区,山田町原野字大山１−２１６,6511252
5120001230430,株式会社Ｅｌｂｏｗ,兵庫県,神戸市北区,藤原台中町２丁目１５番１５号レユシール．Ｓ３０５号,6511302
5120101049894,株式会社Ｊ−サポート,兵庫県,神戸市北区,有野町有野１６５０番地の５,6511312
5120901017134,株式会社スカイメディカルグループ,兵庫県,神戸市北区,泉台３丁目９番２号,6511141
5140001001854,株式会社タウ,兵庫県,神戸市北区,星和台２丁目５８番地の２,6511121
5140001004130,株式会社宮下,兵庫県,神戸市北区,山田町小部字妙賀１０番地の８,6511101
5140001004510,あさひエステート株式会社,兵庫県,神戸市北区,松が枝町２丁目２４番地の１,6511232
5140001007018,河本建設株式会社,兵庫県,神戸市北区,山田町小部字法殿ノ下１６−１２,6511101
5140001007117,株式会社木下真珠,兵庫県,神戸市北区,松が枝町２丁目１８番地の６,6511232
5140001009121,太陽建物株式会社,兵庫県,神戸市北区,山田町小部字大歳馬場３０番地,6511101
5140001010707,株式会社プラネット,兵庫県,神戸市北区,緑町７丁目２３番１号,6511221
5140001011052,株式会社丸大百貨店,兵庫県,神戸市北区,藤原台南町４丁目２５番６号,6511303
5140001011201,株式会社三佳,兵庫県,神戸市北区,長尾町宅原７３１番地の２,6511511
5140001012777,カネキ厨房株式会社,兵庫県,神戸市北区,鈴蘭台西町２丁目２０番１１号,6511114
5140001012810,株式会社カワイホーム,兵庫県,神戸市北区,鈴蘭台東町６丁目１番４号,6511112
5140001013255,島田環境株式会社,兵庫県,神戸市北区,藤原台中町４丁目６番１３号,6511302
5140001014187,株式会社マップ,兵庫県,神戸市北区,大原２丁目６番地の５,6511222
5140001014492,株式会社吉田食品,兵庫県,神戸市北区,鈴蘭台北町７丁目１７番１２号,6511111
5140001014708,兵庫産業資材株式会社,兵庫県,神戸市北区,鈴蘭台東町５丁目４番５０号,6511112
5140001014765,飛鳥電子株式会社,兵庫県,神戸市北区,藤原台中町２丁目４番７号,6511302
5140001014807,和泉建設株式会社,兵庫県,神戸市北区,道場町平田８６６番地の１,6511504
5140001014815,株式会社イチヤマコーポレィション,兵庫県,神戸市北区,道場町生野１１７２番地の４２２,6511503
5140001014823,株式会社ヴイーナス,兵庫県,神戸市北区,星和台１丁目９番地の１３,6511121
5140001014831,株式会社ウィルコーポレーション,兵庫県,神戸市北区,泉台１丁目１番地の７、４１６号,6511141
5140001014848,株式会社エヌケイプランニング,兵庫県,神戸市北区,山田町藍那字下ノ町５３番地,6511104
5140001014856,カネキホールディングス株式会社,兵庫県,神戸市北区,西大池１丁目３番１６号,6511201
5140001014864,株式会社太田不動産,兵庫県,神戸市北区,鈴蘭台北町１丁目１０番６号,6511111
5140001014872,株式会社岡田造園,兵庫県,神戸市北区,大沢町市原１９番３,6511521
5140001014880,おさめ海産株式会社,兵庫県,神戸市北区,星和台３丁目１８番地６,6511121
5140001014889,関西重機建設株式会社,兵庫県,神戸市北区,星和台２丁目９０番地の８,6511121
5140001014897,株式会社鹿之子温泉,兵庫県,神戸市北区,長尾町宅原１６１１番地,6511511
5140001014906,株式会社川上商店,兵庫県,神戸市北区,泉台５丁目１５番地の７,6511141
5140001014939,協和鈑金株式会社,兵庫県,神戸市北区,京地２丁目２番地の６,6511304
5140001014947,株式会社クレイン,兵庫県,神戸市北区,八多町中１５６番地の４,6511351
5140001014955,桂正銘木株式会社,兵庫県,神戸市北区,長尾町宅原４０番地,6511511
5140001014963,株式会社甲栄設備工業,兵庫県,神戸市北区,幸陽町３丁目２３番１１号,6511203
5140001014971,株式会社瑞山建材,兵庫県,神戸市北区,有野町有野８３１番地の３,6511312
5140001014988,国方チャイナー株式会社,兵庫県,神戸市北区,若葉台４丁目２番２７号,6511143
5140001014996,株式会社御所坊,兵庫県,神戸市北区,有馬町８５８番地,6511401
5140001015004,株式会社小林設備,兵庫県,神戸市北区,小倉台３丁目３番地の１８,6511211
5140001015020,株式会社サンクラフト,兵庫県,神戸市北区,筑紫が丘８丁目１５番地の１６,6511212
5140001015053,株式会社澤田水道,兵庫県,神戸市北区,有馬町８２２番地,6511401
5140001015128,住友通産株式会社,兵庫県,神戸市北区,大原３丁目１７番地１・１−３０８号,6511222
5140001015136,株式会社セイワ,兵庫県,神戸市北区,鈴蘭台南町２丁目１２番２２−３０４号,6511113
5140001015152,造田建設株式会社,兵庫県,神戸市北区,有野町唐櫃４３１１番地の１,6511331
5140001015177,太陽ゴルフ株式会社,兵庫県,神戸市北区,八多町附物１２２６番地,6511343
5140001015193,株式会社竹屋,兵庫県,神戸市北区,南五葉２丁目３番２号,6511132
5140001015210,株式会社くつわ,兵庫県,神戸市北区,有馬町１０４９番地,6511401
5140001015227,株式会社テツコン,兵庫県,神戸市北区,道場町生野官有地,6511503
5140001015243,株式会社東和,兵庫県,神戸市北区,筑紫が丘６丁目４番地の１,6511212
5140001015268,株式会社難波工務店,兵庫県,神戸市北区,有野町有野６５５番地,6511312
5140001015292,株式会社Ａｉｎｇ,兵庫県,神戸市北区,有野町二郎３８４−３,6511311
5140001015301,ハーバーテック株式会社,兵庫県,神戸市北区,北五葉１丁目１１番３号,6511131
5140001015318,株式会社林工務店,兵庫県,神戸市北区,山田町下谷上字下の勝６番地の１８,6511243
5140001015326,株式会社ピカ,兵庫県,神戸市北区,藤原台北町１丁目４番１３号,6511301
5140001015334,株式会社兵衛旅館,兵庫県,神戸市北区,有馬町１９０４番地,6511401
5140001015350,フアーストレデイス株式会社,兵庫県,神戸市北区,長尾町宅原１８９番地,6511511
5140001015359,福富商事株式会社,兵庫県,神戸市北区,泉台３丁目８番地の９,6511141
5140001015367,富士工運株式会社,兵庫県,神戸市北区,道場町生野９６番地の１,6511503
5140001015375,株式会社不動,兵庫県,神戸市北区,桂木３丁目１４番地の３６,6511223
5140001015391,豊栄輸送株式会社,兵庫県,神戸市北区,藤原台中町５丁目５番３５号,6511302
5140001015400,株式会社ほうらく堂,兵庫県,神戸市北区,山田町小部字広苅１５番地４,6511101
5140001015409,株式会社北神水道商会,兵庫県,神戸市北区,鈴蘭台北町３丁目２５番５号,6511111
5140001015417,株式会社北神モコ,兵庫県,神戸市北区,山田町小部広刈１８番地,6511101
5140001015425,株式会社ボンヌール写真室,兵庫県,神戸市北区,北五葉４丁目１８番３号,6511131
5140001015433,株式会社前良食品,兵庫県,神戸市北区,有馬町２６６番地の１５,6511401
5140001015441,株式会社松崎,兵庫県,神戸市北区,道場町塩田３１９１番地の３,6511502
5140001015458,株式会社円山荘,兵庫県,神戸市北区,有馬町１３６４番地の１,6511401
5140001015474,株式会社みどりモータース,兵庫県,神戸市北区,八多町上小名田２１２番地の１,6511354
5140001015508,株式会社ヤーマチ,兵庫県,神戸市北区,惣山町１丁目１０番地の６,6511145
5140001015540,株式会社よみうりコア,兵庫県,神戸市北区,桂木２丁目１番地の１,6511223
5140001015549,ライフ株式会社,兵庫県,神戸市北区,筑紫が丘６丁目６番地の１０,6511212
5140001015573,株式会社レンギン,兵庫県,神戸市北区,有野町唐櫃字中ケ谷４０３８番７,6511331
5140001015581,株式会社レンギン東,兵庫県,神戸市北区,有野町唐櫃字中ケ谷４０３８番７,6511331
5140001015598,神戸駒井株式会社,兵庫県,神戸市北区,泉台５丁目２番地の８,6511141
5140001015607,株式会社神戸住研,兵庫県,神戸市北区,ひよどり台２丁目２３−８,6511123
5140001015615,神戸不燃板工業株式会社,兵庫県,神戸市北区,惣山町５丁目１０番地の１３,6511145
5140001015623,日本貿易株式会社,兵庫県,神戸市北区,惣山町３丁目１７番地の１,6511145
5140001015953,近畿タクシー株式会社,兵庫県,神戸市北区,有馬町１２２９番地１,6511401
5140001017834,浜野電気工業株式会社,兵庫県,神戸市北区,谷上南町１７番９号,6511244
5140001019731,株式会社丸修,兵庫県,神戸市北区,山田町上谷上字古々谷３−２,6511242
5140001020037,ロータリーゴルフ倶楽部マネージメント株式会社,兵庫県,神戸市北区,淡河町僧尾１５９６番地２,6511100
5140001020235,上津興産株式会社,兵庫県,神戸市北区,上津台２丁目４番６号,6511515
5140001020706,サンブライト株式会社,兵庫県,神戸市北区,鈴蘭台北町４丁目１番３２−８０２,6511111
5140001021027,株式会社ウエストハウジング,兵庫県,神戸市北区,谷上東町４番５号,6511245
5140001021092,株式会社シッターアリス,兵庫県,神戸市北区,大原１丁目４番地の５,6511222
5140001021159,ロックナレッジ株式会社,兵庫県,神戸市北区,東有野台３丁目２−１４,6511322
5140001021398,神戸国際興業株式会社,兵庫県,神戸市北区,日の峰５丁目１０番５号,6511233
5140001021729,株式会社山垣畜産,兵庫県,神戸市北区,八多町吉尾８３５番地の２,6511353
5140001021844,エヌシーアイ販売株式会社,兵庫県,神戸市北区,赤松台１丁目２番３３号,6511516
5140001022231,株式会社幸神,兵庫県,神戸市北区,花山中尾台２丁目３−１０,6511202
5140001022438,株式会社エイゼン,兵庫県,神戸市北区,北五葉６丁目５番１６号,6511131
5140001022801,シンセー株式会社,兵庫県,神戸市北区,有野町唐櫃６０６番地,6511331
5140001022925,株式会社芙蓉有馬御苑,兵庫県,神戸市北区,有馬町１２９６番地,6511401
5140001022982,株式会社エクセルインターナショナル,兵庫県,神戸市北区,谷上東町１１番１１号,6511245
5140001023790,株式会社六甲エネルギー場研究所,兵庫県,神戸市北区,星和台２丁目５９番地の１３,6511121
5140001024153,株式会社ＮＴＥＣ　ＪＡＰＡＮ,兵庫県,神戸市北区,東有野台４丁目１４番地の１０,6511322
5140001024194,美・ＣＯＳＭＯＳ株式会社,兵庫県,神戸市北区,八多町中８８８番地,6511351
5140001024715,共同企画株式会社,兵庫県,神戸市北区,菖蒲が丘２丁目８番地の２,6511306
5140001024954,ショーナヒュース株式会社,兵庫県,神戸市北区,有野町唐櫃７１番地の２３,6511331
5140001025143,ＣＲＥＡＴＩＶＥ　ＳＵＩＴＥ株式会社,兵庫県,神戸市北区,鈴蘭台東町４丁目９番１０号,6511112
5140001025218,株式会社華野,兵庫県,神戸市北区,有馬町４００番地の１,6511401
5140001025374,株式会社摩耶商会,兵庫県,神戸市北区,藤原台北町２丁目１−１−１０６,6511301
5140001025523,株式会社セカンドライフ,兵庫県,神戸市北区,有野町有野３５５番地の１．２Ｆ,6511312
5140001025754,株式会社インシュアランスデザイン,兵庫県,神戸市北区,唐櫃台２丁目２８番８号,6511332
5140001025787,株式会社ミズヒ,兵庫県,神戸市北区,藤原台中町６丁目８番８号,6511302
5140001025795,株式会社テックプラニング,兵庫県,神戸市北区,藤原台北町６丁目１番２,6511301
5140001026199,株式会社ライジングパートナーズ,兵庫県,神戸市北区,藤原台北町３丁目１０番１９号,6511301
5140001026224,株式会社田尾寺コンタクト,兵庫県,神戸市北区,藤原台北町７丁目５番２号,6511301
5140001026281,株式会社北斗,兵庫県,神戸市北区,有野町唐櫃１７７８番地の１,6511331
5140001026447,株式会社フォルテジャパンカンパニー,兵庫県,神戸市北区,大原１丁目６番地の１０,6511222
5140001026612,パールレヴェリ株式会社,兵庫県,神戸市北区,松宮台２丁目１１番３,6511147
5140001026843,株式会社オールドパル,兵庫県,神戸市北区,小倉台３丁目１１番地の１,6511211
5140001027008,株式会社明屋ネットワーク,兵庫県,神戸市北区,有野町有野字福谷口３４１０番地２,6511312
5140001027180,株式会社楽偶,兵庫県,神戸市北区,道場町生野１１７２番地の３２２,6511503
5140001027544,株式会社シン・コーポレイション,兵庫県,神戸市北区,小倉台１丁目１６番１１８号,6511211
5140001027800,エレクティブシステム株式会社,兵庫県,神戸市北区,山田町小部字広苅９番地の１,6511101
5140001027817,株式会社ケーエヌジー,兵庫県,神戸市北区,山田町坂本字長谷２９１番地,6511261
5140001028311,株式会社アップグレード,兵庫県,神戸市北区,山田町下谷上字奥谷２番地の６,6511243
5140001028468,株式会社ＳＨＩＯＴＳＵ　ＴＣ,兵庫県,神戸市北区,筑紫が丘６丁目４番地の２,6511212
5140001028492,株式会社ステラ,兵庫県,神戸市北区,花山中尾台２丁目６番地の７,6511202
5140001028518,株式会社センシャス,兵庫県,神戸市北区,山田町原野字城ケ岡２−６,6511252
5140001028609,Ｂａｋｅｄ＆Ｂｏｕｌａｎｇｅｒ株式会社,兵庫県,神戸市北区,有野町有野１０９９番地の１アルトピアーノ北神戸ＩＩ１０２号,6511312
5140001028666,株式会社Ｓｙｓｔｅｍｉｎｔｅｇｒａｔｏｒ伊丸,兵庫県,神戸市北区,幸陽町３丁目１６番地の６,6511203
5140001028848,株式会社エルアイフーズ,兵庫県,神戸市北区,中里町２丁目４番地の４,6511103
5140001029169,プリンシプルコンソーシアム株式会社,兵庫県,神戸市北区,星和台３丁目１３番地の９,6511121
5140001029202,アイ・ステージ株式会社,兵庫県,神戸市北区,八多町上小名田９１９番１,6511354
5140001029276,株式会社ジェイフーズ,兵庫県,神戸市北区,日の峰３丁目６番地の２３,6511233
5140001029383,マリア株式会社,兵庫県,神戸市北区,唐櫃六甲台８番地の１,6511334
5140001029656,株式会社ダイドウ,兵庫県,神戸市北区,鈴蘭台北町９丁目５番１−７０６号,6511111
5140001030085,株式会社フィーロック,兵庫県,神戸市北区,小倉台２丁目８番地の２,6511211
5140001030291,株式会社Ｍ＆Ｙ,兵庫県,神戸市北区,桂木２丁目２５番地の１１,6511223
5140001030457,株式会社コミット,兵庫県,神戸市北区,緑町３丁目４−２,6511221
5140001030473,株式会社ａ．ｋ．,兵庫県,神戸市北区,鈴蘭台西町１丁目２７番１１号,6511114
5140001030572,株式会社和環和,兵庫県,神戸市北区,北五葉４丁目４番２８−３０３号,6511131
5140001030878,株式会社永光,兵庫県,神戸市北区,道場町生野字砥谷１１８１−２３,6511503
5140001031158,株式会社豊中ハウス,兵庫県,神戸市北区,藤原台南町５丁目１番１３号,6511303
5140001031249,株式会社リフレピア,兵庫県,神戸市北区,西山２丁目２０番地の１３,6511305
5140001031273,スマートエンジニアリング株式会社,兵庫県,神戸市北区,松宮台１丁目６番地の８,6511147
5140001031348,株式会社パステル,兵庫県,神戸市北区,中里町１丁目８番地の３６６,6511103
5140001031513,株式会社おやさい本舗,兵庫県,神戸市北区,桂木３丁目３２番地の２エスポアシティ神戸北町７０５号,6511223
5140001031604,株式会社大白,兵庫県,神戸市北区,緑町４丁目４番１３,6511221
5140001031827,ＢＯＲＯの音符工房株式会社,兵庫県,神戸市北区,道場町生野１１７２番地２８４,6511503
5140001031918,株式会社ロボティックスジャパン,兵庫県,神戸市北区,鹿の子台北町４丁目２８番１号,6511513
5140001031942,株式会社明神,兵庫県,神戸市北区,有野町有野２８３番１号,6511312
5140001032890,株式会社山口モコ,兵庫県,神戸市北区,山田町小部字広苅１８番地,6511101
5140001033352,株式会社甲陽,兵庫県,神戸市北区,西大池２丁目１５番８号,6511201
5140001033633,農業法人淡河の里株式会社,兵庫県,神戸市北区,淡河町神影９４１番地の２０,6511621
5140001034128,株式会社Ｒｅｎｏｗｏｒｋｓ,兵庫県,神戸市北区,松宮台１丁目６番地の１８,6511147
5140001037659,株式会社ＳＢＳカンパニー,兵庫県,神戸市北区,鈴蘭台北町５丁目２−３,6511111
5140001038186,株式会社イタヤパール,兵庫県,神戸市北区,唐櫃台１丁目３５番９−２０４号,6511332
5140001042205,株式会社ＵＡＴ,兵庫県,神戸市北区,京地２丁目１番地の６,6511304
5140001047212,株式会社ティーエムワイ,兵庫県,神戸市北区,幸陽町３丁目２番地の１３,6511203
5140001057013,株式会社アンビシャス,兵庫県,神戸市北区,上津台３丁目２番５号,6511515
5140001057319,株式会社オーテック,兵庫県,神戸市北区,藤原台中町２丁目７番３号,6511302
5140001066583,北斗商事株式会社,兵庫県,神戸市北区,道場町平田１０８９番地,6511504
5140001067508,株式会社トップワールド,兵庫県,神戸市北区,有野中町３丁目２１番２６号,6511313
5140001072383,株式会社フォーループ,兵庫県,神戸市北区,東大池３丁目３３番５号,6511333
5140001082300,クリエイティブネットワーク株式会社,兵庫県,神戸市北区,道場町生野１１７２−１５７,6511503
5140001087142,株式会社アパマンライフサービス,兵庫県,神戸市北区,有野中町１丁目１５番地の９,6511313
5140001087217,Ｐ・Ｓ　ＬＡＢＯ株式会社,兵庫県,神戸市北区,鈴蘭台西町３丁目４番２号,6511114
5140001087415,株式会社ながい建築工房,兵庫県,神戸市北区,山田町原野字城ケ岡２番地の６ゴールドウッズ箕谷第３ビルＢ１−１,6511252
5140001087646,株式会社Ｆ−ＭＩＸ．ＤＥＳＩＧＮ,兵庫県,神戸市北区,藤原台北町１丁目１番６号２階,6511301
5140001087860,株式会社ウイング,兵庫県,神戸市北区,甲栄台５丁目１５番１２号,6511142
5140001088017,神戸コネクトプランニング株式会社,兵庫県,神戸市北区,北五葉５丁目７番２５号,6511131
5140001088116,株式会社ホクシンパーツ,兵庫県,神戸市北区,唐櫃台２丁目９番１７号,6511332
5140001089072,株式会社パワーステーション,兵庫県,神戸市北区,有馬町１５３７番地の２,6511401
5140001089568,株式会社エム．ケー．コーポレーション,兵庫県,神戸市北区,有野中町１丁目１４番１号,6511313
5140001090286,ウッドカンパニー株式会社,兵庫県,神戸市北区,大原１丁目１２番地の２,6511222
5140001091573,株式会社ラッキーエンターテイメント,兵庫県,神戸市北区,惣山町５丁目４番地の２,6511145
5140001091846,Ｎコーポレーション株式会社,兵庫県,神戸市北区,甲栄台５丁目１２番２０号,6511142
5140001092183,株式会社有馬電子機材,兵庫県,神戸市北区,藤原台北町５丁目３番２−１４０４号,6511301
5140001092902,株式会社アンチエイジング・ラボラトリー,兵庫県,神戸市北区,星和台５丁目７番地の１１３,6511121
5140001093669,株式会社Ｏｔｔｉｍｏ,兵庫県,神戸市北区,谷上西町２７−７ピュア大翔３０１,6511246
5140001093685,株式会社兵衛シェアードサービス,兵庫県,神戸市北区,有馬町１９０４番地,6511401
5140001094782,株式会社ニューライフＧＯＬＤ,兵庫県,神戸市北区,山田町原野１０番地の１,6511252
5140001095715,株式会社グラスウィングル,兵庫県,神戸市北区,藤原台中町８丁目４番２号,6511302
5140001096341,株式会社エヌ・フィール,兵庫県,神戸市北区,鈴蘭台南町５丁目１番１３−１０４号,6511113
5140001096465,株式会社ビーフマイスター,兵庫県,神戸市北区,赤松台１丁目１番７２号,6511516
5140001096779,株式会社ファームｏｆ　ＮＡＧＡＯ,兵庫県,神戸市北区,長尾町宅原１３７７番地,6511511
5140001097208,株式会社ＨＡＲＵＳＨＯ　ＬＩＮＥ,兵庫県,神戸市北区,鹿の子台北町８丁目２番１５号,6511513
5140001098008,株式会社アメリオ,兵庫県,神戸市北区,筑紫が丘４丁目３番地の１８,6511212
5140001098412,株式会社武住宅設備,兵庫県,神戸市北区,藤原台北町５丁目３番２−１３０２号,6511301
5140001100152,株式会社ＫＢＭ,兵庫県,神戸市北区,有馬町１６０９番地の２,6511401
5140001100284,株式会社ロット,兵庫県,神戸市北区,緑町２丁目７番２４号,6511221
5140001100508,株式会社イツミファクトリー,兵庫県,神戸市北区,広陵町３丁目１５１番地,6511213
5140001101943,株式会社プラスコミュニティ,兵庫県,神戸市北区,鈴蘭台北町１丁目４番２０号,6511111
5140001102090,リノベスト株式会社,兵庫県,神戸市北区,鈴蘭台北町１丁目３−１３−１０１号,6511111
5140001102124,株式会社アトリエ葉,兵庫県,神戸市北区,有野町唐櫃３７８４番地の２１,6511331
5140001102173,株式会社プラスワン,兵庫県,神戸市北区,山田町下谷上字梅木谷２３−５−１０１,6511243
5140001102512,エムズ・クリエイティブ株式会社,兵庫県,神戸市北区,上津台２丁目２９番７号,6511515
5140001102834,株式会社道場土木,兵庫県,神戸市北区,道場町塩田１４０８番地,6511502
5140001102883,株式会社ＫＣ,兵庫県,神戸市北区,東有野台２丁目６番地の６,6511322
5140001103007,株式会社中原勝利商店,兵庫県,神戸市北区,鈴蘭台東町９丁目３番７６号,6511112
5140001104046,株式会社ロード・メーカー,兵庫県,神戸市北区,有野中町２丁目１９番７号,6511313
5140001104112,株式会社ＨＫケミカル,兵庫県,神戸市北区,筑紫が丘２丁目５番地の１４,6511212
5140001106364,株式会社ＪＳ神戸,兵庫県,神戸市北区,星和台１丁目１０番地の７,6511121
5140001107197,株式会社グリーンスマイル,兵庫県,神戸市北区,藤原台北町４丁目３−８,6511301
5140001107726,株式会社日本サンライズ,兵庫県,神戸市北区,惣山町３丁目４番地の１４,6511145
5140001108311,株式会社ＨＣインターナショナル,兵庫県,神戸市北区,京地２丁目２６番地の２１,6511304
5140001108600,株式会社ＨＨＳ,兵庫県,神戸市北区,有野町唐櫃３６９４番地の９２,6511331
5140001108740,株式会社イデアシーラボ,兵庫県,神戸市北区,星和台６丁目１１番地の８,6511121
5140001108914,ヒロステック株式会社,兵庫県,神戸市北区,道場町平田１０７０−１,6511504
5140001109680,株式会社山内急送,兵庫県,神戸市北区,杉尾台２丁目１番地の７,6511146
5140001110309,ＨＡＣＨＩ　ＢＡＹ株式会社,兵庫県,神戸市北区,山田町下谷上字下の勝１０番１号,6511243
5140001110969,株式会社キョーシンサービス,兵庫県,神戸市北区,道場町平田８６７番地１,6511504
5140001111406,株式会社ＹＯＳＨＩ,兵庫県,神戸市北区,惣山町５丁目１０番地の９,6511145
5140001111744,株式会社リベルタス,兵庫県,神戸市北区,上津台６丁目２４番３号,6511515
5140001111752,株式会社きよす,兵庫県,神戸市北区,日の峰３丁目２０番地の２０,6511233
5140001111835,株式会社サニーベル,兵庫県,神戸市北区,君影町６丁目６番１号,6511122
5140001112180,株式会社匠商事,兵庫県,神戸市北区,松宮台１丁目１６番地の１５,6511147
5140001113055,株式会社楪,兵庫県,神戸市北区,有馬町４ー１,6511401
5140001113204,株式会社Ｆｉｒｓｔ　ｃｏｍｐａｎｙ,兵庫県,神戸市北区,鈴蘭台北町３丁目１７番１６号,6511111
5140001113518,新春和株式会社,兵庫県,神戸市北区,桂木４丁目２番地の１３,6511223
5140001114243,あみ匠房株式会社,兵庫県,神戸市北区,花山東町３番２７号エトワール花山７０３号室,6511204
5140001114680,株式会社りこっちゃ,兵庫県,神戸市北区,鹿の子台南町４丁目３４番１号,6511514
5140001115134,株式会社脳レボ,兵庫県,神戸市北区,道場町日下部３８,6511505
5140001115282,株式会社ひかりコーポレーション,兵庫県,神戸市北区,有野町有野１４７６−１,6511312
5140001116314,株式会社ＥＰＩＣ　ＤＲＥＡＭ,兵庫県,神戸市北区,東有野台２丁目１１番地の７,6511322
5140001116339,株式会社沖設備,兵庫県,神戸市北区,有野台３丁目８−１０,6511321
5140001119457,株式会社リフォーム本舗,兵庫県,神戸市北区,山田町藍那字清水１−５,6511104
5140001120571,株式会社ライズグループ,兵庫県,神戸市北区,鈴蘭台東町１丁目１２番１３号,6511112
5140001120976,株式会社ＨＥＬＭ,兵庫県,神戸市北区,有馬町１９９番地の１０,6511401
5140001121099,株式会社ＡＮＤ　ＯＮＥ,兵庫県,神戸市北区,道場町塩田５３５,6511502
5140001121116,株式会社ＫＮＧ,兵庫県,神戸市北区,鈴蘭台東町２丁目１１番３号,6511112
5140001121735,株式会社ａｍｂｅｒ,兵庫県,神戸市北区,泉台３丁目１６番地の２０,6511141
5140001121958,株式会社未来,兵庫県,神戸市北区,筑紫が丘５丁目４番地の１４,6511212
5140001122114,晴耕雨読株式会社,兵庫県,神戸市北区,藤原台南町３丁目１０番５号,6511303
5140001122469,コンパステクノロジーズ株式会社,兵庫県,神戸市北区,長尾町宅原７１３−８,6511511
5140001122709,株式会社Ａ　ｔｏ　Ｚ,兵庫県,神戸市北区,大原３丁目１８番地の２,6511222
5140001123046,株式会社ｄａｎ,兵庫県,神戸市北区,桂木２丁目３５番地Ｃ−２０６号,6511223
5140001123178,株式会社ネクスト,兵庫県,神戸市北区,鈴蘭台東町１丁目７番１３−３０２号,6511112
5140001123938,株式会社カープジャパン,兵庫県,神戸市北区,大沢町日西原２７４２番地,6511525
5140001124424,株式会社燦ｐａｉｎｔ,兵庫県,神戸市北区,有野中町２丁目２１番７号,6511313
5140001124630,株式会社ＮＡＧＡＺＯＮ,兵庫県,神戸市北区,星和台２丁目５５番地の９,6511121
5140001125711,ツインズ白石株式会社,兵庫県,神戸市北区,鹿の子台北町６丁目１２番４号,6511513
5140001125752,株式会社神戸管理サービス,兵庫県,神戸市北区,鈴蘭台南町５丁目４番２４号,6511113
5140001125769,株式会社クラウドアーキテクツ,兵庫県,神戸市北区,藤原台北町７丁目４番９号,6511301
5140001125827,株式会社緑神,兵庫県,神戸市北区,鈴蘭台南町８丁目７番４号スズランダイサウスＡ１０２号,6511113
5140001127154,株式会社ＺＥＮ,兵庫県,神戸市北区,東有野台１丁目６番地の７,6511322
5140001127699,ツナグ不動産株式会社,兵庫県,神戸市北区,北五葉１丁目５番１号ハピネスプラザ３階,6511131
5140001128037,株式会社エムオーテクノ,兵庫県,神戸市北区,鈴蘭台北町９丁目２２番４号,6511111
5140001128326,株式会社Ｄａｔａ　Ｔｅｍｐｌａｔｅ　Ｉｎｆｏｔｅｃｈ,兵庫県,神戸市北区,日の峰３丁目２３−２０,6511233
5140001130174,株式会社川本一級建築士事務所,兵庫県,神戸市北区,筑紫が丘９丁目１５番地の７,6511212
5140001130380,株式会社神風,兵庫県,神戸市北区,上津台５丁目６番１３号,6511515
5140001131981,株式会社ＧＲＯＯＶＥ　Ｐｌｕｓ,兵庫県,神戸市北区,有野中町２丁目２１番２３号,6511313
5140001132063,株式会社Ａｕｂｅ,兵庫県,神戸市北区,青葉台３１番１４−２号,6511231
5140001133796,株式会社Ｍｉｒａｋａｎａ,兵庫県,神戸市北区,鹿の子台北町７丁目３番１号,6511513
5140001134316,株式会社きたの森動物病院,兵庫県,神戸市北区,若葉台４丁目１−１４ゲルメンハイツ１０１,6511143
5140001134943,株式会社Ｂｌｏｏｍ,兵庫県,神戸市北区,鈴蘭台北町９丁目２２番７−１号,6511111
5140001135561,ロックフィッシュジャパン株式会社,兵庫県,神戸市北区,八多町西畑６８３番地の２,6511345
5140001135628,株式会社イーユーテン・ホールディングス,兵庫県,神戸市北区,谷上東町７−１０,6511245
5140001135751,株式会社エルタス,兵庫県,神戸市北区,上津台４丁目１２番１７号,6511515
5140001136691,株式会社行雲流水,兵庫県,神戸市北区,藤原台北町５丁目２番６−５０２号,6511301
5140001140727,株式会社ひとし不動産管理,兵庫県,神戸市北区,唐櫃台１丁目３５番９号ユニハイム神戸唐櫃台９号棟３０４号室,6511332
5140001140751,株式会社Ｍｉｄｌｉｎｅ　Ａｕｔｏ,兵庫県,神戸市北区,長尾町宅原２０１２番地１,6511511
5140001140941,株式会社レアーレ,兵庫県,神戸市北区,鈴蘭台北町６丁目１２番１−４０１号,6511111
5140001140990,株式会社ＫＯＢＯ　ＴＥＣＨ,兵庫県,神戸市北区,柏尾台１２番地の１１,6511255
5140001141089,株式会社Ａｒｌ’ｓ　Ｌａｂ,兵庫県,神戸市北区,泉台１丁目１−７,6511141
5140001141238,株式会社ＬｉｖｅＳｐｉｃｅ,兵庫県,神戸市北区,西大池１丁目３４番１８号,6511201
5140001141502,株式会社Ｅｐｉｓｏｄｅ　Ｃｏｎｎｅｃｔ,兵庫県,神戸市北区,桜森町１２番地の１,6511214
5140001141824,ＷＩＬＬＷＩＳＨ　ＧＯＬＦ株式会社,兵庫県,神戸市北区,桜森町１番地の１０,6511214
5140001142260,株式会社匠栄,兵庫県,神戸市北区,泉台３丁目１０−１３,6511141
5140001142351,株式会社かなえプロダクション,兵庫県,神戸市北区,有馬町１７４番地の１,6511401
5140002009640,株式会社井下工業所,兵庫県,神戸市北区,鈴蘭台南町５丁目７番１９号,6511113
5140002010251,株式会社ナサシステム,兵庫県,神戸市北区,ひよどり台５丁目１０番地,6511123
5140002010532,株式会社森谷自動車工業,兵庫県,神戸市北区,道場町平田９６７番地の２,6511504
5140003017907,株式会社ｉＴｔｉｍ,兵庫県,神戸市北区,有野町有野６６３番地の２,6511312
5200001009890,キング商事株式会社,兵庫県,神戸市北区,南五葉５丁目４番８号,6511132
5220001016316,ラッドワークス株式会社,兵庫県,神戸市北区,大原３丁目６番地の１,6511222
5290801023397,株式会社ジール・ワン,兵庫県,神戸市北区,日の峰５丁目１０番地の１、５−１２０１,6511233
5310001004360,株式会社宝徳総研,兵庫県,神戸市北区,中里町２丁目２番地の１神戸ヒルズＩＶ６２２号,6511103
6120001064027,株式会社コンプレックスラボ,兵庫県,神戸市北区,東大池３丁目２２番１８号,6511333
6120001101721,キュリオワークス株式会社,兵庫県,神戸市北区,谷上東町１番１号,6511245
6120001186234,株式会社ソリューション,兵庫県,神戸市北区,東大池１丁目１８番２３号,6511333
6120001204012,株式会社Ｃｌｕｂ　ＮＥＸＴ,兵庫県,神戸市北区,菖蒲が丘１丁目５３４−９８,6511306
6120001212956,株式会社エミード,兵庫県,神戸市北区,鹿の子台北町４丁目２１番８号,6511513
6120001250188,株式会社ＴＡＧＡＴＡＭＥ,兵庫県,神戸市北区,広陵町３丁目５０番地,6511213
6120102018749,株式会社日本サイエンスコア,兵庫県,神戸市北区,惣山町４丁目９番地の１６,6511145
6120901008223,株式会社プラザ・エイ,兵庫県,神戸市北区,藤原台中町７丁目８番７号,6511302
6140001001333,株式会社日本ランカ研究所,兵庫県,神戸市北区,有野町唐櫃３３４８番地の１,6511331
6140001001341,株式会社木下工務店,兵庫県,神戸市北区,有野町有野３７２７,6511312
6140001002819,六甲プランニング株式会社,兵庫県,神戸市北区,鳴子２丁目５番地の１８,6511133
6140001005730,アイエッチ産業株式会社,兵庫県,神戸市北区,日の峰５丁目１４番地７０９号,6511233
6140001007256,正進工業株式会社,兵庫県,神戸市北区,北五葉５丁目１番４５−２０２号,6511131
6140001009129,株式会社ダイヤ産業,兵庫県,神戸市北区,鈴蘭台南町２丁目１番１１−２０３号,6511113
6140001009888,株式会社西日本防災システム,兵庫県,神戸市北区,鈴蘭台西町２丁目９番７号,6511114
6140001010301,舶機サービス株式会社,兵庫県,神戸市北区,松が枝町１丁目１０番地の１４,6511232
6140001010870,株式会社ホリホック,兵庫県,神戸市北区,若葉台２丁目１５−１８,6511143
6140001011308,株式会社メダカ住宅建材,兵庫県,神戸市北区,筑紫が丘３丁目１３番地の５,6511212
6140001013080,株式会社三喜,兵庫県,神戸市北区,鈴蘭台南町８丁目３番２号,6511113
6140001013106,サカヤス情報産業株式会社,兵庫県,神戸市北区,北五葉１丁目５番１−７０１号,6511131
6140001014178,株式会社松田工業所,兵庫県,神戸市北区,鈴蘭台南町６丁目１４番１号,6511113
6140001014582,株式会社ＨＥＬＴ,兵庫県,神戸市北区,鈴蘭台東町８丁目８番１５号,6511112
6140001014789,株式会社有馬ゴルフセンター,兵庫県,神戸市北区,有野町二郎字丸沢６３１番地,6511311
6140001014797,株式会社五百蔵工務店,兵庫県,神戸市北区,鈴蘭台北町７丁目２番２号,6511111
6140001014806,伊豆原工業株式会社,兵庫県,神戸市北区,鈴蘭台北町５丁目８番７号,6511111
6140001014822,株式会社岩崎木材店,兵庫県,神戸市北区,道場町日下部４６３番地の１,6511505
6140001014839,栄規興業株式会社,兵庫県,神戸市北区,鈴蘭台西町４丁目９番３０号,6511114
6140001014847,株式会社エステート・ケイアンドケイ,兵庫県,神戸市北区,鈴蘭台南町５丁目３番２３−３０１号,6511113
6140001014855,株式会社えり正,兵庫県,神戸市北区,緑町７丁目２０番１０号,6511221
6140001014863,株式会社北神戸自動車倶楽部,兵庫県,神戸市北区,有野町有野４１０４,6511312
6140001014913,近畿インペリアル株式会社,兵庫県,神戸市北区,南五葉５丁目４番８号,6511132
6140001014921,木戸興業株式会社,兵庫県,神戸市北区,鈴蘭台北町１丁目１０番４号,6511111
6140001014938,株式会社協和電気工業,兵庫県,神戸市北区,長尾町上津３１７番地の３,6511512
6140001014946,株式会社グリーン,兵庫県,神戸市北区,山田町藍那字半坂谷１番２号,6511104
6140001014954,株式会社ケイアンドエイ,兵庫県,神戸市北区,鈴蘭台西町３丁目１１番１８号,6511114
6140001014962,株式会社光榮,兵庫県,神戸市北区,山田町下谷上字下の勝１３番地の１,6511243
6140001014995,株式会社五社ゴルフガーデン,兵庫県,神戸市北区,有野町有野３８７２番地,6511312
6140001015003,株式会社小西物流,兵庫県,神戸市北区,惣山町１丁目３番地の５,6511145
6140001015011,サン企画株式会社,兵庫県,神戸市北区,藤原台北町１丁目１４番８号,6511301
6140001015036,株式会社三田屋,兵庫県,神戸市北区,有野台４丁目２９番の５,6511321
6140001015044,株式会社山陽石油サービス,兵庫県,神戸市北区,鈴蘭台南町６丁目１４番７号,6511113
6140001015052,株式会社サンワ商会,兵庫県,神戸市北区,有馬町１３００番地の１０,6511401
6140001015060,神栄産業株式会社,兵庫県,神戸市北区,筑紫が丘３丁目８番地の１９,6511212
6140001015077,株式会社実栄,兵庫県,神戸市北区,鈴蘭台東町８丁目１０番１７号,6511112
6140001015085,七友株式会社,兵庫県,神戸市北区,鳴子２丁目１４番６号,6511133
6140001015093,嶋津機械株式会社,兵庫県,神戸市北区,星和台５丁目２７番地の２３,6511121
6140001015110,スーパーランド株式会社,兵庫県,神戸市北区,鈴蘭台東町５丁目４番２８号,6511112
6140001015119,株式会社スター商会,兵庫県,神戸市北区,鈴蘭台東町１丁目１２番１５号,6511112
6140001015127,株式会社隅田商店,兵庫県,神戸市北区,山田町上谷上字古々山２９番地の３９,6511242
6140001015151,株式会社莊司,兵庫県,神戸市北区,緑町６丁目３１番１号,6511221
6140001015176,株式会社大祐,兵庫県,神戸市北区,山田町小部字大東５番地の４,6511101
6140001015192,株式会社竹村商会,兵庫県,神戸市北区,鈴蘭台南町４丁目１番１５号,6511113
6140001015201,株式会社宅建サービス白蟻研究所,兵庫県,神戸市北区,筑紫が丘５丁目１０番地の２０,6511212
6140001015218,ツネミ石材工業株式会社,兵庫県,神戸市北区,淡河町淡河１２０８番地,6511603
6140001015291,株式会社ノムラゴルフプロジェクト,兵庫県,神戸市北区,星和台２丁目８３番地の１６,6511121
6140001015309,株式会社阪神機器,兵庫県,神戸市北区,有野台３丁目１０番の５,6511321
6140001015317,浜岡住協株式会社,兵庫県,神戸市北区,南五葉１丁目２番５号,6511132
6140001015325,株式会社美研,兵庫県,神戸市北区,東有野台３丁目１０番地の５,6511322
6140001015358,株式会社福島組,兵庫県,神戸市北区,有野町唐櫃１６０５番地,6511331
6140001015374,株式会社フジモト,兵庫県,神戸市北区,泉台３丁目６番地の１２,6511141
6140001015390,株式会社ベルテック,兵庫県,神戸市北区,山田町藍那字下ノ町１５番地,6511104
6140001015408,株式会社北神砕石,兵庫県,神戸市北区,有野町有野２１８０番地,6511312
6140001015416,株式会社北神物流,兵庫県,神戸市北区,淡河町淡河７５番地の１,6511603
6140001015432,前田自動車整備株式会社,兵庫県,神戸市北区,長尾町宅原２３４６番地の１,6511511
6140001015465,株式会社溝之上,兵庫県,神戸市北区,有野中町３丁目２０番３号,6511313
6140001015481,株式会社みはら美容室,兵庫県,神戸市北区,藤原台北町１丁目１番２号,6511301
6140001015498,恵通商株式会社,兵庫県,神戸市北区,有野町二郎字片山６０４番地の２,6511311
6140001015507,株式会社八百竹,兵庫県,神戸市北区,桂木２丁目１番地の１０,6511223
6140001015523,株式会社山本商店,兵庫県,神戸市北区,山田町下谷上字中一里山１５−７０,6511102
6140001015531,株式会社ヨーカムナガノ,兵庫県,神戸市北区,星和台３丁目１４番８号,6511121
6140001015556,株式会社若狭屋,兵庫県,神戸市北区,有馬町８２９番地,6511401
6140001015564,株式会社リズ,兵庫県,神戸市北区,鳴子１丁目１番地の１８,6511133
6140001015589,六甲国際株式会社,兵庫県,神戸市北区,山田町西下押部道１６番地の１,6511263
6140001015614,神戸豊興株式会社,兵庫県,神戸市北区,青葉台１５番１３号,6511231
6140001015622,日本鉄盤株式会社,兵庫県,神戸市北区,長尾町宅原字上の池７２−３,6511511
6140001015696,有沢電気工事株式会社,兵庫県,神戸市北区,西大池２丁目１４番１号,6511201
6140001016777,株式会社フジ・ルーフ,兵庫県,神戸市北区,鈴蘭台南町９丁目７番１２号,6511113
6140001019111,株式会社アンサー,兵庫県,神戸市北区,星和台１丁目３４番１号,6511121
6140001019532,大祐保険事務所株式会社,兵庫県,神戸市北区,山田町小部字大東５番地の４,6511101
6140001019722,株式会社北六甲,兵庫県,神戸市北区,大沢町上大沢１９８２番地,6511522
6140001019912,株式会社ひまわりホーム,兵庫県,神戸市北区,小倉台２丁目２番３号,6511211
6140001020333,市木商事株式会社,兵庫県,神戸市北区,山田町小部字大東２番１,6511101
6140001020408,株式会社エナジー,兵庫県,神戸市北区,筑紫が丘７丁目１０番地の９,6511212
6140001020507,株式会社藤堂工務店,兵庫県,神戸市北区,山田町原野１０番地の１,6511252
6140001020779,株式会社長谷商,兵庫県,神戸市北区,有馬町４０５番８,6511401
6140001020993,株式会社インター・ビジネス・コミュニケイション,兵庫県,神戸市北区,有野町唐櫃字東垣４１５番,6511331
6140001021083,株式会社やまぐち,兵庫県,神戸市北区,桂木２丁目１１番地の５,6511223
6140001021570,株式会社西原組,兵庫県,神戸市北区,泉台３丁目３番地の１２,6511141
6140001021595,株式会社花浄院,兵庫県,神戸市北区,山田町小部６番３,6511101
6140001021711,株式会社フランダース,兵庫県,神戸市北区,星和台３丁目１８番地の３６,6511121
6140001021934,伸栄産業株式会社,兵庫県,神戸市北区,鈴蘭台北町１丁目１９番２０号,6511111
6140001022172,株式会社神有物産,兵庫県,神戸市北区,八多町中１２１８番地,6511351
6140001022354,茗荷谷ビル株式会社,兵庫県,神戸市北区,藤原台北町２丁目７番２号,6511301
6140001022585,クリック・ケア株式会社,兵庫県,神戸市北区,鹿の子台北町６丁目７番５号,6511513
6140001023030,株式会社ランドエキスプレス,兵庫県,神戸市北区,大原３丁目１８番地の４,6511222
6140001023534,株式会社オールドボーイ,兵庫県,神戸市北区,星和台３丁目１８番１３号,6511121
6140001024160,日動設計株式会社,兵庫県,神戸市北区,広陵町１丁目９１番地,6511213
6140001024409,株式会社ホリック,兵庫県,神戸市北区,鹿の子台北町１丁目１３番１４号,6511513
6140001024417,アキラ機工株式会社,兵庫県,神戸市北区,東大池１丁目１９番２３号,6511333
6140001024664,株式会社国際日本語普及事業団,兵庫県,神戸市北区,大脇台１２番１号,6511144
6140001024937,株式会社ラッシュ,兵庫県,神戸市北区,大原３丁目１１番地の６,6511222
6140001025019,株式会社ナシック,兵庫県,神戸市北区,筑紫が丘７丁目１２番地の１９,6511212
6140001025175,株式会社御厨,兵庫県,神戸市北区,惣山町１丁目２２番地の２８,6511145
6140001025308,株式会社神戸サンバルナバ実践教育センター,兵庫県,神戸市北区,桂木３丁目８番地の２０,6511223
6140001025811,株式会社北神企画,兵庫県,神戸市北区,鈴蘭台北町１丁目９番１号,6511111
6140001026149,株式会社ミズグチ,兵庫県,神戸市北区,泉台１丁目１番７号,6511141
6140001026173,株式会社アクト,兵庫県,神戸市北区,八多町上小名田６０１,6511354
6140001026223,株式会社エイドット,兵庫県,神戸市北区,甲栄台１丁目２番３万葉ハイツ１０９号,6511142
6140001026280,株式会社エクセルイブ,兵庫県,神戸市北区,道場町生野１１７２番６８７,6511503
6140001026421,株式会社リビング北神戸,兵庫県,神戸市北区,緑町７丁目２０−３ロイヤルコート山の街Ｃ−１０１,6511221
6140001026537,株式会社コラボオフィス,兵庫県,神戸市北区,南五葉２丁目１−６−１０１,6511132
6140001026578,株式会社エンジン・Ｐ・テックオフィス,兵庫県,神戸市北区,惣山町４丁目１４番地の６,6511145
6140001026628,株式会社喜晃産業,兵庫県,神戸市北区,鈴蘭台東町１丁目１２番１５号,6511112
6140001026933,株式会社ＣＰＳ　ＪＡＰＡＮ,兵庫県,神戸市北区,藤原台南町５丁目１５番４号,6511303
6140001026966,ファームランド株式会社,兵庫県,神戸市北区,鈴蘭台北町５丁目１０番５号,6511111
6140001027097,株式会社マックトラスト,兵庫県,神戸市北区,京地３丁目５番地の３,6511304
6140001027122,フロンティア株式会社,兵庫県,神戸市北区,菖蒲が丘１丁目５３４番地の５９,6511306
6140001027262,株式会社ＳＫＨ,兵庫県,神戸市北区,桂木２丁目２６番地の１１,6511223
6140001027279,株式会社ホームライフ,兵庫県,神戸市北区,日の峰１丁目１３番地の１４,6511233
6140001027312,株式会社カーステージ,兵庫県,神戸市北区,惣山町３丁目１０番地の１１,6511145
6140001027568,株式会社ナカシマ,兵庫県,神戸市北区,八多町中９４０番地,6511351
6140001027915,株式会社東洋技研,兵庫県,神戸市北区,山田町下谷上字門口６−１７,6511243
6140001028384,株式会社ＰＣＭ総合研究所,兵庫県,神戸市北区,鈴蘭台北町５丁目１２番９号,6511111
6140001028418,株式会社ホクト,兵庫県,神戸市北区,山田町下谷上字大正坊６番地の２,6511243
6140001028467,株式会社グリーン商会,兵庫県,神戸市北区,鳴子２丁目２番地の２０,6511133
6140001028475,ＪＫ環境株式会社,兵庫県,神戸市北区,花山東町２番１５−４０８号,6511204
6140001028632,ライフ・クレア株式会社,兵庫県,神戸市北区,鈴蘭台西町４丁目３番３０−３０３号,6511114
6140001028748,アクシ株式会社,兵庫県,神戸市北区,日の峰１丁目３番地の１,6511233
6140001029812,株式会社オフィスしおん,兵庫県,神戸市北区,東大池２丁目４番８号,6511333
6140001030035,株式会社ジンテック,兵庫県,神戸市北区,藤原台中町４丁目１３番５号,6511302
6140001030051,株式会社デジタルイースト,兵庫県,神戸市北区,山田町小部字妙賀山８番地の１,6511101
6140001030167,株式会社光明,兵庫県,神戸市北区,道場町生野字砥谷１１８１−２３,6511503
6140001030258,株式会社ツカサ電化,兵庫県,神戸市北区,青葉台２５番２号,6511231
6140001031058,株式会社ＮＡＫＥＤ,兵庫県,神戸市北区,有野町唐櫃５７５番１２,6511331
6140001031322,株式会社里建設,兵庫県,神戸市北区,泉台４丁目１１番地の２９,6511141
6140001031710,Ｎｏｎ　Ｓｔｅｅｌ８株式会社,兵庫県,神戸市北区,有野町有野字キスラシ３９２６番地の４,6511312
6140001031743,株式会社ドリームスペース,兵庫県,神戸市北区,有野中町１丁目６番１８号,6511313
6140001032072,株式会社エタニティファーマ,兵庫県,神戸市北区,筑紫が丘７丁目４番地の１,6511212
6140001032213,株式会社ドットキム,兵庫県,神戸市北区,鈴蘭台南町４丁目６番７号,6511113
6140001032584,株式会社トリオ,兵庫県,神戸市北区,小倉台２丁目１４番地の８,6511211
6140001032659,株式会社ベニール,兵庫県,神戸市北区,大原２丁目７−５,6511222
6140001033095,リーテック株式会社,兵庫県,神戸市北区,中里町２丁目１番地の１、Ｃ−２０３号,6511103
6140001033310,株式会社ＳｋｙＫｉｔｔ,兵庫県,神戸市北区,八多町中６０１番地,6511351
6140001033467,株式会社ｋａｙａ　ｆｏｏｄ　ｓｅｒｖｉｃｅ,兵庫県,神戸市北区,藤原台北町５丁目２番１０−１２０２号,6511301
6140001033590,株式会社ＴＥＫＯ,兵庫県,神戸市北区,柏尾台５番地の２,6511255
6140001033608,株式会社セルネス,兵庫県,神戸市北区,惣山町２丁目８番地の８,6511145
6140001033954,株式会社ｍｕｇｈｅｔｔｏ,兵庫県,神戸市北区,筑紫が丘６丁目１番地の１２,6511212
6140001034011,株式会社ＲＯＦＡｃａｒｅ,兵庫県,神戸市北区,有野台３丁目３番の７,6511321
6140001034036,ゼロコム株式会社,兵庫県,神戸市北区,鈴蘭台南町８丁目７番３号,6511113
6140001037162,株式会社美和電機,兵庫県,神戸市北区,松宮台２丁目２０番地の２５,6511147
6140001045792,株式会社グレイス,兵庫県,神戸市北区,山田町原野字クノ木１２番２,6511252
6140001047062,株式会社レタッチアート,兵庫県,神戸市北区,泉台６丁目３番１−２０５号,6511141
6140001047236,株式会社タワーズ,兵庫県,神戸市北区,藤原台中町６丁目１６番２号,6511302
6140001057037,株式会社トリプル・ジー,兵庫県,神戸市北区,星和台２丁目８１番地の８,6511121
6140001057136,神友整砂株式会社,兵庫県,神戸市北区,山田町藍那字伝庫３番地の５,6511104
6140001057292,株式会社ビッグフォーティ,兵庫県,神戸市北区,鹿の子台北町１丁目１０番７号,6511513
6140001067110,株式会社楽,兵庫県,神戸市北区,有野町唐櫃字尾下山４０２９−３,6511331
6140001067176,株式会社マルタケ,兵庫県,神戸市北区,藤原台北町３丁目８番９号,6511301
6140001067548,アウォークスＡ・Ｉ株式会社,兵庫県,神戸市北区,藤原台北町５丁目３番１０,6511301
6140001068439,株式会社岸,兵庫県,神戸市北区,鈴蘭台西町１丁目２８番１０号,6511114
6140001068926,株式会社神戸産直クラブ,兵庫県,神戸市北区,八多町中１１５０,6511351
6140001072589,株式会社トラスト,兵庫県,神戸市北区,西山１丁目６番地の１６,6511305
6140001074296,株式会社アイグレースコーポレーション,兵庫県,神戸市北区,八多町附物２２番地,6511343
6140001074560,株式会社Ｊｏｋｅｒ　Ｅｎｔｅｒｐｒｉｓｅ,兵庫県,神戸市北区,八多町中８８３番地の１,6511351
6140001086688,株式会社ＣＡＰＩＴＡＲＥＡＬ,兵庫県,神戸市北区,鈴蘭台北町１丁目４−２０,6511111
6140001087026,株式会社Ｈ＆Ｓ,兵庫県,神戸市北区,東大池２丁目４番８号,6511333
6140001087050,株式会社グッドドゥイング,兵庫県,神戸市北区,南五葉２丁目１番３６号,6511132
6140001087216,株式会社ディアル,兵庫県,神戸市北区,鈴蘭台南町４丁目２番３号,6511113
6140001087257,株式会社イシス,兵庫県,神戸市北区,有野町有野９８０−１,6511312
6140001087380,株式会社３７Ｄｅｓｉｇｎ,兵庫県,神戸市北区,桂木２丁目３５番地Ｃ−６０４号,6511223
6140001087686,株式会社瀬上組,兵庫県,神戸市北区,柏尾台７番地の１０,6511255
6140001087793,株式会社アーキテクト・ファーム,兵庫県,神戸市北区,淡河町南僧尾２６２番地,6511602
6140001088214,株式会社新和ロジテム,兵庫県,神戸市北区,大原３丁目２０番地の３,6511222
6140001088288,株式会社オフィス・ゼロ,兵庫県,神戸市北区,有野台７丁目９番地の１０,6511321
6140001088528,株式会社ワンシード,兵庫県,神戸市北区,大原３丁目２０−８,6511222
6140001088949,レントパートナーズ株式会社,兵庫県,神戸市北区,惣山町１丁目２番地の７,6511145
6140001089344,株式会社フェアロザムンデ,兵庫県,神戸市北区,小倉台３丁目１２番地の７,6511211
6140001089625,株式会社Ｒサーティワン,兵庫県,神戸市北区,星和台３丁目２番地の１１,6511121
6140001090244,株式会社Ｒｅ・ライフ神戸,兵庫県,神戸市北区,筑紫が丘８丁目１７番地の４,6511212
6140001090392,株式会社神戸マテリアル,兵庫県,神戸市北区,山田町藍那字伝庫３番地の６,6511104
6140001090426,株式会社アンティム,兵庫県,神戸市北区,唐櫃台４丁目１１番３号,6511332
6140001091300,株式会社川端組,兵庫県,神戸市北区,有野台９丁目６番６号,6511321
6140001091333,株式会社南山ケアーサービス,兵庫県,神戸市北区,山田町小部字南山２番地の５４５,6511101
6140001092356,株式会社Ｔ’ｓクリエイト,兵庫県,神戸市北区,藤原台南町５丁目８番７号,6511303
6140001093148,株式会社松尾機械設計,兵庫県,神戸市北区,唐櫃台２丁目１１番５号,6511332
6140001094039,株式会社真央ＪＡＰＡＮ,兵庫県,神戸市北区,小倉台３丁目５番地の４,6511211
6140001094369,神戸青葉テック株式会社,兵庫県,神戸市北区,青葉台３８番６号,6511231
6140001094807,株式会社ポニー,兵庫県,神戸市北区,西大池２丁目８番５１号,6511201
6140001095284,株式会社ＬＡＮＤ　ＡＲＴ,兵庫県,神戸市北区,西山１丁目１番地の２２,6511305
6140001095292,株式会社ＷＡＩＷＡＩ,兵庫県,神戸市北区,山田町藍那字太々谷４９番地１,6511104
6140001095391,株式会社エス・ツー・ケー・アセット,兵庫県,神戸市北区,谷上東町３番１１−１０１号,6511245
6140001096118,Ｓｔｉｒｌｉｎｇ　Ｕｌｔｒａｃｏｌｄ　Ｊａｐａｎ　株式会社,兵庫県,神戸市北区,道場町生野１１７２番地の６１２,6511503
6140001096175,株式会社アスリートクラブ,兵庫県,神戸市北区,菖蒲が丘２丁目１番地の５,6511306
6140001096695,株式会社ＡＭＩＣＡ,兵庫県,神戸市北区,緑町６丁目９番４号,6511221
6140001096737,株式会社中島造園,兵庫県,神戸市北区,上津台４丁目２８番１４号,6511515
6140001096794,株式会社ＫｏｂｅＷｉｎｄ,兵庫県,神戸市北区,筑紫が丘２丁目１６番地の１８,6511212
6140001097594,株式会社有馬,兵庫県,神戸市北区,星和台３丁目１８番地の５,6511121
6140001097603,株式会社シエロリベルーラ,兵庫県,神戸市北区,上津台６丁目７番１８号,6511515
6140001097990,株式会社ダイナミックリンクロジ,兵庫県,神戸市北区,鈴蘭台南町２丁目１−１０Ａ棟１０１号,6511113
6140001098089,秀電工株式会社,兵庫県,神戸市北区,藤原台中町３丁目２番１４号,6511302
6140001098840,株式会社プレックスエナジー,兵庫県,神戸市北区,山田町原野字大山１番１５０,6511252
6140001099038,株式会社ライヒ,兵庫県,神戸市北区,緑町７丁目６番２３号,6511221
6140001099574,株式会社Ｅｔｅｒｎａｌ　Ｆｒｉｅｎｄｓ,兵庫県,神戸市北区,桂木２丁目２５番地の１１,6511223
6140001100325,株式会社シーアンドピーファンデーション,兵庫県,神戸市北区,藤原台南町４丁目２８番１６−２０２号,6511303
6140001100341,株式会社Ｅ−ＶＯＬＶＥ,兵庫県,神戸市北区,上津台１丁目１５番２号,6511515
6140001101018,株式会社神戸建物,兵庫県,神戸市北区,星和台４丁目２７番地の１,6511121
6140001101439,株式会社ＦＴＫ,兵庫県,神戸市北区,星和台１丁目１４番地の２,6511121
6140001103872,西神戸自動車株式会社,兵庫県,神戸市北区,鈴蘭台東町６丁目１０番１号,6511112
6140001103930,株式会社ＨＡＹＡＴＥ,兵庫県,神戸市北区,東大池３丁目２２番９号,6511333
6140001104144,株式会社いちご野薬局,兵庫県,神戸市北区,八多町中１０６０番地,6511351
6140001104235,株式会社新ＭＭＣ,兵庫県,神戸市北区,山田町下谷上字門口９番地の４,6511243
6140001104953,株式会社ＡＴＥＮＡ,兵庫県,神戸市北区,北五葉１丁目３番１５号,6511131
6140001105720,石川クレーン株式会社,兵庫県,神戸市北区,鈴蘭台西町４丁目７−８,6511114
6140001107089,株式会社池内地所,兵庫県,神戸市北区,八多町中１３９５番地,6511351
6140001107444,株式会社ものプロ,兵庫県,神戸市北区,星和台２丁目５番地の１２,6511121
6140001107568,株式会社Ｃｏｎｐｉｐｓ,兵庫県,神戸市北区,藤原台北町２丁目４番８号,6511301
6140001108426,株式会社ガレージファイブ,兵庫県,神戸市北区,山田町下谷上字中一里山１５−８３,6511102
6140001108822,株式会社ジェーネット・フロンティア,兵庫県,神戸市北区,藤原台中町７丁目４０番９号,6511302
6140001108979,メディアスケアフード株式会社,兵庫県,神戸市北区,山田町小部字大平６番地の１９,6511101
6140001109151,株式会社Ｍａｔｅｒｉａｌ　Ｃｏｍｆｏｒｔ,兵庫県,神戸市北区,筑紫が丘９丁目９番地の１３,6511212
6140001109192,株式会社シーレフト,兵庫県,神戸市北区,鈴蘭台南町５丁目１番１３号,6511113
6140001110687,株式会社Ｆｏｒｅｓｔ３８,兵庫県,神戸市北区,山田町小部字大東３０番地,6511101
6140001111066,株式会社アイメイク,兵庫県,神戸市北区,山田町小部字南山２番地の５９２,6511101
6140001111231,株式会社ＤＩＳ,兵庫県,神戸市北区,花山中尾台１丁目２７−７,6511202
6140001112163,エスティービルドサービス株式会社,兵庫県,神戸市北区,上津台４丁目１番３号,6511515
6140001112972,株式会社Ｆｕｎ　Ｌｉｆｅ,兵庫県,神戸市北区,鹿の子台北町７丁目１１番１１号,6511513
6140001113401,株式会社初芝商事,兵庫県,神戸市北区,唐櫃台１丁目１４番２４号,6511332
6140001113723,株式会社Ｋａｍａｌａ,兵庫県,神戸市北区,大原１丁目２番地の２１,6511222
6140001113855,株式会社ことりボーリング,兵庫県,神戸市北区,八多町上小名田１４３１番地の３,6511354
6140001113921,株式会社ＩＢＰシンセリティ,兵庫県,神戸市北区,鈴蘭台西町２丁目１６番１１号,6511114
6140001114977,株式会社日の出,兵庫県,神戸市北区,山田町下谷上字中一里山８−７２,6511102
6140001115091,株式会社ゲブ,兵庫県,神戸市北区,有野中町３丁目２７−１−４０１,6511313
6140001116338,株式会社Ｂａｎｇｒｉｚ,兵庫県,神戸市北区,上津台６丁目３４番９号,6511515
6140001116503,株式会社アールエーワイ,兵庫県,神戸市北区,小倉台１丁目７番地の３８,6511211
6140001117484,株式会社ＭＫＲ,兵庫県,神戸市北区,日の峰２丁目１６番２−２０４号,6511233
6140001117939,株式会社ラビットサン,兵庫県,神戸市北区,谷上東町１７番１８号,6511245
6140001117955,卯兵衛株式会社,兵庫県,神戸市北区,有馬町１３５３−４,6511401
6140001118045,ＡＩソリューション株式会社,兵庫県,神戸市北区,中里町２丁目２番地の１−２４１号,6511103
6140001118235,株式会社ハマコーポレーション,兵庫県,神戸市北区,北五葉１丁目１１−１２,6511131
6140001118417,Ｙｏｕサポート株式会社,兵庫県,神戸市北区,ひよどり台１丁目１５−１,6511123
6140001118458,株式会社ミスリー,兵庫県,神戸市北区,鈴蘭台北町１丁目４−９,6511111
6140001118739,株式会社イチタス,兵庫県,神戸市北区,ひよどり台南町２丁目２番地の６０,6511125
6140001118854,株式会社成善,兵庫県,神戸市北区,東有野台１丁目１９番地の３,6511322
6140001119043,株式会社スプリング,兵庫県,神戸市北区,星和台４丁目６番地の５,6511121
6140001119737,株式会社吉ｈｏｍｅ,兵庫県,神戸市北区,泉台４丁目１４番地の２,6511141
6140001120505,株式会社ｕｄｓ神戸,兵庫県,神戸市北区,鈴蘭台南町５丁目７−３,6511113
6140001120604,株式会社ＬＥＡＲＮＩＮＧ　ＳＥＥＤＳ,兵庫県,神戸市北区,日の峰２丁目６−１コアキタマチショッピングセンター２Ｆ,6511233
6140001121156,株式会社エースドライブ,兵庫県,神戸市北区,小倉台７丁目１１番地の３,6511211
6140001121321,株式会社Ｆｅｉｎ,兵庫県,神戸市北区,鈴蘭台東町５丁目４番２７号,6511112
6140001121924,株式会社１５,兵庫県,神戸市北区,八多町中１２５５番地ハートヴィレッジ２０１,6511351
6140001122261,株式会社ハイブリッジ,兵庫県,神戸市北区,ひよどり台１丁目８番地１２６棟２０４号,6511123
6140001122666,Ｓｋｙ　Ｍｏｔｉｏｎ株式会社,兵庫県,神戸市北区,有野町有野９２７北神第一ビル２０１号,6511312
6140001122955,株式会社ｍ＆ｍ,兵庫県,神戸市北区,八多町中９２９番地リバーサイドレジデンス１ＦＣ号,6511351
6140001123292,株式会社ＲｅＫ,兵庫県,神戸市北区,山田町下谷上字下の勝１１番地の１０,6511243
6140001123714,株式会社神姫不動産神戸北,兵庫県,神戸市北区,藤原台北町７丁目８番１２−２０３号,6511301
6140001123796,株式会社ＣＯＷＡＮＫＩＮ,兵庫県,神戸市北区,藤原台北町４丁目１５番１号,6511301
6140001123805,株式会社ｆｉｒｓｔ,兵庫県,神戸市北区,桜森町１２番地の５,6511214
6140001123854,株式会社翔雲,兵庫県,神戸市北区,山田町小部字一ツ鍬山１０番地の１２,6511101
6140001123978,株式会社セイコー,兵庫県,神戸市北区,花山東町３−３２,6511204
6140001124010,株式会社三神ビル管理,兵庫県,神戸市北区,上津台５丁目３番２１号,6511515
6140001124167,株式会社市田動物病院,兵庫県,神戸市北区,南五葉３丁目５番１９号,6511132
6140001124695,株式会社ＳＥＲＥＮＯ,兵庫県,神戸市北区,桂木３丁目３２番地の２エスポアシティ神戸北町１０８号,6511223
6140001125545,ｍａｉｍａｉ株式会社,兵庫県,神戸市北区,松宮台１丁目５番地の１８,6511147
6140001126766,株式会社ＩＮＤＩＢＡＳＡＬＯＮｎａｎａ,兵庫県,神戸市北区,有野中町２丁目３番９号ルーラルライフ和１０２号,6511313
6140001126790,株式会社河野土地管理事務所,兵庫県,神戸市北区,桂木２丁目２１番地の３,6511223
6140001127269,株式会社ホンダ兵庫ホールディングス,兵庫県,神戸市北区,星和台１丁目１７番地の１,6511121
6140001127302,株式会社Ｗｏｎｄｅｒ　Ｗａｌｌ,兵庫県,神戸市北区,鈴蘭台南町７丁目１２番３０号,6511113
6140001127938,株式会社アリー,兵庫県,神戸市北区,谷上東町３番１１−７０１号,6511245
6140001128044,株式会社わたなべＨＯＭＥ,兵庫県,神戸市北区,桂木３丁目３２番地の１コスモコート神戸北町１３０３号,6511223
6140001129001,ＬａＬａ株式会社,兵庫県,神戸市北区,菖蒲が丘１丁目２２番地の８９,6511306
6140001129117,株式会社ＪＫ　Ｂｒｏｔｈｅｒｓ　ＪＡＰＡＮ,兵庫県,神戸市北区,鈴蘭台東町４丁目５番１７メゾンＡＬＬ−ＩＮ１０１号,6511112
6140001129182,株式会社Ｅｎｔｏｕｒａｇｅ,兵庫県,神戸市北区,桂木４丁目１番地の８２,6511223
6140001129208,株式会社丸玄,兵庫県,神戸市北区,八多町吉尾８０番地,6511353
6140001129389,ＷＡＴ産業株式会社,兵庫県,神戸市北区,若葉台２丁目１９−５,6511143
6140001129901,株式会社クラフトペイント,兵庫県,神戸市北区,八多町附物１７８３番地,6511343
6140001130405,株式会社トラストソリューション,兵庫県,神戸市北区,小倉台５丁目２番地の４２,6511211
6140001130727,株式会社冨士屋,兵庫県,神戸市北区,道場町日下部１６０１番地,6511505
6140001132120,株式会社樹,兵庫県,神戸市北区,上津台４丁目２７番２９号,6511515
6140001132129,株式会社アールイーシー,兵庫県,神戸市北区,星和台２丁目４７番地の１６,6511121
6140001132640,株式会社Ｍｕｓｈｕ,兵庫県,神戸市北区,若葉台２丁目３番１６号,6511143
6140001133102,風島物流株式会社,兵庫県,神戸市北区,中里町２丁目３番地,6511103
6140001133432,セイナ技建株式会社,兵庫県,神戸市北区,君影町４丁目７番１６号,6511122
6140001133894,株式会社トリプルウィン,兵庫県,神戸市北区,鈴蘭台西町１丁目２０番１５−６０１号,6511114
6140001134091,ケイシンテック株式会社,兵庫県,神戸市北区,花山中尾台２丁目１３番地の１０,6511202
6140001134240,包家株式会社,兵庫県,神戸市北区,星和台１丁目１２番地４１,6511121
6140001134570,株式会社翔,兵庫県,神戸市北区,有野町二郎２９７番地の２,6511311
6140001134587,株式会社Ｋ’ｓＦａｃｔｏｒｙ,兵庫県,神戸市北区,道場町日下部１０５３番地１,6511505
6140001135445,株式会社ムーフ,兵庫県,神戸市北区,上津台２丁目３０番８号,6511515
6140001135874,シトラス株式会社,兵庫県,神戸市北区,鈴蘭台南町４丁目１番３１号,6511113
6140001136419,株式会社Ｆａｍｅａｌ,兵庫県,神戸市北区,松宮台１丁目１３番地の１２,6511147
6140001136724,株式会社ＹＰ,兵庫県,神戸市北区,山田町小部字大東１番地の１シャンブレ古志根２Ｄ号室,6511101
6140001137152,株式会社レベルナール,兵庫県,神戸市北区,鈴蘭台東町３丁目３番３７号,6511112
6140001137796,ＷＩＺＣＡＲ　ＩＮＴＥＲＮＡＴＩＯＮＡＬ株式会社,兵庫県,神戸市北区,淡河町淡河６８３番地の２,6511603
6140001138646,株式会社ＭＦＣ,兵庫県,神戸市北区,有野中町３丁目２７番１−３０１号,6511313
6140001138976,株式会社在る,兵庫県,神戸市北区,藤原台南町２丁目８番５号,6511303
6140001139041,株式会社ウェルスト工業,兵庫県,神戸市北区,鈴蘭台西町６丁目１８番１６号,6511114
6140001139314,株式会社Ａｖｅｃ,兵庫県,神戸市北区,筑紫が丘２丁目１６番地の１１,6511212
6140001139339,愛詩美業株式会社,兵庫県,神戸市北区,有野町唐櫃４０２９番３−３０３号室,6511331
6140001139561,Ｋａｙａ　Ｂａｓｅ株式会社,兵庫県,神戸市北区,京地２丁目１番地の５,6511304
6140001139792,株式会社永正,兵庫県,神戸市北区,八多町中１４２０番地,6511351
6140001140742,株式会社ＤＥＳＴＩＮＹスタジオ,兵庫県,神戸市北区,桜森町１６−１５,6511214
6140001140775,株式会社ＰＩＮＥ‐ＴＥＣ,兵庫県,神戸市北区,小倉台７丁目１４番地の１９,6511211
6140001141468,株式会社ＷＡＴＡＲＵ　ＨＯＭＭＡ,兵庫県,神戸市北区,南五葉３丁目５番１５−４１５号,6511132
6140001142490,株式会社ダブルデュースエイチファム,兵庫県,神戸市北区,ひよどり台２丁目３１番地１７号,6511123
6140001142607,株式会社Ｔｉｓｓｅｒ,兵庫県,神戸市北区,西山２丁目９番地の３０,6511305
6140002005556,株式会社北神戸運輸,兵庫県,神戸市北区,山田町小部字妙賀山１１番１号,6511101
6140002009838,近畿総合設備株式会社,兵庫県,神戸市北区,八多町吉尾３１８−１,6511353
7120001034821,グッドラック株式会社,兵庫県,神戸市北区,小倉台２丁目５番地の２,6511211
7120001052906,株式会社ゴルフサポート,兵庫県,神戸市北区,道場町日下部１６１５−２,6511505
7120001060545,株式会社居内紙工所,兵庫県,神戸市北区,道場町道場８６番地,6511501
7120001121355,株式会社Ｋｙｏ２・Ｄｅｓｉｇｎ,兵庫県,神戸市北区,山田町小部字南山２番地の６７８,6511101
7120001142905,ＨＩＲＯＪ株式会社,兵庫県,神戸市北区,大原２丁目１１番地の３,6511222
7120001160444,株式会社朝日トラスト,兵庫県,神戸市北区,菖蒲が丘２丁目１−１,6511306
7120001238001,株式会社Ｏｆｆｉｃｅ３１０,兵庫県,神戸市北区,八多町中１２７０番地の４,6511351
7120101029903,株式会社ＨＯＲＩＺＯＮ,兵庫県,神戸市北区,道場町塩田１５５０番地,6511502
7120901025151,株式会社ニユー豊中モーター,兵庫県,神戸市北区,道場町塩田１９５６,6511502
7140001001456,甲南餅本舗株式会社,兵庫県,神戸市北区,藤原台中町８丁目３番９号,6511302
7140001001992,株式会社中央管理サービス,兵庫県,神戸市北区,山田町上谷上字古々山２９番地の４８２,6511242
7140001003287,株式会社ケーエスシー,兵庫県,神戸市北区,大沢町日西原１７００−４,6511525
7140001005399,株式会社三宅建設,兵庫県,神戸市北区,北五葉５丁目６番２５号,6511131
7140001007123,株式会社ギミック,兵庫県,神戸市北区,筑紫が丘３丁目１番地の３０,6511212
7140001008328,株式会社神食,兵庫県,神戸市北区,桂木２丁目２３番地の２０,6511223
7140001009210,株式会社高山建設,兵庫県,神戸市北区,有野町唐櫃４３１０番地の１６,6511331
7140001010275,株式会社ピオ・インターナショナル,兵庫県,神戸市北区,桂木２丁目２４番地の１６,6511223
7140001010449,平崎貿易株式会社,兵庫県,神戸市北区,東大池１丁目９番１２号,6511333
7140001010696,プラント技研株式会社,兵庫県,神戸市北区,花山東町２番１１−６０８号,6511204
7140001012602,株式会社神鉄コミュニティサービス,兵庫県,神戸市北区,谷上東町１番１号,6511245
7140001012610,株式会社越後屋,兵庫県,神戸市北区,西大池１丁目５番３号,6511201
7140001014094,株式会社フローリスジヤパン,兵庫県,神戸市北区,鈴蘭台西町２丁目２０番１１号,6511114
7140001014251,丸藤商事株式会社,兵庫県,神戸市北区,日の峰３丁目１８番地の４,6511233
7140001014350,向井建築設計株式会社,兵庫県,神戸市北区,広陵町５丁目１７６番地,6511213
7140001014739,株式会社葵,兵庫県,神戸市北区,北五葉３丁目３番１５号,6511131
7140001014747,株式会社アイ・ジェイ,兵庫県,神戸市北区,有野町唐櫃１５３３番地,6511331
7140001014771,株式会社アネックス,兵庫県,神戸市北区,道場町日下部字中ノゴウ１６６４番地,6511505
7140001014788,株式会社有馬グランドサービス,兵庫県,神戸市北区,有馬町８０８番地,6511401
7140001014813,株式会社市木工務店,兵庫県,神戸市北区,山田町小部字大東２番１,6511101
7140001014838,株式会社永晃タイル商会,兵庫県,神戸市北区,鈴蘭台西町３丁目９番１８号,6511114
7140001014887,株式会社関西コンテック,兵庫県,神戸市北区,山田町下谷上字下の勝２番地５,6511243
7140001014929,株式会社木戸ビル,兵庫県,神戸市北区,鈴蘭台東町１丁目１２番１６号,6511112
7140001014937,共和工業株式会社,兵庫県,神戸市北区,山田町小部字南山２番地６３０,6511101
7140001014945,久保田建設株式会社,兵庫県,神戸市北区,山田町藍那字太々谷４９番地１,6511104
7140001014953,ケイエスティ株式会社,兵庫県,神戸市北区,惣山町２丁目４番地の１,6511145
7140001014961,株式会社ゲルメン,兵庫県,神戸市北区,若葉台４丁目１番１４号,6511143
7140001014986,株式会社ゴールデン薬品,兵庫県,神戸市北区,広陵町２丁目１番地の１,6511213
7140001015027,株式会社サトウ,兵庫県,神戸市北区,星和台５丁目７番地の１１７,6511121
7140001015043,株式会社サンプランニング,兵庫県,神戸市北区,唐櫃台１丁目７番３号,6511332
7140001015076,株式会社システムワット,兵庫県,神戸市北区,桂木２丁目７番地の５,6511223
7140001015084,七面株式会社,兵庫県,神戸市北区,花山台８番２６号,6511205
7140001015101,アトム・ジョナサン株式会社,兵庫県,神戸市北区,東有野台３丁目３番地の４,6511322
7140001015142,株式会社青粒,兵庫県,神戸市北区,有野町有野３４０６番地の１,6511312
7140001015150,株式会社相互美装,兵庫県,神戸市北区,鈴蘭台北町１丁目２２番２２号,6511111
7140001015175,株式会社ダイユウ,兵庫県,神戸市北区,有馬町１３００番地の１,6511401
7140001015183,株式会社大和建装,兵庫県,神戸市北区,泉台４丁目１２番地の１９,6511141
7140001015209,千恵興産株式会社,兵庫県,神戸市北区,山田町西下字押部道１５番地,6511263
7140001015217,辻尾産業株式会社,兵庫県,神戸市北区,南五葉１丁目２番４号,6511132
7140001015258,株式会社中西総合ガーデン,兵庫県,神戸市北区,鈴蘭台北町９丁目１２番４号,6511111
7140001015266,リアークス株式会社,兵庫県,神戸市北区,鈴蘭台南町１丁目４番１８号,6511113
7140001015274,西井ギヤレツクス株式会社,兵庫県,神戸市北区,若葉台３丁目３番１３号,6511143
7140001015299,株式会社ハイツ西町,兵庫県,神戸市北区,山田町藍那字下ノ町１７番地,6511104
7140001015324,株式会社樋浦,兵庫県,神戸市北区,道場町塩田３１８７番地,6511502
7140001015332,株式会社ビッグシェフ,兵庫県,神戸市北区,山田町下谷上字カンジャ３番,6511243
7140001015340,株式会社平井商店,兵庫県,神戸市北区,八多町吉尾２４５番地の１,6511353
7140001015349,株式会社ファインアートキモト,兵庫県,神戸市北区,惣山町４丁目７番地の１８,6511145
7140001015357,富国工業株式会社,兵庫県,神戸市北区,道場町日下部３００番地,6511505
7140001015365,藤井建設株式会社,兵庫県,神戸市北区,若葉台１丁目４番１０号,6511143
7140001015373,株式会社藤原組,兵庫県,神戸市北区,道場町日下部１７８０番地,6511505
7140001015381,株式会社フラン,兵庫県,神戸市北区,星和台１丁目１１番地の２４,6511121
7140001015407,北神急行電鉄株式会社,兵庫県,神戸市北区,谷上東町１番１号,6511245
7140001015415,北神米穀株式会社,兵庫県,神戸市北区,緑町７丁目３番５５号,6511221
7140001015423,株式会社ホンダ兵庫,兵庫県,神戸市北区,星和台１丁目１７番地の１,6511121
7140001015448,マネジメント神戸株式会社,兵庫県,神戸市北区,南五葉５丁目４番１４号,6511132
7140001015480,株式会社三原建設,兵庫県,神戸市北区,道場町日下部７３１番地の８,6511505
7140001015506,株式会社森田工務店,兵庫県,神戸市北区,鈴蘭台東町３丁目３番２５号,6511112
7140001015514,株式会社ヤマゲン,兵庫県,神戸市北区,有野中町２丁目１７番１０−２０２号,6511313
7140001015530,株式会社湯の花堂本舗,兵庫県,神戸市北区,有馬町８７０番地,6511401
7140001015563,株式会社リング,兵庫県,神戸市北区,有野町唐櫃３６９４−２４３,6511331
7140001015588,株式会社六甲アイアン,兵庫県,神戸市北区,有野町唐櫃字前ケ谷１５６６番地の６,6511331
7140001015605,株式会社神戸シブヤ,兵庫県,神戸市北区,若葉台２丁目１０番１４号,6511143
7140001015621,日本電子株式会社,兵庫県,神戸市北区,南五葉１丁目１番１−１０２号,6511132
7140001019184,オペレックス株式会社,兵庫県,神戸市北区,筑紫が丘２丁目１７番地の２０,6511212
7140001019283,株式会社コマンドライン,兵庫県,神戸市北区,北五葉６丁目７番４１号,6511131
7140001019572,株式会社データシックス,兵庫県,神戸市北区,藤原台北町２丁目１４番５号,6511301
7140001019746,株式会社ワークス望月,兵庫県,神戸市北区,京地２丁目２８番地の２,6511304
7140001019878,株式会社トウ,兵庫県,神戸市北区,東大池１丁目１番２４号,6511333
7140001020761,世紀コンクリート株式会社,兵庫県,神戸市北区,山田町下谷上字下の勝１３番地の１,6511243
7140001021388,株式会社サンキョー,兵庫県,神戸市北区,長尾町宅原字上中４１番地,6511511
7140001022130,株式会社ピーアンドビー,兵庫県,神戸市北区,藤原台北町６丁目２０番地,6511301
7140001022171,株式会社沃豊総本社,兵庫県,神戸市北区,大原３丁目３番地の２０,6511222
7140001022634,株式会社キレイ,兵庫県,神戸市北区,緑町７丁目１−４４−２０７,6511221
7140001023475,株式会社神戸セキュリティ,兵庫県,神戸市北区,星和台６丁目１３番地の１７,6511121
7140001023608,ビービービーレコード株式会社,兵庫県,神戸市北区,道場町生野１１７２番地２８４,6511503
7140001024457,株式会社グラスランド,兵庫県,神戸市北区,淡河町萩原７９６番地,6511615
7140001024531,川上株式会社,兵庫県,神戸市北区,鈴蘭台東町２丁目４番３２号,6511112
7140001024770,株式会社アトレジャパン,兵庫県,神戸市北区,山田町上谷上字ヤンゲン７番１,6511242
7140001024928,株式会社フォワード,兵庫県,神戸市北区,有野町有野字奥沢５２番地の１,6511312
7140001024944,株式会社ケイティーティーエス,兵庫県,神戸市北区,藤原台南町１丁目１番１６号,6511303
7140001025117,株式会社シュウボウ,兵庫県,神戸市北区,有馬町１７０１番地,6511401
7140001025208,ラッキー商会株式会社,兵庫県,神戸市北区,泉台４丁目１４番地の１,6511141
7140001025364,高井技研株式会社,兵庫県,神戸市北区,小倉台６丁目１番地の１２,6511211
7140001025694,株式会社Ｂｅｅｈｉｖｅ,兵庫県,神戸市北区,東有野台２丁目４番地の５,6511322
7140001025819,ランドマックス株式会社,兵庫県,神戸市北区,鹿の子台南町４丁目２９番１０号,6511514
7140001026486,株式会社グリーンハイツ,兵庫県,神戸市北区,緑町３丁目１１番７号,6511221
7140001026841,北創土木株式会社,兵庫県,神戸市北区,道場町日下部１５４５番地,6511505
7140001027393,株式会社メジャー,兵庫県,神戸市北区,藤原台中町４丁目１９番７号,6511302
7140001027492,株式会社共栄興産,兵庫県,神戸市北区,鈴蘭台北町３丁目２５番５号,6511111
7140001027501,株式会社ピー・アンド・エム・トレーディング,兵庫県,神戸市北区,北五葉２丁目１１番１号,6511131
7140001027666,株式会社ｆｕｌｌ　ｏｆ　ｖｉｇｏｒ,兵庫県,神戸市北区,山田町下谷上字芝９番地の２,6511243
7140001027699,株式会社近畿日豊神戸,兵庫県,神戸市北区,君影町３丁目１−２６−１０１,6511122
7140001028383,株式会社アウルサイングラフィック,兵庫県,神戸市北区,有野中町３丁目６番２５号,6511313
7140001029514,株式会社ハマダ工務店,兵庫県,神戸市北区,筑紫が丘４丁目２番１０号,6511212
7140001029539,株式会社ＳＥＧＵＭＩ,兵庫県,神戸市北区,緑町６丁目１２番７号,6511221
7140001030182,株式会社すずらん保険サービス,兵庫県,神戸市北区,鈴蘭台南町４丁目７番７号,6511113
7140001030307,株式会社いめでぃあ,兵庫県,神戸市北区,北五葉５丁目８番２２号,6511131
7140001030843,株式会社木童,兵庫県,神戸市北区,大沢町簾４３７番地,6511526
7140001030892,株式会社アラオ,兵庫県,神戸市北区,藤原台北町３丁目２番８号,6511301
7140001031156,株式会社ＨＯＵＲＹＵ,兵庫県,神戸市北区,有野町二郎４６番地の１−１０１号,6511311
7140001031214,株式会社神戸建興,兵庫県,神戸市北区,道場町塩田１４０８番地,6511502
7140001031321,明成工業株式会社,兵庫県,神戸市北区,長尾町宅原２２１番地,6511511
7140001031486,株式会社ブレイン,兵庫県,神戸市北区,山田町福地字ガケノ上２番地の３,6511254
7140001031544,株式会社大場,兵庫県,神戸市北区,星和台１丁目１８番地の３２,6511121
7140001031577,株式会社緑幸園,兵庫県,神戸市北区,淡河町神影２２９番地,6511621
7140001031585,株式会社ウエダ,兵庫県,神戸市北区,桂木３丁目２８−１Ａ−１０６,6511223
7140001031593,株式会社ゆうゆう,兵庫県,神戸市北区,鈴蘭台南町６丁目１３番１３号,6511113
7140001031759,株式会社ｖｉｖｉｄ,兵庫県,神戸市北区,有野中町２丁目１４番地３,6511313
7140001032006,ＩＭＰＥＲＩＡＬ　ＭＯＴＯＲＳ株式会社,兵庫県,神戸市北区,青葉台１５番６号,6511231
7140001032047,神戸寶楽庵株式会社,兵庫県,神戸市北区,八多町附物８６９番地２６,6511343
7140001032138,株式会社モリッツ,兵庫県,神戸市北区,星和台６丁目１５番８号,6511121
7140001032179,株式会社アクティビティー,兵庫県,神戸市北区,藤原台中町６丁目２０番９号,6511302
7140001032294,東陽株式会社,兵庫県,神戸市北区,松が枝町１丁目１４番地の４,6511232
7140001032303,株式会社居酒屋食蔵,兵庫県,神戸市北区,惣山町１丁目２２−２８,6511145
7140001032600,株式会社リンツア,兵庫県,神戸市北区,大原２丁目７−５,6511222
7140001032658,神戸化粧品株式会社,兵庫県,神戸市北区,鈴蘭台西町２丁目１４番１−１０５号,6511114
7140001032699,株式会社石匠,兵庫県,神戸市北区,道場町塩田字北山上３１５９番地の１,6511502
7140001032773,株式会社芙優ビジネスソリューションズ,兵庫県,神戸市北区,ひよどり台南町２丁目２番地の１,6511125
7140001033061,株式会社アンリガトー,兵庫県,神戸市北区,八多町中１１１３番地,6511351
7140001033094,株式会社ＪＮコーポレーション,兵庫県,神戸市北区,京地１丁目１８番地の５,6511304
7140001033136,株式会社Ｋ・ｓｔｙｌｅ・Ｊａｐａｎ,兵庫県,神戸市北区,長尾町上津字北向井３８９１番３,6511512
7140001033350,株式会社リコリッシュ,兵庫県,神戸市北区,山田町小部字西ノ岡谷１６−１,6511101
7140001033466,株式会社Ｊｅｒｒｉ’ｓ,兵庫県,神戸市北区,緑町３丁目２番４３号,6511221
7140001033722,株式会社ＳｐｅａｋＧｌｏｂａｌ,兵庫県,神戸市北区,谷上西町２７番６−２０２号,6511246
7140001033838,株式会社イーブン,兵庫県,神戸市北区,有野中町３丁目１番３８号,6511313
7140001033912,株式会社山の街不動産,兵庫県,神戸市北区,緑町１丁目１番９号ルナ緑町１０１号,6511221
7140001034266,福地建設株式会社,兵庫県,神戸市北区,山田町小河字下ギトラ１９番５,6511105
7140001034299,スターホールディングス株式会社,兵庫県,神戸市北区,北五葉６丁目４番３−１０１号,6511131
7140001036015,吉富住宅株式会社,兵庫県,神戸市北区,星和台１丁目３４番地の１２４,6511121
7140001037921,株式会社ホームメイクＮＡＯ,兵庫県,神戸市北区,菖蒲が丘１丁目２２番地の１０２,6511306
7140001041865,株式会社みずほトラベル,兵庫県,神戸市北区,泉台１丁目１番地の１,6511141
7140001042194,株式会社Ｋａｙａ　Ｇｒｏｕｐ,兵庫県,神戸市北区,藤原台北町５丁目２番１０−１２０２号,6511301
7140001066400,株式会社三田食肉公社,兵庫県,神戸市北区,長尾町宅原１１番地,6511511
7140001066516,日本ランチェスター工業株式会社,兵庫県,神戸市北区,赤松台１丁目５番２号,6511516
7140001067241,日東コーポレーション株式会社,兵庫県,神戸市北区,藤原台北町５丁目３番１０−６０６号,6511301
7140001067407,株式会社ＭＯＴＯＹＡＭＡ　ＬＩＮＥ,兵庫県,神戸市北区,山田町小部字妙賀５−２,6511101
7140001069213,株式会社瀬戸内石材,兵庫県,神戸市北区,藤原台中町７丁目８番１３号,6511302
7140001077661,株式会社ループ,兵庫県,神戸市北区,日の峰２丁目６番１号,6511233
7140001077892,ユーコー商事株式会社,兵庫県,神戸市北区,鈴蘭台東町４丁目２番５号,6511112
7140001086695,株式会社コーモト化粧品研究所,兵庫県,神戸市北区,鈴蘭台東町５丁目７番３８号,6511112
7140001086745,株式会社ＧＥＮダイニング,兵庫県,神戸市北区,八多町中８７０,6511351
7140001087314,長岡電気株式会社,兵庫県,神戸市北区,筑紫が丘６丁目７番２号,6511212
7140001087413,株式会社栄技建,兵庫県,神戸市北区,筑紫が丘８丁目９番地の４,6511212
7140001087438,株式会社ワイエスネット,兵庫県,神戸市北区,広陵町４丁目１２４番地の１,6511213
7140001087586,株式会社幸陽工務,兵庫県,神戸市北区,幸陽町３丁目１１番地の１６,6511203
7140001087743,西神梱包サービス株式会社,兵庫県,神戸市北区,鈴蘭台西町５丁目１６番３−１３０１号,6511114
7140001087883,株式会社悠楽堂,兵庫県,神戸市北区,君影町３丁目１番２６−１０９号,6511122
7140001088023,一徳企画株式会社,兵庫県,神戸市北区,惣山町１丁目５番地の６,6511145
7140001088031,ライズ株式会社,兵庫県,神戸市北区,有野町有野３５５番地の１,6511312
7140001088205,株式会社フォーエンキー,兵庫県,神戸市北区,京地４丁目１９番地の２７,6511304
7140001088931,株式会社もえほーむ,兵庫県,神戸市北区,甲栄台５丁目１２番１６号,6511142
7140001089574,良品総合管理株式会社,兵庫県,神戸市北区,日の峰２丁目３番地の１,6511233
7140001090747,株式会社冨士山トレーディング,兵庫県,神戸市北区,幸陽町１丁目１番地の１,6511203
7140001091679,株式会社ナースあい,兵庫県,神戸市北区,小倉台４丁目１１番地の３,6511211
7140001092396,株式会社ＤＩＣＳ,兵庫県,神戸市北区,八多町中１２７０番地３,6511351
7140001092875,株式会社マルア,兵庫県,神戸市北区,緑町６丁目１９番１号,6511221
7140001093007,株式会社学院書店,兵庫県,神戸市北区,松が枝町３丁目７番地の７,6511232
7140001093725,株式会社東馬場農園,兵庫県,神戸市北区,道場町塩田６９０番地,6511502
7140001095176,株式会社ＲｅＸｌｉｓｓ,兵庫県,神戸市北区,有野中町２丁目２１−７,6511313
7140001095291,株式会社治山建設,兵庫県,神戸市北区,日の峰５丁目１０番地の１、２−９０８号,6511233
7140001095630,株式会社インデックス関西,兵庫県,神戸市北区,鈴蘭台西町１丁目２７番１７号,6511114
7140001095647,株式会社Ｋ　Ｔｕｒｅｉｓ,兵庫県,神戸市北区,東有野台１丁目１７番１号,6511322
7140001095812,株式会社Ｌａｖｏ,兵庫県,神戸市北区,小倉台６丁目３１番地の３,6511211
7140001095886,株式会社レコシステム,兵庫県,神戸市北区,山田町下谷上字梅木谷２３番地の５−７０３号,6511243
7140001095911,株式会社Ａｃｌｏｔｕｓｅｋ,兵庫県,神戸市北区,唐櫃台２丁目５１番１５号,6511332
7140001096083,株式会社前田商会,兵庫県,神戸市北区,星和台３丁目１３番地の９,6511121
7140001096414,株式会社ＡＱＵＡＡＵＴＯ,兵庫県,神戸市北区,鈴蘭台北町６丁目３−２７,6511111
7140001096439,株式会社浦商事,兵庫県,神戸市北区,八多町柳谷４７５番地,6511342
7140001096876,株式会社Ｕｓｕｉｔｅ,兵庫県,神戸市北区,日の峰３丁目６番地の１８,6511233
7140001097890,株式会社ハッピー・一七四,兵庫県,神戸市北区,有馬町８２１番地,6511401
7140001098261,株式会社ドリナビ,兵庫県,神戸市北区,有野町有野９２４番地２,6511312
7140001098567,株式会社アイフィス,兵庫県,神戸市北区,藤原台南町３丁目７番９号,6511303
7140001098625,株式会社給湯や,兵庫県,神戸市北区,山田町下谷上字小橋７番地の３,6511243
7140001098798,株式会社ＭＹコンサルティング,兵庫県,神戸市北区,鹿の子台北町４丁目２５番６号,6511513
7140001099086,株式会社インテリアミタニ,兵庫県,神戸市北区,長尾町上津２８２１番地,6511512
7140001099160,株式会社メビウス,兵庫県,神戸市北区,広陵町４丁目１５４番地,6511213
7140001099185,株式会社廣栄,兵庫県,神戸市北区,若葉台３丁目２０番１０号,6511143
7140001100010,株式会社力貴,兵庫県,神戸市北区,山田町小部字東山１−１６,6511101
7140001100027,株式会社Ｈ・Ｕコーポレーション,兵庫県,神戸市北区,大原１丁目３０番地の８,6511222
7140001100927,株式会社ビッグリアライズ,兵庫県,神戸市北区,道場町日下部１６１５番地の２,6511505
7140001101231,株式会社中谷電工,兵庫県,神戸市北区,星和台１丁目１１番地の３２,6511121
7140001101256,高田カーサービス株式会社,兵庫県,神戸市北区,八多町上小名田３１６番地の１,6511354
7140001102502,株式会社ココチ,兵庫県,神戸市北区,大池見山台１４番地の１０２,6511206
7140001102989,株式会社ケイングス,兵庫県,神戸市北区,谷上南町１８番１０号,6511244
7140001103797,栄不動産開発株式会社,兵庫県,神戸市北区,山田町衝原５１,6511264
7140001103962,株式会社ボルティック,兵庫県,神戸市北区,菖蒲が丘２丁目１１番地の９２,6511306
7140001104143,株式会社バーコフ,兵庫県,神戸市北区,小倉台６丁目４番地の３,6511211
7140001104184,株式会社ジェッツコーポレーション,兵庫県,神戸市北区,南五葉５丁目４番４号,6511132
7140001104705,株式会社東本通信土木,兵庫県,神戸市北区,鈴蘭台西町２丁目１７番６号,6511114
7140001105281,株式会社マイケー,兵庫県,神戸市北区,有野中町３丁目１６番２８号,6511313
7140001105372,藤原工業株式会社,兵庫県,神戸市北区,星和台１丁目３番地の２２,6511121
7140001106263,株式会社ダイドー,兵庫県,神戸市北区,鈴蘭台東町４丁目１番１４号,6511112
7140001106346,株式会社ラフアンドワーク,兵庫県,神戸市北区,鳴子２丁目１７番地２−２０３号,6511133
7140001107724,株式会社萱之坊,兵庫県,神戸市北区,藤原台中町７丁目２番１号,6511302
7140001107757,株式会社オフィス平井,兵庫県,神戸市北区,ひよどり台２丁目７番地の１３,6511123
7140001108417,インプレッションゴルフ株式会社,兵庫県,神戸市北区,藤原台南町３丁目１０番５号,6511303
7140001108433,株式会社まる福,兵庫県,神戸市北区,八多町下小名田字四反田廻８７５番地の１,6511352
7140001108490,株式会社アスライトリーシング,兵庫県,神戸市北区,日の峰２丁目８番地の４,6511233
7140001108524,株式会社Ａｉｍｏ,兵庫県,神戸市北区,泉台１丁目８番１号,6511141
7140001109035,株式会社米兵衛,兵庫県,神戸市北区,道場町生野４５２番地,6511503
7140001109043,株式会社Ｕ−ＴＥＣＨ,兵庫県,神戸市北区,有馬町１２４−４,6511401
7140001109134,極株式会社,兵庫県,神戸市北区,東大池２丁目２４番１１号,6511333
7140001109150,株式会社アベリア,兵庫県,神戸市北区,筑紫が丘７丁目４番地の１,6511212
7140001109290,株式会社ｙｕ−ｋｅｎ,兵庫県,神戸市北区,上津台２丁目１８番１７号,6511515
7140001109398,株式会社タイドジャパン,兵庫県,神戸市北区,ひよどり台南町３丁目２番地の１０,6511125
7140001109695,株式会社エール,兵庫県,神戸市北区,山田町小部字妙賀山５番地の１,6511101
7140001109927,株式会社西日本削蹄,兵庫県,神戸市北区,八多町上小名田２０６３−３,6511354
7140001110018,Ｉｎｆｉｎｉ株式会社,兵庫県,神戸市北区,松宮台１丁目５番地の１８,6511147
7140001110579,株式会社キオッチョラ,兵庫県,神戸市北区,鈴蘭台西町４丁目１０番１２号,6511114
7140001111998,株式会社Ｐｌａｙｅｒｓ,兵庫県,神戸市北区,鈴蘭台北町２丁目８番６号,6511111
7140001112039,株式会社兵衛風早商事,兵庫県,神戸市北区,有馬町１９０４番地,6511401
7140001112154,株式会社エクシト,兵庫県,神戸市北区,広陵町６丁目２０２番地の１,6511213
7140001112410,株式会社エフォート,兵庫県,神戸市北区,星和台１丁目１３番地７号,6511121
7140001112492,株式会社いなどめ測量,兵庫県,神戸市北区,谷上南町１６番２１号,6511244
7140001112575,西神フォークリフト株式会社,兵庫県,神戸市北区,幸陽町２丁目１２番地の２,6511203
7140001112823,株式会社八慶,兵庫県,神戸市北区,上津台６丁目４番２０号,6511515
7140001113301,大地設備株式会社,兵庫県,神戸市北区,八多町中８４７番地,6511351
7140001114241,株式会社マカロン,兵庫県,神戸市北区,東有野台３丁目１８番地の２,6511322
7140001114423,株式会社ラフアンドケア,兵庫県,神戸市北区,鳴子２丁目１７番地２−２０３号,6511133
7140001114654,株式会社グランデュール,兵庫県,神戸市北区,藤原台中町２丁目１５番４号,6511302
7140001114761,レイブリック株式会社,兵庫県,神戸市北区,有野町唐櫃１９８３番地の９,6511331
7140001115033,株式会社神港,兵庫県,神戸市北区,山田町東下字後ケ市４番地,6511262
7140001116072,株式会社モモ,兵庫県,神戸市北区,有野中町３丁目３０番３３号,6511313
7140001116469,株式会社ＡＡＴＹ,兵庫県,神戸市北区,長尾町上津１９６６番地,6511512
7140001116907,株式会社エイシン,兵庫県,神戸市北区,緑町３丁目２番３−１０４号,6511221
7140001117137,株式会社ｋｅｄ,兵庫県,神戸市北区,松が枝町３丁目１３番地の１,6511232
7140001118457,株式会社九州建物,兵庫県,神戸市北区,緑町３丁目１０番２０号,6511221
7140001118746,ＴＫエンジニアリング株式会社,兵庫県,神戸市北区,花山中尾台３丁目１５番地の１２,6511202
7140001119265,株式会社ＨＡＮＡ　ＡＬＯＨＡ,兵庫県,神戸市北区,西大池２丁目８番１０９号,6511201
7140001120322,株式会社ワイケージー,兵庫県,神戸市北区,大原３丁目２０番８号,6511222
7140001120545,株式会社北急配,兵庫県,神戸市北区,鈴蘭台北町４丁目１番１５号,6511111
7140001121948,株式会社桜設備,兵庫県,神戸市北区,上津台１丁目１６番６号,6511515
7140001121989,株式会社柴建設,兵庫県,神戸市北区,鹿の子台北町１丁目１３番９号,6511513
7140001122095,株式会社露地,兵庫県,神戸市北区,八多町上小名田２７６５番,6511354
7140001122153,川崎建設株式会社,兵庫県,神戸市北区,八多町上小名田４７番地の１,6511354
7140001122277,株式会社エスコージ,兵庫県,神戸市北区,有野町有野２０６０−２０５,6511312
7140001123473,株式会社和ごみ,兵庫県,神戸市北区,惣山町５丁目９番地の６,6511145
7140001123738,株式会社アクアマリン,兵庫県,神戸市北区,花山東町３番２６−３０３号,6511204
7140001123985,株式会社ｔａｃｓ,兵庫県,神戸市北区,鹿の子台北町７丁目６番５号,6511513
7140001124686,株式会社広瀬塗装店,兵庫県,神戸市北区,鹿の子台南町２丁目７番１１号,6511514
7140001125040,株式会社スカイスタッフエージェント,兵庫県,神戸市北区,藤原台北町１丁目１番４号,6511301
7140001125494,株式会社中の坊ホールディングス,兵庫県,神戸市北区,有馬町８０８番地,6511401
7140001125569,株式会社キャディ,兵庫県,神戸市北区,大池見山台１４−１９５,6511206
7140001126146,株式会社おさだ,兵庫県,神戸市北区,若葉台４丁目８番１１号,6511143
7140001126278,株式会社ＴＡＳＵ‐ｃｌｕｂ,兵庫県,神戸市北区,山田町上谷上字堺山１６番地の２,6511242
7140001126609,株式会社Ａ‐ＬＩＦＥ,兵庫県,神戸市北区,青葉台１０番９号,6511231
7140001126625,株式会社Ｏ２,兵庫県,神戸市北区,道場町塩田１４３５番地,6511502
7140001126930,株式会社田中モータース,兵庫県,神戸市北区,藤原台北町３丁目１５番２３号,6511301
7140001128051,株式会社ＬＩＢＲＡ　ＧＲＯＵＰ,兵庫県,神戸市北区,緑町７丁目１番２７−６１３号,6511221
7140001128225,株式会社ＴＷＩＮ,兵庫県,神戸市北区,西大池２丁目２−８,6511201
7140001128902,エースクラフト株式会社,兵庫県,神戸市北区,有野台３丁目３番地の１０,6511321
7140001129041,株式会社ＡＲＣＨＩ,兵庫県,神戸市北区,杉尾台１丁目８番地の５,6511146
7140001129669,ホクシン工業株式会社,兵庫県,神戸市北区,藤原台北町５丁目３番９−６０４号,6511301
7140001129834,株式会社ＬｉｇｈｔＨｏｕｓｅ,兵庫県,神戸市北区,日の峰３丁目２８番１８号,6511233
7140001130619,株式会社アミティＬｉｎｋ,兵庫県,神戸市北区,藤原台北町７丁目８番１２−２０３号,6511301
7140001130742,クアユナイト株式会社,兵庫県,神戸市北区,上津台２丁目２６番１６号,6511515
7140001130874,株式会社ＴＯＯＬＢＯＸ,兵庫県,神戸市北区,鹿の子台南町６丁目２２番１号,6511514
7140001131162,Ｙｅｌｌｏｗ　Ｄｕｃｋ株式会社,兵庫県,神戸市北区,上津台６丁目３番２８号,6511515
7140001131501,株式会社アールケル,兵庫県,神戸市北区,鈴蘭台南町６丁目１８番７号,6511113
7140001132243,株式会社オリーブ不動産,兵庫県,神戸市北区,藤原台北町７丁目８番９号,6511301
7140001132920,株式会社読売センター鈴蘭台,兵庫県,神戸市北区,北五葉２丁目１０−２１,6511131
7140001133737,株式会社Ｍ＆Ｍ,兵庫県,神戸市北区,上津台２丁目４０番５号,6511515
7140001134314,株式会社Ｉ‐サポート,兵庫県,神戸市北区,有馬町１０４６番地,6511401
7140001135171,エコベニ株式会社,兵庫県,神戸市北区,北五葉５丁目４−１,6511131
7140001135196,株式会社Ｓｈｉｎｎ,兵庫県,神戸市北区,鈴蘭台西町５丁目１６番１−８０６号,6511114
7140001135428,株式会社Ｃｈｌｏｒｉｓ,兵庫県,神戸市北区,鈴蘭台東町１丁目１番２７−２０１号,6511112
7140001135700,株式会社マロンヴィレッジ,兵庫県,神戸市北区,藤原台中町７丁目２５番８号,6511302
7140001136013,株式会社Ｃｒａｃｈｅｆ,兵庫県,神戸市北区,道場町生野１１７２番地の６４６,6511503
7140001136269,東岡場開発株式会社,兵庫県,神戸市北区,有野町有野４１０４番地の１１,6511312
7140001137655,株式会社丸ごころ,兵庫県,神戸市北区,花山中尾台１丁目７番地の４,6511202
7140001137779,株式会社ＳＨＯＷ　ｆｏｏｄ　ｓｅｒｖｉｃｅ,兵庫県,神戸市北区,長尾町上津２４２５番地１,6511512
7140001138067,株式会社ＳＭＣ,兵庫県,神戸市北区,有野町唐櫃３３３３番地の２,6511331
7140001139189,アイビーサービス株式会社,兵庫県,神戸市北区,有野町唐櫃７４２−３,6511331
7140001140015,株式会社ＬＬＳ,兵庫県,神戸市北区,松が枝町１丁目１１番地の２,6511232
7140001140452,株式会社叶夢,兵庫県,神戸市北区,松宮台２丁目１６番地の３,6511147
7140001141335,株式会社河野商事,兵庫県,神戸市北区,杉尾台２丁目１０−１,6511146
7140001141351,株式会社Ｄ８,兵庫県,神戸市北区,有野町有野６６５番地の２,6511312
7140002063000,北神運輸株式会社,兵庫県,神戸市北区,道場町塩田１９６６番地の１０,6511502
7140003000836,本木戸株式会社,兵庫県,神戸市北区,日の峰５丁目１０番地の１、５−９０６号,6511233
7190001010956,加藤実業株式会社,兵庫県,神戸市北区,長尾町宅原１９３７番の１０,6511511
8010001217304,株式会社再生可能エネルギー保証機構,兵庫県,神戸市北区,筑紫が丘８丁目１２番３２号,6511212
8010401184912,株式会社シナジア,兵庫県,神戸市北区,有馬町１０４７番地,6511401
8010403011354,レネジェン株式会社,兵庫県,神戸市北区,緑町５丁目３番２２号,6511221
8010403018408,株式会社Ｎｏｒｋｓ,兵庫県,神戸市北区,長尾町上津３１６９番地の１６,6511512
8020001068614,モノポール株式会社,兵庫県,神戸市北区,花山台１８番２２号,6511205
8120001129538,マリッジワン株式会社,兵庫県,神戸市北区,有野町唐櫃３７８４番地の２６,6511331
8120001164378,株式会社光,兵庫県,神戸市北区,藤原台北町５丁目２番１２−６０２号,6511301
8120001183337,株式会社ファインパートナーズ,兵庫県,神戸市北区,鹿の子台北町５丁目２６番１８号,6511513
8120001188633,株式会社ヒューマン・スタディ,兵庫県,神戸市北区,大原３丁目１５番地の１９,6511222
8120901012248,株式会社ユーサービス,兵庫県,神戸市北区,有野町有野４４７番地の１,6511312
8120901022346,株式会社ＬＡ,兵庫県,神戸市北区,鳴子１丁目１２番地の２,6511133
8130001065253,ＡＮＡ商事株式会社,兵庫県,神戸市北区,有馬町唐櫃４０２９−６−１０１号室,6511401
8140001003947,株式会社平野工業,兵庫県,神戸市北区,日の峰１丁目１３番地の１０,6511233
8140001007469,株式会社コーエイ建設工業,兵庫県,神戸市北区,北五葉１丁目１番地３７壱番館２０１,6511131
8140001008145,株式会社シーアップ,兵庫県,神戸市北区,山田町下谷上字梅木谷２０番,6511243
8140001008277,シンキ・ソフトウエア・サービス株式会社,兵庫県,神戸市北区,唐櫃台４丁目１２番１６号,6511332
8140001008343,株式会社日本リメイク,兵庫県,神戸市北区,青葉台２３番１号,6511231
8140001010349,株式会社ビクトリー,兵庫県,神戸市北区,日の峰４丁目１３番地の２１,6511233
8140001010737,株式会社ベジーコーポレーション,兵庫県,神戸市北区,星和台６丁目５番地の９,6511121
8140001012089,株式会社神戸ビーエムセンター,兵庫県,神戸市北区,山田町上谷上字古々山２９番地の３９グレース大池,6511242
8140001012675,株式会社大野社,兵庫県,神戸市北区,山田町小部字惣六畑山５番３,6511101
8140001013310,信和プラスチツク工業株式会社,兵庫県,神戸市北区,惣山町５丁目７番２号,6511145
8140001013822,日榮運輸株式会社,兵庫県,神戸市北区,惣山町２丁目８番地の１,6511145
8140001013946,パレス産業株式会社,兵庫県,神戸市北区,有野町二郎６０２番地１−１０５号,6511311
8140001014746,株式会社アオキ地所,兵庫県,神戸市北区,有馬町５９８番地２−３０２,6511401
8140001014754,株式会社アーバンプラネット,兵庫県,神戸市北区,桂木３丁目９番地の５,6511223
8140001014762,アグリジイテイ株式会社,兵庫県,神戸市北区,藤原台北町１丁目１８番９号,6511301
8140001014770,株式会社アップルハウジング,兵庫県,神戸市北区,菖蒲が丘１丁目２１番地の１,6511306
8140001014787,株式会社有馬片山幹雄商店,兵庫県,神戸市北区,有馬町１３０５番地の２,6511401
8140001014820,株式会社イマイ,兵庫県,神戸市北区,北五葉１丁目２番１５号,6511131
8140001014837,株式会社浦商,兵庫県,神戸市北区,藤原台南町４丁目１１番１号,6511303
8140001014853,株式会社フラックス,兵庫県,神戸市北区,緑町６丁目２７番１６号,6511221
8140001014861,大阪システムサービス株式会社,兵庫県,神戸市北区,星和台７丁目１番１１号,6511121
8140001014894,株式会社片岡実業,兵庫県,神戸市北区,小倉台４丁目１３番地の９,6511211
8140001014903,株式会社カワイケ,兵庫県,神戸市北区,山田町上谷上字古々山２９番地の２２３,6511242
8140001014928,株式会社キタノオート,兵庫県,神戸市北区,淡河町萩原７７１−１,6511615
8140001014944,株式会社クニヒロ設備,兵庫県,神戸市北区,北五葉４丁目１４番１４号,6511131
8140001014960,株式会社原色,兵庫県,神戸市北区,淡河町野瀬６９５番地,6511623
8140001014969,株式会社交通救護センタークサカ,兵庫県,神戸市北区,星和台７丁目４番地の１１,6511121
8140001014985,株式会社興和,兵庫県,神戸市北区,鳴子２丁目２０番地の９,6511133
8140001014993,株式会社コスモメイト,兵庫県,神戸市北区,鈴蘭台西町１丁目３番１４号,6511114
8140001015001,株式会社コントロール・ラボ,兵庫県,神戸市北区,小倉台７丁目１番地の７,6511211
8140001015018,三協設備株式会社,兵庫県,神戸市北区,有野台４丁目２２番７,6511321
8140001015042,株式会社サンセブン商事,兵庫県,神戸市北区,有野町有野３７３０番地の２,6511312
8140001015050,株式会社サンライフ,兵庫県,神戸市北区,山田町原野字火打石６−２号,6511252
8140001015067,神興商事株式会社,兵庫県,神戸市北区,鈴蘭台東町１丁目１２番１１号,6511112
8140001015075,新星造園土木株式会社,兵庫県,神戸市北区,八多町深谷字西谷３６５番地の３,6511341
8140001015083,兵庫カンツリー倶楽部株式会社,兵庫県,神戸市北区,山田町原野鹿見山１０９番地の５０,6511252
8140001015091,下浦産業株式会社,兵庫県,神戸市北区,南五葉５丁目２番１５号,6511132
8140001015109,株式会社スウェット,兵庫県,神戸市北区,鈴蘭台東町７丁目９番３号,6511112
8140001015141,清和商事株式会社,兵庫県,神戸市北区,若葉台２丁目１８番２５号,6511143
8140001015158,泰建工務株式会社,兵庫県,神戸市北区,南五葉６丁目１０番５号,6511132
8140001015166,大神瓦斯株式会社,兵庫県,神戸市北区,若葉台１丁目５番２０号,6511143
8140001015174,ダイヤ株式会社,兵庫県,神戸市北区,有野中町３丁目２６番２号,6511313
8140001015190,株式会社竹中肉店,兵庫県,神戸市北区,有馬町８１３番地,6511401
8140001015199,株式会社タジマ,兵庫県,神戸市北区,泉台７丁目５番地の９,6511141
8140001015216,株式会社チヤネル,兵庫県,神戸市北区,鈴蘭台南町６丁目１２番２９号,6511113
8140001015232,株式会社東亜興業,兵庫県,神戸市北区,大原２丁目２番地の１,6511222
8140001015240,株式会社トーショク,兵庫県,神戸市北区,藤原台中町２丁目１６番９号,6511302
8140001015257,中西建設株式会社,兵庫県,神戸市北区,淡河町神田３５４番地の１,6511622
8140001015281,日進工業株式会社,兵庫県,神戸市北区,東大池１丁目３番７号,6511333
8140001015298,株式会社パイテク大阪,兵庫県,神戸市北区,鹿の子台北町６丁目１７番１号,6511513
8140001015315,株式会社パピエ・コレ,兵庫県,神戸市北区,有野中町１丁目１５番１０号,6511313
8140001015323,株式会社ピーティーシー,兵庫県,神戸市北区,京地１丁目１７番地の１,6511304
8140001015331,株式会社ビジョンサクセス,兵庫県,神戸市北区,有野町唐櫃２８２０番地の５,6511331
8140001015348,広部自動車株式会社,兵庫県,神戸市北区,山田町小部字広刈２番の６,6511101
8140001015356,福井建設株式会社,兵庫県,神戸市北区,八多町吉尾４８番地の１,6511353
8140001015372,株式会社藤野土木,兵庫県,神戸市北区,道場町塩田１９４５番地の６,6511502
8140001015389,株式会社ベルアップ,兵庫県,神戸市北区,鈴蘭台西町５丁目１６番１−１４０３号,6511114
8140001015406,株式会社北神コピーセンター,兵庫県,神戸市北区,道場町日下部１０４８番地の２,6511505
8140001015414,北神鉄工株式会社,兵庫県,神戸市北区,道場町塩田１９８８番地の３,6511502
8140001015422,株式会社本多内装,兵庫県,神戸市北区,藤原台南町４丁目１５番１７号,6511303
8140001015430,株式会社前沢酒店,兵庫県,神戸市北区,有馬町１２９８−６,6511401
8140001015447,株式会社マツモリ,兵庫県,神戸市北区,淡河町野瀬３９５番地,6511623
8140001015455,株式会社丸菱,兵庫県,神戸市北区,北五葉５丁目１０番２２号,6511131
8140001015496,明信建設株式会社,兵庫県,神戸市北区,緑町３丁目１−３５,6511221
8140001015513,株式会社藪本鉄工,兵庫県,神戸市北区,山田町藍那字清水１番地の５,6511104
8140001015521,山本興産株式会社,兵庫県,神戸市北区,緑町７丁目１９番１号,6511221
8140001015554,株式会社ベストゴルフクラブ,兵庫県,神戸市北区,山田町下谷上字中一里山６番地の２９,6511102
8140001015595,株式会社神戸環境社,兵庫県,神戸市北区,山田町藍那字伝庫１番１,6511104
8140001015604,株式会社神戸ソフトクリエイト,兵庫県,神戸市北区,西大池１丁目３番９号,6511201
8140001017006,やまあ工業株式会社,兵庫県,神戸市北区,筑紫が丘２丁目１８番地の２７,6511212
8140001018094,甲南貿易株式会社,兵庫県,神戸市北区,君影町２丁目１番４８−３０１,6511122
8140001019282,株式会社豊大,兵庫県,神戸市北区,有野中町３丁目２０番２０号,6511313
8140001020075,株式会社クリエイティブ,兵庫県,神戸市北区,谷上西町２７番６−３０４号,6511246
8140001020595,人生設計株式会社,兵庫県,神戸市北区,星和台１丁目１８番地の４２,6511121
8140001020793,株式会社多田工業商会,兵庫県,神戸市北区,鹿の子台南町３丁目１５番１８号,6511514
8140001020983,株式会社領南運輸,兵庫県,神戸市北区,大原２丁目５番地の１０,6511222
8140001021338,株式会社ブライト,兵庫県,神戸市北区,筑紫が丘３丁目５番地の２２,6511212
8140001021379,ディー・アール・シー株式会社,兵庫県,神戸市北区,大池見山台１４番地の１７６,6511206
8140001021585,株式会社神戸ドラゴンパン,兵庫県,神戸市北区,小倉台４丁目１１番地の６,6511211
8140001022443,株式会社アズプロモーション,兵庫県,神戸市北区,泉台１丁目９番地の２,6511141
8140001022765,株式会社エコミック,兵庫県,神戸市北区,星和台２丁目８３番地の３,6511121
8140001022872,株式会社ラピタ産業,兵庫県,神戸市北区,鈴蘭台北町３丁目１７番２４号,6511111
8140001023350,株式会社ジェイテック,兵庫県,神戸市北区,八多町下小名田６６３番地の１,6511352
8140001023466,株式会社ビアンカログハウス,兵庫県,神戸市北区,鈴蘭台北町９丁目１４番１４号,6511111
8140001023838,株式会社ビースリーシステムズ,兵庫県,神戸市北区,筑紫が丘２丁目２２番２０号,6511212
8140001023846,株式会社ムツミ,兵庫県,神戸市北区,有野町二郎大字南５１５の２,6511311
8140001024002,株式会社スマイルハウジング,兵庫県,神戸市北区,有野中町１丁目５番２８号,6511313
8140001024051,株式会社インプレッション,兵庫県,神戸市北区,鹿の子台南町４丁目２９番１０号,6511514
8140001024621,株式会社オルビス,兵庫県,神戸市北区,鈴蘭台東町３丁目５番３号,6511112
8140001025017,株式会社ジェイ・アヴァン,兵庫県,神戸市北区,鈴蘭台東町２丁目１６番７号,6511112
8140001025074,株式会社ミナミハウジング,兵庫県,神戸市北区,山田町上谷上字畑開地１１番地の１,6511242
8140001025082,コムズ・エナジー株式会社,兵庫県,神戸市北区,藤原台北町５丁目３番８−７０１号,6511301
8140001025090,株式会社Ｈ２Ｓ,兵庫県,神戸市北区,中里町１丁目８番地の２９８,6511103
8140001025108,株式会社プロスアンカー,兵庫県,神戸市北区,緑町５丁目７番地２６,6511221
8140001025388,株式会社ボンディーノ,兵庫県,神戸市北区,星和台１丁目４番地の４,6511121
8140001025421,神輝創建株式会社,兵庫県,神戸市北区,花山東町３番２７‐２０３号,6511204
8140001025537,株式会社ＣＯＳ,兵庫県,神戸市北区,松宮台１丁目１８番地の７,6511147
8140001025743,株式会社武山商事,兵庫県,神戸市北区,小倉台３丁目１２番地の２,6511211
8140001026196,ハマホーム株式会社,兵庫県,神戸市北区,鈴蘭台北町９丁目１２番２号,6511111
8140001026320,株式会社西崎創薬研究所,兵庫県,神戸市北区,桂木２丁目３番地の１４,6511223
8140001026535,クールジャパン株式会社,兵庫県,神戸市北区,鈴蘭台西町６丁目１８番１６号,6511114
8140001026923,ＴＥＮ建設工業株式会社,兵庫県,神戸市北区,北五葉１丁目３番１５号,6511131
8140001026972,株式会社オーラム,兵庫県,神戸市北区,谷上東町１３番２２プラティーク１０１号,6511245
8140001027608,大和コーポレーション株式会社,兵庫県,神戸市北区,藤原台北町５丁目２番２−２０２号,6511301
8140001027673,株式会社不老元,兵庫県,神戸市北区,八多町中５０番地の１,6511351
8140001027698,藤岡設備工業株式会社,兵庫県,神戸市北区,若葉台４丁目１−１０−１０３−１,6511143
8140001027772,株式会社河合塗研,兵庫県,神戸市北区,道場町塩田１９５７番１１号,6511502
8140001027797,株式会社カーミル,兵庫県,神戸市北区,上津台６丁目６番８号,6511515
8140001027822,株式会社ミヤビ,兵庫県,神戸市北区,長尾町宅原３９１２番地の１,6511511
8140001027979,株式会社優成,兵庫県,神戸市北区,鈴蘭台西町２丁目３番３２号,6511114
8140001028259,株式会社ケミウスジャパン,兵庫県,神戸市北区,道場町塩田前川原２３０３番地の２,6511502
8140001028531,株式会社ＣＥＳ,兵庫県,神戸市北区,広陵町３丁目１９０番地の１,6511213
8140001028812,株式会社ケイテック,兵庫県,神戸市北区,山田町下谷上字中一里山１５−６０,6511102
8140001029190,株式会社藤原建装,兵庫県,神戸市北区,鈴蘭台北町８丁目４番１３号,6511111
8140001029372,株式会社五葉設備工業,兵庫県,神戸市北区,南五葉５丁目２番２１号,6511132
8140001029901,シビル建設株式会社,兵庫県,神戸市北区,淡河町木津７４７番地,6511614
8140001030181,康栄環境株式会社,兵庫県,神戸市北区,広陵町１丁目１６２番地の１、６０２号,6511213
8140001030248,株式会社ステージアップ,兵庫県,神戸市北区,日の峰４丁目４番地の８,6511233
8140001030363,株式会社和音,兵庫県,神戸市北区,南五葉６丁目６番３７号,6511132
8140001030388,株式会社護農興商,兵庫県,神戸市北区,山田町下谷上字芝床１９番地神明舎１号室,6511243
8140001030504,株式会社ＳＳＢ,兵庫県,神戸市北区,上津台７丁目３番地,6511515
8140001030529,株式会社ＬＥＧＡＴＯ,兵庫県,神戸市北区,鈴蘭台北町６丁目８−８,6511111
8140001030553,インターモダルジャパン株式会社,兵庫県,神戸市北区,緑町８丁目１番１２−７０２号,6511221
8140001030719,株式会社アイ・コーポレーション,兵庫県,神戸市北区,北五葉４丁目５番２８号,6511131
8140001030826,株式会社浜田商店,兵庫県,神戸市北区,東大池１丁目１１番５号,6511333
8140001030867,株式会社アイ企画,兵庫県,神戸市北区,京地１丁目８番地の３,6511304
8140001030875,清水電工株式会社,兵庫県,神戸市北区,泉台５丁目１９−１８,6511141
8140001031122,株式会社マルカネットサービス,兵庫県,神戸市北区,京地１丁目９番地の１４,6511304
8140001031139,株式会社福一紙料,兵庫県,神戸市北区,山田町小部字惣六畑山１２番地の１,6511101
8140001031493,神戸マリン販売株式会社,兵庫県,神戸市北区,八多町附物字神主田１０２９番地の５,6511343
8140001031568,株式会社ロイン,兵庫県,神戸市北区,筑紫が丘８丁目１１番地の２０,6511212
8140001031592,株式会社ＡＬＴＯ−ＯＮＥ,兵庫県,神戸市北区,上津台４丁目７番２１号,6511515
8140001031766,株式会社ロゴスカンパニー,兵庫県,神戸市北区,藤原台南町１丁目１番１１号,6511303
8140001032021,光緑電池株式会社,兵庫県,神戸市北区,緑町６丁目２５番８号,6511221
8140001032780,株式会社ベストエイド,兵庫県,神戸市北区,日の峰４丁目８番２２号,6511233
8140001032954,株式会社ＯＭカンパニー,兵庫県,神戸市北区,君影町６丁目７番５４−２号,6511122
8140001033341,株式会社グーニーズ,兵庫県,神戸市北区,北五葉６丁目１４番３２号,6511131
8140001033416,西村工業株式会社,兵庫県,神戸市北区,道場町生野３１８番地の５０,6511503
8140001033440,株式会社ソリシス,兵庫県,神戸市北区,鈴蘭台南町３丁目１２番１４号,6511113
8140001033622,株式会社プレストプランニング,兵庫県,神戸市北区,山田町小部字広刈１９番地の１,6511101
8140001033928,株式会社元組,兵庫県,神戸市北区,東大池１丁目１５−８,6511333
8140001034018,タニソー株式会社,兵庫県,神戸市北区,東有野台２丁目１５番地の５,6511322
8140001034059,株式会社コンファーム,兵庫県,神戸市北区,藤原台南町３丁目３番１６号,6511303
8140001034356,株式会社ヤナガワパートナーズ,兵庫県,神戸市北区,小倉台３丁目１２番地の４,6511211
8140001038142,株式会社よしの,兵庫県,神戸市北区,八多町柳谷１０４０番地,6511342
8140001038159,株式会社アサヒ・ヴィクトワール,兵庫県,神戸市北区,山田町小部字南山２番地の４７６,6511101
8140001038183,花山土地株式会社,兵庫県,神戸市北区,幸陽町１丁目１７番地,6511203
8140001042193,株式会社イング,兵庫県,神戸市北区,星和台４丁目１０−３１,6511121
8140001042301,株式会社Ｎ．Ｋ．Ｇ　Ｃｏｒｐｏｒａｔｉｏｎ,兵庫県,神戸市北区,小倉台４丁目１２−８,6511211
8140001046401,株式会社メディット,兵庫県,神戸市北区,山田町下谷上字かんじや１７番地の１０,6511243
8140001054008,株式会社エスティエンジニアリング,兵庫県,神戸市北区,京地２丁目２番地の２,6511304
8140001057316,和楽株式会社,兵庫県,神戸市北区,藤原台南町４丁目１５番３号,6511303
8140001067380,ＴＫＢ株式会社,兵庫県,神戸市北区,有馬町３１８番地,6511401
8140001067752,ＲＯＫＫＯＤＥ株式会社,兵庫県,神戸市北区,藤原台中町４丁目９−１２,6511302
8140001073643,株式会社ビーカム,兵庫県,神戸市北区,有野中町３丁目１２番２９号,6511313
8140001077644,株式会社ＴＫＧＢ,兵庫県,神戸市北区,北五葉３丁目５番３６号,6511131
8140001086488,株式会社ＭＪ−ＣＲＥＡＴＥ,兵庫県,神戸市北区,八多町附物１０４７−１,6511343
8140001086620,株式会社ワインカレッジ,兵庫県,神戸市北区,筑紫が丘５丁目６番地の１１,6511212
8140001086835,株式会社ティーフォーユーネットワークス,兵庫県,神戸市北区,筑紫が丘４丁目３番地の１８,6511212
8140001087073,株式会社オフィスエンマイド,兵庫県,神戸市北区,日の峰３丁目２１番地の２２,6511233
8140001087214,株式会社ＳＴＥＡＤ,兵庫県,神戸市北区,道場町生野５２１番地,6511503
8140001087750,株式会社ｉｓｔ,兵庫県,神戸市北区,小倉台１丁目１３番地の１５,6511211
8140001087874,株式会社翡翠,兵庫県,神戸市北区,大原１丁目１６番地の１２,6511222
8140001087965,株式会社アーチテックアドバンス,兵庫県,神戸市北区,山田町原野字城ケ岡２番地６,6511252
8140001087973,セントラルレンタカー株式会社,兵庫県,神戸市北区,北五葉６丁目１４番３２号,6511131
8140001088212,株式会社トッパーサン・ジャパン,兵庫県,神戸市北区,山田町小部字一ツ鍬山１０−１２,6511101
8140001088245,株式会社メッサ関西,兵庫県,神戸市北区,若葉台１丁目７番２５号,6511143
8140001088393,株式会社オオムラルーフ,兵庫県,神戸市北区,山田町小部字向井３０番地,6511101
8140001088583,株式会社ノア・グラフィックス,兵庫県,神戸市北区,花山中尾台３丁目２０番地の１,6511202
8140001088682,ルフトテック株式会社,兵庫県,神戸市北区,泉台３丁目１２番地の１４,6511141
8140001089854,株式会社エムズプランニング,兵庫県,神戸市北区,山田町小部字向井谷１番地の１,6511101
8140001090069,株式会社グラティス・デザイン,兵庫県,神戸市北区,惣山町４丁目１６番地の１３,6511145
8140001090143,株式会社建築工房ｉｍａ造,兵庫県,神戸市北区,長尾町上津２１４,6511512
8140001090168,株式会社柘植工業,兵庫県,神戸市北区,筑紫が丘８丁目１０番地の５,6511212
8140001090639,株式会社ファイン,兵庫県,神戸市北区,八多町下小名田字四反田廻８７５−１,6511352
8140001090853,株式会社煙波致爽閣,兵庫県,神戸市北区,鳴子２丁目１７番２−２０５号,6511133
8140001091447,株式会社堀天,兵庫県,神戸市北区,鈴蘭台北町１丁目２３番２３−２０５号,6511111
8140001091843,株式会社ジェイエイファーム六甲,兵庫県,神戸市北区,八多町屏風１１４５番地,6511344
8140001093550,株式会社ロイズ,兵庫県,神戸市北区,八多町中１０８２番地の２,6511351
8140001093848,株式会社緑鳴館,兵庫県,神戸市北区,有馬町９６０番地,6511401
8140001093955,株式会社日本興業,兵庫県,神戸市北区,鈴蘭台北町１丁目４番９号日本興業ビル２階,6511111
8140001094136,株式会社ホライズン,兵庫県,神戸市北区,筑紫が丘２丁目１４番地の９,6511212
8140001094251,株式会社ミルクトップ,兵庫県,神戸市北区,有野町有野１６８２番地の５,6511312
8140001094441,大窪陸運株式会社,兵庫県,神戸市北区,花山中尾台２丁目１５番地の１,6511202
8140001094573,株式会社ＨＩ−ＣＯＮＮＥＣＴＩＯＮ,兵庫県,神戸市北区,広陵町６丁目２０２番地の１,6511213
8140001094879,株式会社Ｎ＆Ｈ,兵庫県,神戸市北区,筑紫が丘８丁目１番地の１６,6511212
8140001095381,金銀堂株式会社,兵庫県,神戸市北区,上津台５丁目５番１号,6511515
8140001095456,株式会社昭和ゴールデン,兵庫県,神戸市北区,藤原台北町５丁目２番１０−１２０２号,6511301
8140001095530,株式会社恵商事,兵庫県,神戸市北区,鈴蘭台西町５丁目９番８号,6511114
8140001096256,株式会社Ｆｕｔｕｒｅ　Ｓｕｐｐｏｒｔ,兵庫県,神戸市北区,日の峰４丁目１１番地の３５,6511233
8140001096280,株式会社リセン,兵庫県,神戸市北区,藤原台中町４丁目１０番１１号,6511302
8140001096545,三栄建設株式会社,兵庫県,神戸市北区,有野町唐櫃３６９番地の９,6511331
8140001096644,株式会社３８Ｋ,兵庫県,神戸市北区,君影町４丁目３番３号,6511122
8140001097007,株式会社ファンビルド,兵庫県,神戸市北区,広陵町４丁目１１１,6511213
8140001097808,株式会社花一,兵庫県,神戸市北区,鈴蘭台北町３丁目１７番１６号,6511111
8140001097989,株式会社ＫＳＫ,兵庫県,神戸市北区,有野町有野２２１,6511312
8140001098013,株式会社竹安技研,兵庫県,神戸市北区,藤原台南町５丁目１８−１８４,6511303
8140001098236,株式会社みなみかぜ,兵庫県,神戸市北区,桂木２丁目５番地の１２,6511223
8140001098541,株式会社ともに,兵庫県,神戸市北区,藤原台中町８丁目４番１号,6511302
8140001099127,株式会社カーセレクト神戸,兵庫県,神戸市北区,有野町唐櫃４２７３−３５,6511331
8140001099515,山田真珠株式会社,兵庫県,神戸市北区,星和台６丁目１０番地の１２,6511121
8140001100389,ＮＫ建築工房株式会社,兵庫県,神戸市北区,鈴蘭台北町３丁目２６番７号,6511111
8140001101057,株式会社たんぽぽ,兵庫県,神戸市北区,鈴蘭台西町４丁目７番１４号,6511114
8140001101957,株式会社北優,兵庫県,神戸市北区,筑紫が丘８丁目１０番地の１４,6511212
8140001102336,Ｐｅａｒｌ　Ｌａｂｏ株式会社,兵庫県,神戸市北区,松が枝町２丁目１８番地の６,6511232
8140001102658,株式会社Ｍ．Ｉ．Ｏ,兵庫県,神戸市北区,杉尾台２丁目１０番地の１４,6511146
8140001102781,株式会社ＫＦ−Ｃｏｒｐｏｒａｔｉｏｎ,兵庫県,神戸市北区,筑紫が丘１丁目１５番地の１８,6511212
8140001103557,Ｊ＆Ｃｏ．株式会社,兵庫県,神戸市北区,桂木３丁目３２番地の２エスポアシティ神戸北町２０６号,6511223
8140001103796,株式会社シビデオ,兵庫県,神戸市北区,日の峰５丁目１４番３０８号,6511233
8140001105173,エムテック株式会社,兵庫県,神戸市北区,道場町生野１１７２番地の８６７,6511503
8140001105529,株式会社和風空間,兵庫県,神戸市北区,道場町生野１１７２番地の７９,6511503
8140001105792,株式会社Ｙ＆Ｍ　ｃｏｍｐａｎｙ,兵庫県,神戸市北区,南五葉１丁目２番１８号Ｇｌａｎｚ２階,6511132
8140001107228,株式会社イーストニア,兵庫県,神戸市北区,中里町２丁目２１番地の２２,6511103
8140001107491,株式会社ＧＲＩＴ,兵庫県,神戸市北区,星和台７丁目１２番地の８,6511121
8140001107649,株式会社トーヨーテックシステム,兵庫県,神戸市北区,藤原台北町３丁目１６−２−２,6511301
8140001107946,株式会社ＨＯＢＢＹ　ＨＯＵＳＥ伊藤,兵庫県,神戸市北区,鹿の子台北町６丁目１７番８号,6511513
8140001109190,株式会社ＴＫ−ＯＮＥ,兵庫県,神戸市北区,有野台２丁目１２番の３,6511321
8140001109422,株式会社帝国通信,兵庫県,神戸市北区,若葉台１丁目１番２７−２０２号,6511143
8140001109612,株式会社キャリアアップ,兵庫県,神戸市北区,山田町下谷上字奥谷２番地の５,6511243
8140001109661,株式会社アップ,兵庫県,神戸市北区,上津台６丁目３０番２８号,6511515
8140001109884,株式会社Ｈ．Ｍコンサルティング,兵庫県,神戸市北区,鈴蘭台南町３丁目７番３８号,6511113
8140001110470,株式会社エムズクリーン,兵庫県,神戸市北区,甲栄台１丁目９番１−３０４号,6511142
8140001111394,株式会社金天秦天,兵庫県,神戸市北区,鈴蘭台北町４丁目１−３２−８０１,6511111
8140001111626,どうぐ箱ソフト株式会社,兵庫県,神戸市北区,東大池２丁目２４番１１号,6511333
8140001111849,株式会社ＷＫ’ｓパインヒル,兵庫県,神戸市北区,藤原台南町５丁目７番２号,6511303
8140001111956,株式会社西田木材,兵庫県,神戸市北区,鈴蘭台南町８丁目８番５号,6511113
8140001112426,株式会社ｇｒｅｅｎ　ａｇｅｎｃｙ,兵庫県,神戸市北区,鈴蘭台東町５丁目７番３３号,6511112
8140001112459,株式会社ＭＯＡ−ＣＯＬＯＲ,兵庫県,神戸市北区,有野町有野８１３−２,6511312
8140001113449,株式会社ひろコミュニケーションズ,兵庫県,神戸市北区,藤原台北町５丁目２番１０−１２０２号,6511301
8140001113606,ｎｉｋｏｌｕｎａ株式会社,兵庫県,神戸市北区,緑町８丁目１番８−１００３,6511221
8140001113705,株式会社Ｊｉｌｌａｎｉｅ,兵庫県,神戸市北区,藤原台南町４丁目１番２７−２,6511303
8140001114208,株式会社ダイレクトフーズ,兵庫県,神戸市北区,鈴蘭台西町６丁目１１番８号,6511114
8140001114562,株式会社一水ソリューションズ,兵庫県,神戸市北区,谷上東町６−３６,6511245
8140001116955,株式会社壱,兵庫県,神戸市北区,有野中町３丁目５番２−２０１号,6511313
8140001117367,なかの工芸株式会社,兵庫県,神戸市北区,八多町上小名田３４０番地,6511354
8140001117648,株式会社楓造園,兵庫県,神戸市北区,鈴蘭台北町７丁目４番５号,6511111
8140001117755,株式会社ＣＥＬＵＥ,兵庫県,神戸市北区,桜森町１３番地の１,6511214
8140001118571,東亜商事株式会社,兵庫県,神戸市北区,山田町下谷上字芝床１６番地の１,6511243
8140001118786,株式会社トレヴィ・インシュアランス,兵庫県,神戸市北区,松宮台２丁目７番地の４,6511147
8140001118828,株式会社ＬＩＮＫＴＨ,兵庫県,神戸市北区,有野中町１丁目２０−１３,6511313
8140001119173,マツモトテクノ株式会社,兵庫県,神戸市北区,道場町生野１１７２番地の４１９,6511503
8140001119561,オンウェーブ株式会社,兵庫県,神戸市北区,星和台６丁目２０番地の１４,6511121
8140001119660,株式会社ヘンボク,兵庫県,神戸市北区,有野中町４丁目１８番１７号,6511313
8140001119727,株式会社Ｒ　Ｔｒａｄｉｎｇ,兵庫県,神戸市北区,西大池２丁目８番１０４号,6511201
8140001120115,株式会社Ｍ　ａｎｄ　Ｍ　ＪＡＰＡＮ,兵庫県,神戸市北区,鈴蘭台西町２丁目２２番７−８０６号,6511114
8140001120692,株式会社北神土地建物,兵庫県,神戸市北区,有野中町１丁目６番１６号,6511313
8140001121682,株式会社ＷＥＬＬ,兵庫県,神戸市北区,筑紫が丘５丁目１７番地の２,6511212
8140001122185,株式会社ｍｉｌｋ,兵庫県,神戸市北区,甲栄台４丁目５−１０−１０１,6511142
8140001122945,株式会社Ｍ．ＳＵＲＦ,兵庫県,神戸市北区,上津台２丁目３７番２７号,6511515
8140001123852,株式会社ｂｏｏｔｓ,兵庫県,神戸市北区,鈴蘭台南町４丁目３番１８号,6511113
8140001123902,株式会社マインドケア,兵庫県,神戸市北区,鈴蘭台北町５丁目４番５号,6511111
8140001124041,エーテルネット株式会社,兵庫県,神戸市北区,鹿の子台北町７丁目２３−１,6511513
8140001124099,株式会社アスクレーピオス,兵庫県,神戸市北区,山田町小部字広苅１４−１０,6511101
8140001124132,株式会社北神圧送,兵庫県,神戸市北区,藤原台南町４丁目２８番１−２０１号,6511303
8140001124818,株式会社Ｏｊ８ｋ,兵庫県,神戸市北区,唐櫃六甲台３番地の３,6511334
8140001125452,株式会社ＢＡＴＯＮ,兵庫県,神戸市北区,鈴蘭台東町３丁目３番２５号−１０１,6511112
8140001125709,株式会社Ｍａｔｓｕｄａｉｒａ,兵庫県,神戸市北区,鈴蘭台東町７丁目４番５号,6511112
8140001125989,株式会社仲村電工,兵庫県,神戸市北区,杉尾台１丁目７番地の４,6511146
8140001126863,Ｍｓ’Ｓｕｐｐｏｒｔ株式会社,兵庫県,神戸市北区,道場町日下部１８２７番地グランディオーズ１０２号,6511505
8140001127036,株式会社鹿毛組,兵庫県,神戸市北区,藤原台中町２丁目２番１号,6511302
8140001127457,株式会社セラヴィホールデイングス,兵庫県,神戸市北区,藤原台中町２丁目１０番１０号,6511302
8140001127903,株式会社Ｋ．Ｅｎｇｉ．,兵庫県,神戸市北区,広陵町６丁目１６６番地の２,6511213
8140001127977,株式会社ＳＰＥＬＥＸ,兵庫県,神戸市北区,甲栄台３丁目６−１３ハイツＡ−１,6511142
8140001128059,Ｔ＆Ｉ　ＥＮＴＥＲＰＲＩＳＥＳ株式会社,兵庫県,神戸市北区,鈴蘭台東町７丁目１３番１１−２１１号,6511112
8140001128158,株式会社北神テック,兵庫県,神戸市北区,上津台４丁目１８番２３号,6511515
8140001128430,桜とさくら株式会社,兵庫県,神戸市北区,山田町小部字向井谷２０番,6511101
8140001129255,共栄ワークス株式会社,兵庫県,神戸市北区,ひよどり台２丁目２番地の１００,6511123
8140001129379,株式会社Ｔｈｉｒｄ　Ｐｌａｃｅ,兵庫県,神戸市北区,山田町小部字南山２番地４７６,6511101
8140001130980,ＥＳＣＡＰＥ映画株式会社,兵庫県,神戸市北区,鈴蘭台東町３丁目４番１９号,6511112
8140001131054,株式会社橋野建興,兵庫県,神戸市北区,京地３丁目７−３０,6511304
8140001131129,Ｍｏｖｉｅｉｎｇ株式会社,兵庫県,神戸市北区,山田町原野字城ケ岡２番地の６ゴールドウッズ箕谷第３ビルＢ１−５号,6511252
8140001132936,株式会社ＭＯＴＯＮＯＲＩ,兵庫県,神戸市北区,惣山町５丁目３番地の７,6511145
8140001134825,株式会社厚田工業,兵庫県,神戸市北区,大原３丁目１７番地の１、２−１２０６号,6511222
8140001135476,株式会社ＬＵＣＫ,兵庫県,神戸市北区,惣山町１丁目５−１２,6511145
8140001135773,株式会社イエローマスタード,兵庫県,神戸市北区,谷上東町７番６−５０１号,6511245
8140001136276,株式会社翔明,兵庫県,神戸市北区,藤原台南町３丁目５番７−１号,6511303
8140001136516,株式会社レッドブラック,兵庫県,神戸市北区,有野町二郎１００番地の１,6511311
8140001137381,ＲＥＥＬ株式会社,兵庫県,神戸市北区,東大池２丁目４番３０号,6511333
8140001139262,株式会社神戸栄光商事,兵庫県,神戸市北区,唐櫃台１丁目４番２２号,6511332
8140001140484,株式会社竹中正肉店,兵庫県,神戸市北区,有馬町８１３番地,6511401
8140001140682,アド・グラベル株式会社,兵庫県,神戸市北区,上津台２丁目３９番,6511515
8140001140807,ミヤクリースサービス株式会社,兵庫県,神戸市北区,鹿の子台北町８丁目８番１号,6511513
8140001141004,株式会社Ｓｉｎｃｅｒｅ,兵庫県,神戸市北区,緑町８丁目１番２−１０５号,6511221
8140001142282,株式会社きごころ,兵庫県,神戸市北区,北五葉１丁目２番１５号栄規ビル１Ｆ,6511131
8140001142324,株式会社ここりんく,兵庫県,神戸市北区,鳴子２丁目１７番地の２サクセス星和台１Ｆ,6511133
8140002018894,株式会社コスメディカルプランツ,兵庫県,神戸市北区,筑紫が丘９丁目１２番１１号,6511212
8140002021205,八雲商事株式会社,兵庫県,神戸市北区,山田町藍那字太々谷４９番地１,6511104
8140002022013,ラズシップ株式会社,兵庫県,神戸市北区,鈴蘭台東町４丁目６番３２−６０２号,6511112
8140002022558,株式会社アリテック,兵庫県,神戸市北区,道場町日下部１３９７番地の１,6511505
8140002069161,株式会社サヌック,兵庫県,神戸市北区,大原１丁目１０番地の１,6511222
8140003012673,アテンティブ株式会社,兵庫県,神戸市北区,松宮台２丁目４番地の１,6511147
8140003018860,株式会社Ｚａｎａａｔｓ,兵庫県,神戸市北区,南五葉５丁目４番１０号,6511132
8180001143681,アセット株式会社,兵庫県,神戸市北区,鈴蘭台東町９丁目６番２号,6511112
8290801021225,株式会社ＡＳＫＡＲＩ,兵庫県,神戸市北区,君影町１丁目１番１２−２０５号,6511122
9011001061633,株式会社ＪＥＴ,兵庫県,神戸市北区,柏尾台１３番地の１２,6511255
9040001105273,株式会社Ｇ．ＭＡＫＥ,兵庫県,神戸市北区,唐櫃台１丁目２０番８号,6511332
9120001116915,株式会社プライムパイン,兵庫県,神戸市北区,鳴子１丁目６番地の６,6511133
9120001133869,ミズ・クリエイション株式会社,兵庫県,神戸市北区,花山東町２番１３−３１０号,6511204
9120001174599,株式会社ビーイング,兵庫県,神戸市北区,鈴蘭台南町６丁目１３番５号,6511113
9120001180960,株式会社Ｋプランニング,兵庫県,神戸市北区,大原３丁目１４番地の４,6511222
9120001182230,株式会社最適保険クリニック,兵庫県,神戸市北区,鹿の子台北町６丁目２５−４,6511513
9120001190266,ＤＩＯＲＡ　Ｊａｐａｎ　Ｏｓａｋａ株式会社,兵庫県,神戸市北区,有馬町１４０４番地,6511401
9120001191743,株式会社やブさん,兵庫県,神戸市北区,鈴蘭台東町２丁目１１番３号,6511112
9120901032963,株式会社住計,兵庫県,神戸市北区,鈴蘭台東町５丁目５番１７号,6511112
9140001002106,株式会社ｎｏｋｏｓｏ,兵庫県,神戸市北区,有野町唐櫃２９２８番地３,6511331
9140001006676,岡一株式会社,兵庫県,神戸市北区,鈴蘭台東町３丁目５番１２号,6511112
9140001007088,株式会社キンダイバイオ研究所,兵庫県,神戸市北区,有野町唐櫃３３４８番地の１,6511331
9140001007278,株式会社グローアップ,兵庫県,神戸市北区,日の峰１丁目６番地の６,6511233
9140001009118,大洋住建株式会社,兵庫県,神戸市北区,中里町２丁目２番地の１、１４１号,6511103
9140001009472,株式会社テクノ,兵庫県,神戸市北区,日の峰２丁目６番１号コアキタマチ,6511233
9140001009547,株式会社東亜ブラシ製作所,兵庫県,神戸市北区,道場町平田４３５番地,6511504
9140001011726,株式会社ラブリー,兵庫県,神戸市北区,星和台２丁目８８番１２号,6511121
9140001012138,株式会社神戸まさご電機,兵庫県,神戸市北区,有野町有野２０４８番地,6511312
9140001012872,株式会社北原商店,兵庫県,神戸市北区,若葉台３丁目６番１１号,6511143
9140001014753,株式会社アイビシトレーディング,兵庫県,神戸市北区,谷上東町１１番１１号,6511245
9140001014761,株式会社アクティブ,兵庫県,神戸市北区,緑町６丁目１２番２号,6511221
9140001014786,株式会社荒巻造園土木,兵庫県,神戸市北区,山田町衝原字中ノ瀬２３−１,6511264
9140001014794,株式会社有馬リネンサプライ,兵庫県,神戸市北区,赤松台１丁目２番５,6511516
9140001014803,株式会社石井管工,兵庫県,神戸市北区,南五葉４丁目８番５０号,6511132
9140001014811,伊藤洋装株式会社,兵庫県,神戸市北区,鈴蘭台南町１丁目２番３１号,6511113
9140001014836,宇陽運輸株式会社,兵庫県,神戸市北区,道場町塩田２７４５番地の２,6511502
9140001014869,株式会社オンコドー,兵庫県,神戸市北区,有馬町８３２番地,6511401
9140001014885,株式会社角の坊旅館,兵庫県,神戸市北区,有馬町８７８番地,6511401
9140001014893,カシマ・プレシジヨン・マシニング株式会社,兵庫県,神戸市北区,長尾町上津５７４番地の２,6511512
9140001014927,北園建設株式会社,兵庫県,神戸市北区,藤原台中町８丁目７番２号,6511302
9140001014951,株式会社クリーン・メンテナンス,兵庫県,神戸市北区,長尾町上津５３４番地の２,6511512
9140001014968,幸神産業株式会社,兵庫県,神戸市北区,松が枝町１丁目１番地の３２,6511232
9140001014992,株式会社コスモスター,兵庫県,神戸市北区,星和台２丁目６番地の１０,6511121
9140001015009,株式会社三興技研,兵庫県,神戸市北区,鈴蘭台南町５丁目２番３号,6511113
9140001015025,株式会社サンシャイン,兵庫県,神戸市北区,山田町小部字大脇山１７番地の８,6511101
9140001015033,サンテック株式会社,兵庫県,神戸市北区,ひよどり台１丁目１６番地の５,6511123
9140001015041,株式会社サンピエロ,兵庫県,神戸市北区,有野町二郎字笠４６番１,6511311
9140001015074,シンセイ株式会社,兵庫県,神戸市北区,有野町唐櫃３２５６−１,6511331
9140001015090,下浦石油株式会社,兵庫県,神戸市北区,山田町原野字西脇山２番地の６,6511252
9140001015108,株式会社白澤製作所,兵庫県,神戸市北区,山田町下谷上字門口１番地の４,6511243
9140001015116,株式会社すずらん,兵庫県,神戸市北区,鈴蘭台西町３丁目１１番２号,6511114
9140001015140,星和商事株式会社,兵庫県,神戸市北区,星和台５丁目７番４号,6511121
9140001015157,株式会社大幸商会,兵庫県,神戸市北区,長尾町宅原字四軒茶屋１８９６番地,6511511
9140001015165,ダイシン化学産業株式会社,兵庫県,神戸市北区,東有野台４丁目１１番地の１３,6511322
9140001015181,ダイヤワイト株式会社,兵庫県,神戸市北区,有野町唐櫃西谷３２６６番地,6511331
9140001015198,タカラ企画株式会社,兵庫県,神戸市北区,鈴蘭台南町５丁目４番３６号,6511113
9140001015223,株式会社出口工作所,兵庫県,神戸市北区,道場町塩田１６２２番地,6511502
9140001015248,株式会社戸田工務店,兵庫県,神戸市北区,南五葉５丁目９番２６号,6511132
9140001015256,中西興業株式会社,兵庫県,神戸市北区,鈴蘭台南町６丁目１３番５号,6511113
9140001015272,株式会社ニカイエンタープライズ,兵庫県,神戸市北区,有野中町１丁目１５番２３号,6511313
9140001015280,西脇建設株式会社,兵庫県,神戸市北区,山田町東下字野田北４３番地,6511262
9140001015289,株式会社かいてき介護サービス,兵庫県,神戸市北区,南五葉１丁目３番１７号,6511132
9140001015314,株式会社ハッピーエイジ,兵庫県,神戸市北区,大脇台２番３４号,6511144
9140001015322,株式会社ヒイズ,兵庫県,神戸市北区,唐櫃台１丁目２０番３８号,6511332
9140001015330,株式会社ひさご飴本舗,兵庫県,神戸市北区,有馬町１１５９番地,6511401
9140001015339,株式会社平井水道工業所,兵庫県,神戸市北区,淡河町淡河１１９８番地の１,6511603
9140001015347,株式会社平野屋本舗,兵庫県,神戸市北区,有馬町２８８番地,6511401
9140001015371,富士チタン工業株式会社,兵庫県,神戸市北区,道場町生野９６番地の１,6511503
9140001015405,北神建鉄株式会社,兵庫県,神戸市北区,道場町塩田１９８８番地の３,6511502
9140001015413,北摂建設工業株式会社,兵庫県,神戸市北区,道場町道場６１番地,6511501
9140001015421,ホスピタルブレーンサービス株式会社,兵庫県,神戸市北区,惣山町３丁目１番地１０,6511145
9140001015438,株式会社まさえもん,兵庫県,神戸市北区,南五葉２丁目１番２８号,6511132
9140001015462,株式会社ミキヤ,兵庫県,神戸市北区,淡河町淡河６４８番地の２,6511603
9140001015470,株式会社三ツ森,兵庫県,神戸市北区,有馬町２９０番地の１,6511401
9140001015479,株式会社南建設,兵庫県,神戸市北区,有野町有野３７８番地,6511312
9140001015487,株式会社ミラク,兵庫県,神戸市北区,有馬町１６５８−３,6511401
9140001015495,株式会社メイセイプランニング,兵庫県,神戸市北区,有野町唐櫃４２１７番地１４,6511331
9140001015504,株式会社桃太郎,兵庫県,神戸市北区,甲栄台３丁目７番２７号,6511142
9140001015520,株式会社山羽造園,兵庫県,神戸市北区,有野町唐櫃４０３８−７,6511331
9140001015529,株式会社ユニバーサルコンタクトレンズ,兵庫県,神戸市北区,若葉台４丁目８番１３号シティエステート若葉台１０１号室,6511143
9140001015561,株式会社ランチハウス神戸,兵庫県,神戸市北区,青葉台４４番２号,6511231
9140001015586,株式会社六甲,兵庫県,神戸市北区,道場町生野４０４番地,6511503
9140001015594,株式会社神戸ガーデンハウス,兵庫県,神戸市北区,北五葉５丁目７番３１号,6511131
9140001015603,神戸刺繍工業株式会社,兵庫県,神戸市北区,鈴蘭台東町２丁目４番３２号,6511112
9140001015611,神戸土地株式会社,兵庫県,神戸市北区,藤原台南町１丁目２０番１号,6511303
9140001016972,株式会社村上本店,兵庫県,神戸市北区,星和台６丁目９番地の３,6511121
9140001019083,株式会社森下,兵庫県,神戸市北区,山田町下谷上字中段２９番地,6511243
9140001019521,株式会社マックスカーパーツ,兵庫県,神戸市北区,八多町上小名田１０１９,6511354
9140001020165,株式会社桜ノ宮興起,兵庫県,神戸市北区,山田町中字北山３−４９,6511253
9140001020462,株式会社ピュアベスト,兵庫県,神戸市北区,北五葉３丁目８番２２−３０２号,6511131
9140001020917,株式会社ディ・エイチコーポレーション,兵庫県,神戸市北区,緑町７丁目１番２７−３１８号,6511221
9140001021114,川崎ハウス株式会社,兵庫県,神戸市北区,北五葉７丁目１番２−４０３号,6511131
9140001021519,株式会社冨士企画,兵庫県,神戸市北区,若葉台２丁目１８番１２号,6511143
9140001021675,株式会社日本薬用食品研究所,兵庫県,神戸市北区,星和台７丁目２３番３号,6511121
9140001022161,鈴蘭住宅販売株式会社,兵庫県,神戸市北区,若葉台２丁目１番１０号,6511143
9140001022178,株式会社オンケンシステム,兵庫県,神戸市北区,日の峰４丁目１４番地の１１,6511233
9140001022590,株式会社ＦＲＡＣＴＡＬ,兵庫県,神戸市北区,桂木３丁目６番地の６,6511223
9140001022698,ブランデ株式会社,兵庫県,神戸市北区,泉台２丁目２番地の１、１−６０２号,6511141
9140001023044,株式会社スマイルホーム,兵庫県,神戸市北区,有野中町１丁目５番２８号,6511313
9140001023432,西部土木建設株式会社,兵庫県,神戸市北区,星和台５丁目７番地の１３,6511121
9140001024892,ジェイネット株式会社,兵庫県,神戸市北区,山田町藍那字太々谷６番地の２１,6511104
9140001025049,株式会社Ｋ．Ｄ．Ｓ．,兵庫県,神戸市北区,鹿の子台南町６丁目８番１７号,6511514
9140001025164,オートサービスモアイ株式会社,兵庫県,神戸市北区,藤原台北町５丁目２番８号,6511301
9140001025189,株式会社アサヒ給湯阪神,兵庫県,神戸市北区,鹿の子台南町２丁目３番１６号,6511514
9140001025222,株式会社ジュエルミ,兵庫県,神戸市北区,北五葉１丁目１３番１号,6511131
9140001025420,株式会社テンナ,兵庫県,神戸市北区,日の峰３丁目２２番地の５,6511233
9140001025569,株式会社ネオプラス,兵庫県,神戸市北区,ひよどり台南町２丁目２番２１号,6511125
9140001025676,株式会社アイ・コンサル・ルーム,兵庫県,神戸市北区,有野中町３丁目１番３０号アイビル２Ｆ,6511313
9140001025899,株式会社ディライト,兵庫県,神戸市北区,若葉台４丁目８番１３号,6511143
9140001025965,株式会社ＪＩＪＩ,兵庫県,神戸市北区,有野台７丁目３番の１４,6511321
9140001026006,株式会社丹波マルコウ,兵庫県,神戸市北区,藤原台中町３丁目１４番８号,6511302
9140001026055,熱研エンジニアリング株式会社,兵庫県,神戸市北区,菖蒲が丘２丁目４番地の７,6511306
9140001026542,株式会社武蔵,兵庫県,神戸市北区,藤原台中町２丁目２番１号,6511302
9140001026682,株式会社アドワークス,兵庫県,神戸市北区,ひよどり台４丁目２番地の１３,6511123
9140001026690,株式会社ハウスアドバンス,兵庫県,神戸市北区,鈴蘭台東町３丁目４番１５号,6511112
9140001026699,株式会社ザッピィ,兵庫県,神戸市北区,藤原台中町１丁目２番１号北神中央ビル６０９号,6511302
9140001026823,オーヒルズ株式会社,兵庫県,神戸市北区,泉台５丁目１８番地の２８,6511141
9140001026922,株式会社リノ・ファクトリー,兵庫県,神戸市北区,藤原台中町６丁目２６番３号,6511302
9140001027540,株式会社瀧,兵庫県,神戸市北区,大原１丁目２番地の１２,6511222
9140001027573,株式会社淡河,兵庫県,神戸市北区,淡河町萩原７８８番地の１,6511615
9140001027631,株式会社イッシン,兵庫県,神戸市北区,有馬町１９０８番地（湯泉神社内）,6511401
9140001027664,神崎レンタルサービス株式会社,兵庫県,神戸市北区,道場町道場１１１番地の２,6511501
9140001027912,株式会社ケアサービスのぞみ,兵庫県,神戸市北区,有野中町２丁目１９−１５,6511313
9140001027920,株式会社中原工務店,兵庫県,神戸市北区,緑町６丁目２８番１６号,6511221
9140001028101,株式会社ＥＱＬＡＳ,兵庫県,神戸市北区,泉台６丁目３番１号,6511141
9140001028332,株式会社ＨＳＪ,兵庫県,神戸市北区,八多町中８８３番５,6511351
9140001028373,甲陽工業株式会社,兵庫県,神戸市北区,鈴蘭台西町４丁目１６番５号,6511114
9140001028472,株式会社ウッドヴィレッジ,兵庫県,神戸市北区,筑紫が丘１丁目１６番地の５,6511212
9140001028679,株式会社公利,兵庫県,神戸市北区,鈴蘭台北町９丁目１４番１４号,6511111
9140001029000,株式会社そめかわ,兵庫県,神戸市北区,菖蒲が丘２丁目１１番地の１０７,6511306
9140001029041,株式会社フューネックス,兵庫県,神戸市北区,大沢町日西原３３番地,6511525
9140001029677,株式会社モーラ,兵庫県,神戸市北区,山田町小部字宮ノ前２番地の４グランエスト１階,6511101
9140001029801,株式会社ジャパンシチズンカンパニー,兵庫県,神戸市北区,日の峰５丁目１０番地１−６０８号,6511233
9140001030197,株式会社ひびらぎ,兵庫県,神戸市北区,淡河町淡河２４３番地,6511603
9140001030395,株式会社清水電設,兵庫県,神戸市北区,北五葉５丁目１４番１５号,6511131
9140001030429,スペース電子株式会社,兵庫県,神戸市北区,筑紫が丘２丁目１８番地の３,6511212
9140001030949,ＮＣＳ株式会社,兵庫県,神戸市北区,ひよどり台２丁目３１番地１７号,6511123
9140001031006,東和工業貿易株式会社,兵庫県,神戸市北区,大沢町神付１１６３番地,6511523
9140001031047,海山鉱業株式会社,兵庫県,神戸市北区,有野町有野３８１５番地,6511312
9140001031154,Ａ＆Ａインターセクト株式会社,兵庫県,神戸市北区,藤原台南町２丁目７番１１号,6511303
9140001031682,株式会社吉建,兵庫県,神戸市北区,日の峰３丁目１番地の７,6511233
9140001031889,阪神住宅株式会社,兵庫県,神戸市北区,日の峰５丁目１０番地の１・３−４０５号,6511233
9140001031906,株式会社ＳＰＥＲＡＮＺＡ,兵庫県,神戸市北区,上津台４丁目１１番１８号,6511515
9140001031971,株式会社ＡＣＭ,兵庫県,神戸市北区,星和台５丁目２７番地の３５,6511121
9140001032227,株式会社ボルサ,兵庫県,神戸市北区,有馬町１７番地,6511401
9140001032251,株式会社三徳,兵庫県,神戸市北区,大原２丁目７番地の９,6511222
9140001032557,三和保険サービス株式会社,兵庫県,神戸市北区,有野台９丁目８番の４,6511321
9140001032722,フリスクコンサルティング株式会社,兵庫県,神戸市北区,日の峰３丁目１２番地の５,6511233
9140001033233,株式会社Ｌｉｆｅ　Ｓｔｅｐ,兵庫県,神戸市北区,鈴蘭台南町２丁目１番５号,6511113
9140001033332,株式会社近畿水道設備,兵庫県,神戸市北区,東大池３丁目２３番５号,6511333
9140001033464,大運貿易株式会社,兵庫県,神戸市北区,山田町下谷上字中一里山８番地の１３,6511102
9140001033547,株式会社田渕興産,兵庫県,神戸市北区,山田町上谷上字中ノ手７７番地,6511242
9140001033563,株式会社サン・ガーデン,兵庫県,神戸市北区,道場町日下部１６９５番地,6511505
9140001033893,株式会社タイガーコーポレーション,兵庫県,神戸市北区,有野町有野２０９１番地の１,6511312
9140001033927,ＨＥＡＶＥＮ株式会社,兵庫県,神戸市北区,道場町塩田３２４３−１,6511502
9140001033976,株式会社ＢＶ・ＫＯＢＥ,兵庫県,神戸市北区,藤原台南町１丁目１４番２８号,6511303
9140001034090,株式会社寺本組,兵庫県,神戸市北区,泉台３丁目６番地の１０,6511141
9140001034297,アーカム＆パートナーズ株式会社,兵庫県,神戸市北区,緑町２丁目３−２０,6511221
9140001037507,神戸メディカルサービスセンター株式会社,兵庫県,神戸市北区,山田町中字北山３番２９号,6511253
9140001037647,株式会社西畑電工,兵庫県,神戸市北区,幸陽町３丁目３番地４,6511203
9140001038083,株式会社風蘭,兵庫県,神戸市北区,鈴蘭台南町１丁目４番６号,6511113
9140001038100,株式会社ＸＩＡＯ　ＩＮＴＥＲＮＡＴＩＯＮＡＬ,兵庫県,神戸市北区,藤原台南町４丁目２５番１１号,6511303
9140001038166,株式会社ｋａｙａ　ｆｏｏｄ　ｓｅｒｖｉｃｅ　ｏｐｅｒａｔｉｏｎ,兵庫県,神戸市北区,藤原台北町５丁目２番１０−１２０２号,6511301
9140001038216,株式会社ネオライフサポート,兵庫県,神戸市北区,八多町中８９４番地,6511351
9140001042259,株式会社健康創美,兵庫県,神戸市北区,若葉台１丁目１８番１３号,6511143
9140001047175,モリメディカルサポート株式会社,兵庫県,神戸市北区,鹿の子台北町５丁目２８番１号,6511513
9140001057216,株式会社スノードロップ,兵庫県,神戸市北区,有野中町２丁目９番８号グローリービル２・２階,6511313
9140001057315,株式会社ウィングネット神戸,兵庫県,神戸市北区,山田町下谷上字猪ころび４番地の３,6511243
9140001067421,株式会社ウィリングタニモト,兵庫県,神戸市北区,鈴蘭台西町６丁目２番１０号,6511114
9140001067768,株式会社ＩＧＡ,兵庫県,神戸市北区,柏尾台１１番地の３,6511255
9140001076133,加西商産株式会社,兵庫県,神戸市北区,藤原台南町３丁目１０番５号,6511303
9140001077602,株式会社ディーアイ,兵庫県,神戸市北区,鈴蘭台南町３丁目２番１２号,6511113
9140001086685,株式会社惣津クラフト,兵庫県,神戸市北区,小倉台７丁目４番地の３,6511211
9140001086776,オフィスＡＧＯ株式会社,兵庫県,神戸市北区,大原１丁目１６番地の７,6511222
9140001086818,株式会社タクミエステート,兵庫県,神戸市北区,日の峰３丁目２−４,6511233
9140001087122,株式会社森建,兵庫県,神戸市北区,小倉台６丁目１２番地の１,6511211
9140001088203,株式会社フェール・パシパラ,兵庫県,神戸市北区,上津台３丁目１４番１５号,6511515
9140001088442,株式会社オフィスＯ．Ｍ．Ｆ,兵庫県,神戸市北区,中里町１丁目８−１６０,6511103
9140001088475,グッドマーカーメディカル株式会社,兵庫県,神戸市北区,有野町有野７５１番地の１,6511312
9140001088780,株式会社ＫＴＳ,兵庫県,神戸市北区,唐櫃台４丁目２９番１１号,6511332
9140001088962,株式会社エミクル,兵庫県,神戸市北区,鹿の子台北町５丁目１番２号,6511513
9140001089366,株式会社フォレスト,兵庫県,神戸市北区,筑紫が丘１丁目９−１,6511212
9140001091306,エージィアール株式会社,兵庫県,神戸市北区,桜森町１番地の１０,6511214
9140001091405,株式会社ナリックス住設,兵庫県,神戸市北区,泉台２丁目２−１−２−５０４,6511141
9140001091479,株式会社フードピア・ジャパン,兵庫県,神戸市北区,長尾町宅原７１３番地の８,6511511
9140001092196,株式会社北神不動産,兵庫県,神戸市北区,北五葉１丁目３番５号,6511131
9140001092287,株式会社エーツーコーポレーション,兵庫県,神戸市北区,菖蒲が丘１丁目５３４番地の５９,6511306
9140001092295,株式会社いちご,兵庫県,神戸市北区,鈴蘭台東町５丁目３番４号２Ｆ,6511112
9140001092964,株式会社サンパレス北浦,兵庫県,神戸市北区,筑紫が丘９丁目１１番地の４,6511212
9140001093673,株式会社オーエスミート,兵庫県,神戸市北区,長尾町宅原１１番地,6511511
9140001093896,株式会社天栄実業,兵庫県,神戸市北区,杉尾台２丁目１３番地の２６,6511146
9140001093995,服部商会株式会社,兵庫県,神戸市北区,小倉台３丁目７番地の１０,6511211
9140001094119,株式会社マサイケ,兵庫県,神戸市北区,緑町３丁目１０番１号,6511221
9140001094218,株式会社ＴａＴ,兵庫県,神戸市北区,鹿の子台南町６丁目１６番２０号,6511514
9140001094671,旭東産業株式会社,兵庫県,神戸市北区,鈴蘭台西町５丁目１６番３−１２０４号,6511114
9140001094746,株式会社利助屋,兵庫県,神戸市北区,谷上東町１１番８号,6511245
9140001094804,共興株式会社,兵庫県,神戸市北区,山田町下谷上字中一里山８番地の１３,6511102
9140001095190,株式会社Ａｄｖａｎｃｅ,兵庫県,神戸市北区,星和台６丁目１６番地の５,6511121
9140001095595,株式会社エルフ・ダイヤ,兵庫県,神戸市北区,山田町原野字城ケ岡２番地６,6511252
9140001095744,株式会社大桜,兵庫県,神戸市北区,甲栄台５丁目９番１３号,6511142
9140001096924,株式会社鳶弘組,兵庫県,神戸市北区,道場町塩田４９３番地,6511502
9140001097261,株式会社ＧＪ,兵庫県,神戸市北区,若葉台３丁目１４番１３号,6511143
9140001098004,株式会社杉山鉄筋工業,兵庫県,神戸市北区,八多町吉尾５２０番地,6511353
9140001098193,株式会社Ｊ−Ｇａｒｄｅｎ,兵庫県,神戸市北区,上津台５丁目４番２９号,6511515
9140001098516,株式会社さくら不動産,兵庫県,神戸市北区,藤原台北町７丁目８番９号,6511301
9140001099571,株式会社アイ樹ホーム,兵庫県,神戸市北区,山田町下谷上字二ツ樋６番地,6511243
9140001099860,株式会社有馬炭酸力,兵庫県,神戸市北区,有馬町７９８湯本ビル２階,6511401
9140001099951,タムコ株式会社,兵庫県,神戸市北区,藤原台北町５丁目２番８−２０２号,6511301
9140001100198,株式会社ＡＫＯＯＴＯＭ,兵庫県,神戸市北区,八多町中３９６番地,6511351
9140001100867,株式会社ＴＨＲＥＥ　ＳＴＡＲ,兵庫県,神戸市北区,長尾町上津３４１２,6511512
9140001101361,株式会社Ａ−ｓｔｙｌｅ,兵庫県,神戸市北区,鈴蘭台南町４丁目１番１５号,6511113
9140001101551,ＫＥＩＧＯ株式会社,兵庫県,神戸市北区,鈴蘭台南町４丁目１−６サンスリービル２０３号室,6511113
9140001101881,株式会社ナオ技建,兵庫県,神戸市北区,緑町２丁目４番５号,6511221
9140001103894,株式会社宅内水道設備,兵庫県,神戸市北区,唐櫃台２丁目４５番５号,6511332
9140001105362,株式会社ＨＭＴ−ＩＣＯＫ,兵庫県,神戸市北区,鈴蘭台南町２丁目１１番８号,6511113
9140001105874,株式会社ＫＡＮＡＥ,兵庫県,神戸市北区,鹿の子台南町１丁目１１番３号,6511514
9140001106113,株式会社結,兵庫県,神戸市北区,鈴蘭台東町９丁目６−５,6511112
9140001106435,Ｇａｕｄｉ　Ｓｋｉｎ株式会社,兵庫県,神戸市北区,藤原台中町１丁目２番１号北神中央ビル３０３号,6511302
9140001106609,株式会社異人館,兵庫県,神戸市北区,日の峰５丁目１０番地の１、４−１００４号,6511233
9140001106690,株式会社康洋不動産,兵庫県,神戸市北区,有野町二郎９９０番地の１０,6511311
9140001107524,株式会社ａｒｔｏ　Ｗｅｓｔ,兵庫県,神戸市北区,山田町小部６９番地１,6511101
9140001108175,株式会社Ｂａｃｋ　Ｙｏｒａｋｕ,兵庫県,神戸市北区,道場町日下部１３９７番地１号,6511505
9140001108448,ＢＥＬＩＥＭＥ株式会社,兵庫県,神戸市北区,日の峰４丁目１３番地の２０,6511233
9140001108712,株式会社Ｔ．Ｓ．Ｃ,兵庫県,神戸市北区,星和台１丁目１番地の１０,6511121
9140001108803,ｉｎｉｔｉａＴｅｃ株式会社,兵庫県,神戸市北区,藤原台中町３丁目１２番１９号,6511302
9140001108836,株式会社ＦＬＹホーン,兵庫県,神戸市北区,道場町平田４３５番地,6511504
9140001108893,神戸関産業株式会社,兵庫県,神戸市北区,鈴蘭台西町４丁目２番２８号,6511114
9140001109818,株式会社イゼルローン,兵庫県,神戸市北区,星和台６丁目８番地の８,6511121
9140001110156,株式会社神戸ガイドポースト,兵庫県,神戸市北区,鈴蘭台東町３丁目３番５４号,6511112
9140001110230,株式会社ＳＨ,兵庫県,神戸市北区,上津台２丁目３６番５号,6511515
9140001110255,株式会社ＲＥＶＡＲＣ,兵庫県,神戸市北区,山田町下谷上字中一里山１５−５２,6511102
9140001110313,株式会社エス・イーワークス,兵庫県,神戸市北区,星和台１丁目２番地の３７,6511121
9140001110817,株式会社Ｒｅ・ルース,兵庫県,神戸市北区,道場町日下部１４０１番地,6511505
9140001111501,信英貿易株式会社,兵庫県,神戸市北区,桂木３丁目５番地の１４,6511223
9140001112499,株式会社スタート,兵庫県,神戸市北区,藤原台南町２丁目６番６号,6511303
9140001112953,株式会社藤岡工業,兵庫県,神戸市北区,鈴蘭台西町２丁目１８番２１号,6511114
9140001113167,株式会社ＡｋｕｓｈｕＤｅｎｔａｌＬａｂｏ,兵庫県,神戸市北区,北五葉１丁目５番１号−２０１,6511131
9140001113704,Ｗｏｒｌｄ　Ｂｅ　Ｎａｔｕｒａｌｌｙ　Ｇｏｏｄ株式会社,兵庫県,神戸市北区,藤原台南町４丁目１番２７−２,6511303
9140001114181,株式会社Ｍｅｍｅｎｔ,兵庫県,神戸市北区,藤原台南町１丁目１８−２−４,6511303
9140001114330,株式会社ホクシン,兵庫県,神戸市北区,鈴蘭台東町５丁目７番１１号,6511112
9140001114545,東成建設株式会社,兵庫県,神戸市北区,上津台５丁目３番４号,6511515
9140001114743,エムステージ株式会社,兵庫県,神戸市北区,泉台３丁目１３番地の９,6511141
9140001115072,株式会社エキップ・レーヴ,兵庫県,神戸市北区,上津台２丁目３８番１２号,6511515
9140001115618,株式会社又吉工業,兵庫県,神戸市北区,鈴蘭台西町６丁目２番１７号,6511114
9140001115634,株式会社ＴＨＲＩＶＥ,兵庫県,神戸市北区,星和台５丁目１５番地の７,6511121
9140001115865,株式会社それいゆ,兵庫県,神戸市北区,北五葉１丁目３番５号,6511131
9140001116871,華コーポレーション株式会社,兵庫県,神戸市北区,筑紫が丘３丁目９番地の５,6511212
9140001116888,マチノ株式会社,兵庫県,神戸市北区,有野町唐櫃３３０６番地の４,6511331
9140001117218,株式会社ＭＯＫＩＤＯＮ,兵庫県,神戸市北区,鈴蘭台南町３丁目７番２４号,6511113
9140001118307,祐成興業株式会社,兵庫県,神戸市北区,松宮台１丁目４番地の６,6511147
9140001118406,コトブキ電設株式会社,兵庫県,神戸市北区,上津台５丁目７番３号,6511515
9140001119115,株式会社ＴＳＵＮＡＧＡＲＩ,兵庫県,神戸市北区,星和台１丁目１６番地の８７,6511121
9140001119197,株式会社ＰＡＲＡＤＥ,兵庫県,神戸市北区,小倉台３丁目５番地の７,6511211
9140001119627,株式会社クオリス神戸,兵庫県,神戸市北区,藤原台南町１丁目４番２１号,6511303
9140001120717,株式会社タガワ工業,兵庫県,神戸市北区,藤原台南町４丁目１番１５−２号,6511303
9140001120725,株式会社ｙｏｇｉ,兵庫県,神戸市北区,鈴蘭台西町４丁目７番１１号,6511114
9140001120857,株式会社Ｋ．Ｔ．Ｙ,兵庫県,神戸市北区,日の峰４丁目２−４,6511233
9140001121566,株式会社聖光,兵庫県,神戸市北区,若葉台４丁目１番１０号ハイム北鈴２０１１,6511143
9140001122143,株式会社Ｖｉｏｌｅｔ　Ｇａｒｄｅｎ　Ｍｅｄｉｃａｌ,兵庫県,神戸市北区,惣山町５丁目９番５号２Ｆ,6511145
9140001122572,株式会社もったい９,兵庫県,神戸市北区,道場町塩田２０１０番地の１,6511502
9140001122878,アルワハーブ貿易株式会社,兵庫県,神戸市北区,花山台２番１２号３０５号室,6511205
9140001123001,株式会社クラフトリゾート,兵庫県,神戸市北区,山田町小部字妙賀１１−１,6511101
9140001124404,株式会社Ｄａｗｎ　Ｃｏｌｏｒ,兵庫県,神戸市北区,有野町有野９２４番地１,6511312
9140001124949,株式会社フリーステージ,兵庫県,神戸市北区,星和台１丁目１８番地の２,6511121
9140001125451,ＫＯＢＥコンサルティングファーム株式会社,兵庫県,神戸市北区,泉台１丁目１番地の１−１１０２号,6511141
9140001125971,ＢＤｐａｒｔｎｅｒｓ株式会社,兵庫県,神戸市北区,筑紫が丘５丁目１９番地の１４,6511212
9140001126664,株式会社Ｋ‐ｗａｖｅ,兵庫県,神戸市北区,北五葉１丁目１番１号西鈴神鉄ビル１Ｆ,6511131
9140001126755,株式会社ＩＳＯ　ＺＥＲＯ,兵庫県,神戸市北区,小倉台７丁目１５番地の５０,6511211
9140001127539,株式会社万福,兵庫県,神戸市北区,山田町下谷上字中上８番地の１９,6511243
9140001128207,株式会社ＥＴＡ　Ｎｅｔｗｏｒｋ　Ｊａｐａｎ,兵庫県,神戸市北区,有野町有野６６５番地の２,6511312
9140001128644,フロンティア株式会社,兵庫県,神戸市北区,八多町屏風９６５番地,6511344
9140001128702,株式会社ＤＡＬＥ　ＨＯＭＥ,兵庫県,神戸市北区,鳴子２丁目６番３号,6511133
9140001128719,グロススピット株式会社,兵庫県,神戸市北区,ひよどり台南町３丁目３番地の４,6511125
9140001128768,株式会社オーセイル,兵庫県,神戸市北区,惣山町５丁目３−１,6511145
9140001128850,気軽にサブスクダイビング株式会社,兵庫県,神戸市北区,東大池３丁目２４−５,6511333
9140001128990,株式会社ｆｉｋａ,兵庫県,神戸市北区,鈴蘭台南町５丁目４番３２号マノアール鈴蘭３０３号室,6511113
9140001129378,オーリン産業株式会社,兵庫県,神戸市北区,藤原台中町３丁目１番１号,6511302
9140001129618,きたすずランド株式会社,兵庫県,神戸市北区,甲栄台１丁目３番１０号,6511142
9140001129774,株式会社つるや,兵庫県,神戸市北区,鈴蘭台東町１丁目５番９号,6511112
9140001130022,株式会社Ｆ’ｓエステート,兵庫県,神戸市北区,藤原台南町４丁目１６番１２号,6511303
9140001130187,ワイズ株式会社,兵庫県,神戸市北区,泉台３丁目４番地の１、５１０号,6511141
9140001130195,株式会社ＡｄＧｒａｃｅ,兵庫県,神戸市北区,広陵町４丁目９６,6511213
9140001130220,株式会社ＴＯＲＱＵＥ,兵庫県,神戸市北区,有野町唐櫃１６３５−１０１,6511331
9140001130261,モノトーンプラス株式会社,兵庫県,神戸市北区,道場町生野６３０−２,6511503
9140001130732,株式会社ＣＲＯＳＳ,兵庫県,神戸市北区,西大池２丁目２番４号,6511201
9140001131722,株式会社Ｔｈｒｅｅ‐Ａｒｒｏｗｓ,兵庫県,神戸市北区,鈴蘭台東町１丁目５番１０号アルテ鈴蘭台１０１,6511112
9140001132118,株式会社繁まつ,兵庫県,神戸市北区,筑紫が丘３丁目１番地の３０,6511212
9140001132282,株式会社高松パール,兵庫県,神戸市北区,緑町７丁目１５番２０号,6511221
9140001132299,株式会社慶音,兵庫県,神戸市北区,惣山町４丁目１７番地の５,6511145
9140001132456,株式会社Ｃｏｒｒｅｃｔ　Ｂｒｉｇｈｔ,兵庫県,神戸市北区,有野町有野２０８５番地,6511312
9140001133669,ＴＭ　Ｃｒａｆｔｗｏｒｋｓ株式会社,兵庫県,神戸市北区,小倉台７丁目１１―５,6511211
9140001133677,株式会社Ｆｏｏｄ　ＡＩ　Ｌａｂ,兵庫県,神戸市北区,藤原台北町５丁目２番１０−１２０２号,6511301
9140001133999,株式会社近畿未来設備,兵庫県,神戸市北区,鈴蘭台南町７丁目３番９号,6511113
9140001134584,ＩＫＹコーポレーション株式会社,兵庫県,神戸市北区,北五葉４丁目５番２４号,6511131
9140001134741,ＫＯＢＥ　ＤＲＯＮＥ株式会社,兵庫県,神戸市北区,星和台１丁目１６番地の５８,6511121
9140001134816,株式会社Ｉｒｉｓ,兵庫県,神戸市北区,藤原台北町１丁目１番６号パルビル２０２,6511301
9140001134824,株式会社ＳＴＥＬＬＡ　ｐｏｉｎｔ,兵庫県,神戸市北区,有野台２丁目３番地の７,6511321
9140001134907,株式会社ハンズオフ,兵庫県,神戸市北区,広陵町１丁目１５９番地の１,6511213
9140001135756,株式会社アマテラスコーポレーション,兵庫県,神戸市北区,星和台２丁目８５番地の９,6511121
9140001137034,株式会社ＯＵＲ,兵庫県,神戸市北区,八多町下小名田６４８番地の３,6511352
9140001137067,株式会社センターフィールド,兵庫県,神戸市北区,泉台７丁目２−１−４−１０６,6511141
9140001137208,株式会社ｐｒｉｍｅ,兵庫県,神戸市北区,西大池１丁目８番２号,6511201
9140001137372,株式会社ＹＳ２コーポレーション,兵庫県,神戸市北区,京地４丁目６番地の６,6511304
9140001138107,シンセテック株式会社,兵庫県,神戸市北区,上津台３丁目１４番１号,6511515
9140001138420,株式会社アールイー,兵庫県,神戸市北区,惣山町５丁目５番地の１１,6511145
9140001138610,株式会社盛光商社,兵庫県,神戸市北区,南五葉６丁目５番１０号,6511132
9140001139096,株式会社内村酒販,兵庫県,神戸市北区,桜森町１３−２,6511214
9140001139278,株式会社デントリペア・フルカワ,兵庫県,神戸市北区,長尾町宅原１８４８番４,6511511
9140001139410,ＡＲＱ　ｌａｂｏ株式会社,兵庫県,神戸市北区,上津台５丁目１３番８号,6511515
9140001139773,株式会社ティーテック,兵庫県,神戸市北区,ひよどり台南町３丁目４番地の４５,6511125
9140001141036,株式会社ココロミライ,兵庫県,神戸市北区,鈴蘭台東町１丁目１０番６号,6511112
9140001142281,株式会社パワーレックス,兵庫県,神戸市北区,藤原台中町２丁目１６番９号,6511302
9140001142389,株式会社Ｊｏｅ　Ｄｏｏｒ　Ｓｕｎ,兵庫県,神戸市北区,山田町下谷上字小橋５番地１８,6511243
9140002009620,株式会社ロット,兵庫県,神戸市北区,鈴蘭台北町４丁目１番１号,6511111
9140002010405,株式会社ベッツ北六甲,兵庫県,神戸市北区,有野町有野２０７０番地の１,6511312
9140002024693,株式会社神戸メディカル,兵庫県,神戸市北区,鈴蘭台南町６丁目７番１５号,6511113
9140003014454,株式会社Ｊｕｇｇａａｒ　Ｊａｐａｎ,兵庫県,神戸市北区,有野町有野７９８番地の４,6511312
9180001135892,株式会社潤・Ｓｔｙｌｅ,兵庫県,神戸市北区,大沢町簾３２６番地１号,6511526
