法人番号,法人名,都道府県,市区町村,番地,郵便番号
1010901030309,株式会社ウエントライフコーポレーション,兵庫県,神戸市垂水区,多聞台１丁目６番９号,6550007
1020001097330,株式会社Ｓｕｎｎｙ　ｏｎ　Ｗｉｎｇｓ,兵庫県,神戸市垂水区,東舞子町１８−２０−Ｂ１Ｆ,6550047
1100001013782,株式会社ＵＴＬ,兵庫県,神戸市垂水区,塩屋町１丁目３番１１号ＥＲＣｉｔｙ’ｓ塩屋みなと２Ｆ,6550872
1120001019241,株式会社リョーワ,兵庫県,神戸市垂水区,つつじが丘７丁目１４番地の１,6550853
1120001082272,株式会社スミダ酸素商会,兵庫県,神戸市垂水区,福田４丁目３番１８号,6550013
1120001135105,浜口株式会社,兵庫県,神戸市垂水区,千代が丘２丁目５番１２−４０２号,6550018
1120001187889,株式会社ブランズホーム,兵庫県,神戸市垂水区,千鳥が丘１丁目３番２２号,6550011
1120101031807,近畿産業株式会社,兵庫県,神戸市垂水区,狩口台２丁目５番５号,6550049
1120101056597,スマートランド株式会社,兵庫県,神戸市垂水区,仲田１丁目１番３７号２Ｆ,6550034
1120901033085,株式会社インプローブ,兵庫県,神戸市垂水区,霞ケ丘４丁目４番３１−２０１号,6550039
1130001057100,株式会社サードアロー,兵庫県,神戸市垂水区,天ノ下町５番１号,6550029
1140001000645,バウ環境色彩計画株式会社,兵庫県,神戸市垂水区,塩屋町１丁目５番８−５０６号,6550872
1140001001395,ケイエス・システム株式会社,兵庫県,神戸市垂水区,山手１丁目６番２３号,6550891
1140001005149,株式会社ナカタニ・ランド＆エステート,兵庫県,神戸市垂水区,学が丘４丁目１４番１１号,6550004
1140001005768,株式会社パーソナルビューティー,兵庫県,神戸市垂水区,学が丘２丁目１番４２０−４０２号,6550004
1140001007450,株式会社倉本商店,兵庫県,神戸市垂水区,塩屋北町３丁目１番９号,6550863
1140001007905,株式会社三宗都市建築研究所,兵庫県,神戸市垂水区,西舞子９丁目１３番６号,6550048
1140001008250,株式会社新神戸システム,兵庫県,神戸市垂水区,舞子坂１丁目９番８３号,6550044
1140001009059,大同電子工業株式会社,兵庫県,神戸市垂水区,高丸１丁目６番１４号,6550016
1140001009083,太平船舶工業株式会社,兵庫県,神戸市垂水区,桃山台３丁目２２番地の１３,6550854
1140001009711,株式会社トミモリ塗装,兵庫県,神戸市垂水区,本多聞２丁目１２番４号,6550006
1140001009843,株式会社ナンバーアイ,兵庫県,神戸市垂水区,塩屋町６丁目３４番２１号,6550872
1140001010272,株式会社ピーエスシー,兵庫県,神戸市垂水区,つつじが丘７丁目１７３４番地の２２３,6550853
1140001011691,株式会社若松物産,兵庫県,神戸市垂水区,千代が丘１丁目４番１９号,6550018
1140001013242,株式会社神文館,兵庫県,神戸市垂水区,多聞台１丁目１３番１０号,6550007
1140001013614,株式会社中京遊技,兵庫県,神戸市垂水区,山手５丁目３番３号,6550891
1140001017986,株式会社メゾンドセイゲツ,兵庫県,神戸市垂水区,日向２丁目６番１６号,6550893
1140001018134,アーク株式会社,兵庫県,神戸市垂水区,狩口台６丁目９番地,6550049
1140001018142,株式会社あおの,兵庫県,神戸市垂水区,城が山４丁目３番７号,6550884
1140001018159,株式会社アスカ商会,兵庫県,神戸市垂水区,南多聞台４丁目９番１７号,6550043
1140001018175,有元温調株式会社,兵庫県,神戸市垂水区,舞子坂１丁目１０番３６号,6550044
1140001018191,株式会社石田建設,兵庫県,神戸市垂水区,霞ケ丘３丁目７番２２号,6550039
1140001018200,猪熊建設株式会社,兵庫県,神戸市垂水区,名谷町字柄立原２０３３番の１,6550852
1140001018209,上野興産株式会社,兵庫県,神戸市垂水区,南多聞台４丁目４番２６号,6550043
1140001018233,株式会社エスティーシィー,兵庫県,神戸市垂水区,朝谷町４番地の８,6550862
1140001018241,株式会社エムアンドシー,兵庫県,神戸市垂水区,陸ノ町１番２８号,6550026
1140001018258,オカトク株式会社,兵庫県,神戸市垂水区,名谷町字向井畑３５６７番地,6550852
1140001018274,株式会社科学研究所,兵庫県,神戸市垂水区,舞子坂３丁目１２番７号,6550044
1140001018308,近畿プラントサービス株式会社,兵庫県,神戸市垂水区,学が丘４丁目８番２０号,6550004
1140001018316,株式会社キヌモト,兵庫県,神戸市垂水区,小束山４丁目５番地の１,6550002
1140001018332,株式会社キャリード,兵庫県,神戸市垂水区,松風台２丁目５番２−８１０号,6550871
1140001018340,株式会社クボタ,兵庫県,神戸市垂水区,青山台１丁目６番２７号,6550873
1140001018349,株式会社ケイイイピイ,兵庫県,神戸市垂水区,桃山台２丁目１６番地,6550854
1140001018357,株式会社ゴーイング,兵庫県,神戸市垂水区,東舞子町７−１７エステート舞子ビル３階３０１号,6550047
1140001018365,向洋建設株式会社,兵庫県,神戸市垂水区,上高丸３丁目１３番２−１０５号,6550017
1140001018373,株式会社コクピット名谷,兵庫県,神戸市垂水区,名谷町字梨原２３５５番地の１,6550852
1140001018381,株式会社五大五,兵庫県,神戸市垂水区,本多聞６丁目１５番２３号,6550006
1140001018398,三幸物産株式会社,兵庫県,神戸市垂水区,潮見が丘１丁目４番１８号,6550005
1140001018407,三協建設工業株式会社,兵庫県,神戸市垂水区,塩屋北町４丁目３番８号,6550863
1140001018423,株式会社サン・ビルダー,兵庫県,神戸市垂水区,霞ケ丘４丁目３番５号,6550039
1140001018431,三和産業株式会社,兵庫県,神戸市垂水区,学が丘４丁目２４番１４号,6550004
1140001018456,株式会社重清組,兵庫県,神戸市垂水区,下畑町字清玄作山５５０番地の２０,6550861
1140001018472,神明工務株式会社,兵庫県,神戸市垂水区,下畑町字龍ノ庭５３８番地の１７,6550861
1140001018480,シマモトケミカル株式会社,兵庫県,神戸市垂水区,星陵台４丁目３番１３号,6550038
1140001018489,株式会社上信工業,兵庫県,神戸市垂水区,多聞台２丁目４番２８号,6550007
1140001018497,昭和建設工業株式会社,兵庫県,神戸市垂水区,美山台１丁目１０番３６号,6550874
1140001018506,株式会社スクール,兵庫県,神戸市垂水区,塩屋町４丁目３番４０号,6550872
1140001018514,株式会社スミトモ,兵庫県,神戸市垂水区,桃山台２丁目５番地の１,6550854
1140001018522,株式会社セイビ建装,兵庫県,神戸市垂水区,下畑町字雲星４９８番地の２,6550861
1140001018539,大建工業株式会社,兵庫県,神戸市垂水区,下畑町字下代１２７番地,6550861
1140001018571,株式会社タチバナ,兵庫県,神戸市垂水区,西舞子７丁目１４番１４号,6550048
1140001018588,株式会社垂水医療機器,兵庫県,神戸市垂水区,陸ノ町２番２号Ｔ．Ｉ．Ｇａｒｄｅｎ２０１号,6550026
1140001018596,株式会社垂水重機,兵庫県,神戸市垂水区,舞多聞西７丁目１４番６号,6550051
1140001018605,中央興業株式会社,兵庫県,神戸市垂水区,歌敷山２丁目８番１５号,6550037
1140001018638,株式会社徳屋化粧品店,兵庫県,神戸市垂水区,日向１丁目４番１−１１０５号,6550893
1140001018646,株式会社鳥宇商店,兵庫県,神戸市垂水区,神田町７番４号,6550027
1140001018670,西灘運送株式会社,兵庫県,神戸市垂水区,上高丸３丁目９番１５号,6550017
1140001018679,日生工業株式会社,兵庫県,神戸市垂水区,下畑町字雲星５１７の１,6550861
1140001018695,株式会社バウシス,兵庫県,神戸市垂水区,東舞子町１０番１号ティオ舞子３０４号室,6550047
1140001018712,株式会社青雲,兵庫県,神戸市垂水区,星陵台１丁目９番２１号,6550038
1140001018720,ハリマ建設株式会社,兵庫県,神戸市垂水区,五色山８丁目１番５５−１０１号,6550035
1140001018745,株式会社ファミリー住販,兵庫県,神戸市垂水区,星が丘３丁目４番２１号,6550032
1140001018761,株式会社冨士徳,兵庫県,神戸市垂水区,西舞子１丁目８番３号,6550048
1140001018786,株式会社ベビーツーワン,兵庫県,神戸市垂水区,名谷町字押戸３０２番地の３,6550852
1140001018803,舞子神姫タクシー株式会社,兵庫県,神戸市垂水区,星陵台４丁目１７９番３５５,6550038
1140001018836,マルワ食産株式会社,兵庫県,神戸市垂水区,美山台１丁目２番４８号,6550874
1140001018852,株式会社ミドリヤ,兵庫県,神戸市垂水区,五色山３丁目１番４１−３０５号,6550035
1140001018869,村上工芸株式会社,兵庫県,神戸市垂水区,下畑町字鷲ケ尾３０３番地４８,6550861
1140001018910,株式会社ユウエキ,兵庫県,神戸市垂水区,西舞子７丁目１６番４−２０３号,6550048
1140001018919,吉栄建設株式会社,兵庫県,神戸市垂水区,五色山１丁目３番４号,6550035
1140001018927,ワイズ工業株式会社,兵庫県,神戸市垂水区,城が山５丁目６番５号,6550884
1140001018943,株式会社レスペランド神戸,兵庫県,神戸市垂水区,王居殿１丁目７番１０号,6550883
1140001019280,サンギ株式会社,兵庫県,神戸市垂水区,山手３丁目９番６号,6550891
1140001019586,株式会社双信,兵庫県,神戸市垂水区,神陵台３丁目２番４−１００５号,6550041
1140001020180,株式会社フロイデ,兵庫県,神戸市垂水区,朝谷町１６番地の９,6550862
1140001020593,株式会社天商,兵庫県,神戸市垂水区,王居殿３丁目４番１０号,6550883
1140001021212,八千代貿易株式会社,兵庫県,神戸市垂水区,本多聞６丁目１１番９号,6550006
1140001021237,株式会社新井運輸,兵庫県,神戸市垂水区,下畑町字雲星４９８番地の４８,6550861
1140001021914,株式会社エイ・シーアンドティ,兵庫県,神戸市垂水区,多聞台４丁目６番８号,6550007
1140001022375,双葉海運株式会社,兵庫県,神戸市垂水区,狩口台５丁目１０番１３号,6550049
1140001022581,神戸ユニバーシティ開発株式会社,兵庫県,神戸市垂水区,多聞町字小束山８６８番地,6550001
1140001022615,株式会社ＮＰＣ,兵庫県,神戸市垂水区,平磯４丁目４番７号,6550892
1140001023101,株式会社セイエイ,兵庫県,神戸市垂水区,学が丘３丁目４番３−１３１４号,6550004
1140001023737,株式会社わらべ,兵庫県,神戸市垂水区,平磯４丁目４番１２号,6550892
1140001023786,日中産業株式会社,兵庫県,神戸市垂水区,舞子坂３丁目１８番２６号,6550044
1140001023943,株式会社ジー・エス・エス大阪,兵庫県,神戸市垂水区,舞子台６丁目１番１２号,6550046
1140001024223,株式会社イング・コーポレーション,兵庫県,神戸市垂水区,福田１丁目７番４３号,6550013
1140001024231,株式会社光塗装工業所,兵庫県,神戸市垂水区,舞多聞西５丁目１０番１号,6550051
1140001024256,株式会社プレジャーライフ,兵庫県,神戸市垂水区,高丸４丁目１番１４号,6550016
1140001024487,株式会社ゆうゆう保険事務所,兵庫県,神戸市垂水区,五色山８丁目２番２１号,6550035
1140001024702,株式会社レチナ,兵庫県,神戸市垂水区,王居殿３丁目１９−２,6550883
1140001024784,株式会社小島商事,兵庫県,神戸市垂水区,千鳥が丘３丁目８番４６号,6550011
1140001025188,株式会社東亜企画,兵庫県,神戸市垂水区,大町２丁目６番Ａ−１２３号,6550014
1140001025213,株式会社迫水興産,兵庫県,神戸市垂水区,舞子坂１丁目９番６５号,6550044
1140001025700,株式会社ケンオン興産,兵庫県,神戸市垂水区,桃山台１丁目１３番地の２,6550854
1140001025709,株式会社ロックバレー企画,兵庫県,神戸市垂水区,狩口台４丁目３５−１０１,6550049
1140001026013,株式会社はなぎく,兵庫県,神戸市垂水区,本多聞１丁目２２番５号,6550006
1140001026285,Ｔ＆Ｋ株式会社,兵庫県,神戸市垂水区,舞子坂１丁目５番３９号,6550044
1140001026450,株式会社春名土地,兵庫県,神戸市垂水区,天ノ下町１番１−２０７号,6550029
1140001026500,株式会社グッドコム,兵庫県,神戸市垂水区,舞子坂２丁目９番３９号,6550044
1140001026814,株式会社アビトロワ,兵庫県,神戸市垂水区,千代が丘２丁目４番５１号,6550018
1140001027036,ジェイ・ティ通信システム株式会社,兵庫県,神戸市垂水区,西舞子４丁目２５番１−５１０号,6550048
1140001027151,株式会社ＳＵＭＡ,兵庫県,神戸市垂水区,狩口台１丁目１６番２−１１７号,6550049
1140001027250,坪井土木工業株式会社,兵庫県,神戸市垂水区,青山台１丁目２番１４号,6550873
1140001028067,株式会社清栄,兵庫県,神戸市垂水区,小束山手１丁目３番１３号,6550009
1140001028166,ダイコー開発株式会社,兵庫県,神戸市垂水区,塩屋町５丁目１３番３４号,6550872
1140001028224,株式会社ＯＦＦＩＣＥ支援舎,兵庫県,神戸市垂水区,塩屋町９丁目３０−５０−１０３,6550872
1140001028298,株式会社ハウスガード,兵庫県,神戸市垂水区,天ノ下町１０番２１号,6550029
1140001028422,株式会社フューチャーワールド,兵庫県,神戸市垂水区,朝谷町７番地の１０,6550862
1140001028926,株式会社フルーレ,兵庫県,神戸市垂水区,本多聞６丁目２５番２５号,6550006
1140001028983,日本電子株式会社,兵庫県,神戸市垂水区,清水が丘３丁目１３番１１号,6550031
1140001029098,株式会社アロイ,兵庫県,神戸市垂水区,千鳥が丘３丁目２２番７号,6550011
1140001029858,株式会社つばさ企画,兵庫県,神戸市垂水区,清玄町１６番地の３,6550865
1140001030031,株式会社小原商店,兵庫県,神戸市垂水区,青山台７丁目７番１号ジェームス山サティー３階,6550873
1140001030246,中央産業株式会社,兵庫県,神戸市垂水区,塩屋北町３丁目３番１号,6550863
1140001030287,株式会社タスク,兵庫県,神戸市垂水区,本多聞２丁目４番７号,6550006
1140001030312,株式会社北野建築工房,兵庫県,神戸市垂水区,名谷町３４４７番地,6550852
1140001030691,メディカル神戸株式会社,兵庫県,神戸市垂水区,美山台１丁目１１番９号,6550874
1140001031054,株式会社愛華,兵庫県,神戸市垂水区,多聞台３丁目７−２,6550007
1140001031194,株式会社マハナリフォーム,兵庫県,神戸市垂水区,五色山４丁目２０番２４号,6550035
1140001031450,株式会社ＳＨＩＯＯＹＡ,兵庫県,神戸市垂水区,塩屋町１丁目９８６−４,6550872
1140001031574,株式会社イングス,兵庫県,神戸市垂水区,西舞子６丁目２番３０−６０８号,6550048
1140001031946,チーム名谷株式会社,兵庫県,神戸市垂水区,名谷町字春日手２２５９番地の１,6550852
1140001031970,株式会社オフィスＪＩＮ,兵庫県,神戸市垂水区,西舞子６丁目４番１−４０６号,6550048
1140001032969,株式会社チャーミング・スクウェア舞子,兵庫県,神戸市垂水区,海岸通１１番９７,6550036
1140001033018,ＲＭ株式会社,兵庫県,神戸市垂水区,本多聞３丁目１１−１１−３０２,6550006
1140001033075,株式会社メインプロット,兵庫県,神戸市垂水区,塩屋町１丁目６番２８号,6550872
1140001033091,株式会社桐山建設,兵庫県,神戸市垂水区,天ノ下町１２番１４号,6550029
1140001033257,株式会社フルー,兵庫県,神戸市垂水区,下畑町字東松山１８７７番地の２５,6550861
1140001033810,ＨＩＧＡＭＥＧＡＮＥ株式会社,兵庫県,神戸市垂水区,千代が丘２丁目１番１８号,6550018
1140001034123,株式会社ユーユーフォーム,兵庫県,神戸市垂水区,神陵台２丁目３番６号,6550041
1140001034453,株式会社明石丸勘,兵庫県,神戸市垂水区,名谷町字押戸３１４番地の１,6550852
1140001035286,日研企画株式会社,兵庫県,神戸市垂水区,舞多聞東３丁目５番３号,6550052
1140001038108,株式会社ファーストプロデュース,兵庫県,神戸市垂水区,宮本町３番２１号,6550028
1140001038124,平生建設株式会社,兵庫県,神戸市垂水区,福田２丁目４番４号,6550013
1140001038132,株式会社ＳＡＮコンサルティング,兵庫県,神戸市垂水区,舞子台１丁目６番５号,6550046
1140001042209,株式会社フロッグハウス,兵庫県,神戸市垂水区,名谷町１０１１−１−４０２,6550852
1140001042365,株式会社ＢＥ−ＦＥＥＬ北郷,兵庫県,神戸市垂水区,塩屋町１丁目９９４番地６,6550872
1140001042415,青木木材住宅株式会社,兵庫県,神戸市垂水区,塩屋町２丁目４番５１号,6550872
1140001047166,株式会社オーシャンテック,兵庫県,神戸市垂水区,神陵台９丁目１９番７号,6550041
1140001057090,株式会社Ｉ・Ｄ・Ｓ,兵庫県,神戸市垂水区,清水が丘１丁目８番２２号,6550031
1140001057165,株式会社サン・クリエイティブ,兵庫県,神戸市垂水区,瑞穂通５番１０号,6550022
1140001068063,栄光商事株式会社,兵庫県,神戸市垂水区,小束山手２丁目１番３号,6550009
1140001077634,株式会社Ｔ＆Ｄ,兵庫県,神戸市垂水区,星が丘１丁目１番２８−２０８号,6550032
1140001087022,株式会社近藤建鐵,兵庫県,神戸市垂水区,向陽３丁目１番８号Ｋ・Ｋビル１Ｆ,6550012
1140001087138,株式会社ＡＹＡ,兵庫県,神戸市垂水区,大町３丁目１番５号,6550014
1140001088169,株式会社和響,兵庫県,神戸市垂水区,名谷町１４００番地の５１,6550852
1140001088185,日総管理株式会社,兵庫県,神戸市垂水区,西舞子８丁目８番１８号,6550048
1140001088573,株式会社海星商社,兵庫県,神戸市垂水区,狩口台６丁目４番３−３０２号,6550049
1140001088631,株式会社ＴＡＴＳＵＭＩ　ｓｔｙｌｅ　ｈｏｍｅ,兵庫県,神戸市垂水区,福田４丁目４番１７号ＲＥＧＡＬＨＯＵＳＥ垂水ＩＩＩ１０７,6550013
1140001089043,株式会社ＡＤホールディング,兵庫県,神戸市垂水区,西舞子６丁目２番３０−９０８号,6550048
1140001089076,株式会社山本カンパニー,兵庫県,神戸市垂水区,神田町四丁目３０,6550027
1140001089150,株式会社まこと機械,兵庫県,神戸市垂水区,潮見が丘１丁目４番４８−１号,6550005
1140001089695,株式会社幸信,兵庫県,神戸市垂水区,東垂水町字高丸７６２番地の８４,6550881
1140001090216,株式会社本郷保険事務所,兵庫県,神戸市垂水区,下畑町字石畳１０３６番地の９,6550861
1140001090224,株式会社ピー・オー・ヴィー,兵庫県,神戸市垂水区,桃山台２丁目１１８８番地１７−４０７,6550854
1140001090488,株式会社ジェームス７インテリジェンス,兵庫県,神戸市垂水区,塩屋町７丁目３番１号,6550872
1140001090819,株式会社Ｇｌｏｂａｌ　Ｏｓａｋａ’ｓ　Ｃｏｒｐｏｒａｔｉｏｎ,兵庫県,神戸市垂水区,清玄町６番地の８,6550865
1140001090892,株式会社ステラ,兵庫県,神戸市垂水区,清水が丘３丁目３番１０号,6550031
1140001090959,株式会社Ｃａｒｏ,兵庫県,神戸市垂水区,陸ノ町２番９号,6550026
1140001091404,ＳＰｉ７２株式会社,兵庫県,神戸市垂水区,小束山７丁目１０番地の７,6550002
1140001091453,株式会社ｅａ,兵庫県,神戸市垂水区,塩屋町１丁目１番１８号,6550872
1140001091791,ＩＮＦＩＮＩＴＥ　ＳＴＹＬＥ株式会社,兵庫県,神戸市垂水区,桃山台２丁目１２番地の５,6550854
1140001092781,株式会社想,兵庫県,神戸市垂水区,山手１丁目２番３号,6550891
1140001093920,株式会社ファージ,兵庫県,神戸市垂水区,舞子坂１丁目５番５５号,6550044
1140001093953,神戸メディカルサポート株式会社,兵庫県,神戸市垂水区,日向２丁目４番２２−４０６号,6550893
1140001094076,株式会社神戸機械電装,兵庫県,神戸市垂水区,青山台８丁目１番２−１０１号,6550873
1140001094159,株式会社大和創建,兵庫県,神戸市垂水区,南多聞台５丁目１番２５号,6550043
1140001094217,株式会社Ｋｏｂｅ　Ｗａｐｏｓ,兵庫県,神戸市垂水区,多聞台２丁目１０番９号,6550007
1140001094332,株式会社ＭＥＷ,兵庫県,神戸市垂水区,陸ノ町７番７号,6550026
1140001094431,株式会社大輝,兵庫県,神戸市垂水区,霞ケ丘７丁目４番２８号コーポイナオカ北棟２階,6550039
1140001094778,株式会社川久保電工,兵庫県,神戸市垂水区,西舞子７丁目８番６号,6550048
1140001095041,テクノトレード株式会社,兵庫県,神戸市垂水区,塩屋町３丁目２４番４号,6550872
1140001095941,株式会社オフィスサーティー,兵庫県,神戸市垂水区,つつじが丘７丁目１３番地の４,6550853
1140001096304,株式会社Ｒｅｒｉｓｅ　Ｃｏｒｐｏｒａｔｉｏｎ,兵庫県,神戸市垂水区,舞多聞西７丁目４番１２号,6550051
1140001096460,株式会社スプリングロード,兵庫県,神戸市垂水区,星陵台６丁目２番２号,6550038
1140001100016,Ｇｒａｓｐｙ　Ｉｎｔｅｒｎａｔｉｏｎａｌ株式会社,兵庫県,神戸市垂水区,塩屋台１丁目７番４号,6550864
1140001100346,株式会社サクトス,兵庫県,神戸市垂水区,星が丘１丁目１番２８−８１０号,6550032
1140001101022,株式会社オフィスオオクボ,兵庫県,神戸市垂水区,塩屋町５丁目１９番１号,6550872
1140001101096,株式会社Ｏ．Ａ．ビルド,兵庫県,神戸市垂水区,千鳥が丘３丁目２０番１８−９０１号,6550011
1140001101195,株式会社ＴＡＫＵＫＥＮ,兵庫県,神戸市垂水区,桃山台２丁目１７２０−１６−２,6550854
1140001101682,ＯＳＫ株式会社,兵庫県,神戸市垂水区,名谷町字向井畑３４７６,6550852
1140001101889,株式会社シートランスライン,兵庫県,神戸市垂水区,千鳥が丘３丁目８番４１−２０４号,6550011
1140001102020,株式会社小野電気,兵庫県,神戸市垂水区,下畑町２１０２番地,6550861
1140001102284,株式会社山陽ホーム,兵庫県,神戸市垂水区,名谷町２２５８−４,6550852
1140001103084,株式会社政田板金,兵庫県,神戸市垂水区,南多聞台２丁目８番１５号,6550043
1140001103324,株式会社Ｋテック,兵庫県,神戸市垂水区,山手７丁目５−１,6550891
1140001103828,株式会社加藤塗装,兵庫県,神戸市垂水区,塩屋北町４丁目３番６号,6550863
1140001103893,株式会社ＣＨＲ,兵庫県,神戸市垂水区,名谷町６７８−３,6550852
1140001104297,株式会社英幸電設,兵庫県,神戸市垂水区,西脇２丁目６番１０号,6550042
1140001104470,株式会社三協土木,兵庫県,神戸市垂水区,高丸１丁目７番１７号,6550016
1140001104909,株式会社グット・ルッキング,兵庫県,神戸市垂水区,学が丘４丁目２０番２６号,6550004
1140001105048,株式会社幸,兵庫県,神戸市垂水区,千鳥が丘３丁目２２番６号,6550011
1140001105584,株式会社昇美,兵庫県,神戸市垂水区,舞多聞西１丁目７番１５号,6550051
1140001106987,株式会社エトランゼ,兵庫県,神戸市垂水区,五色山６丁目３番３３−４０４号,6550035
1140001107523,白太郎株式会社,兵庫県,神戸市垂水区,小束山２丁目２番地の１,6550002
1140001108059,株式会社ＷｅＣｒｅａｔｅ,兵庫県,神戸市垂水区,本多聞７丁目１２番６号,6550006
1140001108232,ＳＨＩＭＡ　Ｈ．Ｄ株式会社,兵庫県,神戸市垂水区,美山台１丁目７番８号,6550874
1140001109585,永安電気商会株式会社,兵庫県,神戸市垂水区,桃山台７丁目２番地の２２,6550854
1140001110262,株式会社ニノミヤ,兵庫県,神戸市垂水区,上高丸３丁目２番１号メゾンド上高丸Ｂ棟１０３号,6550017
1140001110270,株式会社ハピネス,兵庫県,神戸市垂水区,西舞子２丁目１−４６日成ビル３Ｆ,6550048
1140001110477,株式会社あい工務店,兵庫県,神戸市垂水区,舞子坂１丁目９番１９号,6550044
1140001110618,株式会社ジオインテリアワークス,兵庫県,神戸市垂水区,小束台８６８番地の９４２,6550008
1140001110972,株式会社メビウス・ゼロワン,兵庫県,神戸市垂水区,名谷町字入野７５６番地の２,6550852
1140001111590,Ｇｌｏｂａｌ　Ｓａｉ　Ｇｏｎ株式会社,兵庫県,神戸市垂水区,下畑町字小坂８７番地の３,6550861
1140001111780,株式会社ＫＯＳ,兵庫県,神戸市垂水区,日向１丁目５番１号レバンテ垂水２番館,6550893
1140001111970,株式会社エブリ,兵庫県,神戸市垂水区,霞ケ丘７丁目４番３１−４０２号,6550039
1140001113298,株式会社ＡＸＩＳ　Ｒｅａｌｔｙ,兵庫県,神戸市垂水区,泉が丘５丁目８番２９号,6550885
1140001113595,株式会社Ｋ’ｓ　Ｉｎｎｏｃｅｎｔ　Ｄｒｅａｍ,兵庫県,神戸市垂水区,向陽３丁目１番３１号,6550012
1140001114420,株式会社ボニエスト,兵庫県,神戸市垂水区,青山台１丁目６番２７号,6550873
1140001114750,株式会社産直じゃぱん,兵庫県,神戸市垂水区,松風台１丁目１４番１７号,6550871
1140001115765,株式会社ＭＰＣ,兵庫県,神戸市垂水区,舞子坂３丁目３番８号,6550044
1140001116037,株式会社長田中央,兵庫県,神戸市垂水区,塩屋町４丁目１１−２,6550872
1140001116656,魚住工業株式会社,兵庫県,神戸市垂水区,つつじが丘７丁目３番地の１２,6550853
1140001117051,株式会社桜電機,兵庫県,神戸市垂水区,松風台１丁目６番１９号,6550871
1140001117167,株式会社Ｌａｓａｎティ,兵庫県,神戸市垂水区,平磯３丁目７番１０−垂水クレラン２０１号,6550892
1140001118000,株式会社Ｉ’ｓ　Ｌｉｎｋ　Ａｕｔｏ,兵庫県,神戸市垂水区,歌敷山１丁目１０番１０号,6550037
1140001118322,株式会社ＪＯＹＺ,兵庫県,神戸市垂水区,つつじが丘５丁目１０−４,6550853
1140001118727,株式会社のあぷあ,兵庫県,神戸市垂水区,学が丘４丁目１０番２６号ネスト学が丘２０６号,6550004
1140001118958,株式会社ＦＲＯＭ　ＨＥＲＥ,兵庫県,神戸市垂水区,星陵台４丁目３番４５−３０８号,6550038
1140001119015,株式会社東羽商会,兵庫県,神戸市垂水区,舞子台２丁目７−１７舞子台ハイツ１０３号,6550046
1140001119329,株式会社ＴＫＯ,兵庫県,神戸市垂水区,高丸７丁目７−１７−１０２号,6550016
1140001119576,株式会社ＬｉｎＸ　Ｅｓｔａｔｅ,兵庫県,神戸市垂水区,舞子坂１丁目１１番１４号,6550044
1140001120484,Ｅ−ＳＨＯＰ株式会社,兵庫県,神戸市垂水区,桃山台３丁目３番地の７,6550854
1140001120807,株式会社Ｙｏｕｎｇ　Ｔｒｅｅｓ,兵庫県,神戸市垂水区,塩屋北町２丁目９番８号,6550863
1140001120922,株式会社ル・リアン,兵庫県,神戸市垂水区,宮本町１番２８号,6550028
1140001121177,ＡＧＰ株式会社,兵庫県,神戸市垂水区,舞多聞西２丁目３番６号,6550051
1140001121557,株式会社Ｍ＆Ａクリエイト,兵庫県,神戸市垂水区,塩屋町５丁目１３−４７,6550872
1140001122464,株式会社ＴＯＫＩ,兵庫県,神戸市垂水区,舞多聞東３丁目７番８号,6550052
1140001122712,株式会社鼎貿易,兵庫県,神戸市垂水区,霞ケ丘４丁目３番５号,6550039
1140001123660,株式会社ＲＥＢＯＲＮ,兵庫県,神戸市垂水区,大町４丁目７番１７号,6550014
1140001124667,株式会社池田総合設備,兵庫県,神戸市垂水区,名谷町４９７番地の５,6550852
1140001125681,株式会社ＳＵＮ　ＯＮＥ,兵庫県,神戸市垂水区,青山台５丁目３番２０号,6550873
1140001125780,はりまフーズ株式会社,兵庫県,神戸市垂水区,乙木２丁目１６番１３号,6550882
1140001126432,株式会社八起,兵庫県,神戸市垂水区,星が丘２丁目３番３７号,6550032
1140001127645,株式会社舞光,兵庫県,神戸市垂水区,大町４丁目３−６,6550014
1140001127983,株式会社Ｔｈｅ　Ｃｕｒｒｅｎｔ,兵庫県,神戸市垂水区,神陵台８丁目７番６号,6550041
1140001128206,株式会社たるみ薬局,兵庫県,神戸市垂水区,日向１丁目４番１号レバンテ垂水１番館１Ｆ１２３,6550893
1140001128247,株式会社ＭＩＲＡＩ,兵庫県,神戸市垂水区,乙木１丁目５番７号,6550882
1140001128305,ＡＭＢＥＲ株式会社,兵庫県,神戸市垂水区,狩口台４丁目３４番１０６号,6550049
1140001128866,株式会社Ｎシステム,兵庫県,神戸市垂水区,名谷町３４−１０−１０１,6550852
1140001128874,株式会社ラフテリア,兵庫県,神戸市垂水区,舞多聞西６丁目３番１４号,6550051
1140001129765,株式会社リトルスターＫＯＢＥ,兵庫県,神戸市垂水区,王居殿２丁目１１−９,6550883
1140001130871,ｖｉｓｉｏｎ　ＡＲＡＮＤＡ株式会社,兵庫県,神戸市垂水区,青山台２丁目１２−２２,6550873
1140001131449,株式会社ＫＮＫ,兵庫県,神戸市垂水区,舞多聞西１丁目１２番１号,6550051
1140001131465,株式会社ｂｅｔｈｅＹＥＡＳＴ,兵庫県,神戸市垂水区,松風台１丁目７番２８号,6550871
1140001131556,株式会社ＡＰＰＲＥＮＤＲＥ,兵庫県,神戸市垂水区,北舞子１丁目１−１１,6550045
1140001132083,キャピタル株式会社,兵庫県,神戸市垂水区,多聞台５丁目５番２４号,6550007
1140001132109,株式会社アセットプランニング,兵庫県,神戸市垂水区,下畑町２１３８番地,6550861
1140001132216,株式会社晃豊運送,兵庫県,神戸市垂水区,舞子坂２丁目１番１３−１０１号,6550044
1140001133098,株式会社セドナッカ,兵庫県,神戸市垂水区,塩屋町３丁目６番２号,6550872
1140001133692,株式会社カルデック,兵庫県,神戸市垂水区,星陵台５丁目２番１０号,6550038
1140001133833,株式会社ＩＳＧＨＤ,兵庫県,神戸市垂水区,平磯２丁目５番１３号,6550892
1140001134055,株式会社ヘルパーステーションラン,兵庫県,神戸市垂水区,神陵台３丁目２−１,6550041
1140001134204,株式会社サニーサイン,兵庫県,神戸市垂水区,宮本町４番５号,6550028
1140001134476,株式会社シエン,兵庫県,神戸市垂水区,東舞子町１０−１ティオ舞子１０７号,6550047
1140001135012,株式会社日東ピクシス,兵庫県,神戸市垂水区,千鳥が丘３丁目２４番８７号,6550011
1140001135953,株式会社神戸の台所,兵庫県,神戸市垂水区,塩屋町１丁目５番２８号,6550872
1140001136893,株式会社ＳＨＵＨＡＲＩ,兵庫県,神戸市垂水区,塩屋町８７２番地２,6550872
1140001136976,株式会社Ｋｕｒｏｒｏ,兵庫県,神戸市垂水区,清玄町２６番３号,6550865
1140001137009,株式会社ＢＲＥＡＤＭＡＮ,兵庫県,神戸市垂水区,高丸８丁目１３−１２,6550016
1140001137231,株式会社Ｐｅａｒｌ　Ｐｒｉｎｃｅｓｓ,兵庫県,神戸市垂水区,高丸７丁目２番１２号,6550016
1140001137693,株式会社Ｋボヌール,兵庫県,神戸市垂水区,南多聞台４丁目１番２５−６１４号,6550043
1140001138584,小椋設備株式会社,兵庫県,神戸市垂水区,美山台１丁目５番２７号,6550874
1140001139095,株式会社ＭＧＲ,兵庫県,神戸市垂水区,福田１丁目１０−１６フレグランス垂水Ｂ１０１,6550013
1140001141051,株式会社ＭｃＫｉｎｌｅｙ,兵庫県,神戸市垂水区,西舞子１丁目５−２３,6550048
1140001141209,株式会社ＮＫＭ,兵庫県,神戸市垂水区,南多聞台４丁目５番１１号,6550043
1140001141596,株式会社オニアート,兵庫県,神戸市垂水区,仲田１丁目８番２４−２０８号,6550034
1140001141638,想いを紡ぐ株式会社,兵庫県,神戸市垂水区,星が丘１丁目２番２５号,6550032
1140002006740,株式会社やないメディカルサービス,兵庫県,神戸市垂水区,塩屋北町３丁目１番８号,6550863
1140002025724,株式会社コスモ建設,兵庫県,神戸市垂水区,馬場通２番２２Ｆビル１Ｆ,6550021
1160001024948,株式会社海遊,兵庫県,神戸市垂水区,上高丸３丁目１番２７−３２６号,6550017
2010401002039,アメリカンテニススクール株式会社,兵庫県,神戸市垂水区,山手１丁目４番３号,6550891
2030001143917,光晴土地開発株式会社,兵庫県,神戸市垂水区,名谷町８４３番,6550852
2120001032235,株式会社エヴアグリーン,兵庫県,神戸市垂水区,青山台６丁目２番１−５１２号,6550873
2140001000792,株式会社こうベファイナンシャルサービス,兵庫県,神戸市垂水区,旭が丘１丁目８番２３−３１１号,6550033
2140001005016,株式会社大日ライン工業,兵庫県,神戸市垂水区,神和台２丁目１０番地の５,6550851
2140001006393,株式会社エイム,兵庫県,神戸市垂水区,美山台３丁目３番２３号,6550874
2140001009958,株式会社ソーシャルプロパティマネジメント,兵庫県,神戸市垂水区,名谷町１７５７番地の５,6550852
2140001013142,三洋エンジニアリング株式会社,兵庫県,神戸市垂水区,桃山台６丁目１２番地の４,6550854
2140001014140,株式会社ボニータ,兵庫県,神戸市垂水区,学が丘１丁目２０番５号,6550004
2140001014586,株式会社テクニカル・アイ,兵庫県,神戸市垂水区,清水が丘１丁目２４番１５号,6550031
2140001017077,若林不動産株式会社,兵庫県,神戸市垂水区,西舞子４丁目１８番１６号フェニックス西舞子,6550048
2140001017408,近畿印刷株式会社,兵庫県,神戸市垂水区,神和台３丁目９番地２,6550851
2140001017894,株式会社ブルースカイ神戸,兵庫県,神戸市垂水区,舞子坂３丁目６−４５,6550044
2140001018133,株式会社アイ・エム・オー・コーポレーション,兵庫県,神戸市垂水区,星が丘１丁目４番４０号,6550032
2140001018174,株式会社アロハ,兵庫県,神戸市垂水区,舞子台８丁目６番３号,6550046
2140001018182,株式会社石井淳三建築設計事務所,兵庫県,神戸市垂水区,塩屋北町４丁目９番６号,6550863
2140001018199,井上鋼材株式会社,兵庫県,神戸市垂水区,朝谷町６番地の９,6550862
2140001018208,株式会社魚仙,兵庫県,神戸市垂水区,平磯３丁目７番１０号,6550892
2140001018216,株式会社植村美之助商店,兵庫県,神戸市垂水区,陸ノ町２番６号,6550026
2140001018232,エスディーエス株式会社,兵庫県,神戸市垂水区,潮見が丘２丁目１番１２号,6550005
2140001018240,エムアイ精機株式会社,兵庫県,神戸市垂水区,西舞子４丁目１０番１３号,6550048
2140001018249,株式会社大倉商店,兵庫県,神戸市垂水区,野田通６番５号,6550015
2140001018257,株式会社オカザキ,兵庫県,神戸市垂水区,城が山１丁目７番２６号,6550884
2140001018273,株式会社ガーデン・ササキ,兵庫県,神戸市垂水区,多聞台２丁目１２番１１号,6550007
2140001018307,キンキ．ハイセル株式会社,兵庫県,神戸市垂水区,多聞台２丁目１５番８号,6550007
2140001018315,株式会社木下塗装店,兵庫県,神戸市垂水区,小束山本町２丁目１番１９号,6550003
2140001018323,協永道路株式会社,兵庫県,神戸市垂水区,五色山４丁目２２番２３号,6550035
2140001018356,広栄興産株式会社,兵庫県,神戸市垂水区,学が丘４丁目１１番３号,6550004
2140001018364,株式会社甲洋,兵庫県,神戸市垂水区,学が丘１丁目７番２２号,6550004
2140001018372,株式会社マンボウ,兵庫県,神戸市垂水区,名谷町字室山１４００番地の１３５,6550852
2140001018389,株式会社小林組,兵庫県,神戸市垂水区,桃山台３丁目８番地の１１,6550854
2140001018397,株式会社サン珈琲,兵庫県,神戸市垂水区,本多聞１丁目２０番４３号,6550006
2140001018406,三協機工株式会社,兵庫県,神戸市垂水区,塩屋北町４丁目３番８号,6550863
2140001018430,サンワァード株式会社,兵庫県,神戸市垂水区,神陵台７丁目４番８号,6550041
2140001018447,株式会社シェリール,兵庫県,神戸市垂水区,神和台３丁目１２番２３号,6550851
2140001018471,神明工業株式会社,兵庫県,神戸市垂水区,下畑町字雲星４９８番地の２,6550861
2140001018488,神陽建設株式会社,兵庫県,神戸市垂水区,名谷町１７７９−１,6550852
2140001018496,シヨウワコーテイング株式会社,兵庫県,神戸市垂水区,松風台１丁目６−６,6550871
2140001018538,大晃興産株式会社,兵庫県,神戸市垂水区,多聞町字小束山８６８番地の５４８,6550001
2140001018546,株式会社ダイナム,兵庫県,神戸市垂水区,塩屋町１丁目５番１１−７０６号,6550872
2140001018554,大洋薬品販売株式会社,兵庫県,神戸市垂水区,潮見が丘１丁目６番１８号,6550005
2140001018562,株式会社田口建築事務所,兵庫県,神戸市垂水区,中道４丁目１番１５号,6550896
2140001018587,株式会社垂水医師会館,兵庫県,神戸市垂水区,星陵台４丁目４番３７号,6550038
2140001018595,垂水石油株式会社,兵庫県,神戸市垂水区,南多聞台４丁目１０番１２号,6550043
2140001018604,株式会社チトセ,兵庫県,神戸市垂水区,日向２丁目１番１号,6550893
2140001018612,坪田建設株式会社,兵庫県,神戸市垂水区,北舞子４丁目９番４８−１０６号,6550045
2140001018620,天平商事株式会社,兵庫県,神戸市垂水区,狩口台１丁目１６番２−１０２号,6550049
2140001018637,東和トラストジャパン株式会社,兵庫県,神戸市垂水区,桃山台３丁目２２番１９号１Ｆ,6550854
2140001018645,株式会社鳥居,兵庫県,神戸市垂水区,朝谷町１２番地の３,6550862
2140001018653,株式会社リライフ神戸,兵庫県,神戸市垂水区,つつじが丘１丁目２番地の３,6550853
2140001018661,株式会社中村木材,兵庫県,神戸市垂水区,下畑町字内入田７６８番地の１,6550861
2140001018686,日東住販株式会社,兵庫県,神戸市垂水区,小束山２丁目１３番地の１,6550002
2140001018694,株式会社ハウスクリエイト,兵庫県,神戸市垂水区,旭が丘２丁目１番１１号クリエイトビル,6550033
2140001018703,阪神電設株式会社,兵庫県,神戸市垂水区,青山台３丁目５番１４号,6550873
2140001018711,株式会社林工務店,兵庫県,神戸市垂水区,下畑町字前田１４番地の１,6550861
2140001018752,株式会社フクテツ,兵庫県,神戸市垂水区,下畑町字雲星４９８番地,6550861
2140001018760,富士商事株式会社,兵庫県,神戸市垂水区,舞子台８丁目５番３５号,6550046
2140001018785,紅屋商事株式会社,兵庫県,神戸市垂水区,日向町二丁目６番２６号,6550000
2140001018802,株式会社舞子エステート,兵庫県,神戸市垂水区,南多聞台３丁目４番１１号,6550043
2140001018810,株式会社誠,兵庫県,神戸市垂水区,本多聞１丁目２番１号,6550006
2140001018819,松下企業株式会社,兵庫県,神戸市垂水区,霞ケ丘７丁目３番３３号,6550039
2140001018827,株式会社マルショウ,兵庫県,神戸市垂水区,美山台２丁目１１番１号,6550874
2140001018835,株式会社マルヤマ,兵庫県,神戸市垂水区,陸ノ町１番３号,6550026
2140001018851,株式会社ミツワエンジニアリング,兵庫県,神戸市垂水区,塩屋町５丁目１１番２３号,6550872
2140001018868,株式会社村井組,兵庫県,神戸市垂水区,下畑町字向井４６０,6550861
2140001018892,株式会社矢間工務店,兵庫県,神戸市垂水区,川原３丁目１番２９号,6550894
2140001018934,株式会社リエゾン,兵庫県,神戸市垂水区,星が丘１丁目１番３１号,6550032
2140001018942,株式会社レーブドウシエフ,兵庫県,神戸市垂水区,名谷町３２１番地の１,6550852
2140001018950,株式会社神戸アサヒ,兵庫県,神戸市垂水区,下畑町字渕ケ上５８８番地,6550861
2140001019750,株式会社日本物流新聞社,兵庫県,神戸市垂水区,本多聞７丁目７−５,6550006
2140001019957,株式会社マシンテックナカジマ,兵庫県,神戸市垂水区,本多聞６丁目２８番２号,6550006
2140001020568,株式会社六甲設計,兵庫県,神戸市垂水区,西舞子４丁目２７番１７号,6550048
2140001022259,ウメタ文具株式会社,兵庫県,神戸市垂水区,五色山２丁目１番２８号,6550035
2140001022291,株式会社太陽土木,兵庫県,神戸市垂水区,青山台５丁目５番３−１０３号,6550873
2140001022432,株式会社ラクヤン,兵庫県,神戸市垂水区,名谷町字堂面８０２番地の１５,6550852
2140001022663,株式会社サンコー,兵庫県,神戸市垂水区,下畑町２４２番地,6550861
2140001023257,株式会社エフ・ガーデン,兵庫県,神戸市垂水区,小束山本町１丁目１番１号,6550003
2140001023430,常喜株式会社,兵庫県,神戸市垂水区,南多聞台４丁目１番２５−２１７号,6550043
2140001023827,株式会社新光造園土木,兵庫県,神戸市垂水区,清玄町１３番地の３,6550865
2140001024180,株式会社フォレストケア,兵庫県,神戸市垂水区,旭が丘２丁目３番２号,6550033
2140001024362,清興産業株式会社,兵庫県,神戸市垂水区,小束山２丁目５番地の８,6550002
2140001024379,小坂興業株式会社,兵庫県,神戸市垂水区,五色山１丁目３番１８号,6550035
2140001025113,株式会社ホンダパートナーヒロ,兵庫県,神戸市垂水区,下畑町１４００番地１１,6550861
2140001025468,株式会社林組重量,兵庫県,神戸市垂水区,泉が丘４丁目４番２６号,6550885
2140001025550,株式会社陽楽,兵庫県,神戸市垂水区,名谷町字平ノ垣内８５２番地の１,6550852
2140001025658,ケイテック株式会社,兵庫県,神戸市垂水区,清水が丘１丁目２４番１８号,6550031
2140001026128,株式会社ＵＳ計画,兵庫県,神戸市垂水区,小束山１丁目１９０２番７０,6550002
2140001026788,幸栄株式会社,兵庫県,神戸市垂水区,塩屋北町４丁目８番１２号,6550863
2140001026895,大栄興産株式会社,兵庫県,神戸市垂水区,海岸通９番５０−１０６号,6550036
2140001027010,株式会社空間工房Ｄａｉ,兵庫県,神戸市垂水区,小束山本町１丁目４番１０号,6550003
2140001027092,株式会社パプリカ,兵庫県,神戸市垂水区,海岸通９番６０−４０５号,6550036
2140001027860,俵建設株式会社,兵庫県,神戸市垂水区,下畑町字石畳１０４５番地の１４,6550861
2140001028413,Ｏｎｅ’ｓ株式会社,兵庫県,神戸市垂水区,学が丘６丁目１番３７,6550004
2140001028685,株式会社荒木急送,兵庫県,神戸市垂水区,本多聞７丁目２１番２１号,6550006
2140001028719,株式会社エクレット,兵庫県,神戸市垂水区,塩屋台２丁目１３番４号,6550864
2140001028818,株式会社小粋,兵庫県,神戸市垂水区,学が丘４丁目１６番１２号,6550004
2140001029361,株式会社真妃,兵庫県,神戸市垂水区,五色山５丁目８−２２−２０１,6550035
2140001029535,株式会社グリア,兵庫県,神戸市垂水区,小束山１丁目１９０２番地の７９,6550002
2140001029659,株式会社マイブレイン,兵庫県,神戸市垂水区,舞子台６丁目６番４−４２０号,6550046
2140001029799,株式会社丸山商事,兵庫県,神戸市垂水区,清玄町２２番地の３,6550865
2140001029857,株式会社ちっちの家,兵庫県,神戸市垂水区,名谷町３１７３番地セントポリア神戸運動公園１１１２号,6550852
2140001030385,株式会社トラム,兵庫県,神戸市垂水区,塩屋町６丁目２４番８号,6550872
2140001031020,株式会社ブレインズファーム,兵庫県,神戸市垂水区,舞多聞東２丁目２番１号,6550052
2140001031029,丸山工務店株式会社,兵庫県,神戸市垂水区,名谷町２２６７番地の１,6550852
2140001031706,サンウェイテクノ株式会社,兵庫県,神戸市垂水区,松風台１丁目６番１１号,6550871
2140001032035,マイコホーム株式会社,兵庫県,神戸市垂水区,星陵台５丁目１番２５号,6550038
2140001032209,株式会社オフィス・ニーズ,兵庫県,神戸市垂水区,高丸２丁目１番３６号,6550016
2140001032282,株式会社アルク,兵庫県,神戸市垂水区,歌敷山１丁目３番１２−４０４号,6550037
2140001033090,株式会社サクライクリエイト,兵庫県,神戸市垂水区,福田５丁目６番４５号白井ハイツ福田１Ｆ北側,6550013
2140001033462,株式会社ＴＡＦ,兵庫県,神戸市垂水区,清水通三丁目１０番２０１号,6550023
2140001033495,株式会社ワイズコーポレーション,兵庫県,神戸市垂水区,千代が丘１丁目１番２９号,6550018
2140001033677,佑ｙｏｕコンタクト株式会社,兵庫県,神戸市垂水区,本多聞２丁目２９番６−１０１号,6550006
2140001033859,ケーエムケーコーポレーション株式会社,兵庫県,神戸市垂水区,学が丘４丁目２４番６号,6550004
2140001034213,株式会社木村ビル,兵庫県,神戸市垂水区,塩屋北町４丁目２３番６号,6550863
2140001038189,株式会社ＫＯＴＯ,兵庫県,神戸市垂水区,本多聞２丁目１２番２６号,6550006
2140001040459,株式会社昇栄土地建物,兵庫県,神戸市垂水区,小束山手１丁目２７番６号,6550009
2140001047207,株式会社魚屋の藤武,兵庫県,神戸市垂水区,塩屋台２丁目１５番７号,6550864
2140001057387,株式会社サンテック,兵庫県,神戸市垂水区,歌敷山３丁目８番３７号,6550037
2140001067717,株式会社Ｗｉｎｇ不動産流通,兵庫県,神戸市垂水区,西舞子２丁目１３番２７号,6550048
2140001071314,株式会社川装,兵庫県,神戸市垂水区,塩屋町１丁目６番２８−４０６,6550872
2140001077765,株式会社エステクニック,兵庫県,神戸市垂水区,本多聞３丁目５番１２−５０１号,6550006
2140001086700,株式会社ｗｉｓｅ,兵庫県,神戸市垂水区,名谷町１９４９−１リブコートオリジン２０１３号,6550852
2140001087244,ＳＤＳ−ＴＥＣＨＮＯ株式会社,兵庫県,神戸市垂水区,潮見が丘２丁目１番１２号,6550005
2140001087541,株式会社トーワ,兵庫県,神戸市垂水区,名谷町１４５７番地,6550852
2140001087582,立花家電株式会社,兵庫県,神戸市垂水区,西舞子３丁目１７番１０号,6550048
2140001087921,株式会社ＨＫＤコーポレーション,兵庫県,神戸市垂水区,星が丘１丁目４番８号,6550032
2140001088291,株式会社メディカルコハヤ,兵庫県,神戸市垂水区,陸ノ町２番３号,6550026
2140001088993,株式会社アップヴィレッジ,兵庫県,神戸市垂水区,福田２丁目３−５,6550013
2140001089397,株式会社Ｈ＆Ｌリテイリング,兵庫県,神戸市垂水区,塩屋町６６７番地５−４０８号,6550872
2140001089843,株式会社愛情菜園生活,兵庫県,神戸市垂水区,北舞子４丁目６番６６号,6550045
2140001090636,株式会社香寿,兵庫県,神戸市垂水区,舞子坂３丁目８番１５号,6550044
2140001090768,ＳＵテック株式会社,兵庫県,神戸市垂水区,千鳥が丘３丁目２２−２５,6550011
2140001090941,株式会社Ｔｈｅ　Ｊａｐａｎｅｓｅ　Ｓｐｉｒｉｔ,兵庫県,神戸市垂水区,名谷町字向井畑３４７６番地の１,6550852
2140001090958,株式会社ミスタニガーデン,兵庫県,神戸市垂水区,霞ケ丘４丁目１番６号,6550039
2140001090982,株式会社小池屋,兵庫県,神戸市垂水区,小束山６丁目１４番地の１,6550002
2140001092368,株式会社Ｚｅａｌ,兵庫県,神戸市垂水区,清水が丘３丁目２−３,6550031
2140001092590,タクミ不動産販売株式会社,兵庫県,神戸市垂水区,日向２丁目１番３０号,6550893
2140001093028,株式会社中和錦国際,兵庫県,神戸市垂水区,舞多聞西３丁目１１−２,6550051
2140001093556,株式会社テック神戸西,兵庫県,神戸市垂水区,舞多聞西７丁目１４番６号,6550051
2140001093655,株式会社エース・ワーク,兵庫県,神戸市垂水区,名谷町１５１５−１−２０４,6550852
2140001094249,株式会社グッドライフサポート,兵庫県,神戸市垂水区,旭が丘１丁目３番３５号１０８号,6550033
2140001095032,株式会社クレール,兵庫県,神戸市垂水区,潮見が丘１丁目１番１５−９１１号,6550005
2140001095833,株式会社ＡＤホールディング,兵庫県,神戸市垂水区,西舞子６丁目２番３０−９０８号,6550048
2140001096815,株式会社高建道路,兵庫県,神戸市垂水区,美山台１丁目１０番４号,6550874
2140001096856,株式会社ＪＳＫ−Ｇ,兵庫県,神戸市垂水区,向陽３丁目１番１１号,6550012
2140001097086,株式会社出口禎デザインアトリエ,兵庫県,神戸市垂水区,東舞子町５番１５−６０３号,6550047
2140001097128,株式会社東神,兵庫県,神戸市垂水区,青山台８丁目１番２５−１４０６号,6550873
2140001097375,株式会社北勇,兵庫県,神戸市垂水区,塩屋北町２丁目１０番２５号,6550863
2140001097466,株式会社ビビットホーム,兵庫県,神戸市垂水区,御霊町２番５−１０１号,6550024
2140001097482,株式会社満る里,兵庫県,神戸市垂水区,西舞子１丁目５番２−３０３号,6550048
2140001097615,株式会社ニューコム,兵庫県,神戸市垂水区,舞子坂１丁目９番１６号,6550044
2140001097648,ＧＳＧ株式会社,兵庫県,神戸市垂水区,美山台１丁目１４番１−３０６号,6550874
2140001098118,ＫＡＮＡＥＲＵ株式会社,兵庫県,神戸市垂水区,日向２丁目３番５−１号,6550893
2140001098927,株式会社福田電工,兵庫県,神戸市垂水区,泉が丘５丁目８番２８号,6550885
2140001099264,株式会社アテナ,兵庫県,神戸市垂水区,五色山１丁目１番３５−３０２号,6550035
2140001100064,株式会社Ａ．Ｍ．Ｐ,兵庫県,神戸市垂水区,桃山台２丁目１０−７,6550854
2140001102110,グリーンロード株式会社,兵庫県,神戸市垂水区,名谷町字押戸３８２番地の５,6550852
2140001102481,株式会社ＴＲＤコーポレーション,兵庫県,神戸市垂水区,本多聞１丁目１８番１号,6550006
2140001102779,ＴＨＭ株式会社,兵庫県,神戸市垂水区,塩屋町６丁目１１番７号,6550872
2140001102820,株式会社エムズワークス,兵庫県,神戸市垂水区,潮見が丘１丁目２７番８号,6550005
2140001103083,シンヨウコウゲイ株式会社,兵庫県,神戸市垂水区,乙木２丁目１６番１３号,6550882
2140001103174,株式会社ツツジ,兵庫県,神戸市垂水区,つつじが丘４丁目８番地の１,6550853
2140001103827,ワイズ株式会社,兵庫県,神戸市垂水区,多聞台３丁目６番２５号,6550007
2140001103884,株式会社リトルヒーロー,兵庫県,神戸市垂水区,海岸通９番６２号１０２号,6550036
2140001105435,株式会社弘永,兵庫県,神戸市垂水区,桃山台５丁目１番地の２ワタナベハイツＩＩ２０３号室,6550854
2140001105443,株式会社関西フリーズ,兵庫県,神戸市垂水区,本多聞２丁目３２番２６−４号,6550006
2140001105600,株式会社とんぼ,兵庫県,神戸市垂水区,西舞子７丁目１番８号,6550048
2140001105617,株式会社ゲニウス,兵庫県,神戸市垂水区,歌敷山３丁目５番５０号,6550037
2140001105633,株式会社阪神国本,兵庫県,神戸市垂水区,霞ヶ丘１丁目６番５５号,6550039
2140001105690,株式会社ガンドッグ,兵庫県,神戸市垂水区,神和台２丁目２番地の６,6550851
2140001106557,株式会社ＴＡＳＫ,兵庫県,神戸市垂水区,霞ケ丘７丁目４番３０−１０１号,6550039
2140001106615,つむら株式会社,兵庫県,神戸市垂水区,霞ケ丘１丁目２−３２,6550039
2140001107134,株式会社ＢＥＯＣＥＡＮＳ,兵庫県,神戸市垂水区,平磯４丁目３番２１号,6550892
2140001107729,カワベ企画株式会社,兵庫県,神戸市垂水区,神陵台９丁目１９番１９号,6550041
2140001107737,ＮＫ商事株式会社,兵庫県,神戸市垂水区,狩口台６丁目８番６−４０４号,6550049
2140001107794,アッシュ株式会社,兵庫県,神戸市垂水区,舞子台８丁目６−１舞子天野ビル２０３,6550046
2140001110451,羽生建設株式会社,兵庫県,神戸市垂水区,多聞台１丁目２番１０号,6550007
2140001111037,株式会社ｕｎｉ．ｆａ,兵庫県,神戸市垂水区,松風台２丁目５番４号２１１号室,6550871
2140001111359,株式会社ＳＪＴ,兵庫県,神戸市垂水区,多聞台５丁目６番１５号,6550007
2140001111557,株式会社Ａｎｙｓｉｓ,兵庫県,神戸市垂水区,天ノ下町１番１,6550029
2140001111929,株式会社コラゾン,兵庫県,神戸市垂水区,東垂水２丁目２２番３号,6550886
2140001113181,株式会社ジャパンビジネスクリエイト,兵庫県,神戸市垂水区,神陵台８丁目２番１号,6550041
2140001113669,株式会社安達設備工業,兵庫県,神戸市垂水区,高丸４丁目２番９号,6550016
2140001113818,株式会社Ｐｒｉｎｃｅ,兵庫県,神戸市垂水区,西舞子２丁目１３番２７号２Ｆ,6550048
2140001113875,株式会社ＫＩＡ,兵庫県,神戸市垂水区,舞子坂３丁目１番３号,6550044
2140001114080,神戸鍼灸針株式会社,兵庫県,神戸市垂水区,日向２丁目６番２９号,6550893
2140001114948,株式会社ＨＰＨ,兵庫県,神戸市垂水区,向陽２丁目６番１８号向陽センタービル１０３,6550012
2140001115236,株式会社スギモト工務店,兵庫県,神戸市垂水区,名谷町１９４９番地の１リブコートオリジン２０１１号,6550852
2140001115392,株式会社エステート明光,兵庫県,神戸市垂水区,下畑町字鳥ケ蔵山１８１５−３１,6550861
2140001115517,株式会社ゴルウィス,兵庫県,神戸市垂水区,舞多聞西４丁目３番３号,6550051
2140001115582,エクステリア帆株式会社,兵庫県,神戸市垂水区,朝谷町１４番地の４,6550862
2140001116184,ＩＤＥ株式会社,兵庫県,神戸市垂水区,星が丘１丁目２番２５号,6550032
2140001117323,株式会社ｃｌａｐ,兵庫県,神戸市垂水区,神田町２番２４号,6550027
2140001117439,株式会社ＢＥＳＴサービス,兵庫県,神戸市垂水区,星陵台１丁目４番２４−１号,6550038
2140001117455,株式会社Ｙ’ｓカンパニー,兵庫県,神戸市垂水区,青山台５丁目２番３０−３０９号,6550873
2140001118494,ユクビューシンク株式会社,兵庫県,神戸市垂水区,星陵台１丁目５番２８号,6550038
2140001119369,Ｍ＆Ｙ株式会社,兵庫県,神戸市垂水区,潮見が丘１丁目１番１４号,6550005
2140001119600,株式会社Ａ．Ｒ．ＴＬＡＢＯ,兵庫県,神戸市垂水区,向陽２丁目６番２６パレス向陽２０１号,6550012
2140001119740,株式会社ＢＡＳＥ−Ｒ,兵庫県,神戸市垂水区,学が丘１丁目１２番１１号,6550004
2140001120021,株式会社神戸ヘルスアンドケア,兵庫県,神戸市垂水区,多聞台３丁目６番１１号,6550007
2140001120483,株式会社ＦＣＴ,兵庫県,神戸市垂水区,泉が丘１丁目５番１６号,6550885
2140001120509,サンディアマンテ株式会社,兵庫県,神戸市垂水区,塩屋北町１丁目２２−１,6550863
2140001121226,Ｙ．Ｔエンジニア株式会社,兵庫県,神戸市垂水区,上高丸３丁目１番２７−６１９号,6550017
2140001121795,株式会社シングウ,兵庫県,神戸市垂水区,星陵台３丁目４番１−３０８,6550038
2140001122265,株式会社Ｌｏｗｂｉｔ,兵庫県,神戸市垂水区,塩屋台２丁目１１番３−３０１号,6550864
2140001122315,株式会社Ｃｏｖｖｙ,兵庫県,神戸市垂水区,小束山６丁目８番地の１,6550002
2140001122744,株式会社ｅｃｏＲ,兵庫県,神戸市垂水区,南多聞台６丁目１０番３号,6550043
2140001123148,ＭＹ株式会社,兵庫県,神戸市垂水区,五色山１丁目２番１６号,6550035
2140001123214,株式会社Ａｉｏｌｉｔｅ,兵庫県,神戸市垂水区,西舞子５丁目２番１１号,6550048
2140001123511,株式会社ｉｙｉスクール,兵庫県,神戸市垂水区,神陵台３丁目二番明舞北センタービル１−７０７,6550041
2140001123577,西近畿文化財株式会社,兵庫県,神戸市垂水区,清玄町２１番地の７,6550865
2140001124393,株式会社ＫＩＬＩＧ,兵庫県,神戸市垂水区,舞多聞東２丁目５番１８号,6550052
2140001124443,株式会社Ｇ−ｇｒｏｕｐ,兵庫県,神戸市垂水区,学が丘４丁目２２番４８号ハイツニュー多聞１Ｆ,6550004
2140001124682,株式会社西盛,兵庫県,神戸市垂水区,神陵台５丁目２２番８号,6550041
2140001125846,日本東勝競売株式会社,兵庫県,神戸市垂水区,千鳥が丘１丁目１番１１−３号,6550011
2140001125961,株式会社アキラッチ,兵庫県,神戸市垂水区,塩屋町３丁目２３番５号,6550872
2140001126217,株式会社Ｌｉｍｏ,兵庫県,神戸市垂水区,潮見が丘１丁目８番８号,6550005
2140001126316,株式会社イービス,兵庫県,神戸市垂水区,小束山２丁目１７番地の３,6550002
2140001126506,株式会社ＢＡＲＢＥＬＬ,兵庫県,神戸市垂水区,小束山６丁目７番地の８,6550002
2140001127090,株式会社あかさき工業,兵庫県,神戸市垂水区,大町４丁目７番２４号,6550014
2140001127207,株式会社中野電設,兵庫県,神戸市垂水区,狩口台７丁目１８番１号,6550049
2140001127272,株式会社エクセルフェア,兵庫県,神戸市垂水区,福田１丁目９−２４−２,6550013
2140001128535,株式会社ｉｂｉｓ,兵庫県,神戸市垂水区,泉が丘５丁目１２−２５オネスティ３−２０１,6550885
2140001129319,株式会社クルール,兵庫県,神戸市垂水区,舞子台６丁目１２番２５号,6550046
2140001129500,株式会社本田興業,兵庫県,神戸市垂水区,本多聞２丁目２７番１２−２号,6550006
2140001130516,株式会社ＳＡｉＬ,兵庫県,神戸市垂水区,五色山７丁目５番３号ストラタハウス５号,6550035
2140001130581,株式会社ＹｏＳｏＭｏ,兵庫県,神戸市垂水区,桃山台２丁目１１８８番地の８３,6550854
2140001130697,株式会社まるく,兵庫県,神戸市垂水区,桃山台６丁目１５番地の１４,6550854
2140001130961,株式会社金成金属,兵庫県,神戸市垂水区,下畑町１８７７番３８,6550861
2140001130994,株式会社さな亭,兵庫県,神戸市垂水区,舞子台２丁目５−３２舞子公園パークハイム５０５,6550046
2140001131290,Ｍ＆Ｓ株式会社,兵庫県,神戸市垂水区,潮見が丘１丁目７番１２−５１０号,6550005
2140001131357,株式会社ＦＵＪＩＴＯＫＵ,兵庫県,神戸市垂水区,上高丸１丁目１番３号,6550017
2140001132685,株式会社キープノーブル,兵庫県,神戸市垂水区,高丸８丁目４番３９号,6550016
2140001132990,株式会社ａｔ　ｗｉｌｌ,兵庫県,神戸市垂水区,多聞町８６８番地の１２８４,6550001
2140001133502,ケイアイ建創株式会社,兵庫県,神戸市垂水区,乙木１丁目１０番７−３０８号,6550882
2140001134310,株式会社ポラリス,兵庫県,神戸市垂水区,舞多聞西３丁目１番１０号,6550051
2140001134426,株式会社リテラシー,兵庫県,神戸市垂水区,桃山台３丁目１６番地の１６,6550854
2140001134995,ＦＵＪＩグローバル人財ＪＡＰＡＮ株式会社,兵庫県,神戸市垂水区,乙木１丁目１０−３−２０１,6550882
2140001135192,雅株式会社,兵庫県,神戸市垂水区,塩屋町２丁目２番３０号,6550872
2140001135523,七宝株式会社,兵庫県,神戸市垂水区,狩口台７丁目１５−４７,6550049
2140001136249,株式会社ゆかちん,兵庫県,神戸市垂水区,舞多聞西８丁目５番２６号,6550051
2140001136736,クロヌドゥール・レソール株式会社,兵庫県,神戸市垂水区,坂上３丁目２番５号,6550895
2140001136950,株式会社スギタ技研,兵庫県,神戸市垂水区,本多聞２丁目１０番６号白峯グランドハイツＩＩ１０３号,6550006
2140001137486,株式会社マツオ塗装店,兵庫県,神戸市垂水区,舞子坂３丁目７番５０号,6550044
2140001137503,ＳＲコネクト株式会社,兵庫県,神戸市垂水区,千代が丘２丁目４番２３−１０５号,6550018
2140001138476,株式会社Ｔｒｙ‐Ｒｔｅｃ,兵庫県,神戸市垂水区,千鳥が丘３丁目１７番２１号,6550011
2140001138880,モトマネジメント株式会社,兵庫県,神戸市垂水区,舞子台８丁目４番１号,6550046
2140001139739,Ｂａｓｅｍｅｎｔ　Ｅｎｔｅｒｐｒｉｓｅ株式会社,兵庫県,神戸市垂水区,塩屋町字大谷６６６番地の１日宝アドニス塩屋２０３号,6550872
2140001140283,株式会社Ｉｎｃｒｅａｓｅｄ　Ｆａｒｍ,兵庫県,神戸市垂水区,名谷町１５７９番地,6550852
2140002006500,株式会社ＨＩＲＡＹＡＭＡ,兵庫県,神戸市垂水区,泉が丘５丁目１２番２０号,6550885
2140002026985,株式会社フィースト,兵庫県,神戸市垂水区,北舞子４丁目９番４６号,6550045
2150001004628,株式会社アクティー,兵庫県,神戸市垂水区,霞ヶ丘５丁目２番２１号,6550039
3010401098357,株式会社ＺＩＰＡＮＧ,兵庫県,神戸市垂水区,平磯３丁目４番１０号,6550892
3011001097170,株式会社リビングザグットライフ,兵庫県,神戸市垂水区,舞多聞西１丁目３番１１号,6550051
3011001133173,エンジョイブ株式会社,兵庫県,神戸市垂水区,本多聞３丁目６番９号垂水本多聞ライゼホビー５号室,6550006
3011101068476,Ｆｅｎｉｘ　Ｔｏｙ株式会社,兵庫県,神戸市垂水区,天ノ下町１−１ウエステ垂水３１３,6550029
3020001155516,ｉｋｉｒｉ株式会社,兵庫県,神戸市垂水区,塩屋町６丁目１−８高尾台ハイツ７０５,6550872
3021001073550,株式会社ＲＥ,兵庫県,神戸市垂水区,塩屋北町４丁目２２番４号,6550863
3030001148849,光晴マネジメントパートナーズ株式会社,兵庫県,神戸市垂水区,名谷町８４３番,6550852
3040001073344,株式会社ＺＥＲＯ建設,兵庫県,神戸市垂水区,神和台１丁目１６番地の３,6550851
3120001154466,株式会社雅映堂,兵庫県,神戸市垂水区,青山台２丁目９番１５号,6550873
3120001232858,株式会社アップワン,兵庫県,神戸市垂水区,舞子坂３丁目１７番２号奥の池ハイム２０１号,6550044
3120001251965,株式会社Ｇａｌａｘｙ,兵庫県,神戸市垂水区,下畑町１９７９,6550861
3120001260388,株式会社堀川商事,兵庫県,神戸市垂水区,下畑町字木之下８９４,6550861
3120101064821,株式会社ヒーローズワーク,兵庫県,神戸市垂水区,本多聞１丁目２２番３８号,6550006
3130001004422,クオドラント株式会社,兵庫県,神戸市垂水区,霞ヶ丘４丁目１番３９−１,6550039
3140001001625,株式会社サンマート,兵庫県,神戸市垂水区,上高丸３丁目１番１号,6550017
3140001004867,神明観光株式会社,兵庫県,神戸市垂水区,本多聞１丁目１１番１８号,6550006
3140001004982,株式会社宗味,兵庫県,神戸市垂水区,名谷町字室山１４００番地１４８ホワイトヒル２０３号,6550852
3140001005725,アイオイ設備工業株式会社,兵庫県,神戸市垂水区,下畑町字清玄作山５５０番地の５０,6550861
3140001006186,株式会社井上油店,兵庫県,神戸市垂水区,塩屋町１丁目５−１１−７０３,6550872
3140001007358,株式会社ケイ・グレース,兵庫県,神戸市垂水区,青山台８丁目１番２５−１４０２号,6550873
3140001007820,株式会社サン広告社,兵庫県,神戸市垂水区,本多聞６丁目１３番３２号,6550006
3140001008414,島谷興業株式会社,兵庫県,神戸市垂水区,西舞子１丁目５−１９,6550048
3140001008496,株式会社昭和運送店,兵庫県,神戸市垂水区,本多聞６丁目１０番８号,6550006
3140001010808,岡松産業株式会社,兵庫県,神戸市垂水区,下畑町２０４５−２,6550861
3140001012201,株式会社日本建設コンサルタント,兵庫県,神戸市垂水区,小束山本町２丁目１０番２１号,6550003
3140001012382,株式会社アイワ電設,兵庫県,神戸市垂水区,青山台２丁目１８番２２号,6550873
3140001013653,株式会社寺田塗装工業所,兵庫県,神戸市垂水区,高丸３丁目６−５,6550016
3140001013694,東洋ハイメック株式会社,兵庫県,神戸市垂水区,青山台８丁目１−２５−７０９,6550873
3140001013793,成迫梱包株式会社,兵庫県,神戸市垂水区,学が丘３丁目４番１−４０７号,6550004
3140001014486,吉岡産業株式会社,兵庫県,神戸市垂水区,学が丘１丁目１３番１２号,6550004
3140001015245,株式会社ときわや貸衣裳店,兵庫県,神戸市垂水区,宮本町５番１号わたつみ会館内,6550028
3140001016061,株式会社國分商会,兵庫県,神戸市垂水区,桃山台４丁目３番地の５,6550854
3140001016177,新栄物流株式会社,兵庫県,神戸市垂水区,名谷町字横尾１７８７番地１,6550852
3140001017167,株式会社神戸パトロール警備保障,兵庫県,神戸市垂水区,宮本町１番２６号,6550028
3140001017786,株式会社ｓｗｉｔｃｈ,兵庫県,神戸市垂水区,桃山台３丁目２２番地の５,6550854
3140001018149,株式会社青弘組,兵庫県,神戸市垂水区,名谷町字寺池１５０８番地サンシヤイングレート名谷３０３号,6550852
3140001018231,株式会社エス・エヌ・エム,兵庫県,神戸市垂水区,神和台１丁目１２番地の７,6550851
3140001018248,株式会社おおかわ,兵庫県,神戸市垂水区,平磯１丁目１番５２号,6550892
3140001018256,株式会社大室明治也,兵庫県,神戸市垂水区,西舞子２丁目１０番３１号,6550048
3140001018264,株式会社オトックス,兵庫県,神戸市垂水区,神和台３丁目９番地２,6550851
3140001018272,株式会社関医協ゼミナール総本部,兵庫県,神戸市垂水区,瑞ケ丘３番６号,6550025
3140001018280,関西商事株式会社,兵庫県,神戸市垂水区,城が山３丁目５番２号,6550884
3140001018306,株式会社アジアワークス,兵庫県,神戸市垂水区,清玄町２５番地の７,6550865
3140001018314,株式会社木下水産,兵庫県,神戸市垂水区,神田町７番８号,6550027
3140001018330,極東技研工業株式会社,兵庫県,神戸市垂水区,星が丘３丁目８番２２号,6550032
3140001018339,窪田工業株式会社,兵庫県,神戸市垂水区,塩屋町４丁目４番１２号,6550872
3140001018396,三洸興業株式会社,兵庫県,神戸市垂水区,下畑町２４２番地,6550861
3140001018413,株式会社三戸,兵庫県,神戸市垂水区,美山台２丁目１５番２１号,6550874
3140001018438,株式会社新栄工務店,兵庫県,神戸市垂水区,下畑町字石畳１０５９番地の８,6550861
3140001018446,塩屋土地株式会社,兵庫県,神戸市垂水区,青山台１丁目２２番１号,6550873
3140001018454,株式会社神興ユニフオーム,兵庫県,神戸市垂水区,名谷町字権行司１０５０番地の３,6550852
3140001018462,株式会社新樹園,兵庫県,神戸市垂水区,名谷町字中坊４７番地の１,6550852
3140001018470,株式会社神盟,兵庫県,神戸市垂水区,南多聞台３丁目６番２７号,6550043
3140001018479,アストライズ株式会社,兵庫県,神戸市垂水区,下畑町字雲星４９８番地の２,6550861
3140001018495,昭和工業株式会社,兵庫県,神戸市垂水区,清水が丘１丁目１０番３号,6550031
3140001018512,株式会社住金,兵庫県,神戸市垂水区,狩口台７丁目５番１０号太陽ハイツ５０９号,6550049
3140001018537,第一興商株式会社,兵庫県,神戸市垂水区,星陵台５丁目１０番８号第一前原ビル,6550038
3140001018586,株式会社タロー,兵庫県,神戸市垂水区,狩口台７丁目１０番１０号,6550049
3140001018603,株式会社地産興業,兵庫県,神戸市垂水区,多聞町字小束山８６８番地７５８,6550001
3140001018636,株式会社東洋冷凍設備製作所,兵庫県,神戸市垂水区,桃山台６丁目１１番地の１,6550854
3140001018660,中村商事株式会社,兵庫県,神戸市垂水区,平磯４丁目４番１９号,6550892
3140001018669,西芝田商事株式会社,兵庫県,神戸市垂水区,塩屋町３丁目４番１２号,6550872
3140001018693,株式会社ハウジング尾田,兵庫県,神戸市垂水区,西舞子２丁目１４番７号,6550048
3140001018710,林興産株式会社,兵庫県,神戸市垂水区,下畑町２１３９番地,6550861
3140001018719,春名建設株式会社,兵庫県,神戸市垂水区,舞子坂３丁目１７番２号,6550044
3140001018727,株式会社ヒシヤ食品,兵庫県,神戸市垂水区,旭が丘２丁目１番１０号,6550033
3140001018735,ビヨンド株式会社,兵庫県,神戸市垂水区,本多聞２丁目２０番１８号,6550006
3140001018743,株式会社フィッシャーマンズワーフ神戸,兵庫県,神戸市垂水区,本多聞４丁目１番２５８号,6550006
3140001018768,株式会社フジヤ,兵庫県,神戸市垂水区,旭が丘３丁目１５番５３号,6550033
3140001018776,株式会社古川通商,兵庫県,神戸市垂水区,日向２丁目６番１８号,6550893
3140001018801,株式会社舞子石井造園,兵庫県,神戸市垂水区,西舞子１丁目４番８号,6550048
3140001018818,株式会社松阪商店,兵庫県,神戸市垂水区,西舞子２丁目３番２６号,6550048
3140001018826,株式会社マルセ住宅サービス,兵庫県,神戸市垂水区,王居殿２丁目７番１６号,6550883
3140001018834,マルヨシ物産株式会社,兵庫県,神戸市垂水区,城が山２丁目１０番１−３０３号,6550884
3140001018842,株式会社ハートフィールド,兵庫県,神戸市垂水区,舞子台２丁目９番５号ミサキ第１ビル,6550046
3140001018850,株式会社ミツワ,兵庫県,神戸市垂水区,川原３丁目２番１７号,6550894
3140001018867,株式会社ミヤモト電器,兵庫県,神戸市垂水区,学が丘４丁目１１番２号,6550004
3140001018891,株式会社ヤスダ,兵庫県,神戸市垂水区,舞子台６丁目１番８号,6550046
3140001018909,株式会社友愛興業,兵庫県,神戸市垂水区,下畑町字下代１３７番地,6550861
3140001018917,養畑酒類販売株式会社,兵庫県,神戸市垂水区,上高丸１丁目２番７号,6550017
3140001018941,菱和工業株式会社,兵庫県,神戸市垂水区,下畑町字上口８６６番地の１,6550861
3140001018958,神戸コンフォーム株式会社,兵庫県,神戸市垂水区,西脇１丁目１番２８号,6550042
3140001018966,株式会社神戸設備,兵庫県,神戸市垂水区,星陵台８丁目１３番５号,6550038
3140001018974,株式会社神戸ホーム,兵庫県,神戸市垂水区,旭が丘１丁目１番３号,6550033
3140001018982,日本拓地廉譲株式会社,兵庫県,神戸市垂水区,城が山１丁目７番３−４０４号,6550884
3140001019072,淡路フエリーボート株式会社,兵庫県,神戸市垂水区,青山台１丁目２２番１号,6550873
3140001019163,株式会社オザカ,兵庫県,神戸市垂水区,潮見が丘１丁目５番２３−７０１号,6550005
3140001019931,青山建設株式会社,兵庫県,神戸市垂水区,塩屋北町３丁目７番９号,6550863
3140001020146,株式会社マックスジャパン,兵庫県,神戸市垂水区,清玄町１６番地の３,6550865
3140001020674,株式会社ヴィーヴル,兵庫県,神戸市垂水区,桃山台５丁目２５番地の１,6550854
3140001020856,株式会社リペアー,兵庫県,神戸市垂水区,潮見が丘１丁目１番１５−８０７号,6550005
3140001021202,株式会社キャンパス,兵庫県,神戸市垂水区,瑞ケ丘９−９,6550025
3140001021251,株式会社ヴォルテック,兵庫県,神戸市垂水区,海岸通５−４２−３０５,6550036
3140001021482,株式会社ジーピーインターナショナル,兵庫県,神戸市垂水区,霞ケ丘６丁目１番３５号,6550039
3140001021953,株式会社エイプリルガーデン,兵庫県,神戸市垂水区,神和台１丁目２１番地の２４,6550851
3140001022142,株式会社サンウッド,兵庫県,神戸市垂水区,舞多聞西６丁目１番３号,6550051
3140001022274,株式会社ハマソー保険,兵庫県,神戸市垂水区,舞子台５丁目１番５号,6550046
3140001022555,株式会社マリンコーポレーション,兵庫県,神戸市垂水区,五色山４丁目１７番２２号,6550035
3140001023248,井植グループ本社株式会社,兵庫県,神戸市垂水区,青山台１丁目２２番１号,6550873
3140001024576,ウェルフェア株式会社,兵庫県,神戸市垂水区,本多聞２丁目１２番３０号ハイデンス多聞２０３号,6550006
3140001025120,結婚市場株式会社,兵庫県,神戸市垂水区,塩屋北町１丁目１３番１−１０１号,6550863
3140001025327,株式会社グリーン建築,兵庫県,神戸市垂水区,つつじが丘５丁目８番地の１０,6550853
3140001025376,株式会社建築カナダ,兵庫県,神戸市垂水区,下畑町字坂口７３４番５号,6550861
3140001025500,株式会社ベルアート,兵庫県,神戸市垂水区,本多聞３丁目９番７号,6550006
3140001025525,サンエイテック株式会社,兵庫県,神戸市垂水区,つつじが丘２丁目２０番地の１１,6550853
3140001025599,株式会社ｎａｐｐｌｅ,兵庫県,神戸市垂水区,神陵台８丁目１−９新和ビル２Ｂ,6550041
3140001026325,株式会社トップエナジー,兵庫県,神戸市垂水区,清玄町２２番地の１１,6550865
3140001026382,ＢＵＩ’Ｓ　Ｃｏ．株式会社,兵庫県,神戸市垂水区,仲田２丁目１番４４号サンシャイン小林１０３号室,6550034
3140001026630,株式会社クリエイトキューブ,兵庫県,神戸市垂水区,海岸通９番６５−６０１号,6550036
3140001026944,株式会社楠見商会,兵庫県,神戸市垂水区,下畑町字向井４５２番地,6550861
3140001027199,株式会社ＮＹコーポレーション,兵庫県,神戸市垂水区,多聞台１丁目１０番２０−１０１号,6550007
3140001027430,Ｌｏｇｏ・ｓｔｙｌｅ株式会社,兵庫県,神戸市垂水区,名谷町３１４０番地の１,6550852
3140001027521,公陽ホーム株式会社,兵庫県,神戸市垂水区,神陵台３丁目２番１−１０,6550041
3140001027554,株式会社シンユウフーヅ,兵庫県,神戸市垂水区,小束山本町４丁目４番１−１３１１号,6550003
3140001027620,株式会社ミッション,兵庫県,神戸市垂水区,小束山本町３丁目２番２１号,6550003
3140001027678,株式会社神戸垂水福祉会,兵庫県,神戸市垂水区,福田２丁目３番１６号,6550013
3140001027703,緑都庭芸株式会社,兵庫県,神戸市垂水区,南多聞台４丁目３−１３,6550043
3140001027802,株式会社サクセス・ワン,兵庫県,神戸市垂水区,清水が丘１丁目１９番２号,6550031
3140001028957,株式会社真彩,兵庫県,神戸市垂水区,本多聞５丁目１番２,6550006
3140001028965,株式会社ジョインフォース,兵庫県,神戸市垂水区,仲田１丁目１番３号,6550034
3140001029212,北斗株式会社,兵庫県,神戸市垂水区,北舞子４丁目１０−２５,6550045
3140001029220,Ｅｎｔｏｐａ株式会社,兵庫県,神戸市垂水区,天ノ下町１番１号ウエステ垂水２０７,6550029
3140001029600,株式会社山先石材,兵庫県,神戸市垂水区,舞子坂３丁目５番７号,6550044
3140001030772,株式会社ランド,兵庫県,神戸市垂水区,舞多聞西７丁目３番３号,6550051
3140001030905,株式会社サン・コーポレーション,兵庫県,神戸市垂水区,海岸通７−１−５０１,6550036
3140001031754,ＲＨプランニング株式会社,兵庫県,神戸市垂水区,本多聞１丁目１番１８−１０１号,6550006
3140001031886,株式会社みすぎ,兵庫県,神戸市垂水区,塩屋北町１丁目１６番２号,6550863
3140001032091,株式会社慶松,兵庫県,神戸市垂水区,名谷町１０３６番地の１,6550852
3140001032100,株式会社えぬコーポレーション,兵庫県,神戸市垂水区,乙木１丁目１０番３−３０４号,6550882
3140001032496,株式会社ダイヤモンドクラブ,兵庫県,神戸市垂水区,塩屋町３丁目２５番６−４０２号,6550872
3140001032521,株式会社隆昌,兵庫県,神戸市垂水区,桃山台３丁目１１番地の７,6550854
3140001032785,株式会社Ｕｎｄｅｒｓｔａｎｄ,兵庫県,神戸市垂水区,旭が丘１丁目９番１７号,6550033
3140001032892,株式会社Ｗｅｓｔ　Ｈｉｌｌ　Ｉｎｔｅｒｎａｔｉｏｎａｌ,兵庫県,神戸市垂水区,神田町２番３号青木ビル２Ｆ,6550027
3140001032983,四代総合開発株式会社,兵庫県,神戸市垂水区,西舞子２丁目４番２号,6550048
3140001033263,株式会社ウッドホーム,兵庫県,神戸市垂水区,桃山台３丁目２２番１９号,6550854
3140001033362,株式会社ジュディプ,兵庫県,神戸市垂水区,東垂水３丁目８番２号,6550886
3140001033552,株式会社プティ・タ・プティ,兵庫県,神戸市垂水区,西舞子８丁目２０番３２号,6550048
3140001033957,株式会社東亜永田製缶,兵庫県,神戸市垂水区,神陵台８丁目８番１４号,6550041
3140001034014,アイリスコンサルティング株式会社,兵庫県,神戸市垂水区,天ノ下町１番１−１１０号,6550029
3140001034311,株式会社阪神人材,兵庫県,神戸市垂水区,西舞子２丁目１０番１５号クレスタ舞子,6550048
3140001034360,株式会社和樂,兵庫県,神戸市垂水区,名谷町１４００番地の５１,6550852
3140001036935,株式会社西神戸住建,兵庫県,神戸市垂水区,本多聞１丁目２０番１２−１０３号,6550006
3140001038205,神興株式会社,兵庫県,神戸市垂水区,千鳥が丘２丁目６−１５,6550011
3140001042314,株式会社聡和電気,兵庫県,神戸市垂水区,舞多聞西１丁目１２番９号,6550051
3140001047164,株式会社オノゴロ,兵庫県,神戸市垂水区,星陵台５丁目７−７−２,6550038
3140001047197,株式会社ユニゾンジャパン,兵庫県,神戸市垂水区,神陵台８丁目１番２６号,6550041
3140001057312,ファインラボ株式会社,兵庫県,神戸市垂水区,大町５丁目５番２７号,6550014
3140001057320,オーエムウエイング株式会社,兵庫県,神戸市垂水区,高丸４丁目３番２２号,6550016
3140001067575,株式会社スターヒルズ,兵庫県,神戸市垂水区,星が丘１丁目４番３９号,6550032
3140001067708,株式会社アドポリ,兵庫県,神戸市垂水区,霞ケ丘６丁目８番３４−３０５号,6550039
3140001077764,Ｂ＆Ｂライフケアサービス株式会社,兵庫県,神戸市垂水区,城が山１丁目１３番１５号,6550884
3140001083754,株式会社レジデンシャルプロポーザー,兵庫県,神戸市垂水区,霞ケ丘６丁目４番１５号,6550039
3140001086468,オノエ家具株式会社,兵庫県,神戸市垂水区,北舞子３丁目５番８号,6550045
3140001086798,株式会社Ｖａｌｌｅ　Ｂｉａｎｃａ,兵庫県,神戸市垂水区,松風台２丁目５番ジェームス山ヒルズ３番館１１０４号,6550871
3140001088126,株式会社臨床開発メディカルサポート,兵庫県,神戸市垂水区,神和台１丁目１１番地の８,6550851
3140001088448,株式会社ラビッツ,兵庫県,神戸市垂水区,五色山４丁目１３番３６号,6550035
3140001089041,株式会社ハッピークロイツ,兵庫県,神戸市垂水区,名谷町字寺池１４８１番地の２１,6550852
3140001089099,株式会社キュア・トラスト,兵庫県,神戸市垂水区,多聞台２丁目１７番２０号,6550007
3140001089776,株式会社吉田設備工業,兵庫県,神戸市垂水区,朝谷町４番７号,6550862
3140001091154,株式会社ハイ．クリエーション,兵庫県,神戸市垂水区,神陵台５丁目３番２０号,6550041
3140001091253,株式会社イマジラボ,兵庫県,神戸市垂水区,朝谷町２１番地の８,6550862
3140001092169,株式会社Ｍ’Ｓ,兵庫県,神戸市垂水区,桃山台２丁目１７２０番地の１６、４号室,6550854
3140001092375,株式会社Ｍａｇｎｏｌｉａ,兵庫県,神戸市垂水区,本多聞２丁目１０番２３号,6550006
3140001093547,株式会社ＳＡＬＯＮ　ＤＥ　ＫＯＢＥ,兵庫県,神戸市垂水区,大町４丁目５−１９ブリエ大町ＩＩ,6550014
3140001093745,株式会社イーストアーズ,兵庫県,神戸市垂水区,五色山４丁目２０番１８号,6550035
3140001093893,株式会社ｆｉｅｌｄ　ｅｉｇｈｔ,兵庫県,神戸市垂水区,塩屋台３丁目３番１５号,6550864
3140001094157,株式会社コアケアサービス,兵庫県,神戸市垂水区,舞多聞西７丁目２１番３号,6550051
3140001094396,株式会社ミワコーポレーション,兵庫県,神戸市垂水区,西舞子６丁目３番７０−３０７号,6550048
3140001095840,株式会社ペガサス企画,兵庫県,神戸市垂水区,舞子坂２丁目４番２０号,6550044
3140001096104,株式会社播友,兵庫県,神戸市垂水区,松風台２丁目５−３−１４０９,6550871
3140001097812,株式会社リエゾン薬局,兵庫県,神戸市垂水区,馬場通８番１３号,6550021
3140001097928,株式会社Ｔ・コーポレーション,兵庫県,神戸市垂水区,平磯４丁目５−５−６０２,6550892
3140001099577,三宮不動産レジデンシャル株式会社,兵庫県,神戸市垂水区,舞多聞東３丁目７番８号,6550052
3140001100212,株式会社仁涼,兵庫県,神戸市垂水区,学が丘３丁目４番１−２０７号,6550004
3140001101557,日本技術マネジメント株式会社,兵庫県,神戸市垂水区,上高丸１丁目７番Ｄ−２０５号,6550017
3140001101598,ＲＥＤ株式会社,兵庫県,神戸市垂水区,王居殿３丁目２３−２２,6550883
3140001101623,株式会社フォレスト訪問看護ステーション,兵庫県,神戸市垂水区,旭が丘２丁目３番２号,6550033
3140001101821,株式会社センターリバー,兵庫県,神戸市垂水区,山手７丁目５番１号,6550891
3140001101978,株式会社Ｊｏ,兵庫県,神戸市垂水区,宮本町１番２８号,6550028
3140001102489,株式会社アトリエ神戸,兵庫県,神戸市垂水区,星陵台５丁目１１番１２号,6550038
3140001102695,株式会社サンキテック,兵庫県,神戸市垂水区,小束山本町１丁目４番６号,6550003
3140001102803,新生テック株式会社,兵庫県,神戸市垂水区,名谷町字押戸３２２番地の３,6550852
3140001103545,株式会社ウガ・インターナショナル,兵庫県,神戸市垂水区,名谷町３１７３番地セントポリア神戸運動公園３２２号,6550852
3140001103850,株式会社Ｓｈａｒｅ,兵庫県,神戸市垂水区,下畑町字谷川２０８５番１,6550861
3140001104691,株式会社ユタカ,兵庫県,神戸市垂水区,旭が丘１丁目３番２８−３０１号,6550033
3140001105070,株式会社心結,兵庫県,神戸市垂水区,松風台２丁目１番１−２０８号,6550871
3140001106184,北原ビル株式会社,兵庫県,神戸市垂水区,塩屋町６丁目３４番５号,6550872
3140001106671,株式会社ｗａｖｅｈｏｌｉｃ,兵庫県,神戸市垂水区,狩口台７丁目１５番４１号,6550049
3140001106696,株式会社ひまわり,兵庫県,神戸市垂水区,小束山本町２丁目２−３,6550003
3140001107819,株式会社アークソリューション,兵庫県,神戸市垂水区,高丸２丁目６番７号,6550016
3140001108882,株式会社モード・ア・レーズ,兵庫県,神戸市垂水区,学が丘７丁目５番３号,6550004
3140001109039,株式会社ＭＡＳＡＹＡ,兵庫県,神戸市垂水区,狩口台６丁目５番３４号,6550049
3140001109096,５ＳＴＡＲ　ＨＯＭＥ株式会社,兵庫県,神戸市垂水区,南多聞台３丁目６番３０号,6550043
3140001109451,株式会社ケイアンドエイアセット,兵庫県,神戸市垂水区,平磯３丁目４番１０号,6550892
3140001109591,株式会社Ｈ＆Ｓ,兵庫県,神戸市垂水区,舞多聞西３丁目１１番１１号,6550051
3140001110277,株式会社アイワ,兵庫県,神戸市垂水区,下畑町５１１−１,6550861
3140001110483,株式会社エース・エイム,兵庫県,神戸市垂水区,星が丘１丁目４番６４−２号,6550032
3140001110509,株式会社笑福屋,兵庫県,神戸市垂水区,東舞子町６番１６−５１１,6550047
3140001110707,株式会社ｓａｔｏ,兵庫県,神戸市垂水区,東舞子町１０番１−１５０８号,6550047
3140001110756,株式会社藤式,兵庫県,神戸市垂水区,千鳥が丘３丁目２２番１６−５０１号,6550011
3140001111432,株式会社松本,兵庫県,神戸市垂水区,名谷町１２９３番地の１,6550852
3140001111911,株式会社ａｔｅｌｉｅｒ　ＳＵＢＡＣＯ,兵庫県,神戸市垂水区,本多聞２丁目３４番１８号,6550006
3140001113156,株式会社マスタードリフォーム,兵庫県,神戸市垂水区,神陵台８丁目１−９,6550041
3140001114047,株式会社ＵＰＫＥＥＰ,兵庫県,神戸市垂水区,桃山台７丁目１２３７番地の４９,6550854
3140001114121,株式会社カワエンタープライズ,兵庫県,神戸市垂水区,南多聞台３丁目８番１９,6550043
3140001115689,株式会社ＥＮ＆ＷＡ,兵庫県,神戸市垂水区,舞多聞西３丁目１番６号,6550051
3140001115788,株式会社Ｍ・Ｙ空調設備サービス,兵庫県,神戸市垂水区,名谷町字猿倉２７６番地３,6550852
3140001115796,関西物産株式会社,兵庫県,神戸市垂水区,千鳥が丘３丁目８番８号,6550011
3140001115912,株式会社Ｍａｘｉｌｉｎｅ,兵庫県,神戸市垂水区,東舞子町１０番１号ティオ舞子７Ｆ,6550047
3140001116233,株式会社ｈｏｍｅ　ｃａｆｅ,兵庫県,神戸市垂水区,歌敷山１丁目３番１２号歌敷山ファーストヒルズ５０１号室,6550037
3140001116605,株式会社柏木技術研究所,兵庫県,神戸市垂水区,本多聞１丁目１０番２７号,6550006
3140001116670,株式会社神陵台文化センター,兵庫県,神戸市垂水区,神陵台７丁目１３番２０号,6550041
3140001117231,株式会社境界測量,兵庫県,神戸市垂水区,東垂水町字菅ノ口６２６−４,6550881
3140001117660,株式会社司電設,兵庫県,神戸市垂水区,塩屋北町４丁目１４番７号,6550863
3140001118394,株式会社ヒロ・オーク,兵庫県,神戸市垂水区,塩屋町６６７番地の５−６１７号,6550872
3140001119070,株式会社信繋,兵庫県,神戸市垂水区,高丸４丁目３番３８号,6550016
3140001119269,株式会社シェア・ジョイ,兵庫県,神戸市垂水区,南多聞台１丁目７番２６号,6550043
3140001119624,株式会社ＮＥＸＴ,兵庫県,神戸市垂水区,舞多聞西４丁目６番１３号,6550051
3140001122000,株式会社ＲＯＬＬＥ,兵庫県,神戸市垂水区,学が丘４丁目１０番２６号ネスト学が丘２０７号室,6550004
3140001122149,クリスタリア株式会社,兵庫県,神戸市垂水区,名谷町字北野屋敷３０４５番地の５,6550852
3140001123832,ｓｏｍａ株式会社,兵庫県,神戸市垂水区,狩口台６丁目５番２０−７０２号,6550049
3140001123873,株式会社リセナ,兵庫県,神戸市垂水区,星陵台１丁目４番３号星陵台ハイツ５０４,6550038
3140001124120,株式会社Ｌｉｂｅｒｔｅ,兵庫県,神戸市垂水区,西舞子６丁目１−７４,6550048
3140001124632,アライホールディングス株式会社,兵庫県,神戸市垂水区,下畑町字雲星４９８番地４８,6550861
3140001125052,株式会社ＲＩＳＥ　ＯＮＥ,兵庫県,神戸市垂水区,桃山台２丁目１２番１３−３０１,6550854
3140001126034,近畿システムエンジニアリング株式会社,兵庫県,神戸市垂水区,神陵台４丁目１番５２−５０４号,6550041
3140001126109,株式会社フェニックス,兵庫県,神戸市垂水区,塩屋町６丁目３３番１０号,6550872
3140001126166,株式会社ＡＲＳｍｉｌｅ,兵庫県,神戸市垂水区,名谷町１９４９番地の１−６１３号,6550852
3140001126232,株式会社やぐら,兵庫県,神戸市垂水区,多聞台２丁目１０−２,6550007
3140001126744,真工房株式会社,兵庫県,神戸市垂水区,桃山台２丁目９番地の１,6550854
3140001127692,株式会社ＹＴテック,兵庫県,神戸市垂水区,神陵台９丁目７番１７号,6550041
3140001127726,株式会社神戸ウエストセキュリティ,兵庫県,神戸市垂水区,神陵台２丁目３番２８−２０３号,6550041
3140001127742,株式会社エクステリアデザイン神戸,兵庫県,神戸市垂水区,下畑町字木之下８９４番地,6550861
3140001128443,インセンスコンサルティング株式会社,兵庫県,神戸市垂水区,平磯４丁目１−４スタイルキューブ３０１号室,6550892
3140001128773,フリースタイルホーム株式会社,兵庫県,神戸市垂水区,泉が丘５丁目１２番２５号,6550885
3140001129607,キイロイトリほけん株式会社,兵庫県,神戸市垂水区,大町５丁目１番５号,6550014
3140001129937,株式会社ブリッジクラフト,兵庫県,神戸市垂水区,舞子坂２丁目７番４４号,6550044
3140001130003,株式会社ハピネス・ホールド,兵庫県,神戸市垂水区,千鳥が丘３丁目２３番１０号,6550011
3140001130688,心グループ株式会社,兵庫県,神戸市垂水区,王居殿２丁目１３番４−１０７号,6550883
3140001131901,株式会社ＴＭＦ　ＩＮＳＩＧＨＴ,兵庫県,神戸市垂水区,松風台１丁目７番２８号,6550871
3140001132263,ニッケみらい建設株式会社,兵庫県,神戸市垂水区,名谷町２３０番地の６,6550852
3140001133708,株式会社ＷＭＨ,兵庫県,神戸市垂水区,南多聞台６丁目９番２号,6550043
3140001134648,株式会社八百太,兵庫県,神戸市垂水区,つつじが丘５丁目９番地の１７,6550853
3140001135613,株式会社ＬＡＵＬＥＡ,兵庫県,神戸市垂水区,桃山台３丁目４番１４号,6550854
3140001135687,株式会社Ｄｒａｐｅ,兵庫県,神戸市垂水区,学が丘１丁目１５番２８号,6550004
3140001136116,株式会社さんたか,兵庫県,神戸市垂水区,川原１丁目２番１８号,6550894
3140001136306,株式会社ＨＩＴ,兵庫県,神戸市垂水区,瑞ヶ丘９番９号,6550025
3140001136363,カイラス株式会社,兵庫県,神戸市垂水区,西舞子９丁目２１番３７号,6550048
3140001136405,株式会社ｄｏｔ　ｃｕｅ,兵庫県,神戸市垂水区,五色山５丁目８番２２−１号,6550035
3140001136421,株式会社ＥＭＩＤ,兵庫県,神戸市垂水区,五色山４丁目１５番６号,6550035
3140001137139,株式会社ノビシロ,兵庫県,神戸市垂水区,日向２丁目１番１号,6550893
3140001137527,株式会社ｔｒｙ　ａｉｄ　ｋｏｂｅ,兵庫県,神戸市垂水区,中道５丁目１番２６−１号,6550896
3140001138186,株式会社ＲＥＦＩＳＥ,兵庫県,神戸市垂水区,塩屋町３丁目１４番３９−１０８号,6550872
3140001139119,株式会社ジャストエル,兵庫県,神戸市垂水区,川原５丁目２番３−１０４号,6550894
3140001139168,株式会社川海,兵庫県,神戸市垂水区,桃山台３丁目６番地の１３,6550854
3140001139416,株式会社矢部正人建築設計事務所,兵庫県,神戸市垂水区,桃山台５丁目１４番地の１６,6550854
3140001139424,株式会社Ｒｏｕｔｅ,兵庫県,神戸市垂水区,舞多聞東２丁目４番１号,6550052
3140001139473,株式会社エール,兵庫県,神戸市垂水区,桃山台４丁目８番地の１１,6550854
3140001139606,株式会社仲田設備工業,兵庫県,神戸市垂水区,学が丘４丁目１１番１８号,6550004
3140001141413,未来エナジー株式会社,兵庫県,神戸市垂水区,高丸７丁目３番１０−６０６号,6550016
3140001142279,株式会社弥栄,兵庫県,神戸市垂水区,霞ケ丘７丁目１番１４号,6550039
3140002013041,フェラン神戸株式会社,兵庫県,神戸市垂水区,名谷町字入野７１４番１,6550852
3140002024914,株式会社グッドラック,兵庫県,神戸市垂水区,本多聞２丁目３２番８号,6550006
3140003004551,Ｚ．Ｚ．Ｂｉｚ．株式会社,兵庫県,神戸市垂水区,小束山本町２丁目２番３号,6550003
3140003007463,株式会社小名田屋商店,兵庫県,神戸市垂水区,星陵台４丁目３番４５−１１２４号,6550038
3140003018279,株式会社Ｌａｎｉｓｏａｒ,兵庫県,神戸市垂水区,星陵台８丁目１０番１１号,6550038
3150001017190,株式会社Ｓｅｅｄｓ,兵庫県,神戸市垂水区,多聞台２丁目１５番１６号,6550007
4010401126926,株式会社セミナーエリート,兵庫県,神戸市垂水区,星が丘３丁目６番３９号,6550032
4040001018538,株式会社平山大地,兵庫県,神戸市垂水区,五色山５丁目５番３−１０３号,6550035
4120001093762,株式会社南管財,兵庫県,神戸市垂水区,西舞子７丁目２３−２,6550048
4120001120772,フォワードハウジングソリューションズ株式会社,兵庫県,神戸市垂水区,潮見が丘１丁目１１番２７号,6550005
4120001142172,株式会社美・ロード,兵庫県,神戸市垂水区,名谷町１７３４番地の４１９,6550852
4120001192721,株式会社ＬＬＴ,兵庫県,神戸市垂水区,桃山台５丁目５番地の１２桃山台ベースＩ,6550854
4120001203536,ユーキックス株式会社,兵庫県,神戸市垂水区,学が丘２丁目１−４１０−２０１,6550004
4120003011771,株式会社ＳＯＡ,兵庫県,神戸市垂水区,小束台東８−１５,6550061
4120101032075,株式会社幸洋,兵庫県,神戸市垂水区,本多聞２丁目１２番１０−２０１号,6550006
4120901024395,大栄工業倉庫株式会社,兵庫県,神戸市垂水区,清玄町３１番地の８,6550865
4140001000964,株式会社味鉄,兵庫県,神戸市垂水区,星陵台５丁目３番２４号,6550038
4140001003042,岩木物産株式会社,兵庫県,神戸市垂水区,舞子台８丁目２１番１１号,6550046
4140001003348,コープ住宅株式会社,兵庫県,神戸市垂水区,福田３丁目２番１２号,6550013
4140001004610,株式会社カナテック,兵庫県,神戸市垂水区,桃山台１丁目５番地の１１,6550854
4140001005393,港工業株式会社,兵庫県,神戸市垂水区,霞ケ丘７丁目６番４号,6550039
4140001006904,株式会社総合計画童夢,兵庫県,神戸市垂水区,星陵台４丁目４番３１号,6550038
4140001007126,木村運輸株式会社,兵庫県,神戸市垂水区,本多聞６丁目１０番８号,6550006
4140001007142,株式会社協栄広告社,兵庫県,神戸市垂水区,桃山台３丁目２２番地の１１,6550854
4140001010559,株式会社福屋,兵庫県,神戸市垂水区,小束山本町１丁目１番１号,6550003
4140001011276,株式会社明峰,兵庫県,神戸市垂水区,多聞台４丁目１２番１０−７１１号,6550007
4140001011697,株式会社ラストワ,兵庫県,神戸市垂水区,千鳥が丘３丁目２４番７１−５０４号,6550011
4140001014444,大和通商株式会社,兵庫県,神戸市垂水区,潮見が丘１丁目１１番１６号,6550005
4140001016498,土居自動車工業株式会社,兵庫県,神戸市垂水区,下畑町字西関東林山５１９番地の９５,6550861
4140001017133,株式会社神戸総合管理,兵庫県,神戸市垂水区,宮本町１番２６号,6550028
4140001017257,イケニシ株式会社,兵庫県,神戸市垂水区,桃山台３丁目２２番地の５,6550854
4140001017554,株式会社シグマ,兵庫県,神戸市垂水区,海岸通５番４２−２０１号,6550036
4140001017604,山陽レジャーサービス株式会社,兵庫県,神戸市垂水区,多聞町字小束山８６８番地の１２,6550001
4140001018131,アイ・エス・シー工業株式会社,兵庫県,神戸市垂水区,下畑町字神ノ脇４２９番地の１,6550861
4140001018148,アイベックス工業株式会社,兵庫県,神戸市垂水区,美山台１丁目９番７０号,6550874
4140001018164,安藤工業株式会社,兵庫県,神戸市垂水区,神陵台９丁目９番６号,6550041
4140001018172,株式会社アリス,兵庫県,神戸市垂水区,上高丸１丁目２番６号,6550017
4140001018189,石坂商事株式会社,兵庫県,神戸市垂水区,桃山台２丁目５番地の１,6550854
4140001018197,インターテックトレード株式会社,兵庫県,神戸市垂水区,つつじが丘７丁目１７３４番地の１８２,6550853
4140001018214,上本工業株式会社,兵庫県,神戸市垂水区,下畑町字箱木谷１８５５−１,6550861
4140001018288,柏木産業株式会社,兵庫県,神戸市垂水区,南多聞台４丁目３番２１号,6550043
4140001018338,株式会社久保商店,兵庫県,神戸市垂水区,多聞台２丁目１０番８号,6550007
4140001018370,光和産業株式会社,兵庫県,神戸市垂水区,瑞穂通６−１２−１０２,6550022
4140001018379,株式会社コスミック,兵庫県,神戸市垂水区,川原３丁目１番９号,6550894
4140001018387,株式会社小西商店,兵庫県,神戸市垂水区,霞ケ丘１丁目２番６号,6550039
4140001018404,三協株式会社,兵庫県,神戸市垂水区,本多聞２丁目７番８号,6550006
4140001018412,株式会社サンショウ,兵庫県,神戸市垂水区,星陵台２丁目２番２０号,6550038
4140001018437,株式会社シー・オー・エム,兵庫県,神戸市垂水区,西舞子２丁目１２番５４−１０２２号,6550048
4140001018445,株式会社塩屋基礎,兵庫県,神戸市垂水区,青山台４丁目７番２１号,6550873
4140001018453,株式会社神高家具,兵庫県,神戸市垂水区,下畑向井４９７,6550000
4140001018478,株式会社清水木工所,兵庫県,神戸市垂水区,小束山本町２丁目２２番３号,6550003
4140001018494,松洋株式会社,兵庫県,神戸市垂水区,清水が丘１丁目２３番１７号,6550031
4140001018511,株式会社スピカ,兵庫県,神戸市垂水区,瑞穂通７番１５号,6550022
4140001018552,太陽興発株式会社,兵庫県,神戸市垂水区,神陵台９丁目２０番３号,6550041
4140001018560,株式会社竹商,兵庫県,神戸市垂水区,霞ケ丘４丁目２番３号,6550039
4140001018569,株式会社匠,兵庫県,神戸市垂水区,塩屋町６丁目１８番１０号,6550872
4140001018577,田中土地建物管理株式会社,兵庫県,神戸市垂水区,本多聞１丁目１２番４号,6550006
4140001018593,株式会社垂水精工舎,兵庫県,神戸市垂水区,上高丸１丁目２番３３号,6550017
4140001018602,力開発株式会社,兵庫県,神戸市垂水区,舞子坂３丁目１４番２１号,6550044
4140001018610,ツタヤ建設株式会社,兵庫県,神戸市垂水区,泉が丘２丁目１番１５号,6550885
4140001018635,東洋装備株式会社,兵庫県,神戸市垂水区,千鳥が丘３丁目２４番８１号,6550011
4140001018643,友則商事株式会社,兵庫県,神戸市垂水区,下畑町字渕ケ上５８８番地,6550861
4140001018651,株式会社魚皮研,兵庫県,神戸市垂水区,宮本町２番１４号,6550028
4140001018668,株式会社西神戸ハウジング,兵庫県,神戸市垂水区,星が丘１丁目１番９２号,6550032
4140001018676,株式会社日幸電商,兵庫県,神戸市垂水区,名谷町字入野７４５番地の１,6550852
4140001018726,株式会社ビジョン,兵庫県,神戸市垂水区,本多聞１丁目６番６号,6550006
4140001018742,株式会社フーヅ山本,兵庫県,神戸市垂水区,西舞子３丁目９番１２号,6550048
4140001018750,株式会社福井住建,兵庫県,神戸市垂水区,星が丘３丁目５番１７号,6550032
4140001018767,フジメンテナンス株式会社,兵庫県,神戸市垂水区,つつじが丘２丁目２０番地の１３,6550853
4140001018775,株式会社プラウドカンパニー,兵庫県,神戸市垂水区,歌敷山３丁目９番１号,6550037
4140001018791,株式会社豊和建設,兵庫県,神戸市垂水区,霞ケ丘４丁目１番１０号,6550039
4140001018800,舞子温泉株式会社,兵庫県,神戸市垂水区,西舞子２丁目１２番２２号,6550048
4140001018809,マイルドスポーツ株式会社,兵庫県,神戸市垂水区,千代が丘１丁目４番３１号,6550018
4140001018833,株式会社丸菱,兵庫県,神戸市垂水区,天ノ下町１番１−２０７号,6550029
4140001018841,株式会社三木昌,兵庫県,神戸市垂水区,本多聞６丁目２３番７号,6550006
4140001018858,三原電機工業株式会社,兵庫県,神戸市垂水区,坂上４丁目２番２４号,6550895
4140001018866,株式会社フェリシテ,兵庫県,神戸市垂水区,宮本町３番１４号,6550028
4140001018874,株式会社明舞ゴルフセンター,兵庫県,神戸市垂水区,清水が丘３丁目７番１号,6550031
4140001018882,メナード化粧品神戸第一販売株式会社,兵庫県,神戸市垂水区,桃山台３丁目１番１３号,6550854
4140001018890,株式会社守山興業所,兵庫県,神戸市垂水区,霞ヶ丘１丁目４番１０号,6550039
4140001018916,株式会社ユノキテック,兵庫県,神戸市垂水区,五色山４丁目２０番１２号,6550035
4140001018932,株式会社わだつみ屋,兵庫県,神戸市垂水区,御霊町７−６コージーコート垂水１Ｆ,6550024
4140001018940,株式会社隆勢建設,兵庫県,神戸市垂水区,下畑町字下代１３９番地の７,6550861
4140001018957,神戸検査株式会社,兵庫県,神戸市垂水区,桃山台５丁目１１番地の６,6550854
4140001018965,神戸産商株式会社,兵庫県,神戸市垂水区,本多聞４丁目５番３０５−５０１号,6550006
4140001018973,神戸西興産株式会社,兵庫県,神戸市垂水区,名谷町字室山１４００番地の７１,6550852
4140001018981,日本コムテック株式会社,兵庫県,神戸市垂水区,塩屋町字大谷６７１番地の１８５,6550872
4140001019947,株式会社大栄重建,兵庫県,神戸市垂水区,名谷町字平ノ垣内８５４番地,6550852
4140001020194,株式会社ニッティングイン,兵庫県,神戸市垂水区,つつじが丘１丁目１２番地１８−３０７,6550853
4140001020203,オズ・ジャパン株式会社,兵庫県,神戸市垂水区,東舞子町１１番３号,6550047
4140001020509,株式会社しあわせ家族,兵庫県,神戸市垂水区,桃山台７丁目１番地の１７,6550854
4140001020649,サン神戸ウォーターサプライ株式会社,兵庫県,神戸市垂水区,下畑町２４２番地,6550861
4140001020871,株式会社ティ・アンド・エム・コーポレーション,兵庫県,神戸市垂水区,西舞子２丁目４番２号,6550048
4140001021250,株式会社芦野興産,兵庫県,神戸市垂水区,下畑町字木之下７９２,6550861
4140001021465,株式会社マネジメントエフ,兵庫県,神戸市垂水区,瑞ケ丘８番１１号,6550025
4140001021829,株式会社デコーレ,兵庫県,神戸市垂水区,本多聞３丁目５番８号,6550006
4140001021845,ソイル株式会社,兵庫県,神戸市垂水区,潮見が丘１丁目６番２６号,6550005
4140001021861,株式会社ジーコム,兵庫県,神戸市垂水区,千鳥が丘３丁目２４番８７号,6550011
4140001022117,株式会社家庭教師派遣センター,兵庫県,神戸市垂水区,狩口台７丁目６番２−８０３号,6550049
4140001022926,株式会社豊翔,兵庫県,神戸市垂水区,清水が丘３丁目５番１４号３０６,6550031
4140001023544,山陽バス株式会社,兵庫県,神戸市垂水区,清水が丘２丁目１０番２２号,6550031
4140001023577,株式会社ハートフルサービス,兵庫県,神戸市垂水区,上高丸１丁目１番２−１１１号,6550017
4140001023874,ファインフォレスト株式会社,兵庫県,神戸市垂水区,旭が丘１丁目９番６０号,6550033
4140001024253,三伸工事株式会社,兵庫県,神戸市垂水区,小束山５丁目１０番地の１０,6550002
4140001024518,株式会社アズール,兵庫県,神戸市垂水区,名谷町１７７７番地１,6550852
4140001025292,株式会社ミツミ,兵庫県,神戸市垂水区,つつじが丘２丁目２１番地の３,6550853
4140001025813,青山複合材料株式会社,兵庫県,神戸市垂水区,青山台１丁目２番２２号,6550873
4140001025904,株式会社英建工業,兵庫県,神戸市垂水区,城が山３丁目５番５号,6550884
4140001026134,株式会社博美堂,兵庫県,神戸市垂水区,城が山３丁目４番１１号,6550884
4140001026472,株式会社パパコーポレーション,兵庫県,神戸市垂水区,狩口台７丁目７−７,6550049
4140001026539,テークルート株式会社,兵庫県,神戸市垂水区,学が丘３丁目４番２−９０４号,6550004
4140001026811,株式会社華音,兵庫県,神戸市垂水区,塩屋台２丁目３番８号,6550864
4140001026902,株式会社ウエスト,兵庫県,神戸市垂水区,名谷町字猿倉３０１番地の２４３,6550852
4140001027108,株式会社エムズワン,兵庫県,神戸市垂水区,西舞子２丁目１２番３号,6550048
4140001027231,株式会社神戸三田屋,兵庫県,神戸市垂水区,東舞子町１０−１ティオ舞子６Ｆ,6550047
4140001027371,株式会社ＴＡＯ,兵庫県,神戸市垂水区,桃山台４丁目２番地の３６,6550854
4140001027388,エフネットコンストラクション株式会社,兵庫県,神戸市垂水区,仲田２丁目１番４０号,6550034
4140001027818,株式会社ＡＳＵＫＡ,兵庫県,神戸市垂水区,霞ケ丘５丁目２番２９号,6550039
4140001028196,株式会社ハウジングサポート神戸,兵庫県,神戸市垂水区,宮本町２番２２号,6550028
4140001028295,オリベ・アースエコ・ジャパン株式会社,兵庫県,神戸市垂水区,天ノ下町６番２２号,6550029
4140001028403,株式会社ＡＲＩＹＡＮＡ,兵庫県,神戸市垂水区,西舞子２丁目１番５０号,6550048
4140001028601,吉浜通信建設株式会社,兵庫県,神戸市垂水区,千鳥が丘１丁目１３番３号,6550011
4140001028758,株式会社Ｓ・Ｔ・Ｙ,兵庫県,神戸市垂水区,西舞子３丁目１８番１号,6550048
4140001028782,株式会社担英未来,兵庫県,神戸市垂水区,神田町７番１５号,6550027
4140001028808,株式会社ベストネット,兵庫県,神戸市垂水区,美山台２丁目６番６号,6550874
4140001028881,株式会社ニッカイ・セキュリティー,兵庫県,神戸市垂水区,多聞台５丁目３番３３号,6550007
4140001028907,株式会社三光エンジニアリング,兵庫県,神戸市垂水区,塩屋町４丁目１６番１０−１０１号,6550872
4140001029129,株式会社ＩＮ　Ｆｕｒｎｉｔｕｒｅ　ｗｏｒｋｓｈｏｐ,兵庫県,神戸市垂水区,小束山本町１丁目４番１２号,6550003
4140001029343,株式会社劇団自由人会,兵庫県,神戸市垂水区,東舞子町７番１７ゴールドウッズ舞子ビル４Ｆ,6550047
4140001029392,株式会社マーキング神戸,兵庫県,神戸市垂水区,塩屋北町２丁目１３番９号,6550863
4140001029500,株式会社直真建設,兵庫県,神戸市垂水区,小束山２丁目１７番地の８,6550002
4140001030012,株式会社ライフシーズテクノ,兵庫県,神戸市垂水区,学が丘５丁目２番５１１−５０３号,6550004
4140001030078,ＲＧ株式会社,兵庫県,神戸市垂水区,本多聞７丁目２３番１７号,6550006
4140001030235,株式会社キングハーベスト,兵庫県,神戸市垂水区,塩屋町６丁目２２番１５号,6550872
4140001030318,株式会社ＭＭＫ,兵庫県,神戸市垂水区,塩屋町７丁目３番３号,6550872
4140001030326,株式会社マリリン,兵庫県,神戸市垂水区,舞多聞東３丁目７番４号,6550052
4140001030474,株式会社渡辺実業,兵庫県,神戸市垂水区,朝谷町５１９番地の１６０,6550862
4140001030516,株式会社ＫＧＳ,兵庫県,神戸市垂水区,つつじが丘１丁目２番地の９,6550853
4140001030846,日立ホーム株式会社,兵庫県,神戸市垂水区,西舞子２丁目１２番６６号,6550048
4140001030879,株式会社ソガベ,兵庫県,神戸市垂水区,潮見が丘１丁目５番１８号,6550005
4140001031159,フォーユーＪＡＰＡＮ株式会社,兵庫県,神戸市垂水区,川原１丁目１番１８号,6550894
4140001031175,サン・アセットマネジメント株式会社,兵庫県,神戸市垂水区,馬場通３番４号,6550021
4140001031984,株式会社森久建材,兵庫県,神戸市垂水区,名谷町字北野屋敷３１５３番地１アネシス岡本２０１号,6550852
4140001032280,株式会社Ｖｉｃｔｏｒｙ　Ｓｈｉｐ,兵庫県,神戸市垂水区,美山台３丁目１３番２３号,6550874
4140001032776,株式会社ＹＯＳＨＩＭＯＴＯ,兵庫県,神戸市垂水区,小束山本町２丁目８番１２号,6550003
4140001032941,森美装株式会社,兵庫県,神戸市垂水区,西舞子４丁目１５番２４号,6550048
4140001033171,株式会社Ｆ．Ｍ．Ｄ,兵庫県,神戸市垂水区,野田通７番１号,6550015
4140001033270,新博株式会社,兵庫県,神戸市垂水区,舞多聞西１丁目２０番１１号,6550051
4140001033601,株式会社ヴァリエ,兵庫県,神戸市垂水区,東舞子町１０−１−１１２,6550047
4140001034104,株式会社ピース,兵庫県,神戸市垂水区,陸ノ町２番１号,6550026
4140001034244,株式会社ＡＩＣＰ,兵庫県,神戸市垂水区,小束山３丁目７番地の７,6550002
4140001034368,トラスト・リンク株式会社,兵庫県,神戸市垂水区,平磯４丁目１番３−７０６号,6550892
4140001034467,アイユーソーラー株式会社,兵庫県,神戸市垂水区,平磯４丁目３番２１−７０２号,6550892
4140001035432,富士急送株式会社,兵庫県,神戸市垂水区,狩口台７丁目９番６号,6550049
4140001038014,なを株式会社,兵庫県,神戸市垂水区,塩屋町４丁目１６番１４号,6550872
4140001038088,株式会社ＳＳハイジア,兵庫県,神戸市垂水区,舞子坂３丁目１５番９号２Ｆ,6550044
4140001042379,株式会社Ｓａｋｕｒａ　Ｉｎｖｅｓｔｏｒｓ,兵庫県,神戸市垂水区,北舞子４丁目７番１４号,6550045
4140001047089,株式会社垂水オアシスＡＨ,兵庫県,神戸市垂水区,霞ケ丘４丁目２番２号,6550039
4140001047106,大西工業株式会社,兵庫県,神戸市垂水区,東垂水１丁目９番１４−３０３号,6550886
4140001047221,株式会社トータルケアプランニング,兵庫県,神戸市垂水区,星が丘３丁目８番１９号,6550032
4140001055050,株式会社プラーナ,兵庫県,神戸市垂水区,泉が丘５丁目１１番２０号,6550885
4140001057402,クオリティライフ株式会社,兵庫県,神戸市垂水区,下畑町４９８番５３,6550861
4140001067450,株式会社バンガート,兵庫県,神戸市垂水区,塩屋町６７１番地の１２５,6550872
4140001067582,株式会社ライフリスペクト,兵庫県,神戸市垂水区,つつじが丘５丁目１１番地の６,6550853
4140001074744,株式会社Ａｎｙｃｏｍ,兵庫県,神戸市垂水区,天ノ下町１番１,6550029
4140001086351,株式会社光琉,兵庫県,神戸市垂水区,王居殿３丁目１３−１０,6550883
4140001087250,株式会社エクシード関西,兵庫県,神戸市垂水区,塩屋町３丁目２５番３号,6550872
4140001087317,エポック工業株式会社,兵庫県,神戸市垂水区,下畑町字龍ノ庭５３８番地の２４,6550861
4140001088125,株式会社正和,兵庫県,神戸市垂水区,下畑町字西関東林山５１９番地の１,6550861
4140001088265,千良薬社株式会社,兵庫県,神戸市垂水区,学が丘７丁目４番１７号,6550004
4140001089429,株式会社Ｂｕｄｄｙ　Ｓｙｓｔｅｍ,兵庫県,神戸市垂水区,名谷町８６７番地の４−３０２号,6550852
4140001089528,株式会社エフエムコーポレーション,兵庫県,神戸市垂水区,舞子台７丁目３番１−７０１号,6550046
4140001090898,株式会社ノブテック,兵庫県,神戸市垂水区,名谷町６０５,6550852
4140001091343,株式会社佳徳,兵庫県,神戸市垂水区,大町２丁目６番,6550014
4140001092564,株式会社Ｒｉｓｅ,兵庫県,神戸市垂水区,清玄町９番地の１６,6550865
4140001092969,株式会社アトラスマネジメント,兵庫県,神戸市垂水区,名谷町２２５９番地の１,6550852
4140001093083,三経株式会社,兵庫県,神戸市垂水区,海岸通９番６０号,6550036
4140001093802,株式会社ミワタ保険サービス,兵庫県,神戸市垂水区,神陵台８丁目６番１５号,6550041
4140001095195,岡田工業株式会社,兵庫県,神戸市垂水区,山手８丁目３番２３−４号,6550891
4140001095542,株式会社さくら,兵庫県,神戸市垂水区,塩屋台３丁目１７番１８号,6550864
4140001095575,株式会社アリコグローバル貿易,兵庫県,神戸市垂水区,塩屋北町１丁目１３番１−１０４号,6550863
4140001095724,株式会社五色山エステート,兵庫県,神戸市垂水区,五色山１丁目２番７号,6550035
4140001095773,株式会社ＡＭＡＳＩＮ,兵庫県,神戸市垂水区,清水通三丁目１０番シャルマンフジ神戸壱番館２０１号,6550023
4140001096128,株式会社ＴＥＡＭリエゾン,兵庫県,神戸市垂水区,星が丘１丁目１番３１号,6550032
4140001096177,株式会社竹田工務店,兵庫県,神戸市垂水区,千鳥が丘１丁目３番１７号,6550011
4140001097167,株式会社Ｍｉｏｎｙｘ,兵庫県,神戸市垂水区,平磯３丁目３−９平磯ビル１Ｆ,6550892
4140001097778,株式会社加藤,兵庫県,神戸市垂水区,千鳥が丘２丁目２番９号,6550011
4140001097902,株式会社セレーン,兵庫県,神戸市垂水区,乙木３丁目１番２０−３０１号,6550882
4140001098074,株式会社志龍,兵庫県,神戸市垂水区,学が丘１丁目１７番２５号,6550004
4140001098990,株式会社リアンヴィラージュ,兵庫県,神戸市垂水区,狩口台７丁目１５−１,6550049
4140001099089,Ｔｈｅ８ｔｈＣｏｎｔｉｎｅｎｔ株式会社,兵庫県,神戸市垂水区,舞子坂３丁目１８−１９−３０１,6550044
4140001099279,株式会社兵庫マネージメントサービス,兵庫県,神戸市垂水区,舞多聞西３丁目２番７号,6550051
4140001100203,株式会社堂浦,兵庫県,神戸市垂水区,名谷町１９４９番地の１リブコートオリジン３０４号,6550852
4140001100847,株式会社Ｂｉｌｌ,兵庫県,神戸市垂水区,下畑町字石畳１０３８番地の４,6550861
4140001101408,株式会社ＨａｌｌＡｒｔＰｒｏｄｕｃｔｉｏｎ,兵庫県,神戸市垂水区,狩口台５丁目１３番８号,6550049
4140001101770,株式会社Ａ’ｎｅｅｄｓ　Ｉｎｔｅｒｉｏｒ,兵庫県,神戸市垂水区,青山台２丁目１番１０−２０５号,6550873
4140001102216,株式会社ケーズストーリー,兵庫県,神戸市垂水区,神陵台３丁目２明舞北センタービル１号棟８号店舗,6550041
4140001102612,株式会社オフィスＫＯＢＥ技研,兵庫県,神戸市垂水区,泉が丘５丁目１２番２８号,6550885
4140001102810,株式会社Ｐｅｔｉｔ　Ｃａｎａｒｄ,兵庫県,神戸市垂水区,霞ケ丘６丁目４番３６−４０２号,6550039
4140001103115,株式会社ハッピークロイツ,兵庫県,神戸市垂水区,名谷町字寺池１４８１−６,6550852
4140001103180,株式会社ｍｕｒｕｍ　ａｄ　ｍｕｒｕｍ,兵庫県,神戸市垂水区,海岸通三丁目６番西垂水シーサイドマンション２０６,6550036
4140001103445,株式会社よしかわパーク,兵庫県,神戸市垂水区,舞多聞西３丁目１０番３号,6550051
4140001104831,株式会社ナレッジネットワーク,兵庫県,神戸市垂水区,西舞子６丁目３番７０−７０６号,6550048
4140001105144,株式会社京神不動産販売,兵庫県,神戸市垂水区,天ノ下町５番１号,6550029
4140001106415,株式会社パルフィーユ,兵庫県,神戸市垂水区,学が丘３丁目４番３−９１７号,6550004
4140001106778,株式会社グッドツーガーデン,兵庫県,神戸市垂水区,狩口台７丁目１５番２１号,6550049
4140001106902,株式会社日本ナノ工学研究所,兵庫県,神戸市垂水区,舞多聞東２丁目７番１７号,6550052
4140001107082,株式会社ＲＥＧＡＬＯ　ＣＲＥＡＴＥ,兵庫県,神戸市垂水区,大町２丁目６番Ａ−３０８号,6550014
4140001107438,株式会社昭信電気,兵庫県,神戸市垂水区,本多聞２丁目１２番１０号,6550006
4140001108948,株式会社ＲＥＶＥ,兵庫県,神戸市垂水区,星陵台１丁目２番６−２０２号,6550038
4140001109649,たるみ金物株式会社,兵庫県,神戸市垂水区,名谷町字向井畑３５８７番地の１,6550852
4140001109673,協働水素株式会社,兵庫県,神戸市垂水区,歌敷山１丁目１番４号,6550037
4140001109731,株式会社ワークス,兵庫県,神戸市垂水区,神陵台９丁目２５番１０号,6550041
4140001109748,株式会社ＴＯＳＡＩＫＡ,兵庫県,神戸市垂水区,名谷町１４６０−４,6550852
4140001110144,有山建材株式会社,兵庫県,神戸市垂水区,桃山台１丁目１７番地６−３０２号,6550854
4140001110532,株式会社はやしホーム,兵庫県,神戸市垂水区,五色山７丁目４番１７号,6550035
4140001111646,株式会社山手松下,兵庫県,神戸市垂水区,五色山２丁目３番３１号,6550035
4140001112099,株式会社サンプラント,兵庫県,神戸市垂水区,南多聞台３丁目７番７−２０１号,6550043
4140001112314,スリージーライン株式会社,兵庫県,神戸市垂水区,小束山本町２丁目２番３号,6550003
4140001114062,株式会社長澤建設,兵庫県,神戸市垂水区,多聞台３丁目１８番２３−４０４号,6550007
4140001114285,株式会社ＳＲＴ,兵庫県,神戸市垂水区,学が丘１丁目５番３９号,6550004
4140001114483,株式会社オオクラ設計,兵庫県,神戸市垂水区,桃山台５丁目２２番地の２,6550854
4140001114946,株式会社徳乃,兵庫県,神戸市垂水区,王居殿３丁目１７番５号,6550883
4140001115192,株式会社五十嵐商事,兵庫県,神戸市垂水区,星陵台４丁目３番４８−５１５号,6550038
4140001116240,ＳＯＲＡ総合不動産株式会社,兵庫県,神戸市垂水区,天ノ下町１番１−２６５,6550029
4140001116975,株式会社ワイケイアップ,兵庫県,神戸市垂水区,小束山本町４丁目１−１７,6550003
4140001118930,株式会社ＢｅａｎＳｔａｌｋ,兵庫県,神戸市垂水区,西舞子２丁目１４番１７号,6550048
4140001119722,舞多聞不動産株式会社,兵庫県,神戸市垂水区,舞多聞西３丁目７番５号,6550051
4140001119994,株式会社新政工業,兵庫県,神戸市垂水区,塩屋町７丁目１８番１号,6550872
4140001121372,株式会社プラリス,兵庫県,神戸市垂水区,福田５丁目５番２２号,6550013
4140001122222,株式会社Ｆｕｌｌｆｏｒｃｅ,兵庫県,神戸市垂水区,王居殿３丁目６番１０号,6550883
4140001122362,日本金属産業株式会社,兵庫県,神戸市垂水区,千鳥が丘２丁目５番５４−３号,6550011
4140001122965,株式会社フロントフィールド,兵庫県,神戸市垂水区,南多聞台８丁目１７番１９号,6550043
4140001123625,株式会社ヒロック,兵庫県,神戸市垂水区,西舞子９丁目１０番１４号,6550048
4140001123674,株式会社ＭＹＵ,兵庫県,神戸市垂水区,海岸通９番４３−１０１号,6550036
4140001123732,株式会社健塗,兵庫県,神戸市垂水区,名谷町１５０７番地の５,6550852
4140001124061,ドット株式会社,兵庫県,神戸市垂水区,名谷町１９４９番地の１・１９０３号,6550852
4140001124169,０７８ガード株式会社,兵庫県,神戸市垂水区,城が山３丁目５番６号１Ｆ,6550884
4140001124648,株式会社Ｒｅｖｅ＆Ｅｓｐｏｉｒ,兵庫県,神戸市垂水区,舞多聞西３丁目８番７号,6550051
4140001125761,株式会社ホーム・リノ,兵庫県,神戸市垂水区,塩屋町１丁目５番１１−４０１号,6550872
4140001126768,株式会社ＣＬＯＶＥＲ８,兵庫県,神戸市垂水区,舞多聞西４丁目６番１７号,6550051
4140001127080,株式会社ココイロ,兵庫県,神戸市垂水区,小束台東８６８番地の１４６１,6550061
4140001127106,ＳＵＮ輪ＢＡＳＥ株式会社,兵庫県,神戸市垂水区,塩屋北町２丁目２番６号,6550863
4140001127337,水野電工株式会社,兵庫県,神戸市垂水区,南多聞台４丁目１番２５−８１０号,6550043
4140001127436,株式会社Ｔａｉｌｏｒ,兵庫県,神戸市垂水区,星陵台４丁目３番４５−２２６号,6550038
4140001128062,株式会社神戸グランツ不動産,兵庫県,神戸市垂水区,陸ノ町１０番１２−１０１号,6550026
4140001128599,株式会社ｇａｒｄｅｎ　ｂａｓｅ,兵庫県,神戸市垂水区,清水が丘３丁目２番６号,6550031
4140001129151,イーリスリッジ株式会社,兵庫県,神戸市垂水区,桃山台２丁目９−２,6550854
4140001129424,アムソレイユ株式会社,兵庫県,神戸市垂水区,神陵台５丁目３番２０号,6550041
4140001129829,株式会社ＡＰＳ,兵庫県,神戸市垂水区,青山台８丁目１番２−５０２号,6550873
4140001130464,株式会社ＤａｔａＤｅｃｉｓｉｏｎ,兵庫県,神戸市垂水区,塩屋町１丁目５番１１−１０２号,6550872
4140001130613,株式会社Ｋａｃｈｉｂｉｎ,兵庫県,神戸市垂水区,神陵台９丁目１３番２５号,6550041
4140001130753,株式会社Ｍ＆Ｙ,兵庫県,神戸市垂水区,舞多聞西５丁目２−２９,6550051
4140001131636,オリタ環境株式会社,兵庫県,神戸市垂水区,星陵台５丁目１１番１４−６０１号,6550038
4140001132510,キープフーズ株式会社,兵庫県,神戸市垂水区,小束山５丁目１番地２,6550002
4140001132948,株式会社デイクラフト,兵庫県,神戸市垂水区,桃山台２丁目１５番地の２,6550854
4140001132972,株式会社ロイハート,兵庫県,神戸市垂水区,山手７丁目４番６号,6550891
4140001133475,株式会社山美コーポレーション,兵庫県,神戸市垂水区,朝谷町１７−６,6550862
4140001133558,株式会社Ｆｏｒ．Ｙ,兵庫県,神戸市垂水区,本多聞６丁目１８番３号,6550006
4140001134267,株式会社ＢｅｎｅｆｉｔＴｒｅｅ,兵庫県,神戸市垂水区,北舞子４丁目９番４８−７０３号,6550045
4140001134580,株式会社スポビュー,兵庫県,神戸市垂水区,歌敷山２丁目８番３７号パークサイド歌敷山１０１号,6550037
4140001135141,ポップコーンパーティー株式会社,兵庫県,神戸市垂水区,塩屋町６丁目２５番４５号,6550872
4140001135785,株式会社Ｋ‐ＳＷＥＬＬ,兵庫県,神戸市垂水区,塩屋北町１丁目２番２号,6550863
4140001135810,カッティングエッジ株式会社,兵庫県,神戸市垂水区,本多聞１丁目１−５−３０５,6550006
4140001138020,株式会社ａｉｍａｌｓ,兵庫県,神戸市垂水区,塩屋町２丁目４番５号,6550872
4140001138202,株式会社四輝工業,兵庫県,神戸市垂水区,名谷町１７５８番地の１１,6550852
4140001139027,株式会社Ｍｅｄｉｃａｌｌ,兵庫県,神戸市垂水区,美山台３丁目１６番１４号,6550874
4140001139654,ＴＭトレーディング株式会社,兵庫県,神戸市垂水区,清水が丘１丁目１９−２ＣＵＢＥ・ＭＡＩＫＯ２０１号室,6550031
4140001139828,株式会社ファミリエ,兵庫県,神戸市垂水区,舞多聞東２丁目５番１９号,6550052
4140001140298,株式会社樹,兵庫県,神戸市垂水区,天ノ下町１番１号Ｂ１５７,6550029
4140001140430,株式会社ＢＯＮＤＩ,兵庫県,神戸市垂水区,舞子台６丁目５番１４号,6550046
4140001140851,株式会社ｑｕｅｓｔ,兵庫県,神戸市垂水区,五色山４丁目２０番１２号２０２号,6550035
4140001141296,株式会社Ｋ‐ＰＬＡＩＮＳ,兵庫県,神戸市垂水区,西舞子２丁目１２番５４−９２６号,6550048
4140001141528,株式会社ＳＡＮＡＲｅｎ,兵庫県,神戸市垂水区,名谷町字北野屋敷３０５２−２,6550852
4140001141536,株式会社多聞商会,兵庫県,神戸市垂水区,神陵台７丁目３番１６号,6550041
4140001142022,トリニティグローブ株式会社,兵庫県,神戸市垂水区,舞子台３丁目１１番１６号,6550046
4140001142088,株式会社小林商店,兵庫県,神戸市垂水区,天ノ下町１０番５号,6550029
4140001142294,株式会社タルミライ,兵庫県,神戸市垂水区,東垂水１丁目９−３,6550886
4140002005830,株式会社木下地所,兵庫県,神戸市垂水区,御霊町６番２７号,6550024
4140002006548,株式会社フミ美容室,兵庫県,神戸市垂水区,神田町４番２５号,6550027
4140003000517,株式会社ＩＮ‐３,兵庫県,神戸市垂水区,狩口台７丁目５番３０−２０９号,6550049
4160001017404,株式会社コジマテック,兵庫県,神戸市垂水区,五色山８丁目１−５１,6550035
4500001002387,セントラルエンジニアリング株式会社,兵庫県,神戸市垂水区,東舞子町１０番１−４０９号,6550047
5010901050823,株式会社ＯＲＤＩＮＡＲＹ　ＢＯＯＫＳ,兵庫県,神戸市垂水区,舞子台６丁目２番２７−１号,6550046
5011001160208,株式会社Ｄｌｏｐ,兵庫県,神戸市垂水区,桃山台２丁目９番地の１４,6550854
5013201012543,株式会社Ｂ＆Ｈ,兵庫県,神戸市垂水区,多聞台１丁目１２番４０号,6550007
5120001171245,融点株式会社,兵庫県,神戸市垂水区,塩屋町２丁目６番１２号,6550872
5120001219135,ＪＷ株式会社,兵庫県,神戸市垂水区,千代が丘２丁目４−５０−１０１Ａ,6550018
5120901044038,株式会社ホライズン,兵庫県,神戸市垂水区,塩屋町１丁目１番５−６０１号室,6550872
5122001030645,株式会社丸美空間,兵庫県,神戸市垂水区,東舞子町５番１５−３０２号,6550047
5140001004551,株式会社憶良,兵庫県,神戸市垂水区,中道４丁目１番３０号,6550896
5140001005368,マリン・コンサルタンツ・アンド・サーベイヤーズ株式会社,兵庫県,神戸市垂水区,西舞子１丁目９番６−６号,6550048
5140001009063,太東物産株式会社,兵庫県,神戸市垂水区,清水が丘３丁目１３番３１号,6550031
5140001011085,株式会社マルミタイル,兵庫県,神戸市垂水区,清水通３番１４号,6550023
5140001011110,三川シーリング株式会社,兵庫県,神戸市垂水区,松風台２丁目５番５号,6550871
5140001011770,株式会社流泉,兵庫県,神戸市垂水区,瑞穂通７番９号,6550022
5140001011812,株式会社レツク建築設計事務所,兵庫県,神戸市垂水区,小束山本町２丁目１０番２１号,6550003
5140001013008,株式会社イースタンイーグル,兵庫県,神戸市垂水区,中道２丁目３番２９号,6550896
5140001013379,株式会社知立研,兵庫県,神戸市垂水区,桃山台５丁目１番地の９,6550854
5140001013866,株式会社Ｅ・Ｍワールド,兵庫県,神戸市垂水区,下畑町鷲ケ丘３１２−１,6550861
5140001015160,大協建設株式会社,兵庫県,神戸市垂水区,南多聞台５丁目７番１４号,6550043
5140001017248,株式会社奄神建工,兵庫県,神戸市垂水区,清水通三丁目１０番,6550023
5140001018064,株式会社リンクス,兵庫県,神戸市垂水区,清水が丘３丁目５番１４号,6550031
5140001018122,日本バウハウス株式会社,兵庫県,神戸市垂水区,朝谷町１２番地の６,6550862
5140001018130,株式会社アアイイ公詞社,兵庫県,神戸市垂水区,名谷町３４４５番地１,6550852
5140001018139,アイジー興産株式会社,兵庫県,神戸市垂水区,青山台５丁目４番３号,6550873
5140001018155,株式会社アクト,兵庫県,神戸市垂水区,福田２丁目４番４号,6550013
5140001018163,旭建設株式会社,兵庫県,神戸市垂水区,福田４丁目３番１５号,6550013
5140001018171,有川株式会社,兵庫県,神戸市垂水区,塩屋町３丁目１２番１０号,6550872
5140001018188,石坂建設株式会社,兵庫県,神戸市垂水区,下畑町字雲星４９８−２,6550861
5140001018238,株式会社エビスヤ,兵庫県,神戸市垂水区,名谷町字堂面８１３番地,6550852
5140001018270,株式会社織部精機製作所,兵庫県,神戸市垂水区,天ノ下町６番２２号,6550029
5140001018279,株式会社関西アルミドアー工業,兵庫県,神戸市垂水区,桃山台２丁目１６番地の１,6550854
5140001018287,柏木興産株式会社,兵庫県,神戸市垂水区,本多聞１丁目１２番１号,6550006
5140001018295,株式会社金城,兵庫県,神戸市垂水区,下畑町字向井４７１番地,6550861
5140001018312,株式会社キタマン商店,兵庫県,神戸市垂水区,中道３丁目１番５号,6550896
5140001018320,木村商亊株式会社,兵庫県,神戸市垂水区,多聞台５丁目５番１９号,6550007
5140001018329,株式会社極東,兵庫県,神戸市垂水区,学が丘４丁目２０番２０号,6550004
5140001018337,株式会社久保機工,兵庫県,神戸市垂水区,千代が丘２丁目４番５号,6550018
5140001018345,倉敷林業株式会社,兵庫県,神戸市垂水区,本多聞１丁目１４番１５号,6550006
5140001018361,幸商株式会社,兵庫県,神戸市垂水区,西垂水町御霊町６番１８号,
5140001018403,株式会社坂本工業所,兵庫県,神戸市垂水区,名谷町字寺池１４５６番地の２,6550852
5140001018411,三資堂製薬株式会社,兵庫県,神戸市垂水区,潮見が丘１丁目１番１０号,6550005
5140001018460,慎誠建設工業株式会社,兵庫県,神戸市垂水区,桃山台４丁目４番地の１３,6550854
5140001018485,昭栄堂製菓株式会社,兵庫県,神戸市垂水区,山手７丁目７番１号,6550891
5140001018519,株式会社西神薬局,兵庫県,神戸市垂水区,学が丘１丁目２０番１号,6550004
5140001018527,株式会社センタードラッグ,兵庫県,神戸市垂水区,神田町３番２３号,6550027
5140001018535,大栄通信建設株式会社,兵庫県,神戸市垂水区,青山台２丁目３番１３号,6550873
5140001018543,大成商産株式会社,兵庫県,神戸市垂水区,日向２丁目１番１号,6550893
5140001018551,大門石油株式会社,兵庫県,神戸市垂水区,本多聞１丁目１２番１号,6550006
5140001018584,たもん酒販株式会社,兵庫県,神戸市垂水区,学が丘４丁目１１番１５号,6550004
5140001018592,垂水ゴルフ株式会社,兵庫県,神戸市垂水区,潮見が丘２丁目２番１号,6550005
5140001018601,株式会社チカノ,兵庫県,神戸市垂水区,小束山本町２丁目８番２９号,6550003
5140001018618,株式会社デイドリーム,兵庫県,神戸市垂水区,狩口台７丁目１５番３０−２０３号,6550049
5140001018642,株式会社富商,兵庫県,神戸市垂水区,桃山台４丁目２番地１,6550854
5140001018650,株式会社長井珈琲,兵庫県,神戸市垂水区,桃山台５丁目１番地の６,6550854
5140001018691,株式会社ハイエスケー,兵庫県,神戸市垂水区,学が丘１丁目１９番２２号,6550004
5140001018717,原田鈑金株式会社,兵庫県,神戸市垂水区,潮見が丘１丁目１４番９号,6550005
5140001018725,株式会社ヒシケイ,兵庫県,神戸市垂水区,霞ケ丘７丁目３番２１号,6550039
5140001018733,日向土地建物株式会社,兵庫県,神戸市垂水区,日向１丁目５番１−１３０２号,6550893
5140001018766,株式会社藤原設備,兵庫県,神戸市垂水区,名谷町字春日手２２５９−３,6550852
5140001018774,株式会社プレイス神戸,兵庫県,神戸市垂水区,星が丘３丁目１番８３号,6550032
5140001018840,株式会社三貴ホーム,兵庫県,神戸市垂水区,西舞子２丁目１２番５４−４４１号,6550048
5140001018865,株式会社宮地総合計画事務所,兵庫県,神戸市垂水区,平磯１丁目３番９号,6550892
5140001018873,株式会社メイゾーン霞ケ丘,兵庫県,神戸市垂水区,霞ケ丘１丁目２番２８号,6550039
5140001018881,株式会社メデイカルコミニユケーシヨンシステム,兵庫県,神戸市垂水区,潮見が丘１丁目７番３９号,6550005
5140001018898,株式会社ヤマシタ,兵庫県,神戸市垂水区,名谷町字入野７７９番地,6550852
5140001018907,弥生造園株式会社,兵庫県,神戸市垂水区,名谷町３０８０番地,6550852
5140001018915,株式会社ユナイテッドサプライ,兵庫県,神戸市垂水区,桃山台３丁目１１番地の１２,6550854
5140001018931,株式会社羅生門,兵庫県,神戸市垂水区,星陵台２丁目５番２１号,6550038
5140001018948,神戸運送自動車株式会社,兵庫県,神戸市垂水区,下畑町字鷲ケ尾３０３番地の２２,6550861
5140001018964,株式会社神戸システムクリエイション,兵庫県,神戸市垂水区,狩口台７丁目６番３−２０３号,6550049
5140001018972,株式会社神戸中川組,兵庫県,神戸市垂水区,青山台２丁目８番２号,6550873
5140001018980,日本鉱砂株式会社,兵庫県,神戸市垂水区,本多聞３丁目１番３４−１０３,6550006
5140001020012,株式会社勇晴建設,兵庫県,神戸市垂水区,桃山台２丁目１１８８番地の６９,6550854
5140001021340,株式会社リバーシティプラン,兵庫県,神戸市垂水区,学が丘４丁目４番２号,6550004
5140001022149,モネ産業株式会社,兵庫県,神戸市垂水区,霞ケ丘２丁目２番１７号,6550039
5140001022660,株式会社さくら工房,兵庫県,神戸市垂水区,五色山７丁目５番１９号,6550035
5140001022883,株式会社メガフーズ,兵庫県,神戸市垂水区,星陵台５丁目１１番１２号,6550038
5140001022933,イースプラン株式会社,兵庫県,神戸市垂水区,狩口台７丁目１５番３０−４０７号,6550049
5140001023345,株式会社ヒロハウス,兵庫県,神戸市垂水区,朝谷町１１番地の３,6550862
5140001023766,株式会社神戸白十字,兵庫県,神戸市垂水区,福田２丁目２番４９号,6550013
5140001024302,株式会社ＫＲＣ,兵庫県,神戸市垂水区,星陵台７丁目４番２２号,6550038
5140001024418,株式会社コナコーポレーション,兵庫県,神戸市垂水区,名谷町字猿倉３０１番地の１９７,6550852
5140001024921,アキヤ株式会社,兵庫県,神戸市垂水区,塩屋町５丁目１３番６号,6550872
5140001025399,株式会社ゴールドビュー,兵庫県,神戸市垂水区,松風台２丁目１番２−９０７号,6550871
5140001025424,株式会社ＨＴＲ,兵庫県,神戸市垂水区,城が山１丁目８−１４,6550884
5140001025985,株式会社清玄ハウジングコンサルツ,兵庫県,神戸市垂水区,清玄町３１番地の１３,6550865
5140001026471,株式会社大和,兵庫県,神戸市垂水区,下畑町４８８番４,6550861
5140001026876,エフネットコム株式会社,兵庫県,神戸市垂水区,仲田２丁目１番４０号,6550034
5140001026892,株式会社穴瀬測量,兵庫県,神戸市垂水区,学が丘４丁目１０番２４号アーバン学が丘ビル１階,6550004
5140001026959,株式会社メイテク,兵庫県,神戸市垂水区,朝谷町２８番地の５,6550862
5140001027049,株式会社神戸トレード,兵庫県,神戸市垂水区,塩屋町５丁目１９番１４号,6550872
5140001027305,株式会社ジェイワークス,兵庫県,神戸市垂水区,日向１丁目５番１−８０４号,6550893
5140001027321,グッドスピード株式会社,兵庫県,神戸市垂水区,舞子坂２丁目５番２号,6550044
5140001027759,株式会社谷川工芸社,兵庫県,神戸市垂水区,天ノ下町１番１−１２２,6550029
5140001027973,ハーベストハウス株式会社,兵庫県,神戸市垂水区,舞多聞東３丁目３−３,6550052
5140001028286,株式会社マネーリスク研究所,兵庫県,神戸市垂水区,青山台５丁目５番８−５０７号,6550873
5140001029111,ジャストナウ株式会社,兵庫県,神戸市垂水区,東垂水町字菅ノ口７０４番地の３,6550881
5140001029441,ＦＪホーム株式会社,兵庫県,神戸市垂水区,星が丘３丁目５番１７号,6550032
5140001029474,株式会社神戸山本石材工業所,兵庫県,神戸市垂水区,下畑町字木之下８９６番地の１,6550861
5140001029714,株式会社ＧＲＥＥＮ　ＳＴＹＬＥ,兵庫県,神戸市垂水区,学が丘４丁目１２番１３号,6550004
5140001029805,株式会社ビセット,兵庫県,神戸市垂水区,千鳥が丘３丁目２１番４号,6550011
5140001029978,株式会社コウハツ,兵庫県,神戸市垂水区,神陵台９丁目２０番３号,6550041
5140001030143,株式会社ゴヘイ,兵庫県,神戸市垂水区,名谷町１４５７番地,6550852
5140001030242,株式会社なごみ,兵庫県,神戸市垂水区,学が丘４丁目２２番１２号,6550004
5140001030399,株式会社テツヤ・ジャパン,兵庫県,神戸市垂水区,清水が丘３丁目７番２号,6550031
5140001031050,ジェームス山不動産販売株式会社,兵庫県,神戸市垂水区,東垂水町６２６−１ＭＪビル２階,6550881
5140001031216,株式会社クリエイティブ,兵庫県,神戸市垂水区,多聞台１丁目６番１８号,6550007
5140001031224,株式会社ＭＡＲＵＹＡＭＡ,兵庫県,神戸市垂水区,清玄町２２番地の３,6550865
5140001031372,株式会社リアルクリエーション,兵庫県,神戸市垂水区,桃山台２丁目１７２０番１６号,6550854
5140001032016,株式会社ナノファクトリー,兵庫県,神戸市垂水区,東舞子町１６番８号舞子ハイツ７号,6550047
5140001032057,株式会社シーブリッジ,兵庫県,神戸市垂水区,五色山２丁目３−２４,6550035
5140001032239,株式会社河津工業,兵庫県,神戸市垂水区,千鳥が丘２丁目４−２８,6550011
5140001032288,神戸アクアテック株式会社,兵庫県,神戸市垂水区,つつじが丘７丁目２３９１番地の１２,6550853
5140001032354,株式会社ＢＢ・ＷＥＳＴ,兵庫県,神戸市垂水区,桃山台５丁目１０番地の５,6550854
5140001032775,株式会社メイプルハンド,兵庫県,神戸市垂水区,東垂水町８０９番地の３３２、４１１号,6550881
5140001033088,シルバーウィリアムス株式会社,兵庫県,神戸市垂水区,陸ノ町８番２２号,6550026
5140001033154,株式会社エムワークス,兵庫県,神戸市垂水区,五色山７丁目３番２５号,6550035
5140001035720,株式会社播戸,兵庫県,神戸市垂水区,城が山３丁目４番２号,6550884
5140001038104,エスビーエスアドバンス株式会社,兵庫県,神戸市垂水区,向陽２丁目２番２０号,6550012
5140001038153,株式会社仲谷メディカル,兵庫県,神戸市垂水区,舞子台５丁目５番１号,6550046
5140001038178,株式会社神戸ロジサポート,兵庫県,神戸市垂水区,舞多聞西１丁目１６番４号,6550051
5140001042270,株式会社ネセサリー,兵庫県,神戸市垂水区,朝谷町２１番地の１,6550862
5140001057070,株式会社ケアリーフ,兵庫県,神戸市垂水区,桃山台５丁目１−２,6550854
5140001057418,ＲＥ．ＣＲＯＳＳ株式会社,兵庫県,神戸市垂水区,神田町４−２６,6550027
5140001067664,株式会社アインズー,兵庫県,神戸市垂水区,名谷町３１７３番地セントポリア神戸運動公園１０１３号,6550852
5140001077829,株式会社尾田不動産,兵庫県,神戸市垂水区,西舞子３丁目２１番２０号,6550048
5140001086409,株式会社四季の家,兵庫県,神戸市垂水区,南多聞台８丁目１８番１２号,6550043
5140001086821,オクタス株式会社,兵庫県,神戸市垂水区,塩屋町６丁目３４番１０号,6550872
5140001086846,株式会社ＴＨＹ,兵庫県,神戸市垂水区,潮見が丘１丁目４番３４号アタックスビル２Ｅ,6550005
5140001087472,株式会社Ｓｏｕｎｄ　Ｃｒｅｗ,兵庫県,神戸市垂水区,五色山１丁目５番１１号,6550035
5140001087530,株式会社ライフエージェンシー,兵庫県,神戸市垂水区,歌敷山３丁目１番３０号,6550037
5140001087968,株式会社未来,兵庫県,神戸市垂水区,狩口台７丁目６番２−８０３号,6550049
5140001088215,株式会社ＧＲＡＣＥ,兵庫県,神戸市垂水区,平磯４丁目４−７ジョイフル垂水１Ｆ,6550892
5140001088578,株式会社Ｗｏｒｌｄ　Ｐａｒｋ,兵庫県,神戸市垂水区,星陵台８丁目４番１４号,6550038
5140001088636,株式会社ＬＯＯＫサービス,兵庫県,神戸市垂水区,西舞子１丁目７番２７号,6550048
5140001089551,サフィールリゾート株式会社,兵庫県,神戸市垂水区,東舞子町１８番１１号,6550047
5140001090204,株式会社ＧＲＯＷ,兵庫県,神戸市垂水区,千代が丘２丁目５−１２−４０５,6550018
5140001090600,株式会社牧野商事,兵庫県,神戸市垂水区,舞子台４丁目５番１５号,6550046
5140001091152,株式会社ステイバードパートナーズ,兵庫県,神戸市垂水区,星陵台４丁目４番４６−１１１０号,6550038
5140001091284,株式会社Ｓ・Ｎプランニング,兵庫県,神戸市垂水区,松風台２丁目１番１−３０８号,6550871
5140001091334,株式会社清晨館,兵庫県,神戸市垂水区,本多聞１丁目２番１号,6550006
5140001092274,株式会社サントス,兵庫県,神戸市垂水区,下畑町字西関東林山５１９番地の２４,6550861
5140001093074,リエゾンＫＯＢＥ株式会社,兵庫県,神戸市垂水区,清玄町３１番地の１０,6550865
5140001093157,株式会社ラセフ,兵庫県,神戸市垂水区,福田５丁目５番２２号,6550013
5140001094056,株式会社さくらテック,兵庫県,神戸市垂水区,多聞台４丁目７番９号,6550007
5140001094221,株式会社共創堂,兵庫県,神戸市垂水区,桃山台５丁目１番地の９,6550854
5140001094691,株式会社西村家,兵庫県,神戸市垂水区,城が山４丁目３番３１号,6550884
5140001095376,株式会社葵,兵庫県,神戸市垂水区,千代が丘１丁目１番２９号フローラ千代ヶ丘３１０号,6550018
5140001095995,ＫＯＢＩＬＳ株式会社,兵庫県,神戸市垂水区,桃山台４丁目４番地の１３,6550854
5140001096267,株式会社てんじく,兵庫県,神戸市垂水区,天ノ下町５番２６号,6550029
5140001097216,株式会社ドラフト,兵庫県,神戸市垂水区,大町３丁目１−２３,6550014
5140001097562,株式会社神戸垂水東販売,兵庫県,神戸市垂水区,東垂水町字菅ノ口７０４番地の１,6550881
5140001098429,株式会社平田建設工業,兵庫県,神戸市垂水区,塩屋町３丁目２５番３号,6550872
5140001098593,株式会社トップライク,兵庫県,神戸市垂水区,福田４丁目６番３６号,6550013
5140001099229,株式会社ＡＳＳＥＳＴ,兵庫県,神戸市垂水区,舞多聞東３丁目７番８号,6550052
5140001099419,株式会社仲偉,兵庫県,神戸市垂水区,西脇２丁目３番１８号,6550042
5140001099583,株式会社ＨＡＲＲＹ’Ｓ,兵庫県,神戸市垂水区,霞ケ丘７丁目１番２５号,6550039
5140001099708,株式会社Ｆｉｔｇｒｉｔ,兵庫県,神戸市垂水区,西舞子２丁目１番４６号日成ビル,6550048
5140001100037,ＢＯＲＤＥＲ　ＲＥＡＬ　ＥＳＴＡＴＥ株式会社,兵庫県,神戸市垂水区,霞ケ丘５丁目８番８号,6550039
5140001100136,株式会社マイライフ,兵庫県,神戸市垂水区,塩屋町３丁目１６番１７号,6550872
5140001100615,新森興業株式会社,兵庫県,神戸市垂水区,塩屋台２丁目９番１６号,6550864
5140001101002,株式会社ＭＩＫＩ＆Ａ,兵庫県,神戸市垂水区,星陵台７丁目９番１０号,6550038
5140001101935,一線株式会社,兵庫県,神戸市垂水区,千鳥が丘２丁目１番７号１階,6550011
5140001102207,アジア産業株式会社,兵庫県,神戸市垂水区,塩屋町９丁目３番１７−７０１号,6550872
5140001102669,ライフニモウズ株式会社,兵庫県,神戸市垂水区,西舞子４丁目５番２３号,6550048
5140001103064,株式会社神原クリエイティブエージェンシー,兵庫県,神戸市垂水区,神和台３丁目１１番地の９,6550851
5140001103535,株式会社サンファクトリー,兵庫県,神戸市垂水区,本多聞４丁目１番２６１−３０１号,6550006
5140001103799,株式会社垂水園,兵庫県,神戸市垂水区,陸ノ町２番６号,6550026
5140001104070,株式会社兵庫在宅生活支援事業団,兵庫県,神戸市垂水区,五色山４丁目１５番７号,6550035
5140001104178,株式会社アールドットクリスノ,兵庫県,神戸市垂水区,星陵台８丁目７番１３号,6550038
5140001104236,株式会社Ｍ’ｓ　ｗｅｌｌｎｅｓｓ　ｓｕｐｐｏｒｔ,兵庫県,神戸市垂水区,上高丸１丁目１０番１５号,6550017
5140001104574,株式会社ＦＫ,兵庫県,神戸市垂水区,西舞子３丁目９番１０号,6550048
5140001104673,株式会社増田電気,兵庫県,神戸市垂水区,本多聞４丁目７番７２号,6550006
5140001105052,神戸メカニカル株式会社,兵庫県,神戸市垂水区,小束山６丁目３番地の５,6550002
5140001105341,株式会社八百新青果,兵庫県,神戸市垂水区,本多聞４丁目１番新多聞センター街２６０号棟１０３,6550006
5140001106307,株式会社六甲ペイント,兵庫県,神戸市垂水区,小束山本町１丁目４番５号,6550003
5140001106728,オリーブ神戸株式会社,兵庫県,神戸市垂水区,星が丘２丁目７番７号,6550032
5140001106918,株式会社帝建,兵庫県,神戸市垂水区,潮見が丘１丁目２５−２５,6550005
5140001107305,株式会社ヤマキ,兵庫県,神戸市垂水区,上高丸３丁目１５番１５号,6550017
5140001108575,株式会社素木,兵庫県,神戸市垂水区,小束山本町２丁目２７番７号,6550003
5140001109169,株式会社オハラ,兵庫県,神戸市垂水区,星陵台６丁目１番１１号,6550038
5140001109425,株式会社Ｍｏｒｉｍｏｔｏｙａ,兵庫県,神戸市垂水区,神田町５番１２号,6550027
5140001109722,株式会社樹大建設,兵庫県,神戸市垂水区,塩屋町６６７番地の５,6550872
5140001109838,株式会社上所商店,兵庫県,神戸市垂水区,千代が丘２丁目２−２３,6550018
5140001110317,株式会社ｆｅｌｉｃｅホールディングス,兵庫県,神戸市垂水区,多聞台１丁目９番４号,6550007
5140001110390,フェア国際平和大学株式会社,兵庫県,神戸市垂水区,本多聞２丁目３４−１４−２０１,6550006
5140001110580,株式会社ゆうの縁,兵庫県,神戸市垂水区,本多聞２丁目２４番１５号,6550006
5140001111257,株式会社寿,兵庫県,神戸市垂水区,星が丘３丁目２番６号,6550032
5140001112420,株式会社ｂｓｂ,兵庫県,神戸市垂水区,神陵台８丁目１−１２,6550041
5140001112635,株式会社ＬｉｖｅＭａｔｅ,兵庫県,神戸市垂水区,宮本町１番２８号,6550028
5140001113261,アブラム・パートナーシップ株式会社,兵庫県,神戸市垂水区,神陵台８丁目１２番１２号,6550041
5140001113377,株式会社永浜商事,兵庫県,神戸市垂水区,塩屋北町１丁目２０番１９号,6550863
5140001113542,名古山商事株式会社,兵庫県,神戸市垂水区,星陵台２丁目５番１３号,6550038
5140001113872,株式会社ハマヤ製パン工場,兵庫県,神戸市垂水区,川原２丁目１番２３号,6550894
5140001115217,株式会社ＤＡＩＡ,兵庫県,神戸市垂水区,歌敷山３丁目５番１８号,6550037
5140001115811,株式会社Ｆａｓｔｌｉｆｅ,兵庫県,神戸市垂水区,舞子台７丁目２番１８−２０９号,6550046
5140001117097,株式会社アップスポーツクラブ,兵庫県,神戸市垂水区,高丸４丁目８番７号Ａ１０３,6550016
5140001117130,株式会社天陽,兵庫県,神戸市垂水区,名谷町字猿倉２３８番地の２４,6550852
5140001118335,株式会社Ｏ’ｓ,兵庫県,神戸市垂水区,桃山台３丁目２２番地の１８,6550854
5140001118442,株式会社ＥＡＳＴ　ＢＥＡＣＨ　ＣＯＲＰＯＲＡＴＩＯＮ,兵庫県,神戸市垂水区,山手３丁目５番１５号,6550891
5140001120092,株式会社西林設備,兵庫県,神戸市垂水区,朝谷町１５番地の１,6550862
5140001120480,株式会社ＢＲＡＮＤ　ＮＥＷ,兵庫県,神戸市垂水区,千鳥が丘３丁目１０番５０号,6550011
5140001121264,株式会社ＨＡＭＯＯ,兵庫県,神戸市垂水区,つつじが丘６丁目３番地の３,6550853
5140001122667,ｓｆｉｄａマネジメント株式会社,兵庫県,神戸市垂水区,星が丘３丁目４番１７号,6550032
5140001123525,株式会社ＴＲＵＮＫ,兵庫県,神戸市垂水区,つつじが丘１丁目１１９８番地の３８,6550853
5140001124069,株式会社プレイ,兵庫県,神戸市垂水区,清水が丘３丁目１０番７−３０３号,6550031
5140001124795,アイジーインターナショナル株式会社,兵庫県,神戸市垂水区,青山台１丁目２２番１号,6550873
5140001124829,ＴＲＥＳＣ株式会社,兵庫県,神戸市垂水区,平磯４丁目１−８−１Ｗ＆Ｒ５,6550892
5140001125380,株式会社マイビスター,兵庫県,神戸市垂水区,小束山本町２丁目３０番１号,6550003
5140001125562,Ｂｅｒｇ株式会社,兵庫県,神戸市垂水区,塩屋町６丁目３２番２５号,6550872
5140001126230,ａ．ｄ．ｄ株式会社,兵庫県,神戸市垂水区,城が山１丁目１４番１１号,6550884
5140001126379,株式会社ささやま,兵庫県,神戸市垂水区,西舞子８丁目５番２６号,6550048
5140001126890,株式会社Ｔｒｙａｍ　Ｉｎｃ．,兵庫県,神戸市垂水区,舞多聞東３丁目８番１６−１,6550052
5140001127229,株式会社セッション,兵庫県,神戸市垂水区,西舞子７丁目１６番４号,6550048
5140001129274,株式会社ＧＩＡＮＴ,兵庫県,神戸市垂水区,舞多聞西３丁目１番５号,6550051
5140001129613,株式会社Ｒ,兵庫県,神戸市垂水区,舞子坂２丁目４番４２−３０１号,6550044
5140001131684,株式会社Ｓｍｉｌｅ　Ｄａｙｓ,兵庫県,神戸市垂水区,小束山本町３丁目１番１−２０１号,6550003
5140001131940,株式会社ＫＡＴＯエンジニア,兵庫県,神戸市垂水区,東垂水町６２２番地の８,6550881
5140001132039,株式会社田中建築,兵庫県,神戸市垂水区,福田５丁目６番７号,6550013
5140001132963,Ｓ９株式会社,兵庫県,神戸市垂水区,舞多聞西１丁目７番１７号,6550051
5140001133557,株式会社リッツ,兵庫県,神戸市垂水区,学が丘４丁目１０番２７号学が丘ビル１０１,6550004
5140001134027,縁起でもない株式会社,兵庫県,神戸市垂水区,名谷町字寺池１５０８番地−５０１号,6550852
5140001134159,メカストテクノロジー株式会社,兵庫県,神戸市垂水区,五色山６丁目１−２６でゅお五色山３０７号室,6550035
5140001135776,株式会社Ｗｈｉｔｅ　ｓｕｎカンパニー,兵庫県,神戸市垂水区,上高丸１丁目６番４６−４０１号,6550017
5140001135925,株式会社リメイク,兵庫県,神戸市垂水区,五色山３丁目２番２７号,6550035
5140001135999,辰海商事株式会社,兵庫県,神戸市垂水区,舞多聞西７丁目１３番２号,6550051
5140001136262,株式会社ディー・エアー,兵庫県,神戸市垂水区,千鳥が丘３丁目２２番１８号,6550011
5140001136543,小野電気株式会社,兵庫県,神戸市垂水区,神陵台８丁目１３番１５号,6550041
5140001136667,株式会社神戸の面白い不動産屋,兵庫県,神戸市垂水区,高丸８丁目７番２４号,6550016
5140001136857,株式会社Ｏｍｏｉｅ,兵庫県,神戸市垂水区,舞多聞西７丁目４番２４号,6550051
5140001137335,株式会社ｂｏｕｌｄｅｒ,兵庫県,神戸市垂水区,泉が丘５丁目１番２０号,6550885
5140001138036,マエカワ株式会社,兵庫県,神戸市垂水区,つつじが丘２丁目８番地の２０,6550853
5140001138829,株式会社ＣＳプランニング,兵庫県,神戸市垂水区,舞多聞西６丁目１番３号,6550051
5140001140033,株式会社ＮＳＳ,兵庫県,神戸市垂水区,潮見が丘１丁目４番４５号,6550005
5140001140108,株式会社ＳｏｎｒｉｓａＳ,兵庫県,神戸市垂水区,狩口台７丁目７番８号,6550049
5140001140495,株式会社クリエイト良紀,兵庫県,神戸市垂水区,名谷町７９３番地,6550852
5140001141394,Ｂｌｏｏｍ　ｏｎ　ｔｈｅ　Ｇｒｅｅｎ株式会社,兵庫県,神戸市垂水区,朝谷町１０番地の７,6550862
5140001141519,株式会社ＡＫサービス,兵庫県,神戸市垂水区,青山台５丁目５番８−５０２号,6550873
5140001141717,和田不動産株式会社,兵庫県,神戸市垂水区,川原２丁目２番１４−１０１号,6550894
5140001142104,株式会社Ａｂｙｓｓｅ,兵庫県,神戸市垂水区,舞子台４丁目４番５号,6550046
5140002006266,株式会社フォースマイル,兵庫県,神戸市垂水区,神田町２番３５号石井ビル,6550027
5140002010788,ＭｇＦｕｓｉｏｎ株式会社,兵庫県,神戸市垂水区,小束山２丁目１７番地の２,6550002
5140003003741,株式会社文化,兵庫県,神戸市垂水区,高丸２丁目１番１０号,6550016
5140003005878,株式会社ドライブレック,兵庫県,神戸市垂水区,舞子坂３丁目１７番８号,6550044
5140003008963,株式会社ひなたぼっこ,兵庫県,神戸市垂水区,福田４丁目４番２２号１０２号室,6550013
5140003009004,株式会社Ａｃａｌａ,兵庫県,神戸市垂水区,五色山３丁目３−１７,6550035
5140003013204,株式会社協和テクノス,兵庫県,神戸市垂水区,つつじが丘５丁目２６番地５,6550853
5140005004936,アジアマリン株式会社,兵庫県,神戸市垂水区,宮本町４番５号,6550028
5300001007827,株式会社ワイケイティ,兵庫県,神戸市垂水区,西舞子８丁目１６番１９−３１１号,6550048
5360001013992,ヴイアンドピー株式会社,兵庫県,神戸市垂水区,松風台１丁目５番２号,6550871
5500001019307,株式会社ファンホリック,兵庫県,神戸市垂水区,五色山３丁目１番１４−２０６号,6550035
6010701043902,株式会社ＰＳＧ,兵庫県,神戸市垂水区,舞子台２丁目９番２１号,6550046
6011001119459,株式会社ルミナプラス,兵庫県,神戸市垂水区,星が丘１丁目４番６４−２号,6550032
6030001133096,株式会社リバホーム,兵庫県,神戸市垂水区,本多聞３丁目６番６号２階,6550006
6120001057815,パラケムジャパン株式会社,兵庫県,神戸市垂水区,高丸３丁目３番３４号,6550016
6120001196902,株式会社アクトフォー,兵庫県,神戸市垂水区,狩口台６丁目９番３−１０４号,6550049
6120001221008,ブリッツインターナショナル株式会社,兵庫県,神戸市垂水区,小束台８６８番地の１０９７,6550008
6120001223490,株式会社ロイハート,兵庫県,神戸市垂水区,山手７丁目４番６号,6550891
6140001002463,豊進開発株式会社,兵庫県,神戸市垂水区,名谷町字寺池１５０８−５０３,6550852
6140001004682,株式会社クレストホーム,兵庫県,神戸市垂水区,舞多聞西６丁目１番３号,6550051
6140001005128,とだ油圧工業株式会社,兵庫県,神戸市垂水区,東舞子町１８番６０−１０８,6550047
6140001005144,株式会社ＮＫＴ,兵庫県,神戸市垂水区,名谷町２３０番地の６,6550852
6140001007462,日本エコロ株式会社,兵庫県,神戸市垂水区,星陵台５丁目３番７号,6550038
6140001009236,株式会社ダッツコーポレーション,兵庫県,神戸市垂水区,歌敷山４丁目１１番７６−２０９号,6550037
6140001017346,大島建設株式会社,兵庫県,神戸市垂水区,舞子坂３丁目１４番２１号,6550044
6140001018138,株式会社青木電器商会,兵庫県,神戸市垂水区,天ノ下町１番１号、ウエステ垂水１６７号室,6550029
6140001018146,株式会社アーバンコンクリート,兵庫県,神戸市垂水区,多聞町字小束山８６８番地,6550001
6140001018154,株式会社アクトコーポレーション,兵庫県,神戸市垂水区,五色山１丁目２番２２号,6550035
6140001018162,芦田興産株式会社,兵庫県,神戸市垂水区,福田２丁目１番２７号,6550013
6140001018195,セーフティークレーン株式会社,兵庫県,神戸市垂水区,本多聞５丁目１番１７６−２０６号,6550006
6140001018220,株式会社海,兵庫県,神戸市垂水区,日向２丁目２番４号,6550893
6140001018253,大澤開発株式会社,兵庫県,神戸市垂水区,多聞台２丁目１６番２号,6550007
6140001018261,株式会社岡秀商会,兵庫県,神戸市垂水区,仲田２丁目１番９号,6550034
6140001018278,株式会社カンサイ,兵庫県,神戸市垂水区,星陵台２丁目２番２１号,6550038
6140001018286,株式会社カジマコポレーション,兵庫県,神戸市垂水区,城が山５丁目６番５号,6550884
6140001018336,株式会社くにけん,兵庫県,神戸市垂水区,舞子坂２丁目１番３号,6550044
6140001018352,京神興産株式会社,兵庫県,神戸市垂水区,神田町１００番地,6550027
6140001018369,株式会社興和製作所,兵庫県,神戸市垂水区,小束山本町２丁目２９番１４号,6550003
6140001018377,株式会社コスモス電化,兵庫県,神戸市垂水区,神和台３丁目２番地の１０,6550851
6140001018385,小中野建設株式会社,兵庫県,神戸市垂水区,名谷町字入野６８５−１,6550852
6140001018402,迫田産業株式会社,兵庫県,神戸市垂水区,清水が丘１丁目２３番２３号,6550031
6140001018410,株式会社サンセト,兵庫県,神戸市垂水区,学が丘４丁目７番３号,6550004
6140001018419,株式会社ザ・ハウジング神戸,兵庫県,神戸市垂水区,星陵台１丁目７番１１号,6550038
6140001018427,株式会社三陽電気工業所,兵庫県,神戸市垂水区,本多聞１丁目２０番１７号,6550006
6140001018443,株式会社シーホース,兵庫県,神戸市垂水区,塩屋町１丁目２番１８号,6550872
6140001018492,株式会社ジョイモード,兵庫県,神戸市垂水区,星が丘３丁目２番１３号,6550032
6140001018501,株式会社進和工亊,兵庫県,神戸市垂水区,桃山台６丁目１４番地の４,6550854
6140001018526,セジュン株式会社,兵庫県,神戸市垂水区,福田５丁目５番２２号,6550013
6140001018559,高砂自動車株式会社,兵庫県,神戸市垂水区,塩屋町１丁目５番８−７０５号,6550872
6140001018567,株式会社高野屋,兵庫県,神戸市垂水区,霞ケ丘５丁目５番１０号,6550039
6140001018583,多聞自動車整備株式会社,兵庫県,神戸市垂水区,清水が丘３丁目３番３０号,6550031
6140001018591,株式会社垂水亀井堂,兵庫県,神戸市垂水区,城が山１丁目１０番１号,6550884
6140001018600,株式会社タルミニット,兵庫県,神戸市垂水区,川原２丁目１番２５号,6550894
6140001018609,株式会社辻本興産,兵庫県,神戸市垂水区,東垂水町字菅ノ口６３４番地の１,6550881
6140001018658,株式会社中原建設,兵庫県,神戸市垂水区,下畑町字雲星５１１番地１,6550861
6140001018674,西脇興産株式会社,兵庫県,神戸市垂水区,本多聞１丁目４番２号,6550006
6140001018690,株式会社野村美術,兵庫県,神戸市垂水区,馬場通７番２３号,6550021
6140001018699,株式会社白峯,兵庫県,神戸市垂水区,本多聞２丁目１０番４−５０３号,6550006
6140001018708,濱惣株式会社,兵庫県,神戸市垂水区,西舞子１丁目４番１１号,6550048
6140001018740,ファーストホーム株式会社,兵庫県,神戸市垂水区,名谷町３４番地の１０,6550852
6140001018749,葺合電化株式会社,兵庫県,神戸市垂水区,高丸７丁目７番１６号,6550016
6140001018781,株式会社平成生コンクリート,兵庫県,神戸市垂水区,多聞町字小束山字中ノ谷１０８６番地４７,6550001
6140001018807,株式会社舞の夢,兵庫県,神戸市垂水区,本多聞３丁目５番２３号,6550006
6140001018823,摩耶トランスライン株式会社,兵庫県,神戸市垂水区,舞子台８丁目６番１号舞子天野ビル,6550046
6140001018864,都木材株式会社,兵庫県,神戸市垂水区,小束山２丁目１４番地の１１,6550002
6140001018872,明伸水産株式会社,兵庫県,神戸市垂水区,小束山町四丁目３番地９,6550000
6140001018906,山本正商事株式会社,兵庫県,神戸市垂水区,高丸３丁目２番２８号,6550016
6140001018914,ユニオンガス株式会社,兵庫県,神戸市垂水区,海岸通２番２号,6550036
6140001018922,株式会社吉田組重機,兵庫県,神戸市垂水区,下畑町字鷲ケ尾３０２,6550861
6140001018930,株式会社和光眼鏡院,兵庫県,神戸市垂水区,つつじが丘１丁目８番１号,6550853
6140001018939,株式会社龍工務店,兵庫県,神戸市垂水区,山手７丁目５番１号,6550891
6140001018971,株式会社神戸宅建センター,兵庫県,神戸市垂水区,狩口台７丁目１５番４８号,6550049
6140001019078,株式会社廣和エンジニア,兵庫県,神戸市垂水区,下畑町木下９０１,6550861
6140001019565,山創建設工業株式会社,兵庫県,神戸市垂水区,東垂水町字菅ノロ６９３番地,6550881
6140001019763,ケイズコーポレーション株式会社,兵庫県,神戸市垂水区,塩屋北町２丁目３番１号,6550863
6140001022809,青空建設株式会社,兵庫県,神戸市垂水区,福田４丁目６番２７号,6550013
6140001022949,義隆商事株式会社,兵庫県,神戸市垂水区,本多聞１丁目１３番４号,6550006
6140001023154,株式会社エデュケア,兵庫県,神戸市垂水区,学が丘４丁目１０番３５号小橋ビル２Ｆ,6550004
6140001023369,株式会社シーセブン,兵庫県,神戸市垂水区,名谷町３４７４番地の１ドルフ・サトウ２０５号,6550852
6140001023633,株式会社ニュースタディー,兵庫県,神戸市垂水区,神陵台７丁目５番３号,6550041
6140001024144,西日本デカンターサービス株式会社,兵庫県,神戸市垂水区,舞子坂４丁目１１番１６号,6550044
6140001024929,ハイドロアンドエナジイ株式会社,兵庫県,神戸市垂水区,舞子台１丁目４番１３号,6550046
6140001025101,株式会社ドクターリッチ,兵庫県,神戸市垂水区,高丸４丁目１番１４号２Ｆ,6550016
6140001025142,株式会社クリヤ,兵庫県,神戸市垂水区,小束山本町２丁目２２番６号,6550003
6140001025316,株式会社神戸デンタルサービス,兵庫県,神戸市垂水区,つつじが丘２丁目１８番地の１,6550853
6140001025324,株式会社グランペ,兵庫県,神戸市垂水区,上高丸２丁目３−２４,6550017
6140001025654,株式会社コベフォージ,兵庫県,神戸市垂水区,塩屋町字大谷６７１番地の１３７,6550872
6140001025786,オレンジ総研株式会社,兵庫県,神戸市垂水区,舞多聞西３丁目１０番２０号,6550051
6140001025877,株式会社ディープマリン,兵庫県,神戸市垂水区,坂上３丁目２−２３,6550895
6140001026058,株式会社アライアンスインターナショナル,兵庫県,神戸市垂水区,星陵台２丁目４番８号,6550038
6140001026371,株式会社アドマックス,兵庫県,神戸市垂水区,福田１丁目１０番１４号,6550013
6140001026586,株式会社神戸プランニング,兵庫県,神戸市垂水区,海岸通９番５０−６０５号,6550036
6140001027188,株式会社アルテビスタ,兵庫県,神戸市垂水区,泉が丘３丁目２番１０号,6550885
6140001027345,株式会社神戸嵩高運送,兵庫県,神戸市垂水区,上高丸３丁目１番２７−４２０号,6550017
6140001027485,くすのき地所株式会社,兵庫県,神戸市垂水区,下畑町字雲星４９８番地の２マンション神明２０２号,6550861
6140001027840,株式会社辻井ライフマネジメント,兵庫県,神戸市垂水区,千代が丘１丁目１番２９号,6550018
6140001027849,株式会社山崎システムズ,兵庫県,神戸市垂水区,北舞子３丁目６番２６−５０２号,6550045
6140001027931,株式会社ジパング,兵庫県,神戸市垂水区,舞子台６丁目２０番２３号,6550046
6140001028351,株式会社ウインテックサービス,兵庫県,神戸市垂水区,霞ケ丘５丁目２番２９号,6550039
6140001028368,株式会社フェニックス・エステート,兵庫県,神戸市垂水区,平磯４丁目３−２１,6550892
6140001028822,株式会社ムーンライトギャレー,兵庫県,神戸市垂水区,星が丘１丁目１番２８‐４０８号,6550032
6140001028855,株式会社垂蓮葬祭,兵庫県,神戸市垂水区,福田４丁目４番１７−１０７号,6550013
6140001029119,株式会社晴勇コミュニティ,兵庫県,神戸市垂水区,つつじが丘１丁目４番地の７,6550853
6140001029283,ブラスト興業株式会社,兵庫県,神戸市垂水区,福田２丁目２番１４号,6550013
6140001029325,株式会社オカモト,兵庫県,神戸市垂水区,霞ケ丘３丁目７番２２号,6550039
6140001029564,株式会社山崎設計事務所,兵庫県,神戸市垂水区,塩屋町３丁目２０番８号,6550872
6140001029928,株式会社ウッドランド,兵庫県,神戸市垂水区,名谷町２２８５−７,6550852
6140001030068,キングズ株式会社,兵庫県,神戸市垂水区,塩屋町２丁目３番１２号,6550872
6140001030761,株式会社サンライフ,兵庫県,神戸市垂水区,桃山台３丁目２８番地の１８,6550854
6140001030992,ランドスカップ株式会社,兵庫県,神戸市垂水区,塩屋台１丁目１４番１号,6550864
6140001031041,株式会社まるり,兵庫県,神戸市垂水区,小束山手３丁目７番１５号,6550009
6140001031181,株式会社建築工房ＺＥＲＯ,兵庫県,神戸市垂水区,御霊町６番３２−２号,6550024
6140001031669,株式会社ティーラインプランニング,兵庫県,神戸市垂水区,名谷町字平ノ垣内８５４番地の６アンピエスぜん４０５,6550852
6140001031768,株式会社Ｍコーポレーション,兵庫県,神戸市垂水区,名谷町１７３４番地の４１９−２０３号,6550852
6140001031974,株式会社めで鯛な堂,兵庫県,神戸市垂水区,陸ノ町二丁目３２,6550026
6140001031990,株式会社ＨＹ,兵庫県,神戸市垂水区,星が丘２丁目１番１４号,6550032
6140001032080,株式会社ワンベスト,兵庫県,神戸市垂水区,小束山２丁目１０番地の９,6550002
6140001032353,株式会社ＨＯＮＳＨＯ,兵庫県,神戸市垂水区,名谷町字梨原２３６５番地の１,6550852
6140001032576,株式会社ＧＴＬコクボ,兵庫県,神戸市垂水区,つつじが丘５丁目１６番地の４,6550853
6140001033013,株式会社ＩＳＭ,兵庫県,神戸市垂水区,五色山５丁目８番１８号,6550035
6140001033616,株式会社パディーフィールド,兵庫県,神戸市垂水区,小束山手１丁目１番２号,6550009
6140001033707,株式会社エイテック,兵庫県,神戸市垂水区,塩屋北町１丁目６番５号,6550863
6140001033748,株式会社ウィング,兵庫県,神戸市垂水区,名谷町２２８５−１,6550852
6140001033764,三和経営コンサルティング株式会社,兵庫県,神戸市垂水区,星が丘１丁目２番１０号,6550032
6140001033979,株式会社メディカル・コンシェルジェ,兵庫県,神戸市垂水区,小束台８６８番地の１０１２,6550008
6140001033987,株式会社クリエイト,兵庫県,神戸市垂水区,学が丘４丁目１０番３５号小橋ビル２Ｆ,6550004
6140001034093,株式会社Ｈ＆Ｎ,兵庫県,神戸市垂水区,陸ノ町１０番２５号,6550026
6140001034143,株式会社あかり,兵庫県,神戸市垂水区,舞多聞東３丁目２番２３号,6550052
6140001034317,株式会社藤田フードサービス,兵庫県,神戸市垂水区,つつじが丘７丁目９番地の１,6550853
6140001036981,株式会社メイセイフード,兵庫県,神戸市垂水区,坂上２丁目１番１９号,6550895
6140001038185,株式会社舞子松下,兵庫県,神戸市垂水区,五色山２丁目３番３１号,6550035
6140001042138,株式会社明建住宅,兵庫県,神戸市垂水区,五色山５丁目８番１７号,6550035
6140001042344,株式会社ハルカワールド,兵庫県,神戸市垂水区,南多聞台４丁目３番１号,6550043
6140001045198,インタートラスト・マネージメント株式会社,兵庫県,神戸市垂水区,天ノ下町１０番２１号,6550029
6140001057029,株式会社タキフーズ,兵庫県,神戸市垂水区,天ノ下町１１−１０,6550029
6140001057409,株式会社林,兵庫県,神戸市垂水区,舞子台２丁目２番１−６０８号,6550046
6140001063968,株式会社ヒスミープロモーション,兵庫県,神戸市垂水区,西舞子１丁目１番１５−２０１号,6550048
6140001067390,株式会社ＲｅＤｉｘ,兵庫県,神戸市垂水区,名谷町１０１９番地の１,6550852
6140001067440,株式会社エム・ディ・トレーディング,兵庫県,神戸市垂水区,学が丘３丁目４番３−７１８号,6550004
6140001067523,株式会社Ｆａｉｒｉｅｓ,兵庫県,神戸市垂水区,瑞ケ丘５番１３号,6550025
6140001067580,株式会社ＫＶＤ,兵庫県,神戸市垂水区,神陵台５丁目１６番１１号,6550041
6140001086234,株式会社大恵ペイント工業,兵庫県,神戸市垂水区,向陽３丁目１−２７ＪＡオアシス会館１階,6550012
6140001086647,株式会社ａｎ’ｆａｎ,兵庫県,神戸市垂水区,名谷町１４００番地の５１,6550852
6140001086886,恵和包装株式会社,兵庫県,神戸市垂水区,名谷町字高曽２３００−１ベルデ名谷１号館３０４号,6550852
6140001086977,株式会社オーシャン,兵庫県,神戸市垂水区,舞多聞西３丁目８番８号,6550051
6140001087950,株式会社元気会,兵庫県,神戸市垂水区,旭が丘１丁目３番３５号,6550033
6140001089419,株式会社ＳＣ神戸,兵庫県,神戸市垂水区,舞子台６丁目１１番２２−７０４号,6550046
6140001090310,株式会社Ｓ−ＡＬＬＩＡＮＣＥ,兵庫県,神戸市垂水区,五色山４丁目２０−１０,6550035
6140001090665,株式会社ＫＥＹＬＩＮＸ,兵庫県,神戸市垂水区,星が丘３丁目２番６号,6550032
6140001091663,ネクストリアライズ株式会社,兵庫県,神戸市垂水区,狩口台４丁目３２番,6550049
6140001091812,株式会社電匠,兵庫県,神戸市垂水区,小束山４丁目９番地の１,6550002
6140001092158,ＳＫＹ管理株式会社,兵庫県,神戸市垂水区,西脇２丁目７番３２号,6550042
6140001092273,株式会社清和,兵庫県,神戸市垂水区,旭が丘３丁目１５番３１号,6550033
6140001094658,株式会社ＳＯＮＡ,兵庫県,神戸市垂水区,多聞台３丁目７０番５号１０５,6550007
6140001095326,株式会社ステラ,兵庫県,神戸市垂水区,神田町４番２１号,6550027
6140001095383,株式会社ＢＲ,兵庫県,神戸市垂水区,名谷町６０５,6550852
6140001095813,ＡＺホーム株式会社,兵庫県,神戸市垂水区,本多聞７丁目１０番２８号,6550006
6140001096522,株式会社第一警備,兵庫県,神戸市垂水区,名谷町１５４３−２チェリーハイツ１０１号,6550852
6140001096613,株式会社ウィライフ,兵庫県,神戸市垂水区,海岸通５番５７−４０１号,6550036
6140001097066,株式会社ＳＵＮＮＹ’ＳＣＡＲＥ,兵庫県,神戸市垂水区,南多聞台８丁目１３−６,6550043
6140001097215,株式会社メイリキ,兵庫県,神戸市垂水区,星陵台４丁目３番４８−４０９号,6550038
6140001097693,株式会社神戸フードサービス,兵庫県,神戸市垂水区,狩口台７丁目１５番１号,6550049
6140001098444,株式会社大陸,兵庫県,神戸市垂水区,下畑町字向井４８７番地４１号,6550861
6140001098683,株式会社整理収納教育士,兵庫県,神戸市垂水区,北舞子４丁目６番５７号,6550045
6140001099129,ＥＭＡＳ株式会社,兵庫県,神戸市垂水区,五色山１丁目２番３０号,6550035
6140001099368,株式会社梅崎建築,兵庫県,神戸市垂水区,朝谷町２７番地の１,6550862
6140001099392,株式会社日本プロテクトサービス,兵庫県,神戸市垂水区,川原２丁目１番２３号,6550894
6140001100110,ＦＩＶＥＮＩＮＥ株式会社,兵庫県,神戸市垂水区,千鳥が丘３丁目８番５５号,6550011
6140001100655,レンタリースＮＡＧＡＴＯＭＯ株式会社,兵庫県,神戸市垂水区,美山台３丁目１０番２２号,6550874
6140001100688,株式会社ウイングホーム,兵庫県,神戸市垂水区,西舞子２丁目１３番２７号２Ｆ,6550048
6140001100886,株式会社Ｓｅｒｖｅ・Ｏｎｅ,兵庫県,神戸市垂水区,本多聞１丁目２１−５,6550006
6140001100911,株式会社ワンウッド,兵庫県,神戸市垂水区,名谷町字柄立原２０３５番地の６ダイアパレス８０３号,6550852
6140001101653,株式会社イチハシ,兵庫県,神戸市垂水区,本多聞３丁目８番１７号,6550006
6140001101884,株式会社アランチオーネ,兵庫県,神戸市垂水区,舞子坂１丁目５番２２号,6550044
6140001102016,株式会社フォーカスイン・プラス,兵庫県,神戸市垂水区,桃山台７丁目１番地の３,6550854
6140001102404,マンレイジャパン株式会社,兵庫県,神戸市垂水区,西舞子９丁目２１番３５号,6550048
6140001102800,株式会社中村斫業,兵庫県,神戸市垂水区,舞多聞西１丁目１９番１号,6550051
6140001103071,株式会社Ｒ＆Ｃ,兵庫県,神戸市垂水区,青山台３丁目３番１号,6550873
6140001103641,株式会社ジラフ,兵庫県,神戸市垂水区,名谷町字梨原２３５８番地の１,6550852
6140001103831,株式会社ボーネルンド神戸,兵庫県,神戸市垂水区,舞多聞西８丁目６番,6550051
6140001104400,株式会社谷興業,兵庫県,神戸市垂水区,小束山２丁目１６番地の１１,6550002
6140001104648,株式会社神成興業,兵庫県,神戸市垂水区,神和台１丁目２１番地の４,6550851
6140001104945,株式会社ＥＩＣＨＩ,兵庫県,神戸市垂水区,青山台８丁目１番２−１２０９号,6550873
6140001105051,株式会社スタジオエイティー,兵庫県,神戸市垂水区,塩屋町５丁目８番１８号,6550872
6140001105365,三葉工業株式会社,兵庫県,神戸市垂水区,小束山本町２丁目３番２−２０７号,6550003
6140001105373,株式会社大久保ＶＭ保険サービス,兵庫県,神戸市垂水区,本多聞７丁目１２番１４号,6550006
6140001105506,株式会社ＩＳＧ,兵庫県,神戸市垂水区,平磯２丁目５番１３号,6550892
6140001105786,神戸鉱業株式会社,兵庫県,神戸市垂水区,下畑町１６１番,6550861
6140001106537,株式会社板前出汁の旨味,兵庫県,神戸市垂水区,南多聞台４丁目１番２５−６０５号,6550043
6140001107080,Ｍｕｎｉ　Ａｒｔ株式会社,兵庫県,神戸市垂水区,塩屋町９丁目１２−４ハイツモリモト１０２,6550872
6140001107510,株式会社しげ商店,兵庫県,神戸市垂水区,向陽３丁目２番２３−１０６号,6550012
6140001107601,株式会社プロアスリート,兵庫県,神戸市垂水区,美山台１丁目４番１０号,6550874
6140001107717,株式会社ラブリッツ,兵庫県,神戸市垂水区,小束山２丁目１７番地の１２,6550002
6140001108104,株式会社Ｅ−ＴＲＵＳＴ,兵庫県,神戸市垂水区,神陵台７丁目１０番１９−１号,6550041
6140001109630,エフピーワン株式会社,兵庫県,神戸市垂水区,潮見が丘１丁目１４番２号,6550005
6140001109770,株式会社出口技建,兵庫県,神戸市垂水区,桃山台７丁目９番地の１１,6550854
6140001109804,リフアシル株式会社,兵庫県,神戸市垂水区,神陵台９丁目７番１４号,6550041
6140001109969,株式会社ラポルト,兵庫県,神戸市垂水区,潮見が丘１丁目１２番１０号,6550005
6140001110373,株式会社フェアリーテール,兵庫県,神戸市垂水区,塩屋北町２丁目１６番３号,6550863
6140001110729,株式会社Ａｌｌ　Ｏｆ　Ｃｒｅａｔｉｏｎ,兵庫県,神戸市垂水区,平磯４丁目１−８−１Ｗ＆Ｒ５,6550892
6140001111256,株式会社カルスードサービス,兵庫県,神戸市垂水区,向陽１丁目２番１８号,6550012
6140001112196,株式会社濱屋,兵庫県,神戸市垂水区,舞多聞西２丁目２番１８号,6550051
6140001112345,株式会社グラン,兵庫県,神戸市垂水区,桃山台１丁目１２番地の９,6550854
6140001112576,株式会社ライト,兵庫県,神戸市垂水区,舞子坂３丁目１５番２３−２号,6550044
6140001113368,株式会社オーグル,兵庫県,神戸市垂水区,名谷町字加市２０７７番地,6550852
6140001113517,株式会社縁ｃｏｕｎｔｅｒ,兵庫県,神戸市垂水区,本多聞１丁目６−１４−４０２,6550006
6140001113590,嵐防水株式会社,兵庫県,神戸市垂水区,西舞子９丁目１３番２号,6550048
6140001113608,ＪＯＭＯ株式会社,兵庫県,神戸市垂水区,舞多聞西３丁目１−３,6550051
6140001113938,株式会社Ｍａｎａｓｌｕ　Ｂｌｕｅ,兵庫県,神戸市垂水区,海岸通９番４３−５０５号,6550036
6140001114201,株式会社リバーフェイス,兵庫県,神戸市垂水区,舞多聞西３丁目１番１０号,6550051
6140001114267,株式会社図夢創屋,兵庫県,神戸市垂水区,桃山台７丁目１番地の１８,6550854
6140001114341,株式会社ＳＮＯコーポレーション,兵庫県,神戸市垂水区,歌敷山２丁目２番１０号,6550037
6140001115034,株式会社コドシア神戸,兵庫県,神戸市垂水区,西舞子２丁目１番５０号掬泉ビル,6550048
6140001115265,株式会社ＪＡＰＡＮ　ＴＲＡＮＳＰＯＲＴ,兵庫県,神戸市垂水区,下畑町２４２,6550861
6140001115447,株式会社シンテック,兵庫県,神戸市垂水区,名谷町３５０６美善ハイツ１０１−１,6550852
6140001115637,株式会社Ｌｉｆｅプロジェクト,兵庫県,神戸市垂水区,下畑町字向井４９７番地の１,6550861
6140001115703,株式会社ＳＡＮ,兵庫県,神戸市垂水区,神田町３番１８号ラ・メール垂水２Ｆ,6550027
6140001116305,Ｌｉｖｉｎｇ　Ｈｏｕｓｅ　ＫＯＢＥ株式会社,兵庫県,神戸市垂水区,天ノ下町１番１ウエステ垂水１１５号,6550029
6140001116726,株式会社田辺土木,兵庫県,神戸市垂水区,下畑町２２２番地の６７,6550861
6140001116800,株式会社ニュー兵庫自動車マネジメント,兵庫県,神戸市垂水区,海岸通５番４９−４０２号,6550036
6140001117740,株式会社Ｂｅｌｌａ,兵庫県,神戸市垂水区,小束山３丁目８６８番地の７８７,6550002
6140001118689,株式会社ＴＪ,兵庫県,神戸市垂水区,名谷町１０１８番地の１,6550852
6140001120802,株式会社西村ミートショップ,兵庫県,神戸市垂水区,城が山４丁目３番３１号,6550884
6140001121916,株式会社ＴＥＳＯＲＯ,兵庫県,神戸市垂水区,西舞子９丁目９番１２号,6550048
6140001121932,ＥＭＺＵ　ＧＬＯＢＡＬ株式会社,兵庫県,神戸市垂水区,舞多聞西１丁目２０番１０号,6550051
6140001122559,株式会社Ｖａｇｕｅ,兵庫県,神戸市垂水区,千鳥が丘３丁目２１番２８−３０４号,6550011
6140001123243,株式会社ＲＥＤホールディングス,兵庫県,神戸市垂水区,王居殿３丁目２３番２２号,6550883
6140001124068,シャインメディカル株式会社,兵庫県,神戸市垂水区,福田３丁目３番１７号,6550013
6140001124084,株式会社Ｕｎｉｔｙ,兵庫県,神戸市垂水区,西舞子３丁目９番１０号ライトハウス西舞子１階Ｆ号室,6550048
6140001124992,株式会社ＫＡＲＡ,兵庫県,神戸市垂水区,学が丘４丁目７−３,6550004
6140001125306,株式会社ムーブ,兵庫県,神戸市垂水区,名谷町１５２５−１パールハイツ１０３,6550852
6140001126832,株式会社ニイクラ,兵庫県,神戸市垂水区,星が丘３丁目４番１７−４１０号,6550032
6140001126956,株式会社ハマー,兵庫県,神戸市垂水区,学が丘１丁目１９番１６号,6550004
6140001127673,株式会社Ｋ‐Ｐｒｏｔｅｃｔ,兵庫県,神戸市垂水区,西舞子２丁目１番４３号,6550048
6140001127822,株式会社泰工業,兵庫県,神戸市垂水区,潮見が丘１丁目２番２８−６０２号,6550005
6140001128119,株式会社ＩＫＫアセットマネジメント,兵庫県,神戸市垂水区,五色山２丁目５−２７−２,6550035
6140001128135,株式会社松本不動産管理,兵庫県,神戸市垂水区,名谷町字社谷１２２９番地,6550852
6140001128242,マイチーム株式会社,兵庫県,神戸市垂水区,神陵台５丁目３番２０号,6550041
6140001128688,株式会社森川工務店,兵庫県,神戸市垂水区,下畑町９１０番地,6550861
6140001128903,株式会社林,兵庫県,神戸市垂水区,西舞子１丁目９番１１号,6550048
6140001129034,池田キャピタル株式会社,兵庫県,神戸市垂水区,西舞子９丁目１７番５号,6550048
6140001129372,株式会社Ｅｘｔａｓｙ,兵庫県,神戸市垂水区,学が丘１丁目１７−３３,6550004
6140001129777,ミライエコロジー株式会社,兵庫県,神戸市垂水区,塩屋町１丁目３−１１,6550872
6140001130248,株式会社Ｔ．Ｙ工務,兵庫県,神戸市垂水区,北舞子４丁目６番５８号,6550045
6140001131097,株式会社孝栄商会,兵庫県,神戸市垂水区,小束台８６８番地の１１００,6550008
6140001131114,株式会社Ｍｅ・ｂａｅｒｕ,兵庫県,神戸市垂水区,千鳥が丘２丁目５番５７−６号,6550011
6140001131865,株式会社クレアスホーム,兵庫県,神戸市垂水区,星陵台２丁目４番２１号,6550038
6140001131907,株式会社Ｃ‐ｃｈｅｒｉｓｈ,兵庫県,神戸市垂水区,海岸通４−２３,6550036
6140001133176,株式会社ＢｕＺＺｄｄｙ,兵庫県,神戸市垂水区,桃山台６丁目１３５９番地の２０,6550854
6140001133911,株式会社ＫＤＳ,兵庫県,神戸市垂水区,朝谷町２６番地の１１,6550862
6140001133944,株式会社佐野,兵庫県,神戸市垂水区,本多聞２丁目１４番１２号,6550006
6140001134265,株式会社Ｌｉｂｅｒｔａ　Ｌｉｆｅ,兵庫県,神戸市垂水区,仲田３丁目４番８号３０２号室,6550034
6140001134777,株式会社まるとまる,兵庫県,神戸市垂水区,舞多聞西６丁目１−３,6550051
6140001134802,株式会社シアンドゥローズ,兵庫県,神戸市垂水区,本多聞３丁目１１番５号,6550006
6140001135593,株式会社Ｋ土地建物,兵庫県,神戸市垂水区,塩屋北町３丁目５番１３号,6550863
6140001135890,株式会社Ｆ‐Ｌａｂ,兵庫県,神戸市垂水区,高丸７丁目８番８号,6550016
6140001135965,株式会社Ｔｅｎｔｅｔｔｏ,兵庫県,神戸市垂水区,舞子台７丁目３番１−１００３号,6550046
6140001136121,株式会社バイオトランス,兵庫県,神戸市垂水区,舞子台７丁目１番２−１１０２号,6550046
6140001136212,株式会社ｗｉｌｌｏｗ　ｒｅａｌｅｓｔａｔｅ,兵庫県,神戸市垂水区,山手７丁目６ー２５,6550891
6140001136237,株式会社Ｍａｔｒｉｃａｒｉａ,兵庫県,神戸市垂水区,下畑町４８７番地の２ラフィーネ林ＩＩＩ２０６号,6550861
6140001136526,としまさラボ株式会社,兵庫県,神戸市垂水区,潮見が丘１丁目６番１８号,6550005
6140001136699,株式会社ＨＡＴＡ,兵庫県,神戸市垂水区,名谷町字後谷１５８３番地,6550852
6140001136971,株式会社ｄｅｃｅｍｂｅｒ,兵庫県,神戸市垂水区,学が丘４丁目４−２１,6550004
6140001137103,株式会社ＮＥＷＯＬＤ,兵庫県,神戸市垂水区,舞多聞西５丁目６番２４号,6550051
6140001137375,株式会社ミツバ商事,兵庫県,神戸市垂水区,舞子坂３丁目２７番１０−２号,6550044
6140001137706,株式会社フジイ,兵庫県,神戸市垂水区,美山台２丁目３番１５号,6550874
6140001137739,株式会社ファルト,兵庫県,神戸市垂水区,名谷町１９４９番地の１リブコートオリジン１５１１号,6550852
6140001140156,ＷＥＮＴシステム株式会社,兵庫県,神戸市垂水区,高丸４丁目３番３３号アーバンヴィレッジ垂水１０１号,6550016
6140001140164,株式会社フロンティア神戸,兵庫県,神戸市垂水区,西舞子２丁目１４番２３ー３０７号,6550048
6140001140684,株式会社やまでん,兵庫県,神戸市垂水区,舞多聞西８丁目７番２０号,6550051
6140001140874,株式会社ハンドオフ,兵庫県,神戸市垂水区,狩口台６丁目５番２２−１号,6550049
6140001141006,株式会社グレープズ,兵庫県,神戸市垂水区,千鳥が丘３丁目８番５６号サンシャトー千鳥が丘２０１号,6550011
6140001141154,株式会社ノア,兵庫県,神戸市垂水区,塩屋町１丁目３番１９号リアライズ塩屋１階,6550872
6140001141848,株式会社縁,兵庫県,神戸市垂水区,野田通５番１５号ベル野田２０１号,6550015
6140001142111,ＴＨＥ　ＤＥＡＲＥＳＴ　ＣＯＭＰＡＮＹ株式会社,兵庫県,神戸市垂水区,西脇２丁目７番２３号ル・シェール多聞１０８号,6550042
6140002006364,株式会社中塚産業,兵庫県,神戸市垂水区,下畑町２０４４番地,6550861
6140002018830,株式会社海彩園,兵庫県,神戸市垂水区,東舞子町１０−１−７０１,6550047
6140002022171,株式会社ひのえうま,兵庫県,神戸市垂水区,塩屋町１丁目５番８−１０３号,6550872
6380001020631,株式会社エースコーポレーション,兵庫県,神戸市垂水区,本多聞４丁目１番２５１−２０５,6550006
7010001166411,ＡＤＪＭホールディングス株式会社,兵庫県,神戸市垂水区,塩屋町４丁目１７番９号,6550872
7011801031036,淳美株式会社,兵庫県,神戸市垂水区,舞多聞西４丁目３−３０,6550051
7120001091664,ユニゾン通商株式会社,兵庫県,神戸市垂水区,西舞子２丁目７番４号,6550048
7120001120935,株式会社ジョイント・ハピネス,兵庫県,神戸市垂水区,本多聞１丁目１４−１６,6550006
7120001160725,希望商事株式会社,兵庫県,神戸市垂水区,桃山台３丁目３−７,6550854
7120001167506,株式会社ナインインターナショナル,兵庫県,神戸市垂水区,神陵台５丁目１７番３７号,6550041
7120001245641,ＸＢＬＯＣＫ株式会社,兵庫県,神戸市垂水区,塩屋台１丁目１−１０,6550864
7120001274153,株式会社欒葉和歌,兵庫県,神戸市垂水区,福田２丁目２番３３号垂水弐番館４０２号室,6550013
7120901035613,ＭＡＫＥ５ＡＳＳＯＣＩＡＴＥ株式会社,兵庫県,神戸市垂水区,東垂水町８０９番地の３３２,6550881
7130001063539,株式会社サスティナＡ,兵庫県,神戸市垂水区,千鳥が丘２丁目５番５４−３号,6550011
7140001000986,株式会社アドヴァン,兵庫県,神戸市垂水区,多聞町字小束山字中ノ谷１０８６番地４７,6550001
7140001004418,株式会社アド・モリモト,兵庫県,神戸市垂水区,下畑町２０８８番地,6550861
7140001004780,株式会社桜が丘不動産,兵庫県,神戸市垂水区,潮見が丘１丁目１１番１６号,6550005
7140001004905,昭和電業株式会社,兵庫県,神戸市垂水区,神陵台５丁目１４番１４号,6550041
7140001006323,株式会社エイアンドシー,兵庫県,神戸市垂水区,霞ケ丘３丁目２番９号,6550039
7140001007370,株式会社ケイ．ジエネラルプランニング,兵庫県,神戸市垂水区,青山台２丁目１４−８,6550873
7140001007800,株式会社サー・パデイントン,兵庫県,神戸市垂水区,神和台２丁目３番２号,6550851
7140001009342,株式会社チューガイ,兵庫県,神戸市垂水区,桃山台１丁目２番地の８,6550854
7140001012189,日本興産株式会社,兵庫県,神戸市垂水区,西舞子９丁目１７番８号,6550048
7140001013138,サンユー株式会社,兵庫県,神戸市垂水区,下畑町字向井４９７番地１,6550861
7140001013716,株式会社ドドクリエイト,兵庫県,神戸市垂水区,舞子台２丁目９番３０号舞子台グリーンマンション６１７号,6550046
7140001014763,安全興業株式会社,兵庫県,神戸市垂水区,大町３丁目１番４号,6550014
7140001014862,株式会社オートアルフアー,兵庫県,神戸市垂水区,舞子台８丁目２３番１２号,6550046
7140001015786,株式会社越後屋,兵庫県,神戸市垂水区,西舞子４丁目１８番１６号フェニックス西舞子,6550048
7140001017122,神戸軽量シヤツター株式会社,兵庫県,神戸市垂水区,下畑町字上口８３３番地,6550861
7140001018095,神戸造園株式会社,兵庫県,神戸市垂水区,名谷町３０４３番地１,6550852
7140001018137,株式会社アーガス,兵庫県,神戸市垂水区,海岸通４番３２−４０１号,6550036
7140001018145,株式会社アイビーホーム,兵庫県,神戸市垂水区,舞子坂３丁目１４番２３号,6550044
7140001018161,芦田工業株式会社,兵庫県,神戸市垂水区,陸ノ町１番４号,6550026
7140001018178,株式会社飯田,兵庫県,神戸市垂水区,西舞子５丁目２番１５号,6550048
7140001018211,植原運送株式会社,兵庫県,神戸市垂水区,千鳥が丘３丁目２１番２５号,6550011
7140001018236,株式会社エバー、アドバーン,兵庫県,神戸市垂水区,舞子台５丁目１番９号,6550046
7140001018277,株式会社加賀屋建設,兵庫県,神戸市垂水区,神陵台９丁目２８−５,6550041
7140001018285,株式会社霞工業,兵庫県,神戸市垂水区,本多聞２丁目３３番１１号,6550006
7140001018293,株式会社門沢鉄工所,兵庫県,神戸市垂水区,仲田２丁目１番１２号,6550034
7140001018302,株式会社川節,兵庫県,神戸市垂水区,神田町５番１４号,6550027
7140001018319,木村産業株式会社,兵庫県,神戸市垂水区,塩屋北町１丁目１７番１号,6550863
7140001018343,株式会社グローバル・アイ,兵庫県,神戸市垂水区,舞子坂２丁目４番４２−２０２号,6550044
7140001018351,株式会社ＫＣコンサルタント,兵庫県,神戸市垂水区,つつじが丘６丁目１０番地の２７,6550853
7140001018368,株式会社郡工務店,兵庫県,神戸市垂水区,桃山台５丁目６番１８号,6550854
7140001018384,株式会社寿ハウス,兵庫県,神戸市垂水区,本多聞１丁目２２番３３号,6550006
7140001018401,株式会社サカタ,兵庫県,神戸市垂水区,多聞台２丁目１０番５号,6550007
7140001018418,株式会社左成工務店,兵庫県,神戸市垂水区,西舞子９丁目１０番２０号,6550048
7140001018426,山友商事株式会社,兵庫県,神戸市垂水区,桃山台７丁目５番地の２３,6550854
7140001018434,株式会社三和住宅サービス,兵庫県,神戸市垂水区,坂上４丁目２番１６号,6550895
7140001018442,株式会社シーサイドパレス,兵庫県,神戸市垂水区,塩屋町１丁目５番８号,6550872
7140001018459,株式会社新窓,兵庫県,神戸市垂水区,桃山台６丁目１３番地の７,6550854
7140001018500,株式会社シャレー企画,兵庫県,神戸市垂水区,名谷町１７９８番地の４,6550852
7140001018525,センサ・システム株式会社,兵庫県,神戸市垂水区,本多聞３丁目５番１８号,6550006
7140001018533,双和航運株式会社,兵庫県,神戸市垂水区,本多聞２丁目１５番１１号,6550006
7140001018574,株式会社谷口工務店,兵庫県,神戸市垂水区,千代が丘１丁目６番９号,6550018
7140001018582,株式会社多聞ガーデン,兵庫県,神戸市垂水区,西脇２丁目５番５号,6550042
7140001018590,株式会社垂水コピーセンター,兵庫県,神戸市垂水区,西舞子２丁目３番１７号,6550048
7140001018599,株式会社万保,兵庫県,神戸市垂水区,宮本町３番５号,6550028
7140001018616,株式会社テイアンドエス,兵庫県,神戸市垂水区,西舞子６丁目２番３０−５０４号,6550048
7140001018624,株式会社東侯商事,兵庫県,神戸市垂水区,多聞町字小束山８６８番地,6550001
7140001018640,ときわ不動産株式会社,兵庫県,神戸市垂水区,星陵台１丁目３番２８号,6550038
7140001018649,株式会社ナイスジヤパン,兵庫県,神戸市垂水区,天ノ下町１番１−２６０号,6550029
7140001018715,株式会社パルステージ,兵庫県,神戸市垂水区,星陵台４丁目４−４０,6550038
7140001018731,株式会社ひばりや,兵庫県,神戸市垂水区,城が山１丁目１０番２５号,6550884
7140001018748,株式会社フイルモア・アート,兵庫県,神戸市垂水区,南多聞台３丁目６−３０,6550043
7140001018772,株式会社ふなみ,兵庫県,神戸市垂水区,狩口台５丁目７番４０２号,6550049
7140001018780,株式会社兵水設備,兵庫県,神戸市垂水区,本多聞１丁目２番１８号,6550006
7140001018789,株式会社ホームステーション,兵庫県,神戸市垂水区,川原５丁目２番３号,6550894
7140001018806,株式会社舞子平野商店,兵庫県,神戸市垂水区,西舞子２丁目１２番２８号,6550048
7140001018822,株式会社松永工務店,兵庫県,神戸市垂水区,城が山４丁目３番２１号,6550884
7140001018830,株式会社マリンホーム,兵庫県,神戸市垂水区,名谷町２２８５−３,6550852
7140001018847,三ツ葉シューズ株式会社,兵庫県,神戸市垂水区,桃山台５丁目１２番地の６,6550854
7140001018855,株式会社ミナミ設備事務所,兵庫県,神戸市垂水区,城が山３丁目２番１０号,6550884
7140001018863,株式会社ミヤギ,兵庫県,神戸市垂水区,つつじが丘５丁目１３番地の４,6550853
7140001018871,明成建設株式会社,兵庫県,神戸市垂水区,北舞子２丁目６番３−６０５号,6550045
7140001018888,株式会社森下商店,兵庫県,神戸市垂水区,小束山本町２丁目１番５号,6550003
7140001018921,吉川青果株式会社,兵庫県,神戸市垂水区,西舞子３丁目８番８号,6550048
7140001018938,株式会社りほーむ神戸,兵庫県,神戸市垂水区,星陵台８丁目３番１６号,6550038
7140001018946,六光石油株式会社,兵庫県,神戸市垂水区,平磯４丁目４番１１号,6550892
7140001018954,神戸観光写真株式会社,兵庫県,神戸市垂水区,本多聞６丁目６番２１号,6550006
7140001018970,ＷＥＮＴ株式会社,兵庫県,神戸市垂水区,高丸４丁目３番３３号アーバンヴィレッジ垂水１０１号,6550016
7140001018979,株式会社神戸緑地,兵庫県,神戸市垂水区,名谷町字猿倉３０１番地の１７,6550852
7140001019523,株式会社神栄工業,兵庫県,神戸市垂水区,下畑町字鷲ケ尾３１２−１番地,6550861
7140001019564,株式会社レム,兵庫県,神戸市垂水区,天の下一丁目１番−３１１号,6550000
7140001019647,システムズ・エンジニアリング株式会社,兵庫県,神戸市垂水区,西舞子５丁目４−２４,6550048
7140001019663,株式会社ディアイシイ,兵庫県,神戸市垂水区,歌敷山４丁目１番１９号２０３号,6550037
7140001020084,株式会社コラボテック,兵庫県,神戸市垂水区,神陵台２丁目５番２号,6550041
7140001020638,株式会社コミューターシステム,兵庫県,神戸市垂水区,塩屋町１丁目５番１１−１０６号,6550872
7140001021165,株式会社ヘルツ,兵庫県,神戸市垂水区,桃山台４丁目１番地１１,6550854
7140001021264,株式会社チームロッソ,兵庫県,神戸市垂水区,歌敷山２丁目９−１２,6550037
7140001021297,生鮮館株式会社,兵庫県,神戸市垂水区,多聞町字小束山８６８番地,6550001
7140001021330,株式会社栗住野工房,兵庫県,神戸市垂水区,星陵台８丁目７番１３号,6550038
7140001021504,株式会社日本投資事業団,兵庫県,神戸市垂水区,星陵台４丁目４番３１号,6550038
7140001021677,株式会社リバティハウス,兵庫県,神戸市垂水区,舞子台６丁目２０番２３号,6550046
7140001022394,セリーナ株式会社,兵庫県,神戸市垂水区,五色山２丁目３番４６号,6550035
7140001022948,株式会社ライフライン,兵庫県,神戸市垂水区,東舞子町１８番２２号,6550047
7140001023426,長瀬商事株式会社,兵庫県,神戸市垂水区,西脇２丁目３番４６−８０４号,6550042
7140001023847,明石エンジニアリング株式会社,兵庫県,神戸市垂水区,下畑町字龍ノ庭５４１番地の１,6550861
7140001024201,株式会社シンプル,兵庫県,神戸市垂水区,日向２丁目１の１勝見ビル３０５号,6550893
7140001024333,株式会社ケーアンドエスプランニング,兵庫県,神戸市垂水区,千代が丘２丁目４番４１号千代ヶ丘ハイツＣ−１０１,6550018
7140001024399,樹化成株式会社,兵庫県,神戸市垂水区,狩口台４丁目２１番４０５号,6550049
7140001024556,株式会社ハウスデザイン,兵庫県,神戸市垂水区,瑞ケ丘７番１４号,6550025
7140001024837,株式会社トラスト,兵庫県,神戸市垂水区,西舞子２丁目１０番１５号クレスタ舞子,6550048
7140001024952,株式会社ＴＲＵＳＴ　ＷＩＮプランナーズ,兵庫県,神戸市垂水区,西舞子７丁目３１番２,6550048
7140001024993,株式会社ＰＨＥＮＩＸ　ＡＲＴ　ＧＡＲＤＥＮ　ＫＯＢＥ,兵庫県,神戸市垂水区,潮見が丘１丁目４番１５号,6550005
7140001025001,株式会社工芸社原田,兵庫県,神戸市垂水区,高丸３丁目２番４号,6550016
7140001025166,株式会社エイト,兵庫県,神戸市垂水区,狩口台４丁目３７番１０６号,6550049
7140001025505,株式会社アーム,兵庫県,神戸市垂水区,千代が丘１丁目６番３２−３０７号,6550018
7140001025744,株式会社ＣａｒｒｙＯＮ,兵庫県,神戸市垂水区,高丸１丁目５番８号,6550016
7140001026081,株式会社ＲＯＭＡ,兵庫県,神戸市垂水区,塩屋北町３丁目９番２４号,6550863
7140001026560,株式会社メイマネジメント,兵庫県,神戸市垂水区,五色山４丁目１７番２２号,6550035
7140001026569,株式会社ゼスト神戸,兵庫県,神戸市垂水区,松風台２丁目５番２−４０７号,6550871
7140001026817,アルカネット株式会社,兵庫県,神戸市垂水区,狩口台７丁目８番３号,6550049
7140001027096,株式会社大澤工務店,兵庫県,神戸市垂水区,清水が丘３丁目２番２０号,6550031
7140001027195,株式会社成幸社,兵庫県,神戸市垂水区,学が丘３丁目４番３−７１２号,6550004
7140001027476,株式会社未来共創,兵庫県,神戸市垂水区,海岸通５番４６号サンライズ垂水６０３号,6550036
7140001027600,株式会社イーノ,兵庫県,神戸市垂水区,御霊町５番２６号,6550024
7140001027864,株式会社中尾設備,兵庫県,神戸市垂水区,舞子台６丁目２０−２０ワンズホーム舞子ビル,6550046
7140001028268,株式会社昌栄建設,兵庫県,神戸市垂水区,千代が丘１丁目６−２２,6550018
7140001028508,シルバースター株式会社,兵庫県,神戸市垂水区,下畑町字上口８２３番地の１,6550861
7140001028672,株式会社ＨＡＲＵ,兵庫県,神戸市垂水区,高丸５丁目２番１７号,6550016
7140001028796,株式会社ワークショップ,兵庫県,神戸市垂水区,泉が丘３丁目８番１０号,6550885
7140001028821,株式会社ジェイアクシス,兵庫県,神戸市垂水区,塩屋町４丁目２４番１１−５０４号,6550872
7140001028870,株式会社河端工務店,兵庫県,神戸市垂水区,下畑町８９８−３,6550861
7140001028986,株式会社ＩＴＧプロモート,兵庫県,神戸市垂水区,清玄町２０番地の２,6550865
7140001029076,株式会社ロクス,兵庫県,神戸市垂水区,西舞子３丁目１０−１６,6550048
7140001029134,株式会社ＫＳＧビルシステム,兵庫県,神戸市垂水区,乙木１丁目１０番７−３１１号,6550882
7140001029621,株式会社神戸リゾートクルーザー,兵庫県,神戸市垂水区,名谷町字大谷１８８３番地の１１,6550852
7140001029638,株式会社小林塗装店,兵庫県,神戸市垂水区,塩屋北町３丁目６番３号,6550863
7140001030141,株式会社オフタック神戸,兵庫県,神戸市垂水区,舞多聞西８丁目２番１２号,6550051
7140001030216,株式会社リアライズ,兵庫県,神戸市垂水区,塩屋町９丁目３０番５０−８０４号,6550872
7140001030488,株式会社パークス,兵庫県,神戸市垂水区,小束山４丁目１番地の１１,6550002
7140001030620,株式会社マインドフーズ,兵庫県,神戸市垂水区,海岸通１２番２号,6550036
7140001030678,株式会社ＳＵＭＡＵＤ,兵庫県,神戸市垂水区,宮本町３番２号,6550028
7140001031222,株式会社Ｆ．Ｍ．Ｙ,兵庫県,神戸市垂水区,野田通７番１号,6550015
7140001031478,株式会社あおい興産,兵庫県,神戸市垂水区,舞子坂３丁目９番５号,6550044
7140001031528,株式会社エフォート,兵庫県,神戸市垂水区,清水通三丁目１０番２０１号,6550023
7140001031627,株式会社スマイル,兵庫県,神戸市垂水区,千鳥が丘１丁目３−２２,6550011
7140001031692,株式会社幸佑建設,兵庫県,神戸市垂水区,泉が丘５丁目２番２０号,6550885
7140001031791,株式会社タルショク,兵庫県,神戸市垂水区,天ノ下町１番１−１６２号,6550029
7140001031924,アイ・エス・ジーコンサルティング株式会社,兵庫県,神戸市垂水区,舞子台５丁目４番２０号,6550046
7140001032030,株式会社神戸リフォーム・サービス,兵庫県,神戸市垂水区,塩屋北町２丁目２４−２４,6550863
7140001032121,株式会社ブルーム,兵庫県,神戸市垂水区,舞多聞東３丁目２番２０号,6550052
7140001032402,株式会社栄田屋,兵庫県,神戸市垂水区,塩屋町字大谷６５３番地,6550872
7140001033375,グリーン株式会社,兵庫県,神戸市垂水区,桃山台３丁目２３番地の６,6550854
7140001033400,株式会社エヌエージ,兵庫県,神戸市垂水区,川原１丁目１番１８−１０１,6550894
7140001033755,ｉＴｒａｎｓ株式会社,兵庫県,神戸市垂水区,塩屋町字大谷６７１番地の４２,6550872
7140001033854,エフ・ピー・ヒーローズ株式会社,兵庫県,神戸市垂水区,塩屋町４丁目８番１２号２階,6550872
7140001033920,株式会社リンク,兵庫県,神戸市垂水区,小束山本町３丁目２番２２号,6550003
7140001034332,株式会社Ｓｃｏｒｅ,兵庫県,神戸市垂水区,舞子坂３丁目２４番１６号,6550044
7140001036270,株式会社丸和鉄工所,兵庫県,神戸市垂水区,つつじが丘７丁目２３８８番地の１４,6550853
7140001037491,株式会社ＲＥＨＡ・ＬＩＢＥＲＯ,兵庫県,神戸市垂水区,学が丘１丁目１２番１１号,6550004
7140001038192,株式会社ｇｉｎｇａ,兵庫県,神戸市垂水区,神田町２番１２号,6550027
7140001042327,株式会社ウーバーエクセレント,兵庫県,神戸市垂水区,南多聞台４丁目３番１号,6550043
7140001042517,株式会社魚住メデイカルサプライ,兵庫県,神戸市垂水区,歌敷山２丁目６番１１号,6550037
7140001047169,株式会社ユーズフル,兵庫県,神戸市垂水区,坂上２丁目１番１９号,6550895
7140001057325,株式会社シンコー,兵庫県,神戸市垂水区,下畑町４８１番,6550861
7140001057333,株式会社トラスティ,兵庫県,神戸市垂水区,高丸３丁目２番２７号,6550016
7140001067670,株式会社天眞,兵庫県,神戸市垂水区,学が丘４丁目１０番２４号,6550004
7140001077430,株式会社福栄商運,兵庫県,神戸市垂水区,霞ケ丘６丁目４−３６−４０８,6550039
7140001083420,縁ミューズホールディングス株式会社,兵庫県,神戸市垂水区,舞子坂１丁目１番１４号,6550044
7140001086415,株式会社たるみん,兵庫県,神戸市垂水区,霞ケ丘２丁目２番１９号,6550039
7140001086753,株式会社Ｔ・Ｕプランニング,兵庫県,神戸市垂水区,山手８丁目３番３６−７０５号,6550891
7140001086951,株式会社コミュコミュ,兵庫県,神戸市垂水区,霞ケ丘４丁目１番３９−３０１号,6550039
7140001087041,株式会社あさい鍼灸整骨院,兵庫県,神戸市垂水区,日向２丁目３番１１号,6550893
7140001087578,株式会社Ｌｕｃｕｌｉａ,兵庫県,神戸市垂水区,東垂水町字菅ノ口６２３番地の３,6550881
7140001088394,株式会社馬渕工務店ＭＡＢ,兵庫県,神戸市垂水区,舞多聞西３丁目１番１９号,6550051
7140001088733,株式会社清晨館,兵庫県,神戸市垂水区,本多聞５丁目１番１６５号,6550006
7140001089194,株式会社ＷＩＮＤＳ,兵庫県,神戸市垂水区,桃山台３丁目１６番地の４,6550854
7140001089509,株式会社グローバルアシスト,兵庫県,神戸市垂水区,潮見が丘１丁目１番１５−４１０号,6550005
7140001090417,株式会社シンプルすまいらいふ,兵庫県,神戸市垂水区,北舞子４丁目６番５７号,6550045
7140001090425,株式会社エスエムケイ,兵庫県,神戸市垂水区,小束山本町１丁目４番６号,6550003
7140001090870,株式会社ムラカミ,兵庫県,神戸市垂水区,小束山本町４丁目４番１−１１１９号,6550003
7140001091547,株式会社神和ネット,兵庫県,神戸市垂水区,神陵台１丁目１−２０−８１８,6550041
7140001092132,株式会社イル・ジュメリ,兵庫県,神戸市垂水区,つつじが丘５丁目１１番地の６,6550853
7140001092371,株式会社リライフ,兵庫県,神戸市垂水区,大町１丁目１番１１号,6550014
7140001092405,株式会社ケイエムワイ,兵庫県,神戸市垂水区,小束山本町２丁目２番３号,6550003
7140001093304,前川ネットくらぶ株式会社,兵庫県,神戸市垂水区,松風台２丁目５番２−３１２号,6550871
7140001093634,エターナル株式会社,兵庫県,神戸市垂水区,名谷町字加市２０６７番地アプローズ１０５号,6550852
7140001094005,菱トータルケア株式会社,兵庫県,神戸市垂水区,五色山４丁目２０番地の２４,6550035
7140001094847,みんなの供養株式会社,兵庫県,神戸市垂水区,学が丘３丁目３番１−４０２号,6550004
7140001095548,株式会社Ｋ．Ａ．Ｇ,兵庫県,神戸市垂水区,舞子台６丁目１０番１号舞子台久保ビル２Ｆ,6550046
7140001095556,株式会社マスト１１,兵庫県,神戸市垂水区,多聞台１丁目２番１９号,6550007
7140001095845,株式会社アンドユーインターナショナル,兵庫県,神戸市垂水区,下畑町字谷川２１２２番地の１,6550861
7140001096216,株式会社オフィス・サブリメイション,兵庫県,神戸市垂水区,名谷町１４００番地の５１,6550852
7140001096249,株式会社Ｆｒｅｅ．ｃｒｅａｔｅ,兵庫県,神戸市垂水区,坂上３丁目２−２４,6550895
7140001096967,株式会社勝田塾,兵庫県,神戸市垂水区,瑞ケ丘７番１４−２０１号,6550025
7140001097016,株式会社セレジェ,兵庫県,神戸市垂水区,霞ケ丘７丁目１番１０−１０２号,6550039
7140001098690,株式会社Ｕ−Ｆｏｒｃｅ,兵庫県,神戸市垂水区,つつじが丘５丁目２４番地の１ハイムアゼーリア５０５号室,6550853
7140001100150,株式会社神戸垂水ブライダル,兵庫県,神戸市垂水区,瑞ケ丘６−２７瑞ケ丘フラッツ２０１,6550025
7140001100373,株式会社グローアップエステート,兵庫県,神戸市垂水区,塩屋北町３丁目４番１号,6550863
7140001100877,株式会社伊木建設工業,兵庫県,神戸市垂水区,狩口台４丁目２９番２０５号,6550049
7140001101644,株式会社シーブイ,兵庫県,神戸市垂水区,小束山２丁目２番地の３,6550002
7140001101685,株式会社ビットオール,兵庫県,神戸市垂水区,狩口台７丁目１４−１７−２０４,6550049
7140001102519,株式会社ＰＡＴ,兵庫県,神戸市垂水区,舞多聞西３丁目４番５号,6550051
7140001102543,株式会社ＦＫ,兵庫県,神戸市垂水区,舞多聞西４丁目１３番１号,6550051
7140001102799,株式会社ＨａｚｅｌＴｒｅｅ,兵庫県,神戸市垂水区,宮本町３番５−１−４０４号,6550028
7140001104052,アイジー保険サービス株式会社,兵庫県,神戸市垂水区,青山台１丁目２２番１号,6550873
7140001104845,株式会社ハイピーク,兵庫県,神戸市垂水区,高丸１丁目１番３２号,6550016
7140001105505,株式会社司設備工業,兵庫県,神戸市垂水区,神和台１丁目１８番地の１７,6550851
7140001105637,株式会社永安組,兵庫県,神戸市垂水区,高丸８丁目１０番９−２号,6550016
7140001105835,株式会社キズナ,兵庫県,神戸市垂水区,塩屋町９丁目２２番１１−４０８号,6550872
7140001106081,株式会社Ｉ＆Ｆ,兵庫県,神戸市垂水区,舞子坂３丁目１−４,6550044
7140001106461,株式会社カリメーラ,兵庫県,神戸市垂水区,舞多聞西２丁目２番４号,6550051
7140001107039,株式会社孔大,兵庫県,神戸市垂水区,桃山台５丁目２３番地１,6550854
7140001107402,株式会社リプルデザインラボ,兵庫県,神戸市垂水区,西脇１丁目３−１１,6550042
7140001107534,株式会社シクス,兵庫県,神戸市垂水区,塩屋台１丁目１３番１号,6550864
7140001110100,タカラポリテック株式会社,兵庫県,神戸市垂水区,清玄町１５番７,6550865
7140001110190,株式会社ＫＥソリューション,兵庫県,神戸市垂水区,学が丘１丁目１４番１６号,6550004
7140001110265,株式会社プライフ,兵庫県,神戸市垂水区,舞多聞西３丁目１１番４号,6550051
7140001111016,株式会社ＭＡＫＯＴＯ装工,兵庫県,神戸市垂水区,名谷町字押戸３３８番地の２名谷マンション２０２,6550852
7140001111882,株式会社プロテクトワン,兵庫県,神戸市垂水区,仲田１丁目１−１１−１Ｆ,6550034
7140001112278,株式会社ＮＥＸＴ　ＣＨＡＮＧＥ,兵庫県,神戸市垂水区,五色山４丁目２０−１２,6550035
7140001112311,株式会社アフルエント,兵庫県,神戸市垂水区,福田２丁目３番１８−１０１号,6550013
7140001113854,株式会社ニュースタンダードサプライ,兵庫県,神戸市垂水区,青山台２丁目９番１９号,6550873
7140001113895,平田商事株式会社,兵庫県,神戸市垂水区,本多聞２丁目１０番２３号,6550006
7140001113929,ＲＥＩＷＡコーポレーション株式会社,兵庫県,神戸市垂水区,霞ケ丘６丁目３番１５−３０２号,6550039
7140001114200,株式会社ＫＳＤ,兵庫県,神戸市垂水区,千鳥が丘３丁目２３番４１号,6550011
7140001114340,株式会社Ｔｒｕｓｔ　Ｒｅｌａｔｉｏｎｓｈｉｐ　ａｎｄ　Ｓｅｔｕｐ　Ｈｏｌｄｉｎｇｓ,兵庫県,神戸市垂水区,名谷町字賀市３４３０番地の３,6550852
7140001115157,岡田住設株式会社,兵庫県,神戸市垂水区,名谷町３１７３−９１８,6550852
7140001115396,コトバ・コミュニケーションズ株式会社,兵庫県,神戸市垂水区,舞多聞西２丁目５番７号,6550051
7140001115594,株式会社Ｍａｎａ　Ｌｅａ,兵庫県,神戸市垂水区,舞子坂３丁目１７番２号１１１号室,6550044
7140001116279,Ｄｏｍａｉｎｅ　ＫＡＯＲＵ株式会社,兵庫県,神戸市垂水区,狩口台７丁目５番２５号,6550049
7140001116642,株式会社文西電気工業,兵庫県,神戸市垂水区,星陵台１丁目８番１７−１号,6550038
7140001116659,株式会社リバティ,兵庫県,神戸市垂水区,南多聞台８丁目１３番６号,6550043
7140001116790,株式会社八徳,兵庫県,神戸市垂水区,坂上４丁目２番３２号,6550895
7140001116808,株式会社アイビーホーム神戸,兵庫県,神戸市垂水区,舞子坂３丁目１４番２３号,6550044
7140001116865,株式会社ノーティカル,兵庫県,神戸市垂水区,西舞子２丁目１０番２２号２０３,6550048
7140001117129,えがお笑顔株式会社,兵庫県,神戸市垂水区,舞多聞西８丁目４番８号,6550051
7140001117277,株式会社Ｒｅｖｅ,兵庫県,神戸市垂水区,狩口台６丁目５番２０−６０１号,6550049
7140001118184,株式会社アットパートナー,兵庫県,神戸市垂水区,馬場通８番２８号,6550021
7140001118647,株式会社アールカンパニー,兵庫県,神戸市垂水区,西舞子２丁目４番１号,6550048
7140001119612,株式会社テクノクック,兵庫県,神戸市垂水区,舞多聞西１丁目２０番６号,6550051
7140001120586,株式会社Ａｗａｌａｂｏ,兵庫県,神戸市垂水区,桃山台３丁目１６番地の６,6550854
7140001121808,株式会社エスタム,兵庫県,神戸市垂水区,朝谷町１０番地９,6550862
7140001121964,株式会社ＣＯＺＹ　ＧＬＯＷ,兵庫県,神戸市垂水区,北舞子４丁目６番２８−１号,6550045
7140001122038,株式会社光建工業,兵庫県,神戸市垂水区,下畑町字箱木谷１８５５番地の３,6550861
7140001122293,株式会社ＭｉｚｕｈａＲａ,兵庫県,神戸市垂水区,学が丘３丁目４番１−１１０８号,6550004
7140001122582,株式会社播戸商店,兵庫県,神戸市垂水区,城が山３丁目４番２号２階,6550884
7140001122780,ＲＩＴＡ・ＩＫＩＧＡＩ株式会社,兵庫県,神戸市垂水区,舞多聞東３丁目３番１８号,6550052
7140001124620,株式会社山崎電気通信,兵庫県,神戸市垂水区,舞子台７丁目３番４−７０６号,6550046
7140001124901,株式会社しおやナーシング,兵庫県,神戸市垂水区,塩屋町１丁目１番１８−２０２号,6550872
7140001125222,株式会社ウッドティンプル,兵庫県,神戸市垂水区,本多聞２丁目１２番３０号−１０５,6550006
7140001126022,株式会社ＲＡＭＹ,兵庫県,神戸市垂水区,舞多聞西７丁目１番４号,6550051
7140001126204,株式会社ＳＢＳ設計,兵庫県,神戸市垂水区,星が丘３丁目２番３４号,6550032
7140001126385,株式会社霞興産,兵庫県,神戸市垂水区,霞ケ丘６丁目４番２６号,6550039
7140001126476,ＥＭＲ株式会社,兵庫県,神戸市垂水区,清玄町３３番地の２スカイヴィレッジＨ１０２号,6550865
7140001127111,さくらビルダー株式会社,兵庫県,神戸市垂水区,狩口台７丁目１０番１２−４号,6550049
7140001127177,トータルウェルネス神戸株式会社,兵庫県,神戸市垂水区,日向２丁目１番１６−６０１号,6550893
7140001127268,株式会社サポク,兵庫県,神戸市垂水区,平磯４丁目２番１０号松栄ビル２０１,6550892
7140001127508,ビーラボ株式会社,兵庫県,神戸市垂水区,本多聞６丁目２８番１８号,6550006
7140001127540,株式会社ｌｉｂｅｒｔｅ,兵庫県,神戸市垂水区,小束山手３丁目１６番２５号,6550009
7140001128274,Ｆｌｙｉｎｇ　Ｃａｒｐｅｔ株式会社,兵庫県,神戸市垂水区,海岸通４番３１号,6550036
7140001128415,株式会社かもあ,兵庫県,神戸市垂水区,福田４丁目５番１０号,6550013
7140001129314,トルクマン株式会社,兵庫県,神戸市垂水区,高丸７丁目２−６リアルティ高丸ビル３０２号,6550016
7140001129925,株式会社ＹＫＲ,兵庫県,神戸市垂水区,舞子台３丁目４番２１号,6550046
7140001131006,株式会社アトム電器神和台,兵庫県,神戸市垂水区,神和台１丁目９番地の５,6550851
7140001131253,株式会社Ｋ２,兵庫県,神戸市垂水区,舞多聞西６丁目１０番１６号,6550051
7140001133019,株式会社佐伯,兵庫県,神戸市垂水区,下畑町２０７８番地,6550861
7140001133159,株式会社神戸ＲＯＯＦ,兵庫県,神戸市垂水区,千鳥が丘１丁目１３番２１号,6550011
7140001134116,兵庫Ｊブロード株式会社,兵庫県,神戸市垂水区,山手７丁目６番２５号,6550891
7140001134495,株式会社デイドリーム,兵庫県,神戸市垂水区,西舞子６丁目３番７０−５０４号,6550048
7140001134735,株式会社ＢＩＧ　ＵＰ,兵庫県,神戸市垂水区,神陵台５丁目１番７号,6550041
7140001134883,株式会社ＡＢＣ,兵庫県,神戸市垂水区,歌敷山３丁目１１−２８,6550037
7140001135188,株式会社エイトシップ,兵庫県,神戸市垂水区,西舞子７丁目１６番３−２０１号,6550048
7140001135246,株式会社モノトーン,兵庫県,神戸市垂水区,桃山台７丁目４番地の２８,6550854
7140001135493,株式会社ＣｏＣｏＢｉ,兵庫県,神戸市垂水区,高丸１丁目１番５号,6550016
7140001135568,株式会社ＭＳＷ．４,兵庫県,神戸市垂水区,坂上２丁目１番１４−２０１号,6550895
7140001135741,ＳＡＮＡ株式会社,兵庫県,神戸市垂水区,小束山手１丁目１番２号,6550009
7140001136418,株式会社倉谷デザイン事務所,兵庫県,神戸市垂水区,塩屋町字大谷６５１番地の２,6550872
7140001136509,株式会社Ｃ＆Ｃ,兵庫県,神戸市垂水区,西舞子２丁目１−５０掬泉ビル２Ｆ,6550048
7140001136657,株式会社神戸垂水小麦庵,兵庫県,神戸市垂水区,神田町４番２６号,6550027
7140001137589,西日本プロパティーズ株式会社,兵庫県,神戸市垂水区,学が丘５丁目１番４号,6550004
7140001138249,株式会社ＺＥＲＯ　ＨａｒＭ,兵庫県,神戸市垂水区,学が丘４丁目７番３号,6550004
7140001138496,トラガワンシステムズ株式会社,兵庫県,神戸市垂水区,塩屋町４丁目３番４０号竹内マンション２０２号,6550872
7140001138967,一二三建設株式会社,兵庫県,神戸市垂水区,桃山台２丁目１６６４番地の４５ベルファミーユ桃山台３０７号,6550854
7140001139313,アセットライズ株式会社,兵庫県,神戸市垂水区,塩屋町１丁目４番１４号,6550872
7140001139833,ＬＩＦＥＬＩＸ株式会社,兵庫県,神戸市垂水区,北舞子１丁目２番５６−３号,6550045
7140001140114,領悠文化株式会社,兵庫県,神戸市垂水区,千代が丘２丁目４−５０千代ヶ丘事務所２階２０６号室,6550018
7140001140147,拓界株式会社,兵庫県,神戸市垂水区,千代が丘２丁目４番５０−２０５号,6550018
7140001141104,井上工業株式会社,兵庫県,神戸市垂水区,上高丸１丁目６番３−４０９号,6550017
7140001141368,株式会社ＭＣＬ,兵庫県,神戸市垂水区,向陽２丁目６番１８号向陽センタービル１０３,6550012
7140002006025,株式会社澤村溶射センター,兵庫県,神戸市垂水区,五色山３丁目３番２８号,6550035
7140002021420,株式会社Ｇ２１ｐｒｏｍｏｔｉｏｎ,兵庫県,神戸市垂水区,多聞台３丁目７−８,6550007
7140002028597,株式会社開発総建,兵庫県,神戸市垂水区,海岸通７番１２号,6550036
7140003019926,株式会社ソノクル,兵庫県,神戸市垂水区,五色山２丁目３番５０−４号,6550035
7370001043269,株式会社イマイ商会,兵庫県,神戸市垂水区,狩口台４丁目２８番４０７号,6550049
7400001008623,株式会社工房櫻城,兵庫県,神戸市垂水区,東舞子町６番１６−３０７号,6550047
8100001026274,株式会社フォーラムワン,兵庫県,神戸市垂水区,星が丘１丁目４番６４−２号,6550032
8120001141245,Ｇａｒａｇｅ’Ｋ株式会社,兵庫県,神戸市垂水区,星陵台５丁目１１−１２,6550038
8120001257537,山上之城株式会社,兵庫県,神戸市垂水区,潮見が丘１丁目４番５２号,6550005
8140001001975,株式会社タニムラ,兵庫県,神戸市垂水区,舞子台２丁目５番３８号,6550046
8140001003609,株式会社大五建設工業,兵庫県,神戸市垂水区,坂上３丁目２番２４号,6550895
8140001004375,株式会社アーデンホーム神戸,兵庫県,神戸市垂水区,神陵台５丁目２２番８号,6550041
8140001004474,株式会社舞子リゾート,兵庫県,神戸市垂水区,海岸通１１番１号,6550036
8140001004986,株式会社大栄,兵庫県,神戸市垂水区,星陵台４丁目４−４０,6550038
8140001005068,谷六建設株式会社,兵庫県,神戸市垂水区,千鳥が丘２丁目５番３１号,6550011
8140001006289,株式会社ウエノトレード,兵庫県,神戸市垂水区,松風台２丁目５番２−１２０８号,6550871
8140001015868,オリエント工業株式会社,兵庫県,神戸市垂水区,清玄町３１番地の１,6550865
8140001018078,東商伊藤株式会社,兵庫県,神戸市垂水区,星が丘２丁目３番３６号,6550032
8140001018160,株式会社芦田,兵庫県,神戸市垂水区,星陵台１丁目９番３号,6550038
8140001018169,株式会社安部設計,兵庫県,神戸市垂水区,福田４丁目２番１４号,6550013
8140001018177,イーストマン株式会社,兵庫県,神戸市垂水区,舞子台６丁目２番９号,6550046
8140001018202,株式会社イワサキ,兵庫県,神戸市垂水区,星陵台５丁目１０番６号,6550038
8140001018210,株式会社植中倫子,兵庫県,神戸市垂水区,塩屋町７丁目１番３８号,6550872
8140001018235,エヌ・ケー綜合企画株式会社,兵庫県,神戸市垂水区,桃山台２丁目１６番地の４,6550854
8140001018243,株式会社エルゾン,兵庫県,神戸市垂水区,日向２丁目６番１７−２０２号,6550893
8140001018251,大下無線株式会社,兵庫県,神戸市垂水区,宮本町３番２０号,6550028
8140001018268,株式会社オレンジホーム,兵庫県,神戸市垂水区,向陽２丁目６番１８号１０２,6550012
8140001018284,霞ケ丘不動産株式会社,兵庫県,神戸市垂水区,五色山８丁目１番５５−１０１号,6550035
8140001018292,株式会社ツダミックス,兵庫県,神戸市垂水区,馬場通９番１１号,6550021
8140001018318,株式会社近配西部サービス,兵庫県,神戸市垂水区,本多聞３丁目４番１３号,6550006
8140001018326,株式会社共和工業所,兵庫県,神戸市垂水区,美山台１丁目６番２６号美山台ライフガーデン４０３号,6550874
8140001018342,株式会社クラウン社,兵庫県,神戸市垂水区,千代が丘２丁目２番３５号,6550018
8140001018359,浩生興産株式会社,兵庫県,神戸市垂水区,星陵台５丁目１１番７−６０２号,6550038
8140001018367,興和計装株式会社,兵庫県,神戸市垂水区,南多聞台３丁目６番６７号,6550043
8140001018383,株式会社成和電工,兵庫県,神戸市垂水区,小束山本町２丁目１番６号,6550003
8140001018391,佐伯実業株式会社,兵庫県,神戸市垂水区,下畑町２０８３番地,6550861
8140001018400,株式会社サンクスインターナショナル,兵庫県,神戸市垂水区,海岸通９番５０−２１０号,6550036
8140001018425,山陽建設株式会社,兵庫県,神戸市垂水区,神田町２番２９号,6550027
8140001018441,株式会社伸栄鉄工所,兵庫県,神戸市垂水区,本多聞２丁目１２番１４号,6550006
8140001018474,神明土地住宅株式会社,兵庫県,神戸市垂水区,霞ケ丘４丁目３番１６号,6550039
8140001018482,株式会社ジョイ,兵庫県,神戸市垂水区,桃山台７丁目５番地の１０,6550854
8140001018490,株式会社上東商店,兵庫県,神戸市垂水区,高丸７丁目７番１５号,6550016
8140001018508,杉野電気工業株式会社,兵庫県,神戸市垂水区,桃山台２丁目１１８８番地の１７グランディア・ミ・アモーレ桃山台３０６号,6550854
8140001018549,太平産業株式会社,兵庫県,神戸市垂水区,塩屋町２丁目５番６号,6550872
8140001018557,株式会社ダンク,兵庫県,神戸市垂水区,学が丘４丁目１１番２０号,6550004
8140001018573,谷垣工業株式会社,兵庫県,神戸市垂水区,小束山本町１丁目５番１号,6550003
8140001018598,垂水タクシー株式会社,兵庫県,神戸市垂水区,大町２丁目２番１７号,6550014
8140001018607,司園造園土木株式会社,兵庫県,神戸市垂水区,名谷町３０９３番地,6550852
8140001018615,株式会社ティー・エム・プランニング,兵庫県,神戸市垂水区,桃山台５丁目６番１０号,6550854
8140001018656,永田家具工芸株式会社,兵庫県,神戸市垂水区,小束山本町１丁目４番１２号,6550003
8140001018680,株式会社日成ハウジング,兵庫県,神戸市垂水区,西舞子２丁目１番４６号日成ビル,6550048
8140001018689,株式会社延川工務店,兵庫県,神戸市垂水区,下畑町字上口８４７番地の４,6550861
8140001018697,株式会社万輝オート商会,兵庫県,神戸市垂水区,名谷町字湯屋谷２２４５番地の１,6550852
8140001018722,株式会社はるや,兵庫県,神戸市垂水区,瑞ケ丘３番１０号,6550025
8140001018747,株式会社フィラテック,兵庫県,神戸市垂水区,旭が丘１丁目１０番１０５号,6550033
8140001018755,株式会社富士開発,兵庫県,神戸市垂水区,五色山６丁目４番１９号,6550035
8140001018771,フナベ商事株式会社,兵庫県,神戸市垂水区,つつじが丘７丁目４番地の２２,6550853
8140001018796,株式会社ホンダカーズ兵庫中央,兵庫県,神戸市垂水区,舞子坂１丁目１０番３７号,6550044
8140001018821,株式会社萬田商会,兵庫県,神戸市垂水区,清水が丘１丁目２０−３１,6550031
8140001018846,三ツ星株式会社,兵庫県,神戸市垂水区,名谷町字室山１４００番地の７１,6550852
8140001018854,南興産株式会社,兵庫県,神戸市垂水区,高丸４丁目３番５号,6550016
8140001018862,名谷産業株式会社,兵庫県,神戸市垂水区,名谷町２２５１番地,6550852
8140001018879,明和興業株式会社,兵庫県,神戸市垂水区,歌敷山３丁目８番１２号,6550037
8140001018887,株式会社森口設備,兵庫県,神戸市垂水区,つつじが丘５丁目２４番地,6550853
8140001018895,ヤマカエンジニアリング株式会社,兵庫県,神戸市垂水区,塩屋町６丁目２６番１０号,6550872
8140001018929,株式会社ワイズプランニング,兵庫県,神戸市垂水区,本多聞６丁目２１番６号,6550006
8140001018937,株式会社リバイブ,兵庫県,神戸市垂水区,大町２丁目１番１９号,6550014
8140001018961,株式会社神戸車屋,兵庫県,神戸市垂水区,多聞台２丁目２番９号,6550007
8140001020224,株式会社エイム,兵庫県,神戸市垂水区,学が丘４丁目１０番３７号,6550004
8140001020463,株式会社ハウス販売神戸,兵庫県,神戸市垂水区,坂上３丁目２番２４号,6550895
8140001021180,株式会社誠通信工業,兵庫県,神戸市垂水区,塩屋町６丁目１４番６号,6550872
8140001022014,株式会社セーフティ・スタッフ,兵庫県,神戸市垂水区,つつじが丘１丁目５番地の５,6550853
8140001022286,株式会社サイ電子,兵庫県,神戸市垂水区,川原２丁目２番７号,6550894
8140001022625,オーユージェイ株式会社,兵庫県,神戸市垂水区,青山台７丁目４番４６号,6550873
8140001022732,株式会社エトナ,兵庫県,神戸市垂水区,南多聞台４丁目１５番１３号,6550043
8140001022823,株式会社アイ・ディアル,兵庫県,神戸市垂水区,平磯４丁目１番４−１３０１号,6550892
8140001023284,株式会社ＡＧＥＴＯＲＡ,兵庫県,神戸市垂水区,桃山台６丁目１３番地の１２,6550854
8140001023664,マックス株式会社,兵庫県,神戸市垂水区,城が山２丁目８番１５号,6550884
8140001024423,株式会社セイント,兵庫県,神戸市垂水区,本多聞６丁目９番１０号,6550006
8140001024555,株式会社ビーフォレスト,兵庫県,神戸市垂水区,城が山１丁目３番１５号,6550884
8140001025066,株式会社トーラス,兵庫県,神戸市垂水区,旭が丘１丁目２番５号,6550033
8140001025132,サンワ・コーポレーション株式会社,兵庫県,神戸市垂水区,舞子台２丁目９番３０−１１１２号,6550046
8140001025198,株式会社グローバルコンサルタント,兵庫県,神戸市垂水区,塩屋町６丁目４−２３、２Ｆ,6550872
8140001025207,株式会社クオリティ,兵庫県,神戸市垂水区,つつじが丘２丁目２０番地の１１,6550853
8140001025628,株式会社ミカタ工業,兵庫県,神戸市垂水区,学が丘７丁目１番２６−５３号,6550004
8140001025685,プランニングホーム株式会社,兵庫県,神戸市垂水区,福田２丁目３番１８号,6550013
8140001025990,バーチワイヤレス株式会社,兵庫県,神戸市垂水区,千鳥が丘３丁目２４番８１号,6550011
8140001025999,兵庫防虫株式会社,兵庫県,神戸市垂水区,青山台２丁目１−１０−２０１,6550873
8140001026428,株式会社Ｍ＆Ｍ,兵庫県,神戸市垂水区,千鳥が丘１丁目１番１号,6550011
8140001026576,株式会社高橋テクニカルサービス,兵庫県,神戸市垂水区,馬場通５番９号,6550021
8140001026840,株式会社安心堂,兵庫県,神戸市垂水区,中道５丁目１番１２号,6550896
8140001027062,株式会社エムイーピー,兵庫県,神戸市垂水区,高丸３丁目１−１７,6550016
8140001027120,株式会社アルテアレンタード,兵庫県,神戸市垂水区,下畑町字真田山２７７番地の２９０,6550861
8140001027129,マル克水産株式会社,兵庫県,神戸市垂水区,平磯３丁目１番１０号,6550892
8140001027574,株式会社マリーゴールド,兵庫県,神戸市垂水区,神陵台７丁目３−１０,6550041
8140001027756,株式会社ピークスインターナショナル,兵庫県,神戸市垂水区,五色山６丁目５番２４号,6550035
8140001027830,株式会社あつた調剤,兵庫県,神戸市垂水区,小束山本町２丁目１番２８号,6550003
8140001027847,株式会社Ｍカラー,兵庫県,神戸市垂水区,名谷町字前田９０４番地の１,6550852
8140001027896,サンティー株式会社,兵庫県,神戸市垂水区,下畑町字向井４８３番,6550861
8140001028003,株式会社三樹,兵庫県,神戸市垂水区,桃山台２丁目１２番１３号,6550854
8140001028110,株式会社義友社,兵庫県,神戸市垂水区,美山台２丁目４番１４号,6550874
8140001028795,株式会社ＳＴＵＤＩＯ　ＭＡＴＳＵＯ,兵庫県,神戸市垂水区,つつじが丘５丁目２４番地,6550853
8140001028804,アクト神戸株式会社,兵庫県,神戸市垂水区,神田町２番４０号,6550027
8140001028820,株式会社ワイズシステム,兵庫県,神戸市垂水区,海岸通４番３０号,6550036
8140001028845,株式会社ＳＨＩＲＯＷ,兵庫県,神戸市垂水区,平磯４丁目１番３−３０１号,6550892
8140001028911,株式会社アジアブリッジ,兵庫県,神戸市垂水区,坂上２丁目１番２２号,6550895
8140001029042,マルコポーロジャパン株式会社,兵庫県,神戸市垂水区,五色山２丁目３番４６号,6550035
8140001029604,株式会社セキュリティ・トラスト,兵庫県,神戸市垂水区,舞子台６丁目１９番１４号,6550046
8140001029752,株式会社庵,兵庫県,神戸市垂水区,青山台４丁目８番１８号森ビル１Ｆ,6550873
8140001029777,株式会社ヒューマン・インテグレーション,兵庫県,神戸市垂水区,五色山３丁目１番１４−３０３号,6550035
8140001029835,株式会社ニカメ電機,兵庫県,神戸市垂水区,山手６丁目１０番５号,6550891
8140001030017,株式会社ＫＲＣ　ＦＯＯＤＳ,兵庫県,神戸市垂水区,星陵台７丁目４番２２号,6550038
8140001030801,株式会社ＡＢＣ企画,兵庫県,神戸市垂水区,多聞台３丁目１１番３号,6550007
8140001030925,ヴァーチャル・ファクトリー株式会社,兵庫県,神戸市垂水区,塩屋町９丁目３０番５０−６１１号,6550872
8140001031329,株式会社スマイル・ライフ,兵庫県,神戸市垂水区,福田５丁目５番２２号,6550013
8140001031378,株式会社エヌ・サポート,兵庫県,神戸市垂水区,西舞子８丁目１６番１９−６１２号,6550048
8140001031510,株式会社インスティー,兵庫県,神戸市垂水区,西舞子２丁目１０−１６−２０１,6550048
8140001031634,株式会社ミーコにゃ,兵庫県,神戸市垂水区,松風台１丁目６番９号,6550871
8140001031642,サンブレス株式会社,兵庫県,神戸市垂水区,王居殿３丁目１４番１８号,6550883
8140001032178,株式会社アドバンス,兵庫県,神戸市垂水区,南多聞台３丁目２番１０号,6550043
8140001032252,株式会社すこやかライフ,兵庫県,神戸市垂水区,本多聞６丁目１０番２９号,6550006
8140001032459,株式会社住本商会,兵庫県,神戸市垂水区,舞子坂２丁目４番４３−３０２号,6550044
8140001032483,明治産業株式会社,兵庫県,神戸市垂水区,小束山本町２丁目２０番２−２１０号,6550003
8140001032649,株式会社ワンストップ・コンサルティング,兵庫県,神戸市垂水区,陸ノ町１−３０フラワービル３階,6550026
8140001032863,株式会社アルファサポートシステム,兵庫県,神戸市垂水区,泉が丘２丁目２番８号,6550885
8140001033060,株式会社レガン,兵庫県,神戸市垂水区,上高丸３丁目１５番７号,6550017
8140001033457,株式会社トミサン,兵庫県,神戸市垂水区,星が丘３丁目１番７２号,6550032
8140001033663,トラスト不動産販売株式会社,兵庫県,神戸市垂水区,天ノ下町１番１−１１４号,6550029
8140001033738,ＳＳ　ＭＯＤＥ株式会社,兵庫県,神戸市垂水区,西舞子１丁目４番５号,6550048
8140001033886,株式会社ラペイルージア,兵庫県,神戸市垂水区,千代が丘２丁目４番５０号,6550018
8140001033960,株式会社エスユーコーポレーション,兵庫県,神戸市垂水区,歌敷山２丁目２番１０号,6550037
8140001034364,株式会社エムフーズ,兵庫県,神戸市垂水区,天ノ下町１２番１０号,6550029
8140001034521,石丸産業株式会社,兵庫県,神戸市垂水区,狩口台７丁目５番３０−６０９号,6550049
8140001034843,神戸ハウス株式会社,兵庫県,神戸市垂水区,学が丘４丁目１８番８号,6550004
8140001037301,Ｓｅｉｍ株式会社,兵庫県,神戸市垂水区,東垂水１丁目８番１７号ハイツベルビュウ１０２,6550886
8140001038092,株式会社ＬＩＦＥ　ＴＩＭＥ,兵庫県,神戸市垂水区,中道２丁目１番２５号ハッピーコート垂水１階,6550896
8140001038200,株式会社アイビー,兵庫県,神戸市垂水区,天ノ下町１番１−１７７号,6550029
8140001043646,株式会社美知,兵庫県,神戸市垂水区,山手３丁目４番８−１号グランシャリオ山手ウエスト１０１号,6550891
8140001047119,株式会社グリーンパワー,兵庫県,神戸市垂水区,馬場通２−２２Ｆビル,6550021
8140001047176,株式会社ピクルす,兵庫県,神戸市垂水区,天ノ下町５番２６号,6550029
8140001047234,株式会社舞子企画,兵庫県,神戸市垂水区,霞ケ丘７丁目２番１５号,6550039
8140001057035,株式会社ＳＷＲ,兵庫県,神戸市垂水区,陸ノ町２番１１号,6550026
8140001067397,株式会社信組,兵庫県,神戸市垂水区,多聞台１丁目１１番２９号,6550007
8140001067463,株式会社フジオートテック,兵庫県,神戸市垂水区,霞ケ丘３丁目５番１８号,6550039
8140001067711,柳内コンサルティング株式会社,兵庫県,神戸市垂水区,西舞子４丁目５番３号,6550048
8140001086728,株式会社Ａｇｌｅａ,兵庫県,神戸市垂水区,山手３丁目６番１号,6550891
8140001087008,株式会社セイゴウ,兵庫県,神戸市垂水区,舞多聞西４丁目８番１３号,6550051
8140001087131,大志工業株式会社,兵庫県,神戸市垂水区,山手６丁目６番３号,6550891
8140001087288,株式会社東伸,兵庫県,神戸市垂水区,海岸通５番７３−３０４号,6550036
8140001087651,株式会社ブレインズネット,兵庫県,神戸市垂水区,桃山台７丁目８番地の２,6550854
8140001088526,小嶋工業株式会社,兵庫県,神戸市垂水区,下畑町７９６番地の６ノーブル１０２号,6550861
8140001088575,株式会社アークテック,兵庫県,神戸市垂水区,舞子坂１丁目５番４号,6550044
8140001088988,株式会社ガリンクス,兵庫県,神戸市垂水区,小束山６丁目１５番地の１０,6550002
8140001089490,株式会社未来創造,兵庫県,神戸市垂水区,神田町２番３５号,6550027
8140001089581,株式会社サカクラ,兵庫県,神戸市垂水区,美山台２丁目１７番２０号,6550874
8140001089656,株式会社ララスウィート,兵庫県,神戸市垂水区,五色山３丁目１−１７五色山パークハイツ,6550035
8140001089887,株式会社メルティングポット,兵庫県,神戸市垂水区,青山台７丁目７−１,6550873
8140001090705,株式会社アーモ・ファミリア,兵庫県,神戸市垂水区,松風台１丁目１番３号,6550871
8140001091100,株式会社やままさ,兵庫県,神戸市垂水区,学が丘４丁目２１番４号,6550004
8140001091736,株式会社石福,兵庫県,神戸市垂水区,多聞台２丁目８番１８号,6550007
8140001091918,Ｋ．Ｋ．Ｓ株式会社,兵庫県,神戸市垂水区,つつじが丘４丁目６番地の１１,6550853
8140001092131,株式会社Ｃｒａｆｔ多聞,兵庫県,神戸市垂水区,舞多聞西７丁目１１番３号,6550051
8140001092370,株式会社ライブトラスト,兵庫県,神戸市垂水区,神陵台８丁目１番１２号,6550041
8140001094846,株式会社アイメックス,兵庫県,神戸市垂水区,舞子台４丁目８番２０号,6550046
8140001094870,株式会社ライト,兵庫県,神戸市垂水区,名谷町２２８７−３,6550852
8140001095051,株式会社政輝,兵庫県,神戸市垂水区,美山台１丁目１番４号,6550874
8140001095547,株式会社フォアライン,兵庫県,神戸市垂水区,学が丘２丁目１−４１１,6550004
8140001096842,株式会社参謀,兵庫県,神戸市垂水区,小束山３丁目８６８番地の７９７,6550002
8140001097072,株式会社楽園,兵庫県,神戸市垂水区,西舞子８丁目６番１３号,6550048
8140001097130,株式会社ＭＥ,兵庫県,神戸市垂水区,乙木２丁目１番１０号,6550882
8140001097304,みなとまち不動産株式会社,兵庫県,神戸市垂水区,海岸通５番５７−５０３号,6550036
8140001097659,株式会社ハウスネットワーク,兵庫県,神戸市垂水区,舞子坂３丁目４−３−１０２,6550044
8140001098079,株式会社桜デンタルラボ,兵庫県,神戸市垂水区,旭が丘１丁目５番２８号,6550033
8140001098384,クラモト興産株式会社,兵庫県,神戸市垂水区,中道２丁目１番２４号,6550896
8140001098491,株式会社リップスアカデミー,兵庫県,神戸市垂水区,陸ノ町４番５号,6550026
8140001098946,株式会社ベストウイング,兵庫県,神戸市垂水区,塩屋台３丁目９番１３号,6550864
8140001099449,株式会社ａｙｕｔｏ,兵庫県,神戸市垂水区,本多聞３丁目５番２３号,6550006
8140001099647,株式会社ＴＡＣＯ,兵庫県,神戸市垂水区,潮見が丘１丁目５番３８−４号,6550005
8140001100265,株式会社福田産業,兵庫県,神戸市垂水区,歌敷山２丁目２番１０号,6550037
8140001100760,株式会社ＺＯＮＥ,兵庫県,神戸市垂水区,舞多聞東２丁目６番２号,6550052
8140001101197,株式会社グローバルライン,兵庫県,神戸市垂水区,本多聞６丁目１３番２３号,6550006
8140001101379,株式会社ｏｆｆｉｃｅ　ｓｏｕｒｉｅｎｔ,兵庫県,神戸市垂水区,本多聞１丁目１番１５号,6550006
8140001102740,ウォークル株式会社,兵庫県,神戸市垂水区,舞多聞西７丁目１０番２０号,6550051
8140001103615,神戸計器株式会社,兵庫県,神戸市垂水区,中道３丁目２番８−２０１号,6550896
8140001103656,株式会社辻建設,兵庫県,神戸市垂水区,桃山台１丁目２番地の２６,6550854
8140001104290,株式会社エム・ワイ・シー関西,兵庫県,神戸市垂水区,東垂水３丁目５番２−５０３号,6550886
8140001104919,トイイ産業株式会社,兵庫県,神戸市垂水区,舞多聞西３丁目１番１２号,6550051
8140001105198,株式会社ｃｏｎｎｅｃｔ,兵庫県,神戸市垂水区,本多聞３丁目８番２号,6550006
8140001106378,株式会社龍紋,兵庫県,神戸市垂水区,日向２丁目３番７号,6550893
8140001106394,株式会社玉城ポンプ,兵庫県,神戸市垂水区,小束山本町２丁目３０番１６号,6550003
8140001106403,株式会社丈,兵庫県,神戸市垂水区,桃山台５丁目２０番地の２０パレドールＪＯＥ１０６,6550854
8140001108374,ＴＡＮプラス株式会社,兵庫県,神戸市垂水区,山手６丁目７番８号,6550891
8140001109629,株式会社Ｒｅｂｒｏ,兵庫県,神戸市垂水区,星が丘３丁目４番１２号Ｙビル１０１,6550032
8140001111163,ユナイテッドワークス株式会社,兵庫県,神戸市垂水区,福田２丁目２番１４号,6550013
8140001111527,株式会社ジールアンドアチーブメント,兵庫県,神戸市垂水区,桃山台１丁目１２番地の１８,6550854
8140001111543,株式会社ｈｉｒａｋｕ,兵庫県,神戸市垂水区,五色山２丁目１番３９,6550035
8140001111618,株式会社ミウラテクノ,兵庫県,神戸市垂水区,五色山５丁目２番２−３０４号,6550035
8140001112046,株式会社九重フーズ,兵庫県,神戸市垂水区,泉が丘３丁目４番１１号,6550885
8140001112376,株式会社安芸電業舎,兵庫県,神戸市垂水区,小束山本町４丁目４番１−４１１号,6550003
8140001113440,株式会社寿光,兵庫県,神戸市垂水区,多聞台２丁目７番３５号,6550007
8140001113787,武住ホーム株式会社,兵庫県,神戸市垂水区,名谷町８８４番地の１２,6550852
8140001114174,林通信株式会社,兵庫県,神戸市垂水区,桃山台１丁目９番地の９,6550854
8140001114967,Ｄ７４株式会社,兵庫県,神戸市垂水区,狩口台７丁目１５番４０号,6550049
8140001114975,株式会社クロスパ,兵庫県,神戸市垂水区,大町１丁目２番８号,6550014
8140001115032,ＡＵＬＩＩ株式会社,兵庫県,神戸市垂水区,仲田１丁目８番２４−４０７号,6550034
8140001115057,株式会社Ｔ＆Ｍ　ｋｏｂｅ,兵庫県,神戸市垂水区,南多聞台８丁目７−４４１号,6550043
8140001115750,株式会社住プラント,兵庫県,神戸市垂水区,上高丸２丁目１番２２−４０４号,6550017
8140001116352,株式会社石崎商会,兵庫県,神戸市垂水区,千鳥が丘１丁目１番４号,6550011
8140001116591,マナブ総建株式会社,兵庫県,神戸市垂水区,東垂水２丁目２４番８号,6550886
8140001117607,株式会社穐輝建設,兵庫県,神戸市垂水区,塩屋町６７１番地の１２５アンビエントジェームス山一番館１３０５号,6550872
8140001117714,ＲｏｎＢａｎ株式会社,兵庫県,神戸市垂水区,舞多聞西１丁目２０番６号,6550051
8140001118010,ｓｔＹｌｅ建設株式会社,兵庫県,神戸市垂水区,小束山２丁目１８番地の６,6550002
8140001118183,株式会社あいのて,兵庫県,神戸市垂水区,桃山台２丁目１６６４番地の４５ベルファミーユ桃山台２０７号,6550854
8140001118381,ＡＲＦ株式会社,兵庫県,神戸市垂水区,仲田２丁目１番４０号,6550034
8140001119108,株式会社ＵＡＤ,兵庫県,神戸市垂水区,東垂水２丁目１９−２,6550886
8140001119347,株式会社ＭＹ　ｓｔｙｌｅ,兵庫県,神戸市垂水区,舞多聞西５丁目２番１８号,6550051
8140001119784,株式会社ＪＰＣ,兵庫県,神戸市垂水区,平磯４丁目４番３号,6550892
8140001119792,株式会社ＴＳＫ,兵庫県,神戸市垂水区,星陵台３丁目４番１−３０５号,6550038
8140001120825,株式会社創生,兵庫県,神戸市垂水区,向陽３丁目１番１１号,6550012
8140001121468,チサキ工業株式会社,兵庫県,神戸市垂水区,仲田１丁目３番５号,6550034
8140001121575,株式会社テックメン,兵庫県,神戸市垂水区,西舞子１丁目９番６−４０１号,6550048
8140001121633,株式会社ＦＴ．ＴＲＡＮＳＰＯＲＴ,兵庫県,神戸市垂水区,桃山台２丁目１６６４番地の５,6550854
8140001122788,株式会社ＫＡＮＡＵ,兵庫県,神戸市垂水区,舞子台６丁目１０番１２号,6550046
8140001122920,株式会社Ｋａｉ,兵庫県,神戸市垂水区,星陵台７丁目１４番２５号,6550038
8140001123266,株式会社ＯＨＡＮＡ,兵庫県,神戸市垂水区,朝谷町１９番地の５,6550862
8140001123448,藤井造園土木株式会社,兵庫県,神戸市垂水区,美山台２丁目１８番１４号,6550874
8140001123976,ＲＫ　ｆｏｒｍ株式会社,兵庫県,神戸市垂水区,清水が丘１丁目２１−２２,6550031
8140001124280,Ａｒｔｉｆｉｃｉａｌ　Ｃｒｙｓｔａｌ株式会社,兵庫県,神戸市垂水区,つつじが丘３丁目８番地４号,6550853
8140001124371,ＳＥＩＴＥＮ　ＢＡＳＥ株式会社,兵庫県,神戸市垂水区,北舞子３丁目２−１９,6550045
8140001124512,株式会社アークレイ,兵庫県,神戸市垂水区,高丸５丁目２番１８号,6550016
8140001125163,スマートテック株式会社,兵庫県,神戸市垂水区,瑞穂通５−１１,6550022
8140001125907,株式会社西村商店,兵庫県,神戸市垂水区,天ノ下町１番１−７５９号,6550029
8140001125948,株式会社ＨＥＡＲＴ　ＡＩＤ,兵庫県,神戸市垂水区,本多聞３丁目１１−１１−２０３,6550006
8140001126814,株式会社仁楽,兵庫県,神戸市垂水区,下畑町字鷲ケ尾３１２番地の１,6550861
8140001128397,花福商店株式会社,兵庫県,神戸市垂水区,陸ノ町２番２８号２階,6550026
8140001128629,クレリア不動産株式会社,兵庫県,神戸市垂水区,霞ヶ丘４丁目３番５号,6550039
8140001128959,株式会社プロテクト,兵庫県,神戸市垂水区,塩屋台３丁目９番７号,6550864
8140001129214,Ｏｎｅ‐ｓｔｏｒｙ株式会社,兵庫県,神戸市垂水区,高丸８丁目７−２３,6550016
8140001129338,株式会社Ｇ’Ｓエクステリア,兵庫県,神戸市垂水区,舞子坂１丁目９番８８号,6550044
8140001129569,株式会社Ｒ・Ａ,兵庫県,神戸市垂水区,東垂水１丁目１０−８,6550886
8140001130452,ｅｐｉｃｅプランニング株式会社,兵庫県,神戸市垂水区,桃山台４丁目２番地の１１,6550854
8140001131046,株式会社ＮＩＫＡＩ,兵庫県,神戸市垂水区,学が丘１丁目１３番１号,6550004
8140001132589,株式会社新興開発,兵庫県,神戸市垂水区,塩屋町６丁目１番１５−５０３号,6550872
8140001134809,セイエス株式会社,兵庫県,神戸市垂水区,下畑町１０４５−１３,6550861
8140001135468,Ｃａｒｅ不動産株式会社,兵庫県,神戸市垂水区,平磯４丁目３番２１号,6550892
8140001135781,株式会社Ｌ．Ｔ．Ｐ　ｍａｉｎｔｅｎａｎｃｅ,兵庫県,神戸市垂水区,千代が丘１丁目７番５０号,6550018
8140001136409,スマート不動産管理株式会社,兵庫県,神戸市垂水区,王居殿２丁目７番４号,6550883
8140001136540,株式会社旭工務店,兵庫県,神戸市垂水区,塩屋町９丁目２０−１４ファミーユ塩屋１０１号,6550872
8140001136862,株式会社Ｑｕａｒｔｅｔ　Ｃｏｒｐ．,兵庫県,神戸市垂水区,高丸４丁目８番５号,6550016
8140001137811,株式会社ＦＬＥＸ,兵庫県,神戸市垂水区,多聞町字小束山８６８番地の７９０,6550001
8140001138264,株式会社新航,兵庫県,神戸市垂水区,神陵台８丁目１番３５号,6550041
8140001138776,株式会社ＷＥＬＬＴＵＲＥ,兵庫県,神戸市垂水区,五色山３丁目１番３５−２１８号,6550035
8140001139411,株式会社Ｎｅｘｔ　Ｏｎｅ,兵庫県,神戸市垂水区,西舞子１丁目８番３号,6550048
8140001139709,株式会社ルームディー,兵庫県,神戸市垂水区,本多聞２丁目７番２２号,6550006
8140001140261,株式会社ライアス,兵庫県,神戸市垂水区,塩屋町１丁目３番１１号,6550872
8140001140526,株式会社マリネア,兵庫県,神戸市垂水区,舞多聞西７丁目１０番２０号,6550051
8140001141425,株式会社ＲＨＹ,兵庫県,神戸市垂水区,名谷町字平ノ垣内８５０番地の１エクシアパーム弐番館３０３号,6550852
8140001141458,株式会社ｅｎｓｅｍｂｌｅ,兵庫県,神戸市垂水区,上高丸１丁目６番３−１０３号,6550017
8140001141796,株式会社山下ビジネス・コンサルティング,兵庫県,神戸市垂水区,城が山２丁目５−１,6550884
8140002006643,株式会社マリン,兵庫県,神戸市垂水区,山手１丁目６番２９号,6550891
8140002030783,株式会社カワサキマイスター,兵庫県,神戸市垂水区,清水が丘３丁目５番１６号,6550031
8140003005917,株式会社ハウス家,兵庫県,神戸市垂水区,仲田２丁目１番１０号,6550034
8140003010198,株式会社スリーツリー,兵庫県,神戸市垂水区,王居殿３丁目２５番１号,6550883
8170001012689,株式会社ヒューマンチェーン,兵庫県,神戸市垂水区,舞子台２丁目９番３０号舞子台グリーンマンション１１７号室,6550046
8180001113032,株式会社キングワークス,兵庫県,神戸市垂水区,西舞子８丁目１８番１１号,6550048
8260001023297,株式会社アイサーブ,兵庫県,神戸市垂水区,舞子坂３丁目４番３号−２０１,6550044
8370001018278,東方不動産株式会社,兵庫県,神戸市垂水区,清水通２番２号１０１号,6550023
9013201018322,株式会社リピークインターナショナル,兵庫県,神戸市垂水区,狩口台４丁目２７番５０１号,6550049
9120001083981,株式会社タケヤ,兵庫県,神戸市垂水区,多聞台４丁目６−８,6550007
9120001223034,株式会社Ｙ’ｓ‐ＬＩＮＥ,兵庫県,神戸市垂水区,名谷町字猿倉２３８番地の２４,6550852
9130001054395,ビー・エージェンシー株式会社,兵庫県,神戸市垂水区,大町２丁目４番７号,6550014
9140001004003,平和工業株式会社,兵庫県,神戸市垂水区,清玄町８番１３号,6550865
9140001004226,株式会社ライフシステム,兵庫県,神戸市垂水区,学が丘３丁目４番１−５０３号,6550004
9140001004647,株式会社北前建設,兵庫県,神戸市垂水区,神和台３丁目８−２,6550851
9140001004960,正和企業株式会社,兵庫県,神戸市垂水区,下畑町２４２番地,6550861
9140001009373,株式会社チュリマー,兵庫県,神戸市垂水区,神和台１丁目１６番地の２,6550851
9140001009687,株式会社土地システム研究所,兵庫県,神戸市垂水区,高丸４丁目７番１９号,6550016
9140001013854,株式会社ニッポウ工作所,兵庫県,神戸市垂水区,北舞子３丁目６番２３号,6550045
9140001014365,株式会社明朋,兵庫県,神戸市垂水区,本多聞４丁目５番３１０−３０２号,6550006
9140001014844,株式会社縁尋,兵庫県,神戸市垂水区,東垂水町字高丸７６２番地の５１,6550881
9140001016519,株式会社土幸商店,兵庫県,神戸市垂水区,下畑町字向井４９７番地１,6550861
9140001018069,興亜観光株式会社,兵庫県,神戸市垂水区,坂上３丁目２番２４号,6550895
9140001018151,株式会社赤坂工務店,兵庫県,神戸市垂水区,中道４丁目１番１５号１階,6550896
9140001018176,株式会社イー・アール・シー研究所,兵庫県,神戸市垂水区,塩屋町９丁目３０番１号,6550872
9140001018192,株式会社石谷販売店,兵庫県,神戸市垂水区,陸ノ町７番２３号,6550026
9140001018201,株式会社今津商会,兵庫県,神戸市垂水区,五色山４丁目１３番３６号,6550035
9140001018218,株式会社ウエルセス,兵庫県,神戸市垂水区,塩屋町５丁目５番１３号,6550872
9140001018234,株式会社エッソール,兵庫県,神戸市垂水区,歌敷山３丁目５番５０号,6550037
9140001018250,王子住宅株式会社,兵庫県,神戸市垂水区,上高丸１丁目３番６号,6550017
9140001018259,岡田工業株式会社,兵庫県,神戸市垂水区,本多聞１丁目２０番１２,6550006
9140001018267,株式会社オリエントサービス,兵庫県,神戸市垂水区,多聞台２丁目１０番７号,6550007
9140001018275,株式会社家具のピアリス,兵庫県,神戸市垂水区,下畑町字小坂７１番地,6550861
9140001018291,カトームセン電機株式会社,兵庫県,神戸市垂水区,青山台１丁目１３番１５号,6550873
9140001018300,カワグチ自動車株式会社,兵庫県,神戸市垂水区,名谷町字賀市３４３０番地３,6550852
9140001018309,株式会社岸本商事,兵庫県,神戸市垂水区,陸ノ町６−９,6550026
9140001018325,九建工業株式会社,兵庫県,神戸市垂水区,桃山台２丁目１６６４番地の３９,6550854
9140001018333,株式会社ギヤラリー・ケイ,兵庫県,神戸市垂水区,霞ケ丘７丁目９番２５号グレース霞ケ丘ビル,6550039
9140001018341,クリエイト工業株式会社,兵庫県,神戸市垂水区,朝谷町１８番地９,6550862
9140001018358,株式会社興喜通信,兵庫県,神戸市垂水区,本多聞３丁目５番２３号本多聞ハイツ２Ｆ２０１号,6550006
9140001018366,株式会社コウヨウビジネス,兵庫県,神戸市垂水区,向陽２丁目１番１号１０１,6550012
9140001018374,小島化学株式会社,兵庫県,神戸市垂水区,舞子台１丁目１番８号,6550046
9140001018382,五島電気工事株式会社,兵庫県,神戸市垂水区,向陽２丁目１番１号,6550012
9140001018399,サンケン工房株式会社,兵庫県,神戸市垂水区,下畑町字木之下７９２,6550861
9140001018424,三友株式会社,兵庫県,神戸市垂水区,向陽１丁目４−８,6550012
9140001018432,三和商運株式会社,兵庫県,神戸市垂水区,塩屋北町１丁目１４番８号,6550863
9140001018440,新栄鉄工建設株式会社,兵庫県,神戸市垂水区,福田１丁目１番２３号,6550013
9140001018449,株式会社神光,兵庫県,神戸市垂水区,多聞町字小束山８６８番の４７,6550001
9140001018465,新垂水自動車株式会社,兵庫県,神戸市垂水区,下畑町字上口８６６番地の１,6550861
9140001018481,株式会社ジョイ,兵庫県,神戸市垂水区,城が山３丁目４番１６号,6550884
9140001018498,株式会社シャトレーヌ白凰,兵庫県,神戸市垂水区,桃山台６丁目７番６号,6550854
9140001018515,株式会社成栄実業,兵庫県,神戸市垂水区,城が山１丁目５番２１号,6550884
9140001018523,株式会社正和,兵庫県,神戸市垂水区,美山台３丁目１８番７号,6550874
9140001018531,株式会社せらびー,兵庫県,神戸市垂水区,塩屋町６丁目３３番１６号,6550872
9140001018548,株式会社大豊木工,兵庫県,神戸市垂水区,小束山本町２丁目５番７号,6550003
9140001018556,大和興産株式会社,兵庫県,神戸市垂水区,西舞子８丁目１番２２号,6550048
9140001018564,高田屋不動産株式会社,兵庫県,神戸市垂水区,舞子台２丁目９番３０−１０４号,6550046
9140001018589,垂水建設株式会社,兵庫県,神戸市垂水区,城が山２丁目７番１号,6550884
9140001018630,株式会社東播産業,兵庫県,神戸市垂水区,千鳥が丘３丁目２２番７号,6550011
9140001018639,株式会社ときわそば,兵庫県,神戸市垂水区,星陵台１丁目３番２８号,6550038
9140001018655,株式会社ナガト,兵庫県,神戸市垂水区,天ノ下町１２番１０号,6550029
9140001018705,株式会社畑自動車工作所,兵庫県,神戸市垂水区,下畑町字雲星５１２番地１,6550861
9140001018754,株式会社フジコー,兵庫県,神戸市垂水区,つつじが丘７丁目２３８９番地の６,6550853
9140001018779,株式会社ベイコーポレーション,兵庫県,神戸市垂水区,星陵台１丁目７番１５号,6550038
9140001018804,株式会社行眞社,兵庫県,神戸市垂水区,多聞台４丁目１４番１０号,6550007
9140001018820,株式会社松下電気工業所,兵庫県,神戸市垂水区,本多聞１丁目１０番１７号,6550006
9140001018829,株式会社丸平,兵庫県,神戸市垂水区,南多聞台３丁目７番７号サムティ南多聞台５０３号室,6550043
9140001018837,株式会社ミキ・クリエイション,兵庫県,神戸市垂水区,五色山７丁目６番５号,6550035
9140001018845,ミズモト建設株式会社,兵庫県,神戸市垂水区,潮見が丘１丁目２番２８号,6550005
9140001018861,名谷園造園土木株式会社,兵庫県,神戸市垂水区,名谷町１０３９番地,6550852
9140001018878,株式会社明和園芸,兵庫県,神戸市垂水区,下畑町字前田４１番地,6550861
9140001018903,株式会社やまとや,兵庫県,神戸市垂水区,霞ケ丘６丁目８番７号,6550039
9140001018911,株式会社エムホールディングス,兵庫県,神戸市垂水区,千鳥が丘３丁目２４番２８号,6550011
9140001018928,株式会社ライフ住宅,兵庫県,神戸市垂水区,本多聞３丁目１１番１１号,6550006
9140001018944,株式会社レック,兵庫県,神戸市垂水区,潮見が丘１丁目５番２７号,6550005
9140001018952,神戸工販株式会社,兵庫県,神戸市垂水区,川原３丁目２番８号,6550894
9140001018960,株式会社神戸管理,兵庫県,神戸市垂水区,多聞町字小束山８６８番地,6550001
9140001020215,株式会社マディ,兵庫県,神戸市垂水区,名谷町字前田９０４番地の１,6550852
9140001021312,株式会社協栄,兵庫県,神戸市垂水区,向陽３丁目１番３０号,6550012
9140001021543,株式会社エクセルホームエージェンシー,兵庫県,神戸市垂水区,坂上２丁目２番３１号,6550895
9140001021659,株式会社エステートブフィエ,兵庫県,神戸市垂水区,塩屋町８丁目５番１３号,6550872
9140001022046,株式会社フォーレスト,兵庫県,神戸市垂水区,本多聞３丁目５番２３号,6550006
9140001022285,株式会社みなと流通企画,兵庫県,神戸市垂水区,上高丸３丁目１番１号,6550017
9140001023721,株式会社アントワープ,兵庫県,神戸市垂水区,神田町４−３２−１０６,6550027
9140001024645,株式会社アコーセラミック,兵庫県,神戸市垂水区,海岸通２１６６番の２,6550036
9140001024777,株式会社ソーシャルライフ,兵庫県,神戸市垂水区,本多聞７丁目５番１号,6550006
9140001025032,アトム教材株式会社,兵庫県,神戸市垂水区,桃山台２丁目１４番地の４,6550854
9140001025065,ホームアップ住宅販売株式会社,兵庫県,神戸市垂水区,仲田２丁目１番３５号,6550034
9140001025156,株式会社コンパス,兵庫県,神戸市垂水区,高丸４丁目８番１４号,6550016
9140001025288,株式会社エスティージャパン,兵庫県,神戸市垂水区,星陵台８丁目１２番２０号,6550038
9140001025346,株式会社ケイディーケイ,兵庫県,神戸市垂水区,南多聞台６丁目１０−５−１０４,6550043
9140001025354,株式会社アクト・コーポレーション,兵庫県,神戸市垂水区,神陵台７丁目１１番１１号,6550041
9140001025437,株式会社Ｓｅｉ,兵庫県,神戸市垂水区,歌敷山３丁目１１番１２号,6550037
9140001025560,ヤマネットプロモーション株式会社,兵庫県,神戸市垂水区,塩屋町字大谷６７１番地の１７６,6550872
9140001026278,株式会社ハートフルコーポレーション,兵庫県,神戸市垂水区,舞多聞東３丁目５番８号,6550052
9140001026344,株式会社ＡＮＹ,兵庫県,神戸市垂水区,神田町２−９,6550027
9140001027169,生活工場株式会社,兵庫県,神戸市垂水区,福田３丁目３−３０,6550013
9140001027276,株式会社ヘルシーライン,兵庫県,神戸市垂水区,南多聞台４丁目１番１４号,6550043
9140001027342,株式会社わいずＣａｆｅ,兵庫県,神戸市垂水区,平磯４丁目５−５−６０２,6550892
9140001027425,からし種出版株式会社,兵庫県,神戸市垂水区,舞子坂１丁目９番７２号,6550044
9140001027722,株式会社ＳＴＥＬＬＡ　ＦＩＳＳＡ美容工作所,兵庫県,神戸市垂水区,千代が丘２丁目１番６１号,6550018
9140001027788,株式会社西神戸生コン,兵庫県,神戸市垂水区,多聞町字小束山１０８６番地５０,6550001
9140001028175,株式会社ウィンテック,兵庫県,神戸市垂水区,霞ケ丘５丁目２番２９号,6550039
9140001028282,株式会社ケイエムツー,兵庫県,神戸市垂水区,名谷町３１７３番地セントポリア神戸運動公園８０４号,6550852
9140001028398,株式会社宇川住宅販売,兵庫県,神戸市垂水区,御霊町４番１３号,6550024
9140001028596,垂水水産株式会社,兵庫県,神戸市垂水区,瑞ケ丘９番３号,6550025
9140001028654,グローバル・ビジネス・ソリューションズ株式会社,兵庫県,神戸市垂水区,小束山６丁目４番地の１８,6550002
9140001028704,株式会社ＧＤｉｎｃ,兵庫県,神戸市垂水区,海岸通２−７−４０３号,6550036
9140001028737,高庄株式会社,兵庫県,神戸市垂水区,名谷町１０１１番地の１,6550852
9140001028860,株式会社フードテックジャパン,兵庫県,神戸市垂水区,小束山本町２丁目２番１号,6550003
9140001028951,株式会社神戸カーペンターズ,兵庫県,神戸市垂水区,名谷町１７９３番１,6550852
9140001029355,神戸レチナ株式会社,兵庫県,神戸市垂水区,王居殿３丁目１９−２,6550883
9140001029479,株式会社Ｄ−ＣＵＢＥ,兵庫県,神戸市垂水区,神陵台９丁目２０番４１号,6550041
9140001029603,株式会社神戸ベースボール倶楽部,兵庫県,神戸市垂水区,宮本町１番２１号,6550028
9140001030065,株式会社ＷＯＲＬＤＷＩＤＥ　ＴＲＡＤＥ,兵庫県,神戸市垂水区,東垂水２丁目２４番１１号,6550886
9140001030437,株式会社神栄工業所,兵庫県,神戸市垂水区,山手３丁目９番２３号,6550891
9140001030585,セイコーワン株式会社,兵庫県,神戸市垂水区,平磯４丁目４番３号,6550892
9140001031071,株式会社パールコンタクト,兵庫県,神戸市垂水区,西舞子２丁目１４番１１号,6550048
9140001031220,ライフスタイル研究所株式会社,兵庫県,神戸市垂水区,千鳥が丘１丁目１４番２７号,6550011
9140001031253,株式会社Ｋ＆Ｙインターナショナル,兵庫県,神戸市垂水区,星陵台４丁目４番１２号,6550038
9140001031740,株式会社神戸フォルム,兵庫県,神戸市垂水区,南多聞台２丁目４番１６号,6550043
9140001032144,株式会社神戸山下販売,兵庫県,神戸市垂水区,清水が丘３丁目２番７号,6550031
9140001032986,株式会社ビレイ,兵庫県,神戸市垂水区,神和台１丁目１２番地の１５,6550851
9140001033299,株式会社ナチュラルグリード,兵庫県,神戸市垂水区,川原１丁目１番１８号,6550894
9140001033340,株式会社ＫＡＮＳＡＩＷＥＳＴ　ＴＲＡＮＳＰＯＲＴ,兵庫県,神戸市垂水区,桃山台２丁目１６６４番地の５グリーンハイツ３１０号,6550854
9140001033729,株式会社西神物流センター,兵庫県,神戸市垂水区,清水が丘３丁目５番１４−７０１号,6550031
9140001033885,株式会社マリンホールディングス,兵庫県,神戸市垂水区,名谷町２２８５−３,6550852
9140001034207,株式会社ＪＥＥＤ,兵庫県,神戸市垂水区,清玄町３３番地の１,6550865
9140001034280,株式会社かざみどり,兵庫県,神戸市垂水区,歌敷山３丁目１番３３−３号,6550037
9140001035824,株式会社環,兵庫県,神戸市垂水区,狩口台５丁目１４番２号,6550049
9140001037622,株式会社ホーム・スタイル,兵庫県,神戸市垂水区,仲田１丁目７番２７−１号,6550034
9140001038059,株式会社栄神,兵庫県,神戸市垂水区,野田通７番１号,6550015
9140001038182,株式会社ＡｉｍＬｅａｐ,兵庫県,神戸市垂水区,西舞子２丁目１番４３号,6550048
9140001042192,株式会社ニューポート,兵庫県,神戸市垂水区,本多聞１丁目８番３０号,6550006
9140001042382,信宏国際商事株式会社,兵庫県,神戸市垂水区,つつじが丘２丁目７番地の４,6550853
9140001047183,株式会社ｇｅｍｍａ,兵庫県,神戸市垂水区,宮本町４番５号２Ｆ,6550028
9140001047233,株式会社ピュア・クリオ,兵庫県,神戸市垂水区,南多聞台５丁目４番７号,6550043
9140001051334,株式会社リンクエフ,兵庫県,神戸市垂水区,神陵台４丁目１番５０−１０４号,6550041
9140001057050,株式会社ＮＥＣＯ,兵庫県,神戸市垂水区,潮見が丘１丁目４番３４号アタックスビル１Ｆ,6550005
9140001057091,株式会社バルマン,兵庫県,神戸市垂水区,天ノ下町１番１−４０３号,6550029
9140001072818,株式会社ろくおか,兵庫県,神戸市垂水区,王居殿２丁目１１番１２号,6550883
9140001077651,神戸不動産リアルティ株式会社,兵庫県,神戸市垂水区,野田通５番１５号,6550015
9140001086495,株式会社フォレストメディカル,兵庫県,神戸市垂水区,小束山４丁目４番地の１１,6550002
9140001086553,株式会社マエストロ,兵庫県,神戸市垂水区,つつじが丘１丁目１１９８番地の４７,6550853
9140001087097,オーガニックスタジオ兵庫株式会社,兵庫県,神戸市垂水区,名谷町字丸尾４７４番２,6550852
9140001087634,株式会社ＰＡＲＴＥＣＯＲＰＯ,兵庫県,神戸市垂水区,千鳥が丘３丁目２２番２４号,6550011
9140001089151,株式会社ａｓｏｆ,兵庫県,神戸市垂水区,神田町２−９松林ビル４階,6550027
9140001089440,カジマ工業株式会社,兵庫県,神戸市垂水区,城が山５丁目６番５号,6550884
9140001089829,株式会社富島組,兵庫県,神戸市垂水区,松風台２丁目１−１−１０１２,6550871
9140001089886,株式会社トリニティ,兵庫県,神戸市垂水区,瑞穂通７番１５号,6550022
9140001090844,株式会社コウベ・ネット,兵庫県,神戸市垂水区,本多聞６丁目２７番２３号,6550006
9140001091000,榮木材株式会社,兵庫県,神戸市垂水区,下畑町字神ノ脇４１９−１,6550861
9140001091066,株式会社せんす,兵庫県,神戸市垂水区,本多聞１丁目６−８,6550006
9140001091388,株式会社オーシャンゲート,兵庫県,神戸市垂水区,青山台５丁目２番３０−２０３号,6550873
9140001091611,株式会社エターナリーサポート,兵庫県,神戸市垂水区,青山台４丁目２番６０−２０６号,6550873
9140001092790,株式会社Ｓテックス,兵庫県,神戸市垂水区,舞多聞東１丁目３番６号,6550052
9140001092956,株式会社ＭＢＷ,兵庫県,神戸市垂水区,塩屋町７丁目２番６号,6550872
9140001093104,株式会社オフィス西神,兵庫県,神戸市垂水区,塩屋北町２丁目６番２号,6550863
9140001094060,株式会社神和工業,兵庫県,神戸市垂水区,多聞台１丁目１２番２３−１号,6550007
9140001096032,村田工業株式会社,兵庫県,神戸市垂水区,塩屋北町４丁目３０１番３１５,6550863
9140001096387,株式会社グレース,兵庫県,神戸市垂水区,潮見が丘１丁目６番２６号,6550005
9140001096718,神戸学校空調サービス株式会社,兵庫県,神戸市垂水区,西脇１丁目５番４−１０２号,6550042
9140001097583,株式会社フィールドオータム,兵庫県,神戸市垂水区,神田町２−９,6550027
9140001099761,Ｉｎｎｏｖａｔｉｏｎ　Ｎｅｘｕｓ株式会社,兵庫県,神戸市垂水区,舞多聞東３丁目５番８号,6550052
9140001099927,株式会社こやま木材,兵庫県,神戸市垂水区,小束山本町２丁目８番３０号,6550003
9140001100330,モリタトモ株式会社,兵庫県,神戸市垂水区,名谷町３０９４番地,6550852
9140001100826,フォーピースインターナショナル株式会社,兵庫県,神戸市垂水区,五色山７丁目４番５号,6550035
9140001101221,株式会社Ｐａｒｔｅｎａｉｒｅ,兵庫県,神戸市垂水区,名谷町１０１９番地の１,6550852
9140001102302,株式会社やさい畑,兵庫県,神戸市垂水区,霞ケ丘２丁目３番８号,6550039
9140001102640,株式会社Ｓ＆Ｈ,兵庫県,神戸市垂水区,名谷町字湯屋谷２２５１,6550852
9140001103515,株式会社ぼんぼん,兵庫県,神戸市垂水区,多聞台２丁目１６番３３号,6550007
9140001103936,株式会社住まいの相談室,兵庫県,神戸市垂水区,西舞子４丁目２７番１８−４０４号,6550048
9140001105494,株式会社ミエコーカンテイ,兵庫県,神戸市垂水区,桃山台４丁目１番地の１５,6550854
9140001106237,株式会社のびのびりぃふ,兵庫県,神戸市垂水区,高丸５丁目１３番１５号,6550016
9140001106641,株式会社Ｃｏｚｙ　Ｈｏｍｅ,兵庫県,神戸市垂水区,青山台７丁目３番１０号,6550873
9140001106716,株式会社Ｔ＆Ｓ　Ｃｏｒｐｏｒａｔｉｏｎ,兵庫県,神戸市垂水区,つつじが丘３丁目３番地の５,6550853
9140001108308,トランクデザイン株式会社,兵庫県,神戸市垂水区,天ノ下町１１番１０号,6550029
9140001109529,株式会社ＫＥＮ,兵庫県,神戸市垂水区,本多聞３丁目５番１０号カーサ多聞３Ｃ号室,6550006
9140001109867,翔建設株式会社,兵庫県,神戸市垂水区,舞子坂３丁目９番２３号,6550044
9140001110123,ＥＣＯＮＯＰＡ株式会社,兵庫県,神戸市垂水区,星が丘３丁目７番１９号,6550032
9140001110635,株式会社ラポール,兵庫県,神戸市垂水区,本多聞２丁目１２番１号,6550006
9140001110800,株式会社神戸インフォーム,兵庫県,神戸市垂水区,本多聞１丁目１４番３３−１号,6550006
9140001110882,Ｆ．Ｏ．Ｔ．Ｐ株式会社,兵庫県,神戸市垂水区,城が山１丁目１３番１６号,6550884
9140001110981,アベリア・エンジニアリング株式会社,兵庫県,神戸市垂水区,舞子坂３丁目２７番２０号,6550044
9140001112870,タツミ不動産サービス株式会社,兵庫県,神戸市垂水区,星陵台１丁目５−１−３０１,6550038
9140001113191,Ｌ．Ｉ．Ｚ．インターナショナル・アセット・デザイン株式会社,兵庫県,神戸市垂水区,舞子坂１丁目９番５２号,6550044
9140001113514,株式会社ビームズ,兵庫県,神戸市垂水区,下畑町字下代１４１番地の３,6550861
9140001113621,株式会社ウィンメディカルパートナーズ,兵庫県,神戸市垂水区,舞子坂４丁目３−１５,6550044
9140001114867,ＰＬＵＳ−Ｔ株式会社,兵庫県,神戸市垂水区,神田町４−７旭ビル１Ｆ,6550027
9140001115188,株式会社ユーヴェ,兵庫県,神戸市垂水区,城が山１丁目１４番１２号垂水ハイツ２０１号,6550884
9140001115196,株式会社ＳＷＩＮＧ,兵庫県,神戸市垂水区,塩屋北町１丁目２番２０号,6550863
9140001115378,株式会社太田住建,兵庫県,神戸市垂水区,多聞台３丁目１番３２−５号,6550007
9140001115626,株式会社誠陽,兵庫県,神戸市垂水区,名谷町字春日手２２９０番地の１,6550852
9140001116054,株式会社楠原組,兵庫県,神戸市垂水区,多聞台３丁目１番５１−４０３号,6550007
9140001116244,株式会社プログレス,兵庫県,神戸市垂水区,舞多聞西７丁目１番８号,6550051
9140001116814,加藤商事株式会社,兵庫県,神戸市垂水区,日向１丁目４番１号レバンテ垂水１番館１０８号,6550893
9140001117201,株式会社グロー・アズ,兵庫県,神戸市垂水区,歌敷山２丁目９番４０号,6550037
9140001117358,株式会社兵七屋,兵庫県,神戸市垂水区,桃山台４丁目１番地の１５,6550854
9140001117416,ＫＴプランニング株式会社,兵庫県,神戸市垂水区,塩屋町６丁目３１番３号,6550872
9140001118315,株式会社Ｓ＆Ｋ,兵庫県,神戸市垂水区,塩屋町２丁目３番１３号,6550872
9140001118884,株式会社ＣＯＮＣＩＥＲＧＥ　Ｄｅ　Ｌａ　Ｖｉｅ,兵庫県,神戸市垂水区,神陵台２丁目３番２８号,6550041
9140001119404,豊源株式会社,兵庫県,神戸市垂水区,名谷町字丸尾６７８番地の１８,6550852
9140001119486,株式会社ヒアーサポート,兵庫県,神戸市垂水区,日向１丁目４番１号レバンテ垂水１番館１３６,6550893
9140001120163,Ｌｉｖｅ　Ｍａｒｋ株式会社,兵庫県,神戸市垂水区,山手７丁目７−２１,6550891
9140001120667,株式会社クリエイティブデザイン,兵庫県,神戸市垂水区,本多聞２丁目３４番１８号,6550006
9140001121104,株式会社サイバーガレージ,兵庫県,神戸市垂水区,下畑町２０８５番地の１,6550861
9140001121112,株式会社テクナス,兵庫県,神戸市垂水区,名谷町１８３５番地の１５,6550852
9140001121252,株式会社人と音色,兵庫県,神戸市垂水区,中道２丁目２−１４,6550896
9140001121847,株式会社ｍｏｎｃｏｅｕｒ,兵庫県,神戸市垂水区,舞多聞西８丁目１０番１号,6550051
9140001123174,建美清株式会社,兵庫県,神戸市垂水区,城が山５丁目１３−１２,6550884
9140001123240,株式会社りんごのたね,兵庫県,神戸市垂水区,舞多聞西２丁目４番１号,6550051
9140001123439,株式会社ＭＤＥＮ,兵庫県,神戸市垂水区,狩口台４丁目３４番２０１号,6550049
9140001125591,株式会社狛デザイン一級建築士事務所,兵庫県,神戸市垂水区,舞子坂２丁目７番１５号,6550044
9140001125708,株式会社トライピークス,兵庫県,神戸市垂水区,舞多聞西１丁目４番１号,6550051
9140001126425,楽美７株式会社,兵庫県,神戸市垂水区,馬場通１番５,6550021
9140001127118,神明ホーム株式会社,兵庫県,神戸市垂水区,西舞子１丁目７番３７号,6550048
9140001127241,株式会社Ｌｅｉ　Ｔｅｃ,兵庫県,神戸市垂水区,舞多聞西７丁目４番８号,6550051
9140001128157,ティーエスキッズ株式会社,兵庫県,神戸市垂水区,学が丘３丁目４番３−９２０号,6550004
9140001128685,株式会社ＫＤＳ,兵庫県,神戸市垂水区,多聞台３丁目１１番８−１号,6550007
9140001129535,アントラージュ株式会社,兵庫県,神戸市垂水区,旭が丘１丁目８番２３号ヒルトップテラス６Ｆ,6550033
9140001129758,億品兆富株式会社,兵庫県,神戸市垂水区,東垂水２丁目９番１６号,6550886
9140001129865,株式会社Ｓｐｒｉｎｇ　Ｓｅａ,兵庫県,神戸市垂水区,東舞子町１番１７−３０１号,6550047
9140001131854,株式会社ベターデイズ,兵庫県,神戸市垂水区,舞子台５丁目１１番１−５０６号,6550046
9140001132043,株式会社ｍｉｒｏｋｕ,兵庫県,神戸市垂水区,星陵台５丁目３番３−１０３号,6550038
9140001133132,株式会社アルモニ・クリスタリン,兵庫県,神戸市垂水区,塩屋町１丁目３番１６−３０３号,6550872
9140001133727,株式会社Ｒｅｉ,兵庫県,神戸市垂水区,桃山台３丁目２２番地の２１,6550854
9140001133982,株式会社ＮｕｍｂｅｒＸ,兵庫県,神戸市垂水区,学が丘１丁目１９番２８号,6550004
9140001134452,ＫＯＢＥ‐ＯＬＩＶＥ株式会社,兵庫県,神戸市垂水区,神和台３丁目２１−４３,6550851
9140001134601,Ｔｏｗａ株式会社,兵庫県,神戸市垂水区,福田３丁目４番２６号福田ハウス２０６,6550013
9140001134948,ａ電気工事株式会社,兵庫県,神戸市垂水区,南多聞台４丁目３−３,6550043
9140001135987,シャインエステイト株式会社,兵庫県,神戸市垂水区,五色山１丁目１番２２−４号,6550035
9140001137505,株式会社海翔,兵庫県,神戸市垂水区,西舞子４丁目２５番１−４０９号,6550048
9140001137694,株式会社ＭＩＹＡＢＩ,兵庫県,神戸市垂水区,霞ヶ丘３丁目１番４３号,6550039
9140001138040,株式会社ＴＥＦ,兵庫県,神戸市垂水区,下畑町字向井４８７番地４,6550861
9140001138049,イタルＲＵＮＮＥＲ株式会社,兵庫県,神戸市垂水区,学が丘４丁目２４番１０号,6550004
9140001139435,中国カッター兵庫株式会社,兵庫県,神戸市垂水区,下畑町字上口８６０番地２０,6550861
9140001140616,光ｆｏｒｍｓ株式会社,兵庫県,神戸市垂水区,泉が丘５丁目８番５２号,6550885
9140001140731,ＨＩＲＯ　ＡＵＴＯ株式会社,兵庫県,神戸市垂水区,舞子台７丁目３番２−９０５号,6550046
9140001140855,ＴＭＦ株式会社,兵庫県,神戸市垂水区,塩屋町４丁目１番８号シーシェル塩屋１０２号,6550872
9140001140888,株式会社ぴあライツ,兵庫県,神戸市垂水区,上高丸１丁目７番４５号サンハイツ上高丸１０１,6550017
9140001141275,ＨＫＲ株式会社,兵庫県,神戸市垂水区,舞多聞西１丁目２０番１０号,6550051
9140001141366,Ｖｅｌｔｏ株式会社,兵庫県,神戸市垂水区,西舞子１丁目１番１５−２０９号,6550048
9140001141382,株式会社沖野商会,兵庫県,神戸市垂水区,山手５丁目２番１５号,6550891
9140001141820,株式会社Ｍａｋｏｔｏ　Ａｘｉｓ,兵庫県,神戸市垂水区,舞多聞西６丁目１０−９,6550051
9140001142372,株式会社播神建機,兵庫県,神戸市垂水区,舞多聞西２丁目４番１５号,6550051
9140001142554,グリーンドア株式会社,兵庫県,神戸市垂水区,狩口台２丁目２番１９号,6550049
9140001142562,株式会社Ｃｏｕｒａｇｅ　Ｂａｓｅ,兵庫県,神戸市垂水区,高丸３丁目６番２号,6550016
9140003011170,株式会社ＫＴＭ,兵庫県,神戸市垂水区,山手３丁目８番７号,6550891
9140003011617,株式会社ゆず,兵庫県,神戸市垂水区,宮本町１−２８,6550028
9180001113898,株式会社ＮＯＮ　ＮＯＮ,兵庫県,神戸市垂水区,星陵台４丁目４番地３１エスパ星陵台内,6550038
9290801001705,株式会社サンリッツ,兵庫県,神戸市垂水区,小束山２丁目１７番地の１２,6550002
