法人番号,法人名,都道府県,市区町村,番地,郵便番号
1010901041082,株式会社ＶＥＲＴＥＸ,兵庫県,神戸市西区,長畑町２２６番地,6512148
1011001047499,株式会社ＩＲＩＳ・ＰＡＲＵＲＥ,兵庫県,神戸市西区,玉津町出合２００番地２−４０８号,6512137
1011301008903,ハイホー株式会社,兵庫県,神戸市西区,井吹台西町３丁目８−１１,6512243
1040001078865,株式会社ＩＳＯ,兵庫県,神戸市西区,水谷１丁目１３番７号,6512121
1120001003492,三和商事株式会社,兵庫県,神戸市西区,岩岡町岩岡３１６１番地,6512401
1120001101222,株式会社ジャパンエネクス,兵庫県,神戸市西区,高雄台３２番６−８号,6512201
1120001108820,ハウセン・テキスタイル株式会社,兵庫県,神戸市西区,井吹台北町１丁目１７番地の１,6512244
1120001108886,アクセルトレーディング株式会社,兵庫県,神戸市西区,池上４丁目９−１０ピアハイツＢ棟３−Ｃ号室,6512111
1120001141136,向陽株式会社,兵庫県,神戸市西区,樫野台６丁目７番７号,6512275
1120001169937,共栄観光株式会社,兵庫県,神戸市西区,玉津町今津１７８番地の１,6512128
1120001244574,株式会社ＯＮＥ　ＯＮＥ,兵庫県,神戸市西区,玉津町高津橋９７番地の１０,6512122
1120101065929,Ｎａｇａｒａ　ｎｉｐｐｏｎ株式会社,兵庫県,神戸市西区,神出町小束野５７番地の９０,6512304
1122001018553,株式会社阪井美術印刷,兵庫県,神戸市西区,竹の台６丁目３番地６１９号,6512274
1122001037470,今成商事株式会社,兵庫県,神戸市西区,神出町南６２１番５５,6512312
1140001001610,三田電気工業株式会社,兵庫県,神戸市西区,見津が丘５丁目５番地の８,6512228
1140001002146,永田醸造機械株式会社,兵庫県,神戸市西区,見津が丘２丁目１番１,6512228
1140001002393,株式会社福原精機製作所,兵庫県,神戸市西区,井吹台東町７丁目３番５号,6512242
1140001003739,株式会社ミキ,兵庫県,神戸市西区,南別府１丁目１４−８,6512116
1140001004398,株式会社あかつき,兵庫県,神戸市西区,伊川谷町有瀬２７番地,6512113
1140001004407,株式会社旭測電気,兵庫県,神戸市西区,北別府３丁目６−１,6512117
1140001004415,株式会社アダージョ・プランニング,兵庫県,神戸市西区,上新地３丁目８番地３,6512411
1140001004431,株式会社イー・エス,兵庫県,神戸市西区,岩岡町岩岡１０８７番地の５,6512401
1140001004448,一耕起株式会社,兵庫県,神戸市西区,王塚台５丁目１１１番地の１,6512135
1140001004489,エーコー株式会社,兵庫県,神戸市西区,平野町慶明４５番地,6512255
1140001004497,株式会社ＡＶインテリアオフィス,兵庫県,神戸市西区,王塚台１丁目７５−２,6512135
1140001004522,株式会社エンバロメンタル・インプルーブメント,兵庫県,神戸市西区,伊川谷町布施畑字大阪谷１０８８番地,6512101
1140001004547,株式会社オカダ,兵庫県,神戸市西区,池上１丁目１１番地の５,6512111
1140001004555,押部建興株式会社,兵庫県,神戸市西区,神出町宝勢１４１７番地の２,6512321
1140001004563,株式会社カイセイ,兵庫県,神戸市西区,玉津町居住１５１番地の１,6512145
1140001004596,梶友土地株式会社,兵庫県,神戸市西区,神出町田井２２１番地の５,6512313
1140001004613,株式会社金森電気工業所,兵庫県,神戸市西区,玉津町新方４８０番地の１,6512125
1140001004621,川崎石油株式会社,兵庫県,神戸市西区,平野町下村字山下３０１番地の１,6512251
1140001004638,株式会社喜久屋,兵庫県,神戸市西区,大津和２丁目４番５８号,6512112
1140001004662,基陽産業株式会社,兵庫県,神戸市西区,神出町宝勢字辻堂８６５番地の１,6512321
1140001004670,クサカ商運株式会社,兵庫県,神戸市西区,玉津町出合９番地,6512137
1140001004679,グリーンガーデン株式会社,兵庫県,神戸市西区,持子３丁目５９番地の２,6512131
1140001004695,ケンズ株式会社,兵庫県,神戸市西区,樫野台６丁目２１番２号,6512275
1140001004704,幸神建設株式会社,兵庫県,神戸市西区,春日台２丁目５−１２,6512276
1140001004720,株式会社小塩電気工業,兵庫県,神戸市西区,今寺５番地の５,6512114
1140001004745,株式会社コルト,兵庫県,神戸市西区,北別府４丁目２０９６番地の４１,6512117
1140001004753,株式会社サンエルフ,兵庫県,神戸市西区,上新地１丁目３番地の１３,6512411
1140001004761,三光化学工業株式会社,兵庫県,神戸市西区,櫨谷町池谷３１番地,6512234
1140001004786,三伸工業株式会社,兵庫県,神戸市西区,竜が岡５丁目２８番地の８,6512412
1140001004803,サンベビー株式会社,兵庫県,神戸市西区,上新地３丁目２番地９,6512411
1140001004811,山陽コールド運輸株式会社,兵庫県,神戸市西区,伊川谷町潤和字堂後９０２の１,6512124
1140001004828,株式会社ジェイテック,兵庫県,神戸市西区,伊川谷町潤和字西ノ口７５０番地１０,6512124
1140001004844,四国工業株式会社,兵庫県,神戸市西区,櫨谷町谷口２６２番地,6512237
1140001004852,神扇工業株式会社,兵庫県,神戸市西区,岩岡町野中９６９番地の３,6512405
1140001004860,新日本建鐵株式会社,兵庫県,神戸市西区,宮下１丁目６番３,6512146
1140001004910,株式会社シュテルン神戸西,兵庫県,神戸市西区,森友４丁目８１番地の２,6512132
1140001004919,株式会社末松石油店,兵庫県,神戸市西区,神出町田井１１２１番地の１,6512313
1140001004927,株式会社スピナ,兵庫県,神戸市西区,上新地３丁目８番地１,6512411
1140001004935,セイコー化成株式会社,兵庫県,神戸市西区,伊川谷町潤和字有久１１０９,6512124
1140001004976,世良田ガス産業株式会社,兵庫県,神戸市西区,北山台１丁目１番１号,6512215
1140001004992,第一電子株式会社,兵庫県,神戸市西区,伊川谷町有瀬３０１番地,6512113
1140001005025,ダイワ運輸株式会社,兵庫県,神戸市西区,玉津町水谷４１０,6512121
1140001005041,株式会社高原工業,兵庫県,神戸市西区,南別府１丁目１番地の１０,6512116
1140001005058,田中建設工業株式会社,兵庫県,神戸市西区,神出町紫合６０９番地,6512334
1140001005082,株式会社ツボサカ,兵庫県,神戸市西区,福吉台２丁目２５番地の１７,6512413
1140001005099,株式会社寺嶋組,兵庫県,神戸市西区,玉津町上池１１番地の１,6512126
1140001005116,トーヨージヤバラ工業株式会社,兵庫県,神戸市西区,神出町北３４２番地の１,6512332
1140001005132,神戸開発株式会社,兵庫県,神戸市西区,室谷１丁目６番１,6512241
1140001005140,中嶋石油株式会社,兵庫県,神戸市西区,福吉台２丁目１０番６号,6512413
1140001005157,株式会社猶井土木,兵庫県,神戸市西区,玉津町上池１０番地の１,6512126
1140001005165,株式会社西神戸自動車,兵庫県,神戸市西区,伊川谷町有瀬７８７番地の１,6512113
1140001005173,株式会社西田製作所,兵庫県,神戸市西区,森友２丁目３７番地１号,6512132
1140001005181,日宏株式会社,兵庫県,神戸市西区,伊川谷町有瀬５６４番地の２,6512113
1140001005198,則武精機株式会社,兵庫県,神戸市西区,玉津町高津橋８９３番地の５,6512122
1140001005207,株式会社パール,兵庫県,神戸市西区,池上１丁目１３番７号,6512111
1140001005256,ヒューマンライフサービス株式会社,兵庫県,神戸市西区,枝吉１丁目１７番地,6512133
1140001005264,広瀬産業株式会社,兵庫県,神戸市西区,枝吉２丁目６５番地,6512133
1140001005272,平山土木工業株式会社,兵庫県,神戸市西区,櫨谷町栃木８７番地,6512236
1140001005289,フジイ産業株式会社,兵庫県,神戸市西区,神出町東９１９番地の１,6512311
1140001005297,株式会社富士川商事,兵庫県,神戸市西区,持子１丁目１３番地,6512131
1140001005314,株式会社フジメタル,兵庫県,神戸市西区,玉津町今津５９６番地,6512128
1140001005347,マイスター株式会社,兵庫県,神戸市西区,桜が丘中町４丁目２番地の７,6512226
1140001005371,株式会社くすのき,兵庫県,神戸市西区,岩岡町西脇９０９番地の２,6512403
1140001005396,株式会社南襖製作所,兵庫県,神戸市西区,桜が丘西町１丁目７番地の１３,6512227
1140001005405,株式会社ＭＤＴ,兵庫県,神戸市西区,王塚台５丁目７番地の１,6512135
1140001005413,株式会社明松工業,兵庫県,神戸市西区,岩岡町古郷字福吉西１５３２の１,6512404
1140001005421,株式会社明舞,兵庫県,神戸市西区,伊川谷町有瀬６２０番地,6512113
1140001005438,株式会社森本塗装工業,兵庫県,神戸市西区,神出町五百蔵１１２番地の１,6512303
1140001005446,株式会社安福冷暖,兵庫県,神戸市西区,上新地１丁目１番地の６,6512411
1140001005454,山岡産業株式会社,兵庫県,神戸市西区,竹の台６丁目７番地４１３号,6512274
1140001005462,株式会社ヤマサキガス,兵庫県,神戸市西区,持子１丁目１７番地２,6512131
1140001005470,株式会社山本工務店,兵庫県,神戸市西区,伊川谷町潤和７３０番地の１１,6512124
1140001005479,株式会社ユーセイプラント,兵庫県,神戸市西区,神出町池田３８９番地の３,6512333
1140001005487,株式会社ユニテン,兵庫県,神戸市西区,高塚台３丁目１番地の１２,6512271
1140001005495,吉井農機株式会社,兵庫県,神戸市西区,枝吉３丁目８番地の１,6512133
1140001005504,株式会社四ッ橋組,兵庫県,神戸市西区,森友５丁目５３番地の１,6512132
1140001005512,株式会社ワイドハーバー,兵庫県,神戸市西区,美賀多台７丁目１４番地の３,6512277
1140001005545,株式会社神戸エーブイ・サービス,兵庫県,神戸市西区,福吉台１丁目４番地の２,6512413
1140001005553,神戸建機株式会社,兵庫県,神戸市西区,岩岡町岩岡８５１−１,6512401
1140001005561,株式会社神戸総合配車センター,兵庫県,神戸市西区,大沢２丁目３番地の２５,6512414
1140001005578,株式会社神戸富島組,兵庫県,神戸市西区,秋葉台２丁目１番地の２５０,6512224
1140001005628,兵庫資材株式会社,兵庫県,神戸市西区,伊川谷町布施畑字李７５１番地の１,6512101
1140001008696,株式会社住吉霊園コンサルタント,兵庫県,神戸市西区,押部谷町木見字下山畑の五１１０４番地の１,6512223
1140001010157,みなとビジネスサービス株式会社,兵庫県,神戸市西区,竹の台６丁目２番地,6512274
1140001011428,神戸インターナショナル株式会社,兵庫県,神戸市西区,見津が丘２丁目２番１号,6512228
1140001013201,株式会社テクニカ,兵庫県,神戸市西区,高塚台３丁目２番地の９,6512271
1140001014026,株式会社福岡鉄工所,兵庫県,神戸市西区,高塚台３丁目１番地の１２,6512271
1140001014678,日本総合印刷株式会社,兵庫県,神戸市西区,見津が丘１丁目２−４,6512228
1140001015247,株式会社としや,兵庫県,神戸市西区,北別府４丁目２１０２番地の２,6512117
1140001015676,株式会社アンド,兵庫県,神戸市西区,見津が丘１丁目１番地の８,6512228
1140001015684,株式会社アプレ工芸,兵庫県,神戸市西区,櫨谷町長谷１７９番地の４,6512235
1140001016204,株式会社神姫電気工業所,兵庫県,神戸市西区,北別府３丁目１番５号,6512117
1140001017648,大建産業株式会社,兵庫県,神戸市西区,学園東町４丁目３７番地の６,6512102
1140001017821,株式会社長谷川,兵庫県,神戸市西区,北別府３丁目８番地の６,6512117
1140001017937,マツミ商事株式会社,兵庫県,神戸市西区,井吹台東町２丁目１番地２−７１１号,6512242
1140001018729,株式会社シグマ,兵庫県,神戸市西区,月が丘３丁目３番地の９,6512217
1140001018976,株式会社スペース,兵庫県,神戸市西区,伊川谷町有瀬３１−１,6512113
1140001019066,株式会社ハヤシ,兵庫県,神戸市西区,上新地３丁目４番地の１,6512411
1140001019264,株式会社シティ・サービス,兵庫県,神戸市西区,池上１丁目１４−２,6512111
1140001019289,株式会社ヤマダ,兵庫県,神戸市西区,押部谷町木見３４４番地の２,6512223
1140001019818,みどり商事株式会社,兵庫県,神戸市西区,竹の台１丁目１１番９号,6512274
1140001019966,株式会社ワイケイテック,兵庫県,神戸市西区,伊川谷町有瀬１３１番地１−１３２０号,6512113
1140001020065,株式会社共和精工,兵庫県,神戸市西区,岩岡町古郷前山１６３８番地の１２,6512404
1140001020081,株式会社ガレージホープ,兵庫県,神戸市西区,枝吉２丁目１０３,6512133
1140001020370,株式会社神戸マルゼン,兵庫県,神戸市西区,春日台３丁目３番地,6512276
1140001020511,株式会社エム・ティー・ケー,兵庫県,神戸市西区,美賀多台２丁目８番地の６,6512277
1140001021063,神明機工株式会社,兵庫県,神戸市西区,岩岡町岩岡２２４０番地の２,6512401
1140001021369,株式会社シェアー,兵庫県,神戸市西区,井吹台東町５丁目１３番１１号,6512242
1140001021567,川崎ヘビーカーゴ株式会社,兵庫県,神戸市西区,平野町常本２９３番地の３,6512263
1140001021690,株式会社オービス,兵庫県,神戸市西区,神出町小束野６０−８４,6512304
1140001021988,株式会社ウッズ,兵庫県,神戸市西区,森友４丁目１０５,6512132
1140001022697,西能海運株式会社,兵庫県,神戸市西区,中野２丁目１４番地の５,6512136
1140001022755,株式会社ダブリュ・エス・エス,兵庫県,神戸市西区,北別府４丁目１４−４−１Ｃ,6512117
1140001022961,株式会社Ｎ−Ｂａｓｉｃ,兵庫県,神戸市西区,小山３丁目４番２０号,6512144
1140001022978,株式会社プレミアムサポート,兵庫県,神戸市西区,池上３丁目５番地の１１,6512111
1140001023233,ベンフェラー株式会社,兵庫県,神戸市西区,室谷２丁目７番地８,6512241
1140001023258,安部設備株式会社,兵庫県,神戸市西区,桜が丘西町２丁目１８番地の１,6512227
1140001023308,光田水産株式会社,兵庫県,神戸市西区,森友２丁目４７番地の２,6512132
1140001023687,株式会社リーチメディカル,兵庫県,神戸市西区,岩岡町岩岡９１７番地の１３,6512401
1140001024009,株式会社ジャスティード,兵庫県,神戸市西区,見津が丘５丁目２番地の９,6512228
1140001024405,テンペスタ株式会社,兵庫県,神戸市西区,伊川谷町潤和１１１０番地,6512124
1140001024479,フィールダー株式会社,兵庫県,神戸市西区,伊川谷町潤和９９６,6512124
1140001024529,グリーンコーポレーション株式会社,兵庫県,神戸市西区,秋葉台１丁目５６−１４３,6512224
1140001024644,株式会社エスピーコミュニケーションズ,兵庫県,神戸市西区,井吹台西町１丁目６番地１−５０１号,6512243
1140001024735,株式会社ハウスクリーニングジャパン,兵庫県,神戸市西区,井吹台北町２丁目４番地の６,6512244
1140001025015,山中屋株式会社,兵庫県,神戸市西区,二ツ屋１丁目２７番５号,6512142
1140001025064,株式会社ＵＰＲＩＳＥ,兵庫県,神戸市西区,狩場台４丁目１８番地の１４,6512272
1140001025411,株式会社高倉工務店,兵庫県,神戸市西区,櫨谷町長谷８４番地の１１３,6512235
1140001025634,株式会社須磨青果,兵庫県,神戸市西区,岩岡町岩岡５１４番地,6512401
1140001025650,株式会社ショウケイ,兵庫県,神戸市西区,富士見が丘５丁目１５番地の３,6512214
1140001025907,株式会社Ｊ−ＴＥＣ,兵庫県,神戸市西区,伊川谷町有瀬３１番地の１・４０１号,6512113
1140001026038,株式会社西神戸宅配センター,兵庫県,神戸市西区,玉津町出合９２番地の１,6512137
1140001026095,宝旬株式会社,兵庫県,神戸市西区,玉津町出合２８２番地,6512137
1140001026120,株式会社Ｊ−Ｓｔｙｌｅ,兵庫県,神戸市西区,大津和２丁目１番１号,6512112
1140001026319,株式会社スカイ,兵庫県,神戸市西区,池上１丁目１３番７号,6512111
1140001026401,株式会社六甲メディカルスクール,兵庫県,神戸市西区,水谷２丁目５番１４号,6512121
1140001026632,株式会社源鉄工所,兵庫県,神戸市西区,押部谷町木見６０７番地の１２,6512223
1140001026772,株式会社すずらん,兵庫県,神戸市西区,学園東町３丁目６５９番地の５２,6512102
1140001026780,エース株式会社,兵庫県,神戸市西区,森友４丁目１７番地,6512132
1140001027325,講和自動車交通株式会社,兵庫県,神戸市西区,伊川谷町有瀬４７４番地の１,6512113
1140001027606,マグナム・オート株式会社,兵庫県,神戸市西区,長畑町５１４番地の１,6512148
1140001027639,神戸レーダー探査株式会社,兵庫県,神戸市西区,二ツ屋１丁目３０番８号,6512142
1140001027795,株式会社ソフテル,兵庫県,神戸市西区,池上１丁目１２番地の１,6512111
1140001027969,株式会社ＰＴＩサービス,兵庫県,神戸市西区,神出町紫合５４７番地の７,6512334
1140001028273,株式会社神戸Ｃａｆｅ,兵庫県,神戸市西区,井吹台東町５丁目６４番地の３,6512242
1140001028505,株式会社ＰＲＫ,兵庫県,神戸市西区,南別府３丁目２４番地の１−３０２号,6512116
1140001028562,株式会社ＬＡ・Ｐｉｓｈ,兵庫県,神戸市西区,押部谷町栄９３番地,6512211
1140001028637,株式会社さくらエンジニアリング,兵庫県,神戸市西区,伊川谷町有瀬８０４番地の１６６,6512113
1140001029032,アルレギル株式会社,兵庫県,神戸市西区,櫨谷町寺谷字櫨谷１２４２番地の１１８,6512231
1140001029107,株式会社キタイ装建,兵庫県,神戸市西区,神出町宝勢７７４番地の１５９,6512321
1140001029156,大鵬貿易株式会社,兵庫県,神戸市西区,櫨谷町寺谷字櫨谷１２４２番６６３,6512231
1140001029197,株式会社Ｌｉｋｅ企画,兵庫県,神戸市西区,伊川谷町有瀬１１３４番地の６,6512113
1140001029354,株式会社杉工作所,兵庫県,神戸市西区,森友２丁目４８番地の４,6512132
1140001029395,株式会社ケイ・エム・シー・トータルライフ二十一,兵庫県,神戸市西区,神出町古神１５７−８４,6512302
1140001029420,株式会社エフタックル,兵庫県,神戸市西区,見津が丘１丁目１番地の１,6512228
1140001029494,株式会社松井鉄工所,兵庫県,神戸市西区,森友２丁目３８番地の２,6512132
1140001029627,株式会社マツケン,兵庫県,神戸市西区,上新地２丁目４番地の２１,6512411
1140001029635,株式会社テクノファレック,兵庫県,神戸市西区,神出町広谷６２３番地の８９,6512331
1140001029651,フィットパートナーズ株式会社,兵庫県,神戸市西区,伊川谷町井吹２０２,6512106
1140001029817,株式会社優希,兵庫県,神戸市西区,神出町小束野５８番地の１２７,6512304
1140001030015,株式会社前田興業,兵庫県,神戸市西区,持子１丁目８７番地の６,6512131
1140001030080,Ｔ＆Ｍコーポレーション株式会社,兵庫県,神戸市西区,岩岡町古郷２２４７番地の１,6512404
1140001030171,シンキ商店株式会社,兵庫県,神戸市西区,富士見が丘１丁目３番地の１２,6512214
1140001030345,キャンパス・コミュニティー株式会社,兵庫県,神戸市西区,伊川谷町有瀬５６０番地の３,6512113
1140001030378,株式会社コボリ,兵庫県,神戸市西区,平野町中津４６７番地の１,6512257
1140001030568,株式会社ファルコムテック,兵庫県,神戸市西区,白水２丁目１６番２０号,6512129
1140001030576,株式会社ボヌール,兵庫県,神戸市西区,曙町１０７０番地,6512134
1140001030634,株式会社坂本工業,兵庫県,神戸市西区,櫨谷町長谷８３番地の８６,6512235
1140001030700,株式会社リトルフット,兵庫県,神戸市西区,平野町宮前２１６番地の２,6512265
1140001030808,株式会社小野コンタクト,兵庫県,神戸市西区,竹の台６丁目７番地５０５号,6512274
1140001030948,株式会社ＰＢＯＴ,兵庫県,神戸市西区,春日台５丁目４９番地の２,6512276
1140001031021,株式会社ビー・プラン,兵庫県,神戸市西区,伊川谷町有瀬８１２番地の６（１−８１２号）,6512113
1140001031343,ナカヒラ技研工業株式会社,兵庫県,神戸市西区,神出町宝勢１０３４−２,6512321
1140001031426,アイウェア・ディストリビューション株式会社,兵庫県,神戸市西区,見津が丘１丁目１３番地３,6512228
1140001031780,株式会社イワサキ,兵庫県,神戸市西区,岩岡町岩岡６１３番地の２９,6512401
1140001031896,株式会社興文社,兵庫県,神戸市西区,小山３丁目２０１番地２,6512144
1140001032044,株式会社ｃｌｕｐｐｙ,兵庫県,神戸市西区,桜が丘東町４丁目１３番地の１４,6512225
1140001032176,株式会社福徳コーポレーション,兵庫県,神戸市西区,白水３丁目６番３５号,6512129
1140001032259,フルハウス株式会社,兵庫県,神戸市西区,伊川谷町有瀬５７６番地の１,6512113
1140001032382,株式会社メイシン塗装,兵庫県,神戸市西区,岩岡町岩岡６５４番地の２６,6512401
1140001032597,株式会社荒獅子,兵庫県,神戸市西区,櫨谷町栃木３５４番地,6512236
1140001032606,株式会社ブライト,兵庫県,神戸市西区,池上４丁目１７−４,6512111
1140001032663,株式会社くとうてん,兵庫県,神戸市西区,竹の台６丁目６番地３−１０３号,6512274
1140001032746,ウエストオートエクスプレス株式会社,兵庫県,神戸市西区,神出町広谷５８３の１番地,6512331
1140001033001,株式会社スマート,兵庫県,神戸市西区,竜が岡５丁目２８番地の９,6512412
1140001033034,株式会社エム・エス商事,兵庫県,神戸市西区,曙町１６番地,6512134
1140001033166,株式会社ユーワ,兵庫県,神戸市西区,大津和２丁目３番地の１７,6512112
1140001033430,株式会社パーソナル・ソフトウェア,兵庫県,神戸市西区,中野２丁目２２番８号,6512136
1140001033513,株式会社山将,兵庫県,神戸市西区,森友５丁目３３番地,6512132
1140001033612,ＦＰアセットデザイン株式会社,兵庫県,神戸市西区,桜が丘中町５丁目９番地の１７,6512226
1140001034247,テルマウェゾン株式会社,兵庫県,神戸市西区,美賀多台２丁目２１番地の２,6512277
1140001034288,明光株式会社,兵庫県,神戸市西区,秋葉台３丁目２番地の２５０,6512224
1140001034718,株式会社金子建築事務所,兵庫県,神戸市西区,王塚台６丁目１番地の１サンガーデン浄泉１０６号,6512135
1140001036301,コニカミノルタサプライズ関西株式会社,兵庫県,神戸市西区,高塚台４丁目４番１号,6512271
1140001037027,株式会社ＲＥＰＲＯ,兵庫県,神戸市西区,池上２丁目３０番地１伊川センタービルＡ３,6512111
1140001038082,株式会社ハラダ,兵庫県,神戸市西区,伊川谷町潤和１２１０番地の９,6512124
1140001045392,Ｄａｉｋｏ　Ｃｏｍｐａｎｙ株式会社,兵庫県,神戸市西区,岩岡町古郷字福吉西１５９９番地３,6512404
1140001046093,株式会社花みるく,兵庫県,神戸市西区,伊川谷町有瀬７６６−１,6512113
1140001047067,株式会社パドック,兵庫県,神戸市西区,井吹台東町３丁目９番地の８,6512242
1140001047158,ＳＡＮ株式会社,兵庫県,神戸市西区,櫨谷町長谷８４番地の１８９,6512235
1140001057082,株式会社タケウチ,兵庫県,神戸市西区,井吹台東町５丁目２５−１３,6512242
1140001057124,株式会社オオタ,兵庫県,神戸市西区,平野町中津１２７８番地,6512257
1140001074598,株式会社モリテック,兵庫県,神戸市西区,玉津町今津６４６−６,6512128
1140001077238,株式会社ルームテリア,兵庫県,神戸市西区,糀台４丁目１６番地の１、４０２−２０２号,6512273
1140001086412,株式会社神戸ウェブサーチ,兵庫県,神戸市西区,押部谷町和田３３３番地,6512206
1140001086560,株式会社明和興産,兵庫県,神戸市西区,伊川谷町潤和１３０１番地の３,6512124
1140001087641,株式会社クリエコーポレーション,兵庫県,神戸市西区,大沢１丁目１４番地の８,6512414
1140001087658,株式会社叶,兵庫県,神戸市西区,押部谷町栄２０５番地の３６５,6512211
1140001087955,株式会社オクノ設備,兵庫県,神戸市西区,平野町中津９５０番地の３,6512257
1140001088532,株式会社プレシア,兵庫県,神戸市西区,井吹台北町１丁目１９番地,6512244
1140001088557,株式会社ロイテリンク,兵庫県,神戸市西区,中野１丁目１６番地の１１,6512136
1140001088565,株式会社リンク,兵庫県,神戸市西区,大津和１丁目４番地の２６,6512112
1140001089299,博多石材工藝株式会社,兵庫県,神戸市西区,竜が岡４丁目１８番地の５,6512412
1140001089605,株式会社パートナーズ,兵庫県,神戸市西区,大津和１丁目５番地の３,6512112
1140001089662,株式会社ＣＬＥＡＮ　ＰＩＮＥＳ,兵庫県,神戸市西区,枝吉１丁目２４０−２,6512133
1140001089836,株式会社レジー・ピー,兵庫県,神戸市西区,平野町印路２７番３,6512266
1140001089976,株式会社ハートフルハウス,兵庫県,神戸市西区,和井取９番５,6512120
1140001090091,ＳＨメンテナンス株式会社,兵庫県,神戸市西区,春日台８丁目８−７８,6512276
1140001091750,株式会社ＢＥＳＴ,兵庫県,神戸市西区,南別府３丁目５番地の３,6512116
1140001092550,クレスタイル株式会社,兵庫県,神戸市西区,押部谷町高和２９６番地２,6512204
1140001093053,株式会社ベースボール・ギア,兵庫県,神戸市西区,伊川谷町有瀬５５番地の５,6512113
1140001093680,株式会社めばえ,兵庫県,神戸市西区,井吹台東町２丁目１３番地２,6512242
1140001093763,株式会社アクアライフ,兵庫県,神戸市西区,岩岡町岩岡２９８８番地の３,6512401
1140001093862,株式会社ファーマコネクト,兵庫県,神戸市西区,桜が丘西町５丁目８番地の４,6512227
1140001094051,株式会社澁谷組,兵庫県,神戸市西区,大津和２丁目４−９２,6512112
1140001094596,株式会社ハヤト創美,兵庫県,神戸市西区,小山１丁目１２番５号,6512144
1140001094613,株式会社茂吉運輸,兵庫県,神戸市西区,富士見が丘１丁目９番地の１６,6512214
1140001094786,株式会社神戸中央装建,兵庫県,神戸市西区,伊川谷町潤和７６９番地の３,6512124
1140001095082,株式会社エンジョイコンサルタント,兵庫県,神戸市西区,井吹台西町２丁目２番地３−２０４号,6512243
1140001096031,ｔａｎａｇｏｋｏｒｏ株式会社,兵庫県,神戸市西区,玉津町今津１７６−３,6512128
1140001096080,株式会社ナデックス,兵庫県,神戸市西区,櫨谷町寺谷１２４２−１１８神戸ハイテクイースト１０１号,6512231
1140001096106,株式会社アノタス,兵庫県,神戸市西区,伊川谷町潤和８７９番地の２,6512124
1140001096601,姫路興業株式会社,兵庫県,神戸市西区,宮下３丁目２２番３１号,6512146
1140001097525,株式会社フジップ,兵庫県,神戸市西区,今寺４番地の２ビレッジ１、１０５号室,6512114
1140001097541,株式会社関西営繕サービス,兵庫県,神戸市西区,押部谷町和田３３３番地,6512206
1140001097640,株式会社ライブトリニティ,兵庫県,神戸市西区,竜が岡５丁目２４番８号,6512412
1140001097673,株式会社竹中電気工事,兵庫県,神戸市西区,秋葉台１丁目１０番地の１６,6512224
1140001097731,株式会社サン・ルクール,兵庫県,神戸市西区,上新地３丁目１０番地の１,6512411
1140001097806,株式会社エムスペック,兵庫県,神戸市西区,竜が岡５丁目２４番地１２,6512412
1140001098250,レブロ株式会社,兵庫県,神戸市西区,平野町中津１３３７番地の１９,6512257
1140001098515,株式会社ノア,兵庫県,神戸市西区,学園西町４丁目１３番地の１１,6512103
1140001098622,株式会社リアン,兵庫県,神戸市西区,井吹台東町１丁目２番地の１、８−２０３号,6512242
1140001098639,翔泰株式会社,兵庫県,神戸市西区,伊川谷町有瀬１１５１番地,6512113
1140001099075,株式会社シャーンティ,兵庫県,神戸市西区,岩岡町野中６３６番地の２,6512405
1140001099190,株式会社清和,兵庫県,神戸市西区,今寺１１番地の２,6512114
1140001099331,株式会社神戸うなぎ販売,兵庫県,神戸市西区,櫨谷町福谷７３０番地４１,6512233
1140001100445,株式会社ケイライン,兵庫県,神戸市西区,池上１丁目１２番地の１，Ｄ−１０５号,6512111
1140001100676,株式会社丸功産業,兵庫県,神戸市西区,玉津町出合３８０番地,6512137
1140001100825,株式会社Ｊ＆Ｇ,兵庫県,神戸市西区,白水２丁目１０番１１号,6512129
1140001101451,株式会社バリューホームズ,兵庫県,神戸市西区,櫨谷町松本３０９番地,6512239
1140001101476,フジユナイテッド株式会社,兵庫県,神戸市西区,伊川谷町長坂９７７番地の４９,6512104
1140001101609,株式会社西神土木,兵庫県,神戸市西区,神出町田井２番地の１,6512313
1140001101674,ハロースマイル株式会社,兵庫県,神戸市西区,狩場台２丁目６番１８号,6512272
1140001102292,株式会社あすか園芸舎,兵庫県,神戸市西区,岩岡町岩岡９１４番地の２,6512401
1140001104198,澤田大商事株式会社,兵庫県,神戸市西区,枝吉１丁目１９９番地,6512133
1140001104223,イシノ・インタラクティブ株式会社,兵庫県,神戸市西区,春日台５丁目２７番地の５１,6512276
1140001104594,株式会社ペンギン村,兵庫県,神戸市西区,桜が丘西町５丁目９番地の１９,6512227
1140001104735,株式会社ＮＣ,兵庫県,神戸市西区,宮下２丁目２３番１６号,6512146
1140001104941,株式会社大本建工,兵庫県,神戸市西区,伊川谷町有瀬６５０番地の１,6512113
1140001104958,株式会社レリックサービス,兵庫県,神戸市西区,桜が丘西町１丁目２番１７号,6512227
1140001105007,株式会社エテラ,兵庫県,神戸市西区,井吹台北町４丁目３０番地の１,6512244
1140001105626,田中商店株式会社,兵庫県,神戸市西区,南別府４丁目４５番地１,6512116
1140001105733,大東電設株式会社,兵庫県,神戸市西区,上新地２丁目２８番地の２６,6512411
1140001106392,ヴィエント・フレスコ株式会社,兵庫県,神戸市西区,伊川谷町前開１１６４番地１８,6512108
1140001106541,株式会社クローラル,兵庫県,神戸市西区,美賀多台３丁目６番地の７,6512277
1140001106657,トレイルヘッド株式会社,兵庫県,神戸市西区,学園東町５丁目１番地５０３−２０３号,6512102
1140001106723,株式会社キッス・ファミリー,兵庫県,神戸市西区,伊川谷町有瀬８１２番地の６西神戸セントポリア２−５０１,6512113
1140001107201,株式会社夕月興業,兵庫県,神戸市西区,池上２丁目２９番地の４,6512111
1140001107325,株式会社ジェットキャリー,兵庫県,神戸市西区,神出町広谷６２４−１３,6512331
1140001107944,株式会社丸京,兵庫県,神戸市西区,伊川谷町潤和字北横尾２３８−３６２,6512124
1140001108174,株式会社コウベコマチ,兵庫県,神戸市西区,小山１丁目６番２８号,6512144
1140001108190,日本ナビバンク株式会社,兵庫県,神戸市西区,中野１丁目１８−１７,6512136
1140001108975,誠和クリエイト株式会社,兵庫県,神戸市西区,平野町中津４６６番地の２,6512257
1140001109404,株式会社大光エンジニアリング,兵庫県,神戸市西区,押部谷町木幡８８番地の３,6512221
1140001109536,株式会社ＧＩ,兵庫県,神戸市西区,北別府５丁目３１番地の５,6512117
1140001109800,株式会社ｋｏｔｏｍｏｍ　ｐｌａｃｅ,兵庫県,神戸市西区,櫨谷町福谷７１０番地,6512233
1140001110287,株式会社ＲＩＳＥ,兵庫県,神戸市西区,伊川谷町長坂８８４番地８−ＩＩ１０１,6512104
1140001110510,株式会社ティエム,兵庫県,神戸市西区,玉津町二ツ屋６９７番地の２,6512142
1140001110774,株式会社名村興業,兵庫県,神戸市西区,白水１丁目４８番１８号,6512129
1140001111038,ＷＯＯＤＬＡＮＤ　ＡＣＡＤＥＭＹ　ＪＡＰＡＮ株式会社,兵庫県,神戸市西区,玉津町新方５５１番地,6512125
1140001111186,オートベース株式会社,兵庫県,神戸市西区,二ツ屋１丁目７番３号,6512142
1140001112754,聯發貿易株式会社,兵庫県,神戸市西区,押部谷町和田字ナヤケ４９８番地の２１,6512206
1140001112845,株式会社だるま堂,兵庫県,神戸市西区,北別府５丁目１７番地の３澤山ビル１０２号,6512117
1140001113959,株式会社ＡＧＭ,兵庫県,神戸市西区,和井取２番２１号,6512120
1140001114065,テスコムデジタルソリューション株式会社,兵庫県,神戸市西区,池上４丁目１３番９号,6512111
1140001114206,株式会社神和住設,兵庫県,神戸市西区,岩岡町岩岡２０５２番地,6512401
1140001114239,株式会社秋定,兵庫県,神戸市西区,北別府３丁目１４番地の９,6512117
1140001114791,株式会社アレステック,兵庫県,神戸市西区,玉津町新方４７８番地１,6512125
1140001114809,株式会社西神平安祭典,兵庫県,神戸市西区,美賀多台９丁目２番１号,6512277
1140001115047,株式会社ＲＲ,兵庫県,神戸市西区,竜が岡１丁目７番地の１０,6512412
1140001115385,株式会社春風,兵庫県,神戸市西区,枝吉１丁目６６番地１８,6512133
1140001115749,ＣｏｎｎｅｃｔＬｉｆｅ株式会社,兵庫県,神戸市西区,小山２丁目３番２３−１０４号,6512144
1140001115880,日中人材株式会社,兵庫県,神戸市西区,南別府１丁目６−１ユニックス神戸西１０６,6512116
1140001115897,ユニオン住設株式会社,兵庫県,神戸市西区,学園東町７丁目２１番９号,6512102
1140001115963,株式会社アレクシア,兵庫県,神戸市西区,桜が丘西町３丁目５番地の６,6512227
1140001116144,Ｎｅｘｔ　Ｃｒｅａｔｅ株式会社,兵庫県,神戸市西区,福吉台２丁目８番地の８,6512413
1140001116771,株式会社神戸うすながミート販売,兵庫県,神戸市西区,岩岡町古郷８９４番地の４,6512404
1140001117175,株式会社ＡＺＵ　ＷＯＲＫＳ,兵庫県,神戸市西区,白水１丁目２７番９号,6512129
1140001117308,株式会社スリーリング,兵庫県,神戸市西区,水谷１丁目１９−１９ビレッジコートＩ１０１,6512121
1140001119502,ケイワン不動産株式会社,兵庫県,神戸市西区,月が丘２丁目１２−２,6512217
1140001119931,つばさ企画株式会社,兵庫県,神戸市西区,糀台４丁目１３番地の５,6512273
1140001120162,株式会社あかね,兵庫県,神戸市西区,樫野台５丁目３オークスクエア西神中央８番館１００１号,6512275
1140001120261,株式会社ミライ,兵庫県,神戸市西区,伊川谷町有瀬７３番地シティゴールド２０９号,6512113
1140001120402,株式会社ＳｔａｙＷｏｏｄ,兵庫県,神戸市西区,桜が丘西町５丁目１番地の９,6512227
1140001120492,株式会社ＤＮＮ,兵庫県,神戸市西区,白水２丁目４−１０シンワメゾン５０２,6512129
1140001120633,株式会社ミューズ,兵庫県,神戸市西区,学園西町２丁目５番地の１３７,6512103
1140001120641,株式会社シャルメ,兵庫県,神戸市西区,玉津町田中６２４番地,6512147
1140001120708,株式会社ＴＨＡＩ,兵庫県,神戸市西区,神出町田井１１５１−１,6512313
1140001120798,株式会社ＫＯＴＡＳＡＲＩ,兵庫県,神戸市西区,美賀多台３丁目１４番地の１０６,6512277
1140001120939,株式会社結心,兵庫県,神戸市西区,伊川谷町潤和１５８４メゾンドゥヴェール２−１０３,6512124
1140001121103,株式会社ａｓｈｉｍｏｋａ,兵庫県,神戸市西区,井吹台東町４丁目１１番地の７,6512242
1140001121598,株式会社プロフィット,兵庫県,神戸市西区,前開南町２丁目１０番１号,6512109
1140001121680,ここいろ株式会社,兵庫県,神戸市西区,玉津町小山４３２番地の１,6512144
1140001122084,株式会社明和商事,兵庫県,神戸市西区,井吹台東町１丁目３番地２−１００１号,6512242
1140001122225,株式会社ぺたる,兵庫県,神戸市西区,平野町常本２９３番地の３,6512263
1140001122646,新陽金属株式会社,兵庫県,神戸市西区,神出町田井１１４８番地の１,6512313
1140001122753,株式会社オーエスケー,兵庫県,神戸市西区,井吹台西町１丁目６番地６−１１０１号,6512243
1140001123446,株式会社グット・ケア,兵庫県,神戸市西区,白水２丁目３番２１号,6512129
1140001123776,株式会社中誠協合,兵庫県,神戸市西区,神出町南４４７番地の１,6512312
1140001123900,牧野工業株式会社,兵庫県,神戸市西区,南別府１丁目１１番地の６,6512116
1140001123974,株式会社プロラボ,兵庫県,神戸市西区,南別府１丁目１−１０−２Ｆ,6512116
1140001124015,株式会社ＥＮＴＥＲ,兵庫県,神戸市西区,北山台２丁目２６番５号,6512215
1140001124551,株式会社東陽リアライズ,兵庫県,神戸市西区,伊川谷町有瀬１３２９−６,6512113
1140001125079,株式会社ファウヌス,兵庫県,神戸市西区,伊川谷町潤和１５９６番地の１アイリープラザ潤和２０５号,6512124
1140001125194,株式会社悠友,兵庫県,神戸市西区,玉津町上池３４９番地の２,6512126
1140001125236,株式会社エンパシー,兵庫県,神戸市西区,池上２丁目２２番地の１,6512111
1140001125293,株式会社グッドホーム,兵庫県,神戸市西区,二ツ屋２丁目１５番２−２０２号,6512142
1140001125418,株式会社ライズスタイル,兵庫県,神戸市西区,伊川谷町長坂９７８グランドポイント１号棟,6512104
1140001125665,株式会社竜胆,兵庫県,神戸市西区,井吹台東町１丁目３エリオ２号棟１８０２号,6512242
1140001125731,株式会社テイクエムズ,兵庫県,神戸市西区,水谷３丁目４番１２号,6512121
1140001126036,株式会社Ｆｅｅｌ・Ｏｎｅ,兵庫県,神戸市西区,玉津町今津６４０番地の１２,6512128
1140001126473,ＳＡＫＡＫＥＮ株式会社,兵庫県,神戸市西区,玉津町高津橋４３０番地の９,6512122
1140001126944,株式会社和み,兵庫県,神戸市西区,伊川谷町有瀬９７７番地の１９アングラーダム１０１号,6512113
1140001127091,株式会社西方堂,兵庫県,神戸市西区,伊川谷町有瀬１５１２−６−２０１,6512113
1140001127298,ＯＣＨＩコンサルティング株式会社,兵庫県,神戸市西区,樫野台６丁目１６番地の１６,6512275
1140001127447,株式会社和み,兵庫県,神戸市西区,宮下２丁目６番２０号藤ハイツＢ棟２０２号,6512146
1140001127505,株式会社フィッシュ・クリエイト,兵庫県,神戸市西区,玉津町今津４２７−２,6512128
1140001127521,株式会社ピオン,兵庫県,神戸市西区,伊川谷町有瀬１４１番地の５、１−７０６号,6512113
1140001127678,株式会社ＣＳＣ,兵庫県,神戸市西区,水谷３丁目９番７号,6512121
1140001127711,株式会社エムアールケイ,兵庫県,神戸市西区,岩岡町岩岡２１７３番地の３,6512401
1140001127744,株式会社エフ・ケイサポート,兵庫県,神戸市西区,王塚台１丁目８０番地の１,6512135
1140001128081,ヌプカラボ株式会社,兵庫県,神戸市西区,学園東町１丁目１番地１０１−１１０３号,6512102
1140001128098,株式会社Ｇｒａｎｄ　Ｂｌｅｕ,兵庫県,神戸市西区,北別府５丁目２８番地の４ハイツサンフレア１−Ｂ,6512117
1140001129047,株式会社ＳＩＮＣＡ,兵庫県,神戸市西区,桜が丘東町１丁目１１−１１,6512225
1140001129195,株式会社ＨＴＡ,兵庫県,神戸市西区,学園東町８丁目２番地の２−８０１号,6512102
1140001129245,株式会社大貴工業,兵庫県,神戸市西区,神出町池田２５３番地,6512333
1140001129352,株式会社ＭＲＥ,兵庫県,神戸市西区,学園西町２丁目３番地の６９,6512103
1140001129823,株式会社ＰｌｏｗＰｌｏｗ,兵庫県,神戸市西区,櫨谷町福谷８３−２,6512233
1140001130021,株式会社Ｆｉｌｌ,兵庫県,神戸市西区,平野町中津３６,6512257
1140001130211,株式会社一光パール,兵庫県,神戸市西区,樫野台５丁目３番地５−８０４号,6512275
1140001130426,日新工業ホールディングス株式会社,兵庫県,神戸市西区,玉津町居住１９８番,6512145
1140001130665,株式会社ＲｅＡｃｔｉｖａｔｉｏｎ,兵庫県,神戸市西区,井吹台北町１丁目１７−１−１２１０,6512244
1140001131102,株式会社真建設,兵庫県,神戸市西区,天が岡４番地の１０,6512141
1140001131234,アートテック株式会社,兵庫県,神戸市西区,宮下１丁目１１番１９号−１０２,6512146
1140001131564,アップシェル株式会社,兵庫県,神戸市西区,伊川谷町潤和１５５８番地の１,6512124
1140001131572,株式会社丸誠,兵庫県,神戸市西区,竹の台６丁目５番地１−１１０３号,6512274
1140001131861,株式会社ＸＣＥＬ,兵庫県,神戸市西区,平野町芝崎３４３番地の１,6512254
1140001132232,アンシングローバルネット株式会社,兵庫県,神戸市西区,玉津町高津橋１９７番地の１,6512122
1140001132827,株式会社ＭＡＮＲＡＩ,兵庫県,神戸市西区,大津和３丁目３番地の１４,6512112
1140001133107,株式会社ｉｎｎｏｌｖｅ,兵庫県,神戸市西区,伊川谷町有瀬２５１番地の１６,6512113
1140001133288,株式会社タイラ建築設計室,兵庫県,神戸市西区,月が丘２丁目１１番地の１１,6512217
1140001133338,株式会社ＯＥＴＣ,兵庫県,神戸市西区,北別府３丁目１−４シャルマンフジ学園都市１０１,6512117
1140001133395,株式会社リベラルコンサル,兵庫県,神戸市西区,北別府５丁目１１番地の９,6512117
1140001133569,株式会社かさね,兵庫県,神戸市西区,伊川谷町潤和１１８１番地の７６,6512124
1140001133759,兵庫フロンティア株式会社,兵庫県,神戸市西区,伊川谷町潤和１４２５番地の４,6512124
1140001133800,ＲＳＳ．株式会社,兵庫県,神戸市西区,玉津町今津５５４番７号,6512128
1140001133957,神戸検査株式会社,兵庫県,神戸市西区,竹の台６丁目７番地７０５号,6512274
1140001134690,ＳＵＭＡ　ＧＲＯＵＰ株式会社,兵庫県,神戸市西区,南別府１丁目６−５ローズハイツ５０２,6512116
1140001135144,株式会社ブラザーホーム,兵庫県,神戸市西区,持子３丁目３７番地の２,6512131
1140001135243,株式会社ＱＵＩＮＫＹ,兵庫県,神戸市西区,玉津町高津橋７４９番地の１０,6512122
1140001135796,ＥＮＪＯＹ　ＴＲＡＶＥＬ株式会社,兵庫県,神戸市西区,樫野台３丁目２４番地の６,6512275
1140001136183,株式会社ＭＩＲＡＣＬｅ,兵庫県,神戸市西区,北別府３丁目１番地の６リベール西神戸クイーンズ３０２号,6512117
1140001136225,株式会社ＨＡＮＥＳ,兵庫県,神戸市西区,玉津町今津３６４番地の２４,6512128
1140001136282,株式会社ｐｒ１ｍｅ　ｎｕｍｂｅｒ,兵庫県,神戸市西区,井吹台西町８丁目２番地の２−２１５,6512243
1140001136398,株式会社Ｍ＆Ｄ,兵庫県,神戸市西区,伊川谷町有瀬６９６−４７−２０１,6512113
1140001137116,株式会社ＳＩＮＫＯＵ．,兵庫県,神戸市西区,神出町紫合５４７番地の７,6512334
1140001137157,株式会社ＨＩＮＯＳＨＯ,兵庫県,神戸市西区,櫨谷町福谷６８３番地１,6512233
1140001137594,Ｓａｎｔｅ　ｅｔ　Ｂｅａｕｔｅ株式会社,兵庫県,神戸市西区,白水２丁目９番２８号,6512129
1140001137603,株式会社雅装飾,兵庫県,神戸市西区,和井取１０番８号,6512120
1140001138114,海と山の街リフォーム株式会社,兵庫県,神戸市西区,伊川谷町有瀬１２９２番地の２１,6512113
1140001138221,株式会社ＡＷ＆ＳＯＮＳ,兵庫県,神戸市西区,大津和３丁目１番１０号,6512112
1140001139979,株式会社岩口建設,兵庫県,神戸市西区,押部谷町押部４８７番地,6512212
1140001139995,ミントウェル株式会社,兵庫県,神戸市西区,白水２丁目１３−９ジェルベーラ１０１号,6512129
1140001140160,株式会社ＴＨＲ,兵庫県,神戸市西区,樫野台１丁目７番地の１０,6512275
1140001140185,神戸通商株式会社,兵庫県,神戸市西区,玉津町水谷３３１−１,6512121
1140001140243,ツカサ電設工業株式会社,兵庫県,神戸市西区,玉津町今津１３５番地の４,6512128
1140001140532,株式会社牛のよだれ,兵庫県,神戸市西区,井吹台西町２丁目２番地４−５０８号,6512243
1140001140730,株式会社グローバルセーフ,兵庫県,神戸市西区,竜が岡４丁目１３番地の１３レリッシュコート３０５号,6512412
1140001141217,株式会社ＡＰＥＲＩＯ,兵庫県,神戸市西区,竜が岡１丁目１７番地の２,6512412
1140001141225,株式会社ＹＯＵＭＥ,兵庫県,神戸市西区,学園西町１丁目５番地東館１階,6512103
1140001141241,株式会社Ｅｅｔｂａａｒ　Ｌａｎｄ,兵庫県,神戸市西区,神出町小束野９番地の６１,6512304
1140001141299,株式会社Ｓ　Ｐｌｕｓ,兵庫県,神戸市西区,池上２丁目３０−１伊川センタービル２Ｆ,6512111
1140001141357,Ｆ・ｇｒｏｗ株式会社,兵庫県,神戸市西区,伊川谷町潤和９１４番地１０,6512124
1140002004471,株式会社高慶商会,兵庫県,神戸市西区,枝吉５丁目４４番地,6512133
1140002006848,株式会社六甲製作所,兵庫県,神戸市西区,岩岡町古郷８３１−１,6512404
1140002019263,株式会社キートン,兵庫県,神戸市西区,白水３丁目１番２７号,6512129
1140002020114,株式会社ユーアイ,兵庫県,神戸市西区,北別府２丁目１５番地の２,6512117
1140002022969,株式会社ボールドカンパニー,兵庫県,神戸市西区,水谷２丁目１４−２７カーサＭ．Ｙ．ＫＩＩＩ１０３,6512121
1140002026400,株式会社クローバー神戸,兵庫県,神戸市西区,上新地３丁目６番地６,6512411
1140002047074,株式会社ブレストメタル,兵庫県,神戸市西区,神出町北３１１−１,6512332
1140003012317,アセットコンサルティング株式会社,兵庫県,神戸市西区,玉津町出合７３７番地の１,6512137
1140005002555,株式会社池谷農場,兵庫県,神戸市西区,櫨谷町池谷４１９番地の１,6512234
1180001159445,株式会社ｍａｋｅ　ｉｔ,兵庫県,神戸市西区,玉津町高津橋３５２番地Ａ−５０５,6512122
1260001010368,株式会社アプロ,兵庫県,神戸市西区,伊川谷町潤和１１１１番地の２,6512124
2010401085983,ガラード株式会社,兵庫県,神戸市西区,池上１丁目１３番地の６,6512111
2010801027718,山晃食品株式会社,兵庫県,神戸市西区,室谷１丁目６番１０,6512241
2011701003619,株式会社ざるや商店,兵庫県,神戸市西区,池上４丁目２−１１,6512111
2120001111204,タイエイ株式会社,兵庫県,神戸市西区,王塚台４丁目６番地,6512135
2120001222018,株式会社ＲＩＴ,兵庫県,神戸市西区,井吹台東町１丁目４番地３−６０６号,6512242
2120001256379,株式会社みさと,兵庫県,神戸市西区,神出町東９２３番地の２,6512311
2120002082188,株式会社ひまわり,兵庫県,神戸市西区,玉津町今津１７８番地の１,6512128
2122001029797,株式会社プルルンラボ,兵庫県,神戸市西区,伊川谷町有瀬５１０番地の２,6512113
2130001025064,株式会社不二家神戸,兵庫県,神戸市西区,高塚台５丁目４番地１,6512271
2140001002525,松弘建設株式会社,兵庫県,神戸市西区,押部谷町高和１０１７番地,6512204
2140001004298,株式会社六甲牧場,兵庫県,神戸市西区,岩岡町古郷２２４７番地,6512404
2140001004397,株式会社明石輪業,兵庫県,神戸市西区,森友５丁目６９,6512132
2140001004439,石上自動車株式会社,兵庫県,神戸市西区,玉津町新方字東方３１０の２番地,6512125
2140001004463,岩岡自動車株式会社,兵庫県,神戸市西区,岩岡町古郷１５０８番地の１,6512404
2140001004488,株式会社エイエスエヌ,兵庫県,神戸市西区,天王山１６番地の２,6512123
2140001004496,英電産業株式会社,兵庫県,神戸市西区,桜が丘西町３丁目１１番地の５,6512227
2140001004513,エヌ・ケイ・ケイ株式会社,兵庫県,神戸市西区,玉津町水谷字大東５５７番地の１３,6512121
2140001004521,株式会社エポム,兵庫県,神戸市西区,竜が岡３丁目９番地の１０,6512412
2140001004538,大西建設株式会社,兵庫県,神戸市西区,神出町宝勢１４４２番地の１,6512321
2140001004546,株式会社オクシロソービ,兵庫県,神戸市西区,竹の台２丁目１６番地の３、１−１０６号,6512274
2140001004554,株式会社押部,兵庫県,神戸市西区,神出町南６２１番地の１４,6512312
2140001004562,株式会社カーズ,兵庫県,神戸市西区,伊川谷町布施畑字中畑８４４−７,6512101
2140001004570,柿澤電機工業株式会社,兵庫県,神戸市西区,王塚台７丁目４２番地,6512135
2140001004579,株式会社関西クロス,兵庫県,神戸市西区,玉津町高津橋４４３番地の４,6512122
2140001004595,カスタム工業株式会社,兵庫県,神戸市西区,玉津町西河原１３９番地の１,6512127
2140001004620,株式会社川崎興産,兵庫県,神戸市西区,福吉台２丁目７番地の４,6512413
2140001004629,カルモ鋳工株式会社,兵庫県,神戸市西区,高塚台３丁目１番４５,6512271
2140001004653,株式会社木村組,兵庫県,神戸市西区,伊川谷町有瀬５７９番地の９,6512113
2140001004686,株式会社クワハラ,兵庫県,神戸市西区,王塚台６丁目４６番地,6512135
2140001004703,興神運輸株式会社,兵庫県,神戸市西区,平野町西戸田２８２番地の３,6512267
2140001004711,公平産業株式会社,兵庫県,神戸市西区,神出町小束野３番地,6512304
2140001004728,コスモ貿易株式会社,兵庫県,神戸市西区,秋葉台２丁目１４９番地の４８,6512224
2140001004744,株式会社小山工務店,兵庫県,神戸市西区,小山３丁目１３番２０号,6512144
2140001004752,株式会社サイプレスビル,兵庫県,神戸市西区,南別府１丁目２１番地の５,6512116
2140001004777,三共リース株式会社,兵庫県,神戸市西区,今寺２６番２,6512114
2140001004785,三水商事株式会社,兵庫県,神戸市西区,伊川谷町前開字久留主谷１１２４番地の２,6512108
2140001004793,株式会社サトウ,兵庫県,神戸市西区,中野２丁目１０番地の１２,6512136
2140001004810,株式会社三洋工房建築事務所,兵庫県,神戸市西区,伊川谷町有瀬字黒土１４９１番地の６,6512113
2140001004819,株式会社ジェイエイアクト,兵庫県,神戸市西区,伊川谷町潤和１０５８番地,6512124
2140001004884,株式会社シミズテック,兵庫県,神戸市西区,室谷２丁目２番６号,6512241
2140001004901,株式会社章陽,兵庫県,神戸市西区,池上２丁目３９番地の１１,6512111
2140001004918,株式会社スーパーストアーアルフア,兵庫県,神戸市西区,伊川谷町有瀬１１７８番地の１,6512113
2140001004926,株式会社スペースギャラリー神戸,兵庫県,神戸市西区,伊川谷町有瀬４３番地の７,6512113
2140001004934,セイコー技研株式会社,兵庫県,神戸市西区,伊川谷町潤和字有久１１０９,6512124
2140001004942,西神機工株式会社,兵庫県,神戸市西区,枝吉４丁目７９番地の２,6512133
2140001004959,株式会社成和運輸商事,兵庫県,神戸市西区,大沢２丁目３番地の２５,6512414
2140001004983,株式会社相友,兵庫県,神戸市西区,池上３丁目１−１−４０２,6512111
2140001004991,株式会社大一武田工務店,兵庫県,神戸市西区,玉津町高津橋７５５番地の１,6512122
2140001005040,株式会社高橋美建,兵庫県,神戸市西区,平野町慶明字久保田８８番地の３,6512255
2140001005057,明石土建株式会社,兵庫県,神戸市西区,伊川谷町有瀬１４５６−３,6512113
2140001005065,株式会社タニザキ,兵庫県,神戸市西区,平野町印路２３８番地の１,6512266
2140001005164,株式会社西神戸化成,兵庫県,神戸市西区,押部谷町養田６番地１,6512205
2140001005189,株式会社ニュー兵庫自動車,兵庫県,神戸市西区,枝吉３丁目９４番地,6512133
2140001005197,株式会社ノブェルティーナカジマ,兵庫県,神戸市西区,岩岡町岩岡７２８番地の６,6512401
2140001005239,ハリマカネヨシ株式会社,兵庫県,神戸市西区,玉津町居住１３２−１,6512145
2140001005288,藤井製材株式会社,兵庫県,神戸市西区,神出町東９１６番地,6512311
2140001005296,藤喜商事株式会社,兵庫県,神戸市西区,神出町田井１２８０番地の１４,6512313
2140001005305,不二塗料株式会社,兵庫県,神戸市西区,井吹台東町１丁目２番地１の２の６０４,6512242
2140001005313,藤本電気株式会社,兵庫県,神戸市西区,神出町東１０９２番地４,6512311
2140001005354,増田綜合園芸株式会社,兵庫県,神戸市西区,櫨谷町寺谷字松原２７番地,6512231
2140001005362,株式会社松本金属工業所,兵庫県,神戸市西区,森友４丁目９２番地,6512132
2140001005370,株式会社マルセ,兵庫県,神戸市西区,王塚台６丁目７５番地の２,6512135
2140001005379,株式会社丸和,兵庫県,神戸市西区,神出町五百蔵７０番地,6512303
2140001005404,ロックグリーン株式会社,兵庫県,神戸市西区,岩岡町岩岡字庄太夫場２８９３番地１,6512401
2140001005412,株式会社明神工業,兵庫県,神戸市西区,玉津町今津６０１番地の１,6512128
2140001005420,明舞運送株式会社,兵庫県,神戸市西区,平野町常本５６番地の１,6512263
2140001005445,株式会社ヤスフクホールディングス,兵庫県,神戸市西区,福吉台１丁目１番地の１,6512413
2140001005453,株式会社ヤマオカ,兵庫県,神戸市西区,北別府５丁目１５番地の８,6512117
2140001005478,株式会社ユーサーブ,兵庫県,神戸市西区,福吉台２丁目２５番地の１７,6512413
2140001005494,株式会社良岡工務店,兵庫県,神戸市西区,王塚台１丁目１７番地の２,6512135
2140001005503,株式会社吉本鉄工所,兵庫県,神戸市西区,福吉台２丁目１０番地９,6512413
2140001005536,株式会社ル・コール,兵庫県,神戸市西区,北別府４丁目２１番地２メゾンド・ソレーユ１Ｆ,6512117
2140001005560,神戸造機株式会社,兵庫県,神戸市西区,伊川谷町潤和７５０番地の９,6512124
2140001005569,神戸電化工業株式会社,兵庫県,神戸市西区,高塚台３丁目１番地の４２,6512271
2140001005602,ボルトエンジニア株式会社,兵庫県,神戸市西区,岩岡町古郷２５５番地の６,6512404
2140001005635,兵庫ヤクルト販売株式会社,兵庫県,神戸市西区,玉津町高津橋１３７番地の１,6512122
2140001006039,株式会社アルファシップ,兵庫県,神戸市西区,持子３丁目３９番地千代ビル２０３,6512131
2140001006220,株式会社今村化学工業白蟻研究所,兵庫県,神戸市西区,伊川谷町潤和８５８番地の１,6512124
2140001006856,株式会社関水社,兵庫県,神戸市西区,室谷１丁目５番３号,6512241
2140001009181,株式会社たかた,兵庫県,神戸市西区,高塚台６丁目１９番地の１５,6512271
2140001010362,株式会社ピジェル,兵庫県,神戸市西区,井吹台東町３丁目６番地の１,6512242
2140001013497,大洋梱包株式会社,兵庫県,神戸市西区,伊川谷町潤和７８５番地の３,6512124
2140001016541,永井鋼業株式会社,兵庫県,神戸市西区,伊川谷町潤和字六反田１０６０番地の３,6512124
2140001016640,株式会社野本商会,兵庫県,神戸市西区,美賀多台３丁目１４番地の６７,6512277
2140001016780,株式会社フタバ,兵庫県,神戸市西区,学園東町３丁目９番地の５,6512102
2140001017878,株式会社富士工作所,兵庫県,神戸市西区,高塚台３丁目１番地５７,6512271
2140001018050,株式会社ライフ・テクノ,兵庫県,神戸市西区,玉津町小山５６１番地の９,6512144
2140001018224,栄都開発株式会社,兵庫県,神戸市西区,竜が岡１丁目９番地の２４,6512412
2140001018348,株式会社ケイ・エイチ・エス,兵庫県,神戸市西区,玉津町今津１７１−３,6512128
2140001018570,株式会社タカミ・カンパニー,兵庫県,神戸市西区,王塚台４丁目４８番地,6512135
2140001018983,日本テクネス株式会社,兵庫県,神戸市西区,池上１丁目１３番地の１９,6512111
2140001019057,株式会社上田食品,兵庫県,神戸市西区,池上４丁目２番地の３,6512111
2140001019065,株式会社新田自動車,兵庫県,神戸市西区,平野町向井８４番地の３,6512253
2140001019263,株式会社新神戸軌道,兵庫県,神戸市西区,伊川谷町潤和９８８番地１,6512124
2140001019288,株式会社フジフレックス,兵庫県,神戸市西区,北別府２丁目１５番地の１,6512117
2140001019585,孔雀食品株式会社,兵庫県,神戸市西区,高塚台５丁目４番地１９,6512271
2140001019908,角一ゴム工業株式会社,兵庫県,神戸市西区,玉津町新方字東方２５７番地,6512125
2140001019916,株式会社山田鉄工所,兵庫県,神戸市西区,平野町福中１９３番地の３,6512252
2140001020238,株式会社伊川谷倶楽部,兵庫県,神戸市西区,伊川谷町別府２０番地の１,6512115
2140001020270,ウエストアクティブトランスポート株式会社,兵庫県,神戸市西区,神出町宝勢１４１０番地の１,6512321
2140001020279,株式会社エス・アライアンス,兵庫県,神戸市西区,伊川谷町有瀬１６３１番地の３,6512113
2140001020535,株式会社ケンスポーツ,兵庫県,神戸市西区,大沢２丁目１０番地の１５,6512414
2140001020799,株式会社メイカン,兵庫県,神戸市西区,神出町田井５５番地５,6512313
2140001020907,西神造園株式会社,兵庫県,神戸市西区,糀台３丁目１１番地の８,6512273
2140001021120,株式会社上田トランシットコンストラクション,兵庫県,神戸市西区,富士見が丘１丁目７番地の９,6512214
2140001021129,住電半導体材料株式会社,兵庫県,神戸市西区,高塚台１丁目９番地２,6512271
2140001021161,株式会社エム・ティー・システック,兵庫県,神戸市西区,美賀多台１丁目９番１の１００１,6512277
2140001021401,株式会社エキスパーツ,兵庫県,神戸市西区,天王山１８番地の４,6512123
2140001021533,株式会社イノテック西日本,兵庫県,神戸市西区,見津が丘３丁目１番地の６,6512228
2140001021558,住環境開発株式会社,兵庫県,神戸市西区,玉津町田中６２２番地の１,6512147
2140001021624,株式会社嵩大,兵庫県,神戸市西区,伊川谷町布施畑字下谷山９９０−２,6512101
2140001022498,三ツ星ベルト工機株式会社,兵庫県,神戸市西区,高塚台６丁目１７番,6512271
2140001022564,日中貿易株式会社,兵庫県,神戸市西区,神出町田井１１４７番地,6512313
2140001022738,株式会社パナシィア,兵庫県,神戸市西区,前開南町２丁目１２番１５号,6512109
2140001022820,サチヨプラン株式会社,兵庫県,神戸市西区,枝吉２丁目９７番地１０３号,6512133
2140001022853,株式会社俊陽,兵庫県,神戸市西区,糀台２丁目９番地の４,6512273
2140001023117,株式会社グローバル・サティフィケーション・ジャパン,兵庫県,神戸市西区,桜が丘東町１丁目２番地の９,6512225
2140001023158,株式会社安保電気,兵庫県,神戸市西区,上新地２丁目２６番地の１８,6512411
2140001023455,株式会社ＭＭＡＲＩＮ　ＣＯＲＰＯＲＡＴＩＯＮ,兵庫県,神戸市西区,北別府５丁目２４番地２弘栄ビル２０２号,6512117
2140001023496,株式会社伊藤園関西茶業,兵庫県,神戸市西区,見津が丘５丁目４番１,6512228
2140001023538,アラムアーツ株式会社,兵庫県,神戸市西区,春日台８丁目８番地の９４,6512276
2140001023612,株式会社トラックセンターサンワ,兵庫県,神戸市西区,見津が丘３丁目１番地の４,6512228
2140001023686,株式会社光栄メディカル,兵庫県,神戸市西区,伊川谷町別府７１９番１,6512115
2140001023868,株式会社パーム,兵庫県,神戸市西区,伊川谷町別府７７６番地１５−４０２号,6512115
2140001023901,イーエル・グリーンライトホーム株式会社,兵庫県,神戸市西区,王塚台２丁目１２番地の２,6512135
2140001023926,株式会社兵庫高速運輸,兵庫県,神戸市西区,見津が丘３丁目５番地２,6512228
2140001023950,株式会社アド,兵庫県,神戸市西区,伊川谷町有瀬１４番地の３８（１０１号）,6512113
2140001024049,華兵欣発株式会社,兵庫県,神戸市西区,北別府４丁目２０９８番地の１,6512117
2140001024081,株式会社福村鉄工所,兵庫県,神戸市西区,高塚台３丁目２番地５０,6512271
2140001024156,株式会社エディック,兵庫県,神戸市西区,見津が丘４丁目９番５号,6512228
2140001024346,株式会社ＱＯＬ,兵庫県,神戸市西区,春日台３丁目２番地Ｄ−１０５号,6512276
2140001024387,株式会社ケイ・グラニット,兵庫県,神戸市西区,学園東町３丁目１７番地の５,6512102
2140001024627,株式会社保険のフィット,兵庫県,神戸市西区,南別府１丁目１５番地の５、４０３号,6512116
2140001024957,株式会社ＳＴＹＬＥ　ＬＩＮＥ,兵庫県,神戸市西区,白水１丁目３８番１４号,6512129
2140001025055,エイケイエヌ株式会社,兵庫県,神戸市西区,南別府３丁目２４番地の３,6512116
2140001025154,株式会社ハセガワ電設,兵庫県,神戸市西区,狩場台１丁目５０番地の５３,6512272
2140001025170,株式会社ブルーム,兵庫県,神戸市西区,二ツ屋１丁目２３番２４号,6512142
2140001025187,株式会社大栄ホーム管理サービス,兵庫県,神戸市西区,玉津町高津橋４８９番地の１０,6512122
2140001025195,株式会社スガモト建設,兵庫県,神戸市西区,井吹台西町６丁目４３番１７６,6512243
2140001025377,株式会社Ｇｏｏｄ　Ｌｏｓｅｒ,兵庫県,神戸市西区,押部谷町木津８番地の１,6512222
2140001025419,株式会社リアル関西,兵庫県,神戸市西区,押部谷町和田字北山４８９番地,6512206
2140001025526,株式会社春田ステンレス,兵庫県,神戸市西区,伊川谷町有瀬１１５０番地の３,6512113
2140001025559,ＮＷＴ株式会社,兵庫県,神戸市西区,学園東町１丁目４番地１０３−４０２号,6512102
2140001025757,株式会社エクシード,兵庫県,神戸市西区,伊川谷町有瀬５０７−１,6512113
2140001025773,株式会社マシンテック,兵庫県,神戸市西区,枝吉３丁目６番地の４,6512133
2140001025922,株式会社ファー・イースト・トレーディング,兵庫県,神戸市西区,学園東町７丁目３０番地の５,6512102
2140001026045,タプロスエンジニアリング株式会社,兵庫県,神戸市西区,桜が丘中町５丁目８番地の３,6512226
2140001026160,株式会社医科歯科技研,兵庫県,神戸市西区,南別府１丁目８番地の１,6512116
2140001026540,株式会社東孝建築設計事務所,兵庫県,神戸市西区,井吹台東町１丁目４番地１−６０４号,6512242
2140001026598,株式会社岩井工業,兵庫県,神戸市西区,井吹台北町４丁目５番地１４,6512244
2140001026672,株式会社エヌシステム施工管理,兵庫県,神戸市西区,玉津町出合４５１−３−１Ｆ南,6512137
2140001026821,洲本空調設備株式会社,兵庫県,神戸市西区,枝吉４丁目１１７番地の５,6512133
2140001026986,建築工房ドリーム株式会社,兵庫県,神戸市西区,押部谷町福住６２８番地の１３４,6512213
2140001027019,株式会社大橋機械技術,兵庫県,神戸市西区,富士見が丘２丁目１３番地の３,6512214
2140001027035,株式会社ＨＩＲＯ歯科商会,兵庫県,神戸市西区,福吉台２丁目９番地の１５,6512413
2140001027431,株式会社カワタ建設工業,兵庫県,神戸市西区,伊川谷町前開１３３１番地,6512108
2140001027506,株式会社フロンティア,兵庫県,神戸市西区,北別府３丁目２２番３−１０６号,6512117
2140001027670,株式会社ディーラック,兵庫県,神戸市西区,学園東町６丁目１番地の１・１１１９号,6512102
2140001027761,株式会社アグリトラスト,兵庫県,神戸市西区,平野町西戸田２１３番地,6512267
2140001028223,ビーエスフロント株式会社,兵庫県,神戸市西区,見津が丘６丁目１４番地３,6512228
2140001028231,株式会社ニューアクト,兵庫県,神戸市西区,竜が岡４丁目２番地の１７,6512412
2140001028306,株式会社エクシム,兵庫県,神戸市西区,福吉台１丁目１６１７−１,6512413
2140001028850,ディーエスオー株式会社,兵庫県,神戸市西区,押部谷町押部４１４番地,6512212
2140001028891,株式会社モード・Ｋ,兵庫県,神戸市西区,神出町東２４７番地２,6512311
2140001028966,株式会社エヌステージ,兵庫県,神戸市西区,井吹台東町４丁目１１番地の１０,6512242
2140001029031,株式会社田岡建設,兵庫県,神戸市西区,押部谷町和田４４０−５０,6512206
2140001029114,Ｃｒｅａｔｉｏｎ　ｆａｃｔｏｒｙ株式会社,兵庫県,神戸市西区,伊川谷町前開８５０番地の５,6512108
2140001029188,株式会社リッチ,兵庫県,神戸市西区,樫野台５丁目４番地の６,6512275
2140001029345,株式会社リッチフィールド,兵庫県,神戸市西区,井吹台西町４丁目１７番地の９,6512243
2140001029394,シックスアッシュ株式会社,兵庫県,神戸市西区,井吹台北町２丁目４番地の６,6512244
2140001029551,株式会社ＧＩＦＴ,兵庫県,神戸市西区,糀台４丁目９番地の３,6512273
2140001029568,株式会社栄井工務店,兵庫県,神戸市西区,池上１丁目１２−１−Ｅ１０１,6512111
2140001029592,株式会社賢神建設,兵庫県,神戸市西区,王塚台１丁目２４−２王塚第二ビル１０２号,6512135
2140001029618,パシフィック・トランスポート株式会社,兵庫県,神戸市西区,北別府４丁目２０８４番地の１６−１０１号,6512117
2140001029675,株式会社Ｗｏｒｌｄ−Ｗａｙ．ＩＮＴＬ,兵庫県,神戸市西区,岩岡町古郷３０３番地の５４,6512404
2140001029733,株式会社匠,兵庫県,神戸市西区,伊川谷町有瀬８１９番地１ベースブリッジ有瀬１０１号,6512113
2140001029758,株式会社マルヅカ,兵庫県,神戸市西区,丸塚２丁目５番４号,6512143
2140001029790,株式会社三鈴工業所,兵庫県,神戸市西区,伊川谷町潤和字西ノ口７５０番地１０,6512124
2140001030088,ウオテック株式会社,兵庫県,神戸市西区,井吹台西町１丁目４番地１００８号,6512243
2140001030105,株式会社陽だまり,兵庫県,神戸市西区,押部谷町福住６２８番地の１９０,6512213
2140001030336,株式会社エールコンパス,兵庫県,神戸市西区,押部谷町福住６２８番地の２３４,6512213
2140001030641,株式会社アンジェリーナ．ｊｅ,兵庫県,神戸市西区,伊川谷町有瀬１３１番地１−７０８,6512113
2140001030724,ウエストオートライフ株式会社,兵庫県,神戸市西区,神出町広谷５８３−１番地,6512331
2140001031045,株式会社山本園芸,兵庫県,神戸市西区,伊川谷町有瀬８４６番地の１９,6512113
2140001031144,株式会社ＵＥＤＯＵ,兵庫県,神戸市西区,岩岡町西脇３６６番地,6512403
2140001031350,株式会社ツジモトコーポレーション,兵庫県,神戸市西区,上新地１丁目１−７−２０１号,6512411
2140001031425,ハッピープラン・ネット株式会社,兵庫県,神戸市西区,見津が丘１丁目１３番地３,6512228
2140001031474,株式会社グッドアシスト,兵庫県,神戸市西区,宮下１丁目１６番１０号,6512146
2140001031508,株式会社ヒラノフーズ,兵庫県,神戸市西区,竹の台４丁目５番地の１４,6512274
2140001031730,株式会社シーエスパートナーズ,兵庫県,神戸市西区,中野１丁目４番地の１５,6512136
2140001031755,オリエンタルフーズ・カンパニー株式会社,兵庫県,神戸市西区,井吹台東町５丁目１３番地の１,6512242
2140001031763,長田貿易株式会社,兵庫県,神戸市西区,神出町勝成１１６番地の１５,6512301
2140001031870,安全テック株式会社,兵庫県,神戸市西区,玉津町高津橋１４４番地の１,6512122
2140001032142,株式会社トーホーファーム,兵庫県,神戸市西区,神出町小束野５３番地８１,6512304
2140001032217,株式会社西神住宅設備,兵庫県,神戸市西区,平野町宮前４０４番地,6512265
2140001032266,株式会社グロー,兵庫県,神戸市西区,竜が岡１丁目７番地の１,6512412
2140001032497,株式会社ＹＯＵ,兵庫県,神戸市西区,宮下１丁目４−８Ｄ店舗,6512146
2140001032613,株式会社あうん,兵庫県,神戸市西区,伊川谷町有瀬１４３番地の２−１−７０９号,6512113
2140001032737,ＪＵＳＥＴＺ株式会社,兵庫県,神戸市西区,伊川谷町長坂８８４番地の８ベースブリッジ長坂１０５号,6512104
2140001032877,株式会社弥栄マリン,兵庫県,神戸市西区,王塚台１丁目１９番地の８,6512135
2140001033074,小野産業システム株式会社,兵庫県,神戸市西区,見津が丘５丁目２−１１,6512228
2140001033297,バイオナノティックス株式会社,兵庫県,神戸市西区,室谷２丁目２番地７,6512241
2140001033454,株式会社夢パソ,兵庫県,神戸市西区,王塚台５丁目１１２番地の２,6512135
2140001033537,株式会社ＲＹＯＹＵ,兵庫県,神戸市西区,前開南町２丁目７番２号,6512109
2140001033735,株式会社ＤＹＮＡＭＥＳ,兵庫県,神戸市西区,池上２丁目３９番２号,6512111
2140001033792,株式会社神戸電気サービス,兵庫県,神戸市西区,伊川谷町長坂８８４番８号１０３号室,6512104
2140001033826,株式会社ベーシス,兵庫県,神戸市西区,押部谷町福住５９５番地の６,6512213
2140001033850,大和株式会社,兵庫県,神戸市西区,伊川谷町潤和１１５６番地の１,6512124
2140001033966,株式会社多田自動車商会,兵庫県,神戸市西区,神出町田井２６６番地の１,6512313
2140001034139,株式会社協和,兵庫県,神戸市西区,伊川谷町有瀬４７３番地の１２,6512113
2140001034147,株式会社神戸畜産,兵庫県,神戸市西区,井吹台西町６丁目１２番地の８,6512243
2140001034295,エレガントライフ株式会社,兵庫県,神戸市西区,井吹台西町５丁目６番地の５,6512243
2140001034304,株式会社リゲル,兵庫県,神戸市西区,伊川谷町潤和１１１１番地の２,6512124
2140001035500,株式会社神戸リネン,兵庫県,神戸市西区,池上３丁目７番５号,6512111
2140001035533,株式会社港圧送,兵庫県,神戸市西区,平野町芝崎４１０番地の２７,6512254
2140001037001,株式会社アローズ,兵庫県,神戸市西区,玉津町上池６０−６,6512126
2140001037141,株式会社神戸リフォームハウジング,兵庫県,神戸市西区,王塚台７丁目９２番地,6512135
2140001038164,安福ゴム工業株式会社,兵庫県,神戸市西区,福吉台１丁目１番地の１,6512413
2140001038172,株式会社ヤマモトコーポレーション,兵庫県,神戸市西区,伊川谷町別府字向山１４３番地,6512115
2140001042182,Ｈ・Ｉ・Ｈコンサルティング株式会社,兵庫県,神戸市西区,糀台２丁目２番２号,6512273
2140001042364,栄工業株式会社,兵庫県,神戸市西区,竜が岡１丁目１８番地の５スカイドリーム３０２,6512412
2140001045053,株式会社アイン・カースクール,兵庫県,神戸市西区,岩岡町野中８２４番地の１,6512405
2140001046183,株式会社エビス運送,兵庫県,神戸市西区,北別府５丁目３６番地１４,6512117
2140001047124,株式会社ＪＦＹ,兵庫県,神戸市西区,白水３丁目３番３３号,6512129
2140001047157,株式会社クイックソリューション,兵庫県,神戸市西区,上新地１丁目１番７号安福ビル１０２号,6512411
2140001057115,株式会社Ｔ．Ｓ．,兵庫県,神戸市西区,持子１丁目１１６番地の２,6512131
2140001057370,株式会社ＰＲＦ,兵庫県,神戸市西区,枝吉２丁目１１４−１,6512133
2140001067329,株式会社ＡＩＫＡ,兵庫県,神戸市西区,王塚台１丁目１４５番地の１,6512135
2140001067452,株式会社ショッカー,兵庫県,神戸市西区,学園西町１丁目１番２号,6512103
2140001067576,株式会社こんたに新聞舗,兵庫県,神戸市西区,狩場台３丁目９番地の１３,6512272
2140001077864,Ｔ＆Ｊ株式会社,兵庫県,神戸市西区,春日台４丁目１４番地８−１０２号,6512276
2140001078284,栗山運輸株式会社,兵庫県,神戸市西区,神出町小束野９番地の８６,6512304
2140001088804,株式会社ファミリアホーム,兵庫県,神戸市西区,糀台５丁目９−４西神中央駅ビル２階,6512273
2140001088952,株式会社メディエイト,兵庫県,神戸市西区,井吹台西町５丁目１４番地の１３,6512243
2140001089141,株式会社盛己鋼業,兵庫県,神戸市西区,今寺２３番地の１２,6512114
2140001089678,株式会社ＢＲＯＳ,兵庫県,神戸市西区,伊川谷町井吹字花折１１６０番地,6512106
2140001089810,タクミ技建株式会社,兵庫県,神戸市西区,森友４丁目９８番地の１,6512132
2140001089851,株式会社前田管工,兵庫県,神戸市西区,玉津町居住１５１番地の３,6512145
2140001090066,株式会社Ｃｏｎｔｉｎｅｎｔａｌ,兵庫県,神戸市西区,平野町印路字二ツ塚６８１−１１,6512266
2140001090280,トアライフ株式会社,兵庫県,神戸市西区,竹の台６丁目３番地８２０号,6512274
2140001090735,アライドパワー株式会社,兵庫県,神戸市西区,押部谷町木幡３３−６,6512221
2140001091361,株式会社サンクラリティ,兵庫県,神戸市西区,宮下２丁目１３番１９号,6512146
2140001092021,でんきやおーちゃん株式会社,兵庫県,神戸市西区,池上１丁目９番地の４ピースヒル池上２０１号,6512111
2140001092046,株式会社風樹,兵庫県,神戸市西区,今寺１４番３,6512114
2140001092582,株式会社ハンセン,兵庫県,神戸市西区,竹の台１丁目１１番地の１,6512274
2140001093069,株式会社ファイナンシャルデザイン,兵庫県,神戸市西区,美賀多台１丁目２番地Ｅ−１２０５号,6512277
2140001093622,株式会社小山商店,兵庫県,神戸市西区,岩岡町古郷１１７６番地,6512404
2140001094538,株式会社快適空間ＹＯＵ,兵庫県,神戸市西区,持子３丁目３９−１０３,6512131
2140001095008,株式会社ＷＳエンジニアリング,兵庫県,神戸市西区,岩岡町古郷３０１番地の２８,6512404
2140001095486,株式会社前田商事,兵庫県,神戸市西区,狩場台１丁目１２番地の１２,6512272
2140001095874,株式会社Ｂａｒｅ　ｆｏｏｔ,兵庫県,神戸市西区,伊川谷町有瀬５１番地３−２０２,6512113
2140001096237,ＮＳＰ株式会社,兵庫県,神戸市西区,桜が丘中町３丁目２番３号タウンセンタージョイフル４階,6512226
2140001096336,弘茂丸水産株式会社,兵庫県,神戸市西区,池上１丁目７番地の２７,6512111
2140001096344,原口工業株式会社,兵庫県,神戸市西区,北別府１丁目２６番地の６,6512117
2140001096930,大幸産業株式会社,兵庫県,神戸市西区,平野町向井字前垣内６番,6512253
2140001097540,株式会社クロスト,兵庫県,神戸市西区,井吹台東町７丁目４番１,6512242
2140001098002,株式会社ＡｇｒｅｅｍＫＯＢＥ,兵庫県,神戸市西区,岩岡町古郷２７１７−１,6512404
2140001098704,株式会社シブヤファーム,兵庫県,神戸市西区,伊川谷町前開４５９番地,6512108
2140001098852,株式会社松原建設工業,兵庫県,神戸市西区,玉津町今津６２０番地の９,6512128
2140001099025,株式会社コープ食材,兵庫県,神戸市西区,見津が丘３丁目９番地の７,6512228
2140001099173,株式会社プラティコ,兵庫県,神戸市西区,岩岡町岩岡１２７６番,6512401
2140001099215,株式会社ＫＡＴＯエンジニアリング,兵庫県,神戸市西区,井吹台西町１丁目６番地２−８０５号,6512243
2140001099470,株式会社ＪＣクレッセント,兵庫県,神戸市西区,竹の台６丁目５番地２−５０７号,6512274
2140001100106,株式会社ＧＯＧＹＯ,兵庫県,神戸市西区,宮下３丁目１１番３号,6512146
2140001100171,株式会社日大総合建設,兵庫県,神戸市西区,伊川谷町前開１１６４番地の２８,6512108
2140001100188,株式会社明輝興業,兵庫県,神戸市西区,枝吉２丁目９１番地の９,6512133
2140001100444,株式会社美紀住設,兵庫県,神戸市西区,宮下１丁目６番４号,6512146
2140001100948,昭和企画株式会社,兵庫県,神戸市西区,伊川谷町有瀬１４５０番地の１,6512113
2140001101095,株式会社ジャスパ,兵庫県,神戸市西区,竹の台３丁目４番地の５,6512274
2140001101211,株式会社京蓮堂,兵庫県,神戸市西区,押部谷町押部７２７番地の１７２青葉会館,6512212
2140001101376,株式会社あかお運送,兵庫県,神戸市西区,竜が岡３丁目５番地の４,6512412
2140001101970,株式会社ｆ−ｆｐＫＯＢＥ,兵庫県,神戸市西区,岩岡町古郷１１６５番地の４,6512404
2140001102713,株式会社志和勢神戸,兵庫県,神戸市西区,押部谷町木見３５０番地の１,6512223
2140001102928,株式会社アイリーコーポレーション,兵庫県,神戸市西区,伊川谷町潤和１７７７番地,6512124
2140001103117,株式会社ロゼ,兵庫県,神戸市西区,宮下１丁目１９番８号,6512146
2140001103273,ハイフィールド株式会社,兵庫県,神戸市西区,持子３丁目１１８番地の２,6512131
2140001104610,株式会社フロンティア不動産販売,兵庫県,神戸市西区,玉津町居住１１９番地の１,6512145
2140001104643,株式会社ＷＥＳＴ,兵庫県,神戸市西区,伊川谷町有瀬１１０８番１,6512113
2140001104890,じょいらいふマネージメント株式会社,兵庫県,神戸市西区,押部谷町木幡３４５番地,6512221
2140001105014,株式会社古川美研,兵庫県,神戸市西区,押部谷町木津１６２０番地の４,6512222
2140001106012,株式会社いやしの風,兵庫県,神戸市西区,狩場台５丁目５番地の１３９,6512272
2140001106193,永伸建設株式会社,兵庫県,神戸市西区,井吹台西町１丁目６番地、６−１１０２号,6512243
2140001106425,株式会社健歯会,兵庫県,神戸市西区,糀台３丁目２６番１号,6512273
2140001106961,アレス株式会社,兵庫県,神戸市西区,井吹台西町８丁目２番地の２、２２３号,6512243
2140001107365,株式会社ＡＣＥ,兵庫県,神戸市西区,玉津町新方１４６番地１,6512125
2140001107448,株式会社リアルエステート中野,兵庫県,神戸市西区,伊川谷町布施畑５７８番地,6512101
2140001108198,サンアール株式会社,兵庫県,神戸市西区,岩岡町岩岡６５４−９５,6512401
2140001109171,株式会社Ｋｉｒａｒｉ,兵庫県,神戸市西区,伊川谷町有瀬１１５０−２黒田第２ビル２Ｃ号,6512113
2140001109527,クリーン神戸株式会社,兵庫県,神戸市西区,高塚台２丁目１番１１号,6512271
2140001109709,株式会社Ａ．Ｄａｙ,兵庫県,神戸市西区,前開南町１丁目１８番８号,6512109
2140001111061,株式会社Ｐｒｉｍｅ　Ａｄｖａｎｃｅ,兵庫県,神戸市西区,北別府５丁目１８９８番地の１１５,6512117
2140001111185,株式会社キートス,兵庫県,神戸市西区,学園西町２丁目５番地の１３５,6512103
2140001111391,株式会社アカシセイキ,兵庫県,神戸市西区,神出町池田１０７番地,6512333
2140001112605,株式会社トスレック,兵庫県,神戸市西区,井吹台西町１丁目２番地１−７０８,6512243
2140001112794,株式会社ギアリアル,兵庫県,神戸市西区,井吹台東町１丁目４番地３−６０４号,6512242
2140001112919,株式会社アステル,兵庫県,神戸市西区,神出町田井１３２０番地の６,6512313
2140001113578,株式会社キャットテックラボ,兵庫県,神戸市西区,狩場台２丁目７番地の１７,6512272
2140001114048,ＡＬＫ株式会社,兵庫県,神戸市西区,伊川谷町有瀬４３番地の１ブエナビスタ１０３号,6512113
2140001114106,株式会社北川ＭＳＣ,兵庫県,神戸市西区,学園西町７丁目１番地７５１−５０６号,6512103
2140001114238,長松土木株式会社,兵庫県,神戸市西区,美賀多台２丁目５−１５,6512277
2140001114436,株式会社原田,兵庫県,神戸市西区,持子３丁目３番地１階,6512131
2140001114485,株式会社岩崎電気工事,兵庫県,神戸市西区,櫨谷町長谷４８３−１,6512235
2140001114808,株式会社白雲堂,兵庫県,神戸市西区,平野町芝崎２３２番地の１,6512254
2140001115186,株式会社ＴＮ企画,兵庫県,神戸市西区,池上４丁目２８番１４号,6512111
2140001115203,株式会社エイク,兵庫県,神戸市西区,岩岡町野中９９７番地の１,6512405
2140001115228,株式会社リベルダ,兵庫県,神戸市西区,春日台４丁目１１番地の１１,6512276
2140001115723,株式会社グラウンド・マシナリー・サービス,兵庫県,神戸市西区,平野町中津門出２４９０番地１,6512257
2140001115921,株式会社アイ工業,兵庫県,神戸市西区,井吹台東町６丁目１４番地の９,6512242
2140001116267,株式会社ＴＳＣ,兵庫県,神戸市西区,平野町中津７００番地,6512257
2140001116473,株式会社Ａｃｏｒｎ,兵庫県,神戸市西区,糀台３丁目１６番地の９,6512273
2140001116531,株式会社ｌｉｔ　ｊａｐａｎ,兵庫県,神戸市西区,学園西町３丁目１番,6512103
2140001116993,株式会社Ｓプランニング,兵庫県,神戸市西区,伊川谷町有瀬１１５０番地の３,6512113
2140001117554,株式会社神戸うなぎ淡水,兵庫県,神戸市西区,櫨谷町福谷７３０番地の４１,6512233
2140001117694,株式会社アイらく,兵庫県,神戸市西区,玉津町水谷２０１番地２カルディアビル３階,6512121
2140001118668,株式会社フルハウスミル,兵庫県,神戸市西区,学園西町７丁目３番地７２４−１０３号,6512103
2140001118767,株式会社エスバイシー,兵庫県,神戸市西区,学園西町４丁目９番地の４,6512103
2140001119105,株式会社プログレスサービス,兵庫県,神戸市西区,押部谷町木幡８８番地の３,6512221
2140001120797,アクア・プロ株式会社,兵庫県,神戸市西区,玉津町小山４３１番地Ｂ−１２号,6512144
2140001121052,信連ビジネスセンター株式会社,兵庫県,神戸市西区,学園東町２丁目１番地の１,6512102
2140001121259,株式会社グロー,兵庫県,神戸市西区,池上２丁目３９番地７グランドメゾン池上ＩＩ一階,6512111
2140001121449,株式会社ＴＲＫ,兵庫県,神戸市西区,北山台２丁目１３番２号,6512215
2140001121531,株式会社ＭＥＴＡＬ　ＦＲＥＥＤ,兵庫県,神戸市西区,岩岡町岩岡１２０４番地の１,6512401
2140001121647,スマＬＡＢ株式会社,兵庫県,神戸市西区,櫨谷町長谷８３−１１,6512235
2140001121928,好日工房株式会社,兵庫県,神戸市西区,白水２丁目７番３号,6512129
2140001122109,ＫＮサービス株式会社,兵庫県,神戸市西区,玉津町西河原３８２番地,6512127
2140001122587,株式会社阪神工作所,兵庫県,神戸市西区,見津が丘２丁目１番地６,6512228
2140001123305,オーエスオートグラス株式会社,兵庫県,神戸市西区,竜が岡５丁目５番地の８,6512412
2140001123742,株式会社ＫＯＡＴＯＡ,兵庫県,神戸市西区,狩場台２丁目１６番地の４,6512272
2140001123833,恒縁株式会社,兵庫県,神戸市西区,井吹台北町４丁目６２番１号,6512244
2140001123882,奏ワークス株式会社,兵庫県,神戸市西区,北別府４丁目１４−４−２０１,6512117
2140001124369,株式会社トラスト建機,兵庫県,神戸市西区,白水１丁目３番１５号,6512129
2140001124427,株式会社ＳＰＤコンテナ,兵庫県,神戸市西区,神出町田井１３２０番地の５８,6512313
2140001124831,株式会社Ｌａ　ｃａｓａ　ｄｅ　ｍａｍｉ,兵庫県,神戸市西区,北別府３丁目２２−６,6512117
2140001125243,ＤＸホールディングス株式会社,兵庫県,神戸市西区,水谷３丁目１３番１３号,6512121
2140001125276,株式会社リベルテオフィス,兵庫県,神戸市西区,北別府５丁目２４番８号,6512117
2140001125458,株式会社真田電気,兵庫県,神戸市西区,秋葉台２丁目１番地の３２４,6512224
2140001125482,株式会社Ｄｉｌｅｔｔｏ,兵庫県,神戸市西区,南別府２丁目２番地の１３,6512116
2140001125854,株式会社ｍｏｍｏｋｉｃｈｉ,兵庫県,神戸市西区,王塚台７丁目１０３番地,6512135
2140001126662,日本道路安全株式会社,兵庫県,神戸市西区,伊川谷町有瀬１５０６番地の１,6512113
2140001126893,株式会社ＭＩＮＯＬＩＮＯ,兵庫県,神戸市西区,櫨谷町栃木１３８番地の１,6512236
2140001127306,株式会社オーテック,兵庫県,神戸市西区,玉津町出合２４７−１ブルースカイＦ１０１号,6512137
2140001128139,神戸不動産株式会社,兵庫県,神戸市西区,竜が岡１丁目１５−３,6512412
2140001128329,株式会社Ｋ’ｚ,兵庫県,神戸市西区,玉津町居住２７１番地の１−３０６,6512145
2140001129475,取付検査機関株式会社,兵庫県,神戸市西区,伊川谷町井吹２０２番地,6512106
2140001129541,株式会社ひとてまひとてま,兵庫県,神戸市西区,狩場台５丁目９番地の１６,6512272
2140001129715,株式会社リタ,兵庫県,神戸市西区,天王山２５番地の６,6512123
2140001130276,見津が丘不動産株式会社,兵庫県,神戸市西区,見津が丘２丁目１番８号,6512228
2140001130978,株式会社Ｏ・Ｇ・Ｗ,兵庫県,神戸市西区,伊川谷町有瀬１５１２番地６,6512113
2140001131019,株式会社ゴルシー,兵庫県,神戸市西区,竜が岡４丁目７番地の１９,6512412
2140001131373,株式会社やさしい花,兵庫県,神戸市西区,南別府１丁目２１番１号Ａ−５階,6512116
2140001131456,株式会社Ｒｅｉ,兵庫県,神戸市西区,神出町東１０２８−４,6512311
2140001132462,株式会社ビィーウォータァー,兵庫県,神戸市西区,伊川谷町前開１１６４−１８,6512108
2140001132710,株式会社Ｓ＆Ｎ,兵庫県,神戸市西区,押部谷町高和６７０番地,6512204
2140001133139,株式会社Ｓｔａｙ　Ｇｏｌｄ．,兵庫県,神戸市西区,枝吉４丁目１２０,6512133
2140001133535,株式会社信洸,兵庫県,神戸市西区,伊川谷町有瀬１２９２−１６,6512113
2140001133790,株式会社ｍｙｓ,兵庫県,神戸市西区,井吹台東町４丁目１８番地１０−３０３号,6512242
2140001133816,Ｓｔｒｏｎｇ＆Ｋｉｎｄ株式会社,兵庫県,神戸市西区,桜が丘西町２丁目２０番地の１７,6512227
2140001134244,いついエージェント株式会社,兵庫県,神戸市西区,前開南町２丁目１０−８サンヴェール学園１０７,6512109
2140001134277,兵庫ウイングス株式会社,兵庫県,神戸市西区,神出町北宮垣内４８４番地の２,6512332
2140001134475,九曜Ｃｏｒｐｏｒａｔｉｏｎ株式会社,兵庫県,神戸市西区,白水２丁目１９番１号,6512129
2140001134830,空き家有効活用株式会社,兵庫県,神戸市西区,丸塚１丁目２２番１９号,6512143
2140001135011,株式会社Ｍ　Ｃｏｎｎｅｃｔ,兵庫県,神戸市西区,枝吉４丁目１９１番地の１,6512133
2140001135481,ＡＴオフィス株式会社,兵庫県,神戸市西区,学園東町４丁目１３番地の１２,6512102
2140001135507,株式会社ＯｎｅＯｎｅＯｎｅレインボー,兵庫県,神戸市西区,狩場台１丁目５０番地の４,6512272
2140001135804,リュウチャオジャパン株式会社,兵庫県,神戸市西区,竹の台６丁目３番地１２３号,6512274
2140001136018,株式会社カーフレッシュサービス,兵庫県,神戸市西区,北山台３丁目２番１８号,6512215
2140001136042,株式会社車の磨き屋さん,兵庫県,神戸市西区,天王山３−７,6512123
2140001136273,株式会社コピバリジャパン,兵庫県,神戸市西区,枝吉４丁目３番地５０３,6512133
2140001136661,株式会社グラウンドファイブ,兵庫県,神戸市西区,平野町芝崎３３１−２,6512254
2140001136694,株式会社輝土木工業,兵庫県,神戸市西区,中野２丁目１３番１８号,6512136
2140001137239,株式会社ＣＯＣＯＲＯＭｅ,兵庫県,神戸市西区,井吹台東町２丁目１番地２−４０１号,6512242
2140001137453,株式会社Ｓ‐ＡＣＴ,兵庫県,神戸市西区,白水１丁目３２番１３号,6512129
2140001137899,ＤＷＳホールディングス株式会社,兵庫県,神戸市西区,見津が丘１丁目１５番地,6512228
2140001138071,株式会社ＤＯＴｓ,兵庫県,神戸市西区,水谷３丁目１３番１３号,6512121
2140001138113,海と山の街引越しサービス株式会社,兵庫県,神戸市西区,伊川谷町有瀬１２９２番地の２１,6512113
2140001138195,Ｒｅ　Ｍｏｒｅ　Ｊａｐａｎ株式会社,兵庫県,神戸市西区,狩場台４丁目１９番地の１２,6512272
2140001138567,ニコッテ不動産株式会社,兵庫県,神戸市西区,学園西町５丁目８番地の１、５２９−１０４号,6512103
2140001138633,株式会社ＫＯＢＥＥ,兵庫県,神戸市西区,押部谷町西盛６２２−１,6512202
2140001138724,ちきゅうたがやす株式会社,兵庫県,神戸市西区,今寺３３番地の１５クローバメゾン伊川谷２０２号,6512114
2140001139268,株式会社みどりの風農園,兵庫県,神戸市西区,伊川谷町別府１８００番地の８,6512115
2140001139623,株式会社ナチュラルライフ,兵庫県,神戸市西区,井吹台東町１丁目２４番地の７,6512242
2140001139631,株式会社ＧＩＶＥ＆ＧＩＶＥ,兵庫県,神戸市西区,伊川谷町有瀬３６番地の１２,6512113
2140001139680,株式会社ＲＥＸＩＡＬＩＮＥ,兵庫県,神戸市西区,伊川谷町有瀬１４１３番地の３,6512113
2140001139788,株式会社慈粋,兵庫県,神戸市西区,玉津町高津橋１３４番地の１−Ｆ−２号,6512122
2140001139821,株式会社ＡＬＲＤ,兵庫県,神戸市西区,岩岡町岩岡２６７１番地の１,6512401
2140001140176,Ｈｏｖｅｒｌａｎｄ株式会社,兵庫県,神戸市西区,学園東町６丁目１７−５,6512102
2140001140473,株式会社幸智,兵庫県,神戸市西区,北別府３丁目１９番地の４,6512117
2140001140663,株式会社雅彩,兵庫県,神戸市西区,和井取１０番８号,6512120
2140001140795,株式会社富田自動車,兵庫県,神戸市西区,岩岡町岩岡２１７３番地の３,6512401
2140001140944,ＡＣＴ　ＳＥＲＶＩＣＥ株式会社,兵庫県,神戸市西区,池上４丁目２番地の１０リバーサイド岡田１０３,6512111
2140001141471,株式会社エコ,兵庫県,神戸市西区,玉津町高津橋６３６番地１,6512122
2140001141505,株式会社ルミネックスグループ,兵庫県,神戸市西区,春日台３丁目１番地５−３０１号,6512276
2140001141868,株式会社秦工業,兵庫県,神戸市西区,玉津町今津１８９番地の６メルシーキャット１０３号,6512128
2140001142445,株式会社プライムｈｏｍｅ,兵庫県,神戸市西区,伊川谷町有瀬１０５９番地の８,6512113
2140002004561,株式会社サンショク,兵庫県,神戸市西区,平野町中津字北川５８９番地の１０,6512257
2140002005469,株式会社リバティ,兵庫県,神戸市西区,池上２丁目２１番地の５,6512111
2140002008455,株式会社久保鉄工所,兵庫県,神戸市西区,美賀多台２丁目１１番地の１０,6512277
2140002023025,総合産業株式会社,兵庫県,神戸市西区,玉津町水谷４１０,6512121
2140002023883,株式会社関西マテリアル,兵庫県,神戸市西区,竜が岡５丁目２４番地１２,6512412
2140002028016,株式会社丸昌,兵庫県,神戸市西区,持子１丁目１１６番地の２,6512131
2140003005427,株式会社ユーズ,兵庫県,神戸市西区,神出町東１１６２−２３,6512311
3010001214685,浜田コーポレーション株式会社,兵庫県,神戸市西区,見津が丘２丁目２番地の１,6512228
3010901024003,Ｄｅｃｏｒａ　Ｅｓｔ株式会社,兵庫県,神戸市西区,玉津町小山５９０,6512144
3011001097336,株式会社エルキャピタン,兵庫県,神戸市西区,糀台５丁目６番３号,6512273
3011501017990,オーシャンブリッジ・マネジメント・ジャパン株式会社,兵庫県,神戸市西区,学園東町２丁目４番−Ｃ１０１号,6512102
3120001144632,神戸養鰻株式会社,兵庫県,神戸市西区,今寺３３番地の１５,6512114
3120001182129,Ｂｅａｕｔｙ　Ｓｔｙｌｅ株式会社,兵庫県,神戸市西区,大津和２丁目４−１３−１０１,6512112
3120001189405,株式会社ニューウエイブ商行,兵庫県,神戸市西区,学園西町４丁目１、２−０４,6512103
3120101047801,株式会社清鈴,兵庫県,神戸市西区,上新地２丁目２７番９号,6512411
3130001006831,辻建設工業株式会社,兵庫県,神戸市西区,大津和１丁目６番地の２,6512112
3140001002945,愛水工業株式会社,兵庫県,神戸市西区,櫨谷町寺谷１２４２番地の１１８神戸ハイテクイースト工場１０２号,6512231
3140001004371,株式会社アイデン,兵庫県,神戸市西区,見津が丘２丁目２番３,6512228
3140001004396,アカシブレーキ株式会社,兵庫県,神戸市西区,玉津町今津６３３の３,6512128
3140001004421,安部電気工事株式会社,兵庫県,神戸市西区,伊川谷町布施畑８３３番地の１,6512101
3140001004462,伊万里建材株式会社,兵庫県,神戸市西区,玉津町上池２５５−１,6512126
3140001004487,株式会社漆山企画,兵庫県,神戸市西区,伊川谷町有瀬３１８番地,6512113
3140001004537,株式会社大塚石油,兵庫県,神戸市西区,平野町西戸田６５９番地の２,6512267
3140001004553,尾崎食品株式会社,兵庫県,神戸市西区,今寺３７番地の１６,6512114
3140001004578,関西建設工業株式会社,兵庫県,神戸市西区,大津和１丁目６番地の２,6512112
3140001004611,かんば木材株式会社,兵庫県,神戸市西区,神出町北３４４番地の４,6512332
3140001004636,近畿特殊整機株式会社,兵庫県,神戸市西区,大津和３丁目５番地の２,6512112
3140001004652,木村建設工業株式会社,兵庫県,神戸市西区,岩岡町古郷１８７８番地,6512404
3140001004660,キュウ．アンド．エス株式会社,兵庫県,神戸市西区,長畑町７−７４,6512148
3140001004685,黒田電機株式会社,兵庫県,神戸市西区,伊川谷町有瀬６４９番地,6512113
3140001004702,株式会社コーセイ,兵庫県,神戸市西区,平野町大畑５２９番地,6512264
3140001004710,株式会社コーピア,兵庫県,神戸市西区,北別府５丁目３４番地の３,6512117
3140001004719,コクサイペツトフード株式会社,兵庫県,神戸市西区,玉津町出合３２９番地,6512137
3140001004743,株式会社小松技研工業,兵庫県,神戸市西区,櫨谷町長谷３８８番地の２,6512235
3140001004751,株式会社財田新聞舗,兵庫県,神戸市西区,押部谷町福住４４６番地,6512213
3140001004768,三興防水工業株式会社,兵庫県,神戸市西区,北別府５丁目３１番地の５,6512117
3140001004784,株式会社ささお花苑,兵庫県,神戸市西区,伊川谷町有瀬２５０番地,6512113
3140001004792,株式会社サトー,兵庫県,神戸市西区,上新地３丁目８番８号,6512411
3140001004801,三宝自動車株式会社,兵庫県,神戸市西区,岩岡町岩岡１０９１番地の２,6512401
3140001004826,株式会社信栄電機,兵庫県,神戸市西区,竜が岡１丁目９番地の１,6512412
3140001004834,株式会社シービーシーインタナショナル,兵庫県,神戸市西区,学園東町５丁目１番地５０１−３０２号,6512102
3140001004842,株式会社シンコーナン,兵庫県,神戸市西区,伊川谷町潤和８０１番地,6512124
3140001004875,新明鉄工株式会社,兵庫県,神戸市西区,北別府５丁目２２番地の３,6512117
3140001004883,清水電気工業株式会社,兵庫県,神戸市西区,和井取５番２１号,6512120
3140001004891,祥栄管財株式会社,兵庫県,神戸市西区,玉津町高津橋１１４番地の１,6512122
3140001004909,春秋株式会社,兵庫県,神戸市西区,神出町宝勢７７４番地,6512321
3140001004933,株式会社セイコー,兵庫県,神戸市西区,室谷２丁目７番地３,6512241
3140001004958,株式会社西北,兵庫県,神戸市西区,押部谷町木見字下山畑ノ三１０９５−２,6512223
3140001004990,第一大蔵建設株式会社,兵庫県,神戸市西区,玉津町高津橋７５８番地,6512122
3140001005015,ダイナー・ファクトリー株式会社,兵庫県,神戸市西区,水谷３丁目１番４号,6512121
3140001005064,株式会社タニガワ工業,兵庫県,神戸市西区,玉津町居住２３３番地の１,6512145
3140001005089,株式会社天王山フィールド,兵庫県,神戸市西区,神出町東１１８０番地,6512311
3140001005106,東伸工業株式会社,兵庫県,神戸市西区,神出町古神９１０番地の８,6512302
3140001005114,東洋グリーン興産株式会社,兵庫県,神戸市西区,玉津町田中８４番地,6512147
3140001005122,徳永石油株式会社,兵庫県,神戸市西区,玉津町今津１７８番地の１,6512128
3140001005130,株式会社富永組,兵庫県,神戸市西区,玉津町出合２０５番地の４,6512137
3140001005139,株式会社ナガシマ建築企画,兵庫県,神戸市西区,伊川谷町有瀬７３０番地の６,6512113
3140001005147,株式会社ナカツ電子工業,兵庫県,神戸市西区,平野町中津３３番地,6512257
3140001005155,鍋島重機株式会社,兵庫県,神戸市西区,桜が丘西町３丁目１番地の１４,6512227
3140001005163,株式会社西神戸工業,兵庫県,神戸市西区,水谷１丁目１９番２５号,6512121
3140001005171,仁志起興業株式会社,兵庫県,神戸市西区,池上４丁目２６番地の９,6512111
3140001005196,株式会社ノセダ,兵庫県,神戸市西区,枝吉４丁目３番地１０、３０６号,6512133
3140001005205,株式会社ハイネリー,兵庫県,神戸市西区,福吉台２丁目１０番１３号,6512413
3140001005213,阪神機器株式会社,兵庫県,神戸市西区,伊川谷町潤和字一ノ坪７４５番地,6512124
3140001005221,株式会社パシフィック商会,兵庫県,神戸市西区,伊川谷町有瀬１３５２番地の２,6512113
3140001005246,樋口鋼業株式会社,兵庫県,神戸市西区,見津が丘２丁目３番地の８,6512228
3140001005254,株式会社ヒノキ,兵庫県,神戸市西区,伊川谷町前開１９７７番地,6512108
3140001005279,株式会社フィッシャーボート,兵庫県,神戸市西区,春日台３丁目３番地,6512276
3140001005287,株式会社藤岡石油店,兵庫県,神戸市西区,押部谷町栄９３番地,6512211
3140001005295,富士建設工業株式会社,兵庫県,神戸市西区,玉津町今津５９６番地,6512128
3140001005312,フジモト通商株式会社,兵庫県,神戸市西区,森友４丁目７８番地,6512132
3140001005337,株式会社細川鉄工所,兵庫県,神戸市西区,岩岡町野中福吉５２８番地の１２,6512405
3140001005353,正木電気株式会社,兵庫県,神戸市西区,枝吉１丁目７０番地,6512133
3140001005361,松原運輸建材株式会社,兵庫県,神戸市西区,櫨谷町長谷２２７番地,6512235
3140001005386,水田地所株式会社,兵庫県,神戸市西区,王塚台２丁目１０番・Ｂ１０１,6512135
3140001005394,港建設株式会社,兵庫県,神戸市西区,平野町常本１番地の５７,6512263
3140001005428,株式会社メディコム,兵庫県,神戸市西区,森友４丁目１４番地,6512132
3140001005444,株式会社トゥエンティワン,兵庫県,神戸市西区,上新地１丁目１３番地の５,6512411
3140001005452,ヤノ電器株式会社,兵庫県,神戸市西区,平野町中津字角屋３１２,6512257
3140001005469,株式会社山本工作所,兵庫県,神戸市西区,高塚台３丁目２番３２号,6512271
3140001005493,株式会社吉井管工業所,兵庫県,神戸市西区,枝吉４丁目１２０番地１,6512133
3140001005535,株式会社ループ,兵庫県,神戸市西区,桜が丘東町１丁目１２番地の８,6512225
3140001005543,株式会社六甲製作所,兵庫県,神戸市西区,森友３丁目１４番地,6512132
3140001005551,株式会社神戸興業運送,兵庫県,神戸市西区,玉津町水谷５５７番地の１０,6512121
3140001005576,株式会社神戸タフ興産,兵庫県,神戸市西区,白水３丁目１番２０号,6512129
3140001005601,神戸リサーチ・アンド・デベロップメント株式会社,兵庫県,神戸市西区,室谷２丁目２番６号,6512241
3140001005618,株式会社アドバンス,兵庫県,神戸市西区,上新地１丁目３番地の１３,6512411
3140001005634,兵庫無線株式会社,兵庫県,神戸市西区,上新地３丁目９番地の２,6512411
3140001006277,株式会社ウィンディー,兵庫県,神戸市西区,竹の台３丁目１３番５号,6512274
3140001006871,株式会社関西プロジェクト,兵庫県,神戸市西区,伊川谷町有瀬１１１１−２,6512113
3140001007052,株式会社近畿商事,兵庫県,神戸市西区,見津が丘１丁目３番地の１０,6512228
3140001007465,株式会社幸栄,兵庫県,神戸市西区,櫨谷町長谷８３番２３,6512235
3140001007993,株式会社三宮クリーニング,兵庫県,神戸市西区,池上３丁目１番地の４,6512111
3140001008570,株式会社シンワ,兵庫県,神戸市西区,持子２丁目１２４番地,6512131
3140001008752,西武リース株式会社,兵庫県,神戸市西区,糀台３丁目２７番地の５有限会社ケイワイ内,6512273
3140001009676,株式会社セリオ,兵庫県,神戸市西区,伊川谷町有瀬４２７−１０,6512113
3140001010832,株式会社ボサコーポレーション,兵庫県,神戸市西区,長畑町２８６番地の１４,6512148
3140001011962,神戸漁具株式会社,兵庫県,神戸市西区,見津が丘２丁目４番１０号,6512228
3140001012754,株式会社関西ハウジング,兵庫県,神戸市西区,糀台３丁目４番地の３,6512273
3140001012837,株式会社近畿製作所,兵庫県,神戸市西区,高塚台３丁目２番地の４,6512271
3140001013257,嶋本ダイカスト株式会社,兵庫県,神戸市西区,見津が丘２丁目３番地６,6512228
3140001013959,株式会社ピヨ,兵庫県,神戸市西区,宮下１丁目２番１５号,6512146
3140001015022,株式会社ササキモトニクス,兵庫県,神戸市西区,玉津町高津橋２８０−１５,6512122
3140001015113,助川化学株式会社,兵庫県,神戸市西区,室谷２丁目７番１０号,6512241
3140001016284,株式会社杉山工務店,兵庫県,神戸市西区,櫨谷町長谷８３−１４４,6512235
3140001016383,ダイニチ・コンストラクション株式会社,兵庫県,神戸市西区,玉津町今津１６９番地の１,6512128
3140001016441,株式会社田中鉄工所,兵庫県,神戸市西区,伊川谷町潤和１１０３番地の１,6512124
3140001016490,東王精機工業株式会社,兵庫県,神戸市西区,糀台５丁目５番地の１・８０５号,6512273
3140001016697,ビオフェルミン製薬株式会社,兵庫県,神戸市西区,井吹台東町７丁目３番地の４,6512242
3140001016739,株式会社福井鉄工所,兵庫県,神戸市西区,見津が丘１丁目８番１号,6512228
3140001017885,フジテレホン株式会社,兵庫県,神戸市西区,池上２丁目３９番９,6512111
3140001018181,碇本工業株式会社,兵庫県,神戸市西区,神出町古神字上郷９１０番地の１５５,6512302
3140001018520,誠南工業株式会社,兵庫県,神戸市西区,学園東町１丁目４番地、１０２−９０４号,6512102
3140001019064,株式会社日産アプリーテ神戸,兵庫県,神戸市西区,学園西町２丁目１番地の４,6512103
3140001019196,株式会社新和建設,兵庫県,神戸市西区,糀台３丁目１９番地の３,6512273
3140001019519,株式会社播磨電子設計,兵庫県,神戸市西区,岩岡町野中２２５番地,6512405
3140001020063,シンクレア・アンド・ラッシュ株式会社,兵庫県,神戸市西区,井吹台東町１丁目１番１,6512242
3140001020187,株式会社平野ロジスティクス,兵庫県,神戸市西区,見津が丘３丁目１番地の６,6512228
3140001020352,信連オフィスサービス株式会社,兵庫県,神戸市西区,学園東町２丁目１番地の１,6512102
3140001020575,ホームネット・トラスト株式会社,兵庫県,神戸市西区,岩岡町岩岡６５４番地の２２８,6512401
3140001020658,株式会社日本クリーン,兵庫県,神戸市西区,竜が岡２丁目２番地の１８,6512412
3140001020757,株式会社イメージ,兵庫県,神戸市西区,平野町芝崎３４３番地の１,6512254
3140001020971,ケイ総合建設株式会社,兵庫県,神戸市西区,押部谷町西盛６０７番地の１,6512202
3140001021227,ファイナンシャル・プランナーズスタッフ株式会社,兵庫県,神戸市西区,北別府３丁目１５００番,6512117
3140001021557,協和製工株式会社,兵庫県,神戸市西区,平野町中津６６０−８,6512257
3140001021573,株式会社ジェイエヌ,兵庫県,神戸市西区,神出町池田７９番地の７,6512333
3140001021689,株式会社みどりホーム,兵庫県,神戸市西区,森友４丁目１２番地,6512132
3140001021821,株式会社神戸クリーンランド,兵庫県,神戸市西区,伊川谷町布施畑１０５７番地の１,6512101
3140001021920,美津村株式会社,兵庫県,神戸市西区,見津が丘１丁目２番地の１０,6512228
3140001022092,株式会社ファミリートラベル,兵庫県,神戸市西区,井吹台東町１丁目１番地セリオ,6512242
3140001022968,株式会社立成化学工業所,兵庫県,神戸市西区,玉津町居住２４４番地の２,6512145
3140001023025,株式会社アトラステクノサービス,兵庫県,神戸市西区,神出町広谷４０７−２,6512331
3140001023124,株式会社平和トレーディング商会,兵庫県,神戸市西区,伊川谷町潤和１４４１番地の２,6512124
3140001023289,ソフテックスジャパン株式会社,兵庫県,神戸市西区,高塚台３丁目２番地５２,6512271
3140001023611,ガス風呂住宅設備株式会社,兵庫県,神戸市西区,伊川谷町有瀬１４番地の２１,6512113
3140001024667,セイシンケミカル株式会社,兵庫県,神戸市西区,大津和３丁目１−１０−５０５,6512112
3140001024948,プロスタッフ株式会社,兵庫県,神戸市西区,玉津町高津橋２８０番地の１７,6512122
3140001025070,株式会社葬儀サポート２４,兵庫県,神戸市西区,池上１丁目１２番１,6512111
3140001025087,株式会社大洋エンジニアリング,兵庫県,神戸市西区,上新地１丁目１番地の６,6512411
3140001025145,株式会社ＭＫ・ＫＯＢＥ,兵庫県,神戸市西区,岩岡町岩岡８９７番地の５,6512401
3140001025293,株式会社住環境サービス,兵庫県,神戸市西区,美穂が丘２丁目３番地の１,6512216
3140001025302,株式会社栄工業,兵庫県,神戸市西区,伊川谷町井吹淡路隠１２４４番７,6512106
3140001025574,赤松ロジスティクス株式会社,兵庫県,神戸市西区,岩岡町岩岡２０４８番地,6512401
3140001025665,株式会社金沢商事,兵庫県,神戸市西区,水谷３丁目１３番２０号,6512121
3140001025772,株式会社ＪＭインフィニティ,兵庫県,神戸市西区,樫野台５丁目３番地,6512275
3140001025814,株式会社近藤農産,兵庫県,神戸市西区,神出町宝勢１３５４番地,6512321
3140001026052,株式会社岡部運送,兵庫県,神戸市西区,井吹台西町８丁目２番地の２・１１７号,6512243
3140001026077,株式会社輝,兵庫県,神戸市西区,小山２丁目１０番８号,6512144
3140001026093,カタルシア株式会社,兵庫県,神戸市西区,大津和１丁目４番地の４ロイヤルヒル２番館７０３号,6512112
3140001026192,株式会社Ｏｆｆｉｃｅこうへい,兵庫県,神戸市西区,学園西町７丁目１番地７４０−１００２号,6512103
3140001026218,株式会社ワイズ,兵庫県,神戸市西区,井吹台西町６丁目１９番地の３,6512243
3140001026291,株式会社エージェントシステム,兵庫県,神戸市西区,南別府４丁目２１１番地の１Ｈ−２０３号,6512116
3140001026473,神戸瑞穂本舗株式会社,兵庫県,神戸市西区,王塚台１丁目４０,6512135
3140001026688,瑞穂ＲＥＳＴカンパニー株式会社,兵庫県,神戸市西区,森友１丁目１２０番地の１,6512132
3140001026960,株式会社山陽コンストラクション,兵庫県,神戸市西区,北別府５丁目３１番４,6512117
3140001027042,ジャパンレントオール株式会社,兵庫県,神戸市西区,玉津町高津橋４６７番地１,6512122
3140001027050,株式会社エーエフ・サプライズ,兵庫県,神戸市西区,王塚台６丁目２番地,6512135
3140001027059,株式会社タイタンジャパン,兵庫県,神戸市西区,玉津町高津橋２８０番１６,6512122
3140001027133,株式会社セラピット,兵庫県,神戸市西区,前開南町２丁目１３−５,6512109
3140001027661,株式会社アクセル,兵庫県,神戸市西区,伊川谷町前開９２３番地４,6512108
3140001027728,株式会社アサヒインプレス,兵庫県,神戸市西区,秋葉台３丁目６−１０,6512224
3140001027835,株式会社ＬＩＯＮ　ＪＡＰＡＮ,兵庫県,神戸市西区,押部谷町高和６８５番地１,6512204
3140001028049,株式会社ＱＯＬ,兵庫県,神戸市西区,北別府３丁目２２番地３号,6512117
3140001028081,株式会社神戸グリーン,兵庫県,神戸市西区,櫨谷町寺谷１２４２番地の５５,6512231
3140001028354,株式会社こねくと,兵庫県,神戸市西区,美賀多台４丁目２０番地の１８,6512277
3140001028478,株式会社Ｆ’ｓ,兵庫県,神戸市西区,伊川谷町有瀬１５１２−６レジデンスｉ１Ｆ,6512113
3140001028552,株式会社タカツキコーポレーション,兵庫県,神戸市西区,池上２丁目２５番地の１１,6512111
3140001028817,株式会社立栄運輸,兵庫県,神戸市西区,伊川谷町潤和字北横尾２３８番地の３９１,6512124
3140001029071,株式会社マーシャルトレーディング,兵庫県,神戸市西区,前開南町１丁目５番２４号,6512109
3140001029170,株式会社灰谷健次郎事務所,兵庫県,神戸市西区,狩場台２丁目１６番地の１３,6512272
3140001029336,株式会社ディー・ダブル・シー,兵庫県,神戸市西区,伊川谷町有瀬１４５７番地の１,6512113
3140001029352,株式会社フェルコ,兵庫県,神戸市西区,桜が丘西町２丁目８番地の１２,6512227
3140001029427,株式会社エンドレスエクスポート,兵庫県,神戸市西区,竜が岡２丁目１７番地の６,6512412
3140001029468,株式会社ティグレ,兵庫県,神戸市西区,白水２丁目４番６号,6512129
3140001029542,株式会社アルバ,兵庫県,神戸市西区,糀台５丁目２番５,6512273
3140001029559,神戸ヒューマンパワー開発株式会社,兵庫県,神戸市西区,竹の台５丁目１９番地の６９,6512274
3140001029609,株式会社精機資料社,兵庫県,神戸市西区,高塚台３丁目１番地の１２,6512271
3140001029682,株式会社神戸サウンドオブミュージック,兵庫県,神戸市西区,天が岡１番地の１,6512141
3140001029732,株式会社幸コーポレーション,兵庫県,神戸市西区,宮下３丁目２３番７−１０２号,6512146
3140001029765,株式会社ＴＯＳＨＩ　ＣＯＲＰＯＲＡＴＩＯＮ,兵庫県,神戸市西区,押部谷町木津根土１０番地の１,6512222
3140001029807,株式会社ＩＰＰ,兵庫県,神戸市西区,室谷１丁目６番１０,6512241
3140001030087,ナカイチパック株式会社,兵庫県,神戸市西区,月が丘５丁目２８番地の３,6512217
3140001030129,Ｉ．Ｓリアルエステート株式会社,兵庫県,神戸市西区,春日台３丁目２番地ＣＳ−１１０,6512276
3140001030194,株式会社タケショウ,兵庫県,神戸市西区,北別府４丁目２０９６番地の３、１０２号,6512117
3140001030310,株式会社ＮＴＳ,兵庫県,神戸市西区,水谷２丁目３番３５号,6512121
3140001030426,株式会社マイレント,兵庫県,神戸市西区,狩場台５丁目９番地の１４,6512272
3140001030533,株式会社アーチ建築工房,兵庫県,神戸市西区,櫨谷町長谷８４番地の１４８,6512235
3140001030616,株式会社ダイナフルード,兵庫県,神戸市西区,長畑町８番地の８,6512148
3140001030681,ＫＮＣ興産株式会社,兵庫県,神戸市西区,美賀多台２丁目１２番地の７,6512277
3140001030822,株式会社共友,兵庫県,神戸市西区,伊川谷町有瀬１０５８番地の８,6512113
3140001030913,株式会社バーテック,兵庫県,神戸市西区,押部谷町高和８７６番地の３,6512204
3140001031077,株式会社ＰＲＩＭＥ　ＣＡＲＥ,兵庫県,神戸市西区,伊川谷町別府９２−１,6512115
3140001031721,テンプロ株式会社,兵庫県,神戸市西区,二ツ屋２丁目１８番２０号,6512142
3140001031853,株式会社ＧＲＡＮＤ　ａｕｔｏ　ＳＡＬＯＮ,兵庫県,神戸市西区,櫨谷町福谷７６７−２,6512233
3140001031985,株式会社協同病理,兵庫県,神戸市西区,大津和２丁目７番１２号,6512112
3140001032067,株式会社ＫＥＧ,兵庫県,神戸市西区,伊川谷町有瀬２９番地の１１の２Ｆ,6512113
3140001032075,株式会社スエマツ,兵庫県,神戸市西区,神出町紫合３７８番地の１,6512334
3140001032389,学生サポートセンター株式会社,兵庫県,神戸市西区,伊川谷町有瀬４９０番地の２,6512113
3140001032455,株式会社魚たけ,兵庫県,神戸市西区,伊川谷町潤和１３０１番地の６森マンション赤羽３０２号,6512124
3140001032463,株式会社前角電気,兵庫県,神戸市西区,神出町東８９３番地の７,6512311
3140001032587,坂井化学工業株式会社,兵庫県,神戸市西区,玉津町今津１４５番地,6512128
3140001032793,株式会社プロスピット,兵庫県,神戸市西区,白水１丁目３９−１３,6512129
3140001033073,株式会社小谷興業,兵庫県,神戸市西区,水谷２丁目１６番２号,6512121
3140001033156,株式会社神戸緑化,兵庫県,神戸市西区,玉津町今津３６４番地１４,6512128
3140001033164,市交データサービス株式会社,兵庫県,神戸市西区,天王山２３番地の１４,6512123
3140001033544,株式会社シュアプロジェ,兵庫県,神戸市西区,井吹台西町４丁目１番地、１４−２０１号,6512243
3140001033882,株式会社コンチネンタル通商,兵庫県,神戸市西区,伊川谷町有瀬８１２番地の６西神戸セントポリア１号館１００３号,6512113
3140001034030,株式会社ベストフードシステム,兵庫県,神戸市西区,岩岡町古郷２５５番地の１０,6512404
3140001034071,株式会社ＴＯＷＡ,兵庫県,神戸市西区,桜が丘中町３丁目２番地の３,6512226
3140001034831,株式会社合同建設,兵庫県,神戸市西区,平野町常本１−５９,6512263
3140001037388,株式会社フジ空調,兵庫県,神戸市西区,持子３丁目５０−６,6512131
3140001037933,株式会社アンベリール,兵庫県,神戸市西区,王塚台４丁目３８番地３０３号,6512135
3140001038106,ＨＲＮホールディングス株式会社,兵庫県,神戸市西区,見津が丘３丁目１番地の６,6512228
3140001038147,株式会社メディカルサービス,兵庫県,神戸市西区,枝吉１丁目１２番地,6512133
3140001038196,株式会社西海商事,兵庫県,神戸市西区,伊川谷町有瀬１４５７−５,6512113
3140001039624,株式会社ネクストステージプロデュース,兵庫県,神戸市西区,桜が丘中町３丁目２番３号タウンセンタージョイフル４階,6512226
3140001042198,株式会社プログレッソ,兵庫県,神戸市西区,伊川谷町井吹４０４−１,6512106
3140001046117,株式会社たちばな建築,兵庫県,神戸市西区,春日台５丁目４４番３号,6512276
3140001046315,株式会社エアシストレーディング,兵庫県,神戸市西区,前開南町２丁目１４−９,6512109
3140001046447,株式会社ゼロ,兵庫県,神戸市西区,伊川谷町別府１４６,6512115
3140001047057,株式会社ワイズ・フォー・リアルティ,兵庫県,神戸市西区,玉津町小山５６１番地の１４,6512144
3140001047098,株式会社ＳＥＣ,兵庫県,神戸市西区,美穂が丘５丁目１０番地の１,6512216
3140001047107,株式会社Ｍ．テックス,兵庫県,神戸市西区,学園西町７丁目３番地・７０２−２０１号,6512103
3140001047156,株式会社ミナトモデル,兵庫県,神戸市西区,高塚台３丁目２−２１,6512271
3140001047239,株式会社共新建設,兵庫県,神戸市西区,桜が丘西町２丁目３番地の６,6512227
3140001074588,株式会社ユーエスワールド,兵庫県,神戸市西区,樫野台５丁目３番地３−４０６号,6512275
3140001077847,株式会社トータル・ライフサポート,兵庫県,神戸市西区,池上４丁目２９番地の７,6512111
3140001086476,株式会社ＹＧＭ,兵庫県,神戸市西区,樫野台５丁目３番地８−８０１号,6512275
3140001086666,株式会社前田電気,兵庫県,神戸市西区,樫野台２丁目１８番地の８,6512275
3140001086690,株式会社ｃｈａｌｅｕｒ,兵庫県,神戸市西区,玉津町西河原１４８番地の４,6512127
3140001087771,株式会社スカイアソシエイツ,兵庫県,神戸市西区,平野町向井６０番１号,6512253
3140001087978,株式会社エスメディカル・パソロジーラボ,兵庫県,神戸市西区,美賀多台４丁目２３番地の１,6512277
3140001088282,株式会社ＥＰＩＣＥ,兵庫県,神戸市西区,神出町田井９１４−９,6512313
3140001088480,株式会社ＡＣＨＩＥＶＥ,兵庫県,神戸市西区,大津和２丁目３番地の２,6512112
3140001088687,株式会社タキオンジャパン,兵庫県,神戸市西区,岩岡町岩岡２３０７番地,6512401
3140001089297,シーバス神戸株式会社,兵庫県,神戸市西区,櫨谷町寺谷１２４２−１１８神戸ハイテクイースト８０２,6512231
3140001089405,テクノライフジャパン株式会社,兵庫県,神戸市西区,宮下１丁目４番３号,6512146
3140001089479,株式会社フェルーチェコンタクト,兵庫県,神戸市西区,前開南町１丁目２番１号,6512109
3140001089611,日本教育株式会社,兵庫県,神戸市西区,狩場台２丁目６番１８号,6512272
3140001089702,株式会社ＮＥＸＴ　ＪＡＰＡＮ,兵庫県,神戸市西区,神出町五百蔵１４２番地１６２,6512303
3140001090379,羊Ｂａａ株式会社,兵庫県,神戸市西区,玉津町水谷５７９番地の６,6512121
3140001091261,株式会社ワイケー,兵庫県,神戸市西区,学園東町４丁目３２番地の１１,6512102
3140001091435,ＭＹＳ株式会社,兵庫県,神戸市西区,学園東町７丁目４３番地の５,6512102
3140001091501,株式会社ＩＣＨＩ−ＭＯＫＵ,兵庫県,神戸市西区,持子１丁目１１６番地の２−１０３号,6512131
3140001091526,ジュニア株式会社,兵庫県,神戸市西区,南別府３丁目１０番地の２８,6512116
3140001091658,株式会社景源,兵庫県,神戸市西区,伊川谷町有瀬６９６番地の９ネオハイツ垂水１０６号,6512113
3140001091864,株式会社ＫＩＲＥＬ,兵庫県,神戸市西区,大沢２丁目６番地の１０,6512414
3140001091996,Ｈ＆Ｔ株式会社,兵庫県,神戸市西区,長畑町１５番地の８,6512148
3140001092202,株式会社キヨテック,兵庫県,神戸市西区,伊川谷町潤和１２１０番地の１３,6512124
3140001092342,株式会社リビングライフ,兵庫県,神戸市西区,竜が岡２丁目２５番地の１,6512412
3140001093290,株式会社イシカワ,兵庫県,神戸市西区,平野町中津６１２番地,6512257
3140001093316,フジモトサービス株式会社,兵庫県,神戸市西区,押部谷町高和７０３番地,6512204
3140001093497,株式会社ｓｈａｎｄｅｅｌ,兵庫県,神戸市西区,宮下１丁目１２番９号,6512146
3140001093704,オーダリーアップ株式会社,兵庫県,神戸市西区,池上３丁目６−３,6512111
3140001094009,株式会社リノベル,兵庫県,神戸市西区,前開南町１丁目１５番６号,6512109
3140001094025,株式会社Ｒｅ創,兵庫県,神戸市西区,大津和２丁目９−１ルナパルク２０２,6512112
3140001094074,株式会社坂井総合,兵庫県,神戸市西区,池上３丁目６番１１,6512111
3140001094636,株式会社冨地実オート,兵庫県,神戸市西区,神出町小束野字溝端５５１番地,6512304
3140001094834,大建工業株式会社,兵庫県,神戸市西区,北別府４丁目２０８４−１６,6512117
3140001094900,株式会社ＴＡＫＵＭＩ,兵庫県,神戸市西区,北別府４丁目１番２号,6512117
3140001094982,株式会社ピックムー,兵庫県,神戸市西区,井吹台西町３丁目３番４号,6512243
3140001095270,兵湊運輸株式会社,兵庫県,神戸市西区,丸塚２丁目３番１２号,6512143
3140001095592,株式会社セルフサポート,兵庫県,神戸市西区,王塚台５丁目１０３番地,6512135
3140001095873,株式会社スカイホーム,兵庫県,神戸市西区,王塚台７丁目２５番地,6512135
3140001096070,ＳＨ１ｓｔ株式会社,兵庫県,神戸市西区,前開南町１丁目６番９号,6512109
3140001096574,株式会社Ａｓｓｉｓｔ　ｙｏｕ,兵庫県,神戸市西区,伊川谷町有瀬２５４−２−３０５号,6512113
3140001096979,株式会社アルスターアウトモービル,兵庫県,神戸市西区,伊川谷町潤和１０７３−１,6512124
3140001097127,岩木工業株式会社,兵庫県,神戸市西区,岩岡町古郷２２４７番地１,6512404
3140001097234,株式会社ガス風呂住宅設備,兵庫県,神戸市西区,王塚台５丁目１９番地,6512135
3140001097746,株式会社ビスポークスタイル,兵庫県,神戸市西区,狩場台１丁目２５番地の１２,6512272
3140001097960,株式会社キャンパスウエスト,兵庫県,神戸市西区,学園西町１丁目１−１ユニバープラザ１階,6512103
3140001098075,株式会社ＥＸＰＬＥＴＩＯ,兵庫県,神戸市西区,上新地３丁目８番地の７,6512411
3140001098083,株式会社ワンスマイル,兵庫県,神戸市西区,神出町北７７７番地,6512332
3140001098645,株式会社アイアルケア,兵庫県,神戸市西区,玉津町水谷２０１番地２カルディアビル１階,6512121
3140001098769,株式会社三木組,兵庫県,神戸市西区,伊川谷町前開１０４３−１,6512108
3140001099040,エステックホールディングス株式会社,兵庫県,神戸市西区,森友５丁目１１３番地,6512132
3140001099321,株式会社ＯＺＲＯＣＫトータルヘルスケアコーポレーション,兵庫県,神戸市西区,神出町広谷１６５−１６２,6512331
3140001100096,株式会社ハマベ,兵庫県,神戸市西区,櫨谷町長谷２７４番地,6512235
3140001100220,ＴＹエンジニアリング株式会社,兵庫県,神戸市西区,学園東町４丁目２８番地の１２,6512102
3140001100393,和中建設株式会社,兵庫県,神戸市西区,富士見が丘５丁目５番地７,6512214
3140001100617,ＩＢＡ工業株式会社,兵庫県,神戸市西区,岩岡町古郷１１９２番地,6512404
3140001100922,株式会社ファースト技研,兵庫県,神戸市西区,竹の台６丁目６番地２−４０６号,6512274
3140001100939,株式会社ディマージュ,兵庫県,神戸市西区,櫨谷町長谷１９８番地の１,6512235
3140001100988,Ｔ’ｓリフォーム株式会社,兵庫県,神戸市西区,玉津町上池２６番地の１−１−２０５号,6512126
3140001101227,株式会社ＹＳＲ通商,兵庫県,神戸市西区,春日台３丁目１番地,6512276
3140001101334,スミテル株式会社,兵庫県,神戸市西区,竹の台２丁目８番地の２,6512274
3140001101458,秋定興産株式会社,兵庫県,神戸市西区,玉津町高津橋８３番地,6512122
3140001101499,株式会社浅田鋼業,兵庫県,神戸市西区,玉津町今津５９４番地２,6512128
3140001102084,株式会社西田工業,兵庫県,神戸市西区,北別府４丁目２０９６番地の５４,6512117
3140001102299,株式会社あきよし建築工房,兵庫県,神戸市西区,押部谷町木見１１４０−３,6512223
3140001102605,株式会社クレール,兵庫県,神戸市西区,伊川谷町長坂９７７番地の１３４,6512104
3140001103165,株式会社ＭＳＴＲＡ,兵庫県,神戸市西区,井吹台西町３丁目８番地の１１,6512243
3140001103231,株式会社ベストプレイスケア,兵庫県,神戸市西区,池上１丁目１４番地の４,6512111
3140001103446,株式会社アイホームオフィス,兵庫県,神戸市西区,美賀多台１丁目２番地Ｗ１０５号,6512277
3140001103529,株式会社ナンバーワンソリューション,兵庫県,神戸市西区,南別府１丁目１番地の１,6512116
3140001103859,株式会社天道,兵庫県,神戸市西区,池上２丁目３０番地１,6512111
3140001103982,株式会社シシオス,兵庫県,神戸市西区,玉津町上池２３３−１,6512126
3140001104072,株式会社ＺＥＮ,兵庫県,神戸市西区,高塚台３丁目２番１０号,6512271
3140001104089,株式会社大雄,兵庫県,神戸市西区,富士見が丘１丁目７−２,6512214
3140001104114,株式会社ニューランド国際,兵庫県,神戸市西区,井吹台東町２丁目１番地２−６０１号,6512242
3140001104601,吉岡工業株式会社,兵庫県,神戸市西区,岩岡町野中４７２番地の６,6512405
3140001104931,株式会社ヒカリアシスト,兵庫県,神戸市西区,玉津町新方１６７−６,6512125
3140001105418,株式会社建て家,兵庫県,神戸市西区,北別府４丁目７番地の８,6512117
3140001105541,株式会社エルファーム,兵庫県,神戸市西区,玉津町新方８５−１,6512125
3140001105921,澤田食品株式会社,兵庫県,神戸市西区,高塚台５丁目４番１５号,6512271
3140001105938,株式会社未来創造,兵庫県,神戸市西区,池上４丁目１番地の５,6512111
3140001106192,株式会社橋本海事,兵庫県,神戸市西区,枝吉４丁目２１番地５,6512133
3140001106481,株式会社八朔,兵庫県,神戸市西区,岩岡町野中１１３０番地の１,6512405
3140001107182,ＮアンドＮサービス株式会社,兵庫県,神戸市西区,玉津町今津６１８番地の１７,6512128
3140001107232,株式会社吉田,兵庫県,神戸市西区,池上２丁目９−６,6512111
3140001107447,株式会社五兵衛リーシング,兵庫県,神戸市西区,伊川谷町布施畑５７８番地,6512101
3140001107595,株式会社グリーン・ジョン・ジャパン,兵庫県,神戸市西区,伊川谷町潤和字一ノ坪７３１番地１,6512124
3140001107744,株式会社イズミ,兵庫県,神戸市西区,玉津町居住２３３番地の１,6512145
3140001107752,シェンロンハウス株式会社,兵庫県,神戸市西区,玉津町高津橋２５５番地の６アルパポンテ一番館１０５号,6512122
3140001107769,株式会社三紀ビルメンテナンス,兵庫県,神戸市西区,王塚台７丁目６９番地の１,6512135
3140001107991,株式会社海蓮丸,兵庫県,神戸市西区,持子１丁目１８８番地の７,6512131
3140001108577,上村アドバンスド・テクノロジー株式会社,兵庫県,神戸市西区,見津が丘５丁目３番１号,6512228
3140001108635,株式会社ＤＲＥＡＭ　ＨＥＡＲＴＳ,兵庫県,神戸市西区,平野町下村３７５番地の５,6512251
3140001109559,首藤設備株式会社,兵庫県,神戸市西区,上新地１丁目１６番地の１３,6512411
3140001109575,三共リース株式会社,兵庫県,神戸市西区,今寺２６番１,6512114
3140001109641,株式会社アールッシュ,兵庫県,神戸市西区,白水２丁目１７番７号,6512129
3140001109988,株式会社ＢＲＡＣＥ,兵庫県,神戸市西区,大沢２丁目１０−１３,6512414
3140001110046,株式会社横八,兵庫県,神戸市西区,伊川谷町潤和１３６３番地の８,6512124
3140001110153,株式会社エステック,兵庫県,神戸市西区,伊川谷町有瀬５７９番地の９,6512113
3140001111515,ジャパントランポ＆サービス株式会社,兵庫県,神戸市西区,玉津町高津橋４６７番地１,6512122
3140001111746,株式会社Ｋ’Ｓスペース,兵庫県,神戸市西区,伊川谷町有瀬７３３番地の１４ＣＡＲＭＩＴＡＧＥ５号,6512113
3140001111804,株式会社ＹＡカンパニー,兵庫県,神戸市西区,玉津町今津７９−１,6512128
3140001112026,帝神畜産株式会社,兵庫県,神戸市西区,見津が丘３丁目１３番１号,6512228
3140001112348,株式会社蒼凛,兵庫県,神戸市西区,神出町北４８５番地,6512332
3140001112612,株式会社羚愛設備工業,兵庫県,神戸市西区,岩岡町岩岡字宮西２８１２番地の１,6512401
3140001112868,株式会社ワイ・エム・ケイ,兵庫県,神戸市西区,狩場台１丁目１０番地の１３,6512272
3140001112876,株式会社エステート神戸西,兵庫県,神戸市西区,王塚台７丁目３５−１−１０４,6512135
3140001113180,三浦牧場株式会社,兵庫県,神戸市西区,伊川谷町井吹６０２番地,6512106
3140001114311,株式会社ＡＯＫＩ　ＣＯＳＭＥＴＩＣＳ,兵庫県,神戸市西区,伊川谷町別府９２−１,6512115
3140001114930,Ｍ＆Ａ　ｃｏｎｓｕｌｔｉｎｇ株式会社,兵庫県,神戸市西区,伊川谷町有瀬２９番地の１１,6512113
3140001115524,エイジングハウス株式会社,兵庫県,神戸市西区,秋葉台２丁目１−１６６,6512224
3140001115565,クリプトグラフ株式会社,兵庫県,神戸市西区,井吹台西町６丁目２３番地の３,6512243
3140001115838,株式会社ＴＨＲＥＥＴＲＥＥＳ,兵庫県,神戸市西区,学園東町４丁目３６番地の８,6512102
3140001115895,エイチホールディングス株式会社,兵庫県,神戸市西区,大津和２丁目１０番地の１６,6512112
3140001116068,株式会社Ａ＆Ｊ総合研究所,兵庫県,神戸市西区,桜が丘中町５丁目２番７号,6512226
3140001116316,株式会社ＥＡＳＴ,兵庫県,神戸市西区,森友５丁目２６−２,6512132
3140001116415,イーエムアール株式会社,兵庫県,神戸市西区,樫野台５丁目３番地４−９０２号,6512275
3140001116687,株式会社リラックス,兵庫県,神戸市西区,伊川谷町前開１０５０番地１,6512108
3140001117223,株式会社Ｂｅ　Ｕｐｄａｔｅ,兵庫県,神戸市西区,池上１丁目９−５エスペランサ池上２０７号室,6512111
3140001117322,トラストテック株式会社,兵庫県,神戸市西区,白水２丁目６番１号プレアール白水２０２,6512129
3140001117504,株式会社タカコーポレーション,兵庫県,神戸市西区,伊川谷町有瀬１０４６番地の１−７０７号,6512113
3140001117801,株式会社粟津工業,兵庫県,神戸市西区,玉津町今津１０１番地の３,6512128
3140001117909,株式会社福本工業,兵庫県,神戸市西区,月が丘５丁目１９番地の３,6512217
3140001117990,株式会社リアン動物病院,兵庫県,神戸市西区,北別府４丁目２１番地の３,6512117
3140001118171,ＫＩＫＫＡ　ＨＯＭＥ　ＤＥＳＩＧＮＩＮＧ株式会社,兵庫県,神戸市西区,春日台５丁目２７番地の２３,6512276
3140001118782,株式会社ＴＫスマイル,兵庫県,神戸市西区,持子３丁目１０８番カミーリア神戸西,6512131
3140001119120,株式会社第一電気,兵庫県,神戸市西区,井吹台東町５丁目６０番地の２２,6512242
3140001119252,株式会社小吉,兵庫県,神戸市西区,宮下３丁目２２番２１号,6512146
3140001120367,株式会社けんま,兵庫県,神戸市西区,平野町中津６１２,6512257
3140001120474,株式会社セカンドデザイン,兵庫県,神戸市西区,月が丘５丁目１番１号月が丘センター店舗１０３区画,6512217
3140001120986,株式会社Ｒｅ−Ｋｏｂｅ,兵庫県,神戸市西区,伊川谷町有瀬４８番地の１１,6512113
3140001121084,ｙ，ｓ　Ｐｒｏｄｕｃｅ株式会社,兵庫県,神戸市西区,北山台２丁目４番１０号,6512215
3140001121150,株式会社ジーエフガーデン,兵庫県,神戸市西区,井吹台東町３丁目２番地８−１０３号,6512242
3140001121596,株式会社ＡＹｕＫａ．ＳＴ,兵庫県,神戸市西区,曙町２３番地,6512134
3140001121679,株式会社Ｓｑｏｏｗ,兵庫県,神戸市西区,岩岡町古郷１９８８番地１,6512404
3140001121844,平崎自動車株式会社,兵庫県,神戸市西区,岩岡町野中１７９番地の１,6512405
3140001121852,株式会社ＫＲＭ,兵庫県,神戸市西区,伊川谷町井吹字花折１１６０,6512106
3140001122058,株式会社福岡不動産,兵庫県,神戸市西区,玉津町居住２３１番地,6512145
3140001123048,株式会社庭ファン,兵庫県,神戸市西区,北別府２丁目９番地の３,6512117
3140001123279,株式会社ＪＹＨｂｒｏｔｈｅｒ’ｓ,兵庫県,神戸市西区,今寺４番地の４−４０１号,6512114
3140001123394,株式会社ＴＲＳ,兵庫県,神戸市西区,玉津町出合１９３番地の６,6512137
3140001123691,株式会社高倉クレーン,兵庫県,神戸市西区,神出町五百蔵１４２番地の３７２,6512303
3140001123782,株式会社サスティナＫＯＢＥ,兵庫県,神戸市西区,井吹台西町６丁目２６番地の２,6512243
3140001124095,株式会社キョウヤステック,兵庫県,神戸市西区,枝吉４丁目１８３−２枝吉辰栄倉庫−１Ｆ北,6512133
3140001125382,株式会社ＡＺＣ,兵庫県,神戸市西区,平野町中津７００番地,6512257
3140001125770,株式会社ｇａｒａｇｅ　ＲＹＵ‐ＴＥＣ,兵庫県,神戸市西区,伊川谷町布施畑４４５番１,6512101
3140001126091,Ｆ’ｓ　Ｍａｒｋｅｔ株式会社,兵庫県,神戸市西区,今寺２６番地の７,6512114
3140001126620,株式会社プラーツ,兵庫県,神戸市西区,学園東町１丁目３番地の１・１１６−５０２号,6512102
3140001126785,株式会社サクラワークス,兵庫県,神戸市西区,宮下２丁目３番７号,6512146
3140001127949,株式会社リノヴェートサービス,兵庫県,神戸市西区,伊川谷町別府９２−１−５０２,6512115
3140001128195,株式会社ＷＡ‐ＲＡ‐ＺＩ,兵庫県,神戸市西区,森友５丁目３１番地,6512132
3140001128212,株式会社ＮＯＶＵＳ,兵庫県,神戸市西区,伊川谷町有瀬１１０３−１,6512113
3140001129219,株式会社ランド,兵庫県,神戸市西区,春日台５丁目２７番地の８,6512276
3140001129276,株式会社双貴物流,兵庫県,神戸市西区,玉津町高津橋９９４番地の１４,6512122
3140001129383,ＳＳ坂井工業株式会社,兵庫県,神戸市西区,玉津町西河原２４９番地の６,6512127
3140001129747,Ｒｏｂｏｔｓ　Ｔｅｃｈ株式会社,兵庫県,神戸市西区,岩岡町野中５２８番地の２８,6512405
3140001129838,神戸ファクトリー株式会社,兵庫県,神戸市西区,見津が丘２丁目２番地の１,6512228
3140001129994,株式会社ＴＯＰ,兵庫県,神戸市西区,長畑町２２６番地,6512148
3140001130440,株式会社セナ,兵庫県,神戸市西区,持子３丁目５９−１松豊グリーン２−１０３,6512131
3140001131083,伊万里瀬戸運輸株式会社,兵庫県,神戸市西区,玉津町上池２５５−１,6512126
3140001131281,株式会社ＷＵＴＡ　ＥＳＴＡＴＥ,兵庫県,神戸市西区,竹の台５丁目３番地の１,6512274
3140001131538,株式会社レオ・フィールド,兵庫県,神戸市西区,池上２丁目２０−１,6512111
3140001131686,株式会社マイシャ,兵庫県,神戸市西区,春日台６丁目６−１,6512276
3140001131967,ステイフォート株式会社,兵庫県,神戸市西区,持子３丁目１６番地１,6512131
3140001132271,株式会社ＪＯＯＲ,兵庫県,神戸市西区,井吹台北町２丁目６番地の３,6512244
3140001132387,ＩＬ　ＳＯＬＥ株式会社,兵庫県,神戸市西区,天王山６番地の３,6512123
3140001132404,Ｓｕｎｎｙ’ｓ　Ｍａｋｅｒ１５株式会社,兵庫県,神戸市西区,樫野台３丁目２番地１１−３０２号,6512275
3140001132478,株式会社Ｍ’ｓ　Ｃｒａｆｔ,兵庫県,神戸市西区,井吹台西町４丁目２３番地の８,6512243
3140001132528,株式会社セレクトホーム,兵庫県,神戸市西区,玉津町田中５８８−１,6512147
3140001132759,株式会社エクセレント,兵庫県,神戸市西区,今寺４番地の４エクセレント今寺４０２号,6512114
3140001132791,株式会社ＳＵＧＡＲ,兵庫県,神戸市西区,池上２丁目１１番地６キャメルコート１Ｆ,6512111
3140001132833,リッケライティング株式会社,兵庫県,神戸市西区,見津が丘２丁目２番地の１,6512228
3140001133484,株式会社ＩＣＨＩＫＡ,兵庫県,神戸市西区,富士見が丘３丁目５番地の１０,6512214
3140001133542,Ｔｏｐ　Ｗａｙｓ　Ｔｒａｄｉｎｇ株式会社,兵庫県,神戸市西区,南別府１丁目６−５ローズハイツ４０１,6512116
3140001135357,株式会社Ｃ．ＢｒｉｌＬｅＲ,兵庫県,神戸市西区,井吹台北町４丁目７番地の２２,6512244
3140001136495,株式会社シシクイタイヤ,兵庫県,神戸市西区,水谷１丁目１２番４号,6512121
3140001136966,株式会社Ｃｒｅａｔｅｌａｂｏ,兵庫県,神戸市西区,玉津町高津橋２３０−３,6512122
3140001137056,株式会社星野製作所,兵庫県,神戸市西区,神出町北３５０番地の２,6512332
3140001137469,株式会社ＴＯＰ．ｃ,兵庫県,神戸市西区,平野町繁田５９３番地の２,6512262
3140001137477,株式会社イノーヴァ,兵庫県,神戸市西区,狩場台１丁目５０番地の２７,6512272
3140001137816,株式会社Ｃｒｅａｔｅ,兵庫県,神戸市西区,枝吉４丁目１３５番地フォレスト枝吉Ａ１０２号,6512133
3140001137997,株式会社神田工務店,兵庫県,神戸市西区,玉津町田中４７５番地,6512147
3140001138632,株式会社Ｇｏｏｄ　Ｒｏｕｔｅ,兵庫県,神戸市西区,北別府２丁目２番地の６,6512117
3140001139077,株式会社いえもん,兵庫県,神戸市西区,長畑町２７９番地の１,6512148
3140001139374,マッスグ株式会社,兵庫県,神戸市西区,森友４丁目９８番２号,6512132
3140001139465,株式会社Ｙ＆Ｋ,兵庫県,神戸市西区,井吹台東町３丁目１５番地の７,6512242
3140001139572,株式会社ＰａｗＬｉｎｋ,兵庫県,神戸市西区,岩岡町野中１７９番地の１,6512405
3140001141009,株式会社はなまるＨｏｍｅ,兵庫県,神戸市西区,伊川谷町有瀬３１６番地の２,6512113
3140001141140,株式会社ＡＫＺ,兵庫県,神戸市西区,井吹台北町１丁目１８番地６２４号,6512244
3140001141933,株式会社デイジィスタンド,兵庫県,神戸市西区,富士見が丘２丁目１１番地の１,6512214
3140001142254,まのあアセット株式会社,兵庫県,神戸市西区,井吹台東町４丁目１番地の４,6512242
3140001142428,株式会社ａｎｄｌｉｔ,兵庫県,神戸市西区,伊川谷町有瀬８０４番地の１９８,6512113
3140002005294,株式会社みのる製作所,兵庫県,神戸市西区,高塚台３丁目２番３２号,6512271
3140002005360,株式会社山崎工作所,兵庫県,神戸市西区,高塚台３丁目１番５１,6512271
3140002022884,株式会社エスベジ,兵庫県,神戸市西区,岩岡町野中５６４番地の５,6512405
3140002030037,株式会社ランティ,兵庫県,神戸市西区,狩場台５丁目９番地の１４,6512272
3140002030739,株式会社グローバル・アクト,兵庫県,神戸市西区,中野１丁目７番地の１３,6512136
3140002031002,株式会社鈴木建設,兵庫県,神戸市西区,富士見が丘４丁目３番地の２２,6512214
3140002038757,株式会社トランスター,兵庫県,神戸市西区,玉津町新方３１５番地,6512125
3140003004923,株式会社テスコムクリエイト,兵庫県,神戸市西区,池上４丁目１３番９号,6512111
3180001104936,株式会社Ｉ．Ｍ．ＧＲＥＥＮ,兵庫県,神戸市西区,玉津町上池２７４番地２,6512126
3480001000642,株式会社コープ有機,兵庫県,神戸市西区,見津が丘３丁目８番地の５,6512228
4010701005904,ＫＩＭＵＲＡ　Ｈｏｌｄｉｎｇｓ株式会社,兵庫県,神戸市西区,室谷２丁目２番地７,6512241
4011501028178,株式会社Ｓｅｌｆ　Ｍａｄｅ,兵庫県,神戸市西区,樫野台５丁目２−Ｃ１０２,6512275
4011601019325,株式会社アクアエース,兵庫県,神戸市西区,伊川谷町有瀬７９７−１グレイスコート５０２,6512113
4011801023432,わっぜか株式会社,兵庫県,神戸市西区,美賀多台１丁目１番地の３、１０１６号,6512277
4030001072569,株式会社ｍａｒｒｏｎｍａｒｒｏｎ,兵庫県,神戸市西区,学園東町４丁目３０番地の４,6512102
4120001178729,株式会社ＹＭＯ,兵庫県,神戸市西区,押部谷町栄２９０番地の１７,6512211
4120001241701,株式会社ＣＲＥＡＳ,兵庫県,神戸市西区,玉津町高津橋３４９番地Ｃ−５０２,6512122
4122001020119,株式会社松下パール,兵庫県,神戸市西区,玉津町出合２００番地の２,6512137
4130001034427,株式会社リーフィックス,兵庫県,神戸市西区,岩岡町岩岡１３０８番地の６,6512401
4140001002589,株式会社ミック,兵庫県,神戸市西区,見津が丘６丁目１８番１,6512228
4140001002969,朝倉酸素株式会社,兵庫県,神戸市西区,伊川谷町潤和字柿田１０３６番地１,6512124
4140001004387,明石開発株式会社,兵庫県,神戸市西区,玉津町高津橋７０３番地の１,6512122
4140001004395,株式会社明石不動産センター,兵庫県,神戸市西区,伊川谷町有瀬４９０番地の２,6512113
4140001004412,株式会社アサホリ,兵庫県,神戸市西区,櫨谷町菅野８４４番地,6512238
4140001004420,株式会社アバンティ・ボブ,兵庫県,神戸市西区,竜が岡４丁目２０番地の１１,6512412
4140001004445,株式会社イデア,兵庫県,神戸市西区,玉津町今津６０８番地,6512128
4140001004453,井上建設工業株式会社,兵庫県,神戸市西区,押部谷町高和西山ノ下６１８番地２,6512204
4140001004461,株式会社イマユー,兵庫県,神戸市西区,大津和３丁目６番４号,6512112
4140001004478,ウエストシステム株式会社,兵庫県,神戸市西区,大津和２丁目４番地の８５,6512112
4140001004486,内原工業株式会社,兵庫県,神戸市西区,伊川谷町潤和字一ノ坪７３０番地の１,6512124
4140001004494,永信電子株式会社,兵庫県,神戸市西区,宮下２丁目１番１９号,6512146
4140001004544,オーエム建工株式会社,兵庫県,神戸市西区,南別府３丁目２４番地の３,6512116
4140001004552,オグラ産業株式会社,兵庫県,神戸市西区,玉津町今津１４１番地,6512128
4140001004560,株式会社オムニネットワーク,兵庫県,神戸市西区,美賀多台１丁目９番地の２,6512277
4140001004569,関建工業株式会社,兵庫県,神戸市西区,平野町中津字大貝５７５番,6512257
4140001004577,関西機材株式会社,兵庫県,神戸市西区,大津和１丁目６番地の２,6512112
4140001004585,株式会社関西樹脂,兵庫県,神戸市西区,森友４丁目３４番地,6512132
4140001004593,関西冷蔵株式会社,兵庫県,神戸市西区,森友４丁目２５番地,6512132
4140001004619,川崎運送株式会社,兵庫県,神戸市西区,平野町常本２９３番地の３,6512263
4140001004627,株式会社川本組,兵庫県,神戸市西区,玉津町今津５７８番地,6512128
4140001004635,近畿住宅株式会社,兵庫県,神戸市西区,美賀多台６丁目３番地の２（３−１０１号）,6512277
4140001004692,株式会社ケースリー,兵庫県,神戸市西区,玉津町高津橋字岡４５３番地,6512122
4140001004701,株式会社光栄地所,兵庫県,神戸市西区,持子２丁目２６番地,6512131
4140001004718,国際飼料工業株式会社,兵庫県,神戸市西区,玉津町出合字寺田３２９番地,6512137
4140001004726,株式会社コスメックエンジニアリング,兵庫県,神戸市西区,室谷２丁目１番５号,6512241
4140001004734,五島屋建装株式会社,兵庫県,神戸市西区,伊川谷町前開１１１１番地４,6512108
4140001004759,三高工業株式会社,兵庫県,神戸市西区,森友２丁目４７番地の１,6512132
4140001004767,株式会社サカエニツト,兵庫県,神戸市西区,押部谷町栄２５２番地の２,6512211
4140001004775,サンキュー技研工業株式会社,兵庫県,神戸市西区,伊川谷町潤和字西川９６６番地の１,6512124
4140001004800,サンバース株式会社,兵庫県,神戸市西区,神出町東字丸ケ岡１１８８番地の１４７,6512311
4140001004809,株式会社山陽,兵庫県,神戸市西区,平野町堅田３３８番地,6512261
4140001004833,ジェクト株式会社,兵庫県,神戸市西区,宮下１丁目２番６号,6512146
4140001004858,新電機工業株式会社,兵庫県,神戸市西区,丸塚１丁目２５番７号,6512143
4140001004874,神明塗装株式会社,兵庫県,神戸市西区,神出町田井１２５８番地,6512313
4140001004916,株式会社しらぬい,兵庫県,神戸市西区,平野町下村６５−１,6512251
4140001004932,株式会社青幸,兵庫県,神戸市西区,玉津町高津橋６３６番地の１,6512122
4140001004940,株式会社西神アロー設備,兵庫県,神戸市西区,神出町宝勢２００１番地の１,6512321
4140001004957,株式会社西部,兵庫県,神戸市西区,平野町繁田４６９番地,6512262
4140001004965,積星プラスチック工業株式会社,兵庫県,神戸市西区,岩岡町古郷字福吉１５２８番の１,6512404
4140001004973,セムコ株式会社,兵庫県,神戸市西区,高塚台５丁目４番地の２３,6512271
4140001004981,総合建設中村興業株式会社,兵庫県,神戸市西区,水谷１丁目３番８号,6512121
4140001004998,田岡企業株式会社,兵庫県,神戸市西区,伊川谷町潤和１７２４番地,6512124
4140001005006,大伸通商株式会社,兵庫県,神戸市西区,井吹台東町７丁目５番地の４,6512242
4140001005022,株式会社ダイヤ工業,兵庫県,神戸市西区,福吉台２丁目２５番地の２０,6512413
4140001005055,株式会社辰己美装,兵庫県,神戸市西区,池上２丁目１番地の３,6512111
4140001005071,株式会社玉屋夢工房,兵庫県,神戸市西区,池上３丁目１番１１号,6512111
4140001005088,株式会社ディエスシー,兵庫県,神戸市西区,神出町小束野５３番地の１５９,6512304
4140001005121,東和産業株式会社,兵庫県,神戸市西区,王塚台７丁目３０番地,6512135
4140001005138,株式会社中島,兵庫県,神戸市西区,神出町池田３５４番地の１,6512333
4140001005146,長田梱包株式会社,兵庫県,神戸市西区,高塚台３丁目２番２９,6512271
4140001005162,西神戸機動警備株式会社,兵庫県,神戸市西区,伊川谷町有瀬５４３番地の１横山ビル２０１,6512113
4140001005179,株式会社ニッケン,兵庫県,神戸市西区,平野町印路５０６番地,6512266
4140001005195,野崎造園土木株式会社,兵庫県,神戸市西区,南別府５丁目２３４番地の２,6512116
4140001005220,阪神タンパク株式会社,兵庫県,神戸市西区,神出町宝勢字大道池尻１０３４番地の２,6512321
4140001005229,株式会社花神鉄工所,兵庫県,神戸市西区,岩岡町野中５４０番地の５,6512405
4140001005245,株式会社美建,兵庫県,神戸市西区,平野町慶明字久保田８８番地の３,6512255
4140001005261,株式会社平賀工作所,兵庫県,神戸市西区,南別府１丁目１５番地の１,6512116
4140001005286,株式会社藤井工務店,兵庫県,神戸市西区,神出町田井１７２番地の１,6512313
4140001005294,富士金属工業株式会社,兵庫県,神戸市西区,玉津町今津１８０番地の３,6512128
4140001005303,株式会社藤田産業,兵庫県,神戸市西区,大沢２丁目４番地の６,6512414
4140001005311,藤本設備株式会社,兵庫県,神戸市西区,秋葉台１丁目１番６号,6512224
4140001005328,株式会社ボォウ・ピープ,兵庫県,神戸市西区,井吹台東町４丁目１０番地の１１,6512242
4140001005336,株式会社ボスコ,兵庫県,神戸市西区,伊川谷町潤和８０１番地,6512124
4140001005360,松原運送株式会社,兵庫県,神戸市西区,伊川谷町潤和２３８番地の３７３,6512124
4140001005369,株式会社マルソ,兵庫県,神戸市西区,伊川谷町有瀬６６３番地の１１,6512113
4140001005402,ミヤハン機工株式会社,兵庫県,神戸市西区,小山１丁目６番１号,6512144
4140001005410,明姫開発産業株式会社,兵庫県,神戸市西区,押部谷町木幡４０１番地,6512221
4140001005435,株式会社森生産業,兵庫県,神戸市西区,森友５丁目８１番地の２,6512132
4140001005443,安井石油株式会社,兵庫県,神戸市西区,高塚台５丁目１番地の１,6512271
4140001005468,株式会社ヤマハタ,兵庫県,神戸市西区,岩岡町古郷字白古瀬１８４１番地,6512404
4140001005484,株式会社ユニオン計器,兵庫県,神戸市西区,宮下１丁目１５番２１号,6512146
4140001005492,ヨコノ食品株式会社,兵庫県,神戸市西区,水谷３丁目８番１１号,6512121
4140001005501,株式会社芳野石油,兵庫県,神戸市西区,岩岡町古郷１６３８番地の１７,6512404
4140001005518,利央建設株式会社,兵庫県,神戸市西区,桜が丘東町５丁目１０番地の２,6512225
4140001005526,ＲＨプランニング株式会社,兵庫県,神戸市西区,森友４丁目７３番地,6512132
4140001005567,神戸三和建設株式会社,兵庫県,神戸市西区,小山２丁目９番１２号,6512144
4140001005575,神戸タバード株式会社,兵庫県,神戸市西区,美賀多台４丁目７番地の２３,6512277
4140001005583,神戸西ホンダ販売株式会社,兵庫県,神戸市西区,春日台１丁目３番地の１,6512276
4140001005609,日本ジッコウ株式会社,兵庫県,神戸市西区,南別府１丁目１４番６号,6512116
4140001005625,兵庫県協同サービス株式会社,兵庫県,神戸市西区,学園東町２丁目１番地の１,6512102
4140001005872,株式会社梓,兵庫県,神戸市西区,神出町宝勢２２１２−６,6512321
4140001010419,株式会社ＪＡエネルギー兵庫,兵庫県,神戸市西区,玉津町居住８８番,6512145
4140001011078,丸原食品株式会社,兵庫県,神戸市西区,高塚台５丁目４番２３号,6512271
4140001011128,三ツ木不動産株式会社,兵庫県,神戸市西区,二ツ屋１丁目７番７号,6512142
4140001012373,株式会社アーサ,兵庫県,神戸市西区,伊川谷町有瀬６２４番１,6512113
4140001012662,株式会社大段商店,兵庫県,神戸市西区,学園東町３丁目１６番地の８,6512102
4140001013355,西神化学株式会社,兵庫県,神戸市西区,高塚台２丁目１番４号,6512271
4140001014345,株式会社宮本,兵庫県,神戸市西区,見津が丘２丁目２番地の１,6512228
4140001016110,株式会社佐々木商店,兵庫県,神戸市西区,岩岡町古郷１５２８番地の１２,6512404
4140001016655,株式会社阪神鍍金精工所,兵庫県,神戸市西区,見津が丘５丁目２番地３,6512228
4140001016853,株式会社萬代,兵庫県,神戸市西区,伊川谷町潤和１０７２番地の１,6512124
4140001017595,ラヴニール神和株式会社,兵庫県,神戸市西区,月が丘４丁目２３番地４,6512217
4140001017637,株式会社双電社,兵庫県,神戸市西区,竹の台２丁目１３番地の１５,6512274
4140001017942,丸栄工業株式会社,兵庫県,神戸市西区,伊川谷町井吹１３６９−２,6512106
4140001017959,株式会社三角商會,兵庫県,神戸市西区,宮下１丁目１５番２２号,6512146
4140001018461,株式会社ベースアドレス,兵庫県,神戸市西区,美賀多台８丁目１０番地の８,6512277
4140001018718,株式会社春名工務店,兵庫県,神戸市西区,伊川谷町有瀬６９６番地４７,6512113
4140001019063,東洋精機株式会社,兵庫県,神戸市西区,伊川谷町潤和字才神５３３の３,6512124
4140001019088,株式会社清水工務店,兵庫県,神戸市西区,井吹台東町３丁目２０番地の５,6512242
4140001019971,株式会社日本ホテルプロジェクト,兵庫県,神戸市西区,大津和１丁目３番地の１４コスモスビル,6512112
4140001020013,株式会社フクニシ電子,兵庫県,神戸市西区,伊川谷町有瀬８１９番地１の１０５号,6512113
4140001020095,株式会社伏見工業,兵庫県,神戸市西区,長畑町９番地の２,6512148
4140001020285,株式会社陽光コーポレーション,兵庫県,神戸市西区,美賀多台１丁目９番地２,6512277
4140001020310,株式会社シー・エス・ヘルス研究所,兵庫県,神戸市西区,王塚台５丁目９番地,6512135
4140001020830,株式会社壬午興業,兵庫県,神戸市西区,神出町東１１８８−２−２,6512311
4140001021028,株式会社エービーシー,兵庫県,神戸市西区,福吉台２丁目３−６,6512413
4140001021077,株式会社白川鉄工所,兵庫県,神戸市西区,狩場台１丁目２６番地の８,6512272
4140001021259,株式会社六甲デイリーサービス,兵庫県,神戸市西区,岩岡町古郷２２４７番地,6512404
4140001022018,ユニシス２１株式会社,兵庫県,神戸市西区,大津和２丁目１０番地５,6512112
4140001022141,戎山管理株式会社,兵庫県,神戸市西区,櫨谷町寺谷１６９６番地,6512231
4140001022810,株式会社開雄,兵庫県,神戸市西区,玉津町今津２３７番地の２,6512128
4140001023016,株式会社ダイトク,兵庫県,神戸市西区,伊川谷町有瀬４７５番地の６,6512113
4140001023461,株式会社四神,兵庫県,神戸市西区,伊川谷町有瀬３１番１の２０１,6512113
4140001023528,株式会社優和住建,兵庫県,神戸市西区,伊川谷町有瀬５３３番地の１,6512113
4140001023783,株式会社ダイユウ設備,兵庫県,神戸市西区,玉津町居住９６番地の７,6512145
4140001023791,株式会社プリンス技研,兵庫県,神戸市西区,井吹台西町４丁目２５番地の９,6512243
4140001023809,株式会社暖和空間,兵庫県,神戸市西区,北別府５丁目１５−１４,6512117
4140001024526,アクティブジャパン株式会社,兵庫県,神戸市西区,竜が岡１丁目７番地の１,6512412
4140001024625,コミュニケーション・ブリッジ株式会社,兵庫県,神戸市西区,神出町東８２２番地の１,6512311
4140001024674,株式会社アンジェリーク,兵庫県,神戸市西区,前開南町２丁目６番地の１７,6512109
4140001024988,株式会社美幸商会,兵庫県,神戸市西区,玉津町西河原４５番地の３,6512127
4140001025037,株式会社えがお,兵庫県,神戸市西区,伊川谷町有瀬８１２番地の６・２−４０５号,6512113
4140001025094,株式会社ＣＵＢ　ＷＯＲＫＳ,兵庫県,神戸市西区,春日台６丁目１９番地の２,6512276
4140001025243,株式会社ベフラボ,兵庫県,神戸市西区,北別府２丁目１４番地の１,6512117
4140001025284,田中工業株式会社,兵庫県,神戸市西区,竜が岡４丁目８番地の４,6512412
4140001025466,株式会社ｏｓｃａｒ＆ｂ,兵庫県,神戸市西区,富士見が丘２丁目１７番地の９,6512214
4140001025648,株式会社サカイ産業,兵庫県,神戸市西区,南別府４丁目３４１番地の１３３,6512116
4140001025912,株式会社セントラルソリューションズ,兵庫県,神戸市西区,糀台５丁目６番３号,6512273
4140001025920,株式会社結希工業,兵庫県,神戸市西区,岩岡町野中字内山６９番１,6512405
4140001026159,株式会社医科歯科ソリューションズ,兵庫県,神戸市西区,南別府１丁目８番地の１,6512116
4140001026225,協立金属株式会社,兵庫県,神戸市西区,伊川谷町潤和字京田９５１番地の３,6512124
4140001026266,稲田工業株式会社,兵庫県,神戸市西区,玉津町高津橋３５７番地の３４,6512122
4140001026332,株式会社ＢＡＲＢＡ,兵庫県,神戸市西区,宮下１丁目９番１号,6512146
4140001026357,株式会社ナウ,兵庫県,神戸市西区,神出町北３２３−３,6512332
4140001026448,株式会社上野保険事務所,兵庫県,神戸市西区,月が丘４丁目８番地の６,6512217
4140001026670,株式会社アール技建,兵庫県,神戸市西区,伊川谷町布施畑字下谷山９９１−６,6512101
4140001027826,株式会社レジェンド,兵庫県,神戸市西区,伊川谷町有瀬５９１番地の４,6512113
4140001027982,株式会社ハートワンこうべ,兵庫県,神戸市西区,宮下３丁目７番１２号,6512146
4140001028361,株式会社ＲＡ１Ｚ,兵庫県,神戸市西区,上新地３丁目９番地の２,6512411
4140001028493,株式会社ハヤマホーム,兵庫県,神戸市西区,玉津町今津５３１番地の１３,6512128
4140001028659,株式会社結,兵庫県,神戸市西区,前開南町１丁目３番８号,6512109
4140001028733,テラ株式会社,兵庫県,神戸市西区,神出町田井１１５０−１,6512313
4140001028766,株式会社冷熱装備,兵庫県,神戸市西区,押部谷町木見１０８７番地の２,6512223
4140001028849,株式会社武神建創,兵庫県,神戸市西区,伊川谷町有瀬１０４６番地の１、１１０１号,6512113
4140001028898,株式会社リビングＢ２,兵庫県,神戸市西区,伊川谷町有瀬１０５８番地１,6512113
4140001029459,株式会社住田モータース,兵庫県,神戸市西区,神出町宝勢１８０３番地の１,6512321
4140001029517,株式会社プロフィット,兵庫県,神戸市西区,伊川谷町前開字室谷１３４６番地の６,6512108
4140001029806,兵庫自販株式会社,兵庫県,神戸市西区,枝吉５丁目１４８番地,6512133
4140001029847,株式会社ボイス,兵庫県,神戸市西区,伊川谷町潤和１３１０番地の７,6512124
4140001029863,株式会社エアシス,兵庫県,神戸市西区,前開南町２丁目１４−９,6512109
4140001029946,株式会社ツインツリー,兵庫県,神戸市西区,水谷２丁目５−２５号,6512121
4140001030094,株式会社燕英,兵庫県,神戸市西区,神出町東９１７番地の１,6512311
4140001030202,神戸ユニット建設株式会社,兵庫県,神戸市西区,月が丘３丁目１番地の７,6512217
4140001030334,神戸漁網株式会社,兵庫県,神戸市西区,富士見が丘３丁目１０番地の１４,6512214
4140001030409,株式会社高松商工,兵庫県,神戸市西区,岩岡町西脇１０８６番地,6512403
4140001030417,株式会社丸光,兵庫県,神戸市西区,北別府５丁目１８９８番地の１０９,6512117
4140001030499,株式会社ナガオ農園,兵庫県,神戸市西区,伊川谷町前開１０３９番地,6512108
4140001030656,Ｅ−ＮＥＸＴ株式会社,兵庫県,神戸市西区,平野町中津４６６−２,6512257
4140001030739,株式会社リアルハート,兵庫県,神戸市西区,伊川谷町上脇６６９番１,6512105
4140001030788,ハッピーネット株式会社,兵庫県,神戸市西区,秋葉台３丁目６番地の１２,6512224
4140001031241,株式会社アゲイン,兵庫県,神戸市西区,平野町西戸田５９４番地１１,6512267
4140001031423,株式会社Ｎ．Ｇ．Ｉ,兵庫県,神戸市西区,北別府５丁目２２番地の４,6512117
4140001031605,播磨海運株式会社,兵庫県,神戸市西区,桜が丘中町４丁目５番地の９,6512226
4140001031646,株式会社神栄ホーム,兵庫県,神戸市西区,神出町古神１５７番地の２４１,6512302
4140001031778,ミツヒサ株式会社,兵庫県,神戸市西区,宮下２丁目７番６号,6512146
4140001031919,株式会社リアン,兵庫県,神戸市西区,玉津町出合１３６番地,6512137
4140001032157,株式会社メガウエスト,兵庫県,神戸市西区,長畑町５５９番地の１,6512148
4140001032413,株式会社セブンライト,兵庫県,神戸市西区,岩岡町野中１１５３番地,6512405
4140001032462,株式会社大塚メディカル,兵庫県,神戸市西区,伊川谷町有瀬８０４番地の６９,6512113
4140001032529,株式会社アプレシェ,兵庫県,神戸市西区,枝吉３丁目７２番地の３,6512133
4140001032974,株式会社ゼストラーダ,兵庫県,神戸市西区,狩場台４丁目６番地の７９,6512272
4140001033295,株式会社ＣＩＲＣＬＥ　ＨＯＬＬＹ,兵庫県,神戸市西区,伊川谷町布施畑５５４番地,6512101
4140001033460,株式会社インセル,兵庫県,神戸市西区,伊川谷町有瀬７２６番地の３,6512113
4140001033659,ウィルパートナーズ株式会社,兵庫県,神戸市西区,白水２丁目１８番１３号,6512129
4140001033873,株式会社松大,兵庫県,神戸市西区,北別府４丁目９番地の１０,6512117
4140001034062,株式会社神戸フラッグ,兵庫県,神戸市西区,平野町福中２０４番地,6512252
4140001034095,株式会社テラニシ電設,兵庫県,神戸市西区,中野１丁目５番地の１５,6512136
4140001034145,株式会社ケイテック,兵庫県,神戸市西区,伊川谷町有瀬２４番地の３,6512113
4140001034236,株式会社ピックワン,兵庫県,神戸市西区,押部谷町福住６２８番地の３２,6512213
4140001034483,朝日建設株式会社,兵庫県,神戸市西区,伊川谷町長坂８１０番地１,6512104
4140001034806,栗山運輸倉庫株式会社,兵庫県,神戸市西区,神出町小束野９番地の８６,6512304
4140001035093,シエラ通商株式会社,兵庫県,神戸市西区,神出町宝勢３０１番地の２,6512321
4140001036728,株式会社岡崎テクノ,兵庫県,神戸市西区,室谷１丁目２番地４,6512241
4140001037239,株式会社ＳＥＰ神戸,兵庫県,神戸市西区,森友４丁目９９,6512132
4140001037321,株式会社オッズ,兵庫県,神戸市西区,玉津町高津橋１９７番地２,6512122
4140001037346,株式会社Ｉ・Ｔ・Ｓ,兵庫県,神戸市西区,枝吉１丁目７５−１−４０３,6512133
4140001037684,神戸マシン株式会社,兵庫県,神戸市西区,見津が丘５丁目２番地の５,6512228
4140001037767,株式会社神戸てんこもりサービス,兵庫県,神戸市西区,大沢１丁目１４番地の３２,6512414
4140001042214,ズイセ株式会社,兵庫県,神戸市西区,玉津町水谷２６番地の８,6512121
4140001042222,美津村ライフ株式会社,兵庫県,神戸市西区,見津が丘１丁目２番地の１０,6512228
4140001042370,株式会社Ｈｉｒｏコーポレーション,兵庫県,神戸市西区,糀台２丁目２６番地１−３０１号,6512273
4140001044607,濱口鉄工株式会社,兵庫県,神戸市西区,見津が丘５丁目２番４,6512228
4140001045951,株式会社ＴＯＹ　ＢＯＸ,兵庫県,神戸市西区,枝吉４丁目７９番地の５,6512133
4140001046330,株式会社クリエホーム,兵庫県,神戸市西区,大沢１丁目１４番地の８,6512414
4140001057022,株式会社特選倶楽部コーポレーション,兵庫県,神戸市西区,櫨谷町池谷３８４番地の１,6512234
4140001057121,株式会社タイムズハンドレッド,兵庫県,神戸市西区,井吹台西町４丁目２９番地の１,6512243
4140001066072,兵庫運輸株式会社,兵庫県,神戸市西区,丸塚２丁目３番１２号,6512143
4140001067566,株式会社スリーエス,兵庫県,神戸市西区,樫野台１丁目１８−２０−２,6512275
4140001067657,株式会社アスアル,兵庫県,神戸市西区,竹の台５丁目１９−２１,6512274
4140001077689,株式会社レーヴ,兵庫県,神戸市西区,伊川谷町小寺１８８番地の２,6512107
4140001077771,株式会社ウエストデコ,兵庫県,神戸市西区,南別府５丁目２３４番地の１,6512116
4140001081451,蔵田商事株式会社,兵庫県,神戸市西区,学園東町２丁目５番地の６２,6512102
4140001086368,株式会社明洸精機,兵庫県,神戸市西区,上新地３丁目１４７２番地１,6512411
4140001086467,株式会社マルシン,兵庫県,神戸市西区,伊川谷町前開１２７６番地の１,6512108
4140001086517,株式会社ＮＨＳ,兵庫県,神戸市西区,伊川谷町有瀬１５５５番地の６、９０６号,6512113
4140001086566,株式会社アイワークス,兵庫県,神戸市西区,北別府４丁目１４番地の４ハイツ柳瀬２０１,6512117
4140001086731,株式会社プラスター,兵庫県,神戸市西区,伊川谷町上脇１００６番地の１７５,6512105
4140001086780,小出設備工業株式会社,兵庫県,神戸市西区,伊川谷町有瀬１６１１番地の２８,6512113
4140001087036,株式会社フルール,兵庫県,神戸市西区,伊川谷町有瀬４５０番地,6512113
4140001087358,株式会社アダストラ,兵庫県,神戸市西区,学園西町７丁目１番地７４８−４０４号,6512103
4140001087614,株式会社ＧＥＮ,兵庫県,神戸市西区,桜が丘西町１丁目１４番地の１１,6512227
4140001087795,株式会社ＨＫトレーディング,兵庫県,神戸市西区,神出町勝成１１６−２４番地,6512301
4140001088158,株式会社セイシン開発,兵庫県,神戸市西区,神出町東字沼谷１２５５番地の１,6512311
4140001088364,株式会社やわら,兵庫県,神戸市西区,宮下１丁目７番１４号,6512146
4140001088744,株式会社ＭＳＤコーポレーション,兵庫県,神戸市西区,伊川谷町有瀬６５６番地の１パサージュ神戸西６０３号,6512113
4140001089230,株式会社クリーンテクノジャパン,兵庫県,神戸市西区,桜が丘西町２丁目２０番地の１８,6512227
4140001089577,株式会社井上夢市場,兵庫県,神戸市西区,伊川谷町有瀬８１９番地１,6512113
4140001089651,株式会社ＥＭ,兵庫県,神戸市西区,竹の台３丁目１０番地４,6512274
4140001089825,日本商事株式会社,兵庫県,神戸市西区,狩場台２丁目６番１８号,6512272
4140001089924,敬愛コンサルタント株式会社,兵庫県,神戸市西区,天が岡１０番地の９,6512141
4140001090378,株式会社東洋コンテナ商事,兵庫県,神戸市西区,櫨谷町寺谷７３６−３６,6512231
4140001090436,株式会社ＫＩＮＴＯＫＵ,兵庫県,神戸市西区,大津和３丁目５番地の２,6512112
4140001090741,株式会社咲美堂,兵庫県,神戸市西区,美賀多台８丁目２番６号,6512277
4140001091260,株式会社平成企画,兵庫県,神戸市西区,富士見が丘５丁目５番地の９,6512214
4140001091392,もごりワークス株式会社,兵庫県,神戸市西区,春日台９丁目１１番地の７２,6512276
4140001092424,株式会社ＫＳプラン,兵庫県,神戸市西区,池上２丁目２１番地の５,6512111
4140001093034,株式会社アクア,兵庫県,神戸市西区,北別府３丁目１０番地の１０ー１０３号,6512117
4140001093505,株式会社ＫＲクリエイト,兵庫県,神戸市西区,王塚台７丁目９２番地１０３号,6512135
4140001093620,株式会社ＨＩＺＵＫＩ,兵庫県,神戸市西区,井吹台東町５丁目２０番地の１９,6512242
4140001094536,エムテック株式会社,兵庫県,神戸市西区,伊川谷町有瀬１５２４−３陽光ビル２Ｆ,6512113
4140001094833,神正建設工業株式会社,兵庫県,神戸市西区,玉津町新方２０１番地,6512125
4140001094899,株式会社コトハ,兵庫県,神戸市西区,森友５丁目２７番地,6512132
4140001095113,株式会社フラップゼロ,兵庫県,神戸市西区,玉津町今津５７２番地の３,6512128
4140001095690,株式会社西神運送,兵庫県,神戸市西区,池上３丁目８番１号,6512111
4140001095906,株式会社ＡＲＥＡ−Ｄｏ,兵庫県,神戸市西区,井吹台西町４丁目２８番地の５,6512243
4140001096078,ワンスター株式会社,兵庫県,神戸市西区,小山１丁目８番３０号,6512144
4140001096978,株式会社ｄｏ　ｐｌｕｓ,兵庫県,神戸市西区,岩岡町西脇３６６番地,6512403
4140001097101,株式会社クローバー,兵庫県,神戸市西区,伊川谷町有瀬８３８−４ヒルズ久兼１階,6512113
4140001097191,株式会社スライブ,兵庫県,神戸市西区,池上４丁目２番地の１１,6512111
4140001097274,株式会社キャトルアンファン,兵庫県,神戸市西区,井吹台西町６丁目４７番地の２０,6512243
4140001097563,株式会社ドルフィン,兵庫県,神戸市西区,北別府２丁目１−３,6512117
4140001097621,株式会社トモニコンサルティング,兵庫県,神戸市西区,押部谷町栄字北山２０５番１９の３,6512211
4140001098181,摩耶堂製薬株式会社,兵庫県,神戸市西区,玉津町居住６５番地の１,6512145
4140001098413,株式会社サンアクセス,兵庫県,神戸市西区,伊川谷町長坂５８４番地,6512104
4140001098735,株式会社神戸システムズ,兵庫県,神戸市西区,井吹台東町２丁目１番地１−６０２号,6512242
4140001098784,株式会社ジェイトラスト,兵庫県,神戸市西区,小山３丁目２０１番１,6512144
4140001098891,株式会社ビックウエスト,兵庫県,神戸市西区,玉津町高津橋４９５番地の３,6512122
4140001099221,株式会社ｇｒａｎｄｅ,兵庫県,神戸市西区,玉津町高津橋２６２番地,6512122
4140001099691,ＬＡＣＥＮＴ１５株式会社,兵庫県,神戸市西区,樫野台３丁目２番地１１−３０２号,6512275
4140001099741,ユキコカンパニー株式会社,兵庫県,神戸市西区,高塚台３丁目１番１７号,6512271
4140001100194,株式会社仲林機械工業,兵庫県,神戸市西区,学園西町２丁目５番地の６８,6512103
4140001100608,株式会社紅諒,兵庫県,神戸市西区,竹の台６丁目６番地２−８０３号,6512274
4140001100756,株式会社ｅｉａ,兵庫県,神戸市西区,学園西町５丁目８番地の２、５３０−５１８号,6512103
4140001101028,株式会社ホームフィールド,兵庫県,神戸市西区,玉津町出合４５１−３,6512137
4140001101093,株式会社Ｓｋｙ　Ｂｅａｔ,兵庫県,神戸市西区,玉津町高津橋２０４番地の３,6512122
4140001101102,株式会社Ｎａｔｕｒａｌ　Ｑｕａｌｉｔｙ　Ｆｏｏｄｓ　Ｊａｐａｎ,兵庫県,神戸市西区,押部谷町木見３５０番地の１,6512223
4140001101390,レオ・グットライフサポート株式会社,兵庫県,神戸市西区,池上２丁目２０−１,6512111
4140001101944,株式会社カナヤ防水,兵庫県,神戸市西区,玉津町高津橋５２９番地の３５,6512122
4140001101993,株式会社アイエヌ,兵庫県,神戸市西区,枝吉５丁目２３番地,6512133
4140001102505,株式会社Ｊｕｓｔｉｃｅ,兵庫県,神戸市西区,玉津町出合４５５番地の１,6512137
4140001103214,株式会社セントラルサポート,兵庫県,神戸市西区,玉津町小山１６９番地,6512144
4140001103362,株式会社ｆｅｒｉａ,兵庫県,神戸市西区,玉津町出合４４９番地の８,6512137
4140001103453,株式会社エムズデザイン,兵庫県,神戸市西区,持子３丁目３９番１０２号,6512131
4140001104022,株式会社ＰＡＳＳＩＯＮ,兵庫県,神戸市西区,美賀多台１丁目９番地の１・１１０８号,6512277
4140001104187,株式会社山栄商事,兵庫県,神戸市西区,白水１丁目２３番９号,6512129
4140001104583,ネオブリッジ株式会社,兵庫県,神戸市西区,大津和２丁目９−１−２０４,6512112
4140001104591,アドソープテック株式会社,兵庫県,神戸市西区,伊川谷町有瀬１５０４番地の１,6512113
4140001105045,株式会社渡邊工業,兵庫県,神戸市西区,玉津町高津橋７６３番地の３,6512122
4140001105714,株式会社アクセスコーベ,兵庫県,神戸市西区,持子１丁目２１９番地持子中商ビル２階,6512131
4140001106092,株式会社レゾンデイト,兵庫県,神戸市西区,天王山２７番地の１,6512123
4140001106480,株式会社竹原電気工事,兵庫県,神戸市西区,池上１丁目５番地の３４,6512111
4140001106828,株式会社エフテック,兵庫県,神戸市西区,富士見が丘５丁目２番地の１３,6512214
4140001107157,株式会社ショウシン・テック,兵庫県,神戸市西区,室谷１丁目６番５号,6512241
4140001107586,株式会社Ｒ．Ｍ．Ｈ,兵庫県,神戸市西区,富士見が丘２丁目４番地の１,6512214
4140001107958,株式会社Ｇ．Ｐ．Ｄ,兵庫県,神戸市西区,大津和３丁目６番地３,6512112
4140001108048,株式会社平郡商店,兵庫県,神戸市西区,高塚台５丁目４番地の５,6512271
4140001108279,株式会社ブルーパレット,兵庫県,神戸市西区,学園西町５丁目１番地５０７−２０１号,6512103
4140001108386,株式会社ＮＫＴ,兵庫県,神戸市西区,桜が丘西町１丁目７−１５,6512227
4140001108394,ビリーフ株式会社,兵庫県,神戸市西区,大沢１丁目１１番地の１４,6512414
4140001108485,株式会社ＮＥＸＴ　ＭＥＤＩＣＡＬ,兵庫県,神戸市西区,井吹台西町３丁目４番地の１２,6512243
4140001108543,ＳＨ２ｎｄ株式会社,兵庫県,神戸市西区,前開南町１丁目６番９号,6512109
4140001108568,幸信塗装興業株式会社,兵庫県,神戸市西区,伊川谷町前開４３６番１号,6512108
4140001108683,ＴＤＨ株式会社,兵庫県,神戸市西区,井吹台東町１丁目１１番地の７,6512242
4140001109194,株式会社平成ＫＺデザイン,兵庫県,神戸市西区,月が丘３丁目１４番地の１１,6512217
4140001109277,石田テクノプロダクツ株式会社,兵庫県,神戸市西区,見津が丘６丁目１９番地,6512228
4140001109319,株式会社ＧＰＳアシスト神戸,兵庫県,神戸市西区,樫野台１丁目１４番地の５６,6512275
4140001110367,Ｍ’ｓ建設株式会社,兵庫県,神戸市西区,大津和２丁目５番３−１０８号,6512112
4140001110433,ゼンエイ株式会社,兵庫県,神戸市西区,平野町宮前１４２番地の８,6512265
4140001111118,株式会社Ｎ　ｐｌｕｓ,兵庫県,神戸市西区,伊川谷町有瀬８００番地の２３,6512113
4140001111175,株式会社もじパラ,兵庫県,神戸市西区,大津和１丁目３番地の２１,6512112
4140001111365,株式会社Ｙｏｕｋｉ,兵庫県,神戸市西区,森友５丁目１０３番地,6512132
4140001111547,株式会社オフィスナガタ,兵庫県,神戸市西区,桜が丘西町５丁目６番地の６,6512227
4140001112149,株式会社ステラ,兵庫県,神戸市西区,宮下２丁目１３番１５号,6512146
4140001112462,株式会社ＳＲＭ,兵庫県,神戸市西区,伊川谷町布施畑５６８番地の１,6512101
4140001112792,株式会社ケーツーエフ,兵庫県,神戸市西区,美賀多台４丁目１７番地の９,6512277
4140001113782,株式会社コハツ興業,兵庫県,神戸市西区,白水１丁目２０番１７号,6512129
4140001114855,株式会社ＡＫＡＴＳＵＫＩ,兵庫県,神戸市西区,宮下１丁目２１番８０号,6512146
4140001114979,サフィニア株式会社,兵庫県,神戸市西区,玉津町今津１２８番２号,6512128
4140001115259,株式会社ＯＮＥ’Ｋ　ＴＲＵＳＴ,兵庫県,神戸市西区,持子３丁目２５番地の３,6512131
4140001115317,株式会社古本組,兵庫県,神戸市西区,樫野台６丁目１８番地の７,6512275
4140001115374,株式会社神戸空調サービス,兵庫県,神戸市西区,玉津町高津橋７７番地,6512122
4140001115597,株式会社Ａｒｔｉｓａｎ,兵庫県,神戸市西区,月が丘４丁目１９番地の２,6512217
4140001115952,株式会社帝,兵庫県,神戸市西区,神出町古神１５７番地の１７９,6512302
4140001116208,株式会社たつや興産,兵庫県,神戸市西区,井吹台東町１丁目１７番地の２,6512242
4140001117924,株式会社ＷＡＳＡＢＩ,兵庫県,神戸市西区,池上２丁目１８番地の３サンヒルズ・ラフォーレＩ、２０６号,6512111
4140001118443,株式会社アイン・カーサービス,兵庫県,神戸市西区,竜が岡４丁目１３番地の１３レリッシュコート１０３号,6512412
4140001118641,株式会社飯尾造園,兵庫県,神戸市西区,上新地１丁目１番地７ヤスフクビル３０２号,6512411
4140001119094,株式会社絆,兵庫県,神戸市西区,伊川谷町潤和９９６番地,6512124
4140001119326,株式会社よつば動物病院,兵庫県,神戸市西区,北別府４丁目１４番地の６ロイヤルメゾンＨ＆Ｄ２０２号,6512117
4140001119805,ＹＯＵ＆ＭＥ株式会社,兵庫県,神戸市西区,玉津町今津６５８番地の７,6512128
4140001120143,株式会社ＩＰ,兵庫県,神戸市西区,南別府３丁目１４−２ロイヤルコートＡ１０５,6512116
4140001120688,株式会社マーズトレーダーズ,兵庫県,神戸市西区,伊川谷町有瀬１１５０番地の２黒田第二ビル２０８号室,6512113
4140001120829,株式会社Ｆｏｒｔｕｎｅ　Ｍｏｏｎ,兵庫県,神戸市西区,春日台６丁目８番３５号,6512276
4140001121018,株式会社たいき,兵庫県,神戸市西区,春日台９丁目１０番地の２０,6512276
4140001121158,長田商事株式会社,兵庫県,神戸市西区,森友５丁目２６番地の１,6512132
4140001121629,アクセント株式会社,兵庫県,神戸市西区,岩岡町岩岡１６０３−１,6512401
4140001121802,伊丹産業土地開発株式会社,兵庫県,神戸市西区,見津が丘１丁目７番地４,6512228
4140001121967,株式会社神戸渕上牧場,兵庫県,神戸市西区,神出町紫合７７８番地,6512334
4140001122404,株式会社ＡＣＴ,兵庫県,神戸市西区,上新地１丁目１−７ヤスフクビル２０１,6512411
4140001122503,ＴＯＭＭＥＹ株式会社,兵庫県,神戸市西区,竹の台６丁目１番地の１、３０９号,6512274
4140001122692,株式会社ＺＩＮＧ,兵庫県,神戸市西区,長畑町２２６番地,6512148
4140001122866,株式会社れいでん,兵庫県,神戸市西区,水谷１丁目５番１９号,6512121
4140001123848,株式会社ｅＮジョイ,兵庫県,神戸市西区,丸塚１丁目１４番２２号,6512143
4140001123971,株式会社エヌエスオー,兵庫県,神戸市西区,白水２丁目４番１０号シンワ・メゾン伊川谷４０１号室,6512129
4140001124821,株式会社ａＮｎ,兵庫県,神戸市西区,桜が丘東町４丁目２番地の１０,6512225
4140001126264,株式会社Ｎｅｘｔ　Ｓｔａｇｅ,兵庫県,神戸市西区,岩岡町古郷９０５番地の１,6512404
4140001126289,株式会社レイテック神戸,兵庫県,神戸市西区,玉津町今津６６３−４,6512128
4140001126347,株式会社七福神,兵庫県,神戸市西区,富士見が丘１丁目９−１６,6512214
4140001126470,株式会社楽土,兵庫県,神戸市西区,伊川谷町布施畑６１２番地,6512101
4140001126776,株式会社リーチ,兵庫県,神戸市西区,井吹台西町５丁目２３番地の１,6512243
4140001127155,株式会社ハピウェブ,兵庫県,神戸市西区,玉津町出合７２番地の７,6512137
4140001127485,株式会社ＫＭＴ　Ｔｒａｄｉｎｇ,兵庫県,神戸市西区,神出町小束野４１番地の８,6512304
4140001128707,株式会社紙屋,兵庫県,神戸市西区,白水２丁目１８番５０号,6512129
4140001128723,株式会社トータスリノベーション,兵庫県,神戸市西区,北別府４丁目１３−６,6512117
4140001128756,こいほだ株式会社,兵庫県,神戸市西区,美穂が丘２丁目９−２５,6512216
4140001129408,株式会社ＫＳ建工,兵庫県,神戸市西区,押部谷町福住５７９番地の１０７エトワールヴィラ神戸３０４号,6512213
4140001129837,バレヌエシエル株式会社,兵庫県,神戸市西区,平野町中津２６１４番地,6512257
4140001129911,株式会社ハーバーシティ,兵庫県,神戸市西区,学園東町１丁目１番地１０１−６０６号,6512102
4140001130035,株式会社春秋,兵庫県,神戸市西区,枝吉２丁目１２４番地の４,6512133
4140001130365,ＢｅｚｉｅｒＳ　Ｄｅｓｉｇｎ株式会社,兵庫県,神戸市西区,二ツ屋１丁目２９番１２号,6512142
4140001130489,株式会社ＡＳＴＹ,兵庫県,神戸市西区,池上１丁目１４−４,6512111
4140001130514,株式会社木村建設,兵庫県,神戸市西区,今寺３番地の９ミュゼ大蔵谷２０２号,6512114
4140001130811,株式会社高尾工業,兵庫県,神戸市西区,押部谷町西盛２５５番地の１,6512202
4140001131090,株式会社ファイブレンジ,兵庫県,神戸市西区,池上４丁目２−１１,6512111
4140001131446,ｇｒｏｗ不動産販売株式会社,兵庫県,神戸市西区,伊川谷町有瀬３６番地の１２ラ・ペジブル２０２号,6512113
4140001131487,Ｒ＆Ｍ株式会社,兵庫県,神戸市西区,学園東町５丁目１番地５１０−２０２号,6512102
4140001131801,株式会社ＴＭＬ,兵庫県,神戸市西区,伊川谷町潤和６番地の６９,6512124
4140001131974,株式会社大暉,兵庫県,神戸市西区,伊川谷町有瀬９１８番地の１０,6512113
4140001132485,株式会社ダンドリオン,兵庫県,神戸市西区,井吹台西町３丁目２４番地の３,6512243
4140001132568,株式会社ネクシード,兵庫県,神戸市西区,樫野台２丁目２６番地の１５,6512275
4140001132849,株式会社ＴＯＲＩＴＯＮ,兵庫県,神戸市西区,北別府４丁目１５−３,6512117
4140001133137,株式会社ＴＲＡＳＴ,兵庫県,神戸市西区,王塚台１丁目５３番地,6512135
4140001133673,株式会社ＷＬＣ,兵庫県,神戸市西区,見津が丘１丁目３番地４,6512228
4140001133764,株式会社ラブリースマイル,兵庫県,神戸市西区,井吹台北町４丁目６２番地の３,6512244
4140001133806,株式会社イロカド,兵庫県,神戸市西区,伊川谷町有瀬８６１番地の２、７０２号,6512113
4140001134201,株式会社ＴＲＹ　ＢＡＳＥ,兵庫県,神戸市西区,伊川谷町有瀬１５１２−６,6512113
4140001134242,株式会社ｒａｉｓｅｂｅｌｌ,兵庫県,神戸市西区,玉津町小山５６８番地の４,6512144
4140001134259,株式会社ＡＲＩＴＡ,兵庫県,神戸市西区,竹の台６丁目３番地５２０号,6512274
4140001134738,ヤマブキホールディングス株式会社,兵庫県,神戸市西区,櫨谷町寺谷１２４２−５８１,6512231
4140001134969,株式会社セラヴィ,兵庫県,神戸市西区,押部谷町栄４３０,6512211
4140001134977,株式会社Ｍ．Ｓ．Ｐ,兵庫県,神戸市西区,神出町小束野３番地の７６,6512304
4140001135240,株式会社サクエステート,兵庫県,神戸市西区,北別府１丁目２番１号アーバンメゾン１０１号,6512117
4140001135265,株式会社ケイエステート,兵庫県,神戸市西区,南別府１丁目１３番地の４,6512116
4140001136073,株式会社ＫＡＮＯＮ．ｖ,兵庫県,神戸市西区,桜が丘中町１丁目２番地の１１,6512226
4140001136255,株式会社はじめ,兵庫県,神戸市西区,神出町田井１３２０番地の５８,6512313
4140001136354,株式会社セレクトワンズ,兵庫県,神戸市西区,岩岡町岩岡１２０１−１,6512401
4140001136404,株式会社ＵＬ,兵庫県,神戸市西区,樫野台３丁目２番地、９−２０２号,6512275
4140001136791,株式会社ＳＷＣ．,兵庫県,神戸市西区,玉津町新方４４９番地の５,6512125
4140001137947,株式会社Ｃａｓａｎｅｌ,兵庫県,神戸市西区,学園西町４丁目２０番地の１０,6512103
4140001138128,株式会社Ｎｅｘｔ　Ｇｒｏｗｔｈ,兵庫県,神戸市西区,上新地２丁目３番地の１６エクラシア大久保,6512411
4140001138210,株式会社Ｌｕｃｋ‐Ｒｅ,兵庫県,神戸市西区,伊川谷町有瀬７３３−１４ＣＡＲМＩТＡＧＥ２号室,6512113
4140001138895,興永建設株式会社,兵庫県,神戸市西区,井吹台西町８丁目２番地の２、３０４号,6512243
4140001138904,株式会社ＥＬＥＣＸ,兵庫県,神戸市西区,伊川谷町潤和６番地の６９,6512124
4140001139357,株式会社赤松興産,兵庫県,神戸市西区,岩岡町岩岡２０２９番地の１,6512401
4140001139893,株式会社三協食鳥,兵庫県,神戸市西区,平野町中津字北川５８９番地の１０,6512257
4140001140091,株式会社ＴＡＫＡＴＳＵＫＡ　Ｒｏｌｅ,兵庫県,神戸市西区,井吹台北町２丁目１９番地の１−１２５号,6512244
4140001140422,株式会社心ＪＡＰＡＮ,兵庫県,神戸市西区,南別府３丁目８番地の９,6512116
4140001140777,山幸電機株式会社,兵庫県,神戸市西区,櫨谷町寺谷１２４２番地１１８神戸ハイテクイースト工場９０８号,6512231
4140001140810,株式会社さくら,兵庫県,神戸市西区,北別府３丁目６番地の６タウンハウス北別府ＩＩ６Ｃ−４号,6512117
4140001140959,株式会社３９Ｓｋｙ　Ａｆｒｏ,兵庫県,神戸市西区,井吹台東町５丁目５８番地の１,6512242
4140001141180,株式会社福和施工,兵庫県,神戸市西区,押部谷町木見３５０番地１号,6512223
4140001141445,株式会社ｕｓａｃｈａｎｎｏｈｅｙａ,兵庫県,神戸市西区,美賀多台２丁目１０番地の２,6512277
4140001142237,株式会社ＨＹＵＧＡ　ＨＯＭＥ,兵庫県,神戸市西区,伊川谷町有瀬１２８８−１０１号,6512113
4140001142352,株式会社ライズ,兵庫県,神戸市西区,桜が丘西町２丁目８番地７,6512227
4140003003767,株式会社やまと,兵庫県,神戸市西区,神出町紫合５２４番地の１,6512334
4140003008948,株式会社ケイズモビリティ,兵庫県,神戸市西区,伊川谷町布施畑８３４番地の６、２階,6512101
4180001159459,株式会社ｂｅｎｃｈ,兵庫県,神戸市西区,玉津町高津橋３５２番地Ａ−５０５,6512122
4240002000061,株式会社Ｋｏｎｅ,兵庫県,神戸市西区,平野町中津６６１番地１,6512257
4360001009851,株式会社ティエラ・インターナショナル,兵庫県,神戸市西区,櫨谷町長谷３３９番地の３,6512235
5010401091979,株式会社中部ＰＳシステム,兵庫県,神戸市西区,大津和２丁目４番地の７６,6512112
5010401126405,株式会社Ｑｗｅｌｌ,兵庫県,神戸市西区,井吹台西町４丁目３０番地の２,6512243
5120001138789,ジャパンバイオエコロジー神戸株式会社,兵庫県,神戸市西区,平野町常本３１５,6512263
5120001186904,株式会社ライフリバース,兵庫県,神戸市西区,井吹台西町８丁目２番地の２の２０９号,6512243
5120001193099,株式会社ツルガ,兵庫県,神戸市西区,櫨谷町福谷３３９番地２,6512233
5120901016292,ランドウォーカー株式会社,兵庫県,神戸市西区,上新地３丁目９番１号,6512411
5122001033210,株式会社ＨＡＮＡＫＩ,兵庫県,神戸市西区,南別府１丁目３−１５,6512116
5140001004436,イシイメディカルサービス株式会社,兵庫県,神戸市西区,白水１丁目８番８号,6512129
5140001004444,井沢酒造株式会社,兵庫県,神戸市西区,神出町田井１４４番地の１,6512313
5140001004452,五輪建設株式会社,兵庫県,神戸市西区,平野町常本字権願寺２８６−１,6512263
5140001004460,株式会社今井鉄工所,兵庫県,神戸市西区,白水２丁目１６番２５号,6512129
5140001004477,ウエストオート株式会社,兵庫県,神戸市西区,二ツ屋１丁目７番３号,6512142
5140001004485,株式会社ウツド開発,兵庫県,神戸市西区,玉津町出合２０５番地の４,6512137
5140001004493,株式会社エース商事,兵庫県,神戸市西区,岩岡町岩岡２２２９番地の１０,6512401
5140001004502,株式会社エコワールド,兵庫県,神戸市西区,玉津町高津橋１３７番地の１,6512122
5140001004519,戎工業株式会社,兵庫県,神戸市西区,伊川谷町潤和字前９７１番地,6512124
5140001004527,株式会社エルゼ神戸,兵庫県,神戸市西区,玉津町新方１０９番地,6512125
5140001004543,株式会社大森,兵庫県,神戸市西区,伊川谷町潤和１３７番地１,6512124
5140001004576,関西環境建設株式会社,兵庫県,神戸市西区,岩岡町野中字福吉５４０番地の６,6512405
5140001004584,株式会社関西住宅建工社,兵庫県,神戸市西区,伊川谷町有瀬１２０８−１,6512113
5140001004601,株式会社神出装工,兵庫県,神戸市西区,神出町田井１３２０番地の５３,6512313
5140001004626,川尻鉄工株式会社,兵庫県,神戸市西区,桜が丘西町５丁目７番地の４,6512227
5140001004642,岸本冷蔵株式会社,兵庫県,神戸市西区,枝吉５丁目１６４番地の１,6512133
5140001004675,株式会社久保田幌店,兵庫県,神戸市西区,長畑町５２３,6512148
5140001004683,黒住電気工事株式会社,兵庫県,神戸市西区,北別府４丁目２１１８番地の５,6512117
5140001004691,株式会社ケイジーサウンドプロダクシヨン,兵庫県,神戸市西区,伊川谷町前開１２７９番地,6512108
5140001004709,トーテック株式会社,兵庫県,神戸市西区,森友５丁目７６番地,6512132
5140001004717,株式会社講和アセット,兵庫県,神戸市西区,伊川谷町有瀬４７４番地の１,6512113
5140001004725,株式会社コスメック,兵庫県,神戸市西区,室谷２丁目１番５号,6512241
5140001004733,株式会社近藤肥料店,兵庫県,神戸市西区,神出町宝勢１３５４番地,6512321
5140001004766,三光商事株式会社,兵庫県,神戸市西区,枝吉２丁目９１−１,6512133
5140001004774,阪田物産株式会社,兵庫県,神戸市西区,玉津町新方１５３番地の１６,6512125
5140001004790,株式会社サンシャ,兵庫県,神戸市西区,南別府１丁目１番地の１,6512116
5140001004816,三和工作株式会社,兵庫県,神戸市西区,森友４丁目７１番１号,6512132
5140001004824,株式会社辰栄商会,兵庫県,神戸市西区,中野２丁目８番地の３,6512136
5140001004832,株式会社ジェンコアンドカンパニー,兵庫県,神戸市西区,糀台２丁目２６（２−１５０２号）,6512273
5140001004840,神港サービス株式会社,兵庫県,神戸市西区,高塚台３丁目１番３５号,6512271
5140001004873,神明タクシー株式会社,兵庫県,神戸市西区,枝吉５丁目１４１番地の１,6512133
5140001004881,株式会社シミズ材料試験センター,兵庫県,神戸市西区,室谷２丁目２番６号,6512241
5140001004898,住地観光開発株式会社,兵庫県,神戸市西区,北別府４丁目２０９６番地の４１,6512117
5140001004907,昭和生コン株式会社,兵庫県,神戸市西区,北別府１丁目１３０６番地,6512117
5140001004923,株式会社スターシップ,兵庫県,神戸市西区,玉津町出合２０７−６,6512137
5140001004997,株式会社ダイコー貿易,兵庫県,神戸市西区,櫨谷町谷口５４２番地,6512237
5140001005038,株式会社タカハシ建設,兵庫県,神戸市西区,玉津町田中６１２番地,6512147
5140001005046,タカラ建掃株式会社,兵庫県,神戸市西区,押部谷町福住４４５番地の１,6512213
5140001005054,株式会社辰己電機,兵庫県,神戸市西区,枝吉２丁目９１番地の６,6512133
5140001005079,株式会社辻竹建設,兵庫県,神戸市西区,持子３丁目１０１番地,6512131
5140001005087,ディーエヌエス株式会社,兵庫県,神戸市西区,持子１丁目１５番地,6512131
5140001005104,東亜建設株式会社,兵庫県,神戸市西区,伊川谷町潤和３１１番地の２１,6512124
5140001005112,東洋化学株式会社,兵庫県,神戸市西区,玉津町今津字岡の下６４９番地,6512128
5140001005120,東和工業株式会社,兵庫県,神戸市西区,櫨谷町寺谷字枦谷１２４２番５５,6512231
5140001005129,共田工業株式会社,兵庫県,神戸市西区,平野町慶明１８３番地の１,6512255
5140001005137,株式会社ナカゾノ,兵庫県,神戸市西区,神出町東１１００番地の２,6512311
5140001005161,株式会社西馬工務店,兵庫県,神戸市西区,神出町北１１７番地,6512332
5140001005194,株式会社のじぎく,兵庫県,神戸市西区,岩岡町岩岡２２２９番地の２１,6512401
5140001005211,株式会社萩原土木,兵庫県,神戸市西区,上新地１丁目２２０番地の１３,6512411
5140001005236,株式会社パワートレーディング,兵庫県,神戸市西区,伊川谷町有瀬６９６番地の９,6512113
5140001005244,株式会社ピアール基材,兵庫県,神戸市西区,平野町印路２５０番地の２,6512266
5140001005252,株式会社秀総合建設,兵庫県,神戸市西区,竜が岡１丁目６番地の２,6512412
5140001005260,株式会社平尾建築,兵庫県,神戸市西区,北別府２丁目７番４号マインドスクエア伊川４０５,6512117
5140001005269,平野エクスプレス株式会社,兵庫県,神戸市西区,平野町西戸田４３７番地の２,6512267
5140001005293,株式会社フジコー,兵庫県,神戸市西区,櫨谷町福谷２９１番地の２,6512233
5140001005302,株式会社藤田興産,兵庫県,神戸市西区,平野町福中２３５番地,6512252
5140001005335,株式会社北斗建工,兵庫県,神戸市西区,岩岡町岩岡１６３番地の４,6512401
5140001005343,株式会社堀内鉄工所,兵庫県,神戸市西区,玉津町今津字鎌田１８４番地の１,6512128
5140001005351,巻幡軽合金株式会社,兵庫県,神戸市西区,見津が丘１丁目１番地の４,6512228
5140001005376,マルマン開発株式会社,兵庫県,神戸市西区,北山台２丁目２７番１３号,6512215
5140001005384,三川産業株式会社,兵庫県,神戸市西区,伊川谷町潤和字合木７９６番地１,6512124
5140001005401,株式会社雅,兵庫県,神戸市西区,福吉台２丁目２４番地の８,6512413
5140001005426,明和商事株式会社,兵庫県,神戸市西区,玉津町今津５８１番地,6512128
5140001005434,株式会社森精工,兵庫県,神戸市西区,北別府４丁目２１２１番地,6512117
5140001005442,株式会社安尾建築事務所,兵庫県,神戸市西区,伊川谷町別府５４８番地の１,6512115
5140001005450,株式会社柳川建設,兵庫県,神戸市西区,岩岡町野中１１３８,6512405
5140001005475,株式会社ユウキ自動車,兵庫県,神戸市西区,長畑町１番地の４,6512148
5140001005491,陽神ロジテック株式会社,兵庫県,神戸市西区,伊川谷町潤和２３８番地の３７２,6512124
5140001005517,ワールドライス株式会社,兵庫県,神戸市西区,伊川谷町有瀬１４番地の２１プリマベーラ伊川谷１０５号,6512113
5140001005525,株式会社和田建材,兵庫県,神戸市西区,平野町芝崎２９９番地,6512254
5140001005541,株式会社六甲衛生工業舍,兵庫県,神戸市西区,平野町堅田９２４番地,6512261
5140001005558,関西グリコ株式会社,兵庫県,神戸市西区,高塚台７丁目１番,6512271
5140001005582,神戸西開発株式会社,兵庫県,神戸市西区,櫨谷町寺谷３３７番地の１,6512231
5140001005608,日本システム株式会社,兵庫県,神戸市西区,美賀多台４丁目１５番地の１５,6512277
5140001005616,株式会社日本託殖開発,兵庫県,神戸市西区,持子３丁目１６番地の１,6512131
5140001005624,兵庫県教科書株式会社,兵庫県,神戸市西区,王塚台１丁目５５番１号,6512135
5140001005632,兵庫農機販売株式会社,兵庫県,神戸市西区,神出町宝勢３２５４番地の１,6512321
5140001008180,株式会社ジオテック,兵庫県,神戸市西区,伊川谷町有瀬６５６番地の３０６号,6512113
5140001010814,株式会社クリーンアップ・リーダー,兵庫県,神戸市西区,池上３丁目５番６号,6512111
5140001012496,株式会社泉工運,兵庫県,神戸市西区,伊川谷町長坂８３５番地,6512104
5140001013197,振興船舶株式会社,兵庫県,神戸市西区,春日台２丁目１４番４号,6512276
5140001013809,グッド・ハート株式会社,兵庫県,神戸市西区,池上３丁目６番地の２,6512111
5140001017462,コウア株式会社,兵庫県,神戸市西区,玉津町田中７９番地,6512147
5140001017537,株式会社信栄運送店,兵庫県,神戸市西区,玉津町水谷５５７番地の１４,6512121
5140001018196,株式会社伊藤組,兵庫県,神戸市西区,平野町中津８１５−２,6512257
5140001018213,ウエマツ株式会社,兵庫県,神戸市西区,伊川谷町有瀬１３４９,6512113
5140001018436,エスディー株式会社,兵庫県,神戸市西区,高塚台５丁目４番１５号,6512271
5140001018510,鈴木土木株式会社,兵庫県,神戸市西区,神出町宝勢１３９４番６,6512321
5140001018634,株式会社東洋クラフト第三事業部,兵庫県,神戸市西区,春日台１丁目５番地の１,6512276
5140001018667,株式会社西尾設備,兵庫県,神戸市西区,大津和１丁目１番１３号,6512112
5140001019293,ＤＸアンテナ株式会社,兵庫県,神戸市西区,室谷１丁目２番２号,6512241
5140001019590,株式会社デック,兵庫県,神戸市西区,伊川谷町潤和１１６３番地の１,6512124
5140001019632,株式会社神戸スプリームライフ,兵庫県,神戸市西区,持子２丁目１１番地の１,6512131
5140001019780,株式会社ヒューマン・クラスター,兵庫県,神戸市西区,伊川谷町有瀬１０４６番地の１、８０９号,6512113
5140001020053,株式会社キョーリツマシナリー,兵庫県,神戸市西区,森友４丁目１７番地,6512132
5140001020490,株式会社アンフ,兵庫県,神戸市西区,福吉台２丁目１０番地の６３,6512413
5140001020623,株式会社エイユツール,兵庫県,神戸市西区,北別府２丁目１５番地の３,6512117
5140001020697,株式会社ティ・アール・ラボラトリー,兵庫県,神戸市西区,宮下１丁目１３番２０号,6512146
5140001021019,株式会社ジェトコ,兵庫県,神戸市西区,学園東町１丁目７番地の５０,6512102
5140001021316,株式会社ＭＥＧＡ・ＪＰ,兵庫県,神戸市西区,岩岡町岩岡１５５３番地４,6512401
5140001021324,株式会社ウエムラ機械,兵庫県,神戸市西区,竜が岡３丁目４番地の１１,6512412
5140001021456,株式会社フロンティアシステム,兵庫県,神戸市西区,福吉台２丁目２５番地の３５,6512413
5140001021811,株式会社正直屋洋品店,兵庫県,神戸市西区,井吹台東町１丁目２−１番７−７０２号,6512242
5140001021910,株式会社佑斗,兵庫県,神戸市西区,伊川谷町上脇９６６−１,6512105
5140001022017,株式会社ジンレック,兵庫県,神戸市西区,平野町印路８８７番地,6512266
5140001022058,ジャパンスーパーコンダクタテクノロジー株式会社,兵庫県,神戸市西区,高塚台１丁目５番地の５,6512271
5140001022124,株式会社ガーデンパパ,兵庫県,神戸市西区,池上３丁目２番地の７,6512111
5140001022165,マミーズキッチン株式会社,兵庫県,神戸市西区,春日台１丁目２番地の３,6512276
5140001022818,株式会社ユーロックテクノパーツ,兵庫県,神戸市西区,白水３丁目１番２７号,6512129
5140001022999,株式会社ＧＬＯＲＢＥＣ,兵庫県,神戸市西区,岩岡町岩岡２０２２番地,6512401
5140001023015,株式会社ｔｉｐｏ　ｔｉｐ　ｔａｐ,兵庫県,神戸市西区,岩岡町印路７５２番地の３,6512402
5140001023080,新日本プラント株式会社,兵庫県,神戸市西区,学園東町１丁目４番地・１０２−９０４号,6512102
5140001023262,平和電機産業株式会社,兵庫県,神戸市西区,伊川谷町潤和１４４１番地の２,6512124
5140001023667,株式会社サカエ化工,兵庫県,神戸市西区,見津が丘１丁目２番地の５,6512228
5140001024013,株式会社バリューフーズ,兵庫県,神戸市西区,高塚台６丁目１９番地の１２,6512271
5140001024211,株式会社イデアル,兵庫県,神戸市西区,北別府５丁目１５番地の１３永谷ビル２Ｆ,6512117
5140001024483,株式会社驥設備,兵庫県,神戸市西区,桜が丘西町５丁目５番地の３,6512227
5140001024657,株式会社ニッポン・ナイジェリア,兵庫県,神戸市西区,伊川谷町有瀬１６３７番地の１,6512113
5140001024764,株式会社ひまわりライフ,兵庫県,神戸市西区,井吹台西町６丁目４９番地の４,6512243
5140001024995,株式会社新鮮組,兵庫県,神戸市西区,竜が岡２丁目４番地の８,6512412
5140001025226,株式会社舞子ホームサービス,兵庫県,神戸市西区,櫨谷町寺谷１２４２−５８１,6512231
5140001025309,株式会社ハヤシ冷機,兵庫県,神戸市西区,学園西町７丁目３番地７０４−５０２号,6512103
5140001025597,株式会社ベストシステム,兵庫県,神戸市西区,王塚台７丁目７１番地の１サンロイヤル神戸西２０３号,6512135
5140001025696,株式会社水沢自動車工業,兵庫県,神戸市西区,岩岡町岩岡２２２９番地の６４,6512401
5140001025721,株式会社協栄,兵庫県,神戸市西区,伊川谷町潤和７６２番地の１１,6512124
5140001025738,株式会社レオ建設,兵庫県,神戸市西区,玉津町吉田４９３番地の２,6512138
5140001025861,株式会社ワールド・ワンメンテナンス,兵庫県,神戸市西区,伊川谷町有瀬５６６番地,6512113
5140001025936,株式会社プリンス,兵庫県,神戸市西区,岩岡町野中５３７番地の４,6512405
5140001025952,株式会社サク・セゾン,兵庫県,神戸市西区,上新地１丁目１番地２,6512411
5140001026455,株式会社アイネットファクトリー,兵庫県,神戸市西区,井吹台西町３丁目１５番地の６,6512243
5140001026802,株式会社神星,兵庫県,神戸市西区,押部谷町押部７２２番地の１３５,6512212
5140001026950,株式会社ＭＥＡ,兵庫県,神戸市西区,樫野台５丁目３番地６−２４０３号,6512275
5140001026983,荒川化学株式会社,兵庫県,神戸市西区,春日台６丁目２２−３,6512276
5140001027057,新興不動産株式会社,兵庫県,神戸市西区,福吉台２丁目２番地１,6512413
5140001027197,株式会社サムシングフォー,兵庫県,神戸市西区,井吹台東町１丁目１１の５,6512242
5140001027239,株式会社テレスコテック,兵庫県,神戸市西区,平野町中津６６７番地の２,6512257
5140001027387,株式会社リピックス・ラボラトリーズ,兵庫県,神戸市西区,井吹台西町６丁目２番地の３,6512243
5140001027412,平和介護サービス株式会社,兵庫県,神戸市西区,押部谷町栄２２７−２,6512211
5140001027511,木戸建設株式会社,兵庫県,神戸市西区,前開南町２丁目４番１３号,6512109
5140001027536,株式会社Ｏ・Ｓ特殊金属,兵庫県,神戸市西区,岩岡町岩岡３２１１番地の１,6512401
5140001027569,ＦＴマーケティング株式会社,兵庫県,神戸市西区,池上２丁目３９番９号,6512111
5140001027602,株式会社神戸介護サービス,兵庫県,神戸市西区,伊川谷町有瀬１２６１番地,6512113
5140001027718,株式会社ＩＺＥＮＡ,兵庫県,神戸市西区,春日台１丁目１４番地の４,6512276
5140001027841,株式会社テクノスポーツ,兵庫県,神戸市西区,神出町小束野５１番地２８,6512304
5140001027981,株式会社Ｕテック,兵庫県,神戸市西区,竹の台１丁目１１番地の５,6512274
5140001028039,株式会社湯浅商店,兵庫県,神戸市西区,神出町東１０２７番地の１,6512311
5140001028105,東建産業株式会社,兵庫県,神戸市西区,伊川谷町潤和１６８２−１,6512124
5140001028212,株式会社ｍｉｚｕｓａｗａ,兵庫県,神戸市西区,岩岡町岩岡２６８４番地の１,6512401
5140001028294,株式会社リーズカンパニー,兵庫県,神戸市西区,水谷３丁目７番１８号,6512121
5140001028352,株式会社エムズ,兵庫県,神戸市西区,井吹台西町５丁目１５番地の３,6512243
5140001028377,ブランビジュ株式会社,兵庫県,神戸市西区,糀台２丁目２６番地２−７０７号,6512273
5140001028402,ＦＭＣ　ＪＡＰＡＮ株式会社,兵庫県,神戸市西区,伊川谷町有瀬８００番地の８,6512113
5140001028419,株式会社三電テクノ,兵庫県,神戸市西区,玉津町田中４８４番地の２,6512147
5140001028476,Ｍｅｉｓｈｏｋｕ　Ａｕｔｏｍｏｂｉｌｅ株式会社,兵庫県,神戸市西区,伊川谷町潤和９０４番地の２,6512124
5140001028550,株式会社ハーブテラス,兵庫県,神戸市西区,神出町五百蔵１１５番地,6512303
5140001028781,株式会社ケー・アイ・エンジニアリング,兵庫県,神戸市西区,伊川谷町有瀬１０４６番地の１、１４０４号,6512113
5140001028798,株式会社Ｍ＆Ｓコーポレーション,兵庫県,神戸市西区,伊川谷町有瀬８６１番地の２−６０５号,6512113
5140001028807,ＪＡ兵庫情報センター株式会社,兵庫県,神戸市西区,学園東町２丁目１番地の１,6512102
5140001028930,株式会社神撫,兵庫県,神戸市西区,桜が丘東町５丁目９番地の７,6512225
5140001028971,Ｐｒｏ−Ｔｕｒｆ　Ｉｎｔｅｒｎａｔｉｏｎａｌ　Ｊａｐａｎ株式会社,兵庫県,神戸市西区,伊川谷町有瀬字大池ノ北１１５７番地３伊川谷住宅１０号棟５０２号,6512113
5140001028988,株式会社豊伸建設,兵庫県,神戸市西区,櫨谷町長谷８３番２３,6512235
5140001029078,ＫＣアイランド株式会社,兵庫県,神戸市西区,櫨谷町谷口１５８−１,6512237
5140001029227,五代重機産業株式会社,兵庫県,神戸市西区,見津が丘１丁目１番地の６,6512228
5140001029243,株式会社ＪＵＮ,兵庫県,神戸市西区,伊川谷町潤和１１１１番地の２,6512124
5140001029359,株式会社日伸工業,兵庫県,神戸市西区,玉津町高津橋５２６番地の１３,6512122
5140001029391,株式会社粟津コーポレーション,兵庫県,神戸市西区,池上２丁目２６番地の９,6512111
5140001029581,里創建設工業株式会社,兵庫県,神戸市西区,大津和３丁目１番地の１０ジュネスタチバナ４２６号,6512112
5140001029747,ＰＥＣＧ株式会社,兵庫県,神戸市西区,糀台３丁目１０番地の４,6512273
5140001029895,西神エンジニアリング株式会社,兵庫県,神戸市西区,井吹台東町３丁目２８番地の６,6512242
5140001029945,株式会社Ｄ−アシスト,兵庫県,神戸市西区,北別府３丁目１４番地１,6512117
5140001030011,緑の広場株式会社,兵庫県,神戸市西区,神出町南４０８−８,6512312
5140001030102,株式会社Ｔ・Ｎソリューション,兵庫県,神戸市西区,美賀多台３丁目４番地の５,6512277
5140001030498,株式会社時商,兵庫県,神戸市西区,宮下１丁目２番１３,6512146
5140001030564,株式会社ジョブステート,兵庫県,神戸市西区,押部谷町福住６２８番地の２２２,6512213
5140001030589,クラフトホームビルダー株式会社,兵庫県,神戸市西区,伊川谷町有瀬４９０番地２,6512113
5140001030630,株式会社アイ・エフ・エム,兵庫県,神戸市西区,竹の台６丁目５番地３−１０８号,6512274
5140001030647,株式会社ランド,兵庫県,神戸市西区,玉津町出合９５番地の１,6512137
5140001030671,株式会社三和,兵庫県,神戸市西区,見津が丘３丁目１０番地の２,6512228
5140001030903,株式会社中央食品,兵庫県,神戸市西区,玉津町吉田４８４−３,6512138
5140001030936,株式会社ウメソック,兵庫県,神戸市西区,伊川谷町有瀬５０７番地,6512113
5140001031001,株式会社エイチ,兵庫県,神戸市西区,岩岡町岩岡９１２番地１,6512401
5140001031075,ＬＫジャパン株式会社,兵庫県,神戸市西区,見津が丘１丁目３−２,6512228
5140001031141,株式会社アライブ,兵庫県,神戸市西区,櫨谷町栃木１２８番地の１,6512236
5140001031257,株式会社タキオン,兵庫県,神戸市西区,秋葉台２丁目１番地の９９,6512224
5140001031521,株式会社ＭＥＩＳＴＥＲ,兵庫県,神戸市西区,北別府２丁目１６番地の４,6512117
5140001031579,株式会社ＢＡＴＴ,兵庫県,神戸市西区,北別府２丁目１４番地の１,6512117
5140001032024,株式会社シスター,兵庫県,神戸市西区,王塚台７丁目４５番地ハイツセイフウＡ−１０２,6512135
5140001032115,株式会社ブリス,兵庫県,神戸市西区,学園東町６丁目８番地の６,6512102
5140001032123,ＡＴＦ株式会社,兵庫県,神戸市西区,井吹台西町６丁目１２番地の１３,6512243
5140001032148,株式会社カーコック西神戸,兵庫県,神戸市西区,森友４丁目７６−１,6512132
5140001032263,株式会社ルミアール,兵庫県,神戸市西区,春日台６丁目１５番地の１１,6512276
5140001032271,株式会社菊見硝子,兵庫県,神戸市西区,玉津町水谷５７３番地の１３,6512121
5140001032387,株式会社フチガミ,兵庫県,神戸市西区,神出町紫合５４０番地の５８,6512334
5140001032404,株式会社ドリームウォーター,兵庫県,神戸市西区,竜が岡１丁目７番地の１,6512412
5140001032585,株式会社長城,兵庫県,神戸市西区,王塚台３丁目５番地の４,6512135
5140001032651,株式会社ラヴィー,兵庫県,神戸市西区,伊川谷町有瀬１２４８番地の１,6512113
5140001032668,株式会社パワーユナイテッド,兵庫県,神戸市西区,押部谷町福住６２８番地の５１８,6512213
5140001032726,株式会社ＭＰコーポレーション,兵庫県,神戸市西区,狩場台２丁目７番地の１５,6512272
5140001032783,株式会社リビング・ＰＲＯ,兵庫県,神戸市西区,北別府４丁目１３−７,6512117
5140001032882,株式会社壱路,兵庫県,神戸市西区,井吹台東町２丁目１番地２−３０９号,6512242
5140001032940,山岡木材建設株式会社,兵庫県,神戸市西区,伊川谷町布施畑１４６７番地の１,6512101
5140001032965,株式会社胡屋,兵庫県,神戸市西区,井吹台東町２丁目１番地、１−１０２号,6512242
5140001033162,株式会社グランツリー,兵庫県,神戸市西区,白水１丁目４１番１６号,6512129
5140001033311,三和不動産株式会社,兵庫県,神戸市西区,伊川谷町前開１３７４番地,6512108
5140001033377,株式会社やさしい手広野高原,兵庫県,神戸市西区,北山台３丁目１２番１５号,6512215
5140001033385,株式会社ワングッドアール,兵庫県,神戸市西区,伊川谷町長坂８８４番８,6512104
5140001033492,株式会社カンキョープランニング関西,兵庫県,神戸市西区,平野町繁田７２番地の１,6512262
5140001033542,株式会社ケーズクリエイト,兵庫県,神戸市西区,伊川谷町有瀬１０５８番地の１９,6512113
5140001033591,ヒデ企画株式会社,兵庫県,神戸市西区,伊川谷町有瀬５００,6512113
5140001033617,株式会社ハートサービス,兵庫県,神戸市西区,竹の台３丁目１７番地の４４,6512274
5140001033641,アルデル株式会社,兵庫県,神戸市西区,南別府１丁目１３番地の４サンスイート神戸１階,6512116
5140001034037,株式会社ドラフトワイン・システム,兵庫県,神戸市西区,見津が丘１丁目１５番地,6512228
5140001034301,株式会社クラフシス,兵庫県,神戸市西区,岩岡町岩岡２２４０番地の２,6512401
5140001034417,株式会社アカシ住宅,兵庫県,神戸市西区,王塚台１丁目１４２番地ハイツ鳥井２０５号,6512135
5140001034607,株式会社ゑびや,兵庫県,神戸市西区,高塚台５丁目４番７号,6512271
5140001036099,広野運送株式会社,兵庫県,神戸市西区,秋葉台１丁目１番２２号,6512224
5140001037989,株式会社国際リサイクル事業協会,兵庫県,神戸市西区,神出町田井２６６番地の１,6512313
5140001038005,株式会社ジーエヌエヌキッチン,兵庫県,神戸市西区,室谷１丁目６番１０,6512241
5140001038145,翔優株式会社,兵庫県,神戸市西区,伊川谷町有瀬１１８３番パラシオン有瀬２０１号室,6512113
5140001042287,東和商事株式会社,兵庫県,神戸市西区,押部谷町和田４９８番５,6512206
5140001045257,株式会社オオナガ,兵庫県,神戸市西区,井吹台北町２丁目１９番地の１、１４２１号,6512244
5140001047170,株式会社ステラマインド,兵庫県,神戸市西区,学園西町２丁目５番地の１３７,6512103
5140001047179,ワグナーモータースポーツ株式会社,兵庫県,神戸市西区,森友４丁目７３番地,6512132
5140001047253,株式会社マルニ,兵庫県,神戸市西区,狩場台３丁目９番７号,6512272
5140001057293,株式会社カームシー,兵庫県,神戸市西区,桜が丘西町３丁目１７番地の１０,6512227
5140001057401,岸重機株式会社,兵庫県,神戸市西区,今寺３５番地の１２,6512114
5140001058655,株式会社ケィ・ヴィコーポレーション,兵庫県,神戸市西区,森友１丁目８,6512132
5140001064505,兵庫建機産業株式会社,兵庫県,神戸市西区,玉津町高津橋４３７番地,6512122
5140001067391,株式会社Ｒ＆Ｂ,兵庫県,神戸市西区,狩場台２丁目１３番地の１７,6512272
5140001067615,株式会社いぶきの風,兵庫県,神戸市西区,伊川谷町有瀬６９６番地２,6512113
5140001067739,株式会社オフィス・ワイズ,兵庫県,神戸市西区,学園東町３丁目６５９番地の１１６,6512102
5140001077713,株式会社あすなろ,兵庫県,神戸市西区,岩岡町野中６６９番地,6512405
5140001086771,株式会社興栄設備工業,兵庫県,神戸市西区,櫨谷町福谷１２７番地,6512233
5140001087489,株式会社ワークスエンジニアリング,兵庫県,神戸市西区,井吹台西町６丁目１３番地の１,6512243
5140001087506,株式会社静商事,兵庫県,神戸市西区,玉津町居住字替床４５番地の１,6512145
5140001087670,株式会社ラッシュ,兵庫県,神戸市西区,玉津町田中４８２−１−３０１,6512147
5140001087951,株式会社くるーずせとうち,兵庫県,神戸市西区,桜が丘中町４丁目５番地の５,6512226
5140001088058,アグライア株式会社,兵庫県,神戸市西区,白水２丁目１０番８号,6512129
5140001088396,株式会社ファーストワークス,兵庫県,神戸市西区,池上４丁目２６−１ネオセゾン上月Ｎ−１,6512111
5140001088446,株式会社Ｓｔ．Ｂｅｒｎａｒｄ,兵庫県,神戸市西区,上新地１丁目１−７−２０３,6512411
5140001088677,株式会社エスケーワン,兵庫県,神戸市西区,竜が岡５丁目１４番地の２９,6512412
5140001088743,株式会社アウルグリーン,兵庫県,神戸市西区,池上５丁目１３番地の９,6512111
5140001089114,株式会社シップス,兵庫県,神戸市西区,小山３丁目８番１１号,6512144
5140001089196,株式会社ＶＥＮＵＳ　ＴＤ,兵庫県,神戸市西区,伊川谷町有瀬２９番地の１１の１Ｆ,6512113
5140001089246,ロジスティー株式会社,兵庫県,神戸市西区,中野２丁目９番地の１２,6512136
5140001089452,田中通商株式会社,兵庫県,神戸市西区,玉津町高津橋７０９番地の１,6512122
5140001089989,株式会社フィールドトランスポート,兵庫県,神戸市西区,櫨谷町谷口１５８−１,6512237
5140001090014,株式会社リヨントラスト,兵庫県,神戸市西区,水谷３丁目１１番２６号,6512121
5140001090212,株式会社キャルファーム神戸,兵庫県,神戸市西区,岩岡町印路５６番地,6512402
5140001090352,株式会社みどりの風,兵庫県,神戸市西区,池上２丁目３９番地の７グランドメゾン池上ＩＩ２０５号室,6512111
5140001091053,株式会社セーフティプランニングオフィス,兵庫県,神戸市西区,竹の台５丁目２０番地の３５,6512274
5140001091292,ＫＡＧＡＭＩ建設株式会社,兵庫県,神戸市西区,学園西町６丁目３番地の４,6512103
5140001091301,山本設備株式会社,兵庫県,神戸市西区,伊川谷町前開１９１７−２８,6512108
5140001091409,コーポウェル株式会社,兵庫県,神戸市西区,狩場台２丁目１３番地の１,6512272
5140001092349,株式会社梁建,兵庫県,神戸市西区,神出町小束野４０番地の３６,6512304
5140001092514,株式会社Ｐｅｔｒｏ　ｐａｃｉｆ,兵庫県,神戸市西区,竜が岡５丁目２４番地の１４,6512412
5140001092860,株式会社佐久間不動産,兵庫県,神戸市西区,大沢２丁目６番地の１７,6512414
5140001093545,株式会社明南興産,兵庫県,神戸市西区,糀台２丁目１０番地の１０,6512273
5140001094139,株式会社プロトテック,兵庫県,神戸市西区,白水３丁目１番２７号,6512129
5140001094527,株式会社三八一,兵庫県,神戸市西区,伊川谷町潤和１４４１番地の２平和マンション２０１号,6512124
5140001094873,明石テック株式会社,兵庫県,神戸市西区,王塚台７丁目３５番地１,6512135
5140001094997,株式会社英建築,兵庫県,神戸市西区,池上５丁目８番地の１７,6512111
5140001095252,株式会社和屋,兵庫県,神戸市西区,中野２丁目１７番地の４,6512136
5140001095277,真生株式会社,兵庫県,神戸市西区,美賀多台１丁目９−１−９０８号,6512277
5140001095830,株式会社高寄商店,兵庫県,神戸市西区,白水２丁目９番１１号,6512129
5140001095946,株式会社豊福電気,兵庫県,神戸市西区,玉津町出合２０３番地７,6512137
5140001095970,株式会社モスハウス田端,兵庫県,神戸市西区,伊川谷町有瀬３３８番地の６,6512113
5140001096192,深喜株式会社,兵庫県,神戸市西区,伊川谷町潤和１４７０番地,6512124
5140001096457,株式会社ＮＡＴＴＹ,兵庫県,神戸市西区,井吹台北町１丁目１９番地１４１７号,6512244
5140001096481,株式会社松井工務店,兵庫県,神戸市西区,神出町小束野字道端５６番７,6512304
5140001096663,株式会社リミテック,兵庫県,神戸市西区,池上２丁目９番地の５,6512111
5140001096903,株式会社メディエイト,兵庫県,神戸市西区,井吹台東町３丁目１９番地の４,6512242
5140001096911,株式会社５５,兵庫県,神戸市西区,北別府４丁目１４−２,6512117
5140001097406,トータルカーサービスシンキ株式会社,兵庫県,神戸市西区,北別府５丁目１８９８番地の７８,6512117
5140001098016,株式会社ヤンバル,兵庫県,神戸市西区,岩岡町岩岡１５３１番地,6512401
5140001098098,株式会社エルスタッド,兵庫県,神戸市西区,北別府３丁目１番地の６リベール西神戸クイーンズ２０３号,6512117
5140001098676,株式会社ｋｕｒａｍｏｔｏ,兵庫県,神戸市西区,押部谷町福住５７９番地１８,6512213
5140001099113,株式会社ビューティサプライマネジメント,兵庫県,神戸市西区,宮下１丁目１３番２０号,6512146
5140001099360,株式会社ＭＰコーポレーション,兵庫県,神戸市西区,伊川谷町有瀬８１９番地の１,6512113
5140001099872,株式会社神戸アロイ,兵庫県,神戸市西区,学園東町７丁目３８番地の６,6512102
5140001100029,株式会社コテック,兵庫県,神戸市西区,白水１丁目７番１２号,6512129
5140001100342,株式会社山國屋,兵庫県,神戸市西区,学園東町３丁目１８８４番地の３５カルチェリベルテ学園都市１３１５号,6512102
5140001100482,株式会社ユナイテッドエムズ,兵庫県,神戸市西区,狩場台５丁目５番地の８３,6512272
5140001100516,株式会社きのした新聞販売,兵庫県,神戸市西区,王塚台７丁目２９番４号,6512135
5140001100540,株式会社増田建設,兵庫県,神戸市西区,水谷１丁目１０番２１号,6512121
5140001100656,株式会社ワイム,兵庫県,神戸市西区,玉津町出合１２３番地の３,6512137
5140001100788,株式会社戸田塗装,兵庫県,神戸市西区,櫨谷町長谷１７１番地の１,6512235
5140001100912,株式会社久兼,兵庫県,神戸市西区,伊川谷町有瀬８４８番地の２,6512113
5140001101159,株式会社サージェ林,兵庫県,神戸市西区,北別府４丁目２１２０番地,6512117
5140001101662,株式会社三幸工業,兵庫県,神戸市西区,北別府４丁目２０９６番地,6512117
5140001101811,株式会社小川工業,兵庫県,神戸市西区,伊川谷町有瀬１１９番地１６,6512113
5140001101927,株式会社Ｃｏｏｋｉｅｓ　Ｏｆ　Ｆｏｒｔｕｎｅ,兵庫県,神戸市西区,前開南町２丁目６番３１号グレイスコート１Ｆ,6512109
5140001102041,株式会社木下建築,兵庫県,神戸市西区,大沢１丁目８番地の１,6512414
5140001102198,家事リフォーム株式会社,兵庫県,神戸市西区,南別府３丁目４番２−１０４号,6512116
5140001102462,株式会社ベーシック,兵庫県,神戸市西区,狩場台２丁目１６番地の８,6512272
5140001102479,梓美創株式会社,兵庫県,神戸市西区,岩岡町古郷３０１−１０,6512404
5140001102520,ウィステリア株式会社,兵庫県,神戸市西区,南別府２丁目９番地の３,6512116
5140001102660,株式会社Ａｒｓ,兵庫県,神戸市西区,竜が岡４丁目１９番地の１,6512412
5140001103329,株式会社マスダ,兵庫県,神戸市西区,宮下３丁目３０番５号,6512146
5140001103691,ＮＳＭＳＮ株式会社,兵庫県,神戸市西区,桜が丘東町１丁目１３番地の４,6512225
5140001103733,佐々木工業株式会社,兵庫県,神戸市西区,玉津町高津橋７０９番地の１,6512122
5140001104203,株式会社ＺＥＡＬ,兵庫県,神戸市西区,玉津町西河原１０９−５,6512127
5140001105028,株式会社扇電設工業,兵庫県,神戸市西区,大沢２丁目４−１５,6512414
5140001105234,株式会社クリーントラスト,兵庫県,神戸市西区,月が丘３丁目１２番地の１５,6512217
5140001105465,株式会社谷屋,兵庫県,神戸市西区,学園東町７丁目３５番地の３,6512102
5140001105498,株式会社ｉＭＥＣ,兵庫県,神戸市西区,桜が丘中町５丁目３番地の８,6512226
5140001105754,株式会社カーリペア神戸,兵庫県,神戸市西区,北別府２丁目１６番地の５,6512117
5140001105762,セイシンクリーン株式会社,兵庫県,神戸市西区,樫野台５丁目３番地、６−１６０２号,6512275
5140001106216,株式会社エナジーシンク,兵庫県,神戸市西区,大沢１丁目４番地の１,6512414
5140001106711,株式会社オーケイハウジング,兵庫県,神戸市西区,白水２丁目６番１号１階,6512129
5140001108971,株式会社ツカサ電設,兵庫県,神戸市西区,玉津町今津１３５番地の４,6512128
5140001109292,株式会社王子パッキング,兵庫県,神戸市西区,平野町中津９４２,6512257
5140001109301,株式会社たちばな,兵庫県,神戸市西区,伊川谷町有瀬７９９番地の１７,6512113
5140001109557,株式会社ＭＡＲＳ,兵庫県,神戸市西区,櫨谷町松本３５１−１,6512239
5140001109598,株式会社啓工務店,兵庫県,神戸市西区,伊川谷町有瀬５１０番地の２,6512113
5140001109846,株式会社カワナベアンドパートナーズ,兵庫県,神戸市西区,宮下１丁目２１番７４号,6512146
5140001110110,株式会社ＯＧＳ,兵庫県,神戸市西区,美賀多台９丁目２番地２,6512277
5140001110416,株式会社章真,兵庫県,神戸市西区,王塚台１丁目１３０番地の１,6512135
5140001110688,近畿開発株式会社,兵庫県,神戸市西区,岩岡町古郷１３６１番地,6512404
5140001111141,株式会社ＭＹＫシステム,兵庫県,神戸市西区,宮下１丁目１５番３号,6512146
5140001111562,ダイショウ建設株式会社,兵庫県,神戸市西区,桜が丘西町３丁目１３番地の３,6512227
5140001111587,株式会社ＢＲＵＥ,兵庫県,神戸市西区,伊川谷町有瀬１４５７番地の１,6512113
5140001112032,株式会社みらい,兵庫県,神戸市西区,長畑町８番地の３,6512148
5140001112916,株式会社ＬｉｖｅＬａｂｏ,兵庫県,神戸市西区,丸塚２丁目４番３６号,6512143
5140001112965,神戸フーズ株式会社,兵庫県,神戸市西区,伊川谷町有瀬６２４番地の４,6512113
5140001113393,株式会社マテリエ,兵庫県,神戸市西区,室谷２丁目７番地５,6512241
5140001113600,株式会社石田電工,兵庫県,神戸市西区,南別府１丁目３番地の１６,6512116
5140001113880,株式会社ＣｌｏｖｅｒＫｉｔｃｈｅｎ,兵庫県,神戸市西区,前開南町２丁目１３番１４号,6512109
5140001114771,ＭｏｎｏｐｏｌｅＡｐｐｓ株式会社,兵庫県,神戸市西区,井吹台東町５丁目７６番地の１２,6512242
5140001115852,株式会社ＴＡＫＡＴＯＭＯ,兵庫県,神戸市西区,伊川谷町上脇６６９番地の１−２Ｆ,6512105
5140001115919,株式会社ニスト,兵庫県,神戸市西区,岩岡町古郷字南場８４２番３,6512404
5140001115943,株式会社Ｓ１建築工房,兵庫県,神戸市西区,玉津町出合１８６番地２,6512137
5140001116000,吉川地所株式会社,兵庫県,神戸市西区,水谷１丁目１７番５号,6512121
5140001116041,石井工業株式会社,兵庫県,神戸市西区,小山１丁目１８番９号,6512144
5140001116421,中山商事株式会社,兵庫県,神戸市西区,櫨谷町谷口１６８番４,6512237
5140001117056,小田商株式会社,兵庫県,神戸市西区,富士見が丘２丁目１１番地の４,6512214
5140001117601,株式会社市兵衛,兵庫県,神戸市西区,北別府２丁目６番地の６,6512117
5140001117989,株式会社伊藤建設,兵庫県,神戸市西区,伊川谷町有瀬２５５番地の１８,6512113
5140001118368,ＫＳＭ株式会社,兵庫県,神戸市西区,伊川谷町有瀬７２５番地の４,6512113
5140001118657,株式会社コープブレッドファーム,兵庫県,神戸市西区,見津が丘３丁目８番地の５,6512228
5140001119044,深清株式会社,兵庫県,神戸市西区,学園東町１丁目５番地,6512102
5140001119317,株式会社安藤設備,兵庫県,神戸市西区,水谷２丁目２番１５号,6512121
5140001119390,株式会社ＣＢＰ,兵庫県,神戸市西区,平野町黒田字下河原３２２番地の１,6512268
5140001119424,エレガンテ・グループ株式会社,兵庫県,神戸市西区,岩岡町岩岡７２８番地の２５,6512401
5140001119523,あ・うんナーシング株式会社,兵庫県,神戸市西区,小山２丁目２番１５−１０１号,6512144
5140001120539,株式会社永井ハウス,兵庫県,神戸市西区,枝吉４丁目１７４番地,6512133
5140001121017,株式会社Ｓｅａ　Ｔｒａｃｔｉｏｎ,兵庫県,神戸市西区,伊川谷町潤和２３８番３５６号,6512124
5140001121289,株式会社シンカハウス,兵庫県,神戸市西区,伊川谷町有瀬５１３番地１Ｆ,6512113
5140001121628,アカデミック株式会社,兵庫県,神戸市西区,平野町西戸田５２０−１,6512267
5140001121743,株式会社ＪＨ,兵庫県,神戸市西区,長畑町３００番地の１,6512148
5140001121966,株式会社塩田興業,兵庫県,神戸市西区,秋葉台２丁目１番地の１,6512224
5140001122634,株式会社藤井工業,兵庫県,神戸市西区,池上２丁目３９番地の７−３Ｆ,6512111
5140001123293,吉岡建築株式会社,兵庫県,神戸市西区,岩岡町古郷１２４０番地の１,6512404
5140001123483,株式会社片山装工,兵庫県,神戸市西区,池上２丁目７番地の１５,6512111
5140001123814,長谷川鑑定株式会社,兵庫県,神戸市西区,富士見が丘４丁目３番地の１６,6512214
5140001124011,株式会社ＲＯＵＮＤ　ＳＴＯＮＥ,兵庫県,神戸市西区,森友５丁目１０３番地,6512132
5140001124408,株式会社コンパーノ,兵庫県,神戸市西区,富士見が丘２丁目１４番地の２,6512214
5140001124531,株式会社ＡＩＲ　ＰＲＩＭＥ,兵庫県,神戸市西区,玉津町出合４６７番地の１１,6512137
5140001124944,株式会社ボスワン,兵庫県,神戸市西区,樫野台３丁目７番地の１８,6512275
5140001125835,株式会社ＹＯＵスマイル,兵庫県,神戸市西区,天が岡６７９番地の３４,6512141
5140001126511,中野建築株式会社,兵庫県,神戸市西区,伊川谷町有瀬３１番１号ファルファーラ伊川谷１１０,6512113
5140001127063,Ｍ＆Ｍ　Ｓｉｓｔｅｒｓ株式会社,兵庫県,神戸市西区,竹の台２丁目１番地の３２,6512274
5140001127336,株式会社りあん,兵庫県,神戸市西区,押部谷町養田６１１番地の４,6512205
5140001127360,ＢｌｕｅＯｃｅａｎＣｒｅａｔｉｖｅＰａｒｔｎｅｒｓ株式会社,兵庫県,神戸市西区,井吹台東町３丁目２番地１３−２０３号,6512242
5140001127435,子午線不動産サービス株式会社,兵庫県,神戸市西区,小山３丁目８番１１号,6512144
5140001127690,株式会社Ｎｅｗｆｕｚｚ,兵庫県,神戸市西区,和井取１２番１９号,6512120
5140001128235,株式会社ＬＩＦＥ　ＳＴＩＴＣＨ,兵庫県,神戸市西区,伊川谷町有瀬１１５７番地２−５０２号,6512113
5140001128383,株式会社日航商店,兵庫県,神戸市西区,森友１丁目１１８番地,6512132
5140001129010,株式会社ＨＩＲＯＴＥＣ,兵庫県,神戸市西区,小山２丁目６番１８号,6512144
5140001129316,ＧＥ株式会社,兵庫県,神戸市西区,秋葉台３丁目９番地の８,6512224
5140001129480,株式会社コランダム,兵庫県,神戸市西区,玉津町小山下大田１１８−１ティージーテクノビル３Ｆ,6512144
5140001129753,株式会社Ｂｏｎｄ,兵庫県,神戸市西区,井吹台北町４丁目２４番地の１７,6512244
5140001129828,株式会社Ｃｏ＆ｂｅ,兵庫県,神戸市西区,岩岡町岩岡字中筋１６３７番２,6512401
5140001129992,株式会社ヒロテック,兵庫県,神戸市西区,桜が丘西町３丁目１１番地の１３,6512227
5140001130595,株式会社ＬＩＦＩＸ,兵庫県,神戸市西区,北別府３丁目１５番地６,6512117
5140001130620,Ｋ２．エンジ株式会社,兵庫県,神戸市西区,伊川谷町有瀬１５１２番地６−３０４,6512113
5140001130686,株式会社ホンダ不動産,兵庫県,神戸市西区,伊川谷町有瀬６９６−４７−２０１,6512113
5140001131206,レイ不動産株式会社,兵庫県,神戸市西区,学園西町２丁目５番地の１３７,6512103
5140001131239,株式会社藤井産業,兵庫県,神戸市西区,櫨谷町福谷１２２番地,6512233
5140001131494,株式会社インテリオン,兵庫県,神戸市西区,長畑町２９３番地の２,6512148
5140001131511,株式会社ＷＯＲＫＥＲＺ　ＥＸＩＴ,兵庫県,神戸市西区,櫨谷町長谷２０１,6512235
5140001132047,株式会社Ｓａｌｕｔｅ,兵庫県,神戸市西区,伊川谷町有瀬７９９番地の８,6512113
5140001132344,株式会社Ｐｏｍｍｅ,兵庫県,神戸市西区,月が丘５丁目１番１３号,6512217
5140001133433,株式会社結び屋,兵庫県,神戸市西区,池上２丁目２６番地の３５,6512111
5140001133482,株式会社翔建,兵庫県,神戸市西区,和井取３番２７−２０１号,6512120
5140001133565,株式会社ＫＦＴ,兵庫県,神戸市西区,櫨谷町福谷６２３番地,6512233
5140001133680,株式会社ＩＣＨＩＲＯ　ＷＥＬＤＩＮＧ,兵庫県,神戸市西区,櫨谷町福谷９０,6512233
5140001134043,株式会社ＰＲＩＤＳ,兵庫県,神戸市西区,学園西町１丁目３番地の２、８１２号,6512103
5140001134646,きつね森株式会社,兵庫県,神戸市西区,竹の台２丁目１２番地の２２,6512274
5140001134786,株式会社アイナ,兵庫県,神戸市西区,今寺２２番地の２４,6512114
5140001135165,株式会社マネッジキャピタル,兵庫県,神戸市西区,北別府５丁目６番地の１６,6512117
5140001135207,縁絆貿易株式会社,兵庫県,神戸市西区,伊川谷町別府９２−１−２０１号,6512115
5140001135487,株式会社Ｌｉｅｒｒｅ,兵庫県,神戸市西区,櫨谷町寺谷１２４２−５８１,6512231
5140001135603,ＤＭエバーラスティング株式会社,兵庫県,神戸市西区,玉津町上池２３３−１,6512126
5140001136163,株式会社陽建設,兵庫県,神戸市西区,玉津町今津５８３番地の１１,6512128
5140001137178,株式会社Ｊ‐ＳＯＵＮＤ,兵庫県,神戸市西区,学園東町７丁目１４番地の６,6512102
5140001137401,株式会社Ｌｅｃｏ,兵庫県,神戸市西区,宮下２丁目１６番１３号,6512146
5140001137517,株式会社ＴＵＫ‐ＲＯ,兵庫県,神戸市西区,大津和２丁目４番地の７４,6512112
5140001137533,玖ホールディングス株式会社,兵庫県,神戸市西区,白水２丁目５番２４号,6512129
5140001137839,株式会社ゴールドリバー,兵庫県,神戸市西区,狩場台２丁目１２番地の１,6512272
5140001138358,株式会社ｕｎｉｏｎ,兵庫県,神戸市西区,学園東町７丁目２１番９号,6512102
5140001138663,株式会社あるま,兵庫県,神戸市西区,櫨谷町栃木１４４−３−１０５号,6512236
5140001138746,ＤＡＳＨ株式会社,兵庫県,神戸市西区,岩岡町岩岡３００５番地,6512401
5140001140363,株式会社テイクルートメディカル,兵庫県,神戸市西区,櫨谷町友清字宮下２２番地１−１０３,6512232
5140001140479,守永汽船株式会社,兵庫県,神戸市西区,伊川谷町潤和２３８−３５６,6512124
5140001140768,株式会社Ｌｉｇｈｔ　Ｌｅａｆ,兵庫県,神戸市西区,竹の台５丁目１９番地の１２０,6512274
5140001140933,株式会社桜梅桃李,兵庫県,神戸市西区,南別府１丁目２１番地の１グッドライフ伊川谷２０２,6512116
5140001141320,株式会社鈴木重機,兵庫県,神戸市西区,竜が岡５丁目２４番地の２７,6512412
5140001141551,ＫＭＫ株式会社,兵庫県,神戸市西区,糀台２丁目２６番地２−９１１号,6512273
5140001142054,ＬＡＳＶＩＴ　ＪＡＰＡＮ株式会社,兵庫県,神戸市西区,見津が丘２丁目２番地の１,6512228
5140001142161,株式会社あかつきホールディングス,兵庫県,神戸市西区,伊川谷町有瀬２７番地,6512113
5140002016918,買取自販兵庫株式会社,兵庫県,神戸市西区,枝吉５丁目１４８番地,6512133
5140002020985,株式会社四方継,兵庫県,神戸市西区,池上３丁目６−７ＳＵＭＩＲＥ．ＣＯｍｐｌｅｘ２０１,6512111
5140002024400,株式会社Ｏｆｆｉｃｅほけんや,兵庫県,神戸市西区,中野１丁目１９番地の８,6512136
5140002024433,株式会社ｎｏａ．Ｌｉｆｅ,兵庫県,神戸市西区,北別府４丁目２０９２番地３−４号室,6512117
5140002030308,株式会社謙心サービス,兵庫県,神戸市西区,美賀多台１丁目９番地の２、１−３０２号,6512277
5140003005523,トレジャーパワー株式会社,兵庫県,神戸市西区,長畑町７番地の２０,6512148
6011801025930,株式会社功来華,兵庫県,神戸市西区,竜が岡１丁目７番地の１,6512412
6020001132066,株式会社ｃａｄｅｌｉｅ,兵庫県,神戸市西区,伊川谷町有瀬６９６−４７,6512113
6120001079000,株式会社ティビーエス研究所,兵庫県,神戸市西区,宮下１丁目１３番１０号,6512146
6120001115259,株式会社プロローグ,兵庫県,神戸市西区,平野町慶明１８３番地の７０,6512255
6120001201125,ＫｏＫｏマリンサービス株式会社,兵庫県,神戸市西区,王塚台１丁目６番地,6512135
6140001002769,株式会社ラグタイム,兵庫県,神戸市西区,学園東町４丁目５２−３,6512102
6140001004369,株式会社愛建,兵庫県,神戸市西区,水谷１丁目１９番４１号,6512121
6140001004377,青野産業株式会社,兵庫県,神戸市西区,大津和１丁目１番地の１１,6512112
6140001004419,株式会社穴田珈琲,兵庫県,神戸市西区,神出町広谷６０８番地の４,6512331
6140001004451,株式会社一壽総合設計,兵庫県,神戸市西区,秋葉台１丁目３番地の１９,6512224
6140001004468,株式会社岩永工務店,兵庫県,神戸市西区,玉津町水谷中坪３１６番地の１,6512121
6140001004484,株式会社上田鉄工所,兵庫県,神戸市西区,森友２丁目３３番地の１,6512132
6140001004501,エコライフ神戸株式会社,兵庫県,神戸市西区,岩岡町岩岡６１６番地の１０７,6512401
6140001004526,株式会社エム・シー・シーサービス,兵庫県,神戸市西区,桜が丘西町２丁目１８番地の２,6512227
6140001004534,大島食品株式会社,兵庫県,神戸市西区,平野町印路６１３番地の１９,6512266
6140001004583,株式会社関西三協,兵庫県,神戸市西区,岩岡町野中５６４番地の５,6512405
6140001004591,株式会社関西美装,兵庫県,神戸市西区,池上５丁目４番地の１,6512111
6140001004609,株式会社カネカフード,兵庫県,神戸市西区,高塚台２丁目１１番地の１,6512271
6140001004633,株式会社近畿義肢製作所,兵庫県,神戸市西区,伊川谷町有瀬９９０番地の１,6512113
6140001004658,協栄商事株式会社,兵庫県,神戸市西区,玉津町出合字中筋４５６番地の１,6512137
6140001004674,久保産業株式会社,兵庫県,神戸市西区,伊川谷町有瀬８４３番地の１,6512113
6140001004690,木村商事株式会社,兵庫県,神戸市西区,枝吉３丁目６７番地,6512133
6140001004699,興栄工作株式会社,兵庫県,神戸市西区,南別府１丁目１番地の１１,6512116
6140001004716,株式会社興和,兵庫県,神戸市西区,櫨谷町長谷２０２番地の１,6512235
6140001004724,株式会社コスモ商会,兵庫県,神戸市西区,桜が丘東町５丁目１番地の４,6512225
6140001004732,株式会社五代製作所,兵庫県,神戸市西区,岩岡町古郷１５３２番地の３,6512404
6140001004757,株式会社三浩,兵庫県,神戸市西区,平野町西戸田２７２番地,6512267
6140001004773,株式会社サン・キドー,兵庫県,神戸市西区,池上３丁目２番地の７,6512111
6140001004807,株式会社さみつ,兵庫県,神戸市西区,曙町１３４３番地の１,6512134
6140001004815,株式会社サンワオートセンター,兵庫県,神戸市西区,王塚台７丁目１０５番地,6512135
6140001004831,株式会社シィーロック,兵庫県,神戸市西区,伊川谷町潤和１１５５番地の６,6512124
6140001004864,株式会社シバトコ,兵庫県,神戸市西区,押部谷町木津１４０番地,6512222
6140001004872,神明トーヨー住器株式会社,兵庫県,神戸市西区,平野町中津２７７,6512257
6140001004897,株式会社住宅インテリアコパル,兵庫県,神戸市西区,押部谷町木見６６４番地の１,6512223
6140001004906,株式会社祥和鉄工所,兵庫県,神戸市西区,伊川谷町潤和字六反田１０７７番地の４,6512124
6140001004914,親和工業株式会社,兵庫県,神戸市西区,押部谷町細田９７番地,6512207
6140001004922,株式会社スズキ自販兵庫,兵庫県,神戸市西区,伊川谷町有瀬１５６７番地の１,6512113
6140001004947,株式会社西神重機建設,兵庫県,神戸市西区,北山台３丁目７番２１号,6512215
6140001004955,株式会社西神南リース,兵庫県,神戸市西区,櫨谷町友清２６６番地,6512232
6140001004963,株式会社関口建設,兵庫県,神戸市西区,伊川谷町有瀬５５２番地,6512113
6140001004971,株式会社セプト,兵庫県,神戸市西区,枝吉１丁目１３８番地,6512133
6140001004988,大栄電機株式会社,兵庫県,神戸市西区,高塚台３丁目２番地５３,6512271
6140001005020,株式会社太陽,兵庫県,神戸市西区,平野町中津６１０番地,6512257
6140001005029,株式会社高木商会,兵庫県,神戸市西区,池上１丁目１４番地の７,6512111
6140001005037,株式会社竹中工務店,兵庫県,神戸市西区,神出町古神７０４番地,6512302
6140001005045,宝海草株式会社,兵庫県,神戸市西区,伊川谷町小寺定連９番地,6512107
6140001005053,タツミ商事株式会社,兵庫県,神戸市西区,桜が丘東町２丁目８番地の１３,6512225
6140001005061,田中産業株式会社,兵庫県,神戸市西区,玉津町今津４１９番地の４,6512128
6140001005094,株式会社デンソーテンテクノセプタ,兵庫県,神戸市西区,室谷１丁目６番４,6512241
6140001005103,株式会社東亜建機,兵庫県,神戸市西区,伊川谷町潤和３１１番地の２１,6512124
6140001005136,中川建設株式会社,兵庫県,神戸市西区,伊川谷町有瀬３４０番地の６,6512113
6140001005152,株式会社長橋工作所,兵庫県,神戸市西区,櫨谷町福谷１４７番地,6512233
6140001005169,株式会社西神戸ツーリスト,兵庫県,神戸市西区,北別府４丁目１４番地の４,6512117
6140001005210,博多石材株式会社,兵庫県,神戸市西区,竜が岡４丁目１８番地の５,6512412
6140001005227,株式会社服部章設計事務所,兵庫県,神戸市西区,竹の台４丁目５番地の４,6512274
6140001005251,ビッグファースト株式会社,兵庫県,神戸市西区,伊川谷町有瀬１３２３番地,6512113
6140001005268,平野設備工業株式会社,兵庫県,神戸市西区,平野町常本２５４,6512263
6140001005284,藤井運輸株式会社,兵庫県,神戸市西区,櫨谷町福谷２４５番地の１,6512233
6140001005292,株式会社藤居住建,兵庫県,神戸市西区,北別府３丁目７番地の７,6512117
6140001005318,井上食品株式会社,兵庫県,神戸市西区,池上１丁目１３番地の９,6512111
6140001005326,株式会社ペリカン,兵庫県,神戸市西区,押部谷町栄３０９番地,6512211
6140001005342,堀内建設株式会社,兵庫県,神戸市西区,櫨谷町長谷字大坪２２２番地の１２,6512235
6140001005350,株式会社前野組,兵庫県,神戸市西区,伊川谷町前開１８４番地,6512108
6140001005359,松田内燃機株式会社,兵庫県,神戸市西区,伊川谷町潤和７５０番地の４,6512124
6140001005367,株式会社摩耶鉄工所,兵庫県,神戸市西区,伊川谷町潤和西ノ口７６０番地の１,6512124
6140001005375,株式会社丸廣,兵庫県,神戸市西区,水谷１丁目４番５号,6512121
6140001005391,株式会社みどり住宅,兵庫県,神戸市西区,宮下１丁目２８番地の７,6512146
6140001005433,森川壁材株式会社,兵庫県,神戸市西区,森友５丁目３０番地,6512132
6140001005441,株式会社森脇興産,兵庫県,神戸市西区,池上３丁目２番地の７,6512111
6140001005458,山口電気工業株式会社,兵庫県,神戸市西区,持子３丁目５２番地２,6512131
6140001005474,株式会社ユー,兵庫県,神戸市西区,伊川谷町有瀬７１７番地の２,6512113
6140001005499,吉田実業株式会社,兵庫県,神戸市西区,福吉台２丁目８番地の１３,6512413
6140001005532,株式会社菱栄,兵庫県,神戸市西区,伊川谷町有瀬１０６０番地の１０,6512113
6140001005540,株式会社ろっこう,兵庫県,神戸市西区,玉津町居住１５６番地の１,6512145
6140001005573,神戸鉄工建設株式会社,兵庫県,神戸市西区,神出町東１１８２番地１２０,6512311
6140001005607,日本装路株式会社,兵庫県,神戸市西区,小山３丁目８番地７,6512144
6140001005623,兵庫県教育図書販売株式会社,兵庫県,神戸市西区,王塚台１丁目５５番１号,6512135
6140001007636,シスメックス国際試薬株式会社,兵庫県,神戸市西区,高塚台４丁目３番地２,6512271
6140001007652,株式会社ココロフードサービスシステムズ,兵庫県,神戸市西区,井吹台西町４丁目１番地８−１０１号,6512243
6140001007842,株式会社サンコーフェニックス,兵庫県,神戸市西区,樫野台５丁目３番地７−１１０２号,6512275
6140001008411,下里鋼業株式会社,兵庫県,神戸市西区,室谷２丁目１番地の６,6512241
6140001009616,東洋信栄株式会社,兵庫県,神戸市西区,中野２丁目１２−１０,6512136
6140001009715,豊島商事株式会社,兵庫県,神戸市西区,北別府１丁目２６番地の１,6512117
6140001009723,関西特殊洗浄株式会社,兵庫県,神戸市西区,竜が岡５丁目５番地の８,6512412
6140001009855,株式会社ナブテック,兵庫県,神戸市西区,高塚台７丁目３番地の３,6512271
6140001011118,株式会社ミズホ・フーズコーポレーション,兵庫県,神戸市西区,森友１丁目１２０番地の１,6512132
6140001011423,株式会社山勝真珠,兵庫県,神戸市西区,竹の台４丁目２番地の５,6512274
6140001012017,株式会社神戸新聞総合折込,兵庫県,神戸市西区,室谷１丁目２番６号,6512241
6140001012982,孝月堂パン株式会社,兵庫県,神戸市西区,美賀多台７丁目１０番地の６,6512277
6140001013155,サンローゼ株式会社,兵庫県,神戸市西区,伊川谷町潤和字西川９６２番地,6512124
6140001013527,株式会社高島工作所,兵庫県,神戸市西区,見津が丘１丁目２番地の３,6512228
6140001013634,ＫＭＳ株式会社,兵庫県,神戸市西区,見津が丘３丁目１３番１号,6512228
6140001013790,波田精機株式会社,兵庫県,神戸市西区,見津が丘２丁目２番地の６,6512228
6140001013832,日新工業株式会社,兵庫県,神戸市西区,玉津町居住１９８番,6512145
6140001014780,株式会社アルファーエステート,兵庫県,神戸市西区,秋葉台２丁目５番地の７,6512224
6140001015738,伊福精密株式会社,兵庫県,神戸市西区,伊川谷町潤和字西ノ口７５０番地６,6512124
6140001015845,奥田鉄工建設株式会社,兵庫県,神戸市西区,南別府１丁目１４番地の１５,6512116
6140001016281,株式会社スギセ,兵庫県,神戸市西区,櫨谷町寺谷１２４２番地の１１８,6512231
6140001016380,大道紙工株式会社,兵庫県,神戸市西区,神出町広谷６０１番地,6512331
6140001017635,株式会社総合電算システム,兵庫県,神戸市西区,櫨谷町長谷２３０番地の３,6512235
6140001017750,株式会社長尾工作所,兵庫県,神戸市西区,櫨谷町池谷字四十田３９７番１,6512234
6140001018476,株式会社清水,兵庫県,神戸市西区,南別府１丁目２０番地の１,6512116
6140001018815,松岡土木株式会社,兵庫県,神戸市西区,平野町芝崎字北谷２３８番地２,6512254
6140001020044,福田工業株式会社,兵庫県,神戸市西区,池上３丁目４番地の４,6512111
6140001020440,公家興産株式会社,兵庫県,神戸市西区,伊川谷町長坂９７８番地,6512104
6140001020515,株式会社フォレストホーム,兵庫県,神戸市西区,南別府１丁目１番１０号,6512116
6140001020746,ＯＣＩ株式会社,兵庫県,神戸市西区,高塚台４丁目３番地６,6512271
6140001021050,竹内建設工業株式会社,兵庫県,神戸市西区,長畑町９番地の１４,6512148
6140001021158,株式会社チャイルドハート,兵庫県,神戸市西区,今寺３番地の２２,6512114
6140001021190,東興産業株式会社,兵庫県,神戸市西区,岩岡町岩岡１０８７番地の５,6512401
6140001021315,健美漢方株式会社,兵庫県,神戸市西区,玉津町出合１９８−１,6512137
6140001021612,株式会社神明解体工業,兵庫県,神戸市西区,平野町中津字牛飼場１３３８番地の５６,6512257
6140001021645,株式会社フィットネスリサーチ,兵庫県,神戸市西区,井吹台東町１丁目３−３−５０３,6512242
6140001021851,株式会社石井計画工房,兵庫県,神戸市西区,竹の台６丁目６番地１−８１０号,6512274
6140001021926,株式会社ティアンドティコーベ,兵庫県,神戸市西区,櫨谷町長谷７２番地の２,6512235
6140001022065,佐賀商事株式会社,兵庫県,神戸市西区,玉津町上池２５５−１,6512126
6140001022073,株式会社ガッツコーポレーション,兵庫県,神戸市西区,玉津町出合１５３番地,6512137
6140001022156,日本サービス株式会社,兵庫県,神戸市西区,美賀多台４丁目１５番地の１５,6512277
6140001022263,株式会社フラップ,兵庫県,神戸市西区,櫨谷町栃木字西山５０９−６８,6512236
6140001022321,株式会社神戸リバティ,兵庫県,神戸市西区,北別府２丁目６番地の１０,6512117
6140001022511,北山食品西神戸株式会社,兵庫県,神戸市西区,神出町宝勢字中場三軒屋南２００１番地３,6512321
6140001022783,株式会社久勝,兵庫県,神戸市西区,伊川谷町潤和１０６０番地の５,6512124
6140001022882,株式会社明和電機,兵庫県,神戸市西区,上新地３丁目７番地の４,6512411
6140001022957,株式会社ジェネシスコーポレーション,兵庫県,神戸市西区,神出町五百蔵１４２番地の４７,6512303
6140001023170,福泉工業株式会社,兵庫県,神戸市西区,学園東町３丁目６５９番地７３,6512102
6140001023575,株式会社ハートケア,兵庫県,神戸市西区,白水２丁目１２番２０号,6512129
6140001023591,株式会社杉尾ガレージ,兵庫県,神戸市西区,岩岡町岩岡２７１番地,6512401
6140001023765,株式会社ワールドホーム,兵庫県,神戸市西区,二ツ屋１丁目３番４,6512142
6140001023781,株式会社ＭＣプロジェクト,兵庫県,神戸市西区,神出町東６８９番地,6512311
6140001024012,新神戸エンジニアリング株式会社,兵庫県,神戸市西区,中野２丁目６番地の１５,6512136
6140001024326,株式会社風の詩,兵庫県,神戸市西区,樫野台３丁目２６番地７号,6512275
6140001024623,株式会社ゼラス,兵庫県,神戸市西区,宮下１丁目２７番１３号,6512146
6140001024722,株式会社Ｇ・ＹＯＵプランニング,兵庫県,神戸市西区,南別府１丁目１４番５号,6512116
6140001025126,出合オート株式会社,兵庫県,神戸市西区,玉津町出合１６７番地の６,6512137
6140001025563,ユニウェル株式会社,兵庫県,神戸市西区,王塚台５丁目３４−１,6512135
6140001025588,ブルーローズ株式会社,兵庫県,神戸市西区,池上１丁目４番地の５,6512111
6140001026066,株式会社サンタサービス,兵庫県,神戸市西区,伊川谷町有瀬８１２番地の６西神戸セントポリア２−３１０,6512113
6140001026181,株式会社ヘルプ・ジャパン,兵庫県,神戸市西区,狩場台１丁目３０番地の４,6512272
6140001026495,株式会社明光テック,兵庫県,神戸市西区,玉津町高津橋６２７番地の３,6512122
6140001026520,株式会社ライフアンドコミュニティ,兵庫県,神戸市西区,玉津町西河原七反田５１番地の７,6512127
6140001026660,株式会社スペイシャル,兵庫県,神戸市西区,桜が丘東町６丁目１５番地の４,6512225
6140001026768,井吹ライフ株式会社,兵庫県,神戸市西区,井吹台東町３丁目２４番地の１２,6512242
6140001026834,株式会社美友コーポレーション,兵庫県,神戸市西区,美賀多台８丁目９番地の２,6512277
6140001027015,株式会社ワンオーエイト,兵庫県,神戸市西区,伊川谷町潤和６８８−２,6512124
6140001027386,株式会社一芯,兵庫県,神戸市西区,美賀多台７丁目３番地の３,6512277
6140001027477,ジャパンイベントプロダクツ株式会社,兵庫県,神戸市西区,玉津町高津橋４６７番地１,6512122
6140001027519,真野管財株式会社,兵庫県,神戸市西区,北別府３丁目１番地の４,6512117
6140001027650,株式会社貴建工業,兵庫県,神戸市西区,伊川谷町有瀬２８５−３,6512113
6140001027667,株式会社Ｌｅ−ｃｏｍ,兵庫県,神戸市西区,伊川谷町前開３７３−１,6512108
6140001027799,株式会社伊千力,兵庫県,神戸市西区,井吹台東町１丁目９番地の１,6512242
6140001027948,株式会社東栄建設,兵庫県,神戸市西区,玉津町今津６６４番地の１,6512128
6140001028228,株式会社藤建設,兵庫県,神戸市西区,玉津町水谷４２０−１,6512121
6140001028302,シーアンドイーサポート株式会社,兵庫県,神戸市西区,井吹台西町２丁目２番地、１−８０２号,6512243
6140001028509,株式会社スギヤマ,兵庫県,神戸市西区,持子２丁目１１２番地の２,6512131
6140001028517,株式会社オフィス・ＭＵＧＥＮ,兵庫県,神戸市西区,竹の台４丁目１９番地の１０,6512274
6140001028525,イーエルワークス株式会社,兵庫県,神戸市西区,井吹台東町６丁目７番地の１,6512242
6140001028814,大和薬品販売株式会社,兵庫県,神戸市西区,櫨谷町栃木１３３番地８,6512236
6140001028995,株式会社ダイキ住設,兵庫県,神戸市西区,森友５丁目２６−２,6512132
6140001029028,ライトクロウ株式会社,兵庫県,神戸市西区,南別府１丁目１８番１６号,6512116
6140001029044,株式会社インターナショナルビューティー,兵庫県,神戸市西区,玉津町出合３５５番地の１,6512137
6140001029110,株式会社明成工業,兵庫県,神戸市西区,上新地３丁目１０番地の３,6512411
6140001029341,株式会社フレッシェン,兵庫県,神戸市西区,学園東町３丁目１８８４番地の３５−５２４,6512102
6140001029589,株式会社バックアイ,兵庫県,神戸市西区,井吹台東町３丁目２９番地１号,6512242
6140001029911,ナゴヤ空調株式会社,兵庫県,神戸市西区,王塚台５丁目６９−１コーポアワジ１１５,6512135
6140001029936,株式会社ジューン,兵庫県,神戸市西区,伊川谷町有瀬８４２番地,6512113
6140001029993,株式会社アールケーユー,兵庫県,神戸市西区,樫野台５丁目２番地Ｅ−４０２,6512275
6140001030010,株式会社Ｍ．Ｇ．Ｍ,兵庫県,神戸市西区,玉津町高津橋１３４番地の１マッティーナ神戸壱番館Ｂ−２号,6512122
6140001030101,株式会社ネットハウジング西神戸,兵庫県,神戸市西区,小山３丁目４−２０ピュア・プルーン１０６号室,6512144
6140001030142,株式会社孝建,兵庫県,神戸市西区,櫨谷町長谷８３番地の１８３,6512235
6140001030183,タカヤマ株式会社,兵庫県,神戸市西区,見津が丘２丁目４番５,6512228
6140001030225,株式会社Ｄｏｌｃｅ,兵庫県,神戸市西区,春日台２丁目１０番地の３８,6512276
6140001030316,株式会社マリブ,兵庫県,神戸市西区,森友５丁目１２３,6512132
6140001030349,株式会社アイリスケイエムシー,兵庫県,神戸市西区,神出町古神１５７−８４,6512302
6140001030803,ＪＰＮフーズ株式会社,兵庫県,神戸市西区,王塚台１丁目４０,6512135
6140001031628,株式会社コープ自然派リンクス,兵庫県,神戸市西区,見津が丘３丁目８番５号,6512228
6140001031784,株式会社ブレスト,兵庫県,神戸市西区,井吹台西町６丁目２６番地の２,6512243
6140001031859,株式会社加幡造園,兵庫県,神戸市西区,押部谷町福住１２番地の１,6512213
6140001031941,株式会社ハイテクノ,兵庫県,神戸市西区,伊川谷町有瀬５５１−１,6512113
6140001031958,神戸三和株式会社,兵庫県,神戸市西区,見津が丘１丁目２番１１,6512228
6140001032023,株式会社ソリック,兵庫県,神戸市西区,樫野台２丁目１０番地の３,6512275
6140001032089,株式会社ニドア,兵庫県,神戸市西区,伊川谷町有瀬１４０８−７,6512113
6140001032171,株式会社モデナ動物病院,兵庫県,神戸市西区,池上２丁目２１番７,6512111
6140001032254,兵庫総合管理株式会社,兵庫県,神戸市西区,伊川谷町潤和１３５７番地の１,6512124
6140001032295,株式会社ノウムラ建設,兵庫県,神戸市西区,玉津町水谷６０３番地の１５,6512121
6140001032345,株式会社サンシティ,兵庫県,神戸市西区,北別府３丁目２２番３−１０６号,6512117
6140001032634,株式会社ＹＨＳ,兵庫県,神戸市西区,玉津町出合４１番地の２,6512137
6140001032683,株式会社神戸ブルーベリーフィールド,兵庫県,神戸市西区,神出町小束野５０番地の２,6512304
6140001032717,株式会社シナジー・プランニング,兵庫県,神戸市西区,池上４丁目８番地の１６,6512111
6140001032774,ダイケン開発株式会社,兵庫県,神戸市西区,池上２丁目３４−２,6512111
6140001032808,株式会社コンフォート,兵庫県,神戸市西区,学園東町４丁目５４番地の１,6512102
6140001033046,株式会社スリーエス,兵庫県,神戸市西区,伊川谷町有瀬１１９１番地の１,6512113
6140001033087,株式会社安川商店,兵庫県,神戸市西区,森友４丁目８９番地,6512132
6140001033368,株式会社Ｈ＆Ａ　ＦＡＣＴＯＲＹ,兵庫県,神戸市西区,井吹台西町４丁目２８番地の１１,6512243
6140001033401,株式会社サンナイ,兵庫県,神戸市西区,北別府２丁目１番３−２号,6512117
6140001033475,株式会社リーフガーデン,兵庫県,神戸市西区,玉津町二ツ屋７５−１,6512142
6140001033500,株式会社Ｏｎｅ　ｐｉｅｃｅ,兵庫県,神戸市西区,井吹台東町１丁目５番地２０−２０１号,6512242
6140001033599,メルココントロールパネルアンドコンポーネント株式会社,兵庫県,神戸市西区,高塚台１丁目５番８号,6512271
6140001033938,株式会社トップ,兵庫県,神戸市西区,井吹台西町４丁目１７番地の９,6512243
6140001034077,東信設備管理株式会社,兵庫県,神戸市西区,中野２丁目１２−１０,6512136
6140001034226,メグコーポレート株式会社,兵庫県,神戸市西区,南別府４丁目３６８番地の４,6512116
6140001034374,株式会社天上工業,兵庫県,神戸市西区,長畑町５９８番地,6512148
6140001034622,株式会社エリオ,兵庫県,神戸市西区,南別府５丁目２４６−３,6512116
6140001035785,シーケンシャル株式会社,兵庫県,神戸市西区,井吹台東町７丁目２番地の３,6512242
6140001037055,株式会社ヤマニシ,兵庫県,神戸市西区,岩岡町古郷１９６６番地の１９,6512404
6140001037336,株式会社ＬＥＡＤ,兵庫県,神戸市西区,押部谷町福住５７９番地の１８,6512213
6140001037526,株式会社寺田興業,兵庫県,神戸市西区,伊川谷町前開９２３番地の４,6512108
6140001037914,株式会社アイル・エコ,兵庫県,神戸市西区,大津和１丁目１−１２−４０９号,6512112
6140001038094,エムズシステム販売株式会社,兵庫県,神戸市西区,押部谷町和田３３３,6512206
6140001042311,株式会社関西工専,兵庫県,神戸市西区,神出町紫合５６０番地の８,6512334
6140001044497,大田産業株式会社,兵庫県,神戸市西区,神出町宝勢１４６３番地の１,6512321
6140001045149,Ｓ・Ｔモールド株式会社,兵庫県,神戸市西区,森友１丁目１５７番地,6512132
6140001046717,西垣建設株式会社,兵庫県,神戸市西区,秋葉台２丁目２番地の９,6512224
6140001047104,さくらウォーター株式会社,兵庫県,神戸市西区,岩岡町野中１１５３番地,6512405
6140001047137,株式会社１１１２ＹＡＭＡ,兵庫県,神戸市西区,南別府４丁目３４１番地の９２,6512116
6140001057169,株式会社ＮＡＶＩ,兵庫県,神戸市西区,井吹台東町３丁目２番地９−２０４号,6512242
6140001059363,株式会社シミズ,兵庫県,神戸市西区,神出町小束野４番地の６,6512304
6140001067333,株式会社オオクボ,兵庫県,神戸市西区,学園西町１丁目４番地,6512103
6140001067358,株式会社グローリー・アーキテクト・ワークス,兵庫県,神戸市西区,池上４丁目２−１,6512111
6140001067366,ギア株式会社,兵庫県,神戸市西区,大津和１丁目３番１４号,6512112
6140001067531,株式会社ウィンライト,兵庫県,神戸市西区,井吹台東町１丁目２番１号,6512242
6140001067746,株式会社ヤマシン,兵庫県,神戸市西区,枝吉２丁目５９,6512133
6140001069511,株式会社デザインファイブ,兵庫県,神戸市西区,岩岡町古郷２１６６番地の１,6512404
6140001074057,株式会社林工業,兵庫県,神戸市西区,岩岡町古郷８０１番地の３,6512404
6140001074528,株式会社桃吉,兵庫県,神戸市西区,王塚台７丁目９９番地,6512135
6140001077745,株式会社ＡＳＡＫＥＮ,兵庫県,神戸市西区,岩岡町古郷２５４番地の５,6512404
6140001077778,株式会社レインボースター,兵庫県,神戸市西区,糀台５丁目６番３号,6512273
6140001086432,株式会社ロバスト,兵庫県,神戸市西区,北別府３丁目１７番地の３,6512117
6140001087059,株式会社ハローレンタリース,兵庫県,神戸市西区,白水１丁目３８番２４号,6512129
6140001087372,株式会社エクシム,兵庫県,神戸市西区,櫨谷町福谷４３９番地,6512233
6140001087959,株式会社ブレイントラスト,兵庫県,神戸市西区,伊川谷町有瀬８１９番地の１,6512113
6140001088164,株式会社立志実業,兵庫県,神戸市西区,上新地１丁目１番地７,6512411
6140001088560,株式会社ＩＮＴＥＲＩＯＲ　ＡＲＴ,兵庫県,神戸市西区,玉津町西河原３９４番地,6512127
6140001089146,株式会社アシスト,兵庫県,神戸市西区,美賀多台３丁目４番地の５,6512277
6140001089253,株式会社アールワンワークス,兵庫県,神戸市西区,大津和２丁目１０番地の５,6512112
6140001089385,まる秀工務店株式会社,兵庫県,神戸市西区,小山２丁目２２番７号,6512144
6140001090236,シスメックスビジネスサポート株式会社,兵庫県,神戸市西区,室谷１丁目１番地の２,6512241
6140001090384,株式会社森市,兵庫県,神戸市西区,玉津町上池３２４番地の２,6512126
6140001090822,株式会社ＩＭＥＸ,兵庫県,神戸市西区,春日台１丁目７番地の１０,6512276
6140001091283,株式会社Ｓｍａｒｔ＆Ｓｍｉｌｅ,兵庫県,神戸市西区,樫野台２丁目３１番地の２９,6512275
6140001091374,株式会社水９９研究所,兵庫県,神戸市西区,室谷２丁目７番地５,6512241
6140001092208,日興金属株式会社,兵庫県,神戸市西区,平野町印路８８７番地の１１３,6512266
6140001092422,アムロペイント株式会社,兵庫県,神戸市西区,伊川谷町前開１１１１番地４,6512108
6140001093040,静祥貿易株式会社,兵庫県,神戸市西区,岩岡町野中字福吉２７０番１,6512405
6140001093635,株式会社アウリー,兵庫県,神戸市西区,伊川谷町潤和１４１３番地１２号,6512124
6140001093949,株式会社ａｇｅｎｄａ,兵庫県,神戸市西区,竜が岡５丁目２４番地の１４,6512412
6140001094179,株式会社Ａｌｗａｙｓ,兵庫県,神戸市西区,樫野台３丁目２２番地の２,6512275
6140001094402,株式会社リョーキテック,兵庫県,神戸市西区,北山台３丁目８番４号,6512215
6140001094410,株式会社正辻工務店,兵庫県,神戸市西区,平野町慶明１８３−４,6512255
6140001094443,株式会社Ｓｍａｒｔ,兵庫県,神戸市西区,白水１丁目５２番２０号,6512129
6140001095375,株式会社アースギャラリー,兵庫県,神戸市西区,井吹台東町４丁目１番地の１,6512242
6140001095490,株式会社リペアコーポレーション,兵庫県,神戸市西区,神出町東９１７番地の１,6512311
6140001095549,株式会社ＥＳＳ,兵庫県,神戸市西区,岩岡町岩岡１０８７番地の５,6512401
6140001096646,株式会社おもてなしドットコム,兵庫県,神戸市西区,伊川谷町有瀬５６９番地の２,6512113
6140001097000,株式会社ゆみファーム,兵庫県,神戸市西区,岩岡町古郷８５４番地の７,6512404
6140001097727,株式会社カツミ,兵庫県,神戸市西区,今寺３５番地の１４,6512114
6140001097735,大内工業株式会社,兵庫県,神戸市西区,岩岡町古郷１４２２−２８,6512404
6140001098007,株式会社吉匡,兵庫県,神戸市西区,前開南町１丁目１６番１４号,6512109
6140001098452,株式会社ＣＳＬ,兵庫県,神戸市西区,伊川谷町有瀬６０５番地２,6512113
6140001098733,ＫＷＤ株式会社,兵庫県,神戸市西区,宮下３丁目２２番３１号,6512146
6140001098956,株式会社三鈴,兵庫県,神戸市西区,井吹台東町４丁目３番地の３,6512242
6140001099153,株式会社オフィス・ワイエス,兵庫県,神戸市西区,美賀多台２丁目３番地の７０,6512277
6140001099913,株式会社木下建築,兵庫県,神戸市西区,福吉台１丁目１６１７番地４３号,6512413
6140001100192,株式会社ｏｇａｋｉ　ｗｏｒｋｓ,兵庫県,神戸市西区,枝吉１丁目２６７番地,6512133
6140001100440,株式会社エムワイ,兵庫県,神戸市西区,神出町小束野４−６,6512304
6140001100606,株式会社メグム,兵庫県,神戸市西区,王塚台７丁目２９番地,6512135
6140001100894,株式会社キヨテク,兵庫県,神戸市西区,伊川谷町潤和字古川１０１７番地の６,6512124
6140001101364,株式会社エフラド,兵庫県,神戸市西区,春日台８丁目１１番１０号,6512276
6140001101604,株式会社ＮｏｂＭｅｄ,兵庫県,神戸市西区,井吹台西町４丁目２４−８,6512243
6140001101694,株式会社クレイン,兵庫県,神戸市西区,神出町広谷６２３番地の８９,6512331
6140001101819,株式会社まる由,兵庫県,神戸市西区,春日台５丁目４２番地の６,6512276
6140001101991,株式会社アイリス,兵庫県,神戸市西区,池上４丁目２１−３−２０２号,6512111
6140001102164,株式会社オーエス,兵庫県,神戸市西区,森友４丁目１７番地,6512132
6140001102247,ビッグサークル株式会社,兵庫県,神戸市西区,玉津町水谷４１０,6512121
6140001102387,フードコンサルタント株式会社,兵庫県,神戸市西区,玉津町今津３６３番地の９,6512128
6140001102478,マックスプラント株式会社,兵庫県,神戸市西区,伊川谷町有瀬６５６番地の１パサージュ神戸西６０３号,6512113
6140001102544,雄工電機株式会社,兵庫県,神戸市西区,伊川谷町潤和１０４５番地の２２,6512124
6140001102908,株式会社ｎｏｒａ,兵庫県,神戸市西区,美賀多台７丁目２４番地の５,6512277
6140001103187,株式会社ビッグバン,兵庫県,神戸市西区,井吹台東町６丁目６番地の４,6512242
6140001103575,株式会社Ｊｏｙ　Ｌｉｆｅ,兵庫県,神戸市西区,伊川谷町前開１４２４番地の７,6512108
6140001103880,株式会社Ｃｈａｔ　Ｐａｙ,兵庫県,神戸市西区,伊川谷町潤和２番地の２０,6512124
6140001103947,株式会社フジモト,兵庫県,神戸市西区,枝吉５丁目１４４番地,6512133
6140001103971,株式会社Ｋｏｎａ＆ｓｏｎｓ,兵庫県,神戸市西区,井吹台西町４丁目２４番地の９,6512243
6140001104037,前開工業株式会社,兵庫県,神戸市西区,伊川谷町前開１９１７−２８,6512108
6140001104532,株式会社ＳＫＹ,兵庫県,神戸市西区,今寺４−８カレッジハイツＩＩ２０６,6512114
6140001104689,ギャルリ創陶株式会社,兵庫県,神戸市西区,玉津町今津６１１番地の１,6512128
6140001104805,シンエイ土地株式会社,兵庫県,神戸市西区,伊川谷町有瀬７０４番地１−１１１号,6512113
6140001105274,ＡＣＰ株式会社,兵庫県,神戸市西区,岩岡町古郷１９６６番地の１,6512404
6140001105431,株式会社Ｍ＆Ｓ,兵庫県,神戸市西区,南別府１丁目１４番地の１４,6512116
6140001106347,株式会社ニシカワ工業,兵庫県,神戸市西区,伊川谷町有瀬４７３番地１２号３０３,6512113
6140001106421,株式会社杉本建築工房,兵庫県,神戸市西区,伊川谷町有瀬１４番地の２１,6512113
6140001106677,株式会社天風,兵庫県,神戸市西区,伊川谷町前開７６４番地,6512108
6140001106891,株式会社ＣＬＡＳＴＹＬＥ,兵庫県,神戸市西区,井吹台北町１丁目１７番地の１,6512244
6140001107898,神戸咲く咲くＨａｒｍｏｎｙ株式会社,兵庫県,神戸市西区,神出町広谷４３９,6512331
6140001108376,株式会社建匠工業,兵庫県,神戸市西区,水谷１丁目１番４号,6512121
6140001108434,株式会社オール,兵庫県,神戸市西区,玉津町新方６７番地の６,6512125
6140001108459,株式会社田岡,兵庫県,神戸市西区,押部谷町栄４０５番地の５,6512211
6140001108574,ＰＡＩＮＴ　Ｎ株式会社,兵庫県,神戸市西区,水谷２丁目５番４２号,6512121
6140001108616,株式会社ｈａｎｄｅｒｌａｎｄ,兵庫県,神戸市西区,伊川谷町前開１８３１番地の１,6512108
6140001109812,株式会社ディアマンテプラス,兵庫県,神戸市西区,池上１丁目１２番地の１Ｅ−１０３号,6512111
6140001109928,株式会社アスタス,兵庫県,神戸市西区,櫨谷町長谷２０１番１,6512235
6140001110010,吉田印刷株式会社,兵庫県,神戸市西区,春日台２丁目９番地の２９,6512276
6140001110332,株式会社明翔,兵庫県,神戸市西区,白水１丁目１１番２４号,6512129
6140001111801,ハリーコンサルティング株式会社,兵庫県,神戸市西区,白水１丁目８番５号,6512129
6140001112477,株式会社トップエス・インターナショナル,兵庫県,神戸市西区,高雄台３０−２,6512201
6140001112568,株式会社明石モーターサービス,兵庫県,神戸市西区,玉津町上池３１４番地の５,6512126
6140001112634,株式会社ＥＣＨＯ,兵庫県,神戸市西区,平野町印路３０１番地,6512266
6140001112700,株式会社Ｈｅｒｂａｌａｎｄ,兵庫県,神戸市西区,春日台７丁目３番地の１４,6512276
6140001112956,株式会社メゾワークス,兵庫県,神戸市西区,岩岡町野中１７１番地の２,6512405
6140001113038,株式会社ごうだ住設,兵庫県,神戸市西区,竜が岡２丁目１７番地の２,6512412
6140001113112,株式会社ヤヱキ,兵庫県,神戸市西区,月が丘２丁目２０番地の２,6512217
6140001113137,中尾自動車株式会社,兵庫県,神戸市西区,竹の台３丁目１０番４号,6512274
6140001113302,株式会社Ｎ−Ｒｉｓｅ,兵庫県,神戸市西区,春日台２丁目１７番３号,6512276
6140001113450,株式会社ＩＣＳ,兵庫県,神戸市西区,伊川谷町長坂９７７番地の２０３,6512104
6140001113599,中尾工業株式会社,兵庫県,神戸市西区,今寺２０番地の４,6512114
6140001113987,株式会社レアスト,兵庫県,神戸市西区,宮下１丁目１１番１８号,6512146
6140001114886,ノォーウルフジャパン株式会社,兵庫県,神戸市西区,玉津町高津橋２８０番１６,6512122
6140001115629,山口商店株式会社,兵庫県,神戸市西区,狩場台４丁目１０番地の１６,6512272
6140001115744,株式会社Ｇｒａｃｅ,兵庫県,神戸市西区,伊川谷町潤和１８０３番地の２３,6512124
6140001115901,株式会社輝工業,兵庫県,神戸市西区,井吹台西町３丁目２０番地の２０,6512243
6140001116189,株式会社アクアテック,兵庫県,神戸市西区,長畑町２９３番地の２,6512148
6140001116379,株式会社川西牧場,兵庫県,神戸市西区,押部谷町西盛６７２番地,6512202
6140001116643,安永解体工業株式会社,兵庫県,神戸市西区,池上２丁目５番地の１６,6512111
6140001117930,株式会社和田興業,兵庫県,神戸市西区,上新地２丁目１８番地の１０,6512411
6140001117988,株式会社ライム,兵庫県,神戸市西区,井吹台西町２丁目２番地３−２０４号,6512243
6140001118375,株式会社グローバルファミリー,兵庫県,神戸市西区,学園東町３丁目６５９番地の８６,6512102
6140001118391,共神電工株式会社,兵庫県,神戸市西区,学園東町３丁目１８８４番地の３５・４２３号,6512102
6140001118730,株式会社ホワイトボード,兵庫県,神戸市西区,学園東町８丁目２番地の２−４１７号,6512102
6140001118870,株式会社しもでん,兵庫県,神戸市西区,伊川谷町潤和１３４２番地の６,6512124
6140001119621,株式会社Ｂｌａｕｒｅｇｅｎ,兵庫県,神戸市西区,井吹台西町８丁目２番地の２−３２９号,6512243
6140001119695,株式会社幸建,兵庫県,神戸市西区,丸塚１丁目９番１９号,6512143
6140001119794,株式会社ＫＩＰ,兵庫県,神戸市西区,大津和３丁目５番地の２,6512112
6140001120257,エーゼットビジネス株式会社,兵庫県,神戸市西区,上新地１丁目１番２号,6512411
6140001120959,株式会社Ｒｉｓｉｎｇ龍,兵庫県,神戸市西区,玉津町出合３２７−５,6512137
6140001121429,ＭＩＷＡＹＯＳＨＩ株式会社,兵庫県,神戸市西区,押部谷町福住５７９番地の９０,6512213
6140001121486,株式会社竹山工業,兵庫県,神戸市西区,伊川谷町布施畑字上谷山８５４−１,6512101
6140001121800,株式会社ＰＬＵＭ　ＫＥＮＮＥＬ,兵庫県,神戸市西区,神出町南５７４番地の２６６,6512312
6140001122344,株式会社凌建,兵庫県,神戸市西区,丸塚２丁目１１番６号,6512143
6140001122625,西神防災メンテナンス株式会社,兵庫県,神戸市西区,長畑町２番地の５ハイツ長畑３０２号,6512148
6140001123202,株式会社ＪＵＳＴ,兵庫県,神戸市西区,南別府４丁目２６３−６９Ａ−３０６,6512116
6140001124101,ユニ・エフォート株式会社,兵庫県,神戸市西区,井吹台西町６丁目４３番地の１６２,6512243
6140001124530,株式会社Ｄｅｅｐ．ｄｏｇ,兵庫県,神戸市西区,玉津町今津６６１番地の１４,6512128
6140001124547,株式会社池田産業,兵庫県,神戸市西区,玉津町高津橋６１５番地の６,6512122
6140001125297,Ｍ・Ａ　ＴＲＡＤＩＮＧ株式会社,兵庫県,神戸市西区,福吉台１丁目４−６ハイツリリアス２０１号,6512413
6140001125470,株式会社荒木,兵庫県,神戸市西区,狩場台５丁目５番地の９,6512272
6140001125909,株式会社関西アドバンス,兵庫県,神戸市西区,平野町中津９２８番地,6512257
6140001126139,株式会社うすなが青果店,兵庫県,神戸市西区,岩岡町古郷８５４ー７,6512404
6140001126700,株式会社Ｙ’ｓ　ｓｔｙｌｅ,兵庫県,神戸市西区,櫨谷町長谷３８８番地,6512235
6140001127244,株式会社泰慶ホールディングス,兵庫県,神戸市西区,玉津町二ツ屋９９番地の５,6512142
6140001127277,株式会社東建設工業,兵庫県,神戸市西区,白水２丁目１８番２３−３０４号,6512129
6140001128325,株式会社ＮＳＴ,兵庫県,神戸市西区,玉津町今津５９６番地,6512128
6140001128556,ＦＮＳホールディングス株式会社,兵庫県,神戸市西区,高塚台３丁目２番地の３２,6512271
6140001128705,株式会社エンタープライズＧＯ,兵庫県,神戸市西区,玉津町居住８７−１−１０１,6512145
6140001128894,株式会社ＡＭＡＹＯＫＩ,兵庫県,神戸市西区,学園東町７丁目２番地の１３,6512102
6140001129216,株式会社Ｌｕｃｋｙ　Ｃａｔ,兵庫県,神戸市西区,玉津町高津橋３７９番地の２,6512122
6140001129224,クエタ株式会社,兵庫県,神戸市西区,井吹台西町５丁目８−９,6512243
6140001129562,株式会社ニケリス,兵庫県,神戸市西区,上新地３丁目８番１０号,6512411
6140001129686,神戸テクノ株式会社,兵庫県,神戸市西区,竜が岡１丁目１１番地４,6512412
6140001129950,株式会社森井,兵庫県,神戸市西区,玉津町田中６１４番地,6512147
6140001130850,株式会社内橋建築工房,兵庫県,神戸市西区,今寺３３番地の１１,6512114
6140001131238,株式会社Ｋ’ｓファーム,兵庫県,神戸市西区,丸塚１丁目１７番３号,6512143
6140001131270,株式会社エアシスホールディングス,兵庫県,神戸市西区,前開南町２丁目１４番９号,6512109
6140001131477,株式会社プラスワン,兵庫県,神戸市西区,玉津町今津３６４−１２３,6512128
6140001131618,株式会社Ｌｉｂｅｒｏ,兵庫県,神戸市西区,王塚台７丁目３０番地１０７号,6512135
6140001132038,株式会社フェルナベイル,兵庫県,神戸市西区,池上２丁目２０−１,6512111
6140001132070,ＭＥＤＩＣＡＬ　ＡＴＲＩＵＭ株式会社,兵庫県,神戸市西区,伊川谷町有瀬１５８０−１１,6512113
6140001132095,協和精密製作所株式会社,兵庫県,神戸市西区,室谷２丁目２番地７,6512241
6140001132112,株式会社ＢＯＯ‐ＢＯＯ,兵庫県,神戸市西区,大津和２丁目８番地の３４,6512112
6140001132310,株式会社フィールドマスター,兵庫県,神戸市西区,伊川谷町潤和１７９７番地の３８,6512124
6140001132616,株式会社Ｈｅａｒｔ　ｆｕｌｌ,兵庫県,神戸市西区,今寺３番９号ミュゼ大蔵谷４０１,6512114
6140001134397,株式会社サンシャ,兵庫県,神戸市西区,南別府１丁目１番地の１,6512116
6140001134463,株式会社どんぐり建築環境研究所,兵庫県,神戸市西区,糀台３丁目１６番地の９,6512273
6140001134554,株式会社Ｒ＆ｙｏｕ,兵庫県,神戸市西区,枝吉２丁目１１６五兵衛ビル２０１,6512133
6140001134612,株式会社セレニテリノベ,兵庫県,神戸市西区,玉津町高津橋３２０番地,6512122
6140001134728,ユーシン技研株式会社,兵庫県,神戸市西区,押部谷町高和堂東１３６４−１４,6512204
6140001134760,株式会社イサナビ,兵庫県,神戸市西区,南別府４丁目４５番地１,6512116
6140001135156,株式会社ＡＩＲＴＥＣＨ,兵庫県,神戸市西区,王塚台４丁目８番地,6512135
6140001135775,ＦＫＲ株式会社,兵庫県,神戸市西区,井吹台西町６丁目１７番地の１,6512243
6140001135833,佑友住宅株式会社,兵庫県,神戸市西区,伊川谷町有瀬８０４−９３,6512113
6140001136014,株式会社Ｒｅｍｏｒｅ,兵庫県,神戸市西区,狩場台４丁目１０番地の１６,6512272
6140001136311,株式会社リシャーム,兵庫県,神戸市西区,丸塚１丁目８番５−２号,6512143
6140001136922,株式会社隼実業,兵庫県,神戸市西区,学園東町６丁目１番地の１、１１２０号,6512102
6140001137094,株式会社ＯＳクリエート,兵庫県,神戸市西区,水谷３丁目３番６号,6512121
6140001137326,株式会社シィメスプラス,兵庫県,神戸市西区,森友４丁目３０,6512132
6140001137391,ゴールドバレー株式会社,兵庫県,神戸市西区,伊川谷町有瀬１３１−１−２−４０８,6512113
6140001137441,株式会社千寿,兵庫県,神戸市西区,玉津町今津５０７番地の４,6512128
6140001137656,Ｋｉｒａｎａｈ　Ｆｏｏｄｓ株式会社,兵庫県,神戸市西区,王塚台１丁目４０,6512135
6140001137986,ＳＹ　ＴＲＡＤＩＮＧ株式会社,兵庫県,神戸市西区,大津和３丁目１番１０号４２５,6512112
6140001137994,株式会社谷川,兵庫県,神戸市西区,伊川谷町布施畑６５７番地,6512101
6140001138472,マルハ運輸建装株式会社,兵庫県,神戸市西区,伊川谷町有瀬１６０２番地,6512113
6140001138794,株式会社ｗｅｌｔｓｃｈｍｅｒｚ,兵庫県,神戸市西区,井吹台東町４丁目５番地の１０,6512242
6140001139347,株式会社ダイチエステート,兵庫県,神戸市西区,伊川谷町有瀬６９６−４７−２０１,6512113
6140001140288,株式会社ＵＩ,兵庫県,神戸市西区,北別府２丁目１５番地の２,6512117
6140001140453,グレイスリンク株式会社,兵庫県,神戸市西区,伊川谷町有瀬７７８番地１,6512113
6140001140627,株式会社ＧＩＦＴ　ＳＥＣＵＲＩＴＹ,兵庫県,神戸市西区,王塚台１丁目５３番地２Ｆ,6512135
6140001141047,株式会社ＭＲＫ,兵庫県,神戸市西区,樫野台１丁目８−４,6512275
6140001141831,株式会社Ｒａｓｙ不動産販売,兵庫県,神戸市西区,玉津町田中７８番地１,6512147
6140001141922,株式会社Ｎｏｖ．１０,兵庫県,神戸市西区,糀台５丁目６番１号プレンティ２番館,6512273
6140001141955,株式会社Ｒｉｄｇｅ　Ｃｉｒｃｌｅ,兵庫県,神戸市西区,押部谷町高和１５５７番地の１,6512204
6140001142012,株式会社ＧＯＩＳＳＨＯＮＩ,兵庫県,神戸市西区,玉津町今津１８６−１２,6512128
6140002004921,株式会社ビーコム,兵庫県,神戸市西区,神出町北７９４番地の４,6512332
6140002023038,株式会社システムリースＡ,兵庫県,神戸市西区,宮下３丁目２８番６号,6512146
6140002027757,株式会社クレイエンジニアリング,兵庫県,神戸市西区,井吹台東町７丁目５番３,6512242
6170001014415,株式会社伍皇,兵庫県,神戸市西区,小山３丁目１２番１９−１０１号,6512144
6360001029880,株式会社みんなの家,兵庫県,神戸市西区,押部谷町栄１３５,6512211
6430001068541,マリン産業株式会社,兵庫県,神戸市西区,狩場台３丁目８番地１−２０１号,6512272
7010401062540,株式会社サンスイ,兵庫県,神戸市西区,伊川谷町有瀬５６９番地の２,6512113
7010603005074,株式会社サンライズ,兵庫県,神戸市西区,井吹台東町５丁目５番地の９,6512242
7010701037481,株式会社ＹＡＭＡＳＨＩＴＡ,兵庫県,神戸市西区,見津が丘２丁目２番地の１,6512228
7011001045910,株式会社財田貿易,兵庫県,神戸市西区,押部谷町福住６２８番地１３２号財田ビル２階,6512213
7011001103668,デマンドジェネレーション株式会社,兵庫県,神戸市西区,月が丘５丁目１３番１,6512217
7120001084767,株式会社ティーエムプランニング,兵庫県,神戸市西区,伊川谷町前開３６６番地,6512108
7120001114945,株式会社ティー・イー・シー,兵庫県,神戸市西区,井吹台東町５丁目７７−１６,6512242
7120001162424,アイ・コンサルタント株式会社,兵庫県,神戸市西区,枝吉２丁目９６番地新吉田住宅１−３０７,6512133
7120001205587,株式会社ＬｉＮＫ　ＡＧＥ,兵庫県,神戸市西区,秋葉台３丁目９番３号,6512224
7120101055973,株式会社ＴＫ　ｃｏｍｐａｎｙ,兵庫県,神戸市西区,月が丘３丁目３番地の１,6512217
7120101059652,株式会社サダホーム,兵庫県,神戸市西区,王塚台３丁目９４番地の２,6512135
7120901023460,ＳＫみらい物流株式会社,兵庫県,神戸市西区,見津が丘７丁目６番地４,6512228
7122001026939,株式会社ＲＩＭｃｏｎｓｕｌｔｉｎｇ,兵庫県,神戸市西区,櫨谷町栃木１３８番地１号,6512236
7122001037886,株式会社Ｃｏｌｚａ,兵庫県,神戸市西区,桜が丘中町２丁目２番地の２２,6512226
7140001002925,日本ライニング工業株式会社,兵庫県,神戸市西区,高塚台３丁目１番地の１０,6512271
7140001004351,日本ノズル株式会社,兵庫県,神戸市西区,室谷２丁目１番１号,6512241
7140001004384,株式会社赤い靴,兵庫県,神戸市西区,池上４丁目５番地の８,6512111
7140001004392,株式会社明石塗装,兵庫県,神戸市西区,丸塚１丁目２５番４３号,6512143
7140001004401,安西工業株式会社,兵庫県,神戸市西区,上新地３丁目３番１号,6512411
7140001004426,淡路鉄工株式会社,兵庫県,神戸市西区,伊川谷町潤和字一ノ坪７３０番地の１０,6512124
7140001004434,株式会社池田組,兵庫県,神戸市西区,玉津町新方２０１番地,6512125
7140001004450,一新工業株式会社,兵庫県,神戸市西区,岩岡町古郷字福吉西１５０８番地,6512404
7140001004459,株式会社今井組,兵庫県,神戸市西区,押部谷町栄６７番地,6512211
7140001004475,株式会社ヴァンシステム,兵庫県,神戸市西区,伊川谷町有瀬８１２番地の６（１−１１１５号）,6512113
7140001004483,株式会社上田組,兵庫県,神戸市西区,平野町中津９３２番地,6512257
7140001004500,エクセレント株式会社,兵庫県,神戸市西区,高塚台３丁目２番地５２,6512271
7140001004525,株式会社エム・ケィ・エム,兵庫県,神戸市西区,今寺５番地の１,6512114
7140001004541,株式会社大西重機,兵庫県,神戸市西区,玉津町今津５８１番地,6512128
7140001004558,尾道工業株式会社,兵庫県,神戸市西区,高塚台３丁目２番地５８,6512271
7140001004608,カネキ水産株式会社,兵庫県,神戸市西区,枝吉５丁目１６４番地の１,6512133
7140001004616,株式会社神結,兵庫県,神戸市西区,桜が丘中町３丁目２番地の３,6512226
7140001004624,エア・ウォーター防災株式会社,兵庫県,神戸市西区,高塚台３丁目２番地１６,6512271
7140001004632,株式会社近畿開発,兵庫県,神戸市西区,岩岡町古郷１３６１番地,6512404
7140001004640,旭伸産業株式会社,兵庫県,神戸市西区,森友５丁目１１４番地,6512132
7140001004649,株式会社衣笠建材店,兵庫県,神戸市西区,岩岡町西脇８７８番地の５,6512403
7140001004665,共同商事株式会社,兵庫県,神戸市西区,玉津町居住２５２番地,6512145
7140001004673,邦設備工業株式会社,兵庫県,神戸市西区,伊川谷町有瀬６６３−１３,6512113
7140001004681,クリーンテックス・ジャパン株式会社,兵庫県,神戸市西区,高塚台２丁目１番地の１１,6512271
7140001004698,株式会社コウ,兵庫県,神戸市西区,玉津町水谷６０３番地６号,6512121
7140001004715,株式会社高和,兵庫県,神戸市西区,竜が岡３丁目２−１１,6512412
7140001004723,株式会社ＯＫＫ,兵庫県,神戸市西区,井吹台西町３丁目１６番地の１０,6512243
7140001004731,株式会社近藤建工,兵庫県,神戸市西区,平野町中津６１０番地,6512257
7140001004789,佐々木電機工業株式会社,兵庫県,神戸市西区,玉津町二ツ屋２８０番地の１,6512142
7140001004797,株式会社佐野鉄工所,兵庫県,神戸市西区,小山３丁目１番５号,6512144
7140001004814,三耀理財株式会社,兵庫県,神戸市西区,竜が岡４丁目７番地の１８,6512412
7140001004839,神港精機株式会社,兵庫県,神戸市西区,高塚台３丁目１番３５号,6512271
7140001004871,神明精機株式会社,兵庫県,神戸市西区,高塚台３丁目２番地の５１,6512271
7140001004888,シモムラ真珠株式会社,兵庫県,神戸市西区,高雄台５６６番地の５０１,6512201
7140001004896,十字屋土木株式会社,兵庫県,神戸市西区,神出町宝勢２２６０番地,6512321
7140001004962,株式会社清流淨化,兵庫県,神戸市西区,池上３丁目６−７、１０１号室,6512111
7140001004979,株式会社セラビー,兵庫県,神戸市西区,伊川谷町有瀬５６０番地の２,6512113
7140001004995,株式会社タイガー,兵庫県,神戸市西区,白水２丁目４番６号,6512129
7140001005003,株式会社大志建設,兵庫県,神戸市西区,北別府３丁目６番地の２,6512117
7140001005011,大正資材株式会社,兵庫県,神戸市西区,岩岡町岩岡１５４５番地,6512401
7140001005028,高木興業株式会社,兵庫県,神戸市西区,長畑町３−５,6512148
7140001005036,高千穂工業株式会社,兵庫県,神戸市西区,伊川谷町潤和７８０番地の２,6512124
7140001005044,武村産業株式会社,兵庫県,神戸市西区,伊川谷町潤和１４４５番地,6512124
7140001005052,株式会社潤和,兵庫県,神戸市西区,伊川谷町潤和字一ノ坪７３０番地の１０,6512124
7140001005060,株式会社田中製作所,兵庫県,神戸市西区,伊川谷町有瀬１６７１番地４,6512113
7140001005077,株式会社ツインソフト,兵庫県,神戸市西区,神出町北７９４番地の４,6512332
7140001005085,株式会社テイアイシイサービス,兵庫県,神戸市西区,大津和３丁目６番３号重塚ハイツＩＩ１０１号,6512112
7140001005110,株式会社堂本断熱,兵庫県,神戸市西区,玉津町西河原２４０番地,6512127
7140001005119,株式会社藤和,兵庫県,神戸市西区,玉津町小山字日輪寺５６１番地の１４,6512144
7140001005135,株式会社中川工業,兵庫県,神戸市西区,富士見が丘５丁目３番地の７,6512214
7140001005143,中田エンヂニアリング株式会社,兵庫県,神戸市西区,神出町南６１９番地,6512312
7140001005168,西神戸都市開発株式会社,兵庫県,神戸市西区,曙町１０７０番地曙町リハビリテーションふれあい館あけぼの会内,6512134
7140001005192,株式会社ネクスト,兵庫県,神戸市西区,北別府５丁目２８番地の２,6512117
7140001005218,株式会社ハンシンＳＵＮ,兵庫県,神戸市西区,平野町福中１７２,6512252
7140001005226,はち開発株式会社,兵庫県,神戸市西区,伊川谷町前開９２３番地,6512108
7140001005234,浜村精機株式会社,兵庫県,神戸市西区,玉津町西河原１１１番地の４,6512127
7140001005250,株式会社ビッグウエスト,兵庫県,神戸市西区,天王山１４番地の８,6512123
7140001005283,株式会社福島建設,兵庫県,神戸市西区,南別府４丁目１６８番地の１,6512116
7140001005291,株式会社藤井商店,兵庫県,神戸市西区,櫨谷町福谷８８番地の３,6512233
7140001005309,藤本運送株式会社,兵庫県,神戸市西区,押部谷町高和字フシ原７０３番地の１,6512204
7140001005317,株式会社フレール,兵庫県,神戸市西区,池上２丁目３２番１４号,6512111
7140001005325,別府サービス株式会社,兵庫県,神戸市西区,南別府３丁目２３番地の１,6512116
7140001005341,株式会社ホンダ内装,兵庫県,神戸市西区,北別府５丁目１２番地の５,6512117
7140001005358,株式会社マツキ,兵庫県,神戸市西区,室谷２丁目７番地の９,6512241
7140001005374,丸福住宅株式会社,兵庫県,神戸市西区,森友４丁目９２番地,6512132
7140001005390,株式会社ミツワ住建,兵庫県,神戸市西区,竜が岡３丁目６番地６,6512412
7140001005408,株式会社明光,兵庫県,神戸市西区,平野町印路３４５番地の５,6512266
7140001005416,株式会社ＮＤＫ,兵庫県,神戸市西区,福吉台２丁目１０番地,6512413
7140001005432,株式会社森工務店,兵庫県,神戸市西区,枝吉４丁目１２７番地,6512133
7140001005440,株式会社森吉商事,兵庫県,神戸市西区,森友５丁目８１番地の２,6512132
7140001005449,株式会社矢田,兵庫県,神戸市西区,伊川谷町有瀬１２５８番地の５,6512113
7140001005465,株式会社山田重機,兵庫県,神戸市西区,水谷３丁目３番６号,6512121
7140001005481,株式会社神戸スイーツポート,兵庫県,神戸市西区,北別府２丁目１番２号,6512117
7140001005498,株式会社ヨシザワ,兵庫県,神戸市西区,池上１丁目１２番地の１Ｄ−３０３号,6512111
7140001005515,株式会社ライフパートナー,兵庫県,神戸市西区,玉津町高津橋１３７番地の１兵庫ヤクルト販売株式会社内,6512122
7140001005556,株式会社神戸観植,兵庫県,神戸市西区,平野町福中１４７番地,6512252
7140001005564,株式会社神戸スパーランド,兵庫県,神戸市西区,月が丘１丁目１番地,6512217
7140001005572,株式会社ＲｉｓｅＣｏｎｓｔｒｕｃｔ,兵庫県,神戸市西区,平野町福中１０番地の１,6512252
7140001005580,神戸調理機株式会社,兵庫県,神戸市西区,伊川谷町有瀬７０２番地３,6512113
7140001005589,神戸服飾繊維工業株式会社,兵庫県,神戸市西区,神出町東８４６番地１,6512311
7140001005606,日本ジオス株式会社,兵庫県,神戸市西区,桜が丘中町５丁目９番地の７,6512226
7140001006835,株式会社岡崎製作所関西工場,兵庫県,神戸市西区,室谷１丁目２番地４,6512241
7140001007569,コーメイ株式会社,兵庫県,神戸市西区,美賀多台７丁目１４番地の９,6512277
7140001008146,株式会社神永トラベル,兵庫県,神戸市西区,平野町芝崎１２５番地,6512254
7140001008526,株式会社ジャスト,兵庫県,神戸市西区,樫野台５丁目３番地７−３０５号,6512275
7140001010523,株式会社ファミリーヘルスレンタル,兵庫県,神戸市西区,室谷１丁目２番３号,6512241
7140001010837,株式会社星野製作所,兵庫県,神戸市西区,神出町北３５１番地の１,6512332
7140001012239,日本出版企画株式会社,兵庫県,神戸市西区,井吹台東町１丁目１０番地の１０,6512242
7140001012478,株式会社石井設計,兵庫県,神戸市西区,王塚台１丁目１８番地の３,6512135
7140001013286,昭和精機株式会社,兵庫県,神戸市西区,高塚台６丁目１９番地の１３,6512271
7140001013897,ハセガワ建設株式会社,兵庫県,神戸市西区,押部谷町福住字北山６２８番地の４５,6512213
7140001014169,株式会社松尾モータース,兵庫県,神戸市西区,伊川谷町有瀬６３１番地,6512113
7140001014441,山田機械工業株式会社,兵庫県,神戸市西区,岩岡町古郷１５３４,6512404
7140001014474,豊産業株式会社,兵庫県,神戸市西区,高塚台３丁目２番地１２,6512271
7140001014846,バンブーホーム株式会社,兵庫県,神戸市西区,櫨谷町長谷３３９番地の３,6512235
7140001015002,小西産業株式会社,兵庫県,神戸市西区,枝吉４丁目１８７番地の３,6512133
7140001015811,株式会社大崎工作所,兵庫県,神戸市西区,見津が丘２丁目１番５,6512228
7140001016198,株式会社ＳＨｉＮＫＯ,兵庫県,神戸市西区,見津が丘５丁目２番地の１,6512228
7140001016512,ピース実業株式会社,兵庫県,神戸市西区,伊川谷町長坂８７７番地１,6512104
7140001016529,株式会社智洋製作所,兵庫県,神戸市西区,玉津町今津６２１番地の１,6512128
7140001016999,株式会社森安自動車工作所,兵庫県,神戸市西区,玉津町出合字上ノ垣内３番地１,6512137
7140001017361,小椋鉄工株式会社,兵庫県,神戸市西区,玉津町高津橋１２番地の１,6512122
7140001018062,理工建設株式会社,兵庫県,神戸市西区,竜が岡２丁目３番地８,6512412
7140001018153,株式会社アクティブ,兵庫県,神戸市西区,伊川谷町有瀬６５６番地、１０４号,6512113
7140001018194,株式会社石原,兵庫県,神戸市西区,春日台５丁目５番地の１,6512276
7140001018509,鈴木産業株式会社,兵庫県,神戸市西区,玉津町高津橋４６９番地１,6512122
7140001018707,株式会社花元石材,兵庫県,神戸市西区,押部谷町木見字下山畑の五１１０４番地の１,6512223
7140001019060,近畿軌道株式会社,兵庫県,神戸市西区,南別府３丁目２１番地の１１,6512116
7140001019069,株式会社明神コーポレーション,兵庫県,神戸市西区,玉津町高津橋７０３番地の１,6512122
7140001019267,緑建工業株式会社,兵庫県,神戸市西区,伊川谷町有瀬８１９番地の１−１０５号,6512113
7140001020290,株式会社ニチカ,兵庫県,神戸市西区,高塚台３丁目１番１０,6512271
7140001020555,株式会社フルハウス,兵庫県,神戸市西区,学園西町７丁目３番地７２４−１０３号,6512103
7140001020621,株式会社ウェル,兵庫県,神戸市西区,富士見が丘２丁目８番地の５,6512214
7140001020877,株式会社ランドホーム,兵庫県,神戸市西区,神出町東１１８８番地１２２,6512311
7140001021314,株式会社ケイアイ・テック,兵庫県,神戸市西区,見津が丘２丁目４番地の４,6512228
7140001021339,株式会社エムエスケイ,兵庫県,神戸市西区,岩岡町岩岡９４７番地の４,6512401
7140001021834,シンコーペイブ株式会社,兵庫県,神戸市西区,神出町南４０８番地の８,6512312
7140001021999,株式会社ネクステージ,兵庫県,神戸市西区,宮下３丁目３０番１号,6512146
7140001022353,兵庫播磨コンクリート株式会社,兵庫県,神戸市西区,丸塚２丁目３番１２号,6512143
7140001022717,株式会社シーテック,兵庫県,神戸市西区,井吹台北町４丁目３１番６号,6512244
7140001022790,山陽化研株式会社,兵庫県,神戸市西区,玉津町今津６０５番地の１,6512128
7140001023533,株式会社ＵＢＵ,兵庫県,神戸市西区,玉津町二ツ屋大谷８８番地の１,6512142
7140001023657,ＪＨＣ株式会社,兵庫県,神戸市西区,玉津町高津橋４３４,6512122
7140001023731,木村梱包商事株式会社,兵庫県,神戸市西区,玉津町西河原１１５番地の５,6512127
7140001023830,株式会社ランドシステム,兵庫県,神戸市西区,玉津町今津４２７番地の２,6512128
7140001023987,株式会社ベストポジション,兵庫県,神戸市西区,伊川谷町布施畑４８５番地,6512101
7140001024028,株式会社やさい村,兵庫県,神戸市西区,岩岡町岩岡２１２２番地,6512401
7140001024192,澤田産業株式会社,兵庫県,神戸市西区,平野町中津３８６番地,6512257
7140001024374,ナーシングサービス株式会社,兵庫県,神戸市西区,伊川谷町有瀬５５６−１,6512113
7140001024894,株式会社ブィ・テック,兵庫県,神戸市西区,春日台９丁目１７番地の４,6512276
7140001025133,株式会社西神建材センター,兵庫県,神戸市西区,押部谷町木見１０９６番地の１１,6512223
7140001025190,株式会社吉田,兵庫県,神戸市西区,押部谷町福住５７９番地,6512213
7140001025307,株式会社ジェイトアリンク,兵庫県,神戸市西区,岩岡町西脇７３−１,6512403
7140001025439,株式会社エーディーラボ,兵庫県,神戸市西区,伊川谷町有瀬８５９番地の１エクセレンス雅２０２号,6512113
7140001025471,石丸建設株式会社,兵庫県,神戸市西区,持子１丁目１８３番地の５,6512131
7140001025595,株式会社シンリョウ,兵庫県,神戸市西区,長畑町１−６,6512148
7140001025661,株式会社ベトナムジャパン環境技術,兵庫県,神戸市西区,春日台３丁目１番地１−９０２号,6512276
7140001025736,株式会社ウィル,兵庫県,神戸市西区,北別府１丁目１８番地の１０,6512117
7140001025810,株式会社セントモノ,兵庫県,神戸市西区,糀台３丁目２３番地９,6512273
7140001025827,株式会社オフィス．リアルトラスト,兵庫県,神戸市西区,北別府４丁目４番地の４,6512117
7140001025843,株式会社ｂｙ．ああしい,兵庫県,神戸市西区,竹の台１丁目１３番地の１,6512274
7140001026032,株式会社井川鉄工所,兵庫県,神戸市西区,岩岡町古郷１５２８番地の１１,6512404
7140001026049,株式会社リナックスホーム,兵庫県,神戸市西区,枝吉２丁目１２１番地の２,6512133
7140001026239,株式会社アルファプラン,兵庫県,神戸市西区,天が岡５４９番地の３４３,6512141
7140001026263,緑環境株式会社,兵庫県,神戸市西区,玉津町田中３０３番地,6512147
7140001026635,株式会社神戸シフォン,兵庫県,神戸市西区,狩場台２丁目１８番４号,6512272
7140001026825,株式会社ＴＫＵ,兵庫県,神戸市西区,玉津町居住２４５番地,6512145
7140001026949,株式会社ループ,兵庫県,神戸市西区,今寺２４番地の９,6512114
7140001027022,株式会社ディバン社,兵庫県,神戸市西区,竜が岡１丁目５番１１号,6512412
7140001027030,株式会社ティディファンド,兵庫県,神戸市西区,伊川谷町潤和８７０番地の１,6512124
7140001027187,伸天工業株式会社,兵庫県,神戸市西区,岩岡町野中字福吉５３７番地の３,6512405
7140001027204,株式会社ムライ,兵庫県,神戸市西区,水谷１丁目３番１５号,6512121
7140001027385,株式会社神戸エコプラント,兵庫県,神戸市西区,長畑町１２番地の１,6512148
7140001027443,ワールドサハル株式会社,兵庫県,神戸市西区,櫨谷町寺谷１６４１番地,6512231
7140001027526,株式会社つかさ工建,兵庫県,神戸市西区,桜が丘東町６丁目１３番地の１４,6512225
7140001027625,株式会社サミット,兵庫県,神戸市西区,玉津町田中４９０−１,6512147
7140001027708,株式会社明輝空調,兵庫県,神戸市西区,岩岡町西脇１１１４番地の２,6512403
7140001027716,株式会社ハッピースマイル,兵庫県,神戸市西区,櫨谷町池谷４６２番地の３,6512234
7140001027815,一陽株式会社,兵庫県,神戸市西区,神出町北１００２番地の１５,6512332
7140001027823,株式会社ワイエス創建,兵庫県,神戸市西区,伊川谷町有瀬７０４−４１５,6512113
7140001027872,株式会社アルス,兵庫県,神戸市西区,玉津町今津５９６番地,6512128
7140001028086,株式会社神戸西民商会館,兵庫県,神戸市西区,富士見が丘１丁目７番２の１０−１０８,6512214
7140001028152,株式会社Ｍｉｎｔ,兵庫県,神戸市西区,二ツ屋１丁目１７番１０号,6512142
7140001028318,株式会社林田工業,兵庫県,神戸市西区,伊川谷町前開７３９番地の１,6512108
7140001028499,株式会社デジャリック,兵庫県,神戸市西区,学園西町７丁目１−７５１−１０８,6512103
7140001028524,株式会社ＬＡＣ,兵庫県,神戸市西区,森友５丁目１３０番地,6512132
7140001028680,株式会社サーク,兵庫県,神戸市西区,神出町紫合６０９番地,6512334
7140001028953,株式会社ソーシャルケアサービス,兵庫県,神戸市西区,櫨谷町福谷３１３番地,6512233
7140001029084,株式会社ダーウィン,兵庫県,神戸市西区,井吹台東町４丁目２１番地の３,6512242
7140001029266,株式会社フラッシュ,兵庫県,神戸市西区,宮下１丁目１６番６号,6512146
7140001029299,森井陸送株式会社,兵庫県,神戸市西区,伊川谷町潤和６８２番地の４,6512124
7140001029332,株式会社ツカハラ,兵庫県,神戸市西区,枝吉１丁目２６７番地,6512133
7140001029365,株式会社北野鉄工,兵庫県,神戸市西区,宮下１丁目２番３号,6512146
7140001029398,再甲商事株式会社,兵庫県,神戸市西区,伊川谷町有瀬３１番１の２０１,6512113
7140001029555,株式会社明和,兵庫県,神戸市西区,二ツ屋１丁目３番２号,6512142
7140001029720,株式会社フォーリレーションプランニング,兵庫県,神戸市西区,美穂が丘４丁目３番地の１７,6512216
7140001029927,株式会社松岡商店,兵庫県,神戸市西区,春日台３丁目１番地７−３０２号,6512276
7140001030380,株式会社力大開発,兵庫県,神戸市西区,桜が丘東町４丁目４番地の９,6512225
7140001030570,株式会社エンタープライズ,兵庫県,神戸市西区,伊川谷町有瀬７０４番地１,6512113
7140001030967,株式会社華,兵庫県,神戸市西区,玉津町新方５５１番地,6512125
7140001031073,株式会社輝瞳,兵庫県,神戸市西区,竜が岡５丁目２４番地の１４,6512412
7140001031197,株式会社ＲＡＣＳ,兵庫県,神戸市西区,北別府５丁目１９５１番地の１,6512117
7140001031354,株式会社菜園,兵庫県,神戸市西区,伊川谷町潤和１６８４番地,6512124
7140001031560,マエダコーポレーション株式会社,兵庫県,神戸市西区,二ツ屋２丁目２番１−２０２号,6512142
7140001031684,株式会社げんき介,兵庫県,神戸市西区,伊川谷町有瀬１１４１−１,6512113
7140001031742,株式会社ＮＡＧＡＳＡＷＡ,兵庫県,神戸市西区,伊川谷町有瀬１５３４番地の１,6512113
7140001031783,株式会社えらぶの郷,兵庫県,神戸市西区,竹の台１丁目６番地の９,6512274
7140001031841,株式会社神戸牛牧場,兵庫県,神戸市西区,櫨谷町寺谷字櫨谷１２４２番地の６０,6512231
7140001032022,ｋ２テクノ株式会社,兵庫県,神戸市西区,平野町印路２７番地の４,6512266
7140001032096,株式会社運商,兵庫県,神戸市西区,糀台４丁目１０番地の４３,6512273
7140001032278,株式会社オートセイリョウ,兵庫県,神戸市西区,池上３丁目６番１７号,6512111
7140001032311,神港化成工業株式会社,兵庫県,神戸市西区,井吹台東町１丁目２番地の１（１０−３０２号）,6512242
7140001032468,株式会社ジュエリーアート,兵庫県,神戸市西区,玉津町高津橋５２３番地の９,6512122
7140001032971,株式会社藤組,兵庫県,神戸市西区,玉津町田中５８番地の１,6512147
7140001033037,株式会社関西ＴＣ,兵庫県,神戸市西区,池上５丁目１番地の９,6512111
7140001033202,株式会社熊本精機,兵庫県,神戸市西区,岩岡町古郷字大池下１６６１番２,6512404
7140001033276,株式会社徳森鉄筋工業,兵庫県,神戸市西区,神出町小束野５７番地の３５,6512304
7140001033342,ビー・エヌ・ティー株式会社,兵庫県,神戸市西区,伊川谷町有瀬３２０番地の１−２０３号,6512113
7140001033490,トップライン工業株式会社,兵庫県,神戸市西区,樫野台１丁目２４番地の１５,6512275
7140001033623,株式会社ＪＥＥ　ＷＯＲＫＳ,兵庫県,神戸市西区,王塚台２丁目２５番地,6512135
7140001033689,株式会社Ｐ−ＷＡＹ,兵庫県,神戸市西区,北別府２丁目６−１０,6512117
7140001033771,シャインホーム株式会社,兵庫県,神戸市西区,宮下２丁目１番３４号,6512146
7140001033805,株式会社神戸コスモス,兵庫県,神戸市西区,小山２丁目１番８号,6512144
7140001034084,株式会社アルファエンジニアリング,兵庫県,神戸市西区,春日台８丁目１１番地の８１,6512276
7140001034101,株式会社ＡＰＥオフィス,兵庫県,神戸市西区,春日台９丁目１９番地の９,6512276
7140001034183,ＴＵＲＢＯ　ＨＯＰＥ株式会社,兵庫県,神戸市西区,竹の台５丁目１４番地の１１,6512274
7140001034316,株式会社小池農園こめハウス,兵庫県,神戸市西区,櫨谷町池谷７６６番地,6512234
7140001034340,赤松運輸株式会社,兵庫県,神戸市西区,岩岡町岩岡２０５４−１６,6512401
7140001035108,株式会社高橋鉄工所,兵庫県,神戸市西区,枝吉１丁目１１８番地,6512133
7140001036782,ジコムジャパン株式会社,兵庫県,神戸市西区,伊川谷町有瀬６２５−１−１,6512113
7140001037368,株式会社コプロ,兵庫県,神戸市西区,岩岡町岩岡７２８番地の２５,6512401
7140001037450,株式会社ＣＡＰ,兵庫県,神戸市西区,玉津町水谷５７０番地の３１,6512121
7140001037632,株式会社小川電気,兵庫県,神戸市西区,大沢２丁目６番地２８,6512414
7140001037640,株式会社ゼロワン,兵庫県,神戸市西区,学園東町３丁目６５９番地の５２、１３０４号,6512102
7140001037698,株式会社しおさき住宅工房,兵庫県,神戸市西区,伊川谷町長坂８８４−８ベースブリッジ長坂ＩＩ−１０２,6512104
7140001037855,聖宏産業株式会社,兵庫県,神戸市西区,岩岡町野中２４３番地の４,6512405
7140001037905,ＬＵＣＫＹ　ＳＴＡＲ　ＴＲＡＤＩＮＧ株式会社,兵庫県,神戸市西区,神出町五百蔵１４２番地の１９５,6512303
7140001038052,アイエムシー株式会社,兵庫県,神戸市西区,玉津町高津橋２５２番地の１,6512122
7140001038077,トモエ運送株式会社,兵庫県,神戸市西区,岩岡町岩岡２０５４−１６,6512401
7140001038093,神戸システム技術株式会社,兵庫県,神戸市西区,桜が丘東町１丁目１０番地の１０,6512225
7140001042153,株式会社ヤマミ,兵庫県,神戸市西区,伊川谷町有瀬８１９−１,6512113
7140001042384,株式会社巽,兵庫県,神戸市西区,水谷２丁目１６−１１,6512121
7140001045115,宏州物流株式会社,兵庫県,神戸市西区,岩岡町岩岡５１０番地の５,6512401
7140001046311,株式会社エーゼン,兵庫県,神戸市西区,岩岡町古郷２２４５番地の３７,6512404
7140001047152,株式会社ＫＥＥＰ　ＪＡＰＡＮ,兵庫県,神戸市西区,玉津町今津２２１番地の９,6512128
7140001053480,６ｔｈ株式会社,兵庫県,神戸市西区,北山台２丁目１５番７号,6512215
7140001057259,みやび創建株式会社,兵庫県,神戸市西区,白水２丁目１３−９−１０２,6512129
7140001057366,株式会社エスペランサ,兵庫県,神戸市西区,伊川谷町有瀬５８５番地の１−２１０号,6512113
7140001057382,株式会社大申,兵庫県,神戸市西区,岩岡町古郷２２２７番地の８２,6512404
7140001063711,新湊川運送株式会社,兵庫県,神戸市西区,丸塚２丁目３番１２号,6512143
7140001067778,株式会社ＦＩＲＳＴ　ＳＡＹ,兵庫県,神戸市西区,押部谷町西盛６２２,6512202
7140001077141,株式会社コウヅキ,兵庫県,神戸市西区,池上４丁目３０番１,6512111
7140001086349,株式会社コンサクレ,兵庫県,神戸市西区,宮下１丁目１番５号,6512146
7140001086729,株式会社アイ・ケー・イー,兵庫県,神戸市西区,玉津町新方２０１番地,6512125
7140001086852,株式会社カーコック,兵庫県,神戸市西区,持子３丁目１９,6512131
7140001087280,株式会社オープンａｉ,兵庫県,神戸市西区,井吹台西町５丁目１番地の６８,6512243
7140001087553,株式会社Ｍ,兵庫県,神戸市西区,伊川谷町有瀬８１９番地の３,6512113
7140001087867,株式会社エースプラン,兵庫県,神戸市西区,北別府５丁目１７番地の３澤山ビル１０１号,6512117
7140001087974,株式会社Ｃａｒｎａ,兵庫県,神戸市西区,樫野台６丁目２４番地の２,6512275
7140001088056,三十貿易株式会社,兵庫県,神戸市西区,学園東町１丁目５番地,6512102
7140001088114,株式会社いろは,兵庫県,神戸市西区,大津和１丁目５番地の３,6512112
7140001088403,オペレーションサービス株式会社,兵庫県,神戸市西区,玉津町新方東方２１４番地の１,6512125
7140001089789,日之出物流株式会社,兵庫県,神戸市西区,伊川谷町潤和１４５６番１,6512124
7140001089871,株式会社くーねっと,兵庫県,神戸市西区,学園東町６丁目１番地の１、６０９号,6512102
7140001089962,株式会社秀和企画,兵庫県,神戸市西区,秋葉台１丁目４番地の６,6512224
7140001090020,株式会社ワイズコンフェクト,兵庫県,神戸市西区,岩岡町古郷１９６６−１９,6512404
7140001090499,モードバンク株式会社,兵庫県,神戸市西区,美賀多台３丁目４番地の７,6512277
7140001090937,オフィスソリューション株式会社,兵庫県,神戸市西区,大津和１丁目４−４−２０５,6512112
7140001091101,オネスティ神戸株式会社,兵庫県,神戸市西区,持子１丁目２１８番地の１,6512131
7140001091167,株式会社大和ホームサービス,兵庫県,神戸市西区,岩岡町古郷３０３番地の５４,6512404
7140001091183,株式会社ＡＰＩＳ．,兵庫県,神戸市西区,白水１丁目３９番１５号,6512129
7140001091381,株式会社ライトプラン,兵庫県,神戸市西区,持子１丁目１１６番地の２,6512131
7140001091423,松本建設株式会社,兵庫県,神戸市西区,北別府１丁目１７番地の１,6512117
7140001091621,株式会社大和,兵庫県,神戸市西区,玉津町今津１０２番地の１８,6512128
7140001092909,株式会社輝力,兵庫県,神戸市西区,池上４丁目２８番地の２,6512111
7140001093700,株式会社オータムテック,兵庫県,神戸市西区,見津が丘６丁目１番地の５,6512228
7140001093758,株式会社Ｍｅｉｓｔｅｒ,兵庫県,神戸市西区,狩場台４丁目２２番地の４,6512272
7140001093881,ＴＭＫ　Ｔｒａｄｅ　Ｉｎｔｅｒｎａｔｉｏｎａｌ株式会社,兵庫県,神戸市西区,井吹台東町１丁目４番地５−１３０５号,6512242
7140001094698,小川ソリューション株式会社,兵庫県,神戸市西区,桜が丘西町５丁目７番地の７,6512227
7140001095085,株式会社ＳＵＲＹＡ,兵庫県,神戸市西区,学園西町７丁目３−７０１−３０３,6512103
7140001095127,株式会社ＬＩＢＥＲＯ,兵庫県,神戸市西区,玉津町西河原１６３番地の１,6512127
7140001095721,株式会社里見興業,兵庫県,神戸市西区,持子３丁目３１番地の７,6512131
7140001095969,ＪＳＳ　Ｌｏｇｉｓｔｉｃｓ株式会社,兵庫県,神戸市西区,平野町下村２５１,6512251
7140001096125,株式会社小見山建設,兵庫県,神戸市西区,今寺４−１１,6512114
7140001096447,株式会社フォーチューン,兵庫県,神戸市西区,丸塚１丁目２４番１７号サントレジャータウン弐番館２０２,6512143
7140001096587,株式会社ｅｌワークス,兵庫県,神戸市西区,北別府４丁目１３番地の７ハイツ永井１０５号,6512117
7140001097544,成田工業株式会社,兵庫県,神戸市西区,伊川谷町有瀬１５５５番地の６、８０６号,6512113
7140001097726,堀設備工業株式会社,兵庫県,神戸市西区,中野１丁目１８番地の１０,6512136
7140001098187,株式会社ＪＵＰＩＴＥＲワールド,兵庫県,神戸市西区,伊川谷町有瀬２９番地の１１の３０３,6512113
7140001098484,ＫＹＣコンサルティング株式会社,兵庫県,神戸市西区,天王山１４番地の３,6512123
7140001098600,株式会社Ｆ・ｉｎｄｕｓｔｒｙ,兵庫県,神戸市西区,神出町北４８４番２号,6512332
7140001098682,株式会社ｆｕｔｕｒｅ,兵庫県,神戸市西区,玉津町高津橋６９０番地の３,6512122
7140001098781,ＨＫテクノロジー株式会社,兵庫県,神戸市西区,玉津町吉田４８４番地３,6512138
7140001099540,株式会社信和総業,兵庫県,神戸市西区,宮下２丁目４番３号,6512146
7140001099722,株式会社サンフラワー,兵庫県,神戸市西区,玉津町高津橋４９５番地の３,6512122
7140001099730,カンプスエンジニアリング株式会社,兵庫県,神戸市西区,櫨谷町寺谷１２４２−１１８神戸ハイテクイースト工業団地８０６,6512231
7140001099929,株式会社シュート,兵庫県,神戸市西区,伊川谷町潤和１０４５番地の１９,6512124
7140001100035,株式会社ＡＫ．Ｆ,兵庫県,神戸市西区,北別府１丁目１３０６番地,6512117
7140001100695,ＳＳＫロイヤル株式会社,兵庫県,神戸市西区,押部谷町木見８１２番地の３,6512223
7140001100729,泰平企画株式会社,兵庫県,神戸市西区,伊川谷町有瀬７３１番地,6512113
7140001101041,三和金属株式会社,兵庫県,神戸市西区,玉津町小山２２１番地の１,6512144
7140001101826,株式会社谷崎精肉店,兵庫県,神戸市西区,平野町向井２６３,6512253
7140001101999,株式会社ダイニチテック,兵庫県,神戸市西区,平野町中津３２６番地の８,6512257
7140001102089,株式会社ヤマハタ工務店,兵庫県,神戸市西区,岩岡町古郷字白古瀬１８４１番地,6512404
7140001102320,株式会社スマライフ,兵庫県,神戸市西区,北別府５丁目３６−７,6512117
7140001102816,株式会社田中電子工業,兵庫県,神戸市西区,岩岡町野中７２５番地の１,6512405
7140001103145,株式会社ＳＲＣ,兵庫県,神戸市西区,伊川谷町有瀬１１３４番地の６,6512113
7140001103624,株式会社南朋建設,兵庫県,神戸市西区,今寺４番地の８カレッジハイツＩＩ２０９号,6512114
7140001103657,株式会社ナンキサービス,兵庫県,神戸市西区,井吹台東町３丁目２０番地の２,6512242
7140001104028,株式会社山口鉄工所,兵庫県,神戸市西区,神出町宝勢５１４５番地,6512321
7140001104515,株式会社Ｃｏｍｉｑｕｅ,兵庫県,神戸市西区,天が岡３４番地の２,6512141
7140001104647,株式会社エステート・タケウチ,兵庫県,神戸市西区,小山２丁目１４番１７号,6512144
7140001104903,株式会社ケアコネクト,兵庫県,神戸市西区,王塚台３丁目１９,6512135
7140001104960,株式会社西川ハウス産業,兵庫県,神戸市西区,大沢２丁目１０番地８、１０１号,6512414
7140001106610,神寿縁株式会社,兵庫県,神戸市西区,伊川谷町有瀬２９番地の１１の３０４,6512113
7140001106643,神西重建株式会社,兵庫県,神戸市西区,玉津町今津２２９番地,6512128
7140001106692,ＪＥＮＩＯＳ株式会社,兵庫県,神戸市西区,春日台７丁目８番地の１３,6512276
7140001106701,ＩＰＣＯ株式会社,兵庫県,神戸市西区,見津が丘１丁目１８番,6512228
7140001107014,株式会社ヤマグチ,兵庫県,神戸市西区,学園東町６丁目１２番地の１,6512102
7140001107088,株式会社ブラッドノット,兵庫県,神戸市西区,長畑町６０２番地,6512148
7140001107154,スポーツ施設メンテナンス株式会社,兵庫県,神戸市西区,春日台２丁目１２番地の７,6512276
7140001107955,株式会社Ｐ．Ｃ．Ｌ,兵庫県,神戸市西区,樫野台５丁目３オークスクエア西神中央８番館１００１号,6512275
7140001108251,株式会社ブレストウェア,兵庫県,神戸市西区,玉津町高津橋７１２番地の１７,6512122
7140001108326,株式会社ユーブ,兵庫県,神戸市西区,櫨谷町長谷字竹谷口４８３番１,6512235
7140001108664,株式会社ＩＲ建築,兵庫県,神戸市西区,大津和１丁目２−２０パルシオン１０６,6512112
7140001108680,株式会社デリカフーズ,兵庫県,神戸市西区,岩岡町古郷１１７６番地,6512404
7140001110257,株式会社杢工舎,兵庫県,神戸市西区,竜が岡２丁目５−１２,6512412
7140001110538,株式会社仲建築工房,兵庫県,神戸市西区,北山台２丁目１７番９号,6512215
7140001111049,カーレッジ株式会社,兵庫県,神戸市西区,井吹台東町５丁目７７番地の１２,6512242
7140001111478,シスメックスナノアクリエイション株式会社,兵庫県,神戸市西区,高塚台４丁目４番地の４,6512271
7140001111593,株式会社寿樹,兵庫県,神戸市西区,押部谷町木幡４７番地の１５,6512221
7140001112006,コアラックス株式会社,兵庫県,神戸市西区,丸塚１丁目１３番１１号,6512143
7140001112286,株式会社ＺＥＲＯ,兵庫県,神戸市西区,樫野台３丁目２０番地の９,6512275
7140001112749,株式会社Ｍ．Ｈ．Ｒ,兵庫県,神戸市西区,水谷２丁目３番４０−２０１号,6512121
7140001112889,株式会社エッジライン,兵庫県,神戸市西区,長畑町８番地の８,6512148
7140001113094,株式会社西神プランニング,兵庫県,神戸市西区,王塚台５丁目１２１番地の３,6512135
7140001113540,大寛道路株式会社,兵庫県,神戸市西区,平野町西戸田８９４−１,6512267
7140001113813,スカイリンクテクノロジーズ株式会社,兵庫県,神戸市西区,平野町印路９９５番１,6512266
7140001114035,双洋コンクリート工業株式会社,兵庫県,神戸市西区,玉津町上池皆地２５５番地ノ１,6512126
7140001114225,株式会社Ｉｎ　ｃｌｉｃｋ,兵庫県,神戸市西区,平野町西戸田５２０−１,6512267
7140001114349,株式会社ＳＫカンパニー,兵庫県,神戸市西区,押部谷町木見６６９番地の２,6512223
7140001114786,株式会社カナメカーゴ,兵庫県,神戸市西区,枝吉２丁目９１−１,6512133
7140001114811,株式会社ミツヤテック,兵庫県,神戸市西区,岩岡町古郷１６８２番地の３,6512404
7140001114852,株式会社Ｓｅａｓｏｎ,兵庫県,神戸市西区,玉津町高津橋３５７番地の６,6512122
7140001115099,株式会社やすらぎ石材,兵庫県,神戸市西区,平野町中津２６０６番地,6512257
7140001115198,株式会社坂田運送,兵庫県,神戸市西区,神出町東９２６番地２,6512311
7140001115545,株式会社メディカルイノベーション,兵庫県,神戸市西区,伊川谷町有瀬８１２−６、２−４０５,6512113
7140001115677,フジスイコウ株式会社,兵庫県,神戸市西区,岩岡町古郷１９３８番地,6512404
7140001116205,株式会社ＲＡＹＳ,兵庫県,神戸市西区,王塚台７丁目２９番地の２,6512135
7140001116840,株式会社明神リサイクルセンター,兵庫県,神戸市西区,平野町中津１３３７番地の３,6512257
7140001117079,株式会社グリーンサプライ,兵庫県,神戸市西区,押部谷町養田４４５番地の１,6512205
7140001117112,株式会社一徳工業,兵庫県,神戸市西区,岩岡町岩岡３３５８番地の２,6512401
7140001117145,いふ・みらい株式会社,兵庫県,神戸市西区,岩岡町古郷１９８８番地１,6512404
7140001117426,株式会社西田電工,兵庫県,神戸市西区,伊川谷町有瀬１５１９番地の３,6512113
7140001117863,笑永サービス株式会社,兵庫県,神戸市西区,学園西町７丁目１番地７４９−１０１号,6512103
7140001118135,株式会社ふたば工務店,兵庫県,神戸市西区,伊川谷町潤和１０６０番地の５,6512124
7140001118440,ｅ−ＴＥＸ株式会社,兵庫県,神戸市西区,糀台４丁目１３番地の６、８０１号,6512273
7140001118713,和田産業株式会社,兵庫県,神戸市西区,平野町宮前１４２番地の８,6512265
7140001118762,レゴリスホーム株式会社,兵庫県,神戸市西区,伊川谷町前開１１２４−１,6512108
7140001118928,株式会社Ｋ．Ｃｈａｒｍ,兵庫県,神戸市西区,井吹台東町５丁目２０番地の１５,6512242
7140001119629,株式会社シュトケン,兵庫県,神戸市西区,上新地１丁目１６番地の１３,6512411
7140001119637,株式会社サージ,兵庫県,神戸市西区,玉津町西河原４１７番地の２,6512127
7140001119728,株式会社河田産業,兵庫県,神戸市西区,岩岡町岩岡１４６２番地の１,6512401
7140001120751,株式会社ＶＧＭ,兵庫県,神戸市西区,狩場台４丁目２２番地の４,6512272
7140001122640,ベベ電気設備株式会社,兵庫県,神戸市西区,伊川谷町潤和３１１番地の４５,6512124
7140001122665,エニーシー株式会社,兵庫県,神戸市西区,井吹台西町５丁目１１番地の１１,6512243
7140001122855,株式会社ライフワークス,兵庫県,神戸市西区,伊川谷町有瀬３１−１ファルファーラ伊川谷２０６,6512113
7140001123218,株式会社吉成組,兵庫県,神戸市西区,北別府４丁目２０９６番地の３４,6512117
7140001123481,株式会社ＭＲＫエンタープライズ,兵庫県,神戸市西区,押部谷町西盛５６６番地の１６９２,6512202
7140001123507,株式会社みつえだ設備,兵庫県,神戸市西区,玉津町西河原１５２番地の２ボヌール安井６０３号,6512127
7140001123639,株式会社匡陣,兵庫県,神戸市西区,前開南町１丁目１３番３０−１０２号,6512109
7140001123787,株式会社ペットハウスぴえろ,兵庫県,神戸市西区,押部谷町木津５６０番地,6512222
7140001125305,株式会社ＣＫウェルド,兵庫県,神戸市西区,丸塚２丁目１２−３８−１,6512143
7140001125528,株式会社ローカルスクエアプラス,兵庫県,神戸市西区,中野１丁目１６番地の１７,6512136
7140001125858,株式会社ＤＩＧ,兵庫県,神戸市西区,王塚台４丁目２０番地の５,6512135
7140001126963,株式会社プロスペ,兵庫県,神戸市西区,学園東町２丁目４番地Ｄ−１０６号,6512102
7140001127053,株式会社ＭＡＫＩＳＴＥＲ,兵庫県,神戸市西区,今寺３４番地の６,6512114
7140001127516,春一株式会社,兵庫県,神戸市西区,玉津町今津１６１番地の１０,6512128
7140001128605,株式会社ＳＮＫ,兵庫県,神戸市西区,森友４丁目７６,6512132
7140001128695,ＴＨＥ　ＢＬＵＥ株式会社,兵庫県,神戸市西区,井吹台西町６丁目４３番地３８号,6512243
7140001129520,株式会社ＣＳＲ,兵庫県,神戸市西区,上新地１丁目１番地の７ヤスフクビル２０２号,6512411
7140001129875,株式会社ＷＡＧＮＥＲ　ＭｏｔｏｒＳｐｏｒｔｓ,兵庫県,神戸市西区,伊川谷町潤和２３８−３５６−１Ｆ,6512124
7140001130825,株式会社ＣｏＣｏｎａ,兵庫県,神戸市西区,竜が岡２丁目２０番地の８,6512412
7140001130965,株式会社ひまわり,兵庫県,神戸市西区,竜が岡２丁目２４番地の１１,6512412
7140001131468,ソルテック株式会社,兵庫県,神戸市西区,伊川谷町潤和１６４１番地の４,6512124
7140001132490,セムココンサルティング株式会社,兵庫県,神戸市西区,高塚台５丁目４番地の２３,6512271
7140001132664,株式会社アットホップ,兵庫県,神戸市西区,学園東町６丁目１番地の１、６１３号,6512102
7140001132747,Ｎａｗａｂ　Ｃｈｅｅｍａ　Ｔｒａｄｉｎｇ株式会社,兵庫県,神戸市西区,岩岡町岩岡１６１−５,6512401
7140001133695,株式会社ＫＳＬ,兵庫県,神戸市西区,井吹台東町５丁目７３番地の１３,6512242
7140001133704,株式会社ＤＡＹＳ,兵庫県,神戸市西区,天が岡１８−７,6512141
7140001133803,株式会社にくの家,兵庫県,神戸市西区,押部谷町木見３５０番地１号,6512223
7140001134033,株式会社ベストラ・マネジメント,兵庫県,神戸市西区,平野町印路６８１−１,6512266
7140001134371,株式会社バイクランド,兵庫県,神戸市西区,枝吉１丁目２２３番地,6512133
7140001134446,株式会社高丸商工,兵庫県,神戸市西区,伊川谷町上脇１００６番地の１３３,6512105
7140001134842,株式会社ＨＲＭ,兵庫県,神戸市西区,南別府３丁目３番地の３ドメスティックコーポ１０３,6512116
7140001135106,株式会社オクトパス,兵庫県,神戸市西区,池上４丁目２８番地６号シティ池上４０１,6512111
7140001135477,株式会社リバーパディ,兵庫県,神戸市西区,岩岡町岩岡１４６２番地の１,6512401
7140001135691,株式会社バベル,兵庫県,神戸市西区,学園西町１丁目３番地の２、３０３号,6512103
7140001136780,株式会社Ｍ＆Ｙ,兵庫県,神戸市西区,平野町堅田３３８番地,6512261
7140001136863,ティーホームズ株式会社,兵庫県,神戸市西区,竜が岡３丁目１５番地の３,6512412
7140001137259,株式会社ＬｉｏＸ,兵庫県,神戸市西区,井吹台西町８丁目２番地の２（７１４号）,6512243
7140001137457,株式会社Ｂ＆Ｆ,兵庫県,神戸市西区,糀台２丁目１１番地の４,6512273
7140001137861,マスタークリエイション株式会社,兵庫県,神戸市西区,学園西町７丁目３番地７０３−２０２号,6512103
7140001138439,大栄クレアーレ株式会社,兵庫県,神戸市西区,王塚台６丁目８４番地,6512135
7140001138505,株式会社エポムｅｎｔ,兵庫県,神戸市西区,竜が岡３丁目９番地の１０,6512412
7140001138595,ワールドドリームパートナーズ株式会社,兵庫県,神戸市西区,学園東町１丁目１番地１０１−５０３号,6512102
7140001138868,株式会社ヒロコーポレーション,兵庫県,神戸市西区,池上５丁目１２番地の１２,6512111
7140001139098,株式会社ＡＩＥＩ上下水道サービス,兵庫県,神戸市西区,玉津町高津橋２２６番地の１,6512122
7140001139271,株式会社ＫＫｗｏｒｋ’ｓ,兵庫県,神戸市西区,伊川谷町有瀬１４１４番地２,6512113
7140001139478,株式会社丹野設備,兵庫県,神戸市西区,池上２丁目３２番地の１,6512111
7140001139718,一二三オート株式会社,兵庫県,神戸市西区,神出町勝成１１６番地１５,6512301
7140001139957,株式会社ＯＴＩＵＭ,兵庫県,神戸市西区,桜が丘東町４丁目１２−３,6512225
7140001140106,ＡＲＩＦＵＬ　ＴＲＡＤＩＮＧ株式会社,兵庫県,神戸市西区,富士見が丘１丁目７−２富士見ヶ丘ショッピングプラザ３階,6512214
7140001140171,インクルージョン株式会社,兵庫県,神戸市西区,水谷１丁目１９番３６号,6512121
7140001140246,株式会社サキモト,兵庫県,神戸市西区,春日台５丁目１６番地の１２,6512276
7140001141145,株式会社リエネス,兵庫県,神戸市西区,伊川谷町有瀬１０４６番地の１、１５０３号,6512113
7140001141236,株式会社インフィニティ,兵庫県,神戸市西区,春日台４丁目１１番地の１１,6512276
7140001141442,ＫＩＮＧ＆ＳＯＮＳ株式会社,兵庫県,神戸市西区,神出町小束野字小池５８番２,6512304
7140001141624,株式会社ＡＲＫ,兵庫県,神戸市西区,伊川谷町井吹２４５番地の１,6512106
7140002018854,株式会社匠工房,兵庫県,神戸市西区,見津が丘２丁目２番地の２,6512228
7140002023210,株式会社あっと・はんど,兵庫県,神戸市西区,押部谷町木津５番地の３,6512222
7140002024290,株式会社あかつき,兵庫県,神戸市西区,大津和３丁目４番７号,6512112
7140002027608,株式会社エム・ティー・ネット,兵庫県,神戸市西区,神出町広谷６０１番地,6512331
7140003016709,株式会社アクール神戸,兵庫県,神戸市西区,神出町南字谷ノ上６４番１,6512312
7140003021246,株式会社ＩＺＵ,兵庫県,神戸市西区,春日台６丁目１７番１３号,6512276
7140005002566,株式会社天王山牧場,兵庫県,神戸市西区,神出町東１１８０番地の３０,6512311
7230001012915,マスミヤインターナショナル株式会社,兵庫県,神戸市西区,平野町芝崎２７７番地,6512254
8011101090467,株式会社ＩＺＫ,兵庫県,神戸市西区,王塚台１丁目７９番地８０７号,6512135
8040001096084,株式会社ウェブリシェ,兵庫県,神戸市西区,井吹台西町１丁目３番地１２０４号,6512243
8120001066302,株式会社ダイケン,兵庫県,神戸市西区,学園東町３丁目７番地の１２,6512102
8120001116420,ネオプラン株式会社,兵庫県,神戸市西区,樫野台６丁目７番７号,6512275
8120001169930,株式会社エージェイケー,兵庫県,神戸市西区,玉津町今津１７８番地の１,6512128
8120001193906,安原株式会社,兵庫県,神戸市西区,学園東町８丁目２−２．８１６号,6512102
8120001258972,株式会社ＬＩＢＲＥ,兵庫県,神戸市西区,糀台２丁目２６番ウエステージ西神中央２番館８０２号室,6512273
8120901025803,ミクニペイント株式会社,兵庫県,神戸市西区,見津が丘６丁目１０番地の２,6512228
8140001004400,株式会社赤堀製作所,兵庫県,神戸市西区,玉津町今津６０７番地,6512128
8140001004409,アサヒ塗装工業株式会社,兵庫県,神戸市西区,伊川谷町有瀬６６１番地,6512113
8140001004417,株式会社アントミルバーコーポレーション,兵庫県,神戸市西区,玉津町水谷３３０の２,6512121
8140001004433,池内陸運輸株式会社,兵庫県,神戸市西区,櫨谷町池谷２２０番地,6512234
8140001004482,株式会社ヴィック,兵庫県,神戸市西区,宮下１丁目４番１２号,6512146
8140001004490,株式会社栄光化学工業所,兵庫県,神戸市西区,高塚台３丁目１番地の１９,6512271
8140001004499,株式会社カオス,兵庫県,神戸市西区,学園西町７丁目３番地７０２−５０６号,6512103
8140001004508,エスケー食品株式会社,兵庫県,神戸市西区,伊川谷町潤和１１１０番地,6512124
8140001004524,株式会社エマーベル,兵庫県,神戸市西区,枝吉３丁目１０２番地の２,6512133
8140001004532,大塩整形医療株式会社,兵庫県,神戸市西区,平野町中津字重長９３６番地の１,6512257
8140001004540,株式会社大西装備,兵庫県,神戸市西区,神出町田井２６０番地の１４,6512313
8140001004549,岡野建設工業株式会社,兵庫県,神戸市西区,伊川谷町別府３４番地３,6512115
8140001004557,株式会社オノアルミ工業,兵庫県,神戸市西区,伊川谷町前開４３６番地の１,6512108
8140001004581,関西製菓株式会社,兵庫県,神戸市西区,白水１丁目５番９号,6512129
8140001004598,株式会社加藤建工,兵庫県,神戸市西区,大津和３丁目１番地の７,6512112
8140001004631,株式会社カワムラサイクル,兵庫県,神戸市西区,上新地３丁目９番１,6512411
8140001004656,木村タイヤ株式会社,兵庫県,神戸市西区,伊川谷町潤和字北横尾２３８番地３９１,6512124
8140001004672,日下部電機株式会社,兵庫県,神戸市西区,室谷２丁目１１番２,6512241
8140001004689,株式会社ケイエフケイ,兵庫県,神戸市西区,平野町西戸田２７２番地の１,6512267
8140001004722,株式会社コスモオート,兵庫県,神戸市西区,伊川谷町潤和９０８番地の２,6512124
8140001004739,株式会社小林建設,兵庫県,神戸市西区,伊川谷町有瀬字鍛治屋畑１５８０番,6512113
8140001004747,三栄興産株式会社,兵庫県,神戸市西区,伊川谷町小寺３９２番地の１,6512107
8140001004755,株式会社さかい,兵庫県,神戸市西区,宮下１丁目１番８号,6512146
8140001004788,株式会社笹木運輸,兵庫県,神戸市西区,押部谷町木見８１２番地の３,6512223
8140001004813,山陽丸辰道路株式会社,兵庫県,神戸市西区,玉津町高津橋４５３番の９,6512122
8140001004821,株式会社ジェイコム,兵庫県,神戸市西区,枝吉１丁目６６番２１,6512133
8140001004838,神港化学工業株式会社,兵庫県,神戸市西区,高塚台３丁目１番地の４８,6512271
8140001004846,茂富建設株式会社,兵庫県,神戸市西区,竜が岡２丁目７番地の４,6512412
8140001004854,株式会社システム・クリーン,兵庫県,神戸市西区,伊川谷町潤和１３７番地の１,6512124
8140001004862,株式会社新聞折込広告,兵庫県,神戸市西区,伊川谷町有瀬１０８６番地の１,6512113
8140001004879,下釜建設株式会社,兵庫県,神戸市西区,大沢２丁目３番地の６,6512414
8140001004887,島原物産株式会社,兵庫県,神戸市西区,竹の台６丁目３番地９２０号,6512274
8140001004895,株式会社ネクサステック,兵庫県,神戸市西区,大沢１丁目４番地の１,6512414
8140001004904,昭和興産株式会社,兵庫県,神戸市西区,伊川谷町有瀬１２７７番地,6512113
8140001004912,春陽電機工業株式会社,兵庫県,神戸市西区,森友４丁目５９番地,6512132
8140001004920,株式会社杉藤建設,兵庫県,神戸市西区,玉津町二ツ屋９番地,6512142
8140001004929,株式会社住田建設,兵庫県,神戸市西区,櫨谷町長谷１２０番地,6512235
8140001004937,西神衛生興業株式会社,兵庫県,神戸市西区,平野町堅田９２４番地,6512261
8140001004953,株式会社セイシンホーム,兵庫県,神戸市西区,伊川谷町有瀬４８番地の４,6512113
8140001004961,株式会社誠和鐵工所,兵庫県,神戸市西区,平野町印路山東３４５番地の２,6512266
8140001004994,株式会社泰慶,兵庫県,神戸市西区,玉津町二ツ屋９９番地の５,6512142
8140001005002,大扇建興株式会社,兵庫県,神戸市西区,岩岡町野中９９５番地の２,6512405
8140001005027,タキアルミ工業株式会社,兵庫県,神戸市西区,平野町向井９３−１,6512253
8140001005035,株式会社高田商店,兵庫県,神戸市西区,伊川谷町前開１０３８,6512108
8140001005043,株式会社武政製作所,兵庫県,神戸市西区,伊川谷町潤和字西川９５８番地,6512124
8140001005076,ツオイス・アンド・システム株式会社,兵庫県,神戸市西区,玉津町小山字下大田１２９番地の１,6512144
8140001005092,株式会社テキサス,兵庫県,神戸市西区,池上４丁目３０番地の３,6512111
8140001005101,株式会社寺本グリーン,兵庫県,神戸市西区,押部谷町木津７−２,6512222
8140001005118,東洋フーズ株式会社,兵庫県,神戸市西区,玉津町田中８８番地,6512147
8140001005126,株式会社戸田商店,兵庫県,神戸市西区,平野町大畑１９０番地,6512264
8140001005159,株式会社西明石ゴルフシヨツプ,兵庫県,神戸市西区,持子１丁目１９６番地の１,6512131
8140001005167,株式会社西神戸塗装工業所,兵庫県,神戸市西区,玉津町今津字机田６０７番地,6512128
8140001005175,西田貿易株式会社,兵庫県,神戸市西区,秋葉台２丁目１番地の９１,6512224
8140001005191,ネコス神戸販売株式会社,兵庫県,神戸市西区,桜が丘西町４丁目７番地の２,6512227
8140001005217,阪神製菓株式会社,兵庫県,神戸市西区,伊川谷町潤和字西川９６２番地,6512124
8140001005233,株式会社浜田工務所,兵庫県,神戸市西区,伊川谷町布施畑１４６３番地の５,6512101
8140001005241,株式会社ハリミツ,兵庫県,神戸市西区,南別府１丁目１１３６番地,6512116
8140001005258,平井工作株式会社,兵庫県,神戸市西区,神出町紫合３９９番地の１,6512334
8140001005266,平野運送株式会社,兵庫県,神戸市西区,平野町西戸田字古河４３７番地の２,6512267
8140001005274,株式会社ファーストフラッグ,兵庫県,神戸市西区,平野町福中２０４番地,6512252
8140001005282,深江化成株式会社,兵庫県,神戸市西区,室谷２丁目２番地７,6512241
8140001005308,株式会社藤原工作所,兵庫県,神戸市西区,森友２丁目３９の１,6512132
8140001005316,麓金属防錆工業株式会社,兵庫県,神戸市西区,大津和３丁目４番地１,6512112
8140001005332,蓬莱精工株式会社,兵庫県,神戸市西区,玉津町今津６１１番地の２,6512128
8140001005349,株式会社マエノ,兵庫県,神戸市西区,池上１丁目１２番地の１Ｅ−３０９号,6512111
8140001005365,株式会社間中製作所,兵庫県,神戸市西区,櫨谷町松本字才の木２番地の１の５,6512239
8140001005373,丸豊運送株式会社,兵庫県,神戸市西区,平野町西戸田３９２番地,6512267
8140001005398,株式会社みゆき苑,兵庫県,神戸市西区,月が丘４丁目８番地の６,6512217
8140001005407,株式会社メイケン,兵庫県,神戸市西区,伊川谷町潤和１４５６番１,6512124
8140001005415,メイトウサービス株式会社,兵庫県,神戸市西区,水谷１丁目３番８号,6512121
8140001005423,株式会社明和空調,兵庫県,神戸市西区,宮下１丁目１１番２２号,6512146
8140001005431,株式会社森工芸,兵庫県,神戸市西区,岩岡町古郷２２２２番地の４,6512404
8140001005448,株式会社やすもと,兵庫県,神戸市西区,伊川谷町潤和１６６５番地の１,6512124
8140001005456,ヤマカ株式会社,兵庫県,神戸市西区,伊川谷町潤和７６８番地の３,6512124
8140001005464,株式会社山戸製作所,兵庫県,神戸市西区,玉津町今津１４３番地の１,6512128
8140001005472,株式会社山本組,兵庫県,神戸市西区,押部谷町福住北山６２８番地の１３４,6512213
8140001005489,ユニック兵庫販売株式会社,兵庫県,神戸市西区,南別府１丁目１０９５番地２５,6512116
8140001005497,吉川自動車株式会社,兵庫県,神戸市西区,玉津町小山２４７番地の１,6512144
8140001005506,株式会社ヨネダハウジング,兵庫県,神戸市西区,樫野台６丁目１６番地の１０,6512275
8140001005539,株式会社ロードワーク,兵庫県,神戸市西区,学園東町３丁目１６番地の７,6512102
8140001005547,株式会社神戸エンジニアリング,兵庫県,神戸市西区,森友５丁目３４番,6512132
8140001005555,株式会社環境戦略研究所,兵庫県,神戸市西区,竹の台４丁目１０番地の７,6512274
8140001005571,神戸鉄鋼運輸株式会社,兵庫県,神戸市西区,伊川谷町潤和１０６０番地の３,6512124
8140001005588,株式会社神戸美研,兵庫県,神戸市西区,神出町田井３１番地の１,6512313
8140001005596,神戸マリテック株式会社,兵庫県,神戸市西区,糀台４丁目１６番地の１（４０１−４０１号）,6512273
8140001005605,日本技術総合株式会社,兵庫県,神戸市西区,井吹台東町１丁目４番地５−１３０２号,6512242
8140001005951,株式会社アトム企画,兵庫県,神戸市西区,神出町田井２８８番地の１,6512313
8140001007741,株式会社婚礼センター,兵庫県,神戸市西区,桜が丘中町５丁目８番地９,6512226
8140001009457,株式会社ＧＲＰコンストラクションズ,兵庫県,神戸市西区,美賀多台１丁目２番地Ｅ−５０８号,6512277
8140001009548,シスメックスＴＭＣ株式会社,兵庫県,神戸市西区,室谷１丁目３番地の２,6512241
8140001010290,株式会社ピアテクノサービス,兵庫県,神戸市西区,森友３丁目１５番地,6512132
8140001011669,ワールドミニオン株式会社,兵庫県,神戸市西区,竹の台１丁目２番地の１７,6512274
8140001012881,協栄運輸作業株式会社,兵庫県,神戸市西区,池上２丁目３０番地の１伊川センタービルＢ１,6512111
8140001013590,株式会社玉電機製作所,兵庫県,神戸市西区,櫨谷町谷口字地蔵ノ下２０−１,6512237
8140001014283,株式会社三島,兵庫県,神戸市西区,高塚台３丁目１番５２号,6512271
8140001014606,株式会社ケイエスエス,兵庫県,神戸市西区,見津が丘２丁目１番３,6512228
8140001016619,株式会社ニットー,兵庫県,神戸市西区,見津が丘５丁目５番地６,6512228
8140001017105,株式会社レーザーテック・イムラ,兵庫県,神戸市西区,井吹台西町６丁目１７番地の２,6512243
8140001017476,コンゴーケミフア株式会社,兵庫県,神戸市西区,伊川谷町前開５２１,6512108
8140001018706,株式会社ハッピースポーツ,兵庫県,神戸市西区,井吹台北町２丁目４番地の１２,6512244
8140001018739,株式会社いそい工房,兵庫県,神戸市西区,岩岡町古郷１１９２,6512404
8140001018788,株式会社宝徳真珠,兵庫県,神戸市西区,学園西町７丁目１番地７３７−３０３,6512103
8140001018870,株式会社村元工作所,兵庫県,神戸市西区,高塚台３丁目１番地５６,6512271
8140001019068,株式会社扶桑エンジニアリング,兵庫県,神戸市西区,高塚台３丁目１番地２７,6512271
8140001019266,ユタカ産業株式会社,兵庫県,神戸市西区,見津が丘２丁目２番地の４,6512228
8140001019654,株式会社トモミ,兵庫県,神戸市西区,井吹台西町３丁目２３番１０号,6512243
8140001019877,株式会社情報通信技術研究所,兵庫県,神戸市西区,井吹台西町３丁目４番地の４,6512243
8140001019885,株式会社中谷タイル,兵庫県,神戸市西区,美賀多台３丁目５番地の９,6512277
8140001020100,西神テクノ株式会社,兵庫県,神戸市西区,春日台６丁目１７番地の４,6512276
8140001020182,株式会社エルテック,兵庫県,神戸市西区,北別府５丁目３１番地の５,6512117
8140001020240,株式会社昇功,兵庫県,神戸市西区,伊川谷町有瀬１０３０番地の１８,6512113
8140001020315,ウェルコムデザイン株式会社,兵庫県,神戸市西区,見津が丘１丁目１３番地３,6512228
8140001020471,ハイウィン株式会社,兵庫県,神戸市西区,井吹台東町７丁目４番地の４,6512242
8140001020901,株式会社エルア,兵庫県,神戸市西区,池上３丁目５番地の４,6512111
8140001020918,株式会社モンブラン,兵庫県,神戸市西区,上新地１丁目１番地２,6512411
8140001021973,日本計装株式会社,兵庫県,神戸市西区,平野町中津４１７番地,6512257
8140001022030,株式会社ミヤビ電工,兵庫県,神戸市西区,竹の台４丁目９番地の１８,6512274
8140001022170,株式会社林クロージング,兵庫県,神戸市西区,糀台２丁目４番地の５,6512273
8140001022229,株式会社創成,兵庫県,神戸市西区,神出町東字沼谷１２５５番地の１,6512311
8140001022311,株式会社ゲベット,兵庫県,神戸市西区,伊川谷町潤和６８８番地の２,6512124
8140001022757,株式会社オフィス４６,兵庫県,神戸市西区,岩岡町野中９９５−２,6512405
8140001022848,株式会社ＭＩＮＡＴＯ,兵庫県,神戸市西区,小山２丁目５番２号,6512144
8140001023004,株式会社アライメタル,兵庫県,神戸市西区,平野町中津字門出６０４番地の１,6512257
8140001023549,明石ソフトウェアサービス株式会社,兵庫県,神戸市西区,北別府５丁目２番地の７,6512117
8140001023573,シンコールＫＯＢＥ株式会社,兵庫県,神戸市西区,伊川谷町６６３番地７,6500000
8140001023722,株式会社旭,兵庫県,神戸市西区,森友１丁目１１４番地,6512132
8140001024101,深安土木株式会社,兵庫県,神戸市西区,大津和１丁目３番地の１９ベルフィーヌ２１２号,6512112
8140001024506,株式会社ブリッジ・システム,兵庫県,神戸市西区,白水２丁目１８番５０号,6512129
8140001024927,株式会社荒波吐,兵庫県,神戸市西区,伊川谷町有瀬８２０番１,6512113
8140001024951,株式会社ペトロ・オリエンタル,兵庫県,神戸市西区,櫨谷町福谷７１７,6512233
8140001024968,株式会社ＨＡＰＬＩＥＮ,兵庫県,神戸市西区,大津和２丁目９番１号ルナパルクＣ号,6512112
8140001025099,ヤマト総合建設株式会社,兵庫県,神戸市西区,長畑町６０３番地,6512148
8140001025355,株式会社エイチアンドワイ,兵庫県,神戸市西区,美賀多台１丁目９番１号−７１７,6512277
8140001025462,株式会社Ｅｃｏ−Ｎａｖｉ研究所,兵庫県,神戸市西区,狩場台４丁目１０番地の１７,6512272
8140001025710,株式会社野田製作所,兵庫県,神戸市西区,岩岡町古郷１５０８番地の４３,6512404
8140001025859,株式会社インパルス,兵庫県,神戸市西区,南別府１丁目１４番地の８,6512116
8140001025867,神戸建商株式会社,兵庫県,神戸市西区,上新地１丁目１番地の４,6512411
8140001025883,株式会社ナルト,兵庫県,神戸市西区,伊川谷町別府字向井山１４１番地１,6512115
8140001025933,株式会社進藤ライフデザイン,兵庫県,神戸市西区,宮下２丁目３番１９号,6512146
8140001026080,株式会社ＴＹ　ＰＲＯＤＵＣＴＳ,兵庫県,神戸市西区,春日台４丁目１１番地の４,6512276
8140001026106,株式会社プランネット,兵庫県,神戸市西区,玉津町水谷５５７番地の１３,6512121
8140001026122,クライスエキスプレス株式会社,兵庫県,神戸市西区,神出町小束野５６番地２１２,6512304
8140001026130,株式会社ホームサービス,兵庫県,神戸市西区,玉津町高津橋５０５番地の７,6512122
8140001026213,株式会社明石家安全警備,兵庫県,神戸市西区,伊川谷町潤和９１８−７,6512124
8140001026238,藤田工業株式会社,兵庫県,神戸市西区,丸塚２丁目８−８,6512143
8140001026436,株式会社タキオタイル,兵庫県,神戸市西区,宮下１丁目２３番６号,6512146
8140001026460,株式会社池田製＿所,兵庫県,神戸市西区,櫨谷町松本５８４番地,6512239
8140001026650,株式会社三晃,兵庫県,神戸市西区,王塚台３丁目８２番地,6512135
8140001026808,株式会社高木コールド,兵庫県,神戸市西区,平野町印路９６０番地の１,6512266
8140001026898,株式会社マリアユナイテッド,兵庫県,神戸市西区,北別府３丁目２２番３号,6512117
8140001027005,株式会社マニーナ,兵庫県,神戸市西区,池上４丁目２５番地の１１,6512111
8140001027137,株式会社Ｈ・Ｍ・Ｊ,兵庫県,神戸市西区,伊川谷町潤和２番地の１４,6512124
8140001027186,株式会社かわむら,兵庫県,神戸市西区,伊川谷町有瀬１５２４番地,6512113
8140001027302,株式会社西神重建,兵庫県,神戸市西区,神出町東９１２番地,6512311
8140001027500,株式会社ゆいまある,兵庫県,神戸市西区,櫨谷町栃木４３−２,6512236
8140001027533,株式会社水設,兵庫県,神戸市西区,長畑町１６番地の６,6512148
8140001027657,エース商会株式会社,兵庫県,神戸市西区,玉津町今津５９５番地,6512128
8140001027780,株式会社末広商事,兵庫県,神戸市西区,上新地１丁目１番地の７、３０５号,6512411
8140001028085,株式会社黒河,兵庫県,神戸市西区,池上２丁目３番地の１１,6512111
8140001028093,株式会社ポプリ,兵庫県,神戸市西区,玉津町今津５５４番地１０,6512128
8140001028275,オキシオン株式会社,兵庫県,神戸市西区,糀台３丁目３５番地の２０,6512273
8140001028333,株式会社Ｔｅｎｎｉｓ・Ｋｉｎｇｄｏｍ・Ｃｏｍｐａｎｙ,兵庫県,神戸市西区,池上２丁目２７番地の３,6512111
8140001028390,株式会社ナカテクノコーポレーション,兵庫県,神戸市西区,伊川谷町潤和１３０９番地の８,6512124
8140001028580,梶原商運株式会社,兵庫県,神戸市西区,月が丘６丁目１９番地の７,6512217
8140001028705,株式会社地球資源環境研究所,兵庫県,神戸市西区,神出町小束野５８番地の９４,6512304
8140001028721,ＩＴブリッジ株式会社,兵庫県,神戸市西区,美賀多台６丁目３−２−７−２０３,6512277
8140001028894,株式会社アイワ塗装工業,兵庫県,神戸市西区,櫨谷町長谷８４−１９５,6512235
8140001029224,株式会社ファイブエス,兵庫県,神戸市西区,神出町五百蔵１４２番地の１５５,6512303
8140001029397,株式会社神戸丸福水産,兵庫県,神戸市西区,森友４丁目６３番地,6512132
8140001029645,株式会社ランドグリーン,兵庫県,神戸市西区,櫨谷町福谷２２２番１,6512233
8140001030124,株式会社Ｄｅｃｏ　Ｔｅｃｈ,兵庫県,神戸市西区,玉津町小山５９０,6512144
8140001030140,株式会社開成エステート,兵庫県,神戸市西区,白水１丁目４６番１３号,6512129
8140001030421,株式会社Ｒｕｎｕｐ,兵庫県,神戸市西区,月が丘３丁目１番地の２,6512217
8140001030702,株式会社油研,兵庫県,神戸市西区,学園西町２丁目５番地の１３４,6512103
8140001030768,エスティシーコミュニケーションズ株式会社,兵庫県,神戸市西区,竹の台１丁目１７−４,6512274
8140001030958,株式会社ウエムラ,兵庫県,神戸市西区,学園東町７丁目３５番地の１,6512102
8140001030966,Ｅ＆Ｍ株式会社,兵庫県,神戸市西区,学園東町５丁目１番地５０５−１０３号,6512102
8140001031007,株式会社レオ・ソリューションズ,兵庫県,神戸市西区,池上２丁目２０−１,6512111
8140001031056,神戸タイヤリサイクル株式会社,兵庫県,神戸市西区,伊川谷町前開９２３−６−２０３,6512108
8140001031072,株式会社アペゼ,兵庫県,神戸市西区,玉津町小山１６９番地,6512144
8140001031080,株式会社パワーストレージ,兵庫県,神戸市西区,押部谷町福住６２８番地の５１８,6512213
8140001031089,株式会社ヤマイチ,兵庫県,神戸市西区,北別府２丁目６番地の６,6512117
8140001031130,株式会社遊馬,兵庫県,神戸市西区,玉津町出合１９４番地の２グリーンライフサトウ１０１号室,6512137
8140001031221,ＢＲＩＣ’ｓ　ＥＣＯ　ＪＡＰＡＮ株式会社,兵庫県,神戸市西区,櫨谷町福谷７３０番地４１,6512233
8140001031279,株式会社ウェルズ,兵庫県,神戸市西区,北別府２丁目３番１号,6512117
8140001031832,森田コンサルタント株式会社,兵庫県,神戸市西区,大津和２丁目８番地の７朝日プラザウエスティ神戸４０４号,6512112
8140001031857,株式会社エコファーム,兵庫県,神戸市西区,岩岡町野中５６４番地の５,6512405
8140001031931,株式会社ファミリー電気,兵庫県,神戸市西区,井吹台西町１丁目６番地,6512243
8140001031964,株式会社ガントレット,兵庫県,神戸市西区,樫野台５丁目３番地,6512275
8140001031972,ＪＰＮロジスティクス株式会社,兵庫県,神戸市西区,森友１丁目１２０−１,6512132
8140001032013,株式会社スピーディＳＫ,兵庫県,神戸市西区,伊川谷町有瀬１６５番地の３３,6512113
8140001032046,株式会社創研社,兵庫県,神戸市西区,上新地２丁目２２番地の１５,6512411
8140001032087,神戸食品産業株式会社,兵庫県,神戸市西区,春日台４丁目１８番地の１,6512276
8140001032228,株式会社ＳＨテック,兵庫県,神戸市西区,岩岡町野中５２８番地の２８,6512405
8140001032236,株式会社フィット,兵庫県,神戸市西区,枝吉２丁目１１０番地２号,6512133
8140001032351,株式会社インビス神戸,兵庫県,神戸市西区,玉津町今津４２７番地の１,6512128
8140001032467,株式会社ダイヤテック,兵庫県,神戸市西区,上新地１丁目７番地の５,6512411
8140001032500,株式会社カネトシ,兵庫県,神戸市西区,神出町小束野３２番地の２,6512304
8140001032582,ウエルネスアグリコーポレーション株式会社,兵庫県,神戸市西区,櫨谷町栃木４１５番地,6512236
8140001032608,株式会社ＤＤＬ,兵庫県,神戸市西区,伊川谷町有瀬１０５８番地の１９アイワハイツ３Ｄ,6512113
8140001032681,株式会社鹿六,兵庫県,神戸市西区,玉津町高津橋５１５番地の６,6512122
8140001032698,株式会社オカケン,兵庫県,神戸市西区,岩岡町岩岡６５４番地の２６,6512401
8140001032731,株式会社有吉工芸,兵庫県,神戸市西区,北別府４丁目２１１３番地の２,6512117
8140001032814,株式会社Ｓａｎｔａ　Ｓｅｒｖｉｃｅ,兵庫県,神戸市西区,伊川谷町有瀬８１２番地の６西神戸セントポリア２−１０４,6512113
8140001032847,株式会社池谷南産業,兵庫県,神戸市西区,櫨谷町池谷４１９番地の１,6512234
8140001032913,株式会社スターメディカル,兵庫県,神戸市西区,伊川谷町潤和８２３番地の２,6512124
8140001032970,株式会社Ｌｉｆｅ　Ｓｔｕｄｉｏ,兵庫県,神戸市西区,枝吉２丁目１１６五兵衛ビル１０２,6512133
8140001033300,株式会社藤信実業,兵庫県,神戸市西区,北別府２丁目１番３号,6512117
8140001033399,株式会社内河リサイクル,兵庫県,神戸市西区,南別府１丁目１０９５番３７−２０３,6512116
8140001033498,株式会社フジ技研,兵庫県,神戸市西区,伊川谷町前開１３３１番地,6512108
8140001033507,株式会社ネオパチ,兵庫県,神戸市西区,伊川谷町布施畑８３４番地の６,6512101
8140001033548,株式会社ツリーワークス,兵庫県,神戸市西区,櫨谷町池谷４６３番地,6512234
8140001033804,株式会社ラインディスプレイ神戸,兵庫県,神戸市西区,伊川谷町小寺２９５番地,6512107
8140001033936,シックスウェイ株式会社,兵庫県,神戸市西区,宮下１丁目１０番４号,6512146
8140001034298,レオ・トラストパートナーズ株式会社,兵庫県,神戸市西区,池上２丁目２０−１,6512111
8140001034661,株式会社岡崎製作所機械工場,兵庫県,神戸市西区,室谷１丁目２番地４,6512241
8140001035222,豊田建設株式会社,兵庫県,神戸市西区,神出町小束野３９−５１,6512304
8140001036781,株式会社浪正建設,兵庫県,神戸市西区,王塚台１丁目１２３番地、２０３号,6512135
8140001037078,株式会社アイビズ,兵庫県,神戸市西区,大津和１丁目３番地の２１,6512112
8140001038051,株式会社トキワ,兵庫県,神戸市西区,小山３丁目１０番１１号,6512144
8140001038209,平野カーゴ株式会社,兵庫県,神戸市西区,神出町田井１３２０番地の５８,6512313
8140001038241,ウエストメディカル株式会社,兵庫県,神戸市西区,井吹台西町５丁目１３番地の８,6512243
8140001042128,株式会社星コンサルタント,兵庫県,神戸市西区,大沢１丁目４番地の５,6512414
8140001046137,株式会社盛京貿易,兵庫県,神戸市西区,伊川谷町有瀬１６３７番地の５県住２−５０１号,6512113
8140001047069,株式会社ＫＵＭＡＧＡＩ,兵庫県,神戸市西区,中野２丁目１１番地の１０,6512136
8140001047250,株式会社ナチュラリズム,兵庫県,神戸市西区,二ツ屋１丁目１６番２号,6512142
8140001057027,西神戸建機株式会社,兵庫県,神戸市西区,天が岡３５番地の１０,6512141
8140001057043,株式会社ウエスト神戸,兵庫県,神戸市西区,学園西町１丁目１番１号,6512103
8140001057233,株式会社ティー・エー・コレクション,兵庫県,神戸市西区,伊川谷町有瀬８４６−１０ギャラリエ１Ｆ,6512113
8140001067430,株式会社ベルアージュ,兵庫県,神戸市西区,玉津町西河原１５８番地の１,6512127
8140001067447,株式会社オアオア,兵庫県,神戸市西区,北別府４丁目１４番７号,6512117
8140001077198,エース白蟻株式会社,兵庫県,神戸市西区,玉津町今津４９４番地の４,6512128
8140001077818,株式会社ライフサービス,兵庫県,神戸市西区,王塚台６丁目９５番地１０６号,6512135
8140001077826,株式会社そらまめ,兵庫県,神戸市西区,岩岡町岩岡１２１７番地の１１,6512401
8140001085275,株式会社東興運輸,兵庫県,神戸市西区,見津が丘３丁目８番地の６,6512228
8140001086380,株式会社たちばな商会,兵庫県,神戸市西区,神出町田井１３２０番地の５８,6512313
8140001086397,株式会社大建,兵庫県,神戸市西区,森友５丁目２９番地の１プリマベーラ森友１０１,6512132
8140001086570,株式会社グッドラック,兵庫県,神戸市西区,玉津町高津橋１３４番地の１マッティーナ神戸壱番館Ｈ３号,6512122
8140001087503,株式会社ＳＩＡ,兵庫県,神戸市西区,池上５丁目１３番地の７,6512111
8140001088872,株式会社ａｍｂｉｔｉｏｎ,兵庫県,神戸市西区,伊川谷町有瀬１４−２１−１０１,6512113
8140001089326,高砂メガソーラー株式会社,兵庫県,神戸市西区,宮下３丁目２２番３１号,6512146
8140001089499,株式会社光栄テクノス,兵庫県,神戸市西区,玉津町今津５７２番地の４,6512128
8140001089565,株式会社ワイズネクスト,兵庫県,神戸市西区,大津和３丁目３番２号サニーパレス大津和１Ｆ,6512112
8140001089623,株式会社中島工務店,兵庫県,神戸市西区,伊川谷町有瀬１３２０番地の４,6512113
8140001090003,株式会社茂幾建築,兵庫県,神戸市西区,伊川谷町前開１２３２−５番地,6512108
8140001090622,西都開発株式会社,兵庫県,神戸市西区,井吹台西町４丁目１番地ア・ラヴリ西神南２番館１０５号,6512243
8140001091273,グランテックプラス株式会社,兵庫県,神戸市西区,櫨谷町長谷７番地の２８,6512235
8140001091950,株式会社Ｍａｒｋ　Ｉｎｎｏｖａｔｉｏｎ,兵庫県,神戸市西区,王塚台１丁目１４４,6512135
8140001091975,株式会社あくしゅ,兵庫県,神戸市西区,王塚台６丁目７４番地３,6512135
8140001092016,株式会社セイント,兵庫県,神戸市西区,伊川谷町潤和１３０７番地の７,6512124
8140001092107,株式会社ＳＵＥＨＩＲＯ,兵庫県,神戸市西区,美賀多台６丁目３番地の２・１番館１０６号,6512277
8140001092949,株式会社ユナイテッドサポート,兵庫県,神戸市西区,学園東町６丁目１番地の１,6512102
8140001093245,株式会社ふぁみりー地所,兵庫県,神戸市西区,北別府５丁目１５番地の１４,6512117
8140001093419,株式会社三輝フーズ,兵庫県,神戸市西区,岩岡町古郷２２４７番地１,6512404
8140001093468,株式会社リノベール建築,兵庫県,神戸市西区,伊川谷町潤和９４４番地の９,6512124
8140001093872,株式会社自然回復,兵庫県,神戸市西区,長畑町８−９ディアス長畑２０１号,6512148
8140001093988,国際アグリテック株式会社,兵庫県,神戸市西区,玉津町出合３２９番地,6512137
8140001094706,桜が丘ＴＣＪ株式会社,兵庫県,神戸市西区,桜が丘中町３丁目２番３号タウンセンタージョイフル４階,6512226
8140001094929,株式会社潤和興業,兵庫県,神戸市西区,伊川谷町潤和北横尾２３８−２３,6512124
8140001095191,株式会社グリーンペットクリニック,兵庫県,神戸市西区,樫野台１丁目２−５,6512275
8140001095464,株式会社ＹＵＫＩ３ＰＬＵＳ,兵庫県,神戸市西区,富士見が丘１丁目７番地の２０,6512214
8140001096058,ヤマヒ株式会社,兵庫県,神戸市西区,押部谷町高和１１１４番地,6512204
8140001096520,株式会社ぷらすＣＯＣＯ,兵庫県,神戸市西区,伊川谷町有瀬１２０９−１,6512113
8140001097080,小川造園土木株式会社,兵庫県,神戸市西区,月が丘３丁目３番地の１３,6512217
8140001097329,株式会社ワングッド,兵庫県,神戸市西区,白水１丁目３番１９号,6512129
8140001097568,株式会社ブライアント,兵庫県,神戸市西区,今寺１４番地の２５,6512114
8140001097931,株式会社Ｎ・Ｔケアコーポレーション,兵庫県,神戸市西区,竹の台４丁目１３番地の４,6512274
8140001098376,株式会社ビコル,兵庫県,神戸市西区,南別府３丁目１０番地の２０,6512116
8140001098517,株式会社コスモハウジング,兵庫県,神戸市西区,白水２丁目６−１−２０２,6512129
8140001099003,株式会社ハラショー,兵庫県,神戸市西区,桜が丘西町１丁目１０番地の８,6512227
8140001099176,株式会社セントラルオート,兵庫県,神戸市西区,神出町田井１６９−１,6512313
8140001099787,Ｖａｌｌａｒｉａ　Ｍａｒｉｎｅ株式会社,兵庫県,神戸市西区,伊川谷町潤和２３８番地の３５７,6512124
8140001099845,株式会社アルト,兵庫県,神戸市西区,糀台３丁目４番地の６,6512273
8140001100059,株式会社ケージープランニング,兵庫県,神戸市西区,学園東町３丁目１３番地の３,6512102
8140001100199,桜舞技装機工株式会社,兵庫県,神戸市西区,池上１丁目２−１９ＦｉｏｒｅｎｔｅＫｏｂｅＶ２Ａ号室,6512111
8140001100216,株式会社竹組,兵庫県,神戸市西区,玉津町今津６２８番地の１９,6512128
8140001100323,株式会社Ｉ・Ｆ・Ｄ,兵庫県,神戸市西区,平野町下村１１０番地,6512251
8140001100819,エム企画株式会社,兵庫県,神戸市西区,伊川谷町長坂８８４番地の７,6512104
8140001101503,ジャパンフードサービス株式会社,兵庫県,神戸市西区,王塚台７丁目８２番地１０２号,6512135
8140001101552,ＨＯＲＡＳＩＧＮ株式会社,兵庫県,神戸市西区,伊川谷町潤和７２４番１２,6512124
8140001101569,株式会社ＭＯＭＯ’Ｓ,兵庫県,神戸市西区,上新地１丁目５番地の３,6512411
8140001101890,株式会社エコクリーン,兵庫県,神戸市西区,池上１丁目１４−２,6512111
8140001101932,株式会社Ｐａｌ　ｔｅｃｈｎｉｃａｌ,兵庫県,神戸市西区,神出町宝勢３９９０番地,6512321
8140001102096,高橋工務店株式会社,兵庫県,神戸市西区,押部谷町栄８０番地,6512211
8140001102121,株式会社ウィライフサポートサービス,兵庫県,神戸市西区,枝吉４丁目１８８番地,6512133
8140001102682,株式会社ディヴォートライフ,兵庫県,神戸市西区,神出町広谷６２３番地の８９,6512331
8140001102906,ジャパンヘルスケア株式会社,兵庫県,神戸市西区,学園東町４丁目１５番地の７,6512102
8140001103219,株式会社宝ライジング,兵庫県,神戸市西区,糀台２丁目２６番地１−２１６号,6512273
8140001103251,株式会社ヘキサゴン,兵庫県,神戸市西区,学園東町２丁目１番地の２、１００８号,6512102
8140001103276,株式会社ＵＢＵホールディングス,兵庫県,神戸市西区,玉津町二ツ屋大谷８８番地の１,6512142
8140001103854,テルマ・マーレ株式会社,兵庫県,神戸市西区,美賀多台２丁目２１番地の２,6512277
8140001103961,神戸クレーンサービス株式会社,兵庫県,神戸市西区,南別府２丁目１５番６号１０４,6512116
8140001104002,株式会社ＪＩＮ,兵庫県,神戸市西区,竹の台４丁目３番地の１,6512274
8140001104191,株式会社テクニカルワークスちどりや,兵庫県,神戸市西区,南別府１丁目３番地の２１,6512116
8140001104340,株式会社笑み,兵庫県,神戸市西区,水谷２丁目１７番１７号,6512121
8140001104836,株式会社ひなた住宅,兵庫県,神戸市西区,大津和１丁目５−２グランドメゾン大津和１０５号,6512112
8140001105132,株式会社ジー・クリエイティブ,兵庫県,神戸市西区,二ツ屋１丁目１番１０号,6512142
8140001105371,株式会社神戸インダストリー,兵庫県,神戸市西区,岩岡町古郷７６５番地,6512404
8140001106782,株式会社フジシン,兵庫県,神戸市西区,玉津町水谷４２０−８,6512121
8140001106898,株式会社アイコン,兵庫県,神戸市西区,池上４丁目２２番地の４,6512111
8140001107442,株式会社Ｐｒｅｍｉｕｍ　Ｇａｒａｇｅ,兵庫県,神戸市西区,水谷１丁目１９番１５号,6512121
8140001107517,エム・ファクトリー株式会社,兵庫県,神戸市西区,岩岡町岩岡２３５２,6512401
8140001107681,ジェネレートジャパン株式会社,兵庫県,神戸市西区,玉津町今津６６４番地の１,6512128
8140001107863,大成薬品株式会社,兵庫県,神戸市西区,持子３丁目３７−２,6512131
8140001107987,株式会社マイプレジャー,兵庫県,神戸市西区,玉津町新方３４２番地の１８,6512125
8140001108093,株式会社エーディーアイ,兵庫県,神戸市西区,玉津町水谷６０番地の１７,6512121
8140001108226,株式会社ＯＫ仮設,兵庫県,神戸市西区,玉津町二ツ屋６９０番地の７４,6512142
8140001108498,鈴木商事株式会社,兵庫県,神戸市西区,玉津町新方３２５番地の１,6512125
8140001108820,株式会社富士住建,兵庫県,神戸市西区,伊川谷町長坂９６９番地の８,6512104
8140001108936,ジャパンクリエイト株式会社,兵庫県,神戸市西区,玉津町高津橋４６７番地１,6512122
8140001109389,株式会社ＪＥＤＥＬ,兵庫県,神戸市西区,池上１丁目１−１０ハイツヤマネ３０３,6512111
8140001109901,神港リンクス株式会社,兵庫県,神戸市西区,樫野台５丁目３番地オーク・スクエア西神中央七番館７０２,6512275
8140001110033,株式会社東洋企画,兵庫県,神戸市西区,天が岡２２番地の１,6512141
8140001110248,株式会社ＣＬＹ神戸,兵庫県,神戸市西区,岩岡町西脇４１１番地,6512403
8140001112079,大和株式会社,兵庫県,神戸市西区,桜が丘西町１丁目９番地の８,6512227
8140001112260,株式会社ＪＡＴ,兵庫県,神戸市西区,室谷２丁目１１番地の３,6512241
8140001112888,株式会社Ｋ−Ｒｅｃｋｓ,兵庫県,神戸市西区,伊川谷町有瀬１５２４−３陽光ビル１階南,6512113
8140001112896,株式会社朔玄羽,兵庫県,神戸市西区,玉津町水谷３４５番地,6512121
8140001113003,株式会社フラッグスタッフ,兵庫県,神戸市西区,美賀多台７丁目１４番地の３,6512277
8140001113151,Ｋ＆Ｙホールディングス株式会社,兵庫県,神戸市西区,玉津町高津橋４６７番地１,6512122
8140001113176,株式会社葵設備,兵庫県,神戸市西区,北別府４丁目１１−５,6512117
8140001113498,喜助株式会社,兵庫県,神戸市西区,王塚台７丁目１２０,6512135
8140001114042,株式会社ＪＮＳ,兵庫県,神戸市西区,竹の台４丁目３番地の１,6512274
8140001114315,株式会社ＣＥＳ,兵庫県,神戸市西区,伊川谷町有瀬１１５０番地の２黒田第２ビル３１１号,6512113
8140001114331,株式会社ジュン・コーポレーション,兵庫県,神戸市西区,糀台５丁目６番３号,6512273
8140001114892,Ａ．Ａ．Ａ．工業株式会社,兵庫県,神戸市西区,枝吉１丁目６５−１０６号,6512133
8140001115040,株式会社ＴＳＡ,兵庫県,神戸市西区,伊川谷町布施畑８２５番地の１,6512101
8140001115098,株式会社翔企画,兵庫県,神戸市西区,神出町古神１５７番地の２４２,6512302
8140001115668,株式会社モンローライン,兵庫県,神戸市西区,伊川谷町有瀬２９番地の１１−３０１,6512113
8140001115866,株式会社Ｓａｋｕｒａ　Ｃｏｒｐｏｒａｔｉｏｎ,兵庫県,神戸市西区,北別府５丁目１５番地の１,6512117
8140001116055,株式会社クリエイトワン,兵庫県,神戸市西区,岩岡町岩岡６９３番地の４,6512401
8140001116220,株式会社エス・エム・ケイ食品,兵庫県,神戸市西区,池上２丁目２０−１,6512111
8140001116261,株式会社ＲＥＡＬ,兵庫県,神戸市西区,伊川谷町有瀬１４−２１−１０１,6512113
8140001116815,共栄興業株式会社,兵庫県,神戸市西区,伊川谷町潤和９９６番地,6512124
8140001117623,株式会社アトラクト,兵庫県,神戸市西区,桜が丘東町５丁目６番地の１,6512225
8140001117697,株式会社一善工業,兵庫県,神戸市西区,中野１丁目１７−１８ファニータウン池内Ａ−２,6512136
8140001117912,株式会社山誠,兵庫県,神戸市西区,大津和３丁目３−３,6512112
8140001118761,しさや株式会社,兵庫県,神戸市西区,押部谷町栄１２７番地１,6512211
8140001119586,株式会社Ｏｅｎ,兵庫県,神戸市西区,井吹台東町１丁目６番の８,6512242
8140001119883,株式会社柊翔建装,兵庫県,神戸市西区,伊川谷町潤和９１５番地の１,6512124
8140001120016,株式会社ＴＭ総合サービス,兵庫県,神戸市西区,押部谷町和田４８９番地の１１０,6512206
8140001120404,ＬＩＦＥ　ＰＥＲＳＯＮ’Ｓ株式会社,兵庫県,神戸市西区,枝吉１丁目２０１番地の１０,6512133
8140001121311,株式会社アトビス,兵庫県,神戸市西区,丸塚１丁目８番５−２号,6512143
8140001121419,株式会社中西,兵庫県,神戸市西区,押部谷町高和字北山１４４０−２,6512204
8140001121492,株式会社大内工業,兵庫県,神戸市西区,伊川谷町長坂８８４−８ベースブリッジ長坂１０３号,6512104
8140001121501,イー株式会社,兵庫県,神戸市西区,井吹台西町５丁目６番地の４,6512243
8140001122053,別府サービス株式会社,兵庫県,神戸市西区,南別府３丁目９番地の２,6512116
8140001122301,明翔工業株式会社,兵庫県,神戸市西区,伊川谷町前開１１１１−１,6512108
8140001122466,株式会社今寺商会,兵庫県,神戸市西区,今寺４−８−２０３,6512114
8140001122838,エスピーメディカル株式会社,兵庫県,神戸市西区,池上１丁目７番８−１１４,6512111
8140001122978,株式会社リリス,兵庫県,神戸市西区,今寺４−８−３０８,6512114
8140001123092,ダイワエクスプレス株式会社,兵庫県,神戸市西区,水谷３丁目１３番１３号,6512121
8140001123332,株式会社営繕はせ川,兵庫県,神戸市西区,高雄台２７−１６,6512201
8140001123464,株式会社ＴＡＫＵ,兵庫県,神戸市西区,見津が丘２丁目２番地の２,6512228
8140001123646,ジェイビーエス株式会社,兵庫県,神戸市西区,学園東町３丁目６５９番地の５２,6512102
8140001124826,株式会社リターン,兵庫県,神戸市西区,北山台３丁目１６番７号,6512215
8140001125725,株式会社カーシステム神戸,兵庫県,神戸市西区,丸塚２丁目５番４号,6512143
8140001126211,株式会社Ｌ‐Ｂａｓｅ,兵庫県,神戸市西区,池上２丁目２０−１,6512111
8140001126252,株式会社大永商店,兵庫県,神戸市西区,学園東町３丁目１１番７号,6512102
8140001126483,株式会社ＡＰＥＸ,兵庫県,神戸市西区,福吉台２丁目１番地の２１,6512413
8140001126624,神明左官株式会社,兵庫県,神戸市西区,今寺２５番地の１０,6512114
8140001127192,株式会社ＬｉＣ　ＫＯＢＥ,兵庫県,神戸市西区,学園東町４丁目７番地の８,6512102
8140001127465,株式会社三浦工務店,兵庫県,神戸市西区,南別府３丁目２１−３,6512116
8140001127787,株式会社ＴＨＲＥＥ　ＷＡＹ　ＧＯＯＤ,兵庫県,神戸市西区,神出町田井３５６番地の３,6512313
8140001127894,ＣｏＬａｂ，Ｉ株式会社,兵庫県,神戸市西区,宮下１丁目１１番９号,6512146
8140001128018,株式会社ＬＰ土建,兵庫県,神戸市西区,中野１丁目４番地の１７,6512136
8140001128307,セレブラシステム株式会社,兵庫県,神戸市西区,竹の台５丁目１９番地の１１２,6512274
8140001128323,株式会社煌琳,兵庫県,神戸市西区,月が丘６丁目１２番地の１,6512217
8140001128612,株式会社和粧,兵庫県,神戸市西区,水谷１丁目１−１９,6512121
8140001128876,株式会社ヒロエンヂニアリング,兵庫県,神戸市西区,伊川谷町潤和１７８８番地の２０,6512124
8140001129222,株式会社Ｋクラフト,兵庫県,神戸市西区,富士見が丘４丁目２番地の９,6512214
8140001129800,株式会社Ｋ＆Ｋ電機,兵庫県,神戸市西区,伊川谷町有瀬１５５５番地の７エフコート神戸西６０１号,6512113
8140001129809,株式会社ケーデザインネットワーク,兵庫県,神戸市西区,丸塚１丁目１１番５号,6512143
8140001130221,株式会社ＡＮＮＩＶＥＲＳＡＲＹ　ＢＥＡＵＴＹ　ＳＵＰＰＯＲＴ,兵庫県,神戸市西区,二ツ屋１丁目１０番７号リベルテ西神戸１０２,6512142
8140001130345,株式会社ライズリアルエステート,兵庫県,神戸市西区,大津和１丁目７番８号ＷＥＳＴ２０００,6512112
8140001130758,株式会社ブルースター,兵庫県,神戸市西区,桜が丘中町５丁目９番地の７,6512226
8140001130923,アイエル株式会社,兵庫県,神戸市西区,平野町大畑１３８番地,6512264
8140001131070,ＭＡＴ株式会社,兵庫県,神戸市西区,大津和１丁目６番地の２,6512112
8140001131203,ｅｎｊｏｉｎｔ株式会社,兵庫県,神戸市西区,白水２丁目１０番２８号,6512129
8140001131467,Ｕｎｉｖｅｒｓａｌ　Ｈａｎｄｓ株式会社,兵庫県,神戸市西区,学園東町８丁目３番地,6512102
8140001131483,株式会社山田建装,兵庫県,神戸市西区,岩岡町岩岡６１６番地の２３７,6512401
8140001131582,株式会社山平工業,兵庫県,神戸市西区,天が岡１０番地７,6512141
8140001133042,株式会社茂木塗装,兵庫県,神戸市西区,糀台４丁目１４番地の６７,6512273
8140001133232,株式会社神戸近江屋不動産,兵庫県,神戸市西区,井吹台東町３丁目１−６６,6512242
8140001133240,株式会社ミライトピア,兵庫県,神戸市西区,玉津町上池２３３−１,6512126
8140001134445,Ｍテクノロジー株式会社,兵庫県,神戸市西区,伊川谷町前開１０４３−１,6512108
8140001134453,株式会社Ｂｅ　ＳＴＯＮＥ,兵庫県,神戸市西区,王塚台６丁目４９番地の１ファミール王塚台１０１号,6512135
8140001134486,スタイルコマース株式会社,兵庫県,神戸市西区,岩岡町古郷１９６６番地の２６,6512404
8140001134560,ｙ・ｋ・上田株式会社,兵庫県,神戸市西区,井吹台西町６丁目１４番地の１０,6512243
8140001134874,株式会社ゴンドウ,兵庫県,神戸市西区,伊川谷町前開９２３番地アバンダン前開１Ｆ,6512108
8140001134949,株式会社ＬＡＴＩＹＡ　ＭＩＫＩ,兵庫県,神戸市西区,神出町五百蔵８７番地の１,6512303
8140001135195,ハシモテック株式会社,兵庫県,神戸市西区,平野町常本２６５番地,6512263
8140001135286,関西コンストラクション株式会社,兵庫県,神戸市西区,王塚台７丁目３５−１,6512135
8140001135699,株式会社五国住建,兵庫県,神戸市西区,神出町南３９５−１３,6512312
8140001136094,株式会社セン,兵庫県,神戸市西区,桜が丘中町２丁目３番地の１０,6512226
8140001136326,栄塗建株式会社,兵庫県,神戸市西区,平野町印路６５７番地,6512266
8140001136425,株式会社Ｋ‐ＧＵＡＲＤ,兵庫県,神戸市西区,王塚台６丁目４９番地の２,6512135
8140001136573,株式会社Ｍａｎｙ　ｓｍｉｌｅ,兵庫県,神戸市西区,美賀多台８丁目１番地の２,6512277
8140001137340,株式会社つなぐ,兵庫県,神戸市西区,伊川谷町長坂９４３−２９,6512104
8140001137860,株式会社ＨＩＴＯＴＯＫＩ,兵庫県,神戸市西区,春日台１丁目２番地の４,6512276
8140001137951,ＳＡＲＵ貿易株式会社,兵庫県,神戸市西区,押部谷町和田４９８−２１,6512206
8140001138017,株式会社Ｂｅｓｓｅｌ,兵庫県,神戸市西区,美賀多台４丁目２０番地の１９,6512277
8140001138256,商業プロパティーズ株式会社,兵庫県,神戸市西区,北別府３丁目８番地の１,6512117
8140001138470,株式会社藤本ポンプ,兵庫県,神戸市西区,玉津町今津５５０番地の５,6512128
8140001138520,株式会社ルミ・マート,兵庫県,神戸市西区,池上２丁目３０−１伊川センタービルＡ−２,6512111
8140001138644,株式会社Ｓｔｅｍ　Ｃｅｌｌ　Ｂｅａｕｔｙ,兵庫県,神戸市西区,井吹台西町４丁目３０番地の２,6512243
8140001138859,株式会社グロースＫ,兵庫県,神戸市西区,水谷１丁目６番８号,6512121
8140001139857,株式会社竹内エンザイム,兵庫県,神戸市西区,神出町古神６９７番地,6512302
8140001140245,株式会社オーミチパック,兵庫県,神戸市西区,神出町広谷６０１番地,6512331
8140001140336,株式会社ＣＯＬＯＲＳ,兵庫県,神戸市西区,押部谷町木見６７１番地の１,6512223
8140001140889,株式会社ｓｏｌａ,兵庫県,神戸市西区,伊川谷町有瀬３２０番１,6512113
8140001141680,株式会社ＳＯＬ,兵庫県,神戸市西区,伊川谷町有瀬１４０２番地の１ラフィーネ有瀬２０１号,6512113
8140001141714,株式会社ウエルジェイ,兵庫県,神戸市西区,北別府３丁目１５番地の３,6512117
8140001142167,株式会社隼,兵庫県,神戸市西区,井吹台東町６丁目２７番２４１号,6512242
8140001142200,株式会社Ｂｅａｒｓ　ＤＥＮＫＩ,兵庫県,神戸市西区,玉津町出合３８３番地の１４,6512137
8140002004507,株式会社小西産業,兵庫県,神戸市西区,伊川谷町布施畑５７６番地,6512101
8140002004589,株式会社三和ボディーショップ,兵庫県,神戸市西区,池上３丁目５番地の１１,6512111
8140002005273,株式会社三木樹脂工業,兵庫県,神戸市西区,神出町南４４７−１,6512312
8140002025338,株式会社清光建設,兵庫県,神戸市西区,桜が丘中町５丁目４番地の８,6512226
8260001008034,株式会社後藤教育研究所,兵庫県,神戸市西区,秋葉台２丁目１番地の２１８,6512224
8430001070090,株式会社オーシャンギフト,兵庫県,神戸市西区,狩場台３丁目８番地１−２０１号,6512272
9020001103080,株式会社ワイルドツリー,兵庫県,神戸市西区,竹の台１丁目２０番地の５３,6512274
9120001164393,株式会社芙蓉インターナショナル,兵庫県,神戸市西区,樫野台５丁目３番地６−２２０３号,6512275
9120001200000,株式会社ＬＯＴＵＳグループＨ．Ｋ．Ｓ,兵庫県,神戸市西区,伊川谷町有瀬１３２６番地コンフォートメイアイ２号館３０３,6512113
9120002059378,みのりビズアソシエ株式会社,兵庫県,神戸市西区,岩岡町岩岡１６７１番地,6512401
9120901008699,株式会社ユニティ,兵庫県,神戸市西区,玉津町今津９７番地の４２,6512128
9120901022394,株式会社ジェイ・エム・エヌ,兵庫県,神戸市西区,見津が丘３丁目１１番地２,6512228
9140001000480,株式会社瀬川商店,兵庫県,神戸市西区,岩岡町岩岡字庄太夫場２８８０番地７の５０３,6512401
9140001004382,株式会社アイワ,兵庫県,神戸市西区,持子２丁目１１番地の１,6512131
9140001004390,明石製菓株式会社,兵庫県,神戸市西区,大沢２丁目４番地の８,6512414
9140001004408,株式会社アサヒテクノ,兵庫県,神戸市西区,伊川谷町有瀬２３８番地の９,6512113
9140001004416,株式会社アド・フアイブ,兵庫県,神戸市西区,大津和１丁目２番地の４,6512112
9140001004449,インダクトサームグループジャパン株式会社,兵庫県,神戸市西区,南別府１丁目３番地の１０,6512116
9140001004457,株式会社稲見建設,兵庫県,神戸市西区,大津和２丁目９番地の７,6512112
9140001004498,株式会社エスティー物流,兵庫県,神戸市西区,伊川谷町潤和字北横尾２３８−３６９,6512124
9140001004523,株式会社エムアイ,兵庫県,神戸市西区,神出町小束野５１番地の３７,6512304
9140001004531,大蔵住建株式会社,兵庫県,神戸市西区,伊川谷町有瀬１４６２番地の１,6512113
9140001004556,株式会社乙田組,兵庫県,神戸市西区,伊川谷町別府１０６番地の３,6512115
9140001004572,株式会社環境保全センター,兵庫県,神戸市西区,神出町東字新内４９７番地の１,6512311
9140001004589,関西ハイブレーン株式会社,兵庫県,神戸市西区,伊川谷町有瀬６０５番地の２プレステージ西神戸ＩＶ４０１号,6512113
9140001004614,亀津工業株式会社,兵庫県,神戸市西区,福吉台２丁目１０番地１０,6512413
9140001004622,株式会社川崎タクシー,兵庫県,神戸市西区,平野町西戸田２８０番地の２,6512267
9140001004630,株式会社カワムラ,兵庫県,神戸市西区,伊川谷町有瀬１５２４番地,6512113
9140001004655,株式会社木村設備工業,兵庫県,神戸市西区,押部谷町木幡１８番地の１６,6512221
9140001004663,弘由ロジスティックス株式会社,兵庫県,神戸市西区,岩岡町野中字内山２番地の１,6512405
9140001004671,日下部エンジニアリング株式会社,兵庫県,神戸市西区,室谷２丁目１１番２,6512241
9140001004705,興神石油株式会社,兵庫県,神戸市西区,岩岡町岩岡１５６２番地の２１,6512401
9140001004713,株式会社幸悠,兵庫県,神戸市西区,北別府３丁目７番地の７,6512117
9140001004721,株式会社五色開発,兵庫県,神戸市西区,押部谷町西盛５６６番地の１６９２,6512202
9140001004738,小西造園株式会社,兵庫県,神戸市西区,福吉台２丁目２５番地の４,6512413
9140001004746,株式会社山栄運輸,兵庫県,神戸市西区,大津和３丁目２番地２,6512112
9140001004762,株式会社酒井化染,兵庫県,神戸市西区,岩岡町古郷字白古瀬１９６６番地の１９,6512404
9140001004812,山陽Ａｍｎａｋ株式会社,兵庫県,神戸市西区,平野町中津４０１番地,6512257
9140001004837,株式会社神興技研,兵庫県,神戸市西区,玉津町小山２４８番地,6512144
9140001004845,神機設計株式会社,兵庫県,神戸市西区,上新地１丁目３番地の１,6512411
9140001004861,株式会社神報建設工業所,兵庫県,神戸市西区,玉津町出合１０２番地,6512137
9140001004903,株式会社ジョイロード,兵庫県,神戸市西区,池上３丁目２番地の７,6512111
9140001004928,株式会社住神建材センター,兵庫県,神戸市西区,岩岡町古郷字白古瀬１９６６番地,6512404
9140001004952,西神中央開発株式会社,兵庫県,神戸市西区,糀台５丁目１０番地２,6512273
9140001004969,株式会社千成建設,兵庫県,神戸市西区,福吉台２丁目６番地の１５,6512413
9140001004977,世良田石油株式会社,兵庫県,神戸市西区,北山台１丁目１番１号,6512215
9140001004985,株式会社ソフトジャパン,兵庫県,神戸市西区,宮下１丁目１３番地,6512146
9140001004993,株式会社大経,兵庫県,神戸市西区,井吹台東町２丁目１番地２−１４０２,6512242
9140001005001,株式会社ダイシン観光,兵庫県,神戸市西区,岩岡町岩岡２３６０番地,6512401
9140001005026,丹家株式会社,兵庫県,神戸市西区,伊川谷町前開８１７番地の５,6512108
9140001005042,株式会社タカミ,兵庫県,神戸市西区,神出町宝勢１８１７番地の１,6512321
9140001005059,株式会社田中コンテナーサービス,兵庫県,神戸市西区,平野町西戸田３９０番地１,6512267
9140001005067,株式会社谷本商店,兵庫県,神戸市西区,玉津町出合１７８番地の２,6512137
9140001005083,株式会社ツボタテクニカ,兵庫県,神戸市西区,伊川谷町有瀬７１３番地,6512113
9140001005109,東邦電機株式会社,兵庫県,神戸市西区,高塚台３丁目１番地の１７,6512271
9140001005125,戸田工業株式会社,兵庫県,神戸市西区,北別府５丁目２２番地の３,6512117
9140001005141,株式会社ナガシマ住建,兵庫県,神戸市西区,押部谷町和田７０番地,6512206
9140001005158,西岡建材株式会社,兵庫県,神戸市西区,平野町印路２８４番地,6512266
9140001005166,西神戸住宅株式会社,兵庫県,神戸市西区,伊川谷町有瀬５３４番地１,6512113
9140001005174,株式会社西鉄工所,兵庫県,神戸市西区,月が丘４丁目２２番地の７,6512217
9140001005182,株式会社ニック商会,兵庫県,神戸市西区,平野町慶明１８３番地の４,6512255
9140001005208,株式会社パウリナ,兵庫県,神戸市西区,中野２丁目１４番地の１３,6512136
9140001005216,株式会社長谷川鉄工所,兵庫県,神戸市西区,北別府４丁目１５番地の８,6512117
9140001005232,株式会社花家鮓,兵庫県,神戸市西区,神出町東９１８番地の５,6512311
9140001005257,株式会社ヒヨバク,兵庫県,神戸市西区,伊川谷町潤和字京田９５１番地の１,6512124
9140001005265,株式会社広島屋,兵庫県,神戸市西区,押部谷町木見９番地の２,6512223
9140001005281,株式会社ファルコム,兵庫県,神戸市西区,見津が丘２丁目４番地の６,6512228
9140001005298,富士産興株式会社,兵庫県,神戸市西区,狩場台１丁目２９番地の７,6512272
9140001005331,株式会社シィメス住まい館,兵庫県,神戸市西区,森友４丁目３０,6512132
9140001005348,マイト工業株式会社,兵庫県,神戸市西区,神出町広谷４０７−１,6512331
9140001005356,増屋株式会社,兵庫県,神戸市西区,高塚台３丁目２番地の１１,6512271
9140001005364,松村石油化成株式会社,兵庫県,神戸市西区,高塚台２丁目１番４号,6512271
9140001005372,株式会社丸上水産,兵庫県,神戸市西区,森友４丁目２８番地,6512132
9140001005380,マルワ機械産業株式会社,兵庫県,神戸市西区,伊川谷町潤和字近角７６９番の３,6512124
9140001005389,株式会社道本グリーンハウス,兵庫県,神戸市西区,王塚台１丁目４２番地,6512135
9140001005397,株式会社ミマタ,兵庫県,神戸市西区,伊川谷町潤和７３０番地の８,6512124
9140001005414,明植自動車株式会社,兵庫県,神戸市西区,伊川谷町潤和９０５番地の５,6512124
9140001005422,株式会社明友資材,兵庫県,神戸市西区,岩岡町野中９３１番地,6512405
9140001005430,株式会社モント,兵庫県,神戸市西区,櫨谷町福谷６６８番地の５,6512233
9140001005447,株式会社ヤシマ建商,兵庫県,神戸市西区,上新地１丁目１番地１６,6512411
9140001005463,株式会社ヤマト,兵庫県,神戸市西区,玉津町西河原２９番の１,6512127
9140001005488,ユニタイト株式会社,兵庫県,神戸市西区,高塚台３丁目１番地の１２,6512271
9140001005496,吉川精密工学株式会社,兵庫県,神戸市西区,伊川谷町潤和１３０４番地の７,6512124
9140001005505,米田工機株式会社,兵庫県,神戸市西区,見津が丘１丁目３番地の１,6512228
9140001005513,株式会社ライブコンクリート,兵庫県,神戸市西区,神出町南６２１番地の１４,6512312
9140001005521,和合商事株式会社,兵庫県,神戸市西区,岩岡町岩岡３２１番地の６,6512401
9140001005538,レジデンス小野株式会社,兵庫県,神戸市西区,池上２丁目２７番地の８,6512111
9140001005546,神戸エンジニアリング株式会社,兵庫県,神戸市西区,岩岡町古郷字西場２１９０番地１５,6512404
9140001005554,株式会社神戸金剛コルメット製作所,兵庫県,神戸市西区,森友１丁目７０番地,6512132
9140001005562,神戸敷物株式会社,兵庫県,神戸市西区,狩場台２丁目１番地の６,6512272
9140001005570,株式会社至高建設,兵庫県,神戸市西区,押部谷町栄２４４番地,6512211
9140001005579,株式会社神戸調査設計,兵庫県,神戸市西区,北別府２丁目５番地の３,6512117
9140001005595,神戸岬工業株式会社,兵庫県,神戸市西区,南別府４丁目４４１−１,6512116
9140001005620,株式会社日本プララド,兵庫県,神戸市西区,岩岡町古郷２５５番地の６,6512404
9140001005629,玉津建機株式会社,兵庫県,神戸市西区,玉津町高津橋字沢町１４４番地の１,6512122
9140001009836,納豆フェルミン製薬株式会社,兵庫県,神戸市西区,櫨谷町長谷３３９番地の３,6512235
9140001011016,株式会社丸一産業,兵庫県,神戸市西区,押部谷町木見字下山畑の五１１０４番地の１,6512223
9140001012105,株式会社神戸平和霊苑コンサルタント,兵庫県,神戸市西区,押部谷町木見字下山畑の五１１０４番地の１,6512223
9140001012666,大知木材株式会社,兵庫県,神戸市西区,神出町宝勢７８６番地の１,6512321
9140001012757,株式会社笠松工作所,兵庫県,神戸市西区,櫨谷町寺谷字櫨谷１２４２番地の１１８、２０４号室,6512231
9140001013887,株式会社ハンシン,兵庫県,神戸市西区,見津が丘２丁目３番地１２,6512228
9140001014596,神戸装工株式会社,兵庫県,神戸市西区,水谷３丁目１２番１３−１０６号,6512121
9140001014704,株式会社兵庫生コン,兵庫県,神戸市西区,丸塚２丁目３番１２号,6512143
9140001017905,株式会社ペンテック,兵庫県,神戸市西区,枝吉２丁目５４番地,6512133
9140001018011,株式会社柳瀬製作所,兵庫県,神戸市西区,見津が丘２丁目２番５,6512228
9140001018853,ミナト精工株式会社,兵庫県,神戸市西区,池上２丁目２０番１号ぬくもりの家こころ西神戸２２５号室,6512111
9140001018936,株式会社リストワール,兵庫県,神戸市西区,池上２丁目３９−２,6512111
9140001019059,神出自工株式会社,兵庫県,神戸市西区,神出町北３４４番地,6512332
9140001019265,株式会社森岡造園,兵庫県,神戸市西区,押部谷町高和５３６番地２,6512204
9140001019554,株式会社ワイズスタッフ,兵庫県,神戸市西区,上新地３丁目１４７２番地の１,6512411
9140001019645,ＫＵサービス株式会社,兵庫県,神戸市西区,櫨谷町谷口１５８−１,6512237
9140001020388,株式会社ジェイ・ティ・エヌ,兵庫県,神戸市西区,平野町芝崎２８５−４,6512254
9140001020586,株式会社ケアフードサービス,兵庫県,神戸市西区,春日台１丁目１８番地の２,6512276
9140001020826,西神住宅販売株式会社,兵庫県,神戸市西区,小山１丁目３番１６号,6512144
9140001021650,中川木材産業株式会社,兵庫県,神戸市西区,平野町印路６５７番地,6512266
9140001021725,株式会社ライフデザイン,兵庫県,神戸市西区,伊川谷町長坂９７１番地の１１３,6512104
9140001021865,大進建設株式会社,兵庫県,神戸市西区,二ツ屋１丁目３０番９号,6512142
9140001021972,株式会社パイオニア,兵庫県,神戸市西区,伊川谷町上脇２４７番地,6512105
9140001022021,株式会社明応,兵庫県,神戸市西区,伊川谷町前開字新田山１０３６,6512108
9140001022343,株式会社村田工務店,兵庫県,神戸市西区,糀台５丁目１０番地２,6512273
9140001022731,株式会社環境技術開発,兵庫県,神戸市西区,櫨谷町松本２１７番地,6512239
9140001022888,アルファ・ユナイテッド株式会社,兵庫県,神戸市西区,玉津町水谷字中坪３４２番地の１,6512121
9140001022896,神戸エコシステム株式会社,兵庫県,神戸市西区,神出町田井字南山１３１９番地,6512313
9140001023011,流科サービス株式会社,兵庫県,神戸市西区,学園西町３丁目１番,6512103
9140001023151,新和ホーム株式会社,兵庫県,神戸市西区,大津和１丁目３番５号ロイヤルメゾンアドニス１Ｆ,6512112
9140001023309,三木ポリマー株式会社,兵庫県,神戸市西区,福吉台２丁目１０番地の５１,6512413
9140001023341,アテストアーキ株式会社,兵庫県,神戸市西区,糀台５丁目５番地の２、１−１０１３号,6512273
9140001023440,株式会社曾根物産,兵庫県,神戸市西区,玉津町今津４２７番地の１,6512128
9140001023531,神姫ゾーンバス株式会社,兵庫県,神戸市西区,押部谷町栄字北垣内２２番地の１,6512211
9140001023804,株式会社ヴィラージュトレーディング,兵庫県,神戸市西区,岩岡町岩岡字中筋１６３７番２,6512401
9140001023878,日本環境ビジネス株式会社,兵庫県,神戸市西区,樫野台３丁目１０番地の８,6512275
9140001024224,株式会社日商,兵庫県,神戸市西区,二ツ屋１丁目３−２,6512142
9140001024281,株式会社秋谷鉄工所,兵庫県,神戸市西区,見津が丘６丁目１番地の５,6512228
9140001024661,イノラックステクノロジージャパン株式会社,兵庫県,神戸市西区,井吹台東町１丁目１番１,6512242
9140001024901,株式会社日環ソリューション,兵庫県,神戸市西区,神出町田井字南山１３１９番地の２の１１,6512313
9140001024934,株式会社儀間工務店,兵庫県,神戸市西区,伊川谷町有瀬１６３７−１,6512113
9140001024967,株式会社オフィスＲＫ,兵庫県,神戸市西区,森友４丁目３番地,6512132
9140001025073,株式会社Ｙ．Ａ．Ｃ．Ｓ,兵庫県,神戸市西区,北別府３丁目６−７ＩＩ−７Ｄ−１,6512117
9140001025404,甲斐電気工事株式会社,兵庫県,神戸市西区,水谷３丁目１２番１号,6512121
9140001025511,フジオ建設株式会社,兵庫県,神戸市西区,神出町宝勢２１５４番地,6512321
9140001025734,株式会社岡本運送,兵庫県,神戸市西区,学園東町６丁目１２番地の８,6512102
9140001025767,株式会社オール・マイティー,兵庫県,神戸市西区,玉津町水谷３７７−５,6512121
9140001025858,奥村モータース株式会社,兵庫県,神戸市西区,岩岡町岩岡１５６１−１１,6512401
9140001025932,シーティーイーサービス株式会社,兵庫県,神戸市西区,平野町西戸田７０９番地の１,6512267
9140001026369,株式会社大翔,兵庫県,神戸市西区,玉津町高津橋１０７番地の１２,6512122
9140001026419,株式会社エバーグレース,兵庫県,神戸市西区,神出町田井１３２０番地の７,6512313
9140001026484,株式会社六甲開発,兵庫県,神戸市西区,玉津町高津橋３５７番地の２７,6512122
9140001026609,廣澤商事株式会社,兵庫県,神戸市西区,前開南町２丁目４番２１号,6512109
9140001026625,株式会社タチヤ工務店,兵庫県,神戸市西区,玉津町二ツ屋２９８−１,6512142
9140001026773,株式会社ネットスペア,兵庫県,神戸市西区,狩場台１丁目２０番地４,6512272
9140001026889,ユニタイトシステムズ株式会社,兵庫県,神戸市西区,高塚台３丁目１番地の１２,6512271
9140001026906,株式会社Ｇ−デェキシス,兵庫県,神戸市西区,学園東町３丁目６５９番８６,6512102
9140001026955,株式会社エコネットワーク,兵庫県,神戸市西区,岩岡町古郷２１９０番地の１１,6512404
9140001026996,ユニタイトホールディングス株式会社,兵庫県,神戸市西区,高塚台３丁目１番地の１２,6512271
9140001027045,株式会社セオリプラス,兵庫県,神戸市西区,玉津町新方７３番地の６,6512125
9140001027193,株式会社伍代グループ,兵庫県,神戸市西区,小山１丁目７番１２号,6512144
9140001027210,株式会社佐々木電気工事,兵庫県,神戸市西区,南別府３丁目６番地の２０,6512116
9140001027301,株式会社悠工房・陸・海,兵庫県,神戸市西区,玉津町今津３６４番地の２９,6512128
9140001027359,ケー・エフ・シー株式会社,兵庫県,神戸市西区,月が丘４丁目１１番地の４,6512217
9140001027615,株式会社フェアサブリ,兵庫県,神戸市西区,神出町宝勢４１５６番,6512321
9140001028068,ゴーイースト株式会社,兵庫県,神戸市西区,見津が丘１丁目１８番地,6512228
9140001028431,株式会社アウス,兵庫県,神戸市西区,北別府２丁目１５番地の３,6512117
9140001028448,株式会社神戸ナチュラルズ,兵庫県,神戸市西区,井吹台東町３丁目８番地の６,6512242
9140001028621,株式会社濱口興業,兵庫県,神戸市西区,丸塚１丁目２０番４号,6512143
9140001028761,エフ・ライン株式会社,兵庫県,神戸市西区,伊川谷町潤和９１４番地１９,6512124
9140001029025,ウエストオートサービス株式会社,兵庫県,神戸市西区,神出町田井１６９番地の１,6512313
9140001029330,株式会社ワイズ,兵庫県,神戸市西区,南別府１丁目１３番地の５,6512116
9140001029347,株式会社太田商店,兵庫県,神戸市西区,櫨谷町谷口３９９番１,6512237
9140001029917,株式会社クレスト,兵庫県,神戸市西区,伊川谷町有瀬８４２番地の２,6512113
9140001030156,株式会社アイテック２１,兵庫県,神戸市西区,池上５丁目１０番地の２,6512111
9140001030164,株式会社神戸ソリッドサービス,兵庫県,神戸市西区,秋葉台２丁目４−１６,6512224
9140001030206,株式会社ビスケッツ,兵庫県,神戸市西区,池上５丁目１１番地の７,6512111
9140001030271,株式会社ライドオン,兵庫県,神戸市西区,櫨谷町長谷８３番地１８３,6512235
9140001030494,株式会社キュアたくみ,兵庫県,神戸市西区,学園西町１丁目５番地キャンパススクエア東館１Ｆ,6512103
9140001030602,株式会社マック,兵庫県,神戸市西区,伊川谷町長坂９３９番地の６,6512104
9140001030916,株式会社ハウスサービスかわかみ,兵庫県,神戸市西区,水谷１丁目１２番１７号,6512121
9140001031402,株式会社ＢＣＮ,兵庫県,神戸市西区,伊川谷町有瀬１２９３番地の６,6512113
9140001031518,株式会社すみれコンタクトレンズ,兵庫県,神戸市西区,池上２丁目２１番地４,6512111
9140001031609,株式会社藤丸,兵庫県,神戸市西区,春日台８丁目１１番地の４０,6512276
9140001031633,株式会社エムアイテック,兵庫県,神戸市西区,池上１丁目１４番８号,6512111
9140001031690,グリーンサプライズ株式会社,兵庫県,神戸市西区,櫨谷町寺谷１２４２番地の５５,6512231
9140001031897,株式会社悠陽,兵庫県,神戸市西区,伊川谷町有瀬１１４４番地,6512113
9140001032152,株式会社スターリング,兵庫県,神戸市西区,持子１丁目６６番地の６,6512131
9140001032193,株式会社天晴,兵庫県,神戸市西区,伊川谷町有瀬６３８−２,6512113
9140001032549,株式会社ＥＬＬアカデミー,兵庫県,神戸市西区,学園西町１丁目１番地の１,6512103
9140001032813,株式会社彩塗,兵庫県,神戸市西区,池上３丁目５番４号１階,6512111
9140001032887,株式会社東田商店,兵庫県,神戸市西区,玉津町二ツ屋１１３−１,6512142
9140001033002,ヤシロ造園株式会社,兵庫県,神戸市西区,井吹台東町１丁目３番地１Ａ−１０３号,6512242
9140001033043,秀和株式会社,兵庫県,神戸市西区,狩場台２丁目２０番地の１８,6512272
9140001033076,株式会社岩崎不動産,兵庫県,神戸市西区,王塚台１丁目１１０番地,6512135
9140001033217,部品販売株式会社,兵庫県,神戸市西区,学園西町７丁目１番地７３２−４０１号,6512103
9140001033407,株式会社ＦＳＨＡ産業,兵庫県,神戸市西区,南別府１丁目１０９５番３７号,6512116
9140001033621,株式会社ベストライフ,兵庫県,神戸市西区,伊川谷町有瀬１０５０番地１,6512113
9140001033877,株式会社ビーエスアール,兵庫県,神戸市西区,平野町芝崎２２０,6512254
9140001033935,株式会社ソリューション,兵庫県,神戸市西区,玉津町高津橋６１０番地の１・３０１号,6512122
9140001033968,株式会社西神自販,兵庫県,神戸市西区,押部谷町木幡１９３−１,6512221
9140001034025,株式会社司設備設計,兵庫県,神戸市西区,王塚台５丁目９０番地の３,6512135
9140001034347,株式会社ファインフード,兵庫県,神戸市西区,大津和２丁目３番地の１８,6512112
9140001034363,株式会社アスター,兵庫県,神戸市西区,伊川谷町有瀬１６９０番地の１,6512113
9140001035213,トップソーイング株式会社,兵庫県,神戸市西区,伊川谷町潤和１３１０番地の７,6512124
9140001035436,藤田塗装興業株式会社,兵庫県,神戸市西区,丸塚２丁目８番８号,6512143
9140001035650,株式会社ユーア化学研究所,兵庫県,神戸市西区,岩岡町岩岡２１９３番地の１,6512401
9140001036112,株式会社エスコート,兵庫県,神戸市西区,見津が丘１丁目２番地９,6512228
9140001037341,エイアールテック株式会社,兵庫県,神戸市西区,森友４丁目９９,6512132
9140001037614,株式会社ＴＡＫＵＭＩ,兵庫県,神戸市西区,岩岡町野中９９１番地,6512405
9140001037861,アイラ商会株式会社,兵庫県,神戸市西区,押部谷町西盛５６６−９４,6512202
9140001038050,株式会社ＩＤコーポレーション,兵庫県,神戸市西区,糀台２丁目１０番地の９,6512273
9140001040477,株式会社ＮＳＰ,兵庫県,神戸市西区,桜が丘中町３丁目２番３号タウンセンタージョイフル４階,6512226
9140001043125,太陽興産株式会社,兵庫県,神戸市西区,糀台２丁目１８番地の５,6512273
9140001045930,株式会社ライ,兵庫県,神戸市西区,王塚台５丁目１２１番地の３,6512135
9140001046169,株式会社ＳＡＬＵＴ,兵庫県,神戸市西区,天王山２番地の９,6512123
9140001047142,株式会社ＥＰＯＣＳ,兵庫県,神戸市西区,春日台５丁目８番地の４,6512276
9140001047704,イツワ通商株式会社,兵庫県,神戸市西区,玉津町出合１３８−１,6512137
9140001057059,株式会社ＪＣＲエンジニアリング,兵庫県,神戸市西区,室谷２丁目２番１０号,6512241
9140001057224,株式会社神戸マイスター,兵庫県,神戸市西区,大津和２丁目１０番６号,6512112
9140001057298,株式会社なでしこの湯,兵庫県,神戸市西区,伊川谷町前開２７０−１,6512108
9140001067669,ＮＥＸＴ　ＤＯＯＲ株式会社,兵庫県,神戸市西区,神出町池田３６６番地の２,6512333
9140001072727,株式会社フェザーファクトリー,兵庫県,神戸市西区,玉津町出合３１３−２,6512137
9140001073114,横田美装株式会社,兵庫県,神戸市西区,水谷３丁目９番３号,6512121
9140001086066,株式会社岩間音楽事務所,兵庫県,神戸市西区,伊川谷町有瀬１０５７番４ヴィラ大蔵３０４号,6512113
9140001086462,株式会社Ｆｏｏｄｓ　Ｆｏｏｄｓ,兵庫県,神戸市西区,伊川谷町有瀬字土橋６５０−１,6512113
9140001086545,株式会社ジャパンケアライフ,兵庫県,神戸市西区,玉津町高津橋４６７番地１,6512122
9140001086735,株式会社ＳＡＮＳＥ,兵庫県,神戸市西区,玉津町高津橋１２２番地の７,6512122
9140001087205,株式会社ＫＴＣ,兵庫県,神戸市西区,玉津町西河原２３７番地の８,6512127
9140001087246,セームマインド株式会社,兵庫県,神戸市西区,玉津町水谷２９番地の８,6512121
9140001087584,株式会社ＳＴ,兵庫県,神戸市西区,池上３丁目４−７,6512111
9140001087659,株式会社くらしの夢工房,兵庫県,神戸市西区,水谷２丁目１４番２７号カーサＭＹＫＩＩＩ１Ｆ,6512121
9140001087717,株式会社ティージーテクノ,兵庫県,神戸市西区,玉津町出合３８番地の２,6512137
9140001087931,株式会社忠重,兵庫県,神戸市西区,玉津町居住１８８番地,6512145
9140001088021,株式会社黒いち,兵庫県,神戸市西区,伊川谷町別府７１９番地の１,6512115
9140001088319,株式会社エヌケー工業,兵庫県,神戸市西区,伊川谷町有瀬１５５５番地の６、９０６号,6512113
9140001088574,ＷＥＳＴ．ｏｎｅ株式会社,兵庫県,神戸市西区,伊川谷町小寺１２番地,6512107
9140001088748,株式会社ヨシオカ,兵庫県,神戸市西区,白水１丁目５番４号,6512129
9140001089069,株式会社西彩,兵庫県,神戸市西区,狩場台４丁目４番地の１,6512272
9140001089201,株式会社ＣＯＮＱＵＩＳＴＡＤＯＲ　ＧＲＯＵＰ,兵庫県,神戸市西区,大津和１丁目７番地の８,6512112
9140001089473,Ｊ−ｃｕｂｅ株式会社,兵庫県,神戸市西区,北別府５丁目２０番地の２,6512117
9140001089597,株式会社第一商会,兵庫県,神戸市西区,玉津町新方２０１番地,6512125
9140001089944,株式会社アイテック,兵庫県,神戸市西区,上新地２丁目２８番地の３,6512411
9140001090175,株式会社ウッディーアラン,兵庫県,神戸市西区,枝吉４丁目１８８番地,6512133
9140001090398,株式会社北野工藝,兵庫県,神戸市西区,天が岡３５番地の６,6512141
9140001090828,株式会社Ｒ＆Ｃ,兵庫県,神戸市西区,櫨谷町谷口６１０番３,6512237
9140001090919,Ｄ’ｓエンターテイメント株式会社,兵庫県,神戸市西区,見津が丘１丁目１３番地３,6512228
9140001091652,株式会社ハート物流,兵庫県,神戸市西区,糀台２丁目２６番地１−９０９号,6512273
9140001091719,株式会社エナジーテック,兵庫県,神戸市西区,今寺２１番地の２０,6512114
9140001092080,株式会社森井,兵庫県,神戸市西区,伊川谷町潤和６８２番地の４,6512124
9140001092205,株式会社ＣＬメンテナンス,兵庫県,神戸市西区,糀台２丁目８番地の８,6512273
9140001092675,株式会社モアハピネス明石,兵庫県,神戸市西区,玉津町上池３１４番地の５,6512126
9140001092774,花園自動車株式会社,兵庫県,神戸市西区,櫨谷町谷口６１０番３,6512237
9140001092840,株式会社司機設,兵庫県,神戸市西区,南別府１丁目９番地の１,6512116
9140001093013,株式会社雅建設,兵庫県,神戸市西区,桜が丘西町５丁目１２番地の１０,6512227
9140001093244,株式会社ハラノはちみつ,兵庫県,神戸市西区,桜が丘東町６丁目３７番地の１５,6512225
9140001093533,株式会社インキュベートファクトリー,兵庫県,神戸市西区,森友１丁目１１９番地,6512132
9140001093797,シスメックスエンジニアリング株式会社,兵庫県,神戸市西区,高塚台４丁目４番地の４,6512271
9140001093830,ジーエフサービス株式会社,兵庫県,神戸市西区,岩岡町岩岡３９８番地４,6512401
9140001094044,株式会社祥和貿易,兵庫県,神戸市西区,井吹台西町２丁目１番地４−９０２号,6512243
9140001094606,株式会社兵庫あさひ工業,兵庫県,神戸市西区,桜が丘西町３丁目１番地の７,6512227
9140001094944,株式会社ＫＴインターナショナル,兵庫県,神戸市西区,春日台８丁目１番地の１,6512276
9140001095034,株式会社ひさご経済法律研究所,兵庫県,神戸市西区,井吹台北町１丁目１６番地の２６,6512244
9140001095224,株式会社ＥＣＯ　ＳＰＡＣＥ,兵庫県,神戸市西区,平野町慶明２２９番地の１,6512255
9140001095397,株式会社ｎｏＮ’ｓ,兵庫県,神戸市西区,神出町五百蔵１４２番地の２５８,6512303
9140001095414,株式会社プライム,兵庫県,神戸市西区,竹の台５丁目７番地の２０,6512274
9140001095513,株式会社西菓舗,兵庫県,神戸市西区,北別府２丁目１番２号,6512117
9140001095785,株式会社ヒガサ,兵庫県,神戸市西区,王塚台１丁目１０６３番地,6512135
9140001096172,株式会社岡本精工,兵庫県,神戸市西区,上新地３丁目６番地の１１,6512411
9140001096412,明和環境株式会社,兵庫県,神戸市西区,岩岡町古郷１５３３番地,6512404
9140001096486,西神メタル株式会社,兵庫県,神戸市西区,押部谷町西盛字北山５６６番１６９２,6512202
9140001096602,塩浜興業株式会社,兵庫県,神戸市西区,宮下３丁目２２番３１号,6512146
9140001097014,株式会社神戸ａ．ｔ．ｃ．,兵庫県,神戸市西区,上新地１丁目１番７号,6512411
9140001097567,株式会社Ｇ　ＴＥＣＨ,兵庫県,神戸市西区,玉津町高津橋２９１番地の１,6512122
9140001097757,イーシーク株式会社,兵庫県,神戸市西区,井吹台東町４丁目１番地の１,6512242
9140001098094,株式会社明石ホンダモータース,兵庫県,神戸市西区,櫨谷町菅野１０９２番地,6512238
9140001098276,株式会社ＮＫＴ,兵庫県,神戸市西区,伊川谷町潤和１５２２番地,6512124
9140001098391,株式会社物流チャンネル,兵庫県,神戸市西区,南別府４丁目２６３番地の１５、Ｂ−２０２号,6512116
9140001098672,池田商事株式会社,兵庫県,神戸市西区,伊川谷町長坂９７８−４,6512104
9140001099019,モノコープ株式会社,兵庫県,神戸市西区,井吹台西町１丁目４番地４０３号,6512243
9140001099101,株式会社幸生,兵庫県,神戸市西区,平野町向井５７０番地,6512253
9140001099209,株式会社松本商事,兵庫県,神戸市西区,桜が丘西町４丁目１５番地の１２,6512227
9140001100272,株式会社アツミ自動車,兵庫県,神戸市西区,伊川谷町潤和１４６０番地の２,6512124
9140001100917,株式会社不動産の窓口,兵庫県,神戸市西区,白水１丁目８番５号,6512129
9140001100941,株式会社藤澤不動産,兵庫県,神戸市西区,池上４丁目２７番地の１０エスペランサ１０３号,6512111
9140001101444,株式会社西岡義建設,兵庫県,神戸市西区,玉津町水谷８番地の１９,6512121
9140001101808,株式会社Ｆ．ｃａｒｒｙ,兵庫県,神戸市西区,玉津町水谷５９５番地の８,6512121
9140001102120,株式会社ＮＥＷＷＩＮＧ,兵庫県,神戸市西区,桜が丘西町３丁目１８番地の７,6512227
9140001102681,もりお工房株式会社,兵庫県,神戸市西区,平野町西戸田１８９番地,6512267
9140001102962,株式会社ヤナセ不動産,兵庫県,神戸市西区,櫨谷町池谷７１８番地の１,6512234
9140001103218,大前興産株式会社,兵庫県,神戸市西区,櫨谷町長谷２０１番１,6512235
9140001103283,株式会社神戸合材センター,兵庫県,神戸市西区,櫨谷町寺谷字従弟谷７２３番地の１１,6512231
9140001103671,Ｎｅｘｔ　Ｒｅｎｏｖａｔｉｏｎ株式会社,兵庫県,神戸市西区,小山１丁目８番７−１０２号,6512144
9140001103845,エンジェルスマイル株式会社,兵庫県,神戸市西区,宮下２丁目１８番８号,6512146
9140001104059,株式会社ＨＯＰＥ,兵庫県,神戸市西区,井吹台西町６丁目１２番地の８,6512243
9140001104430,株式会社ＲＯＯＴＳ,兵庫県,神戸市西区,玉津町新方１５３番地の３３,6512125
9140001105354,株式会社アンサー,兵庫県,神戸市西区,天王山２６番地の９,6512123
9140001105651,シスメックスハーモニー株式会社,兵庫県,神戸市西区,高塚台４丁目４番地の４,6512271
9140001105759,株式会社ＡＺＵＫＥＮ,兵庫県,神戸市西区,玉津町上池３４９番地の２,6512126
9140001105783,ライズ株式会社,兵庫県,神戸市西区,櫨谷町谷口１８８,6512237
9140001105916,株式会社貴匠,兵庫県,神戸市西区,伊川谷町上脇１００６−１４３,6512105
9140001105940,株式会社モダンライフハウジング,兵庫県,神戸市西区,南別府１丁目１３番地の４,6512116
9140001106385,ＳＨ３ｒｄ株式会社,兵庫県,神戸市西区,前開南町１丁目６番９号,6512109
9140001106848,神戸Ａプラント株式会社,兵庫県,神戸市西区,白水１丁目５０番１６号,6512129
9140001107136,株式会社豊蘭,兵庫県,神戸市西区,白水３丁目３番４７号,6512129
9140001107581,アジアトレーディング株式会社,兵庫県,神戸市西区,桜が丘西町４丁目１５番７号,6512227
9140001107862,株式会社はぜの森,兵庫県,神戸市西区,櫨谷町谷口３４０番地,6512237
9140001107895,株式会社ｋ　ａｎｄ　ｋ,兵庫県,神戸市西区,池上３丁目５番地の４明豊マンション１０１号室,6512111
9140001107904,株式会社デパーチャ,兵庫県,神戸市西区,糀台２丁目２２番地の１０,6512273
9140001108027,株式会社丸昌建築,兵庫県,神戸市西区,池上２丁目３９番地の１１,6512111
9140001108241,株式会社ＨＡＮＤ,兵庫県,神戸市西区,伊川谷町有瀬８０４番地の１９８,6512113
9140001108431,株式会社フジイ新聞舗,兵庫県,神戸市西区,南別府２丁目６番地の３,6512116
9140001108555,株式会社ペイフォワード,兵庫県,神戸市西区,竹の台６丁目７番地,6512274
9140001109074,株式会社中村住建,兵庫県,神戸市西区,秋葉台２丁目１番地の１５６,6512224
9140001110370,株式会社フラワーシーズ,兵庫県,神戸市西区,井吹台東町１丁目１番地の１,6512242
9140001110726,株式会社秀紀,兵庫県,神戸市西区,神出町宝勢３２０１番地,6512321
9140001111022,バイヤーズ株式会社,兵庫県,神戸市西区,玉津町高津橋５２６−１,6512122
9140001111278,株式会社Ｔｅｃｈ−ｏｎ　Ｊａｐａｎ,兵庫県,神戸市西区,玉津町今津６００−１,6512128
9140001112037,株式会社大南,兵庫県,神戸市西区,平野町中津９２８番地,6512257
9140001112367,ｍｅｃｏ株式会社,兵庫県,神戸市西区,桜が丘中町４丁目４番地の２,6512226
9140001112557,Ｌ−Ｗｏｒｋｓ株式会社,兵庫県,神戸市西区,南別府１丁目１８番地の１４,6512116
9140001113118,株式会社雅,兵庫県,神戸市西区,押部谷町西盛５６６番９０,6512202
9140001113415,株式会社ジェイテックプランニング,兵庫県,神戸市西区,平野町中津４７９番地,6512257
9140001114917,株式会社栗山農園,兵庫県,神戸市西区,神出町小束野５３番地の１５９,6512304
9140001115312,株式会社Ｔ・Ｋ・Ｇ,兵庫県,神戸市西区,池上１丁目１４番地の７,6512111
9140001115493,ＪＰソリューションズ株式会社,兵庫県,神戸市西区,糀台５丁目１番地の１−３０２号,6512273
9140001115642,ＦＶ神戸株式会社,兵庫県,神戸市西区,押部谷町栄６０６番地,6512211
9140001115667,株式会社あおい建築,兵庫県,神戸市西区,神出町古神１５７番地１２２,6512302
9140001117399,株式会社ＳＨＡＭＳ,兵庫県,神戸市西区,井吹台東町５丁目１２番地の１,6512242
9140001117622,マナビリオンズ株式会社,兵庫県,神戸市西区,玉津町今津６３８番地の８,6512128
9140001118059,株式会社オール・パーパス,兵庫県,神戸市西区,井吹台西町１丁目５番地１−５０１号,6512243
9140001118637,ＨＲ株式会社,兵庫県,神戸市西区,伊川谷町有瀬２９番地の１１,6512113
9140001119032,株式会社６,兵庫県,神戸市西区,伊川谷町布施畑４７５番５１,6512101
9140001120031,株式会社グリーン工房,兵庫県,神戸市西区,上新地２丁目２８番地の８,6512411
9140001120196,株式会社義山電工,兵庫県,神戸市西区,北別府４丁目１５−２ハイツメルシー１０３,6512117
9140001120320,株式会社近畿軌道車塗装,兵庫県,神戸市西区,岩岡町岩岡３００６,6512401
9140001120329,株式会社ｉｍａｇｉｎｅ　ｆａｃｔｏｒｙ,兵庫県,神戸市西区,井吹台西町３丁目２０番地８,6512243
9140001120790,株式会社永田工業,兵庫県,神戸市西区,押部谷町木津１０−１,6512222
9140001120808,株式会社ｇｏｔｏ　ｐｌｕｍｂｉｎｇ,兵庫県,神戸市西区,池上４丁目２７番地の３アーバン宮ノ前１０１号,6512111
9140001121021,株式会社日本消費者深層心理研究センター,兵庫県,神戸市西区,学園東町６丁目１６番１１号,6512102
9140001121228,株式会社魚潮水産,兵庫県,神戸市西区,桜が丘東町６丁目６番地の７,6512225
9140001121500,株式会社耀理不動産,兵庫県,神戸市西区,竜が岡４丁目７番地の１８,6512412
9140001121797,株式会社ヨシオカアセット,兵庫県,神戸市西区,井吹台東町３丁目１３番地の１１,6512242
9140001122052,株式会社末松工業,兵庫県,神戸市西区,神出町東１０２８番１,6512311
9140001122201,株式会社エフォール,兵庫県,神戸市西区,見津が丘６丁目１番地の５,6512228
9140001122325,株式会社ＦＩＣ,兵庫県,神戸市西区,白水２丁目１６番１５号,6512129
9140001122432,ＴＯＵＷＡ貿易株式会社,兵庫県,神戸市西区,押部谷町和田４９８番４２,6512206
9140001122449,株式会社オフィスＨＯＮＵ,兵庫県,神戸市西区,伊川谷町有瀬１４０８−７,6512113
9140001122548,株式会社ベアーフルート,兵庫県,神戸市西区,月が丘５丁目１番地の４、１−５１９号,6512217
9140001122556,株式会社オスピタリタ,兵庫県,神戸市西区,池上３丁目６番１号メゾンドール西久保ＩＩ２Ｆ,6512111
9140001122746,フラットワン株式会社,兵庫県,神戸市西区,南別府１丁目２１番地の１、２０６号,6512116
9140001123876,株式会社ＳＯＷＡＫＡ　ＥＸＰＲＥＳＳ,兵庫県,神戸市西区,桜が丘西町１丁目１６−２０,6512227
9140001124081,株式会社ａｎａｂａ,兵庫県,神戸市西区,押部谷町栄１１−１,6512211
9140001124412,株式会社Ｃｕｅｓ,兵庫県,神戸市西区,井吹台西町１丁目７番地４−８０３号,6512243
9140001124619,西神戸デジタル建築不動産販売株式会社,兵庫県,神戸市西区,井吹台東町５丁目６８番地の２１,6512242
9140001124718,株式会社Ｒ・Ｔ,兵庫県,神戸市西区,伊川谷町有瀬５１６−２アリュール学院前ＩＩ１０１,6512113
9140001124833,株式会社ＪＥＭＵＴＩＱ,兵庫県,神戸市西区,樫野台３丁目１４番地の１６,6512275
9140001124916,株式会社リブラサポート,兵庫県,神戸市西区,井吹台西町５丁目１番地の１４２,6512243
9140001125328,株式会社新西工業,兵庫県,神戸市西区,糀台３丁目４番地の１５,6512273
9140001126086,株式会社アドバリューエージェント,兵庫県,神戸市西区,大津和２丁目８番２号,6512112
9140001126607,大寺板金工業株式会社,兵庫県,神戸市西区,伊川谷町有瀬１２７７−１０３号,6512113
9140001126648,株式会社モダンルネッサンス,兵庫県,神戸市西区,神出町小束野３−９０,6512304
9140001127258,株式会社明輝開発,兵庫県,神戸市西区,玉津町新方４４９番地の５,6512125
9140001127290,ハンスケール株式会社,兵庫県,神戸市西区,伊川谷町有瀬１４１番地５−１−６３５号,6512113
9140001127497,株式会社Ｊａｐｏｎｉｓｍ,兵庫県,神戸市西区,学園東町３丁目８番地４,6512102
9140001127555,ＭＬｉｆｅ株式会社,兵庫県,神戸市西区,玉津町高津橋２４０−３５,6512122
9140001128041,株式会社そうしんアグリ,兵庫県,神戸市西区,玉津町田中字田井３３４番地１,6512147
9140001128140,株式会社ＣＬＥＡＲ,兵庫県,神戸市西区,南別府３丁目８番地の２,6512116
9140001128322,株式会社永勝商事,兵庫県,神戸市西区,神出町田井２２２９番地,6512313
9140001128917,株式会社サカエテック,兵庫県,神戸市西区,宮下２丁目１−３４,6512146
9140001128999,神戸住設工業株式会社,兵庫県,神戸市西区,玉津町高津橋７３−１０,6512122
9140001129329,ＫＯＢＥ　ＢＫ株式会社,兵庫県,神戸市西区,伊川谷町有瀬１５２４番地,6512113
9140001129667,株式会社トロイド,兵庫県,神戸市西区,狩場台３丁目７−１−２０−５０４,6512272
9140001129808,株式会社ＯＰ＆Ｂ,兵庫県,神戸市西区,伊川谷町前開１０３７、１Ｆ,6512108
9140001130294,喜楽総合塗装株式会社,兵庫県,神戸市西区,神出町宝勢１５０７番１,6512321
9140001130690,スマート貿易株式会社,兵庫県,神戸市西区,大津和１丁目２−２８パラディッソコート６０１号室,6512112
9140001130699,株式会社ＡＳＫ,兵庫県,神戸市西区,竹の台５丁目１９番地の２１,6512274
9140001130773,株式会社エイコウサービス,兵庫県,神戸市西区,伊川谷町有瀬１５５５番地の６、５１２号,6512113
9140001131524,株式会社まるせんＡＯＫＩ,兵庫県,神戸市西区,伊川谷町潤和６８８番地の２,6512124
9140001132308,株式会社和のこころ,兵庫県,神戸市西区,押部谷町木見３５０番地の１,6512223
9140001134205,株式会社リバービーチ,兵庫県,神戸市西区,伊川谷町有瀬４９９番地の２−１１０号室,6512113
9140001134650,株式会社野村組,兵庫県,神戸市西区,押部谷町養田字南橋３０−５,6512205
9140001135137,株式会社常然,兵庫県,神戸市西区,桜が丘東町５丁目１０番地の１１,6512225
9140001135509,Ａｒｔ　Ｆｏｒｃｅ株式会社,兵庫県,神戸市西区,富士見が丘３丁目７番地の１０,6512214
9140001135665,株式会社ＭＡＴＣＨ　ＧＬＯＢＡＬ　ＪＡＰＡＮ,兵庫県,神戸市西区,竹の台６丁目６番地６−６０６号,6512274
9140001136069,株式会社ハナサク,兵庫県,神戸市西区,井吹台西町４丁目２５番地の８,6512243
9140001136151,株式会社Ｐｉｃｃｏｌｏ　Ｐｏｎｔｅ,兵庫県,神戸市西区,井吹台西町４丁目３９番地の７,6512243
9140001136234,メディカルサポートリンク株式会社,兵庫県,神戸市西区,平野町宮前６５番地,6512265
9140001136481,株式会社ビロー,兵庫県,神戸市西区,玉津町西河原４１７番地の２,6512127
9140001136531,Ｕ．Ｋ　Ｔｒｕｓｔ株式会社,兵庫県,神戸市西区,狩場台３丁目７番２０−５０２号,6512272
9140001137315,株式会社Ｔｓｕｍｕｇｉ電業,兵庫県,神戸市西区,池上２丁目１２番地の９,6512111
9140001137414,株式会社柱,兵庫県,神戸市西区,今寺３７番地６,6512114
9140001137422,ＹＵＭＥＦＵＪＩ株式会社,兵庫県,神戸市西区,学園東町７丁目２１番地の６,6512102
9140001138172,株式会社１０８,兵庫県,神戸市西区,学園東町３丁目６５９−８６,6512102
9140001139245,株式会社結設計,兵庫県,神戸市西区,玉津町高津橋１１４番地コトノハシレトロ３０４,6512122
9140001139542,株式会社ライフコネクト,兵庫県,神戸市西区,桜が丘西町２丁目１７番地の９,6512227
9140001139682,龍宝株式会社,兵庫県,神戸市西区,枝吉１丁目２０１番地の２,6512133
9140001139889,株式会社ちょびっとカップル,兵庫県,神戸市西区,南別府１丁目５番地の１２,6512116
9140001139988,株式会社鈴屋,兵庫県,神戸市西区,竹の台６丁目３番地８０２号,6512274
9140001140442,株式会社ホシカゼ,兵庫県,神戸市西区,長畑町９−２−１０３号室,6512148
9140001140756,株式会社ＥＮＢＥＲ,兵庫県,神戸市西区,春日台４丁目１７番地の７,6512276
9140001140830,アイ・アンド・コネクト株式会社,兵庫県,神戸市西区,二ツ屋２丁目６番１０号,6512142
9140001141028,株式会社ＥＳＴＯＭＥ,兵庫県,神戸市西区,玉津町今津５９４番地の７,6512128
9140001141886,株式会社Ａｉ,兵庫県,神戸市西区,糀台４丁目１６番地の２、１０８号,6512273
9140001142595,株式会社そまり不動産,兵庫県,神戸市西区,丸塚１丁目９番１９号,6512143
9140002004563,株式会社サンテ,兵庫県,神戸市西区,糀台２丁目１６番地の２,6512273
9140002004613,株式会社伸興製作所,兵庫県,神戸市西区,伊川谷町潤和７４７番地,6512124
9140002005297,株式会社名谷ゴルフセンター,兵庫県,神戸市西区,伊川谷町布施畑５７６番地,6512101
9140002021311,株式会社ＧＲＯＯＶＹ　ＣＡＴＳ,兵庫県,神戸市西区,見津が丘４丁目９番地の６,6512228
9140002022276,株式会社ユイックス,兵庫県,神戸市西区,竹の台６丁目４番地の２,6512274
9140002024207,株式会社ＲＥＳＴＡ,兵庫県,神戸市西区,池上４丁目２９番地の２,6512111
9140003006328,株式会社辻鉄工所,兵庫県,神戸市西区,狩場台３丁目５番地の５,6512272
9140003010783,株式会社アルコバレーノ,兵庫県,神戸市西区,井吹台西町８丁目２番地の２，６３１号,6512243
9140003012986,株式会社ライフサポート,兵庫県,神戸市西区,春日台５丁目１０番地の７,6512276
