法人番号,法人名,都道府県,市区町村,番地,郵便番号
1010001052526,ドルフィントレーディング株式会社,兵庫県,神戸市東灘区,向洋町中６丁目９番地,6580032
1010401101064,株式会社ベルウイフペット,兵庫県,神戸市東灘区,住吉山手８丁目１２番９号,6580063
1010401163749,株式会社ｅ４３１,兵庫県,神戸市東灘区,向洋町東３丁目１２番地,6580031
1010701030401,株式会社７ｔｈ　ｈｅａｖｅｎ＆Ｃｏ．,兵庫県,神戸市東灘区,魚崎南町１丁目６番３号,6580025
1011001071425,株式会社プロテクト,兵庫県,神戸市東灘区,御影３丁目２番１１号,6580047
1011501028957,楽星株式会社,兵庫県,神戸市東灘区,向洋町中９丁目１番地の１２−２１８号,6580032
1012401019600,株式会社レマジャパン,兵庫県,神戸市東灘区,田中町３丁目５番１４号,6580081
1013201016473,株式会社富士テクノトランス,兵庫県,神戸市東灘区,向洋町東３丁目１６番地１,6580031
1021001006215,株式会社カルペディエム,兵庫県,神戸市東灘区,西岡本７丁目１５番９号,6580073
1040001112863,株式会社アリカ,兵庫県,神戸市東灘区,御影１丁目１９番４号,6580047
1120001014135,株式会社Ｒｉｎｇ,兵庫県,神戸市東灘区,向洋町中５丁目４番２７号,6580032
1120001023598,株式会社サワイ商店,兵庫県,神戸市東灘区,岡本４丁目５番９号,6580072
1120001026650,株式会社浪速珍味食品,兵庫県,神戸市東灘区,深江浜町１１１番地の１,6580023
1120001035437,ダイコープロセス株式会社,兵庫県,神戸市東灘区,御影山手５丁目１９番４６号,6580065
1120001044297,株式会社シーピーオフィス,兵庫県,神戸市東灘区,御影石町２丁目２４番７号,6580045
1120001060542,家近産業株式会社,兵庫県,神戸市東灘区,住吉本町３丁目１０番２６−４０５号,6580051
1120001075508,株式会社エス・シー・エー,兵庫県,神戸市東灘区,鴨子ケ原２丁目３番１１−１０５号,6580064
1120001079013,株式会社コアティ建築設計,兵庫県,神戸市東灘区,住吉本町２丁目１０番２９−１０４号,6580051
1120001098938,株式会社エーエヌジー,兵庫県,神戸市東灘区,魚崎南町５丁目９−４８−４０４,6580025
1120001114257,ソフトビジョン株式会社,兵庫県,神戸市東灘区,森南町１丁目１２番２号,6580011
1120001125221,株式会社周防町筋リンケージ,兵庫県,神戸市東灘区,向洋町中１丁目１４番１４０４号,6580032
1120001137506,アールエナジー株式会社,兵庫県,神戸市東灘区,向洋町中６丁目９番地,6580032
1120001137885,株式会社ｆｒｏｕｆｒｏｕ,兵庫県,神戸市東灘区,御影２丁目２番１号,6580047
1120001139312,株式会社ヒロ,兵庫県,神戸市東灘区,深江浜町７６−１階１０３号,6580023
1120001160706,三星建工株式会社,兵庫県,神戸市東灘区,深江南町４丁目１０番地１２号１,6580022
1120001165655,東正工業株式会社,兵庫県,神戸市東灘区,住吉本町１丁目１０番５６号７１２,6580051
1120001180968,株式会社Ｓｐｉｃｅ　Ｊａｐａｎ,兵庫県,神戸市東灘区,深江浜町１−１Ｃ−１,6580023
1120001189101,ＴＫＳ株式会社,兵庫県,神戸市東灘区,青木２丁目１４番２１−６０１号,6580027
1120001194101,株式会社美尚,兵庫県,神戸市東灘区,住吉山手７丁目６−８,6580063
1120001207291,株式会社八月木槿,兵庫県,神戸市東灘区,御影山手４丁目１３番１２号,6580065
1120001209668,本一堂株式会社,兵庫県,神戸市東灘区,向洋町中６丁目９番地８Ｃ−１４,6580032
1120001214197,株式会社トップライン,兵庫県,神戸市東灘区,向洋町中７丁目２番地の１、３番館１１０１号,6580032
1120001257659,ａｌｐｅｎｇｌｏｗ株式会社,兵庫県,神戸市東灘区,住吉山手７丁目２番２号,6580063
1120001271081,株式会社Ｓ＆Ｆ,兵庫県,神戸市東灘区,向洋町中１丁目１７,6580032
1120002065524,Ｉ・ストラトジックインベストメント株式会社,兵庫県,神戸市東灘区,森北町４丁目４番７号,6580001
1120101029405,Ａ・Ｎ・Ｐ株式会社,兵庫県,神戸市東灘区,北青木３丁目１１番２１号,6580014
1120901013310,株式会社東洋総合技術研究センター,兵庫県,神戸市東灘区,深江南町４丁目１２番１７号,6580022
1120901018739,株式会社環境社,兵庫県,神戸市東灘区,住吉宮町３丁目１４番１０−４０１号,6580053
1120901038084,株式会社エヌエスワイフィールド,兵庫県,神戸市東灘区,御影山手１丁目１番１−４１４号,6580065
1120901042706,株式会社ＬｉｆｅＡＣＴ,兵庫県,神戸市東灘区,田中町１丁目９番１０号,6580081
1130001046549,株式会社アクロス,兵庫県,神戸市東灘区,御影塚町２丁目３番１２号パークホームズ御影塚町４０２号,6580044
1130001069632,株式会社ＴＡ　ＥＮＥＲＧＹ,兵庫県,神戸市東灘区,向洋町中６丁目９,6580032
1140001000216,株式会社エルムフルール,兵庫県,神戸市東灘区,向洋町中６丁目９番地５Ｎ−０６,6580032
1140001000232,株式会社オールドオーチャード,兵庫県,神戸市東灘区,本庄町３丁目９番６号,6580012
1140001000439,株式会社修元,兵庫県,神戸市東灘区,御影山手６丁目４番３５号,6580065
1140001000934,アートライフ株式会社,兵庫県,神戸市東灘区,森南町１丁目１２番１２号,6580011
1140001000967,浅野金網工業株式会社,兵庫県,神戸市東灘区,本山中町２丁目８番１５号,6580016
1140001000975,アサヒ産業株式会社,兵庫県,神戸市東灘区,向洋町西１丁目４番地３,6580033
1140001000991,株式会社英陽産業,兵庫県,神戸市東灘区,御影２丁目１５番２７号,6580047
1140001001016,株式会社アルプラン,兵庫県,神戸市東灘区,本山中町４丁目６番８号,6580016
1140001001057,株式会社いづよね,兵庫県,神戸市東灘区,御影塚町２丁目９番１７号,6580044
1140001001081,植田石油株式会社,兵庫県,神戸市東灘区,住吉本町１丁目１７番地１５号,6580051
1140001001148,株式会社エビラフアーマシー,兵庫県,神戸市東灘区,田中町３丁目１０番１７号,6580081
1140001001180,大阪住宅営繕株式会社,兵庫県,神戸市東灘区,御影石町２丁目１７番２０号,6580045
1140001001189,大塚印刷工業株式会社,兵庫県,神戸市東灘区,御影石町２丁目９番５号,6580045
1140001001206,株式会社大原商事,兵庫県,神戸市東灘区,岡本２丁目１１番２５号,6580072
1140001001230,尾花運送株式会社,兵庫県,神戸市東灘区,魚崎北町２丁目８番１４号,6580082
1140001001255,株式会社オフィス・エフ・エージェンシー,兵庫県,神戸市東灘区,御影中町８丁目１番１５号,6580054
1140001001296,神正青果株式会社,兵庫県,神戸市東灘区,深江浜町１番１神戸市東部中央卸売市場内,6580023
1140001001338,北野食品株式会社,兵庫県,神戸市東灘区,深江浜町６９番地,6580023
1140001001346,共栄梱包株式会社,兵庫県,神戸市東灘区,向洋町西１丁目１六甲アイランド７号上屋,6580033
1140001001362,協和紙器工業株式会社,兵庫県,神戸市東灘区,住吉宮町１丁目１０番９号,6580053
1140001001387,株式会社グランド楽器,兵庫県,神戸市東灘区,魚崎中町１丁目７番１号,6580083
1140001001412,株式会社ケミカル工事,兵庫県,神戸市東灘区,魚崎浜町５番５,6580024
1140001001420,株式会社コーケン,兵庫県,神戸市東灘区,御影山手４丁目１７番８号,6580065
1140001001429,甲南工業株式会社,兵庫県,神戸市東灘区,御影石町４丁目７番９号,6580045
1140001001461,甲南油脂株式会社,兵庫県,神戸市東灘区,魚崎浜町１７番地,6580024
1140001001478,株式会社コープムービング,兵庫県,神戸市東灘区,住吉本町１丁目３番１９号,6580051
1140001001494,幸和自動車株式会社,兵庫県,神戸市東灘区,魚崎浜町１４番４号,6580024
1140001001511,株式会社コンドル,兵庫県,神戸市東灘区,御影中町１丁目６番６号,6580054
1140001001528,株式会社こまや,兵庫県,神戸市東灘区,魚崎南町６丁目１０番４号,6580025
1140001001544,三愛食品株式会社,兵庫県,神戸市東灘区,渦森台４丁目４番２号,6580066
1140001001552,株式会社サイトウ電器,兵庫県,神戸市東灘区,本庄町３丁目６番２１号,6580012
1140001001560,酒井建設株式会社,兵庫県,神戸市東灘区,住吉山手５丁目１７番７号,6580063
1140001001569,三建工業株式会社,兵庫県,神戸市東灘区,向洋町東４丁目４番地４番,6580031
1140001001577,株式会社阪田商会,兵庫県,神戸市東灘区,御影中町１丁目５番１５号,6580054
1140001001593,サンクロン兵庫株式会社,兵庫県,神戸市東灘区,御影石町２丁目１６番１４号,6580045
1140001001619,三豊工業株式会社,兵庫県,神戸市東灘区,田中町３丁目１４番６号,6580081
1140001001635,山洋物産株式会社,兵庫県,神戸市東灘区,御影２丁目９番１５号,6580047
1140001001651,株式会社ジェイド,兵庫県,神戸市東灘区,深江南町４丁目７番２３−１０３号,6580022
1140001001676,神港警備保障株式会社,兵庫県,神戸市東灘区,御影中町３丁目１−６吉田ビル２０２号,6580054
1140001001684,新甲南市場復興株式会社,兵庫県,神戸市東灘区,甲南町３丁目６番１２号,6580084
1140001001692,株式会社シンクス,兵庫県,神戸市東灘区,魚崎中町２丁目４番２７号,6580083
1140001001701,株式会社システム神戸,兵庫県,神戸市東灘区,住吉宮町４丁目２番５号,6580053
1140001001718,芝切産業株式会社,兵庫県,神戸市東灘区,魚崎中町２丁目６番２８号１０２号,6580083
1140001001726,株式会社新免工務店,兵庫県,神戸市東灘区,北青木４丁目２５番２６号,6580014
1140001001734,株式会社神友,兵庫県,神戸市東灘区,深江北町３丁目９番２号,6580013
1140001001742,昌三建設株式会社,兵庫県,神戸市東灘区,本山中町３丁目１１番５号,6580016
1140001001750,株式会社城野商店,兵庫県,神戸市東灘区,甲南町３丁目７番１４号,6580084
1140001001783,親和パッケージ株式会社,兵庫県,神戸市東灘区,向洋町西６丁目１９番地,6580033
1140001001791,神戸紅茶株式会社,兵庫県,神戸市東灘区,住吉浜町１６番地の２,6580042
1140001001800,正向海運株式会社,兵庫県,神戸市東灘区,住吉山手６丁目１０番５１号,6580063
1140001001817,株式会社扇港鋼業所,兵庫県,神戸市東灘区,住吉南町３丁目１番５号,6580041
1140001001882,株式会社大成スポーツ施設,兵庫県,神戸市東灘区,本庄町１丁目１２番６号,6580012
1140001001890,大真産業株式会社,兵庫県,神戸市東灘区,御影石町２丁目１０番４号,6580045
1140001001899,大都興産株式会社,兵庫県,神戸市東灘区,田中町１丁目１５−７パールビル３０２号,6580081
1140001001916,大和化工株式会社,兵庫県,神戸市東灘区,西岡本６丁目１２番２−２０１号,6580073
1140001001924,株式会社竹生,兵庫県,神戸市東灘区,魚崎中町４丁目８番１１号,6580083
1140001001965,辰己水産株式会社,兵庫県,神戸市東灘区,深江浜町１番１,6580023
1140001001973,株式会社田中屋本店,兵庫県,神戸市東灘区,御影中町１丁目５番９号,6580054
1140001001981,株式会社たんばや,兵庫県,神戸市東灘区,住吉南町５丁目２番２６号,6580041
1140001002014,帝國製氷冷藏株式会社,兵庫県,神戸市東灘区,本庄町１丁目３番１２号,6580012
1140001002047,株式会社トーアコーポレーション,兵庫県,神戸市東灘区,森南町１丁目７番８号,6580011
1140001002055,東光碍子株式会社,兵庫県,神戸市東灘区,御影塚町３丁目９番１８号,6580044
1140001002071,株式会社トーホー,兵庫県,神戸市東灘区,向洋町西５丁目９番,6580033
1140001002088,株式会社トーヨ工業,兵庫県,神戸市東灘区,住吉宮町２丁目１１番１１号,6580053
1140001002113,冨田商事株式会社,兵庫県,神戸市東灘区,御影郡家２丁目７番１８−２号,6580048
1140001002138,長井造園美術株式会社,兵庫県,神戸市東灘区,本山中町３丁目１番１６号,6580016
1140001002154,株式会社ナカムラ情報,兵庫県,神戸市東灘区,御影中町２丁目７番１７号,6580054
1140001002170,株式会社成瀬商店,兵庫県,神戸市東灘区,深江浜町１番１,6580023
1140001002195,日興フードサービス株式会社,兵庫県,神戸市東灘区,魚崎北町８丁目２−１１,6580082
1140001002204,日新興産株式会社,兵庫県,神戸市東灘区,住吉山手５丁目１８番１号,6580063
1140001002237,株式会社バウハウス,兵庫県,神戸市東灘区,深江南町４丁目１３番１３号,6580022
1140001002245,株式会社バギーポート,兵庫県,神戸市東灘区,向洋町中６丁目９番地神戸ファッションマート内,6580032
1140001002253,阪九機械株式会社,兵庫県,神戸市東灘区,深江南町４丁目１１番２７号,6580022
1140001002261,株式会社阪神機械製作所,兵庫県,神戸市東灘区,青木３丁目６番１３号,6580027
1140001002286,阪神ロードサービス株式会社,兵庫県,神戸市東灘区,田中町２丁目４番８号,6580081
1140001002294,株式会社畑中,兵庫県,神戸市東灘区,御影山手６丁目７番１５号,6580065
1140001002311,株式会社晴れ,兵庫県,神戸市東灘区,西岡本３丁目２２番９号,6580073
1140001002344,株式会社日の本商事,兵庫県,神戸市東灘区,住吉南町２丁目８番２６号,6580041
1140001002419,株式会社フリーウェー,兵庫県,神戸市東灘区,深江北町１丁目７番３８号,6580013
1140001002427,株式会社プロ・スクエアコンサルタンツ,兵庫県,神戸市東灘区,向洋町中２丁目１番地２１２号棟９０７号室,6580032
1140001002443,株式会社平城,兵庫県,神戸市東灘区,深江北町３丁目４番２７号,6580013
1140001002451,株式会社ペンハウス,兵庫県,神戸市東灘区,本庄町１丁目１０番２５号,6580012
1140001002476,北神電工株式会社,兵庫県,神戸市東灘区,住吉宮町２丁目１９番１１号,6580053
1140001002501,匠不動産株式会社,兵庫県,神戸市東灘区,本庄町１丁目１２番６号,6580012
1140001002518,株式会社マツキヤ,兵庫県,神戸市東灘区,深江浜町７７番地,6580023
1140001002526,株式会社松原商会,兵庫県,神戸市東灘区,魚崎浜町２７番地１９,6580024
1140001002534,株式会社松山,兵庫県,神戸市東灘区,魚崎中町１丁目８番１号,6580083
1140001002583,株式会社三國荘,兵庫県,神戸市東灘区,森北町５丁目８番１６号,6580001
1140001002591,道谷建設株式会社,兵庫県,神戸市東灘区,御影中町８丁目５番１６号,6580054
1140001002609,株式会社サンプレ,兵庫県,神戸市東灘区,向洋町中１丁目１４番地イーストコート２番街ビジネスセンター３１３号,6580032
1140001002625,株式会社村商グループ,兵庫県,神戸市東灘区,深江本町２丁目３番３５号,6580021
1140001002658,本山コンタクトレンズ株式会社,兵庫県,神戸市東灘区,岡本１丁目８番４号,6580072
1140001002666,株式会社アーリア,兵庫県,神戸市東灘区,魚崎浜町３３番地,6580024
1140001002682,ヤナセ建設株式会社,兵庫県,神戸市東灘区,本山中町３丁目９番２号,6580016
1140001002690,山口木材産業株式会社,兵庫県,神戸市東灘区,田中町３丁目４番５号,6580081
1140001002732,株式会社弓場工作所,兵庫県,神戸市東灘区,御影本町３丁目４番７号,6580046
1140001002757,株式会社ライト商会,兵庫県,神戸市東灘区,御影本町６丁目６番６号,6580046
1140001002807,株式会社レンブレン,兵庫県,神戸市東灘区,魚崎北町７丁目６番１０号,6580082
1140001002815,株式会社六甲家電,兵庫県,神戸市東灘区,御影本町２丁目１７番３号,6580046
1140001002831,神戸航空貨物ターミナル株式会社,兵庫県,神戸市東灘区,向洋町東４丁目１６番地,6580031
1140001002856,神戸商事株式会社,兵庫県,神戸市東灘区,住吉本町３丁目１０番６号,6580051
1140001002880,株式会社神戸東食品工場,兵庫県,神戸市東灘区,御影本町３丁目２番１０号,6580046
1140001002906,株式会社日本教育ネットワークシステム,兵庫県,神戸市東灘区,住吉宮町１丁目２２番１０号,6580053
1140001002930,兵庫サニット株式会社,兵庫県,神戸市東灘区,住吉宮町６丁目１２番１４号,6580053
1140001003516,株式会社新陽企画,兵庫県,神戸市東灘区,田中町１丁目８番２８−１２０５号,6580081
1140001003631,太平洋商事株式会社,兵庫県,神戸市東灘区,御影中町６丁目２番４号,6580054
1140001004225,株式会社ラーンネット,兵庫県,神戸市東灘区,岡本２丁目８番１４号,6580072
1140001005322,平成テクノ株式会社,兵庫県,神戸市東灘区,住吉台４０番１４号,6580062
1140001006139,伊藤育興産株式会社,兵庫県,神戸市東灘区,甲南町２丁目１番２４号ワコーレ甲南１階,6580084
1140001006584,大倉産業株式会社,兵庫県,神戸市東灘区,住吉本町２丁目１０番１４号,6580051
1140001008226,新耕産業株式会社,兵庫県,神戸市東灘区,御影塚町２丁目２６番１１号,6580044
1140001008275,繁治商事株式会社,兵庫県,神戸市東灘区,本山北町６丁目７番２４号,6580003
1140001008861,株式会社セリザワインターナシヨナル,兵庫県,神戸市東灘区,西岡本７丁目６番９号,6580073
1140001009273,株式会社田原設計事務所,兵庫県,神戸市東灘区,住吉山手８丁目６番９号,6580063
1140001010297,白鴎株式会社,兵庫県,神戸市東灘区,御影３丁目２番１１−２０号,6580047
1140001010421,株式会社美容室エリザベス,兵庫県,神戸市東灘区,住吉本町２丁目１０番４２号,6580051
1140001010504,株式会社フィッシャーマン,兵庫県,神戸市東灘区,住吉宮町７丁目６番２４号,6580053
1140001012161,株式会社神戸ワープロビジネス,兵庫県,神戸市東灘区,青木２丁目１１番１１号,6580027
1140001012731,海洋水産株式会社,兵庫県,神戸市東灘区,深江浜町１１１番地の１,6580023
1140001016749,福山ゴム化学株式会社,兵庫県,神戸市東灘区,森南町１丁目１８番２号,6580011
1140001017318,株式会社エスディーアール,兵庫県,神戸市東灘区,本山北町３丁目５番９号,6580003
1140001017359,株式会社オカモトプロダクツ,兵庫県,神戸市東灘区,住吉本町３丁目４番４７号Ｄ−２０４号,6580051
1140001017508,株式会社ＵＮＣＬＥ,兵庫県,神戸市東灘区,本山中町４丁目８番３号,6580016
1140001017953,御影電気産業株式会社,兵庫県,神戸市東灘区,御影中町１丁目９番１５号,6580054
1140001018035,株式会社エココーポレーション,兵庫県,神戸市東灘区,住吉台１７番２６号,6580062
1140001019025,株式会社関西八洋,兵庫県,神戸市東灘区,向洋町中１丁目１番地１４１号棟１２２１号室,6580032
1140001019041,東洋ナッツ食品株式会社,兵庫県,神戸市東灘区,深江浜町３０番地,6580023
1140001019272,井上金物株式会社,兵庫県,神戸市東灘区,住吉宮町６丁目１４番２０号,6580053
1140001019529,キャトルバン株式会社,兵庫県,神戸市東灘区,住吉町本町一丁目２３番５−３０５号,6580000
1140001019603,株式会社アローラジャパン,兵庫県,神戸市東灘区,向洋町中３丁目１番地の１０，２番館８１１号,6580032
1140001019660,株式会社ティアンドアソシエイツ,兵庫県,神戸市東灘区,住吉山手４丁目６番４８−５０８号,6580063
1140001019727,セッテソーニ株式会社,兵庫県,神戸市東灘区,魚崎浜町２７−２１,6580024
1140001020115,株式会社タッグ・リスクコンサルタント,兵庫県,神戸市東灘区,向洋町中６丁目９番地神戸ファッションマート,6580032
1140001020156,株式会社向洋広告,兵庫県,神戸市東灘区,向洋町中５丁目１番地５２４号棟１０１０号室,6580032
1140001020395,株式会社エーティワイビジネス総合センター,兵庫県,神戸市東灘区,西岡本６丁目８番１８号,6580073
1140001020453,太平興産株式会社,兵庫県,神戸市東灘区,御影中町５丁目１番３号,6580054
1140001020461,株式会社アルファテック,兵庫県,神戸市東灘区,御影町御影字城ノ前１４５０番地の９−４０５号,6580056
1140001020478,株式会社三晃輸送,兵庫県,神戸市東灘区,向洋町東３丁目８番地１３,6580031
1140001020528,株式会社大僖,兵庫県,神戸市東灘区,岡本１丁目２番２号,6580072
1140001020726,株式会社エンジェルセブン,兵庫県,神戸市東灘区,向洋町中１丁目４番地１２４,6580032
1140001020775,川崎コンテナ運輸株式会社,兵庫県,神戸市東灘区,向洋町東３丁目８番地,6580031
1140001020833,ナコー商事株式会社,兵庫県,神戸市東灘区,向洋町中７丁目２−３−１番館７０２,6580032
1140001020899,株式会社エー・ジー・エル,兵庫県,神戸市東灘区,岡本１丁目２番１７号,6580072
1140001020932,株式会社メガロアーチ,兵庫県,神戸市東灘区,深江南町１丁目１５番３６−３１９号,6580022
1140001021047,株式会社ゲストハウス,兵庫県,神戸市東灘区,住吉宮町４丁目３番１３号２０１,6580053
1140001021328,タイムアンドスペース株式会社,兵庫県,神戸市東灘区,御影山手２丁目１０番１３号,6580065
1140001021377,株式会社ベラ・ヴィータ,兵庫県,神戸市東灘区,森北町４丁目１２番２２号,6580001
1140001021402,株式会社アスピット,兵庫県,神戸市東灘区,向洋町西５丁目９番,6580033
1140001021583,株式会社アニマックス,兵庫県,神戸市東灘区,本山南町９丁目８番５９−３０７号,6580015
1140001021600,株式会社ウィッシュ,兵庫県,神戸市東灘区,住吉本町２丁目２０−２６,6580051
1140001021798,株式会社ジャパンエネックス,兵庫県,神戸市東灘区,御影町西平野字一ノ坪１１番地１,6580058
1140001021831,株式会社ゴーメイ,兵庫県,神戸市東灘区,岡本９丁目４番１８号,6580072
1140001021955,株式会社ベイシス,兵庫県,神戸市東灘区,向洋町中６丁目９番地,6580032
1140001022111,株式会社ビーケー・ジャパン,兵庫県,神戸市東灘区,岡本２丁目９番３３−１０５号,6580072
1140001022144,株式会社アイビートレーディング,兵庫県,神戸市東灘区,田中町１丁目１１番１９号,6580081
1140001022169,株式会社材料・環境研究所,兵庫県,神戸市東灘区,魚崎北町４丁目１５番１４−４０５号,6580082
1140001022482,ビリーブトレーディング株式会社,兵庫県,神戸市東灘区,御影本町６丁目３−３,6580046
1140001022524,シンワテック株式会社,兵庫県,神戸市東灘区,向洋町西６丁目１９番地,6580033
1140001022805,ステディデザイン株式会社,兵庫県,神戸市東灘区,西岡本７丁目１０番４号,6580073
1140001022870,信愛福祉開発株式会社,兵庫県,神戸市東灘区,西岡本３丁目１番９−１０３号,6580073
1140001022953,うつろ株式会社,兵庫県,神戸市東灘区,西岡本３丁目１番９−２０５号,6580073
1140001023183,株式会社エイ．ジェイ．インターナショナルジャパン,兵庫県,神戸市東灘区,森北町７丁目２３番１５号,6580001
1140001023266,株式会社レイスヘルスケア,兵庫県,神戸市東灘区,向洋町中６丁目９番地,6580032
1140001023332,ベストランド株式会社,兵庫県,神戸市東灘区,岡本１丁目６番７号,6580072
1140001023349,株式会社神戸エスアールシー,兵庫県,神戸市東灘区,魚崎浜町４２番地,6580024
1140001023365,株式会社オーシャン交通,兵庫県,神戸市東灘区,御影塚町２丁目２８−２０,6580044
1140001023373,株式会社ＡＲＴＥ　ＳＵＰ’ＲＥＭＯ,兵庫県,神戸市東灘区,向洋町中７丁目２番地の３・１番館８１１号,6580032
1140001023381,株式会社第三分析コーポレーション,兵庫県,神戸市東灘区,住吉宮町７丁目３番２７号ドマーニ住吉１０３号,6580053
1140001023935,株式会社ウィ,兵庫県,神戸市東灘区,御影中町４丁目ＪＲ高架下３４号,6580054
1140001024132,株式会社ノベルテック,兵庫県,神戸市東灘区,住吉東町１丁目１番３３号,6580052
1140001024470,株式会社神戸スイート倶楽部,兵庫県,神戸市東灘区,深江浜町７８番地の１,6580023
1140001024512,株式会社神戸アーバンリンク,兵庫県,神戸市東灘区,御影郡家１丁目１８番１０号,6580048
1140001024561,株式会社カラバサスマネージメント,兵庫県,神戸市東灘区,向洋町中６丁目９番地,6580032
1140001024727,アトム電子株式会社,兵庫県,神戸市東灘区,本山中町３丁目５番３号,6580016
1140001024974,株式会社インヂペンデント,兵庫県,神戸市東灘区,向洋町中１丁目１０番地１０１号棟３４０８号室,6580032
1140001025122,新日本産業株式会社,兵庫県,神戸市東灘区,深江本町１丁目６番１６−３０４号,6580021
1140001025535,株式会社メディエート,兵庫県,神戸市東灘区,住吉台４１番１−７０８号,6580062
1140001025543,株式会社ウエルビー,兵庫県,神戸市東灘区,向洋町中６丁目９番地神戸ファッションマート,6580032
1140001025717,株式会社エース,兵庫県,神戸市東灘区,深江南町２丁目５番１８号,6580022
1140001025725,株式会社ＫＫＳ,兵庫県,神戸市東灘区,魚崎北町３丁目８番６号,6580082
1140001025865,株式会社アムトレック,兵庫県,神戸市東灘区,西岡本５丁目６番８号,6580073
1140001025972,株式会社レ・ブローニュ,兵庫県,神戸市東灘区,森北町２丁目５番５号,6580001
1140001026054,株式会社アクティブプロモーション,兵庫県,神戸市東灘区,魚崎浜町２０番地,6580024
1140001026467,丸ト産業株式会社,兵庫県,神戸市東灘区,御影２丁目１３番１−４０２号,6580047
1140001026475,株式会社エースカンパニー,兵庫県,神戸市東灘区,森北町４丁目４番４８号,6580001
1140001026558,株式会社Ｒ・Ｉ,兵庫県,神戸市東灘区,本庄町１丁目１３番１８号,6580012
1140001026599,株式会社ランビックグース,兵庫県,神戸市東灘区,田中町２丁目１４番８−Ａ１０５号,6580081
1140001026640,アルココーポレーション株式会社,兵庫県,神戸市東灘区,向洋町中１丁目１４イーストコート２番街,6580032
1140001026913,株式会社夢希望チャイルドパークあしやえん,兵庫県,神戸市東灘区,岡本２丁目１５番６−１号,6580072
1140001027218,株式会社ＫＭＳ,兵庫県,神戸市東灘区,本山南町９丁目８番４５‐１１９号,6580015
1140001027242,株式会社アローラ,兵庫県,神戸市東灘区,住吉本町１丁目５−１１,6580051
1140001027309,株式会社ＭＯＡ　ＣＯＮＮＥＣＴＩＯＮ,兵庫県,神戸市東灘区,向洋町中５丁目１５番地１１１２号,6580032
1140001027399,株式会社ＰＥＴＡＬ,兵庫県,神戸市東灘区,御影２丁目２番８号,6580047
1140001027424,株式会社エステート・サーベィ,兵庫県,神戸市東灘区,青木５丁目２番１８−５０２号,6580027
1140001027572,神戸情報技術株式会社,兵庫県,神戸市東灘区,魚崎北町６丁目２番１４号,6580082
1140001027787,株式会社アズミー,兵庫県,神戸市東灘区,森北町５丁目５番１１号,6580001
1140001027820,株式会社ベスタージャパン,兵庫県,神戸市東灘区,向洋町中５丁目１５番地リバーモールウエスト５１９号室,6580032
1140001027886,ＳＥＩＫＡＫＵ　ＳＨＩＮＲＡＩ株式会社,兵庫県,神戸市東灘区,住吉山手２丁目１１−２４,6580063
1140001027903,株式会社Ｒｕｎ,兵庫県,神戸市東灘区,深江浜町１１０番地の１,6580023
1140001028050,株式会社ＰＮコミュニケーションズ,兵庫県,神戸市東灘区,渦森台３丁目１２番２号,6580066
1140001028083,株式会社栄進工業,兵庫県,神戸市東灘区,深江本町３丁目１−８,6580021
1140001028208,株式会社Ｚ２不動産,兵庫県,神戸市東灘区,魚崎北町８丁目１番９号,6580082
1140001028257,株式会社ジョイプロジェクト,兵庫県,神戸市東灘区,深江北町３丁目２番２３号,6580013
1140001028331,株式会社ひなたケアセンター,兵庫県,神戸市東灘区,青木５丁目１７番６号大窪マンション１０３,6580027
1140001028380,株式会社輪,兵庫県,神戸市東灘区,向洋町中７丁目２番地の１、６番館８０６号,6580032
1140001028406,株式会社東灘カーゴ,兵庫県,神戸市東灘区,住吉南町４丁目２−３１,6580041
1140001028463,株式会社エース,兵庫県,神戸市東灘区,向洋町東３丁目６番,6580031
1140001028604,株式会社まるたに物流,兵庫県,神戸市東灘区,魚崎南町３丁目２番３号,6580025
1140001028694,株式会社みらいたベる,兵庫県,神戸市東灘区,御影中町８丁目３番２１号１Ｆ,6580054
1140001028736,株式会社アール経営研究所,兵庫県,神戸市東灘区,森北町１丁目７番１３号,6580001
1140001028827,株式会社Ｔ・Ｍ・Ｓ,兵庫県,神戸市東灘区,御影塚町２丁目４番２号,6580044
1140001028843,Ｊ−コンサルティング株式会社,兵庫県,神戸市東灘区,鴨子ケ原３丁目９番７号,6580064
1140001028959,株式会社クリエートロード,兵庫県,神戸市東灘区,住吉本町２丁目１４番１−３０２号,6580051
1140001029255,株式会社優徳,兵庫県,神戸市東灘区,魚崎浜町２４番地,6580024
1140001029370,株式会社ＫＡＷＡ,兵庫県,神戸市東灘区,御影塚町３丁目１１番９−１０７,6580044
1140001029503,株式会社青空,兵庫県,神戸市東灘区,西岡本４丁目３番１５号,6580073
1140001029569,株式会社伸耀,兵庫県,神戸市東灘区,住吉南町５丁目１０番２６−２０１号,6580041
1140001029701,ウエストリンクス株式会社,兵庫県,神戸市東灘区,魚崎北町２丁目２番２７号,6580082
1140001029809,株式会社トーホーストア,兵庫県,神戸市東灘区,向洋町西５丁目９番,6580033
1140001030254,戎電設株式会社,兵庫県,神戸市東灘区,御影塚町２丁目１番２−８０１号,6580044
1140001030262,株式会社Ａ．Ｉ,兵庫県,神戸市東灘区,住吉南町３丁目２番３１号,6580041
1140001030519,株式会社オフィス御影,兵庫県,神戸市東灘区,御影山手４丁目２４番５号,6580065
1140001030551,株式会社オカムラ,兵庫県,神戸市東灘区,魚崎中町１丁目７−４,6580083
1140001030824,株式会社オーライズ,兵庫県,神戸市東灘区,御影中町１丁目１６−２０ポラリス御影２Ｆ,6580054
1140001030989,株式会社永井日英堂不動産,兵庫県,神戸市東灘区,田中町１丁目７番２２号,6580081
1140001031095,株式会社明幸,兵庫県,神戸市東灘区,向洋町中５丁目１−５２４−２１１,6580032
1140001031327,株式会社トレーナーズカンパニー,兵庫県,神戸市東灘区,鴨子ケ原２丁目６番４号,6580064
1140001031434,株式会社ツーエイチ,兵庫県,神戸市東灘区,本庄町３丁目１０番８−２０５号,6580012
1140001031525,株式会社ラピスネット,兵庫県,神戸市東灘区,向洋町西３丁目１番地の１０,6580033
1140001031599,株式会社Ｂ．Ｇ．コンサルタンツ,兵庫県,神戸市東灘区,本庄町１丁目９番６号,6580012
1140001031632,株式会社アイスクリーム,兵庫県,神戸市東灘区,御影山手１丁目１番１号御影石野住宅４０８,6580065
1140001032110,ＣＳプロモーション株式会社,兵庫県,神戸市東灘区,向洋町中６丁目９番地,6580032
1140001032151,株式会社神戸保険事務所,兵庫県,神戸市東灘区,深江北町４丁目７番７−２０６号,6580013
1140001032333,株式会社ケイシイアール,兵庫県,神戸市東灘区,向洋町中５丁目１１番地５０１号棟３００８号室,6580032
1140001032481,株式会社グローバル,兵庫県,神戸市東灘区,御影本町２丁目１１番２０号,6580046
1140001032531,たんばや商事株式会社,兵庫県,神戸市東灘区,住吉南町５丁目２番２６号,6580041
1140001032556,株式会社橋本,兵庫県,神戸市東灘区,住吉宮町１丁目４番１３号,6580053
1140001032580,日本ユニットロード株式会社,兵庫県,神戸市東灘区,森北町７丁目１８番３号,6580001
1140001032622,矢野ダクト工業株式会社,兵庫県,神戸市東灘区,深江南町１丁目１番８−１号,6580022
1140001032754,株式会社ＨＹ−ｇｅｔ,兵庫県,神戸市東灘区,深江北町３丁目３−１−３０５号,6580013
1140001032787,ムナゾヲ株式会社,兵庫県,神戸市東灘区,向洋町中６丁目９番地,6580032
1140001032804,ＳＰＴ株式会社,兵庫県,神戸市東灘区,向洋町東３丁目８番地１３,6580031
1140001032928,株式会社Ｗテック,兵庫県,神戸市東灘区,向洋町中７丁目２番３号ウエストコート８番街１−７１２,6580032
1140001032985,セシリア・ヘルスケア株式会社,兵庫県,神戸市東灘区,住吉宮町４丁目４番１−２０９号,6580053
1140001033059,株式会社ジェイク,兵庫県,神戸市東灘区,深江浜町１番地の１,6580023
1140001033100,株式会社サンナノテクノロジー,兵庫県,神戸市東灘区,住吉本町１丁目１１番１０−３０４号,6580051
1140001033125,株式会社ハヤシビジネス,兵庫県,神戸市東灘区,深江浜町１０２番地,6580023
1140001033414,株式会社サカエ,兵庫県,神戸市東灘区,向洋町中６丁目９番地神戸ファッションマート７Ｎ−０７,6580032
1140001033422,スリーコムエステート株式会社,兵庫県,神戸市東灘区,本庄町３丁目９番５−３０１号,6580012
1140001033554,株式会社ＡＢｓｓ,兵庫県,神戸市東灘区,御影３丁目２番１１号７２９,6580047
1140001033661,株式会社サン藤,兵庫県,神戸市東灘区,魚崎中町４丁目４番２７−１０３号,6580083
1140001033926,株式会社関西店舗デザイン,兵庫県,神戸市東灘区,青木２丁目２−１,6580027
1140001034222,株式会社勝間工務店,兵庫県,神戸市東灘区,本山北町１丁目８番１２号,6580003
1140001034313,ウィルスタイル株式会社,兵庫県,神戸市東灘区,御影３丁目８番３５号,6580047
1140001038041,株式会社Ｓｋｙ,兵庫県,神戸市東灘区,御影山手６丁目５番１６号,6580065
1140001038198,アンドジール株式会社,兵庫県,神戸市東灘区,魚崎南町３丁目１０番１３号,6580025
1140001047182,株式会社ウィルシンク,兵庫県,神戸市東灘区,向洋町中６丁目６番地６１３号棟１１１７号室,6580032
1140001048429,株式会社きたむら,兵庫県,神戸市東灘区,本庄町１丁目２番６号,6580012
1140001051242,前田実業株式会社,兵庫県,神戸市東灘区,森北町２丁目２番２１−６０３号,6580001
1140001052744,株式会社エス・アイ・エヌシーアールシー,兵庫県,神戸市東灘区,魚崎北町６丁目３番１０号,6580082
1140001054492,株式会社Ｎｅｗ−Ｍｏｏｎ,兵庫県,神戸市東灘区,向洋町中３丁目２番地の５ＲＩＣイーストコート１１番街７２０号,6580032
1140001057181,株式会社ＨＫＢ,兵庫県,神戸市東灘区,向洋町中６丁目９番地,6580032
1140001072817,アイ・ティー西宮株式会社,兵庫県,神戸市東灘区,向洋町中１丁目１０番地１０１号棟５０４号室,6580032
1140001081702,大晃株式会社,兵庫県,神戸市東灘区,西岡本２丁目７番１−３３１号,6580073
1140001084382,株式会社エステートリンクサービス,兵庫県,神戸市東灘区,北青木３丁目４番１４号,6580014
1140001085736,株式会社光興産,兵庫県,神戸市東灘区,本庄町１丁目９番１７−５０１号,6580012
1140001086833,ビクタス株式会社,兵庫県,神戸市東灘区,本山町田辺字松尾谷２５１番地２８,6580004
1140001086890,株式会社スマイル,兵庫県,神戸市東灘区,向洋町中６丁目３番地の８４,6580032
1140001087063,株式会社オクターブ,兵庫県,神戸市東灘区,御影３丁目２番１１号,6580047
1140001087154,大手前興産株式会社,兵庫県,神戸市東灘区,西岡本２丁目２６番１−１２２号,6580073
1140001087393,株式会社カネモト,兵庫県,神戸市東灘区,住吉宮町２丁目１０番１８−１号,6580053
1140001087410,株式会社ウイズ,兵庫県,神戸市東灘区,甲南町５丁目６番１１−２９０２号,6580084
1140001087435,株式会社エスアイシーグローバル,兵庫県,神戸市東灘区,向洋町西６丁目７,6580033
1140001087443,株式会社梅は岡本総本舗,兵庫県,神戸市東灘区,岡本１丁目１７１番４,6580072
1140001087567,住吉興産株式会社,兵庫県,神戸市東灘区,西岡本６丁目８番１５−２号,6580073
1140001088945,株式会社リディアス神戸,兵庫県,神戸市東灘区,本山南町８丁目６番２６号,6580015
1140001089365,株式会社アクトトレーディング,兵庫県,神戸市東灘区,魚崎南町３丁目９番２１号,6580025
1140001089679,株式会社マイスター,兵庫県,神戸市東灘区,本庄町２丁目８番３４号,6580012
1140001090430,株式会社フジタコーポレーション,兵庫県,神戸市東灘区,御影中町４丁目８番２号,6580054
1140001090678,御影興産株式会社,兵庫県,神戸市東灘区,御影山手４丁目１９番１号御影レジデンス１０６号室,6580065
1140001090802,株式会社惠雅,兵庫県,神戸市東灘区,御影山手５丁目２３番１０号,6580065
1140001090876,株式会社オルタ,兵庫県,神戸市東灘区,御影中町２丁目８番１８号,6580054
1140001091024,六甲トレーディング株式会社,兵庫県,神戸市東灘区,住吉宮町３丁目１０番８号,6580053
1140001091156,株式会社フェニックス,兵庫県,神戸市東灘区,向洋町中３丁目１番地の１０−２番館８１４号,6580032
1140001091263,宇辰株式会社,兵庫県,神戸市東灘区,甲南台６番１４号,6580002
1140001091544,株式会社ホームワード,兵庫県,神戸市東灘区,魚崎南町３丁目２−３,6580025
1140001091817,株式会社Ｌａｂｏ．,兵庫県,神戸市東灘区,住吉南町３丁目４番１７号,6580041
1140001092427,株式会社神戸動物医療センター,兵庫県,神戸市東灘区,甲南町２丁目８番９号,6580084
1140001093193,株式会社ネオフェニックス,兵庫県,神戸市東灘区,魚崎北町６丁目２番２号,6580082
1140001093508,株式会社ｏｆａ,兵庫県,神戸市東灘区,住吉東町５丁目２番２−２０３号,6580052
1140001094225,ＩＷＳ株式会社,兵庫県,神戸市東灘区,向洋町中５丁目６番地の２、１４０２号,6580032
1140001094266,ＨＥＡＬ株式会社,兵庫県,神戸市東灘区,向洋町中６丁目９番地,6580032
1140001094349,ＳＥＥＤＯＸ株式会社,兵庫県,神戸市東灘区,深江浜町１５番３号,6580023
1140001094539,神戸商材株式会社,兵庫県,神戸市東灘区,住吉宮町３丁目１５−１５−３０３,6580053
1140001094720,株式会社柏木モータープール,兵庫県,神戸市東灘区,御影郡家１丁目１８番１２号,6580048
1140001094761,株式会社日本アセットマネジメント,兵庫県,神戸市東灘区,住吉山手３丁目３番４０号,6580063
1140001094828,株式会社クロスブリード,兵庫県,神戸市東灘区,向洋町中６丁目９番地,6580032
1140001094992,アクアバンブージャパン株式会社,兵庫県,神戸市東灘区,住吉宮町７丁目２番９−５０１号,6580053
1140001095248,株式会社リーダースジャパン,兵庫県,神戸市東灘区,御影山手２丁目１番３１号,6580065
1140001095388,株式会社ベストクリック,兵庫県,神戸市東灘区,向洋町中６丁目９番地,6580032
1140001095487,株式会社ＭＩＤＬＡＮＤ,兵庫県,神戸市東灘区,森北町３丁目２番３１号５０３,6580001
1140001095537,株式会社アイル,兵庫県,神戸市東灘区,向洋町中６丁目３番地の２４,6580032
1140001096097,株式会社ｓｈａｐｅｓ,兵庫県,神戸市東灘区,岡本５丁目１２番３１−６号,6580072
1140001096543,株式会社ＮＣＣ,兵庫県,神戸市東灘区,住吉本町３丁目８番２号,6580051
1140001096659,ガーデンブリング株式会社,兵庫県,神戸市東灘区,御影中町４丁目４番１９−４,6580054
1140001096717,株式会社藤井建築工房,兵庫県,神戸市東灘区,御影郡家１丁目２５番１４号,6580048
1140001098085,株式会社サン・フラワー,兵庫県,神戸市東灘区,西岡本５丁目１０番３１号,6580073
1140001098110,ブルーオーシャン株式会社,兵庫県,神戸市東灘区,向洋町西５丁目８番地,6580033
1140001098374,株式会社ＨａｗｋＷｏｒｋ,兵庫県,神戸市東灘区,渦森台４丁目２５番６号,6580066
1140001098424,株式会社プリュムデザイン,兵庫県,神戸市東灘区,向洋町中６丁目９番地４Ｆ,6580032
1140001098556,株式会社マルコジャパン,兵庫県,神戸市東灘区,御影本町２丁目１１番２０号,6580046
1140001098853,株式会社ジェイ・インターナショナル,兵庫県,神戸市東灘区,御影中町１丁目８番８号サンコート御影２０７号,6580054
1140001099224,株式会社ＲｅＦ神戸,兵庫県,神戸市東灘区,住吉山手２丁目２−２４御影プライムハイツ５１１,6580063
1140001099257,テンダーバンク株式会社,兵庫県,神戸市東灘区,深江北町３丁目９番１１号,6580013
1140001099546,株式会社ユーライブ,兵庫県,神戸市東灘区,向洋町中６丁目９,6580032
1140001099760,ＡＩテック株式会社,兵庫県,神戸市東灘区,深江本町１丁目１番１８号３Ｆ,6580021
1140001100247,株式会社Ｌａ　Ｐｏｓｈ,兵庫県,神戸市東灘区,森北町２丁目５番３５号,6580001
1140001100437,株式会社アライズ,兵庫県,神戸市東灘区,本山中町２丁目５番２１号,6580016
1140001100635,株式会社ポンポネ,兵庫県,神戸市東灘区,御影本町６丁目１１番１４号,6580046
1140001100692,ＳＴＩ株式会社,兵庫県,神戸市東灘区,御影３丁目２番１１−８７号,6580047
1140001100767,株式会社エス・オー・シー,兵庫県,神戸市東灘区,魚崎南町１丁目２番２−２１５号,6580025
1140001100973,ダリアル株式会社,兵庫県,神戸市東灘区,御影塚町１丁目７−１２,6580044
1140001101492,株式会社マサルビルド,兵庫県,神戸市東灘区,御影山手５丁目２番１６号シャトー御影２０１号,6580065
1140001101699,株式会社Ｗ−ＴＲＡＮＳＰＯＲＴ,兵庫県,神戸市東灘区,青木２丁目１０番１３−１０２号,6580027
1140001101757,株式会社福島マネジメント,兵庫県,神戸市東灘区,北青木３丁目２０番３９−６０７号,6580014
1140001101815,株式会社土橋産業,兵庫県,神戸市東灘区,御影石町４丁目１２番１３号,6580045
1140001101914,株式会社岡本住建,兵庫県,神戸市東灘区,岡本１丁目１４番２４号ハイメゾン岡本１−Ｇ号室,6580072
1140001102318,株式会社ハーモニー,兵庫県,神戸市東灘区,鴨子ケ原３丁目８番６号,6580064
1140001102391,株式会社フレンチサヴォワ,兵庫県,神戸市東灘区,岡本５丁目１番地１号,6580072
1140001102409,株式会社神戸屋不動産,兵庫県,神戸市東灘区,甲南町４丁目１番２５号,6580084
1140001102648,株式会社ＺｕｃｃａＺｕｃｃａ,兵庫県,神戸市東灘区,御影郡家１丁目２３番１３号,6580048
1140001103051,株式会社送陽亭,兵庫県,神戸市東灘区,魚崎北町６丁目１番２５号,6580082
1140001103068,株式会社クロスライト,兵庫県,神戸市東灘区,住吉本町３丁目１２番４−４０２号,6580051
1140001103241,亜神株式会社,兵庫県,神戸市東灘区,田中町１丁目４番２８号,6580081
1140001103381,株式会社Ｓｅｔｔｓｕ　Ｓｔｕｄｉｏ,兵庫県,神戸市東灘区,岡本１丁目４−１７,6580072
1140001103506,株式会社アイワレジデンス,兵庫県,神戸市東灘区,住吉宮町７丁目６番２２−３０４号,6580053
1140001103670,株式会社Ｆｏｒ　ｏｎｅｓｅｌｆ,兵庫県,神戸市東灘区,向洋町中６丁目９番地,6580032
1140001103852,株式会社中央テック,兵庫県,神戸市東灘区,深江南町１丁目９番１９号,6580022
1140001103877,株式会社Ｍａｒｉｅ,兵庫県,神戸市東灘区,住吉宮町６丁目１１番８号−２０１,6580053
1140001104537,株式会社宝盛オート,兵庫県,神戸市東灘区,御影本町２丁目１６番３号,6580046
1140001104660,株式会社エスエイチ,兵庫県,神戸市東灘区,本山南町６丁目１番１０号,6580015
1140001104669,Ｔトラスト株式会社,兵庫県,神戸市東灘区,深江北町１丁目５番１−６０９号,6580013
1140001104974,株式会社古川商事,兵庫県,神戸市東灘区,御影１丁目６番２３号,6580047
1140001105527,龍川株式会社,兵庫県,神戸市東灘区,深江南町２丁目４番１３−９号,6580022
1140001105618,Ｈｙｏｇｏ　Ｇａｓ　Ｓｕｐｐｌｙ　Ｃｅｎｔｅｒ株式会社,兵庫県,神戸市東灘区,魚崎南町３丁目２番２号,6580025
1140001105799,株式会社ハットハウス,兵庫県,神戸市東灘区,本山南町５丁目１番１７号,6580015
1140001106260,株式会社ミニムーン,兵庫県,神戸市東灘区,向洋町中１丁目１４番地イーストコート２番街３１０号,6580032
1140001106351,株式会社Ｎスタイル,兵庫県,神戸市東灘区,深江本町１丁目３番７−１０６号,6580021
1140001106467,ＷＡＬＡＲ株式会社,兵庫県,神戸市東灘区,本山北町２丁目１４番２７号,6580003
1140001106558,株式会社ＲＡＩＮＢＯＷ　ＳＨＯＷＥＲ,兵庫県,神戸市東灘区,向洋町中６丁目３番地の４７,6580032
1140001106748,株式会社アールエンジニアリング,兵庫県,神戸市東灘区,御影塚町１丁目９−４１,6580044
1140001106772,株式会社マテリワン,兵庫県,神戸市東灘区,魚崎西町４丁目９番４号,6580026
1140001107028,株式会社ＳＡＦＡＲＩ　ＴＩＭＥ,兵庫県,神戸市東灘区,甲南町４丁目２番２５号,6580084
1140001107234,株式会社Ｒａｒｅ　Ｓｐａｃｅ,兵庫県,神戸市東灘区,住吉宮町３丁目１４番６号,6580053
1140001107622,株式会社やまいち商店,兵庫県,神戸市東灘区,住吉南町５丁目１−５,6580041
1140001108182,株式会社オフサイド,兵庫県,神戸市東灘区,住吉東町２丁目１番２６−１０５号,6580052
1140001108744,株式会社ＭＡＲＣＨ,兵庫県,神戸市東灘区,本山北町６丁目１２−１６,6580003
1140001108777,株式会社アビリティ,兵庫県,神戸市東灘区,北青木４丁目８番１８号,6580014
1140001109024,東屋鳥株式会社,兵庫県,神戸市東灘区,岡本８丁目１０番１−４０３号,6580072
1140001109305,株式会社ＩＢＵＫＡ　ＰＬＵＳ,兵庫県,神戸市東灘区,岡本７丁目４番２１号,6580072
1140001109379,株式会社プエンテ・リノ,兵庫県,神戸市東灘区,御影山手４丁目１番１号,6580065
1140001109882,株式会社縁,兵庫県,神戸市東灘区,本山南町３丁目５番１０号,6580015
1140001110205,アスピア株式会社,兵庫県,神戸市東灘区,本山中町２丁目３番１−１号,6580016
1140001110238,シルバースターリテール株式会社,兵庫県,神戸市東灘区,岡本３丁目１０番１−５０５号,6580072
1140001110246,株式会社ルージュ・コパン,兵庫県,神戸市東灘区,向洋町東４丁目１６番地,6580031
1140001110460,ＲＭパートナーズ株式会社,兵庫県,神戸市東灘区,森北町６丁目２番６６−２号,6580001
1140001111062,株式会社可児,兵庫県,神戸市東灘区,本山中町３丁目４番５号,6580016
1140001111137,株式会社Ｋネット,兵庫県,神戸市東灘区,魚崎北町７丁目７番８号,6580082
1140001111855,Ｅｒｓｔ　Ｅｉｎｓ株式会社,兵庫県,神戸市東灘区,森北町７丁目２４番２号,6580001
1140001112267,株式会社ＢｏｎＣｈｉｃ,兵庫県,神戸市東灘区,渦森台２丁目１８番１０４号,6580066
1140001112696,株式会社ＮＯＶＩＴＥＣ　ＧＲＯＵＰ　ＪＡＰＡＮ,兵庫県,神戸市東灘区,住吉浜町１６番地の３,6580042
1140001112713,株式会社ｔａｋｋ,兵庫県,神戸市東灘区,向洋町中７丁目２番１号６番館５０４号,6580032
1140001113513,株式会社Ｓ−ＰＥＡＫ,兵庫県,神戸市東灘区,岡本６丁目８番３６号,6580072
1140001113711,株式会社ニュータマ,兵庫県,神戸市東灘区,岡本６丁目１２番５４号,6580072
1140001114172,株式会社みらいたべるおおさか,兵庫県,神戸市東灘区,御影中町８丁目３番２１号１Ｆ,6580054
1140001114189,株式会社３Ｄ　ＬＡＢＯ,兵庫県,神戸市東灘区,田中町２丁目１２−１８アコード本山１０３号,6580081
1140001114288,株式会社エイク,兵庫県,神戸市東灘区,向洋町中６丁目９番地,6580032
1140001114296,株式会社アルバコリス,兵庫県,神戸市東灘区,住吉台２１番２２号,6580062
1140001115699,株式会社ＨＩ−ＣＲＯＷＮ,兵庫県,神戸市東灘区,住吉東町４丁目６番１６号りりぱっとはうす１階,6580052
1140001116251,株式会社カラーズ,兵庫県,神戸市東灘区,青木５丁目１４番８号,6580027
1140001116490,株式会社アール・イー・ホーム,兵庫県,神戸市東灘区,森南町１丁目５番１−１２９号,6580011
1140001117290,アイグッドファイン株式会社,兵庫県,神戸市東灘区,魚崎中町３丁目６番２１−１号,6580083
1140001117555,まな家株式会社,兵庫県,神戸市東灘区,田中町２丁目１３番１２号,6580081
1140001117679,Ｍｏｎ　Ｐｅｔｉｔ　Ｐｏｕｌｅｔ株式会社,兵庫県,神戸市東灘区,御影郡家２丁目４番１０号,6580048
1140001117919,株式会社ＩＮＧ　ＧＲＯＵＰ,兵庫県,神戸市東灘区,本山北町３丁目７番３号,6580003
1140001118198,株式会社ポッポＹ＆Ｎオオタ,兵庫県,神戸市東灘区,向洋町中３丁目１番地の１０、１番館１１０９号,6580032
1140001118693,イゾラリゾート株式会社,兵庫県,神戸市東灘区,深江北町１丁目１０番１０号プラスワン芦屋１Ｆ,6580013
1140001119403,株式会社横浜ジェッタ,兵庫県,神戸市東灘区,向洋町中６丁目９番地,6580032
1140001119411,レラテック株式会社,兵庫県,神戸市東灘区,深江南町５丁目１−１,6580022
1140001119477,ＳＨＡＲＯＶＥ株式会社,兵庫県,神戸市東灘区,向洋町中６丁目９神戸ファッションマートビル４Ｎ−７−４,6580032
1140001119519,株式会社フォワード,兵庫県,神戸市東灘区,魚崎西町３丁目５番２３号,6580026
1140001119766,株式会社ブランシュクリエイト,兵庫県,神戸市東灘区,岡本１丁目１１番１８−１０２号,6580072
1140001119948,株式会社ｉｐｐｕｋｕ,兵庫県,神戸市東灘区,北青木３丁目１０番８号,6580014
1140001120121,株式会社藤田開発,兵庫県,神戸市東灘区,鴨子ケ原３丁目４番５号,6580064
1140001120419,株式会社ｓｔｌｉｇｈｔ,兵庫県,神戸市東灘区,森南町１丁目９番３−５０１号,6580011
1140001121136,株式会社ＰＭＡ．,兵庫県,神戸市東灘区,住吉宮町６丁目１５番１４−１０９号,6580053
1140001121359,株式会社ＡＭＧ,兵庫県,神戸市東灘区,御影本町８丁目６番１４−１０５号,6580046
1140001121367,株式会社ネクスタリア,兵庫県,神戸市東灘区,御影３丁目２番１１−３０１号,6580047
1140001121482,メルクリウス神戸株式会社,兵庫県,神戸市東灘区,本山南町８丁目５−６,6580015
1140001122233,株式会社ＫＯＢＥＮＩＬ,兵庫県,神戸市東灘区,本山中町２丁目１番７−７０１号,6580016
1140001122539,株式会社ＴＯＪＩ,兵庫県,神戸市東灘区,本山南町７丁目８番３０−６０２号,6580015
1140001122852,株式会社南天堂,兵庫県,神戸市東灘区,田中町３丁目１３番３３号,6580081
1140001122877,株式会社イマジネーション,兵庫県,神戸市東灘区,渦森台４丁目１０番６号,6580066
1140001123140,ＮぷらすＫ株式会社,兵庫県,神戸市東灘区,住吉東町５丁目１番３７号エクセルシオ植田３０１号,6580052
1140001123264,Ａｎｃｒｅ　Ｄｅｓ　Ｃｏｌｌｉｎｅｓ株式会社,兵庫県,神戸市東灘区,住吉東町２丁目６番１４号メゾン住吉川３０２号,6580052
1140001123388,株式会社ＣＳ　ｌｉｆｅｓｔｙｌｅ,兵庫県,神戸市東灘区,青木５丁目１６番１１号ウイステリア青木１Ｆ北,6580027
1140001123454,株式会社岡本工務店,兵庫県,神戸市東灘区,魚崎北町３丁目８番６号,6580082
1140001123875,株式会社ＴＫブリッジ,兵庫県,神戸市東灘区,向洋町中６丁目９番地神戸ファッションマート７Ｆ,6580032
1140001124213,株式会社ＬＰＲシステム,兵庫県,神戸市東灘区,住吉山手１丁目５番１７号,6580063
1140001124287,株式会社ＫＭホールディングス,兵庫県,神戸市東灘区,本山北町３丁目５番１９号,6580003
1140001124337,株式会社Ｌｉｅｎ,兵庫県,神戸市東灘区,本庄町３丁目７番２２号−３０１,6580012
1140001124808,株式会社ＯＣＩ,兵庫県,神戸市東灘区,向洋町中１丁目１８番地,6580032
1140001125590,株式会社ＫＩＮＡＳＳＥ　ＫＯＢＥ,兵庫県,神戸市東灘区,北青木１丁目２番地青木高層住宅７棟１０２,6580014
1140001125954,株式会社ＲＲＲ,兵庫県,神戸市東灘区,魚崎南町３丁目２番３号,6580025
1140001126102,明徳アセット株式会社,兵庫県,神戸市東灘区,住吉山手５丁目２−２２御影柏葉パークマンション２０３,6580063
1140001126143,株式会社あらみたま,兵庫県,神戸市東灘区,御影山手１丁目７番１−２０５号,6580065
1140001126564,江華アセット株式会社,兵庫県,神戸市東灘区,御影中町６丁目４番１２号,6580054
1140001126886,株式会社Ｌａｎｇｅｌｏ,兵庫県,神戸市東灘区,向洋町中３丁目１番地の１０、３番館２０３号,6580032
1140001127174,株式会社松籟Ｒ,兵庫県,神戸市東灘区,御影山手５丁目９番１１号,6580065
1140001127406,海陸通商株式会社,兵庫県,神戸市東灘区,向洋町中１丁目１０番地１０１号棟１２０２号室,6580032
1140001127661,株式会社ＪＡＣＫＹ＆ＳＨＩＲＯ,兵庫県,神戸市東灘区,住吉本町１丁目２２番１１号,6580051
1140001128296,株式会社魚々真,兵庫県,神戸市東灘区,深江南町３丁目１番１３号,6580022
1140001128346,株式会社ひふさ,兵庫県,神戸市東灘区,魚崎南町７丁目１２番１−１号,6580025
1140001128404,株式会社はるまる,兵庫県,神戸市東灘区,御影山手１丁目７番１−２０３号,6580065
1140001128899,株式会社Ｂｉｎｎｏｖａｔｉｏｎ,兵庫県,神戸市東灘区,御影本町１丁目４番２０号,6580046
1140001129154,株式会社Ｅ‐Ｌａｙｏｕｔ,兵庫県,神戸市東灘区,住吉東町３丁目２番２８−１号,6580052
1140001129369,藤本建設株式会社,兵庫県,神戸市東灘区,渦森台４丁目９番３号,6580066
1140001129377,六甲通商株式会社,兵庫県,神戸市東灘区,向洋町中６丁目９番地神戸ファッションマート４Ｆ,6580032
1140001129971,株式会社ｕｎｅ．,兵庫県,神戸市東灘区,御影本町５丁目６−１１,6580046
1140001130079,株式会社ＭＩＬＬＥＦＥＵＸ,兵庫県,神戸市東灘区,住吉本町１丁目７番１２号,6580051
1140001130566,株式会社松本ＦＣ,兵庫県,神戸市東灘区,田中町３丁目１１番２０−６０３号,6580081
1140001130574,ひととひと不動産株式会社,兵庫県,神戸市東灘区,御影３丁目２番１１−１０７号,6580047
1140001130657,株式会社グラム,兵庫県,神戸市東灘区,深江北町４丁目１１番２４号,6580013
1140001131192,株式会社ＳＫＹ設備,兵庫県,神戸市東灘区,御影３丁目２番１１−２４号,6580047
1140001131374,株式会社スクエア,兵庫県,神戸市東灘区,森南町２丁目１３−３,6580011
1140001131886,株式会社Ｋｕｏｎ,兵庫県,神戸市東灘区,深江北町４丁目１３番８号ＫＹハイム１階西側,6580013
1140001132026,クロス株式会社,兵庫県,神戸市東灘区,深江本町３丁目８−１７スクーデリア東灘,6580021
1140001132389,株式会社Ａ＆Ｋコーポレーション,兵庫県,神戸市東灘区,本山北町２丁目１２番３号,6580003
1140001132546,ＵＭＡＲ　ＴＲＡＤＩＮＧ株式会社,兵庫県,神戸市東灘区,青木５丁目４番２１号,6580027
1140001132967,株式会社黒組,兵庫県,神戸市東灘区,向洋町中５丁目１番地５２４号棟１１３号,6580032
1140001133024,株式会社プライム,兵庫県,神戸市東灘区,北青木４丁目２５番１９号,6580014
1140001133172,株式会社Ｅｄｏｔｏｍｙ,兵庫県,神戸市東灘区,西岡本７丁目１７番１−９０４号,6580073
1140001133668,ＳＥＩＣＨＩ　ＮＥＴＷＯＲＫ株式会社,兵庫県,神戸市東灘区,住吉台５番１−８０１号,6580062
1140001134162,Ｆｕｊｉｉ株式会社,兵庫県,神戸市東灘区,本山北町４丁目７番８号,6580003
1140001134278,株式会社ＷＨＩＴＥ,兵庫県,神戸市東灘区,深江南町１丁目１番２４号,6580022
1140001134484,株式会社ＳＫＫＹ,兵庫県,神戸市東灘区,鴨子ヶ原２丁目８番１３号,6580064
1140001134550,ＡＷＡＫＥＮＩＮＧ株式会社,兵庫県,神戸市東灘区,住吉山手５丁目２番２２号,6580063
1140001135326,株式会社アルファｐｌｕｓ,兵庫県,神戸市東灘区,岡本３丁目５番１６号１・２階,6580072
1140001135524,コロレル株式会社,兵庫県,神戸市東灘区,甲南町５丁目６番８−２０２号,6580084
1140001135573,株式会社ＰＩＸＮ,兵庫県,神戸市東灘区,本山中町３丁目９−１９,6580016
1140001135672,株式会社リンセイテック,兵庫県,神戸市東灘区,向洋町中３丁目１番１０号イーストコート５番館１０９号,6580032
1140001136340,株式会社ＴＨＥ　ＨＩＤＥＡＷＡＹ　ＧＡＲＡＧＥ,兵庫県,神戸市東灘区,岡本１丁目６番１４号,6580072
1140001136381,株式会社ＹＵＴＡＫＡ,兵庫県,神戸市東灘区,御影中町４丁目５番１８号,6580054
1140001136761,株式会社河井電気工業,兵庫県,神戸市東灘区,御影本町６丁目４−６ＥＩＳＨＯＬＩＦＥ１０４,6580046
1140001137140,株式会社インナーメディカルジャパン,兵庫県,神戸市東灘区,御影中町３丁目２−４−４３０１,6580054
1140001138023,株式会社ペンギンフォレスト,兵庫県,神戸市東灘区,森北町６丁目３番８−２号,6580001
1140001138270,株式会社プラスアルファ,兵庫県,神戸市東灘区,住吉山手４丁目１１番３６−３２０４号,6580063
1140001138717,株式会社ＰＰロジスティクス,兵庫県,神戸市東灘区,住吉南町１丁目８番３号２０２号,6580041
1140001138923,株式会社ＤＩＮ　ＭＵＨＡＭＭＡＤ,兵庫県,神戸市東灘区,渦森台１丁目５渦森コーポＢ棟５０３,6580066
1140001139161,株式会社ココファーマシーズ,兵庫県,神戸市東灘区,深江北町２丁目７番５号コンフォート芦屋西１階,6580013
1140001139731,ＴＯＷＥＲ　Ｂ１３ＪＡＰＡＮ株式会社,兵庫県,神戸市東灘区,向洋町中６丁目９番地神戸ファッションマート,6580032
1140001139814,株式会社Ａｙ．ｓ　Ｐｒｏｊｅｃｔ,兵庫県,神戸市東灘区,田中町１丁目１０番２０−２０３号,6580081
1140001140383,株式会社ｄＣｌｏｕｄ,兵庫県,神戸市東灘区,御影２丁目１９番７−１０１号,6580047
1140001140937,株式会社スペシアス,兵庫県,神戸市東灘区,御影郡家１丁目１０番２０−３０４号,6580048
1140001141200,株式会社サーマルサイエンス,兵庫県,神戸市東灘区,住吉本町３丁目４番４７号Ａ−１８０２号,6580051
1140001141489,株式会社リオン,兵庫県,神戸市東灘区,住吉宮町６丁目１番５号,6580053
1140001141605,株式会社桃愛,兵庫県,神戸市東灘区,魚崎北町２丁目９番１７号ベステップ魚崎１階南,6580082
1140001141753,株式会社Ｌｕａｎａ,兵庫県,神戸市東灘区,青木６丁目６−１６−１０８−３,6580027
1140001142371,株式会社ＬｉＳＳ,兵庫県,神戸市東灘区,本山北町５丁目３番９号,6580003
1140002001436,株式会社キヨセ,兵庫県,神戸市東灘区,御影塚町３丁目２番１７号,6580044
1140002002541,株式会社山口商店,兵庫県,神戸市東灘区,住吉本町２丁目１４番１９号,6580051
1140002003894,株式会社山野工務店,兵庫県,神戸市東灘区,御影石町４丁目１５番２５号,6580045
1140002017754,株式会社六甲船舶,兵庫県,神戸市東灘区,御影石町２丁目１６番１４号,6580045
1140002019412,ＡＬＯ株式会社,兵庫県,神戸市東灘区,御影２丁目３４番１８号,6580047
1140002025609,株式会社ＤＯＩ乳販,兵庫県,神戸市東灘区,本庄町３丁目６番１７号,6580012
1140003000701,栄光商事株式会社,兵庫県,神戸市東灘区,北青木３丁目１０番３０号,6580014
1140003001773,株式会社鍋屋治右衛門商店,兵庫県,神戸市東灘区,御影石町２丁目２番２５号,6580045
1140003008819,株式会社ケイ・ガーデン倶楽部,兵庫県,神戸市東灘区,住吉台３２番７号,6580062
1240001052750,松本フードサービス株式会社,兵庫県,神戸市東灘区,深江本町４丁目５番１−２０１号,6580021
1290801021248,株式会社環栄ＪＡＰＡＮ,兵庫県,神戸市東灘区,本山南町８丁目６−２６東神戸センタービル１３Ｆ,6580015
1320001014619,株式会社Ｈ　ＤＥＳＩＧＮ,兵庫県,神戸市東灘区,甲南台１番２２号,6580002
1430001076193,北海不動産株式会社,兵庫県,神戸市東灘区,向洋町中１丁目１７アジアワンセンター２９Ｆ,6580032
1470001019066,株式会社ＦＵＳＩＯＮ,兵庫県,神戸市東灘区,魚崎西町４丁目４番１８号,6580026
2010001141245,東佑地所株式会社,兵庫県,神戸市東灘区,御影山手１丁目１−１,6580065
2010401122654,株式会社アセットプロデュース,兵庫県,神戸市東灘区,北青木３丁目１３番１０−１０３号,6580014
2011001111171,株式会社Ｅｎｃｏｕｎｔｅｒ　Ｊａｐａｎ,兵庫県,神戸市東灘区,岡本４丁目１１番１９号,6580072
2011301012152,東洋ライフサービス株式会社,兵庫県,神戸市東灘区,向洋町中５丁目１５ジ・アンタンテ１１１９号,6580032
2020001091729,マツモリ企画株式会社,兵庫県,神戸市東灘区,住吉山手１丁目１０番８−４０５号,6580063
2021001062091,株式会社Ｓｏｎａ,兵庫県,神戸市東灘区,向洋町中１丁目１４イーストコート２番街４１４号室,6580032
2120001003698,大栄ビル株式会社,兵庫県,神戸市東灘区,住吉東町５丁目２番２−４０１号,6580052
2120001068262,中日本産業株式会社,兵庫県,神戸市東灘区,住吉山手８丁目１０番７号,6580063
2120001087675,株式会社ピオーネ,兵庫県,神戸市東灘区,田中町３丁目１８番２０号２階,6580081
2120001104018,株式会社構造地盤研究所,兵庫県,神戸市東灘区,西岡本２丁目２５番３−７０１,6580073
2120001116509,株式会社Ｂ−ｂｌａｓｔ,兵庫県,神戸市東灘区,本山中町１丁目１２番１１号,6580016
2120001134774,株式会社ｉｎｑ,兵庫県,神戸市東灘区,深江北町４丁目１１番６−１４０５号,6580013
2120001141878,ジュピテル株式会社,兵庫県,神戸市東灘区,森北町６丁目６−１６ヴィラ森北１０１,6580001
2120001164417,ＭＣＸ　Ｊａｐａｎ株式会社,兵庫県,神戸市東灘区,向洋町中６丁目９番,6580032
2120001166347,株式会社Ｒｅｐｌａｙ,兵庫県,神戸市東灘区,甲南町４丁目１６番１１号甲南金沢コーポ４０３号,6580084
2120001181560,株式会社ＢＡＫＵ,兵庫県,神戸市東灘区,甲南町５丁目２−２１甲南スカイマンション５０１号室,6580084
2120001191956,株式会社Ｍ　Ｂｅａｒ,兵庫県,神戸市東灘区,深江北町１丁目１１−６ＸｉｎｇＣＵＢＥＯＮＥ１Ｆ,6580013
2120001199933,株式会社ＡＷＡデザイン,兵庫県,神戸市東灘区,御影山手６丁目１０番４１号,6580065
2120001207712,株式会社宝吉家,兵庫県,神戸市東灘区,向洋町中１丁目１７、２９階,6580032
2120001227371,Ｋｕｒａｓｈｉ株式会社,兵庫県,神戸市東灘区,本山北町２丁目１３−５,6580003
2120001234905,海華株式会社,兵庫県,神戸市東灘区,向洋町中１丁目１７ＡｓｉａＯｎｅＣｅｎｔｅｒ２９階００９,6580032
2120101000694,株式会社エストエー,兵庫県,神戸市東灘区,本山北町２丁目１５番３号,6580003
2120901019273,株式会社ダスキンサーヴ近畿,兵庫県,神戸市東灘区,御影石町１丁目６番３４号,6580045
2120901038042,Ｂａｃｏｏｒ　ｄＡｐｐｓ株式会社,兵庫県,神戸市東灘区,向洋町中６丁目９番地神戸ファッションマート８階,6580032
2130001029718,株式会社ＰＨＧ,兵庫県,神戸市東灘区,岡本２丁目２−２２−４０８,6580072
2130001046548,ライズコーポレーション株式会社,兵庫県,神戸市東灘区,御影中町６丁目５番１４号,6580054
2140001000537,株式会社エヌアンドティ,兵庫県,神戸市東灘区,向洋町中６丁目９番地神戸ファッションマート,6580032
2140001000925,株式会社アイコ・アイコ,兵庫県,神戸市東灘区,本山中町４丁目１３番５号,6580016
2140001000966,株式会社アサノ,兵庫県,神戸市東灘区,御影石町２丁目３番２号,6580045
2140001000974,朝日水産株式会社,兵庫県,神戸市東灘区,深江浜町１番１,6580023
2140001000999,アビーロード株式会社,兵庫県,神戸市東灘区,深江浜町７１番地,6580023
2140001001031,株式会社磯辺住研,兵庫県,神戸市東灘区,青木５丁目６番１４号,6580027
2140001001064,株式会社イハラ楽器,兵庫県,神戸市東灘区,御影２丁目５番１０号,6580047
2140001001072,株式会社いろは精肉店,兵庫県,神戸市東灘区,甲南町３丁目６番１２号,6580084
2140001001080,植田製油株式会社,兵庫県,神戸市東灘区,魚崎浜町１７番地,6580024
2140001001089,株式会社上野商事,兵庫県,神戸市東灘区,深江南町４丁目７番３号,6580022
2140001001114,エービーシーホームズ株式会社,兵庫県,神戸市東灘区,岡本２丁目５番６号,6580072
2140001001130,江藤音響機器株式会社,兵庫県,神戸市東灘区,御影塚町４丁目７番１１号,6580044
2140001001139,株式会社エヌズネットワーク,兵庫県,神戸市東灘区,北青木２丁目６番１２号辻川マンション１０２号,6580014
2140001001163,扇株式会社,兵庫県,神戸市東灘区,深江浜町１３５番地,6580023
2140001001171,大窪精機工業株式会社,兵庫県,神戸市東灘区,田中町１丁目１５−７パールビル３０２号,6580081
2140001001188,株式会社オートヴィラージュコウベ,兵庫県,神戸市東灘区,向洋町中１丁目１０番地１０１号棟３９０９号室,6580032
2140001001196,株式会社オート電装商会,兵庫県,神戸市東灘区,御影塚町４丁目９番１０号,6580044
2140001001221,株式会社おがわ,兵庫県,神戸市東灘区,深江南町３丁目８番１５号,6580022
2140001001254,関西鉄工株式会社,兵庫県,神戸市東灘区,森北町６丁目４番２８号,6580001
2140001001262,株式会社関西リース,兵庫県,神戸市東灘区,魚崎中町１丁目７−１５−１０３号,6580083
2140001001270,神田株式会社,兵庫県,神戸市東灘区,森北町６丁目７番２６−２０８号,6580001
2140001001279,株式会社桂プロジェクト,兵庫県,神戸市東灘区,岡本１丁目５番５号,6580072
2140001001295,株式会社カミムラ,兵庫県,神戸市東灘区,田中町３丁目１４番８号,6580081
2140001001304,ＪＦＥ商事甲南スチールセンター株式会社,兵庫県,神戸市東灘区,魚崎浜町４３番１,6580024
2140001001312,菊栄不動産株式会社,兵庫県,神戸市東灘区,御影本町１丁目７番１５号,6580046
2140001001329,岸田通商株式会社,兵庫県,神戸市東灘区,住吉台１５番１１号,6580062
2140001001345,木村酒造株式会社,兵庫県,神戸市東灘区,御影石町１丁目１番５号,6580045
2140001001361,共丸梱包株式会社,兵庫県,神戸市東灘区,住吉浜町７番地,6580042
2140001001394,株式会社ケー・エス・ジー・イー,兵庫県,神戸市東灘区,渦森台４丁目２６番１０号,6580066
2140001001403,ケイ・テイ建設株式会社,兵庫県,神戸市東灘区,御影町郡家字寺ノ前１３６番地の１,6580057
2140001001411,剣菱酒造株式会社,兵庫県,神戸市東灘区,御影本町３丁目１２番５号,6580046
2140001001428,合同船舶工業株式会社,兵庫県,神戸市東灘区,住吉南町５丁目８番２２号,6580041
2140001001436,株式会社甲南画材,兵庫県,神戸市東灘区,住吉東町２丁目３番２０号フォルザ住吉Ｍ−１１,6580052
2140001001452,甲南フードワークス株式会社,兵庫県,神戸市東灘区,深江浜町４１番地,6580023
2140001001485,荘園株式会社,兵庫県,神戸市東灘区,住吉山手４丁目１０番７号,6580063
2140001001502,株式会社コスモア,兵庫県,神戸市東灘区,向洋町中６丁目９番地神戸ファッションマート７階,6580032
2140001001510,株式会社コッペリア,兵庫県,神戸市東灘区,深江南町２丁目５番７号,6580022
2140001001527,駒姫交通株式会社,兵庫県,神戸市東灘区,本山南町６丁目１０番２８号,6580015
2140001001535,株式会社サン,兵庫県,神戸市東灘区,青木６丁目６番１７号,6580027
2140001001543,株式会社サンエース,兵庫県,神戸市東灘区,御影中町２丁目１番４号,6580054
2140001001551,株式会社材清,兵庫県,神戸市東灘区,西岡本７丁目９番１２号,6580073
2140001001568,酒井陸運株式会社,兵庫県,神戸市東灘区,深江浜町１番地の１,6580023
2140001001576,三喜産業株式会社,兵庫県,神戸市東灘区,向洋町東４丁目３番１号,6580031
2140001001601,三昭織物株式会社,兵庫県,神戸市東灘区,住吉宮町３丁目６番１８号,6580053
2140001001626,株式会社スミフルプロセスネットワーク,兵庫県,神戸市東灘区,魚崎南町３丁目１０７９番地の２,6580025
2140001001642,株式会社三和コンサルティング,兵庫県,神戸市東灘区,住吉宮町３丁目１６番７号,6580053
2140001001700,株式会社仁仙江,兵庫県,神戸市東灘区,住吉宮町７丁目２番８号,6580053
2140001001717,新保工業株式会社,兵庫県,神戸市東灘区,森南町３丁目１番２８−１０１号,6580011
2140001001758,昌和商事株式会社,兵庫県,神戸市東灘区,御影本町６丁目１１番９号,6580046
2140001001766,ジャパン・ハウジング・サービス株式会社,兵庫県,神戸市東灘区,御影１丁目１番９号,6580047
2140001001782,シルバープロダクト株式会社,兵庫県,神戸市東灘区,岡本１丁目２番２７号,6580072
2140001001799,株式会社セイヴィング,兵庫県,神戸市東灘区,御影中町１丁目８番１７号,6580054
2140001001816,ゼンコー株式会社,兵庫県,神戸市東灘区,御影山手２丁目２２番１８号（３０２）,6580065
2140001001824,株式会社セントグループ,兵庫県,神戸市東灘区,御影中町８丁目３番１号,6580054
2140001001849,株式会社双和製作所,兵庫県,神戸市東灘区,本庄町２丁目３番８号,6580012
2140001001865,株式会社第一産業社,兵庫県,神戸市東灘区,魚崎浜町３６番５,6580024
2140001001898,大東商事株式会社,兵庫県,神戸市東灘区,森北町６丁目９番１５号,6580001
2140001001907,太陽開発株式会社,兵庫県,神戸市東灘区,住吉宮町６丁目４番１５号,6580053
2140001001915,株式会社大和工業所,兵庫県,神戸市東灘区,御影山手５丁目６番５号,6580065
2140001001923,株式会社大和屋,兵庫県,神戸市東灘区,青木５丁目１７番６号,6580027
2140001001964,株式会社タップ・ジャパン,兵庫県,神戸市東灘区,魚崎南町３丁目２番２号,6580025
2140001001972,田中輸送株式会社,兵庫県,神戸市東灘区,魚崎南町３丁目１０番７号,6580025
2140001002005,株式会社壺屋安兵衛商店,兵庫県,神戸市東灘区,御影本町６丁目２番２５号,6580046
2140001002013,日米エンジニアリング株式会社,兵庫県,神戸市東灘区,住吉南町２丁目１０番１７号,6580041
2140001002021,株式会社テーラー・キダ,兵庫県,神戸市東灘区,御影郡家１丁目２９番３１号,6580048
2140001002070,トータルインテリアタルタニ株式会社,兵庫県,神戸市東灘区,御影中町８丁目３番４号,6580054
2140001002079,トーヨーエンタープライズ株式会社,兵庫県,神戸市東灘区,鴨子ケ原２丁目３番４５−４０５号,6580064
2140001002087,東洋物産株式会社,兵庫県,神戸市東灘区,深江北町４丁目１２番３１号,6580013
2140001002095,株式会社ときわ,兵庫県,神戸市東灘区,西岡本４丁目１０番５号,6580073
2140001002112,トムス・ジャパン株式会社,兵庫県,神戸市東灘区,御影郡家２丁目６番１２−１０２号,6580048
2140001002145,株式会社ナカタカナモノ,兵庫県,神戸市東灘区,本山南町９丁目８番３９号,6580015
2140001002161,灘交通株式会社,兵庫県,神戸市東灘区,本山中町１丁目２番５号,6580016
2140001002186,西村自動車株式会社,兵庫県,神戸市東灘区,魚崎浜町３６番地の９,6580024
2140001002194,日光電気工事株式会社,兵庫県,神戸市東灘区,魚崎西町３丁目５番３１号,6580026
2140001002228,株式会社バイオケム・ジャパン,兵庫県,神戸市東灘区,渦森台４丁目２６番１０号,6580066
2140001002260,阪神アラーム株式会社,兵庫県,神戸市東灘区,住吉宮町１丁目４番２７号,6580053
2140001002269,阪神住宅建設株式会社,兵庫県,神戸市東灘区,森南町１丁目２番２６号,6580011
2140001002293,株式会社服部設備,兵庫県,神戸市東灘区,西岡本１丁目１０番２５号,6580073
2140001002302,ハマダ製菓株式会社,兵庫県,神戸市東灘区,魚崎南町４丁目２番５２号,6580025
2140001002310,株式会社ハヤミガーデン,兵庫県,神戸市東灘区,甲南町３丁目８番１４号,6580084
2140001002376,株式会社フィット貿易,兵庫県,神戸市東灘区,魚崎北町５丁目９番５号,6580082
2140001002418,株式会社フルヴィアート,兵庫県,神戸市東灘区,御影本町５丁目３番６号,6580046
2140001002434,株式会社フラット,兵庫県,神戸市東灘区,深江浜町１４１番地の４,6580023
2140001002467,株式会社ポオトデリカトオカツ,兵庫県,神戸市東灘区,深江浜町３６番地７,6580023
2140001002475,北辰商事株式会社,兵庫県,神戸市東灘区,岡本６丁目１番２６号,6580072
2140001002500,株式会社マサキ,兵庫県,神戸市東灘区,深江南町３丁目３番８号,6580022
2140001002509,株式会社松岡サイクルセンター,兵庫県,神戸市東灘区,本山南町８丁目４番８号,6580015
2140001002558,株式会社丸辰ホールディング,兵庫県,神戸市東灘区,本山北町４丁目９番４１号,6580003
2140001002566,株式会社丸裕,兵庫県,神戸市東灘区,住吉本町３丁目９番２−２０６号,6580051
2140001002574,イワイ株式会社,兵庫県,神戸市東灘区,御影山手４丁目１９番１号２０５号,6580065
2140001002582,株式会社美口環境デザイン,兵庫県,神戸市東灘区,本山南町５丁目４番２５−１００５号,6580015
2140001002590,株式会社ミツカネ,兵庫県,神戸市東灘区,住吉浜町１９番１２,6580042
2140001002608,株式会社三宅電気工事,兵庫県,神戸市東灘区,魚崎南町３丁目２１番１２号,6580025
2140001002624,村上畜産株式会社,兵庫県,神戸市東灘区,本山南町２丁目４番６号,6580015
2140001002649,株式会社モーリ,兵庫県,神戸市東灘区,田中町１丁目６番１１号,6580081
2140001002665,モロゾフ株式会社,兵庫県,神戸市東灘区,御影本町６丁目１１番１９号,6580046
2140001002673,株式会社安福又四郎商店,兵庫県,神戸市東灘区,御影塚町１丁目５番２３号,6580044
2140001002707,ヤマヒデ海産株式会社,兵庫県,神戸市東灘区,深江浜町１番の１,6580023
2140001002715,ヤマヨシ物流株式会社,兵庫県,神戸市東灘区,深江浜町７６番地神戸青果食品商業協同組合会館２０５号,6580023
2140001002731,株式会社ユニペック,兵庫県,神戸市東灘区,住吉本町２丁目１０番４０号,6580051
2140001002748,株式会社吉村コーポレイション,兵庫県,神戸市東灘区,住吉本町２丁目５番２０号,6580051
2140001002756,株式会社ラークアンシエル,兵庫県,神戸市東灘区,御影中町７丁目６番２４号,6580054
2140001002764,株式会社和洸,兵庫県,神戸市東灘区,向洋町中２丁目１番地２１５棟８２４号,6580032
2140001002772,株式会社ワンダー,兵庫県,神戸市東灘区,本山中町３丁目１番２０−４０４号,6580016
2140001002806,株式会社レチナメガネ,兵庫県,神戸市東灘区,岡本１丁目９番２９号,6580072
2140001002814,六甲金属株式会社,兵庫県,神戸市東灘区,青木３丁目３番２８号,6580027
2140001002847,株式会社神戸クラフト,兵庫県,神戸市東灘区,岡本８丁目７番２３号,6580072
2140001002855,株式会社神戸サンフルーツ,兵庫県,神戸市東灘区,深江浜町１番１神戸市中央卸売市場東部市場内,6580023
2140001002863,神戸宝ソース食品株式会社,兵庫県,神戸市東灘区,住吉宮町２丁目７番１１号,6580053
2140001002888,神戸ヤスイ株式会社,兵庫県,神戸市東灘区,青木５丁目２番１３号,6580027
2140001002905,株式会社日本梱包センター,兵庫県,神戸市東灘区,魚崎南町３丁目４番２号,6580025
2140001003291,株式会社ケーエム,兵庫県,神戸市東灘区,御影中町４丁目２番１号,6580054
2140001003903,株式会社ケイ・ファシリティーズ,兵庫県,神戸市東灘区,青木５丁目１番２０号,6580027
2140001004174,株式会社ヤング商事,兵庫県,神戸市東灘区,向洋町中６丁目９番地,6580032
2140001004769,株式会社三晃薬品化学,兵庫県,神戸市東灘区,住吉山手５丁目５番１−３０４号,6580063
2140001005461,株式会社山川商興,兵庫県,神戸市東灘区,深江南町１丁目２番５０−５０３号,6580022
2140001005511,株式会社ライトスタッフ,兵庫県,神戸市東灘区,御影３丁目２−１６−２０１,6580047
2140001006063,株式会社イースタンツールカンパニー,兵庫県,神戸市東灘区,御影山手６丁目８番４２号,6580065
2140001006344,榮建株式会社,兵庫県,神戸市東灘区,向洋町中６丁目３番地の４２,6580032
2140001008101,三和輸出包装株式会社,兵庫県,神戸市東灘区,向洋町西２丁目８番１三井倉庫株式会社東神戸事務所内,6580033
2140001008794,株式会社積和,兵庫県,神戸市東灘区,本山南町８丁目６番２６号,6580015
2140001009165,株式会社ダゲール写真場,兵庫県,神戸市東灘区,御影山手２丁目２１番１０号,6580065
2140001009421,株式会社アイ・アンド・ティーサポート,兵庫県,神戸市東灘区,岡本１丁目９番２９号,6580072
2140001012994,合食興産株式会社,兵庫県,神戸市東灘区,住吉山手３丁目９番１２−１号,6580063
2140001015320,株式会社バリーレーン,兵庫県,神戸市東灘区,向洋町中６丁目９番地,6580032
2140001016368,台神商運株式会社,兵庫県,神戸市東灘区,深江浜町１６１番地,6580023
2140001017291,株式会社ｉｎｇ,兵庫県,神戸市東灘区,本山中町２丁目６番２０−３０６号,6580016
2140001019024,株式会社小倉屋商店,兵庫県,神戸市東灘区,深江浜町９７番地の２,6580023
2140001019049,株式会社森山電機製作所,兵庫県,神戸市東灘区,魚崎西町２丁目３番３号,6580026
2140001019197,三神鋼管工業株式会社,兵庫県,神戸市東灘区,御影郡家１丁目２６番１０−３０３,6580048
2140001019544,株式会社東伸産業,兵庫県,神戸市東灘区,向洋町東４丁目３番,6580031
2140001019577,信和ホテルズ株式会社,兵庫県,神戸市東灘区,向洋町中２丁目９番１,6580032
2140001019651,株式会社泉州配送センター,兵庫県,神戸市東灘区,青木４丁目２番２０号,6580027
2140001019809,ビオトープ株式会社,兵庫県,神戸市東灘区,住吉台３１番１号,6580062
2140001020089,東洋アパレル株式会社,兵庫県,神戸市東灘区,御影本町８丁目１３番２２号,6580046
2140001020221,株式会社ミノルサービス,兵庫県,神戸市東灘区,御影本町７丁目６番８号,6580046
2140001020320,株式会社日祥プランニング,兵庫県,神戸市東灘区,深江本町１丁目１４番８号ユニテサーラ芦屋３０４号,6580021
2140001020353,インポート・ライブラリ株式会社,兵庫県,神戸市東灘区,向洋町中３丁目１番地の８,6580032
2140001020403,株式会社トータス,兵庫県,神戸市東灘区,青木２丁目３番２１−１１０９号,6580027
2140001020493,株式会社ヒラオカ,兵庫県,神戸市東灘区,本山中町３丁目６番１２号,6580016
2140001020618,株式会社セールス・プロモーション・センター,兵庫県,神戸市東灘区,住吉本町３丁目１番１７−２０５号,6580051
2140001020650,株式会社インタースペース,兵庫県,神戸市東灘区,本庄町１丁目９番２１号２０２号,6580012
2140001021104,株式会社フリースタイル,兵庫県,神戸市東灘区,岡本１丁目５番５号,6580072
2140001021500,アイ・エイ・ジェイ株式会社,兵庫県,神戸市東灘区,本山南町８丁目６番２６号,6580015
2140001021599,発掘家トレーディング株式会社,兵庫県,神戸市東灘区,田中町２丁目５番１５号,6580081
2140001021657,阪神管財株式会社,兵庫県,神戸市東灘区,御影中町１丁目８番１３号,6580054
2140001021681,株式会社大広産業,兵庫県,神戸市東灘区,田中町２丁目３番３−５０３号,6580081
2140001021797,株式会社ビューティードック,兵庫県,神戸市東灘区,岡本１丁目１１番２９,6580072
2140001021979,住宅開発株式会社,兵庫県,神戸市東灘区,魚崎北町１丁目１１番１６−２０３号,6580082
2140001022003,東侯物産株式会社,兵庫県,神戸市東灘区,魚崎中町４丁目９番１６号,6580083
2140001022523,株式会社小島建設,兵庫県,神戸市東灘区,魚崎北町６丁目１０番１４号,6580082
2140001022762,ＡＤＵ株式会社,兵庫県,神戸市東灘区,住吉宮町４丁目４番１,6580053
2140001022812,株式会社グローリクス,兵庫県,神戸市東灘区,深江北町３丁目９番２８−５０３号,6580013
2140001022845,ワールドメタル株式会社,兵庫県,神戸市東灘区,住吉山手５丁目２番１号,6580063
2140001023100,株式会社クリーナーズクラブ,兵庫県,神戸市東灘区,森南町２丁目１番３号,6580011
2140001023199,エコソリューションエナジー株式会社,兵庫県,神戸市東灘区,御影町西平野市の坪１１番１号−７３,6580058
2140001023364,昌栄興産株式会社,兵庫県,神戸市東灘区,住吉宮町２丁目６番１号,6580053
2140001023595,株式会社ドリームワークスエージェンシー,兵庫県,神戸市東灘区,本山中町２丁目６番２５号,6580016
2140001023678,株式会社ＫｉｉＮａ,兵庫県,神戸市東灘区,御影３丁目２番１１−９号,6580047
2140001023802,株式会社デューク,兵庫県,神戸市東灘区,向洋町中６丁目９番地,6580032
2140001023819,株式会社吉岡清掃,兵庫県,神戸市東灘区,御影塚町１丁目４番３号,6580044
2140001023843,株式会社Ａｍｕｓｅ,兵庫県,神戸市東灘区,魚崎中町４丁目２番８号,6580083
2140001024008,株式会社山楽,兵庫県,神戸市東灘区,西岡本２丁目２６番１号,6580073
2140001024189,株式会社喜楽総研,兵庫県,神戸市東灘区,御影郡家１丁目２１番１８−８０１号,6580048
2140001024313,株式会社サンデッカーズ,兵庫県,神戸市東灘区,深江北町１丁目６番３号,6580013
2140001024461,株式会社マーケティング革新,兵庫県,神戸市東灘区,鴨子ケ原３丁目２８番６９号,6580064
2140001024718,株式会社神基テクノ,兵庫県,神戸市東灘区,魚崎浜町４２番地,6580024
2140001024767,株式会社キンダイバイオ研究所,兵庫県,神戸市東灘区,森北町１丁目７番２４号,6580001
2140001024825,Ｓ＆Ｓダイヤモンド鉱業株式会社,兵庫県,神戸市東灘区,岡本１丁目９番２９号,6580072
2140001024841,株式会社栄商会,兵庫県,神戸市東灘区,魚崎西町４丁目２番４１−６０３号,6580026
2140001024874,株式会社勝山,兵庫県,神戸市東灘区,向洋町中６丁目９番地,6580032
2140001024882,ゴールデンサービス株式会社,兵庫県,神戸市東灘区,深江浜町４９番地,6580023
2140001025006,中村富株式会社,兵庫県,神戸市東灘区,御影山手３丁目３−２−８０８号,6580065
2140001025014,プロフィット株式会社,兵庫県,神戸市東灘区,森北町１丁目２番１９号,6580001
2140001025121,株式会社シンクチューブ,兵庫県,神戸市東灘区,向洋町中６丁目９番地,6580032
2140001025212,株式会社谷建工業,兵庫県,神戸市東灘区,深江南町１丁目１１番２１−３０３号,6580022
2140001025311,バリューハウジング株式会社,兵庫県,神戸市東灘区,本山南町５丁目４番６０号,6580015
2140001025609,株式会社ＳＧＴ,兵庫県,神戸市東灘区,西岡本７丁目１４番１５号,6580073
2140001025625,株式会社ライフサポート,兵庫県,神戸市東灘区,御影町西平野字一ノ坪１１−１−２５号,6580058
2140001025864,株式会社エスビート,兵庫県,神戸市東灘区,御影郡家２丁目５番１６号,6580048
2140001025930,株式会社イワフジ急送,兵庫県,神戸市東灘区,深江本町３丁目６番５号,6580021
2140001025947,株式会社テイクプランニング,兵庫県,神戸市東灘区,住吉宮町４丁目１番１９号,6580053
2140001026301,株式会社ユーコンスカイ,兵庫県,神戸市東灘区,向洋町中２丁目１０六甲アイランドビル,6580032
2140001026433,株式会社ユナイテッド・プロデュース,兵庫県,神戸市東灘区,向洋町中３丁目１番地の５イーストコート８番街１−１２０４号,6580032
2140001026466,株式会社カーライフ芦屋,兵庫県,神戸市東灘区,本山中町２丁目１番１０号,6580016
2140001026508,株式会社グローバライズサポート,兵庫県,神戸市東灘区,向洋町中６丁目９番地,6580032
2140001026689,ウイングトワ株式会社,兵庫県,神戸市東灘区,御影中町３丁目２番４−４７０３号,6580054
2140001026813,ネバダインターナショナル株式会社,兵庫県,神戸市東灘区,向洋町中６丁目９番地,6580032
2140001026978,株式会社グローアップ,兵庫県,神戸市東灘区,御影中町１丁目６番８号,6580054
2140001026994,株式会社トップキャスト,兵庫県,神戸市東灘区,御影中町２丁目２番１４号８０２号,6580054
2140001027002,株式会社悠工房,兵庫県,神戸市東灘区,御影町西平野字一ノ坪１１−１−４０７号,6580058
2140001027324,株式会社新緑,兵庫県,神戸市東灘区,本山北町６丁目１１番３号,6580003
2140001027415,株式会社アズヴィ,兵庫県,神戸市東灘区,御影山手４丁目２２番１４号,6580065
2140001027571,株式会社ネオユニバース,兵庫県,神戸市東灘区,魚崎北町２丁目２番１９号,6580082
2140001027786,株式会社満帆堂,兵庫県,神戸市東灘区,田中町２丁目１８番１８号,6580081
2140001027803,株式会社ティー・エム・エス,兵庫県,神戸市東灘区,田中町１丁目１５番５−３０１号,6580081
2140001027902,株式会社ＫＹＭＳ,兵庫県,神戸市東灘区,岡本３丁目２番１７−１１０号（泉水事務所内）,6580072
2140001028017,株式会社鳴海,兵庫県,神戸市東灘区,御影塚町１丁目１番９６号森本倉庫内,6580044
2140001028033,株式会社倉重建業,兵庫県,神戸市東灘区,御影塚町４丁目７番２０号,6580044
2140001028066,ＳＫＫ株式会社,兵庫県,神戸市東灘区,向洋町西４番６号,6580000
2140001028479,株式会社マハラ,兵庫県,神戸市東灘区,魚崎中町３丁目１番２２号,6580083
2140001028710,株式会社オーシャン・プロテクト,兵庫県,神戸市東灘区,深江本町１丁目１番１８号,6580021
2140001028751,株式会社三千里,兵庫県,神戸市東灘区,本山中町４丁目８番２号,6580016
2140001028859,パスティリゾートライフ株式会社,兵庫県,神戸市東灘区,本山北町３丁目４番１５−２０３号,6580003
2140001028883,薬龍株式会社,兵庫県,神戸市東灘区,御影町郡家字大蔵１５０番地の１,6580057
2140001028958,ＡＵＳｙｓｃｏｍ　Ｊａｐａｎ株式会社,兵庫県,神戸市東灘区,御影中町１丁目１７番１３号ＳＳ御影中町ビル４０１号室,6580054
2140001029155,太星技建株式会社,兵庫県,神戸市東灘区,深江北町１丁目８番１１号,6580013
2140001029238,株式会社やまもと動物病院,兵庫県,神戸市東灘区,御影２丁目３３番１５号,6580047
2140001029312,株式会社ふぁいんふぁいん,兵庫県,神戸市東灘区,魚崎南町６丁目１０番４号,6580025
2140001029411,Ｍａｆｆｉｃｋ株式会社,兵庫県,神戸市東灘区,住吉宮町５丁目９番２８−７０６号,6580053
2140001029493,株式会社トミーズ,兵庫県,神戸市東灘区,魚崎南町４丁目２−４６,6580025
2140001029808,株式会社トーホーフードサービス,兵庫県,神戸市東灘区,向洋町西５丁目９番,6580033
2140001029964,株式会社水口工務店,兵庫県,神戸市東灘区,御影中町７丁目６番２５号,6580054
2140001030121,株式会社レディア,兵庫県,神戸市東灘区,向洋町中６丁目９番地,6580032
2140001030195,株式会社ＶａｎｉｌｌｅＶａｎｉｔｅ,兵庫県,神戸市東灘区,岡本２丁目１３番１７号,6580072
2140001030419,株式会社中匠,兵庫県,神戸市東灘区,住吉南町２丁目９番２３号,6580041
2140001030468,株式会社有元技術研究所,兵庫県,神戸市東灘区,御影山手１丁目１０番１号,6580065
2140001030575,株式会社福学舎,兵庫県,神戸市東灘区,西岡本６丁目１１番１−５０５号,6580073
2140001030583,株式会社ムラカミ商事,兵庫県,神戸市東灘区,深江北町４丁目７番７号,6580013
2140001030740,チズコーポレーション株式会社,兵庫県,神戸市東灘区,住吉山手９丁目１８番２３号,6580063
2140001030906,株式会社ＧＵＩＬＤ,兵庫県,神戸市東灘区,深江本町３丁目３番２７−２０５号,6580021
2140001030963,ウェブソリューションズ株式会社,兵庫県,神戸市東灘区,向洋町中６丁目９,6580032
2140001031061,株式会社テイク・ミィ,兵庫県,神戸市東灘区,向洋町中５丁目１５番地５２０号,6580032
2140001031103,株式会社エスライズ,兵庫県,神戸市東灘区,北青木４丁目１５番８号,6580014
2140001031152,株式会社アイワトレード,兵庫県,神戸市東灘区,向洋町中２丁目１番地２１４号棟１０２３号室,6580032
2140001031177,株式会社一輝,兵庫県,神戸市東灘区,青木２丁目３番１７−３０３号,6580027
2140001031219,株式会社エヌビーシー,兵庫県,神戸市東灘区,岡本１丁目１４番２４号,6580072
2140001031301,株式会社サンノート,兵庫県,神戸市東灘区,御影２丁目８番２３−３０１,6580047
2140001031318,株式会社保久良,兵庫県,神戸市東灘区,本山北町１丁目１０番１０号,6580003
2140001031400,株式会社ムジカヴィーヴァ,兵庫県,神戸市東灘区,岡本１丁目３番３１号サンオカモトビル３０２号室,6580072
2140001031524,株式会社ジェネシス,兵庫県,神戸市東灘区,本山南町８丁目６−２６,6580015
2140001031540,株式会社トラント,兵庫県,神戸市東灘区,鴨子ケ原３丁目２８番７３号,6580064
2140001031664,クオーレ建設株式会社,兵庫県,神戸市東灘区,向洋町中１丁目１４番,6580032
2140001031945,株式会社ネクストワン,兵庫県,神戸市東灘区,魚崎南町４丁目１０番２２号,6580025
2140001032010,株式会社ウダカ,兵庫県,神戸市東灘区,住吉東町３丁目２番１６号,6580052
2140001032084,株式会社甲南興業,兵庫県,神戸市東灘区,甲南町３丁目７番１１号,6580084
2140001032092,株式会社三和正協,兵庫県,神戸市東灘区,向洋町中６丁目６番地６１３号棟３２１号室,6580032
2140001032308,株式会社インフィニティー,兵庫県,神戸市東灘区,御影１丁目１４番３１号,6580047
2140001032472,株式会社ヴィラ,兵庫県,神戸市東灘区,深江北町１丁目１５番２７号,6580013
2140001032506,株式会社エフ・プロパティマネジメント,兵庫県,神戸市東灘区,岡本４丁目１１番７号,6580072
2140001032547,株式会社プログレス,兵庫県,神戸市東灘区,深江南町３丁目４番１４号,6580022
2140001032555,株式会社アオイコーポレーション,兵庫県,神戸市東灘区,御影塚町２丁目２番１４号,6580044
2140001032571,株式会社コバヤシ,兵庫県,神戸市東灘区,住吉宮町６丁目１６番２１−９０２号,6580053
2140001032654,Ｕプランニング株式会社,兵庫県,神戸市東灘区,御影２丁目２番１−４０５号,6580047
2140001032687,株式会社ＡＣＳ　Ａｇｅｎｃｙ,兵庫県,神戸市東灘区,深江北町３丁目４番１２号,6580013
2140001032778,株式会社Ｐａｓｓｅｇｇｉａｒｅ,兵庫県,神戸市東灘区,森南町１丁目５番１号セルバ１２２号,6580011
2140001032803,龍門株式会社,兵庫県,神戸市東灘区,住吉山手４丁目５番２４号,6580063
2140001033000,株式会社阪神ビルサービス,兵庫県,神戸市東灘区,御影山手２丁目１２番２号,6580065
2140001033099,株式会社関西リフォーム,兵庫県,神戸市東灘区,魚崎南町３丁目１７番１０号,6580025
2140001033132,株式会社プレジール,兵庫県,神戸市東灘区,北青木４丁目８番１８号,6580014
2140001033223,株式会社カスタマーブレイン,兵庫県,神戸市東灘区,御影３丁目２番１１号,6580047
2140001033280,株式会社ヤマショー,兵庫県,神戸市東灘区,御影郡家２丁目６番５−２０１号,6580048
2140001033363,株式会社剣一,兵庫県,神戸市東灘区,向洋町中６丁目９番地,6580032
2140001033388,株式会社ｅｇｅｒｉｅ,兵庫県,神戸市東灘区,向洋町中６丁目９番地神戸ファッションマート２０３,6580032
2140001033405,株式会社エフライン,兵庫県,神戸市東灘区,魚崎北町２丁目６番１４号,6580082
2140001033553,西宮配達商事株式会社,兵庫県,神戸市東灘区,向洋町東４丁目１６番地,6580031
2140001033603,株式会社サンメグシー,兵庫県,神戸市東灘区,岡本１丁目６番１４号,6580072
2140001033685,株式会社ＡＴＳ,兵庫県,神戸市東灘区,向洋町東４丁目１６番１,6580031
2140001034345,株式会社神戸コンサル事務所,兵庫県,神戸市東灘区,甲南町４丁目１−２５,6580084
2140001036366,ＪＦＥ建材アルミ株式会社,兵庫県,神戸市東灘区,魚崎浜町４３番地２,6580024
2140001036498,東亜交易株式会社,兵庫県,神戸市東灘区,向洋町中５丁目１１番地５０２号棟６０３号室,6580032
2140001038016,株式会社ＳＥＬＦ　ＡＣＨＩＥＶＥ,兵庫県,神戸市東灘区,向洋町中６丁目９番地,6580032
2140001038123,株式会社スピンエコー,兵庫県,神戸市東灘区,深江南町４丁目１２番１７−６０５号,6580022
2140001042224,株式会社津ノ國屋,兵庫県,神戸市東灘区,御影本町６丁目４番４号,6580046
2140001042257,株式会社みかど商会,兵庫県,神戸市東灘区,御影２丁目１３番１−４０２号,6580047
2140001042331,シンセイ・メレッツ株式会社,兵庫県,神戸市東灘区,御影１丁目１２番１４号,6580047
2140001047108,株式会社エス・エフ・シー,兵庫県,神戸市東灘区,本山中町４丁目２番３号,6580016
2140001047132,株式会社コウベアシスト,兵庫県,神戸市東灘区,深江浜町１番地１神戸東部中央卸売市場,6580023
2140001047231,株式会社Ｍａｙ,兵庫県,神戸市東灘区,御影山手４丁目１５番６号,6580065
2140001052132,コムス株式会社,兵庫県,神戸市東灘区,本山南町８丁目６番２６号,6580015
2140001057107,アップルコアジャパン株式会社,兵庫県,神戸市東灘区,御影３丁目２番１１号−８５,6580047
2140001057379,株式会社さくら工務店,兵庫県,神戸市東灘区,森南町３丁目６番１４号,6580011
2140001067378,ランパス株式会社,兵庫県,神戸市東灘区,向洋町中６丁目９番地,6580032
2140001067477,株式会社ＨＮＡ神戸,兵庫県,神戸市東灘区,向洋町中２丁目１３番地,6580032
2140001067502,株式会社仕事屋,兵庫県,神戸市東灘区,岡本２丁目１１番８号,6580072
2140001067667,ブライトンエンタープライズ株式会社,兵庫県,神戸市東灘区,田中町１丁目５番１６号,6580081
2140001067675,株式会社ノースウッド,兵庫県,神戸市東灘区,森南町３丁目３番２２号,6580011
2140001067725,株式会社イメージテック,兵庫県,神戸市東灘区,住吉宮町７丁目３番２７−１号,6580053
2140001067881,株式会社アンビエンテ,兵庫県,神戸市東灘区,向洋町中３丁目２番地の５−１６１４号,6580032
2140001068558,株式会社苦楽園珈琲,兵庫県,神戸市東灘区,渦森台２丁目１０番１０７号,6580066
2140001070407,株式会社松本組,兵庫県,神戸市東灘区,魚崎北町１丁目２番１０号,6580082
2140001072378,株式会社川田画廊,兵庫県,神戸市東灘区,田中町１丁目１３−２２−１０２,6580081
2140001073260,株式会社Ｌ’Ａｐｐａｒｔｍｅｎｔ　Ｋｏｂｅ,兵庫県,神戸市東灘区,御影塚町２丁目３番１２−１０２号,6580044
2140001073590,いろは屋株式会社,兵庫県,神戸市東灘区,深江浜町１１０番地の１,6580023
2140001074779,ケーアンドサンズ株式会社,兵庫県,神戸市東灘区,向洋町中６丁目９番地,6580032
2140001077682,ネイチャーインスパイヤード株式会社,兵庫県,神戸市東灘区,向洋町中５丁目１番地５２２号棟８０７号室,6580032
2140001077807,株式会社Ｊコーポレーション,兵庫県,神戸市東灘区,御影山手３丁目３番１−２０４号,6580065
2140001083144,株式会社ハート,兵庫県,神戸市東灘区,深江浜町３−１関西上田コールド（株）内新館２階,6580023
2140001086353,スリー・フィールド株式会社,兵庫県,神戸市東灘区,岡本１丁目５−９−２Ｆ,6580072
2140001086411,株式会社エンシャンテッド・バイ・キュー,兵庫県,神戸市東灘区,向洋町中６丁目９番地神戸ファッションマート７階７Ｅ−１７,6580032
2140001086618,潤昇株式会社,兵庫県,神戸市東灘区,向洋町中６丁目９番地４Ｅ−０１,6580032
2140001086873,株式会社タイド,兵庫県,神戸市東灘区,御影石町２丁目１４番２１号,6580045
2140001087112,株式会社ラクソントゥールジャポン,兵庫県,神戸市東灘区,岡本５丁目１番１号,6580072
2140001087418,株式会社クール．コウベ,兵庫県,神戸市東灘区,田中町１丁目８番２８−１００４号,6580081
2140001087517,株式会社ＭＩＫＹフロンティア,兵庫県,神戸市東灘区,魚崎浜町３−１,6580024
2140001087806,イカロスアジア株式会社,兵庫県,神戸市東灘区,御影山手５丁目１９番８号,6580065
2140001087946,株式会社ＹＡプランニング,兵庫県,神戸市東灘区,深江本町２丁目１番２３−２０１号,6580021
2140001088028,株式会社Ｈ２Ｍパートナーズ,兵庫県,神戸市東灘区,岡本１丁目２番２７号,6580072
2140001088267,株式会社六甲ジョイテック,兵庫県,神戸市東灘区,御影中町６丁目５番１０号,6580054
2140001088556,株式会社リンクス企画,兵庫県,神戸市東灘区,甲南町４丁目７番２号,6580084
2140001088655,株式会社ブリッヂオブジャパン,兵庫県,神戸市東灘区,御影郡家１丁目２５番７−２０１号,6580048
2140001088969,ヴァロース株式会社,兵庫県,神戸市東灘区,岡本２丁目７番１号,6580072
2140001089604,株式会社ブルードラゴン,兵庫県,神戸市東灘区,鴨子ケ原２丁目３番１１号,6580064
2140001089686,株式会社シーゲル,兵庫県,神戸市東灘区,本山南町９丁目８番５９−７０７号,6580015
2140001090396,株式会社ジャパン・メディカル・ライズ,兵庫県,神戸市東灘区,深江浜町６７番地９０１号,6580023
2140001090462,株式会社兵神サービス,兵庫県,神戸市東灘区,住吉南町５丁目７番７号,6580041
2140001090586,株式会社ＧＳＴ,兵庫県,神戸市東灘区,本山中町４丁目２−３,6580016
2140001091436,株式会社ＩＲＡ　ＫＯＢＥ,兵庫県,神戸市東灘区,魚崎浜町２０番地,6580024
2140001091683,株式会社リオップ,兵庫県,神戸市東灘区,向洋町中１丁目１４−２０１,6580032
2140001091907,株式会社グラノラジャーニー,兵庫県,神戸市東灘区,魚崎北町６丁目５番１０号,6580082
2140001092104,ウエスト・リバー株式会社,兵庫県,神戸市東灘区,本山北町６丁目１１番３０号,6580003
2140001092178,株式会社ジェノワーズ,兵庫県,神戸市東灘区,向洋町中５丁目１５番地５１３号室,6580032
2140001092228,アレックス神戸株式会社,兵庫県,神戸市東灘区,森南町１丁目５番１号セルバ１０７号,6580011
2140001092335,株式会社フューズジェネレーション,兵庫県,神戸市東灘区,御影本町４丁目１２番４号,6580046
2140001092533,株式会社Ｌ・Ａスタイル,兵庫県,神戸市東灘区,御影本町２丁目７番１６−３０５号,6580046
2140001092624,株式会社クーメディカル,兵庫県,神戸市東灘区,本山町田辺２５１番地の４,6580004
2140001092632,株式会社フレダーマウス,兵庫県,神戸市東灘区,住吉本町２丁目８番１１−１０１号,6580051
2140001092748,虹亮株式会社,兵庫県,神戸市東灘区,住吉本町１丁目１３番１４−１０３号,6580051
2140001092789,株式会社アースステップ,兵庫県,神戸市東灘区,本山中町１丁目１４番２１号,6580016
2140001092847,株式会社藤屋,兵庫県,神戸市東灘区,御影本町２丁目１１番２４号,6580046
2140001093507,アイビス株式会社,兵庫県,神戸市東灘区,御影本町２丁目９番１６号,6580046
2140001093663,株式会社ｑｕａｌｉｔｙ　ｄｅｓｉｇｎ研究所,兵庫県,神戸市東灘区,向洋町中１丁目２番地の４１,6580032
2140001093721,ＧＥＮＩＯ　Ｓｏｌｕｔｉｏｎｓ株式会社,兵庫県,神戸市東灘区,向洋町中６丁目９番地神戸ファッションマート４Ｅ−０７,6580032
2140001093894,株式会社Ａｔｏｍｓ,兵庫県,神戸市東灘区,森南町１丁目１６番５号,6580011
2140001094001,株式会社こつか,兵庫県,神戸市東灘区,本山中町４丁目９番８号,6580016
2140001094026,株式会社ＲＥサービス,兵庫県,神戸市東灘区,本山中町２丁目１番１４号,6580016
2140001094265,株式会社スタークラフト,兵庫県,神戸市東灘区,向洋町中６丁目９番地,6580032
2140001094364,株式会社ＥＬＰ,兵庫県,神戸市東灘区,本山南町７丁目３−１−５０１,6580015
2140001094414,株式会社笑顔の食卓,兵庫県,神戸市東灘区,御影３丁目２１番５号,6580047
2140001094661,株式会社Ｉｋｅｇａｓｈｉｒａ,兵庫県,神戸市東灘区,岡本２丁目２番２２−５０８号,6580072
2140001094736,甲南協同ループ株式会社,兵庫県,神戸市東灘区,岡本９丁目６番４号,6580072
2140001095107,ハイブロードキャスト株式会社,兵庫県,神戸市東灘区,深江南町２丁目８番７号,6580022
2140001096195,光商事株式会社,兵庫県,神戸市東灘区,岡本３丁目７番１８号,6580072
2140001096369,株式会社ＷＯＯＤ　ＤＯＯＲ,兵庫県,神戸市東灘区,深江浜町７６番地,6580023
2140001096732,株式会社システムワーク,兵庫県,神戸市東灘区,魚崎中町１丁目６番２１号,6580083
2140001096823,株式会社菱通,兵庫県,神戸市東灘区,向洋町東４丁目１６番地,6580031
2140001097193,株式会社ユタカホールディングス,兵庫県,神戸市東灘区,向洋町東４丁目１５番地の１９,6580031
2140001097409,株式会社ファントムライン,兵庫県,神戸市東灘区,深江南町４丁目７番２５号,6580022
2140001097524,株式会社Ｌｉｅｖｒｅ　Ｈｏｍｅ,兵庫県,神戸市東灘区,西岡本１丁目９番１号,6580073
2140001097739,株式会社おもてなしコーディネーター,兵庫県,神戸市東灘区,御影３丁目２番１１号−３１８,6580047
2140001098142,株式会社デクリア,兵庫県,神戸市東灘区,向洋町中５丁目５番地５３２号棟１００８号室,6580032
2140001098209,モリヤマ電機通信工業株式会社,兵庫県,神戸市東灘区,本山中町３丁目６番２２−４０６号,6580016
2140001098357,株式会社パワースポットプロジェクト,兵庫県,神戸市東灘区,住吉東町３丁目９番３３号,6580052
2140001098423,テラフィールズ株式会社,兵庫県,神戸市東灘区,向洋町中６丁目９番地,6580032
2140001098621,株式会社ｉｓｍ,兵庫県,神戸市東灘区,御影３丁目２番１１−１２６号,6580047
2140001098638,株式会社コンフィデンスインターナショナル,兵庫県,神戸市東灘区,住吉本町１丁目１８番２２−２１０号,6580051
2140001099090,株式会社ＦＡＮＣＲＵＩＳＥ,兵庫県,神戸市東灘区,本山北町２丁目５番地２５号,6580003
2140001099207,株式会社ウィステリアス,兵庫県,神戸市東灘区,住吉山手３丁目５番２３号,6580063
2140001099751,株式会社ＭＥＳＳＡＧＥ　ＯＦ　ＬＩＦＥ,兵庫県,神戸市東灘区,渦森台３丁目９番７号,6580066
2140001100205,ウズラ株式会社,兵庫県,神戸市東灘区,森南町２丁目８−２,6580011
2140001100436,株式会社ＶＣＡ,兵庫県,神戸市東灘区,鴨子ケ原３丁目１２番２１号,6580064
2140001101021,株式会社翔海工業,兵庫県,神戸市東灘区,魚崎中町３丁目１番１９号,6580083
2140001101079,株式会社ウエヤマ,兵庫県,神戸市東灘区,本山南町１丁目１−２３ライゼホビー０２,6580015
2140001101153,株式会社本庄,兵庫県,神戸市東灘区,深江南町４丁目６,6580022
2140001101822,睦設備株式会社,兵庫県,神戸市東灘区,御影中町２丁目３番１８−３０２号,6580054
2140001102390,株式会社ネクストスタンダード,兵庫県,神戸市東灘区,御影本町８丁目３番１４号,6580046
2140001102597,株式会社フックラボ,兵庫県,神戸市東灘区,住吉南町１丁目１３番１２号,6580041
2140001102688,株式会社夢の企画,兵庫県,神戸市東灘区,御影本町２丁目７番１３号,6580046
2140001103620,道株式会社,兵庫県,神戸市東灘区,鴨子ケ原２丁目３番１１−３号,6580064
2140001103678,ＭＡＯ株式会社,兵庫県,神戸市東灘区,御影郡家２丁目１９番１３号ブランドール御影２Ｆ,6580048
2140001103793,ラムファー株式会社,兵庫県,神戸市東灘区,岡本３丁目９−２８センターヒル岡本２０３号,6580072
2140001104065,株式会社アコイロム,兵庫県,神戸市東灘区,向洋町中６丁目９番地４Ｆ,6580032
2140001104073,株式会社Ｊａｍ’ｓ　Ｄｅｓｉｇｎ,兵庫県,神戸市東灘区,北青木３丁目７番１３号２階北,6580014
2140001104164,柳澤商事株式会社,兵庫県,神戸市東灘区,向洋町中１丁目１８番地リバーモールイースト２０４,6580032
2140001104486,株式会社Ｃｌａｍｅ,兵庫県,神戸市東灘区,岡本１丁目５番１５号第一伸幸ビル３Ｆ,6580072
2140001105195,Ｓ＆Ｐ株式会社,兵庫県,神戸市東灘区,岡本２丁目８番１４号,6580072
2140001105328,神戸エスエイチ株式会社,兵庫県,神戸市東灘区,本山南町７丁目８番３０−６０５号,6580015
2140001105344,Ｔｏｍｏｒｒｏｗｃｏｒｐｏｒａｔｉｏｎ株式会社,兵庫県,神戸市東灘区,西岡本７丁目１７番１−４０１号,6580073
2140001105583,ＹＳエステイト株式会社,兵庫県,神戸市東灘区,住吉本町３丁目１３番１２号,6580051
2140001105864,株式会社カーフォート,兵庫県,神戸市東灘区,魚崎浜町３−１,6580024
2140001105922,株式会社理数易佑命塾,兵庫県,神戸市東灘区,岡本１丁目３番１７号パッセージ岡本４階,6580072
2140001105988,株式会社ネオリード,兵庫県,神戸市東灘区,魚崎北町２丁目４番１１−３０１号,6580082
2140001106045,株式会社キズカ,兵庫県,神戸市東灘区,御影２丁目８番１１−３０１号,6580047
2140001106111,株式会社グリュックレーベン,兵庫県,神戸市東灘区,住吉本町１丁目１３番１４−１０９号,6580051
2140001106573,株式会社ＩＲＹ,兵庫県,神戸市東灘区,深江北町１丁目１５番１３−８０３号,6580013
2140001106846,Ａｍｅ株式会社,兵庫県,神戸市東灘区,住吉山手９丁目５番１０号,6580063
2140001107183,株式会社ヒロ・スキャンテック,兵庫県,神戸市東灘区,本山南町８丁目６番２６号,6580015
2140001107258,株式会社広栄,兵庫県,神戸市東灘区,御影山手６丁目４番３３号,6580065
2140001107605,株式会社アトリエＫ’ｓＫ,兵庫県,神戸市東灘区,魚崎北町６丁目１２番１１号,6580082
2140001108017,ＡＯＣ管理株式会社,兵庫県,神戸市東灘区,向洋町中１丁目１７,6580032
2140001108512,株式会社神戸松村海洋レジャー,兵庫県,神戸市東灘区,深江南町１丁目２番５０−２０３号,6580022
2140001108594,株式会社ＩＣＨＩＫＩ,兵庫県,神戸市東灘区,向洋町中６丁目９番,6580032
2140001108859,谷田興産株式会社,兵庫県,神戸市東灘区,御影郡家２丁目９番２６号,6580048
2140001108875,株式会社いつもの便利屋,兵庫県,神戸市東灘区,御影石町２丁目１３番２０号御影サンハイム２０３,6580045
2140001108883,株式会社ＪＡＮＣ,兵庫県,神戸市東灘区,向洋町西６丁目２４番,6580033
2140001109015,株式会社神田商店,兵庫県,神戸市東灘区,住吉本町２丁目６番１１号,6580051
2140001109254,アルファベット株式会社,兵庫県,神戸市東灘区,向洋町中６丁目９番地,6580032
2140001109790,タカヤマ貿易株式会社,兵庫県,神戸市東灘区,御影３丁目２番１１−２０８号,6580047
2140001110212,ＡＩＡ株式会社,兵庫県,神戸市東灘区,向洋町中１丁目１７番地,6580032
2140001110360,株式会社看護社会学研究所,兵庫県,神戸市東灘区,西岡本６丁目１１番１−４０１号,6580073
2140001110393,株式会社ＩＬＬＵＭＩＮＡＴＥ,兵庫県,神戸市東灘区,本山中町４丁目１８番１４号イースト神戸本山２０１号,6580016
2140001110518,株式会社丞建,兵庫県,神戸市東灘区,青木６丁目４番１２号２Ｆ,6580027
2140001110567,株式会社ジャポネスク,兵庫県,神戸市東灘区,魚崎西町２丁目２番２−３０９号,6580026
2140001110749,高木管工株式会社,兵庫県,神戸市東灘区,深江南町３丁目１番３５号,6580022
2140001111409,株式会社マルイチ,兵庫県,神戸市東灘区,住吉宮町６丁目１０番１０号,6580053
2140001111565,西日本ロード・メンテナンス株式会社,兵庫県,神戸市東灘区,深江南町３丁目３番８号,6580022
2140001111821,株式会社ＷＯＮＭＯ　ＭＡＲＩＮＥ関西,兵庫県,神戸市東灘区,向洋町中７丁目２番地の１，４番館７０５号,6580032
2140001112274,エコロキア株式会社,兵庫県,神戸市東灘区,青木５丁目１１番８号,6580027
2140001112332,エバーリッチ株式会社,兵庫県,神戸市東灘区,田中町１丁目４番３１−３０５号,6580081
2140001112472,株式会社シダーヒルズ,兵庫県,神戸市東灘区,向洋町中３丁目１番地の１０、３番館９０３号,6580032
2140001112539,株式会社Ａ−ｓｏｌｕｔｉｏｎ,兵庫県,神戸市東灘区,深江南町３丁目８番４号,6580022
2140001112646,株式会社Ｏｆｆｉｃｅ　ＩＳ,兵庫県,神戸市東灘区,魚崎北町６丁目２番１２号,6580082
2140001112877,株式会社ＣＯＭ,兵庫県,神戸市東灘区,西岡本２丁目７番３−５２３号室,6580073
2140001113215,株式会社ＥＡＭ,兵庫県,神戸市東灘区,魚崎北町４丁目１番３号,6580082
2140001113438,株式会社ルナマリン,兵庫県,神戸市東灘区,向洋町中６丁目９番地神戸ファッションマート８Ｃ−０７,6580032
2140001113702,株式会社ＬＡＶＩＥ　ｃａｐｉｔａｌ,兵庫県,神戸市東灘区,西岡本６丁目８番１５−２号,6580073
2140001114163,株式会社Ｒ’Ｓ　ＤＥＳＩＧＮ,兵庫県,神戸市東灘区,御影塚町２丁目２４番地,6580044
2140001114246,株式会社ツカサ,兵庫県,神戸市東灘区,住吉本町１丁目２４番４−２号,6580051
2140001114551,大樹株式会社,兵庫県,神戸市東灘区,本山南町８丁目６番２６号,6580015
2140001114601,株式会社ＶｉＣＯＬＬＡ　Ｔｅｃｈｎｏｌｏｇｉｅｓ,兵庫県,神戸市東灘区,岡本１丁目１２番１３号,6580072
2140001115070,ファシリオ株式会社,兵庫県,神戸市東灘区,魚崎北町２丁目９番１７号べステップ魚崎北,6580082
2140001115120,株式会社Ｎｏ．１３,兵庫県,神戸市東灘区,住吉山手８丁目１４番１号,6580063
2140001115467,株式会社Ｎｏｔｔｅ,兵庫県,神戸市東灘区,岡本５丁目１０番１２号,6580072
2140001115483,エイトプラミング株式会社,兵庫県,神戸市東灘区,御影石町４丁目１０−１２,6580045
2140001115756,ノージュ株式会社,兵庫県,神戸市東灘区,岡本１丁目５番１−１００２号,6580072
2140001115772,株式会社ラ・プラージュ,兵庫県,神戸市東灘区,田中町１丁目１番２７−３０１号,6580081
2140001115970,株式会社永建総興,兵庫県,神戸市東灘区,本山中町４丁目６番５号,6580016
2140001117100,株式会社ＦＬＹ　ＹＯＵ,兵庫県,神戸市東灘区,御影本町２丁目１６番５号御影共同ビル２０２,6580046
2140001117133,株式会社ジャパン・メッドテック＆システムズ,兵庫県,神戸市東灘区,岡本７丁目２０番１号,6580072
2140001117249,株式会社Ｖｉｚａｃ,兵庫県,神戸市東灘区,御影山手６丁目２番１０号,6580065
2140001118230,株式会社ラピュタ,兵庫県,神戸市東灘区,向洋町中３丁目１番地１０の２番館８１１号,6580032
2140001118684,株式会社Ｋｉｎｔａｒｏ−ｃｌｕｂ,兵庫県,神戸市東灘区,北青木４丁目４番９号,6580014
2140001119245,株式会社中澤万助商店,兵庫県,神戸市東灘区,住吉山手４丁目９番２−４号,6580063
2140001119550,株式会社ＧＲＯＷ,兵庫県,神戸市東灘区,魚崎南町７丁目１０番２号,6580025
2140001120153,株式会社エルユーエスソリューションズ,兵庫県,神戸市東灘区,本山南町８丁目６番２６号,6580015
2140001120277,株式会社Ｍ’ｓカンパニー,兵庫県,神戸市東灘区,深江南町４丁目７番２３−８０４号,6580022
2140001120335,株式会社ブライトスマイル,兵庫県,神戸市東灘区,岡本２丁目９番３３−２０９号,6580072
2140001120871,株式会社ダブルフェイス,兵庫県,神戸市東灘区,向洋町中６丁目９番地神戸ファッションマート,6580032
2140001120896,Ｊａｐａｎ　Ｔｏｕｒｉｓｍ＆Ｂｕｓｉｎｅｓｓ株式会社,兵庫県,神戸市東灘区,向洋町中６丁目９番地神戸ファッションマート６Ｆ,6580032
2140001122819,株式会社エイケミストリー,兵庫県,神戸市東灘区,御影山手２丁目１番１７号,6580065
2140001122884,株式会社アプト,兵庫県,神戸市東灘区,魚崎南町３丁目３番３−３０５号,6580025
2140001123321,ＷｒａｐＴａｇ株式会社,兵庫県,神戸市東灘区,向洋町中６丁目９番地神戸ファッションマート８階,6580032
2140001123593,株式会社ＭＩＬＬＥ,兵庫県,神戸市東灘区,住吉宮町３丁目５番１０−１０３号,6580053
2140001123866,株式会社イーグルスターエステート,兵庫県,神戸市東灘区,御影山手１丁目２番１０号−４０８号,6580065
2140001123874,株式会社西岡鈑金工業,兵庫県,神戸市東灘区,住吉宮町６丁目１７番６号,6580053
2140001124154,株式会社ＵｎｉｃｏｒｎＨｏｕｓｉｎｇ,兵庫県,神戸市東灘区,森北町２丁目２番２４号１Ｆ,6580001
2140001124245,シンクス株式会社,兵庫県,神戸市東灘区,向洋町中６丁目３番地の４０,6580032
2140001125474,株式会社Ｃｈｅｒｉｓｈ　Ｌｉｖｉｎｇ,兵庫県,神戸市東灘区,御影郡家１丁目２５番１４−８０１号,6580048
2140001125706,株式会社基裕,兵庫県,神戸市東灘区,西岡本１丁目５番８−１号,6580073
2140001125747,株式会社アズイズライフ,兵庫県,神戸市東灘区,本山中町４丁目１６番１９−２０５号,6580016
2140001126092,株式会社サンテクト,兵庫県,神戸市東灘区,本山南町４丁目３番２１−５０１号,6580015
2140001126183,株式会社クロニクル,兵庫県,神戸市東灘区,住吉本町１丁目１３番２２−５０３号,6580051
2140001126464,株式会社エムワイフーズ,兵庫県,神戸市東灘区,青木６丁目２番１７号,6580027
2140001126571,千崎株式会社,兵庫県,神戸市東灘区,西岡本４丁目１９−１８,6580073
2140001126828,株式会社ＲＳＡコンサルティング,兵庫県,神戸市東灘区,住吉南町１丁目１２番５号,6580041
2140001127033,ＵＰ　ＴＯ　ＭＥ株式会社,兵庫県,神戸市東灘区,森北町７丁目１１−１６,6580001
2140001127173,株式会社松籟マネジメント,兵庫県,神戸市東灘区,御影山手５丁目９番１１号,6580065
2140001127933,株式会社Ｍａｂ,兵庫県,神戸市東灘区,渦森台４丁目１５番１号,6580066
2140001127941,株式会社トーレル,兵庫県,神戸市東灘区,御影山手４丁目２３番２８号,6580065
2140001128122,株式会社あすの木,兵庫県,神戸市東灘区,住吉宮町６丁目４番１５号,6580053
2140001128254,株式会社オールクリーン,兵庫県,神戸市東灘区,岡本９丁目６番１５−１号,6580072
2140001128320,株式会社ＡＣＴＡＲＩＳＥ,兵庫県,神戸市東灘区,北青木３丁目８−８,6580014
2140001128378,株式会社ＮＡＩＧＡＩ,兵庫県,神戸市東灘区,甲南町２丁目７−１２,6580084
2140001128469,株式会社秀栄,兵庫県,神戸市東灘区,御影郡家１丁目４番４号,6580048
2140001128659,テイクワン株式会社,兵庫県,神戸市東灘区,本山北町１丁目５−６ライゼホビー９,6580003
2140001128758,志商事株式会社,兵庫県,神戸市東灘区,魚崎浜町２７番地の２１,6580024
2140001128865,株式会社ＤＥＮ,兵庫県,神戸市東灘区,本山北町４丁目２番１１−２０１号,6580003
2140001129070,株式会社ＫＲＡＭＥＬ,兵庫県,神戸市東灘区,青木２丁目１４番２１−７０２号,6580027
2140001129269,株式会社ブラッシュアップ,兵庫県,神戸市東灘区,本庄町１丁目７番１０−１号,6580012
2140001129293,株式会社グリーンアンドホーム,兵庫県,神戸市東灘区,本山南町６丁目１番２１号,6580015
2140001129748,大進貿易株式会社,兵庫県,神戸市東灘区,岡本６丁目９番７号,6580072
2140001129764,ブレイクスルー株式会社,兵庫県,神戸市東灘区,御影山手３丁目１０番１−６０１号,6580065
2140001129954,株式会社ＭＡＲＯ,兵庫県,神戸市東灘区,御影中町３丁目２番４−３７１０号,6580054
2140001130870,ＴＮＤホールディングス株式会社,兵庫県,神戸市東灘区,御影郡家２丁目９番２６号,6580048
2140001131233,ＳＯＵＬＬＯＧＩＣ株式会社,兵庫県,神戸市東灘区,御影３丁目２番１１−３１７号,6580047
2140001131530,ＰＬＩＮ株式会社,兵庫県,神戸市東灘区,向洋町中５丁目１番５２２号ウエストコート４番街９０６号室,6580032
2140001131679,株式会社ルリアン,兵庫県,神戸市東灘区,鴨子ヶ原２丁目１４番１３−４０２号,6580064
2140001131786,株式会社キョウイン,兵庫県,神戸市東灘区,向洋町中１丁目１８−１０１,6580032
2140001132000,Ｎｅｓｔプロダクション株式会社,兵庫県,神戸市東灘区,魚崎南町５丁目５番１２−６０７号,6580025
2140001132090,株式会社柏木工業,兵庫県,神戸市東灘区,御影３丁目１１番２０−６０２号,6580047
2140001132140,株式会社アイルビー不動産,兵庫県,神戸市東灘区,岡本１丁目１３番１６号−２０２,6580072
2140001132215,株式会社福来朗ｒｅｐａｉｒ,兵庫県,神戸市東灘区,住吉南町１丁目６番１６号グラウンド．Ｓ１０２号,6580041
2140001132727,豊佑株式会社,兵庫県,神戸市東灘区,向洋町中１丁目１７,6580032
2140001133015,株式会社ＶＥＲＹ　ＶＥＲＹ,兵庫県,神戸市東灘区,住吉宮町４丁目４番１号ＫｉＬａＬａ住吉２Ｆ,6580053
2140001133089,株式会社ワンアシスト,兵庫県,神戸市東灘区,向洋町中３丁目１番地の８、１番館４０３号,6580032
2140001133155,株式会社ｈａｏｎ,兵庫県,神戸市東灘区,御影山手５丁目４番３号,6580065
2140001133568,株式会社Ｆｉｒｅ　ｗｏｒｋｓ,兵庫県,神戸市東灘区,岡本１丁目２番３号２階,6580072
2140001133717,コルトファーマ株式会社,兵庫県,神戸市東灘区,御影２丁目１９番７号,6580047
2140001133725,株式会社エチカ,兵庫県,神戸市東灘区,御影山手２丁目２番１２号,6580065
2140001134129,ＵｓｅｒＦｏｃｕｓ株式会社,兵庫県,神戸市東灘区,向洋町中７丁目２−１−５−５０８,6580032
2140001134153,株式会社スラッシュ,兵庫県,神戸市東灘区,森北町６丁目６−８ユニオンハイツ１０３,6580001
2140001134236,ＲＯＡＲ　Ｐａｒｔｎｅｒｓ株式会社,兵庫県,神戸市東灘区,住吉東町２丁目４番３４号１０３,6580052
2140001134252,株式会社Ｋｙｌｅ,兵庫県,神戸市東灘区,深江浜町１番１神戸市中央卸売市場東部市場内,6580023
2140001134616,株式会社ＨＡＬＥ,兵庫県,神戸市東灘区,向洋町中５丁目１番地ＲＩＣウエストコート４番街５２３号棟１１２号室,6580032
2140001135184,株式会社かがやき,兵庫県,神戸市東灘区,鴨子ヶ原３丁目５番１１号,6580064
2140001135226,レッドローズパートナーズ株式会社,兵庫県,神戸市東灘区,向洋町中６丁目９番地７Ｅ−１４,6580032
2140001135259,株式会社スリーアロー,兵庫県,神戸市東灘区,向洋町中２丁目９番地の１神戸ファッションプラザ２階,6580032
2140001135317,蒜山オーガニックファーム株式会社,兵庫県,神戸市東灘区,西岡本１丁目１４番２０−４０１号,6580073
2140001135580,株式会社Ｆｌｏｗ,兵庫県,神戸市東灘区,向洋町中６丁目９番地,6580032
2140001136125,株式会社エクセルシオ,兵庫県,神戸市東灘区,住吉東町５丁目１番３７号エクセルシオ植田２０１号,6580052
2140001136323,電脳工業株式会社,兵庫県,神戸市東灘区,鴨子ヶ原３丁目１４−８,6580064
2140001136380,ベルテイジ株式会社,兵庫県,神戸市東灘区,岡本７丁目１５番１−４０３号,6580072
2140001136406,株式会社キョウウン,兵庫県,神戸市東灘区,住吉宮町４丁目１番１５号−６０１,6580053
2140001136835,アイティワード株式会社,兵庫県,神戸市東灘区,岡本１丁目１４番９号,6580072
2140001136876,株式会社ＥＹＥ　Ｄｅａｒ,兵庫県,神戸市東灘区,御影山手４丁目１４番１６号,6580065
2140001136918,株式会社ＴＥＮＫ,兵庫県,神戸市東灘区,住吉本町１丁目７番８号アバニティ住吉３ＦＡ,6580051
2140001137230,プラムズ株式会社,兵庫県,神戸市東灘区,向洋町中５丁目１１番地５０２号棟７０２号室,6580032
2140001137379,ＦＵＪＩＸ株式会社,兵庫県,神戸市東灘区,向洋町中１丁目１０番地１０１号棟４００６号室,6580032
2140001137750,株式会社ｂａｉｒｉｎ,兵庫県,神戸市東灘区,御影本町７丁目７番１６号４３ビル２０２号,6580046
2140001137940,株式会社ＳＯＵＥＮホールディングス,兵庫県,神戸市東灘区,本山南町８丁目６番２６号,6580015
2140001138328,株式会社ＨＬＨＤ,兵庫県,神戸市東灘区,御影３丁目２番１１−８６号,6580047
2140001138914,株式会社ＡＴＨＵＢ,兵庫県,神戸市東灘区,住吉本町１丁目１１番２８号,6580051
2140001139086,株式会社ＯＦＦＩＣＥ．Ｗ,兵庫県,神戸市東灘区,御影山手６丁目９−３１,6580065
2140001139482,株式会社ＭＡＭＭＬＥ,兵庫県,神戸市東灘区,岡本８丁目１０番３３−３１１号,6580072
2140001139490,ＳＥＡ＆ＭＯＵＮＴＡＩＮ株式会社,兵庫県,神戸市東灘区,御影山手２丁目１９番１５号,6580065
2140001139549,ＮＥＯ　ＦＲＯＮＴＩＥＲ株式会社,兵庫県,神戸市東灘区,向洋町中７丁目２番地の３、２番館６１０号,6580032
2140001140003,株式会社Ｇｌｏｗｓ　Ｕｐ,兵庫県,神戸市東灘区,魚崎北町７丁目８番８号,6580082
2140001140416,株式会社アイヴァクシス,兵庫県,神戸市東灘区,御影山手２丁目２２−２０−１０３,6580065
2140001140762,株式会社三和ソリューション,兵庫県,神戸市東灘区,向洋町東４丁目３番,6580031
2140001141224,株式会社Ｏｓ,兵庫県,神戸市東灘区,本山中町４丁目１６−２３−３０１,6580016
2140001141694,株式会社ワンゼット神戸西,兵庫県,神戸市東灘区,深江浜町１２５,6580023
2140001141802,株式会社ＷＳ,兵庫県,神戸市東灘区,森北町４丁目５番２−２号,6580001
2140001141819,株式会社ＪＩＮ物流設計事務所,兵庫県,神戸市東灘区,本山南町５丁目３番１−１３２３,6580015
2140001141926,株式会社アミンテルサービス,兵庫県,神戸市東灘区,田中町１丁目１番２７−６０１号,6580081
2140001142148,ＴＹマリーゴールド株式会社,兵庫県,神戸市東灘区,甲南町５丁目６番１１−２４０１号,6580084
2140001142263,株式会社しもさん,兵庫県,神戸市東灘区,甲南町２丁目２番１０号アイテラス甲南３０３号,6580084
2140002025467,株式会社夢育て,兵庫県,神戸市東灘区,田中町１丁目１５番７号,6580081
2140002026259,株式会社アーサーズプランニング,兵庫県,神戸市東灘区,住吉本町２丁目９番２７号,6580051
2140002027901,株式会社シロクス,兵庫県,神戸市東灘区,御影石町２丁目１３番２０号御影サンハイム２０３,6580045
2140003013289,株式会社ＳＩＤＥＬＡＢ,兵庫県,神戸市東灘区,西岡本１丁目５番１６号フルニール岡本５０１号,6580073
2160001015327,ゼットサービス株式会社,兵庫県,神戸市東灘区,深江浜町１２２番地,6580023
2220001002649,光月商事株式会社,兵庫県,神戸市東灘区,岡本５丁目１２番３０号岡本山手フラッツ２０１号,6580072
2240002014261,株式会社ファボール,兵庫県,神戸市東灘区,向洋町中５丁目１５番地６２１号,6580032
2370001021527,株式会社ＴＡＫＥ,兵庫県,神戸市東灘区,向洋町中５丁目１５番地,6580032
2470001015758,ＪＣＳコーポレーション株式会社,兵庫県,神戸市東灘区,向洋町中９丁目１番地１２−８１６号,6580032
2500001013139,株式会社マイネ,兵庫県,神戸市東灘区,岡本６丁目２番１５号,6580072
3010001119793,株式会社クラシック・サイバー・コーポレーション,兵庫県,神戸市東灘区,住吉本町１丁目７番９−２号,6580051
3010401099074,グリーンアース株式会社,兵庫県,神戸市東灘区,岡本７丁目１３番８号,6580072
3010401117538,サンライズ株式会社,兵庫県,神戸市東灘区,本山南町７丁目４番１８号スズキハウス１０１号,6580015
3010401126217,株式会社東亜神紅,兵庫県,神戸市東灘区,田中町３丁目１９−１６−１０３号,6580081
3010401132685,株式会社アスビコスメ,兵庫県,神戸市東灘区,深江浜町７７番地,6580023
3010401151339,株式会社放送通信機器,兵庫県,神戸市東灘区,向洋町東３丁目１２番地,6580031
3010701040893,株式会社日本金属資源,兵庫県,神戸市東灘区,北青木３丁目１３番１０−１０３号,6580014
3011001096511,クイーンカップス株式会社,兵庫県,神戸市東灘区,住吉台２−１２−１４０８,6580062
3020001048307,株式会社エーメゾン,兵庫県,神戸市東灘区,深江南町３丁目８番４号,6580022
3021001084424,株式会社ＴＡＲ　Ａｓｓｅｔ　Ｍａｎａｇｅｍｅｎｔ,兵庫県,神戸市東灘区,魚崎南町８丁目１２番８号,6580025
3120001052810,エフ・シー・アール・アンドバイオ株式会社,兵庫県,神戸市東灘区,向洋町中６丁目９番地,6580032
3120001056381,株式会社創和コーポレーション,兵庫県,神戸市東灘区,住吉本町２丁目８番７号,6580051
3120001124667,株式会社ビジネス・リスク・マネジメント研究所,兵庫県,神戸市東灘区,岡本１丁目２番２７号,6580072
3120001164952,株式会社ＪＳ,兵庫県,神戸市東灘区,住吉山手２丁目１１番２６号,6580063
3120001177806,米田商事株式会社,兵庫県,神戸市東灘区,住吉宮町３丁目１５−８,6580053
3120001184620,モデスティ株式会社,兵庫県,神戸市東灘区,向洋町中５丁目６−２−１１１４,6580032
3120001185271,Ｒａｂｂｉｔ　Ａｉｒ　Ｊａｐａｎ株式会社,兵庫県,神戸市東灘区,向洋町中１丁目１４番地イーストコート２番館２０２号室,6580032
3120001188423,株式会社悠企画,兵庫県,神戸市東灘区,住吉本町３丁目４番４７号Ａ−１３０２号,6580051
3120001189611,株式会社プライムコンサーン,兵庫県,神戸市東灘区,本庄町３丁目７番２２号,6580012
3120001200105,株式会社セルベイト,兵庫県,神戸市東灘区,本庄町１丁目５番１−１０２号,6580012
3120001230135,株式会社ＦＡＯプラスデザイン,兵庫県,神戸市東灘区,深江南町１丁目９−２５−１０３,6580022
3120001246189,ｏｎｅｃｏｎｃｅｐｔ株式会社,兵庫県,神戸市東灘区,御影郡家１丁目４−３,6580048
3120001247022,大阪東誠貿易株式会社,兵庫県,神戸市東灘区,魚崎中町３丁目５−７−２０２室,6580083
3120001269289,Ｉ　ｊｅｎ株式会社,兵庫県,神戸市東灘区,西岡本７丁目６−５,6580073
3120101054970,株式会社テイク神戸,兵庫県,神戸市東灘区,魚崎浜町４２番３,6580024
3120901027853,株式会社ＳＴＮ,兵庫県,神戸市東灘区,深江浜町１６４番地,6580023
3122001027825,株式会社ＴｈｒｅｅＳ,兵庫県,神戸市東灘区,向洋町東４丁目１番２階,6580031
3130001046530,オアシス株式会社,兵庫県,神戸市東灘区,御影２丁目１５番１４号,6580047
3140001000164,株式会社インターライフ,兵庫県,神戸市東灘区,西岡本２丁目７番４−８２１号,6580073
3140001000924,株式会社アオキ,兵庫県,神戸市東灘区,魚崎南町７丁目６番２号,6580025
3140001000932,株式会社アイテイエス,兵庫県,神戸市東灘区,魚崎北町５丁目３番１７号,6580082
3140001000949,株式会社あかしやフード,兵庫県,神戸市東灘区,岡本５丁目９番１５号,6580072
3140001000973,株式会社旭建築社,兵庫県,神戸市東灘区,住吉山手５丁目８番１９号,6580063
3140001001006,あみもと青果株式会社,兵庫県,神戸市東灘区,深江浜町１番地の１,6580023
3140001001014,株式会社アルファエステイト,兵庫県,神戸市東灘区,鴨子ケ原３丁目２８番３号,6580064
3140001001022,株式会社イイダ,兵庫県,神戸市東灘区,深江北町４丁目１１番３５号,6580013
3140001001030,株式会社磯辺建設,兵庫県,神戸市東灘区,青木５丁目６番１４号,6580027
3140001001047,株式会社インテグレード,兵庫県,神戸市東灘区,住吉本町１丁目１３番２２−３０１号,6580051
3140001001055,株式会社一文字食品,兵庫県,神戸市東灘区,北青木４丁目２４番１６号,6580014
3140001001071,株式会社岩崎工務店,兵庫県,神戸市東灘区,御影本町４丁目１番２１号,6580046
3140001001088,植田林業株式会社,兵庫県,神戸市東灘区,魚崎浜町１７番地,6580024
3140001001105,英光株式会社,兵庫県,神戸市東灘区,御影石町２丁目１３番２０号,6580045
3140001001113,株式会社エイティーティー,兵庫県,神戸市東灘区,御影町御影字城ノ前１４３０番地５０４号,6580056
3140001001138,株式会社エヌ・ケー・ワイ・コーポレーシヨン,兵庫県,神戸市東灘区,住吉本町３丁目１４番１０号,6580051
3140001001146,戎水産株式会社,兵庫県,神戸市東灘区,深江浜町１番１号,6580023
3140001001162,株式会社オーアイシー,兵庫県,神戸市東灘区,御影２丁目２番５号,6580047
3140001001170,青木タクシー株式会社,兵庫県,神戸市東灘区,深江浜町９９番地の１,6580023
3140001001187,王子冷熱工業株式会社,兵庫県,神戸市東灘区,住吉台９番４−５０１号,6580062
3140001001195,株式会社太田商事,兵庫県,神戸市東灘区,御影山手３丁目１５番２４号,6580065
3140001001220,岡本梅林住宅株式会社,兵庫県,神戸市東灘区,岡本６丁目１３番６号,6580072
3140001001229,株式会社ブレーン,兵庫県,神戸市東灘区,田中町１丁目４番３１−３０４号,6580081
3140001001245,株式会社垣谷商店,兵庫県,神戸市東灘区,深江浜町１１９番地,6580023
3140001001261,関西有線設備工業株式会社,兵庫県,神戸市東灘区,魚崎北町４丁目１０番１２号,6580082
3140001001294,亀井船舶食品株式会社,兵庫県,神戸市東灘区,向洋町西２丁目無番地,6580033
3140001001303,株式会社河田商会,兵庫県,神戸市東灘区,向洋町東２丁目４番地,6580031
3140001001311,菊栄商事株式会社,兵庫県,神戸市東灘区,御影本町１丁目７番１５号,6580046
3140001001328,金星産業株式会社,兵庫県,神戸市東灘区,御影塚町２丁目１３番５号,6580044
3140001001344,キモリ産業株式会社,兵庫県,神戸市東灘区,青木５丁目１８番２４号,6580027
3140001001369,株式会社ギャラリーかわた,兵庫県,神戸市東灘区,住吉本町３丁目３−１４ファミーユ住吉３０２号,6580051
3140001001377,クラウン企業株式会社,兵庫県,神戸市東灘区,岡本５丁目１１番３９号,6580072
3140001001427,株式会社すばるコーポレーション,兵庫県,神戸市東灘区,西岡本７丁目１３番６号,6580073
3140001001435,甲南コンクリートポンプ工業株式会社,兵庫県,神戸市東灘区,甲南町３丁目９番３号,6580084
3140001001443,甲南産業株式会社,兵庫県,神戸市東灘区,本庄町３丁目８番１号,6580012
3140001001476,コーベベビー株式会社,兵庫県,神戸市東灘区,住吉宮町２丁目１９番２１号,6580053
3140001001492,株式会社向洋トレーディング,兵庫県,神戸市東灘区,向洋町中１丁目４番地１２３号棟１１０１室,6580032
3140001001518,株式会社コハツ,兵庫県,神戸市東灘区,深江南町２丁目１２番８号,6580022
3140001001526,小松建設株式会社,兵庫県,神戸市東灘区,岡本５丁目２番２４号,6580072
3140001001559,三興建設株式会社,兵庫県,神戸市東灘区,西岡本４丁目１５番１号,6580073
3140001001567,三惠物産株式会社,兵庫県,神戸市東灘区,鴨子ケ原１丁目８番１０号,6580064
3140001001583,株式会社三共,兵庫県,神戸市東灘区,甲南町４丁目１１番１０号,6580084
3140001001609,株式会社三徳,兵庫県,神戸市東灘区,深江北町４丁目１４番３４号,6580013
3140001001617,株式会社佐野文具,兵庫県,神戸市東灘区,森南町１丁目５番１−１１８号,6580011
3140001001641,三和機器株式会社,兵庫県,神戸市東灘区,住吉南町５丁目２番１１号,6580041
3140001001658,神医協興産株式会社,兵庫県,神戸市東灘区,深江浜町１０６番地,6580023
3140001001666,株式会社シー・ビー・エフ,兵庫県,神戸市東灘区,御影山手５丁目４番１８号,6580065
3140001001682,神港タイヤ株式会社,兵庫県,神戸市東灘区,向洋町東３丁目８号地の８,6580031
3140001001732,株式会社翔,兵庫県,神戸市東灘区,御影山手１丁目９番２号,6580065
3140001001740,神勇建設株式会社,兵庫県,神戸市東灘区,深江南町３丁目１番１３号,6580022
3140001001773,株式会社神和興業,兵庫県,神戸市東灘区,御影本町１丁目１３番地,6580046
3140001001807,株式会社青峰,兵庫県,神戸市東灘区,岡本１丁目４番１８号,6580072
3140001001815,清和住宅株式会社,兵庫県,神戸市東灘区,岡本８丁目７番２３号,6580072
3140001001848,ソーワエンジニアリング株式会社,兵庫県,神戸市東灘区,魚崎南町２丁目８番２８号,6580025
3140001001864,第一交通株式会社,兵庫県,神戸市東灘区,深江浜町１３５番地,6580023
3140001001872,大興化成株式会社,兵庫県,神戸市東灘区,住吉南町１丁目１２番３号,6580041
3140001001889,大神機設工業株式会社,兵庫県,神戸市東灘区,御影山手２丁目１番２２号,6580065
3140001001897,大東化学株式会社,兵庫県,神戸市東灘区,本山南町４丁目２番１３号,6580015
3140001001906,株式会社太陽興産,兵庫県,神戸市東灘区,住吉台３１番１号,6580062
3140001001930,株式会社高垣,兵庫県,神戸市東灘区,住吉宮町６丁目６番８号,6580053
3140001001947,株式会社高橋人造真珠工業所,兵庫県,神戸市東灘区,青木５丁目３番１８号,6580027
3140001001971,株式会社谷口商店,兵庫県,神戸市東灘区,住吉南町５丁目５番１１号,6580041
3140001001988,株式会社ちから,兵庫県,神戸市東灘区,深江北町４丁目７番９号,6580013
3140001001996,中外建設株式会社,兵庫県,神戸市東灘区,御影石町４丁目１４番２０号,6580045
3140001002004,常吉株式会社,兵庫県,神戸市東灘区,魚崎南町６丁目２番１３−１０１,6580025
3140001002037,株式会社デッサン,兵庫県,神戸市東灘区,岡本２丁目５番６号ラ・コロンナ・オカモト１階,6580072
3140001002078,土居木材工業株式会社,兵庫県,神戸市東灘区,魚崎浜町２３番地の１０,6580024
3140001002086,東洋重機株式会社,兵庫県,神戸市東灘区,深江浜町９０１番,6580023
3140001002128,株式会社トリコ,兵庫県,神戸市東灘区,向洋町中６丁目９番地,6580032
3140001002136,ナイスサービス株式会社,兵庫県,神戸市東灘区,深江浜町１３５番地,6580023
3140001002152,株式会社中原電業社,兵庫県,神戸市東灘区,本庄町２丁目８番２９号,6580012
3140001002177,ニシデン株式会社,兵庫県,神戸市東灘区,田中町４丁目１番１０号,6580081
3140001002193,株式会社ニツコー住研,兵庫県,神戸市東灘区,住吉宮町５丁目３番７号,6580053
3140001002202,株式会社ニッセイ機工,兵庫県,神戸市東灘区,御影塚町３丁目６番１０号,6580044
3140001002210,株式会社ニットー,兵庫県,神戸市東灘区,甲南町３丁目１番４号,6580084
3140001002219,株式会社沼測量,兵庫県,神戸市東灘区,御影塚町２丁目８番３号,6580044
3140001002235,株式会社ハートプランニング,兵庫県,神戸市東灘区,向洋町中５丁目１５番地マーケットシーンリバーモール１Ｆ,6580032
3140001002243,白栄物流システム株式会社,兵庫県,神戸市東灘区,住吉南町４丁目４番３３号,6580041
3140001002268,ハンシングローバル株式会社,兵庫県,神戸市東灘区,北青木３丁目１２番２１−１０１号,6580014
3140001002301,浜井食品株式会社,兵庫県,神戸市東灘区,森南町１丁目１４番５号,6580011
3140001002391,福辰合金株式会社,兵庫県,神戸市東灘区,本庄町３丁目２番１号,6580012
3140001002409,富士物流株式会社,兵庫県,神戸市東灘区,深江浜町６番地,6580023
3140001002425,株式会社プランズ,兵庫県,神戸市東灘区,北青木４丁目２５番１９号,6580014
3140001002458,豊栄興産株式会社,兵庫県,神戸市東灘区,青木６丁目７番１６号,6580027
3140001002466,株式会社ポートダイビング,兵庫県,神戸市東灘区,住吉宮町４丁目４番１−２６０１号,6580053
3140001002474,北西産業株式会社,兵庫県,神戸市東灘区,魚崎北町２丁目１０番１２号,6580082
3140001002482,ポトフ株式会社,兵庫県,神戸市東灘区,向洋町中６丁目９番地,6580032
3140001002499,株式会社増井コンシェルジェ,兵庫県,神戸市東灘区,田中町３丁目３番１１号,6580081
3140001002508,萬泰工業株式会社,兵庫県,神戸市東灘区,魚崎南町３丁目２番３号,6580025
3140001002540,株式会社マルイ,兵庫県,神戸市東灘区,魚崎浜町２７番地の１,6580024
3140001002549,マルカン酢株式会社,兵庫県,神戸市東灘区,向洋町西５丁目６番,6580033
3140001002557,株式会社マルシン商会,兵庫県,神戸市東灘区,本山北町６丁目１７番３号,6580003
3140001002623,ムラキ自動車株式会社,兵庫県,神戸市東灘区,魚崎南町３丁目２番４号,6580025
3140001002631,株式会社メイクアップ,兵庫県,神戸市東灘区,魚崎南町６丁目２番１０号,6580025
3140001002648,株式会社モーターサイクルショップイシハラ,兵庫県,神戸市東灘区,深江北町３丁目４番１８号,6580013
3140001002656,株式会社もとやま,兵庫県,神戸市東灘区,岡本１丁目３番３１号,6580072
3140001002664,森川建設株式会社,兵庫県,神戸市東灘区,御影塚町２丁目１７番１号,6580044
3140001002672,安田精肉株式会社,兵庫県,神戸市東灘区,青木６丁目６番１３号,6580027
3140001002706,株式会社山文商店,兵庫県,神戸市東灘区,深江浜町１番１,6580023
3140001002714,株式会社山本商店,兵庫県,神戸市東灘区,御影本町７丁目３番５号,6580046
3140001002722,ユーハイム商事株式会社,兵庫県,神戸市東灘区,住吉宮町６丁目１５番３５号,6580053
3140001002739,吉岡土地建物株式会社,兵庫県,神戸市東灘区,本山中町１丁目４番３号,6580016
3140001002747,義本酒造株式会社,兵庫県,神戸市東灘区,御影本町３丁目１２番５号,6580046
3140001002755,株式会社ワイコ,兵庫県,神戸市東灘区,森北町７丁目２３番１２号,6580001
3140001002788,株式会社リドール,兵庫県,神戸市東灘区,深江北町２丁目８番１号,6580013
3140001002805,株式会社レデイ美容室,兵庫県,神戸市東灘区,深江北町３丁目４番２３号,6580013
3140001002821,ベンリッコ・アンド・カンパニー株式会社,兵庫県,神戸市東灘区,御影石町１丁目３番６号,6580045
3140001002870,株式会社ＷＡＮＯＶＡ,兵庫県,神戸市東灘区,向洋町中６丁目９番地,6580032
3140001002887,神戸丸宗青果株式会社,兵庫県,神戸市東灘区,深江浜町１番１号,6580023
3140001002929,兵庫伸幸技研株式会社,兵庫県,神戸市東灘区,御影塚町３丁目６番１７号,6580044
3140001003159,オリエンタルタクシー株式会社,兵庫県,神戸市東灘区,御影石町３丁目１２番２０号,6580045
3140001003191,株式会社片山,兵庫県,神戸市東灘区,住吉東町２丁目４番１８号５０７,6580052
3140001003308,株式会社建築技能アカデミー,兵庫県,神戸市東灘区,住吉南町１丁目１番１８号,6580041
3140001003332,株式会社小井手建築店,兵庫県,神戸市東灘区,御影中町２丁目１番８号,6580054
3140001004041,株式会社ポルタ,兵庫県,神戸市東灘区,田中町１丁目１５−９,6580081
3140001004116,三森産業株式会社,兵庫県,神戸市東灘区,住吉南町１丁目１２番１２号,6580041
3140001005527,株式会社ウイング,兵庫県,神戸市東灘区,魚崎中町３丁目９番５号,6580083
3140001006450,エスピーシステム株式会社,兵庫県,神戸市東灘区,本山中町４丁目２番３号サンコー神戸本山ビル,6580016
3140001006582,株式会社オークシヨツプ富屋,兵庫県,神戸市東灘区,魚崎南町５丁目１２番９号,6580025
3140001006921,株式会社克宗印刷所,兵庫県,神戸市東灘区,深江北町１丁目２番１０号,6580013
3140001007432,株式会社ケンビ,兵庫県,神戸市東灘区,鴨子ケ原２丁目６番１５号,6580064
3140001007795,株式会社マエダ,兵庫県,神戸市東灘区,魚崎北町３丁目１１番１２号,6580082
3140001007853,サクセス神戸株式会社,兵庫県,神戸市東灘区,田中町４丁目６番７−３１０号,6580081
3140001008934,株式会社太喜,兵庫県,神戸市東灘区,住吉宮町７丁目２番９−５０２号,6580053
3140001008942,ダイコウ印刷株式会社,兵庫県,神戸市東灘区,本山中町４丁目５番１８号,6580016
3140001009024,株式会社日電工業,兵庫県,神戸市東灘区,魚崎南町５丁目５番１２号,6580025
3140001009734,株式会社トランスワード,兵庫県,神戸市東灘区,向洋町中６丁目９番地,6580032
3140001009791,中野実業株式会社,兵庫県,神戸市東灘区,住吉本町１丁目９番３０号,6580051
3140001009817,株式会社中村平事務所,兵庫県,神戸市東灘区,鴨子ケ原２丁目４番５２号,6580064
3140001009949,日機トランスポートサービス株式会社,兵庫県,神戸市東灘区,向洋町東４丁目１５番,6580031
3140001010642,株式会社モンクール,兵庫県,神戸市東灘区,御影郡家２丁目１５番１４号,6580048
3140001011104,株式会社三木美研舎,兵庫県,神戸市東灘区,御影石町１丁目１番４３号,6580045
3140001011194,ミヤコ真珠株式会社,兵庫県,神戸市東灘区,鴨子ケ原２丁目３−１１,6580064
3140001013447,株式会社コウベアーバンパル,兵庫県,神戸市東灘区,御影郡家２丁目１１番１０号,6580048
3140001013892,イジッツ株式会社,兵庫県,神戸市東灘区,御影２丁目３４番３号,6580047
3140001015732,井上正興産株式会社,兵庫県,神戸市東灘区,住吉本町３丁目１番１７−４０５号,6580051
3140001019023,株式会社石原商店,兵庫県,神戸市東灘区,住吉山手８丁目１２番１８号,6580063
3140001019048,森本水産株式会社,兵庫県,神戸市東灘区,深江浜町１番１,6580023
3140001019510,ティーケイエンジニアリング株式会社,兵庫県,神戸市東灘区,御影本町６丁目２番６号,6580046
3140001019601,株式会社ジェイ・エヌ・イー・ジャパン,兵庫県,神戸市東灘区,向洋町中６丁目９番１０Ｓ−１０,6580032
3140001019634,株式会社ナッツマネジメント,兵庫県,神戸市東灘区,御影山手１丁目７−２０,6580065
3140001019790,株式会社ティーアンドケイコーポレーション,兵庫県,神戸市東灘区,本山北町２丁目３番２２号岡本イーストハイツ２０１,6580003
3140001019873,株式会社ホロニック,兵庫県,神戸市東灘区,向洋町中６丁目９番地,6580032
3140001020030,株式会社天童,兵庫県,神戸市東灘区,深江浜町１００番地,6580023
3140001020055,ケミトラン株式会社,兵庫県,神戸市東灘区,向洋町西２丁目７番,6580033
3140001020096,株式会社プラネット,兵庫県,神戸市東灘区,北青木３丁目２２番２号,6580014
3140001020113,株式会社ウィディ,兵庫県,神戸市東灘区,向洋町中６丁目９番地,6580032
3140001020311,株式会社デビュー,兵庫県,神戸市東灘区,向洋町中６丁目９番地,6580032
3140001020377,株式会社ジェノア,兵庫県,神戸市東灘区,向洋町中６丁目９番地,6580032
3140001020476,株式会社ジョイカルチャー,兵庫県,神戸市東灘区,鴨子ケ原２丁目４番５２号,6580064
3140001020534,株式会社アジャンス,兵庫県,神戸市東灘区,向洋町中５丁目１番地,6580032
3140001020591,エーワン株式会社,兵庫県,神戸市東灘区,田中町１丁目１４番９−８０１号,6580081
3140001020831,株式会社オールドオフィス,兵庫県,神戸市東灘区,住吉宮町３丁目１５番１５号,6580053
3140001020889,株式会社聖アンナ研究所,兵庫県,神戸市東灘区,御影町郡家字上山田９４番地の１１,6580057
3140001020922,コーゲン株式会社,兵庫県,神戸市東灘区,魚崎中町２丁目６番３１号,6580083
3140001020947,株式会社エス・ビー・シー,兵庫県,神戸市東灘区,岡本３丁目１０番１−６０５号,6580072
3140001021383,株式会社ベル,兵庫県,神戸市東灘区,住吉浜町１５番１,6580042
3140001021409,株式会社アズ,兵庫県,神戸市東灘区,甲南町４丁目８番４号,6580084
3140001021615,アットインフィニティ株式会社,兵庫県,神戸市東灘区,御影町西平野字一ノ坪１１番地の１、１３３号室,6580058
3140001021846,株式会社サンワ運行委託,兵庫県,神戸市東灘区,魚崎北町５丁目８番１１号,6580082
3140001022010,グッドスケート株式会社,兵庫県,神戸市東灘区,向洋町中８丁目１番地,6580032
3140001022027,株式会社ミノブ,兵庫県,神戸市東灘区,御影本町８丁目１３−２２,6580046
3140001022051,ロコニクス株式会社,兵庫県,神戸市東灘区,住吉本町３丁目１１番６−５０２号,6580051
3140001022191,株式会社クリスタルグループリミテッド,兵庫県,神戸市東灘区,向洋町中１丁目６番地の８,6580032
3140001022365,株式会社レコンマ・ジャパン,兵庫県,神戸市東灘区,御影町西平野字一ノ坪１１番地１−１０１号,6580058
3140001022514,株式会社健生会,兵庫県,神戸市東灘区,住吉山手８丁目７−１０８,6580063
3140001022654,株式会社ジークロス,兵庫県,神戸市東灘区,向洋町中１丁目１４番地７１７号,6580032
3140001022935,富永興産株式会社,兵庫県,神戸市東灘区,本庄町１丁目９番１７−５０１号,6580012
3140001023066,六甲インポート株式会社,兵庫県,神戸市東灘区,本庄町２丁目１３番６号,6580012
3140001023173,株式会社ＶＡＬＬＥＹＨＩＬＬ,兵庫県,神戸市東灘区,向洋町中６丁目９番地,6580032
3140001023330,株式会社敬愛商会,兵庫県,神戸市東灘区,魚崎中町４丁目６番４号１Ｆ,6580083
3140001023504,株式会社Ｃｈａｐｔｅｒ１１,兵庫県,神戸市東灘区,向洋町中６丁目９神戸ファッションマート,6580032
3140001023586,株式会社フィール,兵庫県,神戸市東灘区,向洋町中９丁目５番地,6580032
3140001023768,ＲＣ株式会社,兵庫県,神戸市東灘区,住吉浜町６番地,6580042
3140001023891,エムケービルド株式会社,兵庫県,神戸市東灘区,向洋町中５丁目１番地５２２号棟１０３号室,6580032
3140001024064,株式会社ＴＣＬＡ,兵庫県,神戸市東灘区,向洋町中６丁目９番地,6580032
3140001024205,御影共榮株式会社,兵庫県,神戸市東灘区,御影本町３丁目９番１１号,6580046
3140001024411,株式会社日本エルフ,兵庫県,神戸市東灘区,向洋町中６丁目９番地神戸ファッションマート,6580032
3140001024469,太陽刷子株式会社,兵庫県,神戸市東灘区,住吉浜町１９−１８,6580042
3140001024543,神戸紙交易株式会社,兵庫県,神戸市東灘区,深江浜町５２番地,6580023
3140001024601,株式会社柴ボーリング,兵庫県,神戸市東灘区,御影石町４丁目１２番１２号,6580045
3140001024642,株式会社クリスヘアー三田,兵庫県,神戸市東灘区,岡本６丁目１６番６号,6580072
3140001024758,株式会社ベーシック,兵庫県,神戸市東灘区,御影本町４丁目８番１０号,6580046
3140001025236,株式会社北浦企画,兵庫県,神戸市東灘区,深江本町３丁目７番２６号,6580021
3140001025252,株式会社ＴＩＭＥ２４,兵庫県,神戸市東灘区,御影町御影字城ノ前１４２２番地の２,6580056
3140001025277,株式会社エクスポネンシャル,兵庫県,神戸市東灘区,御影郡家１丁目１３番１４−４０７号,6580048
3140001025285,株式会社フレイム・ワーク,兵庫県,神戸市東灘区,御影本町８丁目１３番２２−５０６号,6580046
3140001025483,株式会社スマート粒子創造工房,兵庫県,神戸市東灘区,向洋町中２丁目１番地２１４号棟１２２号室,6580032
3140001026234,株式会社リアルサポート,兵庫県,神戸市東灘区,森北町７丁目９番６号,6580001
3140001026242,株式会社エコ・ハーティー,兵庫県,神戸市東灘区,森北町６丁目２番６７号,6580001
3140001026366,株式会社エム・エフ・テイ,兵庫県,神戸市東灘区,岡本１丁目９番２９号,6580072
3140001026523,株式会社ｅｇａｏカンパニー,兵庫県,神戸市東灘区,御影３丁目２−１１−１１９,6580047
3140001026597,株式会社中野新聞販売,兵庫県,神戸市東灘区,本庄町３丁目１０番２号,6580012
3140001026663,株式会社ミユキ,兵庫県,神戸市東灘区,岡本８丁目３番２３号,6580072
3140001026721,株式会社小林コーポレーション,兵庫県,神戸市東灘区,本山北町２丁目１２番３号,6580003
3140001026911,株式会社うずがもり,兵庫県,神戸市東灘区,向洋町中７丁目１の５の１０５号六甲アイランド動物病院内,6580032
3140001027001,株式会社悠工房・ドリームキング,兵庫県,神戸市東灘区,御影町西平野字一ノ坪１１−１−４０７号,6580058
3140001027190,株式会社真誠,兵庫県,神戸市東灘区,深江北町３丁目６番１１号,6580013
3140001027364,株式会社フェイバリット,兵庫県,神戸市東灘区,住吉宮町７丁目３−２７,6580053
3140001027372,株式会社ＨＡＮＡ,兵庫県,神戸市東灘区,向洋町中１丁目１７番地アジアワンセンター２１Ｆ,6580032
3140001027389,株式会社毛利謳歌,兵庫県,神戸市東灘区,御影本町４丁目７−１１,6580046
3140001027463,株式会社ハーフムーン,兵庫県,神戸市東灘区,向洋町中５丁目１１番地５０１号棟３１０２号室,6580032
3140001027711,株式会社エイト・ビー,兵庫県,神戸市東灘区,向洋町中６丁目９番地,6580032
3140001028008,神戸化学マネージメント株式会社,兵庫県,神戸市東灘区,魚崎西町３丁目６番４−１０２号,6580026
3140001028098,株式会社ＢＥＮ−Ｋ,兵庫県,神戸市東灘区,岡本１丁目９番２９号,6580072
3140001028164,株式会社今野商店,兵庫県,神戸市東灘区,御影中町１丁目８番１８号,6580054
3140001028206,三久商事株式会社,兵庫県,神戸市東灘区,住吉東町２丁目１番２号,6580052
3140001028305,株式会社亜図夢,兵庫県,神戸市東灘区,田中町５丁目４番８−１０２号,6580081
3140001028338,株式会社神戸コレクション,兵庫県,神戸市東灘区,御影町御影字城ノ前１４３１番地の２１ヴィラァジュ御影城ノ前２０１号,6580056
3140001028569,株式会社ＳＭＣＣ,兵庫県,神戸市東灘区,向洋町中６丁目９番地神戸ファッションマート６Ｅ−０８,6580032
3140001028684,アーバンライフ住宅販売株式会社,兵庫県,神戸市東灘区,本山南町８丁目６番２６号,6580015
3140001028800,株式会社ブルミンゴ,兵庫県,神戸市東灘区,田中町３丁目１８番１６号,6580081
3140001028949,株式会社スフォルツァ,兵庫県,神戸市東灘区,魚崎南町３丁目３番３−２０７号,6580025
3140001028998,株式会社富久実商事,兵庫県,神戸市東灘区,森北町４丁目１３番２０号,6580001
3140001029006,フェニックスコーポレーション株式会社,兵庫県,神戸市東灘区,深江浜町１４６番１号,6580023
3140001029121,株式会社神戸ゴールドバンク,兵庫県,神戸市東灘区,向洋町中６丁目９番地１Ｒ−０７,6580032
3140001029146,高橋塗装株式会社,兵庫県,神戸市東灘区,甲南町３丁目７番１９号,6580084
3140001029286,フォレストジャパン株式会社,兵庫県,神戸市東灘区,深江本町４丁目３番２号,6580021
3140001029294,流通デザイン株式会社,兵庫県,神戸市東灘区,岡本３丁目１１番２２号,6580072
3140001029328,株式会社ＭＩＮＡＭＯ,兵庫県,神戸市東灘区,住吉宮町３丁目１３‐２４,6580053
3140001029410,株式会社池田商店,兵庫県,神戸市東灘区,森南町１丁目５−１−０２６号,6580011
3140001029534,株式会社ＣＤＯ,兵庫県,神戸市東灘区,魚崎南町３丁目９番２１号２Ｆ,6580025
3140001029567,株式会社ユーサン,兵庫県,神戸市東灘区,本山南町８丁目５番６,6580015
3140001029633,株式会社ＬＩＢＥ,兵庫県,神戸市東灘区,向洋町中１丁目４番地１２９号棟６０５号室,6580032
3140001030079,大一情報サービス株式会社,兵庫県,神戸市東灘区,北青木４丁目４番１７号,6580014
3140001030211,株式会社Ｋ・トラスト,兵庫県,神戸市東灘区,本山北町３丁目４番１８号,6580003
3140001030269,株式会社コミュニティサポート,兵庫県,神戸市東灘区,向洋町中６丁目９番地,6580032
3140001030335,株式会社ＴＵＰ,兵庫県,神戸市東灘区,住吉山手１丁目１０番２３−６１１号,6580063
3140001030491,株式会社眞システムズ,兵庫県,神戸市東灘区,魚崎西町４丁目８番１号,6580026
3140001030500,株式会社Ａｃｅ　ｍｏｔｏｒ’ｓ,兵庫県,神戸市東灘区,魚崎南町４丁目２番１号,6580025
3140001030541,株式会社メイオウリアルエステート,兵庫県,神戸市東灘区,岡本１丁目５番１−６０２号,6580072
3140001030558,株式会社リアル・ステージ,兵庫県,神戸市東灘区,甲南町３丁目７−１９−１０１,6580084
3140001030590,株式会社七海電気,兵庫県,神戸市東灘区,魚崎南町７丁目１２番１０号シンプルライフ魚崎３Ｄ号,6580025
3140001030723,株式会社ボイス・ラブ・ネットワーク,兵庫県,神戸市東灘区,向洋町中３丁目１番地,6580032
3140001030731,株式会社リリーフ,兵庫県,神戸市東灘区,青木１丁目２番３４号,6580027
3140001030806,ＭＳＳクオーレ株式会社,兵庫県,神戸市東灘区,森南町１丁目２番１３号,6580011
3140001030814,株式会社小室福祉経営研究所,兵庫県,神戸市東灘区,岡本６丁目４番２８号,6580072
3140001030896,エムシステック株式会社,兵庫県,神戸市東灘区,御影本町４丁目７番１１号,6580046
3140001030938,株式会社トップライフ,兵庫県,神戸市東灘区,住吉宮町４丁目４番１−１１４号,6580053
3140001030954,株式会社はりまＨｏｌｄｉｎｇｓ,兵庫県,神戸市東灘区,深江浜町１番地１、Ｂ−３０３号,6580023
3140001030962,株式会社トータルヘルスコンサルティング,兵庫県,神戸市東灘区,田中町１丁目１４番２３−１０１号,6580081
3140001030979,株式会社ビジネスアシストアソシエーション,兵庫県,神戸市東灘区,西岡本５丁目３番２号,6580073
3140001031044,株式会社オートショップＴＡＫＥ,兵庫県,神戸市東灘区,御影本町５丁目２番６号,6580046
3140001031399,バイオシナジー株式会社,兵庫県,神戸市東灘区,御影３丁目１５−２２北御影ビラ３０１号,6580047
3140001031424,株式会社Ｒ．Ｅ．Ａ　Ｃｏｎｓｕｌｔｉｎｇ,兵庫県,神戸市東灘区,御影中町３丁目１番１４−４０１号,6580054
3140001031481,株式会社神戸ビルメンテナンス,兵庫県,神戸市東灘区,魚崎北町６丁目１４番２１号,6580082
3140001031498,クロノスフィールド株式会社,兵庫県,神戸市東灘区,向洋町東２丁目７番９,6580031
3140001031531,株式会社秀光金属通商,兵庫県,神戸市東灘区,深江本町３丁目９番１−１０８号,6580021
3140001031556,株式会社モンメ,兵庫県,神戸市東灘区,鴨子ケ原３丁目２５番１８号,6580064
3140001031812,株式会社ユーアイ,兵庫県,神戸市東灘区,向洋町中５丁目１番地、５２２−１２１４号,6580032
3140001031829,株式会社みらいたベるひょうご,兵庫県,神戸市東灘区,御影中町８丁目３番２１号，１Ｆ,6580054
3140001032018,株式会社大和,兵庫県,神戸市東灘区,田中町２丁目１２−１４山田ビル,6580081
3140001032133,青木設備工業株式会社,兵庫県,神戸市東灘区,御影石町２丁目１４−２２,6580045
3140001032216,株式会社ＹＭメディカル,兵庫県,神戸市東灘区,住吉宮町３丁目１４番２１号,6580053
3140001032224,株式会社商業リサーチ,兵庫県,神戸市東灘区,本山北町５丁目１６番５６号,6580003
3140001032364,株式会社ＷＯＲＬＤ家材,兵庫県,神戸市東灘区,森北町７丁目２５番７号,6580001
3140001032835,株式会社ウエルネス本山,兵庫県,神戸市東灘区,田中町１丁目１１−１９本山マンション２０１号,6580081
3140001032942,リードバディ株式会社,兵庫県,神戸市東灘区,深江南町４丁目１０番２５号,6580022
3140001032959,楽訳株式会社,兵庫県,神戸市東灘区,向洋町中１丁目４番地１２７号棟８０６号室,6580032
3140001033180,株式会社コンフォート,兵庫県,神戸市東灘区,御影郡家２丁目１番３２号,6580048
3140001033222,ＷＩＮ・ＴＥＣ株式会社,兵庫県,神戸市東灘区,本山北町４丁目１４番３０号,6580003
3140001033461,株式会社ビズ・アシスト,兵庫県,神戸市東灘区,御影３丁目２−１１,6580047
3140001033511,株式会社ケアステーション,兵庫県,神戸市東灘区,住吉南町５丁目１０−１８,6580041
3140001033585,株式会社Ｇｉｖｅ　Ｅｎｅｒｇｙ,兵庫県,神戸市東灘区,向洋町中６丁目９番地神戸ファッションマート,6580032
3140001033627,未来設計工房株式会社,兵庫県,神戸市東灘区,御影山手６丁目１０番２３号,6580065
3140001033643,株式会社Ｎｏｄｅ,兵庫県,神戸市東灘区,御影中町１丁目９番３号カネヨシビル２階,6580054
3140001033692,株式会社ＬＣＢオフィス,兵庫県,神戸市東灘区,本山北町６丁目１１番３０号,6580003
3140001033718,エバーゼスト株式会社,兵庫県,神戸市東灘区,向洋町中３丁目１番地の１０，１番館９１０号,6580032
3140001033775,ＴＨＥ　ＨＥＲＢＳ株式会社,兵庫県,神戸市東灘区,住吉宮町３丁目１１番１１号,6580053
3140001033858,株式会社ホクトメディカル,兵庫県,神戸市東灘区,御影郡家１丁目３５番５号,6580048
3140001034146,株式会社ＭＡＲＣＨ,兵庫県,神戸市東灘区,魚崎西町３丁目４番２９−２０３号,6580026
3140001038155,株式会社レヴェントン,兵庫県,神戸市東灘区,御影塚町１丁目９番２７号,6580044
3140001042181,株式会社グリコム,兵庫県,神戸市東灘区,住吉台２５番１１号,6580062
3140001042207,株式会社Ｔ．Ｐ−ｎｅｔ．ｗｏｒｋｓ,兵庫県,神戸市東灘区,住吉東町５丁目１番１６号,6580052
3140001042231,株式会社ＤＩＥＧＯ,兵庫県,神戸市東灘区,住吉宮町１丁目４番１６号,6580053
3140001042280,グランドアプローズ株式会社,兵庫県,神戸市東灘区,住吉宮町３丁目１１番１１号,6580053
3140001042306,株式会社エイトナークフィットネス,兵庫県,神戸市東灘区,御影３丁目２番１１−３７号,6580047
3140001042322,株式会社アイリード,兵庫県,神戸市東灘区,向洋町中５丁目６番地の１,6580032
3140001042371,株式会社流,兵庫県,神戸市東灘区,住吉宮町３丁目７−１１,6580053
3140001042388,株式会社ヒロナコーポレーション,兵庫県,神戸市東灘区,住吉南町２丁目９番１８号,6580041
3140001047189,株式会社ＫＯＩＺＵＭＩ　ＰＨＯＴＯ,兵庫県,神戸市東灘区,御影塚町２丁目７番１３号メゾンドグレース５０２号,6580044
3140001057023,株式会社フレア,兵庫県,神戸市東灘区,御影山手６丁目８番４６号,6580065
3140001057056,株式会社川島商会,兵庫県,神戸市東灘区,向洋町西２丁目２番地の１,6580033
3140001057262,株式会社ルーツ,兵庫県,神戸市東灘区,森北町７丁目１０番２１号,6580001
3140001057279,翔華物産株式会社,兵庫県,神戸市東灘区,西岡本５丁目３番２１号,6580073
3140001057287,株式会社Ｒｏｏｔ‐Ｋｏｂｅ,兵庫県,神戸市東灘区,御影山手３丁目１３番７−１０３号,6580065
3140001067352,株式会社リゾボ,兵庫県,神戸市東灘区,御影石町２丁目１１番１６号,6580045
3140001067591,宮崎運輸株式会社,兵庫県,神戸市東灘区,向洋町東３丁目８番地,6580031
3140001067749,アットホームインターネット株式会社,兵庫県,神戸市東灘区,住吉台５番２号,6580062
3140001086336,日本スパ＆ウェルネス株式会社,兵庫県,神戸市東灘区,御影本町８丁目１２番１０−２号,6580046
3140001086526,株式会社ムネヒロ不動産,兵庫県,神戸市東灘区,甲南町３丁目９番８号,6580084
3140001086674,株式会社古川教育企画,兵庫県,神戸市東灘区,岡本４丁目９番３０−３０７号,6580072
3140001086773,株式会社宅みつ,兵庫県,神戸市東灘区,御影本町３丁目９−６,6580046
3140001087053,株式会社Ｆｉｒｓｔ　Ｄｅｓｃｅｎｔ,兵庫県,神戸市東灘区,向洋町中１丁目１８リバーモールイースト７０２,6580032
3140001087342,株式会社スタジオアコースティック,兵庫県,神戸市東灘区,向洋町中５丁目１１番地５０１号棟１８０４号室,6580032
3140001087359,羽田興業株式会社,兵庫県,神戸市東灘区,魚崎浜町１６番地の７,6580024
3140001087805,株式会社ゆうちゃん,兵庫県,神戸市東灘区,西岡本６丁目７番１０号,6580073
3140001087879,西日本食糧株式会社,兵庫県,神戸市東灘区,魚崎中町２丁目３番９号,6580083
3140001088150,神戸水岩運送株式会社,兵庫県,神戸市東灘区,向洋町西６丁目１２番地,6580033
3140001088571,株式会社大木地所,兵庫県,神戸市東灘区,御影山手２丁目１１番３２−２０７号,6580065
3140001088670,ファースト株式会社,兵庫県,神戸市東灘区,住吉浜町１８番１８,6580042
3140001089132,株式会社Ｃ＆Ｙ　Ｃｏｍｐａｎｙｓ,兵庫県,神戸市東灘区,御影山手４丁目９番１４号,6580065
3140001089396,株式会社ファーストフェイス,兵庫県,神戸市東灘区,向洋町中６丁目９番地神戸ファッションマート,6580032
3140001089553,株式会社ｂｕｚｚｓｔ,兵庫県,神戸市東灘区,本山中町３丁目２番１５号メゾン本山中町店舗３,6580016
3140001089578,株式会社スノルノ,兵庫県,神戸市東灘区,西岡本１丁目１０番１１号,6580073
3140001089850,神戸マルケイ株式会社,兵庫県,神戸市東灘区,魚崎南町８丁目７番２３号,6580025
3140001090230,株式会社マリブレ,兵庫県,神戸市東灘区,本山中町３丁目４番２９号,6580016
3140001090420,株式会社トラストエイド,兵庫県,神戸市東灘区,御影中町３丁目１番７号三原ビル２階２号室,6580054
3140001090461,株式会社上原ソフトウェア工学研究所,兵庫県,神戸市東灘区,深江本町２丁目５番１２号,6580021
3140001090908,株式会社ホクトコーポレーション,兵庫県,神戸市東灘区,向洋町中６丁目９番地神戸ファッションマート,6580032
3140001091377,株式会社ヘンプヴィレッジ,兵庫県,神戸市東灘区,御影３丁目２番１１−３０,6580047
3140001092565,三優企画株式会社,兵庫県,神戸市東灘区,西岡本２丁目７番１−１１２号,6580073
3140001092771,株式会社マテリア,兵庫県,神戸市東灘区,本山町岡本字梅林１１５７番地,6580071
3140001093241,株式会社ワンスリー,兵庫県,神戸市東灘区,御影３丁目２番１１−１３１号,6580047
3140001093753,株式会社タバタラークプラン,兵庫県,神戸市東灘区,御影山手１丁目８番１２−４０３号,6580065
3140001093869,株式会社秋月建設,兵庫県,神戸市東灘区,岡本３丁目６−１８−１０１号,6580072
3140001093976,株式会社街づくり音楽事務所,兵庫県,神戸市東灘区,御影石町１丁目５−３,6580045
3140001094280,株式会社Ｒｉｃｈｅ,兵庫県,神戸市東灘区,岡本２丁目５番１２号フルール岡本１階,6580072
3140001094512,ＥＭＳ商事株式会社,兵庫県,神戸市東灘区,御影郡家２丁目１５番４号,6580048
3140001094561,神福株式会社,兵庫県,神戸市東灘区,本山南町１丁目１番１８−７号,6580015
3140001094594,サイドウェイ株式会社,兵庫県,神戸市東灘区,本山北町１丁目３−１４,6580003
3140001094652,株式会社ＴＩＤＥ．ｓｔｕｄｉｏ,兵庫県,神戸市東灘区,御影石町２丁目１４番２１号,6580045
3140001094941,株式会社ＴＡＯＫＡ,兵庫県,神戸市東灘区,住吉南町４丁目６番３号,6580041
3140001095106,株式会社ＤｉＮＥＸＴ,兵庫県,神戸市東灘区,向洋町中６丁目９番地神戸ファッションマート,6580032
3140001095320,株式会社Ｒｅａｒｉｓｅ,兵庫県,神戸市東灘区,住吉本町３丁目１１番１３号１０６,6580051
3140001095378,株式会社神戸ストッカーズ,兵庫県,神戸市東灘区,魚崎南町４丁目２番１号,6580025
3140001095477,ラインハイト株式会社,兵庫県,神戸市東灘区,御影山手４丁目５番３号,6580065
3140001095485,株式会社光建,兵庫県,神戸市東灘区,青木５丁目４番１７号３０２号,6580027
3140001095642,株式会社Ａｔｉｒｏｍ　Ａｅｒｏｓｐａｃｅ　Ｌａｂ,兵庫県,神戸市東灘区,向洋町中５丁目６番地の１−１０９号,6580032
3140001095691,株式会社今野商店,兵庫県,神戸市東灘区,御影中町３丁目１番１４号,6580054
3140001096079,株式会社岡本Ｈ＆Ｃ,兵庫県,神戸市東灘区,岡本６丁目１３番５−４０１号,6580072
3140001096178,株式会社Ｔ．Ｄ．Ｃデンタルラボ,兵庫県,神戸市東灘区,森南町１丁目９番３号,6580011
3140001096748,日本剣豪水素エネルギー株式会社,兵庫県,神戸市東灘区,向洋町中１丁目１７番地,6580032
3140001096789,株式会社アイル,兵庫県,神戸市東灘区,森南町１丁目１１番４−２０５号,6580011
3140001096863,株式会社エターナルジェイ,兵庫県,神戸市東灘区,向洋町中６丁目９番地神戸ファッションマート４Ｅ−１４,6580032
3140001096921,ベルツリー株式会社,兵庫県,神戸市東灘区,森南町１丁目１８番１１号,6580011
3140001097218,株式会社Ｈ＆Ｓファイナンス,兵庫県,神戸市東灘区,本山中町１丁目１２番２０号,6580016
3140001097523,株式会社ＢＭＴ,兵庫県,神戸市東灘区,御影中町１丁目１０番８号,6580054
3140001097614,株式会社ＯＵＮＣＥ,兵庫県,神戸市東灘区,本山北町３丁目１１番７号,6580003
3140001097738,株式会社リノアート,兵庫県,神戸市東灘区,御影本町５丁目３番１４号,6580046
3140001097911,株式会社エストウィズ,兵庫県,神戸市東灘区,森南町１丁目５番１号,6580011
3140001097977,豊榮興産株式会社,兵庫県,神戸市東灘区,岡本２丁目９番７号,6580072
3140001098001,株式会社ＴＡＳＨ,兵庫県,神戸市東灘区,御影１丁目２２−９−１Ｆ,6580047
3140001098694,株式会社マツモト,兵庫県,神戸市東灘区,本山中町２丁目７番１９号,6580016
3140001098819,甲南交易株式会社,兵庫県,神戸市東灘区,森北町７丁目２７番３号,6580001
3140001098851,株式会社衿馬,兵庫県,神戸市東灘区,本山南町９丁目８番４５−１３３０号,6580015
3140001099131,株式会社サンプラント,兵庫県,神戸市東灘区,深江本町１丁目１４番３−３０１号,6580021
3140001099247,株式会社ワッツアップ,兵庫県,神戸市東灘区,御影石町３丁目１２番２１号,6580045
3140001099296,株式会社暁,兵庫県,神戸市東灘区,住吉宮町４丁目２番５号,6580053
3140001099544,アヴニール株式会社,兵庫県,神戸市東灘区,深江南町２丁目１０番１０−３０１号,6580022
3140001100360,飯田総合株式会社,兵庫県,神戸市東灘区,岡本８丁目８番３号,6580072
3140001100559,株式会社大山貿易,兵庫県,神戸市東灘区,深江北町１丁目１０番１号,6580013
3140001100889,株式会社ベジビーンズ,兵庫県,神戸市東灘区,御影塚町４丁目９番２１号,6580044
3140001101466,株式会社ガーデンライフ,兵庫県,神戸市東灘区,岡本１丁目２番１７号,6580072
3140001101508,中谷独立事務所株式会社,兵庫県,神戸市東灘区,住吉山手９丁目９番１０号,6580063
3140001101945,株式会社ＦｌｅｕｒＵｎｅｆｆｅ,兵庫県,神戸市東灘区,住吉宮町２丁目１４番４号,6580053
3140001102167,株式会社ウインテック,兵庫県,神戸市東灘区,深江浜町７７番地,6580023
3140001102448,株式会社ラ・モード,兵庫県,神戸市東灘区,御影山手５丁目１８番２２号,6580065
3140001102497,株式会社灘たん熊北店,兵庫県,神戸市東灘区,深江浜町７０番地,6580023
3140001102836,株式会社Ｗｈｏ’ｓ　ｎｅｘｔ,兵庫県,神戸市東灘区,住吉宮町３丁目１６番１０号グランディア住吉館３階,6580053
3140001102968,パナチア株式会社,兵庫県,神戸市東灘区,住吉山手７丁目８−６−１０１,6580063
3140001103009,株式会社西日本重量機工,兵庫県,神戸市東灘区,深江浜町１５−３,6580023
3140001103289,株式会社ＴＲＡＮＳＭＩＳＳＩＯＮ,兵庫県,神戸市東灘区,田中町３丁目４−５,6580081
3140001104246,株式会社清水,兵庫県,神戸市東灘区,住吉本町１丁目４番１１号,6580051
3140001104345,畑マネージメント株式会社,兵庫県,神戸市東灘区,御影中町１丁目９番４号,6580054
3140001104832,株式会社エヌトータル,兵庫県,神戸市東灘区,森北町６丁目６番７−３０３号,6580001
3140001104873,株式会社トライアングル,兵庫県,神戸市東灘区,御影３丁目２番１１−１００号,6580047
3140001105021,株式会社フォワード,兵庫県,神戸市東灘区,御影本町５丁目２番１７号,6580046
3140001105211,株式会社ＢＥＡＲＤ　ＷＯＲＫＳ,兵庫県,神戸市東灘区,御影山手５丁目１９番１−４０３号,6580065
3140001105260,株式会社ｆｕｋｕｒａ,兵庫県,神戸市東灘区,岡本１丁目４番１７号オギタビル４１０号,6580072
3140001106399,大関化学テクニカルサービス株式会社,兵庫県,神戸市東灘区,住吉南町１丁目１番１５号,6580041
3140001106738,株式会社ミリオントランスポート,兵庫県,神戸市東灘区,住吉本町３丁目１３番１６号,6580051
3140001107125,株式会社ＢＬＵＴＡＳ．ｊａｐａｎ,兵庫県,神戸市東灘区,向洋町中６丁目９番地神戸ファッションマート,6580032
3140001107455,株式会社ライトアップ,兵庫県,神戸市東灘区,御影本町７丁目３番４号,6580046
3140001107463,株式会社マンション維持管理コンサルティング,兵庫県,神戸市東灘区,御影塚町２丁目２０番４−５号,6580044
3140001107496,株式会社アーチ,兵庫県,神戸市東灘区,御影１丁目７番１７号,6580047
3140001107538,株式会社プラスディー,兵庫県,神戸市東灘区,深江南町３丁目８番１５号,6580022
3140001107678,株式会社ますぶち,兵庫県,神戸市東灘区,森北町４丁目４番８号,6580001
3140001107703,株式会社ＧＵＪＩＰ,兵庫県,神戸市東灘区,深江南町１丁目１番５８−２４１号,6580022
3140001107711,株式会社力丸製作所,兵庫県,神戸市東灘区,岡本１丁目３番４号ロイヤル美松２０２号,6580072
3140001107810,株式会社日本フィールドワン,兵庫県,神戸市東灘区,住吉本町２丁目２５番２８号,6580051
3140001108445,株式会社ＯＮＥ,兵庫県,神戸市東灘区,向洋町中６丁目９,6580032
3140001108560,アズリック株式会社,兵庫県,神戸市東灘区,青木２丁目１４番２１号,6580027
3140001108593,株式会社モンテロッサ,兵庫県,神戸市東灘区,本山中町１丁目１−１０サントミハウスＩＩ１Ｆ,6580016
3140001108701,株式会社福西機械,兵庫県,神戸市東灘区,住吉南町４丁目３番１５号,6580041
3140001108783,ゆにばす株式会社,兵庫県,神戸市東灘区,岡本１丁目１３番１８号サンフェニックス７０２号,6580072
3140001108908,株式会社ＫＯＮ,兵庫県,神戸市東灘区,深江北町３丁目４番１２号,6580013
3140001109154,ラクシュミーインターナショナル株式会社,兵庫県,神戸市東灘区,本山中町４丁目３番２号,6580016
3140001109410,鼎株式会社,兵庫県,神戸市東灘区,田中町１丁目１３番２２−８０２号,6580081
3140001109609,株式会社ブリッジマネジメント,兵庫県,神戸市東灘区,御影中町３丁目２番４号,6580054
3140001109633,株式会社ＲＧＩ−Ｌｉｍｉｔｅｄ,兵庫県,神戸市東灘区,魚崎北町１丁目５番１５号,6580082
3140001110244,株式会社藤田,兵庫県,神戸市東灘区,本山中町４丁目１番２３−２０１号,6580016
3140001110814,ｙＵ’ｓ　Ｌｉｆｅ株式会社,兵庫県,神戸市東灘区,西岡本４丁目３番５−２号,6580073
3140001110839,株式会社スタンダードベアラ,兵庫県,神戸市東灘区,住吉台３４番１１号,6580062
3140001110896,斗乃モーター株式会社,兵庫県,神戸市東灘区,魚崎中町１丁目７番１１号,6580083
3140001110979,つぐの株式会社,兵庫県,神戸市東灘区,岡本１丁目１０番５号,6580072
3140001111127,株式会社ＲＡＢＢＯＮＩ,兵庫県,神戸市東灘区,西岡本５丁目１３番２５号,6580073
3140001111457,株式会社ＳＹＳ,兵庫県,神戸市東灘区,渦森台３丁目１４−３,6580066
3140001111738,ＩＭＡ株式会社,兵庫県,神戸市東灘区,鴨子ケ原２丁目４番５４号,6580064
3140001112001,株式会社ａ　Ｎｅｗ　Ｍｏｏｎ,兵庫県,神戸市東灘区,深江南町１丁目１１番１２−１０１号,6580022
3140001112216,株式会社心和通商,兵庫県,神戸市東灘区,深江浜町１番１,6580023
3140001112323,ザ・パディ株式会社,兵庫県,神戸市東灘区,鴨子ケ原１丁目１２番３０号,6580064
3140001112513,株式会社大阪環境保全,兵庫県,神戸市東灘区,住吉東町３丁目７番１１号,6580052
3140001112736,株式会社円屋,兵庫県,神戸市東灘区,森北町１丁目４−３３メイプルハイツＩＩＢ２０１号室,6580001
3140001112744,ＫＫトラスト株式会社,兵庫県,神戸市東灘区,御影石町１丁目７番１５−１号,6580045
3140001112926,株式会社フォレスト,兵庫県,神戸市東灘区,向洋町中９丁目１−１２−３０８,6580032
3140001112967,松井工業株式会社,兵庫県,神戸市東灘区,向洋町東４丁目３番地の９・１−３号,6580031
3140001114542,ＩＷＫイノベーション株式会社,兵庫県,神戸市東灘区,向洋町中６丁目９番地５Ｎ−１１,6580032
3140001114732,株式会社ブライトスペース,兵庫県,神戸市東灘区,住吉山手２丁目１２番１６−２０４号,6580063
3140001114749,クリックマーク株式会社,兵庫県,神戸市東灘区,鴨子ケ原３丁目１０番１４号,6580064
3140001114864,アーキ・マーキー株式会社,兵庫県,神戸市東灘区,御影３丁目２−１１−９,6580047
3140001115334,ＯＳＩ　ＰＯＷＥＲ株式会社,兵庫県,神戸市東灘区,住吉南町５丁目６番２１号迫田マンション１０３号,6580041
3140001115383,ウェルポットハウス株式会社,兵庫県,神戸市東灘区,北青木４丁目１０番１５号,6580014
3140001115549,株式会社大仁,兵庫県,神戸市東灘区,森南町２丁目１２番１号,6580011
3140001115581,株式会社エスソレイユ,兵庫県,神戸市東灘区,西岡本５丁目８番５号,6580073
3140001115953,株式会社ＫｕＲｏｃｋ,兵庫県,神戸市東灘区,住吉東町４丁目５−７,6580052
3140001116191,株式会社Ｊｕｎｏｄ,兵庫県,神戸市東灘区,向洋町中５丁目１５番地１０１３号,6580032
3140001116621,株式会社新井興産,兵庫県,神戸市東灘区,深江浜町７６番地２０５号,6580023
3140001117727,株式会社ｎｏｉｘ,兵庫県,神戸市東灘区,北青木３丁目４番１８号,6580014
3140001117875,ベイエリア新聞販売株式会社,兵庫県,神戸市東灘区,向洋町中５丁目１３番地,6580032
3140001117999,株式会社ナカモト・セカンド,兵庫県,神戸市東灘区,向洋町中１丁目１０番地１０１号棟３９０４号室,6580032
3140001118064,Ｋｏｂｅ　Ｏｎｅ　Ｇｒｏｕｐ株式会社,兵庫県,神戸市東灘区,向洋町中１丁目１７−２９Ｆ,6580032
3140001118122,株式会社ｌｏｃａｔｅ,兵庫県,神戸市東灘区,渦森台４丁目４番１０号,6580066
3140001118519,ポンデュガール株式会社,兵庫県,神戸市東灘区,鴨子ケ原２丁目４番２３−１号,6580064
3140001118650,株式会社ＳＨＪ,兵庫県,神戸市東灘区,御影中町３丁目１番６号ヨシダビル２Ｆ,6580054
3140001118659,株式会社晃知,兵庫県,神戸市東灘区,本山北町６丁目１３番３５−３０２号,6580003
3140001118667,甲南株式会社,兵庫県,神戸市東灘区,鴨子ケ原３丁目２６番２７号,6580064
3140001118849,株式会社大洋貿易,兵庫県,神戸市東灘区,御影３丁目２番１１−３１号,6580047
3140001119764,株式会社Ａ−ｒｏｕｔｅ　ｈｏｍｅ,兵庫県,神戸市東灘区,御影本町４丁目８番１０号御影オフィス４階,6580046
3140001119855,株式会社ＡＳＨＡ２４,兵庫県,神戸市東灘区,深江北町４丁目４−８エムビル２０１,6580013
3140001119871,株式会社ケイワークス,兵庫県,神戸市東灘区,深江浜町２５番地,6580023
3140001120136,株式会社モンキーポッド,兵庫県,神戸市東灘区,青木５丁目１１番２−５０６号,6580027
3140001120292,株式会社Ｇ−ＮＥＸＴ,兵庫県,神戸市東灘区,御影郡家２丁目１６番１０号,6580048
3140001120516,株式会社トリブート,兵庫県,神戸市東灘区,深江本町３丁目８−１２−７０４,6580021
3140001120697,うはら開発株式会社,兵庫県,神戸市東灘区,住吉本町１丁目１５番２９号,6580051
3140001120747,株式会社ＡＬＩＶＥホールディングス,兵庫県,神戸市東灘区,魚崎南町１丁目６番３号,6580025
3140001120929,田邊ビルヂング株式会社,兵庫県,神戸市東灘区,本山中町４丁目１８番３号,6580016
3140001121019,株式会社ソラックス,兵庫県,神戸市東灘区,御影塚町１丁目９番３６号,6580044
3140001121274,株式会社甲南技研,兵庫県,神戸市東灘区,住吉宮町５丁目９−２８住吉公園アーバンライフ２０１,6580053
3140001121357,株式会社エークリエーション,兵庫県,神戸市東灘区,深江南町３丁目８番４号,6580022
3140001121456,株式会社ＴＡＫＡ・Ｓｅｃ,兵庫県,神戸市東灘区,住吉宮町３丁目５−１０−５１０,6580053
3140001121514,日本第一化学産業株式会社,兵庫県,神戸市東灘区,住吉宮町３丁目１３番７号,6580053
3140001121836,株式会社左川設備,兵庫県,神戸市東灘区,渦森台３丁目１６番６号,6580066
3140001121951,ＢＥＮＤＲＥＹＡ株式会社,兵庫県,神戸市東灘区,住吉南町２丁目１２番２−６０８号,6580041
3140001122017,株式会社ＩＤＥＡＬ,兵庫県,神戸市東灘区,深江南町４丁目１０番２５号,6580022
3140001122108,株式会社ＳＡＳ警備保障,兵庫県,神戸市東灘区,御影本町３丁目３番１２号,6580046
3140001122124,株式会社クリムゾン,兵庫県,神戸市東灘区,住吉東町２丁目３−２０−１００７,6580052
3140001122314,株式会社フジウェーブ・ホールディングス,兵庫県,神戸市東灘区,住吉山手７丁目２番４−４１２号,6580063
3140001122669,株式会社ミント,兵庫県,神戸市東灘区,甲南町１丁目２番６−４０２,6580084
3140001122826,ｓａｉｔａｋｕ１００株式会社,兵庫県,神戸市東灘区,住吉宮町４丁目１−１９新住吉ビル３階,6580053
3140001123361,株式会社ＭＭＭ,兵庫県,神戸市東灘区,御影本町２丁目１６−３,6580046
3140001123460,株式会社ｏｎｅ　ｂｙ　ｏｎｅ,兵庫県,神戸市東灘区,住吉台２番４０−４０４号,6580062
3140001123527,神戸プロダクテクノ株式会社,兵庫県,神戸市東灘区,渦森台４丁目２番２号,6580066
3140001123584,株式会社ａｌｔｏ　Ｇｉｏｒｎｏ,兵庫県,神戸市東灘区,北青木３丁目１３番７号,6580014
3140001123865,株式会社ＳＩコンサルティング,兵庫県,神戸市東灘区,田中町４丁目２−５坂根ビル２階,6580081
3140001123948,株式会社咲良,兵庫県,神戸市東灘区,住吉本町１丁目１７番１５号,6580051
3140001124129,株式会社ｔｅｅｏ,兵庫県,神戸市東灘区,御影郡家２丁目８番３７号,6580048
3140001124244,ルナック株式会社,兵庫県,神戸市東灘区,向洋町中６丁目３番地の４０,6580032
3140001124624,サンドボックス株式会社,兵庫県,神戸市東灘区,向洋町中１丁目１０番地１０１号棟２８１２号室,6580032
3140001124921,株式会社リンクス,兵庫県,神戸市東灘区,本山中町４丁目８番３−３０３号（メゾンＦ）,6580016
3140001125011,株式会社ユニカ,兵庫県,神戸市東灘区,本庄町２丁目１３番２４号,6580012
3140001125085,株式会社ナナイモ,兵庫県,神戸市東灘区,御影本町２丁目１５番２２号,6580046
3140001126422,株式会社ＳＴＯＲＹ,兵庫県,神戸市東灘区,深江北町１丁目１１番６−５０１号,6580013
3140001126835,ＡＸＩＡ　ＰＬＵＳ株式会社,兵庫県,神戸市東灘区,魚崎北町４丁目１３番１６号,6580082
3140001126983,株式会社ＧＦカンパニー,兵庫県,神戸市東灘区,西岡本７丁目１３番１３号,6580073
3140001127172,株式会社松籟コーポレーション,兵庫県,神戸市東灘区,御影山手５丁目９番１１号,6580065
3140001127214,株式会社ライドワークス,兵庫県,神戸市東灘区,本山中町２丁目１番３２号,6580016
3140001127429,Ａｌｌａｍａｎｄａ株式会社,兵庫県,神戸市東灘区,向洋町中６丁目９番,6580032
3140001127783,株式会社ＧＩＦＴ,兵庫県,神戸市東灘区,御影２丁目４番１０号,6580047
3140001127817,ＪＭＣ株式会社,兵庫県,神戸市東灘区,住吉山手２丁目１番３号,6580063
3140001127973,西堂株式会社,兵庫県,神戸市東灘区,住吉山手５丁目５番１−１０３号,6580063
3140001128047,株式会社東西舎,兵庫県,神戸市東灘区,住吉東町３丁目９番５号,6580052
3140001128518,株式会社ハルコーポレーション,兵庫県,神戸市東灘区,御影塚町２丁目２番１４号,6580044
3140001128856,株式会社ＡＩＲＥ,兵庫県,神戸市東灘区,深江南町１丁目１番２６−１号,6580022
3140001128880,株式会社フォレスト,兵庫県,神戸市東灘区,甲南町４丁目５−３−４０２,6580084
3140001129152,Ｉ＆Ｌメディカル株式会社,兵庫県,神戸市東灘区,森南町１丁目７番２号ペガサスビル２０１,6580011
3140001129565,株式会社ＣＨＡＩＺ,兵庫県,神戸市東灘区,岡本４丁目９番１８号,6580072
3140001129961,株式会社さん,兵庫県,神戸市東灘区,本庄町２丁目１１番１６号,6580012
3140001130102,株式会社オーキッドダイニング,兵庫県,神戸市東灘区,深江北町３丁目３−１７,6580013
3140001130374,ルフレス株式会社,兵庫県,神戸市東灘区,住吉宮町４丁目４−１,6580053
3140001130671,株式会社鍋島土地,兵庫県,神戸市東灘区,住吉山手２丁目１２番５８号,6580063
3140001130754,軒グローバル株式会社,兵庫県,神戸市東灘区,住吉山手７丁目９番６号,6580063
3140001130787,ＪｕｓｔＣｕｂｅ株式会社,兵庫県,神戸市東灘区,御影２丁目２１−９,6580047
3140001131190,ＭＩＹＡＵＣＨＩ　ＩＮＴＥＲＮＡＴＩＯＮＡＬ　ＴＲＡＤＩＮＧ株式会社,兵庫県,神戸市東灘区,向洋町中６丁目９番神戸ファッションマート,6580032
3140001131257,株式会社ＳＴグロース,兵庫県,神戸市東灘区,深江南町２丁目１２番３１−１号,6580022
3140001131471,株式会社ｉｋｉ,兵庫県,神戸市東灘区,甲南町３丁目７番２７号１階,6580084
3140001131521,凱世株式会社,兵庫県,神戸市東灘区,本庄町２丁目１３番２４号,6580012
3140001131835,株式会社ラストフォート,兵庫県,神戸市東灘区,青木２丁目１０番１３−１０３号,6580027
3140001131876,アクアメット・インキュベーター株式会社,兵庫県,神戸市東灘区,本庄町２丁目９番５号,6580012
3140001131892,株式会社Ｐｉｘｅｌ,兵庫県,神戸市東灘区,御影中町１丁目３−１３,6580054
3140001132214,株式会社カーサ生野,兵庫県,神戸市東灘区,田中町５丁目２番１４号,6580081
3140001132222,ＲＹＵＥＮＫＡＮ　ＰＬＡＮＴＳ株式会社,兵庫県,神戸市東灘区,渦森台４丁目２５番７号,6580066
3140001132866,ＦＡＹ株式会社,兵庫県,神戸市東灘区,御影２丁目２番８ー２０１号,6580047
3140001133146,ＴＩＣＫ株式会社,兵庫県,神戸市東灘区,田中町１丁目１番２７−４０１号,6580081
3140001133435,株式会社Ｙｕｉ,兵庫県,神戸市東灘区,森北町７丁目１０番２１号,6580001
3140001133550,株式会社ルルコネクト,兵庫県,神戸市東灘区,住吉本町２丁目２４番３２号,6580051
3140001133740,株式会社ワイズサービス,兵庫県,神戸市東灘区,深江南町１丁目２番１０−９０５号,6580022
3140001133781,株式会社Ｓｈａｎ,兵庫県,神戸市東灘区,向洋町中５丁目６番地の１ブランズリビオ３２７号室,6580032
3140001133831,株式会社Ｇｒｏｗ,兵庫県,神戸市東灘区,甲南町４丁目１６番１１号金沢コーポ６０２号,6580084
3140001134532,ＦＴＫホールディングス株式会社,兵庫県,神戸市東灘区,御影本町５丁目８番１号,6580046
3140001134623,株式会社ｌｉｂｅｒｔａ,兵庫県,神戸市東灘区,本山北町３丁目４番１８−４０５号,6580003
3140001134697,株式会社ビービー,兵庫県,神戸市東灘区,西岡本１丁目１０番２８−６０５号,6580073
3140001134805,むすび株式会社,兵庫県,神戸市東灘区,向洋町中６丁目９,6580032
3140001135266,ＢＯＮＤ株式会社,兵庫県,神戸市東灘区,御影塚町３丁目１０番８号大竹マンション３０２号,6580044
3140001135679,ＭＡＣＦＲＥＹ　ＪＡＰＡＮ株式会社,兵庫県,神戸市東灘区,住吉山手８丁目９番８号,6580063
3140001135943,株式会社ムサシ,兵庫県,神戸市東灘区,本山中町２丁目１番１４号,6580016
3140001136009,株式会社Ｊ＆Ｓ,兵庫県,神戸市東灘区,住吉本町１丁目２２番１１号,6580051
3140001136025,株式会社ＬＨＭ,兵庫県,神戸市東灘区,岡本７丁目２２番４号,6580072
3140001136207,株式会社Ｂｅプランニング,兵庫県,神戸市東灘区,御影３丁目２番１１−５３号,6580047
3140001137031,スペックケムバイオテクノロジー日本株式会社,兵庫県,神戸市東灘区,向洋町中１丁目１７番地,6580032
3140001137436,株式会社ＭＩＲＡＤＥＲ,兵庫県,神戸市東灘区,御影山手５丁目２番２２号レジデンスケーエフ２０４号,6580065
3140001137460,株式会社Ｐ‐ＣＡＲＳ,兵庫県,神戸市東灘区,魚崎浜町２７−２１−３Ｆ,6580024
3140001137766,株式会社ステージチェンジ,兵庫県,神戸市東灘区,向洋町中６丁目９神戸ファッションマート６Ｃ−０２,6580032
3140001137881,株式会社ＮＳサポート,兵庫県,神戸市東灘区,西岡本３丁目２番１−５０１号,6580073
3140001138062,株式会社アシストワーキング,兵庫県,神戸市東灘区,御影郡家１丁目２６番１０−１０１号,6580048
3140001138178,まなびのハコ株式会社,兵庫県,神戸市東灘区,本山南町５丁目１番１０号,6580015
3140001138252,株式会社宮岡農園,兵庫県,神戸市東灘区,深江浜町１−１−Ａ２１１,6580023
3140001138608,セブンジャパンコーポレーション株式会社,兵庫県,神戸市東灘区,御影３丁目２番１１−３０７号,6580047
3140001138723,株式会社弁慶,兵庫県,神戸市東灘区,魚崎南町２丁目６番地１２アメニティ東神戸５１０５,6580025
3140001138797,株式会社小林農林,兵庫県,神戸市東灘区,向洋町中５丁目１番地５２３号棟１０１１号室,6580032
3140001139309,洋崎株式会社,兵庫県,神戸市東灘区,深江南町２丁目１３番６−１０１号,6580022
3140001139317,刀株式会社,兵庫県,神戸市東灘区,向洋町中３丁目１番地の１０・５番館１１３号,6580032
3140001139655,桃琉株式会社,兵庫県,神戸市東灘区,向洋町中２丁目１３番地,6580032
3140001139671,株式会社スターセブン,兵庫県,神戸市東灘区,北青木１丁目２番４−４０３号,6580014
3140001140167,株式会社六甲トラベル,兵庫県,神戸市東灘区,向洋町中７丁目２番地の１、９番館７０４号,6580032
3140001141248,株式会社世界のごちそう博物館,兵庫県,神戸市東灘区,魚崎南町３丁目１７番１０号先山ビル１階,6580025
3140001141272,株式会社ＡＩＳＵ,兵庫県,神戸市東灘区,魚崎北町５丁目３番１６号ＥＷ３０８,6580082
3140001141347,株式会社ＤＭＡ,兵庫県,神戸市東灘区,御影中町１丁目４−５,6580054
3140001141421,Ｏｍｔ．Ｐ．Ｖ．Ｃ．株式会社,兵庫県,神戸市東灘区,本山中町３丁目１０番１５号,6580016
3140001141454,株式会社住吉赤塚山,兵庫県,神戸市東灘区,住吉山手８丁目１５番２８号,6580063
3140001141660,シュクセビ株式会社,兵庫県,神戸市東灘区,魚崎中町２丁目１３番１４号,6580083
3140001141784,シルヴァ株式会社,兵庫県,神戸市東灘区,住吉山手３丁目１番４３号,6580063
3140001142031,クリエイター株式会社,兵庫県,神戸市東灘区,岡本１丁目９番２８号谷川ビル３Ｆ,6580072
3140002000964,アイティエス興業株式会社,兵庫県,神戸市東灘区,本山町岡本字梅林１１５７番地,6580071
3140002001491,株式会社ケイユー,兵庫県,神戸市東灘区,住吉東町５丁目１番１号,6580052
3140002002192,株式会社ニッタケ,兵庫県,神戸市東灘区,御影本町５丁目２番１８号,6580046
3140002011301,株式会社アイズ,兵庫県,神戸市東灘区,深江浜町１５８番地,6580023
3140002025400,株式会社エムズ,兵庫県,神戸市東灘区,御影１丁目１番８号,6580047
3140002025689,アールケイプラニング株式会社,兵庫県,神戸市東灘区,深江浜町５６番３,6580023
3140002031539,株式会社マイーテック,兵庫県,神戸市東灘区,田中町１丁目１３番２２号,6580081
3140003016786,ブランドプラス株式会社,兵庫県,神戸市東灘区,住吉宮町６丁目９番１６号リクイーザ住吉２０２号,6580053
3150001019724,株式会社ＴＤＦ,兵庫県,神戸市東灘区,深江南町３丁目７番２号,6580022
3170001008345,株式会社ミシュレイ,兵庫県,神戸市東灘区,田中町４丁目５−１０−８０１,6580081
3190001021123,株式会社オフィス加藤,兵庫県,神戸市東灘区,本山中町３丁目４番８−２０３号,6580016
3290001083426,株式会社坪美,兵庫県,神戸市東灘区,向洋町中７丁目２番３−９０４号ウエストコート８番街１番館,6580032
3340001002958,徳神海運株式会社,兵庫県,神戸市東灘区,御影山手６丁目７番１１号,6580065
3350001011818,株式会社東邦,兵庫県,神戸市東灘区,西岡本７丁目１４−３,6580073
3470001017043,株式会社ＯＥＣ,兵庫県,神戸市東灘区,御影本町２丁目１５−２５精林御影ビル２０１号,6580046
4010001111700,株式会社クラシック・キャピタル・コーポレーション,兵庫県,神戸市東灘区,住吉本町１丁目７番９−２号,6580051
4010701037402,株式会社ＴＭａｒｔｓ,兵庫県,神戸市東灘区,住吉山手４丁目９番１号,6580063
4011101018694,株式会社扶容,兵庫県,神戸市東灘区,本山中町４丁目１３番１８号,6580016
4020001109958,朱氏株式会社,兵庫県,神戸市東灘区,魚崎南町３丁目１２−４,6580025
4021001054905,ＡＭＫ株式会社,兵庫県,神戸市東灘区,向洋町中６丁目９番地神戸ファッションマート８階,6580032
4040001106805,ｆｏｒｃｅ株式会社,兵庫県,神戸市東灘区,住吉山手８丁目２２−９,6580063
4120001064615,株式会社三信商会,兵庫県,神戸市東灘区,本庄町１丁目４番１５−４１０号,6580012
4120001082047,新日本不動産株式会社,兵庫県,神戸市東灘区,住吉山手３丁目１番３３−１０４号,6580063
4120001088242,株式会社フォームテック,兵庫県,神戸市東灘区,向洋町中５丁目１１番地,6580032
4120001093738,株式会社ランドマーク・ジャパン,兵庫県,神戸市東灘区,鴨子ケ原２丁目３番２９−１０７号,6580064
4120001114254,株式会社ＩＺＯ,兵庫県,神戸市東灘区,向洋町中１丁目１０,6580032
4120001136348,株式会社ｅｍｏｋ,兵庫県,神戸市東灘区,森北町４丁目４番４１号,6580001
4120001136918,株式会社積藤コーポレーション,兵庫県,神戸市東灘区,岡本１丁目５番１−６０２号,6580072
4120001137528,株式会社ブレックスマザーズ,兵庫県,神戸市東灘区,本庄町２丁目４番１２号,6580012
4120001137800,株式会社バイオコーポレイション,兵庫県,神戸市東灘区,御影本町８丁目１１番１８号１Ｆ,6580046
4120001145555,株式会社ジャック,兵庫県,神戸市東灘区,深江北町１丁目５番１−５１１号,6580013
4120001160678,株式会社ＦＲＯＮＴＩＥＲ,兵庫県,神戸市東灘区,魚崎南町３丁目２１番５−２号,6580025
4120001195897,株式会社ミルキーウェイ,兵庫県,神戸市東灘区,深江北町１丁目１５番１３−８０３号,6580013
4120001211919,ＮＧＭキャピタル株式会社,兵庫県,神戸市東灘区,森南町２丁目１番２３号,6580011
4120001227007,今井製妍医薬株式会社,兵庫県,神戸市東灘区,岡本５丁目６番１号井上ハイツ１−Ｓ号,6580072
4120001234275,Ｅｄｇｅ株式会社,兵庫県,神戸市東灘区,岡本１丁目４−３坂井ビル３Ｆ,6580072
4120001237204,杉口株式会社,兵庫県,神戸市東灘区,御影山手３丁目１５−１５,6580065
4120001244349,株式会社ビリーブ,兵庫県,神戸市東灘区,深江本町２丁目１２番１２号,6580021
4120001245982,ＧＲＥＥＮ　ＮＥＳＴ株式会社,兵庫県,神戸市東灘区,向洋町中１丁目１７−３階Ｈ室,6580032
4120001249612,株式会社Ｃｒｅｄｏ,兵庫県,神戸市東灘区,住吉本町２丁目１４番１号,6580051
4120003013867,株式会社スマートプランニング,兵庫県,神戸市東灘区,田中町５丁目２番１４号,6580081
4120901032068,株式会社Ｊｅｙｓ．Ｊ,兵庫県,神戸市東灘区,向洋町中６丁目９番地神戸ファッションマート内,6580032
4120901035368,Ｒｉｚａｌｄｒｉｖｅ株式会社,兵庫県,神戸市東灘区,向洋町中６丁目９番地神戸ファッションマート８階,6580032
4120901045136,株式会社ハレルヤワークス,兵庫県,神戸市東灘区,向洋町中１丁目４番地１３１号棟３０５号室,6580032
4130001021276,株式会社フリーハンズ,兵庫県,神戸市東灘区,田中町１丁目４番８号,6580081
4130001049400,株式会社カンポスラルゴスムンディアレス,兵庫県,神戸市東灘区,御影塚町４丁目１４−１７アメイジング・グレイス御影２０２号室,6580044
4140001000576,東西土地株式会社,兵庫県,神戸市東灘区,御影本町３丁目１２番５号,6580046
4140001000923,アイアン鋳設株式会社,兵庫県,神戸市東灘区,魚崎北町２丁目５番１８号,6580082
4140001000948,アクション・ジャパン株式会社,兵庫県,神戸市東灘区,御影本町２丁目９番１６号,6580046
4140001000956,曉自動車株式会社,兵庫県,神戸市東灘区,魚崎北町１丁目１１番５号,6580082
4140001000972,株式会社朝日建設,兵庫県,神戸市東灘区,深江北町３丁目４番１２号,6580013
4140001000980,芦屋貨物自動車株式会社,兵庫県,神戸市東灘区,森南町１丁目７番８号,6580011
4140001000989,株式会社アドバンス,兵庫県,神戸市東灘区,本山南町６丁目４番１３号,6580015
4140001001021,株式会社イーグルハウス,兵庫県,神戸市東灘区,御影中町６丁目６番１４号,6580054
4140001001038,株式会社インターナショナルシステム販売,兵庫県,神戸市東灘区,深江南町４丁目１１番１９号,6580022
4140001001062,株式会社伊野工業所,兵庫県,神戸市東灘区,魚崎南町３丁目２番３号,6580025
4140001001079,株式会社ウェックス,兵庫県,神戸市東灘区,青木５丁目１２番５号,6580027
4140001001095,株式会社宇治園,兵庫県,神戸市東灘区,御影中町１丁目２番２２号,6580054
4140001001104,エーアールシー産業株式会社,兵庫県,神戸市東灘区,本山南町８丁目６番２６号,6580015
4140001001112,株式会社エイゼット,兵庫県,神戸市東灘区,魚崎西町４丁目２番３７号,6580026
4140001001120,株式会社エクセル自動車,兵庫県,神戸市東灘区,深江本町３丁目２番１１号,6580021
4140001001129,株式会社エンゼル引越サービス,兵庫県,神戸市東灘区,魚崎浜町２７番地の３５,6580024
4140001001137,株式会社エヌ・ケイエンタープライズ,兵庫県,神戸市東灘区,住吉山手４丁目８番３号,6580063
4140001001153,エムシーワン株式会社,兵庫県,神戸市東灘区,深江本町２丁目３番２９号,6580021
4140001001161,株式会社エルビーエム,兵庫県,神戸市東灘区,御影石町２丁目１４番２６号,6580045
4140001001178,大関化学工業株式会社,兵庫県,神戸市東灘区,住吉南町１丁目１番１５号,6580041
4140001001194,株式会社オータスインターナショナル,兵庫県,神戸市東灘区,鴨子ケ原１丁目６番７号,6580064
4140001001211,オールマインドサービス株式会社,兵庫県,神戸市東灘区,住吉浜町７番地,6580042
4140001001236,株式会社貝音商店,兵庫県,神戸市東灘区,深江浜町１番１,6580023
4140001001269,可地株式会社,兵庫県,神戸市東灘区,本山中町４丁目９番２８号,6580016
4140001001277,株式会社勝友商会,兵庫県,神戸市東灘区,青木５丁目１８番２３号,6580027
4140001001285,金井商事株式会社,兵庫県,神戸市東灘区,本山北町４丁目７番４８号,6580003
4140001001293,甲土地建物株式会社,兵庫県,神戸市東灘区,魚崎北町４丁目１５−１４,6580082
4140001001302,株式会社川田,兵庫県,神戸市東灘区,田中町１丁目１３番２２−１０２号,6580081
4140001001310,川村装飾株式会社,兵庫県,神戸市東灘区,住吉宮町６丁目１４番６号,6580053
4140001001327,株式会社銀水,兵庫県,神戸市東灘区,住吉東町１丁目３番１２号,6580052
4140001001376,クレアーレインターナショナル株式会社,兵庫県,神戸市東灘区,向洋町中６丁目９番地,6580032
4140001001384,株式会社クロスインターナショナル,兵庫県,神戸市東灘区,魚崎北町８丁目１−９,6580082
4140001001426,弘盛車輌販売株式会社,兵庫県,神戸市東灘区,魚崎浜町２６番地,6580024
4140001001434,株式会社甲南学園サービスセンター,兵庫県,神戸市東灘区,住吉本町２丁目２９番１５号,6580051
4140001001450,甲南地所株式会社,兵庫県,神戸市東灘区,魚崎北町６丁目５番１０号,6580082
4140001001459,甲南ユーテイリテイ株式会社,兵庫県,神戸市東灘区,深江浜町３７番,6580023
4140001001467,株式会社コーベサービス,兵庫県,神戸市東灘区,御影中町７丁目４番１３号,6580054
4140001001475,株式会社こうべ弁当,兵庫県,神戸市東灘区,御影塚町２丁目１番地の１８,6580044
4140001001483,光陽興産株式会社,兵庫県,神戸市東灘区,本山北町５丁目１３番１号,6580003
4140001001491,株式会社甲陽商会,兵庫県,神戸市東灘区,御影郡家１丁目３番４号,6580048
4140001001509,株式会社寿建設,兵庫県,神戸市東灘区,住吉宮町６丁目１２番１４号,6580053
4140001001533,是則陸運株式会社,兵庫県,神戸市東灘区,深江南町４丁目９２番,6580022
4140001001558,三弘工務店株式会社,兵庫県,神戸市東灘区,魚崎西町３丁目４番５号,6580026
4140001001582,株式会社三協,兵庫県,神戸市東灘区,御影山手２丁目１０番１６号,6580065
4140001001616,株式会社サニーワールド,兵庫県,神戸市東灘区,深江南町４丁目１２番２０号,6580022
4140001001649,森栄商事株式会社,兵庫県,神戸市東灘区,岡本１丁目７番７号,6580072
4140001001665,株式会社塩野興産,兵庫県,神戸市東灘区,西岡本３丁目１番２１号,6580073
4140001001698,株式会社新生堂,兵庫県,神戸市東灘区,住吉南町４丁目１番２２号,6580041
4140001001723,新明和岩国航空整備株式会社,兵庫県,神戸市東灘区,青木１丁目１番１号,6580027
4140001001731,株式会社島田,兵庫県,神戸市東灘区,御影本町１丁目７番１５号,6580046
4140001001756,神洋冷凍株式会社,兵庫県,神戸市東灘区,深江浜町９番地１,6580023
4140001001764,ジャパンスポーツコンサルティング株式会社,兵庫県,神戸市東灘区,西岡本５丁目８番１７号岡本野寄ハイツ１Ｃ,6580073
4140001001780,白塚商事株式会社,兵庫県,神戸市東灘区,岡本１丁目９番９号,6580072
4140001001806,ゼウスジャパン株式会社,兵庫県,神戸市東灘区,向洋町中６丁目９番地,6580032
4140001001814,株式会社セイロン商会,兵庫県,神戸市東灘区,御影石町２丁目９番２８号,6580045
4140001001822,株式会社瀬戸,兵庫県,神戸市東灘区,魚崎中町２丁目１０番２４号,6580083
4140001001847,双洋貿易株式会社,兵庫県,神戸市東灘区,住吉南町１丁目１２番１７号,6580041
4140001001871,株式会社タイカイ,兵庫県,神戸市東灘区,青木５丁目４番２１−４０３号,6580027
4140001001913,大洋物産株式会社,兵庫県,神戸市東灘区,田中町２丁目１２番５号,6580081
4140001001938,株式会社竹田特殊電線製造所,兵庫県,神戸市東灘区,深江南町２丁目１番２５号,6580022
4140001001946,株式会社竹部研装社,兵庫県,神戸市東灘区,住吉宮町６丁目１番６号,6580053
4140001001962,株式会社多田設備工業所,兵庫県,神戸市東灘区,魚崎南町７丁目１１番２０号,6580025
4140001001970,株式会社田中電気工業所,兵庫県,神戸市東灘区,御影塚町２丁目７番１４号,6580044
4140001001987,株式会社竹翠,兵庫県,神戸市東灘区,岡本７丁目３番６号,6580072
4140001002003,津田造園土木株式会社,兵庫県,神戸市東灘区,住吉宮町６丁目１０番５号,6580053
4140001002028,テクノサニー株式会社,兵庫県,神戸市東灘区,本山南町６丁目５番１５号,6580015
4140001002044,株式会社寺元工務店,兵庫県,神戸市東灘区,御影１丁目１６番１５−２０１号,6580047
4140001002060,東華護謨工業株式会社,兵庫県,神戸市東灘区,本山南町６丁目５番１０号,6580015
4140001002077,東部丸中青果株式会社,兵庫県,神戸市東灘区,深江浜町１番１号,6580023
4140001002085,東洋食品機工株式会社,兵庫県,神戸市東灘区,御影中町６丁目３番４号,6580054
4140001002093,株式会社徳田工務店,兵庫県,神戸市東灘区,本庄町３丁目７番２７号,6580012
4140001002119,株式会社成瀬土建,兵庫県,神戸市東灘区,西岡本１丁目２番１１号,6580073
4140001002127,ドリーム輸送株式会社,兵庫県,神戸市東灘区,向洋町中１丁目４番地ＲＩＣイーストコート４番街６番館７０１号,6580032
4140001002135,内外製粉株式会社,兵庫県,神戸市東灘区,田中町５丁目１番１２−４１９号,6580081
4140001002176,株式会社西甚,兵庫県,神戸市東灘区,魚崎南町８丁目２番５号,6580025
4140001002184,株式会社西村工作所,兵庫県,神戸市東灘区,青木５丁目３番３号,6580027
4140001002192,日興紙器株式会社,兵庫県,神戸市東灘区,本山南町６丁目１番２５号,6580015
4140001002201,株式会社ニッセイ,兵庫県,神戸市東灘区,青木５丁目３番１−１号,6580027
4140001002218,株式会社布引製作所,兵庫県,神戸市東灘区,魚崎南町２丁目１６番２４号,6580025
4140001002226,のぶかわ不動産株式会社,兵庫県,神戸市東灘区,岡本１丁目１２番２５号,6580072
4140001002234,バード音楽出版株式会社,兵庫県,神戸市東灘区,御影中町３丁目１番１３−１０１号,6580054
4140001002259,株式会社阪神エヌテーエヌ,兵庫県,神戸市東灘区,青木５丁目６番１６号,6580027
4140001002317,原化成株式会社,兵庫県,神戸市東灘区,岡本１丁目８番４−３０１号,6580072
4140001002325,株式会社美光,兵庫県,神戸市東灘区,本山中町４丁目１７番１０号,6580016
4140001002341,株式会社ビッグワン,兵庫県,神戸市東灘区,甲南町３丁目９−１８,6580084
4140001002374,株式会社フォトカルチャーコーポレーション,兵庫県,神戸市東灘区,深江南町３丁目７番１７−６０３号,6580022
4140001002390,福田印刷工業株式会社,兵庫県,神戸市東灘区,魚崎西町４丁目６番３号,6580026
4140001002416,株式会社舩瀬一弘工務店,兵庫県,神戸市東灘区,本庄町１丁目１１番１８号,6580012
4140001002432,プリズム株式会社,兵庫県,神戸市東灘区,住吉山手９丁目２番１号,6580063
4140001002440,株式会社兵信,兵庫県,神戸市東灘区,住吉本町１丁目４番１０号,6580051
4140001002449,株式会社紅屋商会,兵庫県,神戸市東灘区,森南町１丁目５番１−１１５号,6580011
4140001002465,ポート産業株式会社,兵庫県,神戸市東灘区,青木１丁目２番１号,6580027
4140001002481,株式会社本高砂屋,兵庫県,神戸市東灘区,向洋町西５丁目１番,6580033
4140001002498,株式会社政岡工業,兵庫県,神戸市東灘区,魚崎中町３丁目１番３２号,6580083
4140001002515,マツキ工業株式会社,兵庫県,神戸市東灘区,魚崎南町８丁目１番１２号,6580025
4140001002531,株式会社マツミヤ・フォトプロダクション,兵庫県,神戸市東灘区,住吉本町２丁目２３番９号,6580051
4140001002548,まるかい水産株式会社,兵庫県,神戸市東灘区,深江浜町１番１神戸市中央卸売市場東部市場内,6580023
4140001002564,丸藤工業株式会社,兵庫県,神戸市東灘区,住吉南町４丁目６番１７号,6580041
4140001002580,株式会社三木商店,兵庫県,神戸市東灘区,本山南町５丁目１番２７号,6580015
4140001002597,ミツワデイリー株式会社,兵庫県,神戸市東灘区,深江浜町３８番地,6580023
4140001002630,明光産業株式会社,兵庫県,神戸市東灘区,御影中町３丁目１番６号吉田ビル２０１号,6580054
4140001002647,株式会社メビウス,兵庫県,神戸市東灘区,御影１丁目１４番２５−５０１号,6580047
4140001002663,株式会社森川貫一商店,兵庫県,神戸市東灘区,住吉南町４丁目１番７号,6580041
4140001002671,株式会社保田組,兵庫県,神戸市東灘区,御影本町８丁目８番９号,6580046
4140001002696,株式会社ヤマシタアイスクリーム,兵庫県,神戸市東灘区,御影本町３丁目２番１０号,6580046
4140001002779,ラブネスト製菓株式会社,兵庫県,神戸市東灘区,御影塚町２丁目１番１８号,6580044
4140001002795,柳栄商事株式会社,兵庫県,神戸市東灘区,御影塚町４丁目９番２１号,6580044
4140001002820,株式会社ロック・フィールド,兵庫県,神戸市東灘区,魚崎浜町１５番地２,6580024
4140001002853,ＪＲ西日本アーバン開発株式会社,兵庫県,神戸市東灘区,住吉本町１丁目２番１号,6580051
4140001002944,株式会社アーク電設,兵庫県,神戸市東灘区,森北町４丁目１６番２２号,6580001
4140001003315,株式会社コーエイテクノパイピング,兵庫県,神戸市東灘区,住吉東町３丁目６番７号,6580052
4140001003521,正洋運送株式会社,兵庫県,神戸市東灘区,魚崎浜町２３番地１,6580024
4140001003760,永井商事株式会社,兵庫県,神戸市東灘区,岡本１丁目２−２７−９１２,6580072
4140001003934,株式会社百丸,兵庫県,神戸市東灘区,西岡本１丁目４番５号,6580073
4140001004107,株式会社水野商店,兵庫県,神戸市東灘区,深江浜町３６番２,6580023
4140001006202,イネックスアシストカンパニー株式会社,兵庫県,神戸市東灘区,西岡本６丁目１１番１７−６０２号,6580073
4140001006549,円和株式会社,兵庫県,神戸市東灘区,住吉山手２丁目６番１号,6580063
4140001006887,株式会社カシノテック,兵庫県,神戸市東灘区,御影本町７丁目１番５号,6580046
4140001007472,株式会社光栄商事,兵庫県,神戸市東灘区,魚崎中町２丁目６番３１号,6580083
4140001007514,神戸相互運輸株式会社,兵庫県,神戸市東灘区,向洋町東３丁目２０−２０６,6580031
4140001007828,株式会社木村地所,兵庫県,神戸市東灘区,森南町１丁目１０番７号,6580011
4140001009436,テイエムデイ株式会社,兵庫県,神戸市東灘区,深江浜町１番地の１東部市場内,6580023
4140001009997,株式会社日住カルチャーセンター,兵庫県,神戸市東灘区,住吉本町３丁目８番２号,6580051
4140001010815,凡交易株式会社,兵庫県,神戸市東灘区,御影中町１丁目１５番１２−１０２号,6580054
4140001010823,株式会社ホクシンメディカル,兵庫県,神戸市東灘区,向洋町中６丁目９番地神戸ファッションマート６階,6580032
4140001011111,株式会社溝尾,兵庫県,神戸市東灘区,住吉浜町６番地,6580042
4140001011417,株式会社ヤマーズインターナショナル,兵庫県,神戸市東灘区,西岡本２丁目７番３号,6580073
4140001014691,日本魯星株式会社,兵庫県,神戸市東灘区,深江浜町５番地の１,6580023
4140001014741,株式会社アイエスケイ,兵庫県,神戸市東灘区,本山北町１丁目３番６号,6580003
4140001015608,神戸商事株式会社,兵庫県,神戸市東灘区,魚崎北町１丁目６番２０−７０５号,6580082
4140001018998,株式会社テクサス,兵庫県,神戸市東灘区,御影郡家２丁目１５番１３号,6580048
4140001019022,ジャパンウェイスト株式会社,兵庫県,神戸市東灘区,魚崎浜町２１番地,6580024
4140001019039,トラフィックサポート株式会社,兵庫県,神戸市東灘区,住吉山手８丁目７番２０２号,6580063
4140001019047,株式会社松崎設計事務所,兵庫県,神戸市東灘区,魚崎南町７丁目３番１２号,6580025
4140001019625,株式会社健康,兵庫県,神戸市東灘区,御影３丁目２番１１−１２９号,6580047
4140001019749,株式会社田岡興業,兵庫県,神戸市東灘区,住吉南町４丁目６番３号,6580041
4140001019823,関西上田コールド株式会社,兵庫県,神戸市東灘区,深江浜町４番地の２,6580023
4140001019914,ジェイ・ボウ・シャン株式会社,兵庫県,神戸市東灘区,御影２丁目２番５号,6580047
4140001019930,株式会社宏栄,兵庫県,神戸市東灘区,甲南町３丁目３番５号,6580084
4140001020062,株式会社メディオ,兵庫県,神戸市東灘区,住吉東町２丁目４番７号,6580052
4140001020343,株式会社ベターウィル,兵庫県,神戸市東灘区,御影２丁目８番３６−２０５号,6580047
4140001020681,株式会社マリー・カトリーヌ,兵庫県,神戸市東灘区,田中町３丁目１９番１４号,6580081
4140001021044,西日本膜技研株式会社,兵庫県,神戸市東灘区,住吉東町３丁目１０番７号,6580052
4140001021060,株式会社希,兵庫県,神戸市東灘区,岡本３丁目７番１８号,6580072
4140001021127,株式会社流川ジャパン,兵庫県,神戸市東灘区,向洋町中６丁目９番地,6580032
4140001021201,ティーズプランニング株式会社,兵庫県,神戸市東灘区,住吉本町３丁目１１番６−６０１,6580051
4140001021556,ベストワン株式会社,兵庫県,神戸市東灘区,魚崎北町１丁目６番２２号,6580082
4140001021564,株式会社シーンラボ,兵庫県,神戸市東灘区,岡本６丁目１番２７号,6580072
4140001021580,株式会社東京ベル,兵庫県,神戸市東灘区,住吉浜町１５番１,6580042
4140001021754,株式会社ライフエナジー,兵庫県,神戸市東灘区,御影本町６丁目６番１５−４０３号,6580046
4140001021985,株式会社パルス,兵庫県,神戸市東灘区,向洋町中６丁目９番地,6580032
4140001022034,株式会社永光クレーン,兵庫県,神戸市東灘区,森北町４丁目１４番５号,6580001
4140001022199,ジーエフエムジャパン株式会社,兵庫県,神戸市東灘区,向洋町中６丁目９番地,6580032
4140001022315,いもと不動産株式会社,兵庫県,神戸市東灘区,岡本３丁目２番２５号,6580072
4140001022455,山壮株式会社,兵庫県,神戸市東灘区,住吉宮町６丁目１３番２１号,6580053
4140001022496,株式会社ジェイスタッフ,兵庫県,神戸市東灘区,住吉山手３丁目７番３号,6580063
4140001022612,サトミ産業株式会社,兵庫県,神戸市東灘区,御影山手２丁目１６番１７号,6580065
4140001022678,株式会社リックマネジメント,兵庫県,神戸市東灘区,御影中町３丁目１番７号,6580054
4140001022892,株式会社パーソナルヴィジョン研究所,兵庫県,神戸市東灘区,本山北町３丁目４番１１号４Ｆ,6580003
4140001023049,株式会社デイ・エイチ・ジェイ,兵庫県,神戸市東灘区,住吉山手７丁目５番１１−３０２号,6580063
4140001023081,大阪部品株式会社,兵庫県,神戸市東灘区,本山中町１丁目１番２０−９０２号,6580016
4140001023148,小田商店株式会社,兵庫県,神戸市東灘区,御影山手４丁目７番５号,6580065
4140001023305,株式会社日本ワークサービス,兵庫県,神戸市東灘区,本山南町５丁目１番３０号寺田ビル２Ｆ,6580015
4140001023379,テクニカ合同株式会社,兵庫県,神戸市東灘区,本山南町８丁目６番２６号,6580015
4140001023750,株式会社Ｄ．Ｏ．Ｓ,兵庫県,神戸市東灘区,岡本１丁目１４番１０号,6580072
4140001023759,株式会社Ｏｆｆｉｃｅ　Ｔｉｅｓ,兵庫県,神戸市東灘区,岡本７丁目１４番３３号,6580072
4140001023767,日本オートブリッジ株式会社,兵庫県,神戸市東灘区,向洋町西３丁目１番,6580033
4140001023775,リンクトレーディング株式会社,兵庫県,神戸市東灘区,森南町１丁目１０番１２号,6580011
4140001023916,株式会社地域活性化研究所,兵庫県,神戸市東灘区,御影町西平野字一ノ坪１１−１−９４号,6580058
4140001023981,ヤマネ建築株式会社,兵庫県,神戸市東灘区,御影石町３丁目１２番２０号,6580045
4140001024014,株式会社カイカワ空調,兵庫県,神戸市東灘区,本山北町６丁目１４番１１号,6580003
4140001024096,株式会社メディマックス,兵庫県,神戸市東灘区,本庄町２丁目５番５号,6580012
4140001024146,ゴコオ設備株式会社,兵庫県,神戸市東灘区,御影３丁目２４番６号,6580047
4140001024170,株式会社ダイゼン,兵庫県,神戸市東灘区,深江北町４丁目１３番２３号,6580013
4140001024245,株式会社サンロード,兵庫県,神戸市東灘区,御影本町１丁目１２番１７号,6580046
4140001024352,クレアドル株式会社,兵庫県,神戸市東灘区,御影山手３丁目１２番１３号,6580065
4140001024443,ミハルインターナショナル株式会社,兵庫県,神戸市東灘区,森南町１丁目６番１４号,6580011
4140001024699,イー・テクノロジ株式会社,兵庫県,神戸市東灘区,御影１丁目７番３号,6580047
4140001024781,株式会社メンヒル,兵庫県,神戸市東灘区,御影石町２丁目６番３４号,6580045
4140001024880,株式会社成勇,兵庫県,神戸市東灘区,御影中町４丁目３番１８号,6580054
4140001024947,有田窯業株式会社,兵庫県,神戸市東灘区,深江浜町７７番地東部買出人センター２Ｆ−１１号,6580023
4140001025160,ＭＡＹ・プロダクション株式会社,兵庫県,神戸市東灘区,渦森台４丁目３番１１号,6580066
4140001025367,株式会社けあ・ナビ,兵庫県,神戸市東灘区,本庄町１丁目２番２１号,6580012
4140001025573,株式会社兵神産業,兵庫県,神戸市東灘区,住吉南町３丁目４番６号,6580041
4140001025771,株式会社ナリスコスメティックフロンティア,兵庫県,神戸市東灘区,向洋町西５丁目１０番地４,6580033
4140001025788,株式会社ＡＩＥ,兵庫県,神戸市東灘区,御影２丁目２番１２号,6580047
4140001025805,株式会社ケイ・プロモーション,兵庫県,神戸市東灘区,岡本５丁目５番２３号,6580072
4140001025862,株式会社妹尾,兵庫県,神戸市東灘区,住吉本町１丁目２２番１４号,6580051
4140001025986,株式会社住吉マル井パン,兵庫県,神戸市東灘区,住吉本町１丁目５番７号,6580051
4140001026076,東禾電工株式会社,兵庫県,神戸市東灘区,御影３丁目２番１１−３０８号,6580047
4140001026191,株式会社パーソネル・サポート,兵庫県,神戸市東灘区,本山南町８丁目６番２６号,6580015
4140001026308,株式会社アンタンテ・マネジメント・セントラム,兵庫県,神戸市東灘区,向洋町中５丁目１５番地,6580032
4140001026349,東灘リース株式会社,兵庫県,神戸市東灘区,深江北町３丁目９番１１号,6580013
4140001026365,高松町共同建替株式会社,兵庫県,神戸市東灘区,深江北町４丁目８番１９−２０１号,6580013
4140001026547,株式会社Ｔ・Ｄ・Ｍ,兵庫県,神戸市東灘区,本山北町３丁目１２番３−１０３号,6580003
4140001026605,株式会社ユニオン・エス・キューブ,兵庫県,神戸市東灘区,本山北町３丁目１３番３１号,6580003
4140001026621,株式会社寺崎商店,兵庫県,神戸市東灘区,深江北町１丁目１４番２２号,6580013
4140001026646,株式会社リンテック,兵庫県,神戸市東灘区,向洋町東４丁目７番,6580031
4140001026662,株式会社ユウ・アンド・ケイ・プランニング,兵庫県,神戸市東灘区,岡本３丁目９−２８センターヒル岡本２０３号,6580072
4140001026729,南岡本メディカル株式会社,兵庫県,神戸市東灘区,岡本６丁目１２番３４号,6580072
4140001026761,株式会社ラシーヌ,兵庫県,神戸市東灘区,岡本７丁目１４番１５−５０２号,6580072
4140001026852,株式会社凰栄創研,兵庫県,神戸市東灘区,御影町西平野字一ノ坪１１番地１−１１１号,6580058
4140001027173,株式会社Ｒｅｇｉｎａ,兵庫県,神戸市東灘区,御影町郡家字寺ノ前１３７−５０１,6580057
4140001027207,株式会社ユニーエ,兵庫県,神戸市東灘区,岡本１丁目６番１２号有本ビル,6580072
4140001027330,株式会社北野商事,兵庫県,神戸市東灘区,御影石町４丁目１５番１５号,6580045
4140001027446,株式会社イツワ,兵庫県,神戸市東灘区,魚崎中町１丁目７番１５号,6580083
4140001027470,株式会社ＪＡＩＣＯＮ　ＩＮＴＥＲＮＡＴＩＯＮＡＬ,兵庫県,神戸市東灘区,魚崎北町１丁目５番１５号クリスタルビル２Ｆ,6580082
4140001027594,千のＷＥＢ工房株式会社,兵庫県,神戸市東灘区,御影３丁目２番１１−３号,6580047
4140001027735,株式会社グランデ,兵庫県,神戸市東灘区,本山南町８丁目６−２６東神戸センタービル１３Ｆ,6580015
4140001027859,株式会社ＣＳＣ阪神,兵庫県,神戸市東灘区,森南町３丁目５番１６号,6580011
4140001027958,株式会社円や,兵庫県,神戸市東灘区,御影本町７丁目３番１６号,6580046
4140001028163,ラッキーコーヒーマシン株式会社,兵庫県,神戸市東灘区,深江浜町９５番,6580023
4140001028221,株式会社サザンヘルム調剤薬局,兵庫県,神戸市東灘区,森南町１丁目１２番１９号,6580011
4140001028279,株式会社川嶋商会,兵庫県,神戸市東灘区,魚崎西町３丁目２番１４号,6580026
4140001028460,株式会社Ｓｃｈｏｎ,兵庫県,神戸市東灘区,御影山手３丁目１番５−２０５号,6580065
4140001028477,ＬＭルブリカンツ株式会社,兵庫県,神戸市東灘区,深江本町４丁目３番８−１０８号,6580021
4140001028551,株式会社ダイヘンテクノサポート,兵庫県,神戸市東灘区,向洋町西４丁目１番地,6580033
4140001028592,株式会社レゥーブ,兵庫県,神戸市東灘区,甲南町１丁目２番２１号,6580084
4140001028675,株式会社ＴＣＰマシナリー,兵庫県,神戸市東灘区,住吉山手４丁目６番地の３２御影グランドハイツ４０９号室,6580063
4140001028857,大洋産業株式会社,兵庫県,神戸市東灘区,深江浜町１２９番地,6580023
4140001028964,株式会社インフィニティー,兵庫県,神戸市東灘区,岡本１丁目２番２７−８１０号,6580072
4140001029054,株式会社モスビュー,兵庫県,神戸市東灘区,本山南町８丁目６番２６号,6580015
4140001029178,イノキンエンジニアリング株式会社,兵庫県,神戸市東灘区,住吉宮町３丁目１５番１６号,6580053
4140001029203,株式会社ライフクリエイター,兵庫県,神戸市東灘区,深江南町１丁目１６番７−２１０,6580022
4140001029228,株式会社日本量子波動科学研究所,兵庫県,神戸市東灘区,深江浜町１２２番地,6580023
4140001029236,株式会社シャローム,兵庫県,神戸市東灘区,魚崎北町６丁目１番２５−８０１号,6580082
4140001029252,株式会社ムーンサルト・プロジェクト,兵庫県,神戸市東灘区,向洋町中６丁目９ＫＦＭ４Ｎ−０１−３,6580032
4140001029285,福島工務店株式会社,兵庫県,神戸市東灘区,御影山手２丁目２２−２０−３０７,6580065
4140001029640,株式会社Ｄ−ｐｌａｎｎｉｎｇ,兵庫県,神戸市東灘区,北青木３丁目１８番１−２０４号,6580014
4140001029649,株式会社ＡＹＫ,兵庫県,神戸市東灘区,魚崎浜町２３番地１４,6580024
4140001029681,株式会社ゼロスタート,兵庫県,神戸市東灘区,向洋町中６丁目９番地,6580032
4140001029707,株式会社都市開発コンサルタント,兵庫県,神戸市東灘区,田中町３丁目４番１号ジャムコビル５０１号,6580081
4140001029723,ハッピーライフ株式会社,兵庫県,神戸市東灘区,御影中町１丁目１４番１０号,6580054
4140001029748,株式会社ラストリゾート,兵庫県,神戸市東灘区,向洋町中１丁目１４−７３０,6580032
4140001029888,株式会社ドーム・ジャパン,兵庫県,神戸市東灘区,御影町郡家字大蔵１番地の１−１０５号,6580057
4140001029995,吉田株式会社,兵庫県,神戸市東灘区,向洋町中７丁目２番地の１−９番館８０７号,6580032
4140001030029,株式会社エコプランニング,兵庫県,神戸市東灘区,魚崎浜町２３番地,6580024
4140001030037,株式会社マスト,兵庫県,神戸市東灘区,深江浜町７７番地,6580023
4140001030210,株式会社ディール,兵庫県,神戸市東灘区,住吉台５−１,6580062
4140001030292,ＭＴＩジャパン株式会社,兵庫県,神戸市東灘区,向洋町中２丁目１０番地,6580032
4140001030383,株式会社大導,兵庫県,神戸市東灘区,本山南町３丁目５番１０号１０１１,6580015
4140001030458,株式会社シーエムエム,兵庫県,神戸市東灘区,本山南町８丁目６番２６号,6580015
4140001030508,株式会社ドルフィン,兵庫県,神戸市東灘区,魚崎浜町２７−６,6580024
4140001030631,株式会社Ｗ＆Ｓ,兵庫県,神戸市東灘区,深江北町４丁目７番７−３０６号,6580013
4140001030648,リークス関西株式会社,兵庫県,神戸市東灘区,青木５丁目１２番１０号,6580027
4140001030680,株式会社ｔｒｉｃｏ,兵庫県,神戸市東灘区,向洋町中６丁目９番地,6580032
4140001030722,株式会社コアエンタメディア,兵庫県,神戸市東灘区,向洋町中６丁目９番地,6580032
4140001030813,株式会社敬愛,兵庫県,神戸市東灘区,住吉本町１丁目１０番５６−３１５号,6580051
4140001030953,株式会社神田製作所,兵庫県,神戸市東灘区,深江浜町１２４番地１００７号,6580023
4140001031010,アイ・エス・エル株式会社,兵庫県,神戸市東灘区,本山北町５丁目１２番５−Ａ１０１号,6580003
4140001031274,株式会社イオ,兵庫県,神戸市東灘区,住吉本町２丁目４番５号,6580051
4140001031357,関西化工建設株式会社,兵庫県,神戸市東灘区,深江浜町１４番地４,6580023
4140001031373,株式会社スタジオミニ,兵庫県,神戸市東灘区,御影本町２丁目１６番４号御影共同ビル１階,6580046
4140001031381,Ｋ２．ＰＲＯＪＥＣＴ株式会社,兵庫県,神戸市東灘区,向洋町中３丁目１番地の１０・１番館５０２号,6580032
4140001031431,株式会社清水企業,兵庫県,神戸市東灘区,森南町３丁目１番２８−８０１号,6580011
4140001031464,株式会社ｓａｋｉｅ,兵庫県,神戸市東灘区,住吉東町５丁目２番２−１４０８号,6580052
4140001031654,株式会社アース,兵庫県,神戸市東灘区,御影山手４丁目２０番３号,6580065
4140001031670,水土里設計株式会社,兵庫県,神戸市東灘区,御影中町２丁目５番３号,6580054
4140001031679,ジェイ・ロジスティックサービス株式会社,兵庫県,神戸市東灘区,向洋町中６丁目９番地,6580032
4140001031828,Ｅ＆Ｈ　ｄｅｓｉｇｎ株式会社,兵庫県,神戸市東灘区,深江南町１丁目８番３１−２１０,6580022
4140001031852,株式会社エム・ソーシング,兵庫県,神戸市東灘区,田中町１丁目１２番３号,6580081
4140001032041,株式会社伸明,兵庫県,神戸市東灘区,御影山手４丁目１７番２２号,6580065
4140001032231,株式会社エイトビー,兵庫県,神戸市東灘区,住吉南町５丁目８番２２号,6580041
4140001032322,神戸ビズサポート株式会社,兵庫県,神戸市東灘区,向洋町中６丁目９番地,6580032
4140001032363,三條建物管理株式会社,兵庫県,神戸市東灘区,御影山手４丁目３番１号,6580065
4140001032611,株式会社海堂,兵庫県,神戸市東灘区,深江浜町１番１号,6580023
4140001032628,センターロード株式会社,兵庫県,神戸市東灘区,御影本町３丁目５番７号,6580046
4140001032784,株式会社サンハッピー,兵庫県,神戸市東灘区,深江北町４丁目１０−１４,6580013
4140001033015,株式会社リバー,兵庫県,神戸市東灘区,御影塚町１丁目５番２３号,6580044
4140001033048,株式会社コアマン,兵庫県,神戸市東灘区,魚崎西町１丁目２番２７号,6580026
4140001033064,株式会社ＫＡＮＤＡ,兵庫県,神戸市東灘区,住吉本町２丁目６番１１号,6580051
4140001033122,株式会社円創,兵庫県,神戸市東灘区,住吉浜町１９番地,6580042
4140001033205,株式会社セーフティサービス,兵庫県,神戸市東灘区,魚崎北町６丁目３番５号,6580082
4140001033304,メンタルゲーム株式会社,兵庫県,神戸市東灘区,本山北町５丁目１８番５号,6580003
4140001033361,株式会社ウエストヒル・インベストメント,兵庫県,神戸市東灘区,住吉本町２丁目２１番１６−８０２号,6580051
4140001033477,株式会社Ｓｅａ　Ｈａｗｋ　Ｉｎｔｅｒｎａｔｉｏｎａｌ,兵庫県,神戸市東灘区,御影本町２丁目８番２０−１００７号,6580046
4140001033717,株式会社杉本工業,兵庫県,神戸市東灘区,深江南町３丁目５番１−５１０号,6580022
4140001033907,株式会社ＲＬ,兵庫県,神戸市東灘区,森南町１丁目１２番１３号,6580011
4140001033972,オーシャングループ株式会社,兵庫県,神戸市東灘区,御影本町６丁目１５番４号,6580046
4140001034013,ステディセミコンダクタ株式会社,兵庫県,神戸市東灘区,西岡本７丁目１０番４号,6580073
4140001034038,株式会社ハーツインターナショナル,兵庫県,神戸市東灘区,森北町７丁目８番９号,6580001
4140001034070,株式会社ニッシン,兵庫県,神戸市東灘区,本庄町２丁目１１番２４号,6580012
4140001038039,株式会社ＣＬ神戸,兵庫県,神戸市東灘区,向洋町中５丁目５番地５３３号棟８１６号室,6580032
4140001038105,株式会社ウェブハスラー,兵庫県,神戸市東灘区,御影中町１丁目８番７号,6580054
4140001047147,株式会社Ｋｉｄｓ　Ｄｅｖｅｌｏｐｅｒ,兵庫県,神戸市東灘区,向洋町中５丁目１５番地ＲＩＣセントラルタワー内マーケットシーン２０４Ａ,6580032
4140001047188,株式会社ボンズ,兵庫県,神戸市東灘区,深江北町３丁目４番１６号,6580013
4140001054829,株式会社太田通商,兵庫県,神戸市東灘区,向洋町中６丁目９番地,6580032
4140001054944,レーベンクランツ株式会社,兵庫県,神戸市東灘区,本山中町４丁目６−２６ジオ神戸本山中町４０２,6580016
4140001057088,株式会社チェシャ,兵庫県,神戸市東灘区,岡本４丁目１１番４号,6580072
4140001057105,株式会社アイキホーム,兵庫県,神戸市東灘区,森南町１丁目５番１−１２９号,6580011
4140001057162,株式会社加藤,兵庫県,神戸市東灘区,深江浜町１番地の１、Ｃ−３０５号,6580023
4140001057187,株式会社Ｂｕｄｄｙ,兵庫県,神戸市東灘区,向洋町東３丁目８番,6580031
4140001057344,株式会社老虎菜,兵庫県,神戸市東灘区,魚崎北町５丁目７番１５号,6580082
4140001064638,株式会社堂本屋,兵庫県,神戸市東灘区,西岡本７丁目８番１４号,6580073
4140001067368,株式会社トータルエクスプレス,兵庫県,神戸市東灘区,深江浜町７６番地,6580023
4140001067500,モンレヴ株式会社,兵庫県,神戸市東灘区,住吉台３３−１,6580062
4140001067509,三王商事株式会社,兵庫県,神戸市東灘区,魚崎北町５丁目７番１４号,6580082
4140001067558,工藝サイクリング株式会社,兵庫県,神戸市東灘区,住吉山手９丁目１５番１７号,6580063
4140001067756,株式会社ディライト・ケア,兵庫県,神戸市東灘区,御影３丁目２−１１−８５,6580047
4140001068151,株式会社エム・エム・エイ,兵庫県,神戸市東灘区,御影中町３丁目２番４−２５１１号,6580054
4140001073077,株式会社ラングローブ,兵庫県,神戸市東灘区,深江浜町１２５番地,6580023
4140001073597,株式会社ＷＥＬＬＢＥＩＮＧ,兵庫県,神戸市東灘区,御影郡家２丁目１５番１４号ブリリアンスビルアネックス４階,6580048
4140001073812,株式会社ＵＲＢＡＮ　ＮＥＵＴＲＡＬ,兵庫県,神戸市東灘区,御影３丁目２−１１−４４,6580047
4140001073985,株式会社インパクト,兵庫県,神戸市東灘区,住吉南町１丁目５番４号,6580041
4140001074298,株式会社エッチエフエス,兵庫県,神戸市東灘区,田中町１丁目５番４号,6580081
4140001077573,株式会社ＴＭコーポレーション,兵庫県,神戸市東灘区,御影塚町１丁目３番１７号,6580044
4140001077581,株式会社グランネット,兵庫県,神戸市東灘区,住吉宮町４丁目３番１３−３０５号,6580053
4140001077739,株式会社ＬＥＶＡＮＴＡＲ,兵庫県,神戸市東灘区,向洋町中６丁目９神戸ファッションマート５Ｆ,6580032
4140001077862,北野坂商会株式会社,兵庫県,神戸市東灘区,住吉本町２丁目１９番１９号２階,6580051
4140001086376,株式会社誠味,兵庫県,神戸市東灘区,御影塚町４丁目９番２１号,6580044
4140001086491,株式会社グランドーマ,兵庫県,神戸市東灘区,深江浜町７７番地,6580023
4140001086748,株式会社輪拓ひまわり不動産,兵庫県,神戸市東灘区,住吉本町１丁目４番２−３０２号,6580051
4140001086814,創和産業株式会社,兵庫県,神戸市東灘区,住吉南町３丁目１番５号,6580041
4140001087093,株式会社Ｂｌｏｏｍ,兵庫県,神戸市東灘区,岡本７丁目４番６号,6580072
4140001087267,株式会社甲南トータルサポート,兵庫県,神戸市東灘区,岡本１丁目３番２０号,6580072
4140001087424,株式会社扇翔,兵庫県,神戸市東灘区,魚崎浜町４２番地,6580024
4140001087498,株式会社ＹＤＳ神戸地区本部,兵庫県,神戸市東灘区,向洋町東３丁目９番,6580031
4140001087597,株式会社ダニーインターナショナル,兵庫県,神戸市東灘区,住吉東町１丁目６番１７−１０４号,6580052
4140001087738,トークデザイン研究所株式会社,兵庫県,神戸市東灘区,本山中町３丁目１番２５号,6580016
4140001087754,株式会社トヨダトレーディング,兵庫県,神戸市東灘区,御影郡家１丁目４番８号,6580048
4140001087911,直貴建設株式会社,兵庫県,神戸市東灘区,住吉南町１丁目８番５号,6580041
4140001088331,コルトケミカル株式会社,兵庫県,神戸市東灘区,御影２丁目１９番７号,6580047
4140001088372,株式会社ナチュラルサプリ,兵庫県,神戸市東灘区,深江浜町５６番３,6580023
4140001089437,株式会社クリーンハート,兵庫県,神戸市東灘区,深江本町３丁目３番２７号,6580021
4140001089635,株式会社男前製造所,兵庫県,神戸市東灘区,住吉本町１丁目５番１号ダンディライオン住吉本町１０１号,6580051
4140001089998,株式会社そよな,兵庫県,神戸市東灘区,深江本町３丁目３−２７,6580021
4140001090056,ｏｌｕ・ｏｌｕ・ｈｏｌａ株式会社,兵庫県,神戸市東灘区,深江北町１丁目８−２２−４０１,6580013
4140001090626,アクティブＧエンジニアリング株式会社,兵庫県,神戸市東灘区,御影郡家１丁目３５番６号,6580048
4140001090642,ＯＬＹＭＰＯＳ株式会社,兵庫県,神戸市東灘区,御影３丁目２−１１,6580047
4140001090832,和華トレーディング株式会社,兵庫県,神戸市東灘区,向洋町中５丁目６番地の１,6580032
4140001091434,株式会社竹伸,兵庫県,神戸市東灘区,魚崎中町２丁目５−３−１,6580083
4140001091541,実貴産業株式会社,兵庫県,神戸市東灘区,魚崎南町５丁目５番１−４１１号,6580025
4140001091632,エム・シー・ディー株式会社,兵庫県,神戸市東灘区,本山南町８丁目６番２６号,6580015
4140001092358,株式会社ダイレクト・アール・エフ,兵庫県,神戸市東灘区,向洋町中６丁目９,6580032
4140001092944,株式会社神戸島水,兵庫県,神戸市東灘区,深江浜町１番１号,6580023
4140001093059,株式会社ＥＡＵ設備,兵庫県,神戸市東灘区,西岡本７丁目３番２１号,6580073
4140001093109,株式会社ＮＴコーポレーション,兵庫県,神戸市東灘区,住吉宮町５丁目１番９号,6580053
4140001093307,株式会社ＮＥＸＴ　ＤＩＳＣＯＶＥＲＹ,兵庫県,神戸市東灘区,本庄町２丁目１３番８−１０３号,6580012
4140001093397,株式会社木下保険サービス,兵庫県,神戸市東灘区,岡本２丁目２番２７号,6580072
4140001093406,株式会社ティーライフ,兵庫県,神戸市東灘区,甲南町３丁目７番１４号甲南櫻井ビル１階,6580084
4140001093983,株式会社絆コーポレーション,兵庫県,神戸市東灘区,住吉東町３丁目５番１３号２０４号,6580052
4140001094362,株式会社アークコーポレーション,兵庫県,神戸市東灘区,住吉山手９丁目９番１５号,6580063
4140001094494,株式会社Ｌｅａｆ,兵庫県,神戸市東灘区,岡本１丁目５番５−８０３号,6580072
4140001094676,松田潜水工業株式会社,兵庫県,神戸市東灘区,御影本町１丁目１２番２０−５０１号,6580046
4140001094791,株式会社くさわけ,兵庫県,神戸市東灘区,本山中町１丁目１番１２号チタンビル４階,6580016
4140001095162,株式会社高永ホールディングス,兵庫県,神戸市東灘区,御影塚町３丁目４番２１−５０６号,6580044
4140001096945,株式会社ザップラス,兵庫県,神戸市東灘区,岡本８丁目１０番１５号,6580072
4140001096961,株式会社マルス,兵庫県,神戸市東灘区,鴨子ケ原３丁目１３番１０号,6580064
4140001097010,新明和ハートフル株式会社,兵庫県,神戸市東灘区,青木１丁目１番１号,6580027
4140001097068,ＴＡＯ株式会社,兵庫県,神戸市東灘区,西岡本２丁目７番４−１２１号,6580073
4140001097480,株式会社Ｍ．ｃａｎａ,兵庫県,神戸市東灘区,甲南町２丁目１番２４−６０１号,6580084
4140001097539,株式会社ガーデンプラス,兵庫県,神戸市東灘区,向洋町中６丁目９,6580032
4140001097844,ｎｅｘｔｍｏｂｉｌｅ株式会社,兵庫県,神戸市東灘区,向洋町中５丁目１−５２２−１１５,6580032
4140001097910,株式会社Ａｇｒｉ−Ｍａｎａｇｅｍｅｎｔ,兵庫県,神戸市東灘区,御影本町２丁目１５番１５号,6580046
4140001098090,ナイサー株式会社,兵庫県,神戸市東灘区,深江北町３丁目９番１１号,6580013
4140001098405,株式会社ヘジス,兵庫県,神戸市東灘区,魚崎中町２丁目１３番１４号３０３,6580083
4140001098438,株式会社浪速,兵庫県,神戸市東灘区,田中町３丁目１１番１０−３０２号,6580081
4140001098578,株式会社おりべ,兵庫県,神戸市東灘区,岡本５丁目２番５号,6580072
4140001098586,株式会社Ｒｉｖｅｒ,兵庫県,神戸市東灘区,深江南町１丁目４番１８号,6580022
4140001098603,株式会社シンカロン,兵庫県,神戸市東灘区,田中町２丁目３−３ステラ田中町２０２号,6580081
4140001098677,株式会社ブラックカーラー神戸ジャパン,兵庫県,神戸市東灘区,本山南町５丁目４番２５−９０６号,6580015
4140001098958,Ｗｈｉｓｋｅｒ株式会社,兵庫県,神戸市東灘区,御影山手４丁目２３−６,6580065
4140001098974,株式会社レストランクリエイト,兵庫県,神戸市東灘区,御影中町１丁目５番１号,6580054
4140001099072,ワン・オー・エイトプランニング株式会社,兵庫県,神戸市東灘区,森北町７丁目１９番３９号,6580001
4140001099394,株式会社ティー・エー・エス,兵庫県,神戸市東灘区,住吉南町５丁目１０番２１号,6580041
4140001099469,株式会社音吉フーズ,兵庫県,神戸市東灘区,住吉宮町２丁目１３番１２号,6580053
4140001099519,ＫＬ＆Ｂ株式会社,兵庫県,神戸市東灘区,深江北町３丁目９番１１号,6580013
4140001099709,株式会社ＡＩＥホールディングス,兵庫県,神戸市東灘区,岡本１丁目９番２９号,6580072
4140001100038,株式会社ＴＲＩ,兵庫県,神戸市東灘区,向洋町中３丁目１番地の８、６番館２０４号,6580032
4140001100582,株式会社ＫＯＢＥ　ＳＴＹＬＥ,兵庫県,神戸市東灘区,向洋町中６丁目９番地神戸ファッションマート１０Ｆ,6580032
4140001100590,株式会社山功,兵庫県,神戸市東灘区,北青木４丁目１６番８−１０２,6580014
4140001100616,株式会社インソバル,兵庫県,神戸市東灘区,御影３丁目２番１１−４０７号,6580047
4140001100632,東京・日本交通株式会社,兵庫県,神戸市東灘区,御影塚町２丁目２８番２０−１０１号,6580044
4140001101135,ユウアート株式会社,兵庫県,神戸市東灘区,岡本８丁目７番１８−１０１号,6580072
4140001101291,株式会社Ｌｉｓ,兵庫県,神戸市東灘区,岡本１丁目４番２２号オーガニックビル２階,6580072
4140001101721,ＲＡＭパートナーズ株式会社,兵庫県,神戸市東灘区,甲南町３丁目９番１４−１１０１号,6580084
4140001102083,株式会社ｆｉｏｒｅ,兵庫県,神戸市東灘区,魚崎南町１丁目６番３号,6580025
4140001102265,サンヴィラＫＩＴ株式会社,兵庫県,神戸市東灘区,田中町３丁目１０番４号,6580081
4140001102281,株式会社アミィカブル・パートナーズ,兵庫県,神戸市東灘区,御影３丁目２番１１−２０１号,6580047
4140001102414,デコリーバ株式会社,兵庫県,神戸市東灘区,住吉宮町６丁目３番１４−４０５号,6580053
4140001102422,株式会社コモード,兵庫県,神戸市東灘区,岡本１丁目２番２７−４１３号,6580072
4140001102447,株式会社神戸メディカルツーリズムセンター,兵庫県,神戸市東灘区,御影山手１丁目１９番７−１０６号,6580065
4140001102587,ドローン・テクノサポート株式会社,兵庫県,神戸市東灘区,鴨子ケ原２丁目６番１２号,6580064
4140001102827,鳳デザイン株式会社,兵庫県,神戸市東灘区,本山南町８丁目３番１−５０８号,6580015
4140001103016,株式会社ＡＣ１,兵庫県,神戸市東灘区,御影２丁目１３番１−３０１号,6580047
4140001103040,株式会社健康いずむ,兵庫県,神戸市東灘区,森北町１丁目３番２４号西,6580001
4140001103461,株式会社エイチファミリー,兵庫県,神戸市東灘区,魚崎北町１丁目１３番７号,6580082
4140001103486,株式会社ＦＤルータ,兵庫県,神戸市東灘区,深江浜町１−１卸売場棟２Ｆ６−２,6580023
4140001103536,生田エンジニアリング株式会社,兵庫県,神戸市東灘区,本山南町３丁目６番１６−２０３号,6580015
4140001103651,株式会社ＲＩＮＺＯ,兵庫県,神戸市東灘区,向洋町中１丁目４番地１２４号棟６１０号室,6580032
4140001103890,株式会社クロスロード,兵庫県,神戸市東灘区,魚崎南町４丁目１０番１９号,6580025
4140001104071,株式会社ＦＬＥＤＧＥ,兵庫県,神戸市東灘区,魚崎中町２丁目１０番９−３０３号,6580083
4140001104121,株式会社フォレスト,兵庫県,神戸市東灘区,住吉山手８丁目２２番９号,6580063
4140001104204,株式会社ソル・レヴァンテ,兵庫県,神戸市東灘区,本山北町４丁目７番５２−３０１号,6580003
4140001104253,株式会社ＳＨＩＳ,兵庫県,神戸市東灘区,深江本町３丁目４番２７号ＳＵＮＭＡＬＬＫＯＨ３Ｆ,6580021
4140001104261,小林創造企画株式会社,兵庫県,神戸市東灘区,住吉本町３丁目４番４７号Ａ−１７０２号,6580051
4140001104336,株式会社ＭＵＮＥ,兵庫県,神戸市東灘区,住吉浜町１９番地７,6580042
4140001104501,株式会社ワニコ,兵庫県,神戸市東灘区,森北町４丁目１８−３１ベネフィス森北Ｓ−１,6580001
4140001104749,株式会社エスプリュス,兵庫県,神戸市東灘区,御影２丁目２番１２−４０２号,6580047
4140001104757,株式会社田渕事務所,兵庫県,神戸市東灘区,西岡本４丁目２番３号,6580073
4140001104889,株式会社かわさき住研,兵庫県,神戸市東灘区,田中町２丁目１８番１５号カーサもとやま２０３号,6580081
4140001104922,ＴＲＡＤＥＨＵＢ株式会社,兵庫県,神戸市東灘区,御影本町１丁目１２番２０号御影山一ビル２０１号室,6580046
4140001105755,株式会社関西商会,兵庫県,神戸市東灘区,御影中町４丁目３番１号御影バーディーライフ２０８号室,6580054
4140001105813,株式会社ＳＳＭＫ,兵庫県,神戸市東灘区,御影中町２丁目８番２−２号,6580054
4140001105838,株式会社クローシュデボワ,兵庫県,神戸市東灘区,御影２丁目３４番２０号,6580047
4140001106027,ＯＭ　Ｍｅｔａｌ株式会社,兵庫県,神戸市東灘区,御影本町７丁目５番１２号ダンディライオン御影Ｖ４０１号室,6580046
4140001106068,スタリオンバンク株式会社,兵庫県,神戸市東灘区,住吉本町３丁目１０番７−１０４号,6580051
4140001106126,株式会社エスケイテック,兵庫県,神戸市東灘区,深江浜町６７番地１Ｆ,6580023
4140001106919,株式会社Ｓ　Ｓｔｙｌｅ,兵庫県,神戸市東灘区,御影中町１丁目１６番２０号,6580054
4140001107149,こんにちは日本語株式会社,兵庫県,神戸市東灘区,鴨子ケ原３丁目２５番９号,6580064
4140001107297,株式会社アイベイト,兵庫県,神戸市東灘区,深江北町４丁目１２番４−４０５号,6580013
4140001107578,株式会社ＫＩＡＭ,兵庫県,神戸市東灘区,深江北町２丁目８番１８号,6580013
4140001107603,ｉＭＵｔ株式会社,兵庫県,神戸市東灘区,渦森台４丁目１２番８号,6580066
4140001108238,はるいろフーズ株式会社,兵庫県,神戸市東灘区,深江浜町７５番地,6580023
4140001108667,株式会社インエベレスト,兵庫県,神戸市東灘区,住吉山手１丁目７−１７,6580063
4140001109252,株式会社ｂｒｏｓ．Ｄ,兵庫県,神戸市東灘区,甲南町４丁目７番１３号,6580084
4140001109310,ＧＲＡＣＥ株式会社,兵庫県,神戸市東灘区,御影山手５丁目１４番３号,6580065
4140001110334,Ｇ．Ｐ．ＷＯＯＤＷＯＲＫ株式会社,兵庫県,神戸市東灘区,向洋町中６丁目９番地,6580032
4140001110375,株式会社誠峰,兵庫県,神戸市東灘区,魚崎北町８丁目６番７号ロイヤル魚崎２０１,6580082
4140001111266,株式会社ＳＨＩＦＴ　ＧＡＲＡＧＥ,兵庫県,神戸市東灘区,御影塚町３丁目３番２２号,6580044
4140001111563,斉藤測量株式会社,兵庫県,神戸市東灘区,御影２丁目２番５号パーチェ御影４０３号,6580047
4140001111712,株式会社神戸社中,兵庫県,神戸市東灘区,岡本７丁目１０番３号,6580072
4140001111753,株式会社リンクレット,兵庫県,神戸市東灘区,御影３丁目２番１１号５１,6580047
4140001112330,株式会社ライドン,兵庫県,神戸市東灘区,田中町２丁目３−３ステラ田中町１階,6580081
4140001112495,株式会社しののめ総合研究所,兵庫県,神戸市東灘区,岡本６丁目１６−１１,6580072
4140001112537,株式会社東神戸宇部生コン,兵庫県,神戸市東灘区,魚崎浜町４１番地の１,6580024
4140001112685,タベモノガタリ株式会社,兵庫県,神戸市東灘区,岡本５丁目２番５号岡本コミンカ,6580072
4140001113246,株式会社レイステクノロジー,兵庫県,神戸市東灘区,向洋町中３丁目１番地の５イーストコート８番街１−１２０３号,6580032
4140001113659,株式会社ケイズエステート,兵庫県,神戸市東灘区,本山北町６丁目２番４０号,6580003
4140001113865,株式会社アイズマネジメント,兵庫県,神戸市東灘区,深江本町２丁目８−６,6580021
4140001113931,株式会社Ｄｏｇｗｏｏｄ　Ｃｏｍｍｕｎｉｔｙ,兵庫県,神戸市東灘区,御影塚町２丁目１３−５ＧＳビル２−２,6580044
4140001114054,ＡＮＫ株式会社,兵庫県,神戸市東灘区,青木５丁目４番１２号,6580027
4140001114095,株式会社オキジマ,兵庫県,神戸市東灘区,本山中町４丁目８番２６号,6580016
4140001114442,株式会社パインベース,兵庫県,神戸市東灘区,向洋町東１丁目４番地,6580031
4140001114871,株式会社あわしま設計,兵庫県,神戸市東灘区,向洋町中６丁目９番地,6580032
4140001115341,Ｔｒｕｍａｎ株式会社,兵庫県,神戸市東灘区,向洋町中１丁目１７番地アジアワンセンター２９階,6580032
4140001115382,株式会社Ｈｏｕｓｅ　Ｌａｂｏ,兵庫県,神戸市東灘区,住吉宮町２丁目５番８号,6580053
4140001115795,株式会社ＲＩＳＥＬ,兵庫県,神戸市東灘区,本山北町５丁目９番６号,6580003
4140001115837,リバースコンサルティング株式会社,兵庫県,神戸市東灘区,向洋町中６丁目９番地神戸ファッションマート８Ｅ−２３,6580032
4140001116067,株式会社薮口工業,兵庫県,神戸市東灘区,深江北町２丁目１０番２２号,6580013
4140001116125,Ｋｅｉ　Ｐｌａｎｎｉｎｇ株式会社,兵庫県,神戸市東灘区,深江南町１丁目１番５４−５０６号,6580022
4140001116521,株式会社ＡＣＧ,兵庫県,神戸市東灘区,御影石町３丁目１１番２１−７０４号,6580045
4140001117016,七つの株式会社,兵庫県,神戸市東灘区,岡本１丁目１０番５号,6580072
4140001117049,株式会社クラフタ,兵庫県,神戸市東灘区,御影中町８丁目１番３号−１階北,6580054
4140001117107,株式会社ＡＳＳマネジメント,兵庫県,神戸市東灘区,御影山手４丁目１４番４７号,6580065
4140001117263,センターハブ株式会社,兵庫県,神戸市東灘区,住吉山手９丁目１８番２３号,6580063
4140001117362,ＤＲＥＡＭ−ＮＥＴ株式会社,兵庫県,神戸市東灘区,御影中町２丁目１番８号,6580054
4140001117651,株式会社Ｎａｌｕ,兵庫県,神戸市東灘区,森南町１丁目１６番１９号,6580011
4140001117890,株式会社ＯＫＡＴＥＴＵ,兵庫県,神戸市東灘区,住吉宮町５丁目７番２４号,6580053
4140001117940,株式会社ベアーフィールド,兵庫県,神戸市東灘区,魚崎浜町２３番地の１１,6580024
4140001117973,ダイセイ株式会社,兵庫県,神戸市東灘区,御影山手３丁目２番１６号,6580065
4140001117998,株式会社ＭＹ　Ｄｒｅａｍエンタプライズ,兵庫県,神戸市東灘区,森北町６丁目２番３７号,6580001
4140001118278,株式会社カーハート,兵庫県,神戸市東灘区,住吉南町４丁目２番２８号,6580041
4140001118336,株式会社ＷＴ,兵庫県,神戸市東灘区,田中町２丁目１８番１５−４０２号,6580081
4140001118492,株式会社ＲＡＮＧＥｂｏｄｙ,兵庫県,神戸市東灘区,魚崎南町３丁目２−２,6580025
4140001118518,ｓｅｅｋ株式会社,兵庫県,神戸市東灘区,住吉宮町６丁目９番１６号リクイーザ住吉２０２号,6580053
4140001118988,株式会社ジョイトジャパン,兵庫県,神戸市東灘区,御影石町３丁目５−１２ダイドーメゾン御影３０４号室,6580045
4140001119730,株式会社ｂｅｎｅｖｏ,兵庫県,神戸市東灘区,魚崎南町４丁目１２番６号,6580025
4140001119904,株式会社ＹＭ商会,兵庫県,神戸市東灘区,住吉宮町６丁目１番５号,6580053
4140001120804,株式会社ＤＲＥＡＭ　ＦＡＣＴＯＲＹ,兵庫県,神戸市東灘区,向洋町中１丁目４番地１２８号棟１１０４号室,6580032
4140001120944,株式会社香積,兵庫県,神戸市東灘区,住吉台４番３−８０５号,6580062
4140001121042,石工曽我のや株式会社,兵庫県,神戸市東灘区,御影山手１丁目１５番１号,6580065
4140001121075,株式会社ＳＣＷ,兵庫県,神戸市東灘区,御影本町７丁目４番３号,6580046
4140001121100,エミックス株式会社,兵庫県,神戸市東灘区,魚崎南町２丁目８番２８号,6580025
4140001121190,株式会社太陽,兵庫県,神戸市東灘区,深江南町４丁目７−２３−１０２号,6580022
4140001121455,ＴｒｕｅＴｏｎｅｓ株式会社,兵庫県,神戸市東灘区,青木５丁目１１番２−３０８号,6580027
4140001121587,株式会社ＫＯＲＯＭＯ,兵庫県,神戸市東灘区,御影３丁目１５番２０号,6580047
4140001122429,株式会社桃寧トレーディングカンパニー,兵庫県,神戸市東灘区,住吉東町３丁目１５−１９,6580052
4140001122445,株式会社ギア,兵庫県,神戸市東灘区,深江南町４丁目１２番２−１号,6580022
4140001122494,株式会社ＫｉＴＴｏＭ,兵庫県,神戸市東灘区,住吉宮町３丁目１４−１３,6580053
4140001122511,株式会社７８ｃｏｎｔｉｎｕｅ,兵庫県,神戸市東灘区,魚崎南町４丁目１４番１０−７０８号,6580025
4140001122544,株式会社Ｍｕｔｔｅｒ,兵庫県,神戸市東灘区,魚崎中町３丁目４番１４号,6580083
4140001122734,株式会社ｋｉｃｈｉ,兵庫県,神戸市東灘区,本山南町８丁目３番１−１００５,6580015
4140001122841,株式会社カーゴメンテサービス,兵庫県,神戸市東灘区,深江浜町１１１−２,6580023
4140001122949,株式会社マチャのおくすり箱,兵庫県,神戸市東灘区,御影山手６丁目９番４２号,6580065
4140001123402,株式会社ひとづくり,兵庫県,神戸市東灘区,魚崎南町３丁目１０番７号,6580025
4140001123534,株式会社まる,兵庫県,神戸市東灘区,住吉宮町７丁目２番５号,6580053
4140001123831,株式会社ＡＢＥＬＩＡ,兵庫県,神戸市東灘区,向洋町中５丁目１５番地ＲＩＣセントラルタワー内マーケットシーン２０４Ａ,6580032
4140001123897,株式会社ウエックス,兵庫県,神戸市東灘区,青木５丁目１２番５号,6580027
4140001124235,株式会社フルミネイト,兵庫県,神戸市東灘区,向洋町中１丁目１０番地１０１号棟３８０２号室,6580032
4140001124433,株式会社ＫＯＢＥメディカルサポート,兵庫県,神戸市東灘区,向洋町中６丁目９番地神戸ファッションマート,6580032
4140001124482,株式会社サンマネジメント,兵庫県,神戸市東灘区,鴨子ケ原１丁目４番１５−４３２号,6580064
4140001124714,太田工業株式会社,兵庫県,神戸市東灘区,御影本町３丁目３番１号,6580046
4140001124796,株式会社神戸シティ鑑定舎,兵庫県,神戸市東灘区,森北町６丁目６番２２号,6580001
4140001125241,神戸冷凍運輸株式会社,兵庫県,神戸市東灘区,向洋町西６丁目１３番４号,6580033
4140001125340,株式会社Ｅｖｅｒ　Ｏｎｗａｒｄ創進,兵庫県,神戸市東灘区,御影本町５丁目２番２２号,6580046
4140001125448,株式会社グッドラフ,兵庫県,神戸市東灘区,深江本町３丁目９−１深江駅前ビル７０２,6580021
4140001126272,株式会社ふどたす,兵庫県,神戸市東灘区,御影中町８丁目３番３１号２０１号,6580054
4140001126405,株式会社エイト,兵庫県,神戸市東灘区,深江浜町１番地の１神戸東部中央卸売市場青果５番内,6580023
4140001126594,株式会社オネスト,兵庫県,神戸市東灘区,魚崎西町２丁目３番２４号２階,6580026
4140001126710,株式会社晴喜,兵庫県,神戸市東灘区,住吉台２５番２０号,6580062
4140001126842,Ａ＆Ｓ　Ｌａｔｈｙｒｕｓ　Ｃｒｅａｔｉｏｎ株式会社,兵庫県,神戸市東灘区,向洋町中７丁目２番地−１−１１−１３０２,6580032
4140001127428,日本経和経営株式会社,兵庫県,神戸市東灘区,向洋町中６丁目９番,6580032
4140001127733,株式会社Ａｌｏｈａ　ｈｏｍｅ,兵庫県,神戸市東灘区,深江北町３丁目３−１徳風マンション２０６号室,6580013
4140001127923,株式会社ｃａｄｅａｕ,兵庫県,神戸市東灘区,御影１丁目１４番９号,6580047
4140001128005,株式会社ＣＩＰＨＥＲインターナショナル,兵庫県,神戸市東灘区,森南町１丁目５番１号１２４,6580011
4140001128855,アサヒプリテック株式会社,兵庫県,神戸市東灘区,魚崎浜町２１番地,6580024
4140001128905,ヤマモト電機株式会社,兵庫県,神戸市東灘区,本山中町２丁目６番２７−３０４号,6580016
4140001129283,Ａｗｅｓｏｍｅ＆Ｃｏ株式会社,兵庫県,神戸市東灘区,西岡本７丁目１７番１号,6580073
4140001129696,ホライズンインダストリー株式会社,兵庫県,神戸市東灘区,岡本１丁目６番１４号,6580072
4140001129721,株式会社Ｉ,兵庫県,神戸市東灘区,渦森台３丁目１０番６−２号,6580066
4140001130019,株式会社ピリオドビー,兵庫県,神戸市東灘区,住吉本町２丁目１４番２０号２Ｆ,6580051
4140001130381,株式会社おはあさ,兵庫県,神戸市東灘区,本山南町８丁目６番２６号,6580015
4140001130687,株式会社パインスマート,兵庫県,神戸市東灘区,御影山手１丁目１番１−４０９号,6580065
4140001131082,ＭＰ株式会社,兵庫県,神戸市東灘区,深江浜町１５９番地,6580023
4140001131223,株式会社スミール,兵庫県,神戸市東灘区,深江南町１丁目２番４２−１号,6580022
4140001131272,株式会社ラキマ,兵庫県,神戸市東灘区,魚崎中町４丁目５番２号ドミトリー魚崎１０１号,6580083
4140001131388,フォーシーズン株式会社,兵庫県,神戸市東灘区,御影３丁目２−１１−２２,6580047
4140001131578,株式会社六甲トレーダース,兵庫県,神戸市東灘区,向洋町中７丁目２番地の１、９番館７０４号,6580032
4140001131982,シミズ美装株式会社,兵庫県,神戸市東灘区,本山中町２丁目５番２９号,6580016
4140001132080,ＰＡＲＡＭＯＵＮＴ　ＷＥＤＤＩＮＧ株式会社,兵庫県,神戸市東灘区,本山北町６丁目６番３３号,6580003
4140001132592,株式会社Ｌｕｕ　Ｓｔｙｌｅ,兵庫県,神戸市東灘区,住吉本町１丁目５番４号エヌシーパレス１Ｆ,6580051
4140001132741,株式会社ジェムサイ,兵庫県,神戸市東灘区,魚崎南町４丁目１０番８号１０３,6580025
4140001132766,株式会社カフカ,兵庫県,神戸市東灘区,向洋町中１丁目２番地の３１,6580032
4140001132840,株式会社Ｕｎｉｔｙ,兵庫県,神戸市東灘区,御影中町３丁目１−１８,6580054
4140001132923,株式会社レパラーレ技建,兵庫県,神戸市東灘区,本山南町３丁目８番１３号,6580015
4140001132989,株式会社ＡＤＣ,兵庫県,神戸市東灘区,本山北町３丁目１３番２０−２０５号,6580003
4140001133368,株式会社追田物流,兵庫県,神戸市東灘区,深江浜町１５８番地２階,6580023
4140001134432,ゴルフシーローズマネジメント株式会社,兵庫県,神戸市東灘区,御影３丁目２番１１号８１,6580047
4140001134481,ＤＡＡＮ株式会社,兵庫県,神戸市東灘区,御影本町６丁目３番４−２号,6580046
4140001134861,株式会社Ｇ’ｓ,兵庫県,神戸市東灘区,岡本９丁目３番４号,6580072
4140001135042,株式会社勝栄組,兵庫県,神戸市東灘区,御影塚町２丁目１６番１８号２０３号室,6580044
4140001135950,株式会社Ｌ．Ｃａｎｖａｓ,兵庫県,神戸市東灘区,本山中町４丁目１２番２５号,6580016
4140001136305,株式会社トトＺ,兵庫県,神戸市東灘区,向洋町中６丁目９番地,6580032
4140001136676,株式会社前原重量,兵庫県,神戸市東灘区,住吉宮町１丁目１４番１３号,6580053
4140001136718,株式会社マロモネ,兵庫県,神戸市東灘区,岡本１丁目６番１２号,6580072
4140001136841,株式会社凱峻投資,兵庫県,神戸市東灘区,西岡本７丁目１０番２号,6580073
4140001137022,株式会社モットコミュニケーション,兵庫県,神戸市東灘区,魚崎南町５丁目５番１−８０２号,6580025
4140001137245,七豊工務店株式会社,兵庫県,神戸市東灘区,鴨子ヶ原２丁目３番地２９号２０８号室,6580064
4140001137534,朗晴株式会社,兵庫県,神戸市東灘区,向洋町中１丁目１７番地ＡｓｉａＯｎｅＣｅｎｔｅｒ２２Ｆ０１１室,6580032
4140001137641,株式会社フジワラ建装,兵庫県,神戸市東灘区,御影３丁目２２番１９号,6580047
4140001137872,株式会社ＫＨプロパティ,兵庫県,神戸市東灘区,御影３丁目５番５号,6580047
4140001138227,龍門株式会社,兵庫県,神戸市東灘区,岡本７丁目２３−１１,6580072
4140001138383,東鵬飲料株式会社,兵庫県,神戸市東灘区,向洋町中６丁目９番地神戸ファッションマート,6580032
4140001138581,株式会社Ｌｉｆａｃｔ,兵庫県,神戸市東灘区,青木３丁目１番２４号,6580027
4140001138870,龍翔株式会社,兵庫県,神戸市東灘区,深江南町１丁目５番６号,6580022
4140001139150,神戸梱包株式会社,兵庫県,神戸市東灘区,渦森台４丁目６番３号,6580066
4140001139349,株式会社シバタ,兵庫県,神戸市東灘区,深江北町１丁目５−１−１００１,6580013
4140001139646,株式会社Ｍｅｚ．,兵庫県,神戸市東灘区,住吉台２−１２マンション住吉川８１２号室,6580062
4140001140595,株式会社昼のようちえん夜のほいくえん,兵庫県,神戸市東灘区,住吉南町２丁目１１番１２号,6580041
4140001141008,株式会社ＴａＬＴ,兵庫県,神戸市東灘区,住吉東町４丁目８−７,6580052
4140001141222,株式会社ユーロステラ,兵庫県,神戸市東灘区,深江浜町１２５番地,6580023
4140001141247,株式会社ＨＡＫＫＳ,兵庫県,神戸市東灘区,御影本町４丁目１−５,6580046
4140001141585,０７ＳｙｎＱ株式会社,兵庫県,神戸市東灘区,向洋町中６丁目９番地,6580032
4140001141619,株式会社ＧＴＡ,兵庫県,神戸市東灘区,御影中町４丁目３番１９−２号,6580054
4140001141643,イーストウェルス株式会社,兵庫県,神戸市東灘区,深江南町１丁目１１番１２−４０３号,6580022
4140001141791,株式会社ミライ,兵庫県,神戸市東灘区,魚崎西町３丁目４番２７号,6580026
4140001142121,ジェイエムマネジメント株式会社,兵庫県,神戸市東灘区,向洋町中５丁目１５番地,6580032
4140001142476,株式会社エクレシア企画,兵庫県,神戸市東灘区,本山中町３丁目６番７号３階,6580016
4140002000278,株式会社川平,兵庫県,神戸市東灘区,甲南町５丁目６番１１−２９０１号,6580084
4140002002217,株式会社東神戸不動産,兵庫県,神戸市東灘区,青木６丁目４−１０号,6580027
4140002015656,株式会社フードライナー,兵庫県,神戸市東灘区,向洋町東４丁目１５番地の１９,6580031
4140002018799,株式会社アトラス,兵庫県,神戸市東灘区,北青木２丁目９番１３号−４０３号,6580014
4140002027057,株式会社ＴＳＣ,兵庫県,神戸市東灘区,田中町１丁目６番１１号３階,6580081
4140003003065,株式会社神戸鉄工,兵庫県,神戸市東灘区,森北町７丁目２０番１６号,6580001
4180001048447,株式会社コージェネシステム,兵庫県,神戸市東灘区,深江浜町８９番地,6580023
4180001150772,株式会社Ｋａｎｎａｄｅ,兵庫県,神戸市東灘区,住吉本町３丁目４番２３号−２０２号,6580051
4240001046072,株式会社ＷＯＮ　ＷＯＮ　ＩＮＴＥＲＮＡＴＩＯＮＡＬ　ＩＮＣ．,兵庫県,神戸市東灘区,向洋町中１丁目１０番地１０１号棟２６０８号室,6580032
4260001022996,株式会社ライム,兵庫県,神戸市東灘区,住吉山手３丁目１番３３−２１１号,6580063
4290001096939,株式会社Ｒｓｔｙｌｅ,兵庫県,神戸市東灘区,住吉本町２丁目２６−１８−３０３,6580051
4290801018646,フタジマ機械株式会社,兵庫県,神戸市東灘区,鴨子ケ原１丁目３番６号５０２,6580064
4410001010473,株式会社秋田バイオテック,兵庫県,神戸市東灘区,向洋町中１丁目１番地１４１号棟イーストコート五番街４０２号室,6580032
5010001163138,株式会社ＢＵＺＺＰＯＲＴ,兵庫県,神戸市東灘区,御影２丁目１９番４号,6580047
5010001175439,株式会社ファームアップ,兵庫県,神戸市東灘区,御影山手５丁目２−２８−７０８,6580065
5010001214485,ＳＰＡＣＥ　ＳＡＩＬ株式会社,兵庫県,神戸市東灘区,深江北町２丁目９番１号アネックス北町館１０３号室,6580013
5010001229822,株式会社ティアラ・７,兵庫県,神戸市東灘区,向洋町中９丁目５番,6580032
5010401173950,豊将株式会社,兵庫県,神戸市東灘区,住吉台２３番２０号,6580062
5010901027350,株式会社国際先端技術コンサルティング,兵庫県,神戸市東灘区,住吉山手１丁目１０番８−３０６号,6580063
5011101098802,株式会社縁ｉｎｇ　ＪＡＰＡＮ,兵庫県,神戸市東灘区,深江本町１丁目１２番１６号,6580021
5011201025012,株式会社ｍｏｆｆ,兵庫県,神戸市東灘区,住吉本町３丁目１１番６−４０６号,6580051
5020001162873,株式会社オプティハウス,兵庫県,神戸市東灘区,住吉東町２丁目３−２０−１２０３,6580052
5120001034105,青木マリーン株式会社,兵庫県,神戸市東灘区,魚崎西町３丁目４番３号,6580026
5120001059795,株式会社アイ工房,兵庫県,神戸市東灘区,御影中町１丁目１５番２７号,6580054
5120001067187,株式会社漬善商店,兵庫県,神戸市東灘区,深江浜町９１番地,6580023
5120001082525,セイビ興産株式会社,兵庫県,神戸市東灘区,岡本２丁目１１番１０号,6580072
5120001085362,東鉄鋼業株式会社,兵庫県,神戸市東灘区,向洋町中６丁目９番地神戸ファッションマート８階,6580032
5120001137799,藤商株式会社,兵庫県,神戸市東灘区,住吉本町１丁目２４−３６,6580051
5120001142931,Ｌｉｖｅ　Ａｌｉｖｅ株式会社,兵庫県,神戸市東灘区,岡本１丁目４番２８号マサニ岡本ビル３Ａ,6580072
5120001145521,株式会社Ｏｎｅ　Ｏｎ　Ｏｎｅ,兵庫県,神戸市東灘区,青木２丁目２番１号３１３号,6580027
5120001161155,ＩＮＫＯ’ｓクリーンサービス株式会社,兵庫県,神戸市東灘区,深江南町２丁目１１番２７号ヴェールヂ２０１号,6580022
5120001168638,株式会社ライズプラス,兵庫県,神戸市東灘区,西岡本７丁目６番１号,6580073
5120001202099,株式会社ＪＳＢ,兵庫県,神戸市東灘区,向洋町中６丁目９番地３Ｓ−０１号,6580032
5120001202479,株式会社未来ラボ,兵庫県,神戸市東灘区,魚崎北町１丁目１１番２２号,6580082
5120001208600,株式会社Ｕｎｉｔｈｏｓ,兵庫県,神戸市東灘区,向洋町中６丁目９番地神戸ファッションマート１０Ｆ,6580032
5120001214524,株式会社ＵＴＯＧＡＲＩＡ,兵庫県,神戸市東灘区,御影中町１丁目７番２１号,6580054
5120001221116,株式会社ＦＯＲＭ　Ａ　ＣＯＮＮＥＣＴＩＯＮ,兵庫県,神戸市東灘区,岡本３丁目８番２１号,6580072
5120001225752,令和薬品工業株式会社,兵庫県,神戸市東灘区,御影３丁目２番１１−１１号,6580047
5120001226643,ペガサスライフサポート株式会社,兵庫県,神戸市東灘区,向洋町中６丁目９番地神戸ファッションマート８階,6580032
5120001231379,Ｗｏｎｄｅｒ株式会社,兵庫県,神戸市東灘区,御影３丁目２−１１−８６,6580047
5120001234670,株式会社キッズチャレンジ,兵庫県,神戸市東灘区,向洋町中６丁目９番地,6580032
5120001246872,ＥＫＡＡ　ＴＥＣＨＮＯＬＯＧＹ株式会社,兵庫県,神戸市東灘区,向洋町中１丁目１７,6580032
5120101052444,株式会社ＨＩＫＯ,兵庫県,神戸市東灘区,岡本７丁目２１番１号,6580072
5120901029922,株式会社ナビ,兵庫県,神戸市東灘区,住吉山手１丁目１０番８−１０３号,6580063
5120901030731,株式会社アルクオレ,兵庫県,神戸市東灘区,深江本町３丁目９−１深江駅前ビル７０２,6580021
5120901039871,株式会社和,兵庫県,神戸市東灘区,向洋町中５丁目１１−５０２−７０５,6580032
5130001069141,高聚株式会社,兵庫県,神戸市東灘区,向洋町中２丁目１−２１５ＲＩＣイーストコート６番街５番館７３０室,6580032
5130001073333,新龍盛株式会社,兵庫県,神戸市東灘区,向洋町中５丁目１番地５２３号棟９０５号室,6580032
5130001078902,株式会社ＫＯＡＫＩ,兵庫県,神戸市東灘区,西岡本２丁目７番４−６２３号,6580073
5140001000922,株式会社アイ・アンド・エフ,兵庫県,神戸市東灘区,向洋町中５丁目１５番地,6580032
5140001000930,株式会社アイド,兵庫県,神戸市東灘区,深江南町３丁目８番２３号,6580022
5140001000963,株式会社アシスト,兵庫県,神戸市東灘区,住吉山手１丁目５番１１−５０８号,6580063
5140001000971,朝日技研株式会社,兵庫県,神戸市東灘区,御影中町１丁目１１番１０号,6580054
5140001001004,株式会社アムニ,兵庫県,神戸市東灘区,森北町４丁目４番４１号,6580001
5140001001012,株式会社アレス,兵庫県,神戸市東灘区,向洋町中６丁目９番地,6580032
5140001001029,石田鶏卵株式会社,兵庫県,神戸市東灘区,深江浜町１１０番地の２,6580023
5140001001037,株式会社糸井商店,兵庫県,神戸市東灘区,田中町４丁目６番１号,6580081
5140001001045,株式会社出田建設,兵庫県,神戸市東灘区,田中町５丁目１番３４号,6580081
5140001001053,株式会社一点鐘,兵庫県,神戸市東灘区,深江浜町９０番地明治屋神戸深江ビル,6580023
5140001001061,株式会社井上鉄工所,兵庫県,神戸市東灘区,本山南町６丁目１番１号,6580015
5140001001078,株式会社魚多喜,兵庫県,神戸市東灘区,魚崎中町３丁目１番７号,6580083
5140001001086,株式会社上田不動産,兵庫県,神戸市東灘区,住吉宮町６丁目１４番１２号,6580053
5140001001128,株式会社エスプリジャパン,兵庫県,神戸市東灘区,本庄町１丁目３番５号,6580012
5140001001152,株式会社エムシー・コーポレーション,兵庫県,神戸市東灘区,向洋町中６丁目９番地,6580032
5140001001160,エラスチック工業株式会社,兵庫県,神戸市東灘区,魚崎南町３丁目１６番１２号,6580025
5140001001169,扇タクシー株式会社,兵庫県,神戸市東灘区,深江浜町１３５番地,6580023
5140001001193,太田硝子株式会社,兵庫県,神戸市東灘区,御影本町６丁目１２番３号,6580046
5140001001227,株式会社小野楠,兵庫県,神戸市東灘区,深江南町２丁目８番１３号,6580022
5140001001235,株式会社偕榮,兵庫県,神戸市東灘区,本山北町３丁目１１番７号,6580003
5140001001243,加古川船舶工業株式会社,兵庫県,神戸市東灘区,御影本町４丁目７番１１号,6580046
5140001001251,株式会社関西機器サービス,兵庫県,神戸市東灘区,御影石町２丁目１２番１８号,6580045
5140001001268,株式会社カンダ,兵庫県,神戸市東灘区,御影石町４丁目１４番１５号,6580045
5140001001292,かね三水産株式会社,兵庫県,神戸市東灘区,深江浜町１番１神戸中央卸売市場東部市場内,6580023
5140001001318,近畿上水株式会社,兵庫県,神戸市東灘区,青木５丁目４番１０号,6580027
5140001001326,株式会社菊屋ビル,兵庫県,神戸市東灘区,御影塚町２丁目２番１０号,6580044
5140001001367,極東通商株式会社,兵庫県,神戸市東灘区,魚崎北町８丁目１番１号,6580082
5140001001375,株式会社クリエイト・エンタープライズ,兵庫県,神戸市東灘区,住吉宮町２丁目４番１号,6580053
5140001001383,グローリー株式会社,兵庫県,神戸市東灘区,御影中町４丁目２番９号,6580054
5140001001391,黒松株式会社,兵庫県,神戸市東灘区,御影本町３丁目１２番５号,6580046
5140001001417,広栄産業株式会社,兵庫県,神戸市東灘区,田中町１丁目１５番５号,6580081
5140001001433,株式会社甲南カードック,兵庫県,神戸市東灘区,田中町２丁目４番８号,6580081
5140001001441,株式会社甲南クレセント,兵庫県,神戸市東灘区,甲南町４丁目１０番１０号,6580084
5140001001458,弘南メリヤス株式会社,兵庫県,神戸市東灘区,御影本町８丁目９番１３号,6580046
5140001001466,株式会社コープ環境サービス,兵庫県,神戸市東灘区,住吉本町１丁目３番１９号,6580051
5140001001474,株式会社コープフーズ,兵庫県,神戸市東灘区,住吉本町１丁目３番１９号,6580051
5140001001490,エス・エイチ建設工業株式会社,兵庫県,神戸市東灘区,西岡本３丁目３番１５号,6580073
5140001001516,株式会社コブ・インターナショナル,兵庫県,神戸市東灘区,住吉台２番５１号,6580062
5140001001524,株式会社駒井トレーディング商会,兵庫県,神戸市東灘区,西岡本７丁目８番１０号,6580073
5140001001573,阪上自動車工業株式会社,兵庫県,神戸市東灘区,御影塚町１丁目９番３６号,6580044
5140001001615,株式会社サニー,兵庫県,神戸市東灘区,本山南町６丁目５番１５号,6580015
5140001001623,株式会社サンプラス,兵庫県,神戸市東灘区,岡本３丁目４番２０号,6580072
5140001001631,三陽殖産株式会社,兵庫県,神戸市東灘区,御影町郡家字上山田１０７番地の１,6580057
5140001001672,株式会社ジェムワールド,兵庫県,神戸市東灘区,本山北町６丁目１３番６号,6580003
5140001001680,シンコースポーツ株式会社,兵庫県,神戸市東灘区,本庄町２丁目８番３９号,6580012
5140001001697,株式会社神水,兵庫県,神戸市東灘区,深江浜町１番地の１,6580023
5140001001706,株式会社神食,兵庫県,神戸市東灘区,魚崎浜町２７番地の２,6580024
5140001001714,株式会社ジッツ,兵庫県,神戸市東灘区,住吉本町３丁目１１番２４号,6580051
5140001001730,清水青果株式会社,兵庫県,神戸市東灘区,深江浜町１番地の１,6580023
5140001001755,鐘武商事株式会社,兵庫県,神戸市東灘区,魚崎西町４丁目２番９号,6580026
5140001001771,神和海運株式会社,兵庫県,神戸市東灘区,住吉浜町１６番の１,6580042
5140001001788,株式会社ススキ,兵庫県,神戸市東灘区,魚崎北町２丁目３番１５号,6580082
5140001001796,住吉川サービス株式会社,兵庫県,神戸市東灘区,甲南町４丁目１６番１１号,6580084
5140001001813,生和設備工業株式会社,兵庫県,神戸市東灘区,深江本町２丁目１番１８−５０１号,6580021
5140001001862,大栄冷熱設備株式会社,兵庫県,神戸市東灘区,青木５丁目２番７号,6580027
5140001001904,大明道路管理株式会社,兵庫県,神戸市東灘区,深江北町２丁目１２番１３号,6580013
5140001001929,株式会社竹内本店,兵庫県,神戸市東灘区,住吉宮町６丁目１８番１１号,6580053
5140001001945,株式会社宅配珈琲サービス,兵庫県,神戸市東灘区,北青木４丁目１番２６号,6580014
5140001001961,株式会社タックデザイン事務所,兵庫県,神戸市東灘区,御影中町４丁目４番１９号,6580054
5140001001986,ダルミソン日本株式会社,兵庫県,神戸市東灘区,鴨子ケ原３丁目２８番１５号,6580064
5140001001994,株式会社中央ワールド,兵庫県,神戸市東灘区,魚崎浜町２３番地,6580024
5140001002002,株式会社つちこう,兵庫県,神戸市東灘区,魚崎南町１丁目２番２−５１０号,6580025
5140001002035,株式会社デジノーツ,兵庫県,神戸市東灘区,岡本１丁目５番５号（岡本クレセントハイツ７０３号）,6580072
5140001002043,株式会社寺西建築設計事務所,兵庫県,神戸市東灘区,本庄町２丁目１３番２４号,6580012
5140001002076,株式会社トイボックス,兵庫県,神戸市東灘区,森北町４丁目４番４１号,6580001
5140001002084,東洋設備株式会社,兵庫県,神戸市東灘区,甲南町２丁目２番８号,6580084
5140001002101,株式会社都市調査計画事務所,兵庫県,神戸市東灘区,本山北町３丁目３−１４,6580003
5140001002118,株式会社豊住運送店,兵庫県,神戸市東灘区,御影塚町２丁目１７番３号,6580044
5140001002126,株式会社土来,兵庫県,神戸市東灘区,御影塚町２丁目８番３号,6580044
5140001002150,長浜梱包株式会社,兵庫県,神戸市東灘区,西岡本７丁目６番２号,6580073
5140001002167,ナダ電子株式会社,兵庫県,神戸市東灘区,本山南町１丁目４番４３号,6580015
5140001002191,株式会社日医工神戸,兵庫県,神戸市東灘区,住吉山手７丁目５番１１号,6580063
5140001002200,ニッシン株式会社,兵庫県,神戸市東灘区,御影本町５丁目４番１０号,6580046
5140001002217,株式会社二楽園,兵庫県,神戸市東灘区,岡本１丁目２番１７号,6580072
5140001002233,ハウスネット株式会社,兵庫県,神戸市東灘区,住吉本町２丁目８番２号,6580051
5140001002241,ハイパル幼児才能教室株式会社,兵庫県,神戸市東灘区,御影１丁目１３番２０号,6580047
5140001002266,阪神サイロ株式会社,兵庫県,神戸市東灘区,魚崎浜町１４番地７,6580024
5140001002274,株式会社パスタロード,兵庫県,神戸市東灘区,深江浜町３３番地,6580023
5140001002290,株式会社八紘社,兵庫県,神戸市東灘区,御影郡家１丁目１５番２号,6580048
5140001002299,株式会社花力総本店,兵庫県,神戸市東灘区,岡本２丁目７番１７号,6580072
5140001002316,パワーレックス株式会社,兵庫県,神戸市東灘区,魚崎北町１丁目６番２３号,6580082
5140001002324,柊興産株式会社,兵庫県,神戸市東灘区,御影中町３丁目１番８号,6580054
5140001002365,株式会社弘盛モータース,兵庫県,神戸市東灘区,魚崎浜町２６番地,6580024
5140001002373,株式会社フォーライフ,兵庫県,神戸市東灘区,御影中町７丁目６番１８号,6580054
5140001002398,藤産業株式会社,兵庫県,神戸市東灘区,岡本１丁目１２番２６−１０２号,6580072
5140001002423,フロインド製菓株式会社,兵庫県,神戸市東灘区,本山北町３丁目４番１５号,6580003
5140001002448,株式会社ベッツアンドシステムズ,兵庫県,神戸市東灘区,魚崎北町５丁目９番２４号,6580082
5140001002456,ベル管理株式会社,兵庫県,神戸市東灘区,住吉浜町１５番１,6580042
5140001002480,株式会社穂高,兵庫県,神戸市東灘区,岡本４丁目８番３号,6580072
5140001002489,株式会社前川商店,兵庫県,神戸市東灘区,魚崎北町３丁目３番７号,6580082
5140001002497,株式会社マキ包装,兵庫県,神戸市東灘区,森南町３丁目４番８号,6580011
5140001002506,株式会社萬字屋書店,兵庫県,神戸市東灘区,本山北町６丁目１４番１４号,6580003
5140001002514,株式会社松浦商店,兵庫県,神戸市東灘区,深江浜町１番地の１,6580023
5140001002522,株式会社マッシュ,兵庫県,神戸市東灘区,御影本町２丁目１４番１３号御影ビル１Ｆ,6580046
5140001002571,株式会社三浦商店,兵庫県,神戸市東灘区,深江浜町１番地の１,6580023
5140001002613,株式会社宮崎本社,兵庫県,神戸市東灘区,住吉東町４丁目８番１号,6580052
5140001002621,株式会社村尾商会,兵庫県,神戸市東灘区,鴨子ケ原２丁目１２番２１号,6580064
5140001002638,株式会社メイワ電業社,兵庫県,神戸市東灘区,本山中町２丁目７番３号,6580016
5140001002646,株式会社メディカルボックス,兵庫県,神戸市東灘区,住吉東町４丁目７番２７号ラファエラ浅野ビル１階,6580052
5140001002670,株式会社安威産業,兵庫県,神戸市東灘区,向洋町東３丁目１番１号,6580031
5140001002687,株式会社山岸建設,兵庫県,神戸市東灘区,住吉本町１丁目５番８号,6580051
5140001002695,株式会社山三鈴木商店,兵庫県,神戸市東灘区,深江本町１丁目７番１０号,6580021
5140001002704,山豊株式会社,兵庫県,神戸市東灘区,西岡本３丁目２番２号,6580073
5140001002737,伸成技研株式会社,兵庫県,神戸市東灘区,御影１丁目１２番１４号,6580047
5140001002753,和栄産業株式会社,兵庫県,神戸市東灘区,住吉山手１丁目１０番３４号,6580063
5140001002778,ラブネスト商事株式会社,兵庫県,神戸市東灘区,御影塚町２丁目１番１８号,6580044
5140001002786,株式会社リソー,兵庫県,神戸市東灘区,住吉台５番２−３０１号,6580062
5140001002794,株式会社龍,兵庫県,神戸市東灘区,住吉宮町７丁目３番２号イトーピア住吉３０１,6580053
5140001002828,神戸医療サービス株式会社,兵庫県,神戸市東灘区,甲南町４丁目１６番１１号,6580084
5140001002844,神戸貨物株式会社,兵庫県,神戸市東灘区,深江浜町１３５番地,6580023
5140001002852,株式会社神戸サンソ,兵庫県,神戸市東灘区,魚崎南町３丁目２番２号,6580025
5140001002860,神戸タクシー株式会社,兵庫県,神戸市東灘区,住吉南町２丁目８番２６号,6580041
5140001002869,神戸中央自動車株式会社,兵庫県,神戸市東灘区,森北町７丁目８番１５号,6580001
5140001002885,株式会社神戸マコモ普及センター,兵庫県,神戸市東灘区,御影塚町２丁目８番１０号,6580044
5140001002919,株式会社日本ホーム,兵庫県,神戸市東灘区,森北町５丁目５番５号,6580001
5140001002927,株式会社兵庫県自動車会館,兵庫県,神戸市東灘区,魚崎浜町３３,6580024
5140001002935,株式会社兵庫容器,兵庫県,神戸市東灘区,深江浜町１番１,6580023
5140001003966,株式会社フジ・インターナショナル,兵庫県,神戸市東灘区,向洋町中３丁目１番地の８・３番館１４０３号,6580032
5140001004114,株式会社ミツボシ,兵庫県,神戸市東灘区,御影郡家２丁目１７番３号,6580048
5140001004139,室谷工業株式会社,兵庫県,神戸市東灘区,御影２丁目５番１１号５０１号室,6580047
5140001006449,エスピーサービス株式会社,兵庫県,神戸市東灘区,本山中町４丁目２番３号サンコー神戸本山ビル,6580016
5140001006498,株式会社エフ、ジー、ノーション,兵庫県,神戸市東灘区,青木５丁目３番４号,6580027
5140001007050,株式会社ジャパックス,兵庫県,神戸市東灘区,本山中町４丁目２番３号,6580016
5140001007380,株式会社系統工芸,兵庫県,神戸市東灘区,御影山手６丁目８番２７−３０７号,6580065
5140001007785,株式会社サンオカモト,兵庫県,神戸市東灘区,御影中町３丁目１番７号,6580054
5140001008107,新栄株式会社,兵庫県,神戸市東灘区,住吉宮町３丁目１１番１１号,6580053
5140001008197,株式会社ジーユー計画研究所,兵庫県,神戸市東灘区,深江北町４丁目８番１９−２０１号,6580013
5140001009229,田島商事株式会社,兵庫県,神戸市東灘区,田中町５丁目１番１２−２０４号,6580081
5140001009294,株式会社ちんがら屋,兵庫県,神戸市東灘区,田中町２丁目８−２１−２０１,6580081
5140001009385,株式会社筒井商店,兵庫県,神戸市東灘区,本山中町４丁目９番１２号,6580016
5140001009963,日成住宅株式会社,兵庫県,神戸市東灘区,岡本３丁目１０番１−６０４号,6580072
5140001010962,株式会社町田商会,兵庫県,神戸市東灘区,森北町５丁目７番１４号,6580001
5140001011894,神戸エンジニアリングサービス株式会社,兵庫県,神戸市東灘区,御影浜町１番地７,6580043
5140001013180,シー・エス・シー株式会社,兵庫県,神戸市東灘区,魚崎西町３丁目５番２３号,6580026
5140001016456,株式会社千歳,兵庫県,神戸市東灘区,森南町１丁目１１番２１−１０１号,6580011
5140001016605,日栄化成株式会社,兵庫県,神戸市東灘区,向洋町中３丁目１番地イーストコート９番街１−１００７号,6580032
5140001016803,株式会社ベニール,兵庫県,神戸市東灘区,住吉東町５丁目２−２−１０５,6580052
5140001018221,株式会社エーアールトレーディング,兵庫県,神戸市東灘区,御影山手３丁目１５番２４号,6580065
5140001018790,株式会社ホームハンズ,兵庫県,神戸市東灘区,御影塚町１丁目１０番７号,6580044
5140001019087,崎川印刷紙工株式会社,兵庫県,神戸市東灘区,本山南町８丁目３番１−５２３号,6580015
5140001019525,株式会社コットンクラブ,兵庫県,神戸市東灘区,向洋町中５丁目１５番,6580032
5140001019673,株式会社東洋ライフ,兵庫県,神戸市東灘区,住吉宮町６丁目１０−１４,6580053
5140001019863,スパッチオ株式会社,兵庫県,神戸市東灘区,本山北町４丁目６番１３号,6580003
5140001020169,シェルシュメゾン株式会社,兵庫県,神戸市東灘区,西岡本４丁目３番１５号,6580073
5140001020227,株式会社アーバン神戸,兵庫県,神戸市東灘区,御影中町１丁目１７番７−９０２号,6580054
5140001020251,クニヒロ株式会社,兵庫県,神戸市東灘区,鴨子ケ原２丁目５番１７号,6580064
5140001020284,株式会社エム・エー・エフ,兵庫県,神戸市東灘区,岡本１丁目５番２０−２０１号,6580072
5140001020409,株式会社保田運輸建設,兵庫県,神戸市東灘区,御影本町８丁目８番９号,6580046
5140001020433,ペベオ・ジャポン株式会社,兵庫県,神戸市東灘区,田中町１丁目７番２１−４０１号,6580081
5140001020887,株式会社千里,兵庫県,神戸市東灘区,森北町７丁目１２番１２号,6580001
5140001020912,株式会社オーダーズ,兵庫県,神戸市東灘区,深江浜町６７番地,6580023
5140001021183,株式会社クラフトマンズパワーシステム,兵庫県,神戸市東灘区,甲南町３丁目６番２４号西尾ビル１０１,6580084
5140001021308,株式会社ジェイケイ,兵庫県,神戸市東灘区,向洋町中１丁目１０番地１０１号棟１４０９号室,6580032
5140001021381,株式会社ジェイフィット,兵庫県,神戸市東灘区,向洋町中６丁目９番地,6580032
5140001021448,株式会社トータルソリューション,兵庫県,神戸市東灘区,渦森台３丁目１番１号,6580066
5140001021662,株式会社神戸木床,兵庫県,神戸市東灘区,向洋町中１丁目１０番１０１号棟１００３号室,6580032
5140001021877,株式会社ケンプランズ,兵庫県,神戸市東灘区,北青木３丁目８番３０号,6580014
5140001021902,株式会社アルティネット,兵庫県,神戸市東灘区,西岡本３丁目８番１０号,6580073
5140001021943,ニッコー販売株式会社,兵庫県,神戸市東灘区,甲南町４丁目３番１６−１０４号,6580084
5140001022090,株式会社志多野商店,兵庫県,神戸市東灘区,岡本３丁目７番１８号,6580072
5140001022280,株式会社ベンチアップ,兵庫県,神戸市東灘区,向洋町中５丁目１５番地,6580032
5140001022405,株式会社トラストアンドコネクト,兵庫県,神戸市東灘区,岡本１丁目３番２５号,6580072
5140001022413,株式会社スズキ,兵庫県,神戸市東灘区,魚崎南町４丁目２番４６号,6580025
5140001022941,大昌テクノ株式会社,兵庫県,神戸市東灘区,西岡本３丁目２番９号,6580073
5140001023205,株式会社ＥＸＥ．,兵庫県,神戸市東灘区,魚崎西町２丁目２番２−３０９号,6580026
5140001023485,株式会社団塊倶楽部,兵庫県,神戸市東灘区,御影町西平野字一ノ坪１１番１号,6580058
5140001023576,株式会社フォーエバー,兵庫県,神戸市東灘区,御影２丁目１０番２−４０３号,6580047
5140001023626,株式会社エー・ジー・イーカンパニー,兵庫県,神戸市東灘区,青木６丁目９番３号,6580027
5140001023907,株式会社エークリエーションホールディングス,兵庫県,神戸市東灘区,深江南町３丁目８番４号,6580022
5140001024161,株式会社飛田商店,兵庫県,神戸市東灘区,甲南町１丁目４番１０号,6580084
5140001024319,株式会社伊藤建築コンサルタント,兵庫県,神戸市東灘区,御影１丁目１７番１１号,6580047
5140001024558,株式会社エスプリプランニング,兵庫県,神戸市東灘区,魚崎浜町２９番地の４,6580024
5140001024723,株式会社デジアラホールディングス,兵庫県,神戸市東灘区,向洋町中６丁目９,6580032
5140001024814,株式会社絨毯ギャラリー,兵庫県,神戸市東灘区,向洋町中６丁目９番地,6580032
5140001024962,株式会社パーソナル,兵庫県,神戸市東灘区,向洋町中６丁目９番地,6580032
5140001025036,マツダ株式会社,兵庫県,神戸市東灘区,住吉浜町１７番地の８,6580042
5140001025201,ＭＡＣＣＯ株式会社,兵庫県,神戸市東灘区,住吉宮町６丁目３番１号,6580053
5140001025416,株式会社Ｅｖｏｌｕｔｉｏｎ,兵庫県,神戸市東灘区,深江本町３丁目３−２７,6580021
5140001025622,株式会社バーテクス,兵庫県,神戸市東灘区,向洋町中６丁目９番地,6580032
5140001025663,コーベック株式会社,兵庫県,神戸市東灘区,西岡本６丁目５番２９−６０１号,6580073
5140001025705,株式会社ワーカップ,兵庫県,神戸市東灘区,向洋町中１丁目４番地１２４号棟５０９号室,6580032
5140001025746,アクア・パレ株式会社,兵庫県,神戸市東灘区,御影町西平野字平野１番地の２,6580058
5140001025812,株式会社サンバリア１００,兵庫県,神戸市東灘区,本山中町３丁目７番６号,6580016
5140001025853,株式会社アニーズ,兵庫県,神戸市東灘区,鴨子ケ原３丁目２番５０−１０５号,6580064
5140001025878,エイエスユー株式会社,兵庫県,神戸市東灘区,御影石町３丁目１２−２５デンハイツ４階４Ｆ西号室,6580045
5140001025911,株式会社敬愛プロジェクト,兵庫県,神戸市東灘区,魚崎中町４丁目６番４号１Ｆ,6580083
5140001026125,株式会社東神戸かいごサービス,兵庫県,神戸市東灘区,住吉東町２丁目６番２５号メゾン反高林５０６,6580052
5140001026182,株式会社ロスコバランス,兵庫県,神戸市東灘区,本山北町１丁目４−１７,6580003
5140001026348,甲南リース株式会社,兵庫県,神戸市東灘区,深江北町３丁目９番１１号,6580013
5140001026414,株式会社Ｅｔｅｒｎａｌ,兵庫県,神戸市東灘区,北青木３丁目１１−１８−６０３,6580014
5140001026488,株式会社ターゲットパートナー,兵庫県,神戸市東灘区,向洋町中５丁目１５番地５１３号,6580032
5140001026629,株式会社菅原商会,兵庫県,神戸市東灘区,住吉宮町６丁目２番１６号,6580053
5140001026637,ニュー神戸部品株式会社,兵庫県,神戸市東灘区,魚崎中町１丁目１番１５号,6580083
5140001026703,株式会社リベロ,兵庫県,神戸市東灘区,深江本町３丁目８番１４号,6580021
5140001026785,フロンティアサービス株式会社,兵庫県,神戸市東灘区,甲南町５丁目２番１２号３０１号,6580084
5140001027024,プライムリンク株式会社,兵庫県,神戸市東灘区,住吉本町２丁目８番７号,6580051
5140001027073,株式会社アトリエ・ハナ,兵庫県,神戸市東灘区,鴨子ケ原２丁目１４番１棟４０３号,6580064
5140001027172,株式会社セララ,兵庫県,神戸市東灘区,向洋町中６丁目９番地,6580032
5140001027271,株式会社Ｓｕｎすい,兵庫県,神戸市東灘区,深江浜町１２２番地,6580023
5140001027296,株式会社ＴＳＣ,兵庫県,神戸市東灘区,御影塚町２丁目６番１２号,6580044
5140001027346,ＥＩコミュニケーションズ株式会社,兵庫県,神戸市東灘区,御影３丁目２番１１号,6580047
5140001027354,株式会社ヘルスリードジャパン,兵庫県,神戸市東灘区,向洋町中６丁目９番地,6580032
5140001027528,大栄環境エンジニアリング株式会社,兵庫県,神戸市東灘区,向洋町中２丁目９番地１神戸ファッションプラザ,6580032
5140001027635,株式会社赤松,兵庫県,神戸市東灘区,岡本７丁目１６番１４号,6580072
5140001027701,株式会社大貴,兵庫県,神戸市東灘区,深江本町３丁目８番２２号,6580021
5140001027726,株式会社ズッカ,兵庫県,神戸市東灘区,御影郡家１丁目２３番１３号,6580048
5140001027882,株式会社サイパレス,兵庫県,神戸市東灘区,森北町７丁目１番６号,6580001
5140001027932,株式会社ウィンディ・インターナショナル,兵庫県,神戸市東灘区,住吉山手８丁目７番１０１号,6580063
5140001028055,株式会社テクノプラン,兵庫県,神戸市東灘区,向洋町中６丁目９番地,6580032
5140001028138,ワールドインテリア株式会社,兵庫県,神戸市東灘区,本山北町６丁目１３番３０号,6580003
5140001028204,株式会社プリゾナ,兵庫県,神戸市東灘区,向洋町中６丁目９番地,6580032
5140001028237,株式会社アイカス,兵庫県,神戸市東灘区,深江南町２丁目３番３４号,6580022
5140001028245,株式会社若島急配,兵庫県,神戸市東灘区,魚崎南町２丁目８−３,6580025
5140001028385,株式会社甲南エステート,兵庫県,神戸市東灘区,岡本１丁目３番２０号,6580072
5140001028600,田中商事株式会社,兵庫県,神戸市東灘区,甲南町３丁目７−４−９０２号,6580084
5140001028674,株式会社マサキ,兵庫県,神戸市東灘区,御影本町５丁目３−９,6580046
5140001028682,Ｄａｔａ　Ｗａｖｅ株式会社,兵庫県,神戸市東灘区,岡本５丁目４番２３号,6580072
5140001028922,ぷらこれ株式会社,兵庫県,神戸市東灘区,本山北町４丁目４番８−１号,6580003
5140001029128,ラポール株式会社,兵庫県,神戸市東灘区,田中町１丁目１４番２３−１０６号,6580081
5140001029152,Ｉ．Ｇ株式会社,兵庫県,神戸市東灘区,本山中町４丁目７番２号,6580016
5140001029292,株式会社グローバルクリエーションズ,兵庫県,神戸市東灘区,岡本１丁目９番２９号,6580072
5140001029482,向井鉄工株式会社,兵庫県,神戸市東灘区,魚崎浜町２７番地の１６,6580024
5140001029516,ＮＡＮＯＭＡＸ株式会社,兵庫県,神戸市東灘区,魚崎中町２丁目５番３号,6580083
5140001029565,株式会社アクロス企画,兵庫県,神戸市東灘区,御影石町２丁目４番１３号,6580045
5140001029796,株式会社スタイラス,兵庫県,神戸市東灘区,深江北町１丁目１０番１０号プラスワン芦屋１Ｆ,6580013
5140001029821,株式会社ディーセントオート,兵庫県,神戸市東灘区,魚崎浜町２０,6580024
5140001029838,株式会社Ｔ＆Ｄ,兵庫県,神戸市東灘区,深江南町３丁目７番２号,6580022
5140001029912,株式会社Ｂｅよんど,兵庫県,神戸市東灘区,岡本５丁目２−６,6580072
5140001030052,株式会社七瀬,兵庫県,神戸市東灘区,御影３丁目２番１１号,6580047
5140001030234,株式会社ロスコ,兵庫県,神戸市東灘区,田中町１丁目１番３号,6580081
5140001030408,株式会社アルファテック・エンジニアリング,兵庫県,神戸市東灘区,魚崎西町１丁目３番１４号,6580026
5140001030440,金清株式会社,兵庫県,神戸市東灘区,深江本町３丁目２−５,6580021
5140001030449,株式会社ライソン,兵庫県,神戸市東灘区,住吉山手９丁目９番１０号,6580063
5140001030481,株式会社トップノット・プランニング・ガレージ,兵庫県,神戸市東灘区,北青木４丁目１１番７号,6580014
5140001030580,ジェネシスワークフォース株式会社,兵庫県,神戸市東灘区,向洋町中６丁目９番地,6580032
5140001030721,株式会社三朋フーズ,兵庫県,神戸市東灘区,深江浜町８３番地,6580023
5140001030928,株式会社ナツイ,兵庫県,神戸市東灘区,魚崎浜町２７番３５号,6580024
5140001030969,富基株式会社,兵庫県,神戸市東灘区,向洋町中５丁目１−５２１−８０６号,6580032
5140001030977,株式会社プロリーム,兵庫県,神戸市東灘区,本庄町１丁目１３番２２−１２０２号,6580012
5140001030985,株式会社ピリアロハ,兵庫県,神戸市東灘区,岡本１丁目２番１８号ガーデンライフ岡本８０３,6580072
5140001030993,株式会社オアシス交通,兵庫県,神戸市東灘区,向洋町中１丁目４番地１２４号棟１３１３号室,6580032
5140001031026,東京ジオテク株式会社,兵庫県,神戸市東灘区,御影２丁目１０−２９−２０１,6580047
5140001031042,アイディーネット株式会社,兵庫県,神戸市東灘区,御影塚町１丁目９番３３号,6580044
5140001031059,株式会社ナチュラル・フォー,兵庫県,神戸市東灘区,御影３丁目２−１１−６１,6580047
5140001031307,３９ホールディングス株式会社,兵庫県,神戸市東灘区,向洋町中６丁目９番地,6580032
5140001031629,サルースジャパン株式会社,兵庫県,神戸市東灘区,向洋町中３丁目１番地の１０、３番館１１０８号,6580032
5140001031694,株式会社ＴＦＣ,兵庫県,神戸市東灘区,森北町４丁目１５番１６号２０１号,6580001
5140001031793,株式会社アークニクス,兵庫県,神戸市東灘区,岡本３丁目２番２号,6580072
5140001031892,株式会社保田運送,兵庫県,神戸市東灘区,深江南町４丁目２番９０号,6580022
5140001032049,株式会社ｍｉｙａｚａｋｉ,兵庫県,神戸市東灘区,御影石町２丁目１３番２０号３０３号室,6580045
5140001032065,株式会社ナカハラ,兵庫県,神戸市東灘区,鴨子ケ原２丁目６番１５号,6580064
5140001032197,株式会社オフィスクリスタライン,兵庫県,神戸市東灘区,本山中町３丁目４番８−１０１号,6580016
5140001032206,Ｐｒｏｓｐｅｒｓ株式会社,兵庫県,神戸市東灘区,本山北町５丁目１０−２２−１０１,6580003
5140001032412,株式会社高田塗装,兵庫県,神戸市東灘区,御影本町６丁目１１番２１号,6580046
5140001032429,株式会社ファボーレ・ＫＯＢＥ,兵庫県,神戸市東灘区,住吉南町４丁目６番１号,6580041
5140001032437,神戸冷凍運輸株式会社,兵庫県,神戸市東灘区,魚崎南町５丁目６−１２−３０６,6580025
5140001032461,株式会社Ｈａｐｐｙ　Ｃｕｂｅ　Ｋｏｂｅ,兵庫県,神戸市東灘区,御影本町４丁目７番１１号,6580046
5140001032478,ＩＣＲ株式会社,兵庫県,神戸市東灘区,岡本６丁目３−２,6580072
5140001032511,株式会社庵,兵庫県,神戸市東灘区,本山北町２丁目７番６号,6580003
5140001032528,株式会社ケイ・ワークス,兵庫県,神戸市東灘区,岡本３丁目９番３５−２０７号,6580072
5140001032552,株式会社アスカコーポレーション,兵庫県,神戸市東灘区,鴨子ケ原３丁目１２番１５号,6580064
5140001032825,株式会社アクディア,兵庫県,神戸市東灘区,御影中町６丁目４番１２号,6580054
5140001032841,株式会社みらいたべるこうベ,兵庫県,神戸市東灘区,御影中町８丁目３番２１号，１Ｆ,6580054
5140001032932,秋田地所株式会社,兵庫県,神戸市東灘区,田中町１丁目１３番２２−１００４号,6580081
5140001033195,株式会社Ｂ−ｒａｖｅ,兵庫県,神戸市東灘区,深江浜町７７番地,6580023
5140001033360,マルパソフト株式会社,兵庫県,神戸市東灘区,住吉山手１丁目７番１２号,6580063
5140001033575,一菱株式会社,兵庫県,神戸市東灘区,森南町１丁目５番１号セルバ地下１階０１８号,6580011
5140001033716,リーフグリーン株式会社,兵庫県,神戸市東灘区,青木２丁目１０番２０−３０３号,6580027
5140001033724,株式会社おとまこインターナショナル,兵庫県,神戸市東灘区,甲南町４丁目７番１３号ラ・メゾンドール甲南００１,6580084
5140001033831,株式会社ぐるまん,兵庫県,神戸市東灘区,深江北町２丁目１２−１３,6580013
5140001034086,ハートスフードクリエーツ株式会社,兵庫県,神戸市東灘区,御影石町４丁目１５番１５号,6580045
5140001034103,株式会社パワークリエーション,兵庫県,神戸市東灘区,御影３丁目２番１１号−７３,6580047
5140001034160,株式会社ＭＳＨ,兵庫県,神戸市東灘区,向洋町西６丁目４番,6580033
5140001034334,株式会社カジイ,兵庫県,神戸市東灘区,森北町１丁目７番１３号,6580001
5140001038054,株式会社ニュートラル,兵庫県,神戸市東灘区,本山中町４丁目３番１号,6580016
5140001038062,関西みなと鑑定株式会社,兵庫県,神戸市東灘区,向洋町中６丁目９番地,6580032
5140001042139,株式会社ジョイ・ライフ,兵庫県,神戸市東灘区,岡本６丁目８番４５号,6580072
5140001042188,株式会社ＭＧＯ,兵庫県,神戸市東灘区,向洋町中２丁目１番地２１５号棟１２６号室,6580032
5140001042403,株式会社ナッツ,兵庫県,神戸市東灘区,岡本９丁目２番１４号,6580072
5140001042469,池澤総合計画株式会社,兵庫県,神戸市東灘区,住吉本町３丁目６番１７−２０３号,6580051
5140001054852,マルミ食品株式会社,兵庫県,神戸市東灘区,深江浜町１−１,6580023
5140001057277,株式会社マツダＦＰマネジメント,兵庫県,神戸市東灘区,御影本町２丁目７番１６−２０９号,6580046
5140001057302,山市鉄鋼株式会社,兵庫県,神戸市東灘区,住吉宮町３丁目１番１８号,6580053
5140001063259,株式会社イマージュ,兵庫県,神戸市東灘区,深江浜町１１８番地,6580023
5140001066550,株式会社平尾創建,兵庫県,神戸市東灘区,本庄町２丁目５番８号,6580012
5140001067499,株式会社ビーフラット,兵庫県,神戸市東灘区,御影山手６丁目９番３６号,6580065
5140001067549,株式会社薩摩屋,兵庫県,神戸市東灘区,住吉本町１丁目１８番２２−４０７号,6580051
5140001067648,株式会社ホーミー,兵庫県,神戸市東灘区,岡本２丁目５番８号,6580072
5140001070164,副島地所株式会社,兵庫県,神戸市東灘区,住吉本町１丁目９番１８−６０２号,6580051
5140001077903,株式会社ＳＴＡＲ　ＣＲＡＦＴ,兵庫県,神戸市東灘区,魚崎浜町２３番５号,6580024
5140001081962,株式会社富士精密製作所,兵庫県,神戸市東灘区,住吉台１４番８−４０６号,6580062
5140001086367,株式会社読売甲南販売,兵庫県,神戸市東灘区,魚崎北町４丁目８番２３号,6580082
5140001086375,ドリームネットデザイン株式会社,兵庫県,神戸市東灘区,御影中町２丁目１番８号,6580054
5140001086664,村田兼一コンサルティング株式会社,兵庫県,神戸市東灘区,向洋町中５丁目１１番地５０１−３３０１号,6580032
5140001086714,株式会社スタジオーネ,兵庫県,神戸市東灘区,深江本町２丁目１番１８−４０５号,6580021
5140001086854,株式会社アライブ,兵庫県,神戸市東灘区,魚崎南町１丁目６番３号,6580025
5140001086961,丸善運輸関西株式会社,兵庫県,神戸市東灘区,深江浜町１５９番地,6580023
5140001087084,株式会社だいずデイズ,兵庫県,神戸市東灘区,御影塚町４丁目９番２１号,6580044
5140001087101,株式会社花菱,兵庫県,神戸市東灘区,魚崎南町３丁目１２番２３号,6580025
5140001087159,株式会社さくらクリエイト,兵庫県,神戸市東灘区,住吉宮町６丁目１７番１５号,6580053
5140001087274,株式会社グローバルエリート,兵庫県,神戸市東灘区,御影３丁目２番１１号,6580047
5140001087332,マテックスプラス株式会社,兵庫県,神戸市東灘区,住吉本町１丁目１番３０号,6580051
5140001088314,株式会社トライアスリー,兵庫県,神戸市東灘区,御影山手５丁目２４−６,6580065
5140001088529,株式会社ｏｆｆｉｃｅＳＲ,兵庫県,神戸市東灘区,住吉南町３丁目５番２２号,6580041
5140001088751,株式会社ＫＴＳＤ,兵庫県,神戸市東灘区,住吉宮町６丁目２番１３号,6580053
5140001089923,株式会社エフエスコミュニケーション,兵庫県,神戸市東灘区,向洋町中１丁目１０番地１０１号棟１３０２号室,6580032
5140001090245,クロネコキューブ株式会社,兵庫県,神戸市東灘区,森南町２丁目８−２,6580011
5140001090261,株式会社Ｔｏｓｓ,兵庫県,神戸市東灘区,御影塚町２丁目１番２６号,6580044
5140001090765,株式会社ＩＮＳエンジニアリング,兵庫県,神戸市東灘区,御影２丁目２５番２１号,6580047
5140001090864,株式会社ナチュラルカインド,兵庫県,神戸市東灘区,西岡本２丁目７番４−７２１号,6580073
5140001090939,株式会社ジオメディカル,兵庫県,神戸市東灘区,本山中町４丁目１−３,6580016
5140001090996,株式会社アルクト,兵庫県,神戸市東灘区,御影１丁目９番１１−５０３号,6580047
5140001091111,株式会社新生堂エステート,兵庫県,神戸市東灘区,住吉南町４丁目１−２２,6580041
5140001091185,クィーンズホーム株式会社,兵庫県,神戸市東灘区,北青木３丁目４番１４号,6580014
5140001091557,株式会社竹中事務所,兵庫県,神戸市東灘区,魚崎南町７丁目１３番１３−１０５号,6580025
5140001091763,株式会社佳秀不動産,兵庫県,神戸市東灘区,鴨子ケ原３丁目１５番１１号,6580064
5140001091978,勝建株式会社,兵庫県,神戸市東灘区,甲南町３丁目８−３,6580084
5140001092217,株式会社アシャイン,兵庫県,神戸市東灘区,甲南町１丁目１番４１−５１２号,6580084
5140001092670,生田商事株式会社,兵庫県,神戸市東灘区,森南町１丁目１５番８号,6580011
5140001092745,株式会社トーホーウイング,兵庫県,神戸市東灘区,向洋町西５丁目９番,6580033
5140001092919,株式会社Ｐｅｔｉｔ　ｂａｒｒｅｔｔｅ,兵庫県,神戸市東灘区,住吉台２番１２−４０９号,6580062
5140001093479,株式会社トータルマネジメント,兵庫県,神戸市東灘区,甲南町１丁目２番４号フレアコート５０５号,6580084
5140001093982,株式会社シーファースト不動産,兵庫県,神戸市東灘区,本山南町４丁目２番１−１号,6580015
5140001094015,ナムズ株式会社,兵庫県,神戸市東灘区,住吉宮町６丁目９番２０号,6580053
5140001094378,株式会社多田管財,兵庫県,神戸市東灘区,向洋町中６丁目９神戸ファッションマート６階,6580032
5140001094601,株式会社関西経営研究所,兵庫県,神戸市東灘区,田中町１丁目１４番２３−１２０１号,6580081
5140001094840,株式会社サリマライズ,兵庫県,神戸市東灘区,御影中町７丁目６番２４−２０５号,6580054
5140001095335,株式会社阪神住宅設備,兵庫県,神戸市東灘区,青木２丁目１１番２号ポートハイツ青木１０２号室,6580027
5140001096143,ＩＳＣ株式会社,兵庫県,神戸市東灘区,渦森台３丁目４番６号,6580066
5140001096507,株式会社ＦＯＢＯＮ　ＰＩＣＴＵＲＥＳ,兵庫県,神戸市東灘区,御影中町６丁目５−１６グランデュール御影１０１,6580054
5140001096738,株式会社六面舎,兵庫県,神戸市東灘区,住吉東町３丁目１１番１０−１号,6580052
5140001096795,株式会社エヌヴィ,兵庫県,神戸市東灘区,御影１丁目１３−２５−９０１,6580047
5140001097075,株式会社兵庫食べる通信,兵庫県,神戸市東灘区,向洋町中６丁目９番地神戸ファッションマート１０階,6580032
5140001097265,株式会社グッドフォーエブリワン,兵庫県,神戸市東灘区,御影山手６丁目１番１１号,6580065
5140001097538,株式会社エクスショップ,兵庫県,神戸市東灘区,向洋町中６丁目９,6580032
5140001097629,株式会社ＳＩＮＣＥＲＥ,兵庫県,神戸市東灘区,甲南町３丁目９番７号,6580084
5140001097653,株式会社アチーヴ,兵庫県,神戸市東灘区,住吉山手８丁目２２番１５号,6580063
5140001097728,株式会社ヴィクトリー,兵庫県,神戸市東灘区,住吉東町２丁目１番２−２０２号,6580052
5140001097744,株式会社イーブン,兵庫県,神戸市東灘区,西岡本３丁目６番５号２０１号,6580073
5140001097851,株式会社前川免疫研究所,兵庫県,神戸市東灘区,住吉本町１丁目１１番２８−６０１号,6580051
5140001097892,ＫＮＹＨ医療コンサルタント株式会社,兵庫県,神戸市東灘区,御影郡家２丁目６番３６号,6580048
5140001097901,株式会社ディーキューアイ,兵庫県,神戸市東灘区,向洋町中６丁目９神戸ファッションマート４階ＳＯＨＯプラザ４Ｎ−０７−３,6580032
5140001097959,株式会社Ｍクラン,兵庫県,神戸市東灘区,岡本８丁目７番１２号,6580072
5140001098247,株式会社カーショップサプリ,兵庫県,神戸市東灘区,住吉南町３丁目４番１号,6580041
5140001098370,カスタマーセンター株式会社,兵庫県,神戸市東灘区,向洋町中５丁目６番地の２−８３１号,6580032
5140001098387,株式会社プラスティ,兵庫県,神戸市東灘区,住吉山手４丁目１１番３６−４４０４号,6580063
5140001098404,株式会社ワイ・イ・エス,兵庫県,神戸市東灘区,魚崎中町２丁目１３番１４号３０３,6580083
5140001098718,株式会社誠光,兵庫県,神戸市東灘区,御影本町１丁目１２番２０号山一ビル２０３号,6580046
5140001099682,株式会社花山,兵庫県,神戸市東灘区,魚崎浜町２７番地１９,6580024
5140001100128,株式会社アーキーフェリシア,兵庫県,神戸市東灘区,魚崎北町２丁目９番５−２号,6580082
5140001100235,株式会社リバティ,兵庫県,神戸市東灘区,御影郡家１丁目２０−１９,6580048
5140001100326,株式会社ダブルカラー,兵庫県,神戸市東灘区,岡本１丁目８番１７号,6580072
5140001100334,株式会社ＴｉｎｋｅｒＢｅｌｌ,兵庫県,神戸市東灘区,田中町３丁目１０番２４号,6580081
5140001100425,神良通商株式会社,兵庫県,神戸市東灘区,住吉東町４丁目６−１６りりぱっとはうす１階Ｆ区画,6580052
5140001100499,株式会社ウィング,兵庫県,神戸市東灘区,住吉本町２丁目１３番７号,6580051
5140001100805,株式会社ハレル,兵庫県,神戸市東灘区,森北町７丁目１５番５号,6580001
5140001100887,株式会社Ｋ−５,兵庫県,神戸市東灘区,住吉本町１丁目１１番１０−４０６号,6580051
5140001101324,株式会社ひかりエステート,兵庫県,神戸市東灘区,西岡本６丁目５番１号,6580073
5140001101381,株式会社植村,兵庫県,神戸市東灘区,深江浜町６７番地５０３号,6580023
5140001101407,株式会社バシレウスライオン,兵庫県,神戸市東灘区,向洋町中６丁目９番地,6580032
5140001101605,株式会社ＭＫＨ,兵庫県,神戸市東灘区,西岡本７丁目１５番１３号,6580073
5140001101737,株式会社オンフィリア,兵庫県,神戸市東灘区,岡本６丁目１２番３号,6580072
5140001102256,株式会社トラハコ,兵庫県,神戸市東灘区,向洋町中６丁目９番地,6580032
5140001102314,株式会社ヤノーワークス,兵庫県,神戸市東灘区,住吉台４番３−１０３号,6580062
5140001102470,株式会社ＳＨＩ−ＬＡＩＮ,兵庫県,神戸市東灘区,魚崎南町４丁目１４番１号１０１号,6580025
5140001103155,株式会社デュリント,兵庫県,神戸市東灘区,住吉本町１丁目１１番２８−４０１号,6580051
5140001103205,株式会社Ｋａｎｄｏｕ,兵庫県,神戸市東灘区,住吉山手８丁目７番２１０号,6580063
5140001103931,株式会社ライド,兵庫県,神戸市東灘区,住吉山手９丁目１７番５８号,6580063
5140001103972,株式会社マルジュウ商会,兵庫県,神戸市東灘区,本山北町２丁目１４番６号,6580003
5140001104087,株式会社うはら,兵庫県,神戸市東灘区,住吉本町３丁目３番４号,6580051
5140001104161,株式会社ＡＰＲＥＮＤＥＲＳ,兵庫県,神戸市東灘区,向洋町中６丁目９、４Ｆ,6580032
5140001104533,株式会社ゴーアヘッド,兵庫県,神戸市東灘区,御影２丁目２４番４号,6580047
5140001104698,株式会社みつば,兵庫県,神戸市東灘区,魚崎南町２丁目１８番１８号,6580025
5140001104921,株式会社Ｐｒｉｎｃｅｓｓ　Ｒｏｓｅ,兵庫県,神戸市東灘区,森北町６丁目４番３５号村田ヴィラ２０１号,6580001
5140001104987,株式会社ベースガード,兵庫県,神戸市東灘区,御影中町１丁目３番８−３０３号,6580054
5140001105003,超越株式会社,兵庫県,神戸市東灘区,向洋町中５丁目４−１８,6580032
5140001105176,ＰＵＥＯ株式会社,兵庫県,神戸市東灘区,鴨子ケ原２丁目３番１１−２０１号,6580064
5140001105184,株式会社レティナメディカル,兵庫県,神戸市東灘区,魚崎中町１丁目９番１１号ＹＭビル魚崎中町３０１−Ｂ号室,6580083
5140001105309,株式会社ＳＭＡＲＴ　ＢＲＡＩＮ,兵庫県,神戸市東灘区,深江北町２丁目９番１１号深江北町店舗事務所ビル２０２,6580013
5140001105333,株式会社タクミ,兵庫県,神戸市東灘区,住吉宮町５丁目７番２５号,6580053
5140001105952,株式会社ＪＫ,兵庫県,神戸市東灘区,深江本町３丁目８番１４号,6580021
5140001106042,株式会社アールアンドエム,兵庫県,神戸市東灘区,御影中町１丁目１５番２８号２階,6580054
5140001106059,ワンチーム株式会社,兵庫県,神戸市東灘区,向洋町中６丁目９番地ＫＦＭビル,6580032
5140001106190,株式会社三本の木,兵庫県,神戸市東灘区,住吉南町３丁目４番８号,6580041
5140001106389,株式会社トータルサポート,兵庫県,神戸市東灘区,深江南町１丁目８番２２号,6580022
5140001106587,株式会社ｆｌｏｗ,兵庫県,神戸市東灘区,岡本３丁目６−１８−１０１号,6580072
5140001106595,株式会社ネクサストライ,兵庫県,神戸市東灘区,住吉宮町６丁目１３番１８号住吉ビル地下１階,6580053
5140001106975,株式会社ウッドワークホーム,兵庫県,神戸市東灘区,御影本町６丁目１５番２２号,6580046
5140001107569,株式会社ファオ,兵庫県,神戸市東灘区,岡本４丁目６番１号,6580072
5140001107833,株式会社Ｔｉｇｅｒ　Ｓｐａ,兵庫県,神戸市東灘区,本庄町１丁目１１番５号,6580012
5140001108229,株式会社Ｈａｒｖｅｓｔ,兵庫県,神戸市東灘区,深江本町４丁目１番１６−３０１号,6580021
5140001108476,株式会社リードエンジニアリング,兵庫県,神戸市東灘区,北青木４丁目１７番６号,6580014
5140001108542,株式会社Ｍプランニング,兵庫県,神戸市東灘区,御影山手３丁目１番４−４０１号,6580065
5140001108633,株式会社北大路不動産,兵庫県,神戸市東灘区,本山南町８丁目６番２６号,6580015
5140001108708,株式会社なかよしフードサービス,兵庫県,神戸市東灘区,住吉宮町６丁目３番２１号,6580053
5140001108955,株式会社ＲＡＩＳＯＮ　ＣＯＵＴＵＲＥ,兵庫県,神戸市東灘区,向洋町中６丁目９番地,6580032
5140001109020,株式会社ナインフィールド,兵庫県,神戸市東灘区,岡本８丁目６番２４号,6580072
5140001109284,株式会社シーマ・コーポレーション,兵庫県,神戸市東灘区,魚崎南町８丁目７番２３−２０４号,6580025
5140001109565,株式会社グレイスメディカルサービス,兵庫県,神戸市東灘区,魚崎南町８丁目１２番１６号,6580025
5140001109672,株式会社究極のほぐし人,兵庫県,神戸市東灘区,岡本１丁目５番１５号第一伸幸ビル２Ｆ,6580072
5140001109870,株式会社Ｄｅｓｉｇｎ　ｆｏｒ　Ｌｉｆｅ,兵庫県,神戸市東灘区,住吉山手１丁目１０番２３−１０８号,6580063
5140001110085,株式会社アスト,兵庫県,神戸市東灘区,向洋町西６丁目７番地,6580033
5140001110201,株式会社オフィスシリウス,兵庫県,神戸市東灘区,住吉東町３丁目１６番１０−６０４号,6580052
5140001110614,ＡＴＥａｓｅ株式会社,兵庫県,神戸市東灘区,岡本２丁目２番３４号,6580072
5140001110630,株式会社ＩＤＢＵＳ,兵庫県,神戸市東灘区,向洋町中６丁目９番地,6580032
5140001111827,株式会社甲南山手コンタクト,兵庫県,神戸市東灘区,森北町１丁目７番１５−６０１号,6580001
5140001111901,株式会社Ｖｅｒｉ　Ｅｇｏ,兵庫県,神戸市東灘区,甲南町４丁目１３番１３−９０６号,6580084
5140001112024,株式会社リクルス,兵庫県,神戸市東灘区,森北町３丁目４番１８−１号,6580001
5140001112040,小里組株式会社,兵庫県,神戸市東灘区,本庄町２丁目２番２６−１０２号,6580012
5140001112338,御影ガーデン株式会社,兵庫県,神戸市東灘区,御影中町１丁目１２番２２号,6580054
5140001112775,株式会社増太,兵庫県,神戸市東灘区,岡本８丁目１０番１７号,6580072
5140001112833,株式会社ネクストマネジメント,兵庫県,神戸市東灘区,西岡本２丁目７番４−４１１号,6580073
5140001112899,株式会社ボンド通商,兵庫県,神戸市東灘区,西岡本２丁目７番２オーキッドコート左峯館３１１号,6580073
5140001113245,株式会社クリエレルデザインコーポレーション,兵庫県,神戸市東灘区,向洋町中１丁目１８番,6580032
5140001113988,ユニヴェル株式会社,兵庫県,神戸市東灘区,向洋町中５丁目６番地の１−１３２５号,6580032
5140001114177,株式会社Ｎ＆Ｋ企画,兵庫県,神戸市東灘区,向洋町中３丁目２−５イーストコート１１番街２番館１４１１号室,6580032
5140001114334,株式会社イノベーションラボ,兵庫県,神戸市東灘区,岡本５丁目５番３３号,6580072
5140001114441,株式会社クレッシェンド甲南,兵庫県,神戸市東灘区,西岡本４丁目９番１号,6580073
5140001114549,株式会社ＴＡＹ,兵庫県,神戸市東灘区,渦森台４丁目１８番４−３号,6580066
5140001115126,奥田株式会社,兵庫県,神戸市東灘区,岡本１丁目１３番１６号３０１号,6580072
5140001115695,株式会社グローイング,兵庫県,神戸市東灘区,住吉本町１丁目１１番２８,6580051
5140001115720,株式会社ビッグロード,兵庫県,神戸市東灘区,深江本町３丁目８番１４号,6580021
5140001115968,株式会社エムテック,兵庫県,神戸市東灘区,森南町１丁目９−１２−１０３,6580011
5140001116289,あんどぷらす株式会社,兵庫県,神戸市東灘区,住吉本町２丁目１７番１２−２０１号,6580051
5140001116462,株式会社Ｋ１３,兵庫県,神戸市東灘区,甲南町３丁目１−９,6580084
5140001116578,株式会社東光ホールディングス,兵庫県,神戸市東灘区,岡本４丁目４番６号,6580072
5140001117122,株式会社Ｆｅｌｉｃｅ　Ｃｏｎｓｕｌｔｉｎｇ,兵庫県,神戸市東灘区,森南町２丁目１−５東灘レックスマンション１０２,6580011
5140001117155,Ｒ＆Ｂ株式会社,兵庫県,神戸市東灘区,向洋町中７丁目１番５号,6580032
5140001117238,ＹＦコンサルティング株式会社,兵庫県,神戸市東灘区,西岡本１丁目１４番２０号シー・クリサンス西岡本４０１号,6580073
5140001117527,サクラメディカル株式会社,兵庫県,神戸市東灘区,岡本３丁目１０−１−３１０号,6580072
5140001117857,株式会社ソリス,兵庫県,神戸市東灘区,住吉本町１丁目１番１８号ランドマーク住吉２階,6580051
5140001117865,株式会社Ｏｎｅ　Ｔａｋｅ,兵庫県,神戸市東灘区,住吉本町１丁目５−４エヌシーパレス５０１,6580051
5140001118319,株式会社ポストック,兵庫県,神戸市東灘区,御影中町８丁目３番３１号３０１号,6580054
5140001118541,株式会社ヤマン,兵庫県,神戸市東灘区,甲南町４丁目４番１１−３０３号,6580084
5140001118830,株式会社Ａｚｕｒｅ,兵庫県,神戸市東灘区,本山南町３丁目５番１０−６１３号,6580015
5140001119341,株式会社ワールドクリーン,兵庫県,神戸市東灘区,住吉宮町４丁目３番１３号２０１,6580053
5140001119358,株式会社ＳｔａｒＬｉｆｅｓ,兵庫県,神戸市東灘区,岡本１丁目４番２７号第二オギタビル３Ｆ,6580072
5140001119630,株式会社ＦＩＲＥ＆ＷＡＴＥＲ,兵庫県,神戸市東灘区,御影３丁目２番１１号−３７,6580047
5140001119639,ｆｏｒｔｈｅｍ株式会社,兵庫県,神戸市東灘区,本山北町３丁目１１−２３,6580003
5140001119820,インターステラー株式会社,兵庫県,神戸市東灘区,魚崎北町６丁目２番２４−３号,6580082
5140001119993,株式会社ＬＩＭＩＴＳ,兵庫県,神戸市東灘区,住吉東町３丁目４−１,6580052
5140001120506,株式会社日品,兵庫県,神戸市東灘区,向洋町中６丁目９番地神戸ファッションマート１階,6580032
5140001121165,株式会社オプレイズ,兵庫県,神戸市東灘区,魚崎西町２丁目４番２０号,6580026
5140001121280,株式会社ラン空間,兵庫県,神戸市東灘区,御影山手５丁目２番１６号シャトー御影３０１号,6580065
5140001122015,アベクシーラ株式会社,兵庫県,神戸市東灘区,岡本１丁目１４番６−４０６号,6580072
5140001122188,株式会社ＷＡＫＯ,兵庫県,神戸市東灘区,住吉南町１丁目１１番２７号,6580041
5140001122436,株式会社レガート,兵庫県,神戸市東灘区,向洋町中６丁目９番地,6580032
5140001122452,株式会社Ａｐｐｓ,兵庫県,神戸市東灘区,住吉台３５番２号,6580062
5140001122675,株式会社ルーク,兵庫県,神戸市東灘区,本山北町３丁目１１番７号,6580003
5140001122840,株式会社スカイロジスティクス,兵庫県,神戸市東灘区,向洋町中１丁目１７番地アジアワンセンター,6580032
5140001123120,株式会社ＢＬＵＥ　ＤＯＴ,兵庫県,神戸市東灘区,向洋町中６丁目９,6580032
5140001123161,株式会社鈴木通信,兵庫県,神戸市東灘区,向洋町中５丁目６番地の２−９２９号,6580032
5140001123590,トキ商事株式会社,兵庫県,神戸市東灘区,魚崎中町３丁目５番５−１０１号,6580083
5140001124127,ＴｒｕｓｔＩｎｎｏｖａｔｉｏｎ株式会社,兵庫県,神戸市東灘区,本山北町６丁目３番１号１０２,6580003
5140001124696,株式会社ＣＨ．ライフデザイン,兵庫県,神戸市東灘区,田中町１丁目２番１２号,6580081
5140001124754,株式会社ニシウマ,兵庫県,神戸市東灘区,御影２丁目１２番３３号,6580047
5140001125001,株式会社ＢＵＺＺ　ＳＴＹＬＥ,兵庫県,神戸市東灘区,御影中町８丁目４−１３,6580054
5140001125117,株式会社ＫＡＴＡＯＫＡ,兵庫県,神戸市東灘区,本山中町３丁目６番４号,6580016
5140001125496,株式会社アールエステクノロジー,兵庫県,神戸市東灘区,住吉山手２丁目１２番１６−４０８号,6580063
5140001126453,中南海集団日本株式会社,兵庫県,神戸市東灘区,向洋町中１丁目１７,6580032
5140001126619,株式会社勇和電気,兵庫県,神戸市東灘区,魚崎南町２丁目２０番８号,6580025
5140001126825,ＭＫＫ　Ｔｒａｄｉｎｇ株式会社,兵庫県,神戸市東灘区,岡本９丁目９番７号,6580072
5140001127261,株式会社シュロス神戸,兵庫県,神戸市東灘区,御影本町５丁目８番１０号,6580046
5140001127410,株式会社Ｈ．ＬＡＢ,兵庫県,神戸市東灘区,住吉南町２丁目１２番２−２０９号,6580041
5140001127468,株式会社サンサント,兵庫県,神戸市東灘区,青木２丁目１０−２０−１０７,6580027
5140001127732,株式会社ｚｉｎｇ　ｍｕｓｉｃ　ｌａｂ,兵庫県,神戸市東灘区,本庄町１丁目１６番１４−２０１号,6580012
5140001127930,株式会社ＦＤ‐Ｃｒａｆｔ,兵庫県,神戸市東灘区,御影塚町２丁目２７番１２号１階,6580044
5140001128103,株式会社ｇｕｌｕｇｕｌｕ,兵庫県,神戸市東灘区,住吉山手９丁目５番１０号,6580063
5140001128160,株式会社Ｍ＆Ｔ,兵庫県,神戸市東灘区,岡本９丁目２番３２号サテライト岡本２階東号,6580072
5140001128433,株式会社裕輝,兵庫県,神戸市東灘区,住吉東町１丁目２−１８,6580052
5140001128474,株式会社ＹＡＳＡＫＡ,兵庫県,神戸市東灘区,御影郡家１丁目１７番６号グランヴィ御影郡家２０３号,6580048
5140001128755,三松株式会社,兵庫県,神戸市東灘区,住吉南町２丁目１２番２−８０２号,6580041
5140001129035,株式会社東幸,兵庫県,神戸市東灘区,住吉山手２丁目１２番２４−１号,6580063
5140001129456,株式会社凛恵,兵庫県,神戸市東灘区,岡本１丁目９番２５号シャーメゾン岡本駅前４０１号,6580072
5140001129530,株式会社ＧｒｏｗＲｉｓｅリフォーム,兵庫県,神戸市東灘区,御影本町６丁目１０番９号泉屋ビル１０１号室,6580046
5140001129893,株式会社王の工房,兵庫県,神戸市東灘区,御影中町８丁目１番１３号エスハイムＮｏ．３、２０１号,6580054
5140001130793,エナビス株式会社,兵庫県,神戸市東灘区,御影３丁目２−１１−４,6580047
5140001131107,株式会社ウェストアップ,兵庫県,神戸市東灘区,魚崎北町２丁目８番１−６０２号,6580082
5140001131370,株式会社ナインライブス,兵庫県,神戸市東灘区,魚崎北町３丁目１０番１７号,6580082
5140001131742,株式会社扇交通,兵庫県,神戸市東灘区,深江浜町１３５番地,6580023
5140001131874,株式会社ケセラセラ,兵庫県,神戸市東灘区,御影本町２丁目９番１６号,6580046
5140001132121,株式会社アドバンスプレシジョン,兵庫県,神戸市東灘区,向洋町中３丁目１番地の８・５番館８０３号,6580032
5140001132162,株式会社ボヤージュデュモンド,兵庫県,神戸市東灘区,御影中町４丁目５番８−１０２号,6580054
5140001132286,株式会社ＯＣＴ,兵庫県,神戸市東灘区,向洋町中１丁目１８番地,6580032
5140001132534,株式会社総合陸運,兵庫県,神戸市東灘区,本山中町１丁目１１番２２−３０５号,6580016
5140001133499,株式会社ＦＲＴ．Ｇｒｏｕｐ,兵庫県,神戸市東灘区,深江北町４丁目１０番１４号ウエマスビル２階,6580013
5140001133615,さこし不動産株式会社,兵庫県,神戸市東灘区,御影１丁目１５番１３−３０２号,6580047
5140001134019,オフィスサリー株式会社,兵庫県,神戸市東灘区,本山南町９丁目８番４５−１４０８号,6580015
5140001134910,株式会社ＲＮＳ,兵庫県,神戸市東灘区,西岡本３丁目１９番１−３０１号,6580073
5140001135000,ＡＱＵＡＮＴＡ株式会社,兵庫県,神戸市東灘区,鴨子ヶ原２丁目９番５号,6580064
5140001135157,株式会社オールウィン,兵庫県,神戸市東灘区,岡本９丁目６番１５−１号,6580072
5140001135347,株式会社ＳＴＥＬＬＡ,兵庫県,神戸市東灘区,岡本１丁目６番１４号,6580072
5140001135454,株式会社ブルームクエスト,兵庫県,神戸市東灘区,岡本１丁目６番１４号,6580072
5140001136626,株式会社ｌｉｖｅｎ　ｕｐキャピタルマーケッツ,兵庫県,神戸市東灘区,向洋町中５丁目６−２−５２７,6580032
5140001136683,株式会社ビジョンクレール,兵庫県,神戸市東灘区,御影中町４丁目５番８−１０２号原方,6580054
5140001137070,株式会社和衆商事,兵庫県,神戸市東灘区,魚崎西町２丁目１番２０号,6580026
5140001137161,株式会社ＦＭパートナーズ,兵庫県,神戸市東灘区,住吉宮町３丁目１番２８号,6580053
5140001137211,株式会社Ｋｏｎｙ,兵庫県,神戸市東灘区,西岡本３丁目１６番３号,6580073
5140001137525,株式会社ＬｏｇｉＱ,兵庫県,神戸市東灘区,深江南町５丁目１番１号,6580022
5140001138820,株式会社ｍｅｄｉｔａｌｋ,兵庫県,神戸市東灘区,御影郡家１丁目３２番１９−２０２号,6580048
5140001138894,株式会社天命,兵庫県,神戸市東灘区,御影山手２丁目１１番１１号,6580065
5140001139752,ミミソラ株式会社,兵庫県,神戸市東灘区,向洋町中６丁目９番,6580032
5140001139892,株式会社パレットワークス,兵庫県,神戸市東灘区,甲南町１丁目１番３５−３０２号,6580084
5140001139942,株式会社キンキ機設,兵庫県,神戸市東灘区,住吉南町５丁目６番２１号,6580041
5140001140149,六花グループ株式会社,兵庫県,神戸市東灘区,本山北町５丁目１９番１３号,6580003
5140001140330,株式会社ＹＭＳ,兵庫県,神戸市東灘区,本山南町３丁目５番１０−１０２１号,6580015
5140001141007,Ｉｃｏｎ　Ｌａｂ株式会社,兵庫県,神戸市東灘区,御影中町６丁目２番４号,6580054
5140001141056,株式会社Ｃｏｍｉｎｇ　Ｕｐ,兵庫県,神戸市東灘区,御影石町４丁目１８番４号,6580045
5140001141221,株式会社ユーロモーター,兵庫県,神戸市東灘区,深江浜町１２５番地,6580023
5140001141287,ｓｉｍｐｌｅ株式会社,兵庫県,神戸市東灘区,御影郡家１丁目４番地３号,6580048
5140001141477,株式会社Ｋｏｄｅ　Ｂｉｏ,兵庫県,神戸市東灘区,御影郡家２丁目１３番５号,6580048
5140001141510,株式会社スタイル山忠,兵庫県,神戸市東灘区,岡本１丁目１１−２４,6580072
5140001142070,株式会社ｔｅａｍ　Ｓｈｉｎｋａ,兵庫県,神戸市東灘区,住吉東町２丁目３番２０号フォルザ住吉Ｎ棟Ｍ１２,6580052
5140001142442,株式会社ｂｅｎｏｉｔ,兵庫県,神戸市東灘区,住吉本町３丁目１１番８号,6580051
5140002019292,株式会社匠,兵庫県,神戸市東灘区,住吉山手５丁目３番２８号,6580063
5140002021612,株式会社アベニール,兵庫県,神戸市東灘区,向洋町中５丁目１１番地,6580032
5140002057425,ＫｕｎｉＴｅｃｈ株式会社,兵庫県,神戸市東灘区,御影本町６丁目２番８−２号,6580046
5140002058704,ワンエイジャパン株式会社,兵庫県,神戸市東灘区,住吉本町２丁目２０番３１号,6580051
5140003012908,株式会社Ｈ．Ａ．Ｎ,兵庫県,神戸市東灘区,西岡本２丁目７番１−８３２号,6580073
5160001004450,株式会社オタニプラントインダストリー,兵庫県,神戸市東灘区,西岡本７丁目７番１号,6580073
5260001005612,スプーンシュガー株式会社,兵庫県,神戸市東灘区,深江浜町４８番地,6580023
5350001011493,株式会社生駒,兵庫県,神戸市東灘区,深江浜町１番地の１東部マンションＣ−５０９号,6580023
6010001130384,株式会社ゼラス,兵庫県,神戸市東灘区,向洋町中１丁目１７,6580032
6010001224459,Ｒ．Ｌａｂ株式会社,兵庫県,神戸市東灘区,岡本３丁目１１番２９号,6580072
6010001231810,株式会社ｅｇｇｙ,兵庫県,神戸市東灘区,住吉山手４丁目１１番３６−３２０２号,6580063
6010001237717,株式会社甲南堂,兵庫県,神戸市東灘区,本山南町８丁目６番２６号,6580015
6010401152466,Ｉ・Ｔ・Ｔ・Ｏアチーブメント株式会社,兵庫県,神戸市東灘区,深江南町１丁目９番３１−４０４号,6580022
6010901024867,株式会社ＳＰｉＣＥ−ＵＰ,兵庫県,神戸市東灘区,向洋町中６丁目９番地,6580032
6011001117982,株式会社ＪＡＣＯ　Ｈｏｌｄｉｎｇｓ,兵庫県,神戸市東灘区,向洋町中６丁目６番地６１２号棟５１５号室,6580032
6011101075404,キソウ株式会社,兵庫県,神戸市東灘区,向洋町中１丁目１７,6580032
6011202000005,帝酒造株式会社,兵庫県,神戸市東灘区,向洋町中１丁目１７ＡｓｉａＯｎｅＣｅｎｔｅｒ３０階,6580032
6030001096921,トラベルガイド株式会社,兵庫県,神戸市東灘区,住吉本町３丁目３番３４号,6580051
6060002030744,株式会社Ｔマルシェ,兵庫県,神戸市東灘区,住吉本町１丁目１０番５６−１１０号,6580051
6120001015335,株式会社ソフトウェアトータルサービス,兵庫県,神戸市東灘区,向洋町中２丁目９番地１神戸ファッションプラザ,6580032
6120001051124,株式会社ジェンス,兵庫県,神戸市東灘区,本山南町３丁目５番１０−３１０号,6580015
6120001069983,桃榮商事株式会社,兵庫県,神戸市東灘区,本山町田辺字松尾谷２５１番地の１６,6580004
6120001115597,Ｗｉｎｔｅｃ　Ｊａｐａｎ株式会社,兵庫県,神戸市東灘区,向洋町中６丁目９番地,6580032
6120001115878,エムアイティ株式会社,兵庫県,神戸市東灘区,岡本７丁目１２番９−１０７号,6580072
6120001122131,株式会社ジーフロー,兵庫県,神戸市東灘区,向洋町中６丁目９番地,6580032
6120001128946,株式会社プログレス,兵庫県,神戸市東灘区,深江本町４丁目４番２１号甲南ファミール１Ｆ,6580021
6120001131140,株式会社Ｋ−３,兵庫県,神戸市東灘区,住吉本町１丁目１１番１０−４０６号,6580051
6120001134416,真里物流株式会社,兵庫県,神戸市東灘区,向洋町東２丁目１番３号,6580031
6120001146345,株式会社放送通信機器,兵庫県,神戸市東灘区,向洋町東４丁目１６,6580031
6120001166731,株式会社ランズ,兵庫県,神戸市東灘区,本山中町２丁目１番２５−１０１号,6580016
6120001172639,ＡＳＯＱ不動産流通株式会社,兵庫県,神戸市東灘区,甲南町４丁目１２番１２号,6580084
6120001186366,ニューフィールドコンサルティング株式会社,兵庫県,神戸市東灘区,岡本１丁目６番１４号,6580072
6120001190129,株式会社コルクコーポレーション,兵庫県,神戸市東灘区,向洋町中３丁目１番８−３番館２０４号,6580032
6120001193024,株式会社Ｔａｃａ,兵庫県,神戸市東灘区,住吉本町１丁目１７番１５号,6580051
6120001194294,高光製薬株式会社,兵庫県,神戸市東灘区,本山南町８丁目６番２６号,6580015
6120001196976,株式会社ＭＩＣＡＬＬＥ,兵庫県,神戸市東灘区,向洋町中６丁目９,6580032
6120001200085,株式会社山正,兵庫県,神戸市東灘区,本山中町２丁目３番７号,6580016
6120001205976,恵傑株式会社,兵庫県,神戸市東灘区,向洋町中６丁目９番地神戸ファッションマート４Ｗ−０１−３,6580032
6120001216684,株式会社ＦＩＶＥ,兵庫県,神戸市東灘区,向洋町中１丁目４番地１２４号棟１１１３号室,6580032
6120001216866,モフモフ株式会社,兵庫県,神戸市東灘区,渦森台１丁目７番Ｄ棟２０２,6580066
6120001221412,志高株式会社,兵庫県,神戸市東灘区,西岡本２丁目７番３−１０２３号,6580073
6120001228614,日向株式会社,兵庫県,神戸市東灘区,岡本１丁目２番１８−１１０１号,6580072
6120101053185,株式会社アクティブキャリー,兵庫県,神戸市東灘区,魚崎浜町２０番地,6580024
6120901019542,高津土地建物株式会社,兵庫県,神戸市東灘区,住吉本町１丁目１０番５６住吉本町レジデンス７０９,6580051
6120901036406,シンテック株式会社,兵庫県,神戸市東灘区,魚崎北町５丁目３番１９号,6580082
6120903001812,株式会社ビッグツー,兵庫県,神戸市東灘区,向洋町中１丁目１４番地イーストコート２番街１００９号,6580032
6130001029607,株式会社コ・メディカル,兵庫県,神戸市東灘区,本山中町４丁目４番１５−３０１号,6580016
6130001064356,株式会社ＧＭＳＣｏｒｐｏｒａｔｉｏｎ,兵庫県,神戸市東灘区,西岡本７丁目７番２号,6580073
6140001000104,芦屋ホーム株式会社,兵庫県,神戸市東灘区,御影山手４丁目２３番３号,6580065
6140001000789,睦興業株式会社,兵庫県,神戸市東灘区,本庄町１丁目６番４号,6580012
6140001000954,暁建設工業株式会社,兵庫県,神戸市東灘区,深江南町３丁目８番５号,6580022
6140001000970,朝日興産株式会社,兵庫県,神戸市東灘区,御影山手５丁目２５番６号,6580065
6140001000979,アズマ通商株式会社,兵庫県,神戸市東灘区,北青木３丁目７番５−５０１号,6580014
6140001000987,株式会社アタツク,兵庫県,神戸市東灘区,田中町４丁目６番７号,6580081
6140001000995,株式会社アンヌーヴォ,兵庫県,神戸市東灘区,西岡本７丁目６番１１号,6580073
6140001001011,株式会社アリス,兵庫県,神戸市東灘区,住吉山手６丁目９番１７号,6580063
6140001001036,オールジャパンリロケーション株式会社,兵庫県,神戸市東灘区,向洋町中５丁目１５番地,6580032
6140001001044,株式会社井手興業,兵庫県,神戸市東灘区,魚崎浜町３６番地の４,6580024
6140001001052,株式会社井戸竹,兵庫県,神戸市東灘区,住吉宮町５丁目６番２２号,6580053
6140001001077,魚崎酒造株式会社,兵庫県,神戸市東灘区,御影本町３丁目１２番５号,6580046
6140001001093,株式会社ヴエルモータース,兵庫県,神戸市東灘区,魚崎西町３丁目６番２号,6580026
6140001001127,株式会社エステック,兵庫県,神戸市東灘区,向洋町東２丁目２番２号,6580031
6140001001143,株式会社エヌ・ワイ・シー,兵庫県,神戸市東灘区,御影本町１丁目１２番２０号,6580046
6140001001176,株式会社逢坂,兵庫県,神戸市東灘区,本山北町６丁目１０番１３号,6580003
6140001001184,大島金属工業株式会社,兵庫県,神戸市東灘区,御影塚町２丁目１番１号,6580044
6140001001192,株式会社大塚板金工作所,兵庫県,神戸市東灘区,西岡本３丁目２番１７号,6580073
6140001001201,株式会社オートビジネス,兵庫県,神戸市東灘区,本山南町３丁目９番１４号,6580015
6140001001226,株式会社トレジャー,兵庫県,神戸市東灘区,御影本町８丁目１４番１７号,6580046
6140001001275,株式会社堅田工務店,兵庫県,神戸市東灘区,魚崎北町４丁目８番３９号,6580082
6140001001325,株式会社菊屋商店,兵庫県,神戸市東灘区,御影塚町２丁目２番１０号,6580044
6140001001366,旭成紙業株式会社,兵庫県,神戸市東灘区,魚崎浜町２７−２１,6580024
6140001001382,株式会社クレール,兵庫県,神戸市東灘区,田中町１丁目８番２１号,6580081
6140001001399,株式会社景光園,兵庫県,神戸市東灘区,岡本７丁目８番３２号,6580072
6140001001408,株式会社ケーブルテック,兵庫県,神戸市東灘区,御影浜町４番地,6580043
6140001001432,甲南交通株式会社,兵庫県,神戸市東灘区,本山南町９丁目４番２８号,6580015
6140001001440,甲南共栄株式会社,兵庫県,神戸市東灘区,御影本町１丁目７番１５号,6580046
6140001001449,株式会社甲南堂,兵庫県,神戸市東灘区,御影中町１丁目１番８号,6580054
6140001001498,ココロ株式会社,兵庫県,神戸市東灘区,魚崎北町５丁目１番８−４０２号,6580082
6140001001507,株式会社コタニ産商,兵庫県,神戸市東灘区,御影本町６丁目７番１号,6580046
6140001001515,株式会社コンフォートコレクション,兵庫県,神戸市東灘区,北青木３丁目７番５−５０２号,6580014
6140001001523,株式会社コモエ,兵庫県,神戸市東灘区,西岡本２丁目４５番１号オーキッドコート左峰舘３２２号,6580073
6140001001548,三栄パツキング工業株式会社,兵庫県,神戸市東灘区,御影塚町４丁目１１番６号,6580044
6140001001564,株式会社ベイライン,兵庫県,神戸市東灘区,向洋町中６丁目９番地神戸ファッションマート,6580032
6140001001572,坂口酸業株式会社,兵庫県,神戸市東灘区,御影本町５丁目８番１７号,6580046
6140001001580,エス・イー・ディー株式会社,兵庫県,神戸市東灘区,深江本町２丁目３−３４,6580021
6140001001597,株式会社サンセイ,兵庫県,神戸市東灘区,魚崎北町６丁目７番２号,6580082
6140001001606,株式会社サトー食品,兵庫県,神戸市東灘区,深江浜町７４番地,6580023
6140001001639,庵上木材株式会社,兵庫県,神戸市東灘区,魚崎浜町２３番２,6580024
6140001001663,株式会社ジェットデベロップメント,兵庫県,神戸市東灘区,御影中町６丁目４番２１号,6580054
6140001001688,神港有機化学工業株式会社,兵庫県,神戸市東灘区,住吉浜町１８番地の２６,6580042
6140001001738,株式会社醸界通信社,兵庫県,神戸市東灘区,本山中町４丁目１１番２１号,6580016
6140001001754,シャープ産業株式会社,兵庫県,神戸市東灘区,本山南町８丁目６番２６号,6580015
6140001001762,株式会社ジャパンオートパーツ,兵庫県,神戸市東灘区,魚崎西町１丁目３番１８号,6580026
6140001001779,真和商事株式会社,兵庫県,神戸市東灘区,田中町４丁目６番７−１０２号,6580081
6140001001787,株式会社スガワラ,兵庫県,神戸市東灘区,魚崎北町１丁目１３番１１号,6580082
6140001001795,株式会社住吉エンタプライズ,兵庫県,神戸市東灘区,住吉南町４丁目５番５号,6580041
6140001001804,セイシン株式会社,兵庫県,神戸市東灘区,御影山手５丁目３番７号,6580065
6140001001829,摂津食品株式会社,兵庫県,神戸市東灘区,深江北町４丁目１３番２３号,6580013
6140001001845,株式会社総本家岡女堂,兵庫県,神戸市東灘区,御影本町２丁目１５番１８号,6580046
6140001001911,株式会社太陽商会,兵庫県,神戸市東灘区,深江浜町１３８番,6580023
6140001001936,株式会社タケダ工業所,兵庫県,神戸市東灘区,住吉宮町３丁目１５番１５号,6580053
6140001001944,株式会社鷹之羽商事,兵庫県,神戸市東灘区,北青木４丁目２４番１６号,6580014
6140001001952,高松工業株式会社,兵庫県,神戸市東灘区,森南町１丁目６番１３号,6580011
6140001001993,中央物産株式会社,兵庫県,神戸市東灘区,住吉南町２丁目１２番１７号,6580041
6140001002001,辻井酒造株式会社,兵庫県,神戸市東灘区,魚崎南町４丁目４番１３号,6580025
6140001002026,テクノ建設株式会社,兵庫県,神戸市東灘区,御影塚町４丁目１４番１７号,6580044
6140001002034,株式会社デザインみかげ,兵庫県,神戸市東灘区,御影本町２丁目３番６号,6580046
6140001002075,株式会社ＴＳＫ,兵庫県,神戸市東灘区,向洋町西５丁目９番,6580033
6140001002100,株式会社トステム,兵庫県,神戸市東灘区,御影中町６丁目２番２５号,6580054
6140001002109,株式会社トミオ神戸建設,兵庫県,神戸市東灘区,魚崎南町３丁目１７番２２号,6580025
6140001002117,株式会社泊工務店,兵庫県,神戸市東灘区,魚崎北町８丁目２番２１号,6580082
6140001002133,内外礦油株式会社,兵庫県,神戸市東灘区,甲南町２丁目７番１２号,6580084
6140001002158,株式会社ナタール,兵庫県,神戸市東灘区,魚崎中町４丁目２番２０号,6580083
6140001002182,西林水産株式会社,兵庫県,神戸市東灘区,深江浜町１番地の１,6580023
6140001002232,株式会社ハウジングライフ,兵庫県,神戸市東灘区,本山中町４丁目１０番１２号,6580016
6140001002249,白鶴不動産株式会社,兵庫県,神戸市東灘区,住吉南町４丁目５番５号,6580041
6140001002257,株式会社阪神アイスパレス,兵庫県,神戸市東灘区,本庄町１丁目３番１８号,6580012
6140001002265,阪神ソース株式会社,兵庫県,神戸市東灘区,本山南町１丁目１番１号,6580015
6140001002273,阪神鍛造株式会社,兵庫県,神戸市東灘区,魚崎南町５丁目１２番２４号,6580025
6140001002298,株式会社花六総本店,兵庫県,神戸市東灘区,住吉南町３丁目２番３１号,6580041
6140001002307,林興産株式会社,兵庫県,神戸市東灘区,本山北町３丁目４番３号,6580003
6140001002331,東灘不動産センター株式会社,兵庫県,神戸市東灘区,北青木３丁目２１番７号,6580014
6140001002348,日吉ステンレス工機株式会社,兵庫県,神戸市東灘区,御影塚町４丁目１４番１８号,6580044
6140001002372,ファイブアップ株式会社,兵庫県,神戸市東灘区,本山中町１丁目１２番１１号,6580016
6140001002422,株式会社ブロードアドヴァンスドコミュニケーションズ,兵庫県,神戸市東灘区,森北町６丁目４番３７号,6580001
6140001002455,株式会社ペリカセブン,兵庫県,神戸市東灘区,深江浜町１４２番地,6580023
6140001002488,株式会社前川商店,兵庫県,神戸市東灘区,深江浜町１番１,6580023
6140001002538,マヤ工業株式会社,兵庫県,神戸市東灘区,深江北町５丁目２番１４号,6580013
6140001002546,株式会社丸一商事,兵庫県,神戸市東灘区,御影本町２丁目１５番２４号,6580046
6140001002562,丸中食品株式会社,兵庫県,神戸市東灘区,深江浜町１番地の１,6580023
6140001002604,みなと観光バス株式会社,兵庫県,神戸市東灘区,向洋町東１丁目４,6580031
6140001002629,株式会社メイカーズ,兵庫県,神戸市東灘区,住吉東町１丁目４−１９,6580052
6140001002653,株式会社元三,兵庫県,神戸市東灘区,本山中町１丁目１１番２号,6580016
6140001002661,株式会社本山スポーツ＆カルチャー,兵庫県,神戸市東灘区,本山南町３丁目１０番２１号,6580015
6140001002703,山手電機工業株式会社,兵庫県,神戸市東灘区,御影本町２丁目４番１号,6580046
6140001002711,山本鋼材株式会社,兵庫県,神戸市東灘区,深江浜町１５９番地,6580023
6140001002736,株式会社ヨコハマタイヤサービス兵庫,兵庫県,神戸市東灘区,住吉南町１丁目１番１４号,6580041
6140001002744,株式会社吉田看板店,兵庫県,神戸市東灘区,魚崎南町４丁目１４番１７号,6580025
6140001002752,株式会社寄谷建設,兵庫県,神戸市東灘区,西岡本３丁目１０番１号,6580073
6140001002760,ライラック商事株式会社,兵庫県,神戸市東灘区,本庄町３丁目７番２１号,6580012
6140001002802,レグルス株式会社,兵庫県,神戸市東灘区,御影２丁目２番１−１０６号,6580047
6140001002810,株式会社六甲アイランド運輸倉庫,兵庫県,神戸市東灘区,向洋町東３丁目９番地,6580031
6140001002827,株式会社神戸医薬研究所,兵庫県,神戸市東灘区,住吉本町２丁目１９番２９号,6580051
6140001002843,株式会社リック・Ｃ・Ｓ・Ｒ,兵庫県,神戸市東灘区,御影塚町２丁目２５番２３号,6580044
6140001002851,株式会社神戸シール,兵庫県,神戸市東灘区,住吉宮町６丁目１４番５号マックスビル,6580053
6140001002868,神戸中央青果株式会社,兵庫県,神戸市東灘区,深江浜町１番１神戸市中央卸売市場東部市場内,6580023
6140001002892,神戸理化学工業株式会社,兵庫県,神戸市東灘区,魚崎西町４丁目４番１５号,6580026
6140001002901,日本技術サービス株式会社,兵庫県,神戸市東灘区,住吉東町３丁目１１番２号,6580052
6140001002918,日本ピアノサービス株式会社,兵庫県,神戸市東灘区,魚崎中町２丁目６番１９号,6580083
6140001002926,株式会社ＪＦ兵庫県生花,兵庫県,神戸市東灘区,深江浜町１番１,6580023
6140001002934,株式会社兵庫標板製作所,兵庫県,神戸市東灘区,御影塚町４丁目１１番６号,6580044
6140001003346,株式会社弘福製作所,兵庫県,神戸市東灘区,魚崎北町４丁目８番４２号,6580082
6140001003395,サン興産株式会社,兵庫県,神戸市東灘区,魚崎南町３丁目１３番５号,6580025
6140001003610,大克木材株式会社,兵庫県,神戸市東灘区,魚崎浜町２３番地の５,6580024
6140001005581,株式会社神戸トランスポート,兵庫県,神戸市東灘区,深江南町４丁目８８番地,6580022
6140001009517,株式会社寺沢商会,兵庫県,神戸市東灘区,住吉宮町３丁目１１番１１号,6580053
6140001011241,株式会社無＿庵宗家,兵庫県,神戸市東灘区,御影中町１丁目１５番７号,6580054
6140001011448,株式会社ヤマト,兵庫県,神戸市東灘区,御影本町４丁目１１番１２号,6580046
6140001011976,神戸相互貿易株式会社,兵庫県,神戸市東灘区,御影中町４丁目８番１０号,6580054
6140001012264,株式会社エヌ・エイチ・ケイ日本ハウス神戸,兵庫県,神戸市東灘区,御影本町４丁目３番１１号,6580046
6140001012719,株式会社オリエンタル楽器,兵庫県,神戸市東灘区,住吉台１４番２５号,6580062
6140001013304,神和興産株式会社,兵庫県,神戸市東灘区,住吉本町２丁目１０番３号,6580051
6140001013411,ソックコウベ株式会社,兵庫県,神戸市東灘区,向洋町中６丁目９番地,6580032
6140001013659,東京・日本交通株式会社,兵庫県,神戸市東灘区,御影塚町２丁目２８−２０−２０１,6580044
6140001014624,神戸天然鑛泉株式会社,兵庫県,神戸市東灘区,住吉山手３丁目３番２２号,6580063
6140001017073,ワールドシステム株式会社,兵庫県,神戸市東灘区,魚崎浜町２９−５,6580024
6140001017908,株式会社ハウスプランニング,兵庫県,神戸市東灘区,住吉本町１丁目３番２号,6580051
6140001019037,スタータック株式会社,兵庫県,神戸市東灘区,本庄町２丁目５番１２−１１０４号,6580012
6140001019045,平岡工業株式会社,兵庫県,神戸市東灘区,深江本町２丁目３番３４号,6580021
6140001019169,株式会社ヒューリ,兵庫県,神戸市東灘区,御影中町３丁目１番６号,6580054
6140001019607,株式会社オーテイエス企画,兵庫県,神戸市東灘区,住吉本町２丁目１７番２１号,6580051
6140001019631,ヘルメス・ジャパン株式会社,兵庫県,神戸市東灘区,向洋町中２丁目１０番地,6580032
6140001019730,株式会社エドワードジャパン,兵庫県,神戸市東灘区,青木２丁目３番２１−６０５号,6580027
6140001019862,株式会社ソーホーコー,兵庫県,神戸市東灘区,魚崎南町５丁目９番３４−１１０５号,6580025
6140001020168,株式会社正建工業,兵庫県,神戸市東灘区,田中町３丁目１３番５号,6580081
6140001020382,株式会社イメージバンク,兵庫県,神戸市東灘区,森南町１丁目９番６−１０４号,6580011
6140001020523,株式会社エコ・サポート,兵庫県,神戸市東灘区,本山町北畑字ザクガ原６６３番地の６,6580005
6140001020606,株式会社新神戸セキュリティ,兵庫県,神戸市東灘区,青木１丁目２番１号,6580027
6140001021307,株式会社イデオグラフィア,兵庫県,神戸市東灘区,森北町７丁目２０番１１号,6580001
6140001021380,株式会社ナッツ環境デザインネットワーク,兵庫県,神戸市東灘区,御影中町３丁目２番４号,6580054
6140001021620,株式会社コム・ジャパン,兵庫県,神戸市東灘区,住吉本町１丁目３番２号,6580051
6140001021637,アイテイシー・オブ・ジャパン株式会社,兵庫県,神戸市東灘区,御影１丁目１１番１号,6580047
6140001021843,剣豪集団株式会社,兵庫県,神戸市東灘区,向洋町中１丁目１７アジアワンセンター,6580032
6140001022635,株式会社カルム,兵庫県,神戸市東灘区,御影塚町１丁目４番７号,6580044
6140001022726,株式会社健康神戸,兵庫県,神戸市東灘区,御影３丁目２番１１−１９号,6580047
6140001022775,Ｃｏｎｃｏｒｄ　Ｓｏｌｕｔｉｏｎｓ　Ｊａｐａｎ株式会社,兵庫県,神戸市東灘区,魚崎北町４丁目１４番２２−２０２号,6580082
6140001022791,株式会社イーストコーポレーション,兵庫県,神戸市東灘区,本山北町１丁目７番６号,6580003
6140001022858,株式会社リリパット,兵庫県,神戸市東灘区,住吉本町２丁目５番１２号,6580051
6140001023022,株式会社インデス,兵庫県,神戸市東灘区,岡本３丁目１０番１号グランフォート岡本２１３,6580072
6140001023105,株式会社建設計画,兵庫県,神戸市東灘区,向洋町中６丁目９番地,6580032
6140001023294,株式会社アースワークス,兵庫県,神戸市東灘区,向洋町中６丁目９番地神戸ファッションマート７Ｅ−０９,6580032
6140001023410,株式会社日本ブレーン,兵庫県,神戸市東灘区,向洋町中５丁目１５,6580032
6140001023682,青山通商株式会社,兵庫県,神戸市東灘区,向洋町中６丁目９ＫＦＭ４Ｃ−０７,6580032
6140001023724,株式会社あり建築事務所,兵庫県,神戸市東灘区,本山北町６丁目１７番２４号,6580003
6140001023807,株式会社ウエル家夢・コミュニケーションズ,兵庫県,神戸市東灘区,向洋町中６丁目９番地,6580032
6140001023864,株式会社フォーチュン・バイオ,兵庫県,神戸市東灘区,深江本町３丁目８番１４号５階,6580021
6140001023996,株式会社セイヨー,兵庫県,神戸市東灘区,深江浜町６５番地,6580023
6140001024680,株式会社ドゥクエスト,兵庫県,神戸市東灘区,岡本１丁目１２番１４号,6580072
6140001024805,株式会社ユニクレア,兵庫県,神戸市東灘区,西岡本３丁目４番８号,6580073
6140001024838,株式会社メリーゴーランド,兵庫県,神戸市東灘区,岡本３丁目７番１５号アプローズ岡本１０１号,6580072
6140001024994,株式会社トーマス,兵庫県,神戸市東灘区,深江南町３丁目５番１−１０６号,6580022
6140001025010,株式会社アール・イー・ホームズ,兵庫県,神戸市東灘区,森南町１丁目５番１−セルバ１２９号,6580011
6140001025043,株式会社丸文,兵庫県,神戸市東灘区,住吉南町３丁目３番５号,6580041
6140001025134,株式会社アシスト,兵庫県,神戸市東灘区,向洋町東４丁目４番６,6580031
6140001025381,株式会社Ｌｉｂｅｒｔｙ＆Ｃｏ．,兵庫県,神戸市東灘区,御影郡家１丁目１３−１４−５０３,6580048
6140001025407,株式会社竹谷運輸,兵庫県,神戸市東灘区,向洋町東３丁目８番,6580031
6140001025679,株式会社パルテック,兵庫県,神戸市東灘区,住吉浜町１２番地,6580042
6140001025910,株式会社ビクトリー,兵庫県,神戸市東灘区,向洋町中１丁目１４番地,6580032
6140001025968,株式会社サウスストリーム,兵庫県,神戸市東灘区,岡本８丁目１０番２１号,6580072
6140001026000,株式会社ピアパワー,兵庫県,神戸市東灘区,向洋町東１丁目４番,6580031
6140001026090,株式会社アールアンドケイマーケティング,兵庫県,神戸市東灘区,御影山手５丁目２番２８−２０６号,6580065
6140001026215,山邑興産株式会社,兵庫県,神戸市東灘区,魚崎北町８丁目６番１７号,6580082
6140001026702,トランスハイヤー神戸株式会社,兵庫県,神戸市東灘区,深江浜町１４６−２,6580023
6140001026743,株式会社タンデムジャパン,兵庫県,神戸市東灘区,向洋町中１丁目１８番地,6580032
6140001026751,三友物産株式会社,兵庫県,神戸市東灘区,住吉本町３丁目４番４７号Ａ−９０６号,6580051
6140001027064,デウソン神戸株式会社,兵庫県,神戸市東灘区,向洋町中８丁目１番,6580032
6140001027147,甲南ブランキングサービス株式会社,兵庫県,神戸市東灘区,魚崎浜町４３番１ＪＦＥ商事甲南スチールセンター株式会社内,6580024
6140001027428,株式会社おか田,兵庫県,神戸市東灘区,住吉宮町１丁目６番１７号,6580053
6140001027444,株式会社リーガルステージ,兵庫県,神戸市東灘区,本庄町１丁目１２番６−１０１,6580012
6140001027618,株式会社イーストテラス,兵庫県,神戸市東灘区,住吉本町３丁目１番１７−３１２号,6580051
6140001027683,ケンテック株式会社,兵庫県,神戸市東灘区,御影山手４丁目２１番２３号,6580065
6140001027733,株式会社フォーティーン,兵庫県,神戸市東灘区,魚崎西町１丁目２番１７号,6580026
6140001027741,株式会社ビクトリー,兵庫県,神戸市東灘区,向洋町中５丁目１番地５２１号棟３０９号室,6580032
6140001027881,株式会社オルソナティック,兵庫県,神戸市東灘区,岡本３丁目１０番３０−３０６号,6580072
6140001027972,株式会社アロコーポレーション,兵庫県,神戸市東灘区,本山北町６丁目１４番２９号,6580003
6140001028005,株式会社ＧＬＯＢＡＬ　ＳＴＡＧＥ,兵庫県,神戸市東灘区,森北町６丁目２番６７号,6580001
6140001028079,株式会社リエ,兵庫県,神戸市東灘区,魚崎西町４丁目１番８号,6580026
6140001028137,株式会社コムエンス・ホールディングス,兵庫県,神戸市東灘区,深江浜町１２３番地,6580023
6140001028194,御影管理サービス株式会社,兵庫県,神戸市東灘区,鴨子ケ原２丁目３番４５−４０４号,6580064
6140001028310,株式会社Ｓｔｙｌｅ　Ａｇｅｎｔ,兵庫県,神戸市東灘区,向洋町中６丁目９番地神戸ファッションマート,6580032
6140001028335,株式会社エイ・シー保険サービス,兵庫県,神戸市東灘区,甲南町１丁目４番５号,6580084
6140001028426,ＪＫアセット株式会社,兵庫県,神戸市東灘区,住吉宮町７丁目６番２２−２０１号,6580053
6140001028459,株式会社キシノ,兵庫県,神戸市東灘区,本山南町３丁目６番３３−６０１号,6580015
6140001028500,株式会社カイマス,兵庫県,神戸市東灘区,住吉南町３丁目３番５号,6580041
6140001028698,アサック株式会社,兵庫県,神戸市東灘区,本山北町２丁目１５番３号,6580003
6140001028847,株式会社颯爽藝流,兵庫県,神戸市東灘区,岡本１丁目３−１７パッセージ岡本３階Ｉ室,6580072
6140001028970,株式会社優雅住建,兵庫県,神戸市東灘区,深江本町１丁目７番１４号,6580021
6140001029036,株式会社ＭＡＩ　ＣＯＲＰＯＲＡＴＩＯＮ,兵庫県,神戸市東灘区,住吉宮町３丁目１番２２号,6580053
6140001029201,株式会社ムナゾンシンクタンク,兵庫県,神戸市東灘区,向洋町中６丁目９番地,6580032
6140001029259,株式会社Ｖｉｅ　Ｒｉｚｅ,兵庫県,神戸市東灘区,深江南町２丁目１２番２９号,6580022
6140001029309,株式会社ライフプロ,兵庫県,神戸市東灘区,魚崎中町１丁目６番２１号,6580083
6140001029440,よろこびサービス株式会社,兵庫県,神戸市東灘区,住吉南町１丁目１３番１号,6580041
6140001029597,株式会社ＪＡＰＡＮ・ＳＩＱ協会,兵庫県,神戸市東灘区,御影３丁目２番１１−３９号,6580047
6140001029663,株式会社エンジン,兵庫県,神戸市東灘区,鴨子ケ原２丁目７番１７号,6580064
6140001029671,株式会社美都樹園,兵庫県,神戸市東灘区,魚崎中町３丁目８番９号,6580083
6140001029894,Ｃａｍｓａ株式会社,兵庫県,神戸市東灘区,住吉台３１番１号,6580062
6140001029952,株式会社エムアイピー,兵庫県,神戸市東灘区,岡本６丁目２番１５号３０２号,6580072
6140001029960,株式会社ワイルドグラス,兵庫県,神戸市東灘区,深江南町１丁目１番５８−３０４号,6580022
6140001030373,株式会社弘法,兵庫県,神戸市東灘区,御影３丁目２−１１−４５８,6580047
6140001030415,株式会社イカリア,兵庫県,神戸市東灘区,御影中町１丁目６番３号,6580054
6140001030514,株式会社日伸メディカル,兵庫県,神戸市東灘区,御影中町２丁目５番２号,6580054
6140001030596,株式会社Ｔ＆Ｍ,兵庫県,神戸市東灘区,住吉東町２丁目１番２号,6580052
6140001030687,キングカップス株式会社,兵庫県,神戸市東灘区,魚崎北町４丁目３番１１号１０１号,6580082
6140001030778,株式会社ＯＦＦＩＣＥ　ＳＡＣＨＩ,兵庫県,神戸市東灘区,向洋町中２丁目１番地２１５号棟１１２６号室,6580032
6140001030828,株式会社Ｔ＆Ａ,兵庫県,神戸市東灘区,田中町５丁目４−３,6580081
6140001030869,株式会社フューチャーリンク,兵庫県,神戸市東灘区,住吉東町５丁目２番２−６０８号,6580052
6140001030976,株式会社發揮堂,兵庫県,神戸市東灘区,住吉宮町３丁目１０番７号,6580053
6140001031009,アイナレッジ株式会社,兵庫県,神戸市東灘区,本山北町５丁目１２番５−Ａ１０１号,6580003
6140001031017,株式会社宮本塗装,兵庫県,神戸市東灘区,御影本町７丁目７番１９号,6580046
6140001031025,ヴェスパーコーポレーション株式会社,兵庫県,神戸市東灘区,西岡本４丁目１５番２号,6580073
6140001031033,株式会社ＭＯＣＯ,兵庫県,神戸市東灘区,森北町７丁目１９番６号,6580001
6140001031116,ウェルフェア・コスメティック株式会社,兵庫県,神戸市東灘区,住吉宮町７丁目６番２３号,6580053
6140001031149,株式会社ミストラル,兵庫県,神戸市東灘区,御影郡家１丁目３２番１６号,6580048
6140001031256,株式会社Ｏｖａｔｉｏｎ　Ｐｌｕｓ,兵庫県,神戸市東灘区,住吉本町１丁目６番８号,6580051
6140001031355,株式会社Ｔ・Ｈライフ,兵庫県,神戸市東灘区,本山南町８丁目５番６−１０１１号,6580015
6140001031727,ピースコーポレーション株式会社,兵庫県,神戸市東灘区,魚崎南町４丁目１５番１５号,6580025
6140001032056,株式会社かとれあ,兵庫県,神戸市東灘区,岡本６丁目４番２号,6580072
6140001032188,株式会社ＰＲＯＵＤ,兵庫県,神戸市東灘区,住吉宮町３丁目１０−２２精和マンション１階,6580053
6140001032196,アトムモバイル株式会社,兵庫県,神戸市東灘区,岡本１丁目３番２５−６０１号,6580072
6140001032361,株式会社名家華中華,兵庫県,神戸市東灘区,魚崎北町４丁目１５番１４−３０８号,6580082
6140001032444,アレス株式会社,兵庫県,神戸市東灘区,向洋町中１丁目４番地１２１号棟１０６号,6580032
6140001032691,株式会社マインド,兵庫県,神戸市東灘区,森北町７丁目４番２３号,6580001
6140001032824,株式会社エミュー,兵庫県,神戸市東灘区,深江南町４丁目１４番１７−９０２号,6580022
6140001032923,株式会社大桂産業,兵庫県,神戸市東灘区,田中町２丁目１１番６号,6580081
6140001033062,リサイクリエイト株式会社,兵庫県,神戸市東灘区,向洋町中６丁目９番地,6580032
6140001033327,株式会社アイシステム,兵庫県,神戸市東灘区,住吉台４番５−６０３号,6580062
6140001033426,株式会社グローバルサービス,兵庫県,神戸市東灘区,御影石町４丁目１２番１６号,6580045
6140001033442,株式会社Ｌａｂｏｒａ,兵庫県,神戸市東灘区,住吉本町１丁目１番１８号ランドマーク住吉２Ｆ,6580051
6140001033517,株式会社ヴァース,兵庫県,神戸市東灘区,御影石町３丁目５番１１号リブ石町３０２号,6580045
6140001033541,株式会社Ｔ．Ｉ．Ｃｏｒｐｏｒａｔｉｏｎ,兵庫県,神戸市東灘区,魚崎中町３丁目２番５号,6580083
6140001033558,株式会社タカタ,兵庫県,神戸市東灘区,岡本８丁目１０番３３−１０３号,6580072
6140001033814,株式会社Ｓｔｙｌｉｓｈ　Ｔａｂｌｅ,兵庫県,神戸市東灘区,御影本町６丁目１３−１１−２Ａ,6580046
6140001033830,株式会社川本工業,兵庫県,神戸市東灘区,御影本町３丁目１３−１２,6580046
6140001033863,笹川興産株式会社,兵庫県,神戸市東灘区,御影２丁目２５番１号,6580047
6140001033905,株式会社京極,兵庫県,神戸市東灘区,本山北町２丁目１４番２７−４０７号,6580003
6140001033962,株式会社悠灯舎,兵庫県,神戸市東灘区,森北町４丁目４番５３号Ｂ−２０３号,6580001
6140001034176,株式会社ＴＡＫＥソイル,兵庫県,神戸市東灘区,青木３丁目２−１６,6580027
6140001034218,日本フルーディクス株式会社,兵庫県,神戸市東灘区,向洋町中６丁目９番地,6580032
6140001034300,株式会社ＡＤＡＭ,兵庫県,神戸市東灘区,向洋町中１丁目４番地１２９号棟１３０４号室,6580032
6140001034333,株式会社クローバー,兵庫県,神戸市東灘区,深江浜町１４１番地の４,6580023
6140001034341,株式会社小野工業,兵庫県,神戸市東灘区,西岡本５丁目１２番１９号,6580073
6140001038004,株式会社ＳＦＲ,兵庫県,神戸市東灘区,向洋町中６丁目９番地神戸ファッションマート,6580032
6140001038012,株式会社ＹＫ神戸東販売,兵庫県,神戸市東灘区,深江南町２丁目５番１８号,6580022
6140001038020,株式会社ＢＬＵＥ,兵庫県,神戸市東灘区,本山南町９丁目８−３４,6580015
6140001042154,株式会社萬來,兵庫県,神戸市東灘区,住吉宮町１丁目１３番１４号,6580053
6140001042286,株式会社土肥乳販宅配センター,兵庫県,神戸市東灘区,本庄町３丁目６番１７号,6580012
6140001042328,株式会社アドレンジ,兵庫県,神戸市東灘区,西岡本７丁目８番１１号,6580073
6140001045727,株式会社ベガ,兵庫県,神戸市東灘区,住吉山手２丁目５番２０号,6580063
6140001047070,永大株式会社,兵庫県,神戸市東灘区,本山南町３丁目５番１０−９０３号,6580015
6140001057152,株式会社なな亭,兵庫県,神戸市東灘区,魚崎北町４丁目１２−１２−５０４,6580082
6140001057202,株式会社セントラルネット,兵庫県,神戸市東灘区,御影塚町１丁目９番３３号,6580044
6140001057251,株式会社平田商店Ｄ＆Ｓ,兵庫県,神戸市東灘区,御影２丁目１０番２号,6580047
6140001057788,株式会社井筒屋山下商店,兵庫県,神戸市東灘区,御影山手４丁目２４番９号,6580065
6140001067382,ナチュラル株式会社,兵庫県,神戸市東灘区,魚崎北町６丁目２−２０−１０４,6580082
6140001068521,株式会社ケイ・エル,兵庫県,神戸市東灘区,田中町１丁目１３番２２−１０２号,6580081
6140001070989,株式会社オンリーカーズ,兵庫県,神戸市東灘区,深江南町１丁目１５−３６−１１１号,6580022
6140001070997,株式会社日本ヒューマンズ・ハート,兵庫県,神戸市東灘区,御影中町３丁目１番８−６０１号ジョイフル御影,6580054
6140001072606,株式会社グラード,兵庫県,神戸市東灘区,深江浜町１４１番地３,6580023
6140001073059,ＣＩＰ株式会社,兵庫県,神戸市東灘区,住吉南町１丁目１番２２号,6580041
6140001077737,株式会社ファイナンシャルソリューション,兵庫県,神戸市東灘区,深江北町１丁目６番１８−５０１号,6580013
6140001077893,株式会社中上設備,兵庫県,神戸市東灘区,御影本町４丁目１番１８号,6580046
6140001080096,アクア株式会社,兵庫県,神戸市東灘区,本山中町４丁目１１番２１号,6580016
6140001086069,平松企画株式会社,兵庫県,神戸市東灘区,森北町７丁目１７番１２号,6580001
6140001086721,株式会社Ｍ・ＰＵＥＯ,兵庫県,神戸市東灘区,青木２丁目６番１０−４１２号,6580027
6140001086812,株式会社さつき,兵庫県,神戸市東灘区,田中町１丁目９番１０号アズミー南ビル４０２号,6580081
6140001086911,アールビーウェーブ株式会社,兵庫県,神戸市東灘区,本山中町２丁目５番２８号,6580016
6140001087158,リュウショウ電子株式会社,兵庫県,神戸市東灘区,深江浜町６７番地３０４号,6580023
6140001087265,Ｚ＆Ｎ貿易株式会社,兵庫県,神戸市東灘区,本山中町１丁目１４−２−２０１,6580016
6140001087645,株式会社Ｑ,兵庫県,神戸市東灘区,御影山手１丁目２番１０−１２０７号,6580065
6140001087678,株式会社ＰＥＲＬＥ,兵庫県,神戸市東灘区,森南町２丁目３番１１号,6580011
6140001088395,株式会社ユースバンコ,兵庫県,神戸市東灘区,深江北町４丁目１１番２４−１００４号,6580013
6140001088404,株式会社ナガレコーポレーション,兵庫県,神戸市東灘区,田中町１丁目１４番２３−２０６号,6580081
6140001089096,株式会社マッキーコーポレーション,兵庫県,神戸市東灘区,御影山手５丁目９番１１号,6580065
6140001089377,株式会社光山興業,兵庫県,神戸市東灘区,住吉南町１丁目１３番１８号,6580041
6140001089674,株式会社プライムコネクション,兵庫県,神戸市東灘区,住吉宮町４丁目１番４−１０２号,6580053
6140001089988,株式会社ＫＲＡ．Ａｄｅｌ,兵庫県,神戸市東灘区,鴨子ケ原３丁目１番６号,6580064
6140001090079,株式会社Ｌａ　Ｍａｒｉｅ,兵庫県,神戸市東灘区,田中町１丁目７−２１ＪＵＮ本山３Ｆ,6580081
6140001090161,東部・田上生花株式会社,兵庫県,神戸市東灘区,深江浜町１番地１,6580023
6140001090186,精貿株式会社,兵庫県,神戸市東灘区,深江南町１丁目９番２５−１０８号,6580022
6140001090269,株式会社エイジャスト,兵庫県,神戸市東灘区,本山中町４丁目８番３号,6580016
6140001090418,株式会社アトラス,兵庫県,神戸市東灘区,深江南町４丁目７番３９−１号,6580022
6140001090566,株式会社翔和興業,兵庫県,神戸市東灘区,魚崎南町３丁目８番２２−１号,6580025
6140001090839,株式会社ＩＫコンサルティング,兵庫県,神戸市東灘区,岡本７丁目１２番５６号,6580072
6140001091127,株式会社ＮＤＫフーズ,兵庫県,神戸市東灘区,渦森台３丁目１９番５号,6580066
6140001091151,株式会社グッジョブ,兵庫県,神戸市東灘区,魚崎中町２丁目６番３１号,6580083
6140001091606,株式会社マテリアルプラス,兵庫県,神戸市東灘区,向洋町中７丁目１番地の５ウエストコート１１番街７１２号,6580032
6140001091738,株式会社アーバンＨＤ,兵庫県,神戸市東灘区,御影３丁目２番１１号−２０６,6580047
6140001092042,株式会社ＳＭＳ,兵庫県,神戸市東灘区,住吉本町１丁目１０番１８号,6580051
6140001092216,株式会社三鈴,兵庫県,神戸市東灘区,向洋町中１丁目４番地１２８号棟１１０４号室,6580032
6140001092950,Ｎシステム株式会社,兵庫県,神戸市東灘区,御影塚町２丁目１９番１２号,6580044
6140001093239,株式会社Ｔ・Ｂ・Ｐ,兵庫県,神戸市東灘区,住吉本町１丁目３番１３号,6580051
6140001093478,甲陽園商事株式会社,兵庫県,神戸市東灘区,深江南町３丁目３番８号,6580022
6140001093701,朱史株式会社,兵庫県,神戸市東灘区,本山北町４丁目９番６号,6580003
6140001093718,株式会社ＩＫメディカル,兵庫県,神戸市東灘区,甲南台１番３１号,6580002
6140001093775,株式会社ディアンドディ,兵庫県,神戸市東灘区,魚崎西町１丁目９番２０−１０３号,6580026
6140001094550,エンディング・プラン株式会社,兵庫県,神戸市東灘区,魚崎南町５丁目４番１０−３０３号,6580025
6140001094641,ナチュラルループ株式会社,兵庫県,神戸市東灘区,住吉浜町１９−１３,6580042
6140001094798,ハートフルライフ株式会社,兵庫県,神戸市東灘区,森南町１丁目５番１号,6580011
6140001094831,扇インシュアランスサービス株式会社,兵庫県,神戸市東灘区,深江浜町１３６番地,6580023
6140001095367,アグローバリー株式会社,兵庫県,神戸市東灘区,向洋町中６丁目９番地,6580032
6140001095714,株式会社オールドニューハウス,兵庫県,神戸市東灘区,住吉本町１丁目２４番２２−４０５号,6580051
6140001095937,株式会社アイス,兵庫県,神戸市東灘区,西岡本５丁目１３番２７号,6580073
6140001096332,株式会社木村ビル不動産販売,兵庫県,神戸市東灘区,住吉東町３丁目９番１９号,6580052
6140001096712,株式会社音音,兵庫県,神戸市東灘区,向洋町中６丁目３番地の８９,6580032
6140001096729,株式会社竹中ホーム,兵庫県,神戸市東灘区,魚崎南町２丁目５番１８−４０５号,6580025
6140001097017,目黒ＦＰマネジメント株式会社,兵庫県,神戸市東灘区,森北町７丁目１８番５号,6580001
6140001097116,株式会社ｓｈｉｏｍｉ　Ｈ,兵庫県,神戸市東灘区,御影郡家２丁目８番３７号,6580048
6140001097355,ＰＳＯＮ株式会社,兵庫県,神戸市東灘区,深江浜町７７番地−１０５,6580023
6140001097396,ミモーレ株式会社,兵庫県,神戸市東灘区,向洋町中５丁目６−２−１１１４,6580032
6140001097702,株式会社みらいたべるきょうと,兵庫県,神戸市東灘区,御影中町８丁目３番２１号１Ｆ,6580054
6140001097891,株式会社ワイズ,兵庫県,神戸市東灘区,住吉本町１丁目１５番７号シャトージュネス住吉１０１号室,6580051
6140001097982,株式会社ＯＭＯＩＤＥ　ＦＡＣＴＯＲＹ,兵庫県,神戸市東灘区,向洋町中６丁目９番地,6580032
6140001098031,株式会社ミュリール,兵庫県,神戸市東灘区,御影山手４丁目１０番１８号,6580065
6140001098378,株式会社フォレスト技研,兵庫県,神戸市東灘区,本山中町４丁目２番８号,6580016
6140001098403,株式会社ドリームシェア・サービス,兵庫県,神戸市東灘区,魚崎南町２丁目７番７号,6580025
6140001098790,株式会社サクセストリガー,兵庫県,神戸市東灘区,向洋町中１丁目１０番地１０１号棟１８０５号室,6580032
6140001098997,株式会社裕吉,兵庫県,神戸市東灘区,深江南町４丁目１３番２０号磯島マンション１階,6580022
6140001099517,ＶＩＶＡ　Ｉｎｔｅｒｎａｔｉｏｎａｌ株式会社,兵庫県,神戸市東灘区,御影３丁目２番１１号,6580047
6140001099582,株式会社松岡商事,兵庫県,神戸市東灘区,住吉本町２丁目１６番１８号メゾンドカルム住吉２０３号,6580051
6140001100382,株式会社ＬＩＧ,兵庫県,神戸市東灘区,御影山手３丁目３番２−４０１号,6580065
6140001100399,株式会社ベルビーバンク,兵庫県,神戸市東灘区,渦森台３丁目１５番地２−１号,6580066
6140001101397,ＰＩＨＰメディカル株式会社,兵庫県,神戸市東灘区,鴨子ケ原１丁目５番１６号甲南病院内,6580064
6140001101546,株式会社Ｒｉｏ,兵庫県,神戸市東灘区,岡本３丁目８番１号,6580072
6140001101983,株式会社ｔｗｏ　ｓｔｏｒｙ,兵庫県,神戸市東灘区,向洋町中６丁目９番地ＫＦＭ内１０Ｅ−０７,6580032
6140001102189,株式会社サンクチュアリ,兵庫県,神戸市東灘区,魚崎北町５丁目８−２１,6580082
6140001102503,株式会社タクミ,兵庫県,神戸市東灘区,住吉台２８番１３号,6580062
6140001102726,株式会社森商会,兵庫県,神戸市東灘区,本山南町７丁目８番３０−２０２号,6580015
6140001102817,株式会社セブンシーズ,兵庫県,神戸市東灘区,本山中町４丁目１６番１９−４０７,6580016
6140001102949,株式会社ＰｒｏＢｏｄｙ,兵庫県,神戸市東灘区,魚崎西町４丁目２番９号,6580026
6140001103633,オータム企画株式会社,兵庫県,神戸市東灘区,森南町２丁目２番１６号,6580011
6140001103939,一志会Ｄｒｅａｍ株式会社,兵庫県,神戸市東灘区,住吉宮町２丁目１１番１５号,6580053
6140001104375,株式会社蘇文商事,兵庫県,神戸市東灘区,北青木４丁目１３番３号,6580014
6140001104383,株式会社Ｃ　ｉｓ,兵庫県,神戸市東灘区,本庄町１丁目２番２６号アーバンコンフォート３０３号,6580012
6140001104441,株式会社ｃｉａｏｖｅｌｌａ−ｕｎｌｅａｓｈｅｄ,兵庫県,神戸市東灘区,御影中町１丁目６番１１号,6580054
6140001104573,株式会社ＳＨＩＮＨＡＮ,兵庫県,神戸市東灘区,向洋町中７丁目２番地の１、９番館５０７号,6580032
6140001105167,株式会社ナナミエクスプレス,兵庫県,神戸市東灘区,魚崎南町４丁目２番３３号,6580025
6140001105407,株式会社えとでん,兵庫県,神戸市東灘区,御影塚町４丁目７番１１号,6580044
6140001105670,株式会社デジタルアライアンス,兵庫県,神戸市東灘区,向洋町中６丁目９,6580032
6140001106025,ユイナス株式会社,兵庫県,神戸市東灘区,田中町４丁目８番９号,6580081
6140001106958,株式会社Ｃｏｍｅ　Ｈｅａｒｔ　Ｐｌｕｓ,兵庫県,神戸市東灘区,岡本７丁目８番１１号,6580072
6140001106982,株式会社ユタカ,兵庫県,神戸市東灘区,住吉山手５丁目３番８号,6580063
6140001107196,株式会社牧野ダイバーシティ事務所,兵庫県,神戸市東灘区,西岡本１丁目１５番２０号パークハイム西岡本５０５号,6580073
6140001107543,株式会社華信,兵庫県,神戸市東灘区,田中町５丁目１番２４号ネオウイング１０１号,6580081
6140001107840,株式会社ＡＧＷ　ＴＥＣＨＮＯＬＯＧＹ　ＪＡＰＡＮ,兵庫県,神戸市東灘区,深江北町４丁目７−４,6580013
6140001107873,ＭＣＭ０１　Ｃｌａｕｄｉａ株式会社,兵庫県,神戸市東灘区,住吉本町１丁目１０番５６−２０５号,6580051
6140001107948,株式会社ＫＳソリューションズ,兵庫県,神戸市東灘区,岡本２丁目９番３３−１０６号,6580072
6140001108054,株式会社ＪＭＡ,兵庫県,神戸市東灘区,魚崎南町２丁目１８番１６−２号,6580025
6140001108260,株式会社東海,兵庫県,神戸市東灘区,北青木３丁目８番３１号地下１Ｆ,6580014
6140001108392,スペースクリエイティブ株式会社,兵庫県,神戸市東灘区,御影石町３丁目４番１８号,6580045
6140001108608,株式会社ＢＥＮＹ,兵庫県,神戸市東灘区,本山中町４丁目１６−１９フォーシーズン・アパートメント３０６号,6580016
6140001108896,龍氏娯楽株式会社,兵庫県,神戸市東灘区,森北町７丁目２０番３０号,6580001
6140001108938,株式会社ＳＩＣホールディングス,兵庫県,神戸市東灘区,向洋町西６丁目７番地,6580033
6140001108970,株式会社大由,兵庫県,神戸市東灘区,住吉宮町３丁目１５番４号,6580053
6140001109011,神戸武蔵フーズ株式会社,兵庫県,神戸市東灘区,甲南町３丁目３番２１号,6580084
6140001109829,株式会社インクブルー,兵庫県,神戸市東灘区,鴨子ケ原３丁目２８番２３号,6580064
6140001110027,株式会社ＫＹＯＵＤＯＵ,兵庫県,神戸市東灘区,北青木４丁目１番８−２０８号,6580014
6140001110101,神山電子株式会社,兵庫県,神戸市東灘区,本山中町３丁目５番３号,6580016
6140001110241,株式会社Ｖｉｂｌｅｓｓ,兵庫県,神戸市東灘区,御影郡家１丁目１７番６−１０１号,6580048
6140001110299,株式会社ＨＡＮＡ　ＨＯＭＥＳ,兵庫県,神戸市東灘区,向洋町中１丁目１７番地アジアワンセンター２１Ｆ,6580032
6140001110506,株式会社ＰＲＯＧＲＥＳＳ,兵庫県,神戸市東灘区,御影２丁目８番３０−２０５号,6580047
6140001110869,株式会社神戸在宅サービス,兵庫県,神戸市東灘区,住吉山手７丁目６番３号,6580063
6140001111017,株式会社サンソリューション,兵庫県,神戸市東灘区,御影山手３丁目１番４−４０１号,6580065
6140001111099,株式会社Ｓｈｏｅｂｅｒ,兵庫県,神戸市東灘区,森北町１丁目６番２０号,6580001
6140001111165,和光地所株式会社,兵庫県,神戸市東灘区,岡本１丁目３番３１号,6580072
6140001111198,ニューラルグランド株式会社,兵庫県,神戸市東灘区,魚崎中町２丁目６番３１号,6580083
6140001111479,株式会社ワイズメディカル,兵庫県,神戸市東灘区,田中町１丁目１４−２３ハイツ本山１Ｆ,6580081
6140001111495,株式会社西鉄工所,兵庫県,神戸市東灘区,向洋町中５丁目６番地の２、１４１６号,6580032
6140001111974,株式会社オシンテック,兵庫県,神戸市東灘区,住吉山手４丁目１１番２５号,6580063
6140001111990,株式会社笑栄,兵庫県,神戸市東灘区,本山南町９丁目８番３４号,6580015
6140001112205,ＳＰＵＲ株式会社,兵庫県,神戸市東灘区,本山北町５丁目１８番１３号,6580003
6140001112238,株式会社コアプラス,兵庫県,神戸市東灘区,御影郡家１丁目１３番１４−１０６号,6580048
6140001112262,株式会社ＢＭＩテクノロジー,兵庫県,神戸市東灘区,御影塚町１丁目９−４１,6580044
6140001112436,株式会社ＣａｆｅＭｉ　Ｍｏｎｄｅ,兵庫県,神戸市東灘区,西岡本３丁目２４番９号,6580073
6140001112931,株式会社ＵＮＤＥＲＧＲＯＵＮＤ,兵庫県,神戸市東灘区,住吉本町１丁目７番２８−７０１号,6580051
6140001113194,トリプルウィン株式会社,兵庫県,神戸市東灘区,御影本町８丁目１２番１０−２号,6580046
6140001113293,株式会社ＩＳＯＬＡ,兵庫県,神戸市東灘区,本山北町３丁目２番２７,6580003
6140001113888,株式会社ビオフローラ,兵庫県,神戸市東灘区,御影塚町２丁目２０番２０号向山ビル１階,6580044
6140001114498,株式会社ラポール動物病院,兵庫県,神戸市東灘区,御影中町７丁目６番１８号,6580054
6140001114688,株式会社ＴＩＤＥ．ホールディングス,兵庫県,神戸市東灘区,御影石町２丁目１４番２１号,6580045
6140001114779,株式会社ユーズマネジメント,兵庫県,神戸市東灘区,田中町１丁目１１番２５−４０１号,6580081
6140001114853,株式会社神戸シティ設計,兵庫県,神戸市東灘区,本山南町２丁目１３番１２−５０５号,6580015
6140001114960,株式会社ＬＥＩＳホールディングス,兵庫県,神戸市東灘区,向洋町中３丁目１番地の５イーストコート８番街１−１２０３号,6580032
6140001115100,株式会社納多,兵庫県,神戸市東灘区,深江北町３丁目５番２９号（１０３号）,6580013
6140001115109,Ｔｒａｄｉｎｇ　Ｍａｓｔｅｒ　Ｊａｐａｎ株式会社,兵庫県,神戸市東灘区,御影３丁目２番１１−３３３号,6580047
6140001115199,株式会社Ｅｎｇｉｎｅ,兵庫県,神戸市東灘区,御影中町７丁目７番１１号,6580054
6140001115298,株式会社エスアイ通信,兵庫県,神戸市東灘区,深江南町４丁目７番２３号,6580022
6140001115331,トライフォース株式会社,兵庫県,神戸市東灘区,本山南町８丁目６番２６号東神戸センタービルＷＥＳＴ棟７階,6580015
6140001115595,芯身美茶株式会社,兵庫県,神戸市東灘区,向洋町中６丁目９番地４Ｆ,6580032
6140001115653,株式会社紺屋,兵庫県,神戸市東灘区,本山中町４丁目１４番１号,6580016
6140001115835,井上住設工業株式会社,兵庫県,神戸市東灘区,魚崎西町４丁目１１番２４号,6580026
6140001115851,株式会社エヌリアルエステート,兵庫県,神戸市東灘区,向洋町中５丁目１１番地５０１号棟３２０１号室,6580032
6140001115967,株式会社ＣＦＯサポート,兵庫県,神戸市東灘区,御影中町３丁目２−４−１３０７,6580054
6140001116429,バレル株式会社,兵庫県,神戸市東灘区,魚崎西町２丁目２番２−４０５号,6580026
6140001116528,株式会社メディフェア,兵庫県,神戸市東灘区,向洋町中６丁目９番地,6580032
6140001116791,ＭＡＣＢ株式会社,兵庫県,神戸市東灘区,西岡本７丁目１７番１−４０４号,6580073
6140001117708,株式会社キューカン,兵庫県,神戸市東灘区,魚崎中町４丁目６番２１号,6580083
6140001118177,株式会社エヌエーワン,兵庫県,神戸市東灘区,渦森台４丁目２８番１０号,6580066
6140001120298,株式会社Ｓｐｅｃｉａｌ　Ｎｅｅｄｓ　Ｃａｒｅ,兵庫県,神戸市東灘区,向洋町中６丁目９番地,6580032
6140001120315,株式会社テイク,兵庫県,神戸市東灘区,岡本３丁目９番９号２０４号,6580072
6140001120430,株式会社Ｙｏｕｍｉｘ,兵庫県,神戸市東灘区,田中町２丁目９−２０,6580081
6140001120471,株式会社ＫＩＤ　ＡＣＡＤＥＭＹ,兵庫県,神戸市東灘区,向洋町中６丁目９番地,6580032
6140001120612,株式会社クレシェンテセリザワ,兵庫県,神戸市東灘区,西岡本７丁目６番９号,6580073
6140001120777,株式会社３Ｓ,兵庫県,神戸市東灘区,向洋町中１丁目１７,6580032
6140001120827,株式会社Ａ．Ｏエステート,兵庫県,神戸市東灘区,住吉宮町４丁目４番１−１３３号,6580053
6140001120967,株式会社神戸グローバルコンサルティング,兵庫県,神戸市東灘区,北青木３丁目９番８−２号,6580014
6140001120975,株式会社ＬｕＦｉｒｍ,兵庫県,神戸市東灘区,御影石町１丁目７番１２号,6580045
6140001121008,株式会社ｒｉｃｈｅｓ桜,兵庫県,神戸市東灘区,本山南町８丁目５番１６−３０５号,6580015
6140001121024,ＧＵＦＯ株式会社,兵庫県,神戸市東灘区,鴨子ケ原２丁目３番１１−２０１号,6580064
6140001121107,Ｐｈｏｔｏｎ．株式会社,兵庫県,神戸市東灘区,鴨子ケ原３丁目７番６号,6580064
6140001121180,株式会社ケイ,兵庫県,神戸市東灘区,田中町２丁目８番１１号,6580081
6140001121404,株式会社ＡＴ,兵庫県,神戸市東灘区,岡本２丁目１３番１０号,6580072
6140001121494,株式会社ｒｅｃｈａｎｇｅ,兵庫県,神戸市東灘区,甲南町３丁目３番２１号,6580084
6140001121701,太陽商事株式会社,兵庫県,神戸市東灘区,御影郡家１丁目６番２１号,6580048
6140001122146,ＤＩＮＳみらい株式会社,兵庫県,神戸市東灘区,向洋町中２丁目９番地１神戸ファッションプラザ６階,6580032
6140001122187,株式会社ＯＳＫ,兵庫県,神戸市東灘区,住吉南町１丁目１１番２７号,6580041
6140001122781,日紅株式会社,兵庫県,神戸市東灘区,向洋町中６丁目９番地７Ｗ−１２,6580032
6140001122798,タイヨ株式会社,兵庫県,神戸市東灘区,深江南町４丁目１３番２７号,6580022
6140001123409,株式会社Ｔｒｉ−Ｓ,兵庫県,神戸市東灘区,深江南町２丁目１３番１６−１３０８号,6580022
6140001123532,メディカリ株式会社,兵庫県,神戸市東灘区,住吉本町１丁目１０−１４−２,6580051
6140001123838,株式会社Ｒ＆Ｓ,兵庫県,神戸市東灘区,御影塚町２丁目５番１５号,6580044
6140001123887,株式会社ウェーブライフ,兵庫県,神戸市東灘区,向洋町中６丁目６番地６１１号棟５１１号室,6580032
6140001124134,株式会社ダリコビル,兵庫県,神戸市東灘区,深江北町１丁目９−２６サンロイス芦屋５号館２０３号,6580013
6140001124381,株式会社チャイルドチッパー,兵庫県,神戸市東灘区,青木５丁目６番２５−１号,6580027
6140001124613,株式会社沖神カーゴ,兵庫県,神戸市東灘区,青木２丁目１１番１２−１０１号,6580027
6140001125041,株式会社ユニ・コア,兵庫県,神戸市東灘区,西岡本３丁目１２番１６−３０１号,6580073
6140001125082,株式会社ライフサポート,兵庫県,神戸市東灘区,向洋町中５丁目１番地５２４ウエストコート４番街１０１４,6580032
6140001125090,株式会社Ｋｏｂｅ岡本,兵庫県,神戸市東灘区,鴨子ケ原１丁目１２番１３号,6580064
6140001125322,神戸カーテスター株式会社,兵庫県,神戸市東灘区,魚崎浜町２３番地１７,6580024
6140001125421,ＥＶＥＮ株式会社,兵庫県,神戸市東灘区,御影中町６丁目３番２５−１０２号,6580054
6140001125495,株式会社カウンセリング・ルーム輝,兵庫県,神戸市東灘区,住吉東町２丁目３番３３−１１０４号,6580052
6140001126519,ＭＪ都市開発株式会社,兵庫県,神戸市東灘区,向洋町中６丁目９神戸ファッションマート,6580032
6140001126717,株式会社ａｒａｔａ,兵庫県,神戸市東灘区,御影３丁目１番２１号前田マンション２階東,6580047
6140001126964,パッセ株式会社,兵庫県,神戸市東灘区,田中町１丁目１１番１４−２０１号,6580081
6140001127087,Ｓ．Ｔｅａ株式会社,兵庫県,神戸市東灘区,西岡本２丁目２６−１パークスクエア岡本７２７,6580073
6140001127236,株式会社ＰＢＳ,兵庫県,神戸市東灘区,森南町２丁目２−１６−４０１,6580011
6140001127590,ＡＳＨＩＹＡ　ＴＲＡＤＩＮＧ株式会社,兵庫県,神戸市東灘区,深江浜町１１１−２,6580023
6140001127632,株式会社山三クリエイト,兵庫県,神戸市東灘区,岡本７丁目９番１９号,6580072
6140001128390,株式会社コウベハク,兵庫県,神戸市東灘区,住吉本町２丁目１７番９号ＭＯＡ甲南３０１,6580051
6140001128432,ｉｒｉｓｅ　ｃｏｓｍｅｔｉｃｓ株式会社,兵庫県,神戸市東灘区,向洋町中２丁目１番地２１４号棟１０１７号室,6580032
6140001129240,株式会社Ｂｕｂｂｌｅｓ,兵庫県,神戸市東灘区,御影郡家１丁目２０番９−１０７号,6580048
6140001129802,株式会社ｎａｎｏｈａｎａ,兵庫県,神戸市東灘区,御影塚町２丁目２５番２号,6580044
6140001129876,株式会社Ｄ・ＯＮＥ,兵庫県,神戸市東灘区,向洋町中１丁目１７ＡｓｉａＯｎｅＣｅｎｔｅｒ１Ｆ,6580032
6140001130495,株式会社ＨＲＣＯ,兵庫県,神戸市東灘区,住吉南町２丁目９番１８号,6580041
6140001130652,株式会社スカイエンジニアリング,兵庫県,神戸市東灘区,向洋町中１丁目１７番地アジアワンセンター,6580032
6140001130693,ＳＯＲＡ　Ｃｏｍｍｕｎｉｃａｔｉｏｎｓ株式会社,兵庫県,神戸市東灘区,御影山手３丁目３番２−８０４号,6580065
6140001130982,Ｌｉｌｌｉｅ株式会社,兵庫県,神戸市東灘区,住吉東町３丁目１４番１９号,6580052
6140001130999,株式会社ｅｎ,兵庫県,神戸市東灘区,住吉山手５丁目８番２２号,6580063
6140001131171,株式会社スレックアール,兵庫県,神戸市東灘区,岡本１丁目１２番１４号,6580072
6140001131378,株式会社シャイン,兵庫県,神戸市東灘区,住吉本町２丁目９番２３号,6580051
6140001131428,株式会社Ｎｏｓｔａｌｇｉｓｔａ,兵庫県,神戸市東灘区,西岡本５丁目１１番２１号２０２,6580073
6140001131551,ＲＵＳＹ株式会社,兵庫県,神戸市東灘区,深江北町５丁目６番２１−１０４号,6580013
6140001132351,平沼建設株式会社,兵庫県,神戸市東灘区,御影本町１丁目１２−２０御影山一ビル４０１,6580046
6140001132368,株式会社木村興業,兵庫県,神戸市東灘区,御影石町１丁目８−２６−６０３,6580045
6140001132475,Ｅｖｅｒｙｏｎｅ株式会社,兵庫県,神戸市東灘区,住吉山手５丁目１６番８号,6580063
6140001132871,株式会社ディアリングタクト,兵庫県,神戸市東灘区,御影３丁目２−１１−１８,6580047
6140001133093,俵株式会社,兵庫県,神戸市東灘区,西岡本２丁目７番４−４２２号,6580073
6140001133523,株式会社福吉商事,兵庫県,神戸市東灘区,向洋町中５丁目１番地５２３号棟１１１号室,6580032
6140001133671,株式会社ホテルケーニヒスクローネ,兵庫県,神戸市東灘区,住吉山手７丁目７番２０号,6580063
6140001134182,株式会社Ｈｅｌｉａｎｔｈｕｓ,兵庫県,神戸市東灘区,向洋町中５丁目１番地５２２号棟１０１０号室,6580032
6140001134348,Ｅ‐ｗｉｌｌｏｗｓ株式会社,兵庫県,神戸市東灘区,住吉南町５丁目１０番３６号,6580041
6140001135180,株式会社井戸,兵庫県,神戸市東灘区,御影本町６丁目２番２２号,6580046
6140001135189,タイ貿易株式会社,兵庫県,神戸市東灘区,魚崎南町５丁目５番１１−２０１号,6580025
6140001135379,ＡＺ日本ＡＩロボット株式会社,兵庫県,神戸市東灘区,向洋町中１丁目１７番地アジア・ワン・センター,6580032
6140001135544,新アンクルセブン株式会社,兵庫県,神戸市東灘区,向洋町中１丁目１７,6580032
6140001136229,株式会社マルクト,兵庫県,神戸市東灘区,森北町７丁目１１番４１号,6580001
6140001136261,株式会社Ｆａｌｃｏｎ＆Ｓｕｎ,兵庫県,神戸市東灘区,御影中町３丁目２番４号,6580054
6140001136831,Ｔｒａｖｅｌｅｔｓ株式会社,兵庫県,神戸市東灘区,御影中町１丁目９−３カネヨシビル４Ｆ,6580054
6140001137020,株式会社ミモザブリーゼ,兵庫県,神戸市東灘区,向洋町中６丁目９番地,6580032
6140001137202,佳悦株式会社,兵庫県,神戸市東灘区,本山中町２丁目６番２０−１０６号,6580016
6140001137227,株式会社楓,兵庫県,神戸市東灘区,魚崎北町２丁目２−２７−４０１号,6580082
6140001137342,株式会社ＴＡＴＡ,兵庫県,神戸市東灘区,岡本９丁目６−１８−１０３,6580072
6140001137417,まんじゅう不動産株式会社,兵庫県,神戸市東灘区,西岡本２丁目２６番１−１２５号,6580073
6140001137532,井上産業株式会社,兵庫県,神戸市東灘区,御影２丁目１２番２６−２０２号,6580047
6140001138191,株式会社Ａｊ‐ｓｋｙ,兵庫県,神戸市東灘区,向洋町中１丁目１０番地１０１号棟３５０６号室,6580032
6140001138241,株式会社福山メディカル産業医事務所,兵庫県,神戸市東灘区,御影３丁目１３番１３号,6580047
6140001138274,株式会社ＨＡＮＡ　ＲＥＡＲＴＨ,兵庫県,神戸市東灘区,向洋町中１丁目１７番地アジアワンセンター２１Ｆ,6580032
6140001138282,株式会社Ｕｎｄｅｒｄｏｇ,兵庫県,神戸市東灘区,御影石町２丁目２３番３号,6580045
6140001138290,株式会社サンエイト,兵庫県,神戸市東灘区,深江浜町７６番地神戸青果食品商業協同組合会館１０１号,6580023
6140001138324,古美術志永堂株式会社,兵庫県,神戸市東灘区,御影郡家１丁目２４番１０号,6580048
6140001138381,京師同文株式会社,兵庫県,神戸市東灘区,森北町３丁目２−３８−１０２号室,6580001
6140001138836,株式会社ＩＭＡ,兵庫県,神戸市東灘区,青木６丁目８番１２号,6580027
6140001139000,株式会社慶,兵庫県,神戸市東灘区,御影１丁目１３番２７−６０２号,6580047
6140001139058,株式会社ネイクローバー,兵庫県,神戸市東灘区,御影山手６丁目３番２３号,6580065
6140001139090,クラリオンテック株式会社,兵庫県,神戸市東灘区,御影中町１丁目８番７号ブライト御影４０５号,6580054
6140001139207,株式会社リクリ,兵庫県,神戸市東灘区,住吉宮町３丁目１５番１８号,6580053
6140001139693,株式会社リビングベース,兵庫県,神戸市東灘区,本庄町１丁目１４番２０号プレステージ甲南山手７０２号室,6580012
6140001140420,株式会社Ｌ,兵庫県,神戸市東灘区,岡本７丁目２４番１号,6580072
6140001140602,株式会社アソルリフォーム,兵庫県,神戸市東灘区,住吉宮町４丁目４−１−１１４号,6580053
6140001140932,株式会社プロキシー・コー,兵庫県,神戸市東灘区,向洋町中６丁目９番７Ｅ−１２,6580032
6140001140998,株式会社Ｒｅｌｉｖｅコンサルティング,兵庫県,神戸市東灘区,田中町４丁目２番１４号,6580081
6140001141121,むすびアドバイザリー株式会社,兵庫県,神戸市東灘区,本山南町３丁目５番１０−７０８号,6580015
6140001141889,株式会社ＰＡＧＥ７,兵庫県,神戸市東灘区,森北町４丁目１２番２５号,6580001
6140001141988,１０ｓｅａ１１株式会社,兵庫県,神戸市東灘区,御影山手４丁目１３―１４,6580065
6140001142029,株式会社ＴＤマネジメント,兵庫県,神戸市東灘区,深江浜町１番地１東部中央卸売市場関連事業所棟,6580023
6140001142268,株式会社屋根勝,兵庫県,神戸市東灘区,魚崎北町３丁目１１番１２号,6580082
6140002017205,株式会社ハニーマザー,兵庫県,神戸市東灘区,御影中町４丁目８番８号,6580054
6140002022238,株式会社エイトカンパニー,兵庫県,神戸市東灘区,向洋町中６丁目９番地,6580032
6140002022650,株式会社シャムロック,兵庫県,神戸市東灘区,西岡本１丁目６−２４,6580073
6140003004037,田代重株式会社,兵庫県,神戸市東灘区,住吉本町２丁目２５番５号,6580051
6140003008987,株式会社Ｇ‐カンパニー,兵庫県,神戸市東灘区,住吉宮町２丁目７番１２号,6580053
6140003016932,株式会社Ｒａｎａ　Ｍｅｄｉｃｕｓ,兵庫県,神戸市東灘区,住吉東町２丁目３番３３−１６０５号,6580052
6180001099703,株式会社クラウンムービングサービス,兵庫県,神戸市東灘区,向洋町東４丁目１６番地,6580031
6290801023363,株式会社エイト企画,兵庫県,神戸市東灘区,深江浜町７６−２０５,6580023
6340001022383,株式会社ヒラソル,兵庫県,神戸市東灘区,岡本９丁目２番２５号シャーメゾンガーデンズ岡本３０５号,6580072
6360001027884,株式会社ＰｉｎｅＲｏｏｔｓ,兵庫県,神戸市東灘区,岡本５丁目１０番１２号ＴＳコートＤ棟,6580072
7010401070691,株式会社アール・エンタテインメント,兵庫県,神戸市東灘区,西岡本２丁目７番３−６２１号,6580073
7010401077497,株式会社ターゲット２０１０,兵庫県,神戸市東灘区,向洋町中１丁目１０番地１０１号棟３１１２号室,6580032
7010401136880,トゥエルブ・キーストーン・ロード株式会社,兵庫県,神戸市東灘区,向洋町中５丁目１５番地６２１号,6580032
7011001068374,神戸マルゼン株式会社,兵庫県,神戸市東灘区,住吉山手４丁目１４番１２−１０７号,6580063
7011001116323,株式会社宗及,兵庫県,神戸市東灘区,住吉本町３丁目１１−１３−３０２,6580051
7011001159388,株式会社Ｓｍｏｏｔｈ　Ｌｉｆｅ　Ｃｏｎｓｕｌｔｉｎｇ,兵庫県,神戸市東灘区,本山北町６丁目９番１７号,6580003
7011101057426,ＣＸインベストメント株式会社,兵庫県,神戸市東灘区,本山南町３丁目５番１０−９２０号,6580015
7013301049145,ＨＩＴ株式会社,兵庫県,神戸市東灘区,御影塚町１丁目３番３９−９０７,6580044
7120001024046,株式会社タカラ,兵庫県,神戸市東灘区,深江北町１丁目１１番３０号,6580013
7120001027346,紀洋海運株式会社,兵庫県,神戸市東灘区,住吉本町１丁目７番２号,6580051
7120001070049,株式会社プリントハウス,兵庫県,神戸市東灘区,向洋町中１丁目２番地の１４,6580032
7120001094403,株式会社三豊,兵庫県,神戸市東灘区,本山中町４丁目１２番７号,6580016
7120001104888,株式会社ユニックスデザインオフィス,兵庫県,神戸市東灘区,向洋町中１丁目２番地の３６号,6580032
7120001110746,会計鑑定パートナーズ株式会社,兵庫県,神戸市東灘区,森北町５丁目８番１８号,6580001
7120001126627,株式会社ＴＩＲＡ,兵庫県,神戸市東灘区,住吉山手２丁目１１番２１−９号,6580063
7120001132063,株式会社Ａ．Ｒ．Ｅ,兵庫県,神戸市東灘区,住吉山手７丁目９番１６号,6580063
7120001161161,株式会社伊藤建築デザイン一級建築士事務所,兵庫県,神戸市東灘区,向洋町中６丁目９番地神戸ファッションマート,6580032
7120001168009,食品環境総合研究所株式会社,兵庫県,神戸市東灘区,森北町５丁目１番１−７０３号,6580001
7120001171689,株式会社あんでぃ,兵庫県,神戸市東灘区,深江北町１丁目１０番１０号プラスワン芦屋１Ｆ,6580013
7120001191753,麗波株式会社,兵庫県,神戸市東灘区,住吉本町２丁目１７−２−２０２,6580051
7120001204275,上昇物流商事株式会社,兵庫県,神戸市東灘区,深江浜町９９番２,6580023
7120001231385,ウィンスピード株式会社,兵庫県,神戸市東灘区,本山北町２丁目３−２１グレイスハイツ本山１階１０１号室,6580003
7120001234545,安寧株式会社,兵庫県,神戸市東灘区,住吉本町２丁目２０番３１号,6580051
7120001243281,慈繹伽株式会社,兵庫県,神戸市東灘区,向洋町中１丁目１７番地ＡｓｉａＯｎｅＣｅｎｔｅｒ３０Ｆ、Ｅ室,6580032
7120001249155,正鋒株式会社,兵庫県,神戸市東灘区,本山南町９丁目８番２６サンハイツ本山１０５号室,6580015
7120001258032,ドーテックジャパン株式会社,兵庫県,神戸市東灘区,住吉宮町４丁目１番４号住吉ハイツＫ北棟５階５０３号室,6580053
7120001274186,中港国際株式会社,兵庫県,神戸市東灘区,魚崎中町１丁目６番２１号３０１室,6580083
7120101022486,株式会社メディカルポイント,兵庫県,神戸市東灘区,御影２丁目２６番１２−２０４号,6580047
7120901015053,西尾レック株式会社,兵庫県,神戸市東灘区,向洋町中１丁目４番地１２５号棟２０２号室,6580032
7120901026389,株式会社イズム,兵庫県,神戸市東灘区,向洋町中３丁目１番地の８，２番館１１０１号,6580032
7120901027593,たから住建株式会社,兵庫県,神戸市東灘区,西岡本２丁目７番４−３１２号,6580073
7120901027783,株式会社ＭＪトラスティ,兵庫県,神戸市東灘区,住吉山手４丁目９番１４号,6580063
7120901033641,株式会社シューファルシ,兵庫県,神戸市東灘区,魚崎南町１丁目３番４号,6580025
7120902011225,株式会社Ｒｉｖｅｒパートナーズ,兵庫県,神戸市東灘区,御影郡家２丁目６番３２号,6580048
7130001052426,アジアコンサルティングス株式会社,兵庫県,神戸市東灘区,本山南町９丁目７番２３−４０１号,6580015
7140001000111,芦屋プラン株式会社,兵庫県,神戸市東灘区,御影本町８丁目７番１２号,6580046
7140001000292,協和食品株式会社,兵庫県,神戸市東灘区,森北町３丁目４番３０−４０８号,6580001
7140001000441,株式会社祥サカモト,兵庫県,神戸市東灘区,西岡本１丁目１５番１６−３０２号,6580073
7140001000466,株式会社ストツク商会,兵庫県,神戸市東灘区,北青木４丁目２４番２０,6580014
7140001000747,マエダ不動産株式会社,兵庫県,神戸市東灘区,向洋町中５丁目１５番地,6580032
7140001000929,愛真建設株式会社,兵庫県,神戸市東灘区,魚崎北町１丁目２番１０号,6580082
7140001000945,赤崎工業株式会社,兵庫県,神戸市東灘区,深江南町２丁目１３番１６−１５０４号,6580022
7140001000953,株式会社アキヅキ,兵庫県,神戸市東灘区,甲南町１丁目４番５号,6580084
7140001000961,株式会社アソート,兵庫県,神戸市東灘区,本庄町１丁目４番５−６０７号,6580012
7140001000978,芦原建設工業株式会社,兵庫県,神戸市東灘区,深江南町３丁目５番１号,6580022
7140001000994,株式会社アトリエサンク建築デザイン事務所,兵庫県,神戸市東灘区,住吉東町２丁目６番３４−３０４号,6580052
7140001001010,株式会社荒川建設,兵庫県,神戸市東灘区,深江本町１丁目１番１８号,6580021
7140001001019,株式会社アルモンド,兵庫県,神戸市東灘区,住吉本町２丁目１７番２０号,6580051
7140001001035,印綬産業株式会社,兵庫県,神戸市東灘区,本山北町３丁目４番９号,6580003
7140001001076,株式会社ウエシン,兵庫県,神戸市東灘区,本山中町２丁目１−４,6580016
7140001001084,株式会社上田商会,兵庫県,神戸市東灘区,田中町１丁目１０番２０号,6580081
7140001001101,株式会社内海商会,兵庫県,神戸市東灘区,田中町３丁目１０番１０号,6580081
7140001001118,株式会社エクシード,兵庫県,神戸市東灘区,深江浜町７７番地,6580023
7140001001134,株式会社エヌ・オー・シー西日本,兵庫県,神戸市東灘区,深江南町４丁目１２番２０号,6580022
7140001001167,株式会社六藍,兵庫県,神戸市東灘区,向洋町東２丁目７番地の７,6580031
7140001001191,株式会社奥知建築事務所,兵庫県,神戸市東灘区,田中町１丁目１５番５−４０１号,6580081
7140001001200,株式会社オートファン,兵庫県,神戸市東灘区,本山中町１丁目１１番２号,6580016
7140001001217,奥野商事株式会社,兵庫県,神戸市東灘区,御影本町５丁目２番１４号,6580046
7140001001225,株式会社尾崎工務店,兵庫県,神戸市東灘区,森南町１丁目１６番１８号,6580011
7140001001241,ＲＥＦＲＥＳＨ　ＪＡＰＡＮ株式会社,兵庫県,神戸市東灘区,御影町西平野字一ノ坪１１−１−１３,6580058
7140001001266,株式会社梶原塗装工業所,兵庫県,神戸市東灘区,深江北町２丁目５番１５号,6580013
7140001001274,加地シャッター販売株式会社,兵庫県,神戸市東灘区,住吉南町５丁目２番８号,6580041
7140001001282,株式会社カネイ,兵庫県,神戸市東灘区,魚崎中町３丁目５番１５号,6580083
7140001001290,株式会社金沢,兵庫県,神戸市東灘区,御影山手１丁目２番１０−３０２号,6580065
7140001001299,株式会社川北薬局,兵庫県,神戸市東灘区,青木６丁目４番１９号,6580027
7140001001316,菊川興産株式会社,兵庫県,神戸市東灘区,魚崎中町２丁目１０番１８号,6580083
7140001001324,菊正宗酒造株式会社,兵庫県,神戸市東灘区,御影本町１丁目７番１５号,6580046
7140001001332,株式会社近代建築事務所,兵庫県,神戸市東灘区,田中町２丁目３番３号,6580081
7140001001349,株式会社共栄ハウスプロダクト,兵庫県,神戸市東灘区,渦森台４丁目１０番９号,6580066
7140001001357,協同商事株式会社,兵庫県,神戸市東灘区,青木３丁目６番１８号,6580027
7140001001407,ケイヒン陸運株式会社,兵庫県,神戸市東灘区,向洋町西２丁目１番地先,6580033
7140001001415,甲栄化成株式会社,兵庫県,神戸市東灘区,甲南町３丁目７番１３号,6580084
7140001001448,株式会社甲南堂,兵庫県,神戸市東灘区,岡本１丁目３番２９号,6580072
7140001001472,株式会社コウベデリカテッセン,兵庫県,神戸市東灘区,魚崎浜町１５番地２,6580024
7140001001480,神戸ライダースクラブ株式会社,兵庫県,神戸市東灘区,向洋町中６丁目９番地,6580032
7140001001489,株式会社向洋社,兵庫県,神戸市東灘区,向洋町西５丁目６番,6580033
7140001001497,株式会社黒床,兵庫県,神戸市東灘区,住吉本町２丁目２０番２６号,6580051
7140001001514,今野もやし株式会社,兵庫県,神戸市東灘区,御影中町１丁目１１番６号,6580054
7140001001522,株式会社小林春吉商店,兵庫県,神戸市東灘区,住吉南町５丁目９番３号,6580041
7140001001547,山栄地所株式会社,兵庫県,神戸市東灘区,住吉宮町６丁目１４番１４号,6580053
7140001001571,株式会社阪口興産,兵庫県,神戸市東灘区,深江南町１丁目３番３６号,6580022
7140001001588,サングリーン商事株式会社,兵庫県,神戸市東灘区,住吉本町３丁目６番２０号,6580051
7140001001605,佐藤産業株式会社,兵庫県,神戸市東灘区,住吉浜町１８番地,6580042
7140001001638,三和印刷株式会社,兵庫県,神戸市東灘区,本山中町３丁目７番５号,6580016
7140001001670,ジェミックス株式会社,兵庫県,神戸市東灘区,向洋町東２丁目７番９,6580031
7140001001712,株式会社神東,兵庫県,神戸市東灘区,魚崎浜町１７番地の６,6580024
7140001001720,株式会社神味,兵庫県,神戸市東灘区,深江浜町６３番地,6580023
7140001001729,清水コンテナーサービス株式会社,兵庫県,神戸市東灘区,向洋町東３丁目６番,6580031
7140001001745,株式会社ジョアン・ジャポン,兵庫県,神戸市東灘区,田中町３丁目１９番１４号,6580081
7140001001778,神和商事株式会社,兵庫県,神戸市東灘区,住吉南町２丁目１０番８号,6580041
7140001001794,株式会社住吉ヴイラ,兵庫県,神戸市東灘区,住吉宮町６丁目１４番２号,6580053
7140001001811,清友不動産株式会社,兵庫県,神戸市東灘区,住吉東町２丁目５番１２号,6580052
7140001001828,摂津産業株式会社,兵庫県,神戸市東灘区,深江本町４丁目４番２１号,6580021
7140001001844,株式会社創修館,兵庫県,神戸市東灘区,田中町１丁目８番２０号,6580081
7140001001877,株式会社大神,兵庫県,神戸市東灘区,向洋町東４丁目３番５号,6580031
7140001001893,株式会社大樹,兵庫県,神戸市東灘区,住吉本町２丁目１４番２１号,6580051
7140001001919,大和電材株式会社,兵庫県,神戸市東灘区,御影塚町２丁目５番６号,6580044
7140001001927,竹内産業株式会社,兵庫県,神戸市東灘区,御影本町７丁目１番２２号,6580046
7140001001935,株式会社竹庄,兵庫県,神戸市東灘区,御影塚町４丁目４番８号,6580044
7140001001943,株式会社総合印刷高永,兵庫県,神戸市東灘区,御影塚町３丁目４番２１−５０６号,6580044
7140001001968,株式会社タナカコーポレーション,兵庫県,神戸市東灘区,魚崎北町８丁目１番１０号,6580082
7140001001976,株式会社タピア,兵庫県,神戸市東灘区,魚崎浜町２３番地,6580024
7140001002009,株式会社ティー・エムエージェンシー,兵庫県,神戸市東灘区,住吉東町４丁目６番１６号,6580052
7140001002025,株式会社テクノ関西,兵庫県,神戸市東灘区,青木２丁目６番１０−３０８号,6580027
7140001002033,電装商事株式会社,兵庫県,神戸市東灘区,本山中町４丁目１６番２３号２０２号,6580016
7140001002058,株式会社東海電装,兵庫県,神戸市東灘区,魚崎南町２丁目１９番１２号,6580025
7140001002066,株式会社東神製作,兵庫県,神戸市東灘区,魚崎浜町２７番３７号,6580024
7140001002090,トーラク株式会社,兵庫県,神戸市東灘区,向洋町西５丁目５番,6580033
7140001002108,株式会社トム,兵庫県,神戸市東灘区,岡本４丁目４番７号,6580072
7140001002116,株式会社トミヤ,兵庫県,神戸市東灘区,御影本町６丁目１０番９号,6580046
7140001002165,株式会社灘壽司,兵庫県,神戸市東灘区,岡本１丁目６番１２号,6580072
7140001002181,西不動産株式会社,兵庫県,神戸市東灘区,岡本６丁目３番８号,6580072
7140001002198,株式会社日輝商会,兵庫県,神戸市東灘区,岡本８丁目３番１号,6580072
7140001002215,株式会社ニュースダスト,兵庫県,神戸市東灘区,向洋町中６丁目９番地神戸ファッションマート５Ｆ,6580032
7140001002248,白鶴酒造株式会社,兵庫県,神戸市東灘区,住吉南町４丁目５番５号,6580041
7140001002256,阪九フェリー株式会社,兵庫県,神戸市東灘区,向洋町東３丁目２番地の１,6580031
7140001002264,株式会社長谷川商店,兵庫県,神戸市東灘区,住吉南町５丁目４番７号,6580041
7140001002280,株式会社阪神フルーツ,兵庫県,神戸市東灘区,深江浜町１４１番地１,6580023
7140001002297,株式会社花義,兵庫県,神戸市東灘区,甲南町３丁目８番１８号,6580084
7140001002314,ハロービル株式会社,兵庫県,神戸市東灘区,西岡本４丁目１５番２号,6580073
7140001002322,株式会社パル・ヤマト,兵庫県,神戸市東灘区,北青木２丁目９番５号,6580014
7140001002330,東灘トーメンサイロ株式会社,兵庫県,神戸市東灘区,住吉浜町１９番２号,6580042
7140001002347,株式会社ビューティエレガンス,兵庫県,神戸市東灘区,深江北町１丁目７番２０号−３０１,6580013
7140001002355,日和産業株式会社,兵庫県,神戸市東灘区,住吉浜町１９番地の５,6580042
7140001002371,フアイブオ・システム株式会社,兵庫県,神戸市東灘区,岡本１丁目６番１２号,6580072
7140001002405,藤利株式会社,兵庫県,神戸市東灘区,住吉宮町３丁目７番６号,6580053
7140001002413,株式会社藤原建装,兵庫県,神戸市東灘区,深江南町２丁目７番１号,6580022
7140001002438,株式会社プルネール,兵庫県,神戸市東灘区,西岡本５丁目３番２号,6580073
7140001002462,株式会社宝盛館本店,兵庫県,神戸市東灘区,北青木３丁目１３番７号１０４,6580014
7140001002479,株式会社本庄商会,兵庫県,神戸市東灘区,住吉宮町７丁目４番１号,6580053
7140001002487,株式会社前川技研,兵庫県,神戸市東灘区,魚崎南町７丁目２番１１号,6580025
7140001002495,蒔田水産株式会社,兵庫県,神戸市東灘区,深江浜町１番地の１,6580023
7140001002504,ますもと運輸株式会社,兵庫県,神戸市東灘区,深江浜町１４６番地,6580023
7140001002512,株式会社松井商店,兵庫県,神戸市東灘区,御影塚町４丁目１３番１６号,6580044
7140001002520,松崎塗装株式会社,兵庫県,神戸市東灘区,魚崎北町３丁目１１番９号,6580082
7140001002537,株式会社マヤコン,兵庫県,神戸市東灘区,魚崎浜町２０番地,6580024
7140001002545,株式会社マルイ．シユーズ,兵庫県,神戸市東灘区,魚崎浜町２７番地の１,6580024
7140001002553,株式会社丸正,兵庫県,神戸市東灘区,深江浜町１番１神戸市中央卸売市場東部市場内,6580023
7140001002578,ミカゲパーツ株式会社,兵庫県,神戸市東灘区,御影本町３丁目１４番１３号,6580046
7140001002628,株式会社メイケン,兵庫県,神戸市東灘区,深江本町３丁目５番２５号,6580021
7140001002652,株式会社モト・エンタープライズ,兵庫県,神戸市東灘区,本山中町２丁目１番４号,6580016
7140001002685,山一バナナ株式会社,兵庫県,神戸市東灘区,深江浜町１番１,6580023
7140001002693,株式会社山治岸本商店,兵庫県,神戸市東灘区,深江浜町１番１神戸市中央卸売市場東部市場内,6580023
7140001002702,山地電気株式会社,兵庫県,神戸市東灘区,御影本町１丁目３番１７号,6580046
7140001002710,山本運輸株式会社,兵庫県,神戸市東灘区,魚崎南町２丁目７番１５号,6580025
7140001002719,株式会社ユーエル,兵庫県,神戸市東灘区,御影２丁目２６番４２号,6580047
7140001002735,株式会社洋化屋,兵庫県,神戸市東灘区,住吉宮町３丁目１５番２０号,6580053
7140001002751,株式会社米澤商店,兵庫県,神戸市東灘区,深江浜町１番１,6580023
7140001002768,洛水商事株式会社,兵庫県,神戸市東灘区,住吉宮町４丁目３番１３−１３０１号,6580053
7140001002776,株式会社渡辺農園,兵庫県,神戸市東灘区,本山中町２丁目９番２９号,6580016
7140001002792,株式会社リツクス,兵庫県,神戸市東灘区,御影本町５丁目３番６号,6580046
7140001002818,六甲物流株式会社,兵庫県,神戸市東灘区,向洋町西６丁目１５番,6580033
7140001002859,神戸電機工事株式会社,兵庫県,神戸市東灘区,御影塚町２丁目７番１４号,6580044
7140001002867,神戸ダンボール株式会社,兵庫県,神戸市東灘区,魚崎浜町２７番２２,6580024
7140001002917,日本ポート産業株式会社,兵庫県,神戸市東灘区,魚崎浜町１６番地,6580024
7140001003849,沼田鶏卵株式会社,兵庫県,神戸市東灘区,深江浜町１番地の１,6580023
7140001003898,八方産業株式会社,兵庫県,神戸市東灘区,御影塚町１丁目５番２３号,6580044
7140001003972,富士産業株式会社,兵庫県,神戸市東灘区,向洋町中６丁目９番地,6580032
7140001004005,株式会社ペガサスメディカル,兵庫県,神戸市東灘区,御影２丁目１９番７号,6580047
7140001004343,神戸プラス工具株式会社,兵庫県,神戸市東灘区,御影郡家１丁目３５番３号,6580048
7140001006018,アル・システム株式会社,兵庫県,神戸市東灘区,向洋町中６丁目９番地神戸ファッションマート,6580032
7140001006026,株式会社アルテノーヴァ,兵庫県,神戸市東灘区,向洋町中６丁目９番地,6580032
7140001006711,株式会社岡本陽建築研究所,兵庫県,神戸市東灘区,森北町５丁目７番１４号Ａ−２,6580001
7140001007676,株式会社ゴショー,兵庫県,神戸市東灘区,御影中町２丁目１番８号,6580054
7140001008278,神紀商事株式会社,兵庫県,神戸市東灘区,岡本５丁目８番２１号,6580072
7140001008303,新生住宅株式会社,兵庫県,神戸市東灘区,御影２丁目１２番１３,6580047
7140001009284,株式会社チーサン,兵庫県,神戸市東灘区,魚崎北町４丁目１５番１９−２０１号,6580082
7140001009631,東洋包造株式会社,兵庫県,神戸市東灘区,魚崎南町１丁目１番１０号株式会社セイコー内,6580025
7140001010597,株式会社藤嶋企画,兵庫県,神戸市東灘区,住吉山手３丁目９番６号,6580063
7140001011026,株式会社神戸まるかん,兵庫県,神戸市東灘区,深江浜町５番地の１,6580023
7140001011661,株式会社ワールド通商,兵庫県,神戸市東灘区,渦森台４丁目２６番１０号,6580066
7140001011926,関西ケイタリング株式会社,兵庫県,神戸市東灘区,魚崎南町３丁目６番１８号,6580025
7140001013253,株式会社シマダ運動用品店,兵庫県,神戸市東灘区,魚崎中町２丁目６番２３号,6580083
7140001013311,神和木材株式会社,兵庫県,神戸市東灘区,住吉本町２丁目１０番３号,6580051
7140001015729,井上株式会社,兵庫県,神戸市東灘区,鴨子ケ原１丁目９番１２号,6580064
7140001016306,株式会社プラクティスコーポレーション,兵庫県,神戸市東灘区,住吉山手６丁目７番２０号,6580063
7140001017857,株式会社イサオ,兵庫県,神戸市東灘区,御影３丁目２番１１−１１１号,6580047
7140001018450,株式会社神光オート,兵庫県,神戸市東灘区,魚崎南町３丁目２番４号,6580025
7140001019028,株式会社コープベーカリー,兵庫県,神戸市東灘区,向洋町西２丁目１,6580033
7140001019036,杉原産業株式会社,兵庫県,神戸市東灘区,向洋町西６丁目７番地,6580033
7140001019052,ＹＫＫ六甲株式会社,兵庫県,神戸市東灘区,向洋町西４丁目２番地,6580033
7140001019580,住建調査測量株式会社,兵庫県,神戸市東灘区,御影町御影字榎ノ本１３２７番地,6580056
7140001019630,ヘルメス株式会社,兵庫県,神戸市東灘区,向洋町中２丁目１０番地,6580032
7140001019754,株式会社デー．ワイ．エンタープライズ,兵庫県,神戸市東灘区,御影本町２丁目７番１６−２０２号,6580046
7140001019787,株式会社シンビオインターナショナル,兵庫県,神戸市東灘区,向洋町中６丁目９番地,6580032
7140001020035,株式会社大工,兵庫県,神戸市東灘区,住吉本町２丁目５番１５号,6580051
7140001020258,株式会社大阪シンコー,兵庫県,神戸市東灘区,魚崎南町１丁目１番１０号,6580025
7140001020365,株式会社ミキアソシエイツ,兵庫県,神戸市東灘区,西岡本３丁目１番２０号,6580073
7140001020480,株式会社オールコンサルティング,兵庫県,神戸市東灘区,向洋町中６丁目９番地,6580032
7140001020506,株式会社ダックス建築事務所,兵庫県,神戸市東灘区,向洋町中６丁目９番地神戸ファッションマート２階２Ｓ−０６,6580032
7140001020596,株式会社ネスタ・ジャパン,兵庫県,神戸市東灘区,向洋町中７丁目２番地の１．２番館４０１号,6580032
7140001020646,株式会社スミトモ,兵庫県,神戸市東灘区,住吉山手８丁目１３番４２号,6580063
7140001020729,ワールド物産株式会社,兵庫県,神戸市東灘区,御影本町８丁目１番９号,6580046
7140001020745,日本シンシアーズ株式会社,兵庫県,神戸市東灘区,田中町１丁目１５番７号パールビル５０１号,6580081
7140001020786,株式会社ワンス,兵庫県,神戸市東灘区,本山北町５丁目１９番１３号,6580003
7140001020869,高野山木材工業株式会社,兵庫県,神戸市東灘区,魚崎南町４丁目４番１３号,6580025
7140001021000,株式会社ワン・エイトハンドレッド・コンタクツ・ジャパン,兵庫県,神戸市東灘区,向洋町中６丁目９番地,6580032
7140001021306,株式会社グローバル・ジャパン,兵庫県,神戸市東灘区,御影中町２丁目８番１５号,6580054
7140001021413,株式会社サウンドウエイブ,兵庫県,神戸市東灘区,深江浜町１２３番地,6580023
7140001021454,ヨシムラコーヒー株式会社,兵庫県,神戸市東灘区,魚崎北町１丁目８番２９号,6580082
7140001021561,株式会社セーフティーアイランド,兵庫県,神戸市東灘区,魚崎浜町１６番地７,6580024
7140001021578,株式会社シンケールス,兵庫県,神戸市東灘区,御影塚町３丁目３番１９号,6580044
7140001021842,株式会社大阪鋼板剪断工場,兵庫県,神戸市東灘区,岡本２丁目９番１２号,6580072
7140001021883,百佑商事株式会社,兵庫県,神戸市東灘区,鴨子ケ原２丁目９番５号,6580064
7140001022064,株式会社パラテックスジャパン,兵庫県,神戸市東灘区,住吉南町１丁目１番１５号,6580041
7140001022691,日本ソフトワークス株式会社,兵庫県,神戸市東灘区,住吉東町２丁目６番３４−４０１号,6580052
7140001022709,株式会社ブランシュ,兵庫県,神戸市東灘区,向洋町中６丁目９番地,6580032
7140001022808,株式会社ワールド・アリーバ,兵庫県,神戸市東灘区,本山南町６丁目５番１９号,6580015
7140001022964,太陽物産株式会社,兵庫県,神戸市東灘区,御影町西平野字一ノ坪１１−１,6580058
7140001022972,サンケイ商事株式会社,兵庫県,神戸市東灘区,住吉宮町６丁目４番２１号,6580053
7140001023005,株式会社エスアイ,兵庫県,神戸市東灘区,御影塚町２丁目５番６号,6580044
7140001023021,株式会社コーナンファース,兵庫県,神戸市東灘区,岡本１丁目３番２０号,6580072
7140001023038,株式会社御影システムワークス,兵庫県,神戸市東灘区,御影本町２丁目８番２０−６０５号,6580046
7140001023046,株式会社カミコーポレーション,兵庫県,神戸市東灘区,深江浜町７８番地の１,6580023
7140001023228,株式会社神戸ワールドエージェンシー,兵庫県,神戸市東灘区,魚崎中町４丁目１番１１号,6580083
7140001023252,大栄環境運輸株式会社,兵庫県,神戸市東灘区,向洋町東２丁目２番４,6580031
7140001023871,株式会社ホクトアクセス,兵庫県,神戸市東灘区,御影郡家１丁目３５番５号,6580048
7140001023896,株式会社蛮海,兵庫県,神戸市東灘区,甲南町１丁目１−３５−５０７,6580084
7140001024085,株式会社タマ事務所,兵庫県,神戸市東灘区,御影町西平野字一ノ坪１１番１号,6580058
7140001024110,株式会社エリアデザイン,兵庫県,神戸市東灘区,岡本８丁目１０番３３−４１１号,6580072
7140001024143,株式会社季音舎,兵庫県,神戸市東灘区,森南町２丁目６番１９号,6580011
7140001024250,株式会社ビヨンディット,兵庫県,神戸市東灘区,御影３丁目２番１１−６号,6580047
7140001024498,株式会社ケイエムコンサルティング,兵庫県,神戸市東灘区,向洋町中１丁目１番地１４１号棟１１１６号室,6580032
7140001024523,株式会社神戸合同会計,兵庫県,神戸市東灘区,向洋町中５丁目１−５２４−１１５,6580032
7140001024663,ＭＡＨＡＲ　ＣＯＲＰＯＲＡＴＩＯＮ株式会社,兵庫県,神戸市東灘区,向洋町東３丁目１５番２号,6580031
7140001024696,株式会社エスパース,兵庫県,神戸市東灘区,向洋町中６番地の９,6580000
7140001024795,アイナックフットボールクラブ株式会社,兵庫県,神戸市東灘区,向洋町中２丁目９番地１神戸ファッションプラザ,6580032
7140001024861,株式会社ジーエークロッシング,兵庫県,神戸市東灘区,住吉東町５丁目１番３４号,6580052
7140001024977,株式会社タケナカ,兵庫県,神戸市東灘区,住吉台３４−１１,6580062
7140001024985,株式会社アーキアシスト,兵庫県,神戸市東灘区,御影町郡家字下山田６９番地の２,6580057
7140001025042,関西丸栄株式会社,兵庫県,神戸市東灘区,住吉南町３丁目３番５号,6580041
7140001025249,株式会社アイエムケー,兵庫県,神戸市東灘区,西岡本２丁目７番３号,6580073
7140001025298,株式会社エイチジープランニング,兵庫県,神戸市東灘区,住吉東町４丁目２番１１号,6580052
7140001025372,株式会社アペックスサポー卜,兵庫県,神戸市東灘区,岡本１丁目９番２９号,6580072
7140001025389,株式会社ナカムラ２１,兵庫県,神戸市東灘区,魚崎南町２丁目８番１４号,6580025
7140001025496,株式会社ネネット,兵庫県,神戸市東灘区,向洋町中１丁目４番地１２３号棟２０３号室,6580032
7140001025653,株式会社ＩＴＣ,兵庫県,神戸市東灘区,向洋町中６丁目９番地,6580032
7140001025777,株式会社プロヴィデンス,兵庫県,神戸市東灘区,岡本１丁目３番１９号,6580072
7140001025793,株式会社松原,兵庫県,神戸市東灘区,本山中町２丁目３番７−６０３,6580016
7140001025942,株式会社ＩＦアカデミー,兵庫県,神戸市東灘区,住吉山手８丁目１番５号,6580063
7140001025991,株式会社ｄｉｇｎｅｔ,兵庫県,神戸市東灘区,向洋町東２丁目７番２号,6580031
7140001026016,暁の夢株式会社,兵庫県,神戸市東灘区,岡本１丁目４−３坂井ビル３０１号,6580072
7140001026098,株式会社システムステージ,兵庫県,神戸市東灘区,森南町１丁目４番１３−６０３号,6580011
7140001026156,シルバーホーム株式会社,兵庫県,神戸市東灘区,住吉山手６丁目１０番４５号,6580063
7140001026230,株式会社イージス,兵庫県,神戸市東灘区,魚崎南町３丁目２番３号,6580025
7140001026461,ジェメッリ株式会社,兵庫県,神戸市東灘区,向洋町中５丁目６番地の２、１３２０号,6580032
7140001026503,株式会社アズウェル,兵庫県,神戸市東灘区,深江本町３丁目８番２８−５０３号,6580021
7140001026726,株式会社Ｇｏｏｄ　Ｌｕｃｋ,兵庫県,神戸市東灘区,深江本町２丁目８番１４−３０３号,6580021
7140001026882,株式会社ＭａＥ　ＭａＰ,兵庫県,神戸市東灘区,西岡本６丁目８番３４号,6580073
7140001026932,株式会社サリナ・エステート,兵庫県,神戸市東灘区,住吉本町２丁目６番１６号,6580051
7140001027055,株式会社しあわせ堂,兵庫県,神戸市東灘区,向洋町中１丁目１４番イーストコート２番街２Ｆ,6580032
7140001027294,株式会社シリウス,兵庫県,神戸市東灘区,田中町２丁目１７番７号,6580081
7140001027583,株式会社エルユーエス,兵庫県,神戸市東灘区,本山南町８丁目６番２６号,6580015
7140001027757,株式会社ヒッツ,兵庫県,神戸市東灘区,御影３丁目２番１１号−３８,6580047
7140001027831,株式会社ＰＲＯＧＲＥ,兵庫県,神戸市東灘区,住吉本町３丁目７番６号,6580051
7140001027856,株式会社ベレーロ,兵庫県,神戸市東灘区,御影中町６丁目３番１４号,6580054
7140001027889,株式会社龍希,兵庫県,神戸市東灘区,御影塚町３丁目２番６号,6580044
7140001027897,Ａ．Ｕ．Ｎ．株式会社,兵庫県,神戸市東灘区,岡本１丁目９番２９号エム・エフ・ティ・ビル２０１号,6580072
7140001027971,株式会社ＴＡＣ建築設計事務所,兵庫県,神戸市東灘区,西岡本５丁目１０番３１号,6580073
7140001028210,株式会社セーフティー,兵庫県,神戸市東灘区,魚崎南町８丁目９番２１−４０１号,6580025
7140001028243,株式会社朝日屋貿易センター店,兵庫県,神戸市東灘区,御影２丁目６番５号,6580047
7140001028441,株式会社種子島,兵庫県,神戸市東灘区,深江北町３丁目４番１４号,6580013
7140001028458,東洋投資株式会社,兵庫県,神戸市東灘区,御影中町６丁目３番２５−７０１号,6580054
7140001028482,株式会社スキルコア,兵庫県,神戸市東灘区,本庄町２丁目８−１７,6580012
7140001028697,株式会社ウィード,兵庫県,神戸市東灘区,岡本６丁目９番４号,6580072
7140001028887,株式会社ユニモンド,兵庫県,神戸市東灘区,深江浜町３３番地,6580023
7140001029308,Ｙ　Ｓｏｆｔ　Ｊａｐａｎ株式会社,兵庫県,神戸市東灘区,向洋町中６丁目９番地,6580032
7140001029349,株式会社マザーズエクスペリエンス,兵庫県,神戸市東灘区,住吉山手１丁目８番１７号,6580063
7140001029423,株式会社川瀬プロジェクト,兵庫県,神戸市東灘区,住吉本町３丁目１４番９号,6580051
7140001029464,株式会社新はま,兵庫県,神戸市東灘区,住吉本町１丁目６番８号,6580051
7140001029803,株式会社ファーストステージビルマネジメント,兵庫県,神戸市東灘区,御影３丁目２番１１−３４号,6580047
7140001030208,株式会社ケイ・ティ・ケイサービス,兵庫県,神戸市東灘区,甲南町２丁目２番８号,6580084
7140001030364,エムズプロパティマネジメント株式会社,兵庫県,神戸市東灘区,田中町１丁目１１番２５−２０２号,6580081
7140001030505,株式会社キラッとドリーム,兵庫県,神戸市東灘区,本庄町３丁目３番２４号,6580012
7140001030653,株式会社Ｙ’ｓ　ｆａｃｔｏｒｙ,兵庫県,神戸市東灘区,住吉東町２丁目４番１８−２０６号,6580052
7140001030686,株式会社フジタテック,兵庫県,神戸市東灘区,御影３丁目２番１１−８号,6580047
7140001030694,センチュリーペット株式会社,兵庫県,神戸市東灘区,向洋町中６丁目９番地,6580032
7140001030777,株式会社イルモンテマーレ,兵庫県,神戸市東灘区,本山南町６丁目１番２１号,6580015
7140001030810,株式会社アウトレットプレミアム,兵庫県,神戸市東灘区,森北町６丁目７番４０号,6580001
7140001030934,株式会社ＢＩＯＩＮＮＯＶＡＲＥ,兵庫県,神戸市東灘区,向洋町中５丁目５番地５３１号棟７２２号室,6580032
7140001031395,株式会社イル・マーレ,兵庫県,神戸市東灘区,住吉山手８丁目１７番６号,6580063
7140001031511,キーパーソン・エヌエス株式会社,兵庫県,神戸市東灘区,御影山手６丁目７番４６号,6580065
7140001031775,ＹＴＫコーポレーション株式会社,兵庫県,神戸市東灘区,深江本町２丁目１０番７号,6580021
7140001031890,株式会社ＢＰＲ,兵庫県,神戸市東灘区,魚崎南町３丁目２番１７号,6580025
7140001031949,株式会社Ｍ・Ｎ・Ｓ,兵庫県,神戸市東灘区,御影山手３丁目１２番３号,6580065
7140001032088,株式会社リフトプラン,兵庫県,神戸市東灘区,向洋町中５丁目５番地５３２号棟９０４号室,6580032
7140001032113,株式会社ジャパンネットワークアシスト,兵庫県,神戸市東灘区,向洋町西３丁目１−１０,6580033
7140001032170,株式会社ポルエラ,兵庫県,神戸市東灘区,御影本町６丁目１２番２０号,6580046
7140001032344,株式会社アローインターナショナル,兵庫県,神戸市東灘区,向洋町中６丁目９番地神戸ファッションマート,6580032
7140001032377,ＡＢＯＳ株式会社,兵庫県,神戸市東灘区,本山中町４丁目２番３号サンコー神戸本山ビル,6580016
7140001032807,櫻株式会社,兵庫県,神戸市東灘区,魚崎西町２丁目４番２０−１０１号,6580026
7140001032922,有古興産株式会社,兵庫県,神戸市東灘区,御影山手２丁目１９番１２号,6580065
7140001033004,株式会社パークシステムヒロイング,兵庫県,神戸市東灘区,魚崎北町１丁目６番１２号,6580082
7140001033078,株式会社友愛,兵庫県,神戸市東灘区,御影中町１丁目１６番５−１０１号,6580054
7140001033111,スター・リレーション・ホールディングス株式会社,兵庫県,神戸市東灘区,御影３丁目２番１１−１０７号,6580047
7140001033284,株式会社ＯＣプランニング,兵庫県,神戸市東灘区,御影山手６丁目１０番３４号,6580065
7140001033714,ＴＭＴ株式会社,兵庫県,神戸市東灘区,甲南町４丁目１６番８号,6580084
7140001033862,笹川商事株式会社,兵庫県,神戸市東灘区,御影２丁目２５番１号,6580047
7140001033937,株式会社ヨシックス,兵庫県,神戸市東灘区,向洋町東３丁目６番地,6580031
7140001033953,ミカゲエステート株式会社,兵庫県,神戸市東灘区,住吉山手４丁目１１番３０−２０８号,6580063
7140001033978,株式会社Ｃ・Ａ・Ｓ,兵庫県,神戸市東灘区,御影郡家１丁目１３番１４−５０３号,6580048
7140001034035,株式会社ＪａｎｄＳ,兵庫県,神戸市東灘区,向洋町中６丁目９番地,6580032
7140001034043,株式会社ヒューマンアシスト,兵庫県,神戸市東灘区,向洋町中６丁目９番地,6580032
7140001034068,株式会社Ｃｏｓｍｏ　Ｊａｐａｎ,兵庫県,神戸市東灘区,本山南町８丁目６番２６号,6580015
7140001034076,株式会社アーバン・クリエイト,兵庫県,神戸市東灘区,深江北町１丁目７番２７号,6580013
7140001034142,御影オート株式会社,兵庫県,神戸市東灘区,御影塚町１丁目７番１２号,6580044
7140001034167,株式会社グリーン・アップル,兵庫県,神戸市東灘区,甲南台７番１５−１号,6580002
7140001034290,ダイカジャパン株式会社,兵庫県,神戸市東灘区,向洋町中１丁目１４番地２１０,6580032
7140001036089,豊都興産株式会社,兵庫県,神戸市東灘区,御影郡家２丁目４番１５号,6580048
7140001038176,株式会社ワイズカンパニー,兵庫県,神戸市東灘区,向洋町中３丁目１番地の８、３番館６０１号,6580032
7140001038184,株式会社Ｂ．Ｂ．ＳＨＯＰ,兵庫県,神戸市東灘区,岡本１丁目４番１７号,6580072
7140001038234,株式会社Ｄａｍａｓｋ　Ｒｏｓｅ,兵庫県,神戸市東灘区,向洋町中５丁目１１番地ウエストコート３番街２番館,6580032
7140001042211,株式会社らいん,兵庫県,神戸市東灘区,北青木３丁目２１番２号,6580014
7140001042293,株式会社アトリエ・レビュー,兵庫県,神戸市東灘区,深江本町４丁目５番１８号２０３,6580021
7140001042392,あんぱーとなーず株式会社,兵庫県,神戸市東灘区,住吉南町２丁目１１番１２号,6580041
7140001046014,株式会社Ｒｅｂｅｔ,兵庫県,神戸市東灘区,本庄町２丁目１２番２３−８０７号,6580012
7140001055361,株式会社ＣａｎａｌＳｑｕａｒｅ,兵庫県,神戸市東灘区,御影山手２丁目２２番２０−１０３号,6580065
7140001057242,株式会社サン・ファシリティーズ,兵庫県,神戸市東灘区,本山中町４丁目２番３号,6580016
7140001057358,ブルー・スカイ・サービス株式会社,兵庫県,神戸市東灘区,岡本６丁目５番１７号,6580072
7140001065658,株式会社サンコーエアポート,兵庫県,神戸市東灘区,向洋町中６丁目９番地,6580032
7140001067381,株式会社ナカタニ,兵庫県,神戸市東灘区,住吉南町４丁目２番２４−２ＦＷ号,6580041
7140001067679,株式会社アーテルゴ,兵庫県,神戸市東灘区,住吉台６−１,6580062
7140001067695,Ｓ．Ｐ．Ｊ株式会社,兵庫県,神戸市東灘区,向洋町中６丁目９番地,6580032
7140001068289,株式会社柿本,兵庫県,神戸市東灘区,住吉東町２丁目３番３３−２６０８号,6580052
7140001069584,株式会社トットフーズ,兵庫県,神戸市東灘区,深江浜町１番地の１,6580023
7140001072836,株式会社中村祐子・ドット・コム,兵庫県,神戸市東灘区,御影３丁目２番１１−８号,6580047
7140001073677,株式会社キタエレクトロニクス,兵庫県,神戸市東灘区,深江浜町６７番地１００４号,6580023
7140001074493,株式会社ブリーズベル,兵庫県,神戸市東灘区,森南町１丁目２番１５号,6580011
7140001077703,株式会社トーホーキャッシュアンドキャリー,兵庫県,神戸市東灘区,向洋町西５丁目９番,6580033
7140001077868,株式会社眞澄工房,兵庫県,神戸市東灘区,御影３丁目２番１１−６６号,6580047
7140001077884,株式会社アトラスコンサルティング,兵庫県,神戸市東灘区,魚崎中町３丁目２番１１号,6580083
7140001086051,株式会社エフハウス,兵庫県,神戸市東灘区,本山中町１丁目１１番４−９０１号,6580016
7140001086398,株式会社岩田,兵庫県,神戸市東灘区,本庄町２丁目１２番１５号,6580012
7140001086571,株式会社重機屋,兵庫県,神戸市東灘区,向洋町東４丁目７番地,6580031
7140001086778,播磨住研株式会社,兵庫県,神戸市東灘区,御影郡家１丁目４番１７号,6580048
7140001086893,新科株式会社,兵庫県,神戸市東灘区,向洋町中１丁目１０番地１０１号棟１６０２号室,6580032
7140001086902,株式会社アーバンマテリアル,兵庫県,神戸市東灘区,御影３丁目２番１１号−２０６,6580047
7140001086984,ブルーウッドコーポレーション株式会社,兵庫県,神戸市東灘区,森北町１丁目７番１５−４０５号,6580001
7140001087215,田中不動産管理株式会社,兵庫県,神戸市東灘区,鴨子ケ原３丁目２番５２−２０６号,6580064
7140001087272,株式会社興生,兵庫県,神戸市東灘区,御影中町３丁目２番４−３８０６号,6580054
7140001087322,株式会社サブリナ,兵庫県,神戸市東灘区,西岡本２丁目２６番１−１１５号,6580073
7140001087850,株式会社昌川,兵庫県,神戸市東灘区,深江北町４丁目１２番１４−６０２号,6580013
7140001088188,株式会社クリエイトナビ,兵庫県,神戸市東灘区,向洋町中２丁目９番地１神戸ファッションプラザ,6580032
7140001088196,株式会社ＯｆｆｉｃｅＤｏ,兵庫県,神戸市東灘区,本山北町２丁目１４番１９号,6580003
7140001089608,ＦＵＪＩＯ興産株式会社,兵庫県,神戸市東灘区,田中町４丁目１０番４号,6580081
7140001089665,株式会社ワーズ,兵庫県,神戸市東灘区,魚崎浜町３３,6580024
7140001089723,株式会社アニバース,兵庫県,神戸市東灘区,向洋町中６丁目９神戸ファッションマート４Ｅ１５（株）ベイライン内,6580032
7140001090012,株式会社ｃｏｎｃｏｎｃｏｍ,兵庫県,神戸市東灘区,御影３丁目１２番７号,6580047
7140001090516,株式会社ＫＥＩ,兵庫県,神戸市東灘区,森北町６丁目３番２１号,6580001
7140001090656,Ａｕｔｈｅｎ　Ｕｎｉｔｅｄ株式会社,兵庫県,神戸市東灘区,向洋町中６丁目９番地,6580032
7140001090945,株式会社クローバ興産,兵庫県,神戸市東灘区,御影郡家１丁目３３番７号,6580048
7140001090994,株式会社フィッシュマンスタイル,兵庫県,神戸市東灘区,魚崎北町４丁目１１番１１号,6580082
7140001091794,株式会社ｓｏｐｈｙ　ｓｏｐｈｙ,兵庫県,神戸市東灘区,岡本２丁目７番１４−１０１号,6580072
7140001092306,株式会社ランダムコーポレーション,兵庫県,神戸市東灘区,御影山手５丁目２１番３−１号,6580065
7140001092710,株式会社サンシャイン,兵庫県,神戸市東灘区,魚崎南町１丁目２番２−７１２号,6580025
7140001092842,株式会社ワンズホーム,兵庫県,神戸市東灘区,魚崎北町２丁目１番２７号,6580082
7140001093031,株式会社チームエンジェル,兵庫県,神戸市東灘区,魚崎浜町２０番地,6580024
7140001093774,株式会社モノゲン,兵庫県,神戸市東灘区,深江南町４丁目７番２３号,6580022
7140001093808,神戸マリン株式会社,兵庫県,神戸市東灘区,深江本町２丁目９番１９号,6580021
7140001093931,株式会社ウィズ・コンサルティング,兵庫県,神戸市東灘区,森南町１丁目４番７−３０１号,6580011
7140001094153,株式会社Ｄｒｅａｍｉｎ,兵庫県,神戸市東灘区,岡本２丁目１５番６−１号,6580072
7140001094244,株式会社ｎｏｔｅ,兵庫県,神戸市東灘区,岡本１丁目４番３号坂井ビル４階北,6580072
7140001094392,ＩＴ実業株式会社,兵庫県,神戸市東灘区,本山南町６丁目２−１−３１６,6580015
7140001094500,株式会社ライフワーク,兵庫県,神戸市東灘区,御影中町１丁目３番１６号,6580054
7140001094731,株式会社観月技工,兵庫県,神戸市東灘区,御影本町３丁目３番７−１０１号,6580046
7140001094855,ＷＡＢＩＯ株式会社,兵庫県,神戸市東灘区,住吉東町２丁目６番２３−１０３号,6580052
7140001095201,株式会社ストリーム,兵庫県,神戸市東灘区,向洋町中６丁目９番地神戸ファッションマート５Ｆ,6580032
7140001095226,株式会社クレアシオンリーブル,兵庫県,神戸市東灘区,岡本３丁目９番３５−１０９号,6580072
7140001095416,株式会社Ｈ＆ｎｔコーポレーション,兵庫県,神戸市東灘区,西岡本７丁目３番４号,6580073
7140001096059,株式会社ビーケー通商,兵庫県,神戸市東灘区,岡本２丁目９番３３−１０５号,6580072
7140001096918,株式会社ＫＳＣケア,兵庫県,神戸市東灘区,青木２丁目１６番４号,6580027
7140001097032,株式会社ＳＯＳ,兵庫県,神戸市東灘区,森北町７丁目１９番４４号,6580001
7140001098071,株式会社かやきり,兵庫県,神戸市東灘区,深江本町３丁目３番２１−１２０４号,6580021
7140001098377,ヴェリィ株式会社,兵庫県,神戸市東灘区,岡本８丁目１０番８号シャーメゾン朔ＯＫＡＭＯＴＯ２０３号室,6580072
7140001098550,ランドマークトレーディング株式会社,兵庫県,神戸市東灘区,御影３丁目２番１１−６,6580047
7140001098955,株式会社ＤＡＮＳＫ　ＤＥＳＩＧＮ,兵庫県,神戸市東灘区,向洋町中６丁目９番地,6580032
7140001099499,株式会社オートカヴァリーノ,兵庫県,神戸市東灘区,向洋町東３丁目６番地５,6580031
7140001099680,オフィスＨ＆Ｋ株式会社,兵庫県,神戸市東灘区,住吉山手４丁目６番３２−４１１号,6580063
7140001100852,ロジ管理株式会社,兵庫県,神戸市東灘区,向洋町中６丁目９番地,6580032
7140001100902,株式会社ＴＡＫＡＭＩ,兵庫県,神戸市東灘区,北青木３丁目２０−２３−１０１,6580014
7140001101090,株式会社Ｖ８,兵庫県,神戸市東灘区,田中町１丁目１５番７号５０２号室,6580081
7140001101099,アヤエル株式会社,兵庫県,神戸市東灘区,魚崎中町３丁目４番２５号,6580083
7140001101124,株式会社ミングアップ,兵庫県,神戸市東灘区,甲南町４丁目４番７号,6580084
7140001101462,株式会社ブリックレーンマネージメント,兵庫県,神戸市東灘区,住吉東町４丁目６番１６−３０９号,6580052
7140001101974,株式会社リ・モア,兵庫県,神戸市東灘区,向洋町中５丁目６番地の１−１０４号,6580032
7140001103120,株式会社ＳＵＮＧＲＡＮ,兵庫県,神戸市東灘区,向洋町中６丁目９番地５階,6580032
7140001103194,株式会社後藤経済研究所,兵庫県,神戸市東灘区,向洋町中３丁目１−１０、３番館４０８号,6580032
7140001103260,株式会社エーバランス,兵庫県,神戸市東灘区,深江南町３丁目８番４号,6580022
7140001103731,株式会社五和,兵庫県,神戸市東灘区,向洋町東２丁目７番３号,6580031
7140001103806,株式会社創生企画,兵庫県,神戸市東灘区,岡本８丁目１０−３５,6580072
7140001103855,株式会社甲南リアルエステート,兵庫県,神戸市東灘区,岡本１丁目３番２０号,6580072
7140001104366,株式会社ｕｎ　ｔｉｅｒｓ,兵庫県,神戸市東灘区,御影中町８丁目３番３−１号,6580054
7140001104473,株式会社ＳＦＩ,兵庫県,神戸市東灘区,深江浜町６５番地,6580023
7140001104507,株式会社エステート中西,兵庫県,神戸市東灘区,渦森台４丁目８番４号,6580066
7140001104606,ケー・エンタープライズ株式会社,兵庫県,神戸市東灘区,魚崎南町５丁目１１番２４−５０６号,6580025
7140001104663,株式会社ＳＥＮＡ,兵庫県,神戸市東灘区,御影塚町２丁目５番１５号,6580044
7140001104770,サイブリッツ株式会社,兵庫県,神戸市東灘区,岡本９丁目６番２５号,6580072
7140001105018,株式会社ＫＴＦ,兵庫県,神戸市東灘区,住吉山手２丁目１２番１６−１０８号,6580063
7140001105744,株式会社ＣＵＢＥ,兵庫県,神戸市東灘区,御影石町３丁目１０番１９号シャルマンフジ御影弐番館４０１号,6580045
7140001105942,株式会社リュウシコーポレーション,兵庫県,神戸市東灘区,甲南町４丁目１１番１２号,6580084
7140001106065,株式会社Ｃ’ｓ　Ｈｏｕｓｅ,兵庫県,神戸市東灘区,向洋町中７丁目２番地の１、１０番館１００６号,6580032
7140001106593,株式会社ＲＥＡＬ　ＳＩＧＮ,兵庫県,神戸市東灘区,魚崎西町４丁目４番２１号,6580026
7140001107229,株式会社瑞穂商事,兵庫県,神戸市東灘区,向洋町中６丁目９番地,6580032
7140001107633,株式会社阪神労政,兵庫県,神戸市東灘区,向洋町中６丁目９番地,6580032
7140001107658,Ｌｉｆｅ　Ｊｏｕｒｎｅｙ株式会社,兵庫県,神戸市東灘区,深江南町１丁目９番３５−３０３号,6580022
7140001107716,株式会社コタニ設備サービス,兵庫県,神戸市東灘区,住吉南町２丁目６番１２号,6580041
7140001107848,株式会社フォワードモーション,兵庫県,神戸市東灘区,岡本３丁目９番２０−３０２号,6580072
7140001107963,Ｒｉｐｐｌｅ　ｃｏ−ｃｒｅａｔｉｏｎ株式会社,兵庫県,神戸市東灘区,住吉本町１丁目７番１２号,6580051
7140001108136,株式会社アンドアークス,兵庫県,神戸市東灘区,御影３丁目６番８号,6580047
7140001108920,株式会社リアンズトラスト,兵庫県,神戸市東灘区,御影本町４丁目６番１号,6580046
7140001109316,株式会社Ｄ＆Ｄ,兵庫県,神戸市東灘区,向洋町中６丁目９番地神戸ファッションマート,6580032
7140001109423,株式会社三上商事,兵庫県,神戸市東灘区,御影２丁目２６番２４−１号,6580047
7140001109745,株式会社樹生工業,兵庫県,神戸市東灘区,深江南町４丁目１０−１１−１,6580022
7140001109943,株式会社ＣＡＮＥＤＡ,兵庫県,神戸市東灘区,御影中町３丁目２番４号,6580054
7140001109984,株式会社Ｍ’ｓ　ｄｉｎｉｎｇ．ｃｏｌｌｅｃｔｉｏｎ,兵庫県,神戸市東灘区,本山中町１丁目１１番２２−２０６号,6580016
7140001110331,アズーリ株式会社,兵庫県,神戸市東灘区,住吉山手１丁目４番１６号,6580063
7140001110488,株式会社森川マネジメント,兵庫県,神戸市東灘区,向洋町東４丁目３番５号,6580031
7140001110884,株式会社川崎,兵庫県,神戸市東灘区,向洋町中６丁目９番地,6580032
7140001111024,株式会社アーティスポン,兵庫県,神戸市東灘区,本山北町５丁目２０番３１号,6580003
7140001111065,株式会社Ｋｕｅｌ,兵庫県,神戸市東灘区,本山南町１丁目４番３０号,6580015
7140001111288,株式会社龍之進,兵庫県,神戸市東灘区,西岡本２丁目７番４−４２２号,6580073
7140001111362,株式会社ＯＫＤ,兵庫県,神戸市東灘区,西岡本２丁目７番１号６５１,6580073
7140001111577,株式会社ＭＡＲＳ,兵庫県,神戸市東灘区,森北町７丁目２１番２９号,6580001
7140001111775,ティケイコーポレーション株式会社,兵庫県,神戸市東灘区,向洋町中１丁目１０番地１０１号棟１４１３号室,6580032
7140001111908,楠木設備工業株式会社,兵庫県,神戸市東灘区,御影石町４丁目１９番１０号,6580045
7140001112146,Ｗｅｌｌｐｏｏｌ株式会社,兵庫県,神戸市東灘区,魚崎北町７丁目３番１７号,6580082
7140001112344,デジアラキャピタル＆パートナーズ株式会社,兵庫県,神戸市東灘区,向洋町中６丁目９,6580032
7140001112468,ＴｒｉＣｏ株式会社,兵庫県,神戸市東灘区,本山中町４丁目３番２号,6580016
7140001112682,株式会社柏木製樽所,兵庫県,神戸市東灘区,住吉宮町５丁目５番２２号,6580053
7140001113193,ユウシン株式会社,兵庫県,神戸市東灘区,魚崎西町４丁目１１番２３−２号,6580026
7140001113730,ＴＨＥ　ＤＩＡＭＯＮＤ株式会社,兵庫県,神戸市東灘区,本山中町３丁目１０番４号ｍａｉｓｏｎｄｅＳＯ３０１号,6580016
7140001113870,株式会社ノアドココ,兵庫県,神戸市東灘区,本山北町３丁目３番８号ファミーラ甲南１Ｆ,6580003
7140001113887,株式会社ジェイ・エス・ディ,兵庫県,神戸市東灘区,本庄町３丁目７番１１−３０３号,6580012
7140001114019,株式会社Ｍ４,兵庫県,神戸市東灘区,深江南町３丁目３−２２−２０２,6580022
7140001114134,株式会社ウェスタナ,兵庫県,神戸市東灘区,向洋町中６丁目９番地神戸ファッションマート７Ｆ,6580032
7140001114555,シーモアシー株式会社,兵庫県,神戸市東灘区,向洋町東１丁目４,6580031
7140001114720,信豊商事株式会社,兵庫県,神戸市東灘区,住吉台７−９−３０４,6580062
7140001115322,株式会社Ｆｒｏｇ　ｆｒｏｇ,兵庫県,神戸市東灘区,向洋町中５丁目１１−５０１−８０５,6580032
7140001115462,株式会社ＳＡＳＳＯ,兵庫県,神戸市東灘区,御影郡家２丁目６番１２号２０２,6580048
7140001115603,ボーモント＆ブラウン株式会社,兵庫県,神戸市東灘区,向洋町中６丁目９番地神戸ファッションマート７Ｆ,6580032
7140001115669,ら・プラス株式会社,兵庫県,神戸市東灘区,岡本１丁目９番２８号谷川ビル３Ｆ,6580072
7140001115751,周和マシンテック株式会社,兵庫県,神戸市東灘区,甲南町２丁目９番７−２０８号,6580084
7140001115801,株式会社エバーグリーン,兵庫県,神戸市東灘区,甲南町５丁目２番１３−７０２号,6580084
7140001116015,株式会社嶺松舎,兵庫県,神戸市東灘区,住吉山手８丁目１−６,6580063
7140001116551,株式会社ａ・ｅ・ｍ,兵庫県,神戸市東灘区,深江南町２丁目１３番１６−１４０８号,6580022
7140001116618,ＫＥＹ　ＳＴＯＮＥ株式会社,兵庫県,神戸市東灘区,御影３丁目２番１１−６６号,6580047
7140001116634,株式会社あつみ事務所,兵庫県,神戸市東灘区,本山中町１丁目１６番１９号,6580016
7140001116650,株式会社Ｃｈｌａｎ,兵庫県,神戸市東灘区,本山北町２丁目３番２２号,6580003
7140001117979,株式会社ＹＡＭＡＳＨＩＴＡ,兵庫県,神戸市東灘区,青木６丁目６−１６−１０８−３,6580027
7140001118102,株式会社Ｏｎｅ　Ｃｙｐｒｅｓｓ,兵庫県,神戸市東灘区,西岡本３丁目２番１−４０１号,6580073
7140001118325,株式会社福井,兵庫県,神戸市東灘区,御影山手２丁目２番１３号,6580065
7140001118390,株式会社パル・ヤマトホールディングス,兵庫県,神戸市東灘区,北青木２丁目９番５号,6580014
7140001118630,Ｔｏｐ　Ｂｅｖ　Ｊａｐａｎ　株式会社,兵庫県,神戸市東灘区,住吉台４番３−３０７号,6580062
7140001119091,株式会社チームゆしん,兵庫県,神戸市東灘区,甲南町３丁目３番２８−１００１号,6580084
7140001119166,株式会社Ｆｉｌｌ　ｕｐ,兵庫県,神戸市東灘区,住吉宮町１丁目１０番１８号,6580053
7140001119389,株式会社島谷,兵庫県,神戸市東灘区,岡本５丁目８番６号,6580072
7140001121171,株式会社マネーグラム,兵庫県,神戸市東灘区,向洋町中６丁目９番地神戸ファッションマート,6580032
7140001122120,株式会社Ｍｏｎｏｌｉｔｈ,兵庫県,神戸市東灘区,田中町５丁目４番１９号,6580081
7140001122211,株式会社ひとゆい,兵庫県,神戸市東灘区,田中町５丁目１番３８号,6580081
7140001122483,ベルッシモｊａｐａｎ株式会社,兵庫県,神戸市東灘区,西岡本７丁目１７番１−８０９号,6580073
7140001122574,株式会社ＴＡＫＡＴＥＣ,兵庫県,神戸市東灘区,本山南町６丁目５番２０号,6580015
7140001122632,株式会社ランのコンサル,兵庫県,神戸市東灘区,西岡本２丁目７番２−７１２,6580073
7140001123416,株式会社セレクトトラック,兵庫県,神戸市東灘区,住吉東町１丁目２番１７−２号,6580052
7140001123515,ｃｏｎｓｔｒｖｉｖｏ株式会社,兵庫県,神戸市東灘区,北青木３丁目７−１３、２階北号,6580014
7140001123861,株式会社データーマイン,兵庫県,神戸市東灘区,深江本町３丁目２番１６号,6580021
7140001124034,株式会社ＳＹＬＰＨＹＨＯＭＥＳ,兵庫県,神戸市東灘区,向洋町中５丁目１番地５２３号棟１２０７号室,6580032
7140001124083,株式会社ＴＤＥ,兵庫県,神戸市東灘区,魚崎中町２丁目６番５号,6580083
7140001124109,株式会社ＳＴＡＣＫ,兵庫県,神戸市東灘区,向洋町中６丁目９番地,6580032
7140001124182,ＳＵＭＩＲＥ株式会社,兵庫県,神戸市東灘区,住吉東町４丁目６−１６りりぱっとはうす１Ｆ,6580052
7140001124868,ピークブルー株式会社,兵庫県,神戸市東灘区,魚崎西町２丁目２番２−４０５号,6580026
7140001125420,ＡＩ株式会社,兵庫県,神戸市東灘区,向洋町中６丁目３番地の４０,6580032
7140001125503,株式会社Ｏｆｆｉｃｅ　ＧＲＡＮＩＴＯ,兵庫県,神戸市東灘区,鴨子ケ原２丁目８番１３号,6580064
7140001125511,株式会社千縁,兵庫県,神戸市東灘区,魚崎南町５丁目７番３−１０１号,6580025
7140001126030,言靈やまと語出版株式会社,兵庫県,神戸市東灘区,深江南町１丁目１６番３３−３２４号,6580022
7140001126303,ＭＥＴＨＥＵＳ株式会社,兵庫県,神戸市東灘区,向洋町中６丁目９番地神戸ファッションマート８階,6580032
7140001126311,株式会社ＥＮＶＥＲＭＩＴ,兵庫県,神戸市東灘区,住吉山手８丁目２１番地１１号,6580063
7140001126369,株式会社ａｎｄＣ３,兵庫県,神戸市東灘区,岡本１丁目１１番１８号甲南ライフ３０５号,6580072
7140001126575,ラッシュ株式会社,兵庫県,神戸市東灘区,向洋町中５丁目１１番地５０２号棟１２０４号室,6580032
7140001126699,株式会社栞凪,兵庫県,神戸市東灘区,北青木４丁目４番１６号,6580014
7140001127276,株式会社プラナーツ,兵庫県,神戸市東灘区,魚崎中町３丁目１番１１号,6580083
7140001127301,株式会社ｔ．ｔ．ｗ,兵庫県,神戸市東灘区,青木２丁目１５−７エクセーブ青木２０１,6580027
7140001127350,株式会社ＭＡＭＥ,兵庫県,神戸市東灘区,向洋町中６丁目９番地,6580032
7140001127846,株式会社琴十和,兵庫県,神戸市東灘区,本山北町４丁目９番４１号,6580003
7140001127887,株式会社ナカコー,兵庫県,神戸市東灘区,本山南町６丁目１番６号,6580015
7140001128745,株式会社Ｂ‐Ｌａｂ,兵庫県,神戸市東灘区,岡本８丁目９番１号甲南大学岡本キャンパス１２号館,6580072
7140001129909,株式会社アスピラート,兵庫県,神戸市東灘区,住吉本町１丁目１７番１０号,6580051
7140001130148,三矢建設工業株式会社,兵庫県,神戸市東灘区,深江本町３丁目１番１０号イルマーレ壱番館１０２号室,6580021
7140001130180,株式会社アカシアエンジニアリング,兵庫県,神戸市東灘区,御影塚町２丁目１番６−３０７号,6580044
7140001130404,株式会社ＢＳＣ企画,兵庫県,神戸市東灘区,魚崎南町５丁目２−１２−１０５,6580025
7140001131055,株式会社Ｇｏｎ　Ｍａｎａｇｅｍｅｎｔ,兵庫県,神戸市東灘区,御影中町７丁目５番地１９号,6580054
7140001131328,株式会社総合ソリューション,兵庫県,神戸市東灘区,御影中町３丁目２番４−３４０７号,6580054
7140001131336,株式会社ＬａＬａ,兵庫県,神戸市東灘区,御影３丁目２番１６号,6580047
7140001131641,株式会社ＣＴＬＣ,兵庫県,神戸市東灘区,田中町５丁目１番３８号,6580081
7140001131856,ＲｅＬｉｆｅ株式会社,兵庫県,神戸市東灘区,御影本町２丁目７番２９号,6580046
7140001131955,株式会社ミサコネイル,兵庫県,神戸市東灘区,本山北町６丁目６番１号,6580003
7140001132607,株式会社ロジャーグローバルジャパン,兵庫県,神戸市東灘区,甲南台５番１５号,6580002
7140001132788,株式会社Ｈｕｇｋｕｍｕ,兵庫県,神戸市東灘区,本庄町２丁目５−１２ファミール東灘壱番館１階,6580012
7140001132821,株式会社ＳＨＩＮＥ,兵庫県,神戸市東灘区,住吉台６−１,6580062
7140001132895,株式会社ｎａｒａｖｅｒｕ,兵庫県,神戸市東灘区,御影石町４丁目６番２２号メゾンリルオート御影１０１号,6580045
7140001133126,株式会社ＳＵＭＡＵ,兵庫県,神戸市東灘区,向洋町中６丁目９番地神戸ファッションマート,6580032
7140001134207,株式会社ヴィヴロスＲ＆Ｓｐｒｏ,兵庫県,神戸市東灘区,深江本町３丁目１番１０号イルマーレ壱番館２０３,6580021
7140001134231,ＳＳアグリ株式会社,兵庫県,神戸市東灘区,魚崎北町６丁目３番５号,6580082
7140001134297,株式会社ＳＲＨ,兵庫県,神戸市東灘区,田中町３丁目１３番１号,6580081
7140001134652,Ｄｉｔｔｏ株式会社,兵庫県,神戸市東灘区,御影山手３丁目１７−２５,6580065
7140001135072,株式会社リノスペース,兵庫県,神戸市東灘区,御影山手４丁目２２番１８号２０１号,6580065
7140001135485,株式会社テンセンス,兵庫県,神戸市東灘区,住吉南町２丁目１２番２−３０１号,6580041
7140001135857,株式会社アストレックス,兵庫県,神戸市東灘区,向洋町中６丁目９番地神戸ファッションマート８Ｓ−１０,6580032
7140001135931,株式会社Ｃｏｃｏａ,兵庫県,神戸市東灘区,西岡本４丁目２番６号,6580073
7140001136145,株式会社ＭＡＲＣＨ,兵庫県,神戸市東灘区,住吉本町３丁目１５番４号,6580051
7140001136260,海勝株式会社,兵庫県,神戸市東灘区,深江浜町９−１,6580023
7140001136401,Ａｉｍｉ株式会社,兵庫県,神戸市東灘区,岡本３丁目４番１４号ジオ岡本レジデンス４０４号室,6580072
7140001136938,ｍｉｌｌｏ株式会社,兵庫県,神戸市東灘区,御影本町６丁目１２番２１号,6580046
7140001137044,株式会社ＦＵＺＩ,兵庫県,神戸市東灘区,住吉南町２丁目１２番２−５１０号,6580041
7140001137399,Ｋｉｙｏｍｉ　ｉｎｎｏｖａｔｉｏｎ株式会社,兵庫県,神戸市東灘区,魚崎南町５丁目１２番３号吉田ロイヤル１０３号,6580025
7140001137449,リンゲージ株式会社,兵庫県,神戸市東灘区,深江北町３丁目９番２８号ルサンク甲南４０９,6580013
7140001137770,株式会社命門堂のいえ,兵庫県,神戸市東灘区,深江北町４丁目４番８号　ルミエール東灘１Ｆ,6580013
7140001137969,くくら株式会社,兵庫県,神戸市東灘区,深江本町１丁目１０番１２号,6580021
7140001138083,株式会社アドホーム,兵庫県,神戸市東灘区,向洋町中６丁目９番地,6580032
7140001138406,株式会社トラストロジック,兵庫県,神戸市東灘区,森北町７丁目１２番１２号,6580001
7140001138728,株式会社米花,兵庫県,神戸市東灘区,深江北町４丁目１１番６−４０５号,6580013
7140001139511,株式会社ＭｏＭＩＣＫ,兵庫県,神戸市東灘区,向洋町中５丁目４番地の２９,6580032
7140001139552,株式会社ボルティア,兵庫県,神戸市東灘区,本山北町５丁目１０−２８−１,6580003
7140001139949,株式会社ヴェーネス．,兵庫県,神戸市東灘区,住吉台４１番１−７０３号,6580062
7140001140188,株式会社リンクル,兵庫県,神戸市東灘区,御影石町１丁目２番３−３０６号,6580045
7140001140403,トワエール株式会社,兵庫県,神戸市東灘区,御影郡家１丁目１６番１３号,6580048
7140001140626,株式会社Ｂｏｕｌａｎｇｅｒｉｅ　Ｇｏｕｒｍａｎｄ,兵庫県,神戸市東灘区,本山中町３丁目６−２３ＴＭハイツ本山,6580016
7140001140717,株式会社ＮＢＩ牧場,兵庫県,神戸市東灘区,住吉浜町１９番地の５,6580042
7140001140849,株式会社Ｇａｔｅｗａｙ,兵庫県,神戸市東灘区,向洋町中６丁目９番地,6580032
7140001141500,ＭＡＲＵ　ＦＯＯＤＳ株式会社,兵庫県,神戸市東灘区,向洋町中１丁目４番地１２９号棟７０５号室,6580032
7140001141582,株式会社ＳＡＳグリーン,兵庫県,神戸市東灘区,御影本町３丁目３番１２号,6580046
7140001142192,大東ホールディングス株式会社,兵庫県,神戸市東灘区,住吉台２２番１４号,6580062
7140001142218,まくる株式会社,兵庫県,神戸市東灘区,向洋町中５丁目１５番,6580032
7140002025347,株式会社ブルーマネジメント,兵庫県,神戸市東灘区,森北町６丁目４番６２号,6580001
7140002067075,株式会社泰平,兵庫県,神戸市東灘区,住吉本町３丁目４番４７号Ａ−１０２号,6580051
7140003004093,株式会社御影製凾所,兵庫県,神戸市東灘区,渦森台３丁目１１番１２号,6580066
7140003009761,ｉＰｒｅｓｅｎｃｅ株式会社,兵庫県,神戸市東灘区,向洋町中６丁目９番地神戸ファッションマート,6580032
7140003017310,株式会社ロータス,兵庫県,神戸市東灘区,向洋町中６丁目９番地,6580032
7160001021007,株式会社ＷＩＮ,兵庫県,神戸市東灘区,向洋町中６丁目９番地,6580032
7270001007259,ＰＲＯＰＲＯ株式会社,兵庫県,神戸市東灘区,住吉台４番６−７０１号,6580062
7340001023067,株式会社ターゲットヘルスケア,兵庫県,神戸市東灘区,御影３丁目２番１１−３３３号,6580047
7430001078630,株式会社ＧＲＵＰＰＥＮＦＲＩＥＤＥＮ,兵庫県,神戸市東灘区,鴨子ケ原２丁目１２番２号,6580064
8011001112767,株式会社ムートインターナショナル,兵庫県,神戸市東灘区,本山北町５丁目５番１２号,6580003
8011101068769,株式会社ロシュフォール,兵庫県,神戸市東灘区,本山北町５丁目２番１−１０号,6580003
8011301024786,株式会社サリーダ・デ・バロン,兵庫県,神戸市東灘区,魚崎北町８丁目３番２９号,6580082
8021001083727,緑蔭株式会社,兵庫県,神戸市東灘区,向洋町中１丁目１７−３０階,6580032
8120001042749,旭栄株式会社,兵庫県,神戸市東灘区,本庄町３丁目７番２０号４０２号,6580012
8120001045198,高千穂鉄工株式会社,兵庫県,神戸市東灘区,青木２丁目１２番１３号,6580027
8120001061674,株式会社エスピーワーク,兵庫県,神戸市東灘区,向洋町中３丁目１番地の８（２番館１３０７号）,6580032
8120001072151,株式会社レギー,兵庫県,神戸市東灘区,御影１丁目６−１７−５０１,6580047
8120001098592,株式会社アッシュ,兵庫県,神戸市東灘区,御影本町１丁目１２番２０号,6580046
8120001105142,シーエイチエヌ株式会社,兵庫県,神戸市東灘区,魚崎中町２丁目６番３１号,6580083
8120001135569,株式会社インサイト,兵庫県,神戸市東灘区,向洋町中１丁目６番地の２９,6580032
8120001146483,日本ランド株式会社,兵庫県,神戸市東灘区,西岡本７丁目１−１,6580073
8120001168024,株式会社ＬＮＪ神戸,兵庫県,神戸市東灘区,深江浜町３４−１,6580023
8120001172224,株式会社ラシク,兵庫県,神戸市東灘区,住吉本町３丁目７番６−１０１号,6580051
8120001172959,株式会社アズーム,兵庫県,神戸市東灘区,向洋町中５丁目１番地５２４号棟４１４号室,6580032
8120001173107,株式会社Ｃｕｂｉｋゼロ,兵庫県,神戸市東灘区,向洋町中３丁目１番１０号,6580032
8120001173627,株式会社スマイルワーク,兵庫県,神戸市東灘区,本庄町１丁目１４番２２号プログレス甲南山手３０１号,6580012
8120001185473,大阪防災株式会社,兵庫県,神戸市東灘区,向洋町中６丁目９番地,6580032
8120001205702,株式会社ＴＡＳＫＳ,兵庫県,神戸市東灘区,岡本７丁目１２番１８−４０２号,6580072
8120001219693,株式会社ＵＮＩＱＵＥ　ＷＯＲＫＳ,兵庫県,神戸市東灘区,向洋町中５丁目１５番地ＲＩＣセントラルタワー内マーケットシーン２０４Ａ,6580032
8120001226418,株式会社トランスバレー,兵庫県,神戸市東灘区,御影郡家２丁目１８番１６号,6580048
8120001249352,株式会社ニッコー・ケイサービスみかげ倶楽部,兵庫県,神戸市東灘区,住吉山手２丁目１１番２６号,6580063
8120001249583,Ｍｉｌｅｓ株式会社,兵庫県,神戸市東灘区,御影本町６丁目１２番１０号２０１号室,6580046
8120001251250,ＭＩＫＩ株式会社,兵庫県,神戸市東灘区,御影中町６丁目４−４ダイドーメゾン御影ＩＩ３０１,6580054
8120901024202,株式会社シンワ・エステート,兵庫県,神戸市東灘区,御影郡家２丁目３番７号,6580048
8120901037105,株式会社ラウレア,兵庫県,神戸市東灘区,森北町１丁目８番４号シャンヴィラージュ甲南山手駅前３０１号,6580001
8120901050248,株式会社馬賑トレーディング,兵庫県,神戸市東灘区,田中町１丁目１１−１５富屋ビル４Ｆ,6580081
8130001040339,株式会社フロスト,兵庫県,神戸市東灘区,青木６丁目９番２号,6580027
8130001067811,三絹医薬株式会社,兵庫県,神戸市東灘区,岡本５丁目６−１井上ハイツ１−Ｓ,6580072
8140001000077,株式会社芦屋高麗,兵庫県,神戸市東灘区,御影郡家１丁目２１番１５号,6580048
8140001000548,中外道路株式会社,兵庫県,神戸市東灘区,本山南町８丁目６−２６東神戸センタービルＷ棟１３階,6580015
8140001000721,株式会社プランナーズ・インターナショナル,兵庫県,神戸市東灘区,向洋町中５丁目１５番地,6580032
8140001000936,アート緑建株式会社,兵庫県,神戸市東灘区,住吉南町５丁目１０番２２号,6580041
8140001000952,株式会社あかつき,兵庫県,神戸市東灘区,魚崎南町３丁目２１番３号,6580025
8140001000977,旭ドラム株式会社,兵庫県,神戸市東灘区,魚崎浜町７番,6580024
8140001000985,株式会社芦屋マンションセンター,兵庫県,神戸市東灘区,本庄町２丁目４番１１号,6580012
8140001000993,株式会社アトラス,兵庫県,神戸市東灘区,御影１丁目７番１１号,6580047
8140001001001,エスペックテストシステム株式会社,兵庫県,神戸市東灘区,住吉宮町５丁目１０番１８号,6580053
8140001001026,株式会社池田不動産鑑定所,兵庫県,神戸市東灘区,本山北町５丁目１０番２４号,6580003
8140001001075,株式会社ウィング,兵庫県,神戸市東灘区,御影石町２丁目１４番２１号,6580045
8140001001109,株式会社エージー,兵庫県,神戸市東灘区,住吉宮町３丁目１０番１５号,6580053
8140001001133,株式会社エヌエー,兵庫県,神戸市東灘区,本山北町３丁目２番１７−２０１号,6580003
8140001001174,大川産業株式会社,兵庫県,神戸市東灘区,御影塚町３丁目１０番８号,6580044
8140001001190,株式会社大竹組,兵庫県,神戸市東灘区,御影塚町３丁目１０番８号,6580044
8140001001199,株式会社大谷商店,兵庫県,神戸市東灘区,深江浜町１番１,6580023
8140001001216,奥野運輸産業株式会社,兵庫県,神戸市東灘区,御影本町５丁目１−２２,6580046
8140001001224,株式会社マルヤナギ小倉屋,兵庫県,神戸市東灘区,御影塚町４丁目９番２１号,6580044
8140001001240,株式会社ガーデン松田,兵庫県,神戸市東灘区,魚崎北町１丁目１２番７号,6580082
8140001001249,関西アライドコーヒーロースターズ株式会社,兵庫県,神戸市東灘区,深江浜町１２番３,6580023
8140001001307,株式会社カルチャーリンク,兵庫県,神戸市東灘区,住吉台４５番５号,6580062
8140001001331,株式会社キンドー,兵庫県,神戸市東灘区,御影３丁目２番１１号,6580047
8140001001348,株式会社共栄建設社,兵庫県,神戸市東灘区,深江本町１丁目６番１６−４０３号,6580021
8140001001364,株式会社協立道路サービス,兵庫県,神戸市東灘区,魚崎南町４丁目１６番２１号,6580025
8140001001380,株式会社グリーンフラツト,兵庫県,神戸市東灘区,岡本１丁目２番１７号,6580072
8140001001397,株式会社ケーエフコーポレーション,兵庫県,神戸市東灘区,御影山手５丁目２番２２号,6580065
8140001001406,京阪神住宅土地株式会社,兵庫県,神戸市東灘区,岡本１丁目１３番１６号,6580072
8140001001430,カナリア株式会社,兵庫県,神戸市東灘区,森南町２丁目８番２号,6580011
8140001001455,甲南発條株式会社,兵庫県,神戸市東灘区,青木２丁目７番１６号,6580027
8140001001471,株式会社弘文堂,兵庫県,神戸市東灘区,魚崎浜町２７番の２１,6580024
8140001001488,株式会社光陽商会,兵庫県,神戸市東灘区,深江浜町１５６,6580023
8140001001538,株式会社サンエー,兵庫県,神戸市東灘区,深江浜町６９番地,6580023
8140001001570,三基建設株式会社,兵庫県,神戸市東灘区,西岡本３丁目１番７号,6580073
8140001001587,株式会社桜井商店,兵庫県,神戸市東灘区,住吉宮町４丁目４番１−２７０２号,6580053
8140001001612,株式会社薩摩商会,兵庫県,神戸市東灘区,深江浜町５４番,6580023
8140001001620,株式会社サポート,兵庫県,神戸市東灘区,向洋町中５丁目１５番地,6580032
8140001001661,日本あんしんメンテナンスセンター株式会社,兵庫県,神戸市東灘区,御影３丁目２番１１号,6580047
8140001001686,神恒物産株式会社,兵庫県,神戸市東灘区,岡本６丁目１番２６号,6580072
8140001001694,光人開発株式会社,兵庫県,神戸市東灘区,御影３丁目２番１１号,6580047
8140001001711,神東建設工業株式会社,兵庫県,神戸市東灘区,魚崎浜町２７番地の１４,6580024
8140001001736,株式会社修英館,兵庫県,神戸市東灘区,岡本１丁目４番３号,6580072
8140001001744,重畳波技研株式会社,兵庫県,神戸市東灘区,本山北町２丁目７番６号サンメゾン藤森１０１,6580003
8140001001760,株式会社シュ・シュ,兵庫県,神戸市東灘区,住吉山手１丁目９番３４号,6580063
8140001001769,株式会社ジャルダン・ド・フランス,兵庫県,神戸市東灘区,田中町３丁目１９番１４号,6580081
8140001001777,新和水産株式会社,兵庫県,神戸市東灘区,深江浜町１番１神戸市中央卸売市場東部市場内,6580023
8140001001802,株式会社清交商事,兵庫県,神戸市東灘区,西岡本７丁目８番１１号,6580073
8140001001819,株式会社セキヤマ・ジェー・ティー,兵庫県,神戸市東灘区,西岡本３丁目２１番１号,6580073
8140001001827,摂津総業株式会社,兵庫県,神戸市東灘区,青木３丁目地先埋立地,6580027
8140001001851,株式会社ゾフィ,兵庫県,神戸市東灘区,深江北町１丁目１４番１号,6580013
8140001001868,第一ビルダー株式会社,兵庫県,神戸市東灘区,西岡本３丁目１３番２０号４Ｂ,6580073
8140001001876,株式会社大起社,兵庫県,神戸市東灘区,御影町郡家字大蔵１番地の１,6580057
8140001001892,大神不動産株式会社,兵庫県,神戸市東灘区,岡本１丁目４番２７号,6580072
8140001001901,アイロップホールディングス株式会社,兵庫県,神戸市東灘区,御影１丁目１４番７号,6580047
8140001001926,株式会社竹内コーポレーション,兵庫県,神戸市東灘区,御影中町２丁目２番１４−３０１号,6580054
8140001001942,タケダヤ株式会社,兵庫県,神戸市東灘区,住吉本町２丁目１０番３号,6580051
8140001001950,高見産業株式会社,兵庫県,神戸市東灘区,住吉台２番１号,6580062
8140001001959,株式会社多田,兵庫県,神戸市東灘区,本山南町２丁目１３番３１号,6580015
8140001001983,株式会社丹波屋商店,兵庫県,神戸市東灘区,住吉宮町４丁目４番１−２１７号,6580053
8140001002008,株式会社ティーアンドエムコーポレーション,兵庫県,神戸市東灘区,本山北町２丁目３番２２号,6580003
8140001002024,出来電気株式会社,兵庫県,神戸市東灘区,森南町１丁目３番１３号,6580011
8140001002040,株式会社天満屋商店,兵庫県,神戸市東灘区,西岡本４丁目１４番３号,6580073
8140001002049,株式会社イル・ド・フランス,兵庫県,神戸市東灘区,田中町３丁目１９番１４号,6580081
8140001002057,株式会社東光商会,兵庫県,神戸市東灘区,岡本４丁目４番６号,6580072
8140001002065,株式会社東伸青果,兵庫県,神戸市東灘区,深江浜町１番１神戸市中央卸売市場東部市場内,6580023
8140001002098,都市交通株式会社,兵庫県,神戸市東灘区,甲南町１丁目２番４号,6580084
8140001002115,株式会社ドミニツクジユラン,兵庫県,神戸市東灘区,田中町３丁目１９番１４号,6580081
8140001002131,鳥芳産業株式会社,兵庫県,神戸市東灘区,深江本町１丁目１０番１２号,6580021
8140001002148,株式会社ナカニシ,兵庫県,神戸市東灘区,魚崎浜町３６番地の６,6580024
8140001002156,株式会社なんすい食品,兵庫県,神戸市東灘区,北青木４丁目２４番１６号,6580014
8140001002197,株式会社日研商事,兵庫県,神戸市東灘区,御影石町２丁目１４番１２号,6580045
8140001002206,日神商事株式会社,兵庫県,神戸市東灘区,御影中町１丁目８番８−１０６号,6580054
8140001002222,株式会社ネツトウエーブ,兵庫県,神戸市東灘区,西岡本５丁目８番１５号,6580073
8140001002239,ワイツ株式会社,兵庫県,神戸市東灘区,田中町２丁目１５番５号,6580081
8140001002247,株式会社ハクタカ本舖,兵庫県,神戸市東灘区,田中町１丁目１３番２２−８０２号,6580081
8140001002263,株式会社長谷川商店,兵庫県,神戸市東灘区,深江浜町１番１,6580023
8140001002271,阪神シロセツト工業株式会社,兵庫県,神戸市東灘区,本庄町３丁目７番２号,6580012
8140001002288,株式会社ハンドインハンド,兵庫県,神戸市東灘区,岡本１丁目５番１４号,6580072
8140001002296,株式会社花木商店,兵庫県,神戸市東灘区,甲南町３丁目７番１４号,6580084
8140001002313,パワー建築株式会社,兵庫県,神戸市東灘区,魚崎北町１丁目６番２３号,6580082
8140001002354,株式会社ヒロセ,兵庫県,神戸市東灘区,北青木４丁目２４番１７号,6580014
8140001002370,株式会社ファインテック,兵庫県,神戸市東灘区,森北町４丁目１２番１号,6580001
8140001002379,株式会社フェニックス貿易,兵庫県,神戸市東灘区,住吉本町１丁目１５番３号,6580051
8140001002387,福井産業株式会社,兵庫県,神戸市東灘区,御影山手２丁目２番１３号,6580065
8140001002404,株式会社ＢＵＺＥＮ,兵庫県,神戸市東灘区,魚崎北町６丁目５番１０号,6580082
8140001002412,藤本鉄工株式会社,兵庫県,神戸市東灘区,向洋町東２丁目７番地の１０,6580031
8140001002437,株式会社プロデュースジャパン,兵庫県,神戸市東灘区,岡本１丁目１４番２３号,6580072
8140001002461,株式会社宝泉,兵庫県,神戸市東灘区,御影本町２丁目１５番２号,6580046
8140001002528,松本運送株式会社,兵庫県,神戸市東灘区,御影塚町１丁目１０番７号,6580044
8140001002552,株式会社マルゼン,兵庫県,神戸市東灘区,住吉浜町１９番地,6580042
8140001002560,丸仲運送株式会社,兵庫県,神戸市東灘区,住吉浜町１９番地,6580042
8140001002569,丸山商事株式会社,兵庫県,神戸市東灘区,御影山手５丁目２３番１８号,6580065
8140001002577,第一交通株式会社,兵庫県,神戸市東灘区,深江浜町８０番地,6580023
8140001002585,株式会社瑞貴,兵庫県,神戸市東灘区,住吉宮町６丁目１２５番地,6580053
8140001002627,村松住設産業株式会社,兵庫県,神戸市東灘区,住吉本町２丁目５番２６号,6580051
8140001002692,山崎建設株式会社,兵庫県,神戸市東灘区,御影本町２丁目１−１７,6580046
8140001002718,ユーエスケィ株式会社,兵庫県,神戸市東灘区,魚崎浜町１７番地,6580024
8140001002742,吉田建設株式会社,兵庫県,神戸市東灘区,魚崎南町３丁目４番１６号,6580025
8140001002759,株式会社ライフライン,兵庫県,神戸市東灘区,住吉南町３丁目２番２３号,6580041
8140001002775,株式会社渡辺真珠,兵庫県,神戸市東灘区,住吉宮町３丁目１４番２０号パレスハイツ住吉５０１号,6580053
8140001002783,株式会社リエゾンドライビングスクール,兵庫県,神戸市東灘区,向洋町東４丁目２番,6580031
8140001002800,株式会社ルイス企画,兵庫県,神戸市東灘区,森南町３丁目４番３号,6580011
8140001002809,株式会社六五寿司,兵庫県,神戸市東灘区,魚崎北町１丁目１３番１号,6580082
8140001002825,神戸インテリア工芸株式会社,兵庫県,神戸市東灘区,深江本町３丁目２番４号,6580021
8140001002841,株式会社神戸現像所,兵庫県,神戸市東灘区,御影中町６丁目１番５号,6580054
8140001002890,神戸リアルター株式会社,兵庫県,神戸市東灘区,住吉山手８丁目１２番１３号,6580063
8140001002916,株式会社日本ファンド,兵庫県,神戸市東灘区,住吉宮町６丁目１番２２号,6580053
8140001002924,日本ロード・メンテナンス株式会社,兵庫県,神戸市東灘区,青木５丁目１番８号,6580027
8140001002981,株式会社アップルプラン,兵庫県,神戸市東灘区,御影山手５丁目２番２８−５０８号,6580065
8140001003039,株式会社井上建設,兵庫県,神戸市東灘区,御影中町１丁目１７番１３号,6580054
8140001003261,株式会社串かつ又四郎,兵庫県,神戸市東灘区,御影塚町１丁目５番１０号,6580044
8140001003939,株式会社ヒライワ建装,兵庫県,神戸市東灘区,御影本町７丁目７番１９号,6580046
8140001003971,富士酒販株式会社,兵庫県,神戸市東灘区,御影山手２丁目１１番３２−４０３号,6580065
8140001003988,株式会社藤原工務店,兵庫県,神戸市東灘区,魚崎北町８丁目１番１号,6580082
8140001004004,株式会社ヘキサグラフィックス,兵庫県,神戸市東灘区,向洋町中５丁目１番地５２２号棟２０８号室,6580032
8140001004037,株式会社ポニー,兵庫県,神戸市東灘区,深江南町２丁目４−３５−１０１,6580022
8140001004111,株式会社ミック,兵庫県,神戸市東灘区,本庄町２丁目３番８号,6580012
8140001004235,和歌山運送株式会社,兵庫県,神戸市東灘区,深江浜町１０４番,6580023
8140001004251,株式会社リケン工業,兵庫県,神戸市東灘区,住吉南町１丁目１２番２１号,6580041
8140001004318,株式会社神戸研発,兵庫県,神戸市東灘区,向洋町中３丁目２番地５・１１１５号室,6580032
8140001006207,インフィニツ・システム株式会社,兵庫県,神戸市東灘区,御影山手４丁目１６番２３号,6580065
8140001006462,エトスエル・デイ株式会社,兵庫県,神戸市東灘区,森北町１丁目７番１号,6580001
8140001006933,カナガワアンドカンパニー株式会社,兵庫県,神戸市東灘区,西岡本７丁目５番４号,6580073
8140001006958,上組海運株式会社,兵庫県,神戸市東灘区,住吉浜町１８番地１３,6580042
8140001007205,株式会社朔,兵庫県,神戸市東灘区,本山南町９丁目２番１６号,6580015
8140001008153,シンエービジネス株式会社,兵庫県,神戸市東灘区,渦森台４丁目１６番４号,6580066
8140001009003,株式会社ときわ会計社,兵庫県,神戸市東灘区,岡本６丁目１０番２０号,6580072
8140001009341,株式会社調研,兵庫県,神戸市東灘区,御影山手３丁目６番１５号,6580065
8140001011082,丸昌産業株式会社,兵庫県,神戸市東灘区,向洋町中５丁目６番地の２、１２０５号,6580032
8140001011990,株式会社サン・トランスポート,兵庫県,神戸市東灘区,向洋町西２丁目８番地,6580033
8140001012254,日本テルペン化学株式会社,兵庫県,神戸市東灘区,向洋町東２丁目３番地,6580031
8140001012361,株式会社コムホームサービス,兵庫県,神戸市東灘区,森北町６丁目４番１５号,6580001
8140001017369,オリエントレジヤー株式会社,兵庫県,神戸市東灘区,本山南町７丁目８番３０−１２０８号,6580015
8140001019027,光栄看板株式会社,兵庫県,神戸市東灘区,本山中町３丁目２番７号,6580016
8140001019035,株式会社三洋航空サービス,兵庫県,神戸市東灘区,岡本１丁目７番８号,6580072
8140001019043,日研電工株式会社,兵庫県,神戸市東灘区,御影本町６丁目２番５号,6580046
8140001019274,ロイヤルオートパーツ株式会社,兵庫県,神戸市東灘区,住吉山手９丁目２番２３号,6580063
8140001019646,株式会社スカイネット,兵庫県,神戸市東灘区,向洋町中６丁目９番地,6580032
8140001019687,オフテック株式会社,兵庫県,神戸市東灘区,魚崎南町３丁目２２番９号,6580025
8140001020059,エヌ・アイ・エス株式会社,兵庫県,神戸市東灘区,住吉台２５番１５号,6580062
8140001020257,新光梱包フオワーディング株式会社,兵庫県,神戸市東灘区,魚崎南町１丁目１番１０号,6580025
8140001020307,株式会社デュアル・ネット・リサーチ,兵庫県,神戸市東灘区,魚崎西町１丁目６番１１号,6580026
8140001020570,ニコス株式会社,兵庫県,神戸市東灘区,岡本２丁目７番１号,6580072
8140001020620,株式会社カイ,兵庫県,神戸市東灘区,深江本町１丁目１２−１６,6580021
8140001020851,株式会社ニーズ,兵庫県,神戸市東灘区,本庄町１丁目３番５号,6580012
8140001021387,株式会社松大,兵庫県,神戸市東灘区,御影山手６丁目２番８号,6580065
8140001021511,株式会社力丸,兵庫県,神戸市東灘区,岡本１丁目３番４号ロイヤル美松２０２号,6580072
8140001021569,株式会社アクト,兵庫県,神戸市東灘区,向洋町東４丁目４番６,6580031
8140001021791,株式会社ポップマックス,兵庫県,神戸市東灘区,魚崎南町３丁目１７番２２号,6580025
8140001022039,株式会社ジャパンオールライフ,兵庫県,神戸市東灘区,向洋町中７丁目２番地の１−５番館９０２号,6580032
8140001022063,株式会社大関化学研究所,兵庫県,神戸市東灘区,住吉南町１丁目１番１５号,6580041
8140001022096,株式会社アイメディック,兵庫県,神戸市東灘区,御影３丁目２番１１−１６９号,6580047
8140001022146,株式会社マーブルファクトリー,兵庫県,神戸市東灘区,森北町１丁目３番２４号,6580001
8140001022204,株式会社グレイスホーム,兵庫県,神戸市東灘区,田中町４丁目６番７号,6580081
8140001022303,株式会社アーク,兵庫県,神戸市東灘区,住吉山手８丁目１４番１３号,6580063
8140001022360,ブロックコウベ株式会社,兵庫県,神戸市東灘区,魚崎西町３丁目６番４−１０２号,6580026
8140001022583,増屋コーポレーション株式会社,兵庫県,神戸市東灘区,住吉本町１丁目１５番７−２０１号,6580051
8140001022609,株式会社クラフト,兵庫県,神戸市東灘区,住吉本町１丁目１７番１０号,6580051
8140001022633,株式会社セル,兵庫県,神戸市東灘区,御影山手３丁目６番１１号,6580065
8140001022939,株式会社ファンクレール,兵庫県,神戸市東灘区,岡本２丁目７番１号,6580072
8140001022963,株式会社ＷＩＴＨ,兵庫県,神戸市東灘区,住吉本町１丁目２４番２２号,6580051
8140001023210,株式会社ファーマネット,兵庫県,神戸市東灘区,住吉山手５丁目５番１−３０４号,6580063
8140001023219,株式会社広瀬商店,兵庫県,神戸市東灘区,鴨子ケ原３丁目９番２４号,6580064
8140001023227,株式会社アップワーズ,兵庫県,神戸市東灘区,御影中町２丁目４番１２号,6580054
8140001023367,株式会社エイチアイシー,兵庫県,神戸市東灘区,住吉台１０番７号,6580062
8140001023565,株式会社モンロワール,兵庫県,神戸市東灘区,岡本１丁目１２番１４号,6580072
8140001023697,株式会社アイコーポレーション,兵庫県,神戸市東灘区,御影塚町２丁目２０番２０号,6580044
8140001023706,株式会社マンリーコーポレーション,兵庫県,神戸市東灘区,西岡本２丁目７番２−９２１号,6580073
8140001023805,株式会社啓徳,兵庫県,神戸市東灘区,魚崎浜町２４番地,6580024
8140001023870,株式会社柳和,兵庫県,神戸市東灘区,御影塚町４丁目９番２１号,6580044
8140001023937,カネテツデリカフーズ株式会社,兵庫県,神戸市東灘区,向洋町西５丁目８番地,6580033
8140001023961,シティネット株式会社,兵庫県,神戸市東灘区,本山北町３丁目４番２５号,6580003
8140001024084,株式会社インプレス,兵庫県,神戸市東灘区,御影郡家２丁目１８番１５号,6580048
8140001024200,株式会社ロードハウスヒロイング,兵庫県,神戸市東灘区,魚崎北町１丁目６番１２号,6580082
8140001024456,株式会社カラーワールド,兵庫県,神戸市東灘区,北青木４丁目６番２７号,6580014
8140001024497,株式会社Ｊ・Ｔ・Ｓ,兵庫県,神戸市東灘区,深江浜町７７番地東部買出人センタービル２階１２号室,6580023
8140001024844,ウエストスタジオ株式会社,兵庫県,神戸市東灘区,岡本６丁目５番１７号,6580072
8140001025041,株式会社アイ・コム,兵庫県,神戸市東灘区,住吉本町３丁目６番１７−２０５号,6580051
8140001025157,株式会社サンライトホールディングス,兵庫県,神戸市東灘区,御影２丁目１９番７号,6580047
8140001025223,株式会社シンコム,兵庫県,神戸市東灘区,魚崎北町６丁目３番１０号,6580082
8140001025231,ナコム株式会社,兵庫県,神戸市東灘区,西岡本２丁目７番２−７２２号,6580073
8140001025363,株式会社ベンチャービジョン,兵庫県,神戸市東灘区,深江北町３丁目６番１２号,6580013
8140001025479,株式会社リュクスジャパン,兵庫県,神戸市東灘区,向洋町中６丁目９番地,6580032
8140001025512,三光物産株式会社,兵庫県,神戸市東灘区,御影山手２丁目９番１６号,6580065
8140001025660,株式会社グリーンテクノス,兵庫県,神戸市東灘区,魚崎南町３丁目２番２号,6580025
8140001025850,株式会社草心,兵庫県,神戸市東灘区,御影２丁目２番５−６０１号,6580047
8140001025966,株式会社バク,兵庫県,神戸市東灘区,住吉山手３丁目１番４３号,6580063
8140001026155,株式会社アクロファクト,兵庫県,神戸市東灘区,御影３丁目２番１１−１２２号,6580047
8140001026171,株式会社ＰＡＧＥＳ,兵庫県,神戸市東灘区,深江北町３丁目４番１２号,6580013
8140001026221,株式会社甲南土地建物,兵庫県,神戸市東灘区,岡本１丁目５番１４号,6580072
8140001026279,株式会社吉島本舗,兵庫県,神戸市東灘区,向洋町中５丁目５番地５３１号棟５２１号室,6580032
8140001026287,株式会社マイライフ,兵庫県,神戸市東灘区,北青木２丁目６番７号,6580014
8140001026304,株式会社ティ・アイ商事,兵庫県,神戸市東灘区,住吉浜町１６番１号,6580042
8140001026510,株式会社ベルタ,兵庫県,神戸市東灘区,御影町西平野字一ノ坪１１−１−２６,6580058
8140001026816,株式会社エム・ディ,兵庫県,神戸市東灘区,魚崎北町６丁目１番１９号,6580082
8140001026956,株式会社マジックピエロ,兵庫県,神戸市東灘区,本山北町６丁目６番１号,6580003
8140001027070,株式会社クリティカルデザイン,兵庫県,神戸市東灘区,西岡本６丁目６番２２号,6580073
8140001027319,網野物産株式会社,兵庫県,神戸市東灘区,向洋町中３丁目１番地の１０・２番館３１１号,6580032
8140001027590,株式会社Ｋ２,兵庫県,神戸市東灘区,深江南町２丁目８番７号,6580022
8140001027616,株式会社ティー・エヌ・ケー,兵庫県,神戸市東灘区,魚崎中町２丁目１１番２０号,6580083
8140001027624,シンクロ工業株式会社,兵庫県,神戸市東灘区,御影石町２丁目１３番２１−３０１号,6580045
8140001027748,株式会社ｓｔｕｄｉｏ　ＳＯＬＡＲＩ,兵庫県,神戸市東灘区,森南町２丁目１番１０号,6580011
8140001027905,株式会社オクトウォーター,兵庫県,神戸市東灘区,森南町２丁目６−３,6580011
8140001027954,株式会社窪屋,兵庫県,神戸市東灘区,森北町５丁目２番１６号,6580001
8140001027970,株式会社パールステーション,兵庫県,神戸市東灘区,御影３丁目２番１１号,6580047
8140001028291,Ｉ−Ｎａｔ株式会社,兵庫県,神戸市東灘区,岡本５丁目４番２３号,6580072
8140001028341,甲南テック株式会社,兵庫県,神戸市東灘区,深江北町３丁目１０−２５−１０３,6580013
8140001028523,株式会社ダイヘンテクノス,兵庫県,神戸市東灘区,向洋町西４丁目１番地,6580033
8140001028556,株式会社コンパス,兵庫県,神戸市東灘区,北青木４丁目２２番２０号,6580014
8140001028589,株式会社エムズ,兵庫県,神戸市東灘区,住吉山手９丁目１１番１４号,6580063
8140001028829,株式会社Ｐ−１トランスポート,兵庫県,神戸市東灘区,魚崎浜町２９−９,6580024
8140001028878,株式会社プラスパーホーム,兵庫県,神戸市東灘区,住吉宮町５丁目７番１８号,6580053
8140001029067,株式会社ＫＴ２,兵庫県,神戸市東灘区,住吉宮町４丁目４番１−１０８号,6580053
8140001029109,アーク株式会社,兵庫県,神戸市東灘区,向洋町中１丁目１０番地１０１号棟２５０１号室,6580032
8140001029133,株式会社シンフォニーナガノ,兵庫県,神戸市東灘区,岡本３丁目１０番１−２０１号,6580072
8140001029166,株式会社バランスワン,兵庫県,神戸市東灘区,魚崎南町５丁目４−１０−３０１,6580025
8140001029331,株式会社ＫＯＢＥインターナショナル,兵庫県,神戸市東灘区,御影３丁目２番１１−１０３号,6580047
8140001029348,株式会社上浦企画設計,兵庫県,神戸市東灘区,森北町２丁目３番１６号プチシャトレ森北,6580001
8140001029463,ランブル株式会社,兵庫県,神戸市東灘区,森北町１丁目７番２０−２０１号,6580001
8140001029496,株式会社エイ・アール・シー,兵庫県,神戸市東灘区,住吉本町１丁目１番３９−５０３号,6580051
8140001029579,株式会社ＦＳＳ,兵庫県,神戸市東灘区,西岡本５丁目１２番１９−２３,6580073
8140001029810,株式会社トーホービジネスサービス,兵庫県,神戸市東灘区,向洋町西５丁目９番,6580033
8140001029843,株式会社リッシン,兵庫県,神戸市東灘区,御影３丁目２４番２２号,6580047
8140001029918,株式会社Ｔ＆Ｋ　ＧＬＯＢＡＬ−ＮＥＴ　ｓｅｒｖｉｃｅ,兵庫県,神戸市東灘区,甲南町３丁目２番７号,6580084
8140001029975,株式会社聖地,兵庫県,神戸市東灘区,住吉宮町６丁目１番２２号,6580053
8140001029983,株式会社ペプコ,兵庫県,神戸市東灘区,御影３丁目２番１１号,6580047
8140001030041,株式会社マイ商事,兵庫県,神戸市東灘区,深江浜町１０２番地,6580023
8140001030082,株式会社プロトタイプ,兵庫県,神戸市東灘区,住吉本町１丁目１０番５６−６１９号,6580051
8140001030099,ジャフリックス株式会社,兵庫県,神戸市東灘区,西岡本４丁目１５番２号,6580073
8140001030132,株式会社ロジスティックサポートシステム,兵庫県,神戸市東灘区,田中町４丁目１番６号,6580081
8140001030289,株式会社Ｔ・Ｗ・Ｂ,兵庫県,神戸市東灘区,岡本１丁目２番２７−７０８号,6580072
8140001030306,株式会社ＧＬＯＢＡＬＥＹＥＳ,兵庫県,神戸市東灘区,向洋町中６丁目９番地,6580032
8140001030355,株式会社ガウスペース,兵庫県,神戸市東灘区,向洋町中６丁目９番地,6580032
8140001030487,株式会社ＥＶＯＬＵＴＩＯＮ,兵庫県,神戸市東灘区,向洋町中１丁目４番地１２６号棟１００４号室,6580032
8140001030545,浅野コンサルティング株式会社,兵庫県,神戸市東灘区,住吉宮町４丁目４番１−２００５号,6580053
8140001030784,株式会社ヴァルナ,兵庫県,神戸市東灘区,西岡本６丁目９番１０号,6580073
8140001031106,株式会社サンビクトリースタッフ,兵庫県,神戸市東灘区,本山北町３丁目４番１５−２０３号,6580003
8140001031114,株式会社スナイパーズ,兵庫県,神戸市東灘区,向洋町中６丁目９神戸ファッションマート,6580032
8140001031254,株式会社エアプレイン,兵庫県,神戸市東灘区,住吉東町２丁目５番３−２０３号,6580052
8140001031394,ＺＥＲＯｇｒａｍ株式会社,兵庫県,神戸市東灘区,御影３丁目２番１１−７０号,6580047
8140001031444,日東エンタプライズ株式会社,兵庫県,神戸市東灘区,向洋町西６丁目１３番,6580033
8140001031477,株式会社横山,兵庫県,神戸市東灘区,西岡本２丁目７番３−４１２号,6580073
8140001031502,株式会社イントロダクション,兵庫県,神戸市東灘区,御影２丁目１０番２−２０２号,6580047
8140001031675,株式会社神成屋,兵庫県,神戸市東灘区,御影本町７丁目１番２１号,6580046
8140001031782,日誠運輸株式会社,兵庫県,神戸市東灘区,向洋町東３丁目１１,6580031
8140001032038,株式会社Ｅ環境設計,兵庫県,神戸市東灘区,御影郡家２丁目１１番２１−４０３号,6580048
8140001032186,株式会社山口管工業,兵庫県,神戸市東灘区,本山南町９丁目６番２号,6580015
8140001032657,株式会社キューテック,兵庫県,神戸市東灘区,魚崎北町１丁目１３番２０号,6580082
8140001032665,株式会社激オク,兵庫県,神戸市東灘区,鴨子ケ原３丁目７番１４号ベルベデール鴨子ヶ原Ａ,6580064
8140001032839,株式会社シンキー,兵庫県,神戸市東灘区,本山中町４丁目１１番２９号,6580016
8140001033102,株式会社ぽめらにあん,兵庫県,神戸市東灘区,北青木４丁目２３番３−２号,6580014
8140001033127,株式会社中村工業,兵庫県,神戸市東灘区,深江南町４丁目７番３９−１号,6580022
8140001033176,株式会社ハウスリバイセル,兵庫県,神戸市東灘区,向洋町中１丁目４−１３０−３０１,6580032
8140001033201,株式会社高橋組,兵庫県,神戸市東灘区,向洋町東４丁目１５番地１８,6580031
8140001033275,株式会社アザール,兵庫県,神戸市東灘区,向洋町中７丁目２番地の１−１１番館１４０４号,6580032
8140001033382,株式会社ロクサーヌ,兵庫県,神戸市東灘区,魚崎中町３丁目５番１９号,6580083
8140001033408,株式会社ＺＩＬＣＨ,兵庫県,神戸市東灘区,田中町４丁目９−１４−２,6580081
8140001033424,株式会社輝,兵庫県,神戸市東灘区,住吉本町１丁目１番１８号,6580051
8140001033449,中井グリンテック株式会社,兵庫県,神戸市東灘区,御影石町２丁目１１−１５,6580045
8140001033564,株式会社ネクステージ,兵庫県,神戸市東灘区,向洋町中６丁目９番地神戸ファッションマート８Ｎ−１１号,6580032
8140001033597,株式会社アトリエ・テクノフォルム,兵庫県,神戸市東灘区,住吉山手３丁目３番１８号,6580063
8140001033655,株式会社グロウアセット,兵庫県,神戸市東灘区,田中町１丁目１１番１５号,6580081
8140001033688,株式会社リフトプランテクノ,兵庫県,神戸市東灘区,魚崎南町３丁目１９番１６,6580025
8140001033829,株式会社ＡＭＡ,兵庫県,神戸市東灘区,森北町１丁目７番１号,6580001
8140001033861,Ｓ−ＮＥＴ　Ｗｏｒｌｄ　Ｗｉｄｅ．株式会社,兵庫県,神戸市東灘区,御影２丁目２５番１号,6580047
8140001033969,神戸日野自動車株式会社,兵庫県,神戸市東灘区,向洋町西５丁目１１番,6580033
8140001033977,株式会社アビア・イノベーター,兵庫県,神戸市東灘区,御影塚町２丁目２０番４号,6580044
8140001034042,株式会社ワンダーワーカー,兵庫県,神戸市東灘区,向洋町中６丁目９番地,6580032
8140001038010,アジアントレーディングジャパン株式会社,兵庫県,神戸市東灘区,岡本３丁目１０番１号グランフォート岡本５０６号,6580072
8140001038191,クリアナノテク株式会社,兵庫県,神戸市東灘区,森北町７丁目１９番５号,6580001
8140001038217,株式会社サニーブレスジャパン,兵庫県,神戸市東灘区,本山中町４丁目１１−８−１０１,6580016
8140001042219,株式会社ダッフィー,兵庫県,神戸市東灘区,青木５丁目１４番１５号−１,6580027
8140001042367,株式会社オーツー,兵庫県,神戸市東灘区,向洋町中５丁目１番地５２２号棟７２０号室,6580032
8140001044553,庄司エステートサービス株式会社,兵庫県,神戸市東灘区,本山中町３丁目３番２ジュネス本山１０３号,6580016
8140001047060,株式会社プレジール,兵庫県,神戸市東灘区,住吉東町２丁目３番３３−２００２号,6580052
8140001047135,ＶＡＲＣＲＡＹ　Ｍｅｄｉｃａｌ　Ｍａｎａｇｅｍｅｎｔ株式会社,兵庫県,神戸市東灘区,御影山手５丁目２６番２５号,6580065
8140001047201,株式会社サニーウェル,兵庫県,神戸市東灘区,御影本町６丁目１１番１１号,6580046
8140001047358,尼崎容器工業株式会社,兵庫県,神戸市東灘区,魚崎浜町２３番地１４,6580024
8140001047655,ライフファースト株式会社,兵庫県,神戸市東灘区,本山南町６丁目７番１４号,6580015
8140001057183,株式会社さんふらわあマリンサービス,兵庫県,神戸市東灘区,向洋町東３丁目２１番,6580031
8140001060550,日東木材株式会社,兵庫県,神戸市東灘区,向洋町中５丁目１１番地、５０１号棟１１０４号室,6580032
8140001067348,株式会社グラート,兵庫県,神戸市東灘区,住吉宮町６丁目８番２号,6580053
8140001069617,内燃電機株式会社,兵庫県,神戸市東灘区,向洋町中６丁目９神戸ファッションマート６階,6580032
8140001069823,日本ムーツ株式会社,兵庫県,神戸市東灘区,住吉宮町２丁目１９番２１号,6580053
8140001074229,株式会社スタッフトラスト,兵庫県,神戸市東灘区,魚崎浜町２３番地の２,6580024
8140001077702,株式会社トーホーマーケティングサポート,兵庫県,神戸市東灘区,向洋町西５丁目９番,6580033
8140001077883,ブロケード株式会社,兵庫県,神戸市東灘区,魚崎北町１丁目６番６号,6580082
8140001086348,株式会社プランクサイエンス,兵庫県,神戸市東灘区,住吉台４１番１−１０１３号,6580062
8140001086439,株式会社みなとや,兵庫県,神戸市東灘区,本山中町４丁目６番１５号,6580016
8140001086711,オートバリュー株式会社,兵庫県,神戸市東灘区,向洋町中６丁目９番地,6580032
8140001086760,株式会社ホンダワーク,兵庫県,神戸市東灘区,魚崎中町２丁目１３番３号,6580083
8140001086802,株式会社ビジネスイノベーションコンサルティング,兵庫県,神戸市東灘区,向洋町中６丁目９番地神戸ファッションマート,6580032
8140001086819,株式会社リアルナチュラル,兵庫県,神戸市東灘区,御影郡家１丁目１７番１４−２０２号,6580048
8140001087065,おいもスィーツ株式会社,兵庫県,神戸市東灘区,御影山手４丁目９番８号,6580065
8140001087123,株式会社Ａｓｉａ　Ｃｏｎｓｕｌｔ,兵庫県,神戸市東灘区,向洋町中５丁目５番地５３２号棟６０２号室,6580032
8140001087825,株式会社エステート大栄,兵庫県,神戸市東灘区,深江北町３丁目４番１６号,6580013
8140001088138,株式会社アプリコットヴィレッジ,兵庫県,神戸市東灘区,北青木３丁目７番２号,6580014
8140001089433,株式会社ケイ・トレーディング,兵庫県,神戸市東灘区,住吉南町１丁目５番４号,6580041
8140001089516,株式会社ウィルコーポレーション,兵庫県,神戸市東灘区,森北町６丁目６番７−１０１号,6580001
8140001089796,株式会社ＮＡＴＵＲＡＬＮＯＴＥ,兵庫県,神戸市東灘区,向洋町中６丁目９、４Ｆ,6580032
8140001090267,株式会社Ｓ．Ａ．Ｙ．,兵庫県,神戸市東灘区,田中町３丁目１−９,6580081
8140001090416,株式会社フェニックス,兵庫県,神戸市東灘区,田中町２丁目６番１５号,6580081
8140001090770,株式会社たかはし,兵庫県,神戸市東灘区,本山北町１丁目９番２０号,6580003
8140001091075,株式会社ＣＳＩ,兵庫県,神戸市東灘区,住吉本町２丁目２１番１６−５０１号,6580051
8140001091199,株式会社ブルービルディング,兵庫県,神戸市東灘区,御影中町３丁目１番１４−４０１号,6580054
8140001091240,シンプロビジョン株式会社,兵庫県,神戸市東灘区,向洋町中６丁目９番地,6580032
8140001091570,株式会社ユーケアサービス,兵庫県,神戸市東灘区,御影塚町４丁目１４−１７−１０１号,6580044
8140001091678,株式会社ＭＵＤＯ,兵庫県,神戸市東灘区,御影本町２丁目１番７号ライフェスト御影パートＩ２０３号,6580046
8140001091793,株式会社ジーエスエイチ神戸,兵庫県,神戸市東灘区,西岡本５丁目５番７−２０４号,6580073
8140001091827,株式会社シンホールディングス,兵庫県,神戸市東灘区,御影塚町３丁目３番１９号,6580044
8140001092008,株式会社みらい,兵庫県,神戸市東灘区,向洋町中５丁目１１番地５０１号棟３２０７号室,6580032
8140001092387,株式会社遊,兵庫県,神戸市東灘区,森北町１丁目７番１号,6580001
8140001092528,株式会社ｅｒｔｅ　ｅｘｔｅｎｄ,兵庫県,神戸市東灘区,向洋町中５丁目１５番地リバーモールウエスト１Ｆ４１９,6580032
8140001092643,エイオープラニング株式会社,兵庫県,神戸市東灘区,本山北町６丁目４番３号,6580003
8140001092726,株式会社プラムリー,兵庫県,神戸市東灘区,御影塚町１丁目４番７号,6580044
8140001093154,株式会社Ｔ．Ｏ．Ｐ,兵庫県,神戸市東灘区,御影中町３丁目２番４−４２０１号,6580054
8140001093328,株式会社クリエイト,兵庫県,神戸市東灘区,御影３丁目２番１１−３７号,6580047
8140001093393,株式会社タケイ・プランニング,兵庫県,神戸市東灘区,田中町５丁目５番地６−５０３,6580081
8140001094037,Ｓ＆Ａ　ＣＯＲＰＯＲＡＴＩＯＮ株式会社,兵庫県,神戸市東灘区,御影本町５丁目２番６−２０６号,6580046
8140001094160,エージーパック株式会社,兵庫県,神戸市東灘区,向洋町中６丁目９番地神戸ファッションマート４階,6580032
8140001094227,株式会社ＪＩＮ,兵庫県,神戸市東灘区,住吉山手５丁目４−８,6580063
8140001094342,天豊エンジニアリング株式会社,兵庫県,神戸市東灘区,本山中町１丁目４番２６号モンテカルロ本山１階,6580016
8140001094516,ブレス・ユア・ホーム株式会社,兵庫県,神戸市東灘区,向洋町中６丁目９番地,6580032
8140001094763,株式会社ＫＰＣ,兵庫県,神戸市東灘区,岡本７丁目２３番６号,6580072
8140001095241,株式会社京利,兵庫県,神戸市東灘区,御影２丁目２７番１号,6580047
8140001095489,ｉｓホーム株式会社,兵庫県,神戸市東灘区,青木５丁目１４番８号,6580027
8140001096413,株式会社フレックスプラス,兵庫県,神戸市東灘区,住吉本町３丁目１番１７−２０３号,6580051
8140001096751,株式会社ＰＥＣ,兵庫県,神戸市東灘区,向洋町中６丁目９番地神戸ファッションマート,6580032
8140001096768,株式会社洋學社,兵庫県,神戸市東灘区,向洋町中６丁目９番地,6580032
8140001097064,Ａｕｒｏｒａ　Ｎｏｒｔｈｅｒｎ　Ｒｅｓｏｕｒｃｅｓ株式会社,兵庫県,神戸市東灘区,向洋町中１丁目１番地１４１号棟,6580032
8140001097139,神恒通商株式会社,兵庫県,神戸市東灘区,本山北町３丁目１３番２０−４０２号,6580003
8140001097287,株式会社ＳＣマインド,兵庫県,神戸市東灘区,青木６丁目６−１６ピアフェスタ青木駅前１０７号,6580027
8140001098558,株式会社山一質店,兵庫県,神戸市東灘区,森南町１丁目３番１０号,6580011
8140001098839,株式会社プレックス,兵庫県,神戸市東灘区,深江本町３丁目１番１０号,6580021
8140001099151,Ａｆｅｃｔｏ株式会社,兵庫県,神戸市東灘区,向洋町中１丁目１４番地,6580032
8140001099218,株式会社Ｗｏｒｌｄｗｉｄｅ　Ｂａｋｅｒｙ,兵庫県,神戸市東灘区,御影１丁目１６番１５号,6580047
8140001099291,株式会社イワノ,兵庫県,神戸市東灘区,本庄町３丁目３番１７−２０５号,6580012
8140001099622,キュアソリューションズ株式会社,兵庫県,神戸市東灘区,森北町１丁目５−１１、２階,6580001
8140001099770,株式会社Ｋ−４,兵庫県,神戸市東灘区,住吉本町１丁目１１番１０−４０６号,6580051
8140001099878,ｌｉｅｎ　ｔａｍａ株式会社,兵庫県,神戸市東灘区,御影塚町２丁目１３番４号,6580044
8140001099936,株式会社森嶋工機設計,兵庫県,神戸市東灘区,青木５丁目１３番２２号,6580027
8140001099960,株式会社プロトラスト,兵庫県,神戸市東灘区,御影山手３丁目１５番７号ウィン御影山手４０２号,6580065
8140001100075,株式会社アティーナ,兵庫県,神戸市東灘区,西岡本１丁目１４番４号,6580073
8140001100182,株式会社グランジュテ,兵庫県,神戸市東灘区,住吉本町３丁目９番３−３０２号,6580051
8140001100273,株式会社にし蔵,兵庫県,神戸市東灘区,深江南町４丁目１１番１６−２号,6580022
8140001100455,株式会社八一商会,兵庫県,神戸市東灘区,御影中町３丁目１番２０号,6580054
8140001100777,株式会社キャッツ愛,兵庫県,神戸市東灘区,甲南町３丁目８番２７号,6580084
8140001101305,株式会社クラウドフォーム,兵庫県,神戸市東灘区,御影石町１丁目４番３５号,6580045
8140001101635,株式会社Ａ・Ｒホーム,兵庫県,神戸市東灘区,森北町１丁目６番２５Ａ・Ｒビル甲南山手駅前３階,6580001
8140001101651,ポラリス株式会社,兵庫県,神戸市東灘区,向洋町中６丁目９番地神戸ファッションマート４Ｆ,6580032
8140001101825,株式会社大翔,兵庫県,神戸市東灘区,岡本１丁目４番１７号,6580072
8140001101949,株式会社トーシン産業,兵庫県,神戸市東灘区,向洋町中５丁目１−５２２−８１７,6580032
8140001102022,株式会社イノウエ,兵庫県,神戸市東灘区,住吉東町４丁目８−１１−８０２,6580052
8140001102328,株式会社みらいたべるけいはん,兵庫県,神戸市東灘区,御影中町８丁目３番２１号１Ｆ,6580054
8140001102451,株式会社ＮＥＸＵＳ　ＥＸＰＲＥＳＳ,兵庫県,神戸市東灘区,深江南町４丁目８８番地,6580022
8140001103012,株式会社ＷＴＯ,兵庫県,神戸市東灘区,森北町１丁目７番１３号,6580001
8140001103375,ジンテック株式会社,兵庫県,神戸市東灘区,渦森台４丁目１５番１号,6580066
8140001103433,株式会社アップ調剤,兵庫県,神戸市東灘区,本庄町１丁目１５−１２,6580012
8140001103508,株式会社ＣＹＨ,兵庫県,神戸市東灘区,本山北町６丁目１４番３０号,6580003
8140001103598,Ｊａｐａｎ　Ｐｒｏｐｅｒｔｙ　Ｉｎｖｅｓｔｍｅｎｔｓ株式会社,兵庫県,神戸市東灘区,鴨子ケ原３丁目１番５０−１１８号,6580064
8140001103994,株式会社Ｇｕｙ−Ｒ,兵庫県,神戸市東灘区,魚崎北町２丁目１−２６松田ビル１３号室,6580082
8140001104142,株式会社ＲＥＹ,兵庫県,神戸市東灘区,魚崎中町１丁目９番１１号,6580083
8140001104308,株式会社こころ,兵庫県,神戸市東灘区,深江浜町１番１東部市場内,6580023
8140001104778,翔栄建設株式会社,兵庫県,神戸市東灘区,住吉宮町１丁目１５番９号,6580053
8140001104811,カルペディエム株式会社,兵庫県,神戸市東灘区,西岡本２丁目７番３−３２３号,6580073
8140001105090,株式会社コトロコ,兵庫県,神戸市東灘区,田中町５丁目１番３８号,6580081
8140001105207,クレアドル・スタッフィング株式会社,兵庫県,神戸市東灘区,深江南町４丁目１３番２７号,6580022
8140001105264,株式会社Ｕ．,兵庫県,神戸市東灘区,渦森台２丁目１０番１０４号,6580066
8140001105289,旅と映像株式会社,兵庫県,神戸市東灘区,深江本町３丁目８番１２号２１東灘５０３号,6580021
8140001105603,株式会社Ｆｉｎｅ　ｍａｎａｇｅｍｅｎｔ,兵庫県,神戸市東灘区,岡本３丁目９−８,6580072
8140001105652,株式会社ウィルプライド,兵庫県,神戸市東灘区,向洋町中６丁目９番地,6580032
8140001105735,株式会社Ｍｕｓｉｃａｌｄ,兵庫県,神戸市東灘区,向洋町中２丁目１−２１４−１３１９号,6580032
8140001106659,株式会社ジラソーレ,兵庫県,神戸市東灘区,御影本町２丁目７番１０−５０４号,6580046
8140001106774,株式会社御影ヤード,兵庫県,神戸市東灘区,御影中町２丁目４−１２,6580054
8140001106881,株式会社タンディ,兵庫県,神戸市東灘区,岡本３丁目１０番１,6580072
8140001107236,株式会社ｃｒｉｂ,兵庫県,神戸市東灘区,御影本町８丁目１０番１９号,6580046
8140001107426,株式会社光世商会,兵庫県,神戸市東灘区,青木５丁目１６番１号,6580027
8140001107525,Ｒｏｕｇｅ　Ｓｔｏｎｅ株式会社,兵庫県,神戸市東灘区,住吉宮町４丁目１−１６住吉コーポ００１,6580053
8140001107608,株式会社ＴＡ−Ｃｏｒｐｏｒａｔｉｏｎ,兵庫県,神戸市東灘区,西岡本１丁目４番１０号,6580073
8140001108168,赤枝美創株式会社,兵庫県,神戸市東灘区,御影本町５丁目２番６号,6580046
8140001108399,ジェイエフ株式会社,兵庫県,神戸市東灘区,御影３丁目２−１１−１５,6580047
8140001108993,株式会社武田商店,兵庫県,神戸市東灘区,甲南町３丁目６番１２号,6580084
8140001109050,株式会社瀧家,兵庫県,神戸市東灘区,本山北町６丁目１３番３５−２０２号,6580003
8140001109793,株式会社ａｓｏｎｅｓｅｌｆ,兵庫県,神戸市東灘区,田中町５丁目５番４−５０１号,6580081
8140001110140,ＳｈｉｎＦｌｏｗ　ＪＡＰＡＮ株式会社,兵庫県,神戸市東灘区,向洋町中１丁目１７アジアワンセンター,6580032
8140001110297,株式会社スマートシンフォニー,兵庫県,神戸市東灘区,御影石町３丁目１２番２１−５０６号,6580045
8140001110917,株式会社ＳＡＮＫ,兵庫県,神戸市東灘区,岡本３丁目１３番８−４０１号,6580072
8140001111345,株式会社ライド,兵庫県,神戸市東灘区,本山中町１丁目１１番２２号,6580016
8140001111733,株式会社ドルトアップ,兵庫県,神戸市東灘区,御影本町８丁目１３番２２号御影エナムール１階Ａ,6580046
8140001112640,株式会社リスティデート,兵庫県,神戸市東灘区,住吉本町２丁目２０番２９−１０１号,6580051
8140001112764,Ｋ＆Ｙ株式会社,兵庫県,神戸市東灘区,西岡本４丁目２番６号,6580073
8140001112772,株式会社ＳＯＲＥＡ,兵庫県,神戸市東灘区,住吉本町１丁目７−３−１ＳＴＹビル４Ｆ,6580051
8140001112789,Ｙｕｊｉｎ株式会社,兵庫県,神戸市東灘区,深江南町４丁目１３番２０−１０７号,6580022
8140001113226,ＫＭＳ株式会社,兵庫県,神戸市東灘区,御影山手１丁目８番１２−４０１号,6580065
8140001114356,株式会社ｍｉｓｓｉｏｎＪ,兵庫県,神戸市東灘区,甲南台１番７号,6580002
8140001114802,株式会社ＴＲＡＣＫＳ,兵庫県,神戸市東灘区,魚崎北町６丁目２−２０,6580082
8140001114934,愛信貿易株式会社,兵庫県,神戸市東灘区,北青木３丁目１０番２６号,6580014
8140001115908,プラスヒューマン株式会社,兵庫県,神戸市東灘区,御影石町１丁目１番４３号２０１号,6580045
8140001116071,株式会社柿本組,兵庫県,神戸市東灘区,魚崎西町４丁目１０番１２号,6580026
8140001116419,株式会社サカフジ,兵庫県,神戸市東灘区,西岡本６丁目５番８号,6580073
8140001116534,ＡＳＡＨＩ　ＤＹＥＳ　ＡＮＤ　ＣＨＥＭＩＣＡＬＳ株式会社,兵庫県,神戸市東灘区,向洋町中１丁目１４番地２０９号,6580032
8140001116732,株式会社Ｒｅ−ｏｎｅ,兵庫県,神戸市東灘区,向洋町東４丁目１６番地,6580031
8140001117029,株式会社ステイクールスポーツクラブ,兵庫県,神戸市東灘区,深江本町１丁目７番２７号,6580021
8140001117466,株式会社フォルム,兵庫県,神戸市東灘区,森南町１丁目１３−１３−４０１,6580011
8140001118068,株式会社クレスト,兵庫県,神戸市東灘区,本山南町１丁目１番１８号６号室,6580015
8140001118142,株式会社オズテクノ,兵庫県,神戸市東灘区,本庄町１丁目３番１２−６０６号,6580012
8140001118217,株式会社絨毯ギャラリー販売,兵庫県,神戸市東灘区,向洋町中６丁目９番地,6580032
8140001118514,株式会社マーロンエノンフィー,兵庫県,神戸市東灘区,岡本２丁目５番１２号,6580072
8140001118753,株式会社知音,兵庫県,神戸市東灘区,本庄町１丁目６−１０,6580012
8140001118976,株式会社ｈｉｍｅ,兵庫県,神戸市東灘区,御影中町３丁目１番１８号,6580054
8140001119058,株式会社ＹＴクリエイト,兵庫県,神戸市東灘区,御影郡家２丁目１５番１４号ブリリアンスビルアネックス４階,6580048
8140001119504,株式会社Ｌａｐｉｉ,兵庫県,神戸市東灘区,御影石町４丁目１５番２５号マジェスティ御影３０１号,6580045
8140001120148,株式会社ＥＶＥＲ　ＥＸＥＲＴＩＯＮ　Ｇｒｏｕｐ,兵庫県,神戸市東灘区,魚崎南町７丁目２−２・６０１号室,6580025
8140001120172,ＡＯ　ＷＯＲＫＳ株式会社,兵庫県,神戸市東灘区,岡本４丁目６−８エステート岡本４２２,6580072
8140001120263,なかＯＨＰオフィス株式会社,兵庫県,神戸市東灘区,田中町１丁目１１番２５号,6580081
8140001120313,Ｓ−ＴＥＣ−ＯＮＥ株式会社,兵庫県,神戸市東灘区,魚崎西町２丁目２番１−９０５号,6580026
8140001120354,株式会社元林,兵庫県,神戸市東灘区,本山南町８丁目６番２６号東神戸センタービルＷＥＳＴ棟７階,6580015
8140001120552,パシフィック・リアルティ株式会社,兵庫県,神戸市東灘区,向洋町中６丁目９番地神戸ファッションマート６階,6580032
8140001120676,株式会社まる,兵庫県,神戸市東灘区,甲南町３丁目３番１４号,6580084
8140001121848,株式会社ワールドエンヂニヤリング,兵庫県,神戸市東灘区,魚崎浜町２３−３,6580024
8140001122284,株式会社松久,兵庫県,神戸市東灘区,青木６丁目６番１４号,6580027
8140001122821,株式会社Ｆａｔｅ　ｃｈａｎｇｅ,兵庫県,神戸市東灘区,本山南町１丁目４番３３−１０９号,6580015
8140001123514,株式会社Ｒｅ−ｇｒａｐｅｓ　ＯＮＥ,兵庫県,神戸市東灘区,北青木３丁目７−１３,6580014
8140001123547,株式会社ＭＩＲＡＩＺ,兵庫県,神戸市東灘区,青木５丁目１７番１号,6580027
8140001123761,株式会社ブレインズサークルＮ,兵庫県,神戸市東灘区,鴨子ケ原１丁目７番５号,6580064
8140001123877,株式会社澁谷コーポレーション,兵庫県,神戸市東灘区,魚崎西町２丁目２番１−６１４号,6580026
8140001124198,株式会社新テクノトラスト,兵庫県,神戸市東灘区,森北町４丁目６番７号,6580001
8140001124529,グラフテスターズデザイン株式会社,兵庫県,神戸市東灘区,向洋町中６丁目９番地,6580032
8140001124933,株式会社ＤＩＳ　ＭＡＮ,兵庫県,神戸市東灘区,深江北町３丁目４番８号１階,6580013
8140001125007,株式会社アイリース,兵庫県,神戸市東灘区,魚崎中町１丁目９番１１号ＹＭビル３０１−Ｂ号,6580083
8140001125023,ｒｉｖｕｌｅｔ株式会社,兵庫県,神戸市東灘区,本山北町３丁目１１−２３,6580003
8140001125031,株式会社Ｐｅｏｐｌｅｗａｖｅｓ,兵庫県,神戸市東灘区,甲南町４丁目１３番１３−１００６号,6580084
8140001125279,株式会社ＡＱＵＡ　ＬＩＮＫＳ,兵庫県,神戸市東灘区,北青木３丁目１４番３−２号,6580014
8140001125576,株式会社Ｎａｌａ,兵庫県,神戸市東灘区,向洋町中７丁目２番地の１、１番館１０１号,6580032
8140001125700,株式会社ＳＡＫＡＫＩＤＡ,兵庫県,神戸市東灘区,甲南町１丁目４番１８−８０１号,6580084
8140001125766,ナダホールディングス株式会社,兵庫県,神戸市東灘区,本山南町１丁目４番４３号,6580015
8140001125865,株式会社スタジオオリーブ,兵庫県,神戸市東灘区,御影山手５丁目１０番４号,6580065
8140001125980,塩崎商会株式会社,兵庫県,神戸市東灘区,深江南町３丁目１番１９号,6580022
8140001126095,株式会社第一歩,兵庫県,神戸市東灘区,森南町１丁目６番２０号森南グリーンマンション２０１号,6580011
8140001126533,スワローホームズ株式会社,兵庫県,神戸市東灘区,本山南町８丁目６番２６号,6580015
8140001126707,株式会社ｕｃｈｕ,兵庫県,神戸市東灘区,御影３丁目２番１１号,6580047
8140001126780,Ｓｔ．Ｂｅｌｌ株式会社,兵庫県,神戸市東灘区,御影郡家１丁目７番１号,6580048
8140001127259,株式会社ＫＤＣ,兵庫県,神戸市東灘区,本山北町５丁目７番２号,6580003
8140001127531,株式会社エレメント,兵庫県,神戸市東灘区,本庄町２丁目５番１２号ファミール東灘壱番館,6580012
8140001128083,株式会社ｈｏｏｐｅ,兵庫県,神戸市東灘区,向洋町中６丁目９番地神戸ファッションマート８Ｆ,6580032
8140001128190,株式会社コッタン,兵庫県,神戸市東灘区,魚崎北町４丁目１５番１９−２０３号ヴェルティーク住吉川,6580082
8140001128686,株式会社ＲＹＪ,兵庫県,神戸市東灘区,魚崎北町１丁目６番１５号インフィールド甲南２０３号室,6580082
8140001128694,株式会社ＹＹ,兵庫県,神戸市東灘区,向洋町中５丁目１１番地５０２号棟１００４号室,6580032
8140001129049,ＣＮ　ＴＲＡＤＩＮＧ株式会社,兵庫県,神戸市東灘区,向洋町中１丁目１０番地１０１号棟３３０５,6580032
8140001129305,株式会社進通コーポレーション,兵庫県,神戸市東灘区,住吉宮町６丁目１番２２号,6580053
8140001129486,株式会社ＨＥＸＡ,兵庫県,神戸市東灘区,御影本町８丁目６番１４−１０５号,6580046
8140001129684,株式会社Ｊ＆Ｋ,兵庫県,神戸市東灘区,岡本７丁目２１番２号,6580072
8140001129841,株式会社ルミエリテ,兵庫県,神戸市東灘区,住吉南町４丁目１番２２号,6580041
8140001130122,株式会社有馬ゴルフツアー,兵庫県,神戸市東灘区,向洋町中６丁目９番地神戸ファッションマート４Ｎ−０７−４,6580032
8140001130592,株式会社リレーション,兵庫県,神戸市東灘区,御影中町１丁目６番７号シティホームズ御影Ａ棟４階,6580054
8140001131211,株式会社川本工務店,兵庫県,神戸市東灘区,青木２丁目１５−７,6580027
8140001131459,株式会社フツテック,兵庫県,神戸市東灘区,本山北町５丁目１０−２８−１,6580003
8140001131715,株式会社ＳＵＮＮＹ　ＬＯＣＡＴＩＯＮ,兵庫県,神戸市東灘区,向洋町中１丁目１番地１４１号棟３２０号室,6580032
8140001131797,Ｗａｉｂａ国際株式会社,兵庫県,神戸市東灘区,北青木２丁目６番４号,6580014
8140001132003,株式会社ＢＩＲＥＮ　ｄｒ　ｙｏｕ,兵庫県,神戸市東灘区,住吉宮町５丁目９番２３−３０２号,6580053
8140001132028,インテディックス株式会社,兵庫県,神戸市東灘区,住吉山手５丁目５番１−４０６号,6580063
8140001132399,株式会社イコマデンタルサプライズ,兵庫県,神戸市東灘区,深江南町２丁目１０番１３号,6580022
8140001132515,玉野株式会社,兵庫県,神戸市東灘区,御影石町３丁目１０番１５−１０１号,6580045
8140001132713,株式会社ＬＯＶＥＧＲＥＥＮ,兵庫県,神戸市東灘区,向洋町中６丁目９,6580032
8140001132770,株式会社ｌａ　Ｒｉｎａｓｃｅｎｔｅ,兵庫県,神戸市東灘区,向洋町東４丁目１６番地,6580031
8140001133158,ＤＡＩＫＩ株式会社,兵庫県,神戸市東灘区,深江浜町６７番地９０１号,6580023
8140001133182,ＹＯＵ　ＮＥＸＴ株式会社,兵庫県,神戸市東灘区,魚崎西町１丁目１−２７,6580026
8140001133579,株式会社ＡＩＥ,兵庫県,神戸市東灘区,深江浜町６７番地７０８号,6580023
8140001133785,株式会社小桜,兵庫県,神戸市東灘区,向洋町中５丁目１５番地,6580032
8140001134164,富星株式会社,兵庫県,神戸市東灘区,向洋町中１丁目１７,6580032
8140001134420,株式会社ＦＲＯＧＳ,兵庫県,神戸市東灘区,住吉本町２丁目１８番２−２０１号,6580051
8140001134833,株式会社ＩＣＨＩＫＡＷＡ,兵庫県,神戸市東灘区,御影郡家１丁目２８番２０−１０５号,6580048
8140001134981,株式会社月待舎,兵庫県,神戸市東灘区,鴨子ヶ原３丁目２８番３号ビバアルファ２０１,6580064
8140001135229,株式会社ｒａｙ,兵庫県,神戸市東灘区,本山南町９丁目８番４５−２０７号,6580015
8140001135559,株式会社Ｌｅａｐｓ,兵庫県,神戸市東灘区,住吉宮町１丁目４番２０号,6580053
8140001135641,株式会社Ｃ‐Ｐｌｕｓ,兵庫県,神戸市東灘区,本山北町３丁目５番３号山本ビル１Ｆ東,6580003
8140001135757,株式会社ヒロイング,兵庫県,神戸市東灘区,魚崎北町１丁目６番１２号,6580082
8140001136474,猫ミント株式会社,兵庫県,神戸市東灘区,向洋町中１丁目１７ＡｓｉａＯｎｅＣｅｎｔｅｒ３０階Ｂ室,6580032
8140001136557,株式会社ＧＯ　ＥＩＧＨＴ,兵庫県,神戸市東灘区,御影塚町２丁目２５番２３−４０１号,6580044
8140001136730,株式会社テックエフティ,兵庫県,神戸市東灘区,住吉南町１丁目１２番５−８０２号,6580041
8140001136747,株式会社友志舎,兵庫県,神戸市東灘区,御影本町２丁目１番１７号,6580046
8140001137035,ＳＥＡ　ＳＰＥＥＤ株式会社,兵庫県,神戸市東灘区,本山中町３丁目８番１４号コンフォール本山３０３号,6580016
8140001137217,株式会社三木コンサルティング,兵庫県,神戸市東灘区,鴨子ヶ原１丁目１２番２１号,6580064
8140001137588,株式会社Ａｏｌａ,兵庫県,神戸市東灘区,田中町３丁目１７番９号,6580081
8140001137745,株式会社月と羽,兵庫県,神戸市東灘区,魚崎浜町２７番３５号,6580024
8140001137844,株式会社Ｍ　ＰＬＵＳ,兵庫県,神戸市東灘区,魚崎南町５丁目９番４５−３０９号,6580025
8140001137968,ＥＩＴＯ　ＣＲＥＡＴＥ株式会社,兵庫県,神戸市東灘区,岡本３丁目１３番８−６０７号,6580072
8140001138132,株式会社恋花,兵庫県,神戸市東灘区,住吉南町１丁目１３番２号,6580041
8140001138925,ＮＮＴパートナー株式会社,兵庫県,神戸市東灘区,御影本町２丁目１６−３御影グレイスハイツ６０１号,6580046
8140001139056,株式会社クロクラフト,兵庫県,神戸市東灘区,本山北町１丁目４番１７−６０６号,6580003
8140001139477,株式会社Ｒｏｕｎｄ　ｆａｃｅ　ｂａｂｙ,兵庫県,神戸市東灘区,向洋町中１丁目４番地１２２号棟４０２号室,6580032
8140001139519,株式会社ロジック,兵庫県,神戸市東灘区,本庄町１丁目７−９−１,6580012
8140001139576,株式会社Ｐｒｏｊｅｃｔ　Ｅ,兵庫県,神戸市東灘区,深江北町１丁目１１番７−１０２号,6580013
8140001139592,拓真貿易株式会社,兵庫県,神戸市東灘区,深江北町４丁目１２番１４−８０２号,6580013
8140001139626,プラスアップ株式会社,兵庫県,神戸市東灘区,森北町４丁目４番１２号天神住宅Ｂ棟１３号,6580001
8140001140674,株式会社リツメン神戸,兵庫県,神戸市東灘区,魚崎北町１丁目５番１４号２Ｆ,6580082
8140001141177,株式会社ＴＰＣ,兵庫県,神戸市東灘区,北青木４丁目１７番２−７０２号,6580014
8140001141202,ＴＯＷＡ・ＹＯＵ株式会社,兵庫県,神戸市東灘区,御影中町３丁目２番４−４７０３号,6580054
8140001141326,株式会社Ｇ　ＣＲＡＦＴ,兵庫県,神戸市東灘区,御影中町３丁目２番４−２２０９号,6580054
8140001141631,アメニティア株式会社,兵庫県,神戸市東灘区,青木２丁目１６番１９号１０１号室,6580027
8140001142241,ＪＨＬ株式会社,兵庫県,神戸市東灘区,渦森台３丁目１９番４号,6580066
8140001142456,株式会社Ｈｏｌｉｄａｙ　Ｗｏｒｋｓ,兵庫県,神戸市東灘区,岡本２丁目１０−１５シャンブル岡本１０３,6580072
8140001142497,仕組みをつくる株式会社,兵庫県,神戸市東灘区,岡本７丁目６番２３号,6580072
8140002001289,株式会社オカックス,兵庫県,神戸市東灘区,本庄町１丁目９番２４号,6580012
8140002001339,株式会社ＧＭカーサー,兵庫県,神戸市東灘区,本山中町４丁目１６番２３号−５０１,6580016
8140002001743,白樫興産株式会社,兵庫県,神戸市東灘区,御影本町３丁目１２番５号,6580046
8140002002238,株式会社神戸魚優,兵庫県,神戸市東灘区,深江浜町１番１号,6580023
8140002002386,株式会社マルエス・エンタープライズ,兵庫県,神戸市東灘区,住吉東町２丁目３番３３−６０５号,6580052
8140002002510,モリカワ株式会社,兵庫県,神戸市東灘区,深江浜町１番,6580023
8140002002584,株式会社ユニオンマリンサービス,兵庫県,神戸市東灘区,向洋町東３丁目２１番地フェリーさんふらわあビル２１５号,6580031
8140002018358,ノームコアマーケティング株式会社,兵庫県,神戸市東灘区,本山中町４丁目６番２２号,6580016
8140002060236,株式会社ユープラン,兵庫県,神戸市東灘区,御影中町３丁目２番４−３５０９号,6580054
8140003014711,株式会社エクラ,兵庫県,神戸市東灘区,森北町７丁目２５番７号,6580001
8140003017350,株式会社ＭＡＵＲＩ．Ｋ．Ｐａｒｔｎｅｒｓ,兵庫県,神戸市東灘区,甲南町５丁目６番１１−１７０２号,6580084
8210001011307,株式会社碧桐,兵庫県,神戸市東灘区,青木５丁目１０−１１南側,6580027
8260001009107,株式会社幸事屋,兵庫県,神戸市東灘区,御影山手５丁目１６番６号,6580065
8290001091688,芳川商事株式会社,兵庫県,神戸市東灘区,魚崎西町２丁目１番２０号１０６号室,6580026
8290001095532,株式会社ＡＫ　ｏｆｆｉｃｅ,兵庫県,神戸市東灘区,本山中町２丁目５番８号,6580016
8480001009877,株式会社ムーア,兵庫県,神戸市東灘区,向洋町中６丁目９番地,6580032
8500001004339,株式会社ライト,兵庫県,神戸市東灘区,御影山手１丁目８番１２−４０５号,6580065
9010401085614,株式会社総合農林,兵庫県,神戸市東灘区,向洋町中２丁目９番地１神戸ファッションプラザ,6580032
9010401168179,谷口＆アソシエイツ株式会社,兵庫県,神戸市東灘区,住吉台２３番２０号,6580062
9011101078627,株式会社アルゴリズム,兵庫県,神戸市東灘区,岡本３丁目１１番２９号,6580072
9020001111273,株式会社三陽,兵庫県,神戸市東灘区,岡本５丁目５−９,6580072
9020001129803,株式会社ＭＴＦ,兵庫県,神戸市東灘区,青木５丁目１６番１号,6580027
9030001070618,株式会社千川,兵庫県,神戸市東灘区,住吉山手９丁目１７番４号,6580063
9120001069378,株式会社美術商向洋,兵庫県,神戸市東灘区,田中町４丁目６番７−２０３号,6580081
9120001127458,株式会社グリーン・アソシエイツ,兵庫県,神戸市東灘区,魚崎北町４丁目１４番１０−７５３号,6580082
9120001138554,株式会社Ｔ．Ｍ．Ｓ．,兵庫県,神戸市東灘区,西岡本２丁目７番４−２２２号,6580073
9120001144445,ブリッジメンテナンス株式会社,兵庫県,神戸市東灘区,魚崎中町１丁目１番１５号１１６号室,6580083
9120001154519,株式会社シンプソン,兵庫県,神戸市東灘区,向洋町中１丁目１０番地１０１号棟３０１０号室,6580032
9120001181629,株式会社ユナイテッドロック,兵庫県,神戸市東灘区,深江南町１丁目８番３１−５１７,6580022
9120001187023,株式会社水田インベストメント,兵庫県,神戸市東灘区,住吉本町１丁目２４番２号,6580051
9120001189457,株式会社ガイオ,兵庫県,神戸市東灘区,魚崎北町１丁目２番１０号５階,6580082
9120001209909,株式会社ＴＨＩＮＫＩＮＧ　ＣＲＥＡＴＥ,兵庫県,神戸市東灘区,深江北町４丁目１２−１−１４０２,6580013
9120001211567,株式会社ＺＥＮ−ＦＯＲＥＳＴ,兵庫県,神戸市東灘区,田中町１丁目１番２７−３０１号,6580081
9120001223463,株式会社ライラックＲ,兵庫県,神戸市東灘区,西岡本１丁目１０−２,6580073
9120001231706,株式会社無限,兵庫県,神戸市東灘区,住吉山手１丁目１０番３０号,6580063
9120001235319,株式会社パレード,兵庫県,神戸市東灘区,森北町３丁目４番１８−１号,6580001
9120001260325,ＫＳ株式会社,兵庫県,神戸市東灘区,向洋町東４丁目１６番地神戸航空貨物ターミナル事務所棟１ＦＮＯ．５,6580031
9120001269465,東昇株式会社,兵庫県,神戸市東灘区,御影山手４丁目１６番１９号,6580065
9120101047556,株式会社愛和,兵庫県,神戸市東灘区,深江南町１丁目８番３１−４１４号,6580022
9120901018293,株式会社デジコンｎｅｔ,兵庫県,神戸市東灘区,御影石町２丁目１５番１２号,6580045
9120901040017,株式会社フロッグラング,兵庫県,神戸市東灘区,甲南町４丁目１１番７−４０１号,6580084
9120901042252,葡萄株式会社,兵庫県,神戸市東灘区,岡本１丁目１４番２３−２０３号,6580072
9122001033917,株式会社ＭＡＩＳＯＮ　ＳＥＩＢＩ,兵庫県,神戸市東灘区,岡本２丁目１１番１０−２０７号,6580072
9130001049635,株式会社ａｎｇｅｌｉｃａ,兵庫県,神戸市東灘区,本山北町５丁目５番１２号,6580003
9140001000943,赤井安全硝子株式会社,兵庫県,神戸市東灘区,御影塚町２丁目６番１９号,6580044
9140001000968,アサヒヱステートメンテ株式会社,兵庫県,神戸市東灘区,御影中町１丁目９番１０号,6580054
9140001000976,アサヒ産業株式会社,兵庫県,神戸市東灘区,住吉山手９丁目１２番１７号,6580063
9140001001017,株式会社荒牧,兵庫県,神戸市東灘区,魚崎南町５丁目１０番１号,6580025
9140001001025,生田貨物運輸株式会社,兵庫県,神戸市東灘区,森南町１丁目１５番８号,6580011
9140001001033,泉酒造株式会社,兵庫県,神戸市東灘区,御影塚町１丁目９番６号,6580044
9140001001041,株式会社イトーホーム,兵庫県,神戸市東灘区,青木６丁目２番２０号,6580027
9140001001090,上山窯業株式会社,兵庫県,神戸市東灘区,深江北町５丁目６番４号,6580013
9140001001116,栄和地所株式会社,兵庫県,神戸市東灘区,御影塚町４丁目２番１２−２０２号,6580044
9140001001124,株式会社エステートミナミ,兵庫県,神戸市東灘区,住吉宮町２丁目５番８号,6580053
9140001001132,株式会社エトワール企画,兵庫県,神戸市東灘区,本山中町４丁目１７番２１号,6580016
9140001001140,株式会社エヌ．ティ．シー,兵庫県,神戸市東灘区,住吉東町４丁目８番１０号,6580052
9140001001165,扇観光株式会社,兵庫県,神戸市東灘区,深江浜町１３６番地,6580023
9140001001173,株式会社大川石油店,兵庫県,神戸市東灘区,森南町２丁目２番１号,6580011
9140001001181,大関技術株式会社,兵庫県,神戸市東灘区,住吉南町１丁目１番１５号,6580041
9140001001198,大谷商事株式会社,兵庫県,神戸市東灘区,本山南町４丁目３番１６−１０２号,6580015
9140001001207,株式会社大前運送店,兵庫県,神戸市東灘区,深江浜町１５６,6580023
9140001001215,株式会社まんぼう,兵庫県,神戸市東灘区,魚崎南町３丁目２番３号,6580025
9140001001264,関西リフォーム株式会社,兵庫県,神戸市東灘区,住吉本町１丁目５番８号,6580051
9140001001272,鰹節のカネイ株式会社,兵庫県,神戸市東灘区,向洋町西６丁目,6580033
9140001001297,川合殖産株式会社,兵庫県,神戸市東灘区,甲南町１丁目２番１号,6580084
9140001001306,株式会社カルチャーショック,兵庫県,神戸市東灘区,田中町１丁目１５番９号,6580081
9140001001347,共栄蒟蒻株式会社,兵庫県,神戸市東灘区,御影本町１丁目４番２０号,6580046
9140001001371,株式会社クールランド,兵庫県,神戸市東灘区,深江浜町１４７番地２,6580023
9140001001388,倉永商事株式会社,兵庫県,神戸市東灘区,魚崎南町３丁目８番１４号,6580025
9140001001413,株式会社ケルン,兵庫県,神戸市東灘区,御影中町１丁目８番１号,6580054
9140001001438,甲南ケミカル株式会社,兵庫県,神戸市東灘区,御影中町８丁目１番１２号,6580054
9140001001446,甲南住宅株式会社,兵庫県,神戸市東灘区,住吉本町１丁目１１番３号,6580051
9140001001454,甲南埠頭株式会社,兵庫県,神戸市東灘区,深江浜町４２番地３,6580023
9140001001462,株式会社コープエイシス,兵庫県,神戸市東灘区,田中町５丁目２番１号,6580081
9140001001487,向洋サービス株式会社,兵庫県,神戸市東灘区,鴨子ケ原２丁目４番３８号,6580064
9140001001512,小寺不動産株式会社,兵庫県,神戸市東灘区,住吉山手４丁目９番１号,6580063
9140001001529,株式会社コヤゴ商会,兵庫県,神戸市東灘区,岡本１丁目４番２０号,6580072
9140001001537,株式会社サンエイ,兵庫県,神戸市東灘区,御影塚町４丁目１１番６号,6580044
9140001001561,三港産業株式会社,兵庫県,神戸市東灘区,本庄町２丁目１２番２０号,6580012
9140001001594,櫻正宗株式会社,兵庫県,神戸市東灘区,魚崎南町５丁目１０番１号,6580025
9140001001603,株式会社サンスリム,兵庫県,神戸市東灘区,御影本町５丁目２番６号,6580046
9140001001611,株式会社サントモ,兵庫県,神戸市東灘区,本山中町４丁目８番３号,6580016
9140001001628,株式会社サンヨー,兵庫県,神戸市東灘区,魚崎南町３丁目８番２０−１０３号,6580025
9140001001636,株式会社サンユニーク,兵庫県,神戸市東灘区,魚崎中町３丁目１番３１号,6580083
9140001001644,沢の井酒造株式会社,兵庫県,神戸市東灘区,御影本町１丁目７番１５号,6580046
9140001001660,株式会社シー・シー・ティー商事,兵庫県,神戸市東灘区,向洋町中６丁目９番地,6580032
9140001001669,塩茂株式会社,兵庫県,神戸市東灘区,御影本町２丁目１７番５号,6580046
9140001001677,シンコーケミカル・ターミナル株式会社,兵庫県,神戸市東灘区,住吉浜町１８番地,6580042
9140001001702,株式会社システム・クリニック,兵庫県,神戸市東灘区,御影本町８丁目１１番２号,6580046
9140001001719,株式会社志門,兵庫県,神戸市東灘区,住吉本町１丁目１番１８号ランドマーク住吉１号,6580051
9140001001751,神陽貿易株式会社,兵庫県,神戸市東灘区,本山北町２丁目４番１８号,6580003
9140001001768,株式会社ジヤパンマリンサービス,兵庫県,神戸市東灘区,魚崎南町４丁目１番１６号,6580025
9140001001792,株式会社スタジオトツコ,兵庫県,神戸市東灘区,住吉山手１丁目１０番２３−６１０号,6580063
9140001001818,世界長地所株式会社,兵庫県,神戸市東灘区,御影本町８丁目１３番４号,6580046
9140001001834,株式会社セブンスター,兵庫県,神戸市東灘区,住吉東町４丁目８番１０号,6580052
9140001001867,第一貿易株式会社,兵庫県,神戸市東灘区,住吉山手４丁目１１番３０−２０８号,6580063
9140001001875,大建運輸株式会社,兵庫県,神戸市東灘区,向洋町東３丁目２番地２地先,6580031
9140001001883,株式会社大成住研,兵庫県,神戸市東灘区,深江浜町７７番地,6580023
9140001001891,株式会社大刷,兵庫県,神戸市東灘区,御影塚町３丁目７番１２号,6580044
9140001001900,株式会社ダイナテック,兵庫県,神戸市東灘区,向洋町中１丁目１４番地,6580032
9140001001917,大力鉄工株式会社,兵庫県,神戸市東灘区,田中町４丁目９番２号,6580081
9140001001925,高井工業株式会社,兵庫県,神戸市東灘区,岡本４丁目８番１６号,6580072
9140001001933,高嶋酒類食品株式会社,兵庫県,神戸市東灘区,御影塚町３丁目９番１６号,6580044
9140001001941,株式会社田口斫工業,兵庫県,神戸市東灘区,青木５丁目４番２１号,6580027
9140001001958,株式会社田島鉄工所,兵庫県,神戸市東灘区,本山中町２丁目１番１４号,6580016
9140001001966,株式会社立脇高速運輸,兵庫県,神戸市東灘区,深江南町４丁目１４番２１号,6580022
9140001001982,株式会社丹波屋,兵庫県,神戸市東灘区,深江浜町１番地の１,6580023
9140001001990,中央印刷株式会社,兵庫県,神戸市東灘区,岡本８丁目８番２６号,6580072
9140001002007,株式会社つるや洋服店,兵庫県,神戸市東灘区,甲南町３丁目３番２５号,6580084
9140001002048,東亜製砥工業株式会社,兵庫県,神戸市東灘区,本山南町６丁目５番２８号,6580015
9140001002056,東幸海運株式会社,兵庫県,神戸市東灘区,住吉本町３丁目１０番６号,6580051
9140001002064,株式会社東神,兵庫県,神戸市東灘区,深江浜町１番１神戸市中央卸売市場東部市場内,6580023
9140001002072,株式会社東邦建設,兵庫県,神戸市東灘区,御影塚町３丁目６番１７号,6580044
9140001002089,株式会社東冷,兵庫県,神戸市東灘区,向洋町西２丁目９番地,6580033
9140001002122,株式会社ニシオ,兵庫県,神戸市東灘区,住吉台２５番１５号,6580062
9140001002139,ナカコー不動産株式会社,兵庫県,神戸市東灘区,本山南町６丁目１番６号,6580015
9140001002147,株式会社扇港陸運,兵庫県,神戸市東灘区,魚崎浜町５番地６,6580024
9140001002171,株式会社二水堂,兵庫県,神戸市東灘区,岡本１丁目５番２５号,6580072
9140001002188,株式会社西山鶏卵,兵庫県,神戸市東灘区,深江浜町１番地の１神戸東部卸売市場内,6580023
9140001002205,株式会社ニッサン建装,兵庫県,神戸市東灘区,深江南町１丁目４番２号,6580022
9140001002246,株式会社万国通信社,兵庫県,神戸市東灘区,岡本１丁目１３番１８号,6580072
9140001002262,阪神コンテナビジネス株式会社,兵庫県,神戸市東灘区,向洋町東３丁目（株）大運神戸支店内,6580031
9140001002279,阪神被服株式会社,兵庫県,神戸市東灘区,御影中町１丁目６番６号,6580054
9140001002287,株式会社共進,兵庫県,神戸市東灘区,西岡本７丁目８番１９号,6580073
9140001002295,畑洋服株式会社,兵庫県,神戸市東灘区,御影中町１丁目９番４号,6580054
9140001002329,東灘電気工事株式会社,兵庫県,神戸市東灘区,北青木２丁目１番３６号,6580014
9140001002345,株式会社兵栄,兵庫県,神戸市東灘区,甲南町４丁目１２番１０号,6580084
9140001002386,株式会社ティー・エム・エフ,兵庫県,神戸市東灘区,魚崎中町４丁目１０番２７号,6580083
9140001002394,福山設備工業株式会社,兵庫県,神戸市東灘区,御影石町２丁目９番２４号,6580045
9140001002411,富士原商事株式会社,兵庫県,神戸市東灘区,御影山手１丁目２番１０−１００６号,6580065
9140001002428,株式会社プリンセス,兵庫県,神戸市東灘区,御影中町３丁目１番１８号,6580054
9140001002436,株式会社プロテック,兵庫県,神戸市東灘区,魚崎中町３丁目５番２７号,6580083
9140001002452,株式会社ベル,兵庫県,神戸市東灘区,住吉浜町１５番１,6580042
9140001002460,株式会社ハッピー宝,兵庫県,神戸市東灘区,魚崎南町１丁目６番３号,6580025
9140001002469,株式会社ホームテイスト,兵庫県,神戸市東灘区,本山南町８丁目６−２６東神戸センタービル１３Ｆ,6580015
9140001002493,株式会社牧浦建築デザイン,兵庫県,神戸市東灘区,住吉宮町４丁目２番４号,6580053
9140001002502,株式会社益田屋,兵庫県,神戸市東灘区,向洋町東３丁目９番地の３,6580031
9140001002527,松正水産株式会社,兵庫県,神戸市東灘区,深江浜町１番１神戸市中央卸売市場東部市場内,6580023
9140001002535,株式会社マナ,兵庫県,神戸市東灘区,岡本１丁目４番５号,6580072
9140001002568,株式会社丸山工務店,兵庫県,神戸市東灘区,田中町２丁目６番９号,6580081
9140001002576,株式会社御影電化センター,兵庫県,神戸市東灘区,御影中町１丁目１３番１４号,6580054
9140001002601,株式会社南方,兵庫県,神戸市東灘区,御影郡家２丁目１５番３号,6580048
9140001002618,株式会社宮本屋,兵庫県,神戸市東灘区,御影２丁目１０番２０号,6580047
9140001002634,株式会社明徳住建,兵庫県,神戸市東灘区,魚崎北町２丁目２番２７号,6580082
9140001002650,モザミ株式会社,兵庫県,神戸市東灘区,深江南町１丁目１６番２０号,6580022
9140001002675,ヤストミ建設株式会社,兵庫県,神戸市東灘区,深江本町３丁目２番３０−２０１号,6580021
9140001002683,薮田商事株式会社,兵庫県,神戸市東灘区,深江南町４丁目１０番２１号,6580022
9140001002733,株式会社ゆめや,兵庫県,神戸市東灘区,向洋町中６丁目９番地,6580032
9140001002741,吉川建設株式会社,兵庫県,神戸市東灘区,深江北町４丁目３番５号,6580013
9140001002758,株式会社ライフアンドライフ,兵庫県,神戸市東灘区,向洋町中５丁目１５番地,6580032
9140001002766,和光機工株式会社,兵庫県,神戸市東灘区,田中町１丁目１５−７パールビル３０２号,6580081
9140001002832,神戸弘盛運輸株式会社,兵庫県,神戸市東灘区,魚崎浜町２６番地,6580024
9140001002857,株式会社神戸酒心館,兵庫県,神戸市東灘区,御影塚町１丁目８番１７号,6580044
9140001003590,ゼネラルマリンサーベヤーズ株式会社,兵庫県,神戸市東灘区,御影山手４丁目１８番４号,6580065
9140001003756,株式会社トレンツ,兵庫県,神戸市東灘区,本山北町３丁目６番１０号,6580003
9140001004192,株式会社山根興業,兵庫県,神戸市東灘区,御影塚町３丁目３番６号,6580044
9140001005075,ツー・エス・エー物流企画株式会社,兵庫県,神戸市東灘区,深江浜町１５８番地,6580023
9140001006057,株式会社イーエムエス,兵庫県,神戸市東灘区,岡本３丁目１０番３０−５０５号,6580072
9140001006461,株式会社エトスアソシエイツ,兵庫県,神戸市東灘区,森北町１丁目７番１号,6580001
9140001006511,インターメッシュジャパン株式会社,兵庫県,神戸市東灘区,向洋町中６丁目９番地神戸ファッションマート,6580032
9140001006635,大永商事株式会社,兵庫県,神戸市東灘区,向洋町東４丁目７番,6580031
9140001008152,株式会社ジェイフェリー,兵庫県,神戸市東灘区,田中町１丁目１１番１１−１００１号,6580081
9140001008425,株式会社ジユーサン,兵庫県,神戸市東灘区,住吉山手２丁目５番７号,6580063
9140001009167,株式会社高木設計,兵庫県,神戸市東灘区,御影１丁目１１番１７−１０１号,6580047
9140001009200,株式会社竹林ＷＢ,兵庫県,神戸市東灘区,向洋町中６丁目９番地,6580032
9140001011164,株式会社湊商店,兵庫県,神戸市東灘区,住吉山手４丁目６番２４号,6580063
9140001011395,株式会社八神,兵庫県,神戸市東灘区,御影中町３丁目１番２０号,6580054
9140001012303,兵庫建機株式会社,兵庫県,神戸市東灘区,田中町３丁目１３番１７号,6580081
9140001013838,株式会社ニッセン,兵庫県,神戸市東灘区,御影山手４丁目２１番１２号,6580065
9140001016188,神衡株式会社,兵庫県,神戸市東灘区,深江浜町９７番１,6580023
9140001016378,大東石油株式会社,兵庫県,神戸市東灘区,本庄町２丁目４番１２号,6580012
9140001017046,株式会社ユニオン・アーベスト,兵庫県,神戸市東灘区,御影３丁目２番１１−２０５号,6580047
9140001019042,株式会社トップソード,兵庫県,神戸市東灘区,田中町１丁目８番２８−６０４号,6580081
9140001019050,横山プリントセンター株式会社,兵庫県,神戸市東灘区,深江本町１丁目１３番２４号,6580021
9140001019232,ワインバーガー株式会社,兵庫県,神戸市東灘区,岡本７丁目１０番３号,6580072
9140001019587,株式会社木村ビル,兵庫県,神戸市東灘区,甲南町３丁目９番１６号,6580084
9140001019884,株式会社ハウスパートナー,兵庫県,神戸市東灘区,御影石町２丁目２２番１号,6580045
9140001019975,株式会社ウエスト,兵庫県,神戸市東灘区,魚崎浜町１０番,6580024
9140001020009,兵庫ペット商事株式会社,兵庫県,神戸市東灘区,魚崎南町３丁目２番３号,6580025
9140001020074,ナニワ運送株式会社,兵庫県,神戸市東灘区,住吉宮町６丁目３番２１号,6580053
9140001020090,株式会社パーフェクトワーク,兵庫県,神戸市東灘区,向洋町中６丁目９番地神戸ファッションマート内,6580032
9140001020157,リーデンオート株式会社,兵庫県,神戸市東灘区,御影３丁目１７番１４号,6580047
9140001020256,株式会社栄徳鋼業所,兵庫県,神戸市東灘区,住吉南町３丁目１番５号,6580041
9140001020289,海達株式会社,兵庫県,神戸市東灘区,本山南町４丁目３−３１,6580015
9140001020446,株式会社エリア・コンセプト,兵庫県,神戸市東灘区,本庄町１丁目４番１５−４１０号,6580012
9140001020495,ポール・ニーハンス株式会社,兵庫県,神戸市東灘区,御影町御影字城ノ前１４８６番地７,6580056
9140001020553,株式会社三宝,兵庫県,神戸市東灘区,向洋町中１丁目１４番地イーストコート二番街レジデンス３０６号,6580032
9140001020685,株式会社プロデュース・トゥエンティワン,兵庫県,神戸市東灘区,向洋町中３丁目１番地の５イーストコート８番街１−６０１号,6580032
9140001020792,株式会社ケーティエス,兵庫県,神戸市東灘区,御影本町７丁目４番８号,6580046
9140001021279,株式会社神戸住吉国際日本語学校,兵庫県,神戸市東灘区,住吉宮町２丁目２１番８号,6580053
9140001021576,シンキ建設株式会社,兵庫県,神戸市東灘区,御影本町３丁目１番２号,6580046
9140001021691,株式会社グッドプランニング,兵庫県,神戸市東灘区,住吉宮町３丁目７番１４号,6580053
9140001021997,丸全関西物流株式会社,兵庫県,神戸市東灘区,魚崎浜町２８番地,6580024
9140001022129,光洋株式会社,兵庫県,神戸市東灘区,御影中町７丁目８番９号,6580054
9140001022335,あさと物流株式会社,兵庫県,神戸市東灘区,深江浜町５０番地６,6580023
9140001022426,御影トレーディング株式会社,兵庫県,神戸市東灘区,向洋町中６丁目９番地,6580032
9140001022608,株式会社ラーバ,兵庫県,神戸市東灘区,岡本７丁目１２番３６号,6580072
9140001022772,マシオスジャパン株式会社,兵庫県,神戸市東灘区,向洋町中１丁目４番地１２４号棟００９号室,6580032
9140001022855,株式会社Ｂ＆Ｆ物流,兵庫県,神戸市東灘区,深江浜町１０２番地,6580023
9140001022987,株式会社オフィス毛利,兵庫県,神戸市東灘区,森南町２丁目１番３号齋藤ビル５階,6580011
9140001023168,ヴィープロモーション株式会社,兵庫県,神戸市東灘区,魚崎南町４丁目１５番１５号リトモ神戸２０４,6580025
9140001023176,関西アルボ株式会社,兵庫県,神戸市東灘区,魚崎南町４丁目２番４６号,6580025
9140001023325,株式会社Ｍ＆Ｙ,兵庫県,神戸市東灘区,御影石町２丁目６−２０−１１１,6580045
9140001023390,株式会社環境整備エンジニアリング,兵庫県,神戸市東灘区,御影３丁目２番１１−９０号,6580047
9140001023473,株式会社メディカコーポレーション,兵庫県,神戸市東灘区,住吉宮町４丁目１番１３号,6580053
9140001023589,株式会社アスカ神戸,兵庫県,神戸市東灘区,住吉山手４丁目６−４３−１０６号,6580063
9140001023770,株式会社日本ＭＣＳ,兵庫県,神戸市東灘区,本山南町９丁目８番３４号,6580015
9140001023787,株式会社メディア,兵庫県,神戸市東灘区,向洋町中６丁目９番,6580032
9140001023812,株式会社アジェル,兵庫県,神戸市東灘区,甲南町２丁目４番１２号ジークレフ東灘１１２号,6580084
9140001023928,株式会社ラック,兵庫県,神戸市東灘区,御影山手４丁目２番２０号,6580065
9140001023952,株式会社ＯＶＡＬ　Ｏｆｆｉｃｅ,兵庫県,神戸市東灘区,向洋町中６丁目９番地,6580032
9140001024273,株式会社東伸商會,兵庫県,神戸市東灘区,向洋町東４丁目３番,6580031
9140001024835,株式会社スドーコーポレーション,兵庫県,神戸市東灘区,御影本町２丁目１１番２２号,6580046
9140001024950,Ｋ−ｐｌａｎｎｉｎｇ株式会社,兵庫県,神戸市東灘区,甲南町３丁目８番３号,6580084
9140001024959,株式会社縁樹産業,兵庫県,神戸市東灘区,住吉山手７丁目５番４０号,6580063
9140001025016,グローバルワン総合開発株式会社,兵庫県,神戸市東灘区,御影本町７丁目７番１６号４３ビル２Ｆ,6580046
9140001025263,株式会社Ｖｅｎｅｒｅ,兵庫県,神戸市東灘区,向洋町中６丁目９番地神戸ファッションマート内,6580032
9140001025478,株式会社満や,兵庫県,神戸市東灘区,住吉南町２丁目６番４号,6580041
9140001025544,ケージーエス株式会社,兵庫県,神戸市東灘区,向洋町中５丁目１番地,6580032
9140001025668,大本紙料株式会社,兵庫県,神戸市東灘区,向洋町東３丁目１７番地,6580031
9140001025750,株式会社三東商事,兵庫県,神戸市東灘区,御影郡家２丁目１５番１４号ブリリアンスビルアネックス４階,6580048
9140001025759,株式会社マヨ,兵庫県,神戸市東灘区,岡本１丁目４番１７号,6580072
9140001026022,株式会社プレジール,兵庫県,神戸市東灘区,西岡本２丁目７番１−１１２号,6580073
9140001026328,株式会社ジャフコエンタープライズ,兵庫県,神戸市東灘区,本山中町３丁目８番２４号,6580016
9140001026443,株式会社監財,兵庫県,神戸市東灘区,向洋町中３丁目１−５−２−１４０６,6580032
9140001026567,株式会社サンヨーすまいる,兵庫県,神戸市東灘区,御影本町８丁目５番１号,6580046
9140001026583,株式会社マルチソリューション,兵庫県,神戸市東灘区,本庄町１丁目１６−１８,6580012
9140001026617,株式会社香点心,兵庫県,神戸市東灘区,魚崎西町１丁目６番２３号,6580026
9140001027318,株式会社リジュベネーションシステム,兵庫県,神戸市東灘区,森北町７丁目１９番４４号,6580001
9140001027391,株式会社夢生舎,兵庫県,神戸市東灘区,御影石町２丁目２１番２１号,6580045
9140001027400,ＡＺシステム株式会社,兵庫県,神戸市東灘区,田中町２丁目４番１６号,6580081
9140001027490,株式会社上甲,兵庫県,神戸市東灘区,御影浜町５番地昭和産業内,6580043
9140001027706,株式会社しろごはん,兵庫県,神戸市東灘区,住吉山手８丁目７番１１４号,6580063
9140001027895,株式会社大輝,兵庫県,神戸市東灘区,魚崎南町２丁目１９番２１号,6580025
9140001028126,株式会社ＤＡＭ,兵庫県,神戸市東灘区,向洋町中１丁目９番地,6580032
9140001028274,リバーフロント株式会社,兵庫県,神戸市東灘区,住吉本町２丁目１０番４０号,6580051
9140001028357,シンコー・ソフト株式会社,兵庫県,神戸市東灘区,本山北町２丁目１１番４号,6580003
9140001028464,布引鉄工株式会社,兵庫県,神戸市東灘区,本山中町４丁目３番１号,6580016
9140001028480,株式会社井石工業,兵庫県,神戸市東灘区,御影石町１丁目２番３−１０２号,6580045
9140001028563,ダイヘンスタッド株式会社,兵庫県,神戸市東灘区,向洋町西４丁目１番地,6580033
9140001028571,株式会社アオイビル,兵庫県,神戸市東灘区,住吉本町１丁目１０番５６号住吉本町レジデンス６０３号,6580051
9140001028844,株式会社エコサポートサービス,兵庫県,神戸市東灘区,深江南町２丁目５番７号,6580022
9140001028927,ネクサス株式会社,兵庫県,神戸市東灘区,向洋町中１丁目１４番イーストコート２番街２０７,6580032
9140001028943,株式会社グローブ,兵庫県,神戸市東灘区,住吉東町３丁目１２番９号,6580052
9140001028968,株式会社ＰｒｅｔｔｙＶｉｏｌｅｔ,兵庫県,神戸市東灘区,田中町１丁目７番２１号,6580081
9140001029009,ヤマムラガラス株式会社,兵庫県,神戸市東灘区,深江本町１丁目６−１６−３０４号,6580021
9140001029090,株式会社ＤＣＴ,兵庫県,神戸市東灘区,魚崎西町１丁目６番５号,6580026
9140001029140,イボルブ株式会社,兵庫県,神戸市東灘区,魚崎南町５丁目９番４５−６０１号,6580025
9140001029181,新明和アクアテクサービス株式会社,兵庫県,神戸市東灘区,本山南町８丁目６番２６号,6580015
9140001029248,株式会社ベスト環境,兵庫県,神戸市東灘区,御影山手６丁目１０−２９スカイビュー８８−３０２号室,6580065
9140001029289,株式会社バストーネ,兵庫県,神戸市東灘区,住吉南町４丁目１番２２号,6580041
9140001029371,株式会社システムアーク,兵庫県,神戸市東灘区,西岡本２丁目２５番２号,6580073
9140001029537,株式会社ＮＯＩＣ,兵庫県,神戸市東灘区,岡本７丁目２番１号,6580072
9140001029561,株式会社三ツ輪,兵庫県,神戸市東灘区,岡本８丁目３番２３号,6580072
9140001029776,株式会社セイワ,兵庫県,神戸市東灘区,甲南町３丁目９番１８号,6580084
9140001029826,株式会社ケイ・エム・シー,兵庫県,神戸市東灘区,御影３丁目６番５号,6580047
9140001030115,株式会社山田,兵庫県,神戸市東灘区,北青木４丁目１番４号,6580014
9140001030321,株式会社栄進,兵庫県,神戸市東灘区,魚崎南町８丁目２番２１号,6580025
9140001030552,株式会社ブランデザイン,兵庫県,神戸市東灘区,本山北町３丁目６番１０号,6580003
9140001030734,ショウエイエンジニアリング株式会社,兵庫県,神戸市東灘区,本庄町１丁目４番２３号,6580012
9140001030742,市民ファンド株式会社,兵庫県,神戸市東灘区,御影３丁目２番１１号,6580047
9140001030800,株式会社ファーストコーチ,兵庫県,神戸市東灘区,住吉東町２丁目６番４０−５０５号,6580052
9140001030817,御影新生堂株式会社,兵庫県,神戸市東灘区,住吉南町４丁目１番２２号,6580041
9140001030899,株式会社井上建業,兵庫県,神戸市東灘区,魚崎西町１丁目３番４号,6580026
9140001030940,株式会社グリーンテクノ,兵庫県,神戸市東灘区,本山北町２丁目６番２号,6580003
9140001031286,株式会社ディレスポ,兵庫県,神戸市東灘区,向洋町中７丁目２番地の１、３番館４０４号,6580032
9140001031360,株式会社カリプソ,兵庫県,神戸市東灘区,御影山手５丁目８−２,6580065
9140001031419,株式会社ＲＡＶＩ,兵庫県,神戸市東灘区,田中町１丁目８番２２−１０１号,6580081
9140001031468,株式会社森興業,兵庫県,神戸市東灘区,青木５丁目１１番２−８０２号,6580027
9140001031559,株式会社ＳＯＲＡ,兵庫県,神戸市東灘区,深江北町３丁目５番２５−１０２号,6580013
9140001031567,株式会社ミタス,兵庫県,神戸市東灘区,御影郡家２丁目３番７号,6580048
9140001031575,オープンシグマ株式会社,兵庫県,神戸市東灘区,御影中町６丁目２番４号,6580054
9140001031583,株式会社ズースターフィクサーズ,兵庫県,神戸市東灘区,岡本１丁目１４番２５号,6580072
9140001031600,株式会社神戸御影山手介護支援センター,兵庫県,神戸市東灘区,住吉宮町６丁目１５番１９−８０３号,6580053
9140001031666,株式会社ルミ・ネ,兵庫県,神戸市東灘区,岡本５丁目２−５岡本コミンカ,6580072
9140001031856,新光警備保障株式会社,兵庫県,神戸市東灘区,御影石町１丁目１番４３号,6580045
9140001031963,株式会社新興ソリューション,兵庫県,神戸市東灘区,岡本２丁目８番２３号ＰＨ６・２０１号,6580072
9140001031996,株式会社アーチ,兵庫県,神戸市東灘区,御影山手５丁目１８番１６号,6580065
9140001032111,一二三総合開発株式会社,兵庫県,神戸市東灘区,深江浜町１２４番地,6580023
9140001032367,株式会社オフィス・シスル,兵庫県,神戸市東灘区,岡本３丁目９番２８−４０３号,6580072
9140001032400,株式会社ヴェルデベッロ,兵庫県,神戸市東灘区,御影郡家２丁目７番３−２０４号,6580048
9140001032409,株式会社グリーンシップ,兵庫県,神戸市東灘区,住吉本町２丁目１３番１２号,6580051
9140001032607,株式会社オクターボ,兵庫県,神戸市東灘区,御影山手２丁目２番１２号,6580065
9140001032648,株式会社ボタニー,兵庫県,神戸市東灘区,御影中町３丁目２番４−２７０８号,6580054
9140001032664,株式会社バイテック,兵庫県,神戸市東灘区,御影中町１丁目５番７号幸田ビル４階,6580054
9140001032763,株式会社田野ホールディングス,兵庫県,神戸市東灘区,鴨子ケ原３丁目２６番２１号,6580064
9140001032895,ティアイエム株式会社,兵庫県,神戸市東灘区,西岡本２丁目７番２−４１２号,6580073
9140001033035,株式会社畑テクノ,兵庫県,神戸市東灘区,魚崎南町４丁目２の４５,6580025
9140001033068,株式会社オルモ,兵庫県,神戸市東灘区,御影郡家１丁目１３番１４−５１３号,6580048
9140001033150,株式会社西日本青果,兵庫県,神戸市東灘区,深江浜町１番１号,6580023
9140001033200,成功貿易株式会社,兵庫県,神戸市東灘区,田中町４丁目３−１６つるやコーポ１０１,6580081
9140001033225,五恩株式会社,兵庫県,神戸市東灘区,岡本７丁目２０番４号,6580072
9140001033266,株式会社アルティザンスピリッツ,兵庫県,神戸市東灘区,御影本町８丁目１１番２４号,6580046
9140001033324,一成汽船株式会社,兵庫県,神戸市東灘区,御影本町４丁目８番１０号,6580046
9140001033415,株式会社ティーケーアイ,兵庫県,神戸市東灘区,深江北町１丁目６番１８−８０４号,6580013
9140001033530,カラーズアソシエイト株式会社,兵庫県,神戸市東灘区,岡本１丁目１０−２３,6580072
9140001033662,アントレニッシュ株式会社,兵庫県,神戸市東灘区,向洋町中６丁目９番地,6580032
9140001033737,株式会社ＨＦＣ,兵庫県,神戸市東灘区,深江浜町１１４番地,6580023
9140001033910,株式会社サポートワン,兵庫県,神戸市東灘区,魚崎南町４丁目５番１７号,6580025
9140001033992,株式会社京兼,兵庫県,神戸市東灘区,岡本１丁目５番２０号,6580072
9140001034116,日本ノヴェリカ株式会社,兵庫県,神戸市東灘区,向洋町中１丁目４番地１２４号棟１６号,6580032
9140001034149,株式会社オーズ,兵庫県,神戸市東灘区,森北町７丁目１１番３３号,6580001
9140001034198,株式会社ＧＡＴＥ　ｃｏｒｐｏｒａｔｉｏｎ,兵庫県,神戸市東灘区,深江北町３丁目２−１８,6580013
9140001034248,ワサビ株式会社,兵庫県,神戸市東灘区,住吉南町３丁目４−２,6580041
9140001034272,株式会社福永商事,兵庫県,神戸市東灘区,住吉宮町３丁目１４番１３号,6580053
9140001034330,株式会社光山商店,兵庫県,神戸市東灘区,住吉宮町２丁目１２番２号,6580053
9140001034339,株式会社小野システム,兵庫県,神戸市東灘区,西岡本５丁目１２番１９号,6580073
9140001038249,株式会社ＯＡサポート・カケラ,兵庫県,神戸市東灘区,住吉本町２丁目５番２６号,6580051
9140001042201,株式会社ＫＳＩコーポレーション,兵庫県,神戸市東灘区,住吉本町１丁目１１番２１号,6580051
9140001047167,株式会社Ｐ−ＴＡＬＫ,兵庫県,神戸市東灘区,御影３丁目２−１１−１２８,6580047
9140001047191,株式会社コーエイ,兵庫県,神戸市東灘区,本庄町３丁目７番３０号,6580012
9140001049634,太星産業株式会社,兵庫県,神戸市東灘区,本山南町６丁目７番１４号,6580015
9140001057018,株式会社ブルー企画,兵庫県,神戸市東灘区,御影２丁目２６番１２−２０４号,6580047
9140001057158,株式会社甲南パックサンシャイン,兵庫県,神戸市東灘区,向洋町東２丁目７番地の５,6580031
9140001057199,株式会社ホテルニューアワジ神戸,兵庫県,神戸市東灘区,向洋町中２丁目１３番地,6580032
9140001057414,株式会社ＲＩＯ,兵庫県,神戸市東灘区,御影３丁目１６番９号,6580047
9140001067264,株式会社パークマネジメントひょうご,兵庫県,神戸市東灘区,住吉宮町６丁目１０番５号,6580053
9140001068989,神港商事株式会社,兵庫県,神戸市東灘区,住吉宮町６丁目１４番２号,6580053
9140001069401,株式会社ダスキン西宮,兵庫県,神戸市東灘区,御影本町２丁目１５番１９号御影本町ビル５階,6580046
9140001071638,株式会社柳商事,兵庫県,神戸市東灘区,本山南町６丁目４番１３号,6580015
9140001072198,株式会社阪神開発,兵庫県,神戸市東灘区,深江浜町７６番地２００号,6580023
9140001077750,株式会社オレンジペコー,兵庫県,神戸市東灘区,本山南町９丁目８番５９−２０８号,6580015
9140001077791,株式会社ＰＮＡ,兵庫県,神戸市東灘区,御影石町３丁目５番１２−２０６号,6580045
9140001087386,株式会社エヌ・ページ,兵庫県,神戸市東灘区,本山南町８丁目３番１−１４１６号,6580015
9140001087568,株式会社ＦＧ,兵庫県,神戸市東灘区,御影中町８丁目５番１０号,6580054
9140001087758,株式会社都島コンタクト,兵庫県,神戸市東灘区,御影郡家２丁目６番３１号,6580048
9140001087816,株式会社渚,兵庫県,神戸市東灘区,魚崎南町４丁目１０番３号,6580025
9140001088376,株式会社ピンクカンパニー,兵庫県,神戸市東灘区,魚崎南町５丁目５番１−４１１号,6580025
9140001088566,株式会社サンアイ,兵庫県,神戸市東灘区,岡本３丁目２番２５−１０２号,6580072
9140001088681,株式会社エフジェイトレーディング,兵庫県,神戸市東灘区,深江浜町１２４番地１２０１号,6580023
9140001088855,リ・ブランディングジャパン株式会社,兵庫県,神戸市東灘区,向洋町中６丁目９番地,6580032
9140001089135,株式会社ウェルフト商会,兵庫県,神戸市東灘区,住吉東町２丁目４番３４−５０１号,6580052
9140001089382,株式会社プラムヒル,兵庫県,神戸市東灘区,西岡本４丁目７番２６号,6580073
9140001089894,株式会社エクレシア企画,兵庫県,神戸市東灘区,本山中町３丁目６番７号２階,6580016
9140001090019,株式会社アメイジング,兵庫県,神戸市東灘区,本山南町８丁目６番２６,6580015
9140001090266,株式会社マルゼンダイニングアンドリゾーツ,兵庫県,神戸市東灘区,向洋町中６丁目９番地,6580032
9140001090456,雅運送株式会社,兵庫県,神戸市東灘区,深江浜町１６４番地,6580023
9140001090670,株式会社ＤＥＶＩＯＳ,兵庫県,神戸市東灘区,魚崎西町２丁目２番２−９０８号,6580026
9140001090877,株式会社ノブカンパニー,兵庫県,神戸市東灘区,御影塚町１丁目９番６号,6580044
9140001090984,ＫＩＳ株式会社,兵庫県,神戸市東灘区,甲南町２丁目４番１２−７０９号,6580084
9140001091074,株式会社ＣＰＡ,兵庫県,神戸市東灘区,住吉本町２丁目２１番１６−５０１号,6580051
9140001091470,株式会社ファイティ,兵庫県,神戸市東灘区,御影３丁目２番１１−２９号,6580047
9140001091603,株式会社ラーフ,兵庫県,神戸市東灘区,住吉東町１丁目２番１号,6580052
9140001091792,株式会社ビューティーラボ,兵庫県,神戸市東灘区,御影本町２丁目８番２０号,6580046
9140001091801,Ｂｒｉｔｉｓｈ　Ｓｑｕａｒｅ株式会社,兵庫県,神戸市東灘区,御影山手３丁目６番１３号,6580065
9140001092163,芳川貿易株式会社,兵庫県,神戸市東灘区,魚崎西町２丁目１番２０号,6580026
9140001092460,株式会社ジャパンアスリートクラブ,兵庫県,神戸市東灘区,本庄町２丁目４番１２号,6580012
9140001092642,株式会社アティロム,兵庫県,神戸市東灘区,御影石町２丁目１番１５−１号,6580045
9140001092799,株式会社アートココ,兵庫県,神戸市東灘区,岡本３丁目１０番３０−６０４号,6580072
9140001093211,ＵＮＩＴＬＯＡＤ株式会社,兵庫県,神戸市東灘区,森北町７丁目１８番３号,6580001
9140001093269,株式会社イージスファンド,兵庫県,神戸市東灘区,向洋町中６丁目９番地,6580032
9140001093491,ＳＰＲＩＮＧＤＡＹ株式会社,兵庫県,神戸市東灘区,向洋町西６丁目２４番地,6580033
9140001093632,株式会社コガノ,兵庫県,神戸市東灘区,深江北町２丁目９番１号,6580013
9140001094663,株式会社叶,兵庫県,神戸市東灘区,住吉宮町２丁目１２番２０号,6580053
9140001094977,株式会社Ａｌｅｇｒｉａ,兵庫県,神戸市東灘区,深江北町１丁目７番２７号,6580013
9140001095711,株式会社メカゴリラ,兵庫県,神戸市東灘区,森南町２丁目８−２,6580011
9140001095777,株式会社ビスポーク,兵庫県,神戸市東灘区,本山北町６丁目１３番３５−１０２号,6580003
9140001096668,株式会社プレシウス,兵庫県,神戸市東灘区,御影山手４丁目９−１０,6580065
9140001096775,株式会社スプール,兵庫県,神戸市東灘区,御影塚町３丁目６番１−１号,6580044
9140001096998,株式会社ＳＫＹ,兵庫県,神戸市東灘区,御影３丁目９番５号,6580047
9140001097187,株式会社エムズ・ワン,兵庫県,神戸市東灘区,本山中町３丁目１１番１６−５０６号,6580016
9140001097435,株式会社Ｋ＆Ａ,兵庫県,神戸市東灘区,西岡本２丁目７番２−２２１号,6580073
9140001097625,株式会社ＣｔｏＢ,兵庫県,神戸市東灘区,森北町４丁目１２番１０号フローラ岡本２０１号,6580001
9140001098061,ヤン商会株式会社,兵庫県,神戸市東灘区,住吉宮町２丁目１１−７,6580053
9140001098111,株式会社エフ・ケイ・パートナー,兵庫県,神戸市東灘区,御影山手２丁目９番３号,6580065
9140001098169,株式会社リフレクション,兵庫県,神戸市東灘区,住吉東町２丁目１番２６−４０７号,6580052
9140001098400,株式会社マナビーズ,兵庫県,神戸市東灘区,岡本７丁目１２番１８号４０２号室,6580072
9140001098540,株式会社ＯＴＳ,兵庫県,神戸市東灘区,向洋町中６丁目９,6580032
9140001098838,アニマルゴルフ株式会社,兵庫県,神戸市東灘区,御影中町１丁目２番８号,6580054
9140001098953,株式会社ＮＩＰＰＯＮ　ＣＯＲＰＯＲＡＴＩＯＮ,兵庫県,神戸市東灘区,御影石町２丁目１５−６コスモハイツ３０４,6580045
9140001098986,太田製薬グループホールディングス株式会社,兵庫県,神戸市東灘区,住吉本町３丁目４番４７−Ｂ３０２号,6580051
9140001099051,株式会社昌栄電工社,兵庫県,神戸市東灘区,本山南町２丁目１３番１８号,6580015
9140001099068,株式会社メイデンボヤージ,兵庫県,神戸市東灘区,向洋町中１丁目４−１２１−４０３,6580032
9140001099092,株式会社長寿薬膳堂,兵庫県,神戸市東灘区,田中町３丁目４番２０号,6580081
9140001099794,株式会社Ｌａｂｏｒａｔｏｒｙ,兵庫県,神戸市東灘区,岡本２丁目１０−１５シャンブル岡本１１２号,6580072
9140001100520,ライフゴールインターナショナル株式会社,兵庫県,神戸市東灘区,深江北町４丁目１１番２４−１４０２号,6580013
9140001100636,株式会社ワイドサポート,兵庫県,神戸市東灘区,本山北町６丁目２番４０号,6580003
9140001100693,株式会社Ｎ−ＴＥＣＨ,兵庫県,神戸市東灘区,魚崎南町１丁目６番７号,6580025
9140001101163,株式会社ルーチェ,兵庫県,神戸市東灘区,向洋町中６丁目９番地神戸ファッションマート,6580032
9140001101171,Ｖｃｌａｓｓ株式会社,兵庫県,神戸市東灘区,岡本３丁目５番１４号４０１号,6580072
9140001101262,株式会社Ｋ−６,兵庫県,神戸市東灘区,住吉本町１丁目１１番１０−４０６号,6580051
9140001101403,Ｇｅｒａｌｄ　ＭｃＤｏｎａｌｄ　Ａｓｉａ株式会社,兵庫県,神戸市東灘区,向洋町中６丁目９番地神戸ファッションマート,6580032
9140001101493,株式会社クラウド開発,兵庫県,神戸市東灘区,田中町３丁目１２番１６号,6580081
9140001101659,株式会社ＧＬＡＳＳ,兵庫県,神戸市東灘区,本山南町８丁目３番１−６１０号,6580015
9140001101683,株式会社ｕｐｓ,兵庫県,神戸市東灘区,御影中町６丁目５番４号,6580054
9140001101782,Ａ＆Ｈ株式会社,兵庫県,神戸市東灘区,御影郡家１丁目６番１５−１号,6580048
9140001102062,株式会社オフィス・ミーツアンドニーズ,兵庫県,神戸市東灘区,西岡本１丁目１５番１０号ラシーヌ岡本５０１号,6580073
9140001102153,株式会社ｋｏｋｏｉｑｕｅ,兵庫県,神戸市東灘区,御影本町８丁目１１番１８号,6580046
9140001103143,株式会社クロップ,兵庫県,神戸市東灘区,御影塚町２丁目１１−１９,6580044
9140001103259,琳エンタープライゼズ株式会社,兵庫県,神戸市東灘区,魚崎北町４丁目１１番１４号,6580082
9140001103374,株式会社Ｂｌｕｅ　Ｓｋｙ,兵庫県,神戸市東灘区,鴨子ケ原３丁目２４番１１号,6580064
9140001103820,株式会社リアン,兵庫県,神戸市東灘区,住吉山手２丁目６−１４,6580063
9140001103886,ウエルハーバー株式会社,兵庫県,神戸市東灘区,住吉東町３丁目１０番１０号,6580052
9140001104496,株式会社ケーアールシー,兵庫県,神戸市東灘区,御影郡家１丁目２番５号,6580048
9140001105445,サロンデザイン株式会社,兵庫県,神戸市東灘区,向洋町中６丁目９神戸ファッションマート６Ｃ−１１,6580032
9140001106278,株式会社ソロコスチューム,兵庫県,神戸市東灘区,向洋町中６丁目９番地,6580032
9140001106369,エックスプランニング株式会社,兵庫県,神戸市東灘区,本山南町６丁目２番１−１０１６号,6580015
9140001106501,株式会社グラディアート,兵庫県,神戸市東灘区,向洋町中６丁目９番地神戸ファッションマート,6580032
9140001107169,株式会社ハピネス,兵庫県,神戸市東灘区,御影塚町１丁目２番９−３号,6580044
9140001107425,株式会社ＨＯＵＭＥＩ,兵庫県,神戸市東灘区,本山中町２丁目１−７,6580016
9140001107623,株式会社ｕｌｉｕｌｉ,兵庫県,神戸市東灘区,向洋町中６丁目３番地の４７,6580032
9140001107747,レンク株式会社,兵庫県,神戸市東灘区,本山北町１丁目５番６号,6580003
9140001107755,ピーエスエス株式会社,兵庫県,神戸市東灘区,御影郡家２丁目５番２−１０３号,6580048
9140001108233,Ｍａｚｚａ株式会社,兵庫県,神戸市東灘区,御影３丁目２番１１−１２５号,6580047
9140001108687,株式会社ブリコラージュ,兵庫県,神戸市東灘区,向洋町中６丁目９番地,6580032
9140001108968,ＩＳＨＩＤＡマネジメント株式会社,兵庫県,神戸市東灘区,御影２丁目１７番８号,6580047
9140001108984,株式会社インベストラボ,兵庫県,神戸市東灘区,森北町３丁目４番１５号プティットフォーレ３０５号,6580001
9140001109702,株式会社Ｂａｒｏｎ　Ｋｏｂｅ,兵庫県,神戸市東灘区,向洋町中５丁目６番地の１、６３２号,6580032
9140001110206,株式会社エスペラール御影,兵庫県,神戸市東灘区,御影郡家２丁目１５番６号,6580048
9140001110346,ＳＢ企画株式会社,兵庫県,神戸市東灘区,住吉宮町１丁目２番２５号,6580053
9140001110619,株式会社ジーエムエス,兵庫県,神戸市東灘区,向洋町中６丁目９番地８Ｅ−２１,6580032
9140001111014,株式会社おうちカンパニー,兵庫県,神戸市東灘区,住吉山手３丁目３番２９号,6580063
9140001111716,株式会社レア・ミュージック,兵庫県,神戸市東灘区,御影２丁目５番１０号,6580047
9140001111823,株式会社爽育ｃｏｍｍｕｎｉｔｙ,兵庫県,神戸市東灘区,岡本２丁目５番６号３Ｆ,6580072
9140001112004,株式会社ｃｙｂｅｒｃａｔ,兵庫県,神戸市東灘区,本山南町８丁目５番３２号コストルツィオーネ本山南５０２号,6580015
9140001112210,ＡＡＲ　ＪＡＰＡＮ株式会社,兵庫県,神戸市東灘区,御影中町７丁目４−１３一宮ビル２０２,6580054
9140001112318,ＲｅｖｉｓｉｏｎＲｅｌｉｆｅティコーチングＪＡＰＡＮ株式会社,兵庫県,神戸市東灘区,御影中町３丁目２番４−３７０９号,6580054
9140001112342,株式会社カムトゥゲザー,兵庫県,神戸市東灘区,甲南町３丁目２番２６号,6580084
9140001112383,株式会社ＬＧＴ,兵庫県,神戸市東灘区,田中町２丁目１８番１８号,6580081
9140001112433,株式会社八千代自動車工業,兵庫県,神戸市東灘区,魚崎南町２丁目１２番６号,6580025
9140001112524,株式会社調剤薬局健康堂,兵庫県,神戸市東灘区,青木６丁目６番１６号,6580027
9140001112771,株式会社望月,兵庫県,神戸市東灘区,西岡本２丁目７番３−７１１号,6580073
9140001113217,株式会社ＴＹ工業,兵庫県,神戸市東灘区,深江南町１丁目２番５０−１０２号,6580022
9140001113299,株式会社フロント,兵庫県,神戸市東灘区,御影３丁目２番１１−１１７号,6580047
9140001113349,株式会社ＮＥＵＴＲＡＬ,兵庫県,神戸市東灘区,西岡本２丁目４２番１２号パークスクエアアネックスプラザ,6580073
9140001113753,株式会社Ｈ・Ｉ・Ｏ,兵庫県,神戸市東灘区,住吉南町３丁目５番８号青山マンション２０２,6580041
9140001113902,株式会社ティージェー,兵庫県,神戸市東灘区,向洋町中７丁目２番地の１、１２番館８０１号,6580032
9140001114272,ぽん太株式会社,兵庫県,神戸市東灘区,西岡本３丁目１番９−２０１号,6580073
9140001114405,株式会社グレイスｓ．ａ．ｃ．,兵庫県,神戸市東灘区,向洋町中６丁目９番地,6580032
9140001114454,ＮＧＭ株式会社,兵庫県,神戸市東灘区,向洋町中６丁目９番地神戸ファッションマート５Ｆ,6580032
9140001115139,株式会社イマケン,兵庫県,神戸市東灘区,青木３丁目２番１８号,6580027
9140001115155,素研株式会社,兵庫県,神戸市東灘区,向洋町中１丁目１７−２９Ｆ,6580032
9140001115700,株式会社百年書籍,兵庫県,神戸市東灘区,御影３丁目２番１１号５,6580047
9140001116104,株式会社後藤建設,兵庫県,神戸市東灘区,青木２丁目１４番１２号,6580027
9140001116401,Ｙｚ商事株式会社,兵庫県,神戸市東灘区,岡本１丁目１０番１６号カレント岡本３Ｂ,6580072
9140001116467,株式会社繋ぐコンサルタントオフィス,兵庫県,神戸市東灘区,御影３丁目２番１１号１０２号室,6580047
9140001116509,株式会社浅野,兵庫県,神戸市東灘区,住吉東町４丁目７番２７号,6580052
9140001116525,株式会社ＭＧコーポレーション,兵庫県,神戸市東灘区,御影浜町１番地の７,6580043
9140001116599,株式会社ＳＩＰ,兵庫県,神戸市東灘区,甲南町４丁目７番１３号,6580084
9140001116995,株式会社東光ギケン,兵庫県,神戸市東灘区,岡本４丁目４番６号２０５,6580072
9140001117936,株式会社ＲＩＮＸｓ,兵庫県,神戸市東灘区,住吉東町１丁目６番１７−２０３号,6580052
9140001117960,Ｗａｙ＆Ｔｏ株式会社,兵庫県,神戸市東灘区,森南町１丁目３−１２−２０１,6580011
9140001118050,株式会社愛鴨,兵庫県,神戸市東灘区,岡本２丁目９番３３−１０４号,6580072
9140001118067,株式会社ＮＡＮＡＨＯＳＨＩシステムサービス,兵庫県,神戸市東灘区,魚崎南町４丁目８番１−１０３号,6580025
9140001118488,株式会社ＭＥＴＥＯＲ,兵庫県,神戸市東灘区,本山中町１丁目１６番７号,6580016
9140001118587,株式会社ｂｉｇ　ｂｏｉ　Ｊａｐａｎ,兵庫県,神戸市東灘区,住吉浜町１６番地の３,6580042
9140001119123,Ａｓｉａ　Ｏｎｅ　Ｇｒｏｕｐ株式会社,兵庫県,神戸市東灘区,向洋町中１丁目１７,6580032
9140001119684,株式会社ソレファーム,兵庫県,神戸市東灘区,田中町４丁目２番１４号,6580081
9140001119750,株式会社レナトゥス,兵庫県,神戸市東灘区,魚崎南町５丁目１１番２４−１０６号,6580025
9140001120403,株式会社Ｃｉｅｎｔｏ,兵庫県,神戸市東灘区,本山南町７丁目８番３０−９０４号,6580015
9140001120469,株式会社未来ホームズ,兵庫県,神戸市東灘区,御影塚町３丁目５番１８−２０２号,6580044
9140001120527,株式会社森下商店,兵庫県,神戸市東灘区,青木２丁目３番２１−３０５号,6580027
9140001121145,ビットフロー・マネジメント株式会社,兵庫県,神戸市東灘区,本山南町７丁目８番３０号,6580015
9140001121517,株式会社ＫＺＮ,兵庫県,神戸市東灘区,御影３丁目２７番１−７０１号,6580047
9140001121525,アリエンタ株式会社,兵庫県,神戸市東灘区,向洋町中６丁目９神戸ファッションマート４Ｆ,6580032
9140001121616,株式会社エムアイズ,兵庫県,神戸市東灘区,魚崎南町２丁目１８−１０,6580025
9140001122093,ウエルシー製薬株式会社,兵庫県,神戸市東灘区,御影３丁目２番１１号,6580047
9140001122259,株式会社ＭＩＲＡＹ,兵庫県,神戸市東灘区,向洋町中５丁目１５−１２１４号,6580032
9140001122317,株式会社ミチスジ,兵庫県,神戸市東灘区,御影山手１丁目１９番２−４０６号,6580065
9140001122507,Ｆ企画株式会社,兵庫県,神戸市東灘区,鴨子ケ原２丁目３番２９−４０４号,6580064
9140001123356,株式会社ＣＯＮＴＩＩ,兵庫県,神戸市東灘区,岡本２丁目１１番２５号クリーンハイツ大原１０１号,6580072
9140001123496,株式会社ＪＫＳ,兵庫県,神戸市東灘区,住吉本町２丁目４番１１号１階,6580051
9140001123703,株式会社カモコ,兵庫県,神戸市東灘区,鴨子ケ原１丁目１２番１４号,6580064
9140001124346,株式会社ＨＩＧＨＷＩＮＧ,兵庫県,神戸市東灘区,御影３丁目１３番５号,6580047
9140001124560,株式会社ＹＵＴＵＳ,兵庫県,神戸市東灘区,御影山手４丁目２４−２７,6580065
9140001124684,株式会社オーエイワイ,兵庫県,神戸市東灘区,渦森台３丁目２番１０号,6580066
9140001124866,Ｂｒｉｄｇｅ株式会社,兵庫県,神戸市東灘区,深江北町１丁目１１−７−１０２,6580013
9140001125138,株式会社ｃｈｅｓｔｐａｓｓ,兵庫県,神戸市東灘区,住吉東町３丁目３番２号,6580052
9140001125419,ＭＴメディックス株式会社,兵庫県,神戸市東灘区,向洋町中６丁目３番地の４０,6580032
9140001125625,株式会社グランエスト,兵庫県,神戸市東灘区,向洋町中５丁目１番地５２１号棟７０２号室,6580032
9140001125939,ＢＸＮ株式会社,兵庫県,神戸市東灘区,御影石町４丁目１４−２,6580045
9140001126359,株式会社Ｋ＆Ｋ,兵庫県,神戸市東灘区,本山中町３丁目３番２３号,6580016
9140001127010,ＬＯＣＡＬ　ＶＩＢＥＳ株式会社,兵庫県,神戸市東灘区,住吉宮町４丁目２番５号エイボンビル１階,6580053
9140001127051,株式会社Ｓａｌｔｏ,兵庫県,神戸市東灘区,御影塚町３丁目３番５号西御影グリーンハウス１階Ａ号室,6580044
9140001127365,株式会社ＳｔｅｌｌａＣｌａｓｓｉｃｏ,兵庫県,神戸市東灘区,住吉山手５丁目５−１御影クラシコ１０４,6580063
9140001127902,株式会社ＳＹＭ,兵庫県,神戸市東灘区,向洋町中５丁目１１番地５０２号棟１００４号室,6580032
9140001127992,伊波商事株式会社,兵庫県,神戸市東灘区,渦森台３丁目１４番５号,6580066
9140001128256,株式会社マサル不動産,兵庫県,神戸市東灘区,御影山手５丁目２番１６号シャトー御影２０１号,6580065
9140001128289,株式会社ＷＡＲＡＥＲＵ,兵庫県,神戸市東灘区,向洋町中５丁目１番地５２４号棟１４１０号室,6580032
9140001128306,株式会社ｐｏｌｅ　ｎａ　ｓａｆａｒｉ,兵庫県,神戸市東灘区,鴨子ケ原１丁目２番７号Ｅ−１,6580064
9140001129279,株式会社Ｓ．Ｎ経営労務コンサルティング,兵庫県,神戸市東灘区,本山北町３丁目２番１７−２０１号,6580003
9140001129386,ワイリィ株式会社,兵庫県,神戸市東灘区,岡本６丁目１３番５−２０４号,6580072
9140001130658,株式会社Ｍｉｒａｉ　Ｐｏｃｋｅｔ,兵庫県,神戸市東灘区,岡本１丁目９番２８号谷川ビル３Ｆ,6580072
9140001131367,株式会社オーアルエス,兵庫県,神戸市東灘区,渦森台２丁目１０番２０４号,6580066
9140001131672,ＭＩＲＯ株式会社,兵庫県,神戸市東灘区,御影中町６丁目４−４ダイドーメゾン御影ＩＩ３０７号,6580054
9140001132431,株式会社カドキョー,兵庫県,神戸市東灘区,住吉台２番５０号,6580062
9140001132670,株式会社Ｈｅａｒ２,兵庫県,神戸市東灘区,魚崎北町３丁目１１番１２−２号,6580082
9140001132687,株式会社Ｏｎｃｅ　Ｅｓｔａｔｅ,兵庫県,神戸市東灘区,岡本４丁目９番３０号岡本センチュリーマンション４０１号室,6580072
9140001133140,株式会社リブライト,兵庫県,神戸市東灘区,森北町４丁目２番３１号,6580001
9140001133165,美佳爽日本衛生用品株式会社,兵庫県,神戸市東灘区,向洋町中１丁目１７,6580032
9140001133215,株式会社宗支協,兵庫県,神戸市東灘区,深江北町４丁目１０番１５号,6580013
9140001133909,株式会社東神,兵庫県,神戸市東灘区,御影石町１丁目５番６号,6580045
9140001134064,株式会社デーケン,兵庫県,神戸市東灘区,本山北町１丁目１３−１１,6580003
9140001134089,株式会社フロントロー,兵庫県,神戸市東灘区,魚崎北町４丁目１５番１９号ヴェルティーク住吉川４０４号室,6580082
9140001134155,株式会社Ｎｅｐａ　Ｃｏｎｎｅｃｔ,兵庫県,神戸市東灘区,御影中町１丁目６番６号４Ｆ,6580054
9140001135285,株式会社ｓｙｂａｙａ,兵庫県,神戸市東灘区,御影塚町１丁目５番２３号,6580044
9140001135319,株式会社ＢＣアスクレック,兵庫県,神戸市東灘区,向洋町中６丁目９番地,6580032
9140001135384,アエリアリンク株式会社,兵庫県,神戸市東灘区,向洋町中６丁目９番地６Ｅ−０２,6580032
9140001135888,株式会社Ｌｉｎｋ,兵庫県,神戸市東灘区,深江本町３丁目９番１号深江駅前ビル５０１,6580021
9140001136044,株式会社ＭＯＲＥＴＨＡＮ,兵庫県,神戸市東灘区,青木２丁目２番１−１１０６号,6580027
9140001136077,ライフケア・コネクト株式会社,兵庫県,神戸市東灘区,本山中町４丁目３番９号,6580016
9140001136275,相生エコサービス株式会社,兵庫県,神戸市東灘区,向洋町中２丁目９番地１,6580032
9140001136325,株式会社ＲＥＰＬＡＹ,兵庫県,神戸市東灘区,御影塚町１丁目２番９−３号,6580044
9140001136639,株式会社ＮＫＲ,兵庫県,神戸市東灘区,甲南町２丁目４番１２−５０２号,6580084
9140001136886,株式会社シンツー,兵庫県,神戸市東灘区,住吉東町２丁目４番３４−３０５号,6580052
9140001137026,株式会社ソラノトリ,兵庫県,神戸市東灘区,西岡本１丁目１４番２３−６０１号,6580073
9140001137612,株式会社Ｓｐｒｉｎｇｓ,兵庫県,神戸市東灘区,森南町１丁目１６番１５号,6580011
9140001137752,株式会社ｄｏｔ,兵庫県,神戸市東灘区,向洋町中１丁目１番地１４１号棟３０７号室,6580032
9140001137942,株式会社フォルス,兵庫県,神戸市東灘区,魚崎南町７丁目１２番７号,6580025
9140001137967,株式会社Ｉ．ｂ．ｇａｒａｇｅ,兵庫県,神戸市東灘区,青木５丁目７番１３号,6580027
9140001138206,株式会社キーメドテック,兵庫県,神戸市東灘区,渦森台３丁目４番３号,6580066
9140001138429,長信株式会社,兵庫県,神戸市東灘区,向洋町中１丁目１７番地２９階,6580032
9140001138602,株式会社ＯＭＲ,兵庫県,神戸市東灘区,魚崎北町１丁目１１番２６−１０３号,6580082
9140001138825,株式会社ＢＥＥＣＨ,兵庫県,神戸市東灘区,御影塚町２丁目２５−２３御影シルエラビル４０１,6580044
9140001139063,株式会社ＳＯＵ　ｌｉｆｅ,兵庫県,神戸市東灘区,西岡本３丁目２番１−４０１号,6580073
9140001139807,株式会社アールプラスティ,兵庫県,神戸市東灘区,住吉東町２丁目３番３３−２７０１号,6580052
9140001139815,株式会社あやたか,兵庫県,神戸市東灘区,御影２丁目５番１１号１０１号室,6580047
9140001139939,株式会社まつのや,兵庫県,神戸市東灘区,深江浜町７０番地,6580023
9140001140277,株式会社Ｒａｒｅｌｉｔｈ,兵庫県,神戸市東灘区,住吉本町１丁目６番８号,6580051
9140001140491,株式会社ルミリエ,兵庫県,神戸市東灘区,魚崎北町６丁目１４番２４−１０３号,6580082
9140001140962,株式会社Ｇ１７,兵庫県,神戸市東灘区,岡本１丁目４番２２号オーガニックビル１Ｆ,6580072
9140001141424,株式会社キョウフク,兵庫県,神戸市東灘区,深江南町４丁目１−２Ｆ,6580022
9140001141754,株式会社Ｌｉｎｏ,兵庫県,神戸市東灘区,青木６丁目４−１２,6580027
9140001141993,株式会社ｇｏｅｎ,兵庫県,神戸市東灘区,岡本１丁目１４番１９号,6580072
9140002002237,ＦＴＫエンジニアリング株式会社,兵庫県,神戸市東灘区,御影本町５丁目８番１号,6580046
9140002002831,株式会社インターメディック,兵庫県,神戸市東灘区,住吉本町１丁目１８番５号,6580051
9140002017053,ムサシ電設株式会社,兵庫県,神戸市東灘区,本山中町２丁目１番１４号,6580016
9140002020536,株式会社システム・サポート,兵庫県,神戸市東灘区,田中町３丁目１９番１４号,6580081
9140002021179,株式会社ファームズ,兵庫県,神戸市東灘区,住吉東町１丁目１番７号,6580052
9140002026079,株式会社アーリア物流,兵庫県,神戸市東灘区,魚崎浜町２７番２１号,6580024
9140003005189,株式会社レアリゼ,兵庫県,神戸市東灘区,本庄町２丁目１１番２４−８０４号,6580012
9140003016896,プロレトロＸ株式会社,兵庫県,神戸市東灘区,御影本町８丁目６番１４−１０５号,6580046
9150001020503,株式会社フューチャーブレイン,兵庫県,神戸市東灘区,青木２丁目６番１７−３０２号,6580027
9190001025614,ＰＬＡＮＴＳ　ＤＲＥＡＭ　ＪＡＰＡＮ株式会社,兵庫県,神戸市東灘区,向洋町中６丁目９番地神戸ファッションマート５階ＮＥ−０７,6580032
9220001020025,芳川ロジスティクス株式会社,兵庫県,神戸市東灘区,魚崎西町２丁目１−２０−１０６,6580026
9270001004799,株式会社サクシード,兵庫県,神戸市東灘区,御影中町１丁目８−１８,6580054
9290001046096,西日本明星株式会社,兵庫県,神戸市東灘区,深江浜町３４番地２,6580023
9290003003789,Ｓｏｃｉａｌ　ｃａｐｉｔａｌ株式会社,兵庫県,神戸市東灘区,西岡本４丁目１５番２号,6580073
9320001011360,株式会社なずき,兵庫県,神戸市東灘区,北青木３丁目１３番１０−１０３号,6580014
