法人番号,法人名,都道府県,市区町村,番地,郵便番号
1010401147594,ジャパンアーカイブズ株式会社,兵庫県,芦屋市,緑町５番１９号,6590042
1010501007269,株式会社大和,兵庫県,芦屋市,浜町４番７号,6590025
1011001051781,株式会社ウッドアイ,兵庫県,芦屋市,翠ケ丘町６番１６−１０４号,6590014
1011101057588,株式会社ｆｉｎｏ,兵庫県,芦屋市,業平町６番１１号,6590068
1011701016258,株式会社美塾,兵庫県,芦屋市,松ノ内町４番６−１０７号,6590094
1020001099847,Ｍｏｋｏｓｏｆｔ株式会社,兵庫県,芦屋市,涼風町１７番１０号,6590036
1021001044264,株式会社Ｔｈｅ　Ｍｕｓｉｃ　Ｃｅｎｔｅｒ　Ｊａｐａｎ,兵庫県,芦屋市,東芦屋町３番９号,6590095
1021001069187,アネンティ・セラピューティクス・ジャパン株式会社,兵庫県,芦屋市,山芦屋町４番３号,6590082
1040001033399,株式会社高陵商會,兵庫県,芦屋市,涼風町３０番３４号,6590036
1040001120255,株式会社Ｐｈａｒｍａｐ,兵庫県,芦屋市,若宮町４番地８−１１２号室,6590027
1100001035975,ＣＲＡバイオ株式会社,兵庫県,芦屋市,東芦屋町１３−１３−１０１,6590095
1120001002858,株式会社アタカ商店,兵庫県,芦屋市,打出町６番１６号,6590022
1120001042219,株式会社歌月,兵庫県,芦屋市,岩園町２５番１３号,6590013
1120001063173,レンテンローズ株式会社,兵庫県,芦屋市,船戸町３番６−２０２号,6590093
1120001067083,中実株式会社,兵庫県,芦屋市,大東町８番７号,6590023
1120001109042,ヨリフジ株式会社,兵庫県,芦屋市,呉川町１３番３−２０８号,6590051
1120001130155,株式会社シックス,兵庫県,芦屋市,茶屋之町３番１９号,6590067
1120001140765,株式会社ｏｎｅ,兵庫県,芦屋市,松ノ内町７−１４,6590094
1120001154187,大阪アテンダント株式会社,兵庫県,芦屋市,岩園町１０番７号,6590013
1120001159426,株式会社バンキフ,兵庫県,芦屋市,涼風町３１番１２号,6590036
1120001171372,株式会社５５ＷＯＲＸＸ,兵庫県,芦屋市,浜町１３番３−１１３号,6590025
1120001179250,株式会社ＧＲＡＮＤ　ＳＴＡＧＥ,兵庫県,芦屋市,前田町１０番９号２Ｆ,6590071
1120001180794,株式会社フューチャーバリュウ,兵庫県,芦屋市,浜芦屋町１番８号,6590054
1120001196576,株式会社ＵＮＩＷＯＲＬＤ　ＥＸＰＲＥＳＳ　ＪＡＰＡＮ,兵庫県,芦屋市,翠ケ丘町６−２,6590014
1120001199067,Ｄ−ＭＩＸ株式会社,兵庫県,芦屋市,船戸町５番２６号,6590093
1120001206005,シンリョウライフ株式会社,兵庫県,芦屋市,大原町１３番１号,6590092
1120001207647,株式会社ＨＡＮＪＩＮ　ＴＯＵＲ,兵庫県,芦屋市,楠町１０−２ラジュール芦屋４０３,6590015
1120001208612,ａｍｅｎｉｔｙ　ｌｉｆｅ株式会社,兵庫県,芦屋市,南宮町１７番１４−７号,6590024
1120001236316,株式会社ＣＦＯ,兵庫県,芦屋市,翠ケ丘町１５番１−３０５号,6590014
1120001264861,ＬＡＬＡ株式会社,兵庫県,芦屋市,山手町１７番１４号,6590096
1120101039172,株式会社エム・トレード・プロモーション,兵庫県,芦屋市,大桝町１番２５号,6590066
1120101069797,豊捷株式会社,兵庫県,芦屋市,奥池南町５−６,6590004
1120901016370,株式会社ビジネスプロデュース,兵庫県,芦屋市,西山町４番４号,6590083
1120901020208,井原興産株式会社,兵庫県,芦屋市,大原町５番２４−７０２号,6590092
1120901030041,株式会社エムズ,兵庫県,芦屋市,春日町３番５号,6590021
1120901037937,株式会社ｇｒｏｕｍ　ｄｅｓｉｇｎ,兵庫県,芦屋市,船戸町５番２６号マリアキャリーヌビル,6590093
1120901045865,ジャパンクリプトメリアホールディングス株式会社,兵庫県,芦屋市,山手町３１番３０号,6590096
1122001031440,株式会社ＲＩＢＢＯＮ,兵庫県,芦屋市,浜町１番２６号,6590025
1130001015108,株式会社ディック,兵庫県,芦屋市,岩園町２番７号,6590013
1130001025651,株式会社サイシス,兵庫県,芦屋市,船戸町５番２６号,6590093
1130001069120,株式会社Ａｖａｎｔｉｖｅ,兵庫県,芦屋市,東芦屋町２０−１８Ａ棟,6590095
1140001000050,株式会社アイジーエム,兵庫県,芦屋市,南宮町１番３号,6590024
1140001000100,芦屋都市管理株式会社,兵庫県,芦屋市,船戸町４番１−５０２号,6590093
1140001000109,株式会社芦屋花二,兵庫県,芦屋市,清水町４番７号,6590076
1140001000125,株式会社ＡＢＲＤ商事,兵庫県,芦屋市,岩園町１番７号,6590013
1140001000141,株式会社イクシ,兵庫県,芦屋市,山手町三丁目１番地,6590096
1140001000158,株式会社インシュアランスサービス,兵庫県,芦屋市,松ノ内町１番１０号,6590094
1140001000166,一光開発株式会社,兵庫県,芦屋市,西山町２２番７号,6590083
1140001000174,株式会社今里天晴園,兵庫県,芦屋市,西山町１５番７号,6590083
1140001000182,株式会社ヴィジョン,兵庫県,芦屋市,精道町４番１２号,6590064
1140001000199,株式会社エアフォルク,兵庫県,芦屋市,翠ケ丘町１３番２号,6590014
1140001000208,エフ・エス・アイ・ジャパン株式会社,兵庫県,芦屋市,三条町６番１０号,6590087
1140001000224,株式会社大阪八木,兵庫県,芦屋市,浜芦屋町２番１２号,6590054
1140001000257,関西鍍金株式会社,兵庫県,芦屋市,川西町８番１１号,6590072
1140001000273,株式会社カラッティ,兵庫県,芦屋市,大原町９番１−１０７号,6590092
1140001000315,株式会社クロッシング,兵庫県,芦屋市,上宮川町５−１−２０１,6590061
1140001000356,株式会社近藤建設,兵庫県,芦屋市,若宮町６番５号,6590027
1140001000389,サン・テレホンハウス株式会社,兵庫県,芦屋市,岩園町２４番１８号,6590013
1140001000397,株式会社サンプラス,兵庫県,芦屋市,三条町３２番２号,6590087
1140001000406,猿丸地所株式会社,兵庫県,芦屋市,月若町７番１６号,6590084
1140001000414,株式会社シーカム,兵庫県,芦屋市,大桝町７番２−３０３号,6590066
1140001000430,株式会社自然美,兵庫県,芦屋市,岩園町９番３４号,6590013
1140001000447,株式会社ミュゼオ,兵庫県,芦屋市,業平町７番１４号,6590068
1140001000496,株式会社エーアンドエフアソシエーツ,兵庫県,芦屋市,東山町１２番８号,6590091
1140001000513,株式会社マルナ,兵庫県,芦屋市,津知町５番１５号,6590075
1140001000521,株式会社エネルギーステーション,兵庫県,芦屋市,打出町３番２６−２号,6590022
1140001000538,株式会社辰新,兵庫県,芦屋市,山手町７番４号,6590096
1140001000546,株式会社地球環境改善システム,兵庫県,芦屋市,大桝町１番２５号アクセシオ芦屋,6590066
1140001000554,株式会社壺坂クリーニング工場,兵庫県,芦屋市,茶屋之町１番１７号,6590067
1140001000562,株式会社ディス,兵庫県,芦屋市,浜芦屋町４番２１号,6590054
1140001000570,天忠建物株式会社,兵庫県,芦屋市,春日町１６番６号,6590021
1140001000595,株式会社なかすじ商店,兵庫県,芦屋市,若宮町５番１１号,6590027
1140001000604,株式会社中村泰商店,兵庫県,芦屋市,浜風町８番１９−２号,6590032
1140001000612,西川産業株式会社,兵庫県,芦屋市,松ノ内町３番３２号,6590094
1140001000661,阪神住宅販売株式会社,兵庫県,芦屋市,翠ケ丘町２０番９−５０４号,6590014
1140001000678,彦太株式会社,兵庫県,芦屋市,船戸町１０番５号,6590093
1140001000694,株式会社冨久屋商事,兵庫県,芦屋市,大桝町７番２−５０１号,6590066
1140001000703,株式会社藤野工務店,兵庫県,芦屋市,前田町４番１１号,6590071
1140001000711,株式会社フューチャーインヴェストメント,兵庫県,芦屋市,奥池南町７番１８号,6590004
1140001000736,株式会社ボンテンコーポレーション,兵庫県,芦屋市,西山町１１番８号,6590083
1140001000760,マダム株式会社,兵庫県,芦屋市,岩園町３０番１３号,6590013
1140001000769,株式会社マルユ,兵庫県,芦屋市,船戸町２番１−９０４号,6590093
1140001000777,三木商事株式会社,兵庫県,芦屋市,船戸町９番１７号,6590093
1140001000785,株式会社ミュー・ユウ,兵庫県,芦屋市,東芦屋町２４番２５号,6590095
1140001000802,株式会社メッセインターナショナル,兵庫県,芦屋市,高浜町３番１−１５１２号,6590033
1140001000810,株式会社森本工務店,兵庫県,芦屋市,船戸町１１番１７−１０１号,6590093
1140001000827,株式会社ヤマモト,兵庫県,芦屋市,山芦屋町１１番６−４０４号,6590082
1140001000835,株式会社結城屋樋口,兵庫県,芦屋市,船戸町４番１−４１１号,6590093
1140001000892,株式会社六甲メデイコ,兵庫県,芦屋市,六麓荘町９番１９号,6590011
1140001000901,株式会社神戸れんが亭,兵庫県,芦屋市,西芦屋町７番１１号,6590085
1140001001627,三洋運輸株式会社,兵庫県,芦屋市,岩園町４９番７号,6590013
1140001009174,株式会社高翔,兵庫県,芦屋市,業平町３番６号１階,6590068
1140001009620,東洋産商株式会社,兵庫県,芦屋市,奥池町２７番１号,6590003
1140001009959,日荘工務株式会社,兵庫県,芦屋市,宮塚町１２番２１号,6590062
1140001015494,株式会社メイクバース,兵庫県,芦屋市,三条町３４番７号１０３号,6590087
1140001016798,株式会社フルヤ,兵庫県,芦屋市,朝日ケ丘町３６番１２号,6590012
1140001019009,株式会社ＫＨＫ　ｅ−ＴＥＣＨ,兵庫県,芦屋市,西蔵町５番５号,6590026
1140001019504,株式会社ケイ・インターナショナル,兵庫県,芦屋市,大原町１５−１６,6590092
1140001019611,株式会社アーズ,兵庫県,芦屋市,業平町１番２０号,6590068
1140001020032,株式会社ウォーキングトレンズ・インターナショナル,兵庫県,芦屋市,平田町２番７−７０３号,6590074
1140001020354,株式会社ライフワールド,兵庫県,芦屋市,東山町１３番５号,6590091
1140001020429,株式会社福祉プロジェクト,兵庫県,芦屋市,若葉町４番１−１９１１号,6590041
1140001021121,ミウラ不動産株式会社,兵庫県,芦屋市,三条町７番５号,6590087
1140001021253,株式会社ユニツク,兵庫県,芦屋市,大原町２１−１５−４０１,6590092
1140001022730,株式会社ダイナミクス,兵庫県,芦屋市,呉川町１８番２−２１１号,6590051
1140001022813,株式会社兼常コーポレーション,兵庫県,芦屋市,岩園町２２番３３号,6590013
1140001023068,マーブル株式会社,兵庫県,芦屋市,東山町５−１４リアライズ芦屋東山１Ｆ,6590091
1140001023084,株式会社ｓｙｎｃ　Ｊａｐａｎ,兵庫県,芦屋市,翠ケ丘町１９番８−４０２号,6590014
1140001023142,株式会社ローゲンマイヤー,兵庫県,芦屋市,船戸町２番１号,6590093
1140001023456,スティックス株式会社,兵庫県,芦屋市,大東町１４番３号,6590023
1140001023596,株式会社アンテリーベ,兵庫県,芦屋市,大原町５−２ポトラビル１Ｆ,6590092
1140001023778,芦屋ホームサービス株式会社,兵庫県,芦屋市,東芦屋町１番９−１０６号,6590095
1140001024157,株式会社Ｏｈ,兵庫県,芦屋市,川西町４番４号,6590072
1140001024586,マイクロコーテック株式会社,兵庫県,芦屋市,精道町２番１９号,6590064
1140001024768,株式会社パークダイアモンド,兵庫県,芦屋市,奥池南町１９番１０号,6590004
1140001024834,株式会社アイ・キューブ,兵庫県,芦屋市,打出小槌町８番１５号２階,6590028
1140001024891,難波振興株式会社,兵庫県,芦屋市,茶屋之町８番１２−２０３号,6590067
1140001024917,日乃出商事株式会社,兵庫県,芦屋市,岩園町９番１号,6590013
1140001024990,株式会社ビバリーホールディングス,兵庫県,芦屋市,平田町４番３３号,6590074
1140001025056,株式会社日本建装,兵庫県,芦屋市,打出町５番１５号,6590022
1140001025196,株式会社Ｉｍｐｉａｎａ,兵庫県,芦屋市,打出町３番１２号,6590022
1140001025493,株式会社センチュリー,兵庫県,芦屋市,東山町７番２１号,6590091
1140001025691,株式会社ＫＡＹコーポレーション,兵庫県,芦屋市,山手町１３番５−３０２号,6590096
1140001025741,神戸プロパティ株式会社,兵庫県,芦屋市,親王塚町９番９号,6590016
1140001026005,株式会社アイ・エム・イー,兵庫県,芦屋市,奥池南町４８番４号,6590004
1140001026228,株式会社ＫＩＺＵＮＡ,兵庫県,芦屋市,大原町２８番１６−３０１号,6590092
1140001026269,株式会社タケウチ企画,兵庫県,芦屋市,東山町２６番２２号,6590091
1140001026376,アシヤトレーディング株式会社,兵庫県,芦屋市,三条町２３番１６号,6590087
1140001026418,株式会社ジョイアンドサンクス,兵庫県,芦屋市,大原町２６番９号,6590092
1140001026525,株式会社メイピース,兵庫県,芦屋市,茶屋之町２番２１号,6590067
1140001026541,株式会社ＳＤＰ,兵庫県,芦屋市,船戸町３番６−１０１号,6590093
1140001026566,株式会社ヤッホ,兵庫県,芦屋市,陽光町３番３１号,6590034
1140001026748,株式会社ビクトリヤビル,兵庫県,芦屋市,山芦屋町１６番１７号,6590082
1140001027374,株式会社マスト,兵庫県,芦屋市,宮塚町１番８号,6590062
1140001027440,株式会社芦屋クリスチャンセンター,兵庫県,芦屋市,平田北町１番２号,6590073
1140001027671,芦屋Ｙ’ｓカンパニー株式会社,兵庫県,芦屋市,親王塚町１４番１４号,6590016
1140001027696,レア株式会社,兵庫県,芦屋市,松ノ内町３番１４−２０３号,6590094
1140001027812,株式会社オフィスゼロ,兵庫県,芦屋市,岩園町２８番２４−１０１号,6590013
1140001027911,株式会社ＲＩＶＥＲ　ＮＯＲＴＨ,兵庫県,芦屋市,業平町２番８−３０１号,6590068
1140001027993,株式会社イフラヴァ,兵庫県,芦屋市,宮塚町１７番３号,6590062
1140001028158,株式会社志進,兵庫県,芦屋市,宮川町２番１２号,6590063
1140001028216,株式会社アルフェコ,兵庫県,芦屋市,楠町１５番７号,6590015
1140001028249,株式会社小槌本舗,兵庫県,芦屋市,楠町８番１６号,6590015
1140001028414,株式会社ライト・コーポレーション,兵庫県,芦屋市,松浜町７番２７−２０１号,6590053
1140001028430,株式会社ジェイク,兵庫県,芦屋市,東山町５番１４号カウム芦屋２階Ｅ号,6590091
1140001028439,エムアンドパートナーズ株式会社,兵庫県,芦屋市,打出町２−１６,6590022
1140001028653,株式会社吉田企画,兵庫県,芦屋市,浜風町２４番１０号,6590032
1140001029288,株式会社スタジオユー,兵庫県,芦屋市,山芦屋町８番１０号,6590082
1140001029387,株式会社田渕ランドリー,兵庫県,芦屋市,大原町２番６−１２５号,6590092
1140001029560,株式会社カレント,兵庫県,芦屋市,川西町４番２号,6590072
1140001029965,株式会社ハリジェンヌ,兵庫県,芦屋市,大原町２８番１号パルティー芦屋２Ｆ,6590092
1140001030213,株式会社ジェイワークス,兵庫県,芦屋市,宮川町１番１５号,6590063
1140001030238,株式会社ティーアンドエヌピー,兵庫県,芦屋市,三条町２３番３号,6590087
1140001030295,株式会社ＰＲコーポレーション,兵庫県,芦屋市,公光町９番７号,6590065
1140001030873,株式会社中央通信社,兵庫県,芦屋市,精道町３番２０号,6590064
1140001030907,アドインプルーヴ株式会社,兵庫県,芦屋市,大東町１８番６−９０４号,6590023
1140001030997,株式会社ディメンション,兵庫県,芦屋市,奥山１５番２０９号,6590002
1140001031005,株式会社グローバルプランマネジメント,兵庫県,芦屋市,打出小槌町１１番１０号,6590028
1140001031789,ポートノアール株式会社,兵庫県,芦屋市,春日町１番１５号フリックコート１Ｆ,6590021
1140001032143,株式会社蔵上人,兵庫県,芦屋市,親王塚町９−９,6590016
1140001032192,株式会社みらいサポート,兵庫県,芦屋市,東山町１４番１９−１号,6590091
1140001032250,株式会社東洋インターナショナル,兵庫県,芦屋市,宮塚町１１番１７−２０１号,6590062
1140001032275,ヒラックス株式会社,兵庫県,芦屋市,岩園町１番１５号,6590013
1140001032465,Ｄｉｖｉｎｅ　ｓｐａｒｋ株式会社,兵庫県,芦屋市,高浜町５番２−１４１２号,6590033
1140001032515,株式会社綜食,兵庫県,芦屋市,山手町３１番３０号,6590096
1140001033579,株式会社自然の恵み,兵庫県,芦屋市,大東町１０−１４,6590023
1140001033711,Ａ−ＴＩＣ株式会社,兵庫県,芦屋市,浜芦屋町７番８号,6590054
1140001033827,株式会社エフトラスト,兵庫県,芦屋市,大桝町７番９−２０１号,6590066
1140001033901,株式会社大和アスカ,兵庫県,芦屋市,朝日ケ丘町８番７−６０６号,6590012
1140001034180,Ｐ．Ｄ．Ｐ株式会社,兵庫県,芦屋市,三条南町１１番８−Ｂ,6590086
1140001034305,株式会社ポラリス,兵庫県,芦屋市,西山町２１番１７−４０３号,6590083
1140001034338,芦屋リモデリング株式会社,兵庫県,芦屋市,南宮町１番１６号,6590024
1140001034370,株式会社ＭＹＳ,兵庫県,芦屋市,若宮町５番１５号,6590027
1140001037489,株式会社グリシーヌ,兵庫県,芦屋市,大桝町１番２５号,6590066
1140001038066,大広商事株式会社,兵庫県,芦屋市,楠町１０番２−３０２号,6590015
1140001042398,株式会社イケシン,兵庫県,芦屋市,緑町５番２号,6590042
1140001042407,株式会社ブレインズ,兵庫県,芦屋市,松浜町１６番２２号,6590053
1140001047216,株式会社ＫＩＷＡＭＩ,兵庫県,芦屋市,海洋町５番３０号,6590035
1140001051267,真下王冠工業株式会社,兵庫県,芦屋市,朝日ケ丘町３４番７号,6590012
1140001054154,株式会社エムツウ,兵庫県,芦屋市,朝日ケ丘町１４−８芦屋ガーデンヒルズ４０９号,6590012
1140001057116,株式会社日新鉱産,兵庫県,芦屋市,南宮町２番６号,6590024
1140001067362,株式会社大吉,兵庫県,芦屋市,大東町８番５−１１５号,6590023
1140001067701,株式会社シーホーク,兵庫県,芦屋市,朝日ケ丘町１４番１−６０１号,6590012
1140001067726,株式会社ルナグランデ,兵庫県,芦屋市,業平町２番１０号芦屋濱口ビル２階,6590068
1140001068617,株式会社光永,兵庫県,芦屋市,朝日ケ丘町１４番５−４０４号,6590012
1140001071843,株式会社神戸春秋,兵庫県,芦屋市,南宮町１７番３１−２号,6590024
1140001074672,株式会社プロ・クエスト,兵庫県,芦屋市,朝日ケ丘町１５番１０−８３４号,6590012
1140001080737,株式会社三浦理化,兵庫県,芦屋市,大東町１８番６−１１１９号,6590023
1140001085843,株式会社ワイ・エム淡路,兵庫県,芦屋市,西芦屋町７番１１−３０４号,6590085
1140001086453,株式会社ぷらす・あるふぁ,兵庫県,芦屋市,涼風町９番１３号,6590036
1140001086800,株式会社カストロ,兵庫県,芦屋市,宮川町８番１９号,6590063
1140001086916,株式会社アンシン,兵庫県,芦屋市,松ノ内町３番７−４０７号,6590094
1140001087096,株式会社ＹＵＮＡ　ＳＴＹＬＥ,兵庫県,芦屋市,大原町２５番１３号,6590092
1140001088053,株式会社ティー・エフ,兵庫県,芦屋市,浜町９番８号,6590025
1140001088441,株式会社橋本,兵庫県,芦屋市,松浜町２番４号,6590053
1140001088763,株式会社ｍａｍａｎ　ｙｕｋｉリテールサービス,兵庫県,芦屋市,公光町２番３号,6590065
1140001088994,エスエーホーム株式会社,兵庫県,芦屋市,陽光町８番２０−１１０２号,6590034
1140001089877,株式会社ヴェルディーク,兵庫県,芦屋市,茶屋之町９番９号１階,6590067
1140001090496,株式会社Ｒｅ,兵庫県,芦屋市,業平町５番２号芦屋ハウス４Ｆ,6590068
1140001090942,株式会社ｅａｒｔｈ　ｗａｌｋ　ｒｅｐｕｂｌｉｃ,兵庫県,芦屋市,朝日ケ丘町１７番２９−５号,6590012
1140001092204,メープルハウス株式会社,兵庫県,芦屋市,翠ケ丘町１９番６−４０８号,6590014
1140001092419,株式会社ネクスト動物病院,兵庫県,芦屋市,川西町３番１５号,6590072
1140001092773,小林管財株式会社,兵庫県,芦屋市,楠町１２番２１号,6590015
1140001093111,株式会社ホームラボ,兵庫県,芦屋市,朝日ケ丘町１０番３１−２０３号,6590012
1140001093706,株式会社Ｕ．Ｓ．Ｂｕｌｌ,兵庫県,芦屋市,船戸町５番１３号,6590093
1140001094150,株式会社Ｋ＆Ｋ,兵庫県,芦屋市,松ノ内町５番６号クレッソンコート芦屋Ｃ,6590094
1140001094381,ベアーハグ株式会社,兵庫県,芦屋市,緑町５番３号,6590042
1140001094571,株式会社Ａｍｏｒ,兵庫県,芦屋市,船戸町５番５号３０１,6590093
1140001094745,株式会社アルマ,兵庫県,芦屋市,浜風町５番５号,6590032
1140001095264,株式会社リトスリジエル,兵庫県,芦屋市,西芦屋町６番１９号,6590085
1140001095520,株式会社カレプロ,兵庫県,芦屋市,三条南町４番１号,6590086
1140001096007,株式会社あんどう美容研究所,兵庫県,芦屋市,業平町４番１０号,6590068
1140001096015,株式会社ＳＴＥＬＬＡ・ＭＡＲＩＳ,兵庫県,芦屋市,東山町２番７号３０１,6590091
1140001096452,株式会社アルフェコ,兵庫県,芦屋市,浜風町１１番２１号,6590032
1140001098366,株式会社ＣＲＯＳＳ　ＬＩＮＫ,兵庫県,芦屋市,精道町２番４号,6590064
1140001098738,株式会社カラーズ,兵庫県,芦屋市,翠ケ丘町２２番１９−１号,6590014
1140001098754,奏音株式会社,兵庫県,芦屋市,松ノ内町３番地７,6590094
1140001099050,株式会社キジシロ,兵庫県,芦屋市,奥山１１番地セランジュ芦屋山手２０１号,6590002
1140001099397,株式会社アイワイエス,兵庫県,芦屋市,親王塚町１２番１８号,6590016
1140001100197,株式会社ハウジング岡本,兵庫県,芦屋市,翠ケ丘町８番２号,6590014
1140001100429,株式会社エチュード,兵庫県,芦屋市,朝日ケ丘町７番１５−６０８号,6590012
1140001101360,株式会社フジマイルソーレ,兵庫県,芦屋市,公光町８番１８号,6590065
1140001101740,株式会社Ｒｙｕｏｅｎｔ,兵庫県,芦屋市,山手町３３番６号,6590096
1140001101947,ジャパンアグリコーラ株式会社,兵庫県,芦屋市,朝日ケ丘町１４番１−１０６号,6590012
1140001102301,株式会社プロペラ,兵庫県,芦屋市,打出小槌町８番２−１号,6590028
1140001103035,株式会社エステート神戸,兵庫県,芦屋市,岩園町４５番１４号,6590013
1140001103448,株式会社ランコントレ,兵庫県,芦屋市,川西町８番３号３０３号室,6590072
1140001103539,株式会社ヴェヌス,兵庫県,芦屋市,岩園町２番９号,6590013
1140001103571,株式会社コナンカンパニー,兵庫県,芦屋市,船戸町３番２号,6590093
1140001103737,株式会社ＴＳＡ,兵庫県,芦屋市,朝日ケ丘町８番９−７０２号,6590012
1140001104099,株式会社Ｋｅｙｓｔｏｎｅ,兵庫県,芦屋市,翠ケ丘町４番８号,6590014
1140001104371,株式会社こみわら,兵庫県,芦屋市,岩園町２９番７号,6590013
1140001104421,株式会社エスモーズ,兵庫県,芦屋市,西山町１９番１２−４０２号,6590083
1140001104644,株式会社健康科学研究所,兵庫県,芦屋市,岩園町２番９号,6590013
1140001104818,株式会社ドリームメーカー,兵庫県,芦屋市,大原町１１番２４号,6590092
1140001105865,株式会社ＴＫオフィス,兵庫県,芦屋市,平田北町４番４−２０３号,6590073
1140001106491,株式会社かわさきメディカル,兵庫県,芦屋市,松ノ内町２番２１号,6590094
1140001107127,株式会社タリーズ,兵庫県,芦屋市,涼風町１８番３号,6590036
1140001107309,株式会社ＷＪ,兵庫県,芦屋市,奥池南町２２番１１号,6590004
1140001107754,株式会社ガルツ,兵庫県,芦屋市,打出小槌町１番１０号,6590028
1140001107762,ＰＡＶＣＯ　ＪＡＰＡＮ株式会社,兵庫県,芦屋市,業平町７番１４号,6590068
1140001108018,株式会社ナカタニ,兵庫県,芦屋市,大原町２４番１４号,6590092
1140001108199,株式会社クライム,兵庫県,芦屋市,川西町３番地６号４０７号室,6590072
1140001108736,マーブルスター株式会社,兵庫県,芦屋市,東山町５−１４リアライズ芦屋東山１Ｆ,6590091
1140001109437,オンリーワンプロモーション株式会社,兵庫県,芦屋市,翠ケ丘町１３−２−Ｃ,6590014
1140001110097,株式会社ＡｒｓＬｕｘ,兵庫県,芦屋市,山手町２３番３号,6590096
1140001110592,株式会社ＮＯＳＥコーポレーション,兵庫県,芦屋市,大原町１２番１６号,6590092
1140001110691,株式会社Ｊ＆Ｉ,兵庫県,芦屋市,浜町２−１４−１Ｆ,6590025
1140001110782,力拓貿易株式会社,兵庫県,芦屋市,奥池南町１０番１号,6590004
1140001111252,株式会社マイティー,兵庫県,芦屋市,春日町１番１２号,6590021
1140001111368,株式会社Ｋ．Ｉ．Ｈ．Ｉ,兵庫県,芦屋市,岩園町４５番１号ＴＨＵＬＥ・ＤＯＵＸ♯２０２,6590013
1140001111418,株式会社Ｄｅｃｏｌｌｔｅ　Ｗｅｄｄｉｎｇ,兵庫県,芦屋市,大桝町１番２５号アクセシオ芦屋３Ｆ,6590066
1140001111748,株式会社御生,兵庫県,芦屋市,精道町１１番１５号,6590064
1140001111871,株式会社惺夏,兵庫県,芦屋市,東山町１４番２−１号,6590091
1140001111979,株式会社中瀛國際,兵庫県,芦屋市,高浜町５番２−１５２３号,6590033
1140001112226,株式会社Ｍ−Ｓｔｙｌｅ,兵庫県,芦屋市,朝日ケ丘町３１番２０−３号,6590012
1140001112234,株式会社Ｈ＆Ｂホールディングス,兵庫県,芦屋市,涼風町２５−１０,6590036
1140001112663,株式会社ミーティア,兵庫県,芦屋市,楠町１５番７号３Ｆ,6590015
1140001112671,こころ株式会社,兵庫県,芦屋市,高浜町９番２,6590033
1140001114305,ＯＬＬ　ＤＥＺＡ株式会社,兵庫県,芦屋市,茶屋之町１１番１１号,6590067
1140001114734,株式会社Ｈｉ　ＢＯＬＡＮＧＥ,兵庫県,芦屋市,松ノ内町３番１４号,6590094
1140001115245,株式会社中島商事,兵庫県,芦屋市,南浜町１０番２２号,6590037
1140001117662,株式会社ヘリオスネット,兵庫県,芦屋市,高浜町４番２−５３２号,6590033
1140001118561,ＪＡＰＡＮ　ＨＩＭＡＬＡＹＡ　ＬＥＡＧＵＥ株式会社,兵庫県,芦屋市,業平町５−２０,6590068
1140001118594,株式会社橘,兵庫県,芦屋市,業平町４番１−５０３号,6590068
1140001118801,株式会社ニューラルポート,兵庫県,芦屋市,岩園町１−８パルティ芦屋ＩＩ２Ｆ,6590013
1140001119691,株式会社ＳＫ,兵庫県,芦屋市,打出町７番６号,6590022
1140001119733,ママリュクスジャパン株式会社,兵庫県,芦屋市,業平町６番１６号,6590068
1140001119774,株式会社無制限,兵庫県,芦屋市,浜芦屋町３番１５−５０５号,6590054
1140001119865,ｅｚｌｉｎｋｓ株式会社,兵庫県,芦屋市,打出小槌町３番１０−２０１号,6590028
1140001120328,株式会社日本認知症センター,兵庫県,芦屋市,打出小槌町１２番６−５０２号,6590028
1140001120476,エイチプラスセブン株式会社,兵庫県,芦屋市,大桝町１番１８号,6590066
1140001120732,株式会社バイオシリカテック,兵庫県,芦屋市,船戸町５番２６号,6590093
1140001120872,ＷＩＬＬ株式会社,兵庫県,芦屋市,平田町１番１０号,6590074
1140001121350,あずき株式会社,兵庫県,芦屋市,三条町２５番３号,6590087
1140001121879,株式会社エム・ワイ・ティ経営パートナー事務所,兵庫県,芦屋市,松浜町２番９−２号,6590053
1140001122027,ａＸｅ　ｕｎｌｉｍｉｔｅＤ株式会社,兵庫県,芦屋市,親王塚町１１番３８号,6590016
1140001122456,株式会社ＴＭＣインターナショナル,兵庫県,芦屋市,朝日ケ丘町２４−１２,6590012
1140001122472,株式会社ＩＳ　ＬＩＳＴ,兵庫県,芦屋市,潮見町１７番９号,6590043
1140001123149,株式会社Ｋａｌｅｋｏｎａ,兵庫県,芦屋市,上宮川町１番５号,6590061
1140001123165,株式会社Ｋ’ｓ　ｍａｎａｇｅｍｅｎｔ,兵庫県,芦屋市,岩園町２２番２３号,6590013
1140001123669,あき株式会社,兵庫県,芦屋市,大原町２３番１号,6590092
1140001123792,シーエス興産株式会社,兵庫県,芦屋市,岩園町４３番３号,6590013
1140001124717,株式会社Ａｓｈｉｙａファイバーズーム,兵庫県,芦屋市,松浜町１５番１５−２０１号,6590053
1140001125500,ファクトリー株式会社,兵庫県,芦屋市,山手町１１番４１−８０５号,6590096
1140001125517,スリーメディカル株式会社,兵庫県,芦屋市,三条南町７番６号,6590086
1140001125541,株式会社Ｑｕｏｌｉｓ,兵庫県,芦屋市,船戸町５番２６号,6590093
1140001125640,株式会社ＪＭＫ,兵庫県,芦屋市,呉川町５番１４−４０２号,6590051
1140001125789,株式会社ｕｔａ,兵庫県,芦屋市,船戸町６−１９,6590093
1140001125822,株式会社ＬＩＴ,兵庫県,芦屋市,伊勢町３番２０号イセハウス,6590052
1140001125921,株式会社ＤＡＶＡＲＳ,兵庫県,芦屋市,大東町３番１７号２０１号室,6590023
1140001126507,株式会社竹園ファシリティズ,兵庫県,芦屋市,岩園町３７番１７号,6590013
1140001126614,さくらカンパニー株式会社,兵庫県,芦屋市,上宮川町１−２０,6590061
1140001126820,株式会社ＡＳＵＥＴＯ．,兵庫県,芦屋市,東芦屋町１６番５５−１０１号,6590095
1140001126993,株式会社かもめオフィス,兵庫県,芦屋市,大東町１８番６−８０１号,6590023
1140001127257,株式会社ギャルソン,兵庫県,芦屋市,茶屋之町１０−５,6590067
1140001128503,エイチプラス１４株式会社,兵庫県,芦屋市,大桝町１番１８号,6590066
1140001128610,株式会社百式住宅総合,兵庫県,芦屋市,朝日ケ丘町７番７号,6590012
1140001128701,株式会社ロシェコンサルティング,兵庫県,芦屋市,朝日ケ丘町１７番２１号,6590012
1140001129410,株式会社タカラシャルマン,兵庫県,芦屋市,松ノ内町３番２９号,6590094
1140001129690,株式会社喜もの,兵庫県,芦屋市,親王塚町１２番１７号,6590016
1140001129724,株式会社エムズカンパニー,兵庫県,芦屋市,呉川町１７番９−４０１号,6590051
1140001129939,株式会社ＴＯＨＯ　ＣＲＥＡＴＥ,兵庫県,芦屋市,陽光町８−２０エスリード芦屋２０６号,6590034
1140001130120,Ｇｌｕｅｂｕｌｌ株式会社,兵庫県,芦屋市,松浜町５番１５−７１０号,6590053
1140001130434,株式会社加藤,兵庫県,芦屋市,船戸町５−１８−１０４,6590093
1140001130442,株式会社ミニマム,兵庫県,芦屋市,山手町１３番２−２号,6590096
1140001130698,株式会社プライモーディアル,兵庫県,芦屋市,呉川町６番２０号,6590051
1140001130772,芦屋よふき不動産株式会社,兵庫県,芦屋市,西山町４番４−１０１号,6590083
1140001131928,株式会社ブイヨン,兵庫県,芦屋市,翠ケ丘町１９番２−２０１号,6590014
1140001131960,株式会社アンドビー,兵庫県,芦屋市,茶屋之町７番１３−２０３号,6590067
1140001132240,株式会社ステキな画と音,兵庫県,芦屋市,三条南町５番１０−２０６号,6590086
1140001132298,株式会社ラウンドラクーン,兵庫県,芦屋市,朝日ケ丘町２８番２３号,6590012
1140001132380,株式会社芦屋総合企画,兵庫県,芦屋市,三条南町１番５号南棟,6590086
1140001132538,株式会社ＴＨＲＥＥ　ＨＯＬＤＩＮＧＳ,兵庫県,芦屋市,浜芦屋町２番８号,6590054
1140001132884,株式会社ＫＳＫ,兵庫県,芦屋市,奥山１番地の２８,6590002
1140001134022,株式会社ビーズファクトリー,兵庫県,芦屋市,東芦屋町２３番５−１号,6590095
1140001134047,株式会社芦屋リムジンサービス,兵庫県,芦屋市,陽光町６番６−１２０４号,6590034
1140001134716,株式会社ＯＨＩＮＡ,兵庫県,芦屋市,船戸町６―１９,6590093
1140001135202,株式会社フジックス,兵庫県,芦屋市,岩園町１５番１８−２号,6590013
1140001135417,株式会社リュクスリアルティ,兵庫県,芦屋市,宮塚町１５番４−１号２階,6590062
1140001136233,株式会社ＲＯＯＴＳ‐ｓｅｒｅｎｄｉｐｉｔｙ,兵庫県,芦屋市,津知町８番７号,6590075
1140001136373,株式会社維翔,兵庫県,芦屋市,朝日ケ丘町１８番３号,6590012
1140001136456,詮金トレーディング株式会社,兵庫県,芦屋市,月若町７番１８−６号２０２号,6590084
1140001136836,株式会社ホームガード,兵庫県,芦屋市,大原町１１番２４号ラポルテ北館２階,6590092
1140001137264,株式会社Ｗｅｂたん,兵庫県,芦屋市,朝日ケ丘町８番１８−１１６号,6590012
1140001137850,ＳＵＶＩＡ株式会社,兵庫県,芦屋市,山芦屋町１３−９−１０１号室,6590082
1140001137909,株式会社Ｄｅｅｐｎｏａ,兵庫県,芦屋市,船戸町５番２６号,6590093
1140001139145,株式会社フェアリーズ,兵庫県,芦屋市,浜芦屋町３番５−２０４号,6590054
1140001139228,株式会社Ｋ　ＷＩＮＧ,兵庫県,芦屋市,東芦屋町２５番３９号,6590095
1140001140111,Ｔ’ｓ　Ａｇｅｎｃｙ株式会社,兵庫県,芦屋市,岩園町２３番４５号シャトル岩園３０３号室,6590013
1140001140549,株式会社サンメイ,兵庫県,芦屋市,西山町１４番１号,6590083
1140001141126,株式会社ＨＡＲＰＥＲ・ＭＩＲＡＩ,兵庫県,芦屋市,涼風町１８−９,6590036
1140001141258,株式会社ｓｔａｎｄｏｕｔ,兵庫県,芦屋市,宮塚町３番４号ＡＩ宮川ビル１０２,6590062
1140001141646,株式会社ＷＯＲＬＤ　ＧＡＴＥ,兵庫県,芦屋市,呉川町１５番３号１Ｆ,6590051
1140001141654,株式会社Ｐｌｕｓ‐ｋｎｏｔ,兵庫県,芦屋市,西芦屋町８番１９号３０１,6590085
1140002019239,株式会社ディー・ジェイ・エフ,兵庫県,芦屋市,業平町７番１４号,6590068
1140003004116,株式会社芦屋興産,兵庫県,芦屋市,翠ケ丘町１０番１４号,6590014
1140003006459,株式会社アストライアー,兵庫県,芦屋市,三条南町１４番５号,6590086
1140003009247,株式会社トラス,兵庫県,芦屋市,宮川町８番４号,6590063
1140003009750,ティーアール株式会社,兵庫県,芦屋市,宮塚町１３番２０号,6590062
1140003014395,マーウェン株式会社,兵庫県,芦屋市,奥池南町３３番５号,6590004
1170001016135,ＳＯＬＥ株式会社,兵庫県,芦屋市,親王塚町５番１７号,6590016
1180001059100,株式会社データプラネット,兵庫県,芦屋市,山芦屋町２７番１４号,6590082
1290001091760,エンフーズジャパン株式会社,兵庫県,芦屋市,浜町４番４号,6590025
1370001024266,株式会社Ｙｕａｉ　Ｔｒａｄｅ,兵庫県,芦屋市,船戸町１１−１７サンハイツ船戸３０３,6590093
1430001039902,ＦＭネットワーク・エンタープライズ株式会社,兵庫県,芦屋市,宮塚町１３番３号,6590062
2010001121569,Ｌ＆ｃｏｃｏ株式会社,兵庫県,芦屋市,山手町三丁目３７番地シャンボール芦屋川１０３号,6590096
2010001205421,株式会社Ｍｅｒａｖｉｇｌｉａ　Ｌａ　Ｖｅｒｉｔａ,兵庫県,芦屋市,涼風町６番８号,6590036
2010401078566,株式会社ひばり,兵庫県,芦屋市,朝日ケ丘町１１番３−４０３号,6590012
2010401103241,株式会社トップオブボイスカンパニー,兵庫県,芦屋市,打出小槌町１０−２芦屋レジデンス３０３,6590028
2010401143205,株式会社コンシャスジャパン,兵庫県,芦屋市,朝日ケ丘町８番１８−３０２号,6590012
2010501045887,ＭＩ株式会社,兵庫県,芦屋市,船戸町１２番６−３０４号,6590093
2010901010334,株式会社ファーストウッド・エンターテインメント,兵庫県,芦屋市,平田町２−７−６０１,6590074
2011001154154,株式会社Ｂｕｉｌｍｏ,兵庫県,芦屋市,親王塚町６番１号,6590016
2011401011905,オフコ・オリエンタルフーズ株式会社,兵庫県,芦屋市,大原町１３番１７号,6590092
2013201017685,株式会社六角形,兵庫県,芦屋市,打出小槌町６番９−４０４号,6590028
2020001107146,箱根・熱海不動産管理株式会社,兵庫県,芦屋市,東芦屋町３番７号,6590095
2030001039801,株式会社エスケイテック,兵庫県,芦屋市,朝日ケ丘町１５番１０−６０４号,6590012
2120001035816,株式会社トップステージ,兵庫県,芦屋市,朝日ケ丘町２９−１８−Ｃ１０１,6590012
2120001044040,株式会社サンライブ,兵庫県,芦屋市,高浜町２番２−５１２号,6590033
2120001055376,サツキ興産株式会社,兵庫県,芦屋市,朝日ケ丘町２番１６号,6590012
2120001077577,山一機業株式会社,兵庫県,芦屋市,東芦屋町２０番３号,6590095
2120001079854,笹岡薬品株式会社,兵庫県,芦屋市,業平町６番３４−２０２,6590068
2120001081281,株式会社ジャイカム・パシフィック,兵庫県,芦屋市,楠町１６番１８−１０３号,6590015
2120001086306,株式会社ナンバ八田屋,兵庫県,芦屋市,朝日ケ丘町８番７−３１５号,6590012
2120001091256,山一エンタープライズ株式会社,兵庫県,芦屋市,松ノ内町６番１０号,6590094
2120001091264,株式会社船場クマノ,兵庫県,芦屋市,朝日ケ丘町３７番２１号,6590012
2120001106286,美貴貿易株式会社,兵庫県,芦屋市,東山町１４番２−１号,6590091
2120001111872,株式会社トレド,兵庫県,芦屋市,岩園町３６番４号,6590013
2120001116351,株式会社ウィルビィ,兵庫県,芦屋市,浜芦屋町１０番１０号,6590054
2120001116401,株式会社サンメイア,兵庫県,芦屋市,涼風町１９番２１号,6590036
2120001118397,株式会社アテナグローバルインク,兵庫県,芦屋市,岩園町１９番８号,6590013
2120001126598,ＨＲマネジメント株式会社,兵庫県,芦屋市,岩園町２２番５７号,6590013
2120001127290,ランドスケープアーキテクチャー株式会社,兵庫県,芦屋市,前田町６番６−１０２号,6590071
2120001161083,Ｍ‐ｓｔｙｌｅ株式会社,兵庫県,芦屋市,奥池町５番５号,6590003
2120001167980,株式会社オビワン,兵庫県,芦屋市,公光町１０番１７号オルヴィスビルＩＩ３Ｆ,6590065
2120001172816,株式会社悠錦,兵庫県,芦屋市,東山町５番１４号カウム芦屋１階,6590091
2120001185867,ＫＯＡ　Ｐｒｏｄｕｃｔｉｏｎ株式会社,兵庫県,芦屋市,奥池町１６番１４号,6590003
2120001198919,ＪＩインターナショナル株式会社,兵庫県,芦屋市,東山町２９−２４,6590091
2120001205583,Ｗｏｎｄｅｒ　Ｐｌｕｓ株式会社,兵庫県,芦屋市,船戸町３−２４−２,6590093
2120001218973,株式会社２４,兵庫県,芦屋市,岩園町３１番２０号,6590013
2120001225268,和香イマール株式会社,兵庫県,芦屋市,大東町１０番１０号,6590023
2120001229087,株式会社春風,兵庫県,芦屋市,岩園町４９番４０号,6590013
2120001234005,リシェナチュール株式会社,兵庫県,芦屋市,翠ケ丘町６−２,6590014
2120001269769,株式会社ｌｉｌ,兵庫県,芦屋市,南宮町１番１３号芦屋打出アーバンライフ２０２,6590024
2120101032903,大喜産業株式会社,兵庫県,芦屋市,西蔵町８番３−１０７号,6590026
2120101054303,株式会社Ｋｏｕ　Ｅｎｔｅｒｔａｉｎｍｅｎｔ,兵庫県,芦屋市,西山町２３番１６号カサビアンカ２０２号,6590083
2122001004370,株式会社タクト,兵庫県,芦屋市,月若町８番１０−２号,6590084
2140001000074,芦屋軒株式会社,兵庫県,芦屋市,西山町１番６号,6590083
2140001000082,株式会社芦屋花力,兵庫県,芦屋市,浜町２番２４号,6590025
2140001000090,芦屋地所株式会社,兵庫県,芦屋市,東芦屋町９番１５号,6590095
2140001000132,アローシュート株式会社,兵庫県,芦屋市,宮塚町１２番５号,6590062
2140001000149,イシザキ株式会社,兵庫県,芦屋市,山手町２７番１−１０２号,6590096
2140001000157,株式会社石本,兵庫県,芦屋市,六麓荘町６番１号,6590011
2140001000198,株式会社エー・ディ・ディコンサルタント,兵庫県,芦屋市,松浜町８番１８−５３５号,6590053
2140001000215,株式会社エルマノ,兵庫県,芦屋市,楠町１５番７号,6590015
2140001000231,株式会社トータル・システム・サークル社,兵庫県,芦屋市,大原町２４番７号,6590092
2140001000248,株式会社オルヴィス,兵庫県,芦屋市,業平町３番５号,6590068
2140001000280,株式会社キップ,兵庫県,芦屋市,浜芦屋町１番２７号,6590054
2140001000297,株式会社キャドレ貿易,兵庫県,芦屋市,大原町２０番地２４号テラ芦屋３階,6590092
2140001000347,光陽商事株式会社,兵庫県,芦屋市,平田町６番２１号,6590074
2140001000363,五味商亊株式会社,兵庫県,芦屋市,三条町１２番３号,6590087
2140001000371,株式会社サーブエステート,兵庫県,芦屋市,精道町３番５号,6590064
2140001000388,株式会社サトダシヤトル,兵庫県,芦屋市,涼風町９番２１号,6590036
2140001000438,株式会社嶋田企画社,兵庫県,芦屋市,南宮町１番１３−１０３号,6590024
2140001000446,株式会社秀和,兵庫県,芦屋市,奥池南町２５番１２号,6590004
2140001000462,杉田商事株式会社,兵庫県,芦屋市,川西町１番２５号,6590072
2140001000479,全協商事株式会社,兵庫県,芦屋市,精道町１２番１０号,6590064
2140001000495,株式会社ソックブレイン,兵庫県,芦屋市,精道町２番１５号,6590064
2140001000512,株式会社ダイショー,兵庫県,芦屋市,東山町１２−６,6590091
2140001000520,株式会社大松,兵庫県,芦屋市,東山町１２番６号,6590091
2140001000586,株式会社トリニティー,兵庫県,芦屋市,奥池町３３番５号,6590003
2140001000594,永瀬建設株式会社,兵庫県,芦屋市,精道町１０番１２号,6590064
2140001000603,株式会社ナカムラ,兵庫県,芦屋市,山手町３番３５−３０１号,6590096
2140001000611,鳴門ビル株式会社,兵庫県,芦屋市,大原町１２番１７号,6590092
2140001000628,株式会社ニユー芦屋サービス．ステーシヨン,兵庫県,芦屋市,楠町１１番１４号,6590015
2140001000636,株式会社ノイエステート,兵庫県,芦屋市,若宮町６番５号,6590027
2140001000644,株式会社バイオコーポレーシヨン,兵庫県,芦屋市,大桝町一丁目２５番地,6590066
2140001000677,株式会社ピース,兵庫県,芦屋市,東山町３０番１２号,6590091
2140001000693,福本企画株式会社,兵庫県,芦屋市,大原町１０番１−１０１号,6590092
2140001000710,株式会社文野,兵庫県,芦屋市,業平町３番１２−１０３号,6590068
2140001000719,株式会社プレジデント,兵庫県,芦屋市,親王塚町１３番１５号,6590016
2140001000735,株式会社北神商事,兵庫県,芦屋市,山手町１９番３２号,6590096
2140001000751,株式会社増一,兵庫県,芦屋市,西芦屋町３番２２号,6590085
2140001000784,株式会社ミニメイドサービス芦屋,兵庫県,芦屋市,業平町６番３４−４０９号,6590068
2140001000801,株式会社メディ・メディア,兵庫県,芦屋市,緑町６番２４号,6590042
2140001000818,株式会社山嘉企画,兵庫県,芦屋市,打出町５番２２−４０６号,6590022
2140001000826,株式会社山ノ手,兵庫県,芦屋市,松ノ内町４番７号,6590094
2140001000834,株式会社有機牧場,兵庫県,芦屋市,船戸町１１番１９号,6590093
2140001000850,株式会社ワイ・エム,兵庫県,芦屋市,東芦屋町１５番２２号,6590095
2140001000859,株式会社ラディション,兵庫県,芦屋市,山手町３番３１−３０１号,6590096
2140001000875,株式会社リュリュ,兵庫県,芦屋市,茶屋之町２番２２号,6590067
2140001000891,ロッキートレーディング株式会社,兵庫県,芦屋市,三条南町１番４号,6590086
2140001000909,株式会社日本堂総本店,兵庫県,芦屋市,船戸町２番１−６０３号,6590093
2140001000917,芦屋ゾーヌ株式会社,兵庫県,芦屋市,西蔵町３番１２号,6590026
2140001001048,出川工業株式会社,兵庫県,芦屋市,三条町２３番１９−１号,6590087
2140001001477,株式会社コーベ・ヒューマニティー・アソシエイツ,兵庫県,芦屋市,陽光町６番６−１１０４号,6590034
2140001002599,三ツ輪屋株式会社,兵庫県,芦屋市,川西町２番３０−８０２号,6590072
2140001003192,株式会社兼一,兵庫県,芦屋市,山芦屋町８番１０号,6590082
2140001010288,株式会社ピアチェーレ,兵庫県,芦屋市,岩園町１番８号,6590013
2140001012169,株式会社神戸ランデイツク,兵庫県,芦屋市,浜町４番５号,6590025
2140001017845,株式会社ひがき,兵庫県,芦屋市,海洋町５−２６,6590035
2140001019008,株式会社かね徳,兵庫県,芦屋市,業平町４番１号,6590068
2140001019016,株式会社大東電業,兵庫県,芦屋市,宮川町８番７号,6590063
2140001019536,株式会社ナカムラ・コーポレーション,兵庫県,芦屋市,茶屋之町２−２２、１階,6590067
2140001019627,株式会社マインドエンジニアリングコーポレーション,兵庫県,芦屋市,東芦屋町１３番３号,6590095
2140001019701,株式会社エース,兵庫県,芦屋市,伊勢町１番８号,6590052
2140001019767,株式会社トゥールーズ,兵庫県,芦屋市,精道町３−１２,6590064
2140001020031,株式会社現代,兵庫県,芦屋市,三条町８番２４−５０２号,6590087
2140001020411,株式会社ケアーコミュニケーションズ,兵庫県,芦屋市,船戸町３−２４−１ＭＴビル２０２号,6590093
2140001020659,株式会社クリーンアシヤ,兵庫県,芦屋市,茶屋之町２番１２号,6590067
2140001020774,株式会社六甲アイランド鑑定事務所,兵庫県,芦屋市,月若町６番９号,6590084
2140001020980,株式会社ミック,兵庫県,芦屋市,岩園町２９番２７号,6590013
2140001021145,株式会社アメリカンメイドサービス,兵庫県,芦屋市,浜町２番１６号,6590025
2140001021153,株式会社サンライズ・ホーム,兵庫県,芦屋市,東芦屋町５番４号,6590095
2140001022408,株式会社タムラ,兵庫県,芦屋市,船戸町２番１−７０８号,6590093
2140001023075,株式会社テラ・コーポレーション,兵庫県,芦屋市,大桝町２番１７−６０３号,6590066
2140001023265,ひみこ株式会社,兵庫県,芦屋市,朝日ケ丘町１６番２３−３０３号,6590012
2140001023331,株式会社極東ブレイン,兵庫県,芦屋市,茶屋之町２番２１−３０３号,6590067
2140001023447,イーライブ株式会社,兵庫県,芦屋市,涼風町１４番２０号,6590036
2140001023562,アポロ貿易株式会社,兵庫県,芦屋市,山手町１５番２号,6590096
2140001023570,大崎汽船株式会社,兵庫県,芦屋市,大原町１１番２４−７０１号,6590092
2140001023918,株式会社インターテック,兵庫県,芦屋市,奥山８番地４,6590002
2140001023975,株式会社ベリーニ,兵庫県,芦屋市,月若町２番１７号,6590084
2140001024429,株式会社ランドワーク,兵庫県,芦屋市,奥池町３３番２号,6590003
2140001025039,株式会社コメット,兵庫県,芦屋市,津知町２番１４号,6590075
2140001025071,株式会社充理塾,兵庫県,芦屋市,業平町２番１０号,6590068
2140001025138,株式会社Ｏｈ不動産,兵庫県,芦屋市,大原町１１番２４−１０２号,6590092
2140001025410,ＩＡＭ株式会社,兵庫県,芦屋市,朝日ケ丘町２５番７号,6590012
2140001025567,株式会社サンテサンテ,兵庫県,芦屋市,大原町１３−１４,6590092
2140001025666,株式会社グルーブ,兵庫県,芦屋市,大原町９番１−２０６号,6590092
2140001025674,株式会社プロデュースバンク開成,兵庫県,芦屋市,精道町５番３号,6590064
2140001025971,株式会社アップインベストメント,兵庫県,芦屋市,東芦屋町２５番６号,6590095
2140001026012,株式会社芦屋フーテック,兵庫県,芦屋市,茶屋之町１１番５−２０４号,6590067
2140001026185,株式会社Ｆｅｌｉｃｅ,兵庫県,芦屋市,茶屋之町２番２１号１Ｆ,6590067
2140001026350,株式会社藤起業,兵庫県,芦屋市,上宮川町９番３号,6590061
2140001026441,神戸ＣＡＴシステムズ株式会社,兵庫県,芦屋市,岩園町４６番８号,6590013
2140001026796,株式会社芦屋ＭＳＣ,兵庫県,芦屋市,船戸町３番６−１０１号,6590093
2140001026945,株式会社ヒューマン・テクノロジー,兵庫県,芦屋市,南宮町１８番１８,6590024
2140001027142,株式会社ＳＯＬ,兵庫県,芦屋市,奥池町２５番９号,6590003
2140001027266,株式会社レモン,兵庫県,芦屋市,茶屋之町１２番１４号,6590067
2140001027497,株式会社エコノミックニュース,兵庫県,芦屋市,新浜町７番１３号,6590031
2140001027695,株式会社チオン,兵庫県,芦屋市,春日町８番４−２０３号,6590021
2140001027910,株式会社Ｌ’ＡＩＲ　ＤＥ　Ｌ’ＡＲＴ,兵庫県,芦屋市,朝日ケ丘町２８番２５号,6590012
2140001027935,マスター株式会社,兵庫県,芦屋市,松ノ内町１番１０号,6590094
2140001028248,株式会社モナコーポレーション,兵庫県,芦屋市,岩園町１５番２５号,6590013
2140001028314,株式会社システムライン,兵庫県,芦屋市,西蔵町１０番１８−３０９号,6590026
2140001028330,株式会社ブライト産業,兵庫県,芦屋市,茶屋之町２番５号,6590067
2140001028495,株式会社ＬｉＳＡ　ＬｉＳＡ,兵庫県,芦屋市,松ノ内町３番１４号,6590094
2140001028529,株式会社池田姫吏,兵庫県,芦屋市,業平町５番１８−３０３号村上様方,6590068
2140001028537,株式会社吉祥,兵庫県,芦屋市,呉川町五丁目１２番２０１号,6590051
2140001028578,株式会社エムオー産業,兵庫県,芦屋市,業平町６番１６号芦屋ファルファーラ２０１号,6590068
2140001028784,シーキューブ株式会社,兵庫県,芦屋市,親王塚町９−９,6590016
2140001029080,株式会社大天,兵庫県,芦屋市,大原町１１番２４−１０１号,6590092
2140001029295,株式会社アンクレット,兵庫県,芦屋市,翠ケ丘町１７番８−２０９号,6590014
2140001029667,株式会社Ｙｉｎｇｔａｉ,兵庫県,芦屋市,親王塚町８番６号,6590016
2140001030138,株式会社高翔バイセル,兵庫県,芦屋市,船戸町４番１−２０１号,6590093
2140001030154,株式会社エス．オー．エンタテインメント,兵庫県,芦屋市,山手町２０番１７号,6590096
2140001030278,株式会社フードシステムロジスティクス,兵庫県,芦屋市,南宮町６番５号,6590024
2140001030402,株式会社ヒカルインターナショナル,兵庫県,芦屋市,大原町１１−２４−４１３,6590092
2140001030872,株式会社中央文化出版,兵庫県,芦屋市,精道町３番２０号,6590064
2140001031235,株式会社フロンティアプラス,兵庫県,芦屋市,東芦屋町１番１６−４０２号,6590095
2140001031516,株式会社彌登三,兵庫県,芦屋市,川西町２番２８−４０１号,6590072
2140001031607,株式会社門元財務計算センター,兵庫県,芦屋市,山芦屋町２６番７号,6590082
2140001031615,Ａｎｇｅ　Ｐｏｒｔｅ株式会社,兵庫県,芦屋市,岩園町３５番３０号,6590013
2140001031771,株式会社シーヴィジェイ,兵庫県,芦屋市,大桝町２番１２号,6590066
2140001031805,株式会社エー・アイ・クリエイション,兵庫県,芦屋市,船戸町６番１９−２０７号,6590093
2140001031953,株式会社リキ企画,兵庫県,芦屋市,奥池南町４４番３０号,6590004
2140001032191,四ツ橋ビル管理株式会社,兵庫県,芦屋市,茶屋之町５番３号,6590067
2140001032514,株式会社大阪ランチ,兵庫県,芦屋市,山手町３１番３０号,6590096
2140001032869,株式会社内外同治館,兵庫県,芦屋市,業平町２番１４号プロスペリタ芦屋６０２号,6590068
2140001032943,株式会社カストム銀座,兵庫県,芦屋市,岩園町６番４５号,6590013
2140001033289,株式会社新菱ファシリティ,兵庫県,芦屋市,大原町１３番１号,6590092
2140001033710,株式会社本房,兵庫県,芦屋市,山手町３０番８号東,6590096
2140001033958,株式会社ｂｌａｎｄ　ｐｌｕｓ,兵庫県,芦屋市,三条南町７番１４−１０２号,6590086
2140001034031,株式会社協和メディカル,兵庫県,芦屋市,西山町１１番１７−５０７号,6590083
2140001034089,株式会社ウエストハウス,兵庫県,芦屋市,朝日ケ丘町４０番１４号−４０４,6590012
2140001034130,株式会社シャルマン,兵庫県,芦屋市,松ノ内町３番２９号,6590094
2140001034163,株式会社佑宜,兵庫県,芦屋市,業平町２番１０号,6590068
2140001034337,株式会社フューチャーアセットメント,兵庫県,芦屋市,山手町１４番８−１０３号,6590096
2140001038107,株式会社ミーテ,兵庫県,芦屋市,春日町２番１５号,6590021
2140001038156,イタニアートオフィス株式会社,兵庫県,芦屋市,西芦屋町３番３号,6590085
2140001039385,株式会社尚真,兵庫県,芦屋市,南宮町２番２０号,6590024
2140001042133,株式会社ジェイエス,兵庫県,芦屋市,南浜町２番１４号,6590037
2140001042174,欣欣国際株式会社,兵庫県,芦屋市,大原町２０番２１号,6590092
2140001042570,株式会社加古川モコ,兵庫県,芦屋市,山手町１３番１−１号,6590096
2140001048709,神戸エンジニヤリング株式会社,兵庫県,芦屋市,船戸町６番１９号,6590093
2140001049987,中央興産株式会社,兵庫県,芦屋市,奥池町３３番２号,6590003
2140001057065,株式会社芦屋魯耕,兵庫県,芦屋市,茶屋之町５番１２号２０１号室,6590067
2140001057081,株式会社グローブ,兵庫県,芦屋市,大原町５番１４−５０２号,6590092
2140001057230,株式会社ＧＭコンサルタンツ,兵庫県,芦屋市,山手町２４番１−４０１号,6590096
2140001057305,株式会社Ｌｉｂｒａ　Ｎｅｘｔ,兵庫県,芦屋市,船戸町５番２６号,6590093
2140001057313,株式会社Ｊ　ｏｆｆｉｃｅ,兵庫県,芦屋市,親王塚町８番２１号,6590016
2140001067493,株式会社Ａ−グロウィング,兵庫県,芦屋市,西蔵町２番１７号,6590026
2140001067618,株式会社ＲＥＳＯＬ,兵庫県,芦屋市,若宮町５番２号,6590027
2140001073681,株式会社宝城,兵庫県,芦屋市,浜風町１２番８号,6590032
2140001073698,株式会社ＡＩＲＯＳＥ,兵庫県,芦屋市,親王塚町１番７号ＡＩＲＯＳＥ芦屋２階,6590016
2140001074127,株式会社ショウワシステム,兵庫県,芦屋市,浜町１０番１１−２１４号,6590025
2140001083078,株式会社サンライズ,兵庫県,芦屋市,業平町２番１０号,6590068
2140001083227,株式会社ゆうコーポレーション,兵庫県,芦屋市,浜風町２４番１０号,6590032
2140001084142,株式会社ＲＡＩＮＢＯＷ　ＤＲＥＡＭ,兵庫県,芦屋市,奥池南町６７番８号,6590004
2140001086337,株式会社ＬＴＳ,兵庫県,芦屋市,公光町９−７−４０２,6590065
2140001087252,株式会社Ｍ’ｓ,兵庫県,芦屋市,三条南町７番１９号,6590086
2140001087789,株式会社リアライズ,兵庫県,芦屋市,清水町６番８号,6590076
2140001088564,資産設計株式会社,兵庫県,芦屋市,六麓荘町７番８号,6590011
2140001088894,株式会社ようよ,兵庫県,芦屋市,打出小槌町１５番３−２０４号,6590028
2140001089018,株式会社ＦＲＥＡＫＳ,兵庫県,芦屋市,西蔵町１３番１５号,6590026
2140001089521,松沢通商株式会社,兵庫県,芦屋市,岩園町３６番１３号,6590013
2140001089983,株式会社Ａ・Ｈｅａｒｔｓ,兵庫県,芦屋市,大東町１８−６−９０６,6590023
2140001090537,ラビーズ株式会社,兵庫県,芦屋市,大東町２番４号,6590023
2140001090545,株式会社リオン,兵庫県,芦屋市,岩園町２２番６０号,6590013
2140001090603,株式会社Ｏ２Ｏ　Ｍａｒｋｅｔｉｎｇ,兵庫県,芦屋市,三条町３６番１６号,6590087
2140001090677,株式会社ドルフィンズ,兵庫県,芦屋市,高浜町１５番２号,6590033
2140001090743,エービーシーホームズ不動産販売株式会社,兵庫県,芦屋市,大原町７番３号,6590092
2140001091295,株式会社ＰＯＰ−ｉＤ,兵庫県,芦屋市,大東町１番１１−１０２号,6590023
2140001091329,株式会社Ｓｔｙｌｅ　Ｌａｂ,兵庫県,芦屋市,伊勢町３番２０号,6590052
2140001091790,株式会社二花,兵庫県,芦屋市,打出町１番６号,6590022
2140001091964,株式会社ひかり,兵庫県,芦屋市,新浜町７番１０−２０１号,6590031
2140001092194,株式会社Ｌ＆Ｈ　Ｍｅｄｉｃａｌ,兵庫県,芦屋市,翠ケ丘町１８番８−２０６号,6590014
2140001092987,Ａｐｉｒｏ株式会社,兵庫県,芦屋市,宮塚町２番６−１０４号,6590062
2140001093060,株式会社然,兵庫県,芦屋市,大原町２８番７−１号,6590092
2140001093102,ａｓｈｉｙａ　ｓｉｚｅ株式会社,兵庫県,芦屋市,高浜町１２番１号,6590033
2140001093440,ＰｏｌｙＳｉ−Ｊａｐａｎ株式会社,兵庫県,芦屋市,若宮町７番２号,6590027
2140001094298,株式会社Ｍ・ＡＬＬ,兵庫県,芦屋市,公光町８番３０号,6590065
2140001094876,株式会社再生抗加齢科学研究所,兵庫県,芦屋市,山手町１４番８号,6590096
2140001096393,株式会社キャンディーフ,兵庫県,芦屋市,奥山１番地の１５５１,6590002
2140001096922,株式会社芦屋龍命本舗,兵庫県,芦屋市,公光町８−３１,6590065
2140001097012,株式会社芦屋酒井,兵庫県,芦屋市,川西町１１−２−４０３,6590072
2140001097185,株式会社アートメディア,兵庫県,芦屋市,浜風町７番１７−４号,6590032
2140001098605,Ｈｙｐｅｒ　Ｃｏａｃｈｉｎｇ株式会社,兵庫県,芦屋市,大桝町６番６号,6590066
2140001098910,株式会社寿訪問介護ステーション,兵庫県,芦屋市,岩園町３５番３９号,6590013
2140001099033,株式会社フードプライナー,兵庫県,芦屋市,南浜町１０番１９号,6590037
2140001099223,プラチナエナジー株式会社,兵庫県,芦屋市,南浜町２番９号,6590037
2140001099413,株式会社グロワール,兵庫県,芦屋市,松ノ内町４番６号,6590094
2140001099545,株式会社Ｄ．Ｌ．Ｐ,兵庫県,芦屋市,朝日ケ丘町７番１５−６０３号,6590012
2140001099826,インテグラル・タウ株式会社,兵庫県,芦屋市,山手町５番３７号,6590096
2140001100411,ハッピーニューロン株式会社,兵庫県,芦屋市,伊勢町１０番６号,6590052
2140001100634,株式会社Ｎ＆Ｕパートナーズ,兵庫県,芦屋市,高浜町９番１−８１２号,6590033
2140001100717,株式会社ウエストジャパンアウトドアスクール,兵庫県,芦屋市,月若町８−１３芦屋月若第３小西商工ビル２０３号,6590084
2140001101483,株式会社瀬羅設計,兵庫県,芦屋市,親王塚町９番１８号,6590016
2140001101608,株式会社オーディーオフィス,兵庫県,芦屋市,船戸町７番１７号,6590093
2140001101789,株式会社ＩＷＫ,兵庫県,芦屋市,山芦屋町１８番２３号,6590082
2140001102556,株式会社さんくちゅあり企画,兵庫県,芦屋市,山芦屋町１８番２２号,6590082
2140001102614,オンリーワンパートナーズ株式会社,兵庫県,芦屋市,翠ケ丘町１３−２−Ｃ,6590014
2140001102787,あしや福介家株式会社,兵庫県,芦屋市,陽光町７番１−５０１号,6590034
2140001103331,株式会社ＨＫインベストメント,兵庫県,芦屋市,岩園町８番２３号,6590013
2140001104305,ウィルシップ株式会社,兵庫県,芦屋市,西芦屋町７番１１−２０４号,6590085
2140001104461,株式会社レイコーポレーションジャパン,兵庫県,芦屋市,東芦屋町１７番２３−３０６号,6590095
2140001104585,Ｍａｉｓｏｎｄａｍｏｕｒ株式会社,兵庫県,芦屋市,大桝町７−２芦屋ファイブ３０２号,6590066
2140001104817,株式会社ドリームサポーターズ,兵庫県,芦屋市,涼風町１番８号,6590036
2140001104899,株式会社芦屋経済研究所,兵庫県,芦屋市,岩園町１９番１７号,6590013
2140001104924,サステナブル・ジャパン株式会社,兵庫県,芦屋市,茶屋之町２番２１号,6590067
2140001105088,株式会社ＧＯＹＡ,兵庫県,芦屋市,山芦屋町１８番２２号,6590082
2140001105567,株式会社元気のたねＫＦＶ,兵庫県,芦屋市,親王塚町７番３号アメニティレジデンス親王塚３０１号,6590016
2140001106128,株式会社ワナビィ,兵庫県,芦屋市,打出町２番１８号,6590022
2140001106334,株式会社うまみグリーティングス,兵庫県,芦屋市,翠ケ丘町１５番１−１０１号,6590014
2140001106763,ＣＥＬＵＭＩＸ株式会社,兵庫県,芦屋市,親王塚町２番６号,6590016
2140001107373,株式会社Ｒｅ　Ｌｏｏｐ,兵庫県,芦屋市,伊勢町４番１２−１０３号,6590052
2140001107555,株式会社ＴＳＵＮＡＧＵ,兵庫県,芦屋市,三条町２９番２２号,6590087
2140001107869,株式会社ＴＳＵＮＡＧＵ,兵庫県,芦屋市,翠ケ丘町１３−２−Ｃ,6590014
2140001107976,株式会社インテリアＲ,兵庫県,芦屋市,奥池南町３０番４号,6590004
2140001109213,Ａｌｏｈａ　Ｈｅａｒｔ株式会社,兵庫県,芦屋市,東山町２７番１８号,6590091
2140001109493,ｔｅｂａｎａｓｕ株式会社,兵庫県,芦屋市,翠ケ丘町１３−２−Ｃ,6590014
2140001109642,株式会社ＡＺＵＭＡ,兵庫県,芦屋市,楠町７−２１,6590015
2140001111086,ＶＩＶＡＬＴＯ株式会社,兵庫県,芦屋市,三条町２５番３号,6590087
2140001111160,株式会社アルティマ,兵庫県,芦屋市,南宮町１４番２−４０７号,6590024
2140001111243,紀山コーポレーション株式会社,兵庫県,芦屋市,浜風町１９番１号,6590032
2140001111499,株式会社ＫｏＬａｂｏ,兵庫県,芦屋市,大原町１２−２４−３０２,6590092
2140001111706,株式会社ＦＵＫＡＤＡ,兵庫県,芦屋市,西山町２１番１７号,6590083
2140001112101,株式会社Ｐ．Ｆ．Ｂ．フォンテーヌ・ブロー,兵庫県,芦屋市,翠ケ丘町２０番１６−２１６,6590014
2140001112134,株式会社佐渡島興産,兵庫県,芦屋市,大原町１９番１４号,6590092
2140001112415,株式会社マーヴェラス,兵庫県,芦屋市,浜町１３番１６−５０２号,6590025
2140001112885,Ｉ＆Ｈ株式会社,兵庫県,芦屋市,大桝町１番１８号,6590066
2140001113009,株式会社Ｎ−ｓｙｓｔｅｍ,兵庫県,芦屋市,南宮町６−５,6590024
2140001113157,株式会社クリエイティブ・プランナー,兵庫県,芦屋市,東山町１５番１４号,6590091
2140001113289,株式会社ジーライヤ不動産販売,兵庫県,芦屋市,東山町５番１２号,6590091
2140001113520,慶和株式会社,兵庫県,芦屋市,岩園町１０番１３号,6590013
2140001113933,ＴＦ株式会社,兵庫県,芦屋市,月若町１番１３号,6590084
2140001114155,株式会社ＩＣＳ,兵庫県,芦屋市,新浜町２番３−６０３号,6590031
2140001114304,ＯＬＬ　ＫＩＴＣＨＥＮ株式会社,兵庫県,芦屋市,茶屋之町１１番１１号,6590067
2140001114733,株式会社ＡＩＮＡ,兵庫県,芦屋市,三条町１４番１９号,6590087
2140001114832,株式会社ｇｒａｂｕｓ,兵庫県,芦屋市,業平町５−２芦屋ハウス５０２,6590068
2140001115780,株式会社菜子ＤＲＥＳＳ,兵庫県,芦屋市,打出小槌町１２番１３−２０８号,6590028
2140001116754,トゥデイフル株式会社,兵庫県,芦屋市,朝日ケ丘町２６番５号,6590012
2140001117835,株式会社エクリード,兵庫県,芦屋市,朝日ケ丘町３０番１５号サンロック３号室,6590012
2140001118081,株式会社ＩＲＩＳ　ＪＡＰＡＮ,兵庫県,芦屋市,奥池南町５９番１０号,6590004
2140001118536,株式会社スタリス,兵庫県,芦屋市,岩園町４７番４号,6590013
2140001119055,株式会社ａｎａｌｏｇ　ｌｉｎｅ,兵庫県,芦屋市,岩園町３０番１８号,6590013
2140001119377,株式会社サニーサイト,兵庫県,芦屋市,月若町２番８号,6590084
2140001119831,神戸シッピングホールディングス株式会社,兵庫県,芦屋市,西芦屋町４番１７号,6590085
2140001119930,ゴールドストン株式会社,兵庫県,芦屋市,東山町１６番１１−１００号,6590091
2140001120145,コーモラントマネジメント株式会社,兵庫県,芦屋市,東芦屋町８−５ライフイン芦屋壱番館２０５号,6590095
2140001120839,株式会社ＥＰＲＩＳ　ＪＡＰＡＮ,兵庫県,芦屋市,涼風町２３番１号（２階）,6590036
2140001120888,株式会社フローレンス芦屋,兵庫県,芦屋市,高浜町４番１−１０１２号,6590033
2140001122034,株式会社ポルケ,兵庫県,芦屋市,涼風町１２番５号,6590036
2140001122281,株式会社ソニオ,兵庫県,芦屋市,茶屋之町２番１３号,6590067
2140001122538,ペットモール株式会社,兵庫県,芦屋市,潮見町１６−１,6590043
2140001122793,株式会社スポーツセラピューティクス,兵庫県,芦屋市,奥池南町２２番１１号,6590004
2140001122942,Ｒ．Ｉｎｖｅｓｔｍｅｎｔｓ株式会社,兵庫県,芦屋市,岩園町３８番２５号,6590013
2140001123024,株式会社ＡＢＣ　ｂｙ　Ｄ,兵庫県,芦屋市,東芦屋町１番２０号セラヴィ芦屋ビル１Ｆ,6590095
2140001123354,株式会社Ｍｏｎｒｏｅ　Ｂｅａｕｔｙ,兵庫県,芦屋市,宮塚町３番４号,6590062
2140001123627,ここちいい株式会社,兵庫県,芦屋市,奥池町３３番８号,6590003
2140001123635,株式会社Ｌｉｅｎ,兵庫県,芦屋市,東山町５番１０号,6590091
2140001123726,奏風企画株式会社,兵庫県,芦屋市,船戸町５番２６号マリアキャリーヌビル,6590093
2140001124716,株式会社Ｏｒｇａファイバーズーム,兵庫県,芦屋市,松浜町１５番１５−２０１号,6590053
2140001124807,カノアインターナショナル株式会社,兵庫県,芦屋市,岩園町３８番１６−１号,6590013
2140001125160,株式会社宮本,兵庫県,芦屋市,六麓荘町１１番１１号,6590011
2140001125359,株式会社ＴｗｉｎｓＲ,兵庫県,芦屋市,緑町１番１４−６０１号,6590042
2140001125623,株式会社福島屋ソリューション,兵庫県,芦屋市,松浜町１番６号,6590053
2140001125994,株式会社アピロ,兵庫県,芦屋市,上宮川町２番８−３０１号,6590061
2140001126431,株式会社ＡＲＧＵＳ,兵庫県,芦屋市,三条南町４−１２ウエストコート芦屋１０１,6590086
2140001126497,株式会社チェスマオ,兵庫県,芦屋市,上宮川町１番１２−３０４号,6590061
2140001126704,株式会社アグリ・バイオ・コーポレーション,兵庫県,芦屋市,朝日ケ丘町１４番２−５０４号,6590012
2140001127017,株式会社ＲＯＯＴ　ＰＬＵＳ,兵庫県,芦屋市,春日町１５−６アメニティコート芦屋春日２０９,6590021
2140001127231,株式会社Ｈａｊｉｍｅ,兵庫県,芦屋市,大原町１９番１−２０４号,6590092
2140001127330,アーバナイズ株式会社,兵庫県,芦屋市,大原町７番３−４０３号,6590092
2140001127925,株式会社ステラ,兵庫県,芦屋市,涼風町２３番１号,6590036
2140001128246,ＤＡＩＥＩコーポレーション株式会社,兵庫県,芦屋市,岩園町２２番１４号,6590013
2140001128502,エイチプラス１３株式会社,兵庫県,芦屋市,大桝町１番１８号,6590066
2140001128923,株式会社ＪＯＪＯ　ＣＬＵＢ,兵庫県,芦屋市,山手町１０番１号,6590096
2140001130235,ＤｏＳｗｉｓｓ　Ｊａｐａｎ株式会社,兵庫県,芦屋市,奥池南町４９番１３号,6590004
2140001130656,株式会社慧光,兵庫県,芦屋市,六麓荘町６番３０号,6590011
2140001131448,株式会社ＷＩＺＰＩＴ,兵庫県,芦屋市,山手町３１番２０号,6590096
2140001131522,ジアトランティックオーシャン株式会社,兵庫県,芦屋市,東山町２４番３２−２号,6590091
2140001132082,株式会社田中遠画読影センター,兵庫県,芦屋市,東芦屋町１７番２３−４０３号,6590095
2140001132495,株式会社ｆｏｒ　ｔｈｅ　ｂｅｓｔ,兵庫県,芦屋市,朝日ケ丘町４０番１４−３０６号,6590012
2140001132611,キープカンパニー株式会社,兵庫県,芦屋市,宮塚町５番１４−２号,6590062
2140001133064,ＮＹＫ株式会社,兵庫県,芦屋市,西芦屋町４番１０号,6590085
2140001133329,株式会社オーエムアイホールディングス,兵庫県,芦屋市,朝日ケ丘町４−１３−２１５,6590012
2140001134789,株式会社ＣｉｓｅＬｉｆｅ,兵庫県,芦屋市,三条南町６番１３−２号,6590086
2140001135399,陽咲株式会社,兵庫県,芦屋市,大東町５番１１−５０１号,6590023
2140001135812,株式会社アイズダイニング,兵庫県,芦屋市,東芦屋町１−２０−２０１,6590095
2140001136513,株式会社ＪＡＰＡＮ　ＩＮＴＥＲＮＡＴＩＯＮＡＬ　ＴＲＡＤＩＮＧ,兵庫県,芦屋市,涼風町２８番１−４１４号,6590036
2140001137016,株式会社星都,兵庫県,芦屋市,潮見町８番２３号,6590043
2140001137569,株式会社エスジェイ,兵庫県,芦屋市,東芦屋町８番５号,6590095
2140001138121,株式会社キングスアセットマネジメント,兵庫県,芦屋市,潮見町３２番７号,6590043
2140001138823,株式会社ＢＡＢＩ,兵庫県,芦屋市,山芦屋町１１番６−３０５号,6590082
2140001138872,株式会社Ｓ＆Ｆプロデュース,兵庫県,芦屋市,東山町１０番２号ローズハイツ芦屋１３３号室,6590091
2140001139284,株式会社ミルジュ,兵庫県,芦屋市,松ノ内町１番２０号,6590094
2140001139986,株式会社アイ,兵庫県,芦屋市,浜芦屋町１０番１５号,6590054
2140001140234,Ｐｉｓｔａ株式会社,兵庫県,芦屋市,翠ケ丘町１８番８−３０７号,6590014
2140001141554,フィックス株式会社,兵庫県,芦屋市,東芦屋町１６番２０号,6590095
2140001142313,加茂屋リアルエステート株式会社,兵庫県,芦屋市,大原町５番４号,6590092
2140001142362,株式会社送ルート,兵庫県,芦屋市,南浜町４−１６,6590037
2140001142536,株式会社ＲＥＮＯＶＩＡ,兵庫県,芦屋市,川西町３−２４−２０２,6590072
2140001142544,株式会社オタク企画,兵庫県,芦屋市,翠ケ丘町２０番１６−５０６号,6590014
2140002000189,株式会社古川ビル,兵庫県,芦屋市,大原町５番２１号,6590092
2140002012267,株式会社みか三洋,兵庫県,芦屋市,西山町１５−１７,6590083
2140002019213,株式会社三条エステート,兵庫県,芦屋市,三条南町５番６号,6590086
2140002020732,株式会社新生メディカル,兵庫県,芦屋市,三条町６番３号,6590087
2140003004692,株式会社ＦＵＴＵＲＥ　ＦＩＬＥ,兵庫県,芦屋市,翠ケ丘町１３番１号,6590014
2140003008900,ＭＡＲＣ＆ＣＯ株式会社,兵庫県,芦屋市,西山町１番９号,6590083
2140003013875,株式会社ジャカレック,兵庫県,芦屋市,船戸町５番２６号マリアキャリーヌビル,6590093
2170001006275,株式会社トリプルウィン,兵庫県,芦屋市,南宮町１３番４−３０３号,6590024
2170001009740,株式会社くらや,兵庫県,芦屋市,東山町２３番２０−１０５号,6590091
2180001072812,株式会社ＬＯＯＰ,兵庫県,芦屋市,海洋町５番２８号,6590035
2180001118672,株式会社東豊,兵庫県,芦屋市,呉川町３番１６号,6590051
3010001194168,株式会社ピーアイアール,兵庫県,芦屋市,海洋町５番２９号,6590035
3010001210437,株式会社ＲＥＶＥ,兵庫県,芦屋市,清水町２番１８−１０４号,6590076
3010401157889,株式会社ＭＥＥＭ,兵庫県,芦屋市,翠ケ丘町１１−２５,6590014
3010901026759,株式会社ＮＥＸＳＴＡＧＥ,兵庫県,芦屋市,涼風町２７−２,6590036
3010901043374,株式会社Ｑｕｉｎｔｅｓｓｅｎｃｅ,兵庫県,芦屋市,平田町５−８−６０３,6590074
3011001131020,株式会社Ｊａｐａｎ　Ｍｅｄｉｃａｌ　Ｇａｔｅｗａｙ,兵庫県,芦屋市,大桝町３番１３号,6590066
3020001137010,ラーマ株式会社,兵庫県,芦屋市,大桝町４番２０−１号,6590066
3040001033760,株式会社アピコラ,兵庫県,芦屋市,朝日ケ丘町１９番１３号,6590012
3100001033622,アセットメント・ジャパン株式会社,兵庫県,芦屋市,六麓荘町１７番８号,6590011
3120001083013,株式会社ソフテム,兵庫県,芦屋市,浜町１１番３１号,6590025
3120001108100,株式会社大和興商,兵庫県,芦屋市,奥池町１番２１号,6590003
3120001109783,株式会社アムテック,兵庫県,芦屋市,山手町２９番５号,6590096
3120001117786,株式会社ＦＵＮ‐２,兵庫県,芦屋市,東山町２０番１４号,6590091
3120001124923,株式会社ファイバーズーム,兵庫県,芦屋市,松浜町１５番１５−２０１号,6590053
3120001160431,Ｃｌｉｎｉｃａ　ＣＯＣＯ株式会社,兵庫県,芦屋市,春日町７−２,6590021
3120001175702,株式会社ワールドネットショップ,兵庫県,芦屋市,海洋町１２番１−１６１７号,6590035
3120001178382,株式会社Ｙ＆Ｃ,兵庫県,芦屋市,涼風町２１番２７号,6590036
3120001185767,株式会社ＣＪＫ　Ｍａｒｉｎｅ　Ｓｅｒｖｉｃｅｓ,兵庫県,芦屋市,朝日ケ丘町３６番１５号,6590012
3120001186682,株式会社ヴィ・エッチ・トラバリーインターナショナル,兵庫県,芦屋市,山手町６番１７号,6590096
3120001186724,株式会社ｓｔｒｅｅｍ　ｐｒｏｄｕｃｔｉｏｎ,兵庫県,芦屋市,松浜町１５番１５−２０１号,6590053
3120001191022,ラフォーレ株式会社,兵庫県,芦屋市,打出小槌町９番１２−３０７号,6590028
3120001215631,株式会社Ｔｈｅ　Ｅａｓｔｅｒｎ　Ｃｏｎｃｅｐｔｉｏｎ,兵庫県,芦屋市,松ノ内町３−８−３,6590094
3120001259793,結総合パートナー株式会社,兵庫県,芦屋市,西山町２２番２４−２０１号,6590083
3120001262954,株式会社正一,兵庫県,芦屋市,海洋町４番３０号,6590035
3120101051480,株式会社Ａｌｌ　ｉｓ　Ｌｏｖｅ,兵庫県,芦屋市,高浜町１７番８号,6590033
3120901019099,Ｓｕｎｄａｙ株式会社,兵庫県,芦屋市,平田町４番１３−２０５号,6590074
3120901031104,株式会社タテホ,兵庫県,芦屋市,大原町５番１４−２０７号,6590092
3122001019335,株式会社天満金属製作所,兵庫県,芦屋市,岩園町１７番２３号,6590013
3130001026771,株式会社杉田フーズ,兵庫県,芦屋市,奥池南町６８番９号,6590004
3140001000057,株式会社アイル,兵庫県,芦屋市,平田町５番８−６０１号,6590074
3140001000081,株式会社芦屋クリーンサービス,兵庫県,芦屋市,上宮川町５番２号,6590061
3140001000098,芦屋タクシー株式会社,兵庫県,芦屋市,大東町４番７号,6590023
3140001000115,株式会社アドニクス,兵庫県,芦屋市,東芦屋町２５番４３号,6590095
3140001000123,株式会社アトリエフルタ建築研究所,兵庫県,芦屋市,東山町１２番８号,6590091
3140001000131,株式会社アリアケ,兵庫県,芦屋市,若葉町２番２−５３２号,6590041
3140001000148,株式会社石川淳朗建築設計事務所,兵庫県,芦屋市,三条南町１４番８号,6590086
3140001000156,イズミ産業株式会社,兵庫県,芦屋市,西山町１８番１０号,6590083
3140001000172,株式会社インペツクス,兵庫県,芦屋市,東山町２６番１４号,6590091
3140001000206,株式会社エヌ・ヴエルテ,兵庫県,芦屋市,船戸町１番３１号,6590093
3140001000230,大浜陸運株式会社,兵庫県,芦屋市,浜芦屋町８番１２号,6590054
3140001000346,株式会社甲陽ドレス,兵庫県,芦屋市,西蔵町６番１１号,6590026
3140001000362,コバヤシルーフ株式会社,兵庫県,芦屋市,春日町１７−２・１号,6590021
3140001000379,三恵物産株式会社,兵庫県,芦屋市,楠町７番１３号,6590015
3140001000404,サンワ商事株式会社,兵庫県,芦屋市,打出町１番５号,6590022
3140001000412,ジェイ・ワイ・シー株式会社,兵庫県,芦屋市,松浜町１番１３号,6590053
3140001000420,株式会社汐見飴本舗,兵庫県,芦屋市,津知町２番１９−２号,6590075
3140001000429,株式会社システムリサーチアンドインテグレイション,兵庫県,芦屋市,若葉町４番１−２６３号,6590041
3140001000437,芝川興産株式会社,兵庫県,芦屋市,東山町７番２６−６０１号,6590091
3140001000445,勝明興産株式会社,兵庫県,芦屋市,山芦屋町４番２４号,6590082
3140001000461,株式会社じろべ,兵庫県,芦屋市,春日町１２番７号,6590021
3140001000486,株式会社セラヴィ,兵庫県,芦屋市,東芦屋町１番２０号,6590095
3140001000511,大神建材株式会社,兵庫県,芦屋市,宮塚町７番１２号,6590062
3140001000536,株式会社たけむら,兵庫県,芦屋市,西山町９−１８,6590083
3140001000544,株式会社ダンロップスポーツエンタープライズ,兵庫県,芦屋市,大原町２番６,6590092
3140001000560,株式会社テイエムライン,兵庫県,芦屋市,東芦屋町８番８号,6590095
3140001000569,天忠興芸株式会社,兵庫県,芦屋市,春日町１６番６号,6590021
3140001000577,株式会社東天閣芦屋,兵庫県,芦屋市,船戸町１番３１号,6590093
3140001000585,株式会社トライオールスリージャパン,兵庫県,芦屋市,船戸町１０番３−２０１号,6590093
3140001000593,中川木材株式会社,兵庫県,芦屋市,宮川町７番９号,6590063
3140001000619,西本風呂設備株式会社,兵庫県,芦屋市,茶屋之町７番１２号,6590067
3140001000635,株式会社ノア,兵庫県,芦屋市,津知町６番５号,6590075
3140001000651,ハーブリーフ株式会社,兵庫県,芦屋市,松ノ内町２番２号,6590094
3140001000668,濱田物産株式会社,兵庫県,芦屋市,公光町３番２６号,6590065
3140001000684,株式会社平山工務店,兵庫県,芦屋市,宮塚町１２番２０号,6590062
3140001000718,株式会社プレスティージ,兵庫県,芦屋市,茶屋之町１番５号,6590067
3140001000742,株式会社堀萬昭堂,兵庫県,芦屋市,大桝町６番５号,6590066
3140001000759,株式会社松原商会,兵庫県,芦屋市,西芦屋町２番３−１０５号,6590085
3140001000800,株式会社メガネの芦屋,兵庫県,芦屋市,公光町１０番１８−１０１号,6590065
3140001000817,株式会社矢満喜,兵庫県,芦屋市,打出小槌町２番３号,6590028
3140001000825,山根商事株式会社,兵庫県,芦屋市,松ノ内町４番８−１０１号,6590094
3140001000833,株式会社ユー・ヱス・コーポレーション,兵庫県,芦屋市,南宮町１０番４−５０５号,6590024
3140001000841,陽光不動産株式会社,兵庫県,芦屋市,六麓荘町５番１５号,6590011
3140001000858,株式会社ラ・スター,兵庫県,芦屋市,業平町６番１６号,6590068
3140001000874,株式会社緑石園,兵庫県,芦屋市,南宮町１番１号,6590024
3140001000940,株式会社レ・オーラ,兵庫県,芦屋市,前田町４番１３号,6590071
3140001002367,株式会社ユークレア,兵庫県,芦屋市,浜町８番７号,6590025
3140001004272,株式会社ロツコーアートプリンテイング,兵庫県,芦屋市,松浜町１５番１５−２０３号,6590053
3140001014296,株式会社ミドリホームズ,兵庫県,芦屋市,若宮町４番８−２１０号,6590027
3140001019270,マグナス株式会社,兵庫県,芦屋市,船戸町１０番１８号,6590093
3140001019551,株式会社サンファーモ,兵庫県,芦屋市,岩園町１番８号,6590013
3140001019650,Ｇｒａｙ　Ｉｎｓｔｉｔｕｔｅ　ｏｆ　Ｍａｎａｇｅｍｅｎｔ株式会社,兵庫県,芦屋市,月若町２番１８号,6590084
3140001020006,株式会社ヴィアスピリット,兵庫県,芦屋市,楠町１６番１８−４０５号,6590015
3140001020328,株式会社フィットシステム,兵庫県,芦屋市,大原町１１番９号,6590092
3140001020798,株式会社コバック,兵庫県,芦屋市,打出町１番６号,6590022
3140001020807,株式会社マルサン,兵庫県,芦屋市,松ノ内町８番１１号,6590094
3140001021045,株式会社オクムラ,兵庫県,芦屋市,楠町１０番２−３０６号,6590015
3140001021128,株式会社ゼータ平和,兵庫県,芦屋市,春日町九丁目１番４０７号,6590021
3140001021235,株式会社日本環境企画,兵庫県,芦屋市,公光町７番１０号,6590065
3140001021623,株式会社アイモーメント,兵庫県,芦屋市,公光町７番１５号,6590065
3140001021672,ＫＡＥＶＥ株式会社,兵庫県,芦屋市,親王塚町２番６号,6590016
3140001022258,株式会社京一ビル,兵庫県,芦屋市,朝日ケ丘町６番２８号,6590012
3140001022464,株式会社スタジオ・コア,兵庫県,芦屋市,東芦屋町７番５号芦屋アーチスト・ビラ１階１０３号室,6590095
3140001022571,株式会社Ｐ・Ｃ・Ｐ,兵庫県,芦屋市,若葉町２番２−１４２４号,6590041
3140001023561,株式会社バルビステック,兵庫県,芦屋市,大桝町７番２−２０１号,6590066
3140001023636,株式会社アド・コム,兵庫県,芦屋市,朝日ケ丘町１４番３−４０６号,6590012
3140001023693,裕理株式会社,兵庫県,芦屋市,打出町２番１６−３０２号,6590022
3140001023900,株式会社ウィズ,兵庫県,芦屋市,親王塚町１３番１５号,6590016
3140001024048,株式会社フォーコーナー,兵庫県,芦屋市,松浜町７番３６号,6590053
3140001024106,株式会社ニュートリションデザインハウス,兵庫県,芦屋市,呉川町１７番１−１０２号,6590051
3140001024147,ヴィンテージ株式会社,兵庫県,芦屋市,大原町２番６−１１１号,6590092
3140001024816,株式会社開花,兵庫県,芦屋市,呉川町１番３−８０７号,6590051
3140001024964,株式会社ファンファン,兵庫県,芦屋市,翠ケ丘町１８番１１号,6590014
3140001025005,ＦＣＯ株式会社,兵庫県,芦屋市,伊勢町８番５号,6590052
3140001025079,株式会社ＩＰＳ,兵庫県,芦屋市,西蔵町３番１４−４０１号,6590026
3140001025112,株式会社ドットラボ,兵庫県,芦屋市,若葉町５番２−１４４号,6590041
3140001025566,株式会社近畿環境調査研究所,兵庫県,芦屋市,朝日ケ丘町８番７号,6590012
3140001025715,三泉工業株式会社,兵庫県,芦屋市,楠町１４番２０−３１７号,6590015
3140001025756,レコ株式会社,兵庫県,芦屋市,奥池南町６８番１１号,6590004
3140001025780,甲南土地株式会社,兵庫県,芦屋市,公光町７番１５号,6590065
3140001025921,株式会社紅辰堂,兵庫県,芦屋市,東芦屋町３番７号,6590095
3140001026069,ジユエリー倉敷株式会社,兵庫県,芦屋市,大原町１０番１号ホテル竹園芦屋２階,6590092
3140001026184,株式会社東野事務所,兵庫県,芦屋市,茶屋之町４番１４−２０１号,6590067
3140001026317,株式会社ＰＲＥＣＵＲＥ,兵庫県,芦屋市,東山町４番９号,6590091
3140001026416,株式会社ＰＲＯＰＥＬＬＥＲ　ＤＥＳＩＧＮ,兵庫県,芦屋市,竹園町５番９号,6590055
3140001026548,株式会社アイビーテラス,兵庫県,芦屋市,船戸町３番２７号,6590093
3140001026878,株式会社芦屋キャピタルアドバイザーズ,兵庫県,芦屋市,上宮川町９番４号２０３,6590061
3140001026969,株式会社ウッディ,兵庫県,芦屋市,宮川町９番９号,6590063
3140001027496,ｉマーケティング株式会社,兵庫県,芦屋市,月若町５番１２号,6590084
3140001027744,キークラフトコーディネート株式会社,兵庫県,芦屋市,岩園町４番２号,6590013
3140001027819,株式会社リバーリンクス,兵庫県,芦屋市,海洋町１２−１レジデンス芦屋スイート１４２０号,6590035
3140001027827,株式会社ポラリスＲｘ,兵庫県,芦屋市,西芦屋町８番１３号,6590085
3140001027892,株式会社パスファインダース,兵庫県,芦屋市,精道町４番１２号,6590064
3140001027901,株式会社ワイ・エム・エム,兵庫県,芦屋市,大東町１０番１２−１０９号,6590023
3140001027918,株式会社大光ビル管理,兵庫県,芦屋市,緑町１番１４−４０１号,6590042
3140001028197,株式会社マーレ,兵庫県,芦屋市,東山町８番１号,6590091
3140001028239,株式会社さぎり,兵庫県,芦屋市,南宮町４番１４−１０１号,6590024
3140001028362,株式会社Ｌｕｘ　Ｓｔａｇｅ,兵庫県,芦屋市,東芦屋町２５番１４号,6590095
3140001028560,株式会社明倫産業,兵庫県,芦屋市,翠ケ丘町１８番５号,6590014
3140001028692,株式会社ミヤモンテＪＡＰＡＮ,兵庫県,芦屋市,東芦屋町１１番１８号,6590095
3140001028742,佐益興産株式会社,兵庫県,芦屋市,川西町２番２８ファミール芦屋川西町２０２号,6590072
3140001028759,イマジン株式会社,兵庫県,芦屋市,大原町１１番２４号,6590092
3140001029055,株式会社ウッドクラフトはっち,兵庫県,芦屋市,南宮町６番１６−５０４号,6590024
3140001029113,株式会社フレサンス,兵庫県,芦屋市,南宮町６番２０号,6590024
3140001029261,Ｓｍｉｌｅ　Ｃｉｒｃｌｅ株式会社,兵庫県,芦屋市,業平町４番６号,6590068
3140001029526,森開発株式会社,兵庫県,芦屋市,六麓荘町１０番４号,6590011
3140001029625,株式会社コシバ,兵庫県,芦屋市,楠町１６番１１号,6590015
3140001029971,株式会社Ｊ’Ｃａｎｉｃｈｅ,兵庫県,芦屋市,呉川町６番２０号,6590051
3140001030021,株式会社ベスト興産,兵庫県,芦屋市,清水町６番２２号,6590076
3140001030062,株式会社太郎カンパニー,兵庫県,芦屋市,奥池南町６５番１８号,6590004
3140001030351,ケー・アイ・ジェー株式会社,兵庫県,芦屋市,平田町６番８号,6590074
3140001030475,プラスＫインターナショナル株式会社,兵庫県,芦屋市,東山町４番９号ＰＲＥＣＵＲＥ２Ｆ,6590091
3140001030509,株式会社アークロット,兵庫県,芦屋市,翠ケ丘町１２番７−５１９号,6590014
3140001030855,株式会社グロウ,兵庫県,芦屋市,朝日ケ丘町１８番２０号,6590012
3140001030987,株式会社エコファーム,兵庫県,芦屋市,朝日ケ丘町６番９号,6590012
3140001031011,株式会社ＣＹＹジャパン,兵庫県,芦屋市,大東町１１番２０−２０２号,6590023
3140001031192,株式会社殿,兵庫県,芦屋市,潮見町２４番１１号,6590043
3140001031226,神戸メディカル・ラボ株式会社,兵庫県,芦屋市,朝日ケ丘町８−１８−５０６,6590012
3140001031325,株式会社あいろ不動産販売,兵庫県,芦屋市,親王塚町１番７号ＡＩＲＯＳＥ芦屋２階,6590016
3140001031416,株式会社ワイオーディー,兵庫県,芦屋市,平田町４番３２号,6590074
3140001031507,株式会社Ｊ・Ｐフーズ,兵庫県,芦屋市,松ノ内町９−１８,6590094
3140001031548,株式会社チャーミング・スクウェア芦屋,兵庫県,芦屋市,海洋町１２番１号,6590035
3140001031614,株式会社ウィズエスコート,兵庫県,芦屋市,親王塚町１３番１５号,6590016
3140001032050,株式会社カオスジャパン,兵庫県,芦屋市,山手町１８番１０号,6590096
3140001032141,株式会社オフィスＳ．Ｉ．Ｃ,兵庫県,芦屋市,公光町１０番１０号,6590065
3140001032380,株式会社エムズプランニングオフィス,兵庫県,芦屋市,山芦屋町２番１９号,6590082
3140001032579,株式会社マイド,兵庫県,芦屋市,浜町８番６号,6590025
3140001032686,株式会社ｓｏｒａ,兵庫県,芦屋市,茶屋之町２−２１メイピース芦屋６０１号,6590067
3140001032901,株式会社新丸川,兵庫県,芦屋市,山手町２０番１７号,6590096
3140001033016,ライトセピア株式会社,兵庫県,芦屋市,浜町８番１０号,6590025
3140001033420,株式会社ジャストリンクホールディングス,兵庫県,芦屋市,岩園町２５番６号,6590013
3140001033429,株式会社ハーベストインターナショナル,兵庫県,芦屋市,大東町５番１２−３０２号,6590023
3140001033528,イタルコムジャパン株式会社,兵庫県,芦屋市,西山町５番９号,6590083
3140001033560,株式会社インサイト,兵庫県,芦屋市,東山町２５番２９号Ａ１０１号,6590091
3140001033577,株式会社ハウジングエイド,兵庫県,芦屋市,南宮町１４番２−２０６号,6590024
3140001033825,株式会社ＹＭライフ研究所,兵庫県,芦屋市,三条南町１１番４号,6590086
3140001033833,株式会社ピーユー企画,兵庫県,芦屋市,六麓荘町２５番１１号,6590011
3140001033908,株式会社芦屋メディカルサービス,兵庫県,芦屋市,船戸町６番２１号,6590093
3140001038007,日本医療宣研株式会社,兵庫県,芦屋市,大桝町６−５,6590066
3140001038188,株式会社凜,兵庫県,芦屋市,高浜町５番２−１２４号,6590033
3140001042339,株式会社Ｋ＆Ｍ,兵庫県,芦屋市,船戸町１１番９号,6590093
3140001046067,中野商店株式会社,兵庫県,芦屋市,六麓荘町１１番１号,6590011
3140001047081,株式会社グランドエース,兵庫県,芦屋市,川西町４番２号,6590072
3140001047247,ＡＬＦＡ−ＮＥＸＴ株式会社,兵庫県,芦屋市,奥池町３番２号,6590003
3140001047651,株式会社石鎚コーポレーション,兵庫県,芦屋市,奥池町２９番２号,6590003
3140001050548,株式会社西村工房,兵庫県,芦屋市,東芦屋町３番７号,6590095
3140001057072,共栄興産建築事業部株式会社,兵庫県,芦屋市,松浜町８番１８−２０９号,6590053
3140001067419,株式会社アスターコーポレーション,兵庫県,芦屋市,船戸町７番１１号,6590093
3140001067550,株式会社ミリオンベル神戸,兵庫県,芦屋市,松ノ内町５番５号,6590094
3140001067583,株式会社イーズスタイル,兵庫県,芦屋市,大原町２８−１,6590092
3140001067682,株式会社ＦＤＲ,兵庫県,芦屋市,南宮町１７−３３,6590024
3140001072360,株式会社リフレッシュ,兵庫県,芦屋市,南宮町１３番１−１１０号,6590024
3140001072435,株式会社ショーケース,兵庫県,芦屋市,南浜町４番２６号,6590037
3140001072749,株式会社タスク,兵庫県,芦屋市,大東町１３番１−３０６号,6590023
3140001072872,株式会社プランツ・キューブ,兵庫県,芦屋市,船戸町２番１−１１１２号,6590093
3140001073227,株式会社メディケア・プランニング,兵庫県,芦屋市,川西町８番１２号,6590072
3140001073383,株式会社ｐｒｅｃｉｓｅ,兵庫県,芦屋市,山手町１５番２２号,6590096
3140001073929,アヴァンセ株式会社,兵庫県,芦屋市,船戸町５番２６号,6590093
3140001083440,リ・オーレ株式会社,兵庫県,芦屋市,朝日ケ丘町１２番２１号,6590012
3140001086484,株式会社原賀接着技術コンサルタント,兵庫県,芦屋市,緑町１番９−３０１号,6590042
3140001086732,株式会社ＣＬトレーディング,兵庫県,芦屋市,打出町１番１７号,6590022
3140001086897,株式会社ユーロ・カー・ネットワーク,兵庫県,芦屋市,南宮町１１番１８−１号,6590024
3140001086947,株式会社ツウインクルフォト,兵庫県,芦屋市,東芦屋町５−１ラファエラ芦屋川２０３,6590095
3140001087895,株式会社ライフフォーカス,兵庫県,芦屋市,上宮川町２番８号第１９プロスパー芦屋４０２号,6590061
3140001088621,株式会社Ｆｌｏｒｉｓｔ　ＣＨＩＣＨＩ,兵庫県,芦屋市,東山町２番４号,6590091
3140001089025,株式会社ｉｋａｗａアートプランニング,兵庫県,芦屋市,公光町１番１５−１０２号,6590065
3140001089074,株式会社ことぶきビジネスサポート,兵庫県,芦屋市,大桝町１番１８号,6590066
3140001089272,阪神調剤ホールディング株式会社,兵庫県,芦屋市,大桝町１番１８号,6590066
3140001089900,株式会社トライアングル,兵庫県,芦屋市,山手町５番６号,6590096
3140001090049,株式会社Ｙ・Ｃ・Ｓ,兵庫県,芦屋市,新浜町６番３号,6590031
3140001090346,株式会社シーエスアイ,兵庫県,芦屋市,朝日ケ丘町４０番１４−１０７号,6590012
3140001091006,株式会社ＤＲＥＳＳＥＤ　ＭＩＮＤ,兵庫県,芦屋市,公光町１０−１０ＢＢｌｏｃｋ４Ｆ,6590065
3140001091030,株式会社グッドハウジング,兵庫県,芦屋市,業平町２番７−４０５号,6590068
3140001091187,株式会社ＦＫカンパニー,兵庫県,芦屋市,東芦屋町１７番１０号,6590095
3140001091212,株式会社ジョイ,兵庫県,芦屋市,大東町１０番１０号,6590023
3140001092004,株式会社ブルーベル神戸,兵庫県,芦屋市,業平町２番１０号,6590068
3140001092210,株式会社のぞみクリエイツ,兵庫県,芦屋市,陽光町３−８４,6590034
3140001092458,ピー・ジェー株式会社,兵庫県,芦屋市,若葉町２番２−６３２号,6590041
3140001092854,株式会社ピュアトラスト・関西,兵庫県,芦屋市,平田北町３番９号,6590073
3140001093729,ＥＺ株式会社,兵庫県,芦屋市,西蔵町１３番２２号,6590026
3140001093852,株式会社Ｒ．Ｅ．コンサルティング,兵庫県,芦屋市,岩園町５０番６号,6590013
3140001093968,株式会社ｓｔｕａｒｔ,兵庫県,芦屋市,西山町２３番１６号,6590083
3140001094082,株式会社花田,兵庫県,芦屋市,楠町９番３−３０４号,6590015
3140001094322,株式会社ｅ−未来,兵庫県,芦屋市,東山町７番７−４０３号,6590091
3140001094917,株式会社田中コーポレーション,兵庫県,芦屋市,奥池町１１番２６号,6590003
3140001095502,株式会社Ｎ＆Ｍ　ＣＯＭＰＡＮＹ,兵庫県,芦屋市,船戸町１−２５−１１４,6590093
3140001095510,株式会社和匠堂,兵庫県,芦屋市,春日町１３番２８−１０５号,6590021
3140001095519,株式会社洋コーポレーション,兵庫県,芦屋市,三条町１１番５号,6590087
3140001096260,神洋商事株式会社,兵庫県,芦屋市,伊勢町９番９号,6590052
3140001096649,株式会社くにとみ,兵庫県,芦屋市,船戸町８番１５号,6590093
3140001096764,株式会社芦屋Ｈ’ｓ　Ｇａｒｄｅｎ,兵庫県,芦屋市,精道町６番１２号,6590064
3140001097259,株式会社ＱＬＡＳＳ,兵庫県,芦屋市,春日町１番１２号,6590021
3140001097795,株式会社ヴィヴォ,兵庫県,芦屋市,涼風町１３番２４号,6590036
3140001097837,徳光商事株式会社,兵庫県,芦屋市,松ノ内町５番２号,6590094
3140001097944,株式会社ニコ・エ・プリュ,兵庫県,芦屋市,山芦屋町２０番９号,6590082
3140001098050,株式会社セドル,兵庫県,芦屋市,山手町２６番１号,6590096
3140001098406,Ｓｅｒｅｎｄｉｒ株式会社,兵庫県,芦屋市,東山町９番１８号,6590091
3140001098570,株式会社アティラ,兵庫県,芦屋市,東山町１番１９−１０２号,6590091
3140001098612,エムジェイ・ジョーンズ株式会社,兵庫県,芦屋市,奥池南町１７番１１号,6590004
3140001098926,株式会社ミック,兵庫県,芦屋市,大東町８番５−１０８号,6590023
3140001098934,株式会社オオカワ,兵庫県,芦屋市,呉川町７番１８号,6590051
3140001099445,株式会社ハートナータ,兵庫県,芦屋市,船戸町２番１−１２０７号,6590093
3140001099932,株式会社スターリー,兵庫県,芦屋市,高浜町７番１−８１２号,6590033
3140001100006,テクニカ・ゼン株式会社,兵庫県,芦屋市,岩園町２３番４５号２０５,6590013
3140001100716,株式会社小林事務所,兵庫県,芦屋市,涼風町１５番１０号,6590036
3140001100807,株式会社Ｏｎｅ’ｓ　Ｂｕｄｄｙ,兵庫県,芦屋市,西蔵町７番２８−４１０号,6590026
3140001101136,株式会社メイモ,兵庫県,芦屋市,上宮川町３番４号,6590061
3140001101276,株式会社Ｂ．アグリオ,兵庫県,芦屋市,公光町１０番１０号Ｎ−３,6590065
3140001101474,株式会社アロステン,兵庫県,芦屋市,大桝町１番１８号,6590066
3140001101763,ＴＢシステムサルヴェージ株式会社,兵庫県,芦屋市,南浜町１５番１９号,6590037
3140001102357,株式会社ベイコレクション,兵庫県,芦屋市,東芦屋町１番２３号,6590095
3140001102472,株式会社オーシャンエイド,兵庫県,芦屋市,大東町３−３,6590023
3140001102720,エヌ・エー・ジャパン株式会社,兵庫県,芦屋市,西蔵町４番８−４１２号,6590026
3140001102869,株式会社ヴェランド,兵庫県,芦屋市,松ノ内町２番７−４０２号,6590094
3140001103280,株式会社荒西,兵庫県,芦屋市,業平町５番１号,6590068
3140001103347,株式会社今井,兵庫県,芦屋市,公光町１０番２１号,6590065
3140001103363,イーエックストレード株式会社,兵庫県,芦屋市,公光町４−２８−Ａ４,6590065
3140001103504,株式会社大同,兵庫県,芦屋市,打出小槌町１３番７号,6590028
3140001103719,株式会社メープルホーム,兵庫県,芦屋市,浜芦屋町１番８−４０１号,6590054
3140001104171,株式会社Ｎ＆Ｚ,兵庫県,芦屋市,宮川町４番３号１０３号,6590063
3140001104386,株式会社室崎エンジニアリング,兵庫県,芦屋市,岩園町３４番６号,6590013
3140001104758,株式会社ＬＡＳ,兵庫県,芦屋市,岩園町４番１７−２号,6590013
3140001104824,株式会社統煕,兵庫県,芦屋市,奥池町２２番１８号,6590003
3140001105137,株式会社スピンアクシス,兵庫県,芦屋市,陽光町８番２０−１００３号,6590034
3140001105590,信和商会株式会社,兵庫県,芦屋市,東山町１６番１１−１００号,6590091
3140001105987,鼎株式会社,兵庫県,芦屋市,業平町８番２,6590068
3140001106044,リーリアン株式会社,兵庫県,芦屋市,浜町８番１０号,6590025
3140001106250,株式会社Ｇｓｈｉｎｅ,兵庫県,芦屋市,涼風町２５−２２,6590036
3140001106325,株式会社２２,兵庫県,芦屋市,岩園町４７番６号,6590013
3140001106333,株式会社Ｒｅｌａｐｓｅ,兵庫県,芦屋市,上宮川町５−１２サンロイス芦屋３号館１０４号,6590061
3140001106473,株式会社梅澤興業,兵庫県,芦屋市,浜町６番２２号,6590025
3140001106993,ネクストライフ株式会社,兵庫県,芦屋市,月若町１番２−１号,6590084
3140001107265,トーレック株式会社,兵庫県,芦屋市,大桝町５番１２号３,6590066
3140001107554,Ａ＆Ｋ株式会社,兵庫県,芦屋市,高浜町１５番７号,6590033
3140001108817,株式会社ジョイフルホームズ,兵庫県,芦屋市,業平町２番７−４０５号,6590068
3140001108833,株式会社真洋,兵庫県,芦屋市,山芦屋町４番１０号,6590082
3140001109261,株式会社エフ,兵庫県,芦屋市,茶屋之町２番２１号−４０３号室,6590067
3140001109435,株式会社利焔,兵庫県,芦屋市,潮見町６番５−４号,6590043
3140001109823,株式会社Ｋｎｏｗｌｅｄｇｅ　Ｏｎｅ,兵庫県,芦屋市,公光町２番９−２号,6590065
3140001110293,株式会社Ｐｌｕｓ　Ｂｒｉｇｈｔ,兵庫県,芦屋市,楠町１３番２７−１２３号,6590015
3140001110327,株式会社ラ・グリュー,兵庫県,芦屋市,朝日ケ丘町６番１１−１０５号,6590012
3140001110459,メインパートナー株式会社,兵庫県,芦屋市,春日町７番１号,6590021
3140001110558,Ｍ．Ｙ．Ｏ　ｉｎｔｅｒｎａｔｉｏｎａｌ株式会社,兵庫県,芦屋市,翠ケ丘町１８番２４号,6590014
3140001110665,株式会社メディアエステート,兵庫県,芦屋市,三条南町８番１２−４０３,6590086
3140001111135,株式会社ヴォンサイ,兵庫県,芦屋市,精道町６−１０−１０３号,6590064
3140001111192,株式会社ＲＥＮＮＹ,兵庫県,芦屋市,六麓荘町８番２４号,6590011
3140001111639,株式会社エム,兵庫県,芦屋市,精道町３番１−１０４号,6590064
3140001111894,株式会社神舞衣,兵庫県,芦屋市,岩園町２９番５号Ｂ２０１,6590013
3140001112769,株式会社オフィスＹＡＢＵ,兵庫県,芦屋市,新浜町２番５号ラ・ヴェール芦屋Ｉ−１００４,6590031
3140001113107,株式会社ミッションウエスト,兵庫県,芦屋市,朝日ケ丘町２８番２３号,6590012
3140001113354,株式会社Ｅｌｉｓｅｅｌ,兵庫県,芦屋市,月若町４番１９号月若町パークマンション２０１号,6590084
3140001113395,株式会社クロスドッグ,兵庫県,芦屋市,大桝町５番８アパートメント芦屋大桝３０２,6590066
3140001113503,美輝テック株式会社,兵庫県,芦屋市,朝日ケ丘町１０番３１,6590012
3140001113627,株式会社忠恵,兵庫県,芦屋市,大原町１３番９号,6590092
3140001113668,株式会社ＦＩＶＥＤＥＳＩＧＮ,兵庫県,芦屋市,松ノ内町３番３３号蔵,6590094
3140001114377,株式会社スパイスドリーム,兵庫県,芦屋市,業平町４番６号,6590068
3140001114773,株式会社シルバーアシスタンス,兵庫県,芦屋市,大桝町５番１６−５０１号,6590066
3140001114971,株式会社ＯＭＮＩＣＥ　ＳＯＦＴ,兵庫県,芦屋市,松ノ内町２番２号,6590094
3140001115400,エディソンリアルティ株式会社,兵庫県,芦屋市,松ノ内町３番１４−３０９号,6590094
3140001116274,株式会社ドラゴンハート,兵庫県,芦屋市,打出小槌町１２番６号１０１,6590028
3140001117462,デジタルヒューマン株式会社,兵庫県,芦屋市,船戸町５番２６号,6590093
3140001117702,株式会社アルチェ芦屋,兵庫県,芦屋市,三条町１１番６号,6590087
3140001118295,株式会社シーフローＩｎｃ．,兵庫県,芦屋市,松ノ内町６番２６−３号,6590094
3140001118403,株式会社コスモ・コスモ,兵庫県,芦屋市,松ノ内町５番６号クレッソンコート芦屋Ｃ,6590094
3140001119533,株式会社コータス,兵庫県,芦屋市,平田町３番１８号,6590074
3140001119582,株式会社ｉｃｈｉｇｅｋｉ　ｓｙｓｔｅｍ,兵庫県,芦屋市,山手町２６番１号,6590096
3140001119673,ＭＶＣ　Ｊａｐａｎ株式会社,兵庫県,芦屋市,宮塚町１５番４−３０２号,6590062
3140001120037,Ｓｅｒｅｎｉｔｙ　Ｃｏｎｓｕｌｔｉｎｇ　Ｊａｐａｎ株式会社,兵庫県,芦屋市,奥池町１３番１３号,6590003
3140001120053,株式会社ＨＯＮＥＳＴ,兵庫県,芦屋市,大東町１２番２３−５０５号,6590023
3140001120152,株式会社シーズナブル,兵庫県,芦屋市,大原町２８番１６−４０４号,6590092
3140001120210,株式会社ＧＧＱ,兵庫県,芦屋市,西山町２３番１６−２０２号,6590083
3140001120672,株式会社ＤＵＣＫＳ,兵庫県,芦屋市,東山町２０番１６号,6590091
3140001120862,株式会社Ｏｒｉｇｉｎ＆Ｒｅｌａｘ,兵庫県,芦屋市,松浜町１４番３４−１２１号,6590053
3140001121002,株式会社ルアナライフコーポレーション,兵庫県,芦屋市,公光町２番１３号,6590065
3140001121076,株式会社リ・デザイン,兵庫県,芦屋市,川西町４−２２ＮＬＣ芦屋２０７,6590072
3140001121448,株式会社ブレイントラストジャパン,兵庫県,芦屋市,松浜町７番２号,6590053
3140001122322,山本経営会計株式会社,兵庫県,芦屋市,船戸町６番１９−１０７号,6590093
3140001123163,株式会社ｔｕｍｕｇｕｕ,兵庫県,芦屋市,茶屋之町６番１４号,6590067
3140001123295,株式会社Ｊ−ＡＭＰ,兵庫県,芦屋市,東山町７番７−２０６号,6590091
3140001123592,阪神医療サービス株式会社,兵庫県,芦屋市,岩園町２４番１８号,6590013
3140001123907,株式会社Ｇｏｏｄ,兵庫県,芦屋市,大東町１１番２０−５０８号,6590023
3140001123997,株式会社プロメディカル,兵庫県,芦屋市,東芦屋町１７番１０号,6590095
3140001124112,ＣＲＥＳＴ　ＧＬＯＢＡＬ　ＡＤＶＩＳＯＲＹ株式会社,兵庫県,芦屋市,朝日ケ丘町１０番３５−２１０号,6590012
3140001124310,株式会社レイコンサルティング,兵庫県,芦屋市,東芦屋町３番１９−５０１号,6590095
3140001124673,株式会社Ｙｅｌｌ　ｔｒｅｅ,兵庫県,芦屋市,楠町３−１１（株）Ｔａｋｅ　ｙｏｕｒ　ｍａｒｋｓ内,6590015
3140001124715,株式会社Ｉｒｉｓファイバーズーム,兵庫県,芦屋市,松浜町１５番１５−２０１号,6590053
3140001125275,株式会社Ｗｉｓｅコーポレーション,兵庫県,芦屋市,船戸町５番１８−５０４号,6590093
3140001125647,株式会社その日ぐらし,兵庫県,芦屋市,楠町２番１２−６０１号,6590015
3140001125837,株式会社Ｃｏｍａ’ｓインターナショナル,兵庫県,芦屋市,翠ケ丘町１５番１−３０５号,6590014
3140001126356,株式会社カルボン,兵庫県,芦屋市,前田町６番６−５０１号,6590071
3140001126760,株式会社Ｋ．Ｐ．Ｍフロンティア,兵庫県,芦屋市,翠ケ丘町１８番２４−３号,6590014
3140001126892,フリーフロー株式会社,兵庫県,芦屋市,奥山１２番地５０４号,6590002
3140001127288,Ｇｒａｙ　Ｒｅｓｅａｒｃｈ　Ｉｎｓｔｉｔｕｔｅ株式会社,兵庫県,芦屋市,月若町２番１８号,6590084
3140001127370,株式会社ＧＲＯＵＮＤ　ＲＯＣＫ　ＣＡＳＴＬＥ,兵庫県,芦屋市,業平町４番６号,6590068
3140001127643,Ｇｈｏｓｔ　Ｃａｓｔｌｅ株式会社,兵庫県,芦屋市,公光町４番３１号,6590065
3140001127800,潁川堂国際貿易株式会社,兵庫県,芦屋市,陽光町８番２０号エスリード芦屋陽光町１３０１号室,6590034
3140001128328,株式会社ＬＧ　ＰＲＯＪＥＣＴ,兵庫県,芦屋市,松ノ内町７番１３−１号,6590094
3140001128410,株式会社Ｓ＆Ｃ　ＢＡＳＥ,兵庫県,芦屋市,津知町９番１−２１０号,6590075
3140001128501,エイチプラス１２株式会社,兵庫県,芦屋市,大桝町１番１８号,6590066
3140001129524,株式会社ＡＬＵ,兵庫県,芦屋市,業平町１−１２サニーガーデン６０１,6590068
3140001130597,株式会社ｓｈｉｎ,兵庫県,芦屋市,船戸町５番２６号,6590093
3140001130837,株式会社Ｒ　ｒｅａｃｔｉｏｎ,兵庫県,芦屋市,朝日ケ丘町４番３０−３０５号,6590012
3140001131406,ＭＡＳＡＫＩ　Ｃｏｒｐｏｒａｔｉｏｎ株式会社,兵庫県,芦屋市,川西町４番２号ヴィーヴォ芦屋２０１,6590072
3140001131422,株式会社ＣＥＬ‐ＥＮＡ,兵庫県,芦屋市,船戸町５−２６,6590093
3140001132610,株式会社Ｐｒｉｂｂｏｎ,兵庫県,芦屋市,船戸町３番２５号ラインビルド芦屋船戸３０４,6590093
3140001132825,Ｐ＆Ｙ株式会社,兵庫県,芦屋市,三条町３５番１３号,6590087
3140001133006,株式会社ウイニングスポット,兵庫県,芦屋市,大桝町１番１３−４０１号,6590066
3140001133071,株式会社Ａｌｐｈａ,兵庫県,芦屋市,岩園町２２番６９号,6590013
3140001133534,株式会社ＥＸＳＴＡ,兵庫県,芦屋市,朝日ケ丘町８−１８−１１１,6590012
3140001133575,株式会社フォルテッシモ,兵庫県,芦屋市,親王塚町８番５号,6590016
3140001134078,ワイズクリエイティブ株式会社,兵庫県,芦屋市,岩園町１１番１８号,6590013
3140001134672,株式会社フォード,兵庫県,芦屋市,翠ケ丘町２０番９−３０１号,6590014
3140001134945,グリフォン株式会社,兵庫県,芦屋市,大原町２０番２１−１０３号,6590092
3140001135150,ペガサス総研株式会社,兵庫県,芦屋市,公光町４番２８号芦屋市商工会館１階Ａ−５,6590065
3140001135159,株式会社ＳＨＩＢＡＬＡＢＯ,兵庫県,芦屋市,船戸町５−２６マリアキャリーヌビル,6590093
3140001135654,株式会社オネット,兵庫県,芦屋市,浜風町２６番６号,6590032
3140001136347,ＡＭＰＥＲ株式会社,兵庫県,芦屋市,大桝町５番１２号３,6590066
3140001136396,Ｅｃｌｅｎｄｅｕｒ株式会社,兵庫県,芦屋市,楠町１５番１４−４０７号,6590015
3140001136669,株式会社ピーヌスリーベル,兵庫県,芦屋市,船戸町３番６−２０５号,6590093
3140001137568,株式会社Ｇｅｍｉｎｉ,兵庫県,芦屋市,松ノ内町１０番１１−１−３０１号,6590094
3140001138392,株式会社Ｓ＆ＡＡ環境ソリューションズ,兵庫県,芦屋市,山手町１４番２号,6590096
3140001138599,スマイルサーカス株式会社,兵庫県,芦屋市,業平町７番２３−３０１号,6590068
3140001138913,株式会社Ｍｏｏｎｇｌｏｗ,兵庫県,芦屋市,浜町５番１８−３０６号,6590025
3140001139201,株式会社ＫＩＮＥ,兵庫県,芦屋市,茶屋之町７−７−１０１,6590067
3140001139589,株式会社セブンフィート,兵庫県,芦屋市,公光町７番１０−５０３号,6590065
3140001140068,グローネット株式会社,兵庫県,芦屋市,東芦屋町１−７−２０２,6590095
3140001140150,バックフィールドマネジメント株式会社,兵庫県,芦屋市,朝日ケ丘町３番５ー５０３号,6590012
3140001140877,株式会社ＢＵＬＬＲＯＳＹ,兵庫県,芦屋市,山手町２６番１−２０１号,6590096
3140001141743,株式会社オクコシ,兵庫県,芦屋市,翠ケ丘町３番２７−３０２号,6590014
3140001142089,アート研究所株式会社,兵庫県,芦屋市,山芦屋町４番２７号,6590082
3140001142584,ＴＡＳＵ株式会社,兵庫県,芦屋市,西蔵町７番１９号,6590026
3140002000163,株式会社エイ・ヂエイ・ワイ,兵庫県,芦屋市,東山町６番１２号,6590091
3140002018817,株式会社フォーホイーラーズ,兵庫県,芦屋市,大桝町５番１５号,6590066
3140002022744,株式会社プラチナホールディングス,兵庫県,芦屋市,南浜町２番９号,6590037
3150001023313,京王コンサルタント株式会社,兵庫県,芦屋市,呉川町１１番６号,6590051
3150002010995,株式会社花田設計事務所,兵庫県,芦屋市,茶屋之町２番２１−９０１号,6590067
3180001120495,キー・オブ・ライフ株式会社,兵庫県,芦屋市,東山町２６番２号,6590091
3200001027944,グレイスコーポレィション株式会社,兵庫県,芦屋市,山芦屋町１７番７号,6590082
4010001132143,株式会社タカラバコ,兵庫県,芦屋市,岩園町４７番４号,6590013
4010401107851,ＭａｔｈＮｏｒｉ株式会社,兵庫県,芦屋市,六麓荘町１１−５,6590011
4010401112926,株式会社Ｆｏｏｄ　Ｄｅｓｉｇｎ　Ｐｒｏｍｏｔｉｏｎ,兵庫県,芦屋市,大原町２０番１０−３０２号,6590092
4010601064158,株式会社Ｍ＆Ｓ,兵庫県,芦屋市,茶屋之町５番６号Ｃｌａｉｒｅ芦屋茶屋之町３０２,6590067
4011001066827,株式会社サイバーアース,兵庫県,芦屋市,船戸町五丁目２６,6590093
4011001071100,株式会社Ｒｉｃｋｓ　Ｅｎｔｅｒｐｒｉｓｅ,兵庫県,芦屋市,松ノ内町１番２０−４０６号,6590094
4120001003192,関西木管株式会社,兵庫県,芦屋市,三条南町７番１１号,6590086
4120001005437,株式会社シズルジャパン,兵庫県,芦屋市,山手町２６番２−１０１号,6590096
4120001013407,株式会社ＩＷＣ,兵庫県,芦屋市,山手町３１番３３号,6590096
4120001036639,株式会社メディアエステート,兵庫県,芦屋市,三条南町８番１２,6590086
4120001039369,株式会社嶋村管財,兵庫県,芦屋市,西山町２１番８号,6590083
4120001054673,株式会社ジー・エヌ・ジー総研,兵庫県,芦屋市,岩園町３２番１４−１０１号,6590013
4120001062437,勧友建物株式会社,兵庫県,芦屋市,浜風町１２番１４号,6590032
4120001069226,阪神観光株式会社,兵庫県,芦屋市,六麓荘町１０番２５号,6590011
4120001069812,フジックス株式会社,兵庫県,芦屋市,三条南町１２番２号,6590086
4120001076569,株式会社オチノ,兵庫県,芦屋市,浜芦屋町２番１４号,6590054
4120001087236,羽田産業株式会社,兵庫県,芦屋市,東芦屋町１４番１７号,6590095
4120001127834,株式会社ＴＫＳ,兵庫県,芦屋市,東芦屋町１８番１５−１０１号,6590095
4120001130425,ナガタデザイン株式会社,兵庫県,芦屋市,南宮町１番１８−１号２０２号,6590024
4120001138823,株式会社プウ・ヴワール,兵庫県,芦屋市,山芦屋町１５−８−１０６,6590082
4120001141760,株式会社アールワイ,兵庫県,芦屋市,陽光町６番５−１００５号,6590034
4120001163301,株式会社ＴＷＯ　ＴＲＵＳＴ,兵庫県,芦屋市,陽光町８番２０号,6590034
4120001172715,シティホールディングス株式会社,兵庫県,芦屋市,西芦屋町４番２４号,6590085
4120001173127,山本商会株式会社,兵庫県,芦屋市,大桝町１番１４号,6590066
4120001173498,深田センチュリー株式会社,兵庫県,芦屋市,西山町２１番１７号,6590083
4120001177763,株式会社Ａ−ＬＡＢＯ,兵庫県,芦屋市,翠ケ丘町１０番１号２０３号,6590014
4120001184660,株式会社フロントリバー,兵庫県,芦屋市,川西町４−２２−Ｂ００１,6590072
4120001186013,株式会社ライフシェア心人,兵庫県,芦屋市,津知町７−７,6590075
4120001189379,株式会社ＬＨＫ,兵庫県,芦屋市,伊勢町４番１２号,6590052
4120001200764,株式会社ジーニー,兵庫県,芦屋市,松ノ内町３番１９号,6590094
4120001202496,ブレイントラスト株式会社,兵庫県,芦屋市,船戸町１２番６−３０２号,6590093
4120001202703,株式会社ＭＡＮＡＩ,兵庫県,芦屋市,海洋町１２番１,6590035
4120001210994,株式会社デスペラーズ,兵庫県,芦屋市,東芦屋町８−５−２０５号,6590095
4120001221190,ＫＵＺＭＯ株式会社,兵庫県,芦屋市,涼風町２０番１０号,6590036
4120001222651,株式会社ｓｈｏ‐ｔａ‐ｍｉ,兵庫県,芦屋市,奥池町２８番１６号,6590003
4120001253234,ＯＳＡ船舶代理株式会社,兵庫県,芦屋市,涼風町２１番２２号,6590036
4120001278371,株式会社ｋｉｒｉｕｍｉｎａ,兵庫県,芦屋市,東山町五丁目１０番リアライズ芦屋東山ビルＩ２０３号,6590091
4120101000180,株式会社大福,兵庫県,芦屋市,親王塚町８番１３号,6590016
4120101035301,株式会社Ｋ＆Ｒ,兵庫県,芦屋市,楠町５−１セフィーロ芦屋１階,6590015
4120901030559,株式会社ＧＯＯＤＮＥＳＳ　ＬＡＢ,兵庫県,芦屋市,西山町１１番１７号,6590083
4122001023427,株式会社三島コーポレーション,兵庫県,芦屋市,呉川町１１番６号,6590051
4122001029291,高久工業株式会社,兵庫県,芦屋市,東山町２９番２号,6590091
4122001034325,株式会社ＷＩＳＥ　ＷＯＲＫ,兵庫県,芦屋市,浜芦屋町１番８号,6590054
4130001018231,株式会社トムス,兵庫県,芦屋市,松ノ内町１０番１１−１ラフィーネ芦屋１０１号室,6590094
4130001030277,テクノファイブ株式会社,兵庫県,芦屋市,浜芦屋町９番１４−２０５号,6590054
4130001047692,株式会社千明,兵庫県,芦屋市,山芦屋町１８番８−１０７号,6590082
4140001000064,株式会社アキヨシ,兵庫県,芦屋市,伊勢町１２番２７号,6590052
4140001000072,株式会社あしや苑,兵庫県,芦屋市,西山町１２番２号,6590083
4140001000080,株式会社芦屋教育研究会,兵庫県,芦屋市,打出小槌町１４番１２号,6590028
4140001000089,株式会社芦屋サンシヤインセンター,兵庫県,芦屋市,公光町８番２号,6590065
4140001000097,株式会社アシャック,兵庫県,芦屋市,岩園町４５番１号,6590013
4140001000106,芦屋福丸水産株式会社,兵庫県,芦屋市,浜町１５番１３号,6590025
4140001000122,株式会社アトリエスミコ,兵庫県,芦屋市,船戸町２番１−１０８号,6590093
4140001000163,株式会社イトー屋,兵庫県,芦屋市,浜町３番８号,6590025
4140001000171,株式会社インパクト,兵庫県,芦屋市,大桝町１番２５号,6590066
4140001000188,株式会社ウェルテック,兵庫県,芦屋市,平田町８番５−１０５号,6590074
4140001000221,株式会社大阪鯨レーシング製造所,兵庫県,芦屋市,山手町２７番１−７０５号,6590096
4140001000238,オックスフォード・トレーディング株式会社,兵庫県,芦屋市,朝日ケ丘町７番２２−２０６号,6590012
4140001000262,株式会社笠谷工務店,兵庫県,芦屋市,業平町４番１号,6590068
4140001000270,株式会社川北工務店,兵庫県,芦屋市,竹園町３番２３号,6590055
4140001000295,協和建物管理株式会社,兵庫県,芦屋市,東山町２８番１９号,6590091
4140001000312,株式会社ＴＨＥ　ＨＥＲＢＳ,兵庫県,芦屋市,南宮町３番１０号,6590024
4140001000353,株式会社コスモポライト,兵庫県,芦屋市,六麓荘町２０番２５号,6590011
4140001000378,株式会社酒井住建,兵庫県,芦屋市,若葉町６番１−１０１１号,6590041
4140001000394,イース株式会社,兵庫県,芦屋市,春日町２２番７号,6590021
4140001000403,サン・リジエール株式会社,兵庫県,芦屋市,業平町７の１４,6590068
4140001000411,株式会社シーアンドシー,兵庫県,芦屋市,船戸町７番２号,6590093
4140001000428,株式会社ジゴレット,兵庫県,芦屋市,岩園町１番７号,6590013
4140001000436,株式会社篠原,兵庫県,芦屋市,東山町１５番１４号,6590091
4140001000444,松竹トレーディング株式会社,兵庫県,芦屋市,潮見町１２番１号,6590043
4140001000452,ジョブシェアー株式会社,兵庫県,芦屋市,山芦屋町１３番９号,6590082
4140001000469,クラシード・芦屋株式会社,兵庫県,芦屋市,東芦屋町３番１０号１０２,6590095
4140001000477,誠和株式会社,兵庫県,芦屋市,山手町３番３１−３０１号,6590096
4140001000493,株式会社ソース,兵庫県,芦屋市,南宮町５番５号,6590024
4140001000502,大晃株式会社,兵庫県,芦屋市,岩園町２４番１７号,6590013
4140001000510,大成物産株式会社,兵庫県,芦屋市,松浜町３番１２号,6590053
4140001000519,株式会社大彦,兵庫県,芦屋市,呉川町１７番１９−２０２号,6590051
4140001000527,ダイワホームズ株式会社,兵庫県,芦屋市,翠ケ丘町２番６号,6590014
4140001000551,チュニツク株式会社,兵庫県,芦屋市,大東町７番１５号,6590023
4140001000584,株式会社豊島商店,兵庫県,芦屋市,東芦屋町１５番２６号,6590095
4140001000592,中川ヒローズ株式会社,兵庫県,芦屋市,山手町７番３２号,6590096
4140001000601,アイレーション株式会社,兵庫県,芦屋市,精道町１２番４号,6590064
4140001000618,西本建設株式会社,兵庫県,芦屋市,大原町７番３号,6590092
4140001000626,株式会社日仏商会,兵庫県,芦屋市,大東町１０番６号,6590023
4140001000634,株式会社ネットワークインターナショナル,兵庫県,芦屋市,南宮町１８番１８−４１６号,6590024
4140001000667,株式会社浜田建築設計事務所,兵庫県,芦屋市,南宮町４番７−３０４号,6590024
4140001000683,株式会社千暮里,兵庫県,芦屋市,船戸町５番２６号,6590093
4140001000717,古瀬商事株式会社,兵庫県,芦屋市,精道町１０番１７−１０１号,6590064
4140001000725,株式会社ベラ,兵庫県,芦屋市,朝日ケ丘町１０番３５−７１５号,6590012
4140001000733,株式会社宝登久,兵庫県,芦屋市,上宮川町２番８号,6590061
4140001000741,株式会社ポリケミカルズリミテッド,兵庫県,芦屋市,楠町７番１３号,6590015
4140001000758,松橋産業株式会社,兵庫県,芦屋市,春日町１３番２８−５０７号,6590021
4140001000766,株式会社丸川,兵庫県,芦屋市,山手町２０番１７号,6590096
4140001000782,株式会社三ツ輪コーポレーション,兵庫県,芦屋市,竹園町１番２０−１０３号,6590055
4140001000790,株式会社村井不動産,兵庫県,芦屋市,山手町６番２７号,6590096
4140001000832,株式会社山脇デザインオフィス,兵庫県,芦屋市,大原町１１番４号,6590092
4140001000840,株式会社ユニグラフィック,兵庫県,芦屋市,奥池町２７番１１−４０１号,6590003
4140001000849,株式会社ヨハネス,兵庫県,芦屋市,緑町１番４−５０３号,6590042
4140001000865,株式会社リージェント・ファーイースト,兵庫県,芦屋市,精道町８番１８−１０２号,6590064
4140001000873,株式会社リベルタ,兵庫県,芦屋市,松ノ内町４番６−４０２号,6590094
4140001000907,日本ジョイント工事株式会社,兵庫県,芦屋市,岩園町２２番３７号,6590013
4140001000915,ＥＭＫ株式会社,兵庫県,芦屋市,大原町７番３号西本ビル２０４号,6590092
4140001001599,サンスポーツ株式会社,兵庫県,芦屋市,翠ケ丘町２番９号,6590014
4140001001748,株式会社Ｚコーポレーション,兵庫県,芦屋市,浜町８番７号,6590025
4140001001888,大新交通株式会社,兵庫県,芦屋市,大桝町１番２５号アクセシオ芦屋３Ｆ,6590066
4140001002052,株式会社東源,兵庫県,芦屋市,三条町２０番１９号,6590087
4140001002309,株式会社マインドデザイン,兵庫県,芦屋市,竹園町１番２２−４０４号,6590055
4140001003389,株式会社三貴,兵庫県,芦屋市,川西町１２番１２号,6590072
4140001004164,森石油株式会社,兵庫県,芦屋市,岩園町２７番２号,6590013
4140001006474,株式会社エヌケーアール,兵庫県,芦屋市,大原町７番３号西本ビル３階,6590092
4140001010402,株式会社日乃出興産,兵庫県,芦屋市,西芦屋町４番１７号,6590085
4140001010971,松原興産株式会社,兵庫県,芦屋市,岩園町７番２号,6590013
4140001012282,日本マリン株式会社,兵庫県,芦屋市,岩園町３３番２７号,6590013
4140001019014,嶋田興産株式会社,兵庫県,芦屋市,翠ケ丘町１１番１０号,6590014
4140001019815,株式会社竹内商店,兵庫県,芦屋市,東芦屋町１６番２２号,6590095
4140001019889,芦屋不動産株式会社,兵庫県,芦屋市,六麓荘町９番２０号,6590011
4140001019963,株式会社プルミエール,兵庫県,芦屋市,精道町６番１７号,6590064
4140001020137,株式会社梅園,兵庫県,芦屋市,親王塚町４番２２−４１２号,6590016
4140001020293,株式会社日本地所,兵庫県,芦屋市,岩園町３８番１２号,6590013
4140001020434,大東商事株式会社,兵庫県,芦屋市,東芦屋町１６番１８号,6590095
4140001020517,為岡緑地建設株式会社,兵庫県,芦屋市,宮塚町１７番６号,6590062
4140001020780,エクセルエンジニアリング株式会社,兵庫県,芦屋市,奥池南町２４番３５号,6590004
4140001020806,日本コウジィ・システム株式会社,兵庫県,芦屋市,高浜町３番１−３１２号,6590033
4140001021093,株式会社醐醍,兵庫県,芦屋市,大原町２番６号,6590092
4140001022265,サンタ・コンサルタント株式会社,兵庫県,芦屋市,東芦屋町２１番１８号,6590095
4140001022538,アドバンテージ管財株式会社,兵庫県,芦屋市,公光町７番１０号,6590065
4140001022587,株式会社丸与,兵庫県,芦屋市,楠町３番１３号,6590015
4140001022728,株式会社エヌ設計,兵庫県,芦屋市,平田町２番８−１０８号,6590074
4140001022884,株式会社粟野,兵庫県,芦屋市,東山町５番１号,6590091
4140001023503,株式会社Ｎ・Ｋ技研,兵庫県,芦屋市,大原町１１番２４−７０２号,6590092
4140001023593,株式会社イケダ不動産,兵庫県,芦屋市,月若町５番１２号,6590084
4140001023973,株式会社トレジョリー,兵庫県,芦屋市,東芦屋町２５番４１号,6590095
4140001024229,株式会社ベルエアー,兵庫県,芦屋市,打出町３番３０号,6590022
4140001024336,株式会社シーエスワン,兵庫県,芦屋市,山手町１２番１５−１１０４号,6590096
4140001024550,株式会社一興,兵庫県,芦屋市,呉川町１５番１８号,6590051
4140001024690,ジェイ・ケイ・アイ株式会社,兵庫県,芦屋市,大桝町１番１１号,6590066
4140001024823,株式会社ＦＵＴＵＲＥ　ＩＮＴＥＬＬＩＧＥＮＣＥ　ＴＲＡＮＳＦＯＲＭ,兵庫県,芦屋市,高浜町４番１−５３１号,6590033
4140001024864,株式会社ファブルゼィール,兵庫県,芦屋市,打出小槌町１４−１０,6590028
4140001025136,株式会社アソシエイツオブホスピタリティ,兵庫県,芦屋市,高浜町９番２−６４３号,6590033
4140001025268,グリーンスター晴儷株式会社,兵庫県,芦屋市,松ノ内町２番１５−１０１号,6590094
4140001025441,株式会社エムアール,兵庫県,芦屋市,南浜町３番９号,6590037
4140001025516,株式会社小野教育総合研究所,兵庫県,芦屋市,若宮町５−１４,6590027
4140001025664,株式会社北村電気商会,兵庫県,芦屋市,大原町４番１４号,6590092
4140001026118,株式会社今人,兵庫県,芦屋市,親王塚町４番５号,6590016
4140001026175,株式会社リゼル,兵庫県,芦屋市,平田町１番７号,6590074
4140001026290,株式会社コバヤシダイスケ,兵庫県,芦屋市,打出小槌町９番８−４０２号,6590028
4140001026464,株式会社ヤマセ不動産,兵庫県,芦屋市,公光町４番２０−１０５号,6590065
4140001027041,美登里株式会社,兵庫県,芦屋市,朝日ケ丘町２−４−３２２,6590012
4140001027140,英光株式会社,兵庫県,芦屋市,大原町１８番１３号,6590092
4140001027198,株式会社ソーマ,兵庫県,芦屋市,大原町７番３号,6590092
4140001027462,株式会社グランメール芦屋,兵庫県,芦屋市,大東町３番３号,6590023
4140001027512,太野垣よう株式会社,兵庫県,芦屋市,山手町１３番３号,6590096
4140001027537,イオンラボ株式会社,兵庫県,芦屋市,翠ケ丘町１０番１７号,6590014
4140001027669,ダイワ総合管理株式会社,兵庫県,芦屋市,親王塚町９番９号,6590016
4140001027850,株式会社Ｒ,兵庫県,芦屋市,岩園町３３番１６号,6590013
4140001027867,株式会社如月,兵庫県,芦屋市,茶屋之町１０番６号,6590067
4140001027990,株式会社スプリング・ライフ,兵庫県,芦屋市,奥池町１０番２３号,6590003
4140001028072,アムス株式会社,兵庫県,芦屋市,宮塚町８番６号,6590062
4140001028337,株式会社萬歳,兵庫県,芦屋市,打出町２番１２号,6590022
4140001028989,株式会社櫓フードビジネス,兵庫県,芦屋市,西蔵町４−２,6590026
4140001029293,株式会社あぶく,兵庫県,芦屋市,精道町３番２１−１０２号,6590064
4140001029616,Ｉ　ｓｃｒｅａｍ　ｓｙｓｔｅｍｓ株式会社,兵庫県,芦屋市,山手町１２番１５−５０２号,6590096
4140001029673,株式会社ウォレス,兵庫県,芦屋市,宮川町８番１９号,6590063
4140001029756,株式会社フォーナイン,兵庫県,芦屋市,大原町５番３号,6590092
4140001029789,吉野忠株式会社,兵庫県,芦屋市,山手町１９番３１号,6590096
4140001029839,株式会社ペリドット,兵庫県,芦屋市,三条南町７番２１号,6590086
4140001029938,株式会社ストラス,兵庫県,芦屋市,楠町１２番２０−６０２号,6590015
4140001030045,株式会社日本エコバームコーポレーション,兵庫県,芦屋市,三条町１７番２５号,6590087
4140001030169,株式会社アルピニスト,兵庫県,芦屋市,南浜町３番５号,6590037
4140001030251,株式会社宏明,兵庫県,芦屋市,東芦屋町１７番２６号,6590095
4140001030350,株式会社ＡＱＵＡＭＡＲＩＮＥ,兵庫県,芦屋市,東芦屋町９番８号メインステージ芦屋川,6590095
4140001030400,株式会社ＳＣＢ,兵庫県,芦屋市,大桝町７番１５号,6590066
4140001030573,銭屋興産株式会社,兵庫県,芦屋市,松浜町５番１７号ヴィラぺティロッソ芦屋Ｆ,6590053
4140001030598,株式会社攝津地所,兵庫県,芦屋市,船戸町１２番１号,6590093
4140001030689,株式会社フェイス,兵庫県,芦屋市,前田町８番１５号,6590071
4140001031092,株式会社ビーフリージャパン,兵庫県,芦屋市,山手町２６番３−１０１号,6590096
4140001031142,株式会社サルトコーポレーション,兵庫県,芦屋市,春日町７番１号ＭＡＩＮ・ＳＴＡＧＥ・ＴｈｅＢａｓｅ別棟２Ｆ,6590021
4140001031332,Ｔ＆Ｓさくらカンパニー株式会社,兵庫県,芦屋市,若葉町２番１号８１２,6590041
4140001031794,株式会社フラックス,兵庫県,芦屋市,翠ケ丘町１６番１６−５１８号,6590014
4140001031836,株式会社アイビー,兵庫県,芦屋市,海洋町１番１号,6590035
4140001031992,株式会社ダンスオブハーツエデュケーション,兵庫県,芦屋市,松ノ内町１番１０号,6590094
4140001032454,サファイアインターナショナル株式会社,兵庫県,芦屋市,岩園町３９番１５号,6590013
4140001032512,株式会社システム・アイ,兵庫県,芦屋市,伊勢町１０番２６号,6590052
4140001032693,株式会社クラッシー・ファミリーコンシェルジェ関西,兵庫県,芦屋市,松ノ内町３番１号,6590094
4140001032826,株式会社ロータスコレクション,兵庫県,芦屋市,船戸町３−２４−１ＭＴビル５Ｆ,6590093
4140001032990,芦有ドライブウェイ株式会社,兵庫県,芦屋市,奥池南町３４番１号,6590004
4140001033246,Ｔｈｉｎｋ　Ｏｕｔ株式会社,兵庫県,芦屋市,山手町１２番１５−５０２号,6590096
4140001033634,株式会社カテキョドットコム,兵庫県,芦屋市,三条南町７番１４−２０２号,6590086
4140001033881,株式会社ミカミ,兵庫県,芦屋市,松浜町３番１３号,6590053
4140001033989,株式会社ＧＡ,兵庫県,芦屋市,大原町１２番１−１０２号,6590092
4140001034054,株式会社ＷＡＫＡＭＡＴＳＵ,兵庫県,芦屋市,南浜町９番９号,6590037
4140001034789,楠商事株式会社,兵庫県,芦屋市,緑町９番４号,6590042
4140001038071,株式会社ダイアリー,兵庫県,芦屋市,月若町７番３−３０３号,6590084
4140001042338,株式会社テラエンタープライズ,兵庫県,芦屋市,船戸町１１番９号,6590093
4140001048657,集英産業株式会社,兵庫県,芦屋市,大東町１０番１２−１０２号,6590023
4140001051842,吉川倉庫株式会社,兵庫県,芦屋市,東山町１０番２−６０１号,6590091
4140001051966,株式会社利尚,兵庫県,芦屋市,月若町８番５号,6590084
4140001055785,株式会社ブレス,兵庫県,芦屋市,西芦屋町６番８−４号北側,6590085
4140001067707,株式会社キングス・ホールディングス,兵庫県,芦屋市,潮見町３４番５号,6590043
4140001068102,エスケー興産株式会社,兵庫県,芦屋市,岩園町４３番３号,6590013
4140001068936,株式会社三和機械製作所,兵庫県,芦屋市,春日町１２番７号,6590021
4140001070504,株式会社ミムラ鉄工所,兵庫県,芦屋市,高浜町４番２−２４２３号,6590033
4140001071329,株式会社グリーンサービス,兵庫県,芦屋市,公光町８番２２号,6590065
4140001072228,Ｋ’ｓ株式会社,兵庫県,芦屋市,清水町９番７号,6590076
4140001073060,株式会社ヤマシタエアテック,兵庫県,芦屋市,奥池南町１１番３号,6590004
4140001077557,株式会社オリエンタルプラン,兵庫県,芦屋市,松ノ内町四丁目１２番−１０１号,6590094
4140001077730,株式会社陽山,兵庫県,芦屋市,呉川町３番２−４０３号,6590051
4140001082581,株式会社アルタレーナ,兵庫県,芦屋市,茶屋之町４−１２−１０４,6590067
4140001086582,株式会社コージ,兵庫県,芦屋市,浜芦屋町１０番２１号,6590054
4140001087589,株式会社ＪＪ,兵庫県,芦屋市,東山町１５番１０号,6590091
4140001087721,株式会社エデュ,兵庫県,芦屋市,南宮町１３番４−２０６号,6590024
4140001088174,株式会社スマイル,兵庫県,芦屋市,平田町６番２０号１０１号,6590074
4140001088281,Ｃｌｉｐ−Ｃｌｏｐ株式会社,兵庫県,芦屋市,南宮町６番７号,6590024
4140001088629,Ｗｅｓｔｅｒｎ　Ｒｅｄ　Ｃｅｄａｒ株式会社,兵庫県,芦屋市,朝日ケ丘町７番２８号,6590012
4140001090386,株式会社シェリダン,兵庫県,芦屋市,岩園町１９番２１号,6590013
4140001090667,株式会社岩輝,兵庫県,芦屋市,大原町２６番１４号,6590092
4140001090683,株式会社フレイム,兵庫県,芦屋市,山芦屋町２０番８号,6590082
4140001091145,株式会社ＭＬプランニング,兵庫県,芦屋市,松浜町５番２１号,6590053
4140001091277,株式会社メニースマイルＭ＆Ｓ,兵庫県,芦屋市,伊勢町４番１２号,6590052
4140001091566,株式会社西村,兵庫県,芦屋市,呉川町６番８−４１０号,6590051
4140001093075,株式会社アセットマネジメント小野,兵庫県,芦屋市,朝日ケ丘町２番４−１０３号,6590012
4140001093232,株式会社弘徳,兵庫県,芦屋市,六麓荘町１３番７号,6590011
4140001093752,ＨＡＮＹコーポレーション株式会社,兵庫県,芦屋市,海洋町１２番１−２２１０号,6590035
4140001094032,株式会社Ｔ＆Ｊ,兵庫県,芦屋市,奥池南町３２番７号,6590004
4140001094313,プライムパートナーズ株式会社,兵庫県,芦屋市,三条町３５番４号,6590087
4140001094478,ぺんぎん会計株式会社,兵庫県,芦屋市,業平町５番１３−３０４号,6590068
4140001094701,レイナワルツ株式会社,兵庫県,芦屋市,山手町１５番７−２号,6590096
4140001094742,株式会社杏朱,兵庫県,芦屋市,大原町１６番３号,6590092
4140001094874,株式会社モーニング,兵庫県,芦屋市,朝日ケ丘町３１番９号,6590012
4140001095419,株式会社ＴＡＫＡＲＡＪＩＭＡ,兵庫県,芦屋市,陽光町７番地の１マリナージュ芦屋１１１１号室,6590034
4140001095996,株式会社エイハブカンパニー,兵庫県,芦屋市,上宮川町１番−６０５号,6590061
4140001096111,Ｍｏｒｉｓｈａ　Ｅｎｔｅｒｐｒｉｓｅ株式会社,兵庫県,芦屋市,呉川町５−４−１０４,6590051
4140001097340,株式会社このはのおうち,兵庫県,芦屋市,西山町１１番５号,6590083
4140001098520,株式会社アンノウン,兵庫県,芦屋市,南宮町１３番４−２０６号,6590024
4140001099106,株式会社ラポール,兵庫県,芦屋市,海洋町１２番１−１５０７号,6590035
4140001099205,株式会社トラストゆう,兵庫県,芦屋市,浜風町２４番１０号,6590032
4140001099717,株式会社ＭａｔｃｈＷｉｔｈ５Ｃ,兵庫県,芦屋市,船戸町二丁目１−１２１４,6590093
4140001100005,株式会社ＳＯＮＮＥ　ＨＡＵＳ,兵庫県,芦屋市,大原町２１番１４−３０２号,6590092
4140001101168,株式会社ユーウイル,兵庫県,芦屋市,東山町９番１７号,6590091
4140001102109,株式会社ｂｅｅｂｅｌｌ,兵庫県,芦屋市,奥池南町５９番３１号,6590004
4140001102661,株式会社ミレオワークス,兵庫県,芦屋市,大原町７番３号西本ビル３階,6590092
4140001103313,ＨＡＵＳ株式会社,兵庫県,芦屋市,前田町１０−６,6590071
4140001104154,株式会社Ｒ８３,兵庫県,芦屋市,朝日ケ丘町４番３０−３０５号,6590012
4140001104880,株式会社結企業,兵庫県,芦屋市,春日町１番１２号,6590021
4140001105318,アップライズ株式会社,兵庫県,芦屋市,岩園町９番２６−２号,6590013
4140001106398,ＳＩＬＶＥＲ　ＢＡＣＫ株式会社,兵庫県,芦屋市,西芦屋町４番８号,6590085
4140001106407,株式会社さかえ業務サービス,兵庫県,芦屋市,新浜町７番１０−１０７号,6590031
4140001106522,株式会社ＨＳＳ,兵庫県,芦屋市,大桝町１−２５,6590066
4140001107140,株式会社ＺＯＮＥ,兵庫県,芦屋市,業平町６番１１号アシヤグロット５０２,6590068
4140001107652,株式会社アークン,兵庫県,芦屋市,津知町１２番３−１０１号,6590075
4140001107719,ケイコーポレーション株式会社,兵庫県,芦屋市,山手町２番５−１０４号,6590096
4140001108221,株式会社ＴＥＲＲＡＳＳ,兵庫県,芦屋市,松浜町１５番１５−２０１号,6590053
4140001109021,株式会社ＣＹＳ,兵庫県,芦屋市,山手町１７番１号,6590096
4140001109079,大万株式会社,兵庫県,芦屋市,山芦屋町２９番９号,6590082
4140001109145,株式会社Ｋ＆Ｉ,兵庫県,芦屋市,海洋町１番６号,6590035
4140001109434,株式会社アーキエンス,兵庫県,芦屋市,山芦屋町２９番１８号,6590082
4140001109582,株式会社リ・ブランディングジャパンコンサルティング,兵庫県,芦屋市,岩園町２６番６−４号,6590013
4140001109681,Ｅｍｎｙ＆Ｊ．株式会社,兵庫県,芦屋市,親王塚町７番３−５０２号,6590016
4140001110037,六麓株式会社,兵庫県,芦屋市,六麓荘町１５番２１号,6590011
4140001110292,株式会社日野屋漢方堂,兵庫県,芦屋市,春日町１１番１号,6590021
4140001110326,藤の家株式会社,兵庫県,芦屋市,朝日ケ丘町１５番１０−６３２号,6590012
4140001110706,株式会社Ｆａｍｉｇｌｉａ,兵庫県,芦屋市,平田町８番１０号,6590074
4140001110854,株式会社ウェルマックスジャパン,兵庫県,芦屋市,東芦屋町１８番３１−１０４号,6590095
4140001110879,阿部電設株式会社,兵庫県,芦屋市,上宮川町９番１−３０４号,6590061
4140001111431,Ｔ．Ｓベストホールディング株式会社,兵庫県,芦屋市,東芦屋町１６番５５−２０４号,6590095
4140001112818,株式会社ＮＯＳ,兵庫県,芦屋市,奥池南町１３番５号,6590004
4140001113469,株式会社芦屋商会,兵庫県,芦屋市,茶屋之町６番７−５０４号,6590067
4140001114120,株式会社ウィングワークス,兵庫県,芦屋市,朝日ケ丘町１０番３５−２１１号,6590012
4140001114392,株式会社ｓａｋｕ−Ｌｉｎｅ,兵庫県,芦屋市,山芦屋町１１番２０号,6590082
4140001114632,芦屋ファミリア株式会社,兵庫県,芦屋市,大桝町４番２０−１号,6590066
4140001115003,株式会社グランデール,兵庫県,芦屋市,翠ケ丘町９番３３号,6590014
4140001116190,英建株式会社,兵庫県,芦屋市,松ノ内町９−１８,6590094
4140001116538,マイワークス株式会社,兵庫県,芦屋市,三条南町１１番６号,6590086
4140001116645,株式会社プロジェクトＲ,兵庫県,芦屋市,公光町１１番５号芦屋山下ビル３階,6590065
4140001117395,株式会社誠大,兵庫県,芦屋市,翠ケ丘町１８番８―４０７号,6590014
4140001117874,株式会社ｕｎ・ｄｅｕｘ,兵庫県,芦屋市,茶屋之町７番１６号,6590067
4140001118014,株式会社ＳＡＣＨＩＢＥＬＬ,兵庫県,芦屋市,船戸町５−２６,6590093
4140001118484,株式会社ＢＥＹＯＮＤ,兵庫県,芦屋市,浜町２番６号シティプラザ芦屋１階,6590025
4140001119284,株式会社Ｉｎｓｐｅｃｔｉｏｎ　Ｔｅｃｈｎｉｃａｌ,兵庫県,芦屋市,岩園町１番８号２階,6590013
4140001119623,株式会社ＳＢＨ,兵庫県,芦屋市,大桝町７番６−６０１号,6590066
4140001119937,株式会社ＧＲＯＶＥ　ＤＥＳＩＧＮ　ＡＲＣＨＩＴＥＣＴ,兵庫県,芦屋市,宮塚町１２番１９−２０５号,6590062
4140001120085,株式会社グロースパートナーズ,兵庫県,芦屋市,大原町９番２−７０４号,6590092
4140001120325,ギークマン株式会社,兵庫県,芦屋市,船戸町５番２６号,6590093
4140001120630,株式会社心藍,兵庫県,芦屋市,朝日ケ丘町３６番２０号,6590012
4140001120671,株式会社ｏｈａｎａ,兵庫県,芦屋市,打出町２番６−１号,6590022
4140001121125,一福商事株式会社,兵庫県,芦屋市,朝日ケ丘町３６番１９号,6590012
4140001122049,株式会社Ｒｅｂｕｉｌ．,兵庫県,芦屋市,打出小槌町４−６−１０２,6590028
4140001122197,株式会社ブランティエ,兵庫県,芦屋市,船戸町５番２６号,6590093
4140001122271,株式会社Ａｉｚ,兵庫県,芦屋市,打出町５番２２号メゾン打出１０１,6590022
4140001122370,株式会社Ｂ’ＪＵＢＩＬＡＴＩＯＮ,兵庫県,芦屋市,松ノ内町３番１４号チェリービュウ芦屋川,6590094
4140001122908,株式会社ｂａｓｅ,兵庫県,芦屋市,岩園町４９番５６号,6590013
4140001122924,株式会社ラッフィナート,兵庫県,芦屋市,大原町１１番７号１１番ビル,6590092
4140001123344,Ｃｏｎｎｅｃｔ　Ｓｍｉｌｅ株式会社,兵庫県,芦屋市,上宮川町４番１１−１０１号,6590061
4140001123385,株式会社ＮＥＷ　ＥＭＯＴＩＯＮ,兵庫県,芦屋市,川西町２番３７ー３０１号,6590072
4140001123591,株式会社よろこばせ隊,兵庫県,芦屋市,山芦屋町５番１８−２号,6590082
4140001123856,株式会社ＲｅｅｅｅｅｃＣ,兵庫県,芦屋市,海洋町１番５６号,6590035
4140001124202,麻吹ホールディングス株式会社,兵庫県,芦屋市,親王塚町８番１０号,6590016
4140001124854,株式会社ロカ,兵庫県,芦屋市,大原町５番２４−４０２号,6590092
4140001124862,株式会社ＲＵＦＦＲＥＥ,兵庫県,芦屋市,大桝町３番５号芦屋カサリナ３０１,6590066
4140001124945,株式会社ゴールドリゾート,兵庫県,芦屋市,奥池南町３２番２０号,6590004
4140001125051,株式会社嶺亜樹,兵庫県,芦屋市,山芦屋町４番６号,6590082
4140001125778,株式会社アーバンサポート,兵庫県,芦屋市,大桝町３番１９号,6590066
4140001125877,株式会社ゆう,兵庫県,芦屋市,船戸町５番２６号,6590093
4140001125885,株式会社朝日新聞芦屋,兵庫県,芦屋市,津知町８番１号,6590075
4140001125902,株式会社エスプラス,兵庫県,芦屋市,大東町１０番１２−１０２号,6590023
4140001126396,ＰｌｕｓＯｎｅ株式会社,兵庫県,芦屋市,岩園町４９番５６号,6590013
4140001127403,Ｐｅｒｌ株式会社,兵庫県,芦屋市,涼風町２９番９号,6590036
4140001128120,株式会社あのこのコト,兵庫県,芦屋市,若葉町５番２−７４４号,6590041
4140001128335,株式会社ｋ２ｉ,兵庫県,芦屋市,津知町７番９号,6590075
4140001128731,さくらフューチャービジネス株式会社,兵庫県,芦屋市,朝日ケ丘町８番３７号,6590012
4140001129291,株式会社ゼンシン,兵庫県,芦屋市,船戸町５番２６号,6590093
4140001130068,株式会社アニキャン,兵庫県,芦屋市,川西町２−３７芦屋サウザンドビル２０６,6590072
4140001130398,株式会社イノベイト,兵庫県,芦屋市,船戸町５番２６号マリアキャリーヌビル,6590093
4140001130712,株式会社エリクサー,兵庫県,芦屋市,大原町１１番２４号,6590092
4140001131495,エヌエスファーマ株式会社,兵庫県,芦屋市,南宮町６番２２コミカ南宮ビル２０２号,6590024
4140001131743,晴丸株式会社,兵庫県,芦屋市,東芦屋町３番６−１０７号,6590095
4140001132527,株式会社Ｏｆｆｉｃｅ　Ｓａｐｐｈｉｒｅ　Ｒｕｂｙ,兵庫県,芦屋市,涼風町２番９号,6590036
4140001133483,株式会社ケーアールティ,兵庫県,芦屋市,浜町９番２６号,6590025
4140001134028,スコピオテクノロジー株式会社,兵庫県,芦屋市,西芦屋町３番１７−５０６号,6590085
4140001134036,ＯＳＡアドバイザリー株式会社,兵庫県,芦屋市,朝日ケ丘町２２番１３号,6590012
4140001134093,インフィニティエイト株式会社,兵庫県,芦屋市,南浜町３−２８,6590037
4140001134928,株式会社ルクレール,兵庫県,芦屋市,船戸町５番２６号マリアキャリーヌビル,6590093
4140001135257,株式会社エスジェイリソーシズ,兵庫県,芦屋市,東芦屋町８番５号,6590095
4140001136032,株式会社Ｄｉｍｅｎｓｉｏｎ,兵庫県,芦屋市,呉川町１３番３−１０１号,6590051
4140001137170,株式会社ｈａｌｅ,兵庫県,芦屋市,業平町七丁目１６番１０３号室,6590068
4140001137187,株式会社ａｎｄ　Ｊ,兵庫県,芦屋市,東芦屋町１６番４１−３０１号,6590095
4140001137410,株式会社ＷＩＬＳＯＮ,兵庫県,芦屋市,岩園町１番８号３階,6590013
4140001137781,株式会社Ａｓｃｒｅａｔｅ,兵庫県,芦屋市,船戸町３番６−５０３号,6590093
4140001137856,株式会社ＷＩＬＬＫＮＯＴ,兵庫県,芦屋市,山芦屋町１４番１６号山芦屋テラスハウス４号,6590082
4140001138805,株式会社Ｓｅｅｋｉｄ,兵庫県,芦屋市,涼風町９番１８号,6590036
4140001139209,株式会社ファントム,兵庫県,芦屋市,山手町２８番３１号セレッソコート芦屋山手町１０２,6590096
4140001139398,株式会社ＡＬＰＨＡ　ＷＡＫＥ,兵庫県,芦屋市,東山町２９番１２号,6590091
4140001139919,株式会社Ｙｕｔａ,兵庫県,芦屋市,岩園町３４番１５号,6590013
4140001139951,株式会社Ｍａｋｅｒｓ　ＤＵＯ,兵庫県,芦屋市,公光町１番９号ＬａＳａｎｔｅ芦屋３０２号,6590065
4140001140637,株式会社カケザン,兵庫県,芦屋市,翠ケ丘町１７−１０,6590014
4140001140884,株式会社アイツリー,兵庫県,芦屋市,涼風町２０−１６,6590036
4140001141379,株式会社アルティウス,兵庫県,芦屋市,東芦屋町１７番３１号,6590095
4140001141412,株式会社おさべ,兵庫県,芦屋市,三条町１７番１４−１０２号,6590087
4140001141800,株式会社こたっくす,兵庫県,芦屋市,伊勢町３番１９−３号,6590052
4140001141874,株式会社Ｒｏｏｔｓ,兵庫県,芦屋市,西蔵町６−２６,6590026
4140001141882,株式会社体温免疫研究所,兵庫県,芦屋市,朝日ケ丘町２５番１４号,6590012
4140002022859,株式会社アシャック,兵庫県,芦屋市,岩園町４５番１８号,6590013
4140002023502,株式会社Ｒｅｅ　Ｃｒｅｓｃｅｎｄ　Ｉｎｃ．,兵庫県,芦屋市,山手町２番３３号,6590096
4140003013709,株式会社バイオフリンジジャパン,兵庫県,芦屋市,船戸町５−２６マリアキャリーヌビル２Ｆ,6590093
4170001007321,株式会社銀平,兵庫県,芦屋市,山手町３０番８号東,6590096
4170001007437,株式会社湯川,兵庫県,芦屋市,山手町３０番８号東,6590096
4180001111527,株式会社ミルヒグラフィックス,兵庫県,芦屋市,船戸町５番２６号マリアキャリーヌビル,6590093
4240001020630,株式会社ＫＵＲＡ,兵庫県,芦屋市,東山町９番１７号,6590091
4290801018919,株式会社エム・アコンプリール,兵庫県,芦屋市,公光町８番３０号,6590065
4430001034082,株式会社Ｈａ−Ｎａプランニング,兵庫県,芦屋市,大原町２８番１６−４０４号,6590092
5010001227776,株式会社裕道,兵庫県,芦屋市,東山町１２番１８号２Ｅ,6590091
5010401110887,株式会社日本一美白,兵庫県,芦屋市,翠ケ丘町１６番５−２０４号,6590014
5010401130555,コミカ株式会社,兵庫県,芦屋市,浜町１１番９号,6590025
5011101051570,シャングリラ・レール株式会社,兵庫県,芦屋市,六麓荘町２１番７号,6590011
5011101060761,ストーリープラス株式会社,兵庫県,芦屋市,朝日ケ丘町４番３０−３０３号,6590012
5011201017760,株式会社カンタービレ,兵庫県,芦屋市,六麓荘町１１番５号,6590011
5020001130987,シバ株式会社,兵庫県,芦屋市,大桝町４番２０−１号,6590066
5030001094785,株式会社キュアゲート,兵庫県,芦屋市,東山町７番７−１０９号,6590091
5120001005980,東和産業株式会社,兵庫県,芦屋市,奥池南町２５番５号,6590004
5120001040409,株式会社ＭＹＴＨ−Ｃｉｔｙ,兵庫県,芦屋市,朝日ケ丘町３５番３号メルベーユ朝日ヶ丘３０３号,6590012
5120001042545,株式会社北大阪商会,兵庫県,芦屋市,大原町５番１６号,6590092
5120001053674,株式会社アーバンエステート,兵庫県,芦屋市,翠ケ丘町１１番４３−７１３号,6590014
5120001061909,株式会社エム・アンド・エルプランニング,兵庫県,芦屋市,岩園町５０番２１号,6590013
5120001073458,株式会社アサンテ,兵庫県,芦屋市,楠町２番１２−５０２号,6590015
5120001081122,シティエンジニアリング株式会社,兵庫県,芦屋市,西芦屋町４番２４号,6590085
5120001081411,株式会社ＣＡＳＡ,兵庫県,芦屋市,山手町２４番１−４０１号,6590096
5120001108841,株式会社ＺＯＩ,兵庫県,芦屋市,東芦屋町１１番６号,6590095
5120001125804,株式会社まほろば,兵庫県,芦屋市,公光町４番２８号,6590065
5120001137469,株式会社タナカメンテ,兵庫県,芦屋市,業平町４番１号イム・エメロード４０２号室,6590068
5120001152385,Ｃｏｓｍｏ−Ｅａｒｔｈ株式会社,兵庫県,芦屋市,岩園町４７番１８号,6590013
5120001171880,株式会社オープンハッセー,兵庫県,芦屋市,船戸町５番２６号,6590093
5120001189502,株式会社５０’ｓ,兵庫県,芦屋市,清水町１０番９号,6590076
5120001190096,ＶＡＮＴＡＧＥ　ＰＯＩＮＴ株式会社,兵庫県,芦屋市,山芦屋町４番１２号,6590082
5120001195847,株式会社ｖｅｌｆａｒｅ,兵庫県,芦屋市,大原町５番６号,6590092
5120001197728,株式会社メイコー,兵庫県,芦屋市,山手町１２番１５−８０４号,6590096
5120001211166,株式会社ｐｌｕｍｅ．ｐｌｕｓ,兵庫県,芦屋市,大原町１１番２４ラポルテ北館２０７号,6590092
5120001221388,株式会社チェリーブロッサム,兵庫県,芦屋市,山芦屋町１１番２０号,6590082
5120001223830,株式会社オアジコーポレーション,兵庫県,芦屋市,春日町７番１号ＭＡＩＮ・ＳＴＡＧＥ・ＴｈｅＢａｓｅ別棟２Ｆ,6590021
5120001232732,Ｒｅｖｅｒｉｅ株式会社,兵庫県,芦屋市,奥池南町３３番５号,6590004
5120001233929,株式会社雅,兵庫県,芦屋市,涼風町２１番５号,6590036
5120001246039,明石貿易株式会社,兵庫県,芦屋市,涼風町１６番６号,6590036
5120001260931,株式会社Ｄ．ＬＡＢＯ,兵庫県,芦屋市,茶屋之町８番３号,6590067
5120001270195,株式会社カンパネラ,兵庫県,芦屋市,東芦屋町２４番３８号,6590095
5120001282835,株式会社エヌグロース,兵庫県,芦屋市,六麓荘町８番１５号,6590011
5120101000997,株式会社大嶋商店,兵庫県,芦屋市,月若町７番３−４０１号,6590084
5120101055463,ブルーマックス株式会社,兵庫県,芦屋市,山手町７番６号,6590096
5120901002697,株式会社山和,兵庫県,芦屋市,船戸町２番１号,6590093
5120901014528,株式会社雪姫,兵庫県,芦屋市,浜町３番３−５０７号,6590025
5120901030541,株式会社サザンクロス,兵庫県,芦屋市,春日町３番５号,6590021
5120901032133,株式会社Ｄｒ．ｌｉｌｙ,兵庫県,芦屋市,六麓荘町７番３号,6590011
5120901039013,株式会社ＴｏＢＥＬＩＥＶＥ,兵庫県,芦屋市,山手町１０番３号,6590096
5122001026008,株式会社ＷＴＳＣ,兵庫県,芦屋市,山手町１４番８−５１０号,6590096
5122001034464,Ｏ＆Ｏラボラトリー株式会社,兵庫県,芦屋市,東芦屋町５−１−１０１,6590095
5130001056305,株式会社エニシ製作所,兵庫県,芦屋市,東芦屋町２１番１８号,6590095
5130001056973,株式会社Ｔ．ＷＡＶＥ,兵庫県,芦屋市,高浜町１５番２号,6590033
5130001061610,株式会社グリーンサム,兵庫県,芦屋市,平田町５番２５−１０２号,6590074
5140001000047,株式会社アークスペース,兵庫県,芦屋市,大桝町１番２５号アクセシオ芦屋,6590066
5140001000063,株式会社アキハラ,兵庫県,芦屋市,奥池町３６番２号,6590003
5140001000088,芦屋鍼灸院ケイワイエム株式会社,兵庫県,芦屋市,西山町１２番３号,6590083
5140001000138,株式会社アラビカ,兵庫県,芦屋市,呉川町５番５−１０５号,6590051
5140001000179,株式会社ウェイブ,兵庫県,芦屋市,西蔵町１番１３号,6590026
5140001000187,株式会社カンパーナ・イタリアーナ,兵庫県,芦屋市,高浜町９番１−１６４３号,6590033
5140001000237,株式会社越智工務店,兵庫県,芦屋市,打出小槌町１４番１２号,6590028
5140001000261,株式会社カサタニクリエート,兵庫県,芦屋市,業平町４番１号,6590068
5140001000286,共栄興産株式会社,兵庫県,芦屋市,津知町７番７号,6590075
5140001000311,株式会社グローリー,兵庫県,芦屋市,春日町４番１号,6590021
5140001000344,甲南文化住宅株式会社,兵庫県,芦屋市,宮塚町１番８号１０１,6590062
5140001000360,株式会社小林恒建築研究所,兵庫県,芦屋市,楠町１６番１８−００１号,6590015
5140001000377,株式会社三浩商会,兵庫県,芦屋市,西山町１１番１７−４０４号,6590083
5140001000385,株式会社三清住販,兵庫県,芦屋市,大東町２番４,6590023
5140001000443,芦屋プレディオ株式会社,兵庫県,芦屋市,奥池南町５９番２３号,6590004
5140001000476,株式会社セイブル,兵庫県,芦屋市,西山町１２番１４号,6590083
5140001000501,第一熱研株式会社,兵庫県,芦屋市,西蔵町１３番２２号,6590026
5140001000526,株式会社大輪,兵庫県,芦屋市,南宮町３番１３号,6590024
5140001000567,株式会社テクノ,兵庫県,芦屋市,西山町１１番１７−５１０号,6590083
5140001000600,株式会社長野建設,兵庫県,芦屋市,津知町９番３号,6590075
5140001000666,株式会社馬場建築興業,兵庫県,芦屋市,朝日ケ丘町１番３１号,6590012
5140001000690,株式会社ファルコ・アソシエイツ,兵庫県,芦屋市,茶屋之町９番８号,6590067
5140001000699,藤川貿易株式会社,兵庫県,芦屋市,奥池町５番２６号,6590003
5140001000708,フタバ商事株式会社,兵庫県,芦屋市,南宮町７番１９号,6590024
5140001000716,株式会社プログレス・クラブ,兵庫県,芦屋市,東山町７番３１号,6590091
5140001000724,株式会社ペス工房西島建築設計事務所,兵庫県,芦屋市,春日町２４番８号,6590021
5140001000765,株式会社マリアキヤリーヌ,兵庫県,芦屋市,船戸町５番２６号,6590093
5140001000781,株式会社三ツ輪,兵庫県,芦屋市,呉川町１０番１０号,6590051
5140001000815,株式会社ヤボシ,兵庫県,芦屋市,奥池南町１６番３号,6590004
5140001000872,株式会社リベロ,兵庫県,芦屋市,大東町１４番３号,6590023
5140001000897,株式会社神戸吉兆,兵庫県,芦屋市,松ノ内町１０番１１号,6590094
5140001000914,株式会社日本理化学,兵庫県,芦屋市,大原町２番５号,6590092
5140001006440,株式会社エステートシエスタ,兵庫県,芦屋市,船戸町３番５号,6590093
5140001008040,株式会社アールグレー,兵庫県,芦屋市,山手町６番２８号,6590096
5140001010541,株式会社神戸福井,兵庫県,芦屋市,緑町５番１８号,6590042
5140001010599,株式会社富士商事,兵庫県,芦屋市,業平町２番１４−２０１号,6590068
5140001019013,サカモト興業株式会社,兵庫県,芦屋市,大原町８番１９号,6590092
5140001019021,株式会社エーディアンドアイ,兵庫県,芦屋市,公光町４番２８号,6590065
5140001019814,竹内ビルディング株式会社,兵庫県,芦屋市,東芦屋町１６番２２号,6590095
5140001019855,株式会社亜細亜水産開発顧問社,兵庫県,芦屋市,朝日ケ丘町９番８−３０２号,6590012
5140001019962,株式会社鹿島敏正事務所,兵庫県,芦屋市,打出小槌町１３番１５号,6590028
5140001020466,エムシー神戸ゲート株式会社,兵庫県,芦屋市,朝日ケ丘町２３−６−１０３,6590012
5140001020961,株式会社サブ・キャピタル・マネジメント,兵庫県,芦屋市,春日町２番６号,6590021
5140001021134,株式会社ケー・テー・アイ・ジャパン,兵庫県,芦屋市,宮塚町１６番５号,6590062
5140001021200,株式会社ヘルスコート,兵庫県,芦屋市,公光町７番１０号,6590065
5140001021241,太陽都市開発株式会社,兵庫県,芦屋市,山手町３番１号,6590096
5140001021431,鐘菱物産株式会社,兵庫県,芦屋市,山芦屋町９番２号,6590082
5140001021464,株式会社華中科学技術研究所,兵庫県,芦屋市,三条町１４番地８−２０１号,6590087
5140001022000,株式会社ジェイ・シー・エフ,兵庫県,芦屋市,浜町１４番１１号,6590025
5140001022545,株式会社アイ・ピー・シー,兵庫県,芦屋市,南宮町１７番１５号,6590024
5140001022611,株式会社フォース,兵庫県,芦屋市,緑町１番１５−３０４号,6590042
5140001022636,株式会社佐々木写真光芸社,兵庫県,芦屋市,西芦屋町３番２２号芦屋タウンハウス１０２号室,6590085
5140001022710,株式会社ケイ・オフィス,兵庫県,芦屋市,西山町１７番１０−５０９号,6590083
5140001023130,株式会社デコルテ,兵庫県,芦屋市,大桝町１番２５号アクセシオ芦屋３Ｆ,6590066
5140001023147,株式会社グローバルゲート,兵庫県,芦屋市,平田町５番８−６０２号,6590074
5140001023361,オウン・ライツ株式会社,兵庫県,芦屋市,緑町５番１９号,6590042
5140001023964,株式会社フェアウィンド,兵庫県,芦屋市,朝日ケ丘町１０番３５−１０９号,6590012
5140001024062,株式会社ファヌエル,兵庫県,芦屋市,緑町１番１０−１０４号,6590042
5140001024698,株式会社オービィーエム,兵庫県,芦屋市,宮塚町１２番１９−３０１号,6590062
5140001025093,笹岡薬品株式会社,兵庫県,芦屋市,精道町１番１７号,6590064
5140001025283,株式会社シュン・コーポレーション,兵庫県,芦屋市,新浜町４番９号,6590031
5140001025498,株式会社ワイズ,兵庫県,芦屋市,岩園町３８番１６号,6590013
5140001025647,旭日商会株式会社,兵庫県,芦屋市,親王塚町４番４号,6590016
5140001026298,株式会社ティー・エヌ・インターナショナル,兵庫県,芦屋市,浜芦屋町６番２９号,6590054
5140001026430,株式会社ジェイ・アイ・ティー・コマース,兵庫県,芦屋市,三条南町９番８−３０８号,6590086
5140001026496,ソールドアウト株式会社,兵庫県,芦屋市,陽光町７番１−９０７号,6590034
5140001026538,株式会社コマース,兵庫県,芦屋市,精道町１０番４号,6590064
5140001026819,日本硬木株式会社,兵庫県,芦屋市,東芦屋町２５番３５号,6590095
5140001027098,クリエイト・フューチャー株式会社,兵庫県,芦屋市,朝日ケ丘町１１番３−３０９号,6590012
5140001027362,株式会社Ｂａｓｅｂａｌｌ　Ｃｏｎｄｉｔｉｏｎｉｎｇ　Ｓｙｓｔｅｍｓ,兵庫県,芦屋市,岩園町１番７号,6590013
5140001027420,株式会社木継,兵庫県,芦屋市,朝日ケ丘町４０−１４−４０４号,6590012
5140001027429,株式会社あおやま菓匠,兵庫県,芦屋市,呉川町２番１７号,6590051
5140001027783,株式会社プラネット,兵庫県,芦屋市,打出小槌町２番５号,6590028
5140001027858,株式会社フォルテ,兵庫県,芦屋市,海洋町１２番１−１４０５号ザ・レジデンス芦屋スイート,6590035
5140001027890,株式会社ウエルファ,兵庫県,芦屋市,親王塚町９番９号,6590016
5140001027916,株式会社デコボコ,兵庫県,芦屋市,大原町６番３号,6590092
5140001027940,株式会社ＴＡＫＥＭＯＴＯ　ＬＩＱＵＯＲ　ＳＡＬＥＳ　ＣＯＭＰＡＮＹ,兵庫県,芦屋市,大原町９番２−７０１号,6590092
5140001028195,イワデズファミリア株式会社,兵庫県,芦屋市,翠ケ丘町９番２５,6590014
5140001028344,株式会社芦屋金属,兵庫県,芦屋市,浜町１３番３−１４４号,6590025
5140001028369,株式会社プリュグラン,兵庫県,芦屋市,大原町５番１７号ダンビル２０２号室,6590092
5140001028658,八甲株式会社,兵庫県,芦屋市,東芦屋町１８番１８号,6590095
5140001028708,株式会社Ｌｅａｄｉｎｇ　Ｕｎｉｖｅｒｓａｌ　Ｎｅｅｄｓ　Ａｇｅｎｃｙ,兵庫県,芦屋市,南浜町２番２１号,6590037
5140001028757,株式会社ＹＳマーケティング,兵庫県,芦屋市,浜町１４番２号,6590025
5140001028880,アムセル・再生株式会社,兵庫県,芦屋市,陽光町７番１−５１５号,6590034
5140001029219,萬徳建設株式会社,兵庫県,芦屋市,東芦屋町９番１５号,6590095
5140001029409,株式会社グッズジャパン,兵庫県,芦屋市,津知町１１番３−２０３号,6590075
5140001029425,株式会社コミネ,兵庫県,芦屋市,西山町１５番１０号,6590083
5140001029607,小峰繊維株式会社,兵庫県,芦屋市,西山町１５番１０号,6590083
5140001029648,株式会社トリニティ,兵庫県,芦屋市,平田町４番１３−２０３号,6590074
5140001029706,株式会社日本材料研究開発センター,兵庫県,芦屋市,三条町３７番１５号,6590087
5140001029929,株式会社芦屋カーヴ,兵庫県,芦屋市,奥池南町７番３１号,6590004
5140001029986,株式会社クロヌティアラ,兵庫県,芦屋市,東山町２４番３０−３号,6590091
5140001030226,株式会社和楽社,兵庫県,芦屋市,岩園町２３番３号,6590013
5140001030267,株式会社プライズ,兵庫県,芦屋市,朝日ケ丘町３８番１７号,6590012
5140001030366,株式会社リージェンシー,兵庫県,芦屋市,春日町７番２号,6590021
5140001030507,株式会社エスライフ,兵庫県,芦屋市,奥池南町４８番１７号,6590004
5140001030548,株式会社ナレッジワークマネジメント,兵庫県,芦屋市,宮塚町１２番２号,6590062
5140001031505,株式会社アンディマーシュ,兵庫県,芦屋市,津知町３番１５−１号,6590075
5140001031661,株式会社ＤＯ−ＣＬＥＡＮ,兵庫県,芦屋市,三条町１０番５号,6590087
5140001031728,株式会社Ｂ　ＴＲＥＥ,兵庫県,芦屋市,船戸町５番１８−２０２号,6590093
5140001031752,株式会社ディア,兵庫県,芦屋市,若葉町二丁目２番２３２号,6590041
5140001031926,株式会社熊木総合研究所,兵庫県,芦屋市,奥池町７番１８号,6590003
5140001031991,株式会社ＭＥＴＺＧＥＲＥＩ　ＫＵＳＵＤＡ,兵庫県,芦屋市,宮塚町１２番１９号,6590062
5140001032040,株式会社ブルーム,兵庫県,芦屋市,楠町１３番２７−８２２号,6590015
5140001032296,エルビーパートナーズ株式会社,兵庫県,芦屋市,公光町９番４−３０１号,6590065
5140001032503,株式会社Ｒｏｓｅ　Ｂｌａｎｃ,兵庫県,芦屋市,親王塚町１２番２４号,6590016
5140001032635,株式会社匠建,兵庫県,芦屋市,朝日ケ丘町１７番１６号,6590012
5140001032874,株式会社Ｓ．Ｒ．Ｋ,兵庫県,芦屋市,親王塚町９番１２号,6590016
5140001032916,株式会社ワイキューブ,兵庫県,芦屋市,楠町１４番２０−６１８号,6590015
5140001032998,株式会社有泉企画,兵庫県,芦屋市,大原町１１番２４−３０７号,6590092
5140001033022,株式会社ジーアンドケイ,兵庫県,芦屋市,潮見町２７番８号,6590043
5140001033138,株式会社コミュニティサービス,兵庫県,芦屋市,公光町１０番１７号,6590065
5140001033170,アン・シェル株式会社,兵庫県,芦屋市,茶屋之町７番１２−２号,6590067
5140001033336,株式会社ナビマックス,兵庫県,芦屋市,山芦屋町２７番１４−４０３号,6590082
5140001033468,フラワースタジオＭａｉ株式会社,兵庫県,芦屋市,翠ケ丘町２２番５号,6590014
5140001033708,内田笑店株式会社,兵庫県,芦屋市,新浜町７番１０−１０６号,6590031
5140001033757,株式会社キュート・エクロール,兵庫県,芦屋市,翠ケ丘町１９番４５−５０４号,6590014
5140001033963,株式会社ＣＯＭＭＯＮ,兵庫県,芦屋市,精道町５番３号４０５,6590064
5140001034012,株式会社カメリア,兵庫県,芦屋市,三条町２２番５−２号,6590087
5140001034144,株式会社安井,兵庫県,芦屋市,呉川町１番１１号,6590051
5140001034169,Ｓｔａｒｂｏａｒｄ株式会社,兵庫県,芦屋市,翠ケ丘町２０番９号,6590014
5140001034210,ＳＴＣ株式会社,兵庫県,芦屋市,南宮町２番１０−７０６号,6590024
5140001034243,株式会社ＳＴＡＮＣＥ,兵庫県,芦屋市,若宮町５番２号,6590027
5140001034350,株式会社プロフィット・コーポレーション,兵庫県,芦屋市,伊勢町５番２２号,6590052
5140001049828,竹田不動産株式会社,兵庫県,芦屋市,岩園町２２番３６号,6590013
5140001051890,株式会社ワールド,兵庫県,芦屋市,山手町１３番１−１号,6590096
5140001057112,株式会社亀井,兵庫県,芦屋市,潮見町２７番１４号,6590043
5140001067532,株式会社フォーレストデザイン,兵庫県,芦屋市,上宮川町９番４号,6590061
5140001067706,株式会社三上康雄事務所,兵庫県,芦屋市,松浜町３番１５号,6590053
5140001068010,株式会社ＴＲＹ,兵庫県,芦屋市,西山町１５番４号,6590083
5140001071708,株式会社オハナインターナショナル,兵庫県,芦屋市,松ノ内町９番２４号,6590094
5140001072342,株式会社Ｃ＆Ｓ,兵庫県,芦屋市,春日町２４番８号,6590021
5140001073200,株式会社エスアールシー,兵庫県,芦屋市,公光町４番３１号,6590065
5140001073489,株式会社神戸創健,兵庫県,芦屋市,朝日ケ丘町９番８−５０９号,6590012
5140001074727,株式会社ＯＮＥ,兵庫県,芦屋市,大原町５番４号,6590092
5140001074842,株式会社ミカミゴルフクリニック,兵庫県,芦屋市,伊勢町１２番２７号,6590052
5140001077671,株式会社大阪商会,兵庫県,芦屋市,大桝町６番６号,6590066
5140001082317,株式会社フォリオ,兵庫県,芦屋市,船戸町七丁目５番芦屋プレシャスコート２０１号,6590093
5140001086474,株式会社ＳＥＡＶＥ−ＯＮＥ,兵庫県,芦屋市,南浜町３番１８号,6590037
5140001086680,株式会社アイ・アンド・エル,兵庫県,芦屋市,呉川町１番３−５０３号,6590051
5140001087126,株式会社インターナレッジ,兵庫県,芦屋市,大原町１５番１号,6590092
5140001087282,株式会社Ａｓｈｉｙａ　Ｆｉｒｍ　Ｔｒｕｓｔ,兵庫県,芦屋市,春日町１番１２号,6590021
5140001087423,ホーナン株式会社,兵庫県,芦屋市,奥池町１３番１０号,6590003
5140001088280,中島興産株式会社,兵庫県,芦屋市,南浜町１６番１０号,6590037
5140001088462,芦屋ローズガーデン株式会社,兵庫県,芦屋市,月若町８番１６号,6590084
5140001088693,株式会社ｉ．ｒ．ｓ,兵庫県,芦屋市,朝日ケ丘町６番６−２０５号,6590012
5140001090030,株式会社Ｌａ　Ｔｕｌｅ,兵庫県,芦屋市,平田町４番１３−１０３号,6590074
5140001090410,メゾン・アッシュ株式会社,兵庫県,芦屋市,南浜町１４番２８号,6590037
5140001091342,株式会社丹波郷,兵庫県,芦屋市,東芦屋町２５番３３−４０３号,6590095
5140001091350,株式会社Ｍａｕ　ｍｉｎｏ’ａｋａ,兵庫県,芦屋市,西山町１２番１４号ドムス芦屋川２−Ｂ,6590083
5140001091598,株式会社ディスウェイ,兵庫県,芦屋市,奥池南町２０番７号,6590004
5140001092043,株式会社スタジオ・シュゼット,兵庫県,芦屋市,公光町７番１０−１０１号,6590065
5140001092159,株式会社ＢＡインターナショナル,兵庫県,芦屋市,清水町９番１１号ナガイビルレジデンス芦屋１階,6590076
5140001092968,株式会社Ｋホールディングス,兵庫県,芦屋市,山手町２番６−４０４号,6590096
5140001094023,株式会社ＹＳＥ　Ｉｎｔｅｒｎａｔｉｏｎａｌ　Ｓｃｈｏｏｌ,兵庫県,芦屋市,茶屋之町７番８−２号,6590067
5140001094064,ルクシア株式会社,兵庫県,芦屋市,大原町２番６号ラ・モール芦屋１０６−１号室,6590092
5140001094700,株式会社プラウド,兵庫県,芦屋市,東山町５番１５−２０１号,6590091
5140001094799,株式会社グランジュ,兵庫県,芦屋市,東山町１５番１２−２０２号,6590091
5140001095005,株式会社トゥインクルスター,兵庫県,芦屋市,朝日ケ丘町１４番２−５０４号,6590012
5140001095178,株式会社セレニティリゾート,兵庫県,芦屋市,陽光町３番地３１,6590034
5140001095483,株式会社オーケイブランド,兵庫県,芦屋市,朝日ケ丘町１４番１−４０２号,6590012
5140001096077,株式会社鈴木商店,兵庫県,芦屋市,若葉町２番１−２３３２号,6590041
5140001096234,株式会社ティーズ・ビーコン,兵庫県,芦屋市,浜町１３番３−２１１号,6590025
5140001097587,ジーマンブラザーズ株式会社,兵庫県,芦屋市,浜町６番２８号,6590025
5140001098040,株式会社Ｏｒｕ,兵庫県,芦屋市,宮塚町９番５−４０３号,6590062
5140001098890,株式会社ブリジスリー,兵庫県,芦屋市,三条町２２番１０号,6590087
5140001098957,株式会社山崎亮事務所,兵庫県,芦屋市,茶屋之町６番１３−１号,6590067
5140001099055,阪神工業株式会社,兵庫県,芦屋市,打出小槌町１１番１０号,6590028
5140001099204,株式会社トラストミーア,兵庫県,芦屋市,浜風町２４番１０号,6590032
5140001099261,中西商事株式会社,兵庫県,芦屋市,清水町２番４−１０８号,6590076
5140001099641,アマーレ株式会社,兵庫県,芦屋市,業平町２番１４−２０１号,6590068
5140001100359,阪九機械ネクサス株式会社,兵庫県,芦屋市,打出町１番１３号,6590022
5140001100581,株式会社戎家,兵庫県,芦屋市,前田町４番１０号,6590071
5140001100706,ゆめば株式会社,兵庫県,芦屋市,大原町５−２２セルフリッジ芦屋３Ｆ,6590092
5140001101786,翔聖株式会社,兵庫県,芦屋市,船戸町２番１−２０４号,6590093
5140001101976,中路梱包株式会社,兵庫県,芦屋市,大東町８番５−４１４号,6590023
5140001103122,株式会社ヒロガワ,兵庫県,芦屋市,南宮町１７番１４−７号,6590024
5140001103163,株式会社摩癒匠,兵庫県,芦屋市,清水町１番９号,6590076
5140001103510,株式会社インポッシブルポシビリティ,兵庫県,芦屋市,前田町６番４号,6590071
5140001104054,ＯＭ株式会社,兵庫県,芦屋市,西山町１０番９号,6590083
5140001106802,株式会社インターミッション,兵庫県,芦屋市,緑町１番１３−４０３号,6590042
5140001106851,株式会社ＣＬＵＢ　ＩＭＰＥＲＩＡＬ,兵庫県,芦屋市,精道町２番６号,6590064
5140001107222,株式会社ビッグフォレスト,兵庫県,芦屋市,大桝町４番１５号,6590066
5140001107230,株式会社プリュス,兵庫県,芦屋市,翠ケ丘町９番３０−２号,6590014
5140001107338,株式会社マイキャリア,兵庫県,芦屋市,陽光町８番３０号,6590034
5140001108030,株式会社トピ・プロパティーズ,兵庫県,芦屋市,精道町１番１０−２号,6590064
5140001108690,株式会社ＹＭ　ＳＴＵＤＩＯ,兵庫県,芦屋市,東芦屋町１７番２３号,6590095
5140001108781,株式会社白國ケアデザイン,兵庫県,芦屋市,精道町５番２号,6590064
5140001109441,株式会社Ｈｏｕｓｅ　ｏｆ　Ｓｐｈｅｒｅ,兵庫県,芦屋市,浜芦屋町１０番２２号,6590054
5140001109854,Ｏｃｔｒｏｌｌ株式会社,兵庫県,芦屋市,船戸町５番２６号,6590093
5140001109953,株式会社ノースヒル,兵庫県,芦屋市,竹園町２番２０号,6590055
5140001110176,株式会社男計画,兵庫県,芦屋市,松ノ内町４番１２−１０１号,6590094
5140001110507,株式会社松田企画,兵庫県,芦屋市,伊勢町１０番２６−５０１号,6590052
5140001111100,株式会社神緑,兵庫県,芦屋市,業平町６番２２号,6590068
5140001111273,株式会社Ｐｒｏｂｌｅｍ　Ｓｏｌｖｉｎｇ,兵庫県,芦屋市,打出小槌町４−６−１０２,6590028
5140001111463,株式会社シンシア・ハート,兵庫県,芦屋市,川西町８番１２号,6590072
5140001112098,株式会社ＣＫＭ　ＮＥＸＴ,兵庫県,芦屋市,川西町２番１３−５０３号,6590072
5140001112783,フリーフライト株式会社,兵庫県,芦屋市,山芦屋町８番１３号,6590082
5140001113212,株式会社改善工房,兵庫県,芦屋市,西山町４番４−１０３号,6590083
5140001114094,カロス・アイ株式会社,兵庫県,芦屋市,伊勢町４番１２号−２１３,6590052
5140001114202,アトリエブリゼ株式会社,兵庫県,芦屋市,岩園町１８番１０号,6590013
5140001115068,株式会社Ｌａｇｏｏｎ,兵庫県,芦屋市,船戸町３−２４−２,6590093
5140001115365,合和商事株式会社,兵庫県,芦屋市,奥池町２５番２２号,6590003
5140001116215,株式会社Ｔ’ｓ　Ｌｏｃａｔｉｏｎ,兵庫県,芦屋市,船戸町５番２６号,6590093
5140001116280,メイクバランス株式会社,兵庫県,芦屋市,春日町２０番１３号,6590021
5140001116520,株式会社神嵜屋宗兵衛商店,兵庫県,芦屋市,奥池南町１番３５号,6590004
5140001117411,ＫＭ　Ｃｏｒｐｏｒａｔｉｏｎ株式会社,兵庫県,芦屋市,川西町１２番１３−１０４号,6590072
5140001117460,株式会社Ｓｈｉｎｋ,兵庫県,芦屋市,朝日ケ丘町２８番２３号,6590012
5140001117485,株式会社サンクウェル,兵庫県,芦屋市,翠ケ丘町１４番８−３０３号,6590014
5140001117808,株式会社ＢＯＵＬＤＥＲ　ＪＡＰＡＮ,兵庫県,芦屋市,山芦屋町１６番８号,6590082
5140001118112,株式会社Ａ　Ｌｏｔ　Ｏｆ,兵庫県,芦屋市,宮塚町３−４ＡＩ宮川ビル１０１,6590062
5140001119374,株式会社ソウシン,兵庫県,芦屋市,津知町１３番１２号,6590075
5140001120167,大阪総合福祉株式会社,兵庫県,芦屋市,若宮町５番１４号,6590027
5140001120290,株式会社エコーズ,兵庫県,芦屋市,朝日ケ丘町８番９−３０９号,6590012
5140001120547,株式会社アイラブオール,兵庫県,芦屋市,山手町２７番１−７０５号,6590096
5140001120621,株式会社ＲＥＶＩＶＥ,兵庫県,芦屋市,上宮川町２−１０岸田ビル２Ｆ,6590061
5140001120794,株式会社ＨＡＲＵＫＩ,兵庫県,芦屋市,楠町１４番２０−４１７号,6590015
5140001120844,株式会社喜楽,兵庫県,芦屋市,船戸町２−１ラポルテ西館１Ｆ,6590093
5140001122535,サニーガーデン株式会社,兵庫県,芦屋市,業平町３−６−３０２,6590068
5140001123475,ブルーオーシャン株式会社,兵庫県,芦屋市,涼風町１５番１０号,6590036
5140001123657,株式会社間口ソリューションズ,兵庫県,芦屋市,松浜町１２番１５号,6590053
5140001124317,株式会社ＩＨＭブラザーズ,兵庫県,芦屋市,月若町５番１２号Ｓｔｕｄｉｏ,6590084
5140001125356,株式会社ＴｗｉｎｓＥ,兵庫県,芦屋市,緑町１番１４−６０１号,6590042
5140001125570,株式会社向陽,兵庫県,芦屋市,西蔵町１番８号,6590026
5140001125892,Ａｓｃｅｎｓｉｏｎ株式会社,兵庫県,芦屋市,楠町９番２６号,6590015
5140001126180,裕進観光株式会社,兵庫県,芦屋市,六麓荘町１０番２５号,6590011
5140001126461,Ｍｅｒａｋ　Ｉｎｔｅｒｎａｔｉｏｎａｌ株式会社,兵庫県,芦屋市,潮見町４番３−４号,6590043
5140001127492,株式会社ＫＡＰＥＲＡ,兵庫県,芦屋市,茶屋之町２−２１−８０５,6590067
5140001127889,株式会社ＴＨＲＥＥ　ＮＩＮＥ,兵庫県,芦屋市,平田町５番２５−２０６号,6590074
5140001128193,株式会社ＲＥ‐ＧＲＡＣＥ,兵庫県,芦屋市,陽光町８番２０−１１０３号,6590034
5140001128466,株式会社エムエーオー,兵庫県,芦屋市,奥池町３３番８号,6590003
5140001128499,エイチプラステン株式会社,兵庫県,芦屋市,大桝町１番１８号,6590066
5140001128516,株式会社スペース,兵庫県,芦屋市,親王塚町８番８号,6590016
5140001128680,株式会社匠クリエイティブ,兵庫県,芦屋市,朝日ケ丘町８番１８−２０８号,6590012
5140001128697,株式会社芦屋リーガルデザイン,兵庫県,芦屋市,船戸町３番２５−３０２号,6590093
5140001129209,株式会社ＳＡＩ　Ｊａｐａｎ,兵庫県,芦屋市,涼風町６番３号,6590036
5140001129266,株式会社ベイレジデンス,兵庫県,芦屋市,大原町９番１−４０７号,6590092
5140001130265,株式会社ＫＫＡ＆Ａ,兵庫県,芦屋市,岩園町３３番３号,6590013
5140001130331,株式会社ＣＩＲＣＵＳ,兵庫県,芦屋市,春日町２−１５−２０１,6590021
5140001130439,株式会社すももテラス,兵庫県,芦屋市,西蔵町１０番１１−４１４号,6590026
5140001130471,神山珈琲株式会社,兵庫県,芦屋市,茶屋之町１１−８,6590067
5140001130851,株式会社インテルコーポレーション,兵庫県,芦屋市,東芦屋町５番３号,6590095
5140001131115,株式会社中央水道,兵庫県,芦屋市,業平町７番２号,6590068
5140001131354,株式会社Ｎ　Ｃｏ．,兵庫県,芦屋市,業平町６番３３−２０２号,6590068
5140001131379,株式会社ＡＳＡＨＩ,兵庫県,芦屋市,公光町３番１８−１号,6590065
5140001131437,株式会社サロン・ド・ガトー・アシヤ,兵庫県,芦屋市,船戸町５番２６号,6590093
5140001131544,Ｗｅｌｉｎａ株式会社,兵庫県,芦屋市,公光町８番１１−５０２号,6590065
5140001131916,Ｋ‐Ｆｉｖｅ株式会社,兵庫県,芦屋市,大桝町７番３号２階,6590066
5140001132402,株式会社天青龍ホールディングス,兵庫県,芦屋市,六麓荘町３番２１号,6590011
5140001132492,ＴＬＣ設計株式会社,兵庫県,芦屋市,茶屋之町３番１９号ＣＵＲ５０５,6590067
5140001132583,株式会社ｉｄ,兵庫県,芦屋市,東山町１６番１−３０３号,6590091
5140001133350,株式会社ＮＥＸＴ　ＧＡＭＥ,兵庫県,芦屋市,浜町４番２−１０１号,6590025
5140001133524,株式会社カスカータ,兵庫県,芦屋市,山芦屋町２５番１１号,6590082
5140001134217,Ａ＆Ｙ株式会社,兵庫県,芦屋市,岩園町３５番２９号,6590013
5140001134571,株式会社ＲＥＳＰＩＲＥＲ,兵庫県,芦屋市,六麓荘町１５番４号,6590011
5140001135124,株式会社フレッシュデザイン,兵庫県,芦屋市,浜町１１番２０号,6590025
5140001135140,株式会社航沙,兵庫県,芦屋市,公光町１番９号ＬａＳａｎｔｅ芦屋４０１号,6590065
5140001135280,Ａｓｉａ　ｃａｐｉｔａｌ　ｈｏｌｄｉｎｇｓ株式会社,兵庫県,芦屋市,涼風町１２−１０,6590036
5140001136064,株式会社ｉｋｋｉ,兵庫県,芦屋市,川西町４番２２−３０２号,6590072
5140001136147,株式会社ＩＢＡ,兵庫県,芦屋市,大原町１７−９−１−２０１,6590092
5140001136361,株式会社Ｕｒｉ’ｚ,兵庫県,芦屋市,上宮川町１番５号,6590061
5140001136709,株式会社侑明,兵庫県,芦屋市,宮塚町１２番７号,6590062
5140001137079,株式会社町中華ＪＡＰＡＮ,兵庫県,芦屋市,若葉町４番１−１１６４号,6590041
5140001137715,株式会社Ｅｎｎｅ,兵庫県,芦屋市,津知町１３番１８号,6590075
5140001138515,株式会社ユウファーマ,兵庫県,芦屋市,松ノ内町３番３０号,6590094
5140001138630,株式会社ＨＡＪＩＭＥ,兵庫県,芦屋市,大原町９番１号ラポルテ東館地下１階,6590092
5140001139182,ワイエスケー株式会社,兵庫県,芦屋市,南浜町１０番１９号,6590037
5140001139216,株式会社ｌｏｏｌ,兵庫県,芦屋市,公光町１１番２号ＣＨ．１５８ＢＬＤＧ．ＨＡＮＳＨＩＮＡＳＨＩＹＡ３階,6590065
5140001139488,株式会社ＩＰ　Ｂａｙ,兵庫県,芦屋市,涼風町２３−１１,6590036
5140001140553,Ｓｕｓｈｉ　Ａｉ株式会社,兵庫県,芦屋市,東芦屋町３番６号２０９,6590095
5140001141122,株式会社ＡＮＧＥＲＯ　ＴＲＥ,兵庫県,芦屋市,業平町７番１７−１０１号,6590068
5140001141188,株式会社ＡＭＥＩＮ　ＣＯＲＥ,兵庫県,芦屋市,岩園町１４番１３号,6590013
5140001142194,株式会社Ｘ　Ｈｏｌｄｉｎｇｓ,兵庫県,芦屋市,涼風町１５番１０号,6590036
5140001142392,株式会社ルーセル,兵庫県,芦屋市,南浜町３番２３号,6590037
5140002000005,株式会社神戸ＩＴパートナーズ,兵庫県,芦屋市,浜風町１３番１２号,6590032
5140002059157,株式会社オフィス・カイト,兵庫県,芦屋市,公光町８番１１−１０３号,6590065
5140003015290,株式会社Ａｓｈｉｙａ　Ｄｅｓｉｇｎ,兵庫県,芦屋市,宮塚町１０番８号,6590062
5140003018566,株式会社Ａ．Ｓ．Ａ,兵庫県,芦屋市,山芦屋町２４番１６号,6590082
5150001027717,三済株式会社,兵庫県,芦屋市,平田町６番２０号１０２号,6590074
5180001095901,株式会社グローバルテクノロジー,兵庫県,芦屋市,岩園町２２番２３号,6590013
5180001121533,株式会社エジン,兵庫県,芦屋市,涼風町１３−２８,6590036
5340001005364,株式会社フォルトウナ,兵庫県,芦屋市,月若町３番１３号,6590084
5340001021618,アリヴィオ株式会社,兵庫県,芦屋市,伊勢町３−２０伊勢ハウス１０２号,6590052
5370001015427,株式会社ＹＵＫＩＮＥ,兵庫県,芦屋市,山芦屋町５番８号,6590082
5470001014393,株式会社エステートホープ,兵庫県,芦屋市,朝日ケ丘町１８番２０号,6590012
6010001118628,株式会社塚本惣一郎アーシテクト・ドゥ・ペイザージュ,兵庫県,芦屋市,東山町１９−１３,6590091
6011301020309,ＳＬＧ　Ｌａｂｏ株式会社,兵庫県,芦屋市,船戸町６番１８−４０１号,6590093
6040001050126,株式会社未来デザイン,兵庫県,芦屋市,東芦屋町１７−２３,6590095
6120001037032,株式会社大阪ブレーンファミリー,兵庫県,芦屋市,朝日ケ丘町１８−１６,6590012
6120001056247,株式会社春誠,兵庫県,芦屋市,奥池南町４８番１３号,6590004
6120001071279,株式会社モード・トミー,兵庫県,芦屋市,業平町５番２０号,6590068
6120001077235,株式会社韓物,兵庫県,芦屋市,東芦屋町１番１２−２０４号,6590095
6120001089370,株式会社ホリス,兵庫県,芦屋市,奥山１番地の２８ロマネスク芦屋ガーデン３０５号,6590002
6120001104591,株式会社バリューインク,兵庫県,芦屋市,東芦屋町１８番３１−４０５号,6590095
6120001118435,角一興業株式会社,兵庫県,芦屋市,三条南町４番１４号,6590086
6120001128806,株式会社ＴＡＣ,兵庫県,芦屋市,涼風町９番２２号,6590036
6120001132980,株式会社トワージュプリモ,兵庫県,芦屋市,西山町１９番１２,6590083
6120001137897,コトヒラ物産株式会社,兵庫県,芦屋市,岩園町１０番１６−５０７号,6590013
6120001171351,株式会社ソニエ,兵庫県,芦屋市,親王塚町７番７号,6590016
6120001175113,株式会社Ｔ．Ｔ,兵庫県,芦屋市,六麓荘町１７番２２号,6590011
6120001176144,株式会社ＴＫ,兵庫県,芦屋市,六麓荘町１２番２４号,6590011
6120001183479,株式会社Ｂｏｎｄｓ,兵庫県,芦屋市,西山町２２−２４−１０３,6590083
6120001203360,株式会社ビーセント,兵庫県,芦屋市,岩園町１７番１２号ＤＡＩＫＥＮＮＣＯＵＲＴ芦屋Ｂ−１２,6590013
6120001203443,株式会社Ｅｉｇｈｔ＆Ｒ,兵庫県,芦屋市,茶屋之町５−１８、３０２号,6590067
6120001207519,ＳＨＥ商事株式会社,兵庫県,芦屋市,西蔵町１０番２号１Ｆ,6590026
6120001210836,ＨＯＮＣＹ株式会社,兵庫県,芦屋市,涼風町３１番１５号,6590036
6120001225025,株式会社Ｋｌｅｖｅｒ,兵庫県,芦屋市,西蔵町１０番１１−１０９号,6590026
6120001235981,ＴＵＲＮ　ＮＥＸＴ株式会社,兵庫県,芦屋市,朝日ケ丘町１２番１９号,6590012
6120002065123,株式会社丸長石材,兵庫県,芦屋市,船戸町５番２−８０１号,6590093
6120002075873,株式会社Ｏｎｅｓｔｏ,兵庫県,芦屋市,岩園町４７番１８号,6590013
6120101000088,株式会社クィーン,兵庫県,芦屋市,大原町２番６−３０９号,6590092
6120101054869,株式会社ラグチップ,兵庫県,芦屋市,朝日ケ丘町３４番１６号,6590012
6120901008784,株式会社ミズ・アビリティ,兵庫県,芦屋市,南宮町１２番２５号,6590024
6120901010443,植村造園土木株式会社,兵庫県,芦屋市,東芦屋町６番２４−４０５号,6590095
6120901018536,株式会社ベストリサイクル,兵庫県,芦屋市,浜風町３番７号,6590032
6130001051420,株式会社ｍａｎａ,兵庫県,芦屋市,上宮川町９−４,6590061
6130001051478,株式会社フィンオール,兵庫県,芦屋市,春日町１３番２８−２０８号,6590021
6130001058770,株式会社えんプラス,兵庫県,芦屋市,東山町３０番８−３０３号,6590091
6130001063102,株式会社Ｗｉｎｓｏｍｅ,兵庫県,芦屋市,潮見町１１−１,6590043
6140001000046,株式会社安榮丸,兵庫県,芦屋市,岩園町１０番６号,6590013
6140001000062,株式会社アクトホーム,兵庫県,芦屋市,三条町１０番２０号,6590087
6140001000070,株式会社藍瑞茉,兵庫県,芦屋市,春日町６番２０号,6590021
6140001000095,株式会社芦屋住宅販売,兵庫県,芦屋市,浜町６番１２−２０４号,6590025
6140001000129,株式会社アメニティ芦屋,兵庫県,芦屋市,朝日ケ丘町１９番６−５０３号,6590012
6140001000137,アルテミス株式会社,兵庫県,芦屋市,東芦屋町１８番３１−７０７号,6590095
6140001000161,株式会社インターパーツ,兵庫県,芦屋市,津知町１１番３−２０２号,6590075
6140001000194,株式会社エイコー,兵庫県,芦屋市,東山町２９番５−１０１号,6590091
6140001000244,株式会社オフィスユウアンドケイ,兵庫県,芦屋市,精道町５番３号,6590064
6140001000252,株式会社学術出版印刷,兵庫県,芦屋市,松浜町６番８号,6590053
6140001000269,加茂屋株式会社,兵庫県,芦屋市,船戸町１番２号,6590093
6140001000277,株式会社岸田建設,兵庫県,芦屋市,東山町２９番３５−２号,6590091
6140001000285,ギメルトレーディング株式会社,兵庫県,芦屋市,奥池町３６番２号,6590003
6140001000319,株式会社ケーティエンタープライズ,兵庫県,芦屋市,精道町８８番地の２,6590064
6140001000327,株式会社建築工房アルフアー,兵庫県,芦屋市,山手町５番３３号,6590096
6140001000335,株式会社コージー・ハウス,兵庫県,芦屋市,津知町７番１８号,6590075
6140001000343,株式会社Ａｔｅｌｉｅｒ雲母,兵庫県,芦屋市,翠ケ丘町１１番４３−３１１号,6590014
6140001000351,株式会社国土綜合園芸,兵庫県,芦屋市,山手町２４番１２−１０２号,6590096
6140001000368,三榮興産株式会社,兵庫県,芦屋市,朝日ケ丘町３８番１９号,6590012
6140001000384,三正株式会社,兵庫県,芦屋市,宮塚町３番６号,6590062
6140001000418,株式会社シーピーユー,兵庫県,芦屋市,朝日ケ丘町４０番１９,6590012
6140001000442,株式会社十全薬局,兵庫県,芦屋市,茶屋之町６番９号,6590067
6140001000459,信和産業株式会社,兵庫県,芦屋市,南宮町１番２０−３０３号,6590024
6140001000467,株式会社スタッフリーダー,兵庫県,芦屋市,東芦屋町１８番６号,6590095
6140001000491,相互建設工業株式会社,兵庫県,芦屋市,楠町４番４−２０４号,6590015
6140001000500,第一産商株式会社,兵庫県,芦屋市,翠ケ丘町１１番４３−７１３号,6590014
6140001000517,大宝不動産株式会社,兵庫県,芦屋市,浜芦屋町１０番１０号,6590054
6140001000525,株式会社アシスト芦屋,兵庫県,芦屋市,西山町１０番１１号,6590083
6140001000533,株式会社タカ商事,兵庫県,芦屋市,船戸町５番２８−２０１号,6590093
6140001000541,株式会社田中博商店,兵庫県,芦屋市,精道町１２番１０号,6590064
6140001000558,株式会社ティ・エッチ・ケー,兵庫県,芦屋市,六麓荘町１９番１６号,6590011
6140001000566,出口工業株式会社,兵庫県,芦屋市,業平町７番２７号,6590068
6140001000574,株式会社東京形成,兵庫県,芦屋市,業平町３番６−４０２号,6590068
6140001000590,株式会社中岡工務店,兵庫県,芦屋市,岩園町２２番３４号,6590013
6140001000616,西日本ジャパン株式会社,兵庫県,芦屋市,浜芦屋町１０番２０号,6590054
6140001000640,株式会社ノバック,兵庫県,芦屋市,大原町１０番１−２０７号,6590092
6140001000657,株式会社博友,兵庫県,芦屋市,業平町３番１２−２０５号,6590068
6140001000665,株式会社ハナヤ勘兵衛,兵庫県,芦屋市,前田町３番６号,6590071
6140001000673,株式会社フィールド,兵庫県,芦屋市,船戸町４番１−３１０号,6590093
6140001000698,株式会社フジキ,兵庫県,芦屋市,打出町５番２０号,6590022
6140001000715,株式会社プログレス,兵庫県,芦屋市,公光町１０番２１号,6590065
6140001000731,宝神道路建設株式会社,兵庫県,芦屋市,宮塚町７番１２号,6590062
6140001000756,株式会社松之内美容室,兵庫県,芦屋市,翠ケ丘町１番１号,6590014
6140001000772,三重新生電子株式会社,兵庫県,芦屋市,朝日ケ丘町１７番３２号,6590012
6140001000780,株式会社美多屋,兵庫県,芦屋市,翠ケ丘町３番６号,6590014
6140001000822,大和貿易株式会社,兵庫県,芦屋市,船戸町５番２６号,6590093
6140001000847,株式会社米澤工務店,兵庫県,芦屋市,三条南町１０番７号,6590086
6140001000855,ワコリム株式会社,兵庫県,芦屋市,松浜町１番１５号,6590053
6140001000863,株式会社芦屋堂,兵庫県,芦屋市,大原町９番１−３０４号コープディズ芦屋３階,6590092
6140001000888,芦神センター株式会社,兵庫県,芦屋市,船戸町４番１−４０４,6590093
6140001000905,ＪＣＲファーマ株式会社,兵庫県,芦屋市,春日町３番１９号,6590021
6140001001960,田附産業株式会社,兵庫県,芦屋市,六麓荘町１２番１３号,6590011
6140001002678,八代興業株式会社,兵庫県,芦屋市,岩園町２８番１６−３号,6590013
6140001010061,株式会社布引ビルデイング,兵庫県,芦屋市,東山町２７番５−５０１号,6590091
6140001010945,株式会社マッケイインターナショナル,兵庫県,芦屋市,朝日ケ丘町７番８号,6590012
6140001014491,株式会社吉川商会,兵庫県,芦屋市,呉川町１３番３−１１１号,6590051
6140001017791,株式会社日登,兵庫県,芦屋市,三条南町１３番３号,6590086
6140001019292,株式会社ブランカ,兵庫県,芦屋市,川西町４番２号,6590072
6140001019648,カンパニースタイル株式会社,兵庫県,芦屋市,月若町２番１８号,6590084
6140001019846,株式会社モデルバーン,兵庫県,芦屋市,大原町１１番２４−２１２号,6590092
6140001019904,株式会社市居総合計画,兵庫県,芦屋市,船戸町９番７号,6590093
6140001020036,株式会社栄大商事,兵庫県,芦屋市,業平町４番１−４０１号,6590068
6140001020143,株式会社エコール住宅販売,兵庫県,芦屋市,茶屋之町１１番５号,6590067
6140001020259,開成興運株式会社,兵庫県,芦屋市,山手町４番３号,6590096
6140001020473,株式会社三理,兵庫県,芦屋市,三条町２３番２４号,6590087
6140001020688,株式会社大晶,兵庫県,芦屋市,大原町１１番２４−３０２号,6590092
6140001020696,高田パール株式会社,兵庫県,芦屋市,業平町７番４号,6590068
6140001020911,株式会社クラスターシステム,兵庫県,芦屋市,朝日ケ丘町４番３０−６０５,6590012
6140001021109,株式会社ヤマハツ,兵庫県,芦屋市,東芦屋町１８番３１−７０１号,6590095
6140001021182,マークハウジング株式会社,兵庫県,芦屋市,大原町７番８−２０１号,6590092
6140001021356,株式会社アナベル,兵庫県,芦屋市,大桝町１番９号,6590066
6140001021579,株式会社比呂乃屋,兵庫県,芦屋市,奥池町３７番３号,6590003
6140001021629,株式会社健禄,兵庫県,芦屋市,業平町２番１４号プロスペリタ芦屋６０２号,6590068
6140001021752,ケイ・ティ・システム株式会社,兵庫県,芦屋市,川西町４番２２号,6590072
6140001022057,アシヤコンストラクション株式会社,兵庫県,芦屋市,竹園町１−１８−１０２,6590055
6140001022362,ナカヒロトレーディング株式会社,兵庫県,芦屋市,大原町９番１−１０７号,6590092
6140001022602,株式会社アーバンデザイン,兵庫県,芦屋市,大桝町７番９−２０１号,6590066
6140001023113,株式会社ハープコーポレーション,兵庫県,芦屋市,船戸町５番２号,6590093
6140001023484,株式会社アプロス,兵庫県,芦屋市,東芦屋町２５番３２−４０２号,6590095
6140001023699,株式会社ラムダ,兵庫県,芦屋市,楠町１５番１８号,6590015
6140001023914,ＱＵＥＳＴ株式会社,兵庫県,芦屋市,大桝町４番２０−１号,6590066
6140001024193,株式会社ア・ソッカ,兵庫県,芦屋市,東芦屋町２１番１８号,6590095
6140001024433,株式会社ギャラリーあしや,兵庫県,芦屋市,大原町２番６−１１７号,6590092
6140001024458,ＡＲＴ株式会社,兵庫県,芦屋市,浜風町８番１８−１号,6590032
6140001024482,株式会社プラスオン,兵庫県,芦屋市,六麓荘町１０番４号,6590011
6140001024524,株式会社Ｏｆｆｉｃｅスズキ,兵庫県,芦屋市,朝日ケ丘町１４−６−４０４,6590012
6140001024615,株式会社Ｍ’ｓプランニング,兵庫県,芦屋市,翠ケ丘町１８−８−３０１,6590014
6140001025092,株式会社サン・ステラ・コーポレーション,兵庫県,芦屋市,奥山１１番５０２号,6590002
6140001026025,あんしん保険プロ株式会社,兵庫県,芦屋市,親王塚町３番６号,6590016
6140001026256,株式会社コッコウ,兵庫県,芦屋市,六麓荘町１５番５号,6590011
6140001026603,株式会社端商会,兵庫県,芦屋市,緑町１−１０−４０２,6590042
6140001026644,株式会社セブン・コマース・コーポレーション,兵庫県,芦屋市,楠町１４番２０−２１４号,6590015
6140001026693,株式会社ｎｏｍａｎｅ,兵庫県,芦屋市,打出町６番４号,6590022
6140001026842,株式会社ジーキャピタル,兵庫県,芦屋市,岩園町３番６−３０６号,6590013
6140001026875,ジヤパン・エース株式会社,兵庫県,芦屋市,六麓荘町８番２９号,6590011
6140001027023,株式会社ともケアセンター,兵庫県,芦屋市,大原町１２−２４−１０１,6590092
6140001027171,株式会社Ｉ’ｌｌｏｎｙ,兵庫県,芦屋市,打出小槌町１４−１０サンパレス門１Ｆ,6590028
6140001027378,株式会社環境テクノロジー,兵庫県,芦屋市,山手町２４番１２号,6590096
6140001027411,株式会社アネスト,兵庫県,芦屋市,茶屋之町７番１０号,6590067
6140001027659,株式会社ノア,兵庫県,芦屋市,楠町１６番１８−１０３号,6590015
6140001027700,株式会社ｉｎｆｉｎｉｔｙ,兵庫県,芦屋市,宮塚町１１番１８,6590062
6140001028013,Ａｓｈｉｙａ．ＤＥＣＯ株式会社,兵庫県,芦屋市,岩園町４１番２３号,6590013
6140001028038,株式会社クオリティ三条,兵庫県,芦屋市,三条町１２番８号,6590087
6140001028129,株式会社オオハラファーマシー,兵庫県,芦屋市,大原町９番１−２０５号,6590092
6140001028153,株式会社プレシアス,兵庫県,芦屋市,朝日ケ丘町７番１５−３１１,6590012
6140001028236,株式会社スターネット不動産,兵庫県,芦屋市,春日町６番２０−１０１号,6590021
6140001028293,タシカ株式会社,兵庫県,芦屋市,海洋町１番１２号,6590035
6140001028558,株式会社モール・モール,兵庫県,芦屋市,平田町２番７−７０５号,6590074
6140001028582,株式会社赤木,兵庫県,芦屋市,津知町３番１９号,6590075
6140001028649,株式会社ｅｓｃａｌｉｅｒ,兵庫県,芦屋市,茶屋之町１番１号,6590067
6140001028657,株式会社エバックス,兵庫県,芦屋市,緑町１番９−４０１号,6590042
6140001028789,株式会社シエル動物病院,兵庫県,芦屋市,岩園町２５番２号,6590013
6140001028987,株式会社ＮＲホールディングス,兵庫県,芦屋市,松ノ内町６番３号,6590094
6140001029498,東豊商事株式会社,兵庫県,芦屋市,平田町５番８−２０２号,6590074
6140001029523,株式会社イケダ管財企画,兵庫県,芦屋市,月若町５番１０−１０１号,6590084
6140001029606,株式会社ジヤコンヌ,兵庫県,芦屋市,西山町１５番１０号,6590083
6140001029614,株式会社藤原,兵庫県,芦屋市,呉川町１８番２−２１０号,6590051
6140001029647,株式会社オーナーズエージェント芦屋,兵庫県,芦屋市,大原町１１番２４−１０２号,6590092
6140001030092,株式会社ＨＲＥコンサルタント,兵庫県,芦屋市,打出小槌町９番８−２０２号,6590028
6140001030118,メディカルネッツ株式会社,兵庫県,芦屋市,潮見町２８番７号,6590043
6140001030729,株式会社ＩＴキャリック,兵庫県,芦屋市,奥池南町１８番１５号,6590004
6140001030844,株式会社サイバージャパン,兵庫県,芦屋市,打出小槌町３番２３−４０１号,6590028
6140001030919,株式会社アクト,兵庫県,芦屋市,朝日ケ丘町５番２０−６０１号,6590012
6140001031108,株式会社プレイルームすみれ,兵庫県,芦屋市,船戸町８番３号,6590093
6140001031594,株式会社Ｋ．Ｋ．Ｃ,兵庫県,芦屋市,翠ケ丘町１１番４３−６０４号,6590014
6140001031652,株式会社シーテック,兵庫県,芦屋市,南宮町１３番３−１０４号,6590024
6140001031735,ストック株式会社,兵庫県,芦屋市,奥池南町１８番３号,6590004
6140001031801,誠商事株式会社,兵庫県,芦屋市,海洋町１番１２号,6590035
6140001032015,株式会社メイホウ,兵庫県,芦屋市,山芦屋町２番２２号,6590082
6140001032064,株式会社Ａ．Ｒ．Ｔ．,兵庫県,芦屋市,業平町３番２０号,6590068
6140001032106,株式会社ガッチコーポレーション,兵庫県,芦屋市,呉川町１５番６号,6590051
6140001032312,友和株式会社,兵庫県,芦屋市,東芦屋町１６番１８号,6590095
6140001032675,株式会社ナレッジネットワーク,兵庫県,芦屋市,潮見町２７−２,6590043
6140001032782,株式会社ｏｆｆｉｃｅＮＡＫＡＪＩＭＡ,兵庫県,芦屋市,川西町２番３７−３０６号,6590072
6140001033112,株式会社Ｍａｘ　Ｉｎｔｅｒｎａｔｉｏｎａｌ,兵庫県,芦屋市,清水町２番６号ロウゼット芦屋３０１号,6590076
6140001033120,株式会社イナシン,兵庫県,芦屋市,松ノ内町１番１０−３１０号,6590094
6140001033137,株式会社みつ丸,兵庫県,芦屋市,茶屋之町２番２３号,6590067
6140001033384,株式会社フェアライフ,兵庫県,芦屋市,平田町７番２０号,6590074
6140001033434,株式会社オフィス今津,兵庫県,芦屋市,朝日ケ丘町４番７号,6590012
6140001033491,株式会社トリニティ,兵庫県,芦屋市,楠町１５番７号３Ｆ,6590015
6140001033525,株式会社住宅みちしるべ,兵庫県,芦屋市,大桝町６番９号,6590066
6140001033649,株式会社オーガニックグリーン,兵庫県,芦屋市,東山町２番３号,6590091
6140001033731,芦屋メディカル株式会社,兵庫県,芦屋市,朝日ケ丘町８−１８−５０６,6590012
6140001033772,株式会社ティ・エム・コーポレィション,兵庫県,芦屋市,浜町６番６号,6590025
6140001033896,打出コンタクト株式会社,兵庫県,芦屋市,浜町９番１２号,6590025
6140001037699,株式会社ラックフィールド,兵庫県,芦屋市,海洋町５番２７号,6590035
6140001047095,株式会社ホワイト急便西宮,兵庫県,芦屋市,山手町２８番３１−３１２号,6590096
6140001047129,株式会社光彩,兵庫県,芦屋市,西芦屋町６番８−４号北側,6590085
6140001047153,株式会社アクアインデックス,兵庫県,芦屋市,山手町７番２１号,6590096
6140001050181,東洋鋼業株式会社,兵庫県,芦屋市,茶屋之町４番１４−３０３号,6590067
6140001057128,株式会社ＬＩＮＸ,兵庫県,芦屋市,三条南町４番１２号,6590086
6140001067556,フジモト殖産株式会社,兵庫県,芦屋市,大桝町１番２５号,6590066
6140001067639,株式会社マキタメンテナンス,兵庫県,芦屋市,潮見町４番７−１号,6590043
6140001068397,河野インテリジェント株式会社,兵庫県,芦屋市,朝日ケ丘町１２番１０号,6590012
6140001069255,第一江栄産業株式会社,兵庫県,芦屋市,翠ケ丘町６番２−３０５号,6590014
6140001069800,日本技術株式会社,兵庫県,芦屋市,浜町１３番２９−５０７号,6590025
6140001071137,株式会社クロマテック,兵庫県,芦屋市,大桝町１番１８号,6590066
6140001072787,株式会社ドクター・ベン,兵庫県,芦屋市,船戸町３番２３号芦屋三祐ビル２階,6590093
6140001072845,株式会社サンマル,兵庫県,芦屋市,松ノ内町９番２１号保山方,6590094
6140001073001,株式会社レフトフィールド,兵庫県,芦屋市,東山町１２番７号,6590091
6140001077687,平成興産株式会社,兵庫県,芦屋市,浜芦屋町１０番１０号,6590054
6140001078669,株式会社モンハブランカ,兵庫県,芦屋市,南浜町１３番１８号,6590037
6140001081160,旭殖産株式会社,兵庫県,芦屋市,東芦屋町１番１６−３０２号,6590095
6140001083693,株式会社三佳,兵庫県,芦屋市,朝日ケ丘町１４番７−４０１号,6590012
6140001086374,株式会社ミナト,兵庫県,芦屋市,楠町１０番１９号,6590015
6140001086606,株式会社ＡＣパートナーズ,兵庫県,芦屋市,伊勢町５番６−２号,6590052
6140001087083,Ｂ．Ｃｒｅａｔｉｏｎ株式会社,兵庫県,芦屋市,業平町５番２号,6590068
6140001087819,株式会社ＫＯＢＡＹ　ＬＯＧＩＳＴＩＣＳ,兵庫県,芦屋市,南宮町２−５−４０１,6590024
6140001088494,ビジネス心理コンサルティング株式会社,兵庫県,芦屋市,打出小槌町９番１２−１０２号,6590028
6140001088602,株式会社エクセリーフ,兵庫県,芦屋市,三条町１１番５号,6590087
6140001088692,株式会社ＴＳＵＭＡＺＡＫＩ,兵庫県,芦屋市,高浜町１−１−３０７,6590033
6140001088734,ブランクハウス株式会社,兵庫県,芦屋市,春日町１番１号,6590021
6140001088742,株式会社ＭＨＹコーポレーション,兵庫県,芦屋市,山手町６番１０号,6590096
6140001088841,株式会社Ａｃｕｂｅ　Ｃｏｒｐｏｒａｔｉｏｎ,兵庫県,芦屋市,山手町６−１７,6590096
6140001089815,六甲ビルヂング株式会社,兵庫県,芦屋市,大東町１０番１２−１１１号,6590023
6140001090401,株式会社ＬＩＦＥ　ＰＨＡＲＭＡ　ＫＯＢＥ,兵庫県,芦屋市,精道町８番１６号,6590064
6140001090748,オールクリアオルソ・ジャパン株式会社,兵庫県,芦屋市,春日町２４−８ゲマインシャフト芦屋２０２,6590021
6140001090871,日々樹会計コンサルティンググループ株式会社,兵庫県,芦屋市,山手町１４−８,6590096
6140001091036,株式会社Ｍａｒｉｎａ　Ｓｉｌｖａ,兵庫県,芦屋市,山芦屋町２番２４号,6590082
6140001091052,エヌアンドケイユニオン株式会社,兵庫県,芦屋市,山手町１番２１号,6590096
6140001091721,株式会社ディジー,兵庫県,芦屋市,業平町５番１６−５０１号,6590068
6140001091903,株式会社ジェーデザイン社,兵庫県,芦屋市,奥池南町１９番１０号,6590004
6140001091952,株式会社ＳＹプランニング,兵庫県,芦屋市,南浜町１２番１２号,6590037
6140001092736,株式会社リベレ,兵庫県,芦屋市,東山町１２番３１−１０１号,6590091
6140001093131,株式会社アミージャパン,兵庫県,芦屋市,業平町６番１１号,6590068
6140001093296,株式会社ジェットファミリー,兵庫県,芦屋市,岩園町４９番４３号,6590013
6140001093577,株式会社ａｉｏｓ,兵庫県,芦屋市,平田北町３番１４号１０１,6590073
6140001094170,株式会社古澤商事,兵庫県,芦屋市,津知町９番３号,6590075
6140001094492,株式会社ライフストリーム,兵庫県,芦屋市,打出町５−２２,6590022
6140001094617,株式会社セイコウ,兵庫県,芦屋市,大東町１２番７号,6590023
6140001094708,株式会社グランドフードホール,兵庫県,芦屋市,東山町６番６号,6590091
6140001095268,株式会社ＣＩＲＣＵＳ,兵庫県,芦屋市,親王塚町１３番８−２０２号,6590016
6140001097223,日本サロネーゼ株式会社,兵庫県,芦屋市,大原町４番２号,6590092
6140001097652,くろだカンパニー株式会社,兵庫県,芦屋市,宮川町３番２号,6590063
6140001097743,株式会社ジェムズ,兵庫県,芦屋市,浜町９番１７号,6590025
6140001098551,株式会社ＦＩＲＥＦＬＹ,兵庫県,芦屋市,奥池町１３番１３号,6590003
6140001098642,株式会社ＰＬＡＹ,兵庫県,芦屋市,竹園町６番７号,6590055
6140001099203,株式会社福島屋,兵庫県,芦屋市,松浜町１番６号,6590053
6140001099748,株式会社花鞠,兵庫県,芦屋市,東山町７番７−３０７号,6590091
6140001100143,株式会社大蔵,兵庫県,芦屋市,精道町４番７号,6590064
6140001100176,株式会社おはなエステート,兵庫県,芦屋市,奥池南町２１番３号,6590004
6140001100283,株式会社Ｉｍｍｕｎｏｌｏｇｙ,兵庫県,芦屋市,業平町４番６号,6590068
6140001100300,剛大株式会社,兵庫県,芦屋市,楠町５番１５号,6590015
6140001100820,リビングネイチャー株式会社,兵庫県,芦屋市,六麓荘町６番３０号,6590011
6140001101182,株式会社ＶＥＮＴＥ　ｉｎｔｅｒｎａｔｉｏｎａｌ,兵庫県,芦屋市,公光町１０番１０号,6590065
6140001101273,株式会社エステート悠,兵庫県,芦屋市,浜風町２４番１０号,6590032
6140001102370,株式会社アプローズ,兵庫県,芦屋市,大原町９番１−８０６号,6590092
6140001102916,株式会社ルソナ,兵庫県,芦屋市,宮川町１番１８号,6590063
6140001104136,株式会社ＥＬＥＧＡＮＺＡ,兵庫県,芦屋市,大原町１１番７号,6590092
6140001104210,株式会社ランドマーク,兵庫県,芦屋市,東芦屋町３番７号,6590095
6140001104549,株式会社Ｃｒｏｃｕｓ,兵庫県,芦屋市,大東町１１番１７−５０６号,6590023
6140001105233,株式会社ループ,兵庫県,芦屋市,上宮川町３番７号,6590061
6140001105811,芦屋空調設備株式会社,兵庫県,芦屋市,大東町１８番６−１０６号,6590023
6140001106165,株式会社天祥,兵庫県,芦屋市,船戸町５番１８−１０２号,6590093
6140001106405,株式会社サロンドシックデザインワークス,兵庫県,芦屋市,業平町５番２１号４Ｆ,6590068
6140001106636,株式会社シュートホーム,兵庫県,芦屋市,大桝町５番１０−２号,6590066
6140001106818,株式会社ワイズ,兵庫県,芦屋市,六麓荘町４番３号,6590011
6140001106850,ｒｉｖｅｔ　ｄｅｓｉｇｎ　ｏｆｆｉｃｅ株式会社,兵庫県,芦屋市,三条南町１番１２号,6590086
6140001107048,株式会社ＲＥＢＯＲＮ　ＣＯＤＥ,兵庫県,芦屋市,親王塚町７番３−４０１号,6590016
6140001107345,株式会社ボディアセットジャパン,兵庫県,芦屋市,業平町７番１４号,6590068
6140001107989,株式会社エスペランザ,兵庫県,芦屋市,宮川町８番８号,6590063
6140001108277,株式会社オーブトレーディング,兵庫県,芦屋市,朝日ケ丘町４番７−２０３号,6590012
6140001108475,久武正明建築設計事務所株式会社,兵庫県,芦屋市,奥池町１９番１４号,6590003
6140001108590,株式会社ＩＴＴＯＫＵ　ＷＯＲＬＤ,兵庫県,芦屋市,宮塚町１２番１９号,6590062
6140001108632,Ｐｓｉ株式会社,兵庫県,芦屋市,公光町１１番５号,6590065
6140001108673,株式会社ラナ・パラディ,兵庫県,芦屋市,岩園町８番１１号,6590013
6140001108871,株式会社Ｒｉｃｈａｒｄ,兵庫県,芦屋市,山手町２６番４号,6590096
6140001108946,株式会社シエス,兵庫県,芦屋市,平田北町１番１３号,6590073
6140001109052,株式会社レガーロエンターテイメント,兵庫県,芦屋市,大原町２０番２１号２０３,6590092
6140001109283,株式会社ＦＩＢＬＥ,兵庫県,芦屋市,岩園町９番１号,6590013
6140001109647,株式会社クリエイティブ・ラボ,兵庫県,芦屋市,楠町１０−９,6590015
6140001109705,株式会社うちでのこづち,兵庫県,芦屋市,打出小槌町４番６,6590028
6140001110035,株式会社ＫＡＮＯＷＡ,兵庫県,芦屋市,緑町１番１３−４０３号,6590042
6140001110571,ＳＡインターナショナル株式会社,兵庫県,芦屋市,竹園町１番１８−２０２号,6590055
6140001111116,ワイ・ケイ株式会社,兵庫県,芦屋市,山手町１４番２号,6590096
6140001111363,株式会社大日住宅サービス,兵庫県,芦屋市,山芦屋町１７番１４号,6590082
6140001111982,つばさアカウンティング株式会社,兵庫県,芦屋市,船戸町５番１８号,6590093
6140001112428,芦屋千石不動産株式会社,兵庫県,芦屋市,船戸町３番２４−１０２号,6590093
6140001112774,株式会社ＰａｇｅＰｏｒｔ,兵庫県,芦屋市,船戸町３−２４−２,6590093
6140001112808,株式会社ベルロワ,兵庫県,芦屋市,朝日ケ丘町６番１１−１０９号,6590012
6140001112948,株式会社９Ｚ,兵庫県,芦屋市,陽光町７番１号,6590034
6140001113277,株式会社ＧＥ３Ａｓｈｉｙａ,兵庫県,芦屋市,東山町１２番８号,6590091
6140001113327,株式会社リスター,兵庫県,芦屋市,南浜町３番１８号,6590037
6140001113335,株式会社砂原,兵庫県,芦屋市,東山町１０番２−４０４号,6590091
6140001113418,株式会社光嶋裕介建築設計事務所,兵庫県,芦屋市,大桝町三丁目４番地,6590066
6140001113715,株式会社ソレイユ,兵庫県,芦屋市,朝日ケ丘町１番２９号,6590012
6140001113847,株式会社ミレット・フィールド,兵庫県,芦屋市,涼風町１番１０号,6590036
6140001114399,ｅ−ＳＴＡＲ株式会社,兵庫県,芦屋市,大東町三丁目１７番１０６号,6590023
6140001114440,株式会社Ｍａｍａｎ,兵庫県,芦屋市,船戸町５番２６号,6590093
6140001114903,株式会社ＹＢＮ　ｌａｂｏｒａｔｏｒｉｅｓ,兵庫県,芦屋市,山芦屋町１７−２１,6590082
6140001115513,株式会社ライネライト２６,兵庫県,芦屋市,西山町１１番１７号シャンブル芦屋３０２号室,6590083
6140001115562,株式会社阪神Ｔ・Ｎ・Ａ,兵庫県,芦屋市,大桝町１番１８号,6590066
6140001116024,株式会社本多恭司一級建築士事務所,兵庫県,芦屋市,岩園町１２番１１号,6590013
6140001116222,株式会社Ｋ−ｆａｍｉｌｙ,兵庫県,芦屋市,業平町７−１６メゾン高橋１Ｆ,6590068
6140001116346,株式会社アクトアライズ,兵庫県,芦屋市,朝日ケ丘町３８−２０−Ｃ,6590012
6140001116354,クロスアセット株式会社,兵庫県,芦屋市,涼風町１５番１０号,6590036
6140001116701,株式会社夢皆舎,兵庫県,芦屋市,若葉町６番２−１８２４号,6590041
6140001116973,株式会社ラッセルズ,兵庫県,芦屋市,船戸町５−２６マリアキャリーヌビル,6590093
6140001117204,株式会社Ｅｕｐｈｏｒｉａ,兵庫県,芦屋市,大東町６番８号,6590023
6140001117369,株式会社ケントハウス,兵庫県,芦屋市,奥池町３７番３号,6590003
6140001117625,株式会社フォレグロスト,兵庫県,芦屋市,船戸町５番２６号マリアキャリーヌビル２Ｆ,6590093
6140001117765,エイチプラススリー株式会社,兵庫県,芦屋市,大桝町１番１８号,6590066
6140001118020,エイチプラスファイブ株式会社,兵庫県,芦屋市,大桝町１番１８号,6590066
6140001118813,株式会社ＧＡＤＺＩＬＬＡ,兵庫県,芦屋市,松ノ内町７番１０号,6590094
6140001118887,エイチプラスシックス株式会社,兵庫県,芦屋市,大桝町１番１８号,6590066
6140001118986,株式会社ｉｎｏｍｅ,兵庫県,芦屋市,朝日ケ丘町４番１３−２１５号,6590012
6140001120364,株式会社Ｍｉｔｏ,兵庫県,芦屋市,打出小槌町３番５号,6590028
6140001120942,株式会社エール,兵庫県,芦屋市,岩園町１番１７号,6590013
6140001121288,株式会社レイライン,兵庫県,芦屋市,山手町２８番３１号セレッソコート芦屋山手町１０２,6590096
6140001121395,株式会社ＭＡＨＡＲＯ,兵庫県,芦屋市,岩園町２９番５号,6590013
6140001121643,株式会社スタジオパバローン,兵庫県,芦屋市,朝日ケ丘町２０番８号,6590012
6140001122047,インフィニスパーク株式会社,兵庫県,芦屋市,船戸町５−２６,6590093
6140001122179,株式会社ロメロスペシャル,兵庫県,芦屋市,大原町１１番７−２０２号,6590092
6140001122328,株式会社芦屋建設コンサルタント,兵庫県,芦屋市,岩園町１０番１６−２０８号,6590013
6140001122815,株式会社ＬＬＡ,兵庫県,芦屋市,朝日ケ丘町６番２１−５０３号,6590012
6140001123565,株式会社おはな,兵庫県,芦屋市,浜町３番１４−１０５号,6590025
6140001123656,ａｓｈｉｙａ　Ｃｏｌｌｅｚｉｏｎｅ＆Ｒ株式会社,兵庫県,芦屋市,大原町６番１５−２０１号,6590092
6140001124761,株式会社ＬａＬｕｎｅ,兵庫県,芦屋市,奥池南町４５番９号,6590004
6140001124919,モアナライズ株式会社,兵庫県,芦屋市,朝日ケ丘町２８番２３号,6590012
6140001125058,エイチプラスエイト株式会社,兵庫県,芦屋市,大桝町１番１８号,6590066
6140001125256,地産開発株式会社,兵庫県,芦屋市,春日町２４番８号ゲマインシャフト芦屋３０１,6590021
6140001125941,Ｉｓａｋａ＆Ａｓｓｏｃｉａｔｅｓ株式会社,兵庫県,芦屋市,春日町１３−２−１０１,6590021
6140001125982,株式会社ＹＯＵ・ＫＩ,兵庫県,芦屋市,打出小槌町９番１８−１０４号,6590028
6140001126262,ジアグループ株式会社,兵庫県,芦屋市,業平町６番１６号−４０２,6590068
6140001126485,ケイエムプランニング株式会社,兵庫県,芦屋市,松ノ内町３番２９−２号,6590094
6140001126642,株式会社芦屋不動産,兵庫県,芦屋市,大原町１５番１８号,6590092
6140001126972,株式会社フォレスト,兵庫県,芦屋市,朝日ケ丘町８−１８−２０６,6590012
6140001127310,アグロメディックス株式会社,兵庫県,芦屋市,船戸町６番１９−２０５号,6590093
6140001128952,株式会社ＩＢＡＬ,兵庫県,芦屋市,宮塚町１５番６−３１２号,6590062
6140001129471,ウィルクラウド株式会社,兵庫県,芦屋市,精道町４番１５号３階,6590064
6140001129810,株式会社ヒロアセットマネジメント,兵庫県,芦屋市,船戸町３番２３−１０２号,6590093
6140001129991,Ａ’Ｂａｓｅ株式会社,兵庫県,芦屋市,打出町５番２１号１０１,6590022
6140001130066,Ｆｒｅｉｇｈｔｐｌｕｓ　Ｊａｐａｎ株式会社,兵庫県,芦屋市,平田町８番５−４０３号,6590074
6140001130330,株式会社ＡＳＨＩＹＡ　ＨＯＭＵＲＡ,兵庫県,芦屋市,公光町９番４号アルコーブ芦屋Ｂ１０３,6590065
6140001131741,株式会社マタエル,兵庫県,芦屋市,山芦屋町８−８,6590082
6140001131972,株式会社稜旺,兵庫県,芦屋市,東芦屋町６−２４−５０１,6590095
6140001132319,株式会社ｔｅｃｈｌｉｖｅ,兵庫県,芦屋市,高浜町１５番８号,6590033
6140001132624,和康株式会社,兵庫県,芦屋市,東山町９番１７号,6590091
6140001132756,株式会社栄徳,兵庫県,芦屋市,若葉町５番１−１６１１号,6590041
6140001132962,ＧＴＹ株式会社,兵庫県,芦屋市,高浜町１６番１３号,6590033
6140001133036,株式会社Ｎ＆Ｄ,兵庫県,芦屋市,涼風町７−４,6590036
6140001133085,株式会社ｍｏｔｏｉ,兵庫県,芦屋市,松ノ内町５番２０号,6590094
6140001133119,株式会社レフログ,兵庫県,芦屋市,東山町２番４号２階,6590091
6140001134018,株式会社リルム,兵庫県,芦屋市,船戸町５番２６号,6590093
6140001134125,株式会社アルコルダ・クリエイティブ,兵庫県,芦屋市,三条町２８番４号,6590087
6140001134166,株式会社ノイチゴ,兵庫県,芦屋市,春日町１３番２８−３０８号,6590021
6140001134257,株式会社ＳａｋａｍｏｔｏＩＰ　ＪＡＰＡＮ,兵庫県,芦屋市,三条町１２番１６号,6590087
6140001134372,株式会社オフィス・ユキ,兵庫県,芦屋市,山芦屋町２２番７−２０４号,6590082
6140001135478,Ａ＆Ｂ商事株式会社,兵庫県,芦屋市,東芦屋町１８番４８号,6590095
6140001135619,Ｔａｒｏ．Ｅ．Ｓ株式会社,兵庫県,芦屋市,上宮川町１番５−７０４号,6590061
6140001135643,Ｊａｐａｎ　Ｒｅｎｔａｌ　Ｃａｒ株式会社,兵庫県,芦屋市,涼風町２４−１２,6590036
6140001137029,株式会社Ｈｏｗｄｙ,兵庫県,芦屋市,茶屋之町１１−７,6590067
6140001137053,Ｗａｔｅｒ　Ｓｃａｐｅ株式会社,兵庫県,芦屋市,東芦屋町１５−１９,6590095
6140001137499,Ｂｒｉｇｈｔ　Ｏｎｅ株式会社,兵庫県,芦屋市,三条南町１２番１３号,6590086
6140001137581,株式会社クリーンアップ,兵庫県,芦屋市,南浜町２番９号,6590037
6140001137821,株式会社金辰国際,兵庫県,芦屋市,涼風町２２−１１,6590036
6140001138010,株式会社Ｓｔａｙ　Ｃｌｏｓｅ,兵庫県,芦屋市,岩園町１番８号,6590013
6140001138489,芦屋不動産販売株式会社,兵庫県,芦屋市,川西町１０番１−１０１号,6590072
6140001138514,株式会社ＭＩＤＯＲＡ,兵庫県,芦屋市,翠ケ丘町３番２９−１号,6590014
6140001138786,株式会社スリーパインズパートナー,兵庫県,芦屋市,船戸町２−１−６０６,6590093
6140001138869,株式会社アンカーシックス,兵庫県,芦屋市,岩園町２４番２３号,6590013
6140001139165,株式会社ＣＦＥコンサルティング,兵庫県,芦屋市,翠ケ丘町５番１号,6590014
6140001139231,株式会社ｍｉｅｔｅｒｕ,兵庫県,芦屋市,春日町７番３号サンクレール芦屋２０２,6590021
6140001139710,ＧＦＥ株式会社,兵庫県,芦屋市,東山町１８番１５号,6590091
6140001140073,株式会社ＷＡ,兵庫県,芦屋市,大原町１６番４号,6590092
6140001140511,Ｗａｋｕ‐Ｗｏｒｋ　Ｉｎｎｏｖａｔｉｏｎ株式会社,兵庫県,芦屋市,大桝町１番２０−２０２号,6590066
6140001140577,Ｑｕａｔｔｒｏ　Ｐａｓｓｉ株式会社,兵庫県,芦屋市,奥池南町１２番１１号,6590004
6140001140635,株式会社Ｏｅ　Ｆｅｌｉｃｅ,兵庫県,芦屋市,東芦屋町２０番５−２０５号,6590095
6140001141311,株式会社オルシングホールディングス,兵庫県,芦屋市,船戸町５番２６号,6590093
6140001142020,株式会社ＥＮＩＳＩＡ,兵庫県,芦屋市,業平町６番１１号ＡｓｈｉｙａＧｒｏｔｔｏ３０１号,6590068
6140001142458,ＹＳＹ商事株式会社,兵庫県,芦屋市,涼風町１６番９号,6590036
6140002023186,株式会社シーエスジャパン,兵庫県,芦屋市,海洋町３番１６号,6590035
6140002060741,株式会社エムワイシー,兵庫県,芦屋市,大原町１１番２４−２０３号,6590092
6140003015389,株式会社ＥｃｏＶｉｌｌａｇｅ,兵庫県,芦屋市,業平町２−１４−２０２,6590068
6140003018978,株式会社ネネ,兵庫県,芦屋市,浜町１２番１２号,6590025
6170001007435,株式会社ろっこん,兵庫県,芦屋市,山手町３０番８号東,6590096
6430001069300,株式会社Ｎ＆Ｍ,兵庫県,芦屋市,船戸町５番２６号,6590093
6480001006050,アール・フィールド株式会社,兵庫県,芦屋市,高浜町１−３−４２１,6590033
7010001133972,萬野汽船ホールディングス株式会社,兵庫県,芦屋市,山手町１６番１号,6590096
7010401094286,株式会社スカイビューティー,兵庫県,芦屋市,朝日ケ丘町３１番２０−３号,6590012
7010901036457,ｅｍｉｇｒａｔｉｏｎ株式会社,兵庫県,芦屋市,三条町２５番３号,6590087
7020001103479,株式会社ジャパン・リンク,兵庫県,芦屋市,翠ケ丘町１１番４３号芦屋ハイツ翠ヶ丘３０４号室,6590014
7100001031176,株式会社フローラモコ,兵庫県,芦屋市,船戸町５番２６号,6590093
7120001016002,ピーイーシエンジニアリング株式会社,兵庫県,芦屋市,浜町１３番１６−５０１号,6590025
7120001044548,株式会社清起荘,兵庫県,芦屋市,大原町５番１６号,6590092
7120001049984,株式会社田中圧延,兵庫県,芦屋市,業平町４番１号イム・エメロード４０２号室,6590068
7120001065338,株式会社シンコービル,兵庫県,芦屋市,岩園町２８番９号,6590013
7120001070742,株式会社丸正,兵庫県,芦屋市,朝日ケ丘町３４番８号,6590012
7120001078323,株式会社ケイカンパニー,兵庫県,芦屋市,高浜町３番１−１１２号,6590033
7120001079825,櫻井株式会社,兵庫県,芦屋市,朝日ケ丘町１４番２−４０６号,6590012
7120001083752,大和金属工業株式会社,兵庫県,芦屋市,浜町２番１３号,6590025
7120001091094,株式会社八重菊,兵庫県,芦屋市,南浜町３番１号,6590037
7120001094246,フジトクプレシジョン株式会社,兵庫県,芦屋市,山芦屋町４番１２号,6590082
7120001098593,株式会社岩園土地,兵庫県,芦屋市,岩園町６番１０号,6590013
7120001119622,株式会社アモール,兵庫県,芦屋市,東山町１２番１８号ビバルイーズアシヤ２Ｗ,6590091
7120001140108,株式会社ＬＣクリエイト,兵庫県,芦屋市,岩園町１６番２０号,6590013
7120001146088,株式会社プラグ,兵庫県,芦屋市,奥山１２番３１８号,6590002
7120001187009,株式会社Ｔｒｅｅｓ,兵庫県,芦屋市,船戸町３番２４−２０６号,6590093
7120001192917,株式会社Ｒｏｓｅｏ,兵庫県,芦屋市,船戸町５−２６,6590093
7120001196455,株式会社芦屋ココロバコ,兵庫県,芦屋市,高浜町１３番８号,6590033
7120001212096,株式会社ｅＬコンサルティング,兵庫県,芦屋市,浜芦屋町１番８号パインコート浜芦屋１階,6590054
7120001223226,株式会社ＣＲＯＯＶＥＲ,兵庫県,芦屋市,茶屋之町２−２１メイピース芦屋６０４,6590067
7120001237589,ルミネッセンス株式会社,兵庫県,芦屋市,上宮川町９−４ＯＡＺＯ芦屋上宮川町４０４号室,6590061
7120002076334,株式会社ティ・エイチ・ソリューションズ,兵庫県,芦屋市,海洋町１番５４号,6590035
7120101061872,和秀株式会社,兵庫県,芦屋市,上宮川町１番１号プラウド芦屋フロント８０１号,6590061
7120901025382,株式会社ファースト,兵庫県,芦屋市,奥池町３３番７号,6590003
7120901034020,株式会社ビルボードインベストメント,兵庫県,芦屋市,大桝町３−１７ビルボード芦屋４０１,6590066
7122001027607,株式会社エステック,兵庫県,芦屋市,南宮町１３−３−１０４,6590024
7130001032072,株式会社エイ・エヌ・ビイ,兵庫県,芦屋市,東芦屋町２番１４号エクセレント芦屋３０１号,6590095
7140001000045,株式会社アイエムエスインターナショナル,兵庫県,芦屋市,川西町３番１７号,6590072
7140001000061,株式会社赤崎建築事務所,兵庫県,芦屋市,三条町２２番１７号,6590087
7140001000078,株式会社芦屋カサ・ミア,兵庫県,芦屋市,東芦屋町２５番１４号,6590095
7140001000094,芦屋住宅センター株式会社,兵庫県,芦屋市,東芦屋町５番４号,6590095
7140001000103,芦屋兵燃株式会社,兵庫県,芦屋市,業平町５番２１号,6590068
7140001000136,株式会社シュゼット,兵庫県,芦屋市,公光町７番１０−１０１号,6590065
7140001000152,石野土地建物株式会社,兵庫県,芦屋市,翠ケ丘町６番１６−４０４号,6590014
7140001000160,株式会社伊藤技術研究室,兵庫県,芦屋市,朝日ケ丘町１４番２−３０６号,6590012
7140001000169,稲垣住建産業株式会社,兵庫県,芦屋市,春日町２０番８号,6590021
7140001000177,株式会社イワサワ,兵庫県,芦屋市,高浜町９番１−１６４４号,6590033
7140001000185,株式会社植芳,兵庫県,芦屋市,精道町４番９号,6590064
7140001000202,株式会社エスカミューズ,兵庫県,芦屋市,精道町１１番１号,6590064
7140001000210,エフ・ピー・トレーディング株式会社,兵庫県,芦屋市,親王塚町８番２７号,6590016
7140001000227,株式会社オーニシ商店,兵庫県,芦屋市,公光町９番３号,6590065
7140001000235,株式会社岡野工務店,兵庫県,芦屋市,春日町１８番５号,6590021
7140001000301,株式会社グーインク,兵庫県,芦屋市,大原町８番８−２０１号,6590092
7140001000334,株式会社功建設,兵庫県,芦屋市,上宮川町２番１０号,6590061
7140001000342,株式会社甲南自動車工作所,兵庫県,芦屋市,前田町４番８号,6590071
7140001000359,コンチネンタル貿易株式会社,兵庫県,芦屋市,浜芦屋町１０番４号,6590054
7140001000375,株式会社サン恵,兵庫県,芦屋市,月若町８番１３号,6590084
7140001000383,株式会社三喜ホーム,兵庫県,芦屋市,宮塚町１６番４号,6590062
7140001000391,三宮物産株式会社,兵庫県,芦屋市,東芦屋町１８番２６号,6590095
7140001000400,三容興産株式会社,兵庫県,芦屋市,松ノ内町４番１２−４０１号,6590094
7140001000482,瀬戸内産業株式会社,兵庫県,芦屋市,山手町９番９号,6590096
7140001000490,ソーゴインテック株式会社,兵庫県,芦屋市,潮見町３４番６号,6590043
7140001000499,株式会社ダヴィンチ,兵庫県,芦屋市,東山町１５番１２号,6590091
7140001000516,ダイナオックス管理株式会社,兵庫県,芦屋市,川西町５番２号,6590072
7140001000524,太陽不動産株式会社,兵庫県,芦屋市,親王塚町１１番２５号,6590016
7140001000532,株式会社竹園,兵庫県,芦屋市,大原町１０番１−１０１号,6590092
7140001000549,株式会社中邦,兵庫県,芦屋市,浜芦屋町１０番３２−１０１号,6590054
7140001000557,株式会社ＴＣＤ,兵庫県,芦屋市,春日町７番１９号,6590021
7140001000623,日昇住研株式会社,兵庫県,芦屋市,西山町２番３号,6590083
7140001000631,ネオックス株式会社,兵庫県,芦屋市,大桝町６番１２号,6590066
7140001000648,株式会社リブ,兵庫県,芦屋市,大原町８番８−１０１号,6590092
7140001000656,株式会社白山荘,兵庫県,芦屋市,大東町７番１５号,6590023
7140001000664,株式会社花岩,兵庫県,芦屋市,春日町１番３号,6590021
7140001000672,ハラノ不動産株式会社,兵庫県,芦屋市,船戸町４番１−３１０号,6590093
7140001000697,株式会社藤井商会,兵庫県,芦屋市,津知町２番３号,6590075
7140001000706,株式会社ブテイックケテイー,兵庫県,芦屋市,公光町７番１０の１０２,6590065
7140001000722,株式会社ベイクベイス,兵庫県,芦屋市,南宮町１番８号,6590024
7140001000788,株式会社雅商事,兵庫県,芦屋市,船戸町１番２５−１１６号,6590093
7140001000796,株式会社明昌,兵庫県,芦屋市,奥池南町２５番１２号,6590004
7140001000813,株式会社矢島材木店,兵庫県,芦屋市,伊勢町１０番１６号,6590052
7140001000846,淀機鋼株式会社,兵庫県,芦屋市,浜町２番８号,6590025
7140001000854,ラカサ株式会社,兵庫県,芦屋市,潮見町２２番５号,6590043
7140001000862,株式会社ラパス,兵庫県,芦屋市,公光町９番４−１０２号,6590065
7140001000887,株式会社六翔商事,兵庫県,芦屋市,六麓荘町７番２２号,6590011
7140001001051,株式会社一灯館,兵庫県,芦屋市,朝日ケ丘町１２番３号,6590012
7140001001910,大洋産業株式会社,兵庫県,芦屋市,朝日ケ丘町９番８−１１５号,6590012
7140001002669,株式会社安いくすり屋魚崎薬局,兵庫県,芦屋市,春日町１３番２８−５０２号,6590021
7140001004269,ロゴス商事株式会社,兵庫県,芦屋市,船戸町５番５号,6590093
7140001010390,株式会社ビック,兵庫県,芦屋市,六麓荘町９番３０号,6590011
7140001010688,株式会社フランシス,兵庫県,芦屋市,奥池南町６４番１２号,6590004
7140001012866,株式会社キッツ,兵庫県,芦屋市,清水町６番４号,6590076
7140001019531,株式会社テイクソフト,兵庫県,芦屋市,業平町４番１号,6590068
7140001019762,株式会社ヤマチカ,兵庫県,芦屋市,三条町３１番３号,6590087
7140001020142,株式会社匠夢,兵庫県,芦屋市,東山町７番２１号古河ビル３階,6590091
7140001020885,株式会社ロックランド・ゲイト・インターナショナル,兵庫県,芦屋市,船戸町３番２５号,6590093
7140001020976,立新觀光株式会社,兵庫県,芦屋市,大原町２０番２１−４１２号,6590092
7140001021487,エム・エイ・システム株式会社,兵庫県,芦屋市,山芦屋町１８番１３号,6590082
7140001021594,株式会社共進開発,兵庫県,芦屋市,大桝町７番２号,6590066
7140001021818,株式会社セフレ,兵庫県,芦屋市,打出小槌町２番３号・芦屋打出小槌ビル,6590028
7140001022510,株式会社関西エステート,兵庫県,芦屋市,大原町１５番１４号,6590092
7140001022618,株式会社ブルーム・アンド・グロウ,兵庫県,芦屋市,山手町２４番５号,6590096
7140001022865,株式会社膠原病研究所,兵庫県,芦屋市,奥池南町６０番１４号,6590004
7140001022907,ダイナオックス株式会社,兵庫県,芦屋市,川西町５番２号,6590072
7140001022915,株式会社神農,兵庫県,芦屋市,楠町７番２７号,6590015
7140001023442,株式会社ドルチェストラーダ,兵庫県,芦屋市,平田町１番７号,6590074
7140001023574,株式会社キムラ,兵庫県,芦屋市,三条南町６番１２号,6590086
7140001024580,株式会社アチーヴメント・サポーター,兵庫県,芦屋市,春日町２２番６号,6590021
7140001024903,株式会社ＭＹＯ,兵庫県,芦屋市,緑町６番１５号,6590042
7140001025091,株式会社アドボック,兵庫県,芦屋市,業平町５番１５号,6590068
7140001025612,株式会社トライネット,兵庫県,芦屋市,山手町１２番１５−１１０２号,6590096
7140001025620,公楽興業株式会社,兵庫県,芦屋市,松ノ内町１０番１７−４０１号,6590094
7140001025703,株式会社ハレオリ,兵庫県,芦屋市,南宮町８番１１号,6590024
7140001025934,株式会社マーキス,兵庫県,芦屋市,新浜町７番１２−３０７号,6590031
7140001026107,株式会社レッドスター,兵庫県,芦屋市,大桝町２番１７−５０３号,6590066
7140001026180,株式会社ワールドブレーン,兵庫県,芦屋市,東芦屋町２番１３号,6590095
7140001026593,みなみ株式会社,兵庫県,芦屋市,宮塚町３番６号,6590062
7140001027088,株式会社タヒボマリア,兵庫県,芦屋市,陽光町７番１−６２２号,6590034
7140001027113,サンブリージ株式会社,兵庫県,芦屋市,大原町５番１８号,6590092
7140001027220,株式会社アムール企画,兵庫県,芦屋市,東山町１４番２１号,6590091
7140001027253,ＡＧＳホールディングス株式会社,兵庫県,芦屋市,奥池町２８番７号,6590003
7140001027402,株式会社いこまや,兵庫県,芦屋市,松ノ内町８番２号,6590094
7140001027451,株式会社日本ブーケ,兵庫県,芦屋市,大原町２６番９号,6590092
7140001027724,ハミルトン株式会社,兵庫県,芦屋市,朝日ケ丘町１４番２−４０６号,6590012
7140001027798,株式会社摂津屋,兵庫県,芦屋市,打出小槌町９番８−２０１号,6590028
7140001027914,株式会社ａｓ　Ｉ’ｍ,兵庫県,芦屋市,平田町３番２１号,6590074
7140001028037,株式会社クオリティ西芦屋１,兵庫県,芦屋市,三条町１２番８号,6590087
7140001028128,株式会社トージツマネジメント,兵庫県,芦屋市,東芦屋町１８番３１−６０２号,6590095
7140001028276,株式会社ニゴロ,兵庫県,芦屋市,呉川町９−１７,6590051
7140001028350,株式会社キハラ不動産,兵庫県,芦屋市,西山町９番１号,6590083
7140001028664,株式会社キャリア・プレシャス,兵庫県,芦屋市,岩園町３番２−１０４号,6590013
7140001028879,株式会社潮芦屋マリーナエリアセンター,兵庫県,芦屋市,高浜町９番２−６４３号,6590033
7140001028994,クイーンパレット株式会社,兵庫県,芦屋市,西山町２１番２３号,6590083
7140001029159,株式会社エースホーム,兵庫県,芦屋市,宮川町７番１７号,6590063
7140001029357,株式会社ジュエル,兵庫県,芦屋市,大原町２８番１号３０３,6590092
7140001029885,株式会社アステム,兵庫県,芦屋市,若葉町３番１号,6590041
7140001029968,株式会社ウーフ,兵庫県,芦屋市,朝日ケ丘町２８番２５号新タムラビル地階南側,6590012
7140001030001,株式会社プレミアム,兵庫県,芦屋市,伊勢町１１番２５−３０８号,6590052
7140001030224,株式会社八木建設,兵庫県,芦屋市,浜風町３番１２号,6590032
7140001030422,株式会社シングウ・インターナショナル,兵庫県,芦屋市,朝日ケ丘２２−１１アロジオ芦屋２０３,6590000
7140001030463,株式会社ロマニタス,兵庫県,芦屋市,業平町６番３−２０１号,6590068
7140001030595,株式会社いだホーム,兵庫県,芦屋市,打出町５番１５号,6590022
7140001030645,株式会社ｅ’ＷＯＲＫＳ,兵庫県,芦屋市,平田北町４番４−１０３号,6590073
7140001030918,株式会社Ｂｅ　Ｏｎｅ　Ｗｏｒｋｓ,兵庫県,芦屋市,大原町４番１２−４０３号,6590092
7140001030991,株式会社アクアケア,兵庫県,芦屋市,大東町３番１８号,6590023
7140001031247,ＡＳＡ芦屋南株式会社,兵庫県,芦屋市,西蔵町２番１７号,6590026
7140001031255,株式会社ＵＮＩＴＹ,兵庫県,芦屋市,春日町２３番８号,6590021
7140001032212,株式会社Ｌａｔｉｍｅｒｉａ,兵庫県,芦屋市,西山町１２番５号,6590083
7140001032641,円笑株式会社,兵庫県,芦屋市,業平町４番６号,6590068
7140001032781,株式会社マナック,兵庫県,芦屋市,東山町２３番２０−５０１号,6590091
7140001032798,株式会社ｃａｒｉｎｏ,兵庫県,芦屋市,松ノ内町２番１−３０１号,6590094
7140001033029,ＰＯＦ株式会社,兵庫県,芦屋市,南宮町１番１３−７０８号,6590024
7140001033177,株式会社ＣＡＯ,兵庫県,芦屋市,大原町１１番２４−１１０号,6590092
7140001033540,株式会社クレド,兵庫県,芦屋市,大原町５番１４−５０３号,6590092
7140001033581,ＯＬＬ　ＤＥＳＩＧＮ株式会社,兵庫県,芦屋市,茶屋之町１１−１１,6590067
7140001033631,株式会社直鮮,兵庫県,芦屋市,岩園町２５番２８号,6590013
7140001033672,日本エステート株式会社,兵庫県,芦屋市,東山町１０番２号,6590091
7140001033680,株式会社エコールホールディングス,兵庫県,芦屋市,春日町１７番１２号,6590021
7140001033697,株式会社かねだいプラン,兵庫県,芦屋市,大東町９番１−７０４号,6590023
7140001034092,株式会社ａｓｉａｎ　ｂｒｉｄｇｅ　ｃｏｒｐｏｒａｔｉｏｎ,兵庫県,芦屋市,朝日ケ丘町３番５−４２０号,6590012
7140001034200,株式会社碧月ＬＡＢＯ,兵庫県,芦屋市,朝日ケ丘町２６番２０号,6590012
7140001034282,株式会社ずーす・ばうむ,兵庫県,芦屋市,茶屋之町８−１２−２０３,6590067
7140001038168,株式会社Ｍ−Ｔｒｕｅ,兵庫県,芦屋市,潮見町２８−１,6590043
7140001047219,株式会社ＬｉＡｎｇｅ,兵庫県,芦屋市,春日町１番１２号,6590021
7140001047227,ワタナベ電気株式会社,兵庫県,芦屋市,若葉町６番２−１３１号,6590041
7140001050313,日本共晶合金株式会社,兵庫県,芦屋市,大東町１１番３号,6590023
7140001057143,株式会社シンポスタ,兵庫県,芦屋市,南浜町１２番２７号,6590037
7140001062507,大栄地所株式会社,兵庫県,芦屋市,大原町２８番１５号,6590092
7140001067340,株式会社グッドフレンド,兵庫県,芦屋市,西山町２番６号,6590083
7140001067555,株式会社モンディアル,兵庫県,芦屋市,打出小槌町１４番１０号サンパレス門３０１号,6590028
7140001067596,株式会社Ｊ‐Ｒｉｇｈｔｓ,兵庫県,芦屋市,春日町１３番５−２０１号,6590021
7140001068520,株式会社モモ・エンタープライズ,兵庫県,芦屋市,南宮町１番１３号アーバンライフ打出地下１階,6590024
7140001071598,株式会社プライムウィル,兵庫県,芦屋市,岩園町１番７号,6590013
7140001073149,株式会社西田順紀アトリエ,兵庫県,芦屋市,春日町１番１２号ＭＡＩＮＳＴＡＧＥＴｈｅＢａｓｅ１Ｆ,6590021
7140001073280,明和商会株式会社,兵庫県,芦屋市,海洋町１２番１−１００８,6590035
7140001074650,株式会社ＤＭＳ,兵庫県,芦屋市,六麓荘町１８番７号,6590011
7140001074725,株式会社碧コーポレーション,兵庫県,芦屋市,公光町１番２５号,6590065
7140001074824,株式会社松友,兵庫県,芦屋市,岩園町１９番１９号,6590013
7140001074840,株式会社ワン・コーポレーション,兵庫県,芦屋市,六麓荘町１７番２２号,6590011
7140001077876,株式会社和敬企画,兵庫県,芦屋市,呉川町６番８−４０９号,6590051
7140001087124,株式会社スリーボンド,兵庫県,芦屋市,伊勢町３番２０号,6590052
7140001087405,株式会社ＶｉＡ,兵庫県,芦屋市,竹園町４番１０号,6590055
7140001087909,株式会社Ｍ．Ｉ．Ｄ,兵庫県,芦屋市,朝日ケ丘町１番１号,6590012
7140001088469,マクセル・インベストメント株式会社,兵庫県,芦屋市,松ノ内町２番２２−５０１号,6590094
7140001088584,株式会社大通,兵庫県,芦屋市,大原町９番１ラポルテ東館Ｂ１Ｆ,6590092
7140001089260,株式会社清詠,兵庫県,芦屋市,大原町１１番２４号ラポルテ北館７０４号,6590092
7140001090573,株式会社吉松,兵庫県,芦屋市,春日町２４−８ゲマインシャフト芦屋２０２,6590021
7140001090838,株式会社洸陽ホールディングス,兵庫県,芦屋市,朝日ケ丘町２６番１９号,6590012
7140001090862,アセントイノベーション株式会社,兵庫県,芦屋市,大東町１８番６−９０４号,6590023
7140001091118,株式会社スピークス,兵庫県,芦屋市,東芦屋町３番１９−３０３号,6590095
7140001091233,エスステージ株式会社,兵庫県,芦屋市,山手町２６番２号アーバンビュー芦屋山手Ｂ棟３０２号,6590096
7140001091266,株式会社ウィルパワー,兵庫県,芦屋市,大原町４番１３号,6590092
7140001091654,株式会社毛利設備,兵庫県,芦屋市,西山町３番３−２号,6590083
7140001091662,トリコロール株式会社,兵庫県,芦屋市,翠ケ丘町１１番３９号,6590014
7140001091712,南研磨工業株式会社,兵庫県,芦屋市,朝日ケ丘町３４番３号,6590012
7140001092297,株式会社ＨＯＲＩＺＯＮ　ＧＯ,兵庫県,芦屋市,船戸町５番２６号,6590093
7140001092470,千永株式会社,兵庫県,芦屋市,東芦屋町２５番３２−４０６号,6590095
7140001092685,株式会社フォーリーブズ,兵庫県,芦屋市,岩園町１５番５号,6590013
7140001093015,株式会社創謙,兵庫県,芦屋市,東芦屋町１５番１７号,6590095
7140001093956,株式会社Ｗｏｎｄｅｒｆｕｌ　Ｂａｒ,兵庫県,芦屋市,竹園町６番１２−１号,6590055
7140001094194,Ｎ＆Ｅアソシエイツ株式会社,兵庫県,芦屋市,東山町１８番１０号,6590091
7140001094467,ひなた株式会社,兵庫県,芦屋市,打出町５番２０号４階,6590022
7140001094665,株式会社ＭＡＨＡＬＯ舎,兵庫県,芦屋市,大原町８番２号,6590092
7140001095465,株式会社キイト,兵庫県,芦屋市,浜芦屋町１−８パインコート浜芦屋１０２,6590054
7140001095993,株式会社ＨＯＳＯＹＡ,兵庫県,芦屋市,南宮町６番５号,6590024
7140001096505,株式会社ＫＯＢＡＹＡＳＨＩ,兵庫県,芦屋市,翠ケ丘町８番３号,6590014
7140001096892,株式会社リアルコーポレーション,兵庫県,芦屋市,奥池南町２４番３６号,6590004
7140001097882,株式会社ＲＯＣＡＲＥＡＬ,兵庫県,芦屋市,朝日ケ丘町３４番４号,6590012
7140001098030,株式会社ＴＴＹ,兵庫県,芦屋市,山芦屋町１７番２４号,6590082
7140001098096,株式会社メイクワンダー,兵庫県,芦屋市,山手町２８番３１−４０２号,6590096
7140001099053,株式会社ケーツー,兵庫県,芦屋市,大原町７番３号,6590092
7140001099433,株式会社クリエーションパーティ,兵庫県,芦屋市,松ノ内町１番１０−５０４号,6590094
7140001099524,丸の内物産株式会社,兵庫県,芦屋市,春日町１２−４,6590021
7140001099697,株式会社ＤＳＰインターナショナル,兵庫県,芦屋市,業平町３−６−３０２,6590068
7140001099912,匠＆イノベーション株式会社,兵庫県,芦屋市,南宮町２番１０−６０３号,6590024
7140001099986,長青株式会社,兵庫県,芦屋市,浜町４番２−２０２号,6590025
7140001100002,株式会社ポステージ,兵庫県,芦屋市,朝日ケ丘町１０番３５−６１７号,6590012
7140001100274,三協ハウジング株式会社,兵庫県,芦屋市,船戸町２番１号ラポルテ西館２０４,6590093
7140001100357,株式会社ワールドコネクション,兵庫県,芦屋市,東山町２６−１９,6590091
7140001100497,株式会社ＭＩＲＡＶＡＬ,兵庫県,芦屋市,涼風町６番８号,6590036
7140001101009,株式会社ｋ’ｓ,兵庫県,芦屋市,伊勢町４番１２号スマイル伊勢２１５号室,6590052
7140001101074,芦屋山手不動産株式会社,兵庫県,芦屋市,東山町１０番２−１３１号,6590091
7140001101355,株式会社伊知地,兵庫県,芦屋市,公光町８番８号,6590065
7140001101438,株式会社コヌック商会,兵庫県,芦屋市,西山町１番２号,6590083
7140001101677,株式会社コアコーディネート,兵庫県,芦屋市,高浜町７番２号芦屋浜センタービル,6590033
7140001102535,株式会社ＴＡＳマネジメント,兵庫県,芦屋市,東山町２７番１４号,6590091
7140001102824,株式会社カズマコーポレーション,兵庫県,芦屋市,奥池南町２１番３号,6590004
7140001103590,エム・エー・シー株式会社,兵庫県,芦屋市,船戸町３番２７号三番館ビル３Ｆ,6590093
7140001104036,株式会社カトレア,兵庫県,芦屋市,清水町１０番４号,6590076
7140001104358,株式会社ＭＡＣ,兵庫県,芦屋市,山芦屋町５番１８号,6590082
7140001104861,株式会社日経芦屋販売,兵庫県,芦屋市,業平町６番１７号,6590068
7140001105208,株式会社マクタガートキャピタル,兵庫県,芦屋市,東山町２４番２０号,6590091
7140001105810,株式会社Ｍｉｓｏ　ａｎｄ,兵庫県,芦屋市,業平町２−８−５０３,6590068
7140001106032,株式会社ケイ・スクエアード,兵庫県,芦屋市,岩園町２９番７号,6590013
7140001106115,株式会社ライトハウス,兵庫県,芦屋市,月若町４番１５号,6590084
7140001107063,ハイランド・ビーンズ株式会社,兵庫県,芦屋市,船戸町５番２６号,6590093
7140001107550,株式会社ｆｏｒＧＬ,兵庫県,芦屋市,東山町７番３１号,6590091
7140001107749,株式会社ショコラミュゼ,兵庫県,芦屋市,東山町１番１号,6590091
7140001108004,株式会社ＶＩＺＩＯＮ,兵庫県,芦屋市,岩園町１７番４号,6590013
7140001108243,株式会社テオドール,兵庫県,芦屋市,朝日ケ丘町１６番２３−２０７号,6590012
7140001108391,テイシン株式会社,兵庫県,芦屋市,東芦屋町１５番１４号,6590095
7140001108409,株式会社山本,兵庫県,芦屋市,平田町４番３３号,6590074
7140001109654,株式会社エーティーシー,兵庫県,芦屋市,春日町９番１−３１５号,6590021
7140001109968,ひいらぎ不動産株式会社,兵庫県,芦屋市,業平町１番１８号,6590068
7140001110001,株式会社末正,兵庫県,芦屋市,浜芦屋町６番２６号,6590054
7140001110042,株式会社トリプルケイ,兵庫県,芦屋市,六麓荘町１番７号,6590011
7140001110686,株式会社パイクとそら,兵庫県,芦屋市,松ノ内町５番５号,6590094
7140001110926,株式会社ＣｒｏｓｓＰｉｅｃｅ,兵庫県,芦屋市,茶屋之町２−２１メイピース芦屋６０４,6590067
7140001111156,株式会社ＩＮＴＥＲＰＬＡＹ,兵庫県,芦屋市,朝日ケ丘町８番９−５０６号,6590012
7140001111172,Ｍａｋａｎａ　Ｌ株式会社,兵庫県,芦屋市,春日町３−１４−２０１号,6590021
7140001111222,株式会社Ｍ,兵庫県,芦屋市,朝日ケ丘町３１番２０−３号,6590012
7140001111486,株式会社ウイングス・コンサルティング,兵庫県,芦屋市,岩園町３番２−４０１号,6590013
7140001111965,株式会社ＭＡＲＱＵＩＳ　ＪＡＰＡＮ,兵庫県,芦屋市,山芦屋町１６番８号,6590082
7140001113400,ｅＭｕ株式会社,兵庫県,芦屋市,奥池町１０−９,6590003
7140001115561,株式会社阪神調剤Ｔ＆Ｄ,兵庫県,芦屋市,大桝町１番１８号,6590066
7140001115900,豊和株式会社,兵庫県,芦屋市,岩園町１０番１３号,6590013
7140001116535,株式会社神科,兵庫県,芦屋市,浜町３−３−４０６,6590025
7140001117764,エイチプラスツー株式会社,兵庫県,芦屋市,大桝町１番１８号,6590066
7140001118069,株式会社ＤＥＥＰ　ＨＡＬＦ,兵庫県,芦屋市,川西町４番２２号ＮＬＣ芦屋Ｂ１Ｆ−００１号室,6590072
7140001118110,株式会社Ｗｏｒｌｄ　Ｓｐｏｒｔｓ　Ｅｎｔｅｒｔａｉｎｍｅｎｔ,兵庫県,芦屋市,大桝町７番２−芦屋ファイブ４０５号,6590066
7140001118432,株式会社Ｍｏｏｎｔｉｄａ,兵庫県,芦屋市,松ノ内町３番７−２０８号,6590094
7140001118770,株式会社Ｃｅｄａｒ　Ｉｎｖｅｓｔｍｅｎｔｓ,兵庫県,芦屋市,西山町１０番１１−１０１号,6590083
7140001118820,株式会社ハッピーライフ,兵庫県,芦屋市,平田町４番３３号,6590074
7140001119521,株式会社ｃｏｓｍｅｇｉｍｍｉｃｋ,兵庫県,芦屋市,楠町１０−９,6590015
7140001119769,株式会社カリナン,兵庫県,芦屋市,朝日ケ丘町６番９号,6590012
7140001120347,株式会社ｅｐｉｃｕｌｕｓ,兵庫県,芦屋市,山手町１７番１４号,6590096
7140001120611,株式会社セマビックセリザワ,兵庫県,芦屋市,山手町９番３号,6590096
7140001120710,株式会社デルマリンク神戸,兵庫県,芦屋市,精道町８番１６号,6590064
7140001120875,株式会社蒼衣,兵庫県,芦屋市,朝日ケ丘町３８番１６号,6590012
7140001121147,株式会社ハイハイラボ,兵庫県,芦屋市,伊勢町４番１２号２１２号室,6590052
7140001122723,株式会社ＮＴ不動産,兵庫県,芦屋市,山手町３番３１−１０１号,6590096
7140001124026,ＶＩＣＯ不動産株式会社,兵庫県,芦屋市,大東町１番１１−１０１号,6590023
7140001124356,株式会社ｔｒｙ−Ｒ,兵庫県,芦屋市,楠町１５番５−５０５号,6590015
7140001124406,株式会社ローザ,兵庫県,芦屋市,松ノ内町８番４号,6590094
7140001124991,株式会社Ｐｒｅｃｉｏｕｓ,兵庫県,芦屋市,清水町５番１２号,6590076
7140001125552,株式会社ＡＳＡ,兵庫県,芦屋市,公光町１番９号,6590065
7140001125593,株式会社エムズ,兵庫県,芦屋市,岩園町４９番５８号,6590013
7140001125957,ＤＮＩ株式会社,兵庫県,芦屋市,宮川町９番２号,6590063
7140001126410,株式会社ＨＡＫＵＧＥＩ‐ＤＯ,兵庫県,芦屋市,翠ケ丘町１０番１−１０１号,6590014
7140001126567,ブリラロッソ株式会社,兵庫県,芦屋市,宮塚町１２番１９号,6590062
7140001126740,Ａｓｈ株式会社,兵庫県,芦屋市,朝日ケ丘町２番４−６１３号,6590012
7140001126856,株式会社倉内,兵庫県,芦屋市,公光町１１番７−５０１号,6590065
7140001126971,ｒｉｓｅｓ株式会社,兵庫県,芦屋市,前田町７−１２,6590071
7140001127318,株式会社リブリブ,兵庫県,芦屋市,川西町６番８号エトワール芦屋１０５,6590072
7140001127375,株式会社Ｔｒｉｂｅファイバーズーム,兵庫県,芦屋市,松浜町１５番１５−２０１号,6590053
7140001128373,株式会社リハ・コンディショニングセンター,兵庫県,芦屋市,船戸町５番２６号,6590093
7140001128638,株式会社Ｔ．,兵庫県,芦屋市,東芦屋町１６番５５−２０２号,6590095
7140001128761,株式会社エスジェイパートナーズ,兵庫県,芦屋市,東芦屋町８番５号,6590095
7140001129165,株式会社アッシャイワゾーノ,兵庫県,芦屋市,岩園町４番９−２号,6590013
7140001129173,ＯＳＰトラスト株式会社,兵庫県,芦屋市,東芦屋町１７番１０号,6590095
7140001129933,株式会社プロケン,兵庫県,芦屋市,朝日ケ丘町２７番７号,6590012
7140001130107,株式会社Ｐ‐ａｕｔ,兵庫県,芦屋市,公光町８番２８−２０５号,6590065
7140001130354,株式会社わのてっく,兵庫県,芦屋市,大桝町１番１３−２０４号,6590066
7140001131591,株式会社林悦,兵庫県,芦屋市,大原町４−１２ビューコート芦屋３０３号,6590092
7140001131798,ＢＥ　ＫＯＢＥ自動車株式会社,兵庫県,芦屋市,涼風町２４−１２,6590036
7140001132053,株式会社ゆとな,兵庫県,芦屋市,奥山１２番４１８号,6590002
7140001132516,株式会社Ｎｅｘｔ　Ｌｅａｐ,兵庫県,芦屋市,岩園町４番１７−２号,6590013
7140001133357,株式会社スタジオはるる,兵庫県,芦屋市,岩園町４９番４３号,6590013
7140001134751,株式会社ＮＳビズテックプロモート,兵庫県,芦屋市,山手町１３番５−４０２号,6590096
7140001134768,ＫＲＤ’ｓ株式会社,兵庫県,芦屋市,月若町３−１７,6590084
7140001135618,Ｔ．Ｋ．Ｅ．Ｓ株式会社,兵庫県,芦屋市,上宮川町１番５−７０４号,6590061
7140001136319,株式会社ＳＨＩＮＯ,兵庫県,芦屋市,公光町１番１１号３０２,6590065
7140001136871,株式会社ソレイユエナジー,兵庫県,芦屋市,翠ケ丘町２０番１６−２１２号,6590014
7140001137580,株式会社グローバルワン,兵庫県,芦屋市,南浜町２番９号,6590037
7140001138851,株式会社ＹＯＳＵＫＥ　ＰＥＲＳＯＬ,兵庫県,芦屋市,東山町１５番１２号Ｂ１０２,6590091
7140001139172,福家株式会社,兵庫県,芦屋市,平田町８番６号,6590074
7140001139643,株式会社慶流,兵庫県,芦屋市,清水町９番５号杉本ビル２０４号室,6590076
7140001139750,株式会社Ｓｏｒｉｃｈ,兵庫県,芦屋市,朝日ケ丘町６番１３−５０６号,6590012
7140001140007,目堅エステート株式会社,兵庫県,芦屋市,親王塚町１１番２９−３０３号,6590016
7140001140972,ＤＳＧ株式会社,兵庫県,芦屋市,浜町４番４号,6590025
7140001141459,エルアンドエスコーポレーション株式会社,兵庫県,芦屋市,翠ケ丘町１０番１３号,6590014
7140001141995,株式会社中井,兵庫県,芦屋市,東山町２３番２０−１０３号,6590091
7140001142011,株式会社ＣＡＲＥＥ　ＦＬＯＷＥＲ,兵庫県,芦屋市,船戸町５−２６,6590093
7140001142275,株式会社プリメイラ,兵庫県,芦屋市,楠町８番１６号ハイネス山下１０２,6590015
7140001142366,Ｍ＆Ｍコイン株式会社,兵庫県,芦屋市,大原町８番２号ラ・フォーネ芦屋２階Ｂ,6590092
7140002000886,太陽リアルステーション株式会社,兵庫県,芦屋市,親王塚町１１番２５号,6590016
7140003005455,ＳＰＡＣＥ　ＰＩＥＣＥＳ株式会社,兵庫県,芦屋市,大原町５番２１号２階,6590092
7160001018151,株式会社ＡＴエナジー,兵庫県,芦屋市,浜芦屋町１０番８号,6590054
7180001069861,株式会社ＬＯＶＥＬＥＳＳ,兵庫県,芦屋市,松ノ内町２番１１−４０２号,6590094
7210001016208,株式会社Ｔ＆ＡＮ,兵庫県,芦屋市,船戸町５番２６号,6590093
7290801021738,ディグダグズ株式会社,兵庫県,芦屋市,船戸町５−２６,6590093
7430001075025,森興株式会社,兵庫県,芦屋市,月若町８番１３−１０１号,6590084
8010401086745,ファースト・ステムセル・ジャパン株式会社,兵庫県,芦屋市,六麓荘町１０番４号,6590011
8010501052977,六甲旭日株式会社,兵庫県,芦屋市,東芦屋町１８−３１フドウ東芦屋ハイツ６０８号室,6590095
8040001080518,株式会社ル・ソレイユ,兵庫県,芦屋市,翠ケ丘町７番１４シエリア芦屋翠ヶ丘３０４号,6590014
8120001010499,トップ産業株式会社,兵庫県,芦屋市,大原町９番１−２１２号ラポルテ東館２階,6590092
8120001019078,森上化学株式会社,兵庫県,芦屋市,涼風町１０番８号,6590036
8120001058836,株式会社モンテ・ドゥエ,兵庫県,芦屋市,平田北町４−１８−２０４,6590073
8120001078628,株式会社クレエ,兵庫県,芦屋市,陽光町８番２０−１２０１号,6590034
8120001085319,東紅産業株式会社,兵庫県,芦屋市,岩園町２番２４号,6590013
8120001090269,株式会社三笠商会,兵庫県,芦屋市,山芦屋町８番１０号,6590082
8120001091548,有眞株式会社,兵庫県,芦屋市,東山町１１番３９号,6590091
8120001097834,株式会社ファームス,兵庫県,芦屋市,伊勢町８番２０−４０１号,6590052
8120001118549,株式会社ロード,兵庫県,芦屋市,三条南町１３番１７号,6590086
8120001126155,株式会社Ｙ’ｓエンタープライズ,兵庫県,芦屋市,大桝町１番２５−１００１号,6590066
8120001128408,大菱商事株式会社,兵庫県,芦屋市,朝日ケ丘町２７番３０号,6590012
8120001142037,ＭＴ株式会社,兵庫県,芦屋市,涼風町９番２２号,6590036
8120001143308,株式会社フィールド,兵庫県,芦屋市,松ノ内町２番９号,6590094
8120001144603,株式会社フィールズ,兵庫県,芦屋市,東山町２９番２号,6590091
8120001162308,株式会社カラーズコミュニケーションズ,兵庫県,芦屋市,東芦屋町１７−２６−１０１,6590095
8120001173230,株式会社コーデ,兵庫県,芦屋市,打出小槌町８−８−４０１,6590028
8120001181357,株式会社ＦｉｎｅＬｉｆｅ,兵庫県,芦屋市,西山町２０番１０−１０３号,6590083
8120001196512,株式会社芦屋りぶす住宅販売,兵庫県,芦屋市,浜町２番１３号フレーシュ芦屋１Ｆ,6590025
8120001212558,株式会社ベアホーム,兵庫県,芦屋市,潮見町３０番５号,6590043
8120001222524,桐林株式会社,兵庫県,芦屋市,山手町１−３１号,6590096
8120001234305,株式会社Ｈ＆Ｐａｒｔｎｅｒｓ,兵庫県,芦屋市,船戸町１番７号,6590093
8120001238017,株式会社ｉ０,兵庫県,芦屋市,松ノ内町１０番１−４号,6590094
8120001253098,株式会社リクルーズ,兵庫県,芦屋市,東山町２３番１７号,6590091
8120101009532,株式会社ナカノ建設,兵庫県,芦屋市,岩園町５０番５号,6590013
8120101030026,株式会社ｒｏｓｙ,兵庫県,芦屋市,東芦屋町１−２０,6590095
8120101052128,株式会社コードプラスナイン,兵庫県,芦屋市,川西町７−３芦屋川ビューハイツ１１０,6590072
8120101058034,株式会社ＲＥＳＰＯＲＴ,兵庫県,芦屋市,呉川町１番９号,6590051
8120901045578,株式会社ＳＣＳ,兵庫県,芦屋市,岩園町１７番２０号,6590013
8120901050710,株式会社Ｇｒｏｗ　Ｋ,兵庫県,芦屋市,大東町８番５−２２０号,6590023
8122001019982,創建株式会社,兵庫県,芦屋市,公光町４番２８号芦屋市商工会コワーキングスペースＡ−８,6590065
8122001027738,アールトレーディング株式会社,兵庫県,芦屋市,涼風町６−６,6590036
8122001029957,株式会社ＬＥＯＮ,兵庫県,芦屋市,涼風町２９番１号,6590036
8122002011988,芦屋ベース株式会社,兵庫県,芦屋市,船戸町６番１９号,6590093
8140001000044,株式会社アイエスファイナンシャルプランナー,兵庫県,芦屋市,松ノ内町１番１０号,6590094
8140001000060,株式会社アクアスポーツ,兵庫県,芦屋市,奥池南町４５番５号,6590004
8140001000069,アサヒハウス工業株式会社,兵庫県,芦屋市,宮塚町１５番５号,6590062
8140001000093,芦屋スポーツクラフト株式会社,兵庫県,芦屋市,月若町８番２号,6590084
8140001000102,株式会社アシヤノーベルズ,兵庫県,芦屋市,岩園町２５番６号,6590013
8140001000110,芦屋浜エネルギーサービス株式会社,兵庫県,芦屋市,高浜町７番２−２０１号,6590033
8140001000127,株式会社アバンセ・オペレーション・システム,兵庫県,芦屋市,公光町１番１５号,6590065
8140001000135,株式会社アリス,兵庫県,芦屋市,大原町１３−１０,6590092
8140001000143,池本健建設株式会社,兵庫県,芦屋市,宮塚町１７番３−２０２号,6590062
8140001000168,株式会社井筒,兵庫県,芦屋市,松浜町１５番１５−２０１号,6590053
8140001000176,株式会社岩崎住宅,兵庫県,芦屋市,業平町３番１６−１号,6590068
8140001000184,上林株式会社,兵庫県,芦屋市,朝日ケ丘町３８番１１号,6590012
8140001000218,大川工業株式会社,兵庫県,芦屋市,呉川町７番１８号,6590051
8140001000242,株式会社オフィス・サポート,兵庫県,芦屋市,船戸町２番１−１０９号,6590093
8140001000267,日本資源サポート株式会社,兵庫県,芦屋市,山芦屋町９番２号,6590082
8140001000275,河村通商株式会社,兵庫県,芦屋市,翠ケ丘町４番１２号,6590014
8140001000300,貴和不動産株式会社,兵庫県,芦屋市,平田北町３番９号,6590073
8140001000317,株式会社鼎,兵庫県,芦屋市,西芦屋町７番１１号,6590085
8140001000341,甲南コンタクトレンズ株式会社,兵庫県,芦屋市,船戸町４番１号ラポルテ４１５号,6590093
8140001000366,株式会社三偉,兵庫県,芦屋市,打出小槌町１４番１１号三偉ハイツ芦屋３階,6590028
8140001000390,サニーインタナショナル株式会社,兵庫県,芦屋市,翠ケ丘町１１番４３−８０４号,6590014
8140001000399,三麺食品株式会社,兵庫県,芦屋市,西蔵町８番１０号,6590026
8140001000416,シィティシィコンチネンタル貿易株式会社,兵庫県,芦屋市,平田町２番２３号ハイツモントレ芦屋１０８号,6590074
8140001000424,信光住機株式会社,兵庫県,芦屋市,前田町１０番４号,6590071
8140001000440,株式会社翔聖,兵庫県,芦屋市,船戸町２番１−２０４号,6590093
8140001000449,株式会社ジュネス,兵庫県,芦屋市,業平町４番１２号,6590068
8140001000481,株式会社ゼンシン,兵庫県,芦屋市,春日町２０番１号,6590021
8140001000523,大丸不動産株式会社,兵庫県,芦屋市,大原町２番６−１１５号,6590092
8140001000531,株式会社タキガワ,兵庫県,芦屋市,船戸町２番１−２０５号,6590093
8140001000572,東亜工業株式会社,兵庫県,芦屋市,春日町２１番８号,6590021
8140001000589,株式会社ナガイ,兵庫県,芦屋市,清水町３番４号,6590076
8140001000606,株式会社ナスカ,兵庫県,芦屋市,東山町７番３２号,6590091
8140001000614,西日本機器株式会社,兵庫県,芦屋市,奥池町５番２４号,6590003
8140001000630,株式会社ネイジス,兵庫県,芦屋市,南宮町７番２２号,6590024
8140001000639,株式会社ノナ,兵庫県,芦屋市,船戸町１番３１号,6590093
8140001000663,株式会社服部商店,兵庫県,芦屋市,朝日ケ丘町１８番２０号,6590012
8140001000696,株式会社富士,兵庫県,芦屋市,宮川町９番９号,6590063
8140001000705,株式会社不動産センター,兵庫県,芦屋市,船戸町２番１−１０４号,6590093
8140001000746,前忠工業株式会社,兵庫県,芦屋市,宮川町３番３号,6590063
8140001000754,株式会社松崎建築事務所,兵庫県,芦屋市,岩園町１４番１５号,6590013
8140001000762,株式会社マツミヤ,兵庫県,芦屋市,上宮川町６番１−１０１号,6590061
8140001000787,株式会社ミヤタ,兵庫県,芦屋市,潮見町３番６−２号,6590043
8140001000812,櫓商事株式会社,兵庫県,芦屋市,船戸町１０番２号,6590093
8140001000820,株式会社山崎興産,兵庫県,芦屋市,親王塚町１１番３５号,6590016
8140001000837,株式会社ユキ・カンパニー神戸,兵庫県,芦屋市,松ノ内町１０番１１号,6590094
8140001000845,株式会社ヨシブン,兵庫県,芦屋市,朝日ケ丘町１２番２０号,6590012
8140001000853,若草食品株式会社,兵庫県,芦屋市,川西町３番２１号,6590072
8140001000903,株式会社日本コンクエスト,兵庫県,芦屋市,岩園町３５番３０号,6590013
8140001001018,有本株式会社,兵庫県,芦屋市,松ノ内町４番５−４０１号,6590094
8140001004350,日本創研株式会社,兵庫県,芦屋市,六麓荘町１０番４号,6590011
8140001006842,ビルケアサービス株式会社,兵庫県,芦屋市,春日町１０−２１−３０８,6590021
8140001009820,株式会社中安建築事務所,兵庫県,芦屋市,平田町２番８−４０９号,6590074
8140001010472,株式会社ファイン,兵庫県,芦屋市,山芦屋町１５番１０号,6590082
8140001018524,株式会社セガワメデイカル,兵庫県,芦屋市,朝日ケ丘町１１番３１号,6590012
8140001019200,株式会社柳土木,兵庫県,芦屋市,朝日ケ丘町８番３０号,6590012
8140001019290,株式会社サラ・コーポレーション,兵庫県,芦屋市,浜芦屋町２番２１号,6590054
8140001019976,芦屋環境サービス株式会社,兵庫県,芦屋市,若宮町５番１８号,6590027
8140001020001,株式会社プロフィット企画,兵庫県,芦屋市,松浜町７番２１号,6590053
8140001020190,株式会社インタースタジオ,兵庫県,芦屋市,春日町３番２１号,6590021
8140001021065,株式会社セイカ,兵庫県,芦屋市,東芦屋町１５番２０号イースト芦屋１０１,6590095
8140001021073,エスディーシー株式会社,兵庫県,芦屋市,陽光町８番２０−３０９号,6590034
8140001021239,昴エンジニアリング株式会社,兵庫県,芦屋市,高浜町２番３−１３３１号,6590033
8140001021412,阪神ケミカルズ株式会社,兵庫県,芦屋市,緑町３番５−５,6590042
8140001022162,株式会社シィーピィーオー,兵庫県,芦屋市,翠ケ丘町３番１１号,6590014
8140001022179,株式会社リベルタホーム,兵庫県,芦屋市,東芦屋町１７番１号,6590095
8140001022988,株式会社翔洋,兵庫県,芦屋市,三条町３９番１９−２０３号,6590087
8140001023342,株式会社ワイ・ピー・シー,兵庫県,芦屋市,浜芦屋町３番１７号,6590054
8140001023747,樽味屋株式会社,兵庫県,芦屋市,業平町１番２２号,6590068
8140001024191,東洋機材株式会社,兵庫県,芦屋市,伊勢町１０番４号,6590052
8140001024282,株式会社ヌーベルボーテ,兵庫県,芦屋市,船戸町２番１−１０７号,6590093
8140001024299,株式会社波多野澄子バレエ研究所,兵庫県,芦屋市,東山町１番７号,6590091
8140001024679,桧山崎株式会社,兵庫県,芦屋市,東芦屋町１５番２０号,6590095
8140001024753,株式会社イーツ・ワン,兵庫県,芦屋市,岩園町９番１号,6590013
8140001024811,株式会社モリコジャパン,兵庫県,芦屋市,業平町２−１３−７０１,6590068
8140001024902,潮商事株式会社,兵庫県,芦屋市,船戸町３番６−６０２号,6590093
8140001025272,株式会社シントー,兵庫県,芦屋市,上宮川町２番１０号岸田ビル４Ｆ,6590061
8140001025297,株式会社サラックス,兵庫県,芦屋市,東芦屋町３番６−５０１号室,6590095
8140001025454,株式会社波美あかね,兵庫県,芦屋市,平田北町１番６号,6590073
8140001025925,株式会社ビ・エント,兵庫県,芦屋市,西山町８番４−４０４号,6590083
8140001026353,株式会社グッドジャパン,兵庫県,芦屋市,松ノ内町３番１８号,6590094
8140001026683,株式会社オプティミスト,兵庫県,芦屋市,翠ケ丘町２３番５−４０２号,6590014
8140001026758,株式会社ＯＮＥ　ＴＯ　ＴＥＮ,兵庫県,芦屋市,業平町７番１４号,6590068
8140001026881,株式会社インポータント・ミッション,兵庫県,芦屋市,大桝町４番１４号,6590066
8140001027095,株式会社ワープ,兵庫県,芦屋市,楠町１番５−５０４号,6590015
8140001027211,株式会社Ｐ・Ａ・Ｃ,兵庫県,芦屋市,南浜町１４番４号,6590037
8140001027384,株式会社ファンテクノ,兵庫県,芦屋市,松浜町９番２号,6590053
8140001028036,株式会社アル地所,兵庫県,芦屋市,前田町１０番４号,6590071
8140001028102,株式会社ツカサリプラス,兵庫県,芦屋市,業平町１番１２−３０２号,6590068
8140001028325,株式会社ウッズ,兵庫県,芦屋市,南浜町１２−３１,6590037
8140001028688,協和不動産株式会社,兵庫県,芦屋市,西蔵町３番７号,6590026
8140001029208,株式会社クーダー・ワークス,兵庫県,芦屋市,高浜町２番２−１２４号,6590033
8140001029406,株式会社ＢＯＸＹ　ＪＡＰＡＮ,兵庫県,芦屋市,打出町１番１８号,6590022
8140001029554,株式会社デリバリー総研,兵庫県,芦屋市,奥池町９番７号,6590003
8140001029595,ハクトコーポレーション株式会社,兵庫県,芦屋市,岩園町１５番２４号,6590013
8140001029703,ＴＨＥ　ＳＵＮ　ＦＡＣＴＯＲＹ株式会社,兵庫県,芦屋市,月若町８番１５号,6590084
8140001029744,ＴＳ店舗総合企画株式会社,兵庫県,芦屋市,松ノ内町１番１０,6590094
8140001030033,株式会社ワカミ,兵庫県,芦屋市,松ノ内町４−６,6590094
8140001030116,ベーデーペー株式会社,兵庫県,芦屋市,西山町１９番１２号,6590083
8140001030173,株式会社梅田緑地開発,兵庫県,芦屋市,竹園町６番１２−２号,6590055
8140001030215,株式会社プラトニック,兵庫県,芦屋市,六麓荘町８番２６号,6590011
8140001030297,株式会社ブエナ．ヴィスタ,兵庫県,芦屋市,楠町７番１３号,6590015
8140001030636,株式会社ペトロ,兵庫県,芦屋市,打出小槌町２番５号,6590028
8140001030990,安全器材株式会社,兵庫県,芦屋市,松浜町１番１５号,6590053
8140001031031,株式会社ケイアール,兵庫県,芦屋市,宮塚町１２番１９−３０１号,6590062
8140001031163,Ｐａｃｉｆｉｃ　Ｇｒｏｕｐ株式会社,兵庫県,芦屋市,三条町１番２‐１０１号,6590087
8140001031428,ビジュアルコミュニケーション株式会社,兵庫県,芦屋市,大原町８番１号,6590092
8140001031683,株式会社ＴＥＡＭ−ＤＡＣＨＳ,兵庫県,芦屋市,緑町１番１４−２０１号,6590042
8140001031824,株式会社芦屋マルカドール,兵庫県,芦屋市,大桝町１番１３号,6590066
8140001031956,株式会社小林技術士事務所,兵庫県,芦屋市,東芦屋町９番１２号,6590095
8140001031980,株式会社マリーナジャパン,兵庫県,芦屋市,海洋町１１番１号,6590035
8140001032302,株式会社四季菜,兵庫県,芦屋市,伊勢町１番２１−３０３号,6590052
8140001032327,株式会社國府,兵庫県,芦屋市,奥池南町５７番１号,6590004
8140001032376,株式会社耐震殖産ホームセンター,兵庫県,芦屋市,大原町２１番１７−５０１号,6590092
8140001032384,株式会社芦屋炭や庵,兵庫県,芦屋市,浜芦屋町９番１２−１０１号,6590054
8140001032434,芦屋化粧品株式会社,兵庫県,芦屋市,茶屋之町２番５号,6590067
8140001032525,株式会社ホッタテクノサービス,兵庫県,芦屋市,東芦屋町２２番１４号,6590095
8140001032558,株式会社ウエイブホーム,兵庫県,芦屋市,大東町１０番１２号フロンテージ芦屋１２０号,6590023
8140001032640,株式会社和光,兵庫県,芦屋市,東芦屋町２番３号,6590095
8140001032830,株式会社テクノエイドスペース,兵庫県,芦屋市,川西町１３番１３−３０３号,6590072
8140001032938,株式会社ｄｏｑ,兵庫県,芦屋市,大桝町７番２号芦屋ファイブ４０２,6590066
8140001032962,株式会社関西メンタルヘルスマネージメント,兵庫県,芦屋市,岩園町２２番２６号,6590013
8140001033036,株式会社たか木,兵庫県,芦屋市,大原町１２番８号,6590092
8140001033044,株式会社あいクリエイション,兵庫県,芦屋市,船戸町３番５号,6590093
8140001033110,株式会社イッツ,兵庫県,芦屋市,宮塚町１２番１９号,6590062
8140001033267,株式会社クエストフォー,兵庫県,芦屋市,朝日ケ丘町七丁目１２番地１０４号,6590012
8140001033317,株式会社神戸ドリーム,兵庫県,芦屋市,業平町４番１−４０１号,6590068
8140001033515,株式会社ブルーロア,兵庫県,芦屋市,山芦屋町２９番９号,6590082
8140001033589,株式会社芦屋・西宮不動産,兵庫県,芦屋市,南宮町１番１３号Ｂ１,6590024
8140001033696,株式会社ＰＲＩＭＡＬ　ＲＨＹＴＨＭ,兵庫県,芦屋市,朝日ケ丘町６番８−３０４号,6590012
8140001033713,株式会社今田,兵庫県,芦屋市,朝日ケ丘町４０番１９−１０３号,6590012
8140001033985,エイ・アイ・ティ・インターナショナル株式会社,兵庫県,芦屋市,打出町１番１３号,6590022
8140001034034,パーフェクト株式会社,兵庫県,芦屋市,翠ケ丘町１１番４３−７１０号,6590014
8140001034158,株式会社Ｃｒｅｓｃｅｎｔ,兵庫県,芦屋市,浜風町２８番８号,6590032
8140001038150,ＩＴ　Ｓｅｒｖｉｃｅ　Ａｓｓｉｓｔａｎｔ　Ｇｒｏｕｐ株式会社,兵庫県,芦屋市,東芦屋町２５番６号,6590095
8140001042326,ワールダージャパン株式会社,兵庫県,芦屋市,東芦屋町２４番３０号,6590095
8140001047110,株式会社グリーンテリア,兵庫県,芦屋市,公光町９番４−２０１号,6590065
8140001057068,株式会社丸源,兵庫県,芦屋市,三条町２番５号,6590087
8140001067604,井直商事株式会社,兵庫県,芦屋市,東芦屋町５−１−１０１,6590095
8140001067744,株式会社芦屋サンクスホーム,兵庫県,芦屋市,打出小槌町１４番１０号,6590028
8140001070764,渡辺観光株式会社,兵庫県,芦屋市,西山町１４番１５号,6590083
8140001072653,株式会社ＡＸＩＡ,兵庫県,芦屋市,高浜町１８番１５号,6590033
8140001073536,コスミックシンフォニー株式会社,兵庫県,芦屋市,松ノ内町２番１５号,6590094
8140001082231,株式会社ヤマト,兵庫県,芦屋市,山手町１１番４１−９０４,6590096
8140001086918,株式会社かみたに,兵庫県,芦屋市,親王塚町９番１３号,6590016
8140001087255,株式会社南天,兵庫県,芦屋市,松ノ内町５番５号,6590094
8140001087362,株式会社中国語塾・花,兵庫県,芦屋市,南浜町１２番２４号,6590037
8140001087370,株式会社ミラヴィリス,兵庫県,芦屋市,上宮川町３番４号,6590061
8140001087957,株式会社レオン,兵庫県,芦屋市,前田町４番１３号,6590071
8140001088311,株式会社Ｍｅｄ−Ｓｅｅｄｓ,兵庫県,芦屋市,三条町３６番１６―１号,6590087
8140001088352,株式会社芦屋ホームズ,兵庫県,芦屋市,打出小槌町４−１０−２０４,6590028
8140001088591,株式会社アールダイニング,兵庫県,芦屋市,翠ケ丘町１６番１６−７１２号,6590014
8140001089160,株式会社オフィスジーワン,兵庫県,芦屋市,三条町１２番１２号,6590087
8140001089359,株式会社あーぼん,兵庫県,芦屋市,楠町６番８号,6590015
8140001089648,太平洋貿易株式会社,兵庫県,芦屋市,浜町３番３−４０２号,6590025
8140001090011,ヒカリホーム芦屋株式会社,兵庫県,芦屋市,大原町５番５号,6590092
8140001091166,ヤマモリジャパン株式会社,兵庫県,芦屋市,業平町二丁目１４番７０２号,6590068
8140001091505,エーアイクリエイションズ・サービス株式会社,兵庫県,芦屋市,船戸町６−１９,6590093
8140001092239,株式会社加藤興産,兵庫県,芦屋市,大原町５番４号,6590092
8140001092767,株式会社大貴産業,兵庫県,芦屋市,船戸町８番９号,6590093
8140001092809,株式会社ＫＷ,兵庫県,芦屋市,東山町２番７号,6590091
8140001092874,株式会社オフィスアダージオ,兵庫県,芦屋市,大原町８番２号,6590092
8140001093047,株式会社ビビッドディレクション,兵庫県,芦屋市,打出町２番１８号,6590022
8140001093138,株式会社インコントラ,兵庫県,芦屋市,親王塚２番２号,6590000
8140001093170,株式会社アークス,兵庫県,芦屋市,奥池南町１３番１６号,6590004
8140001093484,株式会社ライトハウス,兵庫県,芦屋市,西芦屋町８番２号クオリティ西芦屋３０２号,6590085
8140001093682,株式会社スマイルハウス,兵庫県,芦屋市,精道町５番１号,6590064
8140001093690,株式会社Ｈ．Ｒ．ＮＡＫＡＭＯＴＯ　Ｃｏｒｐｏｒａｔｉｏｎ,兵庫県,芦屋市,精道町１２番２０号,6590064
8140001093914,関西クリーンサービス株式会社,兵庫県,芦屋市,山手町６番２７号,6590096
8140001094482,株式会社リトルミイカンパニー,兵庫県,芦屋市,奥池町１４番２６号,6590003
8140001095010,株式会社シードトゥカップ,兵庫県,芦屋市,茶屋之町４−１２−１０４,6590067
8140001095472,株式会社宝山,兵庫県,芦屋市,岩園町１０番６号,6590013
8140001095844,株式会社ピュアブリス芦屋,兵庫県,芦屋市,大原町９番１号,6590092
8140001095877,株式会社Ｍ’ｓ　Ｍａｒｋｅｔｉｎｇ,兵庫県,芦屋市,朝日ケ丘町３８番１２号,6590012
8140001096215,株式会社グロース,兵庫県,芦屋市,平田町５番２５−１０４号,6590074
8140001096421,萬順株式会社,兵庫県,芦屋市,浜町２−１３,6590025
8140001096586,株式会社Ｈ２Ｒ　Ｊａｐａｎ,兵庫県,芦屋市,松ノ内町４番６号,6590094
8140001096792,株式会社ｈｉｎａｔａ,兵庫県,芦屋市,打出町２番６−１号,6590022
8140001097312,株式会社ホームパーティープランナー,兵庫県,芦屋市,大原町１２番５号,6590092
8140001097320,株式会社デザインハウスｉ,兵庫県,芦屋市,三条町３６番１６号,6590087
8140001097576,株式会社ＧＩＲＡＦＦ,兵庫県,芦屋市,船戸町５番２６号,6590093
8140001098509,山水商運株式会社,兵庫県,芦屋市,涼風町２８番１−１０４号,6590036
8140001098673,ＨＤ　ｄａｔａ　ａｎａｌｙｓｉｓ株式会社,兵庫県,芦屋市,大原町２６番３号,6590092
8140001098938,株式会社デーシーイー,兵庫県,芦屋市,新浜町２番５−４０１号,6590031
8140001098954,２７Ｋ株式会社,兵庫県,芦屋市,陽光町８番２０−１４０３号,6590034
8140001099696,株式会社芽ぶき,兵庫県,芦屋市,業平町３−６−３０２,6590068
8140001100587,宮崎グローリー株式会社,兵庫県,芦屋市,緑町１番４−１０１号,6590042
8140001100604,株式会社ホライゾンホーム,兵庫県,芦屋市,大桝町７番２号,6590066
8140001100752,ケーアイコーポレーション株式会社,兵庫県,芦屋市,船戸町１番２５−３０３号,6590093
8140001100892,株式会社ハーベスト,兵庫県,芦屋市,茶屋之町５番２０−２号,6590067
8140001102575,株式会社ラビングホーム,兵庫県,芦屋市,呉川町２番１７号,6590051
8140001102939,くらしデザイン株式会社,兵庫県,芦屋市,業平町５番２号,6590068
8140001104407,株式会社山中,兵庫県,芦屋市,西芦屋町７番４号,6590085
8140001104852,株式会社開放区,兵庫県,芦屋市,業平町１番１２−５０３号,6590068
8140001105041,株式会社勘兵衛,兵庫県,芦屋市,東山町２４番３２号,6590091
8140001105248,株式会社オーパスネオ,兵庫県,芦屋市,呉川町１２番１４号,6590051
8140001106122,株式会社スリジエ,兵庫県,芦屋市,月若町５番１２号,6590084
8140001106254,Ｆ・Ｋプランニング株式会社,兵庫県,芦屋市,竹園町３番１号１Ｆ,6590055
8140001106980,株式会社エヌシーテック,兵庫県,芦屋市,業平町３番１２−３０３号,6590068
8140001107104,株式会社エスフォー,兵庫県,芦屋市,朝日ケ丘町１７番２９号,6590012
8140001107599,プライム・工務店株式会社,兵庫県,芦屋市,山芦屋町４番２７号,6590082
8140001108069,創援株式会社,兵庫県,芦屋市,奥池町３３番６号,6590003
8140001108143,さくら電力株式会社,兵庫県,芦屋市,南浜町２番９号,6590037
8140001108192,株式会社広洋,兵庫県,芦屋市,浜芦屋町１０番１０号,6590054
8140001108639,ＯＬＩＮＡＳ株式会社,兵庫県,芦屋市,業平町４番１号イム・エメロード３Ｆ,6590068
8140001108770,株式会社アーバンホームズ芦屋,兵庫県,芦屋市,東芦屋町７番５−１０３号,6590095
8140001109117,株式会社デサフィオ,兵庫県,芦屋市,大原町１４番７号,6590092
8140001109298,株式会社ＡＬＧ芦屋,兵庫県,芦屋市,松浜町３番８号,6590053
8140001109950,株式会社ＡＲＶＩ　Ｉｎｔｅｒｎａｔｉｏｎａｌ,兵庫県,芦屋市,奥池南町７番１号,6590004
8140001111295,株式会社Ｓｅｔｔｅ＆Ｃｏ．,兵庫県,芦屋市,松ノ内町一丁目１０番ラリーブ芦屋００３号,6590094
8140001111403,株式会社ヒガシでんき,兵庫県,芦屋市,浜町６番１２−１０２号,6590025
8140001111964,株式会社ＢＦ　ＪＡＰＡＮ,兵庫県,芦屋市,山芦屋町１６番８号,6590082
8140001112731,株式会社Ｔｒｅａｓｕｒｅ,兵庫県,芦屋市,岩園町４７番１８号,6590013
8140001113060,なごみ建設株式会社,兵庫県,芦屋市,大東町１０番１２−１１５号,6590023
8140001113390,株式会社ＷＡＮＥＸ,兵庫県,芦屋市,呉川町１−１８,6590051
8140001113408,株式会社匡工業,兵庫県,芦屋市,東山町１８番２５号,6590091
8140001113515,株式会社３Ｓ企画研究所,兵庫県,芦屋市,潮見町２２−１３,6590043
8140001113589,株式会社ラルディー,兵庫県,芦屋市,南宮町１番１８−１号３０１,6590024
8140001113746,令和プロダクツ株式会社,兵庫県,芦屋市,川西町２番３７号芦屋サウザンドビル,6590072
8140001113820,株式会社高翔トータルサポート,兵庫県,芦屋市,業平町３番６−４０１号,6590068
8140001114595,株式会社ｃｏｋｉ,兵庫県,芦屋市,東芦屋町２４番２５号,6590095
8140001114744,株式会社ラポール元町,兵庫県,芦屋市,打出小槌町１２番６−３０２号,6590028
8140001115718,株式会社Ｃｌｕｔｃｈ,兵庫県,芦屋市,船戸町５番２６号,6590093
8140001116088,サマーコネクト株式会社,兵庫県,芦屋市,涼風町１５番１０号,6590036
8140001116617,ＴＥＡＭ大好き株式会社,兵庫県,芦屋市,大桝町７番６−３０２号,6590066
8140001116765,Ｄｒ．Ｄｒｏｎｅ　Ｔｅｃｈｎｏｌｏｇｙ株式会社,兵庫県,芦屋市,奥池町３４番４号,6590003
8140001116872,株式会社エムティアイ,兵庫県,芦屋市,船戸町１０−１−１０１,6590093
8140001117061,株式会社ユニバーサルトレーディング,兵庫県,芦屋市,大東町１０番１２号フロンテージ芦屋１０１号,6590023
8140001117128,株式会社寿ワークス,兵庫県,芦屋市,伊勢町４−１２−２０２,6590052
8140001117763,エイチプラスワン株式会社,兵庫県,芦屋市,大桝町１番１８号,6590066
8140001118019,エイチプラスフォー株式会社,兵庫県,芦屋市,大桝町１番１８号,6590066
8140001118282,株式会社ＲＭＳ,兵庫県,芦屋市,岩園町７番２４号,6590013
8140001118984,ローズラボ株式会社,兵庫県,芦屋市,大桝町７−２芦屋ファイブ３０５号,6590066
8140001119157,株式会社リアシャイン,兵庫県,芦屋市,岩園町２２−４０,6590013
8140001119231,株式会社ＲＥＡＭ,兵庫県,芦屋市,三条町３５番１５号,6590087
8140001119941,アドバンスト・ポストプロセシング株式会社,兵庫県,芦屋市,山手町２番６グランドメゾン芦屋山手町５０２号,6590096
8140001120008,株式会社ウィズダム,兵庫県,芦屋市,大東町１５番２−９号,6590023
8140001120049,株式会社グレート・ターニング,兵庫県,芦屋市,浜芦屋町８番１３号,6590054
8140001120775,Ｉ＆Ｈインベストメント株式会社,兵庫県,芦屋市,大桝町１番１８号,6590066
8140001120899,株式会社フェアクエスト,兵庫県,芦屋市,岩園町１番１７号,6590013
8140001120924,株式会社アルコイリス,兵庫県,芦屋市,船戸町５番２６号,6590093
8140001121278,ＭＹｍｉｎｕｔｅｓ株式会社,兵庫県,芦屋市,翠ケ丘町７番１４−３０３号,6590014
8140001121303,株式会社ＭＭカンパニー,兵庫県,芦屋市,東芦屋町１８番３１−５０２号,6590095
8140001121699,株式会社エバーラスティング,兵庫県,芦屋市,船戸町５番２６号,6590093
8140001122318,株式会社上原,兵庫県,芦屋市,茶屋之町１０番８号,6590067
8140001122391,株式会社ブルーストリングス,兵庫県,芦屋市,公光町４番２８号Ｂ−２,6590065
8140001122400,株式会社サテライトジャパン,兵庫県,芦屋市,松ノ内町１０番１９−１−２０２,6590094
8140001122664,株式会社ブリリアンスウーマン,兵庫県,芦屋市,大原町２７番１−３０３号,6590092
8140001122937,株式会社ＭＡＳ研究所,兵庫県,芦屋市,東山町２４番５号,6590091
8140001123258,ＬＯＨＡＳ株式会社,兵庫県,芦屋市,奥池南町２２−８号,6590004
8140001123407,アイニ不動産株式会社,兵庫県,芦屋市,川西町２番３７号芦屋サウザンドビル３０４号室,6590072
8140001125568,株式会社プラスダブル,兵庫県,芦屋市,船戸町５番２６号,6590093
8140001125790,株式会社ＮｉＬ,兵庫県,芦屋市,川西町２−３７芦屋サウザンドビル２０２号,6590072
8140001125881,株式会社鶴川,兵庫県,芦屋市,山手町２０番１７号,6590096
8140001126087,株式会社ＩＴＭ,兵庫県,芦屋市,東山町１２番３１−３０５号,6590091
8140001126228,株式会社ＲＳフィールド,兵庫県,芦屋市,岩園町４８番１１号,6590013
8140001126327,ＭＩＫＡＫＯＫＡＮＯＵ株式会社,兵庫県,芦屋市,大原町５−３洲崎ビル３階,6590092
8140001126517,株式会社リビングアットイーズ,兵庫県,芦屋市,朝日ケ丘町７番１５−２０４号,6590012
8140001126847,株式会社ＵＣＨＩＭＡＩ　ＳＴＹＬＥ,兵庫県,芦屋市,打出小槌町９番１２−２０６号,6590028
8140001126871,ギガブレーンズ株式会社,兵庫県,芦屋市,宮塚町６番５号３０８,6590062
8140001127341,エクスアールジョン株式会社,兵庫県,芦屋市,船戸町５−２６,6590093
8140001128050,株式会社ブルーハウス,兵庫県,芦屋市,奥池１番２０号,6590000
8140001128273,嘉達株式会社,兵庫県,芦屋市,奥池南町４８番１２号,6590004
8140001128281,株式会社ＴＨＲＥＥ,兵庫県,芦屋市,大桝町７番１３号芦屋セレーノ３階,6590066
8140001128769,株式会社クレール,兵庫県,芦屋市,六麓荘町６番１６号,6590011
8140001129478,株式会社ことのは企画,兵庫県,芦屋市,親王塚町１０番２２−３０４号,6590016
8140001129536,株式会社ＩＲＧＣＯＮＳＵＬＴＡＮＴＳ＆ＡＤＶＩＳＯＲＩＥＳ,兵庫県,芦屋市,月若町５番１０−１０３号,6590084
8140001130403,Ａｓｋ‐Ｐｒｏｆ株式会社,兵庫県,芦屋市,岩園町５番６号,6590013
8140001130873,株式会社クアドリフォリオ,兵庫県,芦屋市,南宮町１３番３−５０６号,6590024
8140001131186,株式会社ＴＭコンサル,兵庫県,芦屋市,三条町３１番５号,6590087
8140001131525,株式会社エスオースタイル,兵庫県,芦屋市,大東町８番５−３０９号,6590023
8140001131707,株式会社あひる商会,兵庫県,芦屋市,大原町９番２−１１０１号,6590092
8140001132309,アグロテック株式会社,兵庫県,芦屋市,東山町１６番１１−１００号,6590091
8140001132614,株式会社ワンコネクト,兵庫県,芦屋市,朝日ケ丘町３３番４号,6590012
8140001132845,株式会社サスセンティーショナム,兵庫県,芦屋市,平田町７番２２号,6590074
8140001133430,株式会社一,兵庫県,芦屋市,大桝町３番１６号１０２号室,6590066
8140001133752,株式会社トップメンテ,兵庫県,芦屋市,岩園町３８番１６号１０１,6590013
8140001133810,Ｓ＆Ｈ株式会社,兵庫県,芦屋市,大桝町１番１８号,6590066
8140001133827,Ｓｅｅｋ株式会社,兵庫県,芦屋市,高浜町７番１−２４２４号,6590033
8140001133868,株式会社桜人,兵庫県,芦屋市,茶屋之町１０番９号２階,6590067
8140001134024,株式会社ＰＲＹＭＮＯ,兵庫県,芦屋市,宮塚町１１−１８,6590062
8140001134230,ＪａｙＫホールディングス株式会社,兵庫県,芦屋市,大原町２８番１３号,6590092
8140001134271,アワーコンサルティング株式会社,兵庫県,芦屋市,東芦屋町５番１１−１０３号,6590095
8140001134750,ＮＨオフィス株式会社,兵庫県,芦屋市,西山町２３番２１号１階,6590083
8140001135204,株式会社ＲＯＳＥ,兵庫県,芦屋市,奥池南町５１番２８号,6590004
8140001135278,株式会社夜明け,兵庫県,芦屋市,東山町１２番１８号１０１,6590091
8140001136383,株式会社グランライツ,兵庫県,芦屋市,山手町２９番１５,6590096
8140001136499,株式会社成之藤,兵庫県,芦屋市,西蔵町１０番２号３Ｆ,6590026
8140001136689,ヘッドハイ株式会社,兵庫県,芦屋市,奥山１２番地３０１号,6590002
8140001136937,株式会社のぞみ犬のようちえん,兵庫県,芦屋市,山手町２８番６号,6590096
8140001137266,株式会社オルブ,兵庫県,芦屋市,宮塚町５番８号ストラッセ芦屋１Ｆ,6590062
8140001137398,株式会社インナーストレングス,兵庫県,芦屋市,三条南町７−１０,6590086
8140001137448,ＴＣ　Ｈｏｍｅ　Ｌａｂｏ株式会社,兵庫県,芦屋市,大東町９番１−６０５号,6590023
8140001137638,アライアンスホールディングス株式会社,兵庫県,芦屋市,大桝町５番１５号,6590066
8140001138561,ハートな株式会社,兵庫県,芦屋市,奥池南町７１−８,6590004
8140001138875,Ｘ　Ｍａｒｋｓ株式会社,兵庫県,芦屋市,船戸町５番２６号,6590093
8140001138900,株式会社Ｌｉｎｏ,兵庫県,芦屋市,大原町６番１５号,6590092
8140001139568,株式会社ＭＲＹ,兵庫県,芦屋市,山芦屋町２番２２号,6590082
8140001140055,株式会社ＳＨＩＥＬＤ,兵庫県,芦屋市,岩園町１番８号,6590013
8140001140063,冠徳株式会社,兵庫県,芦屋市,月若町７番１８−６号２０３号,6590084
8140001140113,株式会社ＹＦ　Ａｓｓｅｔ,兵庫県,芦屋市,月若町７番３プラネスーペリア芦屋２０７,6590084
8140001140162,株式会社医真,兵庫県,芦屋市,西芦屋町６番２１−２号,6590085
8140001140278,株式会社Ｈａｒｉｐｏｓｉ,兵庫県,芦屋市,精道町２番４号,6590064
8140001140798,株式会社Ｍｙ　Ｔｕｔｏｒ,兵庫県,芦屋市,船戸町５番２６号,6590093
8140001140856,株式会社Ｅ‐ｓｔｕｄｉｏ,兵庫県,芦屋市,伊勢町５番２８−２０３号,6590052
8140001141144,株式会社Ｓｈｕｕｔａ,兵庫県,芦屋市,海洋町５番２号,6590035
8140001141219,Ａｉ．ｍａｋｅｒ株式会社,兵庫県,芦屋市,西芦屋町８番１６号,6590085
8140001141482,碧空の翼株式会社,兵庫県,芦屋市,業平町２−１４−６０２,6590068
8140001141648,株式会社芦屋こころクリエイト,兵庫県,芦屋市,岩園町１２番２３号,6590013
8140001141961,株式会社ＡｌｔｒａＶｉｓｔａ,兵庫県,芦屋市,公光町４−２８芦屋市商工会館１Ｆ,6590065
8140001142209,株式会社Ｅｎ,兵庫県,芦屋市,朝日ケ丘町３４番１６号,6590012
8140002000159,株式会社ＭＡＰＳ,兵庫県,芦屋市,楠町１１番６−２０７号,6590015
8140002027276,株式会社コニシステム,兵庫県,芦屋市,茶屋之町３−２−３Ｆ,6590067
8140003005009,株式会社グリーングラス,兵庫県,芦屋市,打出小槌町１０番１４号,6590028
8150001021097,株式会社ネスト,兵庫県,芦屋市,山手町２−６−２０２,6590096
8180001120763,株式会社ガネー社,兵庫県,芦屋市,大桝町４−２０−１,6590066
8180001139077,株式会社ワンズリーチ,兵庫県,芦屋市,翠ケ丘町２０番９−１０６号,6590014
8260001018801,株式会社いるか,兵庫県,芦屋市,親王塚町３番１−４０１号,6590016
9010001134556,イー・シェアーズ株式会社,兵庫県,芦屋市,船戸町５−２６マリアキャリービル２Ｆ,6590093
9010001164041,アトラス株式会社,兵庫県,芦屋市,業平町７番１４号,6590068
9010001237796,株式会社パラベラム,兵庫県,芦屋市,奥池町２０番１号,6590003
9010401163733,株式会社パスカル,兵庫県,芦屋市,大桝町３番１６号１０２号室,6590066
9010801029385,株式会社ＧＨＢＯ,兵庫県,芦屋市,翠ケ丘町２２番１９−２号,6590014
9011201016809,株式会社フィリアｄｅエムＪａｐａｎ,兵庫県,芦屋市,東芦屋町１１番１８号,6590095
9100001025408,Ｆｕｔｕｒｅ　Ｗａｌｋ株式会社,兵庫県,芦屋市,東芦屋町２５番６号,6590095
9120001007164,株式会社オフィスジュウヨン,兵庫県,芦屋市,岩園町１０番２号,6590013
9120001013724,株式会社丸和,兵庫県,芦屋市,西芦屋町３番１７−２０５号,6590085
9120001042211,株式会社鶴鳴莊,兵庫県,芦屋市,大原町１３番２１号,6590092
9120001045684,株式会社東亜ビル,兵庫県,芦屋市,月若町３番３０号,6590084
9120001065591,株式会社ヘルスケア・パスポート・クラブ,兵庫県,芦屋市,奥池南町４３番６号,6590004
9120001066078,泉北開発株式会社,兵庫県,芦屋市,山手町１番１１号,6590096
9120001071607,ナカヤマホテルマネジメント株式会社,兵庫県,芦屋市,六麓荘町１０番２５号,6590011
9120001076531,株式会社尾崎,兵庫県,芦屋市,翠ケ丘町１９番４５−５０４号,6590014
9120001088816,株式会社プランニングプラネット,兵庫県,芦屋市,親王塚町４番２２親王塚アーバンライフ３０６号室,6590016
9120001090037,丸宗アセット株式会社,兵庫県,芦屋市,浜芦屋町６番２３号,6590054
9120001112220,株式会社ペトロスター関西,兵庫県,芦屋市,業平町５番２０号,6590068
9120001138975,株式会社ドクターピュアラボ,兵庫県,芦屋市,東山町１５番１２−２０２号,6590091
9120001141731,株式会社ＧＲＯＷＩＮＧ,兵庫県,芦屋市,月若町１番１３号,6590084
9120001173279,株式会社エコー,兵庫県,芦屋市,大東町１０番１２号フロンテージ芦屋３０４,6590023
9120001189688,株式会社それいゆ,兵庫県,芦屋市,緑町１番３−３０３号,6590042
9120001205973,株式会社中商,兵庫県,芦屋市,東芦屋町１８番４３号,6590095
9120001211864,株式会社ＨＡＲＰＥＲ,兵庫県,芦屋市,涼風町１８番９号,6590036
9120001221450,信和株式会社,兵庫県,芦屋市,涼風町２０番４号,6590036
9120001221780,大阪高雷株式会社,兵庫県,芦屋市,西蔵町１０番２号２Ｆ,6590026
9120001222390,ラターブル株式会社,兵庫県,芦屋市,翠ケ丘町１６番１６−７３２号,6590014
9120001225138,株式会社ＩＴＯ商事,兵庫県,芦屋市,涼風町１９番６号,6590036
9120001225897,株式会社ウィズダム,兵庫県,芦屋市,朝日ケ丘町４−１３−７０４,6590012
9120001242380,株式会社トゥハート,兵庫県,芦屋市,朝日ケ丘町３５番３−３０４号,6590012
9120001255201,Ｆｏｘ　Ｔａｖｅｒｎ株式会社,兵庫県,芦屋市,朝日ケ丘町３７−２５−２,6590012
9120001256380,キンセンコウ株式会社,兵庫県,芦屋市,翠ケ丘町１８番２４−２号,6590014
9120101045700,株式会社エスケイメディカル,兵庫県,芦屋市,朝日ケ丘町３４番１６号,6590012
9120901018087,株式会社アイエム企画,兵庫県,芦屋市,松浜町１４番３４−１２８号,6590053
9130001032392,株式会社エステート鬼界,兵庫県,芦屋市,山手町９番２０号,6590096
9130002030081,株式会社ＡＩＬＡ,兵庫県,芦屋市,東山町８番１４号アシヤ・マニンガーデン１０２,6590091
9140001000043,株式会社アイアールエヌ・インターナショナル,兵庫県,芦屋市,岩園町２１番２２号,6590013
9140001000068,旭商事株式会社,兵庫県,芦屋市,奥山１番地の１５４８,6590002
9140001000084,株式会社芦屋呉川荘苑,兵庫県,芦屋市,呉川町４番１２号,6590051
9140001000101,芦屋土地建物株式会社,兵庫県,芦屋市,西山町１０番１１−１０１号,6590083
9140001000118,株式会社サビア,兵庫県,芦屋市,朝日ケ丘町３６番１４号,6590012
9140001000126,株式会社アバンセ,兵庫県,芦屋市,公光町１番１５号,6590065
9140001000134,株式会社アルカス,兵庫県,芦屋市,翠ケ丘町７番６号,6590014
9140001000150,株式会社石崎グレース,兵庫県,芦屋市,春日町２１番６号,6590021
9140001000191,打出興産株式会社,兵庫県,芦屋市,打出小槌町５番１０号,6590028
9140001000200,株式会社エクセリアインターナショナル,兵庫県,芦屋市,大原町５番１９号,6590092
9140001000217,株式会社オーエヌイー,兵庫県,芦屋市,打出町６番２６号,6590022
9140001000233,株式会社オンコー,兵庫県,芦屋市,陽光町３番３１号,6590034
9140001000266,かね三商事株式会社,兵庫県,芦屋市,岩園町２５番２８号,6590013
9140001000282,木下建設株式会社,兵庫県,芦屋市,奥池南町２８番１２号,6590004
9140001000290,協同油業株式会社,兵庫県,芦屋市,平田北町４番１０号,6590073
9140001000299,株式会社輝和,兵庫県,芦屋市,松浜町５番１５−７１０号,6590053
9140001000316,株式会社クレバージャパン,兵庫県,芦屋市,朝日ケ丘町２−４−７１６号,6590012
9140001000324,株式会社建材社,兵庫県,芦屋市,楠町３番３号,6590015
9140001000340,株式会社コイデ住研,兵庫県,芦屋市,翠ケ丘町１９番２−２０６号,6590014
9140001000357,株式会社コンタクス,兵庫県,芦屋市,松ノ内町７番１１号,6590094
9140001000373,株式会社三華,兵庫県,芦屋市,大原町２番６−１２１号,6590092
9140001000381,サン化成株式会社,兵庫県,芦屋市,六麓荘町２０番５号,6590011
9140001000398,株式会社ユータ,兵庫県,芦屋市,伊勢町７番２０号,6590052
9140001000407,株式会社シーヴイ,兵庫県,芦屋市,東芦屋町１番２０号,6590095
9140001000456,株式会社新六,兵庫県,芦屋市,朝日ケ丘町７番２２朝日ヶ丘レックスマンション２０３号,6590012
9140001000464,株式会社スターフロック,兵庫県,芦屋市,南宮町１８番１８−５１６号,6590024
9140001000472,すみくらコーポレイシヨン株式会社,兵庫県,芦屋市,南宮町１０番４−５０５号,6590024
9140001000489,株式会社戦略情報システム研究所,兵庫県,芦屋市,三条町２１番１４号,6590087
9140001000497,株式会社ソフィックス研究所,兵庫県,芦屋市,茶屋之町１１番９号,6590067
9140001000514,大東機設保温株式会社,兵庫県,芦屋市,奥池町３０番１５号,6590003
9140001000530,株式会社竹内工務店,兵庫県,芦屋市,大原町５番４号,6590092
9140001000539,株式会社タナカ技研,兵庫県,芦屋市,緑町５番１６号,6590042
9140001000571,株式会社テラ,兵庫県,芦屋市,大原町２０番地２４号,6590092
9140001000613,西田貿易株式会社,兵庫県,芦屋市,前田町２番２２号,6590071
9140001000621,株式会社日月,兵庫県,芦屋市,大原町２３番５号,6590092
9140001000654,パイロツト産業株式会社,兵庫県,芦屋市,業平町３番７号,6590068
9140001000662,株式会社一建設工業,兵庫県,芦屋市,業平町８番１７号,6590068
9140001000670,林産業株式会社,兵庫県,芦屋市,山芦屋町２６番１２号,6590082
9140001000679,株式会社光商会,兵庫県,芦屋市,月若町５番１４号,6590084
9140001000695,株式会社フジ,兵庫県,芦屋市,三条南町３番８号,6590086
9140001000704,富士綿業株式会社,兵庫県,芦屋市,三条町１２番２号,6590087
9140001000712,株式会社フル,兵庫県,芦屋市,山手町４番１２号,6590096
9140001000729,豊栄物産株式会社,兵庫県,芦屋市,東芦屋町１８番２６号,6590095
9140001000753,株式会社松浦造園土木,兵庫県,芦屋市,岩園町２０番１１号,6590013
9140001000803,モトヤ産業株式会社,兵庫県,芦屋市,岩園町１９番２号,6590013
9140001000852,株式会社ライフレックス,兵庫県,芦屋市,三条町１番２−３０１号,6590087
9140001000893,株式会社蘆風,兵庫県,芦屋市,大原町１１番６号,6590092
9140001001495,株式会社興和電商,兵庫県,芦屋市,打出町５番６号,6590022
9140001005793,株式会社アーバン御郷,兵庫県,芦屋市,東山町２７番５−５０１号,6590091
9140001006098,株式会社イズ,兵庫県,芦屋市,公光町７番１０号新星和芦屋ビル４０２号,6590065
9140001006395,株式会社エウル,兵庫県,芦屋市,松ノ内町２番３号,6590094
9140001007229,義隆商事株式会社,兵庫県,芦屋市,大原町２０番２１号芦屋コンチェルト４１２号,6590092
9140001010356,株式会社ひかりホームズ,兵庫県,芦屋市,竹園町６番１５号,6590055
9140001011742,株式会社リキコーポレーション,兵庫県,芦屋市,奥池南町４４番３０号,6590004
9140001011783,株式会社リュリュ・サプライズ,兵庫県,芦屋市,打出小槌町３番３号,6590028
9140001012716,株式会社オフィスナウ,兵庫県,芦屋市,公光町３番２６号,6590065
9140001014984,株式会社コイワ,兵庫県,芦屋市,打出小槌町４番６−２０１,6590028
9140001017327,株式会社ゑび須,兵庫県,芦屋市,大原町９−１ラポルテ東館南棟８０４号室,6590092
9140001019744,株式会社リバイバル・ケイ,兵庫県,芦屋市,翠ケ丘町６番１６−３０１号,6590014
9140001020116,株式会社バルビス,兵庫県,芦屋市,大桝町７番２−２０１号,6590066
9140001020124,山口商事株式会社,兵庫県,芦屋市,山芦屋町１３番３号,6590082
9140001020223,ひらと産業株式会社,兵庫県,芦屋市,三条南町６番４号,6590086
9140001020545,株式会社サン・クレア,兵庫県,芦屋市,海洋町１２番１−２２１８号,6590035
9140001021221,イマグノーシス株式会社,兵庫県,芦屋市,船戸町５番５号エベン・エゼル芦屋４Ｆ,6590093
9140001021246,株式会社資産計画,兵庫県,芦屋市,山手町３番１号,6590096
9140001022104,株式会社朋友,兵庫県,芦屋市,呉川町１８番２−５０４号,6590051
9140001022401,株式会社ケミック,兵庫県,芦屋市,新浜町２番２−８０２号,6590031
9140001022434,株式会社東山商会,兵庫県,芦屋市,西蔵町３番２−１号,6590026
9140001022616,ジャパン・メディテック株式会社,兵庫県,芦屋市,大桝町１番１８号,6590066
9140001023283,株式会社ビクトリー,兵庫県,芦屋市,西蔵町３番１４−２０１号,6590026
9140001023886,ブルーダイヤ株式会社,兵庫県,芦屋市,業平町２番１４−２０１号,6590068
9140001024050,株式会社インシリコテクノロジーズ,兵庫県,芦屋市,三条町１２番１号,6590087
9140001024372,株式会社関西エフピー総合研究所,兵庫県,芦屋市,西芦屋町８番３号,6590085
9140001024422,ユニオン興産株式会社,兵庫県,芦屋市,奥池町３３番２号,6590003
9140001024736,横井林業株式会社,兵庫県,芦屋市,山手町１４番８−１０３号,6590096
9140001024785,ビジネストラベル株式会社,兵庫県,芦屋市,大原町９番１号,6590092
9140001024991,株式会社アップライフ,兵庫県,芦屋市,船戸町３番４号,6590093
9140001025461,ヤマエ株式会社,兵庫県,芦屋市,朝日ケ丘町１７番３２号,6590012
9140001025486,株式会社ラブロ,兵庫県,芦屋市,松ノ内町４番８−１０２号,6590094
9140001025841,株式会社フォレスト,兵庫県,芦屋市,業平町３番５号,6590068
9140001025949,株式会社ベルサイズ・クレセント,兵庫県,芦屋市,岩園町１５番１０号,6590013
9140001026096,株式会社ジェット・セット,兵庫県,芦屋市,東山町９番１７号,6590091
9140001026105,株式会社久恵,兵庫県,芦屋市,平田町５番８−３０３号,6590074
9140001026187,株式会社エフケイプランニング,兵庫県,芦屋市,山手町２番５−１０４号,6590096
9140001026212,株式会社Ｄ・Ｃ,兵庫県,芦屋市,浜芦屋町８−４−２０５,6590054
9140001026245,株式会社エコワークシステム,兵庫県,芦屋市,船戸町３番２５号,6590093
9140001026360,株式会社コムランゲージ,兵庫県,芦屋市,松ノ内町２番２号,6590094
9140001026402,株式会社寿吉,兵庫県,芦屋市,朝日ケ丘町４０番地の１４,6590012
9140001026451,株式会社ケイ・コーポレーション,兵庫県,芦屋市,東山町２３番２０号,6590091
9140001026534,株式会社マーティクレール,兵庫県,芦屋市,茶屋之町２番２１−７０５号,6590067
9140001026641,株式会社北村商店,兵庫県,芦屋市,大東町１１番２０−５０５号,6590023
9140001026732,株式会社ＳＰＩＲＡＬＳＰＩＮＮＥＲ,兵庫県,芦屋市,涼風町１１番７号,6590036
9140001026798,株式会社ＬＯＴＵＳ　ＰＬＡＮＮＩＮＧ,兵庫県,芦屋市,親王塚町７番３号アメニティレジデンス５０２号,6590016
9140001026864,株式会社ストロイエ,兵庫県,芦屋市,六麓荘町８番２９号,6590011
9140001026988,株式会社オフィスコマチ,兵庫県,芦屋市,岩園町３３番４号,6590013
9140001027375,株式会社ロジケア,兵庫県,芦屋市,大原町４番１０号,6590092
9140001027656,六波羅アセット株式会社,兵庫県,芦屋市,松ノ内町４番１０号,6590094
9140001028035,株式会社クオリティ甲子園,兵庫県,芦屋市,三条町１２番８号,6590087
9140001028159,株式会社マザーコート,兵庫県,芦屋市,三条町６番１７−１０１号,6590087
9140001028605,株式会社カズカンパニー,兵庫県,芦屋市,茶屋之町６番１３号ダイドーシティ芦屋２−１Ｆ,6590067
9140001028786,株式会社山一殖産,兵庫県,芦屋市,平田町２番７−１０６号,6590074
9140001028877,アルファ株式会社,兵庫県,芦屋市,月若町８番１３号,6590084
9140001028976,エッジ株式会社,兵庫県,芦屋市,船戸町７番５−２０３号,6590093
9140001029462,株式会社百壽,兵庫県,芦屋市,前田町８番５−２０３号,6590071
9140001029636,株式会社さんくーせ,兵庫県,芦屋市,緑町２番１−２０２号,6590042
9140001029669,ドレスデンチュール株式会社,兵庫県,芦屋市,山芦屋町１８番８−２０６号,6590082
9140001029719,株式会社あはら事務所,兵庫県,芦屋市,岩園町４番９−２号,6590013
9140001029999,株式会社ビューティーフィールド,兵庫県,芦屋市,奥池南町５１番２０号,6590004
9140001030107,株式会社バティーズ,兵庫県,芦屋市,若葉町６−１芦屋バティーズシーサイドオフィス,6590041
9140001030180,マスターワークス株式会社,兵庫県,芦屋市,西山町１１−１７シャンブル芦屋４Ｆ,6590083
9140001030577,株式会社ＬＴＬ,兵庫県,芦屋市,打出町１番１０号,6590022
9140001030651,ラ・フルール株式会社,兵庫県,芦屋市,茶屋之町１１−５ベルアミ芦屋２０１号,6590067
9140001030668,株式会社ビビッド・ワークス,兵庫県,芦屋市,岩園町１２番７号,6590013
9140001030692,株式会社ケアセンターノエル,兵庫県,芦屋市,津知町１番８号,6590075
9140001031030,株式会社ワークジャパン,兵庫県,芦屋市,山芦屋町１６番１７号,6590082
9140001031105,株式会社ゴールド,兵庫県,芦屋市,平田町４番１１号,6590074
9140001031187,株式会社エム・アンド・エス・ティ社,兵庫県,芦屋市,岩園町４９番３５号,6590013
9140001031195,トゥー・ヘッズシステム株式会社,兵庫県,芦屋市,宮塚町３番４号,6590062
9140001031328,株式会社アドバンテージ,兵庫県,芦屋市,東芦屋町１７番２３号,6590095
9140001031377,株式会社エム・アイ・ティー,兵庫県,芦屋市,東山町１２番２２号,6590091
9140001031427,株式会社芦屋人,兵庫県,芦屋市,浜風町２４番９号,6590032
9140001031501,株式会社ＡＩＣ,兵庫県,芦屋市,親王塚町１４番１４号,6590016
9140001031542,株式会社メゾン・ド・ジル芦屋,兵庫県,芦屋市,平田町１番３号,6590074
9140001031625,株式会社葦邑,兵庫県,芦屋市,奥池南町４番５号,6590004
9140001031831,株式会社ＤＹＮＡ,兵庫県,芦屋市,西蔵町９番１−３０２号,6590026
9140001032004,株式会社ＯＨＡＮＡ,兵庫県,芦屋市,大原町１６番４号,6590092
9140001032169,株式会社ティーラボ,兵庫県,芦屋市,春日町１０番１１号,6590021
9140001032326,株式会社Ｋ・ウィング,兵庫県,芦屋市,大東町１８番６−３１３号,6590023
9140001032466,株式会社ワイ・エス・イー,兵庫県,芦屋市,東山町５番８号,6590091
9140001032516,株式会社サン・フィールド,兵庫県,芦屋市,六麓荘町１０番４号,6590011
9140001032631,株式会社テイデック・ウエスト,兵庫県,芦屋市,緑町１番９−２０２号,6590042
9140001032689,株式会社アミティ,兵庫県,芦屋市,涼風町３０番１７号,6590036
9140001032697,株式会社ランドカルテ,兵庫県,芦屋市,松ノ内町１０番１７−２０１号,6590094
9140001032862,株式会社大平,兵庫県,芦屋市,朝日ケ丘町２番２１号,6590012
9140001033010,関和建設株式会社,兵庫県,芦屋市,呉川町４番８号,6590051
9140001033027,株式会社ケアセンターはまゆう,兵庫県,芦屋市,大東町１０番１０号,6590023
9140001033357,株式会社岩田,兵庫県,芦屋市,大原町１７番１８号,6590092
9140001033539,株式会社ＰＡ　Ｃｏｒｐｏｒａｔｉｏｎ,兵庫県,芦屋市,業平町６番１１−４０５号,6590068
9140001033720,Ｔｈｅ　Ｂｅａｃｏｎ　Ｇｒｏｕｐ株式会社,兵庫県,芦屋市,潮見町６番４−１号,6590043
9140001033794,株式会社クレッシェンド,兵庫県,芦屋市,親王塚町８番５号,6590016
9140001033811,株式会社メインステージ,兵庫県,芦屋市,春日町１番１２号,6590021
9140001033828,株式会社パラダイムシフト,兵庫県,芦屋市,業平町６番３４号ホーユウコンフォルト２０９,6590068
9140001033836,株式会社ジャスティス,兵庫県,芦屋市,大原町２番６−５０８号,6590092
9140001034074,株式会社ｋｔ一級建築士事務所,兵庫県,芦屋市,東山町１９番１−２号,6590091
9140001034108,株式会社松ノ内商会,兵庫県,芦屋市,松ノ内町４番２５号,6590094
9140001034215,ベンチャー，イッツ株式会社,兵庫県,芦屋市,岩園町５０番１３号,6590013
9140001038141,株式会社炭焼,兵庫県,芦屋市,岩園町１番１１号,6590013
9140001038199,株式会社ティープロジェクト,兵庫県,芦屋市,山手町９番１８号,6590096
9140001049469,正和鉄筋工業株式会社,兵庫県,芦屋市,岩園町２８番１６−３号,6590013
9140001057117,株式会社日本メディア,兵庫県,芦屋市,船戸町３番６−４０１号,6590093
9140001057257,株式会社Ｂｅａｕｔｙ　Ｓｔａｇｅ,兵庫県,芦屋市,大原町２番６−３０３号,6590092
9140001057372,株式会社ＯＳＧ,兵庫県,芦屋市,奥山１５−４０３,6590002
9140001067652,株式会社ツナキ,兵庫県,芦屋市,打出小槌町１４番１０号サンパレス門３０１号,6590028
9140001067685,株式会社ネクサス,兵庫県,芦屋市,宮塚町７番８−１０２号,6590062
9140001067702,ブロタール株式会社,兵庫県,芦屋市,川西町５番２号,6590072
9140001069319,ダイハチコーポレーション株式会社,兵庫県,芦屋市,岩園町１０番１６−６１４号,6590013
9140001073205,株式会社ヘルスケアシステム,兵庫県,芦屋市,大原町２５番５号,6590092
9140001073907,株式会社彩コーポレーション,兵庫県,芦屋市,公光町８番２２号,6590065
9140001074079,株式会社キュービッククリーム,兵庫県,芦屋市,業平町８−１４−００４,6590068
9140001074434,株式会社ブロツクハウス,兵庫県,芦屋市,松ノ内町４番６−２０７号,6590094
9140001084053,株式会社さつき計算センター,兵庫県,芦屋市,伊勢町４番２１号,6590052
9140001086512,マーブル建材株式会社,兵庫県,芦屋市,朝日ケ丘町１０番３１−３０１号,6590012
9140001086529,三晃土地住宅株式会社,兵庫県,芦屋市,月若町７番３−１０２号,6590084
9140001086652,株式会社アール・イー,兵庫県,芦屋市,業平町１番２０号,6590068
9140001086660,日建殖産株式会社,兵庫県,芦屋市,伊勢町５番２８号,6590052
9140001086842,株式会社スリーアイコーポレーション,兵庫県,芦屋市,船戸町６番１９号ハウゼ芦屋２０５号,6590093
9140001087007,株式会社クリナン,兵庫県,芦屋市,東山町７番３号,6590091
9140001087023,株式会社ループ芦屋,兵庫県,芦屋市,南宮町７−６−３０４,6590024
9140001087031,株式会社Ｒ４０,兵庫県,芦屋市,浜町１３番３−３０９号,6590025
9140001087320,株式会社肉ゲキジョー,兵庫県,芦屋市,大桝町４番１５号,6590066
9140001087543,株式会社Ｋ’ＭＳ,兵庫県,芦屋市,平田町３番６号,6590074
9140001088062,株式会社ラトル,兵庫県,芦屋市,打出町１番１０号,6590022
9140001088112,株式会社マエダホールディングス,兵庫県,芦屋市,岩園町６番７号,6590013
9140001088335,芦屋フルーツ株式会社,兵庫県,芦屋市,呉川町１６−１０−１,6590051
9140001088426,株式会社孝栄,兵庫県,芦屋市,岩園町４番１７号,6590013
9140001088541,株式会社イエローコンテンツ,兵庫県,芦屋市,奥池町２７番１１−１０１号,6590003
9140001089498,オフィス長尾株式会社,兵庫県,芦屋市,公光町４番１７号,6590065
9140001091140,ワイズスマート株式会社,兵庫県,芦屋市,岩園町１１番１８号,6590013
9140001091272,株式会社金剛会館,兵庫県,芦屋市,親王塚町２番１５号,6590016
9140001091314,株式会社ル・プティ・コントワール,兵庫県,芦屋市,大原町４番１２号,6590092
9140001091818,株式会社Ｓｕｎ企画,兵庫県,芦屋市,大原町１１番１０号,6590092
9140001091842,株式会社エフミック,兵庫県,芦屋市,浜町１４番２−１０７号,6590025
9140001092485,株式会社ｍａｒｔｈａ,兵庫県,芦屋市,呉川町１２番６号,6590051
9140001092551,株式会社シャルマンカレッジ,兵庫県,芦屋市,松ノ内町３番２９号,6590094
9140001092948,株式会社ＢＯＤＹＷＯＲＫ,兵庫県,芦屋市,春日町４番５号,6590021
9140001094820,ティモシーズ株式会社,兵庫県,芦屋市,業平町５番１３号,6590068
9140001094861,株式会社ＨＡＲＩＩ,兵庫県,芦屋市,翠ケ丘町１２番７−４１４号,6590014
9140001095075,Ｇｏ‐Ｆｏｒ‐Ｉｔ　Ｊａｐａｎ株式会社,兵庫県,芦屋市,東山町１０番２−５１２号,6590091
9140001095249,株式会社バビッチ,兵庫県,芦屋市,大東町１０番６号,6590023
9140001095488,株式会社フューチャーズ,兵庫県,芦屋市,東芦屋町２０番２９−２０２号,6590095
9140001095521,株式会社中嶋,兵庫県,芦屋市,三条町１１番５号,6590087
9140001095892,株式会社エスポワール,兵庫県,芦屋市,伊勢町２番１８号,6590052
9140001096107,株式会社知究,兵庫県,芦屋市,西山町１８番１１号,6590083
9140001096453,ミワエンジニアリング株式会社,兵庫県,芦屋市,南宮町１−８,6590024
9140001097633,株式会社ＳＵＰＥＲ　Ｊ,兵庫県,芦屋市,東山町２９番１９号,6590091
9140001097872,株式会社アースグリーン,兵庫県,芦屋市,楠町１６番１８号,6590015
9140001098425,エフホールディングス株式会社,兵庫県,芦屋市,岩園町２２番５６号,6590013
9140001098607,株式会社ベイクプランニング,兵庫県,芦屋市,公光町９番３号,6590065
9140001098615,株式会社Ａｓｈｌｅｙ,兵庫県,芦屋市,業平町７番１９−４０２号,6590068
9140001098929,株式会社ユーラシア・ジャパン,兵庫県,芦屋市,東山町１６番５号,6590091
9140001099290,株式会社クロスフィンガー,兵庫県,芦屋市,六麓荘町１３番７号,6590011
9140001099547,株式会社ＯＦＦＩＣＥ　ＹＡＭＡＺＡＫＩ,兵庫県,芦屋市,陽光町８番２０−１３０８号,6590034
9140001099687,ＡＫＳコンサルティング株式会社,兵庫県,芦屋市,打出小槌町１０番２−１２０１号,6590028
9140001099778,株式会社ツインズ,兵庫県,芦屋市,大桝町５−８−１０２,6590066
9140001099786,株式会社フロッシュ,兵庫県,芦屋市,上宮川町９番４号,6590061
9140001099844,株式会社田中防水工業,兵庫県,芦屋市,新浜町２番３−２０８号,6590031
9140001100009,稲垣興業株式会社,兵庫県,芦屋市,潮見町１７番９号,6590043
9140001100207,株式会社プラスレイ,兵庫県,芦屋市,伊勢町８番２０号,6590052
9140001100479,株式会社Ｅｔｏｉｌｅ　Ｆｉｌａｎｔｅ,兵庫県,芦屋市,涼風町８番８号,6590036
9140001100594,株式会社Ｎｕｅｖａ　ｌｕｚ,兵庫県,芦屋市,岩園町２３番４５,6590013
9140001101510,株式会社ＡＢＣ　ｐｌｕｓ,兵庫県,芦屋市,東芦屋町１番２０号,6590095
9140001101873,株式会社ｅ・ネットワーク,兵庫県,芦屋市,大東町１６番５−１０５号,6590023
9140001102665,株式会社あえ,兵庫県,芦屋市,伊勢町７番１３号,6590052
9140001102707,エルビーサービス株式会社,兵庫県,芦屋市,翠ケ丘町１８番８−３０４号,6590014
9140001102822,株式会社ママントレ,兵庫県,芦屋市,陽光町８番２０−９１６号,6590034
9140001103085,株式会社千年治商店,兵庫県,芦屋市,平田町２番７−７０６号,6590074
9140001103564,株式会社Ｐｅａｒｌ,兵庫県,芦屋市,山芦屋町２４番２０号,6590082
9140001103795,株式会社ＨＡＬＡＬ　Ｂｅａｕｔｙ　ＪＡＰＡＮ,兵庫県,芦屋市,船戸町５−１８−３０１,6590093
9140001104190,株式会社かわさきコーポレーション,兵庫県,芦屋市,松ノ内町２番２１号,6590094
9140001104273,ワールドハイムジャパン株式会社,兵庫県,芦屋市,奥池町３０番１５号,6590003
9140001105222,株式会社インターバル,兵庫県,芦屋市,山手町１４番８−５０７号,6590096
9140001105619,株式会社ＬＬＯＹＤ　ＬＡＮＤｅＡ,兵庫県,芦屋市,公光町１番２５号,6590065
9140001106014,株式会社ＹＭＰ,兵庫県,芦屋市,岩園町１５番９号,6590013
9140001106831,株式会社チョコレートプラス,兵庫県,芦屋市,大桝町２番１２号,6590066
9140001107540,株式会社幸建設,兵庫県,芦屋市,打出町３番１７号５,6590022
9140001107805,株式会社Ｋ−ＷＥＳＴ,兵庫県,芦屋市,朝日ケ丘町３４番２３号,6590012
9140001108126,株式会社ビオソフィア,兵庫県,芦屋市,宮塚町１５番５三楽レジデンス１０１号室,6590062
9140001109157,株式会社ナチュラルスタイル,兵庫県,芦屋市,茶屋之町五丁目２０番１０３号室,6590067
9140001109322,ＪＵＳＥＴＺプロパティ株式会社,兵庫県,芦屋市,上宮川町５番１２号サンロイス芦屋３号館１０２,6590061
9140001109347,株式会社シナジーバース,兵庫県,芦屋市,海洋町５番３０号２Ｆ,6590035
9140001109578,株式会社ラクラス芦屋,兵庫県,芦屋市,公光町８−４,6590065
9140001109842,株式会社ＣＡＭＡＲＡＤＥ,兵庫県,芦屋市,山芦屋町３番１３号,6590082
9140001110057,株式会社江里口商事,兵庫県,芦屋市,三条南町２番３号,6590086
9140001110354,みやび興産株式会社,兵庫県,芦屋市,朝日ケ丘町２番１６号,6590012
9140001110809,株式会社日野屋,兵庫県,芦屋市,月若町７番１７−２０１号,6590084
9140001111773,ＰＥＫＯ株式会社,兵庫県,芦屋市,岩園町２５番１４号,6590013
9140001111880,株式会社ＡＬｕｍａｔ,兵庫県,芦屋市,三条南町５番１０−１０８号,6590086
9140001112276,株式会社ブルームカンパニー,兵庫県,芦屋市,業平町２番３号,6590068
9140001112879,ＳＨＡＮＴＩ株式会社,兵庫県,芦屋市,大東町１３番１−５１９号,6590023
9140001112904,株式会社Ｌ＆Ｌ,兵庫県,芦屋市,大原町５番５号,6590092
9140001112986,株式会社ＨｉｄｄｅｎＦｌａｖｏｒ,兵庫県,芦屋市,大桝町３番１３号,6590066
9140001113225,株式会社グローリエ,兵庫県,芦屋市,船戸町５番２６号マリアキャリーヌビル２階,6590093
9140001113613,ＳａｎＬｅａｄ株式会社,兵庫県,芦屋市,涼風町２９番３号,6590036
9140001113877,株式会社ｉｏ設計事務所,兵庫県,芦屋市,宮川町５番９−３０７号,6590063
9140001113976,株式会社ＴＯＲＥＢＯ,兵庫県,芦屋市,前田町６番６−５０１号,6590071
9140001114231,株式会社Ｓｈｏｅｍａｋｅｒｓ,兵庫県,芦屋市,大東町１１番１７−１０２号,6590023
9140001114495,株式会社Ｍｅｄ　Ｆｏｒｅｓｔ,兵庫県,芦屋市,岩園町２７番１６号,6590013
9140001114966,ａｉＨａｒｅ株式会社,兵庫県,芦屋市,浜風町９番１２号,6590032
9140001115171,株式会社アントデザイン,兵庫県,芦屋市,楠町十一丁目６号楠町アーバンライフ３０６号,6590015
9140001115304,株式会社よつばアセット,兵庫県,芦屋市,公光町２番１１号,6590065
9140001115320,株式会社クリーンライフ,兵庫県,芦屋市,浜町３番３−２０７号,6590025
9140001116046,株式会社エステートアシヤ,兵庫県,芦屋市,船戸町３番６−１０１号,6590093
9140001116153,株式会社ＡＡＲ,兵庫県,芦屋市,東山町１番１号,6590091
9140001116228,株式会社アーティズム,兵庫県,芦屋市,松浜町５番１７号Ｃ,6590053
9140001116384,株式会社ヘルスケア＆マネジメント,兵庫県,芦屋市,松ノ内町１番１０−２０２号,6590094
9140001116756,ＤＡＦ株式会社,兵庫県,芦屋市,山手町２８番３１−３０６号,6590096
9140001117176,ネイチャーモンスター株式会社,兵庫県,芦屋市,平田町１番３１−１号,6590074
9140001117812,株式会社ボア,兵庫県,芦屋市,翠ケ丘町２０番９−３０１号,6590014
9140001118026,株式会社緊急応援サービス,兵庫県,芦屋市,松ノ内町４番１２−１０１号,6590094
9140001118513,株式会社ＲＥＥＧ,兵庫県,芦屋市,公光町１番４号,6590065
9140001121418,Ｃｌｏｓｅｌｙ　Ａｓｓｏｃｉａｔｅ株式会社,兵庫県,芦屋市,東山町１８−１２芦屋ヒルズ１０２,6590091
9140001121640,株式会社竹下,兵庫県,芦屋市,平田町５番２５号,6590074
9140001121748,株式会社アンジュ,兵庫県,芦屋市,茶屋之町６番７号レックスアシヤ３０３,6590067
9140001121871,株式会社ココマハロアシヤ,兵庫県,芦屋市,公光町１０番２１号,6590065
9140001122770,株式会社バーディーバディ,兵庫県,芦屋市,涼風町７番９号,6590036
9140001123744,株式会社ネクスト,兵庫県,芦屋市,若葉町２番２−１４３１号,6590041
9140001124395,株式会社ティアラボ,兵庫県,芦屋市,業平町５番２０−４０１号,6590068
9140001125162,株式会社メイスａｎｄブレインズ,兵庫県,芦屋市,若葉町６番１−１８３２号,6590041
9140001125435,トモス株式会社,兵庫県,芦屋市,大原町１２−２８ロザン館２Ｆ,6590092
9140001125864,株式会社ブリッジゲート,兵庫県,芦屋市,伊勢町２−５,6590052
9140001126838,株式会社瑠璃オフィス,兵庫県,芦屋市,翠ケ丘町１９番２−４０６号,6590014
9140001127183,株式会社嘉門芦屋コリアン亭,兵庫県,芦屋市,川西町４番２号ＶＩＶＯ芦屋,6590072
9140001127480,株式会社ｍｅｄｉ　ｃｈｒｏｍｅ,兵庫県,芦屋市,岩園町１番２４号プレタメゾン芦屋岩園,6590013
9140001127753,株式会社グリーントラスト,兵庫県,芦屋市,翠ケ丘町１８番１３号,6590014
9140001129089,株式会社ソウルオブジアース,兵庫県,芦屋市,船戸町５−２６,6590093
9140001129097,クリエイトリアライズ株式会社,兵庫県,芦屋市,船戸町５番２６号,6590093
9140001129114,神広商事株式会社,兵庫県,芦屋市,新浜町６番２１号,6590031
9140001129171,株式会社アグリテック,兵庫県,芦屋市,上宮川町１番２０号,6590061
9140001129196,芦屋ハート不動産株式会社,兵庫県,芦屋市,呉川町１７番６号,6590051
9140001129683,コンフォート株式会社,兵庫県,芦屋市,海洋町５番２７号,6590035
9140001129790,ジンリン株式会社,兵庫県,芦屋市,平田町７番３９号,6590074
9140001129824,株式会社ＵＭＩ,兵庫県,芦屋市,山芦屋町１０番１１号,6590082
9140001130303,株式会社識,兵庫県,芦屋市,翠ケ丘町１５−１−３０２,6590014
9140001130328,株式会社エスアンドエー,兵庫県,芦屋市,山芦屋町４番５号,6590082
9140001130575,株式会社ケーマイト,兵庫県,芦屋市,山手町１２番６号,6590096
9140001130666,ＲｉｓＥ株式会社,兵庫県,芦屋市,平田町１番１０号,6590074
9140001130740,株式会社エルミタージュ,兵庫県,芦屋市,岩園町４９番２３号,6590013
9140001130963,株式会社Ｃｉｅｌ,兵庫県,芦屋市,涼風町２０−２５,6590036
9140001131045,株式会社渡辺,兵庫県,芦屋市,西山町１４番１５号,6590083
9140001131227,株式会社ＳＯＮＩＣＬＯＲＥ,兵庫県,芦屋市,呉川町６番２０号,6590051
9140001131821,三幸株式会社,兵庫県,芦屋市,船戸町２番１号ラポルテ西館４０４号,6590093
9140001131920,株式会社サマル,兵庫県,芦屋市,翠ケ丘町４番１９号,6590014
9140001131945,株式会社ＨＧＫ,兵庫県,芦屋市,涼風町１２番１１号,6590036
9140001132332,株式会社竹園ホールディングス,兵庫県,芦屋市,大原町１０番１号,6590092
9140001132514,株式会社ＣＡＳＡ　ＤＯＬＣＥ＆Ｈ,兵庫県,芦屋市,船戸町三丁目２４番１号ＭＴビル２０１,6590093
9140001132571,Ｋ‐Ｉコンサルティング株式会社,兵庫県,芦屋市,公光町４番１７号,6590065
9140001132613,株式会社五月晴レ,兵庫県,芦屋市,大原町１８番１９号,6590092
9140001133090,株式会社サニーメディック,兵庫県,芦屋市,岩園町４６番１４号,6590013
9140001133735,株式会社ユーファクトリー,兵庫県,芦屋市,打出小槌町１０番６号メインステージ芦屋ＯＮＥ―ＢＬＯＣＫ５０２,6590028
9140001133867,株式会社永来権,兵庫県,芦屋市,大桝町７番９号１階,6590066
9140001134790,株式会社ベストラック,兵庫県,芦屋市,月若町８−１３芦屋川商工ビル４階,6590084
9140001135194,ロシュ株式会社,兵庫県,芦屋市,岩園町４番５号,6590013
9140001136093,株式会社オルキデ,兵庫県,芦屋市,翠ケ丘町６番６−２０３号,6590014
9140001136424,株式会社ヒデリオ,兵庫県,芦屋市,浜町８番４−１号,6590025
9140001137166,株式会社ノーブル・トゥルース,兵庫県,芦屋市,岩園町２７番２２号,6590013
9140001137182,株式会社ＦＫＨ,兵庫県,芦屋市,山芦屋町６番２号−２０１号室,6590082
9140001137439,株式会社ＭＭワン,兵庫県,芦屋市,親王塚町３−１６−１０１,6590016
9140001137455,株式会社アイケーユー,兵庫県,芦屋市,大原町８番２−２階Ａ,6590092
9140001137488,株式会社創場パートナーズ,兵庫県,芦屋市,茶屋之町２−２４,6590067
9140001137579,株式会社ダブルエージェンシー,兵庫県,芦屋市,南浜町２番９号,6590037
9140001137661,株式会社ＬＡＩＣＯＲＯ,兵庫県,芦屋市,親王塚町１番７号ＡＩＲＯＳＥ芦屋,6590016
9140001137686,株式会社ｏｔｎｅｋ,兵庫県,芦屋市,伊勢町５番７−１号,6590052
9140001139617,利運株式会社,兵庫県,芦屋市,朝日ケ丘町１２番２１号,6590012
9140001139798,虹海国際貿易株式会社,兵庫県,芦屋市,陽光町８番２０−９０５号,6590034
9140001140062,株式会社Ｍ＆Ｙホールディングス,兵庫県,芦屋市,西芦屋町７番８号,6590085
9140001140087,株式会社リッチワン,兵庫県,芦屋市,岩園町２８番９号,6590013
9140001140112,Ｋ‐ＦＲ株式会社,兵庫県,芦屋市,月若町７番３プラネスーペリア芦屋２０７,6590084
9140001140748,株式会社ａｒｃ,兵庫県,芦屋市,船戸町６−１９−１０５,6590093
9140001140987,株式会社Ｃｌａｎ,兵庫県,芦屋市,春日町１２−４−１０６,6590021
9140001140995,可以株式会社,兵庫県,芦屋市,月若町７番１９号ルナメゾン芦屋４０２号,6590084
9140001141069,株式会社ＡＮ,兵庫県,芦屋市,翠ケ丘町７番７号,6590014
9140001141093,株式会社ｔｅａｍ　ｍｏｒｒｉｓ,兵庫県,芦屋市,三条南町８番１７号,6590086
9140001141291,株式会社Ｃ．Ｅ．Ｉ,兵庫県,芦屋市,岩園町９番３号,6590013
9140001141317,株式会社Ｐａｓｓｉｏｎ,兵庫県,芦屋市,西山町４−８−２０２号,6590083
9140001141440,株式会社アトラホーム,兵庫県,芦屋市,涼風町２７番５号,6590036
9140001142521,株式会社ヴェリティ,兵庫県,芦屋市,川西町３−２４−２０２,6590072
9140002000488,ジャッパラ株式会社,兵庫県,芦屋市,平田町２番７−４１２号,6590074
9140002019207,株式会社シシ,兵庫県,芦屋市,船戸町１２番１号,6590093
9140002059310,森尾青果株式会社,兵庫県,芦屋市,翠ケ丘町１９番２−３０５号,6590014
9140003000867,大阪杉山株式会社,兵庫県,芦屋市,川西町１番１１号,6590072
9140003010429,株式会社Ｔａｋｅ　ｙｏｕｒ　ｍａｒｋｓ,兵庫県,芦屋市,楠町３−１１,6590015
9140003017564,株式会社エリタージュダイヤモンド,兵庫県,芦屋市,船戸町５番２６号,6590093
9140003019569,株式会社ぼんぼん,兵庫県,芦屋市,春日町３番６号春日マンション１０１,6590021
9180001162391,Ｎｓｏｌｅｉｌ株式会社,兵庫県,芦屋市,朝日ケ丘町６番１３−５０６号,6590012
9290001058546,株式会社エリプス,兵庫県,芦屋市,奥池町２８番６号,6590003
